node,m,x,y,xbar,ybar,segment
1,2,3,0,0,0,0
1,25,3,0,0,0,0
1,31,3,0,0,0,0
1,34,3,0,0,0,0
1,53,3,0,1,0,0
1,58,3,0,0,0,0
1,67,3,0,0,0,0
1,73,3,0,2,0,0
1,74,3,0,0,0,0
1,80,3,0,0,0,0
1,88,3,0,0,0,0
1,92,3,0,2,0,0
1,98,3,0,0,0,0
1,105,3,0,2,0,0
1,106,3,0,1,0,0
1,142,3,0,1,0,0
1,154,3,0,0,0,0
1,156,3,0,0,0,0
1,160,3,0,0,0,0
1,187,3,0,0,0,0
1,199,3,0,2,0,0
1,212,3,0,0,0,0
1,224,3,0,0,0,0
1,249,3,0,2,0,0
1,277,3,0,2,0,0
1,298,3,0,2,0,0
1,324,3,0,0,0,0
1,328,3,0,0,0,0
1,363,3,0,0,0,0
1,375,3,0,1,0,0
1,410,3,0,1,0,0
1,411,3,0,0,0,0
1,413,3,0,0,0,0
1,416,3,0,0,0,0
1,434,3,0,0,0,0
1,444,3,0,0,0,0
1,458,3,0,1,0,0
1,460,3,0,0,0,0
1,502,3,0,0,0,0
1,503,3,0,0,0,0
1,509,3,0,0,0,0
1,519,3,0,0,0,0
1,528,3,0,0,0,0
1,529,3,0,2,0,0
1,532,3,0,2,0,0
1,546,3,0,1,0,0
1,549,3,0,1,0,0
1,551,3,0,0,0,0
1,562,3,0,0,0,0
1,620,3,0,2,0,0
1,654,3,0,1,0,0
1,666,3,0,0,0,0
1,681,3,0,0,0,0
1,684,3,0,0,0,0
1,714,3,0,1,0,0
1,734,3,0,0,0,0
1,768,3,0,1,0,0
1,771,3,0,0,0,0
1,780,3,0,2,0,0
1,789,3,0,0,0,0
1,793,3,0,0,0,0
1,820,3,0,0,0,0
1,845,3,0,0,0,0
1,869,3,0,1,0,0
1,922,3,0,1,0,0
1,983,3,0,0,0,0
1,1003,3,0,0,0,0
1,1015,3,0,0,0,0
1,1021,3,0,0,0,0
1,1027,3,0,0,0,0
1,1122,3,0,0,0,0
1,1133,3,0,2,0,0
1,1140,3,0,2,0,0
1,1150,3,0,1,0,0
1,1151,3,0,0,0,0
1,1157,3,0,0,0,0
1,1159,3,0,0,0,0
1,1176,3,0,0,0,0
1,1184,3,0,0,0,0
1,1188,3,0,1,0,0
1,1195,3,0,0,0,0
1,1197,3,0,0,0,0
1,1210,3,0,0,0,0
1,1241,3,0,1,0,0
1,1243,3,0,0,0,0
1,1257,3,0,1,0,0
1,1264,3,0,0,0,0
1,1287,3,0,0,0,0
1,1306,3,0,0,0,0
1,1307,3,0,0,0,0
1,1328,3,0,0,0,0
1,1355,3,0,0,0,0
1,1356,3,0,2,0,0
1,1371,3,0,0,0,0
1,1394,3,0,1,0,0
1,1415,3,0,0,0,0
1,1421,3,0,2,0,0
1,1433,3,0,0,0,0
1,1451,3,0,0,0,0
1,1461,3,0,0,0,0
1,1484,3,0,0,0,0
1,1501,3,0,0,0,0
1,1518,3,0,1,0,0
1,1520,3,0,0,0,0
1,1521,3,0,0,0,0
1,1536,3,0,0,0,0
1,1538,3,0,1,0,0
1,1546,3,0,0,0,0
1,1553,3,0,0,0,0
1,1564,3,0,0,0,0
1,1575,3,0,0,0,0
1,1577,3,0,0,0,0
1,1603,3,0,0,0,0
1,1629,3,0,0,0,0
1,1636,3,0,0,0,0
1,1648,3,0,2,0,0
1,1652,3,0,2,0,0
1,1657,3,0,0,0,0
1,1661,3,0,0,0,0
1,1669,3,0,0,0,0
1,1684,3,0,0,0,0
1,1685,3,0,0,0,0
1,1697,3,0,2,0,0
1,1712,3,0,1,0,0
1,1714,3,0,2,0,0
1,1715,3,0,2,0,0
1,1730,3,0,0,0,0
1,1745,3,0,0,0,0
1,1766,3,0,1,0,0
1,1769,3,0,2,0,0
1,1790,3,0,0,0,0
1,1817,3,0,0,0,0
1,1818,3,0,2,0,0
1,1821,3,0,0,0,0
1,1829,3,0,0,0,0
1,1882,3,0,0,0,0
1,1897,3,0,0,0,0
1,1930,3,0,0,0,0
1,1938,3,0,0,0,0
1,1949,3,0,0,0,0
1,1969,3,0,1,0,0
1,1972,3,0,0,0,0
1,1986,3,0,0,0,0
1,1987,3,0,1,0,0
1,1992,3,0,0,0,0
1,2013,3,0,0,0,0
1,2022,3,0,0,0,0
1,2053,3,0,0,0,0
1,2076,3,0,1,0,0
1,2098,3,0,0,0,0
1,2108,3,0,2,0,0
1,2165,3,0,0,0,0
1,2188,3,0,1,0,0
1,2189,3,0,1,0,0
1,2192,3,0,0,0,0
1,2196,3,0,2,0,0
1,2203,3,0,0,0,0
1,2234,3,0,0,0,0
1,2236,3,0,1,0,0
1,2244,3,0,0,0,0
1,2256,3,0,0,0,0
1,2258,3,0,0,0,0
1,2260,3,0,1,0,0
1,2291,3,0,0,0,0
1,2301,3,0,2,0,0
1,2320,3,0,1,0,0
1,2327,3,0,2,0,0
1,2329,3,0,0,0,0
1,2339,3,0,0,0,0
1,2341,3,0,2,0,0
1,2348,3,0,0,0,0
1,2353,3,0,2,0,0
1,2367,3,0,0,0,0
1,2368,3,0,0,0,0
1,2378,3,0,0,0,0
1,2379,3,0,1,0,0
1,2382,3,0,2,0,0
1,2390,3,0,2,0,0
1,2412,3,0,0,0,0
1,2437,3,0,0,0,0
1,2470,3,0,0,0,0
1,2490,3,0,2,0,0
1,2495,3,0,0,0,0
1,22,1,3,0,0,1
1,38,1,3,0,0,1
1,52,1,3,0,3,1
1,61,1,3,0,0,1
1,76,1,3,0,3,1
1,117,1,3,1,0,1
1,122,1,3,1,0,1
1,131,1,3,1,0,1
1,174,1,3,0,0,1
1,186,1,3,0,0,1
1,192,1,3,0,0,1
1,210,1,3,0,0,1
1,214,1,3,0,3,1
1,222,1,3,0,3,1
1,239,1,3,0,0,1
1,264,1,3,0,0,1
1,270,1,3,0,0,1
1,286,1,3,0,0,1
1,293,1,3,0,0,1
1,303,1,3,0,0,1
1,306,1,3,0,0,1
1,365,1,3,0,0,1
1,385,1,3,1,0,1
1,426,1,3,0,0,1
1,471,1,3,1,0,1
1,514,1,3,0,3,1
1,524,1,3,0,0,1
1,527,1,3,0,1,1
1,537,1,3,0,0,1
1,564,1,3,1,0,1
1,569,1,3,0,0,1
1,593,1,3,1,0,1
1,601,1,3,0,0,1
1,602,1,3,1,0,1
1,628,1,3,1,0,1
1,629,1,3,0,0,1
1,637,1,3,0,3,1
1,656,1,3,0,0,1
1,662,1,3,0,0,1
1,664,1,3,0,0,1
1,712,1,3,0,3,1
1,716,1,3,1,0,1
1,722,1,3,0,0,1
1,755,1,3,1,0,1
1,756,1,3,0,3,1
1,761,1,3,1,0,1
1,800,1,3,0,0,1
1,802,1,3,0,3,1
1,824,1,3,0,3,1
1,825,1,3,0,0,1
1,826,1,3,0,0,1
1,842,1,3,1,0,1
1,851,1,3,0,3,1
1,855,1,3,0,0,1
1,892,1,3,0,0,1
1,893,1,3,0,0,1
1,902,1,3,0,0,1
1,923,1,3,0,1,1
1,929,1,3,0,0,1
1,930,1,3,1,0,1
1,943,1,3,0,0,1
1,968,1,3,0,1,1
1,970,1,3,0,0,1
1,977,1,3,1,0,1
1,987,1,3,0,0,1
1,1004,1,3,1,0,1
1,1014,1,3,0,0,1
1,1050,1,3,0,0,1
1,1070,1,3,1,0,1
1,1088,1,3,0,0,1
1,1115,1,3,0,0,1
1,1123,1,3,0,0,1
1,1124,1,3,0,0,1
1,1136,1,3,1,0,1
1,1143,1,3,0,0,1
1,1163,1,3,0,0,1
1,1168,1,3,0,0,1
1,1196,1,3,0,0,1
1,1203,1,3,0,0,1
1,1207,1,3,0,0,1
1,1233,1,3,0,1,1
1,1320,1,3,0,1,1
1,1324,1,3,1,0,1
1,1351,1,3,1,0,1
1,1366,1,3,0,0,1
1,1367,1,3,0,3,1
1,1369,1,3,0,3,1
1,1410,1,3,0,0,1
1,1417,1,3,0,0,1
1,1426,1,3,0,1,1
1,1428,1,3,0,1,1
1,1429,1,3,0,3,1
1,1434,1,3,1,0,1
1,1435,1,3,0,3,1
1,1450,1,3,0,3,1
1,1452,1,3,0,1,1
1,1475,1,3,1,0,1
1,1482,1,3,1,0,1
1,1494,1,3,1,0,1
1,1510,1,3,0,0,1
1,1517,1,3,1,0,1
1,1523,1,3,0,0,1
1,1569,1,3,0,3,1
1,1595,1,3,1,0,1
1,1602,1,3,1,0,1
1,1606,1,3,0,0,1
1,1609,1,3,0,0,1
1,1612,1,3,0,3,1
1,1659,1,3,0,3,1
1,1664,1,3,0,0,1
1,1680,1,3,1,0,1
1,1692,1,3,1,0,1
1,1704,1,3,1,0,1
1,1731,1,3,0,0,1
1,1734,1,3,0,0,1
1,1741,1,3,0,1,1
1,1752,1,3,0,3,1
1,1762,1,3,0,1,1
1,1768,1,3,0,0,1
1,1794,1,3,0,3,1
1,1809,1,3,1,0,1
1,1812,1,3,0,3,1
1,1827,1,3,0,0,1
1,1836,1,3,0,0,1
1,1862,1,3,0,0,1
1,1871,1,3,0,3,1
1,1890,1,3,0,3,1
1,1893,1,3,0,0,1
1,1896,1,3,0,3,1
1,1923,1,3,1,0,1
1,1974,1,3,0,0,1
1,1980,1,3,1,0,1
1,1989,1,3,0,0,1
1,2017,1,3,0,0,1
1,2038,1,3,1,0,1
1,2045,1,3,1,0,1
1,2070,1,3,0,0,1
1,2077,1,3,0,3,1
1,2078,1,3,0,0,1
1,2086,1,3,0,0,1
1,2088,1,3,1,0,1
1,2109,1,3,0,3,1
1,2118,1,3,0,1,1
1,2141,1,3,0,0,1
1,2170,1,3,0,0,1
1,2172,1,3,1,0,1
1,2184,1,3,0,0,1
1,2199,1,3,0,0,1
1,2202,1,3,0,0,1
1,2220,1,3,1,0,1
1,2226,1,3,0,0,1
1,2261,1,3,1,0,1
1,2269,1,3,0,0,1
1,2276,1,3,0,3,1
1,2280,1,3,0,0,1
1,2297,1,3,0,0,1
1,2313,1,3,0,0,1
1,2315,1,3,1,0,1
1,2336,1,3,0,0,1
1,2343,1,3,0,0,1
1,2408,1,3,0,3,1
1,2428,1,3,0,0,1
1,2442,1,3,1,0,1
1,2446,1,3,0,0,1
1,2468,1,3,0,0,1
1,2491,1,3,1,0,1
1,2498,1,3,0,3,1
1,6,1,1,0,0,2
1,9,1,1,0,0,2
1,18,1,1,0,0,2
1,124,1,1,0,0,2
1,132,1,1,0,0,2
1,143,1,1,1,0,2
1,206,1,1,0,0,2
1,216,1,1,0,0,2
1,223,1,1,1,0,2
1,231,1,1,1,0,2
1,238,1,1,0,0,2
1,288,1,1,0,0,2
1,292,1,1,0,1,2
1,333,1,1,0,0,2
1,342,1,1,0,0,2
1,372,1,1,1,0,2
1,379,1,1,0,0,2
1,390,1,1,1,0,2
1,392,1,1,1,0,2
1,398,1,1,1,0,2
1,408,1,1,0,0,2
1,432,1,1,0,0,2
1,449,1,1,1,0,2
1,452,1,1,0,0,2
1,464,1,1,0,1,2
1,468,1,1,0,0,2
1,472,1,1,1,0,2
1,482,1,1,0,0,2
1,483,1,1,0,1,2
1,515,1,1,0,1,2
1,542,1,1,0,0,2
1,576,1,1,0,0,2
1,579,1,1,0,0,2
1,585,1,1,1,0,2
1,589,1,1,1,0,2
1,635,1,1,1,0,2
1,682,1,1,1,0,2
1,695,1,1,0,0,2
1,696,1,1,0,1,2
1,697,1,1,0,0,2
1,701,1,1,0,1,2
1,703,1,1,0,0,2
1,735,1,1,0,0,2
1,738,1,1,0,0,2
1,759,1,1,0,0,2
1,781,1,1,0,0,2
1,784,1,1,1,0,2
1,801,1,1,0,0,2
1,815,1,1,0,0,2
1,861,1,1,1,0,2
1,867,1,1,0,0,2
1,873,1,1,0,0,2
1,876,1,1,0,0,2
1,910,1,1,1,0,2
1,941,1,1,0,1,2
1,971,1,1,1,0,2
1,986,1,1,0,1,2
1,990,1,1,0,1,2
1,992,1,1,0,0,2
1,1054,1,1,0,1,2
1,1061,1,1,0,0,2
1,1090,1,1,0,0,2
1,1093,1,1,0,0,2
1,1170,1,1,0,0,2
1,1181,1,1,1,0,2
1,1206,1,1,0,1,2
1,1214,1,1,1,0,2
1,1215,1,1,0,1,2
1,1216,1,1,0,0,2
1,1224,1,1,0,1,2
1,1229,1,1,1,0,2
1,1246,1,1,0,0,2
1,1254,1,1,1,0,2
1,1288,1,1,0,1,2
1,1295,1,1,0,0,2
1,1319,1,1,0,0,2
1,1375,1,1,0,1,2
1,1380,1,1,0,0,2
1,1383,1,1,0,0,2
1,1391,1,1,0,0,2
1,1393,1,1,0,0,2
1,1398,1,1,0,0,2
1,1402,1,1,0,0,2
1,1436,1,1,1,0,2
1,1447,1,1,0,1,2
1,1458,1,1,1,0,2
1,1472,1,1,1,0,2
1,1486,1,1,1,0,2
1,1532,1,1,0,0,2
1,1535,1,1,0,0,2
1,1551,1,1,1,0,2
1,1580,1,1,0,0,2
1,1601,1,1,0,0,2
1,1621,1,1,0,1,2
1,1646,1,1,0,1,2
1,1654,1,1,0,1,2
1,1675,1,1,0,0,2
1,1681,1,1,0,1,2
1,1691,1,1,0,0,2
1,1696,1,1,0,0,2
1,1705,1,1,1,0,2
1,1729,1,1,1,0,2
1,1732,1,1,1,0,2
1,1831,1,1,0,0,2
1,1835,1,1,1,0,2
1,1846,1,1,0,0,2
1,1853,1,1,0,1,2
1,1865,1,1,0,1,2
1,1884,1,1,0,1,2
1,1891,1,1,1,0,2
1,1901,1,1,0,1,2
1,1903,1,1,1,0,2
1,1906,1,1,0,1,2
1,1911,1,1,0,1,2
1,1932,1,1,0,0,2
1,1951,1,1,0,0,2
1,2023,1,1,0,0,2
1,2041,1,1,0,0,2
1,2044,1,1,0,0,2
1,2059,1,1,0,0,2
1,2079,1,1,0,1,2
1,2099,1,1,0,0,2
1,2104,1,1,0,0,2
1,2110,1,1,0,0,2
1,2124,1,1,0,0,2
1,2135,1,1,0,0,2
1,2152,1,1,0,1,2
1,2155,1,1,0,0,2
1,2174,1,1,0,0,2
1,2180,1,1,0,0,2
1,2195,1,1,0,1,2
1,2225,1,1,0,0,2
1,2281,1,1,1,0,2
1,2305,1,1,0,0,2
1,2394,1,1,0,0,2
1,2397,1,1,0,0,2
1,2414,1,1,0,0,2
1,2441,1,1,0,1,2
1,2453,1,1,0,1,2
1,2461,1,1,0,0,2
1,2467,1,1,0,0,2
1,2478,1,1,1,0,2
1,2484,1,1,0,1,2
1,49,3,2,0,0,3
1,86,3,2,3,0,3
1,95,3,2,0,0,3
1,102,3,2,0,0,3
1,103,3,2,0,0,3
1,108,3,2,0,2,3
1,141,3,2,3,0,3
1,193,3,2,0,0,3
1,230,3,2,0,0,3
1,240,3,2,0,2,3
1,254,3,2,0,0,3
1,258,3,2,0,0,3
1,272,3,2,0,0,3
1,295,3,2,0,2,3
1,327,3,2,0,0,3
1,338,3,2,3,0,3
1,340,3,2,1,0,3
1,361,3,2,1,0,3
1,377,3,2,3,0,3
1,381,3,2,0,0,3
1,407,3,2,0,2,3
1,412,3,2,3,0,3
1,456,3,2,0,0,3
1,494,3,2,0,0,3
1,501,3,2,0,1,3
1,508,3,2,0,0,3
1,534,3,2,0,0,3
1,540,3,2,1,0,3
1,577,3,2,0,2,3
1,578,3,2,0,0,3
1,590,3,2,1,0,3
1,595,3,2,0,2,3
1,597,3,2,0,1,3
1,599,3,2,0,2,3
1,606,3,2,0,1,3
1,611,3,2,0,0,3
1,627,3,2,0,0,3
1,648,3,2,0,1,3
1,670,3,2,1,0,3
1,678,3,2,0,1,3
1,717,3,2,0,0,3
1,718,3,2,0,0,3
1,747,3,2,0,0,3
1,752,3,2,0,0,3
1,776,3,2,0,0,3
1,805,3,2,1,0,3
1,829,3,2,0,0,3
1,853,3,2,0,1,3
1,871,3,2,1,0,3
1,900,3,2,0,0,3
1,963,3,2,3,0,3
1,969,3,2,0,2,3
1,1029,3,2,1,0,3
1,1042,3,2,0,0,3
1,1047,3,2,0,0,3
1,1068,3,2,0,1,3
1,1079,3,2,1,0,3
1,1100,3,2,0,1,3
1,1106,3,2,0,0,3
1,1134,3,2,3,0,3
1,1145,3,2,1,0,3
1,1182,3,2,0,1,3
1,1219,3,2,0,0,3
1,1261,3,2,0,0,3
1,1263,3,2,0,0,3
1,1282,3,2,0,1,3
1,1317,3,2,0,0,3
1,1341,3,2,3,0,3
1,1425,3,2,0,2,3
1,1446,3,2,0,0,3
1,1448,3,2,0,2,3
1,1456,3,2,0,0,3
1,1457,3,2,0,0,3
1,1498,3,2,0,0,3
1,1504,3,2,3,0,3
1,1509,3,2,3,0,3
1,1515,3,2,0,0,3
1,1526,3,2,0,0,3
1,1529,3,2,0,0,3
1,1573,3,2,0,1,3
1,1582,3,2,3,0,3
1,1587,3,2,0,0,3
1,1616,3,2,0,0,3
1,1640,3,2,3,0,3
1,1642,3,2,0,1,3
1,1651,3,2,0,1,3
1,1698,3,2,3,0,3
1,1749,3,2,0,0,3
1,1807,3,2,0,2,3
1,1825,3,2,3,0,3
1,1833,3,2,0,0,3
1,1840,3,2,0,2,3
1,1843,3,2,3,0,3
1,1847,3,2,0,0,3
1,1856,3,2,0,0,3
1,1861,3,2,3,0,3
1,1869,3,2,0,0,3
1,1875,3,2,0,0,3
1,1880,3,2,1,0,3
1,1899,3,2,0,0,3
1,1913,3,2,0,0,3
1,1952,3,2,0,0,3
1,2040,3,2,0,0,3
1,2052,3,2,1,0,3
1,2056,3,2,0,0,3
1,2065,3,2,3,0,3
1,2069,3,2,0,0,3
1,2101,3,2,1,0,3
1,2113,3,2,0,0,3
1,2126,3,2,0,2,3
1,2134,3,2,0,1,3
1,2175,3,2,1,0,3
1,2179,3,2,0,1,3
1,2207,3,2,0,2,3
1,2208,3,2,0,0,3
1,2238,3,2,1,0,3
1,2251,3,2,0,0,3
1,2282,3,2,0,2,3
1,2287,3,2,0,0,3
1,2295,3,2,0,0,3
1,2335,3,2,0,0,3
1,2344,3,2,0,0,3
1,2361,3,2,3,0,3
1,2388,3,2,0,0,3
1,2409,3,2,0,0,3
1,2420,3,2,0,0,3
1,2448,3,2,0,0,3
1,2466,3,2,0,2,3
1,48,1,1,0,0,4
1,81,1,1,0,0,4
1,85,1,1,1,0,4
1,121,1,1,0,0,4
1,135,1,1,0,1,4
1,161,1,1,0,0,4
1,180,1,1,0,0,4
1,182,1,1,0,0,4
1,194,1,1,0,0,4
1,227,1,1,0,0,4
1,233,1,1,0,1,4
1,235,1,1,0,1,4
1,244,1,1,0,0,4
1,268,1,1,0,0,4
1,284,1,1,1,0,4
1,312,1,1,0,0,4
1,317,1,1,1,0,4
1,332,1,1,0,0,4
1,352,1,1,0,0,4
1,354,1,1,0,0,4
1,364,1,1,0,0,4
1,378,1,1,1,0,4
1,425,1,1,0,0,4
1,480,1,1,0,0,4
1,481,1,1,0,1,4
1,491,1,1,0,1,4
1,535,1,1,0,0,4
1,563,1,1,0,0,4
1,565,1,1,0,0,4
1,582,1,1,1,0,4
1,650,1,1,0,0,4
1,657,1,1,1,0,4
1,661,1,1,1,0,4
1,739,1,1,1,0,4
1,750,1,1,0,1,4
1,778,1,1,0,0,4
1,794,1,1,1,0,4
1,798,1,1,0,1,4
1,810,1,1,0,1,4
1,840,1,1,1,0,4
1,854,1,1,1,0,4
1,909,1,1,1,0,4
1,958,1,1,0,0,4
1,980,1,1,1,0,4
1,1001,1,1,0,1,4
1,1039,1,1,0,0,4
1,1057,1,1,0,0,4
1,1065,1,1,1,0,4
1,1089,1,1,0,0,4
1,1113,1,1,0,0,4
1,1116,1,1,1,0,4
1,1137,1,1,1,0,4
1,1149,1,1,1,0,4
1,1164,1,1,0,1,4
1,1187,1,1,0,0,4
1,1202,1,1,0,1,4
1,1212,1,1,0,0,4
1,1244,1,1,0,1,4
1,1262,1,1,0,0,4
1,1274,1,1,0,0,4
1,1292,1,1,0,1,4
1,1299,1,1,0,0,4
1,1463,1,1,0,0,4
1,1476,1,1,0,0,4
1,1478,1,1,1,0,4
1,1479,1,1,0,0,4
1,1488,1,1,1,0,4
1,1511,1,1,1,0,4
1,1530,1,1,0,1,4
1,1558,1,1,0,1,4
1,1560,1,1,1,0,4
1,1571,1,1,1,0,4
1,1593,1,1,0,1,4
1,1600,1,1,0,1,4
1,1614,1,1,1,0,4
1,1628,1,1,1,0,4
1,1655,1,1,0,0,4
1,1703,1,1,0,1,4
1,1709,1,1,1,0,4
1,1737,1,1,1,0,4
1,1755,1,1,0,0,4
1,1761,1,1,0,1,4
1,1798,1,1,0,1,4
1,1801,1,1,0,0,4
1,1854,1,1,0,0,4
1,1859,1,1,1,0,4
1,1947,1,1,0,0,4
1,1985,1,1,0,0,4
1,1999,1,1,0,0,4
1,2004,1,1,0,1,4
1,2006,1,1,0,1,4
1,2042,1,1,1,0,4
1,2063,1,1,0,0,4
1,2111,1,1,0,0,4
1,2148,1,1,0,1,4
1,2205,1,1,0,1,4
1,2257,1,1,1,0,4
1,2304,1,1,0,0,4
1,2316,1,1,1,0,4
1,2346,1,1,1,0,4
1,2350,1,1,0,1,4
1,2356,1,1,1,0,4
1,2358,1,1,0,0,4
1,2359,1,1,1,0,4
1,2373,1,1,0,0,4
1,2416,1,1,1,0,4
1,2473,1,1,1,0,4
1,2474,1,1,0,1,4
1,2487,1,1,0,1,4
1,14,3,2,0,0,5
1,23,3,2,0,2,5
1,82,3,2,0,2,5
1,111,3,2,0,2,5
1,136,3,2,0,0,5
1,137,3,2,0,0,5
1,164,3,2,3,0,5
1,167,3,2,0,1,5
1,177,3,2,0,0,5
1,185,3,2,3,0,5
1,190,3,2,0,2,5
1,204,3,2,0,0,5
1,205,3,2,0,0,5
1,211,3,2,0,0,5
1,221,3,2,0,1,5
1,274,3,2,3,0,5
1,275,3,2,0,0,5
1,278,3,2,0,0,5
1,281,3,2,3,0,5
1,330,3,2,0,0,5
1,346,3,2,3,0,5
1,359,3,2,0,0,5
1,362,3,2,0,0,5
1,367,3,2,0,1,5
1,371,3,2,0,0,5
1,384,3,2,0,1,5
1,394,3,2,0,1,5
1,415,3,2,0,0,5
1,420,3,2,0,2,5
1,422,3,2,0,1,5
1,436,3,2,3,0,5
1,445,3,2,0,0,5
1,448,3,2,0,0,5
1,466,3,2,0,2,5
1,469,3,2,0,0,5
1,479,3,2,1,0,5
1,488,3,2,0,1,5
1,496,3,2,0,2,5
1,512,3,2,0,0,5
1,517,3,2,0,2,5
1,526,3,2,0,1,5
1,547,3,2,0,0,5
1,617,3,2,1,0,5
1,618,3,2,3,0,5
1,638,3,2,0,2,5
1,644,3,2,3,0,5
1,646,3,2,0,0,5
1,680,3,2,0,0,5
1,685,3,2,3,0,5
1,698,3,2,0,0,5
1,700,3,2,0,2,5
1,715,3,2,0,0,5
1,736,3,2,0,0,5
1,751,3,2,3,0,5
1,792,3,2,0,1,5
1,799,3,2,0,0,5
1,803,3,2,0,2,5
1,819,3,2,0,0,5
1,823,3,2,3,0,5
1,866,3,2,0,2,5
1,875,3,2,0,1,5
1,884,3,2,0,0,5
1,889,3,2,0,1,5
1,895,3,2,0,1,5
1,911,3,2,0,2,5
1,913,3,2,0,0,5
1,915,3,2,3,0,5
1,940,3,2,0,1,5
1,947,3,2,0,0,5
1,953,3,2,0,2,5
1,956,3,2,0,0,5
1,961,3,2,0,2,5
1,995,3,2,3,0,5
1,996,3,2,0,0,5
1,999,3,2,0,2,5
1,1002,3,2,0,0,5
1,1005,3,2,0,2,5
1,1010,3,2,0,0,5
1,1016,3,2,0,0,5
1,1019,3,2,0,2,5
1,1028,3,2,0,0,5
1,1040,3,2,0,0,5
1,1060,3,2,0,0,5
1,1083,3,2,0,0,5
1,1086,3,2,0,0,5
1,1129,3,2,1,0,5
1,1162,3,2,0,0,5
1,1171,3,2,0,0,5
1,1205,3,2,0,2,5
1,1225,3,2,0,0,5
1,1294,3,2,0,0,5
1,1344,3,2,0,0,5
1,1352,3,2,0,0,5
1,1440,3,2,0,1,5
1,1491,3,2,1,0,5
1,1495,3,2,0,2,5
1,1542,3,2,1,0,5
1,1550,3,2,0,0,5
1,1568,3,2,3,0,5
1,1578,3,2,0,2,5
1,1586,3,2,0,2,5
1,1589,3,2,0,2,5
1,1591,3,2,0,2,5
1,1596,3,2,0,1,5
1,1615,3,2,0,0,5
1,1617,3,2,0,0,5
1,1634,3,2,0,0,5
1,1635,3,2,0,2,5
1,1650,3,2,3,0,5
1,1658,3,2,0,0,5
1,1667,3,2,0,0,5
1,1670,3,2,0,0,5
1,1742,3,2,3,0,5
1,1744,3,2,0,1,5
1,1765,3,2,0,0,5
1,1770,3,2,0,1,5
1,1785,3,2,0,1,5
1,1788,3,2,0,1,5
1,1814,3,2,3,0,5
1,1820,3,2,0,0,5
1,1822,3,2,0,2,5
1,1857,3,2,0,2,5
1,1864,3,2,1,0,5
1,1905,3,2,0,1,5
1,1936,3,2,3,0,5
1,1939,3,2,0,2,5
1,1943,3,2,3,0,5
1,1953,3,2,0,0,5
1,1956,3,2,0,0,5
1,1963,3,2,0,0,5
1,1984,3,2,1,0,5
1,1988,3,2,0,2,5
1,2002,3,2,0,2,5
1,2005,3,2,0,0,5
1,2014,3,2,0,0,5
1,2027,3,2,0,0,5
1,2033,3,2,0,2,5
1,2073,3,2,0,0,5
1,2091,3,2,0,0,5
1,2094,3,2,1,0,5
1,2095,3,2,1,0,5
1,2100,3,2,0,0,5
1,2103,3,2,0,2,5
1,2122,3,2,0,1,5
1,2130,3,2,1,0,5
1,2143,3,2,0,0,5
1,2144,3,2,3,0,5
1,2147,3,2,0,1,5
1,2171,3,2,3,0,5
1,2176,3,2,0,0,5
1,2190,3,2,0,0,5
1,2198,3,2,3,0,5
1,2211,3,2,0,0,5
1,2215,3,2,1,0,5
1,2217,3,2,1,0,5
1,2235,3,2,3,0,5
1,2283,3,2,0,0,5
1,2294,3,2,0,2,5
1,2298,3,2,1,0,5
1,2299,3,2,0,0,5
1,2321,3,2,0,2,5
1,2332,3,2,0,1,5
1,2345,3,2,0,0,5
1,2376,3,2,0,0,5
1,2391,3,2,1,0,5
1,2395,3,2,3,0,5
1,2402,3,2,3,0,5
1,2405,3,2,3,0,5
1,2436,3,2,0,0,5
1,2469,3,2,0,0,5
1,2488,3,2,0,2,5
1,32,1,1,0,0,6
1,54,1,1,1,0,6
1,84,1,1,0,1,6
1,100,1,1,0,0,6
1,138,1,1,1,0,6
1,146,1,1,0,0,6
1,163,1,1,0,0,6
1,172,1,1,0,0,6
1,243,1,1,0,0,6
1,246,1,1,0,0,6
1,262,1,1,0,0,6
1,269,1,1,0,0,6
1,283,1,1,0,1,6
1,287,1,1,0,0,6
1,294,1,1,0,1,6
1,318,1,1,1,0,6
1,349,1,1,0,1,6
1,369,1,1,0,1,6
1,401,1,1,0,1,6
1,439,1,1,1,0,6
1,453,1,1,0,0,6
1,465,1,1,0,0,6
1,470,1,1,0,1,6
1,475,1,1,0,1,6
1,536,1,1,0,1,6
1,552,1,1,0,0,6
1,575,1,1,0,0,6
1,647,1,1,0,0,6
1,720,1,1,1,0,6
1,737,1,1,1,0,6
1,762,1,1,1,0,6
1,767,1,1,0,0,6
1,783,1,1,0,0,6
1,790,1,1,0,0,6
1,796,1,1,0,1,6
1,806,1,1,1,0,6
1,816,1,1,0,0,6
1,838,1,1,0,0,6
1,848,1,1,0,0,6
1,850,1,1,1,0,6
1,857,1,1,1,0,6
1,862,1,1,0,0,6
1,865,1,1,0,0,6
1,879,1,1,0,1,6
1,894,1,1,0,0,6
1,928,1,1,1,0,6
1,954,1,1,0,0,6
1,984,1,1,0,0,6
1,991,1,1,0,0,6
1,993,1,1,0,0,6
1,1035,1,1,0,0,6
1,1038,1,1,0,0,6
1,1046,1,1,0,1,6
1,1058,1,1,0,0,6
1,1059,1,1,0,0,6
1,1063,1,1,0,1,6
1,1064,1,1,1,0,6
1,1078,1,1,0,1,6
1,1094,1,1,0,0,6
1,1095,1,1,0,0,6
1,1102,1,1,0,1,6
1,1175,1,1,0,0,6
1,1183,1,1,0,0,6
1,1204,1,1,0,0,6
1,1213,1,1,0,1,6
1,1220,1,1,0,0,6
1,1234,1,1,1,0,6
1,1239,1,1,0,0,6
1,1256,1,1,0,0,6
1,1260,1,1,0,0,6
1,1271,1,1,1,0,6
1,1312,1,1,1,0,6
1,1315,1,1,0,0,6
1,1325,1,1,0,0,6
1,1332,1,1,0,0,6
1,1368,1,1,0,0,6
1,1374,1,1,0,0,6
1,1376,1,1,1,0,6
1,1400,1,1,1,0,6
1,1408,1,1,0,1,6
1,1413,1,1,0,0,6
1,1442,1,1,1,0,6
1,1454,1,1,1,0,6
1,1503,1,1,0,1,6
1,1524,1,1,1,0,6
1,1547,1,1,0,0,6
1,1559,1,1,1,0,6
1,1570,1,1,0,1,6
1,1626,1,1,1,0,6
1,1633,1,1,0,0,6
1,1637,1,1,0,1,6
1,1665,1,1,1,0,6
1,1671,1,1,0,0,6
1,1679,1,1,0,1,6
1,1694,1,1,0,0,6
1,1721,1,1,1,0,6
1,1725,1,1,0,0,6
1,1733,1,1,0,1,6
1,1736,1,1,0,0,6
1,1748,1,1,0,0,6
1,1763,1,1,0,0,6
1,1771,1,1,0,0,6
1,1791,1,1,0,0,6
1,1819,1,1,0,0,6
1,1866,1,1,0,1,6
1,1881,1,1,0,1,6
1,1895,1,1,0,1,6
1,1919,1,1,0,1,6
1,1934,1,1,0,0,6
1,1960,1,1,0,1,6
1,2021,1,1,0,1,6
1,2048,1,1,0,1,6
1,2062,1,1,1,0,6
1,2097,1,1,0,0,6
1,2158,1,1,1,0,6
1,2178,1,1,1,0,6
1,2191,1,1,0,1,6
1,2193,1,1,0,1,6
1,2223,1,1,1,0,6
1,2229,1,1,0,0,6
1,2243,1,1,0,0,6
1,2247,1,1,0,0,6
1,2267,1,1,0,0,6
1,2268,1,1,0,1,6
1,2270,1,1,1,0,6
1,2274,1,1,0,0,6
1,2288,1,1,0,0,6
1,2290,1,1,1,0,6
1,2312,1,1,0,1,6
1,2410,1,1,0,0,6
1,2432,1,1,0,0,6
1,2435,1,1,0,0,6
1,2451,1,1,0,0,6
1,2459,1,1,0,0,6
1,7,2,0,0,0,7
1,35,2,0,0,0,7
1,41,2,0,0,0,7
1,62,2,0,2,0,7
1,65,2,0,0,0,7
1,69,2,0,0,0,7
1,97,2,0,0,0,7
1,101,2,0,0,0,7
1,110,2,0,0,0,7
1,113,2,0,0,0,7
1,115,2,0,0,0,7
1,128,2,0,0,0,7
1,134,2,0,2,0,7
1,169,2,0,0,0,7
1,171,2,0,0,0,7
1,176,2,0,2,0,7
1,198,2,0,0,0,7
1,207,2,0,0,0,7
1,226,2,0,0,0,7
1,228,2,0,0,0,7
1,232,2,0,0,0,7
1,251,2,0,0,0,7
1,267,2,0,0,0,7
1,271,2,0,0,0,7
1,315,2,0,0,0,7
1,321,2,0,0,0,7
1,358,2,0,0,0,7
1,393,2,0,0,0,7
1,419,2,0,0,0,7
1,423,2,0,0,0,7
1,441,2,0,0,0,7
1,473,2,0,1,0,7
1,487,2,0,2,0,7
1,504,2,0,0,0,7
1,525,2,0,0,0,7
1,570,2,0,0,0,7
1,587,2,0,2,0,7
1,588,2,0,0,0,7
1,598,2,0,0,0,7
1,607,2,0,0,0,7
1,613,2,0,0,0,7
1,630,2,0,0,0,7
1,669,2,0,1,0,7
1,675,2,0,0,0,7
1,676,2,0,2,0,7
1,721,2,0,0,0,7
1,730,2,0,0,0,7
1,763,2,0,0,0,7
1,769,2,0,0,0,7
1,782,2,0,0,0,7
1,804,2,0,1,0,7
1,807,2,0,0,0,7
1,844,2,0,0,0,7
1,847,2,0,2,0,7
1,877,2,0,0,0,7
1,882,2,0,0,0,7
1,899,2,0,0,0,7
1,901,2,0,0,0,7
1,903,2,0,0,0,7
1,906,2,0,0,0,7
1,917,2,0,2,0,7
1,918,2,0,1,0,7
1,919,2,0,0,0,7
1,973,2,0,0,0,7
1,1055,2,0,1,0,7
1,1084,2,0,1,0,7
1,1085,2,0,0,0,7
1,1097,2,0,0,0,7
1,1105,2,0,0,0,7
1,1112,2,0,0,0,7
1,1125,2,0,2,0,7
1,1173,2,0,0,0,7
1,1231,2,0,0,0,7
1,1258,2,0,1,0,7
1,1293,2,0,0,0,7
1,1314,2,0,0,0,7
1,1331,2,0,1,0,7
1,1358,2,0,0,0,7
1,1370,2,0,0,0,7
1,1381,2,0,2,0,7
1,1390,2,0,2,0,7
1,1397,2,0,0,0,7
1,1422,2,0,0,0,7
1,1424,2,0,1,0,7
1,1465,2,0,0,0,7
1,1466,2,0,0,0,7
1,1470,2,0,0,0,7
1,1489,2,0,2,0,7
1,1492,2,0,0,0,7
1,1505,2,0,2,0,7
1,1514,2,0,0,0,7
1,1544,2,0,0,0,7
1,1576,2,0,0,0,7
1,1579,2,0,0,0,7
1,1590,2,0,1,0,7
1,1630,2,0,2,0,7
1,1638,2,0,0,0,7
1,1663,2,0,0,0,7
1,1673,2,0,0,0,7
1,1700,2,0,1,0,7
1,1711,2,0,0,0,7
1,1723,2,0,0,0,7
1,1743,2,0,1,0,7
1,1758,2,0,1,0,7
1,1759,2,0,1,0,7
1,1777,2,0,2,0,7
1,1781,2,0,0,0,7
1,1782,2,0,0,0,7
1,1800,2,0,2,0,7
1,1810,2,0,0,0,7
1,1848,2,0,2,0,7
1,1870,2,0,1,0,7
1,1873,2,0,0,0,7
1,1883,2,0,1,0,7
1,1885,2,0,1,0,7
1,1886,2,0,0,0,7
1,1910,2,0,0,0,7
1,1944,2,0,0,0,7
1,1965,2,0,0,0,7
1,1968,2,0,1,0,7
1,1975,2,0,1,0,7
1,1977,2,0,0,0,7
1,2034,2,0,0,0,7
1,2036,2,0,0,0,7
1,2037,2,0,0,0,7
1,2055,2,0,0,0,7
1,2067,2,0,1,0,7
1,2068,2,0,0,0,7
1,2096,2,0,2,0,7
1,2115,2,0,0,0,7
1,2127,2,0,0,0,7
1,2129,2,0,1,0,7
1,2131,2,0,0,0,7
1,2146,2,0,0,0,7
1,2151,2,0,0,0,7
1,2154,2,0,1,0,7
1,2163,2,0,0,0,7
1,2186,2,0,0,0,7
1,2214,2,0,0,0,7
1,2216,2,0,0,0,7
1,2241,2,0,0,0,7
1,2254,2,0,0,0,7
1,2279,2,0,0,0,7
1,2284,2,0,1,0,7
1,2307,2,0,0,0,7
1,2308,2,0,0,0,7
1,2325,2,0,0,0,7
1,2363,2,0,0,0,7
1,2369,2,0,2,0,7
1,2370,2,0,0,0,7
1,2375,2,0,0,0,7
1,2380,2,0,0,0,7
1,2396,2,0,1,0,7
1,2404,2,0,0,0,7
1,2421,2,0,1,0,7
1,2429,2,0,0,0,7
1,2455,2,0,2,0,7
1,2456,2,0,2,0,7
1,2457,2,0,2,0,7
1,2463,2,0,0,0,7
1,2464,2,0,1,0,7
1,2472,2,0,0,0,7
1,2481,2,0,1,0,7
1,2493,2,0,0,0,7
1,10,1,1,0,1,8
1,11,1,1,0,1,8
1,17,1,1,0,0,8
1,29,1,1,0,1,8
1,55,1,1,0,0,8
1,77,1,1,0,1,8
1,158,1,1,1,0,8
1,188,1,1,0,0,8
1,208,1,1,0,0,8
1,255,1,1,1,0,8
1,313,1,1,0,0,8
1,329,1,1,0,0,8
1,351,1,1,0,0,8
1,417,1,1,1,0,8
1,424,1,1,0,0,8
1,430,1,1,0,0,8
1,446,1,1,0,1,8
1,450,1,1,0,1,8
1,484,1,1,0,1,8
1,485,1,1,0,1,8
1,490,1,1,1,0,8
1,507,1,1,0,0,8
1,511,1,1,0,1,8
1,520,1,1,1,0,8
1,556,1,1,0,0,8
1,568,1,1,0,0,8
1,572,1,1,0,1,8
1,591,1,1,1,0,8
1,612,1,1,0,0,8
1,614,1,1,0,1,8
1,615,1,1,0,0,8
1,645,1,1,1,0,8
1,653,1,1,0,0,8
1,663,1,1,0,0,8
1,673,1,1,1,0,8
1,686,1,1,1,0,8
1,707,1,1,0,0,8
1,711,1,1,0,1,8
1,726,1,1,0,0,8
1,732,1,1,0,0,8
1,741,1,1,0,1,8
1,765,1,1,0,0,8
1,797,1,1,1,0,8
1,814,1,1,0,0,8
1,818,1,1,0,1,8
1,835,1,1,0,0,8
1,843,1,1,0,0,8
1,872,1,1,0,1,8
1,874,1,1,0,1,8
1,878,1,1,0,1,8
1,890,1,1,1,0,8
1,924,1,1,0,1,8
1,926,1,1,0,0,8
1,945,1,1,1,0,8
1,952,1,1,0,1,8
1,1067,1,1,1,0,8
1,1109,1,1,1,0,8
1,1114,1,1,1,0,8
1,1127,1,1,1,0,8
1,1156,1,1,1,0,8
1,1158,1,1,0,0,8
1,1167,1,1,0,0,8
1,1172,1,1,1,0,8
1,1218,1,1,0,0,8
1,1255,1,1,1,0,8
1,1265,1,1,0,1,8
1,1269,1,1,1,0,8
1,1284,1,1,0,0,8
1,1321,1,1,0,1,8
1,1335,1,1,0,0,8
1,1336,1,1,1,0,8
1,1339,1,1,1,0,8
1,1350,1,1,0,0,8
1,1362,1,1,0,0,8
1,1392,1,1,0,0,8
1,1396,1,1,0,0,8
1,1403,1,1,0,0,8
1,1414,1,1,1,0,8
1,1444,1,1,0,0,8
1,1460,1,1,0,0,8
1,1481,1,1,0,0,8
1,1533,1,1,1,0,8
1,1534,1,1,0,0,8
1,1537,1,1,0,0,8
1,1543,1,1,0,0,8
1,1565,1,1,1,0,8
1,1727,1,1,0,1,8
1,1747,1,1,0,0,8
1,1767,1,1,0,0,8
1,1773,1,1,0,0,8
1,1775,1,1,0,0,8
1,1787,1,1,1,0,8
1,1797,1,1,0,0,8
1,1842,1,1,1,0,8
1,1877,1,1,0,1,8
1,1914,1,1,1,0,8
1,1941,1,1,0,0,8
1,1955,1,1,1,0,8
1,1957,1,1,1,0,8
1,1994,1,1,1,0,8
1,2008,1,1,1,0,8
1,2028,1,1,0,0,8
1,2030,1,1,0,1,8
1,2039,1,1,0,1,8
1,2043,1,1,0,0,8
1,2066,1,1,0,0,8
1,2071,1,1,0,0,8
1,2074,1,1,1,0,8
1,2084,1,1,0,1,8
1,2090,1,1,0,0,8
1,2121,1,1,0,0,8
1,2173,1,1,0,1,8
1,2200,1,1,0,0,8
1,2227,1,1,0,0,8
1,2250,1,1,0,0,8
1,2285,1,1,1,0,8
1,2322,1,1,1,0,8
1,2330,1,1,0,0,8
1,2374,1,1,0,1,8
1,2384,1,1,0,0,8
1,2386,1,1,1,0,8
1,2399,1,1,0,1,8
1,2427,1,1,0,1,8
1,2440,1,1,0,1,8
1,1,3,1,0,1,9
1,13,3,1,3,0,9
1,47,3,1,3,0,9
1,50,3,1,0,0,9
1,78,3,1,0,1,9
1,107,3,1,1,0,9
1,109,3,1,0,0,9
1,114,3,1,0,0,9
1,139,3,1,1,0,9
1,148,3,1,0,0,9
1,153,3,1,3,0,9
1,166,3,1,0,1,9
1,175,3,1,0,0,9
1,197,3,1,3,0,9
1,203,3,1,0,1,9
1,250,3,1,0,0,9
1,265,3,1,0,0,9
1,299,3,1,0,0,9
1,341,3,1,0,1,9
1,380,3,1,1,0,9
1,391,3,1,0,0,9
1,406,3,1,0,0,9
1,428,3,1,0,0,9
1,437,3,1,3,0,9
1,440,3,1,0,0,9
1,454,3,1,3,0,9
1,461,3,1,0,0,9
1,476,3,1,0,0,9
1,477,3,1,0,0,9
1,492,3,1,0,0,9
1,545,3,1,0,1,9
1,548,3,1,0,0,9
1,553,3,1,0,1,9
1,567,3,1,1,0,9
1,626,3,1,0,1,9
1,652,3,1,3,0,9
1,693,3,1,0,1,9
1,705,3,1,0,0,9
1,706,3,1,0,0,9
1,709,3,1,0,1,9
1,725,3,1,0,0,9
1,729,3,1,0,0,9
1,733,3,1,0,0,9
1,787,3,1,0,0,9
1,791,3,1,0,0,9
1,817,3,1,0,0,9
1,831,3,1,0,1,9
1,849,3,1,3,0,9
1,858,3,1,3,0,9
1,864,3,1,1,0,9
1,898,3,1,0,1,9
1,907,3,1,0,1,9
1,938,3,1,0,1,9
1,959,3,1,0,1,9
1,962,3,1,0,0,9
1,1006,3,1,0,0,9
1,1013,3,1,3,0,9
1,1033,3,1,3,0,9
1,1049,3,1,0,0,9
1,1077,3,1,3,0,9
1,1132,3,1,1,0,9
1,1135,3,1,1,0,9
1,1153,3,1,0,1,9
1,1198,3,1,1,0,9
1,1199,3,1,1,0,9
1,1200,3,1,0,0,9
1,1232,3,1,0,1,9
1,1235,3,1,3,0,9
1,1250,3,1,0,1,9
1,1289,3,1,0,0,9
1,1297,3,1,0,0,9
1,1305,3,1,0,1,9
1,1337,3,1,0,0,9
1,1345,3,1,0,0,9
1,1357,3,1,0,1,9
1,1372,3,1,0,1,9
1,1384,3,1,0,1,9
1,1427,3,1,0,0,9
1,1437,3,1,0,0,9
1,1439,3,1,3,0,9
1,1443,3,1,0,0,9
1,1449,3,1,3,0,9
1,1469,3,1,0,1,9
1,1525,3,1,0,0,9
1,1528,3,1,0,0,9
1,1562,3,1,1,0,9
1,1566,3,1,0,0,9
1,1574,3,1,0,0,9
1,1625,3,1,0,0,9
1,1639,3,1,0,1,9
1,1644,3,1,0,1,9
1,1686,3,1,0,0,9
1,1695,3,1,0,0,9
1,1713,3,1,3,0,9
1,1717,3,1,0,0,9
1,1728,3,1,0,0,9
1,1750,3,1,0,0,9
1,1764,3,1,0,0,9
1,1802,3,1,0,0,9
1,1813,3,1,1,0,9
1,1826,3,1,1,0,9
1,1828,3,1,1,0,9
1,1850,3,1,0,1,9
1,1950,3,1,0,0,9
1,1958,3,1,1,0,9
1,1976,3,1,0,1,9
1,1978,3,1,0,0,9
1,1997,3,1,0,0,9
1,2012,3,1,0,0,9
1,2018,3,1,0,0,9
1,2051,3,1,0,0,9
1,2054,3,1,0,1,9
1,2072,3,1,0,0,9
1,2114,3,1,0,1,9
1,2116,3,1,0,0,9
1,2132,3,1,0,0,9
1,2136,3,1,1,0,9
1,2145,3,1,0,1,9
1,2156,3,1,0,0,9
1,2204,3,1,3,0,9
1,2255,3,1,0,1,9
1,2262,3,1,3,0,9
1,2263,3,1,1,0,9
1,2264,3,1,0,0,9
1,2265,3,1,0,0,9
1,2266,3,1,0,1,9
1,2275,3,1,0,0,9
1,2278,3,1,0,0,9
1,2311,3,1,3,0,9
1,2331,3,1,0,1,9
1,2360,3,1,0,1,9
1,2383,3,1,0,1,9
1,2398,3,1,3,0,9
1,2400,3,1,0,1,9
1,2407,3,1,1,0,9
1,2422,3,1,0,1,9
1,2444,3,1,0,0,9
1,2460,3,1,0,1,9
1,27,1,1,1,0,10
1,36,1,1,0,0,10
1,40,1,1,0,0,10
1,42,1,1,0,1,10
1,51,1,1,0,1,10
1,89,1,1,1,0,10
1,93,1,1,0,0,10
1,94,1,1,0,1,10
1,133,1,1,0,0,10
1,145,1,1,1,0,10
1,157,1,1,0,0,10
1,162,1,1,0,0,10
1,165,1,1,0,1,10
1,178,1,1,0,0,10
1,181,1,1,0,1,10
1,209,1,1,1,0,10
1,220,1,1,0,0,10
1,234,1,1,0,0,10
1,237,1,1,0,0,10
1,261,1,1,0,0,10
1,273,1,1,0,1,10
1,297,1,1,1,0,10
1,305,1,1,1,0,10
1,323,1,1,1,0,10
1,335,1,1,0,0,10
1,348,1,1,0,0,10
1,370,1,1,0,1,10
1,388,1,1,0,0,10
1,396,1,1,0,0,10
1,405,1,1,0,1,10
1,418,1,1,0,0,10
1,429,1,1,0,0,10
1,447,1,1,1,0,10
1,459,1,1,0,1,10
1,497,1,1,0,0,10
1,518,1,1,1,0,10
1,521,1,1,1,0,10
1,522,1,1,0,0,10
1,544,1,1,0,1,10
1,604,1,1,0,1,10
1,616,1,1,0,1,10
1,640,1,1,0,0,10
1,643,1,1,0,0,10
1,659,1,1,0,1,10
1,660,1,1,0,0,10
1,672,1,1,0,0,10
1,689,1,1,0,0,10
1,690,1,1,0,1,10
1,691,1,1,0,0,10
1,692,1,1,0,0,10
1,713,1,1,0,0,10
1,748,1,1,1,0,10
1,766,1,1,0,1,10
1,775,1,1,0,1,10
1,908,1,1,0,0,10
1,936,1,1,0,0,10
1,950,1,1,0,0,10
1,976,1,1,1,0,10
1,998,1,1,0,0,10
1,1024,1,1,0,1,10
1,1025,1,1,1,0,10
1,1030,1,1,0,0,10
1,1041,1,1,0,0,10
1,1080,1,1,1,0,10
1,1081,1,1,1,0,10
1,1101,1,1,0,1,10
1,1110,1,1,0,0,10
1,1128,1,1,0,0,10
1,1130,1,1,1,0,10
1,1160,1,1,1,0,10
1,1174,1,1,0,1,10
1,1177,1,1,1,0,10
1,1186,1,1,0,0,10
1,1193,1,1,1,0,10
1,1237,1,1,1,0,10
1,1240,1,1,0,1,10
1,1242,1,1,1,0,10
1,1270,1,1,0,0,10
1,1275,1,1,0,1,10
1,1286,1,1,0,1,10
1,1296,1,1,0,1,10
1,1333,1,1,0,0,10
1,1359,1,1,0,0,10
1,1360,1,1,0,1,10
1,1361,1,1,0,1,10
1,1363,1,1,0,0,10
1,1364,1,1,1,0,10
1,1387,1,1,0,0,10
1,1389,1,1,0,0,10
1,1405,1,1,0,0,10
1,1455,1,1,1,0,10
1,1477,1,1,0,0,10
1,1483,1,1,0,0,10
1,1497,1,1,0,0,10
1,1506,1,1,1,0,10
1,1512,1,1,1,0,10
1,1541,1,1,0,0,10
1,1567,1,1,0,0,10
1,1598,1,1,1,0,10
1,1613,1,1,0,1,10
1,1623,1,1,0,0,10
1,1672,1,1,0,0,10
1,1699,1,1,0,1,10
1,1706,1,1,0,1,10
1,1776,1,1,1,0,10
1,1789,1,1,0,1,10
1,1803,1,1,0,0,10
1,1804,1,1,0,0,10
1,1805,1,1,0,0,10
1,1849,1,1,0,0,10
1,1863,1,1,0,0,10
1,1872,1,1,0,0,10
1,1892,1,1,0,0,10
1,1898,1,1,0,0,10
1,1907,1,1,1,0,10
1,1928,1,1,0,0,10
1,1937,1,1,0,0,10
1,1945,1,1,1,0,10
1,1948,1,1,0,1,10
1,1971,1,1,0,0,10
1,2016,1,1,0,0,10
1,2032,1,1,0,0,10
1,2047,1,1,1,0,10
1,2085,1,1,0,1,10
1,2150,1,1,0,0,10
1,2167,1,1,0,1,10
1,2177,1,1,1,0,10
1,2197,1,1,0,0,10
1,2201,1,1,1,0,10
1,2228,1,1,1,0,10
1,2232,1,1,0,0,10
1,2239,1,1,0,1,10
1,2292,1,1,0,0,10
1,2296,1,1,0,0,10
1,2326,1,1,1,0,10
1,2364,1,1,0,1,10
1,2366,1,1,0,0,10
1,2385,1,1,0,1,10
1,2406,1,1,0,1,10
1,2415,1,1,1,0,10
1,2426,1,1,1,0,10
1,2450,1,1,0,0,10
1,2475,1,1,0,0,10
1,2499,1,1,0,1,10
1,0,3,1,0,1,11
1,3,3,1,0,1,11
1,4,3,1,0,0,11
1,15,3,1,0,1,11
1,20,3,1,0,0,11
1,30,3,1,0,1,11
1,43,3,1,0,1,11
1,46,3,1,0,1,11
1,120,3,1,0,0,11
1,150,3,1,0,1,11
1,151,3,1,0,1,11
1,155,3,1,3,0,11
1,168,3,1,0,1,11
1,195,3,1,0,0,11
1,213,3,1,0,1,11
1,247,3,1,0,0,11
1,256,3,1,0,1,11
1,289,3,1,0,0,11
1,296,3,1,1,0,11
1,301,3,1,0,1,11
1,311,3,1,0,0,11
1,331,3,1,0,0,11
1,353,3,1,3,0,11
1,355,3,1,0,0,11
1,402,3,1,0,0,11
1,414,3,1,0,0,11
1,463,3,1,0,1,11
1,550,3,1,0,0,11
1,554,3,1,0,0,11
1,557,3,1,1,0,11
1,559,3,1,0,1,11
1,571,3,1,0,1,11
1,583,3,1,0,1,11
1,586,3,1,3,0,11
1,592,3,1,0,0,11
1,594,3,1,0,0,11
1,634,3,1,3,0,11
1,639,3,1,0,0,11
1,651,3,1,0,1,11
1,679,3,1,0,1,11
1,710,3,1,0,0,11
1,728,3,1,0,0,11
1,753,3,1,0,1,11
1,774,3,1,0,0,11
1,795,3,1,0,1,11
1,828,3,1,3,0,11
1,833,3,1,0,0,11
1,863,3,1,0,1,11
1,886,3,1,0,0,11
1,887,3,1,0,0,11
1,891,3,1,3,0,11
1,905,3,1,0,1,11
1,932,3,1,3,0,11
1,933,3,1,0,0,11
1,944,3,1,0,0,11
1,946,3,1,0,1,11
1,955,3,1,0,1,11
1,966,3,1,0,0,11
1,978,3,1,0,0,11
1,1000,3,1,0,0,11
1,1009,3,1,0,0,11
1,1037,3,1,3,0,11
1,1075,3,1,0,0,11
1,1091,3,1,0,1,11
1,1096,3,1,0,0,11
1,1103,3,1,0,0,11
1,1107,3,1,0,0,11
1,1119,3,1,0,1,11
1,1148,3,1,1,0,11
1,1154,3,1,1,0,11
1,1166,3,1,0,0,11
1,1180,3,1,0,0,11
1,1185,3,1,0,0,11
1,1230,3,1,0,0,11
1,1238,3,1,0,0,11
1,1245,3,1,0,0,11
1,1248,3,1,0,0,11
1,1252,3,1,1,0,11
1,1259,3,1,0,1,11
1,1272,3,1,0,0,11
1,1298,3,1,1,0,11
1,1300,3,1,1,0,11
1,1326,3,1,3,0,11
1,1329,3,1,0,0,11
1,1386,3,1,0,0,11
1,1395,3,1,0,0,11
1,1407,3,1,0,1,11
1,1411,3,1,0,1,11
1,1419,3,1,3,0,11
1,1487,3,1,0,0,11
1,1496,3,1,3,0,11
1,1499,3,1,0,1,11
1,1527,3,1,0,1,11
1,1572,3,1,0,0,11
1,1592,3,1,3,0,11
1,1620,3,1,0,1,11
1,1643,3,1,0,0,11
1,1645,3,1,1,0,11
1,1682,3,1,0,0,11
1,1689,3,1,3,0,11
1,1702,3,1,0,0,11
1,1708,3,1,1,0,11
1,1716,3,1,0,0,11
1,1724,3,1,1,0,11
1,1735,3,1,0,0,11
1,1738,3,1,3,0,11
1,1746,3,1,0,0,11
1,1774,3,1,0,0,11
1,1793,3,1,3,0,11
1,1795,3,1,0,1,11
1,1796,3,1,3,0,11
1,1811,3,1,0,1,11
1,1832,3,1,0,0,11
1,1851,3,1,3,0,11
1,1876,3,1,0,0,11
1,1894,3,1,0,1,11
1,1900,3,1,0,0,11
1,1908,3,1,0,0,11
1,1912,3,1,0,1,11
1,1915,3,1,0,0,11
1,1916,3,1,0,0,11
1,1917,3,1,0,0,11
1,1924,3,1,0,1,11
1,1929,3,1,0,0,11
1,1967,3,1,0,0,11
1,1973,3,1,0,1,11
1,1995,3,1,0,1,11
1,1996,3,1,3,0,11
1,1998,3,1,0,0,11
1,2011,3,1,0,0,11
1,2024,3,1,0,1,11
1,2029,3,1,1,0,11
1,2035,3,1,0,1,11
1,2082,3,1,0,0,11
1,2123,3,1,3,0,11
1,2125,3,1,0,0,11
1,2159,3,1,0,0,11
1,2162,3,1,0,1,11
1,2164,3,1,3,0,11
1,2168,3,1,3,0,11
1,2169,3,1,0,0,11
1,2212,3,1,0,1,11
1,2219,3,1,0,0,11
1,2240,3,1,3,0,11
1,2259,3,1,0,0,11
1,2293,3,1,0,1,11
1,2303,3,1,0,0,11
1,2338,3,1,1,0,11
1,2347,3,1,0,0,11
1,2352,3,1,0,1,11
1,2355,3,1,0,0,11
1,2362,3,1,1,0,11
1,2389,3,1,0,0,11
1,2430,3,1,0,0,11
1,2433,3,1,0,0,11
1,2445,3,1,3,0,11
1,2452,3,1,3,0,11
1,2477,3,1,0,0,11
1,2480,3,1,1,0,11
1,2496,3,1,3,0,11
1,21,1,1,0,1,12
1,28,1,1,0,0,12
1,59,1,1,0,1,12
1,60,1,1,1,0,12
1,66,1,1,0,1,12
1,96,1,1,0,0,12
1,99,1,1,0,1,12
1,104,1,1,1,0,12
1,116,1,1,0,1,12
1,119,1,1,1,0,12
1,125,1,1,0,0,12
1,130,1,1,0,1,12
1,140,1,1,1,0,12
1,149,1,1,0,0,12
1,159,1,1,1,0,12
1,179,1,1,1,0,12
1,184,1,1,0,0,12
1,241,1,1,1,0,12
1,308,1,1,0,0,12
1,314,1,1,0,0,12
1,336,1,1,0,0,12
1,337,1,1,0,1,12
1,343,1,1,0,0,12
1,347,1,1,0,1,12
1,350,1,1,0,0,12
1,386,1,1,1,0,12
1,389,1,1,0,0,12
1,395,1,1,1,0,12
1,403,1,1,1,0,12
1,404,1,1,0,0,12
1,435,1,1,0,0,12
1,442,1,1,0,0,12
1,443,1,1,0,0,12
1,451,1,1,0,0,12
1,478,1,1,0,1,12
1,495,1,1,0,1,12
1,500,1,1,1,0,12
1,538,1,1,0,0,12
1,560,1,1,0,0,12
1,574,1,1,0,0,12
1,624,1,1,0,0,12
1,649,1,1,0,0,12
1,742,1,1,0,0,12
1,745,1,1,1,0,12
1,754,1,1,0,0,12
1,764,1,1,0,0,12
1,772,1,1,0,1,12
1,785,1,1,1,0,12
1,788,1,1,1,0,12
1,808,1,1,1,0,12
1,812,1,1,0,0,12
1,836,1,1,1,0,12
1,852,1,1,0,0,12
1,868,1,1,0,0,12
1,925,1,1,0,1,12
1,939,1,1,1,0,12
1,942,1,1,0,0,12
1,948,1,1,0,0,12
1,967,1,1,0,0,12
1,974,1,1,1,0,12
1,988,1,1,1,0,12
1,1022,1,1,0,0,12
1,1104,1,1,1,0,12
1,1118,1,1,1,0,12
1,1146,1,1,1,0,12
1,1152,1,1,0,1,12
1,1169,1,1,0,0,12
1,1179,1,1,0,1,12
1,1194,1,1,0,0,12
1,1209,1,1,0,1,12
1,1217,1,1,0,1,12
1,1223,1,1,0,0,12
1,1228,1,1,1,0,12
1,1247,1,1,0,0,12
1,1266,1,1,0,1,12
1,1268,1,1,0,0,12
1,1279,1,1,1,0,12
1,1285,1,1,0,0,12
1,1290,1,1,0,0,12
1,1310,1,1,0,0,12
1,1311,1,1,0,1,12
1,1322,1,1,0,0,12
1,1346,1,1,0,0,12
1,1354,1,1,0,0,12
1,1373,1,1,0,0,12
1,1378,1,1,1,0,12
1,1379,1,1,0,1,12
1,1382,1,1,0,1,12
1,1409,1,1,0,0,12
1,1423,1,1,0,0,12
1,1464,1,1,1,0,12
1,1500,1,1,0,0,12
1,1519,1,1,0,0,12
1,1540,1,1,0,0,12
1,1545,1,1,0,1,12
1,1552,1,1,0,1,12
1,1555,1,1,1,0,12
1,1563,1,1,1,0,12
1,1583,1,1,0,1,12
1,1611,1,1,0,0,12
1,1627,1,1,0,0,12
1,1631,1,1,0,0,12
1,1649,1,1,1,0,12
1,1656,1,1,0,0,12
1,1660,1,1,0,0,12
1,1739,1,1,1,0,12
1,1754,1,1,0,0,12
1,1757,1,1,0,0,12
1,1772,1,1,0,0,12
1,1784,1,1,0,0,12
1,1816,1,1,0,1,12
1,1838,1,1,0,0,12
1,1839,1,1,1,0,12
1,1868,1,1,1,0,12
1,1879,1,1,0,0,12
1,1889,1,1,1,0,12
1,1909,1,1,0,0,12
1,1921,1,1,0,0,12
1,1927,1,1,0,1,12
1,1940,1,1,0,0,12
1,1942,1,1,0,0,12
1,1946,1,1,1,0,12
1,1954,1,1,0,0,12
1,1959,1,1,0,1,12
1,1964,1,1,0,0,12
1,1982,1,1,0,0,12
1,1983,1,1,1,0,12
1,2001,1,1,0,0,12
1,2003,1,1,0,0,12
1,2015,1,1,0,0,12
1,2026,1,1,0,0,12
1,2057,1,1,1,0,12
1,2081,1,1,0,0,12
1,2106,1,1,0,0,12
1,2119,1,1,0,0,12
1,2120,1,1,0,0,12
1,2139,1,1,1,0,12
1,2153,1,1,0,0,12
1,2157,1,1,1,0,12
1,2160,1,1,0,1,12
1,2183,1,1,0,0,12
1,2185,1,1,0,1,12
1,2237,1,1,0,0,12
1,2273,1,1,0,0,12
1,2334,1,1,0,0,12
1,2372,1,1,0,1,12
1,2381,1,1,0,1,12
1,2392,1,1,0,0,12
1,2401,1,1,1,0,12
1,2447,1,1,0,0,12
1,2454,1,1,1,0,12
1,2458,1,1,0,0,12
1,2482,1,1,0,0,12
1,2489,1,1,0,0,12
1,5,1,2,0,0,13
1,8,1,2,0,2,13
1,12,1,2,0,0,13
1,16,1,2,0,0,13
1,19,1,2,0,1,13
1,24,1,2,0,0,13
1,26,1,2,0,2,13
1,33,1,2,0,1,13
1,39,1,2,0,2,13
1,44,1,2,1,0,13
1,45,1,2,0,0,13
1,56,1,2,0,2,13
1,57,1,2,0,0,13
1,63,1,2,0,0,13
1,72,1,2,0,0,13
1,83,1,2,0,0,13
1,87,1,2,0,0,13
1,112,1,2,0,2,13
1,118,1,2,0,0,13
1,123,1,2,0,1,13
1,126,1,2,0,0,13
1,127,1,2,1,0,13
1,129,1,2,0,0,13
1,144,1,2,0,0,13
1,147,1,2,0,0,13
1,152,1,2,1,0,13
1,170,1,2,0,0,13
1,189,1,2,0,2,13
1,196,1,2,0,2,13
1,202,1,2,1,0,13
1,217,1,2,0,0,13
1,225,1,2,0,2,13
1,236,1,2,0,0,13
1,248,1,2,0,0,13
1,253,1,2,0,0,13
1,257,1,2,0,2,13
1,259,1,2,0,0,13
1,260,1,2,0,0,13
1,266,1,2,0,2,13
1,276,1,2,0,2,13
1,279,1,2,0,1,13
1,280,1,2,0,0,13
1,282,1,2,0,0,13
1,285,1,2,1,0,13
1,307,1,2,0,0,13
1,309,1,2,0,1,13
1,316,1,2,0,2,13
1,319,1,2,0,0,13
1,320,1,2,0,0,13
1,322,1,2,0,0,13
1,326,1,2,0,0,13
1,339,1,2,0,2,13
1,344,1,2,0,0,13
1,345,1,2,0,2,13
1,356,1,2,0,0,13
1,357,1,2,0,1,13
1,360,1,2,0,2,13
1,368,1,2,0,0,13
1,373,1,2,0,2,13
1,374,1,2,1,0,13
1,376,1,2,1,0,13
1,382,1,2,0,2,13
1,397,1,2,0,1,13
1,399,1,2,0,0,13
1,400,1,2,0,0,13
1,409,1,2,0,0,13
1,421,1,2,0,0,13
1,427,1,2,0,0,13
1,433,1,2,0,2,13
1,462,1,2,0,0,13
1,467,1,2,1,0,13
1,474,1,2,0,2,13
1,493,1,2,1,0,13
1,498,1,2,0,0,13
1,499,1,2,0,1,13
1,505,1,2,0,0,13
1,506,1,2,0,0,13
1,516,1,2,0,2,13
1,530,1,2,1,0,13
1,531,1,2,0,0,13
1,533,1,2,1,0,13
1,541,1,2,1,0,13
1,543,1,2,0,0,13
1,566,1,2,0,0,13
1,573,1,2,0,0,13
1,581,1,2,0,0,13
1,584,1,2,1,0,13
1,596,1,2,0,0,13
1,600,1,2,1,0,13
1,603,1,2,0,1,13
1,605,1,2,1,0,13
1,608,1,2,0,0,13
1,610,1,2,0,0,13
1,619,1,2,0,1,13
1,621,1,2,0,2,13
1,622,1,2,0,1,13
1,631,1,2,0,1,13
1,632,1,2,0,0,13
1,636,1,2,0,0,13
1,641,1,2,0,0,13
1,655,1,2,1,0,13
1,665,1,2,0,2,13
1,667,1,2,0,0,13
1,668,1,2,0,0,13
1,671,1,2,0,2,13
1,674,1,2,0,1,13
1,677,1,2,0,2,13
1,683,1,2,0,0,13
1,688,1,2,0,0,13
1,694,1,2,0,2,13
1,699,1,2,0,0,13
1,702,1,2,1,0,13
1,704,1,2,1,0,13
1,708,1,2,1,0,13
1,719,1,2,0,0,13
1,723,1,2,1,0,13
1,727,1,2,1,0,13
1,743,1,2,0,0,13
1,744,1,2,0,2,13
1,746,1,2,0,0,13
1,749,1,2,0,0,13
1,757,1,2,0,0,13
1,760,1,2,0,0,13
1,773,1,2,0,0,13
1,777,1,2,0,2,13
1,779,1,2,0,0,13
1,786,1,2,0,0,13
1,811,1,2,0,1,13
1,813,1,2,0,0,13
1,822,1,2,1,0,13
1,827,1,2,0,2,13
1,830,1,2,1,0,13
1,832,1,2,0,0,13
1,837,1,2,1,0,13
1,841,1,2,1,0,13
1,846,1,2,0,0,13
1,856,1,2,0,0,13
1,859,1,2,0,0,13
1,860,1,2,0,0,13
1,880,1,2,1,0,13
1,881,1,2,0,0,13
1,883,1,2,1,0,13
1,885,1,2,0,2,13
1,888,1,2,0,0,13
1,897,1,2,0,2,13
1,904,1,2,0,1,13
1,914,1,2,0,0,13
1,916,1,2,0,2,13
1,920,1,2,0,0,13
1,921,1,2,0,0,13
1,931,1,2,0,0,13
1,934,1,2,0,0,13
1,935,1,2,0,0,13
1,937,1,2,1,0,13
1,949,1,2,1,0,13
1,951,1,2,0,0,13
1,957,1,2,0,2,13
1,960,1,2,0,0,13
1,964,1,2,0,2,13
1,965,1,2,0,2,13
1,979,1,2,0,0,13
1,981,1,2,0,2,13
1,985,1,2,0,2,13
1,994,1,2,1,0,13
1,997,1,2,0,2,13
1,1011,1,2,0,2,13
1,1017,1,2,1,0,13
1,1018,1,2,0,2,13
1,1020,1,2,0,2,13
1,1031,1,2,0,0,13
1,1032,1,2,0,1,13
1,1034,1,2,0,0,13
1,1043,1,2,0,0,13
1,1045,1,2,1,0,13
1,1051,1,2,1,0,13
1,1053,1,2,0,0,13
1,1056,1,2,0,0,13
1,1072,1,2,0,2,13
1,1073,1,2,0,0,13
1,1074,1,2,1,0,13
1,1082,1,2,0,1,13
1,1087,1,2,0,0,13
1,1098,1,2,0,2,13
1,1099,1,2,0,0,13
1,1108,1,2,0,0,13
1,1111,1,2,0,0,13
1,1117,1,2,0,0,13
1,1120,1,2,0,0,13
1,1121,1,2,1,0,13
1,1126,1,2,1,0,13
1,1131,1,2,0,0,13
1,1138,1,2,1,0,13
1,1141,1,2,0,2,13
1,1155,1,2,0,0,13
1,1165,1,2,1,0,13
1,1189,1,2,0,0,13
1,1191,1,2,0,2,13
1,1192,1,2,0,2,13
1,1201,1,2,0,2,13
1,1211,1,2,0,0,13
1,1221,1,2,0,1,13
1,1227,1,2,0,2,13
1,1236,1,2,0,0,13
1,1249,1,2,0,2,13
1,1253,1,2,1,0,13
1,1267,1,2,0,0,13
1,1273,1,2,0,0,13
1,1276,1,2,1,0,13
1,1277,1,2,0,0,13
1,1280,1,2,1,0,13
1,1291,1,2,1,0,13
1,1303,1,2,1,0,13
1,1308,1,2,0,0,13
1,1309,1,2,0,2,13
1,1313,1,2,1,0,13
1,1316,1,2,0,0,13
1,1330,1,2,0,2,13
1,1334,1,2,0,0,13
1,1338,1,2,0,0,13
1,1340,1,2,0,0,13
1,1342,1,2,0,0,13
1,1343,1,2,1,0,13
1,1347,1,2,0,0,13
1,1353,1,2,0,0,13
1,1365,1,2,0,0,13
1,1377,1,2,0,1,13
1,1385,1,2,1,0,13
1,1388,1,2,0,0,13
1,1399,1,2,0,1,13
1,1406,1,2,0,0,13
1,1412,1,2,0,0,13
1,1416,1,2,0,2,13
1,1420,1,2,0,2,13
1,1430,1,2,0,0,13
1,1432,1,2,0,0,13
1,1441,1,2,1,0,13
1,1445,1,2,1,0,13
1,1453,1,2,0,2,13
1,1459,1,2,1,0,13
1,1467,1,2,0,0,13
1,1468,1,2,0,1,13
1,1473,1,2,0,0,13
1,1474,1,2,0,1,13
1,1480,1,2,0,1,13
1,1485,1,2,0,0,13
1,1490,1,2,0,1,13
1,1513,1,2,0,0,13
1,1516,1,2,0,0,13
1,1531,1,2,0,2,13
1,1539,1,2,0,2,13
1,1548,1,2,0,0,13
1,1549,1,2,1,0,13
1,1554,1,2,0,0,13
1,1556,1,2,0,0,13
1,1557,1,2,0,0,13
1,1561,1,2,1,0,13
1,1584,1,2,0,2,13
1,1585,1,2,0,2,13
1,1594,1,2,0,1,13
1,1599,1,2,0,0,13
1,1604,1,2,0,1,13
1,1605,1,2,0,2,13
1,1607,1,2,0,1,13
1,1610,1,2,0,0,13
1,1618,1,2,1,0,13
1,1619,1,2,0,0,13
1,1622,1,2,0,1,13
1,1632,1,2,0,1,13
1,1666,1,2,0,0,13
1,1668,1,2,1,0,13
1,1674,1,2,0,0,13
1,1676,1,2,0,0,13
1,1687,1,2,1,0,13
1,1688,1,2,1,0,13
1,1690,1,2,1,0,13
1,1693,1,2,0,0,13
1,1701,1,2,1,0,13
1,1707,1,2,0,0,13
1,1718,1,2,0,0,13
1,1720,1,2,0,1,13
1,1726,1,2,0,0,13
1,1740,1,2,0,0,13
1,1756,1,2,0,1,13
1,1760,1,2,1,0,13
1,1779,1,2,1,0,13
1,1780,1,2,0,0,13
1,1783,1,2,0,0,13
1,1792,1,2,1,0,13
1,1808,1,2,1,0,13
1,1823,1,2,1,0,13
1,1837,1,2,0,2,13
1,1845,1,2,0,1,13
1,1852,1,2,0,0,13
1,1855,1,2,0,0,13
1,1860,1,2,1,0,13
1,1867,1,2,0,0,13
1,1874,1,2,0,1,13
1,1887,1,2,0,0,13
1,1888,1,2,0,0,13
1,1902,1,2,0,2,13
1,1904,1,2,0,0,13
1,1920,1,2,0,0,13
1,1926,1,2,1,0,13
1,1931,1,2,1,0,13
1,1933,1,2,0,2,13
1,1935,1,2,1,0,13
1,1962,1,2,0,0,13
1,1970,1,2,0,0,13
1,1979,1,2,0,0,13
1,1990,1,2,0,0,13
1,1993,1,2,0,1,13
1,2000,1,2,0,2,13
1,2007,1,2,0,0,13
1,2010,1,2,0,0,13
1,2019,1,2,0,0,13
1,2025,1,2,1,0,13
1,2031,1,2,0,0,13
1,2046,1,2,0,0,13
1,2050,1,2,0,0,13
1,2058,1,2,0,1,13
1,2080,1,2,0,0,13
1,2087,1,2,0,0,13
1,2089,1,2,1,0,13
1,2092,1,2,0,1,13
1,2093,1,2,0,2,13
1,2105,1,2,0,0,13
1,2107,1,2,1,0,13
1,2112,1,2,0,0,13
1,2117,1,2,0,0,13
1,2128,1,2,0,2,13
1,2138,1,2,0,2,13
1,2140,1,2,0,0,13
1,2142,1,2,0,1,13
1,2149,1,2,1,0,13
1,2166,1,2,1,0,13
1,2194,1,2,0,1,13
1,2209,1,2,0,0,13
1,2210,1,2,0,0,13
1,2213,1,2,0,2,13
1,2218,1,2,0,2,13
1,2221,1,2,0,0,13
1,2224,1,2,0,0,13
1,2245,1,2,1,0,13
1,2246,1,2,0,0,13
1,2249,1,2,0,0,13
1,2252,1,2,0,0,13
1,2253,1,2,0,0,13
1,2271,1,2,1,0,13
1,2286,1,2,1,0,13
1,2302,1,2,0,2,13
1,2306,1,2,0,0,13
1,2309,1,2,1,0,13
1,2314,1,2,0,2,13
1,2317,1,2,0,2,13
1,2318,1,2,0,0,13
1,2324,1,2,1,0,13
1,2328,1,2,0,2,13
1,2337,1,2,0,0,13
1,2340,1,2,0,2,13
1,2349,1,2,1,0,13
1,2351,1,2,0,0,13
1,2357,1,2,0,0,13
1,2365,1,2,0,0,13
1,2377,1,2,0,0,13
1,2387,1,2,0,2,13
1,2393,1,2,0,0,13
1,2403,1,2,0,2,13
1,2411,1,2,0,0,13
1,2413,1,2,0,0,13
1,2417,1,2,0,0,13
1,2418,1,2,0,2,13
1,2419,1,2,0,2,13
1,2423,1,2,0,0,13
1,2424,1,2,0,1,13
1,2425,1,2,0,0,13
1,2431,1,2,0,0,13
1,2434,1,2,0,0,13
1,2438,1,2,0,2,13
1,2443,1,2,1,0,13
1,2462,1,2,0,0,13
1,2465,1,2,0,0,13
1,2479,1,2,0,0,13
1,2483,1,2,0,0,13
1,2485,1,2,0,0,13
1,2486,1,2,0,1,13
1,2492,1,2,0,0,13
1,2494,1,2,0,1,13
1,37,1,1,0,1,14
1,64,1,1,0,0,14
1,68,1,1,0,0,14
1,70,1,1,0,0,14
1,71,1,1,1,0,14
1,75,1,1,1,0,14
1,79,1,1,1,0,14
1,90,1,1,1,0,14
1,91,1,1,0,0,14
1,173,1,1,0,0,14
1,183,1,1,1,0,14
1,191,1,1,0,0,14
1,200,1,1,0,0,14
1,201,1,1,0,0,14
1,215,1,1,0,0,14
1,218,1,1,0,0,14
1,219,1,1,1,0,14
1,229,1,1,0,0,14
1,242,1,1,1,0,14
1,245,1,1,0,1,14
1,252,1,1,0,1,14
1,263,1,1,0,0,14
1,290,1,1,0,0,14
1,291,1,1,0,0,14
1,300,1,1,0,0,14
1,302,1,1,0,0,14
1,304,1,1,0,1,14
1,310,1,1,0,1,14
1,325,1,1,0,0,14
1,334,1,1,0,1,14
1,366,1,1,1,0,14
1,383,1,1,1,0,14
1,387,1,1,1,0,14
1,431,1,1,0,0,14
1,438,1,1,0,1,14
1,455,1,1,0,1,14
1,457,1,1,0,1,14
1,486,1,1,0,0,14
1,489,1,1,0,0,14
1,510,1,1,0,0,14
1,513,1,1,1,0,14
1,523,1,1,0,0,14
1,539,1,1,0,1,14
1,555,1,1,1,0,14
1,558,1,1,0,1,14
1,561,1,1,0,0,14
1,580,1,1,0,0,14
1,609,1,1,0,1,14
1,623,1,1,1,0,14
1,625,1,1,0,0,14
1,633,1,1,0,0,14
1,642,1,1,0,1,14
1,658,1,1,1,0,14
1,687,1,1,0,0,14
1,724,1,1,0,1,14
1,731,1,1,0,0,14
1,740,1,1,0,0,14
1,758,1,1,0,1,14
1,770,1,1,0,0,14
1,809,1,1,0,0,14
1,821,1,1,0,0,14
1,834,1,1,0,0,14
1,839,1,1,0,1,14
1,870,1,1,0,0,14
1,896,1,1,0,0,14
1,912,1,1,1,0,14
1,927,1,1,0,1,14
1,972,1,1,1,0,14
1,975,1,1,1,0,14
1,982,1,1,0,0,14
1,989,1,1,0,1,14
1,1007,1,1,1,0,14
1,1008,1,1,0,0,14
1,1012,1,1,0,1,14
1,1023,1,1,0,0,14
1,1026,1,1,0,1,14
1,1036,1,1,1,0,14
1,1044,1,1,1,0,14
1,1048,1,1,0,0,14
1,1052,1,1,0,0,14
1,1062,1,1,0,0,14
1,1066,1,1,0,0,14
1,1069,1,1,1,0,14
1,1071,1,1,0,0,14
1,1076,1,1,0,0,14
1,1092,1,1,0,0,14
1,1139,1,1,0,0,14
1,1142,1,1,0,1,14
1,1144,1,1,0,0,14
1,1147,1,1,0,1,14
1,1161,1,1,0,0,14
1,1178,1,1,0,1,14
1,1190,1,1,0,1,14
1,1208,1,1,0,1,14
1,1222,1,1,1,0,14
1,1226,1,1,0,0,14
1,1251,1,1,1,0,14
1,1278,1,1,0,0,14
1,1281,1,1,1,0,14
1,1283,1,1,0,0,14
1,1301,1,1,0,0,14
1,1302,1,1,0,1,14
1,1304,1,1,0,0,14
1,1318,1,1,0,0,14
1,1323,1,1,0,0,14
1,1327,1,1,0,0,14
1,1348,1,1,0,1,14
1,1349,1,1,0,0,14
1,1401,1,1,0,0,14
1,1404,1,1,0,0,14
1,1418,1,1,0,0,14
1,1431,1,1,0,0,14
1,1438,1,1,0,1,14
1,1462,1,1,0,1,14
1,1471,1,1,0,1,14
1,1493,1,1,0,0,14
1,1502,1,1,0,0,14
1,1507,1,1,0,0,14
1,1508,1,1,0,0,14
1,1522,1,1,0,1,14
1,1581,1,1,1,0,14
1,1588,1,1,0,0,14
1,1597,1,1,0,0,14
1,1608,1,1,1,0,14
1,1624,1,1,0,0,14
1,1641,1,1,0,0,14
1,1647,1,1,0,0,14
1,1653,1,1,1,0,14
1,1662,1,1,0,0,14
1,1677,1,1,0,0,14
1,1678,1,1,1,0,14
1,1683,1,1,0,0,14
1,1710,1,1,1,0,14
1,1719,1,1,0,0,14
1,1722,1,1,0,1,14
1,1751,1,1,0,1,14
1,1753,1,1,1,0,14
1,1778,1,1,0,0,14
1,1786,1,1,0,1,14
1,1799,1,1,0,1,14
1,1806,1,1,1,0,14
1,1815,1,1,1,0,14
1,1824,1,1,0,1,14
1,1830,1,1,0,0,14
1,1834,1,1,1,0,14
1,1841,1,1,0,0,14
1,1844,1,1,1,0,14
1,1858,1,1,0,0,14
1,1878,1,1,0,0,14
1,1918,1,1,1,0,14
1,1922,1,1,0,0,14
1,1925,1,1,0,0,14
1,1961,1,1,0,0,14
1,1966,1,1,0,0,14
1,1981,1,1,0,0,14
1,1991,1,1,0,1,14
1,2009,1,1,0,1,14
1,2020,1,1,0,0,14
1,2049,1,1,0,0,14
1,2060,1,1,0,0,14
1,2061,1,1,0,0,14
1,2064,1,1,0,0,14
1,2075,1,1,0,0,14
1,2083,1,1,0,0,14
1,2102,1,1,1,0,14
1,2133,1,1,0,0,14
1,2137,1,1,0,0,14
1,2161,1,1,0,1,14
1,2181,1,1,0,0,14
1,2182,1,1,1,0,14
1,2187,1,1,0,0,14
1,2206,1,1,0,0,14
1,2222,1,1,0,1,14
1,2230,1,1,0,0,14
1,2231,1,1,1,0,14
1,2233,1,1,1,0,14
1,2242,1,1,1,0,14
1,2248,1,1,1,0,14
1,2272,1,1,0,0,14
1,2277,1,1,0,0,14
1,2289,1,1,0,0,14
1,2300,1,1,0,1,14
1,2310,1,1,0,1,14
1,2319,1,1,1,0,14
1,2323,1,1,0,0,14
1,2333,1,1,0,0,14
1,2342,1,1,0,1,14
1,2354,1,1,1,0,14
1,2371,1,1,1,0,14
1,2439,1,1,0,1,14
1,2449,1,1,0,0,14
1,2471,1,1,1,0,14
1,2476,1,1,0,1,14
1,2497,1,1,0,0,14
2,2,3,0,0,0,0
2,25,3,0,0,0,0
2,31,3,0,0,0,0
2,34,3,0,0,0,0
2,53,3,0,0,0,0
2,58,3,0,0,0,0
2,67,3,0,0,0,0
2,73,3,0,2,0,0
2,74,3,0,0,0,0
2,80,3,0,1,0,0
2,88,3,0,0,0,0
2,92,3,0,2,0,0
2,98,3,0,0,0,0
2,105,3,0,2,0,0
2,106,3,0,0,0,0
2,142,3,0,0,0,0
2,154,3,0,0,0,0
2,156,3,0,0,0,0
2,160,3,0,0,0,0
2,187,3,0,0,0,0
2,199,3,0,2,0,0
2,212,3,0,0,0,0
2,224,3,0,0,0,0
2,249,3,0,2,0,0
2,277,3,0,2,0,0
2,298,3,0,2,0,0
2,324,3,0,0,0,0
2,328,3,0,0,0,0
2,363,3,0,0,0,0
2,375,3,0,0,0,0
2,410,3,0,0,0,0
2,411,3,0,0,0,0
2,413,3,0,1,0,0
2,416,3,0,0,0,0
2,434,3,0,0,0,0
2,444,3,0,0,0,0
2,458,3,0,0,0,0
2,460,3,0,0,0,0
2,502,3,0,0,0,0
2,503,3,0,0,0,0
2,509,3,0,0,0,0
2,519,3,0,0,0,0
2,528,3,0,0,0,0
2,529,3,0,2,0,0
2,532,3,0,2,0,0
2,546,3,0,0,0,0
2,549,3,0,0,0,0
2,551,3,0,0,0,0
2,562,3,0,0,0,0
2,620,3,0,2,0,0
2,654,3,0,0,0,0
2,666,3,0,0,0,0
2,681,3,0,1,0,0
2,684,3,0,0,0,0
2,714,3,0,0,0,0
2,734,3,0,0,0,0
2,768,3,0,0,0,0
2,771,3,0,0,0,0
2,780,3,0,2,0,0
2,789,3,0,0,0,0
2,793,3,0,0,0,0
2,820,3,0,0,0,0
2,845,3,0,0,0,0
2,869,3,0,0,0,0
2,922,3,0,0,0,0
2,983,3,0,0,0,0
2,1003,3,0,1,0,0
2,1015,3,0,1,0,0
2,1021,3,0,1,0,0
2,1027,3,0,1,0,0
2,1122,3,0,0,0,0
2,1133,3,0,2,0,0
2,1140,3,0,2,0,0
2,1150,3,0,0,0,0
2,1151,3,0,0,0,0
2,1157,3,0,1,0,0
2,1159,3,0,0,0,0
2,1176,3,0,0,0,0
2,1184,3,0,0,0,0
2,1188,3,0,0,0,0
2,1195,3,0,1,0,0
2,1197,3,0,1,0,0
2,1210,3,0,0,0,0
2,1241,3,0,0,0,0
2,1243,3,0,1,0,0
2,1257,3,0,0,0,0
2,1264,3,0,0,0,0
2,1287,3,0,0,0,0
2,1306,3,0,0,0,0
2,1307,3,0,0,0,0
2,1328,3,0,1,0,0
2,1355,3,0,0,0,0
2,1356,3,0,2,0,0
2,1371,3,0,0,0,0
2,1394,3,0,0,0,0
2,1415,3,0,0,0,0
2,1421,3,0,2,0,0
2,1433,3,0,0,0,0
2,1451,3,0,0,0,0
2,1461,3,0,0,0,0
2,1484,3,0,0,0,0
2,1501,3,0,0,0,0
2,1518,3,0,0,0,0
2,1520,3,0,0,0,0
2,1521,3,0,0,0,0
2,1536,3,0,0,0,0
2,1538,3,0,0,0,0
2,1546,3,0,1,0,0
2,1553,3,0,0,0,0
2,1564,3,0,0,0,0
2,1575,3,0,0,0,0
2,1577,3,0,0,0,0
2,1603,3,0,0,0,0
2,1629,3,0,0,0,0
2,1636,3,0,0,0,0
2,1648,3,0,2,0,0
2,1652,3,0,2,0,0
2,1657,3,0,0,0,0
2,1661,3,0,0,0,0
2,1669,3,0,1,0,0
2,1684,3,0,0,0,0
2,1685,3,0,0,0,0
2,1697,3,0,2,0,0
2,1712,3,0,0,0,0
2,1714,3,0,2,0,0
2,1715,3,0,2,0,0
2,1730,3,0,1,0,0
2,1745,3,0,0,0,0
2,1766,3,0,0,0,0
2,1769,3,0,2,0,0
2,1790,3,0,0,0,0
2,1817,3,0,0,0,0
2,1818,3,0,2,0,0
2,1821,3,0,0,0,0
2,1829,3,0,1,0,0
2,1882,3,0,0,0,0
2,1897,3,0,0,0,0
2,1930,3,0,1,0,0
2,1938,3,0,0,0,0
2,1949,3,0,0,0,0
2,1969,3,0,0,0,0
2,1972,3,0,1,0,0
2,1986,3,0,0,0,0
2,1987,3,0,0,0,0
2,1992,3,0,0,0,0
2,2013,3,0,0,0,0
2,2022,3,0,0,0,0
2,2053,3,0,0,0,0
2,2076,3,0,0,0,0
2,2098,3,0,0,0,0
2,2108,3,0,2,0,0
2,2165,3,0,0,0,0
2,2188,3,0,0,0,0
2,2189,3,0,0,0,0
2,2192,3,0,0,0,0
2,2196,3,0,2,0,0
2,2203,3,0,0,0,0
2,2234,3,0,0,0,0
2,2236,3,0,0,0,0
2,2244,3,0,0,0,0
2,2256,3,0,0,0,0
2,2258,3,0,0,0,0
2,2260,3,0,0,0,0
2,2291,3,0,0,0,0
2,2301,3,0,2,0,0
2,2320,3,0,0,0,0
2,2327,3,0,2,0,0
2,2329,3,0,1,0,0
2,2339,3,0,0,0,0
2,2341,3,0,2,0,0
2,2348,3,0,0,0,0
2,2353,3,0,2,0,0
2,2367,3,0,1,0,0
2,2368,3,0,1,0,0
2,2378,3,0,0,0,0
2,2379,3,0,0,0,0
2,2382,3,0,2,0,0
2,2390,3,0,2,0,0
2,2412,3,0,0,0,0
2,2437,3,0,0,0,0
2,2470,3,0,0,0,0
2,2490,3,0,2,0,0
2,2495,3,0,0,0,0
2,22,1,1,0,0,1
2,38,1,1,0,1,1
2,52,1,1,0,1,1
2,61,1,1,1,0,1
2,76,1,1,0,1,1
2,117,1,1,0,0,1
2,122,1,1,1,0,1
2,131,1,1,1,0,1
2,174,1,1,1,0,1
2,186,1,1,0,0,1
2,192,1,1,0,0,1
2,210,1,1,1,0,1
2,214,1,1,0,1,1
2,222,1,1,0,1,1
2,239,1,1,1,0,1
2,264,1,1,0,0,1
2,270,1,1,0,1,1
2,286,1,1,0,0,1
2,293,1,1,0,0,1
2,303,1,1,0,1,1
2,306,1,1,0,0,1
2,365,1,1,0,0,1
2,385,1,1,0,0,1
2,426,1,1,0,0,1
2,471,1,1,1,0,1
2,514,1,1,0,1,1
2,524,1,1,0,0,1
2,527,1,1,0,0,1
2,537,1,1,0,0,1
2,564,1,1,1,0,1
2,569,1,1,0,1,1
2,593,1,1,1,0,1
2,601,1,1,0,0,1
2,602,1,1,1,0,1
2,628,1,1,0,0,1
2,629,1,1,0,0,1
2,637,1,1,0,1,1
2,656,1,1,0,0,1
2,662,1,1,0,0,1
2,664,1,1,0,0,1
2,712,1,1,0,1,1
2,716,1,1,0,0,1
2,722,1,1,0,0,1
2,755,1,1,1,0,1
2,756,1,1,0,1,1
2,761,1,1,1,0,1
2,800,1,1,0,0,1
2,802,1,1,0,1,1
2,824,1,1,0,1,1
2,825,1,1,1,0,1
2,826,1,1,0,0,1
2,842,1,1,1,0,1
2,851,1,1,0,1,1
2,855,1,1,0,0,1
2,892,1,1,0,0,1
2,893,1,1,0,0,1
2,902,1,1,0,0,1
2,923,1,1,0,0,1
2,929,1,1,1,0,1
2,930,1,1,0,0,1
2,943,1,1,0,0,1
2,968,1,1,0,0,1
2,970,1,1,0,0,1
2,977,1,1,0,0,1
2,987,1,1,0,0,1
2,1004,1,1,1,0,1
2,1014,1,1,0,0,1
2,1050,1,1,0,0,1
2,1070,1,1,1,0,1
2,1088,1,1,0,0,1
2,1115,1,1,0,0,1
2,1123,1,1,0,0,1
2,1124,1,1,0,0,1
2,1136,1,1,1,0,1
2,1143,1,1,0,0,1
2,1163,1,1,0,0,1
2,1168,1,1,0,0,1
2,1196,1,1,0,0,1
2,1203,1,1,0,0,1
2,1207,1,1,0,0,1
2,1233,1,1,0,0,1
2,1320,1,1,0,0,1
2,1324,1,1,0,0,1
2,1351,1,1,1,0,1
2,1366,1,1,0,0,1
2,1367,1,1,0,1,1
2,1369,1,1,0,1,1
2,1410,1,1,0,0,1
2,1417,1,1,1,0,1
2,1426,1,1,0,0,1
2,1428,1,1,0,0,1
2,1429,1,1,0,1,1
2,1434,1,1,1,0,1
2,1435,1,1,0,1,1
2,1450,1,1,0,1,1
2,1452,1,1,0,0,1
2,1475,1,1,1,0,1
2,1482,1,1,0,0,1
2,1494,1,1,1,0,1
2,1510,1,1,0,0,1
2,1517,1,1,1,0,1
2,1523,1,1,0,0,1
2,1569,1,1,0,1,1
2,1595,1,1,1,0,1
2,1602,1,1,1,0,1
2,1606,1,1,1,0,1
2,1609,1,1,1,0,1
2,1612,1,1,0,1,1
2,1659,1,1,0,1,1
2,1664,1,1,0,0,1
2,1680,1,1,1,0,1
2,1692,1,1,1,0,1
2,1704,1,1,1,0,1
2,1731,1,1,0,0,1
2,1734,1,1,1,0,1
2,1741,1,1,0,0,1
2,1752,1,1,0,1,1
2,1762,1,1,0,0,1
2,1768,1,1,0,0,1
2,1794,1,1,0,1,1
2,1809,1,1,1,0,1
2,1812,1,1,0,1,1
2,1827,1,1,0,0,1
2,1836,1,1,0,0,1
2,1862,1,1,0,0,1
2,1871,1,1,0,1,1
2,1890,1,1,0,1,1
2,1893,1,1,0,1,1
2,1896,1,1,0,1,1
2,1923,1,1,1,0,1
2,1974,1,1,1,0,1
2,1980,1,1,1,0,1
2,1989,1,1,1,0,1
2,2017,1,1,0,1,1
2,2038,1,1,1,0,1
2,2045,1,1,1,0,1
2,2070,1,1,0,0,1
2,2077,1,1,0,1,1
2,2078,1,1,0,0,1
2,2086,1,1,0,0,1
2,2088,1,1,0,0,1
2,2109,1,1,0,1,1
2,2118,1,1,0,0,1
2,2141,1,1,0,0,1
2,2170,1,1,0,0,1
2,2172,1,1,0,0,1
2,2184,1,1,0,0,1
2,2199,1,1,0,1,1
2,2202,1,1,0,0,1
2,2220,1,1,0,0,1
2,2226,1,1,1,0,1
2,2261,1,1,0,0,1
2,2269,1,1,0,0,1
2,2276,1,1,0,1,1
2,2280,1,1,0,0,1
2,2297,1,1,1,0,1
2,2313,1,1,0,0,1
2,2315,1,1,1,0,1
2,2336,1,1,0,0,1
2,2343,1,1,0,1,1
2,2408,1,1,0,1,1
2,2428,1,1,0,0,1
2,2442,1,1,1,0,1
2,2446,1,1,0,0,1
2,2468,1,1,0,0,1
2,2491,1,1,1,0,1
2,2498,1,1,0,1,1
2,6,3,3,0,1,2
2,9,3,3,0,0,2
2,18,3,3,0,0,2
2,124,3,3,0,1,2
2,132,3,3,0,1,2
2,143,3,3,3,0,2
2,206,3,3,1,0,2
2,216,3,3,0,1,2
2,223,3,3,3,0,2
2,231,3,3,3,0,2
2,238,3,3,0,0,2
2,288,3,3,0,0,2
2,292,3,3,0,0,2
2,333,3,3,0,0,2
2,342,3,3,1,0,2
2,372,3,3,3,0,2
2,379,3,3,1,0,2
2,390,3,3,3,0,2
2,392,3,3,3,0,2
2,398,3,3,3,0,2
2,408,3,3,0,1,2
2,432,3,3,0,0,2
2,449,3,3,3,0,2
2,452,3,3,0,0,2
2,464,3,3,0,0,2
2,468,3,3,0,0,2
2,472,3,3,3,0,2
2,482,3,3,0,0,2
2,483,3,3,0,0,2
2,515,3,3,0,3,2
2,542,3,3,1,0,2
2,576,3,3,1,0,2
2,579,3,3,0,0,2
2,585,3,3,3,0,2
2,589,3,3,3,0,2
2,635,3,3,3,0,2
2,682,3,3,3,0,2
2,695,3,3,0,0,2
2,696,3,3,0,0,2
2,697,3,3,0,0,2
2,701,3,3,0,3,2
2,703,3,3,0,0,2
2,735,3,3,0,0,2
2,738,3,3,0,1,2
2,759,3,3,0,1,2
2,781,3,3,0,0,2
2,784,3,3,3,0,2
2,801,3,3,0,0,2
2,815,3,3,0,0,2
2,861,3,3,3,0,2
2,867,3,3,0,0,2
2,873,3,3,0,0,2
2,876,3,3,0,0,2
2,910,3,3,0,0,2
2,941,3,3,0,0,2
2,971,3,3,0,0,2
2,986,3,3,0,3,2
2,990,3,3,0,3,2
2,992,3,3,0,0,2
2,1054,3,3,0,3,2
2,1061,3,3,0,0,2
2,1090,3,3,0,0,2
2,1093,3,3,0,0,2
2,1170,3,3,0,0,2
2,1181,3,3,0,0,2
2,1206,3,3,0,0,2
2,1214,3,3,3,0,2
2,1215,3,3,0,3,2
2,1216,3,3,0,0,2
2,1224,3,3,0,3,2
2,1229,3,3,3,0,2
2,1246,3,3,0,0,2
2,1254,3,3,3,0,2
2,1288,3,3,0,3,2
2,1295,3,3,0,1,2
2,1319,3,3,0,0,2
2,1375,3,3,0,3,2
2,1380,3,3,0,0,2
2,1383,3,3,0,0,2
2,1391,3,3,0,0,2
2,1393,3,3,0,0,2
2,1398,3,3,0,0,2
2,1402,3,3,0,0,2
2,1436,3,3,3,0,2
2,1447,3,3,0,3,2
2,1458,3,3,0,0,2
2,1472,3,3,0,0,2
2,1486,3,3,0,0,2
2,1532,3,3,0,0,2
2,1535,3,3,0,0,2
2,1551,3,3,3,0,2
2,1580,3,3,0,0,2
2,1601,3,3,0,0,2
2,1621,3,3,0,0,2
2,1646,3,3,0,3,2
2,1654,3,3,0,0,2
2,1675,3,3,0,0,2
2,1681,3,3,0,3,2
2,1691,3,3,0,0,2
2,1696,3,3,0,0,2
2,1705,3,3,3,0,2
2,1729,3,3,3,0,2
2,1732,3,3,0,0,2
2,1831,3,3,0,1,2
2,1835,3,3,3,0,2
2,1846,3,3,0,0,2
2,1853,3,3,0,3,2
2,1865,3,3,0,3,2
2,1884,3,3,0,0,2
2,1891,3,3,3,0,2
2,1901,3,3,0,3,2
2,1903,3,3,3,0,2
2,1906,3,3,0,3,2
2,1911,3,3,0,3,2
2,1932,3,3,0,0,2
2,1951,3,3,0,0,2
2,2023,3,3,0,1,2
2,2041,3,3,0,0,2
2,2044,3,3,0,0,2
2,2059,3,3,0,0,2
2,2079,3,3,0,3,2
2,2099,3,3,0,0,2
2,2104,3,3,0,0,2
2,2110,3,3,0,0,2
2,2124,3,3,0,0,2
2,2135,3,3,0,0,2
2,2152,3,3,0,0,2
2,2155,3,3,1,0,2
2,2174,3,3,0,0,2
2,2180,3,3,0,0,2
2,2195,3,3,0,3,2
2,2225,3,3,0,0,2
2,2281,3,3,0,0,2
2,2305,3,3,0,0,2
2,2394,3,3,0,0,2
2,2397,3,3,0,0,2
2,2414,3,3,0,0,2
2,2441,3,3,0,3,2
2,2453,3,3,0,3,2
2,2461,3,3,0,0,2
2,2467,3,3,0,0,2
2,2478,3,3,3,0,2
2,2484,3,3,0,3,2
2,49,1,2,0,0,3
2,86,1,2,1,0,3
2,95,1,2,0,0,3
2,102,1,2,0,0,3
2,103,1,2,0,0,3
2,108,1,2,0,2,3
2,141,1,2,1,0,3
2,193,1,2,0,0,3
2,230,1,2,0,1,3
2,240,1,2,0,2,3
2,254,1,2,0,0,3
2,258,1,2,0,0,3
2,272,1,2,0,0,3
2,295,1,2,0,2,3
2,327,1,2,0,0,3
2,338,1,2,1,0,3
2,340,1,2,0,0,3
2,361,1,2,0,0,3
2,377,1,2,1,0,3
2,381,1,2,1,0,3
2,407,1,2,0,2,3
2,412,1,2,1,0,3
2,456,1,2,0,0,3
2,494,1,2,0,0,3
2,501,1,2,0,0,3
2,508,1,2,0,0,3
2,534,1,2,0,0,3
2,540,1,2,0,0,3
2,577,1,2,0,2,3
2,578,1,2,0,0,3
2,590,1,2,0,0,3
2,595,1,2,0,2,3
2,597,1,2,0,0,3
2,599,1,2,0,2,3
2,606,1,2,0,0,3
2,611,1,2,0,0,3
2,627,1,2,0,0,3
2,648,1,2,0,0,3
2,670,1,2,0,0,3
2,678,1,2,0,0,3
2,717,1,2,0,0,3
2,718,1,2,0,0,3
2,747,1,2,0,0,3
2,752,1,2,0,0,3
2,776,1,2,0,0,3
2,805,1,2,0,0,3
2,829,1,2,0,0,3
2,853,1,2,0,0,3
2,871,1,2,0,0,3
2,900,1,2,0,0,3
2,963,1,2,1,0,3
2,969,1,2,0,2,3
2,1029,1,2,0,0,3
2,1042,1,2,0,0,3
2,1047,1,2,0,0,3
2,1068,1,2,0,0,3
2,1079,1,2,0,0,3
2,1100,1,2,0,0,3
2,1106,1,2,0,0,3
2,1134,1,2,1,0,3
2,1145,1,2,0,0,3
2,1182,1,2,0,0,3
2,1219,1,2,0,0,3
2,1261,1,2,1,0,3
2,1263,1,2,0,0,3
2,1282,1,2,0,0,3
2,1317,1,2,0,0,3
2,1341,1,2,1,0,3
2,1425,1,2,0,2,3
2,1446,1,2,0,0,3
2,1448,1,2,0,2,3
2,1456,1,2,0,0,3
2,1457,1,2,0,0,3
2,1498,1,2,0,0,3
2,1504,1,2,1,0,3
2,1509,1,2,1,0,3
2,1515,1,2,1,0,3
2,1526,1,2,0,0,3
2,1529,1,2,0,0,3
2,1573,1,2,0,0,3
2,1582,1,2,1,0,3
2,1587,1,2,1,0,3
2,1616,1,2,0,0,3
2,1640,1,2,1,0,3
2,1642,1,2,0,0,3
2,1651,1,2,0,0,3
2,1698,1,2,1,0,3
2,1749,1,2,0,0,3
2,1807,1,2,0,2,3
2,1825,1,2,1,0,3
2,1833,1,2,1,0,3
2,1840,1,2,0,2,3
2,1843,1,2,1,0,3
2,1847,1,2,0,0,3
2,1856,1,2,1,0,3
2,1861,1,2,1,0,3
2,1869,1,2,0,0,3
2,1875,1,2,0,0,3
2,1880,1,2,0,0,3
2,1899,1,2,0,0,3
2,1913,1,2,0,1,3
2,1952,1,2,0,0,3
2,2040,1,2,0,0,3
2,2052,1,2,0,0,3
2,2056,1,2,0,0,3
2,2065,1,2,1,0,3
2,2069,1,2,1,0,3
2,2101,1,2,0,0,3
2,2113,1,2,0,0,3
2,2126,1,2,0,2,3
2,2134,1,2,0,0,3
2,2175,1,2,0,0,3
2,2179,1,2,0,0,3
2,2207,1,2,0,2,3
2,2208,1,2,0,0,3
2,2238,1,2,0,0,3
2,2251,1,2,0,1,3
2,2282,1,2,0,2,3
2,2287,1,2,0,0,3
2,2295,1,2,0,0,3
2,2335,1,2,0,0,3
2,2344,1,2,0,0,3
2,2361,1,2,1,0,3
2,2388,1,2,1,0,3
2,2409,1,2,0,0,3
2,2420,1,2,0,1,3
2,2448,1,2,0,0,3
2,2466,1,2,0,2,3
2,48,3,3,0,0,4
2,81,3,3,0,1,4
2,85,3,3,3,0,4
2,121,3,3,0,0,4
2,135,3,3,0,0,4
2,161,3,3,0,0,4
2,180,3,3,0,0,4
2,182,3,3,1,0,4
2,194,3,3,0,0,4
2,227,3,3,0,0,4
2,233,3,3,0,3,4
2,235,3,3,0,0,4
2,244,3,3,0,0,4
2,268,3,3,0,0,4
2,284,3,3,0,0,4
2,312,3,3,0,0,4
2,317,3,3,3,0,4
2,332,3,3,0,0,4
2,352,3,3,0,0,4
2,354,3,3,0,0,4
2,364,3,3,0,1,4
2,378,3,3,3,0,4
2,425,3,3,0,1,4
2,480,3,3,0,0,4
2,481,3,3,0,3,4
2,491,3,3,0,3,4
2,535,3,3,0,0,4
2,563,3,3,0,0,4
2,565,3,3,0,0,4
2,582,3,3,3,0,4
2,650,3,3,0,0,4
2,657,3,3,3,0,4
2,661,3,3,3,0,4
2,739,3,3,3,0,4
2,750,3,3,0,0,4
2,778,3,3,1,0,4
2,794,3,3,0,0,4
2,798,3,3,0,3,4
2,810,3,3,0,3,4
2,840,3,3,0,0,4
2,854,3,3,0,0,4
2,909,3,3,0,0,4
2,958,3,3,0,0,4
2,980,3,3,0,0,4
2,1001,3,3,0,3,4
2,1039,3,3,0,0,4
2,1057,3,3,1,0,4
2,1065,3,3,0,0,4
2,1089,3,3,0,1,4
2,1113,3,3,0,0,4
2,1116,3,3,3,0,4
2,1137,3,3,3,0,4
2,1149,3,3,0,0,4
2,1164,3,3,0,3,4
2,1187,3,3,0,0,4
2,1202,3,3,0,0,4
2,1212,3,3,0,0,4
2,1244,3,3,0,3,4
2,1262,3,3,0,1,4
2,1274,3,3,0,0,4
2,1292,3,3,0,0,4
2,1299,3,3,0,0,4
2,1463,3,3,0,0,4
2,1476,3,3,0,0,4
2,1478,3,3,0,0,4
2,1479,3,3,1,0,4
2,1488,3,3,3,0,4
2,1511,3,3,0,0,4
2,1530,3,3,0,0,4
2,1558,3,3,0,0,4
2,1560,3,3,3,0,4
2,1571,3,3,0,0,4
2,1593,3,3,0,0,4
2,1600,3,3,0,3,4
2,1614,3,3,0,0,4
2,1628,3,3,3,0,4
2,1655,3,3,0,0,4
2,1703,3,3,0,3,4
2,1709,3,3,3,0,4
2,1737,3,3,0,0,4
2,1755,3,3,0,1,4
2,1761,3,3,0,3,4
2,1798,3,3,0,3,4
2,1801,3,3,0,1,4
2,1854,3,3,0,0,4
2,1859,3,3,0,0,4
2,1947,3,3,0,0,4
2,1985,3,3,0,1,4
2,1999,3,3,0,0,4
2,2004,3,3,0,0,4
2,2006,3,3,0,3,4
2,2042,3,3,3,0,4
2,2063,3,3,1,0,4
2,2111,3,3,0,0,4
2,2148,3,3,0,3,4
2,2205,3,3,0,3,4
2,2257,3,3,3,0,4
2,2304,3,3,0,0,4
2,2316,3,3,0,0,4
2,2346,3,3,0,0,4
2,2350,3,3,0,0,4
2,2356,3,3,0,0,4
2,2358,3,3,0,0,4
2,2359,3,3,3,0,4
2,2373,3,3,0,0,4
2,2416,3,3,0,0,4
2,2473,3,3,3,0,4
2,2474,3,3,0,0,4
2,2487,3,3,0,3,4
2,14,1,2,0,0,5
2,23,1,2,0,2,5
2,82,1,2,0,2,5
2,111,1,2,0,2,5
2,136,1,2,0,0,5
2,137,1,2,0,0,5
2,164,1,2,1,0,5
2,167,1,2,0,0,5
2,177,1,2,0,1,5
2,185,1,2,1,0,5
2,190,1,2,0,2,5
2,204,1,2,0,1,5
2,205,1,2,0,0,5
2,211,1,2,0,0,5
2,221,1,2,0,0,5
2,274,1,2,1,0,5
2,275,1,2,0,0,5
2,278,1,2,0,0,5
2,281,1,2,1,0,5
2,330,1,2,0,0,5
2,346,1,2,1,0,5
2,359,1,2,0,0,5
2,362,1,2,0,1,5
2,367,1,2,0,0,5
2,371,1,2,0,0,5
2,384,1,2,0,0,5
2,394,1,2,0,0,5
2,415,1,2,0,0,5
2,420,1,2,0,2,5
2,422,1,2,0,0,5
2,436,1,2,1,0,5
2,445,1,2,0,0,5
2,448,1,2,0,1,5
2,466,1,2,0,2,5
2,469,1,2,0,0,5
2,479,1,2,0,0,5
2,488,1,2,0,0,5
2,496,1,2,0,2,5
2,512,1,2,0,0,5
2,517,1,2,0,2,5
2,526,1,2,0,0,5
2,547,1,2,0,0,5
2,617,1,2,0,0,5
2,618,1,2,1,0,5
2,638,1,2,0,2,5
2,644,1,2,1,0,5
2,646,1,2,0,0,5
2,680,1,2,1,0,5
2,685,1,2,1,0,5
2,698,1,2,0,1,5
2,700,1,2,0,2,5
2,715,1,2,0,0,5
2,736,1,2,1,0,5
2,751,1,2,1,0,5
2,792,1,2,0,0,5
2,799,1,2,0,0,5
2,803,1,2,0,2,5
2,819,1,2,0,1,5
2,823,1,2,1,0,5
2,866,1,2,0,2,5
2,875,1,2,0,0,5
2,884,1,2,0,0,5
2,889,1,2,0,0,5
2,895,1,2,0,0,5
2,911,1,2,0,2,5
2,913,1,2,0,0,5
2,915,1,2,1,0,5
2,940,1,2,0,0,5
2,947,1,2,0,0,5
2,953,1,2,0,2,5
2,956,1,2,0,0,5
2,961,1,2,0,2,5
2,995,1,2,1,0,5
2,996,1,2,0,0,5
2,999,1,2,0,2,5
2,1002,1,2,1,0,5
2,1005,1,2,0,2,5
2,1010,1,2,0,0,5
2,1016,1,2,0,0,5
2,1019,1,2,0,2,5
2,1028,1,2,0,0,5
2,1040,1,2,0,0,5
2,1060,1,2,0,1,5
2,1083,1,2,0,0,5
2,1086,1,2,0,1,5
2,1129,1,2,0,0,5
2,1162,1,2,0,1,5
2,1171,1,2,0,0,5
2,1205,1,2,0,2,5
2,1225,1,2,0,0,5
2,1294,1,2,0,0,5
2,1344,1,2,0,0,5
2,1352,1,2,0,0,5
2,1440,1,2,0,0,5
2,1491,1,2,0,0,5
2,1495,1,2,0,2,5
2,1542,1,2,0,0,5
2,1550,1,2,0,0,5
2,1568,1,2,1,0,5
2,1578,1,2,0,2,5
2,1586,1,2,0,2,5
2,1589,1,2,0,2,5
2,1591,1,2,0,2,5
2,1596,1,2,0,0,5
2,1615,1,2,0,0,5
2,1617,1,2,0,0,5
2,1634,1,2,0,0,5
2,1635,1,2,0,2,5
2,1650,1,2,1,0,5
2,1658,1,2,0,0,5
2,1667,1,2,0,0,5
2,1670,1,2,0,1,5
2,1742,1,2,1,0,5
2,1744,1,2,0,0,5
2,1765,1,2,0,1,5
2,1770,1,2,0,0,5
2,1785,1,2,0,0,5
2,1788,1,2,0,0,5
2,1814,1,2,1,0,5
2,1820,1,2,0,0,5
2,1822,1,2,0,2,5
2,1857,1,2,0,2,5
2,1864,1,2,0,0,5
2,1905,1,2,0,0,5
2,1936,1,2,1,0,5
2,1939,1,2,0,2,5
2,1943,1,2,1,0,5
2,1953,1,2,0,0,5
2,1956,1,2,0,0,5
2,1963,1,2,0,0,5
2,1984,1,2,0,0,5
2,1988,1,2,0,2,5
2,2002,1,2,0,2,5
2,2005,1,2,0,0,5
2,2014,1,2,0,1,5
2,2027,1,2,0,1,5
2,2033,1,2,0,2,5
2,2073,1,2,0,0,5
2,2091,1,2,0,0,5
2,2094,1,2,0,0,5
2,2095,1,2,0,0,5
2,2100,1,2,0,0,5
2,2103,1,2,0,2,5
2,2122,1,2,0,0,5
2,2130,1,2,0,0,5
2,2143,1,2,0,0,5
2,2144,1,2,1,0,5
2,2147,1,2,0,0,5
2,2171,1,2,1,0,5
2,2176,1,2,0,1,5
2,2190,1,2,0,1,5
2,2198,1,2,1,0,5
2,2211,1,2,0,1,5
2,2215,1,2,0,0,5
2,2217,1,2,0,0,5
2,2235,1,2,1,0,5
2,2283,1,2,1,0,5
2,2294,1,2,0,2,5
2,2298,1,2,0,0,5
2,2299,1,2,0,0,5
2,2321,1,2,0,2,5
2,2332,1,2,0,0,5
2,2345,1,2,0,1,5
2,2376,1,2,1,0,5
2,2391,1,2,0,0,5
2,2395,1,2,1,0,5
2,2402,1,2,1,0,5
2,2405,1,2,1,0,5
2,2436,1,2,0,0,5
2,2469,1,2,0,0,5
2,2488,1,2,0,2,5
2,32,1,1,0,0,6
2,54,1,1,1,0,6
2,84,1,1,0,0,6
2,100,1,1,0,0,6
2,138,1,1,0,0,6
2,146,1,1,0,0,6
2,163,1,1,0,1,6
2,172,1,1,0,0,6
2,243,1,1,0,0,6
2,246,1,1,0,0,6
2,262,1,1,0,0,6
2,269,1,1,1,0,6
2,283,1,1,0,0,6
2,287,1,1,0,0,6
2,294,1,1,0,0,6
2,318,1,1,1,0,6
2,349,1,1,0,0,6
2,369,1,1,0,1,6
2,401,1,1,0,1,6
2,439,1,1,1,0,6
2,453,1,1,0,0,6
2,465,1,1,0,0,6
2,470,1,1,0,0,6
2,475,1,1,0,0,6
2,536,1,1,0,1,6
2,552,1,1,0,1,6
2,575,1,1,0,0,6
2,647,1,1,0,0,6
2,720,1,1,1,0,6
2,737,1,1,1,0,6
2,762,1,1,1,0,6
2,767,1,1,0,0,6
2,783,1,1,0,1,6
2,790,1,1,1,0,6
2,796,1,1,0,1,6
2,806,1,1,1,0,6
2,816,1,1,0,0,6
2,838,1,1,0,1,6
2,848,1,1,0,0,6
2,850,1,1,0,0,6
2,857,1,1,1,0,6
2,862,1,1,0,0,6
2,865,1,1,0,0,6
2,879,1,1,0,0,6
2,894,1,1,0,1,6
2,928,1,1,1,0,6
2,954,1,1,0,0,6
2,984,1,1,0,0,6
2,991,1,1,1,0,6
2,993,1,1,0,1,6
2,1035,1,1,0,0,6
2,1038,1,1,0,0,6
2,1046,1,1,0,1,6
2,1058,1,1,0,0,6
2,1059,1,1,0,0,6
2,1063,1,1,0,1,6
2,1064,1,1,1,0,6
2,1078,1,1,0,0,6
2,1094,1,1,0,0,6
2,1095,1,1,0,0,6
2,1102,1,1,0,1,6
2,1175,1,1,0,0,6
2,1183,1,1,0,0,6
2,1204,1,1,0,0,6
2,1213,1,1,0,1,6
2,1220,1,1,0,0,6
2,1234,1,1,1,0,6
2,1239,1,1,0,1,6
2,1256,1,1,0,0,6
2,1260,1,1,0,0,6
2,1271,1,1,1,0,6
2,1312,1,1,1,0,6
2,1315,1,1,1,0,6
2,1325,1,1,0,1,6
2,1332,1,1,0,0,6
2,1368,1,1,0,0,6
2,1374,1,1,0,0,6
2,1376,1,1,0,0,6
2,1400,1,1,1,0,6
2,1408,1,1,0,1,6
2,1413,1,1,0,1,6
2,1442,1,1,0,0,6
2,1454,1,1,1,0,6
2,1503,1,1,0,1,6
2,1524,1,1,1,0,6
2,1547,1,1,0,0,6
2,1559,1,1,0,0,6
2,1570,1,1,0,1,6
2,1626,1,1,1,0,6
2,1633,1,1,0,0,6
2,1637,1,1,0,0,6
2,1665,1,1,1,0,6
2,1671,1,1,0,0,6
2,1679,1,1,0,1,6
2,1694,1,1,0,0,6
2,1721,1,1,0,0,6
2,1725,1,1,0,1,6
2,1733,1,1,0,0,6
2,1736,1,1,1,0,6
2,1748,1,1,0,0,6
2,1763,1,1,0,0,6
2,1771,1,1,0,0,6
2,1791,1,1,0,0,6
2,1819,1,1,1,0,6
2,1866,1,1,0,1,6
2,1881,1,1,0,0,6
2,1895,1,1,0,1,6
2,1919,1,1,0,1,6
2,1934,1,1,0,0,6
2,1960,1,1,0,0,6
2,2021,1,1,0,0,6
2,2048,1,1,0,1,6
2,2062,1,1,0,0,6
2,2097,1,1,0,1,6
2,2158,1,1,1,0,6
2,2178,1,1,1,0,6
2,2191,1,1,0,1,6
2,2193,1,1,0,1,6
2,2223,1,1,1,0,6
2,2229,1,1,0,1,6
2,2243,1,1,0,0,6
2,2247,1,1,1,0,6
2,2267,1,1,0,0,6
2,2268,1,1,0,0,6
2,2270,1,1,0,0,6
2,2274,1,1,0,1,6
2,2288,1,1,0,0,6
2,2290,1,1,1,0,6
2,2312,1,1,0,0,6
2,2410,1,1,0,0,6
2,2432,1,1,0,0,6
2,2435,1,1,0,1,6
2,2451,1,1,0,0,6
2,2459,1,1,0,0,6
2,7,1,2,0,0,7
2,35,1,2,0,0,7
2,41,1,2,0,0,7
2,62,1,2,1,0,7
2,65,1,2,0,2,7
2,69,1,2,0,1,7
2,97,1,2,0,0,7
2,101,1,2,0,0,7
2,110,1,2,0,0,7
2,113,1,2,0,0,7
2,115,1,2,0,0,7
2,128,1,2,0,0,7
2,134,1,2,1,0,7
2,169,1,2,0,0,7
2,171,1,2,0,0,7
2,176,1,2,1,0,7
2,198,1,2,1,0,7
2,207,1,2,0,0,7
2,226,1,2,0,0,7
2,228,1,2,0,1,7
2,232,1,2,0,0,7
2,251,1,2,0,2,7
2,267,1,2,0,0,7
2,271,1,2,0,2,7
2,315,1,2,0,2,7
2,321,1,2,0,0,7
2,358,1,2,0,0,7
2,393,1,2,0,0,7
2,419,1,2,0,1,7
2,423,1,2,0,2,7
2,441,1,2,0,1,7
2,473,1,2,0,0,7
2,487,1,2,1,0,7
2,504,1,2,0,1,7
2,525,1,2,0,2,7
2,570,1,2,0,0,7
2,587,1,2,1,0,7
2,588,1,2,0,1,7
2,598,1,2,0,0,7
2,607,1,2,1,0,7
2,613,1,2,0,0,7
2,630,1,2,0,2,7
2,669,1,2,0,0,7
2,675,1,2,0,2,7
2,676,1,2,1,0,7
2,721,1,2,0,0,7
2,730,1,2,0,0,7
2,763,1,2,0,2,7
2,769,1,2,1,0,7
2,782,1,2,0,0,7
2,804,1,2,0,0,7
2,807,1,2,0,0,7
2,844,1,2,0,0,7
2,847,1,2,1,0,7
2,877,1,2,0,0,7
2,882,1,2,0,1,7
2,899,1,2,0,0,7
2,901,1,2,0,0,7
2,903,1,2,0,0,7
2,906,1,2,0,2,7
2,917,1,2,1,0,7
2,918,1,2,0,0,7
2,919,1,2,0,0,7
2,973,1,2,0,0,7
2,1055,1,2,0,0,7
2,1084,1,2,0,0,7
2,1085,1,2,0,2,7
2,1097,1,2,0,2,7
2,1105,1,2,0,0,7
2,1112,1,2,0,0,7
2,1125,1,2,1,0,7
2,1173,1,2,0,0,7
2,1231,1,2,0,0,7
2,1258,1,2,0,0,7
2,1293,1,2,0,2,7
2,1314,1,2,0,0,7
2,1331,1,2,0,0,7
2,1358,1,2,0,0,7
2,1370,1,2,0,2,7
2,1381,1,2,1,0,7
2,1390,1,2,1,0,7
2,1397,1,2,0,2,7
2,1422,1,2,0,0,7
2,1424,1,2,0,0,7
2,1465,1,2,0,2,7
2,1466,1,2,0,0,7
2,1470,1,2,0,1,7
2,1489,1,2,1,0,7
2,1492,1,2,0,0,7
2,1505,1,2,1,0,7
2,1514,1,2,1,0,7
2,1544,1,2,0,2,7
2,1576,1,2,0,0,7
2,1579,1,2,0,0,7
2,1590,1,2,0,0,7
2,1630,1,2,1,0,7
2,1638,1,2,0,0,7
2,1663,1,2,0,0,7
2,1673,1,2,0,0,7
2,1700,1,2,0,0,7
2,1711,1,2,1,0,7
2,1723,1,2,0,2,7
2,1743,1,2,0,0,7
2,1758,1,2,0,0,7
2,1759,1,2,0,0,7
2,1777,1,2,1,0,7
2,1781,1,2,0,0,7
2,1782,1,2,0,0,7
2,1800,1,2,1,0,7
2,1810,1,2,0,0,7
2,1848,1,2,1,0,7
2,1870,1,2,0,0,7
2,1873,1,2,0,1,7
2,1883,1,2,0,0,7
2,1885,1,2,0,0,7
2,1886,1,2,0,0,7
2,1910,1,2,0,2,7
2,1944,1,2,0,0,7
2,1965,1,2,0,0,7
2,1968,1,2,0,0,7
2,1975,1,2,0,0,7
2,1977,1,2,0,0,7
2,2034,1,2,0,2,7
2,2036,1,2,0,2,7
2,2037,1,2,0,0,7
2,2055,1,2,0,0,7
2,2067,1,2,0,0,7
2,2068,1,2,0,0,7
2,2096,1,2,1,0,7
2,2115,1,2,0,0,7
2,2127,1,2,0,0,7
2,2129,1,2,0,0,7
2,2131,1,2,0,0,7
2,2146,1,2,1,0,7
2,2151,1,2,0,1,7
2,2154,1,2,0,0,7
2,2163,1,2,0,1,7
2,2186,1,2,0,0,7
2,2214,1,2,0,0,7
2,2216,1,2,0,0,7
2,2241,1,2,0,0,7
2,2254,1,2,0,2,7
2,2279,1,2,0,0,7
2,2284,1,2,0,0,7
2,2307,1,2,0,0,7
2,2308,1,2,0,2,7
2,2325,1,2,0,0,7
2,2363,1,2,0,2,7
2,2369,1,2,1,0,7
2,2370,1,2,0,0,7
2,2375,1,2,0,1,7
2,2380,1,2,0,0,7
2,2396,1,2,0,0,7
2,2404,1,2,0,0,7
2,2421,1,2,0,0,7
2,2429,1,2,0,0,7
2,2455,1,2,1,0,7
2,2456,1,2,1,0,7
2,2457,1,2,1,0,7
2,2463,1,2,0,0,7
2,2464,1,2,0,0,7
2,2472,1,2,0,0,7
2,2481,1,2,0,0,7
2,2493,1,2,0,0,7
2,10,1,1,0,0,8
2,11,1,1,0,1,8
2,17,1,1,1,0,8
2,29,1,1,0,1,8
2,55,1,1,1,0,8
2,77,1,1,0,1,8
2,158,1,1,0,0,8
2,188,1,1,0,1,8
2,208,1,1,0,0,8
2,255,1,1,1,0,8
2,313,1,1,0,0,8
2,329,1,1,0,1,8
2,351,1,1,1,0,8
2,417,1,1,1,0,8
2,424,1,1,0,0,8
2,430,1,1,0,0,8
2,446,1,1,0,1,8
2,450,1,1,0,1,8
2,484,1,1,0,1,8
2,485,1,1,0,1,8
2,490,1,1,1,0,8
2,507,1,1,1,0,8
2,511,1,1,0,0,8
2,520,1,1,0,0,8
2,556,1,1,0,1,8
2,568,1,1,0,0,8
2,572,1,1,0,0,8
2,591,1,1,0,0,8
2,612,1,1,0,0,8
2,614,1,1,0,1,8
2,615,1,1,1,0,8
2,645,1,1,1,0,8
2,653,1,1,0,0,8
2,663,1,1,0,0,8
2,673,1,1,0,0,8
2,686,1,1,1,0,8
2,707,1,1,0,1,8
2,711,1,1,0,1,8
2,726,1,1,1,0,8
2,732,1,1,1,0,8
2,741,1,1,0,1,8
2,765,1,1,0,1,8
2,797,1,1,1,0,8
2,814,1,1,0,0,8
2,818,1,1,0,1,8
2,835,1,1,0,0,8
2,843,1,1,0,0,8
2,872,1,1,0,0,8
2,874,1,1,0,1,8
2,878,1,1,0,1,8
2,890,1,1,1,0,8
2,924,1,1,0,0,8
2,926,1,1,0,0,8
2,945,1,1,1,0,8
2,952,1,1,0,1,8
2,1067,1,1,1,0,8
2,1109,1,1,1,0,8
2,1114,1,1,0,0,8
2,1127,1,1,1,0,8
2,1156,1,1,0,0,8
2,1158,1,1,0,0,8
2,1167,1,1,1,0,8
2,1172,1,1,1,0,8
2,1218,1,1,0,1,8
2,1255,1,1,0,0,8
2,1265,1,1,0,1,8
2,1269,1,1,1,0,8
2,1284,1,1,1,0,8
2,1321,1,1,0,0,8
2,1335,1,1,0,0,8
2,1336,1,1,0,0,8
2,1339,1,1,1,0,8
2,1350,1,1,0,0,8
2,1362,1,1,0,0,8
2,1392,1,1,0,0,8
2,1396,1,1,1,0,8
2,1403,1,1,0,0,8
2,1414,1,1,1,0,8
2,1444,1,1,0,0,8
2,1460,1,1,1,0,8
2,1481,1,1,0,0,8
2,1533,1,1,1,0,8
2,1534,1,1,0,0,8
2,1537,1,1,0,1,8
2,1543,1,1,0,0,8
2,1565,1,1,1,0,8
2,1727,1,1,0,1,8
2,1747,1,1,1,0,8
2,1767,1,1,0,1,8
2,1773,1,1,0,1,8
2,1775,1,1,0,0,8
2,1787,1,1,1,0,8
2,1797,1,1,1,0,8
2,1842,1,1,1,0,8
2,1877,1,1,0,0,8
2,1914,1,1,1,0,8
2,1941,1,1,0,0,8
2,1955,1,1,0,0,8
2,1957,1,1,1,0,8
2,1994,1,1,1,0,8
2,2008,1,1,1,0,8
2,2028,1,1,0,0,8
2,2030,1,1,0,1,8
2,2039,1,1,0,1,8
2,2043,1,1,0,1,8
2,2066,1,1,0,1,8
2,2071,1,1,0,0,8
2,2074,1,1,0,0,8
2,2084,1,1,0,1,8
2,2090,1,1,0,0,8
2,2121,1,1,0,0,8
2,2173,1,1,0,0,8
2,2200,1,1,0,1,8
2,2227,1,1,0,0,8
2,2250,1,1,0,0,8
2,2285,1,1,0,0,8
2,2322,1,1,1,0,8
2,2330,1,1,0,0,8
2,2374,1,1,0,0,8
2,2384,1,1,0,1,8
2,2386,1,1,1,0,8
2,2399,1,1,0,0,8
2,2427,1,1,0,0,8
2,2440,1,1,0,1,8
2,1,1,1,0,1,9
2,13,1,1,1,0,9
2,47,1,1,1,0,9
2,50,1,1,0,1,9
2,78,1,1,0,1,9
2,107,1,1,0,0,9
2,109,1,1,0,0,9
2,114,1,1,0,0,9
2,139,1,1,0,0,9
2,148,1,1,0,1,9
2,153,1,1,1,0,9
2,166,1,1,0,0,9
2,175,1,1,0,1,9
2,197,1,1,1,0,9
2,203,1,1,0,1,9
2,250,1,1,0,0,9
2,265,1,1,1,0,9
2,299,1,1,0,0,9
2,341,1,1,0,1,9
2,380,1,1,0,0,9
2,391,1,1,0,0,9
2,406,1,1,0,0,9
2,428,1,1,0,0,9
2,437,1,1,1,0,9
2,440,1,1,0,0,9
2,454,1,1,1,0,9
2,461,1,1,0,0,9
2,476,1,1,0,0,9
2,477,1,1,0,1,9
2,492,1,1,0,1,9
2,545,1,1,0,1,9
2,548,1,1,0,0,9
2,553,1,1,0,1,9
2,567,1,1,0,0,9
2,626,1,1,0,1,9
2,652,1,1,1,0,9
2,693,1,1,0,1,9
2,705,1,1,0,0,9
2,706,1,1,0,0,9
2,709,1,1,0,0,9
2,725,1,1,0,0,9
2,729,1,1,0,0,9
2,733,1,1,0,0,9
2,787,1,1,0,0,9
2,791,1,1,0,0,9
2,817,1,1,0,0,9
2,831,1,1,0,0,9
2,849,1,1,1,0,9
2,858,1,1,1,0,9
2,864,1,1,0,0,9
2,898,1,1,0,0,9
2,907,1,1,0,0,9
2,938,1,1,0,1,9
2,959,1,1,0,1,9
2,962,1,1,0,0,9
2,1006,1,1,0,0,9
2,1013,1,1,1,0,9
2,1033,1,1,1,0,9
2,1049,1,1,0,0,9
2,1077,1,1,1,0,9
2,1132,1,1,0,0,9
2,1135,1,1,0,0,9
2,1153,1,1,0,0,9
2,1198,1,1,0,0,9
2,1199,1,1,0,0,9
2,1200,1,1,0,0,9
2,1232,1,1,0,1,9
2,1235,1,1,1,0,9
2,1250,1,1,0,1,9
2,1289,1,1,0,0,9
2,1297,1,1,0,0,9
2,1305,1,1,0,0,9
2,1337,1,1,0,0,9
2,1345,1,1,1,0,9
2,1357,1,1,0,0,9
2,1372,1,1,0,0,9
2,1384,1,1,0,0,9
2,1427,1,1,0,0,9
2,1437,1,1,0,0,9
2,1439,1,1,1,0,9
2,1443,1,1,0,0,9
2,1449,1,1,1,0,9
2,1469,1,1,0,1,9
2,1525,1,1,0,0,9
2,1528,1,1,0,0,9
2,1562,1,1,0,0,9
2,1566,1,1,0,0,9
2,1574,1,1,0,0,9
2,1625,1,1,0,0,9
2,1639,1,1,0,1,9
2,1644,1,1,0,1,9
2,1686,1,1,0,0,9
2,1695,1,1,0,0,9
2,1713,1,1,1,0,9
2,1717,1,1,0,0,9
2,1728,1,1,0,0,9
2,1750,1,1,0,0,9
2,1764,1,1,0,0,9
2,1802,1,1,0,0,9
2,1813,1,1,0,0,9
2,1826,1,1,0,0,9
2,1828,1,1,0,0,9
2,1850,1,1,0,1,9
2,1950,1,1,0,0,9
2,1958,1,1,0,0,9
2,1976,1,1,0,1,9
2,1978,1,1,0,0,9
2,1997,1,1,0,0,9
2,2012,1,1,0,0,9
2,2018,1,1,1,0,9
2,2051,1,1,1,0,9
2,2054,1,1,0,0,9
2,2072,1,1,0,0,9
2,2114,1,1,0,0,9
2,2116,1,1,0,1,9
2,2132,1,1,0,1,9
2,2136,1,1,0,0,9
2,2145,1,1,0,1,9
2,2156,1,1,1,0,9
2,2204,1,1,1,0,9
2,2255,1,1,0,1,9
2,2262,1,1,1,0,9
2,2263,1,1,0,0,9
2,2264,1,1,0,0,9
2,2265,1,1,0,1,9
2,2266,1,1,0,1,9
2,2275,1,1,0,0,9
2,2278,1,1,0,1,9
2,2311,1,1,1,0,9
2,2331,1,1,0,1,9
2,2360,1,1,0,1,9
2,2383,1,1,0,0,9
2,2398,1,1,1,0,9
2,2400,1,1,0,1,9
2,2407,1,1,0,0,9
2,2422,1,1,0,0,9
2,2444,1,1,0,0,9
2,2460,1,1,0,0,9
2,27,1,1,0,0,10
2,36,1,1,0,1,10
2,40,1,1,0,0,10
2,42,1,1,0,1,10
2,51,1,1,0,0,10
2,89,1,1,0,0,10
2,93,1,1,0,0,10
2,94,1,1,0,1,10
2,133,1,1,0,0,10
2,145,1,1,1,0,10
2,157,1,1,0,0,10
2,162,1,1,0,0,10
2,165,1,1,0,0,10
2,178,1,1,0,0,10
2,181,1,1,0,0,10
2,209,1,1,1,0,10
2,220,1,1,1,0,10
2,234,1,1,0,0,10
2,237,1,1,0,0,10
2,261,1,1,1,0,10
2,273,1,1,0,0,10
2,297,1,1,0,0,10
2,305,1,1,1,0,10
2,323,1,1,1,0,10
2,335,1,1,0,0,10
2,348,1,1,0,0,10
2,370,1,1,0,1,10
2,388,1,1,0,0,10
2,396,1,1,0,0,10
2,405,1,1,0,0,10
2,418,1,1,1,0,10
2,429,1,1,1,0,10
2,447,1,1,1,0,10
2,459,1,1,0,1,10
2,497,1,1,0,0,10
2,518,1,1,1,0,10
2,521,1,1,0,0,10
2,522,1,1,0,0,10
2,544,1,1,0,1,10
2,604,1,1,0,1,10
2,616,1,1,0,1,10
2,640,1,1,0,0,10
2,643,1,1,0,0,10
2,659,1,1,0,0,10
2,660,1,1,0,0,10
2,672,1,1,0,0,10
2,689,1,1,0,0,10
2,690,1,1,0,1,10
2,691,1,1,0,0,10
2,692,1,1,0,0,10
2,713,1,1,0,0,10
2,748,1,1,0,0,10
2,766,1,1,0,1,10
2,775,1,1,0,1,10
2,908,1,1,0,0,10
2,936,1,1,0,0,10
2,950,1,1,0,1,10
2,976,1,1,0,0,10
2,998,1,1,0,0,10
2,1024,1,1,0,1,10
2,1025,1,1,0,0,10
2,1030,1,1,0,0,10
2,1041,1,1,0,0,10
2,1080,1,1,1,0,10
2,1081,1,1,1,0,10
2,1101,1,1,0,0,10
2,1110,1,1,0,0,10
2,1128,1,1,0,1,10
2,1130,1,1,1,0,10
2,1160,1,1,0,0,10
2,1174,1,1,0,1,10
2,1177,1,1,1,0,10
2,1186,1,1,0,0,10
2,1193,1,1,0,0,10
2,1237,1,1,1,0,10
2,1240,1,1,0,0,10
2,1242,1,1,1,0,10
2,1270,1,1,0,0,10
2,1275,1,1,0,1,10
2,1286,1,1,0,0,10
2,1296,1,1,0,0,10
2,1333,1,1,0,0,10
2,1359,1,1,0,0,10
2,1360,1,1,0,1,10
2,1361,1,1,0,1,10
2,1363,1,1,0,1,10
2,1364,1,1,0,0,10
2,1387,1,1,0,0,10
2,1389,1,1,0,0,10
2,1405,1,1,0,0,10
2,1455,1,1,1,0,10
2,1477,1,1,0,0,10
2,1483,1,1,0,0,10
2,1497,1,1,0,0,10
2,1506,1,1,0,0,10
2,1512,1,1,1,0,10
2,1541,1,1,1,0,10
2,1567,1,1,0,0,10
2,1598,1,1,0,0,10
2,1613,1,1,0,1,10
2,1623,1,1,0,0,10
2,1672,1,1,0,0,10
2,1699,1,1,0,0,10
2,1706,1,1,0,0,10
2,1776,1,1,1,0,10
2,1789,1,1,0,0,10
2,1803,1,1,0,0,10
2,1804,1,1,0,0,10
2,1805,1,1,0,0,10
2,1849,1,1,0,1,10
2,1863,1,1,0,0,10
2,1872,1,1,0,0,10
2,1892,1,1,0,0,10
2,1898,1,1,0,0,10
2,1907,1,1,1,0,10
2,1928,1,1,0,0,10
2,1937,1,1,0,0,10
2,1945,1,1,0,0,10
2,1948,1,1,0,1,10
2,1971,1,1,0,0,10
2,2016,1,1,0,0,10
2,2032,1,1,0,0,10
2,2047,1,1,0,0,10
2,2085,1,1,0,1,10
2,2150,1,1,0,0,10
2,2167,1,1,0,0,10
2,2177,1,1,1,0,10
2,2197,1,1,0,0,10
2,2201,1,1,1,0,10
2,2228,1,1,0,0,10
2,2232,1,1,0,0,10
2,2239,1,1,0,0,10
2,2292,1,1,1,0,10
2,2296,1,1,0,0,10
2,2326,1,1,0,0,10
2,2364,1,1,0,0,10
2,2366,1,1,0,0,10
2,2385,1,1,0,1,10
2,2406,1,1,0,1,10
2,2415,1,1,1,0,10
2,2426,1,1,1,0,10
2,2450,1,1,0,0,10
2,2475,1,1,0,0,10
2,2499,1,1,0,1,10
2,0,1,1,0,1,11
2,3,1,1,0,0,11
2,4,1,1,1,0,11
2,15,1,1,0,0,11
2,20,1,1,0,0,11
2,30,1,1,0,1,11
2,43,1,1,0,0,11
2,46,1,1,0,1,11
2,120,1,1,0,0,11
2,150,1,1,0,1,11
2,151,1,1,0,0,11
2,155,1,1,1,0,11
2,168,1,1,0,1,11
2,195,1,1,0,0,11
2,213,1,1,0,1,11
2,247,1,1,0,0,11
2,256,1,1,0,1,11
2,289,1,1,0,0,11
2,296,1,1,0,0,11
2,301,1,1,0,1,11
2,311,1,1,0,0,11
2,331,1,1,0,1,11
2,353,1,1,1,0,11
2,355,1,1,0,0,11
2,402,1,1,0,0,11
2,414,1,1,0,0,11
2,463,1,1,0,1,11
2,550,1,1,0,0,11
2,554,1,1,0,0,11
2,557,1,1,0,0,11
2,559,1,1,0,1,11
2,571,1,1,0,1,11
2,583,1,1,0,0,11
2,586,1,1,1,0,11
2,592,1,1,0,0,11
2,594,1,1,1,0,11
2,634,1,1,1,0,11
2,639,1,1,1,0,11
2,651,1,1,0,0,11
2,679,1,1,0,1,11
2,710,1,1,0,0,11
2,728,1,1,0,1,11
2,753,1,1,0,0,11
2,774,1,1,0,0,11
2,795,1,1,0,1,11
2,828,1,1,1,0,11
2,833,1,1,0,1,11
2,863,1,1,0,0,11
2,886,1,1,0,0,11
2,887,1,1,0,0,11
2,891,1,1,1,0,11
2,905,1,1,0,0,11
2,932,1,1,1,0,11
2,933,1,1,0,0,11
2,944,1,1,0,0,11
2,946,1,1,0,0,11
2,955,1,1,0,0,11
2,966,1,1,0,0,11
2,978,1,1,0,0,11
2,1000,1,1,0,0,11
2,1009,1,1,0,0,11
2,1037,1,1,1,0,11
2,1075,1,1,0,0,11
2,1091,1,1,0,1,11
2,1096,1,1,0,0,11
2,1103,1,1,0,0,11
2,1107,1,1,0,0,11
2,1119,1,1,0,1,11
2,1148,1,1,0,0,11
2,1154,1,1,0,0,11
2,1166,1,1,0,0,11
2,1180,1,1,0,0,11
2,1185,1,1,0,0,11
2,1230,1,1,1,0,11
2,1238,1,1,0,0,11
2,1245,1,1,0,0,11
2,1248,1,1,0,0,11
2,1252,1,1,0,0,11
2,1259,1,1,0,0,11
2,1272,1,1,0,1,11
2,1298,1,1,0,0,11
2,1300,1,1,0,0,11
2,1326,1,1,1,0,11
2,1329,1,1,0,0,11
2,1386,1,1,1,0,11
2,1395,1,1,0,0,11
2,1407,1,1,0,0,11
2,1411,1,1,0,1,11
2,1419,1,1,1,0,11
2,1487,1,1,1,0,11
2,1496,1,1,1,0,11
2,1499,1,1,0,1,11
2,1527,1,1,0,1,11
2,1572,1,1,0,0,11
2,1592,1,1,1,0,11
2,1620,1,1,0,1,11
2,1643,1,1,1,0,11
2,1645,1,1,0,0,11
2,1682,1,1,0,0,11
2,1689,1,1,1,0,11
2,1702,1,1,0,0,11
2,1708,1,1,0,0,11
2,1716,1,1,0,0,11
2,1724,1,1,0,0,11
2,1735,1,1,0,0,11
2,1738,1,1,1,0,11
2,1746,1,1,0,1,11
2,1774,1,1,0,0,11
2,1793,1,1,1,0,11
2,1795,1,1,0,1,11
2,1796,1,1,1,0,11
2,1811,1,1,0,0,11
2,1832,1,1,0,0,11
2,1851,1,1,1,0,11
2,1876,1,1,1,0,11
2,1894,1,1,0,0,11
2,1900,1,1,0,0,11
2,1908,1,1,0,1,11
2,1912,1,1,0,1,11
2,1915,1,1,0,0,11
2,1916,1,1,0,1,11
2,1917,1,1,0,0,11
2,1924,1,1,0,1,11
2,1929,1,1,0,0,11
2,1967,1,1,0,0,11
2,1973,1,1,0,1,11
2,1995,1,1,0,1,11
2,1996,1,1,1,0,11
2,1998,1,1,0,0,11
2,2011,1,1,1,0,11
2,2024,1,1,0,1,11
2,2029,1,1,0,0,11
2,2035,1,1,0,0,11
2,2082,1,1,1,0,11
2,2123,1,1,1,0,11
2,2125,1,1,0,1,11
2,2159,1,1,0,0,11
2,2162,1,1,0,1,11
2,2164,1,1,1,0,11
2,2168,1,1,1,0,11
2,2169,1,1,0,0,11
2,2212,1,1,0,0,11
2,2219,1,1,0,0,11
2,2240,1,1,1,0,11
2,2259,1,1,0,0,11
2,2293,1,1,0,1,11
2,2303,1,1,0,0,11
2,2338,1,1,0,0,11
2,2347,1,1,0,0,11
2,2352,1,1,0,1,11
2,2355,1,1,1,0,11
2,2362,1,1,0,0,11
2,2389,1,1,0,0,11
2,2430,1,1,0,0,11
2,2433,1,1,0,0,11
2,2445,1,1,1,0,11
2,2452,1,1,1,0,11
2,2477,1,1,0,0,11
2,2480,1,1,0,0,11
2,2496,1,1,1,0,11
2,21,1,3,0,3,12
2,28,1,3,0,0,12
2,59,1,3,0,3,12
2,60,1,3,1,0,12
2,66,1,3,0,0,12
2,96,1,3,0,0,12
2,99,1,3,0,3,12
2,104,1,3,1,0,12
2,116,1,3,0,3,12
2,119,1,3,1,0,12
2,125,1,3,0,0,12
2,130,1,3,0,3,12
2,140,1,3,0,0,12
2,149,1,3,0,0,12
2,159,1,3,1,0,12
2,179,1,3,0,0,12
2,184,1,3,0,0,12
2,241,1,3,1,0,12
2,308,1,3,0,0,12
2,314,1,3,0,0,12
2,336,1,3,0,1,12
2,337,1,3,0,0,12
2,343,1,3,0,0,12
2,347,1,3,0,0,12
2,350,1,3,0,1,12
2,386,1,3,0,0,12
2,389,1,3,0,0,12
2,395,1,3,1,0,12
2,403,1,3,1,0,12
2,404,1,3,0,1,12
2,435,1,3,0,0,12
2,442,1,3,0,1,12
2,443,1,3,0,0,12
2,451,1,3,0,0,12
2,478,1,3,0,0,12
2,495,1,3,0,3,12
2,500,1,3,1,0,12
2,538,1,3,0,0,12
2,560,1,3,0,0,12
2,574,1,3,1,0,12
2,624,1,3,0,0,12
2,649,1,3,0,0,12
2,742,1,3,0,0,12
2,745,1,3,0,0,12
2,754,1,3,0,0,12
2,764,1,3,0,0,12
2,772,1,3,0,0,12
2,785,1,3,1,0,12
2,788,1,3,0,0,12
2,808,1,3,1,0,12
2,812,1,3,0,0,12
2,836,1,3,1,0,12
2,852,1,3,0,0,12
2,868,1,3,0,0,12
2,925,1,3,0,3,12
2,939,1,3,1,0,12
2,942,1,3,0,0,12
2,948,1,3,0,0,12
2,967,1,3,0,1,12
2,974,1,3,0,0,12
2,988,1,3,0,0,12
2,1022,1,3,0,1,12
2,1104,1,3,1,0,12
2,1118,1,3,0,0,12
2,1146,1,3,1,0,12
2,1152,1,3,0,3,12
2,1169,1,3,0,0,12
2,1179,1,3,0,3,12
2,1194,1,3,0,0,12
2,1209,1,3,0,3,12
2,1217,1,3,0,0,12
2,1223,1,3,1,0,12
2,1228,1,3,1,0,12
2,1247,1,3,0,0,12
2,1266,1,3,0,3,12
2,1268,1,3,0,0,12
2,1279,1,3,0,0,12
2,1285,1,3,0,0,12
2,1290,1,3,0,0,12
2,1310,1,3,0,0,12
2,1311,1,3,0,0,12
2,1322,1,3,0,1,12
2,1346,1,3,0,0,12
2,1354,1,3,0,0,12
2,1373,1,3,0,0,12
2,1378,1,3,1,0,12
2,1379,1,3,0,0,12
2,1382,1,3,0,3,12
2,1409,1,3,0,0,12
2,1423,1,3,0,0,12
2,1464,1,3,0,0,12
2,1500,1,3,0,0,12
2,1519,1,3,0,0,12
2,1540,1,3,0,0,12
2,1545,1,3,0,3,12
2,1552,1,3,0,3,12
2,1555,1,3,1,0,12
2,1563,1,3,1,0,12
2,1583,1,3,0,3,12
2,1611,1,3,0,1,12
2,1627,1,3,0,0,12
2,1631,1,3,0,1,12
2,1649,1,3,1,0,12
2,1656,1,3,1,0,12
2,1660,1,3,0,1,12
2,1739,1,3,1,0,12
2,1754,1,3,0,1,12
2,1757,1,3,0,0,12
2,1772,1,3,0,0,12
2,1784,1,3,1,0,12
2,1816,1,3,0,0,12
2,1838,1,3,0,0,12
2,1839,1,3,1,0,12
2,1868,1,3,0,0,12
2,1879,1,3,0,0,12
2,1889,1,3,0,0,12
2,1909,1,3,1,0,12
2,1921,1,3,0,1,12
2,1927,1,3,0,0,12
2,1940,1,3,0,0,12
2,1942,1,3,1,0,12
2,1946,1,3,1,0,12
2,1954,1,3,0,0,12
2,1959,1,3,0,0,12
2,1964,1,3,0,0,12
2,1982,1,3,0,1,12
2,1983,1,3,0,0,12
2,2001,1,3,0,0,12
2,2003,1,3,1,0,12
2,2015,1,3,0,0,12
2,2026,1,3,0,0,12
2,2057,1,3,1,0,12
2,2081,1,3,1,0,12
2,2106,1,3,0,0,12
2,2119,1,3,0,0,12
2,2120,1,3,0,0,12
2,2139,1,3,0,0,12
2,2153,1,3,0,0,12
2,2157,1,3,1,0,12
2,2160,1,3,0,3,12
2,2183,1,3,0,0,12
2,2185,1,3,0,3,12
2,2237,1,3,0,0,12
2,2273,1,3,0,0,12
2,2334,1,3,1,0,12
2,2372,1,3,0,3,12
2,2381,1,3,0,3,12
2,2392,1,3,0,0,12
2,2401,1,3,0,0,12
2,2447,1,3,0,0,12
2,2454,1,3,1,0,12
2,2458,1,3,0,0,12
2,2482,1,3,0,0,12
2,2489,1,3,0,1,12
2,5,1,1,0,0,13
2,8,1,1,0,1,13
2,12,1,1,1,0,13
2,16,1,1,1,0,13
2,19,1,1,0,0,13
2,24,1,1,0,0,13
2,26,1,1,0,1,13
2,33,1,1,0,0,13
2,39,1,1,0,1,13
2,44,1,1,1,0,13
2,45,1,1,0,0,13
2,56,1,1,0,1,13
2,57,1,1,0,1,13
2,63,1,1,0,0,13
2,72,1,1,0,0,13
2,83,1,1,0,0,13
2,87,1,1,0,1,13
2,112,1,1,0,1,13
2,118,1,1,0,0,13
2,123,1,1,0,0,13
2,126,1,1,0,0,13
2,127,1,1,1,0,13
2,129,1,1,0,0,13
2,144,1,1,0,0,13
2,147,1,1,1,0,13
2,152,1,1,0,0,13
2,170,1,1,0,0,13
2,189,1,1,0,1,13
2,196,1,1,0,1,13
2,202,1,1,1,0,13
2,217,1,1,0,1,13
2,225,1,1,0,1,13
2,236,1,1,0,0,13
2,248,1,1,0,0,13
2,253,1,1,0,0,13
2,257,1,1,0,1,13
2,259,1,1,0,0,13
2,260,1,1,0,0,13
2,266,1,1,0,1,13
2,276,1,1,0,1,13
2,279,1,1,0,0,13
2,280,1,1,0,0,13
2,282,1,1,1,0,13
2,285,1,1,1,0,13
2,307,1,1,0,0,13
2,309,1,1,0,0,13
2,316,1,1,0,1,13
2,319,1,1,0,0,13
2,320,1,1,0,0,13
2,322,1,1,0,0,13
2,326,1,1,0,0,13
2,339,1,1,0,1,13
2,344,1,1,0,1,13
2,345,1,1,0,1,13
2,356,1,1,0,0,13
2,357,1,1,0,0,13
2,360,1,1,0,1,13
2,368,1,1,0,0,13
2,373,1,1,0,1,13
2,374,1,1,1,0,13
2,376,1,1,0,0,13
2,382,1,1,0,1,13
2,397,1,1,0,0,13
2,399,1,1,0,0,13
2,400,1,1,1,0,13
2,409,1,1,1,0,13
2,421,1,1,0,1,13
2,427,1,1,0,0,13
2,433,1,1,0,1,13
2,462,1,1,0,0,13
2,467,1,1,0,0,13
2,474,1,1,0,1,13
2,493,1,1,1,0,13
2,498,1,1,0,0,13
2,499,1,1,0,0,13
2,505,1,1,0,0,13
2,506,1,1,0,0,13
2,516,1,1,0,1,13
2,530,1,1,1,0,13
2,531,1,1,0,0,13
2,533,1,1,0,0,13
2,541,1,1,0,0,13
2,543,1,1,0,0,13
2,566,1,1,0,0,13
2,573,1,1,1,0,13
2,581,1,1,0,0,13
2,584,1,1,1,0,13
2,596,1,1,0,0,13
2,600,1,1,1,0,13
2,603,1,1,0,0,13
2,605,1,1,1,0,13
2,608,1,1,0,0,13
2,610,1,1,0,0,13
2,619,1,1,0,0,13
2,621,1,1,0,1,13
2,622,1,1,0,0,13
2,631,1,1,0,0,13
2,632,1,1,0,0,13
2,636,1,1,0,0,13
2,641,1,1,0,0,13
2,655,1,1,0,0,13
2,665,1,1,0,1,13
2,667,1,1,0,0,13
2,668,1,1,0,0,13
2,671,1,1,0,1,13
2,674,1,1,0,0,13
2,677,1,1,0,1,13
2,683,1,1,1,0,13
2,688,1,1,1,0,13
2,694,1,1,0,1,13
2,699,1,1,0,0,13
2,702,1,1,1,0,13
2,704,1,1,1,0,13
2,708,1,1,1,0,13
2,719,1,1,0,1,13
2,723,1,1,0,0,13
2,727,1,1,1,0,13
2,743,1,1,0,1,13
2,744,1,1,0,1,13
2,746,1,1,0,0,13
2,749,1,1,1,0,13
2,757,1,1,0,0,13
2,760,1,1,0,0,13
2,773,1,1,0,0,13
2,777,1,1,0,1,13
2,779,1,1,0,0,13
2,786,1,1,0,0,13
2,811,1,1,0,0,13
2,813,1,1,0,0,13
2,822,1,1,0,0,13
2,827,1,1,0,1,13
2,830,1,1,0,0,13
2,832,1,1,0,0,13
2,837,1,1,1,0,13
2,841,1,1,1,0,13
2,846,1,1,0,0,13
2,856,1,1,0,0,13
2,859,1,1,0,0,13
2,860,1,1,0,0,13
2,880,1,1,1,0,13
2,881,1,1,0,0,13
2,883,1,1,1,0,13
2,885,1,1,0,1,13
2,888,1,1,0,0,13
2,897,1,1,0,1,13
2,904,1,1,0,0,13
2,914,1,1,0,0,13
2,916,1,1,0,1,13
2,920,1,1,0,0,13
2,921,1,1,0,1,13
2,931,1,1,0,1,13
2,934,1,1,0,0,13
2,935,1,1,0,0,13
2,937,1,1,1,0,13
2,949,1,1,0,0,13
2,951,1,1,0,1,13
2,957,1,1,0,1,13
2,960,1,1,0,0,13
2,964,1,1,0,1,13
2,965,1,1,0,1,13
2,979,1,1,0,0,13
2,981,1,1,0,1,13
2,985,1,1,0,1,13
2,994,1,1,0,0,13
2,997,1,1,0,1,13
2,1011,1,1,0,1,13
2,1017,1,1,1,0,13
2,1018,1,1,0,1,13
2,1020,1,1,0,1,13
2,1031,1,1,0,0,13
2,1032,1,1,0,0,13
2,1034,1,1,0,1,13
2,1043,1,1,0,0,13
2,1045,1,1,0,0,13
2,1051,1,1,0,0,13
2,1053,1,1,0,0,13
2,1056,1,1,0,0,13
2,1072,1,1,0,1,13
2,1073,1,1,0,1,13
2,1074,1,1,0,0,13
2,1082,1,1,0,0,13
2,1087,1,1,0,0,13
2,1098,1,1,0,1,13
2,1099,1,1,0,0,13
2,1108,1,1,0,0,13
2,1111,1,1,0,0,13
2,1117,1,1,1,0,13
2,1120,1,1,0,1,13
2,1121,1,1,1,0,13
2,1126,1,1,0,0,13
2,1131,1,1,0,0,13
2,1138,1,1,1,0,13
2,1141,1,1,0,1,13
2,1155,1,1,0,0,13
2,1165,1,1,1,0,13
2,1189,1,1,1,0,13
2,1191,1,1,0,1,13
2,1192,1,1,0,1,13
2,1201,1,1,0,1,13
2,1211,1,1,0,0,13
2,1221,1,1,0,0,13
2,1227,1,1,0,1,13
2,1236,1,1,0,1,13
2,1249,1,1,0,1,13
2,1253,1,1,0,0,13
2,1267,1,1,0,0,13
2,1273,1,1,1,0,13
2,1276,1,1,1,0,13
2,1277,1,1,0,0,13
2,1280,1,1,1,0,13
2,1291,1,1,1,0,13
2,1303,1,1,1,0,13
2,1308,1,1,0,0,13
2,1309,1,1,0,1,13
2,1313,1,1,1,0,13
2,1316,1,1,0,0,13
2,1330,1,1,0,1,13
2,1334,1,1,1,0,13
2,1338,1,1,0,0,13
2,1340,1,1,0,0,13
2,1342,1,1,0,0,13
2,1343,1,1,1,0,13
2,1347,1,1,1,0,13
2,1353,1,1,0,0,13
2,1365,1,1,0,0,13
2,1377,1,1,0,0,13
2,1385,1,1,1,0,13
2,1388,1,1,0,0,13
2,1399,1,1,0,0,13
2,1406,1,1,0,1,13
2,1412,1,1,1,0,13
2,1416,1,1,0,1,13
2,1420,1,1,0,1,13
2,1430,1,1,0,0,13
2,1432,1,1,0,0,13
2,1441,1,1,0,0,13
2,1445,1,1,0,0,13
2,1453,1,1,0,1,13
2,1459,1,1,0,0,13
2,1467,1,1,0,0,13
2,1468,1,1,0,0,13
2,1473,1,1,0,0,13
2,1474,1,1,0,0,13
2,1480,1,1,0,0,13
2,1485,1,1,0,0,13
2,1490,1,1,0,0,13
2,1513,1,1,0,0,13
2,1516,1,1,0,0,13
2,1531,1,1,0,1,13
2,1539,1,1,0,1,13
2,1548,1,1,0,0,13
2,1549,1,1,0,0,13
2,1554,1,1,0,0,13
2,1556,1,1,0,0,13
2,1557,1,1,0,0,13
2,1561,1,1,1,0,13
2,1584,1,1,0,1,13
2,1585,1,1,0,1,13
2,1594,1,1,0,0,13
2,1599,1,1,0,0,13
2,1604,1,1,0,0,13
2,1605,1,1,0,1,13
2,1607,1,1,0,0,13
2,1610,1,1,0,0,13
2,1618,1,1,1,0,13
2,1619,1,1,0,0,13
2,1622,1,1,0,0,13
2,1632,1,1,0,0,13
2,1666,1,1,0,0,13
2,1668,1,1,1,0,13
2,1674,1,1,0,0,13
2,1676,1,1,0,0,13
2,1687,1,1,1,0,13
2,1688,1,1,1,0,13
2,1690,1,1,1,0,13
2,1693,1,1,0,0,13
2,1701,1,1,1,0,13
2,1707,1,1,0,1,13
2,1718,1,1,0,0,13
2,1720,1,1,0,0,13
2,1726,1,1,1,0,13
2,1740,1,1,0,0,13
2,1756,1,1,0,0,13
2,1760,1,1,1,0,13
2,1779,1,1,1,0,13
2,1780,1,1,0,0,13
2,1783,1,1,1,0,13
2,1792,1,1,1,0,13
2,1808,1,1,1,0,13
2,1823,1,1,0,0,13
2,1837,1,1,0,1,13
2,1845,1,1,0,0,13
2,1852,1,1,0,0,13
2,1855,1,1,0,0,13
2,1860,1,1,0,0,13
2,1867,1,1,0,0,13
2,1874,1,1,0,0,13
2,1887,1,1,1,0,13
2,1888,1,1,0,0,13
2,1902,1,1,0,1,13
2,1904,1,1,0,1,13
2,1920,1,1,1,0,13
2,1926,1,1,1,0,13
2,1931,1,1,1,0,13
2,1933,1,1,0,1,13
2,1935,1,1,1,0,13
2,1962,1,1,0,1,13
2,1970,1,1,0,0,13
2,1979,1,1,0,0,13
2,1990,1,1,0,0,13
2,1993,1,1,0,0,13
2,2000,1,1,0,1,13
2,2007,1,1,0,0,13
2,2010,1,1,1,0,13
2,2019,1,1,0,1,13
2,2025,1,1,0,0,13
2,2031,1,1,0,0,13
2,2046,1,1,0,1,13
2,2050,1,1,0,0,13
2,2058,1,1,0,0,13
2,2080,1,1,0,0,13
2,2087,1,1,0,0,13
2,2089,1,1,0,0,13
2,2092,1,1,0,0,13
2,2093,1,1,0,1,13
2,2105,1,1,0,0,13
2,2107,1,1,0,0,13
2,2112,1,1,0,1,13
2,2117,1,1,0,0,13
2,2128,1,1,0,1,13
2,2138,1,1,0,1,13
2,2140,1,1,0,0,13
2,2142,1,1,0,0,13
2,2149,1,1,0,0,13
2,2166,1,1,1,0,13
2,2194,1,1,0,0,13
2,2209,1,1,0,0,13
2,2210,1,1,0,0,13
2,2213,1,1,0,1,13
2,2218,1,1,0,1,13
2,2221,1,1,0,0,13
2,2224,1,1,1,0,13
2,2245,1,1,1,0,13
2,2246,1,1,0,0,13
2,2249,1,1,0,0,13
2,2252,1,1,0,0,13
2,2253,1,1,0,0,13
2,2271,1,1,0,0,13
2,2286,1,1,1,0,13
2,2302,1,1,0,1,13
2,2306,1,1,0,0,13
2,2309,1,1,1,0,13
2,2314,1,1,0,1,13
2,2317,1,1,0,1,13
2,2318,1,1,0,0,13
2,2324,1,1,0,0,13
2,2328,1,1,0,1,13
2,2337,1,1,1,0,13
2,2340,1,1,0,1,13
2,2349,1,1,1,0,13
2,2351,1,1,0,0,13
2,2357,1,1,0,1,13
2,2365,1,1,0,0,13
2,2377,1,1,0,0,13
2,2387,1,1,0,1,13
2,2393,1,1,0,0,13
2,2403,1,1,0,1,13
2,2411,1,1,0,1,13
2,2413,1,1,0,0,13
2,2417,1,1,0,0,13
2,2418,1,1,0,1,13
2,2419,1,1,0,1,13
2,2423,1,1,0,1,13
2,2424,1,1,0,0,13
2,2425,1,1,0,0,13
2,2431,1,1,0,0,13
2,2434,1,1,0,0,13
2,2438,1,1,0,1,13
2,2443,1,1,1,0,13
2,2462,1,1,0,0,13
2,2465,1,1,0,0,13
2,2479,1,1,0,0,13
2,2483,1,1,0,0,13
2,2485,1,1,0,0,13
2,2486,1,1,0,0,13
2,2492,1,1,0,0,13
2,2494,1,1,0,0,13
2,37,1,3,0,3,14
2,64,1,3,0,0,14
2,68,1,3,0,0,14
2,70,1,3,0,0,14
2,71,1,3,1,0,14
2,75,1,3,1,0,14
2,79,1,3,1,0,14
2,90,1,3,1,0,14
2,91,1,3,1,0,14
2,173,1,3,0,0,14
2,183,1,3,1,0,14
2,191,1,3,0,0,14
2,200,1,3,0,0,14
2,201,1,3,0,0,14
2,215,1,3,0,0,14
2,218,1,3,0,0,14
2,219,1,3,1,0,14
2,229,1,3,0,0,14
2,242,1,3,1,0,14
2,245,1,3,0,3,14
2,252,1,3,0,3,14
2,263,1,3,1,0,14
2,290,1,3,0,0,14
2,291,1,3,1,0,14
2,300,1,3,0,0,14
2,302,1,3,0,0,14
2,304,1,3,0,3,14
2,310,1,3,0,0,14
2,325,1,3,0,1,14
2,334,1,3,0,0,14
2,366,1,3,1,0,14
2,383,1,3,0,0,14
2,387,1,3,1,0,14
2,431,1,3,0,0,14
2,438,1,3,0,3,14
2,455,1,3,0,3,14
2,457,1,3,0,0,14
2,486,1,3,0,0,14
2,489,1,3,0,0,14
2,510,1,3,0,0,14
2,513,1,3,1,0,14
2,523,1,3,1,0,14
2,539,1,3,0,3,14
2,555,1,3,0,0,14
2,558,1,3,0,3,14
2,561,1,3,0,0,14
2,580,1,3,0,0,14
2,609,1,3,0,3,14
2,623,1,3,1,0,14
2,625,1,3,1,0,14
2,633,1,3,0,0,14
2,642,1,3,0,0,14
2,658,1,3,0,0,14
2,687,1,3,1,0,14
2,724,1,3,0,0,14
2,731,1,3,1,0,14
2,740,1,3,0,0,14
2,758,1,3,0,0,14
2,770,1,3,0,0,14
2,809,1,3,0,0,14
2,821,1,3,0,0,14
2,834,1,3,0,1,14
2,839,1,3,0,0,14
2,870,1,3,0,0,14
2,896,1,3,0,0,14
2,912,1,3,1,0,14
2,927,1,3,0,3,14
2,972,1,3,1,0,14
2,975,1,3,1,0,14
2,982,1,3,0,1,14
2,989,1,3,0,0,14
2,1007,1,3,1,0,14
2,1008,1,3,0,0,14
2,1012,1,3,0,3,14
2,1023,1,3,0,0,14
2,1026,1,3,0,3,14
2,1036,1,3,0,0,14
2,1044,1,3,1,0,14
2,1048,1,3,0,0,14
2,1052,1,3,0,1,14
2,1062,1,3,1,0,14
2,1066,1,3,0,0,14
2,1069,1,3,1,0,14
2,1071,1,3,0,0,14
2,1076,1,3,0,1,14
2,1092,1,3,1,0,14
2,1139,1,3,0,0,14
2,1142,1,3,0,3,14
2,1144,1,3,0,0,14
2,1147,1,3,0,0,14
2,1161,1,3,0,0,14
2,1178,1,3,0,0,14
2,1190,1,3,0,0,14
2,1208,1,3,0,3,14
2,1222,1,3,1,0,14
2,1226,1,3,0,0,14
2,1251,1,3,1,0,14
2,1278,1,3,0,0,14
2,1281,1,3,1,0,14
2,1283,1,3,0,0,14
2,1301,1,3,0,0,14
2,1302,1,3,0,0,14
2,1304,1,3,0,0,14
2,1318,1,3,0,0,14
2,1323,1,3,0,0,14
2,1327,1,3,0,0,14
2,1348,1,3,0,0,14
2,1349,1,3,0,0,14
2,1401,1,3,0,0,14
2,1404,1,3,1,0,14
2,1418,1,3,0,0,14
2,1431,1,3,0,0,14
2,1438,1,3,0,3,14
2,1462,1,3,0,3,14
2,1471,1,3,0,3,14
2,1493,1,3,0,0,14
2,1502,1,3,0,0,14
2,1507,1,3,0,0,14
2,1508,1,3,0,0,14
2,1522,1,3,0,3,14
2,1581,1,3,1,0,14
2,1588,1,3,0,0,14
2,1597,1,3,0,0,14
2,1608,1,3,1,0,14
2,1624,1,3,0,0,14
2,1641,1,3,0,0,14
2,1647,1,3,0,0,14
2,1653,1,3,1,0,14
2,1662,1,3,0,0,14
2,1677,1,3,1,0,14
2,1678,1,3,1,0,14
2,1683,1,3,0,0,14
2,1710,1,3,1,0,14
2,1719,1,3,0,0,14
2,1722,1,3,0,0,14
2,1751,1,3,0,3,14
2,1753,1,3,0,0,14
2,1778,1,3,1,0,14
2,1786,1,3,0,0,14
2,1799,1,3,0,3,14
2,1806,1,3,1,0,14
2,1815,1,3,1,0,14
2,1824,1,3,0,3,14
2,1830,1,3,0,0,14
2,1834,1,3,1,0,14
2,1841,1,3,0,0,14
2,1844,1,3,0,0,14
2,1858,1,3,0,0,14
2,1878,1,3,1,0,14
2,1918,1,3,0,0,14
2,1922,1,3,0,0,14
2,1925,1,3,0,0,14
2,1961,1,3,0,0,14
2,1966,1,3,0,0,14
2,1981,1,3,0,0,14
2,1991,1,3,0,3,14
2,2009,1,3,0,0,14
2,2020,1,3,0,0,14
2,2049,1,3,0,0,14
2,2060,1,3,0,1,14
2,2061,1,3,0,0,14
2,2064,1,3,0,0,14
2,2075,1,3,0,1,14
2,2083,1,3,0,0,14
2,2102,1,3,0,0,14
2,2133,1,3,1,0,14
2,2137,1,3,0,1,14
2,2161,1,3,0,3,14
2,2181,1,3,0,0,14
2,2182,1,3,0,0,14
2,2187,1,3,0,0,14
2,2206,1,3,1,0,14
2,2222,1,3,0,3,14
2,2230,1,3,0,0,14
2,2231,1,3,0,0,14
2,2233,1,3,0,0,14
2,2242,1,3,1,0,14
2,2248,1,3,0,0,14
2,2272,1,3,0,0,14
2,2277,1,3,0,0,14
2,2289,1,3,0,0,14
2,2300,1,3,0,3,14
2,2310,1,3,0,3,14
2,2319,1,3,1,0,14
2,2323,1,3,0,0,14
2,2333,1,3,1,0,14
2,2342,1,3,0,3,14
2,2354,1,3,1,0,14
2,2371,1,3,1,0,14
2,2439,1,3,0,3,14
2,2449,1,3,0,0,14
2,2471,1,3,1,0,14
2,2476,1,3,0,3,14
2,2497,1,3,0,0,14
3,2,3,0,1,0,0
3,25,3,0,1,0,0
3,31,3,0,0,0,0
3,34,3,0,0,0,0
3,53,3,0,0,0,0
3,58,3,0,0,0,0
3,67,3,0,1,0,0
3,73,3,0,2,0,0
3,74,3,0,0,0,0
3,80,3,0,0,0,0
3,88,3,0,0,0,0
3,92,3,0,2,0,0
3,98,3,0,1,0,0
3,105,3,0,2,0,0
3,106,3,0,0,0,0
3,142,3,0,0,0,0
3,154,3,0,1,0,0
3,156,3,0,0,0,0
3,160,3,0,0,0,0
3,187,3,0,0,0,0
3,199,3,0,2,0,0
3,212,3,0,0,0,0
3,224,3,0,1,0,0
3,249,3,0,2,0,0
3,277,3,0,2,0,0
3,298,3,0,2,0,0
3,324,3,0,1,0,0
3,328,3,0,0,0,0
3,363,3,0,0,0,0
3,375,3,0,0,0,0
3,410,3,0,0,0,0
3,411,3,0,0,0,0
3,413,3,0,0,0,0
3,416,3,0,0,0,0
3,434,3,0,1,0,0
3,444,3,0,0,0,0
3,458,3,0,0,0,0
3,460,3,0,1,0,0
3,502,3,0,0,0,0
3,503,3,0,0,0,0
3,509,3,0,0,0,0
3,519,3,0,0,0,0
3,528,3,0,0,0,0
3,529,3,0,2,0,0
3,532,3,0,2,0,0
3,546,3,0,0,0,0
3,549,3,0,0,0,0
3,551,3,0,0,0,0
3,562,3,0,0,0,0
3,620,3,0,2,0,0
3,654,3,0,0,0,0
3,666,3,0,0,0,0
3,681,3,0,0,0,0
3,684,3,0,0,0,0
3,714,3,0,0,0,0
3,734,3,0,0,0,0
3,768,3,0,0,0,0
3,771,3,0,0,0,0
3,780,3,0,2,0,0
3,789,3,0,1,0,0
3,793,3,0,0,0,0
3,820,3,0,0,0,0
3,845,3,0,0,0,0
3,869,3,0,0,0,0
3,922,3,0,0,0,0
3,983,3,0,1,0,0
3,1003,3,0,0,0,0
3,1015,3,0,0,0,0
3,1021,3,0,0,0,0
3,1027,3,0,0,0,0
3,1122,3,0,1,0,0
3,1133,3,0,2,0,0
3,1140,3,0,2,0,0
3,1150,3,0,0,0,0
3,1151,3,0,0,0,0
3,1157,3,0,0,0,0
3,1159,3,0,1,0,0
3,1176,3,0,0,0,0
3,1184,3,0,0,0,0
3,1188,3,0,0,0,0
3,1195,3,0,0,0,0
3,1197,3,0,0,0,0
3,1210,3,0,0,0,0
3,1241,3,0,0,0,0
3,1243,3,0,0,0,0
3,1257,3,0,0,0,0
3,1264,3,0,0,0,0
3,1287,3,0,1,0,0
3,1306,3,0,0,0,0
3,1307,3,0,0,0,0
3,1328,3,0,0,0,0
3,1355,3,0,0,0,0
3,1356,3,0,2,0,0
3,1371,3,0,0,0,0
3,1394,3,0,0,0,0
3,1415,3,0,0,0,0
3,1421,3,0,2,0,0
3,1433,3,0,0,0,0
3,1451,3,0,0,0,0
3,1461,3,0,0,0,0
3,1484,3,0,0,0,0
3,1501,3,0,0,0,0
3,1518,3,0,0,0,0
3,1520,3,0,0,0,0
3,1521,3,0,1,0,0
3,1536,3,0,0,0,0
3,1538,3,0,0,0,0
3,1546,3,0,0,0,0
3,1553,3,0,0,0,0
3,1564,3,0,1,0,0
3,1575,3,0,0,0,0
3,1577,3,0,0,0,0
3,1603,3,0,1,0,0
3,1629,3,0,0,0,0
3,1636,3,0,0,0,0
3,1648,3,0,2,0,0
3,1652,3,0,2,0,0
3,1657,3,0,1,0,0
3,1661,3,0,1,0,0
3,1669,3,0,0,0,0
3,1684,3,0,0,0,0
3,1685,3,0,0,0,0
3,1697,3,0,2,0,0
3,1712,3,0,0,0,0
3,1714,3,0,2,0,0
3,1715,3,0,2,0,0
3,1730,3,0,0,0,0
3,1745,3,0,1,0,0
3,1766,3,0,0,0,0
3,1769,3,0,2,0,0
3,1790,3,0,0,0,0
3,1817,3,0,1,0,0
3,1818,3,0,2,0,0
3,1821,3,0,1,0,0
3,1829,3,0,0,0,0
3,1882,3,0,0,0,0
3,1897,3,0,0,0,0
3,1930,3,0,0,0,0
3,1938,3,0,0,0,0
3,1949,3,0,0,0,0
3,1969,3,0,0,0,0
3,1972,3,0,0,0,0
3,1986,3,0,0,0,0
3,1987,3,0,0,0,0
3,1992,3,0,0,0,0
3,2013,3,0,0,0,0
3,2022,3,0,1,0,0
3,2053,3,0,1,0,0
3,2076,3,0,0,0,0
3,2098,3,0,0,0,0
3,2108,3,0,2,0,0
3,2165,3,0,0,0,0
3,2188,3,0,0,0,0
3,2189,3,0,0,0,0
3,2192,3,0,0,0,0
3,2196,3,0,2,0,0
3,2203,3,0,0,0,0
3,2234,3,0,0,0,0
3,2236,3,0,0,0,0
3,2244,3,0,0,0,0
3,2256,3,0,0,0,0
3,2258,3,0,0,0,0
3,2260,3,0,0,0,0
3,2291,3,0,0,0,0
3,2301,3,0,2,0,0
3,2320,3,0,0,0,0
3,2327,3,0,2,0,0
3,2329,3,0,0,0,0
3,2339,3,0,0,0,0
3,2341,3,0,2,0,0
3,2348,3,0,0,0,0
3,2353,3,0,2,0,0
3,2367,3,0,0,0,0
3,2368,3,0,0,0,0
3,2378,3,0,1,0,0
3,2379,3,0,0,0,0
3,2382,3,0,2,0,0
3,2390,3,0,2,0,0
3,2412,3,0,0,0,0
3,2437,3,0,1,0,0
3,2470,3,0,0,0,0
3,2490,3,0,2,0,0
3,2495,3,0,0,0,0
3,22,1,1,0,0,1
3,38,1,1,0,0,1
3,52,1,1,0,1,1
3,61,1,1,0,0,1
3,76,1,1,0,1,1
3,117,1,1,0,0,1
3,122,1,1,1,0,1
3,131,1,1,1,0,1
3,174,1,1,0,0,1
3,186,1,1,0,0,1
3,192,1,1,0,0,1
3,210,1,1,0,0,1
3,214,1,1,0,1,1
3,222,1,1,0,1,1
3,239,1,1,0,0,1
3,264,1,1,0,0,1
3,270,1,1,0,0,1
3,286,1,1,0,0,1
3,293,1,1,0,0,1
3,303,1,1,0,0,1
3,306,1,1,0,1,1
3,365,1,1,0,1,1
3,385,1,1,0,0,1
3,426,1,1,0,0,1
3,471,1,1,1,0,1
3,514,1,1,0,1,1
3,524,1,1,0,1,1
3,527,1,1,0,0,1
3,537,1,1,1,0,1
3,564,1,1,1,0,1
3,569,1,1,0,0,1
3,593,1,1,1,0,1
3,601,1,1,0,0,1
3,602,1,1,1,0,1
3,628,1,1,0,0,1
3,629,1,1,0,0,1
3,637,1,1,0,1,1
3,656,1,1,0,0,1
3,662,1,1,0,0,1
3,664,1,1,0,1,1
3,712,1,1,0,1,1
3,716,1,1,0,0,1
3,722,1,1,0,0,1
3,755,1,1,1,0,1
3,756,1,1,0,1,1
3,761,1,1,1,0,1
3,800,1,1,1,0,1
3,802,1,1,0,1,1
3,824,1,1,0,1,1
3,825,1,1,0,0,1
3,826,1,1,0,0,1
3,842,1,1,1,0,1
3,851,1,1,0,1,1
3,855,1,1,0,0,1
3,892,1,1,0,0,1
3,893,1,1,0,0,1
3,902,1,1,0,0,1
3,923,1,1,0,0,1
3,929,1,1,0,0,1
3,930,1,1,0,0,1
3,943,1,1,1,0,1
3,968,1,1,0,0,1
3,970,1,1,1,0,1
3,977,1,1,0,0,1
3,987,1,1,0,0,1
3,1004,1,1,1,0,1
3,1014,1,1,0,1,1
3,1050,1,1,0,0,1
3,1070,1,1,1,0,1
3,1088,1,1,0,1,1
3,1115,1,1,0,0,1
3,1123,1,1,0,0,1
3,1124,1,1,0,0,1
3,1136,1,1,1,0,1
3,1143,1,1,0,0,1
3,1163,1,1,0,0,1
3,1168,1,1,0,1,1
3,1196,1,1,1,0,1
3,1203,1,1,1,0,1
3,1207,1,1,0,0,1
3,1233,1,1,0,0,1
3,1320,1,1,0,0,1
3,1324,1,1,0,0,1
3,1351,1,1,1,0,1
3,1366,1,1,0,0,1
3,1367,1,1,0,1,1
3,1369,1,1,0,1,1
3,1410,1,1,0,0,1
3,1417,1,1,0,0,1
3,1426,1,1,0,0,1
3,1428,1,1,0,0,1
3,1429,1,1,0,1,1
3,1434,1,1,1,0,1
3,1435,1,1,0,1,1
3,1450,1,1,0,1,1
3,1452,1,1,0,0,1
3,1475,1,1,1,0,1
3,1482,1,1,0,0,1
3,1494,1,1,1,0,1
3,1510,1,1,1,0,1
3,1517,1,1,1,0,1
3,1523,1,1,0,0,1
3,1569,1,1,0,1,1
3,1595,1,1,1,0,1
3,1602,1,1,1,0,1
3,1606,1,1,0,0,1
3,1609,1,1,0,0,1
3,1612,1,1,0,1,1
3,1659,1,1,0,1,1
3,1664,1,1,0,0,1
3,1680,1,1,1,0,1
3,1692,1,1,1,0,1
3,1704,1,1,1,0,1
3,1731,1,1,0,0,1
3,1734,1,1,0,0,1
3,1741,1,1,0,0,1
3,1752,1,1,0,1,1
3,1762,1,1,0,0,1
3,1768,1,1,0,0,1
3,1794,1,1,0,1,1
3,1809,1,1,1,0,1
3,1812,1,1,0,1,1
3,1827,1,1,0,0,1
3,1836,1,1,0,0,1
3,1862,1,1,0,0,1
3,1871,1,1,0,1,1
3,1890,1,1,0,1,1
3,1893,1,1,0,0,1
3,1896,1,1,0,1,1
3,1923,1,1,1,0,1
3,1974,1,1,0,0,1
3,1980,1,1,1,0,1
3,1989,1,1,0,0,1
3,2017,1,1,0,0,1
3,2038,1,1,1,0,1
3,2045,1,1,1,0,1
3,2070,1,1,0,0,1
3,2077,1,1,0,1,1
3,2078,1,1,1,0,1
3,2086,1,1,0,0,1
3,2088,1,1,0,0,1
3,2109,1,1,0,1,1
3,2118,1,1,0,0,1
3,2141,1,1,1,0,1
3,2170,1,1,0,0,1
3,2172,1,1,0,0,1
3,2184,1,1,0,0,1
3,2199,1,1,0,0,1
3,2202,1,1,0,0,1
3,2220,1,1,0,0,1
3,2226,1,1,0,0,1
3,2261,1,1,0,0,1
3,2269,1,1,0,0,1
3,2276,1,1,0,1,1
3,2280,1,1,0,1,1
3,2297,1,1,0,0,1
3,2313,1,1,1,0,1
3,2315,1,1,1,0,1
3,2336,1,1,0,0,1
3,2343,1,1,0,0,1
3,2408,1,1,0,1,1
3,2428,1,1,0,1,1
3,2442,1,1,1,0,1
3,2446,1,1,0,1,1
3,2468,1,1,0,0,1
3,2491,1,1,1,0,1
3,2498,1,1,0,1,1
3,6,3,3,0,0,2
3,9,3,3,0,0,2
3,18,3,3,0,0,2
3,124,3,3,0,0,2
3,132,3,3,0,0,2
3,143,3,3,3,0,2
3,206,3,3,0,0,2
3,216,3,3,0,0,2
3,223,3,3,3,0,2
3,231,3,3,3,0,2
3,238,3,3,1,0,2
3,288,3,3,0,0,2
3,292,3,3,0,0,2
3,333,3,3,0,1,2
3,342,3,3,0,0,2
3,372,3,3,3,0,2
3,379,3,3,0,0,2
3,390,3,3,3,0,2
3,392,3,3,3,0,2
3,398,3,3,3,0,2
3,408,3,3,0,0,2
3,432,3,3,1,0,2
3,449,3,3,3,0,2
3,452,3,3,0,1,2
3,464,3,3,0,0,2
3,468,3,3,0,0,2
3,472,3,3,3,0,2
3,482,3,3,0,0,2
3,483,3,3,0,0,2
3,515,3,3,0,3,2
3,542,3,3,0,0,2
3,576,3,3,0,0,2
3,579,3,3,0,1,2
3,585,3,3,3,0,2
3,589,3,3,3,0,2
3,635,3,3,3,0,2
3,682,3,3,3,0,2
3,695,3,3,1,0,2
3,696,3,3,0,0,2
3,697,3,3,1,0,2
3,701,3,3,0,3,2
3,703,3,3,0,0,2
3,735,3,3,0,0,2
3,738,3,3,0,0,2
3,759,3,3,0,0,2
3,781,3,3,0,0,2
3,784,3,3,3,0,2
3,801,3,3,0,0,2
3,815,3,3,0,1,2
3,861,3,3,3,0,2
3,867,3,3,1,0,2
3,873,3,3,1,0,2
3,876,3,3,1,0,2
3,910,3,3,0,0,2
3,941,3,3,0,0,2
3,971,3,3,0,0,2
3,986,3,3,0,3,2
3,990,3,3,0,3,2
3,992,3,3,0,1,2
3,1054,3,3,0,3,2
3,1061,3,3,0,1,2
3,1090,3,3,0,0,2
3,1093,3,3,0,0,2
3,1170,3,3,1,0,2
3,1181,3,3,0,0,2
3,1206,3,3,0,0,2
3,1214,3,3,3,0,2
3,1215,3,3,0,3,2
3,1216,3,3,0,0,2
3,1224,3,3,0,3,2
3,1229,3,3,3,0,2
3,1246,3,3,0,0,2
3,1254,3,3,3,0,2
3,1288,3,3,0,3,2
3,1295,3,3,0,0,2
3,1319,3,3,0,0,2
3,1375,3,3,0,3,2
3,1380,3,3,0,0,2
3,1383,3,3,0,0,2
3,1391,3,3,0,0,2
3,1393,3,3,0,0,2
3,1398,3,3,0,0,2
3,1402,3,3,0,0,2
3,1436,3,3,3,0,2
3,1447,3,3,0,3,2
3,1458,3,3,0,0,2
3,1472,3,3,0,0,2
3,1486,3,3,0,0,2
3,1532,3,3,0,0,2
3,1535,3,3,0,1,2
3,1551,3,3,3,0,2
3,1580,3,3,0,0,2
3,1601,3,3,0,0,2
3,1621,3,3,0,0,2
3,1646,3,3,0,3,2
3,1654,3,3,0,0,2
3,1675,3,3,0,0,2
3,1681,3,3,0,3,2
3,1691,3,3,0,0,2
3,1696,3,3,1,0,2
3,1705,3,3,3,0,2
3,1729,3,3,3,0,2
3,1732,3,3,0,0,2
3,1831,3,3,0,0,2
3,1835,3,3,3,0,2
3,1846,3,3,0,0,2
3,1853,3,3,0,3,2
3,1865,3,3,0,3,2
3,1884,3,3,0,0,2
3,1891,3,3,3,0,2
3,1901,3,3,0,3,2
3,1903,3,3,3,0,2
3,1906,3,3,0,3,2
3,1911,3,3,0,3,2
3,1932,3,3,0,1,2
3,1951,3,3,0,0,2
3,2023,3,3,0,0,2
3,2041,3,3,0,1,2
3,2044,3,3,0,1,2
3,2059,3,3,0,0,2
3,2079,3,3,0,3,2
3,2099,3,3,0,0,2
3,2104,3,3,0,0,2
3,2110,3,3,0,0,2
3,2124,3,3,1,0,2
3,2135,3,3,1,0,2
3,2152,3,3,0,0,2
3,2155,3,3,0,0,2
3,2174,3,3,0,0,2
3,2180,3,3,1,0,2
3,2195,3,3,0,3,2
3,2225,3,3,0,0,2
3,2281,3,3,0,0,2
3,2305,3,3,0,0,2
3,2394,3,3,0,0,2
3,2397,3,3,0,0,2
3,2414,3,3,0,1,2
3,2441,3,3,0,3,2
3,2453,3,3,0,3,2
3,2461,3,3,0,0,2
3,2467,3,3,1,0,2
3,2478,3,3,3,0,2
3,2484,3,3,0,3,2
3,49,1,2,0,0,3
3,86,1,2,1,0,3
3,95,1,2,0,1,3
3,102,1,2,0,0,3
3,103,1,2,0,0,3
3,108,1,2,0,2,3
3,141,1,2,1,0,3
3,193,1,2,0,0,3
3,230,1,2,0,0,3
3,240,1,2,0,2,3
3,254,1,2,0,0,3
3,258,1,2,0,0,3
3,272,1,2,0,0,3
3,295,1,2,0,2,3
3,327,1,2,0,0,3
3,338,1,2,1,0,3
3,340,1,2,0,0,3
3,361,1,2,0,0,3
3,377,1,2,1,0,3
3,381,1,2,0,0,3
3,407,1,2,0,2,3
3,412,1,2,1,0,3
3,456,1,2,0,0,3
3,494,1,2,0,0,3
3,501,1,2,0,0,3
3,508,1,2,0,0,3
3,534,1,2,0,0,3
3,540,1,2,0,0,3
3,577,1,2,0,2,3
3,578,1,2,0,0,3
3,590,1,2,0,0,3
3,595,1,2,0,2,3
3,597,1,2,0,0,3
3,599,1,2,0,2,3
3,606,1,2,0,0,3
3,611,1,2,0,0,3
3,627,1,2,1,0,3
3,648,1,2,0,0,3
3,670,1,2,0,0,3
3,678,1,2,0,0,3
3,717,1,2,0,0,3
3,718,1,2,0,0,3
3,747,1,2,0,0,3
3,752,1,2,1,0,3
3,776,1,2,0,0,3
3,805,1,2,0,0,3
3,829,1,2,0,0,3
3,853,1,2,0,0,3
3,871,1,2,0,0,3
3,900,1,2,0,0,3
3,963,1,2,1,0,3
3,969,1,2,0,2,3
3,1029,1,2,0,0,3
3,1042,1,2,0,0,3
3,1047,1,2,0,0,3
3,1068,1,2,0,0,3
3,1079,1,2,0,0,3
3,1100,1,2,0,0,3
3,1106,1,2,0,0,3
3,1134,1,2,1,0,3
3,1145,1,2,0,0,3
3,1182,1,2,0,0,3
3,1219,1,2,0,1,3
3,1261,1,2,0,0,3
3,1263,1,2,0,0,3
3,1282,1,2,0,0,3
3,1317,1,2,0,0,3
3,1341,1,2,1,0,3
3,1425,1,2,0,2,3
3,1446,1,2,0,0,3
3,1448,1,2,0,2,3
3,1456,1,2,1,0,3
3,1457,1,2,0,0,3
3,1498,1,2,0,0,3
3,1504,1,2,1,0,3
3,1509,1,2,1,0,3
3,1515,1,2,0,0,3
3,1526,1,2,0,0,3
3,1529,1,2,0,0,3
3,1573,1,2,0,0,3
3,1582,1,2,1,0,3
3,1587,1,2,0,0,3
3,1616,1,2,0,1,3
3,1640,1,2,1,0,3
3,1642,1,2,0,0,3
3,1651,1,2,0,0,3
3,1698,1,2,1,0,3
3,1749,1,2,0,0,3
3,1807,1,2,0,2,3
3,1825,1,2,1,0,3
3,1833,1,2,0,0,3
3,1840,1,2,0,2,3
3,1843,1,2,1,0,3
3,1847,1,2,1,0,3
3,1856,1,2,0,0,3
3,1861,1,2,1,0,3
3,1869,1,2,0,0,3
3,1875,1,2,0,1,3
3,1880,1,2,0,0,3
3,1899,1,2,0,0,3
3,1913,1,2,0,0,3
3,1952,1,2,0,0,3
3,2040,1,2,0,1,3
3,2052,1,2,0,0,3
3,2056,1,2,1,0,3
3,2065,1,2,1,0,3
3,2069,1,2,0,0,3
3,2101,1,2,0,0,3
3,2113,1,2,0,0,3
3,2126,1,2,0,2,3
3,2134,1,2,0,0,3
3,2175,1,2,0,0,3
3,2179,1,2,0,0,3
3,2207,1,2,0,2,3
3,2208,1,2,0,1,3
3,2238,1,2,0,0,3
3,2251,1,2,0,0,3
3,2282,1,2,0,2,3
3,2287,1,2,0,0,3
3,2295,1,2,0,0,3
3,2335,1,2,0,0,3
3,2344,1,2,1,0,3
3,2361,1,2,1,0,3
3,2388,1,2,0,0,3
3,2409,1,2,0,0,3
3,2420,1,2,0,0,3
3,2448,1,2,0,0,3
3,2466,1,2,0,2,3
3,48,1,1,0,0,4
3,81,1,1,0,0,4
3,85,1,1,1,0,4
3,121,1,1,0,1,4
3,135,1,1,0,0,4
3,161,1,1,1,0,4
3,180,1,1,0,1,4
3,182,1,1,0,0,4
3,194,1,1,0,0,4
3,227,1,1,0,1,4
3,233,1,1,0,1,4
3,235,1,1,0,0,4
3,244,1,1,0,0,4
3,268,1,1,0,0,4
3,284,1,1,0,0,4
3,312,1,1,1,0,4
3,317,1,1,1,0,4
3,332,1,1,0,0,4
3,352,1,1,0,0,4
3,354,1,1,0,0,4
3,364,1,1,0,0,4
3,378,1,1,1,0,4
3,425,1,1,0,0,4
3,480,1,1,1,0,4
3,481,1,1,0,1,4
3,491,1,1,0,1,4
3,535,1,1,0,0,4
3,563,1,1,0,0,4
3,565,1,1,0,0,4
3,582,1,1,1,0,4
3,650,1,1,0,1,4
3,657,1,1,1,0,4
3,661,1,1,1,0,4
3,739,1,1,1,0,4
3,750,1,1,0,0,4
3,778,1,1,0,0,4
3,794,1,1,0,0,4
3,798,1,1,0,1,4
3,810,1,1,0,1,4
3,840,1,1,0,0,4
3,854,1,1,0,0,4
3,909,1,1,0,0,4
3,958,1,1,0,0,4
3,980,1,1,0,0,4
3,1001,1,1,0,1,4
3,1039,1,1,0,0,4
3,1057,1,1,0,0,4
3,1065,1,1,0,0,4
3,1089,1,1,0,0,4
3,1113,1,1,0,0,4
3,1116,1,1,1,0,4
3,1137,1,1,1,0,4
3,1149,1,1,0,0,4
3,1164,1,1,0,1,4
3,1187,1,1,0,0,4
3,1202,1,1,0,0,4
3,1212,1,1,0,0,4
3,1244,1,1,0,1,4
3,1262,1,1,0,0,4
3,1274,1,1,1,0,4
3,1292,1,1,0,0,4
3,1299,1,1,1,0,4
3,1463,1,1,0,0,4
3,1476,1,1,1,0,4
3,1478,1,1,0,0,4
3,1479,1,1,0,0,4
3,1488,1,1,1,0,4
3,1511,1,1,0,0,4
3,1530,1,1,0,0,4
3,1558,1,1,0,0,4
3,1560,1,1,1,0,4
3,1571,1,1,0,0,4
3,1593,1,1,0,0,4
3,1600,1,1,0,1,4
3,1614,1,1,0,0,4
3,1628,1,1,1,0,4
3,1655,1,1,0,0,4
3,1703,1,1,0,1,4
3,1709,1,1,1,0,4
3,1737,1,1,0,0,4
3,1755,1,1,0,0,4
3,1761,1,1,0,1,4
3,1798,1,1,0,1,4
3,1801,1,1,0,0,4
3,1854,1,1,0,0,4
3,1859,1,1,0,0,4
3,1947,1,1,0,0,4
3,1985,1,1,0,0,4
3,1999,1,1,0,0,4
3,2004,1,1,0,0,4
3,2006,1,1,0,1,4
3,2042,1,1,1,0,4
3,2063,1,1,0,0,4
3,2111,1,1,0,0,4
3,2148,1,1,0,1,4
3,2205,1,1,0,1,4
3,2257,1,1,1,0,4
3,2304,1,1,0,0,4
3,2316,1,1,0,0,4
3,2346,1,1,0,0,4
3,2350,1,1,0,0,4
3,2356,1,1,0,0,4
3,2358,1,1,1,0,4
3,2359,1,1,1,0,4
3,2373,1,1,0,0,4
3,2416,1,1,0,0,4
3,2473,1,1,1,0,4
3,2474,1,1,0,0,4
3,2487,1,1,0,1,4
3,14,1,1,1,0,5
3,23,1,1,0,1,5
3,82,1,1,0,1,5
3,111,1,1,0,1,5
3,136,1,1,0,0,5
3,137,1,1,0,0,5
3,164,1,1,1,0,5
3,167,1,1,0,0,5
3,177,1,1,0,0,5
3,185,1,1,1,0,5
3,190,1,1,0,1,5
3,204,1,1,0,0,5
3,205,1,1,0,0,5
3,211,1,1,0,0,5
3,221,1,1,0,0,5
3,274,1,1,1,0,5
3,275,1,1,0,0,5
3,278,1,1,0,0,5
3,281,1,1,1,0,5
3,330,1,1,0,0,5
3,346,1,1,1,0,5
3,359,1,1,1,0,5
3,362,1,1,0,0,5
3,367,1,1,0,0,5
3,371,1,1,0,0,5
3,384,1,1,0,0,5
3,394,1,1,0,0,5
3,415,1,1,0,0,5
3,420,1,1,0,1,5
3,422,1,1,0,0,5
3,436,1,1,1,0,5
3,445,1,1,0,0,5
3,448,1,1,0,0,5
3,466,1,1,0,1,5
3,469,1,1,0,0,5
3,479,1,1,0,0,5
3,488,1,1,0,0,5
3,496,1,1,0,1,5
3,512,1,1,0,0,5
3,517,1,1,0,1,5
3,526,1,1,0,0,5
3,547,1,1,0,0,5
3,617,1,1,0,0,5
3,618,1,1,1,0,5
3,638,1,1,0,1,5
3,644,1,1,1,0,5
3,646,1,1,1,0,5
3,680,1,1,0,0,5
3,685,1,1,1,0,5
3,698,1,1,0,0,5
3,700,1,1,0,1,5
3,715,1,1,0,1,5
3,736,1,1,0,0,5
3,751,1,1,1,0,5
3,792,1,1,0,0,5
3,799,1,1,0,1,5
3,803,1,1,0,1,5
3,819,1,1,0,0,5
3,823,1,1,1,0,5
3,866,1,1,0,1,5
3,875,1,1,0,0,5
3,884,1,1,0,0,5
3,889,1,1,0,0,5
3,895,1,1,0,0,5
3,911,1,1,0,1,5
3,913,1,1,0,0,5
3,915,1,1,1,0,5
3,940,1,1,0,0,5
3,947,1,1,0,1,5
3,953,1,1,0,1,5
3,956,1,1,0,0,5
3,961,1,1,0,1,5
3,995,1,1,1,0,5
3,996,1,1,0,0,5
3,999,1,1,0,1,5
3,1002,1,1,0,0,5
3,1005,1,1,0,1,5
3,1010,1,1,0,0,5
3,1016,1,1,1,0,5
3,1019,1,1,0,1,5
3,1028,1,1,0,0,5
3,1040,1,1,0,1,5
3,1060,1,1,0,0,5
3,1083,1,1,1,0,5
3,1086,1,1,0,0,5
3,1129,1,1,0,0,5
3,1162,1,1,0,0,5
3,1171,1,1,0,1,5
3,1205,1,1,0,1,5
3,1225,1,1,0,1,5
3,1294,1,1,0,0,5
3,1344,1,1,0,0,5
3,1352,1,1,0,0,5
3,1440,1,1,0,0,5
3,1491,1,1,0,0,5
3,1495,1,1,0,1,5
3,1542,1,1,0,0,5
3,1550,1,1,0,0,5
3,1568,1,1,1,0,5
3,1578,1,1,0,1,5
3,1586,1,1,0,1,5
3,1589,1,1,0,1,5
3,1591,1,1,0,1,5
3,1596,1,1,0,0,5
3,1615,1,1,0,1,5
3,1617,1,1,0,0,5
3,1634,1,1,0,0,5
3,1635,1,1,0,1,5
3,1650,1,1,1,0,5
3,1658,1,1,1,0,5
3,1667,1,1,0,0,5
3,1670,1,1,0,0,5
3,1742,1,1,1,0,5
3,1744,1,1,0,0,5
3,1765,1,1,0,0,5
3,1770,1,1,0,0,5
3,1785,1,1,0,0,5
3,1788,1,1,0,0,5
3,1814,1,1,1,0,5
3,1820,1,1,0,0,5
3,1822,1,1,0,1,5
3,1857,1,1,0,1,5
3,1864,1,1,0,0,5
3,1905,1,1,0,0,5
3,1936,1,1,1,0,5
3,1939,1,1,0,1,5
3,1943,1,1,1,0,5
3,1953,1,1,0,0,5
3,1956,1,1,0,0,5
3,1963,1,1,0,1,5
3,1984,1,1,0,0,5
3,1988,1,1,0,1,5
3,2002,1,1,0,1,5
3,2005,1,1,0,1,5
3,2014,1,1,0,0,5
3,2027,1,1,0,0,5
3,2033,1,1,0,1,5
3,2073,1,1,0,0,5
3,2091,1,1,0,0,5
3,2094,1,1,0,0,5
3,2095,1,1,0,0,5
3,2100,1,1,0,0,5
3,2103,1,1,0,1,5
3,2122,1,1,0,0,5
3,2130,1,1,0,0,5
3,2143,1,1,1,0,5
3,2144,1,1,1,0,5
3,2147,1,1,0,0,5
3,2171,1,1,1,0,5
3,2176,1,1,0,0,5
3,2190,1,1,0,0,5
3,2198,1,1,1,0,5
3,2211,1,1,0,0,5
3,2215,1,1,0,0,5
3,2217,1,1,0,0,5
3,2235,1,1,1,0,5
3,2283,1,1,0,0,5
3,2294,1,1,0,1,5
3,2298,1,1,0,0,5
3,2299,1,1,1,0,5
3,2321,1,1,0,1,5
3,2332,1,1,0,0,5
3,2345,1,1,0,0,5
3,2376,1,1,0,0,5
3,2391,1,1,0,0,5
3,2395,1,1,1,0,5
3,2402,1,1,1,0,5
3,2405,1,1,1,0,5
3,2436,1,1,0,1,5
3,2469,1,1,0,0,5
3,2488,1,1,0,1,5
3,32,1,1,1,0,6
3,54,1,1,1,0,6
3,84,1,1,0,0,6
3,100,1,1,0,0,6
3,138,1,1,0,0,6
3,146,1,1,0,0,6
3,163,1,1,0,0,6
3,172,1,1,1,0,6
3,243,1,1,0,0,6
3,246,1,1,0,1,6
3,262,1,1,0,0,6
3,269,1,1,0,0,6
3,283,1,1,0,0,6
3,287,1,1,0,0,6
3,294,1,1,0,0,6
3,318,1,1,1,0,6
3,349,1,1,0,0,6
3,369,1,1,0,1,6
3,401,1,1,0,1,6
3,439,1,1,1,0,6
3,453,1,1,1,0,6
3,465,1,1,0,1,6
3,470,1,1,0,0,6
3,475,1,1,0,0,6
3,536,1,1,0,1,6
3,552,1,1,0,0,6
3,575,1,1,1,0,6
3,647,1,1,0,0,6
3,720,1,1,1,0,6
3,737,1,1,1,0,6
3,762,1,1,1,0,6
3,767,1,1,0,0,6
3,783,1,1,0,0,6
3,790,1,1,0,0,6
3,796,1,1,0,1,6
3,806,1,1,1,0,6
3,816,1,1,1,0,6
3,838,1,1,0,0,6
3,848,1,1,0,1,6
3,850,1,1,0,0,6
3,857,1,1,1,0,6
3,862,1,1,1,0,6
3,865,1,1,0,0,6
3,879,1,1,0,0,6
3,894,1,1,0,0,6
3,928,1,1,1,0,6
3,954,1,1,1,0,6
3,984,1,1,0,0,6
3,991,1,1,0,0,6
3,993,1,1,0,0,6
3,1035,1,1,0,0,6
3,1038,1,1,1,0,6
3,1046,1,1,0,1,6
3,1058,1,1,0,0,6
3,1059,1,1,0,0,6
3,1063,1,1,0,1,6
3,1064,1,1,1,0,6
3,1078,1,1,0,0,6
3,1094,1,1,0,0,6
3,1095,1,1,0,0,6
3,1102,1,1,0,1,6
3,1175,1,1,0,0,6
3,1183,1,1,0,1,6
3,1204,1,1,0,1,6
3,1213,1,1,0,1,6
3,1220,1,1,0,0,6
3,1234,1,1,1,0,6
3,1239,1,1,0,0,6
3,1256,1,1,0,1,6
3,1260,1,1,0,0,6
3,1271,1,1,1,0,6
3,1312,1,1,1,0,6
3,1315,1,1,0,0,6
3,1325,1,1,0,0,6
3,1332,1,1,0,0,6
3,1368,1,1,0,1,6
3,1374,1,1,0,0,6
3,1376,1,1,0,0,6
3,1400,1,1,1,0,6
3,1408,1,1,0,1,6
3,1413,1,1,0,0,6
3,1442,1,1,0,0,6
3,1454,1,1,1,0,6
3,1503,1,1,0,1,6
3,1524,1,1,1,0,6
3,1547,1,1,1,0,6
3,1559,1,1,0,0,6
3,1570,1,1,0,1,6
3,1626,1,1,1,0,6
3,1633,1,1,1,0,6
3,1637,1,1,0,0,6
3,1665,1,1,1,0,6
3,1671,1,1,0,0,6
3,1679,1,1,0,1,6
3,1694,1,1,0,1,6
3,1721,1,1,0,0,6
3,1725,1,1,0,0,6
3,1733,1,1,0,0,6
3,1736,1,1,0,0,6
3,1748,1,1,0,0,6
3,1763,1,1,0,0,6
3,1771,1,1,0,1,6
3,1791,1,1,0,0,6
3,1819,1,1,0,0,6
3,1866,1,1,0,1,6
3,1881,1,1,0,0,6
3,1895,1,1,0,1,6
3,1919,1,1,0,1,6
3,1934,1,1,0,0,6
3,1960,1,1,0,0,6
3,2021,1,1,0,0,6
3,2048,1,1,0,1,6
3,2062,1,1,0,0,6
3,2097,1,1,0,0,6
3,2158,1,1,1,0,6
3,2178,1,1,1,0,6
3,2191,1,1,0,1,6
3,2193,1,1,0,1,6
3,2223,1,1,1,0,6
3,2229,1,1,0,0,6
3,2243,1,1,1,0,6
3,2247,1,1,0,0,6
3,2267,1,1,1,0,6
3,2268,1,1,0,0,6
3,2270,1,1,0,0,6
3,2274,1,1,0,0,6
3,2288,1,1,0,0,6
3,2290,1,1,1,0,6
3,2312,1,1,0,0,6
3,2410,1,1,0,0,6
3,2432,1,1,0,0,6
3,2435,1,1,0,0,6
3,2451,1,1,0,1,6
3,2459,1,1,1,0,6
3,7,1,2,0,0,7
3,35,1,2,0,0,7
3,41,1,2,0,0,7
3,62,1,2,1,0,7
3,65,1,2,0,2,7
3,69,1,2,0,0,7
3,97,1,2,0,0,7
3,101,1,2,0,0,7
3,110,1,2,0,0,7
3,113,1,2,0,0,7
3,115,1,2,0,0,7
3,128,1,2,0,0,7
3,134,1,2,1,0,7
3,169,1,2,1,0,7
3,171,1,2,1,0,7
3,176,1,2,1,0,7
3,198,1,2,0,0,7
3,207,1,2,0,0,7
3,226,1,2,0,0,7
3,228,1,2,0,0,7
3,232,1,2,0,1,7
3,251,1,2,0,2,7
3,267,1,2,0,0,7
3,271,1,2,0,2,7
3,315,1,2,0,2,7
3,321,1,2,0,1,7
3,358,1,2,0,0,7
3,393,1,2,0,0,7
3,419,1,2,0,0,7
3,423,1,2,0,2,7
3,441,1,2,0,0,7
3,473,1,2,0,0,7
3,487,1,2,1,0,7
3,504,1,2,0,0,7
3,525,1,2,0,2,7
3,570,1,2,0,0,7
3,587,1,2,1,0,7
3,588,1,2,0,0,7
3,598,1,2,1,0,7
3,607,1,2,0,0,7
3,613,1,2,0,0,7
3,630,1,2,0,2,7
3,669,1,2,0,0,7
3,675,1,2,0,2,7
3,676,1,2,1,0,7
3,721,1,2,0,0,7
3,730,1,2,0,0,7
3,763,1,2,0,2,7
3,769,1,2,0,0,7
3,782,1,2,0,0,7
3,804,1,2,0,0,7
3,807,1,2,0,1,7
3,844,1,2,0,0,7
3,847,1,2,1,0,7
3,877,1,2,0,0,7
3,882,1,2,0,0,7
3,899,1,2,0,1,7
3,901,1,2,0,1,7
3,903,1,2,0,0,7
3,906,1,2,0,2,7
3,917,1,2,1,0,7
3,918,1,2,0,0,7
3,919,1,2,0,0,7
3,973,1,2,1,0,7
3,1055,1,2,0,0,7
3,1084,1,2,0,0,7
3,1085,1,2,0,2,7
3,1097,1,2,0,2,7
3,1105,1,2,0,0,7
3,1112,1,2,0,0,7
3,1125,1,2,1,0,7
3,1173,1,2,0,0,7
3,1231,1,2,0,0,7
3,1258,1,2,0,0,7
3,1293,1,2,0,2,7
3,1314,1,2,0,1,7
3,1331,1,2,0,0,7
3,1358,1,2,0,1,7
3,1370,1,2,0,2,7
3,1381,1,2,1,0,7
3,1390,1,2,1,0,7
3,1397,1,2,0,2,7
3,1422,1,2,0,1,7
3,1424,1,2,0,0,7
3,1465,1,2,0,2,7
3,1466,1,2,0,0,7
3,1470,1,2,0,0,7
3,1489,1,2,1,0,7
3,1492,1,2,0,0,7
3,1505,1,2,1,0,7
3,1514,1,2,0,0,7
3,1544,1,2,0,2,7
3,1576,1,2,0,1,7
3,1579,1,2,1,0,7
3,1590,1,2,0,0,7
3,1630,1,2,1,0,7
3,1638,1,2,0,0,7
3,1663,1,2,1,0,7
3,1673,1,2,0,0,7
3,1700,1,2,0,0,7
3,1711,1,2,0,0,7
3,1723,1,2,0,2,7
3,1743,1,2,0,0,7
3,1758,1,2,0,0,7
3,1759,1,2,0,0,7
3,1777,1,2,1,0,7
3,1781,1,2,0,0,7
3,1782,1,2,0,0,7
3,1800,1,2,1,0,7
3,1810,1,2,0,0,7
3,1848,1,2,1,0,7
3,1870,1,2,0,0,7
3,1873,1,2,0,0,7
3,1883,1,2,0,0,7
3,1885,1,2,0,0,7
3,1886,1,2,1,0,7
3,1910,1,2,0,2,7
3,1944,1,2,1,0,7
3,1965,1,2,0,0,7
3,1968,1,2,0,0,7
3,1975,1,2,0,0,7
3,1977,1,2,0,0,7
3,2034,1,2,0,2,7
3,2036,1,2,0,2,7
3,2037,1,2,0,0,7
3,2055,1,2,1,0,7
3,2067,1,2,0,0,7
3,2068,1,2,0,1,7
3,2096,1,2,1,0,7
3,2115,1,2,0,0,7
3,2127,1,2,0,0,7
3,2129,1,2,0,0,7
3,2131,1,2,0,0,7
3,2146,1,2,0,0,7
3,2151,1,2,0,0,7
3,2154,1,2,0,0,7
3,2163,1,2,0,0,7
3,2186,1,2,0,0,7
3,2214,1,2,0,0,7
3,2216,1,2,0,1,7
3,2241,1,2,0,0,7
3,2254,1,2,0,2,7
3,2279,1,2,0,0,7
3,2284,1,2,0,0,7
3,2307,1,2,0,0,7
3,2308,1,2,0,2,7
3,2325,1,2,0,1,7
3,2363,1,2,0,2,7
3,2369,1,2,1,0,7
3,2370,1,2,0,0,7
3,2375,1,2,0,0,7
3,2380,1,2,0,0,7
3,2396,1,2,0,0,7
3,2404,1,2,0,1,7
3,2421,1,2,0,0,7
3,2429,1,2,0,1,7
3,2455,1,2,1,0,7
3,2456,1,2,1,0,7
3,2457,1,2,1,0,7
3,2463,1,2,0,1,7
3,2464,1,2,0,0,7
3,2472,1,2,1,0,7
3,2481,1,2,0,0,7
3,2493,1,2,0,0,7
3,10,1,2,0,0,8
3,11,1,2,0,2,8
3,17,1,2,0,0,8
3,29,1,2,0,2,8
3,55,1,2,0,0,8
3,77,1,2,0,2,8
3,158,1,2,0,0,8
3,188,1,2,0,0,8
3,208,1,2,0,0,8
3,255,1,2,1,0,8
3,313,1,2,1,0,8
3,329,1,2,0,0,8
3,351,1,2,0,0,8
3,417,1,2,1,0,8
3,424,1,2,0,1,8
3,430,1,2,0,0,8
3,446,1,2,0,2,8
3,450,1,2,0,2,8
3,484,1,2,0,2,8
3,485,1,2,0,2,8
3,490,1,2,1,0,8
3,507,1,2,0,0,8
3,511,1,2,0,0,8
3,520,1,2,0,0,8
3,556,1,2,0,0,8
3,568,1,2,0,0,8
3,572,1,2,0,0,8
3,591,1,2,0,0,8
3,612,1,2,1,0,8
3,614,1,2,0,2,8
3,615,1,2,0,0,8
3,645,1,2,1,0,8
3,653,1,2,0,1,8
3,663,1,2,0,0,8
3,673,1,2,0,0,8
3,686,1,2,1,0,8
3,707,1,2,0,0,8
3,711,1,2,0,2,8
3,726,1,2,0,0,8
3,732,1,2,0,0,8
3,741,1,2,0,2,8
3,765,1,2,0,0,8
3,797,1,2,1,0,8
3,814,1,2,0,0,8
3,818,1,2,0,2,8
3,835,1,2,0,1,8
3,843,1,2,0,0,8
3,872,1,2,0,0,8
3,874,1,2,0,2,8
3,878,1,2,0,2,8
3,890,1,2,1,0,8
3,924,1,2,0,0,8
3,926,1,2,0,0,8
3,945,1,2,1,0,8
3,952,1,2,0,2,8
3,1067,1,2,1,0,8
3,1109,1,2,1,0,8
3,1114,1,2,0,0,8
3,1127,1,2,1,0,8
3,1156,1,2,0,0,8
3,1158,1,2,0,0,8
3,1167,1,2,0,0,8
3,1172,1,2,1,0,8
3,1218,1,2,0,0,8
3,1255,1,2,0,0,8
3,1265,1,2,0,2,8
3,1269,1,2,1,0,8
3,1284,1,2,0,0,8
3,1321,1,2,0,0,8
3,1335,1,2,1,0,8
3,1336,1,2,0,0,8
3,1339,1,2,1,0,8
3,1350,1,2,0,0,8
3,1362,1,2,0,0,8
3,1392,1,2,1,0,8
3,1396,1,2,0,0,8
3,1403,1,2,0,0,8
3,1414,1,2,1,0,8
3,1444,1,2,0,0,8
3,1460,1,2,0,0,8
3,1481,1,2,0,0,8
3,1533,1,2,1,0,8
3,1534,1,2,0,0,8
3,1537,1,2,0,0,8
3,1543,1,2,0,0,8
3,1565,1,2,1,0,8
3,1727,1,2,0,2,8
3,1747,1,2,0,0,8
3,1767,1,2,0,0,8
3,1773,1,2,0,0,8
3,1775,1,2,1,0,8
3,1787,1,2,1,0,8
3,1797,1,2,0,0,8
3,1842,1,2,1,0,8
3,1877,1,2,0,0,8
3,1914,1,2,1,0,8
3,1941,1,2,0,1,8
3,1955,1,2,0,0,8
3,1957,1,2,1,0,8
3,1994,1,2,1,0,8
3,2008,1,2,1,0,8
3,2028,1,2,0,0,8
3,2030,1,2,0,2,8
3,2039,1,2,0,2,8
3,2043,1,2,0,0,8
3,2066,1,2,0,0,8
3,2071,1,2,0,0,8
3,2074,1,2,0,0,8
3,2084,1,2,0,2,8
3,2090,1,2,0,0,8
3,2121,1,2,0,1,8
3,2173,1,2,0,0,8
3,2200,1,2,0,0,8
3,2227,1,2,0,0,8
3,2250,1,2,0,0,8
3,2285,1,2,0,0,8
3,2322,1,2,1,0,8
3,2330,1,2,0,0,8
3,2374,1,2,0,0,8
3,2384,1,2,0,0,8
3,2386,1,2,1,0,8
3,2399,1,2,0,0,8
3,2427,1,2,0,0,8
3,2440,1,2,0,2,8
3,1,1,1,0,1,9
3,13,1,1,1,0,9
3,47,1,1,1,0,9
3,50,1,1,0,0,9
3,78,1,1,0,1,9
3,107,1,1,0,0,9
3,109,1,1,0,0,9
3,114,1,1,0,1,9
3,139,1,1,0,0,9
3,148,1,1,0,0,9
3,153,1,1,1,0,9
3,166,1,1,0,0,9
3,175,1,1,0,0,9
3,197,1,1,1,0,9
3,203,1,1,0,1,9
3,250,1,1,0,0,9
3,265,1,1,0,0,9
3,299,1,1,0,0,9
3,341,1,1,0,1,9
3,380,1,1,0,0,9
3,391,1,1,0,1,9
3,406,1,1,0,0,9
3,428,1,1,0,0,9
3,437,1,1,1,0,9
3,440,1,1,0,0,9
3,454,1,1,1,0,9
3,461,1,1,0,0,9
3,476,1,1,0,0,9
3,477,1,1,0,0,9
3,492,1,1,0,0,9
3,545,1,1,0,1,9
3,548,1,1,0,1,9
3,553,1,1,0,1,9
3,567,1,1,0,0,9
3,626,1,1,0,1,9
3,652,1,1,1,0,9
3,693,1,1,0,1,9
3,705,1,1,0,1,9
3,706,1,1,0,1,9
3,709,1,1,0,0,9
3,725,1,1,0,1,9
3,729,1,1,1,0,9
3,733,1,1,0,0,9
3,787,1,1,1,0,9
3,791,1,1,1,0,9
3,817,1,1,0,0,9
3,831,1,1,0,0,9
3,849,1,1,1,0,9
3,858,1,1,1,0,9
3,864,1,1,0,0,9
3,898,1,1,0,0,9
3,907,1,1,0,0,9
3,938,1,1,0,1,9
3,959,1,1,0,1,9
3,962,1,1,1,0,9
3,1006,1,1,0,0,9
3,1013,1,1,1,0,9
3,1033,1,1,1,0,9
3,1049,1,1,1,0,9
3,1077,1,1,1,0,9
3,1132,1,1,0,0,9
3,1135,1,1,0,0,9
3,1153,1,1,0,0,9
3,1198,1,1,0,0,9
3,1199,1,1,0,0,9
3,1200,1,1,0,0,9
3,1232,1,1,0,1,9
3,1235,1,1,1,0,9
3,1250,1,1,0,1,9
3,1289,1,1,1,0,9
3,1297,1,1,0,0,9
3,1305,1,1,0,0,9
3,1337,1,1,0,0,9
3,1345,1,1,0,0,9
3,1357,1,1,0,0,9
3,1372,1,1,0,0,9
3,1384,1,1,0,0,9
3,1427,1,1,0,1,9
3,1437,1,1,0,0,9
3,1439,1,1,1,0,9
3,1443,1,1,1,0,9
3,1449,1,1,1,0,9
3,1469,1,1,0,1,9
3,1525,1,1,1,0,9
3,1528,1,1,0,0,9
3,1562,1,1,0,0,9
3,1566,1,1,0,0,9
3,1574,1,1,0,0,9
3,1625,1,1,0,0,9
3,1639,1,1,0,1,9
3,1644,1,1,0,1,9
3,1686,1,1,0,0,9
3,1695,1,1,1,0,9
3,1713,1,1,1,0,9
3,1717,1,1,0,0,9
3,1728,1,1,1,0,9
3,1750,1,1,0,0,9
3,1764,1,1,0,0,9
3,1802,1,1,0,1,9
3,1813,1,1,0,0,9
3,1826,1,1,0,0,9
3,1828,1,1,0,0,9
3,1850,1,1,0,1,9
3,1950,1,1,0,0,9
3,1958,1,1,0,0,9
3,1976,1,1,0,1,9
3,1978,1,1,0,1,9
3,1997,1,1,0,0,9
3,2012,1,1,1,0,9
3,2018,1,1,0,0,9
3,2051,1,1,0,0,9
3,2054,1,1,0,0,9
3,2072,1,1,0,0,9
3,2114,1,1,0,0,9
3,2116,1,1,0,0,9
3,2132,1,1,0,0,9
3,2136,1,1,0,0,9
3,2145,1,1,0,1,9
3,2156,1,1,0,0,9
3,2204,1,1,1,0,9
3,2255,1,1,0,1,9
3,2262,1,1,1,0,9
3,2263,1,1,0,0,9
3,2264,1,1,0,0,9
3,2265,1,1,0,0,9
3,2266,1,1,0,1,9
3,2275,1,1,0,1,9
3,2278,1,1,0,0,9
3,2311,1,1,1,0,9
3,2331,1,1,0,1,9
3,2360,1,1,0,1,9
3,2383,1,1,0,0,9
3,2398,1,1,1,0,9
3,2400,1,1,0,1,9
3,2407,1,1,0,0,9
3,2422,1,1,0,0,9
3,2444,1,1,0,0,9
3,2460,1,1,0,0,9
3,27,1,1,0,0,10
3,36,1,1,0,0,10
3,40,1,1,0,1,10
3,42,1,1,0,1,10
3,51,1,1,0,0,10
3,89,1,1,0,0,10
3,93,1,1,0,0,10
3,94,1,1,0,1,10
3,133,1,1,0,0,10
3,145,1,1,1,0,10
3,157,1,1,1,0,10
3,162,1,1,0,0,10
3,165,1,1,0,0,10
3,178,1,1,0,0,10
3,181,1,1,0,0,10
3,209,1,1,1,0,10
3,220,1,1,0,0,10
3,234,1,1,0,0,10
3,237,1,1,0,1,10
3,261,1,1,0,0,10
3,273,1,1,0,0,10
3,297,1,1,0,0,10
3,305,1,1,1,0,10
3,323,1,1,1,0,10
3,335,1,1,0,1,10
3,348,1,1,1,0,10
3,370,1,1,0,1,10
3,388,1,1,0,1,10
3,396,1,1,0,0,10
3,405,1,1,0,0,10
3,418,1,1,0,0,10
3,429,1,1,0,0,10
3,447,1,1,1,0,10
3,459,1,1,0,1,10
3,497,1,1,0,0,10
3,518,1,1,1,0,10
3,521,1,1,0,0,10
3,522,1,1,0,1,10
3,544,1,1,0,1,10
3,604,1,1,0,1,10
3,616,1,1,0,1,10
3,640,1,1,0,0,10
3,643,1,1,1,0,10
3,659,1,1,0,0,10
3,660,1,1,0,0,10
3,672,1,1,0,0,10
3,689,1,1,0,0,10
3,690,1,1,0,1,10
3,691,1,1,0,0,10
3,692,1,1,0,0,10
3,713,1,1,0,0,10
3,748,1,1,0,0,10
3,766,1,1,0,1,10
3,775,1,1,0,1,10
3,908,1,1,0,0,10
3,936,1,1,0,0,10
3,950,1,1,0,0,10
3,976,1,1,0,0,10
3,998,1,1,0,0,10
3,1024,1,1,0,1,10
3,1025,1,1,0,0,10
3,1030,1,1,1,0,10
3,1041,1,1,0,0,10
3,1080,1,1,1,0,10
3,1081,1,1,1,0,10
3,1101,1,1,0,0,10
3,1110,1,1,0,0,10
3,1128,1,1,0,0,10
3,1130,1,1,1,0,10
3,1160,1,1,0,0,10
3,1174,1,1,0,1,10
3,1177,1,1,1,0,10
3,1186,1,1,1,0,10
3,1193,1,1,0,0,10
3,1237,1,1,1,0,10
3,1240,1,1,0,0,10
3,1242,1,1,1,0,10
3,1270,1,1,0,0,10
3,1275,1,1,0,1,10
3,1286,1,1,0,0,10
3,1296,1,1,0,0,10
3,1333,1,1,0,0,10
3,1359,1,1,0,0,10
3,1360,1,1,0,1,10
3,1361,1,1,0,1,10
3,1363,1,1,0,0,10
3,1364,1,1,0,0,10
3,1387,1,1,1,0,10
3,1389,1,1,0,1,10
3,1405,1,1,0,0,10
3,1455,1,1,1,0,10
3,1477,1,1,0,0,10
3,1483,1,1,1,0,10
3,1497,1,1,0,1,10
3,1506,1,1,0,0,10
3,1512,1,1,1,0,10
3,1541,1,1,0,0,10
3,1567,1,1,1,0,10
3,1598,1,1,0,0,10
3,1613,1,1,0,1,10
3,1623,1,1,0,0,10
3,1672,1,1,0,0,10
3,1699,1,1,0,0,10
3,1706,1,1,0,0,10
3,1776,1,1,1,0,10
3,1789,1,1,0,0,10
3,1803,1,1,0,1,10
3,1804,1,1,0,1,10
3,1805,1,1,0,0,10
3,1849,1,1,0,0,10
3,1863,1,1,0,0,10
3,1872,1,1,1,0,10
3,1892,1,1,0,1,10
3,1898,1,1,0,0,10
3,1907,1,1,1,0,10
3,1928,1,1,0,0,10
3,1937,1,1,0,1,10
3,1945,1,1,0,0,10
3,1948,1,1,0,1,10
3,1971,1,1,0,0,10
3,2016,1,1,0,0,10
3,2032,1,1,0,0,10
3,2047,1,1,0,0,10
3,2085,1,1,0,1,10
3,2150,1,1,1,0,10
3,2167,1,1,0,0,10
3,2177,1,1,1,0,10
3,2197,1,1,0,1,10
3,2201,1,1,1,0,10
3,2228,1,1,0,0,10
3,2232,1,1,1,0,10
3,2239,1,1,0,0,10
3,2292,1,1,0,0,10
3,2296,1,1,0,0,10
3,2326,1,1,0,0,10
3,2364,1,1,0,0,10
3,2366,1,1,0,1,10
3,2385,1,1,0,1,10
3,2406,1,1,0,1,10
3,2415,1,1,1,0,10
3,2426,1,1,1,0,10
3,2450,1,1,1,0,10
3,2475,1,1,0,0,10
3,2499,1,1,0,1,10
3,0,1,1,0,1,11
3,3,1,1,0,0,11
3,4,1,1,0,0,11
3,15,1,1,0,0,11
3,20,1,1,0,0,11
3,30,1,1,0,1,11
3,43,1,1,0,0,11
3,46,1,1,0,1,11
3,120,1,1,0,0,11
3,150,1,1,0,1,11
3,151,1,1,0,0,11
3,155,1,1,1,0,11
3,168,1,1,0,1,11
3,195,1,1,0,0,11
3,213,1,1,0,1,11
3,247,1,1,1,0,11
3,256,1,1,0,1,11
3,289,1,1,0,1,11
3,296,1,1,0,0,11
3,301,1,1,0,1,11
3,311,1,1,0,1,11
3,331,1,1,0,0,11
3,353,1,1,1,0,11
3,355,1,1,0,0,11
3,402,1,1,0,0,11
3,414,1,1,0,0,11
3,463,1,1,0,1,11
3,550,1,1,0,0,11
3,554,1,1,0,0,11
3,557,1,1,0,0,11
3,559,1,1,0,1,11
3,571,1,1,0,1,11
3,583,1,1,0,0,11
3,586,1,1,1,0,11
3,592,1,1,0,0,11
3,594,1,1,0,0,11
3,634,1,1,1,0,11
3,639,1,1,0,0,11
3,651,1,1,0,0,11
3,679,1,1,0,1,11
3,710,1,1,0,0,11
3,728,1,1,0,0,11
3,753,1,1,0,0,11
3,774,1,1,1,0,11
3,795,1,1,0,1,11
3,828,1,1,1,0,11
3,833,1,1,0,0,11
3,863,1,1,0,0,11
3,886,1,1,0,1,11
3,887,1,1,1,0,11
3,891,1,1,1,0,11
3,905,1,1,0,0,11
3,932,1,1,1,0,11
3,933,1,1,0,0,11
3,944,1,1,0,0,11
3,946,1,1,0,0,11
3,955,1,1,0,0,11
3,966,1,1,0,0,11
3,978,1,1,0,0,11
3,1000,1,1,0,1,11
3,1009,1,1,0,0,11
3,1037,1,1,1,0,11
3,1075,1,1,0,0,11
3,1091,1,1,0,1,11
3,1096,1,1,1,0,11
3,1103,1,1,0,0,11
3,1107,1,1,0,0,11
3,1119,1,1,0,1,11
3,1148,1,1,0,0,11
3,1154,1,1,0,0,11
3,1166,1,1,1,0,11
3,1180,1,1,0,0,11
3,1185,1,1,0,0,11
3,1230,1,1,0,0,11
3,1238,1,1,0,0,11
3,1245,1,1,0,0,11
3,1248,1,1,0,0,11
3,1252,1,1,0,0,11
3,1259,1,1,0,0,11
3,1272,1,1,0,0,11
3,1298,1,1,0,0,11
3,1300,1,1,0,0,11
3,1326,1,1,1,0,11
3,1329,1,1,0,1,11
3,1386,1,1,0,0,11
3,1395,1,1,0,0,11
3,1407,1,1,0,0,11
3,1411,1,1,0,1,11
3,1419,1,1,1,0,11
3,1487,1,1,0,0,11
3,1496,1,1,1,0,11
3,1499,1,1,0,1,11
3,1527,1,1,0,1,11
3,1572,1,1,0,0,11
3,1592,1,1,1,0,11
3,1620,1,1,0,1,11
3,1643,1,1,0,0,11
3,1645,1,1,0,0,11
3,1682,1,1,0,0,11
3,1689,1,1,1,0,11
3,1702,1,1,0,0,11
3,1708,1,1,0,0,11
3,1716,1,1,0,1,11
3,1724,1,1,0,0,11
3,1735,1,1,1,0,11
3,1738,1,1,1,0,11
3,1746,1,1,0,0,11
3,1774,1,1,1,0,11
3,1793,1,1,1,0,11
3,1795,1,1,0,1,11
3,1796,1,1,1,0,11
3,1811,1,1,0,0,11
3,1832,1,1,0,0,11
3,1851,1,1,1,0,11
3,1876,1,1,0,0,11
3,1894,1,1,0,0,11
3,1900,1,1,0,0,11
3,1908,1,1,0,0,11
3,1912,1,1,0,1,11
3,1915,1,1,1,0,11
3,1916,1,1,0,0,11
3,1917,1,1,1,0,11
3,1924,1,1,0,1,11
3,1929,1,1,0,0,11
3,1967,1,1,0,0,11
3,1973,1,1,0,1,11
3,1995,1,1,0,1,11
3,1996,1,1,1,0,11
3,1998,1,1,0,0,11
3,2011,1,1,0,0,11
3,2024,1,1,0,1,11
3,2029,1,1,0,0,11
3,2035,1,1,0,0,11
3,2082,1,1,0,0,11
3,2123,1,1,1,0,11
3,2125,1,1,0,0,11
3,2159,1,1,0,0,11
3,2162,1,1,0,1,11
3,2164,1,1,1,0,11
3,2168,1,1,1,0,11
3,2169,1,1,0,0,11
3,2212,1,1,0,0,11
3,2219,1,1,0,0,11
3,2240,1,1,1,0,11
3,2259,1,1,0,1,11
3,2293,1,1,0,1,11
3,2303,1,1,1,0,11
3,2338,1,1,0,0,11
3,2347,1,1,0,0,11
3,2352,1,1,0,1,11
3,2355,1,1,0,0,11
3,2362,1,1,0,0,11
3,2389,1,1,0,0,11
3,2430,1,1,0,0,11
3,2433,1,1,0,0,11
3,2445,1,1,1,0,11
3,2452,1,1,1,0,11
3,2477,1,1,0,0,11
3,2480,1,1,0,0,11
3,2496,1,1,1,0,11
3,21,1,3,0,3,12
3,28,1,3,0,0,12
3,59,1,3,0,3,12
3,60,1,3,1,0,12
3,66,1,3,0,0,12
3,96,1,3,0,0,12
3,99,1,3,0,3,12
3,104,1,3,1,0,12
3,116,1,3,0,3,12
3,119,1,3,1,0,12
3,125,1,3,0,1,12
3,130,1,3,0,3,12
3,140,1,3,0,0,12
3,149,1,3,0,0,12
3,159,1,3,1,0,12
3,179,1,3,0,0,12
3,184,1,3,0,0,12
3,241,1,3,1,0,12
3,308,1,3,0,0,12
3,314,1,3,0,0,12
3,336,1,3,0,0,12
3,337,1,3,0,0,12
3,343,1,3,1,0,12
3,347,1,3,0,0,12
3,350,1,3,0,0,12
3,386,1,3,0,0,12
3,389,1,3,0,0,12
3,395,1,3,1,0,12
3,403,1,3,1,0,12
3,404,1,3,0,0,12
3,435,1,3,0,0,12
3,442,1,3,0,0,12
3,443,1,3,0,0,12
3,451,1,3,0,0,12
3,478,1,3,0,0,12
3,495,1,3,0,3,12
3,500,1,3,1,0,12
3,538,1,3,0,0,12
3,560,1,3,0,1,12
3,574,1,3,0,0,12
3,624,1,3,0,0,12
3,649,1,3,0,0,12
3,742,1,3,0,0,12
3,745,1,3,0,0,12
3,754,1,3,0,1,12
3,764,1,3,0,0,12
3,772,1,3,0,0,12
3,785,1,3,1,0,12
3,788,1,3,0,0,12
3,808,1,3,1,0,12
3,812,1,3,0,0,12
3,836,1,3,1,0,12
3,852,1,3,0,0,12
3,868,1,3,0,0,12
3,925,1,3,0,3,12
3,939,1,3,1,0,12
3,942,1,3,0,0,12
3,948,1,3,0,1,12
3,967,1,3,0,0,12
3,974,1,3,0,0,12
3,988,1,3,0,0,12
3,1022,1,3,0,0,12
3,1104,1,3,1,0,12
3,1118,1,3,0,0,12
3,1146,1,3,1,0,12
3,1152,1,3,0,3,12
3,1169,1,3,0,0,12
3,1179,1,3,0,3,12
3,1194,1,3,1,0,12
3,1209,1,3,0,3,12
3,1217,1,3,0,0,12
3,1223,1,3,0,0,12
3,1228,1,3,1,0,12
3,1247,1,3,0,0,12
3,1266,1,3,0,3,12
3,1268,1,3,0,0,12
3,1279,1,3,0,0,12
3,1285,1,3,0,0,12
3,1290,1,3,0,0,12
3,1310,1,3,0,0,12
3,1311,1,3,0,0,12
3,1322,1,3,0,0,12
3,1346,1,3,0,0,12
3,1354,1,3,0,0,12
3,1373,1,3,0,1,12
3,1378,1,3,1,0,12
3,1379,1,3,0,0,12
3,1382,1,3,0,3,12
3,1409,1,3,0,0,12
3,1423,1,3,0,0,12
3,1464,1,3,0,0,12
3,1500,1,3,0,0,12
3,1519,1,3,0,1,12
3,1540,1,3,0,0,12
3,1545,1,3,0,3,12
3,1552,1,3,0,3,12
3,1555,1,3,1,0,12
3,1563,1,3,1,0,12
3,1583,1,3,0,3,12
3,1611,1,3,0,0,12
3,1627,1,3,0,0,12
3,1631,1,3,0,0,12
3,1649,1,3,1,0,12
3,1656,1,3,0,0,12
3,1660,1,3,0,0,12
3,1739,1,3,1,0,12
3,1754,1,3,0,0,12
3,1757,1,3,0,0,12
3,1772,1,3,1,0,12
3,1784,1,3,0,0,12
3,1816,1,3,0,0,12
3,1838,1,3,0,0,12
3,1839,1,3,1,0,12
3,1868,1,3,0,0,12
3,1879,1,3,0,0,12
3,1889,1,3,0,0,12
3,1909,1,3,0,0,12
3,1921,1,3,0,0,12
3,1927,1,3,0,0,12
3,1940,1,3,0,0,12
3,1942,1,3,0,0,12
3,1946,1,3,1,0,12
3,1954,1,3,0,0,12
3,1959,1,3,0,0,12
3,1964,1,3,0,0,12
3,1982,1,3,0,0,12
3,1983,1,3,0,0,12
3,2001,1,3,0,1,12
3,2003,1,3,0,0,12
3,2015,1,3,0,1,12
3,2026,1,3,0,0,12
3,2057,1,3,1,0,12
3,2081,1,3,0,0,12
3,2106,1,3,1,0,12
3,2119,1,3,0,0,12
3,2120,1,3,0,1,12
3,2139,1,3,0,0,12
3,2153,1,3,0,0,12
3,2157,1,3,1,0,12
3,2160,1,3,0,3,12
3,2183,1,3,0,0,12
3,2185,1,3,0,3,12
3,2237,1,3,1,0,12
3,2273,1,3,0,0,12
3,2334,1,3,0,0,12
3,2372,1,3,0,3,12
3,2381,1,3,0,3,12
3,2392,1,3,1,0,12
3,2401,1,3,0,0,12
3,2447,1,3,0,1,12
3,2454,1,3,1,0,12
3,2458,1,3,1,0,12
3,2482,1,3,1,0,12
3,2489,1,3,0,0,12
3,5,1,1,0,0,13
3,8,1,1,0,1,13
3,12,1,1,0,0,13
3,16,1,1,0,0,13
3,19,1,1,0,0,13
3,24,1,1,0,0,13
3,26,1,1,0,1,13
3,33,1,1,0,0,13
3,39,1,1,0,1,13
3,44,1,1,1,0,13
3,45,1,1,0,0,13
3,56,1,1,0,1,13
3,57,1,1,0,0,13
3,63,1,1,0,1,13
3,72,1,1,0,1,13
3,83,1,1,1,0,13
3,87,1,1,0,0,13
3,112,1,1,0,1,13
3,118,1,1,0,0,13
3,123,1,1,0,0,13
3,126,1,1,0,0,13
3,127,1,1,1,0,13
3,129,1,1,0,0,13
3,144,1,1,0,0,13
3,147,1,1,0,0,13
3,152,1,1,0,0,13
3,170,1,1,0,0,13
3,189,1,1,0,1,13
3,196,1,1,0,1,13
3,202,1,1,1,0,13
3,217,1,1,0,0,13
3,225,1,1,0,1,13
3,236,1,1,0,0,13
3,248,1,1,0,0,13
3,253,1,1,0,0,13
3,257,1,1,0,1,13
3,259,1,1,0,0,13
3,260,1,1,0,0,13
3,266,1,1,0,1,13
3,276,1,1,0,1,13
3,279,1,1,0,0,13
3,280,1,1,0,0,13
3,282,1,1,0,0,13
3,285,1,1,1,0,13
3,307,1,1,0,0,13
3,309,1,1,0,0,13
3,316,1,1,0,1,13
3,319,1,1,0,0,13
3,320,1,1,0,0,13
3,322,1,1,0,0,13
3,326,1,1,0,0,13
3,339,1,1,0,1,13
3,344,1,1,0,0,13
3,345,1,1,0,1,13
3,356,1,1,0,0,13
3,357,1,1,0,0,13
3,360,1,1,0,1,13
3,368,1,1,0,0,13
3,373,1,1,0,1,13
3,374,1,1,1,0,13
3,376,1,1,0,0,13
3,382,1,1,0,1,13
3,397,1,1,0,0,13
3,399,1,1,0,0,13
3,400,1,1,0,0,13
3,409,1,1,0,0,13
3,421,1,1,0,0,13
3,427,1,1,1,0,13
3,433,1,1,0,1,13
3,462,1,1,0,0,13
3,467,1,1,0,0,13
3,474,1,1,0,1,13
3,493,1,1,1,0,13
3,498,1,1,0,0,13
3,499,1,1,0,0,13
3,505,1,1,0,0,13
3,506,1,1,1,0,13
3,516,1,1,0,1,13
3,530,1,1,1,0,13
3,531,1,1,0,0,13
3,533,1,1,0,0,13
3,541,1,1,0,0,13
3,543,1,1,0,0,13
3,566,1,1,1,0,13
3,573,1,1,0,0,13
3,581,1,1,0,0,13
3,584,1,1,1,0,13
3,596,1,1,0,0,13
3,600,1,1,1,0,13
3,603,1,1,0,0,13
3,605,1,1,1,0,13
3,608,1,1,0,0,13
3,610,1,1,0,0,13
3,619,1,1,0,0,13
3,621,1,1,0,1,13
3,622,1,1,0,0,13
3,631,1,1,0,0,13
3,632,1,1,0,0,13
3,636,1,1,0,0,13
3,641,1,1,1,0,13
3,655,1,1,0,0,13
3,665,1,1,0,1,13
3,667,1,1,0,0,13
3,668,1,1,0,0,13
3,671,1,1,0,1,13
3,674,1,1,0,0,13
3,677,1,1,0,1,13
3,683,1,1,0,0,13
3,688,1,1,0,0,13
3,694,1,1,0,1,13
3,699,1,1,0,0,13
3,702,1,1,1,0,13
3,704,1,1,1,0,13
3,708,1,1,1,0,13
3,719,1,1,0,0,13
3,723,1,1,0,0,13
3,727,1,1,1,0,13
3,743,1,1,0,0,13
3,744,1,1,0,1,13
3,746,1,1,0,0,13
3,749,1,1,0,0,13
3,757,1,1,0,0,13
3,760,1,1,0,1,13
3,773,1,1,0,0,13
3,777,1,1,0,1,13
3,779,1,1,0,0,13
3,786,1,1,0,1,13
3,811,1,1,0,0,13
3,813,1,1,1,0,13
3,822,1,1,0,0,13
3,827,1,1,0,1,13
3,830,1,1,0,0,13
3,832,1,1,0,0,13
3,837,1,1,1,0,13
3,841,1,1,1,0,13
3,846,1,1,0,0,13
3,856,1,1,0,0,13
3,859,1,1,0,0,13
3,860,1,1,0,0,13
3,880,1,1,1,0,13
3,881,1,1,1,0,13
3,883,1,1,1,0,13
3,885,1,1,0,1,13
3,888,1,1,0,0,13
3,897,1,1,0,1,13
3,904,1,1,0,0,13
3,914,1,1,0,0,13
3,916,1,1,0,1,13
3,920,1,1,0,1,13
3,921,1,1,0,0,13
3,931,1,1,0,0,13
3,934,1,1,0,0,13
3,935,1,1,0,0,13
3,937,1,1,1,0,13
3,949,1,1,0,0,13
3,951,1,1,0,0,13
3,957,1,1,0,1,13
3,960,1,1,0,0,13
3,964,1,1,0,1,13
3,965,1,1,0,1,13
3,979,1,1,0,0,13
3,981,1,1,0,1,13
3,985,1,1,0,1,13
3,994,1,1,0,0,13
3,997,1,1,0,1,13
3,1011,1,1,0,1,13
3,1017,1,1,1,0,13
3,1018,1,1,0,1,13
3,1020,1,1,0,1,13
3,1031,1,1,0,0,13
3,1032,1,1,0,0,13
3,1034,1,1,0,0,13
3,1043,1,1,0,1,13
3,1045,1,1,0,0,13
3,1051,1,1,0,0,13
3,1053,1,1,0,1,13
3,1056,1,1,0,0,13
3,1072,1,1,0,1,13
3,1073,1,1,0,0,13
3,1074,1,1,0,0,13
3,1082,1,1,0,0,13
3,1087,1,1,0,0,13
3,1098,1,1,0,1,13
3,1099,1,1,0,0,13
3,1108,1,1,0,0,13
3,1111,1,1,1,0,13
3,1117,1,1,0,0,13
3,1120,1,1,0,0,13
3,1121,1,1,1,0,13
3,1126,1,1,0,0,13
3,1131,1,1,0,0,13
3,1138,1,1,1,0,13
3,1141,1,1,0,1,13
3,1155,1,1,0,0,13
3,1165,1,1,1,0,13
3,1189,1,1,0,0,13
3,1191,1,1,0,1,13
3,1192,1,1,0,1,13
3,1201,1,1,0,1,13
3,1211,1,1,0,0,13
3,1221,1,1,0,0,13
3,1227,1,1,0,1,13
3,1236,1,1,0,0,13
3,1249,1,1,0,1,13
3,1253,1,1,0,0,13
3,1267,1,1,0,0,13
3,1273,1,1,0,0,13
3,1276,1,1,1,0,13
3,1277,1,1,0,1,13
3,1280,1,1,1,0,13
3,1291,1,1,1,0,13
3,1303,1,1,1,0,13
3,1308,1,1,0,0,13
3,1309,1,1,0,1,13
3,1313,1,1,1,0,13
3,1316,1,1,0,0,13
3,1330,1,1,0,1,13
3,1334,1,1,0,0,13
3,1338,1,1,0,1,13
3,1340,1,1,0,0,13
3,1342,1,1,0,0,13
3,1343,1,1,1,0,13
3,1347,1,1,0,0,13
3,1353,1,1,0,0,13
3,1365,1,1,0,1,13
3,1377,1,1,0,0,13
3,1385,1,1,1,0,13
3,1388,1,1,0,0,13
3,1399,1,1,0,0,13
3,1406,1,1,0,0,13
3,1412,1,1,0,0,13
3,1416,1,1,0,1,13
3,1420,1,1,0,1,13
3,1430,1,1,0,0,13
3,1432,1,1,0,0,13
3,1441,1,1,0,0,13
3,1445,1,1,0,0,13
3,1453,1,1,0,1,13
3,1459,1,1,0,0,13
3,1467,1,1,0,0,13
3,1468,1,1,0,0,13
3,1473,1,1,0,0,13
3,1474,1,1,0,0,13
3,1480,1,1,0,0,13
3,1485,1,1,0,0,13
3,1490,1,1,0,0,13
3,1513,1,1,0,0,13
3,1516,1,1,0,0,13
3,1531,1,1,0,1,13
3,1539,1,1,0,1,13
3,1548,1,1,1,0,13
3,1549,1,1,0,0,13
3,1554,1,1,0,0,13
3,1556,1,1,0,1,13
3,1557,1,1,0,0,13
3,1561,1,1,1,0,13
3,1584,1,1,0,1,13
3,1585,1,1,0,1,13
3,1594,1,1,0,0,13
3,1599,1,1,1,0,13
3,1604,1,1,0,0,13
3,1605,1,1,0,1,13
3,1607,1,1,0,0,13
3,1610,1,1,0,0,13
3,1618,1,1,1,0,13
3,1619,1,1,0,0,13
3,1622,1,1,0,0,13
3,1632,1,1,0,0,13
3,1666,1,1,0,0,13
3,1668,1,1,1,0,13
3,1674,1,1,0,0,13
3,1676,1,1,0,0,13
3,1687,1,1,1,0,13
3,1688,1,1,1,0,13
3,1690,1,1,1,0,13
3,1693,1,1,0,0,13
3,1701,1,1,1,0,13
3,1707,1,1,0,0,13
3,1718,1,1,0,0,13
3,1720,1,1,0,0,13
3,1726,1,1,0,0,13
3,1740,1,1,1,0,13
3,1756,1,1,0,0,13
3,1760,1,1,1,0,13
3,1779,1,1,1,0,13
3,1780,1,1,0,1,13
3,1783,1,1,0,0,13
3,1792,1,1,1,0,13
3,1808,1,1,1,0,13
3,1823,1,1,0,0,13
3,1837,1,1,0,1,13
3,1845,1,1,0,0,13
3,1852,1,1,0,0,13
3,1855,1,1,0,0,13
3,1860,1,1,0,0,13
3,1867,1,1,0,0,13
3,1874,1,1,0,0,13
3,1887,1,1,0,0,13
3,1888,1,1,0,0,13
3,1902,1,1,0,1,13
3,1904,1,1,0,0,13
3,1920,1,1,0,0,13
3,1926,1,1,1,0,13
3,1931,1,1,1,0,13
3,1933,1,1,0,1,13
3,1935,1,1,1,0,13
3,1962,1,1,0,0,13
3,1970,1,1,0,0,13
3,1979,1,1,0,0,13
3,1990,1,1,0,0,13
3,1993,1,1,0,0,13
3,2000,1,1,0,1,13
3,2007,1,1,0,1,13
3,2010,1,1,0,0,13
3,2019,1,1,0,0,13
3,2025,1,1,0,0,13
3,2031,1,1,0,0,13
3,2046,1,1,0,0,13
3,2050,1,1,0,1,13
3,2058,1,1,0,0,13
3,2080,1,1,0,0,13
3,2087,1,1,0,0,13
3,2089,1,1,0,0,13
3,2092,1,1,0,0,13
3,2093,1,1,0,1,13
3,2105,1,1,0,0,13
3,2107,1,1,0,0,13
3,2112,1,1,0,0,13
3,2117,1,1,0,0,13
3,2128,1,1,0,1,13
3,2138,1,1,0,1,13
3,2140,1,1,0,1,13
3,2142,1,1,0,0,13
3,2149,1,1,0,0,13
3,2166,1,1,1,0,13
3,2194,1,1,0,0,13
3,2209,1,1,0,1,13
3,2210,1,1,0,0,13
3,2213,1,1,0,1,13
3,2218,1,1,0,1,13
3,2221,1,1,0,1,13
3,2224,1,1,0,0,13
3,2245,1,1,1,0,13
3,2246,1,1,0,0,13
3,2249,1,1,0,0,13
3,2252,1,1,1,0,13
3,2253,1,1,0,0,13
3,2271,1,1,0,0,13
3,2286,1,1,1,0,13
3,2302,1,1,0,1,13
3,2306,1,1,0,0,13
3,2309,1,1,1,0,13
3,2314,1,1,0,1,13
3,2317,1,1,0,1,13
3,2318,1,1,0,0,13
3,2324,1,1,0,0,13
3,2328,1,1,0,1,13
3,2337,1,1,0,0,13
3,2340,1,1,0,1,13
3,2349,1,1,1,0,13
3,2351,1,1,0,0,13
3,2357,1,1,0,0,13
3,2365,1,1,0,1,13
3,2377,1,1,1,0,13
3,2387,1,1,0,1,13
3,2393,1,1,1,0,13
3,2403,1,1,0,1,13
3,2411,1,1,0,0,13
3,2413,1,1,1,0,13
3,2417,1,1,0,0,13
3,2418,1,1,0,1,13
3,2419,1,1,0,1,13
3,2423,1,1,0,0,13
3,2424,1,1,0,0,13
3,2425,1,1,0,0,13
3,2431,1,1,0,0,13
3,2434,1,1,0,0,13
3,2438,1,1,0,1,13
3,2443,1,1,1,0,13
3,2462,1,1,0,0,13
3,2465,1,1,0,0,13
3,2479,1,1,0,1,13
3,2483,1,1,0,0,13
3,2485,1,1,1,0,13
3,2486,1,1,0,0,13
3,2492,1,1,0,0,13
3,2494,1,1,0,0,13
3,37,1,3,0,3,14
3,64,1,3,1,0,14
3,68,1,3,1,0,14
3,70,1,3,0,1,14
3,71,1,3,1,0,14
3,75,1,3,1,0,14
3,79,1,3,1,0,14
3,90,1,3,1,0,14
3,91,1,3,0,0,14
3,173,1,3,0,1,14
3,183,1,3,1,0,14
3,191,1,3,1,0,14
3,200,1,3,0,0,14
3,201,1,3,0,0,14
3,215,1,3,0,0,14
3,218,1,3,0,0,14
3,219,1,3,1,0,14
3,229,1,3,0,0,14
3,242,1,3,1,0,14
3,245,1,3,0,3,14
3,252,1,3,0,3,14
3,263,1,3,0,0,14
3,290,1,3,0,0,14
3,291,1,3,0,0,14
3,300,1,3,0,0,14
3,302,1,3,0,0,14
3,304,1,3,0,3,14
3,310,1,3,0,0,14
3,325,1,3,0,0,14
3,334,1,3,0,0,14
3,366,1,3,1,0,14
3,383,1,3,0,0,14
3,387,1,3,1,0,14
3,431,1,3,0,1,14
3,438,1,3,0,3,14
3,455,1,3,0,3,14
3,457,1,3,0,0,14
3,486,1,3,0,0,14
3,489,1,3,0,1,14
3,510,1,3,0,1,14
3,513,1,3,1,0,14
3,523,1,3,0,0,14
3,539,1,3,0,3,14
3,555,1,3,0,0,14
3,558,1,3,0,3,14
3,561,1,3,0,1,14
3,580,1,3,0,0,14
3,609,1,3,0,3,14
3,623,1,3,1,0,14
3,625,1,3,0,0,14
3,633,1,3,0,1,14
3,642,1,3,0,0,14
3,658,1,3,0,0,14
3,687,1,3,0,0,14
3,724,1,3,0,0,14
3,731,1,3,0,0,14
3,740,1,3,0,0,14
3,758,1,3,0,0,14
3,770,1,3,1,0,14
3,809,1,3,0,1,14
3,821,1,3,0,0,14
3,834,1,3,0,0,14
3,839,1,3,0,0,14
3,870,1,3,0,0,14
3,896,1,3,0,0,14
3,912,1,3,1,0,14
3,927,1,3,0,3,14
3,972,1,3,1,0,14
3,975,1,3,1,0,14
3,982,1,3,0,0,14
3,989,1,3,0,0,14
3,1007,1,3,1,0,14
3,1008,1,3,0,0,14
3,1012,1,3,0,3,14
3,1023,1,3,1,0,14
3,1026,1,3,0,3,14
3,1036,1,3,0,0,14
3,1044,1,3,1,0,14
3,1048,1,3,0,0,14
3,1052,1,3,0,0,14
3,1062,1,3,0,0,14
3,1066,1,3,0,0,14
3,1069,1,3,1,0,14
3,1071,1,3,0,0,14
3,1076,1,3,0,0,14
3,1092,1,3,0,0,14
3,1139,1,3,0,0,14
3,1142,1,3,0,3,14
3,1144,1,3,0,0,14
3,1147,1,3,0,0,14
3,1161,1,3,0,1,14
3,1178,1,3,0,0,14
3,1190,1,3,0,0,14
3,1208,1,3,0,3,14
3,1222,1,3,1,0,14
3,1226,1,3,0,0,14
3,1251,1,3,1,0,14
3,1278,1,3,0,1,14
3,1281,1,3,1,0,14
3,1283,1,3,0,0,14
3,1301,1,3,0,0,14
3,1302,1,3,0,0,14
3,1304,1,3,0,1,14
3,1318,1,3,0,0,14
3,1323,1,3,1,0,14
3,1327,1,3,0,0,14
3,1348,1,3,0,0,14
3,1349,1,3,0,0,14
3,1401,1,3,1,0,14
3,1404,1,3,0,0,14
3,1418,1,3,1,0,14
3,1431,1,3,1,0,14
3,1438,1,3,0,3,14
3,1462,1,3,0,3,14
3,1471,1,3,0,3,14
3,1493,1,3,1,0,14
3,1502,1,3,0,0,14
3,1507,1,3,0,1,14
3,1508,1,3,0,1,14
3,1522,1,3,0,3,14
3,1581,1,3,1,0,14
3,1588,1,3,0,0,14
3,1597,1,3,0,0,14
3,1608,1,3,1,0,14
3,1624,1,3,0,1,14
3,1641,1,3,0,1,14
3,1647,1,3,0,0,14
3,1653,1,3,1,0,14
3,1662,1,3,0,0,14
3,1677,1,3,0,0,14
3,1678,1,3,1,0,14
3,1683,1,3,0,0,14
3,1710,1,3,1,0,14
3,1719,1,3,0,0,14
3,1722,1,3,0,0,14
3,1751,1,3,0,3,14
3,1753,1,3,0,0,14
3,1778,1,3,0,0,14
3,1786,1,3,0,0,14
3,1799,1,3,0,3,14
3,1806,1,3,1,0,14
3,1815,1,3,1,0,14
3,1824,1,3,0,3,14
3,1830,1,3,0,1,14
3,1834,1,3,1,0,14
3,1841,1,3,0,0,14
3,1844,1,3,0,0,14
3,1858,1,3,0,0,14
3,1878,1,3,0,0,14
3,1918,1,3,0,0,14
3,1922,1,3,0,0,14
3,1925,1,3,1,0,14
3,1961,1,3,0,0,14
3,1966,1,3,0,1,14
3,1981,1,3,1,0,14
3,1991,1,3,0,3,14
3,2009,1,3,0,0,14
3,2020,1,3,0,0,14
3,2049,1,3,0,0,14
3,2060,1,3,0,0,14
3,2061,1,3,0,0,14
3,2064,1,3,1,0,14
3,2075,1,3,0,0,14
3,2083,1,3,0,0,14
3,2102,1,3,0,0,14
3,2133,1,3,0,0,14
3,2137,1,3,0,0,14
3,2161,1,3,0,3,14
3,2181,1,3,0,1,14
3,2182,1,3,0,0,14
3,2187,1,3,0,0,14
3,2206,1,3,0,0,14
3,2222,1,3,0,3,14
3,2230,1,3,0,0,14
3,2231,1,3,0,0,14
3,2233,1,3,0,0,14
3,2242,1,3,1,0,14
3,2248,1,3,0,0,14
3,2272,1,3,0,0,14
3,2277,1,3,0,0,14
3,2289,1,3,0,0,14
3,2300,1,3,0,3,14
3,2310,1,3,0,3,14
3,2319,1,3,1,0,14
3,2323,1,3,0,0,14
3,2333,1,3,0,0,14
3,2342,1,3,0,3,14
3,2354,1,3,1,0,14
3,2371,1,3,1,0,14
3,2439,1,3,0,3,14
3,2449,1,3,0,1,14
3,2471,1,3,1,0,14
3,2476,1,3,0,3,14
3,2497,1,3,0,0,14
5,2,3,0,0,0,0
5,25,3,0,0,0,0
5,31,3,0,0,0,0
5,34,3,0,0,0,0
5,53,3,0,0,0,0
5,58,3,0,1,0,0
5,67,3,0,0,0,0
5,73,3,0,2,0,0
5,74,3,0,0,0,0
5,80,3,0,0,0,0
5,88,3,0,1,0,0
5,92,3,0,2,0,0
5,98,3,0,0,0,0
5,105,3,0,2,0,0
5,106,3,0,0,0,0
5,142,3,0,0,0,0
5,154,3,0,0,0,0
5,156,3,0,0,0,0
5,160,3,0,0,0,0
5,187,3,0,1,0,0
5,199,3,0,2,0,0
5,212,3,0,0,0,0
5,224,3,0,0,0,0
5,249,3,0,2,0,0
5,277,3,0,2,0,0
5,298,3,0,2,0,0
5,324,3,0,0,0,0
5,328,3,0,0,0,0
5,363,3,0,0,0,0
5,375,3,0,0,0,0
5,410,3,0,0,0,0
5,411,3,0,0,0,0
5,413,3,0,0,0,0
5,416,3,0,0,0,0
5,434,3,0,0,0,0
5,444,3,0,0,0,0
5,458,3,0,0,0,0
5,460,3,0,0,0,0
5,502,3,0,0,0,0
5,503,3,0,1,0,0
5,509,3,0,1,0,0
5,519,3,0,0,0,0
5,528,3,0,0,0,0
5,529,3,0,2,0,0
5,532,3,0,2,0,0
5,546,3,0,0,0,0
5,549,3,0,0,0,0
5,551,3,0,0,0,0
5,562,3,0,0,0,0
5,620,3,0,2,0,0
5,654,3,0,0,0,0
5,666,3,0,1,0,0
5,681,3,0,0,0,0
5,684,3,0,1,0,0
5,714,3,0,0,0,0
5,734,3,0,0,0,0
5,768,3,0,0,0,0
5,771,3,0,1,0,0
5,780,3,0,2,0,0
5,789,3,0,0,0,0
5,793,3,0,1,0,0
5,820,3,0,0,0,0
5,845,3,0,1,0,0
5,869,3,0,0,0,0
5,922,3,0,0,0,0
5,983,3,0,0,0,0
5,1003,3,0,0,0,0
5,1015,3,0,0,0,0
5,1021,3,0,0,0,0
5,1027,3,0,0,0,0
5,1122,3,0,0,0,0
5,1133,3,0,2,0,0
5,1140,3,0,2,0,0
5,1150,3,0,0,0,0
5,1151,3,0,0,0,0
5,1157,3,0,0,0,0
5,1159,3,0,0,0,0
5,1176,3,0,1,0,0
5,1184,3,0,0,0,0
5,1188,3,0,0,0,0
5,1195,3,0,0,0,0
5,1197,3,0,0,0,0
5,1210,3,0,0,0,0
5,1241,3,0,0,0,0
5,1243,3,0,0,0,0
5,1257,3,0,0,0,0
5,1264,3,0,0,0,0
5,1287,3,0,0,0,0
5,1306,3,0,0,0,0
5,1307,3,0,0,0,0
5,1328,3,0,0,0,0
5,1355,3,0,1,0,0
5,1356,3,0,2,0,0
5,1371,3,0,0,0,0
5,1394,3,0,0,0,0
5,1415,3,0,1,0,0
5,1421,3,0,2,0,0
5,1433,3,0,1,0,0
5,1451,3,0,0,0,0
5,1461,3,0,0,0,0
5,1484,3,0,0,0,0
5,1501,3,0,0,0,0
5,1518,3,0,0,0,0
5,1520,3,0,1,0,0
5,1521,3,0,0,0,0
5,1536,3,0,0,0,0
5,1538,3,0,0,0,0
5,1546,3,0,0,0,0
5,1553,3,0,0,0,0
5,1564,3,0,0,0,0
5,1575,3,0,0,0,0
5,1577,3,0,0,0,0
5,1603,3,0,0,0,0
5,1629,3,0,0,0,0
5,1636,3,0,0,0,0
5,1648,3,0,2,0,0
5,1652,3,0,2,0,0
5,1657,3,0,0,0,0
5,1661,3,0,0,0,0
5,1669,3,0,0,0,0
5,1684,3,0,0,0,0
5,1685,3,0,0,0,0
5,1697,3,0,2,0,0
5,1712,3,0,0,0,0
5,1714,3,0,2,0,0
5,1715,3,0,2,0,0
5,1730,3,0,0,0,0
5,1745,3,0,0,0,0
5,1766,3,0,0,0,0
5,1769,3,0,2,0,0
5,1790,3,0,0,0,0
5,1817,3,0,0,0,0
5,1818,3,0,2,0,0
5,1821,3,0,0,0,0
5,1829,3,0,0,0,0
5,1882,3,0,0,0,0
5,1897,3,0,1,0,0
5,1930,3,0,0,0,0
5,1938,3,0,0,0,0
5,1949,3,0,0,0,0
5,1969,3,0,0,0,0
5,1972,3,0,0,0,0
5,1986,3,0,0,0,0
5,1987,3,0,0,0,0
5,1992,3,0,0,0,0
5,2013,3,0,0,0,0
5,2022,3,0,0,0,0
5,2053,3,0,0,0,0
5,2076,3,0,0,0,0
5,2098,3,0,1,0,0
5,2108,3,0,2,0,0
5,2165,3,0,1,0,0
5,2188,3,0,0,0,0
5,2189,3,0,0,0,0
5,2192,3,0,0,0,0
5,2196,3,0,2,0,0
5,2203,3,0,0,0,0
5,2234,3,0,1,0,0
5,2236,3,0,0,0,0
5,2244,3,0,0,0,0
5,2256,3,0,0,0,0
5,2258,3,0,0,0,0
5,2260,3,0,0,0,0
5,2291,3,0,0,0,0
5,2301,3,0,2,0,0
5,2320,3,0,0,0,0
5,2327,3,0,2,0,0
5,2329,3,0,0,0,0
5,2339,3,0,1,0,0
5,2341,3,0,2,0,0
5,2348,3,0,0,0,0
5,2353,3,0,2,0,0
5,2367,3,0,0,0,0
5,2368,3,0,0,0,0
5,2378,3,0,0,0,0
5,2379,3,0,0,0,0
5,2382,3,0,2,0,0
5,2390,3,0,2,0,0
5,2412,3,0,0,0,0
5,2437,3,0,0,0,0
5,2470,3,0,0,0,0
5,2490,3,0,2,0,0
5,2495,3,0,0,0,0
5,22,1,1,0,0,1
5,38,1,1,0,0,1
5,52,1,1,0,1,1
5,61,1,1,0,0,1
5,76,1,1,0,1,1
5,117,1,1,0,0,1
5,122,1,1,1,0,1
5,131,1,1,1,0,1
5,174,1,1,0,0,1
5,186,1,1,1,0,1
5,192,1,1,0,0,1
5,210,1,1,0,0,1
5,214,1,1,0,1,1
5,222,1,1,0,1,1
5,239,1,1,0,0,1
5,264,1,1,0,0,1
5,270,1,1,0,0,1
5,286,1,1,0,0,1
5,293,1,1,0,0,1
5,303,1,1,0,0,1
5,306,1,1,0,0,1
5,365,1,1,0,0,1
5,385,1,1,0,0,1
5,426,1,1,0,0,1
5,471,1,1,1,0,1
5,514,1,1,0,1,1
5,524,1,1,0,0,1
5,527,1,1,0,0,1
5,537,1,1,0,0,1
5,564,1,1,1,0,1
5,569,1,1,0,0,1
5,593,1,1,1,0,1
5,601,1,1,0,0,1
5,602,1,1,1,0,1
5,628,1,1,0,0,1
5,629,1,1,0,0,1
5,637,1,1,0,1,1
5,656,1,1,0,0,1
5,662,1,1,0,0,1
5,664,1,1,0,0,1
5,712,1,1,0,1,1
5,716,1,1,0,0,1
5,722,1,1,0,0,1
5,755,1,1,1,0,1
5,756,1,1,0,1,1
5,761,1,1,1,0,1
5,800,1,1,0,0,1
5,802,1,1,0,1,1
5,824,1,1,0,1,1
5,825,1,1,0,0,1
5,826,1,1,0,0,1
5,842,1,1,1,0,1
5,851,1,1,0,1,1
5,855,1,1,0,0,1
5,892,1,1,0,0,1
5,893,1,1,0,0,1
5,902,1,1,0,1,1
5,923,1,1,0,0,1
5,929,1,1,0,0,1
5,930,1,1,0,0,1
5,943,1,1,0,0,1
5,968,1,1,0,0,1
5,970,1,1,0,0,1
5,977,1,1,0,0,1
5,987,1,1,0,0,1
5,1004,1,1,1,0,1
5,1014,1,1,0,0,1
5,1050,1,1,0,1,1
5,1070,1,1,1,0,1
5,1088,1,1,0,0,1
5,1115,1,1,0,0,1
5,1123,1,1,0,0,1
5,1124,1,1,0,1,1
5,1136,1,1,1,0,1
5,1143,1,1,0,1,1
5,1163,1,1,1,0,1
5,1168,1,1,0,0,1
5,1196,1,1,0,0,1
5,1203,1,1,0,0,1
5,1207,1,1,0,0,1
5,1233,1,1,0,0,1
5,1320,1,1,0,0,1
5,1324,1,1,0,0,1
5,1351,1,1,1,0,1
5,1366,1,1,0,0,1
5,1367,1,1,0,1,1
5,1369,1,1,0,1,1
5,1410,1,1,0,0,1
5,1417,1,1,0,0,1
5,1426,1,1,0,0,1
5,1428,1,1,0,0,1
5,1429,1,1,0,1,1
5,1434,1,1,1,0,1
5,1435,1,1,0,1,1
5,1450,1,1,0,1,1
5,1452,1,1,0,0,1
5,1475,1,1,1,0,1
5,1482,1,1,0,0,1
5,1494,1,1,1,0,1
5,1510,1,1,0,0,1
5,1517,1,1,1,0,1
5,1523,1,1,0,1,1
5,1569,1,1,0,1,1
5,1595,1,1,1,0,1
5,1602,1,1,1,0,1
5,1606,1,1,0,0,1
5,1609,1,1,0,0,1
5,1612,1,1,0,1,1
5,1659,1,1,0,1,1
5,1664,1,1,1,0,1
5,1680,1,1,1,0,1
5,1692,1,1,1,0,1
5,1704,1,1,1,0,1
5,1731,1,1,1,0,1
5,1734,1,1,0,0,1
5,1741,1,1,0,0,1
5,1752,1,1,0,1,1
5,1762,1,1,0,0,1
5,1768,1,1,0,0,1
5,1794,1,1,0,1,1
5,1809,1,1,1,0,1
5,1812,1,1,0,1,1
5,1827,1,1,1,0,1
5,1836,1,1,0,0,1
5,1862,1,1,0,0,1
5,1871,1,1,0,1,1
5,1890,1,1,0,1,1
5,1893,1,1,0,0,1
5,1896,1,1,0,1,1
5,1923,1,1,1,0,1
5,1974,1,1,0,0,1
5,1980,1,1,1,0,1
5,1989,1,1,0,0,1
5,2017,1,1,0,0,1
5,2038,1,1,1,0,1
5,2045,1,1,1,0,1
5,2070,1,1,0,0,1
5,2077,1,1,0,1,1
5,2078,1,1,0,0,1
5,2086,1,1,0,0,1
5,2088,1,1,0,0,1
5,2109,1,1,0,1,1
5,2118,1,1,0,0,1
5,2141,1,1,0,0,1
5,2170,1,1,0,0,1
5,2172,1,1,0,0,1
5,2184,1,1,0,0,1
5,2199,1,1,0,0,1
5,2202,1,1,0,0,1
5,2220,1,1,0,0,1
5,2226,1,1,0,0,1
5,2261,1,1,0,0,1
5,2269,1,1,0,0,1
5,2276,1,1,0,1,1
5,2280,1,1,0,0,1
5,2297,1,1,0,0,1
5,2313,1,1,0,0,1
5,2315,1,1,1,0,1
5,2336,1,1,0,1,1
5,2343,1,1,0,0,1
5,2408,1,1,0,1,1
5,2428,1,1,0,0,1
5,2442,1,1,1,0,1
5,2446,1,1,0,0,1
5,2468,1,1,0,1,1
5,2491,1,1,1,0,1
5,2498,1,1,0,1,1
5,6,3,3,0,0,2
5,9,3,3,0,1,2
5,18,3,3,1,0,2
5,124,3,3,0,0,2
5,132,3,3,0,0,2
5,143,3,3,3,0,2
5,206,3,3,0,0,2
5,216,3,3,0,0,2
5,223,3,3,3,0,2
5,231,3,3,3,0,2
5,238,3,3,0,0,2
5,288,3,3,0,0,2
5,292,3,3,0,0,2
5,333,3,3,0,0,2
5,342,3,3,0,0,2
5,372,3,3,3,0,2
5,379,3,3,0,0,2
5,390,3,3,3,0,2
5,392,3,3,3,0,2
5,398,3,3,3,0,2
5,408,3,3,0,0,2
5,432,3,3,0,0,2
5,449,3,3,3,0,2
5,452,3,3,0,0,2
5,464,3,3,0,0,2
5,468,3,3,1,0,2
5,472,3,3,3,0,2
5,482,3,3,1,0,2
5,483,3,3,0,0,2
5,515,3,3,0,3,2
5,542,3,3,0,0,2
5,576,3,3,0,0,2
5,579,3,3,0,0,2
5,585,3,3,3,0,2
5,589,3,3,3,0,2
5,635,3,3,3,0,2
5,682,3,3,3,0,2
5,695,3,3,0,0,2
5,696,3,3,0,0,2
5,697,3,3,0,0,2
5,701,3,3,0,3,2
5,703,3,3,0,0,2
5,735,3,3,0,0,2
5,738,3,3,0,0,2
5,759,3,3,0,0,2
5,781,3,3,1,0,2
5,784,3,3,3,0,2
5,801,3,3,0,1,2
5,815,3,3,0,0,2
5,861,3,3,3,0,2
5,867,3,3,0,0,2
5,873,3,3,0,0,2
5,876,3,3,0,0,2
5,910,3,3,0,0,2
5,941,3,3,0,0,2
5,971,3,3,0,0,2
5,986,3,3,0,3,2
5,990,3,3,0,3,2
5,992,3,3,0,0,2
5,1054,3,3,0,3,2
5,1061,3,3,0,0,2
5,1090,3,3,0,0,2
5,1093,3,3,0,0,2
5,1170,3,3,0,0,2
5,1181,3,3,0,0,2
5,1206,3,3,0,0,2
5,1214,3,3,3,0,2
5,1215,3,3,0,3,2
5,1216,3,3,0,0,2
5,1224,3,3,0,3,2
5,1229,3,3,3,0,2
5,1246,3,3,0,0,2
5,1254,3,3,3,0,2
5,1288,3,3,0,3,2
5,1295,3,3,0,0,2
5,1319,3,3,0,0,2
5,1375,3,3,0,3,2
5,1380,3,3,0,1,2
5,1383,3,3,0,0,2
5,1391,3,3,0,0,2
5,1393,3,3,0,0,2
5,1398,3,3,0,0,2
5,1402,3,3,0,1,2
5,1436,3,3,3,0,2
5,1447,3,3,0,3,2
5,1458,3,3,0,0,2
5,1472,3,3,0,0,2
5,1486,3,3,0,0,2
5,1532,3,3,0,0,2
5,1535,3,3,0,0,2
5,1551,3,3,3,0,2
5,1580,3,3,0,0,2
5,1601,3,3,1,0,2
5,1621,3,3,0,0,2
5,1646,3,3,0,3,2
5,1654,3,3,0,0,2
5,1675,3,3,0,0,2
5,1681,3,3,0,3,2
5,1691,3,3,0,0,2
5,1696,3,3,0,0,2
5,1705,3,3,3,0,2
5,1729,3,3,3,0,2
5,1732,3,3,0,0,2
5,1831,3,3,0,0,2
5,1835,3,3,3,0,2
5,1846,3,3,0,0,2
5,1853,3,3,0,3,2
5,1865,3,3,0,3,2
5,1884,3,3,0,0,2
5,1891,3,3,3,0,2
5,1901,3,3,0,3,2
5,1903,3,3,3,0,2
5,1906,3,3,0,3,2
5,1911,3,3,0,3,2
5,1932,3,3,0,0,2
5,1951,3,3,0,1,2
5,2023,3,3,0,0,2
5,2041,3,3,0,0,2
5,2044,3,3,0,0,2
5,2059,3,3,0,0,2
5,2079,3,3,0,3,2
5,2099,3,3,0,0,2
5,2104,3,3,0,0,2
5,2110,3,3,0,0,2
5,2124,3,3,0,0,2
5,2135,3,3,0,0,2
5,2152,3,3,0,0,2
5,2155,3,3,0,0,2
5,2174,3,3,0,0,2
5,2180,3,3,0,0,2
5,2195,3,3,0,3,2
5,2225,3,3,1,0,2
5,2281,3,3,0,0,2
5,2305,3,3,0,1,2
5,2394,3,3,1,0,2
5,2397,3,3,1,0,2
5,2414,3,3,0,0,2
5,2441,3,3,0,3,2
5,2453,3,3,0,3,2
5,2461,3,3,1,0,2
5,2467,3,3,0,0,2
5,2478,3,3,3,0,2
5,2484,3,3,0,3,2
5,49,1,2,0,0,3
5,86,1,2,1,0,3
5,95,1,2,0,0,3
5,102,1,2,0,0,3
5,103,1,2,0,0,3
5,108,1,2,0,2,3
5,141,1,2,1,0,3
5,193,1,2,0,0,3
5,230,1,2,0,0,3
5,240,1,2,0,2,3
5,254,1,2,1,0,3
5,258,1,2,0,0,3
5,272,1,2,0,0,3
5,295,1,2,0,2,3
5,327,1,2,1,0,3
5,338,1,2,1,0,3
5,340,1,2,0,0,3
5,361,1,2,0,0,3
5,377,1,2,1,0,3
5,381,1,2,0,0,3
5,407,1,2,0,2,3
5,412,1,2,1,0,3
5,456,1,2,0,0,3
5,494,1,2,0,0,3
5,501,1,2,0,0,3
5,508,1,2,0,0,3
5,534,1,2,0,0,3
5,540,1,2,0,0,3
5,577,1,2,0,2,3
5,578,1,2,0,0,3
5,590,1,2,0,0,3
5,595,1,2,0,2,3
5,597,1,2,0,0,3
5,599,1,2,0,2,3
5,606,1,2,0,0,3
5,611,1,2,0,0,3
5,627,1,2,0,0,3
5,648,1,2,0,0,3
5,670,1,2,0,0,3
5,678,1,2,0,0,3
5,717,1,2,1,0,3
5,718,1,2,0,0,3
5,747,1,2,0,0,3
5,752,1,2,0,0,3
5,776,1,2,0,0,3
5,805,1,2,0,0,3
5,829,1,2,0,0,3
5,853,1,2,0,0,3
5,871,1,2,0,0,3
5,900,1,2,0,1,3
5,963,1,2,1,0,3
5,969,1,2,0,2,3
5,1029,1,2,0,0,3
5,1042,1,2,0,0,3
5,1047,1,2,0,0,3
5,1068,1,2,0,0,3
5,1079,1,2,0,0,3
5,1100,1,2,0,0,3
5,1106,1,2,0,0,3
5,1134,1,2,1,0,3
5,1145,1,2,0,0,3
5,1182,1,2,0,0,3
5,1219,1,2,0,0,3
5,1261,1,2,0,0,3
5,1263,1,2,0,1,3
5,1282,1,2,0,0,3
5,1317,1,2,0,0,3
5,1341,1,2,1,0,3
5,1425,1,2,0,2,3
5,1446,1,2,1,0,3
5,1448,1,2,0,2,3
5,1456,1,2,0,0,3
5,1457,1,2,0,0,3
5,1498,1,2,0,1,3
5,1504,1,2,1,0,3
5,1509,1,2,1,0,3
5,1515,1,2,0,0,3
5,1526,1,2,0,0,3
5,1529,1,2,1,0,3
5,1573,1,2,0,0,3
5,1582,1,2,1,0,3
5,1587,1,2,0,0,3
5,1616,1,2,0,0,3
5,1640,1,2,1,0,3
5,1642,1,2,0,0,3
5,1651,1,2,0,0,3
5,1698,1,2,1,0,3
5,1749,1,2,0,0,3
5,1807,1,2,0,2,3
5,1825,1,2,1,0,3
5,1833,1,2,0,0,3
5,1840,1,2,0,2,3
5,1843,1,2,1,0,3
5,1847,1,2,0,0,3
5,1856,1,2,0,0,3
5,1861,1,2,1,0,3
5,1869,1,2,0,0,3
5,1875,1,2,0,0,3
5,1880,1,2,0,0,3
5,1899,1,2,0,0,3
5,1913,1,2,0,0,3
5,1952,1,2,0,1,3
5,2040,1,2,0,0,3
5,2052,1,2,0,0,3
5,2056,1,2,0,0,3
5,2065,1,2,1,0,3
5,2069,1,2,0,0,3
5,2101,1,2,0,0,3
5,2113,1,2,0,0,3
5,2126,1,2,0,2,3
5,2134,1,2,0,0,3
5,2175,1,2,0,0,3
5,2179,1,2,0,0,3
5,2207,1,2,0,2,3
5,2208,1,2,0,0,3
5,2238,1,2,0,0,3
5,2251,1,2,0,0,3
5,2282,1,2,0,2,3
5,2287,1,2,0,0,3
5,2295,1,2,0,1,3
5,2335,1,2,0,0,3
5,2344,1,2,0,0,3
5,2361,1,2,1,0,3
5,2388,1,2,0,0,3
5,2409,1,2,0,0,3
5,2420,1,2,0,0,3
5,2448,1,2,1,0,3
5,2466,1,2,0,2,3
5,48,1,1,1,0,4
5,81,1,1,0,0,4
5,85,1,1,1,0,4
5,121,1,1,0,0,4
5,135,1,1,0,0,4
5,161,1,1,0,0,4
5,180,1,1,0,0,4
5,182,1,1,0,0,4
5,194,1,1,0,0,4
5,227,1,1,0,0,4
5,233,1,1,0,1,4
5,235,1,1,0,0,4
5,244,1,1,0,1,4
5,268,1,1,0,1,4
5,284,1,1,0,0,4
5,312,1,1,0,0,4
5,317,1,1,1,0,4
5,332,1,1,1,0,4
5,352,1,1,0,0,4
5,354,1,1,1,0,4
5,364,1,1,0,0,4
5,378,1,1,1,0,4
5,425,1,1,0,0,4
5,480,1,1,0,0,4
5,481,1,1,0,1,4
5,491,1,1,0,1,4
5,535,1,1,0,1,4
5,563,1,1,0,0,4
5,565,1,1,0,1,4
5,582,1,1,1,0,4
5,650,1,1,0,0,4
5,657,1,1,1,0,4
5,661,1,1,1,0,4
5,739,1,1,1,0,4
5,750,1,1,0,0,4
5,778,1,1,0,0,4
5,794,1,1,0,0,4
5,798,1,1,0,1,4
5,810,1,1,0,1,4
5,840,1,1,0,0,4
5,854,1,1,0,0,4
5,909,1,1,0,0,4
5,958,1,1,1,0,4
5,980,1,1,0,0,4
5,1001,1,1,0,1,4
5,1039,1,1,0,0,4
5,1057,1,1,0,0,4
5,1065,1,1,0,0,4
5,1089,1,1,0,0,4
5,1113,1,1,0,0,4
5,1116,1,1,1,0,4
5,1137,1,1,1,0,4
5,1149,1,1,0,0,4
5,1164,1,1,0,1,4
5,1187,1,1,0,1,4
5,1202,1,1,0,0,4
5,1212,1,1,1,0,4
5,1244,1,1,0,1,4
5,1262,1,1,0,0,4
5,1274,1,1,0,0,4
5,1292,1,1,0,0,4
5,1299,1,1,0,0,4
5,1463,1,1,0,0,4
5,1476,1,1,0,0,4
5,1478,1,1,0,0,4
5,1479,1,1,0,0,4
5,1488,1,1,1,0,4
5,1511,1,1,0,0,4
5,1530,1,1,0,0,4
5,1558,1,1,0,0,4
5,1560,1,1,1,0,4
5,1571,1,1,0,0,4
5,1593,1,1,0,0,4
5,1600,1,1,0,1,4
5,1614,1,1,0,0,4
5,1628,1,1,1,0,4
5,1655,1,1,0,0,4
5,1703,1,1,0,1,4
5,1709,1,1,1,0,4
5,1737,1,1,0,0,4
5,1755,1,1,0,0,4
5,1761,1,1,0,1,4
5,1798,1,1,0,1,4
5,1801,1,1,0,0,4
5,1854,1,1,0,0,4
5,1859,1,1,0,0,4
5,1947,1,1,0,0,4
5,1985,1,1,0,0,4
5,1999,1,1,0,0,4
5,2004,1,1,0,0,4
5,2006,1,1,0,1,4
5,2042,1,1,1,0,4
5,2063,1,1,0,0,4
5,2111,1,1,1,0,4
5,2148,1,1,0,1,4
5,2205,1,1,0,1,4
5,2257,1,1,1,0,4
5,2304,1,1,0,1,4
5,2316,1,1,0,0,4
5,2346,1,1,0,0,4
5,2350,1,1,0,0,4
5,2356,1,1,0,0,4
5,2358,1,1,0,0,4
5,2359,1,1,1,0,4
5,2373,1,1,0,1,4
5,2416,1,1,0,0,4
5,2473,1,1,1,0,4
5,2474,1,1,0,0,4
5,2487,1,1,0,1,4
5,14,1,2,0,0,5
5,23,1,2,0,2,5
5,82,1,2,0,2,5
5,111,1,2,0,2,5
5,136,1,2,0,1,5
5,137,1,2,0,0,5
5,164,1,2,1,0,5
5,167,1,2,0,0,5
5,177,1,2,0,0,5
5,185,1,2,1,0,5
5,190,1,2,0,2,5
5,204,1,2,0,0,5
5,205,1,2,0,0,5
5,211,1,2,0,0,5
5,221,1,2,0,0,5
5,274,1,2,1,0,5
5,275,1,2,0,0,5
5,278,1,2,0,0,5
5,281,1,2,1,0,5
5,330,1,2,0,0,5
5,346,1,2,1,0,5
5,359,1,2,0,0,5
5,362,1,2,0,0,5
5,367,1,2,0,0,5
5,371,1,2,0,0,5
5,384,1,2,0,0,5
5,394,1,2,0,0,5
5,415,1,2,0,0,5
5,420,1,2,0,2,5
5,422,1,2,0,0,5
5,436,1,2,1,0,5
5,445,1,2,1,0,5
5,448,1,2,0,0,5
5,466,1,2,0,2,5
5,469,1,2,1,0,5
5,479,1,2,0,0,5
5,488,1,2,0,0,5
5,496,1,2,0,2,5
5,512,1,2,0,0,5
5,517,1,2,0,2,5
5,526,1,2,0,0,5
5,547,1,2,0,0,5
5,617,1,2,0,0,5
5,618,1,2,1,0,5
5,638,1,2,0,2,5
5,644,1,2,1,0,5
5,646,1,2,0,0,5
5,680,1,2,0,0,5
5,685,1,2,1,0,5
5,698,1,2,0,0,5
5,700,1,2,0,2,5
5,715,1,2,0,0,5
5,736,1,2,0,0,5
5,751,1,2,1,0,5
5,792,1,2,0,0,5
5,799,1,2,0,0,5
5,803,1,2,0,2,5
5,819,1,2,0,0,5
5,823,1,2,1,0,5
5,866,1,2,0,2,5
5,875,1,2,0,0,5
5,884,1,2,0,1,5
5,889,1,2,0,0,5
5,895,1,2,0,0,5
5,911,1,2,0,2,5
5,913,1,2,0,0,5
5,915,1,2,1,0,5
5,940,1,2,0,0,5
5,947,1,2,0,0,5
5,953,1,2,0,2,5
5,956,1,2,0,0,5
5,961,1,2,0,2,5
5,995,1,2,1,0,5
5,996,1,2,0,0,5
5,999,1,2,0,2,5
5,1002,1,2,0,0,5
5,1005,1,2,0,2,5
5,1010,1,2,0,0,5
5,1016,1,2,0,0,5
5,1019,1,2,0,2,5
5,1028,1,2,0,0,5
5,1040,1,2,0,0,5
5,1060,1,2,0,0,5
5,1083,1,2,0,0,5
5,1086,1,2,0,0,5
5,1129,1,2,0,0,5
5,1162,1,2,0,0,5
5,1171,1,2,0,0,5
5,1205,1,2,0,2,5
5,1225,1,2,0,0,5
5,1294,1,2,0,0,5
5,1344,1,2,0,1,5
5,1352,1,2,0,1,5
5,1440,1,2,0,0,5
5,1491,1,2,0,0,5
5,1495,1,2,0,2,5
5,1542,1,2,0,0,5
5,1550,1,2,1,0,5
5,1568,1,2,1,0,5
5,1578,1,2,0,2,5
5,1586,1,2,0,2,5
5,1589,1,2,0,2,5
5,1591,1,2,0,2,5
5,1596,1,2,0,0,5
5,1615,1,2,0,0,5
5,1617,1,2,0,0,5
5,1634,1,2,0,0,5
5,1635,1,2,0,2,5
5,1650,1,2,1,0,5
5,1658,1,2,0,0,5
5,1667,1,2,0,0,5
5,1670,1,2,0,0,5
5,1742,1,2,1,0,5
5,1744,1,2,0,0,5
5,1765,1,2,0,0,5
5,1770,1,2,0,0,5
5,1785,1,2,0,0,5
5,1788,1,2,0,0,5
5,1814,1,2,1,0,5
5,1820,1,2,0,0,5
5,1822,1,2,0,2,5
5,1857,1,2,0,2,5
5,1864,1,2,0,0,5
5,1905,1,2,0,0,5
5,1936,1,2,1,0,5
5,1939,1,2,0,2,5
5,1943,1,2,1,0,5
5,1953,1,2,0,0,5
5,1956,1,2,0,0,5
5,1963,1,2,0,0,5
5,1984,1,2,0,0,5
5,1988,1,2,0,2,5
5,2002,1,2,0,2,5
5,2005,1,2,0,0,5
5,2014,1,2,0,0,5
5,2027,1,2,0,0,5
5,2033,1,2,0,2,5
5,2073,1,2,0,0,5
5,2091,1,2,0,0,5
5,2094,1,2,0,0,5
5,2095,1,2,0,0,5
5,2100,1,2,0,0,5
5,2103,1,2,0,2,5
5,2122,1,2,0,0,5
5,2130,1,2,0,0,5
5,2143,1,2,0,0,5
5,2144,1,2,1,0,5
5,2147,1,2,0,0,5
5,2171,1,2,1,0,5
5,2176,1,2,0,0,5
5,2190,1,2,0,0,5
5,2198,1,2,1,0,5
5,2211,1,2,0,0,5
5,2215,1,2,0,0,5
5,2217,1,2,0,0,5
5,2235,1,2,1,0,5
5,2283,1,2,0,0,5
5,2294,1,2,0,2,5
5,2298,1,2,0,0,5
5,2299,1,2,0,0,5
5,2321,1,2,0,2,5
5,2332,1,2,0,0,5
5,2345,1,2,0,0,5
5,2376,1,2,0,0,5
5,2391,1,2,0,0,5
5,2395,1,2,1,0,5
5,2402,1,2,1,0,5
5,2405,1,2,1,0,5
5,2436,1,2,0,0,5
5,2469,1,2,1,0,5
5,2488,1,2,0,2,5
5,32,3,3,0,0,6
5,54,3,3,3,0,6
5,84,3,3,0,0,6
5,100,3,3,0,0,6
5,138,3,3,0,0,6
5,146,3,3,1,0,6
5,163,3,3,0,0,6
5,172,3,3,0,0,6
5,243,3,3,0,0,6
5,246,3,3,0,0,6
5,262,3,3,0,0,6
5,269,3,3,0,0,6
5,283,3,3,0,0,6
5,287,3,3,1,0,6
5,294,3,3,0,0,6
5,318,3,3,3,0,6
5,349,3,3,0,0,6
5,369,3,3,0,3,6
5,401,3,3,0,3,6
5,439,3,3,3,0,6
5,453,3,3,0,0,6
5,465,3,3,0,0,6
5,470,3,3,0,0,6
5,475,3,3,0,0,6
5,536,3,3,0,3,6
5,552,3,3,0,0,6
5,575,3,3,0,0,6
5,647,3,3,0,3,6
5,720,3,3,3,0,6
5,737,3,3,3,0,6
5,762,3,3,3,0,6
5,767,3,3,1,0,6
5,783,3,3,0,0,6
5,790,3,3,0,0,6
5,796,3,3,0,3,6
5,806,3,3,3,0,6
5,816,3,3,0,0,6
5,838,3,3,0,0,6
5,848,3,3,0,0,6
5,850,3,3,0,0,6
5,857,3,3,3,0,6
5,862,3,3,0,0,6
5,865,3,3,0,0,6
5,879,3,3,0,0,6
5,894,3,3,0,0,6
5,928,3,3,3,0,6
5,954,3,3,0,0,6
5,984,3,3,0,0,6
5,991,3,3,0,0,6
5,993,3,3,0,0,6
5,1035,3,3,0,0,6
5,1038,3,3,0,0,6
5,1046,3,3,0,3,6
5,1058,3,3,0,3,6
5,1059,3,3,0,0,6
5,1063,3,3,0,3,6
5,1064,3,3,3,0,6
5,1078,3,3,0,0,6
5,1094,3,3,1,0,6
5,1095,3,3,0,0,6
5,1102,3,3,0,3,6
5,1175,3,3,1,0,6
5,1183,3,3,0,0,6
5,1204,3,3,0,0,6
5,1213,3,3,0,3,6
5,1220,3,3,0,0,6
5,1234,3,3,3,0,6
5,1239,3,3,0,0,6
5,1256,3,3,0,0,6
5,1260,3,3,0,0,6
5,1271,3,3,3,0,6
5,1312,3,3,3,0,6
5,1315,3,3,0,0,6
5,1325,3,3,0,0,6
5,1332,3,3,0,0,6
5,1368,3,3,0,0,6
5,1374,3,3,0,0,6
5,1376,3,3,0,0,6
5,1400,3,3,3,0,6
5,1408,3,3,0,3,6
5,1413,3,3,0,0,6
5,1442,3,3,0,0,6
5,1454,3,3,3,0,6
5,1503,3,3,0,3,6
5,1524,3,3,3,0,6
5,1547,3,3,0,0,6
5,1559,3,3,0,0,6
5,1570,3,3,0,3,6
5,1626,3,3,3,0,6
5,1633,3,3,0,0,6
5,1637,3,3,0,0,6
5,1665,3,3,3,0,6
5,1671,3,3,0,0,6
5,1679,3,3,0,3,6
5,1694,3,3,0,0,6
5,1721,3,3,0,0,6
5,1725,3,3,0,0,6
5,1733,3,3,0,0,6
5,1736,3,3,0,0,6
5,1748,3,3,0,0,6
5,1763,3,3,1,0,6
5,1771,3,3,0,0,6
5,1791,3,3,0,0,6
5,1819,3,3,0,0,6
5,1866,3,3,0,3,6
5,1881,3,3,0,0,6
5,1895,3,3,0,3,6
5,1919,3,3,0,3,6
5,1934,3,3,0,0,6
5,1960,3,3,0,0,6
5,2021,3,3,0,0,6
5,2048,3,3,0,3,6
5,2062,3,3,0,0,6
5,2097,3,3,0,0,6
5,2158,3,3,3,0,6
5,2178,3,3,3,0,6
5,2191,3,3,0,3,6
5,2193,3,3,0,3,6
5,2223,3,3,3,0,6
5,2229,3,3,0,0,6
5,2243,3,3,0,0,6
5,2247,3,3,0,0,6
5,2267,3,3,0,0,6
5,2268,3,3,0,0,6
5,2270,3,3,0,0,6
5,2274,3,3,0,0,6
5,2288,3,3,0,3,6
5,2290,3,3,3,0,6
5,2312,3,3,0,0,6
5,2410,3,3,0,0,6
5,2432,3,3,1,0,6
5,2435,3,3,0,0,6
5,2451,3,3,0,0,6
5,2459,3,3,0,0,6
5,7,1,2,0,0,7
5,35,1,2,0,0,7
5,41,1,2,0,0,7
5,62,1,2,1,0,7
5,65,1,2,0,2,7
5,69,1,2,0,0,7
5,97,1,2,1,0,7
5,101,1,2,0,0,7
5,110,1,2,0,0,7
5,113,1,2,1,0,7
5,115,1,2,0,0,7
5,128,1,2,0,1,7
5,134,1,2,1,0,7
5,169,1,2,0,0,7
5,171,1,2,0,0,7
5,176,1,2,1,0,7
5,198,1,2,0,0,7
5,207,1,2,0,0,7
5,226,1,2,0,0,7
5,228,1,2,0,0,7
5,232,1,2,0,0,7
5,251,1,2,0,2,7
5,267,1,2,1,0,7
5,271,1,2,0,2,7
5,315,1,2,0,2,7
5,321,1,2,0,0,7
5,358,1,2,1,0,7
5,393,1,2,0,0,7
5,419,1,2,0,0,7
5,423,1,2,0,2,7
5,441,1,2,0,0,7
5,473,1,2,0,0,7
5,487,1,2,1,0,7
5,504,1,2,0,0,7
5,525,1,2,0,2,7
5,570,1,2,1,0,7
5,587,1,2,1,0,7
5,588,1,2,0,0,7
5,598,1,2,0,0,7
5,607,1,2,0,0,7
5,613,1,2,0,1,7
5,630,1,2,0,2,7
5,669,1,2,0,0,7
5,675,1,2,0,2,7
5,676,1,2,1,0,7
5,721,1,2,0,0,7
5,730,1,2,0,1,7
5,763,1,2,0,2,7
5,769,1,2,0,0,7
5,782,1,2,0,1,7
5,804,1,2,0,0,7
5,807,1,2,0,0,7
5,844,1,2,0,0,7
5,847,1,2,1,0,7
5,877,1,2,0,1,7
5,882,1,2,0,0,7
5,899,1,2,0,0,7
5,901,1,2,0,0,7
5,903,1,2,0,1,7
5,906,1,2,0,2,7
5,917,1,2,1,0,7
5,918,1,2,0,0,7
5,919,1,2,0,0,7
5,973,1,2,0,0,7
5,1055,1,2,0,0,7
5,1084,1,2,0,0,7
5,1085,1,2,0,2,7
5,1097,1,2,0,2,7
5,1105,1,2,1,0,7
5,1112,1,2,0,0,7
5,1125,1,2,1,0,7
5,1173,1,2,1,0,7
5,1231,1,2,0,0,7
5,1258,1,2,0,0,7
5,1293,1,2,0,2,7
5,1314,1,2,0,0,7
5,1331,1,2,0,0,7
5,1358,1,2,0,0,7
5,1370,1,2,0,2,7
5,1381,1,2,1,0,7
5,1390,1,2,1,0,7
5,1397,1,2,0,2,7
5,1422,1,2,0,0,7
5,1424,1,2,0,0,7
5,1465,1,2,0,2,7
5,1466,1,2,0,0,7
5,1470,1,2,0,0,7
5,1489,1,2,1,0,7
5,1492,1,2,0,1,7
5,1505,1,2,1,0,7
5,1514,1,2,0,0,7
5,1544,1,2,0,2,7
5,1576,1,2,0,0,7
5,1579,1,2,0,0,7
5,1590,1,2,0,0,7
5,1630,1,2,1,0,7
5,1638,1,2,0,1,7
5,1663,1,2,0,0,7
5,1673,1,2,0,0,7
5,1700,1,2,0,0,7
5,1711,1,2,0,0,7
5,1723,1,2,0,2,7
5,1743,1,2,0,0,7
5,1758,1,2,0,0,7
5,1759,1,2,0,0,7
5,1777,1,2,1,0,7
5,1781,1,2,0,1,7
5,1782,1,2,0,0,7
5,1800,1,2,1,0,7
5,1810,1,2,0,0,7
5,1848,1,2,1,0,7
5,1870,1,2,0,0,7
5,1873,1,2,0,0,7
5,1883,1,2,0,0,7
5,1885,1,2,0,0,7
5,1886,1,2,0,0,7
5,1910,1,2,0,2,7
5,1944,1,2,0,0,7
5,1965,1,2,1,0,7
5,1968,1,2,0,0,7
5,1975,1,2,0,0,7
5,1977,1,2,0,0,7
5,2034,1,2,0,2,7
5,2036,1,2,0,2,7
5,2037,1,2,1,0,7
5,2055,1,2,0,0,7
5,2067,1,2,0,0,7
5,2068,1,2,0,0,7
5,2096,1,2,1,0,7
5,2115,1,2,0,0,7
5,2127,1,2,0,0,7
5,2129,1,2,0,0,7
5,2131,1,2,0,0,7
5,2146,1,2,0,0,7
5,2151,1,2,0,0,7
5,2154,1,2,0,0,7
5,2163,1,2,0,0,7
5,2186,1,2,0,0,7
5,2214,1,2,0,0,7
5,2216,1,2,0,0,7
5,2241,1,2,0,0,7
5,2254,1,2,0,2,7
5,2279,1,2,0,0,7
5,2284,1,2,0,0,7
5,2307,1,2,0,1,7
5,2308,1,2,0,2,7
5,2325,1,2,0,0,7
5,2363,1,2,0,2,7
5,2369,1,2,1,0,7
5,2370,1,2,0,0,7
5,2375,1,2,0,0,7
5,2380,1,2,1,0,7
5,2396,1,2,0,0,7
5,2404,1,2,0,0,7
5,2421,1,2,0,0,7
5,2429,1,2,0,0,7
5,2455,1,2,1,0,7
5,2456,1,2,1,0,7
5,2457,1,2,1,0,7
5,2463,1,2,0,0,7
5,2464,1,2,0,0,7
5,2472,1,2,0,0,7
5,2481,1,2,0,0,7
5,2493,1,2,1,0,7
5,10,1,1,0,0,8
5,11,1,1,0,1,8
5,17,1,1,0,0,8
5,29,1,1,0,1,8
5,55,1,1,0,0,8
5,77,1,1,0,1,8
5,158,1,1,0,0,8
5,188,1,1,0,0,8
5,208,1,1,0,0,8
5,255,1,1,1,0,8
5,313,1,1,0,0,8
5,329,1,1,0,0,8
5,351,1,1,0,0,8
5,417,1,1,1,0,8
5,424,1,1,0,0,8
5,430,1,1,0,0,8
5,446,1,1,0,1,8
5,450,1,1,0,1,8
5,484,1,1,0,1,8
5,485,1,1,0,1,8
5,490,1,1,1,0,8
5,507,1,1,0,0,8
5,511,1,1,0,0,8
5,520,1,1,0,0,8
5,556,1,1,0,0,8
5,568,1,1,0,0,8
5,572,1,1,0,0,8
5,591,1,1,0,0,8
5,612,1,1,0,0,8
5,614,1,1,0,1,8
5,615,1,1,0,0,8
5,645,1,1,1,0,8
5,653,1,1,0,0,8
5,663,1,1,0,0,8
5,673,1,1,0,0,8
5,686,1,1,1,0,8
5,707,1,1,0,0,8
5,711,1,1,0,1,8
5,726,1,1,0,0,8
5,732,1,1,0,0,8
5,741,1,1,0,1,8
5,765,1,1,0,0,8
5,797,1,1,1,0,8
5,814,1,1,0,0,8
5,818,1,1,0,1,8
5,835,1,1,0,0,8
5,843,1,1,0,0,8
5,872,1,1,0,0,8
5,874,1,1,0,1,8
5,878,1,1,0,1,8
5,890,1,1,1,0,8
5,924,1,1,0,0,8
5,926,1,1,0,1,8
5,945,1,1,1,0,8
5,952,1,1,0,1,8
5,1067,1,1,1,0,8
5,1109,1,1,1,0,8
5,1114,1,1,0,0,8
5,1127,1,1,1,0,8
5,1156,1,1,0,0,8
5,1158,1,1,1,0,8
5,1167,1,1,0,0,8
5,1172,1,1,1,0,8
5,1218,1,1,0,0,8
5,1255,1,1,0,0,8
5,1265,1,1,0,1,8
5,1269,1,1,1,0,8
5,1284,1,1,0,0,8
5,1321,1,1,0,0,8
5,1335,1,1,0,0,8
5,1336,1,1,0,0,8
5,1339,1,1,1,0,8
5,1350,1,1,0,0,8
5,1362,1,1,0,0,8
5,1392,1,1,0,0,8
5,1396,1,1,0,0,8
5,1403,1,1,0,0,8
5,1414,1,1,1,0,8
5,1444,1,1,0,0,8
5,1460,1,1,0,0,8
5,1481,1,1,0,1,8
5,1533,1,1,1,0,8
5,1534,1,1,1,0,8
5,1537,1,1,0,0,8
5,1543,1,1,0,0,8
5,1565,1,1,1,0,8
5,1727,1,1,0,1,8
5,1747,1,1,0,0,8
5,1767,1,1,0,0,8
5,1773,1,1,0,0,8
5,1775,1,1,0,0,8
5,1787,1,1,1,0,8
5,1797,1,1,0,0,8
5,1842,1,1,1,0,8
5,1877,1,1,0,0,8
5,1914,1,1,1,0,8
5,1941,1,1,0,0,8
5,1955,1,1,0,0,8
5,1957,1,1,1,0,8
5,1994,1,1,1,0,8
5,2008,1,1,1,0,8
5,2028,1,1,1,0,8
5,2030,1,1,0,1,8
5,2039,1,1,0,1,8
5,2043,1,1,0,0,8
5,2066,1,1,0,0,8
5,2071,1,1,1,0,8
5,2074,1,1,0,0,8
5,2084,1,1,0,1,8
5,2090,1,1,0,1,8
5,2121,1,1,0,0,8
5,2173,1,1,0,0,8
5,2200,1,1,0,0,8
5,2227,1,1,0,0,8
5,2250,1,1,0,0,8
5,2285,1,1,0,0,8
5,2322,1,1,1,0,8
5,2330,1,1,0,0,8
5,2374,1,1,0,0,8
5,2384,1,1,0,0,8
5,2386,1,1,1,0,8
5,2399,1,1,0,0,8
5,2427,1,1,0,0,8
5,2440,1,1,0,1,8
5,1,1,1,0,1,9
5,13,1,1,1,0,9
5,47,1,1,1,0,9
5,50,1,1,0,0,9
5,78,1,1,0,1,9
5,107,1,1,0,0,9
5,109,1,1,0,0,9
5,114,1,1,0,0,9
5,139,1,1,0,0,9
5,148,1,1,0,0,9
5,153,1,1,1,0,9
5,166,1,1,0,0,9
5,175,1,1,0,0,9
5,197,1,1,1,0,9
5,203,1,1,0,1,9
5,250,1,1,1,0,9
5,265,1,1,0,0,9
5,299,1,1,0,0,9
5,341,1,1,0,1,9
5,380,1,1,0,0,9
5,391,1,1,0,0,9
5,406,1,1,0,1,9
5,428,1,1,0,0,9
5,437,1,1,1,0,9
5,440,1,1,0,0,9
5,454,1,1,1,0,9
5,461,1,1,0,0,9
5,476,1,1,0,0,9
5,477,1,1,0,0,9
5,492,1,1,0,0,9
5,545,1,1,0,1,9
5,548,1,1,0,0,9
5,553,1,1,0,1,9
5,567,1,1,0,0,9
5,626,1,1,0,1,9
5,652,1,1,1,0,9
5,693,1,1,0,1,9
5,705,1,1,0,0,9
5,706,1,1,0,0,9
5,709,1,1,0,0,9
5,725,1,1,0,0,9
5,729,1,1,0,0,9
5,733,1,1,0,0,9
5,787,1,1,0,0,9
5,791,1,1,0,0,9
5,817,1,1,0,0,9
5,831,1,1,0,0,9
5,849,1,1,1,0,9
5,858,1,1,1,0,9
5,864,1,1,0,0,9
5,898,1,1,0,0,9
5,907,1,1,0,0,9
5,938,1,1,0,1,9
5,959,1,1,0,1,9
5,962,1,1,0,0,9
5,1006,1,1,0,0,9
5,1013,1,1,1,0,9
5,1033,1,1,1,0,9
5,1049,1,1,0,0,9
5,1077,1,1,1,0,9
5,1132,1,1,0,0,9
5,1135,1,1,0,0,9
5,1153,1,1,0,0,9
5,1198,1,1,0,0,9
5,1199,1,1,0,0,9
5,1200,1,1,0,0,9
5,1232,1,1,0,1,9
5,1235,1,1,1,0,9
5,1250,1,1,0,1,9
5,1289,1,1,0,0,9
5,1297,1,1,0,0,9
5,1305,1,1,0,0,9
5,1337,1,1,1,0,9
5,1345,1,1,0,0,9
5,1357,1,1,0,0,9
5,1372,1,1,0,0,9
5,1384,1,1,0,0,9
5,1427,1,1,0,0,9
5,1437,1,1,0,0,9
5,1439,1,1,1,0,9
5,1443,1,1,0,0,9
5,1449,1,1,1,0,9
5,1469,1,1,0,1,9
5,1525,1,1,0,0,9
5,1528,1,1,0,1,9
5,1562,1,1,0,0,9
5,1566,1,1,1,0,9
5,1574,1,1,0,0,9
5,1625,1,1,0,1,9
5,1639,1,1,0,1,9
5,1644,1,1,0,1,9
5,1686,1,1,1,0,9
5,1695,1,1,0,0,9
5,1713,1,1,1,0,9
5,1717,1,1,0,0,9
5,1728,1,1,0,0,9
5,1750,1,1,0,1,9
5,1764,1,1,0,1,9
5,1802,1,1,0,0,9
5,1813,1,1,0,0,9
5,1826,1,1,0,0,9
5,1828,1,1,0,0,9
5,1850,1,1,0,1,9
5,1950,1,1,0,0,9
5,1958,1,1,0,0,9
5,1976,1,1,0,1,9
5,1978,1,1,0,0,9
5,1997,1,1,1,0,9
5,2012,1,1,0,0,9
5,2018,1,1,0,0,9
5,2051,1,1,0,0,9
5,2054,1,1,0,0,9
5,2072,1,1,0,0,9
5,2114,1,1,0,0,9
5,2116,1,1,0,0,9
5,2132,1,1,0,0,9
5,2136,1,1,0,0,9
5,2145,1,1,0,1,9
5,2156,1,1,0,0,9
5,2204,1,1,1,0,9
5,2255,1,1,0,1,9
5,2262,1,1,1,0,9
5,2263,1,1,0,0,9
5,2264,1,1,0,0,9
5,2265,1,1,0,0,9
5,2266,1,1,0,1,9
5,2275,1,1,0,0,9
5,2278,1,1,0,0,9
5,2311,1,1,1,0,9
5,2331,1,1,0,1,9
5,2360,1,1,0,1,9
5,2383,1,1,0,0,9
5,2398,1,1,1,0,9
5,2400,1,1,0,1,9
5,2407,1,1,0,0,9
5,2422,1,1,0,0,9
5,2444,1,1,1,0,9
5,2460,1,1,0,0,9
5,27,1,1,0,0,10
5,36,1,1,0,0,10
5,40,1,1,0,0,10
5,42,1,1,0,1,10
5,51,1,1,0,0,10
5,89,1,1,0,0,10
5,93,1,1,1,0,10
5,94,1,1,0,1,10
5,133,1,1,0,0,10
5,145,1,1,1,0,10
5,157,1,1,0,0,10
5,162,1,1,0,0,10
5,165,1,1,0,0,10
5,178,1,1,0,0,10
5,181,1,1,0,0,10
5,209,1,1,1,0,10
5,220,1,1,0,0,10
5,234,1,1,0,0,10
5,237,1,1,0,0,10
5,261,1,1,0,0,10
5,273,1,1,0,0,10
5,297,1,1,0,0,10
5,305,1,1,1,0,10
5,323,1,1,1,0,10
5,335,1,1,0,0,10
5,348,1,1,0,0,10
5,370,1,1,0,1,10
5,388,1,1,0,0,10
5,396,1,1,1,0,10
5,405,1,1,0,0,10
5,418,1,1,0,0,10
5,429,1,1,0,0,10
5,447,1,1,1,0,10
5,459,1,1,0,1,10
5,497,1,1,0,0,10
5,518,1,1,1,0,10
5,521,1,1,0,0,10
5,522,1,1,0,0,10
5,544,1,1,0,1,10
5,604,1,1,0,1,10
5,616,1,1,0,1,10
5,640,1,1,0,0,10
5,643,1,1,0,0,10
5,659,1,1,0,0,10
5,660,1,1,0,0,10
5,672,1,1,0,0,10
5,689,1,1,0,0,10
5,690,1,1,0,1,10
5,691,1,1,0,0,10
5,692,1,1,0,0,10
5,713,1,1,0,0,10
5,748,1,1,0,0,10
5,766,1,1,0,1,10
5,775,1,1,0,1,10
5,908,1,1,0,0,10
5,936,1,1,0,0,10
5,950,1,1,0,0,10
5,976,1,1,0,0,10
5,998,1,1,0,0,10
5,1024,1,1,0,1,10
5,1025,1,1,0,0,10
5,1030,1,1,0,0,10
5,1041,1,1,0,0,10
5,1080,1,1,1,0,10
5,1081,1,1,1,0,10
5,1101,1,1,0,0,10
5,1110,1,1,0,0,10
5,1128,1,1,0,0,10
5,1130,1,1,1,0,10
5,1160,1,1,0,0,10
5,1174,1,1,0,1,10
5,1177,1,1,1,0,10
5,1186,1,1,0,0,10
5,1193,1,1,0,0,10
5,1237,1,1,1,0,10
5,1240,1,1,0,0,10
5,1242,1,1,1,0,10
5,1270,1,1,0,1,10
5,1275,1,1,0,1,10
5,1286,1,1,0,0,10
5,1296,1,1,0,0,10
5,1333,1,1,0,0,10
5,1359,1,1,0,0,10
5,1360,1,1,0,1,10
5,1361,1,1,0,1,10
5,1363,1,1,0,0,10
5,1364,1,1,0,0,10
5,1387,1,1,0,0,10
5,1389,1,1,0,0,10
5,1405,1,1,0,0,10
5,1455,1,1,1,0,10
5,1477,1,1,0,0,10
5,1483,1,1,0,0,10
5,1497,1,1,0,0,10
5,1506,1,1,0,0,10
5,1512,1,1,1,0,10
5,1541,1,1,0,0,10
5,1567,1,1,0,0,10
5,1598,1,1,0,0,10
5,1613,1,1,0,1,10
5,1623,1,1,0,0,10
5,1672,1,1,0,0,10
5,1699,1,1,0,0,10
5,1706,1,1,0,0,10
5,1776,1,1,1,0,10
5,1789,1,1,0,0,10
5,1803,1,1,0,0,10
5,1804,1,1,0,0,10
5,1805,1,1,0,0,10
5,1849,1,1,0,0,10
5,1863,1,1,0,0,10
5,1872,1,1,0,0,10
5,1892,1,1,0,0,10
5,1898,1,1,0,0,10
5,1907,1,1,1,0,10
5,1928,1,1,0,0,10
5,1937,1,1,0,0,10
5,1945,1,1,0,0,10
5,1948,1,1,0,1,10
5,1971,1,1,0,0,10
5,2016,1,1,1,0,10
5,2032,1,1,1,0,10
5,2047,1,1,0,0,10
5,2085,1,1,0,1,10
5,2150,1,1,0,0,10
5,2167,1,1,0,0,10
5,2177,1,1,1,0,10
5,2197,1,1,0,0,10
5,2201,1,1,1,0,10
5,2228,1,1,0,0,10
5,2232,1,1,0,0,10
5,2239,1,1,0,0,10
5,2292,1,1,0,0,10
5,2296,1,1,0,0,10
5,2326,1,1,0,0,10
5,2364,1,1,0,0,10
5,2366,1,1,0,0,10
5,2385,1,1,0,1,10
5,2406,1,1,0,1,10
5,2415,1,1,1,0,10
5,2426,1,1,1,0,10
5,2450,1,1,0,0,10
5,2475,1,1,0,1,10
5,2499,1,1,0,1,10
5,0,1,1,0,1,11
5,3,1,1,0,0,11
5,4,1,1,0,0,11
5,15,1,1,0,0,11
5,20,1,1,0,0,11
5,30,1,1,0,1,11
5,43,1,1,0,0,11
5,46,1,1,0,1,11
5,120,1,1,1,0,11
5,150,1,1,0,1,11
5,151,1,1,0,0,11
5,155,1,1,1,0,11
5,168,1,1,0,1,11
5,195,1,1,0,0,11
5,213,1,1,0,1,11
5,247,1,1,0,0,11
5,256,1,1,0,1,11
5,289,1,1,0,0,11
5,296,1,1,0,0,11
5,301,1,1,0,1,11
5,311,1,1,0,0,11
5,331,1,1,0,0,11
5,353,1,1,1,0,11
5,355,1,1,0,1,11
5,402,1,1,0,0,11
5,414,1,1,0,0,11
5,463,1,1,0,1,11
5,550,1,1,0,0,11
5,554,1,1,0,0,11
5,557,1,1,0,0,11
5,559,1,1,0,1,11
5,571,1,1,0,1,11
5,583,1,1,0,0,11
5,586,1,1,1,0,11
5,592,1,1,0,0,11
5,594,1,1,0,0,11
5,634,1,1,1,0,11
5,639,1,1,0,0,11
5,651,1,1,0,0,11
5,679,1,1,0,1,11
5,710,1,1,0,0,11
5,728,1,1,0,0,11
5,753,1,1,0,0,11
5,774,1,1,0,0,11
5,795,1,1,0,1,11
5,828,1,1,1,0,11
5,833,1,1,0,0,11
5,863,1,1,0,0,11
5,886,1,1,0,0,11
5,887,1,1,0,0,11
5,891,1,1,1,0,11
5,905,1,1,0,0,11
5,932,1,1,1,0,11
5,933,1,1,0,0,11
5,944,1,1,0,0,11
5,946,1,1,0,0,11
5,955,1,1,0,0,11
5,966,1,1,0,0,11
5,978,1,1,0,0,11
5,1000,1,1,0,0,11
5,1009,1,1,0,1,11
5,1037,1,1,1,0,11
5,1075,1,1,1,0,11
5,1091,1,1,0,1,11
5,1096,1,1,0,0,11
5,1103,1,1,0,0,11
5,1107,1,1,0,0,11
5,1119,1,1,0,1,11
5,1148,1,1,0,0,11
5,1154,1,1,0,0,11
5,1166,1,1,0,0,11
5,1180,1,1,0,1,11
5,1185,1,1,0,1,11
5,1230,1,1,0,0,11
5,1238,1,1,1,0,11
5,1245,1,1,0,0,11
5,1248,1,1,0,1,11
5,1252,1,1,0,0,11
5,1259,1,1,0,0,11
5,1272,1,1,0,0,11
5,1298,1,1,0,0,11
5,1300,1,1,0,0,11
5,1326,1,1,1,0,11
5,1329,1,1,0,0,11
5,1386,1,1,0,0,11
5,1395,1,1,1,0,11
5,1407,1,1,0,0,11
5,1411,1,1,0,1,11
5,1419,1,1,1,0,11
5,1487,1,1,0,0,11
5,1496,1,1,1,0,11
5,1499,1,1,0,1,11
5,1527,1,1,0,1,11
5,1572,1,1,0,0,11
5,1592,1,1,1,0,11
5,1620,1,1,0,1,11
5,1643,1,1,0,0,11
5,1645,1,1,0,0,11
5,1682,1,1,1,0,11
5,1689,1,1,1,0,11
5,1702,1,1,0,0,11
5,1708,1,1,0,0,11
5,1716,1,1,0,0,11
5,1724,1,1,0,0,11
5,1735,1,1,0,0,11
5,1738,1,1,1,0,11
5,1746,1,1,0,0,11
5,1774,1,1,0,0,11
5,1793,1,1,1,0,11
5,1795,1,1,0,1,11
5,1796,1,1,1,0,11
5,1811,1,1,0,0,11
5,1832,1,1,0,0,11
5,1851,1,1,1,0,11
5,1876,1,1,0,0,11
5,1894,1,1,0,0,11
5,1900,1,1,1,0,11
5,1908,1,1,0,0,11
5,1912,1,1,0,1,11
5,1915,1,1,0,0,11
5,1916,1,1,0,0,11
5,1917,1,1,0,0,11
5,1924,1,1,0,1,11
5,1929,1,1,0,0,11
5,1967,1,1,0,1,11
5,1973,1,1,0,1,11
5,1995,1,1,0,1,11
5,1996,1,1,1,0,11
5,1998,1,1,1,0,11
5,2011,1,1,0,0,11
5,2024,1,1,0,1,11
5,2029,1,1,0,0,11
5,2035,1,1,0,0,11
5,2082,1,1,0,0,11
5,2123,1,1,1,0,11
5,2125,1,1,0,0,11
5,2159,1,1,0,1,11
5,2162,1,1,0,1,11
5,2164,1,1,1,0,11
5,2168,1,1,1,0,11
5,2169,1,1,0,0,11
5,2212,1,1,0,0,11
5,2219,1,1,1,0,11
5,2240,1,1,1,0,11
5,2259,1,1,0,0,11
5,2293,1,1,0,1,11
5,2303,1,1,0,0,11
5,2338,1,1,0,0,11
5,2347,1,1,1,0,11
5,2352,1,1,0,1,11
5,2355,1,1,0,0,11
5,2362,1,1,0,0,11
5,2389,1,1,0,0,11
5,2430,1,1,0,0,11
5,2433,1,1,1,0,11
5,2445,1,1,1,0,11
5,2452,1,1,1,0,11
5,2477,1,1,0,0,11
5,2480,1,1,0,0,11
5,2496,1,1,1,0,11
5,21,1,3,0,3,12
5,28,1,3,0,0,12
5,59,1,3,0,3,12
5,60,1,3,1,0,12
5,66,1,3,0,0,12
5,96,1,3,0,0,12
5,99,1,3,0,3,12
5,104,1,3,1,0,12
5,116,1,3,0,3,12
5,119,1,3,1,0,12
5,125,1,3,0,0,12
5,130,1,3,0,3,12
5,140,1,3,0,0,12
5,149,1,3,0,1,12
5,159,1,3,1,0,12
5,179,1,3,0,0,12
5,184,1,3,0,0,12
5,241,1,3,1,0,12
5,308,1,3,0,1,12
5,314,1,3,1,0,12
5,336,1,3,0,0,12
5,337,1,3,0,0,12
5,343,1,3,0,0,12
5,347,1,3,0,0,12
5,350,1,3,0,0,12
5,386,1,3,0,0,12
5,389,1,3,0,0,12
5,395,1,3,1,0,12
5,403,1,3,1,0,12
5,404,1,3,0,0,12
5,435,1,3,0,1,12
5,442,1,3,0,0,12
5,443,1,3,0,0,12
5,451,1,3,0,0,12
5,478,1,3,0,0,12
5,495,1,3,0,3,12
5,500,1,3,1,0,12
5,538,1,3,0,0,12
5,560,1,3,0,0,12
5,574,1,3,0,0,12
5,624,1,3,0,0,12
5,649,1,3,0,0,12
5,742,1,3,0,0,12
5,745,1,3,0,0,12
5,754,1,3,0,0,12
5,764,1,3,0,0,12
5,772,1,3,0,0,12
5,785,1,3,1,0,12
5,788,1,3,0,0,12
5,808,1,3,1,0,12
5,812,1,3,0,0,12
5,836,1,3,1,0,12
5,852,1,3,0,0,12
5,868,1,3,0,0,12
5,925,1,3,0,3,12
5,939,1,3,1,0,12
5,942,1,3,1,0,12
5,948,1,3,0,0,12
5,967,1,3,0,0,12
5,974,1,3,0,0,12
5,988,1,3,0,0,12
5,1022,1,3,0,0,12
5,1104,1,3,1,0,12
5,1118,1,3,0,0,12
5,1146,1,3,1,0,12
5,1152,1,3,0,3,12
5,1169,1,3,0,0,12
5,1179,1,3,0,3,12
5,1194,1,3,0,0,12
5,1209,1,3,0,3,12
5,1217,1,3,0,0,12
5,1223,1,3,0,0,12
5,1228,1,3,1,0,12
5,1247,1,3,0,0,12
5,1266,1,3,0,3,12
5,1268,1,3,0,1,12
5,1279,1,3,0,0,12
5,1285,1,3,0,1,12
5,1290,1,3,0,0,12
5,1310,1,3,0,0,12
5,1311,1,3,0,0,12
5,1322,1,3,0,0,12
5,1346,1,3,0,0,12
5,1354,1,3,0,1,12
5,1373,1,3,0,0,12
5,1378,1,3,1,0,12
5,1379,1,3,0,0,12
5,1382,1,3,0,3,12
5,1409,1,3,0,0,12
5,1423,1,3,0,1,12
5,1464,1,3,0,0,12
5,1500,1,3,0,0,12
5,1519,1,3,0,0,12
5,1540,1,3,0,0,12
5,1545,1,3,0,3,12
5,1552,1,3,0,3,12
5,1555,1,3,1,0,12
5,1563,1,3,1,0,12
5,1583,1,3,0,3,12
5,1611,1,3,0,0,12
5,1627,1,3,0,1,12
5,1631,1,3,0,0,12
5,1649,1,3,1,0,12
5,1656,1,3,0,0,12
5,1660,1,3,0,0,12
5,1739,1,3,1,0,12
5,1754,1,3,0,0,12
5,1757,1,3,0,0,12
5,1772,1,3,0,0,12
5,1784,1,3,0,0,12
5,1816,1,3,0,0,12
5,1838,1,3,0,0,12
5,1839,1,3,1,0,12
5,1868,1,3,0,0,12
5,1879,1,3,0,0,12
5,1889,1,3,0,0,12
5,1909,1,3,0,0,12
5,1921,1,3,0,0,12
5,1927,1,3,0,0,12
5,1940,1,3,0,0,12
5,1942,1,3,0,0,12
5,1946,1,3,1,0,12
5,1954,1,3,0,1,12
5,1959,1,3,0,0,12
5,1964,1,3,0,0,12
5,1982,1,3,0,0,12
5,1983,1,3,0,0,12
5,2001,1,3,0,0,12
5,2003,1,3,0,0,12
5,2015,1,3,0,0,12
5,2026,1,3,0,0,12
5,2057,1,3,1,0,12
5,2081,1,3,0,0,12
5,2106,1,3,0,0,12
5,2119,1,3,0,0,12
5,2120,1,3,0,0,12
5,2139,1,3,0,0,12
5,2153,1,3,0,0,12
5,2157,1,3,1,0,12
5,2160,1,3,0,3,12
5,2183,1,3,0,0,12
5,2185,1,3,0,3,12
5,2237,1,3,0,0,12
5,2273,1,3,1,0,12
5,2334,1,3,0,0,12
5,2372,1,3,0,3,12
5,2381,1,3,0,3,12
5,2392,1,3,0,0,12
5,2401,1,3,0,0,12
5,2447,1,3,0,0,12
5,2454,1,3,1,0,12
5,2458,1,3,0,0,12
5,2482,1,3,0,0,12
5,2489,1,3,0,0,12
5,5,1,1,0,0,13
5,8,1,1,0,1,13
5,12,1,1,0,0,13
5,16,1,1,0,0,13
5,19,1,1,0,0,13
5,24,1,1,1,0,13
5,26,1,1,0,1,13
5,33,1,1,0,0,13
5,39,1,1,0,1,13
5,44,1,1,1,0,13
5,45,1,1,0,0,13
5,56,1,1,0,1,13
5,57,1,1,0,0,13
5,63,1,1,0,0,13
5,72,1,1,0,0,13
5,83,1,1,0,0,13
5,87,1,1,0,0,13
5,112,1,1,0,1,13
5,118,1,1,0,1,13
5,123,1,1,0,0,13
5,126,1,1,0,0,13
5,127,1,1,1,0,13
5,129,1,1,0,0,13
5,144,1,1,0,0,13
5,147,1,1,0,0,13
5,152,1,1,0,0,13
5,170,1,1,0,0,13
5,189,1,1,0,1,13
5,196,1,1,0,1,13
5,202,1,1,1,0,13
5,217,1,1,0,0,13
5,225,1,1,0,1,13
5,236,1,1,0,0,13
5,248,1,1,0,0,13
5,253,1,1,0,0,13
5,257,1,1,0,1,13
5,259,1,1,0,0,13
5,260,1,1,0,0,13
5,266,1,1,0,1,13
5,276,1,1,0,1,13
5,279,1,1,0,0,13
5,280,1,1,1,0,13
5,282,1,1,0,0,13
5,285,1,1,1,0,13
5,307,1,1,0,0,13
5,309,1,1,0,0,13
5,316,1,1,0,1,13
5,319,1,1,0,0,13
5,320,1,1,0,0,13
5,322,1,1,0,0,13
5,326,1,1,0,0,13
5,339,1,1,0,1,13
5,344,1,1,0,0,13
5,345,1,1,0,1,13
5,356,1,1,0,0,13
5,357,1,1,0,0,13
5,360,1,1,0,1,13
5,368,1,1,0,0,13
5,373,1,1,0,1,13
5,374,1,1,1,0,13
5,376,1,1,0,0,13
5,382,1,1,0,1,13
5,397,1,1,0,0,13
5,399,1,1,0,0,13
5,400,1,1,0,0,13
5,409,1,1,0,0,13
5,421,1,1,0,0,13
5,427,1,1,0,0,13
5,433,1,1,0,1,13
5,462,1,1,0,0,13
5,467,1,1,0,0,13
5,474,1,1,0,1,13
5,493,1,1,1,0,13
5,498,1,1,0,0,13
5,499,1,1,0,0,13
5,505,1,1,0,0,13
5,506,1,1,0,0,13
5,516,1,1,0,1,13
5,530,1,1,1,0,13
5,531,1,1,0,0,13
5,533,1,1,0,0,13
5,541,1,1,0,0,13
5,543,1,1,0,1,13
5,566,1,1,0,0,13
5,573,1,1,0,0,13
5,581,1,1,0,1,13
5,584,1,1,1,0,13
5,596,1,1,0,0,13
5,600,1,1,1,0,13
5,603,1,1,0,0,13
5,605,1,1,1,0,13
5,608,1,1,1,0,13
5,610,1,1,0,0,13
5,619,1,1,0,0,13
5,621,1,1,0,1,13
5,622,1,1,0,0,13
5,631,1,1,0,0,13
5,632,1,1,0,0,13
5,636,1,1,1,0,13
5,641,1,1,0,0,13
5,655,1,1,0,0,13
5,665,1,1,0,1,13
5,667,1,1,1,0,13
5,668,1,1,0,0,13
5,671,1,1,0,1,13
5,674,1,1,0,0,13
5,677,1,1,0,1,13
5,683,1,1,0,0,13
5,688,1,1,0,0,13
5,694,1,1,0,1,13
5,699,1,1,0,0,13
5,702,1,1,1,0,13
5,704,1,1,1,0,13
5,708,1,1,1,0,13
5,719,1,1,0,0,13
5,723,1,1,0,0,13
5,727,1,1,1,0,13
5,743,1,1,0,0,13
5,744,1,1,0,1,13
5,746,1,1,1,0,13
5,749,1,1,0,0,13
5,757,1,1,0,1,13
5,760,1,1,0,0,13
5,773,1,1,0,0,13
5,777,1,1,0,1,13
5,779,1,1,1,0,13
5,786,1,1,0,0,13
5,811,1,1,0,0,13
5,813,1,1,0,0,13
5,822,1,1,0,0,13
5,827,1,1,0,1,13
5,830,1,1,0,0,13
5,832,1,1,0,0,13
5,837,1,1,1,0,13
5,841,1,1,1,0,13
5,846,1,1,0,0,13
5,856,1,1,0,1,13
5,859,1,1,0,0,13
5,860,1,1,0,0,13
5,880,1,1,1,0,13
5,881,1,1,0,0,13
5,883,1,1,1,0,13
5,885,1,1,0,1,13
5,888,1,1,0,1,13
5,897,1,1,0,1,13
5,904,1,1,0,0,13
5,914,1,1,1,0,13
5,916,1,1,0,1,13
5,920,1,1,0,0,13
5,921,1,1,0,0,13
5,931,1,1,0,0,13
5,934,1,1,1,0,13
5,935,1,1,0,0,13
5,937,1,1,1,0,13
5,949,1,1,0,0,13
5,951,1,1,0,0,13
5,957,1,1,0,1,13
5,960,1,1,0,0,13
5,964,1,1,0,1,13
5,965,1,1,0,1,13
5,979,1,1,1,0,13
5,981,1,1,0,1,13
5,985,1,1,0,1,13
5,994,1,1,0,0,13
5,997,1,1,0,1,13
5,1011,1,1,0,1,13
5,1017,1,1,1,0,13
5,1018,1,1,0,1,13
5,1020,1,1,0,1,13
5,1031,1,1,0,1,13
5,1032,1,1,0,0,13
5,1034,1,1,0,0,13
5,1043,1,1,0,0,13
5,1045,1,1,0,0,13
5,1051,1,1,0,0,13
5,1053,1,1,0,0,13
5,1056,1,1,0,0,13
5,1072,1,1,0,1,13
5,1073,1,1,0,0,13
5,1074,1,1,0,0,13
5,1082,1,1,0,0,13
5,1087,1,1,1,0,13
5,1098,1,1,0,1,13
5,1099,1,1,0,0,13
5,1108,1,1,0,0,13
5,1111,1,1,0,0,13
5,1117,1,1,0,0,13
5,1120,1,1,0,0,13
5,1121,1,1,1,0,13
5,1126,1,1,0,0,13
5,1131,1,1,0,1,13
5,1138,1,1,1,0,13
5,1141,1,1,0,1,13
5,1155,1,1,0,0,13
5,1165,1,1,1,0,13
5,1189,1,1,0,0,13
5,1191,1,1,0,1,13
5,1192,1,1,0,1,13
5,1201,1,1,0,1,13
5,1211,1,1,0,0,13
5,1221,1,1,0,0,13
5,1227,1,1,0,1,13
5,1236,1,1,0,0,13
5,1249,1,1,0,1,13
5,1253,1,1,0,0,13
5,1267,1,1,0,0,13
5,1273,1,1,0,0,13
5,1276,1,1,1,0,13
5,1277,1,1,0,0,13
5,1280,1,1,1,0,13
5,1291,1,1,1,0,13
5,1303,1,1,1,0,13
5,1308,1,1,1,0,13
5,1309,1,1,0,1,13
5,1313,1,1,1,0,13
5,1316,1,1,0,0,13
5,1330,1,1,0,1,13
5,1334,1,1,0,0,13
5,1338,1,1,0,0,13
5,1340,1,1,0,1,13
5,1342,1,1,0,0,13
5,1343,1,1,1,0,13
5,1347,1,1,0,0,13
5,1353,1,1,0,0,13
5,1365,1,1,0,0,13
5,1377,1,1,0,0,13
5,1385,1,1,1,0,13
5,1388,1,1,0,0,13
5,1399,1,1,0,0,13
5,1406,1,1,0,0,13
5,1412,1,1,0,0,13
5,1416,1,1,0,1,13
5,1420,1,1,0,1,13
5,1430,1,1,0,0,13
5,1432,1,1,0,1,13
5,1441,1,1,0,0,13
5,1445,1,1,0,0,13
5,1453,1,1,0,1,13
5,1459,1,1,0,0,13
5,1467,1,1,1,0,13
5,1468,1,1,0,0,13
5,1473,1,1,0,0,13
5,1474,1,1,0,0,13
5,1480,1,1,0,0,13
5,1485,1,1,0,0,13
5,1490,1,1,0,0,13
5,1513,1,1,1,0,13
5,1516,1,1,0,0,13
5,1531,1,1,0,1,13
5,1539,1,1,0,1,13
5,1548,1,1,0,0,13
5,1549,1,1,0,0,13
5,1554,1,1,0,0,13
5,1556,1,1,0,0,13
5,1557,1,1,0,0,13
5,1561,1,1,1,0,13
5,1584,1,1,0,1,13
5,1585,1,1,0,1,13
5,1594,1,1,0,0,13
5,1599,1,1,0,0,13
5,1604,1,1,0,0,13
5,1605,1,1,0,1,13
5,1607,1,1,0,0,13
5,1610,1,1,0,0,13
5,1618,1,1,1,0,13
5,1619,1,1,0,1,13
5,1622,1,1,0,0,13
5,1632,1,1,0,0,13
5,1666,1,1,0,0,13
5,1668,1,1,1,0,13
5,1674,1,1,0,0,13
5,1676,1,1,0,0,13
5,1687,1,1,1,0,13
5,1688,1,1,1,0,13
5,1690,1,1,1,0,13
5,1693,1,1,0,0,13
5,1701,1,1,1,0,13
5,1707,1,1,0,0,13
5,1718,1,1,0,0,13
5,1720,1,1,0,0,13
5,1726,1,1,0,0,13
5,1740,1,1,0,0,13
5,1756,1,1,0,0,13
5,1760,1,1,1,0,13
5,1779,1,1,1,0,13
5,1780,1,1,0,0,13
5,1783,1,1,0,0,13
5,1792,1,1,1,0,13
5,1808,1,1,1,0,13
5,1823,1,1,0,0,13
5,1837,1,1,0,1,13
5,1845,1,1,0,0,13
5,1852,1,1,1,0,13
5,1855,1,1,0,0,13
5,1860,1,1,0,0,13
5,1867,1,1,0,0,13
5,1874,1,1,0,0,13
5,1887,1,1,0,0,13
5,1888,1,1,0,1,13
5,1902,1,1,0,1,13
5,1904,1,1,0,0,13
5,1920,1,1,0,0,13
5,1926,1,1,1,0,13
5,1931,1,1,1,0,13
5,1933,1,1,0,1,13
5,1935,1,1,1,0,13
5,1962,1,1,0,0,13
5,1970,1,1,0,0,13
5,1979,1,1,0,0,13
5,1990,1,1,0,0,13
5,1993,1,1,0,0,13
5,2000,1,1,0,1,13
5,2007,1,1,0,0,13
5,2010,1,1,0,0,13
5,2019,1,1,0,0,13
5,2025,1,1,0,0,13
5,2031,1,1,0,0,13
5,2046,1,1,0,0,13
5,2050,1,1,0,0,13
5,2058,1,1,0,0,13
5,2080,1,1,0,0,13
5,2087,1,1,0,1,13
5,2089,1,1,0,0,13
5,2092,1,1,0,0,13
5,2093,1,1,0,1,13
5,2105,1,1,0,0,13
5,2107,1,1,0,0,13
5,2112,1,1,0,0,13
5,2117,1,1,0,0,13
5,2128,1,1,0,1,13
5,2138,1,1,0,1,13
5,2140,1,1,0,0,13
5,2142,1,1,0,0,13
5,2149,1,1,0,0,13
5,2166,1,1,1,0,13
5,2194,1,1,0,0,13
5,2209,1,1,0,0,13
5,2210,1,1,0,0,13
5,2213,1,1,0,1,13
5,2218,1,1,0,1,13
5,2221,1,1,0,0,13
5,2224,1,1,0,0,13
5,2245,1,1,1,0,13
5,2246,1,1,0,0,13
5,2249,1,1,0,0,13
5,2252,1,1,0,0,13
5,2253,1,1,0,0,13
5,2271,1,1,0,0,13
5,2286,1,1,1,0,13
5,2302,1,1,0,1,13
5,2306,1,1,0,0,13
5,2309,1,1,1,0,13
5,2314,1,1,0,1,13
5,2317,1,1,0,1,13
5,2318,1,1,0,1,13
5,2324,1,1,0,0,13
5,2328,1,1,0,1,13
5,2337,1,1,0,0,13
5,2340,1,1,0,1,13
5,2349,1,1,1,0,13
5,2351,1,1,0,0,13
5,2357,1,1,0,0,13
5,2365,1,1,0,0,13
5,2377,1,1,0,0,13
5,2387,1,1,0,1,13
5,2393,1,1,0,0,13
5,2403,1,1,0,1,13
5,2411,1,1,0,0,13
5,2413,1,1,0,0,13
5,2417,1,1,0,0,13
5,2418,1,1,0,1,13
5,2419,1,1,0,1,13
5,2423,1,1,0,0,13
5,2424,1,1,0,0,13
5,2425,1,1,0,0,13
5,2431,1,1,0,0,13
5,2434,1,1,1,0,13
5,2438,1,1,0,1,13
5,2443,1,1,1,0,13
5,2462,1,1,0,0,13
5,2465,1,1,0,0,13
5,2479,1,1,0,0,13
5,2483,1,1,0,1,13
5,2485,1,1,0,0,13
5,2486,1,1,0,0,13
5,2492,1,1,1,0,13
5,2494,1,1,0,0,13
5,37,1,3,0,3,14
5,64,1,3,0,0,14
5,68,1,3,0,0,14
5,70,1,3,0,0,14
5,71,1,3,1,0,14
5,75,1,3,1,0,14
5,79,1,3,1,0,14
5,90,1,3,1,0,14
5,91,1,3,0,0,14
5,173,1,3,0,0,14
5,183,1,3,1,0,14
5,191,1,3,0,0,14
5,200,1,3,0,0,14
5,201,1,3,1,0,14
5,215,1,3,0,0,14
5,218,1,3,0,0,14
5,219,1,3,1,0,14
5,229,1,3,0,0,14
5,242,1,3,1,0,14
5,245,1,3,0,3,14
5,252,1,3,0,3,14
5,263,1,3,0,0,14
5,290,1,3,1,0,14
5,291,1,3,0,0,14
5,300,1,3,0,0,14
5,302,1,3,0,0,14
5,304,1,3,0,3,14
5,310,1,3,0,0,14
5,325,1,3,0,0,14
5,334,1,3,0,0,14
5,366,1,3,1,0,14
5,383,1,3,0,0,14
5,387,1,3,1,0,14
5,431,1,3,0,0,14
5,438,1,3,0,3,14
5,455,1,3,0,3,14
5,457,1,3,0,0,14
5,486,1,3,0,0,14
5,489,1,3,0,0,14
5,510,1,3,0,0,14
5,513,1,3,1,0,14
5,523,1,3,0,0,14
5,539,1,3,0,3,14
5,555,1,3,0,0,14
5,558,1,3,0,3,14
5,561,1,3,0,0,14
5,580,1,3,1,0,14
5,609,1,3,0,3,14
5,623,1,3,1,0,14
5,625,1,3,0,0,14
5,633,1,3,0,0,14
5,642,1,3,0,0,14
5,658,1,3,0,0,14
5,687,1,3,0,0,14
5,724,1,3,0,0,14
5,731,1,3,0,0,14
5,740,1,3,1,0,14
5,758,1,3,0,0,14
5,770,1,3,0,0,14
5,809,1,3,0,0,14
5,821,1,3,0,0,14
5,834,1,3,0,0,14
5,839,1,3,0,0,14
5,870,1,3,0,0,14
5,896,1,3,1,0,14
5,912,1,3,1,0,14
5,927,1,3,0,3,14
5,972,1,3,1,0,14
5,975,1,3,1,0,14
5,982,1,3,0,0,14
5,989,1,3,0,0,14
5,1007,1,3,1,0,14
5,1008,1,3,0,0,14
5,1012,1,3,0,3,14
5,1023,1,3,0,0,14
5,1026,1,3,0,3,14
5,1036,1,3,0,0,14
5,1044,1,3,1,0,14
5,1048,1,3,0,0,14
5,1052,1,3,0,0,14
5,1062,1,3,0,0,14
5,1066,1,3,0,1,14
5,1069,1,3,1,0,14
5,1071,1,3,0,0,14
5,1076,1,3,0,0,14
5,1092,1,3,0,0,14
5,1139,1,3,0,0,14
5,1142,1,3,0,3,14
5,1144,1,3,0,0,14
5,1147,1,3,0,0,14
5,1161,1,3,0,0,14
5,1178,1,3,0,0,14
5,1190,1,3,0,0,14
5,1208,1,3,0,3,14
5,1222,1,3,1,0,14
5,1226,1,3,0,0,14
5,1251,1,3,1,0,14
5,1278,1,3,0,0,14
5,1281,1,3,1,0,14
5,1283,1,3,0,0,14
5,1301,1,3,0,1,14
5,1302,1,3,0,0,14
5,1304,1,3,0,0,14
5,1318,1,3,0,1,14
5,1323,1,3,0,0,14
5,1327,1,3,0,0,14
5,1348,1,3,0,0,14
5,1349,1,3,0,0,14
5,1401,1,3,0,0,14
5,1404,1,3,0,0,14
5,1418,1,3,0,0,14
5,1431,1,3,0,0,14
5,1438,1,3,0,3,14
5,1462,1,3,0,3,14
5,1471,1,3,0,3,14
5,1493,1,3,0,0,14
5,1502,1,3,0,0,14
5,1507,1,3,0,0,14
5,1508,1,3,0,0,14
5,1522,1,3,0,3,14
5,1581,1,3,1,0,14
5,1588,1,3,0,0,14
5,1597,1,3,1,0,14
5,1608,1,3,1,0,14
5,1624,1,3,0,0,14
5,1641,1,3,0,0,14
5,1647,1,3,0,0,14
5,1653,1,3,1,0,14
5,1662,1,3,0,0,14
5,1677,1,3,0,0,14
5,1678,1,3,1,0,14
5,1683,1,3,0,0,14
5,1710,1,3,1,0,14
5,1719,1,3,0,0,14
5,1722,1,3,0,0,14
5,1751,1,3,0,3,14
5,1753,1,3,0,0,14
5,1778,1,3,0,0,14
5,1786,1,3,0,0,14
5,1799,1,3,0,3,14
5,1806,1,3,1,0,14
5,1815,1,3,1,0,14
5,1824,1,3,0,3,14
5,1830,1,3,0,0,14
5,1834,1,3,1,0,14
5,1841,1,3,0,0,14
5,1844,1,3,0,0,14
5,1858,1,3,0,0,14
5,1878,1,3,0,0,14
5,1918,1,3,0,0,14
5,1922,1,3,0,0,14
5,1925,1,3,0,0,14
5,1961,1,3,0,0,14
5,1966,1,3,0,0,14
5,1981,1,3,0,0,14
5,1991,1,3,0,3,14
5,2009,1,3,0,0,14
5,2020,1,3,0,0,14
5,2049,1,3,0,0,14
5,2060,1,3,0,0,14
5,2061,1,3,0,0,14
5,2064,1,3,0,0,14
5,2075,1,3,0,0,14
5,2083,1,3,0,0,14
5,2102,1,3,0,0,14
5,2133,1,3,0,0,14
5,2137,1,3,0,0,14
5,2161,1,3,0,3,14
5,2181,1,3,0,0,14
5,2182,1,3,0,0,14
5,2187,1,3,0,0,14
5,2206,1,3,0,0,14
5,2222,1,3,0,3,14
5,2230,1,3,0,0,14
5,2231,1,3,0,0,14
5,2233,1,3,0,0,14
5,2242,1,3,1,0,14
5,2248,1,3,0,0,14
5,2272,1,3,0,0,14
5,2277,1,3,1,0,14
5,2289,1,3,1,0,14
5,2300,1,3,0,3,14
5,2310,1,3,0,3,14
5,2319,1,3,1,0,14
5,2323,1,3,0,0,14
5,2333,1,3,0,0,14
5,2342,1,3,0,3,14
5,2354,1,3,1,0,14
5,2371,1,3,1,0,14
5,2439,1,3,0,3,14
5,2449,1,3,0,0,14
5,2471,1,3,1,0,14
5,2476,1,3,0,3,14
5,2497,1,3,0,0,14
4,2,3,0,1,0,0
4,25,3,0,1,0,0
4,31,3,0,1,0,0
4,34,3,0,0,0,0
4,53,3,0,0,0,0
4,58,3,0,0,0,0
4,67,3,0,1,0,0
4,73,3,0,2,0,0
4,74,3,0,0,0,0
4,80,3,0,0,0,0
4,88,3,0,0,0,0
4,92,3,0,2,0,0
4,98,3,0,1,0,0
4,105,3,0,2,0,0
4,106,3,0,0,0,0
4,142,3,0,0,0,0
4,154,3,0,1,0,0
4,156,3,0,0,0,0
4,160,3,0,0,0,0
4,187,3,0,0,0,0
4,199,3,0,2,0,0
4,212,3,0,1,0,0
4,224,3,0,1,0,0
4,249,3,0,2,0,0
4,277,3,0,2,0,0
4,298,3,0,2,0,0
4,324,3,0,1,0,0
4,328,3,0,0,0,0
4,363,3,0,1,0,0
4,375,3,0,0,0,0
4,410,3,0,0,0,0
4,411,3,0,0,0,0
4,413,3,0,0,0,0
4,416,3,0,0,0,0
4,434,3,0,1,0,0
4,444,3,0,0,0,0
4,458,3,0,0,0,0
4,460,3,0,1,0,0
4,502,3,0,1,0,0
4,503,3,0,0,0,0
4,509,3,0,0,0,0
4,519,3,0,1,0,0
4,528,3,0,0,0,0
4,529,3,0,2,0,0
4,532,3,0,2,0,0
4,546,3,0,0,0,0
4,549,3,0,0,0,0
4,551,3,0,1,0,0
4,562,3,0,0,0,0
4,620,3,0,2,0,0
4,654,3,0,0,0,0
4,666,3,0,0,0,0
4,681,3,0,0,0,0
4,684,3,0,0,0,0
4,714,3,0,0,0,0
4,734,3,0,0,0,0
4,768,3,0,0,0,0
4,771,3,0,0,0,0
4,780,3,0,2,0,0
4,789,3,0,1,0,0
4,793,3,0,0,0,0
4,820,3,0,0,0,0
4,845,3,0,0,0,0
4,869,3,0,0,0,0
4,922,3,0,0,0,0
4,983,3,0,1,0,0
4,1003,3,0,0,0,0
4,1015,3,0,0,0,0
4,1021,3,0,0,0,0
4,1027,3,0,0,0,0
4,1122,3,0,1,0,0
4,1133,3,0,2,0,0
4,1140,3,0,2,0,0
4,1150,3,0,0,0,0
4,1151,3,0,0,0,0
4,1157,3,0,0,0,0
4,1159,3,0,1,0,0
4,1176,3,0,0,0,0
4,1184,3,0,1,0,0
4,1188,3,0,0,0,0
4,1195,3,0,0,0,0
4,1197,3,0,0,0,0
4,1210,3,0,0,0,0
4,1241,3,0,0,0,0
4,1243,3,0,0,0,0
4,1257,3,0,0,0,0
4,1264,3,0,0,0,0
4,1287,3,0,1,0,0
4,1306,3,0,0,0,0
4,1307,3,0,1,0,0
4,1328,3,0,0,0,0
4,1355,3,0,0,0,0
4,1356,3,0,2,0,0
4,1371,3,0,1,0,0
4,1394,3,0,0,0,0
4,1415,3,0,0,0,0
4,1421,3,0,2,0,0
4,1433,3,0,0,0,0
4,1451,3,0,1,0,0
4,1461,3,0,0,0,0
4,1484,3,0,0,0,0
4,1501,3,0,1,0,0
4,1518,3,0,0,0,0
4,1520,3,0,0,0,0
4,1521,3,0,1,0,0
4,1536,3,0,1,0,0
4,1538,3,0,0,0,0
4,1546,3,0,0,0,0
4,1553,3,0,0,0,0
4,1564,3,0,1,0,0
4,1575,3,0,0,0,0
4,1577,3,0,0,0,0
4,1603,3,0,1,0,0
4,1629,3,0,0,0,0
4,1636,3,0,0,0,0
4,1648,3,0,2,0,0
4,1652,3,0,2,0,0
4,1657,3,0,1,0,0
4,1661,3,0,1,0,0
4,1669,3,0,0,0,0
4,1684,3,0,0,0,0
4,1685,3,0,1,0,0
4,1697,3,0,2,0,0
4,1712,3,0,0,0,0
4,1714,3,0,2,0,0
4,1715,3,0,2,0,0
4,1730,3,0,0,0,0
4,1745,3,0,1,0,0
4,1766,3,0,0,0,0
4,1769,3,0,2,0,0
4,1790,3,0,0,0,0
4,1817,3,0,1,0,0
4,1818,3,0,2,0,0
4,1821,3,0,1,0,0
4,1829,3,0,0,0,0
4,1882,3,0,1,0,0
4,1897,3,0,0,0,0
4,1930,3,0,0,0,0
4,1938,3,0,0,0,0
4,1949,3,0,0,0,0
4,1969,3,0,0,0,0
4,1972,3,0,0,0,0
4,1986,3,0,0,0,0
4,1987,3,0,0,0,0
4,1992,3,0,0,0,0
4,2013,3,0,0,0,0
4,2022,3,0,1,0,0
4,2053,3,0,1,0,0
4,2076,3,0,0,0,0
4,2098,3,0,0,0,0
4,2108,3,0,2,0,0
4,2165,3,0,0,0,0
4,2188,3,0,0,0,0
4,2189,3,0,0,0,0
4,2192,3,0,0,0,0
4,2196,3,0,2,0,0
4,2203,3,0,1,0,0
4,2234,3,0,0,0,0
4,2236,3,0,0,0,0
4,2244,3,0,0,0,0
4,2256,3,0,0,0,0
4,2258,3,0,0,0,0
4,2260,3,0,0,0,0
4,2291,3,0,0,0,0
4,2301,3,0,2,0,0
4,2320,3,0,0,0,0
4,2327,3,0,2,0,0
4,2329,3,0,0,0,0
4,2339,3,0,0,0,0
4,2341,3,0,2,0,0
4,2348,3,0,0,0,0
4,2353,3,0,2,0,0
4,2367,3,0,0,0,0
4,2368,3,0,0,0,0
4,2378,3,0,1,0,0
4,2379,3,0,0,0,0
4,2382,3,0,2,0,0
4,2390,3,0,2,0,0
4,2412,3,0,1,0,0
4,2437,3,0,1,0,0
4,2470,3,0,0,0,0
4,2490,3,0,2,0,0
4,2495,3,0,0,0,0
4,22,1,1,0,0,1
4,38,1,1,0,0,1
4,52,1,1,0,1,1
4,61,1,1,0,0,1
4,76,1,1,0,1,1
4,117,1,1,0,0,1
4,122,1,1,1,0,1
4,131,1,1,1,0,1
4,174,1,1,0,0,1
4,186,1,1,0,0,1
4,192,1,1,0,0,1
4,210,1,1,0,0,1
4,214,1,1,0,1,1
4,222,1,1,0,1,1
4,239,1,1,0,0,1
4,264,1,1,0,0,1
4,270,1,1,0,0,1
4,286,1,1,0,1,1
4,293,1,1,0,0,1
4,303,1,1,0,0,1
4,306,1,1,0,1,1
4,365,1,1,0,1,1
4,385,1,1,0,0,1
4,426,1,1,0,1,1
4,471,1,1,1,0,1
4,514,1,1,0,1,1
4,524,1,1,0,1,1
4,527,1,1,0,0,1
4,537,1,1,1,0,1
4,564,1,1,1,0,1
4,569,1,1,0,0,1
4,593,1,1,1,0,1
4,601,1,1,0,0,1
4,602,1,1,1,0,1
4,628,1,1,0,0,1
4,629,1,1,0,1,1
4,637,1,1,0,1,1
4,656,1,1,0,1,1
4,662,1,1,0,1,1
4,664,1,1,0,1,1
4,712,1,1,0,1,1
4,716,1,1,0,0,1
4,722,1,1,0,1,1
4,755,1,1,1,0,1
4,756,1,1,0,1,1
4,761,1,1,1,0,1
4,800,1,1,1,0,1
4,802,1,1,0,1,1
4,824,1,1,0,1,1
4,825,1,1,0,0,1
4,826,1,1,0,0,1
4,842,1,1,1,0,1
4,851,1,1,0,1,1
4,855,1,1,1,0,1
4,892,1,1,1,0,1
4,893,1,1,0,1,1
4,902,1,1,0,0,1
4,923,1,1,0,0,1
4,929,1,1,0,0,1
4,930,1,1,0,0,1
4,943,1,1,1,0,1
4,968,1,1,0,0,1
4,970,1,1,1,0,1
4,977,1,1,0,0,1
4,987,1,1,1,0,1
4,1004,1,1,1,0,1
4,1014,1,1,0,1,1
4,1050,1,1,0,0,1
4,1070,1,1,1,0,1
4,1088,1,1,0,1,1
4,1115,1,1,1,0,1
4,1123,1,1,1,0,1
4,1124,1,1,0,0,1
4,1136,1,1,1,0,1
4,1143,1,1,0,0,1
4,1163,1,1,0,0,1
4,1168,1,1,0,1,1
4,1196,1,1,1,0,1
4,1203,1,1,1,0,1
4,1207,1,1,0,1,1
4,1233,1,1,0,0,1
4,1320,1,1,0,0,1
4,1324,1,1,0,0,1
4,1351,1,1,1,0,1
4,1366,1,1,1,0,1
4,1367,1,1,0,1,1
4,1369,1,1,0,1,1
4,1410,1,1,0,0,1
4,1417,1,1,0,0,1
4,1426,1,1,0,0,1
4,1428,1,1,0,0,1
4,1429,1,1,0,1,1
4,1434,1,1,1,0,1
4,1435,1,1,0,1,1
4,1450,1,1,0,1,1
4,1452,1,1,0,0,1
4,1475,1,1,1,0,1
4,1482,1,1,0,0,1
4,1494,1,1,1,0,1
4,1510,1,1,1,0,1
4,1517,1,1,1,0,1
4,1523,1,1,0,0,1
4,1569,1,1,0,1,1
4,1595,1,1,1,0,1
4,1602,1,1,1,0,1
4,1606,1,1,0,0,1
4,1609,1,1,0,0,1
4,1612,1,1,0,1,1
4,1659,1,1,0,1,1
4,1664,1,1,0,0,1
4,1680,1,1,1,0,1
4,1692,1,1,1,0,1
4,1704,1,1,1,0,1
4,1731,1,1,0,0,1
4,1734,1,1,0,0,1
4,1741,1,1,0,0,1
4,1752,1,1,0,1,1
4,1762,1,1,0,0,1
4,1768,1,1,1,0,1
4,1794,1,1,0,1,1
4,1809,1,1,1,0,1
4,1812,1,1,0,1,1
4,1827,1,1,0,0,1
4,1836,1,1,1,0,1
4,1862,1,1,0,0,1
4,1871,1,1,0,1,1
4,1890,1,1,0,1,1
4,1893,1,1,0,0,1
4,1896,1,1,0,1,1
4,1923,1,1,1,0,1
4,1974,1,1,0,0,1
4,1980,1,1,1,0,1
4,1989,1,1,0,0,1
4,2017,1,1,0,0,1
4,2038,1,1,1,0,1
4,2045,1,1,1,0,1
4,2070,1,1,1,0,1
4,2077,1,1,0,1,1
4,2078,1,1,1,0,1
4,2086,1,1,0,1,1
4,2088,1,1,0,0,1
4,2109,1,1,0,1,1
4,2118,1,1,0,0,1
4,2141,1,1,1,0,1
4,2170,1,1,0,0,1
4,2172,1,1,0,0,1
4,2184,1,1,0,0,1
4,2199,1,1,0,0,1
4,2202,1,1,0,1,1
4,2220,1,1,0,0,1
4,2226,1,1,0,0,1
4,2261,1,1,0,0,1
4,2269,1,1,1,0,1
4,2276,1,1,0,1,1
4,2280,1,1,0,1,1
4,2297,1,1,0,0,1
4,2313,1,1,1,0,1
4,2315,1,1,1,0,1
4,2336,1,1,0,0,1
4,2343,1,1,0,0,1
4,2408,1,1,0,1,1
4,2428,1,1,0,1,1
4,2442,1,1,1,0,1
4,2446,1,1,0,1,1
4,2468,1,1,0,0,1
4,2491,1,1,1,0,1
4,2498,1,1,0,1,1
4,6,2,1,0,0,2
4,9,2,1,0,0,2
4,18,2,1,0,0,2
4,124,2,1,0,0,2
4,132,2,1,0,0,2
4,143,2,1,2,0,2
4,206,2,1,0,0,2
4,216,2,1,0,0,2
4,223,2,1,2,0,2
4,231,2,1,2,0,2
4,238,2,1,0,0,2
4,288,2,1,0,1,2
4,292,2,1,0,0,2
4,333,2,1,0,1,2
4,342,2,1,0,0,2
4,372,2,1,2,0,2
4,379,2,1,0,0,2
4,390,2,1,2,0,2
4,392,2,1,2,0,2
4,398,2,1,2,0,2
4,408,2,1,0,0,2
4,432,2,1,0,0,2
4,449,2,1,2,0,2
4,452,2,1,0,0,2
4,464,2,1,0,0,2
4,468,2,1,0,0,2
4,472,2,1,2,0,2
4,482,2,1,0,0,2
4,483,2,1,0,0,2
4,515,2,1,0,1,2
4,542,2,1,0,0,2
4,576,2,1,0,0,2
4,579,2,1,0,0,2
4,585,2,1,2,0,2
4,589,2,1,2,0,2
4,635,2,1,2,0,2
4,682,2,1,2,0,2
4,695,2,1,0,0,2
4,696,2,1,0,0,2
4,697,2,1,1,0,2
4,701,2,1,0,1,2
4,703,2,1,0,0,2
4,735,2,1,1,0,2
4,738,2,1,0,0,2
4,759,2,1,0,0,2
4,781,2,1,0,0,2
4,784,2,1,2,0,2
4,801,2,1,0,0,2
4,815,2,1,0,1,2
4,861,2,1,2,0,2
4,867,2,1,1,0,2
4,873,2,1,1,0,2
4,876,2,1,1,0,2
4,910,2,1,0,0,2
4,941,2,1,0,0,2
4,971,2,1,0,0,2
4,986,2,1,0,1,2
4,990,2,1,0,1,2
4,992,2,1,0,0,2
4,1054,2,1,0,1,2
4,1061,2,1,0,0,2
4,1090,2,1,0,0,2
4,1093,2,1,0,1,2
4,1170,2,1,0,0,2
4,1181,2,1,0,0,2
4,1206,2,1,0,0,2
4,1214,2,1,2,0,2
4,1215,2,1,0,1,2
4,1216,2,1,1,0,2
4,1224,2,1,0,1,2
4,1229,2,1,2,0,2
4,1246,2,1,1,0,2
4,1254,2,1,2,0,2
4,1288,2,1,0,1,2
4,1295,2,1,0,0,2
4,1319,2,1,1,0,2
4,1375,2,1,0,1,2
4,1380,2,1,0,0,2
4,1383,2,1,0,1,2
4,1391,2,1,0,1,2
4,1393,2,1,1,0,2
4,1398,2,1,0,1,2
4,1402,2,1,0,0,2
4,1436,2,1,2,0,2
4,1447,2,1,0,1,2
4,1458,2,1,0,0,2
4,1472,2,1,0,0,2
4,1486,2,1,0,0,2
4,1532,2,1,0,0,2
4,1535,2,1,0,1,2
4,1551,2,1,2,0,2
4,1580,2,1,0,1,2
4,1601,2,1,0,0,2
4,1621,2,1,0,0,2
4,1646,2,1,0,1,2
4,1654,2,1,0,0,2
4,1675,2,1,0,0,2
4,1681,2,1,0,1,2
4,1691,2,1,0,0,2
4,1696,2,1,1,0,2
4,1705,2,1,2,0,2
4,1729,2,1,2,0,2
4,1732,2,1,0,0,2
4,1831,2,1,0,0,2
4,1835,2,1,2,0,2
4,1846,2,1,0,1,2
4,1853,2,1,0,1,2
4,1865,2,1,0,1,2
4,1884,2,1,0,0,2
4,1891,2,1,2,0,2
4,1901,2,1,0,1,2
4,1903,2,1,2,0,2
4,1906,2,1,0,1,2
4,1911,2,1,0,1,2
4,1932,2,1,0,1,2
4,1951,2,1,0,0,2
4,2023,2,1,0,0,2
4,2041,2,1,0,0,2
4,2044,2,1,0,0,2
4,2059,2,1,0,1,2
4,2079,2,1,0,1,2
4,2099,2,1,0,1,2
4,2104,2,1,1,0,2
4,2110,2,1,0,1,2
4,2124,2,1,0,0,2
4,2135,2,1,0,0,2
4,2152,2,1,0,0,2
4,2155,2,1,0,0,2
4,2174,2,1,0,1,2
4,2180,2,1,1,0,2
4,2195,2,1,0,1,2
4,2225,2,1,0,0,2
4,2281,2,1,0,0,2
4,2305,2,1,0,0,2
4,2394,2,1,0,0,2
4,2397,2,1,0,0,2
4,2414,2,1,0,0,2
4,2441,2,1,0,1,2
4,2453,2,1,0,1,2
4,2461,2,1,0,0,2
4,2467,2,1,0,0,2
4,2478,2,1,2,0,2
4,2484,2,1,0,1,2
4,49,1,2,0,0,3
4,86,1,2,1,0,3
4,95,1,2,0,1,3
4,102,1,2,0,1,3
4,103,1,2,0,1,3
4,108,1,2,0,2,3
4,141,1,2,1,0,3
4,193,1,2,0,1,3
4,230,1,2,0,0,3
4,240,1,2,0,2,3
4,254,1,2,0,0,3
4,258,1,2,0,0,3
4,272,1,2,0,1,3
4,295,1,2,0,2,3
4,327,1,2,0,0,3
4,338,1,2,1,0,3
4,340,1,2,0,0,3
4,361,1,2,0,0,3
4,377,1,2,1,0,3
4,381,1,2,0,0,3
4,407,1,2,0,2,3
4,412,1,2,1,0,3
4,456,1,2,0,0,3
4,494,1,2,0,1,3
4,501,1,2,0,0,3
4,508,1,2,0,0,3
4,534,1,2,0,0,3
4,540,1,2,0,0,3
4,577,1,2,0,2,3
4,578,1,2,0,0,3
4,590,1,2,0,0,3
4,595,1,2,0,2,3
4,597,1,2,0,0,3
4,599,1,2,0,2,3
4,606,1,2,0,0,3
4,611,1,2,0,0,3
4,627,1,2,1,0,3
4,648,1,2,0,0,3
4,670,1,2,0,0,3
4,678,1,2,0,0,3
4,717,1,2,0,0,3
4,718,1,2,0,0,3
4,747,1,2,0,1,3
4,752,1,2,1,0,3
4,776,1,2,1,0,3
4,805,1,2,0,0,3
4,829,1,2,0,0,3
4,853,1,2,0,0,3
4,871,1,2,0,0,3
4,900,1,2,0,0,3
4,963,1,2,1,0,3
4,969,1,2,0,2,3
4,1029,1,2,0,0,3
4,1042,1,2,1,0,3
4,1047,1,2,1,0,3
4,1068,1,2,0,0,3
4,1079,1,2,0,0,3
4,1100,1,2,0,0,3
4,1106,1,2,0,1,3
4,1134,1,2,1,0,3
4,1145,1,2,0,0,3
4,1182,1,2,0,0,3
4,1219,1,2,0,1,3
4,1261,1,2,0,0,3
4,1263,1,2,0,0,3
4,1282,1,2,0,0,3
4,1317,1,2,0,0,3
4,1341,1,2,1,0,3
4,1425,1,2,0,2,3
4,1446,1,2,0,0,3
4,1448,1,2,0,2,3
4,1456,1,2,1,0,3
4,1457,1,2,0,1,3
4,1498,1,2,0,0,3
4,1504,1,2,1,0,3
4,1509,1,2,1,0,3
4,1515,1,2,0,0,3
4,1526,1,2,0,0,3
4,1529,1,2,0,0,3
4,1573,1,2,0,0,3
4,1582,1,2,1,0,3
4,1587,1,2,0,0,3
4,1616,1,2,0,1,3
4,1640,1,2,1,0,3
4,1642,1,2,0,0,3
4,1651,1,2,0,0,3
4,1698,1,2,1,0,3
4,1749,1,2,0,0,3
4,1807,1,2,0,2,3
4,1825,1,2,1,0,3
4,1833,1,2,0,0,3
4,1840,1,2,0,2,3
4,1843,1,2,1,0,3
4,1847,1,2,1,0,3
4,1856,1,2,0,0,3
4,1861,1,2,1,0,3
4,1869,1,2,1,0,3
4,1875,1,2,0,1,3
4,1880,1,2,0,0,3
4,1899,1,2,0,1,3
4,1913,1,2,0,0,3
4,1952,1,2,0,0,3
4,2040,1,2,0,1,3
4,2052,1,2,0,0,3
4,2056,1,2,1,0,3
4,2065,1,2,1,0,3
4,2069,1,2,0,0,3
4,2101,1,2,0,0,3
4,2113,1,2,0,1,3
4,2126,1,2,0,2,3
4,2134,1,2,0,0,3
4,2175,1,2,0,0,3
4,2179,1,2,0,0,3
4,2207,1,2,0,2,3
4,2208,1,2,0,1,3
4,2238,1,2,0,0,3
4,2251,1,2,0,0,3
4,2282,1,2,0,2,3
4,2287,1,2,1,0,3
4,2295,1,2,0,0,3
4,2335,1,2,0,0,3
4,2344,1,2,1,0,3
4,2361,1,2,1,0,3
4,2388,1,2,0,0,3
4,2409,1,2,0,0,3
4,2420,1,2,0,0,3
4,2448,1,2,0,0,3
4,2466,1,2,0,2,3
4,48,1,1,0,0,4
4,81,1,1,0,0,4
4,85,1,1,1,0,4
4,121,1,1,0,1,4
4,135,1,1,0,0,4
4,161,1,1,1,0,4
4,180,1,1,0,1,4
4,182,1,1,0,0,4
4,194,1,1,0,0,4
4,227,1,1,0,1,4
4,233,1,1,0,1,4
4,235,1,1,0,0,4
4,244,1,1,0,0,4
4,268,1,1,0,0,4
4,284,1,1,0,0,4
4,312,1,1,1,0,4
4,317,1,1,1,0,4
4,332,1,1,0,0,4
4,352,1,1,0,0,4
4,354,1,1,0,0,4
4,364,1,1,0,0,4
4,378,1,1,1,0,4
4,425,1,1,0,0,4
4,480,1,1,1,0,4
4,481,1,1,0,1,4
4,491,1,1,0,1,4
4,535,1,1,0,0,4
4,563,1,1,1,0,4
4,565,1,1,0,0,4
4,582,1,1,1,0,4
4,650,1,1,0,1,4
4,657,1,1,1,0,4
4,661,1,1,1,0,4
4,739,1,1,1,0,4
4,750,1,1,0,0,4
4,778,1,1,0,0,4
4,794,1,1,0,0,4
4,798,1,1,0,1,4
4,810,1,1,0,1,4
4,840,1,1,0,0,4
4,854,1,1,0,0,4
4,909,1,1,0,0,4
4,958,1,1,0,0,4
4,980,1,1,0,0,4
4,1001,1,1,0,1,4
4,1039,1,1,0,0,4
4,1057,1,1,0,0,4
4,1065,1,1,0,0,4
4,1089,1,1,0,0,4
4,1113,1,1,0,0,4
4,1116,1,1,1,0,4
4,1137,1,1,1,0,4
4,1149,1,1,0,0,4
4,1164,1,1,0,1,4
4,1187,1,1,0,0,4
4,1202,1,1,0,0,4
4,1212,1,1,0,0,4
4,1244,1,1,0,1,4
4,1262,1,1,0,0,4
4,1274,1,1,1,0,4
4,1292,1,1,0,0,4
4,1299,1,1,1,0,4
4,1463,1,1,0,1,4
4,1476,1,1,1,0,4
4,1478,1,1,0,0,4
4,1479,1,1,0,0,4
4,1488,1,1,1,0,4
4,1511,1,1,0,0,4
4,1530,1,1,0,0,4
4,1558,1,1,0,0,4
4,1560,1,1,1,0,4
4,1571,1,1,0,0,4
4,1593,1,1,0,0,4
4,1600,1,1,0,1,4
4,1614,1,1,0,0,4
4,1628,1,1,1,0,4
4,1655,1,1,0,1,4
4,1703,1,1,0,1,4
4,1709,1,1,1,0,4
4,1737,1,1,0,0,4
4,1755,1,1,0,0,4
4,1761,1,1,0,1,4
4,1798,1,1,0,1,4
4,1801,1,1,0,0,4
4,1854,1,1,0,1,4
4,1859,1,1,0,0,4
4,1947,1,1,0,1,4
4,1985,1,1,0,0,4
4,1999,1,1,1,0,4
4,2004,1,1,0,0,4
4,2006,1,1,0,1,4
4,2042,1,1,1,0,4
4,2063,1,1,0,0,4
4,2111,1,1,0,0,4
4,2148,1,1,0,1,4
4,2205,1,1,0,1,4
4,2257,1,1,1,0,4
4,2304,1,1,0,0,4
4,2316,1,1,0,0,4
4,2346,1,1,0,0,4
4,2350,1,1,0,0,4
4,2356,1,1,0,0,4
4,2358,1,1,1,0,4
4,2359,1,1,1,0,4
4,2373,1,1,0,0,4
4,2416,1,1,0,0,4
4,2473,1,1,1,0,4
4,2474,1,1,0,0,4
4,2487,1,1,0,1,4
4,14,1,1,1,0,5
4,23,1,1,0,1,5
4,82,1,1,0,1,5
4,111,1,1,0,1,5
4,136,1,1,0,0,5
4,137,1,1,1,0,5
4,164,1,1,1,0,5
4,167,1,1,0,0,5
4,177,1,1,0,0,5
4,185,1,1,1,0,5
4,190,1,1,0,1,5
4,204,1,1,0,0,5
4,205,1,1,1,0,5
4,211,1,1,1,0,5
4,221,1,1,0,0,5
4,274,1,1,1,0,5
4,275,1,1,0,0,5
4,278,1,1,1,0,5
4,281,1,1,1,0,5
4,330,1,1,0,1,5
4,346,1,1,1,0,5
4,359,1,1,1,0,5
4,362,1,1,0,0,5
4,367,1,1,0,0,5
4,371,1,1,0,0,5
4,384,1,1,0,0,5
4,394,1,1,0,0,5
4,415,1,1,0,0,5
4,420,1,1,0,1,5
4,422,1,1,0,0,5
4,436,1,1,1,0,5
4,445,1,1,0,0,5
4,448,1,1,0,0,5
4,466,1,1,0,1,5
4,469,1,1,0,0,5
4,479,1,1,0,0,5
4,488,1,1,0,0,5
4,496,1,1,0,1,5
4,512,1,1,0,1,5
4,517,1,1,0,1,5
4,526,1,1,0,0,5
4,547,1,1,1,0,5
4,617,1,1,0,0,5
4,618,1,1,1,0,5
4,638,1,1,0,1,5
4,644,1,1,1,0,5
4,646,1,1,1,0,5
4,680,1,1,0,0,5
4,685,1,1,1,0,5
4,698,1,1,0,0,5
4,700,1,1,0,1,5
4,715,1,1,0,1,5
4,736,1,1,0,0,5
4,751,1,1,1,0,5
4,792,1,1,0,0,5
4,799,1,1,0,1,5
4,803,1,1,0,1,5
4,819,1,1,0,0,5
4,823,1,1,1,0,5
4,866,1,1,0,1,5
4,875,1,1,0,0,5
4,884,1,1,0,0,5
4,889,1,1,0,0,5
4,895,1,1,0,0,5
4,911,1,1,0,1,5
4,913,1,1,1,0,5
4,915,1,1,1,0,5
4,940,1,1,0,0,5
4,947,1,1,0,1,5
4,953,1,1,0,1,5
4,956,1,1,1,0,5
4,961,1,1,0,1,5
4,995,1,1,1,0,5
4,996,1,1,1,0,5
4,999,1,1,0,1,5
4,1002,1,1,0,0,5
4,1005,1,1,0,1,5
4,1010,1,1,0,0,5
4,1016,1,1,1,0,5
4,1019,1,1,0,1,5
4,1028,1,1,1,0,5
4,1040,1,1,0,1,5
4,1060,1,1,0,0,5
4,1083,1,1,1,0,5
4,1086,1,1,0,0,5
4,1129,1,1,0,0,5
4,1162,1,1,0,0,5
4,1171,1,1,0,1,5
4,1205,1,1,0,1,5
4,1225,1,1,0,1,5
4,1294,1,1,0,1,5
4,1344,1,1,0,0,5
4,1352,1,1,0,0,5
4,1440,1,1,0,0,5
4,1491,1,1,0,0,5
4,1495,1,1,0,1,5
4,1542,1,1,0,0,5
4,1550,1,1,0,0,5
4,1568,1,1,1,0,5
4,1578,1,1,0,1,5
4,1586,1,1,0,1,5
4,1589,1,1,0,1,5
4,1591,1,1,0,1,5
4,1596,1,1,0,0,5
4,1615,1,1,0,1,5
4,1617,1,1,1,0,5
4,1634,1,1,0,1,5
4,1635,1,1,0,1,5
4,1650,1,1,1,0,5
4,1658,1,1,1,0,5
4,1667,1,1,0,0,5
4,1670,1,1,0,0,5
4,1742,1,1,1,0,5
4,1744,1,1,0,0,5
4,1765,1,1,0,0,5
4,1770,1,1,0,0,5
4,1785,1,1,0,0,5
4,1788,1,1,0,0,5
4,1814,1,1,1,0,5
4,1820,1,1,1,0,5
4,1822,1,1,0,1,5
4,1857,1,1,0,1,5
4,1864,1,1,0,0,5
4,1905,1,1,0,0,5
4,1936,1,1,1,0,5
4,1939,1,1,0,1,5
4,1943,1,1,1,0,5
4,1953,1,1,1,0,5
4,1956,1,1,1,0,5
4,1963,1,1,0,1,5
4,1984,1,1,0,0,5
4,1988,1,1,0,1,5
4,2002,1,1,0,1,5
4,2005,1,1,0,1,5
4,2014,1,1,0,0,5
4,2027,1,1,0,0,5
4,2033,1,1,0,1,5
4,2073,1,1,0,1,5
4,2091,1,1,0,0,5
4,2094,1,1,0,0,5
4,2095,1,1,0,0,5
4,2100,1,1,0,0,5
4,2103,1,1,0,1,5
4,2122,1,1,0,0,5
4,2130,1,1,0,0,5
4,2143,1,1,1,0,5
4,2144,1,1,1,0,5
4,2147,1,1,0,0,5
4,2171,1,1,1,0,5
4,2176,1,1,0,0,5
4,2190,1,1,0,0,5
4,2198,1,1,1,0,5
4,2211,1,1,0,0,5
4,2215,1,1,0,0,5
4,2217,1,1,0,0,5
4,2235,1,1,1,0,5
4,2283,1,1,0,0,5
4,2294,1,1,0,1,5
4,2298,1,1,0,0,5
4,2299,1,1,1,0,5
4,2321,1,1,0,1,5
4,2332,1,1,0,0,5
4,2345,1,1,0,0,5
4,2376,1,1,0,0,5
4,2391,1,1,0,0,5
4,2395,1,1,1,0,5
4,2402,1,1,1,0,5
4,2405,1,1,1,0,5
4,2436,1,1,0,1,5
4,2469,1,1,0,0,5
4,2488,1,1,0,1,5
4,32,1,1,1,0,6
4,54,1,1,1,0,6
4,84,1,1,0,0,6
4,100,1,1,0,0,6
4,138,1,1,0,0,6
4,146,1,1,0,0,6
4,163,1,1,0,0,6
4,172,1,1,1,0,6
4,243,1,1,0,1,6
4,246,1,1,0,1,6
4,262,1,1,1,0,6
4,269,1,1,0,0,6
4,283,1,1,0,0,6
4,287,1,1,0,0,6
4,294,1,1,0,0,6
4,318,1,1,1,0,6
4,349,1,1,0,0,6
4,369,1,1,0,1,6
4,401,1,1,0,1,6
4,439,1,1,1,0,6
4,453,1,1,1,0,6
4,465,1,1,0,1,6
4,470,1,1,0,0,6
4,475,1,1,0,0,6
4,536,1,1,0,1,6
4,552,1,1,0,0,6
4,575,1,1,1,0,6
4,647,1,1,0,0,6
4,720,1,1,1,0,6
4,737,1,1,1,0,6
4,762,1,1,1,0,6
4,767,1,1,0,0,6
4,783,1,1,0,0,6
4,790,1,1,0,0,6
4,796,1,1,0,1,6
4,806,1,1,1,0,6
4,816,1,1,1,0,6
4,838,1,1,0,0,6
4,848,1,1,0,1,6
4,850,1,1,0,0,6
4,857,1,1,1,0,6
4,862,1,1,1,0,6
4,865,1,1,0,1,6
4,879,1,1,0,0,6
4,894,1,1,0,0,6
4,928,1,1,1,0,6
4,954,1,1,1,0,6
4,984,1,1,1,0,6
4,991,1,1,0,0,6
4,993,1,1,0,0,6
4,1035,1,1,0,1,6
4,1038,1,1,1,0,6
4,1046,1,1,0,1,6
4,1058,1,1,0,0,6
4,1059,1,1,0,1,6
4,1063,1,1,0,1,6
4,1064,1,1,1,0,6
4,1078,1,1,0,0,6
4,1094,1,1,0,0,6
4,1095,1,1,0,1,6
4,1102,1,1,0,1,6
4,1175,1,1,0,0,6
4,1183,1,1,0,1,6
4,1204,1,1,0,1,6
4,1213,1,1,0,1,6
4,1220,1,1,1,0,6
4,1234,1,1,1,0,6
4,1239,1,1,0,0,6
4,1256,1,1,0,1,6
4,1260,1,1,0,0,6
4,1271,1,1,1,0,6
4,1312,1,1,1,0,6
4,1315,1,1,0,0,6
4,1325,1,1,0,0,6
4,1332,1,1,1,0,6
4,1368,1,1,0,1,6
4,1374,1,1,0,1,6
4,1376,1,1,0,0,6
4,1400,1,1,1,0,6
4,1408,1,1,0,1,6
4,1413,1,1,0,0,6
4,1442,1,1,0,0,6
4,1454,1,1,1,0,6
4,1503,1,1,0,1,6
4,1524,1,1,1,0,6
4,1547,1,1,1,0,6
4,1559,1,1,0,0,6
4,1570,1,1,0,1,6
4,1626,1,1,1,0,6
4,1633,1,1,1,0,6
4,1637,1,1,0,0,6
4,1665,1,1,1,0,6
4,1671,1,1,1,0,6
4,1679,1,1,0,1,6
4,1694,1,1,0,1,6
4,1721,1,1,0,0,6
4,1725,1,1,0,0,6
4,1733,1,1,0,0,6
4,1736,1,1,0,0,6
4,1748,1,1,0,0,6
4,1763,1,1,0,0,6
4,1771,1,1,0,1,6
4,1791,1,1,0,1,6
4,1819,1,1,0,0,6
4,1866,1,1,0,1,6
4,1881,1,1,0,0,6
4,1895,1,1,0,1,6
4,1919,1,1,0,1,6
4,1934,1,1,0,0,6
4,1960,1,1,0,0,6
4,2021,1,1,0,0,6
4,2048,1,1,0,1,6
4,2062,1,1,0,0,6
4,2097,1,1,0,0,6
4,2158,1,1,1,0,6
4,2178,1,1,1,0,6
4,2191,1,1,0,1,6
4,2193,1,1,0,1,6
4,2223,1,1,1,0,6
4,2229,1,1,0,0,6
4,2243,1,1,1,0,6
4,2247,1,1,0,0,6
4,2267,1,1,1,0,6
4,2268,1,1,0,0,6
4,2270,1,1,0,0,6
4,2274,1,1,0,0,6
4,2288,1,1,0,0,6
4,2290,1,1,1,0,6
4,2312,1,1,0,0,6
4,2410,1,1,0,0,6
4,2432,1,1,0,0,6
4,2435,1,1,0,0,6
4,2451,1,1,0,1,6
4,2459,1,1,1,0,6
4,7,1,2,1,0,7
4,35,1,2,0,0,7
4,41,1,2,0,1,7
4,62,1,2,1,0,7
4,65,1,2,0,2,7
4,69,1,2,0,0,7
4,97,1,2,0,0,7
4,101,1,2,0,1,7
4,110,1,2,0,0,7
4,113,1,2,0,0,7
4,115,1,2,1,0,7
4,128,1,2,0,0,7
4,134,1,2,1,0,7
4,169,1,2,1,0,7
4,171,1,2,1,0,7
4,176,1,2,1,0,7
4,198,1,2,0,0,7
4,207,1,2,0,0,7
4,226,1,2,0,0,7
4,228,1,2,0,0,7
4,232,1,2,0,1,7
4,251,1,2,0,2,7
4,267,1,2,0,0,7
4,271,1,2,0,2,7
4,315,1,2,0,2,7
4,321,1,2,0,1,7
4,358,1,2,0,0,7
4,393,1,2,1,0,7
4,419,1,2,0,0,7
4,423,1,2,0,2,7
4,441,1,2,0,0,7
4,473,1,2,0,0,7
4,487,1,2,1,0,7
4,504,1,2,0,0,7
4,525,1,2,0,2,7
4,570,1,2,0,0,7
4,587,1,2,1,0,7
4,588,1,2,0,0,7
4,598,1,2,1,0,7
4,607,1,2,0,0,7
4,613,1,2,0,0,7
4,630,1,2,0,2,7
4,669,1,2,0,0,7
4,675,1,2,0,2,7
4,676,1,2,1,0,7
4,721,1,2,1,0,7
4,730,1,2,0,0,7
4,763,1,2,0,2,7
4,769,1,2,0,0,7
4,782,1,2,0,0,7
4,804,1,2,0,0,7
4,807,1,2,0,1,7
4,844,1,2,0,0,7
4,847,1,2,1,0,7
4,877,1,2,0,0,7
4,882,1,2,0,0,7
4,899,1,2,0,1,7
4,901,1,2,0,1,7
4,903,1,2,0,0,7
4,906,1,2,0,2,7
4,917,1,2,1,0,7
4,918,1,2,0,0,7
4,919,1,2,0,0,7
4,973,1,2,1,0,7
4,1055,1,2,0,0,7
4,1084,1,2,0,0,7
4,1085,1,2,0,2,7
4,1097,1,2,0,2,7
4,1105,1,2,0,0,7
4,1112,1,2,0,1,7
4,1125,1,2,1,0,7
4,1173,1,2,0,0,7
4,1231,1,2,1,0,7
4,1258,1,2,0,0,7
4,1293,1,2,0,2,7
4,1314,1,2,0,1,7
4,1331,1,2,0,0,7
4,1358,1,2,0,1,7
4,1370,1,2,0,2,7
4,1381,1,2,1,0,7
4,1390,1,2,1,0,7
4,1397,1,2,0,2,7
4,1422,1,2,0,1,7
4,1424,1,2,0,0,7
4,1465,1,2,0,2,7
4,1466,1,2,0,0,7
4,1470,1,2,0,0,7
4,1489,1,2,1,0,7
4,1492,1,2,0,0,7
4,1505,1,2,1,0,7
4,1514,1,2,0,0,7
4,1544,1,2,0,2,7
4,1576,1,2,0,1,7
4,1579,1,2,1,0,7
4,1590,1,2,0,0,7
4,1630,1,2,1,0,7
4,1638,1,2,0,0,7
4,1663,1,2,1,0,7
4,1673,1,2,1,0,7
4,1700,1,2,0,0,7
4,1711,1,2,0,0,7
4,1723,1,2,0,2,7
4,1743,1,2,0,0,7
4,1758,1,2,0,0,7
4,1759,1,2,0,0,7
4,1777,1,2,1,0,7
4,1781,1,2,0,0,7
4,1782,1,2,1,0,7
4,1800,1,2,1,0,7
4,1810,1,2,0,1,7
4,1848,1,2,1,0,7
4,1870,1,2,0,0,7
4,1873,1,2,0,0,7
4,1883,1,2,0,0,7
4,1885,1,2,0,0,7
4,1886,1,2,1,0,7
4,1910,1,2,0,2,7
4,1944,1,2,1,0,7
4,1965,1,2,0,0,7
4,1968,1,2,0,0,7
4,1975,1,2,0,0,7
4,1977,1,2,0,0,7
4,2034,1,2,0,2,7
4,2036,1,2,0,2,7
4,2037,1,2,0,0,7
4,2055,1,2,1,0,7
4,2067,1,2,0,0,7
4,2068,1,2,0,1,7
4,2096,1,2,1,0,7
4,2115,1,2,0,1,7
4,2127,1,2,1,0,7
4,2129,1,2,0,0,7
4,2131,1,2,0,0,7
4,2146,1,2,0,0,7
4,2151,1,2,0,0,7
4,2154,1,2,0,0,7
4,2163,1,2,0,0,7
4,2186,1,2,0,0,7
4,2214,1,2,0,0,7
4,2216,1,2,0,1,7
4,2241,1,2,0,0,7
4,2254,1,2,0,2,7
4,2279,1,2,0,1,7
4,2284,1,2,0,0,7
4,2307,1,2,0,0,7
4,2308,1,2,0,2,7
4,2325,1,2,0,1,7
4,2363,1,2,0,2,7
4,2369,1,2,1,0,7
4,2370,1,2,0,1,7
4,2375,1,2,0,0,7
4,2380,1,2,0,0,7
4,2396,1,2,0,0,7
4,2404,1,2,0,1,7
4,2421,1,2,0,0,7
4,2429,1,2,0,1,7
4,2455,1,2,1,0,7
4,2456,1,2,1,0,7
4,2457,1,2,1,0,7
4,2463,1,2,0,1,7
4,2464,1,2,0,0,7
4,2472,1,2,1,0,7
4,2481,1,2,0,0,7
4,2493,1,2,0,0,7
4,10,2,3,0,0,8
4,11,2,3,0,3,8
4,17,2,3,0,0,8
4,29,2,3,0,3,8
4,55,2,3,0,0,8
4,77,2,3,0,3,8
4,158,2,3,0,0,8
4,188,2,3,0,0,8
4,208,2,3,0,1,8
4,255,2,3,2,0,8
4,313,2,3,2,0,8
4,329,2,3,0,0,8
4,351,2,3,0,0,8
4,417,2,3,2,0,8
4,424,2,3,0,2,8
4,430,2,3,0,0,8
4,446,2,3,0,3,8
4,450,2,3,0,3,8
4,484,2,3,0,3,8
4,485,2,3,0,3,8
4,490,2,3,2,0,8
4,507,2,3,0,0,8
4,511,2,3,0,0,8
4,520,2,3,0,0,8
4,556,2,3,0,0,8
4,568,2,3,0,1,8
4,572,2,3,0,0,8
4,591,2,3,0,0,8
4,612,2,3,2,0,8
4,614,2,3,0,3,8
4,615,2,3,0,0,8
4,645,2,3,2,0,8
4,653,2,3,0,2,8
4,663,2,3,1,0,8
4,673,2,3,0,0,8
4,686,2,3,2,0,8
4,707,2,3,0,0,8
4,711,2,3,0,3,8
4,726,2,3,0,0,8
4,732,2,3,0,0,8
4,741,2,3,0,3,8
4,765,2,3,0,0,8
4,797,2,3,2,0,8
4,814,2,3,0,1,8
4,818,2,3,0,3,8
4,835,2,3,0,2,8
4,843,2,3,1,0,8
4,872,2,3,0,0,8
4,874,2,3,0,3,8
4,878,2,3,0,3,8
4,890,2,3,2,0,8
4,924,2,3,0,0,8
4,926,2,3,0,0,8
4,945,2,3,2,0,8
4,952,2,3,0,3,8
4,1067,2,3,2,0,8
4,1109,2,3,2,0,8
4,1114,2,3,0,0,8
4,1127,2,3,2,0,8
4,1156,2,3,0,0,8
4,1158,2,3,0,0,8
4,1167,2,3,0,0,8
4,1172,2,3,2,0,8
4,1218,2,3,0,0,8
4,1255,2,3,0,0,8
4,1265,2,3,0,3,8
4,1269,2,3,2,0,8
4,1284,2,3,0,0,8
4,1321,2,3,0,0,8
4,1335,2,3,2,0,8
4,1336,2,3,0,0,8
4,1339,2,3,2,0,8
4,1350,2,3,0,1,8
4,1362,2,3,1,0,8
4,1392,2,3,2,0,8
4,1396,2,3,0,0,8
4,1403,2,3,1,0,8
4,1414,2,3,2,0,8
4,1444,2,3,0,0,8
4,1460,2,3,0,0,8
4,1481,2,3,0,0,8
4,1533,2,3,2,0,8
4,1534,2,3,0,0,8
4,1537,2,3,0,0,8
4,1543,2,3,0,0,8
4,1565,2,3,2,0,8
4,1727,2,3,0,3,8
4,1747,2,3,0,0,8
4,1767,2,3,0,0,8
4,1773,2,3,0,0,8
4,1775,2,3,2,0,8
4,1787,2,3,2,0,8
4,1797,2,3,0,0,8
4,1842,2,3,2,0,8
4,1877,2,3,0,0,8
4,1914,2,3,2,0,8
4,1941,2,3,0,2,8
4,1955,2,3,0,0,8
4,1957,2,3,2,0,8
4,1994,2,3,2,0,8
4,2008,2,3,2,0,8
4,2028,2,3,0,0,8
4,2030,2,3,0,3,8
4,2039,2,3,0,3,8
4,2043,2,3,0,0,8
4,2066,2,3,0,0,8
4,2071,2,3,0,0,8
4,2074,2,3,0,0,8
4,2084,2,3,0,3,8
4,2090,2,3,0,0,8
4,2121,2,3,0,2,8
4,2173,2,3,0,0,8
4,2200,2,3,0,0,8
4,2227,2,3,1,0,8
4,2250,2,3,0,1,8
4,2285,2,3,0,0,8
4,2322,2,3,2,0,8
4,2330,2,3,0,1,8
4,2374,2,3,0,0,8
4,2384,2,3,0,0,8
4,2386,2,3,2,0,8
4,2399,2,3,0,0,8
4,2427,2,3,0,0,8
4,2440,2,3,0,3,8
4,1,1,1,0,1,9
4,13,1,1,1,0,9
4,47,1,1,1,0,9
4,50,1,1,0,0,9
4,78,1,1,0,1,9
4,107,1,1,0,0,9
4,109,1,1,0,1,9
4,114,1,1,0,1,9
4,139,1,1,0,0,9
4,148,1,1,0,0,9
4,153,1,1,1,0,9
4,166,1,1,0,0,9
4,175,1,1,0,0,9
4,197,1,1,1,0,9
4,203,1,1,0,1,9
4,250,1,1,0,0,9
4,265,1,1,0,0,9
4,299,1,1,0,0,9
4,341,1,1,0,1,9
4,380,1,1,0,0,9
4,391,1,1,0,1,9
4,406,1,1,0,0,9
4,428,1,1,0,1,9
4,437,1,1,1,0,9
4,440,1,1,1,0,9
4,454,1,1,1,0,9
4,461,1,1,1,0,9
4,476,1,1,1,0,9
4,477,1,1,0,0,9
4,492,1,1,0,0,9
4,545,1,1,0,1,9
4,548,1,1,0,1,9
4,553,1,1,0,1,9
4,567,1,1,0,0,9
4,626,1,1,0,1,9
4,652,1,1,1,0,9
4,693,1,1,0,1,9
4,705,1,1,0,1,9
4,706,1,1,0,1,9
4,709,1,1,0,0,9
4,725,1,1,0,1,9
4,729,1,1,1,0,9
4,733,1,1,0,0,9
4,787,1,1,1,0,9
4,791,1,1,1,0,9
4,817,1,1,0,0,9
4,831,1,1,0,0,9
4,849,1,1,1,0,9
4,858,1,1,1,0,9
4,864,1,1,0,0,9
4,898,1,1,0,0,9
4,907,1,1,0,0,9
4,938,1,1,0,1,9
4,959,1,1,0,1,9
4,962,1,1,1,0,9
4,1006,1,1,0,0,9
4,1013,1,1,1,0,9
4,1033,1,1,1,0,9
4,1049,1,1,1,0,9
4,1077,1,1,1,0,9
4,1132,1,1,0,0,9
4,1135,1,1,0,0,9
4,1153,1,1,0,0,9
4,1198,1,1,0,0,9
4,1199,1,1,0,0,9
4,1200,1,1,1,0,9
4,1232,1,1,0,1,9
4,1235,1,1,1,0,9
4,1250,1,1,0,1,9
4,1289,1,1,1,0,9
4,1297,1,1,0,1,9
4,1305,1,1,0,0,9
4,1337,1,1,0,0,9
4,1345,1,1,0,0,9
4,1357,1,1,0,0,9
4,1372,1,1,0,0,9
4,1384,1,1,0,0,9
4,1427,1,1,0,1,9
4,1437,1,1,1,0,9
4,1439,1,1,1,0,9
4,1443,1,1,1,0,9
4,1449,1,1,1,0,9
4,1469,1,1,0,1,9
4,1525,1,1,1,0,9
4,1528,1,1,0,0,9
4,1562,1,1,0,0,9
4,1566,1,1,0,0,9
4,1574,1,1,1,0,9
4,1625,1,1,0,0,9
4,1639,1,1,0,1,9
4,1644,1,1,0,1,9
4,1686,1,1,0,0,9
4,1695,1,1,1,0,9
4,1713,1,1,1,0,9
4,1717,1,1,0,0,9
4,1728,1,1,1,0,9
4,1750,1,1,0,0,9
4,1764,1,1,0,0,9
4,1802,1,1,0,1,9
4,1813,1,1,0,0,9
4,1826,1,1,0,0,9
4,1828,1,1,0,0,9
4,1850,1,1,0,1,9
4,1950,1,1,0,0,9
4,1958,1,1,0,0,9
4,1976,1,1,0,1,9
4,1978,1,1,0,1,9
4,1997,1,1,0,0,9
4,2012,1,1,1,0,9
4,2018,1,1,0,0,9
4,2051,1,1,0,0,9
4,2054,1,1,0,0,9
4,2072,1,1,0,0,9
4,2114,1,1,0,0,9
4,2116,1,1,0,0,9
4,2132,1,1,0,0,9
4,2136,1,1,0,0,9
4,2145,1,1,0,1,9
4,2156,1,1,0,0,9
4,2204,1,1,1,0,9
4,2255,1,1,0,1,9
4,2262,1,1,1,0,9
4,2263,1,1,0,0,9
4,2264,1,1,0,0,9
4,2265,1,1,0,0,9
4,2266,1,1,0,1,9
4,2275,1,1,0,1,9
4,2278,1,1,0,0,9
4,2311,1,1,1,0,9
4,2331,1,1,0,1,9
4,2360,1,1,0,1,9
4,2383,1,1,0,0,9
4,2398,1,1,1,0,9
4,2400,1,1,0,1,9
4,2407,1,1,0,0,9
4,2422,1,1,0,0,9
4,2444,1,1,0,0,9
4,2460,1,1,0,0,9
4,27,1,1,0,0,10
4,36,1,1,0,0,10
4,40,1,1,0,1,10
4,42,1,1,0,1,10
4,51,1,1,0,0,10
4,89,1,1,0,0,10
4,93,1,1,0,0,10
4,94,1,1,0,1,10
4,133,1,1,0,0,10
4,145,1,1,1,0,10
4,157,1,1,1,0,10
4,162,1,1,1,0,10
4,165,1,1,0,0,10
4,178,1,1,1,0,10
4,181,1,1,0,0,10
4,209,1,1,1,0,10
4,220,1,1,0,0,10
4,234,1,1,1,0,10
4,237,1,1,0,1,10
4,261,1,1,0,0,10
4,273,1,1,0,0,10
4,297,1,1,0,0,10
4,305,1,1,1,0,10
4,323,1,1,1,0,10
4,335,1,1,0,1,10
4,348,1,1,1,0,10
4,370,1,1,0,1,10
4,388,1,1,0,1,10
4,396,1,1,0,0,10
4,405,1,1,0,0,10
4,418,1,1,0,0,10
4,429,1,1,0,0,10
4,447,1,1,1,0,10
4,459,1,1,0,1,10
4,497,1,1,0,1,10
4,518,1,1,1,0,10
4,521,1,1,0,0,10
4,522,1,1,0,1,10
4,544,1,1,0,1,10
4,604,1,1,0,1,10
4,616,1,1,0,1,10
4,640,1,1,0,1,10
4,643,1,1,1,0,10
4,659,1,1,0,0,10
4,660,1,1,1,0,10
4,672,1,1,1,0,10
4,689,1,1,0,1,10
4,690,1,1,0,1,10
4,691,1,1,1,0,10
4,692,1,1,0,1,10
4,713,1,1,1,0,10
4,748,1,1,0,0,10
4,766,1,1,0,1,10
4,775,1,1,0,1,10
4,908,1,1,0,1,10
4,936,1,1,0,0,10
4,950,1,1,0,0,10
4,976,1,1,0,0,10
4,998,1,1,0,0,10
4,1024,1,1,0,1,10
4,1025,1,1,0,0,10
4,1030,1,1,1,0,10
4,1041,1,1,1,0,10
4,1080,1,1,1,0,10
4,1081,1,1,1,0,10
4,1101,1,1,0,0,10
4,1110,1,1,0,1,10
4,1128,1,1,0,0,10
4,1130,1,1,1,0,10
4,1160,1,1,0,0,10
4,1174,1,1,0,1,10
4,1177,1,1,1,0,10
4,1186,1,1,1,0,10
4,1193,1,1,0,0,10
4,1237,1,1,1,0,10
4,1240,1,1,0,0,10
4,1242,1,1,1,0,10
4,1270,1,1,0,0,10
4,1275,1,1,0,1,10
4,1286,1,1,0,0,10
4,1296,1,1,0,0,10
4,1333,1,1,0,1,10
4,1359,1,1,1,0,10
4,1360,1,1,0,1,10
4,1361,1,1,0,1,10
4,1363,1,1,0,0,10
4,1364,1,1,0,0,10
4,1387,1,1,1,0,10
4,1389,1,1,0,1,10
4,1405,1,1,0,1,10
4,1455,1,1,1,0,10
4,1477,1,1,0,0,10
4,1483,1,1,1,0,10
4,1497,1,1,0,1,10
4,1506,1,1,0,0,10
4,1512,1,1,1,0,10
4,1541,1,1,0,0,10
4,1567,1,1,1,0,10
4,1598,1,1,0,0,10
4,1613,1,1,0,1,10
4,1623,1,1,0,1,10
4,1672,1,1,0,1,10
4,1699,1,1,0,0,10
4,1706,1,1,0,0,10
4,1776,1,1,1,0,10
4,1789,1,1,0,0,10
4,1803,1,1,0,1,10
4,1804,1,1,0,1,10
4,1805,1,1,0,0,10
4,1849,1,1,0,0,10
4,1863,1,1,0,0,10
4,1872,1,1,1,0,10
4,1892,1,1,0,1,10
4,1898,1,1,0,1,10
4,1907,1,1,1,0,10
4,1928,1,1,0,1,10
4,1937,1,1,0,1,10
4,1945,1,1,0,0,10
4,1948,1,1,0,1,10
4,1971,1,1,1,0,10
4,2016,1,1,0,0,10
4,2032,1,1,0,0,10
4,2047,1,1,0,0,10
4,2085,1,1,0,1,10
4,2150,1,1,1,0,10
4,2167,1,1,0,0,10
4,2177,1,1,1,0,10
4,2197,1,1,0,1,10
4,2201,1,1,1,0,10
4,2228,1,1,0,0,10
4,2232,1,1,1,0,10
4,2239,1,1,0,0,10
4,2292,1,1,0,0,10
4,2296,1,1,0,0,10
4,2326,1,1,0,0,10
4,2364,1,1,0,0,10
4,2366,1,1,0,1,10
4,2385,1,1,0,1,10
4,2406,1,1,0,1,10
4,2415,1,1,1,0,10
4,2426,1,1,1,0,10
4,2450,1,1,1,0,10
4,2475,1,1,0,0,10
4,2499,1,1,0,1,10
4,0,1,1,0,1,11
4,3,1,1,0,0,11
4,4,1,1,0,0,11
4,15,1,1,0,0,11
4,20,1,1,0,1,11
4,30,1,1,0,1,11
4,43,1,1,0,0,11
4,46,1,1,0,1,11
4,120,1,1,0,0,11
4,150,1,1,0,1,11
4,151,1,1,0,0,11
4,155,1,1,1,0,11
4,168,1,1,0,1,11
4,195,1,1,1,0,11
4,213,1,1,0,1,11
4,247,1,1,1,0,11
4,256,1,1,0,1,11
4,289,1,1,0,1,11
4,296,1,1,0,0,11
4,301,1,1,0,1,11
4,311,1,1,0,1,11
4,331,1,1,0,0,11
4,353,1,1,1,0,11
4,355,1,1,0,0,11
4,402,1,1,0,1,11
4,414,1,1,0,1,11
4,463,1,1,0,1,11
4,550,1,1,0,1,11
4,554,1,1,0,1,11
4,557,1,1,0,0,11
4,559,1,1,0,1,11
4,571,1,1,0,1,11
4,583,1,1,0,0,11
4,586,1,1,1,0,11
4,592,1,1,1,0,11
4,594,1,1,0,0,11
4,634,1,1,1,0,11
4,639,1,1,0,0,11
4,651,1,1,0,0,11
4,679,1,1,0,1,11
4,710,1,1,0,0,11
4,728,1,1,0,0,11
4,753,1,1,0,0,11
4,774,1,1,1,0,11
4,795,1,1,0,1,11
4,828,1,1,1,0,11
4,833,1,1,0,0,11
4,863,1,1,0,0,11
4,886,1,1,0,1,11
4,887,1,1,1,0,11
4,891,1,1,1,0,11
4,905,1,1,0,0,11
4,932,1,1,1,0,11
4,933,1,1,1,0,11
4,944,1,1,0,1,11
4,946,1,1,0,0,11
4,955,1,1,0,0,11
4,966,1,1,0,1,11
4,978,1,1,0,0,11
4,1000,1,1,0,1,11
4,1009,1,1,0,0,11
4,1037,1,1,1,0,11
4,1075,1,1,0,0,11
4,1091,1,1,0,1,11
4,1096,1,1,1,0,11
4,1103,1,1,1,0,11
4,1107,1,1,0,1,11
4,1119,1,1,0,1,11
4,1148,1,1,0,0,11
4,1154,1,1,0,0,11
4,1166,1,1,1,0,11
4,1180,1,1,0,0,11
4,1185,1,1,0,0,11
4,1230,1,1,0,0,11
4,1238,1,1,0,0,11
4,1245,1,1,1,0,11
4,1248,1,1,0,0,11
4,1252,1,1,0,0,11
4,1259,1,1,0,0,11
4,1272,1,1,0,0,11
4,1298,1,1,0,0,11
4,1300,1,1,0,0,11
4,1326,1,1,1,0,11
4,1329,1,1,0,1,11
4,1386,1,1,0,0,11
4,1395,1,1,0,0,11
4,1407,1,1,0,0,11
4,1411,1,1,0,1,11
4,1419,1,1,1,0,11
4,1487,1,1,0,0,11
4,1496,1,1,1,0,11
4,1499,1,1,0,1,11
4,1527,1,1,0,1,11
4,1572,1,1,1,0,11
4,1592,1,1,1,0,11
4,1620,1,1,0,1,11
4,1643,1,1,0,0,11
4,1645,1,1,0,0,11
4,1682,1,1,0,0,11
4,1689,1,1,1,0,11
4,1702,1,1,0,1,11
4,1708,1,1,0,0,11
4,1716,1,1,0,1,11
4,1724,1,1,0,0,11
4,1735,1,1,1,0,11
4,1738,1,1,1,0,11
4,1746,1,1,0,0,11
4,1774,1,1,1,0,11
4,1793,1,1,1,0,11
4,1795,1,1,0,1,11
4,1796,1,1,1,0,11
4,1811,1,1,0,0,11
4,1832,1,1,0,1,11
4,1851,1,1,1,0,11
4,1876,1,1,0,0,11
4,1894,1,1,0,0,11
4,1900,1,1,0,0,11
4,1908,1,1,0,0,11
4,1912,1,1,0,1,11
4,1915,1,1,1,0,11
4,1916,1,1,0,0,11
4,1917,1,1,1,0,11
4,1924,1,1,0,1,11
4,1929,1,1,0,0,11
4,1967,1,1,0,0,11
4,1973,1,1,0,1,11
4,1995,1,1,0,1,11
4,1996,1,1,1,0,11
4,1998,1,1,0,0,11
4,2011,1,1,0,0,11
4,2024,1,1,0,1,11
4,2029,1,1,0,0,11
4,2035,1,1,0,0,11
4,2082,1,1,0,0,11
4,2123,1,1,1,0,11
4,2125,1,1,0,0,11
4,2159,1,1,0,0,11
4,2162,1,1,0,1,11
4,2164,1,1,1,0,11
4,2168,1,1,1,0,11
4,2169,1,1,1,0,11
4,2212,1,1,0,0,11
4,2219,1,1,0,0,11
4,2240,1,1,1,0,11
4,2259,1,1,0,1,11
4,2293,1,1,0,1,11
4,2303,1,1,1,0,11
4,2338,1,1,0,0,11
4,2347,1,1,0,0,11
4,2352,1,1,0,1,11
4,2355,1,1,0,0,11
4,2362,1,1,0,0,11
4,2389,1,1,0,1,11
4,2430,1,1,0,0,11
4,2433,1,1,0,0,11
4,2445,1,1,1,0,11
4,2452,1,1,1,0,11
4,2477,1,1,1,0,11
4,2480,1,1,0,0,11
4,2496,1,1,1,0,11
4,21,1,3,0,3,12
4,28,1,3,1,0,12
4,59,1,3,0,3,12
4,60,1,3,1,0,12
4,66,1,3,0,0,12
4,96,1,3,0,0,12
4,99,1,3,0,3,12
4,104,1,3,1,0,12
4,116,1,3,0,3,12
4,119,1,3,1,0,12
4,125,1,3,0,1,12
4,130,1,3,0,3,12
4,140,1,3,0,0,12
4,149,1,3,0,0,12
4,159,1,3,1,0,12
4,179,1,3,0,0,12
4,184,1,3,0,1,12
4,241,1,3,1,0,12
4,308,1,3,0,0,12
4,314,1,3,0,0,12
4,336,1,3,0,0,12
4,337,1,3,0,0,12
4,343,1,3,1,0,12
4,347,1,3,0,0,12
4,350,1,3,0,0,12
4,386,1,3,0,0,12
4,389,1,3,0,0,12
4,395,1,3,1,0,12
4,403,1,3,1,0,12
4,404,1,3,0,0,12
4,435,1,3,0,0,12
4,442,1,3,0,0,12
4,443,1,3,0,0,12
4,451,1,3,0,0,12
4,478,1,3,0,0,12
4,495,1,3,0,3,12
4,500,1,3,1,0,12
4,538,1,3,0,0,12
4,560,1,3,0,1,12
4,574,1,3,0,0,12
4,624,1,3,0,0,12
4,649,1,3,0,0,12
4,742,1,3,0,1,12
4,745,1,3,0,0,12
4,754,1,3,0,1,12
4,764,1,3,0,0,12
4,772,1,3,0,0,12
4,785,1,3,1,0,12
4,788,1,3,0,0,12
4,808,1,3,1,0,12
4,812,1,3,0,0,12
4,836,1,3,1,0,12
4,852,1,3,1,0,12
4,868,1,3,1,0,12
4,925,1,3,0,3,12
4,939,1,3,1,0,12
4,942,1,3,0,0,12
4,948,1,3,0,1,12
4,967,1,3,0,0,12
4,974,1,3,0,0,12
4,988,1,3,0,0,12
4,1022,1,3,0,0,12
4,1104,1,3,1,0,12
4,1118,1,3,0,0,12
4,1146,1,3,1,0,12
4,1152,1,3,0,3,12
4,1169,1,3,1,0,12
4,1179,1,3,0,3,12
4,1194,1,3,1,0,12
4,1209,1,3,0,3,12
4,1217,1,3,0,0,12
4,1223,1,3,0,0,12
4,1228,1,3,1,0,12
4,1247,1,3,0,0,12
4,1266,1,3,0,3,12
4,1268,1,3,0,0,12
4,1279,1,3,0,0,12
4,1285,1,3,0,0,12
4,1290,1,3,0,0,12
4,1310,1,3,0,1,12
4,1311,1,3,0,0,12
4,1322,1,3,0,0,12
4,1346,1,3,0,0,12
4,1354,1,3,0,0,12
4,1373,1,3,0,1,12
4,1378,1,3,1,0,12
4,1379,1,3,0,0,12
4,1382,1,3,0,3,12
4,1409,1,3,0,0,12
4,1423,1,3,0,0,12
4,1464,1,3,0,0,12
4,1500,1,3,0,0,12
4,1519,1,3,0,1,12
4,1540,1,3,0,1,12
4,1545,1,3,0,3,12
4,1552,1,3,0,3,12
4,1555,1,3,1,0,12
4,1563,1,3,1,0,12
4,1583,1,3,0,3,12
4,1611,1,3,0,0,12
4,1627,1,3,0,0,12
4,1631,1,3,0,0,12
4,1649,1,3,1,0,12
4,1656,1,3,0,0,12
4,1660,1,3,0,0,12
4,1739,1,3,1,0,12
4,1754,1,3,0,0,12
4,1757,1,3,1,0,12
4,1772,1,3,1,0,12
4,1784,1,3,0,0,12
4,1816,1,3,0,0,12
4,1838,1,3,0,1,12
4,1839,1,3,1,0,12
4,1868,1,3,0,0,12
4,1879,1,3,0,1,12
4,1889,1,3,0,0,12
4,1909,1,3,0,0,12
4,1921,1,3,0,0,12
4,1927,1,3,0,0,12
4,1940,1,3,0,1,12
4,1942,1,3,0,0,12
4,1946,1,3,1,0,12
4,1954,1,3,0,0,12
4,1959,1,3,0,0,12
4,1964,1,3,1,0,12
4,1982,1,3,0,0,12
4,1983,1,3,0,0,12
4,2001,1,3,0,1,12
4,2003,1,3,0,0,12
4,2015,1,3,0,1,12
4,2026,1,3,0,0,12
4,2057,1,3,1,0,12
4,2081,1,3,0,0,12
4,2106,1,3,1,0,12
4,2119,1,3,1,0,12
4,2120,1,3,0,1,12
4,2139,1,3,0,0,12
4,2153,1,3,1,0,12
4,2157,1,3,1,0,12
4,2160,1,3,0,3,12
4,2183,1,3,0,0,12
4,2185,1,3,0,3,12
4,2237,1,3,1,0,12
4,2273,1,3,0,0,12
4,2334,1,3,0,0,12
4,2372,1,3,0,3,12
4,2381,1,3,0,3,12
4,2392,1,3,1,0,12
4,2401,1,3,0,0,12
4,2447,1,3,0,1,12
4,2454,1,3,1,0,12
4,2458,1,3,1,0,12
4,2482,1,3,1,0,12
4,2489,1,3,0,0,12
4,5,1,1,0,0,13
4,8,1,1,0,1,13
4,12,1,1,0,0,13
4,16,1,1,0,0,13
4,19,1,1,0,0,13
4,24,1,1,0,0,13
4,26,1,1,0,1,13
4,33,1,1,0,0,13
4,39,1,1,0,1,13
4,44,1,1,1,0,13
4,45,1,1,0,0,13
4,56,1,1,0,1,13
4,57,1,1,0,0,13
4,63,1,1,0,1,13
4,72,1,1,0,1,13
4,83,1,1,1,0,13
4,87,1,1,0,0,13
4,112,1,1,0,1,13
4,118,1,1,0,0,13
4,123,1,1,0,0,13
4,126,1,1,0,0,13
4,127,1,1,1,0,13
4,129,1,1,0,1,13
4,144,1,1,0,0,13
4,147,1,1,0,0,13
4,152,1,1,0,0,13
4,170,1,1,1,0,13
4,189,1,1,0,1,13
4,196,1,1,0,1,13
4,202,1,1,1,0,13
4,217,1,1,0,0,13
4,225,1,1,0,1,13
4,236,1,1,0,1,13
4,248,1,1,1,0,13
4,253,1,1,0,0,13
4,257,1,1,0,1,13
4,259,1,1,1,0,13
4,260,1,1,0,1,13
4,266,1,1,0,1,13
4,276,1,1,0,1,13
4,279,1,1,0,0,13
4,280,1,1,0,0,13
4,282,1,1,0,0,13
4,285,1,1,1,0,13
4,307,1,1,1,0,13
4,309,1,1,0,0,13
4,316,1,1,0,1,13
4,319,1,1,1,0,13
4,320,1,1,1,0,13
4,322,1,1,0,1,13
4,326,1,1,0,0,13
4,339,1,1,0,1,13
4,344,1,1,0,0,13
4,345,1,1,0,1,13
4,356,1,1,0,1,13
4,357,1,1,0,0,13
4,360,1,1,0,1,13
4,368,1,1,0,1,13
4,373,1,1,0,1,13
4,374,1,1,1,0,13
4,376,1,1,0,0,13
4,382,1,1,0,1,13
4,397,1,1,0,0,13
4,399,1,1,1,0,13
4,400,1,1,0,0,13
4,409,1,1,0,0,13
4,421,1,1,0,0,13
4,427,1,1,1,0,13
4,433,1,1,0,1,13
4,462,1,1,1,0,13
4,467,1,1,0,0,13
4,474,1,1,0,1,13
4,493,1,1,1,0,13
4,498,1,1,1,0,13
4,499,1,1,0,0,13
4,505,1,1,0,1,13
4,506,1,1,1,0,13
4,516,1,1,0,1,13
4,530,1,1,1,0,13
4,531,1,1,1,0,13
4,533,1,1,0,0,13
4,541,1,1,0,0,13
4,543,1,1,0,0,13
4,566,1,1,1,0,13
4,573,1,1,0,0,13
4,581,1,1,0,0,13
4,584,1,1,1,0,13
4,596,1,1,0,0,13
4,600,1,1,1,0,13
4,603,1,1,0,0,13
4,605,1,1,1,0,13
4,608,1,1,0,0,13
4,610,1,1,0,0,13
4,619,1,1,0,0,13
4,621,1,1,0,1,13
4,622,1,1,0,0,13
4,631,1,1,0,0,13
4,632,1,1,0,1,13
4,636,1,1,0,0,13
4,641,1,1,1,0,13
4,655,1,1,0,0,13
4,665,1,1,0,1,13
4,667,1,1,0,0,13
4,668,1,1,0,1,13
4,671,1,1,0,1,13
4,674,1,1,0,0,13
4,677,1,1,0,1,13
4,683,1,1,0,0,13
4,688,1,1,0,0,13
4,694,1,1,0,1,13
4,699,1,1,1,0,13
4,702,1,1,1,0,13
4,704,1,1,1,0,13
4,708,1,1,1,0,13
4,719,1,1,0,0,13
4,723,1,1,0,0,13
4,727,1,1,1,0,13
4,743,1,1,0,0,13
4,744,1,1,0,1,13
4,746,1,1,0,0,13
4,749,1,1,0,0,13
4,757,1,1,0,0,13
4,760,1,1,0,1,13
4,773,1,1,0,1,13
4,777,1,1,0,1,13
4,779,1,1,0,0,13
4,786,1,1,0,1,13
4,811,1,1,0,0,13
4,813,1,1,1,0,13
4,822,1,1,0,0,13
4,827,1,1,0,1,13
4,830,1,1,0,0,13
4,832,1,1,0,0,13
4,837,1,1,1,0,13
4,841,1,1,1,0,13
4,846,1,1,1,0,13
4,856,1,1,0,0,13
4,859,1,1,0,0,13
4,860,1,1,0,0,13
4,880,1,1,1,0,13
4,881,1,1,1,0,13
4,883,1,1,1,0,13
4,885,1,1,0,1,13
4,888,1,1,0,0,13
4,897,1,1,0,1,13
4,904,1,1,0,0,13
4,914,1,1,0,0,13
4,916,1,1,0,1,13
4,920,1,1,0,1,13
4,921,1,1,0,0,13
4,931,1,1,0,0,13
4,934,1,1,0,0,13
4,935,1,1,0,0,13
4,937,1,1,1,0,13
4,949,1,1,0,0,13
4,951,1,1,0,0,13
4,957,1,1,0,1,13
4,960,1,1,1,0,13
4,964,1,1,0,1,13
4,965,1,1,0,1,13
4,979,1,1,0,0,13
4,981,1,1,0,1,13
4,985,1,1,0,1,13
4,994,1,1,0,0,13
4,997,1,1,0,1,13
4,1011,1,1,0,1,13
4,1017,1,1,1,0,13
4,1018,1,1,0,1,13
4,1020,1,1,0,1,13
4,1031,1,1,0,0,13
4,1032,1,1,0,0,13
4,1034,1,1,0,0,13
4,1043,1,1,0,1,13
4,1045,1,1,0,0,13
4,1051,1,1,0,0,13
4,1053,1,1,0,1,13
4,1056,1,1,0,1,13
4,1072,1,1,0,1,13
4,1073,1,1,0,0,13
4,1074,1,1,0,0,13
4,1082,1,1,0,0,13
4,1087,1,1,0,0,13
4,1098,1,1,0,1,13
4,1099,1,1,0,1,13
4,1108,1,1,0,0,13
4,1111,1,1,1,0,13
4,1117,1,1,0,0,13
4,1120,1,1,0,0,13
4,1121,1,1,1,0,13
4,1126,1,1,0,0,13
4,1131,1,1,0,0,13
4,1138,1,1,1,0,13
4,1141,1,1,0,1,13
4,1155,1,1,0,1,13
4,1165,1,1,1,0,13
4,1189,1,1,0,0,13
4,1191,1,1,0,1,13
4,1192,1,1,0,1,13
4,1201,1,1,0,1,13
4,1211,1,1,0,0,13
4,1221,1,1,0,0,13
4,1227,1,1,0,1,13
4,1236,1,1,0,0,13
4,1249,1,1,0,1,13
4,1253,1,1,0,0,13
4,1267,1,1,0,0,13
4,1273,1,1,0,0,13
4,1276,1,1,1,0,13
4,1277,1,1,0,1,13
4,1280,1,1,1,0,13
4,1291,1,1,1,0,13
4,1303,1,1,1,0,13
4,1308,1,1,0,0,13
4,1309,1,1,0,1,13
4,1313,1,1,1,0,13
4,1316,1,1,0,1,13
4,1330,1,1,0,1,13
4,1334,1,1,0,0,13
4,1338,1,1,0,1,13
4,1340,1,1,0,0,13
4,1342,1,1,1,0,13
4,1343,1,1,1,0,13
4,1347,1,1,0,0,13
4,1353,1,1,1,0,13
4,1365,1,1,0,1,13
4,1377,1,1,0,0,13
4,1385,1,1,1,0,13
4,1388,1,1,0,1,13
4,1399,1,1,0,0,13
4,1406,1,1,0,0,13
4,1412,1,1,0,0,13
4,1416,1,1,0,1,13
4,1420,1,1,0,1,13
4,1430,1,1,0,1,13
4,1432,1,1,0,0,13
4,1441,1,1,0,0,13
4,1445,1,1,0,0,13
4,1453,1,1,0,1,13
4,1459,1,1,0,0,13
4,1467,1,1,0,0,13
4,1468,1,1,0,0,13
4,1473,1,1,0,1,13
4,1474,1,1,0,0,13
4,1480,1,1,0,0,13
4,1485,1,1,1,0,13
4,1490,1,1,0,0,13
4,1513,1,1,0,0,13
4,1516,1,1,0,0,13
4,1531,1,1,0,1,13
4,1539,1,1,0,1,13
4,1548,1,1,1,0,13
4,1549,1,1,0,0,13
4,1554,1,1,1,0,13
4,1556,1,1,0,1,13
4,1557,1,1,0,1,13
4,1561,1,1,1,0,13
4,1584,1,1,0,1,13
4,1585,1,1,0,1,13
4,1594,1,1,0,0,13
4,1599,1,1,1,0,13
4,1604,1,1,0,0,13
4,1605,1,1,0,1,13
4,1607,1,1,0,0,13
4,1610,1,1,0,0,13
4,1618,1,1,1,0,13
4,1619,1,1,0,0,13
4,1622,1,1,0,0,13
4,1632,1,1,0,0,13
4,1666,1,1,0,0,13
4,1668,1,1,1,0,13
4,1674,1,1,1,0,13
4,1676,1,1,0,0,13
4,1687,1,1,1,0,13
4,1688,1,1,1,0,13
4,1690,1,1,1,0,13
4,1693,1,1,0,1,13
4,1701,1,1,1,0,13
4,1707,1,1,0,0,13
4,1718,1,1,0,0,13
4,1720,1,1,0,0,13
4,1726,1,1,0,0,13
4,1740,1,1,1,0,13
4,1756,1,1,0,0,13
4,1760,1,1,1,0,13
4,1779,1,1,1,0,13
4,1780,1,1,0,1,13
4,1783,1,1,0,0,13
4,1792,1,1,1,0,13
4,1808,1,1,1,0,13
4,1823,1,1,0,0,13
4,1837,1,1,0,1,13
4,1845,1,1,0,0,13
4,1852,1,1,0,0,13
4,1855,1,1,0,0,13
4,1860,1,1,0,0,13
4,1867,1,1,0,0,13
4,1874,1,1,0,0,13
4,1887,1,1,0,0,13
4,1888,1,1,0,0,13
4,1902,1,1,0,1,13
4,1904,1,1,0,0,13
4,1920,1,1,0,0,13
4,1926,1,1,1,0,13
4,1931,1,1,1,0,13
4,1933,1,1,0,1,13
4,1935,1,1,1,0,13
4,1962,1,1,0,0,13
4,1970,1,1,1,0,13
4,1979,1,1,1,0,13
4,1990,1,1,1,0,13
4,1993,1,1,0,0,13
4,2000,1,1,0,1,13
4,2007,1,1,0,1,13
4,2010,1,1,0,0,13
4,2019,1,1,0,0,13
4,2025,1,1,0,0,13
4,2031,1,1,0,1,13
4,2046,1,1,0,0,13
4,2050,1,1,0,1,13
4,2058,1,1,0,0,13
4,2080,1,1,0,1,13
4,2087,1,1,0,0,13
4,2089,1,1,0,0,13
4,2092,1,1,0,0,13
4,2093,1,1,0,1,13
4,2105,1,1,0,0,13
4,2107,1,1,0,0,13
4,2112,1,1,0,0,13
4,2117,1,1,1,0,13
4,2128,1,1,0,1,13
4,2138,1,1,0,1,13
4,2140,1,1,0,1,13
4,2142,1,1,0,0,13
4,2149,1,1,0,0,13
4,2166,1,1,1,0,13
4,2194,1,1,0,0,13
4,2209,1,1,0,1,13
4,2210,1,1,1,0,13
4,2213,1,1,0,1,13
4,2218,1,1,0,1,13
4,2221,1,1,0,1,13
4,2224,1,1,0,0,13
4,2245,1,1,1,0,13
4,2246,1,1,0,0,13
4,2249,1,1,0,0,13
4,2252,1,1,1,0,13
4,2253,1,1,0,0,13
4,2271,1,1,0,0,13
4,2286,1,1,1,0,13
4,2302,1,1,0,1,13
4,2306,1,1,0,0,13
4,2309,1,1,1,0,13
4,2314,1,1,0,1,13
4,2317,1,1,0,1,13
4,2318,1,1,0,0,13
4,2324,1,1,0,0,13
4,2328,1,1,0,1,13
4,2337,1,1,0,0,13
4,2340,1,1,0,1,13
4,2349,1,1,1,0,13
4,2351,1,1,0,1,13
4,2357,1,1,0,0,13
4,2365,1,1,0,1,13
4,2377,1,1,1,0,13
4,2387,1,1,0,1,13
4,2393,1,1,1,0,13
4,2403,1,1,0,1,13
4,2411,1,1,0,0,13
4,2413,1,1,1,0,13
4,2417,1,1,0,1,13
4,2418,1,1,0,1,13
4,2419,1,1,0,1,13
4,2423,1,1,0,0,13
4,2424,1,1,0,0,13
4,2425,1,1,0,0,13
4,2431,1,1,0,1,13
4,2434,1,1,0,0,13
4,2438,1,1,0,1,13
4,2443,1,1,1,0,13
4,2462,1,1,0,1,13
4,2465,1,1,0,0,13
4,2479,1,1,0,1,13
4,2483,1,1,0,0,13
4,2485,1,1,1,0,13
4,2486,1,1,0,0,13
4,2492,1,1,0,0,13
4,2494,1,1,0,0,13
4,37,1,3,0,3,14
4,64,1,3,1,0,14
4,68,1,3,1,0,14
4,70,1,3,0,1,14
4,71,1,3,1,0,14
4,75,1,3,1,0,14
4,79,1,3,1,0,14
4,90,1,3,1,0,14
4,91,1,3,0,0,14
4,173,1,3,0,1,14
4,183,1,3,1,0,14
4,191,1,3,1,0,14
4,200,1,3,1,0,14
4,201,1,3,0,0,14
4,215,1,3,0,0,14
4,218,1,3,0,1,14
4,219,1,3,1,0,14
4,229,1,3,0,1,14
4,242,1,3,1,0,14
4,245,1,3,0,3,14
4,252,1,3,0,3,14
4,263,1,3,0,0,14
4,290,1,3,0,0,14
4,291,1,3,0,0,14
4,300,1,3,0,1,14
4,302,1,3,0,0,14
4,304,1,3,0,3,14
4,310,1,3,0,0,14
4,325,1,3,0,0,14
4,334,1,3,0,0,14
4,366,1,3,1,0,14
4,383,1,3,0,0,14
4,387,1,3,1,0,14
4,431,1,3,0,1,14
4,438,1,3,0,3,14
4,455,1,3,0,3,14
4,457,1,3,0,0,14
4,486,1,3,0,1,14
4,489,1,3,0,1,14
4,510,1,3,0,1,14
4,513,1,3,1,0,14
4,523,1,3,0,0,14
4,539,1,3,0,3,14
4,555,1,3,0,0,14
4,558,1,3,0,3,14
4,561,1,3,0,1,14
4,580,1,3,0,0,14
4,609,1,3,0,3,14
4,623,1,3,1,0,14
4,625,1,3,0,0,14
4,633,1,3,0,1,14
4,642,1,3,0,0,14
4,658,1,3,0,0,14
4,687,1,3,0,0,14
4,724,1,3,0,0,14
4,731,1,3,0,0,14
4,740,1,3,0,0,14
4,758,1,3,0,0,14
4,770,1,3,1,0,14
4,809,1,3,0,1,14
4,821,1,3,1,0,14
4,834,1,3,0,0,14
4,839,1,3,0,0,14
4,870,1,3,1,0,14
4,896,1,3,0,0,14
4,912,1,3,1,0,14
4,927,1,3,0,3,14
4,972,1,3,1,0,14
4,975,1,3,1,0,14
4,982,1,3,0,0,14
4,989,1,3,0,0,14
4,1007,1,3,1,0,14
4,1008,1,3,1,0,14
4,1012,1,3,0,3,14
4,1023,1,3,1,0,14
4,1026,1,3,0,3,14
4,1036,1,3,0,0,14
4,1044,1,3,1,0,14
4,1048,1,3,1,0,14
4,1052,1,3,0,0,14
4,1062,1,3,0,0,14
4,1066,1,3,0,0,14
4,1069,1,3,1,0,14
4,1071,1,3,0,1,14
4,1076,1,3,0,0,14
4,1092,1,3,0,0,14
4,1139,1,3,0,1,14
4,1142,1,3,0,3,14
4,1144,1,3,0,1,14
4,1147,1,3,0,0,14
4,1161,1,3,0,1,14
4,1178,1,3,0,0,14
4,1190,1,3,0,0,14
4,1208,1,3,0,3,14
4,1222,1,3,1,0,14
4,1226,1,3,0,0,14
4,1251,1,3,1,0,14
4,1278,1,3,0,1,14
4,1281,1,3,1,0,14
4,1283,1,3,1,0,14
4,1301,1,3,0,0,14
4,1302,1,3,0,0,14
4,1304,1,3,0,1,14
4,1318,1,3,0,0,14
4,1323,1,3,1,0,14
4,1327,1,3,0,0,14
4,1348,1,3,0,0,14
4,1349,1,3,1,0,14
4,1401,1,3,1,0,14
4,1404,1,3,0,0,14
4,1418,1,3,1,0,14
4,1431,1,3,1,0,14
4,1438,1,3,0,3,14
4,1462,1,3,0,3,14
4,1471,1,3,0,3,14
4,1493,1,3,1,0,14
4,1502,1,3,0,0,14
4,1507,1,3,0,1,14
4,1508,1,3,0,1,14
4,1522,1,3,0,3,14
4,1581,1,3,1,0,14
4,1588,1,3,0,1,14
4,1597,1,3,0,0,14
4,1608,1,3,1,0,14
4,1624,1,3,0,1,14
4,1641,1,3,0,1,14
4,1647,1,3,0,0,14
4,1653,1,3,1,0,14
4,1662,1,3,1,0,14
4,1677,1,3,0,0,14
4,1678,1,3,1,0,14
4,1683,1,3,0,0,14
4,1710,1,3,1,0,14
4,1719,1,3,0,0,14
4,1722,1,3,0,0,14
4,1751,1,3,0,3,14
4,1753,1,3,0,0,14
4,1778,1,3,0,0,14
4,1786,1,3,0,0,14
4,1799,1,3,0,3,14
4,1806,1,3,1,0,14
4,1815,1,3,1,0,14
4,1824,1,3,0,3,14
4,1830,1,3,0,1,14
4,1834,1,3,1,0,14
4,1841,1,3,1,0,14
4,1844,1,3,0,0,14
4,1858,1,3,0,1,14
4,1878,1,3,0,0,14
4,1918,1,3,0,0,14
4,1922,1,3,1,0,14
4,1925,1,3,1,0,14
4,1961,1,3,0,1,14
4,1966,1,3,0,1,14
4,1981,1,3,1,0,14
4,1991,1,3,0,3,14
4,2009,1,3,0,0,14
4,2020,1,3,0,0,14
4,2049,1,3,1,0,14
4,2060,1,3,0,0,14
4,2061,1,3,0,1,14
4,2064,1,3,1,0,14
4,2075,1,3,0,0,14
4,2083,1,3,0,1,14
4,2102,1,3,0,0,14
4,2133,1,3,0,0,14
4,2137,1,3,0,0,14
4,2161,1,3,0,3,14
4,2181,1,3,0,1,14
4,2182,1,3,0,0,14
4,2187,1,3,0,0,14
4,2206,1,3,0,0,14
4,2222,1,3,0,3,14
4,2230,1,3,0,0,14
4,2231,1,3,0,0,14
4,2233,1,3,0,0,14
4,2242,1,3,1,0,14
4,2248,1,3,0,0,14
4,2272,1,3,1,0,14
4,2277,1,3,0,0,14
4,2289,1,3,0,0,14
4,2300,1,3,0,3,14
4,2310,1,3,0,3,14
4,2319,1,3,1,0,14
4,2323,1,3,1,0,14
4,2333,1,3,0,0,14
4,2342,1,3,0,3,14
4,2354,1,3,1,0,14
4,2371,1,3,1,0,14
4,2439,1,3,0,3,14
4,2449,1,3,0,1,14
4,2471,1,3,1,0,14
4,2476,1,3,0,3,14
4,2497,1,3,1,0,14
6,2,3,0,0,0,0
6,25,3,0,0,0,0
6,31,3,0,0,0,0
6,34,3,0,0,0,0
6,53,3,0,0,0,0
6,58,3,0,0,0,0
6,67,3,0,0,0,0
6,73,3,0,2,0,0
6,74,3,0,0,0,0
6,80,3,0,0,0,0
6,88,3,0,0,0,0
6,92,3,0,2,0,0
6,98,3,0,0,0,0
6,105,3,0,2,0,0
6,106,3,0,0,0,0
6,142,3,0,0,0,0
6,154,3,0,0,0,0
6,156,3,0,0,0,0
6,160,3,0,0,0,0
6,187,3,0,0,0,0
6,199,3,0,2,0,0
6,212,3,0,0,0,0
6,224,3,0,0,0,0
6,249,3,0,2,0,0
6,277,3,0,2,0,0
6,298,3,0,2,0,0
6,324,3,0,0,0,0
6,328,3,0,0,0,0
6,363,3,0,0,0,0
6,375,3,0,0,0,0
6,410,3,0,0,0,0
6,411,3,0,0,0,0
6,413,3,0,0,0,0
6,416,3,0,0,0,0
6,434,3,0,0,0,0
6,444,3,0,0,0,0
6,458,3,0,0,0,0
6,460,3,0,0,0,0
6,502,3,0,0,0,0
6,503,3,0,0,0,0
6,509,3,0,0,0,0
6,519,3,0,0,0,0
6,528,3,0,1,0,0
6,529,3,0,2,0,0
6,532,3,0,2,0,0
6,546,3,0,0,0,0
6,549,3,0,0,0,0
6,551,3,0,0,0,0
6,562,3,0,0,0,0
6,620,3,0,2,0,0
6,654,3,0,0,0,0
6,666,3,0,0,0,0
6,681,3,0,0,0,0
6,684,3,0,0,0,0
6,714,3,0,0,0,0
6,734,3,0,0,0,0
6,768,3,0,0,0,0
6,771,3,0,0,0,0
6,780,3,0,2,0,0
6,789,3,0,0,0,0
6,793,3,0,0,0,0
6,820,3,0,0,0,0
6,845,3,0,0,0,0
6,869,3,0,0,0,0
6,922,3,0,0,0,0
6,983,3,0,0,0,0
6,1003,3,0,0,0,0
6,1015,3,0,0,0,0
6,1021,3,0,0,0,0
6,1027,3,0,0,0,0
6,1122,3,0,0,0,0
6,1133,3,0,2,0,0
6,1140,3,0,2,0,0
6,1150,3,0,0,0,0
6,1151,3,0,1,0,0
6,1157,3,0,0,0,0
6,1159,3,0,0,0,0
6,1176,3,0,0,0,0
6,1184,3,0,0,0,0
6,1188,3,0,0,0,0
6,1195,3,0,0,0,0
6,1197,3,0,0,0,0
6,1210,3,0,1,0,0
6,1241,3,0,0,0,0
6,1243,3,0,0,0,0
6,1257,3,0,0,0,0
6,1264,3,0,0,0,0
6,1287,3,0,0,0,0
6,1306,3,0,0,0,0
6,1307,3,0,0,0,0
6,1328,3,0,0,0,0
6,1355,3,0,0,0,0
6,1356,3,0,2,0,0
6,1371,3,0,0,0,0
6,1394,3,0,0,0,0
6,1415,3,0,0,0,0
6,1421,3,0,2,0,0
6,1433,3,0,0,0,0
6,1451,3,0,0,0,0
6,1461,3,0,1,0,0
6,1484,3,0,1,0,0
6,1501,3,0,0,0,0
6,1518,3,0,0,0,0
6,1520,3,0,0,0,0
6,1521,3,0,0,0,0
6,1536,3,0,0,0,0
6,1538,3,0,0,0,0
6,1546,3,0,0,0,0
6,1553,3,0,0,0,0
6,1564,3,0,0,0,0
6,1575,3,0,0,0,0
6,1577,3,0,1,0,0
6,1603,3,0,0,0,0
6,1629,3,0,0,0,0
6,1636,3,0,1,0,0
6,1648,3,0,2,0,0
6,1652,3,0,2,0,0
6,1657,3,0,0,0,0
6,1661,3,0,0,0,0
6,1669,3,0,0,0,0
6,1684,3,0,0,0,0
6,1685,3,0,0,0,0
6,1697,3,0,2,0,0
6,1712,3,0,0,0,0
6,1714,3,0,2,0,0
6,1715,3,0,2,0,0
6,1730,3,0,0,0,0
6,1745,3,0,0,0,0
6,1766,3,0,0,0,0
6,1769,3,0,2,0,0
6,1790,3,0,0,0,0
6,1817,3,0,0,0,0
6,1818,3,0,2,0,0
6,1821,3,0,0,0,0
6,1829,3,0,0,0,0
6,1882,3,0,0,0,0
6,1897,3,0,0,0,0
6,1930,3,0,0,0,0
6,1938,3,0,0,0,0
6,1949,3,0,0,0,0
6,1969,3,0,0,0,0
6,1972,3,0,0,0,0
6,1986,3,0,0,0,0
6,1987,3,0,0,0,0
6,1992,3,0,0,0,0
6,2013,3,0,0,0,0
6,2022,3,0,0,0,0
6,2053,3,0,0,0,0
6,2076,3,0,0,0,0
6,2098,3,0,0,0,0
6,2108,3,0,2,0,0
6,2165,3,0,0,0,0
6,2188,3,0,0,0,0
6,2189,3,0,0,0,0
6,2192,3,0,0,0,0
6,2196,3,0,2,0,0
6,2203,3,0,0,0,0
6,2234,3,0,0,0,0
6,2236,3,0,0,0,0
6,2244,3,0,1,0,0
6,2256,3,0,0,0,0
6,2258,3,0,0,0,0
6,2260,3,0,0,0,0
6,2291,3,0,1,0,0
6,2301,3,0,2,0,0
6,2320,3,0,0,0,0
6,2327,3,0,2,0,0
6,2329,3,0,0,0,0
6,2339,3,0,0,0,0
6,2341,3,0,2,0,0
6,2348,3,0,1,0,0
6,2353,3,0,2,0,0
6,2367,3,0,0,0,0
6,2368,3,0,0,0,0
6,2378,3,0,0,0,0
6,2379,3,0,0,0,0
6,2382,3,0,2,0,0
6,2390,3,0,2,0,0
6,2412,3,0,0,0,0
6,2437,3,0,0,0,0
6,2470,3,0,1,0,0
6,2490,3,0,2,0,0
6,2495,3,0,0,0,0
6,22,1,1,0,1,1
6,38,1,1,0,0,1
6,52,1,1,0,1,1
6,61,1,1,0,0,1
6,76,1,1,0,1,1
6,117,1,1,0,0,1
6,122,1,1,1,0,1
6,131,1,1,1,0,1
6,174,1,1,0,0,1
6,186,1,1,0,0,1
6,192,1,1,0,1,1
6,210,1,1,0,0,1
6,214,1,1,0,1,1
6,222,1,1,0,1,1
6,239,1,1,0,0,1
6,264,1,1,1,0,1
6,270,1,1,0,0,1
6,286,1,1,0,0,1
6,293,1,1,0,1,1
6,303,1,1,0,0,1
6,306,1,1,0,0,1
6,365,1,1,0,0,1
6,385,1,1,0,0,1
6,426,1,1,0,0,1
6,471,1,1,1,0,1
6,514,1,1,0,1,1
6,524,1,1,0,0,1
6,527,1,1,0,0,1
6,537,1,1,0,0,1
6,564,1,1,1,0,1
6,569,1,1,0,0,1
6,593,1,1,1,0,1
6,601,1,1,1,0,1
6,602,1,1,1,0,1
6,628,1,1,0,0,1
6,629,1,1,0,0,1
6,637,1,1,0,1,1
6,656,1,1,0,0,1
6,662,1,1,0,0,1
6,664,1,1,0,0,1
6,712,1,1,0,1,1
6,716,1,1,0,0,1
6,722,1,1,0,0,1
6,755,1,1,1,0,1
6,756,1,1,0,1,1
6,761,1,1,1,0,1
6,800,1,1,0,0,1
6,802,1,1,0,1,1
6,824,1,1,0,1,1
6,825,1,1,0,0,1
6,826,1,1,1,0,1
6,842,1,1,1,0,1
6,851,1,1,0,1,1
6,855,1,1,0,0,1
6,892,1,1,0,0,1
6,893,1,1,0,0,1
6,902,1,1,0,0,1
6,923,1,1,0,0,1
6,929,1,1,0,0,1
6,930,1,1,0,0,1
6,943,1,1,0,0,1
6,968,1,1,0,0,1
6,970,1,1,0,0,1
6,977,1,1,0,0,1
6,987,1,1,0,0,1
6,1004,1,1,1,0,1
6,1014,1,1,0,0,1
6,1050,1,1,0,0,1
6,1070,1,1,1,0,1
6,1088,1,1,0,0,1
6,1115,1,1,0,0,1
6,1123,1,1,0,0,1
6,1124,1,1,0,0,1
6,1136,1,1,1,0,1
6,1143,1,1,0,0,1
6,1163,1,1,0,0,1
6,1168,1,1,0,0,1
6,1196,1,1,0,0,1
6,1203,1,1,0,0,1
6,1207,1,1,0,0,1
6,1233,1,1,0,0,1
6,1320,1,1,0,0,1
6,1324,1,1,0,0,1
6,1351,1,1,1,0,1
6,1366,1,1,0,0,1
6,1367,1,1,0,1,1
6,1369,1,1,0,1,1
6,1410,1,1,0,1,1
6,1417,1,1,0,0,1
6,1426,1,1,0,0,1
6,1428,1,1,0,0,1
6,1429,1,1,0,1,1
6,1434,1,1,1,0,1
6,1435,1,1,0,1,1
6,1450,1,1,0,1,1
6,1452,1,1,0,0,1
6,1475,1,1,1,0,1
6,1482,1,1,0,0,1
6,1494,1,1,1,0,1
6,1510,1,1,0,0,1
6,1517,1,1,1,0,1
6,1523,1,1,0,0,1
6,1569,1,1,0,1,1
6,1595,1,1,1,0,1
6,1602,1,1,1,0,1
6,1606,1,1,0,0,1
6,1609,1,1,0,0,1
6,1612,1,1,0,1,1
6,1659,1,1,0,1,1
6,1664,1,1,0,0,1
6,1680,1,1,1,0,1
6,1692,1,1,1,0,1
6,1704,1,1,1,0,1
6,1731,1,1,0,0,1
6,1734,1,1,0,0,1
6,1741,1,1,0,0,1
6,1752,1,1,0,1,1
6,1762,1,1,0,0,1
6,1768,1,1,0,0,1
6,1794,1,1,0,1,1
6,1809,1,1,1,0,1
6,1812,1,1,0,1,1
6,1827,1,1,0,0,1
6,1836,1,1,0,0,1
6,1862,1,1,0,1,1
6,1871,1,1,0,1,1
6,1890,1,1,0,1,1
6,1893,1,1,0,0,1
6,1896,1,1,0,1,1
6,1923,1,1,1,0,1
6,1974,1,1,0,0,1
6,1980,1,1,1,0,1
6,1989,1,1,0,0,1
6,2017,1,1,0,0,1
6,2038,1,1,1,0,1
6,2045,1,1,1,0,1
6,2070,1,1,0,0,1
6,2077,1,1,0,1,1
6,2078,1,1,0,0,1
6,2086,1,1,0,0,1
6,2088,1,1,0,0,1
6,2109,1,1,0,1,1
6,2118,1,1,0,0,1
6,2141,1,1,0,0,1
6,2170,1,1,1,0,1
6,2172,1,1,0,0,1
6,2184,1,1,1,0,1
6,2199,1,1,0,0,1
6,2202,1,1,0,0,1
6,2220,1,1,0,0,1
6,2226,1,1,0,0,1
6,2261,1,1,0,0,1
6,2269,1,1,0,0,1
6,2276,1,1,0,1,1
6,2280,1,1,0,0,1
6,2297,1,1,0,0,1
6,2313,1,1,0,0,1
6,2315,1,1,1,0,1
6,2336,1,1,0,0,1
6,2343,1,1,0,0,1
6,2408,1,1,0,1,1
6,2428,1,1,0,0,1
6,2442,1,1,1,0,1
6,2446,1,1,0,0,1
6,2468,1,1,0,0,1
6,2491,1,1,1,0,1
6,2498,1,1,0,1,1
6,6,1,1,0,0,2
6,9,1,1,0,0,2
6,18,1,1,0,0,2
6,124,1,1,0,0,2
6,132,1,1,0,0,2
6,143,1,1,1,0,2
6,206,1,1,0,0,2
6,216,1,1,0,0,2
6,223,1,1,1,0,2
6,231,1,1,1,0,2
6,238,1,1,0,0,2
6,288,1,1,0,0,2
6,292,1,1,0,0,2
6,333,1,1,0,0,2
6,342,1,1,0,0,2
6,372,1,1,1,0,2
6,379,1,1,0,0,2
6,390,1,1,1,0,2
6,392,1,1,1,0,2
6,398,1,1,1,0,2
6,408,1,1,0,0,2
6,432,1,1,0,0,2
6,449,1,1,1,0,2
6,452,1,1,0,0,2
6,464,1,1,0,0,2
6,468,1,1,0,0,2
6,472,1,1,1,0,2
6,482,1,1,0,0,2
6,483,1,1,0,0,2
6,515,1,1,0,1,2
6,542,1,1,0,0,2
6,576,1,1,0,0,2
6,579,1,1,0,0,2
6,585,1,1,1,0,2
6,589,1,1,1,0,2
6,635,1,1,1,0,2
6,682,1,1,1,0,2
6,695,1,1,0,0,2
6,696,1,1,0,0,2
6,697,1,1,0,0,2
6,701,1,1,0,1,2
6,703,1,1,1,0,2
6,735,1,1,0,0,2
6,738,1,1,0,0,2
6,759,1,1,0,0,2
6,781,1,1,0,0,2
6,784,1,1,1,0,2
6,801,1,1,0,0,2
6,815,1,1,0,0,2
6,861,1,1,1,0,2
6,867,1,1,0,0,2
6,873,1,1,0,0,2
6,876,1,1,0,0,2
6,910,1,1,0,0,2
6,941,1,1,0,0,2
6,971,1,1,0,0,2
6,986,1,1,0,1,2
6,990,1,1,0,1,2
6,992,1,1,0,0,2
6,1054,1,1,0,1,2
6,1061,1,1,0,0,2
6,1090,1,1,1,0,2
6,1093,1,1,0,0,2
6,1170,1,1,0,0,2
6,1181,1,1,0,0,2
6,1206,1,1,0,0,2
6,1214,1,1,1,0,2
6,1215,1,1,0,1,2
6,1216,1,1,0,0,2
6,1224,1,1,0,1,2
6,1229,1,1,1,0,2
6,1246,1,1,0,0,2
6,1254,1,1,1,0,2
6,1288,1,1,0,1,2
6,1295,1,1,0,0,2
6,1319,1,1,0,0,2
6,1375,1,1,0,1,2
6,1380,1,1,0,0,2
6,1383,1,1,0,0,2
6,1391,1,1,0,0,2
6,1393,1,1,0,0,2
6,1398,1,1,0,0,2
6,1402,1,1,0,0,2
6,1436,1,1,1,0,2
6,1447,1,1,0,1,2
6,1458,1,1,0,0,2
6,1472,1,1,0,0,2
6,1486,1,1,0,0,2
6,1532,1,1,1,0,2
6,1535,1,1,0,0,2
6,1551,1,1,1,0,2
6,1580,1,1,0,0,2
6,1601,1,1,0,0,2
6,1621,1,1,0,0,2
6,1646,1,1,0,1,2
6,1654,1,1,0,0,2
6,1675,1,1,1,0,2
6,1681,1,1,0,1,2
6,1691,1,1,1,0,2
6,1696,1,1,0,0,2
6,1705,1,1,1,0,2
6,1729,1,1,1,0,2
6,1732,1,1,0,0,2
6,1831,1,1,0,0,2
6,1835,1,1,1,0,2
6,1846,1,1,0,0,2
6,1853,1,1,0,1,2
6,1865,1,1,0,1,2
6,1884,1,1,0,0,2
6,1891,1,1,1,0,2
6,1901,1,1,0,1,2
6,1903,1,1,1,0,2
6,1906,1,1,0,1,2
6,1911,1,1,0,1,2
6,1932,1,1,0,0,2
6,1951,1,1,0,0,2
6,2023,1,1,0,0,2
6,2041,1,1,0,0,2
6,2044,1,1,0,0,2
6,2059,1,1,0,0,2
6,2079,1,1,0,1,2
6,2099,1,1,0,0,2
6,2104,1,1,0,0,2
6,2110,1,1,0,0,2
6,2124,1,1,0,0,2
6,2135,1,1,0,0,2
6,2152,1,1,0,0,2
6,2155,1,1,0,0,2
6,2174,1,1,0,0,2
6,2180,1,1,0,0,2
6,2195,1,1,0,1,2
6,2225,1,1,0,0,2
6,2281,1,1,0,0,2
6,2305,1,1,0,0,2
6,2394,1,1,0,0,2
6,2397,1,1,0,0,2
6,2414,1,1,0,0,2
6,2441,1,1,0,1,2
6,2453,1,1,0,1,2
6,2461,1,1,0,0,2
6,2467,1,1,0,0,2
6,2478,1,1,1,0,2
6,2484,1,1,0,1,2
6,49,1,2,1,0,3
6,86,1,2,1,0,3
6,95,1,2,0,0,3
6,102,1,2,0,0,3
6,103,1,2,0,0,3
6,108,1,2,0,2,3
6,141,1,2,1,0,3
6,193,1,2,0,0,3
6,230,1,2,0,0,3
6,240,1,2,0,2,3
6,254,1,2,0,0,3
6,258,1,2,1,0,3
6,272,1,2,0,0,3
6,295,1,2,0,2,3
6,327,1,2,0,0,3
6,338,1,2,1,0,3
6,340,1,2,0,0,3
6,361,1,2,0,0,3
6,377,1,2,1,0,3
6,381,1,2,0,0,3
6,407,1,2,0,2,3
6,412,1,2,1,0,3
6,456,1,2,0,1,3
6,494,1,2,0,0,3
6,501,1,2,0,0,3
6,508,1,2,0,1,3
6,534,1,2,0,1,3
6,540,1,2,0,0,3
6,577,1,2,0,2,3
6,578,1,2,0,1,3
6,590,1,2,0,0,3
6,595,1,2,0,2,3
6,597,1,2,0,0,3
6,599,1,2,0,2,3
6,606,1,2,0,0,3
6,611,1,2,0,1,3
6,627,1,2,0,0,3
6,648,1,2,0,0,3
6,670,1,2,0,0,3
6,678,1,2,0,0,3
6,717,1,2,0,0,3
6,718,1,2,0,1,3
6,747,1,2,0,0,3
6,752,1,2,0,0,3
6,776,1,2,0,0,3
6,805,1,2,0,0,3
6,829,1,2,1,0,3
6,853,1,2,0,0,3
6,871,1,2,0,0,3
6,900,1,2,0,0,3
6,963,1,2,1,0,3
6,969,1,2,0,2,3
6,1029,1,2,0,0,3
6,1042,1,2,0,0,3
6,1047,1,2,0,0,3
6,1068,1,2,0,0,3
6,1079,1,2,0,0,3
6,1100,1,2,0,0,3
6,1106,1,2,0,0,3
6,1134,1,2,1,0,3
6,1145,1,2,0,0,3
6,1182,1,2,0,0,3
6,1219,1,2,0,0,3
6,1261,1,2,0,0,3
6,1263,1,2,0,0,3
6,1282,1,2,0,0,3
6,1317,1,2,1,0,3
6,1341,1,2,1,0,3
6,1425,1,2,0,2,3
6,1446,1,2,0,0,3
6,1448,1,2,0,2,3
6,1456,1,2,0,0,3
6,1457,1,2,0,0,3
6,1498,1,2,0,0,3
6,1504,1,2,1,0,3
6,1509,1,2,1,0,3
6,1515,1,2,0,0,3
6,1526,1,2,0,1,3
6,1529,1,2,0,0,3
6,1573,1,2,0,0,3
6,1582,1,2,1,0,3
6,1587,1,2,0,0,3
6,1616,1,2,0,0,3
6,1640,1,2,1,0,3
6,1642,1,2,0,0,3
6,1651,1,2,0,0,3
6,1698,1,2,1,0,3
6,1749,1,2,0,1,3
6,1807,1,2,0,2,3
6,1825,1,2,1,0,3
6,1833,1,2,0,0,3
6,1840,1,2,0,2,3
6,1843,1,2,1,0,3
6,1847,1,2,0,0,3
6,1856,1,2,0,0,3
6,1861,1,2,1,0,3
6,1869,1,2,0,0,3
6,1875,1,2,0,0,3
6,1880,1,2,0,0,3
6,1899,1,2,0,0,3
6,1913,1,2,0,0,3
6,1952,1,2,0,0,3
6,2040,1,2,0,0,3
6,2052,1,2,0,0,3
6,2056,1,2,0,0,3
6,2065,1,2,1,0,3
6,2069,1,2,0,0,3
6,2101,1,2,0,0,3
6,2113,1,2,0,0,3
6,2126,1,2,0,2,3
6,2134,1,2,0,0,3
6,2175,1,2,0,0,3
6,2179,1,2,0,0,3
6,2207,1,2,0,2,3
6,2208,1,2,0,0,3
6,2238,1,2,0,0,3
6,2251,1,2,0,0,3
6,2282,1,2,0,2,3
6,2287,1,2,0,0,3
6,2295,1,2,0,0,3
6,2335,1,2,1,0,3
6,2344,1,2,0,0,3
6,2361,1,2,1,0,3
6,2388,1,2,0,0,3
6,2409,1,2,0,1,3
6,2420,1,2,0,0,3
6,2448,1,2,0,0,3
6,2466,1,2,0,2,3
6,48,1,1,0,0,4
6,81,1,1,0,0,4
6,85,1,1,1,0,4
6,121,1,1,0,0,4
6,135,1,1,0,0,4
6,161,1,1,0,0,4
6,180,1,1,0,0,4
6,182,1,1,0,0,4
6,194,1,1,0,1,4
6,227,1,1,0,0,4
6,233,1,1,0,1,4
6,235,1,1,0,0,4
6,244,1,1,0,0,4
6,268,1,1,0,0,4
6,284,1,1,0,0,4
6,312,1,1,0,0,4
6,317,1,1,1,0,4
6,332,1,1,0,0,4
6,352,1,1,1,0,4
6,354,1,1,0,0,4
6,364,1,1,0,0,4
6,378,1,1,1,0,4
6,425,1,1,0,0,4
6,480,1,1,0,0,4
6,481,1,1,0,1,4
6,491,1,1,0,1,4
6,535,1,1,0,0,4
6,563,1,1,0,0,4
6,565,1,1,0,0,4
6,582,1,1,1,0,4
6,650,1,1,0,0,4
6,657,1,1,1,0,4
6,661,1,1,1,0,4
6,739,1,1,1,0,4
6,750,1,1,0,0,4
6,778,1,1,0,0,4
6,794,1,1,0,0,4
6,798,1,1,0,1,4
6,810,1,1,0,1,4
6,840,1,1,0,0,4
6,854,1,1,0,0,4
6,909,1,1,0,0,4
6,958,1,1,0,0,4
6,980,1,1,0,0,4
6,1001,1,1,0,1,4
6,1039,1,1,1,0,4
6,1057,1,1,0,0,4
6,1065,1,1,0,0,4
6,1089,1,1,0,0,4
6,1113,1,1,1,0,4
6,1116,1,1,1,0,4
6,1137,1,1,1,0,4
6,1149,1,1,0,0,4
6,1164,1,1,0,1,4
6,1187,1,1,0,0,4
6,1202,1,1,0,0,4
6,1212,1,1,0,0,4
6,1244,1,1,0,1,4
6,1262,1,1,0,0,4
6,1274,1,1,0,0,4
6,1292,1,1,0,0,4
6,1299,1,1,0,0,4
6,1463,1,1,0,0,4
6,1476,1,1,0,0,4
6,1478,1,1,0,0,4
6,1479,1,1,0,0,4
6,1488,1,1,1,0,4
6,1511,1,1,0,0,4
6,1530,1,1,0,0,4
6,1558,1,1,0,0,4
6,1560,1,1,1,0,4
6,1571,1,1,0,0,4
6,1593,1,1,0,0,4
6,1600,1,1,0,1,4
6,1614,1,1,0,0,4
6,1628,1,1,1,0,4
6,1655,1,1,0,0,4
6,1703,1,1,0,1,4
6,1709,1,1,1,0,4
6,1737,1,1,0,0,4
6,1755,1,1,0,0,4
6,1761,1,1,0,1,4
6,1798,1,1,0,1,4
6,1801,1,1,0,0,4
6,1854,1,1,0,0,4
6,1859,1,1,0,0,4
6,1947,1,1,0,0,4
6,1985,1,1,0,0,4
6,1999,1,1,0,0,4
6,2004,1,1,0,0,4
6,2006,1,1,0,1,4
6,2042,1,1,1,0,4
6,2063,1,1,0,0,4
6,2111,1,1,0,0,4
6,2148,1,1,0,1,4
6,2205,1,1,0,1,4
6,2257,1,1,1,0,4
6,2304,1,1,0,0,4
6,2316,1,1,0,0,4
6,2346,1,1,0,0,4
6,2350,1,1,0,0,4
6,2356,1,1,0,0,4
6,2358,1,1,0,0,4
6,2359,1,1,1,0,4
6,2373,1,1,0,0,4
6,2416,1,1,0,0,4
6,2473,1,1,1,0,4
6,2474,1,1,0,0,4
6,2487,1,1,0,1,4
6,14,1,1,0,0,5
6,23,1,1,0,1,5
6,82,1,1,0,1,5
6,111,1,1,0,1,5
6,136,1,1,0,0,5
6,137,1,1,0,0,5
6,164,1,1,1,0,5
6,167,1,1,0,0,5
6,177,1,1,0,0,5
6,185,1,1,1,0,5
6,190,1,1,0,1,5
6,204,1,1,0,0,5
6,205,1,1,0,0,5
6,211,1,1,0,0,5
6,221,1,1,0,0,5
6,274,1,1,1,0,5
6,275,1,1,0,1,5
6,278,1,1,0,0,5
6,281,1,1,1,0,5
6,330,1,1,0,0,5
6,346,1,1,1,0,5
6,359,1,1,0,0,5
6,362,1,1,0,0,5
6,367,1,1,0,0,5
6,371,1,1,0,1,5
6,384,1,1,0,0,5
6,394,1,1,0,0,5
6,415,1,1,1,0,5
6,420,1,1,0,1,5
6,422,1,1,0,0,5
6,436,1,1,1,0,5
6,445,1,1,0,0,5
6,448,1,1,0,0,5
6,466,1,1,0,1,5
6,469,1,1,0,0,5
6,479,1,1,0,0,5
6,488,1,1,0,0,5
6,496,1,1,0,1,5
6,512,1,1,0,0,5
6,517,1,1,0,1,5
6,526,1,1,0,0,5
6,547,1,1,0,0,5
6,617,1,1,0,0,5
6,618,1,1,1,0,5
6,638,1,1,0,1,5
6,644,1,1,1,0,5
6,646,1,1,0,0,5
6,680,1,1,0,0,5
6,685,1,1,1,0,5
6,698,1,1,0,0,5
6,700,1,1,0,1,5
6,715,1,1,0,0,5
6,736,1,1,0,0,5
6,751,1,1,1,0,5
6,792,1,1,0,0,5
6,799,1,1,0,0,5
6,803,1,1,0,1,5
6,819,1,1,0,0,5
6,823,1,1,1,0,5
6,866,1,1,0,1,5
6,875,1,1,0,0,5
6,884,1,1,0,0,5
6,889,1,1,0,0,5
6,895,1,1,0,0,5
6,911,1,1,0,1,5
6,913,1,1,0,0,5
6,915,1,1,1,0,5
6,940,1,1,0,0,5
6,947,1,1,0,0,5
6,953,1,1,0,1,5
6,956,1,1,0,0,5
6,961,1,1,0,1,5
6,995,1,1,1,0,5
6,996,1,1,0,0,5
6,999,1,1,0,1,5
6,1002,1,1,0,0,5
6,1005,1,1,0,1,5
6,1010,1,1,0,1,5
6,1016,1,1,0,0,5
6,1019,1,1,0,1,5
6,1028,1,1,0,0,5
6,1040,1,1,0,0,5
6,1060,1,1,0,0,5
6,1083,1,1,0,0,5
6,1086,1,1,0,0,5
6,1129,1,1,0,0,5
6,1162,1,1,0,0,5
6,1171,1,1,0,0,5
6,1205,1,1,0,1,5
6,1225,1,1,0,0,5
6,1294,1,1,0,0,5
6,1344,1,1,0,0,5
6,1352,1,1,0,0,5
6,1440,1,1,0,0,5
6,1491,1,1,0,0,5
6,1495,1,1,0,1,5
6,1542,1,1,0,0,5
6,1550,1,1,0,0,5
6,1568,1,1,1,0,5
6,1578,1,1,0,1,5
6,1586,1,1,0,1,5
6,1589,1,1,0,1,5
6,1591,1,1,0,1,5
6,1596,1,1,0,0,5
6,1615,1,1,0,0,5
6,1617,1,1,0,0,5
6,1634,1,1,0,0,5
6,1635,1,1,0,1,5
6,1650,1,1,1,0,5
6,1658,1,1,0,0,5
6,1667,1,1,0,1,5
6,1670,1,1,0,0,5
6,1742,1,1,1,0,5
6,1744,1,1,0,0,5
6,1765,1,1,0,0,5
6,1770,1,1,0,0,5
6,1785,1,1,0,0,5
6,1788,1,1,0,0,5
6,1814,1,1,1,0,5
6,1820,1,1,0,0,5
6,1822,1,1,0,1,5
6,1857,1,1,0,1,5
6,1864,1,1,0,0,5
6,1905,1,1,0,0,5
6,1936,1,1,1,0,5
6,1939,1,1,0,1,5
6,1943,1,1,1,0,5
6,1953,1,1,0,0,5
6,1956,1,1,0,0,5
6,1963,1,1,0,0,5
6,1984,1,1,0,0,5
6,1988,1,1,0,1,5
6,2002,1,1,0,1,5
6,2005,1,1,0,0,5
6,2014,1,1,0,0,5
6,2027,1,1,0,0,5
6,2033,1,1,0,1,5
6,2073,1,1,0,0,5
6,2091,1,1,0,1,5
6,2094,1,1,0,0,5
6,2095,1,1,0,0,5
6,2100,1,1,1,0,5
6,2103,1,1,0,1,5
6,2122,1,1,0,0,5
6,2130,1,1,0,0,5
6,2143,1,1,0,0,5
6,2144,1,1,1,0,5
6,2147,1,1,0,0,5
6,2171,1,1,1,0,5
6,2176,1,1,0,0,5
6,2190,1,1,0,0,5
6,2198,1,1,1,0,5
6,2211,1,1,0,0,5
6,2215,1,1,0,0,5
6,2217,1,1,0,0,5
6,2235,1,1,1,0,5
6,2283,1,1,0,0,5
6,2294,1,1,0,1,5
6,2298,1,1,0,0,5
6,2299,1,1,0,0,5
6,2321,1,1,0,1,5
6,2332,1,1,0,0,5
6,2345,1,1,0,0,5
6,2376,1,1,0,0,5
6,2391,1,1,0,0,5
6,2395,1,1,1,0,5
6,2402,1,1,1,0,5
6,2405,1,1,1,0,5
6,2436,1,1,0,0,5
6,2469,1,1,0,0,5
6,2488,1,1,0,1,5
6,32,1,1,0,0,6
6,54,1,1,1,0,6
6,84,1,1,0,0,6
6,100,1,1,0,1,6
6,138,1,1,0,0,6
6,146,1,1,0,0,6
6,163,1,1,0,0,6
6,172,1,1,0,0,6
6,243,1,1,0,0,6
6,246,1,1,0,0,6
6,262,1,1,0,0,6
6,269,1,1,0,0,6
6,283,1,1,0,0,6
6,287,1,1,0,0,6
6,294,1,1,0,0,6
6,318,1,1,1,0,6
6,349,1,1,0,0,6
6,369,1,1,0,1,6
6,401,1,1,0,1,6
6,439,1,1,1,0,6
6,453,1,1,0,0,6
6,465,1,1,0,0,6
6,470,1,1,0,0,6
6,475,1,1,0,0,6
6,536,1,1,0,1,6
6,552,1,1,0,0,6
6,575,1,1,0,0,6
6,647,1,1,0,0,6
6,720,1,1,1,0,6
6,737,1,1,1,0,6
6,762,1,1,1,0,6
6,767,1,1,0,0,6
6,783,1,1,0,0,6
6,790,1,1,0,0,6
6,796,1,1,0,1,6
6,806,1,1,1,0,6
6,816,1,1,0,0,6
6,838,1,1,0,0,6
6,848,1,1,0,0,6
6,850,1,1,0,0,6
6,857,1,1,1,0,6
6,862,1,1,0,0,6
6,865,1,1,0,0,6
6,879,1,1,0,0,6
6,894,1,1,0,0,6
6,928,1,1,1,0,6
6,954,1,1,0,0,6
6,984,1,1,0,0,6
6,991,1,1,0,0,6
6,993,1,1,0,0,6
6,1035,1,1,0,0,6
6,1038,1,1,0,0,6
6,1046,1,1,0,1,6
6,1058,1,1,0,0,6
6,1059,1,1,0,0,6
6,1063,1,1,0,1,6
6,1064,1,1,1,0,6
6,1078,1,1,0,0,6
6,1094,1,1,0,0,6
6,1095,1,1,0,0,6
6,1102,1,1,0,1,6
6,1175,1,1,0,0,6
6,1183,1,1,0,0,6
6,1204,1,1,0,0,6
6,1213,1,1,0,1,6
6,1220,1,1,0,0,6
6,1234,1,1,1,0,6
6,1239,1,1,0,0,6
6,1256,1,1,0,0,6
6,1260,1,1,0,1,6
6,1271,1,1,1,0,6
6,1312,1,1,1,0,6
6,1315,1,1,0,0,6
6,1325,1,1,0,0,6
6,1332,1,1,0,0,6
6,1368,1,1,0,0,6
6,1374,1,1,0,0,6
6,1376,1,1,0,0,6
6,1400,1,1,1,0,6
6,1408,1,1,0,1,6
6,1413,1,1,0,0,6
6,1442,1,1,0,0,6
6,1454,1,1,1,0,6
6,1503,1,1,0,1,6
6,1524,1,1,1,0,6
6,1547,1,1,0,0,6
6,1559,1,1,0,0,6
6,1570,1,1,0,1,6
6,1626,1,1,1,0,6
6,1633,1,1,0,0,6
6,1637,1,1,0,0,6
6,1665,1,1,1,0,6
6,1671,1,1,0,0,6
6,1679,1,1,0,1,6
6,1694,1,1,0,0,6
6,1721,1,1,0,0,6
6,1725,1,1,0,0,6
6,1733,1,1,0,0,6
6,1736,1,1,0,0,6
6,1748,1,1,1,0,6
6,1763,1,1,0,0,6
6,1771,1,1,0,0,6
6,1791,1,1,0,0,6
6,1819,1,1,0,0,6
6,1866,1,1,0,1,6
6,1881,1,1,0,0,6
6,1895,1,1,0,1,6
6,1919,1,1,0,1,6
6,1934,1,1,1,0,6
6,1960,1,1,0,0,6
6,2021,1,1,0,0,6
6,2048,1,1,0,1,6
6,2062,1,1,0,0,6
6,2097,1,1,0,0,6
6,2158,1,1,1,0,6
6,2178,1,1,1,0,6
6,2191,1,1,0,1,6
6,2193,1,1,0,1,6
6,2223,1,1,1,0,6
6,2229,1,1,0,0,6
6,2243,1,1,0,0,6
6,2247,1,1,0,0,6
6,2267,1,1,0,0,6
6,2268,1,1,0,0,6
6,2270,1,1,0,0,6
6,2274,1,1,0,0,6
6,2288,1,1,0,0,6
6,2290,1,1,1,0,6
6,2312,1,1,0,0,6
6,2410,1,1,1,0,6
6,2432,1,1,0,0,6
6,2435,1,1,0,0,6
6,2451,1,1,0,0,6
6,2459,1,1,0,0,6
6,7,3,0,0,0,7
6,35,3,0,1,0,7
6,41,3,0,0,0,7
6,62,3,0,3,0,7
6,65,3,0,0,0,7
6,69,3,0,0,0,7
6,97,3,0,0,0,7
6,101,3,0,0,0,7
6,110,3,0,1,0,7
6,113,3,0,0,0,7
6,115,3,0,0,0,7
6,128,3,0,0,0,7
6,134,3,0,3,0,7
6,169,3,0,0,0,7
6,171,3,0,0,0,7
6,176,3,0,3,0,7
6,198,3,0,0,0,7
6,207,3,0,1,0,7
6,226,3,0,1,0,7
6,228,3,0,0,0,7
6,232,3,0,0,0,7
6,251,3,0,0,0,7
6,267,3,0,0,0,7
6,271,3,0,0,0,7
6,315,3,0,0,0,7
6,321,3,0,0,0,7
6,358,3,0,0,0,7
6,393,3,0,0,0,7
6,419,3,0,0,0,7
6,423,3,0,0,0,7
6,441,3,0,0,0,7
6,473,3,0,0,0,7
6,487,3,0,3,0,7
6,504,3,0,0,0,7
6,525,3,0,0,0,7
6,570,3,0,0,0,7
6,587,3,0,3,0,7
6,588,3,0,0,0,7
6,598,3,0,0,0,7
6,607,3,0,0,0,7
6,613,3,0,0,0,7
6,630,3,0,0,0,7
6,669,3,0,0,0,7
6,675,3,0,0,0,7
6,676,3,0,3,0,7
6,721,3,0,0,0,7
6,730,3,0,0,0,7
6,763,3,0,0,0,7
6,769,3,0,0,0,7
6,782,3,0,0,0,7
6,804,3,0,0,0,7
6,807,3,0,0,0,7
6,844,3,0,1,0,7
6,847,3,0,3,0,7
6,877,3,0,0,0,7
6,882,3,0,0,0,7
6,899,3,0,0,0,7
6,901,3,0,0,0,7
6,903,3,0,0,0,7
6,906,3,0,0,0,7
6,917,3,0,3,0,7
6,918,3,0,0,0,7
6,919,3,0,1,0,7
6,973,3,0,0,0,7
6,1055,3,0,0,0,7
6,1084,3,0,0,0,7
6,1085,3,0,0,0,7
6,1097,3,0,0,0,7
6,1105,3,0,0,0,7
6,1112,3,0,0,0,7
6,1125,3,0,3,0,7
6,1173,3,0,0,0,7
6,1231,3,0,0,0,7
6,1258,3,0,0,0,7
6,1293,3,0,0,0,7
6,1314,3,0,0,0,7
6,1331,3,0,0,0,7
6,1358,3,0,0,0,7
6,1370,3,0,0,0,7
6,1381,3,0,3,0,7
6,1390,3,0,3,0,7
6,1397,3,0,0,0,7
6,1422,3,0,0,0,7
6,1424,3,0,0,0,7
6,1465,3,0,0,0,7
6,1466,3,0,1,0,7
6,1470,3,0,0,0,7
6,1489,3,0,3,0,7
6,1492,3,0,0,0,7
6,1505,3,0,3,0,7
6,1514,3,0,0,0,7
6,1544,3,0,0,0,7
6,1576,3,0,0,0,7
6,1579,3,0,0,0,7
6,1590,3,0,0,0,7
6,1630,3,0,3,0,7
6,1638,3,0,0,0,7
6,1663,3,0,0,0,7
6,1673,3,0,0,0,7
6,1700,3,0,0,0,7
6,1711,3,0,0,0,7
6,1723,3,0,0,0,7
6,1743,3,0,0,0,7
6,1758,3,0,0,0,7
6,1759,3,0,0,0,7
6,1777,3,0,3,0,7
6,1781,3,0,0,0,7
6,1782,3,0,0,0,7
6,1800,3,0,3,0,7
6,1810,3,0,0,0,7
6,1848,3,0,3,0,7
6,1870,3,0,0,0,7
6,1873,3,0,0,0,7
6,1883,3,0,0,0,7
6,1885,3,0,0,0,7
6,1886,3,0,0,0,7
6,1910,3,0,0,0,7
6,1944,3,0,0,0,7
6,1965,3,0,0,0,7
6,1968,3,0,0,0,7
6,1975,3,0,0,0,7
6,1977,3,0,1,0,7
6,2034,3,0,0,0,7
6,2036,3,0,0,0,7
6,2037,3,0,0,0,7
6,2055,3,0,0,0,7
6,2067,3,0,0,0,7
6,2068,3,0,0,0,7
6,2096,3,0,3,0,7
6,2115,3,0,0,0,7
6,2127,3,0,0,0,7
6,2129,3,0,0,0,7
6,2131,3,0,1,0,7
6,2146,3,0,0,0,7
6,2151,3,0,0,0,7
6,2154,3,0,0,0,7
6,2163,3,0,0,0,7
6,2186,3,0,1,0,7
6,2214,3,0,1,0,7
6,2216,3,0,0,0,7
6,2241,3,0,1,0,7
6,2254,3,0,0,0,7
6,2279,3,0,0,0,7
6,2284,3,0,0,0,7
6,2307,3,0,0,0,7
6,2308,3,0,0,0,7
6,2325,3,0,0,0,7
6,2363,3,0,0,0,7
6,2369,3,0,3,0,7
6,2370,3,0,0,0,7
6,2375,3,0,0,0,7
6,2380,3,0,0,0,7
6,2396,3,0,0,0,7
6,2404,3,0,0,0,7
6,2421,3,0,0,0,7
6,2429,3,0,0,0,7
6,2455,3,0,3,0,7
6,2456,3,0,3,0,7
6,2457,3,0,3,0,7
6,2463,3,0,0,0,7
6,2464,3,0,0,0,7
6,2472,3,0,0,0,7
6,2481,3,0,0,0,7
6,2493,3,0,0,0,7
6,10,1,1,0,0,8
6,11,1,1,0,1,8
6,17,1,1,0,0,8
6,29,1,1,0,1,8
6,55,1,1,0,0,8
6,77,1,1,0,1,8
6,158,1,1,0,0,8
6,188,1,1,0,0,8
6,208,1,1,0,0,8
6,255,1,1,1,0,8
6,313,1,1,0,0,8
6,329,1,1,0,0,8
6,351,1,1,0,0,8
6,417,1,1,1,0,8
6,424,1,1,0,0,8
6,430,1,1,1,0,8
6,446,1,1,0,1,8
6,450,1,1,0,1,8
6,484,1,1,0,1,8
6,485,1,1,0,1,8
6,490,1,1,1,0,8
6,507,1,1,0,0,8
6,511,1,1,0,0,8
6,520,1,1,0,0,8
6,556,1,1,0,0,8
6,568,1,1,0,0,8
6,572,1,1,0,0,8
6,591,1,1,0,0,8
6,612,1,1,0,0,8
6,614,1,1,0,1,8
6,615,1,1,0,0,8
6,645,1,1,1,0,8
6,653,1,1,0,0,8
6,663,1,1,0,0,8
6,673,1,1,0,0,8
6,686,1,1,1,0,8
6,707,1,1,0,0,8
6,711,1,1,0,1,8
6,726,1,1,0,0,8
6,732,1,1,0,0,8
6,741,1,1,0,1,8
6,765,1,1,0,0,8
6,797,1,1,1,0,8
6,814,1,1,0,0,8
6,818,1,1,0,1,8
6,835,1,1,0,0,8
6,843,1,1,0,0,8
6,872,1,1,0,0,8
6,874,1,1,0,1,8
6,878,1,1,0,1,8
6,890,1,1,1,0,8
6,924,1,1,0,0,8
6,926,1,1,0,0,8
6,945,1,1,1,0,8
6,952,1,1,0,1,8
6,1067,1,1,1,0,8
6,1109,1,1,1,0,8
6,1114,1,1,0,0,8
6,1127,1,1,1,0,8
6,1156,1,1,0,0,8
6,1158,1,1,0,0,8
6,1167,1,1,0,0,8
6,1172,1,1,1,0,8
6,1218,1,1,0,0,8
6,1255,1,1,0,0,8
6,1265,1,1,0,1,8
6,1269,1,1,1,0,8
6,1284,1,1,0,0,8
6,1321,1,1,0,0,8
6,1335,1,1,0,0,8
6,1336,1,1,0,0,8
6,1339,1,1,1,0,8
6,1350,1,1,0,0,8
6,1362,1,1,0,0,8
6,1392,1,1,0,0,8
6,1396,1,1,0,0,8
6,1403,1,1,0,0,8
6,1414,1,1,1,0,8
6,1444,1,1,0,1,8
6,1460,1,1,0,0,8
6,1481,1,1,0,0,8
6,1533,1,1,1,0,8
6,1534,1,1,0,0,8
6,1537,1,1,0,0,8
6,1543,1,1,1,0,8
6,1565,1,1,1,0,8
6,1727,1,1,0,1,8
6,1747,1,1,0,0,8
6,1767,1,1,0,0,8
6,1773,1,1,0,0,8
6,1775,1,1,0,0,8
6,1787,1,1,1,0,8
6,1797,1,1,0,0,8
6,1842,1,1,1,0,8
6,1877,1,1,0,0,8
6,1914,1,1,1,0,8
6,1941,1,1,0,0,8
6,1955,1,1,0,0,8
6,1957,1,1,1,0,8
6,1994,1,1,1,0,8
6,2008,1,1,1,0,8
6,2028,1,1,0,0,8
6,2030,1,1,0,1,8
6,2039,1,1,0,1,8
6,2043,1,1,0,0,8
6,2066,1,1,0,0,8
6,2071,1,1,0,0,8
6,2074,1,1,0,0,8
6,2084,1,1,0,1,8
6,2090,1,1,0,0,8
6,2121,1,1,0,0,8
6,2173,1,1,0,0,8
6,2200,1,1,0,0,8
6,2227,1,1,0,0,8
6,2250,1,1,0,0,8
6,2285,1,1,0,0,8
6,2322,1,1,1,0,8
6,2330,1,1,0,0,8
6,2374,1,1,0,0,8
6,2384,1,1,0,0,8
6,2386,1,1,1,0,8
6,2399,1,1,0,0,8
6,2427,1,1,0,0,8
6,2440,1,1,0,1,8
6,1,1,1,0,1,9
6,13,1,1,1,0,9
6,47,1,1,1,0,9
6,50,1,1,0,0,9
6,78,1,1,0,1,9
6,107,1,1,0,0,9
6,109,1,1,0,0,9
6,114,1,1,0,0,9
6,139,1,1,0,0,9
6,148,1,1,0,0,9
6,153,1,1,1,0,9
6,166,1,1,0,0,9
6,175,1,1,0,0,9
6,197,1,1,1,0,9
6,203,1,1,0,1,9
6,250,1,1,0,0,9
6,265,1,1,0,0,9
6,299,1,1,0,1,9
6,341,1,1,0,1,9
6,380,1,1,0,0,9
6,391,1,1,0,0,9
6,406,1,1,0,0,9
6,428,1,1,0,0,9
6,437,1,1,1,0,9
6,440,1,1,0,0,9
6,454,1,1,1,0,9
6,461,1,1,0,0,9
6,476,1,1,0,0,9
6,477,1,1,0,0,9
6,492,1,1,0,0,9
6,545,1,1,0,1,9
6,548,1,1,0,0,9
6,553,1,1,0,1,9
6,567,1,1,0,0,9
6,626,1,1,0,1,9
6,652,1,1,1,0,9
6,693,1,1,0,1,9
6,705,1,1,0,0,9
6,706,1,1,0,0,9
6,709,1,1,0,0,9
6,725,1,1,0,0,9
6,729,1,1,0,0,9
6,733,1,1,1,0,9
6,787,1,1,0,0,9
6,791,1,1,0,0,9
6,817,1,1,1,0,9
6,831,1,1,0,0,9
6,849,1,1,1,0,9
6,858,1,1,1,0,9
6,864,1,1,0,0,9
6,898,1,1,0,0,9
6,907,1,1,0,0,9
6,938,1,1,0,1,9
6,959,1,1,0,1,9
6,962,1,1,0,0,9
6,1006,1,1,1,0,9
6,1013,1,1,1,0,9
6,1033,1,1,1,0,9
6,1049,1,1,0,0,9
6,1077,1,1,1,0,9
6,1132,1,1,0,0,9
6,1135,1,1,0,0,9
6,1153,1,1,0,0,9
6,1198,1,1,0,0,9
6,1199,1,1,0,0,9
6,1200,1,1,0,0,9
6,1232,1,1,0,1,9
6,1235,1,1,1,0,9
6,1250,1,1,0,1,9
6,1289,1,1,0,0,9
6,1297,1,1,0,0,9
6,1305,1,1,0,0,9
6,1337,1,1,0,0,9
6,1345,1,1,0,0,9
6,1357,1,1,0,0,9
6,1372,1,1,0,0,9
6,1384,1,1,0,0,9
6,1427,1,1,0,0,9
6,1437,1,1,0,0,9
6,1439,1,1,1,0,9
6,1443,1,1,0,0,9
6,1449,1,1,1,0,9
6,1469,1,1,0,1,9
6,1525,1,1,0,0,9
6,1528,1,1,0,0,9
6,1562,1,1,0,0,9
6,1566,1,1,0,0,9
6,1574,1,1,0,0,9
6,1625,1,1,0,0,9
6,1639,1,1,0,1,9
6,1644,1,1,0,1,9
6,1686,1,1,0,0,9
6,1695,1,1,0,0,9
6,1713,1,1,1,0,9
6,1717,1,1,0,1,9
6,1728,1,1,0,0,9
6,1750,1,1,0,0,9
6,1764,1,1,0,0,9
6,1802,1,1,0,0,9
6,1813,1,1,0,0,9
6,1826,1,1,0,0,9
6,1828,1,1,0,0,9
6,1850,1,1,0,1,9
6,1950,1,1,1,0,9
6,1958,1,1,0,0,9
6,1976,1,1,0,1,9
6,1978,1,1,0,0,9
6,1997,1,1,0,0,9
6,2012,1,1,0,0,9
6,2018,1,1,0,0,9
6,2051,1,1,0,0,9
6,2054,1,1,0,0,9
6,2072,1,1,1,0,9
6,2114,1,1,0,0,9
6,2116,1,1,0,0,9
6,2132,1,1,0,0,9
6,2136,1,1,0,0,9
6,2145,1,1,0,1,9
6,2156,1,1,0,0,9
6,2204,1,1,1,0,9
6,2255,1,1,0,1,9
6,2262,1,1,1,0,9
6,2263,1,1,0,0,9
6,2264,1,1,1,0,9
6,2265,1,1,0,0,9
6,2266,1,1,0,1,9
6,2275,1,1,0,0,9
6,2278,1,1,0,0,9
6,2311,1,1,1,0,9
6,2331,1,1,0,1,9
6,2360,1,1,0,1,9
6,2383,1,1,0,0,9
6,2398,1,1,1,0,9
6,2400,1,1,0,1,9
6,2407,1,1,0,0,9
6,2422,1,1,0,0,9
6,2444,1,1,0,0,9
6,2460,1,1,0,0,9
6,27,1,1,0,0,10
6,36,1,1,0,0,10
6,40,1,1,0,0,10
6,42,1,1,0,1,10
6,51,1,1,0,0,10
6,89,1,1,0,0,10
6,93,1,1,0,0,10
6,94,1,1,0,1,10
6,133,1,1,0,1,10
6,145,1,1,1,0,10
6,157,1,1,0,0,10
6,162,1,1,0,0,10
6,165,1,1,0,0,10
6,178,1,1,0,0,10
6,181,1,1,0,0,10
6,209,1,1,1,0,10
6,220,1,1,0,0,10
6,234,1,1,0,0,10
6,237,1,1,0,0,10
6,261,1,1,0,0,10
6,273,1,1,0,0,10
6,297,1,1,0,0,10
6,305,1,1,1,0,10
6,323,1,1,1,0,10
6,335,1,1,0,0,10
6,348,1,1,0,0,10
6,370,1,1,0,1,10
6,388,1,1,0,0,10
6,396,1,1,0,0,10
6,405,1,1,0,0,10
6,418,1,1,0,0,10
6,429,1,1,0,0,10
6,447,1,1,1,0,10
6,459,1,1,0,1,10
6,497,1,1,0,0,10
6,518,1,1,1,0,10
6,521,1,1,0,0,10
6,522,1,1,0,0,10
6,544,1,1,0,1,10
6,604,1,1,0,1,10
6,616,1,1,0,1,10
6,640,1,1,0,0,10
6,643,1,1,0,0,10
6,659,1,1,0,0,10
6,660,1,1,0,0,10
6,672,1,1,0,0,10
6,689,1,1,0,0,10
6,690,1,1,0,1,10
6,691,1,1,0,0,10
6,692,1,1,0,0,10
6,713,1,1,0,0,10
6,748,1,1,0,0,10
6,766,1,1,0,1,10
6,775,1,1,0,1,10
6,908,1,1,0,0,10
6,936,1,1,0,1,10
6,950,1,1,0,0,10
6,976,1,1,0,0,10
6,998,1,1,0,1,10
6,1024,1,1,0,1,10
6,1025,1,1,0,0,10
6,1030,1,1,0,0,10
6,1041,1,1,0,0,10
6,1080,1,1,1,0,10
6,1081,1,1,1,0,10
6,1101,1,1,0,0,10
6,1110,1,1,0,0,10
6,1128,1,1,0,0,10
6,1130,1,1,1,0,10
6,1160,1,1,0,0,10
6,1174,1,1,0,1,10
6,1177,1,1,1,0,10
6,1186,1,1,0,0,10
6,1193,1,1,0,0,10
6,1237,1,1,1,0,10
6,1240,1,1,0,0,10
6,1242,1,1,1,0,10
6,1270,1,1,0,0,10
6,1275,1,1,0,1,10
6,1286,1,1,0,0,10
6,1296,1,1,0,0,10
6,1333,1,1,0,0,10
6,1359,1,1,0,0,10
6,1360,1,1,0,1,10
6,1361,1,1,0,1,10
6,1363,1,1,0,0,10
6,1364,1,1,0,0,10
6,1387,1,1,0,0,10
6,1389,1,1,0,0,10
6,1405,1,1,0,0,10
6,1455,1,1,1,0,10
6,1477,1,1,1,0,10
6,1483,1,1,0,0,10
6,1497,1,1,0,0,10
6,1506,1,1,0,0,10
6,1512,1,1,1,0,10
6,1541,1,1,0,0,10
6,1567,1,1,0,0,10
6,1598,1,1,0,0,10
6,1613,1,1,0,1,10
6,1623,1,1,0,0,10
6,1672,1,1,0,0,10
6,1699,1,1,0,0,10
6,1706,1,1,0,0,10
6,1776,1,1,1,0,10
6,1789,1,1,0,0,10
6,1803,1,1,0,0,10
6,1804,1,1,0,0,10
6,1805,1,1,1,0,10
6,1849,1,1,0,0,10
6,1863,1,1,1,0,10
6,1872,1,1,0,0,10
6,1892,1,1,0,0,10
6,1898,1,1,0,0,10
6,1907,1,1,1,0,10
6,1928,1,1,0,0,10
6,1937,1,1,0,0,10
6,1945,1,1,0,0,10
6,1948,1,1,0,1,10
6,1971,1,1,0,0,10
6,2016,1,1,0,0,10
6,2032,1,1,0,0,10
6,2047,1,1,0,0,10
6,2085,1,1,0,1,10
6,2150,1,1,0,0,10
6,2167,1,1,0,0,10
6,2177,1,1,1,0,10
6,2197,1,1,0,0,10
6,2201,1,1,1,0,10
6,2228,1,1,0,0,10
6,2232,1,1,0,0,10
6,2239,1,1,0,0,10
6,2292,1,1,0,0,10
6,2296,1,1,0,1,10
6,2326,1,1,0,0,10
6,2364,1,1,0,0,10
6,2366,1,1,0,0,10
6,2385,1,1,0,1,10
6,2406,1,1,0,1,10
6,2415,1,1,1,0,10
6,2426,1,1,1,0,10
6,2450,1,1,0,0,10
6,2475,1,1,0,0,10
6,2499,1,1,0,1,10
6,0,1,1,0,1,11
6,3,1,1,0,0,11
6,4,1,1,0,0,11
6,15,1,1,0,0,11
6,20,1,1,0,0,11
6,30,1,1,0,1,11
6,43,1,1,0,0,11
6,46,1,1,0,1,11
6,120,1,1,0,0,11
6,150,1,1,0,1,11
6,151,1,1,0,0,11
6,155,1,1,1,0,11
6,168,1,1,0,1,11
6,195,1,1,0,0,11
6,213,1,1,0,1,11
6,247,1,1,0,0,11
6,256,1,1,0,1,11
6,289,1,1,0,0,11
6,296,1,1,0,0,11
6,301,1,1,0,1,11
6,311,1,1,0,0,11
6,331,1,1,0,0,11
6,353,1,1,1,0,11
6,355,1,1,0,0,11
6,402,1,1,0,0,11
6,414,1,1,0,0,11
6,463,1,1,0,1,11
6,550,1,1,0,0,11
6,554,1,1,0,0,11
6,557,1,1,0,0,11
6,559,1,1,0,1,11
6,571,1,1,0,1,11
6,583,1,1,0,0,11
6,586,1,1,1,0,11
6,592,1,1,0,0,11
6,594,1,1,0,0,11
6,634,1,1,1,0,11
6,639,1,1,0,0,11
6,651,1,1,0,0,11
6,679,1,1,0,1,11
6,710,1,1,1,0,11
6,728,1,1,0,0,11
6,753,1,1,0,0,11
6,774,1,1,0,0,11
6,795,1,1,0,1,11
6,828,1,1,1,0,11
6,833,1,1,0,0,11
6,863,1,1,0,0,11
6,886,1,1,0,0,11
6,887,1,1,0,0,11
6,891,1,1,1,0,11
6,905,1,1,0,0,11
6,932,1,1,1,0,11
6,933,1,1,0,0,11
6,944,1,1,0,0,11
6,946,1,1,0,0,11
6,955,1,1,0,0,11
6,966,1,1,0,0,11
6,978,1,1,1,0,11
6,1000,1,1,0,0,11
6,1009,1,1,0,0,11
6,1037,1,1,1,0,11
6,1075,1,1,0,0,11
6,1091,1,1,0,1,11
6,1096,1,1,0,0,11
6,1103,1,1,0,0,11
6,1107,1,1,0,0,11
6,1119,1,1,0,1,11
6,1148,1,1,0,0,11
6,1154,1,1,0,0,11
6,1166,1,1,0,0,11
6,1180,1,1,0,0,11
6,1185,1,1,0,0,11
6,1230,1,1,0,0,11
6,1238,1,1,0,0,11
6,1245,1,1,0,0,11
6,1248,1,1,0,0,11
6,1252,1,1,0,0,11
6,1259,1,1,0,0,11
6,1272,1,1,0,0,11
6,1298,1,1,0,0,11
6,1300,1,1,0,0,11
6,1326,1,1,1,0,11
6,1329,1,1,0,0,11
6,1386,1,1,0,0,11
6,1395,1,1,0,0,11
6,1407,1,1,0,0,11
6,1411,1,1,0,1,11
6,1419,1,1,1,0,11
6,1487,1,1,0,0,11
6,1496,1,1,1,0,11
6,1499,1,1,0,1,11
6,1527,1,1,0,1,11
6,1572,1,1,0,0,11
6,1592,1,1,1,0,11
6,1620,1,1,0,1,11
6,1643,1,1,0,0,11
6,1645,1,1,0,0,11
6,1682,1,1,0,0,11
6,1689,1,1,1,0,11
6,1702,1,1,0,0,11
6,1708,1,1,0,0,11
6,1716,1,1,0,0,11
6,1724,1,1,0,0,11
6,1735,1,1,0,0,11
6,1738,1,1,1,0,11
6,1746,1,1,0,0,11
6,1774,1,1,0,0,11
6,1793,1,1,1,0,11
6,1795,1,1,0,1,11
6,1796,1,1,1,0,11
6,1811,1,1,0,0,11
6,1832,1,1,0,0,11
6,1851,1,1,1,0,11
6,1876,1,1,0,0,11
6,1894,1,1,0,0,11
6,1900,1,1,0,0,11
6,1908,1,1,0,0,11
6,1912,1,1,0,1,11
6,1915,1,1,0,0,11
6,1916,1,1,0,0,11
6,1917,1,1,0,0,11
6,1924,1,1,0,1,11
6,1929,1,1,0,1,11
6,1967,1,1,0,0,11
6,1973,1,1,0,1,11
6,1995,1,1,0,1,11
6,1996,1,1,1,0,11
6,1998,1,1,0,0,11
6,2011,1,1,0,0,11
6,2024,1,1,0,1,11
6,2029,1,1,0,0,11
6,2035,1,1,0,0,11
6,2082,1,1,0,0,11
6,2123,1,1,1,0,11
6,2125,1,1,0,0,11
6,2159,1,1,0,0,11
6,2162,1,1,0,1,11
6,2164,1,1,1,0,11
6,2168,1,1,1,0,11
6,2169,1,1,0,0,11
6,2212,1,1,0,0,11
6,2219,1,1,0,0,11
6,2240,1,1,1,0,11
6,2259,1,1,0,0,11
6,2293,1,1,0,1,11
6,2303,1,1,0,0,11
6,2338,1,1,0,0,11
6,2347,1,1,0,0,11
6,2352,1,1,0,1,11
6,2355,1,1,0,0,11
6,2362,1,1,0,0,11
6,2389,1,1,0,0,11
6,2430,1,1,0,1,11
6,2433,1,1,0,0,11
6,2445,1,1,1,0,11
6,2452,1,1,1,0,11
6,2477,1,1,0,0,11
6,2480,1,1,0,0,11
6,2496,1,1,1,0,11
6,21,3,3,0,3,12
6,28,3,3,0,0,12
6,59,3,3,0,3,12
6,60,3,3,3,0,12
6,66,3,3,0,0,12
6,96,3,3,1,0,12
6,99,3,3,0,3,12
6,104,3,3,3,0,12
6,116,3,3,0,3,12
6,119,3,3,3,0,12
6,125,3,3,0,0,12
6,130,3,3,0,3,12
6,140,3,3,0,0,12
6,149,3,3,0,0,12
6,159,3,3,3,0,12
6,179,3,3,0,0,12
6,184,3,3,0,0,12
6,241,3,3,3,0,12
6,308,3,3,0,0,12
6,314,3,3,0,0,12
6,336,3,3,0,0,12
6,337,3,3,0,0,12
6,343,3,3,0,0,12
6,347,3,3,0,0,12
6,350,3,3,0,0,12
6,386,3,3,0,0,12
6,389,3,3,1,0,12
6,395,3,3,3,0,12
6,403,3,3,3,0,12
6,404,3,3,0,0,12
6,435,3,3,0,0,12
6,442,3,3,0,0,12
6,443,3,3,0,1,12
6,451,3,3,1,0,12
6,478,3,3,0,0,12
6,495,3,3,0,3,12
6,500,3,3,3,0,12
6,538,3,3,0,1,12
6,560,3,3,0,0,12
6,574,3,3,0,0,12
6,624,3,3,1,0,12
6,649,3,3,0,1,12
6,742,3,3,0,0,12
6,745,3,3,0,0,12
6,754,3,3,0,0,12
6,764,3,3,0,1,12
6,772,3,3,0,0,12
6,785,3,3,3,0,12
6,788,3,3,0,0,12
6,808,3,3,3,0,12
6,812,3,3,0,1,12
6,836,3,3,3,0,12
6,852,3,3,0,0,12
6,868,3,3,0,0,12
6,925,3,3,0,3,12
6,939,3,3,3,0,12
6,942,3,3,0,0,12
6,948,3,3,0,0,12
6,967,3,3,0,0,12
6,974,3,3,0,0,12
6,988,3,3,0,0,12
6,1022,3,3,0,0,12
6,1104,3,3,3,0,12
6,1118,3,3,0,0,12
6,1146,3,3,3,0,12
6,1152,3,3,0,3,12
6,1169,3,3,0,0,12
6,1179,3,3,0,3,12
6,1194,3,3,0,0,12
6,1209,3,3,0,3,12
6,1217,3,3,0,0,12
6,1223,3,3,0,0,12
6,1228,3,3,3,0,12
6,1247,3,3,0,1,12
6,1266,3,3,0,3,12
6,1268,3,3,0,0,12
6,1279,3,3,0,0,12
6,1285,3,3,0,0,12
6,1290,3,3,0,1,12
6,1310,3,3,0,0,12
6,1311,3,3,0,0,12
6,1322,3,3,0,0,12
6,1346,3,3,1,0,12
6,1354,3,3,0,0,12
6,1373,3,3,0,0,12
6,1378,3,3,3,0,12
6,1379,3,3,0,0,12
6,1382,3,3,0,3,12
6,1409,3,3,0,1,12
6,1423,3,3,0,0,12
6,1464,3,3,0,0,12
6,1500,3,3,0,1,12
6,1519,3,3,0,0,12
6,1540,3,3,0,0,12
6,1545,3,3,0,3,12
6,1552,3,3,0,3,12
6,1555,3,3,3,0,12
6,1563,3,3,3,0,12
6,1583,3,3,0,3,12
6,1611,3,3,0,0,12
6,1627,3,3,0,0,12
6,1631,3,3,0,0,12
6,1649,3,3,3,0,12
6,1656,3,3,0,0,12
6,1660,3,3,0,0,12
6,1739,3,3,3,0,12
6,1754,3,3,0,0,12
6,1757,3,3,0,0,12
6,1772,3,3,0,0,12
6,1784,3,3,0,0,12
6,1816,3,3,0,0,12
6,1838,3,3,0,0,12
6,1839,3,3,3,0,12
6,1868,3,3,0,0,12
6,1879,3,3,0,0,12
6,1889,3,3,0,0,12
6,1909,3,3,0,0,12
6,1921,3,3,0,0,12
6,1927,3,3,0,0,12
6,1940,3,3,0,0,12
6,1942,3,3,0,0,12
6,1946,3,3,3,0,12
6,1954,3,3,0,0,12
6,1959,3,3,0,0,12
6,1964,3,3,0,0,12
6,1982,3,3,0,0,12
6,1983,3,3,0,0,12
6,2001,3,3,0,0,12
6,2003,3,3,0,0,12
6,2015,3,3,0,0,12
6,2026,3,3,1,0,12
6,2057,3,3,3,0,12
6,2081,3,3,0,0,12
6,2106,3,3,0,0,12
6,2119,3,3,0,0,12
6,2120,3,3,0,0,12
6,2139,3,3,0,0,12
6,2153,3,3,0,0,12
6,2157,3,3,3,0,12
6,2160,3,3,0,3,12
6,2183,3,3,1,0,12
6,2185,3,3,0,3,12
6,2237,3,3,0,0,12
6,2273,3,3,0,0,12
6,2334,3,3,0,0,12
6,2372,3,3,0,3,12
6,2381,3,3,0,3,12
6,2392,3,3,0,0,12
6,2401,3,3,0,0,12
6,2447,3,3,0,0,12
6,2454,3,3,3,0,12
6,2458,3,3,0,0,12
6,2482,3,3,0,0,12
6,2489,3,3,0,0,12
6,5,3,2,0,1,13
6,8,3,2,0,2,13
6,12,3,2,0,0,13
6,16,3,2,0,0,13
6,19,3,2,0,0,13
6,24,3,2,0,0,13
6,26,3,2,0,2,13
6,33,3,2,0,0,13
6,39,3,2,0,2,13
6,44,3,2,3,0,13
6,45,3,2,0,1,13
6,56,3,2,0,2,13
6,57,3,2,0,0,13
6,63,3,2,0,0,13
6,72,3,2,0,0,13
6,83,3,2,0,0,13
6,87,3,2,0,0,13
6,112,3,2,0,2,13
6,118,3,2,0,0,13
6,123,3,2,0,0,13
6,126,3,2,0,1,13
6,127,3,2,3,0,13
6,129,3,2,0,0,13
6,144,3,2,1,0,13
6,147,3,2,0,0,13
6,152,3,2,0,0,13
6,170,3,2,0,0,13
6,189,3,2,0,2,13
6,196,3,2,0,2,13
6,202,3,2,3,0,13
6,217,3,2,0,0,13
6,225,3,2,0,2,13
6,236,3,2,0,0,13
6,248,3,2,0,0,13
6,253,3,2,1,0,13
6,257,3,2,0,2,13
6,259,3,2,0,0,13
6,260,3,2,0,0,13
6,266,3,2,0,2,13
6,276,3,2,0,2,13
6,279,3,2,0,0,13
6,280,3,2,0,0,13
6,282,3,2,0,0,13
6,285,3,2,3,0,13
6,307,3,2,0,0,13
6,309,3,2,0,0,13
6,316,3,2,0,2,13
6,319,3,2,0,0,13
6,320,3,2,0,0,13
6,322,3,2,0,0,13
6,326,3,2,1,0,13
6,339,3,2,0,2,13
6,344,3,2,0,0,13
6,345,3,2,0,2,13
6,356,3,2,0,0,13
6,357,3,2,0,0,13
6,360,3,2,0,2,13
6,368,3,2,0,0,13
6,373,3,2,0,2,13
6,374,3,2,3,0,13
6,376,3,2,0,0,13
6,382,3,2,0,2,13
6,397,3,2,0,0,13
6,399,3,2,0,0,13
6,400,3,2,0,0,13
6,409,3,2,0,0,13
6,421,3,2,0,0,13
6,427,3,2,0,0,13
6,433,3,2,0,2,13
6,462,3,2,0,0,13
6,467,3,2,0,0,13
6,474,3,2,0,2,13
6,493,3,2,3,0,13
6,498,3,2,0,0,13
6,499,3,2,0,0,13
6,505,3,2,0,0,13
6,506,3,2,0,0,13
6,516,3,2,0,2,13
6,530,3,2,3,0,13
6,531,3,2,0,0,13
6,533,3,2,0,0,13
6,541,3,2,0,0,13
6,543,3,2,0,0,13
6,566,3,2,0,0,13
6,573,3,2,0,0,13
6,581,3,2,0,0,13
6,584,3,2,3,0,13
6,596,3,2,0,1,13
6,600,3,2,3,0,13
6,603,3,2,0,0,13
6,605,3,2,3,0,13
6,608,3,2,0,0,13
6,610,3,2,0,1,13
6,619,3,2,0,0,13
6,621,3,2,0,2,13
6,622,3,2,0,0,13
6,631,3,2,0,0,13
6,632,3,2,0,0,13
6,636,3,2,0,0,13
6,641,3,2,0,0,13
6,655,3,2,0,0,13
6,665,3,2,0,2,13
6,667,3,2,0,0,13
6,668,3,2,0,0,13
6,671,3,2,0,2,13
6,674,3,2,0,0,13
6,677,3,2,0,2,13
6,683,3,2,0,0,13
6,688,3,2,0,0,13
6,694,3,2,0,2,13
6,699,3,2,0,0,13
6,702,3,2,3,0,13
6,704,3,2,3,0,13
6,708,3,2,3,0,13
6,719,3,2,0,0,13
6,723,3,2,0,0,13
6,727,3,2,3,0,13
6,743,3,2,0,0,13
6,744,3,2,0,2,13
6,746,3,2,0,0,13
6,749,3,2,0,0,13
6,757,3,2,0,0,13
6,760,3,2,0,0,13
6,773,3,2,0,0,13
6,777,3,2,0,2,13
6,779,3,2,0,0,13
6,786,3,2,0,0,13
6,811,3,2,0,0,13
6,813,3,2,0,0,13
6,822,3,2,0,0,13
6,827,3,2,0,2,13
6,830,3,2,0,0,13
6,832,3,2,1,0,13
6,837,3,2,3,0,13
6,841,3,2,3,0,13
6,846,3,2,0,0,13
6,856,3,2,0,0,13
6,859,3,2,0,1,13
6,860,3,2,0,1,13
6,880,3,2,3,0,13
6,881,3,2,0,0,13
6,883,3,2,3,0,13
6,885,3,2,0,2,13
6,888,3,2,0,0,13
6,897,3,2,0,2,13
6,904,3,2,0,0,13
6,914,3,2,0,0,13
6,916,3,2,0,2,13
6,920,3,2,0,0,13
6,921,3,2,0,0,13
6,931,3,2,0,0,13
6,934,3,2,0,0,13
6,935,3,2,1,0,13
6,937,3,2,3,0,13
6,949,3,2,0,0,13
6,951,3,2,0,0,13
6,957,3,2,0,2,13
6,960,3,2,0,0,13
6,964,3,2,0,2,13
6,965,3,2,0,2,13
6,979,3,2,0,0,13
6,981,3,2,0,2,13
6,985,3,2,0,2,13
6,994,3,2,0,0,13
6,997,3,2,0,2,13
6,1011,3,2,0,2,13
6,1017,3,2,3,0,13
6,1018,3,2,0,2,13
6,1020,3,2,0,2,13
6,1031,3,2,0,0,13
6,1032,3,2,0,0,13
6,1034,3,2,0,0,13
6,1043,3,2,0,0,13
6,1045,3,2,0,0,13
6,1051,3,2,0,0,13
6,1053,3,2,0,0,13
6,1056,3,2,0,0,13
6,1072,3,2,0,2,13
6,1073,3,2,0,0,13
6,1074,3,2,0,0,13
6,1082,3,2,0,0,13
6,1087,3,2,0,0,13
6,1098,3,2,0,2,13
6,1099,3,2,0,0,13
6,1108,3,2,1,0,13
6,1111,3,2,0,0,13
6,1117,3,2,0,0,13
6,1120,3,2,0,0,13
6,1121,3,2,3,0,13
6,1126,3,2,0,0,13
6,1131,3,2,0,0,13
6,1138,3,2,3,0,13
6,1141,3,2,0,2,13
6,1155,3,2,0,0,13
6,1165,3,2,3,0,13
6,1189,3,2,0,0,13
6,1191,3,2,0,2,13
6,1192,3,2,0,2,13
6,1201,3,2,0,2,13
6,1211,3,2,0,1,13
6,1221,3,2,0,0,13
6,1227,3,2,0,2,13
6,1236,3,2,0,0,13
6,1249,3,2,0,2,13
6,1253,3,2,0,0,13
6,1267,3,2,1,0,13
6,1273,3,2,0,0,13
6,1276,3,2,3,0,13
6,1277,3,2,0,0,13
6,1280,3,2,3,0,13
6,1291,3,2,3,0,13
6,1303,3,2,3,0,13
6,1308,3,2,0,0,13
6,1309,3,2,0,2,13
6,1313,3,2,3,0,13
6,1316,3,2,0,0,13
6,1330,3,2,0,2,13
6,1334,3,2,0,0,13
6,1338,3,2,0,0,13
6,1340,3,2,0,0,13
6,1342,3,2,0,0,13
6,1343,3,2,3,0,13
6,1347,3,2,0,0,13
6,1353,3,2,0,0,13
6,1365,3,2,0,0,13
6,1377,3,2,0,0,13
6,1385,3,2,3,0,13
6,1388,3,2,0,0,13
6,1399,3,2,0,0,13
6,1406,3,2,0,0,13
6,1412,3,2,0,0,13
6,1416,3,2,0,2,13
6,1420,3,2,0,2,13
6,1430,3,2,0,0,13
6,1432,3,2,0,0,13
6,1441,3,2,0,0,13
6,1445,3,2,0,0,13
6,1453,3,2,0,2,13
6,1459,3,2,0,0,13
6,1467,3,2,0,0,13
6,1468,3,2,0,0,13
6,1473,3,2,0,0,13
6,1474,3,2,0,0,13
6,1480,3,2,0,0,13
6,1485,3,2,0,0,13
6,1490,3,2,0,0,13
6,1513,3,2,0,0,13
6,1516,3,2,1,0,13
6,1531,3,2,0,2,13
6,1539,3,2,0,2,13
6,1548,3,2,0,0,13
6,1549,3,2,0,0,13
6,1554,3,2,0,0,13
6,1556,3,2,0,0,13
6,1557,3,2,0,0,13
6,1561,3,2,3,0,13
6,1584,3,2,0,2,13
6,1585,3,2,0,2,13
6,1594,3,2,0,0,13
6,1599,3,2,0,0,13
6,1604,3,2,0,0,13
6,1605,3,2,0,2,13
6,1607,3,2,0,0,13
6,1610,3,2,0,1,13
6,1618,3,2,3,0,13
6,1619,3,2,0,0,13
6,1622,3,2,0,0,13
6,1632,3,2,0,0,13
6,1666,3,2,0,1,13
6,1668,3,2,3,0,13
6,1674,3,2,0,0,13
6,1676,3,2,1,0,13
6,1687,3,2,3,0,13
6,1688,3,2,3,0,13
6,1690,3,2,3,0,13
6,1693,3,2,0,0,13
6,1701,3,2,3,0,13
6,1707,3,2,0,0,13
6,1718,3,2,1,0,13
6,1720,3,2,0,0,13
6,1726,3,2,0,0,13
6,1740,3,2,0,0,13
6,1756,3,2,0,0,13
6,1760,3,2,3,0,13
6,1779,3,2,3,0,13
6,1780,3,2,0,0,13
6,1783,3,2,0,0,13
6,1792,3,2,3,0,13
6,1808,3,2,3,0,13
6,1823,3,2,0,0,13
6,1837,3,2,0,2,13
6,1845,3,2,0,0,13
6,1852,3,2,0,0,13
6,1855,3,2,1,0,13
6,1860,3,2,0,0,13
6,1867,3,2,0,1,13
6,1874,3,2,0,0,13
6,1887,3,2,0,0,13
6,1888,3,2,0,0,13
6,1902,3,2,0,2,13
6,1904,3,2,0,0,13
6,1920,3,2,0,0,13
6,1926,3,2,3,0,13
6,1931,3,2,3,0,13
6,1933,3,2,0,2,13
6,1935,3,2,3,0,13
6,1962,3,2,0,0,13
6,1970,3,2,0,0,13
6,1979,3,2,0,0,13
6,1990,3,2,0,0,13
6,1993,3,2,0,0,13
6,2000,3,2,0,2,13
6,2007,3,2,0,0,13
6,2010,3,2,0,0,13
6,2019,3,2,0,0,13
6,2025,3,2,0,0,13
6,2031,3,2,0,0,13
6,2046,3,2,0,0,13
6,2050,3,2,0,0,13
6,2058,3,2,0,0,13
6,2080,3,2,0,0,13
6,2087,3,2,0,0,13
6,2089,3,2,0,0,13
6,2092,3,2,0,0,13
6,2093,3,2,0,2,13
6,2105,3,2,1,0,13
6,2107,3,2,0,0,13
6,2112,3,2,0,0,13
6,2117,3,2,0,0,13
6,2128,3,2,0,2,13
6,2138,3,2,0,2,13
6,2140,3,2,0,0,13
6,2142,3,2,0,0,13
6,2149,3,2,0,0,13
6,2166,3,2,3,0,13
6,2194,3,2,0,0,13
6,2209,3,2,0,0,13
6,2210,3,2,0,0,13
6,2213,3,2,0,2,13
6,2218,3,2,0,2,13
6,2221,3,2,0,0,13
6,2224,3,2,0,0,13
6,2245,3,2,3,0,13
6,2246,3,2,0,1,13
6,2249,3,2,1,0,13
6,2252,3,2,0,0,13
6,2253,3,2,1,0,13
6,2271,3,2,0,0,13
6,2286,3,2,3,0,13
6,2302,3,2,0,2,13
6,2306,3,2,1,0,13
6,2309,3,2,3,0,13
6,2314,3,2,0,2,13
6,2317,3,2,0,2,13
6,2318,3,2,0,0,13
6,2324,3,2,0,0,13
6,2328,3,2,0,2,13
6,2337,3,2,0,0,13
6,2340,3,2,0,2,13
6,2349,3,2,3,0,13
6,2351,3,2,0,0,13
6,2357,3,2,0,0,13
6,2365,3,2,0,0,13
6,2377,3,2,0,0,13
6,2387,3,2,0,2,13
6,2393,3,2,0,0,13
6,2403,3,2,0,2,13
6,2411,3,2,0,0,13
6,2413,3,2,0,0,13
6,2417,3,2,0,0,13
6,2418,3,2,0,2,13
6,2419,3,2,0,2,13
6,2423,3,2,0,0,13
6,2424,3,2,0,0,13
6,2425,3,2,1,0,13
6,2431,3,2,0,0,13
6,2434,3,2,0,0,13
6,2438,3,2,0,2,13
6,2443,3,2,3,0,13
6,2462,3,2,0,0,13
6,2465,3,2,1,0,13
6,2479,3,2,0,0,13
6,2483,3,2,0,0,13
6,2485,3,2,0,0,13
6,2486,3,2,0,0,13
6,2492,3,2,0,0,13
6,2494,3,2,0,0,13
6,37,1,1,0,1,14
6,64,1,1,0,0,14
6,68,1,1,0,0,14
6,70,1,1,0,0,14
6,71,1,1,1,0,14
6,75,1,1,1,0,14
6,79,1,1,1,0,14
6,90,1,1,1,0,14
6,91,1,1,0,0,14
6,173,1,1,0,0,14
6,183,1,1,1,0,14
6,191,1,1,0,0,14
6,200,1,1,0,0,14
6,201,1,1,0,0,14
6,215,1,1,1,0,14
6,218,1,1,0,0,14
6,219,1,1,1,0,14
6,229,1,1,0,0,14
6,242,1,1,1,0,14
6,245,1,1,0,1,14
6,252,1,1,0,1,14
6,263,1,1,0,0,14
6,290,1,1,0,0,14
6,291,1,1,0,0,14
6,300,1,1,0,0,14
6,302,1,1,1,0,14
6,304,1,1,0,1,14
6,310,1,1,0,0,14
6,325,1,1,0,0,14
6,334,1,1,0,0,14
6,366,1,1,1,0,14
6,383,1,1,0,0,14
6,387,1,1,1,0,14
6,431,1,1,0,0,14
6,438,1,1,0,1,14
6,455,1,1,0,1,14
6,457,1,1,0,0,14
6,486,1,1,0,0,14
6,489,1,1,0,0,14
6,510,1,1,0,0,14
6,513,1,1,1,0,14
6,523,1,1,0,0,14
6,539,1,1,0,1,14
6,555,1,1,0,0,14
6,558,1,1,0,1,14
6,561,1,1,0,0,14
6,580,1,1,0,0,14
6,609,1,1,0,1,14
6,623,1,1,1,0,14
6,625,1,1,0,0,14
6,633,1,1,0,0,14
6,642,1,1,0,0,14
6,658,1,1,0,0,14
6,687,1,1,0,0,14
6,724,1,1,0,0,14
6,731,1,1,0,0,14
6,740,1,1,0,0,14
6,758,1,1,0,0,14
6,770,1,1,0,0,14
6,809,1,1,0,0,14
6,821,1,1,0,0,14
6,834,1,1,0,0,14
6,839,1,1,0,0,14
6,870,1,1,0,0,14
6,896,1,1,0,0,14
6,912,1,1,1,0,14
6,927,1,1,0,1,14
6,972,1,1,1,0,14
6,975,1,1,1,0,14
6,982,1,1,0,0,14
6,989,1,1,0,0,14
6,1007,1,1,1,0,14
6,1008,1,1,0,0,14
6,1012,1,1,0,1,14
6,1023,1,1,0,0,14
6,1026,1,1,0,1,14
6,1036,1,1,0,0,14
6,1044,1,1,1,0,14
6,1048,1,1,0,0,14
6,1052,1,1,0,0,14
6,1062,1,1,0,0,14
6,1066,1,1,0,0,14
6,1069,1,1,1,0,14
6,1071,1,1,0,0,14
6,1076,1,1,0,0,14
6,1092,1,1,0,0,14
6,1139,1,1,0,0,14
6,1142,1,1,0,1,14
6,1144,1,1,0,0,14
6,1147,1,1,0,0,14
6,1161,1,1,0,0,14
6,1178,1,1,0,0,14
6,1190,1,1,0,0,14
6,1208,1,1,0,1,14
6,1222,1,1,1,0,14
6,1226,1,1,1,0,14
6,1251,1,1,1,0,14
6,1278,1,1,0,0,14
6,1281,1,1,1,0,14
6,1283,1,1,0,0,14
6,1301,1,1,0,0,14
6,1302,1,1,0,0,14
6,1304,1,1,0,0,14
6,1318,1,1,0,0,14
6,1323,1,1,0,0,14
6,1327,1,1,1,0,14
6,1348,1,1,0,0,14
6,1349,1,1,0,0,14
6,1401,1,1,0,0,14
6,1404,1,1,0,0,14
6,1418,1,1,0,0,14
6,1431,1,1,0,0,14
6,1438,1,1,0,1,14
6,1462,1,1,0,1,14
6,1471,1,1,0,1,14
6,1493,1,1,0,0,14
6,1502,1,1,0,1,14
6,1507,1,1,0,0,14
6,1508,1,1,0,0,14
6,1522,1,1,0,1,14
6,1581,1,1,1,0,14
6,1588,1,1,0,0,14
6,1597,1,1,0,0,14
6,1608,1,1,1,0,14
6,1624,1,1,0,0,14
6,1641,1,1,0,0,14
6,1647,1,1,0,1,14
6,1653,1,1,1,0,14
6,1662,1,1,0,0,14
6,1677,1,1,0,0,14
6,1678,1,1,1,0,14
6,1683,1,1,0,1,14
6,1710,1,1,1,0,14
6,1719,1,1,1,0,14
6,1722,1,1,0,0,14
6,1751,1,1,0,1,14
6,1753,1,1,0,0,14
6,1778,1,1,0,0,14
6,1786,1,1,0,0,14
6,1799,1,1,0,1,14
6,1806,1,1,1,0,14
6,1815,1,1,1,0,14
6,1824,1,1,0,1,14
6,1830,1,1,0,0,14
6,1834,1,1,1,0,14
6,1841,1,1,0,0,14
6,1844,1,1,0,0,14
6,1858,1,1,0,0,14
6,1878,1,1,0,0,14
6,1918,1,1,0,0,14
6,1922,1,1,0,0,14
6,1925,1,1,0,0,14
6,1961,1,1,0,0,14
6,1966,1,1,0,0,14
6,1981,1,1,0,0,14
6,1991,1,1,0,1,14
6,2009,1,1,0,0,14
6,2020,1,1,0,1,14
6,2049,1,1,0,0,14
6,2060,1,1,0,0,14
6,2061,1,1,0,0,14
6,2064,1,1,0,0,14
6,2075,1,1,0,0,14
6,2083,1,1,0,0,14
6,2102,1,1,0,0,14
6,2133,1,1,0,0,14
6,2137,1,1,0,0,14
6,2161,1,1,0,1,14
6,2181,1,1,0,0,14
6,2182,1,1,0,0,14
6,2187,1,1,0,1,14
6,2206,1,1,0,0,14
6,2222,1,1,0,1,14
6,2230,1,1,0,1,14
6,2231,1,1,0,0,14
6,2233,1,1,0,0,14
6,2242,1,1,1,0,14
6,2248,1,1,0,0,14
6,2272,1,1,0,0,14
6,2277,1,1,0,0,14
6,2289,1,1,0,0,14
6,2300,1,1,0,1,14
6,2310,1,1,0,1,14
6,2319,1,1,1,0,14
6,2323,1,1,0,0,14
6,2333,1,1,0,0,14
6,2342,1,1,0,1,14
6,2354,1,1,1,0,14
6,2371,1,1,1,0,14
6,2439,1,1,0,1,14
6,2449,1,1,0,0,14
6,2471,1,1,1,0,14
6,2476,1,1,0,1,14
6,2497,1,1,0,0,14
7,2,2,3,0,0,0
7,25,2,3,0,0,0
7,31,2,3,0,0,0
7,34,2,3,0,1,0
7,53,2,3,0,0,0
7,58,2,3,0,0,0
7,67,2,3,0,0,0
7,73,2,3,1,0,0
7,74,2,3,0,1,0
7,80,2,3,0,0,0
7,88,2,3,0,0,0
7,92,2,3,1,0,0
7,98,2,3,0,0,0
7,105,2,3,1,0,0
7,106,2,3,0,0,0
7,142,2,3,0,0,0
7,154,2,3,0,0,0
7,156,2,3,0,1,0
7,160,2,3,0,1,0
7,187,2,3,0,0,0
7,199,2,3,1,0,0
7,212,2,3,0,0,0
7,224,2,3,0,0,0
7,249,2,3,1,0,0
7,277,2,3,1,0,0
7,298,2,3,1,0,0
7,324,2,3,0,0,0
7,328,2,3,0,1,0
7,363,2,3,0,0,0
7,375,2,3,0,0,0
7,410,2,3,0,0,0
7,411,2,3,0,1,0
7,413,2,3,0,0,0
7,416,2,3,0,1,0
7,434,2,3,0,0,0
7,444,2,3,0,1,0
7,458,2,3,0,0,0
7,460,2,3,0,0,0
7,502,2,3,0,0,0
7,503,2,3,0,0,0
7,509,2,3,0,0,0
7,519,2,3,0,0,0
7,528,2,3,0,0,0
7,529,2,3,1,0,0
7,532,2,3,1,0,0
7,546,2,3,0,0,0
7,549,2,3,0,0,0
7,551,2,3,0,0,0
7,562,2,3,0,1,0
7,620,2,3,1,0,0
7,654,2,3,0,0,0
7,666,2,3,0,0,0
7,681,2,3,0,0,0
7,684,2,3,0,0,0
7,714,2,3,0,0,0
7,734,2,3,0,1,0
7,768,2,3,0,0,0
7,771,2,3,0,0,0
7,780,2,3,1,0,0
7,789,2,3,0,0,0
7,793,2,3,0,0,0
7,820,2,3,0,1,0
7,845,2,3,0,0,0
7,869,2,3,0,0,0
7,922,2,3,0,0,0
7,983,2,3,0,0,0
7,1003,2,3,0,0,0
7,1015,2,3,0,0,0
7,1021,2,3,0,0,0
7,1027,2,3,0,0,0
7,1122,2,3,0,0,0
7,1133,2,3,1,0,0
7,1140,2,3,1,0,0
7,1150,2,3,0,0,0
7,1151,2,3,0,0,0
7,1157,2,3,0,0,0
7,1159,2,3,0,0,0
7,1176,2,3,0,0,0
7,1184,2,3,0,0,0
7,1188,2,3,0,0,0
7,1195,2,3,0,0,0
7,1197,2,3,0,0,0
7,1210,2,3,0,0,0
7,1241,2,3,0,0,0
7,1243,2,3,0,0,0
7,1257,2,3,0,0,0
7,1264,2,3,0,1,0
7,1287,2,3,0,0,0
7,1306,2,3,0,1,0
7,1307,2,3,0,0,0
7,1328,2,3,0,0,0
7,1355,2,3,0,0,0
7,1356,2,3,1,0,0
7,1371,2,3,0,0,0
7,1394,2,3,0,0,0
7,1415,2,3,0,0,0
7,1421,2,3,1,0,0
7,1433,2,3,0,0,0
7,1451,2,3,0,0,0
7,1461,2,3,0,0,0
7,1484,2,3,0,0,0
7,1501,2,3,0,0,0
7,1518,2,3,0,0,0
7,1520,2,3,0,0,0
7,1521,2,3,0,0,0
7,1536,2,3,0,0,0
7,1538,2,3,0,0,0
7,1546,2,3,0,0,0
7,1553,2,3,0,1,0
7,1564,2,3,0,0,0
7,1575,2,3,0,1,0
7,1577,2,3,0,0,0
7,1603,2,3,0,0,0
7,1629,2,3,0,1,0
7,1636,2,3,0,0,0
7,1648,2,3,1,0,0
7,1652,2,3,1,0,0
7,1657,2,3,0,0,0
7,1661,2,3,0,0,0
7,1669,2,3,0,0,0
7,1684,2,3,0,1,0
7,1685,2,3,0,0,0
7,1697,2,3,1,0,0
7,1712,2,3,0,0,0
7,1714,2,3,1,0,0
7,1715,2,3,1,0,0
7,1730,2,3,0,0,0
7,1745,2,3,0,0,0
7,1766,2,3,0,0,0
7,1769,2,3,1,0,0
7,1790,2,3,0,1,0
7,1817,2,3,0,0,0
7,1818,2,3,1,0,0
7,1821,2,3,0,0,0
7,1829,2,3,0,0,0
7,1882,2,3,0,0,0
7,1897,2,3,0,0,0
7,1930,2,3,0,0,0
7,1938,2,3,0,1,0
7,1949,2,3,0,1,0
7,1969,2,3,0,0,0
7,1972,2,3,0,0,0
7,1986,2,3,0,1,0
7,1987,2,3,0,0,0
7,1992,2,3,0,1,0
7,2013,2,3,0,1,0
7,2022,2,3,0,0,0
7,2053,2,3,0,0,0
7,2076,2,3,0,0,0
7,2098,2,3,0,0,0
7,2108,2,3,1,0,0
7,2165,2,3,0,0,0
7,2188,2,3,0,0,0
7,2189,2,3,0,0,0
7,2192,2,3,0,1,0
7,2196,2,3,1,0,0
7,2203,2,3,0,0,0
7,2234,2,3,0,0,0
7,2236,2,3,0,0,0
7,2244,2,3,0,0,0
7,2256,2,3,0,1,0
7,2258,2,3,0,1,0
7,2260,2,3,0,0,0
7,2291,2,3,0,0,0
7,2301,2,3,1,0,0
7,2320,2,3,0,0,0
7,2327,2,3,1,0,0
7,2329,2,3,0,0,0
7,2339,2,3,0,0,0
7,2341,2,3,1,0,0
7,2348,2,3,0,0,0
7,2353,2,3,1,0,0
7,2367,2,3,0,0,0
7,2368,2,3,0,0,0
7,2378,2,3,0,0,0
7,2379,2,3,0,0,0
7,2382,2,3,1,0,0
7,2390,2,3,1,0,0
7,2412,2,3,0,0,0
7,2437,2,3,0,0,0
7,2470,2,3,0,0,0
7,2490,2,3,1,0,0
7,2495,2,3,0,1,0
7,22,1,1,0,0,1
7,38,1,1,0,0,1
7,52,1,1,0,1,1
7,61,1,1,0,0,1
7,76,1,1,0,1,1
7,117,1,1,0,0,1
7,122,1,1,1,0,1
7,131,1,1,1,0,1
7,174,1,1,0,0,1
7,186,1,1,0,0,1
7,192,1,1,0,0,1
7,210,1,1,0,0,1
7,214,1,1,0,1,1
7,222,1,1,0,1,1
7,239,1,1,0,0,1
7,264,1,1,0,0,1
7,270,1,1,0,0,1
7,286,1,1,0,0,1
7,293,1,1,0,0,1
7,303,1,1,0,0,1
7,306,1,1,0,0,1
7,365,1,1,0,0,1
7,385,1,1,0,0,1
7,426,1,1,0,0,1
7,471,1,1,1,0,1
7,514,1,1,0,1,1
7,524,1,1,0,0,1
7,527,1,1,0,0,1
7,537,1,1,0,0,1
7,564,1,1,1,0,1
7,569,1,1,0,0,1
7,593,1,1,1,0,1
7,601,1,1,0,0,1
7,602,1,1,1,0,1
7,628,1,1,0,0,1
7,629,1,1,0,0,1
7,637,1,1,0,1,1
7,656,1,1,0,0,1
7,662,1,1,0,0,1
7,664,1,1,0,0,1
7,712,1,1,0,1,1
7,716,1,1,0,0,1
7,722,1,1,0,0,1
7,755,1,1,1,0,1
7,756,1,1,0,1,1
7,761,1,1,1,0,1
7,800,1,1,0,0,1
7,802,1,1,0,1,1
7,824,1,1,0,1,1
7,825,1,1,0,0,1
7,826,1,1,0,0,1
7,842,1,1,1,0,1
7,851,1,1,0,1,1
7,855,1,1,0,0,1
7,892,1,1,0,0,1
7,893,1,1,0,0,1
7,902,1,1,0,0,1
7,923,1,1,0,0,1
7,929,1,1,0,0,1
7,930,1,1,0,0,1
7,943,1,1,0,0,1
7,968,1,1,0,0,1
7,970,1,1,0,0,1
7,977,1,1,0,0,1
7,987,1,1,0,0,1
7,1004,1,1,1,0,1
7,1014,1,1,0,0,1
7,1050,1,1,0,0,1
7,1070,1,1,1,0,1
7,1088,1,1,0,0,1
7,1115,1,1,0,0,1
7,1123,1,1,0,0,1
7,1124,1,1,0,0,1
7,1136,1,1,1,0,1
7,1143,1,1,0,0,1
7,1163,1,1,0,0,1
7,1168,1,1,0,0,1
7,1196,1,1,0,0,1
7,1203,1,1,0,0,1
7,1207,1,1,0,0,1
7,1233,1,1,0,0,1
7,1320,1,1,0,0,1
7,1324,1,1,0,0,1
7,1351,1,1,1,0,1
7,1366,1,1,0,0,1
7,1367,1,1,0,1,1
7,1369,1,1,0,1,1
7,1410,1,1,0,0,1
7,1417,1,1,0,0,1
7,1426,1,1,0,0,1
7,1428,1,1,0,0,1
7,1429,1,1,0,1,1
7,1434,1,1,1,0,1
7,1435,1,1,0,1,1
7,1450,1,1,0,1,1
7,1452,1,1,0,0,1
7,1475,1,1,1,0,1
7,1482,1,1,0,0,1
7,1494,1,1,1,0,1
7,1510,1,1,0,0,1
7,1517,1,1,1,0,1
7,1523,1,1,0,0,1
7,1569,1,1,0,1,1
7,1595,1,1,1,0,1
7,1602,1,1,1,0,1
7,1606,1,1,0,0,1
7,1609,1,1,0,0,1
7,1612,1,1,0,1,1
7,1659,1,1,0,1,1
7,1664,1,1,0,0,1
7,1680,1,1,1,0,1
7,1692,1,1,1,0,1
7,1704,1,1,1,0,1
7,1731,1,1,0,0,1
7,1734,1,1,0,0,1
7,1741,1,1,0,0,1
7,1752,1,1,0,1,1
7,1762,1,1,0,0,1
7,1768,1,1,0,0,1
7,1794,1,1,0,1,1
7,1809,1,1,1,0,1
7,1812,1,1,0,1,1
7,1827,1,1,0,0,1
7,1836,1,1,0,0,1
7,1862,1,1,0,0,1
7,1871,1,1,0,1,1
7,1890,1,1,0,1,1
7,1893,1,1,0,0,1
7,1896,1,1,0,1,1
7,1923,1,1,1,0,1
7,1974,1,1,0,0,1
7,1980,1,1,1,0,1
7,1989,1,1,0,0,1
7,2017,1,1,0,0,1
7,2038,1,1,1,0,1
7,2045,1,1,1,0,1
7,2070,1,1,0,0,1
7,2077,1,1,0,1,1
7,2078,1,1,0,0,1
7,2086,1,1,0,0,1
7,2088,1,1,0,0,1
7,2109,1,1,0,1,1
7,2118,1,1,0,0,1
7,2141,1,1,0,0,1
7,2170,1,1,0,0,1
7,2172,1,1,0,0,1
7,2184,1,1,0,0,1
7,2199,1,1,0,0,1
7,2202,1,1,0,0,1
7,2220,1,1,0,0,1
7,2226,1,1,0,0,1
7,2261,1,1,0,0,1
7,2269,1,1,0,0,1
7,2276,1,1,0,1,1
7,2280,1,1,0,0,1
7,2297,1,1,0,0,1
7,2313,1,1,0,0,1
7,2315,1,1,1,0,1
7,2336,1,1,0,0,1
7,2343,1,1,0,0,1
7,2408,1,1,0,1,1
7,2428,1,1,0,0,1
7,2442,1,1,1,0,1
7,2446,1,1,0,0,1
7,2468,1,1,0,0,1
7,2491,1,1,1,0,1
7,2498,1,1,0,1,1
7,6,1,1,0,0,2
7,9,1,1,0,0,2
7,18,1,1,0,0,2
7,124,1,1,0,0,2
7,132,1,1,0,0,2
7,143,1,1,1,0,2
7,206,1,1,0,0,2
7,216,1,1,0,0,2
7,223,1,1,1,0,2
7,231,1,1,1,0,2
7,238,1,1,0,0,2
7,288,1,1,0,0,2
7,292,1,1,0,0,2
7,333,1,1,0,0,2
7,342,1,1,0,0,2
7,372,1,1,1,0,2
7,379,1,1,0,0,2
7,390,1,1,1,0,2
7,392,1,1,1,0,2
7,398,1,1,1,0,2
7,408,1,1,0,0,2
7,432,1,1,0,0,2
7,449,1,1,1,0,2
7,452,1,1,0,0,2
7,464,1,1,0,0,2
7,468,1,1,0,0,2
7,472,1,1,1,0,2
7,482,1,1,0,0,2
7,483,1,1,0,0,2
7,515,1,1,0,1,2
7,542,1,1,0,0,2
7,576,1,1,0,0,2
7,579,1,1,0,0,2
7,585,1,1,1,0,2
7,589,1,1,1,0,2
7,635,1,1,1,0,2
7,682,1,1,1,0,2
7,695,1,1,0,0,2
7,696,1,1,0,0,2
7,697,1,1,0,0,2
7,701,1,1,0,1,2
7,703,1,1,0,0,2
7,735,1,1,0,0,2
7,738,1,1,0,0,2
7,759,1,1,0,0,2
7,781,1,1,0,0,2
7,784,1,1,1,0,2
7,801,1,1,0,0,2
7,815,1,1,0,0,2
7,861,1,1,1,0,2
7,867,1,1,0,0,2
7,873,1,1,0,0,2
7,876,1,1,0,0,2
7,910,1,1,0,0,2
7,941,1,1,0,0,2
7,971,1,1,0,0,2
7,986,1,1,0,1,2
7,990,1,1,0,1,2
7,992,1,1,0,0,2
7,1054,1,1,0,1,2
7,1061,1,1,0,0,2
7,1090,1,1,0,0,2
7,1093,1,1,0,0,2
7,1170,1,1,0,0,2
7,1181,1,1,0,0,2
7,1206,1,1,0,0,2
7,1214,1,1,1,0,2
7,1215,1,1,0,1,2
7,1216,1,1,0,0,2
7,1224,1,1,0,1,2
7,1229,1,1,1,0,2
7,1246,1,1,0,0,2
7,1254,1,1,1,0,2
7,1288,1,1,0,1,2
7,1295,1,1,0,0,2
7,1319,1,1,0,0,2
7,1375,1,1,0,1,2
7,1380,1,1,0,0,2
7,1383,1,1,0,0,2
7,1391,1,1,0,0,2
7,1393,1,1,0,0,2
7,1398,1,1,0,0,2
7,1402,1,1,0,0,2
7,1436,1,1,1,0,2
7,1447,1,1,0,1,2
7,1458,1,1,0,0,2
7,1472,1,1,0,0,2
7,1486,1,1,0,0,2
7,1532,1,1,0,0,2
7,1535,1,1,0,0,2
7,1551,1,1,1,0,2
7,1580,1,1,0,0,2
7,1601,1,1,0,0,2
7,1621,1,1,0,0,2
7,1646,1,1,0,1,2
7,1654,1,1,0,0,2
7,1675,1,1,0,0,2
7,1681,1,1,0,1,2
7,1691,1,1,0,0,2
7,1696,1,1,0,0,2
7,1705,1,1,1,0,2
7,1729,1,1,1,0,2
7,1732,1,1,0,0,2
7,1831,1,1,0,0,2
7,1835,1,1,1,0,2
7,1846,1,1,0,0,2
7,1853,1,1,0,1,2
7,1865,1,1,0,1,2
7,1884,1,1,0,0,2
7,1891,1,1,1,0,2
7,1901,1,1,0,1,2
7,1903,1,1,1,0,2
7,1906,1,1,0,1,2
7,1911,1,1,0,1,2
7,1932,1,1,0,0,2
7,1951,1,1,0,0,2
7,2023,1,1,0,0,2
7,2041,1,1,0,0,2
7,2044,1,1,0,0,2
7,2059,1,1,0,0,2
7,2079,1,1,0,1,2
7,2099,1,1,0,0,2
7,2104,1,1,0,0,2
7,2110,1,1,0,0,2
7,2124,1,1,0,0,2
7,2135,1,1,0,0,2
7,2152,1,1,0,0,2
7,2155,1,1,0,0,2
7,2174,1,1,0,0,2
7,2180,1,1,0,0,2
7,2195,1,1,0,1,2
7,2225,1,1,0,0,2
7,2281,1,1,0,0,2
7,2305,1,1,0,0,2
7,2394,1,1,0,0,2
7,2397,1,1,0,0,2
7,2414,1,1,0,0,2
7,2441,1,1,0,1,2
7,2453,1,1,0,1,2
7,2461,1,1,0,0,2
7,2467,1,1,0,0,2
7,2478,1,1,1,0,2
7,2484,1,1,0,1,2
7,49,1,1,0,0,3
7,86,1,1,1,0,3
7,95,1,1,0,0,3
7,102,1,1,0,0,3
7,103,1,1,0,0,3
7,108,1,1,0,1,3
7,141,1,1,1,0,3
7,193,1,1,0,0,3
7,230,1,1,0,0,3
7,240,1,1,0,1,3
7,254,1,1,0,0,3
7,258,1,1,0,0,3
7,272,1,1,0,0,3
7,295,1,1,0,1,3
7,327,1,1,0,0,3
7,338,1,1,1,0,3
7,340,1,1,0,0,3
7,361,1,1,0,0,3
7,377,1,1,1,0,3
7,381,1,1,0,0,3
7,407,1,1,0,1,3
7,412,1,1,1,0,3
7,456,1,1,0,0,3
7,494,1,1,0,0,3
7,501,1,1,0,0,3
7,508,1,1,0,0,3
7,534,1,1,0,0,3
7,540,1,1,0,0,3
7,577,1,1,0,1,3
7,578,1,1,0,0,3
7,590,1,1,0,0,3
7,595,1,1,0,1,3
7,597,1,1,0,0,3
7,599,1,1,0,1,3
7,606,1,1,0,0,3
7,611,1,1,0,0,3
7,627,1,1,0,0,3
7,648,1,1,0,0,3
7,670,1,1,0,0,3
7,678,1,1,0,0,3
7,717,1,1,0,0,3
7,718,1,1,0,0,3
7,747,1,1,0,0,3
7,752,1,1,0,0,3
7,776,1,1,0,0,3
7,805,1,1,0,0,3
7,829,1,1,0,0,3
7,853,1,1,0,0,3
7,871,1,1,0,0,3
7,900,1,1,0,0,3
7,963,1,1,1,0,3
7,969,1,1,0,1,3
7,1029,1,1,0,0,3
7,1042,1,1,0,0,3
7,1047,1,1,0,0,3
7,1068,1,1,0,0,3
7,1079,1,1,0,0,3
7,1100,1,1,0,0,3
7,1106,1,1,0,0,3
7,1134,1,1,1,0,3
7,1145,1,1,0,0,3
7,1182,1,1,0,0,3
7,1219,1,1,0,0,3
7,1261,1,1,0,0,3
7,1263,1,1,0,0,3
7,1282,1,1,0,0,3
7,1317,1,1,0,0,3
7,1341,1,1,1,0,3
7,1425,1,1,0,1,3
7,1446,1,1,0,0,3
7,1448,1,1,0,1,3
7,1456,1,1,0,0,3
7,1457,1,1,0,0,3
7,1498,1,1,0,0,3
7,1504,1,1,1,0,3
7,1509,1,1,1,0,3
7,1515,1,1,0,0,3
7,1526,1,1,0,0,3
7,1529,1,1,0,0,3
7,1573,1,1,0,0,3
7,1582,1,1,1,0,3
7,1587,1,1,0,0,3
7,1616,1,1,0,0,3
7,1640,1,1,1,0,3
7,1642,1,1,0,0,3
7,1651,1,1,0,0,3
7,1698,1,1,1,0,3
7,1749,1,1,0,0,3
7,1807,1,1,0,1,3
7,1825,1,1,1,0,3
7,1833,1,1,0,0,3
7,1840,1,1,0,1,3
7,1843,1,1,1,0,3
7,1847,1,1,0,0,3
7,1856,1,1,0,0,3
7,1861,1,1,1,0,3
7,1869,1,1,0,0,3
7,1875,1,1,0,0,3
7,1880,1,1,0,0,3
7,1899,1,1,0,0,3
7,1913,1,1,0,0,3
7,1952,1,1,0,0,3
7,2040,1,1,0,0,3
7,2052,1,1,0,0,3
7,2056,1,1,0,0,3
7,2065,1,1,1,0,3
7,2069,1,1,0,0,3
7,2101,1,1,0,0,3
7,2113,1,1,0,0,3
7,2126,1,1,0,1,3
7,2134,1,1,0,0,3
7,2175,1,1,0,0,3
7,2179,1,1,0,0,3
7,2207,1,1,0,1,3
7,2208,1,1,0,0,3
7,2238,1,1,0,0,3
7,2251,1,1,0,0,3
7,2282,1,1,0,1,3
7,2287,1,1,0,0,3
7,2295,1,1,0,0,3
7,2335,1,1,0,0,3
7,2344,1,1,0,0,3
7,2361,1,1,1,0,3
7,2388,1,1,0,0,3
7,2409,1,1,0,0,3
7,2420,1,1,0,0,3
7,2448,1,1,0,0,3
7,2466,1,1,0,1,3
7,48,1,1,0,0,4
7,81,1,1,0,0,4
7,85,1,1,1,0,4
7,121,1,1,0,0,4
7,135,1,1,0,0,4
7,161,1,1,0,0,4
7,180,1,1,0,0,4
7,182,1,1,0,0,4
7,194,1,1,0,0,4
7,227,1,1,0,0,4
7,233,1,1,0,1,4
7,235,1,1,0,0,4
7,244,1,1,0,0,4
7,268,1,1,0,0,4
7,284,1,1,0,0,4
7,312,1,1,0,0,4
7,317,1,1,1,0,4
7,332,1,1,0,0,4
7,352,1,1,0,0,4
7,354,1,1,0,0,4
7,364,1,1,0,0,4
7,378,1,1,1,0,4
7,425,1,1,0,0,4
7,480,1,1,0,0,4
7,481,1,1,0,1,4
7,491,1,1,0,1,4
7,535,1,1,0,0,4
7,563,1,1,0,0,4
7,565,1,1,0,0,4
7,582,1,1,1,0,4
7,650,1,1,0,0,4
7,657,1,1,1,0,4
7,661,1,1,1,0,4
7,739,1,1,1,0,4
7,750,1,1,0,0,4
7,778,1,1,0,0,4
7,794,1,1,0,0,4
7,798,1,1,0,1,4
7,810,1,1,0,1,4
7,840,1,1,0,0,4
7,854,1,1,0,0,4
7,909,1,1,0,0,4
7,958,1,1,0,0,4
7,980,1,1,0,0,4
7,1001,1,1,0,1,4
7,1039,1,1,0,0,4
7,1057,1,1,0,0,4
7,1065,1,1,0,0,4
7,1089,1,1,0,0,4
7,1113,1,1,0,0,4
7,1116,1,1,1,0,4
7,1137,1,1,1,0,4
7,1149,1,1,0,0,4
7,1164,1,1,0,1,4
7,1187,1,1,0,0,4
7,1202,1,1,0,0,4
7,1212,1,1,0,0,4
7,1244,1,1,0,1,4
7,1262,1,1,0,0,4
7,1274,1,1,0,0,4
7,1292,1,1,0,0,4
7,1299,1,1,0,0,4
7,1463,1,1,0,0,4
7,1476,1,1,0,0,4
7,1478,1,1,0,0,4
7,1479,1,1,0,0,4
7,1488,1,1,1,0,4
7,1511,1,1,0,0,4
7,1530,1,1,0,0,4
7,1558,1,1,0,0,4
7,1560,1,1,1,0,4
7,1571,1,1,0,0,4
7,1593,1,1,0,0,4
7,1600,1,1,0,1,4
7,1614,1,1,0,0,4
7,1628,1,1,1,0,4
7,1655,1,1,0,0,4
7,1703,1,1,0,1,4
7,1709,1,1,1,0,4
7,1737,1,1,0,0,4
7,1755,1,1,0,0,4
7,1761,1,1,0,1,4
7,1798,1,1,0,1,4
7,1801,1,1,0,0,4
7,1854,1,1,0,0,4
7,1859,1,1,0,0,4
7,1947,1,1,0,0,4
7,1985,1,1,0,0,4
7,1999,1,1,0,0,4
7,2004,1,1,0,0,4
7,2006,1,1,0,1,4
7,2042,1,1,1,0,4
7,2063,1,1,0,0,4
7,2111,1,1,0,0,4
7,2148,1,1,0,1,4
7,2205,1,1,0,1,4
7,2257,1,1,1,0,4
7,2304,1,1,0,0,4
7,2316,1,1,0,0,4
7,2346,1,1,0,0,4
7,2350,1,1,0,0,4
7,2356,1,1,0,0,4
7,2358,1,1,0,0,4
7,2359,1,1,1,0,4
7,2373,1,1,0,0,4
7,2416,1,1,0,0,4
7,2473,1,1,1,0,4
7,2474,1,1,0,0,4
7,2487,1,1,0,1,4
7,14,1,1,0,0,5
7,23,1,1,0,1,5
7,82,1,1,0,1,5
7,111,1,1,0,1,5
7,136,1,1,0,0,5
7,137,1,1,0,0,5
7,164,1,1,1,0,5
7,167,1,1,0,0,5
7,177,1,1,0,0,5
7,185,1,1,1,0,5
7,190,1,1,0,1,5
7,204,1,1,0,0,5
7,205,1,1,0,0,5
7,211,1,1,0,0,5
7,221,1,1,0,0,5
7,274,1,1,1,0,5
7,275,1,1,0,0,5
7,278,1,1,0,0,5
7,281,1,1,1,0,5
7,330,1,1,0,0,5
7,346,1,1,1,0,5
7,359,1,1,0,0,5
7,362,1,1,0,0,5
7,367,1,1,0,0,5
7,371,1,1,0,0,5
7,384,1,1,0,0,5
7,394,1,1,0,0,5
7,415,1,1,0,0,5
7,420,1,1,0,1,5
7,422,1,1,0,0,5
7,436,1,1,1,0,5
7,445,1,1,0,0,5
7,448,1,1,0,0,5
7,466,1,1,0,1,5
7,469,1,1,0,0,5
7,479,1,1,0,0,5
7,488,1,1,0,0,5
7,496,1,1,0,1,5
7,512,1,1,0,0,5
7,517,1,1,0,1,5
7,526,1,1,0,0,5
7,547,1,1,0,0,5
7,617,1,1,0,0,5
7,618,1,1,1,0,5
7,638,1,1,0,1,5
7,644,1,1,1,0,5
7,646,1,1,0,0,5
7,680,1,1,0,0,5
7,685,1,1,1,0,5
7,698,1,1,0,0,5
7,700,1,1,0,1,5
7,715,1,1,0,0,5
7,736,1,1,0,0,5
7,751,1,1,1,0,5
7,792,1,1,0,0,5
7,799,1,1,0,0,5
7,803,1,1,0,1,5
7,819,1,1,0,0,5
7,823,1,1,1,0,5
7,866,1,1,0,1,5
7,875,1,1,0,0,5
7,884,1,1,0,0,5
7,889,1,1,0,0,5
7,895,1,1,0,0,5
7,911,1,1,0,1,5
7,913,1,1,0,0,5
7,915,1,1,1,0,5
7,940,1,1,0,0,5
7,947,1,1,0,0,5
7,953,1,1,0,1,5
7,956,1,1,0,0,5
7,961,1,1,0,1,5
7,995,1,1,1,0,5
7,996,1,1,0,0,5
7,999,1,1,0,1,5
7,1002,1,1,0,0,5
7,1005,1,1,0,1,5
7,1010,1,1,0,0,5
7,1016,1,1,0,0,5
7,1019,1,1,0,1,5
7,1028,1,1,0,0,5
7,1040,1,1,0,0,5
7,1060,1,1,0,0,5
7,1083,1,1,0,0,5
7,1086,1,1,0,0,5
7,1129,1,1,0,0,5
7,1162,1,1,0,0,5
7,1171,1,1,0,0,5
7,1205,1,1,0,1,5
7,1225,1,1,0,0,5
7,1294,1,1,0,0,5
7,1344,1,1,0,0,5
7,1352,1,1,0,0,5
7,1440,1,1,0,0,5
7,1491,1,1,0,0,5
7,1495,1,1,0,1,5
7,1542,1,1,0,0,5
7,1550,1,1,0,0,5
7,1568,1,1,1,0,5
7,1578,1,1,0,1,5
7,1586,1,1,0,1,5
7,1589,1,1,0,1,5
7,1591,1,1,0,1,5
7,1596,1,1,0,0,5
7,1615,1,1,0,0,5
7,1617,1,1,0,0,5
7,1634,1,1,0,0,5
7,1635,1,1,0,1,5
7,1650,1,1,1,0,5
7,1658,1,1,0,0,5
7,1667,1,1,0,0,5
7,1670,1,1,0,0,5
7,1742,1,1,1,0,5
7,1744,1,1,0,0,5
7,1765,1,1,0,0,5
7,1770,1,1,0,0,5
7,1785,1,1,0,0,5
7,1788,1,1,0,0,5
7,1814,1,1,1,0,5
7,1820,1,1,0,0,5
7,1822,1,1,0,1,5
7,1857,1,1,0,1,5
7,1864,1,1,0,0,5
7,1905,1,1,0,0,5
7,1936,1,1,1,0,5
7,1939,1,1,0,1,5
7,1943,1,1,1,0,5
7,1953,1,1,0,0,5
7,1956,1,1,0,0,5
7,1963,1,1,0,0,5
7,1984,1,1,0,0,5
7,1988,1,1,0,1,5
7,2002,1,1,0,1,5
7,2005,1,1,0,0,5
7,2014,1,1,0,0,5
7,2027,1,1,0,0,5
7,2033,1,1,0,1,5
7,2073,1,1,0,0,5
7,2091,1,1,0,0,5
7,2094,1,1,0,0,5
7,2095,1,1,0,0,5
7,2100,1,1,0,0,5
7,2103,1,1,0,1,5
7,2122,1,1,0,0,5
7,2130,1,1,0,0,5
7,2143,1,1,0,0,5
7,2144,1,1,1,0,5
7,2147,1,1,0,0,5
7,2171,1,1,1,0,5
7,2176,1,1,0,0,5
7,2190,1,1,0,0,5
7,2198,1,1,1,0,5
7,2211,1,1,0,0,5
7,2215,1,1,0,0,5
7,2217,1,1,0,0,5
7,2235,1,1,1,0,5
7,2283,1,1,0,0,5
7,2294,1,1,0,1,5
7,2298,1,1,0,0,5
7,2299,1,1,0,0,5
7,2321,1,1,0,1,5
7,2332,1,1,0,0,5
7,2345,1,1,0,0,5
7,2376,1,1,0,0,5
7,2391,1,1,0,0,5
7,2395,1,1,1,0,5
7,2402,1,1,1,0,5
7,2405,1,1,1,0,5
7,2436,1,1,0,0,5
7,2469,1,1,0,0,5
7,2488,1,1,0,1,5
7,32,1,1,0,0,6
7,54,1,1,1,0,6
7,84,1,1,0,0,6
7,100,1,1,0,0,6
7,138,1,1,0,0,6
7,146,1,1,0,0,6
7,163,1,1,0,0,6
7,172,1,1,0,0,6
7,243,1,1,0,0,6
7,246,1,1,0,0,6
7,262,1,1,0,0,6
7,269,1,1,0,0,6
7,283,1,1,0,0,6
7,287,1,1,0,0,6
7,294,1,1,0,0,6
7,318,1,1,1,0,6
7,349,1,1,0,0,6
7,369,1,1,0,1,6
7,401,1,1,0,1,6
7,439,1,1,1,0,6
7,453,1,1,0,0,6
7,465,1,1,0,0,6
7,470,1,1,0,0,6
7,475,1,1,0,0,6
7,536,1,1,0,1,6
7,552,1,1,0,0,6
7,575,1,1,0,0,6
7,647,1,1,0,0,6
7,720,1,1,1,0,6
7,737,1,1,1,0,6
7,762,1,1,1,0,6
7,767,1,1,0,0,6
7,783,1,1,0,0,6
7,790,1,1,0,0,6
7,796,1,1,0,1,6
7,806,1,1,1,0,6
7,816,1,1,0,0,6
7,838,1,1,0,0,6
7,848,1,1,0,0,6
7,850,1,1,0,0,6
7,857,1,1,1,0,6
7,862,1,1,0,0,6
7,865,1,1,0,0,6
7,879,1,1,0,0,6
7,894,1,1,0,0,6
7,928,1,1,1,0,6
7,954,1,1,0,0,6
7,984,1,1,0,0,6
7,991,1,1,0,0,6
7,993,1,1,0,0,6
7,1035,1,1,0,0,6
7,1038,1,1,0,0,6
7,1046,1,1,0,1,6
7,1058,1,1,0,0,6
7,1059,1,1,0,0,6
7,1063,1,1,0,1,6
7,1064,1,1,1,0,6
7,1078,1,1,0,0,6
7,1094,1,1,0,0,6
7,1095,1,1,0,0,6
7,1102,1,1,0,1,6
7,1175,1,1,0,0,6
7,1183,1,1,0,0,6
7,1204,1,1,0,0,6
7,1213,1,1,0,1,6
7,1220,1,1,0,0,6
7,1234,1,1,1,0,6
7,1239,1,1,0,0,6
7,1256,1,1,0,0,6
7,1260,1,1,0,0,6
7,1271,1,1,1,0,6
7,1312,1,1,1,0,6
7,1315,1,1,0,0,6
7,1325,1,1,0,0,6
7,1332,1,1,0,0,6
7,1368,1,1,0,0,6
7,1374,1,1,0,0,6
7,1376,1,1,0,0,6
7,1400,1,1,1,0,6
7,1408,1,1,0,1,6
7,1413,1,1,0,0,6
7,1442,1,1,0,0,6
7,1454,1,1,1,0,6
7,1503,1,1,0,1,6
7,1524,1,1,1,0,6
7,1547,1,1,0,0,6
7,1559,1,1,0,0,6
7,1570,1,1,0,1,6
7,1626,1,1,1,0,6
7,1633,1,1,0,0,6
7,1637,1,1,0,0,6
7,1665,1,1,1,0,6
7,1671,1,1,0,0,6
7,1679,1,1,0,1,6
7,1694,1,1,0,0,6
7,1721,1,1,0,0,6
7,1725,1,1,0,0,6
7,1733,1,1,0,0,6
7,1736,1,1,0,0,6
7,1748,1,1,0,0,6
7,1763,1,1,0,0,6
7,1771,1,1,0,0,6
7,1791,1,1,0,0,6
7,1819,1,1,0,0,6
7,1866,1,1,0,1,6
7,1881,1,1,0,0,6
7,1895,1,1,0,1,6
7,1919,1,1,0,1,6
7,1934,1,1,0,0,6
7,1960,1,1,0,0,6
7,2021,1,1,0,0,6
7,2048,1,1,0,1,6
7,2062,1,1,0,0,6
7,2097,1,1,0,0,6
7,2158,1,1,1,0,6
7,2178,1,1,1,0,6
7,2191,1,1,0,1,6
7,2193,1,1,0,1,6
7,2223,1,1,1,0,6
7,2229,1,1,0,0,6
7,2243,1,1,0,0,6
7,2247,1,1,0,0,6
7,2267,1,1,0,0,6
7,2268,1,1,0,0,6
7,2270,1,1,0,0,6
7,2274,1,1,0,0,6
7,2288,1,1,0,0,6
7,2290,1,1,1,0,6
7,2312,1,1,0,0,6
7,2410,1,1,0,0,6
7,2432,1,1,0,0,6
7,2435,1,1,0,0,6
7,2451,1,1,0,0,6
7,2459,1,1,0,0,6
7,7,1,1,0,0,7
7,35,1,1,0,0,7
7,41,1,1,0,0,7
7,62,1,1,1,0,7
7,65,1,1,0,1,7
7,69,1,1,0,0,7
7,97,1,1,0,0,7
7,101,1,1,0,0,7
7,110,1,1,0,0,7
7,113,1,1,0,0,7
7,115,1,1,0,0,7
7,128,1,1,0,0,7
7,134,1,1,1,0,7
7,169,1,1,0,0,7
7,171,1,1,0,0,7
7,176,1,1,1,0,7
7,198,1,1,0,0,7
7,207,1,1,0,0,7
7,226,1,1,0,0,7
7,228,1,1,0,0,7
7,232,1,1,0,0,7
7,251,1,1,0,1,7
7,267,1,1,0,0,7
7,271,1,1,0,1,7
7,315,1,1,0,1,7
7,321,1,1,0,0,7
7,358,1,1,0,0,7
7,393,1,1,0,0,7
7,419,1,1,0,0,7
7,423,1,1,0,1,7
7,441,1,1,0,0,7
7,473,1,1,0,0,7
7,487,1,1,1,0,7
7,504,1,1,0,0,7
7,525,1,1,0,1,7
7,570,1,1,0,0,7
7,587,1,1,1,0,7
7,588,1,1,0,0,7
7,598,1,1,0,0,7
7,607,1,1,0,0,7
7,613,1,1,0,0,7
7,630,1,1,0,1,7
7,669,1,1,0,0,7
7,675,1,1,0,1,7
7,676,1,1,1,0,7
7,721,1,1,0,0,7
7,730,1,1,0,0,7
7,763,1,1,0,1,7
7,769,1,1,0,0,7
7,782,1,1,0,0,7
7,804,1,1,0,0,7
7,807,1,1,0,0,7
7,844,1,1,0,0,7
7,847,1,1,1,0,7
7,877,1,1,0,0,7
7,882,1,1,0,0,7
7,899,1,1,0,0,7
7,901,1,1,0,0,7
7,903,1,1,0,0,7
7,906,1,1,0,1,7
7,917,1,1,1,0,7
7,918,1,1,0,0,7
7,919,1,1,0,0,7
7,973,1,1,0,0,7
7,1055,1,1,0,0,7
7,1084,1,1,0,0,7
7,1085,1,1,0,1,7
7,1097,1,1,0,1,7
7,1105,1,1,0,0,7
7,1112,1,1,0,0,7
7,1125,1,1,1,0,7
7,1173,1,1,0,0,7
7,1231,1,1,0,0,7
7,1258,1,1,0,0,7
7,1293,1,1,0,1,7
7,1314,1,1,0,0,7
7,1331,1,1,0,0,7
7,1358,1,1,0,0,7
7,1370,1,1,0,1,7
7,1381,1,1,1,0,7
7,1390,1,1,1,0,7
7,1397,1,1,0,1,7
7,1422,1,1,0,0,7
7,1424,1,1,0,0,7
7,1465,1,1,0,1,7
7,1466,1,1,0,0,7
7,1470,1,1,0,0,7
7,1489,1,1,1,0,7
7,1492,1,1,0,0,7
7,1505,1,1,1,0,7
7,1514,1,1,0,0,7
7,1544,1,1,0,1,7
7,1576,1,1,0,0,7
7,1579,1,1,0,0,7
7,1590,1,1,0,0,7
7,1630,1,1,1,0,7
7,1638,1,1,0,0,7
7,1663,1,1,0,0,7
7,1673,1,1,0,0,7
7,1700,1,1,0,0,7
7,1711,1,1,0,0,7
7,1723,1,1,0,1,7
7,1743,1,1,0,0,7
7,1758,1,1,0,0,7
7,1759,1,1,0,0,7
7,1777,1,1,1,0,7
7,1781,1,1,0,0,7
7,1782,1,1,0,0,7
7,1800,1,1,1,0,7
7,1810,1,1,0,0,7
7,1848,1,1,1,0,7
7,1870,1,1,0,0,7
7,1873,1,1,0,0,7
7,1883,1,1,0,0,7
7,1885,1,1,0,0,7
7,1886,1,1,0,0,7
7,1910,1,1,0,1,7
7,1944,1,1,0,0,7
7,1965,1,1,0,0,7
7,1968,1,1,0,0,7
7,1975,1,1,0,0,7
7,1977,1,1,0,0,7
7,2034,1,1,0,1,7
7,2036,1,1,0,1,7
7,2037,1,1,0,0,7
7,2055,1,1,0,0,7
7,2067,1,1,0,0,7
7,2068,1,1,0,0,7
7,2096,1,1,1,0,7
7,2115,1,1,0,0,7
7,2127,1,1,0,0,7
7,2129,1,1,0,0,7
7,2131,1,1,0,0,7
7,2146,1,1,0,0,7
7,2151,1,1,0,0,7
7,2154,1,1,0,0,7
7,2163,1,1,0,0,7
7,2186,1,1,0,0,7
7,2214,1,1,0,0,7
7,2216,1,1,0,0,7
7,2241,1,1,0,0,7
7,2254,1,1,0,1,7
7,2279,1,1,0,0,7
7,2284,1,1,0,0,7
7,2307,1,1,0,0,7
7,2308,1,1,0,1,7
7,2325,1,1,0,0,7
7,2363,1,1,0,1,7
7,2369,1,1,1,0,7
7,2370,1,1,0,0,7
7,2375,1,1,0,0,7
7,2380,1,1,0,0,7
7,2396,1,1,0,0,7
7,2404,1,1,0,0,7
7,2421,1,1,0,0,7
7,2429,1,1,0,0,7
7,2455,1,1,1,0,7
7,2456,1,1,1,0,7
7,2457,1,1,1,0,7
7,2463,1,1,0,0,7
7,2464,1,1,0,0,7
7,2472,1,1,0,0,7
7,2481,1,1,0,0,7
7,2493,1,1,0,0,7
7,10,1,1,0,0,8
7,11,1,1,0,1,8
7,17,1,1,0,0,8
7,29,1,1,0,1,8
7,55,1,1,0,0,8
7,77,1,1,0,1,8
7,158,1,1,0,0,8
7,188,1,1,0,0,8
7,208,1,1,0,0,8
7,255,1,1,1,0,8
7,313,1,1,0,0,8
7,329,1,1,0,0,8
7,351,1,1,0,0,8
7,417,1,1,1,0,8
7,424,1,1,0,0,8
7,430,1,1,0,0,8
7,446,1,1,0,1,8
7,450,1,1,0,1,8
7,484,1,1,0,1,8
7,485,1,1,0,1,8
7,490,1,1,1,0,8
7,507,1,1,0,0,8
7,511,1,1,0,0,8
7,520,1,1,0,0,8
7,556,1,1,0,0,8
7,568,1,1,0,0,8
7,572,1,1,0,0,8
7,591,1,1,0,0,8
7,612,1,1,0,0,8
7,614,1,1,0,1,8
7,615,1,1,0,0,8
7,645,1,1,1,0,8
7,653,1,1,0,0,8
7,663,1,1,0,0,8
7,673,1,1,0,0,8
7,686,1,1,1,0,8
7,707,1,1,0,0,8
7,711,1,1,0,1,8
7,726,1,1,0,0,8
7,732,1,1,0,0,8
7,741,1,1,0,1,8
7,765,1,1,0,0,8
7,797,1,1,1,0,8
7,814,1,1,0,0,8
7,818,1,1,0,1,8
7,835,1,1,0,0,8
7,843,1,1,0,0,8
7,872,1,1,0,0,8
7,874,1,1,0,1,8
7,878,1,1,0,1,8
7,890,1,1,1,0,8
7,924,1,1,0,0,8
7,926,1,1,0,0,8
7,945,1,1,1,0,8
7,952,1,1,0,1,8
7,1067,1,1,1,0,8
7,1109,1,1,1,0,8
7,1114,1,1,0,0,8
7,1127,1,1,1,0,8
7,1156,1,1,0,0,8
7,1158,1,1,0,0,8
7,1167,1,1,0,0,8
7,1172,1,1,1,0,8
7,1218,1,1,0,0,8
7,1255,1,1,0,0,8
7,1265,1,1,0,1,8
7,1269,1,1,1,0,8
7,1284,1,1,0,0,8
7,1321,1,1,0,0,8
7,1335,1,1,0,0,8
7,1336,1,1,0,0,8
7,1339,1,1,1,0,8
7,1350,1,1,0,0,8
7,1362,1,1,0,0,8
7,1392,1,1,0,0,8
7,1396,1,1,0,0,8
7,1403,1,1,0,0,8
7,1414,1,1,1,0,8
7,1444,1,1,0,0,8
7,1460,1,1,0,0,8
7,1481,1,1,0,0,8
7,1533,1,1,1,0,8
7,1534,1,1,0,0,8
7,1537,1,1,0,0,8
7,1543,1,1,0,0,8
7,1565,1,1,1,0,8
7,1727,1,1,0,1,8
7,1747,1,1,0,0,8
7,1767,1,1,0,0,8
7,1773,1,1,0,0,8
7,1775,1,1,0,0,8
7,1787,1,1,1,0,8
7,1797,1,1,0,0,8
7,1842,1,1,1,0,8
7,1877,1,1,0,0,8
7,1914,1,1,1,0,8
7,1941,1,1,0,0,8
7,1955,1,1,0,0,8
7,1957,1,1,1,0,8
7,1994,1,1,1,0,8
7,2008,1,1,1,0,8
7,2028,1,1,0,0,8
7,2030,1,1,0,1,8
7,2039,1,1,0,1,8
7,2043,1,1,0,0,8
7,2066,1,1,0,0,8
7,2071,1,1,0,0,8
7,2074,1,1,0,0,8
7,2084,1,1,0,1,8
7,2090,1,1,0,0,8
7,2121,1,1,0,0,8
7,2173,1,1,0,0,8
7,2200,1,1,0,0,8
7,2227,1,1,0,0,8
7,2250,1,1,0,0,8
7,2285,1,1,0,0,8
7,2322,1,1,1,0,8
7,2330,1,1,0,0,8
7,2374,1,1,0,0,8
7,2384,1,1,0,0,8
7,2386,1,1,1,0,8
7,2399,1,1,0,0,8
7,2427,1,1,0,0,8
7,2440,1,1,0,1,8
7,1,1,1,0,1,9
7,13,1,1,1,0,9
7,47,1,1,1,0,9
7,50,1,1,0,0,9
7,78,1,1,0,1,9
7,107,1,1,0,0,9
7,109,1,1,0,0,9
7,114,1,1,0,0,9
7,139,1,1,0,0,9
7,148,1,1,0,0,9
7,153,1,1,1,0,9
7,166,1,1,0,0,9
7,175,1,1,0,0,9
7,197,1,1,1,0,9
7,203,1,1,0,1,9
7,250,1,1,0,0,9
7,265,1,1,0,0,9
7,299,1,1,0,0,9
7,341,1,1,0,1,9
7,380,1,1,0,0,9
7,391,1,1,0,0,9
7,406,1,1,0,0,9
7,428,1,1,0,0,9
7,437,1,1,1,0,9
7,440,1,1,0,0,9
7,454,1,1,1,0,9
7,461,1,1,0,0,9
7,476,1,1,0,0,9
7,477,1,1,0,0,9
7,492,1,1,0,0,9
7,545,1,1,0,1,9
7,548,1,1,0,0,9
7,553,1,1,0,1,9
7,567,1,1,0,0,9
7,626,1,1,0,1,9
7,652,1,1,1,0,9
7,693,1,1,0,1,9
7,705,1,1,0,0,9
7,706,1,1,0,0,9
7,709,1,1,0,0,9
7,725,1,1,0,0,9
7,729,1,1,0,0,9
7,733,1,1,0,0,9
7,787,1,1,0,0,9
7,791,1,1,0,0,9
7,817,1,1,0,0,9
7,831,1,1,0,0,9
7,849,1,1,1,0,9
7,858,1,1,1,0,9
7,864,1,1,0,0,9
7,898,1,1,0,0,9
7,907,1,1,0,0,9
7,938,1,1,0,1,9
7,959,1,1,0,1,9
7,962,1,1,0,0,9
7,1006,1,1,0,0,9
7,1013,1,1,1,0,9
7,1033,1,1,1,0,9
7,1049,1,1,0,0,9
7,1077,1,1,1,0,9
7,1132,1,1,0,0,9
7,1135,1,1,0,0,9
7,1153,1,1,0,0,9
7,1198,1,1,0,0,9
7,1199,1,1,0,0,9
7,1200,1,1,0,0,9
7,1232,1,1,0,1,9
7,1235,1,1,1,0,9
7,1250,1,1,0,1,9
7,1289,1,1,0,0,9
7,1297,1,1,0,0,9
7,1305,1,1,0,0,9
7,1337,1,1,0,0,9
7,1345,1,1,0,0,9
7,1357,1,1,0,0,9
7,1372,1,1,0,0,9
7,1384,1,1,0,0,9
7,1427,1,1,0,0,9
7,1437,1,1,0,0,9
7,1439,1,1,1,0,9
7,1443,1,1,0,0,9
7,1449,1,1,1,0,9
7,1469,1,1,0,1,9
7,1525,1,1,0,0,9
7,1528,1,1,0,0,9
7,1562,1,1,0,0,9
7,1566,1,1,0,0,9
7,1574,1,1,0,0,9
7,1625,1,1,0,0,9
7,1639,1,1,0,1,9
7,1644,1,1,0,1,9
7,1686,1,1,0,0,9
7,1695,1,1,0,0,9
7,1713,1,1,1,0,9
7,1717,1,1,0,0,9
7,1728,1,1,0,0,9
7,1750,1,1,0,0,9
7,1764,1,1,0,0,9
7,1802,1,1,0,0,9
7,1813,1,1,0,0,9
7,1826,1,1,0,0,9
7,1828,1,1,0,0,9
7,1850,1,1,0,1,9
7,1950,1,1,0,0,9
7,1958,1,1,0,0,9
7,1976,1,1,0,1,9
7,1978,1,1,0,0,9
7,1997,1,1,0,0,9
7,2012,1,1,0,0,9
7,2018,1,1,0,0,9
7,2051,1,1,0,0,9
7,2054,1,1,0,0,9
7,2072,1,1,0,0,9
7,2114,1,1,0,0,9
7,2116,1,1,0,0,9
7,2132,1,1,0,0,9
7,2136,1,1,0,0,9
7,2145,1,1,0,1,9
7,2156,1,1,0,0,9
7,2204,1,1,1,0,9
7,2255,1,1,0,1,9
7,2262,1,1,1,0,9
7,2263,1,1,0,0,9
7,2264,1,1,0,0,9
7,2265,1,1,0,0,9
7,2266,1,1,0,1,9
7,2275,1,1,0,0,9
7,2278,1,1,0,0,9
7,2311,1,1,1,0,9
7,2331,1,1,0,1,9
7,2360,1,1,0,1,9
7,2383,1,1,0,0,9
7,2398,1,1,1,0,9
7,2400,1,1,0,1,9
7,2407,1,1,0,0,9
7,2422,1,1,0,0,9
7,2444,1,1,0,0,9
7,2460,1,1,0,0,9
7,27,1,1,0,0,10
7,36,1,1,0,0,10
7,40,1,1,0,0,10
7,42,1,1,0,1,10
7,51,1,1,0,0,10
7,89,1,1,0,0,10
7,93,1,1,0,0,10
7,94,1,1,0,1,10
7,133,1,1,0,0,10
7,145,1,1,1,0,10
7,157,1,1,0,0,10
7,162,1,1,0,0,10
7,165,1,1,0,0,10
7,178,1,1,0,0,10
7,181,1,1,0,0,10
7,209,1,1,1,0,10
7,220,1,1,0,0,10
7,234,1,1,0,0,10
7,237,1,1,0,0,10
7,261,1,1,0,0,10
7,273,1,1,0,0,10
7,297,1,1,0,0,10
7,305,1,1,1,0,10
7,323,1,1,1,0,10
7,335,1,1,0,0,10
7,348,1,1,0,0,10
7,370,1,1,0,1,10
7,388,1,1,0,0,10
7,396,1,1,0,0,10
7,405,1,1,0,0,10
7,418,1,1,0,0,10
7,429,1,1,0,0,10
7,447,1,1,1,0,10
7,459,1,1,0,1,10
7,497,1,1,0,0,10
7,518,1,1,1,0,10
7,521,1,1,0,0,10
7,522,1,1,0,0,10
7,544,1,1,0,1,10
7,604,1,1,0,1,10
7,616,1,1,0,1,10
7,640,1,1,0,0,10
7,643,1,1,0,0,10
7,659,1,1,0,0,10
7,660,1,1,0,0,10
7,672,1,1,0,0,10
7,689,1,1,0,0,10
7,690,1,1,0,1,10
7,691,1,1,0,0,10
7,692,1,1,0,0,10
7,713,1,1,0,0,10
7,748,1,1,0,0,10
7,766,1,1,0,1,10
7,775,1,1,0,1,10
7,908,1,1,0,0,10
7,936,1,1,0,0,10
7,950,1,1,0,0,10
7,976,1,1,0,0,10
7,998,1,1,0,0,10
7,1024,1,1,0,1,10
7,1025,1,1,0,0,10
7,1030,1,1,0,0,10
7,1041,1,1,0,0,10
7,1080,1,1,1,0,10
7,1081,1,1,1,0,10
7,1101,1,1,0,0,10
7,1110,1,1,0,0,10
7,1128,1,1,0,0,10
7,1130,1,1,1,0,10
7,1160,1,1,0,0,10
7,1174,1,1,0,1,10
7,1177,1,1,1,0,10
7,1186,1,1,0,0,10
7,1193,1,1,0,0,10
7,1237,1,1,1,0,10
7,1240,1,1,0,0,10
7,1242,1,1,1,0,10
7,1270,1,1,0,0,10
7,1275,1,1,0,1,10
7,1286,1,1,0,0,10
7,1296,1,1,0,0,10
7,1333,1,1,0,0,10
7,1359,1,1,0,0,10
7,1360,1,1,0,1,10
7,1361,1,1,0,1,10
7,1363,1,1,0,0,10
7,1364,1,1,0,0,10
7,1387,1,1,0,0,10
7,1389,1,1,0,0,10
7,1405,1,1,0,0,10
7,1455,1,1,1,0,10
7,1477,1,1,0,0,10
7,1483,1,1,0,0,10
7,1497,1,1,0,0,10
7,1506,1,1,0,0,10
7,1512,1,1,1,0,10
7,1541,1,1,0,0,10
7,1567,1,1,0,0,10
7,1598,1,1,0,0,10
7,1613,1,1,0,1,10
7,1623,1,1,0,0,10
7,1672,1,1,0,0,10
7,1699,1,1,0,0,10
7,1706,1,1,0,0,10
7,1776,1,1,1,0,10
7,1789,1,1,0,0,10
7,1803,1,1,0,0,10
7,1804,1,1,0,0,10
7,1805,1,1,0,0,10
7,1849,1,1,0,0,10
7,1863,1,1,0,0,10
7,1872,1,1,0,0,10
7,1892,1,1,0,0,10
7,1898,1,1,0,0,10
7,1907,1,1,1,0,10
7,1928,1,1,0,0,10
7,1937,1,1,0,0,10
7,1945,1,1,0,0,10
7,1948,1,1,0,1,10
7,1971,1,1,0,0,10
7,2016,1,1,0,0,10
7,2032,1,1,0,0,10
7,2047,1,1,0,0,10
7,2085,1,1,0,1,10
7,2150,1,1,0,0,10
7,2167,1,1,0,0,10
7,2177,1,1,1,0,10
7,2197,1,1,0,0,10
7,2201,1,1,1,0,10
7,2228,1,1,0,0,10
7,2232,1,1,0,0,10
7,2239,1,1,0,0,10
7,2292,1,1,0,0,10
7,2296,1,1,0,0,10
7,2326,1,1,0,0,10
7,2364,1,1,0,0,10
7,2366,1,1,0,0,10
7,2385,1,1,0,1,10
7,2406,1,1,0,1,10
7,2415,1,1,1,0,10
7,2426,1,1,1,0,10
7,2450,1,1,0,0,10
7,2475,1,1,0,0,10
7,2499,1,1,0,1,10
7,0,1,1,0,1,11
7,3,1,1,0,0,11
7,4,1,1,0,0,11
7,15,1,1,0,0,11
7,20,1,1,0,0,11
7,30,1,1,0,1,11
7,43,1,1,0,0,11
7,46,1,1,0,1,11
7,120,1,1,0,0,11
7,150,1,1,0,1,11
7,151,1,1,0,0,11
7,155,1,1,1,0,11
7,168,1,1,0,1,11
7,195,1,1,0,0,11
7,213,1,1,0,1,11
7,247,1,1,0,0,11
7,256,1,1,0,1,11
7,289,1,1,0,0,11
7,296,1,1,0,0,11
7,301,1,1,0,1,11
7,311,1,1,0,0,11
7,331,1,1,0,0,11
7,353,1,1,1,0,11
7,355,1,1,0,0,11
7,402,1,1,0,0,11
7,414,1,1,0,0,11
7,463,1,1,0,1,11
7,550,1,1,0,0,11
7,554,1,1,0,0,11
7,557,1,1,0,0,11
7,559,1,1,0,1,11
7,571,1,1,0,1,11
7,583,1,1,0,0,11
7,586,1,1,1,0,11
7,592,1,1,0,0,11
7,594,1,1,0,0,11
7,634,1,1,1,0,11
7,639,1,1,0,0,11
7,651,1,1,0,0,11
7,679,1,1,0,1,11
7,710,1,1,0,0,11
7,728,1,1,0,0,11
7,753,1,1,0,0,11
7,774,1,1,0,0,11
7,795,1,1,0,1,11
7,828,1,1,1,0,11
7,833,1,1,0,0,11
7,863,1,1,0,0,11
7,886,1,1,0,0,11
7,887,1,1,0,0,11
7,891,1,1,1,0,11
7,905,1,1,0,0,11
7,932,1,1,1,0,11
7,933,1,1,0,0,11
7,944,1,1,0,0,11
7,946,1,1,0,0,11
7,955,1,1,0,0,11
7,966,1,1,0,0,11
7,978,1,1,0,0,11
7,1000,1,1,0,0,11
7,1009,1,1,0,0,11
7,1037,1,1,1,0,11
7,1075,1,1,0,0,11
7,1091,1,1,0,1,11
7,1096,1,1,0,0,11
7,1103,1,1,0,0,11
7,1107,1,1,0,0,11
7,1119,1,1,0,1,11
7,1148,1,1,0,0,11
7,1154,1,1,0,0,11
7,1166,1,1,0,0,11
7,1180,1,1,0,0,11
7,1185,1,1,0,0,11
7,1230,1,1,0,0,11
7,1238,1,1,0,0,11
7,1245,1,1,0,0,11
7,1248,1,1,0,0,11
7,1252,1,1,0,0,11
7,1259,1,1,0,0,11
7,1272,1,1,0,0,11
7,1298,1,1,0,0,11
7,1300,1,1,0,0,11
7,1326,1,1,1,0,11
7,1329,1,1,0,0,11
7,1386,1,1,0,0,11
7,1395,1,1,0,0,11
7,1407,1,1,0,0,11
7,1411,1,1,0,1,11
7,1419,1,1,1,0,11
7,1487,1,1,0,0,11
7,1496,1,1,1,0,11
7,1499,1,1,0,1,11
7,1527,1,1,0,1,11
7,1572,1,1,0,0,11
7,1592,1,1,1,0,11
7,1620,1,1,0,1,11
7,1643,1,1,0,0,11
7,1645,1,1,0,0,11
7,1682,1,1,0,0,11
7,1689,1,1,1,0,11
7,1702,1,1,0,0,11
7,1708,1,1,0,0,11
7,1716,1,1,0,0,11
7,1724,1,1,0,0,11
7,1735,1,1,0,0,11
7,1738,1,1,1,0,11
7,1746,1,1,0,0,11
7,1774,1,1,0,0,11
7,1793,1,1,1,0,11
7,1795,1,1,0,1,11
7,1796,1,1,1,0,11
7,1811,1,1,0,0,11
7,1832,1,1,0,0,11
7,1851,1,1,1,0,11
7,1876,1,1,0,0,11
7,1894,1,1,0,0,11
7,1900,1,1,0,0,11
7,1908,1,1,0,0,11
7,1912,1,1,0,1,11
7,1915,1,1,0,0,11
7,1916,1,1,0,0,11
7,1917,1,1,0,0,11
7,1924,1,1,0,1,11
7,1929,1,1,0,0,11
7,1967,1,1,0,0,11
7,1973,1,1,0,1,11
7,1995,1,1,0,1,11
7,1996,1,1,1,0,11
7,1998,1,1,0,0,11
7,2011,1,1,0,0,11
7,2024,1,1,0,1,11
7,2029,1,1,0,0,11
7,2035,1,1,0,0,11
7,2082,1,1,0,0,11
7,2123,1,1,1,0,11
7,2125,1,1,0,0,11
7,2159,1,1,0,0,11
7,2162,1,1,0,1,11
7,2164,1,1,1,0,11
7,2168,1,1,1,0,11
7,2169,1,1,0,0,11
7,2212,1,1,0,0,11
7,2219,1,1,0,0,11
7,2240,1,1,1,0,11
7,2259,1,1,0,0,11
7,2293,1,1,0,1,11
7,2303,1,1,0,0,11
7,2338,1,1,0,0,11
7,2347,1,1,0,0,11
7,2352,1,1,0,1,11
7,2355,1,1,0,0,11
7,2362,1,1,0,0,11
7,2389,1,1,0,0,11
7,2430,1,1,0,0,11
7,2433,1,1,0,0,11
7,2445,1,1,1,0,11
7,2452,1,1,1,0,11
7,2477,1,1,0,0,11
7,2480,1,1,0,0,11
7,2496,1,1,1,0,11
7,21,1,1,0,1,12
7,28,1,1,0,0,12
7,59,1,1,0,1,12
7,60,1,1,1,0,12
7,66,1,1,0,0,12
7,96,1,1,0,0,12
7,99,1,1,0,1,12
7,104,1,1,1,0,12
7,116,1,1,0,1,12
7,119,1,1,1,0,12
7,125,1,1,0,0,12
7,130,1,1,0,1,12
7,140,1,1,0,0,12
7,149,1,1,0,0,12
7,159,1,1,1,0,12
7,179,1,1,0,0,12
7,184,1,1,0,0,12
7,241,1,1,1,0,12
7,308,1,1,0,0,12
7,314,1,1,0,0,12
7,336,1,1,0,0,12
7,337,1,1,0,0,12
7,343,1,1,0,0,12
7,347,1,1,0,0,12
7,350,1,1,0,0,12
7,386,1,1,0,0,12
7,389,1,1,0,0,12
7,395,1,1,1,0,12
7,403,1,1,1,0,12
7,404,1,1,0,0,12
7,435,1,1,0,0,12
7,442,1,1,0,0,12
7,443,1,1,0,0,12
7,451,1,1,0,0,12
7,478,1,1,0,0,12
7,495,1,1,0,1,12
7,500,1,1,1,0,12
7,538,1,1,0,0,12
7,560,1,1,0,0,12
7,574,1,1,0,0,12
7,624,1,1,0,0,12
7,649,1,1,0,0,12
7,742,1,1,0,0,12
7,745,1,1,0,0,12
7,754,1,1,0,0,12
7,764,1,1,0,0,12
7,772,1,1,0,0,12
7,785,1,1,1,0,12
7,788,1,1,0,0,12
7,808,1,1,1,0,12
7,812,1,1,0,0,12
7,836,1,1,1,0,12
7,852,1,1,0,0,12
7,868,1,1,0,0,12
7,925,1,1,0,1,12
7,939,1,1,1,0,12
7,942,1,1,0,0,12
7,948,1,1,0,0,12
7,967,1,1,0,0,12
7,974,1,1,0,0,12
7,988,1,1,0,0,12
7,1022,1,1,0,0,12
7,1104,1,1,1,0,12
7,1118,1,1,0,0,12
7,1146,1,1,1,0,12
7,1152,1,1,0,1,12
7,1169,1,1,0,0,12
7,1179,1,1,0,1,12
7,1194,1,1,0,0,12
7,1209,1,1,0,1,12
7,1217,1,1,0,0,12
7,1223,1,1,0,0,12
7,1228,1,1,1,0,12
7,1247,1,1,0,0,12
7,1266,1,1,0,1,12
7,1268,1,1,0,0,12
7,1279,1,1,0,0,12
7,1285,1,1,0,0,12
7,1290,1,1,0,0,12
7,1310,1,1,0,0,12
7,1311,1,1,0,0,12
7,1322,1,1,0,0,12
7,1346,1,1,0,0,12
7,1354,1,1,0,0,12
7,1373,1,1,0,0,12
7,1378,1,1,1,0,12
7,1379,1,1,0,0,12
7,1382,1,1,0,1,12
7,1409,1,1,0,0,12
7,1423,1,1,0,0,12
7,1464,1,1,0,0,12
7,1500,1,1,0,0,12
7,1519,1,1,0,0,12
7,1540,1,1,0,0,12
7,1545,1,1,0,1,12
7,1552,1,1,0,1,12
7,1555,1,1,1,0,12
7,1563,1,1,1,0,12
7,1583,1,1,0,1,12
7,1611,1,1,0,0,12
7,1627,1,1,0,0,12
7,1631,1,1,0,0,12
7,1649,1,1,1,0,12
7,1656,1,1,0,0,12
7,1660,1,1,0,0,12
7,1739,1,1,1,0,12
7,1754,1,1,0,0,12
7,1757,1,1,0,0,12
7,1772,1,1,0,0,12
7,1784,1,1,0,0,12
7,1816,1,1,0,0,12
7,1838,1,1,0,0,12
7,1839,1,1,1,0,12
7,1868,1,1,0,0,12
7,1879,1,1,0,0,12
7,1889,1,1,0,0,12
7,1909,1,1,0,0,12
7,1921,1,1,0,0,12
7,1927,1,1,0,0,12
7,1940,1,1,0,0,12
7,1942,1,1,0,0,12
7,1946,1,1,1,0,12
7,1954,1,1,0,0,12
7,1959,1,1,0,0,12
7,1964,1,1,0,0,12
7,1982,1,1,0,0,12
7,1983,1,1,0,0,12
7,2001,1,1,0,0,12
7,2003,1,1,0,0,12
7,2015,1,1,0,0,12
7,2026,1,1,0,0,12
7,2057,1,1,1,0,12
7,2081,1,1,0,0,12
7,2106,1,1,0,0,12
7,2119,1,1,0,0,12
7,2120,1,1,0,0,12
7,2139,1,1,0,0,12
7,2153,1,1,0,0,12
7,2157,1,1,1,0,12
7,2160,1,1,0,1,12
7,2183,1,1,0,0,12
7,2185,1,1,0,1,12
7,2237,1,1,0,0,12
7,2273,1,1,0,0,12
7,2334,1,1,0,0,12
7,2372,1,1,0,1,12
7,2381,1,1,0,1,12
7,2392,1,1,0,0,12
7,2401,1,1,0,0,12
7,2447,1,1,0,0,12
7,2454,1,1,1,0,12
7,2458,1,1,0,0,12
7,2482,1,1,0,0,12
7,2489,1,1,0,0,12
7,5,1,1,0,0,13
7,8,1,1,0,1,13
7,12,1,1,0,0,13
7,16,1,1,0,0,13
7,19,1,1,0,0,13
7,24,1,1,0,0,13
7,26,1,1,0,1,13
7,33,1,1,0,0,13
7,39,1,1,0,1,13
7,44,1,1,1,0,13
7,45,1,1,0,0,13
7,56,1,1,0,1,13
7,57,1,1,0,0,13
7,63,1,1,0,0,13
7,72,1,1,0,0,13
7,83,1,1,0,0,13
7,87,1,1,0,0,13
7,112,1,1,0,1,13
7,118,1,1,0,0,13
7,123,1,1,0,0,13
7,126,1,1,0,0,13
7,127,1,1,1,0,13
7,129,1,1,0,0,13
7,144,1,1,0,0,13
7,147,1,1,0,0,13
7,152,1,1,0,0,13
7,170,1,1,0,0,13
7,189,1,1,0,1,13
7,196,1,1,0,1,13
7,202,1,1,1,0,13
7,217,1,1,0,0,13
7,225,1,1,0,1,13
7,236,1,1,0,0,13
7,248,1,1,0,0,13
7,253,1,1,0,0,13
7,257,1,1,0,1,13
7,259,1,1,0,0,13
7,260,1,1,0,0,13
7,266,1,1,0,1,13
7,276,1,1,0,1,13
7,279,1,1,0,0,13
7,280,1,1,0,0,13
7,282,1,1,0,0,13
7,285,1,1,1,0,13
7,307,1,1,0,0,13
7,309,1,1,0,0,13
7,316,1,1,0,1,13
7,319,1,1,0,0,13
7,320,1,1,0,0,13
7,322,1,1,0,0,13
7,326,1,1,0,0,13
7,339,1,1,0,1,13
7,344,1,1,0,0,13
7,345,1,1,0,1,13
7,356,1,1,0,0,13
7,357,1,1,0,0,13
7,360,1,1,0,1,13
7,368,1,1,0,0,13
7,373,1,1,0,1,13
7,374,1,1,1,0,13
7,376,1,1,0,0,13
7,382,1,1,0,1,13
7,397,1,1,0,0,13
7,399,1,1,0,0,13
7,400,1,1,0,0,13
7,409,1,1,0,0,13
7,421,1,1,0,0,13
7,427,1,1,0,0,13
7,433,1,1,0,1,13
7,462,1,1,0,0,13
7,467,1,1,0,0,13
7,474,1,1,0,1,13
7,493,1,1,1,0,13
7,498,1,1,0,0,13
7,499,1,1,0,0,13
7,505,1,1,0,0,13
7,506,1,1,0,0,13
7,516,1,1,0,1,13
7,530,1,1,1,0,13
7,531,1,1,0,0,13
7,533,1,1,0,0,13
7,541,1,1,0,0,13
7,543,1,1,0,0,13
7,566,1,1,0,0,13
7,573,1,1,0,0,13
7,581,1,1,0,0,13
7,584,1,1,1,0,13
7,596,1,1,0,0,13
7,600,1,1,1,0,13
7,603,1,1,0,0,13
7,605,1,1,1,0,13
7,608,1,1,0,0,13
7,610,1,1,0,0,13
7,619,1,1,0,0,13
7,621,1,1,0,1,13
7,622,1,1,0,0,13
7,631,1,1,0,0,13
7,632,1,1,0,0,13
7,636,1,1,0,0,13
7,641,1,1,0,0,13
7,655,1,1,0,0,13
7,665,1,1,0,1,13
7,667,1,1,0,0,13
7,668,1,1,0,0,13
7,671,1,1,0,1,13
7,674,1,1,0,0,13
7,677,1,1,0,1,13
7,683,1,1,0,0,13
7,688,1,1,0,0,13
7,694,1,1,0,1,13
7,699,1,1,0,0,13
7,702,1,1,1,0,13
7,704,1,1,1,0,13
7,708,1,1,1,0,13
7,719,1,1,0,0,13
7,723,1,1,0,0,13
7,727,1,1,1,0,13
7,743,1,1,0,0,13
7,744,1,1,0,1,13
7,746,1,1,0,0,13
7,749,1,1,0,0,13
7,757,1,1,0,0,13
7,760,1,1,0,0,13
7,773,1,1,0,0,13
7,777,1,1,0,1,13
7,779,1,1,0,0,13
7,786,1,1,0,0,13
7,811,1,1,0,0,13
7,813,1,1,0,0,13
7,822,1,1,0,0,13
7,827,1,1,0,1,13
7,830,1,1,0,0,13
7,832,1,1,0,0,13
7,837,1,1,1,0,13
7,841,1,1,1,0,13
7,846,1,1,0,0,13
7,856,1,1,0,0,13
7,859,1,1,0,0,13
7,860,1,1,0,0,13
7,880,1,1,1,0,13
7,881,1,1,0,0,13
7,883,1,1,1,0,13
7,885,1,1,0,1,13
7,888,1,1,0,0,13
7,897,1,1,0,1,13
7,904,1,1,0,0,13
7,914,1,1,0,0,13
7,916,1,1,0,1,13
7,920,1,1,0,0,13
7,921,1,1,0,0,13
7,931,1,1,0,0,13
7,934,1,1,0,0,13
7,935,1,1,0,0,13
7,937,1,1,1,0,13
7,949,1,1,0,0,13
7,951,1,1,0,0,13
7,957,1,1,0,1,13
7,960,1,1,0,0,13
7,964,1,1,0,1,13
7,965,1,1,0,1,13
7,979,1,1,0,0,13
7,981,1,1,0,1,13
7,985,1,1,0,1,13
7,994,1,1,0,0,13
7,997,1,1,0,1,13
7,1011,1,1,0,1,13
7,1017,1,1,1,0,13
7,1018,1,1,0,1,13
7,1020,1,1,0,1,13
7,1031,1,1,0,0,13
7,1032,1,1,0,0,13
7,1034,1,1,0,0,13
7,1043,1,1,0,0,13
7,1045,1,1,0,0,13
7,1051,1,1,0,0,13
7,1053,1,1,0,0,13
7,1056,1,1,0,0,13
7,1072,1,1,0,1,13
7,1073,1,1,0,0,13
7,1074,1,1,0,0,13
7,1082,1,1,0,0,13
7,1087,1,1,0,0,13
7,1098,1,1,0,1,13
7,1099,1,1,0,0,13
7,1108,1,1,0,0,13
7,1111,1,1,0,0,13
7,1117,1,1,0,0,13
7,1120,1,1,0,0,13
7,1121,1,1,1,0,13
7,1126,1,1,0,0,13
7,1131,1,1,0,0,13
7,1138,1,1,1,0,13
7,1141,1,1,0,1,13
7,1155,1,1,0,0,13
7,1165,1,1,1,0,13
7,1189,1,1,0,0,13
7,1191,1,1,0,1,13
7,1192,1,1,0,1,13
7,1201,1,1,0,1,13
7,1211,1,1,0,0,13
7,1221,1,1,0,0,13
7,1227,1,1,0,1,13
7,1236,1,1,0,0,13
7,1249,1,1,0,1,13
7,1253,1,1,0,0,13
7,1267,1,1,0,0,13
7,1273,1,1,0,0,13
7,1276,1,1,1,0,13
7,1277,1,1,0,0,13
7,1280,1,1,1,0,13
7,1291,1,1,1,0,13
7,1303,1,1,1,0,13
7,1308,1,1,0,0,13
7,1309,1,1,0,1,13
7,1313,1,1,1,0,13
7,1316,1,1,0,0,13
7,1330,1,1,0,1,13
7,1334,1,1,0,0,13
7,1338,1,1,0,0,13
7,1340,1,1,0,0,13
7,1342,1,1,0,0,13
7,1343,1,1,1,0,13
7,1347,1,1,0,0,13
7,1353,1,1,0,0,13
7,1365,1,1,0,0,13
7,1377,1,1,0,0,13
7,1385,1,1,1,0,13
7,1388,1,1,0,0,13
7,1399,1,1,0,0,13
7,1406,1,1,0,0,13
7,1412,1,1,0,0,13
7,1416,1,1,0,1,13
7,1420,1,1,0,1,13
7,1430,1,1,0,0,13
7,1432,1,1,0,0,13
7,1441,1,1,0,0,13
7,1445,1,1,0,0,13
7,1453,1,1,0,1,13
7,1459,1,1,0,0,13
7,1467,1,1,0,0,13
7,1468,1,1,0,0,13
7,1473,1,1,0,0,13
7,1474,1,1,0,0,13
7,1480,1,1,0,0,13
7,1485,1,1,0,0,13
7,1490,1,1,0,0,13
7,1513,1,1,0,0,13
7,1516,1,1,0,0,13
7,1531,1,1,0,1,13
7,1539,1,1,0,1,13
7,1548,1,1,0,0,13
7,1549,1,1,0,0,13
7,1554,1,1,0,0,13
7,1556,1,1,0,0,13
7,1557,1,1,0,0,13
7,1561,1,1,1,0,13
7,1584,1,1,0,1,13
7,1585,1,1,0,1,13
7,1594,1,1,0,0,13
7,1599,1,1,0,0,13
7,1604,1,1,0,0,13
7,1605,1,1,0,1,13
7,1607,1,1,0,0,13
7,1610,1,1,0,0,13
7,1618,1,1,1,0,13
7,1619,1,1,0,0,13
7,1622,1,1,0,0,13
7,1632,1,1,0,0,13
7,1666,1,1,0,0,13
7,1668,1,1,1,0,13
7,1674,1,1,0,0,13
7,1676,1,1,0,0,13
7,1687,1,1,1,0,13
7,1688,1,1,1,0,13
7,1690,1,1,1,0,13
7,1693,1,1,0,0,13
7,1701,1,1,1,0,13
7,1707,1,1,0,0,13
7,1718,1,1,0,0,13
7,1720,1,1,0,0,13
7,1726,1,1,0,0,13
7,1740,1,1,0,0,13
7,1756,1,1,0,0,13
7,1760,1,1,1,0,13
7,1779,1,1,1,0,13
7,1780,1,1,0,0,13
7,1783,1,1,0,0,13
7,1792,1,1,1,0,13
7,1808,1,1,1,0,13
7,1823,1,1,0,0,13
7,1837,1,1,0,1,13
7,1845,1,1,0,0,13
7,1852,1,1,0,0,13
7,1855,1,1,0,0,13
7,1860,1,1,0,0,13
7,1867,1,1,0,0,13
7,1874,1,1,0,0,13
7,1887,1,1,0,0,13
7,1888,1,1,0,0,13
7,1902,1,1,0,1,13
7,1904,1,1,0,0,13
7,1920,1,1,0,0,13
7,1926,1,1,1,0,13
7,1931,1,1,1,0,13
7,1933,1,1,0,1,13
7,1935,1,1,1,0,13
7,1962,1,1,0,0,13
7,1970,1,1,0,0,13
7,1979,1,1,0,0,13
7,1990,1,1,0,0,13
7,1993,1,1,0,0,13
7,2000,1,1,0,1,13
7,2007,1,1,0,0,13
7,2010,1,1,0,0,13
7,2019,1,1,0,0,13
7,2025,1,1,0,0,13
7,2031,1,1,0,0,13
7,2046,1,1,0,0,13
7,2050,1,1,0,0,13
7,2058,1,1,0,0,13
7,2080,1,1,0,0,13
7,2087,1,1,0,0,13
7,2089,1,1,0,0,13
7,2092,1,1,0,0,13
7,2093,1,1,0,1,13
7,2105,1,1,0,0,13
7,2107,1,1,0,0,13
7,2112,1,1,0,0,13
7,2117,1,1,0,0,13
7,2128,1,1,0,1,13
7,2138,1,1,0,1,13
7,2140,1,1,0,0,13
7,2142,1,1,0,0,13
7,2149,1,1,0,0,13
7,2166,1,1,1,0,13
7,2194,1,1,0,0,13
7,2209,1,1,0,0,13
7,2210,1,1,0,0,13
7,2213,1,1,0,1,13
7,2218,1,1,0,1,13
7,2221,1,1,0,0,13
7,2224,1,1,0,0,13
7,2245,1,1,1,0,13
7,2246,1,1,0,0,13
7,2249,1,1,0,0,13
7,2252,1,1,0,0,13
7,2253,1,1,0,0,13
7,2271,1,1,0,0,13
7,2286,1,1,1,0,13
7,2302,1,1,0,1,13
7,2306,1,1,0,0,13
7,2309,1,1,1,0,13
7,2314,1,1,0,1,13
7,2317,1,1,0,1,13
7,2318,1,1,0,0,13
7,2324,1,1,0,0,13
7,2328,1,1,0,1,13
7,2337,1,1,0,0,13
7,2340,1,1,0,1,13
7,2349,1,1,1,0,13
7,2351,1,1,0,0,13
7,2357,1,1,0,0,13
7,2365,1,1,0,0,13
7,2377,1,1,0,0,13
7,2387,1,1,0,1,13
7,2393,1,1,0,0,13
7,2403,1,1,0,1,13
7,2411,1,1,0,0,13
7,2413,1,1,0,0,13
7,2417,1,1,0,0,13
7,2418,1,1,0,1,13
7,2419,1,1,0,1,13
7,2423,1,1,0,0,13
7,2424,1,1,0,0,13
7,2425,1,1,0,0,13
7,2431,1,1,0,0,13
7,2434,1,1,0,0,13
7,2438,1,1,0,1,13
7,2443,1,1,1,0,13
7,2462,1,1,0,0,13
7,2465,1,1,0,0,13
7,2479,1,1,0,0,13
7,2483,1,1,0,0,13
7,2485,1,1,0,0,13
7,2486,1,1,0,0,13
7,2492,1,1,0,0,13
7,2494,1,1,0,0,13
7,37,1,1,0,1,14
7,64,1,1,0,0,14
7,68,1,1,0,0,14
7,70,1,1,0,0,14
7,71,1,1,1,0,14
7,75,1,1,1,0,14
7,79,1,1,1,0,14
7,90,1,1,1,0,14
7,91,1,1,0,0,14
7,173,1,1,0,0,14
7,183,1,1,1,0,14
7,191,1,1,0,0,14
7,200,1,1,0,0,14
7,201,1,1,0,0,14
7,215,1,1,0,0,14
7,218,1,1,0,0,14
7,219,1,1,1,0,14
7,229,1,1,0,0,14
7,242,1,1,1,0,14
7,245,1,1,0,1,14
7,252,1,1,0,1,14
7,263,1,1,0,0,14
7,290,1,1,0,0,14
7,291,1,1,0,0,14
7,300,1,1,0,0,14
7,302,1,1,0,0,14
7,304,1,1,0,1,14
7,310,1,1,0,0,14
7,325,1,1,0,0,14
7,334,1,1,0,0,14
7,366,1,1,1,0,14
7,383,1,1,0,0,14
7,387,1,1,1,0,14
7,431,1,1,0,0,14
7,438,1,1,0,1,14
7,455,1,1,0,1,14
7,457,1,1,0,0,14
7,486,1,1,0,0,14
7,489,1,1,0,0,14
7,510,1,1,0,0,14
7,513,1,1,1,0,14
7,523,1,1,0,0,14
7,539,1,1,0,1,14
7,555,1,1,0,0,14
7,558,1,1,0,1,14
7,561,1,1,0,0,14
7,580,1,1,0,0,14
7,609,1,1,0,1,14
7,623,1,1,1,0,14
7,625,1,1,0,0,14
7,633,1,1,0,0,14
7,642,1,1,0,0,14
7,658,1,1,0,0,14
7,687,1,1,0,0,14
7,724,1,1,0,0,14
7,731,1,1,0,0,14
7,740,1,1,0,0,14
7,758,1,1,0,0,14
7,770,1,1,0,0,14
7,809,1,1,0,0,14
7,821,1,1,0,0,14
7,834,1,1,0,0,14
7,839,1,1,0,0,14
7,870,1,1,0,0,14
7,896,1,1,0,0,14
7,912,1,1,1,0,14
7,927,1,1,0,1,14
7,972,1,1,1,0,14
7,975,1,1,1,0,14
7,982,1,1,0,0,14
7,989,1,1,0,0,14
7,1007,1,1,1,0,14
7,1008,1,1,0,0,14
7,1012,1,1,0,1,14
7,1023,1,1,0,0,14
7,1026,1,1,0,1,14
7,1036,1,1,0,0,14
7,1044,1,1,1,0,14
7,1048,1,1,0,0,14
7,1052,1,1,0,0,14
7,1062,1,1,0,0,14
7,1066,1,1,0,0,14
7,1069,1,1,1,0,14
7,1071,1,1,0,0,14
7,1076,1,1,0,0,14
7,1092,1,1,0,0,14
7,1139,1,1,0,0,14
7,1142,1,1,0,1,14
7,1144,1,1,0,0,14
7,1147,1,1,0,0,14
7,1161,1,1,0,0,14
7,1178,1,1,0,0,14
7,1190,1,1,0,0,14
7,1208,1,1,0,1,14
7,1222,1,1,1,0,14
7,1226,1,1,0,0,14
7,1251,1,1,1,0,14
7,1278,1,1,0,0,14
7,1281,1,1,1,0,14
7,1283,1,1,0,0,14
7,1301,1,1,0,0,14
7,1302,1,1,0,0,14
7,1304,1,1,0,0,14
7,1318,1,1,0,0,14
7,1323,1,1,0,0,14
7,1327,1,1,0,0,14
7,1348,1,1,0,0,14
7,1349,1,1,0,0,14
7,1401,1,1,0,0,14
7,1404,1,1,0,0,14
7,1418,1,1,0,0,14
7,1431,1,1,0,0,14
7,1438,1,1,0,1,14
7,1462,1,1,0,1,14
7,1471,1,1,0,1,14
7,1493,1,1,0,0,14
7,1502,1,1,0,0,14
7,1507,1,1,0,0,14
7,1508,1,1,0,0,14
7,1522,1,1,0,1,14
7,1581,1,1,1,0,14
7,1588,1,1,0,0,14
7,1597,1,1,0,0,14
7,1608,1,1,1,0,14
7,1624,1,1,0,0,14
7,1641,1,1,0,0,14
7,1647,1,1,0,0,14
7,1653,1,1,1,0,14
7,1662,1,1,0,0,14
7,1677,1,1,0,0,14
7,1678,1,1,1,0,14
7,1683,1,1,0,0,14
7,1710,1,1,1,0,14
7,1719,1,1,0,0,14
7,1722,1,1,0,0,14
7,1751,1,1,0,1,14
7,1753,1,1,0,0,14
7,1778,1,1,0,0,14
7,1786,1,1,0,0,14
7,1799,1,1,0,1,14
7,1806,1,1,1,0,14
7,1815,1,1,1,0,14
7,1824,1,1,0,1,14
7,1830,1,1,0,0,14
7,1834,1,1,1,0,14
7,1841,1,1,0,0,14
7,1844,1,1,0,0,14
7,1858,1,1,0,0,14
7,1878,1,1,0,0,14
7,1918,1,1,0,0,14
7,1922,1,1,0,0,14
7,1925,1,1,0,0,14
7,1961,1,1,0,0,14
7,1966,1,1,0,0,14
7,1981,1,1,0,0,14
7,1991,1,1,0,1,14
7,2009,1,1,0,0,14
7,2020,1,1,0,0,14
7,2049,1,1,0,0,14
7,2060,1,1,0,0,14
7,2061,1,1,0,0,14
7,2064,1,1,0,0,14
7,2075,1,1,0,0,14
7,2083,1,1,0,0,14
7,2102,1,1,0,0,14
7,2133,1,1,0,0,14
7,2137,1,1,0,0,14
7,2161,1,1,0,1,14
7,2181,1,1,0,0,14
7,2182,1,1,0,0,14
7,2187,1,1,0,0,14
7,2206,1,1,0,0,14
7,2222,1,1,0,1,14
7,2230,1,1,0,0,14
7,2231,1,1,0,0,14
7,2233,1,1,0,0,14
7,2242,1,1,1,0,14
7,2248,1,1,0,0,14
7,2272,1,1,0,0,14
7,2277,1,1,0,0,14
7,2289,1,1,0,0,14
7,2300,1,1,0,1,14
7,2310,1,1,0,1,14
7,2319,1,1,1,0,14
7,2323,1,1,0,0,14
7,2333,1,1,0,0,14
7,2342,1,1,0,1,14
7,2354,1,1,1,0,14
7,2371,1,1,1,0,14
7,2439,1,1,0,1,14
7,2449,1,1,0,0,14
7,2471,1,1,1,0,14
7,2476,1,1,0,1,14
7,2497,1,1,0,0,14
0,2,1,1,0,0,0
0,25,1,1,0,0,0
0,31,1,1,0,0,0
0,34,1,1,0,0,0
0,53,1,1,0,0,0
0,58,1,1,0,0,0
0,67,1,1,0,0,0
0,73,1,1,0,0,0
0,74,1,1,0,0,0
0,80,1,1,0,0,0
0,88,1,1,0,0,0
0,92,1,1,0,0,0
0,98,1,1,0,0,0
0,105,1,1,0,0,0
0,106,1,1,0,0,0
0,142,1,1,0,0,0
0,154,1,1,0,0,0
0,156,1,1,0,0,0
0,160,1,1,0,0,0
0,187,1,1,0,0,0
0,199,1,1,0,0,0
0,212,1,1,0,0,0
0,224,1,1,0,0,0
0,249,1,1,0,0,0
0,277,1,1,0,0,0
0,298,1,1,0,0,0
0,324,1,1,0,0,0
0,328,1,1,0,0,0
0,363,1,1,0,0,0
0,375,1,1,0,0,0
0,410,1,1,0,0,0
0,411,1,1,0,0,0
0,413,1,1,0,0,0
0,416,1,1,0,0,0
0,434,1,1,0,0,0
0,444,1,1,0,0,0
0,458,1,1,0,0,0
0,460,1,1,0,0,0
0,502,1,1,0,0,0
0,503,1,1,0,0,0
0,509,1,1,0,0,0
0,519,1,1,0,0,0
0,528,1,1,0,0,0
0,529,1,1,0,0,0
0,532,1,1,0,0,0
0,546,1,1,0,0,0
0,549,1,1,0,0,0
0,551,1,1,0,0,0
0,562,1,1,0,0,0
0,620,1,1,0,0,0
0,654,1,1,0,0,0
0,666,1,1,0,0,0
0,681,1,1,0,0,0
0,684,1,1,0,0,0
0,714,1,1,0,0,0
0,734,1,1,0,0,0
0,768,1,1,0,0,0
0,771,1,1,0,0,0
0,780,1,1,0,0,0
0,789,1,1,0,0,0
0,793,1,1,0,0,0
0,820,1,1,0,0,0
0,845,1,1,0,0,0
0,869,1,1,0,0,0
0,922,1,1,0,0,0
0,983,1,1,0,0,0
0,1003,1,1,0,0,0
0,1015,1,1,0,0,0
0,1021,1,1,0,0,0
0,1027,1,1,0,0,0
0,1122,1,1,0,0,0
0,1133,1,1,0,0,0
0,1140,1,1,0,0,0
0,1150,1,1,0,0,0
0,1151,1,1,0,0,0
0,1157,1,1,0,0,0
0,1159,1,1,0,0,0
0,1176,1,1,0,0,0
0,1184,1,1,0,0,0
0,1188,1,1,0,0,0
0,1195,1,1,0,0,0
0,1197,1,1,0,0,0
0,1210,1,1,0,0,0
0,1241,1,1,0,0,0
0,1243,1,1,0,0,0
0,1257,1,1,0,0,0
0,1264,1,1,0,0,0
0,1287,1,1,0,0,0
0,1306,1,1,0,0,0
0,1307,1,1,0,0,0
0,1328,1,1,0,0,0
0,1355,1,1,0,0,0
0,1356,1,1,0,0,0
0,1371,1,1,0,0,0
0,1394,1,1,0,0,0
0,1415,1,1,0,0,0
0,1421,1,1,0,0,0
0,1433,1,1,0,0,0
0,1451,1,1,0,0,0
0,1461,1,1,0,0,0
0,1484,1,1,0,0,0
0,1501,1,1,0,0,0
0,1518,1,1,0,0,0
0,1520,1,1,0,0,0
0,1521,1,1,0,0,0
0,1536,1,1,0,0,0
0,1538,1,1,0,0,0
0,1546,1,1,0,0,0
0,1553,1,1,0,0,0
0,1564,1,1,0,0,0
0,1575,1,1,0,0,0
0,1577,1,1,0,0,0
0,1603,1,1,0,0,0
0,1629,1,1,0,0,0
0,1636,1,1,0,0,0
0,1648,1,1,0,0,0
0,1652,1,1,0,0,0
0,1657,1,1,0,0,0
0,1661,1,1,0,0,0
0,1669,1,1,0,0,0
0,1684,1,1,0,0,0
0,1685,1,1,0,0,0
0,1697,1,1,0,0,0
0,1712,1,1,0,0,0
0,1714,1,1,0,0,0
0,1715,1,1,0,0,0
0,1730,1,1,0,0,0
0,1745,1,1,0,0,0
0,1766,1,1,0,0,0
0,1769,1,1,0,0,0
0,1790,1,1,0,0,0
0,1817,1,1,0,0,0
0,1818,1,1,0,0,0
0,1821,1,1,0,0,0
0,1829,1,1,0,0,0
0,1882,1,1,0,0,0
0,1897,1,1,0,0,0
0,1930,1,1,0,0,0
0,1938,1,1,0,0,0
0,1949,1,1,0,0,0
0,1969,1,1,0,0,0
0,1972,1,1,0,0,0
0,1986,1,1,0,0,0
0,1987,1,1,0,0,0
0,1992,1,1,0,0,0
0,2013,1,1,0,0,0
0,2022,1,1,0,0,0
0,2053,1,1,0,0,0
0,2076,1,1,0,0,0
0,2098,1,1,0,0,0
0,2108,1,1,0,0,0
0,2165,1,1,0,0,0
0,2188,1,1,0,0,0
0,2189,1,1,0,0,0
0,2192,1,1,0,0,0
0,2196,1,1,0,0,0
0,2203,1,1,0,0,0
0,2234,1,1,0,0,0
0,2236,1,1,0,0,0
0,2244,1,1,0,0,0
0,2256,1,1,0,0,0
0,2258,1,1,0,0,0
0,2260,1,1,0,0,0
0,2291,1,1,0,0,0
0,2301,1,1,0,0,0
0,2320,1,1,0,0,0
0,2327,1,1,0,0,0
0,2329,1,1,0,0,0
0,2339,1,1,0,0,0
0,2341,1,1,0,0,0
0,2348,1,1,0,0,0
0,2353,1,1,0,0,0
0,2367,1,1,0,0,0
0,2368,1,1,0,0,0
0,2378,1,1,0,0,0
0,2379,1,1,0,0,0
0,2382,1,1,0,0,0
0,2390,1,1,0,0,0
0,2412,1,1,0,0,0
0,2437,1,1,0,0,0
0,2470,1,1,0,0,0
0,2490,1,1,0,0,0
0,2495,1,1,0,0,0
0,22,1,1,0,0,1
0,38,1,1,0,0,1
0,52,1,1,0,0,1
0,61,1,1,0,0,1
0,76,1,1,0,0,1
0,117,1,1,0,0,1
0,122,1,1,0,0,1
0,131,1,1,0,0,1
0,174,1,1,0,0,1
0,186,1,1,0,0,1
0,192,1,1,0,0,1
0,210,1,1,0,0,1
0,214,1,1,0,0,1
0,222,1,1,0,0,1
0,239,1,1,0,0,1
0,264,1,1,0,0,1
0,270,1,1,0,0,1
0,286,1,1,0,0,1
0,293,1,1,0,0,1
0,303,1,1,0,0,1
0,306,1,1,0,0,1
0,365,1,1,0,0,1
0,385,1,1,0,0,1
0,426,1,1,0,0,1
0,471,1,1,0,0,1
0,514,1,1,0,0,1
0,524,1,1,0,0,1
0,527,1,1,0,0,1
0,537,1,1,0,0,1
0,564,1,1,0,0,1
0,569,1,1,0,0,1
0,593,1,1,0,0,1
0,601,1,1,0,0,1
0,602,1,1,0,0,1
0,628,1,1,0,0,1
0,629,1,1,0,0,1
0,637,1,1,0,0,1
0,656,1,1,0,0,1
0,662,1,1,0,0,1
0,664,1,1,0,0,1
0,712,1,1,0,0,1
0,716,1,1,0,0,1
0,722,1,1,0,0,1
0,755,1,1,0,0,1
0,756,1,1,0,0,1
0,761,1,1,0,0,1
0,800,1,1,0,0,1
0,802,1,1,0,0,1
0,824,1,1,0,0,1
0,825,1,1,0,0,1
0,826,1,1,0,0,1
0,842,1,1,0,0,1
0,851,1,1,0,0,1
0,855,1,1,0,0,1
0,892,1,1,0,0,1
0,893,1,1,0,0,1
0,902,1,1,0,0,1
0,923,1,1,0,0,1
0,929,1,1,0,0,1
0,930,1,1,0,0,1
0,943,1,1,0,0,1
0,968,1,1,0,0,1
0,970,1,1,0,0,1
0,977,1,1,0,0,1
0,987,1,1,0,0,1
0,1004,1,1,0,0,1
0,1014,1,1,0,0,1
0,1050,1,1,0,0,1
0,1070,1,1,0,0,1
0,1088,1,1,0,0,1
0,1115,1,1,0,0,1
0,1123,1,1,0,0,1
0,1124,1,1,0,0,1
0,1136,1,1,0,0,1
0,1143,1,1,0,0,1
0,1163,1,1,0,0,1
0,1168,1,1,0,0,1
0,1196,1,1,0,0,1
0,1203,1,1,0,0,1
0,1207,1,1,0,0,1
0,1233,1,1,0,0,1
0,1320,1,1,0,0,1
0,1324,1,1,0,0,1
0,1351,1,1,0,0,1
0,1366,1,1,0,0,1
0,1367,1,1,0,0,1
0,1369,1,1,0,0,1
0,1410,1,1,0,0,1
0,1417,1,1,0,0,1
0,1426,1,1,0,0,1
0,1428,1,1,0,0,1
0,1429,1,1,0,0,1
0,1434,1,1,0,0,1
0,1435,1,1,0,0,1
0,1450,1,1,0,0,1
0,1452,1,1,0,0,1
0,1475,1,1,0,0,1
0,1482,1,1,0,0,1
0,1494,1,1,0,0,1
0,1510,1,1,0,0,1
0,1517,1,1,0,0,1
0,1523,1,1,0,0,1
0,1569,1,1,0,0,1
0,1595,1,1,0,0,1
0,1602,1,1,0,0,1
0,1606,1,1,0,0,1
0,1609,1,1,0,0,1
0,1612,1,1,0,0,1
0,1659,1,1,0,0,1
0,1664,1,1,0,0,1
0,1680,1,1,0,0,1
0,1692,1,1,0,0,1
0,1704,1,1,0,0,1
0,1731,1,1,0,0,1
0,1734,1,1,0,0,1
0,1741,1,1,0,0,1
0,1752,1,1,0,0,1
0,1762,1,1,0,0,1
0,1768,1,1,0,0,1
0,1794,1,1,0,0,1
0,1809,1,1,0,0,1
0,1812,1,1,0,0,1
0,1827,1,1,0,0,1
0,1836,1,1,0,0,1
0,1862,1,1,0,0,1
0,1871,1,1,0,0,1
0,1890,1,1,0,0,1
0,1893,1,1,0,0,1
0,1896,1,1,0,0,1
0,1923,1,1,0,0,1
0,1974,1,1,0,0,1
0,1980,1,1,0,0,1
0,1989,1,1,0,0,1
0,2017,1,1,0,0,1
0,2038,1,1,0,0,1
0,2045,1,1,0,0,1
0,2070,1,1,0,0,1
0,2077,1,1,0,0,1
0,2078,1,1,0,0,1
0,2086,1,1,0,0,1
0,2088,1,1,0,0,1
0,2109,1,1,0,0,1
0,2118,1,1,0,0,1
0,2141,1,1,0,0,1
0,2170,1,1,0,0,1
0,2172,1,1,0,0,1
0,2184,1,1,0,0,1
0,2199,1,1,0,0,1
0,2202,1,1,0,0,1
0,2220,1,1,0,0,1
0,2226,1,1,0,0,1
0,2261,1,1,0,0,1
0,2269,1,1,0,0,1
0,2276,1,1,0,0,1
0,2280,1,1,0,0,1
0,2297,1,1,0,0,1
0,2313,1,1,0,0,1
0,2315,1,1,0,0,1
0,2336,1,1,0,0,1
0,2343,1,1,0,0,1
0,2408,1,1,0,0,1
0,2428,1,1,0,0,1
0,2442,1,1,0,0,1
0,2446,1,1,0,0,1
0,2468,1,1,0,0,1
0,2491,1,1,0,0,1
0,2498,1,1,0,0,1
0,6,1,1,0,0,2
0,9,1,1,0,0,2
0,18,1,1,0,0,2
0,124,1,1,0,0,2
0,132,1,1,0,0,2
0,143,1,1,0,0,2
0,206,1,1,0,0,2
0,216,1,1,0,0,2
0,223,1,1,0,0,2
0,231,1,1,0,0,2
0,238,1,1,0,0,2
0,288,1,1,0,0,2
0,292,1,1,0,0,2
0,333,1,1,0,0,2
0,342,1,1,0,0,2
0,372,1,1,0,0,2
0,379,1,1,0,0,2
0,390,1,1,0,0,2
0,392,1,1,0,0,2
0,398,1,1,0,0,2
0,408,1,1,0,0,2
0,432,1,1,0,0,2
0,449,1,1,0,0,2
0,452,1,1,0,0,2
0,464,1,1,0,0,2
0,468,1,1,0,0,2
0,472,1,1,0,0,2
0,482,1,1,0,0,2
0,483,1,1,0,0,2
0,515,1,1,0,0,2
0,542,1,1,0,0,2
0,576,1,1,0,0,2
0,579,1,1,0,0,2
0,585,1,1,0,0,2
0,589,1,1,0,0,2
0,635,1,1,0,0,2
0,682,1,1,0,0,2
0,695,1,1,0,0,2
0,696,1,1,0,0,2
0,697,1,1,0,0,2
0,701,1,1,0,0,2
0,703,1,1,0,0,2
0,735,1,1,0,0,2
0,738,1,1,0,0,2
0,759,1,1,0,0,2
0,781,1,1,0,0,2
0,784,1,1,0,0,2
0,801,1,1,0,0,2
0,815,1,1,0,0,2
0,861,1,1,0,0,2
0,867,1,1,0,0,2
0,873,1,1,0,0,2
0,876,1,1,0,0,2
0,910,1,1,0,0,2
0,941,1,1,0,0,2
0,971,1,1,0,0,2
0,986,1,1,0,0,2
0,990,1,1,0,0,2
0,992,1,1,0,0,2
0,1054,1,1,0,0,2
0,1061,1,1,0,0,2
0,1090,1,1,0,0,2
0,1093,1,1,0,0,2
0,1170,1,1,0,0,2
0,1181,1,1,0,0,2
0,1206,1,1,0,0,2
0,1214,1,1,0,0,2
0,1215,1,1,0,0,2
0,1216,1,1,0,0,2
0,1224,1,1,0,0,2
0,1229,1,1,0,0,2
0,1246,1,1,0,0,2
0,1254,1,1,0,0,2
0,1288,1,1,0,0,2
0,1295,1,1,0,0,2
0,1319,1,1,0,0,2
0,1375,1,1,0,0,2
0,1380,1,1,0,0,2
0,1383,1,1,0,0,2
0,1391,1,1,0,0,2
0,1393,1,1,0,0,2
0,1398,1,1,0,0,2
0,1402,1,1,0,0,2
0,1436,1,1,0,0,2
0,1447,1,1,0,0,2
0,1458,1,1,0,0,2
0,1472,1,1,0,0,2
0,1486,1,1,0,0,2
0,1532,1,1,0,0,2
0,1535,1,1,0,0,2
0,1551,1,1,0,0,2
0,1580,1,1,0,0,2
0,1601,1,1,0,0,2
0,1621,1,1,0,0,2
0,1646,1,1,0,0,2
0,1654,1,1,0,0,2
0,1675,1,1,0,0,2
0,1681,1,1,0,0,2
0,1691,1,1,0,0,2
0,1696,1,1,0,0,2
0,1705,1,1,0,0,2
0,1729,1,1,0,0,2
0,1732,1,1,0,0,2
0,1831,1,1,0,0,2
0,1835,1,1,0,0,2
0,1846,1,1,0,0,2
0,1853,1,1,0,0,2
0,1865,1,1,0,0,2
0,1884,1,1,0,0,2
0,1891,1,1,0,0,2
0,1901,1,1,0,0,2
0,1903,1,1,0,0,2
0,1906,1,1,0,0,2
0,1911,1,1,0,0,2
0,1932,1,1,0,0,2
0,1951,1,1,0,0,2
0,2023,1,1,0,0,2
0,2041,1,1,0,0,2
0,2044,1,1,0,0,2
0,2059,1,1,0,0,2
0,2079,1,1,0,0,2
0,2099,1,1,0,0,2
0,2104,1,1,0,0,2
0,2110,1,1,0,0,2
0,2124,1,1,0,0,2
0,2135,1,1,0,0,2
0,2152,1,1,0,0,2
0,2155,1,1,0,0,2
0,2174,1,1,0,0,2
0,2180,1,1,0,0,2
0,2195,1,1,0,0,2
0,2225,1,1,0,0,2
0,2281,1,1,0,0,2
0,2305,1,1,0,0,2
0,2394,1,1,0,0,2
0,2397,1,1,0,0,2
0,2414,1,1,0,0,2
0,2441,1,1,0,0,2
0,2453,1,1,0,0,2
0,2461,1,1,0,0,2
0,2467,1,1,0,0,2
0,2478,1,1,0,0,2
0,2484,1,1,0,0,2
0,49,1,1,0,0,3
0,86,1,1,0,0,3
0,95,1,1,0,0,3
0,102,1,1,0,0,3
0,103,1,1,0,0,3
0,108,1,1,0,0,3
0,141,1,1,0,0,3
0,193,1,1,0,0,3
0,230,1,1,0,0,3
0,240,1,1,0,0,3
0,254,1,1,0,0,3
0,258,1,1,0,0,3
0,272,1,1,0,0,3
0,295,1,1,0,0,3
0,327,1,1,0,0,3
0,338,1,1,0,0,3
0,340,1,1,0,0,3
0,361,1,1,0,0,3
0,377,1,1,0,0,3
0,381,1,1,0,0,3
0,407,1,1,0,0,3
0,412,1,1,0,0,3
0,456,1,1,0,0,3
0,494,1,1,0,0,3
0,501,1,1,0,0,3
0,508,1,1,0,0,3
0,534,1,1,0,0,3
0,540,1,1,0,0,3
0,577,1,1,0,0,3
0,578,1,1,0,0,3
0,590,1,1,0,0,3
0,595,1,1,0,0,3
0,597,1,1,0,0,3
0,599,1,1,0,0,3
0,606,1,1,0,0,3
0,611,1,1,0,0,3
0,627,1,1,0,0,3
0,648,1,1,0,0,3
0,670,1,1,0,0,3
0,678,1,1,0,0,3
0,717,1,1,0,0,3
0,718,1,1,0,0,3
0,747,1,1,0,0,3
0,752,1,1,0,0,3
0,776,1,1,0,0,3
0,805,1,1,0,0,3
0,829,1,1,0,0,3
0,853,1,1,0,0,3
0,871,1,1,0,0,3
0,900,1,1,0,0,3
0,963,1,1,0,0,3
0,969,1,1,0,0,3
0,1029,1,1,0,0,3
0,1042,1,1,0,0,3
0,1047,1,1,0,0,3
0,1068,1,1,0,0,3
0,1079,1,1,0,0,3
0,1100,1,1,0,0,3
0,1106,1,1,0,0,3
0,1134,1,1,0,0,3
0,1145,1,1,0,0,3
0,1182,1,1,0,0,3
0,1219,1,1,0,0,3
0,1261,1,1,0,0,3
0,1263,1,1,0,0,3
0,1282,1,1,0,0,3
0,1317,1,1,0,0,3
0,1341,1,1,0,0,3
0,1425,1,1,0,0,3
0,1446,1,1,0,0,3
0,1448,1,1,0,0,3
0,1456,1,1,0,0,3
0,1457,1,1,0,0,3
0,1498,1,1,0,0,3
0,1504,1,1,0,0,3
0,1509,1,1,0,0,3
0,1515,1,1,0,0,3
0,1526,1,1,0,0,3
0,1529,1,1,0,0,3
0,1573,1,1,0,0,3
0,1582,1,1,0,0,3
0,1587,1,1,0,0,3
0,1616,1,1,0,0,3
0,1640,1,1,0,0,3
0,1642,1,1,0,0,3
0,1651,1,1,0,0,3
0,1698,1,1,0,0,3
0,1749,1,1,0,0,3
0,1807,1,1,0,0,3
0,1825,1,1,0,0,3
0,1833,1,1,0,0,3
0,1840,1,1,0,0,3
0,1843,1,1,0,0,3
0,1847,1,1,0,0,3
0,1856,1,1,0,0,3
0,1861,1,1,0,0,3
0,1869,1,1,0,0,3
0,1875,1,1,0,0,3
0,1880,1,1,0,0,3
0,1899,1,1,0,0,3
0,1913,1,1,0,0,3
0,1952,1,1,0,0,3
0,2040,1,1,0,0,3
0,2052,1,1,0,0,3
0,2056,1,1,0,0,3
0,2065,1,1,0,0,3
0,2069,1,1,0,0,3
0,2101,1,1,0,0,3
0,2113,1,1,0,0,3
0,2126,1,1,0,0,3
0,2134,1,1,0,0,3
0,2175,1,1,0,0,3
0,2179,1,1,0,0,3
0,2207,1,1,0,0,3
0,2208,1,1,0,0,3
0,2238,1,1,0,0,3
0,2251,1,1,0,0,3
0,2282,1,1,0,0,3
0,2287,1,1,0,0,3
0,2295,1,1,0,0,3
0,2335,1,1,0,0,3
0,2344,1,1,0,0,3
0,2361,1,1,0,0,3
0,2388,1,1,0,0,3
0,2409,1,1,0,0,3
0,2420,1,1,0,0,3
0,2448,1,1,0,0,3
0,2466,1,1,0,0,3
0,48,1,1,0,0,4
0,81,1,1,0,0,4
0,85,1,1,0,0,4
0,121,1,1,0,0,4
0,135,1,1,0,0,4
0,161,1,1,0,0,4
0,180,1,1,0,0,4
0,182,1,1,0,0,4
0,194,1,1,0,0,4
0,227,1,1,0,0,4
0,233,1,1,0,0,4
0,235,1,1,0,0,4
0,244,1,1,0,0,4
0,268,1,1,0,0,4
0,284,1,1,0,0,4
0,312,1,1,0,0,4
0,317,1,1,0,0,4
0,332,1,1,0,0,4
0,352,1,1,0,0,4
0,354,1,1,0,0,4
0,364,1,1,0,0,4
0,378,1,1,0,0,4
0,425,1,1,0,0,4
0,480,1,1,0,0,4
0,481,1,1,0,0,4
0,491,1,1,0,0,4
0,535,1,1,0,0,4
0,563,1,1,0,0,4
0,565,1,1,0,0,4
0,582,1,1,0,0,4
0,650,1,1,0,0,4
0,657,1,1,0,0,4
0,661,1,1,0,0,4
0,739,1,1,0,0,4
0,750,1,1,0,0,4
0,778,1,1,0,0,4
0,794,1,1,0,0,4
0,798,1,1,0,0,4
0,810,1,1,0,0,4
0,840,1,1,0,0,4
0,854,1,1,0,0,4
0,909,1,1,0,0,4
0,958,1,1,0,0,4
0,980,1,1,0,0,4
0,1001,1,1,0,0,4
0,1039,1,1,0,0,4
0,1057,1,1,0,0,4
0,1065,1,1,0,0,4
0,1089,1,1,0,0,4
0,1113,1,1,0,0,4
0,1116,1,1,0,0,4
0,1137,1,1,0,0,4
0,1149,1,1,0,0,4
0,1164,1,1,0,0,4
0,1187,1,1,0,0,4
0,1202,1,1,0,0,4
0,1212,1,1,0,0,4
0,1244,1,1,0,0,4
0,1262,1,1,0,0,4
0,1274,1,1,0,0,4
0,1292,1,1,0,0,4
0,1299,1,1,0,0,4
0,1463,1,1,0,0,4
0,1476,1,1,0,0,4
0,1478,1,1,0,0,4
0,1479,1,1,0,0,4
0,1488,1,1,0,0,4
0,1511,1,1,0,0,4
0,1530,1,1,0,0,4
0,1558,1,1,0,0,4
0,1560,1,1,0,0,4
0,1571,1,1,0,0,4
0,1593,1,1,0,0,4
0,1600,1,1,0,0,4
0,1614,1,1,0,0,4
0,1628,1,1,0,0,4
0,1655,1,1,0,0,4
0,1703,1,1,0,0,4
0,1709,1,1,0,0,4
0,1737,1,1,0,0,4
0,1755,1,1,0,0,4
0,1761,1,1,0,0,4
0,1798,1,1,0,0,4
0,1801,1,1,0,0,4
0,1854,1,1,0,0,4
0,1859,1,1,0,0,4
0,1947,1,1,0,0,4
0,1985,1,1,0,0,4
0,1999,1,1,0,0,4
0,2004,1,1,0,0,4
0,2006,1,1,0,0,4
0,2042,1,1,0,0,4
0,2063,1,1,0,0,4
0,2111,1,1,0,0,4
0,2148,1,1,0,0,4
0,2205,1,1,0,0,4
0,2257,1,1,0,0,4
0,2304,1,1,0,0,4
0,2316,1,1,0,0,4
0,2346,1,1,0,0,4
0,2350,1,1,0,0,4
0,2356,1,1,0,0,4
0,2358,1,1,0,0,4
0,2359,1,1,0,0,4
0,2373,1,1,0,0,4
0,2416,1,1,0,0,4
0,2473,1,1,0,0,4
0,2474,1,1,0,0,4
0,2487,1,1,0,0,4
0,14,1,1,0,0,5
0,23,1,1,0,0,5
0,82,1,1,0,0,5
0,111,1,1,0,0,5
0,136,1,1,0,0,5
0,137,1,1,0,0,5
0,164,1,1,0,0,5
0,167,1,1,0,0,5
0,177,1,1,0,0,5
0,185,1,1,0,0,5
0,190,1,1,0,0,5
0,204,1,1,0,0,5
0,205,1,1,0,0,5
0,211,1,1,0,0,5
0,221,1,1,0,0,5
0,274,1,1,0,0,5
0,275,1,1,0,0,5
0,278,1,1,0,0,5
0,281,1,1,0,0,5
0,330,1,1,0,0,5
0,346,1,1,0,0,5
0,359,1,1,0,0,5
0,362,1,1,0,0,5
0,367,1,1,0,0,5
0,371,1,1,0,0,5
0,384,1,1,0,0,5
0,394,1,1,0,0,5
0,415,1,1,0,0,5
0,420,1,1,0,0,5
0,422,1,1,0,0,5
0,436,1,1,0,0,5
0,445,1,1,0,0,5
0,448,1,1,0,0,5
0,466,1,1,0,0,5
0,469,1,1,0,0,5
0,479,1,1,0,0,5
0,488,1,1,0,0,5
0,496,1,1,0,0,5
0,512,1,1,0,0,5
0,517,1,1,0,0,5
0,526,1,1,0,0,5
0,547,1,1,0,0,5
0,617,1,1,0,0,5
0,618,1,1,0,0,5
0,638,1,1,0,0,5
0,644,1,1,0,0,5
0,646,1,1,0,0,5
0,680,1,1,0,0,5
0,685,1,1,0,0,5
0,698,1,1,0,0,5
0,700,1,1,0,0,5
0,715,1,1,0,0,5
0,736,1,1,0,0,5
0,751,1,1,0,0,5
0,792,1,1,0,0,5
0,799,1,1,0,0,5
0,803,1,1,0,0,5
0,819,1,1,0,0,5
0,823,1,1,0,0,5
0,866,1,1,0,0,5
0,875,1,1,0,0,5
0,884,1,1,0,0,5
0,889,1,1,0,0,5
0,895,1,1,0,0,5
0,911,1,1,0,0,5
0,913,1,1,0,0,5
0,915,1,1,0,0,5
0,940,1,1,0,0,5
0,947,1,1,0,0,5
0,953,1,1,0,0,5
0,956,1,1,0,0,5
0,961,1,1,0,0,5
0,995,1,1,0,0,5
0,996,1,1,0,0,5
0,999,1,1,0,0,5
0,1002,1,1,0,0,5
0,1005,1,1,0,0,5
0,1010,1,1,0,0,5
0,1016,1,1,0,0,5
0,1019,1,1,0,0,5
0,1028,1,1,0,0,5
0,1040,1,1,0,0,5
0,1060,1,1,0,0,5
0,1083,1,1,0,0,5
0,1086,1,1,0,0,5
0,1129,1,1,0,0,5
0,1162,1,1,0,0,5
0,1171,1,1,0,0,5
0,1205,1,1,0,0,5
0,1225,1,1,0,0,5
0,1294,1,1,0,0,5
0,1344,1,1,0,0,5
0,1352,1,1,0,0,5
0,1440,1,1,0,0,5
0,1491,1,1,0,0,5
0,1495,1,1,0,0,5
0,1542,1,1,0,0,5
0,1550,1,1,0,0,5
0,1568,1,1,0,0,5
0,1578,1,1,0,0,5
0,1586,1,1,0,0,5
0,1589,1,1,0,0,5
0,1591,1,1,0,0,5
0,1596,1,1,0,0,5
0,1615,1,1,0,0,5
0,1617,1,1,0,0,5
0,1634,1,1,0,0,5
0,1635,1,1,0,0,5
0,1650,1,1,0,0,5
0,1658,1,1,0,0,5
0,1667,1,1,0,0,5
0,1670,1,1,0,0,5
0,1742,1,1,0,0,5
0,1744,1,1,0,0,5
0,1765,1,1,0,0,5
0,1770,1,1,0,0,5
0,1785,1,1,0,0,5
0,1788,1,1,0,0,5
0,1814,1,1,0,0,5
0,1820,1,1,0,0,5
0,1822,1,1,0,0,5
0,1857,1,1,0,0,5
0,1864,1,1,0,0,5
0,1905,1,1,0,0,5
0,1936,1,1,0,0,5
0,1939,1,1,0,0,5
0,1943,1,1,0,0,5
0,1953,1,1,0,0,5
0,1956,1,1,0,0,5
0,1963,1,1,0,0,5
0,1984,1,1,0,0,5
0,1988,1,1,0,0,5
0,2002,1,1,0,0,5
0,2005,1,1,0,0,5
0,2014,1,1,0,0,5
0,2027,1,1,0,0,5
0,2033,1,1,0,0,5
0,2073,1,1,0,0,5
0,2091,1,1,0,0,5
0,2094,1,1,0,0,5
0,2095,1,1,0,0,5
0,2100,1,1,0,0,5
0,2103,1,1,0,0,5
0,2122,1,1,0,0,5
0,2130,1,1,0,0,5
0,2143,1,1,0,0,5
0,2144,1,1,0,0,5
0,2147,1,1,0,0,5
0,2171,1,1,0,0,5
0,2176,1,1,0,0,5
0,2190,1,1,0,0,5
0,2198,1,1,0,0,5
0,2211,1,1,0,0,5
0,2215,1,1,0,0,5
0,2217,1,1,0,0,5
0,2235,1,1,0,0,5
0,2283,1,1,0,0,5
0,2294,1,1,0,0,5
0,2298,1,1,0,0,5
0,2299,1,1,0,0,5
0,2321,1,1,0,0,5
0,2332,1,1,0,0,5
0,2345,1,1,0,0,5
0,2376,1,1,0,0,5
0,2391,1,1,0,0,5
0,2395,1,1,0,0,5
0,2402,1,1,0,0,5
0,2405,1,1,0,0,5
0,2436,1,1,0,0,5
0,2469,1,1,0,0,5
0,2488,1,1,0,0,5
0,32,1,1,0,0,6
0,54,1,1,0,0,6
0,84,1,1,0,0,6
0,100,1,1,0,0,6
0,138,1,1,0,0,6
0,146,1,1,0,0,6
0,163,1,1,0,0,6
0,172,1,1,0,0,6
0,243,1,1,0,0,6
0,246,1,1,0,0,6
0,262,1,1,0,0,6
0,269,1,1,0,0,6
0,283,1,1,0,0,6
0,287,1,1,0,0,6
0,294,1,1,0,0,6
0,318,1,1,0,0,6
0,349,1,1,0,0,6
0,369,1,1,0,0,6
0,401,1,1,0,0,6
0,439,1,1,0,0,6
0,453,1,1,0,0,6
0,465,1,1,0,0,6
0,470,1,1,0,0,6
0,475,1,1,0,0,6
0,536,1,1,0,0,6
0,552,1,1,0,0,6
0,575,1,1,0,0,6
0,647,1,1,0,0,6
0,720,1,1,0,0,6
0,737,1,1,0,0,6
0,762,1,1,0,0,6
0,767,1,1,0,0,6
0,783,1,1,0,0,6
0,790,1,1,0,0,6
0,796,1,1,0,0,6
0,806,1,1,0,0,6
0,816,1,1,0,0,6
0,838,1,1,0,0,6
0,848,1,1,0,0,6
0,850,1,1,0,0,6
0,857,1,1,0,0,6
0,862,1,1,0,0,6
0,865,1,1,0,0,6
0,879,1,1,0,0,6
0,894,1,1,0,0,6
0,928,1,1,0,0,6
0,954,1,1,0,0,6
0,984,1,1,0,0,6
0,991,1,1,0,0,6
0,993,1,1,0,0,6
0,1035,1,1,0,0,6
0,1038,1,1,0,0,6
0,1046,1,1,0,0,6
0,1058,1,1,0,0,6
0,1059,1,1,0,0,6
0,1063,1,1,0,0,6
0,1064,1,1,0,0,6
0,1078,1,1,0,0,6
0,1094,1,1,0,0,6
0,1095,1,1,0,0,6
0,1102,1,1,0,0,6
0,1175,1,1,0,0,6
0,1183,1,1,0,0,6
0,1204,1,1,0,0,6
0,1213,1,1,0,0,6
0,1220,1,1,0,0,6
0,1234,1,1,0,0,6
0,1239,1,1,0,0,6
0,1256,1,1,0,0,6
0,1260,1,1,0,0,6
0,1271,1,1,0,0,6
0,1312,1,1,0,0,6
0,1315,1,1,0,0,6
0,1325,1,1,0,0,6
0,1332,1,1,0,0,6
0,1368,1,1,0,0,6
0,1374,1,1,0,0,6
0,1376,1,1,0,0,6
0,1400,1,1,0,0,6
0,1408,1,1,0,0,6
0,1413,1,1,0,0,6
0,1442,1,1,0,0,6
0,1454,1,1,0,0,6
0,1503,1,1,0,0,6
0,1524,1,1,0,0,6
0,1547,1,1,0,0,6
0,1559,1,1,0,0,6
0,1570,1,1,0,0,6
0,1626,1,1,0,0,6
0,1633,1,1,0,0,6
0,1637,1,1,0,0,6
0,1665,1,1,0,0,6
0,1671,1,1,0,0,6
0,1679,1,1,0,0,6
0,1694,1,1,0,0,6
0,1721,1,1,0,0,6
0,1725,1,1,0,0,6
0,1733,1,1,0,0,6
0,1736,1,1,0,0,6
0,1748,1,1,0,0,6
0,1763,1,1,0,0,6
0,1771,1,1,0,0,6
0,1791,1,1,0,0,6
0,1819,1,1,0,0,6
0,1866,1,1,0,0,6
0,1881,1,1,0,0,6
0,1895,1,1,0,0,6
0,1919,1,1,0,0,6
0,1934,1,1,0,0,6
0,1960,1,1,0,0,6
0,2021,1,1,0,0,6
0,2048,1,1,0,0,6
0,2062,1,1,0,0,6
0,2097,1,1,0,0,6
0,2158,1,1,0,0,6
0,2178,1,1,0,0,6
0,2191,1,1,0,0,6
0,2193,1,1,0,0,6
0,2223,1,1,0,0,6
0,2229,1,1,0,0,6
0,2243,1,1,0,0,6
0,2247,1,1,0,0,6
0,2267,1,1,0,0,6
0,2268,1,1,0,0,6
0,2270,1,1,0,0,6
0,2274,1,1,0,0,6
0,2288,1,1,0,0,6
0,2290,1,1,0,0,6
0,2312,1,1,0,0,6
0,2410,1,1,0,0,6
0,2432,1,1,0,0,6
0,2435,1,1,0,0,6
0,2451,1,1,0,0,6
0,2459,1,1,0,0,6
0,7,1,1,0,0,7
0,35,1,1,0,0,7
0,41,1,1,0,0,7
0,62,1,1,0,0,7
0,65,1,1,0,0,7
0,69,1,1,0,0,7
0,97,1,1,0,0,7
0,101,1,1,0,0,7
0,110,1,1,0,0,7
0,113,1,1,0,0,7
0,115,1,1,0,0,7
0,128,1,1,0,0,7
0,134,1,1,0,0,7
0,169,1,1,0,0,7
0,171,1,1,0,0,7
0,176,1,1,0,0,7
0,198,1,1,0,0,7
0,207,1,1,0,0,7
0,226,1,1,0,0,7
0,228,1,1,0,0,7
0,232,1,1,0,0,7
0,251,1,1,0,0,7
0,267,1,1,0,0,7
0,271,1,1,0,0,7
0,315,1,1,0,0,7
0,321,1,1,0,0,7
0,358,1,1,0,0,7
0,393,1,1,0,0,7
0,419,1,1,0,0,7
0,423,1,1,0,0,7
0,441,1,1,0,0,7
0,473,1,1,0,0,7
0,487,1,1,0,0,7
0,504,1,1,0,0,7
0,525,1,1,0,0,7
0,570,1,1,0,0,7
0,587,1,1,0,0,7
0,588,1,1,0,0,7
0,598,1,1,0,0,7
0,607,1,1,0,0,7
0,613,1,1,0,0,7
0,630,1,1,0,0,7
0,669,1,1,0,0,7
0,675,1,1,0,0,7
0,676,1,1,0,0,7
0,721,1,1,0,0,7
0,730,1,1,0,0,7
0,763,1,1,0,0,7
0,769,1,1,0,0,7
0,782,1,1,0,0,7
0,804,1,1,0,0,7
0,807,1,1,0,0,7
0,844,1,1,0,0,7
0,847,1,1,0,0,7
0,877,1,1,0,0,7
0,882,1,1,0,0,7
0,899,1,1,0,0,7
0,901,1,1,0,0,7
0,903,1,1,0,0,7
0,906,1,1,0,0,7
0,917,1,1,0,0,7
0,918,1,1,0,0,7
0,919,1,1,0,0,7
0,973,1,1,0,0,7
0,1055,1,1,0,0,7
0,1084,1,1,0,0,7
0,1085,1,1,0,0,7
0,1097,1,1,0,0,7
0,1105,1,1,0,0,7
0,1112,1,1,0,0,7
0,1125,1,1,0,0,7
0,1173,1,1,0,0,7
0,1231,1,1,0,0,7
0,1258,1,1,0,0,7
0,1293,1,1,0,0,7
0,1314,1,1,0,0,7
0,1331,1,1,0,0,7
0,1358,1,1,0,0,7
0,1370,1,1,0,0,7
0,1381,1,1,0,0,7
0,1390,1,1,0,0,7
0,1397,1,1,0,0,7
0,1422,1,1,0,0,7
0,1424,1,1,0,0,7
0,1465,1,1,0,0,7
0,1466,1,1,0,0,7
0,1470,1,1,0,0,7
0,1489,1,1,0,0,7
0,1492,1,1,0,0,7
0,1505,1,1,0,0,7
0,1514,1,1,0,0,7
0,1544,1,1,0,0,7
0,1576,1,1,0,0,7
0,1579,1,1,0,0,7
0,1590,1,1,0,0,7
0,1630,1,1,0,0,7
0,1638,1,1,0,0,7
0,1663,1,1,0,0,7
0,1673,1,1,0,0,7
0,1700,1,1,0,0,7
0,1711,1,1,0,0,7
0,1723,1,1,0,0,7
0,1743,1,1,0,0,7
0,1758,1,1,0,0,7
0,1759,1,1,0,0,7
0,1777,1,1,0,0,7
0,1781,1,1,0,0,7
0,1782,1,1,0,0,7
0,1800,1,1,0,0,7
0,1810,1,1,0,0,7
0,1848,1,1,0,0,7
0,1870,1,1,0,0,7
0,1873,1,1,0,0,7
0,1883,1,1,0,0,7
0,1885,1,1,0,0,7
0,1886,1,1,0,0,7
0,1910,1,1,0,0,7
0,1944,1,1,0,0,7
0,1965,1,1,0,0,7
0,1968,1,1,0,0,7
0,1975,1,1,0,0,7
0,1977,1,1,0,0,7
0,2034,1,1,0,0,7
0,2036,1,1,0,0,7
0,2037,1,1,0,0,7
0,2055,1,1,0,0,7
0,2067,1,1,0,0,7
0,2068,1,1,0,0,7
0,2096,1,1,0,0,7
0,2115,1,1,0,0,7
0,2127,1,1,0,0,7
0,2129,1,1,0,0,7
0,2131,1,1,0,0,7
0,2146,1,1,0,0,7
0,2151,1,1,0,0,7
0,2154,1,1,0,0,7
0,2163,1,1,0,0,7
0,2186,1,1,0,0,7
0,2214,1,1,0,0,7
0,2216,1,1,0,0,7
0,2241,1,1,0,0,7
0,2254,1,1,0,0,7
0,2279,1,1,0,0,7
0,2284,1,1,0,0,7
0,2307,1,1,0,0,7
0,2308,1,1,0,0,7
0,2325,1,1,0,0,7
0,2363,1,1,0,0,7
0,2369,1,1,0,0,7
0,2370,1,1,0,0,7
0,2375,1,1,0,0,7
0,2380,1,1,0,0,7
0,2396,1,1,0,0,7
0,2404,1,1,0,0,7
0,2421,1,1,0,0,7
0,2429,1,1,0,0,7
0,2455,1,1,0,0,7
0,2456,1,1,0,0,7
0,2457,1,1,0,0,7
0,2463,1,1,0,0,7
0,2464,1,1,0,0,7
0,2472,1,1,0,0,7
0,2481,1,1,0,0,7
0,2493,1,1,0,0,7
0,10,1,1,0,0,8
0,11,1,1,0,0,8
0,17,1,1,0,0,8
0,29,1,1,0,0,8
0,55,1,1,0,0,8
0,77,1,1,0,0,8
0,158,1,1,0,0,8
0,188,1,1,0,0,8
0,208,1,1,0,0,8
0,255,1,1,0,0,8
0,313,1,1,0,0,8
0,329,1,1,0,0,8
0,351,1,1,0,0,8
0,417,1,1,0,0,8
0,424,1,1,0,0,8
0,430,1,1,0,0,8
0,446,1,1,0,0,8
0,450,1,1,0,0,8
0,484,1,1,0,0,8
0,485,1,1,0,0,8
0,490,1,1,0,0,8
0,507,1,1,0,0,8
0,511,1,1,0,0,8
0,520,1,1,0,0,8
0,556,1,1,0,0,8
0,568,1,1,0,0,8
0,572,1,1,0,0,8
0,591,1,1,0,0,8
0,612,1,1,0,0,8
0,614,1,1,0,0,8
0,615,1,1,0,0,8
0,645,1,1,0,0,8
0,653,1,1,0,0,8
0,663,1,1,0,0,8
0,673,1,1,0,0,8
0,686,1,1,0,0,8
0,707,1,1,0,0,8
0,711,1,1,0,0,8
0,726,1,1,0,0,8
0,732,1,1,0,0,8
0,741,1,1,0,0,8
0,765,1,1,0,0,8
0,797,1,1,0,0,8
0,814,1,1,0,0,8
0,818,1,1,0,0,8
0,835,1,1,0,0,8
0,843,1,1,0,0,8
0,872,1,1,0,0,8
0,874,1,1,0,0,8
0,878,1,1,0,0,8
0,890,1,1,0,0,8
0,924,1,1,0,0,8
0,926,1,1,0,0,8
0,945,1,1,0,0,8
0,952,1,1,0,0,8
0,1067,1,1,0,0,8
0,1109,1,1,0,0,8
0,1114,1,1,0,0,8
0,1127,1,1,0,0,8
0,1156,1,1,0,0,8
0,1158,1,1,0,0,8
0,1167,1,1,0,0,8
0,1172,1,1,0,0,8
0,1218,1,1,0,0,8
0,1255,1,1,0,0,8
0,1265,1,1,0,0,8
0,1269,1,1,0,0,8
0,1284,1,1,0,0,8
0,1321,1,1,0,0,8
0,1335,1,1,0,0,8
0,1336,1,1,0,0,8
0,1339,1,1,0,0,8
0,1350,1,1,0,0,8
0,1362,1,1,0,0,8
0,1392,1,1,0,0,8
0,1396,1,1,0,0,8
0,1403,1,1,0,0,8
0,1414,1,1,0,0,8
0,1444,1,1,0,0,8
0,1460,1,1,0,0,8
0,1481,1,1,0,0,8
0,1533,1,1,0,0,8
0,1534,1,1,0,0,8
0,1537,1,1,0,0,8
0,1543,1,1,0,0,8
0,1565,1,1,0,0,8
0,1727,1,1,0,0,8
0,1747,1,1,0,0,8
0,1767,1,1,0,0,8
0,1773,1,1,0,0,8
0,1775,1,1,0,0,8
0,1787,1,1,0,0,8
0,1797,1,1,0,0,8
0,1842,1,1,0,0,8
0,1877,1,1,0,0,8
0,1914,1,1,0,0,8
0,1941,1,1,0,0,8
0,1955,1,1,0,0,8
0,1957,1,1,0,0,8
0,1994,1,1,0,0,8
0,2008,1,1,0,0,8
0,2028,1,1,0,0,8
0,2030,1,1,0,0,8
0,2039,1,1,0,0,8
0,2043,1,1,0,0,8
0,2066,1,1,0,0,8
0,2071,1,1,0,0,8
0,2074,1,1,0,0,8
0,2084,1,1,0,0,8
0,2090,1,1,0,0,8
0,2121,1,1,0,0,8
0,2173,1,1,0,0,8
0,2200,1,1,0,0,8
0,2227,1,1,0,0,8
0,2250,1,1,0,0,8
0,2285,1,1,0,0,8
0,2322,1,1,0,0,8
0,2330,1,1,0,0,8
0,2374,1,1,0,0,8
0,2384,1,1,0,0,8
0,2386,1,1,0,0,8
0,2399,1,1,0,0,8
0,2427,1,1,0,0,8
0,2440,1,1,0,0,8
0,1,1,1,0,0,9
0,13,1,1,0,0,9
0,47,1,1,0,0,9
0,50,1,1,0,0,9
0,78,1,1,0,0,9
0,107,1,1,0,0,9
0,109,1,1,0,0,9
0,114,1,1,0,0,9
0,139,1,1,0,0,9
0,148,1,1,0,0,9
0,153,1,1,0,0,9
0,166,1,1,0,0,9
0,175,1,1,0,0,9
0,197,1,1,0,0,9
0,203,1,1,0,0,9
0,250,1,1,0,0,9
0,265,1,1,0,0,9
0,299,1,1,0,0,9
0,341,1,1,0,0,9
0,380,1,1,0,0,9
0,391,1,1,0,0,9
0,406,1,1,0,0,9
0,428,1,1,0,0,9
0,437,1,1,0,0,9
0,440,1,1,0,0,9
0,454,1,1,0,0,9
0,461,1,1,0,0,9
0,476,1,1,0,0,9
0,477,1,1,0,0,9
0,492,1,1,0,0,9
0,545,1,1,0,0,9
0,548,1,1,0,0,9
0,553,1,1,0,0,9
0,567,1,1,0,0,9
0,626,1,1,0,0,9
0,652,1,1,0,0,9
0,693,1,1,0,0,9
0,705,1,1,0,0,9
0,706,1,1,0,0,9
0,709,1,1,0,0,9
0,725,1,1,0,0,9
0,729,1,1,0,0,9
0,733,1,1,0,0,9
0,787,1,1,0,0,9
0,791,1,1,0,0,9
0,817,1,1,0,0,9
0,831,1,1,0,0,9
0,849,1,1,0,0,9
0,858,1,1,0,0,9
0,864,1,1,0,0,9
0,898,1,1,0,0,9
0,907,1,1,0,0,9
0,938,1,1,0,0,9
0,959,1,1,0,0,9
0,962,1,1,0,0,9
0,1006,1,1,0,0,9
0,1013,1,1,0,0,9
0,1033,1,1,0,0,9
0,1049,1,1,0,0,9
0,1077,1,1,0,0,9
0,1132,1,1,0,0,9
0,1135,1,1,0,0,9
0,1153,1,1,0,0,9
0,1198,1,1,0,0,9
0,1199,1,1,0,0,9
0,1200,1,1,0,0,9
0,1232,1,1,0,0,9
0,1235,1,1,0,0,9
0,1250,1,1,0,0,9
0,1289,1,1,0,0,9
0,1297,1,1,0,0,9
0,1305,1,1,0,0,9
0,1337,1,1,0,0,9
0,1345,1,1,0,0,9
0,1357,1,1,0,0,9
0,1372,1,1,0,0,9
0,1384,1,1,0,0,9
0,1427,1,1,0,0,9
0,1437,1,1,0,0,9
0,1439,1,1,0,0,9
0,1443,1,1,0,0,9
0,1449,1,1,0,0,9
0,1469,1,1,0,0,9
0,1525,1,1,0,0,9
0,1528,1,1,0,0,9
0,1562,1,1,0,0,9
0,1566,1,1,0,0,9
0,1574,1,1,0,0,9
0,1625,1,1,0,0,9
0,1639,1,1,0,0,9
0,1644,1,1,0,0,9
0,1686,1,1,0,0,9
0,1695,1,1,0,0,9
0,1713,1,1,0,0,9
0,1717,1,1,0,0,9
0,1728,1,1,0,0,9
0,1750,1,1,0,0,9
0,1764,1,1,0,0,9
0,1802,1,1,0,0,9
0,1813,1,1,0,0,9
0,1826,1,1,0,0,9
0,1828,1,1,0,0,9
0,1850,1,1,0,0,9
0,1950,1,1,0,0,9
0,1958,1,1,0,0,9
0,1976,1,1,0,0,9
0,1978,1,1,0,0,9
0,1997,1,1,0,0,9
0,2012,1,1,0,0,9
0,2018,1,1,0,0,9
0,2051,1,1,0,0,9
0,2054,1,1,0,0,9
0,2072,1,1,0,0,9
0,2114,1,1,0,0,9
0,2116,1,1,0,0,9
0,2132,1,1,0,0,9
0,2136,1,1,0,0,9
0,2145,1,1,0,0,9
0,2156,1,1,0,0,9
0,2204,1,1,0,0,9
0,2255,1,1,0,0,9
0,2262,1,1,0,0,9
0,2263,1,1,0,0,9
0,2264,1,1,0,0,9
0,2265,1,1,0,0,9
0,2266,1,1,0,0,9
0,2275,1,1,0,0,9
0,2278,1,1,0,0,9
0,2311,1,1,0,0,9
0,2331,1,1,0,0,9
0,2360,1,1,0,0,9
0,2383,1,1,0,0,9
0,2398,1,1,0,0,9
0,2400,1,1,0,0,9
0,2407,1,1,0,0,9
0,2422,1,1,0,0,9
0,2444,1,1,0,0,9
0,2460,1,1,0,0,9
0,27,1,1,0,0,10
0,36,1,1,0,0,10
0,40,1,1,0,0,10
0,42,1,1,0,0,10
0,51,1,1,0,0,10
0,89,1,1,0,0,10
0,93,1,1,0,0,10
0,94,1,1,0,0,10
0,133,1,1,0,0,10
0,145,1,1,0,0,10
0,157,1,1,0,0,10
0,162,1,1,0,0,10
0,165,1,1,0,0,10
0,178,1,1,0,0,10
0,181,1,1,0,0,10
0,209,1,1,0,0,10
0,220,1,1,0,0,10
0,234,1,1,0,0,10
0,237,1,1,0,0,10
0,261,1,1,0,0,10
0,273,1,1,0,0,10
0,297,1,1,0,0,10
0,305,1,1,0,0,10
0,323,1,1,0,0,10
0,335,1,1,0,0,10
0,348,1,1,0,0,10
0,370,1,1,0,0,10
0,388,1,1,0,0,10
0,396,1,1,0,0,10
0,405,1,1,0,0,10
0,418,1,1,0,0,10
0,429,1,1,0,0,10
0,447,1,1,0,0,10
0,459,1,1,0,0,10
0,497,1,1,0,0,10
0,518,1,1,0,0,10
0,521,1,1,0,0,10
0,522,1,1,0,0,10
0,544,1,1,0,0,10
0,604,1,1,0,0,10
0,616,1,1,0,0,10
0,640,1,1,0,0,10
0,643,1,1,0,0,10
0,659,1,1,0,0,10
0,660,1,1,0,0,10
0,672,1,1,0,0,10
0,689,1,1,0,0,10
0,690,1,1,0,0,10
0,691,1,1,0,0,10
0,692,1,1,0,0,10
0,713,1,1,0,0,10
0,748,1,1,0,0,10
0,766,1,1,0,0,10
0,775,1,1,0,0,10
0,908,1,1,0,0,10
0,936,1,1,0,0,10
0,950,1,1,0,0,10
0,976,1,1,0,0,10
0,998,1,1,0,0,10
0,1024,1,1,0,0,10
0,1025,1,1,0,0,10
0,1030,1,1,0,0,10
0,1041,1,1,0,0,10
0,1080,1,1,0,0,10
0,1081,1,1,0,0,10
0,1101,1,1,0,0,10
0,1110,1,1,0,0,10
0,1128,1,1,0,0,10
0,1130,1,1,0,0,10
0,1160,1,1,0,0,10
0,1174,1,1,0,0,10
0,1177,1,1,0,0,10
0,1186,1,1,0,0,10
0,1193,1,1,0,0,10
0,1237,1,1,0,0,10
0,1240,1,1,0,0,10
0,1242,1,1,0,0,10
0,1270,1,1,0,0,10
0,1275,1,1,0,0,10
0,1286,1,1,0,0,10
0,1296,1,1,0,0,10
0,1333,1,1,0,0,10
0,1359,1,1,0,0,10
0,1360,1,1,0,0,10
0,1361,1,1,0,0,10
0,1363,1,1,0,0,10
0,1364,1,1,0,0,10
0,1387,1,1,0,0,10
0,1389,1,1,0,0,10
0,1405,1,1,0,0,10
0,1455,1,1,0,0,10
0,1477,1,1,0,0,10
0,1483,1,1,0,0,10
0,1497,1,1,0,0,10
0,1506,1,1,0,0,10
0,1512,1,1,0,0,10
0,1541,1,1,0,0,10
0,1567,1,1,0,0,10
0,1598,1,1,0,0,10
0,1613,1,1,0,0,10
0,1623,1,1,0,0,10
0,1672,1,1,0,0,10
0,1699,1,1,0,0,10
0,1706,1,1,0,0,10
0,1776,1,1,0,0,10
0,1789,1,1,0,0,10
0,1803,1,1,0,0,10
0,1804,1,1,0,0,10
0,1805,1,1,0,0,10
0,1849,1,1,0,0,10
0,1863,1,1,0,0,10
0,1872,1,1,0,0,10
0,1892,1,1,0,0,10
0,1898,1,1,0,0,10
0,1907,1,1,0,0,10
0,1928,1,1,0,0,10
0,1937,1,1,0,0,10
0,1945,1,1,0,0,10
0,1948,1,1,0,0,10
0,1971,1,1,0,0,10
0,2016,1,1,0,0,10
0,2032,1,1,0,0,10
0,2047,1,1,0,0,10
0,2085,1,1,0,0,10
0,2150,1,1,0,0,10
0,2167,1,1,0,0,10
0,2177,1,1,0,0,10
0,2197,1,1,0,0,10
0,2201,1,1,0,0,10
0,2228,1,1,0,0,10
0,2232,1,1,0,0,10
0,2239,1,1,0,0,10
0,2292,1,1,0,0,10
0,2296,1,1,0,0,10
0,2326,1,1,0,0,10
0,2364,1,1,0,0,10
0,2366,1,1,0,0,10
0,2385,1,1,0,0,10
0,2406,1,1,0,0,10
0,2415,1,1,0,0,10
0,2426,1,1,0,0,10
0,2450,1,1,0,0,10
0,2475,1,1,0,0,10
0,2499,1,1,0,0,10
0,0,1,1,0,0,11
0,3,1,1,0,0,11
0,4,1,1,0,0,11
0,15,1,1,0,0,11
0,20,1,1,0,0,11
0,30,1,1,0,0,11
0,43,1,1,0,0,11
0,46,1,1,0,0,11
0,120,1,1,0,0,11
0,150,1,1,0,0,11
0,151,1,1,0,0,11
0,155,1,1,0,0,11
0,168,1,1,0,0,11
0,195,1,1,0,0,11
0,213,1,1,0,0,11
0,247,1,1,0,0,11
0,256,1,1,0,0,11
0,289,1,1,0,0,11
0,296,1,1,0,0,11
0,301,1,1,0,0,11
0,311,1,1,0,0,11
0,331,1,1,0,0,11
0,353,1,1,0,0,11
0,355,1,1,0,0,11
0,402,1,1,0,0,11
0,414,1,1,0,0,11
0,463,1,1,0,0,11
0,550,1,1,0,0,11
0,554,1,1,0,0,11
0,557,1,1,0,0,11
0,559,1,1,0,0,11
0,571,1,1,0,0,11
0,583,1,1,0,0,11
0,586,1,1,0,0,11
0,592,1,1,0,0,11
0,594,1,1,0,0,11
0,634,1,1,0,0,11
0,639,1,1,0,0,11
0,651,1,1,0,0,11
0,679,1,1,0,0,11
0,710,1,1,0,0,11
0,728,1,1,0,0,11
0,753,1,1,0,0,11
0,774,1,1,0,0,11
0,795,1,1,0,0,11
0,828,1,1,0,0,11
0,833,1,1,0,0,11
0,863,1,1,0,0,11
0,886,1,1,0,0,11
0,887,1,1,0,0,11
0,891,1,1,0,0,11
0,905,1,1,0,0,11
0,932,1,1,0,0,11
0,933,1,1,0,0,11
0,944,1,1,0,0,11
0,946,1,1,0,0,11
0,955,1,1,0,0,11
0,966,1,1,0,0,11
0,978,1,1,0,0,11
0,1000,1,1,0,0,11
0,1009,1,1,0,0,11
0,1037,1,1,0,0,11
0,1075,1,1,0,0,11
0,1091,1,1,0,0,11
0,1096,1,1,0,0,11
0,1103,1,1,0,0,11
0,1107,1,1,0,0,11
0,1119,1,1,0,0,11
0,1148,1,1,0,0,11
0,1154,1,1,0,0,11
0,1166,1,1,0,0,11
0,1180,1,1,0,0,11
0,1185,1,1,0,0,11
0,1230,1,1,0,0,11
0,1238,1,1,0,0,11
0,1245,1,1,0,0,11
0,1248,1,1,0,0,11
0,1252,1,1,0,0,11
0,1259,1,1,0,0,11
0,1272,1,1,0,0,11
0,1298,1,1,0,0,11
0,1300,1,1,0,0,11
0,1326,1,1,0,0,11
0,1329,1,1,0,0,11
0,1386,1,1,0,0,11
0,1395,1,1,0,0,11
0,1407,1,1,0,0,11
0,1411,1,1,0,0,11
0,1419,1,1,0,0,11
0,1487,1,1,0,0,11
0,1496,1,1,0,0,11
0,1499,1,1,0,0,11
0,1527,1,1,0,0,11
0,1572,1,1,0,0,11
0,1592,1,1,0,0,11
0,1620,1,1,0,0,11
0,1643,1,1,0,0,11
0,1645,1,1,0,0,11
0,1682,1,1,0,0,11
0,1689,1,1,0,0,11
0,1702,1,1,0,0,11
0,1708,1,1,0,0,11
0,1716,1,1,0,0,11
0,1724,1,1,0,0,11
0,1735,1,1,0,0,11
0,1738,1,1,0,0,11
0,1746,1,1,0,0,11
0,1774,1,1,0,0,11
0,1793,1,1,0,0,11
0,1795,1,1,0,0,11
0,1796,1,1,0,0,11
0,1811,1,1,0,0,11
0,1832,1,1,0,0,11
0,1851,1,1,0,0,11
0,1876,1,1,0,0,11
0,1894,1,1,0,0,11
0,1900,1,1,0,0,11
0,1908,1,1,0,0,11
0,1912,1,1,0,0,11
0,1915,1,1,0,0,11
0,1916,1,1,0,0,11
0,1917,1,1,0,0,11
0,1924,1,1,0,0,11
0,1929,1,1,0,0,11
0,1967,1,1,0,0,11
0,1973,1,1,0,0,11
0,1995,1,1,0,0,11
0,1996,1,1,0,0,11
0,1998,1,1,0,0,11
0,2011,1,1,0,0,11
0,2024,1,1,0,0,11
0,2029,1,1,0,0,11
0,2035,1,1,0,0,11
0,2082,1,1,0,0,11
0,2123,1,1,0,0,11
0,2125,1,1,0,0,11
0,2159,1,1,0,0,11
0,2162,1,1,0,0,11
0,2164,1,1,0,0,11
0,2168,1,1,0,0,11
0,2169,1,1,0,0,11
0,2212,1,1,0,0,11
0,2219,1,1,0,0,11
0,2240,1,1,0,0,11
0,2259,1,1,0,0,11
0,2293,1,1,0,0,11
0,2303,1,1,0,0,11
0,2338,1,1,0,0,11
0,2347,1,1,0,0,11
0,2352,1,1,0,0,11
0,2355,1,1,0,0,11
0,2362,1,1,0,0,11
0,2389,1,1,0,0,11
0,2430,1,1,0,0,11
0,2433,1,1,0,0,11
0,2445,1,1,0,0,11
0,2452,1,1,0,0,11
0,2477,1,1,0,0,11
0,2480,1,1,0,0,11
0,2496,1,1,0,0,11
0,21,1,1,0,0,12
0,28,1,1,0,0,12
0,59,1,1,0,0,12
0,60,1,1,0,0,12
0,66,1,1,0,0,12
0,96,1,1,0,0,12
0,99,1,1,0,0,12
0,104,1,1,0,0,12
0,116,1,1,0,0,12
0,119,1,1,0,0,12
0,125,1,1,0,0,12
0,130,1,1,0,0,12
0,140,1,1,0,0,12
0,149,1,1,0,0,12
0,159,1,1,0,0,12
0,179,1,1,0,0,12
0,184,1,1,0,0,12
0,241,1,1,0,0,12
0,308,1,1,0,0,12
0,314,1,1,0,0,12
0,336,1,1,0,0,12
0,337,1,1,0,0,12
0,343,1,1,0,0,12
0,347,1,1,0,0,12
0,350,1,1,0,0,12
0,386,1,1,0,0,12
0,389,1,1,0,0,12
0,395,1,1,0,0,12
0,403,1,1,0,0,12
0,404,1,1,0,0,12
0,435,1,1,0,0,12
0,442,1,1,0,0,12
0,443,1,1,0,0,12
0,451,1,1,0,0,12
0,478,1,1,0,0,12
0,495,1,1,0,0,12
0,500,1,1,0,0,12
0,538,1,1,0,0,12
0,560,1,1,0,0,12
0,574,1,1,0,0,12
0,624,1,1,0,0,12
0,649,1,1,0,0,12
0,742,1,1,0,0,12
0,745,1,1,0,0,12
0,754,1,1,0,0,12
0,764,1,1,0,0,12
0,772,1,1,0,0,12
0,785,1,1,0,0,12
0,788,1,1,0,0,12
0,808,1,1,0,0,12
0,812,1,1,0,0,12
0,836,1,1,0,0,12
0,852,1,1,0,0,12
0,868,1,1,0,0,12
0,925,1,1,0,0,12
0,939,1,1,0,0,12
0,942,1,1,0,0,12
0,948,1,1,0,0,12
0,967,1,1,0,0,12
0,974,1,1,0,0,12
0,988,1,1,0,0,12
0,1022,1,1,0,0,12
0,1104,1,1,0,0,12
0,1118,1,1,0,0,12
0,1146,1,1,0,0,12
0,1152,1,1,0,0,12
0,1169,1,1,0,0,12
0,1179,1,1,0,0,12
0,1194,1,1,0,0,12
0,1209,1,1,0,0,12
0,1217,1,1,0,0,12
0,1223,1,1,0,0,12
0,1228,1,1,0,0,12
0,1247,1,1,0,0,12
0,1266,1,1,0,0,12
0,1268,1,1,0,0,12
0,1279,1,1,0,0,12
0,1285,1,1,0,0,12
0,1290,1,1,0,0,12
0,1310,1,1,0,0,12
0,1311,1,1,0,0,12
0,1322,1,1,0,0,12
0,1346,1,1,0,0,12
0,1354,1,1,0,0,12
0,1373,1,1,0,0,12
0,1378,1,1,0,0,12
0,1379,1,1,0,0,12
0,1382,1,1,0,0,12
0,1409,1,1,0,0,12
0,1423,1,1,0,0,12
0,1464,1,1,0,0,12
0,1500,1,1,0,0,12
0,1519,1,1,0,0,12
0,1540,1,1,0,0,12
0,1545,1,1,0,0,12
0,1552,1,1,0,0,12
0,1555,1,1,0,0,12
0,1563,1,1,0,0,12
0,1583,1,1,0,0,12
0,1611,1,1,0,0,12
0,1627,1,1,0,0,12
0,1631,1,1,0,0,12
0,1649,1,1,0,0,12
0,1656,1,1,0,0,12
0,1660,1,1,0,0,12
0,1739,1,1,0,0,12
0,1754,1,1,0,0,12
0,1757,1,1,0,0,12
0,1772,1,1,0,0,12
0,1784,1,1,0,0,12
0,1816,1,1,0,0,12
0,1838,1,1,0,0,12
0,1839,1,1,0,0,12
0,1868,1,1,0,0,12
0,1879,1,1,0,0,12
0,1889,1,1,0,0,12
0,1909,1,1,0,0,12
0,1921,1,1,0,0,12
0,1927,1,1,0,0,12
0,1940,1,1,0,0,12
0,1942,1,1,0,0,12
0,1946,1,1,0,0,12
0,1954,1,1,0,0,12
0,1959,1,1,0,0,12
0,1964,1,1,0,0,12
0,1982,1,1,0,0,12
0,1983,1,1,0,0,12
0,2001,1,1,0,0,12
0,2003,1,1,0,0,12
0,2015,1,1,0,0,12
0,2026,1,1,0,0,12
0,2057,1,1,0,0,12
0,2081,1,1,0,0,12
0,2106,1,1,0,0,12
0,2119,1,1,0,0,12
0,2120,1,1,0,0,12
0,2139,1,1,0,0,12
0,2153,1,1,0,0,12
0,2157,1,1,0,0,12
0,2160,1,1,0,0,12
0,2183,1,1,0,0,12
0,2185,1,1,0,0,12
0,2237,1,1,0,0,12
0,2273,1,1,0,0,12
0,2334,1,1,0,0,12
0,2372,1,1,0,0,12
0,2381,1,1,0,0,12
0,2392,1,1,0,0,12
0,2401,1,1,0,0,12
0,2447,1,1,0,0,12
0,2454,1,1,0,0,12
0,2458,1,1,0,0,12
0,2482,1,1,0,0,12
0,2489,1,1,0,0,12
0,5,1,1,0,0,13
0,8,1,1,0,0,13
0,12,1,1,0,0,13
0,16,1,1,0,0,13
0,19,1,1,0,0,13
0,24,1,1,0,0,13
0,26,1,1,0,0,13
0,33,1,1,0,0,13
0,39,1,1,0,0,13
0,44,1,1,0,0,13
0,45,1,1,0,0,13
0,56,1,1,0,0,13
0,57,1,1,0,0,13
0,63,1,1,0,0,13
0,72,1,1,0,0,13
0,83,1,1,0,0,13
0,87,1,1,0,0,13
0,112,1,1,0,0,13
0,118,1,1,0,0,13
0,123,1,1,0,0,13
0,126,1,1,0,0,13
0,127,1,1,0,0,13
0,129,1,1,0,0,13
0,144,1,1,0,0,13
0,147,1,1,0,0,13
0,152,1,1,0,0,13
0,170,1,1,0,0,13
0,189,1,1,0,0,13
0,196,1,1,0,0,13
0,202,1,1,0,0,13
0,217,1,1,0,0,13
0,225,1,1,0,0,13
0,236,1,1,0,0,13
0,248,1,1,0,0,13
0,253,1,1,0,0,13
0,257,1,1,0,0,13
0,259,1,1,0,0,13
0,260,1,1,0,0,13
0,266,1,1,0,0,13
0,276,1,1,0,0,13
0,279,1,1,0,0,13
0,280,1,1,0,0,13
0,282,1,1,0,0,13
0,285,1,1,0,0,13
0,307,1,1,0,0,13
0,309,1,1,0,0,13
0,316,1,1,0,0,13
0,319,1,1,0,0,13
0,320,1,1,0,0,13
0,322,1,1,0,0,13
0,326,1,1,0,0,13
0,339,1,1,0,0,13
0,344,1,1,0,0,13
0,345,1,1,0,0,13
0,356,1,1,0,0,13
0,357,1,1,0,0,13
0,360,1,1,0,0,13
0,368,1,1,0,0,13
0,373,1,1,0,0,13
0,374,1,1,0,0,13
0,376,1,1,0,0,13
0,382,1,1,0,0,13
0,397,1,1,0,0,13
0,399,1,1,0,0,13
0,400,1,1,0,0,13
0,409,1,1,0,0,13
0,421,1,1,0,0,13
0,427,1,1,0,0,13
0,433,1,1,0,0,13
0,462,1,1,0,0,13
0,467,1,1,0,0,13
0,474,1,1,0,0,13
0,493,1,1,0,0,13
0,498,1,1,0,0,13
0,499,1,1,0,0,13
0,505,1,1,0,0,13
0,506,1,1,0,0,13
0,516,1,1,0,0,13
0,530,1,1,0,0,13
0,531,1,1,0,0,13
0,533,1,1,0,0,13
0,541,1,1,0,0,13
0,543,1,1,0,0,13
0,566,1,1,0,0,13
0,573,1,1,0,0,13
0,581,1,1,0,0,13
0,584,1,1,0,0,13
0,596,1,1,0,0,13
0,600,1,1,0,0,13
0,603,1,1,0,0,13
0,605,1,1,0,0,13
0,608,1,1,0,0,13
0,610,1,1,0,0,13
0,619,1,1,0,0,13
0,621,1,1,0,0,13
0,622,1,1,0,0,13
0,631,1,1,0,0,13
0,632,1,1,0,0,13
0,636,1,1,0,0,13
0,641,1,1,0,0,13
0,655,1,1,0,0,13
0,665,1,1,0,0,13
0,667,1,1,0,0,13
0,668,1,1,0,0,13
0,671,1,1,0,0,13
0,674,1,1,0,0,13
0,677,1,1,0,0,13
0,683,1,1,0,0,13
0,688,1,1,0,0,13
0,694,1,1,0,0,13
0,699,1,1,0,0,13
0,702,1,1,0,0,13
0,704,1,1,0,0,13
0,708,1,1,0,0,13
0,719,1,1,0,0,13
0,723,1,1,0,0,13
0,727,1,1,0,0,13
0,743,1,1,0,0,13
0,744,1,1,0,0,13
0,746,1,1,0,0,13
0,749,1,1,0,0,13
0,757,1,1,0,0,13
0,760,1,1,0,0,13
0,773,1,1,0,0,13
0,777,1,1,0,0,13
0,779,1,1,0,0,13
0,786,1,1,0,0,13
0,811,1,1,0,0,13
0,813,1,1,0,0,13
0,822,1,1,0,0,13
0,827,1,1,0,0,13
0,830,1,1,0,0,13
0,832,1,1,0,0,13
0,837,1,1,0,0,13
0,841,1,1,0,0,13
0,846,1,1,0,0,13
0,856,1,1,0,0,13
0,859,1,1,0,0,13
0,860,1,1,0,0,13
0,880,1,1,0,0,13
0,881,1,1,0,0,13
0,883,1,1,0,0,13
0,885,1,1,0,0,13
0,888,1,1,0,0,13
0,897,1,1,0,0,13
0,904,1,1,0,0,13
0,914,1,1,0,0,13
0,916,1,1,0,0,13
0,920,1,1,0,0,13
0,921,1,1,0,0,13
0,931,1,1,0,0,13
0,934,1,1,0,0,13
0,935,1,1,0,0,13
0,937,1,1,0,0,13
0,949,1,1,0,0,13
0,951,1,1,0,0,13
0,957,1,1,0,0,13
0,960,1,1,0,0,13
0,964,1,1,0,0,13
0,965,1,1,0,0,13
0,979,1,1,0,0,13
0,981,1,1,0,0,13
0,985,1,1,0,0,13
0,994,1,1,0,0,13
0,997,1,1,0,0,13
0,1011,1,1,0,0,13
0,1017,1,1,0,0,13
0,1018,1,1,0,0,13
0,1020,1,1,0,0,13
0,1031,1,1,0,0,13
0,1032,1,1,0,0,13
0,1034,1,1,0,0,13
0,1043,1,1,0,0,13
0,1045,1,1,0,0,13
0,1051,1,1,0,0,13
0,1053,1,1,0,0,13
0,1056,1,1,0,0,13
0,1072,1,1,0,0,13
0,1073,1,1,0,0,13
0,1074,1,1,0,0,13
0,1082,1,1,0,0,13
0,1087,1,1,0,0,13
0,1098,1,1,0,0,13
0,1099,1,1,0,0,13
0,1108,1,1,0,0,13
0,1111,1,1,0,0,13
0,1117,1,1,0,0,13
0,1120,1,1,0,0,13
0,1121,1,1,0,0,13
0,1126,1,1,0,0,13
0,1131,1,1,0,0,13
0,1138,1,1,0,0,13
0,1141,1,1,0,0,13
0,1155,1,1,0,0,13
0,1165,1,1,0,0,13
0,1189,1,1,0,0,13
0,1191,1,1,0,0,13
0,1192,1,1,0,0,13
0,1201,1,1,0,0,13
0,1211,1,1,0,0,13
0,1221,1,1,0,0,13
0,1227,1,1,0,0,13
0,1236,1,1,0,0,13
0,1249,1,1,0,0,13
0,1253,1,1,0,0,13
0,1267,1,1,0,0,13
0,1273,1,1,0,0,13
0,1276,1,1,0,0,13
0,1277,1,1,0,0,13
0,1280,1,1,0,0,13
0,1291,1,1,0,0,13
0,1303,1,1,0,0,13
0,1308,1,1,0,0,13
0,1309,1,1,0,0,13
0,1313,1,1,0,0,13
0,1316,1,1,0,0,13
0,1330,1,1,0,0,13
0,1334,1,1,0,0,13
0,1338,1,1,0,0,13
0,1340,1,1,0,0,13
0,1342,1,1,0,0,13
0,1343,1,1,0,0,13
0,1347,1,1,0,0,13
0,1353,1,1,0,0,13
0,1365,1,1,0,0,13
0,1377,1,1,0,0,13
0,1385,1,1,0,0,13
0,1388,1,1,0,0,13
0,1399,1,1,0,0,13
0,1406,1,1,0,0,13
0,1412,1,1,0,0,13
0,1416,1,1,0,0,13
0,1420,1,1,0,0,13
0,1430,1,1,0,0,13
0,1432,1,1,0,0,13
0,1441,1,1,0,0,13
0,1445,1,1,0,0,13
0,1453,1,1,0,0,13
0,1459,1,1,0,0,13
0,1467,1,1,0,0,13
0,1468,1,1,0,0,13
0,1473,1,1,0,0,13
0,1474,1,1,0,0,13
0,1480,1,1,0,0,13
0,1485,1,1,0,0,13
0,1490,1,1,0,0,13
0,1513,1,1,0,0,13
0,1516,1,1,0,0,13
0,1531,1,1,0,0,13
0,1539,1,1,0,0,13
0,1548,1,1,0,0,13
0,1549,1,1,0,0,13
0,1554,1,1,0,0,13
0,1556,1,1,0,0,13
0,1557,1,1,0,0,13
0,1561,1,1,0,0,13
0,1584,1,1,0,0,13
0,1585,1,1,0,0,13
0,1594,1,1,0,0,13
0,1599,1,1,0,0,13
0,1604,1,1,0,0,13
0,1605,1,1,0,0,13
0,1607,1,1,0,0,13
0,1610,1,1,0,0,13
0,1618,1,1,0,0,13
0,1619,1,1,0,0,13
0,1622,1,1,0,0,13
0,1632,1,1,0,0,13
0,1666,1,1,0,0,13
0,1668,1,1,0,0,13
0,1674,1,1,0,0,13
0,1676,1,1,0,0,13
0,1687,1,1,0,0,13
0,1688,1,1,0,0,13
0,1690,1,1,0,0,13
0,1693,1,1,0,0,13
0,1701,1,1,0,0,13
0,1707,1,1,0,0,13
0,1718,1,1,0,0,13
0,1720,1,1,0,0,13
0,1726,1,1,0,0,13
0,1740,1,1,0,0,13
0,1756,1,1,0,0,13
0,1760,1,1,0,0,13
0,1779,1,1,0,0,13
0,1780,1,1,0,0,13
0,1783,1,1,0,0,13
0,1792,1,1,0,0,13
0,1808,1,1,0,0,13
0,1823,1,1,0,0,13
0,1837,1,1,0,0,13
0,1845,1,1,0,0,13
0,1852,1,1,0,0,13
0,1855,1,1,0,0,13
0,1860,1,1,0,0,13
0,1867,1,1,0,0,13
0,1874,1,1,0,0,13
0,1887,1,1,0,0,13
0,1888,1,1,0,0,13
0,1902,1,1,0,0,13
0,1904,1,1,0,0,13
0,1920,1,1,0,0,13
0,1926,1,1,0,0,13
0,1931,1,1,0,0,13
0,1933,1,1,0,0,13
0,1935,1,1,0,0,13
0,1962,1,1,0,0,13
0,1970,1,1,0,0,13
0,1979,1,1,0,0,13
0,1990,1,1,0,0,13
0,1993,1,1,0,0,13
0,2000,1,1,0,0,13
0,2007,1,1,0,0,13
0,2010,1,1,0,0,13
0,2019,1,1,0,0,13
0,2025,1,1,0,0,13
0,2031,1,1,0,0,13
0,2046,1,1,0,0,13
0,2050,1,1,0,0,13
0,2058,1,1,0,0,13
0,2080,1,1,0,0,13
0,2087,1,1,0,0,13
0,2089,1,1,0,0,13
0,2092,1,1,0,0,13
0,2093,1,1,0,0,13
0,2105,1,1,0,0,13
0,2107,1,1,0,0,13
0,2112,1,1,0,0,13
0,2117,1,1,0,0,13
0,2128,1,1,0,0,13
0,2138,1,1,0,0,13
0,2140,1,1,0,0,13
0,2142,1,1,0,0,13
0,2149,1,1,0,0,13
0,2166,1,1,0,0,13
0,2194,1,1,0,0,13
0,2209,1,1,0,0,13
0,2210,1,1,0,0,13
0,2213,1,1,0,0,13
0,2218,1,1,0,0,13
0,2221,1,1,0,0,13
0,2224,1,1,0,0,13
0,2245,1,1,0,0,13
0,2246,1,1,0,0,13
0,2249,1,1,0,0,13
0,2252,1,1,0,0,13
0,2253,1,1,0,0,13
0,2271,1,1,0,0,13
0,2286,1,1,0,0,13
0,2302,1,1,0,0,13
0,2306,1,1,0,0,13
0,2309,1,1,0,0,13
0,2314,1,1,0,0,13
0,2317,1,1,0,0,13
0,2318,1,1,0,0,13
0,2324,1,1,0,0,13
0,2328,1,1,0,0,13
0,2337,1,1,0,0,13
0,2340,1,1,0,0,13
0,2349,1,1,0,0,13
0,2351,1,1,0,0,13
0,2357,1,1,0,0,13
0,2365,1,1,0,0,13
0,2377,1,1,0,0,13
0,2387,1,1,0,0,13
0,2393,1,1,0,0,13
0,2403,1,1,0,0,13
0,2411,1,1,0,0,13
0,2413,1,1,0,0,13
0,2417,1,1,0,0,13
0,2418,1,1,0,0,13
0,2419,1,1,0,0,13
0,2423,1,1,0,0,13
0,2424,1,1,0,0,13
0,2425,1,1,0,0,13
0,2431,1,1,0,0,13
0,2434,1,1,0,0,13
0,2438,1,1,0,0,13
0,2443,1,1,0,0,13
0,2462,1,1,0,0,13
0,2465,1,1,0,0,13
0,2479,1,1,0,0,13
0,2483,1,1,0,0,13
0,2485,1,1,0,0,13
0,2486,1,1,0,0,13
0,2492,1,1,0,0,13
0,2494,1,1,0,0,13
0,37,1,1,0,0,14
0,64,1,1,0,0,14
0,68,1,1,0,0,14
0,70,1,1,0,0,14
0,71,1,1,0,0,14
0,75,1,1,0,0,14
0,79,1,1,0,0,14
0,90,1,1,0,0,14
0,91,1,1,0,0,14
0,173,1,1,0,0,14
0,183,1,1,0,0,14
0,191,1,1,0,0,14
0,200,1,1,0,0,14
0,201,1,1,0,0,14
0,215,1,1,0,0,14
0,218,1,1,0,0,14
0,219,1,1,0,0,14
0,229,1,1,0,0,14
0,242,1,1,0,0,14
0,245,1,1,0,0,14
0,252,1,1,0,0,14
0,263,1,1,0,0,14
0,290,1,1,0,0,14
0,291,1,1,0,0,14
0,300,1,1,0,0,14
0,302,1,1,0,0,14
0,304,1,1,0,0,14
0,310,1,1,0,0,14
0,325,1,1,0,0,14
0,334,1,1,0,0,14
0,366,1,1,0,0,14
0,383,1,1,0,0,14
0,387,1,1,0,0,14
0,431,1,1,0,0,14
0,438,1,1,0,0,14
0,455,1,1,0,0,14
0,457,1,1,0,0,14
0,486,1,1,0,0,14
0,489,1,1,0,0,14
0,510,1,1,0,0,14
0,513,1,1,0,0,14
0,523,1,1,0,0,14
0,539,1,1,0,0,14
0,555,1,1,0,0,14
0,558,1,1,0,0,14
0,561,1,1,0,0,14
0,580,1,1,0,0,14
0,609,1,1,0,0,14
0,623,1,1,0,0,14
0,625,1,1,0,0,14
0,633,1,1,0,0,14
0,642,1,1,0,0,14
0,658,1,1,0,0,14
0,687,1,1,0,0,14
0,724,1,1,0,0,14
0,731,1,1,0,0,14
0,740,1,1,0,0,14
0,758,1,1,0,0,14
0,770,1,1,0,0,14
0,809,1,1,0,0,14
0,821,1,1,0,0,14
0,834,1,1,0,0,14
0,839,1,1,0,0,14
0,870,1,1,0,0,14
0,896,1,1,0,0,14
0,912,1,1,0,0,14
0,927,1,1,0,0,14
0,972,1,1,0,0,14
0,975,1,1,0,0,14
0,982,1,1,0,0,14
0,989,1,1,0,0,14
0,1007,1,1,0,0,14
0,1008,1,1,0,0,14
0,1012,1,1,0,0,14
0,1023,1,1,0,0,14
0,1026,1,1,0,0,14
0,1036,1,1,0,0,14
0,1044,1,1,0,0,14
0,1048,1,1,0,0,14
0,1052,1,1,0,0,14
0,1062,1,1,0,0,14
0,1066,1,1,0,0,14
0,1069,1,1,0,0,14
0,1071,1,1,0,0,14
0,1076,1,1,0,0,14
0,1092,1,1,0,0,14
0,1139,1,1,0,0,14
0,1142,1,1,0,0,14
0,1144,1,1,0,0,14
0,1147,1,1,0,0,14
0,1161,1,1,0,0,14
0,1178,1,1,0,0,14
0,1190,1,1,0,0,14
0,1208,1,1,0,0,14
0,1222,1,1,0,0,14
0,1226,1,1,0,0,14
0,1251,1,1,0,0,14
0,1278,1,1,0,0,14
0,1281,1,1,0,0,14
0,1283,1,1,0,0,14
0,1301,1,1,0,0,14
0,1302,1,1,0,0,14
0,1304,1,1,0,0,14
0,1318,1,1,0,0,14
0,1323,1,1,0,0,14
0,1327,1,1,0,0,14
0,1348,1,1,0,0,14
0,1349,1,1,0,0,14
0,1401,1,1,0,0,14
0,1404,1,1,0,0,14
0,1418,1,1,0,0,14
0,1431,1,1,0,0,14
0,1438,1,1,0,0,14
0,1462,1,1,0,0,14
0,1471,1,1,0,0,14
0,1493,1,1,0,0,14
0,1502,1,1,0,0,14
0,1507,1,1,0,0,14
0,1508,1,1,0,0,14
0,1522,1,1,0,0,14
0,1581,1,1,0,0,14
0,1588,1,1,0,0,14
0,1597,1,1,0,0,14
0,1608,1,1,0,0,14
0,1624,1,1,0,0,14
0,1641,1,1,0,0,14
0,1647,1,1,0,0,14
0,1653,1,1,0,0,14
0,1662,1,1,0,0,14
0,1677,1,1,0,0,14
0,1678,1,1,0,0,14
0,1683,1,1,0,0,14
0,1710,1,1,0,0,14
0,1719,1,1,0,0,14
0,1722,1,1,0,0,14
0,1751,1,1,0,0,14
0,1753,1,1,0,0,14
0,1778,1,1,0,0,14
0,1786,1,1,0,0,14
0,1799,1,1,0,0,14
0,1806,1,1,0,0,14
0,1815,1,1,0,0,14
0,1824,1,1,0,0,14
0,1830,1,1,0,0,14
0,1834,1,1,0,0,14
0,1841,1,1,0,0,14
0,1844,1,1,0,0,14
0,1858,1,1,0,0,14
0,1878,1,1,0,0,14
0,1918,1,1,0,0,14
0,1922,1,1,0,0,14
0,1925,1,1,0,0,14
0,1961,1,1,0,0,14
0,1966,1,1,0,0,14
0,1981,1,1,0,0,14
0,1991,1,1,0,0,14
0,2009,1,1,0,0,14
0,2020,1,1,0,0,14
0,2049,1,1,0,0,14
0,2060,1,1,0,0,14
0,2061,1,1,0,0,14
0,2064,1,1,0,0,14
0,2075,1,1,0,0,14
0,2083,1,1,0,0,14
0,2102,1,1,0,0,14
0,2133,1,1,0,0,14
0,2137,1,1,0,0,14
0,2161,1,1,0,0,14
0,2181,1,1,0,0,14
0,2182,1,1,0,0,14
0,2187,1,1,0,0,14
0,2206,1,1,0,0,14
0,2222,1,1,0,0,14
0,2230,1,1,0,0,14
0,2231,1,1,0,0,14
0,2233,1,1,0,0,14
0,2242,1,1,0,0,14
0,2248,1,1,0,0,14
0,2272,1,1,0,0,14
0,2277,1,1,0,0,14
0,2289,1,1,0,0,14
0,2300,1,1,0,0,14
0,2310,1,1,0,0,14
0,2319,1,1,0,0,14
0,2323,1,1,0,0,14
0,2333,1,1,0,0,14
0,2342,1,1,0,0,14
0,2354,1,1,0,0,14
0,2371,1,1,0,0,14
0,2439,1,1,0,0,14
0,2449,1,1,0,0,14
0,2471,1,1,0,0,14
0,2476,1,1,0,0,14
0,2497,1,1,0,0,14
