segment,cell,copiesX,copiesY
0,0,2,1
1,0,1,1
2,0,1,1
3,0,2,3
4,0,1,1
5,0,1,1
6,0,1,1
7,0,1,1
8,0,1,3
9,0,1,1
10,0,3,3
11,0,2,2
12,0,2,2
13,0,1,1
14,0,1,1
0,1,2,1
1,1,1,1
2,1,1,1
3,1,2,3
4,1,1,1
5,1,1,1
6,1,1,1
7,1,1,1
8,1,1,1
9,1,1,1
10,1,1,1
11,1,1,2
12,1,2,1
13,1,1,1
14,1,1,1
0,2,2,1
1,2,1,1
2,2,1,1
3,2,2,3
4,2,1,1
5,2,1,1
6,2,1,1
7,2,1,1
8,2,1,1
9,2,1,1
10,2,1,1
11,2,1,2
12,2,2,1
13,2,1,1
14,2,1,1
0,3,2,1
1,3,1,1
2,3,1,1
3,3,2,3
4,3,1,1
5,3,1,1
6,3,1,1
7,3,1,1
8,3,1,1
9,3,1,1
10,3,1,1
11,3,1,2
12,3,2,1
13,3,1,1
14,3,1,1
0,4,1,1
1,4,1,1
2,4,1,1
3,4,1,1
4,4,1,1
5,4,1,1
6,4,1,1
7,4,1,1
8,4,1,1
9,4,1,1
10,4,1,1
11,4,1,1
12,4,1,1
13,4,1,1
14,4,1,1
0,5,2,1
1,5,1,1
2,5,1,1
3,5,2,3
4,5,1,1
5,5,1,1
6,5,1,1
7,5,1,1
8,5,1,3
9,5,1,1
10,5,3,3
11,5,2,2
12,5,2,2
13,5,1,1
14,5,1,1
0,6,3,1
1,6,1,0
2,6,1,1
3,6,0,2
4,6,1,1
5,6,2,2
6,6,1,1
7,6,1,1
8,6,1,1
9,6,1,1
10,6,1,1
11,6,2,2
12,6,2,2
13,6,1,1
14,6,1,1
0,7,2,1
1,7,1,1
2,7,1,1
3,7,2,3
4,7,1,1
5,7,1,1
6,7,1,1
7,7,1,1
8,7,1,3
9,7,1,1
10,7,3,3
11,7,2,2
12,7,2,2
13,7,1,1
14,7,1,1
0,8,2,1
1,8,1,1
2,8,1,1
3,8,2,3
4,8,1,1
5,8,1,1
6,8,1,1
7,8,1,1
8,8,1,3
9,8,1,1
10,8,3,3
11,8,2,2
12,8,2,2
13,8,1,1
14,8,1,1
0,9,3,1
1,9,1,0
2,9,1,1
3,9,0,2
4,9,1,1
5,9,2,2
6,9,1,1
7,9,1,1
8,9,1,1
9,9,1,1
10,9,1,1
11,9,2,2
12,9,2,2
13,9,1,1
14,9,1,1
0,10,2,1
1,10,1,1
2,10,1,1
3,10,2,3
4,10,1,1
5,10,1,1
6,10,1,1
7,10,1,1
8,10,1,1
9,10,1,1
10,10,1,1
11,10,1,2
12,10,2,1
13,10,1,1
14,10,1,1
0,11,2,1
1,11,1,1
2,11,1,1
3,11,2,3
4,11,1,1
5,11,1,1
6,11,1,1
7,11,1,1
8,11,1,1
9,11,1,1
10,11,1,1
11,11,1,2
12,11,2,1
13,11,1,1
14,11,1,1
0,12,2,1
1,12,1,1
2,12,1,1
3,12,2,3
4,12,1,1
5,12,1,1
6,12,1,1
7,12,1,1
8,12,1,3
9,12,1,1
10,12,3,3
11,12,2,2
12,12,2,2
13,12,1,1
14,12,1,1
0,13,2,1
1,13,1,1
2,13,1,1
3,13,2,3
4,13,1,1
5,13,1,1
6,13,1,1
7,13,1,1
8,13,1,3
9,13,1,1
10,13,3,3
11,13,2,2
12,13,2,2
13,13,1,1
14,13,1,1
0,14,2,1
1,14,1,1
2,14,1,1
3,14,2,3
4,14,1,1
5,14,1,1
6,14,1,1
7,14,1,1
8,14,1,1
9,14,1,1
10,14,1,1
11,14,1,2
12,14,2,1
13,14,1,1
14,14,1,1
0,15,2,1
1,15,1,1
2,15,1,1
3,15,2,3
4,15,1,1
5,15,1,1
6,15,1,1
7,15,1,1
8,15,1,1
9,15,1,1
10,15,1,1
11,15,1,2
12,15,2,1
13,15,1,1
14,15,1,1
0,16,3,1
1,16,1,0
2,16,1,1
3,16,0,2
4,16,1,1
5,16,2,2
6,16,1,1
7,16,1,1
8,16,1,1
9,16,1,1
10,16,1,1
11,16,2,2
12,16,2,2
13,16,1,1
14,16,1,1
0,17,2,1
1,17,1,1
2,17,1,1
3,17,2,3
4,17,1,1
5,17,1,1
6,17,1,1
7,17,1,1
8,17,1,3
9,17,1,1
10,17,3,3
11,17,2,2
12,17,2,2
13,17,1,1
14,17,1,1
0,18,2,1
1,18,1,1
2,18,1,1
3,18,2,3
4,18,1,1
5,18,1,1
6,18,1,1
7,18,1,1
8,18,1,3
9,18,1,1
10,18,3,3
11,18,2,2
12,18,2,2
13,18,1,1
14,18,1,1
0,19,2,1
1,19,1,1
2,19,1,1
3,19,2,3
4,19,1,1
5,19,1,1
6,19,1,1
7,19,1,1
8,19,1,3
9,19,1,1
10,19,3,3
11,19,2,2
12,19,2,2
13,19,1,1
14,19,1,1
0,20,2,1
1,20,1,1
2,20,1,1
3,20,2,3
4,20,1,1
5,20,1,1
6,20,1,1
7,20,1,1
8,20,1,3
9,20,1,1
10,20,3,3
11,20,2,2
12,20,2,2
13,20,1,1
14,20,1,1
0,21,3,1
1,21,1,0
2,21,1,1
3,21,0,2
4,21,1,1
5,21,2,2
6,21,1,1
7,21,1,1
8,21,1,1
9,21,1,1
10,21,1,1
11,21,2,2
12,21,2,2
13,21,1,1
14,21,1,1
0,22,2,1
1,22,1,1
2,22,1,1
3,22,2,3
4,22,1,1
5,22,1,1
6,22,1,1
7,22,1,1
8,22,1,3
9,22,1,1
10,22,3,3
11,22,2,2
12,22,2,2
13,22,1,1
14,22,1,1
0,23,2,1
1,23,1,1
2,23,1,1
3,23,2,3
4,23,1,1
5,23,1,1
6,23,1,1
7,23,1,1
8,23,1,3
9,23,1,1
10,23,3,3
11,23,2,2
12,23,2,2
13,23,1,1
14,23,1,1
0,24,3,1
1,24,1,0
2,24,1,1
3,24,0,2
4,24,1,1
5,24,2,2
6,24,1,1
7,24,1,1
8,24,1,1
9,24,1,1
10,24,1,1
11,24,2,2
12,24,2,2
13,24,1,1
14,24,1,1
0,25,2,1
1,25,1,1
2,25,1,1
3,25,2,3
4,25,1,1
5,25,1,1
6,25,1,1
7,25,1,1
8,25,1,1
9,25,1,1
10,25,1,1
11,25,1,2
12,25,2,1
13,25,1,1
14,25,1,1
0,26,2,1
1,26,1,1
2,26,1,1
3,26,2,3
4,26,1,1
5,26,1,1
6,26,1,1
7,26,1,1
8,26,1,3
9,26,1,1
10,26,3,3
11,26,2,2
12,26,2,2
13,26,1,1
14,26,1,1
0,27,2,1
1,27,1,1
2,27,1,1
3,27,2,3
4,27,1,1
5,27,1,1
6,27,1,1
7,27,1,1
8,27,1,1
9,27,1,1
10,27,1,1
11,27,1,2
12,27,2,1
13,27,1,1
14,27,1,1
0,28,2,1
1,28,1,1
2,28,1,1
3,28,2,3
4,28,1,1
5,28,1,1
6,28,1,1
7,28,1,1
8,28,1,3
9,28,1,1
10,28,3,3
11,28,2,2
12,28,2,2
13,28,1,1
14,28,1,1
0,29,3,1
1,29,1,0
2,29,1,1
3,29,0,2
4,29,1,1
5,29,2,2
6,29,1,1
7,29,1,1
8,29,1,1
9,29,1,1
10,29,1,1
11,29,2,2
12,29,2,2
13,29,1,1
14,29,1,1
0,30,1,1
1,30,1,1
2,30,1,1
3,30,1,1
4,30,1,1
5,30,1,1
6,30,1,1
7,30,1,1
8,30,1,1
9,30,1,1
10,30,1,1
11,30,1,1
12,30,1,1
13,30,1,1
14,30,1,1
0,31,2,1
1,31,1,1
2,31,1,1
3,31,2,3
4,31,1,1
5,31,1,1
6,31,1,1
7,31,1,1
8,31,1,3
9,31,1,1
10,31,3,3
11,31,2,2
12,31,2,2
13,31,1,1
14,31,1,1
0,32,2,1
1,32,1,1
2,32,1,1
3,32,2,3
4,32,1,1
5,32,1,1
6,32,1,1
7,32,1,1
8,32,1,1
9,32,1,1
10,32,1,1
11,32,1,2
12,32,2,1
13,32,1,1
14,32,1,1
0,33,2,1
1,33,1,1
2,33,1,1
3,33,2,3
4,33,1,1
5,33,1,1
6,33,1,1
7,33,1,1
8,33,1,3
9,33,1,1
10,33,3,3
11,33,2,2
12,33,2,2
13,33,1,1
14,33,1,1
0,34,3,1
1,34,1,0
2,34,1,1
3,34,0,2
4,34,1,1
5,34,2,2
6,34,1,1
7,34,1,1
8,34,1,1
9,34,1,1
10,34,1,1
11,34,2,2
12,34,2,2
13,34,1,1
14,34,1,1
0,35,3,1
1,35,1,0
2,35,1,1
3,35,0,2
4,35,1,1
5,35,2,2
6,35,1,1
7,35,1,1
8,35,1,1
9,35,1,1
10,35,1,1
11,35,2,2
12,35,2,2
13,35,1,1
14,35,1,1
0,36,2,1
1,36,1,1
2,36,1,1
3,36,2,3
4,36,1,1
5,36,1,1
6,36,1,1
7,36,1,1
8,36,1,3
9,36,1,1
10,36,3,3
11,36,2,2
12,36,2,2
13,36,1,1
14,36,1,1
0,37,2,1
1,37,1,1
2,37,1,1
3,37,2,3
4,37,1,1
5,37,1,1
6,37,1,1
7,37,1,1
8,37,1,3
9,37,1,1
10,37,3,3
11,37,2,2
12,37,2,2
13,37,1,1
14,37,1,1
0,38,3,1
1,38,1,0
2,38,1,1
3,38,0,2
4,38,1,1
5,38,2,2
6,38,1,1
7,38,1,1
8,38,1,1
9,38,1,1
10,38,1,1
11,38,2,2
12,38,2,2
13,38,1,1
14,38,1,1
0,39,1,1
1,39,1,1
2,39,1,1
3,39,1,1
4,39,1,1
5,39,1,1
6,39,1,1
7,39,1,1
8,39,1,1
9,39,1,1
10,39,1,1
11,39,1,1
12,39,1,1
13,39,1,1
14,39,1,1
0,40,2,1
1,40,1,1
2,40,1,1
3,40,2,3
4,40,1,1
5,40,1,1
6,40,1,1
7,40,1,1
8,40,1,1
9,40,1,1
10,40,1,1
11,40,1,2
12,40,2,1
13,40,1,1
14,40,1,1
0,41,2,1
1,41,1,1
2,41,1,1
3,41,2,3
4,41,1,1
5,41,1,1
6,41,1,1
7,41,1,1
8,41,1,3
9,41,1,1
10,41,3,3
11,41,2,2
12,41,2,2
13,41,1,1
14,41,1,1
0,42,2,1
1,42,1,1
2,42,1,1
3,42,2,3
4,42,1,1
5,42,1,1
6,42,1,1
7,42,1,1
8,42,1,1
9,42,1,1
10,42,1,1
11,42,1,2
12,42,2,1
13,42,1,1
14,42,1,1
0,43,2,1
1,43,1,1
2,43,1,1
3,43,2,3
4,43,1,1
5,43,1,1
6,43,1,1
7,43,1,1
8,43,1,3
9,43,1,1
10,43,3,3
11,43,2,2
12,43,2,2
13,43,1,1
14,43,1,1
0,44,2,1
1,44,1,1
2,44,1,1
3,44,2,3
4,44,1,1
5,44,1,1
6,44,1,1
7,44,1,1
8,44,1,3
9,44,1,1
10,44,3,3
11,44,2,2
12,44,2,2
13,44,1,1
14,44,1,1
0,45,3,1
1,45,1,1
2,45,1,1
3,45,0,2
4,45,1,1
5,45,2,2
6,45,1,1
7,45,1,1
8,45,1,1
9,45,1,1
10,45,1,1
11,45,2,2
12,45,2,2
13,45,1,1
14,45,1,1
0,46,2,1
1,46,1,1
2,46,1,1
3,46,2,3
4,46,1,1
5,46,1,1
6,46,1,1
7,46,1,1
8,46,1,3
9,46,1,1
10,46,3,3
11,46,2,2
12,46,2,2
13,46,1,1
14,46,1,1
0,47,2,1
1,47,1,1
2,47,1,1
3,47,2,3
4,47,1,1
5,47,1,1
6,47,1,1
7,47,1,1
8,47,1,3
9,47,1,1
10,47,3,3
11,47,2,2
12,47,2,2
13,47,1,1
14,47,1,1
0,48,3,1
1,48,1,0
2,48,1,1
3,48,0,2
4,48,1,1
5,48,2,2
6,48,1,1
7,48,1,1
8,48,1,1
9,48,1,1
10,48,1,1
11,48,2,2
12,48,2,2
13,48,1,1
14,48,1,1
0,49,2,1
1,49,1,1
2,49,1,1
3,49,2,3
4,49,1,1
5,49,1,1
6,49,1,1
7,49,1,1
8,49,1,3
9,49,1,1
10,49,3,3
11,49,2,2
12,49,2,2
13,49,1,1
14,49,1,1
0,50,1,1
1,50,1,1
2,50,1,1
3,50,1,1
4,50,1,1
5,50,1,1
6,50,1,1
7,50,1,1
8,50,1,1
9,50,1,1
10,50,1,1
11,50,1,1
12,50,1,1
13,50,1,1
14,50,1,1
0,51,2,1
1,51,1,1
2,51,1,1
3,51,2,3
4,51,1,1
5,51,1,1
6,51,1,1
7,51,1,1
8,51,1,3
9,51,1,1
10,51,3,3
11,51,2,2
12,51,2,2
13,51,1,1
14,51,1,1
0,52,3,1
1,52,1,1
2,52,1,1
3,52,0,2
4,52,1,1
5,52,2,2
6,52,1,1
7,52,1,1
8,52,1,1
9,52,1,1
10,52,1,1
11,52,2,2
12,52,2,2
13,52,1,1
14,52,1,1
0,53,1,3
1,53,1,1
2,53,3,1
3,53,3,1
4,53,1,3
5,53,3,1
6,53,1,1
7,53,2,1
8,53,1,3
9,53,1,1
10,53,1,1
11,53,2,2
12,53,2,2
13,53,1,1
14,53,1,1
0,54,2,1
1,54,1,1
2,54,1,1
3,54,2,3
4,54,1,1
5,54,1,1
6,54,1,1
7,54,1,1
8,54,1,1
9,54,1,1
10,54,1,1
11,54,1,2
12,54,2,1
13,54,1,1
14,54,1,1
0,55,2,1
1,55,1,1
2,55,1,1
3,55,2,3
4,55,1,1
5,55,1,1
6,55,1,1
7,55,1,1
8,55,1,3
9,55,1,1
10,55,3,3
11,55,2,2
12,55,2,2
13,55,1,1
14,55,1,1
0,56,3,1
1,56,1,0
2,56,1,1
3,56,0,2
4,56,1,1
5,56,2,2
6,56,1,1
7,56,1,1
8,56,1,1
9,56,1,1
10,56,1,1
11,56,2,2
12,56,2,2
13,56,1,1
14,56,1,1
0,57,2,1
1,57,1,1
2,57,1,1
3,57,2,3
4,57,1,1
5,57,1,1
6,57,1,1
7,57,1,1
8,57,1,1
9,57,1,1
10,57,1,1
11,57,1,2
12,57,2,1
13,57,1,1
14,57,1,1
0,58,2,1
1,58,1,1
2,58,1,1
3,58,2,3
4,58,1,1
5,58,1,1
6,58,1,1
7,58,1,1
8,58,1,1
9,58,1,1
10,58,1,1
11,58,1,2
12,58,2,1
13,58,1,1
14,58,1,1
0,59,3,1
1,59,1,0
2,59,1,1
3,59,0,2
4,59,1,1
5,59,2,2
6,59,1,1
7,59,1,1
8,59,1,1
9,59,1,1
10,59,1,1
11,59,2,2
12,59,2,2
13,59,1,1
14,59,1,1
0,60,2,1
1,60,1,1
2,60,1,1
3,60,2,3
4,60,1,1
5,60,1,1
6,60,1,1
7,60,1,1
8,60,1,3
9,60,1,1
10,60,3,3
11,60,2,2
12,60,2,2
13,60,1,1
14,60,1,1
0,61,2,1
1,61,1,1
2,61,1,1
3,61,2,3
4,61,1,1
5,61,1,1
6,61,1,1
7,61,1,1
8,61,1,3
9,61,1,1
10,61,3,3
11,61,2,2
12,61,2,2
13,61,1,1
14,61,1,1
0,62,2,1
1,62,1,1
2,62,1,1
3,62,2,3
4,62,1,1
5,62,1,1
6,62,1,1
7,62,1,1
8,62,1,3
9,62,1,1
10,62,3,3
11,62,2,2
12,62,2,2
13,62,1,1
14,62,1,1
0,63,2,1
1,63,1,1
2,63,1,1
3,63,2,3
4,63,1,1
5,63,1,1
6,63,1,1
7,63,1,1
8,63,1,3
9,63,1,1
10,63,3,3
11,63,2,2
12,63,2,2
13,63,1,1
14,63,1,1
0,64,2,1
1,64,1,1
2,64,1,1
3,64,2,3
4,64,1,1
5,64,1,1
6,64,1,1
7,64,1,1
8,64,1,1
9,64,1,1
10,64,1,1
11,64,1,2
12,64,2,1
13,64,1,1
14,64,1,1
0,65,2,1
1,65,1,1
2,65,1,1
3,65,2,3
4,65,1,1
5,65,1,1
6,65,1,1
7,65,1,1
8,65,1,3
9,65,1,1
10,65,3,3
11,65,2,2
12,65,2,2
13,65,1,1
14,65,1,1
0,66,2,1
1,66,1,1
2,66,1,1
3,66,2,3
4,66,1,1
5,66,1,1
6,66,1,1
7,66,1,1
8,66,1,1
9,66,1,1
10,66,1,1
11,66,1,2
12,66,2,1
13,66,1,1
14,66,1,1
0,67,2,1
1,67,1,1
2,67,1,1
3,67,2,3
4,67,1,1
5,67,1,1
6,67,1,1
7,67,1,1
8,67,1,3
9,67,1,1
10,67,3,3
11,67,2,2
12,67,2,2
13,67,1,1
14,67,1,1
0,68,1,3
1,68,1,1
2,68,3,1
3,68,3,1
4,68,1,3
5,68,3,1
6,68,1,1
7,68,2,1
8,68,1,3
9,68,1,1
10,68,1,1
11,68,2,2
12,68,2,2
13,68,1,1
14,68,1,1
0,69,2,1
1,69,1,1
2,69,1,1
3,69,2,3
4,69,1,1
5,69,1,1
6,69,1,1
7,69,1,1
8,69,1,3
9,69,1,1
10,69,3,3
11,69,2,2
12,69,2,2
13,69,1,1
14,69,1,1
0,70,2,1
1,70,1,1
2,70,1,1
3,70,2,3
4,70,1,1
5,70,1,1
6,70,1,1
7,70,1,1
8,70,1,1
9,70,1,1
10,70,1,1
11,70,1,2
12,70,2,1
13,70,1,1
14,70,1,1
0,71,3,1
1,71,1,0
2,71,1,1
3,71,0,2
4,71,1,1
5,71,2,2
6,71,1,1
7,71,1,1
8,71,1,1
9,71,1,1
10,71,1,1
11,71,2,2
12,71,2,2
13,71,1,1
14,71,1,1
0,72,2,1
1,72,1,1
2,72,1,1
3,72,2,3
4,72,1,1
5,72,1,1
6,72,1,1
7,72,1,1
8,72,1,3
9,72,1,1
10,72,3,3
11,72,2,2
12,72,2,2
13,72,1,1
14,72,1,1
0,73,2,1
1,73,1,1
2,73,1,1
3,73,2,3
4,73,1,1
5,73,1,1
6,73,1,1
7,73,1,1
8,73,1,3
9,73,1,1
10,73,3,3
11,73,2,2
12,73,2,2
13,73,1,1
14,73,1,1
0,74,2,1
1,74,1,1
2,74,1,1
3,74,2,3
4,74,1,1
5,74,1,1
6,74,1,1
7,74,1,1
8,74,1,1
9,74,1,1
10,74,1,1
11,74,1,2
12,74,2,1
13,74,1,1
14,74,1,1
0,75,3,1
1,75,1,0
2,75,1,1
3,75,0,2
4,75,1,1
5,75,2,2
6,75,1,1
7,75,1,1
8,75,1,1
9,75,1,1
10,75,1,1
11,75,2,2
12,75,2,2
13,75,1,1
14,75,1,1
0,76,3,1
1,76,1,0
2,76,1,1
3,76,0,2
4,76,1,1
5,76,2,2
6,76,1,1
7,76,1,1
8,76,1,1
9,76,1,1
10,76,1,1
11,76,2,2
12,76,2,2
13,76,1,1
14,76,1,1
0,77,2,1
1,77,1,1
2,77,1,1
3,77,2,3
4,77,1,1
5,77,1,1
6,77,1,1
7,77,1,1
8,77,1,3
9,77,1,1
10,77,3,3
11,77,2,2
12,77,2,2
13,77,1,1
14,77,1,1
0,78,2,1
1,78,1,1
2,78,1,1
3,78,2,3
4,78,1,1
5,78,1,1
6,78,1,1
7,78,1,1
8,78,1,3
9,78,1,1
10,78,3,3
11,78,2,2
12,78,2,2
13,78,1,1
14,78,1,1
0,79,1,3
1,79,1,1
2,79,3,1
3,79,3,1
4,79,1,3
5,79,3,1
6,79,1,1
7,79,2,1
8,79,1,3
9,79,1,1
10,79,1,1
11,79,2,2
12,79,2,2
13,79,1,1
14,79,1,1
0,80,2,1
1,80,1,1
2,80,1,1
3,80,2,3
4,80,1,1
5,80,1,1
6,80,1,1
7,80,1,1
8,80,1,3
9,80,1,1
10,80,3,3
11,80,2,2
12,80,2,2
13,80,1,1
14,80,1,1
0,81,1,1
1,81,1,1
2,81,1,1
3,81,1,1
4,81,1,1
5,81,1,1
6,81,1,1
7,81,1,1
8,81,1,1
9,81,1,1
10,81,1,1
11,81,1,1
12,81,1,1
13,81,1,1
14,81,1,1
0,82,3,1
1,82,1,0
2,82,1,1
3,82,0,2
4,82,1,1
5,82,2,2
6,82,1,1
7,82,1,1
8,82,1,1
9,82,1,1
10,82,1,1
11,82,2,2
12,82,2,2
13,82,1,1
14,82,1,1
0,83,1,3
1,83,1,1
2,83,3,1
3,83,3,1
4,83,1,3
5,83,3,1
6,83,1,1
7,83,2,1
8,83,1,3
9,83,1,1
10,83,1,1
11,83,2,2
12,83,2,2
13,83,1,1
14,83,1,1
0,84,2,1
1,84,1,1
2,84,1,1
3,84,2,3
4,84,1,1
5,84,1,1
6,84,1,1
7,84,1,1
8,84,1,3
9,84,1,1
10,84,3,3
11,84,2,2
12,84,2,2
13,84,1,1
14,84,1,1
0,85,2,1
1,85,1,1
2,85,1,1
3,85,2,3
4,85,1,1
5,85,1,1
6,85,1,1
7,85,1,1
8,85,1,3
9,85,1,1
10,85,3,3
11,85,2,2
12,85,2,2
13,85,1,1
14,85,1,1
0,86,2,1
1,86,1,1
2,86,1,1
3,86,2,3
4,86,1,1
5,86,1,1
6,86,1,1
7,86,1,1
8,86,1,1
9,86,1,1
10,86,1,1
11,86,1,2
12,86,2,1
13,86,1,1
14,86,1,1
0,87,3,1
1,87,1,0
2,87,1,1
3,87,0,2
4,87,1,1
5,87,2,2
6,87,1,1
7,87,1,1
8,87,1,1
9,87,1,1
10,87,1,1
11,87,2,2
12,87,2,2
13,87,1,1
14,87,1,1
0,88,3,1
1,88,1,0
2,88,1,1
3,88,0,2
4,88,1,1
5,88,2,2
6,88,1,1
7,88,1,1
8,88,1,1
9,88,1,1
10,88,1,1
11,88,2,2
12,88,2,2
13,88,1,1
14,88,1,1
0,89,3,1
1,89,1,1
2,89,1,1
3,89,0,2
4,89,1,1
5,89,2,2
6,89,1,1
7,89,1,1
8,89,1,1
9,89,1,1
10,89,1,1
11,89,2,2
12,89,2,2
13,89,1,1
14,89,1,1
0,90,3,1
1,90,1,0
2,90,1,1
3,90,0,2
4,90,1,1
5,90,2,2
6,90,1,1
7,90,1,1
8,90,1,1
9,90,1,1
10,90,1,1
11,90,2,2
12,90,2,2
13,90,1,1
14,90,1,1
0,91,3,1
1,91,1,1
2,91,1,1
3,91,0,2
4,91,1,1
5,91,2,2
6,91,1,1
7,91,1,1
8,91,1,1
9,91,1,1
10,91,1,1
11,91,2,2
12,91,2,2
13,91,1,1
14,91,1,1
0,92,2,1
1,92,1,1
2,92,1,1
3,92,2,3
4,92,1,1
5,92,1,1
6,92,1,1
7,92,1,1
8,92,1,1
9,92,1,1
10,92,1,1
11,92,1,2
12,92,2,1
13,92,1,1
14,92,1,1
0,93,2,1
1,93,1,1
2,93,1,1
3,93,2,3
4,93,1,1
5,93,1,1
6,93,1,1
7,93,1,1
8,93,1,3
9,93,1,1
10,93,3,3
11,93,2,2
12,93,2,2
13,93,1,1
14,93,1,1
0,94,3,1
1,94,1,0
2,94,1,1
3,94,0,2
4,94,1,1
5,94,2,2
6,94,1,1
7,94,1,1
8,94,1,1
9,94,1,1
10,94,1,1
11,94,2,2
12,94,2,2
13,94,1,1
14,94,1,1
0,95,3,1
1,95,1,1
2,95,1,1
3,95,0,2
4,95,1,1
5,95,2,2
6,95,1,1
7,95,1,1
8,95,1,1
9,95,1,1
10,95,1,1
11,95,2,2
12,95,2,2
13,95,1,1
14,95,1,1
0,96,2,1
1,96,1,1
2,96,1,1
3,96,2,3
4,96,1,1
5,96,1,1
6,96,1,1
7,96,1,1
8,96,1,3
9,96,1,1
10,96,3,3
11,96,2,2
12,96,2,2
13,96,1,1
14,96,1,1
0,97,2,1
1,97,1,1
2,97,1,1
3,97,2,3
4,97,1,1
5,97,1,1
6,97,1,1
7,97,1,1
8,97,1,1
9,97,1,1
10,97,1,1
11,97,1,2
12,97,2,1
13,97,1,1
14,97,1,1
0,98,2,1
1,98,1,1
2,98,1,1
3,98,2,3
4,98,1,1
5,98,1,1
6,98,1,1
7,98,1,1
8,98,1,3
9,98,1,1
10,98,3,3
11,98,2,2
12,98,2,2
13,98,1,1
14,98,1,1
0,99,2,1
1,99,1,1
2,99,1,1
3,99,2,3
4,99,1,1
5,99,1,1
6,99,1,1
7,99,1,1
8,99,1,3
9,99,1,1
10,99,3,3
11,99,2,2
12,99,2,2
13,99,1,1
14,99,1,1
0,100,3,1
1,100,1,0
2,100,1,1
3,100,0,2
4,100,1,1
5,100,2,2
6,100,1,1
7,100,1,1
8,100,1,1
9,100,1,1
10,100,1,1
11,100,2,2
12,100,2,2
13,100,1,1
14,100,1,1
0,101,2,1
1,101,1,1
2,101,1,1
3,101,2,3
4,101,1,1
5,101,1,1
6,101,1,1
7,101,1,1
8,101,1,3
9,101,1,1
10,101,3,3
11,101,2,2
12,101,2,2
13,101,1,1
14,101,1,1
0,102,3,1
1,102,1,0
2,102,1,1
3,102,0,2
4,102,1,1
5,102,2,2
6,102,1,1
7,102,1,1
8,102,1,1
9,102,1,1
10,102,1,1
11,102,2,2
12,102,2,2
13,102,1,1
14,102,1,1
0,103,2,1
1,103,1,1
2,103,1,1
3,103,2,3
4,103,1,1
5,103,1,1
6,103,1,1
7,103,1,1
8,103,1,1
9,103,1,1
10,103,1,1
11,103,1,2
12,103,2,1
13,103,1,1
14,103,1,1
0,104,2,1
1,104,1,1
2,104,1,1
3,104,2,3
4,104,1,1
5,104,1,1
6,104,1,1
7,104,1,1
8,104,1,3
9,104,1,1
10,104,3,3
11,104,2,2
12,104,2,2
13,104,1,1
14,104,1,1
0,105,2,1
1,105,1,1
2,105,1,1
3,105,2,3
4,105,1,1
5,105,1,1
6,105,1,1
7,105,1,1
8,105,1,1
9,105,1,1
10,105,1,1
11,105,1,2
12,105,2,1
13,105,1,1
14,105,1,1
0,106,2,1
1,106,1,1
2,106,1,1
3,106,2,3
4,106,1,1
5,106,1,1
6,106,1,1
7,106,1,1
8,106,1,3
9,106,1,1
10,106,3,3
11,106,2,2
12,106,2,2
13,106,1,1
14,106,1,1
0,107,2,1
1,107,1,1
2,107,1,1
3,107,2,3
4,107,1,1
5,107,1,1
6,107,1,1
7,107,1,1
8,107,1,3
9,107,1,1
10,107,3,3
11,107,2,2
12,107,2,2
13,107,1,1
14,107,1,1
0,108,2,1
1,108,1,1
2,108,1,1
3,108,2,3
4,108,1,1
5,108,1,1
6,108,1,1
7,108,1,1
8,108,1,3
9,108,1,1
10,108,3,3
11,108,2,2
12,108,2,2
13,108,1,1
14,108,1,1
0,109,3,1
1,109,1,0
2,109,1,1
3,109,0,2
4,109,1,1
5,109,2,2
6,109,1,1
7,109,1,1
8,109,1,1
9,109,1,1
10,109,1,1
11,109,2,2
12,109,2,2
13,109,1,1
14,109,1,1
0,110,1,3
1,110,1,1
2,110,3,1
3,110,3,1
4,110,1,3
5,110,3,1
6,110,1,1
7,110,2,1
8,110,1,3
9,110,1,1
10,110,1,1
11,110,2,2
12,110,2,2
13,110,1,1
14,110,1,1
0,111,2,1
1,111,1,1
2,111,1,1
3,111,2,3
4,111,1,1
5,111,1,1
6,111,1,1
7,111,1,1
8,111,1,3
9,111,1,1
10,111,3,3
11,111,2,2
12,111,2,2
13,111,1,1
14,111,1,1
0,112,1,1
1,112,1,1
2,112,1,1
3,112,1,1
4,112,1,1
5,112,1,1
6,112,1,1
7,112,1,1
8,112,1,1
9,112,1,1
10,112,1,1
11,112,1,1
12,112,1,1
13,112,1,1
14,112,1,1
0,113,2,1
1,113,1,1
2,113,1,1
3,113,2,3
4,113,1,1
5,113,1,1
6,113,1,1
7,113,1,1
8,113,1,3
9,113,1,1
10,113,3,3
11,113,2,2
12,113,2,2
13,113,1,1
14,113,1,1
0,114,2,1
1,114,1,1
2,114,1,1
3,114,2,3
4,114,1,1
5,114,1,1
6,114,1,1
7,114,1,1
8,114,1,3
9,114,1,1
10,114,3,3
11,114,2,2
12,114,2,2
13,114,1,1
14,114,1,1
0,115,1,1
1,115,1,1
2,115,1,1
3,115,1,1
4,115,1,1
5,115,1,1
6,115,1,1
7,115,1,1
8,115,1,1
9,115,1,1
10,115,1,1
11,115,1,1
12,115,1,1
13,115,1,1
14,115,1,1
0,116,1,3
1,116,1,1
2,116,3,1
3,116,3,1
4,116,1,3
5,116,3,1
6,116,1,1
7,116,2,1
8,116,1,3
9,116,1,1
10,116,1,1
11,116,2,2
12,116,2,2
13,116,1,1
14,116,1,1
0,117,2,1
1,117,1,1
2,117,1,1
3,117,2,3
4,117,1,1
5,117,1,1
6,117,1,1
7,117,1,1
8,117,1,1
9,117,1,1
10,117,1,1
11,117,1,2
12,117,2,1
13,117,1,1
14,117,1,1
0,118,3,1
1,118,1,1
2,118,1,1
3,118,0,2
4,118,1,1
5,118,2,2
6,118,1,1
7,118,1,1
8,118,1,1
9,118,1,1
10,118,1,1
11,118,2,2
12,118,2,2
13,118,1,1
14,118,1,1
0,119,2,1
1,119,1,1
2,119,1,1
3,119,2,3
4,119,1,1
5,119,1,1
6,119,1,1
7,119,1,1
8,119,1,1
9,119,1,1
10,119,1,1
11,119,1,2
12,119,2,1
13,119,1,1
14,119,1,1
0,120,3,1
1,120,1,0
2,120,1,1
3,120,0,2
4,120,1,1
5,120,2,2
6,120,1,1
7,120,1,1
8,120,1,1
9,120,1,1
10,120,1,1
11,120,2,2
12,120,2,2
13,120,1,1
14,120,1,1
0,121,1,1
1,121,1,1
2,121,1,1
3,121,1,1
4,121,1,1
5,121,1,1
6,121,1,1
7,121,1,1
8,121,1,1
9,121,1,1
10,121,1,1
11,121,1,1
12,121,1,1
13,121,1,1
14,121,1,1
0,122,2,1
1,122,1,1
2,122,1,1
3,122,2,3
4,122,1,1
5,122,1,1
6,122,1,1
7,122,1,1
8,122,1,1
9,122,1,1
10,122,1,1
11,122,1,2
12,122,2,1
13,122,1,1
14,122,1,1
0,123,1,1
1,123,1,1
2,123,1,1
3,123,1,1
4,123,1,1
5,123,1,1
6,123,1,1
7,123,1,1
8,123,1,1
9,123,1,1
10,123,1,1
11,123,1,1
12,123,1,1
13,123,1,1
14,123,1,1
0,124,2,1
1,124,1,1
2,124,1,1
3,124,2,3
4,124,1,1
5,124,1,1
6,124,1,1
7,124,1,1
8,124,1,1
9,124,1,1
10,124,1,1
11,124,1,2
12,124,2,1
13,124,1,1
14,124,1,1
0,125,2,1
1,125,1,1
2,125,1,1
3,125,2,3
4,125,1,1
5,125,1,1
6,125,1,1
7,125,1,1
8,125,1,3
9,125,1,1
10,125,3,3
11,125,2,2
12,125,2,2
13,125,1,1
14,125,1,1
0,126,2,1
1,126,1,1
2,126,1,1
3,126,2,3
4,126,1,1
5,126,1,1
6,126,1,1
7,126,1,1
8,126,1,3
9,126,1,1
10,126,3,3
11,126,2,2
12,126,2,2
13,126,1,1
14,126,1,1
0,127,2,1
1,127,1,1
2,127,1,1
3,127,2,3
4,127,1,1
5,127,1,1
6,127,1,1
7,127,1,1
8,127,1,3
9,127,1,1
10,127,3,3
11,127,2,2
12,127,2,2
13,127,1,1
14,127,1,1
0,128,3,1
1,128,1,0
2,128,1,1
3,128,0,2
4,128,1,1
5,128,2,2
6,128,1,1
7,128,1,1
8,128,1,1
9,128,1,1
10,128,1,1
11,128,2,2
12,128,2,2
13,128,1,1
14,128,1,1
0,129,2,1
1,129,1,1
2,129,1,1
3,129,2,3
4,129,1,1
5,129,1,1
6,129,1,1
7,129,1,1
8,129,1,1
9,129,1,1
10,129,1,1
11,129,1,2
12,129,2,1
13,129,1,1
14,129,1,1
0,130,2,1
1,130,1,1
2,130,1,1
3,130,2,3
4,130,1,1
5,130,1,1
6,130,1,1
7,130,1,1
8,130,1,1
9,130,1,1
10,130,1,1
11,130,1,2
12,130,2,1
13,130,1,1
14,130,1,1
0,131,3,1
1,131,1,0
2,131,1,1
3,131,0,2
4,131,1,1
5,131,2,2
6,131,1,1
7,131,1,1
8,131,1,1
9,131,1,1
10,131,1,1
11,131,2,2
12,131,2,2
13,131,1,1
14,131,1,1
0,132,2,1
1,132,1,1
2,132,1,1
3,132,2,3
4,132,1,1
5,132,1,1
6,132,1,1
7,132,1,1
8,132,1,1
9,132,1,1
10,132,1,1
11,132,1,2
12,132,2,1
13,132,1,1
14,132,1,1
0,133,3,1
1,133,1,0
2,133,1,1
3,133,0,2
4,133,1,1
5,133,2,2
6,133,1,1
7,133,1,1
8,133,1,1
9,133,1,1
10,133,1,1
11,133,2,2
12,133,2,2
13,133,1,1
14,133,1,1
0,134,3,1
1,134,1,0
2,134,1,1
3,134,0,2
4,134,1,1
5,134,2,2
6,134,1,1
7,134,1,1
8,134,1,1
9,134,1,1
10,134,1,1
11,134,2,2
12,134,2,2
13,134,1,1
14,134,1,1
0,135,2,1
1,135,1,1
2,135,1,1
3,135,2,3
4,135,1,1
5,135,1,1
6,135,1,1
7,135,1,1
8,135,1,1
9,135,1,1
10,135,1,1
11,135,1,2
12,135,2,1
13,135,1,1
14,135,1,1
0,136,3,1
1,136,1,0
2,136,1,1
3,136,0,2
4,136,1,1
5,136,2,2
6,136,1,1
7,136,1,1
8,136,1,1
9,136,1,1
10,136,1,1
11,136,2,2
12,136,2,2
13,136,1,1
14,136,1,1
0,137,2,1
1,137,1,1
2,137,1,1
3,137,2,3
4,137,1,1
5,137,1,1
6,137,1,1
7,137,1,1
8,137,1,3
9,137,1,1
10,137,3,3
11,137,2,2
12,137,2,2
13,137,1,1
14,137,1,1
0,138,2,1
1,138,1,1
2,138,1,1
3,138,2,3
4,138,1,1
5,138,1,1
6,138,1,1
7,138,1,1
8,138,1,3
9,138,1,1
10,138,3,3
11,138,2,2
12,138,2,2
13,138,1,1
14,138,1,1
0,139,2,1
1,139,1,1
2,139,1,1
3,139,2,3
4,139,1,1
5,139,1,1
6,139,1,1
7,139,1,1
8,139,1,3
9,139,1,1
10,139,3,3
11,139,2,2
12,139,2,2
13,139,1,1
14,139,1,1
0,140,2,1
1,140,1,1
2,140,1,1
3,140,2,3
4,140,1,1
5,140,1,1
6,140,1,1
7,140,1,1
8,140,1,3
9,140,1,1
10,140,3,3
11,140,2,2
12,140,2,2
13,140,1,1
14,140,1,1
0,141,2,1
1,141,1,1
2,141,1,1
3,141,2,3
4,141,1,1
5,141,1,1
6,141,1,1
7,141,1,1
8,141,1,3
9,141,1,1
10,141,3,3
11,141,2,2
12,141,2,2
13,141,1,1
14,141,1,1
0,142,2,1
1,142,1,1
2,142,1,1
3,142,2,3
4,142,1,1
5,142,1,1
6,142,1,1
7,142,1,1
8,142,1,3
9,142,1,1
10,142,3,3
11,142,2,2
12,142,2,2
13,142,1,1
14,142,1,1
0,143,1,3
1,143,1,1
2,143,3,1
3,143,3,1
4,143,1,3
5,143,3,1
6,143,1,1
7,143,2,1
8,143,1,3
9,143,1,1
10,143,1,1
11,143,2,2
12,143,2,2
13,143,1,1
14,143,1,1
0,144,1,1
1,144,1,1
2,144,1,1
3,144,1,1
4,144,1,1
5,144,1,1
6,144,1,1
7,144,1,1
8,144,1,1
9,144,1,1
10,144,1,1
11,144,1,1
12,144,1,1
13,144,1,1
14,144,1,1
0,145,1,1
1,145,1,1
2,145,1,1
3,145,1,1
4,145,1,1
5,145,1,1
6,145,1,1
7,145,1,1
8,145,1,1
9,145,1,1
10,145,1,1
11,145,1,1
12,145,1,1
13,145,1,1
14,145,1,1
0,146,3,1
1,146,1,0
2,146,1,1
3,146,0,2
4,146,1,1
5,146,2,2
6,146,1,1
7,146,1,1
8,146,1,1
9,146,1,1
10,146,1,1
11,146,2,2
12,146,2,2
13,146,1,1
14,146,1,1
0,147,1,1
1,147,1,1
2,147,1,1
3,147,1,1
4,147,1,1
5,147,1,1
6,147,1,1
7,147,1,1
8,147,1,1
9,147,1,1
10,147,1,1
11,147,1,1
12,147,1,1
13,147,1,1
14,147,1,1
0,148,1,1
1,148,1,1
2,148,1,1
3,148,1,1
4,148,1,1
5,148,1,1
6,148,1,1
7,148,1,1
8,148,1,1
9,148,1,1
10,148,1,1
11,148,1,1
12,148,1,1
13,148,1,1
14,148,1,1
0,149,3,1
1,149,1,0
2,149,1,1
3,149,0,2
4,149,1,1
5,149,2,2
6,149,1,1
7,149,1,1
8,149,1,1
9,149,1,1
10,149,1,1
11,149,2,2
12,149,2,2
13,149,1,1
14,149,1,1
0,150,3,1
1,150,1,0
2,150,1,1
3,150,0,2
4,150,1,1
5,150,2,2
6,150,1,1
7,150,1,1
8,150,1,1
9,150,1,1
10,150,1,1
11,150,2,2
12,150,2,2
13,150,1,1
14,150,1,1
0,151,2,1
1,151,1,1
2,151,1,1
3,151,2,3
4,151,1,1
5,151,1,1
6,151,1,1
7,151,1,1
8,151,1,1
9,151,1,1
10,151,1,1
11,151,1,2
12,151,2,1
13,151,1,1
14,151,1,1
0,152,3,1
1,152,1,0
2,152,1,1
3,152,0,2
4,152,1,1
5,152,2,2
6,152,1,1
7,152,1,1
8,152,1,1
9,152,1,1
10,152,1,1
11,152,2,2
12,152,2,2
13,152,1,1
14,152,1,1
0,153,1,1
1,153,1,1
2,153,1,1
3,153,1,1
4,153,1,1
5,153,1,1
6,153,1,1
7,153,1,1
8,153,1,1
9,153,1,1
10,153,1,1
11,153,1,1
12,153,1,1
13,153,1,1
14,153,1,1
0,154,2,1
1,154,1,1
2,154,1,1
3,154,2,3
4,154,1,1
5,154,1,1
6,154,1,1
7,154,1,1
8,154,1,3
9,154,1,1
10,154,3,3
11,154,2,2
12,154,2,2
13,154,1,1
14,154,1,1
0,155,2,1
1,155,1,1
2,155,1,1
3,155,2,3
4,155,1,1
5,155,1,1
6,155,1,1
7,155,1,1
8,155,1,3
9,155,1,1
10,155,3,3
11,155,2,2
12,155,2,2
13,155,1,1
14,155,1,1
0,156,1,3
1,156,1,1
2,156,3,1
3,156,3,1
4,156,1,3
5,156,3,1
6,156,1,1
7,156,2,1
8,156,1,3
9,156,1,1
10,156,1,1
11,156,2,2
12,156,2,2
13,156,1,1
14,156,1,1
0,157,3,1
1,157,1,0
2,157,1,1
3,157,0,2
4,157,1,1
5,157,2,2
6,157,1,1
7,157,1,1
8,157,1,1
9,157,1,1
10,157,1,1
11,157,2,2
12,157,2,2
13,157,1,1
14,157,1,1
0,158,3,1
1,158,1,0
2,158,1,1
3,158,0,2
4,158,1,1
5,158,2,2
6,158,1,1
7,158,1,1
8,158,1,1
9,158,1,1
10,158,1,1
11,158,2,2
12,158,2,2
13,158,1,1
14,158,1,1
0,159,2,1
1,159,1,1
2,159,1,1
3,159,2,3
4,159,1,1
5,159,1,1
6,159,1,1
7,159,1,1
8,159,1,1
9,159,1,1
10,159,1,1
11,159,1,2
12,159,2,1
13,159,1,1
14,159,1,1
0,160,2,1
1,160,1,1
2,160,1,1
3,160,2,3
4,160,1,1
5,160,1,1
6,160,1,1
7,160,1,1
8,160,1,3
9,160,1,1
10,160,3,3
11,160,2,2
12,160,2,2
13,160,1,1
14,160,1,1
0,161,2,1
1,161,1,1
2,161,1,1
3,161,2,3
4,161,1,1
5,161,1,1
6,161,1,1
7,161,1,1
8,161,1,1
9,161,1,1
10,161,1,1
11,161,1,2
12,161,2,1
13,161,1,1
14,161,1,1
0,162,3,1
1,162,1,0
2,162,1,1
3,162,0,2
4,162,1,1
5,162,2,2
6,162,1,1
7,162,1,1
8,162,1,1
9,162,1,1
10,162,1,1
11,162,2,2
12,162,2,2
13,162,1,1
14,162,1,1
0,163,1,1
1,163,1,1
2,163,1,1
3,163,1,1
4,163,1,1
5,163,1,1
6,163,1,1
7,163,1,1
8,163,1,1
9,163,1,1
10,163,1,1
11,163,1,1
12,163,1,1
13,163,1,1
14,163,1,1
0,164,2,1
1,164,1,1
2,164,1,1
3,164,2,3
4,164,1,1
5,164,1,1
6,164,1,1
7,164,1,1
8,164,1,3
9,164,1,1
10,164,3,3
11,164,2,2
12,164,2,2
13,164,1,1
14,164,1,1
0,165,2,1
1,165,1,1
2,165,1,1
3,165,2,3
4,165,1,1
5,165,1,1
6,165,1,1
7,165,1,1
8,165,1,1
9,165,1,1
10,165,1,1
11,165,1,2
12,165,2,1
13,165,1,1
14,165,1,1
0,166,2,1
1,166,1,1
2,166,1,1
3,166,2,3
4,166,1,1
5,166,1,1
6,166,1,1
7,166,1,1
8,166,1,1
9,166,1,1
10,166,1,1
11,166,1,2
12,166,2,1
13,166,1,1
14,166,1,1
0,167,1,3
1,167,1,1
2,167,3,1
3,167,3,1
4,167,1,3
5,167,3,1
6,167,1,1
7,167,2,1
8,167,1,3
9,167,1,1
10,167,1,1
11,167,2,2
12,167,2,2
13,167,1,1
14,167,1,1
0,168,2,1
1,168,1,1
2,168,1,1
3,168,2,3
4,168,1,1
5,168,1,1
6,168,1,1
7,168,1,1
8,168,1,3
9,168,1,1
10,168,3,3
11,168,2,2
12,168,2,2
13,168,1,1
14,168,1,1
0,169,2,1
1,169,1,1
2,169,1,1
3,169,2,3
4,169,1,1
5,169,1,1
6,169,1,1
7,169,1,1
8,169,1,3
9,169,1,1
10,169,3,3
11,169,2,2
12,169,2,2
13,169,1,1
14,169,1,1
0,170,3,1
1,170,1,0
2,170,1,1
3,170,0,2
4,170,1,1
5,170,2,2
6,170,1,1
7,170,1,1
8,170,1,1
9,170,1,1
10,170,1,1
11,170,2,2
12,170,2,2
13,170,1,1
14,170,1,1
0,171,2,1
1,171,1,1
2,171,1,1
3,171,2,3
4,171,1,1
5,171,1,1
6,171,1,1
7,171,1,1
8,171,1,3
9,171,1,1
10,171,3,3
11,171,2,2
12,171,2,2
13,171,1,1
14,171,1,1
0,172,2,1
1,172,1,1
2,172,1,1
3,172,2,3
4,172,1,1
5,172,1,1
6,172,1,1
7,172,1,1
8,172,1,3
9,172,1,1
10,172,3,3
11,172,2,2
12,172,2,2
13,172,1,1
14,172,1,1
0,173,2,1
1,173,1,1
2,173,1,1
3,173,2,3
4,173,1,1
5,173,1,1
6,173,1,1
7,173,1,1
8,173,1,3
9,173,1,1
10,173,3,3
11,173,2,2
12,173,2,2
13,173,1,1
14,173,1,1
0,174,2,1
1,174,1,1
2,174,1,1
3,174,2,3
4,174,1,1
5,174,1,1
6,174,1,1
7,174,1,1
8,174,1,3
9,174,1,1
10,174,3,3
11,174,2,2
12,174,2,2
13,174,1,1
14,174,1,1
0,175,1,1
1,175,1,1
2,175,1,1
3,175,1,1
4,175,1,1
5,175,1,1
6,175,1,1
7,175,1,1
8,175,1,1
9,175,1,1
10,175,1,1
11,175,1,1
12,175,1,1
13,175,1,1
14,175,1,1
0,176,1,3
1,176,1,1
2,176,3,1
3,176,3,1
4,176,1,3
5,176,3,1
6,176,1,1
7,176,2,1
8,176,1,3
9,176,1,1
10,176,1,1
11,176,2,2
12,176,2,2
13,176,1,1
14,176,1,1
0,177,1,3
1,177,1,1
2,177,3,1
3,177,3,1
4,177,1,3
5,177,3,1
6,177,1,1
7,177,2,1
8,177,1,3
9,177,1,1
10,177,1,1
11,177,2,2
12,177,2,2
13,177,1,1
14,177,1,1
0,178,2,1
1,178,1,1
2,178,1,1
3,178,2,3
4,178,1,1
5,178,1,1
6,178,1,1
7,178,1,1
8,178,1,3
9,178,1,1
10,178,3,3
11,178,2,2
12,178,2,2
13,178,1,1
14,178,1,1
0,179,3,1
1,179,1,1
2,179,1,1
3,179,0,2
4,179,1,1
5,179,2,2
6,179,1,1
7,179,1,1
8,179,1,1
9,179,1,1
10,179,1,1
11,179,2,2
12,179,2,2
13,179,1,1
14,179,1,1
0,180,2,1
1,180,1,1
2,180,1,1
3,180,2,3
4,180,1,1
5,180,1,1
6,180,1,1
7,180,1,1
8,180,1,3
9,180,1,1
10,180,3,3
11,180,2,2
12,180,2,2
13,180,1,1
14,180,1,1
0,181,2,1
1,181,1,1
2,181,1,1
3,181,2,3
4,181,1,1
5,181,1,1
6,181,1,1
7,181,1,1
8,181,1,3
9,181,1,1
10,181,3,3
11,181,2,2
12,181,2,2
13,181,1,1
14,181,1,1
0,182,2,1
1,182,1,1
2,182,1,1
3,182,2,3
4,182,1,1
5,182,1,1
6,182,1,1
7,182,1,1
8,182,1,3
9,182,1,1
10,182,3,3
11,182,2,2
12,182,2,2
13,182,1,1
14,182,1,1
0,183,2,1
1,183,1,1
2,183,1,1
3,183,2,3
4,183,1,1
5,183,1,1
6,183,1,1
7,183,1,1
8,183,1,3
9,183,1,1
10,183,3,3
11,183,2,2
12,183,2,2
13,183,1,1
14,183,1,1
0,184,2,1
1,184,1,1
2,184,1,1
3,184,2,3
4,184,1,1
5,184,1,1
6,184,1,1
7,184,1,1
8,184,1,1
9,184,1,1
10,184,1,1
11,184,1,2
12,184,2,1
13,184,1,1
14,184,1,1
0,185,2,1
1,185,1,1
2,185,1,1
3,185,2,3
4,185,1,1
5,185,1,1
6,185,1,1
7,185,1,1
8,185,1,3
9,185,1,1
10,185,3,3
11,185,2,2
12,185,2,2
13,185,1,1
14,185,1,1
0,186,2,1
1,186,1,1
2,186,1,1
3,186,2,3
4,186,1,1
5,186,1,1
6,186,1,1
7,186,1,1
8,186,1,3
9,186,1,1
10,186,3,3
11,186,2,2
12,186,2,2
13,186,1,1
14,186,1,1
0,187,2,1
1,187,1,1
2,187,1,1
3,187,2,3
4,187,1,1
5,187,1,1
6,187,1,1
7,187,1,1
8,187,1,1
9,187,1,1
10,187,1,1
11,187,1,2
12,187,2,1
13,187,1,1
14,187,1,1
0,188,2,1
1,188,1,1
2,188,1,1
3,188,2,3
4,188,1,1
5,188,1,1
6,188,1,1
7,188,1,1
8,188,1,3
9,188,1,1
10,188,3,3
11,188,2,2
12,188,2,2
13,188,1,1
14,188,1,1
0,189,2,1
1,189,1,1
2,189,1,1
3,189,2,3
4,189,1,1
5,189,1,1
6,189,1,1
7,189,1,1
8,189,1,3
9,189,1,1
10,189,3,3
11,189,2,2
12,189,2,2
13,189,1,1
14,189,1,1
0,190,1,3
1,190,1,1
2,190,3,1
3,190,3,1
4,190,1,3
5,190,3,1
6,190,1,1
7,190,2,1
8,190,1,3
9,190,1,1
10,190,1,1
11,190,2,2
12,190,2,2
13,190,1,1
14,190,1,1
0,191,3,1
1,191,1,0
2,191,1,1
3,191,0,2
4,191,1,1
5,191,2,2
6,191,1,1
7,191,1,1
8,191,1,1
9,191,1,1
10,191,1,1
11,191,2,2
12,191,2,2
13,191,1,1
14,191,1,1
0,192,3,1
1,192,1,1
2,192,1,1
3,192,0,2
4,192,1,1
5,192,2,2
6,192,1,1
7,192,1,1
8,192,1,1
9,192,1,1
10,192,1,1
11,192,2,2
12,192,2,2
13,192,1,1
14,192,1,1
0,193,2,1
1,193,1,1
2,193,1,1
3,193,2,3
4,193,1,1
5,193,1,1
6,193,1,1
7,193,1,1
8,193,1,1
9,193,1,1
10,193,1,1
11,193,1,2
12,193,2,1
13,193,1,1
14,193,1,1
0,194,2,1
1,194,1,1
2,194,1,1
3,194,2,3
4,194,1,1
5,194,1,1
6,194,1,1
7,194,1,1
8,194,1,3
9,194,1,1
10,194,3,3
11,194,2,2
12,194,2,2
13,194,1,1
14,194,1,1
0,195,3,1
1,195,1,0
2,195,1,1
3,195,0,2
4,195,1,1
5,195,2,2
6,195,1,1
7,195,1,1
8,195,1,1
9,195,1,1
10,195,1,1
11,195,2,2
12,195,2,2
13,195,1,1
14,195,1,1
0,196,3,1
1,196,1,0
2,196,1,1
3,196,0,2
4,196,1,1
5,196,2,2
6,196,1,1
7,196,1,1
8,196,1,1
9,196,1,1
10,196,1,1
11,196,2,2
12,196,2,2
13,196,1,1
14,196,1,1
0,197,3,1
1,197,1,0
2,197,1,1
3,197,0,2
4,197,1,1
5,197,2,2
6,197,1,1
7,197,1,1
8,197,1,1
9,197,1,1
10,197,1,1
11,197,2,2
12,197,2,2
13,197,1,1
14,197,1,1
0,198,2,1
1,198,1,1
2,198,1,1
3,198,2,3
4,198,1,1
5,198,1,1
6,198,1,1
7,198,1,1
8,198,1,3
9,198,1,1
10,198,3,3
11,198,2,2
12,198,2,2
13,198,1,1
14,198,1,1
0,199,2,1
1,199,1,1
2,199,1,1
3,199,2,3
4,199,1,1
5,199,1,1
6,199,1,1
7,199,1,1
8,199,1,3
9,199,1,1
10,199,3,3
11,199,2,2
12,199,2,2
13,199,1,1
14,199,1,1
0,200,2,1
1,200,1,1
2,200,1,1
3,200,2,3
4,200,1,1
5,200,1,1
6,200,1,1
7,200,1,1
8,200,1,3
9,200,1,1
10,200,3,3
11,200,2,2
12,200,2,2
13,200,1,1
14,200,1,1
0,201,1,3
1,201,1,1
2,201,3,1
3,201,3,1
4,201,1,3
5,201,3,1
6,201,1,1
7,201,2,1
8,201,1,3
9,201,1,1
10,201,1,1
11,201,2,2
12,201,2,2
13,201,1,1
14,201,1,1
0,202,2,1
1,202,1,1
2,202,1,1
3,202,2,3
4,202,1,1
5,202,1,1
6,202,1,1
7,202,1,1
8,202,1,3
9,202,1,1
10,202,3,3
11,202,2,2
12,202,2,2
13,202,1,1
14,202,1,1
0,203,2,1
1,203,1,1
2,203,1,1
3,203,2,3
4,203,1,1
5,203,1,1
6,203,1,1
7,203,1,1
8,203,1,3
9,203,1,1
10,203,3,3
11,203,2,2
12,203,2,2
13,203,1,1
14,203,1,1
0,204,1,1
1,204,1,1
2,204,1,1
3,204,1,1
4,204,1,1
5,204,1,1
6,204,1,1
7,204,1,1
8,204,1,1
9,204,1,1
10,204,1,1
11,204,1,1
12,204,1,1
13,204,1,1
14,204,1,1
0,205,2,1
1,205,1,1
2,205,1,1
3,205,2,3
4,205,1,1
5,205,1,1
6,205,1,1
7,205,1,1
8,205,1,1
9,205,1,1
10,205,1,1
11,205,1,2
12,205,2,1
13,205,1,1
14,205,1,1
0,206,2,1
1,206,1,1
2,206,1,1
3,206,2,3
4,206,1,1
5,206,1,1
6,206,1,1
7,206,1,1
8,206,1,3
9,206,1,1
10,206,3,3
11,206,2,2
12,206,2,2
13,206,1,1
14,206,1,1
0,207,2,1
1,207,1,1
2,207,1,1
3,207,2,3
4,207,1,1
5,207,1,1
6,207,1,1
7,207,1,1
8,207,1,3
9,207,1,1
10,207,3,3
11,207,2,2
12,207,2,2
13,207,1,1
14,207,1,1
0,208,3,1
1,208,1,0
2,208,1,1
3,208,0,2
4,208,1,1
5,208,2,2
6,208,1,1
7,208,1,1
8,208,1,1
9,208,1,1
10,208,1,1
11,208,2,2
12,208,2,2
13,208,1,1
14,208,1,1
0,209,3,1
1,209,1,0
2,209,1,1
3,209,0,2
4,209,1,1
5,209,2,2
6,209,1,1
7,209,1,1
8,209,1,1
9,209,1,1
10,209,1,1
11,209,2,2
12,209,2,2
13,209,1,1
14,209,1,1
0,210,3,1
1,210,1,0
2,210,1,1
3,210,0,2
4,210,1,1
5,210,2,2
6,210,1,1
7,210,1,1
8,210,1,1
9,210,1,1
10,210,1,1
11,210,2,2
12,210,2,2
13,210,1,1
14,210,1,1
0,211,2,1
1,211,1,1
2,211,1,1
3,211,2,3
4,211,1,1
5,211,1,1
6,211,1,1
7,211,1,1
8,211,1,3
9,211,1,1
10,211,3,3
11,211,2,2
12,211,2,2
13,211,1,1
14,211,1,1
0,212,1,3
1,212,1,1
2,212,3,1
3,212,3,1
4,212,1,3
5,212,3,1
6,212,1,1
7,212,2,1
8,212,1,3
9,212,1,1
10,212,1,1
11,212,2,2
12,212,2,2
13,212,1,1
14,212,1,1
0,213,3,1
1,213,1,0
2,213,1,1
3,213,0,2
4,213,1,1
5,213,2,2
6,213,1,1
7,213,1,1
8,213,1,1
9,213,1,1
10,213,1,1
11,213,2,2
12,213,2,2
13,213,1,1
14,213,1,1
0,214,3,1
1,214,1,0
2,214,1,1
3,214,0,2
4,214,1,1
5,214,2,2
6,214,1,1
7,214,1,1
8,214,1,1
9,214,1,1
10,214,1,1
11,214,2,2
12,214,2,2
13,214,1,1
14,214,1,1
0,215,2,1
1,215,1,1
2,215,1,1
3,215,2,3
4,215,1,1
5,215,1,1
6,215,1,1
7,215,1,1
8,215,1,1
9,215,1,1
10,215,1,1
11,215,1,2
12,215,2,1
13,215,1,1
14,215,1,1
0,216,1,1
1,216,1,1
2,216,1,1
3,216,1,1
4,216,1,1
5,216,1,1
6,216,1,1
7,216,1,1
8,216,1,1
9,216,1,1
10,216,1,1
11,216,1,1
12,216,1,1
13,216,1,1
14,216,1,1
0,217,2,1
1,217,1,1
2,217,1,1
3,217,2,3
4,217,1,1
5,217,1,1
6,217,1,1
7,217,1,1
8,217,1,1
9,217,1,1
10,217,1,1
11,217,1,2
12,217,2,1
13,217,1,1
14,217,1,1
0,218,1,3
1,218,1,1
2,218,3,1
3,218,3,1
4,218,1,3
5,218,3,1
6,218,1,1
7,218,2,1
8,218,1,3
9,218,1,1
10,218,1,1
11,218,2,2
12,218,2,2
13,218,1,1
14,218,1,1
0,219,2,1
1,219,1,1
2,219,1,1
3,219,2,3
4,219,1,1
5,219,1,1
6,219,1,1
7,219,1,1
8,219,1,1
9,219,1,1
10,219,1,1
11,219,1,2
12,219,2,1
13,219,1,1
14,219,1,1
0,220,1,1
1,220,1,1
2,220,1,1
3,220,1,1
4,220,1,1
5,220,1,1
6,220,1,1
7,220,1,1
8,220,1,1
9,220,1,1
10,220,1,1
11,220,1,1
12,220,1,1
13,220,1,1
14,220,1,1
0,221,3,1
1,221,1,0
2,221,1,1
3,221,0,2
4,221,1,1
5,221,2,2
6,221,1,1
7,221,1,1
8,221,1,1
9,221,1,1
10,221,1,1
11,221,2,2
12,221,2,2
13,221,1,1
14,221,1,1
0,222,2,1
1,222,1,1
2,222,1,1
3,222,2,3
4,222,1,1
5,222,1,1
6,222,1,1
7,222,1,1
8,222,1,3
9,222,1,1
10,222,3,3
11,222,2,2
12,222,2,2
13,222,1,1
14,222,1,1
0,223,2,1
1,223,1,1
2,223,1,1
3,223,2,3
4,223,1,1
5,223,1,1
6,223,1,1
7,223,1,1
8,223,1,1
9,223,1,1
10,223,1,1
11,223,1,2
12,223,2,1
13,223,1,1
14,223,1,1
0,224,3,1
1,224,1,0
2,224,1,1
3,224,0,2
4,224,1,1
5,224,2,2
6,224,1,1
7,224,1,1
8,224,1,1
9,224,1,1
10,224,1,1
11,224,2,2
12,224,2,2
13,224,1,1
14,224,1,1
0,225,1,1
1,225,1,1
2,225,1,1
3,225,1,1
4,225,1,1
5,225,1,1
6,225,1,1
7,225,1,1
8,225,1,1
9,225,1,1
10,225,1,1
11,225,1,1
12,225,1,1
13,225,1,1
14,225,1,1
0,226,3,1
1,226,1,0
2,226,1,1
3,226,0,2
4,226,1,1
5,226,2,2
6,226,1,1
7,226,1,1
8,226,1,1
9,226,1,1
10,226,1,1
11,226,2,2
12,226,2,2
13,226,1,1
14,226,1,1
0,227,2,1
1,227,1,1
2,227,1,1
3,227,2,3
4,227,1,1
5,227,1,1
6,227,1,1
7,227,1,1
8,227,1,1
9,227,1,1
10,227,1,1
11,227,1,2
12,227,2,1
13,227,1,1
14,227,1,1
0,228,1,3
1,228,1,1
2,228,3,1
3,228,3,1
4,228,1,3
5,228,3,1
6,228,1,1
7,228,2,1
8,228,1,3
9,228,1,1
10,228,1,1
11,228,2,2
12,228,2,2
13,228,1,1
14,228,1,1
0,229,2,1
1,229,1,1
2,229,1,1
3,229,2,3
4,229,1,1
5,229,1,1
6,229,1,1
7,229,1,1
8,229,1,3
9,229,1,1
10,229,3,3
11,229,2,2
12,229,2,2
13,229,1,1
14,229,1,1
0,230,2,1
1,230,1,1
2,230,1,1
3,230,2,3
4,230,1,1
5,230,1,1
6,230,1,1
7,230,1,1
8,230,1,1
9,230,1,1
10,230,1,1
11,230,1,2
12,230,2,1
13,230,1,1
14,230,1,1
0,231,2,1
1,231,1,1
2,231,1,1
3,231,2,3
4,231,1,1
5,231,1,1
6,231,1,1
7,231,1,1
8,231,1,3
9,231,1,1
10,231,3,3
11,231,2,2
12,231,2,2
13,231,1,1
14,231,1,1
0,232,2,1
1,232,1,1
2,232,1,1
3,232,2,3
4,232,1,1
5,232,1,1
6,232,1,1
7,232,1,1
8,232,1,3
9,232,1,1
10,232,3,3
11,232,2,2
12,232,2,2
13,232,1,1
14,232,1,1
0,233,1,1
1,233,1,1
2,233,1,1
3,233,1,1
4,233,1,1
5,233,1,1
6,233,1,1
7,233,1,1
8,233,1,1
9,233,1,1
10,233,1,1
11,233,1,1
12,233,1,1
13,233,1,1
14,233,1,1
0,234,2,1
1,234,1,1
2,234,1,1
3,234,2,3
4,234,1,1
5,234,1,1
6,234,1,1
7,234,1,1
8,234,1,1
9,234,1,1
10,234,1,1
11,234,1,2
12,234,2,1
13,234,1,1
14,234,1,1
0,235,2,1
1,235,1,1
2,235,1,1
3,235,2,3
4,235,1,1
5,235,1,1
6,235,1,1
7,235,1,1
8,235,1,3
9,235,1,1
10,235,3,3
11,235,2,2
12,235,2,2
13,235,1,1
14,235,1,1
0,236,2,1
1,236,1,1
2,236,1,1
3,236,2,3
4,236,1,1
5,236,1,1
6,236,1,1
7,236,1,1
8,236,1,3
9,236,1,1
10,236,3,3
11,236,2,2
12,236,2,2
13,236,1,1
14,236,1,1
0,237,2,1
1,237,1,1
2,237,1,1
3,237,2,3
4,237,1,1
5,237,1,1
6,237,1,1
7,237,1,1
8,237,1,1
9,237,1,1
10,237,1,1
11,237,1,2
12,237,2,1
13,237,1,1
14,237,1,1
0,238,3,1
1,238,1,0
2,238,1,1
3,238,0,2
4,238,1,1
5,238,2,2
6,238,1,1
7,238,1,1
8,238,1,1
9,238,1,1
10,238,1,1
11,238,2,2
12,238,2,2
13,238,1,1
14,238,1,1
0,239,2,1
1,239,1,1
2,239,1,1
3,239,2,3
4,239,1,1
5,239,1,1
6,239,1,1
7,239,1,1
8,239,1,1
9,239,1,1
10,239,1,1
11,239,1,2
12,239,2,1
13,239,1,1
14,239,1,1
0,240,3,1
1,240,1,1
2,240,1,1
3,240,0,2
4,240,1,1
5,240,2,2
6,240,1,1
7,240,1,1
8,240,1,1
9,240,1,1
10,240,1,1
11,240,2,2
12,240,2,2
13,240,1,1
14,240,1,1
0,241,2,1
1,241,1,1
2,241,1,1
3,241,2,3
4,241,1,1
5,241,1,1
6,241,1,1
7,241,1,1
8,241,1,3
9,241,1,1
10,241,3,3
11,241,2,2
12,241,2,2
13,241,1,1
14,241,1,1
0,242,2,1
1,242,1,1
2,242,1,1
3,242,2,3
4,242,1,1
5,242,1,1
6,242,1,1
7,242,1,1
8,242,1,3
9,242,1,1
10,242,3,3
11,242,2,2
12,242,2,2
13,242,1,1
14,242,1,1
0,243,1,1
1,243,1,1
2,243,1,1
3,243,1,1
4,243,1,1
5,243,1,1
6,243,1,1
7,243,1,1
8,243,1,1
9,243,1,1
10,243,1,1
11,243,1,1
12,243,1,1
13,243,1,1
14,243,1,1
0,244,2,1
1,244,1,1
2,244,1,1
3,244,2,3
4,244,1,1
5,244,1,1
6,244,1,1
7,244,1,1
8,244,1,3
9,244,1,1
10,244,3,3
11,244,2,2
12,244,2,2
13,244,1,1
14,244,1,1
0,245,1,3
1,245,1,1
2,245,3,1
3,245,3,1
4,245,1,3
5,245,3,1
6,245,1,1
7,245,2,1
8,245,1,3
9,245,1,1
10,245,1,1
11,245,2,2
12,245,2,2
13,245,1,1
14,245,1,1
0,246,1,1
1,246,1,1
2,246,1,1
3,246,1,1
4,246,1,1
5,246,1,1
6,246,1,1
7,246,1,1
8,246,1,1
9,246,1,1
10,246,1,1
11,246,1,1
12,246,1,1
13,246,1,1
14,246,1,1
0,247,2,1
1,247,1,1
2,247,1,1
3,247,2,3
4,247,1,1
5,247,1,1
6,247,1,1
7,247,1,1
8,247,1,3
9,247,1,1
10,247,3,3
11,247,2,2
12,247,2,2
13,247,1,1
14,247,1,1
0,248,2,1
1,248,1,1
2,248,1,1
3,248,2,3
4,248,1,1
5,248,1,1
6,248,1,1
7,248,1,1
8,248,1,3
9,248,1,1
10,248,3,3
11,248,2,2
12,248,2,2
13,248,1,1
14,248,1,1
0,249,1,3
1,249,1,1
2,249,3,1
3,249,3,1
4,249,1,3
5,249,3,1
6,249,1,1
7,249,2,1
8,249,1,3
9,249,1,1
10,249,1,1
11,249,2,2
12,249,2,2
13,249,1,1
14,249,1,1
0,250,2,1
1,250,1,1
2,250,1,1
3,250,2,3
4,250,1,1
5,250,1,1
6,250,1,1
7,250,1,1
8,250,1,1
9,250,1,1
10,250,1,1
11,250,1,2
12,250,2,1
13,250,1,1
14,250,1,1
0,251,3,1
1,251,1,0
2,251,1,1
3,251,0,2
4,251,1,1
5,251,2,2
6,251,1,1
7,251,1,1
8,251,1,1
9,251,1,1
10,251,1,1
11,251,2,2
12,251,2,2
13,251,1,1
14,251,1,1
0,252,2,1
1,252,1,1
2,252,1,1
3,252,2,3
4,252,1,1
5,252,1,1
6,252,1,1
7,252,1,1
8,252,1,1
9,252,1,1
10,252,1,1
11,252,1,2
12,252,2,1
13,252,1,1
14,252,1,1
0,253,2,1
1,253,1,1
2,253,1,1
3,253,2,3
4,253,1,1
5,253,1,1
6,253,1,1
7,253,1,1
8,253,1,3
9,253,1,1
10,253,3,3
11,253,2,2
12,253,2,2
13,253,1,1
14,253,1,1
0,254,2,1
1,254,1,1
2,254,1,1
3,254,2,3
4,254,1,1
5,254,1,1
6,254,1,1
7,254,1,1
8,254,1,3
9,254,1,1
10,254,3,3
11,254,2,2
12,254,2,2
13,254,1,1
14,254,1,1
0,255,3,1
1,255,1,0
2,255,1,1
3,255,0,2
4,255,1,1
5,255,2,2
6,255,1,1
7,255,1,1
8,255,1,1
9,255,1,1
10,255,1,1
11,255,2,2
12,255,2,2
13,255,1,1
14,255,1,1
0,256,2,1
1,256,1,1
2,256,1,1
3,256,2,3
4,256,1,1
5,256,1,1
6,256,1,1
7,256,1,1
8,256,1,3
9,256,1,1
10,256,3,3
11,256,2,2
12,256,2,2
13,256,1,1
14,256,1,1
0,257,3,1
1,257,1,0
2,257,1,1
3,257,0,2
4,257,1,1
5,257,2,2
6,257,1,1
7,257,1,1
8,257,1,1
9,257,1,1
10,257,1,1
11,257,2,2
12,257,2,2
13,257,1,1
14,257,1,1
0,258,2,1
1,258,1,1
2,258,1,1
3,258,2,3
4,258,1,1
5,258,1,1
6,258,1,1
7,258,1,1
8,258,1,3
9,258,1,1
10,258,3,3
11,258,2,2
12,258,2,2
13,258,1,1
14,258,1,1
0,259,2,1
1,259,1,1
2,259,1,1
3,259,2,3
4,259,1,1
5,259,1,1
6,259,1,1
7,259,1,1
8,259,1,1
9,259,1,1
10,259,1,1
11,259,1,2
12,259,2,1
13,259,1,1
14,259,1,1
0,260,2,1
1,260,1,1
2,260,1,1
3,260,2,3
4,260,1,1
5,260,1,1
6,260,1,1
7,260,1,1
8,260,1,3
9,260,1,1
10,260,3,3
11,260,2,2
12,260,2,2
13,260,1,1
14,260,1,1
0,261,1,3
1,261,1,1
2,261,3,1
3,261,3,1
4,261,1,3
5,261,3,1
6,261,1,1
7,261,2,1
8,261,1,3
9,261,1,1
10,261,1,1
11,261,2,2
12,261,2,2
13,261,1,1
14,261,1,1
0,262,2,1
1,262,1,1
2,262,1,1
3,262,2,3
4,262,1,1
5,262,1,1
6,262,1,1
7,262,1,1
8,262,1,3
9,262,1,1
10,262,3,3
11,262,2,2
12,262,2,2
13,262,1,1
14,262,1,1
0,263,1,3
1,263,1,1
2,263,3,1
3,263,3,1
4,263,1,3
5,263,3,1
6,263,1,1
7,263,2,1
8,263,1,3
9,263,1,1
10,263,1,1
11,263,2,2
12,263,2,2
13,263,1,1
14,263,1,1
0,264,2,1
1,264,1,1
2,264,1,1
3,264,2,3
4,264,1,1
5,264,1,1
6,264,1,1
7,264,1,1
8,264,1,3
9,264,1,1
10,264,3,3
11,264,2,2
12,264,2,2
13,264,1,1
14,264,1,1
0,265,2,1
1,265,1,1
2,265,1,1
3,265,2,3
4,265,1,1
5,265,1,1
6,265,1,1
7,265,1,1
8,265,1,3
9,265,1,1
10,265,3,3
11,265,2,2
12,265,2,2
13,265,1,1
14,265,1,1
0,266,1,3
1,266,1,1
2,266,3,1
3,266,3,1
4,266,1,3
5,266,3,1
6,266,1,1
7,266,2,1
8,266,1,3
9,266,1,1
10,266,1,1
11,266,2,2
12,266,2,2
13,266,1,1
14,266,1,1
0,267,1,3
1,267,1,1
2,267,3,1
3,267,3,1
4,267,1,3
5,267,3,1
6,267,1,1
7,267,2,1
8,267,1,3
9,267,1,1
10,267,1,1
11,267,2,2
12,267,2,2
13,267,1,1
14,267,1,1
0,268,2,1
1,268,1,1
2,268,1,1
3,268,2,3
4,268,1,1
5,268,1,1
6,268,1,1
7,268,1,1
8,268,1,3
9,268,1,1
10,268,3,3
11,268,2,2
12,268,2,2
13,268,1,1
14,268,1,1
0,269,2,1
1,269,1,1
2,269,1,1
3,269,2,3
4,269,1,1
5,269,1,1
6,269,1,1
7,269,1,1
8,269,1,3
9,269,1,1
10,269,3,3
11,269,2,2
12,269,2,2
13,269,1,1
14,269,1,1
0,270,3,1
1,270,1,1
2,270,1,1
3,270,0,2
4,270,1,1
5,270,2,2
6,270,1,1
7,270,1,1
8,270,1,1
9,270,1,1
10,270,1,1
11,270,2,2
12,270,2,2
13,270,1,1
14,270,1,1
0,271,2,1
1,271,1,1
2,271,1,1
3,271,2,3
4,271,1,1
5,271,1,1
6,271,1,1
7,271,1,1
8,271,1,1
9,271,1,1
10,271,1,1
11,271,1,2
12,271,2,1
13,271,1,1
14,271,1,1
0,272,3,1
1,272,1,0
2,272,1,1
3,272,0,2
4,272,1,1
5,272,2,2
6,272,1,1
7,272,1,1
8,272,1,1
9,272,1,1
10,272,1,1
11,272,2,2
12,272,2,2
13,272,1,1
14,272,1,1
0,273,3,1
1,273,1,0
2,273,1,1
3,273,0,2
4,273,1,1
5,273,2,2
6,273,1,1
7,273,1,1
8,273,1,1
9,273,1,1
10,273,1,1
11,273,2,2
12,273,2,2
13,273,1,1
14,273,1,1
0,274,3,1
1,274,1,0
2,274,1,1
3,274,0,2
4,274,1,1
5,274,2,2
6,274,1,1
7,274,1,1
8,274,1,1
9,274,1,1
10,274,1,1
11,274,2,2
12,274,2,2
13,274,1,1
14,274,1,1
0,275,2,1
1,275,1,1
2,275,1,1
3,275,2,3
4,275,1,1
5,275,1,1
6,275,1,1
7,275,1,1
8,275,1,1
9,275,1,1
10,275,1,1
11,275,1,2
12,275,2,1
13,275,1,1
14,275,1,1
0,276,3,1
1,276,1,1
2,276,1,1
3,276,0,2
4,276,1,1
5,276,2,2
6,276,1,1
7,276,1,1
8,276,1,1
9,276,1,1
10,276,1,1
11,276,2,2
12,276,2,2
13,276,1,1
14,276,1,1
0,277,2,1
1,277,1,1
2,277,1,1
3,277,2,3
4,277,1,1
5,277,1,1
6,277,1,1
7,277,1,1
8,277,1,3
9,277,1,1
10,277,3,3
11,277,2,2
12,277,2,2
13,277,1,1
14,277,1,1
0,278,3,1
1,278,1,0
2,278,1,1
3,278,0,2
4,278,1,1
5,278,2,2
6,278,1,1
7,278,1,1
8,278,1,1
9,278,1,1
10,278,1,1
11,278,2,2
12,278,2,2
13,278,1,1
14,278,1,1
0,279,2,1
1,279,1,1
2,279,1,1
3,279,2,3
4,279,1,1
5,279,1,1
6,279,1,1
7,279,1,1
8,279,1,1
9,279,1,1
10,279,1,1
11,279,1,2
12,279,2,1
13,279,1,1
14,279,1,1
0,280,3,1
1,280,1,0
2,280,1,1
3,280,0,2
4,280,1,1
5,280,2,2
6,280,1,1
7,280,1,1
8,280,1,1
9,280,1,1
10,280,1,1
11,280,2,2
12,280,2,2
13,280,1,1
14,280,1,1
0,281,2,1
1,281,1,1
2,281,1,1
3,281,2,3
4,281,1,1
5,281,1,1
6,281,1,1
7,281,1,1
8,281,1,3
9,281,1,1
10,281,3,3
11,281,2,2
12,281,2,2
13,281,1,1
14,281,1,1
0,282,2,1
1,282,1,1
2,282,1,1
3,282,2,3
4,282,1,1
5,282,1,1
6,282,1,1
7,282,1,1
8,282,1,1
9,282,1,1
10,282,1,1
11,282,1,2
12,282,2,1
13,282,1,1
14,282,1,1
0,283,2,1
1,283,1,1
2,283,1,1
3,283,2,3
4,283,1,1
5,283,1,1
6,283,1,1
7,283,1,1
8,283,1,3
9,283,1,1
10,283,3,3
11,283,2,2
12,283,2,2
13,283,1,1
14,283,1,1
0,284,1,3
1,284,1,1
2,284,3,1
3,284,3,1
4,284,1,3
5,284,3,1
6,284,1,1
7,284,2,1
8,284,1,3
9,284,1,1
10,284,1,1
11,284,2,2
12,284,2,2
13,284,1,1
14,284,1,1
0,285,2,1
1,285,1,1
2,285,1,1
3,285,2,3
4,285,1,1
5,285,1,1
6,285,1,1
7,285,1,1
8,285,1,3
9,285,1,1
10,285,3,3
11,285,2,2
12,285,2,2
13,285,1,1
14,285,1,1
0,286,3,1
1,286,1,1
2,286,1,1
3,286,0,2
4,286,1,1
5,286,2,2
6,286,1,1
7,286,1,1
8,286,1,1
9,286,1,1
10,286,1,1
11,286,2,2
12,286,2,2
13,286,1,1
14,286,1,1
0,287,1,1
1,287,1,1
2,287,1,1
3,287,1,1
4,287,1,1
5,287,1,1
6,287,1,1
7,287,1,1
8,287,1,1
9,287,1,1
10,287,1,1
11,287,1,1
12,287,1,1
13,287,1,1
14,287,1,1
0,288,1,1
1,288,1,1
2,288,1,1
3,288,1,1
4,288,1,1
5,288,1,1
6,288,1,1
7,288,1,1
8,288,1,1
9,288,1,1
10,288,1,1
11,288,1,1
12,288,1,1
13,288,1,1
14,288,1,1
0,289,2,1
1,289,1,1
2,289,1,1
3,289,2,3
4,289,1,1
5,289,1,1
6,289,1,1
7,289,1,1
8,289,1,3
9,289,1,1
10,289,3,3
11,289,2,2
12,289,2,2
13,289,1,1
14,289,1,1
0,290,2,1
1,290,1,1
2,290,1,1
3,290,2,3
4,290,1,1
5,290,1,1
6,290,1,1
7,290,1,1
8,290,1,3
9,290,1,1
10,290,3,3
11,290,2,2
12,290,2,2
13,290,1,1
14,290,1,1
0,291,2,1
1,291,1,1
2,291,1,1
3,291,2,3
4,291,1,1
5,291,1,1
6,291,1,1
7,291,1,1
8,291,1,3
9,291,1,1
10,291,3,3
11,291,2,2
12,291,2,2
13,291,1,1
14,291,1,1
0,292,2,1
1,292,1,1
2,292,1,1
3,292,2,3
4,292,1,1
5,292,1,1
6,292,1,1
7,292,1,1
8,292,1,3
9,292,1,1
10,292,3,3
11,292,2,2
12,292,2,2
13,292,1,1
14,292,1,1
0,293,2,1
1,293,1,1
2,293,1,1
3,293,2,3
4,293,1,1
5,293,1,1
6,293,1,1
7,293,1,1
8,293,1,3
9,293,1,1
10,293,3,3
11,293,2,2
12,293,2,2
13,293,1,1
14,293,1,1
0,294,3,1
1,294,1,0
2,294,1,1
3,294,0,2
4,294,1,1
5,294,2,2
6,294,1,1
7,294,1,1
8,294,1,1
9,294,1,1
10,294,1,1
11,294,2,2
12,294,2,2
13,294,1,1
14,294,1,1
0,295,1,1
1,295,1,1
2,295,1,1
3,295,1,1
4,295,1,1
5,295,1,1
6,295,1,1
7,295,1,1
8,295,1,1
9,295,1,1
10,295,1,1
11,295,1,1
12,295,1,1
13,295,1,1
14,295,1,1
0,296,3,1
1,296,1,0
2,296,1,1
3,296,0,2
4,296,1,1
5,296,2,2
6,296,1,1
7,296,1,1
8,296,1,1
9,296,1,1
10,296,1,1
11,296,2,2
12,296,2,2
13,296,1,1
14,296,1,1
0,297,2,1
1,297,1,1
2,297,1,1
3,297,2,3
4,297,1,1
5,297,1,1
6,297,1,1
7,297,1,1
8,297,1,1
9,297,1,1
10,297,1,1
11,297,1,2
12,297,2,1
13,297,1,1
14,297,1,1
0,298,3,1
1,298,1,0
2,298,1,1
3,298,0,2
4,298,1,1
5,298,2,2
6,298,1,1
7,298,1,1
8,298,1,1
9,298,1,1
10,298,1,1
11,298,2,2
12,298,2,2
13,298,1,1
14,298,1,1
0,299,2,1
1,299,1,1
2,299,1,1
3,299,2,3
4,299,1,1
5,299,1,1
6,299,1,1
7,299,1,1
8,299,1,1
9,299,1,1
10,299,1,1
11,299,1,2
12,299,2,1
13,299,1,1
14,299,1,1
0,300,2,1
1,300,1,1
2,300,1,1
3,300,2,3
4,300,1,1
5,300,1,1
6,300,1,1
7,300,1,1
8,300,1,1
9,300,1,1
10,300,1,1
11,300,1,2
12,300,2,1
13,300,1,1
14,300,1,1
0,301,2,1
1,301,1,1
2,301,1,1
3,301,2,3
4,301,1,1
5,301,1,1
6,301,1,1
7,301,1,1
8,301,1,1
9,301,1,1
10,301,1,1
11,301,1,2
12,301,2,1
13,301,1,1
14,301,1,1
0,302,2,1
1,302,1,1
2,302,1,1
3,302,2,3
4,302,1,1
5,302,1,1
6,302,1,1
7,302,1,1
8,302,1,1
9,302,1,1
10,302,1,1
11,302,1,2
12,302,2,1
13,302,1,1
14,302,1,1
0,303,1,1
1,303,1,1
2,303,1,1
3,303,1,1
4,303,1,1
5,303,1,1
6,303,1,1
7,303,1,1
8,303,1,1
9,303,1,1
10,303,1,1
11,303,1,1
12,303,1,1
13,303,1,1
14,303,1,1
0,304,1,3
1,304,1,1
2,304,3,1
3,304,3,1
4,304,1,3
5,304,3,1
6,304,1,1
7,304,2,1
8,304,1,3
9,304,1,1
10,304,1,1
11,304,2,2
12,304,2,2
13,304,1,1
14,304,1,1
0,305,1,3
1,305,1,1
2,305,3,1
3,305,3,1
4,305,1,3
5,305,3,1
6,305,1,1
7,305,2,1
8,305,1,3
9,305,1,1
10,305,1,1
11,305,2,2
12,305,2,2
13,305,1,1
14,305,1,1
0,306,3,1
1,306,1,1
2,306,1,1
3,306,0,2
4,306,1,1
5,306,2,2
6,306,1,1
7,306,1,1
8,306,1,1
9,306,1,1
10,306,1,1
11,306,2,2
12,306,2,2
13,306,1,1
14,306,1,1
0,307,1,3
1,307,1,1
2,307,3,1
3,307,3,1
4,307,1,3
5,307,3,1
6,307,1,1
7,307,2,1
8,307,1,3
9,307,1,1
10,307,1,1
11,307,2,2
12,307,2,2
13,307,1,1
14,307,1,1
0,308,1,3
1,308,1,1
2,308,3,1
3,308,3,1
4,308,1,3
5,308,3,1
6,308,1,1
7,308,2,1
8,308,1,3
9,308,1,1
10,308,1,1
11,308,2,2
12,308,2,2
13,308,1,1
14,308,1,1
0,309,2,1
1,309,1,1
2,309,1,1
3,309,2,3
4,309,1,1
5,309,1,1
6,309,1,1
7,309,1,1
8,309,1,1
9,309,1,1
10,309,1,1
11,309,1,2
12,309,2,1
13,309,1,1
14,309,1,1
0,310,1,1
1,310,1,1
2,310,1,1
3,310,1,1
4,310,1,1
5,310,1,1
6,310,1,1
7,310,1,1
8,310,1,1
9,310,1,1
10,310,1,1
11,310,1,1
12,310,1,1
13,310,1,1
14,310,1,1
0,311,2,1
1,311,1,1
2,311,1,1
3,311,2,3
4,311,1,1
5,311,1,1
6,311,1,1
7,311,1,1
8,311,1,3
9,311,1,1
10,311,3,3
11,311,2,2
12,311,2,2
13,311,1,1
14,311,1,1
0,312,2,1
1,312,1,1
2,312,1,1
3,312,2,3
4,312,1,1
5,312,1,1
6,312,1,1
7,312,1,1
8,312,1,3
9,312,1,1
10,312,3,3
11,312,2,2
12,312,2,2
13,312,1,1
14,312,1,1
0,313,2,1
1,313,1,1
2,313,1,1
3,313,2,3
4,313,1,1
5,313,1,1
6,313,1,1
7,313,1,1
8,313,1,1
9,313,1,1
10,313,1,1
11,313,1,2
12,313,2,1
13,313,1,1
14,313,1,1
0,314,2,1
1,314,1,1
2,314,1,1
3,314,2,3
4,314,1,1
5,314,1,1
6,314,1,1
7,314,1,1
8,314,1,3
9,314,1,1
10,314,3,3
11,314,2,2
12,314,2,2
13,314,1,1
14,314,1,1
0,315,1,1
1,315,1,1
2,315,1,1
3,315,1,1
4,315,1,1
5,315,1,1
6,315,1,1
7,315,1,1
8,315,1,1
9,315,1,1
10,315,1,1
11,315,1,1
12,315,1,1
13,315,1,1
14,315,1,1
0,316,2,1
1,316,1,1
2,316,1,1
3,316,2,3
4,316,1,1
5,316,1,1
6,316,1,1
7,316,1,1
8,316,1,3
9,316,1,1
10,316,3,3
11,316,2,2
12,316,2,2
13,316,1,1
14,316,1,1
0,317,1,3
1,317,1,1
2,317,3,1
3,317,3,1
4,317,1,3
5,317,3,1
6,317,1,1
7,317,2,1
8,317,1,3
9,317,1,1
10,317,1,1
11,317,2,2
12,317,2,2
13,317,1,1
14,317,1,1
0,318,2,1
1,318,1,1
2,318,1,1
3,318,2,3
4,318,1,1
5,318,1,1
6,318,1,1
7,318,1,1
8,318,1,3
9,318,1,1
10,318,3,3
11,318,2,2
12,318,2,2
13,318,1,1
14,318,1,1
0,319,3,1
1,319,1,0
2,319,1,1
3,319,0,2
4,319,1,1
5,319,2,2
6,319,1,1
7,319,1,1
8,319,1,1
9,319,1,1
10,319,1,1
11,319,2,2
12,319,2,2
13,319,1,1
14,319,1,1
0,320,2,1
1,320,1,1
2,320,1,1
3,320,2,3
4,320,1,1
5,320,1,1
6,320,1,1
7,320,1,1
8,320,1,1
9,320,1,1
10,320,1,1
11,320,1,2
12,320,2,1
13,320,1,1
14,320,1,1
0,321,3,1
1,321,1,0
2,321,1,1
3,321,0,2
4,321,1,1
5,321,2,2
6,321,1,1
7,321,1,1
8,321,1,1
9,321,1,1
10,321,1,1
11,321,2,2
12,321,2,2
13,321,1,1
14,321,1,1
0,322,2,1
1,322,1,1
2,322,1,1
3,322,2,3
4,322,1,1
5,322,1,1
6,322,1,1
7,322,1,1
8,322,1,3
9,322,1,1
10,322,3,3
11,322,2,2
12,322,2,2
13,322,1,1
14,322,1,1
0,323,2,1
1,323,1,1
2,323,1,1
3,323,2,3
4,323,1,1
5,323,1,1
6,323,1,1
7,323,1,1
8,323,1,3
9,323,1,1
10,323,3,3
11,323,2,2
12,323,2,2
13,323,1,1
14,323,1,1
0,324,3,1
1,324,1,0
2,324,1,1
3,324,0,2
4,324,1,1
5,324,2,2
6,324,1,1
7,324,1,1
8,324,1,1
9,324,1,1
10,324,1,1
11,324,2,2
12,324,2,2
13,324,1,1
14,324,1,1
0,325,1,1
1,325,1,1
2,325,1,1
3,325,1,1
4,325,1,1
5,325,1,1
6,325,1,1
7,325,1,1
8,325,1,1
9,325,1,1
10,325,1,1
11,325,1,1
12,325,1,1
13,325,1,1
14,325,1,1
0,326,2,1
1,326,1,1
2,326,1,1
3,326,2,3
4,326,1,1
5,326,1,1
6,326,1,1
7,326,1,1
8,326,1,1
9,326,1,1
10,326,1,1
11,326,1,2
12,326,2,1
13,326,1,1
14,326,1,1
0,327,2,1
1,327,1,1
2,327,1,1
3,327,2,3
4,327,1,1
5,327,1,1
6,327,1,1
7,327,1,1
8,327,1,3
9,327,1,1
10,327,3,3
11,327,2,2
12,327,2,2
13,327,1,1
14,327,1,1
0,328,2,1
1,328,1,1
2,328,1,1
3,328,2,3
4,328,1,1
5,328,1,1
6,328,1,1
7,328,1,1
8,328,1,3
9,328,1,1
10,328,3,3
11,328,2,2
12,328,2,2
13,328,1,1
14,328,1,1
0,329,2,1
1,329,1,1
2,329,1,1
3,329,2,3
4,329,1,1
5,329,1,1
6,329,1,1
7,329,1,1
8,329,1,3
9,329,1,1
10,329,3,3
11,329,2,2
12,329,2,2
13,329,1,1
14,329,1,1
0,330,2,1
1,330,1,1
2,330,1,1
3,330,2,3
4,330,1,1
5,330,1,1
6,330,1,1
7,330,1,1
8,330,1,1
9,330,1,1
10,330,1,1
11,330,1,2
12,330,2,1
13,330,1,1
14,330,1,1
0,331,3,1
1,331,1,1
2,331,1,1
3,331,0,2
4,331,1,1
5,331,2,2
6,331,1,1
7,331,1,1
8,331,1,1
9,331,1,1
10,331,1,1
11,331,2,2
12,331,2,2
13,331,1,1
14,331,1,1
0,332,3,1
1,332,1,0
2,332,1,1
3,332,0,2
4,332,1,1
5,332,2,2
6,332,1,1
7,332,1,1
8,332,1,1
9,332,1,1
10,332,1,1
11,332,2,2
12,332,2,2
13,332,1,1
14,332,1,1
0,333,2,1
1,333,1,1
2,333,1,1
3,333,2,3
4,333,1,1
5,333,1,1
6,333,1,1
7,333,1,1
8,333,1,3
9,333,1,1
10,333,3,3
11,333,2,2
12,333,2,2
13,333,1,1
14,333,1,1
0,334,2,1
1,334,1,1
2,334,1,1
3,334,2,3
4,334,1,1
5,334,1,1
6,334,1,1
7,334,1,1
8,334,1,1
9,334,1,1
10,334,1,1
11,334,1,2
12,334,2,1
13,334,1,1
14,334,1,1
0,335,2,1
1,335,1,1
2,335,1,1
3,335,2,3
4,335,1,1
5,335,1,1
6,335,1,1
7,335,1,1
8,335,1,3
9,335,1,1
10,335,3,3
11,335,2,2
12,335,2,2
13,335,1,1
14,335,1,1
0,336,2,1
1,336,1,1
2,336,1,1
3,336,2,3
4,336,1,1
5,336,1,1
6,336,1,1
7,336,1,1
8,336,1,3
9,336,1,1
10,336,3,3
11,336,2,2
12,336,2,2
13,336,1,1
14,336,1,1
0,337,2,1
1,337,1,1
2,337,1,1
3,337,2,3
4,337,1,1
5,337,1,1
6,337,1,1
7,337,1,1
8,337,1,3
9,337,1,1
10,337,3,3
11,337,2,2
12,337,2,2
13,337,1,1
14,337,1,1
0,338,2,1
1,338,1,1
2,338,1,1
3,338,2,3
4,338,1,1
5,338,1,1
6,338,1,1
7,338,1,1
8,338,1,1
9,338,1,1
10,338,1,1
11,338,1,2
12,338,2,1
13,338,1,1
14,338,1,1
0,339,2,1
1,339,1,1
2,339,1,1
3,339,2,3
4,339,1,1
5,339,1,1
6,339,1,1
7,339,1,1
8,339,1,3
9,339,1,1
10,339,3,3
11,339,2,2
12,339,2,2
13,339,1,1
14,339,1,1
0,340,2,1
1,340,1,1
2,340,1,1
3,340,2,3
4,340,1,1
5,340,1,1
6,340,1,1
7,340,1,1
8,340,1,1
9,340,1,1
10,340,1,1
11,340,1,2
12,340,2,1
13,340,1,1
14,340,1,1
0,341,2,1
1,341,1,1
2,341,1,1
3,341,2,3
4,341,1,1
5,341,1,1
6,341,1,1
7,341,1,1
8,341,1,3
9,341,1,1
10,341,3,3
11,341,2,2
12,341,2,2
13,341,1,1
14,341,1,1
0,342,3,1
1,342,1,1
2,342,1,1
3,342,0,2
4,342,1,1
5,342,2,2
6,342,1,1
7,342,1,1
8,342,1,1
9,342,1,1
10,342,1,1
11,342,2,2
12,342,2,2
13,342,1,1
14,342,1,1
0,343,1,3
1,343,1,1
2,343,3,1
3,343,3,1
4,343,1,3
5,343,3,1
6,343,1,1
7,343,2,1
8,343,1,3
9,343,1,1
10,343,1,1
11,343,2,2
12,343,2,2
13,343,1,1
14,343,1,1
0,344,2,1
1,344,1,1
2,344,1,1
3,344,2,3
4,344,1,1
5,344,1,1
6,344,1,1
7,344,1,1
8,344,1,1
9,344,1,1
10,344,1,1
11,344,1,2
12,344,2,1
13,344,1,1
14,344,1,1
0,345,3,1
1,345,1,1
2,345,1,1
3,345,0,2
4,345,1,1
5,345,2,2
6,345,1,1
7,345,1,1
8,345,1,1
9,345,1,1
10,345,1,1
11,345,2,2
12,345,2,2
13,345,1,1
14,345,1,1
0,346,2,1
1,346,1,1
2,346,1,1
3,346,2,3
4,346,1,1
5,346,1,1
6,346,1,1
7,346,1,1
8,346,1,3
9,346,1,1
10,346,3,3
11,346,2,2
12,346,2,2
13,346,1,1
14,346,1,1
0,347,3,1
1,347,1,0
2,347,1,1
3,347,0,2
4,347,1,1
5,347,2,2
6,347,1,1
7,347,1,1
8,347,1,1
9,347,1,1
10,347,1,1
11,347,2,2
12,347,2,2
13,347,1,1
14,347,1,1
0,348,2,1
1,348,1,1
2,348,1,1
3,348,2,3
4,348,1,1
5,348,1,1
6,348,1,1
7,348,1,1
8,348,1,3
9,348,1,1
10,348,3,3
11,348,2,2
12,348,2,2
13,348,1,1
14,348,1,1
0,349,2,1
1,349,1,1
2,349,1,1
3,349,2,3
4,349,1,1
5,349,1,1
6,349,1,1
7,349,1,1
8,349,1,3
9,349,1,1
10,349,3,3
11,349,2,2
12,349,2,2
13,349,1,1
14,349,1,1
0,350,2,1
1,350,1,1
2,350,1,1
3,350,2,3
4,350,1,1
5,350,1,1
6,350,1,1
7,350,1,1
8,350,1,3
9,350,1,1
10,350,3,3
11,350,2,2
12,350,2,2
13,350,1,1
14,350,1,1
0,351,2,1
1,351,1,1
2,351,1,1
3,351,2,3
4,351,1,1
5,351,1,1
6,351,1,1
7,351,1,1
8,351,1,1
9,351,1,1
10,351,1,1
11,351,1,2
12,351,2,1
13,351,1,1
14,351,1,1
0,352,2,1
1,352,1,1
2,352,1,1
3,352,2,3
4,352,1,1
5,352,1,1
6,352,1,1
7,352,1,1
8,352,1,1
9,352,1,1
10,352,1,1
11,352,1,2
12,352,2,1
13,352,1,1
14,352,1,1
0,353,2,1
1,353,1,1
2,353,1,1
3,353,2,3
4,353,1,1
5,353,1,1
6,353,1,1
7,353,1,1
8,353,1,1
9,353,1,1
10,353,1,1
11,353,1,2
12,353,2,1
13,353,1,1
14,353,1,1
0,354,2,1
1,354,1,1
2,354,1,1
3,354,2,3
4,354,1,1
5,354,1,1
6,354,1,1
7,354,1,1
8,354,1,3
9,354,1,1
10,354,3,3
11,354,2,2
12,354,2,2
13,354,1,1
14,354,1,1
0,355,3,1
1,355,1,0
2,355,1,1
3,355,0,2
4,355,1,1
5,355,2,2
6,355,1,1
7,355,1,1
8,355,1,1
9,355,1,1
10,355,1,1
11,355,2,2
12,355,2,2
13,355,1,1
14,355,1,1
0,356,1,1
1,356,1,1
2,356,1,1
3,356,1,1
4,356,1,1
5,356,1,1
6,356,1,1
7,356,1,1
8,356,1,1
9,356,1,1
10,356,1,1
11,356,1,1
12,356,1,1
13,356,1,1
14,356,1,1
0,357,2,1
1,357,1,1
2,357,1,1
3,357,2,3
4,357,1,1
5,357,1,1
6,357,1,1
7,357,1,1
8,357,1,3
9,357,1,1
10,357,3,3
11,357,2,2
12,357,2,2
13,357,1,1
14,357,1,1
0,358,1,3
1,358,1,1
2,358,3,1
3,358,3,1
4,358,1,3
5,358,3,1
6,358,1,1
7,358,2,1
8,358,1,3
9,358,1,1
10,358,1,1
11,358,2,2
12,358,2,2
13,358,1,1
14,358,1,1
0,359,2,1
1,359,1,1
2,359,1,1
3,359,2,3
4,359,1,1
5,359,1,1
6,359,1,1
7,359,1,1
8,359,1,3
9,359,1,1
10,359,3,3
11,359,2,2
12,359,2,2
13,359,1,1
14,359,1,1
0,360,2,1
1,360,1,1
2,360,1,1
3,360,2,3
4,360,1,1
5,360,1,1
6,360,1,1
7,360,1,1
8,360,1,3
9,360,1,1
10,360,3,3
11,360,2,2
12,360,2,2
13,360,1,1
14,360,1,1
0,361,2,1
1,361,1,1
2,361,1,1
3,361,2,3
4,361,1,1
5,361,1,1
6,361,1,1
7,361,1,1
8,361,1,3
9,361,1,1
10,361,3,3
11,361,2,2
12,361,2,2
13,361,1,1
14,361,1,1
0,362,2,1
1,362,1,1
2,362,1,1
3,362,2,3
4,362,1,1
5,362,1,1
6,362,1,1
7,362,1,1
8,362,1,3
9,362,1,1
10,362,3,3
11,362,2,2
12,362,2,2
13,362,1,1
14,362,1,1
0,363,2,1
1,363,1,1
2,363,1,1
3,363,2,3
4,363,1,1
5,363,1,1
6,363,1,1
7,363,1,1
8,363,1,3
9,363,1,1
10,363,3,3
11,363,2,2
12,363,2,2
13,363,1,1
14,363,1,1
0,364,2,1
1,364,1,1
2,364,1,1
3,364,2,3
4,364,1,1
5,364,1,1
6,364,1,1
7,364,1,1
8,364,1,3
9,364,1,1
10,364,3,3
11,364,2,2
12,364,2,2
13,364,1,1
14,364,1,1
0,365,3,1
1,365,1,1
2,365,1,1
3,365,0,2
4,365,1,1
5,365,2,2
6,365,1,1
7,365,1,1
8,365,1,1
9,365,1,1
10,365,1,1
11,365,2,2
12,365,2,2
13,365,1,1
14,365,1,1
0,366,2,1
1,366,1,1
2,366,1,1
3,366,2,3
4,366,1,1
5,366,1,1
6,366,1,1
7,366,1,1
8,366,1,1
9,366,1,1
10,366,1,1
11,366,1,2
12,366,2,1
13,366,1,1
14,366,1,1
0,367,3,1
1,367,1,0
2,367,1,1
3,367,0,2
4,367,1,1
5,367,2,2
6,367,1,1
7,367,1,1
8,367,1,1
9,367,1,1
10,367,1,1
11,367,2,2
12,367,2,2
13,367,1,1
14,367,1,1
0,368,2,1
1,368,1,1
2,368,1,1
3,368,2,3
4,368,1,1
5,368,1,1
6,368,1,1
7,368,1,1
8,368,1,3
9,368,1,1
10,368,3,3
11,368,2,2
12,368,2,2
13,368,1,1
14,368,1,1
0,369,1,3
1,369,1,1
2,369,3,1
3,369,3,1
4,369,1,3
5,369,3,1
6,369,1,1
7,369,2,1
8,369,1,3
9,369,1,1
10,369,1,1
11,369,2,2
12,369,2,2
13,369,1,1
14,369,1,1
0,370,2,1
1,370,1,1
2,370,1,1
3,370,2,3
4,370,1,1
5,370,1,1
6,370,1,1
7,370,1,1
8,370,1,3
9,370,1,1
10,370,3,3
11,370,2,2
12,370,2,2
13,370,1,1
14,370,1,1
0,371,1,1
1,371,1,1
2,371,1,1
3,371,1,1
4,371,1,1
5,371,1,1
6,371,1,1
7,371,1,1
8,371,1,1
9,371,1,1
10,371,1,1
11,371,1,1
12,371,1,1
13,371,1,1
14,371,1,1
0,372,1,1
1,372,1,1
2,372,1,1
3,372,1,1
4,372,1,1
5,372,1,1
6,372,1,1
7,372,1,1
8,372,1,1
9,372,1,1
10,372,1,1
11,372,1,1
12,372,1,1
13,372,1,1
14,372,1,1
0,373,1,1
1,373,1,1
2,373,1,1
3,373,1,1
4,373,1,1
5,373,1,1
6,373,1,1
7,373,1,1
8,373,1,1
9,373,1,1
10,373,1,1
11,373,1,1
12,373,1,1
13,373,1,1
14,373,1,1
0,374,2,1
1,374,1,1
2,374,1,1
3,374,2,3
4,374,1,1
5,374,1,1
6,374,1,1
7,374,1,1
8,374,1,3
9,374,1,1
10,374,3,3
11,374,2,2
12,374,2,2
13,374,1,1
14,374,1,1
0,375,1,3
1,375,1,1
2,375,3,1
3,375,3,1
4,375,1,3
5,375,3,1
6,375,1,1
7,375,2,1
8,375,1,3
9,375,1,1
10,375,1,1
11,375,2,2
12,375,2,2
13,375,1,1
14,375,1,1
0,376,2,1
1,376,1,1
2,376,1,1
3,376,2,3
4,376,1,1
5,376,1,1
6,376,1,1
7,376,1,1
8,376,1,3
9,376,1,1
10,376,3,3
11,376,2,2
12,376,2,2
13,376,1,1
14,376,1,1
0,377,2,1
1,377,1,1
2,377,1,1
3,377,2,3
4,377,1,1
5,377,1,1
6,377,1,1
7,377,1,1
8,377,1,3
9,377,1,1
10,377,3,3
11,377,2,2
12,377,2,2
13,377,1,1
14,377,1,1
0,378,3,1
1,378,1,0
2,378,1,1
3,378,0,2
4,378,1,1
5,378,2,2
6,378,1,1
7,378,1,1
8,378,1,1
9,378,1,1
10,378,1,1
11,378,2,2
12,378,2,2
13,378,1,1
14,378,1,1
0,379,2,1
1,379,1,1
2,379,1,1
3,379,2,3
4,379,1,1
5,379,1,1
6,379,1,1
7,379,1,1
8,379,1,3
9,379,1,1
10,379,3,3
11,379,2,2
12,379,2,2
13,379,1,1
14,379,1,1
0,380,3,1
1,380,1,0
2,380,1,1
3,380,0,2
4,380,1,1
5,380,2,2
6,380,1,1
7,380,1,1
8,380,1,1
9,380,1,1
10,380,1,1
11,380,2,2
12,380,2,2
13,380,1,1
14,380,1,1
0,381,2,1
1,381,1,1
2,381,1,1
3,381,2,3
4,381,1,1
5,381,1,1
6,381,1,1
7,381,1,1
8,381,1,3
9,381,1,1
10,381,3,3
11,381,2,2
12,381,2,2
13,381,1,1
14,381,1,1
0,382,2,1
1,382,1,1
2,382,1,1
3,382,2,3
4,382,1,1
5,382,1,1
6,382,1,1
7,382,1,1
8,382,1,3
9,382,1,1
10,382,3,3
11,382,2,2
12,382,2,2
13,382,1,1
14,382,1,1
0,383,2,1
1,383,1,1
2,383,1,1
3,383,2,3
4,383,1,1
5,383,1,1
6,383,1,1
7,383,1,1
8,383,1,3
9,383,1,1
10,383,3,3
11,383,2,2
12,383,2,2
13,383,1,1
14,383,1,1
0,384,2,1
1,384,1,1
2,384,1,1
3,384,2,3
4,384,1,1
5,384,1,1
6,384,1,1
7,384,1,1
8,384,1,3
9,384,1,1
10,384,3,3
11,384,2,2
12,384,2,2
13,384,1,1
14,384,1,1
0,385,3,1
1,385,1,0
2,385,1,1
3,385,0,2
4,385,1,1
5,385,2,2
6,385,1,1
7,385,1,1
8,385,1,1
9,385,1,1
10,385,1,1
11,385,2,2
12,385,2,2
13,385,1,1
14,385,1,1
0,386,2,1
1,386,1,1
2,386,1,1
3,386,2,3
4,386,1,1
5,386,1,1
6,386,1,1
7,386,1,1
8,386,1,3
9,386,1,1
10,386,3,3
11,386,2,2
12,386,2,2
13,386,1,1
14,386,1,1
0,387,3,1
1,387,1,0
2,387,1,1
3,387,0,2
4,387,1,1
5,387,2,2
6,387,1,1
7,387,1,1
8,387,1,1
9,387,1,1
10,387,1,1
11,387,2,2
12,387,2,2
13,387,1,1
14,387,1,1
0,388,2,1
1,388,1,1
2,388,1,1
3,388,2,3
4,388,1,1
5,388,1,1
6,388,1,1
7,388,1,1
8,388,1,3
9,388,1,1
10,388,3,3
11,388,2,2
12,388,2,2
13,388,1,1
14,388,1,1
0,389,1,1
1,389,1,1
2,389,1,1
3,389,1,1
4,389,1,1
5,389,1,1
6,389,1,1
7,389,1,1
8,389,1,1
9,389,1,1
10,389,1,1
11,389,1,1
12,389,1,1
13,389,1,1
14,389,1,1
0,390,1,1
1,390,1,1
2,390,1,1
3,390,1,1
4,390,1,1
5,390,1,1
6,390,1,1
7,390,1,1
8,390,1,1
9,390,1,1
10,390,1,1
11,390,1,1
12,390,1,1
13,390,1,1
14,390,1,1
0,391,3,1
1,391,1,0
2,391,1,1
3,391,0,2
4,391,1,1
5,391,2,2
6,391,1,1
7,391,1,1
8,391,1,1
9,391,1,1
10,391,1,1
11,391,2,2
12,391,2,2
13,391,1,1
14,391,1,1
0,392,3,1
1,392,1,0
2,392,1,1
3,392,0,2
4,392,1,1
5,392,2,2
6,392,1,1
7,392,1,1
8,392,1,1
9,392,1,1
10,392,1,1
11,392,2,2
12,392,2,2
13,392,1,1
14,392,1,1
0,393,2,1
1,393,1,1
2,393,1,1
3,393,2,3
4,393,1,1
5,393,1,1
6,393,1,1
7,393,1,1
8,393,1,1
9,393,1,1
10,393,1,1
11,393,1,2
12,393,2,1
13,393,1,1
14,393,1,1
0,394,3,1
1,394,1,1
2,394,1,1
3,394,0,2
4,394,1,1
5,394,2,2
6,394,1,1
7,394,1,1
8,394,1,1
9,394,1,1
10,394,1,1
11,394,2,2
12,394,2,2
13,394,1,1
14,394,1,1
0,395,3,1
1,395,1,0
2,395,1,1
3,395,0,2
4,395,1,1
5,395,2,2
6,395,1,1
7,395,1,1
8,395,1,1
9,395,1,1
10,395,1,1
11,395,2,2
12,395,2,2
13,395,1,1
14,395,1,1
0,396,3,1
1,396,1,1
2,396,1,1
3,396,0,2
4,396,1,1
5,396,2,2
6,396,1,1
7,396,1,1
8,396,1,1
9,396,1,1
10,396,1,1
11,396,2,2
12,396,2,2
13,396,1,1
14,396,1,1
0,397,2,1
1,397,1,1
2,397,1,1
3,397,2,3
4,397,1,1
5,397,1,1
6,397,1,1
7,397,1,1
8,397,1,1
9,397,1,1
10,397,1,1
11,397,1,2
12,397,2,1
13,397,1,1
14,397,1,1
0,398,2,1
1,398,1,1
2,398,1,1
3,398,2,3
4,398,1,1
5,398,1,1
6,398,1,1
7,398,1,1
8,398,1,1
9,398,1,1
10,398,1,1
11,398,1,2
12,398,2,1
13,398,1,1
14,398,1,1
0,399,2,1
1,399,1,1
2,399,1,1
3,399,2,3
4,399,1,1
5,399,1,1
6,399,1,1
7,399,1,1
8,399,1,3
9,399,1,1
10,399,3,3
11,399,2,2
12,399,2,2
13,399,1,1
14,399,1,1
0,400,2,1
1,400,1,1
2,400,1,1
3,400,2,3
4,400,1,1
5,400,1,1
6,400,1,1
7,400,1,1
8,400,1,1
9,400,1,1
10,400,1,1
11,400,1,2
12,400,2,1
13,400,1,1
14,400,1,1
0,401,3,1
1,401,1,1
2,401,1,1
3,401,0,2
4,401,1,1
5,401,2,2
6,401,1,1
7,401,1,1
8,401,1,1
9,401,1,1
10,401,1,1
11,401,2,2
12,401,2,2
13,401,1,1
14,401,1,1
0,402,2,1
1,402,1,1
2,402,1,1
3,402,2,3
4,402,1,1
5,402,1,1
6,402,1,1
7,402,1,1
8,402,1,3
9,402,1,1
10,402,3,3
11,402,2,2
12,402,2,2
13,402,1,1
14,402,1,1
0,403,2,1
1,403,1,1
2,403,1,1
3,403,2,3
4,403,1,1
5,403,1,1
6,403,1,1
7,403,1,1
8,403,1,3
9,403,1,1
10,403,3,3
11,403,2,2
12,403,2,2
13,403,1,1
14,403,1,1
0,404,2,1
1,404,1,1
2,404,1,1
3,404,2,3
4,404,1,1
5,404,1,1
6,404,1,1
7,404,1,1
8,404,1,3
9,404,1,1
10,404,3,3
11,404,2,2
12,404,2,2
13,404,1,1
14,404,1,1
0,405,2,1
1,405,1,1
2,405,1,1
3,405,2,3
4,405,1,1
5,405,1,1
6,405,1,1
7,405,1,1
8,405,1,3
9,405,1,1
10,405,3,3
11,405,2,2
12,405,2,2
13,405,1,1
14,405,1,1
0,406,2,1
1,406,1,1
2,406,1,1
3,406,2,3
4,406,1,1
5,406,1,1
6,406,1,1
7,406,1,1
8,406,1,1
9,406,1,1
10,406,1,1
11,406,1,2
12,406,2,1
13,406,1,1
14,406,1,1
0,407,2,1
1,407,1,1
2,407,1,1
3,407,2,3
4,407,1,1
5,407,1,1
6,407,1,1
7,407,1,1
8,407,1,1
9,407,1,1
10,407,1,1
11,407,1,2
12,407,2,1
13,407,1,1
14,407,1,1
0,408,3,1
1,408,1,1
2,408,1,1
3,408,0,2
4,408,1,1
5,408,2,2
6,408,1,1
7,408,1,1
8,408,1,1
9,408,1,1
10,408,1,1
11,408,2,2
12,408,2,2
13,408,1,1
14,408,1,1
0,409,1,3
1,409,1,1
2,409,3,1
3,409,3,1
4,409,1,3
5,409,3,1
6,409,1,1
7,409,2,1
8,409,1,3
9,409,1,1
10,409,1,1
11,409,2,2
12,409,2,2
13,409,1,1
14,409,1,1
0,410,2,1
1,410,1,1
2,410,1,1
3,410,2,3
4,410,1,1
5,410,1,1
6,410,1,1
7,410,1,1
8,410,1,3
9,410,1,1
10,410,3,3
11,410,2,2
12,410,2,2
13,410,1,1
14,410,1,1
0,411,2,1
1,411,1,1
2,411,1,1
3,411,2,3
4,411,1,1
5,411,1,1
6,411,1,1
7,411,1,1
8,411,1,1
9,411,1,1
10,411,1,1
11,411,1,2
12,411,2,1
13,411,1,1
14,411,1,1
0,412,2,1
1,412,1,1
2,412,1,1
3,412,2,3
4,412,1,1
5,412,1,1
6,412,1,1
7,412,1,1
8,412,1,1
9,412,1,1
10,412,1,1
11,412,1,2
12,412,2,1
13,412,1,1
14,412,1,1
0,413,3,1
1,413,1,0
2,413,1,1
3,413,0,2
4,413,1,1
5,413,2,2
6,413,1,1
7,413,1,1
8,413,1,1
9,413,1,1
10,413,1,1
11,413,2,2
12,413,2,2
13,413,1,1
14,413,1,1
0,414,2,1
1,414,1,1
2,414,1,1
3,414,2,3
4,414,1,1
5,414,1,1
6,414,1,1
7,414,1,1
8,414,1,1
9,414,1,1
10,414,1,1
11,414,1,2
12,414,2,1
13,414,1,1
14,414,1,1
0,415,2,1
1,415,1,1
2,415,1,1
3,415,2,3
4,415,1,1
5,415,1,1
6,415,1,1
7,415,1,1
8,415,1,3
9,415,1,1
10,415,3,3
11,415,2,2
12,415,2,2
13,415,1,1
14,415,1,1
0,416,2,1
1,416,1,1
2,416,1,1
3,416,2,3
4,416,1,1
5,416,1,1
6,416,1,1
7,416,1,1
8,416,1,3
9,416,1,1
10,416,3,3
11,416,2,2
12,416,2,2
13,416,1,1
14,416,1,1
0,417,2,1
1,417,1,1
2,417,1,1
3,417,2,3
4,417,1,1
5,417,1,1
6,417,1,1
7,417,1,1
8,417,1,1
9,417,1,1
10,417,1,1
11,417,1,2
12,417,2,1
13,417,1,1
14,417,1,1
0,418,1,1
1,418,1,1
2,418,1,1
3,418,1,1
4,418,1,1
5,418,1,1
6,418,1,1
7,418,1,1
8,418,1,1
9,418,1,1
10,418,1,1
11,418,1,1
12,418,1,1
13,418,1,1
14,418,1,1
0,419,2,1
1,419,1,1
2,419,1,1
3,419,2,3
4,419,1,1
5,419,1,1
6,419,1,1
7,419,1,1
8,419,1,3
9,419,1,1
10,419,3,3
11,419,2,2
12,419,2,2
13,419,1,1
14,419,1,1
0,420,2,1
1,420,1,1
2,420,1,1
3,420,2,3
4,420,1,1
5,420,1,1
6,420,1,1
7,420,1,1
8,420,1,3
9,420,1,1
10,420,3,3
11,420,2,2
12,420,2,2
13,420,1,1
14,420,1,1
0,421,2,1
1,421,1,1
2,421,1,1
3,421,2,3
4,421,1,1
5,421,1,1
6,421,1,1
7,421,1,1
8,421,1,3
9,421,1,1
10,421,3,3
11,421,2,2
12,421,2,2
13,421,1,1
14,421,1,1
0,422,2,1
1,422,1,1
2,422,1,1
3,422,2,3
4,422,1,1
5,422,1,1
6,422,1,1
7,422,1,1
8,422,1,3
9,422,1,1
10,422,3,3
11,422,2,2
12,422,2,2
13,422,1,1
14,422,1,1
0,423,2,1
1,423,1,1
2,423,1,1
3,423,2,3
4,423,1,1
5,423,1,1
6,423,1,1
7,423,1,1
8,423,1,1
9,423,1,1
10,423,1,1
11,423,1,2
12,423,2,1
13,423,1,1
14,423,1,1
0,424,2,1
1,424,1,1
2,424,1,1
3,424,2,3
4,424,1,1
5,424,1,1
6,424,1,1
7,424,1,1
8,424,1,1
9,424,1,1
10,424,1,1
11,424,1,2
12,424,2,1
13,424,1,1
14,424,1,1
0,425,2,1
1,425,1,1
2,425,1,1
3,425,2,3
4,425,1,1
5,425,1,1
6,425,1,1
7,425,1,1
8,425,1,3
9,425,1,1
10,425,3,3
11,425,2,2
12,425,2,2
13,425,1,1
14,425,1,1
0,426,2,1
1,426,1,1
2,426,1,1
3,426,2,3
4,426,1,1
5,426,1,1
6,426,1,1
7,426,1,1
8,426,1,3
9,426,1,1
10,426,3,3
11,426,2,2
12,426,2,2
13,426,1,1
14,426,1,1
0,427,3,1
1,427,1,0
2,427,1,1
3,427,0,2
4,427,1,1
5,427,2,2
6,427,1,1
7,427,1,1
8,427,1,1
9,427,1,1
10,427,1,1
11,427,2,2
12,427,2,2
13,427,1,1
14,427,1,1
0,428,3,1
1,428,1,1
2,428,1,1
3,428,0,2
4,428,1,1
5,428,2,2
6,428,1,1
7,428,1,1
8,428,1,1
9,428,1,1
10,428,1,1
11,428,2,2
12,428,2,2
13,428,1,1
14,428,1,1
0,429,2,1
1,429,1,1
2,429,1,1
3,429,2,3
4,429,1,1
5,429,1,1
6,429,1,1
7,429,1,1
8,429,1,1
9,429,1,1
10,429,1,1
11,429,1,2
12,429,2,1
13,429,1,1
14,429,1,1
0,430,2,1
1,430,1,1
2,430,1,1
3,430,2,3
4,430,1,1
5,430,1,1
6,430,1,1
7,430,1,1
8,430,1,3
9,430,1,1
10,430,3,3
11,430,2,2
12,430,2,2
13,430,1,1
14,430,1,1
0,431,1,1
1,431,1,1
2,431,1,1
3,431,1,1
4,431,1,1
5,431,1,1
6,431,1,1
7,431,1,1
8,431,1,1
9,431,1,1
10,431,1,1
11,431,1,1
12,431,1,1
13,431,1,1
14,431,1,1
0,432,3,1
1,432,1,0
2,432,1,1
3,432,0,2
4,432,1,1
5,432,2,2
6,432,1,1
7,432,1,1
8,432,1,1
9,432,1,1
10,432,1,1
11,432,2,2
12,432,2,2
13,432,1,1
14,432,1,1
0,433,2,1
1,433,1,1
2,433,1,1
3,433,2,3
4,433,1,1
5,433,1,1
6,433,1,1
7,433,1,1
8,433,1,3
9,433,1,1
10,433,3,3
11,433,2,2
12,433,2,2
13,433,1,1
14,433,1,1
0,434,2,1
1,434,1,1
2,434,1,1
3,434,2,3
4,434,1,1
5,434,1,1
6,434,1,1
7,434,1,1
8,434,1,3
9,434,1,1
10,434,3,3
11,434,2,2
12,434,2,2
13,434,1,1
14,434,1,1
0,435,2,1
1,435,1,1
2,435,1,1
3,435,2,3
4,435,1,1
5,435,1,1
6,435,1,1
7,435,1,1
8,435,1,1
9,435,1,1
10,435,1,1
11,435,1,2
12,435,2,1
13,435,1,1
14,435,1,1
0,436,3,1
1,436,1,0
2,436,1,1
3,436,0,2
4,436,1,1
5,436,2,2
6,436,1,1
7,436,1,1
8,436,1,1
9,436,1,1
10,436,1,1
11,436,2,2
12,436,2,2
13,436,1,1
14,436,1,1
0,437,2,1
1,437,1,1
2,437,1,1
3,437,2,3
4,437,1,1
5,437,1,1
6,437,1,1
7,437,1,1
8,437,1,1
9,437,1,1
10,437,1,1
11,437,1,2
12,437,2,1
13,437,1,1
14,437,1,1
0,438,3,1
1,438,1,0
2,438,1,1
3,438,0,2
4,438,1,1
5,438,2,2
6,438,1,1
7,438,1,1
8,438,1,1
9,438,1,1
10,438,1,1
11,438,2,2
12,438,2,2
13,438,1,1
14,438,1,1
0,439,2,1
1,439,1,1
2,439,1,1
3,439,2,3
4,439,1,1
5,439,1,1
6,439,1,1
7,439,1,1
8,439,1,3
9,439,1,1
10,439,3,3
11,439,2,2
12,439,2,2
13,439,1,1
14,439,1,1
0,440,2,1
1,440,1,1
2,440,1,1
3,440,2,3
4,440,1,1
5,440,1,1
6,440,1,1
7,440,1,1
8,440,1,3
9,440,1,1
10,440,3,3
11,440,2,2
12,440,2,2
13,440,1,1
14,440,1,1
0,441,3,1
1,441,1,0
2,441,1,1
3,441,0,2
4,441,1,1
5,441,2,2
6,441,1,1
7,441,1,1
8,441,1,1
9,441,1,1
10,441,1,1
11,441,2,2
12,441,2,2
13,441,1,1
14,441,1,1
0,442,1,3
1,442,1,1
2,442,3,1
3,442,3,1
4,442,1,3
5,442,3,1
6,442,1,1
7,442,2,1
8,442,1,3
9,442,1,1
10,442,1,1
11,442,2,2
12,442,2,2
13,442,1,1
14,442,1,1
0,443,2,1
1,443,1,1
2,443,1,1
3,443,2,3
4,443,1,1
5,443,1,1
6,443,1,1
7,443,1,1
8,443,1,1
9,443,1,1
10,443,1,1
11,443,1,2
12,443,2,1
13,443,1,1
14,443,1,1
0,444,2,1
1,444,1,1
2,444,1,1
3,444,2,3
4,444,1,1
5,444,1,1
6,444,1,1
7,444,1,1
8,444,1,3
9,444,1,1
10,444,3,3
11,444,2,2
12,444,2,2
13,444,1,1
14,444,1,1
0,445,2,1
1,445,1,1
2,445,1,1
3,445,2,3
4,445,1,1
5,445,1,1
6,445,1,1
7,445,1,1
8,445,1,3
9,445,1,1
10,445,3,3
11,445,2,2
12,445,2,2
13,445,1,1
14,445,1,1
0,446,2,1
1,446,1,1
2,446,1,1
3,446,2,3
4,446,1,1
5,446,1,1
6,446,1,1
7,446,1,1
8,446,1,1
9,446,1,1
10,446,1,1
11,446,1,2
12,446,2,1
13,446,1,1
14,446,1,1
0,447,3,1
1,447,1,0
2,447,1,1
3,447,0,2
4,447,1,1
5,447,2,2
6,447,1,1
7,447,1,1
8,447,1,1
9,447,1,1
10,447,1,1
11,447,2,2
12,447,2,2
13,447,1,1
14,447,1,1
0,448,2,1
1,448,1,1
2,448,1,1
3,448,2,3
4,448,1,1
5,448,1,1
6,448,1,1
7,448,1,1
8,448,1,3
9,448,1,1
10,448,3,3
11,448,2,2
12,448,2,2
13,448,1,1
14,448,1,1
0,449,3,1
1,449,1,0
2,449,1,1
3,449,0,2
4,449,1,1
5,449,2,2
6,449,1,1
7,449,1,1
8,449,1,1
9,449,1,1
10,449,1,1
11,449,2,2
12,449,2,2
13,449,1,1
14,449,1,1
0,450,3,1
1,450,1,1
2,450,1,1
3,450,0,2
4,450,1,1
5,450,2,2
6,450,1,1
7,450,1,1
8,450,1,1
9,450,1,1
10,450,1,1
11,450,2,2
12,450,2,2
13,450,1,1
14,450,1,1
0,451,3,1
1,451,1,0
2,451,1,1
3,451,0,2
4,451,1,1
5,451,2,2
6,451,1,1
7,451,1,1
8,451,1,1
9,451,1,1
10,451,1,1
11,451,2,2
12,451,2,2
13,451,1,1
14,451,1,1
0,452,2,1
1,452,1,1
2,452,1,1
3,452,2,3
4,452,1,1
5,452,1,1
6,452,1,1
7,452,1,1
8,452,1,3
9,452,1,1
10,452,3,3
11,452,2,2
12,452,2,2
13,452,1,1
14,452,1,1
0,453,3,1
1,453,1,0
2,453,1,1
3,453,0,2
4,453,1,1
5,453,2,2
6,453,1,1
7,453,1,1
8,453,1,1
9,453,1,1
10,453,1,1
11,453,2,2
12,453,2,2
13,453,1,1
14,453,1,1
0,454,3,1
1,454,1,0
2,454,1,1
3,454,0,2
4,454,1,1
5,454,2,2
6,454,1,1
7,454,1,1
8,454,1,1
9,454,1,1
10,454,1,1
11,454,2,2
12,454,2,2
13,454,1,1
14,454,1,1
0,455,2,1
1,455,1,1
2,455,1,1
3,455,2,3
4,455,1,1
5,455,1,1
6,455,1,1
7,455,1,1
8,455,1,3
9,455,1,1
10,455,3,3
11,455,2,2
12,455,2,2
13,455,1,1
14,455,1,1
0,456,2,1
1,456,1,1
2,456,1,1
3,456,2,3
4,456,1,1
5,456,1,1
6,456,1,1
7,456,1,1
8,456,1,3
9,456,1,1
10,456,3,3
11,456,2,2
12,456,2,2
13,456,1,1
14,456,1,1
0,457,2,1
1,457,1,1
2,457,1,1
3,457,2,3
4,457,1,1
5,457,1,1
6,457,1,1
7,457,1,1
8,457,1,1
9,457,1,1
10,457,1,1
11,457,1,2
12,457,2,1
13,457,1,1
14,457,1,1
0,458,3,1
1,458,1,1
2,458,1,1
3,458,0,2
4,458,1,1
5,458,2,2
6,458,1,1
7,458,1,1
8,458,1,1
9,458,1,1
10,458,1,1
11,458,2,2
12,458,2,2
13,458,1,1
14,458,1,1
0,459,2,1
1,459,1,1
2,459,1,1
3,459,2,3
4,459,1,1
5,459,1,1
6,459,1,1
7,459,1,1
8,459,1,3
9,459,1,1
10,459,3,3
11,459,2,2
12,459,2,2
13,459,1,1
14,459,1,1
0,460,2,1
1,460,1,1
2,460,1,1
3,460,2,3
4,460,1,1
5,460,1,1
6,460,1,1
7,460,1,1
8,460,1,1
9,460,1,1
10,460,1,1
11,460,1,2
12,460,2,1
13,460,1,1
14,460,1,1
0,461,1,3
1,461,1,1
2,461,3,1
3,461,3,1
4,461,1,3
5,461,3,1
6,461,1,1
7,461,2,1
8,461,1,3
9,461,1,1
10,461,1,1
11,461,2,2
12,461,2,2
13,461,1,1
14,461,1,1
0,462,1,1
1,462,1,1
2,462,1,1
3,462,1,1
4,462,1,1
5,462,1,1
6,462,1,1
7,462,1,1
8,462,1,1
9,462,1,1
10,462,1,1
11,462,1,1
12,462,1,1
13,462,1,1
14,462,1,1
0,463,2,1
1,463,1,1
2,463,1,1
3,463,2,3
4,463,1,1
5,463,1,1
6,463,1,1
7,463,1,1
8,463,1,3
9,463,1,1
10,463,3,3
11,463,2,2
12,463,2,2
13,463,1,1
14,463,1,1
0,464,2,1
1,464,1,1
2,464,1,1
3,464,2,3
4,464,1,1
5,464,1,1
6,464,1,1
7,464,1,1
8,464,1,1
9,464,1,1
10,464,1,1
11,464,1,2
12,464,2,1
13,464,1,1
14,464,1,1
0,465,3,1
1,465,1,0
2,465,1,1
3,465,0,2
4,465,1,1
5,465,2,2
6,465,1,1
7,465,1,1
8,465,1,1
9,465,1,1
10,465,1,1
11,465,2,2
12,465,2,2
13,465,1,1
14,465,1,1
0,466,1,1
1,466,1,1
2,466,1,1
3,466,1,1
4,466,1,1
5,466,1,1
6,466,1,1
7,466,1,1
8,466,1,1
9,466,1,1
10,466,1,1
11,466,1,1
12,466,1,1
13,466,1,1
14,466,1,1
0,467,2,1
1,467,1,1
2,467,1,1
3,467,2,3
4,467,1,1
5,467,1,1
6,467,1,1
7,467,1,1
8,467,1,1
9,467,1,1
10,467,1,1
11,467,1,2
12,467,2,1
13,467,1,1
14,467,1,1
0,468,1,3
1,468,1,1
2,468,3,1
3,468,3,1
4,468,1,3
5,468,3,1
6,468,1,1
7,468,2,1
8,468,1,3
9,468,1,1
10,468,1,1
11,468,2,2
12,468,2,2
13,468,1,1
14,468,1,1
0,469,2,1
1,469,1,1
2,469,1,1
3,469,2,3
4,469,1,1
5,469,1,1
6,469,1,1
7,469,1,1
8,469,1,1
9,469,1,1
10,469,1,1
11,469,1,2
12,469,2,1
13,469,1,1
14,469,1,1
0,470,2,1
1,470,1,1
2,470,1,1
3,470,2,3
4,470,1,1
5,470,1,1
6,470,1,1
7,470,1,1
8,470,1,3
9,470,1,1
10,470,3,3
11,470,2,2
12,470,2,2
13,470,1,1
14,470,1,1
0,471,2,1
1,471,1,1
2,471,1,1
3,471,2,3
4,471,1,1
5,471,1,1
6,471,1,1
7,471,1,1
8,471,1,1
9,471,1,1
10,471,1,1
11,471,1,2
12,471,2,1
13,471,1,1
14,471,1,1
0,472,2,1
1,472,1,1
2,472,1,1
3,472,2,3
4,472,1,1
5,472,1,1
6,472,1,1
7,472,1,1
8,472,1,3
9,472,1,1
10,472,3,3
11,472,2,2
12,472,2,2
13,472,1,1
14,472,1,1
0,473,2,1
1,473,1,1
2,473,1,1
3,473,2,3
4,473,1,1
5,473,1,1
6,473,1,1
7,473,1,1
8,473,1,3
9,473,1,1
10,473,3,3
11,473,2,2
12,473,2,2
13,473,1,1
14,473,1,1
0,474,3,1
1,474,1,0
2,474,1,1
3,474,0,2
4,474,1,1
5,474,2,2
6,474,1,1
7,474,1,1
8,474,1,1
9,474,1,1
10,474,1,1
11,474,2,2
12,474,2,2
13,474,1,1
14,474,1,1
0,475,3,1
1,475,1,0
2,475,1,1
3,475,0,2
4,475,1,1
5,475,2,2
6,475,1,1
7,475,1,1
8,475,1,1
9,475,1,1
10,475,1,1
11,475,2,2
12,475,2,2
13,475,1,1
14,475,1,1
0,476,3,1
1,476,1,0
2,476,1,1
3,476,0,2
4,476,1,1
5,476,2,2
6,476,1,1
7,476,1,1
8,476,1,1
9,476,1,1
10,476,1,1
11,476,2,2
12,476,2,2
13,476,1,1
14,476,1,1
0,477,1,1
1,477,1,1
2,477,1,1
3,477,1,1
4,477,1,1
5,477,1,1
6,477,1,1
7,477,1,1
8,477,1,1
9,477,1,1
10,477,1,1
11,477,1,1
12,477,1,1
13,477,1,1
14,477,1,1
0,478,2,1
1,478,1,1
2,478,1,1
3,478,2,3
4,478,1,1
5,478,1,1
6,478,1,1
7,478,1,1
8,478,1,3
9,478,1,1
10,478,3,3
11,478,2,2
12,478,2,2
13,478,1,1
14,478,1,1
0,479,3,1
1,479,1,0
2,479,1,1
3,479,0,2
4,479,1,1
5,479,2,2
6,479,1,1
7,479,1,1
8,479,1,1
9,479,1,1
10,479,1,1
11,479,2,2
12,479,2,2
13,479,1,1
14,479,1,1
0,480,2,1
1,480,1,1
2,480,1,1
3,480,2,3
4,480,1,1
5,480,1,1
6,480,1,1
7,480,1,1
8,480,1,3
9,480,1,1
10,480,3,3
11,480,2,2
12,480,2,2
13,480,1,1
14,480,1,1
0,481,1,3
1,481,1,1
2,481,3,1
3,481,3,1
4,481,1,3
5,481,3,1
6,481,1,1
7,481,2,1
8,481,1,3
9,481,1,1
10,481,1,1
11,481,2,2
12,481,2,2
13,481,1,1
14,481,1,1
0,482,2,1
1,482,1,1
2,482,1,1
3,482,2,3
4,482,1,1
5,482,1,1
6,482,1,1
7,482,1,1
8,482,1,3
9,482,1,1
10,482,3,3
11,482,2,2
12,482,2,2
13,482,1,1
14,482,1,1
0,483,2,1
1,483,1,1
2,483,1,1
3,483,2,3
4,483,1,1
5,483,1,1
6,483,1,1
7,483,1,1
8,483,1,3
9,483,1,1
10,483,3,3
11,483,2,2
12,483,2,2
13,483,1,1
14,483,1,1
0,484,3,1
1,484,1,0
2,484,1,1
3,484,0,2
4,484,1,1
5,484,2,2
6,484,1,1
7,484,1,1
8,484,1,1
9,484,1,1
10,484,1,1
11,484,2,2
12,484,2,2
13,484,1,1
14,484,1,1
0,485,3,1
1,485,1,0
2,485,1,1
3,485,0,2
4,485,1,1
5,485,2,2
6,485,1,1
7,485,1,1
8,485,1,1
9,485,1,1
10,485,1,1
11,485,2,2
12,485,2,2
13,485,1,1
14,485,1,1
0,486,2,1
1,486,1,1
2,486,1,1
3,486,2,3
4,486,1,1
5,486,1,1
6,486,1,1
7,486,1,1
8,486,1,1
9,486,1,1
10,486,1,1
11,486,1,2
12,486,2,1
13,486,1,1
14,486,1,1
0,487,2,1
1,487,1,1
2,487,1,1
3,487,2,3
4,487,1,1
5,487,1,1
6,487,1,1
7,487,1,1
8,487,1,1
9,487,1,1
10,487,1,1
11,487,1,2
12,487,2,1
13,487,1,1
14,487,1,1
0,488,1,1
1,488,1,1
2,488,1,1
3,488,1,1
4,488,1,1
5,488,1,1
6,488,1,1
7,488,1,1
8,488,1,1
9,488,1,1
10,488,1,1
11,488,1,1
12,488,1,1
13,488,1,1
14,488,1,1
0,489,1,3
1,489,1,1
2,489,3,1
3,489,3,1
4,489,1,3
5,489,3,1
6,489,1,1
7,489,2,1
8,489,1,3
9,489,1,1
10,489,1,1
11,489,2,2
12,489,2,2
13,489,1,1
14,489,1,1
0,490,2,1
1,490,1,1
2,490,1,1
3,490,2,3
4,490,1,1
5,490,1,1
6,490,1,1
7,490,1,1
8,490,1,3
9,490,1,1
10,490,3,3
11,490,2,2
12,490,2,2
13,490,1,1
14,490,1,1
0,491,2,1
1,491,1,1
2,491,1,1
3,491,2,3
4,491,1,1
5,491,1,1
6,491,1,1
7,491,1,1
8,491,1,3
9,491,1,1
10,491,3,3
11,491,2,2
12,491,2,2
13,491,1,1
14,491,1,1
0,492,2,1
1,492,1,1
2,492,1,1
3,492,2,3
4,492,1,1
5,492,1,1
6,492,1,1
7,492,1,1
8,492,1,1
9,492,1,1
10,492,1,1
11,492,1,2
12,492,2,1
13,492,1,1
14,492,1,1
0,493,2,1
1,493,1,1
2,493,1,1
3,493,2,3
4,493,1,1
5,493,1,1
6,493,1,1
7,493,1,1
8,493,1,1
9,493,1,1
10,493,1,1
11,493,1,2
12,493,2,1
13,493,1,1
14,493,1,1
0,494,2,1
1,494,1,1
2,494,1,1
3,494,2,3
4,494,1,1
5,494,1,1
6,494,1,1
7,494,1,1
8,494,1,1
9,494,1,1
10,494,1,1
11,494,1,2
12,494,2,1
13,494,1,1
14,494,1,1
0,495,3,1
1,495,1,1
2,495,1,1
3,495,0,2
4,495,1,1
5,495,2,2
6,495,1,1
7,495,1,1
8,495,1,1
9,495,1,1
10,495,1,1
11,495,2,2
12,495,2,2
13,495,1,1
14,495,1,1
0,496,2,1
1,496,1,1
2,496,1,1
3,496,2,3
4,496,1,1
5,496,1,1
6,496,1,1
7,496,1,1
8,496,1,3
9,496,1,1
10,496,3,3
11,496,2,2
12,496,2,2
13,496,1,1
14,496,1,1
0,497,2,1
1,497,1,1
2,497,1,1
3,497,2,3
4,497,1,1
5,497,1,1
6,497,1,1
7,497,1,1
8,497,1,3
9,497,1,1
10,497,3,3
11,497,2,2
12,497,2,2
13,497,1,1
14,497,1,1
0,498,2,1
1,498,1,1
2,498,1,1
3,498,2,3
4,498,1,1
5,498,1,1
6,498,1,1
7,498,1,1
8,498,1,1
9,498,1,1
10,498,1,1
11,498,1,2
12,498,2,1
13,498,1,1
14,498,1,1
0,499,3,1
1,499,1,1
2,499,1,1
3,499,0,2
4,499,1,1
5,499,2,2
6,499,1,1
7,499,1,1
8,499,1,1
9,499,1,1
10,499,1,1
11,499,2,2
12,499,2,2
13,499,1,1
14,499,1,1
0,500,3,1
1,500,1,0
2,500,1,1
3,500,0,2
4,500,1,1
5,500,2,2
6,500,1,1
7,500,1,1
8,500,1,1
9,500,1,1
10,500,1,1
11,500,2,2
12,500,2,2
13,500,1,1
14,500,1,1
0,501,2,1
1,501,1,1
2,501,1,1
3,501,2,3
4,501,1,1
5,501,1,1
6,501,1,1
7,501,1,1
8,501,1,3
9,501,1,1
10,501,3,3
11,501,2,2
12,501,2,2
13,501,1,1
14,501,1,1
0,502,2,1
1,502,1,1
2,502,1,1
3,502,2,3
4,502,1,1
5,502,1,1
6,502,1,1
7,502,1,1
8,502,1,1
9,502,1,1
10,502,1,1
11,502,1,2
12,502,2,1
13,502,1,1
14,502,1,1
0,503,3,1
1,503,1,0
2,503,1,1
3,503,0,2
4,503,1,1
5,503,2,2
6,503,1,1
7,503,1,1
8,503,1,1
9,503,1,1
10,503,1,1
11,503,2,2
12,503,2,2
13,503,1,1
14,503,1,1
0,504,1,1
1,504,1,1
2,504,1,1
3,504,1,1
4,504,1,1
5,504,1,1
6,504,1,1
7,504,1,1
8,504,1,1
9,504,1,1
10,504,1,1
11,504,1,1
12,504,1,1
13,504,1,1
14,504,1,1
0,505,1,1
1,505,1,1
2,505,1,1
3,505,1,1
4,505,1,1
5,505,1,1
6,505,1,1
7,505,1,1
8,505,1,1
9,505,1,1
10,505,1,1
11,505,1,1
12,505,1,1
13,505,1,1
14,505,1,1
0,506,1,1
1,506,1,1
2,506,1,1
3,506,1,1
4,506,1,1
5,506,1,1
6,506,1,1
7,506,1,1
8,506,1,1
9,506,1,1
10,506,1,1
11,506,1,1
12,506,1,1
13,506,1,1
14,506,1,1
0,507,2,1
1,507,1,1
2,507,1,1
3,507,2,3
4,507,1,1
5,507,1,1
6,507,1,1
7,507,1,1
8,507,1,3
9,507,1,1
10,507,3,3
11,507,2,2
12,507,2,2
13,507,1,1
14,507,1,1
0,508,2,1
1,508,1,1
2,508,1,1
3,508,2,3
4,508,1,1
5,508,1,1
6,508,1,1
7,508,1,1
8,508,1,3
9,508,1,1
10,508,3,3
11,508,2,2
12,508,2,2
13,508,1,1
14,508,1,1
0,509,2,1
1,509,1,1
2,509,1,1
3,509,2,3
4,509,1,1
5,509,1,1
6,509,1,1
7,509,1,1
8,509,1,3
9,509,1,1
10,509,3,3
11,509,2,2
12,509,2,2
13,509,1,1
14,509,1,1
0,510,2,1
1,510,1,1
2,510,1,1
3,510,2,3
4,510,1,1
5,510,1,1
6,510,1,1
7,510,1,1
8,510,1,1
9,510,1,1
10,510,1,1
11,510,1,2
12,510,2,1
13,510,1,1
14,510,1,1
0,511,2,1
1,511,1,1
2,511,1,1
3,511,2,3
4,511,1,1
5,511,1,1
6,511,1,1
7,511,1,1
8,511,1,1
9,511,1,1
10,511,1,1
11,511,1,2
12,511,2,1
13,511,1,1
14,511,1,1
0,512,2,1
1,512,1,1
2,512,1,1
3,512,2,3
4,512,1,1
5,512,1,1
6,512,1,1
7,512,1,1
8,512,1,3
9,512,1,1
10,512,3,3
11,512,2,2
12,512,2,2
13,512,1,1
14,512,1,1
0,513,2,1
1,513,1,1
2,513,1,1
3,513,2,3
4,513,1,1
5,513,1,1
6,513,1,1
7,513,1,1
8,513,1,1
9,513,1,1
10,513,1,1
11,513,1,2
12,513,2,1
13,513,1,1
14,513,1,1
0,514,3,1
1,514,1,0
2,514,1,1
3,514,0,2
4,514,1,1
5,514,2,2
6,514,1,1
7,514,1,1
8,514,1,1
9,514,1,1
10,514,1,1
11,514,2,2
12,514,2,2
13,514,1,1
14,514,1,1
0,515,2,1
1,515,1,1
2,515,1,1
3,515,2,3
4,515,1,1
5,515,1,1
6,515,1,1
7,515,1,1
8,515,1,1
9,515,1,1
10,515,1,1
11,515,1,2
12,515,2,1
13,515,1,1
14,515,1,1
0,516,3,1
1,516,1,0
2,516,1,1
3,516,0,2
4,516,1,1
5,516,2,2
6,516,1,1
7,516,1,1
8,516,1,1
9,516,1,1
10,516,1,1
11,516,2,2
12,516,2,2
13,516,1,1
14,516,1,1
0,517,1,1
1,517,1,1
2,517,1,1
3,517,1,1
4,517,1,1
5,517,1,1
6,517,1,1
7,517,1,1
8,517,1,1
9,517,1,1
10,517,1,1
11,517,1,1
12,517,1,1
13,517,1,1
14,517,1,1
0,518,2,1
1,518,1,1
2,518,1,1
3,518,2,3
4,518,1,1
5,518,1,1
6,518,1,1
7,518,1,1
8,518,1,1
9,518,1,1
10,518,1,1
11,518,1,2
12,518,2,1
13,518,1,1
14,518,1,1
0,519,1,1
1,519,1,1
2,519,1,1
3,519,1,1
4,519,1,1
5,519,1,1
6,519,1,1
7,519,1,1
8,519,1,1
9,519,1,1
10,519,1,1
11,519,1,1
12,519,1,1
13,519,1,1
14,519,1,1
0,520,3,1
1,520,1,1
2,520,1,1
3,520,0,2
4,520,1,1
5,520,2,2
6,520,1,1
7,520,1,1
8,520,1,1
9,520,1,1
10,520,1,1
11,520,2,2
12,520,2,2
13,520,1,1
14,520,1,1
0,521,2,1
1,521,1,1
2,521,1,1
3,521,2,3
4,521,1,1
5,521,1,1
6,521,1,1
7,521,1,1
8,521,1,3
9,521,1,1
10,521,3,3
11,521,2,2
12,521,2,2
13,521,1,1
14,521,1,1
0,522,3,1
1,522,1,0
2,522,1,1
3,522,0,2
4,522,1,1
5,522,2,2
6,522,1,1
7,522,1,1
8,522,1,1
9,522,1,1
10,522,1,1
11,522,2,2
12,522,2,2
13,522,1,1
14,522,1,1
0,523,2,1
1,523,1,1
2,523,1,1
3,523,2,3
4,523,1,1
5,523,1,1
6,523,1,1
7,523,1,1
8,523,1,3
9,523,1,1
10,523,3,3
11,523,2,2
12,523,2,2
13,523,1,1
14,523,1,1
0,524,2,1
1,524,1,1
2,524,1,1
3,524,2,3
4,524,1,1
5,524,1,1
6,524,1,1
7,524,1,1
8,524,1,3
9,524,1,1
10,524,3,3
11,524,2,2
12,524,2,2
13,524,1,1
14,524,1,1
0,525,3,1
1,525,1,0
2,525,1,1
3,525,0,2
4,525,1,1
5,525,2,2
6,525,1,1
7,525,1,1
8,525,1,1
9,525,1,1
10,525,1,1
11,525,2,2
12,525,2,2
13,525,1,1
14,525,1,1
0,526,3,1
1,526,1,0
2,526,1,1
3,526,0,2
4,526,1,1
5,526,2,2
6,526,1,1
7,526,1,1
8,526,1,1
9,526,1,1
10,526,1,1
11,526,2,2
12,526,2,2
13,526,1,1
14,526,1,1
0,527,2,1
1,527,1,1
2,527,1,1
3,527,2,3
4,527,1,1
5,527,1,1
6,527,1,1
7,527,1,1
8,527,1,3
9,527,1,1
10,527,3,3
11,527,2,2
12,527,2,2
13,527,1,1
14,527,1,1
0,528,2,1
1,528,1,1
2,528,1,1
3,528,2,3
4,528,1,1
5,528,1,1
6,528,1,1
7,528,1,1
8,528,1,3
9,528,1,1
10,528,3,3
11,528,2,2
12,528,2,2
13,528,1,1
14,528,1,1
0,529,3,1
1,529,1,1
2,529,1,1
3,529,0,2
4,529,1,1
5,529,2,2
6,529,1,1
7,529,1,1
8,529,1,1
9,529,1,1
10,529,1,1
11,529,2,2
12,529,2,2
13,529,1,1
14,529,1,1
0,530,2,1
1,530,1,1
2,530,1,1
3,530,2,3
4,530,1,1
5,530,1,1
6,530,1,1
7,530,1,1
8,530,1,3
9,530,1,1
10,530,3,3
11,530,2,2
12,530,2,2
13,530,1,1
14,530,1,1
0,531,2,1
1,531,1,1
2,531,1,1
3,531,2,3
4,531,1,1
5,531,1,1
6,531,1,1
7,531,1,1
8,531,1,3
9,531,1,1
10,531,3,3
11,531,2,2
12,531,2,2
13,531,1,1
14,531,1,1
0,532,2,1
1,532,1,1
2,532,1,1
3,532,2,3
4,532,1,1
5,532,1,1
6,532,1,1
7,532,1,1
8,532,1,3
9,532,1,1
10,532,3,3
11,532,2,2
12,532,2,2
13,532,1,1
14,532,1,1
0,533,2,1
1,533,1,1
2,533,1,1
3,533,2,3
4,533,1,1
5,533,1,1
6,533,1,1
7,533,1,1
8,533,1,3
9,533,1,1
10,533,3,3
11,533,2,2
12,533,2,2
13,533,1,1
14,533,1,1
0,534,1,1
1,534,1,1
2,534,1,1
3,534,1,1
4,534,1,1
5,534,1,1
6,534,1,1
7,534,1,1
8,534,1,1
9,534,1,1
10,534,1,1
11,534,1,1
12,534,1,1
13,534,1,1
14,534,1,1
0,535,2,1
1,535,1,1
2,535,1,1
3,535,2,3
4,535,1,1
5,535,1,1
6,535,1,1
7,535,1,1
8,535,1,3
9,535,1,1
10,535,3,3
11,535,2,2
12,535,2,2
13,535,1,1
14,535,1,1
0,536,1,1
1,536,1,1
2,536,1,1
3,536,1,1
4,536,1,1
5,536,1,1
6,536,1,1
7,536,1,1
8,536,1,1
9,536,1,1
10,536,1,1
11,536,1,1
12,536,1,1
13,536,1,1
14,536,1,1
0,537,2,1
1,537,1,1
2,537,1,1
3,537,2,3
4,537,1,1
5,537,1,1
6,537,1,1
7,537,1,1
8,537,1,1
9,537,1,1
10,537,1,1
11,537,1,2
12,537,2,1
13,537,1,1
14,537,1,1
0,538,3,1
1,538,1,0
2,538,1,1
3,538,0,2
4,538,1,1
5,538,2,2
6,538,1,1
7,538,1,1
8,538,1,1
9,538,1,1
10,538,1,1
11,538,2,2
12,538,2,2
13,538,1,1
14,538,1,1
0,539,2,1
1,539,1,1
2,539,1,1
3,539,2,3
4,539,1,1
5,539,1,1
6,539,1,1
7,539,1,1
8,539,1,3
9,539,1,1
10,539,3,3
11,539,2,2
12,539,2,2
13,539,1,1
14,539,1,1
0,540,2,1
1,540,1,1
2,540,1,1
3,540,2,3
4,540,1,1
5,540,1,1
6,540,1,1
7,540,1,1
8,540,1,1
9,540,1,1
10,540,1,1
11,540,1,2
12,540,2,1
13,540,1,1
14,540,1,1
0,541,2,1
1,541,1,1
2,541,1,1
3,541,2,3
4,541,1,1
5,541,1,1
6,541,1,1
7,541,1,1
8,541,1,1
9,541,1,1
10,541,1,1
11,541,1,2
12,541,2,1
13,541,1,1
14,541,1,1
0,542,2,1
1,542,1,1
2,542,1,1
3,542,2,3
4,542,1,1
5,542,1,1
6,542,1,1
7,542,1,1
8,542,1,3
9,542,1,1
10,542,3,3
11,542,2,2
12,542,2,2
13,542,1,1
14,542,1,1
0,543,3,1
1,543,1,0
2,543,1,1
3,543,0,2
4,543,1,1
5,543,2,2
6,543,1,1
7,543,1,1
8,543,1,1
9,543,1,1
10,543,1,1
11,543,2,2
12,543,2,2
13,543,1,1
14,543,1,1
0,544,2,1
1,544,1,1
2,544,1,1
3,544,2,3
4,544,1,1
5,544,1,1
6,544,1,1
7,544,1,1
8,544,1,3
9,544,1,1
10,544,3,3
11,544,2,2
12,544,2,2
13,544,1,1
14,544,1,1
0,545,2,1
1,545,1,1
2,545,1,1
3,545,2,3
4,545,1,1
5,545,1,1
6,545,1,1
7,545,1,1
8,545,1,1
9,545,1,1
10,545,1,1
11,545,1,2
12,545,2,1
13,545,1,1
14,545,1,1
0,546,3,1
1,546,1,1
2,546,1,1
3,546,0,2
4,546,1,1
5,546,2,2
6,546,1,1
7,546,1,1
8,546,1,1
9,546,1,1
10,546,1,1
11,546,2,2
12,546,2,2
13,546,1,1
14,546,1,1
0,547,2,1
1,547,1,1
2,547,1,1
3,547,2,3
4,547,1,1
5,547,1,1
6,547,1,1
7,547,1,1
8,547,1,3
9,547,1,1
10,547,3,3
11,547,2,2
12,547,2,2
13,547,1,1
14,547,1,1
0,548,2,1
1,548,1,1
2,548,1,1
3,548,2,3
4,548,1,1
5,548,1,1
6,548,1,1
7,548,1,1
8,548,1,3
9,548,1,1
10,548,3,3
11,548,2,2
12,548,2,2
13,548,1,1
14,548,1,1
0,549,3,1
1,549,1,0
2,549,1,1
3,549,0,2
4,549,1,1
5,549,2,2
6,549,1,1
7,549,1,1
8,549,1,1
9,549,1,1
10,549,1,1
11,549,2,2
12,549,2,2
13,549,1,1
14,549,1,1
0,550,2,1
1,550,1,1
2,550,1,1
3,550,2,3
4,550,1,1
5,550,1,1
6,550,1,1
7,550,1,1
8,550,1,3
9,550,1,1
10,550,3,3
11,550,2,2
12,550,2,2
13,550,1,1
14,550,1,1
0,551,2,1
1,551,1,1
2,551,1,1
3,551,2,3
4,551,1,1
5,551,1,1
6,551,1,1
7,551,1,1
8,551,1,3
9,551,1,1
10,551,3,3
11,551,2,2
12,551,2,2
13,551,1,1
14,551,1,1
0,552,3,1
1,552,1,0
2,552,1,1
3,552,0,2
4,552,1,1
5,552,2,2
6,552,1,1
7,552,1,1
8,552,1,1
9,552,1,1
10,552,1,1
11,552,2,2
12,552,2,2
13,552,1,1
14,552,1,1
0,553,3,1
1,553,1,0
2,553,1,1
3,553,0,2
4,553,1,1
5,553,2,2
6,553,1,1
7,553,1,1
8,553,1,1
9,553,1,1
10,553,1,1
11,553,2,2
12,553,2,2
13,553,1,1
14,553,1,1
0,554,3,1
1,554,1,0
2,554,1,1
3,554,0,2
4,554,1,1
5,554,2,2
6,554,1,1
7,554,1,1
8,554,1,1
9,554,1,1
10,554,1,1
11,554,2,2
12,554,2,2
13,554,1,1
14,554,1,1
0,555,2,1
1,555,1,1
2,555,1,1
3,555,2,3
4,555,1,1
5,555,1,1
6,555,1,1
7,555,1,1
8,555,1,1
9,555,1,1
10,555,1,1
11,555,1,2
12,555,2,1
13,555,1,1
14,555,1,1
0,556,1,3
1,556,1,1
2,556,3,1
3,556,3,1
4,556,1,3
5,556,3,1
6,556,1,1
7,556,2,1
8,556,1,3
9,556,1,1
10,556,1,1
11,556,2,2
12,556,2,2
13,556,1,1
14,556,1,1
0,557,2,1
1,557,1,1
2,557,1,1
3,557,2,3
4,557,1,1
5,557,1,1
6,557,1,1
7,557,1,1
8,557,1,3
9,557,1,1
10,557,3,3
11,557,2,2
12,557,2,2
13,557,1,1
14,557,1,1
0,558,1,1
1,558,1,1
2,558,1,1
3,558,1,1
4,558,1,1
5,558,1,1
6,558,1,1
7,558,1,1
8,558,1,1
9,558,1,1
10,558,1,1
11,558,1,1
12,558,1,1
13,558,1,1
14,558,1,1
0,559,3,1
1,559,1,1
2,559,1,1
3,559,0,2
4,559,1,1
5,559,2,2
6,559,1,1
7,559,1,1
8,559,1,1
9,559,1,1
10,559,1,1
11,559,2,2
12,559,2,2
13,559,1,1
14,559,1,1
0,560,3,1
1,560,1,1
2,560,1,1
3,560,0,2
4,560,1,1
5,560,2,2
6,560,1,1
7,560,1,1
8,560,1,1
9,560,1,1
10,560,1,1
11,560,2,2
12,560,2,2
13,560,1,1
14,560,1,1
0,561,3,1
1,561,1,0
2,561,1,1
3,561,0,2
4,561,1,1
5,561,2,2
6,561,1,1
7,561,1,1
8,561,1,1
9,561,1,1
10,561,1,1
11,561,2,2
12,561,2,2
13,561,1,1
14,561,1,1
0,562,2,1
1,562,1,1
2,562,1,1
3,562,2,3
4,562,1,1
5,562,1,1
6,562,1,1
7,562,1,1
8,562,1,3
9,562,1,1
10,562,3,3
11,562,2,2
12,562,2,2
13,562,1,1
14,562,1,1
0,563,3,1
1,563,1,1
2,563,1,1
3,563,0,2
4,563,1,1
5,563,2,2
6,563,1,1
7,563,1,1
8,563,1,1
9,563,1,1
10,563,1,1
11,563,2,2
12,563,2,2
13,563,1,1
14,563,1,1
0,564,2,1
1,564,1,1
2,564,1,1
3,564,2,3
4,564,1,1
5,564,1,1
6,564,1,1
7,564,1,1
8,564,1,1
9,564,1,1
10,564,1,1
11,564,1,2
12,564,2,1
13,564,1,1
14,564,1,1
0,565,2,1
1,565,1,1
2,565,1,1
3,565,2,3
4,565,1,1
5,565,1,1
6,565,1,1
7,565,1,1
8,565,1,3
9,565,1,1
10,565,3,3
11,565,2,2
12,565,2,2
13,565,1,1
14,565,1,1
0,566,2,1
1,566,1,1
2,566,1,1
3,566,2,3
4,566,1,1
5,566,1,1
6,566,1,1
7,566,1,1
8,566,1,1
9,566,1,1
10,566,1,1
11,566,1,2
12,566,2,1
13,566,1,1
14,566,1,1
0,567,2,1
1,567,1,1
2,567,1,1
3,567,2,3
4,567,1,1
5,567,1,1
6,567,1,1
7,567,1,1
8,567,1,3
9,567,1,1
10,567,3,3
11,567,2,2
12,567,2,2
13,567,1,1
14,567,1,1
0,568,3,1
1,568,1,0
2,568,1,1
3,568,0,2
4,568,1,1
5,568,2,2
6,568,1,1
7,568,1,1
8,568,1,1
9,568,1,1
10,568,1,1
11,568,2,2
12,568,2,2
13,568,1,1
14,568,1,1
0,569,2,1
1,569,1,1
2,569,1,1
3,569,2,3
4,569,1,1
5,569,1,1
6,569,1,1
7,569,1,1
8,569,1,1
9,569,1,1
10,569,1,1
11,569,1,2
12,569,2,1
13,569,1,1
14,569,1,1
0,570,2,1
1,570,1,1
2,570,1,1
3,570,2,3
4,570,1,1
5,570,1,1
6,570,1,1
7,570,1,1
8,570,1,3
9,570,1,1
10,570,3,3
11,570,2,2
12,570,2,2
13,570,1,1
14,570,1,1
0,571,2,1
1,571,1,1
2,571,1,1
3,571,2,3
4,571,1,1
5,571,1,1
6,571,1,1
7,571,1,1
8,571,1,1
9,571,1,1
10,571,1,1
11,571,1,2
12,571,2,1
13,571,1,1
14,571,1,1
0,572,2,1
1,572,1,1
2,572,1,1
3,572,2,3
4,572,1,1
5,572,1,1
6,572,1,1
7,572,1,1
8,572,1,3
9,572,1,1
10,572,3,3
11,572,2,2
12,572,2,2
13,572,1,1
14,572,1,1
0,573,3,1
1,573,1,0
2,573,1,1
3,573,0,2
4,573,1,1
5,573,2,2
6,573,1,1
7,573,1,1
8,573,1,1
9,573,1,1
10,573,1,1
11,573,2,2
12,573,2,2
13,573,1,1
14,573,1,1
0,574,2,1
1,574,1,1
2,574,1,1
3,574,2,3
4,574,1,1
5,574,1,1
6,574,1,1
7,574,1,1
8,574,1,3
9,574,1,1
10,574,3,3
11,574,2,2
12,574,2,2
13,574,1,1
14,574,1,1
0,575,1,3
1,575,1,1
2,575,3,1
3,575,3,1
4,575,1,3
5,575,3,1
6,575,1,1
7,575,2,1
8,575,1,3
9,575,1,1
10,575,1,1
11,575,2,2
12,575,2,2
13,575,1,1
14,575,1,1
0,576,2,1
1,576,1,1
2,576,1,1
3,576,2,3
4,576,1,1
5,576,1,1
6,576,1,1
7,576,1,1
8,576,1,3
9,576,1,1
10,576,3,3
11,576,2,2
12,576,2,2
13,576,1,1
14,576,1,1
0,577,2,1
1,577,1,1
2,577,1,1
3,577,2,3
4,577,1,1
5,577,1,1
6,577,1,1
7,577,1,1
8,577,1,3
9,577,1,1
10,577,3,3
11,577,2,2
12,577,2,2
13,577,1,1
14,577,1,1
0,578,3,1
1,578,1,0
2,578,1,1
3,578,0,2
4,578,1,1
5,578,2,2
6,578,1,1
7,578,1,1
8,578,1,1
9,578,1,1
10,578,1,1
11,578,2,2
12,578,2,2
13,578,1,1
14,578,1,1
0,579,2,1
1,579,1,1
2,579,1,1
3,579,2,3
4,579,1,1
5,579,1,1
6,579,1,1
7,579,1,1
8,579,1,3
9,579,1,1
10,579,3,3
11,579,2,2
12,579,2,2
13,579,1,1
14,579,1,1
0,580,1,3
1,580,1,1
2,580,3,1
3,580,3,1
4,580,1,3
5,580,3,1
6,580,1,1
7,580,2,1
8,580,1,3
9,580,1,1
10,580,1,1
11,580,2,2
12,580,2,2
13,580,1,1
14,580,1,1
0,581,2,1
1,581,1,1
2,581,1,1
3,581,2,3
4,581,1,1
5,581,1,1
6,581,1,1
7,581,1,1
8,581,1,3
9,581,1,1
10,581,3,3
11,581,2,2
12,581,2,2
13,581,1,1
14,581,1,1
0,582,2,1
1,582,1,1
2,582,1,1
3,582,2,3
4,582,1,1
5,582,1,1
6,582,1,1
7,582,1,1
8,582,1,3
9,582,1,1
10,582,3,3
11,582,2,2
12,582,2,2
13,582,1,1
14,582,1,1
0,583,2,1
1,583,1,1
2,583,1,1
3,583,2,3
4,583,1,1
5,583,1,1
6,583,1,1
7,583,1,1
8,583,1,1
9,583,1,1
10,583,1,1
11,583,1,2
12,583,2,1
13,583,1,1
14,583,1,1
0,584,2,1
1,584,1,1
2,584,1,1
3,584,2,3
4,584,1,1
5,584,1,1
6,584,1,1
7,584,1,1
8,584,1,3
9,584,1,1
10,584,3,3
11,584,2,2
12,584,2,2
13,584,1,1
14,584,1,1
0,585,3,1
1,585,1,1
2,585,1,1
3,585,0,2
4,585,1,1
5,585,2,2
6,585,1,1
7,585,1,1
8,585,1,1
9,585,1,1
10,585,1,1
11,585,2,2
12,585,2,2
13,585,1,1
14,585,1,1
0,586,3,1
1,586,1,1
2,586,1,1
3,586,0,2
4,586,1,1
5,586,2,2
6,586,1,1
7,586,1,1
8,586,1,1
9,586,1,1
10,586,1,1
11,586,2,2
12,586,2,2
13,586,1,1
14,586,1,1
0,587,1,3
1,587,1,1
2,587,3,1
3,587,3,1
4,587,1,3
5,587,3,1
6,587,1,1
7,587,2,1
8,587,1,3
9,587,1,1
10,587,1,1
11,587,2,2
12,587,2,2
13,587,1,1
14,587,1,1
0,588,2,1
1,588,1,1
2,588,1,1
3,588,2,3
4,588,1,1
5,588,1,1
6,588,1,1
7,588,1,1
8,588,1,3
9,588,1,1
10,588,3,3
11,588,2,2
12,588,2,2
13,588,1,1
14,588,1,1
0,589,3,1
1,589,1,0
2,589,1,1
3,589,0,2
4,589,1,1
5,589,2,2
6,589,1,1
7,589,1,1
8,589,1,1
9,589,1,1
10,589,1,1
11,589,2,2
12,589,2,2
13,589,1,1
14,589,1,1
0,590,2,1
1,590,1,1
2,590,1,1
3,590,2,3
4,590,1,1
5,590,1,1
6,590,1,1
7,590,1,1
8,590,1,3
9,590,1,1
10,590,3,3
11,590,2,2
12,590,2,2
13,590,1,1
14,590,1,1
0,591,2,1
1,591,1,1
2,591,1,1
3,591,2,3
4,591,1,1
5,591,1,1
6,591,1,1
7,591,1,1
8,591,1,3
9,591,1,1
10,591,3,3
11,591,2,2
12,591,2,2
13,591,1,1
14,591,1,1
0,592,1,3
1,592,1,1
2,592,3,1
3,592,3,1
4,592,1,3
5,592,3,1
6,592,1,1
7,592,2,1
8,592,1,3
9,592,1,1
10,592,1,1
11,592,2,2
12,592,2,2
13,592,1,1
14,592,1,1
0,593,2,1
1,593,1,1
2,593,1,1
3,593,2,3
4,593,1,1
5,593,1,1
6,593,1,1
7,593,1,1
8,593,1,3
9,593,1,1
10,593,3,3
11,593,2,2
12,593,2,2
13,593,1,1
14,593,1,1
0,594,3,1
1,594,1,0
2,594,1,1
3,594,0,2
4,594,1,1
5,594,2,2
6,594,1,1
7,594,1,1
8,594,1,1
9,594,1,1
10,594,1,1
11,594,2,2
12,594,2,2
13,594,1,1
14,594,1,1
0,595,2,1
1,595,1,1
2,595,1,1
3,595,2,3
4,595,1,1
5,595,1,1
6,595,1,1
7,595,1,1
8,595,1,1
9,595,1,1
10,595,1,1
11,595,1,2
12,595,2,1
13,595,1,1
14,595,1,1
0,596,3,1
1,596,1,0
2,596,1,1
3,596,0,2
4,596,1,1
5,596,2,2
6,596,1,1
7,596,1,1
8,596,1,1
9,596,1,1
10,596,1,1
11,596,2,2
12,596,2,2
13,596,1,1
14,596,1,1
0,597,2,1
1,597,1,1
2,597,1,1
3,597,2,3
4,597,1,1
5,597,1,1
6,597,1,1
7,597,1,1
8,597,1,3
9,597,1,1
10,597,3,3
11,597,2,2
12,597,2,2
13,597,1,1
14,597,1,1
0,598,3,1
1,598,1,0
2,598,1,1
3,598,0,2
4,598,1,1
5,598,2,2
6,598,1,1
7,598,1,1
8,598,1,1
9,598,1,1
10,598,1,1
11,598,2,2
12,598,2,2
13,598,1,1
14,598,1,1
0,599,2,1
1,599,1,1
2,599,1,1
3,599,2,3
4,599,1,1
5,599,1,1
6,599,1,1
7,599,1,1
8,599,1,1
9,599,1,1
10,599,1,1
11,599,1,2
12,599,2,1
13,599,1,1
14,599,1,1
0,600,2,1
1,600,1,1
2,600,1,1
3,600,2,3
4,600,1,1
5,600,1,1
6,600,1,1
7,600,1,1
8,600,1,1
9,600,1,1
10,600,1,1
11,600,1,2
12,600,2,1
13,600,1,1
14,600,1,1
0,601,2,1
1,601,1,1
2,601,1,1
3,601,2,3
4,601,1,1
5,601,1,1
6,601,1,1
7,601,1,1
8,601,1,3
9,601,1,1
10,601,3,3
11,601,2,2
12,601,2,2
13,601,1,1
14,601,1,1
0,602,2,1
1,602,1,1
2,602,1,1
3,602,2,3
4,602,1,1
5,602,1,1
6,602,1,1
7,602,1,1
8,602,1,3
9,602,1,1
10,602,3,3
11,602,2,2
12,602,2,2
13,602,1,1
14,602,1,1
0,603,3,1
1,603,1,0
2,603,1,1
3,603,0,2
4,603,1,1
5,603,2,2
6,603,1,1
7,603,1,1
8,603,1,1
9,603,1,1
10,603,1,1
11,603,2,2
12,603,2,2
13,603,1,1
14,603,1,1
0,604,2,1
1,604,1,1
2,604,1,1
3,604,2,3
4,604,1,1
5,604,1,1
6,604,1,1
7,604,1,1
8,604,1,3
9,604,1,1
10,604,3,3
11,604,2,2
12,604,2,2
13,604,1,1
14,604,1,1
0,605,1,1
1,605,1,1
2,605,1,1
3,605,1,1
4,605,1,1
5,605,1,1
6,605,1,1
7,605,1,1
8,605,1,1
9,605,1,1
10,605,1,1
11,605,1,1
12,605,1,1
13,605,1,1
14,605,1,1
0,606,2,1
1,606,1,1
2,606,1,1
3,606,2,3
4,606,1,1
5,606,1,1
6,606,1,1
7,606,1,1
8,606,1,3
9,606,1,1
10,606,3,3
11,606,2,2
12,606,2,2
13,606,1,1
14,606,1,1
0,607,3,1
1,607,1,0
2,607,1,1
3,607,0,2
4,607,1,1
5,607,2,2
6,607,1,1
7,607,1,1
8,607,1,1
9,607,1,1
10,607,1,1
11,607,2,2
12,607,2,2
13,607,1,1
14,607,1,1
0,608,2,1
1,608,1,1
2,608,1,1
3,608,2,3
4,608,1,1
5,608,1,1
6,608,1,1
7,608,1,1
8,608,1,3
9,608,1,1
10,608,3,3
11,608,2,2
12,608,2,2
13,608,1,1
14,608,1,1
0,609,3,1
1,609,1,0
2,609,1,1
3,609,0,2
4,609,1,1
5,609,2,2
6,609,1,1
7,609,1,1
8,609,1,1
9,609,1,1
10,609,1,1
11,609,2,2
12,609,2,2
13,609,1,1
14,609,1,1
0,610,1,1
1,610,1,1
2,610,1,1
3,610,1,1
4,610,1,1
5,610,1,1
6,610,1,1
7,610,1,1
8,610,1,1
9,610,1,1
10,610,1,1
11,610,1,1
12,610,1,1
13,610,1,1
14,610,1,1
0,611,2,1
1,611,1,1
2,611,1,1
3,611,2,3
4,611,1,1
5,611,1,1
6,611,1,1
7,611,1,1
8,611,1,1
9,611,1,1
10,611,1,1
11,611,1,2
12,611,2,1
13,611,1,1
14,611,1,1
0,612,2,1
1,612,1,1
2,612,1,1
3,612,2,3
4,612,1,1
5,612,1,1
6,612,1,1
7,612,1,1
8,612,1,3
9,612,1,1
10,612,3,3
11,612,2,2
12,612,2,2
13,612,1,1
14,612,1,1
0,613,2,1
1,613,1,1
2,613,1,1
3,613,2,3
4,613,1,1
5,613,1,1
6,613,1,1
7,613,1,1
8,613,1,1
9,613,1,1
10,613,1,1
11,613,1,2
12,613,2,1
13,613,1,1
14,613,1,1
0,614,3,1
1,614,1,0
2,614,1,1
3,614,0,2
4,614,1,1
5,614,2,2
6,614,1,1
7,614,1,1
8,614,1,1
9,614,1,1
10,614,1,1
11,614,2,2
12,614,2,2
13,614,1,1
14,614,1,1
0,615,3,1
1,615,1,0
2,615,1,1
3,615,0,2
4,615,1,1
5,615,2,2
6,615,1,1
7,615,1,1
8,615,1,1
9,615,1,1
10,615,1,1
11,615,2,2
12,615,2,2
13,615,1,1
14,615,1,1
0,616,1,3
1,616,1,1
2,616,3,1
3,616,3,1
4,616,1,3
5,616,3,1
6,616,1,1
7,616,2,1
8,616,1,3
9,616,1,1
10,616,1,1
11,616,2,2
12,616,2,2
13,616,1,1
14,616,1,1
0,617,2,1
1,617,1,1
2,617,1,1
3,617,2,3
4,617,1,1
5,617,1,1
6,617,1,1
7,617,1,1
8,617,1,1
9,617,1,1
10,617,1,1
11,617,1,2
12,617,2,1
13,617,1,1
14,617,1,1
0,618,2,1
1,618,1,1
2,618,1,1
3,618,2,3
4,618,1,1
5,618,1,1
6,618,1,1
7,618,1,1
8,618,1,1
9,618,1,1
10,618,1,1
11,618,1,2
12,618,2,1
13,618,1,1
14,618,1,1
0,619,3,1
1,619,1,0
2,619,1,1
3,619,0,2
4,619,1,1
5,619,2,2
6,619,1,1
7,619,1,1
8,619,1,1
9,619,1,1
10,619,1,1
11,619,2,2
12,619,2,2
13,619,1,1
14,619,1,1
0,620,2,1
1,620,1,1
2,620,1,1
3,620,2,3
4,620,1,1
5,620,1,1
6,620,1,1
7,620,1,1
8,620,1,1
9,620,1,1
10,620,1,1
11,620,1,2
12,620,2,1
13,620,1,1
14,620,1,1
0,621,2,1
1,621,1,1
2,621,1,1
3,621,2,3
4,621,1,1
5,621,1,1
6,621,1,1
7,621,1,1
8,621,1,3
9,621,1,1
10,621,3,3
11,621,2,2
12,621,2,2
13,621,1,1
14,621,1,1
0,622,1,1
1,622,1,1
2,622,1,1
3,622,1,1
4,622,1,1
5,622,1,1
6,622,1,1
7,622,1,1
8,622,1,1
9,622,1,1
10,622,1,1
11,622,1,1
12,622,1,1
13,622,1,1
14,622,1,1
0,623,2,1
1,623,1,1
2,623,1,1
3,623,2,3
4,623,1,1
5,623,1,1
6,623,1,1
7,623,1,1
8,623,1,1
9,623,1,1
10,623,1,1
11,623,1,2
12,623,2,1
13,623,1,1
14,623,1,1
0,624,3,1
1,624,1,0
2,624,1,1
3,624,0,2
4,624,1,1
5,624,2,2
6,624,1,1
7,624,1,1
8,624,1,1
9,624,1,1
10,624,1,1
11,624,2,2
12,624,2,2
13,624,1,1
14,624,1,1
0,625,3,1
1,625,1,0
2,625,1,1
3,625,0,2
4,625,1,1
5,625,2,2
6,625,1,1
7,625,1,1
8,625,1,1
9,625,1,1
10,625,1,1
11,625,2,2
12,625,2,2
13,625,1,1
14,625,1,1
0,626,3,1
1,626,1,0
2,626,1,1
3,626,0,2
4,626,1,1
5,626,2,2
6,626,1,1
7,626,1,1
8,626,1,1
9,626,1,1
10,626,1,1
11,626,2,2
12,626,2,2
13,626,1,1
14,626,1,1
0,627,2,1
1,627,1,1
2,627,1,1
3,627,2,3
4,627,1,1
5,627,1,1
6,627,1,1
7,627,1,1
8,627,1,3
9,627,1,1
10,627,3,3
11,627,2,2
12,627,2,2
13,627,1,1
14,627,1,1
0,628,3,1
1,628,1,0
2,628,1,1
3,628,0,2
4,628,1,1
5,628,2,2
6,628,1,1
7,628,1,1
8,628,1,1
9,628,1,1
10,628,1,1
11,628,2,2
12,628,2,2
13,628,1,1
14,628,1,1
0,629,3,1
1,629,1,0
2,629,1,1
3,629,0,2
4,629,1,1
5,629,2,2
6,629,1,1
7,629,1,1
8,629,1,1
9,629,1,1
10,629,1,1
11,629,2,2
12,629,2,2
13,629,1,1
14,629,1,1
0,630,2,1
1,630,1,1
2,630,1,1
3,630,2,3
4,630,1,1
5,630,1,1
6,630,1,1
7,630,1,1
8,630,1,3
9,630,1,1
10,630,3,3
11,630,2,2
12,630,2,2
13,630,1,1
14,630,1,1
0,631,1,1
1,631,1,1
2,631,1,1
3,631,1,1
4,631,1,1
5,631,1,1
6,631,1,1
7,631,1,1
8,631,1,1
9,631,1,1
10,631,1,1
11,631,1,1
12,631,1,1
13,631,1,1
14,631,1,1
0,632,3,1
1,632,1,0
2,632,1,1
3,632,0,2
4,632,1,1
5,632,2,2
6,632,1,1
7,632,1,1
8,632,1,1
9,632,1,1
10,632,1,1
11,632,2,2
12,632,2,2
13,632,1,1
14,632,1,1
0,633,3,1
1,633,1,1
2,633,1,1
3,633,0,2
4,633,1,1
5,633,2,2
6,633,1,1
7,633,1,1
8,633,1,1
9,633,1,1
10,633,1,1
11,633,2,2
12,633,2,2
13,633,1,1
14,633,1,1
0,634,2,1
1,634,1,1
2,634,1,1
3,634,2,3
4,634,1,1
5,634,1,1
6,634,1,1
7,634,1,1
8,634,1,3
9,634,1,1
10,634,3,3
11,634,2,2
12,634,2,2
13,634,1,1
14,634,1,1
0,635,2,1
1,635,1,1
2,635,1,1
3,635,2,3
4,635,1,1
5,635,1,1
6,635,1,1
7,635,1,1
8,635,1,1
9,635,1,1
10,635,1,1
11,635,1,2
12,635,2,1
13,635,1,1
14,635,1,1
0,636,2,1
1,636,1,1
2,636,1,1
3,636,2,3
4,636,1,1
5,636,1,1
6,636,1,1
7,636,1,1
8,636,1,3
9,636,1,1
10,636,3,3
11,636,2,2
12,636,2,2
13,636,1,1
14,636,1,1
0,637,2,1
1,637,1,1
2,637,1,1
3,637,2,3
4,637,1,1
5,637,1,1
6,637,1,1
7,637,1,1
8,637,1,3
9,637,1,1
10,637,3,3
11,637,2,2
12,637,2,2
13,637,1,1
14,637,1,1
0,638,2,1
1,638,1,1
2,638,1,1
3,638,2,3
4,638,1,1
5,638,1,1
6,638,1,1
7,638,1,1
8,638,1,1
9,638,1,1
10,638,1,1
11,638,1,2
12,638,2,1
13,638,1,1
14,638,1,1
0,639,2,1
1,639,1,1
2,639,1,1
3,639,2,3
4,639,1,1
5,639,1,1
6,639,1,1
7,639,1,1
8,639,1,3
9,639,1,1
10,639,3,3
11,639,2,2
12,639,2,2
13,639,1,1
14,639,1,1
0,640,2,1
1,640,1,1
2,640,1,1
3,640,2,3
4,640,1,1
5,640,1,1
6,640,1,1
7,640,1,1
8,640,1,3
9,640,1,1
10,640,3,3
11,640,2,2
12,640,2,2
13,640,1,1
14,640,1,1
0,641,2,1
1,641,1,1
2,641,1,1
3,641,2,3
4,641,1,1
5,641,1,1
6,641,1,1
7,641,1,1
8,641,1,1
9,641,1,1
10,641,1,1
11,641,1,2
12,641,2,1
13,641,1,1
14,641,1,1
0,642,2,1
1,642,1,1
2,642,1,1
3,642,2,3
4,642,1,1
5,642,1,1
6,642,1,1
7,642,1,1
8,642,1,3
9,642,1,1
10,642,3,3
11,642,2,2
12,642,2,2
13,642,1,1
14,642,1,1
0,643,2,1
1,643,1,1
2,643,1,1
3,643,2,3
4,643,1,1
5,643,1,1
6,643,1,1
7,643,1,1
8,643,1,1
9,643,1,1
10,643,1,1
11,643,1,2
12,643,2,1
13,643,1,1
14,643,1,1
0,644,2,1
1,644,1,1
2,644,1,1
3,644,2,3
4,644,1,1
5,644,1,1
6,644,1,1
7,644,1,1
8,644,1,3
9,644,1,1
10,644,3,3
11,644,2,2
12,644,2,2
13,644,1,1
14,644,1,1
0,645,2,1
1,645,1,1
2,645,1,1
3,645,2,3
4,645,1,1
5,645,1,1
6,645,1,1
7,645,1,1
8,645,1,1
9,645,1,1
10,645,1,1
11,645,1,2
12,645,2,1
13,645,1,1
14,645,1,1
0,646,3,1
1,646,1,1
2,646,1,1
3,646,0,2
4,646,1,1
5,646,2,2
6,646,1,1
7,646,1,1
8,646,1,1
9,646,1,1
10,646,1,1
11,646,2,2
12,646,2,2
13,646,1,1
14,646,1,1
0,647,1,3
1,647,1,1
2,647,3,1
3,647,3,1
4,647,1,3
5,647,3,1
6,647,1,1
7,647,2,1
8,647,1,3
9,647,1,1
10,647,1,1
11,647,2,2
12,647,2,2
13,647,1,1
14,647,1,1
0,648,2,1
1,648,1,1
2,648,1,1
3,648,2,3
4,648,1,1
5,648,1,1
6,648,1,1
7,648,1,1
8,648,1,3
9,648,1,1
10,648,3,3
11,648,2,2
12,648,2,2
13,648,1,1
14,648,1,1
0,649,2,1
1,649,1,1
2,649,1,1
3,649,2,3
4,649,1,1
5,649,1,1
6,649,1,1
7,649,1,1
8,649,1,1
9,649,1,1
10,649,1,1
11,649,1,2
12,649,2,1
13,649,1,1
14,649,1,1
0,650,3,1
1,650,1,1
2,650,1,1
3,650,0,2
4,650,1,1
5,650,2,2
6,650,1,1
7,650,1,1
8,650,1,1
9,650,1,1
10,650,1,1
11,650,2,2
12,650,2,2
13,650,1,1
14,650,1,1
0,651,2,1
1,651,1,1
2,651,1,1
3,651,2,3
4,651,1,1
5,651,1,1
6,651,1,1
7,651,1,1
8,651,1,3
9,651,1,1
10,651,3,3
11,651,2,2
12,651,2,2
13,651,1,1
14,651,1,1
0,652,3,1
1,652,1,1
2,652,1,1
3,652,0,2
4,652,1,1
5,652,2,2
6,652,1,1
7,652,1,1
8,652,1,1
9,652,1,1
10,652,1,1
11,652,2,2
12,652,2,2
13,652,1,1
14,652,1,1
0,653,2,1
1,653,1,1
2,653,1,1
3,653,2,3
4,653,1,1
5,653,1,1
6,653,1,1
7,653,1,1
8,653,1,3
9,653,1,1
10,653,3,3
11,653,2,2
12,653,2,2
13,653,1,1
14,653,1,1
0,654,2,1
1,654,1,1
2,654,1,1
3,654,2,3
4,654,1,1
5,654,1,1
6,654,1,1
7,654,1,1
8,654,1,3
9,654,1,1
10,654,3,3
11,654,2,2
12,654,2,2
13,654,1,1
14,654,1,1
0,655,1,3
1,655,1,1
2,655,3,1
3,655,3,1
4,655,1,3
5,655,3,1
6,655,1,1
7,655,2,1
8,655,1,3
9,655,1,1
10,655,1,1
11,655,2,2
12,655,2,2
13,655,1,1
14,655,1,1
0,656,2,1
1,656,1,1
2,656,1,1
3,656,2,3
4,656,1,1
5,656,1,1
6,656,1,1
7,656,1,1
8,656,1,1
9,656,1,1
10,656,1,1
11,656,1,2
12,656,2,1
13,656,1,1
14,656,1,1
0,657,2,1
1,657,1,1
2,657,1,1
3,657,2,3
4,657,1,1
5,657,1,1
6,657,1,1
7,657,1,1
8,657,1,3
9,657,1,1
10,657,3,3
11,657,2,2
12,657,2,2
13,657,1,1
14,657,1,1
0,658,2,1
1,658,1,1
2,658,1,1
3,658,2,3
4,658,1,1
5,658,1,1
6,658,1,1
7,658,1,1
8,658,1,1
9,658,1,1
10,658,1,1
11,658,1,2
12,658,2,1
13,658,1,1
14,658,1,1
0,659,2,1
1,659,1,1
2,659,1,1
3,659,2,3
4,659,1,1
5,659,1,1
6,659,1,1
7,659,1,1
8,659,1,1
9,659,1,1
10,659,1,1
11,659,1,2
12,659,2,1
13,659,1,1
14,659,1,1
0,660,2,1
1,660,1,1
2,660,1,1
3,660,2,3
4,660,1,1
5,660,1,1
6,660,1,1
7,660,1,1
8,660,1,3
9,660,1,1
10,660,3,3
11,660,2,2
12,660,2,2
13,660,1,1
14,660,1,1
0,661,2,1
1,661,1,1
2,661,1,1
3,661,2,3
4,661,1,1
5,661,1,1
6,661,1,1
7,661,1,1
8,661,1,3
9,661,1,1
10,661,3,3
11,661,2,2
12,661,2,2
13,661,1,1
14,661,1,1
0,662,3,1
1,662,1,1
2,662,1,1
3,662,0,2
4,662,1,1
5,662,2,2
6,662,1,1
7,662,1,1
8,662,1,1
9,662,1,1
10,662,1,1
11,662,2,2
12,662,2,2
13,662,1,1
14,662,1,1
0,663,2,1
1,663,1,1
2,663,1,1
3,663,2,3
4,663,1,1
5,663,1,1
6,663,1,1
7,663,1,1
8,663,1,1
9,663,1,1
10,663,1,1
11,663,1,2
12,663,2,1
13,663,1,1
14,663,1,1
0,664,2,1
1,664,1,1
2,664,1,1
3,664,2,3
4,664,1,1
5,664,1,1
6,664,1,1
7,664,1,1
8,664,1,1
9,664,1,1
10,664,1,1
11,664,1,2
12,664,2,1
13,664,1,1
14,664,1,1
0,665,3,1
1,665,1,0
2,665,1,1
3,665,0,2
4,665,1,1
5,665,2,2
6,665,1,1
7,665,1,1
8,665,1,1
9,665,1,1
10,665,1,1
11,665,2,2
12,665,2,2
13,665,1,1
14,665,1,1
0,666,2,1
1,666,1,1
2,666,1,1
3,666,2,3
4,666,1,1
5,666,1,1
6,666,1,1
7,666,1,1
8,666,1,1
9,666,1,1
10,666,1,1
11,666,1,2
12,666,2,1
13,666,1,1
14,666,1,1
0,667,3,1
1,667,1,0
2,667,1,1
3,667,0,2
4,667,1,1
5,667,2,2
6,667,1,1
7,667,1,1
8,667,1,1
9,667,1,1
10,667,1,1
11,667,2,2
12,667,2,2
13,667,1,1
14,667,1,1
0,668,2,1
1,668,1,1
2,668,1,1
3,668,2,3
4,668,1,1
5,668,1,1
6,668,1,1
7,668,1,1
8,668,1,1
9,668,1,1
10,668,1,1
11,668,1,2
12,668,2,1
13,668,1,1
14,668,1,1
0,669,2,1
1,669,1,1
2,669,1,1
3,669,2,3
4,669,1,1
5,669,1,1
6,669,1,1
7,669,1,1
8,669,1,3
9,669,1,1
10,669,3,3
11,669,2,2
12,669,2,2
13,669,1,1
14,669,1,1
0,670,3,1
1,670,1,0
2,670,1,1
3,670,0,2
4,670,1,1
5,670,2,2
6,670,1,1
7,670,1,1
8,670,1,1
9,670,1,1
10,670,1,1
11,670,2,2
12,670,2,2
13,670,1,1
14,670,1,1
0,671,2,1
1,671,1,1
2,671,1,1
3,671,2,3
4,671,1,1
5,671,1,1
6,671,1,1
7,671,1,1
8,671,1,1
9,671,1,1
10,671,1,1
11,671,1,2
12,671,2,1
13,671,1,1
14,671,1,1
0,672,2,1
1,672,1,1
2,672,1,1
3,672,2,3
4,672,1,1
5,672,1,1
6,672,1,1
7,672,1,1
8,672,1,1
9,672,1,1
10,672,1,1
11,672,1,2
12,672,2,1
13,672,1,1
14,672,1,1
0,673,2,1
1,673,1,1
2,673,1,1
3,673,2,3
4,673,1,1
5,673,1,1
6,673,1,1
7,673,1,1
8,673,1,1
9,673,1,1
10,673,1,1
11,673,1,2
12,673,2,1
13,673,1,1
14,673,1,1
0,674,2,1
1,674,1,1
2,674,1,1
3,674,2,3
4,674,1,1
5,674,1,1
6,674,1,1
7,674,1,1
8,674,1,1
9,674,1,1
10,674,1,1
11,674,1,2
12,674,2,1
13,674,1,1
14,674,1,1
0,675,2,1
1,675,1,1
2,675,1,1
3,675,2,3
4,675,1,1
5,675,1,1
6,675,1,1
7,675,1,1
8,675,1,3
9,675,1,1
10,675,3,3
11,675,2,2
12,675,2,2
13,675,1,1
14,675,1,1
0,676,3,1
1,676,1,0
2,676,1,1
3,676,0,2
4,676,1,1
5,676,2,2
6,676,1,1
7,676,1,1
8,676,1,1
9,676,1,1
10,676,1,1
11,676,2,2
12,676,2,2
13,676,1,1
14,676,1,1
0,677,1,3
1,677,1,1
2,677,3,1
3,677,3,1
4,677,1,3
5,677,3,1
6,677,1,1
7,677,2,1
8,677,1,3
9,677,1,1
10,677,1,1
11,677,2,2
12,677,2,2
13,677,1,1
14,677,1,1
0,678,2,1
1,678,1,1
2,678,1,1
3,678,2,3
4,678,1,1
5,678,1,1
6,678,1,1
7,678,1,1
8,678,1,3
9,678,1,1
10,678,3,3
11,678,2,2
12,678,2,2
13,678,1,1
14,678,1,1
0,679,2,1
1,679,1,1
2,679,1,1
3,679,2,3
4,679,1,1
5,679,1,1
6,679,1,1
7,679,1,1
8,679,1,1
9,679,1,1
10,679,1,1
11,679,1,2
12,679,2,1
13,679,1,1
14,679,1,1
0,680,2,1
1,680,1,1
2,680,1,1
3,680,2,3
4,680,1,1
5,680,1,1
6,680,1,1
7,680,1,1
8,680,1,3
9,680,1,1
10,680,3,3
11,680,2,2
12,680,2,2
13,680,1,1
14,680,1,1
0,681,1,3
1,681,1,1
2,681,3,1
3,681,3,1
4,681,1,3
5,681,3,1
6,681,1,1
7,681,2,1
8,681,1,3
9,681,1,1
10,681,1,1
11,681,2,2
12,681,2,2
13,681,1,1
14,681,1,1
0,682,2,1
1,682,1,1
2,682,1,1
3,682,2,3
4,682,1,1
5,682,1,1
6,682,1,1
7,682,1,1
8,682,1,3
9,682,1,1
10,682,3,3
11,682,2,2
12,682,2,2
13,682,1,1
14,682,1,1
0,683,2,1
1,683,1,1
2,683,1,1
3,683,2,3
4,683,1,1
5,683,1,1
6,683,1,1
7,683,1,1
8,683,1,3
9,683,1,1
10,683,3,3
11,683,2,2
12,683,2,2
13,683,1,1
14,683,1,1
0,684,3,1
1,684,1,0
2,684,1,1
3,684,0,2
4,684,1,1
5,684,2,2
6,684,1,1
7,684,1,1
8,684,1,1
9,684,1,1
10,684,1,1
11,684,2,2
12,684,2,2
13,684,1,1
14,684,1,1
0,685,3,1
1,685,1,0
2,685,1,1
3,685,0,2
4,685,1,1
5,685,2,2
6,685,1,1
7,685,1,1
8,685,1,1
9,685,1,1
10,685,1,1
11,685,2,2
12,685,2,2
13,685,1,1
14,685,1,1
0,686,2,1
1,686,1,1
2,686,1,1
3,686,2,3
4,686,1,1
5,686,1,1
6,686,1,1
7,686,1,1
8,686,1,3
9,686,1,1
10,686,3,3
11,686,2,2
12,686,2,2
13,686,1,1
14,686,1,1
0,687,3,1
1,687,1,0
2,687,1,1
3,687,0,2
4,687,1,1
5,687,2,2
6,687,1,1
7,687,1,1
8,687,1,1
9,687,1,1
10,687,1,1
11,687,2,2
12,687,2,2
13,687,1,1
14,687,1,1
0,688,1,3
1,688,1,1
2,688,3,1
3,688,3,1
4,688,1,3
5,688,3,1
6,688,1,1
7,688,2,1
8,688,1,3
9,688,1,1
10,688,1,1
11,688,2,2
12,688,2,2
13,688,1,1
14,688,1,1
0,689,2,1
1,689,1,1
2,689,1,1
3,689,2,3
4,689,1,1
5,689,1,1
6,689,1,1
7,689,1,1
8,689,1,1
9,689,1,1
10,689,1,1
11,689,1,2
12,689,2,1
13,689,1,1
14,689,1,1
0,690,2,1
1,690,1,1
2,690,1,1
3,690,2,3
4,690,1,1
5,690,1,1
6,690,1,1
7,690,1,1
8,690,1,3
9,690,1,1
10,690,3,3
11,690,2,2
12,690,2,2
13,690,1,1
14,690,1,1
0,691,2,1
1,691,1,1
2,691,1,1
3,691,2,3
4,691,1,1
5,691,1,1
6,691,1,1
7,691,1,1
8,691,1,1
9,691,1,1
10,691,1,1
11,691,1,2
12,691,2,1
13,691,1,1
14,691,1,1
0,692,2,1
1,692,1,1
2,692,1,1
3,692,2,3
4,692,1,1
5,692,1,1
6,692,1,1
7,692,1,1
8,692,1,3
9,692,1,1
10,692,3,3
11,692,2,2
12,692,2,2
13,692,1,1
14,692,1,1
0,693,1,3
1,693,1,1
2,693,3,1
3,693,3,1
4,693,1,3
5,693,3,1
6,693,1,1
7,693,2,1
8,693,1,3
9,693,1,1
10,693,1,1
11,693,2,2
12,693,2,2
13,693,1,1
14,693,1,1
0,694,2,1
1,694,1,1
2,694,1,1
3,694,2,3
4,694,1,1
5,694,1,1
6,694,1,1
7,694,1,1
8,694,1,1
9,694,1,1
10,694,1,1
11,694,1,2
12,694,2,1
13,694,1,1
14,694,1,1
0,695,3,1
1,695,1,0
2,695,1,1
3,695,0,2
4,695,1,1
5,695,2,2
6,695,1,1
7,695,1,1
8,695,1,1
9,695,1,1
10,695,1,1
11,695,2,2
12,695,2,2
13,695,1,1
14,695,1,1
0,696,2,1
1,696,1,1
2,696,1,1
3,696,2,3
4,696,1,1
5,696,1,1
6,696,1,1
7,696,1,1
8,696,1,3
9,696,1,1
10,696,3,3
11,696,2,2
12,696,2,2
13,696,1,1
14,696,1,1
0,697,3,1
1,697,1,1
2,697,1,1
3,697,0,2
4,697,1,1
5,697,2,2
6,697,1,1
7,697,1,1
8,697,1,1
9,697,1,1
10,697,1,1
11,697,2,2
12,697,2,2
13,697,1,1
14,697,1,1
0,698,2,1
1,698,1,1
2,698,1,1
3,698,2,3
4,698,1,1
5,698,1,1
6,698,1,1
7,698,1,1
8,698,1,1
9,698,1,1
10,698,1,1
11,698,1,2
12,698,2,1
13,698,1,1
14,698,1,1
0,699,1,1
1,699,1,1
2,699,1,1
3,699,1,1
4,699,1,1
5,699,1,1
6,699,1,1
7,699,1,1
8,699,1,1
9,699,1,1
10,699,1,1
11,699,1,1
12,699,1,1
13,699,1,1
14,699,1,1
0,700,2,1
1,700,1,1
2,700,1,1
3,700,2,3
4,700,1,1
5,700,1,1
6,700,1,1
7,700,1,1
8,700,1,3
9,700,1,1
10,700,3,3
11,700,2,2
12,700,2,2
13,700,1,1
14,700,1,1
0,701,2,1
1,701,1,1
2,701,1,1
3,701,2,3
4,701,1,1
5,701,1,1
6,701,1,1
7,701,1,1
8,701,1,3
9,701,1,1
10,701,3,3
11,701,2,2
12,701,2,2
13,701,1,1
14,701,1,1
0,702,2,1
1,702,1,1
2,702,1,1
3,702,2,3
4,702,1,1
5,702,1,1
6,702,1,1
7,702,1,1
8,702,1,3
9,702,1,1
10,702,3,3
11,702,2,2
12,702,2,2
13,702,1,1
14,702,1,1
0,703,2,1
1,703,1,1
2,703,1,1
3,703,2,3
4,703,1,1
5,703,1,1
6,703,1,1
7,703,1,1
8,703,1,3
9,703,1,1
10,703,3,3
11,703,2,2
12,703,2,2
13,703,1,1
14,703,1,1
0,704,2,1
1,704,1,1
2,704,1,1
3,704,2,3
4,704,1,1
5,704,1,1
6,704,1,1
7,704,1,1
8,704,1,3
9,704,1,1
10,704,3,3
11,704,2,2
12,704,2,2
13,704,1,1
14,704,1,1
0,705,3,1
1,705,1,1
2,705,1,1
3,705,0,2
4,705,1,1
5,705,2,2
6,705,1,1
7,705,1,1
8,705,1,1
9,705,1,1
10,705,1,1
11,705,2,2
12,705,2,2
13,705,1,1
14,705,1,1
0,706,2,1
1,706,1,1
2,706,1,1
3,706,2,3
4,706,1,1
5,706,1,1
6,706,1,1
7,706,1,1
8,706,1,3
9,706,1,1
10,706,3,3
11,706,2,2
12,706,2,2
13,706,1,1
14,706,1,1
0,707,1,3
1,707,1,1
2,707,3,1
3,707,3,1
4,707,1,3
5,707,3,1
6,707,1,1
7,707,2,1
8,707,1,3
9,707,1,1
10,707,1,1
11,707,2,2
12,707,2,2
13,707,1,1
14,707,1,1
0,708,2,1
1,708,1,1
2,708,1,1
3,708,2,3
4,708,1,1
5,708,1,1
6,708,1,1
7,708,1,1
8,708,1,3
9,708,1,1
10,708,3,3
11,708,2,2
12,708,2,2
13,708,1,1
14,708,1,1
0,709,3,1
1,709,1,0
2,709,1,1
3,709,0,2
4,709,1,1
5,709,2,2
6,709,1,1
7,709,1,1
8,709,1,1
9,709,1,1
10,709,1,1
11,709,2,2
12,709,2,2
13,709,1,1
14,709,1,1
0,710,3,1
1,710,1,0
2,710,1,1
3,710,0,2
4,710,1,1
5,710,2,2
6,710,1,1
7,710,1,1
8,710,1,1
9,710,1,1
10,710,1,1
11,710,2,2
12,710,2,2
13,710,1,1
14,710,1,1
0,711,3,1
1,711,1,1
2,711,1,1
3,711,0,2
4,711,1,1
5,711,2,2
6,711,1,1
7,711,1,1
8,711,1,1
9,711,1,1
10,711,1,1
11,711,2,2
12,711,2,2
13,711,1,1
14,711,1,1
0,712,2,1
1,712,1,1
2,712,1,1
3,712,2,3
4,712,1,1
5,712,1,1
6,712,1,1
7,712,1,1
8,712,1,1
9,712,1,1
10,712,1,1
11,712,1,2
12,712,2,1
13,712,1,1
14,712,1,1
0,713,2,1
1,713,1,1
2,713,1,1
3,713,2,3
4,713,1,1
5,713,1,1
6,713,1,1
7,713,1,1
8,713,1,3
9,713,1,1
10,713,3,3
11,713,2,2
12,713,2,2
13,713,1,1
14,713,1,1
0,714,3,1
1,714,1,0
2,714,1,1
3,714,0,2
4,714,1,1
5,714,2,2
6,714,1,1
7,714,1,1
8,714,1,1
9,714,1,1
10,714,1,1
11,714,2,2
12,714,2,2
13,714,1,1
14,714,1,1
0,715,2,1
1,715,1,1
2,715,1,1
3,715,2,3
4,715,1,1
5,715,1,1
6,715,1,1
7,715,1,1
8,715,1,3
9,715,1,1
10,715,3,3
11,715,2,2
12,715,2,2
13,715,1,1
14,715,1,1
0,716,1,1
1,716,1,1
2,716,1,1
3,716,1,1
4,716,1,1
5,716,1,1
6,716,1,1
7,716,1,1
8,716,1,1
9,716,1,1
10,716,1,1
11,716,1,1
12,716,1,1
13,716,1,1
14,716,1,1
0,717,2,1
1,717,1,1
2,717,1,1
3,717,2,3
4,717,1,1
5,717,1,1
6,717,1,1
7,717,1,1
8,717,1,1
9,717,1,1
10,717,1,1
11,717,1,2
12,717,2,1
13,717,1,1
14,717,1,1
0,718,3,1
1,718,1,1
2,718,1,1
3,718,0,2
4,718,1,1
5,718,2,2
6,718,1,1
7,718,1,1
8,718,1,1
9,718,1,1
10,718,1,1
11,718,2,2
12,718,2,2
13,718,1,1
14,718,1,1
0,719,2,1
1,719,1,1
2,719,1,1
3,719,2,3
4,719,1,1
5,719,1,1
6,719,1,1
7,719,1,1
8,719,1,1
9,719,1,1
10,719,1,1
11,719,1,2
12,719,2,1
13,719,1,1
14,719,1,1
0,720,2,1
1,720,1,1
2,720,1,1
3,720,2,3
4,720,1,1
5,720,1,1
6,720,1,1
7,720,1,1
8,720,1,3
9,720,1,1
10,720,3,3
11,720,2,2
12,720,2,2
13,720,1,1
14,720,1,1
0,721,2,1
1,721,1,1
2,721,1,1
3,721,2,3
4,721,1,1
5,721,1,1
6,721,1,1
7,721,1,1
8,721,1,3
9,721,1,1
10,721,3,3
11,721,2,2
12,721,2,2
13,721,1,1
14,721,1,1
0,722,3,1
1,722,1,0
2,722,1,1
3,722,0,2
4,722,1,1
5,722,2,2
6,722,1,1
7,722,1,1
8,722,1,1
9,722,1,1
10,722,1,1
11,722,2,2
12,722,2,2
13,722,1,1
14,722,1,1
0,723,1,1
1,723,1,1
2,723,1,1
3,723,1,1
4,723,1,1
5,723,1,1
6,723,1,1
7,723,1,1
8,723,1,1
9,723,1,1
10,723,1,1
11,723,1,1
12,723,1,1
13,723,1,1
14,723,1,1
0,724,2,1
1,724,1,1
2,724,1,1
3,724,2,3
4,724,1,1
5,724,1,1
6,724,1,1
7,724,1,1
8,724,1,3
9,724,1,1
10,724,3,3
11,724,2,2
12,724,2,2
13,724,1,1
14,724,1,1
0,725,3,1
1,725,1,0
2,725,1,1
3,725,0,2
4,725,1,1
5,725,2,2
6,725,1,1
7,725,1,1
8,725,1,1
9,725,1,1
10,725,1,1
11,725,2,2
12,725,2,2
13,725,1,1
14,725,1,1
0,726,1,1
1,726,1,1
2,726,1,1
3,726,1,1
4,726,1,1
5,726,1,1
6,726,1,1
7,726,1,1
8,726,1,1
9,726,1,1
10,726,1,1
11,726,1,1
12,726,1,1
13,726,1,1
14,726,1,1
0,727,3,1
1,727,1,1
2,727,1,1
3,727,0,2
4,727,1,1
5,727,2,2
6,727,1,1
7,727,1,1
8,727,1,1
9,727,1,1
10,727,1,1
11,727,2,2
12,727,2,2
13,727,1,1
14,727,1,1
0,728,2,1
1,728,1,1
2,728,1,1
3,728,2,3
4,728,1,1
5,728,1,1
6,728,1,1
7,728,1,1
8,728,1,1
9,728,1,1
10,728,1,1
11,728,1,2
12,728,2,1
13,728,1,1
14,728,1,1
0,729,2,1
1,729,1,1
2,729,1,1
3,729,2,3
4,729,1,1
5,729,1,1
6,729,1,1
7,729,1,1
8,729,1,1
9,729,1,1
10,729,1,1
11,729,1,2
12,729,2,1
13,729,1,1
14,729,1,1
0,730,2,1
1,730,1,1
2,730,1,1
3,730,2,3
4,730,1,1
5,730,1,1
6,730,1,1
7,730,1,1
8,730,1,1
9,730,1,1
10,730,1,1
11,730,1,2
12,730,2,1
13,730,1,1
14,730,1,1
0,731,2,1
1,731,1,1
2,731,1,1
3,731,2,3
4,731,1,1
5,731,1,1
6,731,1,1
7,731,1,1
8,731,1,3
9,731,1,1
10,731,3,3
11,731,2,2
12,731,2,2
13,731,1,1
14,731,1,1
0,732,2,1
1,732,1,1
2,732,1,1
3,732,2,3
4,732,1,1
5,732,1,1
6,732,1,1
7,732,1,1
8,732,1,1
9,732,1,1
10,732,1,1
11,732,1,2
12,732,2,1
13,732,1,1
14,732,1,1
0,733,1,1
1,733,1,1
2,733,1,1
3,733,1,1
4,733,1,1
5,733,1,1
6,733,1,1
7,733,1,1
8,733,1,1
9,733,1,1
10,733,1,1
11,733,1,1
12,733,1,1
13,733,1,1
14,733,1,1
0,734,2,1
1,734,1,1
2,734,1,1
3,734,2,3
4,734,1,1
5,734,1,1
6,734,1,1
7,734,1,1
8,734,1,3
9,734,1,1
10,734,3,3
11,734,2,2
12,734,2,2
13,734,1,1
14,734,1,1
0,735,2,1
1,735,1,1
2,735,1,1
3,735,2,3
4,735,1,1
5,735,1,1
6,735,1,1
7,735,1,1
8,735,1,3
9,735,1,1
10,735,3,3
11,735,2,2
12,735,2,2
13,735,1,1
14,735,1,1
0,736,2,1
1,736,1,1
2,736,1,1
3,736,2,3
4,736,1,1
5,736,1,1
6,736,1,1
7,736,1,1
8,736,1,1
9,736,1,1
10,736,1,1
11,736,1,2
12,736,2,1
13,736,1,1
14,736,1,1
0,737,2,1
1,737,1,1
2,737,1,1
3,737,2,3
4,737,1,1
5,737,1,1
6,737,1,1
7,737,1,1
8,737,1,1
9,737,1,1
10,737,1,1
11,737,1,2
12,737,2,1
13,737,1,1
14,737,1,1
0,738,2,1
1,738,1,1
2,738,1,1
3,738,2,3
4,738,1,1
5,738,1,1
6,738,1,1
7,738,1,1
8,738,1,3
9,738,1,1
10,738,3,3
11,738,2,2
12,738,2,2
13,738,1,1
14,738,1,1
0,739,3,1
1,739,1,1
2,739,1,1
3,739,0,2
4,739,1,1
5,739,2,2
6,739,1,1
7,739,1,1
8,739,1,1
9,739,1,1
10,739,1,1
11,739,2,2
12,739,2,2
13,739,1,1
14,739,1,1
0,740,2,1
1,740,1,1
2,740,1,1
3,740,2,3
4,740,1,1
5,740,1,1
6,740,1,1
7,740,1,1
8,740,1,1
9,740,1,1
10,740,1,1
11,740,1,2
12,740,2,1
13,740,1,1
14,740,1,1
0,741,2,1
1,741,1,1
2,741,1,1
3,741,2,3
4,741,1,1
5,741,1,1
6,741,1,1
7,741,1,1
8,741,1,3
9,741,1,1
10,741,3,3
11,741,2,2
12,741,2,2
13,741,1,1
14,741,1,1
0,742,2,1
1,742,1,1
2,742,1,1
3,742,2,3
4,742,1,1
5,742,1,1
6,742,1,1
7,742,1,1
8,742,1,3
9,742,1,1
10,742,3,3
11,742,2,2
12,742,2,2
13,742,1,1
14,742,1,1
0,743,3,1
1,743,1,0
2,743,1,1
3,743,0,2
4,743,1,1
5,743,2,2
6,743,1,1
7,743,1,1
8,743,1,1
9,743,1,1
10,743,1,1
11,743,2,2
12,743,2,2
13,743,1,1
14,743,1,1
0,744,2,1
1,744,1,1
2,744,1,1
3,744,2,3
4,744,1,1
5,744,1,1
6,744,1,1
7,744,1,1
8,744,1,3
9,744,1,1
10,744,3,3
11,744,2,2
12,744,2,2
13,744,1,1
14,744,1,1
0,745,1,3
1,745,1,1
2,745,3,1
3,745,3,1
4,745,1,3
5,745,3,1
6,745,1,1
7,745,2,1
8,745,1,3
9,745,1,1
10,745,1,1
11,745,2,2
12,745,2,2
13,745,1,1
14,745,1,1
0,746,3,1
1,746,1,1
2,746,1,1
3,746,0,2
4,746,1,1
5,746,2,2
6,746,1,1
7,746,1,1
8,746,1,1
9,746,1,1
10,746,1,1
11,746,2,2
12,746,2,2
13,746,1,1
14,746,1,1
0,747,3,1
1,747,1,0
2,747,1,1
3,747,0,2
4,747,1,1
5,747,2,2
6,747,1,1
7,747,1,1
8,747,1,1
9,747,1,1
10,747,1,1
11,747,2,2
12,747,2,2
13,747,1,1
14,747,1,1
0,748,1,1
1,748,1,1
2,748,1,1
3,748,1,1
4,748,1,1
5,748,1,1
6,748,1,1
7,748,1,1
8,748,1,1
9,748,1,1
10,748,1,1
11,748,1,1
12,748,1,1
13,748,1,1
14,748,1,1
0,749,2,1
1,749,1,1
2,749,1,1
3,749,2,3
4,749,1,1
5,749,1,1
6,749,1,1
7,749,1,1
8,749,1,1
9,749,1,1
10,749,1,1
11,749,1,2
12,749,2,1
13,749,1,1
14,749,1,1
0,750,2,1
1,750,1,1
2,750,1,1
3,750,2,3
4,750,1,1
5,750,1,1
6,750,1,1
7,750,1,1
8,750,1,3
9,750,1,1
10,750,3,3
11,750,2,2
12,750,2,2
13,750,1,1
14,750,1,1
0,751,2,1
1,751,1,1
2,751,1,1
3,751,2,3
4,751,1,1
5,751,1,1
6,751,1,1
7,751,1,1
8,751,1,3
9,751,1,1
10,751,3,3
11,751,2,2
12,751,2,2
13,751,1,1
14,751,1,1
0,752,3,1
1,752,1,0
2,752,1,1
3,752,0,2
4,752,1,1
5,752,2,2
6,752,1,1
7,752,1,1
8,752,1,1
9,752,1,1
10,752,1,1
11,752,2,2
12,752,2,2
13,752,1,1
14,752,1,1
0,753,2,1
1,753,1,1
2,753,1,1
3,753,2,3
4,753,1,1
5,753,1,1
6,753,1,1
7,753,1,1
8,753,1,3
9,753,1,1
10,753,3,3
11,753,2,2
12,753,2,2
13,753,1,1
14,753,1,1
0,754,2,1
1,754,1,1
2,754,1,1
3,754,2,3
4,754,1,1
5,754,1,1
6,754,1,1
7,754,1,1
8,754,1,3
9,754,1,1
10,754,3,3
11,754,2,2
12,754,2,2
13,754,1,1
14,754,1,1
0,755,2,1
1,755,1,1
2,755,1,1
3,755,2,3
4,755,1,1
5,755,1,1
6,755,1,1
7,755,1,1
8,755,1,1
9,755,1,1
10,755,1,1
11,755,1,2
12,755,2,1
13,755,1,1
14,755,1,1
0,756,2,1
1,756,1,1
2,756,1,1
3,756,2,3
4,756,1,1
5,756,1,1
6,756,1,1
7,756,1,1
8,756,1,1
9,756,1,1
10,756,1,1
11,756,1,2
12,756,2,1
13,756,1,1
14,756,1,1
0,757,1,3
1,757,1,1
2,757,3,1
3,757,3,1
4,757,1,3
5,757,3,1
6,757,1,1
7,757,2,1
8,757,1,3
9,757,1,1
10,757,1,1
11,757,2,2
12,757,2,2
13,757,1,1
14,757,1,1
0,758,2,1
1,758,1,1
2,758,1,1
3,758,2,3
4,758,1,1
5,758,1,1
6,758,1,1
7,758,1,1
8,758,1,3
9,758,1,1
10,758,3,3
11,758,2,2
12,758,2,2
13,758,1,1
14,758,1,1
0,759,2,1
1,759,1,1
2,759,1,1
3,759,2,3
4,759,1,1
5,759,1,1
6,759,1,1
7,759,1,1
8,759,1,3
9,759,1,1
10,759,3,3
11,759,2,2
12,759,2,2
13,759,1,1
14,759,1,1
0,760,2,1
1,760,1,1
2,760,1,1
3,760,2,3
4,760,1,1
5,760,1,1
6,760,1,1
7,760,1,1
8,760,1,3
9,760,1,1
10,760,3,3
11,760,2,2
12,760,2,2
13,760,1,1
14,760,1,1
0,761,2,1
1,761,1,1
2,761,1,1
3,761,2,3
4,761,1,1
5,761,1,1
6,761,1,1
7,761,1,1
8,761,1,3
9,761,1,1
10,761,3,3
11,761,2,2
12,761,2,2
13,761,1,1
14,761,1,1
0,762,2,1
1,762,1,1
2,762,1,1
3,762,2,3
4,762,1,1
5,762,1,1
6,762,1,1
7,762,1,1
8,762,1,1
9,762,1,1
10,762,1,1
11,762,1,2
12,762,2,1
13,762,1,1
14,762,1,1
0,763,3,1
1,763,1,1
2,763,1,1
3,763,0,2
4,763,1,1
5,763,2,2
6,763,1,1
7,763,1,1
8,763,1,1
9,763,1,1
10,763,1,1
11,763,2,2
12,763,2,2
13,763,1,1
14,763,1,1
0,764,2,1
1,764,1,1
2,764,1,1
3,764,2,3
4,764,1,1
5,764,1,1
6,764,1,1
7,764,1,1
8,764,1,3
9,764,1,1
10,764,3,3
11,764,2,2
12,764,2,2
13,764,1,1
14,764,1,1
0,765,2,1
1,765,1,1
2,765,1,1
3,765,2,3
4,765,1,1
5,765,1,1
6,765,1,1
7,765,1,1
8,765,1,1
9,765,1,1
10,765,1,1
11,765,1,2
12,765,2,1
13,765,1,1
14,765,1,1
0,766,3,1
1,766,1,1
2,766,1,1
3,766,0,2
4,766,1,1
5,766,2,2
6,766,1,1
7,766,1,1
8,766,1,1
9,766,1,1
10,766,1,1
11,766,2,2
12,766,2,2
13,766,1,1
14,766,1,1
0,767,3,1
1,767,1,0
2,767,1,1
3,767,0,2
4,767,1,1
5,767,2,2
6,767,1,1
7,767,1,1
8,767,1,1
9,767,1,1
10,767,1,1
11,767,2,2
12,767,2,2
13,767,1,1
14,767,1,1
0,768,3,1
1,768,1,0
2,768,1,1
3,768,0,2
4,768,1,1
5,768,2,2
6,768,1,1
7,768,1,1
8,768,1,1
9,768,1,1
10,768,1,1
11,768,2,2
12,768,2,2
13,768,1,1
14,768,1,1
0,769,2,1
1,769,1,1
2,769,1,1
3,769,2,3
4,769,1,1
5,769,1,1
6,769,1,1
7,769,1,1
8,769,1,3
9,769,1,1
10,769,3,3
11,769,2,2
12,769,2,2
13,769,1,1
14,769,1,1
0,770,3,1
1,770,1,0
2,770,1,1
3,770,0,2
4,770,1,1
5,770,2,2
6,770,1,1
7,770,1,1
8,770,1,1
9,770,1,1
10,770,1,1
11,770,2,2
12,770,2,2
13,770,1,1
14,770,1,1
0,771,2,1
1,771,1,1
2,771,1,1
3,771,2,3
4,771,1,1
5,771,1,1
6,771,1,1
7,771,1,1
8,771,1,1
9,771,1,1
10,771,1,1
11,771,1,2
12,771,2,1
13,771,1,1
14,771,1,1
0,772,2,1
1,772,1,1
2,772,1,1
3,772,2,3
4,772,1,1
5,772,1,1
6,772,1,1
7,772,1,1
8,772,1,3
9,772,1,1
10,772,3,3
11,772,2,2
12,772,2,2
13,772,1,1
14,772,1,1
0,773,2,1
1,773,1,1
2,773,1,1
3,773,2,3
4,773,1,1
5,773,1,1
6,773,1,1
7,773,1,1
8,773,1,3
9,773,1,1
10,773,3,3
11,773,2,2
12,773,2,2
13,773,1,1
14,773,1,1
0,774,2,1
1,774,1,1
2,774,1,1
3,774,2,3
4,774,1,1
5,774,1,1
6,774,1,1
7,774,1,1
8,774,1,1
9,774,1,1
10,774,1,1
11,774,1,2
12,774,2,1
13,774,1,1
14,774,1,1
0,775,2,1
1,775,1,1
2,775,1,1
3,775,2,3
4,775,1,1
5,775,1,1
6,775,1,1
7,775,1,1
8,775,1,1
9,775,1,1
10,775,1,1
11,775,1,2
12,775,2,1
13,775,1,1
14,775,1,1
0,776,2,1
1,776,1,1
2,776,1,1
3,776,2,3
4,776,1,1
5,776,1,1
6,776,1,1
7,776,1,1
8,776,1,1
9,776,1,1
10,776,1,1
11,776,1,2
12,776,2,1
13,776,1,1
14,776,1,1
0,777,1,1
1,777,1,1
2,777,1,1
3,777,1,1
4,777,1,1
5,777,1,1
6,777,1,1
7,777,1,1
8,777,1,1
9,777,1,1
10,777,1,1
11,777,1,1
12,777,1,1
13,777,1,1
14,777,1,1
0,778,2,1
1,778,1,1
2,778,1,1
3,778,2,3
4,778,1,1
5,778,1,1
6,778,1,1
7,778,1,1
8,778,1,1
9,778,1,1
10,778,1,1
11,778,1,2
12,778,2,1
13,778,1,1
14,778,1,1
0,779,3,1
1,779,1,0
2,779,1,1
3,779,0,2
4,779,1,1
5,779,2,2
6,779,1,1
7,779,1,1
8,779,1,1
9,779,1,1
10,779,1,1
11,779,2,2
12,779,2,2
13,779,1,1
14,779,1,1
0,780,2,1
1,780,1,1
2,780,1,1
3,780,2,3
4,780,1,1
5,780,1,1
6,780,1,1
7,780,1,1
8,780,1,3
9,780,1,1
10,780,3,3
11,780,2,2
12,780,2,2
13,780,1,1
14,780,1,1
0,781,1,1
1,781,1,1
2,781,1,1
3,781,1,1
4,781,1,1
5,781,1,1
6,781,1,1
7,781,1,1
8,781,1,1
9,781,1,1
10,781,1,1
11,781,1,1
12,781,1,1
13,781,1,1
14,781,1,1
0,782,3,1
1,782,1,0
2,782,1,1
3,782,0,2
4,782,1,1
5,782,2,2
6,782,1,1
7,782,1,1
8,782,1,1
9,782,1,1
10,782,1,1
11,782,2,2
12,782,2,2
13,782,1,1
14,782,1,1
0,783,1,3
1,783,1,1
2,783,3,1
3,783,3,1
4,783,1,3
5,783,3,1
6,783,1,1
7,783,2,1
8,783,1,3
9,783,1,1
10,783,1,1
11,783,2,2
12,783,2,2
13,783,1,1
14,783,1,1
0,784,3,1
1,784,1,0
2,784,1,1
3,784,0,2
4,784,1,1
5,784,2,2
6,784,1,1
7,784,1,1
8,784,1,1
9,784,1,1
10,784,1,1
11,784,2,2
12,784,2,2
13,784,1,1
14,784,1,1
0,785,2,1
1,785,1,1
2,785,1,1
3,785,2,3
4,785,1,1
5,785,1,1
6,785,1,1
7,785,1,1
8,785,1,3
9,785,1,1
10,785,3,3
11,785,2,2
12,785,2,2
13,785,1,1
14,785,1,1
0,786,1,1
1,786,1,1
2,786,1,1
3,786,1,1
4,786,1,1
5,786,1,1
6,786,1,1
7,786,1,1
8,786,1,1
9,786,1,1
10,786,1,1
11,786,1,1
12,786,1,1
13,786,1,1
14,786,1,1
0,787,3,1
1,787,1,1
2,787,1,1
3,787,0,2
4,787,1,1
5,787,2,2
6,787,1,1
7,787,1,1
8,787,1,1
9,787,1,1
10,787,1,1
11,787,2,2
12,787,2,2
13,787,1,1
14,787,1,1
0,788,3,1
1,788,1,0
2,788,1,1
3,788,0,2
4,788,1,1
5,788,2,2
6,788,1,1
7,788,1,1
8,788,1,1
9,788,1,1
10,788,1,1
11,788,2,2
12,788,2,2
13,788,1,1
14,788,1,1
0,789,2,1
1,789,1,1
2,789,1,1
3,789,2,3
4,789,1,1
5,789,1,1
6,789,1,1
7,789,1,1
8,789,1,1
9,789,1,1
10,789,1,1
11,789,1,2
12,789,2,1
13,789,1,1
14,789,1,1
0,790,2,1
1,790,1,1
2,790,1,1
3,790,2,3
4,790,1,1
5,790,1,1
6,790,1,1
7,790,1,1
8,790,1,3
9,790,1,1
10,790,3,3
11,790,2,2
12,790,2,2
13,790,1,1
14,790,1,1
0,791,3,1
1,791,1,0
2,791,1,1
3,791,0,2
4,791,1,1
5,791,2,2
6,791,1,1
7,791,1,1
8,791,1,1
9,791,1,1
10,791,1,1
11,791,2,2
12,791,2,2
13,791,1,1
14,791,1,1
0,792,2,1
1,792,1,1
2,792,1,1
3,792,2,3
4,792,1,1
5,792,1,1
6,792,1,1
7,792,1,1
8,792,1,1
9,792,1,1
10,792,1,1
11,792,1,2
12,792,2,1
13,792,1,1
14,792,1,1
0,793,2,1
1,793,1,1
2,793,1,1
3,793,2,3
4,793,1,1
5,793,1,1
6,793,1,1
7,793,1,1
8,793,1,1
9,793,1,1
10,793,1,1
11,793,1,2
12,793,2,1
13,793,1,1
14,793,1,1
0,794,2,1
1,794,1,1
2,794,1,1
3,794,2,3
4,794,1,1
5,794,1,1
6,794,1,1
7,794,1,1
8,794,1,1
9,794,1,1
10,794,1,1
11,794,1,2
12,794,2,1
13,794,1,1
14,794,1,1
0,795,3,1
1,795,1,1
2,795,1,1
3,795,0,2
4,795,1,1
5,795,2,2
6,795,1,1
7,795,1,1
8,795,1,1
9,795,1,1
10,795,1,1
11,795,2,2
12,795,2,2
13,795,1,1
14,795,1,1
0,796,2,1
1,796,1,1
2,796,1,1
3,796,2,3
4,796,1,1
5,796,1,1
6,796,1,1
7,796,1,1
8,796,1,3
9,796,1,1
10,796,3,3
11,796,2,2
12,796,2,2
13,796,1,1
14,796,1,1
0,797,3,1
1,797,1,1
2,797,1,1
3,797,0,2
4,797,1,1
5,797,2,2
6,797,1,1
7,797,1,1
8,797,1,1
9,797,1,1
10,797,1,1
11,797,2,2
12,797,2,2
13,797,1,1
14,797,1,1
0,798,2,1
1,798,1,1
2,798,1,1
3,798,2,3
4,798,1,1
5,798,1,1
6,798,1,1
7,798,1,1
8,798,1,1
9,798,1,1
10,798,1,1
11,798,1,2
12,798,2,1
13,798,1,1
14,798,1,1
0,799,3,1
1,799,1,0
2,799,1,1
3,799,0,2
4,799,1,1
5,799,2,2
6,799,1,1
7,799,1,1
8,799,1,1
9,799,1,1
10,799,1,1
11,799,2,2
12,799,2,2
13,799,1,1
14,799,1,1
0,800,1,3
1,800,1,1
2,800,3,1
3,800,3,1
4,800,1,3
5,800,3,1
6,800,1,1
7,800,2,1
8,800,1,3
9,800,1,1
10,800,1,1
11,800,2,2
12,800,2,2
13,800,1,1
14,800,1,1
0,801,2,1
1,801,1,1
2,801,1,1
3,801,2,3
4,801,1,1
5,801,1,1
6,801,1,1
7,801,1,1
8,801,1,3
9,801,1,1
10,801,3,3
11,801,2,2
12,801,2,2
13,801,1,1
14,801,1,1
0,802,2,1
1,802,1,1
2,802,1,1
3,802,2,3
4,802,1,1
5,802,1,1
6,802,1,1
7,802,1,1
8,802,1,3
9,802,1,1
10,802,3,3
11,802,2,2
12,802,2,2
13,802,1,1
14,802,1,1
0,803,2,1
1,803,1,1
2,803,1,1
3,803,2,3
4,803,1,1
5,803,1,1
6,803,1,1
7,803,1,1
8,803,1,3
9,803,1,1
10,803,3,3
11,803,2,2
12,803,2,2
13,803,1,1
14,803,1,1
0,804,1,3
1,804,1,1
2,804,3,1
3,804,3,1
4,804,1,3
5,804,3,1
6,804,1,1
7,804,2,1
8,804,1,3
9,804,1,1
10,804,1,1
11,804,2,2
12,804,2,2
13,804,1,1
14,804,1,1
0,805,1,3
1,805,1,1
2,805,3,1
3,805,3,1
4,805,1,3
5,805,3,1
6,805,1,1
7,805,2,1
8,805,1,3
9,805,1,1
10,805,1,1
11,805,2,2
12,805,2,2
13,805,1,1
14,805,1,1
0,806,2,1
1,806,1,1
2,806,1,1
3,806,2,3
4,806,1,1
5,806,1,1
6,806,1,1
7,806,1,1
8,806,1,1
9,806,1,1
10,806,1,1
11,806,1,2
12,806,2,1
13,806,1,1
14,806,1,1
0,807,1,1
1,807,1,1
2,807,1,1
3,807,1,1
4,807,1,1
5,807,1,1
6,807,1,1
7,807,1,1
8,807,1,1
9,807,1,1
10,807,1,1
11,807,1,1
12,807,1,1
13,807,1,1
14,807,1,1
0,808,2,1
1,808,1,1
2,808,1,1
3,808,2,3
4,808,1,1
5,808,1,1
6,808,1,1
7,808,1,1
8,808,1,3
9,808,1,1
10,808,3,3
11,808,2,2
12,808,2,2
13,808,1,1
14,808,1,1
0,809,1,1
1,809,1,1
2,809,1,1
3,809,1,1
4,809,1,1
5,809,1,1
6,809,1,1
7,809,1,1
8,809,1,1
9,809,1,1
10,809,1,1
11,809,1,1
12,809,1,1
13,809,1,1
14,809,1,1
0,810,3,1
1,810,1,0
2,810,1,1
3,810,0,2
4,810,1,1
5,810,2,2
6,810,1,1
7,810,1,1
8,810,1,1
9,810,1,1
10,810,1,1
11,810,2,2
12,810,2,2
13,810,1,1
14,810,1,1
0,811,2,1
1,811,1,1
2,811,1,1
3,811,2,3
4,811,1,1
5,811,1,1
6,811,1,1
7,811,1,1
8,811,1,3
9,811,1,1
10,811,3,3
11,811,2,2
12,811,2,2
13,811,1,1
14,811,1,1
0,812,1,1
1,812,1,1
2,812,1,1
3,812,1,1
4,812,1,1
5,812,1,1
6,812,1,1
7,812,1,1
8,812,1,1
9,812,1,1
10,812,1,1
11,812,1,1
12,812,1,1
13,812,1,1
14,812,1,1
0,813,2,1
1,813,1,1
2,813,1,1
3,813,2,3
4,813,1,1
5,813,1,1
6,813,1,1
7,813,1,1
8,813,1,1
9,813,1,1
10,813,1,1
11,813,1,2
12,813,2,1
13,813,1,1
14,813,1,1
0,814,2,1
1,814,1,1
2,814,1,1
3,814,2,3
4,814,1,1
5,814,1,1
6,814,1,1
7,814,1,1
8,814,1,3
9,814,1,1
10,814,3,3
11,814,2,2
12,814,2,2
13,814,1,1
14,814,1,1
0,815,2,1
1,815,1,1
2,815,1,1
3,815,2,3
4,815,1,1
5,815,1,1
6,815,1,1
7,815,1,1
8,815,1,3
9,815,1,1
10,815,3,3
11,815,2,2
12,815,2,2
13,815,1,1
14,815,1,1
0,816,3,1
1,816,1,0
2,816,1,1
3,816,0,2
4,816,1,1
5,816,2,2
6,816,1,1
7,816,1,1
8,816,1,1
9,816,1,1
10,816,1,1
11,816,2,2
12,816,2,2
13,816,1,1
14,816,1,1
0,817,2,1
1,817,1,1
2,817,1,1
3,817,2,3
4,817,1,1
5,817,1,1
6,817,1,1
7,817,1,1
8,817,1,3
9,817,1,1
10,817,3,3
11,817,2,2
12,817,2,2
13,817,1,1
14,817,1,1
0,818,3,1
1,818,1,1
2,818,1,1
3,818,0,2
4,818,1,1
5,818,2,2
6,818,1,1
7,818,1,1
8,818,1,1
9,818,1,1
10,818,1,1
11,818,2,2
12,818,2,2
13,818,1,1
14,818,1,1
0,819,3,1
1,819,1,0
2,819,1,1
3,819,0,2
4,819,1,1
5,819,2,2
6,819,1,1
7,819,1,1
8,819,1,1
9,819,1,1
10,819,1,1
11,819,2,2
12,819,2,2
13,819,1,1
14,819,1,1
0,820,1,3
1,820,1,1
2,820,3,1
3,820,3,1
4,820,1,3
5,820,3,1
6,820,1,1
7,820,2,1
8,820,1,3
9,820,1,1
10,820,1,1
11,820,2,2
12,820,2,2
13,820,1,1
14,820,1,1
0,821,3,1
1,821,1,1
2,821,1,1
3,821,0,2
4,821,1,1
5,821,2,2
6,821,1,1
7,821,1,1
8,821,1,1
9,821,1,1
10,821,1,1
11,821,2,2
12,821,2,2
13,821,1,1
14,821,1,1
0,822,2,1
1,822,1,1
2,822,1,1
3,822,2,3
4,822,1,1
5,822,1,1
6,822,1,1
7,822,1,1
8,822,1,3
9,822,1,1
10,822,3,3
11,822,2,2
12,822,2,2
13,822,1,1
14,822,1,1
0,823,1,1
1,823,1,1
2,823,1,1
3,823,1,1
4,823,1,1
5,823,1,1
6,823,1,1
7,823,1,1
8,823,1,1
9,823,1,1
10,823,1,1
11,823,1,1
12,823,1,1
13,823,1,1
14,823,1,1
0,824,2,1
1,824,1,1
2,824,1,1
3,824,2,3
4,824,1,1
5,824,1,1
6,824,1,1
7,824,1,1
8,824,1,1
9,824,1,1
10,824,1,1
11,824,1,2
12,824,2,1
13,824,1,1
14,824,1,1
0,825,2,1
1,825,1,1
2,825,1,1
3,825,2,3
4,825,1,1
5,825,1,1
6,825,1,1
7,825,1,1
8,825,1,3
9,825,1,1
10,825,3,3
11,825,2,2
12,825,2,2
13,825,1,1
14,825,1,1
0,826,1,1
1,826,1,1
2,826,1,1
3,826,1,1
4,826,1,1
5,826,1,1
6,826,1,1
7,826,1,1
8,826,1,1
9,826,1,1
10,826,1,1
11,826,1,1
12,826,1,1
13,826,1,1
14,826,1,1
0,827,2,1
1,827,1,1
2,827,1,1
3,827,2,3
4,827,1,1
5,827,1,1
6,827,1,1
7,827,1,1
8,827,1,3
9,827,1,1
10,827,3,3
11,827,2,2
12,827,2,2
13,827,1,1
14,827,1,1
0,828,3,1
1,828,1,0
2,828,1,1
3,828,0,2
4,828,1,1
5,828,2,2
6,828,1,1
7,828,1,1
8,828,1,1
9,828,1,1
10,828,1,1
11,828,2,2
12,828,2,2
13,828,1,1
14,828,1,1
0,829,2,1
1,829,1,1
2,829,1,1
3,829,2,3
4,829,1,1
5,829,1,1
6,829,1,1
7,829,1,1
8,829,1,3
9,829,1,1
10,829,3,3
11,829,2,2
12,829,2,2
13,829,1,1
14,829,1,1
0,830,2,1
1,830,1,1
2,830,1,1
3,830,2,3
4,830,1,1
5,830,1,1
6,830,1,1
7,830,1,1
8,830,1,3
9,830,1,1
10,830,3,3
11,830,2,2
12,830,2,2
13,830,1,1
14,830,1,1
0,831,2,1
1,831,1,1
2,831,1,1
3,831,2,3
4,831,1,1
5,831,1,1
6,831,1,1
7,831,1,1
8,831,1,3
9,831,1,1
10,831,3,3
11,831,2,2
12,831,2,2
13,831,1,1
14,831,1,1
0,832,1,1
1,832,1,1
2,832,1,1
3,832,1,1
4,832,1,1
5,832,1,1
6,832,1,1
7,832,1,1
8,832,1,1
9,832,1,1
10,832,1,1
11,832,1,1
12,832,1,1
13,832,1,1
14,832,1,1
0,833,1,1
1,833,1,1
2,833,1,1
3,833,1,1
4,833,1,1
5,833,1,1
6,833,1,1
7,833,1,1
8,833,1,1
9,833,1,1
10,833,1,1
11,833,1,1
12,833,1,1
13,833,1,1
14,833,1,1
0,834,1,3
1,834,1,1
2,834,3,1
3,834,3,1
4,834,1,3
5,834,3,1
6,834,1,1
7,834,2,1
8,834,1,3
9,834,1,1
10,834,1,1
11,834,2,2
12,834,2,2
13,834,1,1
14,834,1,1
0,835,3,1
1,835,1,0
2,835,1,1
3,835,0,2
4,835,1,1
5,835,2,2
6,835,1,1
7,835,1,1
8,835,1,1
9,835,1,1
10,835,1,1
11,835,2,2
12,835,2,2
13,835,1,1
14,835,1,1
0,836,2,1
1,836,1,1
2,836,1,1
3,836,2,3
4,836,1,1
5,836,1,1
6,836,1,1
7,836,1,1
8,836,1,3
9,836,1,1
10,836,3,3
11,836,2,2
12,836,2,2
13,836,1,1
14,836,1,1
0,837,2,1
1,837,1,1
2,837,1,1
3,837,2,3
4,837,1,1
5,837,1,1
6,837,1,1
7,837,1,1
8,837,1,1
9,837,1,1
10,837,1,1
11,837,1,2
12,837,2,1
13,837,1,1
14,837,1,1
0,838,2,1
1,838,1,1
2,838,1,1
3,838,2,3
4,838,1,1
5,838,1,1
6,838,1,1
7,838,1,1
8,838,1,3
9,838,1,1
10,838,3,3
11,838,2,2
12,838,2,2
13,838,1,1
14,838,1,1
0,839,2,1
1,839,1,1
2,839,1,1
3,839,2,3
4,839,1,1
5,839,1,1
6,839,1,1
7,839,1,1
8,839,1,3
9,839,1,1
10,839,3,3
11,839,2,2
12,839,2,2
13,839,1,1
14,839,1,1
0,840,2,1
1,840,1,1
2,840,1,1
3,840,2,3
4,840,1,1
5,840,1,1
6,840,1,1
7,840,1,1
8,840,1,3
9,840,1,1
10,840,3,3
11,840,2,2
12,840,2,2
13,840,1,1
14,840,1,1
0,841,3,1
1,841,1,0
2,841,1,1
3,841,0,2
4,841,1,1
5,841,2,2
6,841,1,1
7,841,1,1
8,841,1,1
9,841,1,1
10,841,1,1
11,841,2,2
12,841,2,2
13,841,1,1
14,841,1,1
0,842,2,1
1,842,1,1
2,842,1,1
3,842,2,3
4,842,1,1
5,842,1,1
6,842,1,1
7,842,1,1
8,842,1,3
9,842,1,1
10,842,3,3
11,842,2,2
12,842,2,2
13,842,1,1
14,842,1,1
0,843,2,1
1,843,1,1
2,843,1,1
3,843,2,3
4,843,1,1
5,843,1,1
6,843,1,1
7,843,1,1
8,843,1,3
9,843,1,1
10,843,3,3
11,843,2,2
12,843,2,2
13,843,1,1
14,843,1,1
0,844,1,3
1,844,1,1
2,844,3,1
3,844,3,1
4,844,1,3
5,844,3,1
6,844,1,1
7,844,2,1
8,844,1,3
9,844,1,1
10,844,1,1
11,844,2,2
12,844,2,2
13,844,1,1
14,844,1,1
0,845,2,1
1,845,1,1
2,845,1,1
3,845,2,3
4,845,1,1
5,845,1,1
6,845,1,1
7,845,1,1
8,845,1,3
9,845,1,1
10,845,3,3
11,845,2,2
12,845,2,2
13,845,1,1
14,845,1,1
0,846,2,1
1,846,1,1
2,846,1,1
3,846,2,3
4,846,1,1
5,846,1,1
6,846,1,1
7,846,1,1
8,846,1,3
9,846,1,1
10,846,3,3
11,846,2,2
12,846,2,2
13,846,1,1
14,846,1,1
0,847,3,1
1,847,1,1
2,847,1,1
3,847,0,2
4,847,1,1
5,847,2,2
6,847,1,1
7,847,1,1
8,847,1,1
9,847,1,1
10,847,1,1
11,847,2,2
12,847,2,2
13,847,1,1
14,847,1,1
0,848,2,1
1,848,1,1
2,848,1,1
3,848,2,3
4,848,1,1
5,848,1,1
6,848,1,1
7,848,1,1
8,848,1,3
9,848,1,1
10,848,3,3
11,848,2,2
12,848,2,2
13,848,1,1
14,848,1,1
0,849,1,3
1,849,1,1
2,849,3,1
3,849,3,1
4,849,1,3
5,849,3,1
6,849,1,1
7,849,2,1
8,849,1,3
9,849,1,1
10,849,1,1
11,849,2,2
12,849,2,2
13,849,1,1
14,849,1,1
0,850,3,1
1,850,1,0
2,850,1,1
3,850,0,2
4,850,1,1
5,850,2,2
6,850,1,1
7,850,1,1
8,850,1,1
9,850,1,1
10,850,1,1
11,850,2,2
12,850,2,2
13,850,1,1
14,850,1,1
0,851,2,1
1,851,1,1
2,851,1,1
3,851,2,3
4,851,1,1
5,851,1,1
6,851,1,1
7,851,1,1
8,851,1,1
9,851,1,1
10,851,1,1
11,851,1,2
12,851,2,1
13,851,1,1
14,851,1,1
0,852,3,1
1,852,1,1
2,852,1,1
3,852,0,2
4,852,1,1
5,852,2,2
6,852,1,1
7,852,1,1
8,852,1,1
9,852,1,1
10,852,1,1
11,852,2,2
12,852,2,2
13,852,1,1
14,852,1,1
0,853,1,1
1,853,1,1
2,853,1,1
3,853,1,1
4,853,1,1
5,853,1,1
6,853,1,1
7,853,1,1
8,853,1,1
9,853,1,1
10,853,1,1
11,853,1,1
12,853,1,1
13,853,1,1
14,853,1,1
0,854,2,1
1,854,1,1
2,854,1,1
3,854,2,3
4,854,1,1
5,854,1,1
6,854,1,1
7,854,1,1
8,854,1,3
9,854,1,1
10,854,3,3
11,854,2,2
12,854,2,2
13,854,1,1
14,854,1,1
0,855,2,1
1,855,1,1
2,855,1,1
3,855,2,3
4,855,1,1
5,855,1,1
6,855,1,1
7,855,1,1
8,855,1,3
9,855,1,1
10,855,3,3
11,855,2,2
12,855,2,2
13,855,1,1
14,855,1,1
0,856,2,1
1,856,1,1
2,856,1,1
3,856,2,3
4,856,1,1
5,856,1,1
6,856,1,1
7,856,1,1
8,856,1,3
9,856,1,1
10,856,3,3
11,856,2,2
12,856,2,2
13,856,1,1
14,856,1,1
0,857,2,1
1,857,1,1
2,857,1,1
3,857,2,3
4,857,1,1
5,857,1,1
6,857,1,1
7,857,1,1
8,857,1,3
9,857,1,1
10,857,3,3
11,857,2,2
12,857,2,2
13,857,1,1
14,857,1,1
0,858,2,1
1,858,1,1
2,858,1,1
3,858,2,3
4,858,1,1
5,858,1,1
6,858,1,1
7,858,1,1
8,858,1,1
9,858,1,1
10,858,1,1
11,858,1,2
12,858,2,1
13,858,1,1
14,858,1,1
0,859,1,1
1,859,1,1
2,859,1,1
3,859,1,1
4,859,1,1
5,859,1,1
6,859,1,1
7,859,1,1
8,859,1,1
9,859,1,1
10,859,1,1
11,859,1,1
12,859,1,1
13,859,1,1
14,859,1,1
0,860,1,1
1,860,1,1
2,860,1,1
3,860,1,1
4,860,1,1
5,860,1,1
6,860,1,1
7,860,1,1
8,860,1,1
9,860,1,1
10,860,1,1
11,860,1,1
12,860,1,1
13,860,1,1
14,860,1,1
0,861,2,1
1,861,1,1
2,861,1,1
3,861,2,3
4,861,1,1
5,861,1,1
6,861,1,1
7,861,1,1
8,861,1,3
9,861,1,1
10,861,3,3
11,861,2,2
12,861,2,2
13,861,1,1
14,861,1,1
0,862,2,1
1,862,1,1
2,862,1,1
3,862,2,3
4,862,1,1
5,862,1,1
6,862,1,1
7,862,1,1
8,862,1,1
9,862,1,1
10,862,1,1
11,862,1,2
12,862,2,1
13,862,1,1
14,862,1,1
0,863,1,1
1,863,1,1
2,863,1,1
3,863,1,1
4,863,1,1
5,863,1,1
6,863,1,1
7,863,1,1
8,863,1,1
9,863,1,1
10,863,1,1
11,863,1,1
12,863,1,1
13,863,1,1
14,863,1,1
0,864,2,1
1,864,1,1
2,864,1,1
3,864,2,3
4,864,1,1
5,864,1,1
6,864,1,1
7,864,1,1
8,864,1,1
9,864,1,1
10,864,1,1
11,864,1,2
12,864,2,1
13,864,1,1
14,864,1,1
0,865,2,1
1,865,1,1
2,865,1,1
3,865,2,3
4,865,1,1
5,865,1,1
6,865,1,1
7,865,1,1
8,865,1,1
9,865,1,1
10,865,1,1
11,865,1,2
12,865,2,1
13,865,1,1
14,865,1,1
0,866,2,1
1,866,1,1
2,866,1,1
3,866,2,3
4,866,1,1
5,866,1,1
6,866,1,1
7,866,1,1
8,866,1,3
9,866,1,1
10,866,3,3
11,866,2,2
12,866,2,2
13,866,1,1
14,866,1,1
0,867,2,1
1,867,1,1
2,867,1,1
3,867,2,3
4,867,1,1
5,867,1,1
6,867,1,1
7,867,1,1
8,867,1,3
9,867,1,1
10,867,3,3
11,867,2,2
12,867,2,2
13,867,1,1
14,867,1,1
0,868,2,1
1,868,1,1
2,868,1,1
3,868,2,3
4,868,1,1
5,868,1,1
6,868,1,1
7,868,1,1
8,868,1,3
9,868,1,1
10,868,3,3
11,868,2,2
12,868,2,2
13,868,1,1
14,868,1,1
0,869,3,1
1,869,1,0
2,869,1,1
3,869,0,2
4,869,1,1
5,869,2,2
6,869,1,1
7,869,1,1
8,869,1,1
9,869,1,1
10,869,1,1
11,869,2,2
12,869,2,2
13,869,1,1
14,869,1,1
0,870,1,1
1,870,1,1
2,870,1,1
3,870,1,1
4,870,1,1
5,870,1,1
6,870,1,1
7,870,1,1
8,870,1,1
9,870,1,1
10,870,1,1
11,870,1,1
12,870,1,1
13,870,1,1
14,870,1,1
0,871,2,1
1,871,1,1
2,871,1,1
3,871,2,3
4,871,1,1
5,871,1,1
6,871,1,1
7,871,1,1
8,871,1,3
9,871,1,1
10,871,3,3
11,871,2,2
12,871,2,2
13,871,1,1
14,871,1,1
0,872,3,1
1,872,1,1
2,872,1,1
3,872,0,2
4,872,1,1
5,872,2,2
6,872,1,1
7,872,1,1
8,872,1,1
9,872,1,1
10,872,1,1
11,872,2,2
12,872,2,2
13,872,1,1
14,872,1,1
0,873,3,1
1,873,1,0
2,873,1,1
3,873,0,2
4,873,1,1
5,873,2,2
6,873,1,1
7,873,1,1
8,873,1,1
9,873,1,1
10,873,1,1
11,873,2,2
12,873,2,2
13,873,1,1
14,873,1,1
0,874,2,1
1,874,1,1
2,874,1,1
3,874,2,3
4,874,1,1
5,874,1,1
6,874,1,1
7,874,1,1
8,874,1,3
9,874,1,1
10,874,3,3
11,874,2,2
12,874,2,2
13,874,1,1
14,874,1,1
0,875,2,1
1,875,1,1
2,875,1,1
3,875,2,3
4,875,1,1
5,875,1,1
6,875,1,1
7,875,1,1
8,875,1,3
9,875,1,1
10,875,3,3
11,875,2,2
12,875,2,2
13,875,1,1
14,875,1,1
0,876,1,1
1,876,1,1
2,876,1,1
3,876,1,1
4,876,1,1
5,876,1,1
6,876,1,1
7,876,1,1
8,876,1,1
9,876,1,1
10,876,1,1
11,876,1,1
12,876,1,1
13,876,1,1
14,876,1,1
0,877,2,1
1,877,1,1
2,877,1,1
3,877,2,3
4,877,1,1
5,877,1,1
6,877,1,1
7,877,1,1
8,877,1,1
9,877,1,1
10,877,1,1
11,877,1,2
12,877,2,1
13,877,1,1
14,877,1,1
0,878,1,1
1,878,1,1
2,878,1,1
3,878,1,1
4,878,1,1
5,878,1,1
6,878,1,1
7,878,1,1
8,878,1,1
9,878,1,1
10,878,1,1
11,878,1,1
12,878,1,1
13,878,1,1
14,878,1,1
0,879,1,3
1,879,1,1
2,879,3,1
3,879,3,1
4,879,1,3
5,879,3,1
6,879,1,1
7,879,2,1
8,879,1,3
9,879,1,1
10,879,1,1
11,879,2,2
12,879,2,2
13,879,1,1
14,879,1,1
0,880,1,3
1,880,1,1
2,880,3,1
3,880,3,1
4,880,1,3
5,880,3,1
6,880,1,1
7,880,2,1
8,880,1,3
9,880,1,1
10,880,1,1
11,880,2,2
12,880,2,2
13,880,1,1
14,880,1,1
0,881,3,1
1,881,1,0
2,881,1,1
3,881,0,2
4,881,1,1
5,881,2,2
6,881,1,1
7,881,1,1
8,881,1,1
9,881,1,1
10,881,1,1
11,881,2,2
12,881,2,2
13,881,1,1
14,881,1,1
0,882,1,1
1,882,1,1
2,882,1,1
3,882,1,1
4,882,1,1
5,882,1,1
6,882,1,1
7,882,1,1
8,882,1,1
9,882,1,1
10,882,1,1
11,882,1,1
12,882,1,1
13,882,1,1
14,882,1,1
0,883,2,1
1,883,1,1
2,883,1,1
3,883,2,3
4,883,1,1
5,883,1,1
6,883,1,1
7,883,1,1
8,883,1,3
9,883,1,1
10,883,3,3
11,883,2,2
12,883,2,2
13,883,1,1
14,883,1,1
0,884,2,1
1,884,1,1
2,884,1,1
3,884,2,3
4,884,1,1
5,884,1,1
6,884,1,1
7,884,1,1
8,884,1,3
9,884,1,1
10,884,3,3
11,884,2,2
12,884,2,2
13,884,1,1
14,884,1,1
0,885,2,1
1,885,1,1
2,885,1,1
3,885,2,3
4,885,1,1
5,885,1,1
6,885,1,1
7,885,1,1
8,885,1,1
9,885,1,1
10,885,1,1
11,885,1,2
12,885,2,1
13,885,1,1
14,885,1,1
0,886,2,1
1,886,1,1
2,886,1,1
3,886,2,3
4,886,1,1
5,886,1,1
6,886,1,1
7,886,1,1
8,886,1,3
9,886,1,1
10,886,3,3
11,886,2,2
12,886,2,2
13,886,1,1
14,886,1,1
0,887,2,1
1,887,1,1
2,887,1,1
3,887,2,3
4,887,1,1
5,887,1,1
6,887,1,1
7,887,1,1
8,887,1,3
9,887,1,1
10,887,3,3
11,887,2,2
12,887,2,2
13,887,1,1
14,887,1,1
0,888,2,1
1,888,1,1
2,888,1,1
3,888,2,3
4,888,1,1
5,888,1,1
6,888,1,1
7,888,1,1
8,888,1,1
9,888,1,1
10,888,1,1
11,888,1,2
12,888,2,1
13,888,1,1
14,888,1,1
0,889,2,1
1,889,1,1
2,889,1,1
3,889,2,3
4,889,1,1
5,889,1,1
6,889,1,1
7,889,1,1
8,889,1,1
9,889,1,1
10,889,1,1
11,889,1,2
12,889,2,1
13,889,1,1
14,889,1,1
0,890,2,1
1,890,1,1
2,890,1,1
3,890,2,3
4,890,1,1
5,890,1,1
6,890,1,1
7,890,1,1
8,890,1,3
9,890,1,1
10,890,3,3
11,890,2,2
12,890,2,2
13,890,1,1
14,890,1,1
0,891,2,1
1,891,1,1
2,891,1,1
3,891,2,3
4,891,1,1
5,891,1,1
6,891,1,1
7,891,1,1
8,891,1,3
9,891,1,1
10,891,3,3
11,891,2,2
12,891,2,2
13,891,1,1
14,891,1,1
0,892,2,1
1,892,1,1
2,892,1,1
3,892,2,3
4,892,1,1
5,892,1,1
6,892,1,1
7,892,1,1
8,892,1,3
9,892,1,1
10,892,3,3
11,892,2,2
12,892,2,2
13,892,1,1
14,892,1,1
0,893,1,3
1,893,1,1
2,893,3,1
3,893,3,1
4,893,1,3
5,893,3,1
6,893,1,1
7,893,2,1
8,893,1,3
9,893,1,1
10,893,1,1
11,893,2,2
12,893,2,2
13,893,1,1
14,893,1,1
0,894,1,3
1,894,1,1
2,894,3,1
3,894,3,1
4,894,1,3
5,894,3,1
6,894,1,1
7,894,2,1
8,894,1,3
9,894,1,1
10,894,1,1
11,894,2,2
12,894,2,2
13,894,1,1
14,894,1,1
0,895,1,3
1,895,1,1
2,895,3,1
3,895,3,1
4,895,1,3
5,895,3,1
6,895,1,1
7,895,2,1
8,895,1,3
9,895,1,1
10,895,1,1
11,895,2,2
12,895,2,2
13,895,1,1
14,895,1,1
0,896,2,1
1,896,1,1
2,896,1,1
3,896,2,3
4,896,1,1
5,896,1,1
6,896,1,1
7,896,1,1
8,896,1,3
9,896,1,1
10,896,3,3
11,896,2,2
12,896,2,2
13,896,1,1
14,896,1,1
0,897,2,1
1,897,1,1
2,897,1,1
3,897,2,3
4,897,1,1
5,897,1,1
6,897,1,1
7,897,1,1
8,897,1,1
9,897,1,1
10,897,1,1
11,897,1,2
12,897,2,1
13,897,1,1
14,897,1,1
0,898,3,1
1,898,1,0
2,898,1,1
3,898,0,2
4,898,1,1
5,898,2,2
6,898,1,1
7,898,1,1
8,898,1,1
9,898,1,1
10,898,1,1
11,898,2,2
12,898,2,2
13,898,1,1
14,898,1,1
0,899,2,1
1,899,1,1
2,899,1,1
3,899,2,3
4,899,1,1
5,899,1,1
6,899,1,1
7,899,1,1
8,899,1,1
9,899,1,1
10,899,1,1
11,899,1,2
12,899,2,1
13,899,1,1
14,899,1,1
0,900,2,1
1,900,1,1
2,900,1,1
3,900,2,3
4,900,1,1
5,900,1,1
6,900,1,1
7,900,1,1
8,900,1,3
9,900,1,1
10,900,3,3
11,900,2,2
12,900,2,2
13,900,1,1
14,900,1,1
0,901,3,1
1,901,1,0
2,901,1,1
3,901,0,2
4,901,1,1
5,901,2,2
6,901,1,1
7,901,1,1
8,901,1,1
9,901,1,1
10,901,1,1
11,901,2,2
12,901,2,2
13,901,1,1
14,901,1,1
0,902,3,1
1,902,1,0
2,902,1,1
3,902,0,2
4,902,1,1
5,902,2,2
6,902,1,1
7,902,1,1
8,902,1,1
9,902,1,1
10,902,1,1
11,902,2,2
12,902,2,2
13,902,1,1
14,902,1,1
0,903,1,1
1,903,1,1
2,903,1,1
3,903,1,1
4,903,1,1
5,903,1,1
6,903,1,1
7,903,1,1
8,903,1,1
9,903,1,1
10,903,1,1
11,903,1,1
12,903,1,1
13,903,1,1
14,903,1,1
0,904,3,1
1,904,1,0
2,904,1,1
3,904,0,2
4,904,1,1
5,904,2,2
6,904,1,1
7,904,1,1
8,904,1,1
9,904,1,1
10,904,1,1
11,904,2,2
12,904,2,2
13,904,1,1
14,904,1,1
0,905,2,1
1,905,1,1
2,905,1,1
3,905,2,3
4,905,1,1
5,905,1,1
6,905,1,1
7,905,1,1
8,905,1,3
9,905,1,1
10,905,3,3
11,905,2,2
12,905,2,2
13,905,1,1
14,905,1,1
0,906,3,1
1,906,1,0
2,906,1,1
3,906,0,2
4,906,1,1
5,906,2,2
6,906,1,1
7,906,1,1
8,906,1,1
9,906,1,1
10,906,1,1
11,906,2,2
12,906,2,2
13,906,1,1
14,906,1,1
0,907,1,1
1,907,1,1
2,907,1,1
3,907,1,1
4,907,1,1
5,907,1,1
6,907,1,1
7,907,1,1
8,907,1,1
9,907,1,1
10,907,1,1
11,907,1,1
12,907,1,1
13,907,1,1
14,907,1,1
0,908,2,1
1,908,1,1
2,908,1,1
3,908,2,3
4,908,1,1
5,908,1,1
6,908,1,1
7,908,1,1
8,908,1,3
9,908,1,1
10,908,3,3
11,908,2,2
12,908,2,2
13,908,1,1
14,908,1,1
0,909,3,1
1,909,1,0
2,909,1,1
3,909,0,2
4,909,1,1
5,909,2,2
6,909,1,1
7,909,1,1
8,909,1,1
9,909,1,1
10,909,1,1
11,909,2,2
12,909,2,2
13,909,1,1
14,909,1,1
0,910,1,1
1,910,1,1
2,910,1,1
3,910,1,1
4,910,1,1
5,910,1,1
6,910,1,1
7,910,1,1
8,910,1,1
9,910,1,1
10,910,1,1
11,910,1,1
12,910,1,1
13,910,1,1
14,910,1,1
0,911,1,1
1,911,1,1
2,911,1,1
3,911,1,1
4,911,1,1
5,911,1,1
6,911,1,1
7,911,1,1
8,911,1,1
9,911,1,1
10,911,1,1
11,911,1,1
12,911,1,1
13,911,1,1
14,911,1,1
0,912,2,1
1,912,1,1
2,912,1,1
3,912,2,3
4,912,1,1
5,912,1,1
6,912,1,1
7,912,1,1
8,912,1,1
9,912,1,1
10,912,1,1
11,912,1,2
12,912,2,1
13,912,1,1
14,912,1,1
0,913,3,1
1,913,1,1
2,913,1,1
3,913,0,2
4,913,1,1
5,913,2,2
6,913,1,1
7,913,1,1
8,913,1,1
9,913,1,1
10,913,1,1
11,913,2,2
12,913,2,2
13,913,1,1
14,913,1,1
0,914,3,1
1,914,1,0
2,914,1,1
3,914,0,2
4,914,1,1
5,914,2,2
6,914,1,1
7,914,1,1
8,914,1,1
9,914,1,1
10,914,1,1
11,914,2,2
12,914,2,2
13,914,1,1
14,914,1,1
0,915,2,1
1,915,1,1
2,915,1,1
3,915,2,3
4,915,1,1
5,915,1,1
6,915,1,1
7,915,1,1
8,915,1,3
9,915,1,1
10,915,3,3
11,915,2,2
12,915,2,2
13,915,1,1
14,915,1,1
0,916,3,1
1,916,1,0
2,916,1,1
3,916,0,2
4,916,1,1
5,916,2,2
6,916,1,1
7,916,1,1
8,916,1,1
9,916,1,1
10,916,1,1
11,916,2,2
12,916,2,2
13,916,1,1
14,916,1,1
0,917,3,1
1,917,1,0
2,917,1,1
3,917,0,2
4,917,1,1
5,917,2,2
6,917,1,1
7,917,1,1
8,917,1,1
9,917,1,1
10,917,1,1
11,917,2,2
12,917,2,2
13,917,1,1
14,917,1,1
0,918,3,1
1,918,1,0
2,918,1,1
3,918,0,2
4,918,1,1
5,918,2,2
6,918,1,1
7,918,1,1
8,918,1,1
9,918,1,1
10,918,1,1
11,918,2,2
12,918,2,2
13,918,1,1
14,918,1,1
0,919,2,1
1,919,1,1
2,919,1,1
3,919,2,3
4,919,1,1
5,919,1,1
6,919,1,1
7,919,1,1
8,919,1,1
9,919,1,1
10,919,1,1
11,919,1,2
12,919,2,1
13,919,1,1
14,919,1,1
0,920,1,1
1,920,1,1
2,920,1,1
3,920,1,1
4,920,1,1
5,920,1,1
6,920,1,1
7,920,1,1
8,920,1,1
9,920,1,1
10,920,1,1
11,920,1,1
12,920,1,1
13,920,1,1
14,920,1,1
0,921,1,1
1,921,1,1
2,921,1,1
3,921,1,1
4,921,1,1
5,921,1,1
6,921,1,1
7,921,1,1
8,921,1,1
9,921,1,1
10,921,1,1
11,921,1,1
12,921,1,1
13,921,1,1
14,921,1,1
0,922,2,1
1,922,1,1
2,922,1,1
3,922,2,3
4,922,1,1
5,922,1,1
6,922,1,1
7,922,1,1
8,922,1,3
9,922,1,1
10,922,3,3
11,922,2,2
12,922,2,2
13,922,1,1
14,922,1,1
0,923,3,1
1,923,1,0
2,923,1,1
3,923,0,2
4,923,1,1
5,923,2,2
6,923,1,1
7,923,1,1
8,923,1,1
9,923,1,1
10,923,1,1
11,923,2,2
12,923,2,2
13,923,1,1
14,923,1,1
0,924,2,1
1,924,1,1
2,924,1,1
3,924,2,3
4,924,1,1
5,924,1,1
6,924,1,1
7,924,1,1
8,924,1,3
9,924,1,1
10,924,3,3
11,924,2,2
12,924,2,2
13,924,1,1
14,924,1,1
0,925,2,1
1,925,1,1
2,925,1,1
3,925,2,3
4,925,1,1
5,925,1,1
6,925,1,1
7,925,1,1
8,925,1,1
9,925,1,1
10,925,1,1
11,925,1,2
12,925,2,1
13,925,1,1
14,925,1,1
0,926,1,3
1,926,1,1
2,926,3,1
3,926,3,1
4,926,1,3
5,926,3,1
6,926,1,1
7,926,2,1
8,926,1,3
9,926,1,1
10,926,1,1
11,926,2,2
12,926,2,2
13,926,1,1
14,926,1,1
0,927,2,1
1,927,1,1
2,927,1,1
3,927,2,3
4,927,1,1
5,927,1,1
6,927,1,1
7,927,1,1
8,927,1,1
9,927,1,1
10,927,1,1
11,927,1,2
12,927,2,1
13,927,1,1
14,927,1,1
0,928,1,1
1,928,1,1
2,928,1,1
3,928,1,1
4,928,1,1
5,928,1,1
6,928,1,1
7,928,1,1
8,928,1,1
9,928,1,1
10,928,1,1
11,928,1,1
12,928,1,1
13,928,1,1
14,928,1,1
0,929,2,1
1,929,1,1
2,929,1,1
3,929,2,3
4,929,1,1
5,929,1,1
6,929,1,1
7,929,1,1
8,929,1,3
9,929,1,1
10,929,3,3
11,929,2,2
12,929,2,2
13,929,1,1
14,929,1,1
0,930,1,1
1,930,1,1
2,930,1,1
3,930,1,1
4,930,1,1
5,930,1,1
6,930,1,1
7,930,1,1
8,930,1,1
9,930,1,1
10,930,1,1
11,930,1,1
12,930,1,1
13,930,1,1
14,930,1,1
0,931,3,1
1,931,1,1
2,931,1,1
3,931,0,2
4,931,1,1
5,931,2,2
6,931,1,1
7,931,1,1
8,931,1,1
9,931,1,1
10,931,1,1
11,931,2,2
12,931,2,2
13,931,1,1
14,931,1,1
0,932,2,1
1,932,1,1
2,932,1,1
3,932,2,3
4,932,1,1
5,932,1,1
6,932,1,1
7,932,1,1
8,932,1,3
9,932,1,1
10,932,3,3
11,932,2,2
12,932,2,2
13,932,1,1
14,932,1,1
0,933,2,1
1,933,1,1
2,933,1,1
3,933,2,3
4,933,1,1
5,933,1,1
6,933,1,1
7,933,1,1
8,933,1,3
9,933,1,1
10,933,3,3
11,933,2,2
12,933,2,2
13,933,1,1
14,933,1,1
0,934,2,1
1,934,1,1
2,934,1,1
3,934,2,3
4,934,1,1
5,934,1,1
6,934,1,1
7,934,1,1
8,934,1,3
9,934,1,1
10,934,3,3
11,934,2,2
12,934,2,2
13,934,1,1
14,934,1,1
0,935,2,1
1,935,1,1
2,935,1,1
3,935,2,3
4,935,1,1
5,935,1,1
6,935,1,1
7,935,1,1
8,935,1,3
9,935,1,1
10,935,3,3
11,935,2,2
12,935,2,2
13,935,1,1
14,935,1,1
0,936,1,1
1,936,1,1
2,936,1,1
3,936,1,1
4,936,1,1
5,936,1,1
6,936,1,1
7,936,1,1
8,936,1,1
9,936,1,1
10,936,1,1
11,936,1,1
12,936,1,1
13,936,1,1
14,936,1,1
0,937,2,1
1,937,1,1
2,937,1,1
3,937,2,3
4,937,1,1
5,937,1,1
6,937,1,1
7,937,1,1
8,937,1,3
9,937,1,1
10,937,3,3
11,937,2,2
12,937,2,2
13,937,1,1
14,937,1,1
0,938,2,1
1,938,1,1
2,938,1,1
3,938,2,3
4,938,1,1
5,938,1,1
6,938,1,1
7,938,1,1
8,938,1,3
9,938,1,1
10,938,3,3
11,938,2,2
12,938,2,2
13,938,1,1
14,938,1,1
0,939,2,1
1,939,1,1
2,939,1,1
3,939,2,3
4,939,1,1
5,939,1,1
6,939,1,1
7,939,1,1
8,939,1,1
9,939,1,1
10,939,1,1
11,939,1,2
12,939,2,1
13,939,1,1
14,939,1,1
0,940,3,1
1,940,1,0
2,940,1,1
3,940,0,2
4,940,1,1
5,940,2,2
6,940,1,1
7,940,1,1
8,940,1,1
9,940,1,1
10,940,1,1
11,940,2,2
12,940,2,2
13,940,1,1
14,940,1,1
0,941,2,1
1,941,1,1
2,941,1,1
3,941,2,3
4,941,1,1
5,941,1,1
6,941,1,1
7,941,1,1
8,941,1,3
9,941,1,1
10,941,3,3
11,941,2,2
12,941,2,2
13,941,1,1
14,941,1,1
0,942,2,1
1,942,1,1
2,942,1,1
3,942,2,3
4,942,1,1
5,942,1,1
6,942,1,1
7,942,1,1
8,942,1,3
9,942,1,1
10,942,3,3
11,942,2,2
12,942,2,2
13,942,1,1
14,942,1,1
0,943,2,1
1,943,1,1
2,943,1,1
3,943,2,3
4,943,1,1
5,943,1,1
6,943,1,1
7,943,1,1
8,943,1,1
9,943,1,1
10,943,1,1
11,943,1,2
12,943,2,1
13,943,1,1
14,943,1,1
0,944,3,1
1,944,1,0
2,944,1,1
3,944,0,2
4,944,1,1
5,944,2,2
6,944,1,1
7,944,1,1
8,944,1,1
9,944,1,1
10,944,1,1
11,944,2,2
12,944,2,2
13,944,1,1
14,944,1,1
0,945,1,3
1,945,1,1
2,945,3,1
3,945,3,1
4,945,1,3
5,945,3,1
6,945,1,1
7,945,2,1
8,945,1,3
9,945,1,1
10,945,1,1
11,945,2,2
12,945,2,2
13,945,1,1
14,945,1,1
0,946,2,1
1,946,1,1
2,946,1,1
3,946,2,3
4,946,1,1
5,946,1,1
6,946,1,1
7,946,1,1
8,946,1,1
9,946,1,1
10,946,1,1
11,946,1,2
12,946,2,1
13,946,1,1
14,946,1,1
0,947,2,1
1,947,1,1
2,947,1,1
3,947,2,3
4,947,1,1
5,947,1,1
6,947,1,1
7,947,1,1
8,947,1,3
9,947,1,1
10,947,3,3
11,947,2,2
12,947,2,2
13,947,1,1
14,947,1,1
0,948,2,1
1,948,1,1
2,948,1,1
3,948,2,3
4,948,1,1
5,948,1,1
6,948,1,1
7,948,1,1
8,948,1,3
9,948,1,1
10,948,3,3
11,948,2,2
12,948,2,2
13,948,1,1
14,948,1,1
0,949,2,1
1,949,1,1
2,949,1,1
3,949,2,3
4,949,1,1
5,949,1,1
6,949,1,1
7,949,1,1
8,949,1,1
9,949,1,1
10,949,1,1
11,949,1,2
12,949,2,1
13,949,1,1
14,949,1,1
0,950,1,3
1,950,1,1
2,950,3,1
3,950,3,1
4,950,1,3
5,950,3,1
6,950,1,1
7,950,2,1
8,950,1,3
9,950,1,1
10,950,1,1
11,950,2,2
12,950,2,2
13,950,1,1
14,950,1,1
0,951,2,1
1,951,1,1
2,951,1,1
3,951,2,3
4,951,1,1
5,951,1,1
6,951,1,1
7,951,1,1
8,951,1,1
9,951,1,1
10,951,1,1
11,951,1,2
12,951,2,1
13,951,1,1
14,951,1,1
0,952,2,1
1,952,1,1
2,952,1,1
3,952,2,3
4,952,1,1
5,952,1,1
6,952,1,1
7,952,1,1
8,952,1,1
9,952,1,1
10,952,1,1
11,952,1,2
12,952,2,1
13,952,1,1
14,952,1,1
0,953,2,1
1,953,1,1
2,953,1,1
3,953,2,3
4,953,1,1
5,953,1,1
6,953,1,1
7,953,1,1
8,953,1,3
9,953,1,1
10,953,3,3
11,953,2,2
12,953,2,2
13,953,1,1
14,953,1,1
0,954,2,1
1,954,1,1
2,954,1,1
3,954,2,3
4,954,1,1
5,954,1,1
6,954,1,1
7,954,1,1
8,954,1,3
9,954,1,1
10,954,3,3
11,954,2,2
12,954,2,2
13,954,1,1
14,954,1,1
0,955,2,1
1,955,1,1
2,955,1,1
3,955,2,3
4,955,1,1
5,955,1,1
6,955,1,1
7,955,1,1
8,955,1,1
9,955,1,1
10,955,1,1
11,955,1,2
12,955,2,1
13,955,1,1
14,955,1,1
0,956,2,1
1,956,1,1
2,956,1,1
3,956,2,3
4,956,1,1
5,956,1,1
6,956,1,1
7,956,1,1
8,956,1,1
9,956,1,1
10,956,1,1
11,956,1,2
12,956,2,1
13,956,1,1
14,956,1,1
0,957,3,1
1,957,1,0
2,957,1,1
3,957,0,2
4,957,1,1
5,957,2,2
6,957,1,1
7,957,1,1
8,957,1,1
9,957,1,1
10,957,1,1
11,957,2,2
12,957,2,2
13,957,1,1
14,957,1,1
0,958,2,1
1,958,1,1
2,958,1,1
3,958,2,3
4,958,1,1
5,958,1,1
6,958,1,1
7,958,1,1
8,958,1,3
9,958,1,1
10,958,3,3
11,958,2,2
12,958,2,2
13,958,1,1
14,958,1,1
0,959,3,1
1,959,1,0
2,959,1,1
3,959,0,2
4,959,1,1
5,959,2,2
6,959,1,1
7,959,1,1
8,959,1,1
9,959,1,1
10,959,1,1
11,959,2,2
12,959,2,2
13,959,1,1
14,959,1,1
0,960,2,1
1,960,1,1
2,960,1,1
3,960,2,3
4,960,1,1
5,960,1,1
6,960,1,1
7,960,1,1
8,960,1,1
9,960,1,1
10,960,1,1
11,960,1,2
12,960,2,1
13,960,1,1
14,960,1,1
0,961,2,1
1,961,1,1
2,961,1,1
3,961,2,3
4,961,1,1
5,961,1,1
6,961,1,1
7,961,1,1
8,961,1,3
9,961,1,1
10,961,3,3
11,961,2,2
12,961,2,2
13,961,1,1
14,961,1,1
0,962,2,1
1,962,1,1
2,962,1,1
3,962,2,3
4,962,1,1
5,962,1,1
6,962,1,1
7,962,1,1
8,962,1,3
9,962,1,1
10,962,3,3
11,962,2,2
12,962,2,2
13,962,1,1
14,962,1,1
0,963,2,1
1,963,1,1
2,963,1,1
3,963,2,3
4,963,1,1
5,963,1,1
6,963,1,1
7,963,1,1
8,963,1,3
9,963,1,1
10,963,3,3
11,963,2,2
12,963,2,2
13,963,1,1
14,963,1,1
0,964,1,1
1,964,1,1
2,964,1,1
3,964,1,1
4,964,1,1
5,964,1,1
6,964,1,1
7,964,1,1
8,964,1,1
9,964,1,1
10,964,1,1
11,964,1,1
12,964,1,1
13,964,1,1
14,964,1,1
0,965,2,1
1,965,1,1
2,965,1,1
3,965,2,3
4,965,1,1
5,965,1,1
6,965,1,1
7,965,1,1
8,965,1,3
9,965,1,1
10,965,3,3
11,965,2,2
12,965,2,2
13,965,1,1
14,965,1,1
0,966,2,1
1,966,1,1
2,966,1,1
3,966,2,3
4,966,1,1
5,966,1,1
6,966,1,1
7,966,1,1
8,966,1,3
9,966,1,1
10,966,3,3
11,966,2,2
12,966,2,2
13,966,1,1
14,966,1,1
0,967,2,1
1,967,1,1
2,967,1,1
3,967,2,3
4,967,1,1
5,967,1,1
6,967,1,1
7,967,1,1
8,967,1,1
9,967,1,1
10,967,1,1
11,967,1,2
12,967,2,1
13,967,1,1
14,967,1,1
0,968,1,3
1,968,1,1
2,968,3,1
3,968,3,1
4,968,1,3
5,968,3,1
6,968,1,1
7,968,2,1
8,968,1,3
9,968,1,1
10,968,1,1
11,968,2,2
12,968,2,2
13,968,1,1
14,968,1,1
0,969,3,1
1,969,1,0
2,969,1,1
3,969,0,2
4,969,1,1
5,969,2,2
6,969,1,1
7,969,1,1
8,969,1,1
9,969,1,1
10,969,1,1
11,969,2,2
12,969,2,2
13,969,1,1
14,969,1,1
0,970,2,1
1,970,1,1
2,970,1,1
3,970,2,3
4,970,1,1
5,970,1,1
6,970,1,1
7,970,1,1
8,970,1,3
9,970,1,1
10,970,3,3
11,970,2,2
12,970,2,2
13,970,1,1
14,970,1,1
0,971,2,1
1,971,1,1
2,971,1,1
3,971,2,3
4,971,1,1
5,971,1,1
6,971,1,1
7,971,1,1
8,971,1,3
9,971,1,1
10,971,3,3
11,971,2,2
12,971,2,2
13,971,1,1
14,971,1,1
0,972,1,1
1,972,1,1
2,972,1,1
3,972,1,1
4,972,1,1
5,972,1,1
6,972,1,1
7,972,1,1
8,972,1,1
9,972,1,1
10,972,1,1
11,972,1,1
12,972,1,1
13,972,1,1
14,972,1,1
0,973,1,3
1,973,1,1
2,973,3,1
3,973,3,1
4,973,1,3
5,973,3,1
6,973,1,1
7,973,2,1
8,973,1,3
9,973,1,1
10,973,1,1
11,973,2,2
12,973,2,2
13,973,1,1
14,973,1,1
0,974,2,1
1,974,1,1
2,974,1,1
3,974,2,3
4,974,1,1
5,974,1,1
6,974,1,1
7,974,1,1
8,974,1,3
9,974,1,1
10,974,3,3
11,974,2,2
12,974,2,2
13,974,1,1
14,974,1,1
0,975,1,1
1,975,1,1
2,975,1,1
3,975,1,1
4,975,1,1
5,975,1,1
6,975,1,1
7,975,1,1
8,975,1,1
9,975,1,1
10,975,1,1
11,975,1,1
12,975,1,1
13,975,1,1
14,975,1,1
0,976,1,1
1,976,1,1
2,976,1,1
3,976,1,1
4,976,1,1
5,976,1,1
6,976,1,1
7,976,1,1
8,976,1,1
9,976,1,1
10,976,1,1
11,976,1,1
12,976,1,1
13,976,1,1
14,976,1,1
0,977,1,1
1,977,1,1
2,977,1,1
3,977,1,1
4,977,1,1
5,977,1,1
6,977,1,1
7,977,1,1
8,977,1,1
9,977,1,1
10,977,1,1
11,977,1,1
12,977,1,1
13,977,1,1
14,977,1,1
0,978,2,1
1,978,1,1
2,978,1,1
3,978,2,3
4,978,1,1
5,978,1,1
6,978,1,1
7,978,1,1
8,978,1,3
9,978,1,1
10,978,3,3
11,978,2,2
12,978,2,2
13,978,1,1
14,978,1,1
0,979,2,1
1,979,1,1
2,979,1,1
3,979,2,3
4,979,1,1
5,979,1,1
6,979,1,1
7,979,1,1
8,979,1,1
9,979,1,1
10,979,1,1
11,979,1,2
12,979,2,1
13,979,1,1
14,979,1,1
0,980,2,1
1,980,1,1
2,980,1,1
3,980,2,3
4,980,1,1
5,980,1,1
6,980,1,1
7,980,1,1
8,980,1,3
9,980,1,1
10,980,3,3
11,980,2,2
12,980,2,2
13,980,1,1
14,980,1,1
0,981,3,1
1,981,1,0
2,981,1,1
3,981,0,2
4,981,1,1
5,981,2,2
6,981,1,1
7,981,1,1
8,981,1,1
9,981,1,1
10,981,1,1
11,981,2,2
12,981,2,2
13,981,1,1
14,981,1,1
0,982,2,1
1,982,1,1
2,982,1,1
3,982,2,3
4,982,1,1
5,982,1,1
6,982,1,1
7,982,1,1
8,982,1,3
9,982,1,1
10,982,3,3
11,982,2,2
12,982,2,2
13,982,1,1
14,982,1,1
0,983,2,1
1,983,1,1
2,983,1,1
3,983,2,3
4,983,1,1
5,983,1,1
6,983,1,1
7,983,1,1
8,983,1,3
9,983,1,1
10,983,3,3
11,983,2,2
12,983,2,2
13,983,1,1
14,983,1,1
0,984,3,1
1,984,1,1
2,984,1,1
3,984,0,2
4,984,1,1
5,984,2,2
6,984,1,1
7,984,1,1
8,984,1,1
9,984,1,1
10,984,1,1
11,984,2,2
12,984,2,2
13,984,1,1
14,984,1,1
0,985,3,1
1,985,1,1
2,985,1,1
3,985,0,2
4,985,1,1
5,985,2,2
6,985,1,1
7,985,1,1
8,985,1,1
9,985,1,1
10,985,1,1
11,985,2,2
12,985,2,2
13,985,1,1
14,985,1,1
0,986,2,1
1,986,1,1
2,986,1,1
3,986,2,3
4,986,1,1
5,986,1,1
6,986,1,1
7,986,1,1
8,986,1,1
9,986,1,1
10,986,1,1
11,986,1,2
12,986,2,1
13,986,1,1
14,986,1,1
0,987,2,1
1,987,1,1
2,987,1,1
3,987,2,3
4,987,1,1
5,987,1,1
6,987,1,1
7,987,1,1
8,987,1,3
9,987,1,1
10,987,3,3
11,987,2,2
12,987,2,2
13,987,1,1
14,987,1,1
0,988,3,1
1,988,1,0
2,988,1,1
3,988,0,2
4,988,1,1
5,988,2,2
6,988,1,1
7,988,1,1
8,988,1,1
9,988,1,1
10,988,1,1
11,988,2,2
12,988,2,2
13,988,1,1
14,988,1,1
0,989,2,1
1,989,1,1
2,989,1,1
3,989,2,3
4,989,1,1
5,989,1,1
6,989,1,1
7,989,1,1
8,989,1,1
9,989,1,1
10,989,1,1
11,989,1,2
12,989,2,1
13,989,1,1
14,989,1,1
0,990,3,1
1,990,1,1
2,990,1,1
3,990,0,2
4,990,1,1
5,990,2,2
6,990,1,1
7,990,1,1
8,990,1,1
9,990,1,1
10,990,1,1
11,990,2,2
12,990,2,2
13,990,1,1
14,990,1,1
0,991,3,1
1,991,1,1
2,991,1,1
3,991,0,2
4,991,1,1
5,991,2,2
6,991,1,1
7,991,1,1
8,991,1,1
9,991,1,1
10,991,1,1
11,991,2,2
12,991,2,2
13,991,1,1
14,991,1,1
0,992,1,3
1,992,1,1
2,992,3,1
3,992,3,1
4,992,1,3
5,992,3,1
6,992,1,1
7,992,2,1
8,992,1,3
9,992,1,1
10,992,1,1
11,992,2,2
12,992,2,2
13,992,1,1
14,992,1,1
0,993,2,1
1,993,1,1
2,993,1,1
3,993,2,3
4,993,1,1
5,993,1,1
6,993,1,1
7,993,1,1
8,993,1,1
9,993,1,1
10,993,1,1
11,993,1,2
12,993,2,1
13,993,1,1
14,993,1,1
0,994,2,1
1,994,1,1
2,994,1,1
3,994,2,3
4,994,1,1
5,994,1,1
6,994,1,1
7,994,1,1
8,994,1,3
9,994,1,1
10,994,3,3
11,994,2,2
12,994,2,2
13,994,1,1
14,994,1,1
0,995,2,1
1,995,1,1
2,995,1,1
3,995,2,3
4,995,1,1
5,995,1,1
6,995,1,1
7,995,1,1
8,995,1,1
9,995,1,1
10,995,1,1
11,995,1,2
12,995,2,1
13,995,1,1
14,995,1,1
0,996,2,1
1,996,1,1
2,996,1,1
3,996,2,3
4,996,1,1
5,996,1,1
6,996,1,1
7,996,1,1
8,996,1,3
9,996,1,1
10,996,3,3
11,996,2,2
12,996,2,2
13,996,1,1
14,996,1,1
0,997,3,1
1,997,1,1
2,997,1,1
3,997,0,2
4,997,1,1
5,997,2,2
6,997,1,1
7,997,1,1
8,997,1,1
9,997,1,1
10,997,1,1
11,997,2,2
12,997,2,2
13,997,1,1
14,997,1,1
0,998,3,1
1,998,1,0
2,998,1,1
3,998,0,2
4,998,1,1
5,998,2,2
6,998,1,1
7,998,1,1
8,998,1,1
9,998,1,1
10,998,1,1
11,998,2,2
12,998,2,2
13,998,1,1
14,998,1,1
0,999,2,1
1,999,1,1
2,999,1,1
3,999,2,3
4,999,1,1
5,999,1,1
6,999,1,1
7,999,1,1
8,999,1,1
9,999,1,1
10,999,1,1
11,999,1,2
12,999,2,1
13,999,1,1
14,999,1,1
0,1000,2,1
1,1000,1,1
2,1000,1,1
3,1000,2,3
4,1000,3,1
5,1000,3,1
6,1000,1,1
7,1000,2,1
8,1000,1,3
9,1000,1,1
10,1000,1,1
11,1000,2,2
12,1000,2,2
13,1000,1,1
14,1000,1,1
0,1001,1,3
1,1001,1,1
2,1001,3,1
3,1001,3,1
4,1001,1,3
5,1001,3,1
6,1001,1,1
7,1001,2,1
8,1001,1,3
9,1001,1,1
10,1001,1,1
11,1001,2,2
12,1001,2,2
13,1001,1,1
14,1001,1,1
0,1002,1,1
1,1002,1,1
2,1002,1,1
3,1002,1,1
4,1002,1,1
5,1002,1,1
6,1002,1,1
7,1002,1,1
8,1002,1,1
9,1002,1,1
10,1002,1,1
11,1002,1,1
12,1002,1,1
13,1002,1,1
14,1002,1,1
0,1003,1,3
1,1003,1,1
2,1003,3,1
3,1003,3,1
4,1003,1,3
5,1003,3,1
6,1003,1,1
7,1003,2,1
8,1003,1,3
9,1003,1,1
10,1003,1,1
11,1003,2,2
12,1003,2,2
13,1003,1,1
14,1003,1,1
0,1004,1,3
1,1004,1,1
2,1004,3,1
3,1004,3,1
4,1004,1,3
5,1004,3,1
6,1004,1,1
7,1004,2,1
8,1004,1,3
9,1004,1,1
10,1004,1,1
11,1004,2,2
12,1004,2,2
13,1004,1,1
14,1004,1,1
0,1005,2,1
1,1005,1,1
2,1005,1,1
3,1005,2,3
4,1005,1,2
5,1005,3,1
6,1005,1,1
7,1005,2,1
8,1005,1,3
9,1005,1,1
10,1005,1,1
11,1005,2,2
12,1005,2,2
13,1005,1,1
14,1005,1,1
0,1006,2,1
1,1006,1,1
2,1006,1,1
3,1006,2,3
4,1006,3,1
5,1006,3,1
6,1006,1,1
7,1006,2,1
8,1006,1,3
9,1006,1,1
10,1006,1,1
11,1006,2,2
12,1006,2,2
13,1006,1,1
14,1006,1,1
0,1007,3,1
1,1007,1,1
2,1007,1,1
3,1007,0,2
4,1007,1,1
5,1007,2,2
6,1007,1,1
7,1007,1,1
8,1007,1,1
9,1007,1,1
10,1007,1,1
11,1007,2,2
12,1007,2,2
13,1007,1,1
14,1007,1,1
0,1008,2,1
1,1008,1,1
2,1008,1,1
3,1008,2,3
4,1008,1,2
5,1008,3,1
6,1008,1,1
7,1008,2,1
8,1008,1,3
9,1008,1,1
10,1008,1,1
11,1008,2,2
12,1008,2,2
13,1008,1,1
14,1008,1,1
0,1009,1,1
1,1009,1,1
2,1009,1,1
3,1009,1,1
4,1009,1,1
5,1009,1,1
6,1009,1,1
7,1009,1,1
8,1009,1,1
9,1009,1,1
10,1009,1,1
11,1009,1,1
12,1009,1,1
13,1009,1,1
14,1009,1,1
0,1010,3,1
1,1010,1,0
2,1010,1,1
3,1010,0,2
4,1010,1,1
5,1010,2,2
6,1010,1,1
7,1010,1,1
8,1010,1,1
9,1010,1,1
10,1010,1,1
11,1010,2,2
12,1010,2,2
13,1010,1,1
14,1010,1,1
0,1011,3,1
1,1011,1,1
2,1011,1,1
3,1011,0,2
4,1011,1,1
5,1011,2,2
6,1011,1,1
7,1011,1,1
8,1011,1,1
9,1011,1,1
10,1011,1,1
11,1011,2,2
12,1011,2,2
13,1011,1,1
14,1011,1,1
0,1012,3,1
1,1012,1,0
2,1012,1,1
3,1012,0,2
4,1012,1,1
5,1012,2,2
6,1012,1,1
7,1012,1,1
8,1012,1,1
9,1012,1,1
10,1012,1,1
11,1012,2,2
12,1012,2,2
13,1012,1,1
14,1012,1,1
0,1013,3,1
1,1013,1,0
2,1013,1,1
3,1013,0,2
4,1013,1,1
5,1013,2,2
6,1013,1,1
7,1013,1,1
8,1013,1,1
9,1013,1,1
10,1013,1,1
11,1013,2,2
12,1013,2,2
13,1013,1,1
14,1013,1,1
0,1014,1,1
1,1014,1,1
2,1014,1,1
3,1014,1,1
4,1014,1,1
5,1014,1,1
6,1014,1,1
7,1014,1,1
8,1014,1,1
9,1014,1,1
10,1014,1,1
11,1014,1,1
12,1014,1,1
13,1014,1,1
14,1014,1,1
0,1015,2,1
1,1015,1,1
2,1015,1,1
3,1015,2,3
4,1015,1,1
5,1015,1,1
6,1015,1,1
7,1015,1,1
8,1015,1,1
9,1015,1,1
10,1015,1,1
11,1015,1,1
12,1015,1,1
13,1015,1,1
14,1015,1,1
0,1016,1,1
1,1016,1,1
2,1016,1,1
3,1016,1,1
4,1016,1,1
5,1016,1,1
6,1016,1,1
7,1016,1,1
8,1016,1,1
9,1016,1,1
10,1016,1,1
11,1016,1,1
12,1016,1,1
13,1016,1,1
14,1016,1,1
0,1017,2,1
1,1017,1,1
2,1017,1,1
3,1017,2,3
4,1017,1,2
5,1017,3,1
6,1017,1,1
7,1017,2,1
8,1017,1,3
9,1017,1,1
10,1017,1,1
11,1017,2,2
12,1017,2,2
13,1017,1,1
14,1017,1,1
0,1018,3,1
1,1018,1,0
2,1018,1,1
3,1018,0,2
4,1018,1,1
5,1018,2,2
6,1018,1,1
7,1018,1,1
8,1018,1,1
9,1018,1,1
10,1018,1,1
11,1018,2,2
12,1018,2,2
13,1018,1,1
14,1018,1,1
0,1019,1,3
1,1019,1,1
2,1019,3,1
3,1019,3,1
4,1019,1,3
5,1019,3,1
6,1019,1,1
7,1019,2,1
8,1019,1,3
9,1019,1,1
10,1019,1,1
11,1019,2,2
12,1019,2,2
13,1019,1,1
14,1019,1,1
0,1020,3,1
1,1020,1,1
2,1020,1,1
3,1020,0,2
4,1020,1,1
5,1020,2,2
6,1020,1,1
7,1020,1,1
8,1020,1,1
9,1020,1,1
10,1020,1,1
11,1020,2,2
12,1020,2,2
13,1020,1,1
14,1020,1,1
0,1021,3,1
1,1021,1,0
2,1021,1,1
3,1021,0,2
4,1021,1,1
5,1021,2,2
6,1021,1,1
7,1021,1,1
8,1021,1,1
9,1021,1,1
10,1021,1,1
11,1021,2,2
12,1021,2,2
13,1021,1,1
14,1021,1,1
0,1022,3,1
1,1022,1,1
2,1022,1,1
3,1022,0,2
4,1022,1,1
5,1022,2,2
6,1022,1,1
7,1022,1,1
8,1022,1,1
9,1022,1,1
10,1022,1,1
11,1022,2,2
12,1022,2,2
13,1022,1,1
14,1022,1,1
0,1023,3,1
1,1023,1,0
2,1023,1,1
3,1023,0,2
4,1023,1,1
5,1023,2,2
6,1023,1,1
7,1023,1,1
8,1023,1,1
9,1023,1,1
10,1023,1,1
11,1023,2,2
12,1023,2,2
13,1023,1,1
14,1023,1,1
0,1024,1,1
1,1024,1,1
2,1024,1,1
3,1024,1,1
4,1024,1,1
5,1024,1,1
6,1024,1,1
7,1024,1,1
8,1024,1,1
9,1024,1,1
10,1024,1,1
11,1024,1,1
12,1024,1,1
13,1024,1,1
14,1024,1,1
0,1025,2,1
1,1025,1,1
2,1025,1,1
3,1025,2,3
4,1025,1,1
5,1025,1,1
6,1025,1,1
7,1025,1,1
8,1025,1,1
9,1025,1,1
10,1025,1,1
11,1025,1,1
12,1025,1,1
13,1025,1,1
14,1025,1,1
0,1026,2,1
1,1026,1,1
2,1026,1,1
3,1026,2,3
4,1026,1,1
5,1026,1,1
6,1026,1,1
7,1026,1,1
8,1026,1,1
9,1026,1,1
10,1026,1,1
11,1026,1,1
12,1026,1,1
13,1026,1,1
14,1026,1,1
0,1027,3,1
1,1027,1,0
2,1027,1,1
3,1027,0,2
4,1027,1,1
5,1027,2,2
6,1027,1,1
7,1027,1,1
8,1027,1,1
9,1027,1,1
10,1027,1,1
11,1027,2,2
12,1027,2,2
13,1027,1,1
14,1027,1,1
0,1028,2,1
1,1028,1,1
2,1028,1,1
3,1028,2,3
4,1028,1,2
5,1028,3,1
6,1028,1,1
7,1028,2,1
8,1028,1,3
9,1028,1,1
10,1028,1,1
11,1028,2,2
12,1028,2,2
13,1028,1,1
14,1028,1,1
0,1029,2,1
1,1029,1,1
2,1029,1,1
3,1029,2,3
4,1029,3,1
5,1029,3,1
6,1029,1,1
7,1029,2,1
8,1029,1,3
9,1029,1,1
10,1029,1,1
11,1029,2,2
12,1029,2,2
13,1029,1,1
14,1029,1,1
0,1030,2,1
1,1030,1,1
2,1030,1,1
3,1030,2,3
4,1030,1,1
5,1030,1,1
6,1030,1,1
7,1030,1,1
8,1030,1,1
9,1030,1,1
10,1030,1,1
11,1030,1,1
12,1030,1,1
13,1030,1,1
14,1030,1,1
0,1031,1,1
1,1031,1,1
2,1031,1,1
3,1031,1,1
4,1031,1,1
5,1031,1,1
6,1031,1,1
7,1031,1,1
8,1031,1,1
9,1031,1,1
10,1031,1,1
11,1031,1,1
12,1031,1,1
13,1031,1,1
14,1031,1,1
0,1032,1,1
1,1032,1,1
2,1032,1,1
3,1032,1,1
4,1032,1,1
5,1032,1,1
6,1032,1,1
7,1032,1,1
8,1032,1,1
9,1032,1,1
10,1032,1,1
11,1032,1,1
12,1032,1,1
13,1032,1,1
14,1032,1,1
0,1033,1,3
1,1033,1,1
2,1033,3,1
3,1033,3,1
4,1033,1,3
5,1033,3,1
6,1033,1,1
7,1033,2,1
8,1033,1,3
9,1033,1,1
10,1033,1,1
11,1033,2,2
12,1033,2,2
13,1033,1,1
14,1033,1,1
0,1034,3,1
1,1034,1,0
2,1034,1,1
3,1034,0,2
4,1034,1,1
5,1034,2,2
6,1034,1,1
7,1034,1,1
8,1034,1,1
9,1034,1,1
10,1034,1,1
11,1034,2,2
12,1034,2,2
13,1034,1,1
14,1034,1,1
0,1035,3,1
1,1035,1,0
2,1035,1,1
3,1035,0,2
4,1035,1,1
5,1035,2,2
6,1035,1,1
7,1035,1,1
8,1035,1,1
9,1035,1,1
10,1035,1,1
11,1035,2,2
12,1035,2,2
13,1035,1,1
14,1035,1,1
0,1036,1,1
1,1036,1,1
2,1036,1,1
3,1036,1,1
4,1036,1,1
5,1036,1,1
6,1036,1,1
7,1036,1,1
8,1036,1,1
9,1036,1,1
10,1036,1,1
11,1036,1,1
12,1036,1,1
13,1036,1,1
14,1036,1,1
0,1037,1,1
1,1037,1,1
2,1037,1,1
3,1037,1,1
4,1037,1,1
5,1037,1,1
6,1037,1,1
7,1037,1,1
8,1037,1,1
9,1037,1,1
10,1037,1,1
11,1037,1,1
12,1037,1,1
13,1037,1,1
14,1037,1,1
0,1038,3,1
1,1038,1,0
2,1038,1,1
3,1038,0,2
4,1038,1,1
5,1038,2,2
6,1038,1,1
7,1038,1,1
8,1038,1,1
9,1038,1,1
10,1038,1,1
11,1038,2,2
12,1038,2,2
13,1038,1,1
14,1038,1,1
0,1039,2,1
1,1039,1,1
2,1039,1,1
3,1039,2,3
4,1039,3,1
5,1039,3,1
6,1039,1,1
7,1039,2,1
8,1039,1,3
9,1039,1,1
10,1039,1,1
11,1039,2,2
12,1039,2,2
13,1039,1,1
14,1039,1,1
0,1040,2,1
1,1040,1,1
2,1040,1,1
3,1040,2,3
4,1040,1,2
5,1040,3,1
6,1040,1,1
7,1040,2,1
8,1040,1,3
9,1040,1,1
10,1040,1,1
11,1040,2,2
12,1040,2,2
13,1040,1,1
14,1040,1,1
0,1041,3,1
1,1041,1,1
2,1041,1,1
3,1041,0,2
4,1041,1,1
5,1041,2,2
6,1041,1,1
7,1041,1,1
8,1041,1,1
9,1041,1,1
10,1041,1,1
11,1041,2,2
12,1041,2,2
13,1041,1,1
14,1041,1,1
0,1042,3,1
1,1042,1,0
2,1042,1,1
3,1042,0,2
4,1042,1,1
5,1042,2,2
6,1042,1,1
7,1042,1,1
8,1042,1,1
9,1042,1,1
10,1042,1,1
11,1042,2,2
12,1042,2,2
13,1042,1,1
14,1042,1,1
0,1043,2,1
1,1043,1,1
2,1043,1,1
3,1043,2,3
4,1043,1,1
5,1043,1,1
6,1043,1,1
7,1043,1,1
8,1043,1,1
9,1043,1,1
10,1043,1,1
11,1043,1,1
12,1043,1,1
13,1043,1,1
14,1043,1,1
0,1044,3,1
1,1044,1,0
2,1044,1,1
3,1044,0,2
4,1044,1,1
5,1044,2,2
6,1044,1,1
7,1044,1,1
8,1044,1,1
9,1044,1,1
10,1044,1,1
11,1044,2,2
12,1044,2,2
13,1044,1,1
14,1044,1,1
0,1045,3,1
1,1045,1,0
2,1045,1,1
3,1045,0,2
4,1045,1,1
5,1045,2,2
6,1045,1,1
7,1045,1,1
8,1045,1,1
9,1045,1,1
10,1045,1,1
11,1045,2,2
12,1045,2,2
13,1045,1,1
14,1045,1,1
0,1046,2,1
1,1046,1,1
2,1046,1,1
3,1046,2,3
4,1046,3,1
5,1046,3,1
6,1046,1,1
7,1046,2,1
8,1046,1,3
9,1046,1,1
10,1046,1,1
11,1046,2,2
12,1046,2,2
13,1046,1,1
14,1046,1,1
0,1047,2,1
1,1047,1,1
2,1047,1,1
3,1047,2,3
4,1047,3,1
5,1047,3,1
6,1047,1,1
7,1047,2,1
8,1047,1,3
9,1047,1,1
10,1047,1,1
11,1047,2,2
12,1047,2,2
13,1047,1,1
14,1047,1,1
0,1048,3,1
1,1048,1,1
2,1048,1,1
3,1048,0,2
4,1048,1,1
5,1048,2,2
6,1048,1,1
7,1048,1,1
8,1048,1,1
9,1048,1,1
10,1048,1,1
11,1048,2,2
12,1048,2,2
13,1048,1,1
14,1048,1,1
0,1049,3,1
1,1049,1,0
2,1049,1,1
3,1049,0,2
4,1049,1,1
5,1049,2,2
6,1049,1,1
7,1049,1,1
8,1049,1,1
9,1049,1,1
10,1049,1,1
11,1049,2,2
12,1049,2,2
13,1049,1,1
14,1049,1,1
0,1050,3,1
1,1050,1,0
2,1050,1,1
3,1050,0,2
4,1050,1,1
5,1050,2,2
6,1050,1,1
7,1050,1,1
8,1050,1,1
9,1050,1,1
10,1050,1,1
11,1050,2,2
12,1050,2,2
13,1050,1,1
14,1050,1,1
0,1051,3,1
1,1051,1,0
2,1051,1,1
3,1051,0,2
4,1051,1,1
5,1051,2,2
6,1051,1,1
7,1051,1,1
8,1051,1,1
9,1051,1,1
10,1051,1,1
11,1051,2,2
12,1051,2,2
13,1051,1,1
14,1051,1,1
0,1052,3,1
1,1052,1,1
2,1052,1,1
3,1052,0,2
4,1052,1,1
5,1052,2,2
6,1052,1,1
7,1052,1,1
8,1052,1,1
9,1052,1,1
10,1052,1,1
11,1052,2,2
12,1052,2,2
13,1052,1,1
14,1052,1,1
0,1053,3,1
1,1053,1,1
2,1053,1,1
3,1053,0,2
4,1053,1,1
5,1053,2,2
6,1053,1,1
7,1053,1,1
8,1053,1,1
9,1053,1,1
10,1053,1,1
11,1053,2,2
12,1053,2,2
13,1053,1,1
14,1053,1,1
0,1054,3,1
1,1054,1,0
2,1054,1,1
3,1054,0,2
4,1054,1,1
5,1054,2,2
6,1054,1,1
7,1054,1,1
8,1054,1,1
9,1054,1,1
10,1054,1,1
11,1054,2,2
12,1054,2,2
13,1054,1,1
14,1054,1,1
0,1055,3,1
1,1055,1,0
2,1055,1,1
3,1055,0,2
4,1055,1,1
5,1055,2,2
6,1055,1,1
7,1055,1,1
8,1055,1,1
9,1055,1,1
10,1055,1,1
11,1055,2,2
12,1055,2,2
13,1055,1,1
14,1055,1,1
0,1056,3,1
1,1056,1,0
2,1056,1,1
3,1056,0,2
4,1056,1,1
5,1056,2,2
6,1056,1,1
7,1056,1,1
8,1056,1,1
9,1056,1,1
10,1056,1,1
11,1056,2,2
12,1056,2,2
13,1056,1,1
14,1056,1,1
0,1057,2,1
1,1057,1,1
2,1057,1,1
3,1057,2,3
4,1057,1,1
5,1057,1,1
6,1057,1,1
7,1057,1,1
8,1057,1,1
9,1057,1,1
10,1057,1,1
11,1057,1,1
12,1057,1,1
13,1057,1,1
14,1057,1,1
0,1058,2,1
1,1058,1,1
2,1058,1,1
3,1058,2,3
4,1058,1,1
5,1058,1,1
6,1058,1,1
7,1058,1,1
8,1058,1,1
9,1058,1,1
10,1058,1,1
11,1058,1,1
12,1058,1,1
13,1058,1,1
14,1058,1,1
0,1059,2,1
1,1059,1,1
2,1059,1,1
3,1059,2,3
4,1059,3,1
5,1059,3,1
6,1059,1,1
7,1059,2,1
8,1059,1,3
9,1059,1,1
10,1059,1,1
11,1059,2,2
12,1059,2,2
13,1059,1,1
14,1059,1,1
0,1060,1,3
1,1060,1,1
2,1060,3,1
3,1060,3,1
4,1060,1,3
5,1060,3,1
6,1060,1,1
7,1060,2,1
8,1060,1,3
9,1060,1,1
10,1060,1,1
11,1060,2,2
12,1060,2,2
13,1060,1,1
14,1060,1,1
0,1061,2,1
1,1061,1,1
2,1061,1,1
3,1061,2,3
4,1061,3,1
5,1061,3,1
6,1061,1,1
7,1061,2,1
8,1061,1,3
9,1061,1,1
10,1061,1,1
11,1061,2,2
12,1061,2,2
13,1061,1,1
14,1061,1,1
0,1062,2,1
1,1062,1,1
2,1062,1,1
3,1062,2,3
4,1062,3,1
5,1062,3,1
6,1062,1,1
7,1062,2,1
8,1062,1,3
9,1062,1,1
10,1062,1,1
11,1062,2,2
12,1062,2,2
13,1062,1,1
14,1062,1,1
0,1063,2,1
1,1063,1,1
2,1063,1,1
3,1063,2,3
4,1063,3,1
5,1063,3,1
6,1063,1,1
7,1063,2,1
8,1063,1,3
9,1063,1,1
10,1063,1,1
11,1063,2,2
12,1063,2,2
13,1063,1,1
14,1063,1,1
0,1064,2,1
1,1064,1,1
2,1064,1,1
3,1064,2,3
4,1064,3,1
5,1064,3,1
6,1064,1,1
7,1064,2,1
8,1064,1,3
9,1064,1,1
10,1064,1,1
11,1064,2,2
12,1064,2,2
13,1064,1,1
14,1064,1,1
0,1065,2,1
1,1065,1,1
2,1065,1,1
3,1065,2,3
4,1065,1,1
5,1065,1,1
6,1065,1,1
7,1065,1,1
8,1065,1,1
9,1065,1,1
10,1065,1,1
11,1065,1,1
12,1065,1,1
13,1065,1,1
14,1065,1,1
0,1066,2,1
1,1066,1,1
2,1066,1,1
3,1066,2,3
4,1066,3,1
5,1066,3,1
6,1066,1,1
7,1066,2,1
8,1066,1,3
9,1066,1,1
10,1066,1,1
11,1066,2,2
12,1066,2,2
13,1066,1,1
14,1066,1,1
0,1067,2,1
1,1067,1,1
2,1067,1,1
3,1067,2,3
4,1067,1,1
5,1067,1,1
6,1067,1,1
7,1067,1,1
8,1067,1,1
9,1067,1,1
10,1067,1,1
11,1067,1,1
12,1067,1,1
13,1067,1,1
14,1067,1,1
0,1068,2,1
1,1068,1,1
2,1068,1,1
3,1068,2,3
4,1068,1,1
5,1068,1,1
6,1068,1,1
7,1068,1,1
8,1068,1,1
9,1068,1,1
10,1068,1,1
11,1068,1,1
12,1068,1,1
13,1068,1,1
14,1068,1,1
0,1069,1,1
1,1069,1,1
2,1069,1,1
3,1069,1,1
4,1069,1,1
5,1069,1,1
6,1069,1,1
7,1069,1,1
8,1069,1,1
9,1069,1,1
10,1069,1,1
11,1069,1,1
12,1069,1,1
13,1069,1,1
14,1069,1,1
0,1070,2,1
1,1070,1,1
2,1070,1,1
3,1070,2,3
4,1070,1,1
5,1070,1,1
6,1070,1,1
7,1070,1,1
8,1070,1,1
9,1070,1,1
10,1070,1,1
11,1070,1,1
12,1070,1,1
13,1070,1,1
14,1070,1,1
0,1071,2,1
1,1071,1,1
2,1071,1,1
3,1071,2,3
4,1071,1,1
5,1071,1,1
6,1071,1,1
7,1071,1,1
8,1071,1,1
9,1071,1,1
10,1071,1,1
11,1071,1,1
12,1071,1,1
13,1071,1,1
14,1071,1,1
0,1072,2,1
1,1072,1,1
2,1072,1,1
3,1072,2,3
4,1072,1,1
5,1072,1,1
6,1072,1,1
7,1072,1,1
8,1072,1,1
9,1072,1,1
10,1072,1,1
11,1072,1,1
12,1072,1,1
13,1072,1,1
14,1072,1,1
0,1073,1,1
1,1073,1,1
2,1073,1,1
3,1073,1,1
4,1073,1,1
5,1073,1,1
6,1073,1,1
7,1073,1,1
8,1073,1,1
9,1073,1,1
10,1073,1,1
11,1073,1,1
12,1073,1,1
13,1073,1,1
14,1073,1,1
0,1074,2,1
1,1074,1,1
2,1074,1,1
3,1074,2,3
4,1074,1,1
5,1074,1,1
6,1074,1,1
7,1074,1,1
8,1074,1,1
9,1074,1,1
10,1074,1,1
11,1074,1,1
12,1074,1,1
13,1074,1,1
14,1074,1,1
0,1075,2,1
1,1075,1,1
2,1075,1,1
3,1075,2,3
4,1075,3,1
5,1075,3,1
6,1075,1,1
7,1075,2,1
8,1075,1,3
9,1075,1,1
10,1075,1,1
11,1075,2,2
12,1075,2,2
13,1075,1,1
14,1075,1,1
0,1076,2,1
1,1076,1,1
2,1076,1,1
3,1076,2,3
4,1076,3,1
5,1076,3,1
6,1076,1,1
7,1076,2,1
8,1076,1,3
9,1076,1,1
10,1076,1,1
11,1076,2,2
12,1076,2,2
13,1076,1,1
14,1076,1,1
0,1077,3,1
1,1077,1,1
2,1077,1,1
3,1077,0,2
4,1077,1,1
5,1077,2,2
6,1077,1,1
7,1077,1,1
8,1077,1,1
9,1077,1,1
10,1077,1,1
11,1077,2,2
12,1077,2,2
13,1077,1,1
14,1077,1,1
0,1078,3,1
1,1078,1,0
2,1078,1,1
3,1078,0,2
4,1078,1,1
5,1078,2,2
6,1078,1,1
7,1078,1,1
8,1078,1,1
9,1078,1,1
10,1078,1,1
11,1078,2,2
12,1078,2,2
13,1078,1,1
14,1078,1,1
0,1079,3,1
1,1079,1,0
2,1079,1,1
3,1079,0,2
4,1079,1,1
5,1079,2,2
6,1079,1,1
7,1079,1,1
8,1079,1,1
9,1079,1,1
10,1079,1,1
11,1079,2,2
12,1079,2,2
13,1079,1,1
14,1079,1,1
0,1080,2,1
1,1080,1,1
2,1080,1,1
3,1080,2,3
4,1080,3,1
5,1080,3,1
6,1080,1,1
7,1080,2,1
8,1080,1,3
9,1080,1,1
10,1080,1,1
11,1080,2,2
12,1080,2,2
13,1080,1,1
14,1080,1,1
0,1081,2,1
1,1081,1,1
2,1081,1,1
3,1081,2,3
4,1081,3,1
5,1081,3,1
6,1081,1,1
7,1081,2,1
8,1081,1,3
9,1081,1,1
10,1081,1,1
11,1081,2,2
12,1081,2,2
13,1081,1,1
14,1081,1,1
0,1082,3,1
1,1082,1,1
2,1082,1,1
3,1082,0,2
4,1082,1,1
5,1082,2,2
6,1082,1,1
7,1082,1,1
8,1082,1,1
9,1082,1,1
10,1082,1,1
11,1082,2,2
12,1082,2,2
13,1082,1,1
14,1082,1,1
0,1083,3,1
1,1083,1,1
2,1083,1,1
3,1083,0,2
4,1083,1,1
5,1083,2,2
6,1083,1,1
7,1083,1,1
8,1083,1,1
9,1083,1,1
10,1083,1,1
11,1083,2,2
12,1083,2,2
13,1083,1,1
14,1083,1,1
0,1084,2,1
1,1084,1,1
2,1084,1,1
3,1084,2,3
4,1084,1,1
5,1084,1,1
6,1084,1,1
7,1084,1,1
8,1084,1,1
9,1084,1,1
10,1084,1,1
11,1084,1,1
12,1084,1,1
13,1084,1,1
14,1084,1,1
0,1085,2,1
1,1085,1,1
2,1085,1,1
3,1085,2,3
4,1085,1,1
5,1085,1,1
6,1085,1,1
7,1085,1,1
8,1085,1,1
9,1085,1,1
10,1085,1,1
11,1085,1,1
12,1085,1,1
13,1085,1,1
14,1085,1,1
0,1086,3,1
1,1086,1,1
2,1086,1,1
3,1086,0,2
4,1086,1,1
5,1086,2,2
6,1086,1,1
7,1086,1,1
8,1086,1,1
9,1086,1,1
10,1086,1,1
11,1086,2,2
12,1086,2,2
13,1086,1,1
14,1086,1,1
0,1087,3,1
1,1087,1,0
2,1087,1,1
3,1087,0,2
4,1087,1,1
5,1087,2,2
6,1087,1,1
7,1087,1,1
8,1087,1,1
9,1087,1,1
10,1087,1,1
11,1087,2,2
12,1087,2,2
13,1087,1,1
14,1087,1,1
0,1088,3,1
1,1088,1,1
2,1088,1,1
3,1088,0,2
4,1088,1,1
5,1088,2,2
6,1088,1,1
7,1088,1,1
8,1088,1,1
9,1088,1,1
10,1088,1,1
11,1088,2,2
12,1088,2,2
13,1088,1,1
14,1088,1,1
0,1089,3,1
1,1089,1,0
2,1089,1,1
3,1089,0,2
4,1089,1,1
5,1089,2,2
6,1089,1,1
7,1089,1,1
8,1089,1,1
9,1089,1,1
10,1089,1,1
11,1089,2,2
12,1089,2,2
13,1089,1,1
14,1089,1,1
0,1090,1,3
1,1090,1,1
2,1090,3,1
3,1090,3,1
4,1090,1,3
5,1090,3,1
6,1090,1,1
7,1090,2,1
8,1090,1,3
9,1090,1,1
10,1090,1,1
11,1090,2,2
12,1090,2,2
13,1090,1,1
14,1090,1,1
0,1091,1,1
1,1091,1,1
2,1091,1,1
3,1091,1,1
4,1091,1,1
5,1091,1,1
6,1091,1,1
7,1091,1,1
8,1091,1,1
9,1091,1,1
10,1091,1,1
11,1091,1,1
12,1091,1,1
13,1091,1,1
14,1091,1,1
0,1092,3,1
1,1092,1,0
2,1092,1,1
3,1092,0,2
4,1092,1,1
5,1092,2,2
6,1092,1,1
7,1092,1,1
8,1092,1,1
9,1092,1,1
10,1092,1,1
11,1092,2,2
12,1092,2,2
13,1092,1,1
14,1092,1,1
0,1093,3,1
1,1093,1,0
2,1093,1,1
3,1093,0,2
4,1093,1,1
5,1093,2,2
6,1093,1,1
7,1093,1,1
8,1093,1,1
9,1093,1,1
10,1093,1,1
11,1093,2,2
12,1093,2,2
13,1093,1,1
14,1093,1,1
0,1094,3,1
1,1094,1,0
2,1094,1,1
3,1094,0,2
4,1094,1,1
5,1094,2,2
6,1094,1,1
7,1094,1,1
8,1094,1,1
9,1094,1,1
10,1094,1,1
11,1094,2,2
12,1094,2,2
13,1094,1,1
14,1094,1,1
0,1095,3,1
1,1095,1,0
2,1095,1,1
3,1095,0,2
4,1095,1,1
5,1095,2,2
6,1095,1,1
7,1095,1,1
8,1095,1,1
9,1095,1,1
10,1095,1,1
11,1095,2,2
12,1095,2,2
13,1095,1,1
14,1095,1,1
0,1096,3,1
1,1096,1,1
2,1096,1,1
3,1096,0,2
4,1096,1,1
5,1096,2,2
6,1096,1,1
7,1096,1,1
8,1096,1,1
9,1096,1,1
10,1096,1,1
11,1096,2,2
12,1096,2,2
13,1096,1,1
14,1096,1,1
0,1097,2,1
1,1097,1,1
2,1097,1,1
3,1097,2,3
4,1097,1,2
5,1097,3,1
6,1097,1,1
7,1097,2,1
8,1097,1,3
9,1097,1,1
10,1097,1,1
11,1097,2,2
12,1097,2,2
13,1097,1,1
14,1097,1,1
0,1098,3,1
1,1098,1,0
2,1098,1,1
3,1098,0,2
4,1098,1,1
5,1098,2,2
6,1098,1,1
7,1098,1,1
8,1098,1,1
9,1098,1,1
10,1098,1,1
11,1098,2,2
12,1098,2,2
13,1098,1,1
14,1098,1,1
0,1099,1,1
1,1099,1,1
2,1099,1,1
3,1099,1,1
4,1099,1,1
5,1099,1,1
6,1099,1,1
7,1099,1,1
8,1099,1,1
9,1099,1,1
10,1099,1,1
11,1099,1,1
12,1099,1,1
13,1099,1,1
14,1099,1,1
0,1100,3,1
1,1100,1,0
2,1100,1,1
3,1100,0,2
4,1100,1,1
5,1100,2,2
6,1100,1,1
7,1100,1,1
8,1100,1,1
9,1100,1,1
10,1100,1,1
11,1100,2,2
12,1100,2,2
13,1100,1,1
14,1100,1,1
0,1101,2,1
1,1101,1,1
2,1101,1,1
3,1101,2,3
4,1101,1,1
5,1101,1,1
6,1101,1,1
7,1101,1,1
8,1101,1,1
9,1101,1,1
10,1101,1,1
11,1101,1,1
12,1101,1,1
13,1101,1,1
14,1101,1,1
0,1102,2,1
1,1102,1,1
2,1102,1,1
3,1102,2,3
4,1102,3,1
5,1102,3,1
6,1102,1,1
7,1102,2,1
8,1102,1,3
9,1102,1,1
10,1102,1,1
11,1102,2,2
12,1102,2,2
13,1102,1,1
14,1102,1,1
0,1103,3,1
1,1103,1,0
2,1103,1,1
3,1103,0,2
4,1103,1,1
5,1103,2,2
6,1103,1,1
7,1103,1,1
8,1103,1,1
9,1103,1,1
10,1103,1,1
11,1103,2,2
12,1103,2,2
13,1103,1,1
14,1103,1,1
0,1104,2,1
1,1104,1,1
2,1104,1,1
3,1104,2,3
4,1104,3,1
5,1104,3,1
6,1104,1,1
7,1104,2,1
8,1104,1,3
9,1104,1,1
10,1104,1,1
11,1104,2,2
12,1104,2,2
13,1104,1,1
14,1104,1,1
0,1105,2,1
1,1105,1,1
2,1105,1,1
3,1105,2,3
4,1105,3,1
5,1105,3,1
6,1105,1,1
7,1105,2,1
8,1105,1,3
9,1105,1,1
10,1105,1,1
11,1105,2,2
12,1105,2,2
13,1105,1,1
14,1105,1,1
0,1106,3,1
1,1106,1,1
2,1106,1,1
3,1106,0,2
4,1106,1,1
5,1106,2,2
6,1106,1,1
7,1106,1,1
8,1106,1,1
9,1106,1,1
10,1106,1,1
11,1106,2,2
12,1106,2,2
13,1106,1,1
14,1106,1,1
0,1107,2,1
1,1107,1,1
2,1107,1,1
3,1107,2,3
4,1107,3,1
5,1107,3,1
6,1107,1,1
7,1107,2,1
8,1107,1,3
9,1107,1,1
10,1107,1,1
11,1107,2,2
12,1107,2,2
13,1107,1,1
14,1107,1,1
0,1108,2,1
1,1108,1,1
2,1108,1,1
3,1108,2,3
4,1108,3,1
5,1108,3,1
6,1108,1,1
7,1108,2,1
8,1108,1,3
9,1108,1,1
10,1108,1,1
11,1108,2,2
12,1108,2,2
13,1108,1,1
14,1108,1,1
0,1109,1,3
1,1109,1,1
2,1109,3,1
3,1109,3,1
4,1109,1,3
5,1109,3,1
6,1109,1,1
7,1109,2,1
8,1109,1,3
9,1109,1,1
10,1109,1,1
11,1109,2,2
12,1109,2,2
13,1109,1,1
14,1109,1,1
0,1110,3,1
1,1110,1,0
2,1110,1,1
3,1110,0,2
4,1110,1,1
5,1110,2,2
6,1110,1,1
7,1110,1,1
8,1110,1,1
9,1110,1,1
10,1110,1,1
11,1110,2,2
12,1110,2,2
13,1110,1,1
14,1110,1,1
0,1111,3,1
1,1111,1,0
2,1111,1,1
3,1111,0,2
4,1111,1,1
5,1111,2,2
6,1111,1,1
7,1111,1,1
8,1111,1,1
9,1111,1,1
10,1111,1,1
11,1111,2,2
12,1111,2,2
13,1111,1,1
14,1111,1,1
0,1112,3,1
1,1112,1,1
2,1112,1,1
3,1112,0,2
4,1112,1,1
5,1112,2,2
6,1112,1,1
7,1112,1,1
8,1112,1,1
9,1112,1,1
10,1112,1,1
11,1112,2,2
12,1112,2,2
13,1112,1,1
14,1112,1,1
0,1113,2,1
1,1113,1,1
2,1113,1,1
3,1113,2,3
4,1113,1,1
5,1113,1,1
6,1113,1,1
7,1113,1,1
8,1113,1,1
9,1113,1,1
10,1113,1,1
11,1113,1,1
12,1113,1,1
13,1113,1,1
14,1113,1,1
0,1114,3,1
1,1114,1,1
2,1114,1,1
3,1114,0,2
4,1114,1,1
5,1114,2,2
6,1114,1,1
7,1114,1,1
8,1114,1,1
9,1114,1,1
10,1114,1,1
11,1114,2,2
12,1114,2,2
13,1114,1,1
14,1114,1,1
0,1115,2,1
1,1115,1,1
2,1115,1,1
3,1115,2,3
4,1115,3,1
5,1115,3,1
6,1115,1,1
7,1115,2,1
8,1115,1,3
9,1115,1,1
10,1115,1,1
11,1115,2,2
12,1115,2,2
13,1115,1,1
14,1115,1,1
0,1116,1,1
1,1116,1,1
2,1116,1,1
3,1116,1,1
4,1116,1,1
5,1116,1,1
6,1116,1,1
7,1116,1,1
8,1116,1,1
9,1116,1,1
10,1116,1,1
11,1116,1,1
12,1116,1,1
13,1116,1,1
14,1116,1,1
0,1117,1,1
1,1117,1,1
2,1117,1,1
3,1117,1,1
4,1117,1,1
5,1117,1,1
6,1117,1,1
7,1117,1,1
8,1117,1,1
9,1117,1,1
10,1117,1,1
11,1117,1,1
12,1117,1,1
13,1117,1,1
14,1117,1,1
0,1118,1,1
1,1118,1,1
2,1118,1,1
3,1118,1,1
4,1118,1,1
5,1118,1,1
6,1118,1,1
7,1118,1,1
8,1118,1,1
9,1118,1,1
10,1118,1,1
11,1118,1,1
12,1118,1,1
13,1118,1,1
14,1118,1,1
0,1119,2,1
1,1119,1,1
2,1119,1,1
3,1119,2,3
4,1119,1,1
5,1119,1,1
6,1119,1,1
7,1119,1,1
8,1119,1,1
9,1119,1,1
10,1119,1,1
11,1119,1,1
12,1119,1,1
13,1119,1,1
14,1119,1,1
0,1120,1,3
1,1120,1,1
2,1120,3,1
3,1120,3,1
4,1120,1,3
5,1120,3,1
6,1120,1,1
7,1120,2,1
8,1120,1,3
9,1120,1,1
10,1120,1,1
11,1120,2,2
12,1120,2,2
13,1120,1,1
14,1120,1,1
0,1121,2,1
1,1121,1,1
2,1121,1,1
3,1121,2,3
4,1121,3,1
5,1121,3,1
6,1121,1,1
7,1121,2,1
8,1121,1,3
9,1121,1,1
10,1121,1,1
11,1121,2,2
12,1121,2,2
13,1121,1,1
14,1121,1,1
0,1122,3,1
1,1122,1,0
2,1122,1,1
3,1122,0,2
4,1122,1,1
5,1122,2,2
6,1122,1,1
7,1122,1,1
8,1122,1,1
9,1122,1,1
10,1122,1,1
11,1122,2,2
12,1122,2,2
13,1122,1,1
14,1122,1,1
0,1123,3,1
1,1123,1,0
2,1123,1,1
3,1123,0,2
4,1123,1,1
5,1123,2,2
6,1123,1,1
7,1123,1,1
8,1123,1,1
9,1123,1,1
10,1123,1,1
11,1123,2,2
12,1123,2,2
13,1123,1,1
14,1123,1,1
0,1124,3,1
1,1124,1,0
2,1124,1,1
3,1124,0,2
4,1124,1,1
5,1124,2,2
6,1124,1,1
7,1124,1,1
8,1124,1,1
9,1124,1,1
10,1124,1,1
11,1124,2,2
12,1124,2,2
13,1124,1,1
14,1124,1,1
0,1125,2,1
1,1125,1,1
2,1125,1,1
3,1125,2,3
4,1125,1,1
5,1125,1,1
6,1125,1,1
7,1125,1,1
8,1125,1,1
9,1125,1,1
10,1125,1,1
11,1125,1,1
12,1125,1,1
13,1125,1,1
14,1125,1,1
0,1126,2,1
1,1126,1,1
2,1126,1,1
3,1126,2,3
4,1126,1,1
5,1126,1,1
6,1126,1,1
7,1126,1,1
8,1126,1,1
9,1126,1,1
10,1126,1,1
11,1126,1,1
12,1126,1,1
13,1126,1,1
14,1126,1,1
0,1127,2,1
1,1127,1,1
2,1127,1,1
3,1127,2,3
4,1127,1,2
5,1127,3,1
6,1127,1,1
7,1127,2,1
8,1127,1,3
9,1127,1,1
10,1127,1,1
11,1127,2,2
12,1127,2,2
13,1127,1,1
14,1127,1,1
0,1128,2,1
1,1128,1,1
2,1128,1,1
3,1128,2,3
4,1128,3,1
5,1128,3,1
6,1128,1,1
7,1128,2,1
8,1128,1,3
9,1128,1,1
10,1128,1,1
11,1128,2,2
12,1128,2,2
13,1128,1,1
14,1128,1,1
0,1129,2,1
1,1129,1,1
2,1129,1,1
3,1129,2,3
4,1129,1,1
5,1129,1,1
6,1129,1,1
7,1129,1,1
8,1129,1,1
9,1129,1,1
10,1129,1,1
11,1129,1,1
12,1129,1,1
13,1129,1,1
14,1129,1,1
0,1130,1,1
1,1130,1,1
2,1130,1,1
3,1130,1,1
4,1130,1,1
5,1130,1,1
6,1130,1,1
7,1130,1,1
8,1130,1,1
9,1130,1,1
10,1130,1,1
11,1130,1,1
12,1130,1,1
13,1130,1,1
14,1130,1,1
0,1131,3,1
1,1131,1,0
2,1131,1,1
3,1131,0,2
4,1131,1,1
5,1131,2,2
6,1131,1,1
7,1131,1,1
8,1131,1,1
9,1131,1,1
10,1131,1,1
11,1131,2,2
12,1131,2,2
13,1131,1,1
14,1131,1,1
0,1132,2,1
1,1132,1,1
2,1132,1,1
3,1132,2,3
4,1132,3,1
5,1132,3,1
6,1132,1,1
7,1132,2,1
8,1132,1,3
9,1132,1,1
10,1132,1,1
11,1132,2,2
12,1132,2,2
13,1132,1,1
14,1132,1,1
0,1133,2,1
1,1133,1,1
2,1133,1,1
3,1133,2,3
4,1133,1,2
5,1133,3,1
6,1133,1,1
7,1133,2,1
8,1133,1,3
9,1133,1,1
10,1133,1,1
11,1133,2,2
12,1133,2,2
13,1133,1,1
14,1133,1,1
0,1134,3,1
1,1134,1,0
2,1134,1,1
3,1134,0,2
4,1134,1,1
5,1134,2,2
6,1134,1,1
7,1134,1,1
8,1134,1,1
9,1134,1,1
10,1134,1,1
11,1134,2,2
12,1134,2,2
13,1134,1,1
14,1134,1,1
0,1135,3,1
1,1135,1,1
2,1135,1,1
3,1135,0,2
4,1135,1,1
5,1135,2,2
6,1135,1,1
7,1135,1,1
8,1135,1,1
9,1135,1,1
10,1135,1,1
11,1135,2,2
12,1135,2,2
13,1135,1,1
14,1135,1,1
0,1136,2,1
1,1136,1,1
2,1136,1,1
3,1136,2,3
4,1136,1,2
5,1136,3,1
6,1136,1,1
7,1136,2,1
8,1136,1,3
9,1136,1,1
10,1136,1,1
11,1136,2,2
12,1136,2,2
13,1136,1,1
14,1136,1,1
0,1137,3,1
1,1137,1,1
2,1137,1,1
3,1137,0,2
4,1137,1,1
5,1137,2,2
6,1137,1,1
7,1137,1,1
8,1137,1,1
9,1137,1,1
10,1137,1,1
11,1137,2,2
12,1137,2,2
13,1137,1,1
14,1137,1,1
0,1138,3,1
1,1138,1,1
2,1138,1,1
3,1138,0,2
4,1138,1,1
5,1138,2,2
6,1138,1,1
7,1138,1,1
8,1138,1,1
9,1138,1,1
10,1138,1,1
11,1138,2,2
12,1138,2,2
13,1138,1,1
14,1138,1,1
0,1139,1,3
1,1139,1,1
2,1139,3,1
3,1139,3,1
4,1139,1,3
5,1139,3,1
6,1139,1,1
7,1139,2,1
8,1139,1,3
9,1139,1,1
10,1139,1,1
11,1139,2,2
12,1139,2,2
13,1139,1,1
14,1139,1,1
0,1140,2,1
1,1140,1,1
2,1140,1,1
3,1140,2,3
4,1140,3,1
5,1140,3,1
6,1140,1,1
7,1140,2,1
8,1140,1,3
9,1140,1,1
10,1140,1,1
11,1140,2,2
12,1140,2,2
13,1140,1,1
14,1140,1,1
0,1141,2,1
1,1141,1,1
2,1141,1,1
3,1141,2,3
4,1141,1,1
5,1141,1,1
6,1141,1,1
7,1141,1,1
8,1141,1,1
9,1141,1,1
10,1141,1,1
11,1141,1,1
12,1141,1,1
13,1141,1,1
14,1141,1,1
0,1142,2,1
1,1142,1,1
2,1142,1,1
3,1142,2,3
4,1142,3,1
5,1142,3,1
6,1142,1,1
7,1142,2,1
8,1142,1,3
9,1142,1,1
10,1142,1,1
11,1142,2,2
12,1142,2,2
13,1142,1,1
14,1142,1,1
0,1143,2,1
1,1143,1,1
2,1143,1,1
3,1143,2,3
4,1143,1,1
5,1143,1,1
6,1143,1,1
7,1143,1,1
8,1143,1,1
9,1143,1,1
10,1143,1,1
11,1143,1,1
12,1143,1,1
13,1143,1,1
14,1143,1,1
0,1144,2,1
1,1144,1,1
2,1144,1,1
3,1144,2,3
4,1144,3,1
5,1144,3,1
6,1144,1,1
7,1144,2,1
8,1144,1,3
9,1144,1,1
10,1144,1,1
11,1144,2,2
12,1144,2,2
13,1144,1,1
14,1144,1,1
0,1145,3,1
1,1145,1,0
2,1145,1,1
3,1145,0,2
4,1145,1,1
5,1145,2,2
6,1145,1,1
7,1145,1,1
8,1145,1,1
9,1145,1,1
10,1145,1,1
11,1145,2,2
12,1145,2,2
13,1145,1,1
14,1145,1,1
0,1146,2,1
1,1146,1,1
2,1146,1,1
3,1146,2,3
4,1146,3,1
5,1146,3,1
6,1146,1,1
7,1146,2,1
8,1146,1,3
9,1146,1,1
10,1146,1,1
11,1146,2,2
12,1146,2,2
13,1146,1,1
14,1146,1,1
0,1147,1,1
1,1147,1,1
2,1147,1,1
3,1147,1,1
4,1147,1,1
5,1147,1,1
6,1147,1,1
7,1147,1,1
8,1147,1,1
9,1147,1,1
10,1147,1,1
11,1147,1,1
12,1147,1,1
13,1147,1,1
14,1147,1,1
0,1148,3,1
1,1148,1,0
2,1148,1,1
3,1148,0,2
4,1148,1,1
5,1148,2,2
6,1148,1,1
7,1148,1,1
8,1148,1,1
9,1148,1,1
10,1148,1,1
11,1148,2,2
12,1148,2,2
13,1148,1,1
14,1148,1,1
0,1149,3,1
1,1149,1,0
2,1149,1,1
3,1149,0,2
4,1149,1,1
5,1149,2,2
6,1149,1,1
7,1149,1,1
8,1149,1,1
9,1149,1,1
10,1149,1,1
11,1149,2,2
12,1149,2,2
13,1149,1,1
14,1149,1,1
0,1150,3,1
1,1150,1,0
2,1150,1,1
3,1150,0,2
4,1150,1,1
5,1150,2,2
6,1150,1,1
7,1150,1,1
8,1150,1,1
9,1150,1,1
10,1150,1,1
11,1150,2,2
12,1150,2,2
13,1150,1,1
14,1150,1,1
0,1151,3,1
1,1151,1,1
2,1151,1,1
3,1151,0,2
4,1151,1,1
5,1151,2,2
6,1151,1,1
7,1151,1,1
8,1151,1,1
9,1151,1,1
10,1151,1,1
11,1151,2,2
12,1151,2,2
13,1151,1,1
14,1151,1,1
0,1152,2,1
1,1152,1,1
2,1152,1,1
3,1152,2,3
4,1152,1,2
5,1152,3,1
6,1152,1,1
7,1152,2,1
8,1152,1,3
9,1152,1,1
10,1152,1,1
11,1152,2,2
12,1152,2,2
13,1152,1,1
14,1152,1,1
0,1153,3,1
1,1153,1,1
2,1153,1,1
3,1153,0,2
4,1153,1,1
5,1153,2,2
6,1153,1,1
7,1153,1,1
8,1153,1,1
9,1153,1,1
10,1153,1,1
11,1153,2,2
12,1153,2,2
13,1153,1,1
14,1153,1,1
0,1154,2,1
1,1154,1,1
2,1154,1,1
3,1154,2,3
4,1154,1,1
5,1154,1,1
6,1154,1,1
7,1154,1,1
8,1154,1,1
9,1154,1,1
10,1154,1,1
11,1154,1,1
12,1154,1,1
13,1154,1,1
14,1154,1,1
0,1155,2,1
1,1155,1,1
2,1155,1,1
3,1155,2,3
4,1155,3,1
5,1155,3,1
6,1155,1,1
7,1155,2,1
8,1155,1,3
9,1155,1,1
10,1155,1,1
11,1155,2,2
12,1155,2,2
13,1155,1,1
14,1155,1,1
0,1156,2,1
1,1156,1,1
2,1156,1,1
3,1156,2,3
4,1156,3,1
5,1156,3,1
6,1156,1,1
7,1156,2,1
8,1156,1,3
9,1156,1,1
10,1156,1,1
11,1156,2,2
12,1156,2,2
13,1156,1,1
14,1156,1,1
0,1157,2,1
1,1157,1,1
2,1157,1,1
3,1157,2,3
4,1157,1,2
5,1157,3,1
6,1157,1,1
7,1157,2,1
8,1157,1,3
9,1157,1,1
10,1157,1,1
11,1157,2,2
12,1157,2,2
13,1157,1,1
14,1157,1,1
0,1158,3,1
1,1158,1,0
2,1158,1,1
3,1158,0,2
4,1158,1,1
5,1158,2,2
6,1158,1,1
7,1158,1,1
8,1158,1,1
9,1158,1,1
10,1158,1,1
11,1158,2,2
12,1158,2,2
13,1158,1,1
14,1158,1,1
0,1159,3,1
1,1159,1,0
2,1159,1,1
3,1159,0,2
4,1159,1,1
5,1159,2,2
6,1159,1,1
7,1159,1,1
8,1159,1,1
9,1159,1,1
10,1159,1,1
11,1159,2,2
12,1159,2,2
13,1159,1,1
14,1159,1,1
0,1160,2,1
1,1160,1,1
2,1160,1,1
3,1160,2,3
4,1160,1,1
5,1160,1,1
6,1160,1,1
7,1160,1,1
8,1160,1,1
9,1160,1,1
10,1160,1,1
11,1160,1,1
12,1160,1,1
13,1160,1,1
14,1160,1,1
0,1161,2,1
1,1161,1,1
2,1161,1,1
3,1161,2,3
4,1161,1,1
5,1161,1,1
6,1161,1,1
7,1161,1,1
8,1161,1,1
9,1161,1,1
10,1161,1,1
11,1161,1,1
12,1161,1,1
13,1161,1,1
14,1161,1,1
0,1162,2,1
1,1162,1,1
2,1162,1,1
3,1162,2,3
4,1162,1,1
5,1162,1,1
6,1162,1,1
7,1162,1,1
8,1162,1,1
9,1162,1,1
10,1162,1,1
11,1162,1,1
12,1162,1,1
13,1162,1,1
14,1162,1,1
0,1163,2,1
1,1163,1,1
2,1163,1,1
3,1163,2,3
4,1163,3,1
5,1163,3,1
6,1163,1,1
7,1163,2,1
8,1163,1,3
9,1163,1,1
10,1163,1,1
11,1163,2,2
12,1163,2,2
13,1163,1,1
14,1163,1,1
0,1164,2,1
1,1164,1,1
2,1164,1,1
3,1164,2,3
4,1164,3,1
5,1164,3,1
6,1164,1,1
7,1164,2,1
8,1164,1,3
9,1164,1,1
10,1164,1,1
11,1164,2,2
12,1164,2,2
13,1164,1,1
14,1164,1,1
0,1165,3,1
1,1165,1,0
2,1165,1,1
3,1165,0,2
4,1165,1,1
5,1165,2,2
6,1165,1,1
7,1165,1,1
8,1165,1,1
9,1165,1,1
10,1165,1,1
11,1165,2,2
12,1165,2,2
13,1165,1,1
14,1165,1,1
0,1166,3,1
1,1166,1,0
2,1166,1,1
3,1166,0,2
4,1166,1,1
5,1166,2,2
6,1166,1,1
7,1166,1,1
8,1166,1,1
9,1166,1,1
10,1166,1,1
11,1166,2,2
12,1166,2,2
13,1166,1,1
14,1166,1,1
0,1167,1,1
1,1167,1,1
2,1167,1,1
3,1167,1,1
4,1167,1,1
5,1167,1,1
6,1167,1,1
7,1167,1,1
8,1167,1,1
9,1167,1,1
10,1167,1,1
11,1167,1,1
12,1167,1,1
13,1167,1,1
14,1167,1,1
0,1168,3,1
1,1168,1,0
2,1168,1,1
3,1168,0,2
4,1168,1,1
5,1168,2,2
6,1168,1,1
7,1168,1,1
8,1168,1,1
9,1168,1,1
10,1168,1,1
11,1168,2,2
12,1168,2,2
13,1168,1,1
14,1168,1,1
0,1169,2,1
1,1169,1,1
2,1169,1,1
3,1169,2,3
4,1169,1,2
5,1169,3,1
6,1169,1,1
7,1169,2,1
8,1169,1,3
9,1169,1,1
10,1169,1,1
11,1169,2,2
12,1169,2,2
13,1169,1,1
14,1169,1,1
0,1170,3,1
1,1170,1,0
2,1170,1,1
3,1170,0,2
4,1170,1,1
5,1170,2,2
6,1170,1,1
7,1170,1,1
8,1170,1,1
9,1170,1,1
10,1170,1,1
11,1170,2,2
12,1170,2,2
13,1170,1,1
14,1170,1,1
0,1171,2,1
1,1171,1,1
2,1171,1,1
3,1171,2,3
4,1171,1,2
5,1171,3,1
6,1171,1,1
7,1171,2,1
8,1171,1,3
9,1171,1,1
10,1171,1,1
11,1171,2,2
12,1171,2,2
13,1171,1,1
14,1171,1,1
0,1172,2,1
1,1172,1,1
2,1172,1,1
3,1172,2,3
4,1172,3,1
5,1172,3,1
6,1172,1,1
7,1172,2,1
8,1172,1,3
9,1172,1,1
10,1172,1,1
11,1172,2,2
12,1172,2,2
13,1172,1,1
14,1172,1,1
0,1173,1,3
1,1173,1,1
2,1173,3,1
3,1173,3,1
4,1173,1,3
5,1173,3,1
6,1173,1,1
7,1173,2,1
8,1173,1,3
9,1173,1,1
10,1173,1,1
11,1173,2,2
12,1173,2,2
13,1173,1,1
14,1173,1,1
0,1174,3,1
1,1174,1,1
2,1174,1,1
3,1174,0,2
4,1174,1,1
5,1174,2,2
6,1174,1,1
7,1174,1,1
8,1174,1,1
9,1174,1,1
10,1174,1,1
11,1174,2,2
12,1174,2,2
13,1174,1,1
14,1174,1,1
0,1175,3,1
1,1175,1,1
2,1175,1,1
3,1175,0,2
4,1175,1,1
5,1175,2,2
6,1175,1,1
7,1175,1,1
8,1175,1,1
9,1175,1,1
10,1175,1,1
11,1175,2,2
12,1175,2,2
13,1175,1,1
14,1175,1,1
0,1176,2,1
1,1176,1,1
2,1176,1,1
3,1176,2,3
4,1176,3,1
5,1176,3,1
6,1176,1,1
7,1176,2,1
8,1176,1,3
9,1176,1,1
10,1176,1,1
11,1176,2,2
12,1176,2,2
13,1176,1,1
14,1176,1,1
0,1177,2,1
1,1177,1,1
2,1177,1,1
3,1177,2,3
4,1177,1,2
5,1177,3,1
6,1177,1,1
7,1177,2,1
8,1177,1,3
9,1177,1,1
10,1177,1,1
11,1177,2,2
12,1177,2,2
13,1177,1,1
14,1177,1,1
0,1178,1,1
1,1178,1,1
2,1178,1,1
3,1178,1,1
4,1178,1,1
5,1178,1,1
6,1178,1,1
7,1178,1,1
8,1178,1,1
9,1178,1,1
10,1178,1,1
11,1178,1,1
12,1178,1,1
13,1178,1,1
14,1178,1,1
0,1179,1,1
1,1179,1,1
2,1179,1,1
3,1179,1,1
4,1179,1,1
5,1179,1,1
6,1179,1,1
7,1179,1,1
8,1179,1,1
9,1179,1,1
10,1179,1,1
11,1179,1,1
12,1179,1,1
13,1179,1,1
14,1179,1,1
0,1180,2,1
1,1180,1,1
2,1180,1,1
3,1180,2,3
4,1180,3,1
5,1180,3,1
6,1180,1,1
7,1180,2,1
8,1180,1,3
9,1180,1,1
10,1180,1,1
11,1180,2,2
12,1180,2,2
13,1180,1,1
14,1180,1,1
0,1181,3,1
1,1181,1,0
2,1181,1,1
3,1181,0,2
4,1181,1,1
5,1181,2,2
6,1181,1,1
7,1181,1,1
8,1181,1,1
9,1181,1,1
10,1181,1,1
11,1181,2,2
12,1181,2,2
13,1181,1,1
14,1181,1,1
0,1182,2,1
1,1182,1,1
2,1182,1,1
3,1182,2,3
4,1182,1,2
5,1182,3,1
6,1182,1,1
7,1182,2,1
8,1182,1,3
9,1182,1,1
10,1182,1,1
11,1182,2,2
12,1182,2,2
13,1182,1,1
14,1182,1,1
0,1183,2,1
1,1183,1,1
2,1183,1,1
3,1183,2,3
4,1183,3,1
5,1183,3,1
6,1183,1,1
7,1183,2,1
8,1183,1,3
9,1183,1,1
10,1183,1,1
11,1183,2,2
12,1183,2,2
13,1183,1,1
14,1183,1,1
0,1184,3,1
1,1184,1,0
2,1184,1,1
3,1184,0,2
4,1184,1,1
5,1184,2,2
6,1184,1,1
7,1184,1,1
8,1184,1,1
9,1184,1,1
10,1184,1,1
11,1184,2,2
12,1184,2,2
13,1184,1,1
14,1184,1,1
0,1185,1,1
1,1185,1,1
2,1185,1,1
3,1185,1,1
4,1185,1,1
5,1185,1,1
6,1185,1,1
7,1185,1,1
8,1185,1,1
9,1185,1,1
10,1185,1,1
11,1185,1,1
12,1185,1,1
13,1185,1,1
14,1185,1,1
0,1186,3,1
1,1186,1,0
2,1186,1,1
3,1186,0,2
4,1186,1,1
5,1186,2,2
6,1186,1,1
7,1186,1,1
8,1186,1,1
9,1186,1,1
10,1186,1,1
11,1186,2,2
12,1186,2,2
13,1186,1,1
14,1186,1,1
0,1187,2,1
1,1187,1,1
2,1187,1,1
3,1187,2,3
4,1187,1,2
5,1187,3,1
6,1187,1,1
7,1187,2,1
8,1187,1,3
9,1187,1,1
10,1187,1,1
11,1187,2,2
12,1187,2,2
13,1187,1,1
14,1187,1,1
0,1188,1,3
1,1188,1,1
2,1188,3,1
3,1188,3,1
4,1188,1,3
5,1188,3,1
6,1188,1,1
7,1188,2,1
8,1188,1,3
9,1188,1,1
10,1188,1,1
11,1188,2,2
12,1188,2,2
13,1188,1,1
14,1188,1,1
0,1189,2,1
1,1189,1,1
2,1189,1,1
3,1189,2,3
4,1189,1,1
5,1189,1,1
6,1189,1,1
7,1189,1,1
8,1189,1,1
9,1189,1,1
10,1189,1,1
11,1189,1,1
12,1189,1,1
13,1189,1,1
14,1189,1,1
0,1190,3,1
1,1190,1,0
2,1190,1,1
3,1190,0,2
4,1190,1,1
5,1190,2,2
6,1190,1,1
7,1190,1,1
8,1190,1,1
9,1190,1,1
10,1190,1,1
11,1190,2,2
12,1190,2,2
13,1190,1,1
14,1190,1,1
0,1191,2,1
1,1191,1,1
2,1191,1,1
3,1191,2,3
4,1191,1,1
5,1191,1,1
6,1191,1,1
7,1191,1,1
8,1191,1,1
9,1191,1,1
10,1191,1,1
11,1191,1,1
12,1191,1,1
13,1191,1,1
14,1191,1,1
0,1192,1,1
1,1192,1,1
2,1192,1,1
3,1192,1,1
4,1192,1,1
5,1192,1,1
6,1192,1,1
7,1192,1,1
8,1192,1,1
9,1192,1,1
10,1192,1,1
11,1192,1,1
12,1192,1,1
13,1192,1,1
14,1192,1,1
0,1193,3,1
1,1193,1,0
2,1193,1,1
3,1193,0,2
4,1193,1,1
5,1193,2,2
6,1193,1,1
7,1193,1,1
8,1193,1,1
9,1193,1,1
10,1193,1,1
11,1193,2,2
12,1193,2,2
13,1193,1,1
14,1193,1,1
0,1194,2,1
1,1194,1,1
2,1194,1,1
3,1194,2,3
4,1194,1,1
5,1194,1,1
6,1194,1,1
7,1194,1,1
8,1194,1,1
9,1194,1,1
10,1194,1,1
11,1194,1,1
12,1194,1,1
13,1194,1,1
14,1194,1,1
0,1195,3,1
1,1195,1,0
2,1195,1,1
3,1195,0,2
4,1195,1,1
5,1195,2,2
6,1195,1,1
7,1195,1,1
8,1195,1,1
9,1195,1,1
10,1195,1,1
11,1195,2,2
12,1195,2,2
13,1195,1,1
14,1195,1,1
0,1196,1,1
1,1196,1,1
2,1196,1,1
3,1196,1,1
4,1196,1,1
5,1196,1,1
6,1196,1,1
7,1196,1,1
8,1196,1,1
9,1196,1,1
10,1196,1,1
11,1196,1,1
12,1196,1,1
13,1196,1,1
14,1196,1,1
0,1197,3,1
1,1197,1,1
2,1197,1,1
3,1197,0,2
4,1197,1,1
5,1197,2,2
6,1197,1,1
7,1197,1,1
8,1197,1,1
9,1197,1,1
10,1197,1,1
11,1197,2,2
12,1197,2,2
13,1197,1,1
14,1197,1,1
0,1198,2,1
1,1198,1,1
2,1198,1,1
3,1198,2,3
4,1198,3,1
5,1198,3,1
6,1198,1,1
7,1198,2,1
8,1198,1,3
9,1198,1,1
10,1198,1,1
11,1198,2,2
12,1198,2,2
13,1198,1,1
14,1198,1,1
0,1199,2,1
1,1199,1,1
2,1199,1,1
3,1199,2,3
4,1199,1,2
5,1199,3,1
6,1199,1,1
7,1199,2,1
8,1199,1,3
9,1199,1,1
10,1199,1,1
11,1199,2,2
12,1199,2,2
13,1199,1,1
14,1199,1,1
0,1200,2,1
1,1200,1,1
2,1200,1,1
3,1200,2,3
4,1200,1,1
5,1200,1,1
6,1200,1,1
7,1200,1,1
8,1200,1,1
9,1200,1,1
10,1200,1,1
11,1200,1,1
12,1200,1,1
13,1200,1,1
14,1200,1,1
0,1201,3,1
1,1201,1,1
2,1201,1,1
3,1201,0,2
4,1201,1,1
5,1201,2,2
6,1201,1,1
7,1201,1,1
8,1201,1,1
9,1201,1,1
10,1201,1,1
11,1201,2,2
12,1201,2,2
13,1201,1,1
14,1201,1,1
0,1202,3,1
1,1202,1,0
2,1202,1,1
3,1202,0,2
4,1202,1,1
5,1202,2,2
6,1202,1,1
7,1202,1,1
8,1202,1,1
9,1202,1,1
10,1202,1,1
11,1202,2,2
12,1202,2,2
13,1202,1,1
14,1202,1,1
0,1203,1,3
1,1203,1,1
2,1203,3,1
3,1203,3,1
4,1203,1,3
5,1203,3,1
6,1203,1,1
7,1203,2,1
8,1203,1,3
9,1203,1,1
10,1203,1,1
11,1203,2,2
12,1203,2,2
13,1203,1,1
14,1203,1,1
0,1204,2,1
1,1204,1,1
2,1204,1,1
3,1204,2,3
4,1204,1,1
5,1204,1,1
6,1204,1,1
7,1204,1,1
8,1204,1,1
9,1204,1,1
10,1204,1,1
11,1204,1,1
12,1204,1,1
13,1204,1,1
14,1204,1,1
0,1205,2,1
1,1205,1,1
2,1205,1,1
3,1205,2,3
4,1205,1,2
5,1205,3,1
6,1205,1,1
7,1205,2,1
8,1205,1,3
9,1205,1,1
10,1205,1,1
11,1205,2,2
12,1205,2,2
13,1205,1,1
14,1205,1,1
0,1206,3,1
1,1206,1,0
2,1206,1,1
3,1206,0,2
4,1206,1,1
5,1206,2,2
6,1206,1,1
7,1206,1,1
8,1206,1,1
9,1206,1,1
10,1206,1,1
11,1206,2,2
12,1206,2,2
13,1206,1,1
14,1206,1,1
0,1207,2,1
1,1207,1,1
2,1207,1,1
3,1207,2,3
4,1207,3,1
5,1207,3,1
6,1207,1,1
7,1207,2,1
8,1207,1,3
9,1207,1,1
10,1207,1,1
11,1207,2,2
12,1207,2,2
13,1207,1,1
14,1207,1,1
0,1208,1,1
1,1208,1,1
2,1208,1,1
3,1208,1,1
4,1208,1,1
5,1208,1,1
6,1208,1,1
7,1208,1,1
8,1208,1,1
9,1208,1,1
10,1208,1,1
11,1208,1,1
12,1208,1,1
13,1208,1,1
14,1208,1,1
0,1209,1,1
1,1209,1,1
2,1209,1,1
3,1209,1,1
4,1209,1,1
5,1209,1,1
6,1209,1,1
7,1209,1,1
8,1209,1,1
9,1209,1,1
10,1209,1,1
11,1209,1,1
12,1209,1,1
13,1209,1,1
14,1209,1,1
0,1210,2,1
1,1210,1,1
2,1210,1,1
3,1210,2,3
4,1210,1,1
5,1210,1,1
6,1210,1,1
7,1210,1,1
8,1210,1,1
9,1210,1,1
10,1210,1,1
11,1210,1,1
12,1210,1,1
13,1210,1,1
14,1210,1,1
0,1211,3,1
1,1211,1,1
2,1211,1,1
3,1211,0,2
4,1211,1,1
5,1211,2,2
6,1211,1,1
7,1211,1,1
8,1211,1,1
9,1211,1,1
10,1211,1,1
11,1211,2,2
12,1211,2,2
13,1211,1,1
14,1211,1,1
0,1212,2,1
1,1212,1,1
2,1212,1,1
3,1212,2,3
4,1212,3,1
5,1212,3,1
6,1212,1,1
7,1212,2,1
8,1212,1,3
9,1212,1,1
10,1212,1,1
11,1212,2,2
12,1212,2,2
13,1212,1,1
14,1212,1,1
0,1213,3,1
1,1213,1,0
2,1213,1,1
3,1213,0,2
4,1213,1,1
5,1213,2,2
6,1213,1,1
7,1213,1,1
8,1213,1,1
9,1213,1,1
10,1213,1,1
11,1213,2,2
12,1213,2,2
13,1213,1,1
14,1213,1,1
0,1214,2,1
1,1214,1,1
2,1214,1,1
3,1214,2,3
4,1214,3,1
5,1214,3,1
6,1214,1,1
7,1214,2,1
8,1214,1,3
9,1214,1,1
10,1214,1,1
11,1214,2,2
12,1214,2,2
13,1214,1,1
14,1214,1,1
0,1215,2,1
1,1215,1,1
2,1215,1,1
3,1215,2,3
4,1215,3,1
5,1215,3,1
6,1215,1,1
7,1215,2,1
8,1215,1,3
9,1215,1,1
10,1215,1,1
11,1215,2,2
12,1215,2,2
13,1215,1,1
14,1215,1,1
0,1216,3,1
1,1216,1,0
2,1216,1,1
3,1216,0,2
4,1216,1,1
5,1216,2,2
6,1216,1,1
7,1216,1,1
8,1216,1,1
9,1216,1,1
10,1216,1,1
11,1216,2,2
12,1216,2,2
13,1216,1,1
14,1216,1,1
0,1217,3,1
1,1217,1,0
2,1217,1,1
3,1217,0,2
4,1217,1,1
5,1217,2,2
6,1217,1,1
7,1217,1,1
8,1217,1,1
9,1217,1,1
10,1217,1,1
11,1217,2,2
12,1217,2,2
13,1217,1,1
14,1217,1,1
0,1218,2,1
1,1218,1,1
2,1218,1,1
3,1218,2,3
4,1218,1,1
5,1218,1,1
6,1218,1,1
7,1218,1,1
8,1218,1,1
9,1218,1,1
10,1218,1,1
11,1218,1,1
12,1218,1,1
13,1218,1,1
14,1218,1,1
0,1219,2,1
1,1219,1,1
2,1219,1,1
3,1219,2,3
4,1219,3,1
5,1219,3,1
6,1219,1,1
7,1219,2,1
8,1219,1,3
9,1219,1,1
10,1219,1,1
11,1219,2,2
12,1219,2,2
13,1219,1,1
14,1219,1,1
0,1220,2,1
1,1220,1,1
2,1220,1,1
3,1220,2,3
4,1220,1,2
5,1220,3,1
6,1220,1,1
7,1220,2,1
8,1220,1,3
9,1220,1,1
10,1220,1,1
11,1220,2,2
12,1220,2,2
13,1220,1,1
14,1220,1,1
0,1221,2,1
1,1221,1,1
2,1221,1,1
3,1221,2,3
4,1221,1,2
5,1221,3,1
6,1221,1,1
7,1221,2,1
8,1221,1,3
9,1221,1,1
10,1221,1,1
11,1221,2,2
12,1221,2,2
13,1221,1,1
14,1221,1,1
0,1222,3,1
1,1222,1,0
2,1222,1,1
3,1222,0,2
4,1222,1,1
5,1222,2,2
6,1222,1,1
7,1222,1,1
8,1222,1,1
9,1222,1,1
10,1222,1,1
11,1222,2,2
12,1222,2,2
13,1222,1,1
14,1222,1,1
0,1223,1,3
1,1223,1,1
2,1223,3,1
3,1223,3,1
4,1223,1,3
5,1223,3,1
6,1223,1,1
7,1223,2,1
8,1223,1,3
9,1223,1,1
10,1223,1,1
11,1223,2,2
12,1223,2,2
13,1223,1,1
14,1223,1,1
0,1224,2,1
1,1224,1,1
2,1224,1,1
3,1224,2,3
4,1224,3,1
5,1224,3,1
6,1224,1,1
7,1224,2,1
8,1224,1,3
9,1224,1,1
10,1224,1,1
11,1224,2,2
12,1224,2,2
13,1224,1,1
14,1224,1,1
0,1225,3,1
1,1225,1,0
2,1225,1,1
3,1225,0,2
4,1225,1,1
5,1225,2,2
6,1225,1,1
7,1225,1,1
8,1225,1,1
9,1225,1,1
10,1225,1,1
11,1225,2,2
12,1225,2,2
13,1225,1,1
14,1225,1,1
0,1226,1,1
1,1226,1,1
2,1226,1,1
3,1226,1,1
4,1226,1,1
5,1226,1,1
6,1226,1,1
7,1226,1,1
8,1226,1,1
9,1226,1,1
10,1226,1,1
11,1226,1,1
12,1226,1,1
13,1226,1,1
14,1226,1,1
0,1227,2,1
1,1227,1,1
2,1227,1,1
3,1227,2,3
4,1227,1,1
5,1227,1,1
6,1227,1,1
7,1227,1,1
8,1227,1,1
9,1227,1,1
10,1227,1,1
11,1227,1,1
12,1227,1,1
13,1227,1,1
14,1227,1,1
0,1228,2,1
1,1228,1,1
2,1228,1,1
3,1228,2,3
4,1228,3,1
5,1228,3,1
6,1228,1,1
7,1228,2,1
8,1228,1,3
9,1228,1,1
10,1228,1,1
11,1228,2,2
12,1228,2,2
13,1228,1,1
14,1228,1,1
0,1229,2,1
1,1229,1,1
2,1229,1,1
3,1229,2,3
4,1229,1,2
5,1229,3,1
6,1229,1,1
7,1229,2,1
8,1229,1,3
9,1229,1,1
10,1229,1,1
11,1229,2,2
12,1229,2,2
13,1229,1,1
14,1229,1,1
0,1230,3,1
1,1230,1,0
2,1230,1,1
3,1230,0,2
4,1230,1,1
5,1230,2,2
6,1230,1,1
7,1230,1,1
8,1230,1,1
9,1230,1,1
10,1230,1,1
11,1230,2,2
12,1230,2,2
13,1230,1,1
14,1230,1,1
0,1231,2,1
1,1231,1,1
2,1231,1,1
3,1231,2,3
4,1231,3,1
5,1231,3,1
6,1231,1,1
7,1231,2,1
8,1231,1,3
9,1231,1,1
10,1231,1,1
11,1231,2,2
12,1231,2,2
13,1231,1,1
14,1231,1,1
0,1232,3,1
1,1232,1,1
2,1232,1,1
3,1232,0,2
4,1232,1,1
5,1232,2,2
6,1232,1,1
7,1232,1,1
8,1232,1,1
9,1232,1,1
10,1232,1,1
11,1232,2,2
12,1232,2,2
13,1232,1,1
14,1232,1,1
0,1233,2,1
1,1233,1,1
2,1233,1,1
3,1233,2,3
4,1233,3,1
5,1233,3,1
6,1233,1,1
7,1233,2,1
8,1233,1,3
9,1233,1,1
10,1233,1,1
11,1233,2,2
12,1233,2,2
13,1233,1,1
14,1233,1,1
0,1234,2,1
1,1234,1,1
2,1234,1,1
3,1234,2,3
4,1234,1,2
5,1234,3,1
6,1234,1,1
7,1234,2,1
8,1234,1,3
9,1234,1,1
10,1234,1,1
11,1234,2,2
12,1234,2,2
13,1234,1,1
14,1234,1,1
0,1235,2,1
1,1235,1,1
2,1235,1,1
3,1235,2,3
4,1235,1,1
5,1235,1,1
6,1235,1,1
7,1235,1,1
8,1235,1,1
9,1235,1,1
10,1235,1,1
11,1235,1,1
12,1235,1,1
13,1235,1,1
14,1235,1,1
0,1236,3,1
1,1236,1,0
2,1236,1,1
3,1236,0,2
4,1236,1,1
5,1236,2,2
6,1236,1,1
7,1236,1,1
8,1236,1,1
9,1236,1,1
10,1236,1,1
11,1236,2,2
12,1236,2,2
13,1236,1,1
14,1236,1,1
0,1237,2,1
1,1237,1,1
2,1237,1,1
3,1237,2,3
4,1237,1,2
5,1237,3,1
6,1237,1,1
7,1237,2,1
8,1237,1,3
9,1237,1,1
10,1237,1,1
11,1237,2,2
12,1237,2,2
13,1237,1,1
14,1237,1,1
0,1238,1,3
1,1238,1,1
2,1238,3,1
3,1238,3,1
4,1238,1,3
5,1238,3,1
6,1238,1,1
7,1238,2,1
8,1238,1,3
9,1238,1,1
10,1238,1,1
11,1238,2,2
12,1238,2,2
13,1238,1,1
14,1238,1,1
0,1239,3,1
1,1239,1,0
2,1239,1,1
3,1239,0,2
4,1239,1,1
5,1239,2,2
6,1239,1,1
7,1239,1,1
8,1239,1,1
9,1239,1,1
10,1239,1,1
11,1239,2,2
12,1239,2,2
13,1239,1,1
14,1239,1,1
0,1240,2,1
1,1240,1,1
2,1240,1,1
3,1240,2,3
4,1240,1,1
5,1240,1,1
6,1240,1,1
7,1240,1,1
8,1240,1,1
9,1240,1,1
10,1240,1,1
11,1240,1,1
12,1240,1,1
13,1240,1,1
14,1240,1,1
0,1241,3,1
1,1241,1,1
2,1241,1,1
3,1241,0,2
4,1241,1,1
5,1241,2,2
6,1241,1,1
7,1241,1,1
8,1241,1,1
9,1241,1,1
10,1241,1,1
11,1241,2,2
12,1241,2,2
13,1241,1,1
14,1241,1,1
0,1242,3,1
1,1242,1,1
2,1242,1,1
3,1242,0,2
4,1242,1,1
5,1242,2,2
6,1242,1,1
7,1242,1,1
8,1242,1,1
9,1242,1,1
10,1242,1,1
11,1242,2,2
12,1242,2,2
13,1242,1,1
14,1242,1,1
0,1243,3,1
1,1243,1,0
2,1243,1,1
3,1243,0,2
4,1243,1,1
5,1243,2,2
6,1243,1,1
7,1243,1,1
8,1243,1,1
9,1243,1,1
10,1243,1,1
11,1243,2,2
12,1243,2,2
13,1243,1,1
14,1243,1,1
0,1244,1,3
1,1244,1,1
2,1244,3,1
3,1244,3,1
4,1244,1,3
5,1244,3,1
6,1244,1,1
7,1244,2,1
8,1244,1,3
9,1244,1,1
10,1244,1,1
11,1244,2,2
12,1244,2,2
13,1244,1,1
14,1244,1,1
0,1245,2,1
1,1245,1,1
2,1245,1,1
3,1245,2,3
4,1245,1,2
5,1245,3,1
6,1245,1,1
7,1245,2,1
8,1245,1,3
9,1245,1,1
10,1245,1,1
11,1245,2,2
12,1245,2,2
13,1245,1,1
14,1245,1,1
0,1246,1,1
1,1246,1,1
2,1246,1,1
3,1246,1,1
4,1246,1,1
5,1246,1,1
6,1246,1,1
7,1246,1,1
8,1246,1,1
9,1246,1,1
10,1246,1,1
11,1246,1,1
12,1246,1,1
13,1246,1,1
14,1246,1,1
0,1247,2,1
1,1247,1,1
2,1247,1,1
3,1247,2,3
4,1247,3,1
5,1247,3,1
6,1247,1,1
7,1247,2,1
8,1247,1,3
9,1247,1,1
10,1247,1,1
11,1247,2,2
12,1247,2,2
13,1247,1,1
14,1247,1,1
0,1248,3,1
1,1248,1,0
2,1248,1,1
3,1248,0,2
4,1248,1,1
5,1248,2,2
6,1248,1,1
7,1248,1,1
8,1248,1,1
9,1248,1,1
10,1248,1,1
11,1248,2,2
12,1248,2,2
13,1248,1,1
14,1248,1,1
0,1249,2,1
1,1249,1,1
2,1249,1,1
3,1249,2,3
4,1249,1,1
5,1249,1,1
6,1249,1,1
7,1249,1,1
8,1249,1,1
9,1249,1,1
10,1249,1,1
11,1249,1,1
12,1249,1,1
13,1249,1,1
14,1249,1,1
0,1250,2,1
1,1250,1,1
2,1250,1,1
3,1250,2,3
4,1250,1,2
5,1250,3,1
6,1250,1,1
7,1250,2,1
8,1250,1,3
9,1250,1,1
10,1250,1,1
11,1250,2,2
12,1250,2,2
13,1250,1,1
14,1250,1,1
0,1251,1,3
1,1251,1,1
2,1251,3,1
3,1251,3,1
4,1251,1,3
5,1251,3,1
6,1251,1,1
7,1251,2,1
8,1251,1,3
9,1251,1,1
10,1251,1,1
11,1251,2,2
12,1251,2,2
13,1251,1,1
14,1251,1,1
0,1252,3,1
1,1252,1,1
2,1252,1,1
3,1252,0,2
4,1252,1,1
5,1252,2,2
6,1252,1,1
7,1252,1,1
8,1252,1,1
9,1252,1,1
10,1252,1,1
11,1252,2,2
12,1252,2,2
13,1252,1,1
14,1252,1,1
0,1253,3,1
1,1253,1,0
2,1253,1,1
3,1253,0,2
4,1253,1,1
5,1253,2,2
6,1253,1,1
7,1253,1,1
8,1253,1,1
9,1253,1,1
10,1253,1,1
11,1253,2,2
12,1253,2,2
13,1253,1,1
14,1253,1,1
0,1254,1,1
1,1254,1,1
2,1254,1,1
3,1254,1,1
4,1254,1,1
5,1254,1,1
6,1254,1,1
7,1254,1,1
8,1254,1,1
9,1254,1,1
10,1254,1,1
11,1254,1,1
12,1254,1,1
13,1254,1,1
14,1254,1,1
0,1255,3,1
1,1255,1,0
2,1255,1,1
3,1255,0,2
4,1255,1,1
5,1255,2,2
6,1255,1,1
7,1255,1,1
8,1255,1,1
9,1255,1,1
10,1255,1,1
11,1255,2,2
12,1255,2,2
13,1255,1,1
14,1255,1,1
0,1256,3,1
1,1256,1,1
2,1256,1,1
3,1256,0,2
4,1256,1,1
5,1256,2,2
6,1256,1,1
7,1256,1,1
8,1256,1,1
9,1256,1,1
10,1256,1,1
11,1256,2,2
12,1256,2,2
13,1256,1,1
14,1256,1,1
0,1257,3,1
1,1257,1,1
2,1257,1,1
3,1257,0,2
4,1257,1,1
5,1257,2,2
6,1257,1,1
7,1257,1,1
8,1257,1,1
9,1257,1,1
10,1257,1,1
11,1257,2,2
12,1257,2,2
13,1257,1,1
14,1257,1,1
0,1258,2,1
1,1258,1,1
2,1258,1,1
3,1258,2,3
4,1258,1,1
5,1258,1,1
6,1258,1,1
7,1258,1,1
8,1258,1,1
9,1258,1,1
10,1258,1,1
11,1258,1,1
12,1258,1,1
13,1258,1,1
14,1258,1,1
0,1259,3,1
1,1259,1,1
2,1259,1,1
3,1259,0,2
4,1259,1,1
5,1259,2,2
6,1259,1,1
7,1259,1,1
8,1259,1,1
9,1259,1,1
10,1259,1,1
11,1259,2,2
12,1259,2,2
13,1259,1,1
14,1259,1,1
0,1260,2,1
1,1260,1,1
2,1260,1,1
3,1260,2,3
4,1260,3,1
5,1260,3,1
6,1260,1,1
7,1260,2,1
8,1260,1,3
9,1260,1,1
10,1260,1,1
11,1260,2,2
12,1260,2,2
13,1260,1,1
14,1260,1,1
0,1261,3,1
1,1261,1,0
2,1261,1,1
3,1261,0,2
4,1261,1,1
5,1261,2,2
6,1261,1,1
7,1261,1,1
8,1261,1,1
9,1261,1,1
10,1261,1,1
11,1261,2,2
12,1261,2,2
13,1261,1,1
14,1261,1,1
0,1262,3,1
1,1262,1,0
2,1262,1,1
3,1262,0,2
4,1262,1,1
5,1262,2,2
6,1262,1,1
7,1262,1,1
8,1262,1,1
9,1262,1,1
10,1262,1,1
11,1262,2,2
12,1262,2,2
13,1262,1,1
14,1262,1,1
0,1263,2,1
1,1263,1,1
2,1263,1,1
3,1263,2,3
4,1263,1,2
5,1263,3,1
6,1263,1,1
7,1263,2,1
8,1263,1,3
9,1263,1,1
10,1263,1,1
11,1263,2,2
12,1263,2,2
13,1263,1,1
14,1263,1,1
0,1264,2,1
1,1264,1,1
2,1264,1,1
3,1264,2,3
4,1264,3,1
5,1264,3,1
6,1264,1,1
7,1264,2,1
8,1264,1,3
9,1264,1,1
10,1264,1,1
11,1264,2,2
12,1264,2,2
13,1264,1,1
14,1264,1,1
0,1265,2,1
1,1265,1,1
2,1265,1,1
3,1265,2,3
4,1265,3,1
5,1265,3,1
6,1265,1,1
7,1265,2,1
8,1265,1,3
9,1265,1,1
10,1265,1,1
11,1265,2,2
12,1265,2,2
13,1265,1,1
14,1265,1,1
0,1266,2,1
1,1266,1,1
2,1266,1,1
3,1266,2,3
4,1266,1,2
5,1266,3,1
6,1266,1,1
7,1266,2,1
8,1266,1,3
9,1266,1,1
10,1266,1,1
11,1266,2,2
12,1266,2,2
13,1266,1,1
14,1266,1,1
0,1267,3,1
1,1267,1,0
2,1267,1,1
3,1267,0,2
4,1267,1,1
5,1267,2,2
6,1267,1,1
7,1267,1,1
8,1267,1,1
9,1267,1,1
10,1267,1,1
11,1267,2,2
12,1267,2,2
13,1267,1,1
14,1267,1,1
0,1268,2,1
1,1268,1,1
2,1268,1,1
3,1268,2,3
4,1268,1,1
5,1268,1,1
6,1268,1,1
7,1268,1,1
8,1268,1,1
9,1268,1,1
10,1268,1,1
11,1268,1,1
12,1268,1,1
13,1268,1,1
14,1268,1,1
0,1269,3,1
1,1269,1,1
2,1269,1,1
3,1269,0,2
4,1269,1,1
5,1269,2,2
6,1269,1,1
7,1269,1,1
8,1269,1,1
9,1269,1,1
10,1269,1,1
11,1269,2,2
12,1269,2,2
13,1269,1,1
14,1269,1,1
0,1270,2,1
1,1270,1,1
2,1270,1,1
3,1270,2,3
4,1270,1,2
5,1270,3,1
6,1270,1,1
7,1270,2,1
8,1270,1,3
9,1270,1,1
10,1270,1,1
11,1270,2,2
12,1270,2,2
13,1270,1,1
14,1270,1,1
0,1271,3,1
1,1271,1,0
2,1271,1,1
3,1271,0,2
4,1271,1,1
5,1271,2,2
6,1271,1,1
7,1271,1,1
8,1271,1,1
9,1271,1,1
10,1271,1,1
11,1271,2,2
12,1271,2,2
13,1271,1,1
14,1271,1,1
0,1272,3,1
1,1272,1,0
2,1272,1,1
3,1272,0,2
4,1272,1,1
5,1272,2,2
6,1272,1,1
7,1272,1,1
8,1272,1,1
9,1272,1,1
10,1272,1,1
11,1272,2,2
12,1272,2,2
13,1272,1,1
14,1272,1,1
0,1273,3,1
1,1273,1,0
2,1273,1,1
3,1273,0,2
4,1273,1,1
5,1273,2,2
6,1273,1,1
7,1273,1,1
8,1273,1,1
9,1273,1,1
10,1273,1,1
11,1273,2,2
12,1273,2,2
13,1273,1,1
14,1273,1,1
0,1274,2,1
1,1274,1,1
2,1274,1,1
3,1274,2,3
4,1274,1,2
5,1274,3,1
6,1274,1,1
7,1274,2,1
8,1274,1,3
9,1274,1,1
10,1274,1,1
11,1274,2,2
12,1274,2,2
13,1274,1,1
14,1274,1,1
0,1275,2,1
1,1275,1,1
2,1275,1,1
3,1275,2,3
4,1275,1,1
5,1275,1,1
6,1275,1,1
7,1275,1,1
8,1275,1,1
9,1275,1,1
10,1275,1,1
11,1275,1,1
12,1275,1,1
13,1275,1,1
14,1275,1,1
0,1276,3,1
1,1276,1,0
2,1276,1,1
3,1276,0,2
4,1276,1,1
5,1276,2,2
6,1276,1,1
7,1276,1,1
8,1276,1,1
9,1276,1,1
10,1276,1,1
11,1276,2,2
12,1276,2,2
13,1276,1,1
14,1276,1,1
0,1277,2,1
1,1277,1,1
2,1277,1,1
3,1277,2,3
4,1277,1,2
5,1277,3,1
6,1277,1,1
7,1277,2,1
8,1277,1,3
9,1277,1,1
10,1277,1,1
11,1277,2,2
12,1277,2,2
13,1277,1,1
14,1277,1,1
0,1278,3,1
1,1278,1,1
2,1278,1,1
3,1278,0,2
4,1278,1,1
5,1278,2,2
6,1278,1,1
7,1278,1,1
8,1278,1,1
9,1278,1,1
10,1278,1,1
11,1278,2,2
12,1278,2,2
13,1278,1,1
14,1278,1,1
0,1279,3,1
1,1279,1,1
2,1279,1,1
3,1279,0,2
4,1279,1,1
5,1279,2,2
6,1279,1,1
7,1279,1,1
8,1279,1,1
9,1279,1,1
10,1279,1,1
11,1279,2,2
12,1279,2,2
13,1279,1,1
14,1279,1,1
0,1280,2,1
1,1280,1,1
2,1280,1,1
3,1280,2,3
4,1280,1,1
5,1280,1,1
6,1280,1,1
7,1280,1,1
8,1280,1,1
9,1280,1,1
10,1280,1,1
11,1280,1,1
12,1280,1,1
13,1280,1,1
14,1280,1,1
0,1281,3,1
1,1281,1,0
2,1281,1,1
3,1281,0,2
4,1281,1,1
5,1281,2,2
6,1281,1,1
7,1281,1,1
8,1281,1,1
9,1281,1,1
10,1281,1,1
11,1281,2,2
12,1281,2,2
13,1281,1,1
14,1281,1,1
0,1282,3,1
1,1282,1,0
2,1282,1,1
3,1282,0,2
4,1282,1,1
5,1282,2,2
6,1282,1,1
7,1282,1,1
8,1282,1,1
9,1282,1,1
10,1282,1,1
11,1282,2,2
12,1282,2,2
13,1282,1,1
14,1282,1,1
0,1283,1,3
1,1283,1,1
2,1283,3,1
3,1283,3,1
4,1283,1,3
5,1283,3,1
6,1283,1,1
7,1283,2,1
8,1283,1,3
9,1283,1,1
10,1283,1,1
11,1283,2,2
12,1283,2,2
13,1283,1,1
14,1283,1,1
0,1284,3,1
1,1284,1,0
2,1284,1,1
3,1284,0,2
4,1284,1,1
5,1284,2,2
6,1284,1,1
7,1284,1,1
8,1284,1,1
9,1284,1,1
10,1284,1,1
11,1284,2,2
12,1284,2,2
13,1284,1,1
14,1284,1,1
0,1285,3,1
1,1285,1,1
2,1285,1,1
3,1285,0,2
4,1285,1,1
5,1285,2,2
6,1285,1,1
7,1285,1,1
8,1285,1,1
9,1285,1,1
10,1285,1,1
11,1285,2,2
12,1285,2,2
13,1285,1,1
14,1285,1,1
0,1286,3,1
1,1286,1,0
2,1286,1,1
3,1286,0,2
4,1286,1,1
5,1286,2,2
6,1286,1,1
7,1286,1,1
8,1286,1,1
9,1286,1,1
10,1286,1,1
11,1286,2,2
12,1286,2,2
13,1286,1,1
14,1286,1,1
0,1287,2,1
1,1287,1,1
2,1287,1,1
3,1287,2,3
4,1287,1,2
5,1287,3,1
6,1287,1,1
7,1287,2,1
8,1287,1,3
9,1287,1,1
10,1287,1,1
11,1287,2,2
12,1287,2,2
13,1287,1,1
14,1287,1,1
0,1288,3,1
1,1288,1,0
2,1288,1,1
3,1288,0,2
4,1288,1,1
5,1288,2,2
6,1288,1,1
7,1288,1,1
8,1288,1,1
9,1288,1,1
10,1288,1,1
11,1288,2,2
12,1288,2,2
13,1288,1,1
14,1288,1,1
0,1289,1,1
1,1289,1,1
2,1289,1,1
3,1289,1,1
4,1289,1,1
5,1289,1,1
6,1289,1,1
7,1289,1,1
8,1289,1,1
9,1289,1,1
10,1289,1,1
11,1289,1,1
12,1289,1,1
13,1289,1,1
14,1289,1,1
0,1290,3,1
1,1290,1,1
2,1290,1,1
3,1290,0,2
4,1290,1,1
5,1290,2,2
6,1290,1,1
7,1290,1,1
8,1290,1,1
9,1290,1,1
10,1290,1,1
11,1290,2,2
12,1290,2,2
13,1290,1,1
14,1290,1,1
0,1291,2,1
1,1291,1,1
2,1291,1,1
3,1291,2,3
4,1291,3,1
5,1291,3,1
6,1291,1,1
7,1291,2,1
8,1291,1,3
9,1291,1,1
10,1291,1,1
11,1291,2,2
12,1291,2,2
13,1291,1,1
14,1291,1,1
0,1292,3,1
1,1292,1,1
2,1292,1,1
3,1292,0,2
4,1292,1,1
5,1292,2,2
6,1292,1,1
7,1292,1,1
8,1292,1,1
9,1292,1,1
10,1292,1,1
11,1292,2,2
12,1292,2,2
13,1292,1,1
14,1292,1,1
0,1293,2,1
1,1293,1,1
2,1293,1,1
3,1293,2,3
4,1293,3,1
5,1293,3,1
6,1293,1,1
7,1293,2,1
8,1293,1,3
9,1293,1,1
10,1293,1,1
11,1293,2,2
12,1293,2,2
13,1293,1,1
14,1293,1,1
0,1294,2,1
1,1294,1,1
2,1294,1,1
3,1294,2,3
4,1294,3,1
5,1294,3,1
6,1294,1,1
7,1294,2,1
8,1294,1,3
9,1294,1,1
10,1294,1,1
11,1294,2,2
12,1294,2,2
13,1294,1,1
14,1294,1,1
0,1295,2,1
1,1295,1,1
2,1295,1,1
3,1295,2,3
4,1295,3,1
5,1295,3,1
6,1295,1,1
7,1295,2,1
8,1295,1,3
9,1295,1,1
10,1295,1,1
11,1295,2,2
12,1295,2,2
13,1295,1,1
14,1295,1,1
0,1296,2,1
1,1296,1,1
2,1296,1,1
3,1296,2,3
4,1296,1,1
5,1296,1,1
6,1296,1,1
7,1296,1,1
8,1296,1,1
9,1296,1,1
10,1296,1,1
11,1296,1,1
12,1296,1,1
13,1296,1,1
14,1296,1,1
0,1297,3,1
1,1297,1,0
2,1297,1,1
3,1297,0,2
4,1297,1,1
5,1297,2,2
6,1297,1,1
7,1297,1,1
8,1297,1,1
9,1297,1,1
10,1297,1,1
11,1297,2,2
12,1297,2,2
13,1297,1,1
14,1297,1,1
0,1298,3,1
1,1298,1,0
2,1298,1,1
3,1298,0,2
4,1298,1,1
5,1298,2,2
6,1298,1,1
7,1298,1,1
8,1298,1,1
9,1298,1,1
10,1298,1,1
11,1298,2,2
12,1298,2,2
13,1298,1,1
14,1298,1,1
0,1299,2,1
1,1299,1,1
2,1299,1,1
3,1299,2,3
4,1299,3,1
5,1299,3,1
6,1299,1,1
7,1299,2,1
8,1299,1,3
9,1299,1,1
10,1299,1,1
11,1299,2,2
12,1299,2,2
13,1299,1,1
14,1299,1,1
0,1300,2,1
1,1300,1,1
2,1300,1,1
3,1300,2,3
4,1300,1,1
5,1300,1,1
6,1300,1,1
7,1300,1,1
8,1300,1,1
9,1300,1,1
10,1300,1,1
11,1300,1,1
12,1300,1,1
13,1300,1,1
14,1300,1,1
0,1301,3,1
1,1301,1,0
2,1301,1,1
3,1301,0,2
4,1301,1,1
5,1301,2,2
6,1301,1,1
7,1301,1,1
8,1301,1,1
9,1301,1,1
10,1301,1,1
11,1301,2,2
12,1301,2,2
13,1301,1,1
14,1301,1,1
0,1302,2,1
1,1302,1,1
2,1302,1,1
3,1302,2,3
4,1302,3,1
5,1302,3,1
6,1302,1,1
7,1302,2,1
8,1302,1,3
9,1302,1,1
10,1302,1,1
11,1302,2,2
12,1302,2,2
13,1302,1,1
14,1302,1,1
0,1303,2,1
1,1303,1,1
2,1303,1,1
3,1303,2,3
4,1303,3,1
5,1303,3,1
6,1303,1,1
7,1303,2,1
8,1303,1,3
9,1303,1,1
10,1303,1,1
11,1303,2,2
12,1303,2,2
13,1303,1,1
14,1303,1,1
0,1304,3,1
1,1304,1,1
2,1304,1,1
3,1304,0,2
4,1304,1,1
5,1304,2,2
6,1304,1,1
7,1304,1,1
8,1304,1,1
9,1304,1,1
10,1304,1,1
11,1304,2,2
12,1304,2,2
13,1304,1,1
14,1304,1,1
0,1305,3,1
1,1305,1,1
2,1305,1,1
3,1305,0,2
4,1305,1,1
5,1305,2,2
6,1305,1,1
7,1305,1,1
8,1305,1,1
9,1305,1,1
10,1305,1,1
11,1305,2,2
12,1305,2,2
13,1305,1,1
14,1305,1,1
0,1306,3,1
1,1306,1,0
2,1306,1,1
3,1306,0,2
4,1306,1,1
5,1306,2,2
6,1306,1,1
7,1306,1,1
8,1306,1,1
9,1306,1,1
10,1306,1,1
11,1306,2,2
12,1306,2,2
13,1306,1,1
14,1306,1,1
0,1307,2,1
1,1307,1,1
2,1307,1,1
3,1307,2,3
4,1307,1,2
5,1307,3,1
6,1307,1,1
7,1307,2,1
8,1307,1,3
9,1307,1,1
10,1307,1,1
11,1307,2,2
12,1307,2,2
13,1307,1,1
14,1307,1,1
0,1308,2,1
1,1308,1,1
2,1308,1,1
3,1308,2,3
4,1308,3,1
5,1308,3,1
6,1308,1,1
7,1308,2,1
8,1308,1,3
9,1308,1,1
10,1308,1,1
11,1308,2,2
12,1308,2,2
13,1308,1,1
14,1308,1,1
0,1309,2,1
1,1309,1,1
2,1309,1,1
3,1309,2,3
4,1309,1,1
5,1309,1,1
6,1309,1,1
7,1309,1,1
8,1309,1,1
9,1309,1,1
10,1309,1,1
11,1309,1,1
12,1309,1,1
13,1309,1,1
14,1309,1,1
0,1310,1,1
1,1310,1,1
2,1310,1,1
3,1310,1,1
4,1310,1,1
5,1310,1,1
6,1310,1,1
7,1310,1,1
8,1310,1,1
9,1310,1,1
10,1310,1,1
11,1310,1,1
12,1310,1,1
13,1310,1,1
14,1310,1,1
0,1311,2,1
1,1311,1,1
2,1311,1,1
3,1311,2,3
4,1311,3,1
5,1311,3,1
6,1311,1,1
7,1311,2,1
8,1311,1,3
9,1311,1,1
10,1311,1,1
11,1311,2,2
12,1311,2,2
13,1311,1,1
14,1311,1,1
0,1312,3,1
1,1312,1,0
2,1312,1,1
3,1312,0,2
4,1312,1,1
5,1312,2,2
6,1312,1,1
7,1312,1,1
8,1312,1,1
9,1312,1,1
10,1312,1,1
11,1312,2,2
12,1312,2,2
13,1312,1,1
14,1312,1,1
0,1313,2,1
1,1313,1,1
2,1313,1,1
3,1313,2,3
4,1313,3,1
5,1313,3,1
6,1313,1,1
7,1313,2,1
8,1313,1,3
9,1313,1,1
10,1313,1,1
11,1313,2,2
12,1313,2,2
13,1313,1,1
14,1313,1,1
0,1314,2,1
1,1314,1,1
2,1314,1,1
3,1314,2,3
4,1314,1,1
5,1314,1,1
6,1314,1,1
7,1314,1,1
8,1314,1,1
9,1314,1,1
10,1314,1,1
11,1314,1,1
12,1314,1,1
13,1314,1,1
14,1314,1,1
0,1315,1,1
1,1315,1,1
2,1315,1,1
3,1315,1,1
4,1315,1,1
5,1315,1,1
6,1315,1,1
7,1315,1,1
8,1315,1,1
9,1315,1,1
10,1315,1,1
11,1315,1,1
12,1315,1,1
13,1315,1,1
14,1315,1,1
0,1316,2,1
1,1316,1,1
2,1316,1,1
3,1316,2,3
4,1316,3,1
5,1316,3,1
6,1316,1,1
7,1316,2,1
8,1316,1,3
9,1316,1,1
10,1316,1,1
11,1316,2,2
12,1316,2,2
13,1316,1,1
14,1316,1,1
0,1317,1,1
1,1317,1,1
2,1317,1,1
3,1317,1,1
4,1317,1,1
5,1317,1,1
6,1317,1,1
7,1317,1,1
8,1317,1,1
9,1317,1,1
10,1317,1,1
11,1317,1,1
12,1317,1,1
13,1317,1,1
14,1317,1,1
0,1318,1,3
1,1318,1,1
2,1318,3,1
3,1318,3,1
4,1318,1,3
5,1318,3,1
6,1318,1,1
7,1318,2,1
8,1318,1,3
9,1318,1,1
10,1318,1,1
11,1318,2,2
12,1318,2,2
13,1318,1,1
14,1318,1,1
0,1319,2,1
1,1319,1,1
2,1319,1,1
3,1319,2,3
4,1319,3,1
5,1319,3,1
6,1319,1,1
7,1319,2,1
8,1319,1,3
9,1319,1,1
10,1319,1,1
11,1319,2,2
12,1319,2,2
13,1319,1,1
14,1319,1,1
0,1320,1,1
1,1320,1,1
2,1320,1,1
3,1320,1,1
4,1320,1,1
5,1320,1,1
6,1320,1,1
7,1320,1,1
8,1320,1,1
9,1320,1,1
10,1320,1,1
11,1320,1,1
12,1320,1,1
13,1320,1,1
14,1320,1,1
0,1321,2,1
1,1321,1,1
2,1321,1,1
3,1321,2,3
4,1321,1,1
5,1321,1,1
6,1321,1,1
7,1321,1,1
8,1321,1,1
9,1321,1,1
10,1321,1,1
11,1321,1,1
12,1321,1,1
13,1321,1,1
14,1321,1,1
0,1322,3,1
1,1322,1,0
2,1322,1,1
3,1322,0,2
4,1322,1,1
5,1322,2,2
6,1322,1,1
7,1322,1,1
8,1322,1,1
9,1322,1,1
10,1322,1,1
11,1322,2,2
12,1322,2,2
13,1322,1,1
14,1322,1,1
0,1323,1,3
1,1323,1,1
2,1323,3,1
3,1323,3,1
4,1323,1,3
5,1323,3,1
6,1323,1,1
7,1323,2,1
8,1323,1,3
9,1323,1,1
10,1323,1,1
11,1323,2,2
12,1323,2,2
13,1323,1,1
14,1323,1,1
0,1324,2,1
1,1324,1,1
2,1324,1,1
3,1324,2,3
4,1324,1,2
5,1324,3,1
6,1324,1,1
7,1324,2,1
8,1324,1,3
9,1324,1,1
10,1324,1,1
11,1324,2,2
12,1324,2,2
13,1324,1,1
14,1324,1,1
0,1325,1,1
1,1325,1,1
2,1325,1,1
3,1325,1,1
4,1325,1,1
5,1325,1,1
6,1325,1,1
7,1325,1,1
8,1325,1,1
9,1325,1,1
10,1325,1,1
11,1325,1,1
12,1325,1,1
13,1325,1,1
14,1325,1,1
0,1326,3,1
1,1326,1,0
2,1326,1,1
3,1326,0,2
4,1326,1,1
5,1326,2,2
6,1326,1,1
7,1326,1,1
8,1326,1,1
9,1326,1,1
10,1326,1,1
11,1326,2,2
12,1326,2,2
13,1326,1,1
14,1326,1,1
0,1327,3,1
1,1327,1,1
2,1327,1,1
3,1327,0,2
4,1327,1,1
5,1327,2,2
6,1327,1,1
7,1327,1,1
8,1327,1,1
9,1327,1,1
10,1327,1,1
11,1327,2,2
12,1327,2,2
13,1327,1,1
14,1327,1,1
0,1328,1,1
1,1328,1,1
2,1328,1,1
3,1328,1,1
4,1328,1,1
5,1328,1,1
6,1328,1,1
7,1328,1,1
8,1328,1,1
9,1328,1,1
10,1328,1,1
11,1328,1,1
12,1328,1,1
13,1328,1,1
14,1328,1,1
0,1329,3,1
1,1329,1,0
2,1329,1,1
3,1329,0,2
4,1329,1,1
5,1329,2,2
6,1329,1,1
7,1329,1,1
8,1329,1,1
9,1329,1,1
10,1329,1,1
11,1329,2,2
12,1329,2,2
13,1329,1,1
14,1329,1,1
0,1330,2,1
1,1330,1,1
2,1330,1,1
3,1330,2,3
4,1330,1,2
5,1330,3,1
6,1330,1,1
7,1330,2,1
8,1330,1,3
9,1330,1,1
10,1330,1,1
11,1330,2,2
12,1330,2,2
13,1330,1,1
14,1330,1,1
0,1331,1,1
1,1331,1,1
2,1331,1,1
3,1331,1,1
4,1331,1,1
5,1331,1,1
6,1331,1,1
7,1331,1,1
8,1331,1,1
9,1331,1,1
10,1331,1,1
11,1331,1,1
12,1331,1,1
13,1331,1,1
14,1331,1,1
0,1332,1,1
1,1332,1,1
2,1332,1,1
3,1332,1,1
4,1332,1,1
5,1332,1,1
6,1332,1,1
7,1332,1,1
8,1332,1,1
9,1332,1,1
10,1332,1,1
11,1332,1,1
12,1332,1,1
13,1332,1,1
14,1332,1,1
0,1333,2,1
1,1333,1,1
2,1333,1,1
3,1333,2,3
4,1333,3,1
5,1333,3,1
6,1333,1,1
7,1333,2,1
8,1333,1,3
9,1333,1,1
10,1333,1,1
11,1333,2,2
12,1333,2,2
13,1333,1,1
14,1333,1,1
0,1334,3,1
1,1334,1,0
2,1334,1,1
3,1334,0,2
4,1334,1,1
5,1334,2,2
6,1334,1,1
7,1334,1,1
8,1334,1,1
9,1334,1,1
10,1334,1,1
11,1334,2,2
12,1334,2,2
13,1334,1,1
14,1334,1,1
0,1335,1,3
1,1335,1,1
2,1335,3,1
3,1335,3,1
4,1335,1,3
5,1335,3,1
6,1335,1,1
7,1335,2,1
8,1335,1,3
9,1335,1,1
10,1335,1,1
11,1335,2,2
12,1335,2,2
13,1335,1,1
14,1335,1,1
0,1336,1,3
1,1336,1,1
2,1336,3,1
3,1336,3,1
4,1336,1,3
5,1336,3,1
6,1336,1,1
7,1336,2,1
8,1336,1,3
9,1336,1,1
10,1336,1,1
11,1336,2,2
12,1336,2,2
13,1336,1,1
14,1336,1,1
0,1337,3,1
1,1337,1,1
2,1337,1,1
3,1337,0,2
4,1337,1,1
5,1337,2,2
6,1337,1,1
7,1337,1,1
8,1337,1,1
9,1337,1,1
10,1337,1,1
11,1337,2,2
12,1337,2,2
13,1337,1,1
14,1337,1,1
0,1338,3,1
1,1338,1,0
2,1338,1,1
3,1338,0,2
4,1338,1,1
5,1338,2,2
6,1338,1,1
7,1338,1,1
8,1338,1,1
9,1338,1,1
10,1338,1,1
11,1338,2,2
12,1338,2,2
13,1338,1,1
14,1338,1,1
0,1339,3,1
1,1339,1,0
2,1339,1,1
3,1339,0,2
4,1339,1,1
5,1339,2,2
6,1339,1,1
7,1339,1,1
8,1339,1,1
9,1339,1,1
10,1339,1,1
11,1339,2,2
12,1339,2,2
13,1339,1,1
14,1339,1,1
0,1340,2,1
1,1340,1,1
2,1340,1,1
3,1340,2,3
4,1340,1,1
5,1340,1,1
6,1340,1,1
7,1340,1,1
8,1340,1,1
9,1340,1,1
10,1340,1,1
11,1340,1,1
12,1340,1,1
13,1340,1,1
14,1340,1,1
0,1341,3,1
1,1341,1,1
2,1341,1,1
3,1341,0,2
4,1341,1,1
5,1341,2,2
6,1341,1,1
7,1341,1,1
8,1341,1,1
9,1341,1,1
10,1341,1,1
11,1341,2,2
12,1341,2,2
13,1341,1,1
14,1341,1,1
0,1342,1,1
1,1342,1,1
2,1342,1,1
3,1342,1,1
4,1342,1,1
5,1342,1,1
6,1342,1,1
7,1342,1,1
8,1342,1,1
9,1342,1,1
10,1342,1,1
11,1342,1,1
12,1342,1,1
13,1342,1,1
14,1342,1,1
0,1343,3,1
1,1343,1,0
2,1343,1,1
3,1343,0,2
4,1343,1,1
5,1343,2,2
6,1343,1,1
7,1343,1,1
8,1343,1,1
9,1343,1,1
10,1343,1,1
11,1343,2,2
12,1343,2,2
13,1343,1,1
14,1343,1,1
0,1344,2,1
1,1344,1,1
2,1344,1,1
3,1344,2,3
4,1344,3,1
5,1344,3,1
6,1344,1,1
7,1344,2,1
8,1344,1,3
9,1344,1,1
10,1344,1,1
11,1344,2,2
12,1344,2,2
13,1344,1,1
14,1344,1,1
0,1345,2,1
1,1345,1,1
2,1345,1,1
3,1345,2,3
4,1345,1,1
5,1345,1,1
6,1345,1,1
7,1345,1,1
8,1345,1,1
9,1345,1,1
10,1345,1,1
11,1345,1,1
12,1345,1,1
13,1345,1,1
14,1345,1,1
0,1346,3,1
1,1346,1,0
2,1346,1,1
3,1346,0,2
4,1346,1,1
5,1346,2,2
6,1346,1,1
7,1346,1,1
8,1346,1,1
9,1346,1,1
10,1346,1,1
11,1346,2,2
12,1346,2,2
13,1346,1,1
14,1346,1,1
0,1347,3,1
1,1347,1,0
2,1347,1,1
3,1347,0,2
4,1347,1,1
5,1347,2,2
6,1347,1,1
7,1347,1,1
8,1347,1,1
9,1347,1,1
10,1347,1,1
11,1347,2,2
12,1347,2,2
13,1347,1,1
14,1347,1,1
0,1348,3,1
1,1348,1,0
2,1348,1,1
3,1348,0,2
4,1348,1,1
5,1348,2,2
6,1348,1,1
7,1348,1,1
8,1348,1,1
9,1348,1,1
10,1348,1,1
11,1348,2,2
12,1348,2,2
13,1348,1,1
14,1348,1,1
0,1349,2,1
1,1349,1,1
2,1349,1,1
3,1349,2,3
4,1349,1,1
5,1349,1,1
6,1349,1,1
7,1349,1,1
8,1349,1,1
9,1349,1,1
10,1349,1,1
11,1349,1,1
12,1349,1,1
13,1349,1,1
14,1349,1,1
0,1350,2,1
1,1350,1,1
2,1350,1,1
3,1350,2,3
4,1350,3,1
5,1350,3,1
6,1350,1,1
7,1350,2,1
8,1350,1,3
9,1350,1,1
10,1350,1,1
11,1350,2,2
12,1350,2,2
13,1350,1,1
14,1350,1,1
0,1351,3,1
1,1351,1,1
2,1351,1,1
3,1351,0,2
4,1351,1,1
5,1351,2,2
6,1351,1,1
7,1351,1,1
8,1351,1,1
9,1351,1,1
10,1351,1,1
11,1351,2,2
12,1351,2,2
13,1351,1,1
14,1351,1,1
0,1352,3,1
1,1352,1,0
2,1352,1,1
3,1352,0,2
4,1352,1,1
5,1352,2,2
6,1352,1,1
7,1352,1,1
8,1352,1,1
9,1352,1,1
10,1352,1,1
11,1352,2,2
12,1352,2,2
13,1352,1,1
14,1352,1,1
0,1353,3,1
1,1353,1,1
2,1353,1,1
3,1353,0,2
4,1353,1,1
5,1353,2,2
6,1353,1,1
7,1353,1,1
8,1353,1,1
9,1353,1,1
10,1353,1,1
11,1353,2,2
12,1353,2,2
13,1353,1,1
14,1353,1,1
0,1354,2,1
1,1354,1,1
2,1354,1,1
3,1354,2,3
4,1354,1,1
5,1354,1,1
6,1354,1,1
7,1354,1,1
8,1354,1,1
9,1354,1,1
10,1354,1,1
11,1354,1,1
12,1354,1,1
13,1354,1,1
14,1354,1,1
0,1355,2,1
1,1355,1,1
2,1355,1,1
3,1355,2,3
4,1355,3,1
5,1355,3,1
6,1355,1,1
7,1355,2,1
8,1355,1,3
9,1355,1,1
10,1355,1,1
11,1355,2,2
12,1355,2,2
13,1355,1,1
14,1355,1,1
0,1356,1,1
1,1356,1,1
2,1356,1,1
3,1356,1,1
4,1356,1,1
5,1356,1,1
6,1356,1,1
7,1356,1,1
8,1356,1,1
9,1356,1,1
10,1356,1,1
11,1356,1,1
12,1356,1,1
13,1356,1,1
14,1356,1,1
0,1357,2,1
1,1357,1,1
2,1357,1,1
3,1357,2,3
4,1357,3,1
5,1357,3,1
6,1357,1,1
7,1357,2,1
8,1357,1,3
9,1357,1,1
10,1357,1,1
11,1357,2,2
12,1357,2,2
13,1357,1,1
14,1357,1,1
0,1358,3,1
1,1358,1,0
2,1358,1,1
3,1358,0,2
4,1358,1,1
5,1358,2,2
6,1358,1,1
7,1358,1,1
8,1358,1,1
9,1358,1,1
10,1358,1,1
11,1358,2,2
12,1358,2,2
13,1358,1,1
14,1358,1,1
0,1359,2,1
1,1359,1,1
2,1359,1,1
3,1359,2,3
4,1359,1,2
5,1359,3,1
6,1359,1,1
7,1359,2,1
8,1359,1,3
9,1359,1,1
10,1359,1,1
11,1359,2,2
12,1359,2,2
13,1359,1,1
14,1359,1,1
0,1360,2,1
1,1360,1,1
2,1360,1,1
3,1360,2,3
4,1360,3,1
5,1360,3,1
6,1360,1,1
7,1360,2,1
8,1360,1,3
9,1360,1,1
10,1360,1,1
11,1360,2,2
12,1360,2,2
13,1360,1,1
14,1360,1,1
0,1361,3,1
1,1361,1,0
2,1361,1,1
3,1361,0,2
4,1361,1,1
5,1361,2,2
6,1361,1,1
7,1361,1,1
8,1361,1,1
9,1361,1,1
10,1361,1,1
11,1361,2,2
12,1361,2,2
13,1361,1,1
14,1361,1,1
0,1362,2,1
1,1362,1,1
2,1362,1,1
3,1362,2,3
4,1362,3,1
5,1362,3,1
6,1362,1,1
7,1362,2,1
8,1362,1,3
9,1362,1,1
10,1362,1,1
11,1362,2,2
12,1362,2,2
13,1362,1,1
14,1362,1,1
0,1363,1,3
1,1363,1,1
2,1363,3,1
3,1363,3,1
4,1363,1,3
5,1363,3,1
6,1363,1,1
7,1363,2,1
8,1363,1,3
9,1363,1,1
10,1363,1,1
11,1363,2,2
12,1363,2,2
13,1363,1,1
14,1363,1,1
0,1364,2,1
1,1364,1,1
2,1364,1,1
3,1364,2,3
4,1364,3,1
5,1364,3,1
6,1364,1,1
7,1364,2,1
8,1364,1,3
9,1364,1,1
10,1364,1,1
11,1364,2,2
12,1364,2,2
13,1364,1,1
14,1364,1,1
0,1365,1,3
1,1365,1,1
2,1365,3,1
3,1365,3,1
4,1365,1,3
5,1365,3,1
6,1365,1,1
7,1365,2,1
8,1365,1,3
9,1365,1,1
10,1365,1,1
11,1365,2,2
12,1365,2,2
13,1365,1,1
14,1365,1,1
0,1366,2,1
1,1366,1,1
2,1366,1,1
3,1366,2,3
4,1366,3,1
5,1366,3,1
6,1366,1,1
7,1366,2,1
8,1366,1,3
9,1366,1,1
10,1366,1,1
11,1366,2,2
12,1366,2,2
13,1366,1,1
14,1366,1,1
0,1367,3,1
1,1367,1,0
2,1367,1,1
3,1367,0,2
4,1367,1,1
5,1367,2,2
6,1367,1,1
7,1367,1,1
8,1367,1,1
9,1367,1,1
10,1367,1,1
11,1367,2,2
12,1367,2,2
13,1367,1,1
14,1367,1,1
0,1368,3,1
1,1368,1,0
2,1368,1,1
3,1368,0,2
4,1368,1,1
5,1368,2,2
6,1368,1,1
7,1368,1,1
8,1368,1,1
9,1368,1,1
10,1368,1,1
11,1368,2,2
12,1368,2,2
13,1368,1,1
14,1368,1,1
0,1369,1,3
1,1369,1,1
2,1369,3,1
3,1369,3,1
4,1369,1,3
5,1369,3,1
6,1369,1,1
7,1369,2,1
8,1369,1,3
9,1369,1,1
10,1369,1,1
11,1369,2,2
12,1369,2,2
13,1369,1,1
14,1369,1,1
0,1370,1,1
1,1370,1,1
2,1370,1,1
3,1370,1,1
4,1370,1,1
5,1370,1,1
6,1370,1,1
7,1370,1,1
8,1370,1,1
9,1370,1,1
10,1370,1,1
11,1370,1,1
12,1370,1,1
13,1370,1,1
14,1370,1,1
0,1371,2,1
1,1371,1,1
2,1371,1,1
3,1371,2,3
4,1371,1,2
5,1371,3,1
6,1371,1,1
7,1371,2,1
8,1371,1,3
9,1371,1,1
10,1371,1,1
11,1371,2,2
12,1371,2,2
13,1371,1,1
14,1371,1,1
0,1372,3,1
1,1372,1,1
2,1372,1,1
3,1372,0,2
4,1372,1,1
5,1372,2,2
6,1372,1,1
7,1372,1,1
8,1372,1,1
9,1372,1,1
10,1372,1,1
11,1372,2,2
12,1372,2,2
13,1372,1,1
14,1372,1,1
0,1373,2,1
1,1373,1,1
2,1373,1,1
3,1373,2,3
4,1373,1,1
5,1373,1,1
6,1373,1,1
7,1373,1,1
8,1373,1,1
9,1373,1,1
10,1373,1,1
11,1373,1,1
12,1373,1,1
13,1373,1,1
14,1373,1,1
0,1374,2,1
1,1374,1,1
2,1374,1,1
3,1374,2,3
4,1374,1,1
5,1374,1,1
6,1374,1,1
7,1374,1,1
8,1374,1,1
9,1374,1,1
10,1374,1,1
11,1374,1,1
12,1374,1,1
13,1374,1,1
14,1374,1,1
0,1375,3,1
1,1375,1,1
2,1375,1,1
3,1375,0,2
4,1375,1,1
5,1375,2,2
6,1375,1,1
7,1375,1,1
8,1375,1,1
9,1375,1,1
10,1375,1,1
11,1375,2,2
12,1375,2,2
13,1375,1,1
14,1375,1,1
0,1376,3,1
1,1376,1,0
2,1376,1,1
3,1376,0,2
4,1376,1,1
5,1376,2,2
6,1376,1,1
7,1376,1,1
8,1376,1,1
9,1376,1,1
10,1376,1,1
11,1376,2,2
12,1376,2,2
13,1376,1,1
14,1376,1,1
0,1377,3,1
1,1377,1,1
2,1377,1,1
3,1377,0,2
4,1377,1,1
5,1377,2,2
6,1377,1,1
7,1377,1,1
8,1377,1,1
9,1377,1,1
10,1377,1,1
11,1377,2,2
12,1377,2,2
13,1377,1,1
14,1377,1,1
0,1378,2,1
1,1378,1,1
2,1378,1,1
3,1378,2,3
4,1378,3,1
5,1378,3,1
6,1378,1,1
7,1378,2,1
8,1378,1,3
9,1378,1,1
10,1378,1,1
11,1378,2,2
12,1378,2,2
13,1378,1,1
14,1378,1,1
0,1379,2,1
1,1379,1,1
2,1379,1,1
3,1379,2,3
4,1379,3,1
5,1379,3,1
6,1379,1,1
7,1379,2,1
8,1379,1,3
9,1379,1,1
10,1379,1,1
11,1379,2,2
12,1379,2,2
13,1379,1,1
14,1379,1,1
0,1380,3,1
1,1380,1,0
2,1380,1,1
3,1380,0,2
4,1380,1,1
5,1380,2,2
6,1380,1,1
7,1380,1,1
8,1380,1,1
9,1380,1,1
10,1380,1,1
11,1380,2,2
12,1380,2,2
13,1380,1,1
14,1380,1,1
0,1381,1,1
1,1381,1,1
2,1381,1,1
3,1381,1,1
4,1381,1,1
5,1381,1,1
6,1381,1,1
7,1381,1,1
8,1381,1,1
9,1381,1,1
10,1381,1,1
11,1381,1,1
12,1381,1,1
13,1381,1,1
14,1381,1,1
0,1382,2,1
1,1382,1,1
2,1382,1,1
3,1382,2,3
4,1382,1,2
5,1382,3,1
6,1382,1,1
7,1382,2,1
8,1382,1,3
9,1382,1,1
10,1382,1,1
11,1382,2,2
12,1382,2,2
13,1382,1,1
14,1382,1,1
0,1383,3,1
1,1383,1,1
2,1383,1,1
3,1383,0,2
4,1383,1,1
5,1383,2,2
6,1383,1,1
7,1383,1,1
8,1383,1,1
9,1383,1,1
10,1383,1,1
11,1383,2,2
12,1383,2,2
13,1383,1,1
14,1383,1,1
0,1384,3,1
1,1384,1,0
2,1384,1,1
3,1384,0,2
4,1384,1,1
5,1384,2,2
6,1384,1,1
7,1384,1,1
8,1384,1,1
9,1384,1,1
10,1384,1,1
11,1384,2,2
12,1384,2,2
13,1384,1,1
14,1384,1,1
0,1385,3,1
1,1385,1,0
2,1385,1,1
3,1385,0,2
4,1385,1,1
5,1385,2,2
6,1385,1,1
7,1385,1,1
8,1385,1,1
9,1385,1,1
10,1385,1,1
11,1385,2,2
12,1385,2,2
13,1385,1,1
14,1385,1,1
0,1386,2,1
1,1386,1,1
2,1386,1,1
3,1386,2,3
4,1386,3,1
5,1386,3,1
6,1386,1,1
7,1386,2,1
8,1386,1,3
9,1386,1,1
10,1386,1,1
11,1386,2,2
12,1386,2,2
13,1386,1,1
14,1386,1,1
0,1387,2,1
1,1387,1,1
2,1387,1,1
3,1387,2,3
4,1387,1,2
5,1387,3,1
6,1387,1,1
7,1387,2,1
8,1387,1,3
9,1387,1,1
10,1387,1,1
11,1387,2,2
12,1387,2,2
13,1387,1,1
14,1387,1,1
0,1388,1,1
1,1388,1,1
2,1388,1,1
3,1388,1,1
4,1388,1,1
5,1388,1,1
6,1388,1,1
7,1388,1,1
8,1388,1,1
9,1388,1,1
10,1388,1,1
11,1388,1,1
12,1388,1,1
13,1388,1,1
14,1388,1,1
0,1389,1,1
1,1389,1,1
2,1389,1,1
3,1389,1,1
4,1389,1,1
5,1389,1,1
6,1389,1,1
7,1389,1,1
8,1389,1,1
9,1389,1,1
10,1389,1,1
11,1389,1,1
12,1389,1,1
13,1389,1,1
14,1389,1,1
0,1390,3,1
1,1390,1,0
2,1390,1,1
3,1390,0,2
4,1390,1,1
5,1390,2,2
6,1390,1,1
7,1390,1,1
8,1390,1,1
9,1390,1,1
10,1390,1,1
11,1390,2,2
12,1390,2,2
13,1390,1,1
14,1390,1,1
0,1391,2,1
1,1391,1,1
2,1391,1,1
3,1391,2,3
4,1391,1,1
5,1391,1,1
6,1391,1,1
7,1391,1,1
8,1391,1,1
9,1391,1,1
10,1391,1,1
11,1391,1,1
12,1391,1,1
13,1391,1,1
14,1391,1,1
0,1392,3,1
1,1392,1,0
2,1392,1,1
3,1392,0,2
4,1392,1,1
5,1392,2,2
6,1392,1,1
7,1392,1,1
8,1392,1,1
9,1392,1,1
10,1392,1,1
11,1392,2,2
12,1392,2,2
13,1392,1,1
14,1392,1,1
0,1393,2,1
1,1393,1,1
2,1393,1,1
3,1393,2,3
4,1393,1,2
5,1393,3,1
6,1393,1,1
7,1393,2,1
8,1393,1,3
9,1393,1,1
10,1393,1,1
11,1393,2,2
12,1393,2,2
13,1393,1,1
14,1393,1,1
0,1394,2,1
1,1394,1,1
2,1394,1,1
3,1394,2,3
4,1394,1,2
5,1394,3,1
6,1394,1,1
7,1394,2,1
8,1394,1,3
9,1394,1,1
10,1394,1,1
11,1394,2,2
12,1394,2,2
13,1394,1,1
14,1394,1,1
0,1395,3,1
1,1395,1,0
2,1395,1,1
3,1395,0,2
4,1395,1,1
5,1395,2,2
6,1395,1,1
7,1395,1,1
8,1395,1,1
9,1395,1,1
10,1395,1,1
11,1395,2,2
12,1395,2,2
13,1395,1,1
14,1395,1,1
0,1396,3,1
1,1396,1,1
2,1396,1,1
3,1396,0,2
4,1396,1,1
5,1396,2,2
6,1396,1,1
7,1396,1,1
8,1396,1,1
9,1396,1,1
10,1396,1,1
11,1396,2,2
12,1396,2,2
13,1396,1,1
14,1396,1,1
0,1397,3,1
1,1397,1,1
2,1397,1,1
3,1397,0,2
4,1397,1,1
5,1397,2,2
6,1397,1,1
7,1397,1,1
8,1397,1,1
9,1397,1,1
10,1397,1,1
11,1397,2,2
12,1397,2,2
13,1397,1,1
14,1397,1,1
0,1398,3,1
1,1398,1,1
2,1398,1,1
3,1398,0,2
4,1398,1,1
5,1398,2,2
6,1398,1,1
7,1398,1,1
8,1398,1,1
9,1398,1,1
10,1398,1,1
11,1398,2,2
12,1398,2,2
13,1398,1,1
14,1398,1,1
0,1399,1,3
1,1399,1,1
2,1399,3,1
3,1399,3,1
4,1399,1,3
5,1399,3,1
6,1399,1,1
7,1399,2,1
8,1399,1,3
9,1399,1,1
10,1399,1,1
11,1399,2,2
12,1399,2,2
13,1399,1,1
14,1399,1,1
0,1400,2,1
1,1400,1,1
2,1400,1,1
3,1400,2,3
4,1400,3,1
5,1400,3,1
6,1400,1,1
7,1400,2,1
8,1400,1,3
9,1400,1,1
10,1400,1,1
11,1400,2,2
12,1400,2,2
13,1400,1,1
14,1400,1,1
0,1401,2,1
1,1401,1,1
2,1401,1,1
3,1401,2,3
4,1401,1,1
5,1401,1,1
6,1401,1,1
7,1401,1,1
8,1401,1,1
9,1401,1,1
10,1401,1,1
11,1401,1,1
12,1401,1,1
13,1401,1,1
14,1401,1,1
0,1402,3,1
1,1402,1,1
2,1402,1,1
3,1402,0,2
4,1402,1,1
5,1402,2,2
6,1402,1,1
7,1402,1,1
8,1402,1,1
9,1402,1,1
10,1402,1,1
11,1402,2,2
12,1402,2,2
13,1402,1,1
14,1402,1,1
0,1403,1,1
1,1403,1,1
2,1403,1,1
3,1403,1,1
4,1403,1,1
5,1403,1,1
6,1403,1,1
7,1403,1,1
8,1403,1,1
9,1403,1,1
10,1403,1,1
11,1403,1,1
12,1403,1,1
13,1403,1,1
14,1403,1,1
0,1404,2,1
1,1404,1,1
2,1404,1,1
3,1404,2,3
4,1404,1,2
5,1404,3,1
6,1404,1,1
7,1404,2,1
8,1404,1,3
9,1404,1,1
10,1404,1,1
11,1404,2,2
12,1404,2,2
13,1404,1,1
14,1404,1,1
0,1405,2,1
1,1405,1,1
2,1405,1,1
3,1405,2,3
4,1405,3,1
5,1405,3,1
6,1405,1,1
7,1405,2,1
8,1405,1,3
9,1405,1,1
10,1405,1,1
11,1405,2,2
12,1405,2,2
13,1405,1,1
14,1405,1,1
0,1406,2,1
1,1406,1,1
2,1406,1,1
3,1406,2,3
4,1406,1,2
5,1406,3,1
6,1406,1,1
7,1406,2,1
8,1406,1,3
9,1406,1,1
10,1406,1,1
11,1406,2,2
12,1406,2,2
13,1406,1,1
14,1406,1,1
0,1407,1,3
1,1407,1,1
2,1407,3,1
3,1407,3,1
4,1407,1,3
5,1407,3,1
6,1407,1,1
7,1407,2,1
8,1407,1,3
9,1407,1,1
10,1407,1,1
11,1407,2,2
12,1407,2,2
13,1407,1,1
14,1407,1,1
0,1408,1,1
1,1408,1,1
2,1408,1,1
3,1408,1,1
4,1408,1,1
5,1408,1,1
6,1408,1,1
7,1408,1,1
8,1408,1,1
9,1408,1,1
10,1408,1,1
11,1408,1,1
12,1408,1,1
13,1408,1,1
14,1408,1,1
0,1409,1,1
1,1409,1,1
2,1409,1,1
3,1409,1,1
4,1409,1,1
5,1409,1,1
6,1409,1,1
7,1409,1,1
8,1409,1,1
9,1409,1,1
10,1409,1,1
11,1409,1,1
12,1409,1,1
13,1409,1,1
14,1409,1,1
0,1410,1,1
1,1410,1,1
2,1410,1,1
3,1410,1,1
4,1410,1,1
5,1410,1,1
6,1410,1,1
7,1410,1,1
8,1410,1,1
9,1410,1,1
10,1410,1,1
11,1410,1,1
12,1410,1,1
13,1410,1,1
14,1410,1,1
0,1411,2,1
1,1411,1,1
2,1411,1,1
3,1411,2,3
4,1411,3,1
5,1411,3,1
6,1411,1,1
7,1411,2,1
8,1411,1,3
9,1411,1,1
10,1411,1,1
11,1411,2,2
12,1411,2,2
13,1411,1,1
14,1411,1,1
0,1412,2,1
1,1412,1,1
2,1412,1,1
3,1412,2,3
4,1412,3,1
5,1412,3,1
6,1412,1,1
7,1412,2,1
8,1412,1,3
9,1412,1,1
10,1412,1,1
11,1412,2,2
12,1412,2,2
13,1412,1,1
14,1412,1,1
0,1413,3,1
1,1413,1,0
2,1413,1,1
3,1413,0,2
4,1413,1,1
5,1413,2,2
6,1413,1,1
7,1413,1,1
8,1413,1,1
9,1413,1,1
10,1413,1,1
11,1413,2,2
12,1413,2,2
13,1413,1,1
14,1413,1,1
0,1414,2,1
1,1414,1,1
2,1414,1,1
3,1414,2,3
4,1414,1,1
5,1414,1,1
6,1414,1,1
7,1414,1,1
8,1414,1,1
9,1414,1,1
10,1414,1,1
11,1414,1,1
12,1414,1,1
13,1414,1,1
14,1414,1,1
0,1415,1,3
1,1415,1,1
2,1415,3,1
3,1415,3,1
4,1415,1,3
5,1415,3,1
6,1415,1,1
7,1415,2,1
8,1415,1,3
9,1415,1,1
10,1415,1,1
11,1415,2,2
12,1415,2,2
13,1415,1,1
14,1415,1,1
0,1416,3,1
1,1416,1,0
2,1416,1,1
3,1416,0,2
4,1416,1,1
5,1416,2,2
6,1416,1,1
7,1416,1,1
8,1416,1,1
9,1416,1,1
10,1416,1,1
11,1416,2,2
12,1416,2,2
13,1416,1,1
14,1416,1,1
0,1417,3,1
1,1417,1,0
2,1417,1,1
3,1417,0,2
4,1417,1,1
5,1417,2,2
6,1417,1,1
7,1417,1,1
8,1417,1,1
9,1417,1,1
10,1417,1,1
11,1417,2,2
12,1417,2,2
13,1417,1,1
14,1417,1,1
0,1418,1,1
1,1418,1,1
2,1418,1,1
3,1418,1,1
4,1418,1,1
5,1418,1,1
6,1418,1,1
7,1418,1,1
8,1418,1,1
9,1418,1,1
10,1418,1,1
11,1418,1,1
12,1418,1,1
13,1418,1,1
14,1418,1,1
0,1419,2,1
1,1419,1,1
2,1419,1,1
3,1419,2,3
4,1419,3,1
5,1419,3,1
6,1419,1,1
7,1419,2,1
8,1419,1,3
9,1419,1,1
10,1419,1,1
11,1419,2,2
12,1419,2,2
13,1419,1,1
14,1419,1,1
0,1420,1,1
1,1420,1,1
2,1420,1,1
3,1420,1,1
4,1420,1,1
5,1420,1,1
6,1420,1,1
7,1420,1,1
8,1420,1,1
9,1420,1,1
10,1420,1,1
11,1420,1,1
12,1420,1,1
13,1420,1,1
14,1420,1,1
0,1421,2,1
1,1421,1,1
2,1421,1,1
3,1421,2,3
4,1421,1,1
5,1421,1,1
6,1421,1,1
7,1421,1,1
8,1421,1,1
9,1421,1,1
10,1421,1,1
11,1421,1,1
12,1421,1,1
13,1421,1,1
14,1421,1,1
0,1422,3,1
1,1422,1,0
2,1422,1,1
3,1422,0,2
4,1422,1,1
5,1422,2,2
6,1422,1,1
7,1422,1,1
8,1422,1,1
9,1422,1,1
10,1422,1,1
11,1422,2,2
12,1422,2,2
13,1422,1,1
14,1422,1,1
0,1423,3,1
1,1423,1,0
2,1423,1,1
3,1423,0,2
4,1423,1,1
5,1423,2,2
6,1423,1,1
7,1423,1,1
8,1423,1,1
9,1423,1,1
10,1423,1,1
11,1423,2,2
12,1423,2,2
13,1423,1,1
14,1423,1,1
0,1424,3,1
1,1424,1,0
2,1424,1,1
3,1424,0,2
4,1424,1,1
5,1424,2,2
6,1424,1,1
7,1424,1,1
8,1424,1,1
9,1424,1,1
10,1424,1,1
11,1424,2,2
12,1424,2,2
13,1424,1,1
14,1424,1,1
0,1425,2,1
1,1425,1,1
2,1425,1,1
3,1425,2,3
4,1425,3,1
5,1425,3,1
6,1425,1,1
7,1425,2,1
8,1425,1,3
9,1425,1,1
10,1425,1,1
11,1425,2,2
12,1425,2,2
13,1425,1,1
14,1425,1,1
0,1426,2,1
1,1426,1,1
2,1426,1,1
3,1426,2,3
4,1426,1,2
5,1426,3,1
6,1426,1,1
7,1426,2,1
8,1426,1,3
9,1426,1,1
10,1426,1,1
11,1426,2,2
12,1426,2,2
13,1426,1,1
14,1426,1,1
0,1427,2,1
1,1427,1,1
2,1427,1,1
3,1427,2,3
4,1427,1,1
5,1427,1,1
6,1427,1,1
7,1427,1,1
8,1427,1,1
9,1427,1,1
10,1427,1,1
11,1427,1,1
12,1427,1,1
13,1427,1,1
14,1427,1,1
0,1428,3,1
1,1428,1,0
2,1428,1,1
3,1428,0,2
4,1428,1,1
5,1428,2,2
6,1428,1,1
7,1428,1,1
8,1428,1,1
9,1428,1,1
10,1428,1,1
11,1428,2,2
12,1428,2,2
13,1428,1,1
14,1428,1,1
0,1429,2,1
1,1429,1,1
2,1429,1,1
3,1429,2,3
4,1429,3,1
5,1429,3,1
6,1429,1,1
7,1429,2,1
8,1429,1,3
9,1429,1,1
10,1429,1,1
11,1429,2,2
12,1429,2,2
13,1429,1,1
14,1429,1,1
0,1430,2,1
1,1430,1,1
2,1430,1,1
3,1430,2,3
4,1430,3,1
5,1430,3,1
6,1430,1,1
7,1430,2,1
8,1430,1,3
9,1430,1,1
10,1430,1,1
11,1430,2,2
12,1430,2,2
13,1430,1,1
14,1430,1,1
0,1431,1,1
1,1431,1,1
2,1431,1,1
3,1431,1,1
4,1431,1,1
5,1431,1,1
6,1431,1,1
7,1431,1,1
8,1431,1,1
9,1431,1,1
10,1431,1,1
11,1431,1,1
12,1431,1,1
13,1431,1,1
14,1431,1,1
0,1432,2,1
1,1432,1,1
2,1432,1,1
3,1432,2,3
4,1432,3,1
5,1432,3,1
6,1432,1,1
7,1432,2,1
8,1432,1,3
9,1432,1,1
10,1432,1,1
11,1432,2,2
12,1432,2,2
13,1432,1,1
14,1432,1,1
0,1433,1,3
1,1433,1,1
2,1433,3,1
3,1433,3,1
4,1433,1,3
5,1433,3,1
6,1433,1,1
7,1433,2,1
8,1433,1,3
9,1433,1,1
10,1433,1,1
11,1433,2,2
12,1433,2,2
13,1433,1,1
14,1433,1,1
0,1434,3,1
1,1434,1,1
2,1434,1,1
3,1434,0,2
4,1434,1,1
5,1434,2,2
6,1434,1,1
7,1434,1,1
8,1434,1,1
9,1434,1,1
10,1434,1,1
11,1434,2,2
12,1434,2,2
13,1434,1,1
14,1434,1,1
0,1435,2,1
1,1435,1,1
2,1435,1,1
3,1435,2,3
4,1435,3,1
5,1435,3,1
6,1435,1,1
7,1435,2,1
8,1435,1,3
9,1435,1,1
10,1435,1,1
11,1435,2,2
12,1435,2,2
13,1435,1,1
14,1435,1,1
0,1436,2,1
1,1436,1,1
2,1436,1,1
3,1436,2,3
4,1436,1,2
5,1436,3,1
6,1436,1,1
7,1436,2,1
8,1436,1,3
9,1436,1,1
10,1436,1,1
11,1436,2,2
12,1436,2,2
13,1436,1,1
14,1436,1,1
0,1437,2,1
1,1437,1,1
2,1437,1,1
3,1437,2,3
4,1437,3,1
5,1437,3,1
6,1437,1,1
7,1437,2,1
8,1437,1,3
9,1437,1,1
10,1437,1,1
11,1437,2,2
12,1437,2,2
13,1437,1,1
14,1437,1,1
0,1438,1,3
1,1438,1,1
2,1438,3,1
3,1438,3,1
4,1438,1,3
5,1438,3,1
6,1438,1,1
7,1438,2,1
8,1438,1,3
9,1438,1,1
10,1438,1,1
11,1438,2,2
12,1438,2,2
13,1438,1,1
14,1438,1,1
0,1439,1,1
1,1439,1,1
2,1439,1,1
3,1439,1,1
4,1439,1,1
5,1439,1,1
6,1439,1,1
7,1439,1,1
8,1439,1,1
9,1439,1,1
10,1439,1,1
11,1439,1,1
12,1439,1,1
13,1439,1,1
14,1439,1,1
0,1440,2,1
1,1440,1,1
2,1440,1,1
3,1440,2,3
4,1440,3,1
5,1440,3,1
6,1440,1,1
7,1440,2,1
8,1440,1,3
9,1440,1,1
10,1440,1,1
11,1440,2,2
12,1440,2,2
13,1440,1,1
14,1440,1,1
0,1441,2,1
1,1441,1,1
2,1441,1,1
3,1441,2,3
4,1441,1,2
5,1441,3,1
6,1441,1,1
7,1441,2,1
8,1441,1,3
9,1441,1,1
10,1441,1,1
11,1441,2,2
12,1441,2,2
13,1441,1,1
14,1441,1,1
0,1442,3,1
1,1442,1,1
2,1442,1,1
3,1442,0,2
4,1442,1,1
5,1442,2,2
6,1442,1,1
7,1442,1,1
8,1442,1,1
9,1442,1,1
10,1442,1,1
11,1442,2,2
12,1442,2,2
13,1442,1,1
14,1442,1,1
0,1443,3,1
1,1443,1,0
2,1443,1,1
3,1443,0,2
4,1443,1,1
5,1443,2,2
6,1443,1,1
7,1443,1,1
8,1443,1,1
9,1443,1,1
10,1443,1,1
11,1443,2,2
12,1443,2,2
13,1443,1,1
14,1443,1,1
0,1444,1,1
1,1444,1,1
2,1444,1,1
3,1444,1,1
4,1444,1,1
5,1444,1,1
6,1444,1,1
7,1444,1,1
8,1444,1,1
9,1444,1,1
10,1444,1,1
11,1444,1,1
12,1444,1,1
13,1444,1,1
14,1444,1,1
0,1445,3,1
1,1445,1,0
2,1445,1,1
3,1445,0,2
4,1445,1,1
5,1445,2,2
6,1445,1,1
7,1445,1,1
8,1445,1,1
9,1445,1,1
10,1445,1,1
11,1445,2,2
12,1445,2,2
13,1445,1,1
14,1445,1,1
0,1446,2,1
1,1446,1,1
2,1446,1,1
3,1446,2,3
4,1446,3,1
5,1446,3,1
6,1446,1,1
7,1446,2,1
8,1446,1,3
9,1446,1,1
10,1446,1,1
11,1446,2,2
12,1446,2,2
13,1446,1,1
14,1446,1,1
0,1447,3,1
1,1447,1,0
2,1447,1,1
3,1447,0,2
4,1447,1,1
5,1447,2,2
6,1447,1,1
7,1447,1,1
8,1447,1,1
9,1447,1,1
10,1447,1,1
11,1447,2,2
12,1447,2,2
13,1447,1,1
14,1447,1,1
0,1448,2,1
1,1448,1,1
2,1448,1,1
3,1448,2,3
4,1448,1,1
5,1448,1,1
6,1448,1,1
7,1448,1,1
8,1448,1,1
9,1448,1,1
10,1448,1,1
11,1448,1,1
12,1448,1,1
13,1448,1,1
14,1448,1,1
0,1449,3,1
1,1449,1,0
2,1449,1,1
3,1449,0,2
4,1449,1,1
5,1449,2,2
6,1449,1,1
7,1449,1,1
8,1449,1,1
9,1449,1,1
10,1449,1,1
11,1449,2,2
12,1449,2,2
13,1449,1,1
14,1449,1,1
0,1450,2,1
1,1450,1,1
2,1450,1,1
3,1450,2,3
4,1450,3,1
5,1450,3,1
6,1450,1,1
7,1450,2,1
8,1450,1,3
9,1450,1,1
10,1450,1,1
11,1450,2,2
12,1450,2,2
13,1450,1,1
14,1450,1,1
0,1451,2,1
1,1451,1,1
2,1451,1,1
3,1451,2,3
4,1451,3,1
5,1451,3,1
6,1451,1,1
7,1451,2,1
8,1451,1,3
9,1451,1,1
10,1451,1,1
11,1451,2,2
12,1451,2,2
13,1451,1,1
14,1451,1,1
0,1452,1,1
1,1452,1,1
2,1452,1,1
3,1452,1,1
4,1452,1,1
5,1452,1,1
6,1452,1,1
7,1452,1,1
8,1452,1,1
9,1452,1,1
10,1452,1,1
11,1452,1,1
12,1452,1,1
13,1452,1,1
14,1452,1,1
0,1453,3,1
1,1453,1,0
2,1453,1,1
3,1453,0,2
4,1453,1,1
5,1453,2,2
6,1453,1,1
7,1453,1,1
8,1453,1,1
9,1453,1,1
10,1453,1,1
11,1453,2,2
12,1453,2,2
13,1453,1,1
14,1453,1,1
0,1454,3,1
1,1454,1,0
2,1454,1,1
3,1454,0,2
4,1454,1,1
5,1454,2,2
6,1454,1,1
7,1454,1,1
8,1454,1,1
9,1454,1,1
10,1454,1,1
11,1454,2,2
12,1454,2,2
13,1454,1,1
14,1454,1,1
0,1455,1,3
1,1455,1,1
2,1455,3,1
3,1455,3,1
4,1455,1,3
5,1455,3,1
6,1455,1,1
7,1455,2,1
8,1455,1,3
9,1455,1,1
10,1455,1,1
11,1455,2,2
12,1455,2,2
13,1455,1,1
14,1455,1,1
0,1456,2,1
1,1456,1,1
2,1456,1,1
3,1456,2,3
4,1456,3,1
5,1456,3,1
6,1456,1,1
7,1456,2,1
8,1456,1,3
9,1456,1,1
10,1456,1,1
11,1456,2,2
12,1456,2,2
13,1456,1,1
14,1456,1,1
0,1457,1,1
1,1457,1,1
2,1457,1,1
3,1457,1,1
4,1457,1,1
5,1457,1,1
6,1457,1,1
7,1457,1,1
8,1457,1,1
9,1457,1,1
10,1457,1,1
11,1457,1,1
12,1457,1,1
13,1457,1,1
14,1457,1,1
0,1458,2,1
1,1458,1,1
2,1458,1,1
3,1458,2,3
4,1458,3,1
5,1458,3,1
6,1458,1,1
7,1458,2,1
8,1458,1,3
9,1458,1,1
10,1458,1,1
11,1458,2,2
12,1458,2,2
13,1458,1,1
14,1458,1,1
0,1459,3,1
1,1459,1,1
2,1459,1,1
3,1459,0,2
4,1459,1,1
5,1459,2,2
6,1459,1,1
7,1459,1,1
8,1459,1,1
9,1459,1,1
10,1459,1,1
11,1459,2,2
12,1459,2,2
13,1459,1,1
14,1459,1,1
0,1460,3,1
1,1460,1,0
2,1460,1,1
3,1460,0,2
4,1460,1,1
5,1460,2,2
6,1460,1,1
7,1460,1,1
8,1460,1,1
9,1460,1,1
10,1460,1,1
11,1460,2,2
12,1460,2,2
13,1460,1,1
14,1460,1,1
0,1461,1,1
1,1461,1,1
2,1461,1,1
3,1461,1,1
4,1461,1,1
5,1461,1,1
6,1461,1,1
7,1461,1,1
8,1461,1,1
9,1461,1,1
10,1461,1,1
11,1461,1,1
12,1461,1,1
13,1461,1,1
14,1461,1,1
0,1462,3,1
1,1462,1,0
2,1462,1,1
3,1462,0,2
4,1462,1,1
5,1462,2,2
6,1462,1,1
7,1462,1,1
8,1462,1,1
9,1462,1,1
10,1462,1,1
11,1462,2,2
12,1462,2,2
13,1462,1,1
14,1462,1,1
0,1463,1,3
1,1463,1,1
2,1463,3,1
3,1463,3,1
4,1463,1,3
5,1463,3,1
6,1463,1,1
7,1463,2,1
8,1463,1,3
9,1463,1,1
10,1463,1,1
11,1463,2,2
12,1463,2,2
13,1463,1,1
14,1463,1,1
0,1464,2,1
1,1464,1,1
2,1464,1,1
3,1464,2,3
4,1464,3,1
5,1464,3,1
6,1464,1,1
7,1464,2,1
8,1464,1,3
9,1464,1,1
10,1464,1,1
11,1464,2,2
12,1464,2,2
13,1464,1,1
14,1464,1,1
0,1465,1,1
1,1465,1,1
2,1465,1,1
3,1465,1,1
4,1465,1,1
5,1465,1,1
6,1465,1,1
7,1465,1,1
8,1465,1,1
9,1465,1,1
10,1465,1,1
11,1465,1,1
12,1465,1,1
13,1465,1,1
14,1465,1,1
0,1466,2,1
1,1466,1,1
2,1466,1,1
3,1466,2,3
4,1466,3,1
5,1466,3,1
6,1466,1,1
7,1466,2,1
8,1466,1,3
9,1466,1,1
10,1466,1,1
11,1466,2,2
12,1466,2,2
13,1466,1,1
14,1466,1,1
0,1467,2,1
1,1467,1,1
2,1467,1,1
3,1467,2,3
4,1467,1,1
5,1467,1,1
6,1467,1,1
7,1467,1,1
8,1467,1,1
9,1467,1,1
10,1467,1,1
11,1467,1,1
12,1467,1,1
13,1467,1,1
14,1467,1,1
0,1468,2,1
1,1468,1,1
2,1468,1,1
3,1468,2,3
4,1468,3,1
5,1468,3,1
6,1468,1,1
7,1468,2,1
8,1468,1,3
9,1468,1,1
10,1468,1,1
11,1468,2,2
12,1468,2,2
13,1468,1,1
14,1468,1,1
0,1469,3,1
1,1469,1,0
2,1469,1,1
3,1469,0,2
4,1469,1,1
5,1469,2,2
6,1469,1,1
7,1469,1,1
8,1469,1,1
9,1469,1,1
10,1469,1,1
11,1469,2,2
12,1469,2,2
13,1469,1,1
14,1469,1,1
0,1470,2,1
1,1470,1,1
2,1470,1,1
3,1470,2,3
4,1470,1,2
5,1470,3,1
6,1470,1,1
7,1470,2,1
8,1470,1,3
9,1470,1,1
10,1470,1,1
11,1470,2,2
12,1470,2,2
13,1470,1,1
14,1470,1,1
0,1471,2,1
1,1471,1,1
2,1471,1,1
3,1471,2,3
4,1471,1,1
5,1471,1,1
6,1471,1,1
7,1471,1,1
8,1471,1,1
9,1471,1,1
10,1471,1,1
11,1471,1,1
12,1471,1,1
13,1471,1,1
14,1471,1,1
0,1472,2,1
1,1472,1,1
2,1472,1,1
3,1472,2,3
4,1472,1,1
5,1472,1,1
6,1472,1,1
7,1472,1,1
8,1472,1,1
9,1472,1,1
10,1472,1,1
11,1472,1,1
12,1472,1,1
13,1472,1,1
14,1472,1,1
0,1473,3,1
1,1473,1,0
2,1473,1,1
3,1473,0,2
4,1473,1,1
5,1473,2,2
6,1473,1,1
7,1473,1,1
8,1473,1,1
9,1473,1,1
10,1473,1,1
11,1473,2,2
12,1473,2,2
13,1473,1,1
14,1473,1,1
0,1474,3,1
1,1474,1,1
2,1474,1,1
3,1474,0,2
4,1474,1,1
5,1474,2,2
6,1474,1,1
7,1474,1,1
8,1474,1,1
9,1474,1,1
10,1474,1,1
11,1474,2,2
12,1474,2,2
13,1474,1,1
14,1474,1,1
0,1475,2,1
1,1475,1,1
2,1475,1,1
3,1475,2,3
4,1475,1,1
5,1475,1,1
6,1475,1,1
7,1475,1,1
8,1475,1,1
9,1475,1,1
10,1475,1,1
11,1475,1,1
12,1475,1,1
13,1475,1,1
14,1475,1,1
0,1476,3,1
1,1476,1,0
2,1476,1,1
3,1476,0,2
4,1476,1,1
5,1476,2,2
6,1476,1,1
7,1476,1,1
8,1476,1,1
9,1476,1,1
10,1476,1,1
11,1476,2,2
12,1476,2,2
13,1476,1,1
14,1476,1,1
0,1477,2,1
1,1477,1,1
2,1477,1,1
3,1477,2,3
4,1477,1,2
5,1477,3,1
6,1477,1,1
7,1477,2,1
8,1477,1,3
9,1477,1,1
10,1477,1,1
11,1477,2,2
12,1477,2,2
13,1477,1,1
14,1477,1,1
0,1478,2,1
1,1478,1,1
2,1478,1,1
3,1478,2,3
4,1478,3,1
5,1478,3,1
6,1478,1,1
7,1478,2,1
8,1478,1,3
9,1478,1,1
10,1478,1,1
11,1478,2,2
12,1478,2,2
13,1478,1,1
14,1478,1,1
0,1479,2,1
1,1479,1,1
2,1479,1,1
3,1479,2,3
4,1479,1,1
5,1479,1,1
6,1479,1,1
7,1479,1,1
8,1479,1,1
9,1479,1,1
10,1479,1,1
11,1479,1,1
12,1479,1,1
13,1479,1,1
14,1479,1,1
0,1480,2,1
1,1480,1,1
2,1480,1,1
3,1480,2,3
4,1480,3,1
5,1480,3,1
6,1480,1,1
7,1480,2,1
8,1480,1,3
9,1480,1,1
10,1480,1,1
11,1480,2,2
12,1480,2,2
13,1480,1,1
14,1480,1,1
0,1481,3,1
1,1481,1,1
2,1481,1,1
3,1481,0,2
4,1481,1,1
5,1481,2,2
6,1481,1,1
7,1481,1,1
8,1481,1,1
9,1481,1,1
10,1481,1,1
11,1481,2,2
12,1481,2,2
13,1481,1,1
14,1481,1,1
0,1482,2,1
1,1482,1,1
2,1482,1,1
3,1482,2,3
4,1482,1,1
5,1482,1,1
6,1482,1,1
7,1482,1,1
8,1482,1,1
9,1482,1,1
10,1482,1,1
11,1482,1,1
12,1482,1,1
13,1482,1,1
14,1482,1,1
0,1483,1,3
1,1483,1,1
2,1483,3,1
3,1483,3,1
4,1483,1,3
5,1483,3,1
6,1483,1,1
7,1483,2,1
8,1483,1,3
9,1483,1,1
10,1483,1,1
11,1483,2,2
12,1483,2,2
13,1483,1,1
14,1483,1,1
0,1484,2,1
1,1484,1,1
2,1484,1,1
3,1484,2,3
4,1484,3,1
5,1484,3,1
6,1484,1,1
7,1484,2,1
8,1484,1,3
9,1484,1,1
10,1484,1,1
11,1484,2,2
12,1484,2,2
13,1484,1,1
14,1484,1,1
0,1485,3,1
1,1485,1,0
2,1485,1,1
3,1485,0,2
4,1485,1,1
5,1485,2,2
6,1485,1,1
7,1485,1,1
8,1485,1,1
9,1485,1,1
10,1485,1,1
11,1485,2,2
12,1485,2,2
13,1485,1,1
14,1485,1,1
0,1486,2,1
1,1486,1,1
2,1486,1,1
3,1486,2,3
4,1486,1,1
5,1486,1,1
6,1486,1,1
7,1486,1,1
8,1486,1,1
9,1486,1,1
10,1486,1,1
11,1486,1,1
12,1486,1,1
13,1486,1,1
14,1486,1,1
0,1487,1,3
1,1487,1,1
2,1487,3,1
3,1487,3,1
4,1487,1,3
5,1487,3,1
6,1487,1,1
7,1487,2,1
8,1487,1,3
9,1487,1,1
10,1487,1,1
11,1487,2,2
12,1487,2,2
13,1487,1,1
14,1487,1,1
0,1488,2,1
1,1488,1,1
2,1488,1,1
3,1488,2,3
4,1488,1,1
5,1488,1,1
6,1488,1,1
7,1488,1,1
8,1488,1,1
9,1488,1,1
10,1488,1,1
11,1488,1,1
12,1488,1,1
13,1488,1,1
14,1488,1,1
0,1489,2,1
1,1489,1,1
2,1489,1,1
3,1489,2,3
4,1489,1,2
5,1489,3,1
6,1489,1,1
7,1489,2,1
8,1489,1,3
9,1489,1,1
10,1489,1,1
11,1489,2,2
12,1489,2,2
13,1489,1,1
14,1489,1,1
0,1490,1,1
1,1490,1,1
2,1490,1,1
3,1490,1,1
4,1490,1,1
5,1490,1,1
6,1490,1,1
7,1490,1,1
8,1490,1,1
9,1490,1,1
10,1490,1,1
11,1490,1,1
12,1490,1,1
13,1490,1,1
14,1490,1,1
0,1491,1,3
1,1491,1,1
2,1491,3,1
3,1491,3,1
4,1491,1,3
5,1491,3,1
6,1491,1,1
7,1491,2,1
8,1491,1,3
9,1491,1,1
10,1491,1,1
11,1491,2,2
12,1491,2,2
13,1491,1,1
14,1491,1,1
0,1492,2,1
1,1492,1,1
2,1492,1,1
3,1492,2,3
4,1492,1,2
5,1492,3,1
6,1492,1,1
7,1492,2,1
8,1492,1,3
9,1492,1,1
10,1492,1,1
11,1492,2,2
12,1492,2,2
13,1492,1,1
14,1492,1,1
0,1493,1,1
1,1493,1,1
2,1493,1,1
3,1493,1,1
4,1493,1,1
5,1493,1,1
6,1493,1,1
7,1493,1,1
8,1493,1,1
9,1493,1,1
10,1493,1,1
11,1493,1,1
12,1493,1,1
13,1493,1,1
14,1493,1,1
0,1494,1,1
1,1494,1,1
2,1494,1,1
3,1494,1,1
4,1494,1,1
5,1494,1,1
6,1494,1,1
7,1494,1,1
8,1494,1,1
9,1494,1,1
10,1494,1,1
11,1494,1,1
12,1494,1,1
13,1494,1,1
14,1494,1,1
0,1495,2,1
1,1495,1,1
2,1495,1,1
3,1495,2,3
4,1495,3,1
5,1495,3,1
6,1495,1,1
7,1495,2,1
8,1495,1,3
9,1495,1,1
10,1495,1,1
11,1495,2,2
12,1495,2,2
13,1495,1,1
14,1495,1,1
0,1496,3,1
1,1496,1,0
2,1496,1,1
3,1496,0,2
4,1496,1,1
5,1496,2,2
6,1496,1,1
7,1496,1,1
8,1496,1,1
9,1496,1,1
10,1496,1,1
11,1496,2,2
12,1496,2,2
13,1496,1,1
14,1496,1,1
0,1497,2,1
1,1497,1,1
2,1497,1,1
3,1497,2,3
4,1497,3,1
5,1497,3,1
6,1497,1,1
7,1497,2,1
8,1497,1,3
9,1497,1,1
10,1497,1,1
11,1497,2,2
12,1497,2,2
13,1497,1,1
14,1497,1,1
0,1498,2,1
1,1498,1,1
2,1498,1,1
3,1498,2,3
4,1498,3,1
5,1498,3,1
6,1498,1,1
7,1498,2,1
8,1498,1,3
9,1498,1,1
10,1498,1,1
11,1498,2,2
12,1498,2,2
13,1498,1,1
14,1498,1,1
0,1499,3,1
1,1499,1,0
2,1499,1,1
3,1499,0,2
4,1499,1,1
5,1499,2,2
6,1499,1,1
7,1499,1,1
8,1499,1,1
9,1499,1,1
10,1499,1,1
11,1499,2,2
12,1499,2,2
13,1499,1,1
14,1499,1,1
0,1500,3,1
1,1500,1,1
2,1500,1,1
3,1500,0,2
4,1500,1,1
5,1500,2,2
6,1500,1,1
7,1500,1,1
8,1500,1,1
9,1500,1,1
10,1500,1,1
11,1500,2,2
12,1500,2,2
13,1500,1,1
14,1500,1,1
0,1501,3,1
1,1501,1,0
2,1501,1,1
3,1501,0,2
4,1501,1,1
5,1501,2,2
6,1501,1,1
7,1501,1,1
8,1501,1,1
9,1501,1,1
10,1501,1,1
11,1501,2,2
12,1501,2,2
13,1501,1,1
14,1501,1,1
0,1502,2,1
1,1502,1,1
2,1502,1,1
3,1502,2,3
4,1502,1,1
5,1502,1,1
6,1502,1,1
7,1502,1,1
8,1502,1,1
9,1502,1,1
10,1502,1,1
11,1502,1,1
12,1502,1,1
13,1502,1,1
14,1502,1,1
0,1503,2,1
1,1503,1,1
2,1503,1,1
3,1503,2,3
4,1503,1,1
5,1503,1,1
6,1503,1,1
7,1503,1,1
8,1503,1,1
9,1503,1,1
10,1503,1,1
11,1503,1,1
12,1503,1,1
13,1503,1,1
14,1503,1,1
0,1504,2,1
1,1504,1,1
2,1504,1,1
3,1504,2,3
4,1504,3,1
5,1504,3,1
6,1504,1,1
7,1504,2,1
8,1504,1,3
9,1504,1,1
10,1504,1,1
11,1504,2,2
12,1504,2,2
13,1504,1,1
14,1504,1,1
0,1505,2,1
1,1505,1,1
2,1505,1,1
3,1505,2,3
4,1505,1,1
5,1505,1,1
6,1505,1,1
7,1505,1,1
8,1505,1,1
9,1505,1,1
10,1505,1,1
11,1505,1,1
12,1505,1,1
13,1505,1,1
14,1505,1,1
0,1506,1,1
1,1506,1,1
2,1506,1,1
3,1506,1,1
4,1506,1,1
5,1506,1,1
6,1506,1,1
7,1506,1,1
8,1506,1,1
9,1506,1,1
10,1506,1,1
11,1506,1,1
12,1506,1,1
13,1506,1,1
14,1506,1,1
0,1507,2,1
1,1507,1,1
2,1507,1,1
3,1507,2,3
4,1507,1,2
5,1507,3,1
6,1507,1,1
7,1507,2,1
8,1507,1,3
9,1507,1,1
10,1507,1,1
11,1507,2,2
12,1507,2,2
13,1507,1,1
14,1507,1,1
0,1508,3,1
1,1508,1,0
2,1508,1,1
3,1508,0,2
4,1508,1,1
5,1508,2,2
6,1508,1,1
7,1508,1,1
8,1508,1,1
9,1508,1,1
10,1508,1,1
11,1508,2,2
12,1508,2,2
13,1508,1,1
14,1508,1,1
0,1509,3,1
1,1509,1,1
2,1509,1,1
3,1509,0,2
4,1509,1,1
5,1509,2,2
6,1509,1,1
7,1509,1,1
8,1509,1,1
9,1509,1,1
10,1509,1,1
11,1509,2,2
12,1509,2,2
13,1509,1,1
14,1509,1,1
0,1510,3,1
1,1510,1,0
2,1510,1,1
3,1510,0,2
4,1510,1,1
5,1510,2,2
6,1510,1,1
7,1510,1,1
8,1510,1,1
9,1510,1,1
10,1510,1,1
11,1510,2,2
12,1510,2,2
13,1510,1,1
14,1510,1,1
0,1511,2,1
1,1511,1,1
2,1511,1,1
3,1511,2,3
4,1511,1,2
5,1511,3,1
6,1511,1,1
7,1511,2,1
8,1511,1,3
9,1511,1,1
10,1511,1,1
11,1511,2,2
12,1511,2,2
13,1511,1,1
14,1511,1,1
0,1512,3,1
1,1512,1,1
2,1512,1,1
3,1512,0,2
4,1512,1,1
5,1512,2,2
6,1512,1,1
7,1512,1,1
8,1512,1,1
9,1512,1,1
10,1512,1,1
11,1512,2,2
12,1512,2,2
13,1512,1,1
14,1512,1,1
0,1513,2,1
1,1513,1,1
2,1513,1,1
3,1513,2,3
4,1513,1,2
5,1513,3,1
6,1513,1,1
7,1513,2,1
8,1513,1,3
9,1513,1,1
10,1513,1,1
11,1513,2,2
12,1513,2,2
13,1513,1,1
14,1513,1,1
0,1514,2,1
1,1514,1,1
2,1514,1,1
3,1514,2,3
4,1514,3,1
5,1514,3,1
6,1514,1,1
7,1514,2,1
8,1514,1,3
9,1514,1,1
10,1514,1,1
11,1514,2,2
12,1514,2,2
13,1514,1,1
14,1514,1,1
0,1515,2,1
1,1515,1,1
2,1515,1,1
3,1515,2,3
4,1515,1,2
5,1515,3,1
6,1515,1,1
7,1515,2,1
8,1515,1,3
9,1515,1,1
10,1515,1,1
11,1515,2,2
12,1515,2,2
13,1515,1,1
14,1515,1,1
0,1516,2,1
1,1516,1,1
2,1516,1,1
3,1516,2,3
4,1516,1,1
5,1516,1,1
6,1516,1,1
7,1516,1,1
8,1516,1,1
9,1516,1,1
10,1516,1,1
11,1516,1,1
12,1516,1,1
13,1516,1,1
14,1516,1,1
0,1517,3,1
1,1517,1,0
2,1517,1,1
3,1517,0,2
4,1517,1,1
5,1517,2,2
6,1517,1,1
7,1517,1,1
8,1517,1,1
9,1517,1,1
10,1517,1,1
11,1517,2,2
12,1517,2,2
13,1517,1,1
14,1517,1,1
0,1518,2,1
1,1518,1,1
2,1518,1,1
3,1518,2,3
4,1518,1,1
5,1518,1,1
6,1518,1,1
7,1518,1,1
8,1518,1,1
9,1518,1,1
10,1518,1,1
11,1518,1,1
12,1518,1,1
13,1518,1,1
14,1518,1,1
0,1519,2,1
1,1519,1,1
2,1519,1,1
3,1519,2,3
4,1519,1,1
5,1519,1,1
6,1519,1,1
7,1519,1,1
8,1519,1,1
9,1519,1,1
10,1519,1,1
11,1519,1,1
12,1519,1,1
13,1519,1,1
14,1519,1,1
0,1520,3,1
1,1520,1,0
2,1520,1,1
3,1520,0,2
4,1520,1,1
5,1520,2,2
6,1520,1,1
7,1520,1,1
8,1520,1,1
9,1520,1,1
10,1520,1,1
11,1520,2,2
12,1520,2,2
13,1520,1,1
14,1520,1,1
0,1521,3,1
1,1521,1,0
2,1521,1,1
3,1521,0,2
4,1521,1,1
5,1521,2,2
6,1521,1,1
7,1521,1,1
8,1521,1,1
9,1521,1,1
10,1521,1,1
11,1521,2,2
12,1521,2,2
13,1521,1,1
14,1521,1,1
0,1522,3,1
1,1522,1,0
2,1522,1,1
3,1522,0,2
4,1522,1,1
5,1522,2,2
6,1522,1,1
7,1522,1,1
8,1522,1,1
9,1522,1,1
10,1522,1,1
11,1522,2,2
12,1522,2,2
13,1522,1,1
14,1522,1,1
0,1523,3,1
1,1523,1,0
2,1523,1,1
3,1523,0,2
4,1523,1,1
5,1523,2,2
6,1523,1,1
7,1523,1,1
8,1523,1,1
9,1523,1,1
10,1523,1,1
11,1523,2,2
12,1523,2,2
13,1523,1,1
14,1523,1,1
0,1524,2,1
1,1524,1,1
2,1524,1,1
3,1524,2,3
4,1524,1,1
5,1524,1,1
6,1524,1,1
7,1524,1,1
8,1524,1,1
9,1524,1,1
10,1524,1,1
11,1524,1,1
12,1524,1,1
13,1524,1,1
14,1524,1,1
0,1525,2,1
1,1525,1,1
2,1525,1,1
3,1525,2,3
4,1525,3,1
5,1525,3,1
6,1525,1,1
7,1525,2,1
8,1525,1,3
9,1525,1,1
10,1525,1,1
11,1525,2,2
12,1525,2,2
13,1525,1,1
14,1525,1,1
0,1526,2,1
1,1526,1,1
2,1526,1,1
3,1526,2,3
4,1526,1,2
5,1526,3,1
6,1526,1,1
7,1526,2,1
8,1526,1,3
9,1526,1,1
10,1526,1,1
11,1526,2,2
12,1526,2,2
13,1526,1,1
14,1526,1,1
0,1527,1,1
1,1527,1,1
2,1527,1,1
3,1527,1,1
4,1527,1,1
5,1527,1,1
6,1527,1,1
7,1527,1,1
8,1527,1,1
9,1527,1,1
10,1527,1,1
11,1527,1,1
12,1527,1,1
13,1527,1,1
14,1527,1,1
0,1528,2,1
1,1528,1,1
2,1528,1,1
3,1528,2,3
4,1528,1,2
5,1528,3,1
6,1528,1,1
7,1528,2,1
8,1528,1,3
9,1528,1,1
10,1528,1,1
11,1528,2,2
12,1528,2,2
13,1528,1,1
14,1528,1,1
0,1529,3,1
1,1529,1,0
2,1529,1,1
3,1529,0,2
4,1529,1,1
5,1529,2,2
6,1529,1,1
7,1529,1,1
8,1529,1,1
9,1529,1,1
10,1529,1,1
11,1529,2,2
12,1529,2,2
13,1529,1,1
14,1529,1,1
0,1530,2,1
1,1530,1,1
2,1530,1,1
3,1530,2,3
4,1530,1,1
5,1530,1,1
6,1530,1,1
7,1530,1,1
8,1530,1,1
9,1530,1,1
10,1530,1,1
11,1530,1,1
12,1530,1,1
13,1530,1,1
14,1530,1,1
0,1531,1,1
1,1531,1,1
2,1531,1,1
3,1531,1,1
4,1531,1,1
5,1531,1,1
6,1531,1,1
7,1531,1,1
8,1531,1,1
9,1531,1,1
10,1531,1,1
11,1531,1,1
12,1531,1,1
13,1531,1,1
14,1531,1,1
0,1532,3,1
1,1532,1,1
2,1532,1,1
3,1532,0,2
4,1532,1,1
5,1532,2,2
6,1532,1,1
7,1532,1,1
8,1532,1,1
9,1532,1,1
10,1532,1,1
11,1532,2,2
12,1532,2,2
13,1532,1,1
14,1532,1,1
0,1533,3,1
1,1533,1,0
2,1533,1,1
3,1533,0,2
4,1533,1,1
5,1533,2,2
6,1533,1,1
7,1533,1,1
8,1533,1,1
9,1533,1,1
10,1533,1,1
11,1533,2,2
12,1533,2,2
13,1533,1,1
14,1533,1,1
0,1534,1,1
1,1534,1,1
2,1534,1,1
3,1534,1,1
4,1534,1,1
5,1534,1,1
6,1534,1,1
7,1534,1,1
8,1534,1,1
9,1534,1,1
10,1534,1,1
11,1534,1,1
12,1534,1,1
13,1534,1,1
14,1534,1,1
0,1535,2,1
1,1535,1,1
2,1535,1,1
3,1535,2,3
4,1535,1,2
5,1535,3,1
6,1535,1,1
7,1535,2,1
8,1535,1,3
9,1535,1,1
10,1535,1,1
11,1535,2,2
12,1535,2,2
13,1535,1,1
14,1535,1,1
0,1536,1,1
1,1536,1,1
2,1536,1,1
3,1536,1,1
4,1536,1,1
5,1536,1,1
6,1536,1,1
7,1536,1,1
8,1536,1,1
9,1536,1,1
10,1536,1,1
11,1536,1,1
12,1536,1,1
13,1536,1,1
14,1536,1,1
0,1537,3,1
1,1537,1,0
2,1537,1,1
3,1537,0,2
4,1537,1,1
5,1537,2,2
6,1537,1,1
7,1537,1,1
8,1537,1,1
9,1537,1,1
10,1537,1,1
11,1537,2,2
12,1537,2,2
13,1537,1,1
14,1537,1,1
0,1538,1,1
1,1538,1,1
2,1538,1,1
3,1538,1,1
4,1538,1,1
5,1538,1,1
6,1538,1,1
7,1538,1,1
8,1538,1,1
9,1538,1,1
10,1538,1,1
11,1538,1,1
12,1538,1,1
13,1538,1,1
14,1538,1,1
0,1539,1,1
1,1539,1,1
2,1539,1,1
3,1539,1,1
4,1539,1,1
5,1539,1,1
6,1539,1,1
7,1539,1,1
8,1539,1,1
9,1539,1,1
10,1539,1,1
11,1539,1,1
12,1539,1,1
13,1539,1,1
14,1539,1,1
0,1540,3,1
1,1540,1,0
2,1540,1,1
3,1540,0,2
4,1540,1,1
5,1540,2,2
6,1540,1,1
7,1540,1,1
8,1540,1,1
9,1540,1,1
10,1540,1,1
11,1540,2,2
12,1540,2,2
13,1540,1,1
14,1540,1,1
0,1541,3,1
1,1541,1,0
2,1541,1,1
3,1541,0,2
4,1541,1,1
5,1541,2,2
6,1541,1,1
7,1541,1,1
8,1541,1,1
9,1541,1,1
10,1541,1,1
11,1541,2,2
12,1541,2,2
13,1541,1,1
14,1541,1,1
0,1542,3,1
1,1542,1,0
2,1542,1,1
3,1542,0,2
4,1542,1,1
5,1542,2,2
6,1542,1,1
7,1542,1,1
8,1542,1,1
9,1542,1,1
10,1542,1,1
11,1542,2,2
12,1542,2,2
13,1542,1,1
14,1542,1,1
0,1543,3,1
1,1543,1,0
2,1543,1,1
3,1543,0,2
4,1543,1,1
5,1543,2,2
6,1543,1,1
7,1543,1,1
8,1543,1,1
9,1543,1,1
10,1543,1,1
11,1543,2,2
12,1543,2,2
13,1543,1,1
14,1543,1,1
0,1544,2,1
1,1544,1,1
2,1544,1,1
3,1544,2,3
4,1544,1,2
5,1544,3,1
6,1544,1,1
7,1544,2,1
8,1544,1,3
9,1544,1,1
10,1544,1,1
11,1544,2,2
12,1544,2,2
13,1544,1,1
14,1544,1,1
0,1545,3,1
1,1545,1,0
2,1545,1,1
3,1545,0,2
4,1545,1,1
5,1545,2,2
6,1545,1,1
7,1545,1,1
8,1545,1,1
9,1545,1,1
10,1545,1,1
11,1545,2,2
12,1545,2,2
13,1545,1,1
14,1545,1,1
0,1546,2,1
1,1546,1,1
2,1546,1,1
3,1546,2,3
4,1546,1,1
5,1546,1,1
6,1546,1,1
7,1546,1,1
8,1546,1,1
9,1546,1,1
10,1546,1,1
11,1546,1,1
12,1546,1,1
13,1546,1,1
14,1546,1,1
0,1547,3,1
1,1547,1,0
2,1547,1,1
3,1547,0,2
4,1547,1,1
5,1547,2,2
6,1547,1,1
7,1547,1,1
8,1547,1,1
9,1547,1,1
10,1547,1,1
11,1547,2,2
12,1547,2,2
13,1547,1,1
14,1547,1,1
0,1548,3,1
1,1548,1,1
2,1548,1,1
3,1548,0,2
4,1548,1,1
5,1548,2,2
6,1548,1,1
7,1548,1,1
8,1548,1,1
9,1548,1,1
10,1548,1,1
11,1548,2,2
12,1548,2,2
13,1548,1,1
14,1548,1,1
0,1549,3,1
1,1549,1,0
2,1549,1,1
3,1549,0,2
4,1549,1,1
5,1549,2,2
6,1549,1,1
7,1549,1,1
8,1549,1,1
9,1549,1,1
10,1549,1,1
11,1549,2,2
12,1549,2,2
13,1549,1,1
14,1549,1,1
0,1550,3,1
1,1550,1,1
2,1550,1,1
3,1550,0,2
4,1550,1,1
5,1550,2,2
6,1550,1,1
7,1550,1,1
8,1550,1,1
9,1550,1,1
10,1550,1,1
11,1550,2,2
12,1550,2,2
13,1550,1,1
14,1550,1,1
0,1551,3,1
1,1551,1,0
2,1551,1,1
3,1551,0,2
4,1551,1,1
5,1551,2,2
6,1551,1,1
7,1551,1,1
8,1551,1,1
9,1551,1,1
10,1551,1,1
11,1551,2,2
12,1551,2,2
13,1551,1,1
14,1551,1,1
0,1552,3,1
1,1552,1,0
2,1552,1,1
3,1552,0,2
4,1552,1,1
5,1552,2,2
6,1552,1,1
7,1552,1,1
8,1552,1,1
9,1552,1,1
10,1552,1,1
11,1552,2,2
12,1552,2,2
13,1552,1,1
14,1552,1,1
0,1553,2,1
1,1553,1,1
2,1553,1,1
3,1553,2,3
4,1553,1,1
5,1553,1,1
6,1553,1,1
7,1553,1,1
8,1553,1,1
9,1553,1,1
10,1553,1,1
11,1553,1,1
12,1553,1,1
13,1553,1,1
14,1553,1,1
0,1554,1,1
1,1554,1,1
2,1554,1,1
3,1554,1,1
4,1554,1,1
5,1554,1,1
6,1554,1,1
7,1554,1,1
8,1554,1,1
9,1554,1,1
10,1554,1,1
11,1554,1,1
12,1554,1,1
13,1554,1,1
14,1554,1,1
0,1555,2,1
1,1555,1,1
2,1555,1,1
3,1555,2,3
4,1555,3,1
5,1555,3,1
6,1555,1,1
7,1555,2,1
8,1555,1,3
9,1555,1,1
10,1555,1,1
11,1555,2,2
12,1555,2,2
13,1555,1,1
14,1555,1,1
0,1556,3,1
1,1556,1,0
2,1556,1,1
3,1556,0,2
4,1556,1,1
5,1556,2,2
6,1556,1,1
7,1556,1,1
8,1556,1,1
9,1556,1,1
10,1556,1,1
11,1556,2,2
12,1556,2,2
13,1556,1,1
14,1556,1,1
0,1557,2,1
1,1557,1,1
2,1557,1,1
3,1557,2,3
4,1557,3,1
5,1557,3,1
6,1557,1,1
7,1557,2,1
8,1557,1,3
9,1557,1,1
10,1557,1,1
11,1557,2,2
12,1557,2,2
13,1557,1,1
14,1557,1,1
0,1558,3,1
1,1558,1,0
2,1558,1,1
3,1558,0,2
4,1558,1,1
5,1558,2,2
6,1558,1,1
7,1558,1,1
8,1558,1,1
9,1558,1,1
10,1558,1,1
11,1558,2,2
12,1558,2,2
13,1558,1,1
14,1558,1,1
0,1559,2,1
1,1559,1,1
2,1559,1,1
3,1559,2,3
4,1559,1,2
5,1559,3,1
6,1559,1,1
7,1559,2,1
8,1559,1,3
9,1559,1,1
10,1559,1,1
11,1559,2,2
12,1559,2,2
13,1559,1,1
14,1559,1,1
0,1560,2,1
1,1560,1,1
2,1560,1,1
3,1560,2,3
4,1560,3,1
5,1560,3,1
6,1560,1,1
7,1560,2,1
8,1560,1,3
9,1560,1,1
10,1560,1,1
11,1560,2,2
12,1560,2,2
13,1560,1,1
14,1560,1,1
0,1561,2,1
1,1561,1,1
2,1561,1,1
3,1561,2,3
4,1561,1,2
5,1561,3,1
6,1561,1,1
7,1561,2,1
8,1561,1,3
9,1561,1,1
10,1561,1,1
11,1561,2,2
12,1561,2,2
13,1561,1,1
14,1561,1,1
0,1562,1,1
1,1562,1,1
2,1562,1,1
3,1562,1,1
4,1562,1,1
5,1562,1,1
6,1562,1,1
7,1562,1,1
8,1562,1,1
9,1562,1,1
10,1562,1,1
11,1562,1,1
12,1562,1,1
13,1562,1,1
14,1562,1,1
0,1563,3,1
1,1563,1,0
2,1563,1,1
3,1563,0,2
4,1563,1,1
5,1563,2,2
6,1563,1,1
7,1563,1,1
8,1563,1,1
9,1563,1,1
10,1563,1,1
11,1563,2,2
12,1563,2,2
13,1563,1,1
14,1563,1,1
0,1564,2,1
1,1564,1,1
2,1564,1,1
3,1564,2,3
4,1564,3,1
5,1564,3,1
6,1564,1,1
7,1564,2,1
8,1564,1,3
9,1564,1,1
10,1564,1,1
11,1564,2,2
12,1564,2,2
13,1564,1,1
14,1564,1,1
0,1565,3,1
1,1565,1,0
2,1565,1,1
3,1565,0,2
4,1565,1,1
5,1565,2,2
6,1565,1,1
7,1565,1,1
8,1565,1,1
9,1565,1,1
10,1565,1,1
11,1565,2,2
12,1565,2,2
13,1565,1,1
14,1565,1,1
0,1566,2,1
1,1566,1,1
2,1566,1,1
3,1566,2,3
4,1566,3,1
5,1566,3,1
6,1566,1,1
7,1566,2,1
8,1566,1,3
9,1566,1,1
10,1566,1,1
11,1566,2,2
12,1566,2,2
13,1566,1,1
14,1566,1,1
0,1567,2,1
1,1567,1,1
2,1567,1,1
3,1567,2,3
4,1567,1,1
5,1567,1,1
6,1567,1,1
7,1567,1,1
8,1567,1,1
9,1567,1,1
10,1567,1,1
11,1567,1,1
12,1567,1,1
13,1567,1,1
14,1567,1,1
0,1568,1,3
1,1568,1,1
2,1568,3,1
3,1568,3,1
4,1568,1,3
5,1568,3,1
6,1568,1,1
7,1568,2,1
8,1568,1,3
9,1568,1,1
10,1568,1,1
11,1568,2,2
12,1568,2,2
13,1568,1,1
14,1568,1,1
0,1569,3,1
1,1569,1,0
2,1569,1,1
3,1569,0,2
4,1569,1,1
5,1569,2,2
6,1569,1,1
7,1569,1,1
8,1569,1,1
9,1569,1,1
10,1569,1,1
11,1569,2,2
12,1569,2,2
13,1569,1,1
14,1569,1,1
0,1570,2,1
1,1570,1,1
2,1570,1,1
3,1570,2,3
4,1570,1,2
5,1570,3,1
6,1570,1,1
7,1570,2,1
8,1570,1,3
9,1570,1,1
10,1570,1,1
11,1570,2,2
12,1570,2,2
13,1570,1,1
14,1570,1,1
0,1571,2,1
1,1571,1,1
2,1571,1,1
3,1571,2,3
4,1571,3,1
5,1571,3,1
6,1571,1,1
7,1571,2,1
8,1571,1,3
9,1571,1,1
10,1571,1,1
11,1571,2,2
12,1571,2,2
13,1571,1,1
14,1571,1,1
0,1572,2,1
1,1572,1,1
2,1572,1,1
3,1572,2,3
4,1572,1,1
5,1572,1,1
6,1572,1,1
7,1572,1,1
8,1572,1,1
9,1572,1,1
10,1572,1,1
11,1572,1,1
12,1572,1,1
13,1572,1,1
14,1572,1,1
0,1573,3,1
1,1573,1,0
2,1573,1,1
3,1573,0,2
4,1573,1,1
5,1573,2,2
6,1573,1,1
7,1573,1,1
8,1573,1,1
9,1573,1,1
10,1573,1,1
11,1573,2,2
12,1573,2,2
13,1573,1,1
14,1573,1,1
0,1574,3,1
1,1574,1,1
2,1574,1,1
3,1574,0,2
4,1574,1,1
5,1574,2,2
6,1574,1,1
7,1574,1,1
8,1574,1,1
9,1574,1,1
10,1574,1,1
11,1574,2,2
12,1574,2,2
13,1574,1,1
14,1574,1,1
0,1575,2,1
1,1575,1,1
2,1575,1,1
3,1575,2,3
4,1575,1,1
5,1575,1,1
6,1575,1,1
7,1575,1,1
8,1575,1,1
9,1575,1,1
10,1575,1,1
11,1575,1,1
12,1575,1,1
13,1575,1,1
14,1575,1,1
0,1576,2,1
1,1576,1,1
2,1576,1,1
3,1576,2,3
4,1576,1,2
5,1576,3,1
6,1576,1,1
7,1576,2,1
8,1576,1,3
9,1576,1,1
10,1576,1,1
11,1576,2,2
12,1576,2,2
13,1576,1,1
14,1576,1,1
0,1577,3,1
1,1577,1,0
2,1577,1,1
3,1577,0,2
4,1577,1,1
5,1577,2,2
6,1577,1,1
7,1577,1,1
8,1577,1,1
9,1577,1,1
10,1577,1,1
11,1577,2,2
12,1577,2,2
13,1577,1,1
14,1577,1,1
0,1578,3,1
1,1578,1,0
2,1578,1,1
3,1578,0,2
4,1578,1,1
5,1578,2,2
6,1578,1,1
7,1578,1,1
8,1578,1,1
9,1578,1,1
10,1578,1,1
11,1578,2,2
12,1578,2,2
13,1578,1,1
14,1578,1,1
0,1579,2,1
1,1579,1,1
2,1579,1,1
3,1579,2,3
4,1579,3,1
5,1579,3,1
6,1579,1,1
7,1579,2,1
8,1579,1,3
9,1579,1,1
10,1579,1,1
11,1579,2,2
12,1579,2,2
13,1579,1,1
14,1579,1,1
0,1580,2,1
1,1580,1,1
2,1580,1,1
3,1580,2,3
4,1580,1,1
5,1580,1,1
6,1580,1,1
7,1580,1,1
8,1580,1,1
9,1580,1,1
10,1580,1,1
11,1580,1,1
12,1580,1,1
13,1580,1,1
14,1580,1,1
0,1581,2,1
1,1581,1,1
2,1581,1,1
3,1581,2,3
4,1581,3,1
5,1581,3,1
6,1581,1,1
7,1581,2,1
8,1581,1,3
9,1581,1,1
10,1581,1,1
11,1581,2,2
12,1581,2,2
13,1581,1,1
14,1581,1,1
0,1582,2,1
1,1582,1,1
2,1582,1,1
3,1582,2,3
4,1582,1,2
5,1582,3,1
6,1582,1,1
7,1582,2,1
8,1582,1,3
9,1582,1,1
10,1582,1,1
11,1582,2,2
12,1582,2,2
13,1582,1,1
14,1582,1,1
0,1583,3,1
1,1583,1,1
2,1583,1,1
3,1583,0,2
4,1583,1,1
5,1583,2,2
6,1583,1,1
7,1583,1,1
8,1583,1,1
9,1583,1,1
10,1583,1,1
11,1583,2,2
12,1583,2,2
13,1583,1,1
14,1583,1,1
0,1584,3,1
1,1584,1,0
2,1584,1,1
3,1584,0,2
4,1584,1,1
5,1584,2,2
6,1584,1,1
7,1584,1,1
8,1584,1,1
9,1584,1,1
10,1584,1,1
11,1584,2,2
12,1584,2,2
13,1584,1,1
14,1584,1,1
0,1585,3,1
1,1585,1,0
2,1585,1,1
3,1585,0,2
4,1585,1,1
5,1585,2,2
6,1585,1,1
7,1585,1,1
8,1585,1,1
9,1585,1,1
10,1585,1,1
11,1585,2,2
12,1585,2,2
13,1585,1,1
14,1585,1,1
0,1586,2,1
1,1586,1,1
2,1586,1,1
3,1586,2,3
4,1586,1,2
5,1586,3,1
6,1586,1,1
7,1586,2,1
8,1586,1,3
9,1586,1,1
10,1586,1,1
11,1586,2,2
12,1586,2,2
13,1586,1,1
14,1586,1,1
0,1587,2,1
1,1587,1,1
2,1587,1,1
3,1587,2,3
4,1587,3,1
5,1587,3,1
6,1587,1,1
7,1587,2,1
8,1587,1,3
9,1587,1,1
10,1587,1,1
11,1587,2,2
12,1587,2,2
13,1587,1,1
14,1587,1,1
0,1588,2,1
1,1588,1,1
2,1588,1,1
3,1588,2,3
4,1588,3,1
5,1588,3,1
6,1588,1,1
7,1588,2,1
8,1588,1,3
9,1588,1,1
10,1588,1,1
11,1588,2,2
12,1588,2,2
13,1588,1,1
14,1588,1,1
0,1589,3,1
1,1589,1,0
2,1589,1,1
3,1589,0,2
4,1589,1,1
5,1589,2,2
6,1589,1,1
7,1589,1,1
8,1589,1,1
9,1589,1,1
10,1589,1,1
11,1589,2,2
12,1589,2,2
13,1589,1,1
14,1589,1,1
0,1590,3,1
1,1590,1,0
2,1590,1,1
3,1590,0,2
4,1590,1,1
5,1590,2,2
6,1590,1,1
7,1590,1,1
8,1590,1,1
9,1590,1,1
10,1590,1,1
11,1590,2,2
12,1590,2,2
13,1590,1,1
14,1590,1,1
0,1591,3,1
1,1591,1,1
2,1591,1,1
3,1591,0,2
4,1591,1,1
5,1591,2,2
6,1591,1,1
7,1591,1,1
8,1591,1,1
9,1591,1,1
10,1591,1,1
11,1591,2,2
12,1591,2,2
13,1591,1,1
14,1591,1,1
0,1592,2,1
1,1592,1,1
2,1592,1,1
3,1592,2,3
4,1592,3,1
5,1592,3,1
6,1592,1,1
7,1592,2,1
8,1592,1,3
9,1592,1,1
10,1592,1,1
11,1592,2,2
12,1592,2,2
13,1592,1,1
14,1592,1,1
0,1593,2,1
1,1593,1,1
2,1593,1,1
3,1593,2,3
4,1593,1,1
5,1593,1,1
6,1593,1,1
7,1593,1,1
8,1593,1,1
9,1593,1,1
10,1593,1,1
11,1593,1,1
12,1593,1,1
13,1593,1,1
14,1593,1,1
0,1594,3,1
1,1594,1,0
2,1594,1,1
3,1594,0,2
4,1594,1,1
5,1594,2,2
6,1594,1,1
7,1594,1,1
8,1594,1,1
9,1594,1,1
10,1594,1,1
11,1594,2,2
12,1594,2,2
13,1594,1,1
14,1594,1,1
0,1595,2,1
1,1595,1,1
2,1595,1,1
3,1595,2,3
4,1595,3,1
5,1595,3,1
6,1595,1,1
7,1595,2,1
8,1595,1,3
9,1595,1,1
10,1595,1,1
11,1595,2,2
12,1595,2,2
13,1595,1,1
14,1595,1,1
0,1596,2,1
1,1596,1,1
2,1596,1,1
3,1596,2,3
4,1596,3,1
5,1596,3,1
6,1596,1,1
7,1596,2,1
8,1596,1,3
9,1596,1,1
10,1596,1,1
11,1596,2,2
12,1596,2,2
13,1596,1,1
14,1596,1,1
0,1597,3,1
1,1597,1,0
2,1597,1,1
3,1597,0,2
4,1597,1,1
5,1597,2,2
6,1597,1,1
7,1597,1,1
8,1597,1,1
9,1597,1,1
10,1597,1,1
11,1597,2,2
12,1597,2,2
13,1597,1,1
14,1597,1,1
0,1598,2,1
1,1598,1,1
2,1598,1,1
3,1598,2,3
4,1598,3,1
5,1598,3,1
6,1598,1,1
7,1598,2,1
8,1598,1,3
9,1598,1,1
10,1598,1,1
11,1598,2,2
12,1598,2,2
13,1598,1,1
14,1598,1,1
0,1599,2,1
1,1599,1,1
2,1599,1,1
3,1599,2,3
4,1599,1,1
5,1599,1,1
6,1599,1,1
7,1599,1,1
8,1599,1,1
9,1599,1,1
10,1599,1,1
11,1599,1,1
12,1599,1,1
13,1599,1,1
14,1599,1,1
0,1600,3,1
1,1600,1,0
2,1600,1,1
3,1600,0,2
4,1600,1,1
5,1600,2,2
6,1600,1,1
7,1600,1,1
8,1600,1,1
9,1600,1,1
10,1600,1,1
11,1600,2,2
12,1600,2,2
13,1600,1,1
14,1600,1,1
0,1601,1,1
1,1601,1,1
2,1601,1,1
3,1601,1,1
4,1601,1,1
5,1601,1,1
6,1601,1,1
7,1601,1,1
8,1601,1,1
9,1601,1,1
10,1601,1,1
11,1601,1,1
12,1601,1,1
13,1601,1,1
14,1601,1,1
0,1602,2,1
1,1602,1,1
2,1602,1,1
3,1602,2,3
4,1602,3,1
5,1602,3,1
6,1602,1,1
7,1602,2,1
8,1602,1,3
9,1602,1,1
10,1602,1,1
11,1602,2,2
12,1602,2,2
13,1602,1,1
14,1602,1,1
0,1603,3,1
1,1603,1,0
2,1603,1,1
3,1603,0,2
4,1603,1,1
5,1603,2,2
6,1603,1,1
7,1603,1,1
8,1603,1,1
9,1603,1,1
10,1603,1,1
11,1603,2,2
12,1603,2,2
13,1603,1,1
14,1603,1,1
0,1604,2,1
1,1604,1,1
2,1604,1,1
3,1604,2,3
4,1604,1,1
5,1604,1,1
6,1604,1,1
7,1604,1,1
8,1604,1,1
9,1604,1,1
10,1604,1,1
11,1604,1,1
12,1604,1,1
13,1604,1,1
14,1604,1,1
0,1605,2,1
1,1605,1,1
2,1605,1,1
3,1605,2,3
4,1605,1,1
5,1605,1,1
6,1605,1,1
7,1605,1,1
8,1605,1,1
9,1605,1,1
10,1605,1,1
11,1605,1,1
12,1605,1,1
13,1605,1,1
14,1605,1,1
0,1606,1,3
1,1606,1,1
2,1606,3,1
3,1606,3,1
4,1606,1,3
5,1606,3,1
6,1606,1,1
7,1606,2,1
8,1606,1,3
9,1606,1,1
10,1606,1,1
11,1606,2,2
12,1606,2,2
13,1606,1,1
14,1606,1,1
0,1607,3,1
1,1607,1,1
2,1607,1,1
3,1607,0,2
4,1607,1,1
5,1607,2,2
6,1607,1,1
7,1607,1,1
8,1607,1,1
9,1607,1,1
10,1607,1,1
11,1607,2,2
12,1607,2,2
13,1607,1,1
14,1607,1,1
0,1608,2,1
1,1608,1,1
2,1608,1,1
3,1608,2,3
4,1608,3,1
5,1608,3,1
6,1608,1,1
7,1608,2,1
8,1608,1,3
9,1608,1,1
10,1608,1,1
11,1608,2,2
12,1608,2,2
13,1608,1,1
14,1608,1,1
0,1609,3,1
1,1609,1,1
2,1609,1,1
3,1609,0,2
4,1609,1,1
5,1609,2,2
6,1609,1,1
7,1609,1,1
8,1609,1,1
9,1609,1,1
10,1609,1,1
11,1609,2,2
12,1609,2,2
13,1609,1,1
14,1609,1,1
0,1610,3,1
1,1610,1,0
2,1610,1,1
3,1610,0,2
4,1610,1,1
5,1610,2,2
6,1610,1,1
7,1610,1,1
8,1610,1,1
9,1610,1,1
10,1610,1,1
11,1610,2,2
12,1610,2,2
13,1610,1,1
14,1610,1,1
0,1611,2,1
1,1611,1,1
2,1611,1,1
3,1611,2,3
4,1611,1,2
5,1611,3,1
6,1611,1,1
7,1611,2,1
8,1611,1,3
9,1611,1,1
10,1611,1,1
11,1611,2,2
12,1611,2,2
13,1611,1,1
14,1611,1,1
0,1612,2,1
1,1612,1,1
2,1612,1,1
3,1612,2,3
4,1612,3,1
5,1612,3,1
6,1612,1,1
7,1612,2,1
8,1612,1,3
9,1612,1,1
10,1612,1,1
11,1612,2,2
12,1612,2,2
13,1612,1,1
14,1612,1,1
0,1613,3,1
1,1613,1,0
2,1613,1,1
3,1613,0,2
4,1613,1,1
5,1613,2,2
6,1613,1,1
7,1613,1,1
8,1613,1,1
9,1613,1,1
10,1613,1,1
11,1613,2,2
12,1613,2,2
13,1613,1,1
14,1613,1,1
0,1614,3,1
1,1614,1,0
2,1614,1,1
3,1614,0,2
4,1614,1,1
5,1614,2,2
6,1614,1,1
7,1614,1,1
8,1614,1,1
9,1614,1,1
10,1614,1,1
11,1614,2,2
12,1614,2,2
13,1614,1,1
14,1614,1,1
0,1615,3,1
1,1615,1,0
2,1615,1,1
3,1615,0,2
4,1615,1,1
5,1615,2,2
6,1615,1,1
7,1615,1,1
8,1615,1,1
9,1615,1,1
10,1615,1,1
11,1615,2,2
12,1615,2,2
13,1615,1,1
14,1615,1,1
0,1616,3,1
1,1616,1,0
2,1616,1,1
3,1616,0,2
4,1616,1,1
5,1616,2,2
6,1616,1,1
7,1616,1,1
8,1616,1,1
9,1616,1,1
10,1616,1,1
11,1616,2,2
12,1616,2,2
13,1616,1,1
14,1616,1,1
0,1617,2,1
1,1617,1,1
2,1617,1,1
3,1617,2,3
4,1617,1,2
5,1617,3,1
6,1617,1,1
7,1617,2,1
8,1617,1,3
9,1617,1,1
10,1617,1,1
11,1617,2,2
12,1617,2,2
13,1617,1,1
14,1617,1,1
0,1618,3,1
1,1618,1,0
2,1618,1,1
3,1618,0,2
4,1618,1,1
5,1618,2,2
6,1618,1,1
7,1618,1,1
8,1618,1,1
9,1618,1,1
10,1618,1,1
11,1618,2,2
12,1618,2,2
13,1618,1,1
14,1618,1,1
0,1619,2,1
1,1619,1,1
2,1619,1,1
3,1619,2,3
4,1619,3,1
5,1619,3,1
6,1619,1,1
7,1619,2,1
8,1619,1,3
9,1619,1,1
10,1619,1,1
11,1619,2,2
12,1619,2,2
13,1619,1,1
14,1619,1,1
0,1620,3,1
1,1620,1,0
2,1620,1,1
3,1620,0,2
4,1620,1,1
5,1620,2,2
6,1620,1,1
7,1620,1,1
8,1620,1,1
9,1620,1,1
10,1620,1,1
11,1620,2,2
12,1620,2,2
13,1620,1,1
14,1620,1,1
0,1621,3,1
1,1621,1,0
2,1621,1,1
3,1621,0,2
4,1621,1,1
5,1621,2,2
6,1621,1,1
7,1621,1,1
8,1621,1,1
9,1621,1,1
10,1621,1,1
11,1621,2,2
12,1621,2,2
13,1621,1,1
14,1621,1,1
0,1622,3,1
1,1622,1,0
2,1622,1,1
3,1622,0,2
4,1622,1,1
5,1622,2,2
6,1622,1,1
7,1622,1,1
8,1622,1,1
9,1622,1,1
10,1622,1,1
11,1622,2,2
12,1622,2,2
13,1622,1,1
14,1622,1,1
0,1623,3,1
1,1623,1,0
2,1623,1,1
3,1623,0,2
4,1623,1,1
5,1623,2,2
6,1623,1,1
7,1623,1,1
8,1623,1,1
9,1623,1,1
10,1623,1,1
11,1623,2,2
12,1623,2,2
13,1623,1,1
14,1623,1,1
0,1624,3,1
1,1624,1,0
2,1624,1,1
3,1624,0,2
4,1624,1,1
5,1624,2,2
6,1624,1,1
7,1624,1,1
8,1624,1,1
9,1624,1,1
10,1624,1,1
11,1624,2,2
12,1624,2,2
13,1624,1,1
14,1624,1,1
0,1625,3,1
1,1625,1,1
2,1625,1,1
3,1625,0,2
4,1625,1,1
5,1625,2,2
6,1625,1,1
7,1625,1,1
8,1625,1,1
9,1625,1,1
10,1625,1,1
11,1625,2,2
12,1625,2,2
13,1625,1,1
14,1625,1,1
0,1626,2,1
1,1626,1,1
2,1626,1,1
3,1626,2,3
4,1626,3,1
5,1626,3,1
6,1626,1,1
7,1626,2,1
8,1626,1,3
9,1626,1,1
10,1626,1,1
11,1626,2,2
12,1626,2,2
13,1626,1,1
14,1626,1,1
0,1627,3,1
1,1627,1,0
2,1627,1,1
3,1627,0,2
4,1627,1,1
5,1627,2,2
6,1627,1,1
7,1627,1,1
8,1627,1,1
9,1627,1,1
10,1627,1,1
11,1627,2,2
12,1627,2,2
13,1627,1,1
14,1627,1,1
0,1628,3,1
1,1628,1,0
2,1628,1,1
3,1628,0,2
4,1628,1,1
5,1628,2,2
6,1628,1,1
7,1628,1,1
8,1628,1,1
9,1628,1,1
10,1628,1,1
11,1628,2,2
12,1628,2,2
13,1628,1,1
14,1628,1,1
0,1629,1,1
1,1629,1,1
2,1629,1,1
3,1629,1,1
4,1629,1,1
5,1629,1,1
6,1629,1,1
7,1629,1,1
8,1629,1,1
9,1629,1,1
10,1629,1,1
11,1629,1,1
12,1629,1,1
13,1629,1,1
14,1629,1,1
0,1630,1,3
1,1630,1,1
2,1630,3,1
3,1630,3,1
4,1630,1,3
5,1630,3,1
6,1630,1,1
7,1630,2,1
8,1630,1,3
9,1630,1,1
10,1630,1,1
11,1630,2,2
12,1630,2,2
13,1630,1,1
14,1630,1,1
0,1631,2,1
1,1631,1,1
2,1631,1,1
3,1631,2,3
4,1631,3,1
5,1631,3,1
6,1631,1,1
7,1631,2,1
8,1631,1,3
9,1631,1,1
10,1631,1,1
11,1631,2,2
12,1631,2,2
13,1631,1,1
14,1631,1,1
0,1632,3,1
1,1632,1,1
2,1632,1,1
3,1632,0,2
4,1632,1,1
5,1632,2,2
6,1632,1,1
7,1632,1,1
8,1632,1,1
9,1632,1,1
10,1632,1,1
11,1632,2,2
12,1632,2,2
13,1632,1,1
14,1632,1,1
0,1633,3,1
1,1633,1,0
2,1633,1,1
3,1633,0,2
4,1633,1,1
5,1633,2,2
6,1633,1,1
7,1633,1,1
8,1633,1,1
9,1633,1,1
10,1633,1,1
11,1633,2,2
12,1633,2,2
13,1633,1,1
14,1633,1,1
0,1634,3,1
1,1634,1,0
2,1634,1,1
3,1634,0,2
4,1634,1,1
5,1634,2,2
6,1634,1,1
7,1634,1,1
8,1634,1,1
9,1634,1,1
10,1634,1,1
11,1634,2,2
12,1634,2,2
13,1634,1,1
14,1634,1,1
0,1635,2,1
1,1635,1,1
2,1635,1,1
3,1635,2,3
4,1635,3,1
5,1635,3,1
6,1635,1,1
7,1635,2,1
8,1635,1,3
9,1635,1,1
10,1635,1,1
11,1635,2,2
12,1635,2,2
13,1635,1,1
14,1635,1,1
0,1636,2,1
1,1636,1,1
2,1636,1,1
3,1636,2,3
4,1636,3,1
5,1636,3,1
6,1636,1,1
7,1636,2,1
8,1636,1,3
9,1636,1,1
10,1636,1,1
11,1636,2,2
12,1636,2,2
13,1636,1,1
14,1636,1,1
0,1637,3,1
1,1637,1,0
2,1637,1,1
3,1637,0,2
4,1637,1,1
5,1637,2,2
6,1637,1,1
7,1637,1,1
8,1637,1,1
9,1637,1,1
10,1637,1,1
11,1637,2,2
12,1637,2,2
13,1637,1,1
14,1637,1,1
0,1638,2,1
1,1638,1,1
2,1638,1,1
3,1638,2,3
4,1638,1,2
5,1638,3,1
6,1638,1,1
7,1638,2,1
8,1638,1,3
9,1638,1,1
10,1638,1,1
11,1638,2,2
12,1638,2,2
13,1638,1,1
14,1638,1,1
0,1639,1,3
1,1639,1,1
2,1639,3,1
3,1639,3,1
4,1639,1,3
5,1639,3,1
6,1639,1,1
7,1639,2,1
8,1639,1,3
9,1639,1,1
10,1639,1,1
11,1639,2,2
12,1639,2,2
13,1639,1,1
14,1639,1,1
0,1640,2,1
1,1640,1,1
2,1640,1,1
3,1640,2,3
4,1640,3,1
5,1640,3,1
6,1640,1,1
7,1640,2,1
8,1640,1,3
9,1640,1,1
10,1640,1,1
11,1640,2,2
12,1640,2,2
13,1640,1,1
14,1640,1,1
0,1641,3,1
1,1641,1,0
2,1641,1,1
3,1641,0,2
4,1641,1,1
5,1641,2,2
6,1641,1,1
7,1641,1,1
8,1641,1,1
9,1641,1,1
10,1641,1,1
11,1641,2,2
12,1641,2,2
13,1641,1,1
14,1641,1,1
0,1642,3,1
1,1642,1,0
2,1642,1,1
3,1642,0,2
4,1642,1,1
5,1642,2,2
6,1642,1,1
7,1642,1,1
8,1642,1,1
9,1642,1,1
10,1642,1,1
11,1642,2,2
12,1642,2,2
13,1642,1,1
14,1642,1,1
0,1643,3,1
1,1643,1,0
2,1643,1,1
3,1643,0,2
4,1643,1,1
5,1643,2,2
6,1643,1,1
7,1643,1,1
8,1643,1,1
9,1643,1,1
10,1643,1,1
11,1643,2,2
12,1643,2,2
13,1643,1,1
14,1643,1,1
0,1644,2,1
1,1644,1,1
2,1644,1,1
3,1644,2,3
4,1644,1,2
5,1644,3,1
6,1644,1,1
7,1644,2,1
8,1644,1,3
9,1644,1,1
10,1644,1,1
11,1644,2,2
12,1644,2,2
13,1644,1,1
14,1644,1,1
0,1645,2,1
1,1645,1,1
2,1645,1,1
3,1645,2,3
4,1645,1,1
5,1645,1,1
6,1645,1,1
7,1645,1,1
8,1645,1,1
9,1645,1,1
10,1645,1,1
11,1645,1,1
12,1645,1,1
13,1645,1,1
14,1645,1,1
0,1646,2,1
1,1646,1,1
2,1646,1,1
3,1646,2,3
4,1646,1,2
5,1646,3,1
6,1646,1,1
7,1646,2,1
8,1646,1,3
9,1646,1,1
10,1646,1,1
11,1646,2,2
12,1646,2,2
13,1646,1,1
14,1646,1,1
0,1647,3,1
1,1647,1,0
2,1647,1,1
3,1647,0,2
4,1647,1,1
5,1647,2,2
6,1647,1,1
7,1647,1,1
8,1647,1,1
9,1647,1,1
10,1647,1,1
11,1647,2,2
12,1647,2,2
13,1647,1,1
14,1647,1,1
0,1648,2,1
1,1648,1,1
2,1648,1,1
3,1648,2,3
4,1648,1,2
5,1648,3,1
6,1648,1,1
7,1648,2,1
8,1648,1,3
9,1648,1,1
10,1648,1,1
11,1648,2,2
12,1648,2,2
13,1648,1,1
14,1648,1,1
0,1649,2,1
1,1649,1,1
2,1649,1,1
3,1649,2,3
4,1649,3,1
5,1649,3,1
6,1649,1,1
7,1649,2,1
8,1649,1,3
9,1649,1,1
10,1649,1,1
11,1649,2,2
12,1649,2,2
13,1649,1,1
14,1649,1,1
0,1650,2,1
1,1650,1,1
2,1650,1,1
3,1650,2,3
4,1650,3,1
5,1650,3,1
6,1650,1,1
7,1650,2,1
8,1650,1,3
9,1650,1,1
10,1650,1,1
11,1650,2,2
12,1650,2,2
13,1650,1,1
14,1650,1,1
0,1651,3,1
1,1651,1,0
2,1651,1,1
3,1651,0,2
4,1651,1,1
5,1651,2,2
6,1651,1,1
7,1651,1,1
8,1651,1,1
9,1651,1,1
10,1651,1,1
11,1651,2,2
12,1651,2,2
13,1651,1,1
14,1651,1,1
0,1652,1,1
1,1652,1,1
2,1652,1,1
3,1652,1,1
4,1652,1,1
5,1652,1,1
6,1652,1,1
7,1652,1,1
8,1652,1,1
9,1652,1,1
10,1652,1,1
11,1652,1,1
12,1652,1,1
13,1652,1,1
14,1652,1,1
0,1653,2,1
1,1653,1,1
2,1653,1,1
3,1653,2,3
4,1653,1,1
5,1653,1,1
6,1653,1,1
7,1653,1,1
8,1653,1,1
9,1653,1,1
10,1653,1,1
11,1653,1,1
12,1653,1,1
13,1653,1,1
14,1653,1,1
0,1654,2,1
1,1654,1,1
2,1654,1,1
3,1654,2,3
4,1654,3,1
5,1654,3,1
6,1654,1,1
7,1654,2,1
8,1654,1,3
9,1654,1,1
10,1654,1,1
11,1654,2,2
12,1654,2,2
13,1654,1,1
14,1654,1,1
0,1655,2,1
1,1655,1,1
2,1655,1,1
3,1655,2,3
4,1655,3,1
5,1655,3,1
6,1655,1,1
7,1655,2,1
8,1655,1,3
9,1655,1,1
10,1655,1,1
11,1655,2,2
12,1655,2,2
13,1655,1,1
14,1655,1,1
0,1656,1,3
1,1656,1,1
2,1656,3,1
3,1656,3,1
4,1656,1,3
5,1656,3,1
6,1656,1,1
7,1656,2,1
8,1656,1,3
9,1656,1,1
10,1656,1,1
11,1656,2,2
12,1656,2,2
13,1656,1,1
14,1656,1,1
0,1657,3,1
1,1657,1,0
2,1657,1,1
3,1657,0,2
4,1657,1,1
5,1657,2,2
6,1657,1,1
7,1657,1,1
8,1657,1,1
9,1657,1,1
10,1657,1,1
11,1657,2,2
12,1657,2,2
13,1657,1,1
14,1657,1,1
0,1658,2,1
1,1658,1,1
2,1658,1,1
3,1658,2,3
4,1658,1,1
5,1658,1,1
6,1658,1,1
7,1658,1,1
8,1658,1,1
9,1658,1,1
10,1658,1,1
11,1658,1,1
12,1658,1,1
13,1658,1,1
14,1658,1,1
0,1659,3,1
1,1659,1,1
2,1659,1,1
3,1659,0,2
4,1659,1,1
5,1659,2,2
6,1659,1,1
7,1659,1,1
8,1659,1,1
9,1659,1,1
10,1659,1,1
11,1659,2,2
12,1659,2,2
13,1659,1,1
14,1659,1,1
0,1660,3,1
1,1660,1,1
2,1660,1,1
3,1660,0,2
4,1660,1,1
5,1660,2,2
6,1660,1,1
7,1660,1,1
8,1660,1,1
9,1660,1,1
10,1660,1,1
11,1660,2,2
12,1660,2,2
13,1660,1,1
14,1660,1,1
0,1661,3,1
1,1661,1,0
2,1661,1,1
3,1661,0,2
4,1661,1,1
5,1661,2,2
6,1661,1,1
7,1661,1,1
8,1661,1,1
9,1661,1,1
10,1661,1,1
11,1661,2,2
12,1661,2,2
13,1661,1,1
14,1661,1,1
0,1662,2,1
1,1662,1,1
2,1662,1,1
3,1662,2,3
4,1662,3,1
5,1662,3,1
6,1662,1,1
7,1662,2,1
8,1662,1,3
9,1662,1,1
10,1662,1,1
11,1662,2,2
12,1662,2,2
13,1662,1,1
14,1662,1,1
0,1663,2,1
1,1663,1,1
2,1663,1,1
3,1663,2,3
4,1663,3,1
5,1663,3,1
6,1663,1,1
7,1663,2,1
8,1663,1,3
9,1663,1,1
10,1663,1,1
11,1663,2,2
12,1663,2,2
13,1663,1,1
14,1663,1,1
0,1664,3,1
1,1664,1,0
2,1664,1,1
3,1664,0,2
4,1664,1,1
5,1664,2,2
6,1664,1,1
7,1664,1,1
8,1664,1,1
9,1664,1,1
10,1664,1,1
11,1664,2,2
12,1664,2,2
13,1664,1,1
14,1664,1,1
0,1665,2,1
1,1665,1,1
2,1665,1,1
3,1665,2,3
4,1665,1,2
5,1665,3,1
6,1665,1,1
7,1665,2,1
8,1665,1,3
9,1665,1,1
10,1665,1,1
11,1665,2,2
12,1665,2,2
13,1665,1,1
14,1665,1,1
0,1666,3,1
1,1666,1,1
2,1666,1,1
3,1666,0,2
4,1666,1,1
5,1666,2,2
6,1666,1,1
7,1666,1,1
8,1666,1,1
9,1666,1,1
10,1666,1,1
11,1666,2,2
12,1666,2,2
13,1666,1,1
14,1666,1,1
0,1667,3,1
1,1667,1,1
2,1667,1,1
3,1667,0,2
4,1667,1,1
5,1667,2,2
6,1667,1,1
7,1667,1,1
8,1667,1,1
9,1667,1,1
10,1667,1,1
11,1667,2,2
12,1667,2,2
13,1667,1,1
14,1667,1,1
0,1668,2,1
1,1668,1,1
2,1668,1,1
3,1668,2,3
4,1668,1,2
5,1668,3,1
6,1668,1,1
7,1668,2,1
8,1668,1,3
9,1668,1,1
10,1668,1,1
11,1668,2,2
12,1668,2,2
13,1668,1,1
14,1668,1,1
0,1669,3,1
1,1669,1,0
2,1669,1,1
3,1669,0,2
4,1669,1,1
5,1669,2,2
6,1669,1,1
7,1669,1,1
8,1669,1,1
9,1669,1,1
10,1669,1,1
11,1669,2,2
12,1669,2,2
13,1669,1,1
14,1669,1,1
0,1670,2,1
1,1670,1,1
2,1670,1,1
3,1670,2,3
4,1670,1,1
5,1670,1,1
6,1670,1,1
7,1670,1,1
8,1670,1,1
9,1670,1,1
10,1670,1,1
11,1670,1,1
12,1670,1,1
13,1670,1,1
14,1670,1,1
0,1671,2,1
1,1671,1,1
2,1671,1,1
3,1671,2,3
4,1671,1,1
5,1671,1,1
6,1671,1,1
7,1671,1,1
8,1671,1,1
9,1671,1,1
10,1671,1,1
11,1671,1,1
12,1671,1,1
13,1671,1,1
14,1671,1,1
0,1672,3,1
1,1672,1,0
2,1672,1,1
3,1672,0,2
4,1672,1,1
5,1672,2,2
6,1672,1,1
7,1672,1,1
8,1672,1,1
9,1672,1,1
10,1672,1,1
11,1672,2,2
12,1672,2,2
13,1672,1,1
14,1672,1,1
0,1673,3,1
1,1673,1,0
2,1673,1,1
3,1673,0,2
4,1673,1,1
5,1673,2,2
6,1673,1,1
7,1673,1,1
8,1673,1,1
9,1673,1,1
10,1673,1,1
11,1673,2,2
12,1673,2,2
13,1673,1,1
14,1673,1,1
0,1674,1,1
1,1674,1,1
2,1674,1,1
3,1674,1,1
4,1674,1,1
5,1674,1,1
6,1674,1,1
7,1674,1,1
8,1674,1,1
9,1674,1,1
10,1674,1,1
11,1674,1,1
12,1674,1,1
13,1674,1,1
14,1674,1,1
0,1675,3,1
1,1675,1,0
2,1675,1,1
3,1675,0,2
4,1675,1,1
5,1675,2,2
6,1675,1,1
7,1675,1,1
8,1675,1,1
9,1675,1,1
10,1675,1,1
11,1675,2,2
12,1675,2,2
13,1675,1,1
14,1675,1,1
0,1676,2,1
1,1676,1,1
2,1676,1,1
3,1676,2,3
4,1676,3,1
5,1676,3,1
6,1676,1,1
7,1676,2,1
8,1676,1,3
9,1676,1,1
10,1676,1,1
11,1676,2,2
12,1676,2,2
13,1676,1,1
14,1676,1,1
0,1677,3,1
1,1677,1,0
2,1677,1,1
3,1677,0,2
4,1677,1,1
5,1677,2,2
6,1677,1,1
7,1677,1,1
8,1677,1,1
9,1677,1,1
10,1677,1,1
11,1677,2,2
12,1677,2,2
13,1677,1,1
14,1677,1,1
0,1678,2,1
1,1678,1,1
2,1678,1,1
3,1678,2,3
4,1678,1,2
5,1678,3,1
6,1678,1,1
7,1678,2,1
8,1678,1,3
9,1678,1,1
10,1678,1,1
11,1678,2,2
12,1678,2,2
13,1678,1,1
14,1678,1,1
0,1679,1,1
1,1679,1,1
2,1679,1,1
3,1679,1,1
4,1679,1,1
5,1679,1,1
6,1679,1,1
7,1679,1,1
8,1679,1,1
9,1679,1,1
10,1679,1,1
11,1679,1,1
12,1679,1,1
13,1679,1,1
14,1679,1,1
0,1680,2,1
1,1680,1,1
2,1680,1,1
3,1680,2,3
4,1680,3,1
5,1680,3,1
6,1680,1,1
7,1680,2,1
8,1680,1,3
9,1680,1,1
10,1680,1,1
11,1680,2,2
12,1680,2,2
13,1680,1,1
14,1680,1,1
0,1681,1,1
1,1681,1,1
2,1681,1,1
3,1681,1,1
4,1681,1,1
5,1681,1,1
6,1681,1,1
7,1681,1,1
8,1681,1,1
9,1681,1,1
10,1681,1,1
11,1681,1,1
12,1681,1,1
13,1681,1,1
14,1681,1,1
0,1682,3,1
1,1682,1,0
2,1682,1,1
3,1682,0,2
4,1682,1,1
5,1682,2,2
6,1682,1,1
7,1682,1,1
8,1682,1,1
9,1682,1,1
10,1682,1,1
11,1682,2,2
12,1682,2,2
13,1682,1,1
14,1682,1,1
0,1683,2,1
1,1683,1,1
2,1683,1,1
3,1683,2,3
4,1683,3,1
5,1683,3,1
6,1683,1,1
7,1683,2,1
8,1683,1,3
9,1683,1,1
10,1683,1,1
11,1683,2,2
12,1683,2,2
13,1683,1,1
14,1683,1,1
0,1684,3,1
1,1684,1,0
2,1684,1,1
3,1684,0,2
4,1684,1,1
5,1684,2,2
6,1684,1,1
7,1684,1,1
8,1684,1,1
9,1684,1,1
10,1684,1,1
11,1684,2,2
12,1684,2,2
13,1684,1,1
14,1684,1,1
0,1685,2,1
1,1685,1,1
2,1685,1,1
3,1685,2,3
4,1685,3,1
5,1685,3,1
6,1685,1,1
7,1685,2,1
8,1685,1,3
9,1685,1,1
10,1685,1,1
11,1685,2,2
12,1685,2,2
13,1685,1,1
14,1685,1,1
0,1686,2,1
1,1686,1,1
2,1686,1,1
3,1686,2,3
4,1686,3,1
5,1686,3,1
6,1686,1,1
7,1686,2,1
8,1686,1,3
9,1686,1,1
10,1686,1,1
11,1686,2,2
12,1686,2,2
13,1686,1,1
14,1686,1,1
0,1687,3,1
1,1687,1,0
2,1687,1,1
3,1687,0,2
4,1687,1,1
5,1687,2,2
6,1687,1,1
7,1687,1,1
8,1687,1,1
9,1687,1,1
10,1687,1,1
11,1687,2,2
12,1687,2,2
13,1687,1,1
14,1687,1,1
0,1688,2,1
1,1688,1,1
2,1688,1,1
3,1688,2,3
4,1688,1,2
5,1688,3,1
6,1688,1,1
7,1688,2,1
8,1688,1,3
9,1688,1,1
10,1688,1,1
11,1688,2,2
12,1688,2,2
13,1688,1,1
14,1688,1,1
0,1689,3,1
1,1689,1,0
2,1689,1,1
3,1689,0,2
4,1689,1,1
5,1689,2,2
6,1689,1,1
7,1689,1,1
8,1689,1,1
9,1689,1,1
10,1689,1,1
11,1689,2,2
12,1689,2,2
13,1689,1,1
14,1689,1,1
0,1690,3,1
1,1690,1,0
2,1690,1,1
3,1690,0,2
4,1690,1,1
5,1690,2,2
6,1690,1,1
7,1690,1,1
8,1690,1,1
9,1690,1,1
10,1690,1,1
11,1690,2,2
12,1690,2,2
13,1690,1,1
14,1690,1,1
0,1691,2,1
1,1691,1,1
2,1691,1,1
3,1691,2,3
4,1691,1,2
5,1691,3,1
6,1691,1,1
7,1691,2,1
8,1691,1,3
9,1691,1,1
10,1691,1,1
11,1691,2,2
12,1691,2,2
13,1691,1,1
14,1691,1,1
0,1692,1,3
1,1692,1,1
2,1692,3,1
3,1692,3,1
4,1692,1,3
5,1692,3,1
6,1692,1,1
7,1692,2,1
8,1692,1,3
9,1692,1,1
10,1692,1,1
11,1692,2,2
12,1692,2,2
13,1692,1,1
14,1692,1,1
0,1693,3,1
1,1693,1,1
2,1693,1,1
3,1693,0,2
4,1693,1,1
5,1693,2,2
6,1693,1,1
7,1693,1,1
8,1693,1,1
9,1693,1,1
10,1693,1,1
11,1693,2,2
12,1693,2,2
13,1693,1,1
14,1693,1,1
0,1694,3,1
1,1694,1,0
2,1694,1,1
3,1694,0,2
4,1694,1,1
5,1694,2,2
6,1694,1,1
7,1694,1,1
8,1694,1,1
9,1694,1,1
10,1694,1,1
11,1694,2,2
12,1694,2,2
13,1694,1,1
14,1694,1,1
0,1695,2,1
1,1695,1,1
2,1695,1,1
3,1695,2,3
4,1695,3,1
5,1695,3,1
6,1695,1,1
7,1695,2,1
8,1695,1,3
9,1695,1,1
10,1695,1,1
11,1695,2,2
12,1695,2,2
13,1695,1,1
14,1695,1,1
0,1696,3,1
1,1696,1,1
2,1696,1,1
3,1696,0,2
4,1696,1,1
5,1696,2,2
6,1696,1,1
7,1696,1,1
8,1696,1,1
9,1696,1,1
10,1696,1,1
11,1696,2,2
12,1696,2,2
13,1696,1,1
14,1696,1,1
0,1697,3,1
1,1697,1,0
2,1697,1,1
3,1697,0,2
4,1697,1,1
5,1697,2,2
6,1697,1,1
7,1697,1,1
8,1697,1,1
9,1697,1,1
10,1697,1,1
11,1697,2,2
12,1697,2,2
13,1697,1,1
14,1697,1,1
0,1698,3,1
1,1698,1,0
2,1698,1,1
3,1698,0,2
4,1698,1,1
5,1698,2,2
6,1698,1,1
7,1698,1,1
8,1698,1,1
9,1698,1,1
10,1698,1,1
11,1698,2,2
12,1698,2,2
13,1698,1,1
14,1698,1,1
0,1699,2,1
1,1699,1,1
2,1699,1,1
3,1699,2,3
4,1699,1,1
5,1699,1,1
6,1699,1,1
7,1699,1,1
8,1699,1,1
9,1699,1,1
10,1699,1,1
11,1699,1,1
12,1699,1,1
13,1699,1,1
14,1699,1,1
0,1700,2,1
1,1700,1,1
2,1700,1,1
3,1700,2,3
4,1700,1,1
5,1700,1,1
6,1700,1,1
7,1700,1,1
8,1700,1,1
9,1700,1,1
10,1700,1,1
11,1700,1,1
12,1700,1,1
13,1700,1,1
14,1700,1,1
0,1701,2,1
1,1701,1,1
2,1701,1,1
3,1701,2,3
4,1701,1,2
5,1701,3,1
6,1701,1,1
7,1701,2,1
8,1701,1,3
9,1701,1,1
10,1701,1,1
11,1701,2,2
12,1701,2,2
13,1701,1,1
14,1701,1,1
0,1702,1,1
1,1702,1,1
2,1702,1,1
3,1702,1,1
4,1702,1,1
5,1702,1,1
6,1702,1,1
7,1702,1,1
8,1702,1,1
9,1702,1,1
10,1702,1,1
11,1702,1,1
12,1702,1,1
13,1702,1,1
14,1702,1,1
0,1703,3,1
1,1703,1,0
2,1703,1,1
3,1703,0,2
4,1703,1,1
5,1703,2,2
6,1703,1,1
7,1703,1,1
8,1703,1,1
9,1703,1,1
10,1703,1,1
11,1703,2,2
12,1703,2,2
13,1703,1,1
14,1703,1,1
0,1704,3,1
1,1704,1,0
2,1704,1,1
3,1704,0,2
4,1704,1,1
5,1704,2,2
6,1704,1,1
7,1704,1,1
8,1704,1,1
9,1704,1,1
10,1704,1,1
11,1704,2,2
12,1704,2,2
13,1704,1,1
14,1704,1,1
0,1705,2,1
1,1705,1,1
2,1705,1,1
3,1705,2,3
4,1705,3,1
5,1705,3,1
6,1705,1,1
7,1705,2,1
8,1705,1,3
9,1705,1,1
10,1705,1,1
11,1705,2,2
12,1705,2,2
13,1705,1,1
14,1705,1,1
0,1706,3,1
1,1706,1,1
2,1706,1,1
3,1706,0,2
4,1706,1,1
5,1706,2,2
6,1706,1,1
7,1706,1,1
8,1706,1,1
9,1706,1,1
10,1706,1,1
11,1706,2,2
12,1706,2,2
13,1706,1,1
14,1706,1,1
0,1707,2,1
1,1707,1,1
2,1707,1,1
3,1707,2,3
4,1707,3,1
5,1707,3,1
6,1707,1,1
7,1707,2,1
8,1707,1,3
9,1707,1,1
10,1707,1,1
11,1707,2,2
12,1707,2,2
13,1707,1,1
14,1707,1,1
0,1708,3,1
1,1708,1,1
2,1708,1,1
3,1708,0,2
4,1708,1,1
5,1708,2,2
6,1708,1,1
7,1708,1,1
8,1708,1,1
9,1708,1,1
10,1708,1,1
11,1708,2,2
12,1708,2,2
13,1708,1,1
14,1708,1,1
0,1709,3,1
1,1709,1,0
2,1709,1,1
3,1709,0,2
4,1709,1,1
5,1709,2,2
6,1709,1,1
7,1709,1,1
8,1709,1,1
9,1709,1,1
10,1709,1,1
11,1709,2,2
12,1709,2,2
13,1709,1,1
14,1709,1,1
0,1710,3,1
1,1710,1,0
2,1710,1,1
3,1710,0,2
4,1710,1,1
5,1710,2,2
6,1710,1,1
7,1710,1,1
8,1710,1,1
9,1710,1,1
10,1710,1,1
11,1710,2,2
12,1710,2,2
13,1710,1,1
14,1710,1,1
0,1711,2,1
1,1711,1,1
2,1711,1,1
3,1711,2,3
4,1711,1,2
5,1711,3,1
6,1711,1,1
7,1711,2,1
8,1711,1,3
9,1711,1,1
10,1711,1,1
11,1711,2,2
12,1711,2,2
13,1711,1,1
14,1711,1,1
0,1712,3,1
1,1712,1,1
2,1712,1,1
3,1712,0,2
4,1712,1,1
5,1712,2,2
6,1712,1,1
7,1712,1,1
8,1712,1,1
9,1712,1,1
10,1712,1,1
11,1712,2,2
12,1712,2,2
13,1712,1,1
14,1712,1,1
0,1713,1,1
1,1713,1,1
2,1713,1,1
3,1713,1,1
4,1713,1,1
5,1713,1,1
6,1713,1,1
7,1713,1,1
8,1713,1,1
9,1713,1,1
10,1713,1,1
11,1713,1,1
12,1713,1,1
13,1713,1,1
14,1713,1,1
0,1714,2,1
1,1714,1,1
2,1714,1,1
3,1714,2,3
4,1714,1,1
5,1714,1,1
6,1714,1,1
7,1714,1,1
8,1714,1,1
9,1714,1,1
10,1714,1,1
11,1714,1,1
12,1714,1,1
13,1714,1,1
14,1714,1,1
0,1715,3,1
1,1715,1,0
2,1715,1,1
3,1715,0,2
4,1715,1,1
5,1715,2,2
6,1715,1,1
7,1715,1,1
8,1715,1,1
9,1715,1,1
10,1715,1,1
11,1715,2,2
12,1715,2,2
13,1715,1,1
14,1715,1,1
0,1716,3,1
1,1716,1,1
2,1716,1,1
3,1716,0,2
4,1716,1,1
5,1716,2,2
6,1716,1,1
7,1716,1,1
8,1716,1,1
9,1716,1,1
10,1716,1,1
11,1716,2,2
12,1716,2,2
13,1716,1,1
14,1716,1,1
0,1717,2,1
1,1717,1,1
2,1717,1,1
3,1717,2,3
4,1717,1,1
5,1717,1,1
6,1717,1,1
7,1717,1,1
8,1717,1,1
9,1717,1,1
10,1717,1,1
11,1717,1,1
12,1717,1,1
13,1717,1,1
14,1717,1,1
0,1718,2,1
1,1718,1,1
2,1718,1,1
3,1718,2,3
4,1718,1,2
5,1718,3,1
6,1718,1,1
7,1718,2,1
8,1718,1,3
9,1718,1,1
10,1718,1,1
11,1718,2,2
12,1718,2,2
13,1718,1,1
14,1718,1,1
0,1719,2,1
1,1719,1,1
2,1719,1,1
3,1719,2,3
4,1719,1,2
5,1719,3,1
6,1719,1,1
7,1719,2,1
8,1719,1,3
9,1719,1,1
10,1719,1,1
11,1719,2,2
12,1719,2,2
13,1719,1,1
14,1719,1,1
0,1720,2,1
1,1720,1,1
2,1720,1,1
3,1720,2,3
4,1720,1,2
5,1720,3,1
6,1720,1,1
7,1720,2,1
8,1720,1,3
9,1720,1,1
10,1720,1,1
11,1720,2,2
12,1720,2,2
13,1720,1,1
14,1720,1,1
0,1721,1,3
1,1721,1,1
2,1721,3,1
3,1721,3,1
4,1721,1,3
5,1721,3,1
6,1721,1,1
7,1721,2,1
8,1721,1,3
9,1721,1,1
10,1721,1,1
11,1721,2,2
12,1721,2,2
13,1721,1,1
14,1721,1,1
0,1722,2,1
1,1722,1,1
2,1722,1,1
3,1722,2,3
4,1722,3,1
5,1722,3,1
6,1722,1,1
7,1722,2,1
8,1722,1,3
9,1722,1,1
10,1722,1,1
11,1722,2,2
12,1722,2,2
13,1722,1,1
14,1722,1,1
0,1723,2,1
1,1723,1,1
2,1723,1,1
3,1723,2,3
4,1723,3,1
5,1723,3,1
6,1723,1,1
7,1723,2,1
8,1723,1,3
9,1723,1,1
10,1723,1,1
11,1723,2,2
12,1723,2,2
13,1723,1,1
14,1723,1,1
0,1724,1,3
1,1724,1,1
2,1724,3,1
3,1724,3,1
4,1724,1,3
5,1724,3,1
6,1724,1,1
7,1724,2,1
8,1724,1,3
9,1724,1,1
10,1724,1,1
11,1724,2,2
12,1724,2,2
13,1724,1,1
14,1724,1,1
0,1725,2,1
1,1725,1,1
2,1725,1,1
3,1725,2,3
4,1725,3,1
5,1725,3,1
6,1725,1,1
7,1725,2,1
8,1725,1,3
9,1725,1,1
10,1725,1,1
11,1725,2,2
12,1725,2,2
13,1725,1,1
14,1725,1,1
0,1726,3,1
1,1726,1,0
2,1726,1,1
3,1726,0,2
4,1726,1,1
5,1726,2,2
6,1726,1,1
7,1726,1,1
8,1726,1,1
9,1726,1,1
10,1726,1,1
11,1726,2,2
12,1726,2,2
13,1726,1,1
14,1726,1,1
0,1727,3,1
1,1727,1,1
2,1727,1,1
3,1727,0,2
4,1727,1,1
5,1727,2,2
6,1727,1,1
7,1727,1,1
8,1727,1,1
9,1727,1,1
10,1727,1,1
11,1727,2,2
12,1727,2,2
13,1727,1,1
14,1727,1,1
0,1728,2,1
1,1728,1,1
2,1728,1,1
3,1728,2,3
4,1728,1,1
5,1728,1,1
6,1728,1,1
7,1728,1,1
8,1728,1,1
9,1728,1,1
10,1728,1,1
11,1728,1,1
12,1728,1,1
13,1728,1,1
14,1728,1,1
0,1729,2,1
1,1729,1,1
2,1729,1,1
3,1729,2,3
4,1729,3,1
5,1729,3,1
6,1729,1,1
7,1729,2,1
8,1729,1,3
9,1729,1,1
10,1729,1,1
11,1729,2,2
12,1729,2,2
13,1729,1,1
14,1729,1,1
0,1730,3,1
1,1730,1,0
2,1730,1,1
3,1730,0,2
4,1730,1,1
5,1730,2,2
6,1730,1,1
7,1730,1,1
8,1730,1,1
9,1730,1,1
10,1730,1,1
11,1730,2,2
12,1730,2,2
13,1730,1,1
14,1730,1,1
0,1731,2,1
1,1731,1,1
2,1731,1,1
3,1731,2,3
4,1731,3,1
5,1731,3,1
6,1731,1,1
7,1731,2,1
8,1731,1,3
9,1731,1,1
10,1731,1,1
11,1731,2,2
12,1731,2,2
13,1731,1,1
14,1731,1,1
0,1732,3,1
1,1732,1,0
2,1732,1,1
3,1732,0,2
4,1732,1,1
5,1732,2,2
6,1732,1,1
7,1732,1,1
8,1732,1,1
9,1732,1,1
10,1732,1,1
11,1732,2,2
12,1732,2,2
13,1732,1,1
14,1732,1,1
0,1733,1,1
1,1733,1,1
2,1733,1,1
3,1733,1,1
4,1733,1,1
5,1733,1,1
6,1733,1,1
7,1733,1,1
8,1733,1,1
9,1733,1,1
10,1733,1,1
11,1733,1,1
12,1733,1,1
13,1733,1,1
14,1733,1,1
0,1734,2,1
1,1734,1,1
2,1734,1,1
3,1734,2,3
4,1734,3,1
5,1734,3,1
6,1734,1,1
7,1734,2,1
8,1734,1,3
9,1734,1,1
10,1734,1,1
11,1734,2,2
12,1734,2,2
13,1734,1,1
14,1734,1,1
0,1735,2,1
1,1735,1,1
2,1735,1,1
3,1735,2,3
4,1735,3,1
5,1735,3,1
6,1735,1,1
7,1735,2,1
8,1735,1,3
9,1735,1,1
10,1735,1,1
11,1735,2,2
12,1735,2,2
13,1735,1,1
14,1735,1,1
0,1736,2,1
1,1736,1,1
2,1736,1,1
3,1736,2,3
4,1736,1,2
5,1736,3,1
6,1736,1,1
7,1736,2,1
8,1736,1,3
9,1736,1,1
10,1736,1,1
11,1736,2,2
12,1736,2,2
13,1736,1,1
14,1736,1,1
0,1737,2,1
1,1737,1,1
2,1737,1,1
3,1737,2,3
4,1737,1,1
5,1737,1,1
6,1737,1,1
7,1737,1,1
8,1737,1,1
9,1737,1,1
10,1737,1,1
11,1737,1,1
12,1737,1,1
13,1737,1,1
14,1737,1,1
0,1738,2,1
1,1738,1,1
2,1738,1,1
3,1738,2,3
4,1738,1,1
5,1738,1,1
6,1738,1,1
7,1738,1,1
8,1738,1,1
9,1738,1,1
10,1738,1,1
11,1738,1,1
12,1738,1,1
13,1738,1,1
14,1738,1,1
0,1739,2,1
1,1739,1,1
2,1739,1,1
3,1739,2,3
4,1739,1,2
5,1739,3,1
6,1739,1,1
7,1739,2,1
8,1739,1,3
9,1739,1,1
10,1739,1,1
11,1739,2,2
12,1739,2,2
13,1739,1,1
14,1739,1,1
0,1740,2,1
1,1740,1,1
2,1740,1,1
3,1740,2,3
4,1740,1,2
5,1740,3,1
6,1740,1,1
7,1740,2,1
8,1740,1,3
9,1740,1,1
10,1740,1,1
11,1740,2,2
12,1740,2,2
13,1740,1,1
14,1740,1,1
0,1741,2,1
1,1741,1,1
2,1741,1,1
3,1741,2,3
4,1741,1,2
5,1741,3,1
6,1741,1,1
7,1741,2,1
8,1741,1,3
9,1741,1,1
10,1741,1,1
11,1741,2,2
12,1741,2,2
13,1741,1,1
14,1741,1,1
0,1742,2,1
1,1742,1,1
2,1742,1,1
3,1742,2,3
4,1742,1,1
5,1742,1,1
6,1742,1,1
7,1742,1,1
8,1742,1,1
9,1742,1,1
10,1742,1,1
11,1742,1,1
12,1742,1,1
13,1742,1,1
14,1742,1,1
0,1743,2,1
1,1743,1,1
2,1743,1,1
3,1743,2,3
4,1743,1,1
5,1743,1,1
6,1743,1,1
7,1743,1,1
8,1743,1,1
9,1743,1,1
10,1743,1,1
11,1743,1,1
12,1743,1,1
13,1743,1,1
14,1743,1,1
0,1744,2,1
1,1744,1,1
2,1744,1,1
3,1744,2,3
4,1744,3,1
5,1744,3,1
6,1744,1,1
7,1744,2,1
8,1744,1,3
9,1744,1,1
10,1744,1,1
11,1744,2,2
12,1744,2,2
13,1744,1,1
14,1744,1,1
0,1745,3,1
1,1745,1,1
2,1745,1,1
3,1745,0,2
4,1745,1,1
5,1745,2,2
6,1745,1,1
7,1745,1,1
8,1745,1,1
9,1745,1,1
10,1745,1,1
11,1745,2,2
12,1745,2,2
13,1745,1,1
14,1745,1,1
0,1746,1,1
1,1746,1,1
2,1746,1,1
3,1746,1,1
4,1746,1,1
5,1746,1,1
6,1746,1,1
7,1746,1,1
8,1746,1,1
9,1746,1,1
10,1746,1,1
11,1746,1,1
12,1746,1,1
13,1746,1,1
14,1746,1,1
0,1747,2,1
1,1747,1,1
2,1747,1,1
3,1747,2,3
4,1747,1,1
5,1747,1,1
6,1747,1,1
7,1747,1,1
8,1747,1,1
9,1747,1,1
10,1747,1,1
11,1747,1,1
12,1747,1,1
13,1747,1,1
14,1747,1,1
0,1748,3,1
1,1748,1,0
2,1748,1,1
3,1748,0,2
4,1748,1,1
5,1748,2,2
6,1748,1,1
7,1748,1,1
8,1748,1,1
9,1748,1,1
10,1748,1,1
11,1748,2,2
12,1748,2,2
13,1748,1,1
14,1748,1,1
0,1749,1,1
1,1749,1,1
2,1749,1,1
3,1749,1,1
4,1749,1,1
5,1749,1,1
6,1749,1,1
7,1749,1,1
8,1749,1,1
9,1749,1,1
10,1749,1,1
11,1749,1,1
12,1749,1,1
13,1749,1,1
14,1749,1,1
0,1750,2,1
1,1750,1,1
2,1750,1,1
3,1750,2,3
4,1750,3,1
5,1750,3,1
6,1750,1,1
7,1750,2,1
8,1750,1,3
9,1750,1,1
10,1750,1,1
11,1750,2,2
12,1750,2,2
13,1750,1,1
14,1750,1,1
0,1751,2,1
1,1751,1,1
2,1751,1,1
3,1751,2,3
4,1751,1,2
5,1751,3,1
6,1751,1,1
7,1751,2,1
8,1751,1,3
9,1751,1,1
10,1751,1,1
11,1751,2,2
12,1751,2,2
13,1751,1,1
14,1751,1,1
0,1752,3,1
1,1752,1,0
2,1752,1,1
3,1752,0,2
4,1752,1,1
5,1752,2,2
6,1752,1,1
7,1752,1,1
8,1752,1,1
9,1752,1,1
10,1752,1,1
11,1752,2,2
12,1752,2,2
13,1752,1,1
14,1752,1,1
0,1753,2,1
1,1753,1,1
2,1753,1,1
3,1753,2,3
4,1753,1,1
5,1753,1,1
6,1753,1,1
7,1753,1,1
8,1753,1,1
9,1753,1,1
10,1753,1,1
11,1753,1,1
12,1753,1,1
13,1753,1,1
14,1753,1,1
0,1754,2,1
1,1754,1,1
2,1754,1,1
3,1754,2,3
4,1754,3,1
5,1754,3,1
6,1754,1,1
7,1754,2,1
8,1754,1,3
9,1754,1,1
10,1754,1,1
11,1754,2,2
12,1754,2,2
13,1754,1,1
14,1754,1,1
0,1755,2,1
1,1755,1,1
2,1755,1,1
3,1755,2,3
4,1755,1,1
5,1755,1,1
6,1755,1,1
7,1755,1,1
8,1755,1,1
9,1755,1,1
10,1755,1,1
11,1755,1,1
12,1755,1,1
13,1755,1,1
14,1755,1,1
0,1756,3,1
1,1756,1,0
2,1756,1,1
3,1756,0,2
4,1756,1,1
5,1756,2,2
6,1756,1,1
7,1756,1,1
8,1756,1,1
9,1756,1,1
10,1756,1,1
11,1756,2,2
12,1756,2,2
13,1756,1,1
14,1756,1,1
0,1757,1,3
1,1757,1,1
2,1757,3,1
3,1757,3,1
4,1757,1,3
5,1757,3,1
6,1757,1,1
7,1757,2,1
8,1757,1,3
9,1757,1,1
10,1757,1,1
11,1757,2,2
12,1757,2,2
13,1757,1,1
14,1757,1,1
0,1758,3,1
1,1758,1,0
2,1758,1,1
3,1758,0,2
4,1758,1,1
5,1758,2,2
6,1758,1,1
7,1758,1,1
8,1758,1,1
9,1758,1,1
10,1758,1,1
11,1758,2,2
12,1758,2,2
13,1758,1,1
14,1758,1,1
0,1759,1,1
1,1759,1,1
2,1759,1,1
3,1759,1,1
4,1759,1,1
5,1759,1,1
6,1759,1,1
7,1759,1,1
8,1759,1,1
9,1759,1,1
10,1759,1,1
11,1759,1,1
12,1759,1,1
13,1759,1,1
14,1759,1,1
0,1760,3,1
1,1760,1,0
2,1760,1,1
3,1760,0,2
4,1760,1,1
5,1760,2,2
6,1760,1,1
7,1760,1,1
8,1760,1,1
9,1760,1,1
10,1760,1,1
11,1760,2,2
12,1760,2,2
13,1760,1,1
14,1760,1,1
0,1761,1,1
1,1761,1,1
2,1761,1,1
3,1761,1,1
4,1761,1,1
5,1761,1,1
6,1761,1,1
7,1761,1,1
8,1761,1,1
9,1761,1,1
10,1761,1,1
11,1761,1,1
12,1761,1,1
13,1761,1,1
14,1761,1,1
0,1762,3,1
1,1762,1,1
2,1762,1,1
3,1762,0,2
4,1762,1,1
5,1762,2,2
6,1762,1,1
7,1762,1,1
8,1762,1,1
9,1762,1,1
10,1762,1,1
11,1762,2,2
12,1762,2,2
13,1762,1,1
14,1762,1,1
0,1763,2,1
1,1763,1,1
2,1763,1,1
3,1763,2,3
4,1763,3,1
5,1763,3,1
6,1763,1,1
7,1763,2,1
8,1763,1,3
9,1763,1,1
10,1763,1,1
11,1763,2,2
12,1763,2,2
13,1763,1,1
14,1763,1,1
0,1764,3,1
1,1764,1,0
2,1764,1,1
3,1764,0,2
4,1764,1,1
5,1764,2,2
6,1764,1,1
7,1764,1,1
8,1764,1,1
9,1764,1,1
10,1764,1,1
11,1764,2,2
12,1764,2,2
13,1764,1,1
14,1764,1,1
0,1765,1,3
1,1765,1,1
2,1765,3,1
3,1765,3,1
4,1765,1,3
5,1765,3,1
6,1765,1,1
7,1765,2,1
8,1765,1,3
9,1765,1,1
10,1765,1,1
11,1765,2,2
12,1765,2,2
13,1765,1,1
14,1765,1,1
0,1766,2,1
1,1766,1,1
2,1766,1,1
3,1766,2,3
4,1766,1,2
5,1766,3,1
6,1766,1,1
7,1766,2,1
8,1766,1,3
9,1766,1,1
10,1766,1,1
11,1766,2,2
12,1766,2,2
13,1766,1,1
14,1766,1,1
0,1767,2,1
1,1767,1,1
2,1767,1,1
3,1767,2,3
4,1767,3,1
5,1767,3,1
6,1767,1,1
7,1767,2,1
8,1767,1,3
9,1767,1,1
10,1767,1,1
11,1767,2,2
12,1767,2,2
13,1767,1,1
14,1767,1,1
0,1768,3,1
1,1768,1,0
2,1768,1,1
3,1768,0,2
4,1768,1,1
5,1768,2,2
6,1768,1,1
7,1768,1,1
8,1768,1,1
9,1768,1,1
10,1768,1,1
11,1768,2,2
12,1768,2,2
13,1768,1,1
14,1768,1,1
0,1769,3,1
1,1769,1,0
2,1769,1,1
3,1769,0,2
4,1769,1,1
5,1769,2,2
6,1769,1,1
7,1769,1,1
8,1769,1,1
9,1769,1,1
10,1769,1,1
11,1769,2,2
12,1769,2,2
13,1769,1,1
14,1769,1,1
0,1770,2,1
1,1770,1,1
2,1770,1,1
3,1770,2,3
4,1770,1,1
5,1770,1,1
6,1770,1,1
7,1770,1,1
8,1770,1,1
9,1770,1,1
10,1770,1,1
11,1770,1,1
12,1770,1,1
13,1770,1,1
14,1770,1,1
0,1771,3,1
1,1771,1,0
2,1771,1,1
3,1771,0,2
4,1771,1,1
5,1771,2,2
6,1771,1,1
7,1771,1,1
8,1771,1,1
9,1771,1,1
10,1771,1,1
11,1771,2,2
12,1771,2,2
13,1771,1,1
14,1771,1,1
0,1772,3,1
1,1772,1,1
2,1772,1,1
3,1772,0,2
4,1772,1,1
5,1772,2,2
6,1772,1,1
7,1772,1,1
8,1772,1,1
9,1772,1,1
10,1772,1,1
11,1772,2,2
12,1772,2,2
13,1772,1,1
14,1772,1,1
0,1773,2,1
1,1773,1,1
2,1773,1,1
3,1773,2,3
4,1773,1,1
5,1773,1,1
6,1773,1,1
7,1773,1,1
8,1773,1,1
9,1773,1,1
10,1773,1,1
11,1773,1,1
12,1773,1,1
13,1773,1,1
14,1773,1,1
0,1774,1,1
1,1774,1,1
2,1774,1,1
3,1774,1,1
4,1774,1,1
5,1774,1,1
6,1774,1,1
7,1774,1,1
8,1774,1,1
9,1774,1,1
10,1774,1,1
11,1774,1,1
12,1774,1,1
13,1774,1,1
14,1774,1,1
0,1775,2,1
1,1775,1,1
2,1775,1,1
3,1775,2,3
4,1775,3,1
5,1775,3,1
6,1775,1,1
7,1775,2,1
8,1775,1,3
9,1775,1,1
10,1775,1,1
11,1775,2,2
12,1775,2,2
13,1775,1,1
14,1775,1,1
0,1776,2,1
1,1776,1,1
2,1776,1,1
3,1776,2,3
4,1776,1,1
5,1776,1,1
6,1776,1,1
7,1776,1,1
8,1776,1,1
9,1776,1,1
10,1776,1,1
11,1776,1,1
12,1776,1,1
13,1776,1,1
14,1776,1,1
0,1777,3,1
1,1777,1,1
2,1777,1,1
3,1777,0,2
4,1777,1,1
5,1777,2,2
6,1777,1,1
7,1777,1,1
8,1777,1,1
9,1777,1,1
10,1777,1,1
11,1777,2,2
12,1777,2,2
13,1777,1,1
14,1777,1,1
0,1778,2,1
1,1778,1,1
2,1778,1,1
3,1778,2,3
4,1778,1,2
5,1778,3,1
6,1778,1,1
7,1778,2,1
8,1778,1,3
9,1778,1,1
10,1778,1,1
11,1778,2,2
12,1778,2,2
13,1778,1,1
14,1778,1,1
0,1779,2,1
1,1779,1,1
2,1779,1,1
3,1779,2,3
4,1779,3,1
5,1779,3,1
6,1779,1,1
7,1779,2,1
8,1779,1,3
9,1779,1,1
10,1779,1,1
11,1779,2,2
12,1779,2,2
13,1779,1,1
14,1779,1,1
0,1780,3,1
1,1780,1,1
2,1780,1,1
3,1780,0,2
4,1780,1,1
5,1780,2,2
6,1780,1,1
7,1780,1,1
8,1780,1,1
9,1780,1,1
10,1780,1,1
11,1780,2,2
12,1780,2,2
13,1780,1,1
14,1780,1,1
0,1781,2,1
1,1781,1,1
2,1781,1,1
3,1781,2,3
4,1781,3,1
5,1781,3,1
6,1781,1,1
7,1781,2,1
8,1781,1,3
9,1781,1,1
10,1781,1,1
11,1781,2,2
12,1781,2,2
13,1781,1,1
14,1781,1,1
0,1782,2,1
1,1782,1,1
2,1782,1,1
3,1782,2,3
4,1782,1,1
5,1782,1,1
6,1782,1,1
7,1782,1,1
8,1782,1,1
9,1782,1,1
10,1782,1,1
11,1782,1,1
12,1782,1,1
13,1782,1,1
14,1782,1,1
0,1783,3,1
1,1783,1,0
2,1783,1,1
3,1783,0,2
4,1783,1,1
5,1783,2,2
6,1783,1,1
7,1783,1,1
8,1783,1,1
9,1783,1,1
10,1783,1,1
11,1783,2,2
12,1783,2,2
13,1783,1,1
14,1783,1,1
0,1784,2,1
1,1784,1,1
2,1784,1,1
3,1784,2,3
4,1784,3,1
5,1784,3,1
6,1784,1,1
7,1784,2,1
8,1784,1,3
9,1784,1,1
10,1784,1,1
11,1784,2,2
12,1784,2,2
13,1784,1,1
14,1784,1,1
0,1785,2,1
1,1785,1,1
2,1785,1,1
3,1785,2,3
4,1785,1,1
5,1785,1,1
6,1785,1,1
7,1785,1,1
8,1785,1,1
9,1785,1,1
10,1785,1,1
11,1785,1,1
12,1785,1,1
13,1785,1,1
14,1785,1,1
0,1786,2,1
1,1786,1,1
2,1786,1,1
3,1786,2,3
4,1786,3,1
5,1786,3,1
6,1786,1,1
7,1786,2,1
8,1786,1,3
9,1786,1,1
10,1786,1,1
11,1786,2,2
12,1786,2,2
13,1786,1,1
14,1786,1,1
0,1787,2,1
1,1787,1,1
2,1787,1,1
3,1787,2,3
4,1787,1,2
5,1787,3,1
6,1787,1,1
7,1787,2,1
8,1787,1,3
9,1787,1,1
10,1787,1,1
11,1787,2,2
12,1787,2,2
13,1787,1,1
14,1787,1,1
0,1788,3,1
1,1788,1,1
2,1788,1,1
3,1788,0,2
4,1788,1,1
5,1788,2,2
6,1788,1,1
7,1788,1,1
8,1788,1,1
9,1788,1,1
10,1788,1,1
11,1788,2,2
12,1788,2,2
13,1788,1,1
14,1788,1,1
0,1789,3,1
1,1789,1,0
2,1789,1,1
3,1789,0,2
4,1789,1,1
5,1789,2,2
6,1789,1,1
7,1789,1,1
8,1789,1,1
9,1789,1,1
10,1789,1,1
11,1789,2,2
12,1789,2,2
13,1789,1,1
14,1789,1,1
0,1790,3,1
1,1790,1,0
2,1790,1,1
3,1790,0,2
4,1790,1,1
5,1790,2,2
6,1790,1,1
7,1790,1,1
8,1790,1,1
9,1790,1,1
10,1790,1,1
11,1790,2,2
12,1790,2,2
13,1790,1,1
14,1790,1,1
0,1791,1,1
1,1791,1,1
2,1791,1,1
3,1791,1,1
4,1791,1,1
5,1791,1,1
6,1791,1,1
7,1791,1,1
8,1791,1,1
9,1791,1,1
10,1791,1,1
11,1791,1,1
12,1791,1,1
13,1791,1,1
14,1791,1,1
0,1792,3,1
1,1792,1,0
2,1792,1,1
3,1792,0,2
4,1792,1,1
5,1792,2,2
6,1792,1,1
7,1792,1,1
8,1792,1,1
9,1792,1,1
10,1792,1,1
11,1792,2,2
12,1792,2,2
13,1792,1,1
14,1792,1,1
0,1793,3,1
1,1793,1,0
2,1793,1,1
3,1793,0,2
4,1793,1,1
5,1793,2,2
6,1793,1,1
7,1793,1,1
8,1793,1,1
9,1793,1,1
10,1793,1,1
11,1793,2,2
12,1793,2,2
13,1793,1,1
14,1793,1,1
0,1794,3,1
1,1794,1,0
2,1794,1,1
3,1794,0,2
4,1794,1,1
5,1794,2,2
6,1794,1,1
7,1794,1,1
8,1794,1,1
9,1794,1,1
10,1794,1,1
11,1794,2,2
12,1794,2,2
13,1794,1,1
14,1794,1,1
0,1795,2,1
1,1795,1,1
2,1795,1,1
3,1795,2,3
4,1795,1,2
5,1795,3,1
6,1795,1,1
7,1795,2,1
8,1795,1,3
9,1795,1,1
10,1795,1,1
11,1795,2,2
12,1795,2,2
13,1795,1,1
14,1795,1,1
0,1796,2,1
1,1796,1,1
2,1796,1,1
3,1796,2,3
4,1796,3,1
5,1796,3,1
6,1796,1,1
7,1796,2,1
8,1796,1,3
9,1796,1,1
10,1796,1,1
11,1796,2,2
12,1796,2,2
13,1796,1,1
14,1796,1,1
0,1797,1,3
1,1797,1,1
2,1797,3,1
3,1797,3,1
4,1797,1,3
5,1797,3,1
6,1797,1,1
7,1797,2,1
8,1797,1,3
9,1797,1,1
10,1797,1,1
11,1797,2,2
12,1797,2,2
13,1797,1,1
14,1797,1,1
0,1798,2,1
1,1798,1,1
2,1798,1,1
3,1798,2,3
4,1798,1,1
5,1798,1,1
6,1798,1,1
7,1798,1,1
8,1798,1,1
9,1798,1,1
10,1798,1,1
11,1798,1,1
12,1798,1,1
13,1798,1,1
14,1798,1,1
0,1799,3,1
1,1799,1,0
2,1799,1,1
3,1799,0,2
4,1799,1,1
5,1799,2,2
6,1799,1,1
7,1799,1,1
8,1799,1,1
9,1799,1,1
10,1799,1,1
11,1799,2,2
12,1799,2,2
13,1799,1,1
14,1799,1,1
0,1800,2,1
1,1800,1,1
2,1800,1,1
3,1800,2,3
4,1800,3,1
5,1800,3,1
6,1800,1,1
7,1800,2,1
8,1800,1,3
9,1800,1,1
10,1800,1,1
11,1800,2,2
12,1800,2,2
13,1800,1,1
14,1800,1,1
0,1801,3,1
1,1801,1,1
2,1801,1,1
3,1801,0,2
4,1801,1,1
5,1801,2,2
6,1801,1,1
7,1801,1,1
8,1801,1,1
9,1801,1,1
10,1801,1,1
11,1801,2,2
12,1801,2,2
13,1801,1,1
14,1801,1,1
0,1802,2,1
1,1802,1,1
2,1802,1,1
3,1802,2,3
4,1802,3,1
5,1802,3,1
6,1802,1,1
7,1802,2,1
8,1802,1,3
9,1802,1,1
10,1802,1,1
11,1802,2,2
12,1802,2,2
13,1802,1,1
14,1802,1,1
0,1803,3,1
1,1803,1,0
2,1803,1,1
3,1803,0,2
4,1803,1,1
5,1803,2,2
6,1803,1,1
7,1803,1,1
8,1803,1,1
9,1803,1,1
10,1803,1,1
11,1803,2,2
12,1803,2,2
13,1803,1,1
14,1803,1,1
0,1804,2,1
1,1804,1,1
2,1804,1,1
3,1804,2,3
4,1804,1,2
5,1804,3,1
6,1804,1,1
7,1804,2,1
8,1804,1,3
9,1804,1,1
10,1804,1,1
11,1804,2,2
12,1804,2,2
13,1804,1,1
14,1804,1,1
0,1805,1,1
1,1805,1,1
2,1805,1,1
3,1805,1,1
4,1805,1,1
5,1805,1,1
6,1805,1,1
7,1805,1,1
8,1805,1,1
9,1805,1,1
10,1805,1,1
11,1805,1,1
12,1805,1,1
13,1805,1,1
14,1805,1,1
0,1806,3,1
1,1806,1,0
2,1806,1,1
3,1806,0,2
4,1806,1,1
5,1806,2,2
6,1806,1,1
7,1806,1,1
8,1806,1,1
9,1806,1,1
10,1806,1,1
11,1806,2,2
12,1806,2,2
13,1806,1,1
14,1806,1,1
0,1807,2,1
1,1807,1,1
2,1807,1,1
3,1807,2,3
4,1807,1,2
5,1807,3,1
6,1807,1,1
7,1807,2,1
8,1807,1,3
9,1807,1,1
10,1807,1,1
11,1807,2,2
12,1807,2,2
13,1807,1,1
14,1807,1,1
0,1808,3,1
1,1808,1,0
2,1808,1,1
3,1808,0,2
4,1808,1,1
5,1808,2,2
6,1808,1,1
7,1808,1,1
8,1808,1,1
9,1808,1,1
10,1808,1,1
11,1808,2,2
12,1808,2,2
13,1808,1,1
14,1808,1,1
0,1809,3,1
1,1809,1,1
2,1809,1,1
3,1809,0,2
4,1809,1,1
5,1809,2,2
6,1809,1,1
7,1809,1,1
8,1809,1,1
9,1809,1,1
10,1809,1,1
11,1809,2,2
12,1809,2,2
13,1809,1,1
14,1809,1,1
0,1810,3,1
1,1810,1,0
2,1810,1,1
3,1810,0,2
4,1810,1,1
5,1810,2,2
6,1810,1,1
7,1810,1,1
8,1810,1,1
9,1810,1,1
10,1810,1,1
11,1810,2,2
12,1810,2,2
13,1810,1,1
14,1810,1,1
0,1811,1,3
1,1811,1,1
2,1811,3,1
3,1811,3,1
4,1811,1,3
5,1811,3,1
6,1811,1,1
7,1811,2,1
8,1811,1,3
9,1811,1,1
10,1811,1,1
11,1811,2,2
12,1811,2,2
13,1811,1,1
14,1811,1,1
0,1812,2,1
1,1812,1,1
2,1812,1,1
3,1812,2,3
4,1812,3,1
5,1812,3,1
6,1812,1,1
7,1812,2,1
8,1812,1,3
9,1812,1,1
10,1812,1,1
11,1812,2,2
12,1812,2,2
13,1812,1,1
14,1812,1,1
0,1813,2,1
1,1813,1,1
2,1813,1,1
3,1813,2,3
4,1813,1,1
5,1813,1,1
6,1813,1,1
7,1813,1,1
8,1813,1,1
9,1813,1,1
10,1813,1,1
11,1813,1,1
12,1813,1,1
13,1813,1,1
14,1813,1,1
0,1814,3,1
1,1814,1,1
2,1814,1,1
3,1814,0,2
4,1814,1,1
5,1814,2,2
6,1814,1,1
7,1814,1,1
8,1814,1,1
9,1814,1,1
10,1814,1,1
11,1814,2,2
12,1814,2,2
13,1814,1,1
14,1814,1,1
0,1815,3,1
1,1815,1,1
2,1815,1,1
3,1815,0,2
4,1815,1,1
5,1815,2,2
6,1815,1,1
7,1815,1,1
8,1815,1,1
9,1815,1,1
10,1815,1,1
11,1815,2,2
12,1815,2,2
13,1815,1,1
14,1815,1,1
0,1816,2,1
1,1816,1,1
2,1816,1,1
3,1816,2,3
4,1816,1,1
5,1816,1,1
6,1816,1,1
7,1816,1,1
8,1816,1,1
9,1816,1,1
10,1816,1,1
11,1816,1,1
12,1816,1,1
13,1816,1,1
14,1816,1,1
0,1817,3,1
1,1817,1,0
2,1817,1,1
3,1817,0,2
4,1817,1,1
5,1817,2,2
6,1817,1,1
7,1817,1,1
8,1817,1,1
9,1817,1,1
10,1817,1,1
11,1817,2,2
12,1817,2,2
13,1817,1,1
14,1817,1,1
0,1818,3,1
1,1818,1,0
2,1818,1,1
3,1818,0,2
4,1818,1,1
5,1818,2,2
6,1818,1,1
7,1818,1,1
8,1818,1,1
9,1818,1,1
10,1818,1,1
11,1818,2,2
12,1818,2,2
13,1818,1,1
14,1818,1,1
0,1819,2,1
1,1819,1,1
2,1819,1,1
3,1819,2,3
4,1819,1,1
5,1819,1,1
6,1819,1,1
7,1819,1,1
8,1819,1,1
9,1819,1,1
10,1819,1,1
11,1819,1,1
12,1819,1,1
13,1819,1,1
14,1819,1,1
0,1820,2,1
1,1820,1,1
2,1820,1,1
3,1820,2,3
4,1820,3,1
5,1820,3,1
6,1820,1,1
7,1820,2,1
8,1820,1,3
9,1820,1,1
10,1820,1,1
11,1820,2,2
12,1820,2,2
13,1820,1,1
14,1820,1,1
0,1821,2,1
1,1821,1,1
2,1821,1,1
3,1821,2,3
4,1821,3,1
5,1821,3,1
6,1821,1,1
7,1821,2,1
8,1821,1,3
9,1821,1,1
10,1821,1,1
11,1821,2,2
12,1821,2,2
13,1821,1,1
14,1821,1,1
0,1822,1,1
1,1822,1,1
2,1822,1,1
3,1822,1,1
4,1822,1,1
5,1822,1,1
6,1822,1,1
7,1822,1,1
8,1822,1,1
9,1822,1,1
10,1822,1,1
11,1822,1,1
12,1822,1,1
13,1822,1,1
14,1822,1,1
0,1823,3,1
1,1823,1,0
2,1823,1,1
3,1823,0,2
4,1823,1,1
5,1823,2,2
6,1823,1,1
7,1823,1,1
8,1823,1,1
9,1823,1,1
10,1823,1,1
11,1823,2,2
12,1823,2,2
13,1823,1,1
14,1823,1,1
0,1824,2,1
1,1824,1,1
2,1824,1,1
3,1824,2,3
4,1824,1,2
5,1824,3,1
6,1824,1,1
7,1824,2,1
8,1824,1,3
9,1824,1,1
10,1824,1,1
11,1824,2,2
12,1824,2,2
13,1824,1,1
14,1824,1,1
0,1825,2,1
1,1825,1,1
2,1825,1,1
3,1825,2,3
4,1825,3,1
5,1825,3,1
6,1825,1,1
7,1825,2,1
8,1825,1,3
9,1825,1,1
10,1825,1,1
11,1825,2,2
12,1825,2,2
13,1825,1,1
14,1825,1,1
0,1826,2,1
1,1826,1,1
2,1826,1,1
3,1826,2,3
4,1826,1,1
5,1826,1,1
6,1826,1,1
7,1826,1,1
8,1826,1,1
9,1826,1,1
10,1826,1,1
11,1826,1,1
12,1826,1,1
13,1826,1,1
14,1826,1,1
0,1827,2,1
1,1827,1,1
2,1827,1,1
3,1827,2,3
4,1827,1,1
5,1827,1,1
6,1827,1,1
7,1827,1,1
8,1827,1,1
9,1827,1,1
10,1827,1,1
11,1827,1,1
12,1827,1,1
13,1827,1,1
14,1827,1,1
0,1828,2,1
1,1828,1,1
2,1828,1,1
3,1828,2,3
4,1828,1,1
5,1828,1,1
6,1828,1,1
7,1828,1,1
8,1828,1,1
9,1828,1,1
10,1828,1,1
11,1828,1,1
12,1828,1,1
13,1828,1,1
14,1828,1,1
0,1829,2,1
1,1829,1,1
2,1829,1,1
3,1829,2,3
4,1829,1,1
5,1829,1,1
6,1829,1,1
7,1829,1,1
8,1829,1,1
9,1829,1,1
10,1829,1,1
11,1829,1,1
12,1829,1,1
13,1829,1,1
14,1829,1,1
0,1830,2,1
1,1830,1,1
2,1830,1,1
3,1830,2,3
4,1830,3,1
5,1830,3,1
6,1830,1,1
7,1830,2,1
8,1830,1,3
9,1830,1,1
10,1830,1,1
11,1830,2,2
12,1830,2,2
13,1830,1,1
14,1830,1,1
0,1831,3,1
1,1831,1,0
2,1831,1,1
3,1831,0,2
4,1831,1,1
5,1831,2,2
6,1831,1,1
7,1831,1,1
8,1831,1,1
9,1831,1,1
10,1831,1,1
11,1831,2,2
12,1831,2,2
13,1831,1,1
14,1831,1,1
0,1832,2,1
1,1832,1,1
2,1832,1,1
3,1832,2,3
4,1832,3,1
5,1832,3,1
6,1832,1,1
7,1832,2,1
8,1832,1,3
9,1832,1,1
10,1832,1,1
11,1832,2,2
12,1832,2,2
13,1832,1,1
14,1832,1,1
0,1833,3,1
1,1833,1,0
2,1833,1,1
3,1833,0,2
4,1833,1,1
5,1833,2,2
6,1833,1,1
7,1833,1,1
8,1833,1,1
9,1833,1,1
10,1833,1,1
11,1833,2,2
12,1833,2,2
13,1833,1,1
14,1833,1,1
0,1834,2,1
1,1834,1,1
2,1834,1,1
3,1834,2,3
4,1834,1,2
5,1834,3,1
6,1834,1,1
7,1834,2,1
8,1834,1,3
9,1834,1,1
10,1834,1,1
11,1834,2,2
12,1834,2,2
13,1834,1,1
14,1834,1,1
0,1835,1,1
1,1835,1,1
2,1835,1,1
3,1835,1,1
4,1835,1,1
5,1835,1,1
6,1835,1,1
7,1835,1,1
8,1835,1,1
9,1835,1,1
10,1835,1,1
11,1835,1,1
12,1835,1,1
13,1835,1,1
14,1835,1,1
0,1836,2,1
1,1836,1,1
2,1836,1,1
3,1836,2,3
4,1836,1,1
5,1836,1,1
6,1836,1,1
7,1836,1,1
8,1836,1,1
9,1836,1,1
10,1836,1,1
11,1836,1,1
12,1836,1,1
13,1836,1,1
14,1836,1,1
0,1837,3,1
1,1837,1,0
2,1837,1,1
3,1837,0,2
4,1837,1,1
5,1837,2,2
6,1837,1,1
7,1837,1,1
8,1837,1,1
9,1837,1,1
10,1837,1,1
11,1837,2,2
12,1837,2,2
13,1837,1,1
14,1837,1,1
0,1838,1,1
1,1838,1,1
2,1838,1,1
3,1838,1,1
4,1838,1,1
5,1838,1,1
6,1838,1,1
7,1838,1,1
8,1838,1,1
9,1838,1,1
10,1838,1,1
11,1838,1,1
12,1838,1,1
13,1838,1,1
14,1838,1,1
0,1839,3,1
1,1839,1,0
2,1839,1,1
3,1839,0,2
4,1839,1,1
5,1839,2,2
6,1839,1,1
7,1839,1,1
8,1839,1,1
9,1839,1,1
10,1839,1,1
11,1839,2,2
12,1839,2,2
13,1839,1,1
14,1839,1,1
0,1840,2,1
1,1840,1,1
2,1840,1,1
3,1840,2,3
4,1840,3,1
5,1840,3,1
6,1840,1,1
7,1840,2,1
8,1840,1,3
9,1840,1,1
10,1840,1,1
11,1840,2,2
12,1840,2,2
13,1840,1,1
14,1840,1,1
0,1841,3,1
1,1841,1,0
2,1841,1,1
3,1841,0,2
4,1841,1,1
5,1841,2,2
6,1841,1,1
7,1841,1,1
8,1841,1,1
9,1841,1,1
10,1841,1,1
11,1841,2,2
12,1841,2,2
13,1841,1,1
14,1841,1,1
0,1842,2,1
1,1842,1,1
2,1842,1,1
3,1842,2,3
4,1842,3,1
5,1842,3,1
6,1842,1,1
7,1842,2,1
8,1842,1,3
9,1842,1,1
10,1842,1,1
11,1842,2,2
12,1842,2,2
13,1842,1,1
14,1842,1,1
0,1843,3,1
1,1843,1,0
2,1843,1,1
3,1843,0,2
4,1843,1,1
5,1843,2,2
6,1843,1,1
7,1843,1,1
8,1843,1,1
9,1843,1,1
10,1843,1,1
11,1843,2,2
12,1843,2,2
13,1843,1,1
14,1843,1,1
0,1844,3,1
1,1844,1,1
2,1844,1,1
3,1844,0,2
4,1844,1,1
5,1844,2,2
6,1844,1,1
7,1844,1,1
8,1844,1,1
9,1844,1,1
10,1844,1,1
11,1844,2,2
12,1844,2,2
13,1844,1,1
14,1844,1,1
0,1845,2,1
1,1845,1,1
2,1845,1,1
3,1845,2,3
4,1845,3,1
5,1845,3,1
6,1845,1,1
7,1845,2,1
8,1845,1,3
9,1845,1,1
10,1845,1,1
11,1845,2,2
12,1845,2,2
13,1845,1,1
14,1845,1,1
0,1846,2,1
1,1846,1,1
2,1846,1,1
3,1846,2,3
4,1846,1,1
5,1846,1,1
6,1846,1,1
7,1846,1,1
8,1846,1,1
9,1846,1,1
10,1846,1,1
11,1846,1,1
12,1846,1,1
13,1846,1,1
14,1846,1,1
0,1847,2,1
1,1847,1,1
2,1847,1,1
3,1847,2,3
4,1847,3,1
5,1847,3,1
6,1847,1,1
7,1847,2,1
8,1847,1,3
9,1847,1,1
10,1847,1,1
11,1847,2,2
12,1847,2,2
13,1847,1,1
14,1847,1,1
0,1848,2,1
1,1848,1,1
2,1848,1,1
3,1848,2,3
4,1848,3,1
5,1848,3,1
6,1848,1,1
7,1848,2,1
8,1848,1,3
9,1848,1,1
10,1848,1,1
11,1848,2,2
12,1848,2,2
13,1848,1,1
14,1848,1,1
0,1849,2,1
1,1849,1,1
2,1849,1,1
3,1849,2,3
4,1849,3,1
5,1849,3,1
6,1849,1,1
7,1849,2,1
8,1849,1,3
9,1849,1,1
10,1849,1,1
11,1849,2,2
12,1849,2,2
13,1849,1,1
14,1849,1,1
0,1850,3,1
1,1850,1,0
2,1850,1,1
3,1850,0,2
4,1850,1,1
5,1850,2,2
6,1850,1,1
7,1850,1,1
8,1850,1,1
9,1850,1,1
10,1850,1,1
11,1850,2,2
12,1850,2,2
13,1850,1,1
14,1850,1,1
0,1851,1,1
1,1851,1,1
2,1851,1,1
3,1851,1,1
4,1851,1,1
5,1851,1,1
6,1851,1,1
7,1851,1,1
8,1851,1,1
9,1851,1,1
10,1851,1,1
11,1851,1,1
12,1851,1,1
13,1851,1,1
14,1851,1,1
0,1852,3,1
1,1852,1,0
2,1852,1,1
3,1852,0,2
4,1852,1,1
5,1852,2,2
6,1852,1,1
7,1852,1,1
8,1852,1,1
9,1852,1,1
10,1852,1,1
11,1852,2,2
12,1852,2,2
13,1852,1,1
14,1852,1,1
0,1853,3,1
1,1853,1,0
2,1853,1,1
3,1853,0,2
4,1853,1,1
5,1853,2,2
6,1853,1,1
7,1853,1,1
8,1853,1,1
9,1853,1,1
10,1853,1,1
11,1853,2,2
12,1853,2,2
13,1853,1,1
14,1853,1,1
0,1854,3,1
1,1854,1,0
2,1854,1,1
3,1854,0,2
4,1854,1,1
5,1854,2,2
6,1854,1,1
7,1854,1,1
8,1854,1,1
9,1854,1,1
10,1854,1,1
11,1854,2,2
12,1854,2,2
13,1854,1,1
14,1854,1,1
0,1855,1,3
1,1855,1,1
2,1855,3,1
3,1855,3,1
4,1855,1,3
5,1855,3,1
6,1855,1,1
7,1855,2,1
8,1855,1,3
9,1855,1,1
10,1855,1,1
11,1855,2,2
12,1855,2,2
13,1855,1,1
14,1855,1,1
0,1856,1,3
1,1856,1,1
2,1856,3,1
3,1856,3,1
4,1856,1,3
5,1856,3,1
6,1856,1,1
7,1856,2,1
8,1856,1,3
9,1856,1,1
10,1856,1,1
11,1856,2,2
12,1856,2,2
13,1856,1,1
14,1856,1,1
0,1857,3,1
1,1857,1,0
2,1857,1,1
3,1857,0,2
4,1857,1,1
5,1857,2,2
6,1857,1,1
7,1857,1,1
8,1857,1,1
9,1857,1,1
10,1857,1,1
11,1857,2,2
12,1857,2,2
13,1857,1,1
14,1857,1,1
0,1858,2,1
1,1858,1,1
2,1858,1,1
3,1858,2,3
4,1858,1,2
5,1858,3,1
6,1858,1,1
7,1858,2,1
8,1858,1,3
9,1858,1,1
10,1858,1,1
11,1858,2,2
12,1858,2,2
13,1858,1,1
14,1858,1,1
0,1859,3,1
1,1859,1,0
2,1859,1,1
3,1859,0,2
4,1859,1,1
5,1859,2,2
6,1859,1,1
7,1859,1,1
8,1859,1,1
9,1859,1,1
10,1859,1,1
11,1859,2,2
12,1859,2,2
13,1859,1,1
14,1859,1,1
0,1860,3,1
1,1860,1,0
2,1860,1,1
3,1860,0,2
4,1860,1,1
5,1860,2,2
6,1860,1,1
7,1860,1,1
8,1860,1,1
9,1860,1,1
10,1860,1,1
11,1860,2,2
12,1860,2,2
13,1860,1,1
14,1860,1,1
0,1861,2,1
1,1861,1,1
2,1861,1,1
3,1861,2,3
4,1861,1,2
5,1861,3,1
6,1861,1,1
7,1861,2,1
8,1861,1,3
9,1861,1,1
10,1861,1,1
11,1861,2,2
12,1861,2,2
13,1861,1,1
14,1861,1,1
0,1862,2,1
1,1862,1,1
2,1862,1,1
3,1862,2,3
4,1862,3,1
5,1862,3,1
6,1862,1,1
7,1862,2,1
8,1862,1,3
9,1862,1,1
10,1862,1,1
11,1862,2,2
12,1862,2,2
13,1862,1,1
14,1862,1,1
0,1863,2,1
1,1863,1,1
2,1863,1,1
3,1863,2,3
4,1863,1,2
5,1863,3,1
6,1863,1,1
7,1863,2,1
8,1863,1,3
9,1863,1,1
10,1863,1,1
11,1863,2,2
12,1863,2,2
13,1863,1,1
14,1863,1,1
0,1864,2,1
1,1864,1,1
2,1864,1,1
3,1864,2,3
4,1864,3,1
5,1864,3,1
6,1864,1,1
7,1864,2,1
8,1864,1,3
9,1864,1,1
10,1864,1,1
11,1864,2,2
12,1864,2,2
13,1864,1,1
14,1864,1,1
0,1865,1,1
1,1865,1,1
2,1865,1,1
3,1865,1,1
4,1865,1,1
5,1865,1,1
6,1865,1,1
7,1865,1,1
8,1865,1,1
9,1865,1,1
10,1865,1,1
11,1865,1,1
12,1865,1,1
13,1865,1,1
14,1865,1,1
0,1866,3,1
1,1866,1,0
2,1866,1,1
3,1866,0,2
4,1866,1,1
5,1866,2,2
6,1866,1,1
7,1866,1,1
8,1866,1,1
9,1866,1,1
10,1866,1,1
11,1866,2,2
12,1866,2,2
13,1866,1,1
14,1866,1,1
0,1867,3,1
1,1867,1,0
2,1867,1,1
3,1867,0,2
4,1867,1,1
5,1867,2,2
6,1867,1,1
7,1867,1,1
8,1867,1,1
9,1867,1,1
10,1867,1,1
11,1867,2,2
12,1867,2,2
13,1867,1,1
14,1867,1,1
0,1868,3,1
1,1868,1,0
2,1868,1,1
3,1868,0,2
4,1868,1,1
5,1868,2,2
6,1868,1,1
7,1868,1,1
8,1868,1,1
9,1868,1,1
10,1868,1,1
11,1868,2,2
12,1868,2,2
13,1868,1,1
14,1868,1,1
0,1869,3,1
1,1869,1,0
2,1869,1,1
3,1869,0,2
4,1869,1,1
5,1869,2,2
6,1869,1,1
7,1869,1,1
8,1869,1,1
9,1869,1,1
10,1869,1,1
11,1869,2,2
12,1869,2,2
13,1869,1,1
14,1869,1,1
0,1870,2,1
1,1870,1,1
2,1870,1,1
3,1870,2,3
4,1870,1,1
5,1870,1,1
6,1870,1,1
7,1870,1,1
8,1870,1,1
9,1870,1,1
10,1870,1,1
11,1870,1,1
12,1870,1,1
13,1870,1,1
14,1870,1,1
0,1871,3,1
1,1871,1,0
2,1871,1,1
3,1871,0,2
4,1871,1,1
5,1871,2,2
6,1871,1,1
7,1871,1,1
8,1871,1,1
9,1871,1,1
10,1871,1,1
11,1871,2,2
12,1871,2,2
13,1871,1,1
14,1871,1,1
0,1872,1,1
1,1872,1,1
2,1872,1,1
3,1872,1,1
4,1872,1,1
5,1872,1,1
6,1872,1,1
7,1872,1,1
8,1872,1,1
9,1872,1,1
10,1872,1,1
11,1872,1,1
12,1872,1,1
13,1872,1,1
14,1872,1,1
0,1873,3,1
1,1873,1,0
2,1873,1,1
3,1873,0,2
4,1873,1,1
5,1873,2,2
6,1873,1,1
7,1873,1,1
8,1873,1,1
9,1873,1,1
10,1873,1,1
11,1873,2,2
12,1873,2,2
13,1873,1,1
14,1873,1,1
0,1874,2,1
1,1874,1,1
2,1874,1,1
3,1874,2,3
4,1874,3,1
5,1874,3,1
6,1874,1,1
7,1874,2,1
8,1874,1,3
9,1874,1,1
10,1874,1,1
11,1874,2,2
12,1874,2,2
13,1874,1,1
14,1874,1,1
0,1875,1,3
1,1875,1,1
2,1875,3,1
3,1875,3,1
4,1875,1,3
5,1875,3,1
6,1875,1,1
7,1875,2,1
8,1875,1,3
9,1875,1,1
10,1875,1,1
11,1875,2,2
12,1875,2,2
13,1875,1,1
14,1875,1,1
0,1876,2,1
1,1876,1,1
2,1876,1,1
3,1876,2,3
4,1876,1,1
5,1876,1,1
6,1876,1,1
7,1876,1,1
8,1876,1,1
9,1876,1,1
10,1876,1,1
11,1876,1,1
12,1876,1,1
13,1876,1,1
14,1876,1,1
0,1877,2,1
1,1877,1,1
2,1877,1,1
3,1877,2,3
4,1877,3,1
5,1877,3,1
6,1877,1,1
7,1877,2,1
8,1877,1,3
9,1877,1,1
10,1877,1,1
11,1877,2,2
12,1877,2,2
13,1877,1,1
14,1877,1,1
0,1878,2,1
1,1878,1,1
2,1878,1,1
3,1878,2,3
4,1878,3,1
5,1878,3,1
6,1878,1,1
7,1878,2,1
8,1878,1,3
9,1878,1,1
10,1878,1,1
11,1878,2,2
12,1878,2,2
13,1878,1,1
14,1878,1,1
0,1879,2,1
1,1879,1,1
2,1879,1,1
3,1879,2,3
4,1879,1,2
5,1879,3,1
6,1879,1,1
7,1879,2,1
8,1879,1,3
9,1879,1,1
10,1879,1,1
11,1879,2,2
12,1879,2,2
13,1879,1,1
14,1879,1,1
0,1880,2,1
1,1880,1,1
2,1880,1,1
3,1880,2,3
4,1880,1,1
5,1880,1,1
6,1880,1,1
7,1880,1,1
8,1880,1,1
9,1880,1,1
10,1880,1,1
11,1880,1,1
12,1880,1,1
13,1880,1,1
14,1880,1,1
0,1881,3,1
1,1881,1,1
2,1881,1,1
3,1881,0,2
4,1881,1,1
5,1881,2,2
6,1881,1,1
7,1881,1,1
8,1881,1,1
9,1881,1,1
10,1881,1,1
11,1881,2,2
12,1881,2,2
13,1881,1,1
14,1881,1,1
0,1882,2,1
1,1882,1,1
2,1882,1,1
3,1882,2,3
4,1882,3,1
5,1882,3,1
6,1882,1,1
7,1882,2,1
8,1882,1,3
9,1882,1,1
10,1882,1,1
11,1882,2,2
12,1882,2,2
13,1882,1,1
14,1882,1,1
0,1883,2,1
1,1883,1,1
2,1883,1,1
3,1883,2,3
4,1883,3,1
5,1883,3,1
6,1883,1,1
7,1883,2,1
8,1883,1,3
9,1883,1,1
10,1883,1,1
11,1883,2,2
12,1883,2,2
13,1883,1,1
14,1883,1,1
0,1884,2,1
1,1884,1,1
2,1884,1,1
3,1884,2,3
4,1884,3,1
5,1884,3,1
6,1884,1,1
7,1884,2,1
8,1884,1,3
9,1884,1,1
10,1884,1,1
11,1884,2,2
12,1884,2,2
13,1884,1,1
14,1884,1,1
0,1885,3,1
1,1885,1,1
2,1885,1,1
3,1885,0,2
4,1885,1,1
5,1885,2,2
6,1885,1,1
7,1885,1,1
8,1885,1,1
9,1885,1,1
10,1885,1,1
11,1885,2,2
12,1885,2,2
13,1885,1,1
14,1885,1,1
0,1886,3,1
1,1886,1,0
2,1886,1,1
3,1886,0,2
4,1886,1,1
5,1886,2,2
6,1886,1,1
7,1886,1,1
8,1886,1,1
9,1886,1,1
10,1886,1,1
11,1886,2,2
12,1886,2,2
13,1886,1,1
14,1886,1,1
0,1887,3,1
1,1887,1,0
2,1887,1,1
3,1887,0,2
4,1887,1,1
5,1887,2,2
6,1887,1,1
7,1887,1,1
8,1887,1,1
9,1887,1,1
10,1887,1,1
11,1887,2,2
12,1887,2,2
13,1887,1,1
14,1887,1,1
0,1888,1,1
1,1888,1,1
2,1888,1,1
3,1888,1,1
4,1888,1,1
5,1888,1,1
6,1888,1,1
7,1888,1,1
8,1888,1,1
9,1888,1,1
10,1888,1,1
11,1888,1,1
12,1888,1,1
13,1888,1,1
14,1888,1,1
0,1889,3,1
1,1889,1,0
2,1889,1,1
3,1889,0,2
4,1889,1,1
5,1889,2,2
6,1889,1,1
7,1889,1,1
8,1889,1,1
9,1889,1,1
10,1889,1,1
11,1889,2,2
12,1889,2,2
13,1889,1,1
14,1889,1,1
0,1890,2,1
1,1890,1,1
2,1890,1,1
3,1890,2,3
4,1890,3,1
5,1890,3,1
6,1890,1,1
7,1890,2,1
8,1890,1,3
9,1890,1,1
10,1890,1,1
11,1890,2,2
12,1890,2,2
13,1890,1,1
14,1890,1,1
0,1891,2,1
1,1891,1,1
2,1891,1,1
3,1891,2,3
4,1891,3,1
5,1891,3,1
6,1891,1,1
7,1891,2,1
8,1891,1,3
9,1891,1,1
10,1891,1,1
11,1891,2,2
12,1891,2,2
13,1891,1,1
14,1891,1,1
0,1892,2,1
1,1892,1,1
2,1892,1,1
3,1892,2,3
4,1892,1,1
5,1892,1,1
6,1892,1,1
7,1892,1,1
8,1892,1,1
9,1892,1,1
10,1892,1,1
11,1892,1,1
12,1892,1,1
13,1892,1,1
14,1892,1,1
0,1893,2,1
1,1893,1,1
2,1893,1,1
3,1893,2,3
4,1893,1,2
5,1893,3,1
6,1893,1,1
7,1893,2,1
8,1893,1,3
9,1893,1,1
10,1893,1,1
11,1893,2,2
12,1893,2,2
13,1893,1,1
14,1893,1,1
0,1894,2,1
1,1894,1,1
2,1894,1,1
3,1894,2,3
4,1894,1,2
5,1894,3,1
6,1894,1,1
7,1894,2,1
8,1894,1,3
9,1894,1,1
10,1894,1,1
11,1894,2,2
12,1894,2,2
13,1894,1,1
14,1894,1,1
0,1895,1,3
1,1895,1,1
2,1895,3,1
3,1895,3,1
4,1895,1,3
5,1895,3,1
6,1895,1,1
7,1895,2,1
8,1895,1,3
9,1895,1,1
10,1895,1,1
11,1895,2,2
12,1895,2,2
13,1895,1,1
14,1895,1,1
0,1896,1,3
1,1896,1,1
2,1896,3,1
3,1896,3,1
4,1896,1,3
5,1896,3,1
6,1896,1,1
7,1896,2,1
8,1896,1,3
9,1896,1,1
10,1896,1,1
11,1896,2,2
12,1896,2,2
13,1896,1,1
14,1896,1,1
0,1897,3,1
1,1897,1,1
2,1897,1,1
3,1897,0,2
4,1897,1,1
5,1897,2,2
6,1897,1,1
7,1897,1,1
8,1897,1,1
9,1897,1,1
10,1897,1,1
11,1897,2,2
12,1897,2,2
13,1897,1,1
14,1897,1,1
0,1898,2,1
1,1898,1,1
2,1898,1,1
3,1898,2,3
4,1898,1,2
5,1898,3,1
6,1898,1,1
7,1898,2,1
8,1898,1,3
9,1898,1,1
10,1898,1,1
11,1898,2,2
12,1898,2,2
13,1898,1,1
14,1898,1,1
0,1899,2,1
1,1899,1,1
2,1899,1,1
3,1899,2,3
4,1899,3,1
5,1899,3,1
6,1899,1,1
7,1899,2,1
8,1899,1,3
9,1899,1,1
10,1899,1,1
11,1899,2,2
12,1899,2,2
13,1899,1,1
14,1899,1,1
0,1900,3,1
1,1900,1,0
2,1900,1,1
3,1900,0,2
4,1900,1,1
5,1900,2,2
6,1900,1,1
7,1900,1,1
8,1900,1,1
9,1900,1,1
10,1900,1,1
11,1900,2,2
12,1900,2,2
13,1900,1,1
14,1900,1,1
0,1901,2,1
1,1901,1,1
2,1901,1,1
3,1901,2,3
4,1901,3,1
5,1901,3,1
6,1901,1,1
7,1901,2,1
8,1901,1,3
9,1901,1,1
10,1901,1,1
11,1901,2,2
12,1901,2,2
13,1901,1,1
14,1901,1,1
0,1902,3,1
1,1902,1,1
2,1902,1,1
3,1902,0,2
4,1902,1,1
5,1902,2,2
6,1902,1,1
7,1902,1,1
8,1902,1,1
9,1902,1,1
10,1902,1,1
11,1902,2,2
12,1902,2,2
13,1902,1,1
14,1902,1,1
0,1903,2,1
1,1903,1,1
2,1903,1,1
3,1903,2,3
4,1903,3,1
5,1903,3,1
6,1903,1,1
7,1903,2,1
8,1903,1,3
9,1903,1,1
10,1903,1,1
11,1903,2,2
12,1903,2,2
13,1903,1,1
14,1903,1,1
0,1904,3,1
1,1904,1,0
2,1904,1,1
3,1904,0,2
4,1904,1,1
5,1904,2,2
6,1904,1,1
7,1904,1,1
8,1904,1,1
9,1904,1,1
10,1904,1,1
11,1904,2,2
12,1904,2,2
13,1904,1,1
14,1904,1,1
0,1905,2,1
1,1905,1,1
2,1905,1,1
3,1905,2,3
4,1905,3,1
5,1905,3,1
6,1905,1,1
7,1905,2,1
8,1905,1,3
9,1905,1,1
10,1905,1,1
11,1905,2,2
12,1905,2,2
13,1905,1,1
14,1905,1,1
0,1906,2,1
1,1906,1,1
2,1906,1,1
3,1906,2,3
4,1906,1,1
5,1906,1,1
6,1906,1,1
7,1906,1,1
8,1906,1,1
9,1906,1,1
10,1906,1,1
11,1906,1,1
12,1906,1,1
13,1906,1,1
14,1906,1,1
0,1907,2,1
1,1907,1,1
2,1907,1,1
3,1907,2,3
4,1907,1,2
5,1907,3,1
6,1907,1,1
7,1907,2,1
8,1907,1,3
9,1907,1,1
10,1907,1,1
11,1907,2,2
12,1907,2,2
13,1907,1,1
14,1907,1,1
0,1908,1,1
1,1908,1,1
2,1908,1,1
3,1908,1,1
4,1908,1,1
5,1908,1,1
6,1908,1,1
7,1908,1,1
8,1908,1,1
9,1908,1,1
10,1908,1,1
11,1908,1,1
12,1908,1,1
13,1908,1,1
14,1908,1,1
0,1909,3,1
1,1909,1,0
2,1909,1,1
3,1909,0,2
4,1909,1,1
5,1909,2,2
6,1909,1,1
7,1909,1,1
8,1909,1,1
9,1909,1,1
10,1909,1,1
11,1909,2,2
12,1909,2,2
13,1909,1,1
14,1909,1,1
0,1910,1,3
1,1910,1,1
2,1910,3,1
3,1910,3,1
4,1910,1,3
5,1910,3,1
6,1910,1,1
7,1910,2,1
8,1910,1,3
9,1910,1,1
10,1910,1,1
11,1910,2,2
12,1910,2,2
13,1910,1,1
14,1910,1,1
0,1911,2,1
1,1911,1,1
2,1911,1,1
3,1911,2,3
4,1911,1,1
5,1911,1,1
6,1911,1,1
7,1911,1,1
8,1911,1,1
9,1911,1,1
10,1911,1,1
11,1911,1,1
12,1911,1,1
13,1911,1,1
14,1911,1,1
0,1912,3,1
1,1912,1,0
2,1912,1,1
3,1912,0,2
4,1912,1,1
5,1912,2,2
6,1912,1,1
7,1912,1,1
8,1912,1,1
9,1912,1,1
10,1912,1,1
11,1912,2,2
12,1912,2,2
13,1912,1,1
14,1912,1,1
0,1913,2,1
1,1913,1,1
2,1913,1,1
3,1913,2,3
4,1913,1,1
5,1913,1,1
6,1913,1,1
7,1913,1,1
8,1913,1,1
9,1913,1,1
10,1913,1,1
11,1913,1,1
12,1913,1,1
13,1913,1,1
14,1913,1,1
0,1914,2,1
1,1914,1,1
2,1914,1,1
3,1914,2,3
4,1914,3,1
5,1914,3,1
6,1914,1,1
7,1914,2,1
8,1914,1,3
9,1914,1,1
10,1914,1,1
11,1914,2,2
12,1914,2,2
13,1914,1,1
14,1914,1,1
0,1915,1,1
1,1915,1,1
2,1915,1,1
3,1915,1,1
4,1915,1,1
5,1915,1,1
6,1915,1,1
7,1915,1,1
8,1915,1,1
9,1915,1,1
10,1915,1,1
11,1915,1,1
12,1915,1,1
13,1915,1,1
14,1915,1,1
0,1916,2,1
1,1916,1,1
2,1916,1,1
3,1916,2,3
4,1916,3,1
5,1916,3,1
6,1916,1,1
7,1916,2,1
8,1916,1,3
9,1916,1,1
10,1916,1,1
11,1916,2,2
12,1916,2,2
13,1916,1,1
14,1916,1,1
0,1917,2,1
1,1917,1,1
2,1917,1,1
3,1917,2,3
4,1917,3,1
5,1917,3,1
6,1917,1,1
7,1917,2,1
8,1917,1,3
9,1917,1,1
10,1917,1,1
11,1917,2,2
12,1917,2,2
13,1917,1,1
14,1917,1,1
0,1918,2,1
1,1918,1,1
2,1918,1,1
3,1918,2,3
4,1918,3,1
5,1918,3,1
6,1918,1,1
7,1918,2,1
8,1918,1,3
9,1918,1,1
10,1918,1,1
11,1918,2,2
12,1918,2,2
13,1918,1,1
14,1918,1,1
0,1919,3,1
1,1919,1,0
2,1919,1,1
3,1919,0,2
4,1919,1,1
5,1919,2,2
6,1919,1,1
7,1919,1,1
8,1919,1,1
9,1919,1,1
10,1919,1,1
11,1919,2,2
12,1919,2,2
13,1919,1,1
14,1919,1,1
0,1920,1,3
1,1920,1,1
2,1920,3,1
3,1920,3,1
4,1920,1,3
5,1920,3,1
6,1920,1,1
7,1920,2,1
8,1920,1,3
9,1920,1,1
10,1920,1,1
11,1920,2,2
12,1920,2,2
13,1920,1,1
14,1920,1,1
0,1921,1,1
1,1921,1,1
2,1921,1,1
3,1921,1,1
4,1921,1,1
5,1921,1,1
6,1921,1,1
7,1921,1,1
8,1921,1,1
9,1921,1,1
10,1921,1,1
11,1921,1,1
12,1921,1,1
13,1921,1,1
14,1921,1,1
0,1922,2,1
1,1922,1,1
2,1922,1,1
3,1922,2,3
4,1922,3,1
5,1922,3,1
6,1922,1,1
7,1922,2,1
8,1922,1,3
9,1922,1,1
10,1922,1,1
11,1922,2,2
12,1922,2,2
13,1922,1,1
14,1922,1,1
0,1923,1,1
1,1923,1,1
2,1923,1,1
3,1923,1,1
4,1923,1,1
5,1923,1,1
6,1923,1,1
7,1923,1,1
8,1923,1,1
9,1923,1,1
10,1923,1,1
11,1923,1,1
12,1923,1,1
13,1923,1,1
14,1923,1,1
0,1924,3,1
1,1924,1,1
2,1924,1,1
3,1924,0,2
4,1924,1,1
5,1924,2,2
6,1924,1,1
7,1924,1,1
8,1924,1,1
9,1924,1,1
10,1924,1,1
11,1924,2,2
12,1924,2,2
13,1924,1,1
14,1924,1,1
0,1925,3,1
1,1925,1,0
2,1925,1,1
3,1925,0,2
4,1925,1,1
5,1925,2,2
6,1925,1,1
7,1925,1,1
8,1925,1,1
9,1925,1,1
10,1925,1,1
11,1925,2,2
12,1925,2,2
13,1925,1,1
14,1925,1,1
0,1926,2,1
1,1926,1,1
2,1926,1,1
3,1926,2,3
4,1926,3,1
5,1926,3,1
6,1926,1,1
7,1926,2,1
8,1926,1,3
9,1926,1,1
10,1926,1,1
11,1926,2,2
12,1926,2,2
13,1926,1,1
14,1926,1,1
0,1927,3,1
1,1927,1,0
2,1927,1,1
3,1927,0,2
4,1927,1,1
5,1927,2,2
6,1927,1,1
7,1927,1,1
8,1927,1,1
9,1927,1,1
10,1927,1,1
11,1927,2,2
12,1927,2,2
13,1927,1,1
14,1927,1,1
0,1928,3,1
1,1928,1,0
2,1928,1,1
3,1928,0,2
4,1928,1,1
5,1928,2,2
6,1928,1,1
7,1928,1,1
8,1928,1,1
9,1928,1,1
10,1928,1,1
11,1928,2,2
12,1928,2,2
13,1928,1,1
14,1928,1,1
0,1929,1,1
1,1929,1,1
2,1929,1,1
3,1929,1,1
4,1929,1,1
5,1929,1,1
6,1929,1,1
7,1929,1,1
8,1929,1,1
9,1929,1,1
10,1929,1,1
11,1929,1,1
12,1929,1,1
13,1929,1,1
14,1929,1,1
0,1930,3,1
1,1930,1,1
2,1930,1,1
3,1930,0,2
4,1930,1,1
5,1930,2,2
6,1930,1,1
7,1930,1,1
8,1930,1,1
9,1930,1,1
10,1930,1,1
11,1930,2,2
12,1930,2,2
13,1930,1,1
14,1930,1,1
0,1931,1,1
1,1931,1,1
2,1931,1,1
3,1931,1,1
4,1931,1,1
5,1931,1,1
6,1931,1,1
7,1931,1,1
8,1931,1,1
9,1931,1,1
10,1931,1,1
11,1931,1,1
12,1931,1,1
13,1931,1,1
14,1931,1,1
0,1932,3,1
1,1932,1,0
2,1932,1,1
3,1932,0,2
4,1932,1,1
5,1932,2,2
6,1932,1,1
7,1932,1,1
8,1932,1,1
9,1932,1,1
10,1932,1,1
11,1932,2,2
12,1932,2,2
13,1932,1,1
14,1932,1,1
0,1933,2,1
1,1933,1,1
2,1933,1,1
3,1933,2,3
4,1933,3,1
5,1933,3,1
6,1933,1,1
7,1933,2,1
8,1933,1,3
9,1933,1,1
10,1933,1,1
11,1933,2,2
12,1933,2,2
13,1933,1,1
14,1933,1,1
0,1934,2,1
1,1934,1,1
2,1934,1,1
3,1934,2,3
4,1934,1,2
5,1934,3,1
6,1934,1,1
7,1934,2,1
8,1934,1,3
9,1934,1,1
10,1934,1,1
11,1934,2,2
12,1934,2,2
13,1934,1,1
14,1934,1,1
0,1935,3,1
1,1935,1,0
2,1935,1,1
3,1935,0,2
4,1935,1,1
5,1935,2,2
6,1935,1,1
7,1935,1,1
8,1935,1,1
9,1935,1,1
10,1935,1,1
11,1935,2,2
12,1935,2,2
13,1935,1,1
14,1935,1,1
0,1936,2,1
1,1936,1,1
2,1936,1,1
3,1936,2,3
4,1936,3,1
5,1936,3,1
6,1936,1,1
7,1936,2,1
8,1936,1,3
9,1936,1,1
10,1936,1,1
11,1936,2,2
12,1936,2,2
13,1936,1,1
14,1936,1,1
0,1937,2,1
1,1937,1,1
2,1937,1,1
3,1937,2,3
4,1937,3,1
5,1937,3,1
6,1937,1,1
7,1937,2,1
8,1937,1,3
9,1937,1,1
10,1937,1,1
11,1937,2,2
12,1937,2,2
13,1937,1,1
14,1937,1,1
0,1938,2,1
1,1938,1,1
2,1938,1,1
3,1938,2,3
4,1938,1,2
5,1938,3,1
6,1938,1,1
7,1938,2,1
8,1938,1,3
9,1938,1,1
10,1938,1,1
11,1938,2,2
12,1938,2,2
13,1938,1,1
14,1938,1,1
0,1939,1,3
1,1939,1,1
2,1939,3,1
3,1939,3,1
4,1939,1,3
5,1939,3,1
6,1939,1,1
7,1939,2,1
8,1939,1,3
9,1939,1,1
10,1939,1,1
11,1939,2,2
12,1939,2,2
13,1939,1,1
14,1939,1,1
0,1940,3,1
1,1940,1,0
2,1940,1,1
3,1940,0,2
4,1940,1,1
5,1940,2,2
6,1940,1,1
7,1940,1,1
8,1940,1,1
9,1940,1,1
10,1940,1,1
11,1940,2,2
12,1940,2,2
13,1940,1,1
14,1940,1,1
0,1941,3,1
1,1941,1,1
2,1941,1,1
3,1941,0,2
4,1941,1,1
5,1941,2,2
6,1941,1,1
7,1941,1,1
8,1941,1,1
9,1941,1,1
10,1941,1,1
11,1941,2,2
12,1941,2,2
13,1941,1,1
14,1941,1,1
0,1942,2,1
1,1942,1,1
2,1942,1,1
3,1942,2,3
4,1942,3,1
5,1942,3,1
6,1942,1,1
7,1942,2,1
8,1942,1,3
9,1942,1,1
10,1942,1,1
11,1942,2,2
12,1942,2,2
13,1942,1,1
14,1942,1,1
0,1943,3,1
1,1943,1,0
2,1943,1,1
3,1943,0,2
4,1943,1,1
5,1943,2,2
6,1943,1,1
7,1943,1,1
8,1943,1,1
9,1943,1,1
10,1943,1,1
11,1943,2,2
12,1943,2,2
13,1943,1,1
14,1943,1,1
0,1944,2,1
1,1944,1,1
2,1944,1,1
3,1944,2,3
4,1944,1,2
5,1944,3,1
6,1944,1,1
7,1944,2,1
8,1944,1,3
9,1944,1,1
10,1944,1,1
11,1944,2,2
12,1944,2,2
13,1944,1,1
14,1944,1,1
0,1945,2,1
1,1945,1,1
2,1945,1,1
3,1945,2,3
4,1945,1,2
5,1945,3,1
6,1945,1,1
7,1945,2,1
8,1945,1,3
9,1945,1,1
10,1945,1,1
11,1945,2,2
12,1945,2,2
13,1945,1,1
14,1945,1,1
0,1946,2,1
1,1946,1,1
2,1946,1,1
3,1946,2,3
4,1946,3,1
5,1946,3,1
6,1946,1,1
7,1946,2,1
8,1946,1,3
9,1946,1,1
10,1946,1,1
11,1946,2,2
12,1946,2,2
13,1946,1,1
14,1946,1,1
0,1947,2,1
1,1947,1,1
2,1947,1,1
3,1947,2,3
4,1947,1,1
5,1947,1,1
6,1947,1,1
7,1947,1,1
8,1947,1,1
9,1947,1,1
10,1947,1,1
11,1947,1,1
12,1947,1,1
13,1947,1,1
14,1947,1,1
0,1948,3,1
1,1948,1,0
2,1948,1,1
3,1948,0,2
4,1948,1,1
5,1948,2,2
6,1948,1,1
7,1948,1,1
8,1948,1,1
9,1948,1,1
10,1948,1,1
11,1948,2,2
12,1948,2,2
13,1948,1,1
14,1948,1,1
0,1949,2,1
1,1949,1,1
2,1949,1,1
3,1949,2,3
4,1949,3,1
5,1949,3,1
6,1949,1,1
7,1949,2,1
8,1949,1,3
9,1949,1,1
10,1949,1,1
11,1949,2,2
12,1949,2,2
13,1949,1,1
14,1949,1,1
0,1950,1,1
1,1950,1,1
2,1950,1,1
3,1950,1,1
4,1950,1,1
5,1950,1,1
6,1950,1,1
7,1950,1,1
8,1950,1,1
9,1950,1,1
10,1950,1,1
11,1950,1,1
12,1950,1,1
13,1950,1,1
14,1950,1,1
0,1951,3,1
1,1951,1,0
2,1951,1,1
3,1951,0,2
4,1951,1,1
5,1951,2,2
6,1951,1,1
7,1951,1,1
8,1951,1,1
9,1951,1,1
10,1951,1,1
11,1951,2,2
12,1951,2,2
13,1951,1,1
14,1951,1,1
0,1952,2,1
1,1952,1,1
2,1952,1,1
3,1952,2,3
4,1952,3,1
5,1952,3,1
6,1952,1,1
7,1952,2,1
8,1952,1,3
9,1952,1,1
10,1952,1,1
11,1952,2,2
12,1952,2,2
13,1952,1,1
14,1952,1,1
0,1953,3,1
1,1953,1,0
2,1953,1,1
3,1953,0,2
4,1953,1,1
5,1953,2,2
6,1953,1,1
7,1953,1,1
8,1953,1,1
9,1953,1,1
10,1953,1,1
11,1953,2,2
12,1953,2,2
13,1953,1,1
14,1953,1,1
0,1954,3,1
1,1954,1,0
2,1954,1,1
3,1954,0,2
4,1954,1,1
5,1954,2,2
6,1954,1,1
7,1954,1,1
8,1954,1,1
9,1954,1,1
10,1954,1,1
11,1954,2,2
12,1954,2,2
13,1954,1,1
14,1954,1,1
0,1955,3,1
1,1955,1,0
2,1955,1,1
3,1955,0,2
4,1955,1,1
5,1955,2,2
6,1955,1,1
7,1955,1,1
8,1955,1,1
9,1955,1,1
10,1955,1,1
11,1955,2,2
12,1955,2,2
13,1955,1,1
14,1955,1,1
0,1956,2,1
1,1956,1,1
2,1956,1,1
3,1956,2,3
4,1956,1,1
5,1956,1,1
6,1956,1,1
7,1956,1,1
8,1956,1,1
9,1956,1,1
10,1956,1,1
11,1956,1,1
12,1956,1,1
13,1956,1,1
14,1956,1,1
0,1957,3,1
1,1957,1,0
2,1957,1,1
3,1957,0,2
4,1957,1,1
5,1957,2,2
6,1957,1,1
7,1957,1,1
8,1957,1,1
9,1957,1,1
10,1957,1,1
11,1957,2,2
12,1957,2,2
13,1957,1,1
14,1957,1,1
0,1958,3,1
1,1958,1,0
2,1958,1,1
3,1958,0,2
4,1958,1,1
5,1958,2,2
6,1958,1,1
7,1958,1,1
8,1958,1,1
9,1958,1,1
10,1958,1,1
11,1958,2,2
12,1958,2,2
13,1958,1,1
14,1958,1,1
0,1959,2,1
1,1959,1,1
2,1959,1,1
3,1959,2,3
4,1959,1,2
5,1959,3,1
6,1959,1,1
7,1959,2,1
8,1959,1,3
9,1959,1,1
10,1959,1,1
11,1959,2,2
12,1959,2,2
13,1959,1,1
14,1959,1,1
0,1960,3,1
1,1960,1,0
2,1960,1,1
3,1960,0,2
4,1960,1,1
5,1960,2,2
6,1960,1,1
7,1960,1,1
8,1960,1,1
9,1960,1,1
10,1960,1,1
11,1960,2,2
12,1960,2,2
13,1960,1,1
14,1960,1,1
0,1961,2,1
1,1961,1,1
2,1961,1,1
3,1961,2,3
4,1961,1,1
5,1961,1,1
6,1961,1,1
7,1961,1,1
8,1961,1,1
9,1961,1,1
10,1961,1,1
11,1961,1,1
12,1961,1,1
13,1961,1,1
14,1961,1,1
0,1962,1,1
1,1962,1,1
2,1962,1,1
3,1962,1,1
4,1962,1,1
5,1962,1,1
6,1962,1,1
7,1962,1,1
8,1962,1,1
9,1962,1,1
10,1962,1,1
11,1962,1,1
12,1962,1,1
13,1962,1,1
14,1962,1,1
0,1963,3,1
1,1963,1,0
2,1963,1,1
3,1963,0,2
4,1963,1,1
5,1963,2,2
6,1963,1,1
7,1963,1,1
8,1963,1,1
9,1963,1,1
10,1963,1,1
11,1963,2,2
12,1963,2,2
13,1963,1,1
14,1963,1,1
0,1964,3,1
1,1964,1,0
2,1964,1,1
3,1964,0,2
4,1964,1,1
5,1964,2,2
6,1964,1,1
7,1964,1,1
8,1964,1,1
9,1964,1,1
10,1964,1,1
11,1964,2,2
12,1964,2,2
13,1964,1,1
14,1964,1,1
0,1965,2,1
1,1965,1,1
2,1965,1,1
3,1965,2,3
4,1965,1,1
5,1965,1,1
6,1965,1,1
7,1965,1,1
8,1965,1,1
9,1965,1,1
10,1965,1,1
11,1965,1,1
12,1965,1,1
13,1965,1,1
14,1965,1,1
0,1966,3,1
1,1966,1,0
2,1966,1,1
3,1966,0,2
4,1966,1,1
5,1966,2,2
6,1966,1,1
7,1966,1,1
8,1966,1,1
9,1966,1,1
10,1966,1,1
11,1966,2,2
12,1966,2,2
13,1966,1,1
14,1966,1,1
0,1967,1,1
1,1967,1,1
2,1967,1,1
3,1967,1,1
4,1967,1,1
5,1967,1,1
6,1967,1,1
7,1967,1,1
8,1967,1,1
9,1967,1,1
10,1967,1,1
11,1967,1,1
12,1967,1,1
13,1967,1,1
14,1967,1,1
0,1968,3,1
1,1968,1,1
2,1968,1,1
3,1968,0,2
4,1968,1,1
5,1968,2,2
6,1968,1,1
7,1968,1,1
8,1968,1,1
9,1968,1,1
10,1968,1,1
11,1968,2,2
12,1968,2,2
13,1968,1,1
14,1968,1,1
0,1969,1,1
1,1969,1,1
2,1969,1,1
3,1969,1,1
4,1969,1,1
5,1969,1,1
6,1969,1,1
7,1969,1,1
8,1969,1,1
9,1969,1,1
10,1969,1,1
11,1969,1,1
12,1969,1,1
13,1969,1,1
14,1969,1,1
0,1970,2,1
1,1970,1,1
2,1970,1,1
3,1970,2,3
4,1970,3,1
5,1970,3,1
6,1970,1,1
7,1970,2,1
8,1970,1,3
9,1970,1,1
10,1970,1,1
11,1970,2,2
12,1970,2,2
13,1970,1,1
14,1970,1,1
0,1971,2,1
1,1971,1,1
2,1971,1,1
3,1971,2,3
4,1971,3,1
5,1971,3,1
6,1971,1,1
7,1971,2,1
8,1971,1,3
9,1971,1,1
10,1971,1,1
11,1971,2,2
12,1971,2,2
13,1971,1,1
14,1971,1,1
0,1972,3,1
1,1972,1,0
2,1972,1,1
3,1972,0,2
4,1972,1,1
5,1972,2,2
6,1972,1,1
7,1972,1,1
8,1972,1,1
9,1972,1,1
10,1972,1,1
11,1972,2,2
12,1972,2,2
13,1972,1,1
14,1972,1,1
0,1973,2,1
1,1973,1,1
2,1973,1,1
3,1973,2,3
4,1973,1,1
5,1973,1,1
6,1973,1,1
7,1973,1,1
8,1973,1,1
9,1973,1,1
10,1973,1,1
11,1973,1,1
12,1973,1,1
13,1973,1,1
14,1973,1,1
0,1974,2,1
1,1974,1,1
2,1974,1,1
3,1974,2,3
4,1974,1,1
5,1974,1,1
6,1974,1,1
7,1974,1,1
8,1974,1,1
9,1974,1,1
10,1974,1,1
11,1974,1,1
12,1974,1,1
13,1974,1,1
14,1974,1,1
0,1975,1,3
1,1975,1,1
2,1975,3,1
3,1975,3,1
4,1975,1,3
5,1975,3,1
6,1975,1,1
7,1975,2,1
8,1975,1,3
9,1975,1,1
10,1975,1,1
11,1975,2,2
12,1975,2,2
13,1975,1,1
14,1975,1,1
0,1976,1,3
1,1976,1,1
2,1976,3,1
3,1976,3,1
4,1976,1,3
5,1976,3,1
6,1976,1,1
7,1976,2,1
8,1976,1,3
9,1976,1,1
10,1976,1,1
11,1976,2,2
12,1976,2,2
13,1976,1,1
14,1976,1,1
0,1977,2,1
1,1977,1,1
2,1977,1,1
3,1977,2,3
4,1977,3,1
5,1977,3,1
6,1977,1,1
7,1977,2,1
8,1977,1,3
9,1977,1,1
10,1977,1,1
11,1977,2,2
12,1977,2,2
13,1977,1,1
14,1977,1,1
0,1978,3,1
1,1978,1,1
2,1978,1,1
3,1978,0,2
4,1978,1,1
5,1978,2,2
6,1978,1,1
7,1978,1,1
8,1978,1,1
9,1978,1,1
10,1978,1,1
11,1978,2,2
12,1978,2,2
13,1978,1,1
14,1978,1,1
0,1979,2,1
1,1979,1,1
2,1979,1,1
3,1979,2,3
4,1979,1,2
5,1979,3,1
6,1979,1,1
7,1979,2,1
8,1979,1,3
9,1979,1,1
10,1979,1,1
11,1979,2,2
12,1979,2,2
13,1979,1,1
14,1979,1,1
0,1980,1,1
1,1980,1,1
2,1980,1,1
3,1980,1,1
4,1980,1,1
5,1980,1,1
6,1980,1,1
7,1980,1,1
8,1980,1,1
9,1980,1,1
10,1980,1,1
11,1980,1,1
12,1980,1,1
13,1980,1,1
14,1980,1,1
0,1981,2,1
1,1981,1,1
2,1981,1,1
3,1981,2,3
4,1981,1,1
5,1981,1,1
6,1981,1,1
7,1981,1,1
8,1981,1,1
9,1981,1,1
10,1981,1,1
11,1981,1,1
12,1981,1,1
13,1981,1,1
14,1981,1,1
0,1982,2,1
1,1982,1,1
2,1982,1,1
3,1982,2,3
4,1982,3,1
5,1982,3,1
6,1982,1,1
7,1982,2,1
8,1982,1,3
9,1982,1,1
10,1982,1,1
11,1982,2,2
12,1982,2,2
13,1982,1,1
14,1982,1,1
0,1983,3,1
1,1983,1,1
2,1983,1,1
3,1983,0,2
4,1983,1,1
5,1983,2,2
6,1983,1,1
7,1983,1,1
8,1983,1,1
9,1983,1,1
10,1983,1,1
11,1983,2,2
12,1983,2,2
13,1983,1,1
14,1983,1,1
0,1984,3,1
1,1984,1,0
2,1984,1,1
3,1984,0,2
4,1984,1,1
5,1984,2,2
6,1984,1,1
7,1984,1,1
8,1984,1,1
9,1984,1,1
10,1984,1,1
11,1984,2,2
12,1984,2,2
13,1984,1,1
14,1984,1,1
0,1985,2,1
1,1985,1,1
2,1985,1,1
3,1985,2,3
4,1985,1,1
5,1985,1,1
6,1985,1,1
7,1985,1,1
8,1985,1,1
9,1985,1,1
10,1985,1,1
11,1985,1,1
12,1985,1,1
13,1985,1,1
14,1985,1,1
0,1986,2,1
1,1986,1,1
2,1986,1,1
3,1986,2,3
4,1986,3,1
5,1986,3,1
6,1986,1,1
7,1986,2,1
8,1986,1,3
9,1986,1,1
10,1986,1,1
11,1986,2,2
12,1986,2,2
13,1986,1,1
14,1986,1,1
0,1987,2,1
1,1987,1,1
2,1987,1,1
3,1987,2,3
4,1987,1,2
5,1987,3,1
6,1987,1,1
7,1987,2,1
8,1987,1,3
9,1987,1,1
10,1987,1,1
11,1987,2,2
12,1987,2,2
13,1987,1,1
14,1987,1,1
0,1988,3,1
1,1988,1,0
2,1988,1,1
3,1988,0,2
4,1988,1,1
5,1988,2,2
6,1988,1,1
7,1988,1,1
8,1988,1,1
9,1988,1,1
10,1988,1,1
11,1988,2,2
12,1988,2,2
13,1988,1,1
14,1988,1,1
0,1989,2,1
1,1989,1,1
2,1989,1,1
3,1989,2,3
4,1989,1,1
5,1989,1,1
6,1989,1,1
7,1989,1,1
8,1989,1,1
9,1989,1,1
10,1989,1,1
11,1989,1,1
12,1989,1,1
13,1989,1,1
14,1989,1,1
0,1990,1,1
1,1990,1,1
2,1990,1,1
3,1990,1,1
4,1990,1,1
5,1990,1,1
6,1990,1,1
7,1990,1,1
8,1990,1,1
9,1990,1,1
10,1990,1,1
11,1990,1,1
12,1990,1,1
13,1990,1,1
14,1990,1,1
0,1991,3,1
1,1991,1,1
2,1991,1,1
3,1991,0,2
4,1991,1,1
5,1991,2,2
6,1991,1,1
7,1991,1,1
8,1991,1,1
9,1991,1,1
10,1991,1,1
11,1991,2,2
12,1991,2,2
13,1991,1,1
14,1991,1,1
0,1992,3,1
1,1992,1,1
2,1992,1,1
3,1992,0,2
4,1992,1,1
5,1992,2,2
6,1992,1,1
7,1992,1,1
8,1992,1,1
9,1992,1,1
10,1992,1,1
11,1992,2,2
12,1992,2,2
13,1992,1,1
14,1992,1,1
0,1993,2,1
1,1993,1,1
2,1993,1,1
3,1993,2,3
4,1993,1,1
5,1993,1,1
6,1993,1,1
7,1993,1,1
8,1993,1,1
9,1993,1,1
10,1993,1,1
11,1993,1,1
12,1993,1,1
13,1993,1,1
14,1993,1,1
0,1994,3,1
1,1994,1,0
2,1994,1,1
3,1994,0,2
4,1994,1,1
5,1994,2,2
6,1994,1,1
7,1994,1,1
8,1994,1,1
9,1994,1,1
10,1994,1,1
11,1994,2,2
12,1994,2,2
13,1994,1,1
14,1994,1,1
0,1995,2,1
1,1995,1,1
2,1995,1,1
3,1995,2,3
4,1995,1,2
5,1995,3,1
6,1995,1,1
7,1995,2,1
8,1995,1,3
9,1995,1,1
10,1995,1,1
11,1995,2,2
12,1995,2,2
13,1995,1,1
14,1995,1,1
0,1996,1,1
1,1996,1,1
2,1996,1,1
3,1996,1,1
4,1996,1,1
5,1996,1,1
6,1996,1,1
7,1996,1,1
8,1996,1,1
9,1996,1,1
10,1996,1,1
11,1996,1,1
12,1996,1,1
13,1996,1,1
14,1996,1,1
0,1997,2,1
1,1997,1,1
2,1997,1,1
3,1997,2,3
4,1997,1,1
5,1997,1,1
6,1997,1,1
7,1997,1,1
8,1997,1,1
9,1997,1,1
10,1997,1,1
11,1997,1,1
12,1997,1,1
13,1997,1,1
14,1997,1,1
0,1998,3,1
1,1998,1,1
2,1998,1,1
3,1998,0,2
4,1998,1,1
5,1998,2,2
6,1998,1,1
7,1998,1,1
8,1998,1,1
9,1998,1,1
10,1998,1,1
11,1998,2,2
12,1998,2,2
13,1998,1,1
14,1998,1,1
0,1999,2,1
1,1999,1,1
2,1999,1,1
3,1999,2,3
4,1999,3,1
5,1999,3,1
6,1999,1,1
7,1999,2,1
8,1999,1,3
9,1999,1,1
10,1999,1,1
11,1999,2,2
12,1999,2,2
13,1999,1,1
14,1999,1,1
0,2000,2,1
1,2000,1,1
2,2000,1,1
3,2000,2,3
4,2000,1,1
5,2000,1,1
6,2000,1,1
7,2000,1,1
8,2000,1,3
9,2000,1,1
10,2000,3,3
11,2000,2,2
12,2000,2,2
13,2000,1,1
14,2000,1,1
0,2001,1,3
1,2001,1,1
2,2001,3,1
3,2001,3,1
4,2001,1,3
5,2001,3,1
6,2001,1,1
7,2001,2,1
8,2001,1,3
9,2001,1,1
10,2001,1,1
11,2001,2,2
12,2001,2,2
13,2001,1,1
14,2001,1,1
0,2002,1,1
1,2002,1,1
2,2002,1,1
3,2002,1,1
4,2002,1,1
5,2002,1,1
6,2002,1,1
7,2002,1,1
8,2002,1,1
9,2002,1,1
10,2002,1,1
11,2002,1,1
12,2002,1,1
13,2002,1,1
14,2002,1,1
0,2003,1,3
1,2003,1,1
2,2003,3,1
3,2003,3,1
4,2003,1,3
5,2003,3,1
6,2003,1,1
7,2003,2,1
8,2003,1,3
9,2003,1,1
10,2003,1,1
11,2003,2,2
12,2003,2,2
13,2003,1,1
14,2003,1,1
0,2004,2,1
1,2004,1,1
2,2004,1,1
3,2004,2,3
4,2004,1,1
5,2004,1,1
6,2004,1,1
7,2004,1,1
8,2004,1,3
9,2004,1,1
10,2004,3,3
11,2004,2,2
12,2004,2,2
13,2004,1,1
14,2004,1,1
0,2005,1,3
1,2005,1,1
2,2005,3,1
3,2005,3,1
4,2005,1,3
5,2005,3,1
6,2005,1,1
7,2005,2,1
8,2005,1,3
9,2005,1,1
10,2005,1,1
11,2005,2,2
12,2005,2,2
13,2005,1,1
14,2005,1,1
0,2006,1,3
1,2006,1,1
2,2006,3,1
3,2006,3,1
4,2006,1,3
5,2006,3,1
6,2006,1,1
7,2006,2,1
8,2006,1,3
9,2006,1,1
10,2006,1,1
11,2006,2,2
12,2006,2,2
13,2006,1,1
14,2006,1,1
0,2007,1,1
1,2007,1,1
2,2007,1,1
3,2007,1,1
4,2007,1,1
5,2007,1,1
6,2007,1,1
7,2007,1,1
8,2007,1,1
9,2007,1,1
10,2007,1,1
11,2007,1,1
12,2007,1,1
13,2007,1,1
14,2007,1,1
0,2008,2,1
1,2008,1,1
2,2008,1,1
3,2008,2,3
4,2008,1,1
5,2008,1,1
6,2008,1,1
7,2008,1,1
8,2008,1,1
9,2008,1,1
10,2008,1,1
11,2008,1,2
12,2008,2,1
13,2008,1,1
14,2008,1,1
0,2009,3,1
1,2009,1,1
2,2009,1,1
3,2009,0,2
4,2009,1,1
5,2009,2,2
6,2009,1,1
7,2009,1,1
8,2009,1,1
9,2009,1,1
10,2009,1,1
11,2009,2,2
12,2009,2,2
13,2009,1,1
14,2009,1,1
0,2010,1,3
1,2010,1,1
2,2010,3,1
3,2010,3,1
4,2010,1,3
5,2010,3,1
6,2010,1,1
7,2010,2,1
8,2010,1,3
9,2010,1,1
10,2010,1,1
11,2010,2,2
12,2010,2,2
13,2010,1,1
14,2010,1,1
0,2011,3,1
1,2011,1,1
2,2011,1,1
3,2011,0,2
4,2011,1,1
5,2011,2,2
6,2011,1,1
7,2011,1,1
8,2011,1,1
9,2011,1,1
10,2011,1,1
11,2011,2,2
12,2011,2,2
13,2011,1,1
14,2011,1,1
0,2012,1,3
1,2012,1,1
2,2012,3,1
3,2012,3,1
4,2012,1,3
5,2012,3,1
6,2012,1,1
7,2012,2,1
8,2012,1,3
9,2012,1,1
10,2012,1,1
11,2012,2,2
12,2012,2,2
13,2012,1,1
14,2012,1,1
0,2013,3,1
1,2013,1,1
2,2013,1,1
3,2013,0,2
4,2013,1,1
5,2013,2,2
6,2013,1,1
7,2013,1,1
8,2013,1,1
9,2013,1,1
10,2013,1,1
11,2013,2,2
12,2013,2,2
13,2013,1,1
14,2013,1,1
0,2014,3,1
1,2014,1,1
2,2014,1,1
3,2014,0,2
4,2014,1,1
5,2014,2,2
6,2014,1,1
7,2014,1,1
8,2014,1,1
9,2014,1,1
10,2014,1,1
11,2014,2,2
12,2014,2,2
13,2014,1,1
14,2014,1,1
0,2015,1,3
1,2015,1,1
2,2015,3,1
3,2015,3,1
4,2015,1,3
5,2015,3,1
6,2015,1,1
7,2015,2,1
8,2015,1,3
9,2015,1,1
10,2015,1,1
11,2015,2,2
12,2015,2,2
13,2015,1,1
14,2015,1,1
0,2016,1,3
1,2016,1,1
2,2016,3,1
3,2016,3,1
4,2016,1,3
5,2016,3,1
6,2016,1,1
7,2016,2,1
8,2016,1,3
9,2016,1,1
10,2016,1,1
11,2016,2,2
12,2016,2,2
13,2016,1,1
14,2016,1,1
0,2017,1,3
1,2017,1,1
2,2017,3,1
3,2017,3,1
4,2017,1,3
5,2017,3,1
6,2017,1,1
7,2017,2,1
8,2017,1,3
9,2017,1,1
10,2017,1,1
11,2017,2,2
12,2017,2,2
13,2017,1,1
14,2017,1,1
0,2018,3,1
1,2018,1,1
2,2018,1,1
3,2018,0,2
4,2018,1,1
5,2018,2,2
6,2018,1,1
7,2018,1,1
8,2018,1,1
9,2018,1,1
10,2018,1,1
11,2018,2,2
12,2018,2,2
13,2018,1,1
14,2018,1,1
0,2019,1,1
1,2019,1,1
2,2019,1,1
3,2019,1,1
4,2019,1,1
5,2019,1,1
6,2019,1,1
7,2019,1,1
8,2019,1,1
9,2019,1,1
10,2019,1,1
11,2019,1,1
12,2019,1,1
13,2019,1,1
14,2019,1,1
0,2020,2,1
1,2020,1,1
2,2020,1,1
3,2020,2,3
4,2020,1,1
5,2020,1,1
6,2020,1,1
7,2020,1,1
8,2020,1,1
9,2020,1,1
10,2020,1,1
11,2020,1,2
12,2020,2,1
13,2020,1,1
14,2020,1,1
0,2021,2,1
1,2021,1,1
2,2021,1,1
3,2021,2,3
4,2021,1,1
5,2021,1,1
6,2021,1,1
7,2021,1,1
8,2021,1,3
9,2021,1,1
10,2021,3,3
11,2021,2,2
12,2021,2,2
13,2021,1,1
14,2021,1,1
0,2022,1,1
1,2022,1,1
2,2022,1,1
3,2022,1,1
4,2022,1,1
5,2022,1,1
6,2022,1,1
7,2022,1,1
8,2022,1,1
9,2022,1,1
10,2022,1,1
11,2022,1,1
12,2022,1,1
13,2022,1,1
14,2022,1,1
0,2023,2,1
1,2023,1,1
2,2023,1,1
3,2023,2,3
4,2023,1,1
5,2023,1,1
6,2023,1,1
7,2023,1,1
8,2023,1,1
9,2023,1,1
10,2023,1,1
11,2023,1,2
12,2023,2,1
13,2023,1,1
14,2023,1,1
0,2024,1,3
1,2024,1,1
2,2024,3,1
3,2024,3,1
4,2024,1,3
5,2024,3,1
6,2024,1,1
7,2024,2,1
8,2024,1,3
9,2024,1,1
10,2024,1,1
11,2024,2,2
12,2024,2,2
13,2024,1,1
14,2024,1,1
0,2025,1,3
1,2025,1,1
2,2025,3,1
3,2025,3,1
4,2025,1,3
5,2025,3,1
6,2025,1,1
7,2025,2,1
8,2025,1,3
9,2025,1,1
10,2025,1,1
11,2025,2,2
12,2025,2,2
13,2025,1,1
14,2025,1,1
0,2026,3,1
1,2026,1,1
2,2026,1,1
3,2026,0,2
4,2026,1,1
5,2026,2,2
6,2026,1,1
7,2026,1,1
8,2026,1,1
9,2026,1,1
10,2026,1,1
11,2026,2,2
12,2026,2,2
13,2026,1,1
14,2026,1,1
0,2027,2,1
1,2027,1,1
2,2027,1,1
3,2027,2,3
4,2027,1,1
5,2027,1,1
6,2027,1,1
7,2027,1,1
8,2027,1,3
9,2027,1,1
10,2027,3,3
11,2027,2,2
12,2027,2,2
13,2027,1,1
14,2027,1,1
0,2028,3,1
1,2028,1,1
2,2028,1,1
3,2028,0,2
4,2028,1,1
5,2028,2,2
6,2028,1,1
7,2028,1,1
8,2028,1,1
9,2028,1,1
10,2028,1,1
11,2028,2,2
12,2028,2,2
13,2028,1,1
14,2028,1,1
0,2029,2,1
1,2029,1,1
2,2029,1,1
3,2029,2,3
4,2029,1,1
5,2029,1,1
6,2029,1,1
7,2029,1,1
8,2029,1,1
9,2029,1,1
10,2029,1,1
11,2029,1,2
12,2029,2,1
13,2029,1,1
14,2029,1,1
0,2030,3,1
1,2030,1,1
2,2030,1,1
3,2030,0,2
4,2030,1,1
5,2030,2,2
6,2030,1,1
7,2030,1,1
8,2030,1,1
9,2030,1,1
10,2030,1,1
11,2030,2,2
12,2030,2,2
13,2030,1,1
14,2030,1,1
0,2031,1,1
1,2031,1,1
2,2031,1,1
3,2031,1,1
4,2031,1,1
5,2031,1,1
6,2031,1,1
7,2031,1,1
8,2031,1,1
9,2031,1,1
10,2031,1,1
11,2031,1,1
12,2031,1,1
13,2031,1,1
14,2031,1,1
0,2032,1,3
1,2032,1,1
2,2032,3,1
3,2032,3,1
4,2032,1,3
5,2032,3,1
6,2032,1,1
7,2032,2,1
8,2032,1,3
9,2032,1,1
10,2032,1,1
11,2032,2,2
12,2032,2,2
13,2032,1,1
14,2032,1,1
0,2033,2,1
1,2033,1,1
2,2033,1,1
3,2033,2,3
4,2033,1,1
5,2033,1,1
6,2033,1,1
7,2033,1,1
8,2033,1,1
9,2033,1,1
10,2033,1,1
11,2033,1,2
12,2033,2,1
13,2033,1,1
14,2033,1,1
0,2034,3,1
1,2034,1,1
2,2034,1,1
3,2034,0,2
4,2034,1,1
5,2034,2,2
6,2034,1,1
7,2034,1,1
8,2034,1,1
9,2034,1,1
10,2034,1,1
11,2034,2,2
12,2034,2,2
13,2034,1,1
14,2034,1,1
0,2035,2,1
1,2035,1,1
2,2035,1,1
3,2035,2,3
4,2035,1,1
5,2035,1,1
6,2035,1,1
7,2035,1,1
8,2035,1,3
9,2035,1,1
10,2035,3,3
11,2035,2,2
12,2035,2,2
13,2035,1,1
14,2035,1,1
0,2036,1,3
1,2036,1,1
2,2036,3,1
3,2036,3,1
4,2036,1,3
5,2036,3,1
6,2036,1,1
7,2036,2,1
8,2036,1,3
9,2036,1,1
10,2036,1,1
11,2036,2,2
12,2036,2,2
13,2036,1,1
14,2036,1,1
0,2037,1,3
1,2037,1,1
2,2037,3,1
3,2037,3,1
4,2037,1,3
5,2037,3,1
6,2037,1,1
7,2037,2,1
8,2037,1,3
9,2037,1,1
10,2037,1,1
11,2037,2,2
12,2037,2,2
13,2037,1,1
14,2037,1,1
0,2038,2,1
1,2038,1,1
2,2038,1,1
3,2038,2,3
4,2038,1,1
5,2038,1,1
6,2038,1,1
7,2038,1,1
8,2038,1,1
9,2038,1,1
10,2038,1,1
11,2038,1,2
12,2038,2,1
13,2038,1,1
14,2038,1,1
0,2039,1,3
1,2039,1,1
2,2039,3,1
3,2039,3,1
4,2039,1,3
5,2039,3,1
6,2039,1,1
7,2039,2,1
8,2039,1,3
9,2039,1,1
10,2039,1,1
11,2039,2,2
12,2039,2,2
13,2039,1,1
14,2039,1,1
0,2040,1,1
1,2040,1,1
2,2040,1,1
3,2040,1,1
4,2040,1,1
5,2040,1,1
6,2040,1,1
7,2040,1,1
8,2040,1,1
9,2040,1,1
10,2040,1,1
11,2040,1,1
12,2040,1,1
13,2040,1,1
14,2040,1,1
0,2041,1,3
1,2041,1,1
2,2041,3,1
3,2041,3,1
4,2041,1,3
5,2041,3,1
6,2041,1,1
7,2041,2,1
8,2041,1,3
9,2041,1,1
10,2041,1,1
11,2041,2,2
12,2041,2,2
13,2041,1,1
14,2041,1,1
0,2042,1,3
1,2042,1,1
2,2042,3,1
3,2042,3,1
4,2042,1,3
5,2042,3,1
6,2042,1,1
7,2042,2,1
8,2042,1,3
9,2042,1,1
10,2042,1,1
11,2042,2,2
12,2042,2,2
13,2042,1,1
14,2042,1,1
0,2043,1,3
1,2043,1,1
2,2043,3,1
3,2043,3,1
4,2043,1,3
5,2043,3,1
6,2043,1,1
7,2043,2,1
8,2043,1,3
9,2043,1,1
10,2043,1,1
11,2043,2,2
12,2043,2,2
13,2043,1,1
14,2043,1,1
0,2044,2,1
1,2044,1,1
2,2044,1,1
3,2044,2,3
4,2044,1,1
5,2044,1,1
6,2044,1,1
7,2044,1,1
8,2044,1,3
9,2044,1,1
10,2044,3,3
11,2044,2,2
12,2044,2,2
13,2044,1,1
14,2044,1,1
0,2045,3,1
1,2045,1,1
2,2045,1,1
3,2045,0,2
4,2045,1,1
5,2045,2,2
6,2045,1,1
7,2045,1,1
8,2045,1,1
9,2045,1,1
10,2045,1,1
11,2045,2,2
12,2045,2,2
13,2045,1,1
14,2045,1,1
0,2046,1,1
1,2046,1,1
2,2046,1,1
3,2046,1,1
4,2046,1,1
5,2046,1,1
6,2046,1,1
7,2046,1,1
8,2046,1,1
9,2046,1,1
10,2046,1,1
11,2046,1,1
12,2046,1,1
13,2046,1,1
14,2046,1,1
0,2047,1,1
1,2047,1,1
2,2047,1,1
3,2047,1,1
4,2047,1,1
5,2047,1,1
6,2047,1,1
7,2047,1,1
8,2047,1,1
9,2047,1,1
10,2047,1,1
11,2047,1,1
12,2047,1,1
13,2047,1,1
14,2047,1,1
0,2048,2,1
1,2048,1,1
2,2048,1,1
3,2048,2,3
4,2048,1,1
5,2048,1,1
6,2048,1,1
7,2048,1,1
8,2048,1,3
9,2048,1,1
10,2048,3,3
11,2048,2,2
12,2048,2,2
13,2048,1,1
14,2048,1,1
0,2049,2,1
1,2049,1,1
2,2049,1,1
3,2049,2,3
4,2049,1,1
5,2049,1,1
6,2049,1,1
7,2049,1,1
8,2049,1,1
9,2049,1,1
10,2049,1,1
11,2049,1,2
12,2049,2,1
13,2049,1,1
14,2049,1,1
0,2050,1,3
1,2050,1,1
2,2050,3,1
3,2050,3,1
4,2050,1,3
5,2050,3,1
6,2050,1,1
7,2050,2,1
8,2050,1,3
9,2050,1,1
10,2050,1,1
11,2050,2,2
12,2050,2,2
13,2050,1,1
14,2050,1,1
0,2051,1,3
1,2051,1,1
2,2051,3,1
3,2051,3,1
4,2051,1,3
5,2051,3,1
6,2051,1,1
7,2051,2,1
8,2051,1,3
9,2051,1,1
10,2051,1,1
11,2051,2,2
12,2051,2,2
13,2051,1,1
14,2051,1,1
0,2052,2,1
1,2052,1,1
2,2052,1,1
3,2052,2,3
4,2052,1,1
5,2052,1,1
6,2052,1,1
7,2052,1,1
8,2052,1,3
9,2052,1,1
10,2052,3,3
11,2052,2,2
12,2052,2,2
13,2052,1,1
14,2052,1,1
0,2053,2,1
1,2053,1,1
2,2053,1,1
3,2053,2,3
4,2053,1,1
5,2053,1,1
6,2053,1,1
7,2053,1,1
8,2053,1,3
9,2053,1,1
10,2053,3,3
11,2053,2,2
12,2053,2,2
13,2053,1,1
14,2053,1,1
0,2054,3,1
1,2054,1,1
2,2054,1,1
3,2054,0,2
4,2054,1,1
5,2054,2,2
6,2054,1,1
7,2054,1,1
8,2054,1,1
9,2054,1,1
10,2054,1,1
11,2054,2,2
12,2054,2,2
13,2054,1,1
14,2054,1,1
0,2055,1,3
1,2055,1,1
2,2055,3,1
3,2055,3,1
4,2055,1,3
5,2055,3,1
6,2055,1,1
7,2055,2,1
8,2055,1,3
9,2055,1,1
10,2055,1,1
11,2055,2,2
12,2055,2,2
13,2055,1,1
14,2055,1,1
0,2056,1,3
1,2056,1,1
2,2056,3,1
3,2056,3,1
4,2056,1,3
5,2056,3,1
6,2056,1,1
7,2056,2,1
8,2056,1,3
9,2056,1,1
10,2056,1,1
11,2056,2,2
12,2056,2,2
13,2056,1,1
14,2056,1,1
0,2057,1,1
1,2057,1,1
2,2057,1,1
3,2057,1,1
4,2057,1,1
5,2057,1,1
6,2057,1,1
7,2057,1,1
8,2057,1,1
9,2057,1,1
10,2057,1,1
11,2057,1,1
12,2057,1,1
13,2057,1,1
14,2057,1,1
0,2058,2,1
1,2058,1,1
2,2058,1,1
3,2058,2,3
4,2058,1,1
5,2058,1,1
6,2058,1,1
7,2058,1,1
8,2058,1,1
9,2058,1,1
10,2058,1,1
11,2058,1,2
12,2058,2,1
13,2058,1,1
14,2058,1,1
0,2059,1,3
1,2059,1,1
2,2059,3,1
3,2059,3,1
4,2059,1,3
5,2059,3,1
6,2059,1,1
7,2059,2,1
8,2059,1,3
9,2059,1,1
10,2059,1,1
11,2059,2,2
12,2059,2,2
13,2059,1,1
14,2059,1,1
0,2060,1,3
1,2060,1,1
2,2060,3,1
3,2060,3,1
4,2060,1,3
5,2060,3,1
6,2060,1,1
7,2060,2,1
8,2060,1,3
9,2060,1,1
10,2060,1,1
11,2060,2,2
12,2060,2,2
13,2060,1,1
14,2060,1,1
0,2061,1,3
1,2061,1,1
2,2061,3,1
3,2061,3,1
4,2061,1,3
5,2061,3,1
6,2061,1,1
7,2061,2,1
8,2061,1,3
9,2061,1,1
10,2061,1,1
11,2061,2,2
12,2061,2,2
13,2061,1,1
14,2061,1,1
0,2062,1,3
1,2062,1,1
2,2062,3,1
3,2062,3,1
4,2062,1,3
5,2062,3,1
6,2062,1,1
7,2062,2,1
8,2062,1,3
9,2062,1,1
10,2062,1,1
11,2062,2,2
12,2062,2,2
13,2062,1,1
14,2062,1,1
0,2063,1,3
1,2063,1,1
2,2063,3,1
3,2063,3,1
4,2063,1,3
5,2063,3,1
6,2063,1,1
7,2063,2,1
8,2063,1,3
9,2063,1,1
10,2063,1,1
11,2063,2,2
12,2063,2,2
13,2063,1,1
14,2063,1,1
0,2064,3,1
1,2064,1,1
2,2064,1,1
3,2064,0,2
4,2064,1,1
5,2064,2,2
6,2064,1,1
7,2064,1,1
8,2064,1,1
9,2064,1,1
10,2064,1,1
11,2064,2,2
12,2064,2,2
13,2064,1,1
14,2064,1,1
0,2065,1,3
1,2065,1,1
2,2065,3,1
3,2065,3,1
4,2065,1,3
5,2065,3,1
6,2065,1,1
7,2065,2,1
8,2065,1,3
9,2065,1,1
10,2065,1,1
11,2065,2,2
12,2065,2,2
13,2065,1,1
14,2065,1,1
0,2066,3,1
1,2066,1,1
2,2066,1,1
3,2066,0,2
4,2066,1,1
5,2066,2,2
6,2066,1,1
7,2066,1,1
8,2066,1,1
9,2066,1,1
10,2066,1,1
11,2066,2,2
12,2066,2,2
13,2066,1,1
14,2066,1,1
0,2067,1,3
1,2067,1,1
2,2067,3,1
3,2067,3,1
4,2067,1,3
5,2067,3,1
6,2067,1,1
7,2067,2,1
8,2067,1,3
9,2067,1,1
10,2067,1,1
11,2067,2,2
12,2067,2,2
13,2067,1,1
14,2067,1,1
0,2068,1,3
1,2068,1,1
2,2068,3,1
3,2068,3,1
4,2068,1,3
5,2068,3,1
6,2068,1,1
7,2068,2,1
8,2068,1,3
9,2068,1,1
10,2068,1,1
11,2068,2,2
12,2068,2,2
13,2068,1,1
14,2068,1,1
0,2069,1,3
1,2069,1,1
2,2069,3,1
3,2069,3,1
4,2069,1,3
5,2069,3,1
6,2069,1,1
7,2069,2,1
8,2069,1,3
9,2069,1,1
10,2069,1,1
11,2069,2,2
12,2069,2,2
13,2069,1,1
14,2069,1,1
0,2070,1,3
1,2070,1,1
2,2070,3,1
3,2070,3,1
4,2070,1,3
5,2070,3,1
6,2070,1,1
7,2070,2,1
8,2070,1,3
9,2070,1,1
10,2070,1,1
11,2070,2,2
12,2070,2,2
13,2070,1,1
14,2070,1,1
0,2071,1,3
1,2071,1,1
2,2071,3,1
3,2071,3,1
4,2071,1,3
5,2071,3,1
6,2071,1,1
7,2071,2,1
8,2071,1,3
9,2071,1,1
10,2071,1,1
11,2071,2,2
12,2071,2,2
13,2071,1,1
14,2071,1,1
0,2072,2,1
1,2072,1,1
2,2072,1,1
3,2072,2,3
4,2072,1,1
5,2072,1,1
6,2072,1,1
7,2072,1,1
8,2072,1,3
9,2072,1,1
10,2072,3,3
11,2072,2,2
12,2072,2,2
13,2072,1,1
14,2072,1,1
0,2073,2,1
1,2073,1,1
2,2073,1,1
3,2073,2,3
4,2073,1,1
5,2073,1,1
6,2073,1,1
7,2073,1,1
8,2073,1,3
9,2073,1,1
10,2073,3,3
11,2073,2,2
12,2073,2,2
13,2073,1,1
14,2073,1,1
0,2074,1,1
1,2074,1,1
2,2074,1,1
3,2074,1,1
4,2074,1,1
5,2074,1,1
6,2074,1,1
7,2074,1,1
8,2074,1,1
9,2074,1,1
10,2074,1,1
11,2074,1,1
12,2074,1,1
13,2074,1,1
14,2074,1,1
0,2075,1,3
1,2075,1,1
2,2075,3,1
3,2075,3,1
4,2075,1,3
5,2075,3,1
6,2075,1,1
7,2075,2,1
8,2075,1,3
9,2075,1,1
10,2075,1,1
11,2075,2,2
12,2075,2,2
13,2075,1,1
14,2075,1,1
0,2076,3,1
1,2076,1,1
2,2076,1,1
3,2076,0,2
4,2076,1,1
5,2076,2,2
6,2076,1,1
7,2076,1,1
8,2076,1,1
9,2076,1,1
10,2076,1,1
11,2076,2,2
12,2076,2,2
13,2076,1,1
14,2076,1,1
0,2077,1,3
1,2077,1,1
2,2077,3,1
3,2077,3,1
4,2077,1,3
5,2077,3,1
6,2077,1,1
7,2077,2,1
8,2077,1,3
9,2077,1,1
10,2077,1,1
11,2077,2,2
12,2077,2,2
13,2077,1,1
14,2077,1,1
0,2078,3,1
1,2078,1,1
2,2078,1,1
3,2078,0,2
4,2078,1,1
5,2078,2,2
6,2078,1,1
7,2078,1,1
8,2078,1,1
9,2078,1,1
10,2078,1,1
11,2078,2,2
12,2078,2,2
13,2078,1,1
14,2078,1,1
0,2079,1,3
1,2079,1,1
2,2079,3,1
3,2079,3,1
4,2079,1,3
5,2079,3,1
6,2079,1,1
7,2079,2,1
8,2079,1,3
9,2079,1,1
10,2079,1,1
11,2079,2,2
12,2079,2,2
13,2079,1,1
14,2079,1,1
0,2080,2,1
1,2080,1,1
2,2080,1,1
3,2080,2,3
4,2080,1,1
5,2080,1,1
6,2080,1,1
7,2080,1,1
8,2080,1,3
9,2080,1,1
10,2080,3,3
11,2080,2,2
12,2080,2,2
13,2080,1,1
14,2080,1,1
0,2081,1,3
1,2081,1,1
2,2081,3,1
3,2081,3,1
4,2081,1,3
5,2081,3,1
6,2081,1,1
7,2081,2,1
8,2081,1,3
9,2081,1,1
10,2081,1,1
11,2081,2,2
12,2081,2,2
13,2081,1,1
14,2081,1,1
0,2082,1,3
1,2082,1,1
2,2082,3,1
3,2082,3,1
4,2082,1,3
5,2082,3,1
6,2082,1,1
7,2082,2,1
8,2082,1,3
9,2082,1,1
10,2082,1,1
11,2082,2,2
12,2082,2,2
13,2082,1,1
14,2082,1,1
0,2083,1,3
1,2083,1,1
2,2083,3,1
3,2083,3,1
4,2083,1,3
5,2083,3,1
6,2083,1,1
7,2083,2,1
8,2083,1,3
9,2083,1,1
10,2083,1,1
11,2083,2,2
12,2083,2,2
13,2083,1,1
14,2083,1,1
0,2084,1,1
1,2084,1,1
2,2084,1,1
3,2084,1,1
4,2084,1,1
5,2084,1,1
6,2084,1,1
7,2084,1,1
8,2084,1,1
9,2084,1,1
10,2084,1,1
11,2084,1,1
12,2084,1,1
13,2084,1,1
14,2084,1,1
0,2085,1,3
1,2085,1,1
2,2085,3,1
3,2085,3,1
4,2085,1,3
5,2085,3,1
6,2085,1,1
7,2085,2,1
8,2085,1,3
9,2085,1,1
10,2085,1,1
11,2085,2,2
12,2085,2,2
13,2085,1,1
14,2085,1,1
0,2086,1,3
1,2086,1,1
2,2086,3,1
3,2086,3,1
4,2086,1,3
5,2086,3,1
6,2086,1,1
7,2086,2,1
8,2086,1,3
9,2086,1,1
10,2086,1,1
11,2086,2,2
12,2086,2,2
13,2086,1,1
14,2086,1,1
0,2087,1,3
1,2087,1,1
2,2087,3,1
3,2087,3,1
4,2087,1,3
5,2087,3,1
6,2087,1,1
7,2087,2,1
8,2087,1,3
9,2087,1,1
10,2087,1,1
11,2087,2,2
12,2087,2,2
13,2087,1,1
14,2087,1,1
0,2088,1,3
1,2088,1,1
2,2088,3,1
3,2088,3,1
4,2088,1,3
5,2088,3,1
6,2088,1,1
7,2088,2,1
8,2088,1,3
9,2088,1,1
10,2088,1,1
11,2088,2,2
12,2088,2,2
13,2088,1,1
14,2088,1,1
0,2089,1,3
1,2089,1,1
2,2089,3,1
3,2089,3,1
4,2089,1,3
5,2089,3,1
6,2089,1,1
7,2089,2,1
8,2089,1,3
9,2089,1,1
10,2089,1,1
11,2089,2,2
12,2089,2,2
13,2089,1,1
14,2089,1,1
0,2090,1,1
1,2090,1,1
2,2090,1,1
3,2090,1,1
4,2090,1,1
5,2090,1,1
6,2090,1,1
7,2090,1,1
8,2090,1,1
9,2090,1,1
10,2090,1,1
11,2090,1,1
12,2090,1,1
13,2090,1,1
14,2090,1,1
0,2091,2,1
1,2091,1,1
2,2091,1,1
3,2091,2,3
4,2091,1,1
5,2091,1,1
6,2091,1,1
7,2091,1,1
8,2091,1,1
9,2091,1,1
10,2091,1,1
11,2091,1,2
12,2091,2,1
13,2091,1,1
14,2091,1,1
0,2092,1,1
1,2092,1,1
2,2092,1,1
3,2092,1,1
4,2092,1,1
5,2092,1,1
6,2092,1,1
7,2092,1,1
8,2092,1,1
9,2092,1,1
10,2092,1,1
11,2092,1,1
12,2092,1,1
13,2092,1,1
14,2092,1,1
0,2093,1,3
1,2093,1,1
2,2093,3,1
3,2093,3,1
4,2093,1,3
5,2093,3,1
6,2093,1,1
7,2093,2,1
8,2093,1,3
9,2093,1,1
10,2093,1,1
11,2093,2,2
12,2093,2,2
13,2093,1,1
14,2093,1,1
0,2094,1,3
1,2094,1,1
2,2094,3,1
3,2094,3,1
4,2094,1,3
5,2094,3,1
6,2094,1,1
7,2094,2,1
8,2094,1,3
9,2094,1,1
10,2094,1,1
11,2094,2,2
12,2094,2,2
13,2094,1,1
14,2094,1,1
0,2095,1,1
1,2095,1,1
2,2095,1,1
3,2095,1,1
4,2095,1,1
5,2095,1,1
6,2095,1,1
7,2095,1,1
8,2095,1,1
9,2095,1,1
10,2095,1,1
11,2095,1,1
12,2095,1,1
13,2095,1,1
14,2095,1,1
0,2096,1,3
1,2096,1,1
2,2096,3,1
3,2096,3,1
4,2096,1,3
5,2096,3,1
6,2096,1,1
7,2096,2,1
8,2096,1,3
9,2096,1,1
10,2096,1,1
11,2096,2,2
12,2096,2,2
13,2096,1,1
14,2096,1,1
0,2097,1,1
1,2097,1,1
2,2097,1,1
3,2097,1,1
4,2097,1,1
5,2097,1,1
6,2097,1,1
7,2097,1,1
8,2097,1,1
9,2097,1,1
10,2097,1,1
11,2097,1,1
12,2097,1,1
13,2097,1,1
14,2097,1,1
0,2098,2,1
1,2098,1,1
2,2098,1,1
3,2098,2,3
4,2098,1,1
5,2098,1,1
6,2098,1,1
7,2098,1,1
8,2098,1,3
9,2098,1,1
10,2098,3,3
11,2098,2,2
12,2098,2,2
13,2098,1,1
14,2098,1,1
0,2099,3,1
1,2099,1,1
2,2099,1,1
3,2099,0,2
4,2099,1,1
5,2099,2,2
6,2099,1,1
7,2099,1,1
8,2099,1,1
9,2099,1,1
10,2099,1,1
11,2099,2,2
12,2099,2,2
13,2099,1,1
14,2099,1,1
0,2100,1,3
1,2100,1,1
2,2100,3,1
3,2100,3,1
4,2100,1,3
5,2100,3,1
6,2100,1,1
7,2100,2,1
8,2100,1,3
9,2100,1,1
10,2100,1,1
11,2100,2,2
12,2100,2,2
13,2100,1,1
14,2100,1,1
0,2101,2,1
1,2101,1,1
2,2101,1,1
3,2101,2,3
4,2101,1,1
5,2101,1,1
6,2101,1,1
7,2101,1,1
8,2101,1,1
9,2101,1,1
10,2101,1,1
11,2101,1,2
12,2101,2,1
13,2101,1,1
14,2101,1,1
0,2102,1,1
1,2102,1,1
2,2102,1,1
3,2102,1,1
4,2102,1,1
5,2102,1,1
6,2102,1,1
7,2102,1,1
8,2102,1,1
9,2102,1,1
10,2102,1,1
11,2102,1,1
12,2102,1,1
13,2102,1,1
14,2102,1,1
0,2103,1,3
1,2103,1,1
2,2103,3,1
3,2103,3,1
4,2103,1,3
5,2103,3,1
6,2103,1,1
7,2103,2,1
8,2103,1,3
9,2103,1,1
10,2103,1,1
11,2103,2,2
12,2103,2,2
13,2103,1,1
14,2103,1,1
0,2104,1,3
1,2104,1,1
2,2104,3,1
3,2104,3,1
4,2104,1,3
5,2104,3,1
6,2104,1,1
7,2104,2,1
8,2104,1,3
9,2104,1,1
10,2104,1,1
11,2104,2,2
12,2104,2,2
13,2104,1,1
14,2104,1,1
0,2105,1,1
1,2105,1,1
2,2105,1,1
3,2105,1,1
4,2105,1,1
5,2105,1,1
6,2105,1,1
7,2105,1,1
8,2105,1,1
9,2105,1,1
10,2105,1,1
11,2105,1,1
12,2105,1,1
13,2105,1,1
14,2105,1,1
0,2106,2,1
1,2106,1,1
2,2106,1,1
3,2106,2,3
4,2106,1,1
5,2106,1,1
6,2106,1,1
7,2106,1,1
8,2106,1,1
9,2106,1,1
10,2106,1,1
11,2106,1,2
12,2106,2,1
13,2106,1,1
14,2106,1,1
0,2107,1,1
1,2107,1,1
2,2107,1,1
3,2107,1,1
4,2107,1,1
5,2107,1,1
6,2107,1,1
7,2107,1,1
8,2107,1,1
9,2107,1,1
10,2107,1,1
11,2107,1,1
12,2107,1,1
13,2107,1,1
14,2107,1,1
0,2108,3,1
1,2108,1,1
2,2108,1,1
3,2108,0,2
4,2108,1,1
5,2108,2,2
6,2108,1,1
7,2108,1,1
8,2108,1,1
9,2108,1,1
10,2108,1,1
11,2108,2,2
12,2108,2,2
13,2108,1,1
14,2108,1,1
0,2109,1,3
1,2109,1,1
2,2109,3,1
3,2109,3,1
4,2109,1,3
5,2109,3,1
6,2109,1,1
7,2109,2,1
8,2109,1,3
9,2109,1,1
10,2109,1,1
11,2109,2,2
12,2109,2,2
13,2109,1,1
14,2109,1,1
0,2110,1,3
1,2110,1,1
2,2110,3,1
3,2110,3,1
4,2110,1,3
5,2110,3,1
6,2110,1,1
7,2110,2,1
8,2110,1,3
9,2110,1,1
10,2110,1,1
11,2110,2,2
12,2110,2,2
13,2110,1,1
14,2110,1,1
0,2111,1,1
1,2111,1,1
2,2111,1,1
3,2111,1,1
4,2111,1,1
5,2111,1,1
6,2111,1,1
7,2111,1,1
8,2111,1,1
9,2111,1,1
10,2111,1,1
11,2111,1,1
12,2111,1,1
13,2111,1,1
14,2111,1,1
0,2112,1,1
1,2112,1,1
2,2112,1,1
3,2112,1,1
4,2112,1,1
5,2112,1,1
6,2112,1,1
7,2112,1,1
8,2112,1,1
9,2112,1,1
10,2112,1,1
11,2112,1,1
12,2112,1,1
13,2112,1,1
14,2112,1,1
0,2113,2,1
1,2113,1,1
2,2113,1,1
3,2113,2,3
4,2113,1,1
5,2113,1,1
6,2113,1,1
7,2113,1,1
8,2113,1,1
9,2113,1,1
10,2113,1,1
11,2113,1,2
12,2113,2,1
13,2113,1,1
14,2113,1,1
0,2114,1,3
1,2114,1,1
2,2114,3,1
3,2114,3,1
4,2114,1,3
5,2114,3,1
6,2114,1,1
7,2114,2,1
8,2114,1,3
9,2114,1,1
10,2114,1,1
11,2114,2,2
12,2114,2,2
13,2114,1,1
14,2114,1,1
0,2115,1,3
1,2115,1,1
2,2115,3,1
3,2115,3,1
4,2115,1,3
5,2115,3,1
6,2115,1,1
7,2115,2,1
8,2115,1,3
9,2115,1,1
10,2115,1,1
11,2115,2,2
12,2115,2,2
13,2115,1,1
14,2115,1,1
0,2116,1,1
1,2116,1,1
2,2116,1,1
3,2116,1,1
4,2116,1,1
5,2116,1,1
6,2116,1,1
7,2116,1,1
8,2116,1,1
9,2116,1,1
10,2116,1,1
11,2116,1,1
12,2116,1,1
13,2116,1,1
14,2116,1,1
0,2117,1,3
1,2117,1,1
2,2117,3,1
3,2117,3,1
4,2117,1,3
5,2117,3,1
6,2117,1,1
7,2117,2,1
8,2117,1,3
9,2117,1,1
10,2117,1,1
11,2117,2,2
12,2117,2,2
13,2117,1,1
14,2117,1,1
0,2118,3,1
1,2118,1,1
2,2118,1,1
3,2118,0,2
4,2118,1,1
5,2118,2,2
6,2118,1,1
7,2118,1,1
8,2118,1,1
9,2118,1,1
10,2118,1,1
11,2118,2,2
12,2118,2,2
13,2118,1,1
14,2118,1,1
0,2119,1,3
1,2119,1,1
2,2119,3,1
3,2119,3,1
4,2119,1,3
5,2119,3,1
6,2119,1,1
7,2119,2,1
8,2119,1,3
9,2119,1,1
10,2119,1,1
11,2119,2,2
12,2119,2,2
13,2119,1,1
14,2119,1,1
0,2120,1,1
1,2120,1,1
2,2120,1,1
3,2120,1,1
4,2120,1,1
5,2120,1,1
6,2120,1,1
7,2120,1,1
8,2120,1,1
9,2120,1,1
10,2120,1,1
11,2120,1,1
12,2120,1,1
13,2120,1,1
14,2120,1,1
0,2121,1,3
1,2121,1,1
2,2121,3,1
3,2121,3,1
4,2121,1,3
5,2121,3,1
6,2121,1,1
7,2121,2,1
8,2121,1,3
9,2121,1,1
10,2121,1,1
11,2121,2,2
12,2121,2,2
13,2121,1,1
14,2121,1,1
0,2122,3,1
1,2122,1,1
2,2122,1,1
3,2122,0,2
4,2122,1,1
5,2122,2,2
6,2122,1,1
7,2122,1,1
8,2122,1,1
9,2122,1,1
10,2122,1,1
11,2122,2,2
12,2122,2,2
13,2122,1,1
14,2122,1,1
0,2123,1,3
1,2123,1,1
2,2123,3,1
3,2123,3,1
4,2123,1,3
5,2123,3,1
6,2123,1,1
7,2123,2,1
8,2123,1,3
9,2123,1,1
10,2123,1,1
11,2123,2,2
12,2123,2,2
13,2123,1,1
14,2123,1,1
0,2124,1,3
1,2124,1,1
2,2124,3,1
3,2124,3,1
4,2124,1,3
5,2124,3,1
6,2124,1,1
7,2124,2,1
8,2124,1,3
9,2124,1,1
10,2124,1,1
11,2124,2,2
12,2124,2,2
13,2124,1,1
14,2124,1,1
0,2125,1,3
1,2125,1,1
2,2125,3,1
3,2125,3,1
4,2125,1,3
5,2125,3,1
6,2125,1,1
7,2125,2,1
8,2125,1,3
9,2125,1,1
10,2125,1,1
11,2125,2,2
12,2125,2,2
13,2125,1,1
14,2125,1,1
0,2126,2,1
1,2126,1,1
2,2126,1,1
3,2126,2,3
4,2126,1,1
5,2126,1,1
6,2126,1,1
7,2126,1,1
8,2126,1,3
9,2126,1,1
10,2126,3,3
11,2126,2,2
12,2126,2,2
13,2126,1,1
14,2126,1,1
0,2127,1,3
1,2127,1,1
2,2127,3,1
3,2127,3,1
4,2127,1,3
5,2127,3,1
6,2127,1,1
7,2127,2,1
8,2127,1,3
9,2127,1,1
10,2127,1,1
11,2127,2,2
12,2127,2,2
13,2127,1,1
14,2127,1,1
0,2128,1,3
1,2128,1,1
2,2128,3,1
3,2128,3,1
4,2128,1,3
5,2128,3,1
6,2128,1,1
7,2128,2,1
8,2128,1,3
9,2128,1,1
10,2128,1,1
11,2128,2,2
12,2128,2,2
13,2128,1,1
14,2128,1,1
0,2129,1,3
1,2129,1,1
2,2129,3,1
3,2129,3,1
4,2129,1,3
5,2129,3,1
6,2129,1,1
7,2129,2,1
8,2129,1,3
9,2129,1,1
10,2129,1,1
11,2129,2,2
12,2129,2,2
13,2129,1,1
14,2129,1,1
0,2130,2,1
1,2130,1,1
2,2130,1,1
3,2130,2,3
4,2130,1,1
5,2130,1,1
6,2130,1,1
7,2130,1,1
8,2130,1,1
9,2130,1,1
10,2130,1,1
11,2130,1,2
12,2130,2,1
13,2130,1,1
14,2130,1,1
0,2131,1,3
1,2131,1,1
2,2131,3,1
3,2131,3,1
4,2131,1,3
5,2131,3,1
6,2131,1,1
7,2131,2,1
8,2131,1,3
9,2131,1,1
10,2131,1,1
11,2131,2,2
12,2131,2,2
13,2131,1,1
14,2131,1,1
0,2132,1,3
1,2132,1,1
2,2132,3,1
3,2132,3,1
4,2132,1,3
5,2132,3,1
6,2132,1,1
7,2132,2,1
8,2132,1,3
9,2132,1,1
10,2132,1,1
11,2132,2,2
12,2132,2,2
13,2132,1,1
14,2132,1,1
0,2133,1,3
1,2133,1,1
2,2133,3,1
3,2133,3,1
4,2133,1,3
5,2133,3,1
6,2133,1,1
7,2133,2,1
8,2133,1,3
9,2133,1,1
10,2133,1,1
11,2133,2,2
12,2133,2,2
13,2133,1,1
14,2133,1,1
0,2134,1,3
1,2134,1,1
2,2134,3,1
3,2134,3,1
4,2134,1,3
5,2134,3,1
6,2134,1,1
7,2134,2,1
8,2134,1,3
9,2134,1,1
10,2134,1,1
11,2134,2,2
12,2134,2,2
13,2134,1,1
14,2134,1,1
0,2135,1,3
1,2135,1,1
2,2135,3,1
3,2135,3,1
4,2135,1,3
5,2135,3,1
6,2135,1,1
7,2135,2,1
8,2135,1,3
9,2135,1,1
10,2135,1,1
11,2135,2,2
12,2135,2,2
13,2135,1,1
14,2135,1,1
0,2136,1,3
1,2136,1,1
2,2136,3,1
3,2136,3,1
4,2136,1,3
5,2136,3,1
6,2136,1,1
7,2136,2,1
8,2136,1,3
9,2136,1,1
10,2136,1,1
11,2136,2,2
12,2136,2,2
13,2136,1,1
14,2136,1,1
0,2137,1,3
1,2137,1,1
2,2137,3,1
3,2137,3,1
4,2137,1,3
5,2137,3,1
6,2137,1,1
7,2137,2,1
8,2137,1,3
9,2137,1,1
10,2137,1,1
11,2137,2,2
12,2137,2,2
13,2137,1,1
14,2137,1,1
0,2138,1,1
1,2138,1,1
2,2138,1,1
3,2138,1,1
4,2138,1,1
5,2138,1,1
6,2138,1,1
7,2138,1,1
8,2138,1,1
9,2138,1,1
10,2138,1,1
11,2138,1,1
12,2138,1,1
13,2138,1,1
14,2138,1,1
0,2139,1,3
1,2139,1,1
2,2139,3,1
3,2139,3,1
4,2139,1,3
5,2139,3,1
6,2139,1,1
7,2139,2,1
8,2139,1,3
9,2139,1,1
10,2139,1,1
11,2139,2,2
12,2139,2,2
13,2139,1,1
14,2139,1,1
0,2140,1,3
1,2140,1,1
2,2140,3,1
3,2140,3,1
4,2140,1,3
5,2140,3,1
6,2140,1,1
7,2140,2,1
8,2140,1,3
9,2140,1,1
10,2140,1,1
11,2140,2,2
12,2140,2,2
13,2140,1,1
14,2140,1,1
0,2141,1,3
1,2141,1,1
2,2141,3,1
3,2141,3,1
4,2141,1,3
5,2141,3,1
6,2141,1,1
7,2141,2,1
8,2141,1,3
9,2141,1,1
10,2141,1,1
11,2141,2,2
12,2141,2,2
13,2141,1,1
14,2141,1,1
0,2142,1,3
1,2142,1,1
2,2142,3,1
3,2142,3,1
4,2142,1,3
5,2142,3,1
6,2142,1,1
7,2142,2,1
8,2142,1,3
9,2142,1,1
10,2142,1,1
11,2142,2,2
12,2142,2,2
13,2142,1,1
14,2142,1,1
0,2143,1,3
1,2143,1,1
2,2143,3,1
3,2143,3,1
4,2143,1,3
5,2143,3,1
6,2143,1,1
7,2143,2,1
8,2143,1,3
9,2143,1,1
10,2143,1,1
11,2143,2,2
12,2143,2,2
13,2143,1,1
14,2143,1,1
0,2144,3,1
1,2144,1,1
2,2144,1,1
3,2144,0,2
4,2144,1,1
5,2144,2,2
6,2144,1,1
7,2144,1,1
8,2144,1,1
9,2144,1,1
10,2144,1,1
11,2144,2,2
12,2144,2,2
13,2144,1,1
14,2144,1,1
0,2145,3,1
1,2145,1,1
2,2145,1,1
3,2145,0,2
4,2145,1,1
5,2145,2,2
6,2145,1,1
7,2145,1,1
8,2145,1,1
9,2145,1,1
10,2145,1,1
11,2145,2,2
12,2145,2,2
13,2145,1,1
14,2145,1,1
0,2146,1,3
1,2146,1,1
2,2146,3,1
3,2146,3,1
4,2146,1,3
5,2146,3,1
6,2146,1,1
7,2146,2,1
8,2146,1,3
9,2146,1,1
10,2146,1,1
11,2146,2,2
12,2146,2,2
13,2146,1,1
14,2146,1,1
0,2147,3,1
1,2147,1,1
2,2147,1,1
3,2147,0,2
4,2147,1,1
5,2147,2,2
6,2147,1,1
7,2147,1,1
8,2147,1,1
9,2147,1,1
10,2147,1,1
11,2147,2,2
12,2147,2,2
13,2147,1,1
14,2147,1,1
0,2148,1,1
1,2148,1,1
2,2148,1,1
3,2148,1,1
4,2148,1,1
5,2148,1,1
6,2148,1,1
7,2148,1,1
8,2148,1,1
9,2148,1,1
10,2148,1,1
11,2148,1,1
12,2148,1,1
13,2148,1,1
14,2148,1,1
0,2149,2,1
1,2149,1,1
2,2149,1,1
3,2149,2,3
4,2149,1,1
5,2149,1,1
6,2149,1,1
7,2149,1,1
8,2149,1,1
9,2149,1,1
10,2149,1,1
11,2149,1,2
12,2149,2,1
13,2149,1,1
14,2149,1,1
0,2150,1,3
1,2150,1,1
2,2150,3,1
3,2150,3,1
4,2150,1,3
5,2150,3,1
6,2150,1,1
7,2150,2,1
8,2150,1,3
9,2150,1,1
10,2150,1,1
11,2150,2,2
12,2150,2,2
13,2150,1,1
14,2150,1,1
0,2151,3,1
1,2151,1,1
2,2151,1,1
3,2151,0,2
4,2151,1,1
5,2151,2,2
6,2151,1,1
7,2151,1,1
8,2151,1,1
9,2151,1,1
10,2151,1,1
11,2151,2,2
12,2151,2,2
13,2151,1,1
14,2151,1,1
0,2152,3,1
1,2152,1,1
2,2152,1,1
3,2152,0,2
4,2152,1,1
5,2152,2,2
6,2152,1,1
7,2152,1,1
8,2152,1,1
9,2152,1,1
10,2152,1,1
11,2152,2,2
12,2152,2,2
13,2152,1,1
14,2152,1,1
0,2153,1,3
1,2153,1,1
2,2153,3,1
3,2153,3,1
4,2153,1,3
5,2153,3,1
6,2153,1,1
7,2153,2,1
8,2153,1,3
9,2153,1,1
10,2153,1,1
11,2153,2,2
12,2153,2,2
13,2153,1,1
14,2153,1,1
0,2154,1,1
1,2154,1,1
2,2154,1,1
3,2154,1,1
4,2154,1,1
5,2154,1,1
6,2154,1,1
7,2154,1,1
8,2154,1,1
9,2154,1,1
10,2154,1,1
11,2154,1,1
12,2154,1,1
13,2154,1,1
14,2154,1,1
0,2155,1,3
1,2155,1,1
2,2155,3,1
3,2155,3,1
4,2155,1,3
5,2155,3,1
6,2155,1,1
7,2155,2,1
8,2155,1,3
9,2155,1,1
10,2155,1,1
11,2155,2,2
12,2155,2,2
13,2155,1,1
14,2155,1,1
0,2156,3,1
1,2156,1,1
2,2156,1,1
3,2156,0,2
4,2156,1,1
5,2156,2,2
6,2156,1,1
7,2156,1,1
8,2156,1,1
9,2156,1,1
10,2156,1,1
11,2156,2,2
12,2156,2,2
13,2156,1,1
14,2156,1,1
0,2157,1,3
1,2157,1,1
2,2157,3,1
3,2157,3,1
4,2157,1,3
5,2157,3,1
6,2157,1,1
7,2157,2,1
8,2157,1,3
9,2157,1,1
10,2157,1,1
11,2157,2,2
12,2157,2,2
13,2157,1,1
14,2157,1,1
0,2158,3,1
1,2158,1,1
2,2158,1,1
3,2158,0,2
4,2158,1,1
5,2158,2,2
6,2158,1,1
7,2158,1,1
8,2158,1,1
9,2158,1,1
10,2158,1,1
11,2158,2,2
12,2158,2,2
13,2158,1,1
14,2158,1,1
0,2159,1,3
1,2159,1,1
2,2159,3,1
3,2159,3,1
4,2159,1,3
5,2159,3,1
6,2159,1,1
7,2159,2,1
8,2159,1,3
9,2159,1,1
10,2159,1,1
11,2159,2,2
12,2159,2,2
13,2159,1,1
14,2159,1,1
0,2160,1,3
1,2160,1,1
2,2160,3,1
3,2160,3,1
4,2160,1,3
5,2160,3,1
6,2160,1,1
7,2160,2,1
8,2160,1,3
9,2160,1,1
10,2160,1,1
11,2160,2,2
12,2160,2,2
13,2160,1,1
14,2160,1,1
0,2161,1,1
1,2161,1,1
2,2161,1,1
3,2161,1,1
4,2161,1,1
5,2161,1,1
6,2161,1,1
7,2161,1,1
8,2161,1,1
9,2161,1,1
10,2161,1,1
11,2161,1,1
12,2161,1,1
13,2161,1,1
14,2161,1,1
0,2162,1,1
1,2162,1,1
2,2162,1,1
3,2162,1,1
4,2162,1,1
5,2162,1,1
6,2162,1,1
7,2162,1,1
8,2162,1,1
9,2162,1,1
10,2162,1,1
11,2162,1,1
12,2162,1,1
13,2162,1,1
14,2162,1,1
0,2163,1,3
1,2163,1,1
2,2163,3,1
3,2163,3,1
4,2163,1,3
5,2163,3,1
6,2163,1,1
7,2163,2,1
8,2163,1,3
9,2163,1,1
10,2163,1,1
11,2163,2,2
12,2163,2,2
13,2163,1,1
14,2163,1,1
0,2164,2,1
1,2164,1,1
2,2164,1,1
3,2164,2,3
4,2164,1,1
5,2164,1,1
6,2164,1,1
7,2164,1,1
8,2164,1,1
9,2164,1,1
10,2164,1,1
11,2164,1,2
12,2164,2,1
13,2164,1,1
14,2164,1,1
0,2165,1,3
1,2165,1,1
2,2165,3,1
3,2165,3,1
4,2165,1,3
5,2165,3,1
6,2165,1,1
7,2165,2,1
8,2165,1,3
9,2165,1,1
10,2165,1,1
11,2165,2,2
12,2165,2,2
13,2165,1,1
14,2165,1,1
0,2166,3,1
1,2166,1,1
2,2166,1,1
3,2166,0,2
4,2166,1,1
5,2166,2,2
6,2166,1,1
7,2166,1,1
8,2166,1,1
9,2166,1,1
10,2166,1,1
11,2166,2,2
12,2166,2,2
13,2166,1,1
14,2166,1,1
0,2167,1,3
1,2167,1,1
2,2167,3,1
3,2167,3,1
4,2167,1,3
5,2167,3,1
6,2167,1,1
7,2167,2,1
8,2167,1,3
9,2167,1,1
10,2167,1,1
11,2167,2,2
12,2167,2,2
13,2167,1,1
14,2167,1,1
0,2168,2,1
1,2168,1,1
2,2168,1,1
3,2168,2,3
4,2168,1,1
5,2168,1,1
6,2168,1,1
7,2168,1,1
8,2168,1,3
9,2168,1,1
10,2168,3,3
11,2168,2,2
12,2168,2,2
13,2168,1,1
14,2168,1,1
0,2169,1,3
1,2169,1,1
2,2169,3,1
3,2169,3,1
4,2169,1,3
5,2169,3,1
6,2169,1,1
7,2169,2,1
8,2169,1,3
9,2169,1,1
10,2169,1,1
11,2169,2,2
12,2169,2,2
13,2169,1,1
14,2169,1,1
0,2170,1,3
1,2170,1,1
2,2170,3,1
3,2170,3,1
4,2170,1,3
5,2170,3,1
6,2170,1,1
7,2170,2,1
8,2170,1,3
9,2170,1,1
10,2170,1,1
11,2170,2,2
12,2170,2,2
13,2170,1,1
14,2170,1,1
0,2171,1,3
1,2171,1,1
2,2171,3,1
3,2171,3,1
4,2171,1,3
5,2171,3,1
6,2171,1,1
7,2171,2,1
8,2171,1,3
9,2171,1,1
10,2171,1,1
11,2171,2,2
12,2171,2,2
13,2171,1,1
14,2171,1,1
0,2172,1,1
1,2172,1,1
2,2172,1,1
3,2172,1,1
4,2172,1,1
5,2172,1,1
6,2172,1,1
7,2172,1,1
8,2172,1,1
9,2172,1,1
10,2172,1,1
11,2172,1,1
12,2172,1,1
13,2172,1,1
14,2172,1,1
0,2173,2,1
1,2173,1,1
2,2173,1,1
3,2173,2,3
4,2173,1,1
5,2173,1,1
6,2173,1,1
7,2173,1,1
8,2173,1,3
9,2173,1,1
10,2173,3,3
11,2173,2,2
12,2173,2,2
13,2173,1,1
14,2173,1,1
0,2174,2,1
1,2174,1,1
2,2174,1,1
3,2174,2,3
4,2174,1,1
5,2174,1,1
6,2174,1,1
7,2174,1,1
8,2174,1,3
9,2174,1,1
10,2174,3,3
11,2174,2,2
12,2174,2,2
13,2174,1,1
14,2174,1,1
0,2175,1,3
1,2175,1,1
2,2175,3,1
3,2175,3,1
4,2175,1,3
5,2175,3,1
6,2175,1,1
7,2175,2,1
8,2175,1,3
9,2175,1,1
10,2175,1,1
11,2175,2,2
12,2175,2,2
13,2175,1,1
14,2175,1,1
0,2176,3,1
1,2176,1,1
2,2176,1,1
3,2176,0,2
4,2176,1,1
5,2176,2,2
6,2176,1,1
7,2176,1,1
8,2176,1,1
9,2176,1,1
10,2176,1,1
11,2176,2,2
12,2176,2,2
13,2176,1,1
14,2176,1,1
0,2177,3,1
1,2177,1,1
2,2177,1,1
3,2177,0,2
4,2177,1,1
5,2177,2,2
6,2177,1,1
7,2177,1,1
8,2177,1,1
9,2177,1,1
10,2177,1,1
11,2177,2,2
12,2177,2,2
13,2177,1,1
14,2177,1,1
0,2178,1,3
1,2178,1,1
2,2178,3,1
3,2178,3,1
4,2178,1,3
5,2178,3,1
6,2178,1,1
7,2178,2,1
8,2178,1,3
9,2178,1,1
10,2178,1,1
11,2178,2,2
12,2178,2,2
13,2178,1,1
14,2178,1,1
0,2179,3,1
1,2179,1,1
2,2179,1,1
3,2179,0,2
4,2179,1,1
5,2179,2,2
6,2179,1,1
7,2179,1,1
8,2179,1,1
9,2179,1,1
10,2179,1,1
11,2179,2,2
12,2179,2,2
13,2179,1,1
14,2179,1,1
0,2180,3,1
1,2180,1,1
2,2180,1,1
3,2180,0,2
4,2180,1,1
5,2180,2,2
6,2180,1,1
7,2180,1,1
8,2180,1,1
9,2180,1,1
10,2180,1,1
11,2180,2,2
12,2180,2,2
13,2180,1,1
14,2180,1,1
0,2181,1,3
1,2181,1,1
2,2181,3,1
3,2181,3,1
4,2181,1,3
5,2181,3,1
6,2181,1,1
7,2181,2,1
8,2181,1,3
9,2181,1,1
10,2181,1,1
11,2181,2,2
12,2181,2,2
13,2181,1,1
14,2181,1,1
0,2182,2,1
1,2182,1,1
2,2182,1,1
3,2182,2,3
4,2182,1,1
5,2182,1,1
6,2182,1,1
7,2182,1,1
8,2182,1,1
9,2182,1,1
10,2182,1,1
11,2182,1,2
12,2182,2,1
13,2182,1,1
14,2182,1,1
0,2183,1,1
1,2183,1,1
2,2183,1,1
3,2183,1,1
4,2183,1,1
5,2183,1,1
6,2183,1,1
7,2183,1,1
8,2183,1,1
9,2183,1,1
10,2183,1,1
11,2183,1,1
12,2183,1,1
13,2183,1,1
14,2183,1,1
0,2184,1,1
1,2184,1,1
2,2184,1,1
3,2184,1,1
4,2184,1,1
5,2184,1,1
6,2184,1,1
7,2184,1,1
8,2184,1,1
9,2184,1,1
10,2184,1,1
11,2184,1,1
12,2184,1,1
13,2184,1,1
14,2184,1,1
0,2185,1,3
1,2185,1,1
2,2185,3,1
3,2185,3,1
4,2185,1,3
5,2185,3,1
6,2185,1,1
7,2185,2,1
8,2185,1,3
9,2185,1,1
10,2185,1,1
11,2185,2,2
12,2185,2,2
13,2185,1,1
14,2185,1,1
0,2186,1,3
1,2186,1,1
2,2186,3,1
3,2186,3,1
4,2186,1,3
5,2186,3,1
6,2186,1,1
7,2186,2,1
8,2186,1,3
9,2186,1,1
10,2186,1,1
11,2186,2,2
12,2186,2,2
13,2186,1,1
14,2186,1,1
0,2187,1,1
1,2187,1,1
2,2187,1,1
3,2187,1,1
4,2187,1,1
5,2187,1,1
6,2187,1,1
7,2187,1,1
8,2187,1,1
9,2187,1,1
10,2187,1,1
11,2187,1,1
12,2187,1,1
13,2187,1,1
14,2187,1,1
0,2188,1,1
1,2188,1,1
2,2188,1,1
3,2188,1,1
4,2188,1,1
5,2188,1,1
6,2188,1,1
7,2188,1,1
8,2188,1,1
9,2188,1,1
10,2188,1,1
11,2188,1,1
12,2188,1,1
13,2188,1,1
14,2188,1,1
0,2189,1,3
1,2189,1,1
2,2189,3,1
3,2189,3,1
4,2189,1,3
5,2189,3,1
6,2189,1,1
7,2189,2,1
8,2189,1,3
9,2189,1,1
10,2189,1,1
11,2189,2,2
12,2189,2,2
13,2189,1,1
14,2189,1,1
0,2190,3,1
1,2190,1,1
2,2190,1,1
3,2190,0,2
4,2190,1,1
5,2190,2,2
6,2190,1,1
7,2190,1,1
8,2190,1,1
9,2190,1,1
10,2190,1,1
11,2190,2,2
12,2190,2,2
13,2190,1,1
14,2190,1,1
0,2191,3,1
1,2191,1,1
2,2191,1,1
3,2191,0,2
4,2191,1,1
5,2191,2,2
6,2191,1,1
7,2191,1,1
8,2191,1,1
9,2191,1,1
10,2191,1,1
11,2191,2,2
12,2191,2,2
13,2191,1,1
14,2191,1,1
0,2192,3,1
1,2192,1,1
2,2192,1,1
3,2192,0,2
4,2192,1,1
5,2192,2,2
6,2192,1,1
7,2192,1,1
8,2192,1,1
9,2192,1,1
10,2192,1,1
11,2192,2,2
12,2192,2,2
13,2192,1,1
14,2192,1,1
0,2193,1,3
1,2193,1,1
2,2193,3,1
3,2193,3,1
4,2193,1,3
5,2193,3,1
6,2193,1,1
7,2193,2,1
8,2193,1,3
9,2193,1,1
10,2193,1,1
11,2193,2,2
12,2193,2,2
13,2193,1,1
14,2193,1,1
0,2194,1,3
1,2194,1,1
2,2194,3,1
3,2194,3,1
4,2194,1,3
5,2194,3,1
6,2194,1,1
7,2194,2,1
8,2194,1,3
9,2194,1,1
10,2194,1,1
11,2194,2,2
12,2194,2,2
13,2194,1,1
14,2194,1,1
0,2195,1,3
1,2195,1,1
2,2195,3,1
3,2195,3,1
4,2195,1,3
5,2195,3,1
6,2195,1,1
7,2195,2,1
8,2195,1,3
9,2195,1,1
10,2195,1,1
11,2195,2,2
12,2195,2,2
13,2195,1,1
14,2195,1,1
0,2196,1,1
1,2196,1,1
2,2196,1,1
3,2196,1,1
4,2196,1,1
5,2196,1,1
6,2196,1,1
7,2196,1,1
8,2196,1,1
9,2196,1,1
10,2196,1,1
11,2196,1,1
12,2196,1,1
13,2196,1,1
14,2196,1,1
0,2197,1,1
1,2197,1,1
2,2197,1,1
3,2197,1,1
4,2197,1,1
5,2197,1,1
6,2197,1,1
7,2197,1,1
8,2197,1,1
9,2197,1,1
10,2197,1,1
11,2197,1,1
12,2197,1,1
13,2197,1,1
14,2197,1,1
0,2198,1,3
1,2198,1,1
2,2198,3,1
3,2198,3,1
4,2198,1,3
5,2198,3,1
6,2198,1,1
7,2198,2,1
8,2198,1,3
9,2198,1,1
10,2198,1,1
11,2198,2,2
12,2198,2,2
13,2198,1,1
14,2198,1,1
0,2199,1,3
1,2199,1,1
2,2199,3,1
3,2199,3,1
4,2199,1,3
5,2199,3,1
6,2199,1,1
7,2199,2,1
8,2199,1,3
9,2199,1,1
10,2199,1,1
11,2199,2,2
12,2199,2,2
13,2199,1,1
14,2199,1,1
0,2200,1,3
1,2200,1,1
2,2200,3,1
3,2200,3,1
4,2200,1,3
5,2200,3,1
6,2200,1,1
7,2200,2,1
8,2200,1,3
9,2200,1,1
10,2200,1,1
11,2200,2,2
12,2200,2,2
13,2200,1,1
14,2200,1,1
0,2201,2,1
1,2201,1,1
2,2201,1,1
3,2201,2,3
4,2201,1,1
5,2201,1,1
6,2201,1,1
7,2201,1,1
8,2201,1,1
9,2201,1,1
10,2201,1,1
11,2201,1,2
12,2201,2,1
13,2201,1,1
14,2201,1,1
0,2202,3,1
1,2202,1,1
2,2202,1,1
3,2202,0,2
4,2202,1,1
5,2202,2,2
6,2202,1,1
7,2202,1,1
8,2202,1,1
9,2202,1,1
10,2202,1,1
11,2202,2,2
12,2202,2,2
13,2202,1,1
14,2202,1,1
0,2203,1,3
1,2203,1,1
2,2203,3,1
3,2203,3,1
4,2203,1,3
5,2203,3,1
6,2203,1,1
7,2203,2,1
8,2203,1,3
9,2203,1,1
10,2203,1,1
11,2203,2,2
12,2203,2,2
13,2203,1,1
14,2203,1,1
0,2204,3,1
1,2204,1,1
2,2204,1,1
3,2204,0,2
4,2204,1,1
5,2204,2,2
6,2204,1,1
7,2204,1,1
8,2204,1,1
9,2204,1,1
10,2204,1,1
11,2204,2,2
12,2204,2,2
13,2204,1,1
14,2204,1,1
0,2205,1,3
1,2205,1,1
2,2205,3,1
3,2205,3,1
4,2205,1,3
5,2205,3,1
6,2205,1,1
7,2205,2,1
8,2205,1,3
9,2205,1,1
10,2205,1,1
11,2205,2,2
12,2205,2,2
13,2205,1,1
14,2205,1,1
0,2206,1,3
1,2206,1,1
2,2206,3,1
3,2206,3,1
4,2206,1,3
5,2206,3,1
6,2206,1,1
7,2206,2,1
8,2206,1,3
9,2206,1,1
10,2206,1,1
11,2206,2,2
12,2206,2,2
13,2206,1,1
14,2206,1,1
0,2207,2,1
1,2207,1,1
2,2207,1,1
3,2207,2,3
4,2207,1,1
5,2207,1,1
6,2207,1,1
7,2207,1,1
8,2207,1,1
9,2207,1,1
10,2207,1,1
11,2207,1,2
12,2207,2,1
13,2207,1,1
14,2207,1,1
0,2208,3,1
1,2208,1,1
2,2208,1,1
3,2208,0,2
4,2208,1,1
5,2208,2,2
6,2208,1,1
7,2208,1,1
8,2208,1,1
9,2208,1,1
10,2208,1,1
11,2208,2,2
12,2208,2,2
13,2208,1,1
14,2208,1,1
0,2209,2,1
1,2209,1,1
2,2209,1,1
3,2209,2,3
4,2209,1,1
5,2209,1,1
6,2209,1,1
7,2209,1,1
8,2209,1,3
9,2209,1,1
10,2209,3,3
11,2209,2,2
12,2209,2,2
13,2209,1,1
14,2209,1,1
0,2210,3,1
1,2210,1,1
2,2210,1,1
3,2210,0,2
4,2210,1,1
5,2210,2,2
6,2210,1,1
7,2210,1,1
8,2210,1,1
9,2210,1,1
10,2210,1,1
11,2210,2,2
12,2210,2,2
13,2210,1,1
14,2210,1,1
0,2211,1,3
1,2211,1,1
2,2211,3,1
3,2211,3,1
4,2211,1,3
5,2211,3,1
6,2211,1,1
7,2211,2,1
8,2211,1,3
9,2211,1,1
10,2211,1,1
11,2211,2,2
12,2211,2,2
13,2211,1,1
14,2211,1,1
0,2212,1,3
1,2212,1,1
2,2212,3,1
3,2212,3,1
4,2212,1,3
5,2212,3,1
6,2212,1,1
7,2212,2,1
8,2212,1,3
9,2212,1,1
10,2212,1,1
11,2212,2,2
12,2212,2,2
13,2212,1,1
14,2212,1,1
0,2213,1,3
1,2213,1,1
2,2213,3,1
3,2213,3,1
4,2213,1,3
5,2213,3,1
6,2213,1,1
7,2213,2,1
8,2213,1,3
9,2213,1,1
10,2213,1,1
11,2213,2,2
12,2213,2,2
13,2213,1,1
14,2213,1,1
0,2214,2,1
1,2214,1,1
2,2214,1,1
3,2214,2,3
4,2214,1,1
5,2214,1,1
6,2214,1,1
7,2214,1,1
8,2214,1,3
9,2214,1,1
10,2214,3,3
11,2214,2,2
12,2214,2,2
13,2214,1,1
14,2214,1,1
0,2215,1,3
1,2215,1,1
2,2215,3,1
3,2215,3,1
4,2215,1,3
5,2215,3,1
6,2215,1,1
7,2215,2,1
8,2215,1,3
9,2215,1,1
10,2215,1,1
11,2215,2,2
12,2215,2,2
13,2215,1,1
14,2215,1,1
0,2216,1,3
1,2216,1,1
2,2216,3,1
3,2216,3,1
4,2216,1,3
5,2216,3,1
6,2216,1,1
7,2216,2,1
8,2216,1,3
9,2216,1,1
10,2216,1,1
11,2216,2,2
12,2216,2,2
13,2216,1,1
14,2216,1,1
0,2217,1,3
1,2217,1,1
2,2217,3,1
3,2217,3,1
4,2217,1,3
5,2217,3,1
6,2217,1,1
7,2217,2,1
8,2217,1,3
9,2217,1,1
10,2217,1,1
11,2217,2,2
12,2217,2,2
13,2217,1,1
14,2217,1,1
0,2218,1,3
1,2218,1,1
2,2218,3,1
3,2218,3,1
4,2218,1,3
5,2218,3,1
6,2218,1,1
7,2218,2,1
8,2218,1,3
9,2218,1,1
10,2218,1,1
11,2218,2,2
12,2218,2,2
13,2218,1,1
14,2218,1,1
0,2219,1,1
1,2219,1,1
2,2219,1,1
3,2219,1,1
4,2219,1,1
5,2219,1,1
6,2219,1,1
7,2219,1,1
8,2219,1,1
9,2219,1,1
10,2219,1,1
11,2219,1,1
12,2219,1,1
13,2219,1,1
14,2219,1,1
0,2220,1,1
1,2220,1,1
2,2220,1,1
3,2220,1,1
4,2220,1,1
5,2220,1,1
6,2220,1,1
7,2220,1,1
8,2220,1,1
9,2220,1,1
10,2220,1,1
11,2220,1,1
12,2220,1,1
13,2220,1,1
14,2220,1,1
0,2221,1,3
1,2221,1,1
2,2221,3,1
3,2221,3,1
4,2221,1,3
5,2221,3,1
6,2221,1,1
7,2221,2,1
8,2221,1,3
9,2221,1,1
10,2221,1,1
11,2221,2,2
12,2221,2,2
13,2221,1,1
14,2221,1,1
0,2222,1,3
1,2222,1,1
2,2222,3,1
3,2222,3,1
4,2222,1,3
5,2222,3,1
6,2222,1,1
7,2222,2,1
8,2222,1,3
9,2222,1,1
10,2222,1,1
11,2222,2,2
12,2222,2,2
13,2222,1,1
14,2222,1,1
0,2223,3,1
1,2223,1,1
2,2223,1,1
3,2223,0,2
4,2223,1,1
5,2223,2,2
6,2223,1,1
7,2223,1,1
8,2223,1,1
9,2223,1,1
10,2223,1,1
11,2223,2,2
12,2223,2,2
13,2223,1,1
14,2223,1,1
0,2224,2,1
1,2224,1,1
2,2224,1,1
3,2224,2,3
4,2224,1,1
5,2224,1,1
6,2224,1,1
7,2224,1,1
8,2224,1,3
9,2224,1,1
10,2224,3,3
11,2224,2,2
12,2224,2,2
13,2224,1,1
14,2224,1,1
0,2225,1,3
1,2225,1,1
2,2225,3,1
3,2225,3,1
4,2225,1,3
5,2225,3,1
6,2225,1,1
7,2225,2,1
8,2225,1,3
9,2225,1,1
10,2225,1,1
11,2225,2,2
12,2225,2,2
13,2225,1,1
14,2225,1,1
0,2226,1,3
1,2226,1,1
2,2226,3,1
3,2226,3,1
4,2226,1,3
5,2226,3,1
6,2226,1,1
7,2226,2,1
8,2226,1,3
9,2226,1,1
10,2226,1,1
11,2226,2,2
12,2226,2,2
13,2226,1,1
14,2226,1,1
0,2227,1,3
1,2227,1,1
2,2227,3,1
3,2227,3,1
4,2227,1,3
5,2227,3,1
6,2227,1,1
7,2227,2,1
8,2227,1,3
9,2227,1,1
10,2227,1,1
11,2227,2,2
12,2227,2,2
13,2227,1,1
14,2227,1,1
0,2228,2,1
1,2228,1,1
2,2228,1,1
3,2228,2,3
4,2228,1,1
5,2228,1,1
6,2228,1,1
7,2228,1,1
8,2228,1,1
9,2228,1,1
10,2228,1,1
11,2228,1,2
12,2228,2,1
13,2228,1,1
14,2228,1,1
0,2229,1,3
1,2229,1,1
2,2229,3,1
3,2229,3,1
4,2229,1,3
5,2229,3,1
6,2229,1,1
7,2229,2,1
8,2229,1,3
9,2229,1,1
10,2229,1,1
11,2229,2,2
12,2229,2,2
13,2229,1,1
14,2229,1,1
0,2230,1,3
1,2230,1,1
2,2230,3,1
3,2230,3,1
4,2230,1,3
5,2230,3,1
6,2230,1,1
7,2230,2,1
8,2230,1,3
9,2230,1,1
10,2230,1,1
11,2230,2,2
12,2230,2,2
13,2230,1,1
14,2230,1,1
0,2231,1,1
1,2231,1,1
2,2231,1,1
3,2231,1,1
4,2231,1,1
5,2231,1,1
6,2231,1,1
7,2231,1,1
8,2231,1,1
9,2231,1,1
10,2231,1,1
11,2231,1,1
12,2231,1,1
13,2231,1,1
14,2231,1,1
0,2232,1,3
1,2232,1,1
2,2232,3,1
3,2232,3,1
4,2232,1,3
5,2232,3,1
6,2232,1,1
7,2232,2,1
8,2232,1,3
9,2232,1,1
10,2232,1,1
11,2232,2,2
12,2232,2,2
13,2232,1,1
14,2232,1,1
0,2233,1,1
1,2233,1,1
2,2233,1,1
3,2233,1,1
4,2233,1,1
5,2233,1,1
6,2233,1,1
7,2233,1,1
8,2233,1,1
9,2233,1,1
10,2233,1,1
11,2233,1,1
12,2233,1,1
13,2233,1,1
14,2233,1,1
0,2234,1,1
1,2234,1,1
2,2234,1,1
3,2234,1,1
4,2234,1,1
5,2234,1,1
6,2234,1,1
7,2234,1,1
8,2234,1,1
9,2234,1,1
10,2234,1,1
11,2234,1,1
12,2234,1,1
13,2234,1,1
14,2234,1,1
0,2235,1,3
1,2235,1,1
2,2235,3,1
3,2235,3,1
4,2235,1,3
5,2235,3,1
6,2235,1,1
7,2235,2,1
8,2235,1,3
9,2235,1,1
10,2235,1,1
11,2235,2,2
12,2235,2,2
13,2235,1,1
14,2235,1,1
0,2236,3,1
1,2236,1,1
2,2236,1,1
3,2236,0,2
4,2236,1,1
5,2236,2,2
6,2236,1,1
7,2236,1,1
8,2236,1,1
9,2236,1,1
10,2236,1,1
11,2236,2,2
12,2236,2,2
13,2236,1,1
14,2236,1,1
0,2237,1,3
1,2237,1,1
2,2237,3,1
3,2237,3,1
4,2237,1,3
5,2237,3,1
6,2237,1,1
7,2237,2,1
8,2237,1,3
9,2237,1,1
10,2237,1,1
11,2237,2,2
12,2237,2,2
13,2237,1,1
14,2237,1,1
0,2238,1,3
1,2238,1,1
2,2238,3,1
3,2238,3,1
4,2238,1,3
5,2238,3,1
6,2238,1,1
7,2238,2,1
8,2238,1,3
9,2238,1,1
10,2238,1,1
11,2238,2,2
12,2238,2,2
13,2238,1,1
14,2238,1,1
0,2239,1,3
1,2239,1,1
2,2239,3,1
3,2239,3,1
4,2239,1,3
5,2239,3,1
6,2239,1,1
7,2239,2,1
8,2239,1,3
9,2239,1,1
10,2239,1,1
11,2239,2,2
12,2239,2,2
13,2239,1,1
14,2239,1,1
0,2240,3,1
1,2240,1,1
2,2240,1,1
3,2240,0,2
4,2240,1,1
5,2240,2,2
6,2240,1,1
7,2240,1,1
8,2240,1,1
9,2240,1,1
10,2240,1,1
11,2240,2,2
12,2240,2,2
13,2240,1,1
14,2240,1,1
0,2241,2,1
1,2241,1,1
2,2241,1,1
3,2241,2,3
4,2241,1,1
5,2241,1,1
6,2241,1,1
7,2241,1,1
8,2241,1,1
9,2241,1,1
10,2241,1,1
11,2241,1,2
12,2241,2,1
13,2241,1,1
14,2241,1,1
0,2242,1,3
1,2242,1,1
2,2242,3,1
3,2242,3,1
4,2242,1,3
5,2242,3,1
6,2242,1,1
7,2242,2,1
8,2242,1,3
9,2242,1,1
10,2242,1,1
11,2242,2,2
12,2242,2,2
13,2242,1,1
14,2242,1,1
0,2243,1,3
1,2243,1,1
2,2243,3,1
3,2243,3,1
4,2243,1,3
5,2243,3,1
6,2243,1,1
7,2243,2,1
8,2243,1,3
9,2243,1,1
10,2243,1,1
11,2243,2,2
12,2243,2,2
13,2243,1,1
14,2243,1,1
0,2244,2,1
1,2244,1,1
2,2244,1,1
3,2244,2,3
4,2244,1,1
5,2244,1,1
6,2244,1,1
7,2244,1,1
8,2244,1,3
9,2244,1,1
10,2244,3,3
11,2244,2,2
12,2244,2,2
13,2244,1,1
14,2244,1,1
0,2245,1,3
1,2245,1,1
2,2245,3,1
3,2245,3,1
4,2245,1,3
5,2245,3,1
6,2245,1,1
7,2245,2,1
8,2245,1,3
9,2245,1,1
10,2245,1,1
11,2245,2,2
12,2245,2,2
13,2245,1,1
14,2245,1,1
0,2246,1,3
1,2246,1,1
2,2246,3,1
3,2246,3,1
4,2246,1,3
5,2246,3,1
6,2246,1,1
7,2246,2,1
8,2246,1,3
9,2246,1,1
10,2246,1,1
11,2246,2,2
12,2246,2,2
13,2246,1,1
14,2246,1,1
0,2247,1,1
1,2247,1,1
2,2247,1,1
3,2247,1,1
4,2247,1,1
5,2247,1,1
6,2247,1,1
7,2247,1,1
8,2247,1,1
9,2247,1,1
10,2247,1,1
11,2247,1,1
12,2247,1,1
13,2247,1,1
14,2247,1,1
0,2248,1,3
1,2248,1,1
2,2248,3,1
3,2248,3,1
4,2248,1,3
5,2248,3,1
6,2248,1,1
7,2248,2,1
8,2248,1,3
9,2248,1,1
10,2248,1,1
11,2248,2,2
12,2248,2,2
13,2248,1,1
14,2248,1,1
0,2249,2,1
1,2249,1,1
2,2249,1,1
3,2249,2,3
4,2249,1,1
5,2249,1,1
6,2249,1,1
7,2249,1,1
8,2249,1,3
9,2249,1,1
10,2249,3,3
11,2249,2,2
12,2249,2,2
13,2249,1,1
14,2249,1,1
0,2250,1,3
1,2250,1,1
2,2250,3,1
3,2250,3,1
4,2250,1,3
5,2250,3,1
6,2250,1,1
7,2250,2,1
8,2250,1,3
9,2250,1,1
10,2250,1,1
11,2250,2,2
12,2250,2,2
13,2250,1,1
14,2250,1,1
0,2251,3,1
1,2251,1,1
2,2251,1,1
3,2251,0,2
4,2251,1,1
5,2251,2,2
6,2251,1,1
7,2251,1,1
8,2251,1,1
9,2251,1,1
10,2251,1,1
11,2251,2,2
12,2251,2,2
13,2251,1,1
14,2251,1,1
0,2252,2,1
1,2252,1,1
2,2252,1,1
3,2252,2,3
4,2252,1,1
5,2252,1,1
6,2252,1,1
7,2252,1,1
8,2252,1,3
9,2252,1,1
10,2252,3,3
11,2252,2,2
12,2252,2,2
13,2252,1,1
14,2252,1,1
0,2253,1,3
1,2253,1,1
2,2253,3,1
3,2253,3,1
4,2253,1,3
5,2253,3,1
6,2253,1,1
7,2253,2,1
8,2253,1,3
9,2253,1,1
10,2253,1,1
11,2253,2,2
12,2253,2,2
13,2253,1,1
14,2253,1,1
0,2254,1,3
1,2254,1,1
2,2254,3,1
3,2254,3,1
4,2254,1,3
5,2254,3,1
6,2254,1,1
7,2254,2,1
8,2254,1,3
9,2254,1,1
10,2254,1,1
11,2254,2,2
12,2254,2,2
13,2254,1,1
14,2254,1,1
0,2255,3,1
1,2255,1,1
2,2255,1,1
3,2255,0,2
4,2255,1,1
5,2255,2,2
6,2255,1,1
7,2255,1,1
8,2255,1,1
9,2255,1,1
10,2255,1,1
11,2255,2,2
12,2255,2,2
13,2255,1,1
14,2255,1,1
0,2256,3,1
1,2256,1,1
2,2256,1,1
3,2256,0,2
4,2256,1,1
5,2256,2,2
6,2256,1,1
7,2256,1,1
8,2256,1,1
9,2256,1,1
10,2256,1,1
11,2256,2,2
12,2256,2,2
13,2256,1,1
14,2256,1,1
0,2257,1,3
1,2257,1,1
2,2257,3,1
3,2257,3,1
4,2257,1,3
5,2257,3,1
6,2257,1,1
7,2257,2,1
8,2257,1,3
9,2257,1,1
10,2257,1,1
11,2257,2,2
12,2257,2,2
13,2257,1,1
14,2257,1,1
0,2258,1,1
1,2258,1,1
2,2258,1,1
3,2258,1,1
4,2258,1,1
5,2258,1,1
6,2258,1,1
7,2258,1,1
8,2258,1,1
9,2258,1,1
10,2258,1,1
11,2258,1,1
12,2258,1,1
13,2258,1,1
14,2258,1,1
0,2259,1,3
1,2259,1,1
2,2259,3,1
3,2259,3,1
4,2259,1,3
5,2259,3,1
6,2259,1,1
7,2259,2,1
8,2259,1,3
9,2259,1,1
10,2259,1,1
11,2259,2,2
12,2259,2,2
13,2259,1,1
14,2259,1,1
0,2260,1,3
1,2260,1,1
2,2260,3,1
3,2260,3,1
4,2260,1,3
5,2260,3,1
6,2260,1,1
7,2260,2,1
8,2260,1,3
9,2260,1,1
10,2260,1,1
11,2260,2,2
12,2260,2,2
13,2260,1,1
14,2260,1,1
0,2261,1,1
1,2261,1,1
2,2261,1,1
3,2261,1,1
4,2261,1,1
5,2261,1,1
6,2261,1,1
7,2261,1,1
8,2261,1,1
9,2261,1,1
10,2261,1,1
11,2261,1,1
12,2261,1,1
13,2261,1,1
14,2261,1,1
0,2262,2,1
1,2262,1,1
2,2262,1,1
3,2262,2,3
4,2262,1,1
5,2262,1,1
6,2262,1,1
7,2262,1,1
8,2262,1,3
9,2262,1,1
10,2262,3,3
11,2262,2,2
12,2262,2,2
13,2262,1,1
14,2262,1,1
0,2263,1,1
1,2263,1,1
2,2263,1,1
3,2263,1,1
4,2263,1,1
5,2263,1,1
6,2263,1,1
7,2263,1,1
8,2263,1,1
9,2263,1,1
10,2263,1,1
11,2263,1,1
12,2263,1,1
13,2263,1,1
14,2263,1,1
0,2264,3,1
1,2264,1,1
2,2264,1,1
3,2264,0,2
4,2264,1,1
5,2264,2,2
6,2264,1,1
7,2264,1,1
8,2264,1,1
9,2264,1,1
10,2264,1,1
11,2264,2,2
12,2264,2,2
13,2264,1,1
14,2264,1,1
0,2265,1,3
1,2265,1,1
2,2265,3,1
3,2265,3,1
4,2265,1,3
5,2265,3,1
6,2265,1,1
7,2265,2,1
8,2265,1,3
9,2265,1,1
10,2265,1,1
11,2265,2,2
12,2265,2,2
13,2265,1,1
14,2265,1,1
0,2266,1,3
1,2266,1,1
2,2266,3,1
3,2266,3,1
4,2266,1,3
5,2266,3,1
6,2266,1,1
7,2266,2,1
8,2266,1,3
9,2266,1,1
10,2266,1,1
11,2266,2,2
12,2266,2,2
13,2266,1,1
14,2266,1,1
0,2267,1,3
1,2267,1,1
2,2267,3,1
3,2267,3,1
4,2267,1,3
5,2267,3,1
6,2267,1,1
7,2267,2,1
8,2267,1,3
9,2267,1,1
10,2267,1,1
11,2267,2,2
12,2267,2,2
13,2267,1,1
14,2267,1,1
0,2268,2,1
1,2268,1,1
2,2268,1,1
3,2268,2,3
4,2268,1,1
5,2268,1,1
6,2268,1,1
7,2268,1,1
8,2268,1,3
9,2268,1,1
10,2268,3,3
11,2268,2,2
12,2268,2,2
13,2268,1,1
14,2268,1,1
0,2269,1,3
1,2269,1,1
2,2269,3,1
3,2269,3,1
4,2269,1,3
5,2269,3,1
6,2269,1,1
7,2269,2,1
8,2269,1,3
9,2269,1,1
10,2269,1,1
11,2269,2,2
12,2269,2,2
13,2269,1,1
14,2269,1,1
0,2270,3,1
1,2270,1,1
2,2270,1,1
3,2270,0,2
4,2270,1,1
5,2270,2,2
6,2270,1,1
7,2270,1,1
8,2270,1,1
9,2270,1,1
10,2270,1,1
11,2270,2,2
12,2270,2,2
13,2270,1,1
14,2270,1,1
0,2271,3,1
1,2271,1,1
2,2271,1,1
3,2271,0,2
4,2271,1,1
5,2271,2,2
6,2271,1,1
7,2271,1,1
8,2271,1,1
9,2271,1,1
10,2271,1,1
11,2271,2,2
12,2271,2,2
13,2271,1,1
14,2271,1,1
0,2272,1,3
1,2272,1,1
2,2272,3,1
3,2272,3,1
4,2272,1,3
5,2272,3,1
6,2272,1,1
7,2272,2,1
8,2272,1,3
9,2272,1,1
10,2272,1,1
11,2272,2,2
12,2272,2,2
13,2272,1,1
14,2272,1,1
0,2273,1,3
1,2273,1,1
2,2273,3,1
3,2273,3,1
4,2273,1,3
5,2273,3,1
6,2273,1,1
7,2273,2,1
8,2273,1,3
9,2273,1,1
10,2273,1,1
11,2273,2,2
12,2273,2,2
13,2273,1,1
14,2273,1,1
0,2274,1,3
1,2274,1,1
2,2274,3,1
3,2274,3,1
4,2274,1,3
5,2274,3,1
6,2274,1,1
7,2274,2,1
8,2274,1,3
9,2274,1,1
10,2274,1,1
11,2274,2,2
12,2274,2,2
13,2274,1,1
14,2274,1,1
0,2275,1,3
1,2275,1,1
2,2275,3,1
3,2275,3,1
4,2275,1,3
5,2275,3,1
6,2275,1,1
7,2275,2,1
8,2275,1,3
9,2275,1,1
10,2275,1,1
11,2275,2,2
12,2275,2,2
13,2275,1,1
14,2275,1,1
0,2276,3,1
1,2276,1,1
2,2276,1,1
3,2276,0,2
4,2276,1,1
5,2276,2,2
6,2276,1,1
7,2276,1,1
8,2276,1,1
9,2276,1,1
10,2276,1,1
11,2276,2,2
12,2276,2,2
13,2276,1,1
14,2276,1,1
0,2277,1,3
1,2277,1,1
2,2277,3,1
3,2277,3,1
4,2277,1,3
5,2277,3,1
6,2277,1,1
7,2277,2,1
8,2277,1,3
9,2277,1,1
10,2277,1,1
11,2277,2,2
12,2277,2,2
13,2277,1,1
14,2277,1,1
0,2278,3,1
1,2278,1,1
2,2278,1,1
3,2278,0,2
4,2278,1,1
5,2278,2,2
6,2278,1,1
7,2278,1,1
8,2278,1,1
9,2278,1,1
10,2278,1,1
11,2278,2,2
12,2278,2,2
13,2278,1,1
14,2278,1,1
0,2279,1,3
1,2279,1,1
2,2279,3,1
3,2279,3,1
4,2279,1,3
5,2279,3,1
6,2279,1,1
7,2279,2,1
8,2279,1,3
9,2279,1,1
10,2279,1,1
11,2279,2,2
12,2279,2,2
13,2279,1,1
14,2279,1,1
0,2280,2,1
1,2280,1,1
2,2280,1,1
3,2280,2,3
4,2280,1,1
5,2280,1,1
6,2280,1,1
7,2280,1,1
8,2280,1,3
9,2280,1,1
10,2280,3,3
11,2280,2,2
12,2280,2,2
13,2280,1,1
14,2280,1,1
0,2281,1,3
1,2281,1,1
2,2281,3,1
3,2281,3,1
4,2281,1,3
5,2281,3,1
6,2281,1,1
7,2281,2,1
8,2281,1,3
9,2281,1,1
10,2281,1,1
11,2281,2,2
12,2281,2,2
13,2281,1,1
14,2281,1,1
0,2282,1,3
1,2282,1,1
2,2282,3,1
3,2282,3,1
4,2282,1,3
5,2282,3,1
6,2282,1,1
7,2282,2,1
8,2282,1,3
9,2282,1,1
10,2282,1,1
11,2282,2,2
12,2282,2,2
13,2282,1,1
14,2282,1,1
0,2283,3,1
1,2283,1,1
2,2283,1,1
3,2283,0,2
4,2283,1,1
5,2283,2,2
6,2283,1,1
7,2283,1,1
8,2283,1,1
9,2283,1,1
10,2283,1,1
11,2283,2,2
12,2283,2,2
13,2283,1,1
14,2283,1,1
0,2284,2,1
1,2284,1,1
2,2284,1,1
3,2284,2,3
4,2284,1,1
5,2284,1,1
6,2284,1,1
7,2284,1,1
8,2284,1,3
9,2284,1,1
10,2284,3,3
11,2284,2,2
12,2284,2,2
13,2284,1,1
14,2284,1,1
0,2285,1,3
1,2285,1,1
2,2285,3,1
3,2285,3,1
4,2285,1,3
5,2285,3,1
6,2285,1,1
7,2285,2,1
8,2285,1,3
9,2285,1,1
10,2285,1,1
11,2285,2,2
12,2285,2,2
13,2285,1,1
14,2285,1,1
0,2286,2,1
1,2286,1,1
2,2286,1,1
3,2286,2,3
4,2286,1,1
5,2286,1,1
6,2286,1,1
7,2286,1,1
8,2286,1,1
9,2286,1,1
10,2286,1,1
11,2286,1,2
12,2286,2,1
13,2286,1,1
14,2286,1,1
0,2287,1,3
1,2287,1,1
2,2287,3,1
3,2287,3,1
4,2287,1,3
5,2287,3,1
6,2287,1,1
7,2287,2,1
8,2287,1,3
9,2287,1,1
10,2287,1,1
11,2287,2,2
12,2287,2,2
13,2287,1,1
14,2287,1,1
0,2288,3,1
1,2288,1,1
2,2288,1,1
3,2288,0,2
4,2288,1,1
5,2288,2,2
6,2288,1,1
7,2288,1,1
8,2288,1,1
9,2288,1,1
10,2288,1,1
11,2288,2,2
12,2288,2,2
13,2288,1,1
14,2288,1,1
0,2289,1,3
1,2289,1,1
2,2289,3,1
3,2289,3,1
4,2289,1,3
5,2289,3,1
6,2289,1,1
7,2289,2,1
8,2289,1,3
9,2289,1,1
10,2289,1,1
11,2289,2,2
12,2289,2,2
13,2289,1,1
14,2289,1,1
0,2290,1,1
1,2290,1,1
2,2290,1,1
3,2290,1,1
4,2290,1,1
5,2290,1,1
6,2290,1,1
7,2290,1,1
8,2290,1,1
9,2290,1,1
10,2290,1,1
11,2290,1,1
12,2290,1,1
13,2290,1,1
14,2290,1,1
0,2291,2,1
1,2291,1,1
2,2291,1,1
3,2291,2,3
4,2291,1,1
5,2291,1,1
6,2291,1,1
7,2291,1,1
8,2291,1,3
9,2291,1,1
10,2291,3,3
11,2291,2,2
12,2291,2,2
13,2291,1,1
14,2291,1,1
0,2292,3,1
1,2292,1,1
2,2292,1,1
3,2292,0,2
4,2292,1,1
5,2292,2,2
6,2292,1,1
7,2292,1,1
8,2292,1,1
9,2292,1,1
10,2292,1,1
11,2292,2,2
12,2292,2,2
13,2292,1,1
14,2292,1,1
0,2293,2,1
1,2293,1,1
2,2293,1,1
3,2293,2,3
4,2293,1,1
5,2293,1,1
6,2293,1,1
7,2293,1,1
8,2293,1,3
9,2293,1,1
10,2293,3,3
11,2293,2,2
12,2293,2,2
13,2293,1,1
14,2293,1,1
0,2294,2,1
1,2294,1,1
2,2294,1,1
3,2294,2,3
4,2294,1,1
5,2294,1,1
6,2294,1,1
7,2294,1,1
8,2294,1,1
9,2294,1,1
10,2294,1,1
11,2294,1,2
12,2294,2,1
13,2294,1,1
14,2294,1,1
0,2295,1,1
1,2295,1,1
2,2295,1,1
3,2295,1,1
4,2295,1,1
5,2295,1,1
6,2295,1,1
7,2295,1,1
8,2295,1,1
9,2295,1,1
10,2295,1,1
11,2295,1,1
12,2295,1,1
13,2295,1,1
14,2295,1,1
0,2296,1,3
1,2296,1,1
2,2296,3,1
3,2296,3,1
4,2296,1,3
5,2296,3,1
6,2296,1,1
7,2296,2,1
8,2296,1,3
9,2296,1,1
10,2296,1,1
11,2296,2,2
12,2296,2,2
13,2296,1,1
14,2296,1,1
0,2297,2,1
1,2297,1,1
2,2297,1,1
3,2297,2,3
4,2297,1,1
5,2297,1,1
6,2297,1,1
7,2297,1,1
8,2297,1,3
9,2297,1,1
10,2297,3,3
11,2297,2,2
12,2297,2,2
13,2297,1,1
14,2297,1,1
0,2298,1,3
1,2298,1,1
2,2298,3,1
3,2298,3,1
4,2298,1,3
5,2298,3,1
6,2298,1,1
7,2298,2,1
8,2298,1,3
9,2298,1,1
10,2298,1,1
11,2298,2,2
12,2298,2,2
13,2298,1,1
14,2298,1,1
0,2299,1,1
1,2299,1,1
2,2299,1,1
3,2299,1,1
4,2299,1,1
5,2299,1,1
6,2299,1,1
7,2299,1,1
8,2299,1,1
9,2299,1,1
10,2299,1,1
11,2299,1,1
12,2299,1,1
13,2299,1,1
14,2299,1,1
0,2300,1,3
1,2300,1,1
2,2300,3,1
3,2300,3,1
4,2300,1,3
5,2300,3,1
6,2300,1,1
7,2300,2,1
8,2300,1,3
9,2300,1,1
10,2300,1,1
11,2300,2,2
12,2300,2,2
13,2300,1,1
14,2300,1,1
0,2301,3,1
1,2301,1,1
2,2301,1,1
3,2301,0,2
4,2301,1,1
5,2301,2,2
6,2301,1,1
7,2301,1,1
8,2301,1,1
9,2301,1,1
10,2301,1,1
11,2301,2,2
12,2301,2,2
13,2301,1,1
14,2301,1,1
0,2302,1,3
1,2302,1,1
2,2302,3,1
3,2302,3,1
4,2302,1,3
5,2302,3,1
6,2302,1,1
7,2302,2,1
8,2302,1,3
9,2302,1,1
10,2302,1,1
11,2302,2,2
12,2302,2,2
13,2302,1,1
14,2302,1,1
0,2303,1,3
1,2303,1,1
2,2303,3,1
3,2303,3,1
4,2303,1,3
5,2303,3,1
6,2303,1,1
7,2303,2,1
8,2303,1,3
9,2303,1,1
10,2303,1,1
11,2303,2,2
12,2303,2,2
13,2303,1,1
14,2303,1,1
0,2304,1,1
1,2304,1,1
2,2304,1,1
3,2304,1,1
4,2304,1,1
5,2304,1,1
6,2304,1,1
7,2304,1,1
8,2304,1,1
9,2304,1,1
10,2304,1,1
11,2304,1,1
12,2304,1,1
13,2304,1,1
14,2304,1,1
0,2305,3,1
1,2305,1,1
2,2305,1,1
3,2305,0,2
4,2305,1,1
5,2305,2,2
6,2305,1,1
7,2305,1,1
8,2305,1,1
9,2305,1,1
10,2305,1,1
11,2305,2,2
12,2305,2,2
13,2305,1,1
14,2305,1,1
0,2306,1,3
1,2306,1,1
2,2306,3,1
3,2306,3,1
4,2306,1,3
5,2306,3,1
6,2306,1,1
7,2306,2,1
8,2306,1,3
9,2306,1,1
10,2306,1,1
11,2306,2,2
12,2306,2,2
13,2306,1,1
14,2306,1,1
0,2307,3,1
1,2307,1,1
2,2307,1,1
3,2307,0,2
4,2307,1,1
5,2307,2,2
6,2307,1,1
7,2307,1,1
8,2307,1,1
9,2307,1,1
10,2307,1,1
11,2307,2,2
12,2307,2,2
13,2307,1,1
14,2307,1,1
0,2308,2,1
1,2308,1,1
2,2308,1,1
3,2308,2,3
4,2308,1,1
5,2308,1,1
6,2308,1,1
7,2308,1,1
8,2308,1,1
9,2308,1,1
10,2308,1,1
11,2308,1,2
12,2308,2,1
13,2308,1,1
14,2308,1,1
0,2309,3,1
1,2309,1,1
2,2309,1,1
3,2309,0,2
4,2309,1,1
5,2309,2,2
6,2309,1,1
7,2309,1,1
8,2309,1,1
9,2309,1,1
10,2309,1,1
11,2309,2,2
12,2309,2,2
13,2309,1,1
14,2309,1,1
0,2310,1,3
1,2310,1,1
2,2310,3,1
3,2310,3,1
4,2310,1,3
5,2310,3,1
6,2310,1,1
7,2310,2,1
8,2310,1,3
9,2310,1,1
10,2310,1,1
11,2310,2,2
12,2310,2,2
13,2310,1,1
14,2310,1,1
0,2311,1,3
1,2311,1,1
2,2311,3,1
3,2311,3,1
4,2311,1,3
5,2311,3,1
6,2311,1,1
7,2311,2,1
8,2311,1,3
9,2311,1,1
10,2311,1,1
11,2311,2,2
12,2311,2,2
13,2311,1,1
14,2311,1,1
0,2312,1,3
1,2312,1,1
2,2312,3,1
3,2312,3,1
4,2312,1,3
5,2312,3,1
6,2312,1,1
7,2312,2,1
8,2312,1,3
9,2312,1,1
10,2312,1,1
11,2312,2,2
12,2312,2,2
13,2312,1,1
14,2312,1,1
0,2313,1,3
1,2313,1,1
2,2313,3,1
3,2313,3,1
4,2313,1,3
5,2313,3,1
6,2313,1,1
7,2313,2,1
8,2313,1,3
9,2313,1,1
10,2313,1,1
11,2313,2,2
12,2313,2,2
13,2313,1,1
14,2313,1,1
0,2314,1,3
1,2314,1,1
2,2314,3,1
3,2314,3,1
4,2314,1,3
5,2314,3,1
6,2314,1,1
7,2314,2,1
8,2314,1,3
9,2314,1,1
10,2314,1,1
11,2314,2,2
12,2314,2,2
13,2314,1,1
14,2314,1,1
0,2315,1,3
1,2315,1,1
2,2315,3,1
3,2315,3,1
4,2315,1,3
5,2315,3,1
6,2315,1,1
7,2315,2,1
8,2315,1,3
9,2315,1,1
10,2315,1,1
11,2315,2,2
12,2315,2,2
13,2315,1,1
14,2315,1,1
0,2316,2,1
1,2316,1,1
2,2316,1,1
3,2316,2,3
4,2316,1,1
5,2316,1,1
6,2316,1,1
7,2316,1,1
8,2316,1,3
9,2316,1,1
10,2316,3,3
11,2316,2,2
12,2316,2,2
13,2316,1,1
14,2316,1,1
0,2317,2,1
1,2317,1,1
2,2317,1,1
3,2317,2,3
4,2317,1,1
5,2317,1,1
6,2317,1,1
7,2317,1,1
8,2317,1,1
9,2317,1,1
10,2317,1,1
11,2317,1,2
12,2317,2,1
13,2317,1,1
14,2317,1,1
0,2318,1,3
1,2318,1,1
2,2318,3,1
3,2318,3,1
4,2318,1,3
5,2318,3,1
6,2318,1,1
7,2318,2,1
8,2318,1,3
9,2318,1,1
10,2318,1,1
11,2318,2,2
12,2318,2,2
13,2318,1,1
14,2318,1,1
0,2319,2,1
1,2319,1,1
2,2319,1,1
3,2319,2,3
4,2319,1,1
5,2319,1,1
6,2319,1,1
7,2319,1,1
8,2319,1,1
9,2319,1,1
10,2319,1,1
11,2319,1,2
12,2319,2,1
13,2319,1,1
14,2319,1,1
0,2320,1,3
1,2320,1,1
2,2320,3,1
3,2320,3,1
4,2320,1,3
5,2320,3,1
6,2320,1,1
7,2320,2,1
8,2320,1,3
9,2320,1,1
10,2320,1,1
11,2320,2,2
12,2320,2,2
13,2320,1,1
14,2320,1,1
0,2321,1,3
1,2321,1,1
2,2321,3,1
3,2321,3,1
4,2321,1,3
5,2321,3,1
6,2321,1,1
7,2321,2,1
8,2321,1,3
9,2321,1,1
10,2321,1,1
11,2321,2,2
12,2321,2,2
13,2321,1,1
14,2321,1,1
0,2322,3,1
1,2322,1,1
2,2322,1,1
3,2322,0,2
4,2322,1,1
5,2322,2,2
6,2322,1,1
7,2322,1,1
8,2322,1,1
9,2322,1,1
10,2322,1,1
11,2322,2,2
12,2322,2,2
13,2322,1,1
14,2322,1,1
0,2323,1,3
1,2323,1,1
2,2323,3,1
3,2323,3,1
4,2323,1,3
5,2323,3,1
6,2323,1,1
7,2323,2,1
8,2323,1,3
9,2323,1,1
10,2323,1,1
11,2323,2,2
12,2323,2,2
13,2323,1,1
14,2323,1,1
0,2324,2,1
1,2324,1,1
2,2324,1,1
3,2324,2,3
4,2324,1,1
5,2324,1,1
6,2324,1,1
7,2324,1,1
8,2324,1,3
9,2324,1,1
10,2324,3,3
11,2324,2,2
12,2324,2,2
13,2324,1,1
14,2324,1,1
0,2325,1,3
1,2325,1,1
2,2325,3,1
3,2325,3,1
4,2325,1,3
5,2325,3,1
6,2325,1,1
7,2325,2,1
8,2325,1,3
9,2325,1,1
10,2325,1,1
11,2325,2,2
12,2325,2,2
13,2325,1,1
14,2325,1,1
0,2326,1,3
1,2326,1,1
2,2326,3,1
3,2326,3,1
4,2326,1,3
5,2326,3,1
6,2326,1,1
7,2326,2,1
8,2326,1,3
9,2326,1,1
10,2326,1,1
11,2326,2,2
12,2326,2,2
13,2326,1,1
14,2326,1,1
0,2327,2,1
1,2327,1,1
2,2327,1,1
3,2327,2,3
4,2327,1,1
5,2327,1,1
6,2327,1,1
7,2327,1,1
8,2327,1,3
9,2327,1,1
10,2327,3,3
11,2327,2,2
12,2327,2,2
13,2327,1,1
14,2327,1,1
0,2328,1,3
1,2328,1,1
2,2328,3,1
3,2328,3,1
4,2328,1,3
5,2328,3,1
6,2328,1,1
7,2328,2,1
8,2328,1,3
9,2328,1,1
10,2328,1,1
11,2328,2,2
12,2328,2,2
13,2328,1,1
14,2328,1,1
0,2329,1,3
1,2329,1,1
2,2329,3,1
3,2329,3,1
4,2329,1,3
5,2329,3,1
6,2329,1,1
7,2329,2,1
8,2329,1,3
9,2329,1,1
10,2329,1,1
11,2329,2,2
12,2329,2,2
13,2329,1,1
14,2329,1,1
0,2330,3,1
1,2330,1,1
2,2330,1,1
3,2330,0,2
4,2330,1,1
5,2330,2,2
6,2330,1,1
7,2330,1,1
8,2330,1,1
9,2330,1,1
10,2330,1,1
11,2330,2,2
12,2330,2,2
13,2330,1,1
14,2330,1,1
0,2331,2,1
1,2331,1,1
2,2331,1,1
3,2331,2,3
4,2331,1,1
5,2331,1,1
6,2331,1,1
7,2331,1,1
8,2331,1,3
9,2331,1,1
10,2331,3,3
11,2331,2,2
12,2331,2,2
13,2331,1,1
14,2331,1,1
0,2332,1,3
1,2332,1,1
2,2332,3,1
3,2332,3,1
4,2332,1,3
5,2332,3,1
6,2332,1,1
7,2332,2,1
8,2332,1,3
9,2332,1,1
10,2332,1,1
11,2332,2,2
12,2332,2,2
13,2332,1,1
14,2332,1,1
0,2333,1,1
1,2333,1,1
2,2333,1,1
3,2333,1,1
4,2333,1,1
5,2333,1,1
6,2333,1,1
7,2333,1,1
8,2333,1,1
9,2333,1,1
10,2333,1,1
11,2333,1,1
12,2333,1,1
13,2333,1,1
14,2333,1,1
0,2334,1,3
1,2334,1,1
2,2334,3,1
3,2334,3,1
4,2334,1,3
5,2334,3,1
6,2334,1,1
7,2334,2,1
8,2334,1,3
9,2334,1,1
10,2334,1,1
11,2334,2,2
12,2334,2,2
13,2334,1,1
14,2334,1,1
0,2335,1,3
1,2335,1,1
2,2335,3,1
3,2335,3,1
4,2335,1,3
5,2335,3,1
6,2335,1,1
7,2335,2,1
8,2335,1,3
9,2335,1,1
10,2335,1,1
11,2335,2,2
12,2335,2,2
13,2335,1,1
14,2335,1,1
0,2336,1,3
1,2336,1,1
2,2336,3,1
3,2336,3,1
4,2336,1,3
5,2336,3,1
6,2336,1,1
7,2336,2,1
8,2336,1,3
9,2336,1,1
10,2336,1,1
11,2336,2,2
12,2336,2,2
13,2336,1,1
14,2336,1,1
0,2337,3,1
1,2337,1,1
2,2337,1,1
3,2337,0,2
4,2337,1,1
5,2337,2,2
6,2337,1,1
7,2337,1,1
8,2337,1,1
9,2337,1,1
10,2337,1,1
11,2337,2,2
12,2337,2,2
13,2337,1,1
14,2337,1,1
0,2338,2,1
1,2338,1,1
2,2338,1,1
3,2338,2,3
4,2338,1,1
5,2338,1,1
6,2338,1,1
7,2338,1,1
8,2338,1,1
9,2338,1,1
10,2338,1,1
11,2338,1,2
12,2338,2,1
13,2338,1,1
14,2338,1,1
0,2339,1,3
1,2339,1,1
2,2339,3,1
3,2339,3,1
4,2339,1,3
5,2339,3,1
6,2339,1,1
7,2339,2,1
8,2339,1,3
9,2339,1,1
10,2339,1,1
11,2339,2,2
12,2339,2,2
13,2339,1,1
14,2339,1,1
0,2340,1,3
1,2340,1,1
2,2340,3,1
3,2340,3,1
4,2340,1,3
5,2340,3,1
6,2340,1,1
7,2340,2,1
8,2340,1,3
9,2340,1,1
10,2340,1,1
11,2340,2,2
12,2340,2,2
13,2340,1,1
14,2340,1,1
0,2341,2,1
1,2341,1,1
2,2341,1,1
3,2341,2,3
4,2341,1,1
5,2341,1,1
6,2341,1,1
7,2341,1,1
8,2341,1,3
9,2341,1,1
10,2341,3,3
11,2341,2,2
12,2341,2,2
13,2341,1,1
14,2341,1,1
0,2342,1,3
1,2342,1,1
2,2342,3,1
3,2342,3,1
4,2342,1,3
5,2342,3,1
6,2342,1,1
7,2342,2,1
8,2342,1,3
9,2342,1,1
10,2342,1,1
11,2342,2,2
12,2342,2,2
13,2342,1,1
14,2342,1,1
0,2343,1,3
1,2343,1,1
2,2343,3,1
3,2343,3,1
4,2343,1,3
5,2343,3,1
6,2343,1,1
7,2343,2,1
8,2343,1,3
9,2343,1,1
10,2343,1,1
11,2343,2,2
12,2343,2,2
13,2343,1,1
14,2343,1,1
0,2344,1,3
1,2344,1,1
2,2344,3,1
3,2344,3,1
4,2344,1,3
5,2344,3,1
6,2344,1,1
7,2344,2,1
8,2344,1,3
9,2344,1,1
10,2344,1,1
11,2344,2,2
12,2344,2,2
13,2344,1,1
14,2344,1,1
0,2345,1,3
1,2345,1,1
2,2345,3,1
3,2345,3,1
4,2345,1,3
5,2345,3,1
6,2345,1,1
7,2345,2,1
8,2345,1,3
9,2345,1,1
10,2345,1,1
11,2345,2,2
12,2345,2,2
13,2345,1,1
14,2345,1,1
0,2346,1,3
1,2346,1,1
2,2346,3,1
3,2346,3,1
4,2346,1,3
5,2346,3,1
6,2346,1,1
7,2346,2,1
8,2346,1,3
9,2346,1,1
10,2346,1,1
11,2346,2,2
12,2346,2,2
13,2346,1,1
14,2346,1,1
0,2347,1,3
1,2347,1,1
2,2347,3,1
3,2347,3,1
4,2347,1,3
5,2347,3,1
6,2347,1,1
7,2347,2,1
8,2347,1,3
9,2347,1,1
10,2347,1,1
11,2347,2,2
12,2347,2,2
13,2347,1,1
14,2347,1,1
0,2348,2,1
1,2348,1,1
2,2348,1,1
3,2348,2,3
4,2348,1,1
5,2348,1,1
6,2348,1,1
7,2348,1,1
8,2348,1,3
9,2348,1,1
10,2348,3,3
11,2348,2,2
12,2348,2,2
13,2348,1,1
14,2348,1,1
0,2349,1,3
1,2349,1,1
2,2349,3,1
3,2349,3,1
4,2349,1,3
5,2349,3,1
6,2349,1,1
7,2349,2,1
8,2349,1,3
9,2349,1,1
10,2349,1,1
11,2349,2,2
12,2349,2,2
13,2349,1,1
14,2349,1,1
0,2350,3,1
1,2350,1,1
2,2350,1,1
3,2350,0,2
4,2350,1,1
5,2350,2,2
6,2350,1,1
7,2350,1,1
8,2350,1,1
9,2350,1,1
10,2350,1,1
11,2350,2,2
12,2350,2,2
13,2350,1,1
14,2350,1,1
0,2351,3,1
1,2351,1,1
2,2351,1,1
3,2351,0,2
4,2351,1,1
5,2351,2,2
6,2351,1,1
7,2351,1,1
8,2351,1,1
9,2351,1,1
10,2351,1,1
11,2351,2,2
12,2351,2,2
13,2351,1,1
14,2351,1,1
0,2352,2,1
1,2352,1,1
2,2352,1,1
3,2352,2,3
4,2352,1,1
5,2352,1,1
6,2352,1,1
7,2352,1,1
8,2352,1,3
9,2352,1,1
10,2352,3,3
11,2352,2,2
12,2352,2,2
13,2352,1,1
14,2352,1,1
0,2353,1,1
1,2353,1,1
2,2353,1,1
3,2353,1,1
4,2353,1,1
5,2353,1,1
6,2353,1,1
7,2353,1,1
8,2353,1,1
9,2353,1,1
10,2353,1,1
11,2353,1,1
12,2353,1,1
13,2353,1,1
14,2353,1,1
0,2354,1,1
1,2354,1,1
2,2354,1,1
3,2354,1,1
4,2354,1,1
5,2354,1,1
6,2354,1,1
7,2354,1,1
8,2354,1,1
9,2354,1,1
10,2354,1,1
11,2354,1,1
12,2354,1,1
13,2354,1,1
14,2354,1,1
0,2355,3,1
1,2355,1,1
2,2355,1,1
3,2355,0,2
4,2355,1,1
5,2355,2,2
6,2355,1,1
7,2355,1,1
8,2355,1,1
9,2355,1,1
10,2355,1,1
11,2355,2,2
12,2355,2,2
13,2355,1,1
14,2355,1,1
0,2356,1,3
1,2356,1,1
2,2356,3,1
3,2356,3,1
4,2356,1,3
5,2356,3,1
6,2356,1,1
7,2356,2,1
8,2356,1,3
9,2356,1,1
10,2356,1,1
11,2356,2,2
12,2356,2,2
13,2356,1,1
14,2356,1,1
0,2357,3,1
1,2357,1,1
2,2357,1,1
3,2357,0,2
4,2357,1,1
5,2357,2,2
6,2357,1,1
7,2357,1,1
8,2357,1,1
9,2357,1,1
10,2357,1,1
11,2357,2,2
12,2357,2,2
13,2357,1,1
14,2357,1,1
0,2358,3,1
1,2358,1,1
2,2358,1,1
3,2358,0,2
4,2358,1,1
5,2358,2,2
6,2358,1,1
7,2358,1,1
8,2358,1,1
9,2358,1,1
10,2358,1,1
11,2358,2,2
12,2358,2,2
13,2358,1,1
14,2358,1,1
0,2359,3,1
1,2359,1,1
2,2359,1,1
3,2359,0,2
4,2359,1,1
5,2359,2,2
6,2359,1,1
7,2359,1,1
8,2359,1,1
9,2359,1,1
10,2359,1,1
11,2359,2,2
12,2359,2,2
13,2359,1,1
14,2359,1,1
0,2360,1,1
1,2360,1,1
2,2360,1,1
3,2360,1,1
4,2360,1,1
5,2360,1,1
6,2360,1,1
7,2360,1,1
8,2360,1,1
9,2360,1,1
10,2360,1,1
11,2360,1,1
12,2360,1,1
13,2360,1,1
14,2360,1,1
0,2361,2,1
1,2361,1,1
2,2361,1,1
3,2361,2,3
4,2361,1,1
5,2361,1,1
6,2361,1,1
7,2361,1,1
8,2361,1,1
9,2361,1,1
10,2361,1,1
11,2361,1,2
12,2361,2,1
13,2361,1,1
14,2361,1,1
0,2362,1,3
1,2362,1,1
2,2362,3,1
3,2362,3,1
4,2362,1,3
5,2362,3,1
6,2362,1,1
7,2362,2,1
8,2362,1,3
9,2362,1,1
10,2362,1,1
11,2362,2,2
12,2362,2,2
13,2362,1,1
14,2362,1,1
0,2363,1,1
1,2363,1,1
2,2363,1,1
3,2363,1,1
4,2363,1,1
5,2363,1,1
6,2363,1,1
7,2363,1,1
8,2363,1,1
9,2363,1,1
10,2363,1,1
11,2363,1,1
12,2363,1,1
13,2363,1,1
14,2363,1,1
0,2364,1,3
1,2364,1,1
2,2364,3,1
3,2364,3,1
4,2364,1,3
5,2364,3,1
6,2364,1,1
7,2364,2,1
8,2364,1,3
9,2364,1,1
10,2364,1,1
11,2364,2,2
12,2364,2,2
13,2364,1,1
14,2364,1,1
0,2365,3,1
1,2365,1,1
2,2365,1,1
3,2365,0,2
4,2365,1,1
5,2365,2,2
6,2365,1,1
7,2365,1,1
8,2365,1,1
9,2365,1,1
10,2365,1,1
11,2365,2,2
12,2365,2,2
13,2365,1,1
14,2365,1,1
0,2366,1,3
1,2366,1,1
2,2366,3,1
3,2366,3,1
4,2366,1,3
5,2366,3,1
6,2366,1,1
7,2366,2,1
8,2366,1,3
9,2366,1,1
10,2366,1,1
11,2366,2,2
12,2366,2,2
13,2366,1,1
14,2366,1,1
0,2367,3,1
1,2367,1,1
2,2367,1,1
3,2367,0,2
4,2367,1,1
5,2367,2,2
6,2367,1,1
7,2367,1,1
8,2367,1,1
9,2367,1,1
10,2367,1,1
11,2367,2,2
12,2367,2,2
13,2367,1,1
14,2367,1,1
0,2368,1,3
1,2368,1,1
2,2368,3,1
3,2368,3,1
4,2368,1,3
5,2368,3,1
6,2368,1,1
7,2368,2,1
8,2368,1,3
9,2368,1,1
10,2368,1,1
11,2368,2,2
12,2368,2,2
13,2368,1,1
14,2368,1,1
0,2369,1,3
1,2369,1,1
2,2369,3,1
3,2369,3,1
4,2369,1,3
5,2369,3,1
6,2369,1,1
7,2369,2,1
8,2369,1,3
9,2369,1,1
10,2369,1,1
11,2369,2,2
12,2369,2,2
13,2369,1,1
14,2369,1,1
0,2370,1,3
1,2370,1,1
2,2370,3,1
3,2370,3,1
4,2370,1,3
5,2370,3,1
6,2370,1,1
7,2370,2,1
8,2370,1,3
9,2370,1,1
10,2370,1,1
11,2370,2,2
12,2370,2,2
13,2370,1,1
14,2370,1,1
0,2371,2,1
1,2371,1,1
2,2371,1,1
3,2371,2,3
4,2371,1,1
5,2371,1,1
6,2371,1,1
7,2371,1,1
8,2371,1,1
9,2371,1,1
10,2371,1,1
11,2371,1,2
12,2371,2,1
13,2371,1,1
14,2371,1,1
0,2372,1,3
1,2372,1,1
2,2372,3,1
3,2372,3,1
4,2372,1,3
5,2372,3,1
6,2372,1,1
7,2372,2,1
8,2372,1,3
9,2372,1,1
10,2372,1,1
11,2372,2,2
12,2372,2,2
13,2372,1,1
14,2372,1,1
0,2373,3,1
1,2373,1,1
2,2373,1,1
3,2373,0,2
4,2373,1,1
5,2373,2,2
6,2373,1,1
7,2373,1,1
8,2373,1,1
9,2373,1,1
10,2373,1,1
11,2373,2,2
12,2373,2,2
13,2373,1,1
14,2373,1,1
0,2374,3,1
1,2374,1,1
2,2374,1,1
3,2374,0,2
4,2374,1,1
5,2374,2,2
6,2374,1,1
7,2374,1,1
8,2374,1,1
9,2374,1,1
10,2374,1,1
11,2374,2,2
12,2374,2,2
13,2374,1,1
14,2374,1,1
0,2375,1,1
1,2375,1,1
2,2375,1,1
3,2375,1,1
4,2375,1,1
5,2375,1,1
6,2375,1,1
7,2375,1,1
8,2375,1,1
9,2375,1,1
10,2375,1,1
11,2375,1,1
12,2375,1,1
13,2375,1,1
14,2375,1,1
0,2376,1,3
1,2376,1,1
2,2376,3,1
3,2376,3,1
4,2376,1,3
5,2376,3,1
6,2376,1,1
7,2376,2,1
8,2376,1,3
9,2376,1,1
10,2376,1,1
11,2376,2,2
12,2376,2,2
13,2376,1,1
14,2376,1,1
0,2377,1,1
1,2377,1,1
2,2377,1,1
3,2377,1,1
4,2377,1,1
5,2377,1,1
6,2377,1,1
7,2377,1,1
8,2377,1,1
9,2377,1,1
10,2377,1,1
11,2377,1,1
12,2377,1,1
13,2377,1,1
14,2377,1,1
0,2378,1,3
1,2378,1,1
2,2378,3,1
3,2378,3,1
4,2378,1,3
5,2378,3,1
6,2378,1,1
7,2378,2,1
8,2378,1,3
9,2378,1,1
10,2378,1,1
11,2378,2,2
12,2378,2,2
13,2378,1,1
14,2378,1,1
0,2379,1,3
1,2379,1,1
2,2379,3,1
3,2379,3,1
4,2379,1,3
5,2379,3,1
6,2379,1,1
7,2379,2,1
8,2379,1,3
9,2379,1,1
10,2379,1,1
11,2379,2,2
12,2379,2,2
13,2379,1,1
14,2379,1,1
0,2380,1,3
1,2380,1,1
2,2380,3,1
3,2380,3,1
4,2380,1,3
5,2380,3,1
6,2380,1,1
7,2380,2,1
8,2380,1,3
9,2380,1,1
10,2380,1,1
11,2380,2,2
12,2380,2,2
13,2380,1,1
14,2380,1,1
0,2381,2,1
1,2381,1,1
2,2381,1,1
3,2381,2,3
4,2381,1,1
5,2381,1,1
6,2381,1,1
7,2381,1,1
8,2381,1,1
9,2381,1,1
10,2381,1,1
11,2381,1,2
12,2381,2,1
13,2381,1,1
14,2381,1,1
0,2382,1,3
1,2382,1,1
2,2382,3,1
3,2382,3,1
4,2382,1,3
5,2382,3,1
6,2382,1,1
7,2382,2,1
8,2382,1,3
9,2382,1,1
10,2382,1,1
11,2382,2,2
12,2382,2,2
13,2382,1,1
14,2382,1,1
0,2383,3,1
1,2383,1,1
2,2383,1,1
3,2383,0,2
4,2383,1,1
5,2383,2,2
6,2383,1,1
7,2383,1,1
8,2383,1,1
9,2383,1,1
10,2383,1,1
11,2383,2,2
12,2383,2,2
13,2383,1,1
14,2383,1,1
0,2384,1,3
1,2384,1,1
2,2384,3,1
3,2384,3,1
4,2384,1,3
5,2384,3,1
6,2384,1,1
7,2384,2,1
8,2384,1,3
9,2384,1,1
10,2384,1,1
11,2384,2,2
12,2384,2,2
13,2384,1,1
14,2384,1,1
0,2385,1,3
1,2385,1,1
2,2385,3,1
3,2385,3,1
4,2385,1,3
5,2385,3,1
6,2385,1,1
7,2385,2,1
8,2385,1,3
9,2385,1,1
10,2385,1,1
11,2385,2,2
12,2385,2,2
13,2385,1,1
14,2385,1,1
0,2386,1,3
1,2386,1,1
2,2386,3,1
3,2386,3,1
4,2386,1,3
5,2386,3,1
6,2386,1,1
7,2386,2,1
8,2386,1,3
9,2386,1,1
10,2386,1,1
11,2386,2,2
12,2386,2,2
13,2386,1,1
14,2386,1,1
0,2387,3,1
1,2387,1,1
2,2387,1,1
3,2387,0,2
4,2387,1,1
5,2387,2,2
6,2387,1,1
7,2387,1,1
8,2387,1,1
9,2387,1,1
10,2387,1,1
11,2387,2,2
12,2387,2,2
13,2387,1,1
14,2387,1,1
0,2388,1,3
1,2388,1,1
2,2388,3,1
3,2388,3,1
4,2388,1,3
5,2388,3,1
6,2388,1,1
7,2388,2,1
8,2388,1,3
9,2388,1,1
10,2388,1,1
11,2388,2,2
12,2388,2,2
13,2388,1,1
14,2388,1,1
0,2389,1,1
1,2389,1,1
2,2389,1,1
3,2389,1,1
4,2389,1,1
5,2389,1,1
6,2389,1,1
7,2389,1,1
8,2389,1,1
9,2389,1,1
10,2389,1,1
11,2389,1,1
12,2389,1,1
13,2389,1,1
14,2389,1,1
0,2390,1,3
1,2390,1,1
2,2390,3,1
3,2390,3,1
4,2390,1,3
5,2390,3,1
6,2390,1,1
7,2390,2,1
8,2390,1,3
9,2390,1,1
10,2390,1,1
11,2390,2,2
12,2390,2,2
13,2390,1,1
14,2390,1,1
0,2391,1,3
1,2391,1,1
2,2391,3,1
3,2391,3,1
4,2391,1,3
5,2391,3,1
6,2391,1,1
7,2391,2,1
8,2391,1,3
9,2391,1,1
10,2391,1,1
11,2391,2,2
12,2391,2,2
13,2391,1,1
14,2391,1,1
0,2392,1,3
1,2392,1,1
2,2392,3,1
3,2392,3,1
4,2392,1,3
5,2392,3,1
6,2392,1,1
7,2392,2,1
8,2392,1,3
9,2392,1,1
10,2392,1,1
11,2392,2,2
12,2392,2,2
13,2392,1,1
14,2392,1,1
0,2393,1,3
1,2393,1,1
2,2393,3,1
3,2393,3,1
4,2393,1,3
5,2393,3,1
6,2393,1,1
7,2393,2,1
8,2393,1,3
9,2393,1,1
10,2393,1,1
11,2393,2,2
12,2393,2,2
13,2393,1,1
14,2393,1,1
0,2394,1,3
1,2394,1,1
2,2394,3,1
3,2394,3,1
4,2394,1,3
5,2394,3,1
6,2394,1,1
7,2394,2,1
8,2394,1,3
9,2394,1,1
10,2394,1,1
11,2394,2,2
12,2394,2,2
13,2394,1,1
14,2394,1,1
0,2395,2,1
1,2395,1,1
2,2395,1,1
3,2395,2,3
4,2395,1,1
5,2395,1,1
6,2395,1,1
7,2395,1,1
8,2395,1,3
9,2395,1,1
10,2395,3,3
11,2395,2,2
12,2395,2,2
13,2395,1,1
14,2395,1,1
0,2396,1,3
1,2396,1,1
2,2396,3,1
3,2396,3,1
4,2396,1,3
5,2396,3,1
6,2396,1,1
7,2396,2,1
8,2396,1,3
9,2396,1,1
10,2396,1,1
11,2396,2,2
12,2396,2,2
13,2396,1,1
14,2396,1,1
0,2397,1,3
1,2397,1,1
2,2397,3,1
3,2397,3,1
4,2397,1,3
5,2397,3,1
6,2397,1,1
7,2397,2,1
8,2397,1,3
9,2397,1,1
10,2397,1,1
11,2397,2,2
12,2397,2,2
13,2397,1,1
14,2397,1,1
0,2398,1,3
1,2398,1,1
2,2398,3,1
3,2398,3,1
4,2398,1,3
5,2398,3,1
6,2398,1,1
7,2398,2,1
8,2398,1,3
9,2398,1,1
10,2398,1,1
11,2398,2,2
12,2398,2,2
13,2398,1,1
14,2398,1,1
0,2399,2,1
1,2399,1,1
2,2399,1,1
3,2399,2,3
4,2399,1,1
5,2399,1,1
6,2399,1,1
7,2399,1,1
8,2399,1,1
9,2399,1,1
10,2399,1,1
11,2399,1,2
12,2399,2,1
13,2399,1,1
14,2399,1,1
0,2400,1,3
1,2400,1,1
2,2400,3,1
3,2400,3,1
4,2400,1,3
5,2400,3,1
6,2400,1,1
7,2400,2,1
8,2400,1,3
9,2400,1,1
10,2400,1,1
11,2400,2,2
12,2400,2,2
13,2400,1,1
14,2400,1,1
0,2401,1,1
1,2401,1,1
2,2401,1,1
3,2401,1,1
4,2401,1,1
5,2401,1,1
6,2401,1,1
7,2401,1,1
8,2401,1,1
9,2401,1,1
10,2401,1,1
11,2401,1,1
12,2401,1,1
13,2401,1,1
14,2401,1,1
0,2402,1,3
1,2402,1,1
2,2402,3,1
3,2402,3,1
4,2402,1,3
5,2402,3,1
6,2402,1,1
7,2402,2,1
8,2402,1,3
9,2402,1,1
10,2402,1,1
11,2402,2,2
12,2402,2,2
13,2402,1,1
14,2402,1,1
0,2403,1,3
1,2403,1,1
2,2403,3,1
3,2403,3,1
4,2403,1,3
5,2403,3,1
6,2403,1,1
7,2403,2,1
8,2403,1,3
9,2403,1,1
10,2403,1,1
11,2403,2,2
12,2403,2,2
13,2403,1,1
14,2403,1,1
0,2404,1,3
1,2404,1,1
2,2404,3,1
3,2404,3,1
4,2404,1,3
5,2404,3,1
6,2404,1,1
7,2404,2,1
8,2404,1,3
9,2404,1,1
10,2404,1,1
11,2404,2,2
12,2404,2,2
13,2404,1,1
14,2404,1,1
0,2405,2,1
1,2405,1,1
2,2405,1,1
3,2405,2,3
4,2405,1,1
5,2405,1,1
6,2405,1,1
7,2405,1,1
8,2405,1,3
9,2405,1,1
10,2405,3,3
11,2405,2,2
12,2405,2,2
13,2405,1,1
14,2405,1,1
0,2406,1,1
1,2406,1,1
2,2406,1,1
3,2406,1,1
4,2406,1,1
5,2406,1,1
6,2406,1,1
7,2406,1,1
8,2406,1,1
9,2406,1,1
10,2406,1,1
11,2406,1,1
12,2406,1,1
13,2406,1,1
14,2406,1,1
0,2407,3,1
1,2407,1,1
2,2407,1,1
3,2407,0,2
4,2407,1,1
5,2407,2,2
6,2407,1,1
7,2407,1,1
8,2407,1,1
9,2407,1,1
10,2407,1,1
11,2407,2,2
12,2407,2,2
13,2407,1,1
14,2407,1,1
0,2408,2,1
1,2408,1,1
2,2408,1,1
3,2408,2,3
4,2408,1,1
5,2408,1,1
6,2408,1,1
7,2408,1,1
8,2408,1,3
9,2408,1,1
10,2408,3,3
11,2408,2,2
12,2408,2,2
13,2408,1,1
14,2408,1,1
0,2409,1,3
1,2409,1,1
2,2409,3,1
3,2409,3,1
4,2409,1,3
5,2409,3,1
6,2409,1,1
7,2409,2,1
8,2409,1,3
9,2409,1,1
10,2409,1,1
11,2409,2,2
12,2409,2,2
13,2409,1,1
14,2409,1,1
0,2410,1,3
1,2410,1,1
2,2410,3,1
3,2410,3,1
4,2410,1,3
5,2410,3,1
6,2410,1,1
7,2410,2,1
8,2410,1,3
9,2410,1,1
10,2410,1,1
11,2410,2,2
12,2410,2,2
13,2410,1,1
14,2410,1,1
0,2411,2,1
1,2411,1,1
2,2411,1,1
3,2411,2,3
4,2411,1,1
5,2411,1,1
6,2411,1,1
7,2411,1,1
8,2411,1,1
9,2411,1,1
10,2411,1,1
11,2411,1,2
12,2411,2,1
13,2411,1,1
14,2411,1,1
0,2412,1,3
1,2412,1,1
2,2412,3,1
3,2412,3,1
4,2412,1,3
5,2412,3,1
6,2412,1,1
7,2412,2,1
8,2412,1,3
9,2412,1,1
10,2412,1,1
11,2412,2,2
12,2412,2,2
13,2412,1,1
14,2412,1,1
0,2413,1,3
1,2413,1,1
2,2413,3,1
3,2413,3,1
4,2413,1,3
5,2413,3,1
6,2413,1,1
7,2413,2,1
8,2413,1,3
9,2413,1,1
10,2413,1,1
11,2413,2,2
12,2413,2,2
13,2413,1,1
14,2413,1,1
0,2414,1,3
1,2414,1,1
2,2414,3,1
3,2414,3,1
4,2414,1,3
5,2414,3,1
6,2414,1,1
7,2414,2,1
8,2414,1,3
9,2414,1,1
10,2414,1,1
11,2414,2,2
12,2414,2,2
13,2414,1,1
14,2414,1,1
0,2415,1,3
1,2415,1,1
2,2415,3,1
3,2415,3,1
4,2415,1,3
5,2415,3,1
6,2415,1,1
7,2415,2,1
8,2415,1,3
9,2415,1,1
10,2415,1,1
11,2415,2,2
12,2415,2,2
13,2415,1,1
14,2415,1,1
0,2416,1,3
1,2416,1,1
2,2416,3,1
3,2416,3,1
4,2416,1,3
5,2416,3,1
6,2416,1,1
7,2416,2,1
8,2416,1,3
9,2416,1,1
10,2416,1,1
11,2416,2,2
12,2416,2,2
13,2416,1,1
14,2416,1,1
0,2417,1,1
1,2417,1,1
2,2417,1,1
3,2417,1,1
4,2417,1,1
5,2417,1,1
6,2417,1,1
7,2417,1,1
8,2417,1,1
9,2417,1,1
10,2417,1,1
11,2417,1,1
12,2417,1,1
13,2417,1,1
14,2417,1,1
0,2418,1,3
1,2418,1,1
2,2418,3,1
3,2418,3,1
4,2418,1,3
5,2418,3,1
6,2418,1,1
7,2418,2,1
8,2418,1,3
9,2418,1,1
10,2418,1,1
11,2418,2,2
12,2418,2,2
13,2418,1,1
14,2418,1,1
0,2419,1,1
1,2419,1,1
2,2419,1,1
3,2419,1,1
4,2419,1,1
5,2419,1,1
6,2419,1,1
7,2419,1,1
8,2419,1,1
9,2419,1,1
10,2419,1,1
11,2419,1,1
12,2419,1,1
13,2419,1,1
14,2419,1,1
0,2420,1,3
1,2420,1,1
2,2420,3,1
3,2420,3,1
4,2420,1,3
5,2420,3,1
6,2420,1,1
7,2420,2,1
8,2420,1,3
9,2420,1,1
10,2420,1,1
11,2420,2,2
12,2420,2,2
13,2420,1,1
14,2420,1,1
0,2421,2,1
1,2421,1,1
2,2421,1,1
3,2421,2,3
4,2421,1,1
5,2421,1,1
6,2421,1,1
7,2421,1,1
8,2421,1,3
9,2421,1,1
10,2421,3,3
11,2421,2,2
12,2421,2,2
13,2421,1,1
14,2421,1,1
0,2422,1,3
1,2422,1,1
2,2422,3,1
3,2422,3,1
4,2422,1,3
5,2422,3,1
6,2422,1,1
7,2422,2,1
8,2422,1,3
9,2422,1,1
10,2422,1,1
11,2422,2,2
12,2422,2,2
13,2422,1,1
14,2422,1,1
0,2423,3,1
1,2423,1,1
2,2423,1,1
3,2423,0,2
4,2423,1,1
5,2423,2,2
6,2423,1,1
7,2423,1,1
8,2423,1,1
9,2423,1,1
10,2423,1,1
11,2423,2,2
12,2423,2,2
13,2423,1,1
14,2423,1,1
0,2424,2,1
1,2424,1,1
2,2424,1,1
3,2424,2,3
4,2424,1,1
5,2424,1,1
6,2424,1,1
7,2424,1,1
8,2424,1,3
9,2424,1,1
10,2424,3,3
11,2424,2,2
12,2424,2,2
13,2424,1,1
14,2424,1,1
0,2425,1,3
1,2425,1,1
2,2425,3,1
3,2425,3,1
4,2425,1,3
5,2425,3,1
6,2425,1,1
7,2425,2,1
8,2425,1,3
9,2425,1,1
10,2425,1,1
11,2425,2,2
12,2425,2,2
13,2425,1,1
14,2425,1,1
0,2426,2,1
1,2426,1,1
2,2426,1,1
3,2426,2,3
4,2426,1,1
5,2426,1,1
6,2426,1,1
7,2426,1,1
8,2426,1,1
9,2426,1,1
10,2426,1,1
11,2426,1,2
12,2426,2,1
13,2426,1,1
14,2426,1,1
0,2427,1,1
1,2427,1,1
2,2427,1,1
3,2427,1,1
4,2427,1,1
5,2427,1,1
6,2427,1,1
7,2427,1,1
8,2427,1,1
9,2427,1,1
10,2427,1,1
11,2427,1,1
12,2427,1,1
13,2427,1,1
14,2427,1,1
0,2428,2,1
1,2428,1,1
2,2428,1,1
3,2428,2,3
4,2428,1,1
5,2428,1,1
6,2428,1,1
7,2428,1,1
8,2428,1,3
9,2428,1,1
10,2428,3,3
11,2428,2,2
12,2428,2,2
13,2428,1,1
14,2428,1,1
0,2429,2,1
1,2429,1,1
2,2429,1,1
3,2429,2,3
4,2429,1,1
5,2429,1,1
6,2429,1,1
7,2429,1,1
8,2429,1,1
9,2429,1,1
10,2429,1,1
11,2429,1,2
12,2429,2,1
13,2429,1,1
14,2429,1,1
0,2430,2,1
1,2430,1,1
2,2430,1,1
3,2430,2,3
4,2430,1,1
5,2430,1,1
6,2430,1,1
7,2430,1,1
8,2430,1,3
9,2430,1,1
10,2430,3,3
11,2430,2,2
12,2430,2,2
13,2430,1,1
14,2430,1,1
0,2431,1,3
1,2431,1,1
2,2431,3,1
3,2431,3,1
4,2431,1,3
5,2431,3,1
6,2431,1,1
7,2431,2,1
8,2431,1,3
9,2431,1,1
10,2431,1,1
11,2431,2,2
12,2431,2,2
13,2431,1,1
14,2431,1,1
0,2432,1,3
1,2432,1,1
2,2432,3,1
3,2432,3,1
4,2432,1,3
5,2432,3,1
6,2432,1,1
7,2432,2,1
8,2432,1,3
9,2432,1,1
10,2432,1,1
11,2432,2,2
12,2432,2,2
13,2432,1,1
14,2432,1,1
0,2433,2,1
1,2433,1,1
2,2433,1,1
3,2433,2,3
4,2433,1,1
5,2433,1,1
6,2433,1,1
7,2433,1,1
8,2433,1,3
9,2433,1,1
10,2433,3,3
11,2433,2,2
12,2433,2,2
13,2433,1,1
14,2433,1,1
0,2434,1,3
1,2434,1,1
2,2434,3,1
3,2434,3,1
4,2434,1,3
5,2434,3,1
6,2434,1,1
7,2434,2,1
8,2434,1,3
9,2434,1,1
10,2434,1,1
11,2434,2,2
12,2434,2,2
13,2434,1,1
14,2434,1,1
0,2435,2,1
1,2435,1,1
2,2435,1,1
3,2435,2,3
4,2435,1,1
5,2435,1,1
6,2435,1,1
7,2435,1,1
8,2435,1,3
9,2435,1,1
10,2435,3,3
11,2435,2,2
12,2435,2,2
13,2435,1,1
14,2435,1,1
0,2436,3,1
1,2436,1,1
2,2436,1,1
3,2436,0,2
4,2436,1,1
5,2436,2,2
6,2436,1,1
7,2436,1,1
8,2436,1,1
9,2436,1,1
10,2436,1,1
11,2436,2,2
12,2436,2,2
13,2436,1,1
14,2436,1,1
0,2437,2,1
1,2437,1,1
2,2437,1,1
3,2437,2,3
4,2437,1,1
5,2437,1,1
6,2437,1,1
7,2437,1,1
8,2437,1,3
9,2437,1,1
10,2437,3,3
11,2437,2,2
12,2437,2,2
13,2437,1,1
14,2437,1,1
0,2438,3,1
1,2438,1,1
2,2438,1,1
3,2438,0,2
4,2438,1,1
5,2438,2,2
6,2438,1,1
7,2438,1,1
8,2438,1,1
9,2438,1,1
10,2438,1,1
11,2438,2,2
12,2438,2,2
13,2438,1,1
14,2438,1,1
0,2439,2,1
1,2439,1,1
2,2439,1,1
3,2439,2,3
4,2439,1,1
5,2439,1,1
6,2439,1,1
7,2439,1,1
8,2439,1,1
9,2439,1,1
10,2439,1,1
11,2439,1,2
12,2439,2,1
13,2439,1,1
14,2439,1,1
0,2440,1,1
1,2440,1,1
2,2440,1,1
3,2440,1,1
4,2440,1,1
5,2440,1,1
6,2440,1,1
7,2440,1,1
8,2440,1,1
9,2440,1,1
10,2440,1,1
11,2440,1,1
12,2440,1,1
13,2440,1,1
14,2440,1,1
0,2441,2,1
1,2441,1,1
2,2441,1,1
3,2441,2,3
4,2441,1,1
5,2441,1,1
6,2441,1,1
7,2441,1,1
8,2441,1,1
9,2441,1,1
10,2441,1,1
11,2441,1,2
12,2441,2,1
13,2441,1,1
14,2441,1,1
0,2442,1,3
1,2442,1,1
2,2442,3,1
3,2442,3,1
4,2442,1,3
5,2442,3,1
6,2442,1,1
7,2442,2,1
8,2442,1,3
9,2442,1,1
10,2442,1,1
11,2442,2,2
12,2442,2,2
13,2442,1,1
14,2442,1,1
0,2443,1,3
1,2443,1,1
2,2443,3,1
3,2443,3,1
4,2443,1,3
5,2443,3,1
6,2443,1,1
7,2443,2,1
8,2443,1,3
9,2443,1,1
10,2443,1,1
11,2443,2,2
12,2443,2,2
13,2443,1,1
14,2443,1,1
0,2444,2,1
1,2444,1,1
2,2444,1,1
3,2444,2,3
4,2444,1,1
5,2444,1,1
6,2444,1,1
7,2444,1,1
8,2444,1,3
9,2444,1,1
10,2444,3,3
11,2444,2,2
12,2444,2,2
13,2444,1,1
14,2444,1,1
0,2445,2,1
1,2445,1,1
2,2445,1,1
3,2445,2,3
4,2445,1,1
5,2445,1,1
6,2445,1,1
7,2445,1,1
8,2445,1,1
9,2445,1,1
10,2445,1,1
11,2445,1,2
12,2445,2,1
13,2445,1,1
14,2445,1,1
0,2446,2,1
1,2446,1,1
2,2446,1,1
3,2446,2,3
4,2446,1,1
5,2446,1,1
6,2446,1,1
7,2446,1,1
8,2446,1,3
9,2446,1,1
10,2446,3,3
11,2446,2,2
12,2446,2,2
13,2446,1,1
14,2446,1,1
0,2447,1,1
1,2447,1,1
2,2447,1,1
3,2447,1,1
4,2447,1,1
5,2447,1,1
6,2447,1,1
7,2447,1,1
8,2447,1,1
9,2447,1,1
10,2447,1,1
11,2447,1,1
12,2447,1,1
13,2447,1,1
14,2447,1,1
0,2448,3,1
1,2448,1,1
2,2448,1,1
3,2448,0,2
4,2448,1,1
5,2448,2,2
6,2448,1,1
7,2448,1,1
8,2448,1,1
9,2448,1,1
10,2448,1,1
11,2448,2,2
12,2448,2,2
13,2448,1,1
14,2448,1,1
0,2449,3,1
1,2449,1,1
2,2449,1,1
3,2449,0,2
4,2449,1,1
5,2449,2,2
6,2449,1,1
7,2449,1,1
8,2449,1,1
9,2449,1,1
10,2449,1,1
11,2449,2,2
12,2449,2,2
13,2449,1,1
14,2449,1,1
0,2450,1,1
1,2450,1,1
2,2450,1,1
3,2450,1,1
4,2450,1,1
5,2450,1,1
6,2450,1,1
7,2450,1,1
8,2450,1,1
9,2450,1,1
10,2450,1,1
11,2450,1,1
12,2450,1,1
13,2450,1,1
14,2450,1,1
0,2451,1,3
1,2451,1,1
2,2451,3,1
3,2451,3,1
4,2451,1,3
5,2451,3,1
6,2451,1,1
7,2451,2,1
8,2451,1,3
9,2451,1,1
10,2451,1,1
11,2451,2,2
12,2451,2,2
13,2451,1,1
14,2451,1,1
0,2452,1,3
1,2452,1,1
2,2452,3,1
3,2452,3,1
4,2452,1,3
5,2452,3,1
6,2452,1,1
7,2452,2,1
8,2452,1,3
9,2452,1,1
10,2452,1,1
11,2452,2,2
12,2452,2,2
13,2452,1,1
14,2452,1,1
0,2453,3,1
1,2453,1,1
2,2453,1,1
3,2453,0,2
4,2453,1,1
5,2453,2,2
6,2453,1,1
7,2453,1,1
8,2453,1,1
9,2453,1,1
10,2453,1,1
11,2453,2,2
12,2453,2,2
13,2453,1,1
14,2453,1,1
0,2454,2,1
1,2454,1,1
2,2454,1,1
3,2454,2,3
4,2454,1,1
5,2454,1,1
6,2454,1,1
7,2454,1,1
8,2454,1,1
9,2454,1,1
10,2454,1,1
11,2454,1,2
12,2454,2,1
13,2454,1,1
14,2454,1,1
0,2455,2,1
1,2455,1,1
2,2455,1,1
3,2455,2,3
4,2455,1,1
5,2455,1,1
6,2455,1,1
7,2455,1,1
8,2455,1,1
9,2455,1,1
10,2455,1,1
11,2455,1,2
12,2455,2,1
13,2455,1,1
14,2455,1,1
0,2456,1,3
1,2456,1,1
2,2456,3,1
3,2456,3,1
4,2456,1,3
5,2456,3,1
6,2456,1,1
7,2456,2,1
8,2456,1,3
9,2456,1,1
10,2456,1,1
11,2456,2,2
12,2456,2,2
13,2456,1,1
14,2456,1,1
0,2457,1,3
1,2457,1,1
2,2457,3,1
3,2457,3,1
4,2457,1,3
5,2457,3,1
6,2457,1,1
7,2457,2,1
8,2457,1,3
9,2457,1,1
10,2457,1,1
11,2457,2,2
12,2457,2,2
13,2457,1,1
14,2457,1,1
0,2458,1,3
1,2458,1,1
2,2458,3,1
3,2458,3,1
4,2458,1,3
5,2458,3,1
6,2458,1,1
7,2458,2,1
8,2458,1,3
9,2458,1,1
10,2458,1,1
11,2458,2,2
12,2458,2,2
13,2458,1,1
14,2458,1,1
0,2459,1,3
1,2459,1,1
2,2459,3,1
3,2459,3,1
4,2459,1,3
5,2459,3,1
6,2459,1,1
7,2459,2,1
8,2459,1,3
9,2459,1,1
10,2459,1,1
11,2459,2,2
12,2459,2,2
13,2459,1,1
14,2459,1,1
0,2460,1,3
1,2460,1,1
2,2460,3,1
3,2460,3,1
4,2460,1,3
5,2460,3,1
6,2460,1,1
7,2460,2,1
8,2460,1,3
9,2460,1,1
10,2460,1,1
11,2460,2,2
12,2460,2,2
13,2460,1,1
14,2460,1,1
0,2461,2,1
1,2461,1,1
2,2461,1,1
3,2461,2,3
4,2461,1,1
5,2461,1,1
6,2461,1,1
7,2461,1,1
8,2461,1,3
9,2461,1,1
10,2461,3,3
11,2461,2,2
12,2461,2,2
13,2461,1,1
14,2461,1,1
0,2462,1,3
1,2462,1,1
2,2462,3,1
3,2462,3,1
4,2462,1,3
5,2462,3,1
6,2462,1,1
7,2462,2,1
8,2462,1,3
9,2462,1,1
10,2462,1,1
11,2462,2,2
12,2462,2,2
13,2462,1,1
14,2462,1,1
0,2463,1,3
1,2463,1,1
2,2463,3,1
3,2463,3,1
4,2463,1,3
5,2463,3,1
6,2463,1,1
7,2463,2,1
8,2463,1,3
9,2463,1,1
10,2463,1,1
11,2463,2,2
12,2463,2,2
13,2463,1,1
14,2463,1,1
0,2464,1,3
1,2464,1,1
2,2464,3,1
3,2464,3,1
4,2464,1,3
5,2464,3,1
6,2464,1,1
7,2464,2,1
8,2464,1,3
9,2464,1,1
10,2464,1,1
11,2464,2,2
12,2464,2,2
13,2464,1,1
14,2464,1,1
0,2465,1,3
1,2465,1,1
2,2465,3,1
3,2465,3,1
4,2465,1,3
5,2465,3,1
6,2465,1,1
7,2465,2,1
8,2465,1,3
9,2465,1,1
10,2465,1,1
11,2465,2,2
12,2465,2,2
13,2465,1,1
14,2465,1,1
0,2466,1,3
1,2466,1,1
2,2466,3,1
3,2466,3,1
4,2466,1,3
5,2466,3,1
6,2466,1,1
7,2466,2,1
8,2466,1,3
9,2466,1,1
10,2466,1,1
11,2466,2,2
12,2466,2,2
13,2466,1,1
14,2466,1,1
0,2467,1,3
1,2467,1,1
2,2467,3,1
3,2467,3,1
4,2467,1,3
5,2467,3,1
6,2467,1,1
7,2467,2,1
8,2467,1,3
9,2467,1,1
10,2467,1,1
11,2467,2,2
12,2467,2,2
13,2467,1,1
14,2467,1,1
0,2468,2,1
1,2468,1,1
2,2468,1,1
3,2468,2,3
4,2468,1,1
5,2468,1,1
6,2468,1,1
7,2468,1,1
8,2468,1,1
9,2468,1,1
10,2468,1,1
11,2468,1,2
12,2468,2,1
13,2468,1,1
14,2468,1,1
0,2469,3,1
1,2469,1,1
2,2469,1,1
3,2469,0,2
4,2469,1,1
5,2469,2,2
6,2469,1,1
7,2469,1,1
8,2469,1,1
9,2469,1,1
10,2469,1,1
11,2469,2,2
12,2469,2,2
13,2469,1,1
14,2469,1,1
0,2470,2,1
1,2470,1,1
2,2470,1,1
3,2470,2,3
4,2470,1,1
5,2470,1,1
6,2470,1,1
7,2470,1,1
8,2470,1,3
9,2470,1,1
10,2470,3,3
11,2470,2,2
12,2470,2,2
13,2470,1,1
14,2470,1,1
0,2471,1,3
1,2471,1,1
2,2471,3,1
3,2471,3,1
4,2471,1,3
5,2471,3,1
6,2471,1,1
7,2471,2,1
8,2471,1,3
9,2471,1,1
10,2471,1,1
11,2471,2,2
12,2471,2,2
13,2471,1,1
14,2471,1,1
0,2472,3,1
1,2472,1,1
2,2472,1,1
3,2472,0,2
4,2472,1,1
5,2472,2,2
6,2472,1,1
7,2472,1,1
8,2472,1,1
9,2472,1,1
10,2472,1,1
11,2472,2,2
12,2472,2,2
13,2472,1,1
14,2472,1,1
0,2473,1,3
1,2473,1,1
2,2473,3,1
3,2473,3,1
4,2473,1,3
5,2473,3,1
6,2473,1,1
7,2473,2,1
8,2473,1,3
9,2473,1,1
10,2473,1,1
11,2473,2,2
12,2473,2,2
13,2473,1,1
14,2473,1,1
0,2474,1,3
1,2474,1,1
2,2474,3,1
3,2474,3,1
4,2474,1,3
5,2474,3,1
6,2474,1,1
7,2474,2,1
8,2474,1,3
9,2474,1,1
10,2474,1,1
11,2474,2,2
12,2474,2,2
13,2474,1,1
14,2474,1,1
0,2475,1,3
1,2475,1,1
2,2475,3,1
3,2475,3,1
4,2475,1,3
5,2475,3,1
6,2475,1,1
7,2475,2,1
8,2475,1,3
9,2475,1,1
10,2475,1,1
11,2475,2,2
12,2475,2,2
13,2475,1,1
14,2475,1,1
0,2476,1,3
1,2476,1,1
2,2476,3,1
3,2476,3,1
4,2476,1,3
5,2476,3,1
6,2476,1,1
7,2476,2,1
8,2476,1,3
9,2476,1,1
10,2476,1,1
11,2476,2,2
12,2476,2,2
13,2476,1,1
14,2476,1,1
0,2477,1,3
1,2477,1,1
2,2477,3,1
3,2477,3,1
4,2477,1,3
5,2477,3,1
6,2477,1,1
7,2477,2,1
8,2477,1,3
9,2477,1,1
10,2477,1,1
11,2477,2,2
12,2477,2,2
13,2477,1,1
14,2477,1,1
0,2478,1,3
1,2478,1,1
2,2478,3,1
3,2478,3,1
4,2478,1,3
5,2478,3,1
6,2478,1,1
7,2478,2,1
8,2478,1,3
9,2478,1,1
10,2478,1,1
11,2478,2,2
12,2478,2,2
13,2478,1,1
14,2478,1,1
0,2479,1,3
1,2479,1,1
2,2479,3,1
3,2479,3,1
4,2479,1,3
5,2479,3,1
6,2479,1,1
7,2479,2,1
8,2479,1,3
9,2479,1,1
10,2479,1,1
11,2479,2,2
12,2479,2,2
13,2479,1,1
14,2479,1,1
0,2480,2,1
1,2480,1,1
2,2480,1,1
3,2480,2,3
4,2480,1,1
5,2480,1,1
6,2480,1,1
7,2480,1,1
8,2480,1,3
9,2480,1,1
10,2480,3,3
11,2480,2,2
12,2480,2,2
13,2480,1,1
14,2480,1,1
0,2481,2,1
1,2481,1,1
2,2481,1,1
3,2481,2,3
4,2481,1,1
5,2481,1,1
6,2481,1,1
7,2481,1,1
8,2481,1,1
9,2481,1,1
10,2481,1,1
11,2481,1,2
12,2481,2,1
13,2481,1,1
14,2481,1,1
0,2482,1,3
1,2482,1,1
2,2482,3,1
3,2482,3,1
4,2482,1,3
5,2482,3,1
6,2482,1,1
7,2482,2,1
8,2482,1,3
9,2482,1,1
10,2482,1,1
11,2482,2,2
12,2482,2,2
13,2482,1,1
14,2482,1,1
0,2483,1,3
1,2483,1,1
2,2483,3,1
3,2483,3,1
4,2483,1,3
5,2483,3,1
6,2483,1,1
7,2483,2,1
8,2483,1,3
9,2483,1,1
10,2483,1,1
11,2483,2,2
12,2483,2,2
13,2483,1,1
14,2483,1,1
0,2484,1,1
1,2484,1,1
2,2484,1,1
3,2484,1,1
4,2484,1,1
5,2484,1,1
6,2484,1,1
7,2484,1,1
8,2484,1,1
9,2484,1,1
10,2484,1,1
11,2484,1,1
12,2484,1,1
13,2484,1,1
14,2484,1,1
0,2485,1,3
1,2485,1,1
2,2485,3,1
3,2485,3,1
4,2485,1,3
5,2485,3,1
6,2485,1,1
7,2485,2,1
8,2485,1,3
9,2485,1,1
10,2485,1,1
11,2485,2,2
12,2485,2,2
13,2485,1,1
14,2485,1,1
0,2486,1,1
1,2486,1,1
2,2486,1,1
3,2486,1,1
4,2486,1,1
5,2486,1,1
6,2486,1,1
7,2486,1,1
8,2486,1,1
9,2486,1,1
10,2486,1,1
11,2486,1,1
12,2486,1,1
13,2486,1,1
14,2486,1,1
0,2487,2,1
1,2487,1,1
2,2487,1,1
3,2487,2,3
4,2487,1,1
5,2487,1,1
6,2487,1,1
7,2487,1,1
8,2487,1,3
9,2487,1,1
10,2487,3,3
11,2487,2,2
12,2487,2,2
13,2487,1,1
14,2487,1,1
0,2488,1,3
1,2488,1,1
2,2488,3,1
3,2488,3,1
4,2488,1,3
5,2488,3,1
6,2488,1,1
7,2488,2,1
8,2488,1,3
9,2488,1,1
10,2488,1,1
11,2488,2,2
12,2488,2,2
13,2488,1,1
14,2488,1,1
0,2489,1,1
1,2489,1,1
2,2489,1,1
3,2489,1,1
4,2489,1,1
5,2489,1,1
6,2489,1,1
7,2489,1,1
8,2489,1,1
9,2489,1,1
10,2489,1,1
11,2489,1,1
12,2489,1,1
13,2489,1,1
14,2489,1,1
0,2490,2,1
1,2490,1,1
2,2490,1,1
3,2490,2,3
4,2490,1,1
5,2490,1,1
6,2490,1,1
7,2490,1,1
8,2490,1,1
9,2490,1,1
10,2490,1,1
11,2490,1,2
12,2490,2,1
13,2490,1,1
14,2490,1,1
0,2491,1,1
1,2491,1,1
2,2491,1,1
3,2491,1,1
4,2491,1,1
5,2491,1,1
6,2491,1,1
7,2491,1,1
8,2491,1,1
9,2491,1,1
10,2491,1,1
11,2491,1,1
12,2491,1,1
13,2491,1,1
14,2491,1,1
0,2492,2,1
1,2492,1,1
2,2492,1,1
3,2492,2,3
4,2492,1,1
5,2492,1,1
6,2492,1,1
7,2492,1,1
8,2492,1,1
9,2492,1,1
10,2492,1,1
11,2492,1,2
12,2492,2,1
13,2492,1,1
14,2492,1,1
0,2493,3,1
1,2493,1,1
2,2493,1,1
3,2493,0,2
4,2493,1,1
5,2493,2,2
6,2493,1,1
7,2493,1,1
8,2493,1,1
9,2493,1,1
10,2493,1,1
11,2493,2,2
12,2493,2,2
13,2493,1,1
14,2493,1,1
0,2494,1,3
1,2494,1,1
2,2494,3,1
3,2494,3,1
4,2494,1,3
5,2494,3,1
6,2494,1,1
7,2494,2,1
8,2494,1,3
9,2494,1,1
10,2494,1,1
11,2494,2,2
12,2494,2,2
13,2494,1,1
14,2494,1,1
0,2495,1,3
1,2495,1,1
2,2495,3,1
3,2495,3,1
4,2495,1,3
5,2495,3,1
6,2495,1,1
7,2495,2,1
8,2495,1,3
9,2495,1,1
10,2495,1,1
11,2495,2,2
12,2495,2,2
13,2495,1,1
14,2495,1,1
0,2496,1,3
1,2496,1,1
2,2496,3,1
3,2496,3,1
4,2496,1,3
5,2496,3,1
6,2496,1,1
7,2496,2,1
8,2496,1,3
9,2496,1,1
10,2496,1,1
11,2496,2,2
12,2496,2,2
13,2496,1,1
14,2496,1,1
0,2497,3,1
1,2497,1,1
2,2497,1,1
3,2497,0,2
4,2497,1,1
5,2497,2,2
6,2497,1,1
7,2497,1,1
8,2497,1,1
9,2497,1,1
10,2497,1,1
11,2497,2,2
12,2497,2,2
13,2497,1,1
14,2497,1,1
0,2498,1,3
1,2498,1,1
2,2498,3,1
3,2498,3,1
4,2498,1,3
5,2498,3,1
6,2498,1,1
7,2498,2,1
8,2498,1,3
9,2498,1,1
10,2498,1,1
11,2498,2,2
12,2498,2,2
13,2498,1,1
14,2498,1,1
0,2499,2,1
1,2499,1,1
2,2499,1,1
3,2499,2,3
4,2499,1,1
5,2499,1,1
6,2499,1,1
7,2499,1,1
8,2499,1,3
9,2499,1,1
10,2499,3,3
11,2499,2,2
12,2499,2,2
13,2499,1,1
14,2499,1,1
0,2500,2,1
1,2500,1,1
2,2500,1,1
3,2500,2,3
4,2500,1,1
5,2500,1,1
6,2500,1,1
7,2500,1,1
8,2500,1,3
9,2500,1,1
10,2500,3,3
11,2500,2,2
12,2500,2,2
13,2500,1,1
14,2500,1,1
0,2501,2,1
1,2501,1,1
2,2501,1,1
3,2501,2,3
4,2501,1,1
5,2501,1,1
6,2501,1,1
7,2501,1,1
8,2501,1,1
9,2501,1,1
10,2501,1,1
11,2501,1,2
12,2501,2,1
13,2501,1,1
14,2501,1,1
0,2502,1,3
1,2502,1,1
2,2502,3,1
3,2502,3,1
4,2502,1,3
5,2502,3,1
6,2502,1,1
7,2502,2,1
8,2502,1,3
9,2502,1,1
10,2502,1,1
11,2502,2,2
12,2502,2,2
13,2502,1,1
14,2502,1,1
0,2503,1,3
1,2503,1,1
2,2503,3,1
3,2503,3,1
4,2503,1,3
5,2503,3,1
6,2503,1,1
7,2503,2,1
8,2503,1,3
9,2503,1,1
10,2503,1,1
11,2503,2,2
12,2503,2,2
13,2503,1,1
14,2503,1,1
0,2504,3,1
1,2504,1,1
2,2504,1,1
3,2504,0,2
4,2504,1,1
5,2504,2,2
6,2504,1,1
7,2504,1,1
8,2504,1,1
9,2504,1,1
10,2504,1,1
11,2504,2,2
12,2504,2,2
13,2504,1,1
14,2504,1,1
0,2505,3,1
1,2505,1,1
2,2505,1,1
3,2505,0,2
4,2505,1,1
5,2505,2,2
6,2505,1,1
7,2505,1,1
8,2505,1,1
9,2505,1,1
10,2505,1,1
11,2505,2,2
12,2505,2,2
13,2505,1,1
14,2505,1,1
0,2506,1,3
1,2506,1,1
2,2506,3,1
3,2506,3,1
4,2506,1,3
5,2506,3,1
6,2506,1,1
7,2506,2,1
8,2506,1,3
9,2506,1,1
10,2506,1,1
11,2506,2,2
12,2506,2,2
13,2506,1,1
14,2506,1,1
0,2507,1,3
1,2507,1,1
2,2507,3,1
3,2507,3,1
4,2507,1,3
5,2507,3,1
6,2507,1,1
7,2507,2,1
8,2507,1,3
9,2507,1,1
10,2507,1,1
11,2507,2,2
12,2507,2,2
13,2507,1,1
14,2507,1,1
0,2508,2,1
1,2508,1,1
2,2508,1,1
3,2508,2,3
4,2508,1,1
5,2508,1,1
6,2508,1,1
7,2508,1,1
8,2508,1,3
9,2508,1,1
10,2508,3,3
11,2508,2,2
12,2508,2,2
13,2508,1,1
14,2508,1,1
0,2509,3,1
1,2509,1,1
2,2509,1,1
3,2509,0,2
4,2509,1,1
5,2509,2,2
6,2509,1,1
7,2509,1,1
8,2509,1,1
9,2509,1,1
10,2509,1,1
11,2509,2,2
12,2509,2,2
13,2509,1,1
14,2509,1,1
0,2510,1,1
1,2510,1,1
2,2510,1,1
3,2510,1,1
4,2510,1,1
5,2510,1,1
6,2510,1,1
7,2510,1,1
8,2510,1,1
9,2510,1,1
10,2510,1,1
11,2510,1,1
12,2510,1,1
13,2510,1,1
14,2510,1,1
0,2511,1,3
1,2511,1,1
2,2511,3,1
3,2511,3,1
4,2511,1,3
5,2511,3,1
6,2511,1,1
7,2511,2,1
8,2511,1,3
9,2511,1,1
10,2511,1,1
11,2511,2,2
12,2511,2,2
13,2511,1,1
14,2511,1,1
0,2512,2,1
1,2512,1,1
2,2512,1,1
3,2512,2,3
4,2512,1,1
5,2512,1,1
6,2512,1,1
7,2512,1,1
8,2512,1,1
9,2512,1,1
10,2512,1,1
11,2512,1,2
12,2512,2,1
13,2512,1,1
14,2512,1,1
0,2513,3,1
1,2513,1,1
2,2513,1,1
3,2513,0,2
4,2513,1,1
5,2513,2,2
6,2513,1,1
7,2513,1,1
8,2513,1,1
9,2513,1,1
10,2513,1,1
11,2513,2,2
12,2513,2,2
13,2513,1,1
14,2513,1,1
0,2514,1,3
1,2514,1,1
2,2514,3,1
3,2514,3,1
4,2514,1,3
5,2514,3,1
6,2514,1,1
7,2514,2,1
8,2514,1,3
9,2514,1,1
10,2514,1,1
11,2514,2,2
12,2514,2,2
13,2514,1,1
14,2514,1,1
0,2515,1,3
1,2515,1,1
2,2515,3,1
3,2515,3,1
4,2515,1,3
5,2515,3,1
6,2515,1,1
7,2515,2,1
8,2515,1,3
9,2515,1,1
10,2515,1,1
11,2515,2,2
12,2515,2,2
13,2515,1,1
14,2515,1,1
0,2516,3,1
1,2516,1,1
2,2516,1,1
3,2516,0,2
4,2516,1,1
5,2516,2,2
6,2516,1,1
7,2516,1,1
8,2516,1,1
9,2516,1,1
10,2516,1,1
11,2516,2,2
12,2516,2,2
13,2516,1,1
14,2516,1,1
0,2517,1,1
1,2517,1,1
2,2517,1,1
3,2517,1,1
4,2517,1,1
5,2517,1,1
6,2517,1,1
7,2517,1,1
8,2517,1,1
9,2517,1,1
10,2517,1,1
11,2517,1,1
12,2517,1,1
13,2517,1,1
14,2517,1,1
0,2518,2,1
1,2518,1,1
2,2518,1,1
3,2518,2,3
4,2518,1,1
5,2518,1,1
6,2518,1,1
7,2518,1,1
8,2518,1,1
9,2518,1,1
10,2518,1,1
11,2518,1,2
12,2518,2,1
13,2518,1,1
14,2518,1,1
0,2519,2,1
1,2519,1,1
2,2519,1,1
3,2519,2,3
4,2519,1,1
5,2519,1,1
6,2519,1,1
7,2519,1,1
8,2519,1,3
9,2519,1,1
10,2519,3,3
11,2519,2,2
12,2519,2,2
13,2519,1,1
14,2519,1,1
0,2520,1,3
1,2520,1,1
2,2520,3,1
3,2520,3,1
4,2520,1,3
5,2520,3,1
6,2520,1,1
7,2520,2,1
8,2520,1,3
9,2520,1,1
10,2520,1,1
11,2520,2,2
12,2520,2,2
13,2520,1,1
14,2520,1,1
0,2521,1,3
1,2521,1,1
2,2521,3,1
3,2521,3,1
4,2521,1,3
5,2521,3,1
6,2521,1,1
7,2521,2,1
8,2521,1,3
9,2521,1,1
10,2521,1,1
11,2521,2,2
12,2521,2,2
13,2521,1,1
14,2521,1,1
0,2522,1,3
1,2522,1,1
2,2522,3,1
3,2522,3,1
4,2522,1,3
5,2522,3,1
6,2522,1,1
7,2522,2,1
8,2522,1,3
9,2522,1,1
10,2522,1,1
11,2522,2,2
12,2522,2,2
13,2522,1,1
14,2522,1,1
0,2523,1,3
1,2523,1,1
2,2523,3,1
3,2523,3,1
4,2523,1,3
5,2523,3,1
6,2523,1,1
7,2523,2,1
8,2523,1,3
9,2523,1,1
10,2523,1,1
11,2523,2,2
12,2523,2,2
13,2523,1,1
14,2523,1,1
0,2524,1,3
1,2524,1,1
2,2524,3,1
3,2524,3,1
4,2524,1,3
5,2524,3,1
6,2524,1,1
7,2524,2,1
8,2524,1,3
9,2524,1,1
10,2524,1,1
11,2524,2,2
12,2524,2,2
13,2524,1,1
14,2524,1,1
0,2525,1,3
1,2525,1,1
2,2525,3,1
3,2525,3,1
4,2525,1,3
5,2525,3,1
6,2525,1,1
7,2525,2,1
8,2525,1,3
9,2525,1,1
10,2525,1,1
11,2525,2,2
12,2525,2,2
13,2525,1,1
14,2525,1,1
0,2526,1,1
1,2526,1,1
2,2526,1,1
3,2526,1,1
4,2526,1,1
5,2526,1,1
6,2526,1,1
7,2526,1,1
8,2526,1,1
9,2526,1,1
10,2526,1,1
11,2526,1,1
12,2526,1,1
13,2526,1,1
14,2526,1,1
0,2527,1,3
1,2527,1,1
2,2527,3,1
3,2527,3,1
4,2527,1,3
5,2527,3,1
6,2527,1,1
7,2527,2,1
8,2527,1,3
9,2527,1,1
10,2527,1,1
11,2527,2,2
12,2527,2,2
13,2527,1,1
14,2527,1,1
0,2528,3,1
1,2528,1,1
2,2528,1,1
3,2528,0,2
4,2528,1,1
5,2528,2,2
6,2528,1,1
7,2528,1,1
8,2528,1,1
9,2528,1,1
10,2528,1,1
11,2528,2,2
12,2528,2,2
13,2528,1,1
14,2528,1,1
0,2529,1,3
1,2529,1,1
2,2529,3,1
3,2529,3,1
4,2529,1,3
5,2529,3,1
6,2529,1,1
7,2529,2,1
8,2529,1,3
9,2529,1,1
10,2529,1,1
11,2529,2,2
12,2529,2,2
13,2529,1,1
14,2529,1,1
0,2530,1,3
1,2530,1,1
2,2530,3,1
3,2530,3,1
4,2530,1,3
5,2530,3,1
6,2530,1,1
7,2530,2,1
8,2530,1,3
9,2530,1,1
10,2530,1,1
11,2530,2,2
12,2530,2,2
13,2530,1,1
14,2530,1,1
0,2531,1,1
1,2531,1,1
2,2531,1,1
3,2531,1,1
4,2531,1,1
5,2531,1,1
6,2531,1,1
7,2531,1,1
8,2531,1,1
9,2531,1,1
10,2531,1,1
11,2531,1,1
12,2531,1,1
13,2531,1,1
14,2531,1,1
0,2532,1,3
1,2532,1,1
2,2532,3,1
3,2532,3,1
4,2532,1,3
5,2532,3,1
6,2532,1,1
7,2532,2,1
8,2532,1,3
9,2532,1,1
10,2532,1,1
11,2532,2,2
12,2532,2,2
13,2532,1,1
14,2532,1,1
0,2533,2,1
1,2533,1,1
2,2533,1,1
3,2533,2,3
4,2533,1,1
5,2533,1,1
6,2533,1,1
7,2533,1,1
8,2533,1,1
9,2533,1,1
10,2533,1,1
11,2533,1,2
12,2533,2,1
13,2533,1,1
14,2533,1,1
0,2534,1,3
1,2534,1,1
2,2534,3,1
3,2534,3,1
4,2534,1,3
5,2534,3,1
6,2534,1,1
7,2534,2,1
8,2534,1,3
9,2534,1,1
10,2534,1,1
11,2534,2,2
12,2534,2,2
13,2534,1,1
14,2534,1,1
0,2535,3,1
1,2535,1,1
2,2535,1,1
3,2535,0,2
4,2535,1,1
5,2535,2,2
6,2535,1,1
7,2535,1,1
8,2535,1,1
9,2535,1,1
10,2535,1,1
11,2535,2,2
12,2535,2,2
13,2535,1,1
14,2535,1,1
0,2536,2,1
1,2536,1,1
2,2536,1,1
3,2536,2,3
4,2536,1,1
5,2536,1,1
6,2536,1,1
7,2536,1,1
8,2536,1,1
9,2536,1,1
10,2536,1,1
11,2536,1,2
12,2536,2,1
13,2536,1,1
14,2536,1,1
0,2537,1,3
1,2537,1,1
2,2537,3,1
3,2537,3,1
4,2537,1,3
5,2537,3,1
6,2537,1,1
7,2537,2,1
8,2537,1,3
9,2537,1,1
10,2537,1,1
11,2537,2,2
12,2537,2,2
13,2537,1,1
14,2537,1,1
0,2538,1,3
1,2538,1,1
2,2538,3,1
3,2538,3,1
4,2538,1,3
5,2538,3,1
6,2538,1,1
7,2538,2,1
8,2538,1,3
9,2538,1,1
10,2538,1,1
11,2538,2,2
12,2538,2,2
13,2538,1,1
14,2538,1,1
0,2539,1,3
1,2539,1,1
2,2539,3,1
3,2539,3,1
4,2539,1,3
5,2539,3,1
6,2539,1,1
7,2539,2,1
8,2539,1,3
9,2539,1,1
10,2539,1,1
11,2539,2,2
12,2539,2,2
13,2539,1,1
14,2539,1,1
0,2540,1,1
1,2540,1,1
2,2540,1,1
3,2540,1,1
4,2540,1,1
5,2540,1,1
6,2540,1,1
7,2540,1,1
8,2540,1,1
9,2540,1,1
10,2540,1,1
11,2540,1,1
12,2540,1,1
13,2540,1,1
14,2540,1,1
0,2541,1,3
1,2541,1,1
2,2541,3,1
3,2541,3,1
4,2541,1,3
5,2541,3,1
6,2541,1,1
7,2541,2,1
8,2541,1,3
9,2541,1,1
10,2541,1,1
11,2541,2,2
12,2541,2,2
13,2541,1,1
14,2541,1,1
0,2542,2,1
1,2542,1,1
2,2542,1,1
3,2542,2,3
4,2542,1,1
5,2542,1,1
6,2542,1,1
7,2542,1,1
8,2542,1,1
9,2542,1,1
10,2542,1,1
11,2542,1,2
12,2542,2,1
13,2542,1,1
14,2542,1,1
0,2543,1,1
1,2543,1,1
2,2543,1,1
3,2543,1,1
4,2543,1,1
5,2543,1,1
6,2543,1,1
7,2543,1,1
8,2543,1,1
9,2543,1,1
10,2543,1,1
11,2543,1,1
12,2543,1,1
13,2543,1,1
14,2543,1,1
0,2544,1,3
1,2544,1,1
2,2544,3,1
3,2544,3,1
4,2544,1,3
5,2544,3,1
6,2544,1,1
7,2544,2,1
8,2544,1,3
9,2544,1,1
10,2544,1,1
11,2544,2,2
12,2544,2,2
13,2544,1,1
14,2544,1,1
0,2545,1,3
1,2545,1,1
2,2545,3,1
3,2545,3,1
4,2545,1,3
5,2545,3,1
6,2545,1,1
7,2545,2,1
8,2545,1,3
9,2545,1,1
10,2545,1,1
11,2545,2,2
12,2545,2,2
13,2545,1,1
14,2545,1,1
0,2546,1,3
1,2546,1,1
2,2546,3,1
3,2546,3,1
4,2546,1,3
5,2546,3,1
6,2546,1,1
7,2546,2,1
8,2546,1,3
9,2546,1,1
10,2546,1,1
11,2546,2,2
12,2546,2,2
13,2546,1,1
14,2546,1,1
0,2547,1,3
1,2547,1,1
2,2547,3,1
3,2547,3,1
4,2547,1,3
5,2547,3,1
6,2547,1,1
7,2547,2,1
8,2547,1,3
9,2547,1,1
10,2547,1,1
11,2547,2,2
12,2547,2,2
13,2547,1,1
14,2547,1,1
0,2548,1,3
1,2548,1,1
2,2548,3,1
3,2548,3,1
4,2548,1,3
5,2548,3,1
6,2548,1,1
7,2548,2,1
8,2548,1,3
9,2548,1,1
10,2548,1,1
11,2548,2,2
12,2548,2,2
13,2548,1,1
14,2548,1,1
0,2549,1,1
1,2549,1,1
2,2549,1,1
3,2549,1,1
4,2549,1,1
5,2549,1,1
6,2549,1,1
7,2549,1,1
8,2549,1,1
9,2549,1,1
10,2549,1,1
11,2549,1,1
12,2549,1,1
13,2549,1,1
14,2549,1,1
0,2550,1,1
1,2550,1,1
2,2550,1,1
3,2550,1,1
4,2550,1,1
5,2550,1,1
6,2550,1,1
7,2550,1,1
8,2550,1,1
9,2550,1,1
10,2550,1,1
11,2550,1,1
12,2550,1,1
13,2550,1,1
14,2550,1,1
0,2551,1,3
1,2551,1,1
2,2551,3,1
3,2551,3,1
4,2551,1,3
5,2551,3,1
6,2551,1,1
7,2551,2,1
8,2551,1,3
9,2551,1,1
10,2551,1,1
11,2551,2,2
12,2551,2,2
13,2551,1,1
14,2551,1,1
0,2552,1,3
1,2552,1,1
2,2552,3,1
3,2552,3,1
4,2552,1,3
5,2552,3,1
6,2552,1,1
7,2552,2,1
8,2552,1,3
9,2552,1,1
10,2552,1,1
11,2552,2,2
12,2552,2,2
13,2552,1,1
14,2552,1,1
0,2553,3,1
1,2553,1,1
2,2553,1,1
3,2553,0,2
4,2553,1,1
5,2553,2,2
6,2553,1,1
7,2553,1,1
8,2553,1,1
9,2553,1,1
10,2553,1,1
11,2553,2,2
12,2553,2,2
13,2553,1,1
14,2553,1,1
0,2554,1,3
1,2554,1,1
2,2554,3,1
3,2554,3,1
4,2554,1,3
5,2554,3,1
6,2554,1,1
7,2554,2,1
8,2554,1,3
9,2554,1,1
10,2554,1,1
11,2554,2,2
12,2554,2,2
13,2554,1,1
14,2554,1,1
0,2555,1,3
1,2555,1,1
2,2555,3,1
3,2555,3,1
4,2555,1,3
5,2555,3,1
6,2555,1,1
7,2555,2,1
8,2555,1,3
9,2555,1,1
10,2555,1,1
11,2555,2,2
12,2555,2,2
13,2555,1,1
14,2555,1,1
0,2556,1,3
1,2556,1,1
2,2556,3,1
3,2556,3,1
4,2556,1,3
5,2556,3,1
6,2556,1,1
7,2556,2,1
8,2556,1,3
9,2556,1,1
10,2556,1,1
11,2556,2,2
12,2556,2,2
13,2556,1,1
14,2556,1,1
0,2557,2,1
1,2557,1,1
2,2557,1,1
3,2557,2,3
4,2557,1,1
5,2557,1,1
6,2557,1,1
7,2557,1,1
8,2557,1,1
9,2557,1,1
10,2557,1,1
11,2557,1,2
12,2557,2,1
13,2557,1,1
14,2557,1,1
0,2558,2,1
1,2558,1,1
2,2558,1,1
3,2558,2,3
4,2558,1,1
5,2558,1,1
6,2558,1,1
7,2558,1,1
8,2558,1,1
9,2558,1,1
10,2558,1,1
11,2558,1,2
12,2558,2,1
13,2558,1,1
14,2558,1,1
0,2559,2,1
1,2559,1,1
2,2559,1,1
3,2559,2,3
4,2559,1,1
5,2559,1,1
6,2559,1,1
7,2559,1,1
8,2559,1,3
9,2559,1,1
10,2559,3,3
11,2559,2,2
12,2559,2,2
13,2559,1,1
14,2559,1,1
0,2560,2,1
1,2560,1,1
2,2560,1,1
3,2560,2,3
4,2560,1,1
5,2560,1,1
6,2560,1,1
7,2560,1,1
8,2560,1,1
9,2560,1,1
10,2560,1,1
11,2560,1,2
12,2560,2,1
13,2560,1,1
14,2560,1,1
0,2561,1,3
1,2561,1,1
2,2561,3,1
3,2561,3,1
4,2561,1,3
5,2561,3,1
6,2561,1,1
7,2561,2,1
8,2561,1,3
9,2561,1,1
10,2561,1,1
11,2561,2,2
12,2561,2,2
13,2561,1,1
14,2561,1,1
0,2562,3,1
1,2562,1,1
2,2562,1,1
3,2562,0,2
4,2562,1,1
5,2562,2,2
6,2562,1,1
7,2562,1,1
8,2562,1,1
9,2562,1,1
10,2562,1,1
11,2562,2,2
12,2562,2,2
13,2562,1,1
14,2562,1,1
0,2563,3,1
1,2563,1,1
2,2563,1,1
3,2563,0,2
4,2563,1,1
5,2563,2,2
6,2563,1,1
7,2563,1,1
8,2563,1,1
9,2563,1,1
10,2563,1,1
11,2563,2,2
12,2563,2,2
13,2563,1,1
14,2563,1,1
0,2564,3,1
1,2564,1,1
2,2564,1,1
3,2564,0,2
4,2564,1,1
5,2564,2,2
6,2564,1,1
7,2564,1,1
8,2564,1,1
9,2564,1,1
10,2564,1,1
11,2564,2,2
12,2564,2,2
13,2564,1,1
14,2564,1,1
0,2565,1,3
1,2565,1,1
2,2565,3,1
3,2565,3,1
4,2565,1,3
5,2565,3,1
6,2565,1,1
7,2565,2,1
8,2565,1,3
9,2565,1,1
10,2565,1,1
11,2565,2,2
12,2565,2,2
13,2565,1,1
14,2565,1,1
0,2566,1,3
1,2566,1,1
2,2566,3,1
3,2566,3,1
4,2566,1,3
5,2566,3,1
6,2566,1,1
7,2566,2,1
8,2566,1,3
9,2566,1,1
10,2566,1,1
11,2566,2,2
12,2566,2,2
13,2566,1,1
14,2566,1,1
0,2567,3,1
1,2567,1,1
2,2567,1,1
3,2567,0,2
4,2567,1,1
5,2567,2,2
6,2567,1,1
7,2567,1,1
8,2567,1,1
9,2567,1,1
10,2567,1,1
11,2567,2,2
12,2567,2,2
13,2567,1,1
14,2567,1,1
0,2568,2,1
1,2568,1,1
2,2568,1,1
3,2568,2,3
4,2568,1,1
5,2568,1,1
6,2568,1,1
7,2568,1,1
8,2568,1,3
9,2568,1,1
10,2568,3,3
11,2568,2,2
12,2568,2,2
13,2568,1,1
14,2568,1,1
0,2569,1,1
1,2569,1,1
2,2569,1,1
3,2569,1,1
4,2569,1,1
5,2569,1,1
6,2569,1,1
7,2569,1,1
8,2569,1,1
9,2569,1,1
10,2569,1,1
11,2569,1,1
12,2569,1,1
13,2569,1,1
14,2569,1,1
0,2570,1,3
1,2570,1,1
2,2570,3,1
3,2570,3,1
4,2570,1,3
5,2570,3,1
6,2570,1,1
7,2570,2,1
8,2570,1,3
9,2570,1,1
10,2570,1,1
11,2570,2,2
12,2570,2,2
13,2570,1,1
14,2570,1,1
0,2571,1,3
1,2571,1,1
2,2571,3,1
3,2571,3,1
4,2571,1,3
5,2571,3,1
6,2571,1,1
7,2571,2,1
8,2571,1,3
9,2571,1,1
10,2571,1,1
11,2571,2,2
12,2571,2,2
13,2571,1,1
14,2571,1,1
0,2572,3,1
1,2572,1,1
2,2572,1,1
3,2572,0,2
4,2572,1,1
5,2572,2,2
6,2572,1,1
7,2572,1,1
8,2572,1,1
9,2572,1,1
10,2572,1,1
11,2572,2,2
12,2572,2,2
13,2572,1,1
14,2572,1,1
0,2573,1,3
1,2573,1,1
2,2573,3,1
3,2573,3,1
4,2573,1,3
5,2573,3,1
6,2573,1,1
7,2573,2,1
8,2573,1,3
9,2573,1,1
10,2573,1,1
11,2573,2,2
12,2573,2,2
13,2573,1,1
14,2573,1,1
0,2574,1,1
1,2574,1,1
2,2574,1,1
3,2574,1,1
4,2574,1,1
5,2574,1,1
6,2574,1,1
7,2574,1,1
8,2574,1,1
9,2574,1,1
10,2574,1,1
11,2574,1,1
12,2574,1,1
13,2574,1,1
14,2574,1,1
0,2575,1,3
1,2575,1,1
2,2575,3,1
3,2575,3,1
4,2575,1,3
5,2575,3,1
6,2575,1,1
7,2575,2,1
8,2575,1,3
9,2575,1,1
10,2575,1,1
11,2575,2,2
12,2575,2,2
13,2575,1,1
14,2575,1,1
0,2576,1,3
1,2576,1,1
2,2576,3,1
3,2576,3,1
4,2576,1,3
5,2576,3,1
6,2576,1,1
7,2576,2,1
8,2576,1,3
9,2576,1,1
10,2576,1,1
11,2576,2,2
12,2576,2,2
13,2576,1,1
14,2576,1,1
0,2577,1,3
1,2577,1,1
2,2577,3,1
3,2577,3,1
4,2577,1,3
5,2577,3,1
6,2577,1,1
7,2577,2,1
8,2577,1,3
9,2577,1,1
10,2577,1,1
11,2577,2,2
12,2577,2,2
13,2577,1,1
14,2577,1,1
0,2578,1,3
1,2578,1,1
2,2578,3,1
3,2578,3,1
4,2578,1,3
5,2578,3,1
6,2578,1,1
7,2578,2,1
8,2578,1,3
9,2578,1,1
10,2578,1,1
11,2578,2,2
12,2578,2,2
13,2578,1,1
14,2578,1,1
0,2579,3,1
1,2579,1,1
2,2579,1,1
3,2579,0,2
4,2579,1,1
5,2579,2,2
6,2579,1,1
7,2579,1,1
8,2579,1,1
9,2579,1,1
10,2579,1,1
11,2579,2,2
12,2579,2,2
13,2579,1,1
14,2579,1,1
0,2580,1,3
1,2580,1,1
2,2580,3,1
3,2580,3,1
4,2580,1,3
5,2580,3,1
6,2580,1,1
7,2580,2,1
8,2580,1,3
9,2580,1,1
10,2580,1,1
11,2580,2,2
12,2580,2,2
13,2580,1,1
14,2580,1,1
0,2581,1,1
1,2581,1,1
2,2581,1,1
3,2581,1,1
4,2581,1,1
5,2581,1,1
6,2581,1,1
7,2581,1,1
8,2581,1,1
9,2581,1,1
10,2581,1,1
11,2581,1,1
12,2581,1,1
13,2581,1,1
14,2581,1,1
0,2582,1,3
1,2582,1,1
2,2582,3,1
3,2582,3,1
4,2582,1,3
5,2582,3,1
6,2582,1,1
7,2582,2,1
8,2582,1,3
9,2582,1,1
10,2582,1,1
11,2582,2,2
12,2582,2,2
13,2582,1,1
14,2582,1,1
0,2583,1,3
1,2583,1,1
2,2583,3,1
3,2583,3,1
4,2583,1,3
5,2583,3,1
6,2583,1,1
7,2583,2,1
8,2583,1,3
9,2583,1,1
10,2583,1,1
11,2583,2,2
12,2583,2,2
13,2583,1,1
14,2583,1,1
0,2584,2,1
1,2584,1,1
2,2584,1,1
3,2584,2,3
4,2584,1,1
5,2584,1,1
6,2584,1,1
7,2584,1,1
8,2584,1,3
9,2584,1,1
10,2584,3,3
11,2584,2,2
12,2584,2,2
13,2584,1,1
14,2584,1,1
0,2585,1,1
1,2585,1,1
2,2585,1,1
3,2585,1,1
4,2585,1,1
5,2585,1,1
6,2585,1,1
7,2585,1,1
8,2585,1,1
9,2585,1,1
10,2585,1,1
11,2585,1,1
12,2585,1,1
13,2585,1,1
14,2585,1,1
0,2586,1,3
1,2586,1,1
2,2586,3,1
3,2586,3,1
4,2586,1,3
5,2586,3,1
6,2586,1,1
7,2586,2,1
8,2586,1,3
9,2586,1,1
10,2586,1,1
11,2586,2,2
12,2586,2,2
13,2586,1,1
14,2586,1,1
0,2587,3,1
1,2587,1,1
2,2587,1,1
3,2587,0,2
4,2587,1,1
5,2587,2,2
6,2587,1,1
7,2587,1,1
8,2587,1,1
9,2587,1,1
10,2587,1,1
11,2587,2,2
12,2587,2,2
13,2587,1,1
14,2587,1,1
0,2588,1,3
1,2588,1,1
2,2588,3,1
3,2588,3,1
4,2588,1,3
5,2588,3,1
6,2588,1,1
7,2588,2,1
8,2588,1,3
9,2588,1,1
10,2588,1,1
11,2588,2,2
12,2588,2,2
13,2588,1,1
14,2588,1,1
0,2589,1,1
1,2589,1,1
2,2589,1,1
3,2589,1,1
4,2589,1,1
5,2589,1,1
6,2589,1,1
7,2589,1,1
8,2589,1,1
9,2589,1,1
10,2589,1,1
11,2589,1,1
12,2589,1,1
13,2589,1,1
14,2589,1,1
0,2590,3,1
1,2590,1,1
2,2590,1,1
3,2590,0,2
4,2590,1,1
5,2590,2,2
6,2590,1,1
7,2590,1,1
8,2590,1,1
9,2590,1,1
10,2590,1,1
11,2590,2,2
12,2590,2,2
13,2590,1,1
14,2590,1,1
0,2591,1,1
1,2591,1,1
2,2591,1,1
3,2591,1,1
4,2591,1,1
5,2591,1,1
6,2591,1,1
7,2591,1,1
8,2591,1,1
9,2591,1,1
10,2591,1,1
11,2591,1,1
12,2591,1,1
13,2591,1,1
14,2591,1,1
0,2592,1,3
1,2592,1,1
2,2592,3,1
3,2592,3,1
4,2592,1,3
5,2592,3,1
6,2592,1,1
7,2592,2,1
8,2592,1,3
9,2592,1,1
10,2592,1,1
11,2592,2,2
12,2592,2,2
13,2592,1,1
14,2592,1,1
0,2593,3,1
1,2593,1,1
2,2593,1,1
3,2593,0,2
4,2593,1,1
5,2593,2,2
6,2593,1,1
7,2593,1,1
8,2593,1,1
9,2593,1,1
10,2593,1,1
11,2593,2,2
12,2593,2,2
13,2593,1,1
14,2593,1,1
0,2594,1,3
1,2594,1,1
2,2594,3,1
3,2594,3,1
4,2594,1,3
5,2594,3,1
6,2594,1,1
7,2594,2,1
8,2594,1,3
9,2594,1,1
10,2594,1,1
11,2594,2,2
12,2594,2,2
13,2594,1,1
14,2594,1,1
0,2595,1,3
1,2595,1,1
2,2595,3,1
3,2595,3,1
4,2595,1,3
5,2595,3,1
6,2595,1,1
7,2595,2,1
8,2595,1,3
9,2595,1,1
10,2595,1,1
11,2595,2,2
12,2595,2,2
13,2595,1,1
14,2595,1,1
0,2596,3,1
1,2596,1,1
2,2596,1,1
3,2596,0,2
4,2596,1,1
5,2596,2,2
6,2596,1,1
7,2596,1,1
8,2596,1,1
9,2596,1,1
10,2596,1,1
11,2596,2,2
12,2596,2,2
13,2596,1,1
14,2596,1,1
0,2597,1,3
1,2597,1,1
2,2597,3,1
3,2597,3,1
4,2597,1,3
5,2597,3,1
6,2597,1,1
7,2597,2,1
8,2597,1,3
9,2597,1,1
10,2597,1,1
11,2597,2,2
12,2597,2,2
13,2597,1,1
14,2597,1,1
0,2598,3,1
1,2598,1,1
2,2598,1,1
3,2598,0,2
4,2598,1,1
5,2598,2,2
6,2598,1,1
7,2598,1,1
8,2598,1,1
9,2598,1,1
10,2598,1,1
11,2598,2,2
12,2598,2,2
13,2598,1,1
14,2598,1,1
0,2599,1,3
1,2599,1,1
2,2599,3,1
3,2599,3,1
4,2599,1,3
5,2599,3,1
6,2599,1,1
7,2599,2,1
8,2599,1,3
9,2599,1,1
10,2599,1,1
11,2599,2,2
12,2599,2,2
13,2599,1,1
14,2599,1,1
0,2600,1,3
1,2600,1,1
2,2600,3,1
3,2600,3,1
4,2600,1,3
5,2600,3,1
6,2600,1,1
7,2600,2,1
8,2600,1,3
9,2600,1,1
10,2600,1,1
11,2600,2,2
12,2600,2,2
13,2600,1,1
14,2600,1,1
0,2601,2,1
1,2601,1,1
2,2601,1,1
3,2601,2,3
4,2601,1,1
5,2601,1,1
6,2601,1,1
7,2601,1,1
8,2601,1,1
9,2601,1,1
10,2601,1,1
11,2601,1,2
12,2601,2,1
13,2601,1,1
14,2601,1,1
0,2602,2,1
1,2602,1,1
2,2602,1,1
3,2602,2,3
4,2602,1,1
5,2602,1,1
6,2602,1,1
7,2602,1,1
8,2602,1,3
9,2602,1,1
10,2602,3,3
11,2602,2,2
12,2602,2,2
13,2602,1,1
14,2602,1,1
0,2603,1,1
1,2603,1,1
2,2603,1,1
3,2603,1,1
4,2603,1,1
5,2603,1,1
6,2603,1,1
7,2603,1,1
8,2603,1,1
9,2603,1,1
10,2603,1,1
11,2603,1,1
12,2603,1,1
13,2603,1,1
14,2603,1,1
0,2604,2,1
1,2604,1,1
2,2604,1,1
3,2604,2,3
4,2604,1,1
5,2604,1,1
6,2604,1,1
7,2604,1,1
8,2604,1,3
9,2604,1,1
10,2604,3,3
11,2604,2,2
12,2604,2,2
13,2604,1,1
14,2604,1,1
0,2605,2,1
1,2605,1,1
2,2605,1,1
3,2605,2,3
4,2605,1,1
5,2605,1,1
6,2605,1,1
7,2605,1,1
8,2605,1,3
9,2605,1,1
10,2605,3,3
11,2605,2,2
12,2605,2,2
13,2605,1,1
14,2605,1,1
0,2606,1,1
1,2606,1,1
2,2606,1,1
3,2606,1,1
4,2606,1,1
5,2606,1,1
6,2606,1,1
7,2606,1,1
8,2606,1,1
9,2606,1,1
10,2606,1,1
11,2606,1,1
12,2606,1,1
13,2606,1,1
14,2606,1,1
0,2607,1,1
1,2607,1,1
2,2607,1,1
3,2607,1,1
4,2607,1,1
5,2607,1,1
6,2607,1,1
7,2607,1,1
8,2607,1,1
9,2607,1,1
10,2607,1,1
11,2607,1,1
12,2607,1,1
13,2607,1,1
14,2607,1,1
0,2608,1,1
1,2608,1,1
2,2608,1,1
3,2608,1,1
4,2608,1,1
5,2608,1,1
6,2608,1,1
7,2608,1,1
8,2608,1,1
9,2608,1,1
10,2608,1,1
11,2608,1,1
12,2608,1,1
13,2608,1,1
14,2608,1,1
0,2609,1,3
1,2609,1,1
2,2609,3,1
3,2609,3,1
4,2609,1,3
5,2609,3,1
6,2609,1,1
7,2609,2,1
8,2609,1,3
9,2609,1,1
10,2609,1,1
11,2609,2,2
12,2609,2,2
13,2609,1,1
14,2609,1,1
0,2610,1,3
1,2610,1,1
2,2610,3,1
3,2610,3,1
4,2610,1,3
5,2610,3,1
6,2610,1,1
7,2610,2,1
8,2610,1,3
9,2610,1,1
10,2610,1,1
11,2610,2,2
12,2610,2,2
13,2610,1,1
14,2610,1,1
0,2611,1,3
1,2611,1,1
2,2611,3,1
3,2611,3,1
4,2611,1,3
5,2611,3,1
6,2611,1,1
7,2611,2,1
8,2611,1,3
9,2611,1,1
10,2611,1,1
11,2611,2,2
12,2611,2,2
13,2611,1,1
14,2611,1,1
0,2612,1,3
1,2612,1,1
2,2612,3,1
3,2612,3,1
4,2612,1,3
5,2612,3,1
6,2612,1,1
7,2612,2,1
8,2612,1,3
9,2612,1,1
10,2612,1,1
11,2612,2,2
12,2612,2,2
13,2612,1,1
14,2612,1,1
0,2613,1,3
1,2613,1,1
2,2613,3,1
3,2613,3,1
4,2613,1,3
5,2613,3,1
6,2613,1,1
7,2613,2,1
8,2613,1,3
9,2613,1,1
10,2613,1,1
11,2613,2,2
12,2613,2,2
13,2613,1,1
14,2613,1,1
0,2614,1,3
1,2614,1,1
2,2614,3,1
3,2614,3,1
4,2614,1,3
5,2614,3,1
6,2614,1,1
7,2614,2,1
8,2614,1,3
9,2614,1,1
10,2614,1,1
11,2614,2,2
12,2614,2,2
13,2614,1,1
14,2614,1,1
0,2615,1,3
1,2615,1,1
2,2615,3,1
3,2615,3,1
4,2615,1,3
5,2615,3,1
6,2615,1,1
7,2615,2,1
8,2615,1,3
9,2615,1,1
10,2615,1,1
11,2615,2,2
12,2615,2,2
13,2615,1,1
14,2615,1,1
0,2616,2,1
1,2616,1,1
2,2616,1,1
3,2616,2,3
4,2616,1,1
5,2616,1,1
6,2616,1,1
7,2616,1,1
8,2616,1,3
9,2616,1,1
10,2616,3,3
11,2616,2,2
12,2616,2,2
13,2616,1,1
14,2616,1,1
0,2617,1,3
1,2617,1,1
2,2617,3,1
3,2617,3,1
4,2617,1,3
5,2617,3,1
6,2617,1,1
7,2617,2,1
8,2617,1,3
9,2617,1,1
10,2617,1,1
11,2617,2,2
12,2617,2,2
13,2617,1,1
14,2617,1,1
0,2618,2,1
1,2618,1,1
2,2618,1,1
3,2618,2,3
4,2618,1,1
5,2618,1,1
6,2618,1,1
7,2618,1,1
8,2618,1,1
9,2618,1,1
10,2618,1,1
11,2618,1,2
12,2618,2,1
13,2618,1,1
14,2618,1,1
0,2619,1,3
1,2619,1,1
2,2619,3,1
3,2619,3,1
4,2619,1,3
5,2619,3,1
6,2619,1,1
7,2619,2,1
8,2619,1,3
9,2619,1,1
10,2619,1,1
11,2619,2,2
12,2619,2,2
13,2619,1,1
14,2619,1,1
0,2620,2,1
1,2620,1,1
2,2620,1,1
3,2620,2,3
4,2620,1,1
5,2620,1,1
6,2620,1,1
7,2620,1,1
8,2620,1,3
9,2620,1,1
10,2620,3,3
11,2620,2,2
12,2620,2,2
13,2620,1,1
14,2620,1,1
0,2621,1,1
1,2621,1,1
2,2621,1,1
3,2621,1,1
4,2621,1,1
5,2621,1,1
6,2621,1,1
7,2621,1,1
8,2621,1,1
9,2621,1,1
10,2621,1,1
11,2621,1,1
12,2621,1,1
13,2621,1,1
14,2621,1,1
0,2622,1,3
1,2622,1,1
2,2622,3,1
3,2622,3,1
4,2622,1,3
5,2622,3,1
6,2622,1,1
7,2622,2,1
8,2622,1,3
9,2622,1,1
10,2622,1,1
11,2622,2,2
12,2622,2,2
13,2622,1,1
14,2622,1,1
0,2623,3,1
1,2623,1,1
2,2623,1,1
3,2623,0,2
4,2623,1,1
5,2623,2,2
6,2623,1,1
7,2623,1,1
8,2623,1,1
9,2623,1,1
10,2623,1,1
11,2623,2,2
12,2623,2,2
13,2623,1,1
14,2623,1,1
0,2624,1,3
1,2624,1,1
2,2624,3,1
3,2624,3,1
4,2624,1,3
5,2624,3,1
6,2624,1,1
7,2624,2,1
8,2624,1,3
9,2624,1,1
10,2624,1,1
11,2624,2,2
12,2624,2,2
13,2624,1,1
14,2624,1,1
0,2625,1,3
1,2625,1,1
2,2625,3,1
3,2625,3,1
4,2625,1,3
5,2625,3,1
6,2625,1,1
7,2625,2,1
8,2625,1,3
9,2625,1,1
10,2625,1,1
11,2625,2,2
12,2625,2,2
13,2625,1,1
14,2625,1,1
0,2626,2,1
1,2626,1,1
2,2626,1,1
3,2626,2,3
4,2626,1,1
5,2626,1,1
6,2626,1,1
7,2626,1,1
8,2626,1,1
9,2626,1,1
10,2626,1,1
11,2626,1,2
12,2626,2,1
13,2626,1,1
14,2626,1,1
0,2627,3,1
1,2627,1,1
2,2627,1,1
3,2627,0,2
4,2627,1,1
5,2627,2,2
6,2627,1,1
7,2627,1,1
8,2627,1,1
9,2627,1,1
10,2627,1,1
11,2627,2,2
12,2627,2,2
13,2627,1,1
14,2627,1,1
0,2628,1,3
1,2628,1,1
2,2628,3,1
3,2628,3,1
4,2628,1,3
5,2628,3,1
6,2628,1,1
7,2628,2,1
8,2628,1,3
9,2628,1,1
10,2628,1,1
11,2628,2,2
12,2628,2,2
13,2628,1,1
14,2628,1,1
0,2629,2,1
1,2629,1,1
2,2629,1,1
3,2629,2,3
4,2629,1,1
5,2629,1,1
6,2629,1,1
7,2629,1,1
8,2629,1,3
9,2629,1,1
10,2629,3,3
11,2629,2,2
12,2629,2,2
13,2629,1,1
14,2629,1,1
0,2630,2,1
1,2630,1,1
2,2630,1,1
3,2630,2,3
4,2630,1,1
5,2630,1,1
6,2630,1,1
7,2630,1,1
8,2630,1,1
9,2630,1,1
10,2630,1,1
11,2630,1,2
12,2630,2,1
13,2630,1,1
14,2630,1,1
0,2631,2,1
1,2631,1,1
2,2631,1,1
3,2631,2,3
4,2631,1,1
5,2631,1,1
6,2631,1,1
7,2631,1,1
8,2631,1,3
9,2631,1,1
10,2631,3,3
11,2631,2,2
12,2631,2,2
13,2631,1,1
14,2631,1,1
0,2632,1,1
1,2632,1,1
2,2632,1,1
3,2632,1,1
4,2632,1,1
5,2632,1,1
6,2632,1,1
7,2632,1,1
8,2632,1,1
9,2632,1,1
10,2632,1,1
11,2632,1,1
12,2632,1,1
13,2632,1,1
14,2632,1,1
0,2633,1,1
1,2633,1,1
2,2633,1,1
3,2633,1,1
4,2633,1,1
5,2633,1,1
6,2633,1,1
7,2633,1,1
8,2633,1,1
9,2633,1,1
10,2633,1,1
11,2633,1,1
12,2633,1,1
13,2633,1,1
14,2633,1,1
0,2634,3,1
1,2634,1,1
2,2634,1,1
3,2634,0,2
4,2634,1,1
5,2634,2,2
6,2634,1,1
7,2634,1,1
8,2634,1,1
9,2634,1,1
10,2634,1,1
11,2634,2,2
12,2634,2,2
13,2634,1,1
14,2634,1,1
0,2635,1,3
1,2635,1,1
2,2635,3,1
3,2635,3,1
4,2635,1,3
5,2635,3,1
6,2635,1,1
7,2635,2,1
8,2635,1,3
9,2635,1,1
10,2635,1,1
11,2635,2,2
12,2635,2,2
13,2635,1,1
14,2635,1,1
0,2636,1,3
1,2636,1,1
2,2636,3,1
3,2636,3,1
4,2636,1,3
5,2636,3,1
6,2636,1,1
7,2636,2,1
8,2636,1,3
9,2636,1,1
10,2636,1,1
11,2636,2,2
12,2636,2,2
13,2636,1,1
14,2636,1,1
0,2637,1,1
1,2637,1,1
2,2637,1,1
3,2637,1,1
4,2637,1,1
5,2637,1,1
6,2637,1,1
7,2637,1,1
8,2637,1,1
9,2637,1,1
10,2637,1,1
11,2637,1,1
12,2637,1,1
13,2637,1,1
14,2637,1,1
0,2638,1,3
1,2638,1,1
2,2638,3,1
3,2638,3,1
4,2638,1,3
5,2638,3,1
6,2638,1,1
7,2638,2,1
8,2638,1,3
9,2638,1,1
10,2638,1,1
11,2638,2,2
12,2638,2,2
13,2638,1,1
14,2638,1,1
0,2639,1,3
1,2639,1,1
2,2639,3,1
3,2639,3,1
4,2639,1,3
5,2639,3,1
6,2639,1,1
7,2639,2,1
8,2639,1,3
9,2639,1,1
10,2639,1,1
11,2639,2,2
12,2639,2,2
13,2639,1,1
14,2639,1,1
0,2640,1,1
1,2640,1,1
2,2640,1,1
3,2640,1,1
4,2640,1,1
5,2640,1,1
6,2640,1,1
7,2640,1,1
8,2640,1,1
9,2640,1,1
10,2640,1,1
11,2640,1,1
12,2640,1,1
13,2640,1,1
14,2640,1,1
0,2641,1,1
1,2641,1,1
2,2641,1,1
3,2641,1,1
4,2641,1,1
5,2641,1,1
6,2641,1,1
7,2641,1,1
8,2641,1,1
9,2641,1,1
10,2641,1,1
11,2641,1,1
12,2641,1,1
13,2641,1,1
14,2641,1,1
0,2642,3,1
1,2642,1,1
2,2642,1,1
3,2642,0,2
4,2642,1,1
5,2642,2,2
6,2642,1,1
7,2642,1,1
8,2642,1,1
9,2642,1,1
10,2642,1,1
11,2642,2,2
12,2642,2,2
13,2642,1,1
14,2642,1,1
0,2643,1,3
1,2643,1,1
2,2643,3,1
3,2643,3,1
4,2643,1,3
5,2643,3,1
6,2643,1,1
7,2643,2,1
8,2643,1,3
9,2643,1,1
10,2643,1,1
11,2643,2,2
12,2643,2,2
13,2643,1,1
14,2643,1,1
0,2644,1,3
1,2644,1,1
2,2644,3,1
3,2644,3,1
4,2644,1,3
5,2644,3,1
6,2644,1,1
7,2644,2,1
8,2644,1,3
9,2644,1,1
10,2644,1,1
11,2644,2,2
12,2644,2,2
13,2644,1,1
14,2644,1,1
0,2645,3,1
1,2645,1,1
2,2645,1,1
3,2645,0,2
4,2645,1,1
5,2645,2,2
6,2645,1,1
7,2645,1,1
8,2645,1,1
9,2645,1,1
10,2645,1,1
11,2645,2,2
12,2645,2,2
13,2645,1,1
14,2645,1,1
0,2646,1,1
1,2646,1,1
2,2646,1,1
3,2646,1,1
4,2646,1,1
5,2646,1,1
6,2646,1,1
7,2646,1,1
8,2646,1,1
9,2646,1,1
10,2646,1,1
11,2646,1,1
12,2646,1,1
13,2646,1,1
14,2646,1,1
0,2647,1,3
1,2647,1,1
2,2647,3,1
3,2647,3,1
4,2647,1,3
5,2647,3,1
6,2647,1,1
7,2647,2,1
8,2647,1,3
9,2647,1,1
10,2647,1,1
11,2647,2,2
12,2647,2,2
13,2647,1,1
14,2647,1,1
0,2648,1,1
1,2648,1,1
2,2648,1,1
3,2648,1,1
4,2648,1,1
5,2648,1,1
6,2648,1,1
7,2648,1,1
8,2648,1,1
9,2648,1,1
10,2648,1,1
11,2648,1,1
12,2648,1,1
13,2648,1,1
14,2648,1,1
0,2649,1,1
1,2649,1,1
2,2649,1,1
3,2649,1,1
4,2649,1,1
5,2649,1,1
6,2649,1,1
7,2649,1,1
8,2649,1,1
9,2649,1,1
10,2649,1,1
11,2649,1,1
12,2649,1,1
13,2649,1,1
14,2649,1,1
0,2650,1,3
1,2650,1,1
2,2650,3,1
3,2650,3,1
4,2650,1,3
5,2650,3,1
6,2650,1,1
7,2650,2,1
8,2650,1,3
9,2650,1,1
10,2650,1,1
11,2650,2,2
12,2650,2,2
13,2650,1,1
14,2650,1,1
0,2651,1,3
1,2651,1,1
2,2651,3,1
3,2651,3,1
4,2651,1,3
5,2651,3,1
6,2651,1,1
7,2651,2,1
8,2651,1,3
9,2651,1,1
10,2651,1,1
11,2651,2,2
12,2651,2,2
13,2651,1,1
14,2651,1,1
0,2652,2,1
1,2652,1,1
2,2652,1,1
3,2652,2,3
4,2652,1,1
5,2652,1,1
6,2652,1,1
7,2652,1,1
8,2652,1,3
9,2652,1,1
10,2652,3,3
11,2652,2,2
12,2652,2,2
13,2652,1,1
14,2652,1,1
0,2653,1,1
1,2653,1,1
2,2653,1,1
3,2653,1,1
4,2653,1,1
5,2653,1,1
6,2653,1,1
7,2653,1,1
8,2653,1,1
9,2653,1,1
10,2653,1,1
11,2653,1,1
12,2653,1,1
13,2653,1,1
14,2653,1,1
0,2654,1,3
1,2654,1,1
2,2654,3,1
3,2654,3,1
4,2654,1,3
5,2654,3,1
6,2654,1,1
7,2654,2,1
8,2654,1,3
9,2654,1,1
10,2654,1,1
11,2654,2,2
12,2654,2,2
13,2654,1,1
14,2654,1,1
0,2655,3,1
1,2655,1,1
2,2655,1,1
3,2655,0,2
4,2655,1,1
5,2655,2,2
6,2655,1,1
7,2655,1,1
8,2655,1,1
9,2655,1,1
10,2655,1,1
11,2655,2,2
12,2655,2,2
13,2655,1,1
14,2655,1,1
0,2656,1,3
1,2656,1,1
2,2656,3,1
3,2656,3,1
4,2656,1,3
5,2656,3,1
6,2656,1,1
7,2656,2,1
8,2656,1,3
9,2656,1,1
10,2656,1,1
11,2656,2,2
12,2656,2,2
13,2656,1,1
14,2656,1,1
0,2657,3,1
1,2657,1,1
2,2657,1,1
3,2657,0,2
4,2657,1,1
5,2657,2,2
6,2657,1,1
7,2657,1,1
8,2657,1,1
9,2657,1,1
10,2657,1,1
11,2657,2,2
12,2657,2,2
13,2657,1,1
14,2657,1,1
0,2658,1,3
1,2658,1,1
2,2658,3,1
3,2658,3,1
4,2658,1,3
5,2658,3,1
6,2658,1,1
7,2658,2,1
8,2658,1,3
9,2658,1,1
10,2658,1,1
11,2658,2,2
12,2658,2,2
13,2658,1,1
14,2658,1,1
0,2659,1,3
1,2659,1,1
2,2659,3,1
3,2659,3,1
4,2659,1,3
5,2659,3,1
6,2659,1,1
7,2659,2,1
8,2659,1,3
9,2659,1,1
10,2659,1,1
11,2659,2,2
12,2659,2,2
13,2659,1,1
14,2659,1,1
0,2660,3,1
1,2660,1,1
2,2660,1,1
3,2660,0,2
4,2660,1,1
5,2660,2,2
6,2660,1,1
7,2660,1,1
8,2660,1,1
9,2660,1,1
10,2660,1,1
11,2660,2,2
12,2660,2,2
13,2660,1,1
14,2660,1,1
0,2661,1,1
1,2661,1,1
2,2661,1,1
3,2661,1,1
4,2661,1,1
5,2661,1,1
6,2661,1,1
7,2661,1,1
8,2661,1,1
9,2661,1,1
10,2661,1,1
11,2661,1,1
12,2661,1,1
13,2661,1,1
14,2661,1,1
0,2662,2,1
1,2662,1,1
2,2662,1,1
3,2662,2,3
4,2662,1,1
5,2662,1,1
6,2662,1,1
7,2662,1,1
8,2662,1,1
9,2662,1,1
10,2662,1,1
11,2662,1,2
12,2662,2,1
13,2662,1,1
14,2662,1,1
0,2663,1,3
1,2663,1,1
2,2663,3,1
3,2663,3,1
4,2663,1,3
5,2663,3,1
6,2663,1,1
7,2663,2,1
8,2663,1,3
9,2663,1,1
10,2663,1,1
11,2663,2,2
12,2663,2,2
13,2663,1,1
14,2663,1,1
0,2664,1,3
1,2664,1,1
2,2664,3,1
3,2664,3,1
4,2664,1,3
5,2664,3,1
6,2664,1,1
7,2664,2,1
8,2664,1,3
9,2664,1,1
10,2664,1,1
11,2664,2,2
12,2664,2,2
13,2664,1,1
14,2664,1,1
0,2665,1,1
1,2665,1,1
2,2665,1,1
3,2665,1,1
4,2665,1,1
5,2665,1,1
6,2665,1,1
7,2665,1,1
8,2665,1,1
9,2665,1,1
10,2665,1,1
11,2665,1,1
12,2665,1,1
13,2665,1,1
14,2665,1,1
0,2666,1,3
1,2666,1,1
2,2666,3,1
3,2666,3,1
4,2666,1,3
5,2666,3,1
6,2666,1,1
7,2666,2,1
8,2666,1,3
9,2666,1,1
10,2666,1,1
11,2666,2,2
12,2666,2,2
13,2666,1,1
14,2666,1,1
0,2667,1,3
1,2667,1,1
2,2667,3,1
3,2667,3,1
4,2667,1,3
5,2667,3,1
6,2667,1,1
7,2667,2,1
8,2667,1,3
9,2667,1,1
10,2667,1,1
11,2667,2,2
12,2667,2,2
13,2667,1,1
14,2667,1,1
0,2668,3,1
1,2668,1,1
2,2668,1,1
3,2668,0,2
4,2668,1,1
5,2668,2,2
6,2668,1,1
7,2668,1,1
8,2668,1,1
9,2668,1,1
10,2668,1,1
11,2668,2,2
12,2668,2,2
13,2668,1,1
14,2668,1,1
0,2669,1,3
1,2669,1,1
2,2669,3,1
3,2669,3,1
4,2669,1,3
5,2669,3,1
6,2669,1,1
7,2669,2,1
8,2669,1,3
9,2669,1,1
10,2669,1,1
11,2669,2,2
12,2669,2,2
13,2669,1,1
14,2669,1,1
0,2670,1,3
1,2670,1,1
2,2670,3,1
3,2670,3,1
4,2670,1,3
5,2670,3,1
6,2670,1,1
7,2670,2,1
8,2670,1,3
9,2670,1,1
10,2670,1,1
11,2670,2,2
12,2670,2,2
13,2670,1,1
14,2670,1,1
0,2671,1,3
1,2671,1,1
2,2671,3,1
3,2671,3,1
4,2671,1,3
5,2671,3,1
6,2671,1,1
7,2671,2,1
8,2671,1,3
9,2671,1,1
10,2671,1,1
11,2671,2,2
12,2671,2,2
13,2671,1,1
14,2671,1,1
0,2672,1,3
1,2672,1,1
2,2672,3,1
3,2672,3,1
4,2672,1,3
5,2672,3,1
6,2672,1,1
7,2672,2,1
8,2672,1,3
9,2672,1,1
10,2672,1,1
11,2672,2,2
12,2672,2,2
13,2672,1,1
14,2672,1,1
0,2673,1,3
1,2673,1,1
2,2673,3,1
3,2673,3,1
4,2673,1,3
5,2673,3,1
6,2673,1,1
7,2673,2,1
8,2673,1,3
9,2673,1,1
10,2673,1,1
11,2673,2,2
12,2673,2,2
13,2673,1,1
14,2673,1,1
0,2674,1,3
1,2674,1,1
2,2674,3,1
3,2674,3,1
4,2674,1,3
5,2674,3,1
6,2674,1,1
7,2674,2,1
8,2674,1,3
9,2674,1,1
10,2674,1,1
11,2674,2,2
12,2674,2,2
13,2674,1,1
14,2674,1,1
0,2675,2,1
1,2675,1,1
2,2675,1,1
3,2675,2,3
4,2675,1,1
5,2675,1,1
6,2675,1,1
7,2675,1,1
8,2675,1,3
9,2675,1,1
10,2675,3,3
11,2675,2,2
12,2675,2,2
13,2675,1,1
14,2675,1,1
0,2676,2,1
1,2676,1,1
2,2676,1,1
3,2676,2,3
4,2676,1,1
5,2676,1,1
6,2676,1,1
7,2676,1,1
8,2676,1,1
9,2676,1,1
10,2676,1,1
11,2676,1,2
12,2676,2,1
13,2676,1,1
14,2676,1,1
0,2677,1,3
1,2677,1,1
2,2677,3,1
3,2677,3,1
4,2677,1,3
5,2677,3,1
6,2677,1,1
7,2677,2,1
8,2677,1,3
9,2677,1,1
10,2677,1,1
11,2677,2,2
12,2677,2,2
13,2677,1,1
14,2677,1,1
0,2678,1,3
1,2678,1,1
2,2678,3,1
3,2678,3,1
4,2678,1,3
5,2678,3,1
6,2678,1,1
7,2678,2,1
8,2678,1,3
9,2678,1,1
10,2678,1,1
11,2678,2,2
12,2678,2,2
13,2678,1,1
14,2678,1,1
0,2679,1,1
1,2679,1,1
2,2679,1,1
3,2679,1,1
4,2679,1,1
5,2679,1,1
6,2679,1,1
7,2679,1,1
8,2679,1,1
9,2679,1,1
10,2679,1,1
11,2679,1,1
12,2679,1,1
13,2679,1,1
14,2679,1,1
0,2680,1,1
1,2680,1,1
2,2680,1,1
3,2680,1,1
4,2680,1,1
5,2680,1,1
6,2680,1,1
7,2680,1,1
8,2680,1,1
9,2680,1,1
10,2680,1,1
11,2680,1,1
12,2680,1,1
13,2680,1,1
14,2680,1,1
0,2681,1,3
1,2681,1,1
2,2681,3,1
3,2681,3,1
4,2681,1,3
5,2681,3,1
6,2681,1,1
7,2681,2,1
8,2681,1,3
9,2681,1,1
10,2681,1,1
11,2681,2,2
12,2681,2,2
13,2681,1,1
14,2681,1,1
0,2682,3,1
1,2682,1,1
2,2682,1,1
3,2682,0,2
4,2682,1,1
5,2682,2,2
6,2682,1,1
7,2682,1,1
8,2682,1,1
9,2682,1,1
10,2682,1,1
11,2682,2,2
12,2682,2,2
13,2682,1,1
14,2682,1,1
0,2683,2,1
1,2683,1,1
2,2683,1,1
3,2683,2,3
4,2683,1,1
5,2683,1,1
6,2683,1,1
7,2683,1,1
8,2683,1,3
9,2683,1,1
10,2683,3,3
11,2683,2,2
12,2683,2,2
13,2683,1,1
14,2683,1,1
0,2684,1,1
1,2684,1,1
2,2684,1,1
3,2684,1,1
4,2684,1,1
5,2684,1,1
6,2684,1,1
7,2684,1,1
8,2684,1,1
9,2684,1,1
10,2684,1,1
11,2684,1,1
12,2684,1,1
13,2684,1,1
14,2684,1,1
0,2685,1,1
1,2685,1,1
2,2685,1,1
3,2685,1,1
4,2685,1,1
5,2685,1,1
6,2685,1,1
7,2685,1,1
8,2685,1,1
9,2685,1,1
10,2685,1,1
11,2685,1,1
12,2685,1,1
13,2685,1,1
14,2685,1,1
0,2686,1,3
1,2686,1,1
2,2686,3,1
3,2686,3,1
4,2686,1,3
5,2686,3,1
6,2686,1,1
7,2686,2,1
8,2686,1,3
9,2686,1,1
10,2686,1,1
11,2686,2,2
12,2686,2,2
13,2686,1,1
14,2686,1,1
0,2687,3,1
1,2687,1,1
2,2687,1,1
3,2687,0,2
4,2687,1,1
5,2687,2,2
6,2687,1,1
7,2687,1,1
8,2687,1,1
9,2687,1,1
10,2687,1,1
11,2687,2,2
12,2687,2,2
13,2687,1,1
14,2687,1,1
0,2688,1,1
1,2688,1,1
2,2688,1,1
3,2688,1,1
4,2688,1,1
5,2688,1,1
6,2688,1,1
7,2688,1,1
8,2688,1,1
9,2688,1,1
10,2688,1,1
11,2688,1,1
12,2688,1,1
13,2688,1,1
14,2688,1,1
0,2689,1,3
1,2689,1,1
2,2689,3,1
3,2689,3,1
4,2689,1,3
5,2689,3,1
6,2689,1,1
7,2689,2,1
8,2689,1,3
9,2689,1,1
10,2689,1,1
11,2689,2,2
12,2689,2,2
13,2689,1,1
14,2689,1,1
0,2690,1,1
1,2690,1,1
2,2690,1,1
3,2690,1,1
4,2690,1,1
5,2690,1,1
6,2690,1,1
7,2690,1,1
8,2690,1,1
9,2690,1,1
10,2690,1,1
11,2690,1,1
12,2690,1,1
13,2690,1,1
14,2690,1,1
0,2691,1,3
1,2691,1,1
2,2691,3,1
3,2691,3,1
4,2691,1,3
5,2691,3,1
6,2691,1,1
7,2691,2,1
8,2691,1,3
9,2691,1,1
10,2691,1,1
11,2691,2,2
12,2691,2,2
13,2691,1,1
14,2691,1,1
0,2692,1,3
1,2692,1,1
2,2692,3,1
3,2692,3,1
4,2692,1,3
5,2692,3,1
6,2692,1,1
7,2692,2,1
8,2692,1,3
9,2692,1,1
10,2692,1,1
11,2692,2,2
12,2692,2,2
13,2692,1,1
14,2692,1,1
0,2693,1,3
1,2693,1,1
2,2693,3,1
3,2693,3,1
4,2693,1,3
5,2693,3,1
6,2693,1,1
7,2693,2,1
8,2693,1,3
9,2693,1,1
10,2693,1,1
11,2693,2,2
12,2693,2,2
13,2693,1,1
14,2693,1,1
0,2694,1,3
1,2694,1,1
2,2694,3,1
3,2694,3,1
4,2694,1,3
5,2694,3,1
6,2694,1,1
7,2694,2,1
8,2694,1,3
9,2694,1,1
10,2694,1,1
11,2694,2,2
12,2694,2,2
13,2694,1,1
14,2694,1,1
0,2695,1,1
1,2695,1,1
2,2695,1,1
3,2695,1,1
4,2695,1,1
5,2695,1,1
6,2695,1,1
7,2695,1,1
8,2695,1,1
9,2695,1,1
10,2695,1,1
11,2695,1,1
12,2695,1,1
13,2695,1,1
14,2695,1,1
0,2696,2,1
1,2696,1,1
2,2696,1,1
3,2696,2,3
4,2696,1,1
5,2696,1,1
6,2696,1,1
7,2696,1,1
8,2696,1,1
9,2696,1,1
10,2696,1,1
11,2696,1,2
12,2696,2,1
13,2696,1,1
14,2696,1,1
0,2697,1,3
1,2697,1,1
2,2697,3,1
3,2697,3,1
4,2697,1,3
5,2697,3,1
6,2697,1,1
7,2697,2,1
8,2697,1,3
9,2697,1,1
10,2697,1,1
11,2697,2,2
12,2697,2,2
13,2697,1,1
14,2697,1,1
0,2698,1,3
1,2698,1,1
2,2698,3,1
3,2698,3,1
4,2698,1,3
5,2698,3,1
6,2698,1,1
7,2698,2,1
8,2698,1,3
9,2698,1,1
10,2698,1,1
11,2698,2,2
12,2698,2,2
13,2698,1,1
14,2698,1,1
0,2699,2,1
1,2699,1,1
2,2699,1,1
3,2699,2,3
4,2699,1,1
5,2699,1,1
6,2699,1,1
7,2699,1,1
8,2699,1,3
9,2699,1,1
10,2699,3,3
11,2699,2,2
12,2699,2,2
13,2699,1,1
14,2699,1,1
0,2700,2,1
1,2700,1,1
2,2700,1,1
3,2700,2,3
4,2700,1,1
5,2700,1,1
6,2700,1,1
7,2700,1,1
8,2700,1,1
9,2700,1,1
10,2700,1,1
11,2700,1,2
12,2700,2,1
13,2700,1,1
14,2700,1,1
0,2701,1,1
1,2701,1,1
2,2701,1,1
3,2701,1,1
4,2701,1,1
5,2701,1,1
6,2701,1,1
7,2701,1,1
8,2701,1,1
9,2701,1,1
10,2701,1,1
11,2701,1,1
12,2701,1,1
13,2701,1,1
14,2701,1,1
0,2702,1,3
1,2702,1,1
2,2702,3,1
3,2702,3,1
4,2702,1,3
5,2702,3,1
6,2702,1,1
7,2702,2,1
8,2702,1,3
9,2702,1,1
10,2702,1,1
11,2702,2,2
12,2702,2,2
13,2702,1,1
14,2702,1,1
0,2703,1,3
1,2703,1,1
2,2703,3,1
3,2703,3,1
4,2703,1,3
5,2703,3,1
6,2703,1,1
7,2703,2,1
8,2703,1,3
9,2703,1,1
10,2703,1,1
11,2703,2,2
12,2703,2,2
13,2703,1,1
14,2703,1,1
0,2704,1,3
1,2704,1,1
2,2704,3,1
3,2704,3,1
4,2704,1,3
5,2704,3,1
6,2704,1,1
7,2704,2,1
8,2704,1,3
9,2704,1,1
10,2704,1,1
11,2704,2,2
12,2704,2,2
13,2704,1,1
14,2704,1,1
0,2705,3,1
1,2705,1,1
2,2705,1,1
3,2705,0,2
4,2705,1,1
5,2705,2,2
6,2705,1,1
7,2705,1,1
8,2705,1,1
9,2705,1,1
10,2705,1,1
11,2705,2,2
12,2705,2,2
13,2705,1,1
14,2705,1,1
0,2706,1,3
1,2706,1,1
2,2706,3,1
3,2706,3,1
4,2706,1,3
5,2706,3,1
6,2706,1,1
7,2706,2,1
8,2706,1,3
9,2706,1,1
10,2706,1,1
11,2706,2,2
12,2706,2,2
13,2706,1,1
14,2706,1,1
0,2707,1,3
1,2707,1,1
2,2707,3,1
3,2707,3,1
4,2707,1,3
5,2707,3,1
6,2707,1,1
7,2707,2,1
8,2707,1,3
9,2707,1,1
10,2707,1,1
11,2707,2,2
12,2707,2,2
13,2707,1,1
14,2707,1,1
0,2708,1,3
1,2708,1,1
2,2708,3,1
3,2708,3,1
4,2708,1,3
5,2708,3,1
6,2708,1,1
7,2708,2,1
8,2708,1,3
9,2708,1,1
10,2708,1,1
11,2708,2,2
12,2708,2,2
13,2708,1,1
14,2708,1,1
0,2709,2,1
1,2709,1,1
2,2709,1,1
3,2709,2,3
4,2709,1,1
5,2709,1,1
6,2709,1,1
7,2709,1,1
8,2709,1,3
9,2709,1,1
10,2709,3,3
11,2709,2,2
12,2709,2,2
13,2709,1,1
14,2709,1,1
0,2710,1,3
1,2710,1,1
2,2710,3,1
3,2710,3,1
4,2710,1,3
5,2710,3,1
6,2710,1,1
7,2710,2,1
8,2710,1,3
9,2710,1,1
10,2710,1,1
11,2710,2,2
12,2710,2,2
13,2710,1,1
14,2710,1,1
0,2711,1,3
1,2711,1,1
2,2711,3,1
3,2711,3,1
4,2711,1,3
5,2711,3,1
6,2711,1,1
7,2711,2,1
8,2711,1,3
9,2711,1,1
10,2711,1,1
11,2711,2,2
12,2711,2,2
13,2711,1,1
14,2711,1,1
0,2712,1,3
1,2712,1,1
2,2712,3,1
3,2712,3,1
4,2712,1,3
5,2712,3,1
6,2712,1,1
7,2712,2,1
8,2712,1,3
9,2712,1,1
10,2712,1,1
11,2712,2,2
12,2712,2,2
13,2712,1,1
14,2712,1,1
0,2713,1,3
1,2713,1,1
2,2713,3,1
3,2713,3,1
4,2713,1,3
5,2713,3,1
6,2713,1,1
7,2713,2,1
8,2713,1,3
9,2713,1,1
10,2713,1,1
11,2713,2,2
12,2713,2,2
13,2713,1,1
14,2713,1,1
0,2714,1,3
1,2714,1,1
2,2714,3,1
3,2714,3,1
4,2714,1,3
5,2714,3,1
6,2714,1,1
7,2714,2,1
8,2714,1,3
9,2714,1,1
10,2714,1,1
11,2714,2,2
12,2714,2,2
13,2714,1,1
14,2714,1,1
0,2715,1,3
1,2715,1,1
2,2715,3,1
3,2715,3,1
4,2715,1,3
5,2715,3,1
6,2715,1,1
7,2715,2,1
8,2715,1,3
9,2715,1,1
10,2715,1,1
11,2715,2,2
12,2715,2,2
13,2715,1,1
14,2715,1,1
0,2716,1,3
1,2716,1,1
2,2716,3,1
3,2716,3,1
4,2716,1,3
5,2716,3,1
6,2716,1,1
7,2716,2,1
8,2716,1,3
9,2716,1,1
10,2716,1,1
11,2716,2,2
12,2716,2,2
13,2716,1,1
14,2716,1,1
0,2717,1,1
1,2717,1,1
2,2717,1,1
3,2717,1,1
4,2717,1,1
5,2717,1,1
6,2717,1,1
7,2717,1,1
8,2717,1,1
9,2717,1,1
10,2717,1,1
11,2717,1,1
12,2717,1,1
13,2717,1,1
14,2717,1,1
0,2718,2,1
1,2718,1,1
2,2718,1,1
3,2718,2,3
4,2718,1,1
5,2718,1,1
6,2718,1,1
7,2718,1,1
8,2718,1,1
9,2718,1,1
10,2718,1,1
11,2718,1,2
12,2718,2,1
13,2718,1,1
14,2718,1,1
0,2719,1,3
1,2719,1,1
2,2719,3,1
3,2719,3,1
4,2719,1,3
5,2719,3,1
6,2719,1,1
7,2719,2,1
8,2719,1,3
9,2719,1,1
10,2719,1,1
11,2719,2,2
12,2719,2,2
13,2719,1,1
14,2719,1,1
0,2720,1,3
1,2720,1,1
2,2720,3,1
3,2720,3,1
4,2720,1,3
5,2720,3,1
6,2720,1,1
7,2720,2,1
8,2720,1,3
9,2720,1,1
10,2720,1,1
11,2720,2,2
12,2720,2,2
13,2720,1,1
14,2720,1,1
0,2721,1,3
1,2721,1,1
2,2721,3,1
3,2721,3,1
4,2721,1,3
5,2721,3,1
6,2721,1,1
7,2721,2,1
8,2721,1,3
9,2721,1,1
10,2721,1,1
11,2721,2,2
12,2721,2,2
13,2721,1,1
14,2721,1,1
0,2722,2,1
1,2722,1,1
2,2722,1,1
3,2722,2,3
4,2722,1,1
5,2722,1,1
6,2722,1,1
7,2722,1,1
8,2722,1,3
9,2722,1,1
10,2722,3,3
11,2722,2,2
12,2722,2,2
13,2722,1,1
14,2722,1,1
0,2723,1,3
1,2723,1,1
2,2723,3,1
3,2723,3,1
4,2723,1,3
5,2723,3,1
6,2723,1,1
7,2723,2,1
8,2723,1,3
9,2723,1,1
10,2723,1,1
11,2723,2,2
12,2723,2,2
13,2723,1,1
14,2723,1,1
0,2724,3,1
1,2724,1,1
2,2724,1,1
3,2724,0,2
4,2724,1,1
5,2724,2,2
6,2724,1,1
7,2724,1,1
8,2724,1,1
9,2724,1,1
10,2724,1,1
11,2724,2,2
12,2724,2,2
13,2724,1,1
14,2724,1,1
0,2725,1,3
1,2725,1,1
2,2725,3,1
3,2725,3,1
4,2725,1,3
5,2725,3,1
6,2725,1,1
7,2725,2,1
8,2725,1,3
9,2725,1,1
10,2725,1,1
11,2725,2,2
12,2725,2,2
13,2725,1,1
14,2725,1,1
0,2726,1,3
1,2726,1,1
2,2726,3,1
3,2726,3,1
4,2726,1,3
5,2726,3,1
6,2726,1,1
7,2726,2,1
8,2726,1,3
9,2726,1,1
10,2726,1,1
11,2726,2,2
12,2726,2,2
13,2726,1,1
14,2726,1,1
0,2727,1,1
1,2727,1,1
2,2727,1,1
3,2727,1,1
4,2727,1,1
5,2727,1,1
6,2727,1,1
7,2727,1,1
8,2727,1,1
9,2727,1,1
10,2727,1,1
11,2727,1,1
12,2727,1,1
13,2727,1,1
14,2727,1,1
0,2728,3,1
1,2728,1,1
2,2728,1,1
3,2728,0,2
4,2728,1,1
5,2728,2,2
6,2728,1,1
7,2728,1,1
8,2728,1,1
9,2728,1,1
10,2728,1,1
11,2728,2,2
12,2728,2,2
13,2728,1,1
14,2728,1,1
0,2729,1,3
1,2729,1,1
2,2729,3,1
3,2729,3,1
4,2729,1,3
5,2729,3,1
6,2729,1,1
7,2729,2,1
8,2729,1,3
9,2729,1,1
10,2729,1,1
11,2729,2,2
12,2729,2,2
13,2729,1,1
14,2729,1,1
0,2730,1,1
1,2730,1,1
2,2730,1,1
3,2730,1,1
4,2730,1,1
5,2730,1,1
6,2730,1,1
7,2730,1,1
8,2730,1,1
9,2730,1,1
10,2730,1,1
11,2730,1,1
12,2730,1,1
13,2730,1,1
14,2730,1,1
0,2731,1,3
1,2731,1,1
2,2731,3,1
3,2731,3,1
4,2731,1,3
5,2731,3,1
6,2731,1,1
7,2731,2,1
8,2731,1,3
9,2731,1,1
10,2731,1,1
11,2731,2,2
12,2731,2,2
13,2731,1,1
14,2731,1,1
0,2732,1,1
1,2732,1,1
2,2732,1,1
3,2732,1,1
4,2732,1,1
5,2732,1,1
6,2732,1,1
7,2732,1,1
8,2732,1,1
9,2732,1,1
10,2732,1,1
11,2732,1,1
12,2732,1,1
13,2732,1,1
14,2732,1,1
0,2733,3,1
1,2733,1,1
2,2733,1,1
3,2733,0,2
4,2733,1,1
5,2733,2,2
6,2733,1,1
7,2733,1,1
8,2733,1,1
9,2733,1,1
10,2733,1,1
11,2733,2,2
12,2733,2,2
13,2733,1,1
14,2733,1,1
0,2734,2,1
1,2734,1,1
2,2734,1,1
3,2734,2,3
4,2734,1,1
5,2734,1,1
6,2734,1,1
7,2734,1,1
8,2734,1,1
9,2734,1,1
10,2734,1,1
11,2734,1,2
12,2734,2,1
13,2734,1,1
14,2734,1,1
0,2735,1,1
1,2735,1,1
2,2735,1,1
3,2735,1,1
4,2735,1,1
5,2735,1,1
6,2735,1,1
7,2735,1,1
8,2735,1,1
9,2735,1,1
10,2735,1,1
11,2735,1,1
12,2735,1,1
13,2735,1,1
14,2735,1,1
0,2736,2,1
1,2736,1,1
2,2736,1,1
3,2736,2,3
4,2736,1,1
5,2736,1,1
6,2736,1,1
7,2736,1,1
8,2736,1,1
9,2736,1,1
10,2736,1,1
11,2736,1,2
12,2736,2,1
13,2736,1,1
14,2736,1,1
0,2737,1,3
1,2737,1,1
2,2737,3,1
3,2737,3,1
4,2737,1,3
5,2737,3,1
6,2737,1,1
7,2737,2,1
8,2737,1,3
9,2737,1,1
10,2737,1,1
11,2737,2,2
12,2737,2,2
13,2737,1,1
14,2737,1,1
0,2738,1,3
1,2738,1,1
2,2738,3,1
3,2738,3,1
4,2738,1,3
5,2738,3,1
6,2738,1,1
7,2738,2,1
8,2738,1,3
9,2738,1,1
10,2738,1,1
11,2738,2,2
12,2738,2,2
13,2738,1,1
14,2738,1,1
0,2739,3,1
1,2739,1,1
2,2739,1,1
3,2739,0,2
4,2739,1,1
5,2739,2,2
6,2739,1,1
7,2739,1,1
8,2739,1,1
9,2739,1,1
10,2739,1,1
11,2739,2,2
12,2739,2,2
13,2739,1,1
14,2739,1,1
0,2740,1,3
1,2740,1,1
2,2740,3,1
3,2740,3,1
4,2740,1,3
5,2740,3,1
6,2740,1,1
7,2740,2,1
8,2740,1,3
9,2740,1,1
10,2740,1,1
11,2740,2,2
12,2740,2,2
13,2740,1,1
14,2740,1,1
0,2741,1,3
1,2741,1,1
2,2741,3,1
3,2741,3,1
4,2741,1,3
5,2741,3,1
6,2741,1,1
7,2741,2,1
8,2741,1,3
9,2741,1,1
10,2741,1,1
11,2741,2,2
12,2741,2,2
13,2741,1,1
14,2741,1,1
0,2742,1,3
1,2742,1,1
2,2742,3,1
3,2742,3,1
4,2742,1,3
5,2742,3,1
6,2742,1,1
7,2742,2,1
8,2742,1,3
9,2742,1,1
10,2742,1,1
11,2742,2,2
12,2742,2,2
13,2742,1,1
14,2742,1,1
0,2743,1,1
1,2743,1,1
2,2743,1,1
3,2743,1,1
4,2743,1,1
5,2743,1,1
6,2743,1,1
7,2743,1,1
8,2743,1,1
9,2743,1,1
10,2743,1,1
11,2743,1,1
12,2743,1,1
13,2743,1,1
14,2743,1,1
0,2744,1,3
1,2744,1,1
2,2744,3,1
3,2744,3,1
4,2744,1,3
5,2744,3,1
6,2744,1,1
7,2744,2,1
8,2744,1,3
9,2744,1,1
10,2744,1,1
11,2744,2,2
12,2744,2,2
13,2744,1,1
14,2744,1,1
0,2745,1,3
1,2745,1,1
2,2745,3,1
3,2745,3,1
4,2745,1,3
5,2745,3,1
6,2745,1,1
7,2745,2,1
8,2745,1,3
9,2745,1,1
10,2745,1,1
11,2745,2,2
12,2745,2,2
13,2745,1,1
14,2745,1,1
0,2746,3,1
1,2746,1,1
2,2746,1,1
3,2746,0,2
4,2746,1,1
5,2746,2,2
6,2746,1,1
7,2746,1,1
8,2746,1,1
9,2746,1,1
10,2746,1,1
11,2746,2,2
12,2746,2,2
13,2746,1,1
14,2746,1,1
0,2747,3,1
1,2747,1,1
2,2747,1,1
3,2747,0,2
4,2747,1,1
5,2747,2,2
6,2747,1,1
7,2747,1,1
8,2747,1,1
9,2747,1,1
10,2747,1,1
11,2747,2,2
12,2747,2,2
13,2747,1,1
14,2747,1,1
0,2748,1,3
1,2748,1,1
2,2748,3,1
3,2748,3,1
4,2748,1,3
5,2748,3,1
6,2748,1,1
7,2748,2,1
8,2748,1,3
9,2748,1,1
10,2748,1,1
11,2748,2,2
12,2748,2,2
13,2748,1,1
14,2748,1,1
0,2749,1,3
1,2749,1,1
2,2749,3,1
3,2749,3,1
4,2749,1,3
5,2749,3,1
6,2749,1,1
7,2749,2,1
8,2749,1,3
9,2749,1,1
10,2749,1,1
11,2749,2,2
12,2749,2,2
13,2749,1,1
14,2749,1,1
0,2750,1,3
1,2750,1,1
2,2750,3,1
3,2750,3,1
4,2750,1,3
5,2750,3,1
6,2750,1,1
7,2750,2,1
8,2750,1,3
9,2750,1,1
10,2750,1,1
11,2750,2,2
12,2750,2,2
13,2750,1,1
14,2750,1,1
0,2751,1,3
1,2751,1,1
2,2751,3,1
3,2751,3,1
4,2751,1,3
5,2751,3,1
6,2751,1,1
7,2751,2,1
8,2751,1,3
9,2751,1,1
10,2751,1,1
11,2751,2,2
12,2751,2,2
13,2751,1,1
14,2751,1,1
0,2752,2,1
1,2752,1,1
2,2752,1,1
3,2752,2,3
4,2752,1,1
5,2752,1,1
6,2752,1,1
7,2752,1,1
8,2752,1,1
9,2752,1,1
10,2752,1,1
11,2752,1,2
12,2752,2,1
13,2752,1,1
14,2752,1,1
0,2753,2,1
1,2753,1,1
2,2753,1,1
3,2753,2,3
4,2753,1,1
5,2753,1,1
6,2753,1,1
7,2753,1,1
8,2753,1,1
9,2753,1,1
10,2753,1,1
11,2753,1,2
12,2753,2,1
13,2753,1,1
14,2753,1,1
0,2754,1,3
1,2754,1,1
2,2754,3,1
3,2754,3,1
4,2754,1,3
5,2754,3,1
6,2754,1,1
7,2754,2,1
8,2754,1,3
9,2754,1,1
10,2754,1,1
11,2754,2,2
12,2754,2,2
13,2754,1,1
14,2754,1,1
0,2755,1,3
1,2755,1,1
2,2755,3,1
3,2755,3,1
4,2755,1,3
5,2755,3,1
6,2755,1,1
7,2755,2,1
8,2755,1,3
9,2755,1,1
10,2755,1,1
11,2755,2,2
12,2755,2,2
13,2755,1,1
14,2755,1,1
0,2756,1,3
1,2756,1,1
2,2756,3,1
3,2756,3,1
4,2756,1,3
5,2756,3,1
6,2756,1,1
7,2756,2,1
8,2756,1,3
9,2756,1,1
10,2756,1,1
11,2756,2,2
12,2756,2,2
13,2756,1,1
14,2756,1,1
0,2757,1,3
1,2757,1,1
2,2757,3,1
3,2757,3,1
4,2757,1,3
5,2757,3,1
6,2757,1,1
7,2757,2,1
8,2757,1,3
9,2757,1,1
10,2757,1,1
11,2757,2,2
12,2757,2,2
13,2757,1,1
14,2757,1,1
0,2758,1,3
1,2758,1,1
2,2758,3,1
3,2758,3,1
4,2758,1,3
5,2758,3,1
6,2758,1,1
7,2758,2,1
8,2758,1,3
9,2758,1,1
10,2758,1,1
11,2758,2,2
12,2758,2,2
13,2758,1,1
14,2758,1,1
0,2759,2,1
1,2759,1,1
2,2759,1,1
3,2759,2,3
4,2759,1,1
5,2759,1,1
6,2759,1,1
7,2759,1,1
8,2759,1,3
9,2759,1,1
10,2759,3,3
11,2759,2,2
12,2759,2,2
13,2759,1,1
14,2759,1,1
0,2760,1,3
1,2760,1,1
2,2760,3,1
3,2760,3,1
4,2760,1,3
5,2760,3,1
6,2760,1,1
7,2760,2,1
8,2760,1,3
9,2760,1,1
10,2760,1,1
11,2760,2,2
12,2760,2,2
13,2760,1,1
14,2760,1,1
0,2761,2,1
1,2761,1,1
2,2761,1,1
3,2761,2,3
4,2761,1,1
5,2761,1,1
6,2761,1,1
7,2761,1,1
8,2761,1,3
9,2761,1,1
10,2761,3,3
11,2761,2,2
12,2761,2,2
13,2761,1,1
14,2761,1,1
0,2762,1,3
1,2762,1,1
2,2762,3,1
3,2762,3,1
4,2762,1,3
5,2762,3,1
6,2762,1,1
7,2762,2,1
8,2762,1,3
9,2762,1,1
10,2762,1,1
11,2762,2,2
12,2762,2,2
13,2762,1,1
14,2762,1,1
0,2763,2,1
1,2763,1,1
2,2763,1,1
3,2763,2,3
4,2763,1,1
5,2763,1,1
6,2763,1,1
7,2763,1,1
8,2763,1,1
9,2763,1,1
10,2763,1,1
11,2763,1,2
12,2763,2,1
13,2763,1,1
14,2763,1,1
0,2764,1,3
1,2764,1,1
2,2764,3,1
3,2764,3,1
4,2764,1,3
5,2764,3,1
6,2764,1,1
7,2764,2,1
8,2764,1,3
9,2764,1,1
10,2764,1,1
11,2764,2,2
12,2764,2,2
13,2764,1,1
14,2764,1,1
0,2765,2,1
1,2765,1,1
2,2765,1,1
3,2765,2,3
4,2765,1,1
5,2765,1,1
6,2765,1,1
7,2765,1,1
8,2765,1,3
9,2765,1,1
10,2765,3,3
11,2765,2,2
12,2765,2,2
13,2765,1,1
14,2765,1,1
0,2766,1,3
1,2766,1,1
2,2766,3,1
3,2766,3,1
4,2766,1,3
5,2766,3,1
6,2766,1,1
7,2766,2,1
8,2766,1,3
9,2766,1,1
10,2766,1,1
11,2766,2,2
12,2766,2,2
13,2766,1,1
14,2766,1,1
0,2767,1,1
1,2767,1,1
2,2767,1,1
3,2767,1,1
4,2767,1,1
5,2767,1,1
6,2767,1,1
7,2767,1,1
8,2767,1,1
9,2767,1,1
10,2767,1,1
11,2767,1,1
12,2767,1,1
13,2767,1,1
14,2767,1,1
0,2768,1,1
1,2768,1,1
2,2768,1,1
3,2768,1,1
4,2768,1,1
5,2768,1,1
6,2768,1,1
7,2768,1,1
8,2768,1,1
9,2768,1,1
10,2768,1,1
11,2768,1,1
12,2768,1,1
13,2768,1,1
14,2768,1,1
0,2769,1,3
1,2769,1,1
2,2769,3,1
3,2769,3,1
4,2769,1,3
5,2769,3,1
6,2769,1,1
7,2769,2,1
8,2769,1,3
9,2769,1,1
10,2769,1,1
11,2769,2,2
12,2769,2,2
13,2769,1,1
14,2769,1,1
0,2770,1,3
1,2770,1,1
2,2770,3,1
3,2770,3,1
4,2770,1,3
5,2770,3,1
6,2770,1,1
7,2770,2,1
8,2770,1,3
9,2770,1,1
10,2770,1,1
11,2770,2,2
12,2770,2,2
13,2770,1,1
14,2770,1,1
0,2771,1,3
1,2771,1,1
2,2771,3,1
3,2771,3,1
4,2771,1,3
5,2771,3,1
6,2771,1,1
7,2771,2,1
8,2771,1,3
9,2771,1,1
10,2771,1,1
11,2771,2,2
12,2771,2,2
13,2771,1,1
14,2771,1,1
0,2772,1,3
1,2772,1,1
2,2772,3,1
3,2772,3,1
4,2772,1,3
5,2772,3,1
6,2772,1,1
7,2772,2,1
8,2772,1,3
9,2772,1,1
10,2772,1,1
11,2772,2,2
12,2772,2,2
13,2772,1,1
14,2772,1,1
0,2773,1,3
1,2773,1,1
2,2773,3,1
3,2773,3,1
4,2773,1,3
5,2773,3,1
6,2773,1,1
7,2773,2,1
8,2773,1,3
9,2773,1,1
10,2773,1,1
11,2773,2,2
12,2773,2,2
13,2773,1,1
14,2773,1,1
0,2774,1,1
1,2774,1,1
2,2774,1,1
3,2774,1,1
4,2774,1,1
5,2774,1,1
6,2774,1,1
7,2774,1,1
8,2774,1,1
9,2774,1,1
10,2774,1,1
11,2774,1,1
12,2774,1,1
13,2774,1,1
14,2774,1,1
0,2775,1,3
1,2775,1,1
2,2775,3,1
3,2775,3,1
4,2775,1,3
5,2775,3,1
6,2775,1,1
7,2775,2,1
8,2775,1,3
9,2775,1,1
10,2775,1,1
11,2775,2,2
12,2775,2,2
13,2775,1,1
14,2775,1,1
0,2776,2,1
1,2776,1,1
2,2776,1,1
3,2776,2,3
4,2776,1,1
5,2776,1,1
6,2776,1,1
7,2776,1,1
8,2776,1,3
9,2776,1,1
10,2776,3,3
11,2776,2,2
12,2776,2,2
13,2776,1,1
14,2776,1,1
0,2777,1,3
1,2777,1,1
2,2777,3,1
3,2777,3,1
4,2777,1,3
5,2777,3,1
6,2777,1,1
7,2777,2,1
8,2777,1,3
9,2777,1,1
10,2777,1,1
11,2777,2,2
12,2777,2,2
13,2777,1,1
14,2777,1,1
0,2778,1,3
1,2778,1,1
2,2778,3,1
3,2778,3,1
4,2778,1,3
5,2778,3,1
6,2778,1,1
7,2778,2,1
8,2778,1,3
9,2778,1,1
10,2778,1,1
11,2778,2,2
12,2778,2,2
13,2778,1,1
14,2778,1,1
0,2779,1,1
1,2779,1,1
2,2779,1,1
3,2779,1,1
4,2779,1,1
5,2779,1,1
6,2779,1,1
7,2779,1,1
8,2779,1,1
9,2779,1,1
10,2779,1,1
11,2779,1,1
12,2779,1,1
13,2779,1,1
14,2779,1,1
0,2780,1,3
1,2780,1,1
2,2780,3,1
3,2780,3,1
4,2780,1,3
5,2780,3,1
6,2780,1,1
7,2780,2,1
8,2780,1,3
9,2780,1,1
10,2780,1,1
11,2780,2,2
12,2780,2,2
13,2780,1,1
14,2780,1,1
0,2781,3,1
1,2781,1,1
2,2781,1,1
3,2781,0,2
4,2781,1,1
5,2781,2,2
6,2781,1,1
7,2781,1,1
8,2781,1,1
9,2781,1,1
10,2781,1,1
11,2781,2,2
12,2781,2,2
13,2781,1,1
14,2781,1,1
0,2782,3,1
1,2782,1,1
2,2782,1,1
3,2782,0,2
4,2782,1,1
5,2782,2,2
6,2782,1,1
7,2782,1,1
8,2782,1,1
9,2782,1,1
10,2782,1,1
11,2782,2,2
12,2782,2,2
13,2782,1,1
14,2782,1,1
0,2783,1,3
1,2783,1,1
2,2783,3,1
3,2783,3,1
4,2783,1,3
5,2783,3,1
6,2783,1,1
7,2783,2,1
8,2783,1,3
9,2783,1,1
10,2783,1,1
11,2783,2,2
12,2783,2,2
13,2783,1,1
14,2783,1,1
0,2784,1,3
1,2784,1,1
2,2784,3,1
3,2784,3,1
4,2784,1,3
5,2784,3,1
6,2784,1,1
7,2784,2,1
8,2784,1,3
9,2784,1,1
10,2784,1,1
11,2784,2,2
12,2784,2,2
13,2784,1,1
14,2784,1,1
0,2785,2,1
1,2785,1,1
2,2785,1,1
3,2785,2,3
4,2785,1,1
5,2785,1,1
6,2785,1,1
7,2785,1,1
8,2785,1,3
9,2785,1,1
10,2785,3,3
11,2785,2,2
12,2785,2,2
13,2785,1,1
14,2785,1,1
0,2786,1,3
1,2786,1,1
2,2786,3,1
3,2786,3,1
4,2786,1,3
5,2786,3,1
6,2786,1,1
7,2786,2,1
8,2786,1,3
9,2786,1,1
10,2786,1,1
11,2786,2,2
12,2786,2,2
13,2786,1,1
14,2786,1,1
0,2787,1,3
1,2787,1,1
2,2787,3,1
3,2787,3,1
4,2787,1,3
5,2787,3,1
6,2787,1,1
7,2787,2,1
8,2787,1,3
9,2787,1,1
10,2787,1,1
11,2787,2,2
12,2787,2,2
13,2787,1,1
14,2787,1,1
0,2788,2,1
1,2788,1,1
2,2788,1,1
3,2788,2,3
4,2788,1,1
5,2788,1,1
6,2788,1,1
7,2788,1,1
8,2788,1,3
9,2788,1,1
10,2788,3,3
11,2788,2,2
12,2788,2,2
13,2788,1,1
14,2788,1,1
0,2789,1,3
1,2789,1,1
2,2789,3,1
3,2789,3,1
4,2789,1,3
5,2789,3,1
6,2789,1,1
7,2789,2,1
8,2789,1,3
9,2789,1,1
10,2789,1,1
11,2789,2,2
12,2789,2,2
13,2789,1,1
14,2789,1,1
0,2790,1,3
1,2790,1,1
2,2790,3,1
3,2790,3,1
4,2790,1,3
5,2790,3,1
6,2790,1,1
7,2790,2,1
8,2790,1,3
9,2790,1,1
10,2790,1,1
11,2790,2,2
12,2790,2,2
13,2790,1,1
14,2790,1,1
0,2791,1,3
1,2791,1,1
2,2791,3,1
3,2791,3,1
4,2791,1,3
5,2791,3,1
6,2791,1,1
7,2791,2,1
8,2791,1,3
9,2791,1,1
10,2791,1,1
11,2791,2,2
12,2791,2,2
13,2791,1,1
14,2791,1,1
0,2792,1,3
1,2792,1,1
2,2792,3,1
3,2792,3,1
4,2792,1,3
5,2792,3,1
6,2792,1,1
7,2792,2,1
8,2792,1,3
9,2792,1,1
10,2792,1,1
11,2792,2,2
12,2792,2,2
13,2792,1,1
14,2792,1,1
0,2793,2,1
1,2793,1,1
2,2793,1,1
3,2793,2,3
4,2793,1,1
5,2793,1,1
6,2793,1,1
7,2793,1,1
8,2793,1,3
9,2793,1,1
10,2793,3,3
11,2793,2,2
12,2793,2,2
13,2793,1,1
14,2793,1,1
0,2794,1,3
1,2794,1,1
2,2794,3,1
3,2794,3,1
4,2794,1,3
5,2794,3,1
6,2794,1,1
7,2794,2,1
8,2794,1,3
9,2794,1,1
10,2794,1,1
11,2794,2,2
12,2794,2,2
13,2794,1,1
14,2794,1,1
0,2795,1,3
1,2795,1,1
2,2795,3,1
3,2795,3,1
4,2795,1,3
5,2795,3,1
6,2795,1,1
7,2795,2,1
8,2795,1,3
9,2795,1,1
10,2795,1,1
11,2795,2,2
12,2795,2,2
13,2795,1,1
14,2795,1,1
0,2796,1,3
1,2796,1,1
2,2796,3,1
3,2796,3,1
4,2796,1,3
5,2796,3,1
6,2796,1,1
7,2796,2,1
8,2796,1,3
9,2796,1,1
10,2796,1,1
11,2796,2,2
12,2796,2,2
13,2796,1,1
14,2796,1,1
0,2797,2,1
1,2797,1,1
2,2797,1,1
3,2797,2,3
4,2797,1,1
5,2797,1,1
6,2797,1,1
7,2797,1,1
8,2797,1,1
9,2797,1,1
10,2797,1,1
11,2797,1,2
12,2797,2,1
13,2797,1,1
14,2797,1,1
0,2798,1,3
1,2798,1,1
2,2798,3,1
3,2798,3,1
4,2798,1,3
5,2798,3,1
6,2798,1,1
7,2798,2,1
8,2798,1,3
9,2798,1,1
10,2798,1,1
11,2798,2,2
12,2798,2,2
13,2798,1,1
14,2798,1,1
0,2799,1,3
1,2799,1,1
2,2799,3,1
3,2799,3,1
4,2799,1,3
5,2799,3,1
6,2799,1,1
7,2799,2,1
8,2799,1,3
9,2799,1,1
10,2799,1,1
11,2799,2,2
12,2799,2,2
13,2799,1,1
14,2799,1,1
0,2800,3,1
1,2800,1,1
2,2800,1,1
3,2800,0,2
4,2800,1,1
5,2800,2,2
6,2800,1,1
7,2800,1,1
8,2800,1,1
9,2800,1,1
10,2800,1,1
11,2800,2,2
12,2800,2,2
13,2800,1,1
14,2800,1,1
0,2801,3,1
1,2801,1,1
2,2801,1,1
3,2801,0,2
4,2801,1,1
5,2801,2,2
6,2801,1,1
7,2801,1,1
8,2801,1,1
9,2801,1,1
10,2801,1,1
11,2801,2,2
12,2801,2,2
13,2801,1,1
14,2801,1,1
0,2802,2,1
1,2802,1,1
2,2802,1,1
3,2802,2,3
4,2802,1,1
5,2802,1,1
6,2802,1,1
7,2802,1,1
8,2802,1,1
9,2802,1,1
10,2802,1,1
11,2802,1,2
12,2802,2,1
13,2802,1,1
14,2802,1,1
0,2803,1,3
1,2803,1,1
2,2803,3,1
3,2803,3,1
4,2803,1,3
5,2803,3,1
6,2803,1,1
7,2803,2,1
8,2803,1,3
9,2803,1,1
10,2803,1,1
11,2803,2,2
12,2803,2,2
13,2803,1,1
14,2803,1,1
0,2804,1,3
1,2804,1,1
2,2804,3,1
3,2804,3,1
4,2804,1,3
5,2804,3,1
6,2804,1,1
7,2804,2,1
8,2804,1,3
9,2804,1,1
10,2804,1,1
11,2804,2,2
12,2804,2,2
13,2804,1,1
14,2804,1,1
0,2805,1,3
1,2805,1,1
2,2805,3,1
3,2805,3,1
4,2805,1,3
5,2805,3,1
6,2805,1,1
7,2805,2,1
8,2805,1,3
9,2805,1,1
10,2805,1,1
11,2805,2,2
12,2805,2,2
13,2805,1,1
14,2805,1,1
0,2806,1,1
1,2806,1,1
2,2806,1,1
3,2806,1,1
4,2806,1,1
5,2806,1,1
6,2806,1,1
7,2806,1,1
8,2806,1,1
9,2806,1,1
10,2806,1,1
11,2806,1,1
12,2806,1,1
13,2806,1,1
14,2806,1,1
0,2807,1,3
1,2807,1,1
2,2807,3,1
3,2807,3,1
4,2807,1,3
5,2807,3,1
6,2807,1,1
7,2807,2,1
8,2807,1,3
9,2807,1,1
10,2807,1,1
11,2807,2,2
12,2807,2,2
13,2807,1,1
14,2807,1,1
0,2808,2,1
1,2808,1,1
2,2808,1,1
3,2808,2,3
4,2808,1,1
5,2808,1,1
6,2808,1,1
7,2808,1,1
8,2808,1,3
9,2808,1,1
10,2808,3,3
11,2808,2,2
12,2808,2,2
13,2808,1,1
14,2808,1,1
0,2809,1,3
1,2809,1,1
2,2809,3,1
3,2809,3,1
4,2809,1,3
5,2809,3,1
6,2809,1,1
7,2809,2,1
8,2809,1,3
9,2809,1,1
10,2809,1,1
11,2809,2,2
12,2809,2,2
13,2809,1,1
14,2809,1,1
0,2810,1,3
1,2810,1,1
2,2810,3,1
3,2810,3,1
4,2810,1,3
5,2810,3,1
6,2810,1,1
7,2810,2,1
8,2810,1,3
9,2810,1,1
10,2810,1,1
11,2810,2,2
12,2810,2,2
13,2810,1,1
14,2810,1,1
0,2811,3,1
1,2811,1,1
2,2811,1,1
3,2811,0,2
4,2811,1,1
5,2811,2,2
6,2811,1,1
7,2811,1,1
8,2811,1,1
9,2811,1,1
10,2811,1,1
11,2811,2,2
12,2811,2,2
13,2811,1,1
14,2811,1,1
0,2812,1,3
1,2812,1,1
2,2812,3,1
3,2812,3,1
4,2812,1,3
5,2812,3,1
6,2812,1,1
7,2812,2,1
8,2812,1,3
9,2812,1,1
10,2812,1,1
11,2812,2,2
12,2812,2,2
13,2812,1,1
14,2812,1,1
0,2813,1,1
1,2813,1,1
2,2813,1,1
3,2813,1,1
4,2813,1,1
5,2813,1,1
6,2813,1,1
7,2813,1,1
8,2813,1,1
9,2813,1,1
10,2813,1,1
11,2813,1,1
12,2813,1,1
13,2813,1,1
14,2813,1,1
0,2814,1,3
1,2814,1,1
2,2814,3,1
3,2814,3,1
4,2814,1,3
5,2814,3,1
6,2814,1,1
7,2814,2,1
8,2814,1,3
9,2814,1,1
10,2814,1,1
11,2814,2,2
12,2814,2,2
13,2814,1,1
14,2814,1,1
0,2815,1,3
1,2815,1,1
2,2815,3,1
3,2815,3,1
4,2815,1,3
5,2815,3,1
6,2815,1,1
7,2815,2,1
8,2815,1,3
9,2815,1,1
10,2815,1,1
11,2815,2,2
12,2815,2,2
13,2815,1,1
14,2815,1,1
0,2816,1,3
1,2816,1,1
2,2816,3,1
3,2816,3,1
4,2816,1,3
5,2816,3,1
6,2816,1,1
7,2816,2,1
8,2816,1,3
9,2816,1,1
10,2816,1,1
11,2816,2,2
12,2816,2,2
13,2816,1,1
14,2816,1,1
0,2817,2,1
1,2817,1,1
2,2817,1,1
3,2817,2,3
4,2817,1,1
5,2817,1,1
6,2817,1,1
7,2817,1,1
8,2817,1,3
9,2817,1,1
10,2817,3,3
11,2817,2,2
12,2817,2,2
13,2817,1,1
14,2817,1,1
0,2818,1,3
1,2818,1,1
2,2818,3,1
3,2818,3,1
4,2818,1,3
5,2818,3,1
6,2818,1,1
7,2818,2,1
8,2818,1,3
9,2818,1,1
10,2818,1,1
11,2818,2,2
12,2818,2,2
13,2818,1,1
14,2818,1,1
0,2819,1,1
1,2819,1,1
2,2819,1,1
3,2819,1,1
4,2819,1,1
5,2819,1,1
6,2819,1,1
7,2819,1,1
8,2819,1,1
9,2819,1,1
10,2819,1,1
11,2819,1,1
12,2819,1,1
13,2819,1,1
14,2819,1,1
0,2820,1,3
1,2820,1,1
2,2820,3,1
3,2820,3,1
4,2820,1,3
5,2820,3,1
6,2820,1,1
7,2820,2,1
8,2820,1,3
9,2820,1,1
10,2820,1,1
11,2820,2,2
12,2820,2,2
13,2820,1,1
14,2820,1,1
0,2821,1,3
1,2821,1,1
2,2821,3,1
3,2821,3,1
4,2821,1,3
5,2821,3,1
6,2821,1,1
7,2821,2,1
8,2821,1,3
9,2821,1,1
10,2821,1,1
11,2821,2,2
12,2821,2,2
13,2821,1,1
14,2821,1,1
0,2822,1,1
1,2822,1,1
2,2822,1,1
3,2822,1,1
4,2822,1,1
5,2822,1,1
6,2822,1,1
7,2822,1,1
8,2822,1,1
9,2822,1,1
10,2822,1,1
11,2822,1,1
12,2822,1,1
13,2822,1,1
14,2822,1,1
0,2823,1,1
1,2823,1,1
2,2823,1,1
3,2823,1,1
4,2823,1,1
5,2823,1,1
6,2823,1,1
7,2823,1,1
8,2823,1,1
9,2823,1,1
10,2823,1,1
11,2823,1,1
12,2823,1,1
13,2823,1,1
14,2823,1,1
0,2824,1,1
1,2824,1,1
2,2824,1,1
3,2824,1,1
4,2824,1,1
5,2824,1,1
6,2824,1,1
7,2824,1,1
8,2824,1,1
9,2824,1,1
10,2824,1,1
11,2824,1,1
12,2824,1,1
13,2824,1,1
14,2824,1,1
0,2825,1,3
1,2825,1,1
2,2825,3,1
3,2825,3,1
4,2825,1,3
5,2825,3,1
6,2825,1,1
7,2825,2,1
8,2825,1,3
9,2825,1,1
10,2825,1,1
11,2825,2,2
12,2825,2,2
13,2825,1,1
14,2825,1,1
0,2826,1,3
1,2826,1,1
2,2826,3,1
3,2826,3,1
4,2826,1,3
5,2826,3,1
6,2826,1,1
7,2826,2,1
8,2826,1,3
9,2826,1,1
10,2826,1,1
11,2826,2,2
12,2826,2,2
13,2826,1,1
14,2826,1,1
0,2827,3,1
1,2827,1,1
2,2827,1,1
3,2827,0,2
4,2827,1,1
5,2827,2,2
6,2827,1,1
7,2827,1,1
8,2827,1,1
9,2827,1,1
10,2827,1,1
11,2827,2,2
12,2827,2,2
13,2827,1,1
14,2827,1,1
0,2828,2,1
1,2828,1,1
2,2828,1,1
3,2828,2,3
4,2828,1,1
5,2828,1,1
6,2828,1,1
7,2828,1,1
8,2828,1,3
9,2828,1,1
10,2828,3,3
11,2828,2,2
12,2828,2,2
13,2828,1,1
14,2828,1,1
0,2829,3,1
1,2829,1,1
2,2829,1,1
3,2829,0,2
4,2829,1,1
5,2829,2,2
6,2829,1,1
7,2829,1,1
8,2829,1,1
9,2829,1,1
10,2829,1,1
11,2829,2,2
12,2829,2,2
13,2829,1,1
14,2829,1,1
0,2830,1,3
1,2830,1,1
2,2830,3,1
3,2830,3,1
4,2830,1,3
5,2830,3,1
6,2830,1,1
7,2830,2,1
8,2830,1,3
9,2830,1,1
10,2830,1,1
11,2830,2,2
12,2830,2,2
13,2830,1,1
14,2830,1,1
0,2831,1,1
1,2831,1,1
2,2831,1,1
3,2831,1,1
4,2831,1,1
5,2831,1,1
6,2831,1,1
7,2831,1,1
8,2831,1,1
9,2831,1,1
10,2831,1,1
11,2831,1,1
12,2831,1,1
13,2831,1,1
14,2831,1,1
0,2832,1,3
1,2832,1,1
2,2832,3,1
3,2832,3,1
4,2832,1,3
5,2832,3,1
6,2832,1,1
7,2832,2,1
8,2832,1,3
9,2832,1,1
10,2832,1,1
11,2832,2,2
12,2832,2,2
13,2832,1,1
14,2832,1,1
0,2833,1,1
1,2833,1,1
2,2833,1,1
3,2833,1,1
4,2833,1,1
5,2833,1,1
6,2833,1,1
7,2833,1,1
8,2833,1,1
9,2833,1,1
10,2833,1,1
11,2833,1,1
12,2833,1,1
13,2833,1,1
14,2833,1,1
0,2834,3,1
1,2834,1,1
2,2834,1,1
3,2834,0,2
4,2834,1,1
5,2834,2,2
6,2834,1,1
7,2834,1,1
8,2834,1,1
9,2834,1,1
10,2834,1,1
11,2834,2,2
12,2834,2,2
13,2834,1,1
14,2834,1,1
0,2835,3,1
1,2835,1,1
2,2835,1,1
3,2835,0,2
4,2835,1,1
5,2835,2,2
6,2835,1,1
7,2835,1,1
8,2835,1,1
9,2835,1,1
10,2835,1,1
11,2835,2,2
12,2835,2,2
13,2835,1,1
14,2835,1,1
0,2836,1,3
1,2836,1,1
2,2836,3,1
3,2836,3,1
4,2836,1,3
5,2836,3,1
6,2836,1,1
7,2836,2,1
8,2836,1,3
9,2836,1,1
10,2836,1,1
11,2836,2,2
12,2836,2,2
13,2836,1,1
14,2836,1,1
0,2837,1,3
1,2837,1,1
2,2837,3,1
3,2837,3,1
4,2837,1,3
5,2837,3,1
6,2837,1,1
7,2837,2,1
8,2837,1,3
9,2837,1,1
10,2837,1,1
11,2837,2,2
12,2837,2,2
13,2837,1,1
14,2837,1,1
0,2838,1,3
1,2838,1,1
2,2838,3,1
3,2838,3,1
4,2838,1,3
5,2838,3,1
6,2838,1,1
7,2838,2,1
8,2838,1,3
9,2838,1,1
10,2838,1,1
11,2838,2,2
12,2838,2,2
13,2838,1,1
14,2838,1,1
0,2839,1,3
1,2839,1,1
2,2839,3,1
3,2839,3,1
4,2839,1,3
5,2839,3,1
6,2839,1,1
7,2839,2,1
8,2839,1,3
9,2839,1,1
10,2839,1,1
11,2839,2,2
12,2839,2,2
13,2839,1,1
14,2839,1,1
0,2840,3,1
1,2840,1,1
2,2840,1,1
3,2840,0,2
4,2840,1,1
5,2840,2,2
6,2840,1,1
7,2840,1,1
8,2840,1,1
9,2840,1,1
10,2840,1,1
11,2840,2,2
12,2840,2,2
13,2840,1,1
14,2840,1,1
0,2841,1,3
1,2841,1,1
2,2841,3,1
3,2841,3,1
4,2841,1,3
5,2841,3,1
6,2841,1,1
7,2841,2,1
8,2841,1,3
9,2841,1,1
10,2841,1,1
11,2841,2,2
12,2841,2,2
13,2841,1,1
14,2841,1,1
0,2842,1,3
1,2842,1,1
2,2842,3,1
3,2842,3,1
4,2842,1,3
5,2842,3,1
6,2842,1,1
7,2842,2,1
8,2842,1,3
9,2842,1,1
10,2842,1,1
11,2842,2,2
12,2842,2,2
13,2842,1,1
14,2842,1,1
0,2843,2,1
1,2843,1,1
2,2843,1,1
3,2843,2,3
4,2843,1,1
5,2843,1,1
6,2843,1,1
7,2843,1,1
8,2843,1,1
9,2843,1,1
10,2843,1,1
11,2843,1,2
12,2843,2,1
13,2843,1,1
14,2843,1,1
0,2844,1,3
1,2844,1,1
2,2844,3,1
3,2844,3,1
4,2844,1,3
5,2844,3,1
6,2844,1,1
7,2844,2,1
8,2844,1,3
9,2844,1,1
10,2844,1,1
11,2844,2,2
12,2844,2,2
13,2844,1,1
14,2844,1,1
0,2845,1,3
1,2845,1,1
2,2845,3,1
3,2845,3,1
4,2845,1,3
5,2845,3,1
6,2845,1,1
7,2845,2,1
8,2845,1,3
9,2845,1,1
10,2845,1,1
11,2845,2,2
12,2845,2,2
13,2845,1,1
14,2845,1,1
0,2846,1,3
1,2846,1,1
2,2846,3,1
3,2846,3,1
4,2846,1,3
5,2846,3,1
6,2846,1,1
7,2846,2,1
8,2846,1,3
9,2846,1,1
10,2846,1,1
11,2846,2,2
12,2846,2,2
13,2846,1,1
14,2846,1,1
0,2847,3,1
1,2847,1,1
2,2847,1,1
3,2847,0,2
4,2847,1,1
5,2847,2,2
6,2847,1,1
7,2847,1,1
8,2847,1,1
9,2847,1,1
10,2847,1,1
11,2847,2,2
12,2847,2,2
13,2847,1,1
14,2847,1,1
0,2848,1,3
1,2848,1,1
2,2848,3,1
3,2848,3,1
4,2848,1,3
5,2848,3,1
6,2848,1,1
7,2848,2,1
8,2848,1,3
9,2848,1,1
10,2848,1,1
11,2848,2,2
12,2848,2,2
13,2848,1,1
14,2848,1,1
0,2849,3,1
1,2849,1,1
2,2849,1,1
3,2849,0,2
4,2849,1,1
5,2849,2,2
6,2849,1,1
7,2849,1,1
8,2849,1,1
9,2849,1,1
10,2849,1,1
11,2849,2,2
12,2849,2,2
13,2849,1,1
14,2849,1,1
0,2850,2,1
1,2850,1,1
2,2850,1,1
3,2850,2,3
4,2850,1,1
5,2850,1,1
6,2850,1,1
7,2850,1,1
8,2850,1,3
9,2850,1,1
10,2850,3,3
11,2850,2,2
12,2850,2,2
13,2850,1,1
14,2850,1,1
0,2851,1,3
1,2851,1,1
2,2851,3,1
3,2851,3,1
4,2851,1,3
5,2851,3,1
6,2851,1,1
7,2851,2,1
8,2851,1,3
9,2851,1,1
10,2851,1,1
11,2851,2,2
12,2851,2,2
13,2851,1,1
14,2851,1,1
0,2852,1,3
1,2852,1,1
2,2852,3,1
3,2852,3,1
4,2852,1,3
5,2852,3,1
6,2852,1,1
7,2852,2,1
8,2852,1,3
9,2852,1,1
10,2852,1,1
11,2852,2,2
12,2852,2,2
13,2852,1,1
14,2852,1,1
0,2853,1,3
1,2853,1,1
2,2853,3,1
3,2853,3,1
4,2853,1,3
5,2853,3,1
6,2853,1,1
7,2853,2,1
8,2853,1,3
9,2853,1,1
10,2853,1,1
11,2853,2,2
12,2853,2,2
13,2853,1,1
14,2853,1,1
0,2854,1,1
1,2854,1,1
2,2854,1,1
3,2854,1,1
4,2854,1,1
5,2854,1,1
6,2854,1,1
7,2854,1,1
8,2854,1,1
9,2854,1,1
10,2854,1,1
11,2854,1,1
12,2854,1,1
13,2854,1,1
14,2854,1,1
0,2855,1,1
1,2855,1,1
2,2855,1,1
3,2855,1,1
4,2855,1,1
5,2855,1,1
6,2855,1,1
7,2855,1,1
8,2855,1,1
9,2855,1,1
10,2855,1,1
11,2855,1,1
12,2855,1,1
13,2855,1,1
14,2855,1,1
0,2856,1,1
1,2856,1,1
2,2856,1,1
3,2856,1,1
4,2856,1,1
5,2856,1,1
6,2856,1,1
7,2856,1,1
8,2856,1,1
9,2856,1,1
10,2856,1,1
11,2856,1,1
12,2856,1,1
13,2856,1,1
14,2856,1,1
0,2857,1,3
1,2857,1,1
2,2857,3,1
3,2857,3,1
4,2857,1,3
5,2857,3,1
6,2857,1,1
7,2857,2,1
8,2857,1,3
9,2857,1,1
10,2857,1,1
11,2857,2,2
12,2857,2,2
13,2857,1,1
14,2857,1,1
0,2858,1,3
1,2858,1,1
2,2858,3,1
3,2858,3,1
4,2858,1,3
5,2858,3,1
6,2858,1,1
7,2858,2,1
8,2858,1,3
9,2858,1,1
10,2858,1,1
11,2858,2,2
12,2858,2,2
13,2858,1,1
14,2858,1,1
0,2859,1,1
1,2859,1,1
2,2859,1,1
3,2859,1,1
4,2859,1,1
5,2859,1,1
6,2859,1,1
7,2859,1,1
8,2859,1,1
9,2859,1,1
10,2859,1,1
11,2859,1,1
12,2859,1,1
13,2859,1,1
14,2859,1,1
0,2860,1,1
1,2860,1,1
2,2860,1,1
3,2860,1,1
4,2860,1,1
5,2860,1,1
6,2860,1,1
7,2860,1,1
8,2860,1,1
9,2860,1,1
10,2860,1,1
11,2860,1,1
12,2860,1,1
13,2860,1,1
14,2860,1,1
0,2861,1,1
1,2861,1,1
2,2861,1,1
3,2861,1,1
4,2861,1,1
5,2861,1,1
6,2861,1,1
7,2861,1,1
8,2861,1,1
9,2861,1,1
10,2861,1,1
11,2861,1,1
12,2861,1,1
13,2861,1,1
14,2861,1,1
0,2862,1,3
1,2862,1,1
2,2862,3,1
3,2862,3,1
4,2862,1,3
5,2862,3,1
6,2862,1,1
7,2862,2,1
8,2862,1,3
9,2862,1,1
10,2862,1,1
11,2862,2,2
12,2862,2,2
13,2862,1,1
14,2862,1,1
0,2863,1,3
1,2863,1,1
2,2863,3,1
3,2863,3,1
4,2863,1,3
5,2863,3,1
6,2863,1,1
7,2863,2,1
8,2863,1,3
9,2863,1,1
10,2863,1,1
11,2863,2,2
12,2863,2,2
13,2863,1,1
14,2863,1,1
0,2864,1,3
1,2864,1,1
2,2864,3,1
3,2864,3,1
4,2864,1,3
5,2864,3,1
6,2864,1,1
7,2864,2,1
8,2864,1,3
9,2864,1,1
10,2864,1,1
11,2864,2,2
12,2864,2,2
13,2864,1,1
14,2864,1,1
0,2865,1,3
1,2865,1,1
2,2865,3,1
3,2865,3,1
4,2865,1,3
5,2865,3,1
6,2865,1,1
7,2865,2,1
8,2865,1,3
9,2865,1,1
10,2865,1,1
11,2865,2,2
12,2865,2,2
13,2865,1,1
14,2865,1,1
0,2866,1,1
1,2866,1,1
2,2866,1,1
3,2866,1,1
4,2866,1,1
5,2866,1,1
6,2866,1,1
7,2866,1,1
8,2866,1,1
9,2866,1,1
10,2866,1,1
11,2866,1,1
12,2866,1,1
13,2866,1,1
14,2866,1,1
0,2867,2,1
1,2867,1,1
2,2867,1,1
3,2867,2,3
4,2867,1,1
5,2867,1,1
6,2867,1,1
7,2867,1,1
8,2867,1,1
9,2867,1,1
10,2867,1,1
11,2867,1,2
12,2867,2,1
13,2867,1,1
14,2867,1,1
0,2868,1,1
1,2868,1,1
2,2868,1,1
3,2868,1,1
4,2868,1,1
5,2868,1,1
6,2868,1,1
7,2868,1,1
8,2868,1,1
9,2868,1,1
10,2868,1,1
11,2868,1,1
12,2868,1,1
13,2868,1,1
14,2868,1,1
0,2869,3,1
1,2869,1,1
2,2869,1,1
3,2869,0,2
4,2869,1,1
5,2869,2,2
6,2869,1,1
7,2869,1,1
8,2869,1,1
9,2869,1,1
10,2869,1,1
11,2869,2,2
12,2869,2,2
13,2869,1,1
14,2869,1,1
0,2870,3,1
1,2870,1,1
2,2870,1,1
3,2870,0,2
4,2870,1,1
5,2870,2,2
6,2870,1,1
7,2870,1,1
8,2870,1,1
9,2870,1,1
10,2870,1,1
11,2870,2,2
12,2870,2,2
13,2870,1,1
14,2870,1,1
0,2871,1,3
1,2871,1,1
2,2871,3,1
3,2871,3,1
4,2871,1,3
5,2871,3,1
6,2871,1,1
7,2871,2,1
8,2871,1,3
9,2871,1,1
10,2871,1,1
11,2871,2,2
12,2871,2,2
13,2871,1,1
14,2871,1,1
0,2872,1,3
1,2872,1,1
2,2872,3,1
3,2872,3,1
4,2872,1,3
5,2872,3,1
6,2872,1,1
7,2872,2,1
8,2872,1,3
9,2872,1,1
10,2872,1,1
11,2872,2,2
12,2872,2,2
13,2872,1,1
14,2872,1,1
0,2873,1,3
1,2873,1,1
2,2873,3,1
3,2873,3,1
4,2873,1,3
5,2873,3,1
6,2873,1,1
7,2873,2,1
8,2873,1,3
9,2873,1,1
10,2873,1,1
11,2873,2,2
12,2873,2,2
13,2873,1,1
14,2873,1,1
0,2874,1,3
1,2874,1,1
2,2874,3,1
3,2874,3,1
4,2874,1,3
5,2874,3,1
6,2874,1,1
7,2874,2,1
8,2874,1,3
9,2874,1,1
10,2874,1,1
11,2874,2,2
12,2874,2,2
13,2874,1,1
14,2874,1,1
0,2875,3,1
1,2875,1,1
2,2875,1,1
3,2875,0,2
4,2875,1,1
5,2875,2,2
6,2875,1,1
7,2875,1,1
8,2875,1,1
9,2875,1,1
10,2875,1,1
11,2875,2,2
12,2875,2,2
13,2875,1,1
14,2875,1,1
0,2876,2,1
1,2876,1,1
2,2876,1,1
3,2876,2,3
4,2876,1,1
5,2876,1,1
6,2876,1,1
7,2876,1,1
8,2876,1,3
9,2876,1,1
10,2876,3,3
11,2876,2,2
12,2876,2,2
13,2876,1,1
14,2876,1,1
0,2877,2,1
1,2877,1,1
2,2877,1,1
3,2877,2,3
4,2877,1,1
5,2877,1,1
6,2877,1,1
7,2877,1,1
8,2877,1,3
9,2877,1,1
10,2877,3,3
11,2877,2,2
12,2877,2,2
13,2877,1,1
14,2877,1,1
0,2878,1,1
1,2878,1,1
2,2878,1,1
3,2878,1,1
4,2878,1,1
5,2878,1,1
6,2878,1,1
7,2878,1,1
8,2878,1,1
9,2878,1,1
10,2878,1,1
11,2878,1,1
12,2878,1,1
13,2878,1,1
14,2878,1,1
0,2879,1,3
1,2879,1,1
2,2879,3,1
3,2879,3,1
4,2879,1,3
5,2879,3,1
6,2879,1,1
7,2879,2,1
8,2879,1,3
9,2879,1,1
10,2879,1,1
11,2879,2,2
12,2879,2,2
13,2879,1,1
14,2879,1,1
0,2880,3,1
1,2880,1,1
2,2880,1,1
3,2880,0,2
4,2880,1,1
5,2880,2,2
6,2880,1,1
7,2880,1,1
8,2880,1,1
9,2880,1,1
10,2880,1,1
11,2880,2,2
12,2880,2,2
13,2880,1,1
14,2880,1,1
0,2881,3,1
1,2881,1,1
2,2881,1,1
3,2881,0,2
4,2881,1,1
5,2881,2,2
6,2881,1,1
7,2881,1,1
8,2881,1,1
9,2881,1,1
10,2881,1,1
11,2881,2,2
12,2881,2,2
13,2881,1,1
14,2881,1,1
0,2882,2,1
1,2882,1,1
2,2882,1,1
3,2882,2,3
4,2882,1,1
5,2882,1,1
6,2882,1,1
7,2882,1,1
8,2882,1,3
9,2882,1,1
10,2882,3,3
11,2882,2,2
12,2882,2,2
13,2882,1,1
14,2882,1,1
0,2883,1,3
1,2883,1,1
2,2883,3,1
3,2883,3,1
4,2883,1,3
5,2883,3,1
6,2883,1,1
7,2883,2,1
8,2883,1,3
9,2883,1,1
10,2883,1,1
11,2883,2,2
12,2883,2,2
13,2883,1,1
14,2883,1,1
0,2884,1,3
1,2884,1,1
2,2884,3,1
3,2884,3,1
4,2884,1,3
5,2884,3,1
6,2884,1,1
7,2884,2,1
8,2884,1,3
9,2884,1,1
10,2884,1,1
11,2884,2,2
12,2884,2,2
13,2884,1,1
14,2884,1,1
0,2885,2,1
1,2885,1,1
2,2885,1,1
3,2885,2,3
4,2885,1,1
5,2885,1,1
6,2885,1,1
7,2885,1,1
8,2885,1,3
9,2885,1,1
10,2885,3,3
11,2885,2,2
12,2885,2,2
13,2885,1,1
14,2885,1,1
0,2886,2,1
1,2886,1,1
2,2886,1,1
3,2886,2,3
4,2886,1,1
5,2886,1,1
6,2886,1,1
7,2886,1,1
8,2886,1,1
9,2886,1,1
10,2886,1,1
11,2886,1,2
12,2886,2,1
13,2886,1,1
14,2886,1,1
0,2887,1,3
1,2887,1,1
2,2887,3,1
3,2887,3,1
4,2887,1,3
5,2887,3,1
6,2887,1,1
7,2887,2,1
8,2887,1,3
9,2887,1,1
10,2887,1,1
11,2887,2,2
12,2887,2,2
13,2887,1,1
14,2887,1,1
0,2888,1,3
1,2888,1,1
2,2888,3,1
3,2888,3,1
4,2888,1,3
5,2888,3,1
6,2888,1,1
7,2888,2,1
8,2888,1,3
9,2888,1,1
10,2888,1,1
11,2888,2,2
12,2888,2,2
13,2888,1,1
14,2888,1,1
0,2889,1,3
1,2889,1,1
2,2889,3,1
3,2889,3,1
4,2889,1,3
5,2889,3,1
6,2889,1,1
7,2889,2,1
8,2889,1,3
9,2889,1,1
10,2889,1,1
11,2889,2,2
12,2889,2,2
13,2889,1,1
14,2889,1,1
0,2890,3,1
1,2890,1,1
2,2890,1,1
3,2890,0,2
4,2890,1,1
5,2890,2,2
6,2890,1,1
7,2890,1,1
8,2890,1,1
9,2890,1,1
10,2890,1,1
11,2890,2,2
12,2890,2,2
13,2890,1,1
14,2890,1,1
0,2891,1,3
1,2891,1,1
2,2891,3,1
3,2891,3,1
4,2891,1,3
5,2891,3,1
6,2891,1,1
7,2891,2,1
8,2891,1,3
9,2891,1,1
10,2891,1,1
11,2891,2,2
12,2891,2,2
13,2891,1,1
14,2891,1,1
0,2892,1,3
1,2892,1,1
2,2892,3,1
3,2892,3,1
4,2892,1,3
5,2892,3,1
6,2892,1,1
7,2892,2,1
8,2892,1,3
9,2892,1,1
10,2892,1,1
11,2892,2,2
12,2892,2,2
13,2892,1,1
14,2892,1,1
0,2893,1,3
1,2893,1,1
2,2893,3,1
3,2893,3,1
4,2893,1,3
5,2893,3,1
6,2893,1,1
7,2893,2,1
8,2893,1,3
9,2893,1,1
10,2893,1,1
11,2893,2,2
12,2893,2,2
13,2893,1,1
14,2893,1,1
0,2894,1,3
1,2894,1,1
2,2894,3,1
3,2894,3,1
4,2894,1,3
5,2894,3,1
6,2894,1,1
7,2894,2,1
8,2894,1,3
9,2894,1,1
10,2894,1,1
11,2894,2,2
12,2894,2,2
13,2894,1,1
14,2894,1,1
0,2895,3,1
1,2895,1,1
2,2895,1,1
3,2895,0,2
4,2895,1,1
5,2895,2,2
6,2895,1,1
7,2895,1,1
8,2895,1,1
9,2895,1,1
10,2895,1,1
11,2895,2,2
12,2895,2,2
13,2895,1,1
14,2895,1,1
0,2896,2,1
1,2896,1,1
2,2896,1,1
3,2896,2,3
4,2896,1,1
5,2896,1,1
6,2896,1,1
7,2896,1,1
8,2896,1,3
9,2896,1,1
10,2896,3,3
11,2896,2,2
12,2896,2,2
13,2896,1,1
14,2896,1,1
0,2897,2,1
1,2897,1,1
2,2897,1,1
3,2897,2,3
4,2897,1,1
5,2897,1,1
6,2897,1,1
7,2897,1,1
8,2897,1,1
9,2897,1,1
10,2897,1,1
11,2897,1,2
12,2897,2,1
13,2897,1,1
14,2897,1,1
0,2898,1,1
1,2898,1,1
2,2898,1,1
3,2898,1,1
4,2898,1,1
5,2898,1,1
6,2898,1,1
7,2898,1,1
8,2898,1,1
9,2898,1,1
10,2898,1,1
11,2898,1,1
12,2898,1,1
13,2898,1,1
14,2898,1,1
0,2899,2,1
1,2899,1,1
2,2899,1,1
3,2899,2,3
4,2899,1,1
5,2899,1,1
6,2899,1,1
7,2899,1,1
8,2899,1,1
9,2899,1,1
10,2899,1,1
11,2899,1,2
12,2899,2,1
13,2899,1,1
14,2899,1,1
0,2900,1,1
1,2900,1,1
2,2900,1,1
3,2900,1,1
4,2900,1,1
5,2900,1,1
6,2900,1,1
7,2900,1,1
8,2900,1,1
9,2900,1,1
10,2900,1,1
11,2900,1,1
12,2900,1,1
13,2900,1,1
14,2900,1,1
0,2901,1,3
1,2901,1,1
2,2901,3,1
3,2901,3,1
4,2901,1,3
5,2901,3,1
6,2901,1,1
7,2901,2,1
8,2901,1,3
9,2901,1,1
10,2901,1,1
11,2901,2,2
12,2901,2,2
13,2901,1,1
14,2901,1,1
0,2902,1,1
1,2902,1,1
2,2902,1,1
3,2902,1,1
4,2902,1,1
5,2902,1,1
6,2902,1,1
7,2902,1,1
8,2902,1,1
9,2902,1,1
10,2902,1,1
11,2902,1,1
12,2902,1,1
13,2902,1,1
14,2902,1,1
0,2903,1,1
1,2903,1,1
2,2903,1,1
3,2903,1,1
4,2903,1,1
5,2903,1,1
6,2903,1,1
7,2903,1,1
8,2903,1,1
9,2903,1,1
10,2903,1,1
11,2903,1,1
12,2903,1,1
13,2903,1,1
14,2903,1,1
0,2904,1,1
1,2904,1,1
2,2904,1,1
3,2904,1,1
4,2904,1,1
5,2904,1,1
6,2904,1,1
7,2904,1,1
8,2904,1,1
9,2904,1,1
10,2904,1,1
11,2904,1,1
12,2904,1,1
13,2904,1,1
14,2904,1,1
0,2905,2,1
1,2905,1,1
2,2905,1,1
3,2905,2,3
4,2905,1,1
5,2905,1,1
6,2905,1,1
7,2905,1,1
8,2905,1,3
9,2905,1,1
10,2905,3,3
11,2905,2,2
12,2905,2,2
13,2905,1,1
14,2905,1,1
0,2906,3,1
1,2906,1,1
2,2906,1,1
3,2906,0,2
4,2906,1,1
5,2906,2,2
6,2906,1,1
7,2906,1,1
8,2906,1,1
9,2906,1,1
10,2906,1,1
11,2906,2,2
12,2906,2,2
13,2906,1,1
14,2906,1,1
0,2907,3,1
1,2907,1,1
2,2907,1,1
3,2907,0,2
4,2907,1,1
5,2907,2,2
6,2907,1,1
7,2907,1,1
8,2907,1,1
9,2907,1,1
10,2907,1,1
11,2907,2,2
12,2907,2,2
13,2907,1,1
14,2907,1,1
0,2908,1,3
1,2908,1,1
2,2908,3,1
3,2908,3,1
4,2908,1,3
5,2908,3,1
6,2908,1,1
7,2908,2,1
8,2908,1,3
9,2908,1,1
10,2908,1,1
11,2908,2,2
12,2908,2,2
13,2908,1,1
14,2908,1,1
0,2909,3,1
1,2909,1,1
2,2909,1,1
3,2909,0,2
4,2909,1,1
5,2909,2,2
6,2909,1,1
7,2909,1,1
8,2909,1,1
9,2909,1,1
10,2909,1,1
11,2909,2,2
12,2909,2,2
13,2909,1,1
14,2909,1,1
0,2910,2,1
1,2910,1,1
2,2910,1,1
3,2910,2,3
4,2910,1,1
5,2910,1,1
6,2910,1,1
7,2910,1,1
8,2910,1,3
9,2910,1,1
10,2910,3,3
11,2910,2,2
12,2910,2,2
13,2910,1,1
14,2910,1,1
0,2911,1,3
1,2911,1,1
2,2911,3,1
3,2911,3,1
4,2911,1,3
5,2911,3,1
6,2911,1,1
7,2911,2,1
8,2911,1,3
9,2911,1,1
10,2911,1,1
11,2911,2,2
12,2911,2,2
13,2911,1,1
14,2911,1,1
0,2912,2,1
1,2912,1,1
2,2912,1,1
3,2912,2,3
4,2912,1,1
5,2912,1,1
6,2912,1,1
7,2912,1,1
8,2912,1,1
9,2912,1,1
10,2912,1,1
11,2912,1,2
12,2912,2,1
13,2912,1,1
14,2912,1,1
0,2913,1,3
1,2913,1,1
2,2913,3,1
3,2913,3,1
4,2913,1,3
5,2913,3,1
6,2913,1,1
7,2913,2,1
8,2913,1,3
9,2913,1,1
10,2913,1,1
11,2913,2,2
12,2913,2,2
13,2913,1,1
14,2913,1,1
0,2914,1,3
1,2914,1,1
2,2914,3,1
3,2914,3,1
4,2914,1,3
5,2914,3,1
6,2914,1,1
7,2914,2,1
8,2914,1,3
9,2914,1,1
10,2914,1,1
11,2914,2,2
12,2914,2,2
13,2914,1,1
14,2914,1,1
0,2915,1,1
1,2915,1,1
2,2915,1,1
3,2915,1,1
4,2915,1,1
5,2915,1,1
6,2915,1,1
7,2915,1,1
8,2915,1,1
9,2915,1,1
10,2915,1,1
11,2915,1,1
12,2915,1,1
13,2915,1,1
14,2915,1,1
0,2916,1,1
1,2916,1,1
2,2916,1,1
3,2916,1,1
4,2916,1,1
5,2916,1,1
6,2916,1,1
7,2916,1,1
8,2916,1,1
9,2916,1,1
10,2916,1,1
11,2916,1,1
12,2916,1,1
13,2916,1,1
14,2916,1,1
0,2917,1,3
1,2917,1,1
2,2917,3,1
3,2917,3,1
4,2917,1,3
5,2917,3,1
6,2917,1,1
7,2917,2,1
8,2917,1,3
9,2917,1,1
10,2917,1,1
11,2917,2,2
12,2917,2,2
13,2917,1,1
14,2917,1,1
0,2918,1,3
1,2918,1,1
2,2918,3,1
3,2918,3,1
4,2918,1,3
5,2918,3,1
6,2918,1,1
7,2918,2,1
8,2918,1,3
9,2918,1,1
10,2918,1,1
11,2918,2,2
12,2918,2,2
13,2918,1,1
14,2918,1,1
0,2919,1,3
1,2919,1,1
2,2919,3,1
3,2919,3,1
4,2919,1,3
5,2919,3,1
6,2919,1,1
7,2919,2,1
8,2919,1,3
9,2919,1,1
10,2919,1,1
11,2919,2,2
12,2919,2,2
13,2919,1,1
14,2919,1,1
0,2920,2,1
1,2920,1,1
2,2920,1,1
3,2920,2,3
4,2920,1,1
5,2920,1,1
6,2920,1,1
7,2920,1,1
8,2920,1,3
9,2920,1,1
10,2920,3,3
11,2920,2,2
12,2920,2,2
13,2920,1,1
14,2920,1,1
0,2921,1,3
1,2921,1,1
2,2921,3,1
3,2921,3,1
4,2921,1,3
5,2921,3,1
6,2921,1,1
7,2921,2,1
8,2921,1,3
9,2921,1,1
10,2921,1,1
11,2921,2,2
12,2921,2,2
13,2921,1,1
14,2921,1,1
0,2922,1,3
1,2922,1,1
2,2922,3,1
3,2922,3,1
4,2922,1,3
5,2922,3,1
6,2922,1,1
7,2922,2,1
8,2922,1,3
9,2922,1,1
10,2922,1,1
11,2922,2,2
12,2922,2,2
13,2922,1,1
14,2922,1,1
0,2923,1,3
1,2923,1,1
2,2923,3,1
3,2923,3,1
4,2923,1,3
5,2923,3,1
6,2923,1,1
7,2923,2,1
8,2923,1,3
9,2923,1,1
10,2923,1,1
11,2923,2,2
12,2923,2,2
13,2923,1,1
14,2923,1,1
0,2924,1,3
1,2924,1,1
2,2924,3,1
3,2924,3,1
4,2924,1,3
5,2924,3,1
6,2924,1,1
7,2924,2,1
8,2924,1,3
9,2924,1,1
10,2924,1,1
11,2924,2,2
12,2924,2,2
13,2924,1,1
14,2924,1,1
0,2925,1,3
1,2925,1,1
2,2925,3,1
3,2925,3,1
4,2925,1,3
5,2925,3,1
6,2925,1,1
7,2925,2,1
8,2925,1,3
9,2925,1,1
10,2925,1,1
11,2925,2,2
12,2925,2,2
13,2925,1,1
14,2925,1,1
0,2926,1,3
1,2926,1,1
2,2926,3,1
3,2926,3,1
4,2926,1,3
5,2926,3,1
6,2926,1,1
7,2926,2,1
8,2926,1,3
9,2926,1,1
10,2926,1,1
11,2926,2,2
12,2926,2,2
13,2926,1,1
14,2926,1,1
0,2927,1,3
1,2927,1,1
2,2927,3,1
3,2927,3,1
4,2927,1,3
5,2927,3,1
6,2927,1,1
7,2927,2,1
8,2927,1,3
9,2927,1,1
10,2927,1,1
11,2927,2,2
12,2927,2,2
13,2927,1,1
14,2927,1,1
0,2928,3,1
1,2928,1,1
2,2928,1,1
3,2928,0,2
4,2928,1,1
5,2928,2,2
6,2928,1,1
7,2928,1,1
8,2928,1,1
9,2928,1,1
10,2928,1,1
11,2928,2,2
12,2928,2,2
13,2928,1,1
14,2928,1,1
0,2929,2,1
1,2929,1,1
2,2929,1,1
3,2929,2,3
4,2929,1,1
5,2929,1,1
6,2929,1,1
7,2929,1,1
8,2929,1,1
9,2929,1,1
10,2929,1,1
11,2929,1,2
12,2929,2,1
13,2929,1,1
14,2929,1,1
0,2930,3,1
1,2930,1,1
2,2930,1,1
3,2930,0,2
4,2930,1,1
5,2930,2,2
6,2930,1,1
7,2930,1,1
8,2930,1,1
9,2930,1,1
10,2930,1,1
11,2930,2,2
12,2930,2,2
13,2930,1,1
14,2930,1,1
0,2931,1,3
1,2931,1,1
2,2931,3,1
3,2931,3,1
4,2931,1,3
5,2931,3,1
6,2931,1,1
7,2931,2,1
8,2931,1,3
9,2931,1,1
10,2931,1,1
11,2931,2,2
12,2931,2,2
13,2931,1,1
14,2931,1,1
0,2932,1,3
1,2932,1,1
2,2932,3,1
3,2932,3,1
4,2932,1,3
5,2932,3,1
6,2932,1,1
7,2932,2,1
8,2932,1,3
9,2932,1,1
10,2932,1,1
11,2932,2,2
12,2932,2,2
13,2932,1,1
14,2932,1,1
0,2933,1,3
1,2933,1,1
2,2933,3,1
3,2933,3,1
4,2933,1,3
5,2933,3,1
6,2933,1,1
7,2933,2,1
8,2933,1,3
9,2933,1,1
10,2933,1,1
11,2933,2,2
12,2933,2,2
13,2933,1,1
14,2933,1,1
0,2934,1,3
1,2934,1,1
2,2934,3,1
3,2934,3,1
4,2934,1,3
5,2934,3,1
6,2934,1,1
7,2934,2,1
8,2934,1,3
9,2934,1,1
10,2934,1,1
11,2934,2,2
12,2934,2,2
13,2934,1,1
14,2934,1,1
0,2935,1,1
1,2935,1,1
2,2935,1,1
3,2935,1,1
4,2935,1,1
5,2935,1,1
6,2935,1,1
7,2935,1,1
8,2935,1,1
9,2935,1,1
10,2935,1,1
11,2935,1,1
12,2935,1,1
13,2935,1,1
14,2935,1,1
0,2936,3,1
1,2936,1,1
2,2936,1,1
3,2936,0,2
4,2936,1,1
5,2936,2,2
6,2936,1,1
7,2936,1,1
8,2936,1,1
9,2936,1,1
10,2936,1,1
11,2936,2,2
12,2936,2,2
13,2936,1,1
14,2936,1,1
0,2937,1,3
1,2937,1,1
2,2937,3,1
3,2937,3,1
4,2937,1,3
5,2937,3,1
6,2937,1,1
7,2937,2,1
8,2937,1,3
9,2937,1,1
10,2937,1,1
11,2937,2,2
12,2937,2,2
13,2937,1,1
14,2937,1,1
0,2938,1,1
1,2938,1,1
2,2938,1,1
3,2938,1,1
4,2938,1,1
5,2938,1,1
6,2938,1,1
7,2938,1,1
8,2938,1,1
9,2938,1,1
10,2938,1,1
11,2938,1,1
12,2938,1,1
13,2938,1,1
14,2938,1,1
0,2939,1,3
1,2939,1,1
2,2939,3,1
3,2939,3,1
4,2939,1,3
5,2939,3,1
6,2939,1,1
7,2939,2,1
8,2939,1,3
9,2939,1,1
10,2939,1,1
11,2939,2,2
12,2939,2,2
13,2939,1,1
14,2939,1,1
0,2940,1,3
1,2940,1,1
2,2940,3,1
3,2940,3,1
4,2940,1,3
5,2940,3,1
6,2940,1,1
7,2940,2,1
8,2940,1,3
9,2940,1,1
10,2940,1,1
11,2940,2,2
12,2940,2,2
13,2940,1,1
14,2940,1,1
0,2941,1,3
1,2941,1,1
2,2941,3,1
3,2941,3,1
4,2941,1,3
5,2941,3,1
6,2941,1,1
7,2941,2,1
8,2941,1,3
9,2941,1,1
10,2941,1,1
11,2941,2,2
12,2941,2,2
13,2941,1,1
14,2941,1,1
0,2942,1,3
1,2942,1,1
2,2942,3,1
3,2942,3,1
4,2942,1,3
5,2942,3,1
6,2942,1,1
7,2942,2,1
8,2942,1,3
9,2942,1,1
10,2942,1,1
11,2942,2,2
12,2942,2,2
13,2942,1,1
14,2942,1,1
0,2943,3,1
1,2943,1,1
2,2943,1,1
3,2943,0,2
4,2943,1,1
5,2943,2,2
6,2943,1,1
7,2943,1,1
8,2943,1,1
9,2943,1,1
10,2943,1,1
11,2943,2,2
12,2943,2,2
13,2943,1,1
14,2943,1,1
0,2944,1,3
1,2944,1,1
2,2944,3,1
3,2944,3,1
4,2944,1,3
5,2944,3,1
6,2944,1,1
7,2944,2,1
8,2944,1,3
9,2944,1,1
10,2944,1,1
11,2944,2,2
12,2944,2,2
13,2944,1,1
14,2944,1,1
0,2945,1,3
1,2945,1,1
2,2945,3,1
3,2945,3,1
4,2945,1,3
5,2945,3,1
6,2945,1,1
7,2945,2,1
8,2945,1,3
9,2945,1,1
10,2945,1,1
11,2945,2,2
12,2945,2,2
13,2945,1,1
14,2945,1,1
0,2946,2,1
1,2946,1,1
2,2946,1,1
3,2946,2,3
4,2946,1,1
5,2946,1,1
6,2946,1,1
7,2946,1,1
8,2946,1,3
9,2946,1,1
10,2946,3,3
11,2946,2,2
12,2946,2,2
13,2946,1,1
14,2946,1,1
0,2947,3,1
1,2947,1,1
2,2947,1,1
3,2947,0,2
4,2947,1,1
5,2947,2,2
6,2947,1,1
7,2947,1,1
8,2947,1,1
9,2947,1,1
10,2947,1,1
11,2947,2,2
12,2947,2,2
13,2947,1,1
14,2947,1,1
0,2948,1,3
1,2948,1,1
2,2948,3,1
3,2948,3,1
4,2948,1,3
5,2948,3,1
6,2948,1,1
7,2948,2,1
8,2948,1,3
9,2948,1,1
10,2948,1,1
11,2948,2,2
12,2948,2,2
13,2948,1,1
14,2948,1,1
0,2949,1,3
1,2949,1,1
2,2949,3,1
3,2949,3,1
4,2949,1,3
5,2949,3,1
6,2949,1,1
7,2949,2,1
8,2949,1,3
9,2949,1,1
10,2949,1,1
11,2949,2,2
12,2949,2,2
13,2949,1,1
14,2949,1,1
0,2950,1,1
1,2950,1,1
2,2950,1,1
3,2950,1,1
4,2950,1,1
5,2950,1,1
6,2950,1,1
7,2950,1,1
8,2950,1,1
9,2950,1,1
10,2950,1,1
11,2950,1,1
12,2950,1,1
13,2950,1,1
14,2950,1,1
0,2951,2,1
1,2951,1,1
2,2951,1,1
3,2951,2,3
4,2951,1,1
5,2951,1,1
6,2951,1,1
7,2951,1,1
8,2951,1,1
9,2951,1,1
10,2951,1,1
11,2951,1,2
12,2951,2,1
13,2951,1,1
14,2951,1,1
0,2952,1,3
1,2952,1,1
2,2952,3,1
3,2952,3,1
4,2952,1,3
5,2952,3,1
6,2952,1,1
7,2952,2,1
8,2952,1,3
9,2952,1,1
10,2952,1,1
11,2952,2,2
12,2952,2,2
13,2952,1,1
14,2952,1,1
0,2953,1,3
1,2953,1,1
2,2953,3,1
3,2953,3,1
4,2953,1,3
5,2953,3,1
6,2953,1,1
7,2953,2,1
8,2953,1,3
9,2953,1,1
10,2953,1,1
11,2953,2,2
12,2953,2,2
13,2953,1,1
14,2953,1,1
0,2954,1,3
1,2954,1,1
2,2954,3,1
3,2954,3,1
4,2954,1,3
5,2954,3,1
6,2954,1,1
7,2954,2,1
8,2954,1,3
9,2954,1,1
10,2954,1,1
11,2954,2,2
12,2954,2,2
13,2954,1,1
14,2954,1,1
0,2955,2,1
1,2955,1,1
2,2955,1,1
3,2955,2,3
4,2955,1,1
5,2955,1,1
6,2955,1,1
7,2955,1,1
8,2955,1,3
9,2955,1,1
10,2955,3,3
11,2955,2,2
12,2955,2,2
13,2955,1,1
14,2955,1,1
0,2956,1,3
1,2956,1,1
2,2956,3,1
3,2956,3,1
4,2956,1,3
5,2956,3,1
6,2956,1,1
7,2956,2,1
8,2956,1,3
9,2956,1,1
10,2956,1,1
11,2956,2,2
12,2956,2,2
13,2956,1,1
14,2956,1,1
0,2957,2,1
1,2957,1,1
2,2957,1,1
3,2957,2,3
4,2957,1,1
5,2957,1,1
6,2957,1,1
7,2957,1,1
8,2957,1,3
9,2957,1,1
10,2957,3,3
11,2957,2,2
12,2957,2,2
13,2957,1,1
14,2957,1,1
0,2958,1,3
1,2958,1,1
2,2958,3,1
3,2958,3,1
4,2958,1,3
5,2958,3,1
6,2958,1,1
7,2958,2,1
8,2958,1,3
9,2958,1,1
10,2958,1,1
11,2958,2,2
12,2958,2,2
13,2958,1,1
14,2958,1,1
0,2959,3,1
1,2959,1,1
2,2959,1,1
3,2959,0,2
4,2959,1,1
5,2959,2,2
6,2959,1,1
7,2959,1,1
8,2959,1,1
9,2959,1,1
10,2959,1,1
11,2959,2,2
12,2959,2,2
13,2959,1,1
14,2959,1,1
0,2960,1,3
1,2960,1,1
2,2960,3,1
3,2960,3,1
4,2960,1,3
5,2960,3,1
6,2960,1,1
7,2960,2,1
8,2960,1,3
9,2960,1,1
10,2960,1,1
11,2960,2,2
12,2960,2,2
13,2960,1,1
14,2960,1,1
0,2961,1,3
1,2961,1,1
2,2961,3,1
3,2961,3,1
4,2961,1,3
5,2961,3,1
6,2961,1,1
7,2961,2,1
8,2961,1,3
9,2961,1,1
10,2961,1,1
11,2961,2,2
12,2961,2,2
13,2961,1,1
14,2961,1,1
0,2962,2,1
1,2962,1,1
2,2962,1,1
3,2962,2,3
4,2962,1,1
5,2962,1,1
6,2962,1,1
7,2962,1,1
8,2962,1,3
9,2962,1,1
10,2962,3,3
11,2962,2,2
12,2962,2,2
13,2962,1,1
14,2962,1,1
0,2963,2,1
1,2963,1,1
2,2963,1,1
3,2963,2,3
4,2963,1,1
5,2963,1,1
6,2963,1,1
7,2963,1,1
8,2963,1,3
9,2963,1,1
10,2963,3,3
11,2963,2,2
12,2963,2,2
13,2963,1,1
14,2963,1,1
0,2964,1,3
1,2964,1,1
2,2964,3,1
3,2964,3,1
4,2964,1,3
5,2964,3,1
6,2964,1,1
7,2964,2,1
8,2964,1,3
9,2964,1,1
10,2964,1,1
11,2964,2,2
12,2964,2,2
13,2964,1,1
14,2964,1,1
0,2965,1,3
1,2965,1,1
2,2965,3,1
3,2965,3,1
4,2965,1,3
5,2965,3,1
6,2965,1,1
7,2965,2,1
8,2965,1,3
9,2965,1,1
10,2965,1,1
11,2965,2,2
12,2965,2,2
13,2965,1,1
14,2965,1,1
0,2966,1,1
1,2966,1,1
2,2966,1,1
3,2966,1,1
4,2966,1,1
5,2966,1,1
6,2966,1,1
7,2966,1,1
8,2966,1,1
9,2966,1,1
10,2966,1,1
11,2966,1,1
12,2966,1,1
13,2966,1,1
14,2966,1,1
0,2967,1,3
1,2967,1,1
2,2967,3,1
3,2967,3,1
4,2967,1,3
5,2967,3,1
6,2967,1,1
7,2967,2,1
8,2967,1,3
9,2967,1,1
10,2967,1,1
11,2967,2,2
12,2967,2,2
13,2967,1,1
14,2967,1,1
0,2968,1,3
1,2968,1,1
2,2968,3,1
3,2968,3,1
4,2968,1,3
5,2968,3,1
6,2968,1,1
7,2968,2,1
8,2968,1,3
9,2968,1,1
10,2968,1,1
11,2968,2,2
12,2968,2,2
13,2968,1,1
14,2968,1,1
0,2969,1,3
1,2969,1,1
2,2969,3,1
3,2969,3,1
4,2969,1,3
5,2969,3,1
6,2969,1,1
7,2969,2,1
8,2969,1,3
9,2969,1,1
10,2969,1,1
11,2969,2,2
12,2969,2,2
13,2969,1,1
14,2969,1,1
0,2970,2,1
1,2970,1,1
2,2970,1,1
3,2970,2,3
4,2970,1,1
5,2970,1,1
6,2970,1,1
7,2970,1,1
8,2970,1,3
9,2970,1,1
10,2970,3,3
11,2970,2,2
12,2970,2,2
13,2970,1,1
14,2970,1,1
0,2971,1,3
1,2971,1,1
2,2971,3,1
3,2971,3,1
4,2971,1,3
5,2971,3,1
6,2971,1,1
7,2971,2,1
8,2971,1,3
9,2971,1,1
10,2971,1,1
11,2971,2,2
12,2971,2,2
13,2971,1,1
14,2971,1,1
0,2972,1,3
1,2972,1,1
2,2972,3,1
3,2972,3,1
4,2972,1,3
5,2972,3,1
6,2972,1,1
7,2972,2,1
8,2972,1,3
9,2972,1,1
10,2972,1,1
11,2972,2,2
12,2972,2,2
13,2972,1,1
14,2972,1,1
0,2973,1,3
1,2973,1,1
2,2973,3,1
3,2973,3,1
4,2973,1,3
5,2973,3,1
6,2973,1,1
7,2973,2,1
8,2973,1,3
9,2973,1,1
10,2973,1,1
11,2973,2,2
12,2973,2,2
13,2973,1,1
14,2973,1,1
0,2974,1,3
1,2974,1,1
2,2974,3,1
3,2974,3,1
4,2974,1,3
5,2974,3,1
6,2974,1,1
7,2974,2,1
8,2974,1,3
9,2974,1,1
10,2974,1,1
11,2974,2,2
12,2974,2,2
13,2974,1,1
14,2974,1,1
0,2975,1,3
1,2975,1,1
2,2975,3,1
3,2975,3,1
4,2975,1,3
5,2975,3,1
6,2975,1,1
7,2975,2,1
8,2975,1,3
9,2975,1,1
10,2975,1,1
11,2975,2,2
12,2975,2,2
13,2975,1,1
14,2975,1,1
0,2976,1,3
1,2976,1,1
2,2976,3,1
3,2976,3,1
4,2976,1,3
5,2976,3,1
6,2976,1,1
7,2976,2,1
8,2976,1,3
9,2976,1,1
10,2976,1,1
11,2976,2,2
12,2976,2,2
13,2976,1,1
14,2976,1,1
0,2977,1,3
1,2977,1,1
2,2977,3,1
3,2977,3,1
4,2977,1,3
5,2977,3,1
6,2977,1,1
7,2977,2,1
8,2977,1,3
9,2977,1,1
10,2977,1,1
11,2977,2,2
12,2977,2,2
13,2977,1,1
14,2977,1,1
0,2978,1,3
1,2978,1,1
2,2978,3,1
3,2978,3,1
4,2978,1,3
5,2978,3,1
6,2978,1,1
7,2978,2,1
8,2978,1,3
9,2978,1,1
10,2978,1,1
11,2978,2,2
12,2978,2,2
13,2978,1,1
14,2978,1,1
0,2979,3,1
1,2979,1,1
2,2979,1,1
3,2979,0,2
4,2979,1,1
5,2979,2,2
6,2979,1,1
7,2979,1,1
8,2979,1,1
9,2979,1,1
10,2979,1,1
11,2979,2,2
12,2979,2,2
13,2979,1,1
14,2979,1,1
0,2980,1,3
1,2980,1,1
2,2980,3,1
3,2980,3,1
4,2980,1,3
5,2980,3,1
6,2980,1,1
7,2980,2,1
8,2980,1,3
9,2980,1,1
10,2980,1,1
11,2980,2,2
12,2980,2,2
13,2980,1,1
14,2980,1,1
0,2981,1,3
1,2981,1,1
2,2981,3,1
3,2981,3,1
4,2981,1,3
5,2981,3,1
6,2981,1,1
7,2981,2,1
8,2981,1,3
9,2981,1,1
10,2981,1,1
11,2981,2,2
12,2981,2,2
13,2981,1,1
14,2981,1,1
0,2982,1,1
1,2982,1,1
2,2982,1,1
3,2982,1,1
4,2982,1,1
5,2982,1,1
6,2982,1,1
7,2982,1,1
8,2982,1,1
9,2982,1,1
10,2982,1,1
11,2982,1,1
12,2982,1,1
13,2982,1,1
14,2982,1,1
0,2983,3,1
1,2983,1,1
2,2983,1,1
3,2983,0,2
4,2983,1,1
5,2983,2,2
6,2983,1,1
7,2983,1,1
8,2983,1,1
9,2983,1,1
10,2983,1,1
11,2983,2,2
12,2983,2,2
13,2983,1,1
14,2983,1,1
0,2984,2,1
1,2984,1,1
2,2984,1,1
3,2984,2,3
4,2984,1,1
5,2984,1,1
6,2984,1,1
7,2984,1,1
8,2984,1,1
9,2984,1,1
10,2984,1,1
11,2984,1,2
12,2984,2,1
13,2984,1,1
14,2984,1,1
0,2985,1,3
1,2985,1,1
2,2985,3,1
3,2985,3,1
4,2985,1,3
5,2985,3,1
6,2985,1,1
7,2985,2,1
8,2985,1,3
9,2985,1,1
10,2985,1,1
11,2985,2,2
12,2985,2,2
13,2985,1,1
14,2985,1,1
0,2986,1,3
1,2986,1,1
2,2986,3,1
3,2986,3,1
4,2986,1,3
5,2986,3,1
6,2986,1,1
7,2986,2,1
8,2986,1,3
9,2986,1,1
10,2986,1,1
11,2986,2,2
12,2986,2,2
13,2986,1,1
14,2986,1,1
0,2987,1,3
1,2987,1,1
2,2987,3,1
3,2987,3,1
4,2987,1,3
5,2987,3,1
6,2987,1,1
7,2987,2,1
8,2987,1,3
9,2987,1,1
10,2987,1,1
11,2987,2,2
12,2987,2,2
13,2987,1,1
14,2987,1,1
0,2988,1,3
1,2988,1,1
2,2988,3,1
3,2988,3,1
4,2988,1,3
5,2988,3,1
6,2988,1,1
7,2988,2,1
8,2988,1,3
9,2988,1,1
10,2988,1,1
11,2988,2,2
12,2988,2,2
13,2988,1,1
14,2988,1,1
0,2989,1,3
1,2989,1,1
2,2989,3,1
3,2989,3,1
4,2989,1,3
5,2989,3,1
6,2989,1,1
7,2989,2,1
8,2989,1,3
9,2989,1,1
10,2989,1,1
11,2989,2,2
12,2989,2,2
13,2989,1,1
14,2989,1,1
0,2990,3,1
1,2990,1,1
2,2990,1,1
3,2990,0,2
4,2990,1,1
5,2990,2,2
6,2990,1,1
7,2990,1,1
8,2990,1,1
9,2990,1,1
10,2990,1,1
11,2990,2,2
12,2990,2,2
13,2990,1,1
14,2990,1,1
0,2991,3,1
1,2991,1,1
2,2991,1,1
3,2991,0,2
4,2991,1,1
5,2991,2,2
6,2991,1,1
7,2991,1,1
8,2991,1,1
9,2991,1,1
10,2991,1,1
11,2991,2,2
12,2991,2,2
13,2991,1,1
14,2991,1,1
0,2992,2,1
1,2992,1,1
2,2992,1,1
3,2992,2,3
4,2992,1,1
5,2992,1,1
6,2992,1,1
7,2992,1,1
8,2992,1,3
9,2992,1,1
10,2992,3,3
11,2992,2,2
12,2992,2,2
13,2992,1,1
14,2992,1,1
0,2993,1,3
1,2993,1,1
2,2993,3,1
3,2993,3,1
4,2993,1,3
5,2993,3,1
6,2993,1,1
7,2993,2,1
8,2993,1,3
9,2993,1,1
10,2993,1,1
11,2993,2,2
12,2993,2,2
13,2993,1,1
14,2993,1,1
0,2994,1,3
1,2994,1,1
2,2994,3,1
3,2994,3,1
4,2994,1,3
5,2994,3,1
6,2994,1,1
7,2994,2,1
8,2994,1,3
9,2994,1,1
10,2994,1,1
11,2994,2,2
12,2994,2,2
13,2994,1,1
14,2994,1,1
0,2995,1,3
1,2995,1,1
2,2995,3,1
3,2995,3,1
4,2995,1,3
5,2995,3,1
6,2995,1,1
7,2995,2,1
8,2995,1,3
9,2995,1,1
10,2995,1,1
11,2995,2,2
12,2995,2,2
13,2995,1,1
14,2995,1,1
0,2996,1,1
1,2996,1,1
2,2996,1,1
3,2996,1,1
4,2996,1,1
5,2996,1,1
6,2996,1,1
7,2996,1,1
8,2996,1,1
9,2996,1,1
10,2996,1,1
11,2996,1,1
12,2996,1,1
13,2996,1,1
14,2996,1,1
0,2997,1,3
1,2997,1,1
2,2997,3,1
3,2997,3,1
4,2997,1,3
5,2997,3,1
6,2997,1,1
7,2997,2,1
8,2997,1,3
9,2997,1,1
10,2997,1,1
11,2997,2,2
12,2997,2,2
13,2997,1,1
14,2997,1,1
0,2998,2,1
1,2998,1,1
2,2998,1,1
3,2998,2,3
4,2998,1,1
5,2998,1,1
6,2998,1,1
7,2998,1,1
8,2998,1,1
9,2998,1,1
10,2998,1,1
11,2998,1,2
12,2998,2,1
13,2998,1,1
14,2998,1,1
0,2999,1,1
1,2999,1,1
2,2999,1,1
3,2999,1,1
4,2999,1,1
5,2999,1,1
6,2999,1,1
7,2999,1,1
8,2999,1,1
9,2999,1,1
10,2999,1,1
11,2999,1,1
12,2999,1,1
13,2999,1,1
14,2999,1,1
