node,m,x,y,xbar,ybar,segment
1,2,3,0,0,0,0
1,25,3,0,0,0,0
1,31,3,0,1,0,0
1,34,3,0,3,0,0
1,53,3,0,1,0,0
1,58,3,0,0,0,0
1,67,3,0,0,0,0
1,73,3,0,3,0,0
1,74,3,0,3,0,0
1,80,3,0,0,0,0
1,88,3,0,0,0,0
1,92,3,0,0,0,0
1,98,3,0,0,0,0
1,105,3,0,0,0,0
1,106,3,0,1,0,0
1,142,3,0,1,0,0
1,154,3,0,0,0,0
1,156,3,0,0,0,0
1,160,3,0,0,0,0
1,187,3,0,0,0,0
1,199,3,0,3,0,0
1,212,3,0,1,0,0
1,224,3,0,0,0,0
1,249,3,0,3,0,0
1,277,3,0,3,0,0
1,298,3,0,3,0,0
1,324,3,0,0,0,0
1,328,3,0,3,0,0
1,363,3,0,1,0,0
1,375,3,0,1,0,0
1,410,3,0,1,0,0
1,411,3,0,0,0,0
1,413,3,0,0,0,0
1,416,3,0,3,0,0
1,434,3,0,0,0,0
1,444,3,0,3,0,0
1,458,3,0,1,0,0
1,460,3,0,0,0,0
1,502,3,0,1,0,0
1,503,3,0,0,0,0
1,509,3,0,0,0,0
1,519,3,0,1,0,0
1,528,3,0,0,0,0
1,529,3,0,0,0,0
1,532,3,0,3,0,0
1,546,3,0,1,0,0
1,549,3,0,1,0,0
1,551,3,0,1,0,0
1,562,3,0,3,0,0
1,620,3,0,3,0,0
1,654,3,0,1,0,0
1,666,3,0,0,0,0
1,681,3,0,0,0,0
1,684,3,0,0,0,0
1,714,3,0,1,0,0
1,734,3,0,3,0,0
1,768,3,0,1,0,0
1,771,3,0,0,0,0
1,780,3,0,3,0,0
1,789,3,0,0,0,0
1,793,3,0,0,0,0
1,820,3,0,0,0,0
1,845,3,0,0,0,0
1,869,3,0,1,0,0
1,922,3,0,1,0,0
1,983,3,0,0,0,0
1,1003,3,0,0,0,0
1,1015,3,0,0,0,0
1,1021,3,0,0,0,0
1,1027,3,0,0,0,0
1,1122,3,0,0,0,0
1,1133,3,0,3,0,0
1,1140,3,0,3,0,0
1,1150,3,0,1,0,0
1,1151,3,0,0,0,0
1,1157,3,0,0,0,0
1,1159,3,0,0,0,0
1,1176,3,0,0,0,0
1,1184,3,0,1,0,0
1,1188,3,0,1,0,0
1,1195,3,0,0,0,0
1,1197,3,0,0,0,0
1,1210,3,0,0,0,0
1,1241,3,0,1,0,0
1,1243,3,0,0,0,0
1,1257,3,0,1,0,0
1,1264,3,0,0,0,0
1,1287,3,0,0,0,0
1,1306,3,0,0,0,0
1,1307,3,0,1,0,0
1,1328,3,0,0,0,0
1,1355,3,0,0,0,0
1,1356,3,0,0,0,0
1,1371,3,0,1,0,0
1,1394,3,0,1,0,0
1,1415,3,0,0,0,0
1,1421,3,0,0,0,0
1,1433,3,0,0,0,0
1,1451,3,0,1,0,0
1,1461,3,0,0,0,0
1,1484,3,0,0,0,0
1,1501,3,0,1,0,0
1,1518,3,0,1,0,0
1,1520,3,0,0,0,0
1,1521,3,0,0,0,0
1,1536,3,0,1,0,0
1,1538,3,0,1,0,0
1,1546,3,0,0,0,0
1,1553,3,0,0,0,0
1,1564,3,0,0,0,0
1,1575,3,0,0,0,0
1,1577,3,0,0,0,0
1,1603,3,0,0,0,0
1,1629,3,0,3,0,0
1,1636,3,0,0,0,0
1,1648,3,0,3,0,0
1,1652,3,0,0,0,0
1,1657,3,0,0,0,0
1,1661,3,0,0,0,0
1,1669,3,0,0,0,0
1,1684,3,0,3,0,0
1,1685,3,0,1,0,0
1,1697,3,0,3,0,0
1,1712,3,0,1,0,0
1,1714,3,0,3,0,0
1,1715,3,0,0,0,0
1,1730,3,0,0,0,0
1,1745,3,0,0,0,0
1,1766,3,0,1,0,0
1,1769,3,0,0,0,0
1,1790,3,0,3,0,0
1,1817,3,0,0,0,0
1,1818,3,0,3,0,0
1,1821,3,0,0,0,0
1,1829,3,0,0,0,0
1,1882,3,0,1,0,0
1,1897,3,0,0,0,0
1,1930,3,0,0,0,0
1,1938,3,0,3,0,0
1,1949,3,0,0,0,0
1,1969,3,0,1,0,0
1,1972,3,0,0,0,0
1,1986,3,0,3,0,0
1,1987,3,0,1,0,0
1,1992,3,0,3,0,0
1,2013,3,0,0,0,0
1,2022,3,0,0,0,0
1,2053,3,0,0,0,0
1,2076,3,0,1,0,0
1,2098,3,0,0,0,0
1,2108,3,0,3,0,0
1,2165,3,0,0,0,0
1,2188,3,0,1,0,0
1,2189,3,0,1,0,0
1,2192,3,0,0,0,0
1,2196,3,0,0,0,0
1,2203,3,0,1,0,0
1,2234,3,0,0,0,0
1,2236,3,0,1,0,0
1,2244,3,0,0,0,0
1,2256,3,0,0,0,0
1,2258,3,0,3,0,0
1,2260,3,0,1,0,0
1,2291,3,0,0,0,0
1,2301,3,0,0,0,0
1,2320,3,0,1,0,0
1,2327,3,0,0,0,0
1,2329,3,0,0,0,0
1,2339,3,0,0,0,0
1,2341,3,0,0,0,0
1,2348,3,0,0,0,0
1,2353,3,0,3,0,0
1,2367,3,0,0,0,0
1,2368,3,0,0,0,0
1,2378,3,0,0,0,0
1,2379,3,0,1,0,0
1,2382,3,0,3,0,0
1,2390,3,0,0,0,0
1,2412,3,0,1,0,0
1,2437,3,0,0,0,0
1,2470,3,0,0,0,0
1,2490,3,0,0,0,0
1,2495,3,0,3,0,0
1,2504,3,0,0,0,0
1,2516,3,0,0,0,0
1,2546,3,0,1,0,0
1,2547,3,0,1,0,0
1,2550,3,0,0,0,0
1,2560,3,0,0,0,0
1,2578,3,0,0,0,0
1,2586,3,0,1,0,0
1,2604,3,0,3,0,0
1,2605,3,0,0,0,0
1,2606,3,0,0,0,0
1,2610,3,0,3,0,0
1,2618,3,0,0,0,0
1,2621,3,0,1,0,0
1,2626,3,0,0,0,0
1,2627,3,0,1,0,0
1,2634,3,0,1,0,0
1,2656,3,0,0,0,0
1,2672,3,0,0,0,0
1,2674,3,0,1,0,0
1,2699,3,0,0,0,0
1,2702,3,0,0,0,0
1,2724,3,0,0,0,0
1,2726,3,0,0,0,0
1,2740,3,0,0,0,0
1,2747,3,0,1,0,0
1,2778,3,0,1,0,0
1,2806,3,0,1,0,0
1,2818,3,0,0,0,0
1,2819,3,0,0,0,0
1,2831,3,0,0,0,0
1,2850,3,0,1,0,0
1,2867,3,0,0,0,0
1,2874,3,0,0,0,0
1,2944,3,0,3,0,0
1,2983,3,0,1,0,0
1,2989,3,0,1,0,0
1,2990,3,0,0,0,0
1,2994,3,0,1,0,0
1,2997,3,0,1,0,0
1,3012,3,0,1,0,0
1,3028,3,0,1,0,0
1,3077,3,0,1,0,0
1,3086,3,0,0,0,0
1,3102,3,0,0,0,0
1,3109,3,0,0,0,0
1,3123,3,0,0,0,0
1,3126,3,0,0,0,0
1,3139,3,0,0,0,0
1,3142,3,0,3,0,0
1,3149,3,0,1,0,0
1,3156,3,0,1,0,0
1,3165,3,0,0,0,0
1,3200,3,0,0,0,0
1,3205,3,0,0,0,0
1,3208,3,0,0,0,0
1,3236,3,0,0,0,0
1,3238,3,0,0,0,0
1,3239,3,0,0,0,0
1,3243,3,0,0,0,0
1,3254,3,0,3,0,0
1,3256,3,0,0,0,0
1,3270,3,0,3,0,0
1,3281,3,0,0,0,0
1,3289,3,0,0,0,0
1,3296,3,0,0,0,0
1,3300,3,0,1,0,0
1,3349,3,0,3,0,0
1,3360,3,0,0,0,0
1,3379,3,0,0,0,0
1,3388,3,0,3,0,0
1,3394,3,0,0,0,0
1,3402,3,0,0,0,0
1,3406,3,0,1,0,0
1,3416,3,0,1,0,0
1,3425,3,0,3,0,0
1,3426,3,0,1,0,0
1,3454,3,0,0,0,0
1,3498,3,0,0,0,0
1,3507,3,0,1,0,0
1,3516,3,0,0,0,0
1,3593,3,0,0,0,0
1,3595,3,0,0,0,0
1,3598,3,0,0,0,0
1,3607,3,0,0,0,0
1,3617,3,0,1,0,0
1,3665,3,0,1,0,0
1,3669,3,0,0,0,0
1,3670,3,0,0,0,0
1,3686,3,0,3,0,0
1,3689,3,0,1,0,0
1,3691,3,0,0,0,0
1,3697,3,0,1,0,0
1,3703,3,0,0,0,0
1,3728,3,0,0,0,0
1,3765,3,0,1,0,0
1,3766,3,0,0,0,0
1,3769,3,0,0,0,0
1,3772,3,0,0,0,0
1,3783,3,0,1,0,0
1,3802,3,0,0,0,0
1,3835,3,0,0,0,0
1,3839,3,0,3,0,0
1,3851,3,0,3,0,0
1,3858,3,0,0,0,0
1,3877,3,0,3,0,0
1,3883,3,0,0,0,0
1,3917,3,0,0,0,0
1,3924,3,0,3,0,0
1,3927,3,0,1,0,0
1,3971,3,0,1,0,0
1,4001,3,0,3,0,0
1,4012,3,0,0,0,0
1,4020,3,0,3,0,0
1,4030,3,0,3,0,0
1,4049,3,0,1,0,0
1,4094,3,0,1,0,0
1,4095,3,0,1,0,0
1,4097,3,0,3,0,0
1,4110,3,0,0,0,0
1,4124,3,0,3,0,0
1,4139,3,0,0,0,0
1,4155,3,0,1,0,0
1,4165,3,0,0,0,0
1,4172,3,0,0,0,0
1,4210,3,0,0,0,0
1,4222,3,0,0,0,0
1,4225,3,0,1,0,0
1,4277,3,0,0,0,0
1,4293,3,0,0,0,0
1,4312,3,0,0,0,0
1,4313,3,0,3,0,0
1,4320,3,0,0,0,0
1,4331,3,0,0,0,0
1,4338,3,0,0,0,0
1,4347,3,0,0,0,0
1,4362,3,0,0,0,0
1,4370,3,0,0,0,0
1,4396,3,0,0,0,0
1,4411,3,0,0,0,0
1,4454,3,0,1,0,0
1,4472,3,0,0,0,0
1,4495,3,0,3,0,0
1,4504,3,0,0,0,0
1,4506,3,0,1,0,0
1,4508,3,0,3,0,0
1,4513,3,0,3,0,0
1,4548,3,0,1,0,0
1,4555,3,0,0,0,0
1,4560,3,0,0,0,0
1,4574,3,0,0,0,0
1,4592,3,0,0,0,0
1,4602,3,0,0,0,0
1,4622,3,0,0,0,0
1,4633,3,0,0,0,0
1,4639,3,0,0,0,0
1,4646,3,0,1,0,0
1,4679,3,0,1,0,0
1,4687,3,0,0,0,0
1,4697,3,0,0,0,0
1,4713,3,0,3,0,0
1,4734,3,0,1,0,0
1,4742,3,0,3,0,0
1,4779,3,0,0,0,0
1,4802,3,0,0,0,0
1,4826,3,0,3,0,0
1,4841,3,0,0,0,0
1,4842,3,0,1,0,0
1,4871,3,0,0,0,0
1,4911,3,0,1,0,0
1,4918,3,0,1,0,0
1,4919,3,0,0,0,0
1,4934,3,0,1,0,0
1,4936,3,0,0,0,0
1,4945,3,0,0,0,0
1,4952,3,0,3,0,0
1,4954,3,0,3,0,0
1,4973,3,0,0,0,0
1,4975,3,0,1,0,0
1,4984,3,0,3,0,0
1,4989,3,0,0,0,0
1,22,1,1,0,0,1
1,38,1,1,0,0,1
1,52,1,1,1,0,1
1,61,1,1,0,0,1
1,76,1,1,1,0,1
1,117,1,1,0,1,1
1,122,1,1,0,1,1
1,131,1,1,1,0,1
1,174,1,1,0,0,1
1,186,1,1,0,0,1
1,192,1,1,0,0,1
1,210,1,1,0,0,1
1,214,1,1,1,0,1
1,222,1,1,0,1,1
1,239,1,1,0,0,1
1,264,1,1,0,0,1
1,270,1,1,0,0,1
1,286,1,1,0,1,1
1,293,1,1,0,0,1
1,303,1,1,0,0,1
1,306,1,1,0,0,1
1,365,1,1,0,0,1
1,385,1,1,0,1,1
1,426,1,1,1,0,1
1,471,1,1,1,0,1
1,514,1,1,0,1,1
1,524,1,1,0,0,1
1,527,1,1,0,1,1
1,537,1,1,0,0,1
1,564,1,1,0,1,1
1,569,1,1,0,0,1
1,593,1,1,1,0,1
1,601,1,1,0,0,1
1,602,1,1,1,0,1
1,628,1,1,1,0,1
1,629,1,1,1,0,1
1,637,1,1,0,1,1
1,656,1,1,0,1,1
1,662,1,1,1,0,1
1,664,1,1,0,0,1
1,712,1,1,0,1,1
1,716,1,1,1,0,1
1,722,1,1,1,0,1
1,755,1,1,1,0,1
1,756,1,1,1,0,1
1,761,1,1,0,1,1
1,800,1,1,0,0,1
1,802,1,1,0,1,1
1,824,1,1,1,0,1
1,825,1,1,0,0,1
1,826,1,1,0,0,1
1,842,1,1,0,1,1
1,851,1,1,1,0,1
1,855,1,1,1,0,1
1,892,1,1,1,0,1
1,893,1,1,1,0,1
1,902,1,1,0,0,1
1,923,1,1,0,1,1
1,929,1,1,0,0,1
1,930,1,1,0,1,1
1,943,1,1,0,0,1
1,968,1,1,0,1,1
1,970,1,1,0,0,1
1,977,1,1,1,0,1
1,987,1,1,0,1,1
1,1004,1,1,0,1,1
1,1014,1,1,0,0,1
1,1050,1,1,0,0,1
1,1070,1,1,1,0,1
1,1088,1,1,0,0,1
1,1115,1,1,1,0,1
1,1123,1,1,1,0,1
1,1124,1,1,0,0,1
1,1136,1,1,1,0,1
1,1143,1,1,0,0,1
1,1163,1,1,0,0,1
1,1168,1,1,0,0,1
1,1196,1,1,0,0,1
1,1203,1,1,0,0,1
1,1207,1,1,1,0,1
1,1233,1,1,0,1,1
1,1320,1,1,0,1,1
1,1324,1,1,1,0,1
1,1351,1,1,0,1,1
1,1366,1,1,0,1,1
1,1367,1,1,1,0,1
1,1369,1,1,0,1,1
1,1410,1,1,0,0,1
1,1417,1,1,0,0,1
1,1426,1,1,0,1,1
1,1428,1,1,0,1,1
1,1429,1,1,0,1,1
1,1434,1,1,0,1,1
1,1435,1,1,1,0,1
1,1450,1,1,0,1,1
1,1452,1,1,1,0,1
1,1475,1,1,0,1,1
1,1482,1,1,1,0,1
1,1494,1,1,0,1,1
1,1510,1,1,0,0,1
1,1517,1,1,1,0,1
1,1523,1,1,0,0,1
1,1569,1,1,1,0,1
1,1595,1,1,0,1,1
1,1602,1,1,0,1,1
1,1606,1,1,0,0,1
1,1609,1,1,0,0,1
1,1612,1,1,1,0,1
1,1659,1,1,1,0,1
1,1664,1,1,0,0,1
1,1680,1,1,0,1,1
1,1692,1,1,1,0,1
1,1704,1,1,1,0,1
1,1731,1,1,0,0,1
1,1734,1,1,0,0,1
1,1741,1,1,1,0,1
1,1752,1,1,1,0,1
1,1762,1,1,0,1,1
1,1768,1,1,1,0,1
1,1794,1,1,0,1,1
1,1809,1,1,1,0,1
1,1812,1,1,1,0,1
1,1827,1,1,0,0,1
1,1836,1,1,1,0,1
1,1862,1,1,0,0,1
1,1871,1,1,0,1,1
1,1890,1,1,1,0,1
1,1893,1,1,0,0,1
1,1896,1,1,1,0,1
1,1923,1,1,1,0,1
1,1974,1,1,0,0,1
1,1980,1,1,1,0,1
1,1989,1,1,0,0,1
1,2017,1,1,0,0,1
1,2038,1,1,1,0,1
1,2045,1,1,0,1,1
1,2070,1,1,0,1,1
1,2077,1,1,0,1,1
1,2078,1,1,0,0,1
1,2086,1,1,1,0,1
1,2088,1,1,0,1,1
1,2109,1,1,0,1,1
1,2118,1,1,1,0,1
1,2141,1,1,0,0,1
1,2170,1,1,0,0,1
1,2172,1,1,0,1,1
1,2184,1,1,0,0,1
1,2199,1,1,0,0,1
1,2202,1,1,0,1,1
1,2220,1,1,0,1,1
1,2226,1,1,0,0,1
1,2261,1,1,1,0,1
1,2269,1,1,0,1,1
1,2276,1,1,1,0,1
1,2280,1,1,0,0,1
1,2297,1,1,0,0,1
1,2313,1,1,0,0,1
1,2315,1,1,1,0,1
1,2336,1,1,0,0,1
1,2343,1,1,0,0,1
1,2408,1,1,0,1,1
1,2428,1,1,0,0,1
1,2442,1,1,0,1,1
1,2446,1,1,0,0,1
1,2468,1,1,0,0,1
1,2491,1,1,1,0,1
1,2498,1,1,0,1,1
1,2517,1,1,0,0,1
1,2537,1,1,1,0,1
1,2544,1,1,0,0,1
1,2559,1,1,0,1,1
1,2563,1,1,0,0,1
1,2589,1,1,0,0,1
1,2595,1,1,0,0,1
1,2611,1,1,0,0,1
1,2622,1,1,0,1,1
1,2638,1,1,1,0,1
1,2643,1,1,1,0,1
1,2691,1,1,0,1,1
1,2725,1,1,1,0,1
1,2741,1,1,1,0,1
1,2763,1,1,0,0,1
1,2764,1,1,0,0,1
1,2773,1,1,1,0,1
1,2798,1,1,0,0,1
1,2802,1,1,0,1,1
1,2804,1,1,0,1,1
1,2808,1,1,1,0,1
1,2823,1,1,0,0,1
1,2836,1,1,0,0,1
1,2838,1,1,0,1,1
1,2849,1,1,0,1,1
1,2860,1,1,1,0,1
1,2895,1,1,0,1,1
1,2900,1,1,1,0,1
1,2937,1,1,1,0,1
1,2952,1,1,0,1,1
1,2954,1,1,1,0,1
1,2960,1,1,0,0,1
1,2961,1,1,0,0,1
1,2971,1,1,1,0,1
1,2984,1,1,0,1,1
1,2987,1,1,1,0,1
1,3005,1,1,1,0,1
1,3015,1,1,1,0,1
1,3018,1,1,1,0,1
1,3019,1,1,0,0,1
1,3035,1,1,0,1,1
1,3058,1,1,1,0,1
1,3067,1,1,1,0,1
1,3085,1,1,0,0,1
1,3087,1,1,1,0,1
1,3088,1,1,0,1,1
1,3107,1,1,0,0,1
1,3114,1,1,0,1,1
1,3124,1,1,0,1,1
1,3138,1,1,1,0,1
1,3144,1,1,1,0,1
1,3160,1,1,0,0,1
1,3169,1,1,0,1,1
1,3174,1,1,0,0,1
1,3193,1,1,0,0,1
1,3212,1,1,0,1,1
1,3230,1,1,0,0,1
1,3232,1,1,0,0,1
1,3265,1,1,0,1,1
1,3279,1,1,0,0,1
1,3283,1,1,0,0,1
1,3291,1,1,1,0,1
1,3303,1,1,0,0,1
1,3320,1,1,0,1,1
1,3324,1,1,1,0,1
1,3333,1,1,1,0,1
1,3351,1,1,1,0,1
1,3375,1,1,0,0,1
1,3376,1,1,0,0,1
1,3410,1,1,1,0,1
1,3424,1,1,0,0,1
1,3428,1,1,0,1,1
1,3437,1,1,0,0,1
1,3463,1,1,0,0,1
1,3540,1,1,1,0,1
1,3546,1,1,0,1,1
1,3554,1,1,0,0,1
1,3556,1,1,0,0,1
1,3583,1,1,0,0,1
1,3592,1,1,0,0,1
1,3594,1,1,0,1,1
1,3623,1,1,0,0,1
1,3631,1,1,1,0,1
1,3650,1,1,1,0,1
1,3672,1,1,0,0,1
1,3704,1,1,0,0,1
1,3734,1,1,0,1,1
1,3739,1,1,0,1,1
1,3742,1,1,0,0,1
1,3759,1,1,0,1,1
1,3768,1,1,1,0,1
1,3796,1,1,0,0,1
1,3804,1,1,0,1,1
1,3813,1,1,0,0,1
1,3823,1,1,1,0,1
1,3826,1,1,0,1,1
1,3831,1,1,1,0,1
1,3840,1,1,0,0,1
1,3868,1,1,0,1,1
1,3873,1,1,0,1,1
1,3887,1,1,1,0,1
1,3905,1,1,1,0,1
1,3907,1,1,0,0,1
1,3912,1,1,0,1,1
1,3915,1,1,0,0,1
1,3934,1,1,1,0,1
1,3946,1,1,0,0,1
1,3967,1,1,0,0,1
1,3989,1,1,0,1,1
1,3992,1,1,1,0,1
1,3996,1,1,0,0,1
1,4059,1,1,1,0,1
1,4063,1,1,0,0,1
1,4081,1,1,1,0,1
1,4089,1,1,0,0,1
1,4104,1,1,0,0,1
1,4109,1,1,0,1,1
1,4112,1,1,1,0,1
1,4118,1,1,0,1,1
1,4121,1,1,0,1,1
1,4131,1,1,0,0,1
1,4157,1,1,1,0,1
1,4177,1,1,0,1,1
1,4181,1,1,1,0,1
1,4194,1,1,0,1,1
1,4203,1,1,1,0,1
1,4228,1,1,0,0,1
1,4245,1,1,0,1,1
1,4246,1,1,0,0,1
1,4261,1,1,0,0,1
1,4282,1,1,0,1,1
1,4291,1,1,1,0,1
1,4296,1,1,0,0,1
1,4310,1,1,1,0,1
1,4327,1,1,0,1,1
1,4333,1,1,0,1,1
1,4343,1,1,0,0,1
1,4344,1,1,0,0,1
1,4353,1,1,0,1,1
1,4364,1,1,0,0,1
1,4369,1,1,0,0,1
1,4391,1,1,1,0,1
1,4392,1,1,0,1,1
1,4425,1,1,0,0,1
1,4441,1,1,0,1,1
1,4448,1,1,1,0,1
1,4462,1,1,0,1,1
1,4475,1,1,0,0,1
1,4496,1,1,0,1,1
1,4502,1,1,0,0,1
1,4542,1,1,0,0,1
1,4562,1,1,1,0,1
1,4566,1,1,1,0,1
1,4571,1,1,0,1,1
1,4605,1,1,0,1,1
1,4621,1,1,1,0,1
1,4626,1,1,0,0,1
1,4630,1,1,0,0,1
1,4637,1,1,0,0,1
1,4656,1,1,0,0,1
1,4672,1,1,0,0,1
1,4676,1,1,0,1,1
1,4691,1,1,0,0,1
1,4704,1,1,1,0,1
1,4746,1,1,1,0,1
1,4747,1,1,0,1,1
1,4814,1,1,0,1,1
1,4825,1,1,0,0,1
1,4837,1,1,1,0,1
1,4839,1,1,0,1,1
1,4856,1,1,0,0,1
1,4867,1,1,0,1,1
1,4873,1,1,0,0,1
1,4879,1,1,0,0,1
1,4909,1,1,0,0,1
1,4953,1,1,0,0,1
1,4961,1,1,0,0,1
1,6,3,3,0,0,2
1,9,3,3,0,0,2
1,18,3,3,0,0,2
1,124,3,3,0,0,2
1,132,3,3,0,0,2
1,143,3,3,3,0,2
1,206,3,3,0,0,2
1,216,3,3,0,0,2
1,223,3,3,0,3,2
1,231,3,3,0,3,2
1,238,3,3,0,0,2
1,288,3,3,0,1,2
1,292,3,3,1,0,2
1,333,3,3,0,0,2
1,342,3,3,0,0,2
1,372,3,3,3,0,2
1,379,3,3,0,0,2
1,390,3,3,3,0,2
1,392,3,3,3,0,2
1,398,3,3,3,0,2
1,408,3,3,0,0,2
1,432,3,3,0,0,2
1,449,3,3,0,3,2
1,452,3,3,0,0,2
1,464,3,3,1,0,2
1,468,3,3,0,0,2
1,472,3,3,3,0,2
1,482,3,3,0,0,2
1,483,3,3,0,1,2
1,515,3,3,3,0,2
1,542,3,3,0,0,2
1,576,3,3,0,0,2
1,579,3,3,0,0,2
1,585,3,3,0,3,2
1,589,3,3,3,0,2
1,635,3,3,0,3,2
1,682,3,3,3,0,2
1,695,3,3,0,0,2
1,696,3,3,1,0,2
1,697,3,3,0,0,2
1,701,3,3,0,3,2
1,703,3,3,0,0,2
1,735,3,3,1,0,2
1,738,3,3,0,0,2
1,759,3,3,0,0,2
1,781,3,3,0,0,2
1,784,3,3,3,0,2
1,801,3,3,0,0,2
1,815,3,3,0,0,2
1,861,3,3,0,3,2
1,867,3,3,0,0,2
1,873,3,3,0,0,2
1,876,3,3,0,0,2
1,910,3,3,1,0,2
1,941,3,3,1,0,2
1,971,3,3,1,0,2
1,986,3,3,0,3,2
1,990,3,3,3,0,2
1,992,3,3,0,0,2
1,1054,3,3,0,3,2
1,1061,3,3,0,0,2
1,1090,3,3,0,0,2
1,1093,3,3,0,1,2
1,1170,3,3,0,0,2
1,1181,3,3,0,1,2
1,1206,3,3,0,1,2
1,1214,3,3,3,0,2
1,1215,3,3,0,3,2
1,1216,3,3,0,1,2
1,1224,3,3,0,3,2
1,1229,3,3,3,0,2
1,1246,3,3,1,0,2
1,1254,3,3,0,3,2
1,1288,3,3,0,3,2
1,1295,3,3,0,0,2
1,1319,3,3,0,1,2
1,1375,3,3,3,0,2
1,1380,3,3,0,0,2
1,1383,3,3,0,1,2
1,1391,3,3,1,0,2
1,1393,3,3,1,0,2
1,1398,3,3,0,1,2
1,1402,3,3,0,0,2
1,1436,3,3,0,3,2
1,1447,3,3,0,3,2
1,1458,3,3,0,1,2
1,1472,3,3,0,1,2
1,1486,3,3,0,1,2
1,1532,3,3,0,0,2
1,1535,3,3,0,0,2
1,1551,3,3,3,0,2
1,1580,3,3,1,0,2
1,1601,3,3,0,0,2
1,1621,3,3,1,0,2
1,1646,3,3,0,3,2
1,1654,3,3,1,0,2
1,1675,3,3,0,0,2
1,1681,3,3,3,0,2
1,1691,3,3,0,0,2
1,1696,3,3,0,0,2
1,1705,3,3,0,3,2
1,1729,3,3,0,3,2
1,1732,3,3,1,0,2
1,1831,3,3,0,0,2
1,1835,3,3,0,3,2
1,1846,3,3,0,1,2
1,1853,3,3,3,0,2
1,1865,3,3,3,0,2
1,1884,3,3,0,1,2
1,1891,3,3,0,3,2
1,1901,3,3,0,3,2
1,1903,3,3,0,3,2
1,1906,3,3,0,3,2
1,1911,3,3,0,3,2
1,1932,3,3,0,0,2
1,1951,3,3,0,0,2
1,2023,3,3,0,0,2
1,2041,3,3,0,0,2
1,2044,3,3,0,0,2
1,2059,3,3,1,0,2
1,2079,3,3,0,3,2
1,2099,3,3,1,0,2
1,2104,3,3,0,1,2
1,2110,3,3,1,0,2
1,2124,3,3,0,0,2
1,2135,3,3,0,0,2
1,2152,3,3,0,1,2
1,2155,3,3,0,0,2
1,2174,3,3,1,0,2
1,2180,3,3,0,0,2
1,2195,3,3,0,3,2
1,2225,3,3,0,0,2
1,2281,3,3,0,1,2
1,2305,3,3,0,0,2
1,2394,3,3,0,0,2
1,2397,3,3,0,0,2
1,2414,3,3,0,0,2
1,2441,3,3,3,0,2
1,2453,3,3,0,3,2
1,2461,3,3,0,0,2
1,2467,3,3,0,0,2
1,2478,3,3,3,0,2
1,2484,3,3,0,3,2
1,2551,3,3,1,0,2
1,2601,3,3,0,0,2
1,2607,3,3,0,0,2
1,2623,3,3,0,1,2
1,2632,3,3,1,0,2
1,2635,3,3,1,0,2
1,2637,3,3,0,0,2
1,2659,3,3,3,0,2
1,2714,3,3,1,0,2
1,2730,3,3,0,0,2
1,2737,3,3,0,0,2
1,2746,3,3,0,0,2
1,2751,3,3,0,0,2
1,2786,3,3,1,0,2
1,2811,3,3,3,0,2
1,2841,3,3,3,0,2
1,2876,3,3,0,3,2
1,2886,3,3,0,0,2
1,2891,3,3,3,0,2
1,2920,3,3,0,0,2
1,2941,3,3,3,0,2
1,2947,3,3,0,0,2
1,2950,3,3,0,3,2
1,2951,3,3,3,0,2
1,2963,3,3,0,3,2
1,2980,3,3,3,0,2
1,2981,3,3,0,0,2
1,3004,3,3,1,0,2
1,3013,3,3,0,1,2
1,3038,3,3,3,0,2
1,3056,3,3,0,0,2
1,3062,3,3,1,0,2
1,3090,3,3,0,0,2
1,3111,3,3,0,3,2
1,3164,3,3,0,3,2
1,3180,3,3,0,3,2
1,3211,3,3,0,1,2
1,3260,3,3,0,1,2
1,3264,3,3,0,3,2
1,3268,3,3,0,1,2
1,3278,3,3,0,0,2
1,3285,3,3,0,0,2
1,3305,3,3,0,0,2
1,3315,3,3,0,0,2
1,3329,3,3,0,1,2
1,3338,3,3,0,3,2
1,3352,3,3,0,3,2
1,3356,3,3,0,3,2
1,3395,3,3,1,0,2
1,3398,3,3,0,1,2
1,3414,3,3,0,3,2
1,3438,3,3,0,0,2
1,3446,3,3,0,3,2
1,3453,3,3,1,0,2
1,3459,3,3,0,3,2
1,3479,3,3,0,0,2
1,3495,3,3,0,1,2
1,3525,3,3,0,1,2
1,3526,3,3,0,3,2
1,3535,3,3,1,0,2
1,3585,3,3,0,3,2
1,3587,3,3,0,0,2
1,3602,3,3,3,0,2
1,3604,3,3,1,0,2
1,3657,3,3,0,3,2
1,3658,3,3,1,0,2
1,3740,3,3,0,1,2
1,3741,3,3,1,0,2
1,3746,3,3,1,0,2
1,3754,3,3,0,3,2
1,3762,3,3,3,0,2
1,3770,3,3,0,0,2
1,3795,3,3,0,3,2
1,3815,3,3,1,0,2
1,3846,3,3,3,0,2
1,3848,3,3,0,3,2
1,3854,3,3,1,0,2
1,3856,3,3,0,1,2
1,3866,3,3,0,0,2
1,3879,3,3,3,0,2
1,3906,3,3,3,0,2
1,3908,3,3,0,3,2
1,3923,3,3,0,0,2
1,3982,3,3,1,0,2
1,4003,3,3,0,0,2
1,4008,3,3,3,0,2
1,4019,3,3,0,0,2
1,4022,3,3,0,0,2
1,4040,3,3,0,3,2
1,4046,3,3,0,3,2
1,4091,3,3,0,3,2
1,4096,3,3,0,0,2
1,4129,3,3,1,0,2
1,4130,3,3,3,0,2
1,4148,3,3,0,1,2
1,4170,3,3,0,0,2
1,4187,3,3,0,0,2
1,4206,3,3,1,0,2
1,4207,3,3,0,3,2
1,4235,3,3,0,0,2
1,4267,3,3,0,3,2
1,4273,3,3,0,0,2
1,4280,3,3,3,0,2
1,4294,3,3,0,0,2
1,4341,3,3,0,0,2
1,4350,3,3,0,1,2
1,4359,3,3,1,0,2
1,4371,3,3,0,0,2
1,4460,3,3,0,0,2
1,4465,3,3,0,0,2
1,4523,3,3,1,0,2
1,4525,3,3,0,0,2
1,4533,3,3,0,1,2
1,4539,3,3,0,0,2
1,4558,3,3,0,0,2
1,4582,3,3,0,0,2
1,4586,3,3,0,0,2
1,4594,3,3,3,0,2
1,4609,3,3,0,0,2
1,4625,3,3,1,0,2
1,4632,3,3,0,0,2
1,4640,3,3,0,3,2
1,4649,3,3,0,0,2
1,4660,3,3,0,0,2
1,4661,3,3,0,0,2
1,4680,3,3,3,0,2
1,4703,3,3,0,3,2
1,4721,3,3,0,0,2
1,4722,3,3,0,3,2
1,4729,3,3,0,0,2
1,4738,3,3,0,0,2
1,4756,3,3,0,0,2
1,4778,3,3,3,0,2
1,4786,3,3,0,0,2
1,4790,3,3,0,0,2
1,4809,3,3,0,0,2
1,4821,3,3,0,0,2
1,4860,3,3,0,0,2
1,4874,3,3,0,0,2
1,4897,3,3,1,0,2
1,4901,3,3,0,0,2
1,4912,3,3,3,0,2
1,4924,3,3,0,3,2
1,4925,3,3,0,0,2
1,4941,3,3,0,0,2
1,49,1,2,0,0,3
1,86,1,2,0,2,3
1,95,1,2,0,0,3
1,102,1,2,1,0,3
1,103,1,2,0,1,3
1,108,1,2,1,0,3
1,141,1,2,1,0,3
1,193,1,2,1,0,3
1,230,1,2,0,0,3
1,240,1,2,1,0,3
1,254,1,2,0,0,3
1,258,1,2,0,0,3
1,272,1,2,0,1,3
1,295,1,2,0,2,3
1,327,1,2,0,0,3
1,338,1,2,0,2,3
1,340,1,2,0,1,3
1,361,1,2,0,1,3
1,377,1,2,0,2,3
1,381,1,2,0,0,3
1,407,1,2,0,2,3
1,412,1,2,0,2,3
1,456,1,2,0,0,3
1,494,1,2,0,1,3
1,501,1,2,1,0,3
1,508,1,2,0,0,3
1,534,1,2,0,0,3
1,540,1,2,1,0,3
1,577,1,2,1,0,3
1,578,1,2,0,0,3
1,590,1,2,1,0,3
1,595,1,2,0,2,3
1,597,1,2,1,0,3
1,599,1,2,1,0,3
1,606,1,2,0,1,3
1,611,1,2,0,0,3
1,627,1,2,0,0,3
1,648,1,2,0,1,3
1,670,1,2,1,0,3
1,678,1,2,0,1,3
1,717,1,2,0,0,3
1,718,1,2,0,0,3
1,747,1,2,0,1,3
1,752,1,2,0,0,3
1,776,1,2,0,1,3
1,805,1,2,1,0,3
1,829,1,2,0,0,3
1,853,1,2,0,1,3
1,871,1,2,0,1,3
1,900,1,2,0,0,3
1,963,1,2,1,0,3
1,969,1,2,1,0,3
1,1029,1,2,1,0,3
1,1042,1,2,1,0,3
1,1047,1,2,1,0,3
1,1068,1,2,0,1,3
1,1079,1,2,1,0,3
1,1100,1,2,1,0,3
1,1106,1,2,1,0,3
1,1134,1,2,0,2,3
1,1145,1,2,1,0,3
1,1182,1,2,1,0,3
1,1219,1,2,0,0,3
1,1261,1,2,0,0,3
1,1263,1,2,0,0,3
1,1282,1,2,1,0,3
1,1317,1,2,0,0,3
1,1341,1,2,1,0,3
1,1425,1,2,0,2,3
1,1446,1,2,0,0,3
1,1448,1,2,1,0,3
1,1456,1,2,0,0,3
1,1457,1,2,0,1,3
1,1498,1,2,0,0,3
1,1504,1,2,0,2,3
1,1509,1,2,1,0,3
1,1515,1,2,0,0,3
1,1526,1,2,0,0,3
1,1529,1,2,0,0,3
1,1573,1,2,0,1,3
1,1582,1,2,0,2,3
1,1587,1,2,0,0,3
1,1616,1,2,0,0,3
1,1640,1,2,1,0,3
1,1642,1,2,1,0,3
1,1651,1,2,0,1,3
1,1698,1,2,1,0,3
1,1749,1,2,0,0,3
1,1807,1,2,1,0,3
1,1825,1,2,0,2,3
1,1833,1,2,0,0,3
1,1840,1,2,0,2,3
1,1843,1,2,0,2,3
1,1847,1,2,0,0,3
1,1856,1,2,0,0,3
1,1861,1,2,1,0,3
1,1869,1,2,0,1,3
1,1875,1,2,0,0,3
1,1880,1,2,0,1,3
1,1899,1,2,1,0,3
1,1913,1,2,0,0,3
1,1952,1,2,0,0,3
1,2040,1,2,0,0,3
1,2052,1,2,1,0,3
1,2056,1,2,0,0,3
1,2065,1,2,1,0,3
1,2069,1,2,0,0,3
1,2101,1,2,0,1,3
1,2113,1,2,0,1,3
1,2126,1,2,0,2,3
1,2134,1,2,1,0,3
1,2175,1,2,1,0,3
1,2179,1,2,1,0,3
1,2207,1,2,0,2,3
1,2208,1,2,0,0,3
1,2238,1,2,1,0,3
1,2251,1,2,0,0,3
1,2282,1,2,1,0,3
1,2287,1,2,0,1,3
1,2295,1,2,0,0,3
1,2335,1,2,0,0,3
1,2344,1,2,0,0,3
1,2361,1,2,0,2,3
1,2388,1,2,0,0,3
1,2409,1,2,0,0,3
1,2420,1,2,0,0,3
1,2448,1,2,0,0,3
1,2466,1,2,0,2,3
1,2513,1,2,1,0,3
1,2531,1,2,0,1,3
1,2575,1,2,0,0,3
1,2613,1,2,0,0,3
1,2624,1,2,1,0,3
1,2652,1,2,1,0,3
1,2678,1,2,0,0,3
1,2689,1,2,0,1,3
1,2690,1,2,0,0,3
1,2718,1,2,1,0,3
1,2721,1,2,0,0,3
1,2745,1,2,0,1,3
1,2793,1,2,0,0,3
1,2830,1,2,1,0,3
1,2837,1,2,0,0,3
1,2843,1,2,0,1,3
1,2872,1,2,0,0,3
1,2873,1,2,0,0,3
1,2875,1,2,1,0,3
1,2877,1,2,1,0,3
1,2901,1,2,0,2,3
1,2909,1,2,0,0,3
1,2925,1,2,0,1,3
1,2939,1,2,1,0,3
1,2949,1,2,0,0,3
1,2991,1,2,0,0,3
1,3025,1,2,1,0,3
1,3033,1,2,1,0,3
1,3037,1,2,0,2,3
1,3049,1,2,0,0,3
1,3060,1,2,0,0,3
1,3075,1,2,0,2,3
1,3089,1,2,0,2,3
1,3110,1,2,0,0,3
1,3210,1,2,0,2,3
1,3213,1,2,1,0,3
1,3216,1,2,1,0,3
1,3237,1,2,0,1,3
1,3330,1,2,0,1,3
1,3332,1,2,0,2,3
1,3348,1,2,0,1,3
1,3358,1,2,0,0,3
1,3422,1,2,0,1,3
1,3441,1,2,0,0,3
1,3457,1,2,1,0,3
1,3480,1,2,1,0,3
1,3513,1,2,1,0,3
1,3570,1,2,0,0,3
1,3588,1,2,1,0,3
1,3615,1,2,1,0,3
1,3668,1,2,1,0,3
1,3690,1,2,0,0,3
1,3705,1,2,1,0,3
1,3711,1,2,0,0,3
1,3720,1,2,0,0,3
1,3760,1,2,0,2,3
1,3799,1,2,1,0,3
1,3820,1,2,1,0,3
1,3824,1,2,1,0,3
1,3834,1,2,0,0,3
1,3855,1,2,0,1,3
1,3880,1,2,0,0,3
1,3889,1,2,0,0,3
1,3896,1,2,0,2,3
1,3898,1,2,1,0,3
1,3909,1,2,0,1,3
1,3945,1,2,0,0,3
1,3984,1,2,0,0,3
1,3993,1,2,1,0,3
1,4029,1,2,0,0,3
1,4035,1,2,0,0,3
1,4039,1,2,0,0,3
1,4067,1,2,1,0,3
1,4076,1,2,0,0,3
1,4101,1,2,1,0,3
1,4113,1,2,1,0,3
1,4114,1,2,0,0,3
1,4117,1,2,1,0,3
1,4125,1,2,0,1,3
1,4138,1,2,0,1,3
1,4156,1,2,1,0,3
1,4184,1,2,1,0,3
1,4191,1,2,0,2,3
1,4238,1,2,0,2,3
1,4243,1,2,0,0,3
1,4253,1,2,1,0,3
1,4274,1,2,1,0,3
1,4305,1,2,0,0,3
1,4307,1,2,0,0,3
1,4311,1,2,0,1,3
1,4326,1,2,0,2,3
1,4334,1,2,1,0,3
1,4352,1,2,0,0,3
1,4375,1,2,0,1,3
1,4379,1,2,0,0,3
1,4383,1,2,1,0,3
1,4394,1,2,1,0,3
1,4398,1,2,0,0,3
1,4399,1,2,0,2,3
1,4404,1,2,0,1,3
1,4437,1,2,0,1,3
1,4457,1,2,0,2,3
1,4477,1,2,0,2,3
1,4509,1,2,0,1,3
1,4510,1,2,0,2,3
1,4572,1,2,1,0,3
1,4623,1,2,0,1,3
1,4693,1,2,0,2,3
1,4708,1,2,0,0,3
1,4740,1,2,0,0,3
1,4767,1,2,1,0,3
1,4800,1,2,1,0,3
1,4810,1,2,1,0,3
1,4866,1,2,0,2,3
1,4913,1,2,0,0,3
1,4914,1,2,1,0,3
1,4965,1,2,1,0,3
1,4978,1,2,0,0,3
1,48,1,1,0,0,4
1,81,1,1,0,0,4
1,85,1,1,1,0,4
1,121,1,1,0,0,4
1,135,1,1,1,0,4
1,161,1,1,0,0,4
1,180,1,1,0,0,4
1,182,1,1,0,0,4
1,194,1,1,0,0,4
1,227,1,1,0,0,4
1,233,1,1,0,1,4
1,235,1,1,1,0,4
1,244,1,1,0,0,4
1,268,1,1,0,0,4
1,284,1,1,1,0,4
1,312,1,1,0,0,4
1,317,1,1,1,0,4
1,332,1,1,0,0,4
1,352,1,1,0,0,4
1,354,1,1,0,0,4
1,364,1,1,0,0,4
1,378,1,1,0,1,4
1,425,1,1,0,0,4
1,480,1,1,0,0,4
1,481,1,1,0,1,4
1,491,1,1,1,0,4
1,535,1,1,0,0,4
1,563,1,1,1,0,4
1,565,1,1,0,0,4
1,582,1,1,0,1,4
1,650,1,1,0,0,4
1,657,1,1,1,0,4
1,661,1,1,1,0,4
1,739,1,1,1,0,4
1,750,1,1,0,1,4
1,778,1,1,0,0,4
1,794,1,1,0,1,4
1,798,1,1,0,1,4
1,810,1,1,0,1,4
1,840,1,1,1,0,4
1,854,1,1,0,1,4
1,909,1,1,0,1,4
1,958,1,1,0,0,4
1,980,1,1,0,1,4
1,1001,1,1,0,1,4
1,1039,1,1,0,0,4
1,1057,1,1,0,0,4
1,1065,1,1,1,0,4
1,1089,1,1,0,0,4
1,1113,1,1,0,0,4
1,1116,1,1,1,0,4
1,1137,1,1,1,0,4
1,1149,1,1,0,1,4
1,1164,1,1,0,1,4
1,1187,1,1,0,0,4
1,1202,1,1,0,1,4
1,1212,1,1,0,0,4
1,1244,1,1,0,1,4
1,1262,1,1,0,0,4
1,1274,1,1,0,0,4
1,1292,1,1,0,1,4
1,1299,1,1,0,0,4
1,1463,1,1,1,0,4
1,1476,1,1,0,0,4
1,1478,1,1,0,1,4
1,1479,1,1,0,0,4
1,1488,1,1,1,0,4
1,1511,1,1,1,0,4
1,1530,1,1,0,1,4
1,1558,1,1,0,1,4
1,1560,1,1,0,1,4
1,1571,1,1,1,0,4
1,1593,1,1,0,1,4
1,1600,1,1,1,0,4
1,1614,1,1,0,1,4
1,1628,1,1,0,1,4
1,1655,1,1,1,0,4
1,1703,1,1,1,0,4
1,1709,1,1,0,1,4
1,1737,1,1,0,1,4
1,1755,1,1,0,0,4
1,1761,1,1,1,0,4
1,1798,1,1,0,1,4
1,1801,1,1,0,0,4
1,1854,1,1,0,1,4
1,1859,1,1,0,1,4
1,1947,1,1,1,0,4
1,1985,1,1,0,0,4
1,1999,1,1,1,0,4
1,2004,1,1,1,0,4
1,2006,1,1,0,1,4
1,2042,1,1,0,1,4
1,2063,1,1,0,0,4
1,2111,1,1,0,0,4
1,2148,1,1,0,1,4
1,2205,1,1,1,0,4
1,2257,1,1,1,0,4
1,2304,1,1,0,0,4
1,2316,1,1,1,0,4
1,2346,1,1,0,1,4
1,2350,1,1,0,1,4
1,2356,1,1,1,0,4
1,2358,1,1,0,0,4
1,2359,1,1,1,0,4
1,2373,1,1,0,0,4
1,2416,1,1,1,0,4
1,2473,1,1,0,1,4
1,2474,1,1,0,1,4
1,2487,1,1,0,1,4
1,2514,1,1,0,0,4
1,2524,1,1,0,0,4
1,2554,1,1,0,0,4
1,2556,1,1,1,0,4
1,2558,1,1,0,1,4
1,2580,1,1,0,0,4
1,2585,1,1,0,1,4
1,2592,1,1,1,0,4
1,2596,1,1,0,1,4
1,2608,1,1,0,0,4
1,2617,1,1,0,0,4
1,2645,1,1,1,0,4
1,2664,1,1,0,0,4
1,2667,1,1,0,1,4
1,2719,1,1,0,0,4
1,2734,1,1,1,0,4
1,2736,1,1,0,0,4
1,2753,1,1,0,0,4
1,2761,1,1,0,0,4
1,2776,1,1,0,1,4
1,2784,1,1,1,0,4
1,2790,1,1,1,0,4
1,2792,1,1,1,0,4
1,2810,1,1,1,0,4
1,2822,1,1,1,0,4
1,2856,1,1,0,0,4
1,2893,1,1,0,0,4
1,2906,1,1,0,0,4
1,2926,1,1,0,0,4
1,2936,1,1,0,0,4
1,2962,1,1,1,0,4
1,2974,1,1,0,0,4
1,3002,1,1,0,1,4
1,3014,1,1,0,0,4
1,3032,1,1,0,0,4
1,3047,1,1,0,0,4
1,3061,1,1,0,0,4
1,3065,1,1,1,0,4
1,3083,1,1,0,1,4
1,3098,1,1,0,1,4
1,3120,1,1,1,0,4
1,3122,1,1,0,0,4
1,3125,1,1,0,1,4
1,3182,1,1,0,0,4
1,3187,1,1,0,0,4
1,3188,1,1,0,0,4
1,3222,1,1,1,0,4
1,3223,1,1,0,0,4
1,3224,1,1,0,1,4
1,3250,1,1,1,0,4
1,3274,1,1,0,1,4
1,3302,1,1,1,0,4
1,3314,1,1,1,0,4
1,3334,1,1,0,0,4
1,3335,1,1,0,1,4
1,3344,1,1,0,0,4
1,3378,1,1,0,1,4
1,3391,1,1,1,0,4
1,3427,1,1,0,0,4
1,3429,1,1,0,1,4
1,3474,1,1,0,0,4
1,3500,1,1,1,0,4
1,3511,1,1,0,1,4
1,3517,1,1,1,0,4
1,3538,1,1,1,0,4
1,3542,1,1,0,0,4
1,3544,1,1,1,0,4
1,3550,1,1,0,0,4
1,3553,1,1,1,0,4
1,3568,1,1,0,0,4
1,3582,1,1,0,1,4
1,3584,1,1,0,0,4
1,3614,1,1,0,1,4
1,3622,1,1,0,1,4
1,3630,1,1,0,1,4
1,3643,1,1,0,0,4
1,3680,1,1,0,1,4
1,3684,1,1,0,0,4
1,3699,1,1,0,0,4
1,3718,1,1,1,0,4
1,3722,1,1,0,0,4
1,3757,1,1,0,1,4
1,3773,1,1,1,0,4
1,3781,1,1,0,1,4
1,3787,1,1,0,1,4
1,3808,1,1,0,0,4
1,3827,1,1,0,0,4
1,3832,1,1,1,0,4
1,3843,1,1,0,1,4
1,3847,1,1,1,0,4
1,3860,1,1,1,0,4
1,3893,1,1,0,0,4
1,3894,1,1,1,0,4
1,3899,1,1,0,1,4
1,3962,1,1,0,0,4
1,3994,1,1,0,1,4
1,4000,1,1,0,1,4
1,4005,1,1,0,1,4
1,4021,1,1,0,1,4
1,4042,1,1,0,0,4
1,4045,1,1,0,1,4
1,4088,1,1,0,1,4
1,4103,1,1,0,0,4
1,4132,1,1,1,0,4
1,4150,1,1,1,0,4
1,4163,1,1,0,1,4
1,4174,1,1,0,0,4
1,4186,1,1,0,1,4
1,4197,1,1,1,0,4
1,4201,1,1,0,0,4
1,4202,1,1,1,0,4
1,4212,1,1,0,1,4
1,4231,1,1,0,0,4
1,4241,1,1,0,0,4
1,4284,1,1,1,0,4
1,4309,1,1,1,0,4
1,4349,1,1,0,0,4
1,4355,1,1,0,0,4
1,4380,1,1,0,1,4
1,4385,1,1,0,1,4
1,4395,1,1,0,1,4
1,4407,1,1,1,0,4
1,4419,1,1,0,0,4
1,4420,1,1,0,0,4
1,4429,1,1,1,0,4
1,4446,1,1,0,1,4
1,4503,1,1,0,1,4
1,4514,1,1,0,1,4
1,4529,1,1,0,0,4
1,4535,1,1,0,0,4
1,4549,1,1,1,0,4
1,4553,1,1,0,0,4
1,4567,1,1,0,0,4
1,4576,1,1,1,0,4
1,4578,1,1,0,0,4
1,4618,1,1,0,1,4
1,4642,1,1,1,0,4
1,4647,1,1,0,0,4
1,4666,1,1,1,0,4
1,4714,1,1,0,0,4
1,4744,1,1,0,1,4
1,4769,1,1,0,0,4
1,4770,1,1,0,1,4
1,4805,1,1,0,1,4
1,4835,1,1,0,1,4
1,4851,1,1,1,0,4
1,4875,1,1,1,0,4
1,4878,1,1,0,0,4
1,4884,1,1,1,0,4
1,4887,1,1,0,0,4
1,4926,1,1,0,0,4
1,4958,1,1,0,1,4
1,4959,1,1,0,1,4
1,4966,1,1,1,0,4
1,4968,1,1,0,0,4
1,4972,1,1,0,0,4
1,4976,1,1,1,0,4
1,4983,1,1,0,0,4
1,4985,1,1,0,1,4
1,4993,1,1,0,0,4
1,4997,1,1,1,0,4
1,14,1,2,0,0,5
1,23,1,2,1,0,5
1,82,1,2,1,0,5
1,111,1,2,1,0,5
1,136,1,2,0,0,5
1,137,1,2,0,1,5
1,164,1,2,1,0,5
1,167,1,2,0,1,5
1,177,1,2,0,0,5
1,185,1,2,0,2,5
1,190,1,2,0,2,5
1,204,1,2,0,0,5
1,205,1,2,1,0,5
1,211,1,2,0,1,5
1,221,1,2,0,1,5
1,274,1,2,1,0,5
1,275,1,2,0,0,5
1,278,1,2,0,1,5
1,281,1,2,1,0,5
1,330,1,2,1,0,5
1,346,1,2,1,0,5
1,359,1,2,0,0,5
1,362,1,2,0,0,5
1,367,1,2,1,0,5
1,371,1,2,0,0,5
1,384,1,2,0,1,5
1,394,1,2,1,0,5
1,415,1,2,0,0,5
1,420,1,2,1,0,5
1,422,1,2,1,0,5
1,436,1,2,0,2,5
1,445,1,2,0,0,5
1,448,1,2,0,0,5
1,466,1,2,0,2,5
1,469,1,2,0,0,5
1,479,1,2,1,0,5
1,488,1,2,0,1,5
1,496,1,2,1,0,5
1,512,1,2,1,0,5
1,517,1,2,1,0,5
1,526,1,2,1,0,5
1,547,1,2,1,0,5
1,617,1,2,0,1,5
1,618,1,2,0,2,5
1,638,1,2,1,0,5
1,644,1,2,0,2,5
1,646,1,2,0,0,5
1,680,1,2,0,0,5
1,685,1,2,1,0,5
1,698,1,2,0,0,5
1,700,1,2,1,0,5
1,715,1,2,0,0,5
1,736,1,2,0,0,5
1,751,1,2,1,0,5
1,792,1,2,1,0,5
1,799,1,2,0,0,5
1,803,1,2,1,0,5
1,819,1,2,0,0,5
1,823,1,2,1,0,5
1,866,1,2,1,0,5
1,875,1,2,0,1,5
1,884,1,2,0,0,5
1,889,1,2,1,0,5
1,895,1,2,1,0,5
1,911,1,2,1,0,5
1,913,1,2,1,0,5
1,915,1,2,0,2,5
1,940,1,2,0,1,5
1,947,1,2,0,0,5
1,953,1,2,0,2,5
1,956,1,2,1,0,5
1,961,1,2,1,0,5
1,995,1,2,0,2,5
1,996,1,2,0,1,5
1,999,1,2,0,2,5
1,1002,1,2,0,0,5
1,1005,1,2,1,0,5
1,1010,1,2,0,0,5
1,1016,1,2,0,0,5
1,1019,1,2,0,2,5
1,1028,1,2,1,0,5
1,1040,1,2,0,0,5
1,1060,1,2,0,0,5
1,1083,1,2,0,0,5
1,1086,1,2,0,0,5
1,1129,1,2,0,1,5
1,1162,1,2,0,0,5
1,1171,1,2,0,0,5
1,1205,1,2,1,0,5
1,1225,1,2,0,0,5
1,1294,1,2,0,1,5
1,1344,1,2,0,0,5
1,1352,1,2,0,0,5
1,1440,1,2,1,0,5
1,1491,1,2,1,0,5
1,1495,1,2,1,0,5
1,1542,1,2,1,0,5
1,1550,1,2,0,0,5
1,1568,1,2,0,2,5
1,1578,1,2,1,0,5
1,1586,1,2,1,0,5
1,1589,1,2,0,2,5
1,1591,1,2,0,2,5
1,1596,1,2,1,0,5
1,1615,1,2,0,0,5
1,1617,1,2,1,0,5
1,1634,1,2,0,1,5
1,1635,1,2,0,2,5
1,1650,1,2,1,0,5
1,1658,1,2,0,0,5
1,1667,1,2,0,0,5
1,1670,1,2,0,0,5
1,1742,1,2,0,2,5
1,1744,1,2,0,1,5
1,1765,1,2,0,0,5
1,1770,1,2,1,0,5
1,1785,1,2,0,1,5
1,1788,1,2,1,0,5
1,1814,1,2,0,2,5
1,1820,1,2,1,0,5
1,1822,1,2,0,2,5
1,1857,1,2,0,2,5
1,1864,1,2,0,1,5
1,1905,1,2,0,1,5
1,1936,1,2,0,2,5
1,1939,1,2,0,2,5
1,1943,1,2,0,2,5
1,1953,1,2,1,0,5
1,1956,1,2,0,1,5
1,1963,1,2,0,0,5
1,1984,1,2,0,1,5
1,1988,1,2,1,0,5
1,2002,1,2,0,2,5
1,2005,1,2,0,0,5
1,2014,1,2,0,0,5
1,2027,1,2,0,0,5
1,2033,1,2,1,0,5
1,2073,1,2,0,1,5
1,2091,1,2,0,0,5
1,2094,1,2,1,0,5
1,2095,1,2,1,0,5
1,2100,1,2,0,0,5
1,2103,1,2,1,0,5
1,2122,1,2,0,1,5
1,2130,1,2,1,0,5
1,2143,1,2,0,0,5
1,2144,1,2,0,2,5
1,2147,1,2,0,1,5
1,2171,1,2,1,0,5
1,2176,1,2,0,0,5
1,2190,1,2,0,0,5
1,2198,1,2,0,2,5
1,2211,1,2,0,0,5
1,2215,1,2,1,0,5
1,2217,1,2,1,0,5
1,2235,1,2,0,2,5
1,2283,1,2,0,0,5
1,2294,1,2,0,2,5
1,2298,1,2,1,0,5
1,2299,1,2,0,0,5
1,2321,1,2,0,2,5
1,2332,1,2,1,0,5
1,2345,1,2,0,0,5
1,2376,1,2,0,0,5
1,2391,1,2,1,0,5
1,2395,1,2,1,0,5
1,2402,1,2,1,0,5
1,2405,1,2,1,0,5
1,2436,1,2,0,0,5
1,2469,1,2,0,0,5
1,2488,1,2,1,0,5
1,2503,1,2,0,1,5
1,2509,1,2,0,1,5
1,2515,1,2,1,0,5
1,2548,1,2,0,1,5
1,2658,1,2,1,0,5
1,2677,1,2,0,0,5
1,2701,1,2,0,0,5
1,2712,1,2,0,1,5
1,2749,1,2,0,2,5
1,2805,1,2,1,0,5
1,2813,1,2,1,0,5
1,2820,1,2,1,0,5
1,2825,1,2,0,0,5
1,2829,1,2,1,0,5
1,2832,1,2,0,0,5
1,2844,1,2,1,0,5
1,2846,1,2,0,0,5
1,2883,1,2,1,0,5
1,2896,1,2,0,0,5
1,2897,1,2,0,0,5
1,2915,1,2,0,0,5
1,2938,1,2,0,1,5
1,2940,1,2,0,1,5
1,2958,1,2,0,0,5
1,2996,1,2,0,2,5
1,3000,1,2,1,0,5
1,3017,1,2,1,0,5
1,3022,1,2,0,0,5
1,3023,1,2,0,2,5
1,3068,1,2,0,0,5
1,3129,1,2,0,2,5
1,3141,1,2,0,0,5
1,3145,1,2,1,0,5
1,3154,1,2,1,0,5
1,3176,1,2,1,0,5
1,3181,1,2,0,1,5
1,3190,1,2,0,0,5
1,3194,1,2,0,2,5
1,3221,1,2,1,0,5
1,3225,1,2,1,0,5
1,3235,1,2,0,2,5
1,3241,1,2,0,0,5
1,3298,1,2,1,0,5
1,3316,1,2,0,1,5
1,3350,1,2,0,0,5
1,3367,1,2,0,0,5
1,3397,1,2,1,0,5
1,3399,1,2,0,0,5
1,3407,1,2,1,0,5
1,3434,1,2,0,1,5
1,3439,1,2,1,0,5
1,3445,1,2,0,0,5
1,3471,1,2,0,0,5
1,3478,1,2,0,0,5
1,3485,1,2,0,2,5
1,3529,1,2,1,0,5
1,3530,1,2,0,0,5
1,3606,1,2,0,0,5
1,3639,1,2,0,0,5
1,3655,1,2,0,1,5
1,3698,1,2,0,0,5
1,3702,1,2,0,0,5
1,3706,1,2,1,0,5
1,3727,1,2,0,0,5
1,3782,1,2,0,1,5
1,3801,1,2,1,0,5
1,3814,1,2,0,0,5
1,3837,1,2,1,0,5
1,3842,1,2,0,2,5
1,3897,1,2,1,0,5
1,3918,1,2,0,1,5
1,3922,1,2,1,0,5
1,3941,1,2,1,0,5
1,3948,1,2,1,0,5
1,3950,1,2,1,0,5
1,3970,1,2,1,0,5
1,3977,1,2,0,0,5
1,4006,1,2,0,0,5
1,4025,1,2,0,1,5
1,4033,1,2,1,0,5
1,4034,1,2,0,1,5
1,4043,1,2,0,0,5
1,4048,1,2,0,2,5
1,4051,1,2,0,2,5
1,4058,1,2,0,1,5
1,4062,1,2,1,0,5
1,4070,1,2,1,0,5
1,4075,1,2,0,0,5
1,4098,1,2,1,0,5
1,4134,1,2,1,0,5
1,4152,1,2,0,0,5
1,4159,1,2,0,0,5
1,4162,1,2,1,0,5
1,4167,1,2,0,1,5
1,4223,1,2,0,0,5
1,4240,1,2,0,0,5
1,4271,1,2,1,0,5
1,4314,1,2,0,1,5
1,4318,1,2,1,0,5
1,4319,1,2,0,0,5
1,4325,1,2,0,1,5
1,4328,1,2,0,0,5
1,4361,1,2,1,0,5
1,4365,1,2,0,0,5
1,4390,1,2,1,0,5
1,4405,1,2,0,0,5
1,4413,1,2,0,1,5
1,4430,1,2,0,1,5
1,4431,1,2,1,0,5
1,4432,1,2,0,0,5
1,4442,1,2,0,0,5
1,4445,1,2,0,2,5
1,4450,1,2,1,0,5
1,4459,1,2,0,2,5
1,4469,1,2,0,1,5
1,4473,1,2,0,0,5
1,4515,1,2,0,0,5
1,4550,1,2,0,2,5
1,4565,1,2,1,0,5
1,4569,1,2,0,0,5
1,4597,1,2,0,1,5
1,4612,1,2,1,0,5
1,4614,1,2,1,0,5
1,4615,1,2,1,0,5
1,4628,1,2,1,0,5
1,4641,1,2,1,0,5
1,4644,1,2,0,0,5
1,4677,1,2,1,0,5
1,4684,1,2,0,2,5
1,4705,1,2,0,0,5
1,4733,1,2,1,0,5
1,4777,1,2,0,0,5
1,4783,1,2,0,0,5
1,4789,1,2,0,0,5
1,4803,1,2,0,0,5
1,4806,1,2,0,2,5
1,4816,1,2,0,1,5
1,4828,1,2,0,2,5
1,4836,1,2,0,0,5
1,4859,1,2,1,0,5
1,4881,1,2,0,1,5
1,4905,1,2,0,0,5
1,4942,1,2,0,0,5
1,4971,1,2,0,2,5
1,32,3,1,0,0,6
1,54,3,1,0,1,6
1,84,3,1,0,1,6
1,100,3,1,0,0,6
1,138,3,1,3,0,6
1,146,3,1,0,0,6
1,163,3,1,0,0,6
1,172,3,1,0,0,6
1,243,3,1,0,1,6
1,246,3,1,0,0,6
1,262,3,1,0,1,6
1,269,3,1,0,0,6
1,283,3,1,0,1,6
1,287,3,1,0,0,6
1,294,3,1,0,1,6
1,318,3,1,0,1,6
1,349,3,1,3,0,6
1,369,3,1,0,1,6
1,401,3,1,0,1,6
1,439,3,1,0,1,6
1,453,3,1,0,0,6
1,465,3,1,0,0,6
1,470,3,1,0,1,6
1,475,3,1,0,1,6
1,536,3,1,0,1,6
1,552,3,1,0,0,6
1,575,3,1,0,0,6
1,647,3,1,0,0,6
1,720,3,1,3,0,6
1,737,3,1,3,0,6
1,762,3,1,3,0,6
1,767,3,1,0,0,6
1,783,3,1,0,0,6
1,790,3,1,0,0,6
1,796,3,1,3,0,6
1,806,3,1,0,1,6
1,816,3,1,0,0,6
1,838,3,1,0,0,6
1,848,3,1,0,0,6
1,850,3,1,0,1,6
1,857,3,1,3,0,6
1,862,3,1,0,0,6
1,865,3,1,0,1,6
1,879,3,1,3,0,6
1,894,3,1,0,0,6
1,928,3,1,3,0,6
1,954,3,1,0,0,6
1,984,3,1,2,0,6
1,991,3,1,0,0,6
1,993,3,1,0,0,6
1,1035,3,1,2,0,6
1,1038,3,1,0,0,6
1,1046,3,1,3,0,6
1,1058,3,1,0,0,6
1,1059,3,1,2,0,6
1,1063,3,1,0,1,6
1,1064,3,1,0,1,6
1,1078,3,1,0,1,6
1,1094,3,1,0,0,6
1,1095,3,1,2,0,6
1,1102,3,1,0,1,6
1,1175,3,1,0,0,6
1,1183,3,1,0,0,6
1,1204,3,1,0,0,6
1,1213,3,1,0,1,6
1,1220,3,1,2,0,6
1,1234,3,1,3,0,6
1,1239,3,1,0,0,6
1,1256,3,1,0,0,6
1,1260,3,1,0,0,6
1,1271,3,1,3,0,6
1,1312,3,1,3,0,6
1,1315,3,1,0,0,6
1,1325,3,1,0,0,6
1,1332,3,1,2,0,6
1,1368,3,1,0,0,6
1,1374,3,1,0,1,6
1,1376,3,1,3,0,6
1,1400,3,1,0,1,6
1,1408,3,1,3,0,6
1,1413,3,1,0,0,6
1,1442,3,1,3,0,6
1,1454,3,1,0,1,6
1,1503,3,1,0,1,6
1,1524,3,1,0,1,6
1,1547,3,1,0,0,6
1,1559,3,1,0,1,6
1,1570,3,1,0,1,6
1,1626,3,1,3,0,6
1,1633,3,1,0,0,6
1,1637,3,1,0,1,6
1,1665,3,1,0,1,6
1,1671,3,1,0,1,6
1,1679,3,1,0,1,6
1,1694,3,1,0,0,6
1,1721,3,1,0,1,6
1,1725,3,1,0,0,6
1,1733,3,1,3,0,6
1,1736,3,1,0,0,6
1,1748,3,1,0,0,6
1,1763,3,1,0,0,6
1,1771,3,1,0,0,6
1,1791,3,1,0,1,6
1,1819,3,1,0,0,6
1,1866,3,1,0,1,6
1,1881,3,1,3,0,6
1,1895,3,1,0,1,6
1,1919,3,1,0,1,6
1,1934,3,1,0,0,6
1,1960,3,1,0,1,6
1,2021,3,1,0,1,6
1,2048,3,1,0,1,6
1,2062,3,1,0,1,6
1,2097,3,1,0,0,6
1,2158,3,1,3,0,6
1,2178,3,1,0,1,6
1,2191,3,1,3,0,6
1,2193,3,1,3,0,6
1,2223,3,1,3,0,6
1,2229,3,1,0,0,6
1,2243,3,1,0,0,6
1,2247,3,1,0,0,6
1,2267,3,1,0,0,6
1,2268,3,1,0,1,6
1,2270,3,1,3,0,6
1,2274,3,1,0,0,6
1,2288,3,1,0,0,6
1,2290,3,1,0,1,6
1,2312,3,1,0,1,6
1,2410,3,1,0,0,6
1,2432,3,1,0,0,6
1,2435,3,1,0,0,6
1,2451,3,1,0,0,6
1,2459,3,1,0,0,6
1,2510,3,1,0,1,6
1,2521,3,1,0,1,6
1,2529,3,1,3,0,6
1,2534,3,1,0,1,6
1,2540,3,1,0,1,6
1,2569,3,1,0,0,6
1,2582,3,1,2,0,6
1,2587,3,1,0,0,6
1,2594,3,1,0,0,6
1,2640,3,1,0,0,6
1,2653,3,1,0,0,6
1,2660,3,1,0,0,6
1,2663,3,1,3,0,6
1,2668,3,1,3,0,6
1,2669,3,1,3,0,6
1,2670,3,1,3,0,6
1,2673,3,1,0,0,6
1,2686,3,1,0,0,6
1,2700,3,1,0,1,6
1,2704,3,1,3,0,6
1,2723,3,1,3,0,6
1,2758,3,1,2,0,6
1,2770,3,1,0,0,6
1,2821,3,1,0,0,6
1,2834,3,1,0,1,6
1,2858,3,1,2,0,6
1,2869,3,1,0,1,6
1,2879,3,1,2,0,6
1,2890,3,1,0,0,6
1,2899,3,1,0,0,6
1,2910,3,1,0,1,6
1,2956,3,1,2,0,6
1,2964,3,1,3,0,6
1,2977,3,1,0,1,6
1,2982,3,1,3,0,6
1,3008,3,1,3,0,6
1,3070,3,1,3,0,6
1,3073,3,1,3,0,6
1,3091,3,1,3,0,6
1,3096,3,1,0,0,6
1,3106,3,1,2,0,6
1,3127,3,1,0,0,6
1,3131,3,1,0,0,6
1,3136,3,1,0,0,6
1,3158,3,1,0,0,6
1,3173,3,1,0,0,6
1,3177,3,1,0,1,6
1,3178,3,1,0,1,6
1,3179,3,1,0,0,6
1,3199,3,1,0,0,6
1,3247,3,1,0,0,6
1,3253,3,1,0,0,6
1,3280,3,1,0,0,6
1,3299,3,1,3,0,6
1,3307,3,1,0,1,6
1,3309,3,1,0,0,6
1,3317,3,1,0,0,6
1,3321,3,1,3,0,6
1,3325,3,1,0,1,6
1,3340,3,1,0,1,6
1,3411,3,1,0,0,6
1,3412,3,1,0,0,6
1,3417,3,1,0,0,6
1,3431,3,1,0,1,6
1,3449,3,1,0,1,6
1,3450,3,1,0,0,6
1,3455,3,1,0,0,6
1,3456,3,1,0,0,6
1,3466,3,1,0,0,6
1,3481,3,1,0,0,6
1,3491,3,1,3,0,6
1,3503,3,1,0,1,6
1,3505,3,1,0,0,6
1,3532,3,1,3,0,6
1,3541,3,1,3,0,6
1,3558,3,1,0,0,6
1,3567,3,1,0,0,6
1,3578,3,1,2,0,6
1,3638,3,1,0,0,6
1,3646,3,1,0,0,6
1,3648,3,1,3,0,6
1,3652,3,1,0,0,6
1,3674,3,1,2,0,6
1,3677,3,1,0,1,6
1,3716,3,1,0,1,6
1,3717,3,1,0,0,6
1,3737,3,1,0,0,6
1,3745,3,1,0,0,6
1,3750,3,1,0,0,6
1,3753,3,1,0,0,6
1,3758,3,1,3,0,6
1,3790,3,1,0,0,6
1,3791,3,1,3,0,6
1,3803,3,1,0,0,6
1,3810,3,1,0,0,6
1,3822,3,1,0,1,6
1,3863,3,1,0,1,6
1,3872,3,1,0,0,6
1,3884,3,1,0,1,6
1,3903,3,1,3,0,6
1,3926,3,1,0,1,6
1,3931,3,1,0,1,6
1,3935,3,1,0,1,6
1,3952,3,1,0,0,6
1,3955,3,1,3,0,6
1,3957,3,1,0,0,6
1,3958,3,1,0,0,6
1,3959,3,1,0,0,6
1,3961,3,1,0,0,6
1,3974,3,1,3,0,6
1,3975,3,1,0,0,6
1,3980,3,1,0,1,6
1,4002,3,1,3,0,6
1,4018,3,1,0,1,6
1,4044,3,1,3,0,6
1,4054,3,1,3,0,6
1,4061,3,1,3,0,6
1,4106,3,1,0,1,6
1,4143,3,1,0,1,6
1,4149,3,1,0,0,6
1,4153,3,1,0,0,6
1,4171,3,1,3,0,6
1,4189,3,1,0,0,6
1,4193,3,1,3,0,6
1,4218,3,1,0,0,6
1,4221,3,1,0,0,6
1,4226,3,1,3,0,6
1,4230,3,1,3,0,6
1,4257,3,1,3,0,6
1,4272,3,1,3,0,6
1,4279,3,1,0,0,6
1,4287,3,1,0,1,6
1,4401,3,1,0,0,6
1,4458,3,1,0,1,6
1,4474,3,1,3,0,6
1,4485,3,1,3,0,6
1,4492,3,1,3,0,6
1,4494,3,1,0,1,6
1,4537,3,1,3,0,6
1,4552,3,1,0,0,6
1,4561,3,1,0,0,6
1,4563,3,1,0,0,6
1,4584,3,1,3,0,6
1,4585,3,1,3,0,6
1,4643,3,1,0,0,6
1,4701,3,1,3,0,6
1,4716,3,1,0,1,6
1,4723,3,1,3,0,6
1,4727,3,1,3,0,6
1,4735,3,1,0,1,6
1,4739,3,1,0,1,6
1,4768,3,1,3,0,6
1,4797,3,1,0,1,6
1,4818,3,1,3,0,6
1,4833,3,1,0,0,6
1,4847,3,1,0,0,6
1,4862,3,1,3,0,6
1,4876,3,1,0,0,6
1,4883,3,1,0,1,6
1,4886,3,1,0,0,6
1,4907,3,1,0,0,6
1,4917,3,1,0,0,6
1,4970,3,1,0,1,6
1,4986,3,1,3,0,6
1,4998,3,1,3,0,6
1,7,1,2,1,0,7
1,35,1,2,0,0,7
1,41,1,2,0,1,7
1,62,1,2,1,0,7
1,65,1,2,1,0,7
1,69,1,2,0,0,7
1,97,1,2,0,0,7
1,101,1,2,1,0,7
1,110,1,2,0,0,7
1,113,1,2,0,0,7
1,115,1,2,0,1,7
1,128,1,2,0,0,7
1,134,1,2,0,2,7
1,169,1,2,0,0,7
1,171,1,2,0,0,7
1,176,1,2,1,0,7
1,198,1,2,0,0,7
1,207,1,2,0,0,7
1,226,1,2,0,0,7
1,228,1,2,0,0,7
1,232,1,2,0,0,7
1,251,1,2,1,0,7
1,267,1,2,0,0,7
1,271,1,2,1,0,7
1,315,1,2,0,2,7
1,321,1,2,0,0,7
1,358,1,2,0,0,7
1,393,1,2,0,1,7
1,419,1,2,0,0,7
1,423,1,2,1,0,7
1,441,1,2,0,0,7
1,473,1,2,1,0,7
1,487,1,2,0,2,7
1,504,1,2,0,0,7
1,525,1,2,1,0,7
1,570,1,2,0,0,7
1,587,1,2,1,0,7
1,588,1,2,0,0,7
1,598,1,2,0,0,7
1,607,1,2,0,0,7
1,613,1,2,0,0,7
1,630,1,2,1,0,7
1,669,1,2,0,1,7
1,675,1,2,1,0,7
1,676,1,2,1,0,7
1,721,1,2,1,0,7
1,730,1,2,0,0,7
1,763,1,2,1,0,7
1,769,1,2,0,0,7
1,782,1,2,0,0,7
1,804,1,2,0,1,7
1,807,1,2,0,0,7
1,844,1,2,0,0,7
1,847,1,2,0,2,7
1,877,1,2,0,0,7
1,882,1,2,0,0,7
1,899,1,2,0,0,7
1,901,1,2,0,0,7
1,903,1,2,0,0,7
1,906,1,2,1,0,7
1,917,1,2,0,2,7
1,918,1,2,1,0,7
1,919,1,2,0,0,7
1,973,1,2,0,0,7
1,1055,1,2,0,1,7
1,1084,1,2,0,1,7
1,1085,1,2,1,0,7
1,1097,1,2,1,0,7
1,1105,1,2,0,0,7
1,1112,1,2,1,0,7
1,1125,1,2,1,0,7
1,1173,1,2,0,0,7
1,1231,1,2,1,0,7
1,1258,1,2,1,0,7
1,1293,1,2,1,0,7
1,1314,1,2,0,0,7
1,1331,1,2,0,1,7
1,1358,1,2,0,0,7
1,1370,1,2,1,0,7
1,1381,1,2,0,2,7
1,1390,1,2,1,0,7
1,1397,1,2,1,0,7
1,1422,1,2,0,0,7
1,1424,1,2,1,0,7
1,1465,1,2,0,2,7
1,1466,1,2,0,0,7
1,1470,1,2,0,0,7
1,1489,1,2,1,0,7
1,1492,1,2,0,0,7
1,1505,1,2,1,0,7
1,1514,1,2,0,0,7
1,1544,1,2,1,0,7
1,1576,1,2,0,0,7
1,1579,1,2,0,0,7
1,1590,1,2,0,1,7
1,1630,1,2,0,2,7
1,1638,1,2,0,0,7
1,1663,1,2,0,0,7
1,1673,1,2,1,0,7
1,1700,1,2,0,1,7
1,1711,1,2,0,0,7
1,1723,1,2,0,2,7
1,1743,1,2,1,0,7
1,1758,1,2,1,0,7
1,1759,1,2,1,0,7
1,1777,1,2,0,2,7
1,1781,1,2,0,0,7
1,1782,1,2,1,0,7
1,1800,1,2,1,0,7
1,1810,1,2,0,1,7
1,1848,1,2,1,0,7
1,1870,1,2,0,1,7
1,1873,1,2,0,0,7
1,1883,1,2,0,1,7
1,1885,1,2,1,0,7
1,1886,1,2,0,0,7
1,1910,1,2,0,2,7
1,1944,1,2,0,0,7
1,1965,1,2,0,0,7
1,1968,1,2,0,1,7
1,1975,1,2,1,0,7
1,1977,1,2,0,0,7
1,2034,1,2,1,0,7
1,2036,1,2,1,0,7
1,2037,1,2,0,0,7
1,2055,1,2,0,0,7
1,2067,1,2,1,0,7
1,2068,1,2,0,0,7
1,2096,1,2,1,0,7
1,2115,1,2,0,1,7
1,2127,1,2,1,0,7
1,2129,1,2,0,1,7
1,2131,1,2,0,0,7
1,2146,1,2,0,0,7
1,2151,1,2,0,0,7
1,2154,1,2,0,1,7
1,2163,1,2,0,0,7
1,2186,1,2,0,0,7
1,2214,1,2,0,0,7
1,2216,1,2,0,0,7
1,2241,1,2,0,0,7
1,2254,1,2,0,2,7
1,2279,1,2,0,1,7
1,2284,1,2,0,1,7
1,2307,1,2,0,0,7
1,2308,1,2,1,0,7
1,2325,1,2,0,0,7
1,2363,1,2,0,2,7
1,2369,1,2,1,0,7
1,2370,1,2,1,0,7
1,2375,1,2,0,0,7
1,2380,1,2,0,0,7
1,2396,1,2,1,0,7
1,2404,1,2,0,0,7
1,2421,1,2,0,1,7
1,2429,1,2,0,0,7
1,2455,1,2,1,0,7
1,2456,1,2,1,0,7
1,2457,1,2,1,0,7
1,2463,1,2,0,0,7
1,2464,1,2,1,0,7
1,2472,1,2,0,0,7
1,2481,1,2,0,1,7
1,2493,1,2,0,0,7
1,2500,1,2,1,0,7
1,2506,1,2,0,1,7
1,2523,1,2,0,0,7
1,2525,1,2,0,0,7
1,2526,1,2,0,0,7
1,2532,1,2,0,0,7
1,2549,1,2,0,1,7
1,2561,1,2,0,0,7
1,2570,1,2,0,0,7
1,2576,1,2,0,0,7
1,2579,1,2,1,0,7
1,2584,1,2,0,0,7
1,2598,1,2,0,2,7
1,2619,1,2,0,2,7
1,2630,1,2,0,2,7
1,2681,1,2,0,2,7
1,2682,1,2,0,0,7
1,2708,1,2,1,0,7
1,2722,1,2,1,0,7
1,2731,1,2,0,0,7
1,2742,1,2,0,2,7
1,2750,1,2,1,0,7
1,2756,1,2,0,0,7
1,2760,1,2,0,0,7
1,2766,1,2,0,0,7
1,2812,1,2,1,0,7
1,2824,1,2,1,0,7
1,2845,1,2,0,1,7
1,2848,1,2,0,2,7
1,2854,1,2,0,0,7
1,2857,1,2,0,1,7
1,2865,1,2,1,0,7
1,2880,1,2,0,2,7
1,2888,1,2,0,2,7
1,2889,1,2,0,2,7
1,2934,1,2,1,0,7
1,2995,1,2,0,2,7
1,3006,1,2,1,0,7
1,3020,1,2,0,0,7
1,3036,1,2,1,0,7
1,3040,1,2,0,2,7
1,3063,1,2,0,1,7
1,3117,1,2,0,2,7
1,3143,1,2,0,0,7
1,3150,1,2,1,0,7
1,3161,1,2,0,0,7
1,3163,1,2,0,0,7
1,3168,1,2,0,1,7
1,3170,1,2,0,1,7
1,3183,1,2,0,2,7
1,3217,1,2,0,0,7
1,3257,1,2,1,0,7
1,3261,1,2,0,0,7
1,3286,1,2,0,0,7
1,3293,1,2,0,2,7
1,3294,1,2,0,2,7
1,3339,1,2,0,1,7
1,3354,1,2,0,0,7
1,3364,1,2,0,0,7
1,3365,1,2,0,2,7
1,3372,1,2,0,2,7
1,3380,1,2,0,0,7
1,3392,1,2,1,0,7
1,3401,1,2,0,0,7
1,3419,1,2,1,0,7
1,3470,1,2,0,1,7
1,3488,1,2,0,0,7
1,3496,1,2,0,0,7
1,3518,1,2,0,0,7
1,3549,1,2,0,0,7
1,3555,1,2,0,0,7
1,3560,1,2,1,0,7
1,3562,1,2,0,0,7
1,3563,1,2,0,1,7
1,3579,1,2,0,1,7
1,3580,1,2,0,0,7
1,3586,1,2,0,0,7
1,3589,1,2,0,0,7
1,3605,1,2,0,2,7
1,3613,1,2,0,2,7
1,3644,1,2,0,0,7
1,3656,1,2,0,0,7
1,3707,1,2,0,1,7
1,3708,1,2,0,1,7
1,3729,1,2,0,0,7
1,3756,1,2,0,1,7
1,3785,1,2,1,0,7
1,3788,1,2,1,0,7
1,3797,1,2,1,0,7
1,3811,1,2,1,0,7
1,3818,1,2,1,0,7
1,3825,1,2,0,0,7
1,3830,1,2,0,0,7
1,3836,1,2,0,0,7
1,3838,1,2,0,2,7
1,3841,1,2,0,0,7
1,3861,1,2,0,1,7
1,3862,1,2,0,0,7
1,3865,1,2,0,0,7
1,3885,1,2,0,0,7
1,3901,1,2,0,1,7
1,3902,1,2,0,0,7
1,3939,1,2,0,0,7
1,3942,1,2,0,1,7
1,3949,1,2,0,0,7
1,3976,1,2,1,0,7
1,3986,1,2,0,0,7
1,3998,1,2,0,0,7
1,4004,1,2,1,0,7
1,4011,1,2,0,2,7
1,4013,1,2,0,0,7
1,4015,1,2,1,0,7
1,4036,1,2,1,0,7
1,4038,1,2,0,0,7
1,4053,1,2,0,2,7
1,4085,1,2,0,1,7
1,4111,1,2,1,0,7
1,4133,1,2,0,0,7
1,4137,1,2,0,0,7
1,4142,1,2,1,0,7
1,4195,1,2,0,0,7
1,4196,1,2,0,0,7
1,4209,1,2,0,0,7
1,4236,1,2,1,0,7
1,4268,1,2,1,0,7
1,4278,1,2,0,0,7
1,4316,1,2,1,0,7
1,4342,1,2,1,0,7
1,4366,1,2,0,0,7
1,4377,1,2,0,1,7
1,4382,1,2,0,0,7
1,4406,1,2,1,0,7
1,4415,1,2,0,2,7
1,4439,1,2,0,2,7
1,4478,1,2,1,0,7
1,4511,1,2,0,0,7
1,4512,1,2,0,0,7
1,4517,1,2,1,0,7
1,4519,1,2,0,0,7
1,4531,1,2,0,0,7
1,4543,1,2,0,0,7
1,4570,1,2,0,2,7
1,4580,1,2,1,0,7
1,4610,1,2,0,1,7
1,4616,1,2,1,0,7
1,4617,1,2,0,1,7
1,4624,1,2,0,1,7
1,4631,1,2,0,0,7
1,4636,1,2,1,0,7
1,4650,1,2,0,0,7
1,4667,1,2,0,2,7
1,4689,1,2,1,0,7
1,4692,1,2,0,0,7
1,4695,1,2,0,0,7
1,4719,1,2,0,0,7
1,4736,1,2,0,2,7
1,4753,1,2,0,0,7
1,4758,1,2,0,1,7
1,4775,1,2,0,1,7
1,4812,1,2,0,0,7
1,4815,1,2,1,0,7
1,4822,1,2,0,0,7
1,4830,1,2,0,1,7
1,4850,1,2,1,0,7
1,4853,1,2,1,0,7
1,4889,1,2,1,0,7
1,4906,1,2,0,0,7
1,4977,1,2,1,0,7
1,4988,1,2,0,0,7
1,10,1,1,0,1,8
1,11,1,1,0,1,8
1,17,1,1,0,0,8
1,29,1,1,1,0,8
1,55,1,1,0,0,8
1,77,1,1,1,0,8
1,158,1,1,1,0,8
1,188,1,1,0,0,8
1,208,1,1,1,0,8
1,255,1,1,0,1,8
1,313,1,1,0,0,8
1,329,1,1,0,0,8
1,351,1,1,0,0,8
1,417,1,1,0,1,8
1,424,1,1,0,0,8
1,430,1,1,0,0,8
1,446,1,1,0,1,8
1,450,1,1,0,1,8
1,484,1,1,1,0,8
1,485,1,1,1,0,8
1,490,1,1,1,0,8
1,507,1,1,0,0,8
1,511,1,1,1,0,8
1,520,1,1,0,1,8
1,556,1,1,0,0,8
1,568,1,1,1,0,8
1,572,1,1,1,0,8
1,591,1,1,0,1,8
1,612,1,1,0,0,8
1,614,1,1,1,0,8
1,615,1,1,0,0,8
1,645,1,1,0,1,8
1,653,1,1,0,0,8
1,663,1,1,0,1,8
1,673,1,1,0,1,8
1,686,1,1,1,0,8
1,707,1,1,0,0,8
1,711,1,1,0,1,8
1,726,1,1,0,0,8
1,732,1,1,0,0,8
1,741,1,1,0,1,8
1,765,1,1,0,0,8
1,797,1,1,1,0,8
1,814,1,1,1,0,8
1,818,1,1,0,1,8
1,835,1,1,0,0,8
1,843,1,1,0,1,8
1,872,1,1,1,0,8
1,874,1,1,1,0,8
1,878,1,1,1,0,8
1,890,1,1,1,0,8
1,924,1,1,0,1,8
1,926,1,1,0,0,8
1,945,1,1,0,1,8
1,952,1,1,0,1,8
1,1067,1,1,1,0,8
1,1109,1,1,0,1,8
1,1114,1,1,0,1,8
1,1127,1,1,1,0,8
1,1156,1,1,0,1,8
1,1158,1,1,0,0,8
1,1167,1,1,0,0,8
1,1172,1,1,1,0,8
1,1218,1,1,0,0,8
1,1255,1,1,0,1,8
1,1265,1,1,1,0,8
1,1269,1,1,0,1,8
1,1284,1,1,0,0,8
1,1321,1,1,1,0,8
1,1335,1,1,0,0,8
1,1336,1,1,0,1,8
1,1339,1,1,0,1,8
1,1350,1,1,1,0,8
1,1362,1,1,1,0,8
1,1392,1,1,0,0,8
1,1396,1,1,0,0,8
1,1403,1,1,0,1,8
1,1414,1,1,1,0,8
1,1444,1,1,0,0,8
1,1460,1,1,0,0,8
1,1481,1,1,0,0,8
1,1533,1,1,1,0,8
1,1534,1,1,0,0,8
1,1537,1,1,0,0,8
1,1543,1,1,0,0,8
1,1565,1,1,0,1,8
1,1727,1,1,1,0,8
1,1747,1,1,0,0,8
1,1767,1,1,0,0,8
1,1773,1,1,0,0,8
1,1775,1,1,0,0,8
1,1787,1,1,0,1,8
1,1797,1,1,0,0,8
1,1842,1,1,1,0,8
1,1877,1,1,1,0,8
1,1914,1,1,1,0,8
1,1941,1,1,0,0,8
1,1955,1,1,1,0,8
1,1957,1,1,0,1,8
1,1994,1,1,1,0,8
1,2008,1,1,1,0,8
1,2028,1,1,0,0,8
1,2030,1,1,0,1,8
1,2039,1,1,1,0,8
1,2043,1,1,0,0,8
1,2066,1,1,0,0,8
1,2071,1,1,0,0,8
1,2074,1,1,1,0,8
1,2084,1,1,1,0,8
1,2090,1,1,0,0,8
1,2121,1,1,0,0,8
1,2173,1,1,1,0,8
1,2200,1,1,0,0,8
1,2227,1,1,1,0,8
1,2250,1,1,1,0,8
1,2285,1,1,1,0,8
1,2322,1,1,0,1,8
1,2330,1,1,1,0,8
1,2374,1,1,1,0,8
1,2384,1,1,0,0,8
1,2386,1,1,0,1,8
1,2399,1,1,1,0,8
1,2427,1,1,0,1,8
1,2440,1,1,1,0,8
1,2505,1,1,0,1,8
1,2512,1,1,1,0,8
1,2520,1,1,0,1,8
1,2527,1,1,0,0,8
1,2535,1,1,0,1,8
1,2591,1,1,0,0,8
1,2597,1,1,1,0,8
1,2602,1,1,0,1,8
1,2625,1,1,0,0,8
1,2628,1,1,1,0,8
1,2683,1,1,0,0,8
1,2688,1,1,0,1,8
1,2705,1,1,0,1,8
1,2711,1,1,1,0,8
1,2728,1,1,0,0,8
1,2732,1,1,0,1,8
1,2799,1,1,0,0,8
1,2807,1,1,0,0,8
1,2864,1,1,0,1,8
1,2942,1,1,1,0,8
1,2967,1,1,0,1,8
1,2968,1,1,0,0,8
1,2975,1,1,0,1,8
1,2985,1,1,0,0,8
1,3007,1,1,0,0,8
1,3009,1,1,0,1,8
1,3082,1,1,1,0,8
1,3099,1,1,0,0,8
1,3108,1,1,1,0,8
1,3137,1,1,0,1,8
1,3146,1,1,0,1,8
1,3148,1,1,1,0,8
1,3166,1,1,1,0,8
1,3195,1,1,0,1,8
1,3231,1,1,0,1,8
1,3258,1,1,1,0,8
1,3262,1,1,0,0,8
1,3263,1,1,0,0,8
1,3266,1,1,0,0,8
1,3306,1,1,0,0,8
1,3310,1,1,0,1,8
1,3366,1,1,0,1,8
1,3461,1,1,0,1,8
1,3469,1,1,0,1,8
1,3477,1,1,1,0,8
1,3492,1,1,0,0,8
1,3512,1,1,0,1,8
1,3534,1,1,0,1,8
1,3543,1,1,0,1,8
1,3569,1,1,1,0,8
1,3574,1,1,0,1,8
1,3596,1,1,0,0,8
1,3597,1,1,0,1,8
1,3621,1,1,0,1,8
1,3651,1,1,0,1,8
1,3659,1,1,0,0,8
1,3660,1,1,1,0,8
1,3664,1,1,0,0,8
1,3671,1,1,1,0,8
1,3673,1,1,0,1,8
1,3744,1,1,1,0,8
1,3767,1,1,1,0,8
1,3779,1,1,0,0,8
1,3794,1,1,0,1,8
1,3816,1,1,0,1,8
1,3871,1,1,1,0,8
1,3892,1,1,1,0,8
1,3916,1,1,1,0,8
1,3937,1,1,0,1,8
1,3944,1,1,0,0,8
1,4032,1,1,0,0,8
1,4037,1,1,0,0,8
1,4047,1,1,0,0,8
1,4093,1,1,1,0,8
1,4099,1,1,0,1,8
1,4116,1,1,0,0,8
1,4127,1,1,0,0,8
1,4136,1,1,0,1,8
1,4141,1,1,1,0,8
1,4144,1,1,0,0,8
1,4154,1,1,0,0,8
1,4160,1,1,0,1,8
1,4190,1,1,0,0,8
1,4215,1,1,0,1,8
1,4216,1,1,0,0,8
1,4249,1,1,1,0,8
1,4259,1,1,0,1,8
1,4260,1,1,0,0,8
1,4264,1,1,0,0,8
1,4290,1,1,0,0,8
1,4292,1,1,0,0,8
1,4323,1,1,0,0,8
1,4345,1,1,0,1,8
1,4378,1,1,0,1,8
1,4414,1,1,0,0,8
1,4428,1,1,0,0,8
1,4434,1,1,0,1,8
1,4452,1,1,0,0,8
1,4453,1,1,1,0,8
1,4486,1,1,0,0,8
1,4521,1,1,0,0,8
1,4536,1,1,0,1,8
1,4557,1,1,1,0,8
1,4579,1,1,0,1,8
1,4588,1,1,0,0,8
1,4590,1,1,0,0,8
1,4611,1,1,0,0,8
1,4645,1,1,0,0,8
1,4653,1,1,0,1,8
1,4663,1,1,0,1,8
1,4664,1,1,1,0,8
1,4675,1,1,0,0,8
1,4678,1,1,0,0,8
1,4683,1,1,0,0,8
1,4686,1,1,1,0,8
1,4706,1,1,0,1,8
1,4707,1,1,0,1,8
1,4772,1,1,1,0,8
1,4795,1,1,0,1,8
1,4807,1,1,0,0,8
1,4829,1,1,0,1,8
1,4849,1,1,0,0,8
1,4865,1,1,0,1,8
1,4868,1,1,0,0,8
1,4928,1,1,0,0,8
1,4944,1,1,1,0,8
1,4955,1,1,0,1,8
1,4962,1,1,1,0,8
1,4990,1,1,0,1,8
1,4996,1,1,0,0,8
1,4999,1,1,0,1,8
1,1,1,1,0,1,9
1,13,1,1,0,1,9
1,47,1,1,1,0,9
1,50,1,1,0,0,9
1,78,1,1,0,1,9
1,107,1,1,0,1,9
1,109,1,1,1,0,9
1,114,1,1,0,0,9
1,139,1,1,0,1,9
1,148,1,1,0,0,9
1,153,1,1,1,0,9
1,166,1,1,0,1,9
1,175,1,1,0,0,9
1,197,1,1,1,0,9
1,203,1,1,1,0,9
1,250,1,1,0,0,9
1,265,1,1,0,0,9
1,299,1,1,0,0,9
1,341,1,1,0,1,9
1,380,1,1,0,1,9
1,391,1,1,0,0,9
1,406,1,1,0,0,9
1,428,1,1,1,0,9
1,437,1,1,1,0,9
1,440,1,1,0,1,9
1,454,1,1,1,0,9
1,461,1,1,1,0,9
1,476,1,1,1,0,9
1,477,1,1,0,0,9
1,492,1,1,0,0,9
1,545,1,1,0,1,9
1,548,1,1,0,0,9
1,553,1,1,1,0,9
1,567,1,1,1,0,9
1,626,1,1,0,1,9
1,652,1,1,0,1,9
1,693,1,1,1,0,9
1,705,1,1,0,0,9
1,706,1,1,0,0,9
1,709,1,1,1,0,9
1,725,1,1,0,0,9
1,729,1,1,0,0,9
1,733,1,1,0,0,9
1,787,1,1,0,0,9
1,791,1,1,0,0,9
1,817,1,1,0,0,9
1,831,1,1,1,0,9
1,849,1,1,0,1,9
1,858,1,1,1,0,9
1,864,1,1,0,1,9
1,898,1,1,0,1,9
1,907,1,1,0,1,9
1,938,1,1,0,1,9
1,959,1,1,1,0,9
1,962,1,1,0,0,9
1,1006,1,1,0,0,9
1,1013,1,1,1,0,9
1,1033,1,1,1,0,9
1,1049,1,1,0,0,9
1,1077,1,1,1,0,9
1,1132,1,1,1,0,9
1,1135,1,1,1,0,9
1,1153,1,1,1,0,9
1,1198,1,1,1,0,9
1,1199,1,1,1,0,9
1,1200,1,1,0,1,9
1,1232,1,1,1,0,9
1,1235,1,1,1,0,9
1,1250,1,1,0,1,9
1,1289,1,1,0,0,9
1,1297,1,1,0,1,9
1,1305,1,1,1,0,9
1,1337,1,1,0,0,9
1,1345,1,1,0,0,9
1,1357,1,1,0,1,9
1,1372,1,1,1,0,9
1,1384,1,1,1,0,9
1,1427,1,1,0,0,9
1,1437,1,1,1,0,9
1,1439,1,1,1,0,9
1,1443,1,1,0,0,9
1,1449,1,1,1,0,9
1,1469,1,1,0,1,9
1,1525,1,1,0,0,9
1,1528,1,1,0,0,9
1,1562,1,1,1,0,9
1,1566,1,1,0,0,9
1,1574,1,1,0,1,9
1,1625,1,1,0,0,9
1,1639,1,1,0,1,9
1,1644,1,1,1,0,9
1,1686,1,1,0,0,9
1,1695,1,1,0,0,9
1,1713,1,1,0,1,9
1,1717,1,1,0,0,9
1,1728,1,1,0,0,9
1,1750,1,1,0,0,9
1,1764,1,1,0,0,9
1,1802,1,1,0,0,9
1,1813,1,1,1,0,9
1,1826,1,1,1,0,9
1,1828,1,1,1,0,9
1,1850,1,1,0,1,9
1,1950,1,1,0,0,9
1,1958,1,1,1,0,9
1,1976,1,1,1,0,9
1,1978,1,1,0,0,9
1,1997,1,1,0,0,9
1,2012,1,1,0,0,9
1,2018,1,1,0,0,9
1,2051,1,1,0,0,9
1,2054,1,1,1,0,9
1,2072,1,1,0,0,9
1,2114,1,1,1,0,9
1,2116,1,1,0,0,9
1,2132,1,1,0,0,9
1,2136,1,1,1,0,9
1,2145,1,1,0,1,9
1,2156,1,1,0,0,9
1,2204,1,1,0,1,9
1,2255,1,1,0,1,9
1,2262,1,1,0,1,9
1,2263,1,1,0,1,9
1,2264,1,1,0,0,9
1,2265,1,1,0,0,9
1,2266,1,1,1,0,9
1,2275,1,1,0,0,9
1,2278,1,1,0,0,9
1,2311,1,1,1,0,9
1,2331,1,1,0,1,9
1,2360,1,1,0,1,9
1,2383,1,1,0,1,9
1,2398,1,1,0,1,9
1,2400,1,1,0,1,9
1,2407,1,1,0,1,9
1,2422,1,1,1,0,9
1,2444,1,1,0,0,9
1,2460,1,1,0,1,9
1,2539,1,1,1,0,9
1,2542,1,1,0,1,9
1,2565,1,1,1,0,9
1,2583,1,1,0,1,9
1,2631,1,1,0,1,9
1,2633,1,1,1,0,9
1,2655,1,1,1,0,9
1,2657,1,1,0,0,9
1,2698,1,1,0,1,9
1,2713,1,1,1,0,9
1,2716,1,1,0,1,9
1,2720,1,1,0,0,9
1,2744,1,1,0,0,9
1,2765,1,1,1,0,9
1,2783,1,1,0,1,9
1,2789,1,1,1,0,9
1,2801,1,1,0,1,9
1,2816,1,1,1,0,9
1,2882,1,1,0,1,9
1,2935,1,1,0,1,9
1,2945,1,1,0,1,9
1,2976,1,1,0,1,9
1,3001,1,1,1,0,9
1,3034,1,1,0,1,9
1,3059,1,1,1,0,9
1,3084,1,1,0,0,9
1,3092,1,1,0,0,9
1,3116,1,1,1,0,9
1,3135,1,1,0,1,9
1,3151,1,1,0,0,9
1,3152,1,1,0,0,9
1,3167,1,1,1,0,9
1,3201,1,1,1,0,9
1,3215,1,1,0,1,9
1,3229,1,1,1,0,9
1,3242,1,1,0,1,9
1,3259,1,1,1,0,9
1,3301,1,1,0,1,9
1,3308,1,1,0,0,9
1,3343,1,1,0,0,9
1,3353,1,1,0,1,9
1,3368,1,1,0,0,9
1,3370,1,1,1,0,9
1,3389,1,1,1,0,9
1,3396,1,1,0,0,9
1,3400,1,1,1,0,9
1,3430,1,1,1,0,9
1,3432,1,1,0,0,9
1,3476,1,1,0,1,9
1,3483,1,1,1,0,9
1,3490,1,1,1,0,9
1,3522,1,1,0,1,9
1,3523,1,1,0,1,9
1,3524,1,1,0,0,9
1,3548,1,1,0,0,9
1,3566,1,1,0,0,9
1,3603,1,1,0,1,9
1,3610,1,1,0,0,9
1,3616,1,1,0,1,9
1,3625,1,1,1,0,9
1,3636,1,1,0,1,9
1,3637,1,1,1,0,9
1,3649,1,1,0,1,9
1,3679,1,1,0,0,9
1,3682,1,1,0,0,9
1,3693,1,1,1,0,9
1,3700,1,1,0,0,9
1,3719,1,1,1,0,9
1,3730,1,1,1,0,9
1,3755,1,1,0,1,9
1,3771,1,1,0,0,9
1,3812,1,1,0,0,9
1,3849,1,1,1,0,9
1,3850,1,1,1,0,9
1,3857,1,1,0,0,9
1,3859,1,1,0,1,9
1,3876,1,1,0,1,9
1,3910,1,1,0,0,9
1,3913,1,1,0,1,9
1,3930,1,1,1,0,9
1,3956,1,1,0,0,9
1,3990,1,1,1,0,9
1,4055,1,1,1,0,9
1,4087,1,1,1,0,9
1,4102,1,1,0,0,9
1,4107,1,1,0,1,9
1,4182,1,1,0,0,9
1,4183,1,1,1,0,9
1,4205,1,1,0,0,9
1,4220,1,1,0,1,9
1,4247,1,1,0,0,9
1,4297,1,1,0,0,9
1,4303,1,1,0,0,9
1,4304,1,1,0,0,9
1,4329,1,1,0,0,9
1,4357,1,1,0,0,9
1,4373,1,1,0,0,9
1,4387,1,1,1,0,9
1,4410,1,1,0,0,9
1,4416,1,1,0,1,9
1,4418,1,1,1,0,9
1,4427,1,1,0,1,9
1,4463,1,1,1,0,9
1,4464,1,1,0,1,9
1,4467,1,1,1,0,9
1,4468,1,1,1,0,9
1,4470,1,1,0,1,9
1,4483,1,1,0,1,9
1,4500,1,1,0,0,9
1,4501,1,1,0,0,9
1,4524,1,1,0,1,9
1,4526,1,1,1,0,9
1,4534,1,1,1,0,9
1,4540,1,1,0,0,9
1,4568,1,1,0,1,9
1,4577,1,1,0,0,9
1,4591,1,1,1,0,9
1,4606,1,1,0,0,9
1,4607,1,1,0,0,9
1,4654,1,1,1,0,9
1,4659,1,1,0,0,9
1,4709,1,1,0,0,9
1,4717,1,1,0,1,9
1,4745,1,1,0,0,9
1,4780,1,1,0,0,9
1,4804,1,1,0,1,9
1,4824,1,1,0,0,9
1,4843,1,1,0,0,9
1,4863,1,1,0,1,9
1,4877,1,1,0,1,9
1,4885,1,1,0,1,9
1,4888,1,1,0,1,9
1,4895,1,1,0,1,9
1,4902,1,1,1,0,9
1,4915,1,1,1,0,9
1,4922,1,1,0,0,9
1,4929,1,1,0,0,9
1,4931,1,1,1,0,9
1,4935,1,1,0,1,9
1,4960,1,1,0,0,9
1,4991,1,1,1,0,9
1,27,1,1,1,0,10
1,36,1,1,0,0,10
1,40,1,1,0,0,10
1,42,1,1,0,1,10
1,51,1,1,0,1,10
1,89,1,1,0,1,10
1,93,1,1,0,0,10
1,94,1,1,0,1,10
1,133,1,1,0,0,10
1,145,1,1,0,1,10
1,157,1,1,0,0,10
1,162,1,1,1,0,10
1,165,1,1,0,1,10
1,178,1,1,0,1,10
1,181,1,1,0,1,10
1,209,1,1,1,0,10
1,220,1,1,0,0,10
1,234,1,1,0,1,10
1,237,1,1,0,0,10
1,261,1,1,0,0,10
1,273,1,1,0,1,10
1,297,1,1,0,1,10
1,305,1,1,1,0,10
1,323,1,1,1,0,10
1,335,1,1,0,0,10
1,348,1,1,0,0,10
1,370,1,1,1,0,10
1,388,1,1,0,0,10
1,396,1,1,0,0,10
1,405,1,1,1,0,10
1,418,1,1,0,0,10
1,429,1,1,0,0,10
1,447,1,1,1,0,10
1,459,1,1,1,0,10
1,497,1,1,1,0,10
1,518,1,1,0,1,10
1,521,1,1,0,1,10
1,522,1,1,0,0,10
1,544,1,1,1,0,10
1,604,1,1,1,0,10
1,616,1,1,0,1,10
1,640,1,1,1,0,10
1,643,1,1,0,0,10
1,659,1,1,1,0,10
1,660,1,1,1,0,10
1,672,1,1,1,0,10
1,689,1,1,0,1,10
1,690,1,1,1,0,10
1,691,1,1,1,0,10
1,692,1,1,0,1,10
1,713,1,1,1,0,10
1,748,1,1,0,1,10
1,766,1,1,1,0,10
1,775,1,1,1,0,10
1,908,1,1,0,1,10
1,936,1,1,0,0,10
1,950,1,1,0,0,10
1,976,1,1,0,1,10
1,998,1,1,0,0,10
1,1024,1,1,0,1,10
1,1025,1,1,1,0,10
1,1030,1,1,0,0,10
1,1041,1,1,1,0,10
1,1080,1,1,0,1,10
1,1081,1,1,1,0,10
1,1101,1,1,1,0,10
1,1110,1,1,0,1,10
1,1128,1,1,0,0,10
1,1130,1,1,1,0,10
1,1160,1,1,1,0,10
1,1174,1,1,0,1,10
1,1177,1,1,1,0,10
1,1186,1,1,0,0,10
1,1193,1,1,0,1,10
1,1237,1,1,0,1,10
1,1240,1,1,0,1,10
1,1242,1,1,0,1,10
1,1270,1,1,0,0,10
1,1275,1,1,0,1,10
1,1286,1,1,1,0,10
1,1296,1,1,0,1,10
1,1333,1,1,1,0,10
1,1359,1,1,1,0,10
1,1360,1,1,1,0,10
1,1361,1,1,0,1,10
1,1363,1,1,0,0,10
1,1364,1,1,0,1,10
1,1387,1,1,0,0,10
1,1389,1,1,0,0,10
1,1405,1,1,0,1,10
1,1455,1,1,0,1,10
1,1477,1,1,0,0,10
1,1483,1,1,0,0,10
1,1497,1,1,0,0,10
1,1506,1,1,1,0,10
1,1512,1,1,1,0,10
1,1541,1,1,0,0,10
1,1567,1,1,0,0,10
1,1598,1,1,1,0,10
1,1613,1,1,0,1,10
1,1623,1,1,1,0,10
1,1672,1,1,0,1,10
1,1699,1,1,1,0,10
1,1706,1,1,0,1,10
1,1776,1,1,1,0,10
1,1789,1,1,1,0,10
1,1803,1,1,0,0,10
1,1804,1,1,0,0,10
1,1805,1,1,0,0,10
1,1849,1,1,0,0,10
1,1863,1,1,0,0,10
1,1872,1,1,0,0,10
1,1892,1,1,0,0,10
1,1898,1,1,1,0,10
1,1907,1,1,1,0,10
1,1928,1,1,0,1,10
1,1937,1,1,0,0,10
1,1945,1,1,1,0,10
1,1948,1,1,1,0,10
1,1971,1,1,0,1,10
1,2016,1,1,0,0,10
1,2032,1,1,0,0,10
1,2047,1,1,1,0,10
1,2085,1,1,1,0,10
1,2150,1,1,0,0,10
1,2167,1,1,1,0,10
1,2177,1,1,0,1,10
1,2197,1,1,0,0,10
1,2201,1,1,1,0,10
1,2228,1,1,0,1,10
1,2232,1,1,0,0,10
1,2239,1,1,1,0,10
1,2292,1,1,0,0,10
1,2296,1,1,0,0,10
1,2326,1,1,1,0,10
1,2364,1,1,0,1,10
1,2366,1,1,0,0,10
1,2385,1,1,0,1,10
1,2406,1,1,0,1,10
1,2415,1,1,1,0,10
1,2426,1,1,0,1,10
1,2450,1,1,0,0,10
1,2475,1,1,0,0,10
1,2499,1,1,1,0,10
1,2577,1,1,0,1,10
1,2615,1,1,1,0,10
1,2651,1,1,0,0,10
1,2666,1,1,0,0,10
1,2675,1,1,1,0,10
1,2676,1,1,0,1,10
1,2694,1,1,1,0,10
1,2696,1,1,1,0,10
1,2729,1,1,0,0,10
1,2754,1,1,1,0,10
1,2755,1,1,0,0,10
1,2768,1,1,0,0,10
1,2774,1,1,0,1,10
1,2788,1,1,1,0,10
1,2827,1,1,0,1,10
1,2835,1,1,0,0,10
1,2842,1,1,0,0,10
1,2847,1,1,0,1,10
1,2861,1,1,0,1,10
1,2870,1,1,1,0,10
1,2871,1,1,0,0,10
1,2878,1,1,0,1,10
1,2885,1,1,0,1,10
1,2892,1,1,0,0,10
1,2894,1,1,0,0,10
1,2912,1,1,0,1,10
1,2914,1,1,0,0,10
1,2919,1,1,1,0,10
1,2923,1,1,1,0,10
1,2933,1,1,0,1,10
1,2946,1,1,0,1,10
1,2969,1,1,0,0,10
1,2986,1,1,0,0,10
1,3016,1,1,0,1,10
1,3024,1,1,0,0,10
1,3041,1,1,1,0,10
1,3097,1,1,0,0,10
1,3112,1,1,0,0,10
1,3119,1,1,1,0,10
1,3157,1,1,0,1,10
1,3162,1,1,0,1,10
1,3185,1,1,0,0,10
1,3214,1,1,0,1,10
1,3219,1,1,0,0,10
1,3228,1,1,0,1,10
1,3246,1,1,1,0,10
1,3313,1,1,0,1,10
1,3319,1,1,1,0,10
1,3326,1,1,0,1,10
1,3373,1,1,0,1,10
1,3374,1,1,0,0,10
1,3382,1,1,0,1,10
1,3384,1,1,0,1,10
1,3404,1,1,1,0,10
1,3423,1,1,1,0,10
1,3501,1,1,0,1,10
1,3510,1,1,0,1,10
1,3515,1,1,0,0,10
1,3528,1,1,0,1,10
1,3531,1,1,0,1,10
1,3547,1,1,0,0,10
1,3564,1,1,0,1,10
1,3591,1,1,1,0,10
1,3600,1,1,0,0,10
1,3601,1,1,1,0,10
1,3609,1,1,0,0,10
1,3612,1,1,0,1,10
1,3618,1,1,0,0,10
1,3628,1,1,0,0,10
1,3629,1,1,0,0,10
1,3632,1,1,1,0,10
1,3640,1,1,1,0,10
1,3641,1,1,0,0,10
1,3675,1,1,1,0,10
1,3678,1,1,0,0,10
1,3688,1,1,0,0,10
1,3694,1,1,0,1,10
1,3712,1,1,0,0,10
1,3721,1,1,0,0,10
1,3724,1,1,0,0,10
1,3749,1,1,0,0,10
1,3752,1,1,0,0,10
1,3776,1,1,0,0,10
1,3778,1,1,0,0,10
1,3793,1,1,0,0,10
1,3828,1,1,0,0,10
1,3853,1,1,0,0,10
1,3870,1,1,0,0,10
1,3882,1,1,0,0,10
1,3888,1,1,1,0,10
1,3904,1,1,1,0,10
1,3947,1,1,0,0,10
1,3966,1,1,0,0,10
1,3988,1,1,0,1,10
1,4031,1,1,0,0,10
1,4041,1,1,0,0,10
1,4052,1,1,0,1,10
1,4079,1,1,1,0,10
1,4083,1,1,0,0,10
1,4092,1,1,0,0,10
1,4108,1,1,0,1,10
1,4119,1,1,0,0,10
1,4126,1,1,0,0,10
1,4168,1,1,0,0,10
1,4176,1,1,0,1,10
1,4178,1,1,0,0,10
1,4179,1,1,0,0,10
1,4199,1,1,0,0,10
1,4219,1,1,0,1,10
1,4227,1,1,0,0,10
1,4251,1,1,1,0,10
1,4263,1,1,0,1,10
1,4301,1,1,0,1,10
1,4324,1,1,1,0,10
1,4336,1,1,1,0,10
1,4374,1,1,1,0,10
1,4388,1,1,0,1,10
1,4403,1,1,0,1,10
1,4484,1,1,0,0,10
1,4532,1,1,0,0,10
1,4601,1,1,0,0,10
1,4603,1,1,1,0,10
1,4608,1,1,0,1,10
1,4668,1,1,1,0,10
1,4669,1,1,1,0,10
1,4681,1,1,0,0,10
1,4711,1,1,1,0,10
1,4737,1,1,0,0,10
1,4760,1,1,0,1,10
1,4764,1,1,1,0,10
1,4776,1,1,0,0,10
1,4791,1,1,0,1,10
1,4852,1,1,0,0,10
1,4891,1,1,0,0,10
1,4893,1,1,0,0,10
1,4896,1,1,0,1,10
1,4898,1,1,1,0,10
1,4899,1,1,1,0,10
1,4920,1,1,0,0,10
1,4927,1,1,0,1,10
1,4938,1,1,0,1,10
1,4939,1,1,0,0,10
1,4946,1,1,0,0,10
1,4948,1,1,1,0,10
1,4956,1,1,0,0,10
1,4967,1,1,0,0,10
1,4969,1,1,1,0,10
1,0,1,1,1,0,11
1,3,1,1,1,0,11
1,4,1,1,0,0,11
1,15,1,1,1,0,11
1,20,1,1,1,0,11
1,30,1,1,1,0,11
1,43,1,1,0,1,11
1,46,1,1,0,1,11
1,120,1,1,0,0,11
1,150,1,1,0,1,11
1,151,1,1,0,1,11
1,155,1,1,0,1,11
1,168,1,1,1,0,11
1,195,1,1,0,1,11
1,213,1,1,1,0,11
1,247,1,1,0,0,11
1,256,1,1,1,0,11
1,289,1,1,0,0,11
1,296,1,1,0,1,11
1,301,1,1,0,1,11
1,311,1,1,0,0,11
1,331,1,1,0,0,11
1,353,1,1,0,1,11
1,355,1,1,0,0,11
1,402,1,1,0,1,11
1,414,1,1,0,1,11
1,463,1,1,0,1,11
1,550,1,1,1,0,11
1,554,1,1,1,0,11
1,557,1,1,1,0,11
1,559,1,1,0,1,11
1,571,1,1,1,0,11
1,583,1,1,0,1,11
1,586,1,1,1,0,11
1,592,1,1,1,0,11
1,594,1,1,0,0,11
1,634,1,1,0,1,11
1,639,1,1,0,0,11
1,651,1,1,1,0,11
1,679,1,1,1,0,11
1,710,1,1,0,0,11
1,728,1,1,0,0,11
1,753,1,1,0,1,11
1,774,1,1,0,0,11
1,795,1,1,1,0,11
1,828,1,1,1,0,11
1,833,1,1,0,0,11
1,863,1,1,1,0,11
1,886,1,1,0,0,11
1,887,1,1,0,0,11
1,891,1,1,1,0,11
1,905,1,1,1,0,11
1,932,1,1,1,0,11
1,933,1,1,1,0,11
1,944,1,1,0,1,11
1,946,1,1,0,1,11
1,955,1,1,0,1,11
1,966,1,1,1,0,11
1,978,1,1,0,0,11
1,1000,1,1,0,0,11
1,1009,1,1,0,0,11
1,1037,1,1,0,1,11
1,1075,1,1,0,0,11
1,1091,1,1,0,1,11
1,1096,1,1,0,0,11
1,1103,1,1,0,1,11
1,1107,1,1,0,1,11
1,1119,1,1,1,0,11
1,1148,1,1,0,1,11
1,1154,1,1,1,0,11
1,1166,1,1,0,0,11
1,1180,1,1,0,0,11
1,1185,1,1,0,0,11
1,1230,1,1,0,0,11
1,1238,1,1,0,0,11
1,1245,1,1,0,1,11
1,1248,1,1,0,0,11
1,1252,1,1,1,0,11
1,1259,1,1,1,0,11
1,1272,1,1,0,0,11
1,1298,1,1,1,0,11
1,1300,1,1,1,0,11
1,1326,1,1,1,0,11
1,1329,1,1,0,0,11
1,1386,1,1,0,0,11
1,1395,1,1,0,0,11
1,1407,1,1,0,1,11
1,1411,1,1,0,1,11
1,1419,1,1,1,0,11
1,1487,1,1,0,0,11
1,1496,1,1,1,0,11
1,1499,1,1,1,0,11
1,1527,1,1,1,0,11
1,1572,1,1,0,1,11
1,1592,1,1,1,0,11
1,1620,1,1,0,1,11
1,1643,1,1,0,0,11
1,1645,1,1,1,0,11
1,1682,1,1,0,0,11
1,1689,1,1,0,1,11
1,1702,1,1,1,0,11
1,1708,1,1,0,1,11
1,1716,1,1,0,0,11
1,1724,1,1,1,0,11
1,1735,1,1,0,0,11
1,1738,1,1,0,1,11
1,1746,1,1,0,0,11
1,1774,1,1,0,0,11
1,1793,1,1,1,0,11
1,1795,1,1,0,1,11
1,1796,1,1,1,0,11
1,1811,1,1,0,1,11
1,1832,1,1,1,0,11
1,1851,1,1,1,0,11
1,1876,1,1,0,0,11
1,1894,1,1,0,1,11
1,1900,1,1,0,0,11
1,1908,1,1,0,0,11
1,1912,1,1,0,1,11
1,1915,1,1,0,0,11
1,1916,1,1,0,0,11
1,1917,1,1,0,0,11
1,1924,1,1,0,1,11
1,1929,1,1,0,0,11
1,1967,1,1,0,0,11
1,1973,1,1,1,0,11
1,1995,1,1,0,1,11
1,1996,1,1,0,1,11
1,1998,1,1,0,0,11
1,2011,1,1,0,0,11
1,2024,1,1,1,0,11
1,2029,1,1,1,0,11
1,2035,1,1,1,0,11
1,2082,1,1,0,0,11
1,2123,1,1,1,0,11
1,2125,1,1,0,0,11
1,2159,1,1,0,0,11
1,2162,1,1,1,0,11
1,2164,1,1,0,1,11
1,2168,1,1,1,0,11
1,2169,1,1,1,0,11
1,2212,1,1,0,1,11
1,2219,1,1,0,0,11
1,2240,1,1,0,1,11
1,2259,1,1,0,0,11
1,2293,1,1,0,1,11
1,2303,1,1,0,0,11
1,2338,1,1,0,1,11
1,2347,1,1,0,0,11
1,2352,1,1,1,0,11
1,2355,1,1,0,0,11
1,2362,1,1,0,1,11
1,2389,1,1,1,0,11
1,2430,1,1,0,0,11
1,2433,1,1,0,0,11
1,2445,1,1,0,1,11
1,2452,1,1,0,1,11
1,2477,1,1,0,1,11
1,2480,1,1,0,1,11
1,2496,1,1,0,1,11
1,2518,1,1,1,0,11
1,2528,1,1,0,0,11
1,2543,1,1,0,1,11
1,2552,1,1,1,0,11
1,2564,1,1,0,1,11
1,2581,1,1,0,1,11
1,2588,1,1,0,1,11
1,2590,1,1,0,0,11
1,2661,1,1,0,0,11
1,2671,1,1,0,1,11
1,2684,1,1,0,0,11
1,2775,1,1,0,1,11
1,2779,1,1,0,1,11
1,2781,1,1,0,0,11
1,2795,1,1,1,0,11
1,2797,1,1,0,1,11
1,2800,1,1,0,0,11
1,2814,1,1,0,0,11
1,2862,1,1,0,0,11
1,2884,1,1,0,1,11
1,2904,1,1,0,1,11
1,2907,1,1,0,1,11
1,2908,1,1,0,0,11
1,2913,1,1,0,0,11
1,2921,1,1,0,1,11
1,2924,1,1,0,0,11
1,2928,1,1,0,0,11
1,2959,1,1,0,0,11
1,2970,1,1,0,0,11
1,2973,1,1,0,0,11
1,2978,1,1,0,0,11
1,2992,1,1,0,1,11
1,3027,1,1,1,0,11
1,3029,1,1,0,0,11
1,3031,1,1,1,0,11
1,3045,1,1,0,1,11
1,3053,1,1,0,1,11
1,3055,1,1,0,1,11
1,3064,1,1,1,0,11
1,3066,1,1,0,1,11
1,3113,1,1,0,1,11
1,3118,1,1,1,0,11
1,3121,1,1,0,1,11
1,3186,1,1,1,0,11
1,3191,1,1,1,0,11
1,3197,1,1,0,0,11
1,3209,1,1,1,0,11
1,3226,1,1,0,0,11
1,3234,1,1,0,1,11
1,3240,1,1,1,0,11
1,3251,1,1,0,0,11
1,3272,1,1,0,1,11
1,3275,1,1,0,0,11
1,3295,1,1,0,0,11
1,3312,1,1,0,0,11
1,3331,1,1,0,1,11
1,3337,1,1,0,0,11
1,3345,1,1,0,1,11
1,3347,1,1,0,0,11
1,3383,1,1,1,0,11
1,3387,1,1,1,0,11
1,3403,1,1,0,1,11
1,3433,1,1,0,0,11
1,3435,1,1,1,0,11
1,3458,1,1,1,0,11
1,3467,1,1,1,0,11
1,3473,1,1,0,1,11
1,3486,1,1,0,0,11
1,3536,1,1,0,1,11
1,3539,1,1,0,1,11
1,3561,1,1,1,0,11
1,3599,1,1,0,0,11
1,3608,1,1,0,0,11
1,3619,1,1,1,0,11
1,3626,1,1,0,1,11
1,3666,1,1,1,0,11
1,3692,1,1,0,0,11
1,3696,1,1,1,0,11
1,3733,1,1,1,0,11
1,3735,1,1,0,0,11
1,3748,1,1,0,0,11
1,3764,1,1,0,1,11
1,3775,1,1,0,0,11
1,3809,1,1,1,0,11
1,3819,1,1,0,1,11
1,3821,1,1,1,0,11
1,3891,1,1,0,1,11
1,3895,1,1,0,1,11
1,3925,1,1,0,0,11
1,3936,1,1,0,1,11
1,3963,1,1,1,0,11
1,3972,1,1,0,1,11
1,3979,1,1,0,0,11
1,4010,1,1,1,0,11
1,4017,1,1,0,1,11
1,4026,1,1,1,0,11
1,4028,1,1,1,0,11
1,4060,1,1,0,0,11
1,4064,1,1,0,1,11
1,4100,1,1,0,0,11
1,4158,1,1,0,0,11
1,4180,1,1,0,1,11
1,4198,1,1,0,0,11
1,4214,1,1,0,0,11
1,4224,1,1,0,0,11
1,4234,1,1,1,0,11
1,4244,1,1,1,0,11
1,4248,1,1,0,1,11
1,4252,1,1,1,0,11
1,4269,1,1,0,0,11
1,4275,1,1,1,0,11
1,4283,1,1,0,0,11
1,4288,1,1,1,0,11
1,4315,1,1,1,0,11
1,4321,1,1,0,0,11
1,4340,1,1,1,0,11
1,4346,1,1,1,0,11
1,4363,1,1,0,0,11
1,4367,1,1,0,0,11
1,4372,1,1,1,0,11
1,4386,1,1,0,0,11
1,4397,1,1,0,0,11
1,4426,1,1,0,0,11
1,4438,1,1,0,1,11
1,4455,1,1,1,0,11
1,4456,1,1,0,0,11
1,4466,1,1,0,0,11
1,4487,1,1,0,1,11
1,4498,1,1,0,0,11
1,4522,1,1,0,0,11
1,4530,1,1,1,0,11
1,4545,1,1,0,0,11
1,4554,1,1,0,0,11
1,4556,1,1,0,1,11
1,4587,1,1,0,0,11
1,4593,1,1,0,0,11
1,4648,1,1,0,0,11
1,4690,1,1,0,1,11
1,4696,1,1,0,0,11
1,4698,1,1,1,0,11
1,4718,1,1,0,0,11
1,4743,1,1,0,0,11
1,4750,1,1,0,1,11
1,4757,1,1,0,0,11
1,4763,1,1,0,1,11
1,4766,1,1,0,1,11
1,4771,1,1,0,1,11
1,4782,1,1,0,0,11
1,4820,1,1,1,0,11
1,4832,1,1,0,0,11
1,4858,1,1,0,0,11
1,4894,1,1,0,0,11
1,4904,1,1,0,1,11
1,4908,1,1,1,0,11
1,4910,1,1,0,0,11
1,4937,1,1,0,1,11
1,4982,1,1,1,0,11
1,21,1,3,1,0,12
1,28,1,3,0,1,12
1,59,1,3,1,0,12
1,60,1,3,0,3,12
1,66,1,3,1,0,12
1,96,1,3,0,0,12
1,99,1,3,1,0,12
1,104,1,3,1,0,12
1,116,1,3,1,0,12
1,119,1,3,0,3,12
1,125,1,3,0,0,12
1,130,1,3,0,3,12
1,140,1,3,1,0,12
1,149,1,3,0,0,12
1,159,1,3,0,3,12
1,179,1,3,1,0,12
1,184,1,3,1,0,12
1,241,1,3,0,3,12
1,308,1,3,0,0,12
1,314,1,3,0,0,12
1,336,1,3,0,0,12
1,337,1,3,1,0,12
1,343,1,3,0,0,12
1,347,1,3,1,0,12
1,350,1,3,0,0,12
1,386,1,3,1,0,12
1,389,1,3,0,0,12
1,395,1,3,0,3,12
1,403,1,3,1,0,12
1,404,1,3,0,0,12
1,435,1,3,0,0,12
1,442,1,3,0,0,12
1,443,1,3,0,0,12
1,451,1,3,0,0,12
1,478,1,3,0,1,12
1,495,1,3,0,3,12
1,500,1,3,1,0,12
1,538,1,3,0,0,12
1,560,1,3,0,0,12
1,574,1,3,0,0,12
1,624,1,3,0,0,12
1,649,1,3,0,0,12
1,742,1,3,1,0,12
1,745,1,3,0,1,12
1,754,1,3,0,0,12
1,764,1,3,0,0,12
1,772,1,3,1,0,12
1,785,1,3,0,3,12
1,788,1,3,0,1,12
1,808,1,3,1,0,12
1,812,1,3,0,0,12
1,836,1,3,0,3,12
1,852,1,3,1,0,12
1,868,1,3,1,0,12
1,925,1,3,1,0,12
1,939,1,3,0,3,12
1,942,1,3,0,0,12
1,948,1,3,0,0,12
1,967,1,3,0,0,12
1,974,1,3,1,0,12
1,988,1,3,1,0,12
1,1022,1,3,0,0,12
1,1104,1,3,1,0,12
1,1118,1,3,0,1,12
1,1146,1,3,1,0,12
1,1152,1,3,1,0,12
1,1169,1,3,1,0,12
1,1179,1,3,0,3,12
1,1194,1,3,0,0,12
1,1209,1,3,0,3,12
1,1217,1,3,1,0,12
1,1223,1,3,0,0,12
1,1228,1,3,1,0,12
1,1247,1,3,0,0,12
1,1266,1,3,1,0,12
1,1268,1,3,0,0,12
1,1279,1,3,1,0,12
1,1285,1,3,0,0,12
1,1290,1,3,0,0,12
1,1310,1,3,0,1,12
1,1311,1,3,1,0,12
1,1322,1,3,0,0,12
1,1346,1,3,0,0,12
1,1354,1,3,0,0,12
1,1373,1,3,0,0,12
1,1378,1,3,0,3,12
1,1379,1,3,0,1,12
1,1382,1,3,0,3,12
1,1409,1,3,0,0,12
1,1423,1,3,0,0,12
1,1464,1,3,0,1,12
1,1500,1,3,0,0,12
1,1519,1,3,0,0,12
1,1540,1,3,1,0,12
1,1545,1,3,1,0,12
1,1552,1,3,0,3,12
1,1555,1,3,1,0,12
1,1563,1,3,1,0,12
1,1583,1,3,0,3,12
1,1611,1,3,0,0,12
1,1627,1,3,0,0,12
1,1631,1,3,0,0,12
1,1649,1,3,1,0,12
1,1656,1,3,0,0,12
1,1660,1,3,0,0,12
1,1739,1,3,1,0,12
1,1754,1,3,0,0,12
1,1757,1,3,1,0,12
1,1772,1,3,0,0,12
1,1784,1,3,0,0,12
1,1816,1,3,0,1,12
1,1838,1,3,0,1,12
1,1839,1,3,0,3,12
1,1868,1,3,1,0,12
1,1879,1,3,1,0,12
1,1889,1,3,0,1,12
1,1909,1,3,0,0,12
1,1921,1,3,0,0,12
1,1927,1,3,0,1,12
1,1940,1,3,1,0,12
1,1942,1,3,0,0,12
1,1946,1,3,1,0,12
1,1954,1,3,0,0,12
1,1959,1,3,0,1,12
1,1964,1,3,0,1,12
1,1982,1,3,0,0,12
1,1983,1,3,1,0,12
1,2001,1,3,0,0,12
1,2003,1,3,0,0,12
1,2015,1,3,0,0,12
1,2026,1,3,0,0,12
1,2057,1,3,1,0,12
1,2081,1,3,0,0,12
1,2106,1,3,0,0,12
1,2119,1,3,1,0,12
1,2120,1,3,0,0,12
1,2139,1,3,0,1,12
1,2153,1,3,1,0,12
1,2157,1,3,1,0,12
1,2160,1,3,0,3,12
1,2183,1,3,0,0,12
1,2185,1,3,0,3,12
1,2237,1,3,0,0,12
1,2273,1,3,0,0,12
1,2334,1,3,0,0,12
1,2372,1,3,0,3,12
1,2381,1,3,0,3,12
1,2392,1,3,0,0,12
1,2401,1,3,0,1,12
1,2447,1,3,0,0,12
1,2454,1,3,1,0,12
1,2458,1,3,0,0,12
1,2482,1,3,0,0,12
1,2489,1,3,0,0,12
1,2519,1,3,0,0,12
1,2522,1,3,0,0,12
1,2530,1,3,0,0,12
1,2536,1,3,0,1,12
1,2545,1,3,0,1,12
1,2562,1,3,0,3,12
1,2574,1,3,0,0,12
1,2614,1,3,0,1,12
1,2644,1,3,0,0,12
1,2646,1,3,0,1,12
1,2650,1,3,1,0,12
1,2717,1,3,1,0,12
1,2738,1,3,0,3,12
1,2752,1,3,0,3,12
1,2817,1,3,0,3,12
1,2833,1,3,0,0,12
1,2839,1,3,0,0,12
1,2851,1,3,0,0,12
1,2859,1,3,0,0,12
1,2863,1,3,0,0,12
1,2911,1,3,0,1,12
1,2927,1,3,0,0,12
1,2948,1,3,1,0,12
1,2957,1,3,1,0,12
1,2966,1,3,1,0,12
1,2979,1,3,0,0,12
1,3030,1,3,1,0,12
1,3039,1,3,0,1,12
1,3043,1,3,0,3,12
1,3048,1,3,1,0,12
1,3051,1,3,1,0,12
1,3093,1,3,0,0,12
1,3094,1,3,1,0,12
1,3104,1,3,0,3,12
1,3134,1,3,0,1,12
1,3153,1,3,1,0,12
1,3189,1,3,0,0,12
1,3198,1,3,0,3,12
1,3206,1,3,1,0,12
1,3227,1,3,0,0,12
1,3248,1,3,0,1,12
1,3252,1,3,0,1,12
1,3277,1,3,0,3,12
1,3287,1,3,0,3,12
1,3323,1,3,0,1,12
1,3341,1,3,0,3,12
1,3362,1,3,0,0,12
1,3377,1,3,1,0,12
1,3386,1,3,1,0,12
1,3420,1,3,0,1,12
1,3451,1,3,0,3,12
1,3452,1,3,0,0,12
1,3462,1,3,1,0,12
1,3468,1,3,0,0,12
1,3472,1,3,0,0,12
1,3502,1,3,1,0,12
1,3519,1,3,0,0,12
1,3521,1,3,1,0,12
1,3527,1,3,0,3,12
1,3571,1,3,1,0,12
1,3577,1,3,0,1,12
1,3627,1,3,0,0,12
1,3635,1,3,1,0,12
1,3642,1,3,0,3,12
1,3661,1,3,1,0,12
1,3662,1,3,0,0,12
1,3695,1,3,0,3,12
1,3732,1,3,0,0,12
1,3774,1,3,0,0,12
1,3786,1,3,1,0,12
1,3852,1,3,0,0,12
1,3867,1,3,0,0,12
1,3869,1,3,1,0,12
1,3875,1,3,1,0,12
1,3929,1,3,0,0,12
1,3932,1,3,0,3,12
1,3943,1,3,1,0,12
1,3953,1,3,1,0,12
1,3964,1,3,1,0,12
1,3983,1,3,0,3,12
1,3999,1,3,1,0,12
1,4057,1,3,1,0,12
1,4073,1,3,1,0,12
1,4122,1,3,0,1,12
1,4145,1,3,0,3,12
1,4151,1,3,1,0,12
1,4164,1,3,0,1,12
1,4169,1,3,1,0,12
1,4185,1,3,0,1,12
1,4213,1,3,1,0,12
1,4229,1,3,0,0,12
1,4242,1,3,0,0,12
1,4250,1,3,0,0,12
1,4258,1,3,0,0,12
1,4289,1,3,0,0,12
1,4302,1,3,0,0,12
1,4317,1,3,0,3,12
1,4332,1,3,0,0,12
1,4351,1,3,0,0,12
1,4393,1,3,1,0,12
1,4422,1,3,0,3,12
1,4433,1,3,0,1,12
1,4471,1,3,0,0,12
1,4481,1,3,1,0,12
1,4505,1,3,1,0,12
1,4541,1,3,1,0,12
1,4547,1,3,1,0,12
1,4564,1,3,0,0,12
1,4589,1,3,0,3,12
1,4600,1,3,0,0,12
1,4613,1,3,0,1,12
1,4665,1,3,0,1,12
1,4702,1,3,1,0,12
1,4728,1,3,1,0,12
1,4762,1,3,0,0,12
1,4765,1,3,1,0,12
1,4781,1,3,0,0,12
1,4846,1,3,1,0,12
1,4861,1,3,0,0,12
1,4864,1,3,0,0,12
1,4943,1,3,1,0,12
1,4964,1,3,1,0,12
1,4979,1,3,0,3,12
1,4992,1,3,0,0,12
1,5,1,1,0,0,13
1,8,1,1,0,1,13
1,12,1,1,0,0,13
1,16,1,1,0,0,13
1,19,1,1,0,1,13
1,24,1,1,0,0,13
1,26,1,1,0,1,13
1,33,1,1,1,0,13
1,39,1,1,0,1,13
1,44,1,1,1,0,13
1,45,1,1,0,0,13
1,56,1,1,0,1,13
1,57,1,1,0,0,13
1,63,1,1,0,0,13
1,72,1,1,0,0,13
1,83,1,1,0,0,13
1,87,1,1,0,0,13
1,112,1,1,0,1,13
1,118,1,1,0,0,13
1,123,1,1,1,0,13
1,126,1,1,0,0,13
1,127,1,1,0,1,13
1,129,1,1,1,0,13
1,144,1,1,0,0,13
1,147,1,1,0,0,13
1,152,1,1,0,1,13
1,170,1,1,0,1,13
1,189,1,1,1,0,13
1,196,1,1,0,1,13
1,202,1,1,1,0,13
1,217,1,1,0,0,13
1,225,1,1,1,0,13
1,236,1,1,1,0,13
1,248,1,1,1,0,13
1,253,1,1,0,0,13
1,257,1,1,1,0,13
1,259,1,1,1,0,13
1,260,1,1,0,1,13
1,266,1,1,1,0,13
1,276,1,1,0,1,13
1,279,1,1,0,1,13
1,280,1,1,0,0,13
1,282,1,1,0,0,13
1,285,1,1,0,1,13
1,307,1,1,1,0,13
1,309,1,1,1,0,13
1,316,1,1,1,0,13
1,319,1,1,1,0,13
1,320,1,1,0,1,13
1,322,1,1,0,1,13
1,326,1,1,0,0,13
1,339,1,1,0,1,13
1,344,1,1,0,0,13
1,345,1,1,1,0,13
1,356,1,1,0,1,13
1,357,1,1,0,1,13
1,360,1,1,0,1,13
1,368,1,1,0,1,13
1,373,1,1,1,0,13
1,374,1,1,0,1,13
1,376,1,1,0,1,13
1,382,1,1,0,1,13
1,397,1,1,0,1,13
1,399,1,1,0,1,13
1,400,1,1,0,0,13
1,409,1,1,0,0,13
1,421,1,1,0,0,13
1,427,1,1,0,0,13
1,433,1,1,1,0,13
1,462,1,1,1,0,13
1,467,1,1,0,1,13
1,474,1,1,1,0,13
1,493,1,1,1,0,13
1,498,1,1,1,0,13
1,499,1,1,1,0,13
1,505,1,1,1,0,13
1,506,1,1,0,0,13
1,516,1,1,1,0,13
1,530,1,1,0,1,13
1,531,1,1,1,0,13
1,533,1,1,0,1,13
1,541,1,1,1,0,13
1,543,1,1,0,0,13
1,566,1,1,0,0,13
1,573,1,1,0,0,13
1,581,1,1,0,0,13
1,584,1,1,0,1,13
1,596,1,1,0,0,13
1,600,1,1,1,0,13
1,603,1,1,0,1,13
1,605,1,1,1,0,13
1,608,1,1,0,0,13
1,610,1,1,0,0,13
1,619,1,1,0,1,13
1,621,1,1,1,0,13
1,622,1,1,1,0,13
1,631,1,1,0,1,13
1,632,1,1,0,1,13
1,636,1,1,0,0,13
1,641,1,1,0,0,13
1,655,1,1,1,0,13
1,665,1,1,0,1,13
1,667,1,1,0,0,13
1,668,1,1,0,1,13
1,671,1,1,0,1,13
1,674,1,1,1,0,13
1,677,1,1,0,1,13
1,683,1,1,0,0,13
1,688,1,1,0,0,13
1,694,1,1,1,0,13
1,699,1,1,1,0,13
1,702,1,1,1,0,13
1,704,1,1,0,1,13
1,708,1,1,0,1,13
1,719,1,1,0,0,13
1,723,1,1,1,0,13
1,727,1,1,0,1,13
1,743,1,1,0,0,13
1,744,1,1,1,0,13
1,746,1,1,0,0,13
1,749,1,1,0,0,13
1,757,1,1,0,0,13
1,760,1,1,0,0,13
1,773,1,1,1,0,13
1,777,1,1,1,0,13
1,779,1,1,0,0,13
1,786,1,1,0,0,13
1,811,1,1,1,0,13
1,813,1,1,0,0,13
1,822,1,1,0,1,13
1,827,1,1,1,0,13
1,830,1,1,1,0,13
1,832,1,1,0,0,13
1,837,1,1,0,1,13
1,841,1,1,0,1,13
1,846,1,1,1,0,13
1,856,1,1,0,0,13
1,859,1,1,0,0,13
1,860,1,1,0,0,13
1,880,1,1,0,1,13
1,881,1,1,0,0,13
1,883,1,1,0,1,13
1,885,1,1,0,1,13
1,888,1,1,0,0,13
1,897,1,1,1,0,13
1,904,1,1,0,1,13
1,914,1,1,0,0,13
1,916,1,1,1,0,13
1,920,1,1,0,0,13
1,921,1,1,0,0,13
1,931,1,1,0,0,13
1,934,1,1,0,0,13
1,935,1,1,0,0,13
1,937,1,1,0,1,13
1,949,1,1,0,1,13
1,951,1,1,0,0,13
1,957,1,1,1,0,13
1,960,1,1,1,0,13
1,964,1,1,0,1,13
1,965,1,1,0,1,13
1,979,1,1,0,0,13
1,981,1,1,0,1,13
1,985,1,1,1,0,13
1,994,1,1,1,0,13
1,997,1,1,1,0,13
1,1011,1,1,1,0,13
1,1017,1,1,0,1,13
1,1018,1,1,0,1,13
1,1020,1,1,0,1,13
1,1031,1,1,0,0,13
1,1032,1,1,0,1,13
1,1034,1,1,0,0,13
1,1043,1,1,0,0,13
1,1045,1,1,0,1,13
1,1051,1,1,0,1,13
1,1053,1,1,0,0,13
1,1056,1,1,1,0,13
1,1072,1,1,1,0,13
1,1073,1,1,0,0,13
1,1074,1,1,1,0,13
1,1082,1,1,1,0,13
1,1087,1,1,0,0,13
1,1098,1,1,0,1,13
1,1099,1,1,0,1,13
1,1108,1,1,0,0,13
1,1111,1,1,0,0,13
1,1117,1,1,0,0,13
1,1120,1,1,0,0,13
1,1121,1,1,1,0,13
1,1126,1,1,1,0,13
1,1131,1,1,0,0,13
1,1138,1,1,1,0,13
1,1141,1,1,0,1,13
1,1155,1,1,0,1,13
1,1165,1,1,0,1,13
1,1189,1,1,0,0,13
1,1191,1,1,0,1,13
1,1192,1,1,0,1,13
1,1201,1,1,0,1,13
1,1211,1,1,0,0,13
1,1221,1,1,1,0,13
1,1227,1,1,1,0,13
1,1236,1,1,0,0,13
1,1249,1,1,1,0,13
1,1253,1,1,0,1,13
1,1267,1,1,0,0,13
1,1273,1,1,0,0,13
1,1276,1,1,0,1,13
1,1277,1,1,0,0,13
1,1280,1,1,1,0,13
1,1291,1,1,0,1,13
1,1303,1,1,0,1,13
1,1308,1,1,0,0,13
1,1309,1,1,1,0,13
1,1313,1,1,1,0,13
1,1316,1,1,1,0,13
1,1330,1,1,1,0,13
1,1334,1,1,0,0,13
1,1338,1,1,0,0,13
1,1340,1,1,0,0,13
1,1342,1,1,1,0,13
1,1343,1,1,0,1,13
1,1347,1,1,0,0,13
1,1353,1,1,1,0,13
1,1365,1,1,0,0,13
1,1377,1,1,0,1,13
1,1385,1,1,1,0,13
1,1388,1,1,0,1,13
1,1399,1,1,1,0,13
1,1406,1,1,0,0,13
1,1412,1,1,0,0,13
1,1416,1,1,1,0,13
1,1420,1,1,1,0,13
1,1430,1,1,1,0,13
1,1432,1,1,0,0,13
1,1441,1,1,0,1,13
1,1445,1,1,1,0,13
1,1453,1,1,1,0,13
1,1459,1,1,1,0,13
1,1467,1,1,0,0,13
1,1468,1,1,1,0,13
1,1473,1,1,0,1,13
1,1474,1,1,1,0,13
1,1480,1,1,1,0,13
1,1485,1,1,1,0,13
1,1490,1,1,0,1,13
1,1513,1,1,0,0,13
1,1516,1,1,0,0,13
1,1531,1,1,1,0,13
1,1539,1,1,0,1,13
1,1548,1,1,0,0,13
1,1549,1,1,1,0,13
1,1554,1,1,1,0,13
1,1556,1,1,0,0,13
1,1557,1,1,1,0,13
1,1561,1,1,1,0,13
1,1584,1,1,1,0,13
1,1585,1,1,0,1,13
1,1594,1,1,0,1,13
1,1599,1,1,0,0,13
1,1604,1,1,1,0,13
1,1605,1,1,1,0,13
1,1607,1,1,0,1,13
1,1610,1,1,0,0,13
1,1618,1,1,1,0,13
1,1619,1,1,0,0,13
1,1622,1,1,1,0,13
1,1632,1,1,1,0,13
1,1666,1,1,0,0,13
1,1668,1,1,0,1,13
1,1674,1,1,1,0,13
1,1676,1,1,0,0,13
1,1687,1,1,1,0,13
1,1688,1,1,0,1,13
1,1690,1,1,1,0,13
1,1693,1,1,0,1,13
1,1701,1,1,1,0,13
1,1707,1,1,0,0,13
1,1718,1,1,0,0,13
1,1720,1,1,1,0,13
1,1726,1,1,0,0,13
1,1740,1,1,0,0,13
1,1756,1,1,1,0,13
1,1760,1,1,0,1,13
1,1779,1,1,0,1,13
1,1780,1,1,0,0,13
1,1783,1,1,0,0,13
1,1792,1,1,0,1,13
1,1808,1,1,0,1,13
1,1823,1,1,0,1,13
1,1837,1,1,0,1,13
1,1845,1,1,1,0,13
1,1852,1,1,0,0,13
1,1855,1,1,0,0,13
1,1860,1,1,0,1,13
1,1867,1,1,0,0,13
1,1874,1,1,1,0,13
1,1887,1,1,0,0,13
1,1888,1,1,0,0,13
1,1902,1,1,0,1,13
1,1904,1,1,0,0,13
1,1920,1,1,0,0,13
1,1926,1,1,1,0,13
1,1931,1,1,1,0,13
1,1933,1,1,1,0,13
1,1935,1,1,0,1,13
1,1962,1,1,0,0,13
1,1970,1,1,0,1,13
1,1979,1,1,1,0,13
1,1990,1,1,0,1,13
1,1993,1,1,1,0,13
1,2000,1,1,1,0,13
1,2007,1,1,0,0,13
1,2010,1,1,0,0,13
1,2019,1,1,0,0,13
1,2025,1,1,0,1,13
1,2031,1,1,0,1,13
1,2046,1,1,0,0,13
1,2050,1,1,0,0,13
1,2058,1,1,1,0,13
1,2080,1,1,1,0,13
1,2087,1,1,0,0,13
1,2089,1,1,0,1,13
1,2092,1,1,1,0,13
1,2093,1,1,1,0,13
1,2105,1,1,0,0,13
1,2107,1,1,0,1,13
1,2112,1,1,0,0,13
1,2117,1,1,1,0,13
1,2128,1,1,1,0,13
1,2138,1,1,1,0,13
1,2140,1,1,0,0,13
1,2142,1,1,0,1,13
1,2149,1,1,1,0,13
1,2166,1,1,0,1,13
1,2194,1,1,0,1,13
1,2209,1,1,0,0,13
1,2210,1,1,1,0,13
1,2213,1,1,0,1,13
1,2218,1,1,0,1,13
1,2221,1,1,0,0,13
1,2224,1,1,0,0,13
1,2245,1,1,1,0,13
1,2246,1,1,0,0,13
1,2249,1,1,0,0,13
1,2252,1,1,0,0,13
1,2253,1,1,0,0,13
1,2271,1,1,1,0,13
1,2286,1,1,1,0,13
1,2302,1,1,0,1,13
1,2306,1,1,0,0,13
1,2309,1,1,0,1,13
1,2314,1,1,0,1,13
1,2317,1,1,1,0,13
1,2318,1,1,0,0,13
1,2324,1,1,0,1,13
1,2328,1,1,1,0,13
1,2337,1,1,0,0,13
1,2340,1,1,1,0,13
1,2349,1,1,0,1,13
1,2351,1,1,0,1,13
1,2357,1,1,0,0,13
1,2365,1,1,0,0,13
1,2377,1,1,0,0,13
1,2387,1,1,0,1,13
1,2393,1,1,0,0,13
1,2403,1,1,0,1,13
1,2411,1,1,0,0,13
1,2413,1,1,0,0,13
1,2417,1,1,0,1,13
1,2418,1,1,0,1,13
1,2419,1,1,1,0,13
1,2423,1,1,0,0,13
1,2424,1,1,1,0,13
1,2425,1,1,0,0,13
1,2431,1,1,1,0,13
1,2434,1,1,0,0,13
1,2438,1,1,1,0,13
1,2443,1,1,1,0,13
1,2462,1,1,0,1,13
1,2465,1,1,0,0,13
1,2479,1,1,0,0,13
1,2483,1,1,0,0,13
1,2485,1,1,0,0,13
1,2486,1,1,0,1,13
1,2492,1,1,0,0,13
1,2494,1,1,1,0,13
1,2507,1,1,0,0,13
1,2508,1,1,0,1,13
1,2511,1,1,0,0,13
1,2533,1,1,0,1,13
1,2541,1,1,0,0,13
1,2553,1,1,0,1,13
1,2555,1,1,0,0,13
1,2557,1,1,0,0,13
1,2568,1,1,1,0,13
1,2571,1,1,0,1,13
1,2572,1,1,1,0,13
1,2573,1,1,1,0,13
1,2593,1,1,0,1,13
1,2599,1,1,0,1,13
1,2600,1,1,0,1,13
1,2603,1,1,0,1,13
1,2629,1,1,1,0,13
1,2636,1,1,0,0,13
1,2639,1,1,0,0,13
1,2641,1,1,0,0,13
1,2647,1,1,1,0,13
1,2648,1,1,1,0,13
1,2654,1,1,1,0,13
1,2662,1,1,0,1,13
1,2665,1,1,0,0,13
1,2680,1,1,1,0,13
1,2685,1,1,0,1,13
1,2687,1,1,1,0,13
1,2692,1,1,1,0,13
1,2693,1,1,0,1,13
1,2695,1,1,0,1,13
1,2697,1,1,0,0,13
1,2703,1,1,1,0,13
1,2706,1,1,1,0,13
1,2707,1,1,0,1,13
1,2709,1,1,1,0,13
1,2715,1,1,0,0,13
1,2727,1,1,0,1,13
1,2733,1,1,0,1,13
1,2735,1,1,1,0,13
1,2739,1,1,1,0,13
1,2743,1,1,1,0,13
1,2748,1,1,1,0,13
1,2759,1,1,1,0,13
1,2762,1,1,0,1,13
1,2767,1,1,0,0,13
1,2769,1,1,0,1,13
1,2777,1,1,0,0,13
1,2780,1,1,1,0,13
1,2782,1,1,0,0,13
1,2785,1,1,0,0,13
1,2787,1,1,0,1,13
1,2791,1,1,0,0,13
1,2796,1,1,1,0,13
1,2803,1,1,1,0,13
1,2815,1,1,1,0,13
1,2828,1,1,0,1,13
1,2852,1,1,1,0,13
1,2853,1,1,1,0,13
1,2855,1,1,0,1,13
1,2866,1,1,0,1,13
1,2868,1,1,0,0,13
1,2887,1,1,0,1,13
1,2898,1,1,0,0,13
1,2902,1,1,0,1,13
1,2903,1,1,1,0,13
1,2905,1,1,0,1,13
1,2916,1,1,0,1,13
1,2918,1,1,0,1,13
1,2929,1,1,0,0,13
1,2930,1,1,0,0,13
1,2931,1,1,0,1,13
1,2932,1,1,0,1,13
1,2943,1,1,1,0,13
1,2953,1,1,0,1,13
1,2965,1,1,0,1,13
1,2993,1,1,0,1,13
1,2998,1,1,0,0,13
1,2999,1,1,0,1,13
1,3003,1,1,1,0,13
1,3010,1,1,0,0,13
1,3011,1,1,0,1,13
1,3021,1,1,1,0,13
1,3026,1,1,1,0,13
1,3042,1,1,0,1,13
1,3044,1,1,1,0,13
1,3046,1,1,1,0,13
1,3050,1,1,1,0,13
1,3052,1,1,0,0,13
1,3054,1,1,1,0,13
1,3069,1,1,1,0,13
1,3071,1,1,0,0,13
1,3076,1,1,0,1,13
1,3078,1,1,0,1,13
1,3079,1,1,1,0,13
1,3095,1,1,0,0,13
1,3100,1,1,0,0,13
1,3101,1,1,0,0,13
1,3103,1,1,0,0,13
1,3105,1,1,1,0,13
1,3115,1,1,0,0,13
1,3130,1,1,0,0,13
1,3155,1,1,0,0,13
1,3171,1,1,0,0,13
1,3172,1,1,0,1,13
1,3175,1,1,1,0,13
1,3184,1,1,0,1,13
1,3192,1,1,0,1,13
1,3196,1,1,1,0,13
1,3202,1,1,0,1,13
1,3203,1,1,1,0,13
1,3204,1,1,0,1,13
1,3207,1,1,0,0,13
1,3218,1,1,1,0,13
1,3233,1,1,0,1,13
1,3244,1,1,0,0,13
1,3255,1,1,0,1,13
1,3269,1,1,0,0,13
1,3282,1,1,1,0,13
1,3284,1,1,1,0,13
1,3290,1,1,0,0,13
1,3292,1,1,0,0,13
1,3297,1,1,0,1,13
1,3304,1,1,0,0,13
1,3318,1,1,0,1,13
1,3322,1,1,0,1,13
1,3327,1,1,0,0,13
1,3336,1,1,0,0,13
1,3342,1,1,0,0,13
1,3357,1,1,0,0,13
1,3369,1,1,0,0,13
1,3371,1,1,1,0,13
1,3385,1,1,1,0,13
1,3393,1,1,0,1,13
1,3405,1,1,0,1,13
1,3408,1,1,1,0,13
1,3409,1,1,0,0,13
1,3413,1,1,0,0,13
1,3415,1,1,0,0,13
1,3418,1,1,1,0,13
1,3421,1,1,0,0,13
1,3436,1,1,0,1,13
1,3442,1,1,0,0,13
1,3443,1,1,0,1,13
1,3444,1,1,0,1,13
1,3448,1,1,0,0,13
1,3460,1,1,0,1,13
1,3464,1,1,0,0,13
1,3465,1,1,1,0,13
1,3475,1,1,0,0,13
1,3482,1,1,0,0,13
1,3487,1,1,0,0,13
1,3493,1,1,0,1,13
1,3494,1,1,0,0,13
1,3499,1,1,1,0,13
1,3504,1,1,1,0,13
1,3506,1,1,0,0,13
1,3508,1,1,0,0,13
1,3509,1,1,0,0,13
1,3514,1,1,1,0,13
1,3520,1,1,1,0,13
1,3533,1,1,1,0,13
1,3545,1,1,1,0,13
1,3557,1,1,1,0,13
1,3559,1,1,1,0,13
1,3565,1,1,0,1,13
1,3572,1,1,1,0,13
1,3575,1,1,0,0,13
1,3576,1,1,1,0,13
1,3590,1,1,0,1,13
1,3611,1,1,0,1,13
1,3620,1,1,1,0,13
1,3624,1,1,1,0,13
1,3633,1,1,0,0,13
1,3634,1,1,1,0,13
1,3653,1,1,0,0,13
1,3654,1,1,1,0,13
1,3663,1,1,0,0,13
1,3667,1,1,0,1,13
1,3676,1,1,0,0,13
1,3683,1,1,0,0,13
1,3701,1,1,0,0,13
1,3713,1,1,1,0,13
1,3714,1,1,0,0,13
1,3715,1,1,0,0,13
1,3723,1,1,0,1,13
1,3725,1,1,0,0,13
1,3731,1,1,1,0,13
1,3736,1,1,0,0,13
1,3738,1,1,0,1,13
1,3743,1,1,0,0,13
1,3747,1,1,0,1,13
1,3751,1,1,0,0,13
1,3761,1,1,0,1,13
1,3763,1,1,0,1,13
1,3777,1,1,1,0,13
1,3780,1,1,0,0,13
1,3798,1,1,0,1,13
1,3805,1,1,0,1,13
1,3806,1,1,0,0,13
1,3807,1,1,0,0,13
1,3817,1,1,0,0,13
1,3833,1,1,0,1,13
1,3844,1,1,0,0,13
1,3864,1,1,0,1,13
1,3874,1,1,0,0,13
1,3890,1,1,0,0,13
1,3900,1,1,0,1,13
1,3911,1,1,0,1,13
1,3914,1,1,1,0,13
1,3919,1,1,1,0,13
1,3920,1,1,0,0,13
1,3921,1,1,0,1,13
1,3928,1,1,0,1,13
1,3933,1,1,0,1,13
1,3960,1,1,1,0,13
1,3965,1,1,0,0,13
1,3968,1,1,0,0,13
1,3969,1,1,0,0,13
1,3973,1,1,0,1,13
1,3978,1,1,0,1,13
1,3981,1,1,0,1,13
1,3985,1,1,0,1,13
1,3987,1,1,0,1,13
1,3991,1,1,0,0,13
1,3995,1,1,0,0,13
1,3997,1,1,1,0,13
1,4007,1,1,0,0,13
1,4014,1,1,1,0,13
1,4016,1,1,0,1,13
1,4050,1,1,0,1,13
1,4056,1,1,0,0,13
1,4066,1,1,1,0,13
1,4069,1,1,0,1,13
1,4071,1,1,0,0,13
1,4072,1,1,0,0,13
1,4077,1,1,0,1,13
1,4078,1,1,0,0,13
1,4080,1,1,0,0,13
1,4082,1,1,1,0,13
1,4084,1,1,0,0,13
1,4086,1,1,0,1,13
1,4123,1,1,0,1,13
1,4140,1,1,0,0,13
1,4161,1,1,1,0,13
1,4166,1,1,0,0,13
1,4188,1,1,1,0,13
1,4192,1,1,0,0,13
1,4200,1,1,1,0,13
1,4208,1,1,0,1,13
1,4211,1,1,0,0,13
1,4217,1,1,1,0,13
1,4232,1,1,0,0,13
1,4233,1,1,0,1,13
1,4237,1,1,1,0,13
1,4239,1,1,1,0,13
1,4254,1,1,1,0,13
1,4265,1,1,0,0,13
1,4266,1,1,1,0,13
1,4281,1,1,0,0,13
1,4285,1,1,1,0,13
1,4299,1,1,0,0,13
1,4300,1,1,1,0,13
1,4306,1,1,1,0,13
1,4330,1,1,1,0,13
1,4335,1,1,1,0,13
1,4337,1,1,0,1,13
1,4348,1,1,0,0,13
1,4356,1,1,0,1,13
1,4358,1,1,0,1,13
1,4368,1,1,0,1,13
1,4376,1,1,1,0,13
1,4381,1,1,0,0,13
1,4389,1,1,0,0,13
1,4400,1,1,0,1,13
1,4402,1,1,0,1,13
1,4408,1,1,0,0,13
1,4412,1,1,1,0,13
1,4417,1,1,0,0,13
1,4421,1,1,0,0,13
1,4423,1,1,1,0,13
1,4435,1,1,0,0,13
1,4436,1,1,0,0,13
1,4447,1,1,0,1,13
1,4451,1,1,0,1,13
1,4461,1,1,0,1,13
1,4479,1,1,0,0,13
1,4488,1,1,0,0,13
1,4490,1,1,0,0,13
1,4491,1,1,0,1,13
1,4516,1,1,1,0,13
1,4520,1,1,1,0,13
1,4527,1,1,0,0,13
1,4528,1,1,1,0,13
1,4538,1,1,1,0,13
1,4544,1,1,0,0,13
1,4546,1,1,0,1,13
1,4551,1,1,0,1,13
1,4573,1,1,0,0,13
1,4575,1,1,0,0,13
1,4581,1,1,1,0,13
1,4595,1,1,1,0,13
1,4598,1,1,1,0,13
1,4604,1,1,0,1,13
1,4619,1,1,0,1,13
1,4620,1,1,1,0,13
1,4627,1,1,0,0,13
1,4635,1,1,0,1,13
1,4638,1,1,0,0,13
1,4651,1,1,1,0,13
1,4652,1,1,0,1,13
1,4655,1,1,1,0,13
1,4657,1,1,1,0,13
1,4658,1,1,0,1,13
1,4662,1,1,0,0,13
1,4671,1,1,1,0,13
1,4673,1,1,0,0,13
1,4674,1,1,0,0,13
1,4682,1,1,0,0,13
1,4685,1,1,1,0,13
1,4688,1,1,0,0,13
1,4694,1,1,0,0,13
1,4700,1,1,1,0,13
1,4712,1,1,1,0,13
1,4720,1,1,0,1,13
1,4724,1,1,1,0,13
1,4726,1,1,0,0,13
1,4731,1,1,1,0,13
1,4732,1,1,1,0,13
1,4748,1,1,0,1,13
1,4749,1,1,0,0,13
1,4751,1,1,0,0,13
1,4755,1,1,0,1,13
1,4759,1,1,1,0,13
1,4774,1,1,0,0,13
1,4785,1,1,1,0,13
1,4788,1,1,1,0,13
1,4792,1,1,0,0,13
1,4793,1,1,1,0,13
1,4794,1,1,0,1,13
1,4796,1,1,1,0,13
1,4801,1,1,0,1,13
1,4808,1,1,0,1,13
1,4813,1,1,1,0,13
1,4817,1,1,1,0,13
1,4827,1,1,1,0,13
1,4831,1,1,0,1,13
1,4844,1,1,1,0,13
1,4845,1,1,1,0,13
1,4848,1,1,0,0,13
1,4857,1,1,0,0,13
1,4872,1,1,0,1,13
1,4880,1,1,0,1,13
1,4882,1,1,0,1,13
1,4890,1,1,0,1,13
1,4900,1,1,0,0,13
1,4903,1,1,0,1,13
1,4916,1,1,0,0,13
1,4921,1,1,1,0,13
1,4923,1,1,0,0,13
1,4930,1,1,0,0,13
1,4932,1,1,0,0,13
1,4940,1,1,0,0,13
1,4949,1,1,0,1,13
1,4950,1,1,0,0,13
1,4951,1,1,0,1,13
1,4963,1,1,0,0,13
1,4974,1,1,0,0,13
1,4980,1,1,0,0,13
1,4981,1,1,0,0,13
1,4987,1,1,0,1,13
1,4995,1,1,1,0,13
1,37,1,3,1,0,14
1,64,1,3,0,0,14
1,68,1,3,0,0,14
1,70,1,3,0,0,14
1,71,1,3,0,3,14
1,75,1,3,0,3,14
1,79,1,3,1,0,14
1,90,1,3,0,3,14
1,91,1,3,0,0,14
1,173,1,3,0,0,14
1,183,1,3,0,3,14
1,191,1,3,0,0,14
1,200,1,3,1,0,14
1,201,1,3,0,0,14
1,215,1,3,0,0,14
1,218,1,3,1,0,14
1,219,1,3,0,3,14
1,229,1,3,1,0,14
1,242,1,3,1,0,14
1,245,1,3,1,0,14
1,252,1,3,0,3,14
1,263,1,3,0,0,14
1,290,1,3,0,0,14
1,291,1,3,0,0,14
1,300,1,3,1,0,14
1,302,1,3,0,0,14
1,304,1,3,1,0,14
1,310,1,3,1,0,14
1,325,1,3,0,0,14
1,334,1,3,1,0,14
1,366,1,3,1,0,14
1,383,1,3,0,1,14
1,387,1,3,0,3,14
1,431,1,3,0,0,14
1,438,1,3,1,0,14
1,455,1,3,0,3,14
1,457,1,3,1,0,14
1,486,1,3,0,1,14
1,489,1,3,0,0,14
1,510,1,3,0,0,14
1,513,1,3,1,0,14
1,523,1,3,0,0,14
1,539,1,3,0,3,14
1,555,1,3,0,1,14
1,558,1,3,1,0,14
1,561,1,3,0,0,14
1,580,1,3,0,0,14
1,609,1,3,1,0,14
1,623,1,3,1,0,14
1,625,1,3,0,0,14
1,633,1,3,0,0,14
1,642,1,3,0,1,14
1,658,1,3,1,0,14
1,687,1,3,0,0,14
1,724,1,3,0,1,14
1,731,1,3,0,0,14
1,740,1,3,0,0,14
1,758,1,3,1,0,14
1,770,1,3,0,0,14
1,809,1,3,0,0,14
1,821,1,3,1,0,14
1,834,1,3,0,0,14
1,839,1,3,1,0,14
1,870,1,3,1,0,14
1,896,1,3,0,0,14
1,912,1,3,0,3,14
1,927,1,3,1,0,14
1,972,1,3,0,3,14
1,975,1,3,1,0,14
1,982,1,3,0,0,14
1,989,1,3,1,0,14
1,1007,1,3,1,0,14
1,1008,1,3,0,1,14
1,1012,1,3,0,3,14
1,1023,1,3,0,0,14
1,1026,1,3,0,3,14
1,1036,1,3,0,1,14
1,1044,1,3,0,3,14
1,1048,1,3,1,0,14
1,1052,1,3,0,0,14
1,1062,1,3,0,0,14
1,1066,1,3,0,0,14
1,1069,1,3,0,3,14
1,1071,1,3,1,0,14
1,1076,1,3,0,0,14
1,1092,1,3,0,0,14
1,1139,1,3,0,1,14
1,1142,1,3,0,3,14
1,1144,1,3,0,1,14
1,1147,1,3,0,1,14
1,1161,1,3,0,0,14
1,1178,1,3,0,1,14
1,1190,1,3,0,1,14
1,1208,1,3,0,3,14
1,1222,1,3,0,3,14
1,1226,1,3,0,0,14
1,1251,1,3,0,3,14
1,1278,1,3,0,0,14
1,1281,1,3,0,3,14
1,1283,1,3,0,1,14
1,1301,1,3,0,0,14
1,1302,1,3,1,0,14
1,1304,1,3,0,0,14
1,1318,1,3,0,0,14
1,1323,1,3,0,0,14
1,1327,1,3,0,0,14
1,1348,1,3,1,0,14
1,1349,1,3,0,1,14
1,1401,1,3,0,0,14
1,1404,1,3,0,0,14
1,1418,1,3,0,0,14
1,1431,1,3,0,0,14
1,1438,1,3,1,0,14
1,1462,1,3,1,0,14
1,1471,1,3,0,3,14
1,1493,1,3,0,0,14
1,1502,1,3,0,0,14
1,1507,1,3,0,0,14
1,1508,1,3,0,0,14
1,1522,1,3,1,0,14
1,1581,1,3,0,3,14
1,1588,1,3,1,0,14
1,1597,1,3,0,0,14
1,1608,1,3,0,3,14
1,1624,1,3,0,0,14
1,1641,1,3,0,0,14
1,1647,1,3,0,0,14
1,1653,1,3,0,3,14
1,1662,1,3,0,1,14
1,1677,1,3,0,0,14
1,1678,1,3,1,0,14
1,1683,1,3,0,0,14
1,1710,1,3,0,3,14
1,1719,1,3,0,0,14
1,1722,1,3,0,1,14
1,1751,1,3,0,3,14
1,1753,1,3,0,1,14
1,1778,1,3,0,0,14
1,1786,1,3,1,0,14
1,1799,1,3,1,0,14
1,1806,1,3,0,3,14
1,1815,1,3,1,0,14
1,1824,1,3,1,0,14
1,1830,1,3,0,0,14
1,1834,1,3,1,0,14
1,1841,1,3,0,1,14
1,1844,1,3,1,0,14
1,1858,1,3,1,0,14
1,1878,1,3,0,0,14
1,1918,1,3,0,1,14
1,1922,1,3,1,0,14
1,1925,1,3,0,0,14
1,1961,1,3,1,0,14
1,1966,1,3,0,0,14
1,1981,1,3,0,0,14
1,1991,1,3,1,0,14
1,2009,1,3,0,1,14
1,2020,1,3,0,0,14
1,2049,1,3,1,0,14
1,2060,1,3,0,0,14
1,2061,1,3,1,0,14
1,2064,1,3,0,0,14
1,2075,1,3,0,0,14
1,2083,1,3,1,0,14
1,2102,1,3,1,0,14
1,2133,1,3,0,0,14
1,2137,1,3,0,0,14
1,2161,1,3,1,0,14
1,2181,1,3,0,0,14
1,2182,1,3,1,0,14
1,2187,1,3,0,0,14
1,2206,1,3,0,0,14
1,2222,1,3,1,0,14
1,2230,1,3,0,0,14
1,2231,1,3,1,0,14
1,2233,1,3,1,0,14
1,2242,1,3,1,0,14
1,2248,1,3,1,0,14
1,2272,1,3,1,0,14
1,2277,1,3,0,0,14
1,2289,1,3,0,0,14
1,2300,1,3,1,0,14
1,2310,1,3,1,0,14
1,2319,1,3,0,3,14
1,2323,1,3,1,0,14
1,2333,1,3,0,0,14
1,2342,1,3,1,0,14
1,2354,1,3,0,3,14
1,2371,1,3,0,3,14
1,2439,1,3,1,0,14
1,2449,1,3,0,0,14
1,2471,1,3,0,3,14
1,2476,1,3,0,3,14
1,2497,1,3,0,1,14
1,2501,1,3,0,1,14
1,2502,1,3,1,0,14
1,2538,1,3,1,0,14
1,2566,1,3,1,0,14
1,2567,1,3,1,0,14
1,2609,1,3,0,0,14
1,2612,1,3,0,1,14
1,2616,1,3,1,0,14
1,2620,1,3,0,1,14
1,2642,1,3,1,0,14
1,2649,1,3,1,0,14
1,2679,1,3,0,0,14
1,2710,1,3,0,3,14
1,2757,1,3,1,0,14
1,2771,1,3,0,0,14
1,2772,1,3,0,0,14
1,2794,1,3,1,0,14
1,2809,1,3,0,0,14
1,2826,1,3,1,0,14
1,2840,1,3,1,0,14
1,2881,1,3,1,0,14
1,2917,1,3,1,0,14
1,2922,1,3,1,0,14
1,2955,1,3,0,0,14
1,2972,1,3,0,3,14
1,2988,1,3,0,3,14
1,3057,1,3,0,1,14
1,3072,1,3,1,0,14
1,3074,1,3,0,0,14
1,3080,1,3,1,0,14
1,3081,1,3,1,0,14
1,3128,1,3,0,3,14
1,3132,1,3,0,0,14
1,3133,1,3,0,0,14
1,3140,1,3,0,3,14
1,3147,1,3,1,0,14
1,3159,1,3,0,0,14
1,3220,1,3,1,0,14
1,3245,1,3,0,0,14
1,3249,1,3,0,0,14
1,3267,1,3,0,0,14
1,3271,1,3,0,1,14
1,3273,1,3,0,0,14
1,3276,1,3,0,1,14
1,3288,1,3,0,0,14
1,3311,1,3,0,1,14
1,3328,1,3,0,0,14
1,3346,1,3,0,3,14
1,3355,1,3,0,0,14
1,3359,1,3,0,1,14
1,3361,1,3,0,0,14
1,3363,1,3,0,1,14
1,3381,1,3,0,0,14
1,3390,1,3,0,0,14
1,3440,1,3,0,0,14
1,3447,1,3,0,3,14
1,3484,1,3,1,0,14
1,3489,1,3,0,0,14
1,3497,1,3,0,0,14
1,3537,1,3,1,0,14
1,3551,1,3,0,0,14
1,3552,1,3,0,1,14
1,3573,1,3,0,0,14
1,3581,1,3,0,0,14
1,3645,1,3,0,0,14
1,3647,1,3,0,1,14
1,3681,1,3,1,0,14
1,3685,1,3,0,0,14
1,3687,1,3,0,0,14
1,3709,1,3,0,0,14
1,3710,1,3,0,1,14
1,3726,1,3,0,3,14
1,3784,1,3,1,0,14
1,3789,1,3,0,0,14
1,3792,1,3,0,3,14
1,3800,1,3,0,0,14
1,3829,1,3,0,0,14
1,3845,1,3,0,0,14
1,3878,1,3,1,0,14
1,3881,1,3,0,1,14
1,3886,1,3,0,0,14
1,3938,1,3,0,0,14
1,3940,1,3,1,0,14
1,3951,1,3,0,0,14
1,3954,1,3,0,1,14
1,4009,1,3,0,3,14
1,4023,1,3,0,0,14
1,4024,1,3,0,0,14
1,4027,1,3,0,3,14
1,4065,1,3,0,0,14
1,4068,1,3,0,0,14
1,4074,1,3,0,1,14
1,4090,1,3,0,3,14
1,4105,1,3,1,0,14
1,4115,1,3,0,0,14
1,4120,1,3,0,1,14
1,4128,1,3,0,0,14
1,4135,1,3,0,1,14
1,4146,1,3,0,0,14
1,4147,1,3,0,0,14
1,4173,1,3,0,1,14
1,4175,1,3,0,3,14
1,4204,1,3,0,3,14
1,4255,1,3,0,1,14
1,4256,1,3,0,0,14
1,4262,1,3,0,0,14
1,4270,1,3,1,0,14
1,4276,1,3,0,0,14
1,4286,1,3,1,0,14
1,4295,1,3,1,0,14
1,4298,1,3,0,1,14
1,4308,1,3,0,1,14
1,4322,1,3,1,0,14
1,4339,1,3,1,0,14
1,4354,1,3,1,0,14
1,4360,1,3,0,0,14
1,4384,1,3,0,0,14
1,4409,1,3,0,0,14
1,4424,1,3,1,0,14
1,4440,1,3,1,0,14
1,4443,1,3,0,1,14
1,4444,1,3,0,0,14
1,4449,1,3,0,1,14
1,4476,1,3,0,0,14
1,4480,1,3,1,0,14
1,4482,1,3,1,0,14
1,4489,1,3,1,0,14
1,4493,1,3,1,0,14
1,4497,1,3,1,0,14
1,4499,1,3,0,1,14
1,4507,1,3,0,0,14
1,4518,1,3,0,3,14
1,4559,1,3,1,0,14
1,4583,1,3,0,3,14
1,4596,1,3,1,0,14
1,4599,1,3,0,0,14
1,4629,1,3,0,0,14
1,4634,1,3,1,0,14
1,4670,1,3,1,0,14
1,4699,1,3,0,0,14
1,4710,1,3,1,0,14
1,4715,1,3,1,0,14
1,4725,1,3,0,0,14
1,4730,1,3,0,0,14
1,4741,1,3,0,3,14
1,4752,1,3,1,0,14
1,4754,1,3,0,0,14
1,4761,1,3,0,1,14
1,4773,1,3,0,3,14
1,4784,1,3,0,0,14
1,4787,1,3,0,0,14
1,4798,1,3,1,0,14
1,4799,1,3,0,0,14
1,4811,1,3,1,0,14
1,4819,1,3,1,0,14
1,4823,1,3,1,0,14
1,4834,1,3,1,0,14
1,4838,1,3,0,0,14
1,4840,1,3,0,0,14
1,4854,1,3,0,1,14
1,4855,1,3,0,0,14
1,4869,1,3,0,0,14
1,4870,1,3,1,0,14
1,4892,1,3,0,0,14
1,4933,1,3,0,0,14
1,4947,1,3,0,0,14
1,4957,1,3,0,0,14
1,4994,1,3,1,0,14
2,2,3,0,0,0,0
2,25,3,0,0,0,0
2,31,3,0,1,0,0
2,34,3,0,3,0,0
2,53,3,0,1,0,0
2,58,3,0,1,0,0
2,67,3,0,0,0,0
2,73,3,0,3,0,0
2,74,3,0,3,0,0
2,80,3,0,0,0,0
2,88,3,0,1,0,0
2,92,3,0,0,0,0
2,98,3,0,0,0,0
2,105,3,0,0,0,0
2,106,3,0,1,0,0
2,142,3,0,1,0,0
2,154,3,0,0,0,0
2,156,3,0,0,0,0
2,160,3,0,0,0,0
2,187,3,0,1,0,0
2,199,3,0,3,0,0
2,212,3,0,1,0,0
2,224,3,0,0,0,0
2,249,3,0,3,0,0
2,277,3,0,3,0,0
2,298,3,0,3,0,0
2,324,3,0,0,0,0
2,328,3,0,3,0,0
2,363,3,0,1,0,0
2,375,3,0,1,0,0
2,410,3,0,1,0,0
2,411,3,0,0,0,0
2,413,3,0,0,0,0
2,416,3,0,3,0,0
2,434,3,0,0,0,0
2,444,3,0,3,0,0
2,458,3,0,1,0,0
2,460,3,0,0,0,0
2,502,3,0,1,0,0
2,503,3,0,1,0,0
2,509,3,0,1,0,0
2,519,3,0,1,0,0
2,528,3,0,0,0,0
2,529,3,0,0,0,0
2,532,3,0,3,0,0
2,546,3,0,1,0,0
2,549,3,0,1,0,0
2,551,3,0,1,0,0
2,562,3,0,3,0,0
2,620,3,0,3,0,0
2,654,3,0,1,0,0
2,666,3,0,1,0,0
2,681,3,0,0,0,0
2,684,3,0,1,0,0
2,714,3,0,1,0,0
2,734,3,0,3,0,0
2,768,3,0,1,0,0
2,771,3,0,1,0,0
2,780,3,0,3,0,0
2,789,3,0,0,0,0
2,793,3,0,1,0,0
2,820,3,0,0,0,0
2,845,3,0,1,0,0
2,869,3,0,1,0,0
2,922,3,0,1,0,0
2,983,3,0,0,0,0
2,1003,3,0,0,0,0
2,1015,3,0,0,0,0
2,1021,3,0,0,0,0
2,1027,3,0,0,0,0
2,1122,3,0,0,0,0
2,1133,3,0,3,0,0
2,1140,3,0,3,0,0
2,1150,3,0,1,0,0
2,1151,3,0,0,0,0
2,1157,3,0,0,0,0
2,1159,3,0,0,0,0
2,1176,3,0,1,0,0
2,1184,3,0,1,0,0
2,1188,3,0,1,0,0
2,1195,3,0,0,0,0
2,1197,3,0,0,0,0
2,1210,3,0,0,0,0
2,1241,3,0,1,0,0
2,1243,3,0,0,0,0
2,1257,3,0,1,0,0
2,1264,3,0,0,0,0
2,1287,3,0,0,0,0
2,1306,3,0,0,0,0
2,1307,3,0,1,0,0
2,1328,3,0,0,0,0
2,1355,3,0,1,0,0
2,1356,3,0,0,0,0
2,1371,3,0,1,0,0
2,1394,3,0,1,0,0
2,1415,3,0,1,0,0
2,1421,3,0,0,0,0
2,1433,3,0,1,0,0
2,1451,3,0,1,0,0
2,1461,3,0,0,0,0
2,1484,3,0,0,0,0
2,1501,3,0,1,0,0
2,1518,3,0,1,0,0
2,1520,3,0,1,0,0
2,1521,3,0,0,0,0
2,1536,3,0,1,0,0
2,1538,3,0,1,0,0
2,1546,3,0,0,0,0
2,1553,3,0,0,0,0
2,1564,3,0,0,0,0
2,1575,3,0,0,0,0
2,1577,3,0,0,0,0
2,1603,3,0,0,0,0
2,1629,3,0,3,0,0
2,1636,3,0,0,0,0
2,1648,3,0,3,0,0
2,1652,3,0,0,0,0
2,1657,3,0,0,0,0
2,1661,3,0,0,0,0
2,1669,3,0,0,0,0
2,1684,3,0,3,0,0
2,1685,3,0,1,0,0
2,1697,3,0,3,0,0
2,1712,3,0,1,0,0
2,1714,3,0,3,0,0
2,1715,3,0,0,0,0
2,1730,3,0,0,0,0
2,1745,3,0,0,0,0
2,1766,3,0,1,0,0
2,1769,3,0,0,0,0
2,1790,3,0,3,0,0
2,1817,3,0,0,0,0
2,1818,3,0,3,0,0
2,1821,3,0,0,0,0
2,1829,3,0,0,0,0
2,1882,3,0,1,0,0
2,1897,3,0,1,0,0
2,1930,3,0,0,0,0
2,1938,3,0,3,0,0
2,1949,3,0,0,0,0
2,1969,3,0,1,0,0
2,1972,3,0,0,0,0
2,1986,3,0,3,0,0
2,1987,3,0,1,0,0
2,1992,3,0,3,0,0
2,2013,3,0,0,0,0
2,2022,3,0,0,0,0
2,2053,3,0,0,0,0
2,2076,3,0,1,0,0
2,2098,3,0,1,0,0
2,2108,3,0,3,0,0
2,2165,3,0,1,0,0
2,2188,3,0,1,0,0
2,2189,3,0,1,0,0
2,2192,3,0,0,0,0
2,2196,3,0,0,0,0
2,2203,3,0,1,0,0
2,2234,3,0,1,0,0
2,2236,3,0,1,0,0
2,2244,3,0,0,0,0
2,2256,3,0,0,0,0
2,2258,3,0,3,0,0
2,2260,3,0,1,0,0
2,2291,3,0,0,0,0
2,2301,3,0,0,0,0
2,2320,3,0,1,0,0
2,2327,3,0,0,0,0
2,2329,3,0,0,0,0
2,2339,3,0,1,0,0
2,2341,3,0,0,0,0
2,2348,3,0,0,0,0
2,2353,3,0,3,0,0
2,2367,3,0,0,0,0
2,2368,3,0,0,0,0
2,2378,3,0,0,0,0
2,2379,3,0,1,0,0
2,2382,3,0,3,0,0
2,2390,3,0,0,0,0
2,2412,3,0,1,0,0
2,2437,3,0,0,0,0
2,2470,3,0,0,0,0
2,2490,3,0,0,0,0
2,2495,3,0,3,0,0
2,2504,3,0,0,0,0
2,2516,3,0,0,0,0
2,2546,3,0,1,0,0
2,2547,3,0,1,0,0
2,2550,3,0,1,0,0
2,2560,3,0,1,0,0
2,2578,3,0,1,0,0
2,2586,3,0,1,0,0
2,2604,3,0,3,0,0
2,2605,3,0,0,0,0
2,2606,3,0,1,0,0
2,2610,3,0,3,0,0
2,2618,3,0,0,0,0
2,2621,3,0,1,0,0
2,2626,3,0,0,0,0
2,2627,3,0,1,0,0
2,2634,3,0,1,0,0
2,2656,3,0,0,0,0
2,2672,3,0,1,0,0
2,2674,3,0,1,0,0
2,2699,3,0,1,0,0
2,2702,3,0,1,0,0
2,2724,3,0,0,0,0
2,2726,3,0,0,0,0
2,2740,3,0,0,0,0
2,2747,3,0,1,0,0
2,2778,3,0,1,0,0
2,2806,3,0,1,0,0
2,2818,3,0,0,0,0
2,2819,3,0,0,0,0
2,2831,3,0,0,0,0
2,2850,3,0,1,0,0
2,2867,3,0,0,0,0
2,2874,3,0,0,0,0
2,2944,3,0,3,0,0
2,2983,3,0,1,0,0
2,2989,3,0,1,0,0
2,2990,3,0,0,0,0
2,2994,3,0,1,0,0
2,2997,3,0,1,0,0
2,3012,3,0,1,0,0
2,3028,3,0,1,0,0
2,3077,3,0,1,0,0
2,3086,3,0,0,0,0
2,3102,3,0,0,0,0
2,3109,3,0,0,0,0
2,3123,3,0,0,0,0
2,3126,3,0,0,0,0
2,3139,3,0,0,0,0
2,3142,3,0,3,0,0
2,3149,3,0,1,0,0
2,3156,3,0,1,0,0
2,3165,3,0,1,0,0
2,3200,3,0,0,0,0
2,3205,3,0,0,0,0
2,3208,3,0,0,0,0
2,3236,3,0,0,0,0
2,3238,3,0,0,0,0
2,3239,3,0,0,0,0
2,3243,3,0,0,0,0
2,3254,3,0,3,0,0
2,3256,3,0,0,0,0
2,3270,3,0,3,0,0
2,3281,3,0,0,0,0
2,3289,3,0,0,0,0
2,3296,3,0,0,0,0
2,3300,3,0,1,0,0
2,3349,3,0,3,0,0
2,3360,3,0,0,0,0
2,3379,3,0,0,0,0
2,3388,3,0,3,0,0
2,3394,3,0,0,0,0
2,3402,3,0,0,0,0
2,3406,3,0,1,0,0
2,3416,3,0,1,0,0
2,3425,3,0,3,0,0
2,3426,3,0,1,0,0
2,3454,3,0,0,0,0
2,3498,3,0,0,0,0
2,3507,3,0,1,0,0
2,3516,3,0,0,0,0
2,3593,3,0,0,0,0
2,3595,3,0,0,0,0
2,3598,3,0,0,0,0
2,3607,3,0,0,0,0
2,3617,3,0,1,0,0
2,3665,3,0,1,0,0
2,3669,3,0,0,0,0
2,3670,3,0,0,0,0
2,3686,3,0,3,0,0
2,3689,3,0,1,0,0
2,3691,3,0,0,0,0
2,3697,3,0,1,0,0
2,3703,3,0,0,0,0
2,3728,3,0,0,0,0
2,3765,3,0,1,0,0
2,3766,3,0,0,0,0
2,3769,3,0,0,0,0
2,3772,3,0,0,0,0
2,3783,3,0,1,0,0
2,3802,3,0,0,0,0
2,3835,3,0,0,0,0
2,3839,3,0,3,0,0
2,3851,3,0,3,0,0
2,3858,3,0,1,0,0
2,3877,3,0,3,0,0
2,3883,3,0,1,0,0
2,3917,3,0,0,0,0
2,3924,3,0,3,0,0
2,3927,3,0,1,0,0
2,3971,3,0,1,0,0
2,4001,3,0,3,0,0
2,4012,3,0,0,0,0
2,4020,3,0,3,0,0
2,4030,3,0,3,0,0
2,4049,3,0,1,0,0
2,4094,3,0,1,0,0
2,4095,3,0,1,0,0
2,4097,3,0,3,0,0
2,4110,3,0,0,0,0
2,4124,3,0,3,0,0
2,4139,3,0,1,0,0
2,4155,3,0,1,0,0
2,4165,3,0,0,0,0
2,4172,3,0,0,0,0
2,4210,3,0,1,0,0
2,4222,3,0,1,0,0
2,4225,3,0,1,0,0
2,4277,3,0,0,0,0
2,4293,3,0,1,0,0
2,4312,3,0,0,0,0
2,4313,3,0,3,0,0
2,4320,3,0,0,0,0
2,4331,3,0,0,0,0
2,4338,3,0,0,0,0
2,4347,3,0,0,0,0
2,4362,3,0,0,0,0
2,4370,3,0,0,0,0
2,4396,3,0,0,0,0
2,4411,3,0,0,0,0
2,4454,3,0,1,0,0
2,4472,3,0,0,0,0
2,4495,3,0,3,0,0
2,4504,3,0,0,0,0
2,4506,3,0,1,0,0
2,4508,3,0,3,0,0
2,4513,3,0,3,0,0
2,4548,3,0,1,0,0
2,4555,3,0,0,0,0
2,4560,3,0,0,0,0
2,4574,3,0,0,0,0
2,4592,3,0,0,0,0
2,4602,3,0,0,0,0
2,4622,3,0,0,0,0
2,4633,3,0,0,0,0
2,4639,3,0,0,0,0
2,4646,3,0,1,0,0
2,4679,3,0,1,0,0
2,4687,3,0,0,0,0
2,4697,3,0,0,0,0
2,4713,3,0,3,0,0
2,4734,3,0,1,0,0
2,4742,3,0,3,0,0
2,4779,3,0,0,0,0
2,4802,3,0,0,0,0
2,4826,3,0,3,0,0
2,4841,3,0,0,0,0
2,4842,3,0,1,0,0
2,4871,3,0,0,0,0
2,4911,3,0,1,0,0
2,4918,3,0,1,0,0
2,4919,3,0,0,0,0
2,4934,3,0,1,0,0
2,4936,3,0,0,0,0
2,4945,3,0,0,0,0
2,4952,3,0,3,0,0
2,4954,3,0,3,0,0
2,4973,3,0,1,0,0
2,4975,3,0,1,0,0
2,4984,3,0,3,0,0
2,4989,3,0,0,0,0
2,22,1,1,0,0,1
2,38,1,1,0,0,1
2,52,1,1,1,0,1
2,61,1,1,0,0,1
2,76,1,1,1,0,1
2,117,1,1,0,1,1
2,122,1,1,0,1,1
2,131,1,1,1,0,1
2,174,1,1,0,0,1
2,186,1,1,0,1,1
2,192,1,1,0,0,1
2,210,1,1,0,0,1
2,214,1,1,1,0,1
2,222,1,1,0,1,1
2,239,1,1,0,0,1
2,264,1,1,0,0,1
2,270,1,1,0,0,1
2,286,1,1,0,1,1
2,293,1,1,0,0,1
2,303,1,1,0,0,1
2,306,1,1,0,0,1
2,365,1,1,0,0,1
2,385,1,1,0,1,1
2,426,1,1,1,0,1
2,471,1,1,1,0,1
2,514,1,1,0,1,1
2,524,1,1,0,0,1
2,527,1,1,0,1,1
2,537,1,1,0,0,1
2,564,1,1,0,1,1
2,569,1,1,0,0,1
2,593,1,1,1,0,1
2,601,1,1,0,0,1
2,602,1,1,1,0,1
2,628,1,1,1,0,1
2,629,1,1,1,0,1
2,637,1,1,0,1,1
2,656,1,1,0,1,1
2,662,1,1,1,0,1
2,664,1,1,0,0,1
2,712,1,1,0,1,1
2,716,1,1,1,0,1
2,722,1,1,1,0,1
2,755,1,1,1,0,1
2,756,1,1,1,0,1
2,761,1,1,0,1,1
2,800,1,1,0,0,1
2,802,1,1,0,1,1
2,824,1,1,1,0,1
2,825,1,1,0,0,1
2,826,1,1,0,0,1
2,842,1,1,0,1,1
2,851,1,1,1,0,1
2,855,1,1,1,0,1
2,892,1,1,1,0,1
2,893,1,1,1,0,1
2,902,1,1,1,0,1
2,923,1,1,0,1,1
2,929,1,1,0,0,1
2,930,1,1,0,1,1
2,943,1,1,0,0,1
2,968,1,1,0,1,1
2,970,1,1,0,0,1
2,977,1,1,1,0,1
2,987,1,1,0,1,1
2,1004,1,1,0,1,1
2,1014,1,1,0,0,1
2,1050,1,1,0,1,1
2,1070,1,1,1,0,1
2,1088,1,1,0,0,1
2,1115,1,1,1,0,1
2,1123,1,1,1,0,1
2,1124,1,1,1,0,1
2,1136,1,1,1,0,1
2,1143,1,1,0,1,1
2,1163,1,1,1,0,1
2,1168,1,1,0,0,1
2,1196,1,1,0,0,1
2,1203,1,1,0,0,1
2,1207,1,1,1,0,1
2,1233,1,1,0,1,1
2,1320,1,1,0,1,1
2,1324,1,1,1,0,1
2,1351,1,1,0,1,1
2,1366,1,1,0,1,1
2,1367,1,1,1,0,1
2,1369,1,1,0,1,1
2,1410,1,1,0,0,1
2,1417,1,1,0,0,1
2,1426,1,1,0,1,1
2,1428,1,1,0,1,1
2,1429,1,1,0,1,1
2,1434,1,1,0,1,1
2,1435,1,1,1,0,1
2,1450,1,1,0,1,1
2,1452,1,1,1,0,1
2,1475,1,1,0,1,1
2,1482,1,1,1,0,1
2,1494,1,1,0,1,1
2,1510,1,1,0,0,1
2,1517,1,1,1,0,1
2,1523,1,1,0,1,1
2,1569,1,1,1,0,1
2,1595,1,1,0,1,1
2,1602,1,1,0,1,1
2,1606,1,1,0,0,1
2,1609,1,1,0,0,1
2,1612,1,1,1,0,1
2,1659,1,1,1,0,1
2,1664,1,1,0,1,1
2,1680,1,1,0,1,1
2,1692,1,1,1,0,1
2,1704,1,1,1,0,1
2,1731,1,1,0,1,1
2,1734,1,1,0,0,1
2,1741,1,1,1,0,1
2,1752,1,1,1,0,1
2,1762,1,1,0,1,1
2,1768,1,1,1,0,1
2,1794,1,1,0,1,1
2,1809,1,1,1,0,1
2,1812,1,1,1,0,1
2,1827,1,1,0,1,1
2,1836,1,1,1,0,1
2,1862,1,1,0,0,1
2,1871,1,1,0,1,1
2,1890,1,1,1,0,1
2,1893,1,1,0,0,1
2,1896,1,1,1,0,1
2,1923,1,1,1,0,1
2,1974,1,1,0,0,1
2,1980,1,1,1,0,1
2,1989,1,1,0,0,1
2,2017,1,1,0,0,1
2,2038,1,1,1,0,1
2,2045,1,1,0,1,1
2,2070,1,1,0,1,1
2,2077,1,1,0,1,1
2,2078,1,1,0,0,1
2,2086,1,1,1,0,1
2,2088,1,1,0,1,1
2,2109,1,1,0,1,1
2,2118,1,1,1,0,1
2,2141,1,1,0,0,1
2,2170,1,1,0,0,1
2,2172,1,1,0,1,1
2,2184,1,1,0,0,1
2,2199,1,1,0,0,1
2,2202,1,1,0,1,1
2,2220,1,1,0,1,1
2,2226,1,1,0,0,1
2,2261,1,1,1,0,1
2,2269,1,1,0,1,1
2,2276,1,1,1,0,1
2,2280,1,1,0,0,1
2,2297,1,1,0,0,1
2,2313,1,1,0,0,1
2,2315,1,1,1,0,1
2,2336,1,1,0,1,1
2,2343,1,1,0,0,1
2,2408,1,1,0,1,1
2,2428,1,1,0,0,1
2,2442,1,1,0,1,1
2,2446,1,1,0,0,1
2,2468,1,1,0,1,1
2,2491,1,1,1,0,1
2,2498,1,1,0,1,1
2,2517,1,1,0,0,1
2,2537,1,1,1,0,1
2,2544,1,1,0,0,1
2,2559,1,1,0,1,1
2,2563,1,1,0,0,1
2,2589,1,1,0,0,1
2,2595,1,1,0,0,1
2,2611,1,1,0,0,1
2,2622,1,1,0,1,1
2,2638,1,1,1,0,1
2,2643,1,1,1,0,1
2,2691,1,1,0,1,1
2,2725,1,1,1,0,1
2,2741,1,1,1,0,1
2,2763,1,1,0,0,1
2,2764,1,1,0,0,1
2,2773,1,1,1,0,1
2,2798,1,1,0,0,1
2,2802,1,1,0,1,1
2,2804,1,1,0,1,1
2,2808,1,1,1,0,1
2,2823,1,1,0,0,1
2,2836,1,1,0,0,1
2,2838,1,1,0,1,1
2,2849,1,1,0,1,1
2,2860,1,1,1,0,1
2,2895,1,1,0,1,1
2,2900,1,1,1,0,1
2,2937,1,1,1,0,1
2,2952,1,1,0,1,1
2,2954,1,1,1,0,1
2,2960,1,1,0,0,1
2,2961,1,1,0,0,1
2,2971,1,1,1,0,1
2,2984,1,1,0,1,1
2,2987,1,1,1,0,1
2,3005,1,1,1,0,1
2,3015,1,1,1,0,1
2,3018,1,1,1,0,1
2,3019,1,1,0,0,1
2,3035,1,1,0,1,1
2,3058,1,1,1,0,1
2,3067,1,1,1,0,1
2,3085,1,1,0,1,1
2,3087,1,1,1,0,1
2,3088,1,1,0,1,1
2,3107,1,1,1,0,1
2,3114,1,1,0,1,1
2,3124,1,1,0,1,1
2,3138,1,1,1,0,1
2,3144,1,1,1,0,1
2,3160,1,1,0,0,1
2,3169,1,1,0,1,1
2,3174,1,1,0,0,1
2,3193,1,1,0,0,1
2,3212,1,1,0,1,1
2,3230,1,1,0,0,1
2,3232,1,1,0,0,1
2,3265,1,1,0,1,1
2,3279,1,1,0,0,1
2,3283,1,1,1,0,1
2,3291,1,1,1,0,1
2,3303,1,1,0,0,1
2,3320,1,1,0,1,1
2,3324,1,1,1,0,1
2,3333,1,1,1,0,1
2,3351,1,1,1,0,1
2,3375,1,1,0,0,1
2,3376,1,1,0,0,1
2,3410,1,1,1,0,1
2,3424,1,1,0,0,1
2,3428,1,1,0,1,1
2,3437,1,1,0,1,1
2,3463,1,1,0,0,1
2,3540,1,1,1,0,1
2,3546,1,1,0,1,1
2,3554,1,1,0,0,1
2,3556,1,1,0,0,1
2,3583,1,1,1,0,1
2,3592,1,1,0,0,1
2,3594,1,1,0,1,1
2,3623,1,1,0,0,1
2,3631,1,1,1,0,1
2,3650,1,1,1,0,1
2,3672,1,1,0,0,1
2,3704,1,1,0,0,1
2,3734,1,1,0,1,1
2,3739,1,1,0,1,1
2,3742,1,1,0,0,1
2,3759,1,1,0,1,1
2,3768,1,1,1,0,1
2,3796,1,1,0,0,1
2,3804,1,1,0,1,1
2,3813,1,1,0,0,1
2,3823,1,1,1,0,1
2,3826,1,1,0,1,1
2,3831,1,1,1,0,1
2,3840,1,1,0,1,1
2,3868,1,1,0,1,1
2,3873,1,1,0,1,1
2,3887,1,1,1,0,1
2,3905,1,1,1,0,1
2,3907,1,1,0,0,1
2,3912,1,1,0,1,1
2,3915,1,1,0,0,1
2,3934,1,1,1,0,1
2,3946,1,1,0,0,1
2,3967,1,1,0,0,1
2,3989,1,1,0,1,1
2,3992,1,1,1,0,1
2,3996,1,1,0,0,1
2,4059,1,1,1,0,1
2,4063,1,1,0,0,1
2,4081,1,1,1,0,1
2,4089,1,1,0,0,1
2,4104,1,1,1,0,1
2,4109,1,1,0,1,1
2,4112,1,1,1,0,1
2,4118,1,1,0,1,1
2,4121,1,1,0,1,1
2,4131,1,1,0,0,1
2,4157,1,1,1,0,1
2,4177,1,1,0,1,1
2,4181,1,1,1,0,1
2,4194,1,1,0,1,1
2,4203,1,1,1,0,1
2,4228,1,1,0,0,1
2,4245,1,1,0,1,1
2,4246,1,1,1,0,1
2,4261,1,1,0,1,1
2,4282,1,1,0,1,1
2,4291,1,1,1,0,1
2,4296,1,1,0,0,1
2,4310,1,1,1,0,1
2,4327,1,1,0,1,1
2,4333,1,1,0,1,1
2,4343,1,1,0,0,1
2,4344,1,1,0,0,1
2,4353,1,1,0,1,1
2,4364,1,1,0,1,1
2,4369,1,1,0,0,1
2,4391,1,1,1,0,1
2,4392,1,1,0,1,1
2,4425,1,1,0,0,1
2,4441,1,1,0,1,1
2,4448,1,1,1,0,1
2,4462,1,1,0,1,1
2,4475,1,1,0,0,1
2,4496,1,1,0,1,1
2,4502,1,1,0,0,1
2,4542,1,1,0,0,1
2,4562,1,1,1,0,1
2,4566,1,1,1,0,1
2,4571,1,1,0,1,1
2,4605,1,1,0,1,1
2,4621,1,1,1,0,1
2,4626,1,1,0,0,1
2,4630,1,1,0,0,1
2,4637,1,1,0,0,1
2,4656,1,1,0,0,1
2,4672,1,1,0,0,1
2,4676,1,1,0,1,1
2,4691,1,1,0,0,1
2,4704,1,1,1,0,1
2,4746,1,1,1,0,1
2,4747,1,1,0,1,1
2,4814,1,1,0,1,1
2,4825,1,1,0,0,1
2,4837,1,1,1,0,1
2,4839,1,1,0,1,1
2,4856,1,1,1,0,1
2,4867,1,1,0,1,1
2,4873,1,1,0,0,1
2,4879,1,1,0,0,1
2,4909,1,1,0,0,1
2,4953,1,1,0,0,1
2,4961,1,1,0,0,1
2,6,3,3,0,0,2
2,9,3,3,0,1,2
2,18,3,3,1,0,2
2,124,3,3,0,0,2
2,132,3,3,0,0,2
2,143,3,3,3,0,2
2,206,3,3,0,0,2
2,216,3,3,0,0,2
2,223,3,3,0,3,2
2,231,3,3,0,3,2
2,238,3,3,0,0,2
2,288,3,3,0,1,2
2,292,3,3,1,0,2
2,333,3,3,0,0,2
2,342,3,3,0,0,2
2,372,3,3,3,0,2
2,379,3,3,0,0,2
2,390,3,3,3,0,2
2,392,3,3,3,0,2
2,398,3,3,3,0,2
2,408,3,3,0,0,2
2,432,3,3,0,0,2
2,449,3,3,0,3,2
2,452,3,3,0,0,2
2,464,3,3,1,0,2
2,468,3,3,1,0,2
2,472,3,3,3,0,2
2,482,3,3,0,1,2
2,483,3,3,0,1,2
2,515,3,3,3,0,2
2,542,3,3,0,0,2
2,576,3,3,0,0,2
2,579,3,3,0,0,2
2,585,3,3,0,3,2
2,589,3,3,3,0,2
2,635,3,3,0,3,2
2,682,3,3,3,0,2
2,695,3,3,0,0,2
2,696,3,3,1,0,2
2,697,3,3,0,0,2
2,701,3,3,0,3,2
2,703,3,3,0,0,2
2,735,3,3,1,0,2
2,738,3,3,0,0,2
2,759,3,3,0,0,2
2,781,3,3,1,0,2
2,784,3,3,3,0,2
2,801,3,3,0,1,2
2,815,3,3,0,0,2
2,861,3,3,0,3,2
2,867,3,3,0,0,2
2,873,3,3,0,0,2
2,876,3,3,0,0,2
2,910,3,3,1,0,2
2,941,3,3,1,0,2
2,971,3,3,1,0,2
2,986,3,3,0,3,2
2,990,3,3,3,0,2
2,992,3,3,0,0,2
2,1054,3,3,0,3,2
2,1061,3,3,0,0,2
2,1090,3,3,0,0,2
2,1093,3,3,0,1,2
2,1170,3,3,0,0,2
2,1181,3,3,0,1,2
2,1206,3,3,0,1,2
2,1214,3,3,3,0,2
2,1215,3,3,0,3,2
2,1216,3,3,0,1,2
2,1224,3,3,0,3,2
2,1229,3,3,3,0,2
2,1246,3,3,1,0,2
2,1254,3,3,0,3,2
2,1288,3,3,0,3,2
2,1295,3,3,0,0,2
2,1319,3,3,0,1,2
2,1375,3,3,3,0,2
2,1380,3,3,1,0,2
2,1383,3,3,0,1,2
2,1391,3,3,1,0,2
2,1393,3,3,1,0,2
2,1398,3,3,0,1,2
2,1402,3,3,1,0,2
2,1436,3,3,0,3,2
2,1447,3,3,0,3,2
2,1458,3,3,0,1,2
2,1472,3,3,0,1,2
2,1486,3,3,0,1,2
2,1532,3,3,0,0,2
2,1535,3,3,0,0,2
2,1551,3,3,3,0,2
2,1580,3,3,1,0,2
2,1601,3,3,1,0,2
2,1621,3,3,1,0,2
2,1646,3,3,0,3,2
2,1654,3,3,1,0,2
2,1675,3,3,0,0,2
2,1681,3,3,3,0,2
2,1691,3,3,0,0,2
2,1696,3,3,0,0,2
2,1705,3,3,0,3,2
2,1729,3,3,0,3,2
2,1732,3,3,1,0,2
2,1831,3,3,0,0,2
2,1835,3,3,0,3,2
2,1846,3,3,0,1,2
2,1853,3,3,3,0,2
2,1865,3,3,3,0,2
2,1884,3,3,0,1,2
2,1891,3,3,0,3,2
2,1901,3,3,0,3,2
2,1903,3,3,0,3,2
2,1906,3,3,0,3,2
2,1911,3,3,0,3,2
2,1932,3,3,0,0,2
2,1951,3,3,0,1,2
2,2023,3,3,0,0,2
2,2041,3,3,0,0,2
2,2044,3,3,0,0,2
2,2059,3,3,1,0,2
2,2079,3,3,0,3,2
2,2099,3,3,1,0,2
2,2104,3,3,0,1,2
2,2110,3,3,1,0,2
2,2124,3,3,0,0,2
2,2135,3,3,0,0,2
2,2152,3,3,0,1,2
2,2155,3,3,0,0,2
2,2174,3,3,1,0,2
2,2180,3,3,0,0,2
2,2195,3,3,0,3,2
2,2225,3,3,1,0,2
2,2281,3,3,0,1,2
2,2305,3,3,0,1,2
2,2394,3,3,1,0,2
2,2397,3,3,1,0,2
2,2414,3,3,0,0,2
2,2441,3,3,3,0,2
2,2453,3,3,0,3,2
2,2461,3,3,0,1,2
2,2467,3,3,0,0,2
2,2478,3,3,3,0,2
2,2484,3,3,0,3,2
2,2551,3,3,1,0,2
2,2601,3,3,0,0,2
2,2607,3,3,0,0,2
2,2623,3,3,0,1,2
2,2632,3,3,1,0,2
2,2635,3,3,1,0,2
2,2637,3,3,0,0,2
2,2659,3,3,3,0,2
2,2714,3,3,1,0,2
2,2730,3,3,0,0,2
2,2737,3,3,0,0,2
2,2746,3,3,0,0,2
2,2751,3,3,0,0,2
2,2786,3,3,1,0,2
2,2811,3,3,3,0,2
2,2841,3,3,3,0,2
2,2876,3,3,0,3,2
2,2886,3,3,0,0,2
2,2891,3,3,3,0,2
2,2920,3,3,0,0,2
2,2941,3,3,3,0,2
2,2947,3,3,0,1,2
2,2950,3,3,0,3,2
2,2951,3,3,3,0,2
2,2963,3,3,0,3,2
2,2980,3,3,3,0,2
2,2981,3,3,0,0,2
2,3004,3,3,1,0,2
2,3013,3,3,0,1,2
2,3038,3,3,3,0,2
2,3056,3,3,0,0,2
2,3062,3,3,1,0,2
2,3090,3,3,0,0,2
2,3111,3,3,0,3,2
2,3164,3,3,0,3,2
2,3180,3,3,0,3,2
2,3211,3,3,0,1,2
2,3260,3,3,0,1,2
2,3264,3,3,0,3,2
2,3268,3,3,0,1,2
2,3278,3,3,0,0,2
2,3285,3,3,0,0,2
2,3305,3,3,0,0,2
2,3315,3,3,0,0,2
2,3329,3,3,0,1,2
2,3338,3,3,0,3,2
2,3352,3,3,0,3,2
2,3356,3,3,0,3,2
2,3395,3,3,1,0,2
2,3398,3,3,0,1,2
2,3414,3,3,0,3,2
2,3438,3,3,0,0,2
2,3446,3,3,0,3,2
2,3453,3,3,1,0,2
2,3459,3,3,0,3,2
2,3479,3,3,0,0,2
2,3495,3,3,0,1,2
2,3525,3,3,0,1,2
2,3526,3,3,0,3,2
2,3535,3,3,1,0,2
2,3585,3,3,0,3,2
2,3587,3,3,1,0,2
2,3602,3,3,3,0,2
2,3604,3,3,1,0,2
2,3657,3,3,0,3,2
2,3658,3,3,1,0,2
2,3740,3,3,0,1,2
2,3741,3,3,1,0,2
2,3746,3,3,1,0,2
2,3754,3,3,0,3,2
2,3762,3,3,3,0,2
2,3770,3,3,0,0,2
2,3795,3,3,0,3,2
2,3815,3,3,1,0,2
2,3846,3,3,3,0,2
2,3848,3,3,0,3,2
2,3854,3,3,1,0,2
2,3856,3,3,0,1,2
2,3866,3,3,0,0,2
2,3879,3,3,3,0,2
2,3906,3,3,3,0,2
2,3908,3,3,0,3,2
2,3923,3,3,0,0,2
2,3982,3,3,1,0,2
2,4003,3,3,0,0,2
2,4008,3,3,3,0,2
2,4019,3,3,0,0,2
2,4022,3,3,0,0,2
2,4040,3,3,0,3,2
2,4046,3,3,0,3,2
2,4091,3,3,0,3,2
2,4096,3,3,0,0,2
2,4129,3,3,1,0,2
2,4130,3,3,3,0,2
2,4148,3,3,0,1,2
2,4170,3,3,0,0,2
2,4187,3,3,0,0,2
2,4206,3,3,1,0,2
2,4207,3,3,0,3,2
2,4235,3,3,0,0,2
2,4267,3,3,0,3,2
2,4273,3,3,0,0,2
2,4280,3,3,3,0,2
2,4294,3,3,0,0,2
2,4341,3,3,0,0,2
2,4350,3,3,0,1,2
2,4359,3,3,1,0,2
2,4371,3,3,0,1,2
2,4460,3,3,0,0,2
2,4465,3,3,0,0,2
2,4523,3,3,1,0,2
2,4525,3,3,0,0,2
2,4533,3,3,0,1,2
2,4539,3,3,0,0,2
2,4558,3,3,0,0,2
2,4582,3,3,0,0,2
2,4586,3,3,0,0,2
2,4594,3,3,3,0,2
2,4609,3,3,0,0,2
2,4625,3,3,1,0,2
2,4632,3,3,0,0,2
2,4640,3,3,0,3,2
2,4649,3,3,0,0,2
2,4660,3,3,1,0,2
2,4661,3,3,0,0,2
2,4680,3,3,3,0,2
2,4703,3,3,0,3,2
2,4721,3,3,0,0,2
2,4722,3,3,0,3,2
2,4729,3,3,0,0,2
2,4738,3,3,0,0,2
2,4756,3,3,0,0,2
2,4778,3,3,3,0,2
2,4786,3,3,0,0,2
2,4790,3,3,0,0,2
2,4809,3,3,0,0,2
2,4821,3,3,0,0,2
2,4860,3,3,0,0,2
2,4874,3,3,1,0,2
2,4897,3,3,1,0,2
2,4901,3,3,0,0,2
2,4912,3,3,3,0,2
2,4924,3,3,0,3,2
2,4925,3,3,0,0,2
2,4941,3,3,0,0,2
2,49,1,2,0,0,3
2,86,1,2,0,2,3
2,95,1,2,0,0,3
2,102,1,2,1,0,3
2,103,1,2,0,1,3
2,108,1,2,1,0,3
2,141,1,2,1,0,3
2,193,1,2,1,0,3
2,230,1,2,0,0,3
2,240,1,2,1,0,3
2,254,1,2,0,1,3
2,258,1,2,0,0,3
2,272,1,2,0,1,3
2,295,1,2,0,2,3
2,327,1,2,1,0,3
2,338,1,2,0,2,3
2,340,1,2,0,1,3
2,361,1,2,0,1,3
2,377,1,2,0,2,3
2,381,1,2,0,0,3
2,407,1,2,0,2,3
2,412,1,2,0,2,3
2,456,1,2,0,0,3
2,494,1,2,0,1,3
2,501,1,2,1,0,3
2,508,1,2,0,0,3
2,534,1,2,0,0,3
2,540,1,2,1,0,3
2,577,1,2,1,0,3
2,578,1,2,0,0,3
2,590,1,2,1,0,3
2,595,1,2,0,2,3
2,597,1,2,1,0,3
2,599,1,2,1,0,3
2,606,1,2,0,1,3
2,611,1,2,0,0,3
2,627,1,2,0,0,3
2,648,1,2,0,1,3
2,670,1,2,1,0,3
2,678,1,2,0,1,3
2,717,1,2,0,1,3
2,718,1,2,0,0,3
2,747,1,2,0,1,3
2,752,1,2,0,0,3
2,776,1,2,0,1,3
2,805,1,2,1,0,3
2,829,1,2,0,0,3
2,853,1,2,0,1,3
2,871,1,2,0,1,3
2,900,1,2,1,0,3
2,963,1,2,1,0,3
2,969,1,2,1,0,3
2,1029,1,2,1,0,3
2,1042,1,2,1,0,3
2,1047,1,2,1,0,3
2,1068,1,2,0,1,3
2,1079,1,2,1,0,3
2,1100,1,2,1,0,3
2,1106,1,2,1,0,3
2,1134,1,2,0,2,3
2,1145,1,2,1,0,3
2,1182,1,2,1,0,3
2,1219,1,2,0,0,3
2,1261,1,2,0,0,3
2,1263,1,2,0,1,3
2,1282,1,2,1,0,3
2,1317,1,2,0,0,3
2,1341,1,2,1,0,3
2,1425,1,2,0,2,3
2,1446,1,2,1,0,3
2,1448,1,2,1,0,3
2,1456,1,2,0,0,3
2,1457,1,2,0,1,3
2,1498,1,2,1,0,3
2,1504,1,2,0,2,3
2,1509,1,2,1,0,3
2,1515,1,2,0,0,3
2,1526,1,2,0,0,3
2,1529,1,2,0,1,3
2,1573,1,2,0,1,3
2,1582,1,2,0,2,3
2,1587,1,2,0,0,3
2,1616,1,2,0,0,3
2,1640,1,2,1,0,3
2,1642,1,2,1,0,3
2,1651,1,2,0,1,3
2,1698,1,2,1,0,3
2,1749,1,2,0,0,3
2,1807,1,2,1,0,3
2,1825,1,2,0,2,3
2,1833,1,2,0,0,3
2,1840,1,2,0,2,3
2,1843,1,2,0,2,3
2,1847,1,2,0,0,3
2,1856,1,2,0,0,3
2,1861,1,2,1,0,3
2,1869,1,2,0,1,3
2,1875,1,2,0,0,3
2,1880,1,2,0,1,3
2,1899,1,2,1,0,3
2,1913,1,2,0,0,3
2,1952,1,2,1,0,3
2,2040,1,2,0,0,3
2,2052,1,2,1,0,3
2,2056,1,2,0,0,3
2,2065,1,2,1,0,3
2,2069,1,2,0,0,3
2,2101,1,2,0,1,3
2,2113,1,2,0,1,3
2,2126,1,2,0,2,3
2,2134,1,2,1,0,3
2,2175,1,2,1,0,3
2,2179,1,2,1,0,3
2,2207,1,2,0,2,3
2,2208,1,2,0,0,3
2,2238,1,2,1,0,3
2,2251,1,2,0,0,3
2,2282,1,2,1,0,3
2,2287,1,2,0,1,3
2,2295,1,2,1,0,3
2,2335,1,2,0,0,3
2,2344,1,2,0,0,3
2,2361,1,2,0,2,3
2,2388,1,2,0,0,3
2,2409,1,2,0,0,3
2,2420,1,2,0,0,3
2,2448,1,2,1,0,3
2,2466,1,2,0,2,3
2,2513,1,2,1,0,3
2,2531,1,2,0,1,3
2,2575,1,2,0,0,3
2,2613,1,2,1,0,3
2,2624,1,2,1,0,3
2,2652,1,2,1,0,3
2,2678,1,2,0,0,3
2,2689,1,2,0,1,3
2,2690,1,2,0,0,3
2,2718,1,2,1,0,3
2,2721,1,2,0,0,3
2,2745,1,2,0,1,3
2,2793,1,2,0,0,3
2,2830,1,2,1,0,3
2,2837,1,2,0,0,3
2,2843,1,2,0,1,3
2,2872,1,2,0,0,3
2,2873,1,2,0,0,3
2,2875,1,2,1,0,3
2,2877,1,2,1,0,3
2,2901,1,2,0,2,3
2,2909,1,2,0,0,3
2,2925,1,2,0,1,3
2,2939,1,2,1,0,3
2,2949,1,2,0,0,3
2,2991,1,2,0,0,3
2,3025,1,2,1,0,3
2,3033,1,2,1,0,3
2,3037,1,2,0,2,3
2,3049,1,2,0,0,3
2,3060,1,2,0,0,3
2,3075,1,2,0,2,3
2,3089,1,2,0,2,3
2,3110,1,2,0,0,3
2,3210,1,2,0,2,3
2,3213,1,2,1,0,3
2,3216,1,2,1,0,3
2,3237,1,2,0,1,3
2,3330,1,2,0,1,3
2,3332,1,2,0,2,3
2,3348,1,2,0,1,3
2,3358,1,2,0,0,3
2,3422,1,2,0,1,3
2,3441,1,2,0,0,3
2,3457,1,2,1,0,3
2,3480,1,2,1,0,3
2,3513,1,2,1,0,3
2,3570,1,2,0,0,3
2,3588,1,2,1,0,3
2,3615,1,2,1,0,3
2,3668,1,2,1,0,3
2,3690,1,2,0,0,3
2,3705,1,2,1,0,3
2,3711,1,2,1,0,3
2,3720,1,2,0,0,3
2,3760,1,2,0,2,3
2,3799,1,2,1,0,3
2,3820,1,2,1,0,3
2,3824,1,2,1,0,3
2,3834,1,2,0,0,3
2,3855,1,2,0,1,3
2,3880,1,2,0,0,3
2,3889,1,2,0,0,3
2,3896,1,2,0,2,3
2,3898,1,2,1,0,3
2,3909,1,2,0,1,3
2,3945,1,2,1,0,3
2,3984,1,2,0,0,3
2,3993,1,2,1,0,3
2,4029,1,2,0,0,3
2,4035,1,2,0,0,3
2,4039,1,2,0,0,3
2,4067,1,2,1,0,3
2,4076,1,2,1,0,3
2,4101,1,2,1,0,3
2,4113,1,2,1,0,3
2,4114,1,2,0,0,3
2,4117,1,2,1,0,3
2,4125,1,2,0,1,3
2,4138,1,2,0,1,3
2,4156,1,2,1,0,3
2,4184,1,2,1,0,3
2,4191,1,2,0,2,3
2,4238,1,2,0,2,3
2,4243,1,2,0,0,3
2,4253,1,2,1,0,3
2,4274,1,2,1,0,3
2,4305,1,2,0,1,3
2,4307,1,2,0,0,3
2,4311,1,2,0,1,3
2,4326,1,2,0,2,3
2,4334,1,2,1,0,3
2,4352,1,2,0,0,3
2,4375,1,2,0,1,3
2,4379,1,2,0,0,3
2,4383,1,2,1,0,3
2,4394,1,2,1,0,3
2,4398,1,2,0,0,3
2,4399,1,2,0,2,3
2,4404,1,2,0,1,3
2,4437,1,2,0,1,3
2,4457,1,2,0,2,3
2,4477,1,2,0,2,3
2,4509,1,2,0,1,3
2,4510,1,2,0,2,3
2,4572,1,2,1,0,3
2,4623,1,2,0,1,3
2,4693,1,2,0,2,3
2,4708,1,2,0,0,3
2,4740,1,2,0,0,3
2,4767,1,2,1,0,3
2,4800,1,2,1,0,3
2,4810,1,2,1,0,3
2,4866,1,2,0,2,3
2,4913,1,2,0,0,3
2,4914,1,2,1,0,3
2,4965,1,2,1,0,3
2,4978,1,2,0,1,3
2,48,1,1,0,1,4
2,81,1,1,0,0,4
2,85,1,1,1,0,4
2,121,1,1,0,0,4
2,135,1,1,1,0,4
2,161,1,1,0,0,4
2,180,1,1,0,0,4
2,182,1,1,0,0,4
2,194,1,1,0,0,4
2,227,1,1,0,0,4
2,233,1,1,0,1,4
2,235,1,1,1,0,4
2,244,1,1,1,0,4
2,268,1,1,0,1,4
2,284,1,1,1,0,4
2,312,1,1,0,0,4
2,317,1,1,1,0,4
2,332,1,1,1,0,4
2,352,1,1,0,0,4
2,354,1,1,1,0,4
2,364,1,1,0,0,4
2,378,1,1,0,1,4
2,425,1,1,0,0,4
2,480,1,1,0,0,4
2,481,1,1,0,1,4
2,491,1,1,1,0,4
2,535,1,1,0,1,4
2,563,1,1,1,0,4
2,565,1,1,0,1,4
2,582,1,1,0,1,4
2,650,1,1,0,0,4
2,657,1,1,1,0,4
2,661,1,1,1,0,4
2,739,1,1,1,0,4
2,750,1,1,0,1,4
2,778,1,1,0,0,4
2,794,1,1,0,1,4
2,798,1,1,0,1,4
2,810,1,1,0,1,4
2,840,1,1,1,0,4
2,854,1,1,0,1,4
2,909,1,1,0,1,4
2,958,1,1,0,1,4
2,980,1,1,0,1,4
2,1001,1,1,0,1,4
2,1039,1,1,0,0,4
2,1057,1,1,0,0,4
2,1065,1,1,1,0,4
2,1089,1,1,0,0,4
2,1113,1,1,0,0,4
2,1116,1,1,1,0,4
2,1137,1,1,1,0,4
2,1149,1,1,0,1,4
2,1164,1,1,0,1,4
2,1187,1,1,0,1,4
2,1202,1,1,0,1,4
2,1212,1,1,1,0,4
2,1244,1,1,0,1,4
2,1262,1,1,0,0,4
2,1274,1,1,0,0,4
2,1292,1,1,0,1,4
2,1299,1,1,0,0,4
2,1463,1,1,1,0,4
2,1476,1,1,0,0,4
2,1478,1,1,0,1,4
2,1479,1,1,0,0,4
2,1488,1,1,1,0,4
2,1511,1,1,1,0,4
2,1530,1,1,0,1,4
2,1558,1,1,0,1,4
2,1560,1,1,0,1,4
2,1571,1,1,1,0,4
2,1593,1,1,0,1,4
2,1600,1,1,1,0,4
2,1614,1,1,0,1,4
2,1628,1,1,0,1,4
2,1655,1,1,1,0,4
2,1703,1,1,1,0,4
2,1709,1,1,0,1,4
2,1737,1,1,0,1,4
2,1755,1,1,0,0,4
2,1761,1,1,1,0,4
2,1798,1,1,0,1,4
2,1801,1,1,0,0,4
2,1854,1,1,0,1,4
2,1859,1,1,0,1,4
2,1947,1,1,1,0,4
2,1985,1,1,0,0,4
2,1999,1,1,1,0,4
2,2004,1,1,1,0,4
2,2006,1,1,0,1,4
2,2042,1,1,0,1,4
2,2063,1,1,0,0,4
2,2111,1,1,1,0,4
2,2148,1,1,0,1,4
2,2205,1,1,1,0,4
2,2257,1,1,1,0,4
2,2304,1,1,0,1,4
2,2316,1,1,1,0,4
2,2346,1,1,0,1,4
2,2350,1,1,0,1,4
2,2356,1,1,1,0,4
2,2358,1,1,0,0,4
2,2359,1,1,1,0,4
2,2373,1,1,1,0,4
2,2416,1,1,1,0,4
2,2473,1,1,0,1,4
2,2474,1,1,0,1,4
2,2487,1,1,0,1,4
2,2514,1,1,0,0,4
2,2524,1,1,0,0,4
2,2554,1,1,1,0,4
2,2556,1,1,1,0,4
2,2558,1,1,0,1,4
2,2580,1,1,0,0,4
2,2585,1,1,0,1,4
2,2592,1,1,1,0,4
2,2596,1,1,0,1,4
2,2608,1,1,0,0,4
2,2617,1,1,0,0,4
2,2645,1,1,1,0,4
2,2664,1,1,1,0,4
2,2667,1,1,0,1,4
2,2719,1,1,0,0,4
2,2734,1,1,1,0,4
2,2736,1,1,0,0,4
2,2753,1,1,0,0,4
2,2761,1,1,0,0,4
2,2776,1,1,0,1,4
2,2784,1,1,1,0,4
2,2790,1,1,1,0,4
2,2792,1,1,1,0,4
2,2810,1,1,1,0,4
2,2822,1,1,1,0,4
2,2856,1,1,0,0,4
2,2893,1,1,0,0,4
2,2906,1,1,0,1,4
2,2926,1,1,0,0,4
2,2936,1,1,0,0,4
2,2962,1,1,1,0,4
2,2974,1,1,0,0,4
2,3002,1,1,0,1,4
2,3014,1,1,0,0,4
2,3032,1,1,0,0,4
2,3047,1,1,0,0,4
2,3061,1,1,0,0,4
2,3065,1,1,1,0,4
2,3083,1,1,0,1,4
2,3098,1,1,0,1,4
2,3120,1,1,1,0,4
2,3122,1,1,0,1,4
2,3125,1,1,0,1,4
2,3182,1,1,0,1,4
2,3187,1,1,0,0,4
2,3188,1,1,1,0,4
2,3222,1,1,1,0,4
2,3223,1,1,0,0,4
2,3224,1,1,0,1,4
2,3250,1,1,1,0,4
2,3274,1,1,0,1,4
2,3302,1,1,1,0,4
2,3314,1,1,1,0,4
2,3334,1,1,0,0,4
2,3335,1,1,0,1,4
2,3344,1,1,0,0,4
2,3378,1,1,0,1,4
2,3391,1,1,1,0,4
2,3427,1,1,1,0,4
2,3429,1,1,0,1,4
2,3474,1,1,0,0,4
2,3500,1,1,1,0,4
2,3511,1,1,0,1,4
2,3517,1,1,1,0,4
2,3538,1,1,1,0,4
2,3542,1,1,0,0,4
2,3544,1,1,1,0,4
2,3550,1,1,0,0,4
2,3553,1,1,1,0,4
2,3568,1,1,0,0,4
2,3582,1,1,0,1,4
2,3584,1,1,1,0,4
2,3614,1,1,0,1,4
2,3622,1,1,0,1,4
2,3630,1,1,0,1,4
2,3643,1,1,0,0,4
2,3680,1,1,0,1,4
2,3684,1,1,0,0,4
2,3699,1,1,0,0,4
2,3718,1,1,1,0,4
2,3722,1,1,0,1,4
2,3757,1,1,0,1,4
2,3773,1,1,1,0,4
2,3781,1,1,0,1,4
2,3787,1,1,0,1,4
2,3808,1,1,0,0,4
2,3827,1,1,0,0,4
2,3832,1,1,1,0,4
2,3843,1,1,0,1,4
2,3847,1,1,1,0,4
2,3860,1,1,1,0,4
2,3893,1,1,0,0,4
2,3894,1,1,1,0,4
2,3899,1,1,0,1,4
2,3962,1,1,0,1,4
2,3994,1,1,0,1,4
2,4000,1,1,0,1,4
2,4005,1,1,0,1,4
2,4021,1,1,0,1,4
2,4042,1,1,0,1,4
2,4045,1,1,0,1,4
2,4088,1,1,0,1,4
2,4103,1,1,0,0,4
2,4132,1,1,1,0,4
2,4150,1,1,1,0,4
2,4163,1,1,0,1,4
2,4174,1,1,0,0,4
2,4186,1,1,0,1,4
2,4197,1,1,1,0,4
2,4201,1,1,0,0,4
2,4202,1,1,1,0,4
2,4212,1,1,0,1,4
2,4231,1,1,0,1,4
2,4241,1,1,0,0,4
2,4284,1,1,1,0,4
2,4309,1,1,1,0,4
2,4349,1,1,1,0,4
2,4355,1,1,0,0,4
2,4380,1,1,0,1,4
2,4385,1,1,0,1,4
2,4395,1,1,0,1,4
2,4407,1,1,1,0,4
2,4419,1,1,0,0,4
2,4420,1,1,0,1,4
2,4429,1,1,1,0,4
2,4446,1,1,0,1,4
2,4503,1,1,0,1,4
2,4514,1,1,0,1,4
2,4529,1,1,0,0,4
2,4535,1,1,0,1,4
2,4549,1,1,1,0,4
2,4553,1,1,0,0,4
2,4567,1,1,1,0,4
2,4576,1,1,1,0,4
2,4578,1,1,0,0,4
2,4618,1,1,0,1,4
2,4642,1,1,1,0,4
2,4647,1,1,0,0,4
2,4666,1,1,1,0,4
2,4714,1,1,0,0,4
2,4744,1,1,0,1,4
2,4769,1,1,0,0,4
2,4770,1,1,0,1,4
2,4805,1,1,0,1,4
2,4835,1,1,0,1,4
2,4851,1,1,1,0,4
2,4875,1,1,1,0,4
2,4878,1,1,0,0,4
2,4884,1,1,1,0,4
2,4887,1,1,0,0,4
2,4926,1,1,0,0,4
2,4958,1,1,0,1,4
2,4959,1,1,0,1,4
2,4966,1,1,1,0,4
2,4968,1,1,0,0,4
2,4972,1,1,0,1,4
2,4976,1,1,1,0,4
2,4983,1,1,0,0,4
2,4985,1,1,0,1,4
2,4993,1,1,0,0,4
2,4997,1,1,1,0,4
2,14,2,2,0,0,5
2,23,2,2,2,0,5
2,82,2,2,2,0,5
2,111,2,2,2,0,5
2,136,2,2,1,0,5
2,137,2,2,0,1,5
2,164,2,2,2,0,5
2,167,2,2,0,1,5
2,177,2,2,0,0,5
2,185,2,2,0,2,5
2,190,2,2,0,2,5
2,204,2,2,0,0,5
2,205,2,2,2,0,5
2,211,2,2,0,1,5
2,221,2,2,0,1,5
2,274,2,2,2,0,5
2,275,2,2,0,0,5
2,278,2,2,0,1,5
2,281,2,2,2,0,5
2,330,2,2,2,0,5
2,346,2,2,2,0,5
2,359,2,2,0,0,5
2,362,2,2,0,0,5
2,367,2,2,2,0,5
2,371,2,2,0,0,5
2,384,2,2,0,1,5
2,394,2,2,2,0,5
2,415,2,2,0,0,5
2,420,2,2,2,0,5
2,422,2,2,2,0,5
2,436,2,2,0,2,5
2,445,2,2,0,1,5
2,448,2,2,0,0,5
2,466,2,2,0,2,5
2,469,2,2,1,0,5
2,479,2,2,2,0,5
2,488,2,2,0,1,5
2,496,2,2,2,0,5
2,512,2,2,2,0,5
2,517,2,2,2,0,5
2,526,2,2,2,0,5
2,547,2,2,2,0,5
2,617,2,2,0,1,5
2,618,2,2,0,2,5
2,638,2,2,2,0,5
2,644,2,2,0,2,5
2,646,2,2,0,0,5
2,680,2,2,0,0,5
2,685,2,2,2,0,5
2,698,2,2,0,0,5
2,700,2,2,2,0,5
2,715,2,2,0,0,5
2,736,2,2,0,0,5
2,751,2,2,2,0,5
2,792,2,2,2,0,5
2,799,2,2,0,0,5
2,803,2,2,2,0,5
2,819,2,2,0,0,5
2,823,2,2,2,0,5
2,866,2,2,2,0,5
2,875,2,2,0,1,5
2,884,2,2,0,1,5
2,889,2,2,2,0,5
2,895,2,2,2,0,5
2,911,2,2,2,0,5
2,913,2,2,2,0,5
2,915,2,2,0,2,5
2,940,2,2,0,1,5
2,947,2,2,0,0,5
2,953,2,2,0,2,5
2,956,2,2,2,0,5
2,961,2,2,2,0,5
2,995,2,2,0,2,5
2,996,2,2,0,1,5
2,999,2,2,0,2,5
2,1002,2,2,0,0,5
2,1005,2,2,2,0,5
2,1010,2,2,0,0,5
2,1016,2,2,0,0,5
2,1019,2,2,0,2,5
2,1028,2,2,2,0,5
2,1040,2,2,0,0,5
2,1060,2,2,0,0,5
2,1083,2,2,0,0,5
2,1086,2,2,0,0,5
2,1129,2,2,0,1,5
2,1162,2,2,0,0,5
2,1171,2,2,0,0,5
2,1205,2,2,2,0,5
2,1225,2,2,0,0,5
2,1294,2,2,0,1,5
2,1344,2,2,0,1,5
2,1352,2,2,1,0,5
2,1440,2,2,2,0,5
2,1491,2,2,2,0,5
2,1495,2,2,2,0,5
2,1542,2,2,2,0,5
2,1550,2,2,0,1,5
2,1568,2,2,0,2,5
2,1578,2,2,2,0,5
2,1586,2,2,2,0,5
2,1589,2,2,0,2,5
2,1591,2,2,0,2,5
2,1596,2,2,2,0,5
2,1615,2,2,0,0,5
2,1617,2,2,2,0,5
2,1634,2,2,0,1,5
2,1635,2,2,0,2,5
2,1650,2,2,2,0,5
2,1658,2,2,0,0,5
2,1667,2,2,0,0,5
2,1670,2,2,0,0,5
2,1742,2,2,0,2,5
2,1744,2,2,0,1,5
2,1765,2,2,0,0,5
2,1770,2,2,2,0,5
2,1785,2,2,0,1,5
2,1788,2,2,2,0,5
2,1814,2,2,0,2,5
2,1820,2,2,2,0,5
2,1822,2,2,0,2,5
2,1857,2,2,0,2,5
2,1864,2,2,0,1,5
2,1905,2,2,0,1,5
2,1936,2,2,0,2,5
2,1939,2,2,0,2,5
2,1943,2,2,0,2,5
2,1953,2,2,2,0,5
2,1956,2,2,0,1,5
2,1963,2,2,0,0,5
2,1984,2,2,0,1,5
2,1988,2,2,2,0,5
2,2002,2,2,0,2,5
2,2005,2,2,0,0,5
2,2014,2,2,0,0,5
2,2027,2,2,0,0,5
2,2033,2,2,2,0,5
2,2073,2,2,0,1,5
2,2091,2,2,0,0,5
2,2094,2,2,2,0,5
2,2095,2,2,2,0,5
2,2100,2,2,0,0,5
2,2103,2,2,2,0,5
2,2122,2,2,0,1,5
2,2130,2,2,2,0,5
2,2143,2,2,0,0,5
2,2144,2,2,0,2,5
2,2147,2,2,0,1,5
2,2171,2,2,2,0,5
2,2176,2,2,0,0,5
2,2190,2,2,0,0,5
2,2198,2,2,0,2,5
2,2211,2,2,0,0,5
2,2215,2,2,2,0,5
2,2217,2,2,2,0,5
2,2235,2,2,0,2,5
2,2283,2,2,0,0,5
2,2294,2,2,0,2,5
2,2298,2,2,2,0,5
2,2299,2,2,0,0,5
2,2321,2,2,0,2,5
2,2332,2,2,2,0,5
2,2345,2,2,0,0,5
2,2376,2,2,0,0,5
2,2391,2,2,2,0,5
2,2395,2,2,2,0,5
2,2402,2,2,2,0,5
2,2405,2,2,2,0,5
2,2436,2,2,0,0,5
2,2469,2,2,0,1,5
2,2488,2,2,2,0,5
2,2503,2,2,0,1,5
2,2509,2,2,0,1,5
2,2515,2,2,2,0,5
2,2548,2,2,0,1,5
2,2658,2,2,2,0,5
2,2677,2,2,0,0,5
2,2701,2,2,0,0,5
2,2712,2,2,0,1,5
2,2749,2,2,0,2,5
2,2805,2,2,2,0,5
2,2813,2,2,2,0,5
2,2820,2,2,2,0,5
2,2825,2,2,0,1,5
2,2829,2,2,2,0,5
2,2832,2,2,0,0,5
2,2844,2,2,2,0,5
2,2846,2,2,0,0,5
2,2883,2,2,2,0,5
2,2896,2,2,0,0,5
2,2897,2,2,0,0,5
2,2915,2,2,0,1,5
2,2938,2,2,0,1,5
2,2940,2,2,0,1,5
2,2958,2,2,0,1,5
2,2996,2,2,0,2,5
2,3000,2,2,2,0,5
2,3017,2,2,2,0,5
2,3022,2,2,0,0,5
2,3023,2,2,0,2,5
2,3068,2,2,0,0,5
2,3129,2,2,0,2,5
2,3141,2,2,1,0,5
2,3145,2,2,2,0,5
2,3154,2,2,2,0,5
2,3176,2,2,2,0,5
2,3181,2,2,0,1,5
2,3190,2,2,0,0,5
2,3194,2,2,0,2,5
2,3221,2,2,2,0,5
2,3225,2,2,2,0,5
2,3235,2,2,0,2,5
2,3241,2,2,0,0,5
2,3298,2,2,2,0,5
2,3316,2,2,0,1,5
2,3350,2,2,0,0,5
2,3367,2,2,0,0,5
2,3397,2,2,2,0,5
2,3399,2,2,1,0,5
2,3407,2,2,2,0,5
2,3434,2,2,0,1,5
2,3439,2,2,2,0,5
2,3445,2,2,0,0,5
2,3471,2,2,0,0,5
2,3478,2,2,0,0,5
2,3485,2,2,0,2,5
2,3529,2,2,2,0,5
2,3530,2,2,0,0,5
2,3606,2,2,0,0,5
2,3639,2,2,0,0,5
2,3655,2,2,0,1,5
2,3698,2,2,0,0,5
2,3702,2,2,0,0,5
2,3706,2,2,2,0,5
2,3727,2,2,0,0,5
2,3782,2,2,0,1,5
2,3801,2,2,2,0,5
2,3814,2,2,0,0,5
2,3837,2,2,2,0,5
2,3842,2,2,0,2,5
2,3897,2,2,2,0,5
2,3918,2,2,0,1,5
2,3922,2,2,2,0,5
2,3941,2,2,2,0,5
2,3948,2,2,2,0,5
2,3950,2,2,2,0,5
2,3970,2,2,2,0,5
2,3977,2,2,0,0,5
2,4006,2,2,1,0,5
2,4025,2,2,0,1,5
2,4033,2,2,2,0,5
2,4034,2,2,0,1,5
2,4043,2,2,0,1,5
2,4048,2,2,0,2,5
2,4051,2,2,0,2,5
2,4058,2,2,0,1,5
2,4062,2,2,2,0,5
2,4070,2,2,2,0,5
2,4075,2,2,0,0,5
2,4098,2,2,2,0,5
2,4134,2,2,2,0,5
2,4152,2,2,1,0,5
2,4159,2,2,0,0,5
2,4162,2,2,2,0,5
2,4167,2,2,0,1,5
2,4223,2,2,0,0,5
2,4240,2,2,1,0,5
2,4271,2,2,2,0,5
2,4314,2,2,0,1,5
2,4318,2,2,2,0,5
2,4319,2,2,0,0,5
2,4325,2,2,0,1,5
2,4328,2,2,0,0,5
2,4361,2,2,2,0,5
2,4365,2,2,0,0,5
2,4390,2,2,2,0,5
2,4405,2,2,0,1,5
2,4413,2,2,0,1,5
2,4430,2,2,0,1,5
2,4431,2,2,2,0,5
2,4432,2,2,0,0,5
2,4442,2,2,0,0,5
2,4445,2,2,0,2,5
2,4450,2,2,2,0,5
2,4459,2,2,0,2,5
2,4469,2,2,0,1,5
2,4473,2,2,1,0,5
2,4515,2,2,0,0,5
2,4550,2,2,0,2,5
2,4565,2,2,2,0,5
2,4569,2,2,0,0,5
2,4597,2,2,0,1,5
2,4612,2,2,2,0,5
2,4614,2,2,2,0,5
2,4615,2,2,2,0,5
2,4628,2,2,2,0,5
2,4641,2,2,2,0,5
2,4644,2,2,0,0,5
2,4677,2,2,2,0,5
2,4684,2,2,0,2,5
2,4705,2,2,0,0,5
2,4733,2,2,2,0,5
2,4777,2,2,0,0,5
2,4783,2,2,0,0,5
2,4789,2,2,0,1,5
2,4803,2,2,0,0,5
2,4806,2,2,0,2,5
2,4816,2,2,0,1,5
2,4828,2,2,0,2,5
2,4836,2,2,0,0,5
2,4859,2,2,2,0,5
2,4881,2,2,0,1,5
2,4905,2,2,0,1,5
2,4942,2,2,0,0,5
2,4971,2,2,0,2,5
2,32,3,1,0,0,6
2,54,3,1,0,1,6
2,84,3,1,0,1,6
2,100,3,1,0,0,6
2,138,3,1,3,0,6
2,146,3,1,0,1,6
2,163,3,1,0,0,6
2,172,3,1,0,0,6
2,243,3,1,0,1,6
2,246,3,1,0,0,6
2,262,3,1,0,1,6
2,269,3,1,0,0,6
2,283,3,1,0,1,6
2,287,3,1,0,1,6
2,294,3,1,0,1,6
2,318,3,1,0,1,6
2,349,3,1,3,0,6
2,369,3,1,0,1,6
2,401,3,1,0,1,6
2,439,3,1,0,1,6
2,453,3,1,0,0,6
2,465,3,1,0,0,6
2,470,3,1,0,1,6
2,475,3,1,0,1,6
2,536,3,1,0,1,6
2,552,3,1,0,0,6
2,575,3,1,0,0,6
2,647,3,1,1,0,6
2,720,3,1,3,0,6
2,737,3,1,3,0,6
2,762,3,1,3,0,6
2,767,3,1,1,0,6
2,783,3,1,0,0,6
2,790,3,1,0,0,6
2,796,3,1,3,0,6
2,806,3,1,0,1,6
2,816,3,1,0,0,6
2,838,3,1,0,0,6
2,848,3,1,0,0,6
2,850,3,1,0,1,6
2,857,3,1,3,0,6
2,862,3,1,0,0,6
2,865,3,1,0,1,6
2,879,3,1,3,0,6
2,894,3,1,0,0,6
2,928,3,1,3,0,6
2,954,3,1,0,0,6
2,984,3,1,2,0,6
2,991,3,1,0,0,6
2,993,3,1,0,0,6
2,1035,3,1,2,0,6
2,1038,3,1,0,0,6
2,1046,3,1,3,0,6
2,1058,3,1,0,1,6
2,1059,3,1,2,0,6
2,1063,3,1,0,1,6
2,1064,3,1,0,1,6
2,1078,3,1,0,1,6
2,1094,3,1,0,1,6
2,1095,3,1,2,0,6
2,1102,3,1,0,1,6
2,1175,3,1,0,1,6
2,1183,3,1,0,0,6
2,1204,3,1,0,0,6
2,1213,3,1,0,1,6
2,1220,3,1,2,0,6
2,1234,3,1,3,0,6
2,1239,3,1,0,0,6
2,1256,3,1,0,0,6
2,1260,3,1,0,0,6
2,1271,3,1,3,0,6
2,1312,3,1,3,0,6
2,1315,3,1,0,0,6
2,1325,3,1,0,0,6
2,1332,3,1,2,0,6
2,1368,3,1,0,0,6
2,1374,3,1,0,1,6
2,1376,3,1,3,0,6
2,1400,3,1,0,1,6
2,1408,3,1,3,0,6
2,1413,3,1,0,0,6
2,1442,3,1,3,0,6
2,1454,3,1,0,1,6
2,1503,3,1,0,1,6
2,1524,3,1,0,1,6
2,1547,3,1,0,0,6
2,1559,3,1,0,1,6
2,1570,3,1,0,1,6
2,1626,3,1,3,0,6
2,1633,3,1,0,0,6
2,1637,3,1,0,1,6
2,1665,3,1,0,1,6
2,1671,3,1,0,1,6
2,1679,3,1,0,1,6
2,1694,3,1,0,0,6
2,1721,3,1,0,1,6
2,1725,3,1,0,0,6
2,1733,3,1,3,0,6
2,1736,3,1,0,0,6
2,1748,3,1,0,0,6
2,1763,3,1,1,0,6
2,1771,3,1,0,0,6
2,1791,3,1,0,1,6
2,1819,3,1,0,0,6
2,1866,3,1,0,1,6
2,1881,3,1,3,0,6
2,1895,3,1,0,1,6
2,1919,3,1,0,1,6
2,1934,3,1,0,0,6
2,1960,3,1,0,1,6
2,2021,3,1,0,1,6
2,2048,3,1,0,1,6
2,2062,3,1,0,1,6
2,2097,3,1,0,0,6
2,2158,3,1,3,0,6
2,2178,3,1,0,1,6
2,2191,3,1,3,0,6
2,2193,3,1,3,0,6
2,2223,3,1,3,0,6
2,2229,3,1,0,0,6
2,2243,3,1,0,0,6
2,2247,3,1,0,0,6
2,2267,3,1,0,0,6
2,2268,3,1,0,1,6
2,2270,3,1,3,0,6
2,2274,3,1,0,0,6
2,2288,3,1,1,0,6
2,2290,3,1,0,1,6
2,2312,3,1,0,1,6
2,2410,3,1,0,0,6
2,2432,3,1,1,0,6
2,2435,3,1,0,0,6
2,2451,3,1,0,0,6
2,2459,3,1,0,0,6
2,2510,3,1,0,1,6
2,2521,3,1,0,1,6
2,2529,3,1,3,0,6
2,2534,3,1,0,1,6
2,2540,3,1,0,1,6
2,2569,3,1,0,0,6
2,2582,3,1,2,0,6
2,2587,3,1,0,0,6
2,2594,3,1,0,0,6
2,2640,3,1,0,0,6
2,2653,3,1,1,0,6
2,2660,3,1,0,1,6
2,2663,3,1,3,0,6
2,2668,3,1,3,0,6
2,2669,3,1,3,0,6
2,2670,3,1,3,0,6
2,2673,3,1,0,0,6
2,2686,3,1,0,0,6
2,2700,3,1,0,1,6
2,2704,3,1,3,0,6
2,2723,3,1,3,0,6
2,2758,3,1,2,0,6
2,2770,3,1,0,1,6
2,2821,3,1,1,0,6
2,2834,3,1,0,1,6
2,2858,3,1,2,0,6
2,2869,3,1,0,1,6
2,2879,3,1,2,0,6
2,2890,3,1,0,0,6
2,2899,3,1,0,0,6
2,2910,3,1,0,1,6
2,2956,3,1,2,0,6
2,2964,3,1,3,0,6
2,2977,3,1,0,1,6
2,2982,3,1,3,0,6
2,3008,3,1,3,0,6
2,3070,3,1,3,0,6
2,3073,3,1,3,0,6
2,3091,3,1,3,0,6
2,3096,3,1,0,0,6
2,3106,3,1,2,0,6
2,3127,3,1,0,0,6
2,3131,3,1,0,0,6
2,3136,3,1,0,0,6
2,3158,3,1,0,0,6
2,3173,3,1,0,0,6
2,3177,3,1,0,1,6
2,3178,3,1,0,1,6
2,3179,3,1,0,0,6
2,3199,3,1,0,0,6
2,3247,3,1,0,0,6
2,3253,3,1,0,0,6
2,3280,3,1,0,0,6
2,3299,3,1,3,0,6
2,3307,3,1,0,1,6
2,3309,3,1,0,1,6
2,3317,3,1,0,0,6
2,3321,3,1,3,0,6
2,3325,3,1,0,1,6
2,3340,3,1,0,1,6
2,3411,3,1,1,0,6
2,3412,3,1,0,0,6
2,3417,3,1,0,0,6
2,3431,3,1,0,1,6
2,3449,3,1,0,1,6
2,3450,3,1,0,0,6
2,3455,3,1,0,1,6
2,3456,3,1,0,0,6
2,3466,3,1,0,0,6
2,3481,3,1,0,0,6
2,3491,3,1,3,0,6
2,3503,3,1,0,1,6
2,3505,3,1,0,0,6
2,3532,3,1,3,0,6
2,3541,3,1,3,0,6
2,3558,3,1,0,0,6
2,3567,3,1,0,0,6
2,3578,3,1,2,0,6
2,3638,3,1,1,0,6
2,3646,3,1,0,0,6
2,3648,3,1,3,0,6
2,3652,3,1,0,0,6
2,3674,3,1,2,0,6
2,3677,3,1,0,1,6
2,3716,3,1,0,1,6
2,3717,3,1,1,0,6
2,3737,3,1,0,0,6
2,3745,3,1,0,0,6
2,3750,3,1,0,0,6
2,3753,3,1,0,0,6
2,3758,3,1,3,0,6
2,3790,3,1,0,0,6
2,3791,3,1,3,0,6
2,3803,3,1,0,0,6
2,3810,3,1,0,0,6
2,3822,3,1,0,1,6
2,3863,3,1,0,1,6
2,3872,3,1,0,0,6
2,3884,3,1,0,1,6
2,3903,3,1,3,0,6
2,3926,3,1,0,1,6
2,3931,3,1,0,1,6
2,3935,3,1,0,1,6
2,3952,3,1,0,0,6
2,3955,3,1,3,0,6
2,3957,3,1,0,0,6
2,3958,3,1,0,0,6
2,3959,3,1,0,0,6
2,3961,3,1,0,0,6
2,3974,3,1,3,0,6
2,3975,3,1,0,0,6
2,3980,3,1,0,1,6
2,4002,3,1,3,0,6
2,4018,3,1,0,1,6
2,4044,3,1,3,0,6
2,4054,3,1,3,0,6
2,4061,3,1,3,0,6
2,4106,3,1,0,1,6
2,4143,3,1,0,1,6
2,4149,3,1,0,0,6
2,4153,3,1,0,1,6
2,4171,3,1,3,0,6
2,4189,3,1,0,0,6
2,4193,3,1,3,0,6
2,4218,3,1,0,0,6
2,4221,3,1,0,0,6
2,4226,3,1,3,0,6
2,4230,3,1,3,0,6
2,4257,3,1,3,0,6
2,4272,3,1,3,0,6
2,4279,3,1,0,0,6
2,4287,3,1,0,1,6
2,4401,3,1,0,0,6
2,4458,3,1,0,1,6
2,4474,3,1,3,0,6
2,4485,3,1,3,0,6
2,4492,3,1,3,0,6
2,4494,3,1,0,1,6
2,4537,3,1,3,0,6
2,4552,3,1,0,0,6
2,4561,3,1,0,0,6
2,4563,3,1,0,0,6
2,4584,3,1,3,0,6
2,4585,3,1,3,0,6
2,4643,3,1,0,0,6
2,4701,3,1,3,0,6
2,4716,3,1,0,1,6
2,4723,3,1,3,0,6
2,4727,3,1,3,0,6
2,4735,3,1,0,1,6
2,4739,3,1,0,1,6
2,4768,3,1,3,0,6
2,4797,3,1,0,1,6
2,4818,3,1,3,0,6
2,4833,3,1,0,0,6
2,4847,3,1,0,0,6
2,4862,3,1,3,0,6
2,4876,3,1,0,0,6
2,4883,3,1,0,1,6
2,4886,3,1,0,0,6
2,4907,3,1,0,0,6
2,4917,3,1,0,1,6
2,4970,3,1,0,1,6
2,4986,3,1,3,0,6
2,4998,3,1,3,0,6
2,7,1,2,1,0,7
2,35,1,2,0,0,7
2,41,1,2,0,1,7
2,62,1,2,1,0,7
2,65,1,2,1,0,7
2,69,1,2,0,0,7
2,97,1,2,0,1,7
2,101,1,2,1,0,7
2,110,1,2,0,0,7
2,113,1,2,0,1,7
2,115,1,2,0,1,7
2,128,1,2,1,0,7
2,134,1,2,0,2,7
2,169,1,2,0,0,7
2,171,1,2,0,0,7
2,176,1,2,1,0,7
2,198,1,2,0,0,7
2,207,1,2,0,0,7
2,226,1,2,0,0,7
2,228,1,2,0,0,7
2,232,1,2,0,0,7
2,251,1,2,1,0,7
2,267,1,2,1,0,7
2,271,1,2,1,0,7
2,315,1,2,0,2,7
2,321,1,2,0,0,7
2,358,1,2,0,1,7
2,393,1,2,0,1,7
2,419,1,2,0,0,7
2,423,1,2,1,0,7
2,441,1,2,0,0,7
2,473,1,2,1,0,7
2,487,1,2,0,2,7
2,504,1,2,0,0,7
2,525,1,2,1,0,7
2,570,1,2,1,0,7
2,587,1,2,1,0,7
2,588,1,2,0,0,7
2,598,1,2,0,0,7
2,607,1,2,0,0,7
2,613,1,2,0,1,7
2,630,1,2,1,0,7
2,669,1,2,0,1,7
2,675,1,2,1,0,7
2,676,1,2,1,0,7
2,721,1,2,1,0,7
2,730,1,2,0,1,7
2,763,1,2,1,0,7
2,769,1,2,0,0,7
2,782,1,2,1,0,7
2,804,1,2,0,1,7
2,807,1,2,0,0,7
2,844,1,2,0,0,7
2,847,1,2,0,2,7
2,877,1,2,1,0,7
2,882,1,2,0,0,7
2,899,1,2,0,0,7
2,901,1,2,0,0,7
2,903,1,2,1,0,7
2,906,1,2,1,0,7
2,917,1,2,0,2,7
2,918,1,2,1,0,7
2,919,1,2,0,0,7
2,973,1,2,0,0,7
2,1055,1,2,0,1,7
2,1084,1,2,0,1,7
2,1085,1,2,1,0,7
2,1097,1,2,1,0,7
2,1105,1,2,1,0,7
2,1112,1,2,1,0,7
2,1125,1,2,1,0,7
2,1173,1,2,1,0,7
2,1231,1,2,1,0,7
2,1258,1,2,1,0,7
2,1293,1,2,1,0,7
2,1314,1,2,0,0,7
2,1331,1,2,0,1,7
2,1358,1,2,0,0,7
2,1370,1,2,1,0,7
2,1381,1,2,0,2,7
2,1390,1,2,1,0,7
2,1397,1,2,1,0,7
2,1422,1,2,0,0,7
2,1424,1,2,1,0,7
2,1465,1,2,0,2,7
2,1466,1,2,0,0,7
2,1470,1,2,0,0,7
2,1489,1,2,1,0,7
2,1492,1,2,1,0,7
2,1505,1,2,1,0,7
2,1514,1,2,0,0,7
2,1544,1,2,1,0,7
2,1576,1,2,0,0,7
2,1579,1,2,0,0,7
2,1590,1,2,0,1,7
2,1630,1,2,0,2,7
2,1638,1,2,1,0,7
2,1663,1,2,0,0,7
2,1673,1,2,1,0,7
2,1700,1,2,0,1,7
2,1711,1,2,0,0,7
2,1723,1,2,0,2,7
2,1743,1,2,1,0,7
2,1758,1,2,1,0,7
2,1759,1,2,1,0,7
2,1777,1,2,0,2,7
2,1781,1,2,1,0,7
2,1782,1,2,1,0,7
2,1800,1,2,1,0,7
2,1810,1,2,0,1,7
2,1848,1,2,1,0,7
2,1870,1,2,0,1,7
2,1873,1,2,0,0,7
2,1883,1,2,0,1,7
2,1885,1,2,1,0,7
2,1886,1,2,0,0,7
2,1910,1,2,0,2,7
2,1944,1,2,0,0,7
2,1965,1,2,1,0,7
2,1968,1,2,0,1,7
2,1975,1,2,1,0,7
2,1977,1,2,0,0,7
2,2034,1,2,1,0,7
2,2036,1,2,1,0,7
2,2037,1,2,0,1,7
2,2055,1,2,0,0,7
2,2067,1,2,1,0,7
2,2068,1,2,0,0,7
2,2096,1,2,1,0,7
2,2115,1,2,0,1,7
2,2127,1,2,1,0,7
2,2129,1,2,0,1,7
2,2131,1,2,0,0,7
2,2146,1,2,0,0,7
2,2151,1,2,0,0,7
2,2154,1,2,0,1,7
2,2163,1,2,0,0,7
2,2186,1,2,0,0,7
2,2214,1,2,0,0,7
2,2216,1,2,0,0,7
2,2241,1,2,0,0,7
2,2254,1,2,0,2,7
2,2279,1,2,0,1,7
2,2284,1,2,0,1,7
2,2307,1,2,0,1,7
2,2308,1,2,1,0,7
2,2325,1,2,0,0,7
2,2363,1,2,0,2,7
2,2369,1,2,1,0,7
2,2370,1,2,1,0,7
2,2375,1,2,0,0,7
2,2380,1,2,1,0,7
2,2396,1,2,1,0,7
2,2404,1,2,0,0,7
2,2421,1,2,0,1,7
2,2429,1,2,0,0,7
2,2455,1,2,1,0,7
2,2456,1,2,1,0,7
2,2457,1,2,1,0,7
2,2463,1,2,0,0,7
2,2464,1,2,1,0,7
2,2472,1,2,0,0,7
2,2481,1,2,0,1,7
2,2493,1,2,1,0,7
2,2500,1,2,1,0,7
2,2506,1,2,0,1,7
2,2523,1,2,0,0,7
2,2525,1,2,0,0,7
2,2526,1,2,0,0,7
2,2532,1,2,0,0,7
2,2549,1,2,0,1,7
2,2561,1,2,0,1,7
2,2570,1,2,0,0,7
2,2576,1,2,0,0,7
2,2579,1,2,1,0,7
2,2584,1,2,0,0,7
2,2598,1,2,0,2,7
2,2619,1,2,0,2,7
2,2630,1,2,0,2,7
2,2681,1,2,0,2,7
2,2682,1,2,0,0,7
2,2708,1,2,1,0,7
2,2722,1,2,1,0,7
2,2731,1,2,1,0,7
2,2742,1,2,0,2,7
2,2750,1,2,1,0,7
2,2756,1,2,0,0,7
2,2760,1,2,0,0,7
2,2766,1,2,0,0,7
2,2812,1,2,1,0,7
2,2824,1,2,1,0,7
2,2845,1,2,0,1,7
2,2848,1,2,0,2,7
2,2854,1,2,1,0,7
2,2857,1,2,0,1,7
2,2865,1,2,1,0,7
2,2880,1,2,0,2,7
2,2888,1,2,0,2,7
2,2889,1,2,0,2,7
2,2934,1,2,1,0,7
2,2995,1,2,0,2,7
2,3006,1,2,1,0,7
2,3020,1,2,0,0,7
2,3036,1,2,1,0,7
2,3040,1,2,0,2,7
2,3063,1,2,0,1,7
2,3117,1,2,0,2,7
2,3143,1,2,0,0,7
2,3150,1,2,1,0,7
2,3161,1,2,1,0,7
2,3163,1,2,1,0,7
2,3168,1,2,0,1,7
2,3170,1,2,0,1,7
2,3183,1,2,0,2,7
2,3217,1,2,0,0,7
2,3257,1,2,1,0,7
2,3261,1,2,0,0,7
2,3286,1,2,0,1,7
2,3293,1,2,0,2,7
2,3294,1,2,0,2,7
2,3339,1,2,0,1,7
2,3354,1,2,0,0,7
2,3364,1,2,0,1,7
2,3365,1,2,0,2,7
2,3372,1,2,0,2,7
2,3380,1,2,0,0,7
2,3392,1,2,1,0,7
2,3401,1,2,0,0,7
2,3419,1,2,1,0,7
2,3470,1,2,0,1,7
2,3488,1,2,0,0,7
2,3496,1,2,0,0,7
2,3518,1,2,0,0,7
2,3549,1,2,1,0,7
2,3555,1,2,1,0,7
2,3560,1,2,1,0,7
2,3562,1,2,0,0,7
2,3563,1,2,0,1,7
2,3579,1,2,0,1,7
2,3580,1,2,1,0,7
2,3586,1,2,0,1,7
2,3589,1,2,0,0,7
2,3605,1,2,0,2,7
2,3613,1,2,0,2,7
2,3644,1,2,0,0,7
2,3656,1,2,0,0,7
2,3707,1,2,0,1,7
2,3708,1,2,0,1,7
2,3729,1,2,0,0,7
2,3756,1,2,0,1,7
2,3785,1,2,1,0,7
2,3788,1,2,1,0,7
2,3797,1,2,1,0,7
2,3811,1,2,1,0,7
2,3818,1,2,1,0,7
2,3825,1,2,0,0,7
2,3830,1,2,0,0,7
2,3836,1,2,0,0,7
2,3838,1,2,0,2,7
2,3841,1,2,0,1,7
2,3861,1,2,0,1,7
2,3862,1,2,0,0,7
2,3865,1,2,1,0,7
2,3885,1,2,0,0,7
2,3901,1,2,0,1,7
2,3902,1,2,0,1,7
2,3939,1,2,0,0,7
2,3942,1,2,0,1,7
2,3949,1,2,0,0,7
2,3976,1,2,1,0,7
2,3986,1,2,0,0,7
2,3998,1,2,0,0,7
2,4004,1,2,1,0,7
2,4011,1,2,0,2,7
2,4013,1,2,0,0,7
2,4015,1,2,1,0,7
2,4036,1,2,1,0,7
2,4038,1,2,0,0,7
2,4053,1,2,0,2,7
2,4085,1,2,0,1,7
2,4111,1,2,1,0,7
2,4133,1,2,0,0,7
2,4137,1,2,0,1,7
2,4142,1,2,1,0,7
2,4195,1,2,0,0,7
2,4196,1,2,1,0,7
2,4209,1,2,0,0,7
2,4236,1,2,1,0,7
2,4268,1,2,1,0,7
2,4278,1,2,0,1,7
2,4316,1,2,1,0,7
2,4342,1,2,1,0,7
2,4366,1,2,0,0,7
2,4377,1,2,0,1,7
2,4382,1,2,1,0,7
2,4406,1,2,1,0,7
2,4415,1,2,0,2,7
2,4439,1,2,0,2,7
2,4478,1,2,1,0,7
2,4511,1,2,0,0,7
2,4512,1,2,0,0,7
2,4517,1,2,1,0,7
2,4519,1,2,1,0,7
2,4531,1,2,0,0,7
2,4543,1,2,0,1,7
2,4570,1,2,0,2,7
2,4580,1,2,1,0,7
2,4610,1,2,0,1,7
2,4616,1,2,1,0,7
2,4617,1,2,0,1,7
2,4624,1,2,0,1,7
2,4631,1,2,0,0,7
2,4636,1,2,1,0,7
2,4650,1,2,0,0,7
2,4667,1,2,0,2,7
2,4689,1,2,1,0,7
2,4692,1,2,0,0,7
2,4695,1,2,0,1,7
2,4719,1,2,0,1,7
2,4736,1,2,0,2,7
2,4753,1,2,0,0,7
2,4758,1,2,0,1,7
2,4775,1,2,0,1,7
2,4812,1,2,0,0,7
2,4815,1,2,1,0,7
2,4822,1,2,0,0,7
2,4830,1,2,0,1,7
2,4850,1,2,1,0,7
2,4853,1,2,1,0,7
2,4889,1,2,1,0,7
2,4906,1,2,0,0,7
2,4977,1,2,1,0,7
2,4988,1,2,0,0,7
2,10,1,1,0,1,8
2,11,1,1,0,1,8
2,17,1,1,0,0,8
2,29,1,1,1,0,8
2,55,1,1,0,0,8
2,77,1,1,1,0,8
2,158,1,1,1,0,8
2,188,1,1,0,0,8
2,208,1,1,1,0,8
2,255,1,1,0,1,8
2,313,1,1,0,0,8
2,329,1,1,0,0,8
2,351,1,1,0,0,8
2,417,1,1,0,1,8
2,424,1,1,0,0,8
2,430,1,1,0,0,8
2,446,1,1,0,1,8
2,450,1,1,0,1,8
2,484,1,1,1,0,8
2,485,1,1,1,0,8
2,490,1,1,1,0,8
2,507,1,1,0,0,8
2,511,1,1,1,0,8
2,520,1,1,0,1,8
2,556,1,1,0,0,8
2,568,1,1,1,0,8
2,572,1,1,1,0,8
2,591,1,1,0,1,8
2,612,1,1,0,0,8
2,614,1,1,1,0,8
2,615,1,1,0,0,8
2,645,1,1,0,1,8
2,653,1,1,0,0,8
2,663,1,1,0,1,8
2,673,1,1,0,1,8
2,686,1,1,1,0,8
2,707,1,1,0,0,8
2,711,1,1,0,1,8
2,726,1,1,0,0,8
2,732,1,1,0,0,8
2,741,1,1,0,1,8
2,765,1,1,0,0,8
2,797,1,1,1,0,8
2,814,1,1,1,0,8
2,818,1,1,0,1,8
2,835,1,1,0,0,8
2,843,1,1,0,1,8
2,872,1,1,1,0,8
2,874,1,1,1,0,8
2,878,1,1,1,0,8
2,890,1,1,1,0,8
2,924,1,1,0,1,8
2,926,1,1,0,1,8
2,945,1,1,0,1,8
2,952,1,1,0,1,8
2,1067,1,1,1,0,8
2,1109,1,1,0,1,8
2,1114,1,1,0,1,8
2,1127,1,1,1,0,8
2,1156,1,1,0,1,8
2,1158,1,1,1,0,8
2,1167,1,1,0,0,8
2,1172,1,1,1,0,8
2,1218,1,1,0,0,8
2,1255,1,1,0,1,8
2,1265,1,1,1,0,8
2,1269,1,1,0,1,8
2,1284,1,1,0,0,8
2,1321,1,1,1,0,8
2,1335,1,1,0,0,8
2,1336,1,1,0,1,8
2,1339,1,1,0,1,8
2,1350,1,1,1,0,8
2,1362,1,1,1,0,8
2,1392,1,1,0,0,8
2,1396,1,1,0,0,8
2,1403,1,1,0,1,8
2,1414,1,1,1,0,8
2,1444,1,1,0,0,8
2,1460,1,1,0,0,8
2,1481,1,1,0,1,8
2,1533,1,1,1,0,8
2,1534,1,1,1,0,8
2,1537,1,1,0,0,8
2,1543,1,1,0,0,8
2,1565,1,1,0,1,8
2,1727,1,1,1,0,8
2,1747,1,1,0,0,8
2,1767,1,1,0,0,8
2,1773,1,1,0,0,8
2,1775,1,1,0,0,8
2,1787,1,1,0,1,8
2,1797,1,1,0,0,8
2,1842,1,1,1,0,8
2,1877,1,1,1,0,8
2,1914,1,1,1,0,8
2,1941,1,1,0,0,8
2,1955,1,1,1,0,8
2,1957,1,1,0,1,8
2,1994,1,1,1,0,8
2,2008,1,1,1,0,8
2,2028,1,1,0,1,8
2,2030,1,1,0,1,8
2,2039,1,1,1,0,8
2,2043,1,1,0,0,8
2,2066,1,1,0,0,8
2,2071,1,1,1,0,8
2,2074,1,1,1,0,8
2,2084,1,1,1,0,8
2,2090,1,1,0,1,8
2,2121,1,1,0,0,8
2,2173,1,1,1,0,8
2,2200,1,1,0,0,8
2,2227,1,1,1,0,8
2,2250,1,1,1,0,8
2,2285,1,1,1,0,8
2,2322,1,1,0,1,8
2,2330,1,1,1,0,8
2,2374,1,1,1,0,8
2,2384,1,1,0,0,8
2,2386,1,1,0,1,8
2,2399,1,1,1,0,8
2,2427,1,1,0,1,8
2,2440,1,1,1,0,8
2,2505,1,1,0,1,8
2,2512,1,1,1,0,8
2,2520,1,1,0,1,8
2,2527,1,1,0,0,8
2,2535,1,1,0,1,8
2,2591,1,1,0,0,8
2,2597,1,1,1,0,8
2,2602,1,1,0,1,8
2,2625,1,1,0,0,8
2,2628,1,1,1,0,8
2,2683,1,1,0,0,8
2,2688,1,1,0,1,8
2,2705,1,1,0,1,8
2,2711,1,1,1,0,8
2,2728,1,1,0,1,8
2,2732,1,1,0,1,8
2,2799,1,1,0,0,8
2,2807,1,1,0,0,8
2,2864,1,1,0,1,8
2,2942,1,1,1,0,8
2,2967,1,1,0,1,8
2,2968,1,1,0,0,8
2,2975,1,1,0,1,8
2,2985,1,1,0,0,8
2,3007,1,1,0,0,8
2,3009,1,1,0,1,8
2,3082,1,1,1,0,8
2,3099,1,1,0,0,8
2,3108,1,1,1,0,8
2,3137,1,1,0,1,8
2,3146,1,1,0,1,8
2,3148,1,1,1,0,8
2,3166,1,1,1,0,8
2,3195,1,1,0,1,8
2,3231,1,1,0,1,8
2,3258,1,1,1,0,8
2,3262,1,1,0,0,8
2,3263,1,1,0,1,8
2,3266,1,1,0,0,8
2,3306,1,1,0,0,8
2,3310,1,1,0,1,8
2,3366,1,1,0,1,8
2,3461,1,1,0,1,8
2,3469,1,1,0,1,8
2,3477,1,1,1,0,8
2,3492,1,1,0,0,8
2,3512,1,1,0,1,8
2,3534,1,1,0,1,8
2,3543,1,1,0,1,8
2,3569,1,1,1,0,8
2,3574,1,1,0,1,8
2,3596,1,1,0,1,8
2,3597,1,1,0,1,8
2,3621,1,1,0,1,8
2,3651,1,1,0,1,8
2,3659,1,1,0,0,8
2,3660,1,1,1,0,8
2,3664,1,1,1,0,8
2,3671,1,1,1,0,8
2,3673,1,1,0,1,8
2,3744,1,1,1,0,8
2,3767,1,1,1,0,8
2,3779,1,1,0,0,8
2,3794,1,1,0,1,8
2,3816,1,1,0,1,8
2,3871,1,1,1,0,8
2,3892,1,1,1,0,8
2,3916,1,1,1,0,8
2,3937,1,1,0,1,8
2,3944,1,1,1,0,8
2,4032,1,1,0,1,8
2,4037,1,1,0,0,8
2,4047,1,1,0,0,8
2,4093,1,1,1,0,8
2,4099,1,1,0,1,8
2,4116,1,1,0,0,8
2,4127,1,1,0,1,8
2,4136,1,1,0,1,8
2,4141,1,1,1,0,8
2,4144,1,1,0,0,8
2,4154,1,1,0,0,8
2,4160,1,1,0,1,8
2,4190,1,1,0,1,8
2,4215,1,1,0,1,8
2,4216,1,1,0,0,8
2,4249,1,1,1,0,8
2,4259,1,1,0,1,8
2,4260,1,1,0,1,8
2,4264,1,1,0,0,8
2,4290,1,1,0,0,8
2,4292,1,1,1,0,8
2,4323,1,1,0,0,8
2,4345,1,1,0,1,8
2,4378,1,1,0,1,8
2,4414,1,1,0,0,8
2,4428,1,1,0,0,8
2,4434,1,1,0,1,8
2,4452,1,1,1,0,8
2,4453,1,1,1,0,8
2,4486,1,1,0,0,8
2,4521,1,1,0,0,8
2,4536,1,1,0,1,8
2,4557,1,1,1,0,8
2,4579,1,1,0,1,8
2,4588,1,1,0,0,8
2,4590,1,1,0,0,8
2,4611,1,1,0,0,8
2,4645,1,1,0,0,8
2,4653,1,1,0,1,8
2,4663,1,1,0,1,8
2,4664,1,1,1,0,8
2,4675,1,1,0,0,8
2,4678,1,1,0,0,8
2,4683,1,1,0,0,8
2,4686,1,1,1,0,8
2,4706,1,1,0,1,8
2,4707,1,1,0,1,8
2,4772,1,1,1,0,8
2,4795,1,1,0,1,8
2,4807,1,1,0,1,8
2,4829,1,1,0,1,8
2,4849,1,1,0,0,8
2,4865,1,1,0,1,8
2,4868,1,1,0,0,8
2,4928,1,1,1,0,8
2,4944,1,1,1,0,8
2,4955,1,1,0,1,8
2,4962,1,1,1,0,8
2,4990,1,1,0,1,8
2,4996,1,1,0,0,8
2,4999,1,1,0,1,8
2,1,1,1,0,1,9
2,13,1,1,0,1,9
2,47,1,1,1,0,9
2,50,1,1,0,0,9
2,78,1,1,0,1,9
2,107,1,1,0,1,9
2,109,1,1,1,0,9
2,114,1,1,0,0,9
2,139,1,1,0,1,9
2,148,1,1,0,0,9
2,153,1,1,1,0,9
2,166,1,1,0,1,9
2,175,1,1,0,0,9
2,197,1,1,1,0,9
2,203,1,1,1,0,9
2,250,1,1,0,1,9
2,265,1,1,0,0,9
2,299,1,1,0,0,9
2,341,1,1,0,1,9
2,380,1,1,0,1,9
2,391,1,1,0,0,9
2,406,1,1,1,0,9
2,428,1,1,1,0,9
2,437,1,1,1,0,9
2,440,1,1,0,1,9
2,454,1,1,1,0,9
2,461,1,1,1,0,9
2,476,1,1,1,0,9
2,477,1,1,0,0,9
2,492,1,1,0,0,9
2,545,1,1,0,1,9
2,548,1,1,0,0,9
2,553,1,1,1,0,9
2,567,1,1,1,0,9
2,626,1,1,0,1,9
2,652,1,1,0,1,9
2,693,1,1,1,0,9
2,705,1,1,0,0,9
2,706,1,1,0,0,9
2,709,1,1,1,0,9
2,725,1,1,0,0,9
2,729,1,1,0,0,9
2,733,1,1,0,0,9
2,787,1,1,0,0,9
2,791,1,1,0,0,9
2,817,1,1,0,0,9
2,831,1,1,1,0,9
2,849,1,1,0,1,9
2,858,1,1,1,0,9
2,864,1,1,0,1,9
2,898,1,1,0,1,9
2,907,1,1,0,1,9
2,938,1,1,0,1,9
2,959,1,1,1,0,9
2,962,1,1,0,0,9
2,1006,1,1,0,0,9
2,1013,1,1,1,0,9
2,1033,1,1,1,0,9
2,1049,1,1,0,0,9
2,1077,1,1,1,0,9
2,1132,1,1,1,0,9
2,1135,1,1,1,0,9
2,1153,1,1,1,0,9
2,1198,1,1,1,0,9
2,1199,1,1,1,0,9
2,1200,1,1,0,1,9
2,1232,1,1,1,0,9
2,1235,1,1,1,0,9
2,1250,1,1,0,1,9
2,1289,1,1,0,0,9
2,1297,1,1,0,1,9
2,1305,1,1,1,0,9
2,1337,1,1,0,1,9
2,1345,1,1,0,0,9
2,1357,1,1,0,1,9
2,1372,1,1,1,0,9
2,1384,1,1,1,0,9
2,1427,1,1,0,0,9
2,1437,1,1,1,0,9
2,1439,1,1,1,0,9
2,1443,1,1,0,0,9
2,1449,1,1,1,0,9
2,1469,1,1,0,1,9
2,1525,1,1,0,0,9
2,1528,1,1,0,1,9
2,1562,1,1,1,0,9
2,1566,1,1,0,1,9
2,1574,1,1,0,1,9
2,1625,1,1,0,1,9
2,1639,1,1,0,1,9
2,1644,1,1,1,0,9
2,1686,1,1,0,1,9
2,1695,1,1,0,0,9
2,1713,1,1,0,1,9
2,1717,1,1,0,0,9
2,1728,1,1,0,0,9
2,1750,1,1,0,1,9
2,1764,1,1,0,1,9
2,1802,1,1,0,0,9
2,1813,1,1,1,0,9
2,1826,1,1,1,0,9
2,1828,1,1,1,0,9
2,1850,1,1,0,1,9
2,1950,1,1,0,0,9
2,1958,1,1,1,0,9
2,1976,1,1,1,0,9
2,1978,1,1,0,0,9
2,1997,1,1,0,1,9
2,2012,1,1,0,0,9
2,2018,1,1,0,0,9
2,2051,1,1,0,0,9
2,2054,1,1,1,0,9
2,2072,1,1,0,0,9
2,2114,1,1,1,0,9
2,2116,1,1,0,0,9
2,2132,1,1,0,0,9
2,2136,1,1,1,0,9
2,2145,1,1,0,1,9
2,2156,1,1,0,0,9
2,2204,1,1,0,1,9
2,2255,1,1,0,1,9
2,2262,1,1,0,1,9
2,2263,1,1,0,1,9
2,2264,1,1,0,0,9
2,2265,1,1,0,0,9
2,2266,1,1,1,0,9
2,2275,1,1,0,0,9
2,2278,1,1,0,0,9
2,2311,1,1,1,0,9
2,2331,1,1,0,1,9
2,2360,1,1,0,1,9
2,2383,1,1,0,1,9
2,2398,1,1,0,1,9
2,2400,1,1,0,1,9
2,2407,1,1,0,1,9
2,2422,1,1,1,0,9
2,2444,1,1,0,1,9
2,2460,1,1,0,1,9
2,2539,1,1,1,0,9
2,2542,1,1,0,1,9
2,2565,1,1,1,0,9
2,2583,1,1,0,1,9
2,2631,1,1,0,1,9
2,2633,1,1,1,0,9
2,2655,1,1,1,0,9
2,2657,1,1,0,0,9
2,2698,1,1,0,1,9
2,2713,1,1,1,0,9
2,2716,1,1,0,1,9
2,2720,1,1,1,0,9
2,2744,1,1,0,0,9
2,2765,1,1,1,0,9
2,2783,1,1,0,1,9
2,2789,1,1,1,0,9
2,2801,1,1,0,1,9
2,2816,1,1,1,0,9
2,2882,1,1,0,1,9
2,2935,1,1,0,1,9
2,2945,1,1,0,1,9
2,2976,1,1,0,1,9
2,3001,1,1,1,0,9
2,3034,1,1,0,1,9
2,3059,1,1,1,0,9
2,3084,1,1,0,0,9
2,3092,1,1,0,0,9
2,3116,1,1,1,0,9
2,3135,1,1,0,1,9
2,3151,1,1,0,0,9
2,3152,1,1,0,0,9
2,3167,1,1,1,0,9
2,3201,1,1,1,0,9
2,3215,1,1,0,1,9
2,3229,1,1,1,0,9
2,3242,1,1,0,1,9
2,3259,1,1,1,0,9
2,3301,1,1,0,1,9
2,3308,1,1,0,1,9
2,3343,1,1,0,0,9
2,3353,1,1,0,1,9
2,3368,1,1,0,0,9
2,3370,1,1,1,0,9
2,3389,1,1,1,0,9
2,3396,1,1,0,0,9
2,3400,1,1,1,0,9
2,3430,1,1,1,0,9
2,3432,1,1,0,0,9
2,3476,1,1,0,1,9
2,3483,1,1,1,0,9
2,3490,1,1,1,0,9
2,3522,1,1,0,1,9
2,3523,1,1,0,1,9
2,3524,1,1,0,0,9
2,3548,1,1,0,0,9
2,3566,1,1,0,0,9
2,3603,1,1,0,1,9
2,3610,1,1,0,1,9
2,3616,1,1,0,1,9
2,3625,1,1,1,0,9
2,3636,1,1,0,1,9
2,3637,1,1,1,0,9
2,3649,1,1,0,1,9
2,3679,1,1,0,1,9
2,3682,1,1,0,0,9
2,3693,1,1,1,0,9
2,3700,1,1,0,0,9
2,3719,1,1,1,0,9
2,3730,1,1,1,0,9
2,3755,1,1,0,1,9
2,3771,1,1,0,0,9
2,3812,1,1,0,0,9
2,3849,1,1,1,0,9
2,3850,1,1,1,0,9
2,3857,1,1,0,0,9
2,3859,1,1,0,1,9
2,3876,1,1,0,1,9
2,3910,1,1,0,0,9
2,3913,1,1,0,1,9
2,3930,1,1,1,0,9
2,3956,1,1,0,0,9
2,3990,1,1,1,0,9
2,4055,1,1,1,0,9
2,4087,1,1,1,0,9
2,4102,1,1,0,0,9
2,4107,1,1,0,1,9
2,4182,1,1,0,1,9
2,4183,1,1,1,0,9
2,4205,1,1,0,0,9
2,4220,1,1,0,1,9
2,4247,1,1,0,0,9
2,4297,1,1,0,0,9
2,4303,1,1,1,0,9
2,4304,1,1,0,0,9
2,4329,1,1,0,0,9
2,4357,1,1,0,0,9
2,4373,1,1,0,0,9
2,4387,1,1,1,0,9
2,4410,1,1,0,0,9
2,4416,1,1,0,1,9
2,4418,1,1,1,0,9
2,4427,1,1,0,1,9
2,4463,1,1,1,0,9
2,4464,1,1,0,1,9
2,4467,1,1,1,0,9
2,4468,1,1,1,0,9
2,4470,1,1,0,1,9
2,4483,1,1,0,1,9
2,4500,1,1,0,0,9
2,4501,1,1,0,0,9
2,4524,1,1,0,1,9
2,4526,1,1,1,0,9
2,4534,1,1,1,0,9
2,4540,1,1,0,0,9
2,4568,1,1,0,1,9
2,4577,1,1,0,0,9
2,4591,1,1,1,0,9
2,4606,1,1,0,0,9
2,4607,1,1,0,0,9
2,4654,1,1,1,0,9
2,4659,1,1,0,1,9
2,4709,1,1,0,0,9
2,4717,1,1,0,1,9
2,4745,1,1,0,0,9
2,4780,1,1,0,0,9
2,4804,1,1,0,1,9
2,4824,1,1,1,0,9
2,4843,1,1,0,0,9
2,4863,1,1,0,1,9
2,4877,1,1,0,1,9
2,4885,1,1,0,1,9
2,4888,1,1,0,1,9
2,4895,1,1,0,1,9
2,4902,1,1,1,0,9
2,4915,1,1,1,0,9
2,4922,1,1,0,1,9
2,4929,1,1,0,0,9
2,4931,1,1,1,0,9
2,4935,1,1,0,1,9
2,4960,1,1,0,0,9
2,4991,1,1,1,0,9
2,27,1,1,1,0,10
2,36,1,1,0,0,10
2,40,1,1,0,0,10
2,42,1,1,0,1,10
2,51,1,1,0,1,10
2,89,1,1,0,1,10
2,93,1,1,0,1,10
2,94,1,1,0,1,10
2,133,1,1,0,0,10
2,145,1,1,0,1,10
2,157,1,1,0,0,10
2,162,1,1,1,0,10
2,165,1,1,0,1,10
2,178,1,1,0,1,10
2,181,1,1,0,1,10
2,209,1,1,1,0,10
2,220,1,1,0,0,10
2,234,1,1,0,1,10
2,237,1,1,0,0,10
2,261,1,1,0,0,10
2,273,1,1,0,1,10
2,297,1,1,0,1,10
2,305,1,1,1,0,10
2,323,1,1,1,0,10
2,335,1,1,0,0,10
2,348,1,1,0,0,10
2,370,1,1,1,0,10
2,388,1,1,0,0,10
2,396,1,1,1,0,10
2,405,1,1,1,0,10
2,418,1,1,0,0,10
2,429,1,1,0,0,10
2,447,1,1,1,0,10
2,459,1,1,1,0,10
2,497,1,1,1,0,10
2,518,1,1,0,1,10
2,521,1,1,0,1,10
2,522,1,1,0,0,10
2,544,1,1,1,0,10
2,604,1,1,1,0,10
2,616,1,1,0,1,10
2,640,1,1,1,0,10
2,643,1,1,0,0,10
2,659,1,1,1,0,10
2,660,1,1,1,0,10
2,672,1,1,1,0,10
2,689,1,1,0,1,10
2,690,1,1,1,0,10
2,691,1,1,1,0,10
2,692,1,1,0,1,10
2,713,1,1,1,0,10
2,748,1,1,0,1,10
2,766,1,1,1,0,10
2,775,1,1,1,0,10
2,908,1,1,0,1,10
2,936,1,1,0,0,10
2,950,1,1,0,0,10
2,976,1,1,0,1,10
2,998,1,1,0,0,10
2,1024,1,1,0,1,10
2,1025,1,1,1,0,10
2,1030,1,1,0,0,10
2,1041,1,1,1,0,10
2,1080,1,1,0,1,10
2,1081,1,1,1,0,10
2,1101,1,1,1,0,10
2,1110,1,1,0,1,10
2,1128,1,1,0,0,10
2,1130,1,1,1,0,10
2,1160,1,1,1,0,10
2,1174,1,1,0,1,10
2,1177,1,1,1,0,10
2,1186,1,1,0,0,10
2,1193,1,1,0,1,10
2,1237,1,1,0,1,10
2,1240,1,1,0,1,10
2,1242,1,1,0,1,10
2,1270,1,1,0,1,10
2,1275,1,1,0,1,10
2,1286,1,1,1,0,10
2,1296,1,1,0,1,10
2,1333,1,1,1,0,10
2,1359,1,1,1,0,10
2,1360,1,1,1,0,10
2,1361,1,1,0,1,10
2,1363,1,1,0,0,10
2,1364,1,1,0,1,10
2,1387,1,1,0,0,10
2,1389,1,1,0,0,10
2,1405,1,1,0,1,10
2,1455,1,1,0,1,10
2,1477,1,1,0,0,10
2,1483,1,1,0,0,10
2,1497,1,1,0,0,10
2,1506,1,1,1,0,10
2,1512,1,1,1,0,10
2,1541,1,1,0,0,10
2,1567,1,1,0,0,10
2,1598,1,1,1,0,10
2,1613,1,1,0,1,10
2,1623,1,1,1,0,10
2,1672,1,1,0,1,10
2,1699,1,1,1,0,10
2,1706,1,1,0,1,10
2,1776,1,1,1,0,10
2,1789,1,1,1,0,10
2,1803,1,1,0,0,10
2,1804,1,1,0,0,10
2,1805,1,1,0,0,10
2,1849,1,1,0,0,10
2,1863,1,1,0,0,10
2,1872,1,1,0,0,10
2,1892,1,1,0,0,10
2,1898,1,1,1,0,10
2,1907,1,1,1,0,10
2,1928,1,1,0,1,10
2,1937,1,1,0,0,10
2,1945,1,1,1,0,10
2,1948,1,1,1,0,10
2,1971,1,1,0,1,10
2,2016,1,1,0,1,10
2,2032,1,1,1,0,10
2,2047,1,1,1,0,10
2,2085,1,1,1,0,10
2,2150,1,1,0,0,10
2,2167,1,1,1,0,10
2,2177,1,1,0,1,10
2,2197,1,1,0,0,10
2,2201,1,1,1,0,10
2,2228,1,1,0,1,10
2,2232,1,1,0,0,10
2,2239,1,1,1,0,10
2,2292,1,1,0,0,10
2,2296,1,1,0,0,10
2,2326,1,1,1,0,10
2,2364,1,1,0,1,10
2,2366,1,1,0,0,10
2,2385,1,1,0,1,10
2,2406,1,1,0,1,10
2,2415,1,1,1,0,10
2,2426,1,1,0,1,10
2,2450,1,1,0,0,10
2,2475,1,1,1,0,10
2,2499,1,1,1,0,10
2,2577,1,1,0,1,10
2,2615,1,1,1,0,10
2,2651,1,1,0,0,10
2,2666,1,1,0,0,10
2,2675,1,1,1,0,10
2,2676,1,1,0,1,10
2,2694,1,1,1,0,10
2,2696,1,1,1,0,10
2,2729,1,1,0,0,10
2,2754,1,1,1,0,10
2,2755,1,1,0,0,10
2,2768,1,1,1,0,10
2,2774,1,1,0,1,10
2,2788,1,1,1,0,10
2,2827,1,1,0,1,10
2,2835,1,1,1,0,10
2,2842,1,1,0,0,10
2,2847,1,1,0,1,10
2,2861,1,1,0,1,10
2,2870,1,1,1,0,10
2,2871,1,1,0,0,10
2,2878,1,1,0,1,10
2,2885,1,1,0,1,10
2,2892,1,1,0,0,10
2,2894,1,1,0,0,10
2,2912,1,1,0,1,10
2,2914,1,1,0,0,10
2,2919,1,1,1,0,10
2,2923,1,1,1,0,10
2,2933,1,1,0,1,10
2,2946,1,1,0,1,10
2,2969,1,1,1,0,10
2,2986,1,1,0,0,10
2,3016,1,1,0,1,10
2,3024,1,1,0,0,10
2,3041,1,1,1,0,10
2,3097,1,1,0,1,10
2,3112,1,1,0,0,10
2,3119,1,1,1,0,10
2,3157,1,1,0,1,10
2,3162,1,1,0,1,10
2,3185,1,1,0,0,10
2,3214,1,1,0,1,10
2,3219,1,1,0,0,10
2,3228,1,1,0,1,10
2,3246,1,1,1,0,10
2,3313,1,1,0,1,10
2,3319,1,1,1,0,10
2,3326,1,1,0,1,10
2,3373,1,1,0,1,10
2,3374,1,1,0,0,10
2,3382,1,1,0,1,10
2,3384,1,1,0,1,10
2,3404,1,1,1,0,10
2,3423,1,1,1,0,10
2,3501,1,1,0,1,10
2,3510,1,1,0,1,10
2,3515,1,1,0,1,10
2,3528,1,1,0,1,10
2,3531,1,1,0,1,10
2,3547,1,1,0,1,10
2,3564,1,1,0,1,10
2,3591,1,1,1,0,10
2,3600,1,1,0,0,10
2,3601,1,1,1,0,10
2,3609,1,1,0,0,10
2,3612,1,1,0,1,10
2,3618,1,1,1,0,10
2,3628,1,1,0,0,10
2,3629,1,1,0,0,10
2,3632,1,1,1,0,10
2,3640,1,1,1,0,10
2,3641,1,1,1,0,10
2,3675,1,1,1,0,10
2,3678,1,1,0,0,10
2,3688,1,1,1,0,10
2,3694,1,1,0,1,10
2,3712,1,1,0,0,10
2,3721,1,1,0,0,10
2,3724,1,1,0,0,10
2,3749,1,1,0,0,10
2,3752,1,1,0,0,10
2,3776,1,1,0,0,10
2,3778,1,1,0,0,10
2,3793,1,1,0,0,10
2,3828,1,1,0,0,10
2,3853,1,1,0,1,10
2,3870,1,1,0,0,10
2,3882,1,1,0,0,10
2,3888,1,1,1,0,10
2,3904,1,1,1,0,10
2,3947,1,1,0,0,10
2,3966,1,1,0,0,10
2,3988,1,1,0,1,10
2,4031,1,1,0,0,10
2,4041,1,1,1,0,10
2,4052,1,1,0,1,10
2,4079,1,1,1,0,10
2,4083,1,1,0,1,10
2,4092,1,1,0,0,10
2,4108,1,1,0,1,10
2,4119,1,1,0,0,10
2,4126,1,1,0,0,10
2,4168,1,1,0,0,10
2,4176,1,1,0,1,10
2,4178,1,1,0,0,10
2,4179,1,1,0,0,10
2,4199,1,1,0,0,10
2,4219,1,1,0,1,10
2,4227,1,1,0,0,10
2,4251,1,1,1,0,10
2,4263,1,1,0,1,10
2,4301,1,1,0,1,10
2,4324,1,1,1,0,10
2,4336,1,1,1,0,10
2,4374,1,1,1,0,10
2,4388,1,1,0,1,10
2,4403,1,1,0,1,10
2,4484,1,1,0,0,10
2,4532,1,1,1,0,10
2,4601,1,1,0,1,10
2,4603,1,1,1,0,10
2,4608,1,1,0,1,10
2,4668,1,1,1,0,10
2,4669,1,1,1,0,10
2,4681,1,1,0,0,10
2,4711,1,1,1,0,10
2,4737,1,1,1,0,10
2,4760,1,1,0,1,10
2,4764,1,1,1,0,10
2,4776,1,1,0,0,10
2,4791,1,1,0,1,10
2,4852,1,1,0,0,10
2,4891,1,1,0,0,10
2,4893,1,1,0,0,10
2,4896,1,1,0,1,10
2,4898,1,1,1,0,10
2,4899,1,1,1,0,10
2,4920,1,1,0,0,10
2,4927,1,1,0,1,10
2,4938,1,1,0,1,10
2,4939,1,1,0,0,10
2,4946,1,1,0,0,10
2,4948,1,1,1,0,10
2,4956,1,1,0,0,10
2,4967,1,1,0,0,10
2,4969,1,1,1,0,10
2,0,1,1,1,0,11
2,3,1,1,1,0,11
2,4,1,1,0,0,11
2,15,1,1,1,0,11
2,20,1,1,1,0,11
2,30,1,1,1,0,11
2,43,1,1,0,1,11
2,46,1,1,0,1,11
2,120,1,1,0,1,11
2,150,1,1,0,1,11
2,151,1,1,0,1,11
2,155,1,1,0,1,11
2,168,1,1,1,0,11
2,195,1,1,0,1,11
2,213,1,1,1,0,11
2,247,1,1,0,0,11
2,256,1,1,1,0,11
2,289,1,1,0,0,11
2,296,1,1,0,1,11
2,301,1,1,0,1,11
2,311,1,1,0,0,11
2,331,1,1,0,0,11
2,353,1,1,0,1,11
2,355,1,1,1,0,11
2,402,1,1,0,1,11
2,414,1,1,0,1,11
2,463,1,1,0,1,11
2,550,1,1,1,0,11
2,554,1,1,1,0,11
2,557,1,1,1,0,11
2,559,1,1,0,1,11
2,571,1,1,1,0,11
2,583,1,1,0,1,11
2,586,1,1,1,0,11
2,592,1,1,1,0,11
2,594,1,1,0,0,11
2,634,1,1,0,1,11
2,639,1,1,0,0,11
2,651,1,1,1,0,11
2,679,1,1,1,0,11
2,710,1,1,0,0,11
2,728,1,1,0,0,11
2,753,1,1,0,1,11
2,774,1,1,0,0,11
2,795,1,1,1,0,11
2,828,1,1,1,0,11
2,833,1,1,0,0,11
2,863,1,1,1,0,11
2,886,1,1,0,0,11
2,887,1,1,0,0,11
2,891,1,1,1,0,11
2,905,1,1,1,0,11
2,932,1,1,1,0,11
2,933,1,1,1,0,11
2,944,1,1,0,1,11
2,946,1,1,0,1,11
2,955,1,1,0,1,11
2,966,1,1,1,0,11
2,978,1,1,0,0,11
2,1000,1,1,0,0,11
2,1009,1,1,0,1,11
2,1037,1,1,0,1,11
2,1075,1,1,1,0,11
2,1091,1,1,0,1,11
2,1096,1,1,0,0,11
2,1103,1,1,0,1,11
2,1107,1,1,0,1,11
2,1119,1,1,1,0,11
2,1148,1,1,0,1,11
2,1154,1,1,1,0,11
2,1166,1,1,0,0,11
2,1180,1,1,0,1,11
2,1185,1,1,0,1,11
2,1230,1,1,0,0,11
2,1238,1,1,1,0,11
2,1245,1,1,0,1,11
2,1248,1,1,0,1,11
2,1252,1,1,1,0,11
2,1259,1,1,1,0,11
2,1272,1,1,0,0,11
2,1298,1,1,1,0,11
2,1300,1,1,1,0,11
2,1326,1,1,1,0,11
2,1329,1,1,0,0,11
2,1386,1,1,0,0,11
2,1395,1,1,1,0,11
2,1407,1,1,0,1,11
2,1411,1,1,0,1,11
2,1419,1,1,1,0,11
2,1487,1,1,0,0,11
2,1496,1,1,1,0,11
2,1499,1,1,1,0,11
2,1527,1,1,1,0,11
2,1572,1,1,0,1,11
2,1592,1,1,1,0,11
2,1620,1,1,0,1,11
2,1643,1,1,0,0,11
2,1645,1,1,1,0,11
2,1682,1,1,0,1,11
2,1689,1,1,0,1,11
2,1702,1,1,1,0,11
2,1708,1,1,0,1,11
2,1716,1,1,0,0,11
2,1724,1,1,1,0,11
2,1735,1,1,0,0,11
2,1738,1,1,0,1,11
2,1746,1,1,0,0,11
2,1774,1,1,0,0,11
2,1793,1,1,1,0,11
2,1795,1,1,0,1,11
2,1796,1,1,1,0,11
2,1811,1,1,0,1,11
2,1832,1,1,1,0,11
2,1851,1,1,1,0,11
2,1876,1,1,0,0,11
2,1894,1,1,0,1,11
2,1900,1,1,1,0,11
2,1908,1,1,0,0,11
2,1912,1,1,0,1,11
2,1915,1,1,0,0,11
2,1916,1,1,0,0,11
2,1917,1,1,0,0,11
2,1924,1,1,0,1,11
2,1929,1,1,0,0,11
2,1967,1,1,1,0,11
2,1973,1,1,1,0,11
2,1995,1,1,0,1,11
2,1996,1,1,0,1,11
2,1998,1,1,1,0,11
2,2011,1,1,0,0,11
2,2024,1,1,1,0,11
2,2029,1,1,1,0,11
2,2035,1,1,1,0,11
2,2082,1,1,0,0,11
2,2123,1,1,1,0,11
2,2125,1,1,0,0,11
2,2159,1,1,1,0,11
2,2162,1,1,1,0,11
2,2164,1,1,0,1,11
2,2168,1,1,1,0,11
2,2169,1,1,1,0,11
2,2212,1,1,0,1,11
2,2219,1,1,1,0,11
2,2240,1,1,0,1,11
2,2259,1,1,0,0,11
2,2293,1,1,0,1,11
2,2303,1,1,0,0,11
2,2338,1,1,0,1,11
2,2347,1,1,1,0,11
2,2352,1,1,1,0,11
2,2355,1,1,0,0,11
2,2362,1,1,0,1,11
2,2389,1,1,1,0,11
2,2430,1,1,0,0,11
2,2433,1,1,0,1,11
2,2445,1,1,0,1,11
2,2452,1,1,0,1,11
2,2477,1,1,0,1,11
2,2480,1,1,0,1,11
2,2496,1,1,0,1,11
2,2518,1,1,1,0,11
2,2528,1,1,0,0,11
2,2543,1,1,0,1,11
2,2552,1,1,1,0,11
2,2564,1,1,0,1,11
2,2581,1,1,0,1,11
2,2588,1,1,0,1,11
2,2590,1,1,0,0,11
2,2661,1,1,0,0,11
2,2671,1,1,0,1,11
2,2684,1,1,0,0,11
2,2775,1,1,0,1,11
2,2779,1,1,0,1,11
2,2781,1,1,1,0,11
2,2795,1,1,1,0,11
2,2797,1,1,0,1,11
2,2800,1,1,0,0,11
2,2814,1,1,0,0,11
2,2862,1,1,0,0,11
2,2884,1,1,0,1,11
2,2904,1,1,0,1,11
2,2907,1,1,0,1,11
2,2908,1,1,0,0,11
2,2913,1,1,0,0,11
2,2921,1,1,0,1,11
2,2924,1,1,0,0,11
2,2928,1,1,0,0,11
2,2959,1,1,0,0,11
2,2970,1,1,1,0,11
2,2973,1,1,0,0,11
2,2978,1,1,0,0,11
2,2992,1,1,0,1,11
2,3027,1,1,1,0,11
2,3029,1,1,0,0,11
2,3031,1,1,1,0,11
2,3045,1,1,0,1,11
2,3053,1,1,0,1,11
2,3055,1,1,0,1,11
2,3064,1,1,1,0,11
2,3066,1,1,0,1,11
2,3113,1,1,0,1,11
2,3118,1,1,1,0,11
2,3121,1,1,0,1,11
2,3186,1,1,1,0,11
2,3191,1,1,1,0,11
2,3197,1,1,0,1,11
2,3209,1,1,1,0,11
2,3226,1,1,0,0,11
2,3234,1,1,0,1,11
2,3240,1,1,1,0,11
2,3251,1,1,0,0,11
2,3272,1,1,0,1,11
2,3275,1,1,0,0,11
2,3295,1,1,0,0,11
2,3312,1,1,0,1,11
2,3331,1,1,0,1,11
2,3337,1,1,1,0,11
2,3345,1,1,0,1,11
2,3347,1,1,0,0,11
2,3383,1,1,1,0,11
2,3387,1,1,1,0,11
2,3403,1,1,0,1,11
2,3433,1,1,0,0,11
2,3435,1,1,1,0,11
2,3458,1,1,1,0,11
2,3467,1,1,1,0,11
2,3473,1,1,0,1,11
2,3486,1,1,0,0,11
2,3536,1,1,0,1,11
2,3539,1,1,0,1,11
2,3561,1,1,1,0,11
2,3599,1,1,0,0,11
2,3608,1,1,0,0,11
2,3619,1,1,1,0,11
2,3626,1,1,0,1,11
2,3666,1,1,1,0,11
2,3692,1,1,0,0,11
2,3696,1,1,1,0,11
2,3733,1,1,1,0,11
2,3735,1,1,0,1,11
2,3748,1,1,0,0,11
2,3764,1,1,0,1,11
2,3775,1,1,0,1,11
2,3809,1,1,1,0,11
2,3819,1,1,0,1,11
2,3821,1,1,1,0,11
2,3891,1,1,0,1,11
2,3895,1,1,0,1,11
2,3925,1,1,0,0,11
2,3936,1,1,0,1,11
2,3963,1,1,1,0,11
2,3972,1,1,0,1,11
2,3979,1,1,0,0,11
2,4010,1,1,1,0,11
2,4017,1,1,0,1,11
2,4026,1,1,1,0,11
2,4028,1,1,1,0,11
2,4060,1,1,0,0,11
2,4064,1,1,0,1,11
2,4100,1,1,0,0,11
2,4158,1,1,0,0,11
2,4180,1,1,0,1,11
2,4198,1,1,1,0,11
2,4214,1,1,0,0,11
2,4224,1,1,0,0,11
2,4234,1,1,1,0,11
2,4244,1,1,1,0,11
2,4248,1,1,0,1,11
2,4252,1,1,1,0,11
2,4269,1,1,0,1,11
2,4275,1,1,1,0,11
2,4283,1,1,0,0,11
2,4288,1,1,1,0,11
2,4315,1,1,1,0,11
2,4321,1,1,0,0,11
2,4340,1,1,1,0,11
2,4346,1,1,1,0,11
2,4363,1,1,0,0,11
2,4367,1,1,0,0,11
2,4372,1,1,1,0,11
2,4386,1,1,0,0,11
2,4397,1,1,0,0,11
2,4426,1,1,0,1,11
2,4438,1,1,0,1,11
2,4455,1,1,1,0,11
2,4456,1,1,0,0,11
2,4466,1,1,0,0,11
2,4487,1,1,0,1,11
2,4498,1,1,0,0,11
2,4522,1,1,1,0,11
2,4530,1,1,1,0,11
2,4545,1,1,0,0,11
2,4554,1,1,0,0,11
2,4556,1,1,0,1,11
2,4587,1,1,0,1,11
2,4593,1,1,0,0,11
2,4648,1,1,0,0,11
2,4690,1,1,0,1,11
2,4696,1,1,0,0,11
2,4698,1,1,1,0,11
2,4718,1,1,0,0,11
2,4743,1,1,0,0,11
2,4750,1,1,0,1,11
2,4757,1,1,0,0,11
2,4763,1,1,0,1,11
2,4766,1,1,0,1,11
2,4771,1,1,0,1,11
2,4782,1,1,0,0,11
2,4820,1,1,1,0,11
2,4832,1,1,1,0,11
2,4858,1,1,0,0,11
2,4894,1,1,1,0,11
2,4904,1,1,0,1,11
2,4908,1,1,1,0,11
2,4910,1,1,1,0,11
2,4937,1,1,0,1,11
2,4982,1,1,1,0,11
2,21,1,3,1,0,12
2,28,1,3,0,1,12
2,59,1,3,1,0,12
2,60,1,3,0,3,12
2,66,1,3,1,0,12
2,96,1,3,0,0,12
2,99,1,3,1,0,12
2,104,1,3,1,0,12
2,116,1,3,1,0,12
2,119,1,3,0,3,12
2,125,1,3,0,0,12
2,130,1,3,0,3,12
2,140,1,3,1,0,12
2,149,1,3,1,0,12
2,159,1,3,0,3,12
2,179,1,3,1,0,12
2,184,1,3,1,0,12
2,241,1,3,0,3,12
2,308,1,3,0,1,12
2,314,1,3,0,1,12
2,336,1,3,0,0,12
2,337,1,3,1,0,12
2,343,1,3,0,0,12
2,347,1,3,1,0,12
2,350,1,3,0,0,12
2,386,1,3,1,0,12
2,389,1,3,0,0,12
2,395,1,3,0,3,12
2,403,1,3,1,0,12
2,404,1,3,0,0,12
2,435,1,3,0,1,12
2,442,1,3,0,0,12
2,443,1,3,0,0,12
2,451,1,3,0,0,12
2,478,1,3,0,1,12
2,495,1,3,0,3,12
2,500,1,3,1,0,12
2,538,1,3,0,0,12
2,560,1,3,0,0,12
2,574,1,3,0,0,12
2,624,1,3,0,0,12
2,649,1,3,0,0,12
2,742,1,3,1,0,12
2,745,1,3,0,1,12
2,754,1,3,0,0,12
2,764,1,3,0,0,12
2,772,1,3,1,0,12
2,785,1,3,0,3,12
2,788,1,3,0,1,12
2,808,1,3,1,0,12
2,812,1,3,0,0,12
2,836,1,3,0,3,12
2,852,1,3,1,0,12
2,868,1,3,1,0,12
2,925,1,3,1,0,12
2,939,1,3,0,3,12
2,942,1,3,1,0,12
2,948,1,3,0,0,12
2,967,1,3,0,0,12
2,974,1,3,1,0,12
2,988,1,3,1,0,12
2,1022,1,3,0,0,12
2,1104,1,3,1,0,12
2,1118,1,3,0,1,12
2,1146,1,3,1,0,12
2,1152,1,3,1,0,12
2,1169,1,3,1,0,12
2,1179,1,3,0,3,12
2,1194,1,3,0,0,12
2,1209,1,3,0,3,12
2,1217,1,3,1,0,12
2,1223,1,3,0,0,12
2,1228,1,3,1,0,12
2,1247,1,3,0,0,12
2,1266,1,3,1,0,12
2,1268,1,3,1,0,12
2,1279,1,3,1,0,12
2,1285,1,3,1,0,12
2,1290,1,3,0,0,12
2,1310,1,3,0,1,12
2,1311,1,3,1,0,12
2,1322,1,3,0,0,12
2,1346,1,3,0,0,12
2,1354,1,3,0,1,12
2,1373,1,3,0,0,12
2,1378,1,3,0,3,12
2,1379,1,3,0,1,12
2,1382,1,3,0,3,12
2,1409,1,3,0,0,12
2,1423,1,3,0,1,12
2,1464,1,3,0,1,12
2,1500,1,3,0,0,12
2,1519,1,3,0,0,12
2,1540,1,3,1,0,12
2,1545,1,3,1,0,12
2,1552,1,3,0,3,12
2,1555,1,3,1,0,12
2,1563,1,3,1,0,12
2,1583,1,3,0,3,12
2,1611,1,3,0,0,12
2,1627,1,3,0,1,12
2,1631,1,3,0,0,12
2,1649,1,3,1,0,12
2,1656,1,3,0,0,12
2,1660,1,3,0,0,12
2,1739,1,3,1,0,12
2,1754,1,3,0,0,12
2,1757,1,3,1,0,12
2,1772,1,3,0,0,12
2,1784,1,3,0,0,12
2,1816,1,3,0,1,12
2,1838,1,3,0,1,12
2,1839,1,3,0,3,12
2,1868,1,3,1,0,12
2,1879,1,3,1,0,12
2,1889,1,3,0,1,12
2,1909,1,3,0,0,12
2,1921,1,3,0,0,12
2,1927,1,3,0,1,12
2,1940,1,3,1,0,12
2,1942,1,3,0,0,12
2,1946,1,3,1,0,12
2,1954,1,3,1,0,12
2,1959,1,3,0,1,12
2,1964,1,3,0,1,12
2,1982,1,3,0,0,12
2,1983,1,3,1,0,12
2,2001,1,3,0,0,12
2,2003,1,3,0,0,12
2,2015,1,3,0,0,12
2,2026,1,3,0,0,12
2,2057,1,3,1,0,12
2,2081,1,3,0,0,12
2,2106,1,3,0,0,12
2,2119,1,3,1,0,12
2,2120,1,3,0,0,12
2,2139,1,3,0,1,12
2,2153,1,3,1,0,12
2,2157,1,3,1,0,12
2,2160,1,3,0,3,12
2,2183,1,3,0,0,12
2,2185,1,3,0,3,12
2,2237,1,3,0,0,12
2,2273,1,3,1,0,12
2,2334,1,3,0,0,12
2,2372,1,3,0,3,12
2,2381,1,3,0,3,12
2,2392,1,3,0,0,12
2,2401,1,3,0,1,12
2,2447,1,3,0,0,12
2,2454,1,3,1,0,12
2,2458,1,3,0,0,12
2,2482,1,3,0,0,12
2,2489,1,3,0,0,12
2,2519,1,3,0,1,12
2,2522,1,3,0,0,12
2,2530,1,3,0,0,12
2,2536,1,3,0,1,12
2,2545,1,3,0,1,12
2,2562,1,3,0,3,12
2,2574,1,3,0,0,12
2,2614,1,3,0,1,12
2,2644,1,3,0,0,12
2,2646,1,3,0,1,12
2,2650,1,3,1,0,12
2,2717,1,3,1,0,12
2,2738,1,3,0,3,12
2,2752,1,3,0,3,12
2,2817,1,3,0,3,12
2,2833,1,3,0,0,12
2,2839,1,3,0,0,12
2,2851,1,3,0,1,12
2,2859,1,3,0,0,12
2,2863,1,3,0,0,12
2,2911,1,3,0,1,12
2,2927,1,3,0,0,12
2,2948,1,3,1,0,12
2,2957,1,3,1,0,12
2,2966,1,3,1,0,12
2,2979,1,3,0,0,12
2,3030,1,3,1,0,12
2,3039,1,3,0,1,12
2,3043,1,3,0,3,12
2,3048,1,3,1,0,12
2,3051,1,3,1,0,12
2,3093,1,3,0,0,12
2,3094,1,3,1,0,12
2,3104,1,3,0,3,12
2,3134,1,3,0,1,12
2,3153,1,3,1,0,12
2,3189,1,3,0,0,12
2,3198,1,3,0,3,12
2,3206,1,3,1,0,12
2,3227,1,3,1,0,12
2,3248,1,3,0,1,12
2,3252,1,3,0,1,12
2,3277,1,3,0,3,12
2,3287,1,3,0,3,12
2,3323,1,3,0,1,12
2,3341,1,3,0,3,12
2,3362,1,3,0,0,12
2,3377,1,3,1,0,12
2,3386,1,3,1,0,12
2,3420,1,3,0,1,12
2,3451,1,3,0,3,12
2,3452,1,3,0,0,12
2,3462,1,3,1,0,12
2,3468,1,3,1,0,12
2,3472,1,3,0,0,12
2,3502,1,3,1,0,12
2,3519,1,3,0,0,12
2,3521,1,3,1,0,12
2,3527,1,3,0,3,12
2,3571,1,3,1,0,12
2,3577,1,3,0,1,12
2,3627,1,3,1,0,12
2,3635,1,3,1,0,12
2,3642,1,3,0,3,12
2,3661,1,3,1,0,12
2,3662,1,3,0,0,12
2,3695,1,3,0,3,12
2,3732,1,3,0,0,12
2,3774,1,3,0,0,12
2,3786,1,3,1,0,12
2,3852,1,3,0,0,12
2,3867,1,3,0,0,12
2,3869,1,3,1,0,12
2,3875,1,3,1,0,12
2,3929,1,3,0,1,12
2,3932,1,3,0,3,12
2,3943,1,3,1,0,12
2,3953,1,3,1,0,12
2,3964,1,3,1,0,12
2,3983,1,3,0,3,12
2,3999,1,3,1,0,12
2,4057,1,3,1,0,12
2,4073,1,3,1,0,12
2,4122,1,3,0,1,12
2,4145,1,3,0,3,12
2,4151,1,3,1,0,12
2,4164,1,3,0,1,12
2,4169,1,3,1,0,12
2,4185,1,3,0,1,12
2,4213,1,3,1,0,12
2,4229,1,3,0,0,12
2,4242,1,3,0,0,12
2,4250,1,3,0,0,12
2,4258,1,3,0,0,12
2,4289,1,3,0,0,12
2,4302,1,3,0,0,12
2,4317,1,3,0,3,12
2,4332,1,3,0,0,12
2,4351,1,3,0,0,12
2,4393,1,3,1,0,12
2,4422,1,3,0,3,12
2,4433,1,3,0,1,12
2,4471,1,3,0,0,12
2,4481,1,3,1,0,12
2,4505,1,3,1,0,12
2,4541,1,3,1,0,12
2,4547,1,3,1,0,12
2,4564,1,3,0,1,12
2,4589,1,3,0,3,12
2,4600,1,3,0,0,12
2,4613,1,3,0,1,12
2,4665,1,3,0,1,12
2,4702,1,3,1,0,12
2,4728,1,3,1,0,12
2,4762,1,3,0,0,12
2,4765,1,3,1,0,12
2,4781,1,3,0,0,12
2,4846,1,3,1,0,12
2,4861,1,3,0,0,12
2,4864,1,3,0,0,12
2,4943,1,3,1,0,12
2,4964,1,3,1,0,12
2,4979,1,3,0,3,12
2,4992,1,3,0,0,12
2,5,1,1,0,0,13
2,8,1,1,0,1,13
2,12,1,1,0,0,13
2,16,1,1,0,0,13
2,19,1,1,0,1,13
2,24,1,1,0,1,13
2,26,1,1,0,1,13
2,33,1,1,1,0,13
2,39,1,1,0,1,13
2,44,1,1,1,0,13
2,45,1,1,0,0,13
2,56,1,1,0,1,13
2,57,1,1,0,0,13
2,63,1,1,0,0,13
2,72,1,1,0,0,13
2,83,1,1,0,0,13
2,87,1,1,0,0,13
2,112,1,1,0,1,13
2,118,1,1,0,1,13
2,123,1,1,1,0,13
2,126,1,1,0,0,13
2,127,1,1,0,1,13
2,129,1,1,1,0,13
2,144,1,1,0,0,13
2,147,1,1,0,0,13
2,152,1,1,0,1,13
2,170,1,1,0,1,13
2,189,1,1,1,0,13
2,196,1,1,0,1,13
2,202,1,1,1,0,13
2,217,1,1,0,0,13
2,225,1,1,1,0,13
2,236,1,1,1,0,13
2,248,1,1,1,0,13
2,253,1,1,0,0,13
2,257,1,1,1,0,13
2,259,1,1,1,0,13
2,260,1,1,0,1,13
2,266,1,1,1,0,13
2,276,1,1,0,1,13
2,279,1,1,0,1,13
2,280,1,1,0,1,13
2,282,1,1,0,0,13
2,285,1,1,0,1,13
2,307,1,1,1,0,13
2,309,1,1,1,0,13
2,316,1,1,1,0,13
2,319,1,1,1,0,13
2,320,1,1,0,1,13
2,322,1,1,0,1,13
2,326,1,1,0,0,13
2,339,1,1,0,1,13
2,344,1,1,0,0,13
2,345,1,1,1,0,13
2,356,1,1,0,1,13
2,357,1,1,0,1,13
2,360,1,1,0,1,13
2,368,1,1,0,1,13
2,373,1,1,1,0,13
2,374,1,1,0,1,13
2,376,1,1,0,1,13
2,382,1,1,0,1,13
2,397,1,1,0,1,13
2,399,1,1,0,1,13
2,400,1,1,0,0,13
2,409,1,1,0,0,13
2,421,1,1,0,0,13
2,427,1,1,0,0,13
2,433,1,1,1,0,13
2,462,1,1,1,0,13
2,467,1,1,0,1,13
2,474,1,1,1,0,13
2,493,1,1,1,0,13
2,498,1,1,1,0,13
2,499,1,1,1,0,13
2,505,1,1,1,0,13
2,506,1,1,0,0,13
2,516,1,1,1,0,13
2,530,1,1,0,1,13
2,531,1,1,1,0,13
2,533,1,1,0,1,13
2,541,1,1,1,0,13
2,543,1,1,1,0,13
2,566,1,1,0,0,13
2,573,1,1,0,0,13
2,581,1,1,1,0,13
2,584,1,1,0,1,13
2,596,1,1,0,0,13
2,600,1,1,1,0,13
2,603,1,1,0,1,13
2,605,1,1,1,0,13
2,608,1,1,1,0,13
2,610,1,1,0,0,13
2,619,1,1,0,1,13
2,621,1,1,1,0,13
2,622,1,1,1,0,13
2,631,1,1,0,1,13
2,632,1,1,0,1,13
2,636,1,1,0,1,13
2,641,1,1,0,0,13
2,655,1,1,1,0,13
2,665,1,1,0,1,13
2,667,1,1,0,1,13
2,668,1,1,0,1,13
2,671,1,1,0,1,13
2,674,1,1,1,0,13
2,677,1,1,0,1,13
2,683,1,1,0,0,13
2,688,1,1,0,0,13
2,694,1,1,1,0,13
2,699,1,1,1,0,13
2,702,1,1,1,0,13
2,704,1,1,0,1,13
2,708,1,1,0,1,13
2,719,1,1,0,0,13
2,723,1,1,1,0,13
2,727,1,1,0,1,13
2,743,1,1,0,0,13
2,744,1,1,1,0,13
2,746,1,1,1,0,13
2,749,1,1,0,0,13
2,757,1,1,1,0,13
2,760,1,1,0,0,13
2,773,1,1,1,0,13
2,777,1,1,1,0,13
2,779,1,1,1,0,13
2,786,1,1,0,0,13
2,811,1,1,1,0,13
2,813,1,1,0,0,13
2,822,1,1,0,1,13
2,827,1,1,1,0,13
2,830,1,1,1,0,13
2,832,1,1,0,0,13
2,837,1,1,0,1,13
2,841,1,1,0,1,13
2,846,1,1,1,0,13
2,856,1,1,0,1,13
2,859,1,1,0,0,13
2,860,1,1,0,0,13
2,880,1,1,0,1,13
2,881,1,1,0,0,13
2,883,1,1,0,1,13
2,885,1,1,0,1,13
2,888,1,1,1,0,13
2,897,1,1,1,0,13
2,904,1,1,0,1,13
2,914,1,1,0,1,13
2,916,1,1,1,0,13
2,920,1,1,0,0,13
2,921,1,1,0,0,13
2,931,1,1,0,0,13
2,934,1,1,0,1,13
2,935,1,1,0,0,13
2,937,1,1,0,1,13
2,949,1,1,0,1,13
2,951,1,1,0,0,13
2,957,1,1,1,0,13
2,960,1,1,1,0,13
2,964,1,1,0,1,13
2,965,1,1,0,1,13
2,979,1,1,0,1,13
2,981,1,1,0,1,13
2,985,1,1,1,0,13
2,994,1,1,1,0,13
2,997,1,1,1,0,13
2,1011,1,1,1,0,13
2,1017,1,1,0,1,13
2,1018,1,1,0,1,13
2,1020,1,1,0,1,13
2,1031,1,1,0,1,13
2,1032,1,1,0,1,13
2,1034,1,1,0,0,13
2,1043,1,1,0,0,13
2,1045,1,1,0,1,13
2,1051,1,1,0,1,13
2,1053,1,1,0,0,13
2,1056,1,1,1,0,13
2,1072,1,1,1,0,13
2,1073,1,1,0,0,13
2,1074,1,1,1,0,13
2,1082,1,1,1,0,13
2,1087,1,1,1,0,13
2,1098,1,1,0,1,13
2,1099,1,1,0,1,13
2,1108,1,1,0,0,13
2,1111,1,1,0,0,13
2,1117,1,1,0,0,13
2,1120,1,1,0,0,13
2,1121,1,1,1,0,13
2,1126,1,1,1,0,13
2,1131,1,1,0,1,13
2,1138,1,1,1,0,13
2,1141,1,1,0,1,13
2,1155,1,1,0,1,13
2,1165,1,1,0,1,13
2,1189,1,1,0,0,13
2,1191,1,1,0,1,13
2,1192,1,1,0,1,13
2,1201,1,1,0,1,13
2,1211,1,1,0,0,13
2,1221,1,1,1,0,13
2,1227,1,1,1,0,13
2,1236,1,1,0,0,13
2,1249,1,1,1,0,13
2,1253,1,1,0,1,13
2,1267,1,1,0,0,13
2,1273,1,1,0,0,13
2,1276,1,1,0,1,13
2,1277,1,1,0,0,13
2,1280,1,1,1,0,13
2,1291,1,1,0,1,13
2,1303,1,1,0,1,13
2,1308,1,1,1,0,13
2,1309,1,1,1,0,13
2,1313,1,1,1,0,13
2,1316,1,1,1,0,13
2,1330,1,1,1,0,13
2,1334,1,1,0,0,13
2,1338,1,1,0,0,13
2,1340,1,1,1,0,13
2,1342,1,1,1,0,13
2,1343,1,1,0,1,13
2,1347,1,1,0,0,13
2,1353,1,1,1,0,13
2,1365,1,1,0,0,13
2,1377,1,1,0,1,13
2,1385,1,1,1,0,13
2,1388,1,1,0,1,13
2,1399,1,1,1,0,13
2,1406,1,1,0,0,13
2,1412,1,1,0,0,13
2,1416,1,1,1,0,13
2,1420,1,1,1,0,13
2,1430,1,1,1,0,13
2,1432,1,1,0,1,13
2,1441,1,1,0,1,13
2,1445,1,1,1,0,13
2,1453,1,1,1,0,13
2,1459,1,1,1,0,13
2,1467,1,1,1,0,13
2,1468,1,1,1,0,13
2,1473,1,1,0,1,13
2,1474,1,1,1,0,13
2,1480,1,1,1,0,13
2,1485,1,1,1,0,13
2,1490,1,1,0,1,13
2,1513,1,1,0,1,13
2,1516,1,1,0,0,13
2,1531,1,1,1,0,13
2,1539,1,1,0,1,13
2,1548,1,1,0,0,13
2,1549,1,1,1,0,13
2,1554,1,1,1,0,13
2,1556,1,1,0,0,13
2,1557,1,1,1,0,13
2,1561,1,1,1,0,13
2,1584,1,1,1,0,13
2,1585,1,1,0,1,13
2,1594,1,1,0,1,13
2,1599,1,1,0,0,13
2,1604,1,1,1,0,13
2,1605,1,1,1,0,13
2,1607,1,1,0,1,13
2,1610,1,1,0,0,13
2,1618,1,1,1,0,13
2,1619,1,1,0,1,13
2,1622,1,1,1,0,13
2,1632,1,1,1,0,13
2,1666,1,1,0,0,13
2,1668,1,1,0,1,13
2,1674,1,1,1,0,13
2,1676,1,1,0,0,13
2,1687,1,1,1,0,13
2,1688,1,1,0,1,13
2,1690,1,1,1,0,13
2,1693,1,1,0,1,13
2,1701,1,1,1,0,13
2,1707,1,1,0,0,13
2,1718,1,1,0,0,13
2,1720,1,1,1,0,13
2,1726,1,1,0,0,13
2,1740,1,1,0,0,13
2,1756,1,1,1,0,13
2,1760,1,1,0,1,13
2,1779,1,1,0,1,13
2,1780,1,1,0,0,13
2,1783,1,1,0,0,13
2,1792,1,1,0,1,13
2,1808,1,1,0,1,13
2,1823,1,1,0,1,13
2,1837,1,1,0,1,13
2,1845,1,1,1,0,13
2,1852,1,1,1,0,13
2,1855,1,1,0,0,13
2,1860,1,1,0,1,13
2,1867,1,1,0,0,13
2,1874,1,1,1,0,13
2,1887,1,1,0,0,13
2,1888,1,1,1,0,13
2,1902,1,1,0,1,13
2,1904,1,1,0,0,13
2,1920,1,1,0,0,13
2,1926,1,1,1,0,13
2,1931,1,1,1,0,13
2,1933,1,1,1,0,13
2,1935,1,1,0,1,13
2,1962,1,1,0,0,13
2,1970,1,1,0,1,13
2,1979,1,1,1,0,13
2,1990,1,1,0,1,13
2,1993,1,1,1,0,13
2,2000,1,1,1,0,13
2,2007,1,1,0,0,13
2,2010,1,1,0,0,13
2,2019,1,1,0,0,13
2,2025,1,1,0,1,13
2,2031,1,1,0,1,13
2,2046,1,1,0,0,13
2,2050,1,1,0,0,13
2,2058,1,1,1,0,13
2,2080,1,1,1,0,13
2,2087,1,1,0,1,13
2,2089,1,1,0,1,13
2,2092,1,1,1,0,13
2,2093,1,1,1,0,13
2,2105,1,1,0,0,13
2,2107,1,1,0,1,13
2,2112,1,1,0,0,13
2,2117,1,1,1,0,13
2,2128,1,1,1,0,13
2,2138,1,1,1,0,13
2,2140,1,1,0,0,13
2,2142,1,1,0,1,13
2,2149,1,1,1,0,13
2,2166,1,1,0,1,13
2,2194,1,1,0,1,13
2,2209,1,1,0,0,13
2,2210,1,1,1,0,13
2,2213,1,1,0,1,13
2,2218,1,1,0,1,13
2,2221,1,1,0,0,13
2,2224,1,1,0,0,13
2,2245,1,1,1,0,13
2,2246,1,1,0,0,13
2,2249,1,1,0,0,13
2,2252,1,1,0,0,13
2,2253,1,1,0,0,13
2,2271,1,1,1,0,13
2,2286,1,1,1,0,13
2,2302,1,1,0,1,13
2,2306,1,1,0,0,13
2,2309,1,1,0,1,13
2,2314,1,1,0,1,13
2,2317,1,1,1,0,13
2,2318,1,1,0,1,13
2,2324,1,1,0,1,13
2,2328,1,1,1,0,13
2,2337,1,1,0,0,13
2,2340,1,1,1,0,13
2,2349,1,1,0,1,13
2,2351,1,1,0,1,13
2,2357,1,1,0,0,13
2,2365,1,1,0,0,13
2,2377,1,1,0,0,13
2,2387,1,1,0,1,13
2,2393,1,1,0,0,13
2,2403,1,1,0,1,13
2,2411,1,1,0,0,13
2,2413,1,1,0,0,13
2,2417,1,1,0,1,13
2,2418,1,1,0,1,13
2,2419,1,1,1,0,13
2,2423,1,1,0,0,13
2,2424,1,1,1,0,13
2,2425,1,1,0,0,13
2,2431,1,1,1,0,13
2,2434,1,1,0,1,13
2,2438,1,1,1,0,13
2,2443,1,1,1,0,13
2,2462,1,1,0,1,13
2,2465,1,1,0,0,13
2,2479,1,1,0,0,13
2,2483,1,1,1,0,13
2,2485,1,1,0,0,13
2,2486,1,1,0,1,13
2,2492,1,1,1,0,13
2,2494,1,1,1,0,13
2,2507,1,1,0,0,13
2,2508,1,1,0,1,13
2,2511,1,1,0,0,13
2,2533,1,1,0,1,13
2,2541,1,1,0,0,13
2,2553,1,1,0,1,13
2,2555,1,1,1,0,13
2,2557,1,1,1,0,13
2,2568,1,1,1,0,13
2,2571,1,1,0,1,13
2,2572,1,1,1,0,13
2,2573,1,1,1,0,13
2,2593,1,1,0,1,13
2,2599,1,1,0,1,13
2,2600,1,1,0,1,13
2,2603,1,1,0,1,13
2,2629,1,1,1,0,13
2,2636,1,1,0,1,13
2,2639,1,1,0,0,13
2,2641,1,1,0,0,13
2,2647,1,1,1,0,13
2,2648,1,1,1,0,13
2,2654,1,1,1,0,13
2,2662,1,1,0,1,13
2,2665,1,1,0,0,13
2,2680,1,1,1,0,13
2,2685,1,1,0,1,13
2,2687,1,1,1,0,13
2,2692,1,1,1,0,13
2,2693,1,1,0,1,13
2,2695,1,1,0,1,13
2,2697,1,1,1,0,13
2,2703,1,1,1,0,13
2,2706,1,1,1,0,13
2,2707,1,1,0,1,13
2,2709,1,1,1,0,13
2,2715,1,1,0,0,13
2,2727,1,1,0,1,13
2,2733,1,1,0,1,13
2,2735,1,1,1,0,13
2,2739,1,1,1,0,13
2,2743,1,1,1,0,13
2,2748,1,1,1,0,13
2,2759,1,1,1,0,13
2,2762,1,1,0,1,13
2,2767,1,1,0,1,13
2,2769,1,1,0,1,13
2,2777,1,1,0,0,13
2,2780,1,1,1,0,13
2,2782,1,1,0,1,13
2,2785,1,1,0,1,13
2,2787,1,1,0,1,13
2,2791,1,1,0,1,13
2,2796,1,1,1,0,13
2,2803,1,1,1,0,13
2,2815,1,1,1,0,13
2,2828,1,1,0,1,13
2,2852,1,1,1,0,13
2,2853,1,1,1,0,13
2,2855,1,1,0,1,13
2,2866,1,1,0,1,13
2,2868,1,1,1,0,13
2,2887,1,1,0,1,13
2,2898,1,1,0,0,13
2,2902,1,1,0,1,13
2,2903,1,1,1,0,13
2,2905,1,1,0,1,13
2,2916,1,1,0,1,13
2,2918,1,1,0,1,13
2,2929,1,1,0,0,13
2,2930,1,1,0,1,13
2,2931,1,1,0,1,13
2,2932,1,1,0,1,13
2,2943,1,1,1,0,13
2,2953,1,1,0,1,13
2,2965,1,1,0,1,13
2,2993,1,1,0,1,13
2,2998,1,1,0,1,13
2,2999,1,1,0,1,13
2,3003,1,1,1,0,13
2,3010,1,1,0,0,13
2,3011,1,1,0,1,13
2,3021,1,1,1,0,13
2,3026,1,1,1,0,13
2,3042,1,1,0,1,13
2,3044,1,1,1,0,13
2,3046,1,1,1,0,13
2,3050,1,1,1,0,13
2,3052,1,1,0,0,13
2,3054,1,1,1,0,13
2,3069,1,1,1,0,13
2,3071,1,1,0,0,13
2,3076,1,1,0,1,13
2,3078,1,1,0,1,13
2,3079,1,1,1,0,13
2,3095,1,1,0,0,13
2,3100,1,1,0,0,13
2,3101,1,1,0,0,13
2,3103,1,1,0,0,13
2,3105,1,1,1,0,13
2,3115,1,1,0,0,13
2,3130,1,1,0,0,13
2,3155,1,1,0,0,13
2,3171,1,1,0,1,13
2,3172,1,1,0,1,13
2,3175,1,1,1,0,13
2,3184,1,1,0,1,13
2,3192,1,1,0,1,13
2,3196,1,1,1,0,13
2,3202,1,1,0,1,13
2,3203,1,1,1,0,13
2,3204,1,1,0,1,13
2,3207,1,1,1,0,13
2,3218,1,1,1,0,13
2,3233,1,1,0,1,13
2,3244,1,1,0,0,13
2,3255,1,1,0,1,13
2,3269,1,1,0,1,13
2,3282,1,1,1,0,13
2,3284,1,1,1,0,13
2,3290,1,1,0,0,13
2,3292,1,1,0,0,13
2,3297,1,1,0,1,13
2,3304,1,1,0,0,13
2,3318,1,1,0,1,13
2,3322,1,1,0,1,13
2,3327,1,1,0,0,13
2,3336,1,1,0,0,13
2,3342,1,1,0,0,13
2,3357,1,1,0,1,13
2,3369,1,1,0,1,13
2,3371,1,1,1,0,13
2,3385,1,1,1,0,13
2,3393,1,1,0,1,13
2,3405,1,1,0,1,13
2,3408,1,1,1,0,13
2,3409,1,1,0,1,13
2,3413,1,1,0,0,13
2,3415,1,1,0,0,13
2,3418,1,1,1,0,13
2,3421,1,1,0,0,13
2,3436,1,1,0,1,13
2,3442,1,1,0,0,13
2,3443,1,1,0,1,13
2,3444,1,1,0,1,13
2,3448,1,1,0,0,13
2,3460,1,1,0,1,13
2,3464,1,1,0,0,13
2,3465,1,1,1,0,13
2,3475,1,1,0,0,13
2,3482,1,1,0,0,13
2,3487,1,1,0,0,13
2,3493,1,1,0,1,13
2,3494,1,1,0,0,13
2,3499,1,1,1,0,13
2,3504,1,1,1,0,13
2,3506,1,1,0,0,13
2,3508,1,1,0,0,13
2,3509,1,1,1,0,13
2,3514,1,1,1,0,13
2,3520,1,1,1,0,13
2,3533,1,1,1,0,13
2,3545,1,1,1,0,13
2,3557,1,1,1,0,13
2,3559,1,1,1,0,13
2,3565,1,1,0,1,13
2,3572,1,1,1,0,13
2,3575,1,1,0,0,13
2,3576,1,1,1,0,13
2,3590,1,1,0,1,13
2,3611,1,1,0,1,13
2,3620,1,1,1,0,13
2,3624,1,1,1,0,13
2,3633,1,1,0,0,13
2,3634,1,1,1,0,13
2,3653,1,1,0,0,13
2,3654,1,1,1,0,13
2,3663,1,1,0,0,13
2,3667,1,1,0,1,13
2,3676,1,1,0,0,13
2,3683,1,1,0,0,13
2,3701,1,1,0,0,13
2,3713,1,1,1,0,13
2,3714,1,1,0,0,13
2,3715,1,1,0,0,13
2,3723,1,1,0,1,13
2,3725,1,1,0,0,13
2,3731,1,1,1,0,13
2,3736,1,1,0,0,13
2,3738,1,1,0,1,13
2,3743,1,1,0,0,13
2,3747,1,1,0,1,13
2,3751,1,1,1,0,13
2,3761,1,1,0,1,13
2,3763,1,1,0,1,13
2,3777,1,1,1,0,13
2,3780,1,1,0,0,13
2,3798,1,1,0,1,13
2,3805,1,1,0,1,13
2,3806,1,1,0,0,13
2,3807,1,1,0,0,13
2,3817,1,1,0,0,13
2,3833,1,1,0,1,13
2,3844,1,1,0,0,13
2,3864,1,1,0,1,13
2,3874,1,1,0,0,13
2,3890,1,1,1,0,13
2,3900,1,1,0,1,13
2,3911,1,1,0,1,13
2,3914,1,1,1,0,13
2,3919,1,1,1,0,13
2,3920,1,1,0,0,13
2,3921,1,1,0,1,13
2,3928,1,1,0,1,13
2,3933,1,1,0,1,13
2,3960,1,1,1,0,13
2,3965,1,1,0,0,13
2,3968,1,1,0,1,13
2,3969,1,1,0,1,13
2,3973,1,1,0,1,13
2,3978,1,1,0,1,13
2,3981,1,1,0,1,13
2,3985,1,1,0,1,13
2,3987,1,1,0,1,13
2,3991,1,1,0,0,13
2,3995,1,1,0,0,13
2,3997,1,1,1,0,13
2,4007,1,1,0,0,13
2,4014,1,1,1,0,13
2,4016,1,1,0,1,13
2,4050,1,1,0,1,13
2,4056,1,1,0,0,13
2,4066,1,1,1,0,13
2,4069,1,1,0,1,13
2,4071,1,1,0,0,13
2,4072,1,1,0,0,13
2,4077,1,1,0,1,13
2,4078,1,1,0,1,13
2,4080,1,1,0,1,13
2,4082,1,1,1,0,13
2,4084,1,1,1,0,13
2,4086,1,1,0,1,13
2,4123,1,1,0,1,13
2,4140,1,1,0,0,13
2,4161,1,1,1,0,13
2,4166,1,1,1,0,13
2,4188,1,1,1,0,13
2,4192,1,1,0,0,13
2,4200,1,1,1,0,13
2,4208,1,1,0,1,13
2,4211,1,1,0,0,13
2,4217,1,1,1,0,13
2,4232,1,1,0,0,13
2,4233,1,1,0,1,13
2,4237,1,1,1,0,13
2,4239,1,1,1,0,13
2,4254,1,1,1,0,13
2,4265,1,1,1,0,13
2,4266,1,1,1,0,13
2,4281,1,1,0,0,13
2,4285,1,1,1,0,13
2,4299,1,1,0,1,13
2,4300,1,1,1,0,13
2,4306,1,1,1,0,13
2,4330,1,1,1,0,13
2,4335,1,1,1,0,13
2,4337,1,1,0,1,13
2,4348,1,1,1,0,13
2,4356,1,1,0,1,13
2,4358,1,1,0,1,13
2,4368,1,1,0,1,13
2,4376,1,1,1,0,13
2,4381,1,1,0,0,13
2,4389,1,1,0,0,13
2,4400,1,1,0,1,13
2,4402,1,1,0,1,13
2,4408,1,1,0,0,13
2,4412,1,1,1,0,13
2,4417,1,1,0,1,13
2,4421,1,1,0,0,13
2,4423,1,1,1,0,13
2,4435,1,1,0,1,13
2,4436,1,1,0,0,13
2,4447,1,1,0,1,13
2,4451,1,1,0,1,13
2,4461,1,1,0,1,13
2,4479,1,1,0,0,13
2,4488,1,1,0,0,13
2,4490,1,1,0,0,13
2,4491,1,1,0,1,13
2,4516,1,1,1,0,13
2,4520,1,1,1,0,13
2,4527,1,1,0,0,13
2,4528,1,1,1,0,13
2,4538,1,1,1,0,13
2,4544,1,1,1,0,13
2,4546,1,1,0,1,13
2,4551,1,1,0,1,13
2,4573,1,1,0,0,13
2,4575,1,1,0,0,13
2,4581,1,1,1,0,13
2,4595,1,1,1,0,13
2,4598,1,1,1,0,13
2,4604,1,1,0,1,13
2,4619,1,1,0,1,13
2,4620,1,1,1,0,13
2,4627,1,1,0,0,13
2,4635,1,1,0,1,13
2,4638,1,1,0,0,13
2,4651,1,1,1,0,13
2,4652,1,1,0,1,13
2,4655,1,1,1,0,13
2,4657,1,1,1,0,13
2,4658,1,1,0,1,13
2,4662,1,1,0,0,13
2,4671,1,1,1,0,13
2,4673,1,1,1,0,13
2,4674,1,1,0,1,13
2,4682,1,1,0,0,13
2,4685,1,1,1,0,13
2,4688,1,1,0,0,13
2,4694,1,1,0,0,13
2,4700,1,1,1,0,13
2,4712,1,1,1,0,13
2,4720,1,1,0,1,13
2,4724,1,1,1,0,13
2,4726,1,1,0,0,13
2,4731,1,1,1,0,13
2,4732,1,1,1,0,13
2,4748,1,1,0,1,13
2,4749,1,1,0,0,13
2,4751,1,1,0,0,13
2,4755,1,1,0,1,13
2,4759,1,1,1,0,13
2,4774,1,1,0,0,13
2,4785,1,1,1,0,13
2,4788,1,1,1,0,13
2,4792,1,1,0,0,13
2,4793,1,1,1,0,13
2,4794,1,1,0,1,13
2,4796,1,1,1,0,13
2,4801,1,1,0,1,13
2,4808,1,1,0,1,13
2,4813,1,1,1,0,13
2,4817,1,1,1,0,13
2,4827,1,1,1,0,13
2,4831,1,1,0,1,13
2,4844,1,1,1,0,13
2,4845,1,1,1,0,13
2,4848,1,1,1,0,13
2,4857,1,1,0,0,13
2,4872,1,1,0,1,13
2,4880,1,1,0,1,13
2,4882,1,1,0,1,13
2,4890,1,1,0,1,13
2,4900,1,1,0,0,13
2,4903,1,1,0,1,13
2,4916,1,1,0,0,13
2,4921,1,1,1,0,13
2,4923,1,1,0,0,13
2,4930,1,1,0,0,13
2,4932,1,1,0,0,13
2,4940,1,1,0,0,13
2,4949,1,1,0,1,13
2,4950,1,1,0,0,13
2,4951,1,1,0,1,13
2,4963,1,1,0,0,13
2,4974,1,1,0,0,13
2,4980,1,1,0,1,13
2,4981,1,1,0,0,13
2,4987,1,1,0,1,13
2,4995,1,1,1,0,13
2,37,1,3,1,0,14
2,64,1,3,0,0,14
2,68,1,3,0,0,14
2,70,1,3,0,0,14
2,71,1,3,0,3,14
2,75,1,3,0,3,14
2,79,1,3,1,0,14
2,90,1,3,0,3,14
2,91,1,3,0,0,14
2,173,1,3,0,0,14
2,183,1,3,0,3,14
2,191,1,3,0,0,14
2,200,1,3,1,0,14
2,201,1,3,1,0,14
2,215,1,3,0,0,14
2,218,1,3,1,0,14
2,219,1,3,0,3,14
2,229,1,3,1,0,14
2,242,1,3,1,0,14
2,245,1,3,1,0,14
2,252,1,3,0,3,14
2,263,1,3,0,0,14
2,290,1,3,0,1,14
2,291,1,3,0,0,14
2,300,1,3,1,0,14
2,302,1,3,0,0,14
2,304,1,3,1,0,14
2,310,1,3,1,0,14
2,325,1,3,0,0,14
2,334,1,3,1,0,14
2,366,1,3,1,0,14
2,383,1,3,0,1,14
2,387,1,3,0,3,14
2,431,1,3,0,0,14
2,438,1,3,1,0,14
2,455,1,3,0,3,14
2,457,1,3,1,0,14
2,486,1,3,0,1,14
2,489,1,3,0,0,14
2,510,1,3,0,0,14
2,513,1,3,1,0,14
2,523,1,3,0,0,14
2,539,1,3,0,3,14
2,555,1,3,0,1,14
2,558,1,3,1,0,14
2,561,1,3,0,0,14
2,580,1,3,0,1,14
2,609,1,3,1,0,14
2,623,1,3,1,0,14
2,625,1,3,0,0,14
2,633,1,3,0,0,14
2,642,1,3,0,1,14
2,658,1,3,1,0,14
2,687,1,3,0,0,14
2,724,1,3,0,1,14
2,731,1,3,0,0,14
2,740,1,3,0,1,14
2,758,1,3,1,0,14
2,770,1,3,0,0,14
2,809,1,3,0,0,14
2,821,1,3,1,0,14
2,834,1,3,0,0,14
2,839,1,3,1,0,14
2,870,1,3,1,0,14
2,896,1,3,1,0,14
2,912,1,3,0,3,14
2,927,1,3,1,0,14
2,972,1,3,0,3,14
2,975,1,3,1,0,14
2,982,1,3,0,0,14
2,989,1,3,1,0,14
2,1007,1,3,1,0,14
2,1008,1,3,0,1,14
2,1012,1,3,0,3,14
2,1023,1,3,0,0,14
2,1026,1,3,0,3,14
2,1036,1,3,0,1,14
2,1044,1,3,0,3,14
2,1048,1,3,1,0,14
2,1052,1,3,0,0,14
2,1062,1,3,0,0,14
2,1066,1,3,1,0,14
2,1069,1,3,0,3,14
2,1071,1,3,1,0,14
2,1076,1,3,0,0,14
2,1092,1,3,0,0,14
2,1139,1,3,0,1,14
2,1142,1,3,0,3,14
2,1144,1,3,0,1,14
2,1147,1,3,0,1,14
2,1161,1,3,0,0,14
2,1178,1,3,0,1,14
2,1190,1,3,0,1,14
2,1208,1,3,0,3,14
2,1222,1,3,0,3,14
2,1226,1,3,0,0,14
2,1251,1,3,0,3,14
2,1278,1,3,0,0,14
2,1281,1,3,0,3,14
2,1283,1,3,0,1,14
2,1301,1,3,0,1,14
2,1302,1,3,1,0,14
2,1304,1,3,0,0,14
2,1318,1,3,0,1,14
2,1323,1,3,0,0,14
2,1327,1,3,0,0,14
2,1348,1,3,1,0,14
2,1349,1,3,0,1,14
2,1401,1,3,0,0,14
2,1404,1,3,0,0,14
2,1418,1,3,0,0,14
2,1431,1,3,0,0,14
2,1438,1,3,1,0,14
2,1462,1,3,1,0,14
2,1471,1,3,0,3,14
2,1493,1,3,0,0,14
2,1502,1,3,0,0,14
2,1507,1,3,0,0,14
2,1508,1,3,0,0,14
2,1522,1,3,1,0,14
2,1581,1,3,0,3,14
2,1588,1,3,1,0,14
2,1597,1,3,0,1,14
2,1608,1,3,0,3,14
2,1624,1,3,0,0,14
2,1641,1,3,0,0,14
2,1647,1,3,0,0,14
2,1653,1,3,0,3,14
2,1662,1,3,0,1,14
2,1677,1,3,0,0,14
2,1678,1,3,1,0,14
2,1683,1,3,0,0,14
2,1710,1,3,0,3,14
2,1719,1,3,0,0,14
2,1722,1,3,0,1,14
2,1751,1,3,0,3,14
2,1753,1,3,0,1,14
2,1778,1,3,0,0,14
2,1786,1,3,1,0,14
2,1799,1,3,1,0,14
2,1806,1,3,0,3,14
2,1815,1,3,1,0,14
2,1824,1,3,1,0,14
2,1830,1,3,0,0,14
2,1834,1,3,1,0,14
2,1841,1,3,0,1,14
2,1844,1,3,1,0,14
2,1858,1,3,1,0,14
2,1878,1,3,0,0,14
2,1918,1,3,0,1,14
2,1922,1,3,1,0,14
2,1925,1,3,0,0,14
2,1961,1,3,1,0,14
2,1966,1,3,0,0,14
2,1981,1,3,0,0,14
2,1991,1,3,1,0,14
2,2009,1,3,0,1,14
2,2020,1,3,0,0,14
2,2049,1,3,1,0,14
2,2060,1,3,0,0,14
2,2061,1,3,1,0,14
2,2064,1,3,0,0,14
2,2075,1,3,0,0,14
2,2083,1,3,1,0,14
2,2102,1,3,1,0,14
2,2133,1,3,0,0,14
2,2137,1,3,0,0,14
2,2161,1,3,1,0,14
2,2181,1,3,0,0,14
2,2182,1,3,1,0,14
2,2187,1,3,0,0,14
2,2206,1,3,0,0,14
2,2222,1,3,1,0,14
2,2230,1,3,0,0,14
2,2231,1,3,1,0,14
2,2233,1,3,1,0,14
2,2242,1,3,1,0,14
2,2248,1,3,1,0,14
2,2272,1,3,1,0,14
2,2277,1,3,0,1,14
2,2289,1,3,1,0,14
2,2300,1,3,1,0,14
2,2310,1,3,1,0,14
2,2319,1,3,0,3,14
2,2323,1,3,1,0,14
2,2333,1,3,0,0,14
2,2342,1,3,1,0,14
2,2354,1,3,0,3,14
2,2371,1,3,0,3,14
2,2439,1,3,1,0,14
2,2449,1,3,0,0,14
2,2471,1,3,0,3,14
2,2476,1,3,0,3,14
2,2497,1,3,0,1,14
2,2501,1,3,0,1,14
2,2502,1,3,1,0,14
2,2538,1,3,1,0,14
2,2566,1,3,1,0,14
2,2567,1,3,1,0,14
2,2609,1,3,0,0,14
2,2612,1,3,0,1,14
2,2616,1,3,1,0,14
2,2620,1,3,0,1,14
2,2642,1,3,1,0,14
2,2649,1,3,1,0,14
2,2679,1,3,0,0,14
2,2710,1,3,0,3,14
2,2757,1,3,1,0,14
2,2771,1,3,0,0,14
2,2772,1,3,0,0,14
2,2794,1,3,1,0,14
2,2809,1,3,0,0,14
2,2826,1,3,1,0,14
2,2840,1,3,1,0,14
2,2881,1,3,1,0,14
2,2917,1,3,1,0,14
2,2922,1,3,1,0,14
2,2955,1,3,0,0,14
2,2972,1,3,0,3,14
2,2988,1,3,0,3,14
2,3057,1,3,0,1,14
2,3072,1,3,1,0,14
2,3074,1,3,0,0,14
2,3080,1,3,1,0,14
2,3081,1,3,1,0,14
2,3128,1,3,0,3,14
2,3132,1,3,0,0,14
2,3133,1,3,0,0,14
2,3140,1,3,0,3,14
2,3147,1,3,1,0,14
2,3159,1,3,0,0,14
2,3220,1,3,1,0,14
2,3245,1,3,1,0,14
2,3249,1,3,0,0,14
2,3267,1,3,0,0,14
2,3271,1,3,0,1,14
2,3273,1,3,0,0,14
2,3276,1,3,0,1,14
2,3288,1,3,0,0,14
2,3311,1,3,0,1,14
2,3328,1,3,0,1,14
2,3346,1,3,0,3,14
2,3355,1,3,0,0,14
2,3359,1,3,0,1,14
2,3361,1,3,0,0,14
2,3363,1,3,0,1,14
2,3381,1,3,0,0,14
2,3390,1,3,0,0,14
2,3440,1,3,0,0,14
2,3447,1,3,0,3,14
2,3484,1,3,1,0,14
2,3489,1,3,0,1,14
2,3497,1,3,0,0,14
2,3537,1,3,1,0,14
2,3551,1,3,0,0,14
2,3552,1,3,0,1,14
2,3573,1,3,0,0,14
2,3581,1,3,0,0,14
2,3645,1,3,0,0,14
2,3647,1,3,0,1,14
2,3681,1,3,1,0,14
2,3685,1,3,0,0,14
2,3687,1,3,0,1,14
2,3709,1,3,1,0,14
2,3710,1,3,0,1,14
2,3726,1,3,0,3,14
2,3784,1,3,1,0,14
2,3789,1,3,0,0,14
2,3792,1,3,0,3,14
2,3800,1,3,0,0,14
2,3829,1,3,0,0,14
2,3845,1,3,0,1,14
2,3878,1,3,1,0,14
2,3881,1,3,0,1,14
2,3886,1,3,0,0,14
2,3938,1,3,0,0,14
2,3940,1,3,1,0,14
2,3951,1,3,0,0,14
2,3954,1,3,0,1,14
2,4009,1,3,0,3,14
2,4023,1,3,1,0,14
2,4024,1,3,0,1,14
2,4027,1,3,0,3,14
2,4065,1,3,0,0,14
2,4068,1,3,0,0,14
2,4074,1,3,0,1,14
2,4090,1,3,0,3,14
2,4105,1,3,1,0,14
2,4115,1,3,0,0,14
2,4120,1,3,0,1,14
2,4128,1,3,0,0,14
2,4135,1,3,0,1,14
2,4146,1,3,0,0,14
2,4147,1,3,0,0,14
2,4173,1,3,0,1,14
2,4175,1,3,0,3,14
2,4204,1,3,0,3,14
2,4255,1,3,0,1,14
2,4256,1,3,0,0,14
2,4262,1,3,0,1,14
2,4270,1,3,1,0,14
2,4276,1,3,0,0,14
2,4286,1,3,1,0,14
2,4295,1,3,1,0,14
2,4298,1,3,0,1,14
2,4308,1,3,0,1,14
2,4322,1,3,1,0,14
2,4339,1,3,1,0,14
2,4354,1,3,1,0,14
2,4360,1,3,0,0,14
2,4384,1,3,0,0,14
2,4409,1,3,0,0,14
2,4424,1,3,1,0,14
2,4440,1,3,1,0,14
2,4443,1,3,0,1,14
2,4444,1,3,0,0,14
2,4449,1,3,0,1,14
2,4476,1,3,0,0,14
2,4480,1,3,1,0,14
2,4482,1,3,1,0,14
2,4489,1,3,1,0,14
2,4493,1,3,1,0,14
2,4497,1,3,1,0,14
2,4499,1,3,0,1,14
2,4507,1,3,0,0,14
2,4518,1,3,0,3,14
2,4559,1,3,1,0,14
2,4583,1,3,0,3,14
2,4596,1,3,1,0,14
2,4599,1,3,0,0,14
2,4629,1,3,0,0,14
2,4634,1,3,1,0,14
2,4670,1,3,1,0,14
2,4699,1,3,0,1,14
2,4710,1,3,1,0,14
2,4715,1,3,1,0,14
2,4725,1,3,0,0,14
2,4730,1,3,0,0,14
2,4741,1,3,0,3,14
2,4752,1,3,1,0,14
2,4754,1,3,0,0,14
2,4761,1,3,0,1,14
2,4773,1,3,0,3,14
2,4784,1,3,0,0,14
2,4787,1,3,0,0,14
2,4798,1,3,1,0,14
2,4799,1,3,0,1,14
2,4811,1,3,1,0,14
2,4819,1,3,1,0,14
2,4823,1,3,1,0,14
2,4834,1,3,1,0,14
2,4838,1,3,0,0,14
2,4840,1,3,0,0,14
2,4854,1,3,0,1,14
2,4855,1,3,0,0,14
2,4869,1,3,0,0,14
2,4870,1,3,1,0,14
2,4892,1,3,0,0,14
2,4933,1,3,0,1,14
2,4947,1,3,0,0,14
2,4957,1,3,0,0,14
2,4994,1,3,1,0,14
3,2,3,0,1,0,0
3,25,3,0,1,0,0
3,31,3,0,0,0,0
3,34,3,0,3,0,0
3,53,3,0,0,0,0
3,58,3,0,0,0,0
3,67,3,0,1,0,0
3,73,3,0,3,0,0
3,74,3,0,3,0,0
3,80,3,0,0,0,0
3,88,3,0,0,0,0
3,92,3,0,0,0,0
3,98,3,0,1,0,0
3,105,3,0,0,0,0
3,106,3,0,0,0,0
3,142,3,0,0,0,0
3,154,3,0,1,0,0
3,156,3,0,0,0,0
3,160,3,0,0,0,0
3,187,3,0,0,0,0
3,199,3,0,3,0,0
3,212,3,0,0,0,0
3,224,3,0,1,0,0
3,249,3,0,3,0,0
3,277,3,0,3,0,0
3,298,3,0,3,0,0
3,324,3,0,1,0,0
3,328,3,0,3,0,0
3,363,3,0,0,0,0
3,375,3,0,0,0,0
3,410,3,0,0,0,0
3,411,3,0,0,0,0
3,413,3,0,0,0,0
3,416,3,0,3,0,0
3,434,3,0,1,0,0
3,444,3,0,3,0,0
3,458,3,0,0,0,0
3,460,3,0,1,0,0
3,502,3,0,0,0,0
3,503,3,0,0,0,0
3,509,3,0,0,0,0
3,519,3,0,0,0,0
3,528,3,0,0,0,0
3,529,3,0,0,0,0
3,532,3,0,3,0,0
3,546,3,0,0,0,0
3,549,3,0,0,0,0
3,551,3,0,0,0,0
3,562,3,0,3,0,0
3,620,3,0,3,0,0
3,654,3,0,0,0,0
3,666,3,0,0,0,0
3,681,3,0,0,0,0
3,684,3,0,0,0,0
3,714,3,0,0,0,0
3,734,3,0,3,0,0
3,768,3,0,0,0,0
3,771,3,0,0,0,0
3,780,3,0,3,0,0
3,789,3,0,1,0,0
3,793,3,0,0,0,0
3,820,3,0,0,0,0
3,845,3,0,0,0,0
3,869,3,0,0,0,0
3,922,3,0,0,0,0
3,983,3,0,1,0,0
3,1003,3,0,0,0,0
3,1015,3,0,0,0,0
3,1021,3,0,0,0,0
3,1027,3,0,0,0,0
3,1122,3,0,1,0,0
3,1133,3,0,3,0,0
3,1140,3,0,3,0,0
3,1150,3,0,0,0,0
3,1151,3,0,0,0,0
3,1157,3,0,0,0,0
3,1159,3,0,1,0,0
3,1176,3,0,0,0,0
3,1184,3,0,0,0,0
3,1188,3,0,0,0,0
3,1195,3,0,0,0,0
3,1197,3,0,0,0,0
3,1210,3,0,0,0,0
3,1241,3,0,0,0,0
3,1243,3,0,0,0,0
3,1257,3,0,0,0,0
3,1264,3,0,0,0,0
3,1287,3,0,1,0,0
3,1306,3,0,0,0,0
3,1307,3,0,0,0,0
3,1328,3,0,0,0,0
3,1355,3,0,0,0,0
3,1356,3,0,0,0,0
3,1371,3,0,0,0,0
3,1394,3,0,0,0,0
3,1415,3,0,0,0,0
3,1421,3,0,0,0,0
3,1433,3,0,0,0,0
3,1451,3,0,0,0,0
3,1461,3,0,0,0,0
3,1484,3,0,0,0,0
3,1501,3,0,0,0,0
3,1518,3,0,0,0,0
3,1520,3,0,0,0,0
3,1521,3,0,1,0,0
3,1536,3,0,0,0,0
3,1538,3,0,0,0,0
3,1546,3,0,0,0,0
3,1553,3,0,0,0,0
3,1564,3,0,1,0,0
3,1575,3,0,0,0,0
3,1577,3,0,0,0,0
3,1603,3,0,1,0,0
3,1629,3,0,3,0,0
3,1636,3,0,0,0,0
3,1648,3,0,3,0,0
3,1652,3,0,0,0,0
3,1657,3,0,1,0,0
3,1661,3,0,1,0,0
3,1669,3,0,0,0,0
3,1684,3,0,3,0,0
3,1685,3,0,0,0,0
3,1697,3,0,3,0,0
3,1712,3,0,0,0,0
3,1714,3,0,3,0,0
3,1715,3,0,0,0,0
3,1730,3,0,0,0,0
3,1745,3,0,1,0,0
3,1766,3,0,0,0,0
3,1769,3,0,0,0,0
3,1790,3,0,3,0,0
3,1817,3,0,1,0,0
3,1818,3,0,3,0,0
3,1821,3,0,1,0,0
3,1829,3,0,0,0,0
3,1882,3,0,0,0,0
3,1897,3,0,0,0,0
3,1930,3,0,0,0,0
3,1938,3,0,3,0,0
3,1949,3,0,0,0,0
3,1969,3,0,0,0,0
3,1972,3,0,0,0,0
3,1986,3,0,3,0,0
3,1987,3,0,0,0,0
3,1992,3,0,3,0,0
3,2013,3,0,0,0,0
3,2022,3,0,1,0,0
3,2053,3,0,1,0,0
3,2076,3,0,0,0,0
3,2098,3,0,0,0,0
3,2108,3,0,3,0,0
3,2165,3,0,0,0,0
3,2188,3,0,0,0,0
3,2189,3,0,0,0,0
3,2192,3,0,0,0,0
3,2196,3,0,0,0,0
3,2203,3,0,0,0,0
3,2234,3,0,0,0,0
3,2236,3,0,0,0,0
3,2244,3,0,0,0,0
3,2256,3,0,0,0,0
3,2258,3,0,3,0,0
3,2260,3,0,0,0,0
3,2291,3,0,0,0,0
3,2301,3,0,0,0,0
3,2320,3,0,0,0,0
3,2327,3,0,0,0,0
3,2329,3,0,0,0,0
3,2339,3,0,0,0,0
3,2341,3,0,0,0,0
3,2348,3,0,0,0,0
3,2353,3,0,3,0,0
3,2367,3,0,0,0,0
3,2368,3,0,0,0,0
3,2378,3,0,1,0,0
3,2379,3,0,0,0,0
3,2382,3,0,3,0,0
3,2390,3,0,0,0,0
3,2412,3,0,0,0,0
3,2437,3,0,1,0,0
3,2470,3,0,0,0,0
3,2490,3,0,0,0,0
3,2495,3,0,3,0,0
3,2504,3,0,0,0,0
3,2516,3,0,0,0,0
3,2546,3,0,0,0,0
3,2547,3,0,0,0,0
3,2550,3,0,0,0,0
3,2560,3,0,0,0,0
3,2578,3,0,0,0,0
3,2586,3,0,0,0,0
3,2604,3,0,3,0,0
3,2605,3,0,1,0,0
3,2606,3,0,0,0,0
3,2610,3,0,3,0,0
3,2618,3,0,0,0,0
3,2621,3,0,0,0,0
3,2626,3,0,1,0,0
3,2627,3,0,0,0,0
3,2634,3,0,0,0,0
3,2656,3,0,0,0,0
3,2672,3,0,0,0,0
3,2674,3,0,0,0,0
3,2699,3,0,0,0,0
3,2702,3,0,0,0,0
3,2724,3,0,0,0,0
3,2726,3,0,1,0,0
3,2740,3,0,1,0,0
3,2747,3,0,0,0,0
3,2778,3,0,0,0,0
3,2806,3,0,0,0,0
3,2818,3,0,1,0,0
3,2819,3,0,0,0,0
3,2831,3,0,1,0,0
3,2850,3,0,0,0,0
3,2867,3,0,0,0,0
3,2874,3,0,0,0,0
3,2944,3,0,3,0,0
3,2983,3,0,0,0,0
3,2989,3,0,0,0,0
3,2990,3,0,1,0,0
3,2994,3,0,0,0,0
3,2997,3,0,0,0,0
3,3012,3,0,0,0,0
3,3028,3,0,0,0,0
3,3077,3,0,0,0,0
3,3086,3,0,0,0,0
3,3102,3,0,0,0,0
3,3109,3,0,1,0,0
3,3123,3,0,0,0,0
3,3126,3,0,0,0,0
3,3139,3,0,1,0,0
3,3142,3,0,3,0,0
3,3149,3,0,0,0,0
3,3156,3,0,0,0,0
3,3165,3,0,0,0,0
3,3200,3,0,0,0,0
3,3205,3,0,0,0,0
3,3208,3,0,0,0,0
3,3236,3,0,0,0,0
3,3238,3,0,0,0,0
3,3239,3,0,0,0,0
3,3243,3,0,0,0,0
3,3254,3,0,3,0,0
3,3256,3,0,0,0,0
3,3270,3,0,3,0,0
3,3281,3,0,0,0,0
3,3289,3,0,0,0,0
3,3296,3,0,0,0,0
3,3300,3,0,0,0,0
3,3349,3,0,3,0,0
3,3360,3,0,1,0,0
3,3379,3,0,0,0,0
3,3388,3,0,3,0,0
3,3394,3,0,0,0,0
3,3402,3,0,0,0,0
3,3406,3,0,0,0,0
3,3416,3,0,0,0,0
3,3425,3,0,3,0,0
3,3426,3,0,0,0,0
3,3454,3,0,0,0,0
3,3498,3,0,0,0,0
3,3507,3,0,0,0,0
3,3516,3,0,0,0,0
3,3593,3,0,1,0,0
3,3595,3,0,0,0,0
3,3598,3,0,0,0,0
3,3607,3,0,0,0,0
3,3617,3,0,0,0,0
3,3665,3,0,0,0,0
3,3669,3,0,0,0,0
3,3670,3,0,0,0,0
3,3686,3,0,3,0,0
3,3689,3,0,0,0,0
3,3691,3,0,0,0,0
3,3697,3,0,0,0,0
3,3703,3,0,0,0,0
3,3728,3,0,0,0,0
3,3765,3,0,0,0,0
3,3766,3,0,0,0,0
3,3769,3,0,0,0,0
3,3772,3,0,0,0,0
3,3783,3,0,0,0,0
3,3802,3,0,0,0,0
3,3835,3,0,0,0,0
3,3839,3,0,3,0,0
3,3851,3,0,3,0,0
3,3858,3,0,0,0,0
3,3877,3,0,3,0,0
3,3883,3,0,0,0,0
3,3917,3,0,0,0,0
3,3924,3,0,3,0,0
3,3927,3,0,0,0,0
3,3971,3,0,0,0,0
3,4001,3,0,3,0,0
3,4012,3,0,0,0,0
3,4020,3,0,3,0,0
3,4030,3,0,3,0,0
3,4049,3,0,0,0,0
3,4094,3,0,0,0,0
3,4095,3,0,0,0,0
3,4097,3,0,3,0,0
3,4110,3,0,0,0,0
3,4124,3,0,3,0,0
3,4139,3,0,0,0,0
3,4155,3,0,0,0,0
3,4165,3,0,0,0,0
3,4172,3,0,0,0,0
3,4210,3,0,0,0,0
3,4222,3,0,0,0,0
3,4225,3,0,0,0,0
3,4277,3,0,0,0,0
3,4293,3,0,0,0,0
3,4312,3,0,0,0,0
3,4313,3,0,3,0,0
3,4320,3,0,0,0,0
3,4331,3,0,1,0,0
3,4338,3,0,0,0,0
3,4347,3,0,1,0,0
3,4362,3,0,0,0,0
3,4370,3,0,0,0,0
3,4396,3,0,0,0,0
3,4411,3,0,1,0,0
3,4454,3,0,0,0,0
3,4472,3,0,0,0,0
3,4495,3,0,3,0,0
3,4504,3,0,0,0,0
3,4506,3,0,0,0,0
3,4508,3,0,3,0,0
3,4513,3,0,3,0,0
3,4548,3,0,0,0,0
3,4555,3,0,0,0,0
3,4560,3,0,1,0,0
3,4574,3,0,0,0,0
3,4592,3,0,1,0,0
3,4602,3,0,0,0,0
3,4622,3,0,0,0,0
3,4633,3,0,0,0,0
3,4639,3,0,0,0,0
3,4646,3,0,0,0,0
3,4679,3,0,0,0,0
3,4687,3,0,0,0,0
3,4697,3,0,1,0,0
3,4713,3,0,3,0,0
3,4734,3,0,0,0,0
3,4742,3,0,3,0,0
3,4779,3,0,0,0,0
3,4802,3,0,0,0,0
3,4826,3,0,3,0,0
3,4841,3,0,0,0,0
3,4842,3,0,0,0,0
3,4871,3,0,0,0,0
3,4911,3,0,0,0,0
3,4918,3,0,0,0,0
3,4919,3,0,0,0,0
3,4934,3,0,0,0,0
3,4936,3,0,1,0,0
3,4945,3,0,0,0,0
3,4952,3,0,3,0,0
3,4954,3,0,3,0,0
3,4973,3,0,0,0,0
3,4975,3,0,0,0,0
3,4984,3,0,3,0,0
3,4989,3,0,0,0,0
3,22,1,1,0,0,1
3,38,1,1,0,0,1
3,52,1,1,1,0,1
3,61,1,1,0,0,1
3,76,1,1,1,0,1
3,117,1,1,0,0,1
3,122,1,1,0,1,1
3,131,1,1,1,0,1
3,174,1,1,0,0,1
3,186,1,1,0,0,1
3,192,1,1,0,0,1
3,210,1,1,0,0,1
3,214,1,1,1,0,1
3,222,1,1,0,1,1
3,239,1,1,0,0,1
3,264,1,1,0,0,1
3,270,1,1,0,0,1
3,286,1,1,0,0,1
3,293,1,1,0,0,1
3,303,1,1,0,0,1
3,306,1,1,1,0,1
3,365,1,1,0,1,1
3,385,1,1,0,0,1
3,426,1,1,0,0,1
3,471,1,1,1,0,1
3,514,1,1,0,1,1
3,524,1,1,0,1,1
3,527,1,1,0,0,1
3,537,1,1,0,1,1
3,564,1,1,0,1,1
3,569,1,1,0,0,1
3,593,1,1,1,0,1
3,601,1,1,0,0,1
3,602,1,1,1,0,1
3,628,1,1,0,0,1
3,629,1,1,0,0,1
3,637,1,1,0,1,1
3,656,1,1,0,0,1
3,662,1,1,0,0,1
3,664,1,1,1,0,1
3,712,1,1,0,1,1
3,716,1,1,0,0,1
3,722,1,1,0,0,1
3,755,1,1,1,0,1
3,756,1,1,1,0,1
3,761,1,1,0,1,1
3,800,1,1,1,0,1
3,802,1,1,0,1,1
3,824,1,1,1,0,1
3,825,1,1,0,0,1
3,826,1,1,0,0,1
3,842,1,1,0,1,1
3,851,1,1,1,0,1
3,855,1,1,0,0,1
3,892,1,1,0,0,1
3,893,1,1,0,0,1
3,902,1,1,0,0,1
3,923,1,1,0,0,1
3,929,1,1,0,0,1
3,930,1,1,0,0,1
3,943,1,1,1,0,1
3,968,1,1,0,0,1
3,970,1,1,0,1,1
3,977,1,1,0,0,1
3,987,1,1,0,0,1
3,1004,1,1,0,1,1
3,1014,1,1,1,0,1
3,1050,1,1,0,0,1
3,1070,1,1,1,0,1
3,1088,1,1,0,1,1
3,1115,1,1,0,0,1
3,1123,1,1,0,0,1
3,1124,1,1,0,0,1
3,1136,1,1,1,0,1
3,1143,1,1,0,0,1
3,1163,1,1,0,0,1
3,1168,1,1,1,0,1
3,1196,1,1,1,0,1
3,1203,1,1,0,1,1
3,1207,1,1,0,0,1
3,1233,1,1,0,0,1
3,1320,1,1,0,0,1
3,1324,1,1,0,0,1
3,1351,1,1,0,1,1
3,1366,1,1,0,0,1
3,1367,1,1,1,0,1
3,1369,1,1,0,1,1
3,1410,1,1,0,0,1
3,1417,1,1,0,0,1
3,1426,1,1,0,0,1
3,1428,1,1,0,0,1
3,1429,1,1,0,1,1
3,1434,1,1,0,1,1
3,1435,1,1,1,0,1
3,1450,1,1,0,1,1
3,1452,1,1,0,0,1
3,1475,1,1,0,1,1
3,1482,1,1,0,0,1
3,1494,1,1,0,1,1
3,1510,1,1,1,0,1
3,1517,1,1,1,0,1
3,1523,1,1,0,0,1
3,1569,1,1,1,0,1
3,1595,1,1,0,1,1
3,1602,1,1,0,1,1
3,1606,1,1,0,0,1
3,1609,1,1,0,0,1
3,1612,1,1,1,0,1
3,1659,1,1,1,0,1
3,1664,1,1,0,0,1
3,1680,1,1,0,1,1
3,1692,1,1,1,0,1
3,1704,1,1,1,0,1
3,1731,1,1,0,0,1
3,1734,1,1,0,0,1
3,1741,1,1,0,0,1
3,1752,1,1,1,0,1
3,1762,1,1,0,0,1
3,1768,1,1,0,0,1
3,1794,1,1,0,1,1
3,1809,1,1,1,0,1
3,1812,1,1,1,0,1
3,1827,1,1,0,0,1
3,1836,1,1,0,0,1
3,1862,1,1,0,0,1
3,1871,1,1,0,1,1
3,1890,1,1,1,0,1
3,1893,1,1,0,0,1
3,1896,1,1,1,0,1
3,1923,1,1,1,0,1
3,1974,1,1,0,0,1
3,1980,1,1,1,0,1
3,1989,1,1,0,0,1
3,2017,1,1,0,0,1
3,2038,1,1,1,0,1
3,2045,1,1,0,1,1
3,2070,1,1,0,0,1
3,2077,1,1,0,1,1
3,2078,1,1,0,1,1
3,2086,1,1,0,0,1
3,2088,1,1,0,0,1
3,2109,1,1,0,1,1
3,2118,1,1,0,0,1
3,2141,1,1,0,1,1
3,2170,1,1,0,0,1
3,2172,1,1,0,0,1
3,2184,1,1,0,0,1
3,2199,1,1,0,0,1
3,2202,1,1,0,0,1
3,2220,1,1,0,0,1
3,2226,1,1,0,0,1
3,2261,1,1,0,0,1
3,2269,1,1,0,0,1
3,2276,1,1,1,0,1
3,2280,1,1,0,1,1
3,2297,1,1,0,0,1
3,2313,1,1,1,0,1
3,2315,1,1,1,0,1
3,2336,1,1,0,0,1
3,2343,1,1,0,0,1
3,2408,1,1,0,1,1
3,2428,1,1,1,0,1
3,2442,1,1,0,1,1
3,2446,1,1,0,1,1
3,2468,1,1,0,0,1
3,2491,1,1,1,0,1
3,2498,1,1,0,1,1
3,2517,1,1,0,0,1
3,2537,1,1,1,0,1
3,2544,1,1,0,0,1
3,2559,1,1,0,1,1
3,2563,1,1,0,0,1
3,2589,1,1,1,0,1
3,2595,1,1,0,0,1
3,2611,1,1,0,0,1
3,2622,1,1,0,0,1
3,2638,1,1,0,0,1
3,2643,1,1,0,0,1
3,2691,1,1,0,0,1
3,2725,1,1,1,0,1
3,2741,1,1,1,0,1
3,2763,1,1,0,0,1
3,2764,1,1,1,0,1
3,2773,1,1,1,0,1
3,2798,1,1,0,0,1
3,2802,1,1,0,0,1
3,2804,1,1,0,1,1
3,2808,1,1,1,0,1
3,2823,1,1,0,1,1
3,2836,1,1,0,0,1
3,2838,1,1,0,0,1
3,2849,1,1,0,1,1
3,2860,1,1,0,0,1
3,2895,1,1,0,1,1
3,2900,1,1,1,0,1
3,2937,1,1,0,0,1
3,2952,1,1,0,1,1
3,2954,1,1,1,0,1
3,2960,1,1,1,0,1
3,2961,1,1,0,1,1
3,2971,1,1,1,0,1
3,2984,1,1,0,1,1
3,2987,1,1,0,0,1
3,3005,1,1,0,0,1
3,3015,1,1,1,0,1
3,3018,1,1,1,0,1
3,3019,1,1,0,0,1
3,3035,1,1,0,0,1
3,3058,1,1,0,0,1
3,3067,1,1,0,0,1
3,3085,1,1,0,0,1
3,3087,1,1,1,0,1
3,3088,1,1,0,1,1
3,3107,1,1,0,0,1
3,3114,1,1,0,1,1
3,3124,1,1,0,0,1
3,3138,1,1,0,0,1
3,3144,1,1,0,0,1
3,3160,1,1,0,0,1
3,3169,1,1,0,0,1
3,3174,1,1,0,0,1
3,3193,1,1,0,0,1
3,3212,1,1,0,0,1
3,3230,1,1,0,0,1
3,3232,1,1,1,0,1
3,3265,1,1,0,1,1
3,3279,1,1,0,1,1
3,3283,1,1,0,0,1
3,3291,1,1,1,0,1
3,3303,1,1,0,1,1
3,3320,1,1,0,0,1
3,3324,1,1,1,0,1
3,3333,1,1,1,0,1
3,3351,1,1,1,0,1
3,3375,1,1,1,0,1
3,3376,1,1,0,1,1
3,3410,1,1,0,0,1
3,3424,1,1,0,0,1
3,3428,1,1,0,1,1
3,3437,1,1,0,0,1
3,3463,1,1,1,0,1
3,3540,1,1,1,0,1
3,3546,1,1,0,1,1
3,3554,1,1,0,0,1
3,3556,1,1,0,1,1
3,3583,1,1,0,0,1
3,3592,1,1,0,1,1
3,3594,1,1,0,0,1
3,3623,1,1,0,1,1
3,3631,1,1,1,0,1
3,3650,1,1,0,0,1
3,3672,1,1,0,0,1
3,3704,1,1,0,0,1
3,3734,1,1,0,0,1
3,3739,1,1,0,0,1
3,3742,1,1,0,0,1
3,3759,1,1,0,1,1
3,3768,1,1,1,0,1
3,3796,1,1,0,0,1
3,3804,1,1,0,0,1
3,3813,1,1,1,0,1
3,3823,1,1,1,0,1
3,3826,1,1,0,1,1
3,3831,1,1,1,0,1
3,3840,1,1,0,0,1
3,3868,1,1,0,0,1
3,3873,1,1,0,1,1
3,3887,1,1,1,0,1
3,3905,1,1,1,0,1
3,3907,1,1,0,0,1
3,3912,1,1,0,1,1
3,3915,1,1,0,1,1
3,3934,1,1,0,0,1
3,3946,1,1,0,0,1
3,3967,1,1,0,0,1
3,3989,1,1,0,1,1
3,3992,1,1,1,0,1
3,3996,1,1,1,0,1
3,4059,1,1,1,0,1
3,4063,1,1,0,1,1
3,4081,1,1,1,0,1
3,4089,1,1,0,0,1
3,4104,1,1,0,0,1
3,4109,1,1,0,1,1
3,4112,1,1,1,0,1
3,4118,1,1,0,1,1
3,4121,1,1,0,0,1
3,4131,1,1,0,0,1
3,4157,1,1,1,0,1
3,4177,1,1,0,0,1
3,4181,1,1,1,0,1
3,4194,1,1,0,0,1
3,4203,1,1,1,0,1
3,4228,1,1,0,0,1
3,4245,1,1,0,1,1
3,4246,1,1,0,0,1
3,4261,1,1,0,0,1
3,4282,1,1,0,0,1
3,4291,1,1,0,0,1
3,4296,1,1,0,0,1
3,4310,1,1,1,0,1
3,4327,1,1,0,1,1
3,4333,1,1,0,1,1
3,4343,1,1,0,1,1
3,4344,1,1,0,1,1
3,4353,1,1,0,1,1
3,4364,1,1,0,0,1
3,4369,1,1,0,0,1
3,4391,1,1,0,0,1
3,4392,1,1,0,1,1
3,4425,1,1,0,1,1
3,4441,1,1,0,1,1
3,4448,1,1,0,0,1
3,4462,1,1,0,0,1
3,4475,1,1,0,0,1
3,4496,1,1,0,0,1
3,4502,1,1,0,0,1
3,4542,1,1,0,0,1
3,4562,1,1,0,0,1
3,4566,1,1,1,0,1
3,4571,1,1,0,1,1
3,4605,1,1,0,1,1
3,4621,1,1,1,0,1
3,4626,1,1,0,0,1
3,4630,1,1,1,0,1
3,4637,1,1,0,0,1
3,4656,1,1,0,0,1
3,4672,1,1,0,0,1
3,4676,1,1,0,1,1
3,4691,1,1,0,0,1
3,4704,1,1,0,0,1
3,4746,1,1,0,0,1
3,4747,1,1,0,1,1
3,4814,1,1,0,0,1
3,4825,1,1,0,0,1
3,4837,1,1,1,0,1
3,4839,1,1,0,1,1
3,4856,1,1,0,0,1
3,4867,1,1,0,1,1
3,4873,1,1,0,0,1
3,4879,1,1,0,0,1
3,4909,1,1,0,0,1
3,4953,1,1,0,0,1
3,4961,1,1,0,1,1
3,6,1,1,0,0,2
3,9,1,1,0,0,2
3,18,1,1,0,0,2
3,124,1,1,0,0,2
3,132,1,1,0,0,2
3,143,1,1,1,0,2
3,206,1,1,0,0,2
3,216,1,1,0,0,2
3,223,1,1,0,1,2
3,231,1,1,0,1,2
3,238,1,1,1,0,2
3,288,1,1,0,0,2
3,292,1,1,0,0,2
3,333,1,1,0,1,2
3,342,1,1,0,0,2
3,372,1,1,1,0,2
3,379,1,1,0,0,2
3,390,1,1,1,0,2
3,392,1,1,1,0,2
3,398,1,1,1,0,2
3,408,1,1,0,0,2
3,432,1,1,0,1,2
3,449,1,1,0,1,2
3,452,1,1,0,1,2
3,464,1,1,0,0,2
3,468,1,1,0,0,2
3,472,1,1,1,0,2
3,482,1,1,0,0,2
3,483,1,1,0,0,2
3,515,1,1,1,0,2
3,542,1,1,0,0,2
3,576,1,1,0,0,2
3,579,1,1,0,1,2
3,585,1,1,0,1,2
3,589,1,1,1,0,2
3,635,1,1,0,1,2
3,682,1,1,1,0,2
3,695,1,1,0,1,2
3,696,1,1,0,0,2
3,697,1,1,0,1,2
3,701,1,1,0,1,2
3,703,1,1,0,0,2
3,735,1,1,0,0,2
3,738,1,1,0,0,2
3,759,1,1,0,0,2
3,781,1,1,0,0,2
3,784,1,1,1,0,2
3,801,1,1,0,0,2
3,815,1,1,0,1,2
3,861,1,1,0,1,2
3,867,1,1,0,1,2
3,873,1,1,1,0,2
3,876,1,1,0,1,2
3,910,1,1,0,0,2
3,941,1,1,0,0,2
3,971,1,1,0,0,2
3,986,1,1,0,1,2
3,990,1,1,1,0,2
3,992,1,1,0,1,2
3,1054,1,1,0,1,2
3,1061,1,1,1,0,2
3,1090,1,1,0,0,2
3,1093,1,1,0,0,2
3,1170,1,1,1,0,2
3,1181,1,1,0,0,2
3,1206,1,1,0,0,2
3,1214,1,1,1,0,2
3,1215,1,1,0,1,2
3,1216,1,1,0,0,2
3,1224,1,1,0,1,2
3,1229,1,1,1,0,2
3,1246,1,1,0,0,2
3,1254,1,1,0,1,2
3,1288,1,1,0,1,2
3,1295,1,1,0,0,2
3,1319,1,1,0,0,2
3,1375,1,1,1,0,2
3,1380,1,1,0,0,2
3,1383,1,1,0,0,2
3,1391,1,1,0,0,2
3,1393,1,1,0,0,2
3,1398,1,1,0,0,2
3,1402,1,1,0,0,2
3,1436,1,1,0,1,2
3,1447,1,1,0,1,2
3,1458,1,1,0,0,2
3,1472,1,1,0,0,2
3,1486,1,1,0,0,2
3,1532,1,1,0,0,2
3,1535,1,1,0,1,2
3,1551,1,1,1,0,2
3,1580,1,1,0,0,2
3,1601,1,1,0,0,2
3,1621,1,1,0,0,2
3,1646,1,1,0,1,2
3,1654,1,1,0,0,2
3,1675,1,1,0,0,2
3,1681,1,1,1,0,2
3,1691,1,1,0,0,2
3,1696,1,1,1,0,2
3,1705,1,1,0,1,2
3,1729,1,1,0,1,2
3,1732,1,1,0,0,2
3,1831,1,1,0,0,2
3,1835,1,1,0,1,2
3,1846,1,1,0,0,2
3,1853,1,1,1,0,2
3,1865,1,1,1,0,2
3,1884,1,1,0,0,2
3,1891,1,1,0,1,2
3,1901,1,1,0,1,2
3,1903,1,1,0,1,2
3,1906,1,1,0,1,2
3,1911,1,1,0,1,2
3,1932,1,1,1,0,2
3,1951,1,1,0,0,2
3,2023,1,1,0,0,2
3,2041,1,1,1,0,2
3,2044,1,1,1,0,2
3,2059,1,1,0,0,2
3,2079,1,1,0,1,2
3,2099,1,1,0,0,2
3,2104,1,1,0,0,2
3,2110,1,1,0,0,2
3,2124,1,1,1,0,2
3,2135,1,1,0,1,2
3,2152,1,1,0,0,2
3,2155,1,1,0,0,2
3,2174,1,1,0,0,2
3,2180,1,1,1,0,2
3,2195,1,1,0,1,2
3,2225,1,1,0,0,2
3,2281,1,1,0,0,2
3,2305,1,1,0,0,2
3,2394,1,1,0,0,2
3,2397,1,1,0,0,2
3,2414,1,1,0,1,2
3,2441,1,1,1,0,2
3,2453,1,1,0,1,2
3,2461,1,1,0,0,2
3,2467,1,1,0,1,2
3,2478,1,1,1,0,2
3,2484,1,1,0,1,2
3,2551,1,1,0,0,2
3,2601,1,1,0,0,2
3,2607,1,1,0,0,2
3,2623,1,1,0,0,2
3,2632,1,1,0,0,2
3,2635,1,1,0,0,2
3,2637,1,1,1,0,2
3,2659,1,1,1,0,2
3,2714,1,1,0,0,2
3,2730,1,1,0,0,2
3,2737,1,1,0,0,2
3,2746,1,1,0,0,2
3,2751,1,1,0,0,2
3,2786,1,1,0,0,2
3,2811,1,1,1,0,2
3,2841,1,1,1,0,2
3,2876,1,1,0,1,2
3,2886,1,1,0,0,2
3,2891,1,1,1,0,2
3,2920,1,1,0,0,2
3,2941,1,1,1,0,2
3,2947,1,1,0,0,2
3,2950,1,1,0,1,2
3,2951,1,1,1,0,2
3,2963,1,1,0,1,2
3,2980,1,1,1,0,2
3,2981,1,1,0,0,2
3,3004,1,1,0,0,2
3,3013,1,1,0,0,2
3,3038,1,1,1,0,2
3,3056,1,1,0,1,2
3,3062,1,1,0,0,2
3,3090,1,1,0,1,2
3,3111,1,1,0,1,2
3,3164,1,1,0,1,2
3,3180,1,1,0,1,2
3,3211,1,1,0,0,2
3,3260,1,1,0,0,2
3,3264,1,1,0,1,2
3,3268,1,1,0,0,2
3,3278,1,1,0,0,2
3,3285,1,1,0,0,2
3,3305,1,1,0,0,2
3,3315,1,1,1,0,2
3,3329,1,1,0,0,2
3,3338,1,1,0,1,2
3,3352,1,1,0,1,2
3,3356,1,1,0,1,2
3,3395,1,1,0,0,2
3,3398,1,1,0,0,2
3,3414,1,1,0,1,2
3,3438,1,1,0,0,2
3,3446,1,1,0,1,2
3,3453,1,1,0,0,2
3,3459,1,1,0,1,2
3,3479,1,1,0,1,2
3,3495,1,1,0,0,2
3,3525,1,1,0,0,2
3,3526,1,1,0,1,2
3,3535,1,1,0,0,2
3,3585,1,1,0,1,2
3,3587,1,1,0,0,2
3,3602,1,1,1,0,2
3,3604,1,1,0,0,2
3,3657,1,1,0,1,2
3,3658,1,1,0,0,2
3,3740,1,1,0,0,2
3,3741,1,1,0,0,2
3,3746,1,1,0,0,2
3,3754,1,1,0,1,2
3,3762,1,1,1,0,2
3,3770,1,1,0,0,2
3,3795,1,1,0,1,2
3,3815,1,1,0,0,2
3,3846,1,1,1,0,2
3,3848,1,1,0,1,2
3,3854,1,1,0,0,2
3,3856,1,1,0,0,2
3,3866,1,1,1,0,2
3,3879,1,1,1,0,2
3,3906,1,1,1,0,2
3,3908,1,1,0,1,2
3,3923,1,1,0,0,2
3,3982,1,1,0,0,2
3,4003,1,1,0,0,2
3,4008,1,1,1,0,2
3,4019,1,1,0,0,2
3,4022,1,1,0,0,2
3,4040,1,1,0,1,2
3,4046,1,1,0,1,2
3,4091,1,1,0,1,2
3,4096,1,1,0,0,2
3,4129,1,1,0,0,2
3,4130,1,1,1,0,2
3,4148,1,1,0,0,2
3,4170,1,1,0,0,2
3,4187,1,1,0,0,2
3,4206,1,1,0,0,2
3,4207,1,1,0,1,2
3,4235,1,1,0,0,2
3,4267,1,1,0,1,2
3,4273,1,1,0,0,2
3,4280,1,1,1,0,2
3,4294,1,1,0,0,2
3,4341,1,1,0,1,2
3,4350,1,1,0,0,2
3,4359,1,1,0,0,2
3,4371,1,1,0,0,2
3,4460,1,1,0,1,2
3,4465,1,1,0,1,2
3,4523,1,1,0,0,2
3,4525,1,1,0,0,2
3,4533,1,1,0,0,2
3,4539,1,1,0,0,2
3,4558,1,1,0,0,2
3,4582,1,1,0,1,2
3,4586,1,1,0,0,2
3,4594,1,1,1,0,2
3,4609,1,1,0,0,2
3,4625,1,1,0,0,2
3,4632,1,1,0,0,2
3,4640,1,1,0,1,2
3,4649,1,1,0,1,2
3,4660,1,1,0,0,2
3,4661,1,1,0,0,2
3,4680,1,1,1,0,2
3,4703,1,1,0,1,2
3,4721,1,1,0,0,2
3,4722,1,1,0,1,2
3,4729,1,1,0,1,2
3,4738,1,1,0,0,2
3,4756,1,1,1,0,2
3,4778,1,1,1,0,2
3,4786,1,1,0,0,2
3,4790,1,1,0,0,2
3,4809,1,1,0,0,2
3,4821,1,1,0,0,2
3,4860,1,1,0,0,2
3,4874,1,1,0,0,2
3,4897,1,1,0,0,2
3,4901,1,1,0,0,2
3,4912,1,1,1,0,2
3,4924,1,1,0,1,2
3,4925,1,1,1,0,2
3,4941,1,1,1,0,2
3,49,1,2,0,0,3
3,86,1,2,0,2,3
3,95,1,2,0,1,3
3,102,1,2,0,0,3
3,103,1,2,0,0,3
3,108,1,2,1,0,3
3,141,1,2,1,0,3
3,193,1,2,0,0,3
3,230,1,2,0,0,3
3,240,1,2,1,0,3
3,254,1,2,0,0,3
3,258,1,2,0,0,3
3,272,1,2,0,0,3
3,295,1,2,0,2,3
3,327,1,2,0,0,3
3,338,1,2,0,2,3
3,340,1,2,0,0,3
3,361,1,2,0,0,3
3,377,1,2,0,2,3
3,381,1,2,0,0,3
3,407,1,2,0,2,3
3,412,1,2,0,2,3
3,456,1,2,0,0,3
3,494,1,2,0,0,3
3,501,1,2,0,0,3
3,508,1,2,0,0,3
3,534,1,2,0,0,3
3,540,1,2,0,0,3
3,577,1,2,1,0,3
3,578,1,2,0,0,3
3,590,1,2,0,0,3
3,595,1,2,0,2,3
3,597,1,2,0,0,3
3,599,1,2,1,0,3
3,606,1,2,0,0,3
3,611,1,2,0,0,3
3,627,1,2,1,0,3
3,648,1,2,0,0,3
3,670,1,2,0,0,3
3,678,1,2,0,0,3
3,717,1,2,0,0,3
3,718,1,2,0,0,3
3,747,1,2,0,0,3
3,752,1,2,0,1,3
3,776,1,2,0,0,3
3,805,1,2,0,0,3
3,829,1,2,0,0,3
3,853,1,2,0,0,3
3,871,1,2,0,0,3
3,900,1,2,0,0,3
3,963,1,2,1,0,3
3,969,1,2,1,0,3
3,1029,1,2,0,0,3
3,1042,1,2,0,0,3
3,1047,1,2,0,0,3
3,1068,1,2,0,0,3
3,1079,1,2,0,0,3
3,1100,1,2,0,0,3
3,1106,1,2,0,0,3
3,1134,1,2,0,2,3
3,1145,1,2,0,0,3
3,1182,1,2,0,0,3
3,1219,1,2,1,0,3
3,1261,1,2,0,0,3
3,1263,1,2,0,0,3
3,1282,1,2,0,0,3
3,1317,1,2,0,0,3
3,1341,1,2,1,0,3
3,1425,1,2,0,2,3
3,1446,1,2,0,0,3
3,1448,1,2,1,0,3
3,1456,1,2,1,0,3
3,1457,1,2,0,0,3
3,1498,1,2,0,0,3
3,1504,1,2,0,2,3
3,1509,1,2,1,0,3
3,1515,1,2,0,0,3
3,1526,1,2,0,0,3
3,1529,1,2,0,0,3
3,1573,1,2,0,0,3
3,1582,1,2,0,2,3
3,1587,1,2,0,0,3
3,1616,1,2,0,1,3
3,1640,1,2,1,0,3
3,1642,1,2,0,0,3
3,1651,1,2,0,0,3
3,1698,1,2,1,0,3
3,1749,1,2,0,0,3
3,1807,1,2,1,0,3
3,1825,1,2,0,2,3
3,1833,1,2,0,0,3
3,1840,1,2,0,2,3
3,1843,1,2,0,2,3
3,1847,1,2,0,1,3
3,1856,1,2,0,0,3
3,1861,1,2,1,0,3
3,1869,1,2,0,0,3
3,1875,1,2,1,0,3
3,1880,1,2,0,0,3
3,1899,1,2,0,0,3
3,1913,1,2,0,0,3
3,1952,1,2,0,0,3
3,2040,1,2,0,1,3
3,2052,1,2,0,0,3
3,2056,1,2,1,0,3
3,2065,1,2,1,0,3
3,2069,1,2,0,0,3
3,2101,1,2,0,0,3
3,2113,1,2,0,0,3
3,2126,1,2,0,2,3
3,2134,1,2,0,0,3
3,2175,1,2,0,0,3
3,2179,1,2,0,0,3
3,2207,1,2,0,2,3
3,2208,1,2,1,0,3
3,2238,1,2,0,0,3
3,2251,1,2,0,0,3
3,2282,1,2,1,0,3
3,2287,1,2,0,0,3
3,2295,1,2,0,0,3
3,2335,1,2,0,0,3
3,2344,1,2,1,0,3
3,2361,1,2,0,2,3
3,2388,1,2,0,0,3
3,2409,1,2,0,0,3
3,2420,1,2,0,0,3
3,2448,1,2,0,0,3
3,2466,1,2,0,2,3
3,2513,1,2,0,0,3
3,2531,1,2,0,0,3
3,2575,1,2,0,0,3
3,2613,1,2,0,0,3
3,2624,1,2,0,0,3
3,2652,1,2,0,0,3
3,2678,1,2,0,0,3
3,2689,1,2,0,0,3
3,2690,1,2,0,0,3
3,2718,1,2,0,0,3
3,2721,1,2,0,1,3
3,2745,1,2,0,0,3
3,2793,1,2,1,0,3
3,2830,1,2,1,0,3
3,2837,1,2,1,0,3
3,2843,1,2,0,0,3
3,2872,1,2,0,0,3
3,2873,1,2,0,1,3
3,2875,1,2,1,0,3
3,2877,1,2,1,0,3
3,2901,1,2,0,2,3
3,2909,1,2,0,0,3
3,2925,1,2,0,0,3
3,2939,1,2,1,0,3
3,2949,1,2,1,0,3
3,2991,1,2,0,1,3
3,3025,1,2,1,0,3
3,3033,1,2,0,0,3
3,3037,1,2,0,2,3
3,3049,1,2,1,0,3
3,3060,1,2,0,0,3
3,3075,1,2,0,2,3
3,3089,1,2,0,2,3
3,3110,1,2,0,0,3
3,3210,1,2,0,2,3
3,3213,1,2,1,0,3
3,3216,1,2,0,0,3
3,3237,1,2,0,0,3
3,3330,1,2,0,0,3
3,3332,1,2,0,2,3
3,3348,1,2,0,0,3
3,3358,1,2,0,0,3
3,3422,1,2,0,0,3
3,3441,1,2,0,0,3
3,3457,1,2,1,0,3
3,3480,1,2,1,0,3
3,3513,1,2,1,0,3
3,3570,1,2,0,0,3
3,3588,1,2,0,0,3
3,3615,1,2,0,0,3
3,3668,1,2,0,0,3
3,3690,1,2,0,0,3
3,3705,1,2,0,0,3
3,3711,1,2,0,0,3
3,3720,1,2,1,0,3
3,3760,1,2,0,2,3
3,3799,1,2,1,0,3
3,3820,1,2,1,0,3
3,3824,1,2,0,0,3
3,3834,1,2,0,1,3
3,3855,1,2,0,0,3
3,3880,1,2,1,0,3
3,3889,1,2,0,0,3
3,3896,1,2,0,2,3
3,3898,1,2,0,0,3
3,3909,1,2,0,0,3
3,3945,1,2,0,0,3
3,3984,1,2,1,0,3
3,3993,1,2,1,0,3
3,4029,1,2,0,1,3
3,4035,1,2,0,0,3
3,4039,1,2,1,0,3
3,4067,1,2,0,0,3
3,4076,1,2,0,0,3
3,4101,1,2,1,0,3
3,4113,1,2,0,0,3
3,4114,1,2,0,0,3
3,4117,1,2,0,0,3
3,4125,1,2,0,0,3
3,4138,1,2,0,0,3
3,4156,1,2,1,0,3
3,4184,1,2,0,0,3
3,4191,1,2,0,2,3
3,4238,1,2,0,2,3
3,4243,1,2,1,0,3
3,4253,1,2,0,0,3
3,4274,1,2,0,0,3
3,4305,1,2,0,0,3
3,4307,1,2,1,0,3
3,4311,1,2,0,0,3
3,4326,1,2,0,2,3
3,4334,1,2,1,0,3
3,4352,1,2,0,0,3
3,4375,1,2,0,0,3
3,4379,1,2,0,0,3
3,4383,1,2,0,0,3
3,4394,1,2,1,0,3
3,4398,1,2,0,1,3
3,4399,1,2,0,2,3
3,4404,1,2,0,0,3
3,4437,1,2,0,0,3
3,4457,1,2,0,2,3
3,4477,1,2,0,2,3
3,4509,1,2,0,0,3
3,4510,1,2,0,2,3
3,4572,1,2,0,0,3
3,4623,1,2,0,0,3
3,4693,1,2,0,2,3
3,4708,1,2,0,1,3
3,4740,1,2,0,0,3
3,4767,1,2,0,0,3
3,4800,1,2,1,0,3
3,4810,1,2,1,0,3
3,4866,1,2,0,2,3
3,4913,1,2,0,1,3
3,4914,1,2,1,0,3
3,4965,1,2,0,0,3
3,4978,1,2,0,0,3
3,48,1,1,0,0,4
3,81,1,1,0,0,4
3,85,1,1,1,0,4
3,121,1,1,1,0,4
3,135,1,1,0,0,4
3,161,1,1,0,1,4
3,180,1,1,1,0,4
3,182,1,1,0,0,4
3,194,1,1,0,0,4
3,227,1,1,1,0,4
3,233,1,1,0,1,4
3,235,1,1,0,0,4
3,244,1,1,0,0,4
3,268,1,1,0,0,4
3,284,1,1,0,0,4
3,312,1,1,1,0,4
3,317,1,1,1,0,4
3,332,1,1,0,0,4
3,352,1,1,0,0,4
3,354,1,1,0,0,4
3,364,1,1,0,0,4
3,378,1,1,0,1,4
3,425,1,1,0,0,4
3,480,1,1,1,0,4
3,481,1,1,0,1,4
3,491,1,1,1,0,4
3,535,1,1,0,0,4
3,563,1,1,0,0,4
3,565,1,1,0,0,4
3,582,1,1,0,1,4
3,650,1,1,0,1,4
3,657,1,1,1,0,4
3,661,1,1,1,0,4
3,739,1,1,1,0,4
3,750,1,1,0,0,4
3,778,1,1,0,0,4
3,794,1,1,0,0,4
3,798,1,1,0,1,4
3,810,1,1,0,1,4
3,840,1,1,0,0,4
3,854,1,1,0,0,4
3,909,1,1,0,0,4
3,958,1,1,0,0,4
3,980,1,1,0,0,4
3,1001,1,1,0,1,4
3,1039,1,1,0,0,4
3,1057,1,1,0,0,4
3,1065,1,1,0,0,4
3,1089,1,1,0,0,4
3,1113,1,1,0,0,4
3,1116,1,1,1,0,4
3,1137,1,1,1,0,4
3,1149,1,1,0,0,4
3,1164,1,1,0,1,4
3,1187,1,1,0,0,4
3,1202,1,1,0,0,4
3,1212,1,1,0,0,4
3,1244,1,1,0,1,4
3,1262,1,1,0,0,4
3,1274,1,1,0,1,4
3,1292,1,1,0,0,4
3,1299,1,1,0,1,4
3,1463,1,1,0,0,4
3,1476,1,1,0,1,4
3,1478,1,1,0,0,4
3,1479,1,1,0,0,4
3,1488,1,1,1,0,4
3,1511,1,1,0,0,4
3,1530,1,1,0,0,4
3,1558,1,1,0,0,4
3,1560,1,1,0,1,4
3,1571,1,1,0,0,4
3,1593,1,1,0,0,4
3,1600,1,1,1,0,4
3,1614,1,1,0,0,4
3,1628,1,1,0,1,4
3,1655,1,1,0,0,4
3,1703,1,1,1,0,4
3,1709,1,1,0,1,4
3,1737,1,1,0,0,4
3,1755,1,1,0,0,4
3,1761,1,1,1,0,4
3,1798,1,1,0,1,4
3,1801,1,1,0,0,4
3,1854,1,1,0,0,4
3,1859,1,1,0,0,4
3,1947,1,1,0,0,4
3,1985,1,1,0,0,4
3,1999,1,1,0,0,4
3,2004,1,1,0,0,4
3,2006,1,1,0,1,4
3,2042,1,1,0,1,4
3,2063,1,1,0,0,4
3,2111,1,1,0,0,4
3,2148,1,1,0,1,4
3,2205,1,1,1,0,4
3,2257,1,1,1,0,4
3,2304,1,1,0,0,4
3,2316,1,1,0,0,4
3,2346,1,1,0,0,4
3,2350,1,1,0,0,4
3,2356,1,1,0,0,4
3,2358,1,1,0,1,4
3,2359,1,1,1,0,4
3,2373,1,1,0,0,4
3,2416,1,1,0,0,4
3,2473,1,1,0,1,4
3,2474,1,1,0,0,4
3,2487,1,1,0,1,4
3,2514,1,1,0,1,4
3,2524,1,1,0,0,4
3,2554,1,1,0,0,4
3,2556,1,1,0,0,4
3,2558,1,1,0,0,4
3,2580,1,1,0,0,4
3,2585,1,1,0,1,4
3,2592,1,1,0,0,4
3,2596,1,1,0,1,4
3,2608,1,1,0,0,4
3,2617,1,1,0,0,4
3,2645,1,1,0,0,4
3,2664,1,1,0,0,4
3,2667,1,1,0,1,4
3,2719,1,1,0,0,4
3,2734,1,1,0,0,4
3,2736,1,1,0,0,4
3,2753,1,1,0,0,4
3,2761,1,1,0,0,4
3,2776,1,1,0,1,4
3,2784,1,1,1,0,4
3,2790,1,1,1,0,4
3,2792,1,1,1,0,4
3,2810,1,1,1,0,4
3,2822,1,1,1,0,4
3,2856,1,1,1,0,4
3,2893,1,1,0,1,4
3,2906,1,1,0,0,4
3,2926,1,1,1,0,4
3,2936,1,1,0,1,4
3,2962,1,1,0,0,4
3,2974,1,1,0,0,4
3,3002,1,1,0,1,4
3,3014,1,1,0,0,4
3,3032,1,1,1,0,4
3,3047,1,1,0,0,4
3,3061,1,1,0,1,4
3,3065,1,1,1,0,4
3,3083,1,1,0,0,4
3,3098,1,1,0,1,4
3,3120,1,1,0,0,4
3,3122,1,1,0,0,4
3,3125,1,1,0,0,4
3,3182,1,1,0,0,4
3,3187,1,1,0,0,4
3,3188,1,1,0,0,4
3,3222,1,1,0,0,4
3,3223,1,1,1,0,4
3,3224,1,1,0,1,4
3,3250,1,1,1,0,4
3,3274,1,1,0,0,4
3,3302,1,1,0,0,4
3,3314,1,1,1,0,4
3,3334,1,1,1,0,4
3,3335,1,1,0,1,4
3,3344,1,1,0,0,4
3,3378,1,1,0,0,4
3,3391,1,1,1,0,4
3,3427,1,1,0,0,4
3,3429,1,1,0,1,4
3,3474,1,1,0,0,4
3,3500,1,1,1,0,4
3,3511,1,1,0,1,4
3,3517,1,1,0,0,4
3,3538,1,1,1,0,4
3,3542,1,1,0,0,4
3,3544,1,1,1,0,4
3,3550,1,1,0,1,4
3,3553,1,1,0,0,4
3,3568,1,1,0,0,4
3,3582,1,1,0,1,4
3,3584,1,1,0,0,4
3,3614,1,1,0,0,4
3,3622,1,1,0,0,4
3,3630,1,1,0,0,4
3,3643,1,1,0,0,4
3,3680,1,1,0,0,4
3,3684,1,1,0,0,4
3,3699,1,1,0,1,4
3,3718,1,1,1,0,4
3,3722,1,1,0,0,4
3,3757,1,1,0,0,4
3,3773,1,1,1,0,4
3,3781,1,1,0,0,4
3,3787,1,1,0,0,4
3,3808,1,1,0,0,4
3,3827,1,1,0,0,4
3,3832,1,1,0,0,4
3,3843,1,1,0,0,4
3,3847,1,1,1,0,4
3,3860,1,1,1,0,4
3,3893,1,1,1,0,4
3,3894,1,1,1,0,4
3,3899,1,1,0,0,4
3,3962,1,1,0,0,4
3,3994,1,1,0,1,4
3,4000,1,1,0,1,4
3,4005,1,1,0,0,4
3,4021,1,1,0,0,4
3,4042,1,1,0,0,4
3,4045,1,1,0,1,4
3,4088,1,1,0,0,4
3,4103,1,1,0,0,4
3,4132,1,1,1,0,4
3,4150,1,1,0,0,4
3,4163,1,1,0,0,4
3,4174,1,1,0,1,4
3,4186,1,1,0,1,4
3,4197,1,1,0,0,4
3,4201,1,1,0,0,4
3,4202,1,1,1,0,4
3,4212,1,1,0,1,4
3,4231,1,1,0,0,4
3,4241,1,1,0,1,4
3,4284,1,1,1,0,4
3,4309,1,1,0,0,4
3,4349,1,1,0,0,4
3,4355,1,1,0,0,4
3,4380,1,1,0,1,4
3,4385,1,1,0,0,4
3,4395,1,1,0,1,4
3,4407,1,1,1,0,4
3,4419,1,1,0,0,4
3,4420,1,1,0,0,4
3,4429,1,1,0,0,4
3,4446,1,1,0,0,4
3,4503,1,1,0,1,4
3,4514,1,1,0,1,4
3,4529,1,1,0,0,4
3,4535,1,1,0,0,4
3,4549,1,1,1,0,4
3,4553,1,1,0,0,4
3,4567,1,1,0,0,4
3,4576,1,1,1,0,4
3,4578,1,1,1,0,4
3,4618,1,1,0,0,4
3,4642,1,1,0,0,4
3,4647,1,1,0,0,4
3,4666,1,1,1,0,4
3,4714,1,1,0,0,4
3,4744,1,1,0,0,4
3,4769,1,1,0,0,4
3,4770,1,1,0,0,4
3,4805,1,1,0,0,4
3,4835,1,1,0,1,4
3,4851,1,1,1,0,4
3,4875,1,1,1,0,4
3,4878,1,1,0,0,4
3,4884,1,1,0,0,4
3,4887,1,1,1,0,4
3,4926,1,1,1,0,4
3,4958,1,1,0,1,4
3,4959,1,1,0,0,4
3,4966,1,1,1,0,4
3,4968,1,1,1,0,4
3,4972,1,1,0,0,4
3,4976,1,1,0,0,4
3,4983,1,1,0,0,4
3,4985,1,1,0,1,4
3,4993,1,1,0,0,4
3,4997,1,1,0,0,4
3,14,1,1,0,1,5
3,23,1,1,1,0,5
3,82,1,1,1,0,5
3,111,1,1,1,0,5
3,136,1,1,0,0,5
3,137,1,1,0,0,5
3,164,1,1,1,0,5
3,167,1,1,0,0,5
3,177,1,1,0,0,5
3,185,1,1,0,1,5
3,190,1,1,0,1,5
3,204,1,1,0,0,5
3,205,1,1,0,0,5
3,211,1,1,0,0,5
3,221,1,1,0,0,5
3,274,1,1,1,0,5
3,275,1,1,0,0,5
3,278,1,1,0,0,5
3,281,1,1,1,0,5
3,330,1,1,0,0,5
3,346,1,1,1,0,5
3,359,1,1,1,0,5
3,362,1,1,0,0,5
3,367,1,1,0,0,5
3,371,1,1,0,0,5
3,384,1,1,0,0,5
3,394,1,1,0,0,5
3,415,1,1,0,0,5
3,420,1,1,1,0,5
3,422,1,1,0,0,5
3,436,1,1,0,1,5
3,445,1,1,0,0,5
3,448,1,1,0,0,5
3,466,1,1,0,1,5
3,469,1,1,0,0,5
3,479,1,1,0,0,5
3,488,1,1,0,0,5
3,496,1,1,1,0,5
3,512,1,1,0,0,5
3,517,1,1,1,0,5
3,526,1,1,0,0,5
3,547,1,1,0,0,5
3,617,1,1,0,0,5
3,618,1,1,0,1,5
3,638,1,1,1,0,5
3,644,1,1,0,1,5
3,646,1,1,0,1,5
3,680,1,1,0,0,5
3,685,1,1,1,0,5
3,698,1,1,0,0,5
3,700,1,1,1,0,5
3,715,1,1,0,1,5
3,736,1,1,0,0,5
3,751,1,1,1,0,5
3,792,1,1,0,0,5
3,799,1,1,1,0,5
3,803,1,1,1,0,5
3,819,1,1,0,0,5
3,823,1,1,1,0,5
3,866,1,1,1,0,5
3,875,1,1,0,0,5
3,884,1,1,0,0,5
3,889,1,1,0,0,5
3,895,1,1,0,0,5
3,911,1,1,1,0,5
3,913,1,1,0,0,5
3,915,1,1,0,1,5
3,940,1,1,0,0,5
3,947,1,1,0,1,5
3,953,1,1,0,1,5
3,956,1,1,0,0,5
3,961,1,1,1,0,5
3,995,1,1,0,1,5
3,996,1,1,0,0,5
3,999,1,1,0,1,5
3,1002,1,1,0,0,5
3,1005,1,1,1,0,5
3,1010,1,1,0,0,5
3,1016,1,1,1,0,5
3,1019,1,1,0,1,5
3,1028,1,1,0,0,5
3,1040,1,1,1,0,5
3,1060,1,1,0,0,5
3,1083,1,1,1,0,5
3,1086,1,1,0,0,5
3,1129,1,1,0,0,5
3,1162,1,1,0,0,5
3,1171,1,1,1,0,5
3,1205,1,1,1,0,5
3,1225,1,1,1,0,5
3,1294,1,1,0,0,5
3,1344,1,1,0,0,5
3,1352,1,1,0,0,5
3,1440,1,1,0,0,5
3,1491,1,1,0,0,5
3,1495,1,1,1,0,5
3,1542,1,1,0,0,5
3,1550,1,1,0,0,5
3,1568,1,1,0,1,5
3,1578,1,1,1,0,5
3,1586,1,1,1,0,5
3,1589,1,1,0,1,5
3,1591,1,1,0,1,5
3,1596,1,1,0,0,5
3,1615,1,1,0,1,5
3,1617,1,1,0,0,5
3,1634,1,1,0,0,5
3,1635,1,1,0,1,5
3,1650,1,1,1,0,5
3,1658,1,1,1,0,5
3,1667,1,1,0,0,5
3,1670,1,1,0,0,5
3,1742,1,1,0,1,5
3,1744,1,1,0,0,5
3,1765,1,1,0,0,5
3,1770,1,1,0,0,5
3,1785,1,1,0,0,5
3,1788,1,1,0,0,5
3,1814,1,1,0,1,5
3,1820,1,1,0,0,5
3,1822,1,1,0,1,5
3,1857,1,1,0,1,5
3,1864,1,1,0,0,5
3,1905,1,1,0,0,5
3,1936,1,1,0,1,5
3,1939,1,1,0,1,5
3,1943,1,1,0,1,5
3,1953,1,1,0,0,5
3,1956,1,1,0,0,5
3,1963,1,1,0,1,5
3,1984,1,1,0,0,5
3,1988,1,1,1,0,5
3,2002,1,1,0,1,5
3,2005,1,1,1,0,5
3,2014,1,1,0,0,5
3,2027,1,1,0,0,5
3,2033,1,1,1,0,5
3,2073,1,1,0,0,5
3,2091,1,1,0,0,5
3,2094,1,1,0,0,5
3,2095,1,1,0,0,5
3,2100,1,1,0,0,5
3,2103,1,1,1,0,5
3,2122,1,1,0,0,5
3,2130,1,1,0,0,5
3,2143,1,1,1,0,5
3,2144,1,1,0,1,5
3,2147,1,1,0,0,5
3,2171,1,1,1,0,5
3,2176,1,1,0,0,5
3,2190,1,1,0,0,5
3,2198,1,1,0,1,5
3,2211,1,1,0,0,5
3,2215,1,1,0,0,5
3,2217,1,1,0,0,5
3,2235,1,1,0,1,5
3,2283,1,1,0,0,5
3,2294,1,1,0,1,5
3,2298,1,1,0,0,5
3,2299,1,1,0,1,5
3,2321,1,1,0,1,5
3,2332,1,1,0,0,5
3,2345,1,1,0,0,5
3,2376,1,1,0,0,5
3,2391,1,1,0,0,5
3,2395,1,1,1,0,5
3,2402,1,1,1,0,5
3,2405,1,1,1,0,5
3,2436,1,1,0,1,5
3,2469,1,1,0,0,5
3,2488,1,1,1,0,5
3,2503,1,1,0,0,5
3,2509,1,1,0,0,5
3,2515,1,1,0,0,5
3,2548,1,1,0,0,5
3,2658,1,1,1,0,5
3,2677,1,1,0,1,5
3,2701,1,1,0,1,5
3,2712,1,1,0,0,5
3,2749,1,1,0,1,5
3,2805,1,1,0,0,5
3,2813,1,1,0,0,5
3,2820,1,1,0,0,5
3,2825,1,1,0,0,5
3,2829,1,1,1,0,5
3,2832,1,1,0,0,5
3,2844,1,1,0,0,5
3,2846,1,1,0,0,5
3,2883,1,1,0,0,5
3,2896,1,1,0,1,5
3,2897,1,1,0,1,5
3,2915,1,1,0,0,5
3,2938,1,1,0,0,5
3,2940,1,1,0,0,5
3,2958,1,1,0,0,5
3,2996,1,1,0,1,5
3,3000,1,1,0,0,5
3,3017,1,1,0,0,5
3,3022,1,1,0,1,5
3,3023,1,1,0,1,5
3,3068,1,1,0,0,5
3,3129,1,1,0,1,5
3,3141,1,1,0,0,5
3,3145,1,1,0,0,5
3,3154,1,1,0,0,5
3,3176,1,1,1,0,5
3,3181,1,1,0,0,5
3,3190,1,1,1,0,5
3,3194,1,1,0,1,5
3,3221,1,1,0,0,5
3,3225,1,1,0,0,5
3,3235,1,1,0,1,5
3,3241,1,1,0,0,5
3,3298,1,1,0,0,5
3,3316,1,1,0,0,5
3,3350,1,1,0,0,5
3,3367,1,1,0,0,5
3,3397,1,1,0,0,5
3,3399,1,1,0,0,5
3,3407,1,1,0,0,5
3,3434,1,1,0,0,5
3,3439,1,1,1,0,5
3,3445,1,1,1,0,5
3,3471,1,1,0,0,5
3,3478,1,1,0,0,5
3,3485,1,1,0,1,5
3,3529,1,1,1,0,5
3,3530,1,1,1,0,5
3,3606,1,1,0,0,5
3,3639,1,1,0,1,5
3,3655,1,1,0,0,5
3,3698,1,1,0,0,5
3,3702,1,1,0,1,5
3,3706,1,1,0,0,5
3,3727,1,1,1,0,5
3,3782,1,1,0,0,5
3,3801,1,1,0,0,5
3,3814,1,1,0,0,5
3,3837,1,1,0,0,5
3,3842,1,1,0,1,5
3,3897,1,1,1,0,5
3,3918,1,1,0,0,5
3,3922,1,1,1,0,5
3,3941,1,1,0,0,5
3,3948,1,1,1,0,5
3,3950,1,1,1,0,5
3,3970,1,1,1,0,5
3,3977,1,1,0,0,5
3,4006,1,1,0,0,5
3,4025,1,1,0,0,5
3,4033,1,1,1,0,5
3,4034,1,1,0,0,5
3,4043,1,1,0,0,5
3,4048,1,1,0,1,5
3,4051,1,1,0,1,5
3,4058,1,1,0,0,5
3,4062,1,1,0,0,5
3,4070,1,1,1,0,5
3,4075,1,1,0,0,5
3,4098,1,1,0,0,5
3,4134,1,1,1,0,5
3,4152,1,1,0,0,5
3,4159,1,1,0,0,5
3,4162,1,1,0,0,5
3,4167,1,1,0,0,5
3,4223,1,1,0,0,5
3,4240,1,1,0,0,5
3,4271,1,1,0,0,5
3,4314,1,1,0,0,5
3,4318,1,1,0,0,5
3,4319,1,1,1,0,5
3,4325,1,1,0,0,5
3,4328,1,1,0,0,5
3,4361,1,1,1,0,5
3,4365,1,1,0,0,5
3,4390,1,1,1,0,5
3,4405,1,1,0,0,5
3,4413,1,1,0,0,5
3,4430,1,1,0,0,5
3,4431,1,1,0,0,5
3,4432,1,1,1,0,5
3,4442,1,1,0,0,5
3,4445,1,1,0,1,5
3,4450,1,1,1,0,5
3,4459,1,1,0,1,5
3,4469,1,1,0,0,5
3,4473,1,1,0,0,5
3,4515,1,1,0,0,5
3,4550,1,1,0,1,5
3,4565,1,1,0,0,5
3,4569,1,1,0,0,5
3,4597,1,1,0,0,5
3,4612,1,1,0,0,5
3,4614,1,1,1,0,5
3,4615,1,1,0,0,5
3,4628,1,1,1,0,5
3,4641,1,1,1,0,5
3,4644,1,1,0,1,5
3,4677,1,1,0,0,5
3,4684,1,1,0,1,5
3,4705,1,1,0,0,5
3,4733,1,1,0,0,5
3,4777,1,1,0,1,5
3,4783,1,1,0,0,5
3,4789,1,1,0,0,5
3,4803,1,1,0,0,5
3,4806,1,1,0,1,5
3,4816,1,1,0,0,5
3,4828,1,1,0,1,5
3,4836,1,1,1,0,5
3,4859,1,1,1,0,5
3,4881,1,1,0,0,5
3,4905,1,1,0,0,5
3,4942,1,1,0,0,5
3,4971,1,1,0,1,5
3,32,1,1,0,1,6
3,54,1,1,0,1,6
3,84,1,1,0,0,6
3,100,1,1,0,0,6
3,138,1,1,0,0,6
3,146,1,1,0,0,6
3,163,1,1,0,0,6
3,172,1,1,1,0,6
3,243,1,1,0,0,6
3,246,1,1,0,1,6
3,262,1,1,0,0,6
3,269,1,1,0,0,6
3,283,1,1,0,0,6
3,287,1,1,0,0,6
3,294,1,1,0,0,6
3,318,1,1,0,1,6
3,349,1,1,0,0,6
3,369,1,1,0,1,6
3,401,1,1,0,1,6
3,439,1,1,0,1,6
3,453,1,1,0,1,6
3,465,1,1,1,0,6
3,470,1,1,0,0,6
3,475,1,1,0,0,6
3,536,1,1,0,1,6
3,552,1,1,0,0,6
3,575,1,1,0,1,6
3,647,1,1,0,0,6
3,720,1,1,1,0,6
3,737,1,1,1,0,6
3,762,1,1,1,0,6
3,767,1,1,0,0,6
3,783,1,1,0,0,6
3,790,1,1,0,0,6
3,796,1,1,1,0,6
3,806,1,1,0,1,6
3,816,1,1,1,0,6
3,838,1,1,0,0,6
3,848,1,1,1,0,6
3,850,1,1,0,0,6
3,857,1,1,1,0,6
3,862,1,1,1,0,6
3,865,1,1,0,0,6
3,879,1,1,0,0,6
3,894,1,1,0,0,6
3,928,1,1,1,0,6
3,954,1,1,1,0,6
3,984,1,1,0,0,6
3,991,1,1,0,0,6
3,993,1,1,0,0,6
3,1035,1,1,0,0,6
3,1038,1,1,1,0,6
3,1046,1,1,1,0,6
3,1058,1,1,0,0,6
3,1059,1,1,0,0,6
3,1063,1,1,0,1,6
3,1064,1,1,0,1,6
3,1078,1,1,0,0,6
3,1094,1,1,0,0,6
3,1095,1,1,0,0,6
3,1102,1,1,0,1,6
3,1175,1,1,0,0,6
3,1183,1,1,0,1,6
3,1204,1,1,0,1,6
3,1213,1,1,0,1,6
3,1220,1,1,0,0,6
3,1234,1,1,1,0,6
3,1239,1,1,0,0,6
3,1256,1,1,1,0,6
3,1260,1,1,0,0,6
3,1271,1,1,1,0,6
3,1312,1,1,1,0,6
3,1315,1,1,0,0,6
3,1325,1,1,0,0,6
3,1332,1,1,0,0,6
3,1368,1,1,1,0,6
3,1374,1,1,0,0,6
3,1376,1,1,0,0,6
3,1400,1,1,0,1,6
3,1408,1,1,1,0,6
3,1413,1,1,0,0,6
3,1442,1,1,0,0,6
3,1454,1,1,0,1,6
3,1503,1,1,0,1,6
3,1524,1,1,0,1,6
3,1547,1,1,0,1,6
3,1559,1,1,0,0,6
3,1570,1,1,0,1,6
3,1626,1,1,1,0,6
3,1633,1,1,0,1,6
3,1637,1,1,0,0,6
3,1665,1,1,0,1,6
3,1671,1,1,0,0,6
3,1679,1,1,0,1,6
3,1694,1,1,0,1,6
3,1721,1,1,0,0,6
3,1725,1,1,0,0,6
3,1733,1,1,0,0,6
3,1736,1,1,0,0,6
3,1748,1,1,0,0,6
3,1763,1,1,0,0,6
3,1771,1,1,1,0,6
3,1791,1,1,0,0,6
3,1819,1,1,0,0,6
3,1866,1,1,0,1,6
3,1881,1,1,0,0,6
3,1895,1,1,0,1,6
3,1919,1,1,0,1,6
3,1934,1,1,0,0,6
3,1960,1,1,0,0,6
3,2021,1,1,0,0,6
3,2048,1,1,0,1,6
3,2062,1,1,0,0,6
3,2097,1,1,0,0,6
3,2158,1,1,1,0,6
3,2178,1,1,0,1,6
3,2191,1,1,1,0,6
3,2193,1,1,1,0,6
3,2223,1,1,1,0,6
3,2229,1,1,0,0,6
3,2243,1,1,0,1,6
3,2247,1,1,0,0,6
3,2267,1,1,0,1,6
3,2268,1,1,0,0,6
3,2270,1,1,0,0,6
3,2274,1,1,0,0,6
3,2288,1,1,0,0,6
3,2290,1,1,0,1,6
3,2312,1,1,0,0,6
3,2410,1,1,0,0,6
3,2432,1,1,0,0,6
3,2435,1,1,0,0,6
3,2451,1,1,1,0,6
3,2459,1,1,0,1,6
3,2510,1,1,0,0,6
3,2521,1,1,0,0,6
3,2529,1,1,1,0,6
3,2534,1,1,0,0,6
3,2540,1,1,0,0,6
3,2569,1,1,0,0,6
3,2582,1,1,0,0,6
3,2587,1,1,0,0,6
3,2594,1,1,0,0,6
3,2640,1,1,0,0,6
3,2653,1,1,0,0,6
3,2660,1,1,0,0,6
3,2663,1,1,1,0,6
3,2668,1,1,1,0,6
3,2669,1,1,0,0,6
3,2670,1,1,1,0,6
3,2673,1,1,0,0,6
3,2686,1,1,0,0,6
3,2700,1,1,0,0,6
3,2704,1,1,1,0,6
3,2723,1,1,0,0,6
3,2758,1,1,0,0,6
3,2770,1,1,0,0,6
3,2821,1,1,0,0,6
3,2834,1,1,0,0,6
3,2858,1,1,0,0,6
3,2869,1,1,0,0,6
3,2879,1,1,0,0,6
3,2890,1,1,0,1,6
3,2899,1,1,1,0,6
3,2910,1,1,0,1,6
3,2956,1,1,0,0,6
3,2964,1,1,1,0,6
3,2977,1,1,0,1,6
3,2982,1,1,1,0,6
3,3008,1,1,1,0,6
3,3070,1,1,1,0,6
3,3073,1,1,0,0,6
3,3091,1,1,1,0,6
3,3096,1,1,0,0,6
3,3106,1,1,0,0,6
3,3127,1,1,0,0,6
3,3131,1,1,0,0,6
3,3136,1,1,0,0,6
3,3158,1,1,0,0,6
3,3173,1,1,1,0,6
3,3177,1,1,0,0,6
3,3178,1,1,0,1,6
3,3179,1,1,0,0,6
3,3199,1,1,0,1,6
3,3247,1,1,0,1,6
3,3253,1,1,0,1,6
3,3280,1,1,0,1,6
3,3299,1,1,1,0,6
3,3307,1,1,0,1,6
3,3309,1,1,0,0,6
3,3317,1,1,0,0,6
3,3321,1,1,1,0,6
3,3325,1,1,0,0,6
3,3340,1,1,0,1,6
3,3411,1,1,0,0,6
3,3412,1,1,1,0,6
3,3417,1,1,0,0,6
3,3431,1,1,0,1,6
3,3449,1,1,0,0,6
3,3450,1,1,1,0,6
3,3455,1,1,0,0,6
3,3456,1,1,0,1,6
3,3466,1,1,0,0,6
3,3481,1,1,0,0,6
3,3491,1,1,0,0,6
3,3503,1,1,0,0,6
3,3505,1,1,0,0,6
3,3532,1,1,1,0,6
3,3541,1,1,1,0,6
3,3558,1,1,1,0,6
3,3567,1,1,0,0,6
3,3578,1,1,0,0,6
3,3638,1,1,0,0,6
3,3646,1,1,0,0,6
3,3648,1,1,0,0,6
3,3652,1,1,0,0,6
3,3674,1,1,0,0,6
3,3677,1,1,0,1,6
3,3716,1,1,0,1,6
3,3717,1,1,0,0,6
3,3737,1,1,0,0,6
3,3745,1,1,1,0,6
3,3750,1,1,0,0,6
3,3753,1,1,0,0,6
3,3758,1,1,0,0,6
3,3790,1,1,0,0,6
3,3791,1,1,1,0,6
3,3803,1,1,1,0,6
3,3810,1,1,0,0,6
3,3822,1,1,0,1,6
3,3863,1,1,0,1,6
3,3872,1,1,0,1,6
3,3884,1,1,0,0,6
3,3903,1,1,0,0,6
3,3926,1,1,0,1,6
3,3931,1,1,0,0,6
3,3935,1,1,0,1,6
3,3952,1,1,0,1,6
3,3955,1,1,1,0,6
3,3957,1,1,0,0,6
3,3958,1,1,0,1,6
3,3959,1,1,0,0,6
3,3961,1,1,0,0,6
3,3974,1,1,1,0,6
3,3975,1,1,1,0,6
3,3980,1,1,0,0,6
3,4002,1,1,1,0,6
3,4018,1,1,0,0,6
3,4044,1,1,1,0,6
3,4054,1,1,0,0,6
3,4061,1,1,1,0,6
3,4106,1,1,0,1,6
3,4143,1,1,0,0,6
3,4149,1,1,0,0,6
3,4153,1,1,0,0,6
3,4171,1,1,1,0,6
3,4189,1,1,0,0,6
3,4193,1,1,1,0,6
3,4218,1,1,0,0,6
3,4221,1,1,1,0,6
3,4226,1,1,0,0,6
3,4230,1,1,1,0,6
3,4257,1,1,1,0,6
3,4272,1,1,1,0,6
3,4279,1,1,0,1,6
3,4287,1,1,0,1,6
3,4401,1,1,0,0,6
3,4458,1,1,0,1,6
3,4474,1,1,1,0,6
3,4485,1,1,0,0,6
3,4492,1,1,1,0,6
3,4494,1,1,0,0,6
3,4537,1,1,0,0,6
3,4552,1,1,0,0,6
3,4561,1,1,0,0,6
3,4563,1,1,0,1,6
3,4584,1,1,1,0,6
3,4585,1,1,1,0,6
3,4643,1,1,0,0,6
3,4701,1,1,0,0,6
3,4716,1,1,0,1,6
3,4723,1,1,1,0,6
3,4727,1,1,0,0,6
3,4735,1,1,0,0,6
3,4739,1,1,0,0,6
3,4768,1,1,1,0,6
3,4797,1,1,0,0,6
3,4818,1,1,1,0,6
3,4833,1,1,1,0,6
3,4847,1,1,0,0,6
3,4862,1,1,1,0,6
3,4876,1,1,0,0,6
3,4883,1,1,0,0,6
3,4886,1,1,0,0,6
3,4907,1,1,0,1,6
3,4917,1,1,0,0,6
3,4970,1,1,0,0,6
3,4986,1,1,1,0,6
3,4998,1,1,1,0,6
3,7,1,1,0,0,7
3,35,1,1,0,0,7
3,41,1,1,0,0,7
3,62,1,1,1,0,7
3,65,1,1,1,0,7
3,69,1,1,0,0,7
3,97,1,1,0,0,7
3,101,1,1,0,0,7
3,110,1,1,0,0,7
3,113,1,1,0,0,7
3,115,1,1,0,0,7
3,128,1,1,0,0,7
3,134,1,1,0,1,7
3,169,1,1,0,1,7
3,171,1,1,1,0,7
3,176,1,1,1,0,7
3,198,1,1,0,0,7
3,207,1,1,0,0,7
3,226,1,1,0,0,7
3,228,1,1,0,0,7
3,232,1,1,0,1,7
3,251,1,1,1,0,7
3,267,1,1,0,0,7
3,271,1,1,1,0,7
3,315,1,1,0,1,7
3,321,1,1,1,0,7
3,358,1,1,0,0,7
3,393,1,1,0,0,7
3,419,1,1,0,0,7
3,423,1,1,1,0,7
3,441,1,1,0,0,7
3,473,1,1,0,0,7
3,487,1,1,0,1,7
3,504,1,1,0,0,7
3,525,1,1,1,0,7
3,570,1,1,0,0,7
3,587,1,1,1,0,7
3,588,1,1,0,0,7
3,598,1,1,1,0,7
3,607,1,1,0,0,7
3,613,1,1,0,0,7
3,630,1,1,1,0,7
3,669,1,1,0,0,7
3,675,1,1,1,0,7
3,676,1,1,1,0,7
3,721,1,1,0,0,7
3,730,1,1,0,0,7
3,763,1,1,1,0,7
3,769,1,1,0,0,7
3,782,1,1,0,0,7
3,804,1,1,0,0,7
3,807,1,1,1,0,7
3,844,1,1,0,0,7
3,847,1,1,0,1,7
3,877,1,1,0,0,7
3,882,1,1,0,0,7
3,899,1,1,0,1,7
3,901,1,1,1,0,7
3,903,1,1,0,0,7
3,906,1,1,1,0,7
3,917,1,1,0,1,7
3,918,1,1,0,0,7
3,919,1,1,0,0,7
3,973,1,1,1,0,7
3,1055,1,1,0,0,7
3,1084,1,1,0,0,7
3,1085,1,1,1,0,7
3,1097,1,1,1,0,7
3,1105,1,1,0,0,7
3,1112,1,1,0,0,7
3,1125,1,1,1,0,7
3,1173,1,1,0,0,7
3,1231,1,1,0,0,7
3,1258,1,1,0,0,7
3,1293,1,1,1,0,7
3,1314,1,1,1,0,7
3,1331,1,1,0,0,7
3,1358,1,1,0,1,7
3,1370,1,1,1,0,7
3,1381,1,1,0,1,7
3,1390,1,1,1,0,7
3,1397,1,1,1,0,7
3,1422,1,1,0,1,7
3,1424,1,1,0,0,7
3,1465,1,1,0,1,7
3,1466,1,1,0,0,7
3,1470,1,1,0,0,7
3,1489,1,1,1,0,7
3,1492,1,1,0,0,7
3,1505,1,1,1,0,7
3,1514,1,1,0,0,7
3,1544,1,1,1,0,7
3,1576,1,1,0,1,7
3,1579,1,1,1,0,7
3,1590,1,1,0,0,7
3,1630,1,1,0,1,7
3,1638,1,1,0,0,7
3,1663,1,1,1,0,7
3,1673,1,1,0,0,7
3,1700,1,1,0,0,7
3,1711,1,1,0,0,7
3,1723,1,1,0,1,7
3,1743,1,1,0,0,7
3,1758,1,1,0,0,7
3,1759,1,1,0,0,7
3,1777,1,1,0,1,7
3,1781,1,1,0,0,7
3,1782,1,1,0,0,7
3,1800,1,1,1,0,7
3,1810,1,1,0,0,7
3,1848,1,1,1,0,7
3,1870,1,1,0,0,7
3,1873,1,1,0,0,7
3,1883,1,1,0,0,7
3,1885,1,1,0,0,7
3,1886,1,1,0,1,7
3,1910,1,1,0,1,7
3,1944,1,1,0,1,7
3,1965,1,1,0,0,7
3,1968,1,1,0,0,7
3,1975,1,1,0,0,7
3,1977,1,1,0,0,7
3,2034,1,1,1,0,7
3,2036,1,1,1,0,7
3,2037,1,1,0,0,7
3,2055,1,1,1,0,7
3,2067,1,1,0,0,7
3,2068,1,1,0,1,7
3,2096,1,1,1,0,7
3,2115,1,1,0,0,7
3,2127,1,1,0,0,7
3,2129,1,1,0,0,7
3,2131,1,1,0,0,7
3,2146,1,1,0,0,7
3,2151,1,1,0,0,7
3,2154,1,1,0,0,7
3,2163,1,1,0,0,7
3,2186,1,1,0,0,7
3,2214,1,1,0,0,7
3,2216,1,1,1,0,7
3,2241,1,1,0,0,7
3,2254,1,1,0,1,7
3,2279,1,1,0,0,7
3,2284,1,1,0,0,7
3,2307,1,1,0,0,7
3,2308,1,1,1,0,7
3,2325,1,1,0,1,7
3,2363,1,1,0,1,7
3,2369,1,1,1,0,7
3,2370,1,1,0,0,7
3,2375,1,1,0,0,7
3,2380,1,1,0,0,7
3,2396,1,1,0,0,7
3,2404,1,1,0,1,7
3,2421,1,1,0,0,7
3,2429,1,1,1,0,7
3,2455,1,1,1,0,7
3,2456,1,1,1,0,7
3,2457,1,1,1,0,7
3,2463,1,1,1,0,7
3,2464,1,1,0,0,7
3,2472,1,1,0,1,7
3,2481,1,1,0,0,7
3,2493,1,1,0,0,7
3,2500,1,1,0,0,7
3,2506,1,1,0,0,7
3,2523,1,1,0,0,7
3,2525,1,1,0,1,7
3,2526,1,1,0,0,7
3,2532,1,1,1,0,7
3,2549,1,1,0,0,7
3,2561,1,1,0,0,7
3,2570,1,1,0,0,7
3,2576,1,1,0,0,7
3,2579,1,1,0,0,7
3,2584,1,1,0,0,7
3,2598,1,1,0,1,7
3,2619,1,1,0,1,7
3,2630,1,1,0,1,7
3,2681,1,1,0,1,7
3,2682,1,1,0,0,7
3,2708,1,1,0,0,7
3,2722,1,1,1,0,7
3,2731,1,1,0,0,7
3,2742,1,1,0,1,7
3,2750,1,1,1,0,7
3,2756,1,1,1,0,7
3,2760,1,1,1,0,7
3,2766,1,1,0,1,7
3,2812,1,1,0,0,7
3,2824,1,1,1,0,7
3,2845,1,1,0,0,7
3,2848,1,1,0,1,7
3,2854,1,1,0,0,7
3,2857,1,1,0,0,7
3,2865,1,1,1,0,7
3,2880,1,1,0,1,7
3,2888,1,1,0,1,7
3,2889,1,1,0,1,7
3,2934,1,1,0,0,7
3,2995,1,1,0,1,7
3,3006,1,1,0,0,7
3,3020,1,1,0,0,7
3,3036,1,1,0,0,7
3,3040,1,1,0,1,7
3,3063,1,1,0,0,7
3,3117,1,1,0,1,7
3,3143,1,1,0,1,7
3,3150,1,1,0,0,7
3,3161,1,1,0,0,7
3,3163,1,1,0,0,7
3,3168,1,1,0,0,7
3,3170,1,1,0,0,7
3,3183,1,1,0,1,7
3,3217,1,1,0,0,7
3,3257,1,1,1,0,7
3,3261,1,1,1,0,7
3,3286,1,1,0,0,7
3,3293,1,1,0,1,7
3,3294,1,1,0,1,7
3,3339,1,1,0,0,7
3,3354,1,1,0,0,7
3,3364,1,1,0,0,7
3,3365,1,1,0,1,7
3,3372,1,1,0,1,7
3,3380,1,1,0,0,7
3,3392,1,1,0,0,7
3,3401,1,1,0,0,7
3,3419,1,1,1,0,7
3,3470,1,1,0,0,7
3,3488,1,1,0,1,7
3,3496,1,1,1,0,7
3,3518,1,1,0,0,7
3,3549,1,1,0,0,7
3,3555,1,1,0,0,7
3,3560,1,1,0,0,7
3,3562,1,1,0,0,7
3,3563,1,1,0,0,7
3,3579,1,1,0,0,7
3,3580,1,1,0,0,7
3,3586,1,1,0,0,7
3,3589,1,1,1,0,7
3,3605,1,1,0,1,7
3,3613,1,1,0,1,7
3,3644,1,1,0,0,7
3,3656,1,1,1,0,7
3,3707,1,1,0,0,7
3,3708,1,1,0,0,7
3,3729,1,1,1,0,7
3,3756,1,1,0,0,7
3,3785,1,1,0,0,7
3,3788,1,1,0,0,7
3,3797,1,1,0,0,7
3,3811,1,1,1,0,7
3,3818,1,1,1,0,7
3,3825,1,1,1,0,7
3,3830,1,1,0,0,7
3,3836,1,1,0,0,7
3,3838,1,1,0,1,7
3,3841,1,1,0,0,7
3,3861,1,1,0,0,7
3,3862,1,1,0,1,7
3,3865,1,1,0,0,7
3,3885,1,1,0,0,7
3,3901,1,1,0,0,7
3,3902,1,1,0,0,7
3,3939,1,1,0,0,7
3,3942,1,1,0,0,7
3,3949,1,1,0,0,7
3,3976,1,1,0,0,7
3,3986,1,1,0,0,7
3,3998,1,1,0,0,7
3,4004,1,1,0,0,7
3,4011,1,1,0,1,7
3,4013,1,1,1,0,7
3,4015,1,1,1,0,7
3,4036,1,1,0,0,7
3,4038,1,1,0,1,7
3,4053,1,1,0,1,7
3,4085,1,1,0,0,7
3,4111,1,1,0,0,7
3,4133,1,1,0,1,7
3,4137,1,1,0,0,7
3,4142,1,1,1,0,7
3,4195,1,1,0,0,7
3,4196,1,1,0,0,7
3,4209,1,1,0,0,7
3,4236,1,1,1,0,7
3,4268,1,1,1,0,7
3,4278,1,1,0,0,7
3,4316,1,1,0,0,7
3,4342,1,1,1,0,7
3,4366,1,1,0,0,7
3,4377,1,1,0,0,7
3,4382,1,1,0,0,7
3,4406,1,1,1,0,7
3,4415,1,1,0,1,7
3,4439,1,1,0,1,7
3,4478,1,1,1,0,7
3,4511,1,1,1,0,7
3,4512,1,1,0,0,7
3,4517,1,1,0,0,7
3,4519,1,1,0,0,7
3,4531,1,1,0,0,7
3,4543,1,1,0,0,7
3,4570,1,1,0,1,7
3,4580,1,1,1,0,7
3,4610,1,1,0,0,7
3,4616,1,1,1,0,7
3,4617,1,1,0,0,7
3,4624,1,1,0,0,7
3,4631,1,1,0,0,7
3,4636,1,1,1,0,7
3,4650,1,1,0,0,7
3,4667,1,1,0,1,7
3,4689,1,1,1,0,7
3,4692,1,1,0,0,7
3,4695,1,1,0,0,7
3,4719,1,1,0,0,7
3,4736,1,1,0,1,7
3,4753,1,1,0,0,7
3,4758,1,1,0,0,7
3,4775,1,1,0,0,7
3,4812,1,1,0,1,7
3,4815,1,1,0,0,7
3,4822,1,1,0,1,7
3,4830,1,1,0,0,7
3,4850,1,1,0,0,7
3,4853,1,1,1,0,7
3,4889,1,1,0,0,7
3,4906,1,1,0,0,7
3,4977,1,1,0,0,7
3,4988,1,1,0,0,7
3,10,1,1,0,0,8
3,11,1,1,0,1,8
3,17,1,1,0,0,8
3,29,1,1,1,0,8
3,55,1,1,0,0,8
3,77,1,1,1,0,8
3,158,1,1,0,0,8
3,188,1,1,0,0,8
3,208,1,1,0,0,8
3,255,1,1,0,1,8
3,313,1,1,1,0,8
3,329,1,1,0,0,8
3,351,1,1,0,0,8
3,417,1,1,0,1,8
3,424,1,1,0,1,8
3,430,1,1,0,0,8
3,446,1,1,0,1,8
3,450,1,1,0,1,8
3,484,1,1,1,0,8
3,485,1,1,1,0,8
3,490,1,1,1,0,8
3,507,1,1,0,0,8
3,511,1,1,0,0,8
3,520,1,1,0,0,8
3,556,1,1,0,0,8
3,568,1,1,0,0,8
3,572,1,1,0,0,8
3,591,1,1,0,0,8
3,612,1,1,1,0,8
3,614,1,1,1,0,8
3,615,1,1,0,0,8
3,645,1,1,0,1,8
3,653,1,1,1,0,8
3,663,1,1,0,0,8
3,673,1,1,0,0,8
3,686,1,1,1,0,8
3,707,1,1,0,0,8
3,711,1,1,0,1,8
3,726,1,1,0,0,8
3,732,1,1,0,0,8
3,741,1,1,0,1,8
3,765,1,1,0,0,8
3,797,1,1,1,0,8
3,814,1,1,0,0,8
3,818,1,1,0,1,8
3,835,1,1,0,1,8
3,843,1,1,0,0,8
3,872,1,1,0,0,8
3,874,1,1,1,0,8
3,878,1,1,1,0,8
3,890,1,1,1,0,8
3,924,1,1,0,0,8
3,926,1,1,0,0,8
3,945,1,1,0,1,8
3,952,1,1,0,1,8
3,1067,1,1,1,0,8
3,1109,1,1,0,1,8
3,1114,1,1,0,0,8
3,1127,1,1,1,0,8
3,1156,1,1,0,0,8
3,1158,1,1,0,0,8
3,1167,1,1,0,0,8
3,1172,1,1,1,0,8
3,1218,1,1,0,0,8
3,1255,1,1,0,0,8
3,1265,1,1,1,0,8
3,1269,1,1,0,1,8
3,1284,1,1,0,0,8
3,1321,1,1,0,0,8
3,1335,1,1,1,0,8
3,1336,1,1,0,0,8
3,1339,1,1,0,1,8
3,1350,1,1,0,0,8
3,1362,1,1,0,0,8
3,1392,1,1,1,0,8
3,1396,1,1,0,0,8
3,1403,1,1,0,0,8
3,1414,1,1,1,0,8
3,1444,1,1,0,0,8
3,1460,1,1,0,0,8
3,1481,1,1,0,0,8
3,1533,1,1,1,0,8
3,1534,1,1,0,0,8
3,1537,1,1,0,0,8
3,1543,1,1,0,0,8
3,1565,1,1,0,1,8
3,1727,1,1,1,0,8
3,1747,1,1,0,0,8
3,1767,1,1,0,0,8
3,1773,1,1,0,0,8
3,1775,1,1,0,1,8
3,1787,1,1,0,1,8
3,1797,1,1,0,0,8
3,1842,1,1,1,0,8
3,1877,1,1,0,0,8
3,1914,1,1,1,0,8
3,1941,1,1,0,1,8
3,1955,1,1,0,0,8
3,1957,1,1,0,1,8
3,1994,1,1,1,0,8
3,2008,1,1,1,0,8
3,2028,1,1,0,0,8
3,2030,1,1,0,1,8
3,2039,1,1,1,0,8
3,2043,1,1,0,0,8
3,2066,1,1,0,0,8
3,2071,1,1,0,0,8
3,2074,1,1,0,0,8
3,2084,1,1,1,0,8
3,2090,1,1,0,0,8
3,2121,1,1,1,0,8
3,2173,1,1,0,0,8
3,2200,1,1,0,0,8
3,2227,1,1,0,0,8
3,2250,1,1,0,0,8
3,2285,1,1,0,0,8
3,2322,1,1,0,1,8
3,2330,1,1,0,0,8
3,2374,1,1,0,0,8
3,2384,1,1,0,0,8
3,2386,1,1,0,1,8
3,2399,1,1,0,0,8
3,2427,1,1,0,0,8
3,2440,1,1,1,0,8
3,2505,1,1,0,0,8
3,2512,1,1,0,0,8
3,2520,1,1,0,0,8
3,2527,1,1,1,0,8
3,2535,1,1,0,1,8
3,2591,1,1,0,1,8
3,2597,1,1,1,0,8
3,2602,1,1,0,0,8
3,2625,1,1,0,0,8
3,2628,1,1,0,0,8
3,2683,1,1,0,0,8
3,2688,1,1,0,0,8
3,2705,1,1,0,1,8
3,2711,1,1,0,0,8
3,2728,1,1,0,0,8
3,2732,1,1,0,1,8
3,2799,1,1,0,0,8
3,2807,1,1,0,0,8
3,2864,1,1,0,0,8
3,2942,1,1,1,0,8
3,2967,1,1,0,1,8
3,2968,1,1,0,0,8
3,2975,1,1,0,1,8
3,2985,1,1,0,0,8
3,3007,1,1,0,0,8
3,3009,1,1,0,0,8
3,3082,1,1,0,0,8
3,3099,1,1,0,0,8
3,3108,1,1,1,0,8
3,3137,1,1,0,0,8
3,3146,1,1,0,1,8
3,3148,1,1,0,0,8
3,3166,1,1,0,0,8
3,3195,1,1,0,0,8
3,3231,1,1,0,1,8
3,3258,1,1,0,0,8
3,3262,1,1,0,0,8
3,3263,1,1,0,0,8
3,3266,1,1,0,0,8
3,3306,1,1,0,0,8
3,3310,1,1,0,1,8
3,3366,1,1,0,1,8
3,3461,1,1,0,1,8
3,3469,1,1,0,0,8
3,3477,1,1,0,0,8
3,3492,1,1,1,0,8
3,3512,1,1,0,0,8
3,3534,1,1,0,0,8
3,3543,1,1,0,1,8
3,3569,1,1,0,0,8
3,3574,1,1,0,1,8
3,3596,1,1,0,0,8
3,3597,1,1,0,0,8
3,3621,1,1,0,1,8
3,3651,1,1,0,1,8
3,3659,1,1,1,0,8
3,3660,1,1,1,0,8
3,3664,1,1,0,0,8
3,3671,1,1,1,0,8
3,3673,1,1,0,1,8
3,3744,1,1,0,0,8
3,3767,1,1,0,0,8
3,3779,1,1,0,1,8
3,3794,1,1,0,1,8
3,3816,1,1,0,0,8
3,3871,1,1,1,0,8
3,3892,1,1,0,0,8
3,3916,1,1,1,0,8
3,3937,1,1,0,1,8
3,3944,1,1,0,0,8
3,4032,1,1,0,0,8
3,4037,1,1,0,0,8
3,4047,1,1,0,0,8
3,4093,1,1,1,0,8
3,4099,1,1,0,1,8
3,4116,1,1,0,1,8
3,4127,1,1,0,0,8
3,4136,1,1,0,1,8
3,4141,1,1,0,0,8
3,4144,1,1,0,0,8
3,4154,1,1,0,1,8
3,4160,1,1,0,0,8
3,4190,1,1,0,0,8
3,4215,1,1,0,1,8
3,4216,1,1,0,1,8
3,4249,1,1,1,0,8
3,4259,1,1,0,0,8
3,4260,1,1,0,0,8
3,4264,1,1,0,0,8
3,4290,1,1,0,0,8
3,4292,1,1,0,0,8
3,4323,1,1,0,0,8
3,4345,1,1,0,1,8
3,4378,1,1,0,0,8
3,4414,1,1,1,0,8
3,4428,1,1,0,1,8
3,4434,1,1,0,1,8
3,4452,1,1,0,0,8
3,4453,1,1,0,0,8
3,4486,1,1,0,1,8
3,4521,1,1,0,0,8
3,4536,1,1,0,0,8
3,4557,1,1,1,0,8
3,4579,1,1,0,0,8
3,4588,1,1,0,0,8
3,4590,1,1,0,1,8
3,4611,1,1,0,0,8
3,4645,1,1,0,0,8
3,4653,1,1,0,0,8
3,4663,1,1,0,0,8
3,4664,1,1,1,0,8
3,4675,1,1,0,0,8
3,4678,1,1,0,0,8
3,4683,1,1,0,0,8
3,4686,1,1,1,0,8
3,4706,1,1,0,1,8
3,4707,1,1,0,1,8
3,4772,1,1,0,0,8
3,4795,1,1,0,1,8
3,4807,1,1,0,0,8
3,4829,1,1,0,1,8
3,4849,1,1,0,1,8
3,4865,1,1,0,0,8
3,4868,1,1,0,1,8
3,4928,1,1,0,0,8
3,4944,1,1,1,0,8
3,4955,1,1,0,1,8
3,4962,1,1,1,0,8
3,4990,1,1,0,1,8
3,4996,1,1,0,1,8
3,4999,1,1,0,1,8
3,1,3,1,0,1,9
3,13,3,1,0,1,9
3,47,3,1,3,0,9
3,50,3,1,0,0,9
3,78,3,1,0,1,9
3,107,3,1,0,0,9
3,109,3,1,0,0,9
3,114,3,1,0,1,9
3,139,3,1,0,0,9
3,148,3,1,0,0,9
3,153,3,1,3,0,9
3,166,3,1,0,0,9
3,175,3,1,0,0,9
3,197,3,1,3,0,9
3,203,3,1,3,0,9
3,250,3,1,0,0,9
3,265,3,1,0,0,9
3,299,3,1,0,0,9
3,341,3,1,0,1,9
3,380,3,1,0,0,9
3,391,3,1,0,1,9
3,406,3,1,0,0,9
3,428,3,1,0,0,9
3,437,3,1,3,0,9
3,440,3,1,0,0,9
3,454,3,1,3,0,9
3,461,3,1,0,0,9
3,476,3,1,0,0,9
3,477,3,1,0,0,9
3,492,3,1,0,0,9
3,545,3,1,0,1,9
3,548,3,1,1,0,9
3,553,3,1,3,0,9
3,567,3,1,0,0,9
3,626,3,1,0,1,9
3,652,3,1,0,1,9
3,693,3,1,3,0,9
3,705,3,1,0,1,9
3,706,3,1,1,0,9
3,709,3,1,0,0,9
3,725,3,1,1,0,9
3,729,3,1,1,0,9
3,733,3,1,0,0,9
3,787,3,1,0,1,9
3,791,3,1,0,1,9
3,817,3,1,0,0,9
3,831,3,1,0,0,9
3,849,3,1,0,1,9
3,858,3,1,3,0,9
3,864,3,1,0,0,9
3,898,3,1,0,0,9
3,907,3,1,0,0,9
3,938,3,1,0,1,9
3,959,3,1,3,0,9
3,962,3,1,0,1,9
3,1006,3,1,0,0,9
3,1013,3,1,3,0,9
3,1033,3,1,3,0,9
3,1049,3,1,1,0,9
3,1077,3,1,3,0,9
3,1132,3,1,0,0,9
3,1135,3,1,0,0,9
3,1153,3,1,0,0,9
3,1198,3,1,0,0,9
3,1199,3,1,0,0,9
3,1200,3,1,0,0,9
3,1232,3,1,3,0,9
3,1235,3,1,3,0,9
3,1250,3,1,0,1,9
3,1289,3,1,0,1,9
3,1297,3,1,0,0,9
3,1305,3,1,0,0,9
3,1337,3,1,0,0,9
3,1345,3,1,0,0,9
3,1357,3,1,0,0,9
3,1372,3,1,0,0,9
3,1384,3,1,0,0,9
3,1427,3,1,1,0,9
3,1437,3,1,0,0,9
3,1439,3,1,3,0,9
3,1443,3,1,1,0,9
3,1449,3,1,3,0,9
3,1469,3,1,0,1,9
3,1525,3,1,1,0,9
3,1528,3,1,0,0,9
3,1562,3,1,0,0,9
3,1566,3,1,0,0,9
3,1574,3,1,0,0,9
3,1625,3,1,0,0,9
3,1639,3,1,0,1,9
3,1644,3,1,3,0,9
3,1686,3,1,0,0,9
3,1695,3,1,1,0,9
3,1713,3,1,0,1,9
3,1717,3,1,0,0,9
3,1728,3,1,1,0,9
3,1750,3,1,0,0,9
3,1764,3,1,0,0,9
3,1802,3,1,0,1,9
3,1813,3,1,0,0,9
3,1826,3,1,0,0,9
3,1828,3,1,0,0,9
3,1850,3,1,0,1,9
3,1950,3,1,0,0,9
3,1958,3,1,0,0,9
3,1976,3,1,3,0,9
3,1978,3,1,0,1,9
3,1997,3,1,0,0,9
3,2012,3,1,0,1,9
3,2018,3,1,0,0,9
3,2051,3,1,0,0,9
3,2054,3,1,0,0,9
3,2072,3,1,0,0,9
3,2114,3,1,0,0,9
3,2116,3,1,0,0,9
3,2132,3,1,0,0,9
3,2136,3,1,0,0,9
3,2145,3,1,0,1,9
3,2156,3,1,0,0,9
3,2204,3,1,0,1,9
3,2255,3,1,0,1,9
3,2262,3,1,0,1,9
3,2263,3,1,0,0,9
3,2264,3,1,0,0,9
3,2265,3,1,0,0,9
3,2266,3,1,3,0,9
3,2275,3,1,0,1,9
3,2278,3,1,0,0,9
3,2311,3,1,3,0,9
3,2331,3,1,0,1,9
3,2360,3,1,0,1,9
3,2383,3,1,0,0,9
3,2398,3,1,0,1,9
3,2400,3,1,0,1,9
3,2407,3,1,0,0,9
3,2422,3,1,0,0,9
3,2444,3,1,0,0,9
3,2460,3,1,0,0,9
3,2539,3,1,3,0,9
3,2542,3,1,0,0,9
3,2565,3,1,3,0,9
3,2583,3,1,0,0,9
3,2631,3,1,0,0,9
3,2633,3,1,0,0,9
3,2655,3,1,3,0,9
3,2657,3,1,0,1,9
3,2698,3,1,0,1,9
3,2713,3,1,3,0,9
3,2716,3,1,0,1,9
3,2720,3,1,0,0,9
3,2744,3,1,0,0,9
3,2765,3,1,3,0,9
3,2783,3,1,0,1,9
3,2789,3,1,0,0,9
3,2801,3,1,0,1,9
3,2816,3,1,3,0,9
3,2882,3,1,0,1,9
3,2935,3,1,0,1,9
3,2945,3,1,0,1,9
3,2976,3,1,0,1,9
3,3001,3,1,3,0,9
3,3034,3,1,0,0,9
3,3059,3,1,0,0,9
3,3084,3,1,0,0,9
3,3092,3,1,0,0,9
3,3116,3,1,3,0,9
3,3135,3,1,0,0,9
3,3151,3,1,0,0,9
3,3152,3,1,0,0,9
3,3167,3,1,0,0,9
3,3201,3,1,0,0,9
3,3215,3,1,0,1,9
3,3229,3,1,0,0,9
3,3242,3,1,0,0,9
3,3259,3,1,0,0,9
3,3301,3,1,0,0,9
3,3308,3,1,0,0,9
3,3343,3,1,0,0,9
3,3353,3,1,0,1,9
3,3368,3,1,0,0,9
3,3370,3,1,0,0,9
3,3389,3,1,3,0,9
3,3396,3,1,0,0,9
3,3400,3,1,3,0,9
3,3430,3,1,0,0,9
3,3432,3,1,0,0,9
3,3476,3,1,0,1,9
3,3483,3,1,0,0,9
3,3490,3,1,0,0,9
3,3522,3,1,0,1,9
3,3523,3,1,0,1,9
3,3524,3,1,0,0,9
3,3548,3,1,1,0,9
3,3566,3,1,0,0,9
3,3603,3,1,0,0,9
3,3610,3,1,0,0,9
3,3616,3,1,0,1,9
3,3625,3,1,0,0,9
3,3636,3,1,0,1,9
3,3637,3,1,3,0,9
3,3649,3,1,0,1,9
3,3679,3,1,0,0,9
3,3682,3,1,0,1,9
3,3693,3,1,0,0,9
3,3700,3,1,0,0,9
3,3719,3,1,0,0,9
3,3730,3,1,0,0,9
3,3755,3,1,0,0,9
3,3771,3,1,0,0,9
3,3812,3,1,0,0,9
3,3849,3,1,3,0,9
3,3850,3,1,3,0,9
3,3857,3,1,0,0,9
3,3859,3,1,0,1,9
3,3876,3,1,0,1,9
3,3910,3,1,0,1,9
3,3913,3,1,0,0,9
3,3930,3,1,3,0,9
3,3956,3,1,0,0,9
3,3990,3,1,0,0,9
3,4055,3,1,0,0,9
3,4087,3,1,3,0,9
3,4102,3,1,0,0,9
3,4107,3,1,0,0,9
3,4182,3,1,0,0,9
3,4183,3,1,3,0,9
3,4205,3,1,0,0,9
3,4220,3,1,0,1,9
3,4247,3,1,0,1,9
3,4297,3,1,0,0,9
3,4303,3,1,0,0,9
3,4304,3,1,0,1,9
3,4329,3,1,1,0,9
3,4357,3,1,0,0,9
3,4373,3,1,0,1,9
3,4387,3,1,0,0,9
3,4410,3,1,0,0,9
3,4416,3,1,0,0,9
3,4418,3,1,0,0,9
3,4427,3,1,0,0,9
3,4463,3,1,3,0,9
3,4464,3,1,0,0,9
3,4467,3,1,0,0,9
3,4468,3,1,0,0,9
3,4470,3,1,0,1,9
3,4483,3,1,0,1,9
3,4500,3,1,0,0,9
3,4501,3,1,0,0,9
3,4524,3,1,0,0,9
3,4526,3,1,3,0,9
3,4534,3,1,3,0,9
3,4540,3,1,1,0,9
3,4568,3,1,0,1,9
3,4577,3,1,0,0,9
3,4591,3,1,3,0,9
3,4606,3,1,0,0,9
3,4607,3,1,0,0,9
3,4654,3,1,0,0,9
3,4659,3,1,0,0,9
3,4709,3,1,0,1,9
3,4717,3,1,0,0,9
3,4745,3,1,0,1,9
3,4780,3,1,0,1,9
3,4804,3,1,0,0,9
3,4824,3,1,0,0,9
3,4843,3,1,0,1,9
3,4863,3,1,0,0,9
3,4877,3,1,0,0,9
3,4885,3,1,0,0,9
3,4888,3,1,0,0,9
3,4895,3,1,0,1,9
3,4902,3,1,3,0,9
3,4915,3,1,0,0,9
3,4922,3,1,0,0,9
3,4929,3,1,0,0,9
3,4931,3,1,0,0,9
3,4935,3,1,0,1,9
3,4960,3,1,0,0,9
3,4991,3,1,0,0,9
3,27,1,1,0,0,10
3,36,1,1,0,0,10
3,40,1,1,0,1,10
3,42,1,1,0,1,10
3,51,1,1,0,0,10
3,89,1,1,0,0,10
3,93,1,1,0,0,10
3,94,1,1,0,1,10
3,133,1,1,0,0,10
3,145,1,1,0,1,10
3,157,1,1,1,0,10
3,162,1,1,0,0,10
3,165,1,1,0,0,10
3,178,1,1,0,0,10
3,181,1,1,0,0,10
3,209,1,1,1,0,10
3,220,1,1,0,0,10
3,234,1,1,0,0,10
3,237,1,1,0,1,10
3,261,1,1,0,0,10
3,273,1,1,0,0,10
3,297,1,1,0,0,10
3,305,1,1,1,0,10
3,323,1,1,1,0,10
3,335,1,1,0,1,10
3,348,1,1,0,1,10
3,370,1,1,1,0,10
3,388,1,1,0,1,10
3,396,1,1,0,0,10
3,405,1,1,0,0,10
3,418,1,1,0,0,10
3,429,1,1,0,0,10
3,447,1,1,1,0,10
3,459,1,1,1,0,10
3,497,1,1,0,0,10
3,518,1,1,0,1,10
3,521,1,1,0,0,10
3,522,1,1,0,1,10
3,544,1,1,1,0,10
3,604,1,1,1,0,10
3,616,1,1,0,1,10
3,640,1,1,0,0,10
3,643,1,1,0,1,10
3,659,1,1,0,0,10
3,660,1,1,0,0,10
3,672,1,1,0,0,10
3,689,1,1,0,0,10
3,690,1,1,1,0,10
3,691,1,1,0,0,10
3,692,1,1,0,0,10
3,713,1,1,0,0,10
3,748,1,1,0,0,10
3,766,1,1,1,0,10
3,775,1,1,1,0,10
3,908,1,1,0,0,10
3,936,1,1,0,0,10
3,950,1,1,0,0,10
3,976,1,1,0,0,10
3,998,1,1,0,0,10
3,1024,1,1,0,1,10
3,1025,1,1,0,0,10
3,1030,1,1,1,0,10
3,1041,1,1,0,0,10
3,1080,1,1,0,1,10
3,1081,1,1,1,0,10
3,1101,1,1,0,0,10
3,1110,1,1,0,0,10
3,1128,1,1,0,0,10
3,1130,1,1,1,0,10
3,1160,1,1,0,0,10
3,1174,1,1,0,1,10
3,1177,1,1,1,0,10
3,1186,1,1,1,0,10
3,1193,1,1,0,0,10
3,1237,1,1,0,1,10
3,1240,1,1,0,0,10
3,1242,1,1,0,1,10
3,1270,1,1,0,0,10
3,1275,1,1,0,1,10
3,1286,1,1,0,0,10
3,1296,1,1,0,0,10
3,1333,1,1,0,0,10
3,1359,1,1,0,0,10
3,1360,1,1,1,0,10
3,1361,1,1,0,1,10
3,1363,1,1,0,0,10
3,1364,1,1,0,0,10
3,1387,1,1,0,1,10
3,1389,1,1,1,0,10
3,1405,1,1,0,0,10
3,1455,1,1,0,1,10
3,1477,1,1,0,0,10
3,1483,1,1,0,1,10
3,1497,1,1,0,1,10
3,1506,1,1,0,0,10
3,1512,1,1,1,0,10
3,1541,1,1,0,0,10
3,1567,1,1,1,0,10
3,1598,1,1,0,0,10
3,1613,1,1,0,1,10
3,1623,1,1,0,0,10
3,1672,1,1,0,0,10
3,1699,1,1,0,0,10
3,1706,1,1,0,0,10
3,1776,1,1,1,0,10
3,1789,1,1,0,0,10
3,1803,1,1,1,0,10
3,1804,1,1,1,0,10
3,1805,1,1,0,0,10
3,1849,1,1,0,0,10
3,1863,1,1,0,0,10
3,1872,1,1,1,0,10
3,1892,1,1,0,1,10
3,1898,1,1,0,0,10
3,1907,1,1,1,0,10
3,1928,1,1,0,0,10
3,1937,1,1,1,0,10
3,1945,1,1,0,0,10
3,1948,1,1,1,0,10
3,1971,1,1,0,0,10
3,2016,1,1,0,0,10
3,2032,1,1,0,0,10
3,2047,1,1,0,0,10
3,2085,1,1,1,0,10
3,2150,1,1,1,0,10
3,2167,1,1,0,0,10
3,2177,1,1,0,1,10
3,2197,1,1,0,1,10
3,2201,1,1,1,0,10
3,2228,1,1,0,0,10
3,2232,1,1,0,1,10
3,2239,1,1,0,0,10
3,2292,1,1,0,0,10
3,2296,1,1,0,0,10
3,2326,1,1,0,0,10
3,2364,1,1,0,0,10
3,2366,1,1,1,0,10
3,2385,1,1,0,1,10
3,2406,1,1,0,1,10
3,2415,1,1,1,0,10
3,2426,1,1,0,1,10
3,2450,1,1,0,1,10
3,2475,1,1,0,0,10
3,2499,1,1,1,0,10
3,2577,1,1,0,1,10
3,2615,1,1,0,0,10
3,2651,1,1,1,0,10
3,2666,1,1,0,0,10
3,2675,1,1,1,0,10
3,2676,1,1,0,0,10
3,2694,1,1,1,0,10
3,2696,1,1,1,0,10
3,2729,1,1,1,0,10
3,2754,1,1,0,0,10
3,2755,1,1,0,0,10
3,2768,1,1,0,0,10
3,2774,1,1,0,0,10
3,2788,1,1,1,0,10
3,2827,1,1,0,1,10
3,2835,1,1,0,0,10
3,2842,1,1,0,0,10
3,2847,1,1,0,1,10
3,2861,1,1,0,1,10
3,2870,1,1,0,0,10
3,2871,1,1,0,0,10
3,2878,1,1,0,0,10
3,2885,1,1,0,1,10
3,2892,1,1,1,0,10
3,2894,1,1,1,0,10
3,2912,1,1,0,0,10
3,2914,1,1,0,1,10
3,2919,1,1,0,0,10
3,2923,1,1,0,0,10
3,2933,1,1,0,0,10
3,2946,1,1,0,1,10
3,2969,1,1,0,0,10
3,2986,1,1,0,0,10
3,3016,1,1,0,1,10
3,3024,1,1,0,0,10
3,3041,1,1,1,0,10
3,3097,1,1,0,0,10
3,3112,1,1,0,1,10
3,3119,1,1,0,0,10
3,3157,1,1,0,0,10
3,3162,1,1,0,1,10
3,3185,1,1,1,0,10
3,3214,1,1,0,0,10
3,3219,1,1,0,0,10
3,3228,1,1,0,0,10
3,3246,1,1,1,0,10
3,3313,1,1,0,0,10
3,3319,1,1,1,0,10
3,3326,1,1,0,0,10
3,3373,1,1,0,0,10
3,3374,1,1,0,1,10
3,3382,1,1,0,0,10
3,3384,1,1,0,0,10
3,3404,1,1,1,0,10
3,3423,1,1,1,0,10
3,3501,1,1,0,1,10
3,3510,1,1,0,0,10
3,3515,1,1,0,0,10
3,3528,1,1,0,0,10
3,3531,1,1,0,1,10
3,3547,1,1,0,0,10
3,3564,1,1,0,1,10
3,3591,1,1,1,0,10
3,3600,1,1,0,0,10
3,3601,1,1,1,0,10
3,3609,1,1,1,0,10
3,3612,1,1,0,0,10
3,3618,1,1,0,0,10
3,3628,1,1,0,0,10
3,3629,1,1,0,1,10
3,3632,1,1,0,0,10
3,3640,1,1,0,0,10
3,3641,1,1,0,0,10
3,3675,1,1,0,0,10
3,3678,1,1,0,1,10
3,3688,1,1,0,0,10
3,3694,1,1,0,1,10
3,3712,1,1,0,0,10
3,3721,1,1,1,0,10
3,3724,1,1,0,1,10
3,3749,1,1,0,1,10
3,3752,1,1,0,1,10
3,3776,1,1,0,1,10
3,3778,1,1,0,0,10
3,3793,1,1,0,0,10
3,3828,1,1,0,0,10
3,3853,1,1,0,0,10
3,3870,1,1,0,0,10
3,3882,1,1,0,0,10
3,3888,1,1,1,0,10
3,3904,1,1,1,0,10
3,3947,1,1,0,0,10
3,3966,1,1,0,0,10
3,3988,1,1,0,1,10
3,4031,1,1,0,0,10
3,4041,1,1,0,0,10
3,4052,1,1,0,1,10
3,4079,1,1,1,0,10
3,4083,1,1,0,0,10
3,4092,1,1,0,0,10
3,4108,1,1,0,1,10
3,4119,1,1,0,0,10
3,4126,1,1,0,0,10
3,4168,1,1,0,0,10
3,4176,1,1,0,1,10
3,4178,1,1,0,0,10
3,4179,1,1,1,0,10
3,4199,1,1,0,1,10
3,4219,1,1,0,1,10
3,4227,1,1,0,0,10
3,4251,1,1,1,0,10
3,4263,1,1,0,1,10
3,4301,1,1,0,0,10
3,4324,1,1,0,0,10
3,4336,1,1,1,0,10
3,4374,1,1,0,0,10
3,4388,1,1,0,1,10
3,4403,1,1,0,1,10
3,4484,1,1,0,1,10
3,4532,1,1,0,0,10
3,4601,1,1,0,0,10
3,4603,1,1,1,0,10
3,4608,1,1,0,1,10
3,4668,1,1,1,0,10
3,4669,1,1,1,0,10
3,4681,1,1,0,1,10
3,4711,1,1,1,0,10
3,4737,1,1,0,0,10
3,4760,1,1,0,1,10
3,4764,1,1,0,0,10
3,4776,1,1,0,0,10
3,4791,1,1,0,0,10
3,4852,1,1,0,0,10
3,4891,1,1,0,0,10
3,4893,1,1,0,0,10
3,4896,1,1,0,1,10
3,4898,1,1,1,0,10
3,4899,1,1,0,0,10
3,4920,1,1,0,0,10
3,4927,1,1,0,0,10
3,4938,1,1,0,0,10
3,4939,1,1,1,0,10
3,4946,1,1,0,0,10
3,4948,1,1,1,0,10
3,4956,1,1,0,0,10
3,4967,1,1,0,0,10
3,4969,1,1,1,0,10
3,0,1,3,1,0,11
3,3,1,3,0,0,11
3,4,1,3,0,0,11
3,15,1,3,0,0,11
3,20,1,3,0,0,11
3,30,1,3,1,0,11
3,43,1,3,0,0,11
3,46,1,3,0,3,11
3,120,1,3,0,0,11
3,150,1,3,0,3,11
3,151,1,3,0,0,11
3,155,1,3,0,3,11
3,168,1,3,1,0,11
3,195,1,3,0,0,11
3,213,1,3,1,0,11
3,247,1,3,0,1,11
3,256,1,3,1,0,11
3,289,1,3,0,1,11
3,296,1,3,0,0,11
3,301,1,3,0,3,11
3,311,1,3,1,0,11
3,331,1,3,0,0,11
3,353,1,3,0,3,11
3,355,1,3,0,0,11
3,402,1,3,0,0,11
3,414,1,3,0,0,11
3,463,1,3,0,3,11
3,550,1,3,0,0,11
3,554,1,3,0,0,11
3,557,1,3,0,0,11
3,559,1,3,0,3,11
3,571,1,3,1,0,11
3,583,1,3,0,0,11
3,586,1,3,1,0,11
3,592,1,3,0,0,11
3,594,1,3,0,0,11
3,634,1,3,0,3,11
3,639,1,3,0,0,11
3,651,1,3,0,0,11
3,679,1,3,1,0,11
3,710,1,3,0,0,11
3,728,1,3,0,0,11
3,753,1,3,0,0,11
3,774,1,3,0,1,11
3,795,1,3,1,0,11
3,828,1,3,1,0,11
3,833,1,3,0,0,11
3,863,1,3,0,0,11
3,886,1,3,0,1,11
3,887,1,3,1,0,11
3,891,1,3,1,0,11
3,905,1,3,0,0,11
3,932,1,3,1,0,11
3,933,1,3,0,0,11
3,944,1,3,0,0,11
3,946,1,3,0,0,11
3,955,1,3,0,0,11
3,966,1,3,0,0,11
3,978,1,3,0,0,11
3,1000,1,3,1,0,11
3,1009,1,3,0,0,11
3,1037,1,3,0,3,11
3,1075,1,3,0,0,11
3,1091,1,3,0,3,11
3,1096,1,3,1,0,11
3,1103,1,3,0,0,11
3,1107,1,3,0,0,11
3,1119,1,3,1,0,11
3,1148,1,3,0,0,11
3,1154,1,3,0,0,11
3,1166,1,3,1,0,11
3,1180,1,3,0,0,11
3,1185,1,3,0,0,11
3,1230,1,3,0,0,11
3,1238,1,3,0,0,11
3,1245,1,3,0,0,11
3,1248,1,3,0,0,11
3,1252,1,3,0,0,11
3,1259,1,3,0,0,11
3,1272,1,3,0,0,11
3,1298,1,3,0,0,11
3,1300,1,3,0,0,11
3,1326,1,3,1,0,11
3,1329,1,3,1,0,11
3,1386,1,3,0,0,11
3,1395,1,3,0,0,11
3,1407,1,3,0,0,11
3,1411,1,3,0,3,11
3,1419,1,3,1,0,11
3,1487,1,3,0,0,11
3,1496,1,3,1,0,11
3,1499,1,3,1,0,11
3,1527,1,3,1,0,11
3,1572,1,3,0,0,11
3,1592,1,3,1,0,11
3,1620,1,3,0,3,11
3,1643,1,3,0,0,11
3,1645,1,3,0,0,11
3,1682,1,3,0,0,11
3,1689,1,3,0,3,11
3,1702,1,3,0,0,11
3,1708,1,3,0,0,11
3,1716,1,3,0,1,11
3,1724,1,3,0,0,11
3,1735,1,3,1,0,11
3,1738,1,3,0,3,11
3,1746,1,3,0,0,11
3,1774,1,3,0,1,11
3,1793,1,3,1,0,11
3,1795,1,3,0,3,11
3,1796,1,3,1,0,11
3,1811,1,3,0,0,11
3,1832,1,3,0,0,11
3,1851,1,3,1,0,11
3,1876,1,3,0,0,11
3,1894,1,3,0,0,11
3,1900,1,3,0,0,11
3,1908,1,3,0,0,11
3,1912,1,3,0,3,11
3,1915,1,3,1,0,11
3,1916,1,3,0,0,11
3,1917,1,3,0,1,11
3,1924,1,3,0,3,11
3,1929,1,3,0,0,11
3,1967,1,3,0,0,11
3,1973,1,3,1,0,11
3,1995,1,3,0,3,11
3,1996,1,3,0,3,11
3,1998,1,3,0,0,11
3,2011,1,3,0,0,11
3,2024,1,3,1,0,11
3,2029,1,3,0,0,11
3,2035,1,3,0,0,11
3,2082,1,3,0,0,11
3,2123,1,3,1,0,11
3,2125,1,3,0,0,11
3,2159,1,3,0,0,11
3,2162,1,3,1,0,11
3,2164,1,3,0,3,11
3,2168,1,3,1,0,11
3,2169,1,3,0,0,11
3,2212,1,3,0,0,11
3,2219,1,3,0,0,11
3,2240,1,3,0,3,11
3,2259,1,3,0,1,11
3,2293,1,3,0,3,11
3,2303,1,3,1,0,11
3,2338,1,3,0,0,11
3,2347,1,3,0,0,11
3,2352,1,3,1,0,11
3,2355,1,3,0,0,11
3,2362,1,3,0,0,11
3,2389,1,3,0,0,11
3,2430,1,3,0,0,11
3,2433,1,3,0,0,11
3,2445,1,3,0,3,11
3,2452,1,3,0,3,11
3,2477,1,3,0,0,11
3,2480,1,3,0,0,11
3,2496,1,3,0,3,11
3,2518,1,3,1,0,11
3,2528,1,3,0,0,11
3,2543,1,3,0,0,11
3,2552,1,3,1,0,11
3,2564,1,3,0,3,11
3,2581,1,3,0,0,11
3,2588,1,3,0,0,11
3,2590,1,3,0,0,11
3,2661,1,3,1,0,11
3,2671,1,3,0,3,11
3,2684,1,3,0,0,11
3,2775,1,3,0,0,11
3,2779,1,3,0,0,11
3,2781,1,3,0,0,11
3,2795,1,3,1,0,11
3,2797,1,3,0,0,11
3,2800,1,3,1,0,11
3,2814,1,3,1,0,11
3,2862,1,3,1,0,11
3,2884,1,3,0,3,11
3,2904,1,3,0,3,11
3,2907,1,3,0,3,11
3,2908,1,3,1,0,11
3,2913,1,3,0,0,11
3,2921,1,3,0,3,11
3,2924,1,3,0,0,11
3,2928,1,3,0,0,11
3,2959,1,3,0,0,11
3,2970,1,3,0,0,11
3,2973,1,3,0,0,11
3,2978,1,3,0,0,11
3,2992,1,3,0,3,11
3,3027,1,3,1,0,11
3,3029,1,3,0,1,11
3,3031,1,3,1,0,11
3,3045,1,3,0,0,11
3,3053,1,3,0,3,11
3,3055,1,3,0,0,11
3,3064,1,3,1,0,11
3,3066,1,3,0,3,11
3,3113,1,3,0,3,11
3,3118,1,3,0,0,11
3,3121,1,3,0,3,11
3,3186,1,3,0,0,11
3,3191,1,3,1,0,11
3,3197,1,3,0,0,11
3,3209,1,3,0,0,11
3,3226,1,3,0,0,11
3,3234,1,3,0,3,11
3,3240,1,3,1,0,11
3,3251,1,3,1,0,11
3,3272,1,3,0,0,11
3,3275,1,3,0,1,11
3,3295,1,3,0,0,11
3,3312,1,3,0,0,11
3,3331,1,3,0,3,11
3,3337,1,3,0,0,11
3,3345,1,3,0,3,11
3,3347,1,3,0,0,11
3,3383,1,3,1,0,11
3,3387,1,3,0,0,11
3,3403,1,3,0,3,11
3,3433,1,3,0,0,11
3,3435,1,3,1,0,11
3,3458,1,3,0,0,11
3,3467,1,3,1,0,11
3,3473,1,3,0,0,11
3,3486,1,3,0,0,11
3,3536,1,3,0,0,11
3,3539,1,3,0,0,11
3,3561,1,3,1,0,11
3,3599,1,3,1,0,11
3,3608,1,3,0,0,11
3,3619,1,3,1,0,11
3,3626,1,3,0,3,11
3,3666,1,3,0,0,11
3,3692,1,3,0,1,11
3,3696,1,3,1,0,11
3,3733,1,3,0,0,11
3,3735,1,3,0,0,11
3,3748,1,3,0,0,11
3,3764,1,3,0,0,11
3,3775,1,3,0,0,11
3,3809,1,3,0,0,11
3,3819,1,3,0,3,11
3,3821,1,3,0,0,11
3,3891,1,3,0,3,11
3,3895,1,3,0,0,11
3,3925,1,3,0,0,11
3,3936,1,3,0,3,11
3,3963,1,3,1,0,11
3,3972,1,3,0,0,11
3,3979,1,3,0,1,11
3,4010,1,3,0,0,11
3,4017,1,3,0,3,11
3,4026,1,3,0,0,11
3,4028,1,3,0,0,11
3,4060,1,3,0,0,11
3,4064,1,3,0,0,11
3,4100,1,3,0,0,11
3,4158,1,3,0,0,11
3,4180,1,3,0,3,11
3,4198,1,3,0,0,11
3,4214,1,3,0,0,11
3,4224,1,3,0,0,11
3,4234,1,3,1,0,11
3,4244,1,3,1,0,11
3,4248,1,3,0,3,11
3,4252,1,3,1,0,11
3,4269,1,3,0,0,11
3,4275,1,3,1,0,11
3,4283,1,3,0,1,11
3,4288,1,3,1,0,11
3,4315,1,3,1,0,11
3,4321,1,3,0,1,11
3,4340,1,3,0,0,11
3,4346,1,3,1,0,11
3,4363,1,3,0,1,11
3,4367,1,3,0,0,11
3,4372,1,3,1,0,11
3,4386,1,3,1,0,11
3,4397,1,3,1,0,11
3,4426,1,3,0,0,11
3,4438,1,3,0,3,11
3,4455,1,3,0,0,11
3,4456,1,3,0,1,11
3,4466,1,3,0,0,11
3,4487,1,3,0,3,11
3,4498,1,3,0,1,11
3,4522,1,3,0,0,11
3,4530,1,3,1,0,11
3,4545,1,3,0,0,11
3,4554,1,3,0,0,11
3,4556,1,3,0,3,11
3,4587,1,3,0,0,11
3,4593,1,3,0,1,11
3,4648,1,3,0,0,11
3,4690,1,3,0,3,11
3,4696,1,3,1,0,11
3,4698,1,3,1,0,11
3,4718,1,3,0,0,11
3,4743,1,3,0,1,11
3,4750,1,3,0,3,11
3,4757,1,3,0,0,11
3,4763,1,3,0,3,11
3,4766,1,3,0,0,11
3,4771,1,3,0,3,11
3,4782,1,3,0,1,11
3,4820,1,3,0,0,11
3,4832,1,3,0,0,11
3,4858,1,3,0,1,11
3,4894,1,3,0,0,11
3,4904,1,3,0,3,11
3,4908,1,3,0,0,11
3,4910,1,3,0,0,11
3,4937,1,3,0,3,11
3,4982,1,3,0,0,11
3,21,1,1,1,0,12
3,28,1,1,0,0,12
3,59,1,1,1,0,12
3,60,1,1,0,1,12
3,66,1,1,0,0,12
3,96,1,1,0,0,12
3,99,1,1,1,0,12
3,104,1,1,1,0,12
3,116,1,1,1,0,12
3,119,1,1,0,1,12
3,125,1,1,1,0,12
3,130,1,1,0,1,12
3,140,1,1,0,0,12
3,149,1,1,0,0,12
3,159,1,1,0,1,12
3,179,1,1,0,0,12
3,184,1,1,0,0,12
3,241,1,1,0,1,12
3,308,1,1,0,0,12
3,314,1,1,0,0,12
3,336,1,1,0,0,12
3,337,1,1,0,0,12
3,343,1,1,0,1,12
3,347,1,1,0,0,12
3,350,1,1,0,0,12
3,386,1,1,0,0,12
3,389,1,1,0,0,12
3,395,1,1,0,1,12
3,403,1,1,1,0,12
3,404,1,1,0,0,12
3,435,1,1,0,0,12
3,442,1,1,0,0,12
3,443,1,1,0,0,12
3,451,1,1,0,0,12
3,478,1,1,0,0,12
3,495,1,1,0,1,12
3,500,1,1,1,0,12
3,538,1,1,0,0,12
3,560,1,1,0,1,12
3,574,1,1,0,0,12
3,624,1,1,0,0,12
3,649,1,1,0,0,12
3,742,1,1,0,0,12
3,745,1,1,0,0,12
3,754,1,1,0,1,12
3,764,1,1,0,0,12
3,772,1,1,0,0,12
3,785,1,1,0,1,12
3,788,1,1,0,0,12
3,808,1,1,1,0,12
3,812,1,1,0,0,12
3,836,1,1,0,1,12
3,852,1,1,0,0,12
3,868,1,1,0,0,12
3,925,1,1,1,0,12
3,939,1,1,0,1,12
3,942,1,1,0,0,12
3,948,1,1,1,0,12
3,967,1,1,0,0,12
3,974,1,1,0,0,12
3,988,1,1,0,0,12
3,1022,1,1,0,0,12
3,1104,1,1,1,0,12
3,1118,1,1,0,0,12
3,1146,1,1,1,0,12
3,1152,1,1,1,0,12
3,1169,1,1,0,0,12
3,1179,1,1,0,1,12
3,1194,1,1,0,1,12
3,1209,1,1,0,1,12
3,1217,1,1,0,0,12
3,1223,1,1,0,0,12
3,1228,1,1,1,0,12
3,1247,1,1,0,0,12
3,1266,1,1,1,0,12
3,1268,1,1,0,0,12
3,1279,1,1,0,0,12
3,1285,1,1,0,0,12
3,1290,1,1,0,0,12
3,1310,1,1,0,0,12
3,1311,1,1,0,0,12
3,1322,1,1,0,0,12
3,1346,1,1,0,0,12
3,1354,1,1,0,0,12
3,1373,1,1,0,1,12
3,1378,1,1,0,1,12
3,1379,1,1,0,0,12
3,1382,1,1,0,1,12
3,1409,1,1,0,0,12
3,1423,1,1,0,0,12
3,1464,1,1,0,0,12
3,1500,1,1,0,0,12
3,1519,1,1,1,0,12
3,1540,1,1,0,0,12
3,1545,1,1,1,0,12
3,1552,1,1,0,1,12
3,1555,1,1,1,0,12
3,1563,1,1,1,0,12
3,1583,1,1,0,1,12
3,1611,1,1,0,0,12
3,1627,1,1,0,0,12
3,1631,1,1,0,0,12
3,1649,1,1,1,0,12
3,1656,1,1,0,0,12
3,1660,1,1,0,0,12
3,1739,1,1,1,0,12
3,1754,1,1,0,0,12
3,1757,1,1,0,0,12
3,1772,1,1,1,0,12
3,1784,1,1,0,0,12
3,1816,1,1,0,0,12
3,1838,1,1,0,0,12
3,1839,1,1,0,1,12
3,1868,1,1,0,0,12
3,1879,1,1,0,0,12
3,1889,1,1,0,0,12
3,1909,1,1,0,0,12
3,1921,1,1,0,0,12
3,1927,1,1,0,0,12
3,1940,1,1,0,0,12
3,1942,1,1,0,0,12
3,1946,1,1,1,0,12
3,1954,1,1,0,0,12
3,1959,1,1,0,0,12
3,1964,1,1,0,0,12
3,1982,1,1,0,0,12
3,1983,1,1,0,0,12
3,2001,1,1,1,0,12
3,2003,1,1,0,0,12
3,2015,1,1,0,1,12
3,2026,1,1,0,0,12
3,2057,1,1,1,0,12
3,2081,1,1,0,0,12
3,2106,1,1,1,0,12
3,2119,1,1,0,0,12
3,2120,1,1,0,1,12
3,2139,1,1,0,0,12
3,2153,1,1,0,0,12
3,2157,1,1,1,0,12
3,2160,1,1,0,1,12
3,2183,1,1,0,0,12
3,2185,1,1,0,1,12
3,2237,1,1,0,1,12
3,2273,1,1,0,0,12
3,2334,1,1,0,0,12
3,2372,1,1,0,1,12
3,2381,1,1,0,1,12
3,2392,1,1,0,1,12
3,2401,1,1,0,0,12
3,2447,1,1,1,0,12
3,2454,1,1,1,0,12
3,2458,1,1,0,1,12
3,2482,1,1,0,1,12
3,2489,1,1,0,0,12
3,2519,1,1,0,0,12
3,2522,1,1,0,0,12
3,2530,1,1,1,0,12
3,2536,1,1,0,0,12
3,2545,1,1,0,0,12
3,2562,1,1,0,1,12
3,2574,1,1,1,0,12
3,2614,1,1,0,0,12
3,2644,1,1,1,0,12
3,2646,1,1,0,0,12
3,2650,1,1,1,0,12
3,2717,1,1,1,0,12
3,2738,1,1,0,1,12
3,2752,1,1,0,1,12
3,2817,1,1,0,1,12
3,2833,1,1,0,0,12
3,2839,1,1,0,0,12
3,2851,1,1,0,0,12
3,2859,1,1,0,0,12
3,2863,1,1,1,0,12
3,2911,1,1,0,0,12
3,2927,1,1,0,1,12
3,2948,1,1,1,0,12
3,2957,1,1,0,0,12
3,2966,1,1,0,0,12
3,2979,1,1,0,0,12
3,3030,1,1,1,0,12
3,3039,1,1,0,0,12
3,3043,1,1,0,1,12
3,3048,1,1,1,0,12
3,3051,1,1,0,0,12
3,3093,1,1,0,1,12
3,3094,1,1,1,0,12
3,3104,1,1,0,1,12
3,3134,1,1,0,0,12
3,3153,1,1,0,0,12
3,3189,1,1,0,1,12
3,3198,1,1,0,1,12
3,3206,1,1,0,0,12
3,3227,1,1,0,0,12
3,3248,1,1,0,0,12
3,3252,1,1,0,0,12
3,3277,1,1,0,1,12
3,3287,1,1,0,1,12
3,3323,1,1,0,0,12
3,3341,1,1,0,1,12
3,3362,1,1,0,0,12
3,3377,1,1,0,0,12
3,3386,1,1,1,0,12
3,3420,1,1,0,0,12
3,3451,1,1,0,1,12
3,3452,1,1,0,1,12
3,3462,1,1,1,0,12
3,3468,1,1,0,0,12
3,3472,1,1,0,0,12
3,3502,1,1,1,0,12
3,3519,1,1,0,0,12
3,3521,1,1,0,0,12
3,3527,1,1,0,1,12
3,3571,1,1,1,0,12
3,3577,1,1,0,0,12
3,3627,1,1,0,0,12
3,3635,1,1,1,0,12
3,3642,1,1,0,1,12
3,3661,1,1,1,0,12
3,3662,1,1,0,0,12
3,3695,1,1,0,1,12
3,3732,1,1,0,0,12
3,3774,1,1,0,0,12
3,3786,1,1,1,0,12
3,3852,1,1,1,0,12
3,3867,1,1,0,0,12
3,3869,1,1,0,0,12
3,3875,1,1,0,0,12
3,3929,1,1,0,0,12
3,3932,1,1,0,1,12
3,3943,1,1,0,0,12
3,3953,1,1,0,0,12
3,3964,1,1,1,0,12
3,3983,1,1,0,1,12
3,3999,1,1,0,0,12
3,4057,1,1,0,0,12
3,4073,1,1,1,0,12
3,4122,1,1,0,0,12
3,4145,1,1,0,1,12
3,4151,1,1,0,0,12
3,4164,1,1,0,0,12
3,4169,1,1,1,0,12
3,4185,1,1,0,0,12
3,4213,1,1,0,0,12
3,4229,1,1,0,0,12
3,4242,1,1,0,1,12
3,4250,1,1,0,0,12
3,4258,1,1,1,0,12
3,4289,1,1,1,0,12
3,4302,1,1,0,0,12
3,4317,1,1,0,1,12
3,4332,1,1,1,0,12
3,4351,1,1,0,0,12
3,4393,1,1,0,0,12
3,4422,1,1,0,1,12
3,4433,1,1,0,0,12
3,4471,1,1,1,0,12
3,4481,1,1,1,0,12
3,4505,1,1,1,0,12
3,4541,1,1,1,0,12
3,4547,1,1,0,0,12
3,4564,1,1,0,0,12
3,4589,1,1,0,1,12
3,4600,1,1,1,0,12
3,4613,1,1,0,0,12
3,4665,1,1,0,0,12
3,4702,1,1,0,0,12
3,4728,1,1,1,0,12
3,4762,1,1,1,0,12
3,4765,1,1,1,0,12
3,4781,1,1,0,0,12
3,4846,1,1,1,0,12
3,4861,1,1,0,0,12
3,4864,1,1,0,1,12
3,4943,1,1,1,0,12
3,4964,1,1,0,0,12
3,4979,1,1,0,1,12
3,4992,1,1,1,0,12
3,5,1,2,0,0,13
3,8,1,2,0,2,13
3,12,1,2,0,0,13
3,16,1,2,0,0,13
3,19,1,2,0,0,13
3,24,1,2,0,0,13
3,26,1,2,0,2,13
3,33,1,2,0,0,13
3,39,1,2,0,2,13
3,44,1,2,1,0,13
3,45,1,2,0,0,13
3,56,1,2,0,2,13
3,57,1,2,0,0,13
3,63,1,2,1,0,13
3,72,1,2,0,1,13
3,83,1,2,1,0,13
3,87,1,2,0,0,13
3,112,1,2,0,2,13
3,118,1,2,0,0,13
3,123,1,2,0,0,13
3,126,1,2,0,0,13
3,127,1,2,0,2,13
3,129,1,2,0,0,13
3,144,1,2,0,0,13
3,147,1,2,0,0,13
3,152,1,2,0,0,13
3,170,1,2,0,0,13
3,189,1,2,1,0,13
3,196,1,2,0,2,13
3,202,1,2,1,0,13
3,217,1,2,0,0,13
3,225,1,2,1,0,13
3,236,1,2,0,0,13
3,248,1,2,0,0,13
3,253,1,2,0,0,13
3,257,1,2,1,0,13
3,259,1,2,0,0,13
3,260,1,2,0,0,13
3,266,1,2,1,0,13
3,276,1,2,0,2,13
3,279,1,2,0,0,13
3,280,1,2,0,0,13
3,282,1,2,0,0,13
3,285,1,2,0,2,13
3,307,1,2,0,0,13
3,309,1,2,0,0,13
3,316,1,2,1,0,13
3,319,1,2,0,0,13
3,320,1,2,0,0,13
3,322,1,2,0,0,13
3,326,1,2,0,0,13
3,339,1,2,0,2,13
3,344,1,2,0,0,13
3,345,1,2,1,0,13
3,356,1,2,0,0,13
3,357,1,2,0,0,13
3,360,1,2,0,2,13
3,368,1,2,0,0,13
3,373,1,2,1,0,13
3,374,1,2,0,2,13
3,376,1,2,0,0,13
3,382,1,2,0,2,13
3,397,1,2,0,0,13
3,399,1,2,0,0,13
3,400,1,2,0,0,13
3,409,1,2,0,0,13
3,421,1,2,0,0,13
3,427,1,2,1,0,13
3,433,1,2,1,0,13
3,462,1,2,0,0,13
3,467,1,2,0,0,13
3,474,1,2,1,0,13
3,493,1,2,1,0,13
3,498,1,2,0,0,13
3,499,1,2,0,0,13
3,505,1,2,0,0,13
3,506,1,2,1,0,13
3,516,1,2,1,0,13
3,530,1,2,0,2,13
3,531,1,2,0,0,13
3,533,1,2,0,0,13
3,541,1,2,0,0,13
3,543,1,2,0,0,13
3,566,1,2,0,1,13
3,573,1,2,0,0,13
3,581,1,2,0,0,13
3,584,1,2,0,2,13
3,596,1,2,0,0,13
3,600,1,2,1,0,13
3,603,1,2,0,0,13
3,605,1,2,1,0,13
3,608,1,2,0,0,13
3,610,1,2,0,0,13
3,619,1,2,0,0,13
3,621,1,2,1,0,13
3,622,1,2,0,0,13
3,631,1,2,0,0,13
3,632,1,2,0,0,13
3,636,1,2,0,0,13
3,641,1,2,0,1,13
3,655,1,2,0,0,13
3,665,1,2,0,2,13
3,667,1,2,0,0,13
3,668,1,2,0,0,13
3,671,1,2,0,2,13
3,674,1,2,0,0,13
3,677,1,2,0,2,13
3,683,1,2,0,0,13
3,688,1,2,0,0,13
3,694,1,2,1,0,13
3,699,1,2,0,0,13
3,702,1,2,1,0,13
3,704,1,2,0,2,13
3,708,1,2,0,2,13
3,719,1,2,0,0,13
3,723,1,2,0,0,13
3,727,1,2,0,2,13
3,743,1,2,0,0,13
3,744,1,2,1,0,13
3,746,1,2,0,0,13
3,749,1,2,0,0,13
3,757,1,2,0,0,13
3,760,1,2,1,0,13
3,773,1,2,0,0,13
3,777,1,2,1,0,13
3,779,1,2,0,0,13
3,786,1,2,1,0,13
3,811,1,2,0,0,13
3,813,1,2,0,1,13
3,822,1,2,0,0,13
3,827,1,2,1,0,13
3,830,1,2,0,0,13
3,832,1,2,0,0,13
3,837,1,2,0,2,13
3,841,1,2,0,2,13
3,846,1,2,0,0,13
3,856,1,2,0,0,13
3,859,1,2,0,0,13
3,860,1,2,0,0,13
3,880,1,2,0,2,13
3,881,1,2,0,1,13
3,883,1,2,0,2,13
3,885,1,2,0,2,13
3,888,1,2,0,0,13
3,897,1,2,1,0,13
3,904,1,2,0,0,13
3,914,1,2,0,0,13
3,916,1,2,1,0,13
3,920,1,2,0,1,13
3,921,1,2,0,0,13
3,931,1,2,0,0,13
3,934,1,2,0,0,13
3,935,1,2,0,0,13
3,937,1,2,0,2,13
3,949,1,2,0,0,13
3,951,1,2,0,0,13
3,957,1,2,1,0,13
3,960,1,2,0,0,13
3,964,1,2,0,2,13
3,965,1,2,0,2,13
3,979,1,2,0,0,13
3,981,1,2,0,2,13
3,985,1,2,1,0,13
3,994,1,2,0,0,13
3,997,1,2,1,0,13
3,1011,1,2,1,0,13
3,1017,1,2,0,2,13
3,1018,1,2,0,2,13
3,1020,1,2,0,2,13
3,1031,1,2,0,0,13
3,1032,1,2,0,0,13
3,1034,1,2,0,0,13
3,1043,1,2,1,0,13
3,1045,1,2,0,0,13
3,1051,1,2,0,0,13
3,1053,1,2,0,1,13
3,1056,1,2,0,0,13
3,1072,1,2,1,0,13
3,1073,1,2,0,0,13
3,1074,1,2,0,0,13
3,1082,1,2,0,0,13
3,1087,1,2,0,0,13
3,1098,1,2,0,2,13
3,1099,1,2,0,0,13
3,1108,1,2,0,0,13
3,1111,1,2,1,0,13
3,1117,1,2,0,0,13
3,1120,1,2,0,0,13
3,1121,1,2,1,0,13
3,1126,1,2,0,0,13
3,1131,1,2,0,0,13
3,1138,1,2,1,0,13
3,1141,1,2,0,2,13
3,1155,1,2,0,0,13
3,1165,1,2,0,2,13
3,1189,1,2,0,0,13
3,1191,1,2,0,2,13
3,1192,1,2,0,2,13
3,1201,1,2,0,2,13
3,1211,1,2,0,0,13
3,1221,1,2,0,0,13
3,1227,1,2,1,0,13
3,1236,1,2,0,0,13
3,1249,1,2,1,0,13
3,1253,1,2,0,0,13
3,1267,1,2,0,0,13
3,1273,1,2,0,0,13
3,1276,1,2,0,2,13
3,1277,1,2,1,0,13
3,1280,1,2,1,0,13
3,1291,1,2,0,2,13
3,1303,1,2,0,2,13
3,1308,1,2,0,0,13
3,1309,1,2,1,0,13
3,1313,1,2,1,0,13
3,1316,1,2,0,0,13
3,1330,1,2,1,0,13
3,1334,1,2,0,0,13
3,1338,1,2,0,1,13
3,1340,1,2,0,0,13
3,1342,1,2,0,0,13
3,1343,1,2,0,2,13
3,1347,1,2,0,0,13
3,1353,1,2,0,0,13
3,1365,1,2,1,0,13
3,1377,1,2,0,0,13
3,1385,1,2,1,0,13
3,1388,1,2,0,0,13
3,1399,1,2,0,0,13
3,1406,1,2,0,0,13
3,1412,1,2,0,0,13
3,1416,1,2,1,0,13
3,1420,1,2,1,0,13
3,1430,1,2,0,0,13
3,1432,1,2,0,0,13
3,1441,1,2,0,0,13
3,1445,1,2,0,0,13
3,1453,1,2,1,0,13
3,1459,1,2,0,0,13
3,1467,1,2,0,0,13
3,1468,1,2,0,0,13
3,1473,1,2,0,0,13
3,1474,1,2,0,0,13
3,1480,1,2,0,0,13
3,1485,1,2,0,0,13
3,1490,1,2,0,0,13
3,1513,1,2,0,0,13
3,1516,1,2,0,0,13
3,1531,1,2,1,0,13
3,1539,1,2,0,2,13
3,1548,1,2,1,0,13
3,1549,1,2,0,0,13
3,1554,1,2,0,0,13
3,1556,1,2,1,0,13
3,1557,1,2,0,0,13
3,1561,1,2,1,0,13
3,1584,1,2,1,0,13
3,1585,1,2,0,2,13
3,1594,1,2,0,0,13
3,1599,1,2,0,1,13
3,1604,1,2,0,0,13
3,1605,1,2,1,0,13
3,1607,1,2,0,0,13
3,1610,1,2,0,0,13
3,1618,1,2,1,0,13
3,1619,1,2,0,0,13
3,1622,1,2,0,0,13
3,1632,1,2,0,0,13
3,1666,1,2,0,0,13
3,1668,1,2,0,2,13
3,1674,1,2,0,0,13
3,1676,1,2,0,0,13
3,1687,1,2,1,0,13
3,1688,1,2,0,2,13
3,1690,1,2,1,0,13
3,1693,1,2,0,0,13
3,1701,1,2,1,0,13
3,1707,1,2,0,0,13
3,1718,1,2,0,0,13
3,1720,1,2,0,0,13
3,1726,1,2,0,0,13
3,1740,1,2,1,0,13
3,1756,1,2,0,0,13
3,1760,1,2,0,2,13
3,1779,1,2,0,2,13
3,1780,1,2,1,0,13
3,1783,1,2,0,0,13
3,1792,1,2,0,2,13
3,1808,1,2,0,2,13
3,1823,1,2,0,0,13
3,1837,1,2,0,2,13
3,1845,1,2,0,0,13
3,1852,1,2,0,0,13
3,1855,1,2,0,0,13
3,1860,1,2,0,0,13
3,1867,1,2,0,0,13
3,1874,1,2,0,0,13
3,1887,1,2,0,0,13
3,1888,1,2,0,0,13
3,1902,1,2,0,2,13
3,1904,1,2,0,0,13
3,1920,1,2,0,0,13
3,1926,1,2,1,0,13
3,1931,1,2,1,0,13
3,1933,1,2,1,0,13
3,1935,1,2,0,2,13
3,1962,1,2,0,0,13
3,1970,1,2,0,0,13
3,1979,1,2,0,0,13
3,1990,1,2,0,0,13
3,1993,1,2,0,0,13
3,2000,1,2,1,0,13
3,2007,1,2,1,0,13
3,2010,1,2,0,0,13
3,2019,1,2,0,0,13
3,2025,1,2,0,0,13
3,2031,1,2,0,0,13
3,2046,1,2,0,0,13
3,2050,1,2,0,1,13
3,2058,1,2,0,0,13
3,2080,1,2,0,0,13
3,2087,1,2,0,0,13
3,2089,1,2,0,0,13
3,2092,1,2,0,0,13
3,2093,1,2,1,0,13
3,2105,1,2,0,0,13
3,2107,1,2,0,0,13
3,2112,1,2,0,0,13
3,2117,1,2,0,0,13
3,2128,1,2,1,0,13
3,2138,1,2,1,0,13
3,2140,1,2,0,1,13
3,2142,1,2,0,0,13
3,2149,1,2,0,0,13
3,2166,1,2,0,2,13
3,2194,1,2,0,0,13
3,2209,1,2,0,1,13
3,2210,1,2,0,0,13
3,2213,1,2,0,2,13
3,2218,1,2,0,2,13
3,2221,1,2,1,0,13
3,2224,1,2,0,0,13
3,2245,1,2,1,0,13
3,2246,1,2,0,0,13
3,2249,1,2,0,0,13
3,2252,1,2,1,0,13
3,2253,1,2,0,0,13
3,2271,1,2,0,0,13
3,2286,1,2,1,0,13
3,2302,1,2,0,2,13
3,2306,1,2,0,0,13
3,2309,1,2,0,2,13
3,2314,1,2,0,2,13
3,2317,1,2,1,0,13
3,2318,1,2,0,0,13
3,2324,1,2,0,0,13
3,2328,1,2,1,0,13
3,2337,1,2,0,0,13
3,2340,1,2,1,0,13
3,2349,1,2,0,2,13
3,2351,1,2,0,0,13
3,2357,1,2,0,0,13
3,2365,1,2,0,1,13
3,2377,1,2,0,1,13
3,2387,1,2,0,2,13
3,2393,1,2,1,0,13
3,2403,1,2,0,2,13
3,2411,1,2,0,0,13
3,2413,1,2,1,0,13
3,2417,1,2,0,0,13
3,2418,1,2,0,2,13
3,2419,1,2,1,0,13
3,2423,1,2,0,0,13
3,2424,1,2,0,0,13
3,2425,1,2,0,0,13
3,2431,1,2,0,0,13
3,2434,1,2,0,0,13
3,2438,1,2,1,0,13
3,2443,1,2,1,0,13
3,2462,1,2,0,0,13
3,2465,1,2,0,0,13
3,2479,1,2,0,1,13
3,2483,1,2,0,0,13
3,2485,1,2,1,0,13
3,2486,1,2,0,0,13
3,2492,1,2,0,0,13
3,2494,1,2,0,0,13
3,2507,1,2,0,0,13
3,2508,1,2,0,0,13
3,2511,1,2,0,0,13
3,2533,1,2,0,0,13
3,2541,1,2,0,0,13
3,2553,1,2,0,2,13
3,2555,1,2,0,0,13
3,2557,1,2,0,0,13
3,2568,1,2,1,0,13
3,2571,1,2,0,2,13
3,2572,1,2,0,0,13
3,2573,1,2,0,0,13
3,2593,1,2,0,0,13
3,2599,1,2,0,2,13
3,2600,1,2,0,2,13
3,2603,1,2,0,2,13
3,2629,1,2,1,0,13
3,2636,1,2,0,0,13
3,2639,1,2,0,0,13
3,2641,1,2,0,0,13
3,2647,1,2,0,0,13
3,2648,1,2,1,0,13
3,2654,1,2,0,0,13
3,2662,1,2,0,2,13
3,2665,1,2,0,0,13
3,2680,1,2,1,0,13
3,2685,1,2,0,0,13
3,2687,1,2,0,0,13
3,2692,1,2,0,0,13
3,2693,1,2,0,0,13
3,2695,1,2,0,0,13
3,2697,1,2,0,0,13
3,2703,1,2,1,0,13
3,2706,1,2,1,0,13
3,2707,1,2,0,0,13
3,2709,1,2,0,0,13
3,2715,1,2,0,0,13
3,2727,1,2,0,2,13
3,2733,1,2,0,2,13
3,2735,1,2,0,0,13
3,2739,1,2,1,0,13
3,2743,1,2,1,0,13
3,2748,1,2,1,0,13
3,2759,1,2,0,0,13
3,2762,1,2,0,2,13
3,2767,1,2,0,0,13
3,2769,1,2,0,2,13
3,2777,1,2,0,1,13
3,2780,1,2,1,0,13
3,2782,1,2,0,0,13
3,2785,1,2,0,0,13
3,2787,1,2,0,0,13
3,2791,1,2,0,0,13
3,2796,1,2,1,0,13
3,2803,1,2,1,0,13
3,2815,1,2,0,0,13
3,2828,1,2,0,0,13
3,2852,1,2,0,0,13
3,2853,1,2,0,0,13
3,2855,1,2,0,2,13
3,2866,1,2,0,0,13
3,2868,1,2,0,0,13
3,2887,1,2,0,0,13
3,2898,1,2,0,0,13
3,2902,1,2,0,0,13
3,2903,1,2,1,0,13
3,2905,1,2,0,2,13
3,2916,1,2,0,2,13
3,2918,1,2,0,0,13
3,2929,1,2,0,0,13
3,2930,1,2,0,0,13
3,2931,1,2,0,2,13
3,2932,1,2,0,2,13
3,2943,1,2,0,0,13
3,2953,1,2,0,2,13
3,2965,1,2,0,2,13
3,2993,1,2,0,0,13
3,2998,1,2,0,0,13
3,2999,1,2,0,0,13
3,3003,1,2,0,0,13
3,3010,1,2,0,1,13
3,3011,1,2,0,2,13
3,3021,1,2,0,0,13
3,3026,1,2,0,0,13
3,3042,1,2,0,2,13
3,3044,1,2,0,0,13
3,3046,1,2,0,0,13
3,3050,1,2,1,0,13
3,3052,1,2,0,0,13
3,3054,1,2,0,0,13
3,3069,1,2,1,0,13
3,3071,1,2,0,0,13
3,3076,1,2,0,0,13
3,3078,1,2,0,0,13
3,3079,1,2,1,0,13
3,3095,1,2,0,1,13
3,3100,1,2,0,0,13
3,3101,1,2,0,0,13
3,3103,1,2,1,0,13
3,3105,1,2,0,0,13
3,3115,1,2,0,1,13
3,3130,1,2,0,0,13
3,3155,1,2,0,0,13
3,3171,1,2,0,0,13
3,3172,1,2,0,2,13
3,3175,1,2,0,0,13
3,3184,1,2,0,2,13
3,3192,1,2,0,2,13
3,3196,1,2,1,0,13
3,3202,1,2,0,2,13
3,3203,1,2,0,0,13
3,3204,1,2,0,2,13
3,3207,1,2,0,0,13
3,3218,1,2,1,0,13
3,3233,1,2,0,2,13
3,3244,1,2,1,0,13
3,3255,1,2,0,0,13
3,3269,1,2,0,0,13
3,3282,1,2,1,0,13
3,3284,1,2,0,0,13
3,3290,1,2,0,1,13
3,3292,1,2,0,0,13
3,3297,1,2,0,0,13
3,3304,1,2,0,0,13
3,3318,1,2,0,0,13
3,3322,1,2,0,0,13
3,3327,1,2,0,1,13
3,3336,1,2,0,1,13
3,3342,1,2,0,0,13
3,3357,1,2,0,0,13
3,3369,1,2,0,0,13
3,3371,1,2,1,0,13
3,3385,1,2,1,0,13
3,3393,1,2,0,2,13
3,3405,1,2,0,0,13
3,3408,1,2,0,0,13
3,3409,1,2,0,0,13
3,3413,1,2,0,0,13
3,3415,1,2,1,0,13
3,3418,1,2,0,0,13
3,3421,1,2,0,0,13
3,3436,1,2,0,2,13
3,3442,1,2,0,0,13
3,3443,1,2,0,2,13
3,3444,1,2,0,0,13
3,3448,1,2,0,0,13
3,3460,1,2,0,2,13
3,3464,1,2,0,0,13
3,3465,1,2,0,0,13
3,3475,1,2,0,0,13
3,3482,1,2,0,0,13
3,3487,1,2,1,0,13
3,3493,1,2,0,0,13
3,3494,1,2,0,0,13
3,3499,1,2,0,0,13
3,3504,1,2,0,0,13
3,3506,1,2,0,0,13
3,3508,1,2,0,0,13
3,3509,1,2,0,0,13
3,3514,1,2,0,0,13
3,3520,1,2,0,0,13
3,3533,1,2,1,0,13
3,3545,1,2,1,0,13
3,3557,1,2,0,0,13
3,3559,1,2,0,0,13
3,3565,1,2,0,2,13
3,3572,1,2,1,0,13
3,3575,1,2,0,0,13
3,3576,1,2,0,0,13
3,3590,1,2,0,2,13
3,3611,1,2,0,0,13
3,3620,1,2,1,0,13
3,3624,1,2,0,0,13
3,3633,1,2,0,1,13
3,3634,1,2,1,0,13
3,3653,1,2,0,0,13
3,3654,1,2,1,0,13
3,3663,1,2,0,0,13
3,3667,1,2,0,2,13
3,3676,1,2,0,1,13
3,3683,1,2,1,0,13
3,3701,1,2,0,0,13
3,3713,1,2,1,0,13
3,3714,1,2,1,0,13
3,3715,1,2,0,1,13
3,3723,1,2,0,2,13
3,3725,1,2,0,1,13
3,3731,1,2,0,0,13
3,3736,1,2,0,1,13
3,3738,1,2,0,2,13
3,3743,1,2,0,0,13
3,3747,1,2,0,2,13
3,3751,1,2,0,0,13
3,3761,1,2,0,0,13
3,3763,1,2,0,0,13
3,3777,1,2,0,0,13
3,3780,1,2,1,0,13
3,3798,1,2,0,0,13
3,3805,1,2,0,0,13
3,3806,1,2,0,0,13
3,3807,1,2,0,1,13
3,3817,1,2,0,0,13
3,3833,1,2,0,0,13
3,3844,1,2,0,0,13
3,3864,1,2,0,2,13
3,3874,1,2,1,0,13
3,3890,1,2,0,0,13
3,3900,1,2,0,0,13
3,3911,1,2,0,2,13
3,3914,1,2,1,0,13
3,3919,1,2,0,0,13
3,3920,1,2,0,1,13
3,3921,1,2,0,2,13
3,3928,1,2,0,2,13
3,3933,1,2,0,0,13
3,3960,1,2,0,0,13
3,3965,1,2,0,0,13
3,3968,1,2,0,0,13
3,3969,1,2,0,0,13
3,3973,1,2,0,2,13
3,3978,1,2,0,2,13
3,3981,1,2,0,2,13
3,3985,1,2,0,2,13
3,3987,1,2,0,0,13
3,3991,1,2,0,0,13
3,3995,1,2,0,0,13
3,3997,1,2,0,0,13
3,4007,1,2,0,0,13
3,4014,1,2,1,0,13
3,4016,1,2,0,2,13
3,4050,1,2,0,2,13
3,4056,1,2,0,0,13
3,4066,1,2,1,0,13
3,4069,1,2,0,2,13
3,4071,1,2,0,1,13
3,4072,1,2,0,0,13
3,4077,1,2,0,2,13
3,4078,1,2,0,0,13
3,4080,1,2,0,0,13
3,4082,1,2,0,0,13
3,4084,1,2,0,0,13
3,4086,1,2,0,2,13
3,4123,1,2,0,2,13
3,4140,1,2,0,0,13
3,4161,1,2,1,0,13
3,4166,1,2,0,0,13
3,4188,1,2,0,0,13
3,4192,1,2,0,0,13
3,4200,1,2,1,0,13
3,4208,1,2,0,0,13
3,4211,1,2,0,1,13
3,4217,1,2,1,0,13
3,4232,1,2,0,0,13
3,4233,1,2,0,2,13
3,4237,1,2,1,0,13
3,4239,1,2,0,0,13
3,4254,1,2,0,0,13
3,4265,1,2,0,0,13
3,4266,1,2,1,0,13
3,4281,1,2,0,0,13
3,4285,1,2,0,0,13
3,4299,1,2,0,0,13
3,4300,1,2,0,0,13
3,4306,1,2,0,0,13
3,4330,1,2,1,0,13
3,4335,1,2,1,0,13
3,4337,1,2,0,2,13
3,4348,1,2,0,0,13
3,4356,1,2,0,2,13
3,4358,1,2,0,2,13
3,4368,1,2,0,0,13
3,4376,1,2,1,0,13
3,4381,1,2,0,0,13
3,4389,1,2,0,1,13
3,4400,1,2,0,2,13
3,4402,1,2,0,0,13
3,4408,1,2,0,0,13
3,4412,1,2,0,0,13
3,4417,1,2,0,0,13
3,4421,1,2,0,1,13
3,4423,1,2,0,0,13
3,4435,1,2,0,0,13
3,4436,1,2,0,1,13
3,4447,1,2,0,2,13
3,4451,1,2,0,2,13
3,4461,1,2,0,0,13
3,4479,1,2,0,1,13
3,4488,1,2,0,1,13
3,4490,1,2,0,0,13
3,4491,1,2,0,2,13
3,4516,1,2,1,0,13
3,4520,1,2,1,0,13
3,4527,1,2,0,0,13
3,4528,1,2,1,0,13
3,4538,1,2,0,0,13
3,4544,1,2,0,0,13
3,4546,1,2,0,2,13
3,4551,1,2,0,0,13
3,4573,1,2,0,0,13
3,4575,1,2,0,0,13
3,4581,1,2,0,0,13
3,4595,1,2,1,0,13
3,4598,1,2,1,0,13
3,4604,1,2,0,2,13
3,4619,1,2,0,0,13
3,4620,1,2,1,0,13
3,4627,1,2,1,0,13
3,4635,1,2,0,2,13
3,4638,1,2,1,0,13
3,4651,1,2,0,0,13
3,4652,1,2,0,2,13
3,4655,1,2,0,0,13
3,4657,1,2,1,0,13
3,4658,1,2,0,2,13
3,4662,1,2,0,0,13
3,4671,1,2,1,0,13
3,4673,1,2,0,0,13
3,4674,1,2,0,0,13
3,4682,1,2,0,0,13
3,4685,1,2,1,0,13
3,4688,1,2,0,0,13
3,4694,1,2,0,0,13
3,4700,1,2,1,0,13
3,4712,1,2,1,0,13
3,4720,1,2,0,0,13
3,4724,1,2,1,0,13
3,4726,1,2,1,0,13
3,4731,1,2,0,0,13
3,4732,1,2,0,0,13
3,4748,1,2,0,0,13
3,4749,1,2,0,1,13
3,4751,1,2,0,1,13
3,4755,1,2,0,0,13
3,4759,1,2,0,0,13
3,4774,1,2,0,0,13
3,4785,1,2,0,0,13
3,4788,1,2,0,0,13
3,4792,1,2,0,0,13
3,4793,1,2,1,0,13
3,4794,1,2,0,0,13
3,4796,1,2,0,0,13
3,4801,1,2,0,0,13
3,4808,1,2,0,2,13
3,4813,1,2,1,0,13
3,4817,1,2,0,0,13
3,4827,1,2,1,0,13
3,4831,1,2,0,2,13
3,4844,1,2,0,0,13
3,4845,1,2,0,0,13
3,4848,1,2,0,0,13
3,4857,1,2,0,0,13
3,4872,1,2,0,0,13
3,4880,1,2,0,2,13
3,4882,1,2,0,2,13
3,4890,1,2,0,0,13
3,4900,1,2,0,1,13
3,4903,1,2,0,0,13
3,4916,1,2,0,0,13
3,4921,1,2,0,0,13
3,4923,1,2,1,0,13
3,4930,1,2,0,0,13
3,4932,1,2,0,0,13
3,4940,1,2,0,0,13
3,4949,1,2,0,0,13
3,4950,1,2,0,1,13
3,4951,1,2,0,0,13
3,4963,1,2,0,1,13
3,4974,1,2,0,0,13
3,4980,1,2,0,0,13
3,4981,1,2,0,0,13
3,4987,1,2,0,2,13
3,4995,1,2,0,0,13
3,37,1,1,1,0,14
3,64,1,1,0,1,14
3,68,1,1,1,0,14
3,70,1,1,0,1,14
3,71,1,1,0,1,14
3,75,1,1,0,1,14
3,79,1,1,1,0,14
3,90,1,1,0,1,14
3,91,1,1,0,0,14
3,173,1,1,1,0,14
3,183,1,1,0,1,14
3,191,1,1,1,0,14
3,200,1,1,0,0,14
3,201,1,1,0,0,14
3,215,1,1,0,0,14
3,218,1,1,0,0,14
3,219,1,1,0,1,14
3,229,1,1,0,0,14
3,242,1,1,1,0,14
3,245,1,1,1,0,14
3,252,1,1,0,1,14
3,263,1,1,0,0,14
3,290,1,1,0,0,14
3,291,1,1,0,0,14
3,300,1,1,0,0,14
3,302,1,1,0,0,14
3,304,1,1,1,0,14
3,310,1,1,0,0,14
3,325,1,1,0,0,14
3,334,1,1,0,0,14
3,366,1,1,1,0,14
3,383,1,1,0,0,14
3,387,1,1,0,1,14
3,431,1,1,1,0,14
3,438,1,1,1,0,14
3,455,1,1,0,1,14
3,457,1,1,0,0,14
3,486,1,1,0,0,14
3,489,1,1,1,0,14
3,510,1,1,1,0,14
3,513,1,1,1,0,14
3,523,1,1,0,0,14
3,539,1,1,0,1,14
3,555,1,1,0,0,14
3,558,1,1,1,0,14
3,561,1,1,0,1,14
3,580,1,1,0,0,14
3,609,1,1,1,0,14
3,623,1,1,1,0,14
3,625,1,1,0,0,14
3,633,1,1,1,0,14
3,642,1,1,0,0,14
3,658,1,1,0,0,14
3,687,1,1,0,0,14
3,724,1,1,0,0,14
3,731,1,1,0,0,14
3,740,1,1,0,0,14
3,758,1,1,0,0,14
3,770,1,1,0,1,14
3,809,1,1,0,1,14
3,821,1,1,0,0,14
3,834,1,1,0,0,14
3,839,1,1,0,0,14
3,870,1,1,0,0,14
3,896,1,1,0,0,14
3,912,1,1,0,1,14
3,927,1,1,1,0,14
3,972,1,1,0,1,14
3,975,1,1,1,0,14
3,982,1,1,0,0,14
3,989,1,1,0,0,14
3,1007,1,1,1,0,14
3,1008,1,1,0,0,14
3,1012,1,1,0,1,14
3,1023,1,1,1,0,14
3,1026,1,1,0,1,14
3,1036,1,1,0,0,14
3,1044,1,1,0,1,14
3,1048,1,1,0,0,14
3,1052,1,1,0,0,14
3,1062,1,1,0,0,14
3,1066,1,1,0,0,14
3,1069,1,1,0,1,14
3,1071,1,1,0,0,14
3,1076,1,1,0,0,14
3,1092,1,1,0,0,14
3,1139,1,1,0,0,14
3,1142,1,1,0,1,14
3,1144,1,1,0,0,14
3,1147,1,1,0,0,14
3,1161,1,1,0,1,14
3,1178,1,1,0,0,14
3,1190,1,1,0,0,14
3,1208,1,1,0,1,14
3,1222,1,1,0,1,14
3,1226,1,1,0,0,14
3,1251,1,1,0,1,14
3,1278,1,1,1,0,14
3,1281,1,1,0,1,14
3,1283,1,1,0,0,14
3,1301,1,1,0,0,14
3,1302,1,1,0,0,14
3,1304,1,1,0,1,14
3,1318,1,1,0,0,14
3,1323,1,1,1,0,14
3,1327,1,1,0,0,14
3,1348,1,1,0,0,14
3,1349,1,1,0,0,14
3,1401,1,1,0,1,14
3,1404,1,1,0,0,14
3,1418,1,1,1,0,14
3,1431,1,1,0,1,14
3,1438,1,1,1,0,14
3,1462,1,1,1,0,14
3,1471,1,1,0,1,14
3,1493,1,1,1,0,14
3,1502,1,1,0,0,14
3,1507,1,1,1,0,14
3,1508,1,1,1,0,14
3,1522,1,1,1,0,14
3,1581,1,1,0,1,14
3,1588,1,1,0,0,14
3,1597,1,1,0,0,14
3,1608,1,1,0,1,14
3,1624,1,1,0,1,14
3,1641,1,1,1,0,14
3,1647,1,1,0,0,14
3,1653,1,1,0,1,14
3,1662,1,1,0,0,14
3,1677,1,1,0,0,14
3,1678,1,1,1,0,14
3,1683,1,1,0,0,14
3,1710,1,1,0,1,14
3,1719,1,1,0,0,14
3,1722,1,1,0,0,14
3,1751,1,1,0,1,14
3,1753,1,1,0,0,14
3,1778,1,1,0,0,14
3,1786,1,1,0,0,14
3,1799,1,1,1,0,14
3,1806,1,1,0,1,14
3,1815,1,1,1,0,14
3,1824,1,1,1,0,14
3,1830,1,1,0,1,14
3,1834,1,1,1,0,14
3,1841,1,1,0,0,14
3,1844,1,1,0,0,14
3,1858,1,1,0,0,14
3,1878,1,1,0,0,14
3,1918,1,1,0,0,14
3,1922,1,1,0,0,14
3,1925,1,1,0,1,14
3,1961,1,1,0,0,14
3,1966,1,1,1,0,14
3,1981,1,1,1,0,14
3,1991,1,1,1,0,14
3,2009,1,1,0,0,14
3,2020,1,1,0,0,14
3,2049,1,1,0,0,14
3,2060,1,1,0,0,14
3,2061,1,1,0,0,14
3,2064,1,1,0,1,14
3,2075,1,1,0,0,14
3,2083,1,1,0,0,14
3,2102,1,1,0,0,14
3,2133,1,1,0,0,14
3,2137,1,1,0,0,14
3,2161,1,1,1,0,14
3,2181,1,1,1,0,14
3,2182,1,1,0,0,14
3,2187,1,1,0,0,14
3,2206,1,1,0,0,14
3,2222,1,1,1,0,14
3,2230,1,1,0,0,14
3,2231,1,1,0,0,14
3,2233,1,1,0,0,14
3,2242,1,1,1,0,14
3,2248,1,1,0,0,14
3,2272,1,1,0,0,14
3,2277,1,1,0,0,14
3,2289,1,1,0,0,14
3,2300,1,1,1,0,14
3,2310,1,1,1,0,14
3,2319,1,1,0,1,14
3,2323,1,1,0,0,14
3,2333,1,1,0,0,14
3,2342,1,1,1,0,14
3,2354,1,1,0,1,14
3,2371,1,1,0,1,14
3,2439,1,1,1,0,14
3,2449,1,1,0,1,14
3,2471,1,1,0,1,14
3,2476,1,1,0,1,14
3,2497,1,1,0,0,14
3,2501,1,1,0,0,14
3,2502,1,1,1,0,14
3,2538,1,1,1,0,14
3,2566,1,1,0,0,14
3,2567,1,1,0,0,14
3,2609,1,1,0,1,14
3,2612,1,1,0,0,14
3,2616,1,1,0,0,14
3,2620,1,1,0,0,14
3,2642,1,1,1,0,14
3,2649,1,1,1,0,14
3,2679,1,1,1,0,14
3,2710,1,1,0,1,14
3,2757,1,1,1,0,14
3,2771,1,1,1,0,14
3,2772,1,1,0,0,14
3,2794,1,1,0,0,14
3,2809,1,1,1,0,14
3,2826,1,1,0,0,14
3,2840,1,1,0,0,14
3,2881,1,1,1,0,14
3,2917,1,1,1,0,14
3,2922,1,1,0,0,14
3,2955,1,1,1,0,14
3,2972,1,1,0,1,14
3,2988,1,1,0,1,14
3,3057,1,1,0,0,14
3,3072,1,1,1,0,14
3,3074,1,1,0,0,14
3,3080,1,1,1,0,14
3,3081,1,1,0,0,14
3,3128,1,1,0,1,14
3,3132,1,1,0,0,14
3,3133,1,1,1,0,14
3,3140,1,1,0,1,14
3,3147,1,1,0,0,14
3,3159,1,1,0,0,14
3,3220,1,1,1,0,14
3,3245,1,1,0,0,14
3,3249,1,1,0,0,14
3,3267,1,1,0,0,14
3,3271,1,1,0,0,14
3,3273,1,1,0,1,14
3,3276,1,1,0,0,14
3,3288,1,1,0,0,14
3,3311,1,1,0,0,14
3,3328,1,1,0,0,14
3,3346,1,1,0,1,14
3,3355,1,1,0,1,14
3,3359,1,1,0,0,14
3,3361,1,1,0,0,14
3,3363,1,1,0,0,14
3,3381,1,1,0,0,14
3,3390,1,1,0,1,14
3,3440,1,1,0,0,14
3,3447,1,1,0,1,14
3,3484,1,1,1,0,14
3,3489,1,1,0,0,14
3,3497,1,1,0,1,14
3,3537,1,1,1,0,14
3,3551,1,1,1,0,14
3,3552,1,1,0,0,14
3,3573,1,1,0,0,14
3,3581,1,1,1,0,14
3,3645,1,1,0,0,14
3,3647,1,1,0,0,14
3,3681,1,1,1,0,14
3,3685,1,1,0,0,14
3,3687,1,1,0,0,14
3,3709,1,1,0,0,14
3,3710,1,1,0,0,14
3,3726,1,1,0,1,14
3,3784,1,1,0,0,14
3,3789,1,1,1,0,14
3,3792,1,1,0,1,14
3,3800,1,1,0,0,14
3,3829,1,1,1,0,14
3,3845,1,1,0,0,14
3,3878,1,1,1,0,14
3,3881,1,1,0,0,14
3,3886,1,1,1,0,14
3,3938,1,1,0,0,14
3,3940,1,1,1,0,14
3,3951,1,1,0,1,14
3,3954,1,1,0,0,14
3,4009,1,1,0,1,14
3,4023,1,1,0,0,14
3,4024,1,1,0,0,14
3,4027,1,1,0,1,14
3,4065,1,1,0,0,14
3,4068,1,1,0,0,14
3,4074,1,1,0,0,14
3,4090,1,1,0,1,14
3,4105,1,1,0,0,14
3,4115,1,1,0,0,14
3,4120,1,1,0,0,14
3,4128,1,1,0,0,14
3,4135,1,1,0,0,14
3,4146,1,1,0,0,14
3,4147,1,1,1,0,14
3,4173,1,1,0,0,14
3,4175,1,1,0,1,14
3,4204,1,1,0,1,14
3,4255,1,1,0,0,14
3,4256,1,1,1,0,14
3,4262,1,1,0,0,14
3,4270,1,1,1,0,14
3,4276,1,1,1,0,14
3,4286,1,1,0,0,14
3,4295,1,1,1,0,14
3,4298,1,1,0,0,14
3,4308,1,1,0,0,14
3,4322,1,1,1,0,14
3,4339,1,1,1,0,14
3,4354,1,1,0,0,14
3,4360,1,1,0,0,14
3,4384,1,1,1,0,14
3,4409,1,1,0,0,14
3,4424,1,1,1,0,14
3,4440,1,1,1,0,14
3,4443,1,1,0,0,14
3,4444,1,1,0,0,14
3,4449,1,1,0,0,14
3,4476,1,1,0,1,14
3,4480,1,1,0,0,14
3,4482,1,1,1,0,14
3,4489,1,1,0,0,14
3,4493,1,1,1,0,14
3,4497,1,1,1,0,14
3,4499,1,1,0,0,14
3,4507,1,1,0,0,14
3,4518,1,1,0,1,14
3,4559,1,1,0,0,14
3,4583,1,1,0,1,14
3,4596,1,1,0,0,14
3,4599,1,1,0,0,14
3,4629,1,1,0,0,14
3,4634,1,1,1,0,14
3,4670,1,1,0,0,14
3,4699,1,1,0,0,14
3,4710,1,1,0,0,14
3,4715,1,1,0,0,14
3,4725,1,1,0,0,14
3,4730,1,1,0,0,14
3,4741,1,1,0,1,14
3,4752,1,1,0,0,14
3,4754,1,1,0,1,14
3,4761,1,1,0,0,14
3,4773,1,1,0,1,14
3,4784,1,1,0,0,14
3,4787,1,1,0,0,14
3,4798,1,1,1,0,14
3,4799,1,1,0,0,14
3,4811,1,1,0,0,14
3,4819,1,1,1,0,14
3,4823,1,1,0,0,14
3,4834,1,1,1,0,14
3,4838,1,1,0,0,14
3,4840,1,1,0,1,14
3,4854,1,1,0,0,14
3,4855,1,1,1,0,14
3,4869,1,1,0,0,14
3,4870,1,1,1,0,14
3,4892,1,1,0,0,14
3,4933,1,1,0,0,14
3,4947,1,1,0,1,14
3,4957,1,1,0,0,14
3,4994,1,1,0,0,14
4,2,3,0,0,0,0
4,25,3,0,0,0,0
4,31,3,0,0,0,0
4,34,3,0,3,0,0
4,53,3,0,0,0,0
4,58,3,0,0,0,0
4,67,3,0,0,0,0
4,73,3,0,3,0,0
4,74,3,0,3,0,0
4,80,3,0,0,0,0
4,88,3,0,0,0,0
4,92,3,0,0,0,0
4,98,3,0,0,0,0
4,105,3,0,0,0,0
4,106,3,0,0,0,0
4,142,3,0,0,0,0
4,154,3,0,0,0,0
4,156,3,0,0,0,0
4,160,3,0,0,0,0
4,187,3,0,0,0,0
4,199,3,0,3,0,0
4,212,3,0,0,0,0
4,224,3,0,0,0,0
4,249,3,0,3,0,0
4,277,3,0,3,0,0
4,298,3,0,3,0,0
4,324,3,0,0,0,0
4,328,3,0,3,0,0
4,363,3,0,0,0,0
4,375,3,0,0,0,0
4,410,3,0,0,0,0
4,411,3,0,0,0,0
4,413,3,0,0,0,0
4,416,3,0,3,0,0
4,434,3,0,0,0,0
4,444,3,0,3,0,0
4,458,3,0,0,0,0
4,460,3,0,0,0,0
4,502,3,0,0,0,0
4,503,3,0,0,0,0
4,509,3,0,0,0,0
4,519,3,0,0,0,0
4,528,3,0,1,0,0
4,529,3,0,0,0,0
4,532,3,0,3,0,0
4,546,3,0,0,0,0
4,549,3,0,0,0,0
4,551,3,0,0,0,0
4,562,3,0,3,0,0
4,620,3,0,3,0,0
4,654,3,0,0,0,0
4,666,3,0,0,0,0
4,681,3,0,0,0,0
4,684,3,0,0,0,0
4,714,3,0,0,0,0
4,734,3,0,3,0,0
4,768,3,0,0,0,0
4,771,3,0,0,0,0
4,780,3,0,3,0,0
4,789,3,0,0,0,0
4,793,3,0,0,0,0
4,820,3,0,0,0,0
4,845,3,0,0,0,0
4,869,3,0,0,0,0
4,922,3,0,0,0,0
4,983,3,0,0,0,0
4,1003,3,0,0,0,0
4,1015,3,0,0,0,0
4,1021,3,0,0,0,0
4,1027,3,0,0,0,0
4,1122,3,0,0,0,0
4,1133,3,0,3,0,0
4,1140,3,0,3,0,0
4,1150,3,0,0,0,0
4,1151,3,0,1,0,0
4,1157,3,0,0,0,0
4,1159,3,0,0,0,0
4,1176,3,0,0,0,0
4,1184,3,0,0,0,0
4,1188,3,0,0,0,0
4,1195,3,0,0,0,0
4,1197,3,0,0,0,0
4,1210,3,0,1,0,0
4,1241,3,0,0,0,0
4,1243,3,0,0,0,0
4,1257,3,0,0,0,0
4,1264,3,0,0,0,0
4,1287,3,0,0,0,0
4,1306,3,0,0,0,0
4,1307,3,0,0,0,0
4,1328,3,0,0,0,0
4,1355,3,0,0,0,0
4,1356,3,0,0,0,0
4,1371,3,0,0,0,0
4,1394,3,0,0,0,0
4,1415,3,0,0,0,0
4,1421,3,0,0,0,0
4,1433,3,0,0,0,0
4,1451,3,0,0,0,0
4,1461,3,0,1,0,0
4,1484,3,0,1,0,0
4,1501,3,0,0,0,0
4,1518,3,0,0,0,0
4,1520,3,0,0,0,0
4,1521,3,0,0,0,0
4,1536,3,0,0,0,0
4,1538,3,0,0,0,0
4,1546,3,0,0,0,0
4,1553,3,0,0,0,0
4,1564,3,0,0,0,0
4,1575,3,0,0,0,0
4,1577,3,0,1,0,0
4,1603,3,0,0,0,0
4,1629,3,0,3,0,0
4,1636,3,0,1,0,0
4,1648,3,0,3,0,0
4,1652,3,0,0,0,0
4,1657,3,0,0,0,0
4,1661,3,0,0,0,0
4,1669,3,0,0,0,0
4,1684,3,0,3,0,0
4,1685,3,0,0,0,0
4,1697,3,0,3,0,0
4,1712,3,0,0,0,0
4,1714,3,0,3,0,0
4,1715,3,0,0,0,0
4,1730,3,0,0,0,0
4,1745,3,0,0,0,0
4,1766,3,0,0,0,0
4,1769,3,0,0,0,0
4,1790,3,0,3,0,0
4,1817,3,0,0,0,0
4,1818,3,0,3,0,0
4,1821,3,0,0,0,0
4,1829,3,0,0,0,0
4,1882,3,0,0,0,0
4,1897,3,0,0,0,0
4,1930,3,0,0,0,0
4,1938,3,0,3,0,0
4,1949,3,0,0,0,0
4,1969,3,0,0,0,0
4,1972,3,0,0,0,0
4,1986,3,0,3,0,0
4,1987,3,0,0,0,0
4,1992,3,0,3,0,0
4,2013,3,0,0,0,0
4,2022,3,0,0,0,0
4,2053,3,0,0,0,0
4,2076,3,0,0,0,0
4,2098,3,0,0,0,0
4,2108,3,0,3,0,0
4,2165,3,0,0,0,0
4,2188,3,0,0,0,0
4,2189,3,0,0,0,0
4,2192,3,0,0,0,0
4,2196,3,0,0,0,0
4,2203,3,0,0,0,0
4,2234,3,0,0,0,0
4,2236,3,0,0,0,0
4,2244,3,0,1,0,0
4,2256,3,0,0,0,0
4,2258,3,0,3,0,0
4,2260,3,0,0,0,0
4,2291,3,0,1,0,0
4,2301,3,0,0,0,0
4,2320,3,0,0,0,0
4,2327,3,0,0,0,0
4,2329,3,0,0,0,0
4,2339,3,0,0,0,0
4,2341,3,0,0,0,0
4,2348,3,0,1,0,0
4,2353,3,0,3,0,0
4,2367,3,0,0,0,0
4,2368,3,0,0,0,0
4,2378,3,0,0,0,0
4,2379,3,0,0,0,0
4,2382,3,0,3,0,0
4,2390,3,0,0,0,0
4,2412,3,0,0,0,0
4,2437,3,0,0,0,0
4,2470,3,0,1,0,0
4,2490,3,0,0,0,0
4,2495,3,0,3,0,0
4,2504,3,0,1,0,0
4,2516,3,0,0,0,0
4,2546,3,0,0,0,0
4,2547,3,0,0,0,0
4,2550,3,0,0,0,0
4,2560,3,0,0,0,0
4,2578,3,0,0,0,0
4,2586,3,0,0,0,0
4,2604,3,0,3,0,0
4,2605,3,0,0,0,0
4,2606,3,0,0,0,0
4,2610,3,0,3,0,0
4,2618,3,0,0,0,0
4,2621,3,0,0,0,0
4,2626,3,0,0,0,0
4,2627,3,0,0,0,0
4,2634,3,0,0,0,0
4,2656,3,0,0,0,0
4,2672,3,0,0,0,0
4,2674,3,0,0,0,0
4,2699,3,0,0,0,0
4,2702,3,0,0,0,0
4,2724,3,0,0,0,0
4,2726,3,0,0,0,0
4,2740,3,0,0,0,0
4,2747,3,0,0,0,0
4,2778,3,0,0,0,0
4,2806,3,0,0,0,0
4,2818,3,0,0,0,0
4,2819,3,0,0,0,0
4,2831,3,0,0,0,0
4,2850,3,0,0,0,0
4,2867,3,0,0,0,0
4,2874,3,0,0,0,0
4,2944,3,0,3,0,0
4,2983,3,0,0,0,0
4,2989,3,0,0,0,0
4,2990,3,0,0,0,0
4,2994,3,0,0,0,0
4,2997,3,0,0,0,0
4,3012,3,0,0,0,0
4,3028,3,0,0,0,0
4,3077,3,0,0,0,0
4,3086,3,0,0,0,0
4,3102,3,0,0,0,0
4,3109,3,0,0,0,0
4,3123,3,0,1,0,0
4,3126,3,0,0,0,0
4,3139,3,0,0,0,0
4,3142,3,0,3,0,0
4,3149,3,0,0,0,0
4,3156,3,0,0,0,0
4,3165,3,0,0,0,0
4,3200,3,0,0,0,0
4,3205,3,0,0,0,0
4,3208,3,0,0,0,0
4,3236,3,0,0,0,0
4,3238,3,0,0,0,0
4,3239,3,0,0,0,0
4,3243,3,0,0,0,0
4,3254,3,0,3,0,0
4,3256,3,0,0,0,0
4,3270,3,0,3,0,0
4,3281,3,0,1,0,0
4,3289,3,0,0,0,0
4,3296,3,0,1,0,0
4,3300,3,0,0,0,0
4,3349,3,0,3,0,0
4,3360,3,0,0,0,0
4,3379,3,0,0,0,0
4,3388,3,0,3,0,0
4,3394,3,0,0,0,0
4,3402,3,0,0,0,0
4,3406,3,0,0,0,0
4,3416,3,0,0,0,0
4,3425,3,0,3,0,0
4,3426,3,0,0,0,0
4,3454,3,0,0,0,0
4,3498,3,0,0,0,0
4,3507,3,0,0,0,0
4,3516,3,0,1,0,0
4,3593,3,0,0,0,0
4,3595,3,0,0,0,0
4,3598,3,0,1,0,0
4,3607,3,0,0,0,0
4,3617,3,0,0,0,0
4,3665,3,0,0,0,0
4,3669,3,0,0,0,0
4,3670,3,0,0,0,0
4,3686,3,0,3,0,0
4,3689,3,0,0,0,0
4,3691,3,0,0,0,0
4,3697,3,0,0,0,0
4,3703,3,0,1,0,0
4,3728,3,0,0,0,0
4,3765,3,0,0,0,0
4,3766,3,0,1,0,0
4,3769,3,0,0,0,0
4,3772,3,0,0,0,0
4,3783,3,0,0,0,0
4,3802,3,0,0,0,0
4,3835,3,0,0,0,0
4,3839,3,0,3,0,0
4,3851,3,0,3,0,0
4,3858,3,0,0,0,0
4,3877,3,0,3,0,0
4,3883,3,0,0,0,0
4,3917,3,0,1,0,0
4,3924,3,0,3,0,0
4,3927,3,0,0,0,0
4,3971,3,0,0,0,0
4,4001,3,0,3,0,0
4,4012,3,0,0,0,0
4,4020,3,0,3,0,0
4,4030,3,0,3,0,0
4,4049,3,0,0,0,0
4,4094,3,0,0,0,0
4,4095,3,0,0,0,0
4,4097,3,0,3,0,0
4,4110,3,0,1,0,0
4,4124,3,0,3,0,0
4,4139,3,0,0,0,0
4,4155,3,0,0,0,0
4,4165,3,0,0,0,0
4,4172,3,0,1,0,0
4,4210,3,0,0,0,0
4,4222,3,0,0,0,0
4,4225,3,0,0,0,0
4,4277,3,0,0,0,0
4,4293,3,0,0,0,0
4,4312,3,0,0,0,0
4,4313,3,0,3,0,0
4,4320,3,0,0,0,0
4,4331,3,0,0,0,0
4,4338,3,0,1,0,0
4,4347,3,0,0,0,0
4,4362,3,0,0,0,0
4,4370,3,0,1,0,0
4,4396,3,0,0,0,0
4,4411,3,0,0,0,0
4,4454,3,0,0,0,0
4,4472,3,0,0,0,0
4,4495,3,0,3,0,0
4,4504,3,0,0,0,0
4,4506,3,0,0,0,0
4,4508,3,0,3,0,0
4,4513,3,0,3,0,0
4,4548,3,0,0,0,0
4,4555,3,0,0,0,0
4,4560,3,0,0,0,0
4,4574,3,0,1,0,0
4,4592,3,0,0,0,0
4,4602,3,0,1,0,0
4,4622,3,0,0,0,0
4,4633,3,0,0,0,0
4,4639,3,0,0,0,0
4,4646,3,0,0,0,0
4,4679,3,0,0,0,0
4,4687,3,0,0,0,0
4,4697,3,0,0,0,0
4,4713,3,0,3,0,0
4,4734,3,0,0,0,0
4,4742,3,0,3,0,0
4,4779,3,0,1,0,0
4,4802,3,0,1,0,0
4,4826,3,0,3,0,0
4,4841,3,0,0,0,0
4,4842,3,0,0,0,0
4,4871,3,0,0,0,0
4,4911,3,0,0,0,0
4,4918,3,0,0,0,0
4,4919,3,0,0,0,0
4,4934,3,0,0,0,0
4,4936,3,0,0,0,0
4,4945,3,0,0,0,0
4,4952,3,0,3,0,0
4,4954,3,0,3,0,0
4,4973,3,0,0,0,0
4,4975,3,0,0,0,0
4,4984,3,0,3,0,0
4,4989,3,0,0,0,0
4,22,1,1,1,0,1
4,38,1,1,0,0,1
4,52,1,1,1,0,1
4,61,1,1,0,0,1
4,76,1,1,1,0,1
4,117,1,1,0,0,1
4,122,1,1,0,1,1
4,131,1,1,1,0,1
4,174,1,1,0,0,1
4,186,1,1,0,0,1
4,192,1,1,1,0,1
4,210,1,1,0,0,1
4,214,1,1,1,0,1
4,222,1,1,0,1,1
4,239,1,1,0,0,1
4,264,1,1,1,0,1
4,270,1,1,0,0,1
4,286,1,1,0,0,1
4,293,1,1,0,1,1
4,303,1,1,0,0,1
4,306,1,1,0,0,1
4,365,1,1,0,0,1
4,385,1,1,0,0,1
4,426,1,1,0,0,1
4,471,1,1,1,0,1
4,514,1,1,0,1,1
4,524,1,1,0,0,1
4,527,1,1,0,0,1
4,537,1,1,0,0,1
4,564,1,1,0,1,1
4,569,1,1,0,0,1
4,593,1,1,1,0,1
4,601,1,1,1,0,1
4,602,1,1,1,0,1
4,628,1,1,0,0,1
4,629,1,1,0,0,1
4,637,1,1,0,1,1
4,656,1,1,0,0,1
4,662,1,1,0,0,1
4,664,1,1,0,0,1
4,712,1,1,0,1,1
4,716,1,1,0,0,1
4,722,1,1,0,0,1
4,755,1,1,1,0,1
4,756,1,1,1,0,1
4,761,1,1,0,1,1
4,800,1,1,0,0,1
4,802,1,1,0,1,1
4,824,1,1,1,0,1
4,825,1,1,0,0,1
4,826,1,1,0,1,1
4,842,1,1,0,1,1
4,851,1,1,1,0,1
4,855,1,1,0,0,1
4,892,1,1,0,0,1
4,893,1,1,0,0,1
4,902,1,1,0,0,1
4,923,1,1,0,0,1
4,929,1,1,0,0,1
4,930,1,1,0,0,1
4,943,1,1,0,0,1
4,968,1,1,0,0,1
4,970,1,1,0,0,1
4,977,1,1,0,0,1
4,987,1,1,0,0,1
4,1004,1,1,0,1,1
4,1014,1,1,0,0,1
4,1050,1,1,0,0,1
4,1070,1,1,1,0,1
4,1088,1,1,0,0,1
4,1115,1,1,0,0,1
4,1123,1,1,0,0,1
4,1124,1,1,0,0,1
4,1136,1,1,1,0,1
4,1143,1,1,0,0,1
4,1163,1,1,0,0,1
4,1168,1,1,0,0,1
4,1196,1,1,0,0,1
4,1203,1,1,0,0,1
4,1207,1,1,0,0,1
4,1233,1,1,0,0,1
4,1320,1,1,0,0,1
4,1324,1,1,0,0,1
4,1351,1,1,0,1,1
4,1366,1,1,0,0,1
4,1367,1,1,1,0,1
4,1369,1,1,0,1,1
4,1410,1,1,1,0,1
4,1417,1,1,0,0,1
4,1426,1,1,0,0,1
4,1428,1,1,0,0,1
4,1429,1,1,0,1,1
4,1434,1,1,0,1,1
4,1435,1,1,1,0,1
4,1450,1,1,0,1,1
4,1452,1,1,0,0,1
4,1475,1,1,0,1,1
4,1482,1,1,0,0,1
4,1494,1,1,0,1,1
4,1510,1,1,0,0,1
4,1517,1,1,1,0,1
4,1523,1,1,0,0,1
4,1569,1,1,1,0,1
4,1595,1,1,0,1,1
4,1602,1,1,0,1,1
4,1606,1,1,0,0,1
4,1609,1,1,0,0,1
4,1612,1,1,1,0,1
4,1659,1,1,1,0,1
4,1664,1,1,0,0,1
4,1680,1,1,0,1,1
4,1692,1,1,1,0,1
4,1704,1,1,1,0,1
4,1731,1,1,0,0,1
4,1734,1,1,0,0,1
4,1741,1,1,0,0,1
4,1752,1,1,1,0,1
4,1762,1,1,0,0,1
4,1768,1,1,0,0,1
4,1794,1,1,0,1,1
4,1809,1,1,1,0,1
4,1812,1,1,1,0,1
4,1827,1,1,0,0,1
4,1836,1,1,0,0,1
4,1862,1,1,0,1,1
4,1871,1,1,0,1,1
4,1890,1,1,1,0,1
4,1893,1,1,0,0,1
4,1896,1,1,1,0,1
4,1923,1,1,1,0,1
4,1974,1,1,0,0,1
4,1980,1,1,1,0,1
4,1989,1,1,0,0,1
4,2017,1,1,0,0,1
4,2038,1,1,1,0,1
4,2045,1,1,0,1,1
4,2070,1,1,0,0,1
4,2077,1,1,0,1,1
4,2078,1,1,0,0,1
4,2086,1,1,0,0,1
4,2088,1,1,0,0,1
4,2109,1,1,0,1,1
4,2118,1,1,0,0,1
4,2141,1,1,0,0,1
4,2170,1,1,0,1,1
4,2172,1,1,0,0,1
4,2184,1,1,0,1,1
4,2199,1,1,0,0,1
4,2202,1,1,0,0,1
4,2220,1,1,0,0,1
4,2226,1,1,0,0,1
4,2261,1,1,0,0,1
4,2269,1,1,0,0,1
4,2276,1,1,1,0,1
4,2280,1,1,0,0,1
4,2297,1,1,0,0,1
4,2313,1,1,0,0,1
4,2315,1,1,1,0,1
4,2336,1,1,0,0,1
4,2343,1,1,0,0,1
4,2408,1,1,0,1,1
4,2428,1,1,0,0,1
4,2442,1,1,0,1,1
4,2446,1,1,0,0,1
4,2468,1,1,0,0,1
4,2491,1,1,1,0,1
4,2498,1,1,0,1,1
4,2517,1,1,0,0,1
4,2537,1,1,1,0,1
4,2544,1,1,0,0,1
4,2559,1,1,0,1,1
4,2563,1,1,0,0,1
4,2589,1,1,0,0,1
4,2595,1,1,0,0,1
4,2611,1,1,0,1,1
4,2622,1,1,0,0,1
4,2638,1,1,0,0,1
4,2643,1,1,0,0,1
4,2691,1,1,0,0,1
4,2725,1,1,1,0,1
4,2741,1,1,1,0,1
4,2763,1,1,0,0,1
4,2764,1,1,0,0,1
4,2773,1,1,1,0,1
4,2798,1,1,0,0,1
4,2802,1,1,0,0,1
4,2804,1,1,0,1,1
4,2808,1,1,1,0,1
4,2823,1,1,0,0,1
4,2836,1,1,0,0,1
4,2838,1,1,0,0,1
4,2849,1,1,0,1,1
4,2860,1,1,0,0,1
4,2895,1,1,0,1,1
4,2900,1,1,1,0,1
4,2937,1,1,0,0,1
4,2952,1,1,0,1,1
4,2954,1,1,1,0,1
4,2960,1,1,0,0,1
4,2961,1,1,0,0,1
4,2971,1,1,1,0,1
4,2984,1,1,0,1,1
4,2987,1,1,0,0,1
4,3005,1,1,0,0,1
4,3015,1,1,1,0,1
4,3018,1,1,1,0,1
4,3019,1,1,0,0,1
4,3035,1,1,0,0,1
4,3058,1,1,0,0,1
4,3067,1,1,0,0,1
4,3085,1,1,0,0,1
4,3087,1,1,1,0,1
4,3088,1,1,0,1,1
4,3107,1,1,0,0,1
4,3114,1,1,0,1,1
4,3124,1,1,0,0,1
4,3138,1,1,0,0,1
4,3144,1,1,0,0,1
4,3160,1,1,1,0,1
4,3169,1,1,0,0,1
4,3174,1,1,1,0,1
4,3193,1,1,0,0,1
4,3212,1,1,0,0,1
4,3230,1,1,1,0,1
4,3232,1,1,0,0,1
4,3265,1,1,0,1,1
4,3279,1,1,0,0,1
4,3283,1,1,0,0,1
4,3291,1,1,1,0,1
4,3303,1,1,0,0,1
4,3320,1,1,0,0,1
4,3324,1,1,1,0,1
4,3333,1,1,1,0,1
4,3351,1,1,1,0,1
4,3375,1,1,0,0,1
4,3376,1,1,0,0,1
4,3410,1,1,0,0,1
4,3424,1,1,0,0,1
4,3428,1,1,0,1,1
4,3437,1,1,0,0,1
4,3463,1,1,0,0,1
4,3540,1,1,1,0,1
4,3546,1,1,0,1,1
4,3554,1,1,0,0,1
4,3556,1,1,0,0,1
4,3583,1,1,0,0,1
4,3592,1,1,0,0,1
4,3594,1,1,0,0,1
4,3623,1,1,0,0,1
4,3631,1,1,1,0,1
4,3650,1,1,0,0,1
4,3672,1,1,0,0,1
4,3704,1,1,0,0,1
4,3734,1,1,0,0,1
4,3739,1,1,0,0,1
4,3742,1,1,0,1,1
4,3759,1,1,0,1,1
4,3768,1,1,1,0,1
4,3796,1,1,0,1,1
4,3804,1,1,0,0,1
4,3813,1,1,0,0,1
4,3823,1,1,1,0,1
4,3826,1,1,0,1,1
4,3831,1,1,1,0,1
4,3840,1,1,0,0,1
4,3868,1,1,0,0,1
4,3873,1,1,0,1,1
4,3887,1,1,1,0,1
4,3905,1,1,1,0,1
4,3907,1,1,0,1,1
4,3912,1,1,0,1,1
4,3915,1,1,0,0,1
4,3934,1,1,0,0,1
4,3946,1,1,1,0,1
4,3967,1,1,1,0,1
4,3989,1,1,0,1,1
4,3992,1,1,1,0,1
4,3996,1,1,0,0,1
4,4059,1,1,1,0,1
4,4063,1,1,0,0,1
4,4081,1,1,1,0,1
4,4089,1,1,0,0,1
4,4104,1,1,0,0,1
4,4109,1,1,0,1,1
4,4112,1,1,1,0,1
4,4118,1,1,0,1,1
4,4121,1,1,0,0,1
4,4131,1,1,1,0,1
4,4157,1,1,1,0,1
4,4177,1,1,0,0,1
4,4181,1,1,1,0,1
4,4194,1,1,0,0,1
4,4203,1,1,1,0,1
4,4228,1,1,0,1,1
4,4245,1,1,0,1,1
4,4246,1,1,0,0,1
4,4261,1,1,0,0,1
4,4282,1,1,0,0,1
4,4291,1,1,0,0,1
4,4296,1,1,0,0,1
4,4310,1,1,1,0,1
4,4327,1,1,0,1,1
4,4333,1,1,0,1,1
4,4343,1,1,0,0,1
4,4344,1,1,0,0,1
4,4353,1,1,0,1,1
4,4364,1,1,0,0,1
4,4369,1,1,1,0,1
4,4391,1,1,0,0,1
4,4392,1,1,0,1,1
4,4425,1,1,0,0,1
4,4441,1,1,0,1,1
4,4448,1,1,0,0,1
4,4462,1,1,0,0,1
4,4475,1,1,0,0,1
4,4496,1,1,0,0,1
4,4502,1,1,0,0,1
4,4542,1,1,0,0,1
4,4562,1,1,0,0,1
4,4566,1,1,1,0,1
4,4571,1,1,0,1,1
4,4605,1,1,0,1,1
4,4621,1,1,1,0,1
4,4626,1,1,0,0,1
4,4630,1,1,0,0,1
4,4637,1,1,0,0,1
4,4656,1,1,0,1,1
4,4672,1,1,0,0,1
4,4676,1,1,0,1,1
4,4691,1,1,0,0,1
4,4704,1,1,0,0,1
4,4746,1,1,0,0,1
4,4747,1,1,0,1,1
4,4814,1,1,0,0,1
4,4825,1,1,0,0,1
4,4837,1,1,1,0,1
4,4839,1,1,0,1,1
4,4856,1,1,0,0,1
4,4867,1,1,0,1,1
4,4873,1,1,0,0,1
4,4879,1,1,0,0,1
4,4909,1,1,0,0,1
4,4953,1,1,0,0,1
4,4961,1,1,0,0,1
4,6,1,1,0,0,2
4,9,1,1,0,0,2
4,18,1,1,0,0,2
4,124,1,1,0,0,2
4,132,1,1,0,0,2
4,143,1,1,1,0,2
4,206,1,1,0,0,2
4,216,1,1,0,0,2
4,223,1,1,0,1,2
4,231,1,1,0,1,2
4,238,1,1,0,0,2
4,288,1,1,0,0,2
4,292,1,1,0,0,2
4,333,1,1,0,0,2
4,342,1,1,0,0,2
4,372,1,1,1,0,2
4,379,1,1,0,0,2
4,390,1,1,1,0,2
4,392,1,1,1,0,2
4,398,1,1,1,0,2
4,408,1,1,0,0,2
4,432,1,1,0,0,2
4,449,1,1,0,1,2
4,452,1,1,0,0,2
4,464,1,1,0,0,2
4,468,1,1,0,0,2
4,472,1,1,1,0,2
4,482,1,1,0,0,2
4,483,1,1,0,0,2
4,515,1,1,1,0,2
4,542,1,1,0,0,2
4,576,1,1,0,0,2
4,579,1,1,0,0,2
4,585,1,1,0,1,2
4,589,1,1,1,0,2
4,635,1,1,0,1,2
4,682,1,1,1,0,2
4,695,1,1,0,0,2
4,696,1,1,0,0,2
4,697,1,1,0,0,2
4,701,1,1,0,1,2
4,703,1,1,0,1,2
4,735,1,1,0,0,2
4,738,1,1,0,0,2
4,759,1,1,0,0,2
4,781,1,1,0,0,2
4,784,1,1,1,0,2
4,801,1,1,0,0,2
4,815,1,1,0,0,2
4,861,1,1,0,1,2
4,867,1,1,0,0,2
4,873,1,1,0,0,2
4,876,1,1,0,0,2
4,910,1,1,0,0,2
4,941,1,1,0,0,2
4,971,1,1,0,0,2
4,986,1,1,0,1,2
4,990,1,1,1,0,2
4,992,1,1,0,0,2
4,1054,1,1,0,1,2
4,1061,1,1,0,0,2
4,1090,1,1,1,0,2
4,1093,1,1,0,0,2
4,1170,1,1,0,0,2
4,1181,1,1,0,0,2
4,1206,1,1,0,0,2
4,1214,1,1,1,0,2
4,1215,1,1,0,1,2
4,1216,1,1,0,0,2
4,1224,1,1,0,1,2
4,1229,1,1,1,0,2
4,1246,1,1,0,0,2
4,1254,1,1,0,1,2
4,1288,1,1,0,1,2
4,1295,1,1,0,0,2
4,1319,1,1,0,0,2
4,1375,1,1,1,0,2
4,1380,1,1,0,0,2
4,1383,1,1,0,0,2
4,1391,1,1,0,0,2
4,1393,1,1,0,0,2
4,1398,1,1,0,0,2
4,1402,1,1,0,0,2
4,1436,1,1,0,1,2
4,1447,1,1,0,1,2
4,1458,1,1,0,0,2
4,1472,1,1,0,0,2
4,1486,1,1,0,0,2
4,1532,1,1,0,1,2
4,1535,1,1,0,0,2
4,1551,1,1,1,0,2
4,1580,1,1,0,0,2
4,1601,1,1,0,0,2
4,1621,1,1,0,0,2
4,1646,1,1,0,1,2
4,1654,1,1,0,0,2
4,1675,1,1,1,0,2
4,1681,1,1,1,0,2
4,1691,1,1,1,0,2
4,1696,1,1,0,0,2
4,1705,1,1,0,1,2
4,1729,1,1,0,1,2
4,1732,1,1,0,0,2
4,1831,1,1,0,0,2
4,1835,1,1,0,1,2
4,1846,1,1,0,0,2
4,1853,1,1,1,0,2
4,1865,1,1,1,0,2
4,1884,1,1,0,0,2
4,1891,1,1,0,1,2
4,1901,1,1,0,1,2
4,1903,1,1,0,1,2
4,1906,1,1,0,1,2
4,1911,1,1,0,1,2
4,1932,1,1,0,0,2
4,1951,1,1,0,0,2
4,2023,1,1,0,0,2
4,2041,1,1,0,0,2
4,2044,1,1,0,0,2
4,2059,1,1,0,0,2
4,2079,1,1,0,1,2
4,2099,1,1,0,0,2
4,2104,1,1,0,0,2
4,2110,1,1,0,0,2
4,2124,1,1,0,0,2
4,2135,1,1,0,0,2
4,2152,1,1,0,0,2
4,2155,1,1,0,0,2
4,2174,1,1,0,0,2
4,2180,1,1,0,0,2
4,2195,1,1,0,1,2
4,2225,1,1,0,0,2
4,2281,1,1,0,0,2
4,2305,1,1,0,0,2
4,2394,1,1,0,0,2
4,2397,1,1,0,0,2
4,2414,1,1,0,0,2
4,2441,1,1,1,0,2
4,2453,1,1,0,1,2
4,2461,1,1,0,0,2
4,2467,1,1,0,0,2
4,2478,1,1,1,0,2
4,2484,1,1,0,1,2
4,2551,1,1,0,0,2
4,2601,1,1,1,0,2
4,2607,1,1,0,0,2
4,2623,1,1,0,0,2
4,2632,1,1,0,0,2
4,2635,1,1,0,0,2
4,2637,1,1,0,0,2
4,2659,1,1,1,0,2
4,2714,1,1,0,0,2
4,2730,1,1,0,0,2
4,2737,1,1,1,0,2
4,2746,1,1,0,1,2
4,2751,1,1,0,0,2
4,2786,1,1,0,0,2
4,2811,1,1,1,0,2
4,2841,1,1,1,0,2
4,2876,1,1,0,1,2
4,2886,1,1,0,0,2
4,2891,1,1,1,0,2
4,2920,1,1,1,0,2
4,2941,1,1,1,0,2
4,2947,1,1,0,0,2
4,2950,1,1,0,1,2
4,2951,1,1,1,0,2
4,2963,1,1,0,1,2
4,2980,1,1,1,0,2
4,2981,1,1,0,1,2
4,3004,1,1,0,0,2
4,3013,1,1,0,0,2
4,3038,1,1,1,0,2
4,3056,1,1,0,0,2
4,3062,1,1,0,0,2
4,3090,1,1,0,0,2
4,3111,1,1,0,1,2
4,3164,1,1,0,1,2
4,3180,1,1,0,1,2
4,3211,1,1,0,0,2
4,3260,1,1,0,0,2
4,3264,1,1,0,1,2
4,3268,1,1,0,0,2
4,3278,1,1,0,0,2
4,3285,1,1,0,1,2
4,3305,1,1,0,0,2
4,3315,1,1,0,0,2
4,3329,1,1,0,0,2
4,3338,1,1,0,1,2
4,3352,1,1,0,1,2
4,3356,1,1,0,1,2
4,3395,1,1,0,0,2
4,3398,1,1,0,0,2
4,3414,1,1,0,1,2
4,3438,1,1,0,0,2
4,3446,1,1,0,1,2
4,3453,1,1,0,0,2
4,3459,1,1,0,1,2
4,3479,1,1,0,0,2
4,3495,1,1,0,0,2
4,3525,1,1,0,0,2
4,3526,1,1,0,1,2
4,3535,1,1,0,0,2
4,3585,1,1,0,1,2
4,3587,1,1,0,0,2
4,3602,1,1,1,0,2
4,3604,1,1,0,0,2
4,3657,1,1,0,1,2
4,3658,1,1,0,0,2
4,3740,1,1,0,0,2
4,3741,1,1,0,0,2
4,3746,1,1,0,0,2
4,3754,1,1,0,1,2
4,3762,1,1,1,0,2
4,3770,1,1,0,0,2
4,3795,1,1,0,1,2
4,3815,1,1,0,0,2
4,3846,1,1,1,0,2
4,3848,1,1,0,1,2
4,3854,1,1,0,0,2
4,3856,1,1,0,0,2
4,3866,1,1,0,0,2
4,3879,1,1,1,0,2
4,3906,1,1,1,0,2
4,3908,1,1,0,1,2
4,3923,1,1,0,0,2
4,3982,1,1,0,0,2
4,4003,1,1,0,0,2
4,4008,1,1,1,0,2
4,4019,1,1,0,1,2
4,4022,1,1,0,0,2
4,4040,1,1,0,1,2
4,4046,1,1,0,1,2
4,4091,1,1,0,1,2
4,4096,1,1,0,0,2
4,4129,1,1,0,0,2
4,4130,1,1,1,0,2
4,4148,1,1,0,0,2
4,4170,1,1,0,0,2
4,4187,1,1,0,0,2
4,4206,1,1,0,0,2
4,4207,1,1,0,1,2
4,4235,1,1,1,0,2
4,4267,1,1,0,1,2
4,4273,1,1,0,0,2
4,4280,1,1,1,0,2
4,4294,1,1,1,0,2
4,4341,1,1,0,0,2
4,4350,1,1,0,0,2
4,4359,1,1,0,0,2
4,4371,1,1,0,0,2
4,4460,1,1,0,0,2
4,4465,1,1,0,0,2
4,4523,1,1,0,0,2
4,4525,1,1,0,0,2
4,4533,1,1,0,0,2
4,4539,1,1,0,0,2
4,4558,1,1,0,0,2
4,4582,1,1,0,0,2
4,4586,1,1,0,0,2
4,4594,1,1,1,0,2
4,4609,1,1,0,0,2
4,4625,1,1,0,0,2
4,4632,1,1,0,0,2
4,4640,1,1,0,1,2
4,4649,1,1,0,0,2
4,4660,1,1,0,0,2
4,4661,1,1,0,1,2
4,4680,1,1,1,0,2
4,4703,1,1,0,1,2
4,4721,1,1,0,0,2
4,4722,1,1,0,1,2
4,4729,1,1,0,0,2
4,4738,1,1,0,0,2
4,4756,1,1,0,0,2
4,4778,1,1,1,0,2
4,4786,1,1,1,0,2
4,4790,1,1,0,0,2
4,4809,1,1,1,0,2
4,4821,1,1,0,0,2
4,4860,1,1,0,0,2
4,4874,1,1,0,0,2
4,4897,1,1,0,0,2
4,4901,1,1,1,0,2
4,4912,1,1,1,0,2
4,4924,1,1,0,1,2
4,4925,1,1,0,0,2
4,4941,1,1,0,0,2
4,49,1,2,1,0,3
4,86,1,2,0,2,3
4,95,1,2,0,0,3
4,102,1,2,0,0,3
4,103,1,2,0,0,3
4,108,1,2,1,0,3
4,141,1,2,1,0,3
4,193,1,2,0,0,3
4,230,1,2,0,0,3
4,240,1,2,1,0,3
4,254,1,2,0,0,3
4,258,1,2,1,0,3
4,272,1,2,0,0,3
4,295,1,2,0,2,3
4,327,1,2,0,0,3
4,338,1,2,0,2,3
4,340,1,2,0,0,3
4,361,1,2,0,0,3
4,377,1,2,0,2,3
4,381,1,2,0,0,3
4,407,1,2,0,2,3
4,412,1,2,0,2,3
4,456,1,2,0,1,3
4,494,1,2,0,0,3
4,501,1,2,0,0,3
4,508,1,2,1,0,3
4,534,1,2,0,1,3
4,540,1,2,0,0,3
4,577,1,2,1,0,3
4,578,1,2,1,0,3
4,590,1,2,0,0,3
4,595,1,2,0,2,3
4,597,1,2,0,0,3
4,599,1,2,1,0,3
4,606,1,2,0,0,3
4,611,1,2,1,0,3
4,627,1,2,0,0,3
4,648,1,2,0,0,3
4,670,1,2,0,0,3
4,678,1,2,0,0,3
4,717,1,2,0,0,3
4,718,1,2,0,1,3
4,747,1,2,0,0,3
4,752,1,2,0,0,3
4,776,1,2,0,0,3
4,805,1,2,0,0,3
4,829,1,2,0,1,3
4,853,1,2,0,0,3
4,871,1,2,0,0,3
4,900,1,2,0,0,3
4,963,1,2,1,0,3
4,969,1,2,1,0,3
4,1029,1,2,0,0,3
4,1042,1,2,0,0,3
4,1047,1,2,0,0,3
4,1068,1,2,0,0,3
4,1079,1,2,0,0,3
4,1100,1,2,0,0,3
4,1106,1,2,0,0,3
4,1134,1,2,0,2,3
4,1145,1,2,0,0,3
4,1182,1,2,0,0,3
4,1219,1,2,0,0,3
4,1261,1,2,0,0,3
4,1263,1,2,0,0,3
4,1282,1,2,0,0,3
4,1317,1,2,1,0,3
4,1341,1,2,1,0,3
4,1425,1,2,0,2,3
4,1446,1,2,0,0,3
4,1448,1,2,1,0,3
4,1456,1,2,0,0,3
4,1457,1,2,0,0,3
4,1498,1,2,0,0,3
4,1504,1,2,0,2,3
4,1509,1,2,1,0,3
4,1515,1,2,0,0,3
4,1526,1,2,0,1,3
4,1529,1,2,0,0,3
4,1573,1,2,0,0,3
4,1582,1,2,0,2,3
4,1587,1,2,0,0,3
4,1616,1,2,0,0,3
4,1640,1,2,1,0,3
4,1642,1,2,0,0,3
4,1651,1,2,0,0,3
4,1698,1,2,1,0,3
4,1749,1,2,0,1,3
4,1807,1,2,1,0,3
4,1825,1,2,0,2,3
4,1833,1,2,0,0,3
4,1840,1,2,0,2,3
4,1843,1,2,0,2,3
4,1847,1,2,0,0,3
4,1856,1,2,0,0,3
4,1861,1,2,1,0,3
4,1869,1,2,0,0,3
4,1875,1,2,0,0,3
4,1880,1,2,0,0,3
4,1899,1,2,0,0,3
4,1913,1,2,0,0,3
4,1952,1,2,0,0,3
4,2040,1,2,0,0,3
4,2052,1,2,0,0,3
4,2056,1,2,0,0,3
4,2065,1,2,1,0,3
4,2069,1,2,0,0,3
4,2101,1,2,0,0,3
4,2113,1,2,0,0,3
4,2126,1,2,0,2,3
4,2134,1,2,0,0,3
4,2175,1,2,0,0,3
4,2179,1,2,0,0,3
4,2207,1,2,0,2,3
4,2208,1,2,0,0,3
4,2238,1,2,0,0,3
4,2251,1,2,0,0,3
4,2282,1,2,1,0,3
4,2287,1,2,0,0,3
4,2295,1,2,0,0,3
4,2335,1,2,1,0,3
4,2344,1,2,0,0,3
4,2361,1,2,0,2,3
4,2388,1,2,0,0,3
4,2409,1,2,0,1,3
4,2420,1,2,0,0,3
4,2448,1,2,0,0,3
4,2466,1,2,0,2,3
4,2513,1,2,0,0,3
4,2531,1,2,0,0,3
4,2575,1,2,0,1,3
4,2613,1,2,0,0,3
4,2624,1,2,0,0,3
4,2652,1,2,0,0,3
4,2678,1,2,0,1,3
4,2689,1,2,0,0,3
4,2690,1,2,1,0,3
4,2718,1,2,0,0,3
4,2721,1,2,0,0,3
4,2745,1,2,0,0,3
4,2793,1,2,0,0,3
4,2830,1,2,1,0,3
4,2837,1,2,0,0,3
4,2843,1,2,0,0,3
4,2872,1,2,1,0,3
4,2873,1,2,0,0,3
4,2875,1,2,1,0,3
4,2877,1,2,1,0,3
4,2901,1,2,0,2,3
4,2909,1,2,0,0,3
4,2925,1,2,0,0,3
4,2939,1,2,1,0,3
4,2949,1,2,0,0,3
4,2991,1,2,0,0,3
4,3025,1,2,1,0,3
4,3033,1,2,0,0,3
4,3037,1,2,0,2,3
4,3049,1,2,0,0,3
4,3060,1,2,0,0,3
4,3075,1,2,0,2,3
4,3089,1,2,0,2,3
4,3110,1,2,0,0,3
4,3210,1,2,0,2,3
4,3213,1,2,1,0,3
4,3216,1,2,0,0,3
4,3237,1,2,0,0,3
4,3330,1,2,0,0,3
4,3332,1,2,0,2,3
4,3348,1,2,0,0,3
4,3358,1,2,0,0,3
4,3422,1,2,0,0,3
4,3441,1,2,0,0,3
4,3457,1,2,1,0,3
4,3480,1,2,1,0,3
4,3513,1,2,1,0,3
4,3570,1,2,0,1,3
4,3588,1,2,0,0,3
4,3615,1,2,0,0,3
4,3668,1,2,0,0,3
4,3690,1,2,0,0,3
4,3705,1,2,0,0,3
4,3711,1,2,0,0,3
4,3720,1,2,0,0,3
4,3760,1,2,0,2,3
4,3799,1,2,1,0,3
4,3820,1,2,1,0,3
4,3824,1,2,0,0,3
4,3834,1,2,0,0,3
4,3855,1,2,0,0,3
4,3880,1,2,0,0,3
4,3889,1,2,0,0,3
4,3896,1,2,0,2,3
4,3898,1,2,0,0,3
4,3909,1,2,0,0,3
4,3945,1,2,0,0,3
4,3984,1,2,0,0,3
4,3993,1,2,1,0,3
4,4029,1,2,0,0,3
4,4035,1,2,0,0,3
4,4039,1,2,0,0,3
4,4067,1,2,0,0,3
4,4076,1,2,0,0,3
4,4101,1,2,1,0,3
4,4113,1,2,0,0,3
4,4114,1,2,0,0,3
4,4117,1,2,0,0,3
4,4125,1,2,0,0,3
4,4138,1,2,0,0,3
4,4156,1,2,1,0,3
4,4184,1,2,0,0,3
4,4191,1,2,0,2,3
4,4238,1,2,0,2,3
4,4243,1,2,0,0,3
4,4253,1,2,0,0,3
4,4274,1,2,0,0,3
4,4305,1,2,0,0,3
4,4307,1,2,0,0,3
4,4311,1,2,0,0,3
4,4326,1,2,0,2,3
4,4334,1,2,1,0,3
4,4352,1,2,0,0,3
4,4375,1,2,0,0,3
4,4379,1,2,0,0,3
4,4383,1,2,0,0,3
4,4394,1,2,1,0,3
4,4398,1,2,0,0,3
4,4399,1,2,0,2,3
4,4404,1,2,0,0,3
4,4437,1,2,0,0,3
4,4457,1,2,0,2,3
4,4477,1,2,0,2,3
4,4509,1,2,0,0,3
4,4510,1,2,0,2,3
4,4572,1,2,0,0,3
4,4623,1,2,0,0,3
4,4693,1,2,0,2,3
4,4708,1,2,0,0,3
4,4740,1,2,0,0,3
4,4767,1,2,0,0,3
4,4800,1,2,1,0,3
4,4810,1,2,1,0,3
4,4866,1,2,0,2,3
4,4913,1,2,0,0,3
4,4914,1,2,1,0,3
4,4965,1,2,0,0,3
4,4978,1,2,0,0,3
4,48,1,1,0,0,4
4,81,1,1,0,0,4
4,85,1,1,1,0,4
4,121,1,1,0,0,4
4,135,1,1,0,0,4
4,161,1,1,0,0,4
4,180,1,1,0,0,4
4,182,1,1,0,0,4
4,194,1,1,0,1,4
4,227,1,1,0,0,4
4,233,1,1,0,1,4
4,235,1,1,0,0,4
4,244,1,1,0,0,4
4,268,1,1,0,0,4
4,284,1,1,0,0,4
4,312,1,1,0,0,4
4,317,1,1,1,0,4
4,332,1,1,0,0,4
4,352,1,1,1,0,4
4,354,1,1,0,0,4
4,364,1,1,0,0,4
4,378,1,1,0,1,4
4,425,1,1,0,0,4
4,480,1,1,0,0,4
4,481,1,1,0,1,4
4,491,1,1,1,0,4
4,535,1,1,0,0,4
4,563,1,1,0,0,4
4,565,1,1,0,0,4
4,582,1,1,0,1,4
4,650,1,1,0,0,4
4,657,1,1,1,0,4
4,661,1,1,1,0,4
4,739,1,1,1,0,4
4,750,1,1,0,0,4
4,778,1,1,0,0,4
4,794,1,1,0,0,4
4,798,1,1,0,1,4
4,810,1,1,0,1,4
4,840,1,1,0,0,4
4,854,1,1,0,0,4
4,909,1,1,0,0,4
4,958,1,1,0,0,4
4,980,1,1,0,0,4
4,1001,1,1,0,1,4
4,1039,1,1,1,0,4
4,1057,1,1,0,0,4
4,1065,1,1,0,0,4
4,1089,1,1,0,0,4
4,1113,1,1,1,0,4
4,1116,1,1,1,0,4
4,1137,1,1,1,0,4
4,1149,1,1,0,0,4
4,1164,1,1,0,1,4
4,1187,1,1,0,0,4
4,1202,1,1,0,0,4
4,1212,1,1,0,0,4
4,1244,1,1,0,1,4
4,1262,1,1,0,0,4
4,1274,1,1,0,0,4
4,1292,1,1,0,0,4
4,1299,1,1,0,0,4
4,1463,1,1,0,0,4
4,1476,1,1,0,0,4
4,1478,1,1,0,0,4
4,1479,1,1,0,0,4
4,1488,1,1,1,0,4
4,1511,1,1,0,0,4
4,1530,1,1,0,0,4
4,1558,1,1,0,0,4
4,1560,1,1,0,1,4
4,1571,1,1,0,0,4
4,1593,1,1,0,0,4
4,1600,1,1,1,0,4
4,1614,1,1,0,0,4
4,1628,1,1,0,1,4
4,1655,1,1,0,0,4
4,1703,1,1,1,0,4
4,1709,1,1,0,1,4
4,1737,1,1,0,0,4
4,1755,1,1,0,0,4
4,1761,1,1,1,0,4
4,1798,1,1,0,1,4
4,1801,1,1,0,0,4
4,1854,1,1,0,0,4
4,1859,1,1,0,0,4
4,1947,1,1,0,0,4
4,1985,1,1,0,0,4
4,1999,1,1,0,0,4
4,2004,1,1,0,0,4
4,2006,1,1,0,1,4
4,2042,1,1,0,1,4
4,2063,1,1,0,0,4
4,2111,1,1,0,0,4
4,2148,1,1,0,1,4
4,2205,1,1,1,0,4
4,2257,1,1,1,0,4
4,2304,1,1,0,0,4
4,2316,1,1,0,0,4
4,2346,1,1,0,0,4
4,2350,1,1,0,0,4
4,2356,1,1,0,0,4
4,2358,1,1,0,0,4
4,2359,1,1,1,0,4
4,2373,1,1,0,0,4
4,2416,1,1,0,0,4
4,2473,1,1,0,1,4
4,2474,1,1,0,0,4
4,2487,1,1,0,1,4
4,2514,1,1,0,0,4
4,2524,1,1,1,0,4
4,2554,1,1,0,0,4
4,2556,1,1,0,0,4
4,2558,1,1,0,0,4
4,2580,1,1,0,0,4
4,2585,1,1,0,1,4
4,2592,1,1,0,0,4
4,2596,1,1,0,1,4
4,2608,1,1,0,0,4
4,2617,1,1,1,0,4
4,2645,1,1,0,0,4
4,2664,1,1,0,0,4
4,2667,1,1,0,1,4
4,2719,1,1,0,0,4
4,2734,1,1,0,0,4
4,2736,1,1,0,0,4
4,2753,1,1,0,0,4
4,2761,1,1,0,0,4
4,2776,1,1,0,1,4
4,2784,1,1,1,0,4
4,2790,1,1,1,0,4
4,2792,1,1,1,0,4
4,2810,1,1,1,0,4
4,2822,1,1,1,0,4
4,2856,1,1,0,0,4
4,2893,1,1,0,0,4
4,2906,1,1,0,0,4
4,2926,1,1,0,0,4
4,2936,1,1,0,0,4
4,2962,1,1,0,0,4
4,2974,1,1,0,0,4
4,3002,1,1,0,1,4
4,3014,1,1,0,0,4
4,3032,1,1,0,0,4
4,3047,1,1,0,0,4
4,3061,1,1,0,0,4
4,3065,1,1,1,0,4
4,3083,1,1,0,0,4
4,3098,1,1,0,1,4
4,3120,1,1,0,0,4
4,3122,1,1,0,0,4
4,3125,1,1,0,0,4
4,3182,1,1,0,0,4
4,3187,1,1,0,1,4
4,3188,1,1,0,0,4
4,3222,1,1,0,0,4
4,3223,1,1,0,0,4
4,3224,1,1,0,1,4
4,3250,1,1,1,0,4
4,3274,1,1,0,0,4
4,3302,1,1,0,0,4
4,3314,1,1,1,0,4
4,3334,1,1,0,0,4
4,3335,1,1,0,1,4
4,3344,1,1,0,0,4
4,3378,1,1,0,0,4
4,3391,1,1,1,0,4
4,3427,1,1,0,0,4
4,3429,1,1,0,1,4
4,3474,1,1,1,0,4
4,3500,1,1,1,0,4
4,3511,1,1,0,1,4
4,3517,1,1,0,0,4
4,3538,1,1,1,0,4
4,3542,1,1,1,0,4
4,3544,1,1,1,0,4
4,3550,1,1,0,0,4
4,3553,1,1,0,0,4
4,3568,1,1,0,1,4
4,3582,1,1,0,1,4
4,3584,1,1,0,0,4
4,3614,1,1,0,0,4
4,3622,1,1,0,0,4
4,3630,1,1,0,0,4
4,3643,1,1,0,0,4
4,3680,1,1,0,0,4
4,3684,1,1,0,0,4
4,3699,1,1,0,0,4
4,3718,1,1,1,0,4
4,3722,1,1,0,0,4
4,3757,1,1,0,0,4
4,3773,1,1,1,0,4
4,3781,1,1,0,0,4
4,3787,1,1,0,0,4
4,3808,1,1,0,0,4
4,3827,1,1,0,0,4
4,3832,1,1,0,0,4
4,3843,1,1,0,0,4
4,3847,1,1,1,0,4
4,3860,1,1,1,0,4
4,3893,1,1,0,0,4
4,3894,1,1,1,0,4
4,3899,1,1,0,0,4
4,3962,1,1,0,0,4
4,3994,1,1,0,1,4
4,4000,1,1,0,1,4
4,4005,1,1,0,0,4
4,4021,1,1,0,0,4
4,4042,1,1,0,0,4
4,4045,1,1,0,1,4
4,4088,1,1,0,0,4
4,4103,1,1,1,0,4
4,4132,1,1,1,0,4
4,4150,1,1,0,0,4
4,4163,1,1,0,0,4
4,4174,1,1,0,0,4
4,4186,1,1,0,1,4
4,4197,1,1,0,0,4
4,4201,1,1,0,0,4
4,4202,1,1,1,0,4
4,4212,1,1,0,1,4
4,4231,1,1,0,0,4
4,4241,1,1,0,0,4
4,4284,1,1,1,0,4
4,4309,1,1,0,0,4
4,4349,1,1,0,0,4
4,4355,1,1,0,0,4
4,4380,1,1,0,1,4
4,4385,1,1,0,0,4
4,4395,1,1,0,1,4
4,4407,1,1,1,0,4
4,4419,1,1,0,0,4
4,4420,1,1,0,0,4
4,4429,1,1,0,0,4
4,4446,1,1,0,0,4
4,4503,1,1,0,1,4
4,4514,1,1,0,1,4
4,4529,1,1,0,0,4
4,4535,1,1,0,0,4
4,4549,1,1,1,0,4
4,4553,1,1,0,1,4
4,4567,1,1,0,0,4
4,4576,1,1,1,0,4
4,4578,1,1,0,0,4
4,4618,1,1,0,0,4
4,4642,1,1,0,0,4
4,4647,1,1,1,0,4
4,4666,1,1,1,0,4
4,4714,1,1,0,0,4
4,4744,1,1,0,0,4
4,4769,1,1,1,0,4
4,4770,1,1,0,0,4
4,4805,1,1,0,0,4
4,4835,1,1,0,1,4
4,4851,1,1,1,0,4
4,4875,1,1,1,0,4
4,4878,1,1,0,0,4
4,4884,1,1,0,0,4
4,4887,1,1,0,0,4
4,4926,1,1,0,0,4
4,4958,1,1,0,1,4
4,4959,1,1,0,0,4
4,4966,1,1,1,0,4
4,4968,1,1,0,0,4
4,4972,1,1,0,0,4
4,4976,1,1,0,0,4
4,4983,1,1,0,0,4
4,4985,1,1,0,1,4
4,4993,1,1,1,0,4
4,4997,1,1,0,0,4
4,14,1,1,0,0,5
4,23,1,1,1,0,5
4,82,1,1,1,0,5
4,111,1,1,1,0,5
4,136,1,1,0,0,5
4,137,1,1,0,0,5
4,164,1,1,1,0,5
4,167,1,1,0,0,5
4,177,1,1,0,0,5
4,185,1,1,0,1,5
4,190,1,1,0,1,5
4,204,1,1,0,0,5
4,205,1,1,0,0,5
4,211,1,1,0,0,5
4,221,1,1,0,0,5
4,274,1,1,1,0,5
4,275,1,1,1,0,5
4,278,1,1,0,0,5
4,281,1,1,1,0,5
4,330,1,1,0,0,5
4,346,1,1,1,0,5
4,359,1,1,0,0,5
4,362,1,1,0,0,5
4,367,1,1,0,0,5
4,371,1,1,0,1,5
4,384,1,1,0,0,5
4,394,1,1,0,0,5
4,415,1,1,1,0,5
4,420,1,1,1,0,5
4,422,1,1,0,0,5
4,436,1,1,0,1,5
4,445,1,1,0,0,5
4,448,1,1,0,0,5
4,466,1,1,0,1,5
4,469,1,1,0,0,5
4,479,1,1,0,0,5
4,488,1,1,0,0,5
4,496,1,1,1,0,5
4,512,1,1,0,0,5
4,517,1,1,1,0,5
4,526,1,1,0,0,5
4,547,1,1,0,0,5
4,617,1,1,0,0,5
4,618,1,1,0,1,5
4,638,1,1,1,0,5
4,644,1,1,0,1,5
4,646,1,1,0,0,5
4,680,1,1,0,0,5
4,685,1,1,1,0,5
4,698,1,1,0,0,5
4,700,1,1,1,0,5
4,715,1,1,0,0,5
4,736,1,1,0,0,5
4,751,1,1,1,0,5
4,792,1,1,0,0,5
4,799,1,1,0,0,5
4,803,1,1,1,0,5
4,819,1,1,0,0,5
4,823,1,1,1,0,5
4,866,1,1,1,0,5
4,875,1,1,0,0,5
4,884,1,1,0,0,5
4,889,1,1,0,0,5
4,895,1,1,0,0,5
4,911,1,1,1,0,5
4,913,1,1,0,0,5
4,915,1,1,0,1,5
4,940,1,1,0,0,5
4,947,1,1,0,0,5
4,953,1,1,0,1,5
4,956,1,1,0,0,5
4,961,1,1,1,0,5
4,995,1,1,0,1,5
4,996,1,1,0,0,5
4,999,1,1,0,1,5
4,1002,1,1,0,0,5
4,1005,1,1,1,0,5
4,1010,1,1,0,1,5
4,1016,1,1,0,0,5
4,1019,1,1,0,1,5
4,1028,1,1,0,0,5
4,1040,1,1,0,0,5
4,1060,1,1,0,0,5
4,1083,1,1,0,0,5
4,1086,1,1,0,0,5
4,1129,1,1,0,0,5
4,1162,1,1,0,0,5
4,1171,1,1,0,0,5
4,1205,1,1,1,0,5
4,1225,1,1,0,0,5
4,1294,1,1,0,0,5
4,1344,1,1,0,0,5
4,1352,1,1,0,0,5
4,1440,1,1,0,0,5
4,1491,1,1,0,0,5
4,1495,1,1,1,0,5
4,1542,1,1,0,0,5
4,1550,1,1,0,0,5
4,1568,1,1,0,1,5
4,1578,1,1,1,0,5
4,1586,1,1,1,0,5
4,1589,1,1,0,1,5
4,1591,1,1,0,1,5
4,1596,1,1,0,0,5
4,1615,1,1,0,0,5
4,1617,1,1,0,0,5
4,1634,1,1,0,0,5
4,1635,1,1,0,1,5
4,1650,1,1,1,0,5
4,1658,1,1,0,0,5
4,1667,1,1,0,1,5
4,1670,1,1,0,0,5
4,1742,1,1,0,1,5
4,1744,1,1,0,0,5
4,1765,1,1,0,0,5
4,1770,1,1,0,0,5
4,1785,1,1,0,0,5
4,1788,1,1,0,0,5
4,1814,1,1,0,1,5
4,1820,1,1,0,0,5
4,1822,1,1,0,1,5
4,1857,1,1,0,1,5
4,1864,1,1,0,0,5
4,1905,1,1,0,0,5
4,1936,1,1,0,1,5
4,1939,1,1,0,1,5
4,1943,1,1,0,1,5
4,1953,1,1,0,0,5
4,1956,1,1,0,0,5
4,1963,1,1,0,0,5
4,1984,1,1,0,0,5
4,1988,1,1,1,0,5
4,2002,1,1,0,1,5
4,2005,1,1,0,0,5
4,2014,1,1,0,0,5
4,2027,1,1,0,0,5
4,2033,1,1,1,0,5
4,2073,1,1,0,0,5
4,2091,1,1,1,0,5
4,2094,1,1,0,0,5
4,2095,1,1,0,0,5
4,2100,1,1,0,1,5
4,2103,1,1,1,0,5
4,2122,1,1,0,0,5
4,2130,1,1,0,0,5
4,2143,1,1,0,0,5
4,2144,1,1,0,1,5
4,2147,1,1,0,0,5
4,2171,1,1,1,0,5
4,2176,1,1,0,0,5
4,2190,1,1,0,0,5
4,2198,1,1,0,1,5
4,2211,1,1,0,0,5
4,2215,1,1,0,0,5
4,2217,1,1,0,0,5
4,2235,1,1,0,1,5
4,2283,1,1,0,0,5
4,2294,1,1,0,1,5
4,2298,1,1,0,0,5
4,2299,1,1,0,0,5
4,2321,1,1,0,1,5
4,2332,1,1,0,0,5
4,2345,1,1,0,0,5
4,2376,1,1,0,0,5
4,2391,1,1,0,0,5
4,2395,1,1,1,0,5
4,2402,1,1,1,0,5
4,2405,1,1,1,0,5
4,2436,1,1,0,0,5
4,2469,1,1,0,0,5
4,2488,1,1,1,0,5
4,2503,1,1,0,0,5
4,2509,1,1,0,0,5
4,2515,1,1,0,0,5
4,2548,1,1,0,0,5
4,2658,1,1,1,0,5
4,2677,1,1,0,0,5
4,2701,1,1,0,0,5
4,2712,1,1,0,0,5
4,2749,1,1,0,1,5
4,2805,1,1,0,0,5
4,2813,1,1,0,0,5
4,2820,1,1,0,0,5
4,2825,1,1,0,0,5
4,2829,1,1,1,0,5
4,2832,1,1,0,0,5
4,2844,1,1,0,0,5
4,2846,1,1,0,1,5
4,2883,1,1,0,0,5
4,2896,1,1,0,0,5
4,2897,1,1,0,0,5
4,2915,1,1,0,0,5
4,2938,1,1,0,0,5
4,2940,1,1,0,0,5
4,2958,1,1,0,0,5
4,2996,1,1,0,1,5
4,3000,1,1,0,0,5
4,3017,1,1,0,0,5
4,3022,1,1,0,0,5
4,3023,1,1,0,1,5
4,3068,1,1,0,0,5
4,3129,1,1,0,1,5
4,3141,1,1,0,0,5
4,3145,1,1,0,0,5
4,3154,1,1,0,0,5
4,3176,1,1,1,0,5
4,3181,1,1,0,0,5
4,3190,1,1,0,0,5
4,3194,1,1,0,1,5
4,3221,1,1,0,0,5
4,3225,1,1,0,0,5
4,3235,1,1,0,1,5
4,3241,1,1,0,1,5
4,3298,1,1,0,0,5
4,3316,1,1,0,0,5
4,3350,1,1,0,1,5
4,3367,1,1,0,0,5
4,3397,1,1,0,0,5
4,3399,1,1,0,0,5
4,3407,1,1,0,0,5
4,3434,1,1,0,0,5
4,3439,1,1,1,0,5
4,3445,1,1,0,0,5
4,3471,1,1,1,0,5
4,3478,1,1,0,1,5
4,3485,1,1,0,1,5
4,3529,1,1,1,0,5
4,3530,1,1,0,0,5
4,3606,1,1,0,0,5
4,3639,1,1,0,0,5
4,3655,1,1,0,0,5
4,3698,1,1,0,1,5
4,3702,1,1,0,0,5
4,3706,1,1,0,0,5
4,3727,1,1,0,0,5
4,3782,1,1,0,0,5
4,3801,1,1,0,0,5
4,3814,1,1,0,0,5
4,3837,1,1,0,0,5
4,3842,1,1,0,1,5
4,3897,1,1,1,0,5
4,3918,1,1,0,0,5
4,3922,1,1,1,0,5
4,3941,1,1,0,0,5
4,3948,1,1,1,0,5
4,3950,1,1,1,0,5
4,3970,1,1,1,0,5
4,3977,1,1,0,0,5
4,4006,1,1,0,0,5
4,4025,1,1,0,0,5
4,4033,1,1,1,0,5
4,4034,1,1,0,0,5
4,4043,1,1,0,0,5
4,4048,1,1,0,1,5
4,4051,1,1,0,1,5
4,4058,1,1,0,0,5
4,4062,1,1,0,0,5
4,4070,1,1,1,0,5
4,4075,1,1,0,0,5
4,4098,1,1,0,0,5
4,4134,1,1,1,0,5
4,4152,1,1,0,0,5
4,4159,1,1,0,1,5
4,4162,1,1,0,0,5
4,4167,1,1,0,0,5
4,4223,1,1,0,1,5
4,4240,1,1,0,0,5
4,4271,1,1,0,0,5
4,4314,1,1,0,0,5
4,4318,1,1,0,0,5
4,4319,1,1,0,0,5
4,4325,1,1,0,0,5
4,4328,1,1,0,0,5
4,4361,1,1,1,0,5
4,4365,1,1,0,1,5
4,4390,1,1,1,0,5
4,4405,1,1,0,0,5
4,4413,1,1,0,0,5
4,4430,1,1,0,0,5
4,4431,1,1,0,0,5
4,4432,1,1,0,0,5
4,4442,1,1,0,0,5
4,4445,1,1,0,1,5
4,4450,1,1,1,0,5
4,4459,1,1,0,1,5
4,4469,1,1,0,0,5
4,4473,1,1,0,0,5
4,4515,1,1,0,1,5
4,4550,1,1,0,1,5
4,4565,1,1,0,0,5
4,4569,1,1,1,0,5
4,4597,1,1,0,0,5
4,4612,1,1,0,0,5
4,4614,1,1,1,0,5
4,4615,1,1,0,0,5
4,4628,1,1,1,0,5
4,4641,1,1,1,0,5
4,4644,1,1,0,0,5
4,4677,1,1,0,0,5
4,4684,1,1,0,1,5
4,4705,1,1,0,0,5
4,4733,1,1,0,0,5
4,4777,1,1,0,0,5
4,4783,1,1,1,0,5
4,4789,1,1,0,0,5
4,4803,1,1,0,0,5
4,4806,1,1,0,1,5
4,4816,1,1,0,0,5
4,4828,1,1,0,1,5
4,4836,1,1,0,0,5
4,4859,1,1,1,0,5
4,4881,1,1,0,0,5
4,4905,1,1,0,0,5
4,4942,1,1,1,0,5
4,4971,1,1,0,1,5
4,32,1,1,0,0,6
4,54,1,1,0,1,6
4,84,1,1,0,0,6
4,100,1,1,0,1,6
4,138,1,1,0,0,6
4,146,1,1,0,0,6
4,163,1,1,0,0,6
4,172,1,1,0,0,6
4,243,1,1,0,0,6
4,246,1,1,0,0,6
4,262,1,1,0,0,6
4,269,1,1,0,0,6
4,283,1,1,0,0,6
4,287,1,1,0,0,6
4,294,1,1,0,0,6
4,318,1,1,0,1,6
4,349,1,1,0,0,6
4,369,1,1,0,1,6
4,401,1,1,0,1,6
4,439,1,1,0,1,6
4,453,1,1,0,0,6
4,465,1,1,0,0,6
4,470,1,1,0,0,6
4,475,1,1,0,0,6
4,536,1,1,0,1,6
4,552,1,1,0,0,6
4,575,1,1,0,0,6
4,647,1,1,0,0,6
4,720,1,1,1,0,6
4,737,1,1,1,0,6
4,762,1,1,1,0,6
4,767,1,1,0,0,6
4,783,1,1,0,0,6
4,790,1,1,0,0,6
4,796,1,1,1,0,6
4,806,1,1,0,1,6
4,816,1,1,0,0,6
4,838,1,1,0,0,6
4,848,1,1,0,0,6
4,850,1,1,0,0,6
4,857,1,1,1,0,6
4,862,1,1,0,0,6
4,865,1,1,0,0,6
4,879,1,1,0,0,6
4,894,1,1,0,0,6
4,928,1,1,1,0,6
4,954,1,1,0,0,6
4,984,1,1,0,0,6
4,991,1,1,0,0,6
4,993,1,1,0,0,6
4,1035,1,1,0,0,6
4,1038,1,1,0,0,6
4,1046,1,1,1,0,6
4,1058,1,1,0,0,6
4,1059,1,1,0,0,6
4,1063,1,1,0,1,6
4,1064,1,1,0,1,6
4,1078,1,1,0,0,6
4,1094,1,1,0,0,6
4,1095,1,1,0,0,6
4,1102,1,1,0,1,6
4,1175,1,1,0,0,6
4,1183,1,1,0,0,6
4,1204,1,1,0,0,6
4,1213,1,1,0,1,6
4,1220,1,1,0,0,6
4,1234,1,1,1,0,6
4,1239,1,1,0,0,6
4,1256,1,1,0,0,6
4,1260,1,1,1,0,6
4,1271,1,1,1,0,6
4,1312,1,1,1,0,6
4,1315,1,1,0,0,6
4,1325,1,1,0,0,6
4,1332,1,1,0,0,6
4,1368,1,1,0,0,6
4,1374,1,1,0,0,6
4,1376,1,1,0,0,6
4,1400,1,1,0,1,6
4,1408,1,1,1,0,6
4,1413,1,1,0,0,6
4,1442,1,1,0,0,6
4,1454,1,1,0,1,6
4,1503,1,1,0,1,6
4,1524,1,1,0,1,6
4,1547,1,1,0,0,6
4,1559,1,1,0,0,6
4,1570,1,1,0,1,6
4,1626,1,1,1,0,6
4,1633,1,1,0,0,6
4,1637,1,1,0,0,6
4,1665,1,1,0,1,6
4,1671,1,1,0,0,6
4,1679,1,1,0,1,6
4,1694,1,1,0,0,6
4,1721,1,1,0,0,6
4,1725,1,1,0,0,6
4,1733,1,1,0,0,6
4,1736,1,1,0,0,6
4,1748,1,1,1,0,6
4,1763,1,1,0,0,6
4,1771,1,1,0,0,6
4,1791,1,1,0,0,6
4,1819,1,1,0,0,6
4,1866,1,1,0,1,6
4,1881,1,1,0,0,6
4,1895,1,1,0,1,6
4,1919,1,1,0,1,6
4,1934,1,1,0,1,6
4,1960,1,1,0,0,6
4,2021,1,1,0,0,6
4,2048,1,1,0,1,6
4,2062,1,1,0,0,6
4,2097,1,1,0,0,6
4,2158,1,1,1,0,6
4,2178,1,1,0,1,6
4,2191,1,1,1,0,6
4,2193,1,1,1,0,6
4,2223,1,1,1,0,6
4,2229,1,1,0,0,6
4,2243,1,1,0,0,6
4,2247,1,1,0,0,6
4,2267,1,1,0,0,6
4,2268,1,1,0,0,6
4,2270,1,1,0,0,6
4,2274,1,1,0,0,6
4,2288,1,1,0,0,6
4,2290,1,1,0,1,6
4,2312,1,1,0,0,6
4,2410,1,1,1,0,6
4,2432,1,1,0,0,6
4,2435,1,1,0,0,6
4,2451,1,1,0,0,6
4,2459,1,1,0,0,6
4,2510,1,1,0,0,6
4,2521,1,1,0,0,6
4,2529,1,1,1,0,6
4,2534,1,1,0,0,6
4,2540,1,1,0,0,6
4,2569,1,1,0,0,6
4,2582,1,1,0,0,6
4,2587,1,1,1,0,6
4,2594,1,1,0,0,6
4,2640,1,1,0,0,6
4,2653,1,1,0,0,6
4,2660,1,1,0,0,6
4,2663,1,1,1,0,6
4,2668,1,1,1,0,6
4,2669,1,1,0,0,6
4,2670,1,1,1,0,6
4,2673,1,1,0,1,6
4,2686,1,1,1,0,6
4,2700,1,1,0,0,6
4,2704,1,1,1,0,6
4,2723,1,1,0,0,6
4,2758,1,1,0,0,6
4,2770,1,1,0,0,6
4,2821,1,1,0,0,6
4,2834,1,1,0,0,6
4,2858,1,1,0,0,6
4,2869,1,1,0,0,6
4,2879,1,1,0,0,6
4,2890,1,1,0,0,6
4,2899,1,1,0,0,6
4,2910,1,1,0,1,6
4,2956,1,1,0,0,6
4,2964,1,1,1,0,6
4,2977,1,1,0,1,6
4,2982,1,1,1,0,6
4,3008,1,1,1,0,6
4,3070,1,1,1,0,6
4,3073,1,1,0,0,6
4,3091,1,1,1,0,6
4,3096,1,1,0,0,6
4,3106,1,1,0,0,6
4,3127,1,1,0,0,6
4,3131,1,1,0,0,6
4,3136,1,1,0,0,6
4,3158,1,1,1,0,6
4,3173,1,1,0,0,6
4,3177,1,1,0,0,6
4,3178,1,1,0,1,6
4,3179,1,1,0,1,6
4,3199,1,1,0,0,6
4,3247,1,1,0,0,6
4,3253,1,1,0,0,6
4,3280,1,1,0,0,6
4,3299,1,1,1,0,6
4,3307,1,1,0,1,6
4,3309,1,1,0,0,6
4,3317,1,1,0,1,6
4,3321,1,1,1,0,6
4,3325,1,1,0,0,6
4,3340,1,1,0,1,6
4,3411,1,1,0,0,6
4,3412,1,1,0,0,6
4,3417,1,1,0,0,6
4,3431,1,1,0,1,6
4,3449,1,1,0,0,6
4,3450,1,1,0,0,6
4,3455,1,1,0,0,6
4,3456,1,1,0,0,6
4,3466,1,1,0,1,6
4,3481,1,1,0,1,6
4,3491,1,1,0,0,6
4,3503,1,1,0,0,6
4,3505,1,1,0,0,6
4,3532,1,1,1,0,6
4,3541,1,1,1,0,6
4,3558,1,1,0,0,6
4,3567,1,1,0,1,6
4,3578,1,1,0,0,6
4,3638,1,1,0,0,6
4,3646,1,1,0,1,6
4,3648,1,1,0,0,6
4,3652,1,1,0,1,6
4,3674,1,1,0,0,6
4,3677,1,1,0,1,6
4,3716,1,1,0,1,6
4,3717,1,1,0,0,6
4,3737,1,1,0,0,6
4,3745,1,1,0,0,6
4,3750,1,1,0,1,6
4,3753,1,1,0,0,6
4,3758,1,1,0,0,6
4,3790,1,1,0,1,6
4,3791,1,1,1,0,6
4,3803,1,1,0,0,6
4,3810,1,1,1,0,6
4,3822,1,1,0,1,6
4,3863,1,1,0,1,6
4,3872,1,1,0,0,6
4,3884,1,1,0,0,6
4,3903,1,1,0,0,6
4,3926,1,1,0,1,6
4,3931,1,1,0,0,6
4,3935,1,1,0,1,6
4,3952,1,1,0,0,6
4,3955,1,1,1,0,6
4,3957,1,1,0,1,6
4,3958,1,1,0,0,6
4,3959,1,1,0,0,6
4,3961,1,1,0,1,6
4,3974,1,1,1,0,6
4,3975,1,1,0,0,6
4,3980,1,1,0,0,6
4,4002,1,1,1,0,6
4,4018,1,1,0,0,6
4,4044,1,1,1,0,6
4,4054,1,1,0,0,6
4,4061,1,1,1,0,6
4,4106,1,1,0,1,6
4,4143,1,1,0,0,6
4,4149,1,1,0,0,6
4,4153,1,1,0,0,6
4,4171,1,1,1,0,6
4,4189,1,1,0,0,6
4,4193,1,1,1,0,6
4,4218,1,1,0,0,6
4,4221,1,1,0,0,6
4,4226,1,1,0,0,6
4,4230,1,1,1,0,6
4,4257,1,1,1,0,6
4,4272,1,1,1,0,6
4,4279,1,1,0,0,6
4,4287,1,1,0,1,6
4,4401,1,1,0,1,6
4,4458,1,1,0,1,6
4,4474,1,1,1,0,6
4,4485,1,1,0,0,6
4,4492,1,1,1,0,6
4,4494,1,1,0,0,6
4,4537,1,1,0,0,6
4,4552,1,1,0,0,6
4,4561,1,1,0,0,6
4,4563,1,1,0,0,6
4,4584,1,1,1,0,6
4,4585,1,1,1,0,6
4,4643,1,1,0,0,6
4,4701,1,1,0,0,6
4,4716,1,1,0,1,6
4,4723,1,1,1,0,6
4,4727,1,1,0,0,6
4,4735,1,1,0,0,6
4,4739,1,1,0,0,6
4,4768,1,1,1,0,6
4,4797,1,1,0,0,6
4,4818,1,1,1,0,6
4,4833,1,1,0,0,6
4,4847,1,1,1,0,6
4,4862,1,1,1,0,6
4,4876,1,1,1,0,6
4,4883,1,1,0,0,6
4,4886,1,1,1,0,6
4,4907,1,1,0,0,6
4,4917,1,1,0,0,6
4,4970,1,1,0,0,6
4,4986,1,1,1,0,6
4,4998,1,1,1,0,6
4,7,1,1,0,0,7
4,35,1,1,1,0,7
4,41,1,1,0,0,7
4,62,1,1,1,0,7
4,65,1,1,1,0,7
4,69,1,1,0,0,7
4,97,1,1,0,0,7
4,101,1,1,0,0,7
4,110,1,1,1,0,7
4,113,1,1,0,0,7
4,115,1,1,0,0,7
4,128,1,1,0,0,7
4,134,1,1,0,1,7
4,169,1,1,0,0,7
4,171,1,1,0,0,7
4,176,1,1,1,0,7
4,198,1,1,0,0,7
4,207,1,1,0,1,7
4,226,1,1,0,1,7
4,228,1,1,0,0,7
4,232,1,1,0,0,7
4,251,1,1,1,0,7
4,267,1,1,0,0,7
4,271,1,1,1,0,7
4,315,1,1,0,1,7
4,321,1,1,0,0,7
4,358,1,1,0,0,7
4,393,1,1,0,0,7
4,419,1,1,0,0,7
4,423,1,1,1,0,7
4,441,1,1,0,0,7
4,473,1,1,0,0,7
4,487,1,1,0,1,7
4,504,1,1,0,0,7
4,525,1,1,1,0,7
4,570,1,1,0,0,7
4,587,1,1,1,0,7
4,588,1,1,0,0,7
4,598,1,1,0,0,7
4,607,1,1,0,0,7
4,613,1,1,0,0,7
4,630,1,1,1,0,7
4,669,1,1,0,0,7
4,675,1,1,1,0,7
4,676,1,1,1,0,7
4,721,1,1,0,0,7
4,730,1,1,0,0,7
4,763,1,1,1,0,7
4,769,1,1,0,0,7
4,782,1,1,0,0,7
4,804,1,1,0,0,7
4,807,1,1,0,0,7
4,844,1,1,0,1,7
4,847,1,1,0,1,7
4,877,1,1,0,0,7
4,882,1,1,0,0,7
4,899,1,1,0,0,7
4,901,1,1,0,0,7
4,903,1,1,0,0,7
4,906,1,1,1,0,7
4,917,1,1,0,1,7
4,918,1,1,0,0,7
4,919,1,1,1,0,7
4,973,1,1,0,0,7
4,1055,1,1,0,0,7
4,1084,1,1,0,0,7
4,1085,1,1,1,0,7
4,1097,1,1,1,0,7
4,1105,1,1,0,0,7
4,1112,1,1,0,0,7
4,1125,1,1,1,0,7
4,1173,1,1,0,0,7
4,1231,1,1,0,0,7
4,1258,1,1,0,0,7
4,1293,1,1,1,0,7
4,1314,1,1,0,0,7
4,1331,1,1,0,0,7
4,1358,1,1,0,0,7
4,1370,1,1,1,0,7
4,1381,1,1,0,1,7
4,1390,1,1,1,0,7
4,1397,1,1,1,0,7
4,1422,1,1,0,0,7
4,1424,1,1,0,0,7
4,1465,1,1,0,1,7
4,1466,1,1,1,0,7
4,1470,1,1,0,0,7
4,1489,1,1,1,0,7
4,1492,1,1,0,0,7
4,1505,1,1,1,0,7
4,1514,1,1,0,0,7
4,1544,1,1,1,0,7
4,1576,1,1,0,0,7
4,1579,1,1,0,0,7
4,1590,1,1,0,0,7
4,1630,1,1,0,1,7
4,1638,1,1,0,0,7
4,1663,1,1,0,0,7
4,1673,1,1,0,0,7
4,1700,1,1,0,0,7
4,1711,1,1,0,0,7
4,1723,1,1,0,1,7
4,1743,1,1,0,0,7
4,1758,1,1,0,0,7
4,1759,1,1,0,0,7
4,1777,1,1,0,1,7
4,1781,1,1,0,0,7
4,1782,1,1,0,0,7
4,1800,1,1,1,0,7
4,1810,1,1,0,0,7
4,1848,1,1,1,0,7
4,1870,1,1,0,0,7
4,1873,1,1,0,0,7
4,1883,1,1,0,0,7
4,1885,1,1,0,0,7
4,1886,1,1,0,0,7
4,1910,1,1,0,1,7
4,1944,1,1,0,0,7
4,1965,1,1,0,0,7
4,1968,1,1,0,0,7
4,1975,1,1,0,0,7
4,1977,1,1,0,1,7
4,2034,1,1,1,0,7
4,2036,1,1,1,0,7
4,2037,1,1,0,0,7
4,2055,1,1,0,0,7
4,2067,1,1,0,0,7
4,2068,1,1,0,0,7
4,2096,1,1,1,0,7
4,2115,1,1,0,0,7
4,2127,1,1,0,0,7
4,2129,1,1,0,0,7
4,2131,1,1,0,1,7
4,2146,1,1,0,0,7
4,2151,1,1,0,0,7
4,2154,1,1,0,0,7
4,2163,1,1,0,0,7
4,2186,1,1,1,0,7
4,2214,1,1,0,1,7
4,2216,1,1,0,0,7
4,2241,1,1,0,1,7
4,2254,1,1,0,1,7
4,2279,1,1,0,0,7
4,2284,1,1,0,0,7
4,2307,1,1,0,0,7
4,2308,1,1,1,0,7
4,2325,1,1,0,0,7
4,2363,1,1,0,1,7
4,2369,1,1,1,0,7
4,2370,1,1,0,0,7
4,2375,1,1,0,0,7
4,2380,1,1,0,0,7
4,2396,1,1,0,0,7
4,2404,1,1,0,0,7
4,2421,1,1,0,0,7
4,2429,1,1,0,0,7
4,2455,1,1,1,0,7
4,2456,1,1,1,0,7
4,2457,1,1,1,0,7
4,2463,1,1,0,0,7
4,2464,1,1,0,0,7
4,2472,1,1,0,0,7
4,2481,1,1,0,0,7
4,2493,1,1,0,0,7
4,2500,1,1,0,0,7
4,2506,1,1,0,0,7
4,2523,1,1,0,0,7
4,2525,1,1,0,0,7
4,2526,1,1,0,1,7
4,2532,1,1,0,0,7
4,2549,1,1,0,0,7
4,2561,1,1,0,0,7
4,2570,1,1,0,0,7
4,2576,1,1,0,0,7
4,2579,1,1,0,0,7
4,2584,1,1,1,0,7
4,2598,1,1,0,1,7
4,2619,1,1,0,1,7
4,2630,1,1,0,1,7
4,2681,1,1,0,1,7
4,2682,1,1,0,0,7
4,2708,1,1,0,0,7
4,2722,1,1,1,0,7
4,2731,1,1,0,0,7
4,2742,1,1,0,1,7
4,2750,1,1,1,0,7
4,2756,1,1,0,0,7
4,2760,1,1,0,0,7
4,2766,1,1,0,0,7
4,2812,1,1,0,0,7
4,2824,1,1,1,0,7
4,2845,1,1,0,0,7
4,2848,1,1,0,1,7
4,2854,1,1,0,0,7
4,2857,1,1,0,0,7
4,2865,1,1,1,0,7
4,2880,1,1,0,1,7
4,2888,1,1,0,1,7
4,2889,1,1,0,1,7
4,2934,1,1,0,0,7
4,2995,1,1,0,1,7
4,3006,1,1,0,0,7
4,3020,1,1,0,1,7
4,3036,1,1,0,0,7
4,3040,1,1,0,1,7
4,3063,1,1,0,0,7
4,3117,1,1,0,1,7
4,3143,1,1,0,0,7
4,3150,1,1,0,0,7
4,3161,1,1,0,0,7
4,3163,1,1,0,0,7
4,3168,1,1,0,0,7
4,3170,1,1,0,0,7
4,3183,1,1,0,1,7
4,3217,1,1,0,0,7
4,3257,1,1,1,0,7
4,3261,1,1,0,0,7
4,3286,1,1,0,0,7
4,3293,1,1,0,1,7
4,3294,1,1,0,1,7
4,3339,1,1,0,0,7
4,3354,1,1,0,0,7
4,3364,1,1,0,0,7
4,3365,1,1,0,1,7
4,3372,1,1,0,1,7
4,3380,1,1,0,0,7
4,3392,1,1,0,0,7
4,3401,1,1,1,0,7
4,3419,1,1,1,0,7
4,3470,1,1,0,0,7
4,3488,1,1,0,0,7
4,3496,1,1,0,0,7
4,3518,1,1,0,0,7
4,3549,1,1,0,0,7
4,3555,1,1,0,0,7
4,3560,1,1,0,0,7
4,3562,1,1,0,0,7
4,3563,1,1,0,0,7
4,3579,1,1,0,0,7
4,3580,1,1,0,0,7
4,3586,1,1,0,0,7
4,3589,1,1,0,0,7
4,3605,1,1,0,1,7
4,3613,1,1,0,1,7
4,3644,1,1,1,0,7
4,3656,1,1,0,0,7
4,3707,1,1,0,0,7
4,3708,1,1,0,0,7
4,3729,1,1,0,0,7
4,3756,1,1,0,0,7
4,3785,1,1,0,0,7
4,3788,1,1,0,0,7
4,3797,1,1,0,0,7
4,3811,1,1,1,0,7
4,3818,1,1,1,0,7
4,3825,1,1,0,0,7
4,3830,1,1,1,0,7
4,3836,1,1,1,0,7
4,3838,1,1,0,1,7
4,3841,1,1,0,0,7
4,3861,1,1,0,0,7
4,3862,1,1,0,0,7
4,3865,1,1,0,0,7
4,3885,1,1,0,0,7
4,3901,1,1,0,0,7
4,3902,1,1,0,0,7
4,3939,1,1,0,0,7
4,3942,1,1,0,0,7
4,3949,1,1,0,0,7
4,3976,1,1,0,0,7
4,3986,1,1,0,0,7
4,3998,1,1,0,1,7
4,4004,1,1,0,0,7
4,4011,1,1,0,1,7
4,4013,1,1,0,0,7
4,4015,1,1,1,0,7
4,4036,1,1,0,0,7
4,4038,1,1,0,0,7
4,4053,1,1,0,1,7
4,4085,1,1,0,0,7
4,4111,1,1,0,0,7
4,4133,1,1,0,0,7
4,4137,1,1,0,0,7
4,4142,1,1,1,0,7
4,4195,1,1,0,0,7
4,4196,1,1,0,0,7
4,4209,1,1,0,0,7
4,4236,1,1,1,0,7
4,4268,1,1,1,0,7
4,4278,1,1,0,0,7
4,4316,1,1,0,0,7
4,4342,1,1,1,0,7
4,4366,1,1,1,0,7
4,4377,1,1,0,0,7
4,4382,1,1,0,0,7
4,4406,1,1,1,0,7
4,4415,1,1,0,1,7
4,4439,1,1,0,1,7
4,4478,1,1,1,0,7
4,4511,1,1,0,0,7
4,4512,1,1,0,1,7
4,4517,1,1,0,0,7
4,4519,1,1,0,0,7
4,4531,1,1,0,0,7
4,4543,1,1,0,0,7
4,4570,1,1,0,1,7
4,4580,1,1,1,0,7
4,4610,1,1,0,0,7
4,4616,1,1,1,0,7
4,4617,1,1,0,0,7
4,4624,1,1,0,0,7
4,4631,1,1,0,0,7
4,4636,1,1,1,0,7
4,4650,1,1,0,0,7
4,4667,1,1,0,1,7
4,4689,1,1,1,0,7
4,4692,1,1,0,0,7
4,4695,1,1,0,0,7
4,4719,1,1,0,0,7
4,4736,1,1,0,1,7
4,4753,1,1,1,0,7
4,4758,1,1,0,0,7
4,4775,1,1,0,0,7
4,4812,1,1,0,0,7
4,4815,1,1,0,0,7
4,4822,1,1,0,0,7
4,4830,1,1,0,0,7
4,4850,1,1,0,0,7
4,4853,1,1,1,0,7
4,4889,1,1,0,0,7
4,4906,1,1,1,0,7
4,4977,1,1,0,0,7
4,4988,1,1,0,0,7
4,10,1,1,0,0,8
4,11,1,1,0,1,8
4,17,1,1,0,0,8
4,29,1,1,1,0,8
4,55,1,1,0,0,8
4,77,1,1,1,0,8
4,158,1,1,0,0,8
4,188,1,1,0,0,8
4,208,1,1,0,0,8
4,255,1,1,0,1,8
4,313,1,1,0,0,8
4,329,1,1,0,0,8
4,351,1,1,0,0,8
4,417,1,1,0,1,8
4,424,1,1,0,0,8
4,430,1,1,1,0,8
4,446,1,1,0,1,8
4,450,1,1,0,1,8
4,484,1,1,1,0,8
4,485,1,1,1,0,8
4,490,1,1,1,0,8
4,507,1,1,0,0,8
4,511,1,1,0,0,8
4,520,1,1,0,0,8
4,556,1,1,0,0,8
4,568,1,1,0,0,8
4,572,1,1,0,0,8
4,591,1,1,0,0,8
4,612,1,1,0,0,8
4,614,1,1,1,0,8
4,615,1,1,0,0,8
4,645,1,1,0,1,8
4,653,1,1,0,0,8
4,663,1,1,0,0,8
4,673,1,1,0,0,8
4,686,1,1,1,0,8
4,707,1,1,0,0,8
4,711,1,1,0,1,8
4,726,1,1,0,0,8
4,732,1,1,0,0,8
4,741,1,1,0,1,8
4,765,1,1,0,0,8
4,797,1,1,1,0,8
4,814,1,1,0,0,8
4,818,1,1,0,1,8
4,835,1,1,0,0,8
4,843,1,1,0,0,8
4,872,1,1,0,0,8
4,874,1,1,1,0,8
4,878,1,1,1,0,8
4,890,1,1,1,0,8
4,924,1,1,0,0,8
4,926,1,1,0,0,8
4,945,1,1,0,1,8
4,952,1,1,0,1,8
4,1067,1,1,1,0,8
4,1109,1,1,0,1,8
4,1114,1,1,0,0,8
4,1127,1,1,1,0,8
4,1156,1,1,0,0,8
4,1158,1,1,0,0,8
4,1167,1,1,0,0,8
4,1172,1,1,1,0,8
4,1218,1,1,0,0,8
4,1255,1,1,0,0,8
4,1265,1,1,1,0,8
4,1269,1,1,0,1,8
4,1284,1,1,0,0,8
4,1321,1,1,0,0,8
4,1335,1,1,0,0,8
4,1336,1,1,0,0,8
4,1339,1,1,0,1,8
4,1350,1,1,0,0,8
4,1362,1,1,0,0,8
4,1392,1,1,0,0,8
4,1396,1,1,0,0,8
4,1403,1,1,0,0,8
4,1414,1,1,1,0,8
4,1444,1,1,0,1,8
4,1460,1,1,0,0,8
4,1481,1,1,0,0,8
4,1533,1,1,1,0,8
4,1534,1,1,0,0,8
4,1537,1,1,0,0,8
4,1543,1,1,1,0,8
4,1565,1,1,0,1,8
4,1727,1,1,1,0,8
4,1747,1,1,0,0,8
4,1767,1,1,0,0,8
4,1773,1,1,0,0,8
4,1775,1,1,0,0,8
4,1787,1,1,0,1,8
4,1797,1,1,0,0,8
4,1842,1,1,1,0,8
4,1877,1,1,0,0,8
4,1914,1,1,1,0,8
4,1941,1,1,0,0,8
4,1955,1,1,0,0,8
4,1957,1,1,0,1,8
4,1994,1,1,1,0,8
4,2008,1,1,1,0,8
4,2028,1,1,0,0,8
4,2030,1,1,0,1,8
4,2039,1,1,1,0,8
4,2043,1,1,0,0,8
4,2066,1,1,0,0,8
4,2071,1,1,0,0,8
4,2074,1,1,0,0,8
4,2084,1,1,1,0,8
4,2090,1,1,0,0,8
4,2121,1,1,0,0,8
4,2173,1,1,0,0,8
4,2200,1,1,0,0,8
4,2227,1,1,0,0,8
4,2250,1,1,0,0,8
4,2285,1,1,0,0,8
4,2322,1,1,0,1,8
4,2330,1,1,0,0,8
4,2374,1,1,0,0,8
4,2384,1,1,0,0,8
4,2386,1,1,0,1,8
4,2399,1,1,0,0,8
4,2427,1,1,0,0,8
4,2440,1,1,1,0,8
4,2505,1,1,0,0,8
4,2512,1,1,0,0,8
4,2520,1,1,0,0,8
4,2527,1,1,0,0,8
4,2535,1,1,0,1,8
4,2591,1,1,0,0,8
4,2597,1,1,1,0,8
4,2602,1,1,0,0,8
4,2625,1,1,0,0,8
4,2628,1,1,0,0,8
4,2683,1,1,0,0,8
4,2688,1,1,0,0,8
4,2705,1,1,0,1,8
4,2711,1,1,0,0,8
4,2728,1,1,0,0,8
4,2732,1,1,0,1,8
4,2799,1,1,0,1,8
4,2807,1,1,0,0,8
4,2864,1,1,0,0,8
4,2942,1,1,1,0,8
4,2967,1,1,0,1,8
4,2968,1,1,0,0,8
4,2975,1,1,0,1,8
4,2985,1,1,0,0,8
4,3007,1,1,0,0,8
4,3009,1,1,0,0,8
4,3082,1,1,0,0,8
4,3099,1,1,0,0,8
4,3108,1,1,1,0,8
4,3137,1,1,0,0,8
4,3146,1,1,0,1,8
4,3148,1,1,0,0,8
4,3166,1,1,0,0,8
4,3195,1,1,0,0,8
4,3231,1,1,0,1,8
4,3258,1,1,0,0,8
4,3262,1,1,0,0,8
4,3263,1,1,0,0,8
4,3266,1,1,0,0,8
4,3306,1,1,0,0,8
4,3310,1,1,0,1,8
4,3366,1,1,0,1,8
4,3461,1,1,0,1,8
4,3469,1,1,0,0,8
4,3477,1,1,0,0,8
4,3492,1,1,0,0,8
4,3512,1,1,0,0,8
4,3534,1,1,0,0,8
4,3543,1,1,0,1,8
4,3569,1,1,0,0,8
4,3574,1,1,0,1,8
4,3596,1,1,0,0,8
4,3597,1,1,0,0,8
4,3621,1,1,0,1,8
4,3651,1,1,0,1,8
4,3659,1,1,0,0,8
4,3660,1,1,1,0,8
4,3664,1,1,0,0,8
4,3671,1,1,1,0,8
4,3673,1,1,0,1,8
4,3744,1,1,0,0,8
4,3767,1,1,0,0,8
4,3779,1,1,0,0,8
4,3794,1,1,0,1,8
4,3816,1,1,0,0,8
4,3871,1,1,1,0,8
4,3892,1,1,0,0,8
4,3916,1,1,1,0,8
4,3937,1,1,0,1,8
4,3944,1,1,0,0,8
4,4032,1,1,0,0,8
4,4037,1,1,1,0,8
4,4047,1,1,0,0,8
4,4093,1,1,1,0,8
4,4099,1,1,0,1,8
4,4116,1,1,0,0,8
4,4127,1,1,0,0,8
4,4136,1,1,0,1,8
4,4141,1,1,0,0,8
4,4144,1,1,0,0,8
4,4154,1,1,0,0,8
4,4160,1,1,0,0,8
4,4190,1,1,0,0,8
4,4215,1,1,0,1,8
4,4216,1,1,0,0,8
4,4249,1,1,1,0,8
4,4259,1,1,0,0,8
4,4260,1,1,0,0,8
4,4264,1,1,0,0,8
4,4290,1,1,1,0,8
4,4292,1,1,0,0,8
4,4323,1,1,0,0,8
4,4345,1,1,0,1,8
4,4378,1,1,0,0,8
4,4414,1,1,0,0,8
4,4428,1,1,0,0,8
4,4434,1,1,0,1,8
4,4452,1,1,0,0,8
4,4453,1,1,0,0,8
4,4486,1,1,0,0,8
4,4521,1,1,0,0,8
4,4536,1,1,0,0,8
4,4557,1,1,1,0,8
4,4579,1,1,0,0,8
4,4588,1,1,0,0,8
4,4590,1,1,0,0,8
4,4611,1,1,0,0,8
4,4645,1,1,0,1,8
4,4653,1,1,0,0,8
4,4663,1,1,0,0,8
4,4664,1,1,1,0,8
4,4675,1,1,0,1,8
4,4678,1,1,0,0,8
4,4683,1,1,0,0,8
4,4686,1,1,1,0,8
4,4706,1,1,0,1,8
4,4707,1,1,0,1,8
4,4772,1,1,0,0,8
4,4795,1,1,0,1,8
4,4807,1,1,0,0,8
4,4829,1,1,0,1,8
4,4849,1,1,0,0,8
4,4865,1,1,0,0,8
4,4868,1,1,0,0,8
4,4928,1,1,0,0,8
4,4944,1,1,1,0,8
4,4955,1,1,0,1,8
4,4962,1,1,1,0,8
4,4990,1,1,0,1,8
4,4996,1,1,0,0,8
4,4999,1,1,0,1,8
4,1,3,1,0,1,9
4,13,3,1,0,1,9
4,47,3,1,3,0,9
4,50,3,1,0,0,9
4,78,3,1,0,1,9
4,107,3,1,0,0,9
4,109,3,1,0,0,9
4,114,3,1,0,0,9
4,139,3,1,0,0,9
4,148,3,1,0,0,9
4,153,3,1,3,0,9
4,166,3,1,0,0,9
4,175,3,1,0,0,9
4,197,3,1,3,0,9
4,203,3,1,3,0,9
4,250,3,1,0,0,9
4,265,3,1,0,0,9
4,299,3,1,1,0,9
4,341,3,1,0,1,9
4,380,3,1,0,0,9
4,391,3,1,0,0,9
4,406,3,1,0,0,9
4,428,3,1,0,0,9
4,437,3,1,3,0,9
4,440,3,1,0,0,9
4,454,3,1,3,0,9
4,461,3,1,0,0,9
4,476,3,1,0,0,9
4,477,3,1,0,0,9
4,492,3,1,0,0,9
4,545,3,1,0,1,9
4,548,3,1,0,0,9
4,553,3,1,3,0,9
4,567,3,1,0,0,9
4,626,3,1,0,1,9
4,652,3,1,0,1,9
4,693,3,1,3,0,9
4,705,3,1,0,0,9
4,706,3,1,0,0,9
4,709,3,1,0,0,9
4,725,3,1,0,0,9
4,729,3,1,0,0,9
4,733,3,1,1,0,9
4,787,3,1,0,0,9
4,791,3,1,0,0,9
4,817,3,1,1,0,9
4,831,3,1,0,0,9
4,849,3,1,0,1,9
4,858,3,1,3,0,9
4,864,3,1,0,0,9
4,898,3,1,0,0,9
4,907,3,1,0,0,9
4,938,3,1,0,1,9
4,959,3,1,3,0,9
4,962,3,1,0,0,9
4,1006,3,1,0,1,9
4,1013,3,1,3,0,9
4,1033,3,1,3,0,9
4,1049,3,1,0,0,9
4,1077,3,1,3,0,9
4,1132,3,1,0,0,9
4,1135,3,1,0,0,9
4,1153,3,1,0,0,9
4,1198,3,1,0,0,9
4,1199,3,1,0,0,9
4,1200,3,1,0,0,9
4,1232,3,1,3,0,9
4,1235,3,1,3,0,9
4,1250,3,1,0,1,9
4,1289,3,1,0,0,9
4,1297,3,1,0,0,9
4,1305,3,1,0,0,9
4,1337,3,1,0,0,9
4,1345,3,1,0,0,9
4,1357,3,1,0,0,9
4,1372,3,1,0,0,9
4,1384,3,1,0,0,9
4,1427,3,1,0,0,9
4,1437,3,1,0,0,9
4,1439,3,1,3,0,9
4,1443,3,1,0,0,9
4,1449,3,1,3,0,9
4,1469,3,1,0,1,9
4,1525,3,1,0,0,9
4,1528,3,1,0,0,9
4,1562,3,1,0,0,9
4,1566,3,1,0,0,9
4,1574,3,1,0,0,9
4,1625,3,1,0,0,9
4,1639,3,1,0,1,9
4,1644,3,1,3,0,9
4,1686,3,1,0,0,9
4,1695,3,1,0,0,9
4,1713,3,1,0,1,9
4,1717,3,1,0,1,9
4,1728,3,1,0,0,9
4,1750,3,1,0,0,9
4,1764,3,1,0,0,9
4,1802,3,1,0,0,9
4,1813,3,1,0,0,9
4,1826,3,1,0,0,9
4,1828,3,1,0,0,9
4,1850,3,1,0,1,9
4,1950,3,1,1,0,9
4,1958,3,1,0,0,9
4,1976,3,1,3,0,9
4,1978,3,1,0,0,9
4,1997,3,1,0,0,9
4,2012,3,1,0,0,9
4,2018,3,1,0,0,9
4,2051,3,1,0,0,9
4,2054,3,1,0,0,9
4,2072,3,1,0,1,9
4,2114,3,1,0,0,9
4,2116,3,1,0,0,9
4,2132,3,1,0,0,9
4,2136,3,1,0,0,9
4,2145,3,1,0,1,9
4,2156,3,1,0,0,9
4,2204,3,1,0,1,9
4,2255,3,1,0,1,9
4,2262,3,1,0,1,9
4,2263,3,1,0,0,9
4,2264,3,1,1,0,9
4,2265,3,1,0,0,9
4,2266,3,1,3,0,9
4,2275,3,1,0,0,9
4,2278,3,1,0,0,9
4,2311,3,1,3,0,9
4,2331,3,1,0,1,9
4,2360,3,1,0,1,9
4,2383,3,1,0,0,9
4,2398,3,1,0,1,9
4,2400,3,1,0,1,9
4,2407,3,1,0,0,9
4,2422,3,1,0,0,9
4,2444,3,1,0,0,9
4,2460,3,1,0,0,9
4,2539,3,1,3,0,9
4,2542,3,1,0,0,9
4,2565,3,1,3,0,9
4,2583,3,1,0,0,9
4,2631,3,1,0,0,9
4,2633,3,1,0,0,9
4,2655,3,1,3,0,9
4,2657,3,1,0,0,9
4,2698,3,1,0,1,9
4,2713,3,1,3,0,9
4,2716,3,1,0,1,9
4,2720,3,1,0,0,9
4,2744,3,1,0,0,9
4,2765,3,1,3,0,9
4,2783,3,1,0,1,9
4,2789,3,1,0,0,9
4,2801,3,1,0,1,9
4,2816,3,1,3,0,9
4,2882,3,1,0,1,9
4,2935,3,1,0,1,9
4,2945,3,1,0,1,9
4,2976,3,1,0,1,9
4,3001,3,1,3,0,9
4,3034,3,1,0,0,9
4,3059,3,1,0,0,9
4,3084,3,1,1,0,9
4,3092,3,1,0,0,9
4,3116,3,1,3,0,9
4,3135,3,1,0,0,9
4,3151,3,1,0,1,9
4,3152,3,1,0,0,9
4,3167,3,1,0,0,9
4,3201,3,1,0,0,9
4,3215,3,1,0,1,9
4,3229,3,1,0,0,9
4,3242,3,1,0,0,9
4,3259,3,1,0,0,9
4,3301,3,1,0,0,9
4,3308,3,1,0,0,9
4,3343,3,1,0,1,9
4,3353,3,1,0,1,9
4,3368,3,1,0,0,9
4,3370,3,1,0,0,9
4,3389,3,1,3,0,9
4,3396,3,1,1,0,9
4,3400,3,1,3,0,9
4,3430,3,1,0,0,9
4,3432,3,1,0,1,9
4,3476,3,1,0,1,9
4,3483,3,1,0,0,9
4,3490,3,1,0,0,9
4,3522,3,1,0,1,9
4,3523,3,1,0,1,9
4,3524,3,1,0,0,9
4,3548,3,1,0,0,9
4,3566,3,1,0,1,9
4,3603,3,1,0,0,9
4,3610,3,1,0,0,9
4,3616,3,1,0,1,9
4,3625,3,1,0,0,9
4,3636,3,1,0,1,9
4,3637,3,1,3,0,9
4,3649,3,1,0,1,9
4,3679,3,1,0,0,9
4,3682,3,1,0,0,9
4,3693,3,1,0,0,9
4,3700,3,1,0,1,9
4,3719,3,1,0,0,9
4,3730,3,1,0,0,9
4,3755,3,1,0,0,9
4,3771,3,1,0,0,9
4,3812,3,1,0,1,9
4,3849,3,1,3,0,9
4,3850,3,1,3,0,9
4,3857,3,1,0,0,9
4,3859,3,1,0,1,9
4,3876,3,1,0,1,9
4,3910,3,1,0,0,9
4,3913,3,1,0,0,9
4,3930,3,1,3,0,9
4,3956,3,1,0,1,9
4,3990,3,1,0,0,9
4,4055,3,1,0,0,9
4,4087,3,1,3,0,9
4,4102,3,1,0,0,9
4,4107,3,1,0,0,9
4,4182,3,1,0,0,9
4,4183,3,1,3,0,9
4,4205,3,1,0,0,9
4,4220,3,1,0,1,9
4,4247,3,1,0,0,9
4,4297,3,1,1,0,9
4,4303,3,1,0,0,9
4,4304,3,1,0,0,9
4,4329,3,1,0,0,9
4,4357,3,1,0,0,9
4,4373,3,1,0,0,9
4,4387,3,1,0,0,9
4,4410,3,1,0,0,9
4,4416,3,1,0,0,9
4,4418,3,1,0,0,9
4,4427,3,1,0,0,9
4,4463,3,1,3,0,9
4,4464,3,1,0,0,9
4,4467,3,1,0,0,9
4,4468,3,1,0,0,9
4,4470,3,1,0,1,9
4,4483,3,1,0,1,9
4,4500,3,1,0,1,9
4,4501,3,1,1,0,9
4,4524,3,1,0,0,9
4,4526,3,1,3,0,9
4,4534,3,1,3,0,9
4,4540,3,1,0,0,9
4,4568,3,1,0,1,9
4,4577,3,1,0,1,9
4,4591,3,1,3,0,9
4,4606,3,1,0,1,9
4,4607,3,1,0,0,9
4,4654,3,1,0,0,9
4,4659,3,1,0,0,9
4,4709,3,1,0,0,9
4,4717,3,1,0,0,9
4,4745,3,1,0,0,9
4,4780,3,1,0,0,9
4,4804,3,1,0,0,9
4,4824,3,1,0,0,9
4,4843,3,1,0,0,9
4,4863,3,1,0,0,9
4,4877,3,1,0,0,9
4,4885,3,1,0,0,9
4,4888,3,1,0,0,9
4,4895,3,1,0,1,9
4,4902,3,1,3,0,9
4,4915,3,1,0,0,9
4,4922,3,1,0,0,9
4,4929,3,1,0,0,9
4,4931,3,1,0,0,9
4,4935,3,1,0,1,9
4,4960,3,1,0,1,9
4,4991,3,1,0,0,9
4,27,1,1,0,0,10
4,36,1,1,0,0,10
4,40,1,1,0,0,10
4,42,1,1,0,1,10
4,51,1,1,0,0,10
4,89,1,1,0,0,10
4,93,1,1,0,0,10
4,94,1,1,0,1,10
4,133,1,1,1,0,10
4,145,1,1,0,1,10
4,157,1,1,0,0,10
4,162,1,1,0,0,10
4,165,1,1,0,0,10
4,178,1,1,0,0,10
4,181,1,1,0,0,10
4,209,1,1,1,0,10
4,220,1,1,0,0,10
4,234,1,1,0,0,10
4,237,1,1,0,0,10
4,261,1,1,0,0,10
4,273,1,1,0,0,10
4,297,1,1,0,0,10
4,305,1,1,1,0,10
4,323,1,1,1,0,10
4,335,1,1,0,0,10
4,348,1,1,0,0,10
4,370,1,1,1,0,10
4,388,1,1,0,0,10
4,396,1,1,0,0,10
4,405,1,1,0,0,10
4,418,1,1,0,0,10
4,429,1,1,0,0,10
4,447,1,1,1,0,10
4,459,1,1,1,0,10
4,497,1,1,0,0,10
4,518,1,1,0,1,10
4,521,1,1,0,0,10
4,522,1,1,0,0,10
4,544,1,1,1,0,10
4,604,1,1,1,0,10
4,616,1,1,0,1,10
4,640,1,1,0,0,10
4,643,1,1,0,0,10
4,659,1,1,0,0,10
4,660,1,1,0,0,10
4,672,1,1,0,0,10
4,689,1,1,0,0,10
4,690,1,1,1,0,10
4,691,1,1,0,0,10
4,692,1,1,0,0,10
4,713,1,1,0,0,10
4,748,1,1,0,0,10
4,766,1,1,1,0,10
4,775,1,1,1,0,10
4,908,1,1,0,0,10
4,936,1,1,1,0,10
4,950,1,1,0,0,10
4,976,1,1,0,0,10
4,998,1,1,0,1,10
4,1024,1,1,0,1,10
4,1025,1,1,0,0,10
4,1030,1,1,0,0,10
4,1041,1,1,0,0,10
4,1080,1,1,0,1,10
4,1081,1,1,1,0,10
4,1101,1,1,0,0,10
4,1110,1,1,0,0,10
4,1128,1,1,0,0,10
4,1130,1,1,1,0,10
4,1160,1,1,0,0,10
4,1174,1,1,0,1,10
4,1177,1,1,1,0,10
4,1186,1,1,0,0,10
4,1193,1,1,0,0,10
4,1237,1,1,0,1,10
4,1240,1,1,0,0,10
4,1242,1,1,0,1,10
4,1270,1,1,0,0,10
4,1275,1,1,0,1,10
4,1286,1,1,0,0,10
4,1296,1,1,0,0,10
4,1333,1,1,0,0,10
4,1359,1,1,0,0,10
4,1360,1,1,1,0,10
4,1361,1,1,0,1,10
4,1363,1,1,0,0,10
4,1364,1,1,0,0,10
4,1387,1,1,0,0,10
4,1389,1,1,0,0,10
4,1405,1,1,0,0,10
4,1455,1,1,0,1,10
4,1477,1,1,1,0,10
4,1483,1,1,0,0,10
4,1497,1,1,0,0,10
4,1506,1,1,0,0,10
4,1512,1,1,1,0,10
4,1541,1,1,0,0,10
4,1567,1,1,0,0,10
4,1598,1,1,0,0,10
4,1613,1,1,0,1,10
4,1623,1,1,0,0,10
4,1672,1,1,0,0,10
4,1699,1,1,0,0,10
4,1706,1,1,0,0,10
4,1776,1,1,1,0,10
4,1789,1,1,0,0,10
4,1803,1,1,0,0,10
4,1804,1,1,0,0,10
4,1805,1,1,0,1,10
4,1849,1,1,0,0,10
4,1863,1,1,0,1,10
4,1872,1,1,0,0,10
4,1892,1,1,0,0,10
4,1898,1,1,0,0,10
4,1907,1,1,1,0,10
4,1928,1,1,0,0,10
4,1937,1,1,0,0,10
4,1945,1,1,0,0,10
4,1948,1,1,1,0,10
4,1971,1,1,0,0,10
4,2016,1,1,0,0,10
4,2032,1,1,0,0,10
4,2047,1,1,0,0,10
4,2085,1,1,1,0,10
4,2150,1,1,0,0,10
4,2167,1,1,0,0,10
4,2177,1,1,0,1,10
4,2197,1,1,0,0,10
4,2201,1,1,1,0,10
4,2228,1,1,0,0,10
4,2232,1,1,0,0,10
4,2239,1,1,0,0,10
4,2292,1,1,0,0,10
4,2296,1,1,1,0,10
4,2326,1,1,0,0,10
4,2364,1,1,0,0,10
4,2366,1,1,0,0,10
4,2385,1,1,0,1,10
4,2406,1,1,0,1,10
4,2415,1,1,1,0,10
4,2426,1,1,0,1,10
4,2450,1,1,0,0,10
4,2475,1,1,0,0,10
4,2499,1,1,1,0,10
4,2577,1,1,0,1,10
4,2615,1,1,0,0,10
4,2651,1,1,0,0,10
4,2666,1,1,1,0,10
4,2675,1,1,1,0,10
4,2676,1,1,0,0,10
4,2694,1,1,1,0,10
4,2696,1,1,1,0,10
4,2729,1,1,0,0,10
4,2754,1,1,0,0,10
4,2755,1,1,1,0,10
4,2768,1,1,0,0,10
4,2774,1,1,0,0,10
4,2788,1,1,1,0,10
4,2827,1,1,0,1,10
4,2835,1,1,0,0,10
4,2842,1,1,0,1,10
4,2847,1,1,0,1,10
4,2861,1,1,0,1,10
4,2870,1,1,0,0,10
4,2871,1,1,0,0,10
4,2878,1,1,0,0,10
4,2885,1,1,0,1,10
4,2892,1,1,0,0,10
4,2894,1,1,0,0,10
4,2912,1,1,0,0,10
4,2914,1,1,0,0,10
4,2919,1,1,0,0,10
4,2923,1,1,0,0,10
4,2933,1,1,0,0,10
4,2946,1,1,0,1,10
4,2969,1,1,0,0,10
4,2986,1,1,0,0,10
4,3016,1,1,0,1,10
4,3024,1,1,0,1,10
4,3041,1,1,1,0,10
4,3097,1,1,0,0,10
4,3112,1,1,0,0,10
4,3119,1,1,0,0,10
4,3157,1,1,0,0,10
4,3162,1,1,0,1,10
4,3185,1,1,0,0,10
4,3214,1,1,0,0,10
4,3219,1,1,0,0,10
4,3228,1,1,0,0,10
4,3246,1,1,1,0,10
4,3313,1,1,0,0,10
4,3319,1,1,1,0,10
4,3326,1,1,0,0,10
4,3373,1,1,0,0,10
4,3374,1,1,0,0,10
4,3382,1,1,0,0,10
4,3384,1,1,0,0,10
4,3404,1,1,1,0,10
4,3423,1,1,1,0,10
4,3501,1,1,0,1,10
4,3510,1,1,0,0,10
4,3515,1,1,0,0,10
4,3528,1,1,0,0,10
4,3531,1,1,0,1,10
4,3547,1,1,0,0,10
4,3564,1,1,0,1,10
4,3591,1,1,1,0,10
4,3600,1,1,0,0,10
4,3601,1,1,1,0,10
4,3609,1,1,0,0,10
4,3612,1,1,0,0,10
4,3618,1,1,0,0,10
4,3628,1,1,0,0,10
4,3629,1,1,0,0,10
4,3632,1,1,0,0,10
4,3640,1,1,0,0,10
4,3641,1,1,0,0,10
4,3675,1,1,0,0,10
4,3678,1,1,0,0,10
4,3688,1,1,0,0,10
4,3694,1,1,0,1,10
4,3712,1,1,0,0,10
4,3721,1,1,0,0,10
4,3724,1,1,0,0,10
4,3749,1,1,0,0,10
4,3752,1,1,0,0,10
4,3776,1,1,0,0,10
4,3778,1,1,0,1,10
4,3793,1,1,0,0,10
4,3828,1,1,0,0,10
4,3853,1,1,0,0,10
4,3870,1,1,0,1,10
4,3882,1,1,0,0,10
4,3888,1,1,1,0,10
4,3904,1,1,1,0,10
4,3947,1,1,0,0,10
4,3966,1,1,0,1,10
4,3988,1,1,0,1,10
4,4031,1,1,0,0,10
4,4041,1,1,0,0,10
4,4052,1,1,0,1,10
4,4079,1,1,1,0,10
4,4083,1,1,0,0,10
4,4092,1,1,0,0,10
4,4108,1,1,0,1,10
4,4119,1,1,0,0,10
4,4126,1,1,0,0,10
4,4168,1,1,0,0,10
4,4176,1,1,0,1,10
4,4178,1,1,1,0,10
4,4179,1,1,0,0,10
4,4199,1,1,0,0,10
4,4219,1,1,0,1,10
4,4227,1,1,0,0,10
4,4251,1,1,1,0,10
4,4263,1,1,0,1,10
4,4301,1,1,0,0,10
4,4324,1,1,0,0,10
4,4336,1,1,1,0,10
4,4374,1,1,0,0,10
4,4388,1,1,0,1,10
4,4403,1,1,0,1,10
4,4484,1,1,0,0,10
4,4532,1,1,0,0,10
4,4601,1,1,0,0,10
4,4603,1,1,1,0,10
4,4608,1,1,0,1,10
4,4668,1,1,1,0,10
4,4669,1,1,1,0,10
4,4681,1,1,0,0,10
4,4711,1,1,1,0,10
4,4737,1,1,0,0,10
4,4760,1,1,0,1,10
4,4764,1,1,0,0,10
4,4776,1,1,1,0,10
4,4791,1,1,0,0,10
4,4852,1,1,0,1,10
4,4891,1,1,1,0,10
4,4893,1,1,0,0,10
4,4896,1,1,0,1,10
4,4898,1,1,1,0,10
4,4899,1,1,0,0,10
4,4920,1,1,0,0,10
4,4927,1,1,0,0,10
4,4938,1,1,0,0,10
4,4939,1,1,0,0,10
4,4946,1,1,0,1,10
4,4948,1,1,1,0,10
4,4956,1,1,0,0,10
4,4967,1,1,0,0,10
4,4969,1,1,1,0,10
4,0,2,1,2,0,11
4,3,2,1,0,0,11
4,4,2,1,0,0,11
4,15,2,1,0,0,11
4,20,2,1,0,0,11
4,30,2,1,2,0,11
4,43,2,1,0,0,11
4,46,2,1,0,1,11
4,120,2,1,0,0,11
4,150,2,1,0,1,11
4,151,2,1,0,0,11
4,155,2,1,0,1,11
4,168,2,1,2,0,11
4,195,2,1,0,0,11
4,213,2,1,2,0,11
4,247,2,1,0,0,11
4,256,2,1,2,0,11
4,289,2,1,0,0,11
4,296,2,1,0,0,11
4,301,2,1,0,1,11
4,311,2,1,0,0,11
4,331,2,1,0,0,11
4,353,2,1,0,1,11
4,355,2,1,0,0,11
4,402,2,1,0,0,11
4,414,2,1,0,0,11
4,463,2,1,0,1,11
4,550,2,1,0,0,11
4,554,2,1,0,0,11
4,557,2,1,0,0,11
4,559,2,1,0,1,11
4,571,2,1,2,0,11
4,583,2,1,0,0,11
4,586,2,1,2,0,11
4,592,2,1,0,0,11
4,594,2,1,0,0,11
4,634,2,1,0,1,11
4,639,2,1,0,0,11
4,651,2,1,0,0,11
4,679,2,1,2,0,11
4,710,2,1,1,0,11
4,728,2,1,0,0,11
4,753,2,1,0,0,11
4,774,2,1,0,0,11
4,795,2,1,2,0,11
4,828,2,1,2,0,11
4,833,2,1,0,0,11
4,863,2,1,0,0,11
4,886,2,1,0,0,11
4,887,2,1,0,0,11
4,891,2,1,2,0,11
4,905,2,1,0,0,11
4,932,2,1,2,0,11
4,933,2,1,0,0,11
4,944,2,1,0,0,11
4,946,2,1,0,0,11
4,955,2,1,0,0,11
4,966,2,1,0,0,11
4,978,2,1,1,0,11
4,1000,2,1,0,0,11
4,1009,2,1,0,0,11
4,1037,2,1,0,1,11
4,1075,2,1,0,0,11
4,1091,2,1,0,1,11
4,1096,2,1,0,0,11
4,1103,2,1,0,0,11
4,1107,2,1,0,0,11
4,1119,2,1,2,0,11
4,1148,2,1,0,0,11
4,1154,2,1,0,0,11
4,1166,2,1,0,0,11
4,1180,2,1,0,0,11
4,1185,2,1,0,0,11
4,1230,2,1,0,0,11
4,1238,2,1,0,0,11
4,1245,2,1,0,0,11
4,1248,2,1,0,0,11
4,1252,2,1,0,0,11
4,1259,2,1,0,0,11
4,1272,2,1,0,0,11
4,1298,2,1,0,0,11
4,1300,2,1,0,0,11
4,1326,2,1,2,0,11
4,1329,2,1,0,0,11
4,1386,2,1,0,0,11
4,1395,2,1,0,0,11
4,1407,2,1,0,0,11
4,1411,2,1,0,1,11
4,1419,2,1,2,0,11
4,1487,2,1,0,0,11
4,1496,2,1,2,0,11
4,1499,2,1,2,0,11
4,1527,2,1,2,0,11
4,1572,2,1,0,0,11
4,1592,2,1,2,0,11
4,1620,2,1,0,1,11
4,1643,2,1,0,0,11
4,1645,2,1,0,0,11
4,1682,2,1,0,0,11
4,1689,2,1,0,1,11
4,1702,2,1,0,0,11
4,1708,2,1,0,0,11
4,1716,2,1,0,0,11
4,1724,2,1,0,0,11
4,1735,2,1,0,0,11
4,1738,2,1,0,1,11
4,1746,2,1,0,0,11
4,1774,2,1,0,0,11
4,1793,2,1,2,0,11
4,1795,2,1,0,1,11
4,1796,2,1,2,0,11
4,1811,2,1,0,0,11
4,1832,2,1,0,0,11
4,1851,2,1,2,0,11
4,1876,2,1,0,0,11
4,1894,2,1,0,0,11
4,1900,2,1,0,0,11
4,1908,2,1,0,0,11
4,1912,2,1,0,1,11
4,1915,2,1,0,0,11
4,1916,2,1,0,0,11
4,1917,2,1,0,0,11
4,1924,2,1,0,1,11
4,1929,2,1,0,1,11
4,1967,2,1,0,0,11
4,1973,2,1,2,0,11
4,1995,2,1,0,1,11
4,1996,2,1,0,1,11
4,1998,2,1,0,0,11
4,2011,2,1,0,0,11
4,2024,2,1,2,0,11
4,2029,2,1,0,0,11
4,2035,2,1,0,0,11
4,2082,2,1,0,0,11
4,2123,2,1,2,0,11
4,2125,2,1,0,0,11
4,2159,2,1,0,0,11
4,2162,2,1,2,0,11
4,2164,2,1,0,1,11
4,2168,2,1,2,0,11
4,2169,2,1,0,0,11
4,2212,2,1,0,0,11
4,2219,2,1,0,0,11
4,2240,2,1,0,1,11
4,2259,2,1,0,0,11
4,2293,2,1,0,1,11
4,2303,2,1,0,0,11
4,2338,2,1,0,0,11
4,2347,2,1,0,0,11
4,2352,2,1,2,0,11
4,2355,2,1,0,0,11
4,2362,2,1,0,0,11
4,2389,2,1,0,0,11
4,2430,2,1,1,0,11
4,2433,2,1,0,0,11
4,2445,2,1,0,1,11
4,2452,2,1,0,1,11
4,2477,2,1,0,0,11
4,2480,2,1,0,0,11
4,2496,2,1,0,1,11
4,2518,2,1,2,0,11
4,2528,2,1,0,0,11
4,2543,2,1,0,0,11
4,2552,2,1,2,0,11
4,2564,2,1,0,1,11
4,2581,2,1,0,0,11
4,2588,2,1,0,0,11
4,2590,2,1,0,0,11
4,2661,2,1,0,0,11
4,2671,2,1,0,1,11
4,2684,2,1,0,0,11
4,2775,2,1,0,0,11
4,2779,2,1,0,0,11
4,2781,2,1,0,0,11
4,2795,2,1,2,0,11
4,2797,2,1,0,0,11
4,2800,2,1,0,0,11
4,2814,2,1,0,0,11
4,2862,2,1,0,0,11
4,2884,2,1,0,1,11
4,2904,2,1,0,1,11
4,2907,2,1,0,1,11
4,2908,2,1,0,0,11
4,2913,2,1,0,1,11
4,2921,2,1,0,1,11
4,2924,2,1,0,0,11
4,2928,2,1,0,0,11
4,2959,2,1,0,1,11
4,2970,2,1,0,0,11
4,2973,2,1,0,0,11
4,2978,2,1,0,0,11
4,2992,2,1,0,1,11
4,3027,2,1,2,0,11
4,3029,2,1,0,0,11
4,3031,2,1,2,0,11
4,3045,2,1,0,0,11
4,3053,2,1,0,1,11
4,3055,2,1,0,0,11
4,3064,2,1,2,0,11
4,3066,2,1,0,1,11
4,3113,2,1,0,1,11
4,3118,2,1,0,0,11
4,3121,2,1,0,1,11
4,3186,2,1,0,0,11
4,3191,2,1,2,0,11
4,3197,2,1,0,0,11
4,3209,2,1,0,0,11
4,3226,2,1,0,1,11
4,3234,2,1,0,1,11
4,3240,2,1,2,0,11
4,3251,2,1,0,0,11
4,3272,2,1,0,0,11
4,3275,2,1,0,0,11
4,3295,2,1,0,0,11
4,3312,2,1,0,0,11
4,3331,2,1,0,1,11
4,3337,2,1,0,0,11
4,3345,2,1,0,1,11
4,3347,2,1,1,0,11
4,3383,2,1,2,0,11
4,3387,2,1,0,0,11
4,3403,2,1,0,1,11
4,3433,2,1,0,0,11
4,3435,2,1,2,0,11
4,3458,2,1,0,0,11
4,3467,2,1,2,0,11
4,3473,2,1,0,0,11
4,3486,2,1,0,0,11
4,3536,2,1,0,0,11
4,3539,2,1,0,0,11
4,3561,2,1,2,0,11
4,3599,2,1,0,0,11
4,3608,2,1,0,0,11
4,3619,2,1,2,0,11
4,3626,2,1,0,1,11
4,3666,2,1,0,0,11
4,3692,2,1,0,0,11
4,3696,2,1,2,0,11
4,3733,2,1,0,0,11
4,3735,2,1,0,0,11
4,3748,2,1,0,0,11
4,3764,2,1,0,0,11
4,3775,2,1,0,0,11
4,3809,2,1,0,0,11
4,3819,2,1,0,1,11
4,3821,2,1,0,0,11
4,3891,2,1,0,1,11
4,3895,2,1,0,0,11
4,3925,2,1,0,0,11
4,3936,2,1,0,1,11
4,3963,2,1,2,0,11
4,3972,2,1,0,0,11
4,3979,2,1,0,0,11
4,4010,2,1,0,0,11
4,4017,2,1,0,1,11
4,4026,2,1,0,0,11
4,4028,2,1,0,0,11
4,4060,2,1,0,1,11
4,4064,2,1,0,0,11
4,4100,2,1,0,1,11
4,4158,2,1,0,1,11
4,4180,2,1,0,1,11
4,4198,2,1,0,0,11
4,4214,2,1,1,0,11
4,4224,2,1,0,0,11
4,4234,2,1,2,0,11
4,4244,2,1,2,0,11
4,4248,2,1,0,1,11
4,4252,2,1,2,0,11
4,4269,2,1,0,0,11
4,4275,2,1,2,0,11
4,4283,2,1,0,0,11
4,4288,2,1,2,0,11
4,4315,2,1,2,0,11
4,4321,2,1,0,0,11
4,4340,2,1,0,0,11
4,4346,2,1,2,0,11
4,4363,2,1,0,0,11
4,4367,2,1,0,0,11
4,4372,2,1,2,0,11
4,4386,2,1,0,0,11
4,4397,2,1,0,0,11
4,4426,2,1,0,0,11
4,4438,2,1,0,1,11
4,4455,2,1,0,0,11
4,4456,2,1,0,0,11
4,4466,2,1,0,0,11
4,4487,2,1,0,1,11
4,4498,2,1,0,0,11
4,4522,2,1,0,0,11
4,4530,2,1,2,0,11
4,4545,2,1,0,0,11
4,4554,2,1,0,0,11
4,4556,2,1,0,1,11
4,4587,2,1,0,0,11
4,4593,2,1,0,0,11
4,4648,2,1,0,0,11
4,4690,2,1,0,1,11
4,4696,2,1,0,0,11
4,4698,2,1,2,0,11
4,4718,2,1,0,0,11
4,4743,2,1,0,0,11
4,4750,2,1,0,1,11
4,4757,2,1,0,0,11
4,4763,2,1,0,1,11
4,4766,2,1,0,0,11
4,4771,2,1,0,1,11
4,4782,2,1,0,0,11
4,4820,2,1,0,0,11
4,4832,2,1,0,0,11
4,4858,2,1,0,0,11
4,4894,2,1,0,0,11
4,4904,2,1,0,1,11
4,4908,2,1,0,0,11
4,4910,2,1,0,0,11
4,4937,2,1,0,1,11
4,4982,2,1,0,0,11
4,21,1,1,1,0,12
4,28,1,1,0,0,12
4,59,1,1,1,0,12
4,60,1,1,0,1,12
4,66,1,1,0,0,12
4,96,1,1,1,0,12
4,99,1,1,1,0,12
4,104,1,1,1,0,12
4,116,1,1,1,0,12
4,119,1,1,0,1,12
4,125,1,1,0,0,12
4,130,1,1,0,1,12
4,140,1,1,0,0,12
4,149,1,1,0,0,12
4,159,1,1,0,1,12
4,179,1,1,0,0,12
4,184,1,1,0,0,12
4,241,1,1,0,1,12
4,308,1,1,0,0,12
4,314,1,1,0,0,12
4,336,1,1,0,0,12
4,337,1,1,0,0,12
4,343,1,1,0,0,12
4,347,1,1,0,0,12
4,350,1,1,0,0,12
4,386,1,1,0,0,12
4,389,1,1,1,0,12
4,395,1,1,0,1,12
4,403,1,1,1,0,12
4,404,1,1,0,0,12
4,435,1,1,0,0,12
4,442,1,1,0,0,12
4,443,1,1,0,1,12
4,451,1,1,1,0,12
4,478,1,1,0,0,12
4,495,1,1,0,1,12
4,500,1,1,1,0,12
4,538,1,1,0,1,12
4,560,1,1,0,0,12
4,574,1,1,0,0,12
4,624,1,1,1,0,12
4,649,1,1,1,0,12
4,742,1,1,0,0,12
4,745,1,1,0,0,12
4,754,1,1,0,0,12
4,764,1,1,1,0,12
4,772,1,1,0,0,12
4,785,1,1,0,1,12
4,788,1,1,0,0,12
4,808,1,1,1,0,12
4,812,1,1,0,1,12
4,836,1,1,0,1,12
4,852,1,1,0,0,12
4,868,1,1,0,0,12
4,925,1,1,1,0,12
4,939,1,1,0,1,12
4,942,1,1,0,0,12
4,948,1,1,0,0,12
4,967,1,1,0,0,12
4,974,1,1,0,0,12
4,988,1,1,0,0,12
4,1022,1,1,0,0,12
4,1104,1,1,1,0,12
4,1118,1,1,0,0,12
4,1146,1,1,1,0,12
4,1152,1,1,1,0,12
4,1169,1,1,0,0,12
4,1179,1,1,0,1,12
4,1194,1,1,0,0,12
4,1209,1,1,0,1,12
4,1217,1,1,0,0,12
4,1223,1,1,0,0,12
4,1228,1,1,1,0,12
4,1247,1,1,0,1,12
4,1266,1,1,1,0,12
4,1268,1,1,0,0,12
4,1279,1,1,0,0,12
4,1285,1,1,0,0,12
4,1290,1,1,0,1,12
4,1310,1,1,0,0,12
4,1311,1,1,0,0,12
4,1322,1,1,0,0,12
4,1346,1,1,1,0,12
4,1354,1,1,0,0,12
4,1373,1,1,0,0,12
4,1378,1,1,0,1,12
4,1379,1,1,0,0,12
4,1382,1,1,0,1,12
4,1409,1,1,0,1,12
4,1423,1,1,0,0,12
4,1464,1,1,0,0,12
4,1500,1,1,1,0,12
4,1519,1,1,0,0,12
4,1540,1,1,0,0,12
4,1545,1,1,1,0,12
4,1552,1,1,0,1,12
4,1555,1,1,1,0,12
4,1563,1,1,1,0,12
4,1583,1,1,0,1,12
4,1611,1,1,0,0,12
4,1627,1,1,0,0,12
4,1631,1,1,0,0,12
4,1649,1,1,1,0,12
4,1656,1,1,0,0,12
4,1660,1,1,0,0,12
4,1739,1,1,1,0,12
4,1754,1,1,0,0,12
4,1757,1,1,0,0,12
4,1772,1,1,0,0,12
4,1784,1,1,0,0,12
4,1816,1,1,0,0,12
4,1838,1,1,0,0,12
4,1839,1,1,0,1,12
4,1868,1,1,0,0,12
4,1879,1,1,0,0,12
4,1889,1,1,0,0,12
4,1909,1,1,0,0,12
4,1921,1,1,0,0,12
4,1927,1,1,0,0,12
4,1940,1,1,0,0,12
4,1942,1,1,0,0,12
4,1946,1,1,1,0,12
4,1954,1,1,0,0,12
4,1959,1,1,0,0,12
4,1964,1,1,0,0,12
4,1982,1,1,0,0,12
4,1983,1,1,0,0,12
4,2001,1,1,0,0,12
4,2003,1,1,0,0,12
4,2015,1,1,0,0,12
4,2026,1,1,0,1,12
4,2057,1,1,1,0,12
4,2081,1,1,0,0,12
4,2106,1,1,0,0,12
4,2119,1,1,0,0,12
4,2120,1,1,0,0,12
4,2139,1,1,0,0,12
4,2153,1,1,0,0,12
4,2157,1,1,1,0,12
4,2160,1,1,0,1,12
4,2183,1,1,1,0,12
4,2185,1,1,0,1,12
4,2237,1,1,0,0,12
4,2273,1,1,0,0,12
4,2334,1,1,0,0,12
4,2372,1,1,0,1,12
4,2381,1,1,0,1,12
4,2392,1,1,0,0,12
4,2401,1,1,0,0,12
4,2447,1,1,0,0,12
4,2454,1,1,1,0,12
4,2458,1,1,0,0,12
4,2482,1,1,0,0,12
4,2489,1,1,0,0,12
4,2519,1,1,0,0,12
4,2522,1,1,0,0,12
4,2530,1,1,0,0,12
4,2536,1,1,0,0,12
4,2545,1,1,0,0,12
4,2562,1,1,0,1,12
4,2574,1,1,0,0,12
4,2614,1,1,0,0,12
4,2644,1,1,0,0,12
4,2646,1,1,0,0,12
4,2650,1,1,1,0,12
4,2717,1,1,1,0,12
4,2738,1,1,0,1,12
4,2752,1,1,0,1,12
4,2817,1,1,0,1,12
4,2833,1,1,0,0,12
4,2839,1,1,0,0,12
4,2851,1,1,0,0,12
4,2859,1,1,0,0,12
4,2863,1,1,0,0,12
4,2911,1,1,0,0,12
4,2927,1,1,0,0,12
4,2948,1,1,1,0,12
4,2957,1,1,0,0,12
4,2966,1,1,0,0,12
4,2979,1,1,1,0,12
4,3030,1,1,1,0,12
4,3039,1,1,0,0,12
4,3043,1,1,0,1,12
4,3048,1,1,1,0,12
4,3051,1,1,0,0,12
4,3093,1,1,0,0,12
4,3094,1,1,1,0,12
4,3104,1,1,0,1,12
4,3134,1,1,0,0,12
4,3153,1,1,0,0,12
4,3189,1,1,0,0,12
4,3198,1,1,0,1,12
4,3206,1,1,0,0,12
4,3227,1,1,0,0,12
4,3248,1,1,0,0,12
4,3252,1,1,0,0,12
4,3277,1,1,0,1,12
4,3287,1,1,0,1,12
4,3323,1,1,0,0,12
4,3341,1,1,0,1,12
4,3362,1,1,0,0,12
4,3377,1,1,0,0,12
4,3386,1,1,1,0,12
4,3420,1,1,0,0,12
4,3451,1,1,0,1,12
4,3452,1,1,0,0,12
4,3462,1,1,1,0,12
4,3468,1,1,0,0,12
4,3472,1,1,0,0,12
4,3502,1,1,1,0,12
4,3519,1,1,0,0,12
4,3521,1,1,0,0,12
4,3527,1,1,0,1,12
4,3571,1,1,1,0,12
4,3577,1,1,0,0,12
4,3627,1,1,0,0,12
4,3635,1,1,1,0,12
4,3642,1,1,0,1,12
4,3661,1,1,1,0,12
4,3662,1,1,0,0,12
4,3695,1,1,0,1,12
4,3732,1,1,0,0,12
4,3774,1,1,0,0,12
4,3786,1,1,1,0,12
4,3852,1,1,0,0,12
4,3867,1,1,0,0,12
4,3869,1,1,0,0,12
4,3875,1,1,0,0,12
4,3929,1,1,0,0,12
4,3932,1,1,0,1,12
4,3943,1,1,0,0,12
4,3953,1,1,0,0,12
4,3964,1,1,1,0,12
4,3983,1,1,0,1,12
4,3999,1,1,0,0,12
4,4057,1,1,0,0,12
4,4073,1,1,1,0,12
4,4122,1,1,0,0,12
4,4145,1,1,0,1,12
4,4151,1,1,0,0,12
4,4164,1,1,0,0,12
4,4169,1,1,1,0,12
4,4185,1,1,0,0,12
4,4213,1,1,0,0,12
4,4229,1,1,0,0,12
4,4242,1,1,0,0,12
4,4250,1,1,0,0,12
4,4258,1,1,0,0,12
4,4289,1,1,0,0,12
4,4302,1,1,0,0,12
4,4317,1,1,0,1,12
4,4332,1,1,0,0,12
4,4351,1,1,0,0,12
4,4393,1,1,0,0,12
4,4422,1,1,0,1,12
4,4433,1,1,0,0,12
4,4471,1,1,0,0,12
4,4481,1,1,1,0,12
4,4505,1,1,1,0,12
4,4541,1,1,1,0,12
4,4547,1,1,0,0,12
4,4564,1,1,0,0,12
4,4589,1,1,0,1,12
4,4600,1,1,0,0,12
4,4613,1,1,0,0,12
4,4665,1,1,0,0,12
4,4702,1,1,0,0,12
4,4728,1,1,1,0,12
4,4762,1,1,0,0,12
4,4765,1,1,1,0,12
4,4781,1,1,0,0,12
4,4846,1,1,1,0,12
4,4861,1,1,0,1,12
4,4864,1,1,0,0,12
4,4943,1,1,1,0,12
4,4964,1,1,0,0,12
4,4979,1,1,0,1,12
4,4992,1,1,0,0,12
4,5,1,2,1,0,13
4,8,1,2,0,2,13
4,12,1,2,0,0,13
4,16,1,2,0,0,13
4,19,1,2,0,0,13
4,24,1,2,0,0,13
4,26,1,2,0,2,13
4,33,1,2,0,0,13
4,39,1,2,0,2,13
4,44,1,2,1,0,13
4,45,1,2,0,1,13
4,56,1,2,0,2,13
4,57,1,2,0,0,13
4,63,1,2,0,0,13
4,72,1,2,0,0,13
4,83,1,2,0,0,13
4,87,1,2,0,0,13
4,112,1,2,0,2,13
4,118,1,2,0,0,13
4,123,1,2,0,0,13
4,126,1,2,1,0,13
4,127,1,2,0,2,13
4,129,1,2,0,0,13
4,144,1,2,1,0,13
4,147,1,2,0,0,13
4,152,1,2,0,0,13
4,170,1,2,0,0,13
4,189,1,2,1,0,13
4,196,1,2,0,2,13
4,202,1,2,1,0,13
4,217,1,2,0,0,13
4,225,1,2,1,0,13
4,236,1,2,0,0,13
4,248,1,2,0,0,13
4,253,1,2,0,1,13
4,257,1,2,1,0,13
4,259,1,2,0,0,13
4,260,1,2,0,0,13
4,266,1,2,1,0,13
4,276,1,2,0,2,13
4,279,1,2,0,0,13
4,280,1,2,0,0,13
4,282,1,2,0,0,13
4,285,1,2,0,2,13
4,307,1,2,0,0,13
4,309,1,2,0,0,13
4,316,1,2,1,0,13
4,319,1,2,0,0,13
4,320,1,2,0,0,13
4,322,1,2,0,0,13
4,326,1,2,1,0,13
4,339,1,2,0,2,13
4,344,1,2,0,0,13
4,345,1,2,1,0,13
4,356,1,2,0,0,13
4,357,1,2,0,0,13
4,360,1,2,0,2,13
4,368,1,2,0,0,13
4,373,1,2,1,0,13
4,374,1,2,0,2,13
4,376,1,2,0,0,13
4,382,1,2,0,2,13
4,397,1,2,0,0,13
4,399,1,2,0,0,13
4,400,1,2,0,0,13
4,409,1,2,0,0,13
4,421,1,2,0,0,13
4,427,1,2,0,0,13
4,433,1,2,1,0,13
4,462,1,2,0,0,13
4,467,1,2,0,0,13
4,474,1,2,1,0,13
4,493,1,2,1,0,13
4,498,1,2,0,0,13
4,499,1,2,0,0,13
4,505,1,2,0,0,13
4,506,1,2,0,0,13
4,516,1,2,1,0,13
4,530,1,2,0,2,13
4,531,1,2,0,0,13
4,533,1,2,0,0,13
4,541,1,2,0,0,13
4,543,1,2,0,0,13
4,566,1,2,0,0,13
4,573,1,2,0,0,13
4,581,1,2,0,0,13
4,584,1,2,0,2,13
4,596,1,2,0,1,13
4,600,1,2,1,0,13
4,603,1,2,0,0,13
4,605,1,2,1,0,13
4,608,1,2,0,0,13
4,610,1,2,0,1,13
4,619,1,2,0,0,13
4,621,1,2,1,0,13
4,622,1,2,0,0,13
4,631,1,2,0,0,13
4,632,1,2,0,0,13
4,636,1,2,0,0,13
4,641,1,2,0,0,13
4,655,1,2,0,0,13
4,665,1,2,0,2,13
4,667,1,2,0,0,13
4,668,1,2,0,0,13
4,671,1,2,0,2,13
4,674,1,2,0,0,13
4,677,1,2,0,2,13
4,683,1,2,0,0,13
4,688,1,2,0,0,13
4,694,1,2,1,0,13
4,699,1,2,0,0,13
4,702,1,2,1,0,13
4,704,1,2,0,2,13
4,708,1,2,0,2,13
4,719,1,2,0,0,13
4,723,1,2,0,0,13
4,727,1,2,0,2,13
4,743,1,2,0,0,13
4,744,1,2,1,0,13
4,746,1,2,0,0,13
4,749,1,2,0,0,13
4,757,1,2,0,0,13
4,760,1,2,0,0,13
4,773,1,2,0,0,13
4,777,1,2,1,0,13
4,779,1,2,0,0,13
4,786,1,2,0,0,13
4,811,1,2,0,0,13
4,813,1,2,0,0,13
4,822,1,2,0,0,13
4,827,1,2,1,0,13
4,830,1,2,0,0,13
4,832,1,2,0,1,13
4,837,1,2,0,2,13
4,841,1,2,0,2,13
4,846,1,2,0,0,13
4,856,1,2,0,0,13
4,859,1,2,0,1,13
4,860,1,2,1,0,13
4,880,1,2,0,2,13
4,881,1,2,0,0,13
4,883,1,2,0,2,13
4,885,1,2,0,2,13
4,888,1,2,0,0,13
4,897,1,2,1,0,13
4,904,1,2,0,0,13
4,914,1,2,0,0,13
4,916,1,2,1,0,13
4,920,1,2,0,0,13
4,921,1,2,0,0,13
4,931,1,2,0,0,13
4,934,1,2,0,0,13
4,935,1,2,1,0,13
4,937,1,2,0,2,13
4,949,1,2,0,0,13
4,951,1,2,0,0,13
4,957,1,2,1,0,13
4,960,1,2,0,0,13
4,964,1,2,0,2,13
4,965,1,2,0,2,13
4,979,1,2,0,0,13
4,981,1,2,0,2,13
4,985,1,2,1,0,13
4,994,1,2,0,0,13
4,997,1,2,1,0,13
4,1011,1,2,1,0,13
4,1017,1,2,0,2,13
4,1018,1,2,0,2,13
4,1020,1,2,0,2,13
4,1031,1,2,0,0,13
4,1032,1,2,0,0,13
4,1034,1,2,0,0,13
4,1043,1,2,0,0,13
4,1045,1,2,0,0,13
4,1051,1,2,0,0,13
4,1053,1,2,0,0,13
4,1056,1,2,0,0,13
4,1072,1,2,1,0,13
4,1073,1,2,0,0,13
4,1074,1,2,0,0,13
4,1082,1,2,0,0,13
4,1087,1,2,0,0,13
4,1098,1,2,0,2,13
4,1099,1,2,0,0,13
4,1108,1,2,0,1,13
4,1111,1,2,0,0,13
4,1117,1,2,0,0,13
4,1120,1,2,0,0,13
4,1121,1,2,1,0,13
4,1126,1,2,0,0,13
4,1131,1,2,0,0,13
4,1138,1,2,1,0,13
4,1141,1,2,0,2,13
4,1155,1,2,0,0,13
4,1165,1,2,0,2,13
4,1189,1,2,0,0,13
4,1191,1,2,0,2,13
4,1192,1,2,0,2,13
4,1201,1,2,0,2,13
4,1211,1,2,1,0,13
4,1221,1,2,0,0,13
4,1227,1,2,1,0,13
4,1236,1,2,0,0,13
4,1249,1,2,1,0,13
4,1253,1,2,0,0,13
4,1267,1,2,1,0,13
4,1273,1,2,0,0,13
4,1276,1,2,0,2,13
4,1277,1,2,0,0,13
4,1280,1,2,1,0,13
4,1291,1,2,0,2,13
4,1303,1,2,0,2,13
4,1308,1,2,0,0,13
4,1309,1,2,1,0,13
4,1313,1,2,1,0,13
4,1316,1,2,0,0,13
4,1330,1,2,1,0,13
4,1334,1,2,0,0,13
4,1338,1,2,0,0,13
4,1340,1,2,0,0,13
4,1342,1,2,0,0,13
4,1343,1,2,0,2,13
4,1347,1,2,0,0,13
4,1353,1,2,0,0,13
4,1365,1,2,0,0,13
4,1377,1,2,0,0,13
4,1385,1,2,1,0,13
4,1388,1,2,0,0,13
4,1399,1,2,0,0,13
4,1406,1,2,0,0,13
4,1412,1,2,0,0,13
4,1416,1,2,1,0,13
4,1420,1,2,1,0,13
4,1430,1,2,0,0,13
4,1432,1,2,0,0,13
4,1441,1,2,0,0,13
4,1445,1,2,0,0,13
4,1453,1,2,1,0,13
4,1459,1,2,0,0,13
4,1467,1,2,0,0,13
4,1468,1,2,0,0,13
4,1473,1,2,0,0,13
4,1474,1,2,0,0,13
4,1480,1,2,0,0,13
4,1485,1,2,0,0,13
4,1490,1,2,0,0,13
4,1513,1,2,0,0,13
4,1516,1,2,1,0,13
4,1531,1,2,1,0,13
4,1539,1,2,0,2,13
4,1548,1,2,0,0,13
4,1549,1,2,0,0,13
4,1554,1,2,0,0,13
4,1556,1,2,0,0,13
4,1557,1,2,0,0,13
4,1561,1,2,1,0,13
4,1584,1,2,1,0,13
4,1585,1,2,0,2,13
4,1594,1,2,0,0,13
4,1599,1,2,0,0,13
4,1604,1,2,0,0,13
4,1605,1,2,1,0,13
4,1607,1,2,0,0,13
4,1610,1,2,1,0,13
4,1618,1,2,1,0,13
4,1619,1,2,0,0,13
4,1622,1,2,0,0,13
4,1632,1,2,0,0,13
4,1666,1,2,1,0,13
4,1668,1,2,0,2,13
4,1674,1,2,0,0,13
4,1676,1,2,0,1,13
4,1687,1,2,1,0,13
4,1688,1,2,0,2,13
4,1690,1,2,1,0,13
4,1693,1,2,0,0,13
4,1701,1,2,1,0,13
4,1707,1,2,0,0,13
4,1718,1,2,1,0,13
4,1720,1,2,0,0,13
4,1726,1,2,0,0,13
4,1740,1,2,0,0,13
4,1756,1,2,0,0,13
4,1760,1,2,0,2,13
4,1779,1,2,0,2,13
4,1780,1,2,0,0,13
4,1783,1,2,0,0,13
4,1792,1,2,0,2,13
4,1808,1,2,0,2,13
4,1823,1,2,0,0,13
4,1837,1,2,0,2,13
4,1845,1,2,0,0,13
4,1852,1,2,0,0,13
4,1855,1,2,1,0,13
4,1860,1,2,0,0,13
4,1867,1,2,0,1,13
4,1874,1,2,0,0,13
4,1887,1,2,0,0,13
4,1888,1,2,0,0,13
4,1902,1,2,0,2,13
4,1904,1,2,0,0,13
4,1920,1,2,0,0,13
4,1926,1,2,1,0,13
4,1931,1,2,1,0,13
4,1933,1,2,1,0,13
4,1935,1,2,0,2,13
4,1962,1,2,0,0,13
4,1970,1,2,0,0,13
4,1979,1,2,0,0,13
4,1990,1,2,0,0,13
4,1993,1,2,0,0,13
4,2000,1,2,1,0,13
4,2007,1,2,0,0,13
4,2010,1,2,0,0,13
4,2019,1,2,0,0,13
4,2025,1,2,0,0,13
4,2031,1,2,0,0,13
4,2046,1,2,0,0,13
4,2050,1,2,0,0,13
4,2058,1,2,0,0,13
4,2080,1,2,0,0,13
4,2087,1,2,0,0,13
4,2089,1,2,0,0,13
4,2092,1,2,0,0,13
4,2093,1,2,1,0,13
4,2105,1,2,1,0,13
4,2107,1,2,0,0,13
4,2112,1,2,0,0,13
4,2117,1,2,0,0,13
4,2128,1,2,1,0,13
4,2138,1,2,1,0,13
4,2140,1,2,0,0,13
4,2142,1,2,0,0,13
4,2149,1,2,0,0,13
4,2166,1,2,0,2,13
4,2194,1,2,0,0,13
4,2209,1,2,0,0,13
4,2210,1,2,0,0,13
4,2213,1,2,0,2,13
4,2218,1,2,0,2,13
4,2221,1,2,0,0,13
4,2224,1,2,0,0,13
4,2245,1,2,1,0,13
4,2246,1,2,1,0,13
4,2249,1,2,0,1,13
4,2252,1,2,0,0,13
4,2253,1,2,1,0,13
4,2271,1,2,0,0,13
4,2286,1,2,1,0,13
4,2302,1,2,0,2,13
4,2306,1,2,0,1,13
4,2309,1,2,0,2,13
4,2314,1,2,0,2,13
4,2317,1,2,1,0,13
4,2318,1,2,0,0,13
4,2324,1,2,0,0,13
4,2328,1,2,1,0,13
4,2337,1,2,0,0,13
4,2340,1,2,1,0,13
4,2349,1,2,0,2,13
4,2351,1,2,0,0,13
4,2357,1,2,0,0,13
4,2365,1,2,0,0,13
4,2377,1,2,0,0,13
4,2387,1,2,0,2,13
4,2393,1,2,0,0,13
4,2403,1,2,0,2,13
4,2411,1,2,0,0,13
4,2413,1,2,0,0,13
4,2417,1,2,0,0,13
4,2418,1,2,0,2,13
4,2419,1,2,1,0,13
4,2423,1,2,0,0,13
4,2424,1,2,0,0,13
4,2425,1,2,0,1,13
4,2431,1,2,0,0,13
4,2434,1,2,0,0,13
4,2438,1,2,1,0,13
4,2443,1,2,1,0,13
4,2462,1,2,0,0,13
4,2465,1,2,0,1,13
4,2479,1,2,0,0,13
4,2483,1,2,0,0,13
4,2485,1,2,0,0,13
4,2486,1,2,0,0,13
4,2492,1,2,0,0,13
4,2494,1,2,0,0,13
4,2507,1,2,0,0,13
4,2508,1,2,0,0,13
4,2511,1,2,0,0,13
4,2533,1,2,0,0,13
4,2541,1,2,1,0,13
4,2553,1,2,0,2,13
4,2555,1,2,0,0,13
4,2557,1,2,0,0,13
4,2568,1,2,1,0,13
4,2571,1,2,0,2,13
4,2572,1,2,0,0,13
4,2573,1,2,0,0,13
4,2593,1,2,0,0,13
4,2599,1,2,0,2,13
4,2600,1,2,0,2,13
4,2603,1,2,0,2,13
4,2629,1,2,1,0,13
4,2636,1,2,0,0,13
4,2639,1,2,1,0,13
4,2641,1,2,0,0,13
4,2647,1,2,0,0,13
4,2648,1,2,1,0,13
4,2654,1,2,0,0,13
4,2662,1,2,0,2,13
4,2665,1,2,0,0,13
4,2680,1,2,1,0,13
4,2685,1,2,0,0,13
4,2687,1,2,0,0,13
4,2692,1,2,0,0,13
4,2693,1,2,0,0,13
4,2695,1,2,0,0,13
4,2697,1,2,0,0,13
4,2703,1,2,1,0,13
4,2706,1,2,1,0,13
4,2707,1,2,0,0,13
4,2709,1,2,0,0,13
4,2715,1,2,0,0,13
4,2727,1,2,0,2,13
4,2733,1,2,0,2,13
4,2735,1,2,0,0,13
4,2739,1,2,1,0,13
4,2743,1,2,1,0,13
4,2748,1,2,1,0,13
4,2759,1,2,0,0,13
4,2762,1,2,0,2,13
4,2767,1,2,0,0,13
4,2769,1,2,0,2,13
4,2777,1,2,0,0,13
4,2780,1,2,1,0,13
4,2782,1,2,0,0,13
4,2785,1,2,0,0,13
4,2787,1,2,0,0,13
4,2791,1,2,0,0,13
4,2796,1,2,1,0,13
4,2803,1,2,1,0,13
4,2815,1,2,0,0,13
4,2828,1,2,0,0,13
4,2852,1,2,0,0,13
4,2853,1,2,0,0,13
4,2855,1,2,0,2,13
4,2866,1,2,0,0,13
4,2868,1,2,0,0,13
4,2887,1,2,0,0,13
4,2898,1,2,0,0,13
4,2902,1,2,0,0,13
4,2903,1,2,1,0,13
4,2905,1,2,0,2,13
4,2916,1,2,0,2,13
4,2918,1,2,0,0,13
4,2929,1,2,0,0,13
4,2930,1,2,0,0,13
4,2931,1,2,0,2,13
4,2932,1,2,0,2,13
4,2943,1,2,0,0,13
4,2953,1,2,0,2,13
4,2965,1,2,0,2,13
4,2993,1,2,0,0,13
4,2998,1,2,0,0,13
4,2999,1,2,0,0,13
4,3003,1,2,0,0,13
4,3010,1,2,0,0,13
4,3011,1,2,0,2,13
4,3021,1,2,0,0,13
4,3026,1,2,0,0,13
4,3042,1,2,0,2,13
4,3044,1,2,0,0,13
4,3046,1,2,0,0,13
4,3050,1,2,1,0,13
4,3052,1,2,0,0,13
4,3054,1,2,0,0,13
4,3069,1,2,1,0,13
4,3071,1,2,0,0,13
4,3076,1,2,0,0,13
4,3078,1,2,0,0,13
4,3079,1,2,1,0,13
4,3095,1,2,0,0,13
4,3100,1,2,0,0,13
4,3101,1,2,0,0,13
4,3103,1,2,0,0,13
4,3105,1,2,0,0,13
4,3115,1,2,0,0,13
4,3130,1,2,0,0,13
4,3155,1,2,0,0,13
4,3171,1,2,0,0,13
4,3172,1,2,0,2,13
4,3175,1,2,0,0,13
4,3184,1,2,0,2,13
4,3192,1,2,0,2,13
4,3196,1,2,1,0,13
4,3202,1,2,0,2,13
4,3203,1,2,0,0,13
4,3204,1,2,0,2,13
4,3207,1,2,0,0,13
4,3218,1,2,1,0,13
4,3233,1,2,0,2,13
4,3244,1,2,0,0,13
4,3255,1,2,0,0,13
4,3269,1,2,0,0,13
4,3282,1,2,1,0,13
4,3284,1,2,0,0,13
4,3290,1,2,0,0,13
4,3292,1,2,0,1,13
4,3297,1,2,0,0,13
4,3304,1,2,1,0,13
4,3318,1,2,0,0,13
4,3322,1,2,0,0,13
4,3327,1,2,0,0,13
4,3336,1,2,0,0,13
4,3342,1,2,0,1,13
4,3357,1,2,0,0,13
4,3369,1,2,0,0,13
4,3371,1,2,1,0,13
4,3385,1,2,1,0,13
4,3393,1,2,0,2,13
4,3405,1,2,0,0,13
4,3408,1,2,0,0,13
4,3409,1,2,0,0,13
4,3413,1,2,0,0,13
4,3415,1,2,0,0,13
4,3418,1,2,0,0,13
4,3421,1,2,1,0,13
4,3436,1,2,0,2,13
4,3442,1,2,1,0,13
4,3443,1,2,0,2,13
4,3444,1,2,0,0,13
4,3448,1,2,0,0,13
4,3460,1,2,0,2,13
4,3464,1,2,0,1,13
4,3465,1,2,0,0,13
4,3475,1,2,0,0,13
4,3482,1,2,1,0,13
4,3487,1,2,0,0,13
4,3493,1,2,0,0,13
4,3494,1,2,0,0,13
4,3499,1,2,0,0,13
4,3504,1,2,0,0,13
4,3506,1,2,1,0,13
4,3508,1,2,0,0,13
4,3509,1,2,0,0,13
4,3514,1,2,0,0,13
4,3520,1,2,0,0,13
4,3533,1,2,1,0,13
4,3545,1,2,1,0,13
4,3557,1,2,0,0,13
4,3559,1,2,0,0,13
4,3565,1,2,0,2,13
4,3572,1,2,1,0,13
4,3575,1,2,0,0,13
4,3576,1,2,0,0,13
4,3590,1,2,0,2,13
4,3611,1,2,0,0,13
4,3620,1,2,1,0,13
4,3624,1,2,0,0,13
4,3633,1,2,0,0,13
4,3634,1,2,1,0,13
4,3653,1,2,0,0,13
4,3654,1,2,1,0,13
4,3663,1,2,0,0,13
4,3667,1,2,0,2,13
4,3676,1,2,0,0,13
4,3683,1,2,0,0,13
4,3701,1,2,0,1,13
4,3713,1,2,1,0,13
4,3714,1,2,0,0,13
4,3715,1,2,0,0,13
4,3723,1,2,0,2,13
4,3725,1,2,0,0,13
4,3731,1,2,0,0,13
4,3736,1,2,0,0,13
4,3738,1,2,0,2,13
4,3743,1,2,1,0,13
4,3747,1,2,0,2,13
4,3751,1,2,0,0,13
4,3761,1,2,0,0,13
4,3763,1,2,0,0,13
4,3777,1,2,0,0,13
4,3780,1,2,0,0,13
4,3798,1,2,0,0,13
4,3805,1,2,0,0,13
4,3806,1,2,1,0,13
4,3807,1,2,0,0,13
4,3817,1,2,0,0,13
4,3833,1,2,0,0,13
4,3844,1,2,0,1,13
4,3864,1,2,0,2,13
4,3874,1,2,0,0,13
4,3890,1,2,0,0,13
4,3900,1,2,0,0,13
4,3911,1,2,0,2,13
4,3914,1,2,1,0,13
4,3919,1,2,0,0,13
4,3920,1,2,0,0,13
4,3921,1,2,0,2,13
4,3928,1,2,0,2,13
4,3933,1,2,0,0,13
4,3960,1,2,0,0,13
4,3965,1,2,0,0,13
4,3968,1,2,0,0,13
4,3969,1,2,0,0,13
4,3973,1,2,0,2,13
4,3978,1,2,0,2,13
4,3981,1,2,0,2,13
4,3985,1,2,0,2,13
4,3987,1,2,0,0,13
4,3991,1,2,0,0,13
4,3995,1,2,1,0,13
4,3997,1,2,0,0,13
4,4007,1,2,0,0,13
4,4014,1,2,1,0,13
4,4016,1,2,0,2,13
4,4050,1,2,0,2,13
4,4056,1,2,0,0,13
4,4066,1,2,1,0,13
4,4069,1,2,0,2,13
4,4071,1,2,0,0,13
4,4072,1,2,0,0,13
4,4077,1,2,0,2,13
4,4078,1,2,0,0,13
4,4080,1,2,0,0,13
4,4082,1,2,0,0,13
4,4084,1,2,0,0,13
4,4086,1,2,0,2,13
4,4123,1,2,0,2,13
4,4140,1,2,1,0,13
4,4161,1,2,1,0,13
4,4166,1,2,0,0,13
4,4188,1,2,0,0,13
4,4192,1,2,0,0,13
4,4200,1,2,1,0,13
4,4208,1,2,0,0,13
4,4211,1,2,0,0,13
4,4217,1,2,1,0,13
4,4232,1,2,0,1,13
4,4233,1,2,0,2,13
4,4237,1,2,1,0,13
4,4239,1,2,0,0,13
4,4254,1,2,0,0,13
4,4265,1,2,0,0,13
4,4266,1,2,1,0,13
4,4281,1,2,0,0,13
4,4285,1,2,0,0,13
4,4299,1,2,0,0,13
4,4300,1,2,0,0,13
4,4306,1,2,0,0,13
4,4330,1,2,1,0,13
4,4335,1,2,1,0,13
4,4337,1,2,0,2,13
4,4348,1,2,0,0,13
4,4356,1,2,0,2,13
4,4358,1,2,0,2,13
4,4368,1,2,0,0,13
4,4376,1,2,1,0,13
4,4381,1,2,1,0,13
4,4389,1,2,0,0,13
4,4400,1,2,0,2,13
4,4402,1,2,0,0,13
4,4408,1,2,0,0,13
4,4412,1,2,0,0,13
4,4417,1,2,0,0,13
4,4421,1,2,0,0,13
4,4423,1,2,0,0,13
4,4435,1,2,0,0,13
4,4436,1,2,0,0,13
4,4447,1,2,0,2,13
4,4451,1,2,0,2,13
4,4461,1,2,0,0,13
4,4479,1,2,0,0,13
4,4488,1,2,0,0,13
4,4490,1,2,0,0,13
4,4491,1,2,0,2,13
4,4516,1,2,1,0,13
4,4520,1,2,1,0,13
4,4527,1,2,1,0,13
4,4528,1,2,1,0,13
4,4538,1,2,0,0,13
4,4544,1,2,0,0,13
4,4546,1,2,0,2,13
4,4551,1,2,0,0,13
4,4573,1,2,1,0,13
4,4575,1,2,0,0,13
4,4581,1,2,0,0,13
4,4595,1,2,1,0,13
4,4598,1,2,1,0,13
4,4604,1,2,0,2,13
4,4619,1,2,0,0,13
4,4620,1,2,1,0,13
4,4627,1,2,0,0,13
4,4635,1,2,0,2,13
4,4638,1,2,0,0,13
4,4651,1,2,0,0,13
4,4652,1,2,0,2,13
4,4655,1,2,0,0,13
4,4657,1,2,1,0,13
4,4658,1,2,0,2,13
4,4662,1,2,0,0,13
4,4671,1,2,1,0,13
4,4673,1,2,0,0,13
4,4674,1,2,0,0,13
4,4682,1,2,0,0,13
4,4685,1,2,1,0,13
4,4688,1,2,0,0,13
4,4694,1,2,0,0,13
4,4700,1,2,1,0,13
4,4712,1,2,1,0,13
4,4720,1,2,0,0,13
4,4724,1,2,1,0,13
4,4726,1,2,0,0,13
4,4731,1,2,0,0,13
4,4732,1,2,0,0,13
4,4748,1,2,0,0,13
4,4749,1,2,0,0,13
4,4751,1,2,0,0,13
4,4755,1,2,0,0,13
4,4759,1,2,0,0,13
4,4774,1,2,0,1,13
4,4785,1,2,0,0,13
4,4788,1,2,0,0,13
4,4792,1,2,0,0,13
4,4793,1,2,1,0,13
4,4794,1,2,0,0,13
4,4796,1,2,0,0,13
4,4801,1,2,0,0,13
4,4808,1,2,0,2,13
4,4813,1,2,1,0,13
4,4817,1,2,0,0,13
4,4827,1,2,1,0,13
4,4831,1,2,0,2,13
4,4844,1,2,0,0,13
4,4845,1,2,0,0,13
4,4848,1,2,0,0,13
4,4857,1,2,0,0,13
4,4872,1,2,0,0,13
4,4880,1,2,0,2,13
4,4882,1,2,0,2,13
4,4890,1,2,0,0,13
4,4900,1,2,0,0,13
4,4903,1,2,0,0,13
4,4916,1,2,0,0,13
4,4921,1,2,0,0,13
4,4923,1,2,0,0,13
4,4930,1,2,0,0,13
4,4932,1,2,0,0,13
4,4940,1,2,0,0,13
4,4949,1,2,0,0,13
4,4950,1,2,0,0,13
4,4951,1,2,0,0,13
4,4963,1,2,0,0,13
4,4974,1,2,0,0,13
4,4980,1,2,0,0,13
4,4981,1,2,0,0,13
4,4987,1,2,0,2,13
4,4995,1,2,0,0,13
4,37,1,1,1,0,14
4,64,1,1,0,0,14
4,68,1,1,0,0,14
4,70,1,1,0,0,14
4,71,1,1,0,1,14
4,75,1,1,0,1,14
4,79,1,1,1,0,14
4,90,1,1,0,1,14
4,91,1,1,0,0,14
4,173,1,1,0,0,14
4,183,1,1,0,1,14
4,191,1,1,0,0,14
4,200,1,1,0,0,14
4,201,1,1,0,0,14
4,215,1,1,0,1,14
4,218,1,1,0,0,14
4,219,1,1,0,1,14
4,229,1,1,0,0,14
4,242,1,1,1,0,14
4,245,1,1,1,0,14
4,252,1,1,0,1,14
4,263,1,1,0,0,14
4,290,1,1,0,0,14
4,291,1,1,0,0,14
4,300,1,1,0,0,14
4,302,1,1,0,1,14
4,304,1,1,1,0,14
4,310,1,1,0,0,14
4,325,1,1,0,0,14
4,334,1,1,0,0,14
4,366,1,1,1,0,14
4,383,1,1,0,0,14
4,387,1,1,0,1,14
4,431,1,1,0,0,14
4,438,1,1,1,0,14
4,455,1,1,0,1,14
4,457,1,1,0,0,14
4,486,1,1,0,0,14
4,489,1,1,0,0,14
4,510,1,1,0,0,14
4,513,1,1,1,0,14
4,523,1,1,0,0,14
4,539,1,1,0,1,14
4,555,1,1,0,0,14
4,558,1,1,1,0,14
4,561,1,1,0,0,14
4,580,1,1,0,0,14
4,609,1,1,1,0,14
4,623,1,1,1,0,14
4,625,1,1,0,0,14
4,633,1,1,0,0,14
4,642,1,1,0,0,14
4,658,1,1,0,0,14
4,687,1,1,0,0,14
4,724,1,1,0,0,14
4,731,1,1,0,0,14
4,740,1,1,0,0,14
4,758,1,1,0,0,14
4,770,1,1,0,0,14
4,809,1,1,0,0,14
4,821,1,1,0,0,14
4,834,1,1,0,0,14
4,839,1,1,0,0,14
4,870,1,1,0,0,14
4,896,1,1,0,0,14
4,912,1,1,0,1,14
4,927,1,1,1,0,14
4,972,1,1,0,1,14
4,975,1,1,1,0,14
4,982,1,1,0,0,14
4,989,1,1,0,0,14
4,1007,1,1,1,0,14
4,1008,1,1,0,0,14
4,1012,1,1,0,1,14
4,1023,1,1,0,0,14
4,1026,1,1,0,1,14
4,1036,1,1,0,0,14
4,1044,1,1,0,1,14
4,1048,1,1,0,0,14
4,1052,1,1,0,0,14
4,1062,1,1,0,0,14
4,1066,1,1,0,0,14
4,1069,1,1,0,1,14
4,1071,1,1,0,0,14
4,1076,1,1,0,0,14
4,1092,1,1,0,0,14
4,1139,1,1,0,0,14
4,1142,1,1,0,1,14
4,1144,1,1,0,0,14
4,1147,1,1,0,0,14
4,1161,1,1,0,0,14
4,1178,1,1,0,0,14
4,1190,1,1,0,0,14
4,1208,1,1,0,1,14
4,1222,1,1,0,1,14
4,1226,1,1,1,0,14
4,1251,1,1,0,1,14
4,1278,1,1,0,0,14
4,1281,1,1,0,1,14
4,1283,1,1,0,0,14
4,1301,1,1,0,0,14
4,1302,1,1,0,0,14
4,1304,1,1,0,0,14
4,1318,1,1,0,0,14
4,1323,1,1,0,0,14
4,1327,1,1,1,0,14
4,1348,1,1,0,0,14
4,1349,1,1,0,0,14
4,1401,1,1,0,0,14
4,1404,1,1,0,0,14
4,1418,1,1,0,0,14
4,1431,1,1,0,0,14
4,1438,1,1,1,0,14
4,1462,1,1,1,0,14
4,1471,1,1,0,1,14
4,1493,1,1,0,0,14
4,1502,1,1,0,1,14
4,1507,1,1,0,0,14
4,1508,1,1,0,0,14
4,1522,1,1,1,0,14
4,1581,1,1,0,1,14
4,1588,1,1,0,0,14
4,1597,1,1,0,0,14
4,1608,1,1,0,1,14
4,1624,1,1,0,0,14
4,1641,1,1,0,0,14
4,1647,1,1,1,0,14
4,1653,1,1,0,1,14
4,1662,1,1,0,0,14
4,1677,1,1,0,0,14
4,1678,1,1,1,0,14
4,1683,1,1,0,1,14
4,1710,1,1,0,1,14
4,1719,1,1,0,1,14
4,1722,1,1,0,0,14
4,1751,1,1,0,1,14
4,1753,1,1,0,0,14
4,1778,1,1,0,0,14
4,1786,1,1,0,0,14
4,1799,1,1,1,0,14
4,1806,1,1,0,1,14
4,1815,1,1,1,0,14
4,1824,1,1,1,0,14
4,1830,1,1,0,0,14
4,1834,1,1,1,0,14
4,1841,1,1,0,0,14
4,1844,1,1,0,0,14
4,1858,1,1,0,0,14
4,1878,1,1,0,0,14
4,1918,1,1,0,0,14
4,1922,1,1,0,0,14
4,1925,1,1,0,0,14
4,1961,1,1,0,0,14
4,1966,1,1,0,0,14
4,1981,1,1,0,0,14
4,1991,1,1,1,0,14
4,2009,1,1,0,0,14
4,2020,1,1,0,1,14
4,2049,1,1,0,0,14
4,2060,1,1,0,0,14
4,2061,1,1,0,0,14
4,2064,1,1,0,0,14
4,2075,1,1,0,0,14
4,2083,1,1,0,0,14
4,2102,1,1,0,0,14
4,2133,1,1,0,0,14
4,2137,1,1,0,0,14
4,2161,1,1,1,0,14
4,2181,1,1,0,0,14
4,2182,1,1,0,0,14
4,2187,1,1,0,1,14
4,2206,1,1,0,0,14
4,2222,1,1,1,0,14
4,2230,1,1,0,1,14
4,2231,1,1,0,0,14
4,2233,1,1,0,0,14
4,2242,1,1,1,0,14
4,2248,1,1,0,0,14
4,2272,1,1,0,0,14
4,2277,1,1,0,0,14
4,2289,1,1,0,0,14
4,2300,1,1,1,0,14
4,2310,1,1,1,0,14
4,2319,1,1,0,1,14
4,2323,1,1,0,0,14
4,2333,1,1,0,0,14
4,2342,1,1,1,0,14
4,2354,1,1,0,1,14
4,2371,1,1,0,1,14
4,2439,1,1,1,0,14
4,2449,1,1,0,0,14
4,2471,1,1,0,1,14
4,2476,1,1,0,1,14
4,2497,1,1,0,0,14
4,2501,1,1,0,0,14
4,2502,1,1,1,0,14
4,2538,1,1,1,0,14
4,2566,1,1,0,0,14
4,2567,1,1,0,0,14
4,2609,1,1,0,0,14
4,2612,1,1,0,0,14
4,2616,1,1,0,0,14
4,2620,1,1,0,0,14
4,2642,1,1,1,0,14
4,2649,1,1,1,0,14
4,2679,1,1,0,0,14
4,2710,1,1,0,1,14
4,2757,1,1,1,0,14
4,2771,1,1,0,0,14
4,2772,1,1,0,0,14
4,2794,1,1,0,0,14
4,2809,1,1,0,0,14
4,2826,1,1,0,0,14
4,2840,1,1,0,0,14
4,2881,1,1,1,0,14
4,2917,1,1,1,0,14
4,2922,1,1,0,0,14
4,2955,1,1,0,0,14
4,2972,1,1,0,1,14
4,2988,1,1,0,1,14
4,3057,1,1,0,0,14
4,3072,1,1,1,0,14
4,3074,1,1,0,1,14
4,3080,1,1,1,0,14
4,3081,1,1,0,0,14
4,3128,1,1,0,1,14
4,3132,1,1,1,0,14
4,3133,1,1,0,0,14
4,3140,1,1,0,1,14
4,3147,1,1,0,0,14
4,3159,1,1,0,0,14
4,3220,1,1,1,0,14
4,3245,1,1,0,0,14
4,3249,1,1,0,1,14
4,3267,1,1,0,0,14
4,3271,1,1,0,0,14
4,3273,1,1,0,0,14
4,3276,1,1,0,0,14
4,3288,1,1,1,0,14
4,3311,1,1,0,0,14
4,3328,1,1,0,0,14
4,3346,1,1,0,1,14
4,3355,1,1,0,0,14
4,3359,1,1,0,0,14
4,3361,1,1,0,0,14
4,3363,1,1,0,0,14
4,3381,1,1,0,0,14
4,3390,1,1,0,0,14
4,3440,1,1,0,0,14
4,3447,1,1,0,1,14
4,3484,1,1,1,0,14
4,3489,1,1,0,0,14
4,3497,1,1,0,0,14
4,3537,1,1,1,0,14
4,3551,1,1,0,0,14
4,3552,1,1,0,0,14
4,3573,1,1,0,0,14
4,3581,1,1,0,0,14
4,3645,1,1,0,0,14
4,3647,1,1,0,0,14
4,3681,1,1,1,0,14
4,3685,1,1,0,0,14
4,3687,1,1,0,0,14
4,3709,1,1,0,0,14
4,3710,1,1,0,0,14
4,3726,1,1,0,1,14
4,3784,1,1,0,0,14
4,3789,1,1,0,0,14
4,3792,1,1,0,1,14
4,3800,1,1,1,0,14
4,3829,1,1,0,0,14
4,3845,1,1,0,0,14
4,3878,1,1,1,0,14
4,3881,1,1,0,0,14
4,3886,1,1,0,0,14
4,3938,1,1,0,0,14
4,3940,1,1,1,0,14
4,3951,1,1,0,0,14
4,3954,1,1,0,0,14
4,4009,1,1,0,1,14
4,4023,1,1,0,0,14
4,4024,1,1,0,0,14
4,4027,1,1,0,1,14
4,4065,1,1,0,0,14
4,4068,1,1,0,0,14
4,4074,1,1,0,0,14
4,4090,1,1,0,1,14
4,4105,1,1,0,0,14
4,4115,1,1,0,1,14
4,4120,1,1,0,0,14
4,4128,1,1,0,0,14
4,4135,1,1,0,0,14
4,4146,1,1,0,0,14
4,4147,1,1,0,0,14
4,4173,1,1,0,0,14
4,4175,1,1,0,1,14
4,4204,1,1,0,1,14
4,4255,1,1,0,0,14
4,4256,1,1,0,0,14
4,4262,1,1,0,0,14
4,4270,1,1,1,0,14
4,4276,1,1,0,0,14
4,4286,1,1,0,0,14
4,4295,1,1,1,0,14
4,4298,1,1,0,0,14
4,4308,1,1,0,0,14
4,4322,1,1,1,0,14
4,4339,1,1,1,0,14
4,4354,1,1,0,0,14
4,4360,1,1,0,0,14
4,4384,1,1,0,0,14
4,4409,1,1,0,0,14
4,4424,1,1,1,0,14
4,4440,1,1,1,0,14
4,4443,1,1,0,0,14
4,4444,1,1,0,0,14
4,4449,1,1,0,0,14
4,4476,1,1,0,0,14
4,4480,1,1,0,0,14
4,4482,1,1,1,0,14
4,4489,1,1,0,0,14
4,4493,1,1,1,0,14
4,4497,1,1,1,0,14
4,4499,1,1,0,0,14
4,4507,1,1,0,0,14
4,4518,1,1,0,1,14
4,4559,1,1,0,0,14
4,4583,1,1,0,1,14
4,4596,1,1,0,0,14
4,4599,1,1,0,0,14
4,4629,1,1,0,0,14
4,4634,1,1,1,0,14
4,4670,1,1,0,0,14
4,4699,1,1,0,0,14
4,4710,1,1,0,0,14
4,4715,1,1,0,0,14
4,4725,1,1,0,0,14
4,4730,1,1,0,1,14
4,4741,1,1,0,1,14
4,4752,1,1,0,0,14
4,4754,1,1,0,0,14
4,4761,1,1,0,0,14
4,4773,1,1,0,1,14
4,4784,1,1,0,0,14
4,4787,1,1,1,0,14
4,4798,1,1,1,0,14
4,4799,1,1,0,0,14
4,4811,1,1,0,0,14
4,4819,1,1,1,0,14
4,4823,1,1,0,0,14
4,4834,1,1,1,0,14
4,4838,1,1,0,0,14
4,4840,1,1,0,0,14
4,4854,1,1,0,0,14
4,4855,1,1,0,0,14
4,4869,1,1,0,0,14
4,4870,1,1,1,0,14
4,4892,1,1,0,0,14
4,4933,1,1,0,0,14
4,4947,1,1,0,0,14
4,4957,1,1,0,0,14
4,4994,1,1,0,0,14
5,2,3,0,0,0,0
5,25,3,0,0,0,0
5,31,3,0,0,0,0
5,34,3,0,3,0,0
5,53,3,0,0,0,0
5,58,3,0,0,0,0
5,67,3,0,0,0,0
5,73,3,0,3,0,0
5,74,3,0,3,0,0
5,80,3,0,1,0,0
5,88,3,0,0,0,0
5,92,3,0,0,0,0
5,98,3,0,0,0,0
5,105,3,0,0,0,0
5,106,3,0,0,0,0
5,142,3,0,0,0,0
5,154,3,0,0,0,0
5,156,3,0,0,0,0
5,160,3,0,0,0,0
5,187,3,0,0,0,0
5,199,3,0,3,0,0
5,212,3,0,0,0,0
5,224,3,0,0,0,0
5,249,3,0,3,0,0
5,277,3,0,3,0,0
5,298,3,0,3,0,0
5,324,3,0,0,0,0
5,328,3,0,3,0,0
5,363,3,0,0,0,0
5,375,3,0,0,0,0
5,410,3,0,0,0,0
5,411,3,0,0,0,0
5,413,3,0,1,0,0
5,416,3,0,3,0,0
5,434,3,0,0,0,0
5,444,3,0,3,0,0
5,458,3,0,0,0,0
5,460,3,0,0,0,0
5,502,3,0,0,0,0
5,503,3,0,0,0,0
5,509,3,0,0,0,0
5,519,3,0,0,0,0
5,528,3,0,1,0,0
5,529,3,0,0,0,0
5,532,3,0,3,0,0
5,546,3,0,0,0,0
5,549,3,0,0,0,0
5,551,3,0,0,0,0
5,562,3,0,3,0,0
5,620,3,0,3,0,0
5,654,3,0,0,0,0
5,666,3,0,0,0,0
5,681,3,0,1,0,0
5,684,3,0,0,0,0
5,714,3,0,0,0,0
5,734,3,0,3,0,0
5,768,3,0,0,0,0
5,771,3,0,0,0,0
5,780,3,0,3,0,0
5,789,3,0,0,0,0
5,793,3,0,0,0,0
5,820,3,0,0,0,0
5,845,3,0,0,0,0
5,869,3,0,0,0,0
5,922,3,0,0,0,0
5,983,3,0,0,0,0
5,1003,3,0,1,0,0
5,1015,3,0,1,0,0
5,1021,3,0,1,0,0
5,1027,3,0,1,0,0
5,1122,3,0,0,0,0
5,1133,3,0,3,0,0
5,1140,3,0,3,0,0
5,1150,3,0,0,0,0
5,1151,3,0,1,0,0
5,1157,3,0,1,0,0
5,1159,3,0,0,0,0
5,1176,3,0,0,0,0
5,1184,3,0,0,0,0
5,1188,3,0,0,0,0
5,1195,3,0,1,0,0
5,1197,3,0,1,0,0
5,1210,3,0,1,0,0
5,1241,3,0,0,0,0
5,1243,3,0,1,0,0
5,1257,3,0,0,0,0
5,1264,3,0,0,0,0
5,1287,3,0,0,0,0
5,1306,3,0,0,0,0
5,1307,3,0,0,0,0
5,1328,3,0,1,0,0
5,1355,3,0,0,0,0
5,1356,3,0,0,0,0
5,1371,3,0,0,0,0
5,1394,3,0,0,0,0
5,1415,3,0,0,0,0
5,1421,3,0,0,0,0
5,1433,3,0,0,0,0
5,1451,3,0,0,0,0
5,1461,3,0,1,0,0
5,1484,3,0,1,0,0
5,1501,3,0,0,0,0
5,1518,3,0,0,0,0
5,1520,3,0,0,0,0
5,1521,3,0,0,0,0
5,1536,3,0,0,0,0
5,1538,3,0,0,0,0
5,1546,3,0,1,0,0
5,1553,3,0,0,0,0
5,1564,3,0,0,0,0
5,1575,3,0,0,0,0
5,1577,3,0,1,0,0
5,1603,3,0,0,0,0
5,1629,3,0,3,0,0
5,1636,3,0,1,0,0
5,1648,3,0,3,0,0
5,1652,3,0,0,0,0
5,1657,3,0,0,0,0
5,1661,3,0,0,0,0
5,1669,3,0,1,0,0
5,1684,3,0,3,0,0
5,1685,3,0,0,0,0
5,1697,3,0,3,0,0
5,1712,3,0,0,0,0
5,1714,3,0,3,0,0
5,1715,3,0,0,0,0
5,1730,3,0,1,0,0
5,1745,3,0,0,0,0
5,1766,3,0,0,0,0
5,1769,3,0,0,0,0
5,1790,3,0,3,0,0
5,1817,3,0,0,0,0
5,1818,3,0,3,0,0
5,1821,3,0,0,0,0
5,1829,3,0,1,0,0
5,1882,3,0,0,0,0
5,1897,3,0,0,0,0
5,1930,3,0,1,0,0
5,1938,3,0,3,0,0
5,1949,3,0,0,0,0
5,1969,3,0,0,0,0
5,1972,3,0,1,0,0
5,1986,3,0,3,0,0
5,1987,3,0,0,0,0
5,1992,3,0,3,0,0
5,2013,3,0,0,0,0
5,2022,3,0,0,0,0
5,2053,3,0,0,0,0
5,2076,3,0,0,0,0
5,2098,3,0,0,0,0
5,2108,3,0,3,0,0
5,2165,3,0,0,0,0
5,2188,3,0,0,0,0
5,2189,3,0,0,0,0
5,2192,3,0,0,0,0
5,2196,3,0,0,0,0
5,2203,3,0,0,0,0
5,2234,3,0,0,0,0
5,2236,3,0,0,0,0
5,2244,3,0,1,0,0
5,2256,3,0,0,0,0
5,2258,3,0,3,0,0
5,2260,3,0,0,0,0
5,2291,3,0,1,0,0
5,2301,3,0,0,0,0
5,2320,3,0,0,0,0
5,2327,3,0,0,0,0
5,2329,3,0,1,0,0
5,2339,3,0,0,0,0
5,2341,3,0,0,0,0
5,2348,3,0,1,0,0
5,2353,3,0,3,0,0
5,2367,3,0,1,0,0
5,2368,3,0,1,0,0
5,2378,3,0,0,0,0
5,2379,3,0,0,0,0
5,2382,3,0,3,0,0
5,2390,3,0,0,0,0
5,2412,3,0,0,0,0
5,2437,3,0,0,0,0
5,2470,3,0,1,0,0
5,2490,3,0,0,0,0
5,2495,3,0,3,0,0
5,2504,3,0,1,0,0
5,2516,3,0,0,0,0
5,2546,3,0,0,0,0
5,2547,3,0,0,0,0
5,2550,3,0,0,0,0
5,2560,3,0,0,0,0
5,2578,3,0,0,0,0
5,2586,3,0,0,0,0
5,2604,3,0,3,0,0
5,2605,3,0,0,0,0
5,2606,3,0,0,0,0
5,2610,3,0,3,0,0
5,2618,3,0,1,0,0
5,2621,3,0,0,0,0
5,2626,3,0,0,0,0
5,2627,3,0,0,0,0
5,2634,3,0,0,0,0
5,2656,3,0,0,0,0
5,2672,3,0,0,0,0
5,2674,3,0,0,0,0
5,2699,3,0,0,0,0
5,2702,3,0,0,0,0
5,2724,3,0,0,0,0
5,2726,3,0,0,0,0
5,2740,3,0,0,0,0
5,2747,3,0,0,0,0
5,2778,3,0,0,0,0
5,2806,3,0,0,0,0
5,2818,3,0,0,0,0
5,2819,3,0,0,0,0
5,2831,3,0,0,0,0
5,2850,3,0,0,0,0
5,2867,3,0,1,0,0
5,2874,3,0,0,0,0
5,2944,3,0,3,0,0
5,2983,3,0,0,0,0
5,2989,3,0,0,0,0
5,2990,3,0,0,0,0
5,2994,3,0,0,0,0
5,2997,3,0,0,0,0
5,3012,3,0,0,0,0
5,3028,3,0,0,0,0
5,3077,3,0,0,0,0
5,3086,3,0,0,0,0
5,3102,3,0,1,0,0
5,3109,3,0,0,0,0
5,3123,3,0,1,0,0
5,3126,3,0,0,0,0
5,3139,3,0,0,0,0
5,3142,3,0,3,0,0
5,3149,3,0,0,0,0
5,3156,3,0,0,0,0
5,3165,3,0,0,0,0
5,3200,3,0,1,0,0
5,3205,3,0,1,0,0
5,3208,3,0,0,0,0
5,3236,3,0,1,0,0
5,3238,3,0,1,0,0
5,3239,3,0,0,0,0
5,3243,3,0,1,0,0
5,3254,3,0,3,0,0
5,3256,3,0,0,0,0
5,3270,3,0,3,0,0
5,3281,3,0,1,0,0
5,3289,3,0,1,0,0
5,3296,3,0,1,0,0
5,3300,3,0,0,0,0
5,3349,3,0,3,0,0
5,3360,3,0,0,0,0
5,3379,3,0,0,0,0
5,3388,3,0,3,0,0
5,3394,3,0,0,0,0
5,3402,3,0,1,0,0
5,3406,3,0,0,0,0
5,3416,3,0,0,0,0
5,3425,3,0,3,0,0
5,3426,3,0,0,0,0
5,3454,3,0,0,0,0
5,3498,3,0,1,0,0
5,3507,3,0,0,0,0
5,3516,3,0,1,0,0
5,3593,3,0,0,0,0
5,3595,3,0,1,0,0
5,3598,3,0,1,0,0
5,3607,3,0,1,0,0
5,3617,3,0,0,0,0
5,3665,3,0,0,0,0
5,3669,3,0,1,0,0
5,3670,3,0,1,0,0
5,3686,3,0,3,0,0
5,3689,3,0,0,0,0
5,3691,3,0,0,0,0
5,3697,3,0,0,0,0
5,3703,3,0,1,0,0
5,3728,3,0,0,0,0
5,3765,3,0,0,0,0
5,3766,3,0,1,0,0
5,3769,3,0,1,0,0
5,3772,3,0,1,0,0
5,3783,3,0,0,0,0
5,3802,3,0,0,0,0
5,3835,3,0,1,0,0
5,3839,3,0,3,0,0
5,3851,3,0,3,0,0
5,3858,3,0,0,0,0
5,3877,3,0,3,0,0
5,3883,3,0,0,0,0
5,3917,3,0,1,0,0
5,3924,3,0,3,0,0
5,3927,3,0,0,0,0
5,3971,3,0,0,0,0
5,4001,3,0,3,0,0
5,4012,3,0,0,0,0
5,4020,3,0,3,0,0
5,4030,3,0,3,0,0
5,4049,3,0,0,0,0
5,4094,3,0,0,0,0
5,4095,3,0,0,0,0
5,4097,3,0,3,0,0
5,4110,3,0,1,0,0
5,4124,3,0,3,0,0
5,4139,3,0,0,0,0
5,4155,3,0,0,0,0
5,4165,3,0,0,0,0
5,4172,3,0,1,0,0
5,4210,3,0,0,0,0
5,4222,3,0,0,0,0
5,4225,3,0,0,0,0
5,4277,3,0,0,0,0
5,4293,3,0,0,0,0
5,4312,3,0,0,0,0
5,4313,3,0,3,0,0
5,4320,3,0,0,0,0
5,4331,3,0,0,0,0
5,4338,3,0,1,0,0
5,4347,3,0,0,0,0
5,4362,3,0,0,0,0
5,4370,3,0,1,0,0
5,4396,3,0,1,0,0
5,4411,3,0,0,0,0
5,4454,3,0,0,0,0
5,4472,3,0,1,0,0
5,4495,3,0,3,0,0
5,4504,3,0,0,0,0
5,4506,3,0,0,0,0
5,4508,3,0,3,0,0
5,4513,3,0,3,0,0
5,4548,3,0,0,0,0
5,4555,3,0,0,0,0
5,4560,3,0,0,0,0
5,4574,3,0,1,0,0
5,4592,3,0,0,0,0
5,4602,3,0,1,0,0
5,4622,3,0,0,0,0
5,4633,3,0,1,0,0
5,4639,3,0,0,0,0
5,4646,3,0,0,0,0
5,4679,3,0,0,0,0
5,4687,3,0,0,0,0
5,4697,3,0,0,0,0
5,4713,3,0,3,0,0
5,4734,3,0,0,0,0
5,4742,3,0,3,0,0
5,4779,3,0,1,0,0
5,4802,3,0,1,0,0
5,4826,3,0,3,0,0
5,4841,3,0,1,0,0
5,4842,3,0,0,0,0
5,4871,3,0,0,0,0
5,4911,3,0,0,0,0
5,4918,3,0,0,0,0
5,4919,3,0,1,0,0
5,4934,3,0,0,0,0
5,4936,3,0,0,0,0
5,4945,3,0,1,0,0
5,4952,3,0,3,0,0
5,4954,3,0,3,0,0
5,4973,3,0,0,0,0
5,4975,3,0,0,0,0
5,4984,3,0,3,0,0
5,4989,3,0,0,0,0
5,22,1,1,1,0,1
5,38,1,1,1,0,1
5,52,1,1,1,0,1
5,61,1,1,1,0,1
5,76,1,1,1,0,1
5,117,1,1,0,0,1
5,122,1,1,0,1,1
5,131,1,1,1,0,1
5,174,1,1,0,1,1
5,186,1,1,0,0,1
5,192,1,1,1,0,1
5,210,1,1,1,0,1
5,214,1,1,1,0,1
5,222,1,1,0,1,1
5,239,1,1,1,0,1
5,264,1,1,1,0,1
5,270,1,1,1,0,1
5,286,1,1,0,0,1
5,293,1,1,0,1,1
5,303,1,1,0,1,1
5,306,1,1,0,0,1
5,365,1,1,0,0,1
5,385,1,1,0,0,1
5,426,1,1,0,0,1
5,471,1,1,1,0,1
5,514,1,1,0,1,1
5,524,1,1,0,0,1
5,527,1,1,0,0,1
5,537,1,1,0,0,1
5,564,1,1,0,1,1
5,569,1,1,0,1,1
5,593,1,1,1,0,1
5,601,1,1,1,0,1
5,602,1,1,1,0,1
5,628,1,1,0,0,1
5,629,1,1,0,0,1
5,637,1,1,0,1,1
5,656,1,1,0,0,1
5,662,1,1,0,0,1
5,664,1,1,0,0,1
5,712,1,1,0,1,1
5,716,1,1,0,0,1
5,722,1,1,0,0,1
5,755,1,1,1,0,1
5,756,1,1,1,0,1
5,761,1,1,0,1,1
5,800,1,1,0,0,1
5,802,1,1,0,1,1
5,824,1,1,1,0,1
5,825,1,1,1,0,1
5,826,1,1,0,1,1
5,842,1,1,0,1,1
5,851,1,1,1,0,1
5,855,1,1,0,0,1
5,892,1,1,0,0,1
5,893,1,1,0,0,1
5,902,1,1,0,0,1
5,923,1,1,0,0,1
5,929,1,1,0,1,1
5,930,1,1,0,0,1
5,943,1,1,0,0,1
5,968,1,1,0,0,1
5,970,1,1,0,0,1
5,977,1,1,0,0,1
5,987,1,1,0,0,1
5,1004,1,1,0,1,1
5,1014,1,1,0,0,1
5,1050,1,1,0,0,1
5,1070,1,1,1,0,1
5,1088,1,1,0,0,1
5,1115,1,1,0,0,1
5,1123,1,1,0,0,1
5,1124,1,1,0,0,1
5,1136,1,1,1,0,1
5,1143,1,1,0,0,1
5,1163,1,1,0,0,1
5,1168,1,1,0,0,1
5,1196,1,1,0,0,1
5,1203,1,1,0,0,1
5,1207,1,1,0,0,1
5,1233,1,1,0,0,1
5,1320,1,1,0,0,1
5,1324,1,1,0,0,1
5,1351,1,1,0,1,1
5,1366,1,1,0,0,1
5,1367,1,1,1,0,1
5,1369,1,1,0,1,1
5,1410,1,1,1,0,1
5,1417,1,1,1,0,1
5,1426,1,1,0,0,1
5,1428,1,1,0,0,1
5,1429,1,1,0,1,1
5,1434,1,1,0,1,1
5,1435,1,1,1,0,1
5,1450,1,1,0,1,1
5,1452,1,1,0,0,1
5,1475,1,1,0,1,1
5,1482,1,1,0,0,1
5,1494,1,1,0,1,1
5,1510,1,1,0,0,1
5,1517,1,1,1,0,1
5,1523,1,1,0,0,1
5,1569,1,1,1,0,1
5,1595,1,1,0,1,1
5,1602,1,1,0,1,1
5,1606,1,1,0,1,1
5,1609,1,1,1,0,1
5,1612,1,1,1,0,1
5,1659,1,1,1,0,1
5,1664,1,1,0,0,1
5,1680,1,1,0,1,1
5,1692,1,1,1,0,1
5,1704,1,1,1,0,1
5,1731,1,1,0,0,1
5,1734,1,1,1,0,1
5,1741,1,1,0,0,1
5,1752,1,1,1,0,1
5,1762,1,1,0,0,1
5,1768,1,1,0,0,1
5,1794,1,1,0,1,1
5,1809,1,1,1,0,1
5,1812,1,1,1,0,1
5,1827,1,1,0,0,1
5,1836,1,1,0,0,1
5,1862,1,1,0,1,1
5,1871,1,1,0,1,1
5,1890,1,1,1,0,1
5,1893,1,1,1,0,1
5,1896,1,1,1,0,1
5,1923,1,1,1,0,1
5,1974,1,1,1,0,1
5,1980,1,1,1,0,1
5,1989,1,1,0,1,1
5,2017,1,1,0,1,1
5,2038,1,1,1,0,1
5,2045,1,1,0,1,1
5,2070,1,1,0,0,1
5,2077,1,1,0,1,1
5,2078,1,1,0,0,1
5,2086,1,1,0,0,1
5,2088,1,1,0,0,1
5,2109,1,1,0,1,1
5,2118,1,1,0,0,1
5,2141,1,1,0,0,1
5,2170,1,1,0,1,1
5,2172,1,1,0,0,1
5,2184,1,1,0,1,1
5,2199,1,1,1,0,1
5,2202,1,1,0,0,1
5,2220,1,1,0,0,1
5,2226,1,1,1,0,1
5,2261,1,1,0,0,1
5,2269,1,1,0,0,1
5,2276,1,1,1,0,1
5,2280,1,1,0,0,1
5,2297,1,1,1,0,1
5,2313,1,1,0,0,1
5,2315,1,1,1,0,1
5,2336,1,1,0,0,1
5,2343,1,1,0,1,1
5,2408,1,1,0,1,1
5,2428,1,1,0,0,1
5,2442,1,1,0,1,1
5,2446,1,1,0,0,1
5,2468,1,1,0,0,1
5,2491,1,1,1,0,1
5,2498,1,1,0,1,1
5,2517,1,1,1,0,1
5,2537,1,1,1,0,1
5,2544,1,1,0,1,1
5,2559,1,1,0,1,1
5,2563,1,1,0,1,1
5,2589,1,1,0,0,1
5,2595,1,1,1,0,1
5,2611,1,1,0,1,1
5,2622,1,1,0,0,1
5,2638,1,1,0,0,1
5,2643,1,1,0,0,1
5,2691,1,1,0,0,1
5,2725,1,1,1,0,1
5,2741,1,1,1,0,1
5,2763,1,1,1,0,1
5,2764,1,1,0,0,1
5,2773,1,1,1,0,1
5,2798,1,1,1,0,1
5,2802,1,1,0,0,1
5,2804,1,1,0,1,1
5,2808,1,1,1,0,1
5,2823,1,1,0,0,1
5,2836,1,1,0,1,1
5,2838,1,1,0,0,1
5,2849,1,1,0,1,1
5,2860,1,1,0,0,1
5,2895,1,1,0,1,1
5,2900,1,1,1,0,1
5,2937,1,1,0,0,1
5,2952,1,1,0,1,1
5,2954,1,1,1,0,1
5,2960,1,1,0,0,1
5,2961,1,1,0,0,1
5,2971,1,1,1,0,1
5,2984,1,1,0,1,1
5,2987,1,1,0,0,1
5,3005,1,1,0,0,1
5,3015,1,1,1,0,1
5,3018,1,1,1,0,1
5,3019,1,1,1,0,1
5,3035,1,1,0,0,1
5,3058,1,1,0,0,1
5,3067,1,1,0,0,1
5,3085,1,1,0,0,1
5,3087,1,1,1,0,1
5,3088,1,1,0,1,1
5,3107,1,1,0,0,1
5,3114,1,1,0,1,1
5,3124,1,1,0,0,1
5,3138,1,1,0,0,1
5,3144,1,1,0,0,1
5,3160,1,1,1,0,1
5,3169,1,1,0,0,1
5,3174,1,1,1,0,1
5,3193,1,1,0,1,1
5,3212,1,1,0,0,1
5,3230,1,1,1,0,1
5,3232,1,1,0,0,1
5,3265,1,1,0,1,1
5,3279,1,1,0,0,1
5,3283,1,1,0,0,1
5,3291,1,1,1,0,1
5,3303,1,1,0,0,1
5,3320,1,1,0,0,1
5,3324,1,1,1,0,1
5,3333,1,1,1,0,1
5,3351,1,1,1,0,1
5,3375,1,1,0,0,1
5,3376,1,1,0,0,1
5,3410,1,1,0,0,1
5,3424,1,1,1,0,1
5,3428,1,1,0,1,1
5,3437,1,1,0,0,1
5,3463,1,1,0,0,1
5,3540,1,1,1,0,1
5,3546,1,1,0,1,1
5,3554,1,1,1,0,1
5,3556,1,1,0,0,1
5,3583,1,1,0,0,1
5,3592,1,1,0,0,1
5,3594,1,1,0,0,1
5,3623,1,1,0,0,1
5,3631,1,1,1,0,1
5,3650,1,1,0,0,1
5,3672,1,1,0,1,1
5,3704,1,1,0,1,1
5,3734,1,1,0,0,1
5,3739,1,1,0,0,1
5,3742,1,1,0,1,1
5,3759,1,1,0,1,1
5,3768,1,1,1,0,1
5,3796,1,1,0,1,1
5,3804,1,1,0,0,1
5,3813,1,1,0,0,1
5,3823,1,1,1,0,1
5,3826,1,1,0,1,1
5,3831,1,1,1,0,1
5,3840,1,1,0,0,1
5,3868,1,1,0,0,1
5,3873,1,1,0,1,1
5,3887,1,1,1,0,1
5,3905,1,1,1,0,1
5,3907,1,1,0,1,1
5,3912,1,1,0,1,1
5,3915,1,1,0,0,1
5,3934,1,1,0,0,1
5,3946,1,1,1,0,1
5,3967,1,1,1,0,1
5,3989,1,1,0,1,1
5,3992,1,1,1,0,1
5,3996,1,1,0,0,1
5,4059,1,1,1,0,1
5,4063,1,1,0,0,1
5,4081,1,1,1,0,1
5,4089,1,1,1,0,1
5,4104,1,1,0,0,1
5,4109,1,1,0,1,1
5,4112,1,1,1,0,1
5,4118,1,1,0,1,1
5,4121,1,1,0,0,1
5,4131,1,1,1,0,1
5,4157,1,1,1,0,1
5,4177,1,1,0,0,1
5,4181,1,1,1,0,1
5,4194,1,1,0,0,1
5,4203,1,1,1,0,1
5,4228,1,1,0,1,1
5,4245,1,1,0,1,1
5,4246,1,1,0,0,1
5,4261,1,1,0,0,1
5,4282,1,1,0,0,1
5,4291,1,1,0,0,1
5,4296,1,1,1,0,1
5,4310,1,1,1,0,1
5,4327,1,1,0,1,1
5,4333,1,1,0,1,1
5,4343,1,1,0,0,1
5,4344,1,1,0,0,1
5,4353,1,1,0,1,1
5,4364,1,1,0,0,1
5,4369,1,1,1,0,1
5,4391,1,1,0,0,1
5,4392,1,1,0,1,1
5,4425,1,1,0,0,1
5,4441,1,1,0,1,1
5,4448,1,1,0,0,1
5,4462,1,1,0,0,1
5,4475,1,1,0,1,1
5,4496,1,1,0,0,1
5,4502,1,1,1,0,1
5,4542,1,1,1,0,1
5,4562,1,1,0,0,1
5,4566,1,1,1,0,1
5,4571,1,1,0,1,1
5,4605,1,1,0,1,1
5,4621,1,1,1,0,1
5,4626,1,1,0,1,1
5,4630,1,1,0,0,1
5,4637,1,1,0,1,1
5,4656,1,1,0,1,1
5,4672,1,1,0,1,1
5,4676,1,1,0,1,1
5,4691,1,1,1,0,1
5,4704,1,1,0,0,1
5,4746,1,1,0,0,1
5,4747,1,1,0,1,1
5,4814,1,1,0,0,1
5,4825,1,1,0,1,1
5,4837,1,1,1,0,1
5,4839,1,1,0,1,1
5,4856,1,1,0,0,1
5,4867,1,1,0,1,1
5,4873,1,1,0,1,1
5,4879,1,1,1,0,1
5,4909,1,1,1,0,1
5,4953,1,1,0,1,1
5,4961,1,1,0,0,1
5,6,1,1,1,0,2
5,9,1,1,0,0,2
5,18,1,1,0,0,2
5,124,1,1,0,1,2
5,132,1,1,0,1,2
5,143,1,1,1,0,2
5,206,1,1,1,0,2
5,216,1,1,0,1,2
5,223,1,1,0,1,2
5,231,1,1,0,1,2
5,238,1,1,0,0,2
5,288,1,1,0,0,2
5,292,1,1,0,0,2
5,333,1,1,0,0,2
5,342,1,1,0,1,2
5,372,1,1,1,0,2
5,379,1,1,0,1,2
5,390,1,1,1,0,2
5,392,1,1,1,0,2
5,398,1,1,1,0,2
5,408,1,1,1,0,2
5,432,1,1,0,0,2
5,449,1,1,0,1,2
5,452,1,1,0,0,2
5,464,1,1,0,0,2
5,468,1,1,0,0,2
5,472,1,1,1,0,2
5,482,1,1,0,0,2
5,483,1,1,0,0,2
5,515,1,1,1,0,2
5,542,1,1,1,0,2
5,576,1,1,1,0,2
5,579,1,1,0,0,2
5,585,1,1,0,1,2
5,589,1,1,1,0,2
5,635,1,1,0,1,2
5,682,1,1,1,0,2
5,695,1,1,0,0,2
5,696,1,1,0,0,2
5,697,1,1,0,0,2
5,701,1,1,0,1,2
5,703,1,1,0,1,2
5,735,1,1,0,0,2
5,738,1,1,1,0,2
5,759,1,1,0,1,2
5,781,1,1,0,0,2
5,784,1,1,1,0,2
5,801,1,1,0,0,2
5,815,1,1,0,0,2
5,861,1,1,0,1,2
5,867,1,1,0,0,2
5,873,1,1,0,0,2
5,876,1,1,0,0,2
5,910,1,1,0,0,2
5,941,1,1,0,0,2
5,971,1,1,0,0,2
5,986,1,1,0,1,2
5,990,1,1,1,0,2
5,992,1,1,0,0,2
5,1054,1,1,0,1,2
5,1061,1,1,0,0,2
5,1090,1,1,1,0,2
5,1093,1,1,0,0,2
5,1170,1,1,0,0,2
5,1181,1,1,0,0,2
5,1206,1,1,0,0,2
5,1214,1,1,1,0,2
5,1215,1,1,0,1,2
5,1216,1,1,0,0,2
5,1224,1,1,0,1,2
5,1229,1,1,1,0,2
5,1246,1,1,0,0,2
5,1254,1,1,0,1,2
5,1288,1,1,0,1,2
5,1295,1,1,0,1,2
5,1319,1,1,0,0,2
5,1375,1,1,1,0,2
5,1380,1,1,0,0,2
5,1383,1,1,0,0,2
5,1391,1,1,0,0,2
5,1393,1,1,0,0,2
5,1398,1,1,0,0,2
5,1402,1,1,0,0,2
5,1436,1,1,0,1,2
5,1447,1,1,0,1,2
5,1458,1,1,0,0,2
5,1472,1,1,0,0,2
5,1486,1,1,0,0,2
5,1532,1,1,0,1,2
5,1535,1,1,0,0,2
5,1551,1,1,1,0,2
5,1580,1,1,0,0,2
5,1601,1,1,0,0,2
5,1621,1,1,0,0,2
5,1646,1,1,0,1,2
5,1654,1,1,0,0,2
5,1675,1,1,1,0,2
5,1681,1,1,1,0,2
5,1691,1,1,1,0,2
5,1696,1,1,0,0,2
5,1705,1,1,0,1,2
5,1729,1,1,0,1,2
5,1732,1,1,0,0,2
5,1831,1,1,0,1,2
5,1835,1,1,0,1,2
5,1846,1,1,0,0,2
5,1853,1,1,1,0,2
5,1865,1,1,1,0,2
5,1884,1,1,0,0,2
5,1891,1,1,0,1,2
5,1901,1,1,0,1,2
5,1903,1,1,0,1,2
5,1906,1,1,0,1,2
5,1911,1,1,0,1,2
5,1932,1,1,0,0,2
5,1951,1,1,0,0,2
5,2023,1,1,0,1,2
5,2041,1,1,0,0,2
5,2044,1,1,0,0,2
5,2059,1,1,0,0,2
5,2079,1,1,0,1,2
5,2099,1,1,0,0,2
5,2104,1,1,0,0,2
5,2110,1,1,0,0,2
5,2124,1,1,0,0,2
5,2135,1,1,0,0,2
5,2152,1,1,0,0,2
5,2155,1,1,1,0,2
5,2174,1,1,0,0,2
5,2180,1,1,0,0,2
5,2195,1,1,0,1,2
5,2225,1,1,0,0,2
5,2281,1,1,0,0,2
5,2305,1,1,0,0,2
5,2394,1,1,0,0,2
5,2397,1,1,0,0,2
5,2414,1,1,0,0,2
5,2441,1,1,1,0,2
5,2453,1,1,0,1,2
5,2461,1,1,0,0,2
5,2467,1,1,0,0,2
5,2478,1,1,1,0,2
5,2484,1,1,0,1,2
5,2551,1,1,0,0,2
5,2601,1,1,1,0,2
5,2607,1,1,1,0,2
5,2623,1,1,0,0,2
5,2632,1,1,0,0,2
5,2635,1,1,0,0,2
5,2637,1,1,0,0,2
5,2659,1,1,1,0,2
5,2714,1,1,0,0,2
5,2730,1,1,1,0,2
5,2737,1,1,1,0,2
5,2746,1,1,0,1,2
5,2751,1,1,1,0,2
5,2786,1,1,0,0,2
5,2811,1,1,1,0,2
5,2841,1,1,1,0,2
5,2876,1,1,0,1,2
5,2886,1,1,0,1,2
5,2891,1,1,1,0,2
5,2920,1,1,1,0,2
5,2941,1,1,1,0,2
5,2947,1,1,0,0,2
5,2950,1,1,0,1,2
5,2951,1,1,1,0,2
5,2963,1,1,0,1,2
5,2980,1,1,1,0,2
5,2981,1,1,0,1,2
5,3004,1,1,0,0,2
5,3013,1,1,0,0,2
5,3038,1,1,1,0,2
5,3056,1,1,0,0,2
5,3062,1,1,0,0,2
5,3090,1,1,0,0,2
5,3111,1,1,0,1,2
5,3164,1,1,0,1,2
5,3180,1,1,0,1,2
5,3211,1,1,0,0,2
5,3260,1,1,0,0,2
5,3264,1,1,0,1,2
5,3268,1,1,0,0,2
5,3278,1,1,1,0,2
5,3285,1,1,0,1,2
5,3305,1,1,1,0,2
5,3315,1,1,0,0,2
5,3329,1,1,0,0,2
5,3338,1,1,0,1,2
5,3352,1,1,0,1,2
5,3356,1,1,0,1,2
5,3395,1,1,0,0,2
5,3398,1,1,0,0,2
5,3414,1,1,0,1,2
5,3438,1,1,0,1,2
5,3446,1,1,0,1,2
5,3453,1,1,0,0,2
5,3459,1,1,0,1,2
5,3479,1,1,0,0,2
5,3495,1,1,0,0,2
5,3525,1,1,0,0,2
5,3526,1,1,0,1,2
5,3535,1,1,0,0,2
5,3585,1,1,0,1,2
5,3587,1,1,0,0,2
5,3602,1,1,1,0,2
5,3604,1,1,0,0,2
5,3657,1,1,0,1,2
5,3658,1,1,0,0,2
5,3740,1,1,0,0,2
5,3741,1,1,0,0,2
5,3746,1,1,0,0,2
5,3754,1,1,0,1,2
5,3762,1,1,1,0,2
5,3770,1,1,1,0,2
5,3795,1,1,0,1,2
5,3815,1,1,0,0,2
5,3846,1,1,1,0,2
5,3848,1,1,0,1,2
5,3854,1,1,0,0,2
5,3856,1,1,0,0,2
5,3866,1,1,0,0,2
5,3879,1,1,1,0,2
5,3906,1,1,1,0,2
5,3908,1,1,0,1,2
5,3923,1,1,1,0,2
5,3982,1,1,0,0,2
5,4003,1,1,0,1,2
5,4008,1,1,1,0,2
5,4019,1,1,0,1,2
5,4022,1,1,0,1,2
5,4040,1,1,0,1,2
5,4046,1,1,0,1,2
5,4091,1,1,0,1,2
5,4096,1,1,1,0,2
5,4129,1,1,0,0,2
5,4130,1,1,1,0,2
5,4148,1,1,0,0,2
5,4170,1,1,1,0,2
5,4187,1,1,0,1,2
5,4206,1,1,0,0,2
5,4207,1,1,0,1,2
5,4235,1,1,1,0,2
5,4267,1,1,0,1,2
5,4273,1,1,0,1,2
5,4280,1,1,1,0,2
5,4294,1,1,1,0,2
5,4341,1,1,0,0,2
5,4350,1,1,0,0,2
5,4359,1,1,0,0,2
5,4371,1,1,0,0,2
5,4460,1,1,0,0,2
5,4465,1,1,0,0,2
5,4523,1,1,0,0,2
5,4525,1,1,0,1,2
5,4533,1,1,0,0,2
5,4539,1,1,0,1,2
5,4558,1,1,0,1,2
5,4582,1,1,0,0,2
5,4586,1,1,1,0,2
5,4594,1,1,1,0,2
5,4609,1,1,1,0,2
5,4625,1,1,0,0,2
5,4632,1,1,1,0,2
5,4640,1,1,0,1,2
5,4649,1,1,0,0,2
5,4660,1,1,0,0,2
5,4661,1,1,0,1,2
5,4680,1,1,1,0,2
5,4703,1,1,0,1,2
5,4721,1,1,1,0,2
5,4722,1,1,0,1,2
5,4729,1,1,0,0,2
5,4738,1,1,0,1,2
5,4756,1,1,0,0,2
5,4778,1,1,1,0,2
5,4786,1,1,1,0,2
5,4790,1,1,1,0,2
5,4809,1,1,1,0,2
5,4821,1,1,0,1,2
5,4860,1,1,0,1,2
5,4874,1,1,0,0,2
5,4897,1,1,0,0,2
5,4901,1,1,1,0,2
5,4912,1,1,1,0,2
5,4924,1,1,0,1,2
5,4925,1,1,0,0,2
5,4941,1,1,0,0,2
5,49,1,2,1,0,3
5,86,1,2,0,2,3
5,95,1,2,0,0,3
5,102,1,2,0,0,3
5,103,1,2,0,0,3
5,108,1,2,1,0,3
5,141,1,2,1,0,3
5,193,1,2,0,0,3
5,230,1,2,0,1,3
5,240,1,2,1,0,3
5,254,1,2,0,0,3
5,258,1,2,1,0,3
5,272,1,2,0,0,3
5,295,1,2,0,2,3
5,327,1,2,0,0,3
5,338,1,2,0,2,3
5,340,1,2,0,0,3
5,361,1,2,0,0,3
5,377,1,2,0,2,3
5,381,1,2,0,1,3
5,407,1,2,0,2,3
5,412,1,2,0,2,3
5,456,1,2,0,1,3
5,494,1,2,0,0,3
5,501,1,2,0,0,3
5,508,1,2,1,0,3
5,534,1,2,0,1,3
5,540,1,2,0,0,3
5,577,1,2,1,0,3
5,578,1,2,1,0,3
5,590,1,2,0,0,3
5,595,1,2,0,2,3
5,597,1,2,0,0,3
5,599,1,2,1,0,3
5,606,1,2,0,0,3
5,611,1,2,1,0,3
5,627,1,2,0,0,3
5,648,1,2,0,0,3
5,670,1,2,0,0,3
5,678,1,2,0,0,3
5,717,1,2,0,0,3
5,718,1,2,0,1,3
5,747,1,2,0,0,3
5,752,1,2,0,0,3
5,776,1,2,0,0,3
5,805,1,2,0,0,3
5,829,1,2,0,1,3
5,853,1,2,0,0,3
5,871,1,2,0,0,3
5,900,1,2,0,0,3
5,963,1,2,1,0,3
5,969,1,2,1,0,3
5,1029,1,2,0,0,3
5,1042,1,2,0,0,3
5,1047,1,2,0,0,3
5,1068,1,2,0,0,3
5,1079,1,2,0,0,3
5,1100,1,2,0,0,3
5,1106,1,2,0,0,3
5,1134,1,2,0,2,3
5,1145,1,2,0,0,3
5,1182,1,2,0,0,3
5,1219,1,2,0,0,3
5,1261,1,2,0,1,3
5,1263,1,2,0,0,3
5,1282,1,2,0,0,3
5,1317,1,2,1,0,3
5,1341,1,2,1,0,3
5,1425,1,2,0,2,3
5,1446,1,2,0,0,3
5,1448,1,2,1,0,3
5,1456,1,2,0,0,3
5,1457,1,2,0,0,3
5,1498,1,2,0,0,3
5,1504,1,2,0,2,3
5,1509,1,2,1,0,3
5,1515,1,2,1,0,3
5,1526,1,2,0,1,3
5,1529,1,2,0,0,3
5,1573,1,2,0,0,3
5,1582,1,2,0,2,3
5,1587,1,2,0,1,3
5,1616,1,2,0,0,3
5,1640,1,2,1,0,3
5,1642,1,2,0,0,3
5,1651,1,2,0,0,3
5,1698,1,2,1,0,3
5,1749,1,2,0,1,3
5,1807,1,2,1,0,3
5,1825,1,2,0,2,3
5,1833,1,2,1,0,3
5,1840,1,2,0,2,3
5,1843,1,2,0,2,3
5,1847,1,2,0,0,3
5,1856,1,2,1,0,3
5,1861,1,2,1,0,3
5,1869,1,2,0,0,3
5,1875,1,2,0,0,3
5,1880,1,2,0,0,3
5,1899,1,2,0,0,3
5,1913,1,2,0,1,3
5,1952,1,2,0,0,3
5,2040,1,2,0,0,3
5,2052,1,2,0,0,3
5,2056,1,2,0,0,3
5,2065,1,2,1,0,3
5,2069,1,2,0,1,3
5,2101,1,2,0,0,3
5,2113,1,2,0,0,3
5,2126,1,2,0,2,3
5,2134,1,2,0,0,3
5,2175,1,2,0,0,3
5,2179,1,2,0,0,3
5,2207,1,2,0,2,3
5,2208,1,2,0,0,3
5,2238,1,2,0,0,3
5,2251,1,2,1,0,3
5,2282,1,2,1,0,3
5,2287,1,2,0,0,3
5,2295,1,2,0,0,3
5,2335,1,2,1,0,3
5,2344,1,2,0,0,3
5,2361,1,2,0,2,3
5,2388,1,2,0,1,3
5,2409,1,2,0,1,3
5,2420,1,2,1,0,3
5,2448,1,2,0,0,3
5,2466,1,2,0,2,3
5,2513,1,2,0,0,3
5,2531,1,2,0,0,3
5,2575,1,2,0,1,3
5,2613,1,2,0,0,3
5,2624,1,2,0,0,3
5,2652,1,2,0,0,3
5,2678,1,2,0,1,3
5,2689,1,2,0,0,3
5,2690,1,2,1,0,3
5,2718,1,2,0,0,3
5,2721,1,2,0,0,3
5,2745,1,2,0,0,3
5,2793,1,2,0,0,3
5,2830,1,2,1,0,3
5,2837,1,2,0,0,3
5,2843,1,2,0,0,3
5,2872,1,2,1,0,3
5,2873,1,2,0,0,3
5,2875,1,2,1,0,3
5,2877,1,2,1,0,3
5,2901,1,2,0,2,3
5,2909,1,2,0,1,3
5,2925,1,2,0,0,3
5,2939,1,2,1,0,3
5,2949,1,2,0,0,3
5,2991,1,2,0,0,3
5,3025,1,2,1,0,3
5,3033,1,2,0,0,3
5,3037,1,2,0,2,3
5,3049,1,2,0,0,3
5,3060,1,2,0,1,3
5,3075,1,2,0,2,3
5,3089,1,2,0,2,3
5,3110,1,2,0,1,3
5,3210,1,2,0,2,3
5,3213,1,2,1,0,3
5,3216,1,2,0,0,3
5,3237,1,2,0,0,3
5,3330,1,2,0,0,3
5,3332,1,2,0,2,3
5,3348,1,2,0,0,3
5,3358,1,2,0,1,3
5,3422,1,2,0,0,3
5,3441,1,2,0,1,3
5,3457,1,2,1,0,3
5,3480,1,2,1,0,3
5,3513,1,2,1,0,3
5,3570,1,2,0,1,3
5,3588,1,2,0,0,3
5,3615,1,2,0,0,3
5,3668,1,2,0,0,3
5,3690,1,2,0,1,3
5,3705,1,2,0,0,3
5,3711,1,2,0,0,3
5,3720,1,2,0,0,3
5,3760,1,2,0,2,3
5,3799,1,2,1,0,3
5,3820,1,2,1,0,3
5,3824,1,2,0,0,3
5,3834,1,2,0,0,3
5,3855,1,2,0,0,3
5,3880,1,2,0,0,3
5,3889,1,2,0,1,3
5,3896,1,2,0,2,3
5,3898,1,2,0,0,3
5,3909,1,2,0,0,3
5,3945,1,2,0,0,3
5,3984,1,2,0,0,3
5,3993,1,2,1,0,3
5,4029,1,2,0,0,3
5,4035,1,2,1,0,3
5,4039,1,2,0,0,3
5,4067,1,2,0,0,3
5,4076,1,2,0,0,3
5,4101,1,2,1,0,3
5,4113,1,2,0,0,3
5,4114,1,2,0,1,3
5,4117,1,2,0,0,3
5,4125,1,2,0,0,3
5,4138,1,2,0,0,3
5,4156,1,2,1,0,3
5,4184,1,2,0,0,3
5,4191,1,2,0,2,3
5,4238,1,2,0,2,3
5,4243,1,2,0,0,3
5,4253,1,2,0,0,3
5,4274,1,2,0,0,3
5,4305,1,2,0,0,3
5,4307,1,2,0,0,3
5,4311,1,2,0,0,3
5,4326,1,2,0,2,3
5,4334,1,2,1,0,3
5,4352,1,2,0,1,3
5,4375,1,2,0,0,3
5,4379,1,2,1,0,3
5,4383,1,2,0,0,3
5,4394,1,2,1,0,3
5,4398,1,2,0,0,3
5,4399,1,2,0,2,3
5,4404,1,2,0,0,3
5,4437,1,2,0,0,3
5,4457,1,2,0,2,3
5,4477,1,2,0,2,3
5,4509,1,2,0,0,3
5,4510,1,2,0,2,3
5,4572,1,2,0,0,3
5,4623,1,2,0,0,3
5,4693,1,2,0,2,3
5,4708,1,2,0,0,3
5,4740,1,2,0,1,3
5,4767,1,2,0,0,3
5,4800,1,2,1,0,3
5,4810,1,2,1,0,3
5,4866,1,2,0,2,3
5,4913,1,2,0,0,3
5,4914,1,2,1,0,3
5,4965,1,2,0,0,3
5,4978,1,2,0,0,3
5,48,1,1,0,0,4
5,81,1,1,0,1,4
5,85,1,1,1,0,4
5,121,1,1,0,0,4
5,135,1,1,0,0,4
5,161,1,1,0,0,4
5,180,1,1,0,0,4
5,182,1,1,0,1,4
5,194,1,1,0,1,4
5,227,1,1,0,0,4
5,233,1,1,0,1,4
5,235,1,1,0,0,4
5,244,1,1,0,0,4
5,268,1,1,0,0,4
5,284,1,1,0,0,4
5,312,1,1,0,0,4
5,317,1,1,1,0,4
5,332,1,1,0,0,4
5,352,1,1,1,0,4
5,354,1,1,0,0,4
5,364,1,1,0,1,4
5,378,1,1,0,1,4
5,425,1,1,1,0,4
5,480,1,1,0,0,4
5,481,1,1,0,1,4
5,491,1,1,1,0,4
5,535,1,1,0,0,4
5,563,1,1,0,0,4
5,565,1,1,0,0,4
5,582,1,1,0,1,4
5,650,1,1,0,0,4
5,657,1,1,1,0,4
5,661,1,1,1,0,4
5,739,1,1,1,0,4
5,750,1,1,0,0,4
5,778,1,1,0,1,4
5,794,1,1,0,0,4
5,798,1,1,0,1,4
5,810,1,1,0,1,4
5,840,1,1,0,0,4
5,854,1,1,0,0,4
5,909,1,1,0,0,4
5,958,1,1,0,0,4
5,980,1,1,0,0,4
5,1001,1,1,0,1,4
5,1039,1,1,1,0,4
5,1057,1,1,0,1,4
5,1065,1,1,0,0,4
5,1089,1,1,0,1,4
5,1113,1,1,1,0,4
5,1116,1,1,1,0,4
5,1137,1,1,1,0,4
5,1149,1,1,0,0,4
5,1164,1,1,0,1,4
5,1187,1,1,0,0,4
5,1202,1,1,0,0,4
5,1212,1,1,0,0,4
5,1244,1,1,0,1,4
5,1262,1,1,0,1,4
5,1274,1,1,0,0,4
5,1292,1,1,0,0,4
5,1299,1,1,0,0,4
5,1463,1,1,0,0,4
5,1476,1,1,0,0,4
5,1478,1,1,0,0,4
5,1479,1,1,0,1,4
5,1488,1,1,1,0,4
5,1511,1,1,0,0,4
5,1530,1,1,0,0,4
5,1558,1,1,0,0,4
5,1560,1,1,0,1,4
5,1571,1,1,0,0,4
5,1593,1,1,0,0,4
5,1600,1,1,1,0,4
5,1614,1,1,0,0,4
5,1628,1,1,0,1,4
5,1655,1,1,0,0,4
5,1703,1,1,1,0,4
5,1709,1,1,0,1,4
5,1737,1,1,0,0,4
5,1755,1,1,0,1,4
5,1761,1,1,1,0,4
5,1798,1,1,0,1,4
5,1801,1,1,1,0,4
5,1854,1,1,0,0,4
5,1859,1,1,0,0,4
5,1947,1,1,0,0,4
5,1985,1,1,1,0,4
5,1999,1,1,0,0,4
5,2004,1,1,0,0,4
5,2006,1,1,0,1,4
5,2042,1,1,0,1,4
5,2063,1,1,0,1,4
5,2111,1,1,0,0,4
5,2148,1,1,0,1,4
5,2205,1,1,1,0,4
5,2257,1,1,1,0,4
5,2304,1,1,0,0,4
5,2316,1,1,0,0,4
5,2346,1,1,0,0,4
5,2350,1,1,0,0,4
5,2356,1,1,0,0,4
5,2358,1,1,0,0,4
5,2359,1,1,1,0,4
5,2373,1,1,0,0,4
5,2416,1,1,0,0,4
5,2473,1,1,0,1,4
5,2474,1,1,0,0,4
5,2487,1,1,0,1,4
5,2514,1,1,0,0,4
5,2524,1,1,1,0,4
5,2554,1,1,0,0,4
5,2556,1,1,0,0,4
5,2558,1,1,0,0,4
5,2580,1,1,0,1,4
5,2585,1,1,0,1,4
5,2592,1,1,0,0,4
5,2596,1,1,0,1,4
5,2608,1,1,0,1,4
5,2617,1,1,1,0,4
5,2645,1,1,0,0,4
5,2664,1,1,0,0,4
5,2667,1,1,0,1,4
5,2719,1,1,0,1,4
5,2734,1,1,0,0,4
5,2736,1,1,1,0,4
5,2753,1,1,0,1,4
5,2761,1,1,1,0,4
5,2776,1,1,0,1,4
5,2784,1,1,1,0,4
5,2790,1,1,1,0,4
5,2792,1,1,1,0,4
5,2810,1,1,1,0,4
5,2822,1,1,1,0,4
5,2856,1,1,0,0,4
5,2893,1,1,0,0,4
5,2906,1,1,0,0,4
5,2926,1,1,0,0,4
5,2936,1,1,0,0,4
5,2962,1,1,0,0,4
5,2974,1,1,1,0,4
5,3002,1,1,0,1,4
5,3014,1,1,0,1,4
5,3032,1,1,0,0,4
5,3047,1,1,0,1,4
5,3061,1,1,0,0,4
5,3065,1,1,1,0,4
5,3083,1,1,0,0,4
5,3098,1,1,0,1,4
5,3120,1,1,0,0,4
5,3122,1,1,0,0,4
5,3125,1,1,0,0,4
5,3182,1,1,0,0,4
5,3187,1,1,0,1,4
5,3188,1,1,0,0,4
5,3222,1,1,0,0,4
5,3223,1,1,0,0,4
5,3224,1,1,0,1,4
5,3250,1,1,1,0,4
5,3274,1,1,0,0,4
5,3302,1,1,0,0,4
5,3314,1,1,1,0,4
5,3334,1,1,0,0,4
5,3335,1,1,0,1,4
5,3344,1,1,1,0,4
5,3378,1,1,0,0,4
5,3391,1,1,1,0,4
5,3427,1,1,0,0,4
5,3429,1,1,0,1,4
5,3474,1,1,1,0,4
5,3500,1,1,1,0,4
5,3511,1,1,0,1,4
5,3517,1,1,0,0,4
5,3538,1,1,1,0,4
5,3542,1,1,1,0,4
5,3544,1,1,1,0,4
5,3550,1,1,0,0,4
5,3553,1,1,0,0,4
5,3568,1,1,0,1,4
5,3582,1,1,0,1,4
5,3584,1,1,0,0,4
5,3614,1,1,0,0,4
5,3622,1,1,0,0,4
5,3630,1,1,0,0,4
5,3643,1,1,1,0,4
5,3680,1,1,0,0,4
5,3684,1,1,1,0,4
5,3699,1,1,0,0,4
5,3718,1,1,1,0,4
5,3722,1,1,0,0,4
5,3757,1,1,0,0,4
5,3773,1,1,1,0,4
5,3781,1,1,0,0,4
5,3787,1,1,0,0,4
5,3808,1,1,0,1,4
5,3827,1,1,0,1,4
5,3832,1,1,0,0,4
5,3843,1,1,0,0,4
5,3847,1,1,1,0,4
5,3860,1,1,1,0,4
5,3893,1,1,0,0,4
5,3894,1,1,1,0,4
5,3899,1,1,0,0,4
5,3962,1,1,0,0,4
5,3994,1,1,0,1,4
5,4000,1,1,0,1,4
5,4005,1,1,0,0,4
5,4021,1,1,0,0,4
5,4042,1,1,0,0,4
5,4045,1,1,0,1,4
5,4088,1,1,0,0,4
5,4103,1,1,1,0,4
5,4132,1,1,1,0,4
5,4150,1,1,0,0,4
5,4163,1,1,0,0,4
5,4174,1,1,0,0,4
5,4186,1,1,0,1,4
5,4197,1,1,0,0,4
5,4201,1,1,0,1,4
5,4202,1,1,1,0,4
5,4212,1,1,0,1,4
5,4231,1,1,0,0,4
5,4241,1,1,0,0,4
5,4284,1,1,1,0,4
5,4309,1,1,0,0,4
5,4349,1,1,0,0,4
5,4355,1,1,0,1,4
5,4380,1,1,0,1,4
5,4385,1,1,0,0,4
5,4395,1,1,0,1,4
5,4407,1,1,1,0,4
5,4419,1,1,0,1,4
5,4420,1,1,0,0,4
5,4429,1,1,0,0,4
5,4446,1,1,0,0,4
5,4503,1,1,0,1,4
5,4514,1,1,0,1,4
5,4529,1,1,0,1,4
5,4535,1,1,0,0,4
5,4549,1,1,1,0,4
5,4553,1,1,0,1,4
5,4567,1,1,0,0,4
5,4576,1,1,1,0,4
5,4578,1,1,0,0,4
5,4618,1,1,0,0,4
5,4642,1,1,0,0,4
5,4647,1,1,1,0,4
5,4666,1,1,1,0,4
5,4714,1,1,1,0,4
5,4744,1,1,0,0,4
5,4769,1,1,1,0,4
5,4770,1,1,0,0,4
5,4805,1,1,0,0,4
5,4835,1,1,0,1,4
5,4851,1,1,1,0,4
5,4875,1,1,1,0,4
5,4878,1,1,0,1,4
5,4884,1,1,0,0,4
5,4887,1,1,0,0,4
5,4926,1,1,0,0,4
5,4958,1,1,0,1,4
5,4959,1,1,0,0,4
5,4966,1,1,1,0,4
5,4968,1,1,0,0,4
5,4972,1,1,0,0,4
5,4976,1,1,0,0,4
5,4983,1,1,1,0,4
5,4985,1,1,0,1,4
5,4993,1,1,1,0,4
5,4997,1,1,0,0,4
5,14,1,1,0,0,5
5,23,1,1,1,0,5
5,82,1,1,1,0,5
5,111,1,1,1,0,5
5,136,1,1,0,0,5
5,137,1,1,0,0,5
5,164,1,1,1,0,5
5,167,1,1,0,0,5
5,177,1,1,1,0,5
5,185,1,1,0,1,5
5,190,1,1,0,1,5
5,204,1,1,0,1,5
5,205,1,1,0,0,5
5,211,1,1,0,0,5
5,221,1,1,0,0,5
5,274,1,1,1,0,5
5,275,1,1,1,0,5
5,278,1,1,0,0,5
5,281,1,1,1,0,5
5,330,1,1,0,0,5
5,346,1,1,1,0,5
5,359,1,1,0,0,5
5,362,1,1,1,0,5
5,367,1,1,0,0,5
5,371,1,1,0,1,5
5,384,1,1,0,0,5
5,394,1,1,0,0,5
5,415,1,1,1,0,5
5,420,1,1,1,0,5
5,422,1,1,0,0,5
5,436,1,1,0,1,5
5,445,1,1,0,0,5
5,448,1,1,1,0,5
5,466,1,1,0,1,5
5,469,1,1,0,0,5
5,479,1,1,0,0,5
5,488,1,1,0,0,5
5,496,1,1,1,0,5
5,512,1,1,0,0,5
5,517,1,1,1,0,5
5,526,1,1,0,0,5
5,547,1,1,0,0,5
5,617,1,1,0,0,5
5,618,1,1,0,1,5
5,638,1,1,1,0,5
5,644,1,1,0,1,5
5,646,1,1,0,0,5
5,680,1,1,0,1,5
5,685,1,1,1,0,5
5,698,1,1,1,0,5
5,700,1,1,1,0,5
5,715,1,1,0,0,5
5,736,1,1,0,1,5
5,751,1,1,1,0,5
5,792,1,1,0,0,5
5,799,1,1,0,0,5
5,803,1,1,1,0,5
5,819,1,1,1,0,5
5,823,1,1,1,0,5
5,866,1,1,1,0,5
5,875,1,1,0,0,5
5,884,1,1,0,0,5
5,889,1,1,0,0,5
5,895,1,1,0,0,5
5,911,1,1,1,0,5
5,913,1,1,0,0,5
5,915,1,1,0,1,5
5,940,1,1,0,0,5
5,947,1,1,0,0,5
5,953,1,1,0,1,5
5,956,1,1,0,0,5
5,961,1,1,1,0,5
5,995,1,1,0,1,5
5,996,1,1,0,0,5
5,999,1,1,0,1,5
5,1002,1,1,0,1,5
5,1005,1,1,1,0,5
5,1010,1,1,0,1,5
5,1016,1,1,0,0,5
5,1019,1,1,0,1,5
5,1028,1,1,0,0,5
5,1040,1,1,0,0,5
5,1060,1,1,0,1,5
5,1083,1,1,0,0,5
5,1086,1,1,1,0,5
5,1129,1,1,0,0,5
5,1162,1,1,1,0,5
5,1171,1,1,0,0,5
5,1205,1,1,1,0,5
5,1225,1,1,0,0,5
5,1294,1,1,0,0,5
5,1344,1,1,0,0,5
5,1352,1,1,0,0,5
5,1440,1,1,0,0,5
5,1491,1,1,0,0,5
5,1495,1,1,1,0,5
5,1542,1,1,0,0,5
5,1550,1,1,0,0,5
5,1568,1,1,0,1,5
5,1578,1,1,1,0,5
5,1586,1,1,1,0,5
5,1589,1,1,0,1,5
5,1591,1,1,0,1,5
5,1596,1,1,0,0,5
5,1615,1,1,0,0,5
5,1617,1,1,0,0,5
5,1634,1,1,0,0,5
5,1635,1,1,0,1,5
5,1650,1,1,1,0,5
5,1658,1,1,0,0,5
5,1667,1,1,0,1,5
5,1670,1,1,0,1,5
5,1742,1,1,0,1,5
5,1744,1,1,0,0,5
5,1765,1,1,1,0,5
5,1770,1,1,0,0,5
5,1785,1,1,0,0,5
5,1788,1,1,0,0,5
5,1814,1,1,0,1,5
5,1820,1,1,0,0,5
5,1822,1,1,0,1,5
5,1857,1,1,0,1,5
5,1864,1,1,0,0,5
5,1905,1,1,0,0,5
5,1936,1,1,0,1,5
5,1939,1,1,0,1,5
5,1943,1,1,0,1,5
5,1953,1,1,0,0,5
5,1956,1,1,0,0,5
5,1963,1,1,0,0,5
5,1984,1,1,0,0,5
5,1988,1,1,1,0,5
5,2002,1,1,0,1,5
5,2005,1,1,0,0,5
5,2014,1,1,0,1,5
5,2027,1,1,1,0,5
5,2033,1,1,1,0,5
5,2073,1,1,0,0,5
5,2091,1,1,1,0,5
5,2094,1,1,0,0,5
5,2095,1,1,0,0,5
5,2100,1,1,0,1,5
5,2103,1,1,1,0,5
5,2122,1,1,0,0,5
5,2130,1,1,0,0,5
5,2143,1,1,0,0,5
5,2144,1,1,0,1,5
5,2147,1,1,0,0,5
5,2171,1,1,1,0,5
5,2176,1,1,0,1,5
5,2190,1,1,1,0,5
5,2198,1,1,0,1,5
5,2211,1,1,0,1,5
5,2215,1,1,0,0,5
5,2217,1,1,0,0,5
5,2235,1,1,0,1,5
5,2283,1,1,1,0,5
5,2294,1,1,0,1,5
5,2298,1,1,0,0,5
5,2299,1,1,0,0,5
5,2321,1,1,0,1,5
5,2332,1,1,0,0,5
5,2345,1,1,0,1,5
5,2376,1,1,0,1,5
5,2391,1,1,0,0,5
5,2395,1,1,1,0,5
5,2402,1,1,1,0,5
5,2405,1,1,1,0,5
5,2436,1,1,0,0,5
5,2469,1,1,0,0,5
5,2488,1,1,1,0,5
5,2503,1,1,0,0,5
5,2509,1,1,0,0,5
5,2515,1,1,0,0,5
5,2548,1,1,0,0,5
5,2658,1,1,1,0,5
5,2677,1,1,0,0,5
5,2701,1,1,0,0,5
5,2712,1,1,0,0,5
5,2749,1,1,0,1,5
5,2805,1,1,0,0,5
5,2813,1,1,0,0,5
5,2820,1,1,0,0,5
5,2825,1,1,0,0,5
5,2829,1,1,1,0,5
5,2832,1,1,0,1,5
5,2844,1,1,0,0,5
5,2846,1,1,0,1,5
5,2883,1,1,0,0,5
5,2896,1,1,0,0,5
5,2897,1,1,0,0,5
5,2915,1,1,0,0,5
5,2938,1,1,0,0,5
5,2940,1,1,0,0,5
5,2958,1,1,0,0,5
5,2996,1,1,0,1,5
5,3000,1,1,0,0,5
5,3017,1,1,0,0,5
5,3022,1,1,0,0,5
5,3023,1,1,0,1,5
5,3068,1,1,0,1,5
5,3129,1,1,0,1,5
5,3141,1,1,0,0,5
5,3145,1,1,0,0,5
5,3154,1,1,0,0,5
5,3176,1,1,1,0,5
5,3181,1,1,0,0,5
5,3190,1,1,0,0,5
5,3194,1,1,0,1,5
5,3221,1,1,0,0,5
5,3225,1,1,0,0,5
5,3235,1,1,0,1,5
5,3241,1,1,0,1,5
5,3298,1,1,0,0,5
5,3316,1,1,0,0,5
5,3350,1,1,0,1,5
5,3367,1,1,0,1,5
5,3397,1,1,0,0,5
5,3399,1,1,0,0,5
5,3407,1,1,0,0,5
5,3434,1,1,0,0,5
5,3439,1,1,1,0,5
5,3445,1,1,0,0,5
5,3471,1,1,1,0,5
5,3478,1,1,0,1,5
5,3485,1,1,0,1,5
5,3529,1,1,1,0,5
5,3530,1,1,0,0,5
5,3606,1,1,0,1,5
5,3639,1,1,0,0,5
5,3655,1,1,0,0,5
5,3698,1,1,0,1,5
5,3702,1,1,0,0,5
5,3706,1,1,0,0,5
5,3727,1,1,0,0,5
5,3782,1,1,0,0,5
5,3801,1,1,0,0,5
5,3814,1,1,1,0,5
5,3837,1,1,0,0,5
5,3842,1,1,0,1,5
5,3897,1,1,1,0,5
5,3918,1,1,0,0,5
5,3922,1,1,1,0,5
5,3941,1,1,0,0,5
5,3948,1,1,1,0,5
5,3950,1,1,1,0,5
5,3970,1,1,1,0,5
5,3977,1,1,1,0,5
5,4006,1,1,0,0,5
5,4025,1,1,0,0,5
5,4033,1,1,1,0,5
5,4034,1,1,0,0,5
5,4043,1,1,0,0,5
5,4048,1,1,0,1,5
5,4051,1,1,0,1,5
5,4058,1,1,0,0,5
5,4062,1,1,0,0,5
5,4070,1,1,1,0,5
5,4075,1,1,0,1,5
5,4098,1,1,0,0,5
5,4134,1,1,1,0,5
5,4152,1,1,0,0,5
5,4159,1,1,0,1,5
5,4162,1,1,0,0,5
5,4167,1,1,0,0,5
5,4223,1,1,0,1,5
5,4240,1,1,0,0,5
5,4271,1,1,0,0,5
5,4314,1,1,0,0,5
5,4318,1,1,0,0,5
5,4319,1,1,0,0,5
5,4325,1,1,0,0,5
5,4328,1,1,1,0,5
5,4361,1,1,1,0,5
5,4365,1,1,0,1,5
5,4390,1,1,1,0,5
5,4405,1,1,0,0,5
5,4413,1,1,0,0,5
5,4430,1,1,0,0,5
5,4431,1,1,0,0,5
5,4432,1,1,0,0,5
5,4442,1,1,1,0,5
5,4445,1,1,0,1,5
5,4450,1,1,1,0,5
5,4459,1,1,0,1,5
5,4469,1,1,0,0,5
5,4473,1,1,0,0,5
5,4515,1,1,0,1,5
5,4550,1,1,0,1,5
5,4565,1,1,0,0,5
5,4569,1,1,1,0,5
5,4597,1,1,0,0,5
5,4612,1,1,0,0,5
5,4614,1,1,1,0,5
5,4615,1,1,0,0,5
5,4628,1,1,1,0,5
5,4641,1,1,1,0,5
5,4644,1,1,0,0,5
5,4677,1,1,0,0,5
5,4684,1,1,0,1,5
5,4705,1,1,0,1,5
5,4733,1,1,0,0,5
5,4777,1,1,0,0,5
5,4783,1,1,1,0,5
5,4789,1,1,0,0,5
5,4803,1,1,1,0,5
5,4806,1,1,0,1,5
5,4816,1,1,0,0,5
5,4828,1,1,0,1,5
5,4836,1,1,0,0,5
5,4859,1,1,1,0,5
5,4881,1,1,0,0,5
5,4905,1,1,0,0,5
5,4942,1,1,1,0,5
5,4971,1,1,0,1,5
5,32,1,1,0,0,6
5,54,1,1,0,1,6
5,84,1,1,0,0,6
5,100,1,1,0,1,6
5,138,1,1,0,0,6
5,146,1,1,0,0,6
5,163,1,1,0,1,6
5,172,1,1,0,0,6
5,243,1,1,0,0,6
5,246,1,1,0,0,6
5,262,1,1,0,0,6
5,269,1,1,1,0,6
5,283,1,1,0,0,6
5,287,1,1,0,0,6
5,294,1,1,0,0,6
5,318,1,1,0,1,6
5,349,1,1,0,0,6
5,369,1,1,0,1,6
5,401,1,1,0,1,6
5,439,1,1,0,1,6
5,453,1,1,0,0,6
5,465,1,1,0,0,6
5,470,1,1,0,0,6
5,475,1,1,0,0,6
5,536,1,1,0,1,6
5,552,1,1,1,0,6
5,575,1,1,0,0,6
5,647,1,1,0,0,6
5,720,1,1,1,0,6
5,737,1,1,1,0,6
5,762,1,1,1,0,6
5,767,1,1,0,0,6
5,783,1,1,0,1,6
5,790,1,1,1,0,6
5,796,1,1,1,0,6
5,806,1,1,0,1,6
5,816,1,1,0,0,6
5,838,1,1,1,0,6
5,848,1,1,0,0,6
5,850,1,1,0,0,6
5,857,1,1,1,0,6
5,862,1,1,0,0,6
5,865,1,1,0,0,6
5,879,1,1,0,0,6
5,894,1,1,1,0,6
5,928,1,1,1,0,6
5,954,1,1,0,0,6
5,984,1,1,0,0,6
5,991,1,1,0,1,6
5,993,1,1,1,0,6
5,1035,1,1,0,0,6
5,1038,1,1,0,0,6
5,1046,1,1,1,0,6
5,1058,1,1,0,0,6
5,1059,1,1,0,0,6
5,1063,1,1,0,1,6
5,1064,1,1,0,1,6
5,1078,1,1,0,0,6
5,1094,1,1,0,0,6
5,1095,1,1,0,0,6
5,1102,1,1,0,1,6
5,1175,1,1,0,0,6
5,1183,1,1,0,0,6
5,1204,1,1,0,0,6
5,1213,1,1,0,1,6
5,1220,1,1,0,0,6
5,1234,1,1,1,0,6
5,1239,1,1,1,0,6
5,1256,1,1,0,0,6
5,1260,1,1,1,0,6
5,1271,1,1,1,0,6
5,1312,1,1,1,0,6
5,1315,1,1,0,1,6
5,1325,1,1,1,0,6
5,1332,1,1,0,0,6
5,1368,1,1,0,0,6
5,1374,1,1,0,0,6
5,1376,1,1,0,0,6
5,1400,1,1,0,1,6
5,1408,1,1,1,0,6
5,1413,1,1,1,0,6
5,1442,1,1,0,0,6
5,1454,1,1,0,1,6
5,1503,1,1,0,1,6
5,1524,1,1,0,1,6
5,1547,1,1,0,0,6
5,1559,1,1,0,0,6
5,1570,1,1,0,1,6
5,1626,1,1,1,0,6
5,1633,1,1,0,0,6
5,1637,1,1,0,0,6
5,1665,1,1,0,1,6
5,1671,1,1,0,0,6
5,1679,1,1,0,1,6
5,1694,1,1,0,0,6
5,1721,1,1,0,0,6
5,1725,1,1,1,0,6
5,1733,1,1,0,0,6
5,1736,1,1,0,1,6
5,1748,1,1,1,0,6
5,1763,1,1,0,0,6
5,1771,1,1,0,0,6
5,1791,1,1,0,0,6
5,1819,1,1,1,0,6
5,1866,1,1,0,1,6
5,1881,1,1,0,0,6
5,1895,1,1,0,1,6
5,1919,1,1,0,1,6
5,1934,1,1,0,1,6
5,1960,1,1,0,0,6
5,2021,1,1,0,0,6
5,2048,1,1,0,1,6
5,2062,1,1,0,0,6
5,2097,1,1,0,1,6
5,2158,1,1,1,0,6
5,2178,1,1,0,1,6
5,2191,1,1,1,0,6
5,2193,1,1,1,0,6
5,2223,1,1,1,0,6
5,2229,1,1,0,1,6
5,2243,1,1,0,0,6
5,2247,1,1,0,1,6
5,2267,1,1,0,0,6
5,2268,1,1,0,0,6
5,2270,1,1,0,0,6
5,2274,1,1,0,1,6
5,2288,1,1,0,0,6
5,2290,1,1,0,1,6
5,2312,1,1,0,0,6
5,2410,1,1,1,0,6
5,2432,1,1,0,0,6
5,2435,1,1,1,0,6
5,2451,1,1,0,0,6
5,2459,1,1,0,0,6
5,2510,1,1,0,0,6
5,2521,1,1,0,0,6
5,2529,1,1,1,0,6
5,2534,1,1,0,0,6
5,2540,1,1,0,0,6
5,2569,1,1,1,0,6
5,2582,1,1,0,0,6
5,2587,1,1,1,0,6
5,2594,1,1,1,0,6
5,2640,1,1,0,1,6
5,2653,1,1,0,0,6
5,2660,1,1,0,0,6
5,2663,1,1,1,0,6
5,2668,1,1,1,0,6
5,2669,1,1,0,0,6
5,2670,1,1,1,0,6
5,2673,1,1,0,1,6
5,2686,1,1,1,0,6
5,2700,1,1,0,0,6
5,2704,1,1,1,0,6
5,2723,1,1,0,0,6
5,2758,1,1,0,0,6
5,2770,1,1,0,0,6
5,2821,1,1,0,0,6
5,2834,1,1,0,0,6
5,2858,1,1,0,0,6
5,2869,1,1,0,0,6
5,2879,1,1,0,0,6
5,2890,1,1,0,0,6
5,2899,1,1,0,0,6
5,2910,1,1,0,1,6
5,2956,1,1,0,0,6
5,2964,1,1,1,0,6
5,2977,1,1,0,1,6
5,2982,1,1,1,0,6
5,3008,1,1,1,0,6
5,3070,1,1,1,0,6
5,3073,1,1,0,0,6
5,3091,1,1,1,0,6
5,3096,1,1,1,0,6
5,3106,1,1,0,0,6
5,3127,1,1,0,1,6
5,3131,1,1,0,1,6
5,3136,1,1,0,1,6
5,3158,1,1,1,0,6
5,3173,1,1,0,0,6
5,3177,1,1,0,0,6
5,3178,1,1,0,1,6
5,3179,1,1,0,1,6
5,3199,1,1,0,0,6
5,3247,1,1,0,0,6
5,3253,1,1,0,0,6
5,3280,1,1,0,0,6
5,3299,1,1,1,0,6
5,3307,1,1,0,1,6
5,3309,1,1,0,0,6
5,3317,1,1,0,1,6
5,3321,1,1,1,0,6
5,3325,1,1,0,0,6
5,3340,1,1,0,1,6
5,3411,1,1,0,0,6
5,3412,1,1,0,0,6
5,3417,1,1,1,0,6
5,3431,1,1,0,1,6
5,3449,1,1,0,0,6
5,3450,1,1,0,0,6
5,3455,1,1,0,0,6
5,3456,1,1,0,0,6
5,3466,1,1,0,1,6
5,3481,1,1,0,1,6
5,3491,1,1,0,0,6
5,3503,1,1,0,0,6
5,3505,1,1,0,1,6
5,3532,1,1,1,0,6
5,3541,1,1,1,0,6
5,3558,1,1,0,0,6
5,3567,1,1,0,1,6
5,3578,1,1,0,0,6
5,3638,1,1,0,0,6
5,3646,1,1,0,1,6
5,3648,1,1,0,0,6
5,3652,1,1,0,1,6
5,3674,1,1,0,0,6
5,3677,1,1,0,1,6
5,3716,1,1,0,1,6
5,3717,1,1,0,0,6
5,3737,1,1,0,1,6
5,3745,1,1,0,0,6
5,3750,1,1,0,1,6
5,3753,1,1,1,0,6
5,3758,1,1,0,0,6
5,3790,1,1,0,1,6
5,3791,1,1,1,0,6
5,3803,1,1,0,0,6
5,3810,1,1,1,0,6
5,3822,1,1,0,1,6
5,3863,1,1,0,1,6
5,3872,1,1,0,0,6
5,3884,1,1,0,0,6
5,3903,1,1,0,0,6
5,3926,1,1,0,1,6
5,3931,1,1,0,0,6
5,3935,1,1,0,1,6
5,3952,1,1,0,0,6
5,3955,1,1,1,0,6
5,3957,1,1,0,1,6
5,3958,1,1,0,0,6
5,3959,1,1,0,1,6
5,3961,1,1,0,1,6
5,3974,1,1,1,0,6
5,3975,1,1,0,0,6
5,3980,1,1,0,0,6
5,4002,1,1,1,0,6
5,4018,1,1,0,0,6
5,4044,1,1,1,0,6
5,4054,1,1,0,0,6
5,4061,1,1,1,0,6
5,4106,1,1,0,1,6
5,4143,1,1,0,0,6
5,4149,1,1,1,0,6
5,4153,1,1,0,0,6
5,4171,1,1,1,0,6
5,4189,1,1,0,1,6
5,4193,1,1,1,0,6
5,4218,1,1,1,0,6
5,4221,1,1,0,0,6
5,4226,1,1,0,0,6
5,4230,1,1,1,0,6
5,4257,1,1,1,0,6
5,4272,1,1,1,0,6
5,4279,1,1,0,0,6
5,4287,1,1,0,1,6
5,4401,1,1,0,1,6
5,4458,1,1,0,1,6
5,4474,1,1,1,0,6
5,4485,1,1,0,0,6
5,4492,1,1,1,0,6
5,4494,1,1,0,0,6
5,4537,1,1,0,0,6
5,4552,1,1,1,0,6
5,4561,1,1,1,0,6
5,4563,1,1,0,0,6
5,4584,1,1,1,0,6
5,4585,1,1,1,0,6
5,4643,1,1,1,0,6
5,4701,1,1,0,0,6
5,4716,1,1,0,1,6
5,4723,1,1,1,0,6
5,4727,1,1,0,0,6
5,4735,1,1,0,0,6
5,4739,1,1,0,0,6
5,4768,1,1,1,0,6
5,4797,1,1,0,0,6
5,4818,1,1,1,0,6
5,4833,1,1,0,0,6
5,4847,1,1,1,0,6
5,4862,1,1,1,0,6
5,4876,1,1,1,0,6
5,4883,1,1,0,0,6
5,4886,1,1,1,0,6
5,4907,1,1,0,0,6
5,4917,1,1,0,0,6
5,4970,1,1,0,0,6
5,4986,1,1,1,0,6
5,4998,1,1,1,0,6
5,7,2,0,0,0,7
5,35,2,0,2,0,7
5,41,2,0,0,0,7
5,62,2,0,2,0,7
5,65,2,0,2,0,7
5,69,2,0,1,0,7
5,97,2,0,0,0,7
5,101,2,0,0,0,7
5,110,2,0,2,0,7
5,113,2,0,0,0,7
5,115,2,0,0,0,7
5,128,2,0,0,0,7
5,134,2,0,0,0,7
5,169,2,0,0,0,7
5,171,2,0,0,0,7
5,176,2,0,2,0,7
5,198,2,0,1,0,7
5,207,2,0,0,0,7
5,226,2,0,0,0,7
5,228,2,0,1,0,7
5,232,2,0,0,0,7
5,251,2,0,2,0,7
5,267,2,0,0,0,7
5,271,2,0,2,0,7
5,315,2,0,0,0,7
5,321,2,0,0,0,7
5,358,2,0,0,0,7
5,393,2,0,0,0,7
5,419,2,0,1,0,7
5,423,2,0,2,0,7
5,441,2,0,1,0,7
5,473,2,0,0,0,7
5,487,2,0,0,0,7
5,504,2,0,1,0,7
5,525,2,0,2,0,7
5,570,2,0,0,0,7
5,587,2,0,2,0,7
5,588,2,0,1,0,7
5,598,2,0,0,0,7
5,607,2,0,1,0,7
5,613,2,0,0,0,7
5,630,2,0,2,0,7
5,669,2,0,0,0,7
5,675,2,0,2,0,7
5,676,2,0,2,0,7
5,721,2,0,0,0,7
5,730,2,0,0,0,7
5,763,2,0,2,0,7
5,769,2,0,1,0,7
5,782,2,0,0,0,7
5,804,2,0,0,0,7
5,807,2,0,0,0,7
5,844,2,0,0,0,7
5,847,2,0,0,0,7
5,877,2,0,0,0,7
5,882,2,0,1,0,7
5,899,2,0,0,0,7
5,901,2,0,0,0,7
5,903,2,0,0,0,7
5,906,2,0,2,0,7
5,917,2,0,0,0,7
5,918,2,0,0,0,7
5,919,2,0,2,0,7
5,973,2,0,0,0,7
5,1055,2,0,0,0,7
5,1084,2,0,0,0,7
5,1085,2,0,2,0,7
5,1097,2,0,2,0,7
5,1105,2,0,0,0,7
5,1112,2,0,0,0,7
5,1125,2,0,2,0,7
5,1173,2,0,0,0,7
5,1231,2,0,0,0,7
5,1258,2,0,0,0,7
5,1293,2,0,2,0,7
5,1314,2,0,0,0,7
5,1331,2,0,0,0,7
5,1358,2,0,0,0,7
5,1370,2,0,2,0,7
5,1381,2,0,0,0,7
5,1390,2,0,2,0,7
5,1397,2,0,2,0,7
5,1422,2,0,0,0,7
5,1424,2,0,0,0,7
5,1465,2,0,0,0,7
5,1466,2,0,2,0,7
5,1470,2,0,1,0,7
5,1489,2,0,2,0,7
5,1492,2,0,0,0,7
5,1505,2,0,2,0,7
5,1514,2,0,1,0,7
5,1544,2,0,2,0,7
5,1576,2,0,0,0,7
5,1579,2,0,0,0,7
5,1590,2,0,0,0,7
5,1630,2,0,0,0,7
5,1638,2,0,0,0,7
5,1663,2,0,0,0,7
5,1673,2,0,0,0,7
5,1700,2,0,0,0,7
5,1711,2,0,1,0,7
5,1723,2,0,0,0,7
5,1743,2,0,0,0,7
5,1758,2,0,0,0,7
5,1759,2,0,0,0,7
5,1777,2,0,0,0,7
5,1781,2,0,0,0,7
5,1782,2,0,0,0,7
5,1800,2,0,2,0,7
5,1810,2,0,0,0,7
5,1848,2,0,2,0,7
5,1870,2,0,0,0,7
5,1873,2,0,1,0,7
5,1883,2,0,0,0,7
5,1885,2,0,0,0,7
5,1886,2,0,0,0,7
5,1910,2,0,0,0,7
5,1944,2,0,0,0,7
5,1965,2,0,0,0,7
5,1968,2,0,0,0,7
5,1975,2,0,0,0,7
5,1977,2,0,0,0,7
5,2034,2,0,2,0,7
5,2036,2,0,2,0,7
5,2037,2,0,0,0,7
5,2055,2,0,0,0,7
5,2067,2,0,0,0,7
5,2068,2,0,0,0,7
5,2096,2,0,2,0,7
5,2115,2,0,0,0,7
5,2127,2,0,0,0,7
5,2129,2,0,0,0,7
5,2131,2,0,0,0,7
5,2146,2,0,1,0,7
5,2151,2,0,1,0,7
5,2154,2,0,0,0,7
5,2163,2,0,1,0,7
5,2186,2,0,2,0,7
5,2214,2,0,0,0,7
5,2216,2,0,0,0,7
5,2241,2,0,0,0,7
5,2254,2,0,0,0,7
5,2279,2,0,0,0,7
5,2284,2,0,0,0,7
5,2307,2,0,0,0,7
5,2308,2,0,2,0,7
5,2325,2,0,0,0,7
5,2363,2,0,0,0,7
5,2369,2,0,2,0,7
5,2370,2,0,0,0,7
5,2375,2,0,1,0,7
5,2380,2,0,0,0,7
5,2396,2,0,0,0,7
5,2404,2,0,0,0,7
5,2421,2,0,0,0,7
5,2429,2,0,0,0,7
5,2455,2,0,2,0,7
5,2456,2,0,2,0,7
5,2457,2,0,2,0,7
5,2463,2,0,0,0,7
5,2464,2,0,0,0,7
5,2472,2,0,0,0,7
5,2481,2,0,0,0,7
5,2493,2,0,0,0,7
5,2500,2,0,0,0,7
5,2506,2,0,0,0,7
5,2523,2,0,1,0,7
5,2525,2,0,0,0,7
5,2526,2,0,0,0,7
5,2532,2,0,0,0,7
5,2549,2,0,0,0,7
5,2561,2,0,0,0,7
5,2570,2,0,1,0,7
5,2576,2,0,1,0,7
5,2579,2,0,0,0,7
5,2584,2,0,2,0,7
5,2598,2,0,0,0,7
5,2619,2,0,0,0,7
5,2630,2,0,0,0,7
5,2681,2,0,0,0,7
5,2682,2,0,1,0,7
5,2708,2,0,0,0,7
5,2722,2,0,2,0,7
5,2731,2,0,0,0,7
5,2742,2,0,0,0,7
5,2750,2,0,2,0,7
5,2756,2,0,0,0,7
5,2760,2,0,0,0,7
5,2766,2,0,0,0,7
5,2812,2,0,0,0,7
5,2824,2,0,2,0,7
5,2845,2,0,0,0,7
5,2848,2,0,0,0,7
5,2854,2,0,0,0,7
5,2857,2,0,0,0,7
5,2865,2,0,2,0,7
5,2880,2,0,0,0,7
5,2888,2,0,0,0,7
5,2889,2,0,0,0,7
5,2934,2,0,0,0,7
5,2995,2,0,0,0,7
5,3006,2,0,0,0,7
5,3020,2,0,0,0,7
5,3036,2,0,0,0,7
5,3040,2,0,0,0,7
5,3063,2,0,0,0,7
5,3117,2,0,0,0,7
5,3143,2,0,0,0,7
5,3150,2,0,0,0,7
5,3161,2,0,0,0,7
5,3163,2,0,0,0,7
5,3168,2,0,0,0,7
5,3170,2,0,0,0,7
5,3183,2,0,0,0,7
5,3217,2,0,1,0,7
5,3257,2,0,2,0,7
5,3261,2,0,0,0,7
5,3286,2,0,0,0,7
5,3293,2,0,0,0,7
5,3294,2,0,0,0,7
5,3339,2,0,0,0,7
5,3354,2,0,1,0,7
5,3364,2,0,0,0,7
5,3365,2,0,0,0,7
5,3372,2,0,0,0,7
5,3380,2,0,1,0,7
5,3392,2,0,0,0,7
5,3401,2,0,2,0,7
5,3419,2,0,2,0,7
5,3470,2,0,0,0,7
5,3488,2,0,0,0,7
5,3496,2,0,0,0,7
5,3518,2,0,1,0,7
5,3549,2,0,0,0,7
5,3555,2,0,0,0,7
5,3560,2,0,0,0,7
5,3562,2,0,1,0,7
5,3563,2,0,0,0,7
5,3579,2,0,0,0,7
5,3580,2,0,0,0,7
5,3586,2,0,0,0,7
5,3589,2,0,0,0,7
5,3605,2,0,0,0,7
5,3613,2,0,0,0,7
5,3644,2,0,2,0,7
5,3656,2,0,0,0,7
5,3707,2,0,0,0,7
5,3708,2,0,0,0,7
5,3729,2,0,0,0,7
5,3756,2,0,0,0,7
5,3785,2,0,0,0,7
5,3788,2,0,0,0,7
5,3797,2,0,0,0,7
5,3811,2,0,2,0,7
5,3818,2,0,2,0,7
5,3825,2,0,0,0,7
5,3830,2,0,2,0,7
5,3836,2,0,2,0,7
5,3838,2,0,0,0,7
5,3841,2,0,0,0,7
5,3861,2,0,0,0,7
5,3862,2,0,0,0,7
5,3865,2,0,0,0,7
5,3885,2,0,1,0,7
5,3901,2,0,0,0,7
5,3902,2,0,0,0,7
5,3939,2,0,1,0,7
5,3942,2,0,0,0,7
5,3949,2,0,1,0,7
5,3976,2,0,0,0,7
5,3986,2,0,1,0,7
5,3998,2,0,0,0,7
5,4004,2,0,0,0,7
5,4011,2,0,0,0,7
5,4013,2,0,0,0,7
5,4015,2,0,2,0,7
5,4036,2,0,0,0,7
5,4038,2,0,0,0,7
5,4053,2,0,0,0,7
5,4085,2,0,0,0,7
5,4111,2,0,0,0,7
5,4133,2,0,0,0,7
5,4137,2,0,0,0,7
5,4142,2,0,2,0,7
5,4195,2,0,1,0,7
5,4196,2,0,0,0,7
5,4209,2,0,1,0,7
5,4236,2,0,2,0,7
5,4268,2,0,2,0,7
5,4278,2,0,0,0,7
5,4316,2,0,0,0,7
5,4342,2,0,2,0,7
5,4366,2,0,2,0,7
5,4377,2,0,0,0,7
5,4382,2,0,0,0,7
5,4406,2,0,2,0,7
5,4415,2,0,0,0,7
5,4439,2,0,0,0,7
5,4478,2,0,2,0,7
5,4511,2,0,0,0,7
5,4512,2,0,0,0,7
5,4517,2,0,0,0,7
5,4519,2,0,0,0,7
5,4531,2,0,1,0,7
5,4543,2,0,0,0,7
5,4570,2,0,0,0,7
5,4580,2,0,2,0,7
5,4610,2,0,0,0,7
5,4616,2,0,2,0,7
5,4617,2,0,0,0,7
5,4624,2,0,0,0,7
5,4631,2,0,1,0,7
5,4636,2,0,2,0,7
5,4650,2,0,1,0,7
5,4667,2,0,0,0,7
5,4689,2,0,2,0,7
5,4692,2,0,1,0,7
5,4695,2,0,0,0,7
5,4719,2,0,0,0,7
5,4736,2,0,0,0,7
5,4753,2,0,2,0,7
5,4758,2,0,0,0,7
5,4775,2,0,0,0,7
5,4812,2,0,0,0,7
5,4815,2,0,0,0,7
5,4822,2,0,0,0,7
5,4830,2,0,0,0,7
5,4850,2,0,0,0,7
5,4853,2,0,2,0,7
5,4889,2,0,0,0,7
5,4906,2,0,2,0,7
5,4977,2,0,0,0,7
5,4988,2,0,1,0,7
5,10,1,1,0,0,8
5,11,1,1,0,1,8
5,17,1,1,0,1,8
5,29,1,1,1,0,8
5,55,1,1,0,1,8
5,77,1,1,1,0,8
5,158,1,1,0,0,8
5,188,1,1,0,1,8
5,208,1,1,0,0,8
5,255,1,1,0,1,8
5,313,1,1,0,0,8
5,329,1,1,0,1,8
5,351,1,1,1,0,8
5,417,1,1,0,1,8
5,424,1,1,0,0,8
5,430,1,1,1,0,8
5,446,1,1,0,1,8
5,450,1,1,0,1,8
5,484,1,1,1,0,8
5,485,1,1,1,0,8
5,490,1,1,1,0,8
5,507,1,1,1,0,8
5,511,1,1,0,0,8
5,520,1,1,0,0,8
5,556,1,1,1,0,8
5,568,1,1,0,0,8
5,572,1,1,0,0,8
5,591,1,1,0,0,8
5,612,1,1,0,0,8
5,614,1,1,1,0,8
5,615,1,1,1,0,8
5,645,1,1,0,1,8
5,653,1,1,0,0,8
5,663,1,1,0,0,8
5,673,1,1,0,0,8
5,686,1,1,1,0,8
5,707,1,1,1,0,8
5,711,1,1,0,1,8
5,726,1,1,0,1,8
5,732,1,1,1,0,8
5,741,1,1,0,1,8
5,765,1,1,0,1,8
5,797,1,1,1,0,8
5,814,1,1,0,0,8
5,818,1,1,0,1,8
5,835,1,1,0,0,8
5,843,1,1,0,0,8
5,872,1,1,0,0,8
5,874,1,1,1,0,8
5,878,1,1,1,0,8
5,890,1,1,1,0,8
5,924,1,1,0,0,8
5,926,1,1,0,0,8
5,945,1,1,0,1,8
5,952,1,1,0,1,8
5,1067,1,1,1,0,8
5,1109,1,1,0,1,8
5,1114,1,1,0,0,8
5,1127,1,1,1,0,8
5,1156,1,1,0,0,8
5,1158,1,1,0,0,8
5,1167,1,1,0,1,8
5,1172,1,1,1,0,8
5,1218,1,1,0,1,8
5,1255,1,1,0,0,8
5,1265,1,1,1,0,8
5,1269,1,1,0,1,8
5,1284,1,1,0,1,8
5,1321,1,1,0,0,8
5,1335,1,1,0,0,8
5,1336,1,1,0,0,8
5,1339,1,1,0,1,8
5,1350,1,1,0,0,8
5,1362,1,1,0,0,8
5,1392,1,1,0,0,8
5,1396,1,1,1,0,8
5,1403,1,1,0,0,8
5,1414,1,1,1,0,8
5,1444,1,1,0,1,8
5,1460,1,1,1,0,8
5,1481,1,1,0,0,8
5,1533,1,1,1,0,8
5,1534,1,1,0,0,8
5,1537,1,1,1,0,8
5,1543,1,1,1,0,8
5,1565,1,1,0,1,8
5,1727,1,1,1,0,8
5,1747,1,1,0,1,8
5,1767,1,1,0,1,8
5,1773,1,1,0,1,8
5,1775,1,1,0,0,8
5,1787,1,1,0,1,8
5,1797,1,1,0,1,8
5,1842,1,1,1,0,8
5,1877,1,1,0,0,8
5,1914,1,1,1,0,8
5,1941,1,1,0,0,8
5,1955,1,1,0,0,8
5,1957,1,1,0,1,8
5,1994,1,1,1,0,8
5,2008,1,1,1,0,8
5,2028,1,1,0,0,8
5,2030,1,1,0,1,8
5,2039,1,1,1,0,8
5,2043,1,1,0,1,8
5,2066,1,1,0,1,8
5,2071,1,1,0,0,8
5,2074,1,1,0,0,8
5,2084,1,1,1,0,8
5,2090,1,1,0,0,8
5,2121,1,1,0,0,8
5,2173,1,1,0,0,8
5,2200,1,1,1,0,8
5,2227,1,1,0,0,8
5,2250,1,1,0,0,8
5,2285,1,1,0,0,8
5,2322,1,1,0,1,8
5,2330,1,1,0,0,8
5,2374,1,1,0,0,8
5,2384,1,1,0,1,8
5,2386,1,1,0,1,8
5,2399,1,1,0,0,8
5,2427,1,1,0,0,8
5,2440,1,1,1,0,8
5,2505,1,1,0,0,8
5,2512,1,1,0,0,8
5,2520,1,1,0,0,8
5,2527,1,1,0,0,8
5,2535,1,1,0,1,8
5,2591,1,1,0,0,8
5,2597,1,1,1,0,8
5,2602,1,1,0,0,8
5,2625,1,1,0,1,8
5,2628,1,1,0,0,8
5,2683,1,1,0,1,8
5,2688,1,1,0,0,8
5,2705,1,1,0,1,8
5,2711,1,1,0,0,8
5,2728,1,1,0,0,8
5,2732,1,1,0,1,8
5,2799,1,1,0,1,8
5,2807,1,1,0,1,8
5,2864,1,1,0,0,8
5,2942,1,1,1,0,8
5,2967,1,1,0,1,8
5,2968,1,1,0,1,8
5,2975,1,1,0,1,8
5,2985,1,1,0,1,8
5,3007,1,1,0,1,8
5,3009,1,1,0,0,8
5,3082,1,1,0,0,8
5,3099,1,1,1,0,8
5,3108,1,1,1,0,8
5,3137,1,1,0,0,8
5,3146,1,1,0,1,8
5,3148,1,1,0,0,8
5,3166,1,1,0,0,8
5,3195,1,1,0,0,8
5,3231,1,1,0,1,8
5,3258,1,1,0,0,8
5,3262,1,1,1,0,8
5,3263,1,1,0,0,8
5,3266,1,1,0,1,8
5,3306,1,1,0,1,8
5,3310,1,1,0,1,8
5,3366,1,1,0,1,8
5,3461,1,1,0,1,8
5,3469,1,1,0,0,8
5,3477,1,1,0,0,8
5,3492,1,1,0,0,8
5,3512,1,1,0,0,8
5,3534,1,1,0,0,8
5,3543,1,1,0,1,8
5,3569,1,1,0,0,8
5,3574,1,1,0,1,8
5,3596,1,1,0,0,8
5,3597,1,1,0,0,8
5,3621,1,1,0,1,8
5,3651,1,1,0,1,8
5,3659,1,1,0,0,8
5,3660,1,1,1,0,8
5,3664,1,1,0,0,8
5,3671,1,1,1,0,8
5,3673,1,1,0,1,8
5,3744,1,1,0,0,8
5,3767,1,1,0,0,8
5,3779,1,1,0,0,8
5,3794,1,1,0,1,8
5,3816,1,1,0,0,8
5,3871,1,1,1,0,8
5,3892,1,1,0,0,8
5,3916,1,1,1,0,8
5,3937,1,1,0,1,8
5,3944,1,1,0,0,8
5,4032,1,1,0,0,8
5,4037,1,1,1,0,8
5,4047,1,1,0,1,8
5,4093,1,1,1,0,8
5,4099,1,1,0,1,8
5,4116,1,1,0,0,8
5,4127,1,1,0,0,8
5,4136,1,1,0,1,8
5,4141,1,1,0,0,8
5,4144,1,1,1,0,8
5,4154,1,1,0,0,8
5,4160,1,1,0,0,8
5,4190,1,1,0,0,8
5,4215,1,1,0,1,8
5,4216,1,1,0,0,8
5,4249,1,1,1,0,8
5,4259,1,1,0,0,8
5,4260,1,1,0,0,8
5,4264,1,1,0,1,8
5,4290,1,1,1,0,8
5,4292,1,1,0,0,8
5,4323,1,1,1,0,8
5,4345,1,1,0,1,8
5,4378,1,1,0,0,8
5,4414,1,1,0,0,8
5,4428,1,1,0,0,8
5,4434,1,1,0,1,8
5,4452,1,1,0,0,8
5,4453,1,1,0,0,8
5,4486,1,1,0,0,8
5,4521,1,1,1,0,8
5,4536,1,1,0,0,8
5,4557,1,1,1,0,8
5,4579,1,1,0,0,8
5,4588,1,1,1,0,8
5,4590,1,1,0,0,8
5,4611,1,1,0,1,8
5,4645,1,1,0,1,8
5,4653,1,1,0,0,8
5,4663,1,1,0,0,8
5,4664,1,1,1,0,8
5,4675,1,1,0,1,8
5,4678,1,1,1,0,8
5,4683,1,1,1,0,8
5,4686,1,1,1,0,8
5,4706,1,1,0,1,8
5,4707,1,1,0,1,8
5,4772,1,1,0,0,8
5,4795,1,1,0,1,8
5,4807,1,1,0,0,8
5,4829,1,1,0,1,8
5,4849,1,1,0,0,8
5,4865,1,1,0,0,8
5,4868,1,1,0,0,8
5,4928,1,1,0,0,8
5,4944,1,1,1,0,8
5,4955,1,1,0,1,8
5,4962,1,1,1,0,8
5,4990,1,1,0,1,8
5,4996,1,1,0,0,8
5,4999,1,1,0,1,8
5,1,3,1,0,1,9
5,13,3,1,0,1,9
5,47,3,1,3,0,9
5,50,3,1,1,0,9
5,78,3,1,0,1,9
5,107,3,1,0,0,9
5,109,3,1,0,0,9
5,114,3,1,0,0,9
5,139,3,1,0,0,9
5,148,3,1,0,1,9
5,153,3,1,3,0,9
5,166,3,1,0,0,9
5,175,3,1,1,0,9
5,197,3,1,3,0,9
5,203,3,1,3,0,9
5,250,3,1,0,0,9
5,265,3,1,0,1,9
5,299,3,1,1,0,9
5,341,3,1,0,1,9
5,380,3,1,0,0,9
5,391,3,1,0,0,9
5,406,3,1,0,0,9
5,428,3,1,0,0,9
5,437,3,1,3,0,9
5,440,3,1,0,0,9
5,454,3,1,3,0,9
5,461,3,1,0,0,9
5,476,3,1,0,0,9
5,477,3,1,0,1,9
5,492,3,1,0,1,9
5,545,3,1,0,1,9
5,548,3,1,0,0,9
5,553,3,1,3,0,9
5,567,3,1,0,0,9
5,626,3,1,0,1,9
5,652,3,1,0,1,9
5,693,3,1,3,0,9
5,705,3,1,0,0,9
5,706,3,1,0,0,9
5,709,3,1,0,0,9
5,725,3,1,0,0,9
5,729,3,1,0,0,9
5,733,3,1,1,0,9
5,787,3,1,0,0,9
5,791,3,1,0,0,9
5,817,3,1,1,0,9
5,831,3,1,0,0,9
5,849,3,1,0,1,9
5,858,3,1,3,0,9
5,864,3,1,0,0,9
5,898,3,1,0,0,9
5,907,3,1,0,0,9
5,938,3,1,0,1,9
5,959,3,1,3,0,9
5,962,3,1,0,0,9
5,1006,3,1,0,1,9
5,1013,3,1,3,0,9
5,1033,3,1,3,0,9
5,1049,3,1,0,0,9
5,1077,3,1,3,0,9
5,1132,3,1,0,0,9
5,1135,3,1,0,0,9
5,1153,3,1,0,0,9
5,1198,3,1,0,0,9
5,1199,3,1,0,0,9
5,1200,3,1,0,0,9
5,1232,3,1,3,0,9
5,1235,3,1,3,0,9
5,1250,3,1,0,1,9
5,1289,3,1,0,0,9
5,1297,3,1,0,0,9
5,1305,3,1,0,0,9
5,1337,3,1,0,0,9
5,1345,3,1,1,0,9
5,1357,3,1,0,0,9
5,1372,3,1,0,0,9
5,1384,3,1,0,0,9
5,1427,3,1,0,0,9
5,1437,3,1,0,0,9
5,1439,3,1,3,0,9
5,1443,3,1,0,0,9
5,1449,3,1,3,0,9
5,1469,3,1,0,1,9
5,1525,3,1,0,0,9
5,1528,3,1,0,0,9
5,1562,3,1,0,0,9
5,1566,3,1,0,0,9
5,1574,3,1,0,0,9
5,1625,3,1,0,0,9
5,1639,3,1,0,1,9
5,1644,3,1,3,0,9
5,1686,3,1,0,0,9
5,1695,3,1,0,0,9
5,1713,3,1,0,1,9
5,1717,3,1,0,1,9
5,1728,3,1,0,0,9
5,1750,3,1,0,0,9
5,1764,3,1,0,0,9
5,1802,3,1,0,0,9
5,1813,3,1,0,0,9
5,1826,3,1,0,0,9
5,1828,3,1,0,0,9
5,1850,3,1,0,1,9
5,1950,3,1,1,0,9
5,1958,3,1,0,0,9
5,1976,3,1,3,0,9
5,1978,3,1,0,0,9
5,1997,3,1,0,0,9
5,2012,3,1,0,0,9
5,2018,3,1,1,0,9
5,2051,3,1,0,1,9
5,2054,3,1,0,0,9
5,2072,3,1,0,1,9
5,2114,3,1,0,0,9
5,2116,3,1,1,0,9
5,2132,3,1,1,0,9
5,2136,3,1,0,0,9
5,2145,3,1,0,1,9
5,2156,3,1,1,0,9
5,2204,3,1,0,1,9
5,2255,3,1,0,1,9
5,2262,3,1,0,1,9
5,2263,3,1,0,0,9
5,2264,3,1,1,0,9
5,2265,3,1,1,0,9
5,2266,3,1,3,0,9
5,2275,3,1,0,0,9
5,2278,3,1,0,1,9
5,2311,3,1,3,0,9
5,2331,3,1,0,1,9
5,2360,3,1,0,1,9
5,2383,3,1,0,0,9
5,2398,3,1,0,1,9
5,2400,3,1,0,1,9
5,2407,3,1,0,0,9
5,2422,3,1,0,0,9
5,2444,3,1,0,0,9
5,2460,3,1,0,0,9
5,2539,3,1,3,0,9
5,2542,3,1,0,0,9
5,2565,3,1,3,0,9
5,2583,3,1,0,0,9
5,2631,3,1,0,0,9
5,2633,3,1,0,0,9
5,2655,3,1,3,0,9
5,2657,3,1,0,0,9
5,2698,3,1,0,1,9
5,2713,3,1,3,0,9
5,2716,3,1,0,1,9
5,2720,3,1,0,0,9
5,2744,3,1,0,1,9
5,2765,3,1,3,0,9
5,2783,3,1,0,1,9
5,2789,3,1,0,0,9
5,2801,3,1,0,1,9
5,2816,3,1,3,0,9
5,2882,3,1,0,1,9
5,2935,3,1,0,1,9
5,2945,3,1,0,1,9
5,2976,3,1,0,1,9
5,3001,3,1,3,0,9
5,3034,3,1,0,0,9
5,3059,3,1,0,0,9
5,3084,3,1,1,0,9
5,3092,3,1,0,1,9
5,3116,3,1,3,0,9
5,3135,3,1,0,0,9
5,3151,3,1,0,1,9
5,3152,3,1,1,0,9
5,3167,3,1,0,0,9
5,3201,3,1,0,0,9
5,3215,3,1,0,1,9
5,3229,3,1,0,0,9
5,3242,3,1,0,0,9
5,3259,3,1,0,0,9
5,3301,3,1,0,0,9
5,3308,3,1,0,0,9
5,3343,3,1,0,1,9
5,3353,3,1,0,1,9
5,3368,3,1,1,0,9
5,3370,3,1,0,0,9
5,3389,3,1,3,0,9
5,3396,3,1,1,0,9
5,3400,3,1,3,0,9
5,3430,3,1,0,0,9
5,3432,3,1,0,1,9
5,3476,3,1,0,1,9
5,3483,3,1,0,0,9
5,3490,3,1,0,0,9
5,3522,3,1,0,1,9
5,3523,3,1,0,1,9
5,3524,3,1,1,0,9
5,3548,3,1,0,0,9
5,3566,3,1,0,1,9
5,3603,3,1,0,0,9
5,3610,3,1,0,0,9
5,3616,3,1,0,1,9
5,3625,3,1,0,0,9
5,3636,3,1,0,1,9
5,3637,3,1,3,0,9
5,3649,3,1,0,1,9
5,3679,3,1,0,0,9
5,3682,3,1,0,0,9
5,3693,3,1,0,0,9
5,3700,3,1,0,1,9
5,3719,3,1,0,0,9
5,3730,3,1,0,0,9
5,3755,3,1,0,0,9
5,3771,3,1,0,1,9
5,3812,3,1,0,1,9
5,3849,3,1,3,0,9
5,3850,3,1,3,0,9
5,3857,3,1,0,1,9
5,3859,3,1,0,1,9
5,3876,3,1,0,1,9
5,3910,3,1,0,0,9
5,3913,3,1,0,0,9
5,3930,3,1,3,0,9
5,3956,3,1,0,1,9
5,3990,3,1,0,0,9
5,4055,3,1,0,0,9
5,4087,3,1,3,0,9
5,4102,3,1,1,0,9
5,4107,3,1,0,0,9
5,4182,3,1,0,0,9
5,4183,3,1,3,0,9
5,4205,3,1,0,1,9
5,4220,3,1,0,1,9
5,4247,3,1,0,0,9
5,4297,3,1,1,0,9
5,4303,3,1,0,0,9
5,4304,3,1,0,0,9
5,4329,3,1,0,0,9
5,4357,3,1,1,0,9
5,4373,3,1,0,0,9
5,4387,3,1,0,0,9
5,4410,3,1,0,1,9
5,4416,3,1,0,0,9
5,4418,3,1,0,0,9
5,4427,3,1,0,0,9
5,4463,3,1,3,0,9
5,4464,3,1,0,0,9
5,4467,3,1,0,0,9
5,4468,3,1,0,0,9
5,4470,3,1,0,1,9
5,4483,3,1,0,1,9
5,4500,3,1,0,1,9
5,4501,3,1,1,0,9
5,4524,3,1,0,0,9
5,4526,3,1,3,0,9
5,4534,3,1,3,0,9
5,4540,3,1,0,0,9
5,4568,3,1,0,1,9
5,4577,3,1,0,1,9
5,4591,3,1,3,0,9
5,4606,3,1,0,1,9
5,4607,3,1,0,1,9
5,4654,3,1,0,0,9
5,4659,3,1,0,0,9
5,4709,3,1,0,0,9
5,4717,3,1,0,0,9
5,4745,3,1,0,0,9
5,4780,3,1,0,0,9
5,4804,3,1,0,0,9
5,4824,3,1,0,0,9
5,4843,3,1,0,0,9
5,4863,3,1,0,0,9
5,4877,3,1,0,0,9
5,4885,3,1,0,0,9
5,4888,3,1,0,0,9
5,4895,3,1,0,1,9
5,4902,3,1,3,0,9
5,4915,3,1,0,0,9
5,4922,3,1,0,0,9
5,4929,3,1,0,1,9
5,4931,3,1,0,0,9
5,4935,3,1,0,1,9
5,4960,3,1,0,1,9
5,4991,3,1,0,0,9
5,27,1,1,0,0,10
5,36,1,1,0,1,10
5,40,1,1,0,0,10
5,42,1,1,0,1,10
5,51,1,1,0,0,10
5,89,1,1,0,0,10
5,93,1,1,0,0,10
5,94,1,1,0,1,10
5,133,1,1,1,0,10
5,145,1,1,0,1,10
5,157,1,1,0,0,10
5,162,1,1,0,0,10
5,165,1,1,0,0,10
5,178,1,1,0,0,10
5,181,1,1,0,0,10
5,209,1,1,1,0,10
5,220,1,1,1,0,10
5,234,1,1,0,0,10
5,237,1,1,0,0,10
5,261,1,1,0,1,10
5,273,1,1,0,0,10
5,297,1,1,0,0,10
5,305,1,1,1,0,10
5,323,1,1,1,0,10
5,335,1,1,0,0,10
5,348,1,1,0,0,10
5,370,1,1,1,0,10
5,388,1,1,0,0,10
5,396,1,1,0,0,10
5,405,1,1,0,0,10
5,418,1,1,0,1,10
5,429,1,1,0,1,10
5,447,1,1,1,0,10
5,459,1,1,1,0,10
5,497,1,1,0,0,10
5,518,1,1,0,1,10
5,521,1,1,0,0,10
5,522,1,1,0,0,10
5,544,1,1,1,0,10
5,604,1,1,1,0,10
5,616,1,1,0,1,10
5,640,1,1,0,0,10
5,643,1,1,0,0,10
5,659,1,1,0,0,10
5,660,1,1,0,0,10
5,672,1,1,0,0,10
5,689,1,1,0,0,10
5,690,1,1,1,0,10
5,691,1,1,0,0,10
5,692,1,1,0,0,10
5,713,1,1,0,0,10
5,748,1,1,0,0,10
5,766,1,1,1,0,10
5,775,1,1,1,0,10
5,908,1,1,0,0,10
5,936,1,1,1,0,10
5,950,1,1,1,0,10
5,976,1,1,0,0,10
5,998,1,1,0,1,10
5,1024,1,1,0,1,10
5,1025,1,1,0,0,10
5,1030,1,1,0,0,10
5,1041,1,1,0,0,10
5,1080,1,1,0,1,10
5,1081,1,1,1,0,10
5,1101,1,1,0,0,10
5,1110,1,1,0,0,10
5,1128,1,1,1,0,10
5,1130,1,1,1,0,10
5,1160,1,1,0,0,10
5,1174,1,1,0,1,10
5,1177,1,1,1,0,10
5,1186,1,1,0,0,10
5,1193,1,1,0,0,10
5,1237,1,1,0,1,10
5,1240,1,1,0,0,10
5,1242,1,1,0,1,10
5,1270,1,1,0,0,10
5,1275,1,1,0,1,10
5,1286,1,1,0,0,10
5,1296,1,1,0,0,10
5,1333,1,1,0,0,10
5,1359,1,1,0,0,10
5,1360,1,1,1,0,10
5,1361,1,1,0,1,10
5,1363,1,1,1,0,10
5,1364,1,1,0,0,10
5,1387,1,1,0,0,10
5,1389,1,1,0,0,10
5,1405,1,1,0,0,10
5,1455,1,1,0,1,10
5,1477,1,1,1,0,10
5,1483,1,1,0,0,10
5,1497,1,1,0,0,10
5,1506,1,1,0,0,10
5,1512,1,1,1,0,10
5,1541,1,1,1,0,10
5,1567,1,1,0,0,10
5,1598,1,1,0,0,10
5,1613,1,1,0,1,10
5,1623,1,1,0,0,10
5,1672,1,1,0,0,10
5,1699,1,1,0,0,10
5,1706,1,1,0,0,10
5,1776,1,1,1,0,10
5,1789,1,1,0,0,10
5,1803,1,1,0,0,10
5,1804,1,1,0,0,10
5,1805,1,1,0,1,10
5,1849,1,1,1,0,10
5,1863,1,1,0,1,10
5,1872,1,1,0,0,10
5,1892,1,1,0,0,10
5,1898,1,1,0,0,10
5,1907,1,1,1,0,10
5,1928,1,1,0,0,10
5,1937,1,1,0,0,10
5,1945,1,1,0,0,10
5,1948,1,1,1,0,10
5,1971,1,1,0,0,10
5,2016,1,1,0,0,10
5,2032,1,1,0,0,10
5,2047,1,1,0,0,10
5,2085,1,1,1,0,10
5,2150,1,1,0,0,10
5,2167,1,1,0,0,10
5,2177,1,1,0,1,10
5,2197,1,1,0,0,10
5,2201,1,1,1,0,10
5,2228,1,1,0,0,10
5,2232,1,1,0,0,10
5,2239,1,1,0,0,10
5,2292,1,1,0,1,10
5,2296,1,1,1,0,10
5,2326,1,1,0,0,10
5,2364,1,1,0,0,10
5,2366,1,1,0,0,10
5,2385,1,1,0,1,10
5,2406,1,1,0,1,10
5,2415,1,1,1,0,10
5,2426,1,1,0,1,10
5,2450,1,1,0,0,10
5,2475,1,1,0,0,10
5,2499,1,1,1,0,10
5,2577,1,1,0,1,10
5,2615,1,1,0,0,10
5,2651,1,1,0,0,10
5,2666,1,1,1,0,10
5,2675,1,1,1,0,10
5,2676,1,1,0,0,10
5,2694,1,1,1,0,10
5,2696,1,1,1,0,10
5,2729,1,1,0,0,10
5,2754,1,1,0,0,10
5,2755,1,1,1,0,10
5,2768,1,1,0,0,10
5,2774,1,1,0,0,10
5,2788,1,1,1,0,10
5,2827,1,1,0,1,10
5,2835,1,1,0,0,10
5,2842,1,1,0,1,10
5,2847,1,1,0,1,10
5,2861,1,1,0,1,10
5,2870,1,1,0,0,10
5,2871,1,1,1,0,10
5,2878,1,1,0,0,10
5,2885,1,1,0,1,10
5,2892,1,1,0,0,10
5,2894,1,1,0,0,10
5,2912,1,1,0,0,10
5,2914,1,1,0,0,10
5,2919,1,1,0,0,10
5,2923,1,1,0,0,10
5,2933,1,1,0,0,10
5,2946,1,1,0,1,10
5,2969,1,1,0,0,10
5,2986,1,1,1,0,10
5,3016,1,1,0,1,10
5,3024,1,1,0,1,10
5,3041,1,1,1,0,10
5,3097,1,1,0,0,10
5,3112,1,1,0,0,10
5,3119,1,1,0,0,10
5,3157,1,1,0,0,10
5,3162,1,1,0,1,10
5,3185,1,1,0,0,10
5,3214,1,1,0,0,10
5,3219,1,1,1,0,10
5,3228,1,1,0,0,10
5,3246,1,1,1,0,10
5,3313,1,1,0,0,10
5,3319,1,1,1,0,10
5,3326,1,1,0,0,10
5,3373,1,1,0,0,10
5,3374,1,1,0,0,10
5,3382,1,1,0,0,10
5,3384,1,1,0,0,10
5,3404,1,1,1,0,10
5,3423,1,1,1,0,10
5,3501,1,1,0,1,10
5,3510,1,1,0,0,10
5,3515,1,1,0,0,10
5,3528,1,1,0,0,10
5,3531,1,1,0,1,10
5,3547,1,1,0,0,10
5,3564,1,1,0,1,10
5,3591,1,1,1,0,10
5,3600,1,1,1,0,10
5,3601,1,1,1,0,10
5,3609,1,1,0,0,10
5,3612,1,1,0,0,10
5,3618,1,1,0,0,10
5,3628,1,1,0,1,10
5,3629,1,1,0,0,10
5,3632,1,1,0,0,10
5,3640,1,1,0,0,10
5,3641,1,1,0,0,10
5,3675,1,1,0,0,10
5,3678,1,1,0,0,10
5,3688,1,1,0,0,10
5,3694,1,1,0,1,10
5,3712,1,1,0,1,10
5,3721,1,1,0,0,10
5,3724,1,1,0,0,10
5,3749,1,1,0,0,10
5,3752,1,1,0,0,10
5,3776,1,1,0,0,10
5,3778,1,1,0,1,10
5,3793,1,1,1,0,10
5,3828,1,1,1,0,10
5,3853,1,1,0,0,10
5,3870,1,1,0,1,10
5,3882,1,1,0,1,10
5,3888,1,1,1,0,10
5,3904,1,1,1,0,10
5,3947,1,1,0,1,10
5,3966,1,1,0,1,10
5,3988,1,1,0,1,10
5,4031,1,1,1,0,10
5,4041,1,1,0,0,10
5,4052,1,1,0,1,10
5,4079,1,1,1,0,10
5,4083,1,1,0,0,10
5,4092,1,1,1,0,10
5,4108,1,1,0,1,10
5,4119,1,1,0,1,10
5,4126,1,1,0,1,10
5,4168,1,1,1,0,10
5,4176,1,1,0,1,10
5,4178,1,1,1,0,10
5,4179,1,1,0,0,10
5,4199,1,1,0,0,10
5,4219,1,1,0,1,10
5,4227,1,1,1,0,10
5,4251,1,1,1,0,10
5,4263,1,1,0,1,10
5,4301,1,1,0,0,10
5,4324,1,1,0,0,10
5,4336,1,1,1,0,10
5,4374,1,1,0,0,10
5,4388,1,1,0,1,10
5,4403,1,1,0,1,10
5,4484,1,1,0,0,10
5,4532,1,1,0,0,10
5,4601,1,1,0,0,10
5,4603,1,1,1,0,10
5,4608,1,1,0,1,10
5,4668,1,1,1,0,10
5,4669,1,1,1,0,10
5,4681,1,1,0,0,10
5,4711,1,1,1,0,10
5,4737,1,1,0,0,10
5,4760,1,1,0,1,10
5,4764,1,1,0,0,10
5,4776,1,1,1,0,10
5,4791,1,1,0,0,10
5,4852,1,1,0,1,10
5,4891,1,1,1,0,10
5,4893,1,1,0,1,10
5,4896,1,1,0,1,10
5,4898,1,1,1,0,10
5,4899,1,1,0,0,10
5,4920,1,1,1,0,10
5,4927,1,1,0,0,10
5,4938,1,1,0,0,10
5,4939,1,1,0,0,10
5,4946,1,1,0,1,10
5,4948,1,1,1,0,10
5,4956,1,1,1,0,10
5,4967,1,1,1,0,10
5,4969,1,1,1,0,10
5,0,2,1,2,0,11
5,3,2,1,0,0,11
5,4,2,1,0,1,11
5,15,2,1,0,0,11
5,20,2,1,0,0,11
5,30,2,1,2,0,11
5,43,2,1,0,0,11
5,46,2,1,0,1,11
5,120,2,1,0,0,11
5,150,2,1,0,1,11
5,151,2,1,0,0,11
5,155,2,1,0,1,11
5,168,2,1,2,0,11
5,195,2,1,0,0,11
5,213,2,1,2,0,11
5,247,2,1,0,0,11
5,256,2,1,2,0,11
5,289,2,1,0,0,11
5,296,2,1,0,0,11
5,301,2,1,0,1,11
5,311,2,1,0,0,11
5,331,2,1,1,0,11
5,353,2,1,0,1,11
5,355,2,1,0,0,11
5,402,2,1,0,0,11
5,414,2,1,0,0,11
5,463,2,1,0,1,11
5,550,2,1,0,0,11
5,554,2,1,0,0,11
5,557,2,1,0,0,11
5,559,2,1,0,1,11
5,571,2,1,2,0,11
5,583,2,1,0,0,11
5,586,2,1,2,0,11
5,592,2,1,0,0,11
5,594,2,1,0,1,11
5,634,2,1,0,1,11
5,639,2,1,1,0,11
5,651,2,1,0,0,11
5,679,2,1,2,0,11
5,710,2,1,1,0,11
5,728,2,1,0,1,11
5,753,2,1,0,0,11
5,774,2,1,0,0,11
5,795,2,1,2,0,11
5,828,2,1,2,0,11
5,833,2,1,0,1,11
5,863,2,1,0,0,11
5,886,2,1,0,0,11
5,887,2,1,0,0,11
5,891,2,1,2,0,11
5,905,2,1,0,0,11
5,932,2,1,2,0,11
5,933,2,1,0,0,11
5,944,2,1,0,0,11
5,946,2,1,0,0,11
5,955,2,1,0,0,11
5,966,2,1,0,0,11
5,978,2,1,1,0,11
5,1000,2,1,0,0,11
5,1009,2,1,0,0,11
5,1037,2,1,0,1,11
5,1075,2,1,0,0,11
5,1091,2,1,0,1,11
5,1096,2,1,0,0,11
5,1103,2,1,0,0,11
5,1107,2,1,0,0,11
5,1119,2,1,2,0,11
5,1148,2,1,0,0,11
5,1154,2,1,0,0,11
5,1166,2,1,0,0,11
5,1180,2,1,0,0,11
5,1185,2,1,0,0,11
5,1230,2,1,0,1,11
5,1238,2,1,0,0,11
5,1245,2,1,0,0,11
5,1248,2,1,0,0,11
5,1252,2,1,0,0,11
5,1259,2,1,0,0,11
5,1272,2,1,0,1,11
5,1298,2,1,0,0,11
5,1300,2,1,0,0,11
5,1326,2,1,2,0,11
5,1329,2,1,0,0,11
5,1386,2,1,0,1,11
5,1395,2,1,0,0,11
5,1407,2,1,0,0,11
5,1411,2,1,0,1,11
5,1419,2,1,2,0,11
5,1487,2,1,0,1,11
5,1496,2,1,2,0,11
5,1499,2,1,2,0,11
5,1527,2,1,2,0,11
5,1572,2,1,0,0,11
5,1592,2,1,2,0,11
5,1620,2,1,0,1,11
5,1643,2,1,0,1,11
5,1645,2,1,0,0,11
5,1682,2,1,0,0,11
5,1689,2,1,0,1,11
5,1702,2,1,0,0,11
5,1708,2,1,0,0,11
5,1716,2,1,0,0,11
5,1724,2,1,0,0,11
5,1735,2,1,0,0,11
5,1738,2,1,0,1,11
5,1746,2,1,1,0,11
5,1774,2,1,0,0,11
5,1793,2,1,2,0,11
5,1795,2,1,0,1,11
5,1796,2,1,2,0,11
5,1811,2,1,0,0,11
5,1832,2,1,0,0,11
5,1851,2,1,2,0,11
5,1876,2,1,1,0,11
5,1894,2,1,0,0,11
5,1900,2,1,0,0,11
5,1908,2,1,1,0,11
5,1912,2,1,0,1,11
5,1915,2,1,0,0,11
5,1916,2,1,0,1,11
5,1917,2,1,0,0,11
5,1924,2,1,0,1,11
5,1929,2,1,0,1,11
5,1967,2,1,0,0,11
5,1973,2,1,2,0,11
5,1995,2,1,0,1,11
5,1996,2,1,0,1,11
5,1998,2,1,0,0,11
5,2011,2,1,1,0,11
5,2024,2,1,2,0,11
5,2029,2,1,0,0,11
5,2035,2,1,0,0,11
5,2082,2,1,1,0,11
5,2123,2,1,2,0,11
5,2125,2,1,0,1,11
5,2159,2,1,0,0,11
5,2162,2,1,2,0,11
5,2164,2,1,0,1,11
5,2168,2,1,2,0,11
5,2169,2,1,0,0,11
5,2212,2,1,0,0,11
5,2219,2,1,0,0,11
5,2240,2,1,0,1,11
5,2259,2,1,0,0,11
5,2293,2,1,0,1,11
5,2303,2,1,0,0,11
5,2338,2,1,0,0,11
5,2347,2,1,0,0,11
5,2352,2,1,2,0,11
5,2355,2,1,0,1,11
5,2362,2,1,0,0,11
5,2389,2,1,0,0,11
5,2430,2,1,1,0,11
5,2433,2,1,0,0,11
5,2445,2,1,0,1,11
5,2452,2,1,0,1,11
5,2477,2,1,0,0,11
5,2480,2,1,0,0,11
5,2496,2,1,0,1,11
5,2518,2,1,2,0,11
5,2528,2,1,1,0,11
5,2543,2,1,0,0,11
5,2552,2,1,2,0,11
5,2564,2,1,0,1,11
5,2581,2,1,0,0,11
5,2588,2,1,0,0,11
5,2590,2,1,0,1,11
5,2661,2,1,0,0,11
5,2671,2,1,0,1,11
5,2684,2,1,0,1,11
5,2775,2,1,0,0,11
5,2779,2,1,0,0,11
5,2781,2,1,0,0,11
5,2795,2,1,2,0,11
5,2797,2,1,0,0,11
5,2800,2,1,0,0,11
5,2814,2,1,0,0,11
5,2862,2,1,0,0,11
5,2884,2,1,0,1,11
5,2904,2,1,0,1,11
5,2907,2,1,0,1,11
5,2908,2,1,0,0,11
5,2913,2,1,0,1,11
5,2921,2,1,0,1,11
5,2924,2,1,1,0,11
5,2928,2,1,1,0,11
5,2959,2,1,0,1,11
5,2970,2,1,0,0,11
5,2973,2,1,1,0,11
5,2978,2,1,0,1,11
5,2992,2,1,0,1,11
5,3027,2,1,2,0,11
5,3029,2,1,0,0,11
5,3031,2,1,2,0,11
5,3045,2,1,0,0,11
5,3053,2,1,0,1,11
5,3055,2,1,0,0,11
5,3064,2,1,2,0,11
5,3066,2,1,0,1,11
5,3113,2,1,0,1,11
5,3118,2,1,0,0,11
5,3121,2,1,0,1,11
5,3186,2,1,0,0,11
5,3191,2,1,2,0,11
5,3197,2,1,0,0,11
5,3209,2,1,0,0,11
5,3226,2,1,0,1,11
5,3234,2,1,0,1,11
5,3240,2,1,2,0,11
5,3251,2,1,0,0,11
5,3272,2,1,0,0,11
5,3275,2,1,0,0,11
5,3295,2,1,1,0,11
5,3312,2,1,0,0,11
5,3331,2,1,0,1,11
5,3337,2,1,0,0,11
5,3345,2,1,0,1,11
5,3347,2,1,1,0,11
5,3383,2,1,2,0,11
5,3387,2,1,0,0,11
5,3403,2,1,0,1,11
5,3433,2,1,1,0,11
5,3435,2,1,2,0,11
5,3458,2,1,0,0,11
5,3467,2,1,2,0,11
5,3473,2,1,0,0,11
5,3486,2,1,0,1,11
5,3536,2,1,0,0,11
5,3539,2,1,0,0,11
5,3561,2,1,2,0,11
5,3599,2,1,0,0,11
5,3608,2,1,1,0,11
5,3619,2,1,2,0,11
5,3626,2,1,0,1,11
5,3666,2,1,0,0,11
5,3692,2,1,0,0,11
5,3696,2,1,2,0,11
5,3733,2,1,0,0,11
5,3735,2,1,0,0,11
5,3748,2,1,0,1,11
5,3764,2,1,0,0,11
5,3775,2,1,0,0,11
5,3809,2,1,0,0,11
5,3819,2,1,0,1,11
5,3821,2,1,0,0,11
5,3891,2,1,0,1,11
5,3895,2,1,0,0,11
5,3925,2,1,0,1,11
5,3936,2,1,0,1,11
5,3963,2,1,2,0,11
5,3972,2,1,0,0,11
5,3979,2,1,0,0,11
5,4010,2,1,0,0,11
5,4017,2,1,0,1,11
5,4026,2,1,0,0,11
5,4028,2,1,0,0,11
5,4060,2,1,0,1,11
5,4064,2,1,0,0,11
5,4100,2,1,0,1,11
5,4158,2,1,0,1,11
5,4180,2,1,0,1,11
5,4198,2,1,0,0,11
5,4214,2,1,1,0,11
5,4224,2,1,1,0,11
5,4234,2,1,2,0,11
5,4244,2,1,2,0,11
5,4248,2,1,0,1,11
5,4252,2,1,2,0,11
5,4269,2,1,0,0,11
5,4275,2,1,2,0,11
5,4283,2,1,0,0,11
5,4288,2,1,2,0,11
5,4315,2,1,2,0,11
5,4321,2,1,0,0,11
5,4340,2,1,0,0,11
5,4346,2,1,2,0,11
5,4363,2,1,0,0,11
5,4367,2,1,1,0,11
5,4372,2,1,2,0,11
5,4386,2,1,0,0,11
5,4397,2,1,0,0,11
5,4426,2,1,0,0,11
5,4438,2,1,0,1,11
5,4455,2,1,0,0,11
5,4456,2,1,0,0,11
5,4466,2,1,1,0,11
5,4487,2,1,0,1,11
5,4498,2,1,0,0,11
5,4522,2,1,0,0,11
5,4530,2,1,2,0,11
5,4545,2,1,0,1,11
5,4554,2,1,0,1,11
5,4556,2,1,0,1,11
5,4587,2,1,0,0,11
5,4593,2,1,0,0,11
5,4648,2,1,0,1,11
5,4690,2,1,0,1,11
5,4696,2,1,0,0,11
5,4698,2,1,2,0,11
5,4718,2,1,1,0,11
5,4743,2,1,0,0,11
5,4750,2,1,0,1,11
5,4757,2,1,1,0,11
5,4763,2,1,0,1,11
5,4766,2,1,0,0,11
5,4771,2,1,0,1,11
5,4782,2,1,0,0,11
5,4820,2,1,0,0,11
5,4832,2,1,0,0,11
5,4858,2,1,0,0,11
5,4894,2,1,0,0,11
5,4904,2,1,0,1,11
5,4908,2,1,0,0,11
5,4910,2,1,0,0,11
5,4937,2,1,0,1,11
5,4982,2,1,0,0,11
5,21,1,1,1,0,12
5,28,1,1,0,0,12
5,59,1,1,1,0,12
5,60,1,1,0,1,12
5,66,1,1,0,0,12
5,96,1,1,1,0,12
5,99,1,1,1,0,12
5,104,1,1,1,0,12
5,116,1,1,1,0,12
5,119,1,1,0,1,12
5,125,1,1,0,0,12
5,130,1,1,0,1,12
5,140,1,1,0,0,12
5,149,1,1,0,0,12
5,159,1,1,0,1,12
5,179,1,1,0,0,12
5,184,1,1,0,0,12
5,241,1,1,0,1,12
5,308,1,1,0,0,12
5,314,1,1,0,0,12
5,336,1,1,0,1,12
5,337,1,1,0,0,12
5,343,1,1,0,0,12
5,347,1,1,0,0,12
5,350,1,1,0,1,12
5,386,1,1,0,0,12
5,389,1,1,1,0,12
5,395,1,1,0,1,12
5,403,1,1,1,0,12
5,404,1,1,0,1,12
5,435,1,1,0,0,12
5,442,1,1,1,0,12
5,443,1,1,0,1,12
5,451,1,1,1,0,12
5,478,1,1,0,0,12
5,495,1,1,0,1,12
5,500,1,1,1,0,12
5,538,1,1,0,1,12
5,560,1,1,0,0,12
5,574,1,1,1,0,12
5,624,1,1,1,0,12
5,649,1,1,1,0,12
5,742,1,1,0,0,12
5,745,1,1,0,0,12
5,754,1,1,0,0,12
5,764,1,1,1,0,12
5,772,1,1,0,0,12
5,785,1,1,0,1,12
5,788,1,1,0,0,12
5,808,1,1,1,0,12
5,812,1,1,0,1,12
5,836,1,1,0,1,12
5,852,1,1,0,0,12
5,868,1,1,0,0,12
5,925,1,1,1,0,12
5,939,1,1,0,1,12
5,942,1,1,0,0,12
5,948,1,1,0,0,12
5,967,1,1,1,0,12
5,974,1,1,0,0,12
5,988,1,1,0,0,12
5,1022,1,1,1,0,12
5,1104,1,1,1,0,12
5,1118,1,1,0,0,12
5,1146,1,1,1,0,12
5,1152,1,1,1,0,12
5,1169,1,1,0,0,12
5,1179,1,1,0,1,12
5,1194,1,1,0,0,12
5,1209,1,1,0,1,12
5,1217,1,1,0,0,12
5,1223,1,1,1,0,12
5,1228,1,1,1,0,12
5,1247,1,1,0,1,12
5,1266,1,1,1,0,12
5,1268,1,1,0,0,12
5,1279,1,1,0,0,12
5,1285,1,1,0,0,12
5,1290,1,1,0,1,12
5,1310,1,1,0,0,12
5,1311,1,1,0,0,12
5,1322,1,1,0,1,12
5,1346,1,1,1,0,12
5,1354,1,1,0,0,12
5,1373,1,1,0,0,12
5,1378,1,1,0,1,12
5,1379,1,1,0,0,12
5,1382,1,1,0,1,12
5,1409,1,1,0,1,12
5,1423,1,1,0,0,12
5,1464,1,1,0,0,12
5,1500,1,1,1,0,12
5,1519,1,1,0,0,12
5,1540,1,1,0,0,12
5,1545,1,1,1,0,12
5,1552,1,1,0,1,12
5,1555,1,1,1,0,12
5,1563,1,1,1,0,12
5,1583,1,1,0,1,12
5,1611,1,1,1,0,12
5,1627,1,1,0,0,12
5,1631,1,1,0,1,12
5,1649,1,1,1,0,12
5,1656,1,1,1,0,12
5,1660,1,1,1,0,12
5,1739,1,1,1,0,12
5,1754,1,1,0,1,12
5,1757,1,1,0,0,12
5,1772,1,1,0,0,12
5,1784,1,1,1,0,12
5,1816,1,1,0,0,12
5,1838,1,1,0,0,12
5,1839,1,1,0,1,12
5,1868,1,1,0,0,12
5,1879,1,1,0,0,12
5,1889,1,1,0,0,12
5,1909,1,1,0,1,12
5,1921,1,1,0,1,12
5,1927,1,1,0,0,12
5,1940,1,1,0,0,12
5,1942,1,1,0,1,12
5,1946,1,1,1,0,12
5,1954,1,1,0,0,12
5,1959,1,1,0,0,12
5,1964,1,1,0,0,12
5,1982,1,1,1,0,12
5,1983,1,1,0,0,12
5,2001,1,1,0,0,12
5,2003,1,1,1,0,12
5,2015,1,1,0,0,12
5,2026,1,1,0,1,12
5,2057,1,1,1,0,12
5,2081,1,1,1,0,12
5,2106,1,1,0,0,12
5,2119,1,1,0,0,12
5,2120,1,1,0,0,12
5,2139,1,1,0,0,12
5,2153,1,1,0,0,12
5,2157,1,1,1,0,12
5,2160,1,1,0,1,12
5,2183,1,1,1,0,12
5,2185,1,1,0,1,12
5,2237,1,1,0,0,12
5,2273,1,1,0,0,12
5,2334,1,1,1,0,12
5,2372,1,1,0,1,12
5,2381,1,1,0,1,12
5,2392,1,1,0,0,12
5,2401,1,1,0,0,12
5,2447,1,1,0,0,12
5,2454,1,1,1,0,12
5,2458,1,1,0,0,12
5,2482,1,1,0,0,12
5,2489,1,1,1,0,12
5,2519,1,1,0,0,12
5,2522,1,1,0,1,12
5,2530,1,1,0,0,12
5,2536,1,1,0,0,12
5,2545,1,1,0,0,12
5,2562,1,1,0,1,12
5,2574,1,1,0,0,12
5,2614,1,1,0,0,12
5,2644,1,1,0,0,12
5,2646,1,1,0,0,12
5,2650,1,1,1,0,12
5,2717,1,1,1,0,12
5,2738,1,1,0,1,12
5,2752,1,1,0,1,12
5,2817,1,1,0,1,12
5,2833,1,1,1,0,12
5,2839,1,1,0,1,12
5,2851,1,1,0,0,12
5,2859,1,1,0,1,12
5,2863,1,1,0,0,12
5,2911,1,1,0,0,12
5,2927,1,1,0,0,12
5,2948,1,1,1,0,12
5,2957,1,1,0,0,12
5,2966,1,1,0,0,12
5,2979,1,1,1,0,12
5,3030,1,1,1,0,12
5,3039,1,1,0,0,12
5,3043,1,1,0,1,12
5,3048,1,1,1,0,12
5,3051,1,1,0,0,12
5,3093,1,1,0,0,12
5,3094,1,1,1,0,12
5,3104,1,1,0,1,12
5,3134,1,1,0,0,12
5,3153,1,1,0,0,12
5,3189,1,1,0,0,12
5,3198,1,1,0,1,12
5,3206,1,1,0,0,12
5,3227,1,1,0,0,12
5,3248,1,1,0,0,12
5,3252,1,1,0,0,12
5,3277,1,1,0,1,12
5,3287,1,1,0,1,12
5,3323,1,1,0,0,12
5,3341,1,1,0,1,12
5,3362,1,1,0,1,12
5,3377,1,1,0,0,12
5,3386,1,1,1,0,12
5,3420,1,1,0,0,12
5,3451,1,1,0,1,12
5,3452,1,1,0,0,12
5,3462,1,1,1,0,12
5,3468,1,1,0,0,12
5,3472,1,1,1,0,12
5,3502,1,1,1,0,12
5,3519,1,1,0,1,12
5,3521,1,1,0,0,12
5,3527,1,1,0,1,12
5,3571,1,1,1,0,12
5,3577,1,1,0,0,12
5,3627,1,1,0,0,12
5,3635,1,1,1,0,12
5,3642,1,1,0,1,12
5,3661,1,1,1,0,12
5,3662,1,1,1,0,12
5,3695,1,1,0,1,12
5,3732,1,1,1,0,12
5,3774,1,1,1,0,12
5,3786,1,1,1,0,12
5,3852,1,1,0,0,12
5,3867,1,1,0,1,12
5,3869,1,1,0,0,12
5,3875,1,1,0,0,12
5,3929,1,1,0,0,12
5,3932,1,1,0,1,12
5,3943,1,1,0,0,12
5,3953,1,1,0,0,12
5,3964,1,1,1,0,12
5,3983,1,1,0,1,12
5,3999,1,1,0,0,12
5,4057,1,1,0,0,12
5,4073,1,1,1,0,12
5,4122,1,1,0,0,12
5,4145,1,1,0,1,12
5,4151,1,1,0,0,12
5,4164,1,1,0,0,12
5,4169,1,1,1,0,12
5,4185,1,1,0,0,12
5,4213,1,1,0,0,12
5,4229,1,1,1,0,12
5,4242,1,1,0,0,12
5,4250,1,1,0,1,12
5,4258,1,1,0,0,12
5,4289,1,1,0,0,12
5,4302,1,1,0,1,12
5,4317,1,1,0,1,12
5,4332,1,1,0,0,12
5,4351,1,1,0,1,12
5,4393,1,1,0,0,12
5,4422,1,1,0,1,12
5,4433,1,1,0,0,12
5,4471,1,1,0,0,12
5,4481,1,1,1,0,12
5,4505,1,1,1,0,12
5,4541,1,1,1,0,12
5,4547,1,1,0,0,12
5,4564,1,1,0,0,12
5,4589,1,1,0,1,12
5,4600,1,1,0,0,12
5,4613,1,1,0,0,12
5,4665,1,1,0,0,12
5,4702,1,1,0,0,12
5,4728,1,1,1,0,12
5,4762,1,1,0,0,12
5,4765,1,1,1,0,12
5,4781,1,1,1,0,12
5,4846,1,1,1,0,12
5,4861,1,1,0,1,12
5,4864,1,1,0,0,12
5,4943,1,1,1,0,12
5,4964,1,1,0,0,12
5,4979,1,1,0,1,12
5,4992,1,1,0,0,12
5,5,1,2,1,0,13
5,8,1,2,0,2,13
5,12,1,2,1,0,13
5,16,1,2,1,0,13
5,19,1,2,0,0,13
5,24,1,2,0,0,13
5,26,1,2,0,2,13
5,33,1,2,0,0,13
5,39,1,2,0,2,13
5,44,1,2,1,0,13
5,45,1,2,0,1,13
5,56,1,2,0,2,13
5,57,1,2,0,1,13
5,63,1,2,0,0,13
5,72,1,2,0,0,13
5,83,1,2,0,0,13
5,87,1,2,0,1,13
5,112,1,2,0,2,13
5,118,1,2,0,0,13
5,123,1,2,0,0,13
5,126,1,2,1,0,13
5,127,1,2,0,2,13
5,129,1,2,0,0,13
5,144,1,2,1,0,13
5,147,1,2,1,0,13
5,152,1,2,0,0,13
5,170,1,2,0,0,13
5,189,1,2,1,0,13
5,196,1,2,0,2,13
5,202,1,2,1,0,13
5,217,1,2,1,0,13
5,225,1,2,1,0,13
5,236,1,2,0,0,13
5,248,1,2,0,0,13
5,253,1,2,0,1,13
5,257,1,2,1,0,13
5,259,1,2,0,0,13
5,260,1,2,0,0,13
5,266,1,2,1,0,13
5,276,1,2,0,2,13
5,279,1,2,0,0,13
5,280,1,2,0,0,13
5,282,1,2,1,0,13
5,285,1,2,0,2,13
5,307,1,2,0,0,13
5,309,1,2,0,0,13
5,316,1,2,1,0,13
5,319,1,2,0,0,13
5,320,1,2,0,0,13
5,322,1,2,0,0,13
5,326,1,2,1,0,13
5,339,1,2,0,2,13
5,344,1,2,0,1,13
5,345,1,2,1,0,13
5,356,1,2,0,0,13
5,357,1,2,0,0,13
5,360,1,2,0,2,13
5,368,1,2,0,0,13
5,373,1,2,1,0,13
5,374,1,2,0,2,13
5,376,1,2,0,0,13
5,382,1,2,0,2,13
5,397,1,2,0,0,13
5,399,1,2,0,0,13
5,400,1,2,1,0,13
5,409,1,2,0,1,13
5,421,1,2,0,1,13
5,427,1,2,0,0,13
5,433,1,2,1,0,13
5,462,1,2,0,0,13
5,467,1,2,0,0,13
5,474,1,2,1,0,13
5,493,1,2,1,0,13
5,498,1,2,0,0,13
5,499,1,2,0,0,13
5,505,1,2,0,0,13
5,506,1,2,0,0,13
5,516,1,2,1,0,13
5,530,1,2,0,2,13
5,531,1,2,0,0,13
5,533,1,2,0,0,13
5,541,1,2,0,0,13
5,543,1,2,0,0,13
5,566,1,2,0,0,13
5,573,1,2,1,0,13
5,581,1,2,0,0,13
5,584,1,2,0,2,13
5,596,1,2,0,1,13
5,600,1,2,1,0,13
5,603,1,2,0,0,13
5,605,1,2,1,0,13
5,608,1,2,0,0,13
5,610,1,2,0,1,13
5,619,1,2,0,0,13
5,621,1,2,1,0,13
5,622,1,2,0,0,13
5,631,1,2,0,0,13
5,632,1,2,0,0,13
5,636,1,2,0,0,13
5,641,1,2,0,0,13
5,655,1,2,0,0,13
5,665,1,2,0,2,13
5,667,1,2,0,0,13
5,668,1,2,0,0,13
5,671,1,2,0,2,13
5,674,1,2,0,0,13
5,677,1,2,0,2,13
5,683,1,2,1,0,13
5,688,1,2,1,0,13
5,694,1,2,1,0,13
5,699,1,2,0,0,13
5,702,1,2,1,0,13
5,704,1,2,0,2,13
5,708,1,2,0,2,13
5,719,1,2,1,0,13
5,723,1,2,0,0,13
5,727,1,2,0,2,13
5,743,1,2,0,1,13
5,744,1,2,1,0,13
5,746,1,2,0,0,13
5,749,1,2,0,1,13
5,757,1,2,0,0,13
5,760,1,2,0,0,13
5,773,1,2,0,0,13
5,777,1,2,1,0,13
5,779,1,2,0,0,13
5,786,1,2,0,0,13
5,811,1,2,0,0,13
5,813,1,2,0,0,13
5,822,1,2,0,0,13
5,827,1,2,1,0,13
5,830,1,2,0,0,13
5,832,1,2,0,1,13
5,837,1,2,0,2,13
5,841,1,2,0,2,13
5,846,1,2,0,0,13
5,856,1,2,0,0,13
5,859,1,2,0,1,13
5,860,1,2,1,0,13
5,880,1,2,0,2,13
5,881,1,2,0,0,13
5,883,1,2,0,2,13
5,885,1,2,0,2,13
5,888,1,2,0,0,13
5,897,1,2,1,0,13
5,904,1,2,0,0,13
5,914,1,2,0,0,13
5,916,1,2,1,0,13
5,920,1,2,0,0,13
5,921,1,2,0,1,13
5,931,1,2,1,0,13
5,934,1,2,0,0,13
5,935,1,2,1,0,13
5,937,1,2,0,2,13
5,949,1,2,0,0,13
5,951,1,2,1,0,13
5,957,1,2,1,0,13
5,960,1,2,0,0,13
5,964,1,2,0,2,13
5,965,1,2,0,2,13
5,979,1,2,0,0,13
5,981,1,2,0,2,13
5,985,1,2,1,0,13
5,994,1,2,0,0,13
5,997,1,2,1,0,13
5,1011,1,2,1,0,13
5,1017,1,2,0,2,13
5,1018,1,2,0,2,13
5,1020,1,2,0,2,13
5,1031,1,2,0,0,13
5,1032,1,2,0,0,13
5,1034,1,2,0,1,13
5,1043,1,2,0,0,13
5,1045,1,2,0,0,13
5,1051,1,2,0,0,13
5,1053,1,2,0,0,13
5,1056,1,2,0,0,13
5,1072,1,2,1,0,13
5,1073,1,2,0,1,13
5,1074,1,2,0,0,13
5,1082,1,2,0,0,13
5,1087,1,2,0,0,13
5,1098,1,2,0,2,13
5,1099,1,2,0,0,13
5,1108,1,2,0,1,13
5,1111,1,2,0,0,13
5,1117,1,2,1,0,13
5,1120,1,2,1,0,13
5,1121,1,2,1,0,13
5,1126,1,2,0,0,13
5,1131,1,2,0,0,13
5,1138,1,2,1,0,13
5,1141,1,2,0,2,13
5,1155,1,2,0,0,13
5,1165,1,2,0,2,13
5,1189,1,2,1,0,13
5,1191,1,2,0,2,13
5,1192,1,2,0,2,13
5,1201,1,2,0,2,13
5,1211,1,2,1,0,13
5,1221,1,2,0,0,13
5,1227,1,2,1,0,13
5,1236,1,2,0,1,13
5,1249,1,2,1,0,13
5,1253,1,2,0,0,13
5,1267,1,2,1,0,13
5,1273,1,2,1,0,13
5,1276,1,2,0,2,13
5,1277,1,2,0,0,13
5,1280,1,2,1,0,13
5,1291,1,2,0,2,13
5,1303,1,2,0,2,13
5,1308,1,2,0,0,13
5,1309,1,2,1,0,13
5,1313,1,2,1,0,13
5,1316,1,2,0,0,13
5,1330,1,2,1,0,13
5,1334,1,2,1,0,13
5,1338,1,2,0,0,13
5,1340,1,2,0,0,13
5,1342,1,2,0,0,13
5,1343,1,2,0,2,13
5,1347,1,2,1,0,13
5,1353,1,2,0,0,13
5,1365,1,2,0,0,13
5,1377,1,2,0,0,13
5,1385,1,2,1,0,13
5,1388,1,2,0,0,13
5,1399,1,2,0,0,13
5,1406,1,2,1,0,13
5,1412,1,2,1,0,13
5,1416,1,2,1,0,13
5,1420,1,2,1,0,13
5,1430,1,2,0,0,13
5,1432,1,2,0,0,13
5,1441,1,2,0,0,13
5,1445,1,2,0,0,13
5,1453,1,2,1,0,13
5,1459,1,2,0,0,13
5,1467,1,2,0,0,13
5,1468,1,2,0,0,13
5,1473,1,2,0,0,13
5,1474,1,2,0,0,13
5,1480,1,2,0,0,13
5,1485,1,2,0,0,13
5,1490,1,2,0,0,13
5,1513,1,2,0,0,13
5,1516,1,2,1,0,13
5,1531,1,2,1,0,13
5,1539,1,2,0,2,13
5,1548,1,2,0,0,13
5,1549,1,2,0,0,13
5,1554,1,2,0,0,13
5,1556,1,2,0,0,13
5,1557,1,2,0,0,13
5,1561,1,2,1,0,13
5,1584,1,2,1,0,13
5,1585,1,2,0,2,13
5,1594,1,2,0,0,13
5,1599,1,2,0,0,13
5,1604,1,2,0,0,13
5,1605,1,2,1,0,13
5,1607,1,2,0,0,13
5,1610,1,2,1,0,13
5,1618,1,2,1,0,13
5,1619,1,2,0,0,13
5,1622,1,2,0,0,13
5,1632,1,2,0,0,13
5,1666,1,2,1,0,13
5,1668,1,2,0,2,13
5,1674,1,2,0,0,13
5,1676,1,2,0,1,13
5,1687,1,2,1,0,13
5,1688,1,2,0,2,13
5,1690,1,2,1,0,13
5,1693,1,2,0,0,13
5,1701,1,2,1,0,13
5,1707,1,2,0,1,13
5,1718,1,2,1,0,13
5,1720,1,2,0,0,13
5,1726,1,2,0,1,13
5,1740,1,2,0,0,13
5,1756,1,2,0,0,13
5,1760,1,2,0,2,13
5,1779,1,2,0,2,13
5,1780,1,2,0,0,13
5,1783,1,2,0,1,13
5,1792,1,2,0,2,13
5,1808,1,2,0,2,13
5,1823,1,2,0,0,13
5,1837,1,2,0,2,13
5,1845,1,2,0,0,13
5,1852,1,2,0,0,13
5,1855,1,2,1,0,13
5,1860,1,2,0,0,13
5,1867,1,2,0,1,13
5,1874,1,2,0,0,13
5,1887,1,2,1,0,13
5,1888,1,2,0,0,13
5,1902,1,2,0,2,13
5,1904,1,2,0,1,13
5,1920,1,2,0,1,13
5,1926,1,2,1,0,13
5,1931,1,2,1,0,13
5,1933,1,2,1,0,13
5,1935,1,2,0,2,13
5,1962,1,2,1,0,13
5,1970,1,2,0,0,13
5,1979,1,2,0,0,13
5,1990,1,2,0,0,13
5,1993,1,2,0,0,13
5,2000,1,2,1,0,13
5,2007,1,2,0,0,13
5,2010,1,2,0,1,13
5,2019,1,2,0,1,13
5,2025,1,2,0,0,13
5,2031,1,2,0,0,13
5,2046,1,2,1,0,13
5,2050,1,2,0,0,13
5,2058,1,2,0,0,13
5,2080,1,2,0,0,13
5,2087,1,2,0,0,13
5,2089,1,2,0,0,13
5,2092,1,2,0,0,13
5,2093,1,2,1,0,13
5,2105,1,2,1,0,13
5,2107,1,2,0,0,13
5,2112,1,2,1,0,13
5,2117,1,2,0,0,13
5,2128,1,2,1,0,13
5,2138,1,2,1,0,13
5,2140,1,2,0,0,13
5,2142,1,2,0,0,13
5,2149,1,2,0,0,13
5,2166,1,2,0,2,13
5,2194,1,2,0,0,13
5,2209,1,2,0,0,13
5,2210,1,2,0,0,13
5,2213,1,2,0,2,13
5,2218,1,2,0,2,13
5,2221,1,2,0,0,13
5,2224,1,2,0,1,13
5,2245,1,2,1,0,13
5,2246,1,2,1,0,13
5,2249,1,2,0,1,13
5,2252,1,2,0,0,13
5,2253,1,2,1,0,13
5,2271,1,2,0,0,13
5,2286,1,2,1,0,13
5,2302,1,2,0,2,13
5,2306,1,2,0,1,13
5,2309,1,2,0,2,13
5,2314,1,2,0,2,13
5,2317,1,2,1,0,13
5,2318,1,2,0,0,13
5,2324,1,2,0,0,13
5,2328,1,2,1,0,13
5,2337,1,2,0,1,13
5,2340,1,2,1,0,13
5,2349,1,2,0,2,13
5,2351,1,2,0,0,13
5,2357,1,2,0,1,13
5,2365,1,2,0,0,13
5,2377,1,2,0,0,13
5,2387,1,2,0,2,13
5,2393,1,2,0,0,13
5,2403,1,2,0,2,13
5,2411,1,2,1,0,13
5,2413,1,2,0,0,13
5,2417,1,2,0,0,13
5,2418,1,2,0,2,13
5,2419,1,2,1,0,13
5,2423,1,2,1,0,13
5,2424,1,2,0,0,13
5,2425,1,2,0,1,13
5,2431,1,2,0,0,13
5,2434,1,2,0,0,13
5,2438,1,2,1,0,13
5,2443,1,2,1,0,13
5,2462,1,2,0,0,13
5,2465,1,2,0,1,13
5,2479,1,2,0,0,13
5,2483,1,2,0,0,13
5,2485,1,2,0,0,13
5,2486,1,2,0,0,13
5,2492,1,2,0,0,13
5,2494,1,2,0,0,13
5,2507,1,2,0,1,13
5,2508,1,2,0,0,13
5,2511,1,2,0,1,13
5,2533,1,2,0,0,13
5,2541,1,2,1,0,13
5,2553,1,2,0,2,13
5,2555,1,2,0,0,13
5,2557,1,2,0,0,13
5,2568,1,2,1,0,13
5,2571,1,2,0,2,13
5,2572,1,2,0,0,13
5,2573,1,2,0,0,13
5,2593,1,2,0,0,13
5,2599,1,2,0,2,13
5,2600,1,2,0,2,13
5,2603,1,2,0,2,13
5,2629,1,2,1,0,13
5,2636,1,2,0,0,13
5,2639,1,2,1,0,13
5,2641,1,2,0,1,13
5,2647,1,2,0,0,13
5,2648,1,2,1,0,13
5,2654,1,2,0,0,13
5,2662,1,2,0,2,13
5,2665,1,2,1,0,13
5,2680,1,2,1,0,13
5,2685,1,2,0,0,13
5,2687,1,2,0,0,13
5,2692,1,2,0,0,13
5,2693,1,2,0,0,13
5,2695,1,2,0,0,13
5,2697,1,2,0,0,13
5,2703,1,2,1,0,13
5,2706,1,2,1,0,13
5,2707,1,2,0,0,13
5,2709,1,2,0,0,13
5,2715,1,2,1,0,13
5,2727,1,2,0,2,13
5,2733,1,2,0,2,13
5,2735,1,2,0,0,13
5,2739,1,2,1,0,13
5,2743,1,2,1,0,13
5,2748,1,2,1,0,13
5,2759,1,2,0,0,13
5,2762,1,2,0,2,13
5,2767,1,2,0,0,13
5,2769,1,2,0,2,13
5,2777,1,2,0,0,13
5,2780,1,2,1,0,13
5,2782,1,2,0,0,13
5,2785,1,2,0,0,13
5,2787,1,2,0,0,13
5,2791,1,2,0,0,13
5,2796,1,2,1,0,13
5,2803,1,2,1,0,13
5,2815,1,2,0,0,13
5,2828,1,2,0,0,13
5,2852,1,2,0,0,13
5,2853,1,2,0,0,13
5,2855,1,2,0,2,13
5,2866,1,2,0,0,13
5,2868,1,2,0,0,13
5,2887,1,2,0,0,13
5,2898,1,2,0,1,13
5,2902,1,2,0,0,13
5,2903,1,2,1,0,13
5,2905,1,2,0,2,13
5,2916,1,2,0,2,13
5,2918,1,2,0,0,13
5,2929,1,2,1,0,13
5,2930,1,2,0,0,13
5,2931,1,2,0,2,13
5,2932,1,2,0,2,13
5,2943,1,2,0,0,13
5,2953,1,2,0,2,13
5,2965,1,2,0,2,13
5,2993,1,2,0,0,13
5,2998,1,2,0,0,13
5,2999,1,2,0,0,13
5,3003,1,2,0,0,13
5,3010,1,2,0,0,13
5,3011,1,2,0,2,13
5,3021,1,2,0,0,13
5,3026,1,2,0,0,13
5,3042,1,2,0,2,13
5,3044,1,2,0,0,13
5,3046,1,2,0,0,13
5,3050,1,2,1,0,13
5,3052,1,2,1,0,13
5,3054,1,2,0,0,13
5,3069,1,2,1,0,13
5,3071,1,2,0,1,13
5,3076,1,2,0,0,13
5,3078,1,2,0,0,13
5,3079,1,2,1,0,13
5,3095,1,2,0,0,13
5,3100,1,2,0,1,13
5,3101,1,2,1,0,13
5,3103,1,2,0,0,13
5,3105,1,2,0,0,13
5,3115,1,2,0,0,13
5,3130,1,2,0,1,13
5,3155,1,2,1,0,13
5,3171,1,2,0,0,13
5,3172,1,2,0,2,13
5,3175,1,2,0,0,13
5,3184,1,2,0,2,13
5,3192,1,2,0,2,13
5,3196,1,2,1,0,13
5,3202,1,2,0,2,13
5,3203,1,2,0,0,13
5,3204,1,2,0,2,13
5,3207,1,2,0,0,13
5,3218,1,2,1,0,13
5,3233,1,2,0,2,13
5,3244,1,2,0,0,13
5,3255,1,2,0,0,13
5,3269,1,2,0,0,13
5,3282,1,2,1,0,13
5,3284,1,2,0,0,13
5,3290,1,2,0,0,13
5,3292,1,2,0,1,13
5,3297,1,2,0,0,13
5,3304,1,2,1,0,13
5,3318,1,2,0,0,13
5,3322,1,2,0,0,13
5,3327,1,2,0,0,13
5,3336,1,2,0,0,13
5,3342,1,2,0,1,13
5,3357,1,2,0,0,13
5,3369,1,2,0,0,13
5,3371,1,2,1,0,13
5,3385,1,2,1,0,13
5,3393,1,2,0,2,13
5,3405,1,2,0,0,13
5,3408,1,2,0,0,13
5,3409,1,2,0,0,13
5,3413,1,2,0,1,13
5,3415,1,2,0,0,13
5,3418,1,2,0,0,13
5,3421,1,2,1,0,13
5,3436,1,2,0,2,13
5,3442,1,2,1,0,13
5,3443,1,2,0,2,13
5,3444,1,2,0,0,13
5,3448,1,2,1,0,13
5,3460,1,2,0,2,13
5,3464,1,2,0,1,13
5,3465,1,2,0,0,13
5,3475,1,2,0,1,13
5,3482,1,2,1,0,13
5,3487,1,2,0,0,13
5,3493,1,2,0,0,13
5,3494,1,2,0,1,13
5,3499,1,2,0,0,13
5,3504,1,2,0,0,13
5,3506,1,2,1,0,13
5,3508,1,2,1,0,13
5,3509,1,2,0,0,13
5,3514,1,2,0,0,13
5,3520,1,2,0,0,13
5,3533,1,2,1,0,13
5,3545,1,2,1,0,13
5,3557,1,2,0,0,13
5,3559,1,2,0,0,13
5,3565,1,2,0,2,13
5,3572,1,2,1,0,13
5,3575,1,2,1,0,13
5,3576,1,2,0,0,13
5,3590,1,2,0,2,13
5,3611,1,2,0,0,13
5,3620,1,2,1,0,13
5,3624,1,2,0,0,13
5,3633,1,2,0,0,13
5,3634,1,2,1,0,13
5,3653,1,2,0,1,13
5,3654,1,2,1,0,13
5,3663,1,2,0,1,13
5,3667,1,2,0,2,13
5,3676,1,2,0,0,13
5,3683,1,2,0,0,13
5,3701,1,2,0,1,13
5,3713,1,2,1,0,13
5,3714,1,2,0,0,13
5,3715,1,2,0,0,13
5,3723,1,2,0,2,13
5,3725,1,2,0,0,13
5,3731,1,2,0,0,13
5,3736,1,2,0,0,13
5,3738,1,2,0,2,13
5,3743,1,2,1,0,13
5,3747,1,2,0,2,13
5,3751,1,2,0,0,13
5,3761,1,2,0,0,13
5,3763,1,2,0,0,13
5,3777,1,2,0,0,13
5,3780,1,2,0,0,13
5,3798,1,2,0,0,13
5,3805,1,2,0,0,13
5,3806,1,2,1,0,13
5,3807,1,2,0,0,13
5,3817,1,2,1,0,13
5,3833,1,2,0,0,13
5,3844,1,2,0,1,13
5,3864,1,2,0,2,13
5,3874,1,2,0,0,13
5,3890,1,2,0,0,13
5,3900,1,2,0,0,13
5,3911,1,2,0,2,13
5,3914,1,2,1,0,13
5,3919,1,2,0,0,13
5,3920,1,2,0,0,13
5,3921,1,2,0,2,13
5,3928,1,2,0,2,13
5,3933,1,2,0,0,13
5,3960,1,2,0,0,13
5,3965,1,2,0,1,13
5,3968,1,2,0,0,13
5,3969,1,2,0,0,13
5,3973,1,2,0,2,13
5,3978,1,2,0,2,13
5,3981,1,2,0,2,13
5,3985,1,2,0,2,13
5,3987,1,2,0,0,13
5,3991,1,2,1,0,13
5,3995,1,2,1,0,13
5,3997,1,2,0,0,13
5,4007,1,2,1,0,13
5,4014,1,2,1,0,13
5,4016,1,2,0,2,13
5,4050,1,2,0,2,13
5,4056,1,2,1,0,13
5,4066,1,2,1,0,13
5,4069,1,2,0,2,13
5,4071,1,2,0,0,13
5,4072,1,2,1,0,13
5,4077,1,2,0,2,13
5,4078,1,2,0,0,13
5,4080,1,2,0,0,13
5,4082,1,2,0,0,13
5,4084,1,2,0,0,13
5,4086,1,2,0,2,13
5,4123,1,2,0,2,13
5,4140,1,2,1,0,13
5,4161,1,2,1,0,13
5,4166,1,2,0,0,13
5,4188,1,2,0,0,13
5,4192,1,2,0,1,13
5,4200,1,2,1,0,13
5,4208,1,2,0,0,13
5,4211,1,2,0,0,13
5,4217,1,2,1,0,13
5,4232,1,2,0,1,13
5,4233,1,2,0,2,13
5,4237,1,2,1,0,13
5,4239,1,2,0,0,13
5,4254,1,2,0,0,13
5,4265,1,2,0,0,13
5,4266,1,2,1,0,13
5,4281,1,2,1,0,13
5,4285,1,2,0,0,13
5,4299,1,2,0,0,13
5,4300,1,2,0,0,13
5,4306,1,2,0,0,13
5,4330,1,2,1,0,13
5,4335,1,2,1,0,13
5,4337,1,2,0,2,13
5,4348,1,2,0,0,13
5,4356,1,2,0,2,13
5,4358,1,2,0,2,13
5,4368,1,2,0,0,13
5,4376,1,2,1,0,13
5,4381,1,2,1,0,13
5,4389,1,2,0,0,13
5,4400,1,2,0,2,13
5,4402,1,2,0,0,13
5,4408,1,2,0,1,13
5,4412,1,2,0,0,13
5,4417,1,2,0,0,13
5,4421,1,2,0,0,13
5,4423,1,2,0,0,13
5,4435,1,2,0,0,13
5,4436,1,2,0,0,13
5,4447,1,2,0,2,13
5,4451,1,2,0,2,13
5,4461,1,2,0,0,13
5,4479,1,2,0,0,13
5,4488,1,2,0,0,13
5,4490,1,2,1,0,13
5,4491,1,2,0,2,13
5,4516,1,2,1,0,13
5,4520,1,2,1,0,13
5,4527,1,2,1,0,13
5,4528,1,2,1,0,13
5,4538,1,2,0,0,13
5,4544,1,2,0,0,13
5,4546,1,2,0,2,13
5,4551,1,2,0,0,13
5,4573,1,2,1,0,13
5,4575,1,2,0,1,13
5,4581,1,2,0,0,13
5,4595,1,2,1,0,13
5,4598,1,2,1,0,13
5,4604,1,2,0,2,13
5,4619,1,2,0,0,13
5,4620,1,2,1,0,13
5,4627,1,2,0,0,13
5,4635,1,2,0,2,13
5,4638,1,2,0,0,13
5,4651,1,2,0,0,13
5,4652,1,2,0,2,13
5,4655,1,2,0,0,13
5,4657,1,2,1,0,13
5,4658,1,2,0,2,13
5,4662,1,2,0,1,13
5,4671,1,2,1,0,13
5,4673,1,2,0,0,13
5,4674,1,2,0,0,13
5,4682,1,2,0,1,13
5,4685,1,2,1,0,13
5,4688,1,2,1,0,13
5,4694,1,2,1,0,13
5,4700,1,2,1,0,13
5,4712,1,2,1,0,13
5,4720,1,2,0,0,13
5,4724,1,2,1,0,13
5,4726,1,2,0,0,13
5,4731,1,2,0,0,13
5,4732,1,2,0,0,13
5,4748,1,2,0,0,13
5,4749,1,2,0,0,13
5,4751,1,2,0,0,13
5,4755,1,2,0,0,13
5,4759,1,2,0,0,13
5,4774,1,2,0,1,13
5,4785,1,2,0,0,13
5,4788,1,2,0,0,13
5,4792,1,2,1,0,13
5,4793,1,2,1,0,13
5,4794,1,2,0,0,13
5,4796,1,2,0,0,13
5,4801,1,2,0,0,13
5,4808,1,2,0,2,13
5,4813,1,2,1,0,13
5,4817,1,2,0,0,13
5,4827,1,2,1,0,13
5,4831,1,2,0,2,13
5,4844,1,2,0,0,13
5,4845,1,2,0,0,13
5,4848,1,2,0,0,13
5,4857,1,2,0,1,13
5,4872,1,2,0,0,13
5,4880,1,2,0,2,13
5,4882,1,2,0,2,13
5,4890,1,2,0,0,13
5,4900,1,2,0,0,13
5,4903,1,2,0,0,13
5,4916,1,2,1,0,13
5,4921,1,2,0,0,13
5,4923,1,2,0,0,13
5,4930,1,2,1,0,13
5,4932,1,2,1,0,13
5,4940,1,2,0,1,13
5,4949,1,2,0,0,13
5,4950,1,2,0,0,13
5,4951,1,2,0,0,13
5,4963,1,2,0,0,13
5,4974,1,2,1,0,13
5,4980,1,2,0,0,13
5,4981,1,2,1,0,13
5,4987,1,2,0,2,13
5,4995,1,2,0,0,13
5,37,1,1,1,0,14
5,64,1,1,0,0,14
5,68,1,1,0,0,14
5,70,1,1,0,0,14
5,71,1,1,0,1,14
5,75,1,1,0,1,14
5,79,1,1,1,0,14
5,90,1,1,0,1,14
5,91,1,1,1,0,14
5,173,1,1,0,0,14
5,183,1,1,0,1,14
5,191,1,1,0,0,14
5,200,1,1,0,0,14
5,201,1,1,0,0,14
5,215,1,1,0,1,14
5,218,1,1,0,0,14
5,219,1,1,0,1,14
5,229,1,1,0,0,14
5,242,1,1,1,0,14
5,245,1,1,1,0,14
5,252,1,1,0,1,14
5,263,1,1,1,0,14
5,290,1,1,0,0,14
5,291,1,1,1,0,14
5,300,1,1,0,0,14
5,302,1,1,0,1,14
5,304,1,1,1,0,14
5,310,1,1,0,0,14
5,325,1,1,0,1,14
5,334,1,1,0,0,14
5,366,1,1,1,0,14
5,383,1,1,0,0,14
5,387,1,1,0,1,14
5,431,1,1,0,0,14
5,438,1,1,1,0,14
5,455,1,1,0,1,14
5,457,1,1,0,0,14
5,486,1,1,0,0,14
5,489,1,1,0,0,14
5,510,1,1,0,0,14
5,513,1,1,1,0,14
5,523,1,1,1,0,14
5,539,1,1,0,1,14
5,555,1,1,0,0,14
5,558,1,1,1,0,14
5,561,1,1,0,0,14
5,580,1,1,0,0,14
5,609,1,1,1,0,14
5,623,1,1,1,0,14
5,625,1,1,1,0,14
5,633,1,1,0,0,14
5,642,1,1,0,0,14
5,658,1,1,0,0,14
5,687,1,1,1,0,14
5,724,1,1,0,0,14
5,731,1,1,0,1,14
5,740,1,1,0,0,14
5,758,1,1,0,0,14
5,770,1,1,0,0,14
5,809,1,1,0,0,14
5,821,1,1,0,0,14
5,834,1,1,0,1,14
5,839,1,1,0,0,14
5,870,1,1,0,0,14
5,896,1,1,0,0,14
5,912,1,1,0,1,14
5,927,1,1,1,0,14
5,972,1,1,0,1,14
5,975,1,1,1,0,14
5,982,1,1,1,0,14
5,989,1,1,0,0,14
5,1007,1,1,1,0,14
5,1008,1,1,0,0,14
5,1012,1,1,0,1,14
5,1023,1,1,0,0,14
5,1026,1,1,0,1,14
5,1036,1,1,0,0,14
5,1044,1,1,0,1,14
5,1048,1,1,0,0,14
5,1052,1,1,1,0,14
5,1062,1,1,1,0,14
5,1066,1,1,0,0,14
5,1069,1,1,0,1,14
5,1071,1,1,0,0,14
5,1076,1,1,1,0,14
5,1092,1,1,1,0,14
5,1139,1,1,0,0,14
5,1142,1,1,0,1,14
5,1144,1,1,0,0,14
5,1147,1,1,0,0,14
5,1161,1,1,0,0,14
5,1178,1,1,0,0,14
5,1190,1,1,0,0,14
5,1208,1,1,0,1,14
5,1222,1,1,0,1,14
5,1226,1,1,1,0,14
5,1251,1,1,0,1,14
5,1278,1,1,0,0,14
5,1281,1,1,0,1,14
5,1283,1,1,0,0,14
5,1301,1,1,0,0,14
5,1302,1,1,0,0,14
5,1304,1,1,0,0,14
5,1318,1,1,0,0,14
5,1323,1,1,0,0,14
5,1327,1,1,1,0,14
5,1348,1,1,0,0,14
5,1349,1,1,0,0,14
5,1401,1,1,0,0,14
5,1404,1,1,1,0,14
5,1418,1,1,0,0,14
5,1431,1,1,0,0,14
5,1438,1,1,1,0,14
5,1462,1,1,1,0,14
5,1471,1,1,0,1,14
5,1493,1,1,0,0,14
5,1502,1,1,0,1,14
5,1507,1,1,0,0,14
5,1508,1,1,0,0,14
5,1522,1,1,1,0,14
5,1581,1,1,0,1,14
5,1588,1,1,0,0,14
5,1597,1,1,0,0,14
5,1608,1,1,0,1,14
5,1624,1,1,0,0,14
5,1641,1,1,0,0,14
5,1647,1,1,1,0,14
5,1653,1,1,0,1,14
5,1662,1,1,0,0,14
5,1677,1,1,1,0,14
5,1678,1,1,1,0,14
5,1683,1,1,0,1,14
5,1710,1,1,0,1,14
5,1719,1,1,0,1,14
5,1722,1,1,0,0,14
5,1751,1,1,0,1,14
5,1753,1,1,0,0,14
5,1778,1,1,0,1,14
5,1786,1,1,0,0,14
5,1799,1,1,1,0,14
5,1806,1,1,0,1,14
5,1815,1,1,1,0,14
5,1824,1,1,1,0,14
5,1830,1,1,0,0,14
5,1834,1,1,1,0,14
5,1841,1,1,0,0,14
5,1844,1,1,0,0,14
5,1858,1,1,0,0,14
5,1878,1,1,0,1,14
5,1918,1,1,0,0,14
5,1922,1,1,0,0,14
5,1925,1,1,0,0,14
5,1961,1,1,0,0,14
5,1966,1,1,0,0,14
5,1981,1,1,0,0,14
5,1991,1,1,1,0,14
5,2009,1,1,0,0,14
5,2020,1,1,0,1,14
5,2049,1,1,0,0,14
5,2060,1,1,0,1,14
5,2061,1,1,0,0,14
5,2064,1,1,0,0,14
5,2075,1,1,0,1,14
5,2083,1,1,0,0,14
5,2102,1,1,0,0,14
5,2133,1,1,1,0,14
5,2137,1,1,0,1,14
5,2161,1,1,1,0,14
5,2181,1,1,0,0,14
5,2182,1,1,0,0,14
5,2187,1,1,0,1,14
5,2206,1,1,1,0,14
5,2222,1,1,1,0,14
5,2230,1,1,0,1,14
5,2231,1,1,0,0,14
5,2233,1,1,0,0,14
5,2242,1,1,1,0,14
5,2248,1,1,0,0,14
5,2272,1,1,0,0,14
5,2277,1,1,0,0,14
5,2289,1,1,0,0,14
5,2300,1,1,1,0,14
5,2310,1,1,1,0,14
5,2319,1,1,0,1,14
5,2323,1,1,0,0,14
5,2333,1,1,1,0,14
5,2342,1,1,1,0,14
5,2354,1,1,0,1,14
5,2371,1,1,0,1,14
5,2439,1,1,1,0,14
5,2449,1,1,0,0,14
5,2471,1,1,0,1,14
5,2476,1,1,0,1,14
5,2497,1,1,0,0,14
5,2501,1,1,0,0,14
5,2502,1,1,1,0,14
5,2538,1,1,1,0,14
5,2566,1,1,0,0,14
5,2567,1,1,0,0,14
5,2609,1,1,0,0,14
5,2612,1,1,0,0,14
5,2616,1,1,0,0,14
5,2620,1,1,0,0,14
5,2642,1,1,1,0,14
5,2649,1,1,1,0,14
5,2679,1,1,0,0,14
5,2710,1,1,0,1,14
5,2757,1,1,1,0,14
5,2771,1,1,0,0,14
5,2772,1,1,1,0,14
5,2794,1,1,0,0,14
5,2809,1,1,0,0,14
5,2826,1,1,0,0,14
5,2840,1,1,0,0,14
5,2881,1,1,1,0,14
5,2917,1,1,1,0,14
5,2922,1,1,0,0,14
5,2955,1,1,0,0,14
5,2972,1,1,0,1,14
5,2988,1,1,0,1,14
5,3057,1,1,0,0,14
5,3072,1,1,1,0,14
5,3074,1,1,0,1,14
5,3080,1,1,1,0,14
5,3081,1,1,0,0,14
5,3128,1,1,0,1,14
5,3132,1,1,1,0,14
5,3133,1,1,0,0,14
5,3140,1,1,0,1,14
5,3147,1,1,0,0,14
5,3159,1,1,0,1,14
5,3220,1,1,1,0,14
5,3245,1,1,0,0,14
5,3249,1,1,0,1,14
5,3267,1,1,0,1,14
5,3271,1,1,0,0,14
5,3273,1,1,0,0,14
5,3276,1,1,0,0,14
5,3288,1,1,1,0,14
5,3311,1,1,0,0,14
5,3328,1,1,0,0,14
5,3346,1,1,0,1,14
5,3355,1,1,0,0,14
5,3359,1,1,0,0,14
5,3361,1,1,0,1,14
5,3363,1,1,0,0,14
5,3381,1,1,0,1,14
5,3390,1,1,0,0,14
5,3440,1,1,1,0,14
5,3447,1,1,0,1,14
5,3484,1,1,1,0,14
5,3489,1,1,0,0,14
5,3497,1,1,0,0,14
5,3537,1,1,1,0,14
5,3551,1,1,0,0,14
5,3552,1,1,0,0,14
5,3573,1,1,1,0,14
5,3581,1,1,0,0,14
5,3645,1,1,1,0,14
5,3647,1,1,0,0,14
5,3681,1,1,1,0,14
5,3685,1,1,1,0,14
5,3687,1,1,0,0,14
5,3709,1,1,0,0,14
5,3710,1,1,0,0,14
5,3726,1,1,0,1,14
5,3784,1,1,0,0,14
5,3789,1,1,0,0,14
5,3792,1,1,0,1,14
5,3800,1,1,1,0,14
5,3829,1,1,0,0,14
5,3845,1,1,0,0,14
5,3878,1,1,1,0,14
5,3881,1,1,0,0,14
5,3886,1,1,0,0,14
5,3938,1,1,0,1,14
5,3940,1,1,1,0,14
5,3951,1,1,0,0,14
5,3954,1,1,0,0,14
5,4009,1,1,0,1,14
5,4023,1,1,0,0,14
5,4024,1,1,0,0,14
5,4027,1,1,0,1,14
5,4065,1,1,1,0,14
5,4068,1,1,1,0,14
5,4074,1,1,0,0,14
5,4090,1,1,0,1,14
5,4105,1,1,0,0,14
5,4115,1,1,0,1,14
5,4120,1,1,0,0,14
5,4128,1,1,1,0,14
5,4135,1,1,0,0,14
5,4146,1,1,0,1,14
5,4147,1,1,0,0,14
5,4173,1,1,0,0,14
5,4175,1,1,0,1,14
5,4204,1,1,0,1,14
5,4255,1,1,0,0,14
5,4256,1,1,0,0,14
5,4262,1,1,0,0,14
5,4270,1,1,1,0,14
5,4276,1,1,0,0,14
5,4286,1,1,0,0,14
5,4295,1,1,1,0,14
5,4298,1,1,0,0,14
5,4308,1,1,0,0,14
5,4322,1,1,1,0,14
5,4339,1,1,1,0,14
5,4354,1,1,0,0,14
5,4360,1,1,1,0,14
5,4384,1,1,0,0,14
5,4409,1,1,1,0,14
5,4424,1,1,1,0,14
5,4440,1,1,1,0,14
5,4443,1,1,0,0,14
5,4444,1,1,1,0,14
5,4449,1,1,0,0,14
5,4476,1,1,0,0,14
5,4480,1,1,0,0,14
5,4482,1,1,1,0,14
5,4489,1,1,0,0,14
5,4493,1,1,1,0,14
5,4497,1,1,1,0,14
5,4499,1,1,0,0,14
5,4507,1,1,0,1,14
5,4518,1,1,0,1,14
5,4559,1,1,0,0,14
5,4583,1,1,0,1,14
5,4596,1,1,0,0,14
5,4599,1,1,1,0,14
5,4629,1,1,0,1,14
5,4634,1,1,1,0,14
5,4670,1,1,0,0,14
5,4699,1,1,0,0,14
5,4710,1,1,0,0,14
5,4715,1,1,0,0,14
5,4725,1,1,1,0,14
5,4730,1,1,0,1,14
5,4741,1,1,0,1,14
5,4752,1,1,0,0,14
5,4754,1,1,0,0,14
5,4761,1,1,0,0,14
5,4773,1,1,0,1,14
5,4784,1,1,1,0,14
5,4787,1,1,1,0,14
5,4798,1,1,1,0,14
5,4799,1,1,0,0,14
5,4811,1,1,0,0,14
5,4819,1,1,1,0,14
5,4823,1,1,0,0,14
5,4834,1,1,1,0,14
5,4838,1,1,1,0,14
5,4840,1,1,0,0,14
5,4854,1,1,0,0,14
5,4855,1,1,0,0,14
5,4869,1,1,0,1,14
5,4870,1,1,1,0,14
5,4892,1,1,0,1,14
5,4933,1,1,0,0,14
5,4947,1,1,0,0,14
5,4957,1,1,1,0,14
5,4994,1,1,0,0,14
6,2,2,3,0,0,0
6,25,2,3,0,0,0
6,31,2,3,0,0,0
6,34,2,3,2,0,0
6,53,2,3,0,0,0
6,58,2,3,0,0,0
6,67,2,3,0,0,0
6,73,2,3,2,0,0
6,74,2,3,2,0,0
6,80,2,3,0,0,0
6,88,2,3,0,0,0
6,92,2,3,0,1,0
6,98,2,3,0,0,0
6,105,2,3,0,1,0
6,106,2,3,0,0,0
6,142,2,3,0,0,0
6,154,2,3,0,0,0
6,156,2,3,0,1,0
6,160,2,3,0,1,0
6,187,2,3,0,0,0
6,199,2,3,2,0,0
6,212,2,3,0,0,0
6,224,2,3,0,0,0
6,249,2,3,2,0,0
6,277,2,3,2,0,0
6,298,2,3,2,0,0
6,324,2,3,0,0,0
6,328,2,3,2,0,0
6,363,2,3,0,0,0
6,375,2,3,0,0,0
6,410,2,3,0,0,0
6,411,2,3,0,1,0
6,413,2,3,0,0,0
6,416,2,3,2,0,0
6,434,2,3,0,0,0
6,444,2,3,2,0,0
6,458,2,3,0,0,0
6,460,2,3,0,0,0
6,502,2,3,0,0,0
6,503,2,3,0,0,0
6,509,2,3,0,0,0
6,519,2,3,0,0,0
6,528,2,3,0,0,0
6,529,2,3,0,1,0
6,532,2,3,2,0,0
6,546,2,3,0,0,0
6,549,2,3,0,0,0
6,551,2,3,0,0,0
6,562,2,3,2,0,0
6,620,2,3,2,0,0
6,654,2,3,0,0,0
6,666,2,3,0,0,0
6,681,2,3,0,0,0
6,684,2,3,0,0,0
6,714,2,3,0,0,0
6,734,2,3,2,0,0
6,768,2,3,0,0,0
6,771,2,3,0,0,0
6,780,2,3,2,0,0
6,789,2,3,0,0,0
6,793,2,3,0,0,0
6,820,2,3,0,1,0
6,845,2,3,0,0,0
6,869,2,3,0,0,0
6,922,2,3,0,0,0
6,983,2,3,0,0,0
6,1003,2,3,0,0,0
6,1015,2,3,0,0,0
6,1021,2,3,0,0,0
6,1027,2,3,0,0,0
6,1122,2,3,0,0,0
6,1133,2,3,2,0,0
6,1140,2,3,2,0,0
6,1150,2,3,0,0,0
6,1151,2,3,0,0,0
6,1157,2,3,0,0,0
6,1159,2,3,0,0,0
6,1176,2,3,0,0,0
6,1184,2,3,0,0,0
6,1188,2,3,0,0,0
6,1195,2,3,0,0,0
6,1197,2,3,0,0,0
6,1210,2,3,0,0,0
6,1241,2,3,0,0,0
6,1243,2,3,0,0,0
6,1257,2,3,0,0,0
6,1264,2,3,0,1,0
6,1287,2,3,0,0,0
6,1306,2,3,0,1,0
6,1307,2,3,0,0,0
6,1328,2,3,0,0,0
6,1355,2,3,0,0,0
6,1356,2,3,0,1,0
6,1371,2,3,0,0,0
6,1394,2,3,0,0,0
6,1415,2,3,0,0,0
6,1421,2,3,0,1,0
6,1433,2,3,0,0,0
6,1451,2,3,0,0,0
6,1461,2,3,0,0,0
6,1484,2,3,0,0,0
6,1501,2,3,0,0,0
6,1518,2,3,0,0,0
6,1520,2,3,0,0,0
6,1521,2,3,0,0,0
6,1536,2,3,0,0,0
6,1538,2,3,0,0,0
6,1546,2,3,0,0,0
6,1553,2,3,0,1,0
6,1564,2,3,0,0,0
6,1575,2,3,0,1,0
6,1577,2,3,0,0,0
6,1603,2,3,0,0,0
6,1629,2,3,2,0,0
6,1636,2,3,0,0,0
6,1648,2,3,2,0,0
6,1652,2,3,0,1,0
6,1657,2,3,0,0,0
6,1661,2,3,0,0,0
6,1669,2,3,0,0,0
6,1684,2,3,2,0,0
6,1685,2,3,0,0,0
6,1697,2,3,2,0,0
6,1712,2,3,0,0,0
6,1714,2,3,2,0,0
6,1715,2,3,0,1,0
6,1730,2,3,0,0,0
6,1745,2,3,0,0,0
6,1766,2,3,0,0,0
6,1769,2,3,0,1,0
6,1790,2,3,2,0,0
6,1817,2,3,0,0,0
6,1818,2,3,2,0,0
6,1821,2,3,0,0,0
6,1829,2,3,0,0,0
6,1882,2,3,0,0,0
6,1897,2,3,0,0,0
6,1930,2,3,0,0,0
6,1938,2,3,2,0,0
6,1949,2,3,0,1,0
6,1969,2,3,0,0,0
6,1972,2,3,0,0,0
6,1986,2,3,2,0,0
6,1987,2,3,0,0,0
6,1992,2,3,2,0,0
6,2013,2,3,0,1,0
6,2022,2,3,0,0,0
6,2053,2,3,0,0,0
6,2076,2,3,0,0,0
6,2098,2,3,0,0,0
6,2108,2,3,2,0,0
6,2165,2,3,0,0,0
6,2188,2,3,0,0,0
6,2189,2,3,0,0,0
6,2192,2,3,0,1,0
6,2196,2,3,0,1,0
6,2203,2,3,0,0,0
6,2234,2,3,0,0,0
6,2236,2,3,0,0,0
6,2244,2,3,0,0,0
6,2256,2,3,0,1,0
6,2258,2,3,2,0,0
6,2260,2,3,0,0,0
6,2291,2,3,0,0,0
6,2301,2,3,0,1,0
6,2320,2,3,0,0,0
6,2327,2,3,0,1,0
6,2329,2,3,0,0,0
6,2339,2,3,0,0,0
6,2341,2,3,0,1,0
6,2348,2,3,0,0,0
6,2353,2,3,2,0,0
6,2367,2,3,0,0,0
6,2368,2,3,0,0,0
6,2378,2,3,0,0,0
6,2379,2,3,0,0,0
6,2382,2,3,2,0,0
6,2390,2,3,0,1,0
6,2412,2,3,0,0,0
6,2437,2,3,0,0,0
6,2470,2,3,0,0,0
6,2490,2,3,0,1,0
6,2495,2,3,2,0,0
6,2504,2,3,0,0,0
6,2516,2,3,0,1,0
6,2546,2,3,0,0,0
6,2547,2,3,0,0,0
6,2550,2,3,0,0,0
6,2560,2,3,0,0,0
6,2578,2,3,0,0,0
6,2586,2,3,0,0,0
6,2604,2,3,2,0,0
6,2605,2,3,0,0,0
6,2606,2,3,0,0,0
6,2610,2,3,2,0,0
6,2618,2,3,0,0,0
6,2621,2,3,0,0,0
6,2626,2,3,0,0,0
6,2627,2,3,0,0,0
6,2634,2,3,0,0,0
6,2656,2,3,0,1,0
6,2672,2,3,0,0,0
6,2674,2,3,0,0,0
6,2699,2,3,0,0,0
6,2702,2,3,0,0,0
6,2724,2,3,0,1,0
6,2726,2,3,0,0,0
6,2740,2,3,0,0,0
6,2747,2,3,0,0,0
6,2778,2,3,0,0,0
6,2806,2,3,0,0,0
6,2818,2,3,0,0,0
6,2819,2,3,0,1,0
6,2831,2,3,0,0,0
6,2850,2,3,0,0,0
6,2867,2,3,0,0,0
6,2874,2,3,0,1,0
6,2944,2,3,2,0,0
6,2983,2,3,0,0,0
6,2989,2,3,0,0,0
6,2990,2,3,0,0,0
6,2994,2,3,0,0,0
6,2997,2,3,0,0,0
6,3012,2,3,0,0,0
6,3028,2,3,0,0,0
6,3077,2,3,0,0,0
6,3086,2,3,0,1,0
6,3102,2,3,0,0,0
6,3109,2,3,0,0,0
6,3123,2,3,0,0,0
6,3126,2,3,0,1,0
6,3139,2,3,0,0,0
6,3142,2,3,2,0,0
6,3149,2,3,0,0,0
6,3156,2,3,0,0,0
6,3165,2,3,0,0,0
6,3200,2,3,0,0,0
6,3205,2,3,0,0,0
6,3208,2,3,0,1,0
6,3236,2,3,0,0,0
6,3238,2,3,0,0,0
6,3239,2,3,0,1,0
6,3243,2,3,0,0,0
6,3254,2,3,2,0,0
6,3256,2,3,0,1,0
6,3270,2,3,2,0,0
6,3281,2,3,0,0,0
6,3289,2,3,0,0,0
6,3296,2,3,0,0,0
6,3300,2,3,0,0,0
6,3349,2,3,2,0,0
6,3360,2,3,0,0,0
6,3379,2,3,0,1,0
6,3388,2,3,2,0,0
6,3394,2,3,0,1,0
6,3402,2,3,0,0,0
6,3406,2,3,0,0,0
6,3416,2,3,0,0,0
6,3425,2,3,2,0,0
6,3426,2,3,0,0,0
6,3454,2,3,0,1,0
6,3498,2,3,0,0,0
6,3507,2,3,0,0,0
6,3516,2,3,0,0,0
6,3593,2,3,0,0,0
6,3595,2,3,0,0,0
6,3598,2,3,0,0,0
6,3607,2,3,0,0,0
6,3617,2,3,0,0,0
6,3665,2,3,0,0,0
6,3669,2,3,0,0,0
6,3670,2,3,0,0,0
6,3686,2,3,2,0,0
6,3689,2,3,0,0,0
6,3691,2,3,0,1,0
6,3697,2,3,0,0,0
6,3703,2,3,0,0,0
6,3728,2,3,0,1,0
6,3765,2,3,0,0,0
6,3766,2,3,0,0,0
6,3769,2,3,0,0,0
6,3772,2,3,0,0,0
6,3783,2,3,0,0,0
6,3802,2,3,0,1,0
6,3835,2,3,0,0,0
6,3839,2,3,2,0,0
6,3851,2,3,2,0,0
6,3858,2,3,0,0,0
6,3877,2,3,2,0,0
6,3883,2,3,0,0,0
6,3917,2,3,0,0,0
6,3924,2,3,2,0,0
6,3927,2,3,0,0,0
6,3971,2,3,0,0,0
6,4001,2,3,2,0,0
6,4012,2,3,0,1,0
6,4020,2,3,2,0,0
6,4030,2,3,2,0,0
6,4049,2,3,0,0,0
6,4094,2,3,0,0,0
6,4095,2,3,0,0,0
6,4097,2,3,2,0,0
6,4110,2,3,0,0,0
6,4124,2,3,2,0,0
6,4139,2,3,0,0,0
6,4155,2,3,0,0,0
6,4165,2,3,0,1,0
6,4172,2,3,0,0,0
6,4210,2,3,0,0,0
6,4222,2,3,0,0,0
6,4225,2,3,0,0,0
6,4277,2,3,0,1,0
6,4293,2,3,0,0,0
6,4312,2,3,0,1,0
6,4313,2,3,2,0,0
6,4320,2,3,0,1,0
6,4331,2,3,0,0,0
6,4338,2,3,0,0,0
6,4347,2,3,0,0,0
6,4362,2,3,0,1,0
6,4370,2,3,0,0,0
6,4396,2,3,0,0,0
6,4411,2,3,0,0,0
6,4454,2,3,0,0,0
6,4472,2,3,0,0,0
6,4495,2,3,2,0,0
6,4504,2,3,0,1,0
6,4506,2,3,0,0,0
6,4508,2,3,2,0,0
6,4513,2,3,2,0,0
6,4548,2,3,0,0,0
6,4555,2,3,0,1,0
6,4560,2,3,0,0,0
6,4574,2,3,0,0,0
6,4592,2,3,0,0,0
6,4602,2,3,0,0,0
6,4622,2,3,0,1,0
6,4633,2,3,0,0,0
6,4639,2,3,0,1,0
6,4646,2,3,0,0,0
6,4679,2,3,0,0,0
6,4687,2,3,0,1,0
6,4697,2,3,0,0,0
6,4713,2,3,2,0,0
6,4734,2,3,0,0,0
6,4742,2,3,2,0,0
6,4779,2,3,0,0,0
6,4802,2,3,0,0,0
6,4826,2,3,2,0,0
6,4841,2,3,0,0,0
6,4842,2,3,0,0,0
6,4871,2,3,0,1,0
6,4911,2,3,0,0,0
6,4918,2,3,0,0,0
6,4919,2,3,0,0,0
6,4934,2,3,0,0,0
6,4936,2,3,0,0,0
6,4945,2,3,0,0,0
6,4952,2,3,2,0,0
6,4954,2,3,2,0,0
6,4973,2,3,0,0,0
6,4975,2,3,0,0,0
6,4984,2,3,2,0,0
6,4989,2,3,0,1,0
6,22,1,1,0,0,1
6,38,1,1,0,0,1
6,52,1,1,1,0,1
6,61,1,1,0,0,1
6,76,1,1,1,0,1
6,117,1,1,0,0,1
6,122,1,1,0,1,1
6,131,1,1,1,0,1
6,174,1,1,0,0,1
6,186,1,1,0,0,1
6,192,1,1,0,0,1
6,210,1,1,0,0,1
6,214,1,1,1,0,1
6,222,1,1,0,1,1
6,239,1,1,0,0,1
6,264,1,1,0,0,1
6,270,1,1,0,0,1
6,286,1,1,0,0,1
6,293,1,1,0,0,1
6,303,1,1,0,0,1
6,306,1,1,0,0,1
6,365,1,1,0,0,1
6,385,1,1,0,0,1
6,426,1,1,0,0,1
6,471,1,1,1,0,1
6,514,1,1,0,1,1
6,524,1,1,0,0,1
6,527,1,1,0,0,1
6,537,1,1,0,0,1
6,564,1,1,0,1,1
6,569,1,1,0,0,1
6,593,1,1,1,0,1
6,601,1,1,0,0,1
6,602,1,1,1,0,1
6,628,1,1,0,0,1
6,629,1,1,0,0,1
6,637,1,1,0,1,1
6,656,1,1,0,0,1
6,662,1,1,0,0,1
6,664,1,1,0,0,1
6,712,1,1,0,1,1
6,716,1,1,0,0,1
6,722,1,1,0,0,1
6,755,1,1,1,0,1
6,756,1,1,1,0,1
6,761,1,1,0,1,1
6,800,1,1,0,0,1
6,802,1,1,0,1,1
6,824,1,1,1,0,1
6,825,1,1,0,0,1
6,826,1,1,0,0,1
6,842,1,1,0,1,1
6,851,1,1,1,0,1
6,855,1,1,0,0,1
6,892,1,1,0,0,1
6,893,1,1,0,0,1
6,902,1,1,0,0,1
6,923,1,1,0,0,1
6,929,1,1,0,0,1
6,930,1,1,0,0,1
6,943,1,1,0,0,1
6,968,1,1,0,0,1
6,970,1,1,0,0,1
6,977,1,1,0,0,1
6,987,1,1,0,0,1
6,1004,1,1,0,1,1
6,1014,1,1,0,0,1
6,1050,1,1,0,0,1
6,1070,1,1,1,0,1
6,1088,1,1,0,0,1
6,1115,1,1,0,0,1
6,1123,1,1,0,0,1
6,1124,1,1,0,0,1
6,1136,1,1,1,0,1
6,1143,1,1,0,0,1
6,1163,1,1,0,0,1
6,1168,1,1,0,0,1
6,1196,1,1,0,0,1
6,1203,1,1,0,0,1
6,1207,1,1,0,0,1
6,1233,1,1,0,0,1
6,1320,1,1,0,0,1
6,1324,1,1,0,0,1
6,1351,1,1,0,1,1
6,1366,1,1,0,0,1
6,1367,1,1,1,0,1
6,1369,1,1,0,1,1
6,1410,1,1,0,0,1
6,1417,1,1,0,0,1
6,1426,1,1,0,0,1
6,1428,1,1,0,0,1
6,1429,1,1,0,1,1
6,1434,1,1,0,1,1
6,1435,1,1,1,0,1
6,1450,1,1,0,1,1
6,1452,1,1,0,0,1
6,1475,1,1,0,1,1
6,1482,1,1,0,0,1
6,1494,1,1,0,1,1
6,1510,1,1,0,0,1
6,1517,1,1,1,0,1
6,1523,1,1,0,0,1
6,1569,1,1,1,0,1
6,1595,1,1,0,1,1
6,1602,1,1,0,1,1
6,1606,1,1,0,0,1
6,1609,1,1,0,0,1
6,1612,1,1,1,0,1
6,1659,1,1,1,0,1
6,1664,1,1,0,0,1
6,1680,1,1,0,1,1
6,1692,1,1,1,0,1
6,1704,1,1,1,0,1
6,1731,1,1,0,0,1
6,1734,1,1,0,0,1
6,1741,1,1,0,0,1
6,1752,1,1,1,0,1
6,1762,1,1,0,0,1
6,1768,1,1,0,0,1
6,1794,1,1,0,1,1
6,1809,1,1,1,0,1
6,1812,1,1,1,0,1
6,1827,1,1,0,0,1
6,1836,1,1,0,0,1
6,1862,1,1,0,0,1
6,1871,1,1,0,1,1
6,1890,1,1,1,0,1
6,1893,1,1,0,0,1
6,1896,1,1,1,0,1
6,1923,1,1,1,0,1
6,1974,1,1,0,0,1
6,1980,1,1,1,0,1
6,1989,1,1,0,0,1
6,2017,1,1,0,0,1
6,2038,1,1,1,0,1
6,2045,1,1,0,1,1
6,2070,1,1,0,0,1
6,2077,1,1,0,1,1
6,2078,1,1,0,0,1
6,2086,1,1,0,0,1
6,2088,1,1,0,0,1
6,2109,1,1,0,1,1
6,2118,1,1,0,0,1
6,2141,1,1,0,0,1
6,2170,1,1,0,0,1
6,2172,1,1,0,0,1
6,2184,1,1,0,0,1
6,2199,1,1,0,0,1
6,2202,1,1,0,0,1
6,2220,1,1,0,0,1
6,2226,1,1,0,0,1
6,2261,1,1,0,0,1
6,2269,1,1,0,0,1
6,2276,1,1,1,0,1
6,2280,1,1,0,0,1
6,2297,1,1,0,0,1
6,2313,1,1,0,0,1
6,2315,1,1,1,0,1
6,2336,1,1,0,0,1
6,2343,1,1,0,0,1
6,2408,1,1,0,1,1
6,2428,1,1,0,0,1
6,2442,1,1,0,1,1
6,2446,1,1,0,0,1
6,2468,1,1,0,0,1
6,2491,1,1,1,0,1
6,2498,1,1,0,1,1
6,2517,1,1,0,0,1
6,2537,1,1,1,0,1
6,2544,1,1,0,0,1
6,2559,1,1,0,1,1
6,2563,1,1,0,0,1
6,2589,1,1,0,0,1
6,2595,1,1,0,0,1
6,2611,1,1,0,0,1
6,2622,1,1,0,0,1
6,2638,1,1,0,0,1
6,2643,1,1,0,0,1
6,2691,1,1,0,0,1
6,2725,1,1,1,0,1
6,2741,1,1,1,0,1
6,2763,1,1,0,0,1
6,2764,1,1,0,0,1
6,2773,1,1,1,0,1
6,2798,1,1,0,0,1
6,2802,1,1,0,0,1
6,2804,1,1,0,1,1
6,2808,1,1,1,0,1
6,2823,1,1,0,0,1
6,2836,1,1,0,0,1
6,2838,1,1,0,0,1
6,2849,1,1,0,1,1
6,2860,1,1,0,0,1
6,2895,1,1,0,1,1
6,2900,1,1,1,0,1
6,2937,1,1,0,0,1
6,2952,1,1,0,1,1
6,2954,1,1,1,0,1
6,2960,1,1,0,0,1
6,2961,1,1,0,0,1
6,2971,1,1,1,0,1
6,2984,1,1,0,1,1
6,2987,1,1,0,0,1
6,3005,1,1,0,0,1
6,3015,1,1,1,0,1
6,3018,1,1,1,0,1
6,3019,1,1,0,0,1
6,3035,1,1,0,0,1
6,3058,1,1,0,0,1
6,3067,1,1,0,0,1
6,3085,1,1,0,0,1
6,3087,1,1,1,0,1
6,3088,1,1,0,1,1
6,3107,1,1,0,0,1
6,3114,1,1,0,1,1
6,3124,1,1,0,0,1
6,3138,1,1,0,0,1
6,3144,1,1,0,0,1
6,3160,1,1,0,0,1
6,3169,1,1,0,0,1
6,3174,1,1,0,0,1
6,3193,1,1,0,0,1
6,3212,1,1,0,0,1
6,3230,1,1,0,0,1
6,3232,1,1,0,0,1
6,3265,1,1,0,1,1
6,3279,1,1,0,0,1
6,3283,1,1,0,0,1
6,3291,1,1,1,0,1
6,3303,1,1,0,0,1
6,3320,1,1,0,0,1
6,3324,1,1,1,0,1
6,3333,1,1,1,0,1
6,3351,1,1,1,0,1
6,3375,1,1,0,0,1
6,3376,1,1,0,0,1
6,3410,1,1,0,0,1
6,3424,1,1,0,0,1
6,3428,1,1,0,1,1
6,3437,1,1,0,0,1
6,3463,1,1,0,0,1
6,3540,1,1,1,0,1
6,3546,1,1,0,1,1
6,3554,1,1,0,0,1
6,3556,1,1,0,0,1
6,3583,1,1,0,0,1
6,3592,1,1,0,0,1
6,3594,1,1,0,0,1
6,3623,1,1,0,0,1
6,3631,1,1,1,0,1
6,3650,1,1,0,0,1
6,3672,1,1,0,0,1
6,3704,1,1,0,0,1
6,3734,1,1,0,0,1
6,3739,1,1,0,0,1
6,3742,1,1,0,0,1
6,3759,1,1,0,1,1
6,3768,1,1,1,0,1
6,3796,1,1,0,0,1
6,3804,1,1,0,0,1
6,3813,1,1,0,0,1
6,3823,1,1,1,0,1
6,3826,1,1,0,1,1
6,3831,1,1,1,0,1
6,3840,1,1,0,0,1
6,3868,1,1,0,0,1
6,3873,1,1,0,1,1
6,3887,1,1,1,0,1
6,3905,1,1,1,0,1
6,3907,1,1,0,0,1
6,3912,1,1,0,1,1
6,3915,1,1,0,0,1
6,3934,1,1,0,0,1
6,3946,1,1,0,0,1
6,3967,1,1,0,0,1
6,3989,1,1,0,1,1
6,3992,1,1,1,0,1
6,3996,1,1,0,0,1
6,4059,1,1,1,0,1
6,4063,1,1,0,0,1
6,4081,1,1,1,0,1
6,4089,1,1,0,0,1
6,4104,1,1,0,0,1
6,4109,1,1,0,1,1
6,4112,1,1,1,0,1
6,4118,1,1,0,1,1
6,4121,1,1,0,0,1
6,4131,1,1,0,0,1
6,4157,1,1,1,0,1
6,4177,1,1,0,0,1
6,4181,1,1,1,0,1
6,4194,1,1,0,0,1
6,4203,1,1,1,0,1
6,4228,1,1,0,0,1
6,4245,1,1,0,1,1
6,4246,1,1,0,0,1
6,4261,1,1,0,0,1
6,4282,1,1,0,0,1
6,4291,1,1,0,0,1
6,4296,1,1,0,0,1
6,4310,1,1,1,0,1
6,4327,1,1,0,1,1
6,4333,1,1,0,1,1
6,4343,1,1,0,0,1
6,4344,1,1,0,0,1
6,4353,1,1,0,1,1
6,4364,1,1,0,0,1
6,4369,1,1,0,0,1
6,4391,1,1,0,0,1
6,4392,1,1,0,1,1
6,4425,1,1,0,0,1
6,4441,1,1,0,1,1
6,4448,1,1,0,0,1
6,4462,1,1,0,0,1
6,4475,1,1,0,0,1
6,4496,1,1,0,0,1
6,4502,1,1,0,0,1
6,4542,1,1,0,0,1
6,4562,1,1,0,0,1
6,4566,1,1,1,0,1
6,4571,1,1,0,1,1
6,4605,1,1,0,1,1
6,4621,1,1,1,0,1
6,4626,1,1,0,0,1
6,4630,1,1,0,0,1
6,4637,1,1,0,0,1
6,4656,1,1,0,0,1
6,4672,1,1,0,0,1
6,4676,1,1,0,1,1
6,4691,1,1,0,0,1
6,4704,1,1,0,0,1
6,4746,1,1,0,0,1
6,4747,1,1,0,1,1
6,4814,1,1,0,0,1
6,4825,1,1,0,0,1
6,4837,1,1,1,0,1
6,4839,1,1,0,1,1
6,4856,1,1,0,0,1
6,4867,1,1,0,1,1
6,4873,1,1,0,0,1
6,4879,1,1,0,0,1
6,4909,1,1,0,0,1
6,4953,1,1,0,0,1
6,4961,1,1,0,0,1
6,6,1,1,0,0,2
6,9,1,1,0,0,2
6,18,1,1,0,0,2
6,124,1,1,0,0,2
6,132,1,1,0,0,2
6,143,1,1,1,0,2
6,206,1,1,0,0,2
6,216,1,1,0,0,2
6,223,1,1,0,1,2
6,231,1,1,0,1,2
6,238,1,1,0,0,2
6,288,1,1,0,0,2
6,292,1,1,0,0,2
6,333,1,1,0,0,2
6,342,1,1,0,0,2
6,372,1,1,1,0,2
6,379,1,1,0,0,2
6,390,1,1,1,0,2
6,392,1,1,1,0,2
6,398,1,1,1,0,2
6,408,1,1,0,0,2
6,432,1,1,0,0,2
6,449,1,1,0,1,2
6,452,1,1,0,0,2
6,464,1,1,0,0,2
6,468,1,1,0,0,2
6,472,1,1,1,0,2
6,482,1,1,0,0,2
6,483,1,1,0,0,2
6,515,1,1,1,0,2
6,542,1,1,0,0,2
6,576,1,1,0,0,2
6,579,1,1,0,0,2
6,585,1,1,0,1,2
6,589,1,1,1,0,2
6,635,1,1,0,1,2
6,682,1,1,1,0,2
6,695,1,1,0,0,2
6,696,1,1,0,0,2
6,697,1,1,0,0,2
6,701,1,1,0,1,2
6,703,1,1,0,0,2
6,735,1,1,0,0,2
6,738,1,1,0,0,2
6,759,1,1,0,0,2
6,781,1,1,0,0,2
6,784,1,1,1,0,2
6,801,1,1,0,0,2
6,815,1,1,0,0,2
6,861,1,1,0,1,2
6,867,1,1,0,0,2
6,873,1,1,0,0,2
6,876,1,1,0,0,2
6,910,1,1,0,0,2
6,941,1,1,0,0,2
6,971,1,1,0,0,2
6,986,1,1,0,1,2
6,990,1,1,1,0,2
6,992,1,1,0,0,2
6,1054,1,1,0,1,2
6,1061,1,1,0,0,2
6,1090,1,1,0,0,2
6,1093,1,1,0,0,2
6,1170,1,1,0,0,2
6,1181,1,1,0,0,2
6,1206,1,1,0,0,2
6,1214,1,1,1,0,2
6,1215,1,1,0,1,2
6,1216,1,1,0,0,2
6,1224,1,1,0,1,2
6,1229,1,1,1,0,2
6,1246,1,1,0,0,2
6,1254,1,1,0,1,2
6,1288,1,1,0,1,2
6,1295,1,1,0,0,2
6,1319,1,1,0,0,2
6,1375,1,1,1,0,2
6,1380,1,1,0,0,2
6,1383,1,1,0,0,2
6,1391,1,1,0,0,2
6,1393,1,1,0,0,2
6,1398,1,1,0,0,2
6,1402,1,1,0,0,2
6,1436,1,1,0,1,2
6,1447,1,1,0,1,2
6,1458,1,1,0,0,2
6,1472,1,1,0,0,2
6,1486,1,1,0,0,2
6,1532,1,1,0,0,2
6,1535,1,1,0,0,2
6,1551,1,1,1,0,2
6,1580,1,1,0,0,2
6,1601,1,1,0,0,2
6,1621,1,1,0,0,2
6,1646,1,1,0,1,2
6,1654,1,1,0,0,2
6,1675,1,1,0,0,2
6,1681,1,1,1,0,2
6,1691,1,1,0,0,2
6,1696,1,1,0,0,2
6,1705,1,1,0,1,2
6,1729,1,1,0,1,2
6,1732,1,1,0,0,2
6,1831,1,1,0,0,2
6,1835,1,1,0,1,2
6,1846,1,1,0,0,2
6,1853,1,1,1,0,2
6,1865,1,1,1,0,2
6,1884,1,1,0,0,2
6,1891,1,1,0,1,2
6,1901,1,1,0,1,2
6,1903,1,1,0,1,2
6,1906,1,1,0,1,2
6,1911,1,1,0,1,2
6,1932,1,1,0,0,2
6,1951,1,1,0,0,2
6,2023,1,1,0,0,2
6,2041,1,1,0,0,2
6,2044,1,1,0,0,2
6,2059,1,1,0,0,2
6,2079,1,1,0,1,2
6,2099,1,1,0,0,2
6,2104,1,1,0,0,2
6,2110,1,1,0,0,2
6,2124,1,1,0,0,2
6,2135,1,1,0,0,2
6,2152,1,1,0,0,2
6,2155,1,1,0,0,2
6,2174,1,1,0,0,2
6,2180,1,1,0,0,2
6,2195,1,1,0,1,2
6,2225,1,1,0,0,2
6,2281,1,1,0,0,2
6,2305,1,1,0,0,2
6,2394,1,1,0,0,2
6,2397,1,1,0,0,2
6,2414,1,1,0,0,2
6,2441,1,1,1,0,2
6,2453,1,1,0,1,2
6,2461,1,1,0,0,2
6,2467,1,1,0,0,2
6,2478,1,1,1,0,2
6,2484,1,1,0,1,2
6,2551,1,1,0,0,2
6,2601,1,1,0,0,2
6,2607,1,1,0,0,2
6,2623,1,1,0,0,2
6,2632,1,1,0,0,2
6,2635,1,1,0,0,2
6,2637,1,1,0,0,2
6,2659,1,1,1,0,2
6,2714,1,1,0,0,2
6,2730,1,1,0,0,2
6,2737,1,1,0,0,2
6,2746,1,1,0,0,2
6,2751,1,1,0,0,2
6,2786,1,1,0,0,2
6,2811,1,1,1,0,2
6,2841,1,1,1,0,2
6,2876,1,1,0,1,2
6,2886,1,1,0,0,2
6,2891,1,1,1,0,2
6,2920,1,1,0,0,2
6,2941,1,1,1,0,2
6,2947,1,1,0,0,2
6,2950,1,1,0,1,2
6,2951,1,1,1,0,2
6,2963,1,1,0,1,2
6,2980,1,1,1,0,2
6,2981,1,1,0,0,2
6,3004,1,1,0,0,2
6,3013,1,1,0,0,2
6,3038,1,1,1,0,2
6,3056,1,1,0,0,2
6,3062,1,1,0,0,2
6,3090,1,1,0,0,2
6,3111,1,1,0,1,2
6,3164,1,1,0,1,2
6,3180,1,1,0,1,2
6,3211,1,1,0,0,2
6,3260,1,1,0,0,2
6,3264,1,1,0,1,2
6,3268,1,1,0,0,2
6,3278,1,1,0,0,2
6,3285,1,1,0,0,2
6,3305,1,1,0,0,2
6,3315,1,1,0,0,2
6,3329,1,1,0,0,2
6,3338,1,1,0,1,2
6,3352,1,1,0,1,2
6,3356,1,1,0,1,2
6,3395,1,1,0,0,2
6,3398,1,1,0,0,2
6,3414,1,1,0,1,2
6,3438,1,1,0,0,2
6,3446,1,1,0,1,2
6,3453,1,1,0,0,2
6,3459,1,1,0,1,2
6,3479,1,1,0,0,2
6,3495,1,1,0,0,2
6,3525,1,1,0,0,2
6,3526,1,1,0,1,2
6,3535,1,1,0,0,2
6,3585,1,1,0,1,2
6,3587,1,1,0,0,2
6,3602,1,1,1,0,2
6,3604,1,1,0,0,2
6,3657,1,1,0,1,2
6,3658,1,1,0,0,2
6,3740,1,1,0,0,2
6,3741,1,1,0,0,2
6,3746,1,1,0,0,2
6,3754,1,1,0,1,2
6,3762,1,1,1,0,2
6,3770,1,1,0,0,2
6,3795,1,1,0,1,2
6,3815,1,1,0,0,2
6,3846,1,1,1,0,2
6,3848,1,1,0,1,2
6,3854,1,1,0,0,2
6,3856,1,1,0,0,2
6,3866,1,1,0,0,2
6,3879,1,1,1,0,2
6,3906,1,1,1,0,2
6,3908,1,1,0,1,2
6,3923,1,1,0,0,2
6,3982,1,1,0,0,2
6,4003,1,1,0,0,2
6,4008,1,1,1,0,2
6,4019,1,1,0,0,2
6,4022,1,1,0,0,2
6,4040,1,1,0,1,2
6,4046,1,1,0,1,2
6,4091,1,1,0,1,2
6,4096,1,1,0,0,2
6,4129,1,1,0,0,2
6,4130,1,1,1,0,2
6,4148,1,1,0,0,2
6,4170,1,1,0,0,2
6,4187,1,1,0,0,2
6,4206,1,1,0,0,2
6,4207,1,1,0,1,2
6,4235,1,1,0,0,2
6,4267,1,1,0,1,2
6,4273,1,1,0,0,2
6,4280,1,1,1,0,2
6,4294,1,1,0,0,2
6,4341,1,1,0,0,2
6,4350,1,1,0,0,2
6,4359,1,1,0,0,2
6,4371,1,1,0,0,2
6,4460,1,1,0,0,2
6,4465,1,1,0,0,2
6,4523,1,1,0,0,2
6,4525,1,1,0,0,2
6,4533,1,1,0,0,2
6,4539,1,1,0,0,2
6,4558,1,1,0,0,2
6,4582,1,1,0,0,2
6,4586,1,1,0,0,2
6,4594,1,1,1,0,2
6,4609,1,1,0,0,2
6,4625,1,1,0,0,2
6,4632,1,1,0,0,2
6,4640,1,1,0,1,2
6,4649,1,1,0,0,2
6,4660,1,1,0,0,2
6,4661,1,1,0,0,2
6,4680,1,1,1,0,2
6,4703,1,1,0,1,2
6,4721,1,1,0,0,2
6,4722,1,1,0,1,2
6,4729,1,1,0,0,2
6,4738,1,1,0,0,2
6,4756,1,1,0,0,2
6,4778,1,1,1,0,2
6,4786,1,1,0,0,2
6,4790,1,1,0,0,2
6,4809,1,1,0,0,2
6,4821,1,1,0,0,2
6,4860,1,1,0,0,2
6,4874,1,1,0,0,2
6,4897,1,1,0,0,2
6,4901,1,1,0,0,2
6,4912,1,1,1,0,2
6,4924,1,1,0,1,2
6,4925,1,1,0,0,2
6,4941,1,1,0,0,2
6,49,1,1,0,0,3
6,86,1,1,0,1,3
6,95,1,1,0,0,3
6,102,1,1,0,0,3
6,103,1,1,0,0,3
6,108,1,1,1,0,3
6,141,1,1,1,0,3
6,193,1,1,0,0,3
6,230,1,1,0,0,3
6,240,1,1,1,0,3
6,254,1,1,0,0,3
6,258,1,1,0,0,3
6,272,1,1,0,0,3
6,295,1,1,0,1,3
6,327,1,1,0,0,3
6,338,1,1,0,1,3
6,340,1,1,0,0,3
6,361,1,1,0,0,3
6,377,1,1,0,1,3
6,381,1,1,0,0,3
6,407,1,1,0,1,3
6,412,1,1,0,1,3
6,456,1,1,0,0,3
6,494,1,1,0,0,3
6,501,1,1,0,0,3
6,508,1,1,0,0,3
6,534,1,1,0,0,3
6,540,1,1,0,0,3
6,577,1,1,1,0,3
6,578,1,1,0,0,3
6,590,1,1,0,0,3
6,595,1,1,0,1,3
6,597,1,1,0,0,3
6,599,1,1,1,0,3
6,606,1,1,0,0,3
6,611,1,1,0,0,3
6,627,1,1,0,0,3
6,648,1,1,0,0,3
6,670,1,1,0,0,3
6,678,1,1,0,0,3
6,717,1,1,0,0,3
6,718,1,1,0,0,3
6,747,1,1,0,0,3
6,752,1,1,0,0,3
6,776,1,1,0,0,3
6,805,1,1,0,0,3
6,829,1,1,0,0,3
6,853,1,1,0,0,3
6,871,1,1,0,0,3
6,900,1,1,0,0,3
6,963,1,1,1,0,3
6,969,1,1,1,0,3
6,1029,1,1,0,0,3
6,1042,1,1,0,0,3
6,1047,1,1,0,0,3
6,1068,1,1,0,0,3
6,1079,1,1,0,0,3
6,1100,1,1,0,0,3
6,1106,1,1,0,0,3
6,1134,1,1,0,1,3
6,1145,1,1,0,0,3
6,1182,1,1,0,0,3
6,1219,1,1,0,0,3
6,1261,1,1,0,0,3
6,1263,1,1,0,0,3
6,1282,1,1,0,0,3
6,1317,1,1,0,0,3
6,1341,1,1,1,0,3
6,1425,1,1,0,1,3
6,1446,1,1,0,0,3
6,1448,1,1,1,0,3
6,1456,1,1,0,0,3
6,1457,1,1,0,0,3
6,1498,1,1,0,0,3
6,1504,1,1,0,1,3
6,1509,1,1,1,0,3
6,1515,1,1,0,0,3
6,1526,1,1,0,0,3
6,1529,1,1,0,0,3
6,1573,1,1,0,0,3
6,1582,1,1,0,1,3
6,1587,1,1,0,0,3
6,1616,1,1,0,0,3
6,1640,1,1,1,0,3
6,1642,1,1,0,0,3
6,1651,1,1,0,0,3
6,1698,1,1,1,0,3
6,1749,1,1,0,0,3
6,1807,1,1,1,0,3
6,1825,1,1,0,1,3
6,1833,1,1,0,0,3
6,1840,1,1,0,1,3
6,1843,1,1,0,1,3
6,1847,1,1,0,0,3
6,1856,1,1,0,0,3
6,1861,1,1,1,0,3
6,1869,1,1,0,0,3
6,1875,1,1,0,0,3
6,1880,1,1,0,0,3
6,1899,1,1,0,0,3
6,1913,1,1,0,0,3
6,1952,1,1,0,0,3
6,2040,1,1,0,0,3
6,2052,1,1,0,0,3
6,2056,1,1,0,0,3
6,2065,1,1,1,0,3
6,2069,1,1,0,0,3
6,2101,1,1,0,0,3
6,2113,1,1,0,0,3
6,2126,1,1,0,1,3
6,2134,1,1,0,0,3
6,2175,1,1,0,0,3
6,2179,1,1,0,0,3
6,2207,1,1,0,1,3
6,2208,1,1,0,0,3
6,2238,1,1,0,0,3
6,2251,1,1,0,0,3
6,2282,1,1,1,0,3
6,2287,1,1,0,0,3
6,2295,1,1,0,0,3
6,2335,1,1,0,0,3
6,2344,1,1,0,0,3
6,2361,1,1,0,1,3
6,2388,1,1,0,0,3
6,2409,1,1,0,0,3
6,2420,1,1,0,0,3
6,2448,1,1,0,0,3
6,2466,1,1,0,1,3
6,2513,1,1,0,0,3
6,2531,1,1,0,0,3
6,2575,1,1,0,0,3
6,2613,1,1,0,0,3
6,2624,1,1,0,0,3
6,2652,1,1,0,0,3
6,2678,1,1,0,0,3
6,2689,1,1,0,0,3
6,2690,1,1,0,0,3
6,2718,1,1,0,0,3
6,2721,1,1,0,0,3
6,2745,1,1,0,0,3
6,2793,1,1,0,0,3
6,2830,1,1,1,0,3
6,2837,1,1,0,0,3
6,2843,1,1,0,0,3
6,2872,1,1,0,0,3
6,2873,1,1,0,0,3
6,2875,1,1,1,0,3
6,2877,1,1,1,0,3
6,2901,1,1,0,1,3
6,2909,1,1,0,0,3
6,2925,1,1,0,0,3
6,2939,1,1,1,0,3
6,2949,1,1,0,0,3
6,2991,1,1,0,0,3
6,3025,1,1,1,0,3
6,3033,1,1,0,0,3
6,3037,1,1,0,1,3
6,3049,1,1,0,0,3
6,3060,1,1,0,0,3
6,3075,1,1,0,1,3
6,3089,1,1,0,1,3
6,3110,1,1,0,0,3
6,3210,1,1,0,1,3
6,3213,1,1,1,0,3
6,3216,1,1,0,0,3
6,3237,1,1,0,0,3
6,3330,1,1,0,0,3
6,3332,1,1,0,1,3
6,3348,1,1,0,0,3
6,3358,1,1,0,0,3
6,3422,1,1,0,0,3
6,3441,1,1,0,0,3
6,3457,1,1,1,0,3
6,3480,1,1,1,0,3
6,3513,1,1,1,0,3
6,3570,1,1,0,0,3
6,3588,1,1,0,0,3
6,3615,1,1,0,0,3
6,3668,1,1,0,0,3
6,3690,1,1,0,0,3
6,3705,1,1,0,0,3
6,3711,1,1,0,0,3
6,3720,1,1,0,0,3
6,3760,1,1,0,1,3
6,3799,1,1,1,0,3
6,3820,1,1,1,0,3
6,3824,1,1,0,0,3
6,3834,1,1,0,0,3
6,3855,1,1,0,0,3
6,3880,1,1,0,0,3
6,3889,1,1,0,0,3
6,3896,1,1,0,1,3
6,3898,1,1,0,0,3
6,3909,1,1,0,0,3
6,3945,1,1,0,0,3
6,3984,1,1,0,0,3
6,3993,1,1,1,0,3
6,4029,1,1,0,0,3
6,4035,1,1,0,0,3
6,4039,1,1,0,0,3
6,4067,1,1,0,0,3
6,4076,1,1,0,0,3
6,4101,1,1,1,0,3
6,4113,1,1,0,0,3
6,4114,1,1,0,0,3
6,4117,1,1,0,0,3
6,4125,1,1,0,0,3
6,4138,1,1,0,0,3
6,4156,1,1,1,0,3
6,4184,1,1,0,0,3
6,4191,1,1,0,1,3
6,4238,1,1,0,1,3
6,4243,1,1,0,0,3
6,4253,1,1,0,0,3
6,4274,1,1,0,0,3
6,4305,1,1,0,0,3
6,4307,1,1,0,0,3
6,4311,1,1,0,0,3
6,4326,1,1,0,1,3
6,4334,1,1,1,0,3
6,4352,1,1,0,0,3
6,4375,1,1,0,0,3
6,4379,1,1,0,0,3
6,4383,1,1,0,0,3
6,4394,1,1,1,0,3
6,4398,1,1,0,0,3
6,4399,1,1,0,1,3
6,4404,1,1,0,0,3
6,4437,1,1,0,0,3
6,4457,1,1,0,1,3
6,4477,1,1,0,1,3
6,4509,1,1,0,0,3
6,4510,1,1,0,1,3
6,4572,1,1,0,0,3
6,4623,1,1,0,0,3
6,4693,1,1,0,1,3
6,4708,1,1,0,0,3
6,4740,1,1,0,0,3
6,4767,1,1,0,0,3
6,4800,1,1,1,0,3
6,4810,1,1,1,0,3
6,4866,1,1,0,1,3
6,4913,1,1,0,0,3
6,4914,1,1,1,0,3
6,4965,1,1,0,0,3
6,4978,1,1,0,0,3
6,48,1,1,0,0,4
6,81,1,1,0,0,4
6,85,1,1,1,0,4
6,121,1,1,0,0,4
6,135,1,1,0,0,4
6,161,1,1,0,0,4
6,180,1,1,0,0,4
6,182,1,1,0,0,4
6,194,1,1,0,0,4
6,227,1,1,0,0,4
6,233,1,1,0,1,4
6,235,1,1,0,0,4
6,244,1,1,0,0,4
6,268,1,1,0,0,4
6,284,1,1,0,0,4
6,312,1,1,0,0,4
6,317,1,1,1,0,4
6,332,1,1,0,0,4
6,352,1,1,0,0,4
6,354,1,1,0,0,4
6,364,1,1,0,0,4
6,378,1,1,0,1,4
6,425,1,1,0,0,4
6,480,1,1,0,0,4
6,481,1,1,0,1,4
6,491,1,1,1,0,4
6,535,1,1,0,0,4
6,563,1,1,0,0,4
6,565,1,1,0,0,4
6,582,1,1,0,1,4
6,650,1,1,0,0,4
6,657,1,1,1,0,4
6,661,1,1,1,0,4
6,739,1,1,1,0,4
6,750,1,1,0,0,4
6,778,1,1,0,0,4
6,794,1,1,0,0,4
6,798,1,1,0,1,4
6,810,1,1,0,1,4
6,840,1,1,0,0,4
6,854,1,1,0,0,4
6,909,1,1,0,0,4
6,958,1,1,0,0,4
6,980,1,1,0,0,4
6,1001,1,1,0,1,4
6,1039,1,1,0,0,4
6,1057,1,1,0,0,4
6,1065,1,1,0,0,4
6,1089,1,1,0,0,4
6,1113,1,1,0,0,4
6,1116,1,1,1,0,4
6,1137,1,1,1,0,4
6,1149,1,1,0,0,4
6,1164,1,1,0,1,4
6,1187,1,1,0,0,4
6,1202,1,1,0,0,4
6,1212,1,1,0,0,4
6,1244,1,1,0,1,4
6,1262,1,1,0,0,4
6,1274,1,1,0,0,4
6,1292,1,1,0,0,4
6,1299,1,1,0,0,4
6,1463,1,1,0,0,4
6,1476,1,1,0,0,4
6,1478,1,1,0,0,4
6,1479,1,1,0,0,4
6,1488,1,1,1,0,4
6,1511,1,1,0,0,4
6,1530,1,1,0,0,4
6,1558,1,1,0,0,4
6,1560,1,1,0,1,4
6,1571,1,1,0,0,4
6,1593,1,1,0,0,4
6,1600,1,1,1,0,4
6,1614,1,1,0,0,4
6,1628,1,1,0,1,4
6,1655,1,1,0,0,4
6,1703,1,1,1,0,4
6,1709,1,1,0,1,4
6,1737,1,1,0,0,4
6,1755,1,1,0,0,4
6,1761,1,1,1,0,4
6,1798,1,1,0,1,4
6,1801,1,1,0,0,4
6,1854,1,1,0,0,4
6,1859,1,1,0,0,4
6,1947,1,1,0,0,4
6,1985,1,1,0,0,4
6,1999,1,1,0,0,4
6,2004,1,1,0,0,4
6,2006,1,1,0,1,4
6,2042,1,1,0,1,4
6,2063,1,1,0,0,4
6,2111,1,1,0,0,4
6,2148,1,1,0,1,4
6,2205,1,1,1,0,4
6,2257,1,1,1,0,4
6,2304,1,1,0,0,4
6,2316,1,1,0,0,4
6,2346,1,1,0,0,4
6,2350,1,1,0,0,4
6,2356,1,1,0,0,4
6,2358,1,1,0,0,4
6,2359,1,1,1,0,4
6,2373,1,1,0,0,4
6,2416,1,1,0,0,4
6,2473,1,1,0,1,4
6,2474,1,1,0,0,4
6,2487,1,1,0,1,4
6,2514,1,1,0,0,4
6,2524,1,1,0,0,4
6,2554,1,1,0,0,4
6,2556,1,1,0,0,4
6,2558,1,1,0,0,4
6,2580,1,1,0,0,4
6,2585,1,1,0,1,4
6,2592,1,1,0,0,4
6,2596,1,1,0,1,4
6,2608,1,1,0,0,4
6,2617,1,1,0,0,4
6,2645,1,1,0,0,4
6,2664,1,1,0,0,4
6,2667,1,1,0,1,4
6,2719,1,1,0,0,4
6,2734,1,1,0,0,4
6,2736,1,1,0,0,4
6,2753,1,1,0,0,4
6,2761,1,1,0,0,4
6,2776,1,1,0,1,4
6,2784,1,1,1,0,4
6,2790,1,1,1,0,4
6,2792,1,1,1,0,4
6,2810,1,1,1,0,4
6,2822,1,1,1,0,4
6,2856,1,1,0,0,4
6,2893,1,1,0,0,4
6,2906,1,1,0,0,4
6,2926,1,1,0,0,4
6,2936,1,1,0,0,4
6,2962,1,1,0,0,4
6,2974,1,1,0,0,4
6,3002,1,1,0,1,4
6,3014,1,1,0,0,4
6,3032,1,1,0,0,4
6,3047,1,1,0,0,4
6,3061,1,1,0,0,4
6,3065,1,1,1,0,4
6,3083,1,1,0,0,4
6,3098,1,1,0,1,4
6,3120,1,1,0,0,4
6,3122,1,1,0,0,4
6,3125,1,1,0,0,4
6,3182,1,1,0,0,4
6,3187,1,1,0,0,4
6,3188,1,1,0,0,4
6,3222,1,1,0,0,4
6,3223,1,1,0,0,4
6,3224,1,1,0,1,4
6,3250,1,1,1,0,4
6,3274,1,1,0,0,4
6,3302,1,1,0,0,4
6,3314,1,1,1,0,4
6,3334,1,1,0,0,4
6,3335,1,1,0,1,4
6,3344,1,1,0,0,4
6,3378,1,1,0,0,4
6,3391,1,1,1,0,4
6,3427,1,1,0,0,4
6,3429,1,1,0,1,4
6,3474,1,1,0,0,4
6,3500,1,1,1,0,4
6,3511,1,1,0,1,4
6,3517,1,1,0,0,4
6,3538,1,1,1,0,4
6,3542,1,1,0,0,4
6,3544,1,1,1,0,4
6,3550,1,1,0,0,4
6,3553,1,1,0,0,4
6,3568,1,1,0,0,4
6,3582,1,1,0,1,4
6,3584,1,1,0,0,4
6,3614,1,1,0,0,4
6,3622,1,1,0,0,4
6,3630,1,1,0,0,4
6,3643,1,1,0,0,4
6,3680,1,1,0,0,4
6,3684,1,1,0,0,4
6,3699,1,1,0,0,4
6,3718,1,1,1,0,4
6,3722,1,1,0,0,4
6,3757,1,1,0,0,4
6,3773,1,1,1,0,4
6,3781,1,1,0,0,4
6,3787,1,1,0,0,4
6,3808,1,1,0,0,4
6,3827,1,1,0,0,4
6,3832,1,1,0,0,4
6,3843,1,1,0,0,4
6,3847,1,1,1,0,4
6,3860,1,1,1,0,4
6,3893,1,1,0,0,4
6,3894,1,1,1,0,4
6,3899,1,1,0,0,4
6,3962,1,1,0,0,4
6,3994,1,1,0,1,4
6,4000,1,1,0,1,4
6,4005,1,1,0,0,4
6,4021,1,1,0,0,4
6,4042,1,1,0,0,4
6,4045,1,1,0,1,4
6,4088,1,1,0,0,4
6,4103,1,1,0,0,4
6,4132,1,1,1,0,4
6,4150,1,1,0,0,4
6,4163,1,1,0,0,4
6,4174,1,1,0,0,4
6,4186,1,1,0,1,4
6,4197,1,1,0,0,4
6,4201,1,1,0,0,4
6,4202,1,1,1,0,4
6,4212,1,1,0,1,4
6,4231,1,1,0,0,4
6,4241,1,1,0,0,4
6,4284,1,1,1,0,4
6,4309,1,1,0,0,4
6,4349,1,1,0,0,4
6,4355,1,1,0,0,4
6,4380,1,1,0,1,4
6,4385,1,1,0,0,4
6,4395,1,1,0,1,4
6,4407,1,1,1,0,4
6,4419,1,1,0,0,4
6,4420,1,1,0,0,4
6,4429,1,1,0,0,4
6,4446,1,1,0,0,4
6,4503,1,1,0,1,4
6,4514,1,1,0,1,4
6,4529,1,1,0,0,4
6,4535,1,1,0,0,4
6,4549,1,1,1,0,4
6,4553,1,1,0,0,4
6,4567,1,1,0,0,4
6,4576,1,1,1,0,4
6,4578,1,1,0,0,4
6,4618,1,1,0,0,4
6,4642,1,1,0,0,4
6,4647,1,1,0,0,4
6,4666,1,1,1,0,4
6,4714,1,1,0,0,4
6,4744,1,1,0,0,4
6,4769,1,1,0,0,4
6,4770,1,1,0,0,4
6,4805,1,1,0,0,4
6,4835,1,1,0,1,4
6,4851,1,1,1,0,4
6,4875,1,1,1,0,4
6,4878,1,1,0,0,4
6,4884,1,1,0,0,4
6,4887,1,1,0,0,4
6,4926,1,1,0,0,4
6,4958,1,1,0,1,4
6,4959,1,1,0,0,4
6,4966,1,1,1,0,4
6,4968,1,1,0,0,4
6,4972,1,1,0,0,4
6,4976,1,1,0,0,4
6,4983,1,1,0,0,4
6,4985,1,1,0,1,4
6,4993,1,1,0,0,4
6,4997,1,1,0,0,4
6,14,1,1,0,0,5
6,23,1,1,1,0,5
6,82,1,1,1,0,5
6,111,1,1,1,0,5
6,136,1,1,0,0,5
6,137,1,1,0,0,5
6,164,1,1,1,0,5
6,167,1,1,0,0,5
6,177,1,1,0,0,5
6,185,1,1,0,1,5
6,190,1,1,0,1,5
6,204,1,1,0,0,5
6,205,1,1,0,0,5
6,211,1,1,0,0,5
6,221,1,1,0,0,5
6,274,1,1,1,0,5
6,275,1,1,0,0,5
6,278,1,1,0,0,5
6,281,1,1,1,0,5
6,330,1,1,0,0,5
6,346,1,1,1,0,5
6,359,1,1,0,0,5
6,362,1,1,0,0,5
6,367,1,1,0,0,5
6,371,1,1,0,0,5
6,384,1,1,0,0,5
6,394,1,1,0,0,5
6,415,1,1,0,0,5
6,420,1,1,1,0,5
6,422,1,1,0,0,5
6,436,1,1,0,1,5
6,445,1,1,0,0,5
6,448,1,1,0,0,5
6,466,1,1,0,1,5
6,469,1,1,0,0,5
6,479,1,1,0,0,5
6,488,1,1,0,0,5
6,496,1,1,1,0,5
6,512,1,1,0,0,5
6,517,1,1,1,0,5
6,526,1,1,0,0,5
6,547,1,1,0,0,5
6,617,1,1,0,0,5
6,618,1,1,0,1,5
6,638,1,1,1,0,5
6,644,1,1,0,1,5
6,646,1,1,0,0,5
6,680,1,1,0,0,5
6,685,1,1,1,0,5
6,698,1,1,0,0,5
6,700,1,1,1,0,5
6,715,1,1,0,0,5
6,736,1,1,0,0,5
6,751,1,1,1,0,5
6,792,1,1,0,0,5
6,799,1,1,0,0,5
6,803,1,1,1,0,5
6,819,1,1,0,0,5
6,823,1,1,1,0,5
6,866,1,1,1,0,5
6,875,1,1,0,0,5
6,884,1,1,0,0,5
6,889,1,1,0,0,5
6,895,1,1,0,0,5
6,911,1,1,1,0,5
6,913,1,1,0,0,5
6,915,1,1,0,1,5
6,940,1,1,0,0,5
6,947,1,1,0,0,5
6,953,1,1,0,1,5
6,956,1,1,0,0,5
6,961,1,1,1,0,5
6,995,1,1,0,1,5
6,996,1,1,0,0,5
6,999,1,1,0,1,5
6,1002,1,1,0,0,5
6,1005,1,1,1,0,5
6,1010,1,1,0,0,5
6,1016,1,1,0,0,5
6,1019,1,1,0,1,5
6,1028,1,1,0,0,5
6,1040,1,1,0,0,5
6,1060,1,1,0,0,5
6,1083,1,1,0,0,5
6,1086,1,1,0,0,5
6,1129,1,1,0,0,5
6,1162,1,1,0,0,5
6,1171,1,1,0,0,5
6,1205,1,1,1,0,5
6,1225,1,1,0,0,5
6,1294,1,1,0,0,5
6,1344,1,1,0,0,5
6,1352,1,1,0,0,5
6,1440,1,1,0,0,5
6,1491,1,1,0,0,5
6,1495,1,1,1,0,5
6,1542,1,1,0,0,5
6,1550,1,1,0,0,5
6,1568,1,1,0,1,5
6,1578,1,1,1,0,5
6,1586,1,1,1,0,5
6,1589,1,1,0,1,5
6,1591,1,1,0,1,5
6,1596,1,1,0,0,5
6,1615,1,1,0,0,5
6,1617,1,1,0,0,5
6,1634,1,1,0,0,5
6,1635,1,1,0,1,5
6,1650,1,1,1,0,5
6,1658,1,1,0,0,5
6,1667,1,1,0,0,5
6,1670,1,1,0,0,5
6,1742,1,1,0,1,5
6,1744,1,1,0,0,5
6,1765,1,1,0,0,5
6,1770,1,1,0,0,5
6,1785,1,1,0,0,5
6,1788,1,1,0,0,5
6,1814,1,1,0,1,5
6,1820,1,1,0,0,5
6,1822,1,1,0,1,5
6,1857,1,1,0,1,5
6,1864,1,1,0,0,5
6,1905,1,1,0,0,5
6,1936,1,1,0,1,5
6,1939,1,1,0,1,5
6,1943,1,1,0,1,5
6,1953,1,1,0,0,5
6,1956,1,1,0,0,5
6,1963,1,1,0,0,5
6,1984,1,1,0,0,5
6,1988,1,1,1,0,5
6,2002,1,1,0,1,5
6,2005,1,1,0,0,5
6,2014,1,1,0,0,5
6,2027,1,1,0,0,5
6,2033,1,1,1,0,5
6,2073,1,1,0,0,5
6,2091,1,1,0,0,5
6,2094,1,1,0,0,5
6,2095,1,1,0,0,5
6,2100,1,1,0,0,5
6,2103,1,1,1,0,5
6,2122,1,1,0,0,5
6,2130,1,1,0,0,5
6,2143,1,1,0,0,5
6,2144,1,1,0,1,5
6,2147,1,1,0,0,5
6,2171,1,1,1,0,5
6,2176,1,1,0,0,5
6,2190,1,1,0,0,5
6,2198,1,1,0,1,5
6,2211,1,1,0,0,5
6,2215,1,1,0,0,5
6,2217,1,1,0,0,5
6,2235,1,1,0,1,5
6,2283,1,1,0,0,5
6,2294,1,1,0,1,5
6,2298,1,1,0,0,5
6,2299,1,1,0,0,5
6,2321,1,1,0,1,5
6,2332,1,1,0,0,5
6,2345,1,1,0,0,5
6,2376,1,1,0,0,5
6,2391,1,1,0,0,5
6,2395,1,1,1,0,5
6,2402,1,1,1,0,5
6,2405,1,1,1,0,5
6,2436,1,1,0,0,5
6,2469,1,1,0,0,5
6,2488,1,1,1,0,5
6,2503,1,1,0,0,5
6,2509,1,1,0,0,5
6,2515,1,1,0,0,5
6,2548,1,1,0,0,5
6,2658,1,1,1,0,5
6,2677,1,1,0,0,5
6,2701,1,1,0,0,5
6,2712,1,1,0,0,5
6,2749,1,1,0,1,5
6,2805,1,1,0,0,5
6,2813,1,1,0,0,5
6,2820,1,1,0,0,5
6,2825,1,1,0,0,5
6,2829,1,1,1,0,5
6,2832,1,1,0,0,5
6,2844,1,1,0,0,5
6,2846,1,1,0,0,5
6,2883,1,1,0,0,5
6,2896,1,1,0,0,5
6,2897,1,1,0,0,5
6,2915,1,1,0,0,5
6,2938,1,1,0,0,5
6,2940,1,1,0,0,5
6,2958,1,1,0,0,5
6,2996,1,1,0,1,5
6,3000,1,1,0,0,5
6,3017,1,1,0,0,5
6,3022,1,1,0,0,5
6,3023,1,1,0,1,5
6,3068,1,1,0,0,5
6,3129,1,1,0,1,5
6,3141,1,1,0,0,5
6,3145,1,1,0,0,5
6,3154,1,1,0,0,5
6,3176,1,1,1,0,5
6,3181,1,1,0,0,5
6,3190,1,1,0,0,5
6,3194,1,1,0,1,5
6,3221,1,1,0,0,5
6,3225,1,1,0,0,5
6,3235,1,1,0,1,5
6,3241,1,1,0,0,5
6,3298,1,1,0,0,5
6,3316,1,1,0,0,5
6,3350,1,1,0,0,5
6,3367,1,1,0,0,5
6,3397,1,1,0,0,5
6,3399,1,1,0,0,5
6,3407,1,1,0,0,5
6,3434,1,1,0,0,5
6,3439,1,1,1,0,5
6,3445,1,1,0,0,5
6,3471,1,1,0,0,5
6,3478,1,1,0,0,5
6,3485,1,1,0,1,5
6,3529,1,1,1,0,5
6,3530,1,1,0,0,5
6,3606,1,1,0,0,5
6,3639,1,1,0,0,5
6,3655,1,1,0,0,5
6,3698,1,1,0,0,5
6,3702,1,1,0,0,5
6,3706,1,1,0,0,5
6,3727,1,1,0,0,5
6,3782,1,1,0,0,5
6,3801,1,1,0,0,5
6,3814,1,1,0,0,5
6,3837,1,1,0,0,5
6,3842,1,1,0,1,5
6,3897,1,1,1,0,5
6,3918,1,1,0,0,5
6,3922,1,1,1,0,5
6,3941,1,1,0,0,5
6,3948,1,1,1,0,5
6,3950,1,1,1,0,5
6,3970,1,1,1,0,5
6,3977,1,1,0,0,5
6,4006,1,1,0,0,5
6,4025,1,1,0,0,5
6,4033,1,1,1,0,5
6,4034,1,1,0,0,5
6,4043,1,1,0,0,5
6,4048,1,1,0,1,5
6,4051,1,1,0,1,5
6,4058,1,1,0,0,5
6,4062,1,1,0,0,5
6,4070,1,1,1,0,5
6,4075,1,1,0,0,5
6,4098,1,1,0,0,5
6,4134,1,1,1,0,5
6,4152,1,1,0,0,5
6,4159,1,1,0,0,5
6,4162,1,1,0,0,5
6,4167,1,1,0,0,5
6,4223,1,1,0,0,5
6,4240,1,1,0,0,5
6,4271,1,1,0,0,5
6,4314,1,1,0,0,5
6,4318,1,1,0,0,5
6,4319,1,1,0,0,5
6,4325,1,1,0,0,5
6,4328,1,1,0,0,5
6,4361,1,1,1,0,5
6,4365,1,1,0,0,5
6,4390,1,1,1,0,5
6,4405,1,1,0,0,5
6,4413,1,1,0,0,5
6,4430,1,1,0,0,5
6,4431,1,1,0,0,5
6,4432,1,1,0,0,5
6,4442,1,1,0,0,5
6,4445,1,1,0,1,5
6,4450,1,1,1,0,5
6,4459,1,1,0,1,5
6,4469,1,1,0,0,5
6,4473,1,1,0,0,5
6,4515,1,1,0,0,5
6,4550,1,1,0,1,5
6,4565,1,1,0,0,5
6,4569,1,1,0,0,5
6,4597,1,1,0,0,5
6,4612,1,1,0,0,5
6,4614,1,1,1,0,5
6,4615,1,1,0,0,5
6,4628,1,1,1,0,5
6,4641,1,1,1,0,5
6,4644,1,1,0,0,5
6,4677,1,1,0,0,5
6,4684,1,1,0,1,5
6,4705,1,1,0,0,5
6,4733,1,1,0,0,5
6,4777,1,1,0,0,5
6,4783,1,1,0,0,5
6,4789,1,1,0,0,5
6,4803,1,1,0,0,5
6,4806,1,1,0,1,5
6,4816,1,1,0,0,5
6,4828,1,1,0,1,5
6,4836,1,1,0,0,5
6,4859,1,1,1,0,5
6,4881,1,1,0,0,5
6,4905,1,1,0,0,5
6,4942,1,1,0,0,5
6,4971,1,1,0,1,5
6,32,1,1,0,0,6
6,54,1,1,0,1,6
6,84,1,1,0,0,6
6,100,1,1,0,0,6
6,138,1,1,0,0,6
6,146,1,1,0,0,6
6,163,1,1,0,0,6
6,172,1,1,0,0,6
6,243,1,1,0,0,6
6,246,1,1,0,0,6
6,262,1,1,0,0,6
6,269,1,1,0,0,6
6,283,1,1,0,0,6
6,287,1,1,0,0,6
6,294,1,1,0,0,6
6,318,1,1,0,1,6
6,349,1,1,0,0,6
6,369,1,1,0,1,6
6,401,1,1,0,1,6
6,439,1,1,0,1,6
6,453,1,1,0,0,6
6,465,1,1,0,0,6
6,470,1,1,0,0,6
6,475,1,1,0,0,6
6,536,1,1,0,1,6
6,552,1,1,0,0,6
6,575,1,1,0,0,6
6,647,1,1,0,0,6
6,720,1,1,1,0,6
6,737,1,1,1,0,6
6,762,1,1,1,0,6
6,767,1,1,0,0,6
6,783,1,1,0,0,6
6,790,1,1,0,0,6
6,796,1,1,1,0,6
6,806,1,1,0,1,6
6,816,1,1,0,0,6
6,838,1,1,0,0,6
6,848,1,1,0,0,6
6,850,1,1,0,0,6
6,857,1,1,1,0,6
6,862,1,1,0,0,6
6,865,1,1,0,0,6
6,879,1,1,0,0,6
6,894,1,1,0,0,6
6,928,1,1,1,0,6
6,954,1,1,0,0,6
6,984,1,1,0,0,6
6,991,1,1,0,0,6
6,993,1,1,0,0,6
6,1035,1,1,0,0,6
6,1038,1,1,0,0,6
6,1046,1,1,1,0,6
6,1058,1,1,0,0,6
6,1059,1,1,0,0,6
6,1063,1,1,0,1,6
6,1064,1,1,0,1,6
6,1078,1,1,0,0,6
6,1094,1,1,0,0,6
6,1095,1,1,0,0,6
6,1102,1,1,0,1,6
6,1175,1,1,0,0,6
6,1183,1,1,0,0,6
6,1204,1,1,0,0,6
6,1213,1,1,0,1,6
6,1220,1,1,0,0,6
6,1234,1,1,1,0,6
6,1239,1,1,0,0,6
6,1256,1,1,0,0,6
6,1260,1,1,0,0,6
6,1271,1,1,1,0,6
6,1312,1,1,1,0,6
6,1315,1,1,0,0,6
6,1325,1,1,0,0,6
6,1332,1,1,0,0,6
6,1368,1,1,0,0,6
6,1374,1,1,0,0,6
6,1376,1,1,0,0,6
6,1400,1,1,0,1,6
6,1408,1,1,1,0,6
6,1413,1,1,0,0,6
6,1442,1,1,0,0,6
6,1454,1,1,0,1,6
6,1503,1,1,0,1,6
6,1524,1,1,0,1,6
6,1547,1,1,0,0,6
6,1559,1,1,0,0,6
6,1570,1,1,0,1,6
6,1626,1,1,1,0,6
6,1633,1,1,0,0,6
6,1637,1,1,0,0,6
6,1665,1,1,0,1,6
6,1671,1,1,0,0,6
6,1679,1,1,0,1,6
6,1694,1,1,0,0,6
6,1721,1,1,0,0,6
6,1725,1,1,0,0,6
6,1733,1,1,0,0,6
6,1736,1,1,0,0,6
6,1748,1,1,0,0,6
6,1763,1,1,0,0,6
6,1771,1,1,0,0,6
6,1791,1,1,0,0,6
6,1819,1,1,0,0,6
6,1866,1,1,0,1,6
6,1881,1,1,0,0,6
6,1895,1,1,0,1,6
6,1919,1,1,0,1,6
6,1934,1,1,0,0,6
6,1960,1,1,0,0,6
6,2021,1,1,0,0,6
6,2048,1,1,0,1,6
6,2062,1,1,0,0,6
6,2097,1,1,0,0,6
6,2158,1,1,1,0,6
6,2178,1,1,0,1,6
6,2191,1,1,1,0,6
6,2193,1,1,1,0,6
6,2223,1,1,1,0,6
6,2229,1,1,0,0,6
6,2243,1,1,0,0,6
6,2247,1,1,0,0,6
6,2267,1,1,0,0,6
6,2268,1,1,0,0,6
6,2270,1,1,0,0,6
6,2274,1,1,0,0,6
6,2288,1,1,0,0,6
6,2290,1,1,0,1,6
6,2312,1,1,0,0,6
6,2410,1,1,0,0,6
6,2432,1,1,0,0,6
6,2435,1,1,0,0,6
6,2451,1,1,0,0,6
6,2459,1,1,0,0,6
6,2510,1,1,0,0,6
6,2521,1,1,0,0,6
6,2529,1,1,1,0,6
6,2534,1,1,0,0,6
6,2540,1,1,0,0,6
6,2569,1,1,0,0,6
6,2582,1,1,0,0,6
6,2587,1,1,0,0,6
6,2594,1,1,0,0,6
6,2640,1,1,0,0,6
6,2653,1,1,0,0,6
6,2660,1,1,0,0,6
6,2663,1,1,1,0,6
6,2668,1,1,1,0,6
6,2669,1,1,0,0,6
6,2670,1,1,1,0,6
6,2673,1,1,0,0,6
6,2686,1,1,0,0,6
6,2700,1,1,0,0,6
6,2704,1,1,1,0,6
6,2723,1,1,0,0,6
6,2758,1,1,0,0,6
6,2770,1,1,0,0,6
6,2821,1,1,0,0,6
6,2834,1,1,0,0,6
6,2858,1,1,0,0,6
6,2869,1,1,0,0,6
6,2879,1,1,0,0,6
6,2890,1,1,0,0,6
6,2899,1,1,0,0,6
6,2910,1,1,0,1,6
6,2956,1,1,0,0,6
6,2964,1,1,1,0,6
6,2977,1,1,0,1,6
6,2982,1,1,1,0,6
6,3008,1,1,1,0,6
6,3070,1,1,1,0,6
6,3073,1,1,0,0,6
6,3091,1,1,1,0,6
6,3096,1,1,0,0,6
6,3106,1,1,0,0,6
6,3127,1,1,0,0,6
6,3131,1,1,0,0,6
6,3136,1,1,0,0,6
6,3158,1,1,0,0,6
6,3173,1,1,0,0,6
6,3177,1,1,0,0,6
6,3178,1,1,0,1,6
6,3179,1,1,0,0,6
6,3199,1,1,0,0,6
6,3247,1,1,0,0,6
6,3253,1,1,0,0,6
6,3280,1,1,0,0,6
6,3299,1,1,1,0,6
6,3307,1,1,0,1,6
6,3309,1,1,0,0,6
6,3317,1,1,0,0,6
6,3321,1,1,1,0,6
6,3325,1,1,0,0,6
6,3340,1,1,0,1,6
6,3411,1,1,0,0,6
6,3412,1,1,0,0,6
6,3417,1,1,0,0,6
6,3431,1,1,0,1,6
6,3449,1,1,0,0,6
6,3450,1,1,0,0,6
6,3455,1,1,0,0,6
6,3456,1,1,0,0,6
6,3466,1,1,0,0,6
6,3481,1,1,0,0,6
6,3491,1,1,0,0,6
6,3503,1,1,0,0,6
6,3505,1,1,0,0,6
6,3532,1,1,1,0,6
6,3541,1,1,1,0,6
6,3558,1,1,0,0,6
6,3567,1,1,0,0,6
6,3578,1,1,0,0,6
6,3638,1,1,0,0,6
6,3646,1,1,0,0,6
6,3648,1,1,0,0,6
6,3652,1,1,0,0,6
6,3674,1,1,0,0,6
6,3677,1,1,0,1,6
6,3716,1,1,0,1,6
6,3717,1,1,0,0,6
6,3737,1,1,0,0,6
6,3745,1,1,0,0,6
6,3750,1,1,0,0,6
6,3753,1,1,0,0,6
6,3758,1,1,0,0,6
6,3790,1,1,0,0,6
6,3791,1,1,1,0,6
6,3803,1,1,0,0,6
6,3810,1,1,0,0,6
6,3822,1,1,0,1,6
6,3863,1,1,0,1,6
6,3872,1,1,0,0,6
6,3884,1,1,0,0,6
6,3903,1,1,0,0,6
6,3926,1,1,0,1,6
6,3931,1,1,0,0,6
6,3935,1,1,0,1,6
6,3952,1,1,0,0,6
6,3955,1,1,1,0,6
6,3957,1,1,0,0,6
6,3958,1,1,0,0,6
6,3959,1,1,0,0,6
6,3961,1,1,0,0,6
6,3974,1,1,1,0,6
6,3975,1,1,0,0,6
6,3980,1,1,0,0,6
6,4002,1,1,1,0,6
6,4018,1,1,0,0,6
6,4044,1,1,1,0,6
6,4054,1,1,0,0,6
6,4061,1,1,1,0,6
6,4106,1,1,0,1,6
6,4143,1,1,0,0,6
6,4149,1,1,0,0,6
6,4153,1,1,0,0,6
6,4171,1,1,1,0,6
6,4189,1,1,0,0,6
6,4193,1,1,1,0,6
6,4218,1,1,0,0,6
6,4221,1,1,0,0,6
6,4226,1,1,0,0,6
6,4230,1,1,1,0,6
6,4257,1,1,1,0,6
6,4272,1,1,1,0,6
6,4279,1,1,0,0,6
6,4287,1,1,0,1,6
6,4401,1,1,0,0,6
6,4458,1,1,0,1,6
6,4474,1,1,1,0,6
6,4485,1,1,0,0,6
6,4492,1,1,1,0,6
6,4494,1,1,0,0,6
6,4537,1,1,0,0,6
6,4552,1,1,0,0,6
6,4561,1,1,0,0,6
6,4563,1,1,0,0,6
6,4584,1,1,1,0,6
6,4585,1,1,1,0,6
6,4643,1,1,0,0,6
6,4701,1,1,0,0,6
6,4716,1,1,0,1,6
6,4723,1,1,1,0,6
6,4727,1,1,0,0,6
6,4735,1,1,0,0,6
6,4739,1,1,0,0,6
6,4768,1,1,1,0,6
6,4797,1,1,0,0,6
6,4818,1,1,1,0,6
6,4833,1,1,0,0,6
6,4847,1,1,0,0,6
6,4862,1,1,1,0,6
6,4876,1,1,0,0,6
6,4883,1,1,0,0,6
6,4886,1,1,0,0,6
6,4907,1,1,0,0,6
6,4917,1,1,0,0,6
6,4970,1,1,0,0,6
6,4986,1,1,1,0,6
6,4998,1,1,1,0,6
6,7,1,1,0,0,7
6,35,1,1,0,0,7
6,41,1,1,0,0,7
6,62,1,1,1,0,7
6,65,1,1,1,0,7
6,69,1,1,0,0,7
6,97,1,1,0,0,7
6,101,1,1,0,0,7
6,110,1,1,0,0,7
6,113,1,1,0,0,7
6,115,1,1,0,0,7
6,128,1,1,0,0,7
6,134,1,1,0,1,7
6,169,1,1,0,0,7
6,171,1,1,0,0,7
6,176,1,1,1,0,7
6,198,1,1,0,0,7
6,207,1,1,0,0,7
6,226,1,1,0,0,7
6,228,1,1,0,0,7
6,232,1,1,0,0,7
6,251,1,1,1,0,7
6,267,1,1,0,0,7
6,271,1,1,1,0,7
6,315,1,1,0,1,7
6,321,1,1,0,0,7
6,358,1,1,0,0,7
6,393,1,1,0,0,7
6,419,1,1,0,0,7
6,423,1,1,1,0,7
6,441,1,1,0,0,7
6,473,1,1,0,0,7
6,487,1,1,0,1,7
6,504,1,1,0,0,7
6,525,1,1,1,0,7
6,570,1,1,0,0,7
6,587,1,1,1,0,7
6,588,1,1,0,0,7
6,598,1,1,0,0,7
6,607,1,1,0,0,7
6,613,1,1,0,0,7
6,630,1,1,1,0,7
6,669,1,1,0,0,7
6,675,1,1,1,0,7
6,676,1,1,1,0,7
6,721,1,1,0,0,7
6,730,1,1,0,0,7
6,763,1,1,1,0,7
6,769,1,1,0,0,7
6,782,1,1,0,0,7
6,804,1,1,0,0,7
6,807,1,1,0,0,7
6,844,1,1,0,0,7
6,847,1,1,0,1,7
6,877,1,1,0,0,7
6,882,1,1,0,0,7
6,899,1,1,0,0,7
6,901,1,1,0,0,7
6,903,1,1,0,0,7
6,906,1,1,1,0,7
6,917,1,1,0,1,7
6,918,1,1,0,0,7
6,919,1,1,0,0,7
6,973,1,1,0,0,7
6,1055,1,1,0,0,7
6,1084,1,1,0,0,7
6,1085,1,1,1,0,7
6,1097,1,1,1,0,7
6,1105,1,1,0,0,7
6,1112,1,1,0,0,7
6,1125,1,1,1,0,7
6,1173,1,1,0,0,7
6,1231,1,1,0,0,7
6,1258,1,1,0,0,7
6,1293,1,1,1,0,7
6,1314,1,1,0,0,7
6,1331,1,1,0,0,7
6,1358,1,1,0,0,7
6,1370,1,1,1,0,7
6,1381,1,1,0,1,7
6,1390,1,1,1,0,7
6,1397,1,1,1,0,7
6,1422,1,1,0,0,7
6,1424,1,1,0,0,7
6,1465,1,1,0,1,7
6,1466,1,1,0,0,7
6,1470,1,1,0,0,7
6,1489,1,1,1,0,7
6,1492,1,1,0,0,7
6,1505,1,1,1,0,7
6,1514,1,1,0,0,7
6,1544,1,1,1,0,7
6,1576,1,1,0,0,7
6,1579,1,1,0,0,7
6,1590,1,1,0,0,7
6,1630,1,1,0,1,7
6,1638,1,1,0,0,7
6,1663,1,1,0,0,7
6,1673,1,1,0,0,7
6,1700,1,1,0,0,7
6,1711,1,1,0,0,7
6,1723,1,1,0,1,7
6,1743,1,1,0,0,7
6,1758,1,1,0,0,7
6,1759,1,1,0,0,7
6,1777,1,1,0,1,7
6,1781,1,1,0,0,7
6,1782,1,1,0,0,7
6,1800,1,1,1,0,7
6,1810,1,1,0,0,7
6,1848,1,1,1,0,7
6,1870,1,1,0,0,7
6,1873,1,1,0,0,7
6,1883,1,1,0,0,7
6,1885,1,1,0,0,7
6,1886,1,1,0,0,7
6,1910,1,1,0,1,7
6,1944,1,1,0,0,7
6,1965,1,1,0,0,7
6,1968,1,1,0,0,7
6,1975,1,1,0,0,7
6,1977,1,1,0,0,7
6,2034,1,1,1,0,7
6,2036,1,1,1,0,7
6,2037,1,1,0,0,7
6,2055,1,1,0,0,7
6,2067,1,1,0,0,7
6,2068,1,1,0,0,7
6,2096,1,1,1,0,7
6,2115,1,1,0,0,7
6,2127,1,1,0,0,7
6,2129,1,1,0,0,7
6,2131,1,1,0,0,7
6,2146,1,1,0,0,7
6,2151,1,1,0,0,7
6,2154,1,1,0,0,7
6,2163,1,1,0,0,7
6,2186,1,1,0,0,7
6,2214,1,1,0,0,7
6,2216,1,1,0,0,7
6,2241,1,1,0,0,7
6,2254,1,1,0,1,7
6,2279,1,1,0,0,7
6,2284,1,1,0,0,7
6,2307,1,1,0,0,7
6,2308,1,1,1,0,7
6,2325,1,1,0,0,7
6,2363,1,1,0,1,7
6,2369,1,1,1,0,7
6,2370,1,1,0,0,7
6,2375,1,1,0,0,7
6,2380,1,1,0,0,7
6,2396,1,1,0,0,7
6,2404,1,1,0,0,7
6,2421,1,1,0,0,7
6,2429,1,1,0,0,7
6,2455,1,1,1,0,7
6,2456,1,1,1,0,7
6,2457,1,1,1,0,7
6,2463,1,1,0,0,7
6,2464,1,1,0,0,7
6,2472,1,1,0,0,7
6,2481,1,1,0,0,7
6,2493,1,1,0,0,7
6,2500,1,1,0,0,7
6,2506,1,1,0,0,7
6,2523,1,1,0,0,7
6,2525,1,1,0,0,7
6,2526,1,1,0,0,7
6,2532,1,1,0,0,7
6,2549,1,1,0,0,7
6,2561,1,1,0,0,7
6,2570,1,1,0,0,7
6,2576,1,1,0,0,7
6,2579,1,1,0,0,7
6,2584,1,1,0,0,7
6,2598,1,1,0,1,7
6,2619,1,1,0,1,7
6,2630,1,1,0,1,7
6,2681,1,1,0,1,7
6,2682,1,1,0,0,7
6,2708,1,1,0,0,7
6,2722,1,1,1,0,7
6,2731,1,1,0,0,7
6,2742,1,1,0,1,7
6,2750,1,1,1,0,7
6,2756,1,1,0,0,7
6,2760,1,1,0,0,7
6,2766,1,1,0,0,7
6,2812,1,1,0,0,7
6,2824,1,1,1,0,7
6,2845,1,1,0,0,7
6,2848,1,1,0,1,7
6,2854,1,1,0,0,7
6,2857,1,1,0,0,7
6,2865,1,1,1,0,7
6,2880,1,1,0,1,7
6,2888,1,1,0,1,7
6,2889,1,1,0,1,7
6,2934,1,1,0,0,7
6,2995,1,1,0,1,7
6,3006,1,1,0,0,7
6,3020,1,1,0,0,7
6,3036,1,1,0,0,7
6,3040,1,1,0,1,7
6,3063,1,1,0,0,7
6,3117,1,1,0,1,7
6,3143,1,1,0,0,7
6,3150,1,1,0,0,7
6,3161,1,1,0,0,7
6,3163,1,1,0,0,7
6,3168,1,1,0,0,7
6,3170,1,1,0,0,7
6,3183,1,1,0,1,7
6,3217,1,1,0,0,7
6,3257,1,1,1,0,7
6,3261,1,1,0,0,7
6,3286,1,1,0,0,7
6,3293,1,1,0,1,7
6,3294,1,1,0,1,7
6,3339,1,1,0,0,7
6,3354,1,1,0,0,7
6,3364,1,1,0,0,7
6,3365,1,1,0,1,7
6,3372,1,1,0,1,7
6,3380,1,1,0,0,7
6,3392,1,1,0,0,7
6,3401,1,1,0,0,7
6,3419,1,1,1,0,7
6,3470,1,1,0,0,7
6,3488,1,1,0,0,7
6,3496,1,1,0,0,7
6,3518,1,1,0,0,7
6,3549,1,1,0,0,7
6,3555,1,1,0,0,7
6,3560,1,1,0,0,7
6,3562,1,1,0,0,7
6,3563,1,1,0,0,7
6,3579,1,1,0,0,7
6,3580,1,1,0,0,7
6,3586,1,1,0,0,7
6,3589,1,1,0,0,7
6,3605,1,1,0,1,7
6,3613,1,1,0,1,7
6,3644,1,1,0,0,7
6,3656,1,1,0,0,7
6,3707,1,1,0,0,7
6,3708,1,1,0,0,7
6,3729,1,1,0,0,7
6,3756,1,1,0,0,7
6,3785,1,1,0,0,7
6,3788,1,1,0,0,7
6,3797,1,1,0,0,7
6,3811,1,1,1,0,7
6,3818,1,1,1,0,7
6,3825,1,1,0,0,7
6,3830,1,1,0,0,7
6,3836,1,1,0,0,7
6,3838,1,1,0,1,7
6,3841,1,1,0,0,7
6,3861,1,1,0,0,7
6,3862,1,1,0,0,7
6,3865,1,1,0,0,7
6,3885,1,1,0,0,7
6,3901,1,1,0,0,7
6,3902,1,1,0,0,7
6,3939,1,1,0,0,7
6,3942,1,1,0,0,7
6,3949,1,1,0,0,7
6,3976,1,1,0,0,7
6,3986,1,1,0,0,7
6,3998,1,1,0,0,7
6,4004,1,1,0,0,7
6,4011,1,1,0,1,7
6,4013,1,1,0,0,7
6,4015,1,1,1,0,7
6,4036,1,1,0,0,7
6,4038,1,1,0,0,7
6,4053,1,1,0,1,7
6,4085,1,1,0,0,7
6,4111,1,1,0,0,7
6,4133,1,1,0,0,7
6,4137,1,1,0,0,7
6,4142,1,1,1,0,7
6,4195,1,1,0,0,7
6,4196,1,1,0,0,7
6,4209,1,1,0,0,7
6,4236,1,1,1,0,7
6,4268,1,1,1,0,7
6,4278,1,1,0,0,7
6,4316,1,1,0,0,7
6,4342,1,1,1,0,7
6,4366,1,1,0,0,7
6,4377,1,1,0,0,7
6,4382,1,1,0,0,7
6,4406,1,1,1,0,7
6,4415,1,1,0,1,7
6,4439,1,1,0,1,7
6,4478,1,1,1,0,7
6,4511,1,1,0,0,7
6,4512,1,1,0,0,7
6,4517,1,1,0,0,7
6,4519,1,1,0,0,7
6,4531,1,1,0,0,7
6,4543,1,1,0,0,7
6,4570,1,1,0,1,7
6,4580,1,1,1,0,7
6,4610,1,1,0,0,7
6,4616,1,1,1,0,7
6,4617,1,1,0,0,7
6,4624,1,1,0,0,7
6,4631,1,1,0,0,7
6,4636,1,1,1,0,7
6,4650,1,1,0,0,7
6,4667,1,1,0,1,7
6,4689,1,1,1,0,7
6,4692,1,1,0,0,7
6,4695,1,1,0,0,7
6,4719,1,1,0,0,7
6,4736,1,1,0,1,7
6,4753,1,1,0,0,7
6,4758,1,1,0,0,7
6,4775,1,1,0,0,7
6,4812,1,1,0,0,7
6,4815,1,1,0,0,7
6,4822,1,1,0,0,7
6,4830,1,1,0,0,7
6,4850,1,1,0,0,7
6,4853,1,1,1,0,7
6,4889,1,1,0,0,7
6,4906,1,1,0,0,7
6,4977,1,1,0,0,7
6,4988,1,1,0,0,7
6,10,1,1,0,0,8
6,11,1,1,0,1,8
6,17,1,1,0,0,8
6,29,1,1,1,0,8
6,55,1,1,0,0,8
6,77,1,1,1,0,8
6,158,1,1,0,0,8
6,188,1,1,0,0,8
6,208,1,1,0,0,8
6,255,1,1,0,1,8
6,313,1,1,0,0,8
6,329,1,1,0,0,8
6,351,1,1,0,0,8
6,417,1,1,0,1,8
6,424,1,1,0,0,8
6,430,1,1,0,0,8
6,446,1,1,0,1,8
6,450,1,1,0,1,8
6,484,1,1,1,0,8
6,485,1,1,1,0,8
6,490,1,1,1,0,8
6,507,1,1,0,0,8
6,511,1,1,0,0,8
6,520,1,1,0,0,8
6,556,1,1,0,0,8
6,568,1,1,0,0,8
6,572,1,1,0,0,8
6,591,1,1,0,0,8
6,612,1,1,0,0,8
6,614,1,1,1,0,8
6,615,1,1,0,0,8
6,645,1,1,0,1,8
6,653,1,1,0,0,8
6,663,1,1,0,0,8
6,673,1,1,0,0,8
6,686,1,1,1,0,8
6,707,1,1,0,0,8
6,711,1,1,0,1,8
6,726,1,1,0,0,8
6,732,1,1,0,0,8
6,741,1,1,0,1,8
6,765,1,1,0,0,8
6,797,1,1,1,0,8
6,814,1,1,0,0,8
6,818,1,1,0,1,8
6,835,1,1,0,0,8
6,843,1,1,0,0,8
6,872,1,1,0,0,8
6,874,1,1,1,0,8
6,878,1,1,1,0,8
6,890,1,1,1,0,8
6,924,1,1,0,0,8
6,926,1,1,0,0,8
6,945,1,1,0,1,8
6,952,1,1,0,1,8
6,1067,1,1,1,0,8
6,1109,1,1,0,1,8
6,1114,1,1,0,0,8
6,1127,1,1,1,0,8
6,1156,1,1,0,0,8
6,1158,1,1,0,0,8
6,1167,1,1,0,0,8
6,1172,1,1,1,0,8
6,1218,1,1,0,0,8
6,1255,1,1,0,0,8
6,1265,1,1,1,0,8
6,1269,1,1,0,1,8
6,1284,1,1,0,0,8
6,1321,1,1,0,0,8
6,1335,1,1,0,0,8
6,1336,1,1,0,0,8
6,1339,1,1,0,1,8
6,1350,1,1,0,0,8
6,1362,1,1,0,0,8
6,1392,1,1,0,0,8
6,1396,1,1,0,0,8
6,1403,1,1,0,0,8
6,1414,1,1,1,0,8
6,1444,1,1,0,0,8
6,1460,1,1,0,0,8
6,1481,1,1,0,0,8
6,1533,1,1,1,0,8
6,1534,1,1,0,0,8
6,1537,1,1,0,0,8
6,1543,1,1,0,0,8
6,1565,1,1,0,1,8
6,1727,1,1,1,0,8
6,1747,1,1,0,0,8
6,1767,1,1,0,0,8
6,1773,1,1,0,0,8
6,1775,1,1,0,0,8
6,1787,1,1,0,1,8
6,1797,1,1,0,0,8
6,1842,1,1,1,0,8
6,1877,1,1,0,0,8
6,1914,1,1,1,0,8
6,1941,1,1,0,0,8
6,1955,1,1,0,0,8
6,1957,1,1,0,1,8
6,1994,1,1,1,0,8
6,2008,1,1,1,0,8
6,2028,1,1,0,0,8
6,2030,1,1,0,1,8
6,2039,1,1,1,0,8
6,2043,1,1,0,0,8
6,2066,1,1,0,0,8
6,2071,1,1,0,0,8
6,2074,1,1,0,0,8
6,2084,1,1,1,0,8
6,2090,1,1,0,0,8
6,2121,1,1,0,0,8
6,2173,1,1,0,0,8
6,2200,1,1,0,0,8
6,2227,1,1,0,0,8
6,2250,1,1,0,0,8
6,2285,1,1,0,0,8
6,2322,1,1,0,1,8
6,2330,1,1,0,0,8
6,2374,1,1,0,0,8
6,2384,1,1,0,0,8
6,2386,1,1,0,1,8
6,2399,1,1,0,0,8
6,2427,1,1,0,0,8
6,2440,1,1,1,0,8
6,2505,1,1,0,0,8
6,2512,1,1,0,0,8
6,2520,1,1,0,0,8
6,2527,1,1,0,0,8
6,2535,1,1,0,1,8
6,2591,1,1,0,0,8
6,2597,1,1,1,0,8
6,2602,1,1,0,0,8
6,2625,1,1,0,0,8
6,2628,1,1,0,0,8
6,2683,1,1,0,0,8
6,2688,1,1,0,0,8
6,2705,1,1,0,1,8
6,2711,1,1,0,0,8
6,2728,1,1,0,0,8
6,2732,1,1,0,1,8
6,2799,1,1,0,0,8
6,2807,1,1,0,0,8
6,2864,1,1,0,0,8
6,2942,1,1,1,0,8
6,2967,1,1,0,1,8
6,2968,1,1,0,0,8
6,2975,1,1,0,1,8
6,2985,1,1,0,0,8
6,3007,1,1,0,0,8
6,3009,1,1,0,0,8
6,3082,1,1,0,0,8
6,3099,1,1,0,0,8
6,3108,1,1,1,0,8
6,3137,1,1,0,0,8
6,3146,1,1,0,1,8
6,3148,1,1,0,0,8
6,3166,1,1,0,0,8
6,3195,1,1,0,0,8
6,3231,1,1,0,1,8
6,3258,1,1,0,0,8
6,3262,1,1,0,0,8
6,3263,1,1,0,0,8
6,3266,1,1,0,0,8
6,3306,1,1,0,0,8
6,3310,1,1,0,1,8
6,3366,1,1,0,1,8
6,3461,1,1,0,1,8
6,3469,1,1,0,0,8
6,3477,1,1,0,0,8
6,3492,1,1,0,0,8
6,3512,1,1,0,0,8
6,3534,1,1,0,0,8
6,3543,1,1,0,1,8
6,3569,1,1,0,0,8
6,3574,1,1,0,1,8
6,3596,1,1,0,0,8
6,3597,1,1,0,0,8
6,3621,1,1,0,1,8
6,3651,1,1,0,1,8
6,3659,1,1,0,0,8
6,3660,1,1,1,0,8
6,3664,1,1,0,0,8
6,3671,1,1,1,0,8
6,3673,1,1,0,1,8
6,3744,1,1,0,0,8
6,3767,1,1,0,0,8
6,3779,1,1,0,0,8
6,3794,1,1,0,1,8
6,3816,1,1,0,0,8
6,3871,1,1,1,0,8
6,3892,1,1,0,0,8
6,3916,1,1,1,0,8
6,3937,1,1,0,1,8
6,3944,1,1,0,0,8
6,4032,1,1,0,0,8
6,4037,1,1,0,0,8
6,4047,1,1,0,0,8
6,4093,1,1,1,0,8
6,4099,1,1,0,1,8
6,4116,1,1,0,0,8
6,4127,1,1,0,0,8
6,4136,1,1,0,1,8
6,4141,1,1,0,0,8
6,4144,1,1,0,0,8
6,4154,1,1,0,0,8
6,4160,1,1,0,0,8
6,4190,1,1,0,0,8
6,4215,1,1,0,1,8
6,4216,1,1,0,0,8
6,4249,1,1,1,0,8
6,4259,1,1,0,0,8
6,4260,1,1,0,0,8
6,4264,1,1,0,0,8
6,4290,1,1,0,0,8
6,4292,1,1,0,0,8
6,4323,1,1,0,0,8
6,4345,1,1,0,1,8
6,4378,1,1,0,0,8
6,4414,1,1,0,0,8
6,4428,1,1,0,0,8
6,4434,1,1,0,1,8
6,4452,1,1,0,0,8
6,4453,1,1,0,0,8
6,4486,1,1,0,0,8
6,4521,1,1,0,0,8
6,4536,1,1,0,0,8
6,4557,1,1,1,0,8
6,4579,1,1,0,0,8
6,4588,1,1,0,0,8
6,4590,1,1,0,0,8
6,4611,1,1,0,0,8
6,4645,1,1,0,0,8
6,4653,1,1,0,0,8
6,4663,1,1,0,0,8
6,4664,1,1,1,0,8
6,4675,1,1,0,0,8
6,4678,1,1,0,0,8
6,4683,1,1,0,0,8
6,4686,1,1,1,0,8
6,4706,1,1,0,1,8
6,4707,1,1,0,1,8
6,4772,1,1,0,0,8
6,4795,1,1,0,1,8
6,4807,1,1,0,0,8
6,4829,1,1,0,1,8
6,4849,1,1,0,0,8
6,4865,1,1,0,0,8
6,4868,1,1,0,0,8
6,4928,1,1,0,0,8
6,4944,1,1,1,0,8
6,4955,1,1,0,1,8
6,4962,1,1,1,0,8
6,4990,1,1,0,1,8
6,4996,1,1,0,0,8
6,4999,1,1,0,1,8
6,1,1,1,0,1,9
6,13,1,1,0,1,9
6,47,1,1,1,0,9
6,50,1,1,0,0,9
6,78,1,1,0,1,9
6,107,1,1,0,0,9
6,109,1,1,0,0,9
6,114,1,1,0,0,9
6,139,1,1,0,0,9
6,148,1,1,0,0,9
6,153,1,1,1,0,9
6,166,1,1,0,0,9
6,175,1,1,0,0,9
6,197,1,1,1,0,9
6,203,1,1,1,0,9
6,250,1,1,0,0,9
6,265,1,1,0,0,9
6,299,1,1,0,0,9
6,341,1,1,0,1,9
6,380,1,1,0,0,9
6,391,1,1,0,0,9
6,406,1,1,0,0,9
6,428,1,1,0,0,9
6,437,1,1,1,0,9
6,440,1,1,0,0,9
6,454,1,1,1,0,9
6,461,1,1,0,0,9
6,476,1,1,0,0,9
6,477,1,1,0,0,9
6,492,1,1,0,0,9
6,545,1,1,0,1,9
6,548,1,1,0,0,9
6,553,1,1,1,0,9
6,567,1,1,0,0,9
6,626,1,1,0,1,9
6,652,1,1,0,1,9
6,693,1,1,1,0,9
6,705,1,1,0,0,9
6,706,1,1,0,0,9
6,709,1,1,0,0,9
6,725,1,1,0,0,9
6,729,1,1,0,0,9
6,733,1,1,0,0,9
6,787,1,1,0,0,9
6,791,1,1,0,0,9
6,817,1,1,0,0,9
6,831,1,1,0,0,9
6,849,1,1,0,1,9
6,858,1,1,1,0,9
6,864,1,1,0,0,9
6,898,1,1,0,0,9
6,907,1,1,0,0,9
6,938,1,1,0,1,9
6,959,1,1,1,0,9
6,962,1,1,0,0,9
6,1006,1,1,0,0,9
6,1013,1,1,1,0,9
6,1033,1,1,1,0,9
6,1049,1,1,0,0,9
6,1077,1,1,1,0,9
6,1132,1,1,0,0,9
6,1135,1,1,0,0,9
6,1153,1,1,0,0,9
6,1198,1,1,0,0,9
6,1199,1,1,0,0,9
6,1200,1,1,0,0,9
6,1232,1,1,1,0,9
6,1235,1,1,1,0,9
6,1250,1,1,0,1,9
6,1289,1,1,0,0,9
6,1297,1,1,0,0,9
6,1305,1,1,0,0,9
6,1337,1,1,0,0,9
6,1345,1,1,0,0,9
6,1357,1,1,0,0,9
6,1372,1,1,0,0,9
6,1384,1,1,0,0,9
6,1427,1,1,0,0,9
6,1437,1,1,0,0,9
6,1439,1,1,1,0,9
6,1443,1,1,0,0,9
6,1449,1,1,1,0,9
6,1469,1,1,0,1,9
6,1525,1,1,0,0,9
6,1528,1,1,0,0,9
6,1562,1,1,0,0,9
6,1566,1,1,0,0,9
6,1574,1,1,0,0,9
6,1625,1,1,0,0,9
6,1639,1,1,0,1,9
6,1644,1,1,1,0,9
6,1686,1,1,0,0,9
6,1695,1,1,0,0,9
6,1713,1,1,0,1,9
6,1717,1,1,0,0,9
6,1728,1,1,0,0,9
6,1750,1,1,0,0,9
6,1764,1,1,0,0,9
6,1802,1,1,0,0,9
6,1813,1,1,0,0,9
6,1826,1,1,0,0,9
6,1828,1,1,0,0,9
6,1850,1,1,0,1,9
6,1950,1,1,0,0,9
6,1958,1,1,0,0,9
6,1976,1,1,1,0,9
6,1978,1,1,0,0,9
6,1997,1,1,0,0,9
6,2012,1,1,0,0,9
6,2018,1,1,0,0,9
6,2051,1,1,0,0,9
6,2054,1,1,0,0,9
6,2072,1,1,0,0,9
6,2114,1,1,0,0,9
6,2116,1,1,0,0,9
6,2132,1,1,0,0,9
6,2136,1,1,0,0,9
6,2145,1,1,0,1,9
6,2156,1,1,0,0,9
6,2204,1,1,0,1,9
6,2255,1,1,0,1,9
6,2262,1,1,0,1,9
6,2263,1,1,0,0,9
6,2264,1,1,0,0,9
6,2265,1,1,0,0,9
6,2266,1,1,1,0,9
6,2275,1,1,0,0,9
6,2278,1,1,0,0,9
6,2311,1,1,1,0,9
6,2331,1,1,0,1,9
6,2360,1,1,0,1,9
6,2383,1,1,0,0,9
6,2398,1,1,0,1,9
6,2400,1,1,0,1,9
6,2407,1,1,0,0,9
6,2422,1,1,0,0,9
6,2444,1,1,0,0,9
6,2460,1,1,0,0,9
6,2539,1,1,1,0,9
6,2542,1,1,0,0,9
6,2565,1,1,1,0,9
6,2583,1,1,0,0,9
6,2631,1,1,0,0,9
6,2633,1,1,0,0,9
6,2655,1,1,1,0,9
6,2657,1,1,0,0,9
6,2698,1,1,0,1,9
6,2713,1,1,1,0,9
6,2716,1,1,0,1,9
6,2720,1,1,0,0,9
6,2744,1,1,0,0,9
6,2765,1,1,1,0,9
6,2783,1,1,0,1,9
6,2789,1,1,0,0,9
6,2801,1,1,0,1,9
6,2816,1,1,1,0,9
6,2882,1,1,0,1,9
6,2935,1,1,0,1,9
6,2945,1,1,0,1,9
6,2976,1,1,0,1,9
6,3001,1,1,1,0,9
6,3034,1,1,0,0,9
6,3059,1,1,0,0,9
6,3084,1,1,0,0,9
6,3092,1,1,0,0,9
6,3116,1,1,1,0,9
6,3135,1,1,0,0,9
6,3151,1,1,0,0,9
6,3152,1,1,0,0,9
6,3167,1,1,0,0,9
6,3201,1,1,0,0,9
6,3215,1,1,0,1,9
6,3229,1,1,0,0,9
6,3242,1,1,0,0,9
6,3259,1,1,0,0,9
6,3301,1,1,0,0,9
6,3308,1,1,0,0,9
6,3343,1,1,0,0,9
6,3353,1,1,0,1,9
6,3368,1,1,0,0,9
6,3370,1,1,0,0,9
6,3389,1,1,1,0,9
6,3396,1,1,0,0,9
6,3400,1,1,1,0,9
6,3430,1,1,0,0,9
6,3432,1,1,0,0,9
6,3476,1,1,0,1,9
6,3483,1,1,0,0,9
6,3490,1,1,0,0,9
6,3522,1,1,0,1,9
6,3523,1,1,0,1,9
6,3524,1,1,0,0,9
6,3548,1,1,0,0,9
6,3566,1,1,0,0,9
6,3603,1,1,0,0,9
6,3610,1,1,0,0,9
6,3616,1,1,0,1,9
6,3625,1,1,0,0,9
6,3636,1,1,0,1,9
6,3637,1,1,1,0,9
6,3649,1,1,0,1,9
6,3679,1,1,0,0,9
6,3682,1,1,0,0,9
6,3693,1,1,0,0,9
6,3700,1,1,0,0,9
6,3719,1,1,0,0,9
6,3730,1,1,0,0,9
6,3755,1,1,0,0,9
6,3771,1,1,0,0,9
6,3812,1,1,0,0,9
6,3849,1,1,1,0,9
6,3850,1,1,1,0,9
6,3857,1,1,0,0,9
6,3859,1,1,0,1,9
6,3876,1,1,0,1,9
6,3910,1,1,0,0,9
6,3913,1,1,0,0,9
6,3930,1,1,1,0,9
6,3956,1,1,0,0,9
6,3990,1,1,0,0,9
6,4055,1,1,0,0,9
6,4087,1,1,1,0,9
6,4102,1,1,0,0,9
6,4107,1,1,0,0,9
6,4182,1,1,0,0,9
6,4183,1,1,1,0,9
6,4205,1,1,0,0,9
6,4220,1,1,0,1,9
6,4247,1,1,0,0,9
6,4297,1,1,0,0,9
6,4303,1,1,0,0,9
6,4304,1,1,0,0,9
6,4329,1,1,0,0,9
6,4357,1,1,0,0,9
6,4373,1,1,0,0,9
6,4387,1,1,0,0,9
6,4410,1,1,0,0,9
6,4416,1,1,0,0,9
6,4418,1,1,0,0,9
6,4427,1,1,0,0,9
6,4463,1,1,1,0,9
6,4464,1,1,0,0,9
6,4467,1,1,0,0,9
6,4468,1,1,0,0,9
6,4470,1,1,0,1,9
6,4483,1,1,0,1,9
6,4500,1,1,0,0,9
6,4501,1,1,0,0,9
6,4524,1,1,0,0,9
6,4526,1,1,1,0,9
6,4534,1,1,1,0,9
6,4540,1,1,0,0,9
6,4568,1,1,0,1,9
6,4577,1,1,0,0,9
6,4591,1,1,1,0,9
6,4606,1,1,0,0,9
6,4607,1,1,0,0,9
6,4654,1,1,0,0,9
6,4659,1,1,0,0,9
6,4709,1,1,0,0,9
6,4717,1,1,0,0,9
6,4745,1,1,0,0,9
6,4780,1,1,0,0,9
6,4804,1,1,0,0,9
6,4824,1,1,0,0,9
6,4843,1,1,0,0,9
6,4863,1,1,0,0,9
6,4877,1,1,0,0,9
6,4885,1,1,0,0,9
6,4888,1,1,0,0,9
6,4895,1,1,0,1,9
6,4902,1,1,1,0,9
6,4915,1,1,0,0,9
6,4922,1,1,0,0,9
6,4929,1,1,0,0,9
6,4931,1,1,0,0,9
6,4935,1,1,0,1,9
6,4960,1,1,0,0,9
6,4991,1,1,0,0,9
6,27,1,1,0,0,10
6,36,1,1,0,0,10
6,40,1,1,0,0,10
6,42,1,1,0,1,10
6,51,1,1,0,0,10
6,89,1,1,0,0,10
6,93,1,1,0,0,10
6,94,1,1,0,1,10
6,133,1,1,0,0,10
6,145,1,1,0,1,10
6,157,1,1,0,0,10
6,162,1,1,0,0,10
6,165,1,1,0,0,10
6,178,1,1,0,0,10
6,181,1,1,0,0,10
6,209,1,1,1,0,10
6,220,1,1,0,0,10
6,234,1,1,0,0,10
6,237,1,1,0,0,10
6,261,1,1,0,0,10
6,273,1,1,0,0,10
6,297,1,1,0,0,10
6,305,1,1,1,0,10
6,323,1,1,1,0,10
6,335,1,1,0,0,10
6,348,1,1,0,0,10
6,370,1,1,1,0,10
6,388,1,1,0,0,10
6,396,1,1,0,0,10
6,405,1,1,0,0,10
6,418,1,1,0,0,10
6,429,1,1,0,0,10
6,447,1,1,1,0,10
6,459,1,1,1,0,10
6,497,1,1,0,0,10
6,518,1,1,0,1,10
6,521,1,1,0,0,10
6,522,1,1,0,0,10
6,544,1,1,1,0,10
6,604,1,1,1,0,10
6,616,1,1,0,1,10
6,640,1,1,0,0,10
6,643,1,1,0,0,10
6,659,1,1,0,0,10
6,660,1,1,0,0,10
6,672,1,1,0,0,10
6,689,1,1,0,0,10
6,690,1,1,1,0,10
6,691,1,1,0,0,10
6,692,1,1,0,0,10
6,713,1,1,0,0,10
6,748,1,1,0,0,10
6,766,1,1,1,0,10
6,775,1,1,1,0,10
6,908,1,1,0,0,10
6,936,1,1,0,0,10
6,950,1,1,0,0,10
6,976,1,1,0,0,10
6,998,1,1,0,0,10
6,1024,1,1,0,1,10
6,1025,1,1,0,0,10
6,1030,1,1,0,0,10
6,1041,1,1,0,0,10
6,1080,1,1,0,1,10
6,1081,1,1,1,0,10
6,1101,1,1,0,0,10
6,1110,1,1,0,0,10
6,1128,1,1,0,0,10
6,1130,1,1,1,0,10
6,1160,1,1,0,0,10
6,1174,1,1,0,1,10
6,1177,1,1,1,0,10
6,1186,1,1,0,0,10
6,1193,1,1,0,0,10
6,1237,1,1,0,1,10
6,1240,1,1,0,0,10
6,1242,1,1,0,1,10
6,1270,1,1,0,0,10
6,1275,1,1,0,1,10
6,1286,1,1,0,0,10
6,1296,1,1,0,0,10
6,1333,1,1,0,0,10
6,1359,1,1,0,0,10
6,1360,1,1,1,0,10
6,1361,1,1,0,1,10
6,1363,1,1,0,0,10
6,1364,1,1,0,0,10
6,1387,1,1,0,0,10
6,1389,1,1,0,0,10
6,1405,1,1,0,0,10
6,1455,1,1,0,1,10
6,1477,1,1,0,0,10
6,1483,1,1,0,0,10
6,1497,1,1,0,0,10
6,1506,1,1,0,0,10
6,1512,1,1,1,0,10
6,1541,1,1,0,0,10
6,1567,1,1,0,0,10
6,1598,1,1,0,0,10
6,1613,1,1,0,1,10
6,1623,1,1,0,0,10
6,1672,1,1,0,0,10
6,1699,1,1,0,0,10
6,1706,1,1,0,0,10
6,1776,1,1,1,0,10
6,1789,1,1,0,0,10
6,1803,1,1,0,0,10
6,1804,1,1,0,0,10
6,1805,1,1,0,0,10
6,1849,1,1,0,0,10
6,1863,1,1,0,0,10
6,1872,1,1,0,0,10
6,1892,1,1,0,0,10
6,1898,1,1,0,0,10
6,1907,1,1,1,0,10
6,1928,1,1,0,0,10
6,1937,1,1,0,0,10
6,1945,1,1,0,0,10
6,1948,1,1,1,0,10
6,1971,1,1,0,0,10
6,2016,1,1,0,0,10
6,2032,1,1,0,0,10
6,2047,1,1,0,0,10
6,2085,1,1,1,0,10
6,2150,1,1,0,0,10
6,2167,1,1,0,0,10
6,2177,1,1,0,1,10
6,2197,1,1,0,0,10
6,2201,1,1,1,0,10
6,2228,1,1,0,0,10
6,2232,1,1,0,0,10
6,2239,1,1,0,0,10
6,2292,1,1,0,0,10
6,2296,1,1,0,0,10
6,2326,1,1,0,0,10
6,2364,1,1,0,0,10
6,2366,1,1,0,0,10
6,2385,1,1,0,1,10
6,2406,1,1,0,1,10
6,2415,1,1,1,0,10
6,2426,1,1,0,1,10
6,2450,1,1,0,0,10
6,2475,1,1,0,0,10
6,2499,1,1,1,0,10
6,2577,1,1,0,1,10
6,2615,1,1,0,0,10
6,2651,1,1,0,0,10
6,2666,1,1,0,0,10
6,2675,1,1,1,0,10
6,2676,1,1,0,0,10
6,2694,1,1,1,0,10
6,2696,1,1,1,0,10
6,2729,1,1,0,0,10
6,2754,1,1,0,0,10
6,2755,1,1,0,0,10
6,2768,1,1,0,0,10
6,2774,1,1,0,0,10
6,2788,1,1,1,0,10
6,2827,1,1,0,1,10
6,2835,1,1,0,0,10
6,2842,1,1,0,0,10
6,2847,1,1,0,1,10
6,2861,1,1,0,1,10
6,2870,1,1,0,0,10
6,2871,1,1,0,0,10
6,2878,1,1,0,0,10
6,2885,1,1,0,1,10
6,2892,1,1,0,0,10
6,2894,1,1,0,0,10
6,2912,1,1,0,0,10
6,2914,1,1,0,0,10
6,2919,1,1,0,0,10
6,2923,1,1,0,0,10
6,2933,1,1,0,0,10
6,2946,1,1,0,1,10
6,2969,1,1,0,0,10
6,2986,1,1,0,0,10
6,3016,1,1,0,1,10
6,3024,1,1,0,0,10
6,3041,1,1,1,0,10
6,3097,1,1,0,0,10
6,3112,1,1,0,0,10
6,3119,1,1,0,0,10
6,3157,1,1,0,0,10
6,3162,1,1,0,1,10
6,3185,1,1,0,0,10
6,3214,1,1,0,0,10
6,3219,1,1,0,0,10
6,3228,1,1,0,0,10
6,3246,1,1,1,0,10
6,3313,1,1,0,0,10
6,3319,1,1,1,0,10
6,3326,1,1,0,0,10
6,3373,1,1,0,0,10
6,3374,1,1,0,0,10
6,3382,1,1,0,0,10
6,3384,1,1,0,0,10
6,3404,1,1,1,0,10
6,3423,1,1,1,0,10
6,3501,1,1,0,1,10
6,3510,1,1,0,0,10
6,3515,1,1,0,0,10
6,3528,1,1,0,0,10
6,3531,1,1,0,1,10
6,3547,1,1,0,0,10
6,3564,1,1,0,1,10
6,3591,1,1,1,0,10
6,3600,1,1,0,0,10
6,3601,1,1,1,0,10
6,3609,1,1,0,0,10
6,3612,1,1,0,0,10
6,3618,1,1,0,0,10
6,3628,1,1,0,0,10
6,3629,1,1,0,0,10
6,3632,1,1,0,0,10
6,3640,1,1,0,0,10
6,3641,1,1,0,0,10
6,3675,1,1,0,0,10
6,3678,1,1,0,0,10
6,3688,1,1,0,0,10
6,3694,1,1,0,1,10
6,3712,1,1,0,0,10
6,3721,1,1,0,0,10
6,3724,1,1,0,0,10
6,3749,1,1,0,0,10
6,3752,1,1,0,0,10
6,3776,1,1,0,0,10
6,3778,1,1,0,0,10
6,3793,1,1,0,0,10
6,3828,1,1,0,0,10
6,3853,1,1,0,0,10
6,3870,1,1,0,0,10
6,3882,1,1,0,0,10
6,3888,1,1,1,0,10
6,3904,1,1,1,0,10
6,3947,1,1,0,0,10
6,3966,1,1,0,0,10
6,3988,1,1,0,1,10
6,4031,1,1,0,0,10
6,4041,1,1,0,0,10
6,4052,1,1,0,1,10
6,4079,1,1,1,0,10
6,4083,1,1,0,0,10
6,4092,1,1,0,0,10
6,4108,1,1,0,1,10
6,4119,1,1,0,0,10
6,4126,1,1,0,0,10
6,4168,1,1,0,0,10
6,4176,1,1,0,1,10
6,4178,1,1,0,0,10
6,4179,1,1,0,0,10
6,4199,1,1,0,0,10
6,4219,1,1,0,1,10
6,4227,1,1,0,0,10
6,4251,1,1,1,0,10
6,4263,1,1,0,1,10
6,4301,1,1,0,0,10
6,4324,1,1,0,0,10
6,4336,1,1,1,0,10
6,4374,1,1,0,0,10
6,4388,1,1,0,1,10
6,4403,1,1,0,1,10
6,4484,1,1,0,0,10
6,4532,1,1,0,0,10
6,4601,1,1,0,0,10
6,4603,1,1,1,0,10
6,4608,1,1,0,1,10
6,4668,1,1,1,0,10
6,4669,1,1,1,0,10
6,4681,1,1,0,0,10
6,4711,1,1,1,0,10
6,4737,1,1,0,0,10
6,4760,1,1,0,1,10
6,4764,1,1,0,0,10
6,4776,1,1,0,0,10
6,4791,1,1,0,0,10
6,4852,1,1,0,0,10
6,4891,1,1,0,0,10
6,4893,1,1,0,0,10
6,4896,1,1,0,1,10
6,4898,1,1,1,0,10
6,4899,1,1,0,0,10
6,4920,1,1,0,0,10
6,4927,1,1,0,0,10
6,4938,1,1,0,0,10
6,4939,1,1,0,0,10
6,4946,1,1,0,0,10
6,4948,1,1,1,0,10
6,4956,1,1,0,0,10
6,4967,1,1,0,0,10
6,4969,1,1,1,0,10
6,0,1,1,1,0,11
6,3,1,1,0,0,11
6,4,1,1,0,0,11
6,15,1,1,0,0,11
6,20,1,1,0,0,11
6,30,1,1,1,0,11
6,43,1,1,0,0,11
6,46,1,1,0,1,11
6,120,1,1,0,0,11
6,150,1,1,0,1,11
6,151,1,1,0,0,11
6,155,1,1,0,1,11
6,168,1,1,1,0,11
6,195,1,1,0,0,11
6,213,1,1,1,0,11
6,247,1,1,0,0,11
6,256,1,1,1,0,11
6,289,1,1,0,0,11
6,296,1,1,0,0,11
6,301,1,1,0,1,11
6,311,1,1,0,0,11
6,331,1,1,0,0,11
6,353,1,1,0,1,11
6,355,1,1,0,0,11
6,402,1,1,0,0,11
6,414,1,1,0,0,11
6,463,1,1,0,1,11
6,550,1,1,0,0,11
6,554,1,1,0,0,11
6,557,1,1,0,0,11
6,559,1,1,0,1,11
6,571,1,1,1,0,11
6,583,1,1,0,0,11
6,586,1,1,1,0,11
6,592,1,1,0,0,11
6,594,1,1,0,0,11
6,634,1,1,0,1,11
6,639,1,1,0,0,11
6,651,1,1,0,0,11
6,679,1,1,1,0,11
6,710,1,1,0,0,11
6,728,1,1,0,0,11
6,753,1,1,0,0,11
6,774,1,1,0,0,11
6,795,1,1,1,0,11
6,828,1,1,1,0,11
6,833,1,1,0,0,11
6,863,1,1,0,0,11
6,886,1,1,0,0,11
6,887,1,1,0,0,11
6,891,1,1,1,0,11
6,905,1,1,0,0,11
6,932,1,1,1,0,11
6,933,1,1,0,0,11
6,944,1,1,0,0,11
6,946,1,1,0,0,11
6,955,1,1,0,0,11
6,966,1,1,0,0,11
6,978,1,1,0,0,11
6,1000,1,1,0,0,11
6,1009,1,1,0,0,11
6,1037,1,1,0,1,11
6,1075,1,1,0,0,11
6,1091,1,1,0,1,11
6,1096,1,1,0,0,11
6,1103,1,1,0,0,11
6,1107,1,1,0,0,11
6,1119,1,1,1,0,11
6,1148,1,1,0,0,11
6,1154,1,1,0,0,11
6,1166,1,1,0,0,11
6,1180,1,1,0,0,11
6,1185,1,1,0,0,11
6,1230,1,1,0,0,11
6,1238,1,1,0,0,11
6,1245,1,1,0,0,11
6,1248,1,1,0,0,11
6,1252,1,1,0,0,11
6,1259,1,1,0,0,11
6,1272,1,1,0,0,11
6,1298,1,1,0,0,11
6,1300,1,1,0,0,11
6,1326,1,1,1,0,11
6,1329,1,1,0,0,11
6,1386,1,1,0,0,11
6,1395,1,1,0,0,11
6,1407,1,1,0,0,11
6,1411,1,1,0,1,11
6,1419,1,1,1,0,11
6,1487,1,1,0,0,11
6,1496,1,1,1,0,11
6,1499,1,1,1,0,11
6,1527,1,1,1,0,11
6,1572,1,1,0,0,11
6,1592,1,1,1,0,11
6,1620,1,1,0,1,11
6,1643,1,1,0,0,11
6,1645,1,1,0,0,11
6,1682,1,1,0,0,11
6,1689,1,1,0,1,11
6,1702,1,1,0,0,11
6,1708,1,1,0,0,11
6,1716,1,1,0,0,11
6,1724,1,1,0,0,11
6,1735,1,1,0,0,11
6,1738,1,1,0,1,11
6,1746,1,1,0,0,11
6,1774,1,1,0,0,11
6,1793,1,1,1,0,11
6,1795,1,1,0,1,11
6,1796,1,1,1,0,11
6,1811,1,1,0,0,11
6,1832,1,1,0,0,11
6,1851,1,1,1,0,11
6,1876,1,1,0,0,11
6,1894,1,1,0,0,11
6,1900,1,1,0,0,11
6,1908,1,1,0,0,11
6,1912,1,1,0,1,11
6,1915,1,1,0,0,11
6,1916,1,1,0,0,11
6,1917,1,1,0,0,11
6,1924,1,1,0,1,11
6,1929,1,1,0,0,11
6,1967,1,1,0,0,11
6,1973,1,1,1,0,11
6,1995,1,1,0,1,11
6,1996,1,1,0,1,11
6,1998,1,1,0,0,11
6,2011,1,1,0,0,11
6,2024,1,1,1,0,11
6,2029,1,1,0,0,11
6,2035,1,1,0,0,11
6,2082,1,1,0,0,11
6,2123,1,1,1,0,11
6,2125,1,1,0,0,11
6,2159,1,1,0,0,11
6,2162,1,1,1,0,11
6,2164,1,1,0,1,11
6,2168,1,1,1,0,11
6,2169,1,1,0,0,11
6,2212,1,1,0,0,11
6,2219,1,1,0,0,11
6,2240,1,1,0,1,11
6,2259,1,1,0,0,11
6,2293,1,1,0,1,11
6,2303,1,1,0,0,11
6,2338,1,1,0,0,11
6,2347,1,1,0,0,11
6,2352,1,1,1,0,11
6,2355,1,1,0,0,11
6,2362,1,1,0,0,11
6,2389,1,1,0,0,11
6,2430,1,1,0,0,11
6,2433,1,1,0,0,11
6,2445,1,1,0,1,11
6,2452,1,1,0,1,11
6,2477,1,1,0,0,11
6,2480,1,1,0,0,11
6,2496,1,1,0,1,11
6,2518,1,1,1,0,11
6,2528,1,1,0,0,11
6,2543,1,1,0,0,11
6,2552,1,1,1,0,11
6,2564,1,1,0,1,11
6,2581,1,1,0,0,11
6,2588,1,1,0,0,11
6,2590,1,1,0,0,11
6,2661,1,1,0,0,11
6,2671,1,1,0,1,11
6,2684,1,1,0,0,11
6,2775,1,1,0,0,11
6,2779,1,1,0,0,11
6,2781,1,1,0,0,11
6,2795,1,1,1,0,11
6,2797,1,1,0,0,11
6,2800,1,1,0,0,11
6,2814,1,1,0,0,11
6,2862,1,1,0,0,11
6,2884,1,1,0,1,11
6,2904,1,1,0,1,11
6,2907,1,1,0,1,11
6,2908,1,1,0,0,11
6,2913,1,1,0,0,11
6,2921,1,1,0,1,11
6,2924,1,1,0,0,11
6,2928,1,1,0,0,11
6,2959,1,1,0,0,11
6,2970,1,1,0,0,11
6,2973,1,1,0,0,11
6,2978,1,1,0,0,11
6,2992,1,1,0,1,11
6,3027,1,1,1,0,11
6,3029,1,1,0,0,11
6,3031,1,1,1,0,11
6,3045,1,1,0,0,11
6,3053,1,1,0,1,11
6,3055,1,1,0,0,11
6,3064,1,1,1,0,11
6,3066,1,1,0,1,11
6,3113,1,1,0,1,11
6,3118,1,1,0,0,11
6,3121,1,1,0,1,11
6,3186,1,1,0,0,11
6,3191,1,1,1,0,11
6,3197,1,1,0,0,11
6,3209,1,1,0,0,11
6,3226,1,1,0,0,11
6,3234,1,1,0,1,11
6,3240,1,1,1,0,11
6,3251,1,1,0,0,11
6,3272,1,1,0,0,11
6,3275,1,1,0,0,11
6,3295,1,1,0,0,11
6,3312,1,1,0,0,11
6,3331,1,1,0,1,11
6,3337,1,1,0,0,11
6,3345,1,1,0,1,11
6,3347,1,1,0,0,11
6,3383,1,1,1,0,11
6,3387,1,1,0,0,11
6,3403,1,1,0,1,11
6,3433,1,1,0,0,11
6,3435,1,1,1,0,11
6,3458,1,1,0,0,11
6,3467,1,1,1,0,11
6,3473,1,1,0,0,11
6,3486,1,1,0,0,11
6,3536,1,1,0,0,11
6,3539,1,1,0,0,11
6,3561,1,1,1,0,11
6,3599,1,1,0,0,11
6,3608,1,1,0,0,11
6,3619,1,1,1,0,11
6,3626,1,1,0,1,11
6,3666,1,1,0,0,11
6,3692,1,1,0,0,11
6,3696,1,1,1,0,11
6,3733,1,1,0,0,11
6,3735,1,1,0,0,11
6,3748,1,1,0,0,11
6,3764,1,1,0,0,11
6,3775,1,1,0,0,11
6,3809,1,1,0,0,11
6,3819,1,1,0,1,11
6,3821,1,1,0,0,11
6,3891,1,1,0,1,11
6,3895,1,1,0,0,11
6,3925,1,1,0,0,11
6,3936,1,1,0,1,11
6,3963,1,1,1,0,11
6,3972,1,1,0,0,11
6,3979,1,1,0,0,11
6,4010,1,1,0,0,11
6,4017,1,1,0,1,11
6,4026,1,1,0,0,11
6,4028,1,1,0,0,11
6,4060,1,1,0,0,11
6,4064,1,1,0,0,11
6,4100,1,1,0,0,11
6,4158,1,1,0,0,11
6,4180,1,1,0,1,11
6,4198,1,1,0,0,11
6,4214,1,1,0,0,11
6,4224,1,1,0,0,11
6,4234,1,1,1,0,11
6,4244,1,1,1,0,11
6,4248,1,1,0,1,11
6,4252,1,1,1,0,11
6,4269,1,1,0,0,11
6,4275,1,1,1,0,11
6,4283,1,1,0,0,11
6,4288,1,1,1,0,11
6,4315,1,1,1,0,11
6,4321,1,1,0,0,11
6,4340,1,1,0,0,11
6,4346,1,1,1,0,11
6,4363,1,1,0,0,11
6,4367,1,1,0,0,11
6,4372,1,1,1,0,11
6,4386,1,1,0,0,11
6,4397,1,1,0,0,11
6,4426,1,1,0,0,11
6,4438,1,1,0,1,11
6,4455,1,1,0,0,11
6,4456,1,1,0,0,11
6,4466,1,1,0,0,11
6,4487,1,1,0,1,11
6,4498,1,1,0,0,11
6,4522,1,1,0,0,11
6,4530,1,1,1,0,11
6,4545,1,1,0,0,11
6,4554,1,1,0,0,11
6,4556,1,1,0,1,11
6,4587,1,1,0,0,11
6,4593,1,1,0,0,11
6,4648,1,1,0,0,11
6,4690,1,1,0,1,11
6,4696,1,1,0,0,11
6,4698,1,1,1,0,11
6,4718,1,1,0,0,11
6,4743,1,1,0,0,11
6,4750,1,1,0,1,11
6,4757,1,1,0,0,11
6,4763,1,1,0,1,11
6,4766,1,1,0,0,11
6,4771,1,1,0,1,11
6,4782,1,1,0,0,11
6,4820,1,1,0,0,11
6,4832,1,1,0,0,11
6,4858,1,1,0,0,11
6,4894,1,1,0,0,11
6,4904,1,1,0,1,11
6,4908,1,1,0,0,11
6,4910,1,1,0,0,11
6,4937,1,1,0,1,11
6,4982,1,1,0,0,11
6,21,1,1,1,0,12
6,28,1,1,0,0,12
6,59,1,1,1,0,12
6,60,1,1,0,1,12
6,66,1,1,0,0,12
6,96,1,1,0,0,12
6,99,1,1,1,0,12
6,104,1,1,1,0,12
6,116,1,1,1,0,12
6,119,1,1,0,1,12
6,125,1,1,0,0,12
6,130,1,1,0,1,12
6,140,1,1,0,0,12
6,149,1,1,0,0,12
6,159,1,1,0,1,12
6,179,1,1,0,0,12
6,184,1,1,0,0,12
6,241,1,1,0,1,12
6,308,1,1,0,0,12
6,314,1,1,0,0,12
6,336,1,1,0,0,12
6,337,1,1,0,0,12
6,343,1,1,0,0,12
6,347,1,1,0,0,12
6,350,1,1,0,0,12
6,386,1,1,0,0,12
6,389,1,1,0,0,12
6,395,1,1,0,1,12
6,403,1,1,1,0,12
6,404,1,1,0,0,12
6,435,1,1,0,0,12
6,442,1,1,0,0,12
6,443,1,1,0,0,12
6,451,1,1,0,0,12
6,478,1,1,0,0,12
6,495,1,1,0,1,12
6,500,1,1,1,0,12
6,538,1,1,0,0,12
6,560,1,1,0,0,12
6,574,1,1,0,0,12
6,624,1,1,0,0,12
6,649,1,1,0,0,12
6,742,1,1,0,0,12
6,745,1,1,0,0,12
6,754,1,1,0,0,12
6,764,1,1,0,0,12
6,772,1,1,0,0,12
6,785,1,1,0,1,12
6,788,1,1,0,0,12
6,808,1,1,1,0,12
6,812,1,1,0,0,12
6,836,1,1,0,1,12
6,852,1,1,0,0,12
6,868,1,1,0,0,12
6,925,1,1,1,0,12
6,939,1,1,0,1,12
6,942,1,1,0,0,12
6,948,1,1,0,0,12
6,967,1,1,0,0,12
6,974,1,1,0,0,12
6,988,1,1,0,0,12
6,1022,1,1,0,0,12
6,1104,1,1,1,0,12
6,1118,1,1,0,0,12
6,1146,1,1,1,0,12
6,1152,1,1,1,0,12
6,1169,1,1,0,0,12
6,1179,1,1,0,1,12
6,1194,1,1,0,0,12
6,1209,1,1,0,1,12
6,1217,1,1,0,0,12
6,1223,1,1,0,0,12
6,1228,1,1,1,0,12
6,1247,1,1,0,0,12
6,1266,1,1,1,0,12
6,1268,1,1,0,0,12
6,1279,1,1,0,0,12
6,1285,1,1,0,0,12
6,1290,1,1,0,0,12
6,1310,1,1,0,0,12
6,1311,1,1,0,0,12
6,1322,1,1,0,0,12
6,1346,1,1,0,0,12
6,1354,1,1,0,0,12
6,1373,1,1,0,0,12
6,1378,1,1,0,1,12
6,1379,1,1,0,0,12
6,1382,1,1,0,1,12
6,1409,1,1,0,0,12
6,1423,1,1,0,0,12
6,1464,1,1,0,0,12
6,1500,1,1,0,0,12
6,1519,1,1,0,0,12
6,1540,1,1,0,0,12
6,1545,1,1,1,0,12
6,1552,1,1,0,1,12
6,1555,1,1,1,0,12
6,1563,1,1,1,0,12
6,1583,1,1,0,1,12
6,1611,1,1,0,0,12
6,1627,1,1,0,0,12
6,1631,1,1,0,0,12
6,1649,1,1,1,0,12
6,1656,1,1,0,0,12
6,1660,1,1,0,0,12
6,1739,1,1,1,0,12
6,1754,1,1,0,0,12
6,1757,1,1,0,0,12
6,1772,1,1,0,0,12
6,1784,1,1,0,0,12
6,1816,1,1,0,0,12
6,1838,1,1,0,0,12
6,1839,1,1,0,1,12
6,1868,1,1,0,0,12
6,1879,1,1,0,0,12
6,1889,1,1,0,0,12
6,1909,1,1,0,0,12
6,1921,1,1,0,0,12
6,1927,1,1,0,0,12
6,1940,1,1,0,0,12
6,1942,1,1,0,0,12
6,1946,1,1,1,0,12
6,1954,1,1,0,0,12
6,1959,1,1,0,0,12
6,1964,1,1,0,0,12
6,1982,1,1,0,0,12
6,1983,1,1,0,0,12
6,2001,1,1,0,0,12
6,2003,1,1,0,0,12
6,2015,1,1,0,0,12
6,2026,1,1,0,0,12
6,2057,1,1,1,0,12
6,2081,1,1,0,0,12
6,2106,1,1,0,0,12
6,2119,1,1,0,0,12
6,2120,1,1,0,0,12
6,2139,1,1,0,0,12
6,2153,1,1,0,0,12
6,2157,1,1,1,0,12
6,2160,1,1,0,1,12
6,2183,1,1,0,0,12
6,2185,1,1,0,1,12
6,2237,1,1,0,0,12
6,2273,1,1,0,0,12
6,2334,1,1,0,0,12
6,2372,1,1,0,1,12
6,2381,1,1,0,1,12
6,2392,1,1,0,0,12
6,2401,1,1,0,0,12
6,2447,1,1,0,0,12
6,2454,1,1,1,0,12
6,2458,1,1,0,0,12
6,2482,1,1,0,0,12
6,2489,1,1,0,0,12
6,2519,1,1,0,0,12
6,2522,1,1,0,0,12
6,2530,1,1,0,0,12
6,2536,1,1,0,0,12
6,2545,1,1,0,0,12
6,2562,1,1,0,1,12
6,2574,1,1,0,0,12
6,2614,1,1,0,0,12
6,2644,1,1,0,0,12
6,2646,1,1,0,0,12
6,2650,1,1,1,0,12
6,2717,1,1,1,0,12
6,2738,1,1,0,1,12
6,2752,1,1,0,1,12
6,2817,1,1,0,1,12
6,2833,1,1,0,0,12
6,2839,1,1,0,0,12
6,2851,1,1,0,0,12
6,2859,1,1,0,0,12
6,2863,1,1,0,0,12
6,2911,1,1,0,0,12
6,2927,1,1,0,0,12
6,2948,1,1,1,0,12
6,2957,1,1,0,0,12
6,2966,1,1,0,0,12
6,2979,1,1,0,0,12
6,3030,1,1,1,0,12
6,3039,1,1,0,0,12
6,3043,1,1,0,1,12
6,3048,1,1,1,0,12
6,3051,1,1,0,0,12
6,3093,1,1,0,0,12
6,3094,1,1,1,0,12
6,3104,1,1,0,1,12
6,3134,1,1,0,0,12
6,3153,1,1,0,0,12
6,3189,1,1,0,0,12
6,3198,1,1,0,1,12
6,3206,1,1,0,0,12
6,3227,1,1,0,0,12
6,3248,1,1,0,0,12
6,3252,1,1,0,0,12
6,3277,1,1,0,1,12
6,3287,1,1,0,1,12
6,3323,1,1,0,0,12
6,3341,1,1,0,1,12
6,3362,1,1,0,0,12
6,3377,1,1,0,0,12
6,3386,1,1,1,0,12
6,3420,1,1,0,0,12
6,3451,1,1,0,1,12
6,3452,1,1,0,0,12
6,3462,1,1,1,0,12
6,3468,1,1,0,0,12
6,3472,1,1,0,0,12
6,3502,1,1,1,0,12
6,3519,1,1,0,0,12
6,3521,1,1,0,0,12
6,3527,1,1,0,1,12
6,3571,1,1,1,0,12
6,3577,1,1,0,0,12
6,3627,1,1,0,0,12
6,3635,1,1,1,0,12
6,3642,1,1,0,1,12
6,3661,1,1,1,0,12
6,3662,1,1,0,0,12
6,3695,1,1,0,1,12
6,3732,1,1,0,0,12
6,3774,1,1,0,0,12
6,3786,1,1,1,0,12
6,3852,1,1,0,0,12
6,3867,1,1,0,0,12
6,3869,1,1,0,0,12
6,3875,1,1,0,0,12
6,3929,1,1,0,0,12
6,3932,1,1,0,1,12
6,3943,1,1,0,0,12
6,3953,1,1,0,0,12
6,3964,1,1,1,0,12
6,3983,1,1,0,1,12
6,3999,1,1,0,0,12
6,4057,1,1,0,0,12
6,4073,1,1,1,0,12
6,4122,1,1,0,0,12
6,4145,1,1,0,1,12
6,4151,1,1,0,0,12
6,4164,1,1,0,0,12
6,4169,1,1,1,0,12
6,4185,1,1,0,0,12
6,4213,1,1,0,0,12
6,4229,1,1,0,0,12
6,4242,1,1,0,0,12
6,4250,1,1,0,0,12
6,4258,1,1,0,0,12
6,4289,1,1,0,0,12
6,4302,1,1,0,0,12
6,4317,1,1,0,1,12
6,4332,1,1,0,0,12
6,4351,1,1,0,0,12
6,4393,1,1,0,0,12
6,4422,1,1,0,1,12
6,4433,1,1,0,0,12
6,4471,1,1,0,0,12
6,4481,1,1,1,0,12
6,4505,1,1,1,0,12
6,4541,1,1,1,0,12
6,4547,1,1,0,0,12
6,4564,1,1,0,0,12
6,4589,1,1,0,1,12
6,4600,1,1,0,0,12
6,4613,1,1,0,0,12
6,4665,1,1,0,0,12
6,4702,1,1,0,0,12
6,4728,1,1,1,0,12
6,4762,1,1,0,0,12
6,4765,1,1,1,0,12
6,4781,1,1,0,0,12
6,4846,1,1,1,0,12
6,4861,1,1,0,0,12
6,4864,1,1,0,0,12
6,4943,1,1,1,0,12
6,4964,1,1,0,0,12
6,4979,1,1,0,1,12
6,4992,1,1,0,0,12
6,5,1,1,0,0,13
6,8,1,1,0,1,13
6,12,1,1,0,0,13
6,16,1,1,0,0,13
6,19,1,1,0,0,13
6,24,1,1,0,0,13
6,26,1,1,0,1,13
6,33,1,1,0,0,13
6,39,1,1,0,1,13
6,44,1,1,1,0,13
6,45,1,1,0,0,13
6,56,1,1,0,1,13
6,57,1,1,0,0,13
6,63,1,1,0,0,13
6,72,1,1,0,0,13
6,83,1,1,0,0,13
6,87,1,1,0,0,13
6,112,1,1,0,1,13
6,118,1,1,0,0,13
6,123,1,1,0,0,13
6,126,1,1,0,0,13
6,127,1,1,0,1,13
6,129,1,1,0,0,13
6,144,1,1,0,0,13
6,147,1,1,0,0,13
6,152,1,1,0,0,13
6,170,1,1,0,0,13
6,189,1,1,1,0,13
6,196,1,1,0,1,13
6,202,1,1,1,0,13
6,217,1,1,0,0,13
6,225,1,1,1,0,13
6,236,1,1,0,0,13
6,248,1,1,0,0,13
6,253,1,1,0,0,13
6,257,1,1,1,0,13
6,259,1,1,0,0,13
6,260,1,1,0,0,13
6,266,1,1,1,0,13
6,276,1,1,0,1,13
6,279,1,1,0,0,13
6,280,1,1,0,0,13
6,282,1,1,0,0,13
6,285,1,1,0,1,13
6,307,1,1,0,0,13
6,309,1,1,0,0,13
6,316,1,1,1,0,13
6,319,1,1,0,0,13
6,320,1,1,0,0,13
6,322,1,1,0,0,13
6,326,1,1,0,0,13
6,339,1,1,0,1,13
6,344,1,1,0,0,13
6,345,1,1,1,0,13
6,356,1,1,0,0,13
6,357,1,1,0,0,13
6,360,1,1,0,1,13
6,368,1,1,0,0,13
6,373,1,1,1,0,13
6,374,1,1,0,1,13
6,376,1,1,0,0,13
6,382,1,1,0,1,13
6,397,1,1,0,0,13
6,399,1,1,0,0,13
6,400,1,1,0,0,13
6,409,1,1,0,0,13
6,421,1,1,0,0,13
6,427,1,1,0,0,13
6,433,1,1,1,0,13
6,462,1,1,0,0,13
6,467,1,1,0,0,13
6,474,1,1,1,0,13
6,493,1,1,1,0,13
6,498,1,1,0,0,13
6,499,1,1,0,0,13
6,505,1,1,0,0,13
6,506,1,1,0,0,13
6,516,1,1,1,0,13
6,530,1,1,0,1,13
6,531,1,1,0,0,13
6,533,1,1,0,0,13
6,541,1,1,0,0,13
6,543,1,1,0,0,13
6,566,1,1,0,0,13
6,573,1,1,0,0,13
6,581,1,1,0,0,13
6,584,1,1,0,1,13
6,596,1,1,0,0,13
6,600,1,1,1,0,13
6,603,1,1,0,0,13
6,605,1,1,1,0,13
6,608,1,1,0,0,13
6,610,1,1,0,0,13
6,619,1,1,0,0,13
6,621,1,1,1,0,13
6,622,1,1,0,0,13
6,631,1,1,0,0,13
6,632,1,1,0,0,13
6,636,1,1,0,0,13
6,641,1,1,0,0,13
6,655,1,1,0,0,13
6,665,1,1,0,1,13
6,667,1,1,0,0,13
6,668,1,1,0,0,13
6,671,1,1,0,1,13
6,674,1,1,0,0,13
6,677,1,1,0,1,13
6,683,1,1,0,0,13
6,688,1,1,0,0,13
6,694,1,1,1,0,13
6,699,1,1,0,0,13
6,702,1,1,1,0,13
6,704,1,1,0,1,13
6,708,1,1,0,1,13
6,719,1,1,0,0,13
6,723,1,1,0,0,13
6,727,1,1,0,1,13
6,743,1,1,0,0,13
6,744,1,1,1,0,13
6,746,1,1,0,0,13
6,749,1,1,0,0,13
6,757,1,1,0,0,13
6,760,1,1,0,0,13
6,773,1,1,0,0,13
6,777,1,1,1,0,13
6,779,1,1,0,0,13
6,786,1,1,0,0,13
6,811,1,1,0,0,13
6,813,1,1,0,0,13
6,822,1,1,0,0,13
6,827,1,1,1,0,13
6,830,1,1,0,0,13
6,832,1,1,0,0,13
6,837,1,1,0,1,13
6,841,1,1,0,1,13
6,846,1,1,0,0,13
6,856,1,1,0,0,13
6,859,1,1,0,0,13
6,860,1,1,0,0,13
6,880,1,1,0,1,13
6,881,1,1,0,0,13
6,883,1,1,0,1,13
6,885,1,1,0,1,13
6,888,1,1,0,0,13
6,897,1,1,1,0,13
6,904,1,1,0,0,13
6,914,1,1,0,0,13
6,916,1,1,1,0,13
6,920,1,1,0,0,13
6,921,1,1,0,0,13
6,931,1,1,0,0,13
6,934,1,1,0,0,13
6,935,1,1,0,0,13
6,937,1,1,0,1,13
6,949,1,1,0,0,13
6,951,1,1,0,0,13
6,957,1,1,1,0,13
6,960,1,1,0,0,13
6,964,1,1,0,1,13
6,965,1,1,0,1,13
6,979,1,1,0,0,13
6,981,1,1,0,1,13
6,985,1,1,1,0,13
6,994,1,1,0,0,13
6,997,1,1,1,0,13
6,1011,1,1,1,0,13
6,1017,1,1,0,1,13
6,1018,1,1,0,1,13
6,1020,1,1,0,1,13
6,1031,1,1,0,0,13
6,1032,1,1,0,0,13
6,1034,1,1,0,0,13
6,1043,1,1,0,0,13
6,1045,1,1,0,0,13
6,1051,1,1,0,0,13
6,1053,1,1,0,0,13
6,1056,1,1,0,0,13
6,1072,1,1,1,0,13
6,1073,1,1,0,0,13
6,1074,1,1,0,0,13
6,1082,1,1,0,0,13
6,1087,1,1,0,0,13
6,1098,1,1,0,1,13
6,1099,1,1,0,0,13
6,1108,1,1,0,0,13
6,1111,1,1,0,0,13
6,1117,1,1,0,0,13
6,1120,1,1,0,0,13
6,1121,1,1,1,0,13
6,1126,1,1,0,0,13
6,1131,1,1,0,0,13
6,1138,1,1,1,0,13
6,1141,1,1,0,1,13
6,1155,1,1,0,0,13
6,1165,1,1,0,1,13
6,1189,1,1,0,0,13
6,1191,1,1,0,1,13
6,1192,1,1,0,1,13
6,1201,1,1,0,1,13
6,1211,1,1,0,0,13
6,1221,1,1,0,0,13
6,1227,1,1,1,0,13
6,1236,1,1,0,0,13
6,1249,1,1,1,0,13
6,1253,1,1,0,0,13
6,1267,1,1,0,0,13
6,1273,1,1,0,0,13
6,1276,1,1,0,1,13
6,1277,1,1,0,0,13
6,1280,1,1,1,0,13
6,1291,1,1,0,1,13
6,1303,1,1,0,1,13
6,1308,1,1,0,0,13
6,1309,1,1,1,0,13
6,1313,1,1,1,0,13
6,1316,1,1,0,0,13
6,1330,1,1,1,0,13
6,1334,1,1,0,0,13
6,1338,1,1,0,0,13
6,1340,1,1,0,0,13
6,1342,1,1,0,0,13
6,1343,1,1,0,1,13
6,1347,1,1,0,0,13
6,1353,1,1,0,0,13
6,1365,1,1,0,0,13
6,1377,1,1,0,0,13
6,1385,1,1,1,0,13
6,1388,1,1,0,0,13
6,1399,1,1,0,0,13
6,1406,1,1,0,0,13
6,1412,1,1,0,0,13
6,1416,1,1,1,0,13
6,1420,1,1,1,0,13
6,1430,1,1,0,0,13
6,1432,1,1,0,0,13
6,1441,1,1,0,0,13
6,1445,1,1,0,0,13
6,1453,1,1,1,0,13
6,1459,1,1,0,0,13
6,1467,1,1,0,0,13
6,1468,1,1,0,0,13
6,1473,1,1,0,0,13
6,1474,1,1,0,0,13
6,1480,1,1,0,0,13
6,1485,1,1,0,0,13
6,1490,1,1,0,0,13
6,1513,1,1,0,0,13
6,1516,1,1,0,0,13
6,1531,1,1,1,0,13
6,1539,1,1,0,1,13
6,1548,1,1,0,0,13
6,1549,1,1,0,0,13
6,1554,1,1,0,0,13
6,1556,1,1,0,0,13
6,1557,1,1,0,0,13
6,1561,1,1,1,0,13
6,1584,1,1,1,0,13
6,1585,1,1,0,1,13
6,1594,1,1,0,0,13
6,1599,1,1,0,0,13
6,1604,1,1,0,0,13
6,1605,1,1,1,0,13
6,1607,1,1,0,0,13
6,1610,1,1,0,0,13
6,1618,1,1,1,0,13
6,1619,1,1,0,0,13
6,1622,1,1,0,0,13
6,1632,1,1,0,0,13
6,1666,1,1,0,0,13
6,1668,1,1,0,1,13
6,1674,1,1,0,0,13
6,1676,1,1,0,0,13
6,1687,1,1,1,0,13
6,1688,1,1,0,1,13
6,1690,1,1,1,0,13
6,1693,1,1,0,0,13
6,1701,1,1,1,0,13
6,1707,1,1,0,0,13
6,1718,1,1,0,0,13
6,1720,1,1,0,0,13
6,1726,1,1,0,0,13
6,1740,1,1,0,0,13
6,1756,1,1,0,0,13
6,1760,1,1,0,1,13
6,1779,1,1,0,1,13
6,1780,1,1,0,0,13
6,1783,1,1,0,0,13
6,1792,1,1,0,1,13
6,1808,1,1,0,1,13
6,1823,1,1,0,0,13
6,1837,1,1,0,1,13
6,1845,1,1,0,0,13
6,1852,1,1,0,0,13
6,1855,1,1,0,0,13
6,1860,1,1,0,0,13
6,1867,1,1,0,0,13
6,1874,1,1,0,0,13
6,1887,1,1,0,0,13
6,1888,1,1,0,0,13
6,1902,1,1,0,1,13
6,1904,1,1,0,0,13
6,1920,1,1,0,0,13
6,1926,1,1,1,0,13
6,1931,1,1,1,0,13
6,1933,1,1,1,0,13
6,1935,1,1,0,1,13
6,1962,1,1,0,0,13
6,1970,1,1,0,0,13
6,1979,1,1,0,0,13
6,1990,1,1,0,0,13
6,1993,1,1,0,0,13
6,2000,1,1,1,0,13
6,2007,1,1,0,0,13
6,2010,1,1,0,0,13
6,2019,1,1,0,0,13
6,2025,1,1,0,0,13
6,2031,1,1,0,0,13
6,2046,1,1,0,0,13
6,2050,1,1,0,0,13
6,2058,1,1,0,0,13
6,2080,1,1,0,0,13
6,2087,1,1,0,0,13
6,2089,1,1,0,0,13
6,2092,1,1,0,0,13
6,2093,1,1,1,0,13
6,2105,1,1,0,0,13
6,2107,1,1,0,0,13
6,2112,1,1,0,0,13
6,2117,1,1,0,0,13
6,2128,1,1,1,0,13
6,2138,1,1,1,0,13
6,2140,1,1,0,0,13
6,2142,1,1,0,0,13
6,2149,1,1,0,0,13
6,2166,1,1,0,1,13
6,2194,1,1,0,0,13
6,2209,1,1,0,0,13
6,2210,1,1,0,0,13
6,2213,1,1,0,1,13
6,2218,1,1,0,1,13
6,2221,1,1,0,0,13
6,2224,1,1,0,0,13
6,2245,1,1,1,0,13
6,2246,1,1,0,0,13
6,2249,1,1,0,0,13
6,2252,1,1,0,0,13
6,2253,1,1,0,0,13
6,2271,1,1,0,0,13
6,2286,1,1,1,0,13
6,2302,1,1,0,1,13
6,2306,1,1,0,0,13
6,2309,1,1,0,1,13
6,2314,1,1,0,1,13
6,2317,1,1,1,0,13
6,2318,1,1,0,0,13
6,2324,1,1,0,0,13
6,2328,1,1,1,0,13
6,2337,1,1,0,0,13
6,2340,1,1,1,0,13
6,2349,1,1,0,1,13
6,2351,1,1,0,0,13
6,2357,1,1,0,0,13
6,2365,1,1,0,0,13
6,2377,1,1,0,0,13
6,2387,1,1,0,1,13
6,2393,1,1,0,0,13
6,2403,1,1,0,1,13
6,2411,1,1,0,0,13
6,2413,1,1,0,0,13
6,2417,1,1,0,0,13
6,2418,1,1,0,1,13
6,2419,1,1,1,0,13
6,2423,1,1,0,0,13
6,2424,1,1,0,0,13
6,2425,1,1,0,0,13
6,2431,1,1,0,0,13
6,2434,1,1,0,0,13
6,2438,1,1,1,0,13
6,2443,1,1,1,0,13
6,2462,1,1,0,0,13
6,2465,1,1,0,0,13
6,2479,1,1,0,0,13
6,2483,1,1,0,0,13
6,2485,1,1,0,0,13
6,2486,1,1,0,0,13
6,2492,1,1,0,0,13
6,2494,1,1,0,0,13
6,2507,1,1,0,0,13
6,2508,1,1,0,0,13
6,2511,1,1,0,0,13
6,2533,1,1,0,0,13
6,2541,1,1,0,0,13
6,2553,1,1,0,1,13
6,2555,1,1,0,0,13
6,2557,1,1,0,0,13
6,2568,1,1,1,0,13
6,2571,1,1,0,1,13
6,2572,1,1,0,0,13
6,2573,1,1,0,0,13
6,2593,1,1,0,0,13
6,2599,1,1,0,1,13
6,2600,1,1,0,1,13
6,2603,1,1,0,1,13
6,2629,1,1,1,0,13
6,2636,1,1,0,0,13
6,2639,1,1,0,0,13
6,2641,1,1,0,0,13
6,2647,1,1,0,0,13
6,2648,1,1,1,0,13
6,2654,1,1,0,0,13
6,2662,1,1,0,1,13
6,2665,1,1,0,0,13
6,2680,1,1,1,0,13
6,2685,1,1,0,0,13
6,2687,1,1,0,0,13
6,2692,1,1,0,0,13
6,2693,1,1,0,0,13
6,2695,1,1,0,0,13
6,2697,1,1,0,0,13
6,2703,1,1,1,0,13
6,2706,1,1,1,0,13
6,2707,1,1,0,0,13
6,2709,1,1,0,0,13
6,2715,1,1,0,0,13
6,2727,1,1,0,1,13
6,2733,1,1,0,1,13
6,2735,1,1,0,0,13
6,2739,1,1,1,0,13
6,2743,1,1,1,0,13
6,2748,1,1,1,0,13
6,2759,1,1,0,0,13
6,2762,1,1,0,1,13
6,2767,1,1,0,0,13
6,2769,1,1,0,1,13
6,2777,1,1,0,0,13
6,2780,1,1,1,0,13
6,2782,1,1,0,0,13
6,2785,1,1,0,0,13
6,2787,1,1,0,0,13
6,2791,1,1,0,0,13
6,2796,1,1,1,0,13
6,2803,1,1,1,0,13
6,2815,1,1,0,0,13
6,2828,1,1,0,0,13
6,2852,1,1,0,0,13
6,2853,1,1,0,0,13
6,2855,1,1,0,1,13
6,2866,1,1,0,0,13
6,2868,1,1,0,0,13
6,2887,1,1,0,0,13
6,2898,1,1,0,0,13
6,2902,1,1,0,0,13
6,2903,1,1,1,0,13
6,2905,1,1,0,1,13
6,2916,1,1,0,1,13
6,2918,1,1,0,0,13
6,2929,1,1,0,0,13
6,2930,1,1,0,0,13
6,2931,1,1,0,1,13
6,2932,1,1,0,1,13
6,2943,1,1,0,0,13
6,2953,1,1,0,1,13
6,2965,1,1,0,1,13
6,2993,1,1,0,0,13
6,2998,1,1,0,0,13
6,2999,1,1,0,0,13
6,3003,1,1,0,0,13
6,3010,1,1,0,0,13
6,3011,1,1,0,1,13
6,3021,1,1,0,0,13
6,3026,1,1,0,0,13
6,3042,1,1,0,1,13
6,3044,1,1,0,0,13
6,3046,1,1,0,0,13
6,3050,1,1,1,0,13
6,3052,1,1,0,0,13
6,3054,1,1,0,0,13
6,3069,1,1,1,0,13
6,3071,1,1,0,0,13
6,3076,1,1,0,0,13
6,3078,1,1,0,0,13
6,3079,1,1,1,0,13
6,3095,1,1,0,0,13
6,3100,1,1,0,0,13
6,3101,1,1,0,0,13
6,3103,1,1,0,0,13
6,3105,1,1,0,0,13
6,3115,1,1,0,0,13
6,3130,1,1,0,0,13
6,3155,1,1,0,0,13
6,3171,1,1,0,0,13
6,3172,1,1,0,1,13
6,3175,1,1,0,0,13
6,3184,1,1,0,1,13
6,3192,1,1,0,1,13
6,3196,1,1,1,0,13
6,3202,1,1,0,1,13
6,3203,1,1,0,0,13
6,3204,1,1,0,1,13
6,3207,1,1,0,0,13
6,3218,1,1,1,0,13
6,3233,1,1,0,1,13
6,3244,1,1,0,0,13
6,3255,1,1,0,0,13
6,3269,1,1,0,0,13
6,3282,1,1,1,0,13
6,3284,1,1,0,0,13
6,3290,1,1,0,0,13
6,3292,1,1,0,0,13
6,3297,1,1,0,0,13
6,3304,1,1,0,0,13
6,3318,1,1,0,0,13
6,3322,1,1,0,0,13
6,3327,1,1,0,0,13
6,3336,1,1,0,0,13
6,3342,1,1,0,0,13
6,3357,1,1,0,0,13
6,3369,1,1,0,0,13
6,3371,1,1,1,0,13
6,3385,1,1,1,0,13
6,3393,1,1,0,1,13
6,3405,1,1,0,0,13
6,3408,1,1,0,0,13
6,3409,1,1,0,0,13
6,3413,1,1,0,0,13
6,3415,1,1,0,0,13
6,3418,1,1,0,0,13
6,3421,1,1,0,0,13
6,3436,1,1,0,1,13
6,3442,1,1,0,0,13
6,3443,1,1,0,1,13
6,3444,1,1,0,0,13
6,3448,1,1,0,0,13
6,3460,1,1,0,1,13
6,3464,1,1,0,0,13
6,3465,1,1,0,0,13
6,3475,1,1,0,0,13
6,3482,1,1,0,0,13
6,3487,1,1,0,0,13
6,3493,1,1,0,0,13
6,3494,1,1,0,0,13
6,3499,1,1,0,0,13
6,3504,1,1,0,0,13
6,3506,1,1,0,0,13
6,3508,1,1,0,0,13
6,3509,1,1,0,0,13
6,3514,1,1,0,0,13
6,3520,1,1,0,0,13
6,3533,1,1,1,0,13
6,3545,1,1,1,0,13
6,3557,1,1,0,0,13
6,3559,1,1,0,0,13
6,3565,1,1,0,1,13
6,3572,1,1,1,0,13
6,3575,1,1,0,0,13
6,3576,1,1,0,0,13
6,3590,1,1,0,1,13
6,3611,1,1,0,0,13
6,3620,1,1,1,0,13
6,3624,1,1,0,0,13
6,3633,1,1,0,0,13
6,3634,1,1,1,0,13
6,3653,1,1,0,0,13
6,3654,1,1,1,0,13
6,3663,1,1,0,0,13
6,3667,1,1,0,1,13
6,3676,1,1,0,0,13
6,3683,1,1,0,0,13
6,3701,1,1,0,0,13
6,3713,1,1,1,0,13
6,3714,1,1,0,0,13
6,3715,1,1,0,0,13
6,3723,1,1,0,1,13
6,3725,1,1,0,0,13
6,3731,1,1,0,0,13
6,3736,1,1,0,0,13
6,3738,1,1,0,1,13
6,3743,1,1,0,0,13
6,3747,1,1,0,1,13
6,3751,1,1,0,0,13
6,3761,1,1,0,0,13
6,3763,1,1,0,0,13
6,3777,1,1,0,0,13
6,3780,1,1,0,0,13
6,3798,1,1,0,0,13
6,3805,1,1,0,0,13
6,3806,1,1,0,0,13
6,3807,1,1,0,0,13
6,3817,1,1,0,0,13
6,3833,1,1,0,0,13
6,3844,1,1,0,0,13
6,3864,1,1,0,1,13
6,3874,1,1,0,0,13
6,3890,1,1,0,0,13
6,3900,1,1,0,0,13
6,3911,1,1,0,1,13
6,3914,1,1,1,0,13
6,3919,1,1,0,0,13
6,3920,1,1,0,0,13
6,3921,1,1,0,1,13
6,3928,1,1,0,1,13
6,3933,1,1,0,0,13
6,3960,1,1,0,0,13
6,3965,1,1,0,0,13
6,3968,1,1,0,0,13
6,3969,1,1,0,0,13
6,3973,1,1,0,1,13
6,3978,1,1,0,1,13
6,3981,1,1,0,1,13
6,3985,1,1,0,1,13
6,3987,1,1,0,0,13
6,3991,1,1,0,0,13
6,3995,1,1,0,0,13
6,3997,1,1,0,0,13
6,4007,1,1,0,0,13
6,4014,1,1,1,0,13
6,4016,1,1,0,1,13
6,4050,1,1,0,1,13
6,4056,1,1,0,0,13
6,4066,1,1,1,0,13
6,4069,1,1,0,1,13
6,4071,1,1,0,0,13
6,4072,1,1,0,0,13
6,4077,1,1,0,1,13
6,4078,1,1,0,0,13
6,4080,1,1,0,0,13
6,4082,1,1,0,0,13
6,4084,1,1,0,0,13
6,4086,1,1,0,1,13
6,4123,1,1,0,1,13
6,4140,1,1,0,0,13
6,4161,1,1,1,0,13
6,4166,1,1,0,0,13
6,4188,1,1,0,0,13
6,4192,1,1,0,0,13
6,4200,1,1,1,0,13
6,4208,1,1,0,0,13
6,4211,1,1,0,0,13
6,4217,1,1,1,0,13
6,4232,1,1,0,0,13
6,4233,1,1,0,1,13
6,4237,1,1,1,0,13
6,4239,1,1,0,0,13
6,4254,1,1,0,0,13
6,4265,1,1,0,0,13
6,4266,1,1,1,0,13
6,4281,1,1,0,0,13
6,4285,1,1,0,0,13
6,4299,1,1,0,0,13
6,4300,1,1,0,0,13
6,4306,1,1,0,0,13
6,4330,1,1,1,0,13
6,4335,1,1,1,0,13
6,4337,1,1,0,1,13
6,4348,1,1,0,0,13
6,4356,1,1,0,1,13
6,4358,1,1,0,1,13
6,4368,1,1,0,0,13
6,4376,1,1,1,0,13
6,4381,1,1,0,0,13
6,4389,1,1,0,0,13
6,4400,1,1,0,1,13
6,4402,1,1,0,0,13
6,4408,1,1,0,0,13
6,4412,1,1,0,0,13
6,4417,1,1,0,0,13
6,4421,1,1,0,0,13
6,4423,1,1,0,0,13
6,4435,1,1,0,0,13
6,4436,1,1,0,0,13
6,4447,1,1,0,1,13
6,4451,1,1,0,1,13
6,4461,1,1,0,0,13
6,4479,1,1,0,0,13
6,4488,1,1,0,0,13
6,4490,1,1,0,0,13
6,4491,1,1,0,1,13
6,4516,1,1,1,0,13
6,4520,1,1,1,0,13
6,4527,1,1,0,0,13
6,4528,1,1,1,0,13
6,4538,1,1,0,0,13
6,4544,1,1,0,0,13
6,4546,1,1,0,1,13
6,4551,1,1,0,0,13
6,4573,1,1,0,0,13
6,4575,1,1,0,0,13
6,4581,1,1,0,0,13
6,4595,1,1,1,0,13
6,4598,1,1,1,0,13
6,4604,1,1,0,1,13
6,4619,1,1,0,0,13
6,4620,1,1,1,0,13
6,4627,1,1,0,0,13
6,4635,1,1,0,1,13
6,4638,1,1,0,0,13
6,4651,1,1,0,0,13
6,4652,1,1,0,1,13
6,4655,1,1,0,0,13
6,4657,1,1,1,0,13
6,4658,1,1,0,1,13
6,4662,1,1,0,0,13
6,4671,1,1,1,0,13
6,4673,1,1,0,0,13
6,4674,1,1,0,0,13
6,4682,1,1,0,0,13
6,4685,1,1,1,0,13
6,4688,1,1,0,0,13
6,4694,1,1,0,0,13
6,4700,1,1,1,0,13
6,4712,1,1,1,0,13
6,4720,1,1,0,0,13
6,4724,1,1,1,0,13
6,4726,1,1,0,0,13
6,4731,1,1,0,0,13
6,4732,1,1,0,0,13
6,4748,1,1,0,0,13
6,4749,1,1,0,0,13
6,4751,1,1,0,0,13
6,4755,1,1,0,0,13
6,4759,1,1,0,0,13
6,4774,1,1,0,0,13
6,4785,1,1,0,0,13
6,4788,1,1,0,0,13
6,4792,1,1,0,0,13
6,4793,1,1,1,0,13
6,4794,1,1,0,0,13
6,4796,1,1,0,0,13
6,4801,1,1,0,0,13
6,4808,1,1,0,1,13
6,4813,1,1,1,0,13
6,4817,1,1,0,0,13
6,4827,1,1,1,0,13
6,4831,1,1,0,1,13
6,4844,1,1,0,0,13
6,4845,1,1,0,0,13
6,4848,1,1,0,0,13
6,4857,1,1,0,0,13
6,4872,1,1,0,0,13
6,4880,1,1,0,1,13
6,4882,1,1,0,1,13
6,4890,1,1,0,0,13
6,4900,1,1,0,0,13
6,4903,1,1,0,0,13
6,4916,1,1,0,0,13
6,4921,1,1,0,0,13
6,4923,1,1,0,0,13
6,4930,1,1,0,0,13
6,4932,1,1,0,0,13
6,4940,1,1,0,0,13
6,4949,1,1,0,0,13
6,4950,1,1,0,0,13
6,4951,1,1,0,0,13
6,4963,1,1,0,0,13
6,4974,1,1,0,0,13
6,4980,1,1,0,0,13
6,4981,1,1,0,0,13
6,4987,1,1,0,1,13
6,4995,1,1,0,0,13
6,37,1,1,1,0,14
6,64,1,1,0,0,14
6,68,1,1,0,0,14
6,70,1,1,0,0,14
6,71,1,1,0,1,14
6,75,1,1,0,1,14
6,79,1,1,1,0,14
6,90,1,1,0,1,14
6,91,1,1,0,0,14
6,173,1,1,0,0,14
6,183,1,1,0,1,14
6,191,1,1,0,0,14
6,200,1,1,0,0,14
6,201,1,1,0,0,14
6,215,1,1,0,0,14
6,218,1,1,0,0,14
6,219,1,1,0,1,14
6,229,1,1,0,0,14
6,242,1,1,1,0,14
6,245,1,1,1,0,14
6,252,1,1,0,1,14
6,263,1,1,0,0,14
6,290,1,1,0,0,14
6,291,1,1,0,0,14
6,300,1,1,0,0,14
6,302,1,1,0,0,14
6,304,1,1,1,0,14
6,310,1,1,0,0,14
6,325,1,1,0,0,14
6,334,1,1,0,0,14
6,366,1,1,1,0,14
6,383,1,1,0,0,14
6,387,1,1,0,1,14
6,431,1,1,0,0,14
6,438,1,1,1,0,14
6,455,1,1,0,1,14
6,457,1,1,0,0,14
6,486,1,1,0,0,14
6,489,1,1,0,0,14
6,510,1,1,0,0,14
6,513,1,1,1,0,14
6,523,1,1,0,0,14
6,539,1,1,0,1,14
6,555,1,1,0,0,14
6,558,1,1,1,0,14
6,561,1,1,0,0,14
6,580,1,1,0,0,14
6,609,1,1,1,0,14
6,623,1,1,1,0,14
6,625,1,1,0,0,14
6,633,1,1,0,0,14
6,642,1,1,0,0,14
6,658,1,1,0,0,14
6,687,1,1,0,0,14
6,724,1,1,0,0,14
6,731,1,1,0,0,14
6,740,1,1,0,0,14
6,758,1,1,0,0,14
6,770,1,1,0,0,14
6,809,1,1,0,0,14
6,821,1,1,0,0,14
6,834,1,1,0,0,14
6,839,1,1,0,0,14
6,870,1,1,0,0,14
6,896,1,1,0,0,14
6,912,1,1,0,1,14
6,927,1,1,1,0,14
6,972,1,1,0,1,14
6,975,1,1,1,0,14
6,982,1,1,0,0,14
6,989,1,1,0,0,14
6,1007,1,1,1,0,14
6,1008,1,1,0,0,14
6,1012,1,1,0,1,14
6,1023,1,1,0,0,14
6,1026,1,1,0,1,14
6,1036,1,1,0,0,14
6,1044,1,1,0,1,14
6,1048,1,1,0,0,14
6,1052,1,1,0,0,14
6,1062,1,1,0,0,14
6,1066,1,1,0,0,14
6,1069,1,1,0,1,14
6,1071,1,1,0,0,14
6,1076,1,1,0,0,14
6,1092,1,1,0,0,14
6,1139,1,1,0,0,14
6,1142,1,1,0,1,14
6,1144,1,1,0,0,14
6,1147,1,1,0,0,14
6,1161,1,1,0,0,14
6,1178,1,1,0,0,14
6,1190,1,1,0,0,14
6,1208,1,1,0,1,14
6,1222,1,1,0,1,14
6,1226,1,1,0,0,14
6,1251,1,1,0,1,14
6,1278,1,1,0,0,14
6,1281,1,1,0,1,14
6,1283,1,1,0,0,14
6,1301,1,1,0,0,14
6,1302,1,1,0,0,14
6,1304,1,1,0,0,14
6,1318,1,1,0,0,14
6,1323,1,1,0,0,14
6,1327,1,1,0,0,14
6,1348,1,1,0,0,14
6,1349,1,1,0,0,14
6,1401,1,1,0,0,14
6,1404,1,1,0,0,14
6,1418,1,1,0,0,14
6,1431,1,1,0,0,14
6,1438,1,1,1,0,14
6,1462,1,1,1,0,14
6,1471,1,1,0,1,14
6,1493,1,1,0,0,14
6,1502,1,1,0,0,14
6,1507,1,1,0,0,14
6,1508,1,1,0,0,14
6,1522,1,1,1,0,14
6,1581,1,1,0,1,14
6,1588,1,1,0,0,14
6,1597,1,1,0,0,14
6,1608,1,1,0,1,14
6,1624,1,1,0,0,14
6,1641,1,1,0,0,14
6,1647,1,1,0,0,14
6,1653,1,1,0,1,14
6,1662,1,1,0,0,14
6,1677,1,1,0,0,14
6,1678,1,1,1,0,14
6,1683,1,1,0,0,14
6,1710,1,1,0,1,14
6,1719,1,1,0,0,14
6,1722,1,1,0,0,14
6,1751,1,1,0,1,14
6,1753,1,1,0,0,14
6,1778,1,1,0,0,14
6,1786,1,1,0,0,14
6,1799,1,1,1,0,14
6,1806,1,1,0,1,14
6,1815,1,1,1,0,14
6,1824,1,1,1,0,14
6,1830,1,1,0,0,14
6,1834,1,1,1,0,14
6,1841,1,1,0,0,14
6,1844,1,1,0,0,14
6,1858,1,1,0,0,14
6,1878,1,1,0,0,14
6,1918,1,1,0,0,14
6,1922,1,1,0,0,14
6,1925,1,1,0,0,14
6,1961,1,1,0,0,14
6,1966,1,1,0,0,14
6,1981,1,1,0,0,14
6,1991,1,1,1,0,14
6,2009,1,1,0,0,14
6,2020,1,1,0,0,14
6,2049,1,1,0,0,14
6,2060,1,1,0,0,14
6,2061,1,1,0,0,14
6,2064,1,1,0,0,14
6,2075,1,1,0,0,14
6,2083,1,1,0,0,14
6,2102,1,1,0,0,14
6,2133,1,1,0,0,14
6,2137,1,1,0,0,14
6,2161,1,1,1,0,14
6,2181,1,1,0,0,14
6,2182,1,1,0,0,14
6,2187,1,1,0,0,14
6,2206,1,1,0,0,14
6,2222,1,1,1,0,14
6,2230,1,1,0,0,14
6,2231,1,1,0,0,14
6,2233,1,1,0,0,14
6,2242,1,1,1,0,14
6,2248,1,1,0,0,14
6,2272,1,1,0,0,14
6,2277,1,1,0,0,14
6,2289,1,1,0,0,14
6,2300,1,1,1,0,14
6,2310,1,1,1,0,14
6,2319,1,1,0,1,14
6,2323,1,1,0,0,14
6,2333,1,1,0,0,14
6,2342,1,1,1,0,14
6,2354,1,1,0,1,14
6,2371,1,1,0,1,14
6,2439,1,1,1,0,14
6,2449,1,1,0,0,14
6,2471,1,1,0,1,14
6,2476,1,1,0,1,14
6,2497,1,1,0,0,14
6,2501,1,1,0,0,14
6,2502,1,1,1,0,14
6,2538,1,1,1,0,14
6,2566,1,1,0,0,14
6,2567,1,1,0,0,14
6,2609,1,1,0,0,14
6,2612,1,1,0,0,14
6,2616,1,1,0,0,14
6,2620,1,1,0,0,14
6,2642,1,1,1,0,14
6,2649,1,1,1,0,14
6,2679,1,1,0,0,14
6,2710,1,1,0,1,14
6,2757,1,1,1,0,14
6,2771,1,1,0,0,14
6,2772,1,1,0,0,14
6,2794,1,1,0,0,14
6,2809,1,1,0,0,14
6,2826,1,1,0,0,14
6,2840,1,1,0,0,14
6,2881,1,1,1,0,14
6,2917,1,1,1,0,14
6,2922,1,1,0,0,14
6,2955,1,1,0,0,14
6,2972,1,1,0,1,14
6,2988,1,1,0,1,14
6,3057,1,1,0,0,14
6,3072,1,1,1,0,14
6,3074,1,1,0,0,14
6,3080,1,1,1,0,14
6,3081,1,1,0,0,14
6,3128,1,1,0,1,14
6,3132,1,1,0,0,14
6,3133,1,1,0,0,14
6,3140,1,1,0,1,14
6,3147,1,1,0,0,14
6,3159,1,1,0,0,14
6,3220,1,1,1,0,14
6,3245,1,1,0,0,14
6,3249,1,1,0,0,14
6,3267,1,1,0,0,14
6,3271,1,1,0,0,14
6,3273,1,1,0,0,14
6,3276,1,1,0,0,14
6,3288,1,1,0,0,14
6,3311,1,1,0,0,14
6,3328,1,1,0,0,14
6,3346,1,1,0,1,14
6,3355,1,1,0,0,14
6,3359,1,1,0,0,14
6,3361,1,1,0,0,14
6,3363,1,1,0,0,14
6,3381,1,1,0,0,14
6,3390,1,1,0,0,14
6,3440,1,1,0,0,14
6,3447,1,1,0,1,14
6,3484,1,1,1,0,14
6,3489,1,1,0,0,14
6,3497,1,1,0,0,14
6,3537,1,1,1,0,14
6,3551,1,1,0,0,14
6,3552,1,1,0,0,14
6,3573,1,1,0,0,14
6,3581,1,1,0,0,14
6,3645,1,1,0,0,14
6,3647,1,1,0,0,14
6,3681,1,1,1,0,14
6,3685,1,1,0,0,14
6,3687,1,1,0,0,14
6,3709,1,1,0,0,14
6,3710,1,1,0,0,14
6,3726,1,1,0,1,14
6,3784,1,1,0,0,14
6,3789,1,1,0,0,14
6,3792,1,1,0,1,14
6,3800,1,1,0,0,14
6,3829,1,1,0,0,14
6,3845,1,1,0,0,14
6,3878,1,1,1,0,14
6,3881,1,1,0,0,14
6,3886,1,1,0,0,14
6,3938,1,1,0,0,14
6,3940,1,1,1,0,14
6,3951,1,1,0,0,14
6,3954,1,1,0,0,14
6,4009,1,1,0,1,14
6,4023,1,1,0,0,14
6,4024,1,1,0,0,14
6,4027,1,1,0,1,14
6,4065,1,1,0,0,14
6,4068,1,1,0,0,14
6,4074,1,1,0,0,14
6,4090,1,1,0,1,14
6,4105,1,1,0,0,14
6,4115,1,1,0,0,14
6,4120,1,1,0,0,14
6,4128,1,1,0,0,14
6,4135,1,1,0,0,14
6,4146,1,1,0,0,14
6,4147,1,1,0,0,14
6,4173,1,1,0,0,14
6,4175,1,1,0,1,14
6,4204,1,1,0,1,14
6,4255,1,1,0,0,14
6,4256,1,1,0,0,14
6,4262,1,1,0,0,14
6,4270,1,1,1,0,14
6,4276,1,1,0,0,14
6,4286,1,1,0,0,14
6,4295,1,1,1,0,14
6,4298,1,1,0,0,14
6,4308,1,1,0,0,14
6,4322,1,1,1,0,14
6,4339,1,1,1,0,14
6,4354,1,1,0,0,14
6,4360,1,1,0,0,14
6,4384,1,1,0,0,14
6,4409,1,1,0,0,14
6,4424,1,1,1,0,14
6,4440,1,1,1,0,14
6,4443,1,1,0,0,14
6,4444,1,1,0,0,14
6,4449,1,1,0,0,14
6,4476,1,1,0,0,14
6,4480,1,1,0,0,14
6,4482,1,1,1,0,14
6,4489,1,1,0,0,14
6,4493,1,1,1,0,14
6,4497,1,1,1,0,14
6,4499,1,1,0,0,14
6,4507,1,1,0,0,14
6,4518,1,1,0,1,14
6,4559,1,1,0,0,14
6,4583,1,1,0,1,14
6,4596,1,1,0,0,14
6,4599,1,1,0,0,14
6,4629,1,1,0,0,14
6,4634,1,1,1,0,14
6,4670,1,1,0,0,14
6,4699,1,1,0,0,14
6,4710,1,1,0,0,14
6,4715,1,1,0,0,14
6,4725,1,1,0,0,14
6,4730,1,1,0,0,14
6,4741,1,1,0,1,14
6,4752,1,1,0,0,14
6,4754,1,1,0,0,14
6,4761,1,1,0,0,14
6,4773,1,1,0,1,14
6,4784,1,1,0,0,14
6,4787,1,1,0,0,14
6,4798,1,1,1,0,14
6,4799,1,1,0,0,14
6,4811,1,1,0,0,14
6,4819,1,1,1,0,14
6,4823,1,1,0,0,14
6,4834,1,1,1,0,14
6,4838,1,1,0,0,14
6,4840,1,1,0,0,14
6,4854,1,1,0,0,14
6,4855,1,1,0,0,14
6,4869,1,1,0,0,14
6,4870,1,1,1,0,14
6,4892,1,1,0,0,14
6,4933,1,1,0,0,14
6,4947,1,1,0,0,14
6,4957,1,1,0,0,14
6,4994,1,1,0,0,14
0,2,1,1,0,0,0
0,25,1,1,0,0,0
0,31,1,1,0,0,0
0,34,1,1,0,0,0
0,53,1,1,0,0,0
0,58,1,1,0,0,0
0,67,1,1,0,0,0
0,73,1,1,0,0,0
0,74,1,1,0,0,0
0,80,1,1,0,0,0
0,88,1,1,0,0,0
0,92,1,1,0,0,0
0,98,1,1,0,0,0
0,105,1,1,0,0,0
0,106,1,1,0,0,0
0,142,1,1,0,0,0
0,154,1,1,0,0,0
0,156,1,1,0,0,0
0,160,1,1,0,0,0
0,187,1,1,0,0,0
0,199,1,1,0,0,0
0,212,1,1,0,0,0
0,224,1,1,0,0,0
0,249,1,1,0,0,0
0,277,1,1,0,0,0
0,298,1,1,0,0,0
0,324,1,1,0,0,0
0,328,1,1,0,0,0
0,363,1,1,0,0,0
0,375,1,1,0,0,0
0,410,1,1,0,0,0
0,411,1,1,0,0,0
0,413,1,1,0,0,0
0,416,1,1,0,0,0
0,434,1,1,0,0,0
0,444,1,1,0,0,0
0,458,1,1,0,0,0
0,460,1,1,0,0,0
0,502,1,1,0,0,0
0,503,1,1,0,0,0
0,509,1,1,0,0,0
0,519,1,1,0,0,0
0,528,1,1,0,0,0
0,529,1,1,0,0,0
0,532,1,1,0,0,0
0,546,1,1,0,0,0
0,549,1,1,0,0,0
0,551,1,1,0,0,0
0,562,1,1,0,0,0
0,620,1,1,0,0,0
0,654,1,1,0,0,0
0,666,1,1,0,0,0
0,681,1,1,0,0,0
0,684,1,1,0,0,0
0,714,1,1,0,0,0
0,734,1,1,0,0,0
0,768,1,1,0,0,0
0,771,1,1,0,0,0
0,780,1,1,0,0,0
0,789,1,1,0,0,0
0,793,1,1,0,0,0
0,820,1,1,0,0,0
0,845,1,1,0,0,0
0,869,1,1,0,0,0
0,922,1,1,0,0,0
0,983,1,1,0,0,0
0,1003,1,1,0,0,0
0,1015,1,1,0,0,0
0,1021,1,1,0,0,0
0,1027,1,1,0,0,0
0,1122,1,1,0,0,0
0,1133,1,1,0,0,0
0,1140,1,1,0,0,0
0,1150,1,1,0,0,0
0,1151,1,1,0,0,0
0,1157,1,1,0,0,0
0,1159,1,1,0,0,0
0,1176,1,1,0,0,0
0,1184,1,1,0,0,0
0,1188,1,1,0,0,0
0,1195,1,1,0,0,0
0,1197,1,1,0,0,0
0,1210,1,1,0,0,0
0,1241,1,1,0,0,0
0,1243,1,1,0,0,0
0,1257,1,1,0,0,0
0,1264,1,1,0,0,0
0,1287,1,1,0,0,0
0,1306,1,1,0,0,0
0,1307,1,1,0,0,0
0,1328,1,1,0,0,0
0,1355,1,1,0,0,0
0,1356,1,1,0,0,0
0,1371,1,1,0,0,0
0,1394,1,1,0,0,0
0,1415,1,1,0,0,0
0,1421,1,1,0,0,0
0,1433,1,1,0,0,0
0,1451,1,1,0,0,0
0,1461,1,1,0,0,0
0,1484,1,1,0,0,0
0,1501,1,1,0,0,0
0,1518,1,1,0,0,0
0,1520,1,1,0,0,0
0,1521,1,1,0,0,0
0,1536,1,1,0,0,0
0,1538,1,1,0,0,0
0,1546,1,1,0,0,0
0,1553,1,1,0,0,0
0,1564,1,1,0,0,0
0,1575,1,1,0,0,0
0,1577,1,1,0,0,0
0,1603,1,1,0,0,0
0,1629,1,1,0,0,0
0,1636,1,1,0,0,0
0,1648,1,1,0,0,0
0,1652,1,1,0,0,0
0,1657,1,1,0,0,0
0,1661,1,1,0,0,0
0,1669,1,1,0,0,0
0,1684,1,1,0,0,0
0,1685,1,1,0,0,0
0,1697,1,1,0,0,0
0,1712,1,1,0,0,0
0,1714,1,1,0,0,0
0,1715,1,1,0,0,0
0,1730,1,1,0,0,0
0,1745,1,1,0,0,0
0,1766,1,1,0,0,0
0,1769,1,1,0,0,0
0,1790,1,1,0,0,0
0,1817,1,1,0,0,0
0,1818,1,1,0,0,0
0,1821,1,1,0,0,0
0,1829,1,1,0,0,0
0,1882,1,1,0,0,0
0,1897,1,1,0,0,0
0,1930,1,1,0,0,0
0,1938,1,1,0,0,0
0,1949,1,1,0,0,0
0,1969,1,1,0,0,0
0,1972,1,1,0,0,0
0,1986,1,1,0,0,0
0,1987,1,1,0,0,0
0,1992,1,1,0,0,0
0,2013,1,1,0,0,0
0,2022,1,1,0,0,0
0,2053,1,1,0,0,0
0,2076,1,1,0,0,0
0,2098,1,1,0,0,0
0,2108,1,1,0,0,0
0,2165,1,1,0,0,0
0,2188,1,1,0,0,0
0,2189,1,1,0,0,0
0,2192,1,1,0,0,0
0,2196,1,1,0,0,0
0,2203,1,1,0,0,0
0,2234,1,1,0,0,0
0,2236,1,1,0,0,0
0,2244,1,1,0,0,0
0,2256,1,1,0,0,0
0,2258,1,1,0,0,0
0,2260,1,1,0,0,0
0,2291,1,1,0,0,0
0,2301,1,1,0,0,0
0,2320,1,1,0,0,0
0,2327,1,1,0,0,0
0,2329,1,1,0,0,0
0,2339,1,1,0,0,0
0,2341,1,1,0,0,0
0,2348,1,1,0,0,0
0,2353,1,1,0,0,0
0,2367,1,1,0,0,0
0,2368,1,1,0,0,0
0,2378,1,1,0,0,0
0,2379,1,1,0,0,0
0,2382,1,1,0,0,0
0,2390,1,1,0,0,0
0,2412,1,1,0,0,0
0,2437,1,1,0,0,0
0,2470,1,1,0,0,0
0,2490,1,1,0,0,0
0,2495,1,1,0,0,0
0,2504,1,1,0,0,0
0,2516,1,1,0,0,0
0,2546,1,1,0,0,0
0,2547,1,1,0,0,0
0,2550,1,1,0,0,0
0,2560,1,1,0,0,0
0,2578,1,1,0,0,0
0,2586,1,1,0,0,0
0,2604,1,1,0,0,0
0,2605,1,1,0,0,0
0,2606,1,1,0,0,0
0,2610,1,1,0,0,0
0,2618,1,1,0,0,0
0,2621,1,1,0,0,0
0,2626,1,1,0,0,0
0,2627,1,1,0,0,0
0,2634,1,1,0,0,0
0,2656,1,1,0,0,0
0,2672,1,1,0,0,0
0,2674,1,1,0,0,0
0,2699,1,1,0,0,0
0,2702,1,1,0,0,0
0,2724,1,1,0,0,0
0,2726,1,1,0,0,0
0,2740,1,1,0,0,0
0,2747,1,1,0,0,0
0,2778,1,1,0,0,0
0,2806,1,1,0,0,0
0,2818,1,1,0,0,0
0,2819,1,1,0,0,0
0,2831,1,1,0,0,0
0,2850,1,1,0,0,0
0,2867,1,1,0,0,0
0,2874,1,1,0,0,0
0,2944,1,1,0,0,0
0,2983,1,1,0,0,0
0,2989,1,1,0,0,0
0,2990,1,1,0,0,0
0,2994,1,1,0,0,0
0,2997,1,1,0,0,0
0,3012,1,1,0,0,0
0,3028,1,1,0,0,0
0,3077,1,1,0,0,0
0,3086,1,1,0,0,0
0,3102,1,1,0,0,0
0,3109,1,1,0,0,0
0,3123,1,1,0,0,0
0,3126,1,1,0,0,0
0,3139,1,1,0,0,0
0,3142,1,1,0,0,0
0,3149,1,1,0,0,0
0,3156,1,1,0,0,0
0,3165,1,1,0,0,0
0,3200,1,1,0,0,0
0,3205,1,1,0,0,0
0,3208,1,1,0,0,0
0,3236,1,1,0,0,0
0,3238,1,1,0,0,0
0,3239,1,1,0,0,0
0,3243,1,1,0,0,0
0,3254,1,1,0,0,0
0,3256,1,1,0,0,0
0,3270,1,1,0,0,0
0,3281,1,1,0,0,0
0,3289,1,1,0,0,0
0,3296,1,1,0,0,0
0,3300,1,1,0,0,0
0,3349,1,1,0,0,0
0,3360,1,1,0,0,0
0,3379,1,1,0,0,0
0,3388,1,1,0,0,0
0,3394,1,1,0,0,0
0,3402,1,1,0,0,0
0,3406,1,1,0,0,0
0,3416,1,1,0,0,0
0,3425,1,1,0,0,0
0,3426,1,1,0,0,0
0,3454,1,1,0,0,0
0,3498,1,1,0,0,0
0,3507,1,1,0,0,0
0,3516,1,1,0,0,0
0,3593,1,1,0,0,0
0,3595,1,1,0,0,0
0,3598,1,1,0,0,0
0,3607,1,1,0,0,0
0,3617,1,1,0,0,0
0,3665,1,1,0,0,0
0,3669,1,1,0,0,0
0,3670,1,1,0,0,0
0,3686,1,1,0,0,0
0,3689,1,1,0,0,0
0,3691,1,1,0,0,0
0,3697,1,1,0,0,0
0,3703,1,1,0,0,0
0,3728,1,1,0,0,0
0,3765,1,1,0,0,0
0,3766,1,1,0,0,0
0,3769,1,1,0,0,0
0,3772,1,1,0,0,0
0,3783,1,1,0,0,0
0,3802,1,1,0,0,0
0,3835,1,1,0,0,0
0,3839,1,1,0,0,0
0,3851,1,1,0,0,0
0,3858,1,1,0,0,0
0,3877,1,1,0,0,0
0,3883,1,1,0,0,0
0,3917,1,1,0,0,0
0,3924,1,1,0,0,0
0,3927,1,1,0,0,0
0,3971,1,1,0,0,0
0,4001,1,1,0,0,0
0,4012,1,1,0,0,0
0,4020,1,1,0,0,0
0,4030,1,1,0,0,0
0,4049,1,1,0,0,0
0,4094,1,1,0,0,0
0,4095,1,1,0,0,0
0,4097,1,1,0,0,0
0,4110,1,1,0,0,0
0,4124,1,1,0,0,0
0,4139,1,1,0,0,0
0,4155,1,1,0,0,0
0,4165,1,1,0,0,0
0,4172,1,1,0,0,0
0,4210,1,1,0,0,0
0,4222,1,1,0,0,0
0,4225,1,1,0,0,0
0,4277,1,1,0,0,0
0,4293,1,1,0,0,0
0,4312,1,1,0,0,0
0,4313,1,1,0,0,0
0,4320,1,1,0,0,0
0,4331,1,1,0,0,0
0,4338,1,1,0,0,0
0,4347,1,1,0,0,0
0,4362,1,1,0,0,0
0,4370,1,1,0,0,0
0,4396,1,1,0,0,0
0,4411,1,1,0,0,0
0,4454,1,1,0,0,0
0,4472,1,1,0,0,0
0,4495,1,1,0,0,0
0,4504,1,1,0,0,0
0,4506,1,1,0,0,0
0,4508,1,1,0,0,0
0,4513,1,1,0,0,0
0,4548,1,1,0,0,0
0,4555,1,1,0,0,0
0,4560,1,1,0,0,0
0,4574,1,1,0,0,0
0,4592,1,1,0,0,0
0,4602,1,1,0,0,0
0,4622,1,1,0,0,0
0,4633,1,1,0,0,0
0,4639,1,1,0,0,0
0,4646,1,1,0,0,0
0,4679,1,1,0,0,0
0,4687,1,1,0,0,0
0,4697,1,1,0,0,0
0,4713,1,1,0,0,0
0,4734,1,1,0,0,0
0,4742,1,1,0,0,0
0,4779,1,1,0,0,0
0,4802,1,1,0,0,0
0,4826,1,1,0,0,0
0,4841,1,1,0,0,0
0,4842,1,1,0,0,0
0,4871,1,1,0,0,0
0,4911,1,1,0,0,0
0,4918,1,1,0,0,0
0,4919,1,1,0,0,0
0,4934,1,1,0,0,0
0,4936,1,1,0,0,0
0,4945,1,1,0,0,0
0,4952,1,1,0,0,0
0,4954,1,1,0,0,0
0,4973,1,1,0,0,0
0,4975,1,1,0,0,0
0,4984,1,1,0,0,0
0,4989,1,1,0,0,0
0,22,1,1,0,0,1
0,38,1,1,0,0,1
0,52,1,1,0,0,1
0,61,1,1,0,0,1
0,76,1,1,0,0,1
0,117,1,1,0,0,1
0,122,1,1,0,0,1
0,131,1,1,0,0,1
0,174,1,1,0,0,1
0,186,1,1,0,0,1
0,192,1,1,0,0,1
0,210,1,1,0,0,1
0,214,1,1,0,0,1
0,222,1,1,0,0,1
0,239,1,1,0,0,1
0,264,1,1,0,0,1
0,270,1,1,0,0,1
0,286,1,1,0,0,1
0,293,1,1,0,0,1
0,303,1,1,0,0,1
0,306,1,1,0,0,1
0,365,1,1,0,0,1
0,385,1,1,0,0,1
0,426,1,1,0,0,1
0,471,1,1,0,0,1
0,514,1,1,0,0,1
0,524,1,1,0,0,1
0,527,1,1,0,0,1
0,537,1,1,0,0,1
0,564,1,1,0,0,1
0,569,1,1,0,0,1
0,593,1,1,0,0,1
0,601,1,1,0,0,1
0,602,1,1,0,0,1
0,628,1,1,0,0,1
0,629,1,1,0,0,1
0,637,1,1,0,0,1
0,656,1,1,0,0,1
0,662,1,1,0,0,1
0,664,1,1,0,0,1
0,712,1,1,0,0,1
0,716,1,1,0,0,1
0,722,1,1,0,0,1
0,755,1,1,0,0,1
0,756,1,1,0,0,1
0,761,1,1,0,0,1
0,800,1,1,0,0,1
0,802,1,1,0,0,1
0,824,1,1,0,0,1
0,825,1,1,0,0,1
0,826,1,1,0,0,1
0,842,1,1,0,0,1
0,851,1,1,0,0,1
0,855,1,1,0,0,1
0,892,1,1,0,0,1
0,893,1,1,0,0,1
0,902,1,1,0,0,1
0,923,1,1,0,0,1
0,929,1,1,0,0,1
0,930,1,1,0,0,1
0,943,1,1,0,0,1
0,968,1,1,0,0,1
0,970,1,1,0,0,1
0,977,1,1,0,0,1
0,987,1,1,0,0,1
0,1004,1,1,0,0,1
0,1014,1,1,0,0,1
0,1050,1,1,0,0,1
0,1070,1,1,0,0,1
0,1088,1,1,0,0,1
0,1115,1,1,0,0,1
0,1123,1,1,0,0,1
0,1124,1,1,0,0,1
0,1136,1,1,0,0,1
0,1143,1,1,0,0,1
0,1163,1,1,0,0,1
0,1168,1,1,0,0,1
0,1196,1,1,0,0,1
0,1203,1,1,0,0,1
0,1207,1,1,0,0,1
0,1233,1,1,0,0,1
0,1320,1,1,0,0,1
0,1324,1,1,0,0,1
0,1351,1,1,0,0,1
0,1366,1,1,0,0,1
0,1367,1,1,0,0,1
0,1369,1,1,0,0,1
0,1410,1,1,0,0,1
0,1417,1,1,0,0,1
0,1426,1,1,0,0,1
0,1428,1,1,0,0,1
0,1429,1,1,0,0,1
0,1434,1,1,0,0,1
0,1435,1,1,0,0,1
0,1450,1,1,0,0,1
0,1452,1,1,0,0,1
0,1475,1,1,0,0,1
0,1482,1,1,0,0,1
0,1494,1,1,0,0,1
0,1510,1,1,0,0,1
0,1517,1,1,0,0,1
0,1523,1,1,0,0,1
0,1569,1,1,0,0,1
0,1595,1,1,0,0,1
0,1602,1,1,0,0,1
0,1606,1,1,0,0,1
0,1609,1,1,0,0,1
0,1612,1,1,0,0,1
0,1659,1,1,0,0,1
0,1664,1,1,0,0,1
0,1680,1,1,0,0,1
0,1692,1,1,0,0,1
0,1704,1,1,0,0,1
0,1731,1,1,0,0,1
0,1734,1,1,0,0,1
0,1741,1,1,0,0,1
0,1752,1,1,0,0,1
0,1762,1,1,0,0,1
0,1768,1,1,0,0,1
0,1794,1,1,0,0,1
0,1809,1,1,0,0,1
0,1812,1,1,0,0,1
0,1827,1,1,0,0,1
0,1836,1,1,0,0,1
0,1862,1,1,0,0,1
0,1871,1,1,0,0,1
0,1890,1,1,0,0,1
0,1893,1,1,0,0,1
0,1896,1,1,0,0,1
0,1923,1,1,0,0,1
0,1974,1,1,0,0,1
0,1980,1,1,0,0,1
0,1989,1,1,0,0,1
0,2017,1,1,0,0,1
0,2038,1,1,0,0,1
0,2045,1,1,0,0,1
0,2070,1,1,0,0,1
0,2077,1,1,0,0,1
0,2078,1,1,0,0,1
0,2086,1,1,0,0,1
0,2088,1,1,0,0,1
0,2109,1,1,0,0,1
0,2118,1,1,0,0,1
0,2141,1,1,0,0,1
0,2170,1,1,0,0,1
0,2172,1,1,0,0,1
0,2184,1,1,0,0,1
0,2199,1,1,0,0,1
0,2202,1,1,0,0,1
0,2220,1,1,0,0,1
0,2226,1,1,0,0,1
0,2261,1,1,0,0,1
0,2269,1,1,0,0,1
0,2276,1,1,0,0,1
0,2280,1,1,0,0,1
0,2297,1,1,0,0,1
0,2313,1,1,0,0,1
0,2315,1,1,0,0,1
0,2336,1,1,0,0,1
0,2343,1,1,0,0,1
0,2408,1,1,0,0,1
0,2428,1,1,0,0,1
0,2442,1,1,0,0,1
0,2446,1,1,0,0,1
0,2468,1,1,0,0,1
0,2491,1,1,0,0,1
0,2498,1,1,0,0,1
0,2517,1,1,0,0,1
0,2537,1,1,0,0,1
0,2544,1,1,0,0,1
0,2559,1,1,0,0,1
0,2563,1,1,0,0,1
0,2589,1,1,0,0,1
0,2595,1,1,0,0,1
0,2611,1,1,0,0,1
0,2622,1,1,0,0,1
0,2638,1,1,0,0,1
0,2643,1,1,0,0,1
0,2691,1,1,0,0,1
0,2725,1,1,0,0,1
0,2741,1,1,0,0,1
0,2763,1,1,0,0,1
0,2764,1,1,0,0,1
0,2773,1,1,0,0,1
0,2798,1,1,0,0,1
0,2802,1,1,0,0,1
0,2804,1,1,0,0,1
0,2808,1,1,0,0,1
0,2823,1,1,0,0,1
0,2836,1,1,0,0,1
0,2838,1,1,0,0,1
0,2849,1,1,0,0,1
0,2860,1,1,0,0,1
0,2895,1,1,0,0,1
0,2900,1,1,0,0,1
0,2937,1,1,0,0,1
0,2952,1,1,0,0,1
0,2954,1,1,0,0,1
0,2960,1,1,0,0,1
0,2961,1,1,0,0,1
0,2971,1,1,0,0,1
0,2984,1,1,0,0,1
0,2987,1,1,0,0,1
0,3005,1,1,0,0,1
0,3015,1,1,0,0,1
0,3018,1,1,0,0,1
0,3019,1,1,0,0,1
0,3035,1,1,0,0,1
0,3058,1,1,0,0,1
0,3067,1,1,0,0,1
0,3085,1,1,0,0,1
0,3087,1,1,0,0,1
0,3088,1,1,0,0,1
0,3107,1,1,0,0,1
0,3114,1,1,0,0,1
0,3124,1,1,0,0,1
0,3138,1,1,0,0,1
0,3144,1,1,0,0,1
0,3160,1,1,0,0,1
0,3169,1,1,0,0,1
0,3174,1,1,0,0,1
0,3193,1,1,0,0,1
0,3212,1,1,0,0,1
0,3230,1,1,0,0,1
0,3232,1,1,0,0,1
0,3265,1,1,0,0,1
0,3279,1,1,0,0,1
0,3283,1,1,0,0,1
0,3291,1,1,0,0,1
0,3303,1,1,0,0,1
0,3320,1,1,0,0,1
0,3324,1,1,0,0,1
0,3333,1,1,0,0,1
0,3351,1,1,0,0,1
0,3375,1,1,0,0,1
0,3376,1,1,0,0,1
0,3410,1,1,0,0,1
0,3424,1,1,0,0,1
0,3428,1,1,0,0,1
0,3437,1,1,0,0,1
0,3463,1,1,0,0,1
0,3540,1,1,0,0,1
0,3546,1,1,0,0,1
0,3554,1,1,0,0,1
0,3556,1,1,0,0,1
0,3583,1,1,0,0,1
0,3592,1,1,0,0,1
0,3594,1,1,0,0,1
0,3623,1,1,0,0,1
0,3631,1,1,0,0,1
0,3650,1,1,0,0,1
0,3672,1,1,0,0,1
0,3704,1,1,0,0,1
0,3734,1,1,0,0,1
0,3739,1,1,0,0,1
0,3742,1,1,0,0,1
0,3759,1,1,0,0,1
0,3768,1,1,0,0,1
0,3796,1,1,0,0,1
0,3804,1,1,0,0,1
0,3813,1,1,0,0,1
0,3823,1,1,0,0,1
0,3826,1,1,0,0,1
0,3831,1,1,0,0,1
0,3840,1,1,0,0,1
0,3868,1,1,0,0,1
0,3873,1,1,0,0,1
0,3887,1,1,0,0,1
0,3905,1,1,0,0,1
0,3907,1,1,0,0,1
0,3912,1,1,0,0,1
0,3915,1,1,0,0,1
0,3934,1,1,0,0,1
0,3946,1,1,0,0,1
0,3967,1,1,0,0,1
0,3989,1,1,0,0,1
0,3992,1,1,0,0,1
0,3996,1,1,0,0,1
0,4059,1,1,0,0,1
0,4063,1,1,0,0,1
0,4081,1,1,0,0,1
0,4089,1,1,0,0,1
0,4104,1,1,0,0,1
0,4109,1,1,0,0,1
0,4112,1,1,0,0,1
0,4118,1,1,0,0,1
0,4121,1,1,0,0,1
0,4131,1,1,0,0,1
0,4157,1,1,0,0,1
0,4177,1,1,0,0,1
0,4181,1,1,0,0,1
0,4194,1,1,0,0,1
0,4203,1,1,0,0,1
0,4228,1,1,0,0,1
0,4245,1,1,0,0,1
0,4246,1,1,0,0,1
0,4261,1,1,0,0,1
0,4282,1,1,0,0,1
0,4291,1,1,0,0,1
0,4296,1,1,0,0,1
0,4310,1,1,0,0,1
0,4327,1,1,0,0,1
0,4333,1,1,0,0,1
0,4343,1,1,0,0,1
0,4344,1,1,0,0,1
0,4353,1,1,0,0,1
0,4364,1,1,0,0,1
0,4369,1,1,0,0,1
0,4391,1,1,0,0,1
0,4392,1,1,0,0,1
0,4425,1,1,0,0,1
0,4441,1,1,0,0,1
0,4448,1,1,0,0,1
0,4462,1,1,0,0,1
0,4475,1,1,0,0,1
0,4496,1,1,0,0,1
0,4502,1,1,0,0,1
0,4542,1,1,0,0,1
0,4562,1,1,0,0,1
0,4566,1,1,0,0,1
0,4571,1,1,0,0,1
0,4605,1,1,0,0,1
0,4621,1,1,0,0,1
0,4626,1,1,0,0,1
0,4630,1,1,0,0,1
0,4637,1,1,0,0,1
0,4656,1,1,0,0,1
0,4672,1,1,0,0,1
0,4676,1,1,0,0,1
0,4691,1,1,0,0,1
0,4704,1,1,0,0,1
0,4746,1,1,0,0,1
0,4747,1,1,0,0,1
0,4814,1,1,0,0,1
0,4825,1,1,0,0,1
0,4837,1,1,0,0,1
0,4839,1,1,0,0,1
0,4856,1,1,0,0,1
0,4867,1,1,0,0,1
0,4873,1,1,0,0,1
0,4879,1,1,0,0,1
0,4909,1,1,0,0,1
0,4953,1,1,0,0,1
0,4961,1,1,0,0,1
0,6,1,1,0,0,2
0,9,1,1,0,0,2
0,18,1,1,0,0,2
0,124,1,1,0,0,2
0,132,1,1,0,0,2
0,143,1,1,0,0,2
0,206,1,1,0,0,2
0,216,1,1,0,0,2
0,223,1,1,0,0,2
0,231,1,1,0,0,2
0,238,1,1,0,0,2
0,288,1,1,0,0,2
0,292,1,1,0,0,2
0,333,1,1,0,0,2
0,342,1,1,0,0,2
0,372,1,1,0,0,2
0,379,1,1,0,0,2
0,390,1,1,0,0,2
0,392,1,1,0,0,2
0,398,1,1,0,0,2
0,408,1,1,0,0,2
0,432,1,1,0,0,2
0,449,1,1,0,0,2
0,452,1,1,0,0,2
0,464,1,1,0,0,2
0,468,1,1,0,0,2
0,472,1,1,0,0,2
0,482,1,1,0,0,2
0,483,1,1,0,0,2
0,515,1,1,0,0,2
0,542,1,1,0,0,2
0,576,1,1,0,0,2
0,579,1,1,0,0,2
0,585,1,1,0,0,2
0,589,1,1,0,0,2
0,635,1,1,0,0,2
0,682,1,1,0,0,2
0,695,1,1,0,0,2
0,696,1,1,0,0,2
0,697,1,1,0,0,2
0,701,1,1,0,0,2
0,703,1,1,0,0,2
0,735,1,1,0,0,2
0,738,1,1,0,0,2
0,759,1,1,0,0,2
0,781,1,1,0,0,2
0,784,1,1,0,0,2
0,801,1,1,0,0,2
0,815,1,1,0,0,2
0,861,1,1,0,0,2
0,867,1,1,0,0,2
0,873,1,1,0,0,2
0,876,1,1,0,0,2
0,910,1,1,0,0,2
0,941,1,1,0,0,2
0,971,1,1,0,0,2
0,986,1,1,0,0,2
0,990,1,1,0,0,2
0,992,1,1,0,0,2
0,1054,1,1,0,0,2
0,1061,1,1,0,0,2
0,1090,1,1,0,0,2
0,1093,1,1,0,0,2
0,1170,1,1,0,0,2
0,1181,1,1,0,0,2
0,1206,1,1,0,0,2
0,1214,1,1,0,0,2
0,1215,1,1,0,0,2
0,1216,1,1,0,0,2
0,1224,1,1,0,0,2
0,1229,1,1,0,0,2
0,1246,1,1,0,0,2
0,1254,1,1,0,0,2
0,1288,1,1,0,0,2
0,1295,1,1,0,0,2
0,1319,1,1,0,0,2
0,1375,1,1,0,0,2
0,1380,1,1,0,0,2
0,1383,1,1,0,0,2
0,1391,1,1,0,0,2
0,1393,1,1,0,0,2
0,1398,1,1,0,0,2
0,1402,1,1,0,0,2
0,1436,1,1,0,0,2
0,1447,1,1,0,0,2
0,1458,1,1,0,0,2
0,1472,1,1,0,0,2
0,1486,1,1,0,0,2
0,1532,1,1,0,0,2
0,1535,1,1,0,0,2
0,1551,1,1,0,0,2
0,1580,1,1,0,0,2
0,1601,1,1,0,0,2
0,1621,1,1,0,0,2
0,1646,1,1,0,0,2
0,1654,1,1,0,0,2
0,1675,1,1,0,0,2
0,1681,1,1,0,0,2
0,1691,1,1,0,0,2
0,1696,1,1,0,0,2
0,1705,1,1,0,0,2
0,1729,1,1,0,0,2
0,1732,1,1,0,0,2
0,1831,1,1,0,0,2
0,1835,1,1,0,0,2
0,1846,1,1,0,0,2
0,1853,1,1,0,0,2
0,1865,1,1,0,0,2
0,1884,1,1,0,0,2
0,1891,1,1,0,0,2
0,1901,1,1,0,0,2
0,1903,1,1,0,0,2
0,1906,1,1,0,0,2
0,1911,1,1,0,0,2
0,1932,1,1,0,0,2
0,1951,1,1,0,0,2
0,2023,1,1,0,0,2
0,2041,1,1,0,0,2
0,2044,1,1,0,0,2
0,2059,1,1,0,0,2
0,2079,1,1,0,0,2
0,2099,1,1,0,0,2
0,2104,1,1,0,0,2
0,2110,1,1,0,0,2
0,2124,1,1,0,0,2
0,2135,1,1,0,0,2
0,2152,1,1,0,0,2
0,2155,1,1,0,0,2
0,2174,1,1,0,0,2
0,2180,1,1,0,0,2
0,2195,1,1,0,0,2
0,2225,1,1,0,0,2
0,2281,1,1,0,0,2
0,2305,1,1,0,0,2
0,2394,1,1,0,0,2
0,2397,1,1,0,0,2
0,2414,1,1,0,0,2
0,2441,1,1,0,0,2
0,2453,1,1,0,0,2
0,2461,1,1,0,0,2
0,2467,1,1,0,0,2
0,2478,1,1,0,0,2
0,2484,1,1,0,0,2
0,2551,1,1,0,0,2
0,2601,1,1,0,0,2
0,2607,1,1,0,0,2
0,2623,1,1,0,0,2
0,2632,1,1,0,0,2
0,2635,1,1,0,0,2
0,2637,1,1,0,0,2
0,2659,1,1,0,0,2
0,2714,1,1,0,0,2
0,2730,1,1,0,0,2
0,2737,1,1,0,0,2
0,2746,1,1,0,0,2
0,2751,1,1,0,0,2
0,2786,1,1,0,0,2
0,2811,1,1,0,0,2
0,2841,1,1,0,0,2
0,2876,1,1,0,0,2
0,2886,1,1,0,0,2
0,2891,1,1,0,0,2
0,2920,1,1,0,0,2
0,2941,1,1,0,0,2
0,2947,1,1,0,0,2
0,2950,1,1,0,0,2
0,2951,1,1,0,0,2
0,2963,1,1,0,0,2
0,2980,1,1,0,0,2
0,2981,1,1,0,0,2
0,3004,1,1,0,0,2
0,3013,1,1,0,0,2
0,3038,1,1,0,0,2
0,3056,1,1,0,0,2
0,3062,1,1,0,0,2
0,3090,1,1,0,0,2
0,3111,1,1,0,0,2
0,3164,1,1,0,0,2
0,3180,1,1,0,0,2
0,3211,1,1,0,0,2
0,3260,1,1,0,0,2
0,3264,1,1,0,0,2
0,3268,1,1,0,0,2
0,3278,1,1,0,0,2
0,3285,1,1,0,0,2
0,3305,1,1,0,0,2
0,3315,1,1,0,0,2
0,3329,1,1,0,0,2
0,3338,1,1,0,0,2
0,3352,1,1,0,0,2
0,3356,1,1,0,0,2
0,3395,1,1,0,0,2
0,3398,1,1,0,0,2
0,3414,1,1,0,0,2
0,3438,1,1,0,0,2
0,3446,1,1,0,0,2
0,3453,1,1,0,0,2
0,3459,1,1,0,0,2
0,3479,1,1,0,0,2
0,3495,1,1,0,0,2
0,3525,1,1,0,0,2
0,3526,1,1,0,0,2
0,3535,1,1,0,0,2
0,3585,1,1,0,0,2
0,3587,1,1,0,0,2
0,3602,1,1,0,0,2
0,3604,1,1,0,0,2
0,3657,1,1,0,0,2
0,3658,1,1,0,0,2
0,3740,1,1,0,0,2
0,3741,1,1,0,0,2
0,3746,1,1,0,0,2
0,3754,1,1,0,0,2
0,3762,1,1,0,0,2
0,3770,1,1,0,0,2
0,3795,1,1,0,0,2
0,3815,1,1,0,0,2
0,3846,1,1,0,0,2
0,3848,1,1,0,0,2
0,3854,1,1,0,0,2
0,3856,1,1,0,0,2
0,3866,1,1,0,0,2
0,3879,1,1,0,0,2
0,3906,1,1,0,0,2
0,3908,1,1,0,0,2
0,3923,1,1,0,0,2
0,3982,1,1,0,0,2
0,4003,1,1,0,0,2
0,4008,1,1,0,0,2
0,4019,1,1,0,0,2
0,4022,1,1,0,0,2
0,4040,1,1,0,0,2
0,4046,1,1,0,0,2
0,4091,1,1,0,0,2
0,4096,1,1,0,0,2
0,4129,1,1,0,0,2
0,4130,1,1,0,0,2
0,4148,1,1,0,0,2
0,4170,1,1,0,0,2
0,4187,1,1,0,0,2
0,4206,1,1,0,0,2
0,4207,1,1,0,0,2
0,4235,1,1,0,0,2
0,4267,1,1,0,0,2
0,4273,1,1,0,0,2
0,4280,1,1,0,0,2
0,4294,1,1,0,0,2
0,4341,1,1,0,0,2
0,4350,1,1,0,0,2
0,4359,1,1,0,0,2
0,4371,1,1,0,0,2
0,4460,1,1,0,0,2
0,4465,1,1,0,0,2
0,4523,1,1,0,0,2
0,4525,1,1,0,0,2
0,4533,1,1,0,0,2
0,4539,1,1,0,0,2
0,4558,1,1,0,0,2
0,4582,1,1,0,0,2
0,4586,1,1,0,0,2
0,4594,1,1,0,0,2
0,4609,1,1,0,0,2
0,4625,1,1,0,0,2
0,4632,1,1,0,0,2
0,4640,1,1,0,0,2
0,4649,1,1,0,0,2
0,4660,1,1,0,0,2
0,4661,1,1,0,0,2
0,4680,1,1,0,0,2
0,4703,1,1,0,0,2
0,4721,1,1,0,0,2
0,4722,1,1,0,0,2
0,4729,1,1,0,0,2
0,4738,1,1,0,0,2
0,4756,1,1,0,0,2
0,4778,1,1,0,0,2
0,4786,1,1,0,0,2
0,4790,1,1,0,0,2
0,4809,1,1,0,0,2
0,4821,1,1,0,0,2
0,4860,1,1,0,0,2
0,4874,1,1,0,0,2
0,4897,1,1,0,0,2
0,4901,1,1,0,0,2
0,4912,1,1,0,0,2
0,4924,1,1,0,0,2
0,4925,1,1,0,0,2
0,4941,1,1,0,0,2
0,49,1,1,0,0,3
0,86,1,1,0,0,3
0,95,1,1,0,0,3
0,102,1,1,0,0,3
0,103,1,1,0,0,3
0,108,1,1,0,0,3
0,141,1,1,0,0,3
0,193,1,1,0,0,3
0,230,1,1,0,0,3
0,240,1,1,0,0,3
0,254,1,1,0,0,3
0,258,1,1,0,0,3
0,272,1,1,0,0,3
0,295,1,1,0,0,3
0,327,1,1,0,0,3
0,338,1,1,0,0,3
0,340,1,1,0,0,3
0,361,1,1,0,0,3
0,377,1,1,0,0,3
0,381,1,1,0,0,3
0,407,1,1,0,0,3
0,412,1,1,0,0,3
0,456,1,1,0,0,3
0,494,1,1,0,0,3
0,501,1,1,0,0,3
0,508,1,1,0,0,3
0,534,1,1,0,0,3
0,540,1,1,0,0,3
0,577,1,1,0,0,3
0,578,1,1,0,0,3
0,590,1,1,0,0,3
0,595,1,1,0,0,3
0,597,1,1,0,0,3
0,599,1,1,0,0,3
0,606,1,1,0,0,3
0,611,1,1,0,0,3
0,627,1,1,0,0,3
0,648,1,1,0,0,3
0,670,1,1,0,0,3
0,678,1,1,0,0,3
0,717,1,1,0,0,3
0,718,1,1,0,0,3
0,747,1,1,0,0,3
0,752,1,1,0,0,3
0,776,1,1,0,0,3
0,805,1,1,0,0,3
0,829,1,1,0,0,3
0,853,1,1,0,0,3
0,871,1,1,0,0,3
0,900,1,1,0,0,3
0,963,1,1,0,0,3
0,969,1,1,0,0,3
0,1029,1,1,0,0,3
0,1042,1,1,0,0,3
0,1047,1,1,0,0,3
0,1068,1,1,0,0,3
0,1079,1,1,0,0,3
0,1100,1,1,0,0,3
0,1106,1,1,0,0,3
0,1134,1,1,0,0,3
0,1145,1,1,0,0,3
0,1182,1,1,0,0,3
0,1219,1,1,0,0,3
0,1261,1,1,0,0,3
0,1263,1,1,0,0,3
0,1282,1,1,0,0,3
0,1317,1,1,0,0,3
0,1341,1,1,0,0,3
0,1425,1,1,0,0,3
0,1446,1,1,0,0,3
0,1448,1,1,0,0,3
0,1456,1,1,0,0,3
0,1457,1,1,0,0,3
0,1498,1,1,0,0,3
0,1504,1,1,0,0,3
0,1509,1,1,0,0,3
0,1515,1,1,0,0,3
0,1526,1,1,0,0,3
0,1529,1,1,0,0,3
0,1573,1,1,0,0,3
0,1582,1,1,0,0,3
0,1587,1,1,0,0,3
0,1616,1,1,0,0,3
0,1640,1,1,0,0,3
0,1642,1,1,0,0,3
0,1651,1,1,0,0,3
0,1698,1,1,0,0,3
0,1749,1,1,0,0,3
0,1807,1,1,0,0,3
0,1825,1,1,0,0,3
0,1833,1,1,0,0,3
0,1840,1,1,0,0,3
0,1843,1,1,0,0,3
0,1847,1,1,0,0,3
0,1856,1,1,0,0,3
0,1861,1,1,0,0,3
0,1869,1,1,0,0,3
0,1875,1,1,0,0,3
0,1880,1,1,0,0,3
0,1899,1,1,0,0,3
0,1913,1,1,0,0,3
0,1952,1,1,0,0,3
0,2040,1,1,0,0,3
0,2052,1,1,0,0,3
0,2056,1,1,0,0,3
0,2065,1,1,0,0,3
0,2069,1,1,0,0,3
0,2101,1,1,0,0,3
0,2113,1,1,0,0,3
0,2126,1,1,0,0,3
0,2134,1,1,0,0,3
0,2175,1,1,0,0,3
0,2179,1,1,0,0,3
0,2207,1,1,0,0,3
0,2208,1,1,0,0,3
0,2238,1,1,0,0,3
0,2251,1,1,0,0,3
0,2282,1,1,0,0,3
0,2287,1,1,0,0,3
0,2295,1,1,0,0,3
0,2335,1,1,0,0,3
0,2344,1,1,0,0,3
0,2361,1,1,0,0,3
0,2388,1,1,0,0,3
0,2409,1,1,0,0,3
0,2420,1,1,0,0,3
0,2448,1,1,0,0,3
0,2466,1,1,0,0,3
0,2513,1,1,0,0,3
0,2531,1,1,0,0,3
0,2575,1,1,0,0,3
0,2613,1,1,0,0,3
0,2624,1,1,0,0,3
0,2652,1,1,0,0,3
0,2678,1,1,0,0,3
0,2689,1,1,0,0,3
0,2690,1,1,0,0,3
0,2718,1,1,0,0,3
0,2721,1,1,0,0,3
0,2745,1,1,0,0,3
0,2793,1,1,0,0,3
0,2830,1,1,0,0,3
0,2837,1,1,0,0,3
0,2843,1,1,0,0,3
0,2872,1,1,0,0,3
0,2873,1,1,0,0,3
0,2875,1,1,0,0,3
0,2877,1,1,0,0,3
0,2901,1,1,0,0,3
0,2909,1,1,0,0,3
0,2925,1,1,0,0,3
0,2939,1,1,0,0,3
0,2949,1,1,0,0,3
0,2991,1,1,0,0,3
0,3025,1,1,0,0,3
0,3033,1,1,0,0,3
0,3037,1,1,0,0,3
0,3049,1,1,0,0,3
0,3060,1,1,0,0,3
0,3075,1,1,0,0,3
0,3089,1,1,0,0,3
0,3110,1,1,0,0,3
0,3210,1,1,0,0,3
0,3213,1,1,0,0,3
0,3216,1,1,0,0,3
0,3237,1,1,0,0,3
0,3330,1,1,0,0,3
0,3332,1,1,0,0,3
0,3348,1,1,0,0,3
0,3358,1,1,0,0,3
0,3422,1,1,0,0,3
0,3441,1,1,0,0,3
0,3457,1,1,0,0,3
0,3480,1,1,0,0,3
0,3513,1,1,0,0,3
0,3570,1,1,0,0,3
0,3588,1,1,0,0,3
0,3615,1,1,0,0,3
0,3668,1,1,0,0,3
0,3690,1,1,0,0,3
0,3705,1,1,0,0,3
0,3711,1,1,0,0,3
0,3720,1,1,0,0,3
0,3760,1,1,0,0,3
0,3799,1,1,0,0,3
0,3820,1,1,0,0,3
0,3824,1,1,0,0,3
0,3834,1,1,0,0,3
0,3855,1,1,0,0,3
0,3880,1,1,0,0,3
0,3889,1,1,0,0,3
0,3896,1,1,0,0,3
0,3898,1,1,0,0,3
0,3909,1,1,0,0,3
0,3945,1,1,0,0,3
0,3984,1,1,0,0,3
0,3993,1,1,0,0,3
0,4029,1,1,0,0,3
0,4035,1,1,0,0,3
0,4039,1,1,0,0,3
0,4067,1,1,0,0,3
0,4076,1,1,0,0,3
0,4101,1,1,0,0,3
0,4113,1,1,0,0,3
0,4114,1,1,0,0,3
0,4117,1,1,0,0,3
0,4125,1,1,0,0,3
0,4138,1,1,0,0,3
0,4156,1,1,0,0,3
0,4184,1,1,0,0,3
0,4191,1,1,0,0,3
0,4238,1,1,0,0,3
0,4243,1,1,0,0,3
0,4253,1,1,0,0,3
0,4274,1,1,0,0,3
0,4305,1,1,0,0,3
0,4307,1,1,0,0,3
0,4311,1,1,0,0,3
0,4326,1,1,0,0,3
0,4334,1,1,0,0,3
0,4352,1,1,0,0,3
0,4375,1,1,0,0,3
0,4379,1,1,0,0,3
0,4383,1,1,0,0,3
0,4394,1,1,0,0,3
0,4398,1,1,0,0,3
0,4399,1,1,0,0,3
0,4404,1,1,0,0,3
0,4437,1,1,0,0,3
0,4457,1,1,0,0,3
0,4477,1,1,0,0,3
0,4509,1,1,0,0,3
0,4510,1,1,0,0,3
0,4572,1,1,0,0,3
0,4623,1,1,0,0,3
0,4693,1,1,0,0,3
0,4708,1,1,0,0,3
0,4740,1,1,0,0,3
0,4767,1,1,0,0,3
0,4800,1,1,0,0,3
0,4810,1,1,0,0,3
0,4866,1,1,0,0,3
0,4913,1,1,0,0,3
0,4914,1,1,0,0,3
0,4965,1,1,0,0,3
0,4978,1,1,0,0,3
0,48,1,1,0,0,4
0,81,1,1,0,0,4
0,85,1,1,0,0,4
0,121,1,1,0,0,4
0,135,1,1,0,0,4
0,161,1,1,0,0,4
0,180,1,1,0,0,4
0,182,1,1,0,0,4
0,194,1,1,0,0,4
0,227,1,1,0,0,4
0,233,1,1,0,0,4
0,235,1,1,0,0,4
0,244,1,1,0,0,4
0,268,1,1,0,0,4
0,284,1,1,0,0,4
0,312,1,1,0,0,4
0,317,1,1,0,0,4
0,332,1,1,0,0,4
0,352,1,1,0,0,4
0,354,1,1,0,0,4
0,364,1,1,0,0,4
0,378,1,1,0,0,4
0,425,1,1,0,0,4
0,480,1,1,0,0,4
0,481,1,1,0,0,4
0,491,1,1,0,0,4
0,535,1,1,0,0,4
0,563,1,1,0,0,4
0,565,1,1,0,0,4
0,582,1,1,0,0,4
0,650,1,1,0,0,4
0,657,1,1,0,0,4
0,661,1,1,0,0,4
0,739,1,1,0,0,4
0,750,1,1,0,0,4
0,778,1,1,0,0,4
0,794,1,1,0,0,4
0,798,1,1,0,0,4
0,810,1,1,0,0,4
0,840,1,1,0,0,4
0,854,1,1,0,0,4
0,909,1,1,0,0,4
0,958,1,1,0,0,4
0,980,1,1,0,0,4
0,1001,1,1,0,0,4
0,1039,1,1,0,0,4
0,1057,1,1,0,0,4
0,1065,1,1,0,0,4
0,1089,1,1,0,0,4
0,1113,1,1,0,0,4
0,1116,1,1,0,0,4
0,1137,1,1,0,0,4
0,1149,1,1,0,0,4
0,1164,1,1,0,0,4
0,1187,1,1,0,0,4
0,1202,1,1,0,0,4
0,1212,1,1,0,0,4
0,1244,1,1,0,0,4
0,1262,1,1,0,0,4
0,1274,1,1,0,0,4
0,1292,1,1,0,0,4
0,1299,1,1,0,0,4
0,1463,1,1,0,0,4
0,1476,1,1,0,0,4
0,1478,1,1,0,0,4
0,1479,1,1,0,0,4
0,1488,1,1,0,0,4
0,1511,1,1,0,0,4
0,1530,1,1,0,0,4
0,1558,1,1,0,0,4
0,1560,1,1,0,0,4
0,1571,1,1,0,0,4
0,1593,1,1,0,0,4
0,1600,1,1,0,0,4
0,1614,1,1,0,0,4
0,1628,1,1,0,0,4
0,1655,1,1,0,0,4
0,1703,1,1,0,0,4
0,1709,1,1,0,0,4
0,1737,1,1,0,0,4
0,1755,1,1,0,0,4
0,1761,1,1,0,0,4
0,1798,1,1,0,0,4
0,1801,1,1,0,0,4
0,1854,1,1,0,0,4
0,1859,1,1,0,0,4
0,1947,1,1,0,0,4
0,1985,1,1,0,0,4
0,1999,1,1,0,0,4
0,2004,1,1,0,0,4
0,2006,1,1,0,0,4
0,2042,1,1,0,0,4
0,2063,1,1,0,0,4
0,2111,1,1,0,0,4
0,2148,1,1,0,0,4
0,2205,1,1,0,0,4
0,2257,1,1,0,0,4
0,2304,1,1,0,0,4
0,2316,1,1,0,0,4
0,2346,1,1,0,0,4
0,2350,1,1,0,0,4
0,2356,1,1,0,0,4
0,2358,1,1,0,0,4
0,2359,1,1,0,0,4
0,2373,1,1,0,0,4
0,2416,1,1,0,0,4
0,2473,1,1,0,0,4
0,2474,1,1,0,0,4
0,2487,1,1,0,0,4
0,2514,1,1,0,0,4
0,2524,1,1,0,0,4
0,2554,1,1,0,0,4
0,2556,1,1,0,0,4
0,2558,1,1,0,0,4
0,2580,1,1,0,0,4
0,2585,1,1,0,0,4
0,2592,1,1,0,0,4
0,2596,1,1,0,0,4
0,2608,1,1,0,0,4
0,2617,1,1,0,0,4
0,2645,1,1,0,0,4
0,2664,1,1,0,0,4
0,2667,1,1,0,0,4
0,2719,1,1,0,0,4
0,2734,1,1,0,0,4
0,2736,1,1,0,0,4
0,2753,1,1,0,0,4
0,2761,1,1,0,0,4
0,2776,1,1,0,0,4
0,2784,1,1,0,0,4
0,2790,1,1,0,0,4
0,2792,1,1,0,0,4
0,2810,1,1,0,0,4
0,2822,1,1,0,0,4
0,2856,1,1,0,0,4
0,2893,1,1,0,0,4
0,2906,1,1,0,0,4
0,2926,1,1,0,0,4
0,2936,1,1,0,0,4
0,2962,1,1,0,0,4
0,2974,1,1,0,0,4
0,3002,1,1,0,0,4
0,3014,1,1,0,0,4
0,3032,1,1,0,0,4
0,3047,1,1,0,0,4
0,3061,1,1,0,0,4
0,3065,1,1,0,0,4
0,3083,1,1,0,0,4
0,3098,1,1,0,0,4
0,3120,1,1,0,0,4
0,3122,1,1,0,0,4
0,3125,1,1,0,0,4
0,3182,1,1,0,0,4
0,3187,1,1,0,0,4
0,3188,1,1,0,0,4
0,3222,1,1,0,0,4
0,3223,1,1,0,0,4
0,3224,1,1,0,0,4
0,3250,1,1,0,0,4
0,3274,1,1,0,0,4
0,3302,1,1,0,0,4
0,3314,1,1,0,0,4
0,3334,1,1,0,0,4
0,3335,1,1,0,0,4
0,3344,1,1,0,0,4
0,3378,1,1,0,0,4
0,3391,1,1,0,0,4
0,3427,1,1,0,0,4
0,3429,1,1,0,0,4
0,3474,1,1,0,0,4
0,3500,1,1,0,0,4
0,3511,1,1,0,0,4
0,3517,1,1,0,0,4
0,3538,1,1,0,0,4
0,3542,1,1,0,0,4
0,3544,1,1,0,0,4
0,3550,1,1,0,0,4
0,3553,1,1,0,0,4
0,3568,1,1,0,0,4
0,3582,1,1,0,0,4
0,3584,1,1,0,0,4
0,3614,1,1,0,0,4
0,3622,1,1,0,0,4
0,3630,1,1,0,0,4
0,3643,1,1,0,0,4
0,3680,1,1,0,0,4
0,3684,1,1,0,0,4
0,3699,1,1,0,0,4
0,3718,1,1,0,0,4
0,3722,1,1,0,0,4
0,3757,1,1,0,0,4
0,3773,1,1,0,0,4
0,3781,1,1,0,0,4
0,3787,1,1,0,0,4
0,3808,1,1,0,0,4
0,3827,1,1,0,0,4
0,3832,1,1,0,0,4
0,3843,1,1,0,0,4
0,3847,1,1,0,0,4
0,3860,1,1,0,0,4
0,3893,1,1,0,0,4
0,3894,1,1,0,0,4
0,3899,1,1,0,0,4
0,3962,1,1,0,0,4
0,3994,1,1,0,0,4
0,4000,1,1,0,0,4
0,4005,1,1,0,0,4
0,4021,1,1,0,0,4
0,4042,1,1,0,0,4
0,4045,1,1,0,0,4
0,4088,1,1,0,0,4
0,4103,1,1,0,0,4
0,4132,1,1,0,0,4
0,4150,1,1,0,0,4
0,4163,1,1,0,0,4
0,4174,1,1,0,0,4
0,4186,1,1,0,0,4
0,4197,1,1,0,0,4
0,4201,1,1,0,0,4
0,4202,1,1,0,0,4
0,4212,1,1,0,0,4
0,4231,1,1,0,0,4
0,4241,1,1,0,0,4
0,4284,1,1,0,0,4
0,4309,1,1,0,0,4
0,4349,1,1,0,0,4
0,4355,1,1,0,0,4
0,4380,1,1,0,0,4
0,4385,1,1,0,0,4
0,4395,1,1,0,0,4
0,4407,1,1,0,0,4
0,4419,1,1,0,0,4
0,4420,1,1,0,0,4
0,4429,1,1,0,0,4
0,4446,1,1,0,0,4
0,4503,1,1,0,0,4
0,4514,1,1,0,0,4
0,4529,1,1,0,0,4
0,4535,1,1,0,0,4
0,4549,1,1,0,0,4
0,4553,1,1,0,0,4
0,4567,1,1,0,0,4
0,4576,1,1,0,0,4
0,4578,1,1,0,0,4
0,4618,1,1,0,0,4
0,4642,1,1,0,0,4
0,4647,1,1,0,0,4
0,4666,1,1,0,0,4
0,4714,1,1,0,0,4
0,4744,1,1,0,0,4
0,4769,1,1,0,0,4
0,4770,1,1,0,0,4
0,4805,1,1,0,0,4
0,4835,1,1,0,0,4
0,4851,1,1,0,0,4
0,4875,1,1,0,0,4
0,4878,1,1,0,0,4
0,4884,1,1,0,0,4
0,4887,1,1,0,0,4
0,4926,1,1,0,0,4
0,4958,1,1,0,0,4
0,4959,1,1,0,0,4
0,4966,1,1,0,0,4
0,4968,1,1,0,0,4
0,4972,1,1,0,0,4
0,4976,1,1,0,0,4
0,4983,1,1,0,0,4
0,4985,1,1,0,0,4
0,4993,1,1,0,0,4
0,4997,1,1,0,0,4
0,14,1,1,0,0,5
0,23,1,1,0,0,5
0,82,1,1,0,0,5
0,111,1,1,0,0,5
0,136,1,1,0,0,5
0,137,1,1,0,0,5
0,164,1,1,0,0,5
0,167,1,1,0,0,5
0,177,1,1,0,0,5
0,185,1,1,0,0,5
0,190,1,1,0,0,5
0,204,1,1,0,0,5
0,205,1,1,0,0,5
0,211,1,1,0,0,5
0,221,1,1,0,0,5
0,274,1,1,0,0,5
0,275,1,1,0,0,5
0,278,1,1,0,0,5
0,281,1,1,0,0,5
0,330,1,1,0,0,5
0,346,1,1,0,0,5
0,359,1,1,0,0,5
0,362,1,1,0,0,5
0,367,1,1,0,0,5
0,371,1,1,0,0,5
0,384,1,1,0,0,5
0,394,1,1,0,0,5
0,415,1,1,0,0,5
0,420,1,1,0,0,5
0,422,1,1,0,0,5
0,436,1,1,0,0,5
0,445,1,1,0,0,5
0,448,1,1,0,0,5
0,466,1,1,0,0,5
0,469,1,1,0,0,5
0,479,1,1,0,0,5
0,488,1,1,0,0,5
0,496,1,1,0,0,5
0,512,1,1,0,0,5
0,517,1,1,0,0,5
0,526,1,1,0,0,5
0,547,1,1,0,0,5
0,617,1,1,0,0,5
0,618,1,1,0,0,5
0,638,1,1,0,0,5
0,644,1,1,0,0,5
0,646,1,1,0,0,5
0,680,1,1,0,0,5
0,685,1,1,0,0,5
0,698,1,1,0,0,5
0,700,1,1,0,0,5
0,715,1,1,0,0,5
0,736,1,1,0,0,5
0,751,1,1,0,0,5
0,792,1,1,0,0,5
0,799,1,1,0,0,5
0,803,1,1,0,0,5
0,819,1,1,0,0,5
0,823,1,1,0,0,5
0,866,1,1,0,0,5
0,875,1,1,0,0,5
0,884,1,1,0,0,5
0,889,1,1,0,0,5
0,895,1,1,0,0,5
0,911,1,1,0,0,5
0,913,1,1,0,0,5
0,915,1,1,0,0,5
0,940,1,1,0,0,5
0,947,1,1,0,0,5
0,953,1,1,0,0,5
0,956,1,1,0,0,5
0,961,1,1,0,0,5
0,995,1,1,0,0,5
0,996,1,1,0,0,5
0,999,1,1,0,0,5
0,1002,1,1,0,0,5
0,1005,1,1,0,0,5
0,1010,1,1,0,0,5
0,1016,1,1,0,0,5
0,1019,1,1,0,0,5
0,1028,1,1,0,0,5
0,1040,1,1,0,0,5
0,1060,1,1,0,0,5
0,1083,1,1,0,0,5
0,1086,1,1,0,0,5
0,1129,1,1,0,0,5
0,1162,1,1,0,0,5
0,1171,1,1,0,0,5
0,1205,1,1,0,0,5
0,1225,1,1,0,0,5
0,1294,1,1,0,0,5
0,1344,1,1,0,0,5
0,1352,1,1,0,0,5
0,1440,1,1,0,0,5
0,1491,1,1,0,0,5
0,1495,1,1,0,0,5
0,1542,1,1,0,0,5
0,1550,1,1,0,0,5
0,1568,1,1,0,0,5
0,1578,1,1,0,0,5
0,1586,1,1,0,0,5
0,1589,1,1,0,0,5
0,1591,1,1,0,0,5
0,1596,1,1,0,0,5
0,1615,1,1,0,0,5
0,1617,1,1,0,0,5
0,1634,1,1,0,0,5
0,1635,1,1,0,0,5
0,1650,1,1,0,0,5
0,1658,1,1,0,0,5
0,1667,1,1,0,0,5
0,1670,1,1,0,0,5
0,1742,1,1,0,0,5
0,1744,1,1,0,0,5
0,1765,1,1,0,0,5
0,1770,1,1,0,0,5
0,1785,1,1,0,0,5
0,1788,1,1,0,0,5
0,1814,1,1,0,0,5
0,1820,1,1,0,0,5
0,1822,1,1,0,0,5
0,1857,1,1,0,0,5
0,1864,1,1,0,0,5
0,1905,1,1,0,0,5
0,1936,1,1,0,0,5
0,1939,1,1,0,0,5
0,1943,1,1,0,0,5
0,1953,1,1,0,0,5
0,1956,1,1,0,0,5
0,1963,1,1,0,0,5
0,1984,1,1,0,0,5
0,1988,1,1,0,0,5
0,2002,1,1,0,0,5
0,2005,1,1,0,0,5
0,2014,1,1,0,0,5
0,2027,1,1,0,0,5
0,2033,1,1,0,0,5
0,2073,1,1,0,0,5
0,2091,1,1,0,0,5
0,2094,1,1,0,0,5
0,2095,1,1,0,0,5
0,2100,1,1,0,0,5
0,2103,1,1,0,0,5
0,2122,1,1,0,0,5
0,2130,1,1,0,0,5
0,2143,1,1,0,0,5
0,2144,1,1,0,0,5
0,2147,1,1,0,0,5
0,2171,1,1,0,0,5
0,2176,1,1,0,0,5
0,2190,1,1,0,0,5
0,2198,1,1,0,0,5
0,2211,1,1,0,0,5
0,2215,1,1,0,0,5
0,2217,1,1,0,0,5
0,2235,1,1,0,0,5
0,2283,1,1,0,0,5
0,2294,1,1,0,0,5
0,2298,1,1,0,0,5
0,2299,1,1,0,0,5
0,2321,1,1,0,0,5
0,2332,1,1,0,0,5
0,2345,1,1,0,0,5
0,2376,1,1,0,0,5
0,2391,1,1,0,0,5
0,2395,1,1,0,0,5
0,2402,1,1,0,0,5
0,2405,1,1,0,0,5
0,2436,1,1,0,0,5
0,2469,1,1,0,0,5
0,2488,1,1,0,0,5
0,2503,1,1,0,0,5
0,2509,1,1,0,0,5
0,2515,1,1,0,0,5
0,2548,1,1,0,0,5
0,2658,1,1,0,0,5
0,2677,1,1,0,0,5
0,2701,1,1,0,0,5
0,2712,1,1,0,0,5
0,2749,1,1,0,0,5
0,2805,1,1,0,0,5
0,2813,1,1,0,0,5
0,2820,1,1,0,0,5
0,2825,1,1,0,0,5
0,2829,1,1,0,0,5
0,2832,1,1,0,0,5
0,2844,1,1,0,0,5
0,2846,1,1,0,0,5
0,2883,1,1,0,0,5
0,2896,1,1,0,0,5
0,2897,1,1,0,0,5
0,2915,1,1,0,0,5
0,2938,1,1,0,0,5
0,2940,1,1,0,0,5
0,2958,1,1,0,0,5
0,2996,1,1,0,0,5
0,3000,1,1,0,0,5
0,3017,1,1,0,0,5
0,3022,1,1,0,0,5
0,3023,1,1,0,0,5
0,3068,1,1,0,0,5
0,3129,1,1,0,0,5
0,3141,1,1,0,0,5
0,3145,1,1,0,0,5
0,3154,1,1,0,0,5
0,3176,1,1,0,0,5
0,3181,1,1,0,0,5
0,3190,1,1,0,0,5
0,3194,1,1,0,0,5
0,3221,1,1,0,0,5
0,3225,1,1,0,0,5
0,3235,1,1,0,0,5
0,3241,1,1,0,0,5
0,3298,1,1,0,0,5
0,3316,1,1,0,0,5
0,3350,1,1,0,0,5
0,3367,1,1,0,0,5
0,3397,1,1,0,0,5
0,3399,1,1,0,0,5
0,3407,1,1,0,0,5
0,3434,1,1,0,0,5
0,3439,1,1,0,0,5
0,3445,1,1,0,0,5
0,3471,1,1,0,0,5
0,3478,1,1,0,0,5
0,3485,1,1,0,0,5
0,3529,1,1,0,0,5
0,3530,1,1,0,0,5
0,3606,1,1,0,0,5
0,3639,1,1,0,0,5
0,3655,1,1,0,0,5
0,3698,1,1,0,0,5
0,3702,1,1,0,0,5
0,3706,1,1,0,0,5
0,3727,1,1,0,0,5
0,3782,1,1,0,0,5
0,3801,1,1,0,0,5
0,3814,1,1,0,0,5
0,3837,1,1,0,0,5
0,3842,1,1,0,0,5
0,3897,1,1,0,0,5
0,3918,1,1,0,0,5
0,3922,1,1,0,0,5
0,3941,1,1,0,0,5
0,3948,1,1,0,0,5
0,3950,1,1,0,0,5
0,3970,1,1,0,0,5
0,3977,1,1,0,0,5
0,4006,1,1,0,0,5
0,4025,1,1,0,0,5
0,4033,1,1,0,0,5
0,4034,1,1,0,0,5
0,4043,1,1,0,0,5
0,4048,1,1,0,0,5
0,4051,1,1,0,0,5
0,4058,1,1,0,0,5
0,4062,1,1,0,0,5
0,4070,1,1,0,0,5
0,4075,1,1,0,0,5
0,4098,1,1,0,0,5
0,4134,1,1,0,0,5
0,4152,1,1,0,0,5
0,4159,1,1,0,0,5
0,4162,1,1,0,0,5
0,4167,1,1,0,0,5
0,4223,1,1,0,0,5
0,4240,1,1,0,0,5
0,4271,1,1,0,0,5
0,4314,1,1,0,0,5
0,4318,1,1,0,0,5
0,4319,1,1,0,0,5
0,4325,1,1,0,0,5
0,4328,1,1,0,0,5
0,4361,1,1,0,0,5
0,4365,1,1,0,0,5
0,4390,1,1,0,0,5
0,4405,1,1,0,0,5
0,4413,1,1,0,0,5
0,4430,1,1,0,0,5
0,4431,1,1,0,0,5
0,4432,1,1,0,0,5
0,4442,1,1,0,0,5
0,4445,1,1,0,0,5
0,4450,1,1,0,0,5
0,4459,1,1,0,0,5
0,4469,1,1,0,0,5
0,4473,1,1,0,0,5
0,4515,1,1,0,0,5
0,4550,1,1,0,0,5
0,4565,1,1,0,0,5
0,4569,1,1,0,0,5
0,4597,1,1,0,0,5
0,4612,1,1,0,0,5
0,4614,1,1,0,0,5
0,4615,1,1,0,0,5
0,4628,1,1,0,0,5
0,4641,1,1,0,0,5
0,4644,1,1,0,0,5
0,4677,1,1,0,0,5
0,4684,1,1,0,0,5
0,4705,1,1,0,0,5
0,4733,1,1,0,0,5
0,4777,1,1,0,0,5
0,4783,1,1,0,0,5
0,4789,1,1,0,0,5
0,4803,1,1,0,0,5
0,4806,1,1,0,0,5
0,4816,1,1,0,0,5
0,4828,1,1,0,0,5
0,4836,1,1,0,0,5
0,4859,1,1,0,0,5
0,4881,1,1,0,0,5
0,4905,1,1,0,0,5
0,4942,1,1,0,0,5
0,4971,1,1,0,0,5
0,32,1,1,0,0,6
0,54,1,1,0,0,6
0,84,1,1,0,0,6
0,100,1,1,0,0,6
0,138,1,1,0,0,6
0,146,1,1,0,0,6
0,163,1,1,0,0,6
0,172,1,1,0,0,6
0,243,1,1,0,0,6
0,246,1,1,0,0,6
0,262,1,1,0,0,6
0,269,1,1,0,0,6
0,283,1,1,0,0,6
0,287,1,1,0,0,6
0,294,1,1,0,0,6
0,318,1,1,0,0,6
0,349,1,1,0,0,6
0,369,1,1,0,0,6
0,401,1,1,0,0,6
0,439,1,1,0,0,6
0,453,1,1,0,0,6
0,465,1,1,0,0,6
0,470,1,1,0,0,6
0,475,1,1,0,0,6
0,536,1,1,0,0,6
0,552,1,1,0,0,6
0,575,1,1,0,0,6
0,647,1,1,0,0,6
0,720,1,1,0,0,6
0,737,1,1,0,0,6
0,762,1,1,0,0,6
0,767,1,1,0,0,6
0,783,1,1,0,0,6
0,790,1,1,0,0,6
0,796,1,1,0,0,6
0,806,1,1,0,0,6
0,816,1,1,0,0,6
0,838,1,1,0,0,6
0,848,1,1,0,0,6
0,850,1,1,0,0,6
0,857,1,1,0,0,6
0,862,1,1,0,0,6
0,865,1,1,0,0,6
0,879,1,1,0,0,6
0,894,1,1,0,0,6
0,928,1,1,0,0,6
0,954,1,1,0,0,6
0,984,1,1,0,0,6
0,991,1,1,0,0,6
0,993,1,1,0,0,6
0,1035,1,1,0,0,6
0,1038,1,1,0,0,6
0,1046,1,1,0,0,6
0,1058,1,1,0,0,6
0,1059,1,1,0,0,6
0,1063,1,1,0,0,6
0,1064,1,1,0,0,6
0,1078,1,1,0,0,6
0,1094,1,1,0,0,6
0,1095,1,1,0,0,6
0,1102,1,1,0,0,6
0,1175,1,1,0,0,6
0,1183,1,1,0,0,6
0,1204,1,1,0,0,6
0,1213,1,1,0,0,6
0,1220,1,1,0,0,6
0,1234,1,1,0,0,6
0,1239,1,1,0,0,6
0,1256,1,1,0,0,6
0,1260,1,1,0,0,6
0,1271,1,1,0,0,6
0,1312,1,1,0,0,6
0,1315,1,1,0,0,6
0,1325,1,1,0,0,6
0,1332,1,1,0,0,6
0,1368,1,1,0,0,6
0,1374,1,1,0,0,6
0,1376,1,1,0,0,6
0,1400,1,1,0,0,6
0,1408,1,1,0,0,6
0,1413,1,1,0,0,6
0,1442,1,1,0,0,6
0,1454,1,1,0,0,6
0,1503,1,1,0,0,6
0,1524,1,1,0,0,6
0,1547,1,1,0,0,6
0,1559,1,1,0,0,6
0,1570,1,1,0,0,6
0,1626,1,1,0,0,6
0,1633,1,1,0,0,6
0,1637,1,1,0,0,6
0,1665,1,1,0,0,6
0,1671,1,1,0,0,6
0,1679,1,1,0,0,6
0,1694,1,1,0,0,6
0,1721,1,1,0,0,6
0,1725,1,1,0,0,6
0,1733,1,1,0,0,6
0,1736,1,1,0,0,6
0,1748,1,1,0,0,6
0,1763,1,1,0,0,6
0,1771,1,1,0,0,6
0,1791,1,1,0,0,6
0,1819,1,1,0,0,6
0,1866,1,1,0,0,6
0,1881,1,1,0,0,6
0,1895,1,1,0,0,6
0,1919,1,1,0,0,6
0,1934,1,1,0,0,6
0,1960,1,1,0,0,6
0,2021,1,1,0,0,6
0,2048,1,1,0,0,6
0,2062,1,1,0,0,6
0,2097,1,1,0,0,6
0,2158,1,1,0,0,6
0,2178,1,1,0,0,6
0,2191,1,1,0,0,6
0,2193,1,1,0,0,6
0,2223,1,1,0,0,6
0,2229,1,1,0,0,6
0,2243,1,1,0,0,6
0,2247,1,1,0,0,6
0,2267,1,1,0,0,6
0,2268,1,1,0,0,6
0,2270,1,1,0,0,6
0,2274,1,1,0,0,6
0,2288,1,1,0,0,6
0,2290,1,1,0,0,6
0,2312,1,1,0,0,6
0,2410,1,1,0,0,6
0,2432,1,1,0,0,6
0,2435,1,1,0,0,6
0,2451,1,1,0,0,6
0,2459,1,1,0,0,6
0,2510,1,1,0,0,6
0,2521,1,1,0,0,6
0,2529,1,1,0,0,6
0,2534,1,1,0,0,6
0,2540,1,1,0,0,6
0,2569,1,1,0,0,6
0,2582,1,1,0,0,6
0,2587,1,1,0,0,6
0,2594,1,1,0,0,6
0,2640,1,1,0,0,6
0,2653,1,1,0,0,6
0,2660,1,1,0,0,6
0,2663,1,1,0,0,6
0,2668,1,1,0,0,6
0,2669,1,1,0,0,6
0,2670,1,1,0,0,6
0,2673,1,1,0,0,6
0,2686,1,1,0,0,6
0,2700,1,1,0,0,6
0,2704,1,1,0,0,6
0,2723,1,1,0,0,6
0,2758,1,1,0,0,6
0,2770,1,1,0,0,6
0,2821,1,1,0,0,6
0,2834,1,1,0,0,6
0,2858,1,1,0,0,6
0,2869,1,1,0,0,6
0,2879,1,1,0,0,6
0,2890,1,1,0,0,6
0,2899,1,1,0,0,6
0,2910,1,1,0,0,6
0,2956,1,1,0,0,6
0,2964,1,1,0,0,6
0,2977,1,1,0,0,6
0,2982,1,1,0,0,6
0,3008,1,1,0,0,6
0,3070,1,1,0,0,6
0,3073,1,1,0,0,6
0,3091,1,1,0,0,6
0,3096,1,1,0,0,6
0,3106,1,1,0,0,6
0,3127,1,1,0,0,6
0,3131,1,1,0,0,6
0,3136,1,1,0,0,6
0,3158,1,1,0,0,6
0,3173,1,1,0,0,6
0,3177,1,1,0,0,6
0,3178,1,1,0,0,6
0,3179,1,1,0,0,6
0,3199,1,1,0,0,6
0,3247,1,1,0,0,6
0,3253,1,1,0,0,6
0,3280,1,1,0,0,6
0,3299,1,1,0,0,6
0,3307,1,1,0,0,6
0,3309,1,1,0,0,6
0,3317,1,1,0,0,6
0,3321,1,1,0,0,6
0,3325,1,1,0,0,6
0,3340,1,1,0,0,6
0,3411,1,1,0,0,6
0,3412,1,1,0,0,6
0,3417,1,1,0,0,6
0,3431,1,1,0,0,6
0,3449,1,1,0,0,6
0,3450,1,1,0,0,6
0,3455,1,1,0,0,6
0,3456,1,1,0,0,6
0,3466,1,1,0,0,6
0,3481,1,1,0,0,6
0,3491,1,1,0,0,6
0,3503,1,1,0,0,6
0,3505,1,1,0,0,6
0,3532,1,1,0,0,6
0,3541,1,1,0,0,6
0,3558,1,1,0,0,6
0,3567,1,1,0,0,6
0,3578,1,1,0,0,6
0,3638,1,1,0,0,6
0,3646,1,1,0,0,6
0,3648,1,1,0,0,6
0,3652,1,1,0,0,6
0,3674,1,1,0,0,6
0,3677,1,1,0,0,6
0,3716,1,1,0,0,6
0,3717,1,1,0,0,6
0,3737,1,1,0,0,6
0,3745,1,1,0,0,6
0,3750,1,1,0,0,6
0,3753,1,1,0,0,6
0,3758,1,1,0,0,6
0,3790,1,1,0,0,6
0,3791,1,1,0,0,6
0,3803,1,1,0,0,6
0,3810,1,1,0,0,6
0,3822,1,1,0,0,6
0,3863,1,1,0,0,6
0,3872,1,1,0,0,6
0,3884,1,1,0,0,6
0,3903,1,1,0,0,6
0,3926,1,1,0,0,6
0,3931,1,1,0,0,6
0,3935,1,1,0,0,6
0,3952,1,1,0,0,6
0,3955,1,1,0,0,6
0,3957,1,1,0,0,6
0,3958,1,1,0,0,6
0,3959,1,1,0,0,6
0,3961,1,1,0,0,6
0,3974,1,1,0,0,6
0,3975,1,1,0,0,6
0,3980,1,1,0,0,6
0,4002,1,1,0,0,6
0,4018,1,1,0,0,6
0,4044,1,1,0,0,6
0,4054,1,1,0,0,6
0,4061,1,1,0,0,6
0,4106,1,1,0,0,6
0,4143,1,1,0,0,6
0,4149,1,1,0,0,6
0,4153,1,1,0,0,6
0,4171,1,1,0,0,6
0,4189,1,1,0,0,6
0,4193,1,1,0,0,6
0,4218,1,1,0,0,6
0,4221,1,1,0,0,6
0,4226,1,1,0,0,6
0,4230,1,1,0,0,6
0,4257,1,1,0,0,6
0,4272,1,1,0,0,6
0,4279,1,1,0,0,6
0,4287,1,1,0,0,6
0,4401,1,1,0,0,6
0,4458,1,1,0,0,6
0,4474,1,1,0,0,6
0,4485,1,1,0,0,6
0,4492,1,1,0,0,6
0,4494,1,1,0,0,6
0,4537,1,1,0,0,6
0,4552,1,1,0,0,6
0,4561,1,1,0,0,6
0,4563,1,1,0,0,6
0,4584,1,1,0,0,6
0,4585,1,1,0,0,6
0,4643,1,1,0,0,6
0,4701,1,1,0,0,6
0,4716,1,1,0,0,6
0,4723,1,1,0,0,6
0,4727,1,1,0,0,6
0,4735,1,1,0,0,6
0,4739,1,1,0,0,6
0,4768,1,1,0,0,6
0,4797,1,1,0,0,6
0,4818,1,1,0,0,6
0,4833,1,1,0,0,6
0,4847,1,1,0,0,6
0,4862,1,1,0,0,6
0,4876,1,1,0,0,6
0,4883,1,1,0,0,6
0,4886,1,1,0,0,6
0,4907,1,1,0,0,6
0,4917,1,1,0,0,6
0,4970,1,1,0,0,6
0,4986,1,1,0,0,6
0,4998,1,1,0,0,6
0,7,1,1,0,0,7
0,35,1,1,0,0,7
0,41,1,1,0,0,7
0,62,1,1,0,0,7
0,65,1,1,0,0,7
0,69,1,1,0,0,7
0,97,1,1,0,0,7
0,101,1,1,0,0,7
0,110,1,1,0,0,7
0,113,1,1,0,0,7
0,115,1,1,0,0,7
0,128,1,1,0,0,7
0,134,1,1,0,0,7
0,169,1,1,0,0,7
0,171,1,1,0,0,7
0,176,1,1,0,0,7
0,198,1,1,0,0,7
0,207,1,1,0,0,7
0,226,1,1,0,0,7
0,228,1,1,0,0,7
0,232,1,1,0,0,7
0,251,1,1,0,0,7
0,267,1,1,0,0,7
0,271,1,1,0,0,7
0,315,1,1,0,0,7
0,321,1,1,0,0,7
0,358,1,1,0,0,7
0,393,1,1,0,0,7
0,419,1,1,0,0,7
0,423,1,1,0,0,7
0,441,1,1,0,0,7
0,473,1,1,0,0,7
0,487,1,1,0,0,7
0,504,1,1,0,0,7
0,525,1,1,0,0,7
0,570,1,1,0,0,7
0,587,1,1,0,0,7
0,588,1,1,0,0,7
0,598,1,1,0,0,7
0,607,1,1,0,0,7
0,613,1,1,0,0,7
0,630,1,1,0,0,7
0,669,1,1,0,0,7
0,675,1,1,0,0,7
0,676,1,1,0,0,7
0,721,1,1,0,0,7
0,730,1,1,0,0,7
0,763,1,1,0,0,7
0,769,1,1,0,0,7
0,782,1,1,0,0,7
0,804,1,1,0,0,7
0,807,1,1,0,0,7
0,844,1,1,0,0,7
0,847,1,1,0,0,7
0,877,1,1,0,0,7
0,882,1,1,0,0,7
0,899,1,1,0,0,7
0,901,1,1,0,0,7
0,903,1,1,0,0,7
0,906,1,1,0,0,7
0,917,1,1,0,0,7
0,918,1,1,0,0,7
0,919,1,1,0,0,7
0,973,1,1,0,0,7
0,1055,1,1,0,0,7
0,1084,1,1,0,0,7
0,1085,1,1,0,0,7
0,1097,1,1,0,0,7
0,1105,1,1,0,0,7
0,1112,1,1,0,0,7
0,1125,1,1,0,0,7
0,1173,1,1,0,0,7
0,1231,1,1,0,0,7
0,1258,1,1,0,0,7
0,1293,1,1,0,0,7
0,1314,1,1,0,0,7
0,1331,1,1,0,0,7
0,1358,1,1,0,0,7
0,1370,1,1,0,0,7
0,1381,1,1,0,0,7
0,1390,1,1,0,0,7
0,1397,1,1,0,0,7
0,1422,1,1,0,0,7
0,1424,1,1,0,0,7
0,1465,1,1,0,0,7
0,1466,1,1,0,0,7
0,1470,1,1,0,0,7
0,1489,1,1,0,0,7
0,1492,1,1,0,0,7
0,1505,1,1,0,0,7
0,1514,1,1,0,0,7
0,1544,1,1,0,0,7
0,1576,1,1,0,0,7
0,1579,1,1,0,0,7
0,1590,1,1,0,0,7
0,1630,1,1,0,0,7
0,1638,1,1,0,0,7
0,1663,1,1,0,0,7
0,1673,1,1,0,0,7
0,1700,1,1,0,0,7
0,1711,1,1,0,0,7
0,1723,1,1,0,0,7
0,1743,1,1,0,0,7
0,1758,1,1,0,0,7
0,1759,1,1,0,0,7
0,1777,1,1,0,0,7
0,1781,1,1,0,0,7
0,1782,1,1,0,0,7
0,1800,1,1,0,0,7
0,1810,1,1,0,0,7
0,1848,1,1,0,0,7
0,1870,1,1,0,0,7
0,1873,1,1,0,0,7
0,1883,1,1,0,0,7
0,1885,1,1,0,0,7
0,1886,1,1,0,0,7
0,1910,1,1,0,0,7
0,1944,1,1,0,0,7
0,1965,1,1,0,0,7
0,1968,1,1,0,0,7
0,1975,1,1,0,0,7
0,1977,1,1,0,0,7
0,2034,1,1,0,0,7
0,2036,1,1,0,0,7
0,2037,1,1,0,0,7
0,2055,1,1,0,0,7
0,2067,1,1,0,0,7
0,2068,1,1,0,0,7
0,2096,1,1,0,0,7
0,2115,1,1,0,0,7
0,2127,1,1,0,0,7
0,2129,1,1,0,0,7
0,2131,1,1,0,0,7
0,2146,1,1,0,0,7
0,2151,1,1,0,0,7
0,2154,1,1,0,0,7
0,2163,1,1,0,0,7
0,2186,1,1,0,0,7
0,2214,1,1,0,0,7
0,2216,1,1,0,0,7
0,2241,1,1,0,0,7
0,2254,1,1,0,0,7
0,2279,1,1,0,0,7
0,2284,1,1,0,0,7
0,2307,1,1,0,0,7
0,2308,1,1,0,0,7
0,2325,1,1,0,0,7
0,2363,1,1,0,0,7
0,2369,1,1,0,0,7
0,2370,1,1,0,0,7
0,2375,1,1,0,0,7
0,2380,1,1,0,0,7
0,2396,1,1,0,0,7
0,2404,1,1,0,0,7
0,2421,1,1,0,0,7
0,2429,1,1,0,0,7
0,2455,1,1,0,0,7
0,2456,1,1,0,0,7
0,2457,1,1,0,0,7
0,2463,1,1,0,0,7
0,2464,1,1,0,0,7
0,2472,1,1,0,0,7
0,2481,1,1,0,0,7
0,2493,1,1,0,0,7
0,2500,1,1,0,0,7
0,2506,1,1,0,0,7
0,2523,1,1,0,0,7
0,2525,1,1,0,0,7
0,2526,1,1,0,0,7
0,2532,1,1,0,0,7
0,2549,1,1,0,0,7
0,2561,1,1,0,0,7
0,2570,1,1,0,0,7
0,2576,1,1,0,0,7
0,2579,1,1,0,0,7
0,2584,1,1,0,0,7
0,2598,1,1,0,0,7
0,2619,1,1,0,0,7
0,2630,1,1,0,0,7
0,2681,1,1,0,0,7
0,2682,1,1,0,0,7
0,2708,1,1,0,0,7
0,2722,1,1,0,0,7
0,2731,1,1,0,0,7
0,2742,1,1,0,0,7
0,2750,1,1,0,0,7
0,2756,1,1,0,0,7
0,2760,1,1,0,0,7
0,2766,1,1,0,0,7
0,2812,1,1,0,0,7
0,2824,1,1,0,0,7
0,2845,1,1,0,0,7
0,2848,1,1,0,0,7
0,2854,1,1,0,0,7
0,2857,1,1,0,0,7
0,2865,1,1,0,0,7
0,2880,1,1,0,0,7
0,2888,1,1,0,0,7
0,2889,1,1,0,0,7
0,2934,1,1,0,0,7
0,2995,1,1,0,0,7
0,3006,1,1,0,0,7
0,3020,1,1,0,0,7
0,3036,1,1,0,0,7
0,3040,1,1,0,0,7
0,3063,1,1,0,0,7
0,3117,1,1,0,0,7
0,3143,1,1,0,0,7
0,3150,1,1,0,0,7
0,3161,1,1,0,0,7
0,3163,1,1,0,0,7
0,3168,1,1,0,0,7
0,3170,1,1,0,0,7
0,3183,1,1,0,0,7
0,3217,1,1,0,0,7
0,3257,1,1,0,0,7
0,3261,1,1,0,0,7
0,3286,1,1,0,0,7
0,3293,1,1,0,0,7
0,3294,1,1,0,0,7
0,3339,1,1,0,0,7
0,3354,1,1,0,0,7
0,3364,1,1,0,0,7
0,3365,1,1,0,0,7
0,3372,1,1,0,0,7
0,3380,1,1,0,0,7
0,3392,1,1,0,0,7
0,3401,1,1,0,0,7
0,3419,1,1,0,0,7
0,3470,1,1,0,0,7
0,3488,1,1,0,0,7
0,3496,1,1,0,0,7
0,3518,1,1,0,0,7
0,3549,1,1,0,0,7
0,3555,1,1,0,0,7
0,3560,1,1,0,0,7
0,3562,1,1,0,0,7
0,3563,1,1,0,0,7
0,3579,1,1,0,0,7
0,3580,1,1,0,0,7
0,3586,1,1,0,0,7
0,3589,1,1,0,0,7
0,3605,1,1,0,0,7
0,3613,1,1,0,0,7
0,3644,1,1,0,0,7
0,3656,1,1,0,0,7
0,3707,1,1,0,0,7
0,3708,1,1,0,0,7
0,3729,1,1,0,0,7
0,3756,1,1,0,0,7
0,3785,1,1,0,0,7
0,3788,1,1,0,0,7
0,3797,1,1,0,0,7
0,3811,1,1,0,0,7
0,3818,1,1,0,0,7
0,3825,1,1,0,0,7
0,3830,1,1,0,0,7
0,3836,1,1,0,0,7
0,3838,1,1,0,0,7
0,3841,1,1,0,0,7
0,3861,1,1,0,0,7
0,3862,1,1,0,0,7
0,3865,1,1,0,0,7
0,3885,1,1,0,0,7
0,3901,1,1,0,0,7
0,3902,1,1,0,0,7
0,3939,1,1,0,0,7
0,3942,1,1,0,0,7
0,3949,1,1,0,0,7
0,3976,1,1,0,0,7
0,3986,1,1,0,0,7
0,3998,1,1,0,0,7
0,4004,1,1,0,0,7
0,4011,1,1,0,0,7
0,4013,1,1,0,0,7
0,4015,1,1,0,0,7
0,4036,1,1,0,0,7
0,4038,1,1,0,0,7
0,4053,1,1,0,0,7
0,4085,1,1,0,0,7
0,4111,1,1,0,0,7
0,4133,1,1,0,0,7
0,4137,1,1,0,0,7
0,4142,1,1,0,0,7
0,4195,1,1,0,0,7
0,4196,1,1,0,0,7
0,4209,1,1,0,0,7
0,4236,1,1,0,0,7
0,4268,1,1,0,0,7
0,4278,1,1,0,0,7
0,4316,1,1,0,0,7
0,4342,1,1,0,0,7
0,4366,1,1,0,0,7
0,4377,1,1,0,0,7
0,4382,1,1,0,0,7
0,4406,1,1,0,0,7
0,4415,1,1,0,0,7
0,4439,1,1,0,0,7
0,4478,1,1,0,0,7
0,4511,1,1,0,0,7
0,4512,1,1,0,0,7
0,4517,1,1,0,0,7
0,4519,1,1,0,0,7
0,4531,1,1,0,0,7
0,4543,1,1,0,0,7
0,4570,1,1,0,0,7
0,4580,1,1,0,0,7
0,4610,1,1,0,0,7
0,4616,1,1,0,0,7
0,4617,1,1,0,0,7
0,4624,1,1,0,0,7
0,4631,1,1,0,0,7
0,4636,1,1,0,0,7
0,4650,1,1,0,0,7
0,4667,1,1,0,0,7
0,4689,1,1,0,0,7
0,4692,1,1,0,0,7
0,4695,1,1,0,0,7
0,4719,1,1,0,0,7
0,4736,1,1,0,0,7
0,4753,1,1,0,0,7
0,4758,1,1,0,0,7
0,4775,1,1,0,0,7
0,4812,1,1,0,0,7
0,4815,1,1,0,0,7
0,4822,1,1,0,0,7
0,4830,1,1,0,0,7
0,4850,1,1,0,0,7
0,4853,1,1,0,0,7
0,4889,1,1,0,0,7
0,4906,1,1,0,0,7
0,4977,1,1,0,0,7
0,4988,1,1,0,0,7
0,10,1,1,0,0,8
0,11,1,1,0,0,8
0,17,1,1,0,0,8
0,29,1,1,0,0,8
0,55,1,1,0,0,8
0,77,1,1,0,0,8
0,158,1,1,0,0,8
0,188,1,1,0,0,8
0,208,1,1,0,0,8
0,255,1,1,0,0,8
0,313,1,1,0,0,8
0,329,1,1,0,0,8
0,351,1,1,0,0,8
0,417,1,1,0,0,8
0,424,1,1,0,0,8
0,430,1,1,0,0,8
0,446,1,1,0,0,8
0,450,1,1,0,0,8
0,484,1,1,0,0,8
0,485,1,1,0,0,8
0,490,1,1,0,0,8
0,507,1,1,0,0,8
0,511,1,1,0,0,8
0,520,1,1,0,0,8
0,556,1,1,0,0,8
0,568,1,1,0,0,8
0,572,1,1,0,0,8
0,591,1,1,0,0,8
0,612,1,1,0,0,8
0,614,1,1,0,0,8
0,615,1,1,0,0,8
0,645,1,1,0,0,8
0,653,1,1,0,0,8
0,663,1,1,0,0,8
0,673,1,1,0,0,8
0,686,1,1,0,0,8
0,707,1,1,0,0,8
0,711,1,1,0,0,8
0,726,1,1,0,0,8
0,732,1,1,0,0,8
0,741,1,1,0,0,8
0,765,1,1,0,0,8
0,797,1,1,0,0,8
0,814,1,1,0,0,8
0,818,1,1,0,0,8
0,835,1,1,0,0,8
0,843,1,1,0,0,8
0,872,1,1,0,0,8
0,874,1,1,0,0,8
0,878,1,1,0,0,8
0,890,1,1,0,0,8
0,924,1,1,0,0,8
0,926,1,1,0,0,8
0,945,1,1,0,0,8
0,952,1,1,0,0,8
0,1067,1,1,0,0,8
0,1109,1,1,0,0,8
0,1114,1,1,0,0,8
0,1127,1,1,0,0,8
0,1156,1,1,0,0,8
0,1158,1,1,0,0,8
0,1167,1,1,0,0,8
0,1172,1,1,0,0,8
0,1218,1,1,0,0,8
0,1255,1,1,0,0,8
0,1265,1,1,0,0,8
0,1269,1,1,0,0,8
0,1284,1,1,0,0,8
0,1321,1,1,0,0,8
0,1335,1,1,0,0,8
0,1336,1,1,0,0,8
0,1339,1,1,0,0,8
0,1350,1,1,0,0,8
0,1362,1,1,0,0,8
0,1392,1,1,0,0,8
0,1396,1,1,0,0,8
0,1403,1,1,0,0,8
0,1414,1,1,0,0,8
0,1444,1,1,0,0,8
0,1460,1,1,0,0,8
0,1481,1,1,0,0,8
0,1533,1,1,0,0,8
0,1534,1,1,0,0,8
0,1537,1,1,0,0,8
0,1543,1,1,0,0,8
0,1565,1,1,0,0,8
0,1727,1,1,0,0,8
0,1747,1,1,0,0,8
0,1767,1,1,0,0,8
0,1773,1,1,0,0,8
0,1775,1,1,0,0,8
0,1787,1,1,0,0,8
0,1797,1,1,0,0,8
0,1842,1,1,0,0,8
0,1877,1,1,0,0,8
0,1914,1,1,0,0,8
0,1941,1,1,0,0,8
0,1955,1,1,0,0,8
0,1957,1,1,0,0,8
0,1994,1,1,0,0,8
0,2008,1,1,0,0,8
0,2028,1,1,0,0,8
0,2030,1,1,0,0,8
0,2039,1,1,0,0,8
0,2043,1,1,0,0,8
0,2066,1,1,0,0,8
0,2071,1,1,0,0,8
0,2074,1,1,0,0,8
0,2084,1,1,0,0,8
0,2090,1,1,0,0,8
0,2121,1,1,0,0,8
0,2173,1,1,0,0,8
0,2200,1,1,0,0,8
0,2227,1,1,0,0,8
0,2250,1,1,0,0,8
0,2285,1,1,0,0,8
0,2322,1,1,0,0,8
0,2330,1,1,0,0,8
0,2374,1,1,0,0,8
0,2384,1,1,0,0,8
0,2386,1,1,0,0,8
0,2399,1,1,0,0,8
0,2427,1,1,0,0,8
0,2440,1,1,0,0,8
0,2505,1,1,0,0,8
0,2512,1,1,0,0,8
0,2520,1,1,0,0,8
0,2527,1,1,0,0,8
0,2535,1,1,0,0,8
0,2591,1,1,0,0,8
0,2597,1,1,0,0,8
0,2602,1,1,0,0,8
0,2625,1,1,0,0,8
0,2628,1,1,0,0,8
0,2683,1,1,0,0,8
0,2688,1,1,0,0,8
0,2705,1,1,0,0,8
0,2711,1,1,0,0,8
0,2728,1,1,0,0,8
0,2732,1,1,0,0,8
0,2799,1,1,0,0,8
0,2807,1,1,0,0,8
0,2864,1,1,0,0,8
0,2942,1,1,0,0,8
0,2967,1,1,0,0,8
0,2968,1,1,0,0,8
0,2975,1,1,0,0,8
0,2985,1,1,0,0,8
0,3007,1,1,0,0,8
0,3009,1,1,0,0,8
0,3082,1,1,0,0,8
0,3099,1,1,0,0,8
0,3108,1,1,0,0,8
0,3137,1,1,0,0,8
0,3146,1,1,0,0,8
0,3148,1,1,0,0,8
0,3166,1,1,0,0,8
0,3195,1,1,0,0,8
0,3231,1,1,0,0,8
0,3258,1,1,0,0,8
0,3262,1,1,0,0,8
0,3263,1,1,0,0,8
0,3266,1,1,0,0,8
0,3306,1,1,0,0,8
0,3310,1,1,0,0,8
0,3366,1,1,0,0,8
0,3461,1,1,0,0,8
0,3469,1,1,0,0,8
0,3477,1,1,0,0,8
0,3492,1,1,0,0,8
0,3512,1,1,0,0,8
0,3534,1,1,0,0,8
0,3543,1,1,0,0,8
0,3569,1,1,0,0,8
0,3574,1,1,0,0,8
0,3596,1,1,0,0,8
0,3597,1,1,0,0,8
0,3621,1,1,0,0,8
0,3651,1,1,0,0,8
0,3659,1,1,0,0,8
0,3660,1,1,0,0,8
0,3664,1,1,0,0,8
0,3671,1,1,0,0,8
0,3673,1,1,0,0,8
0,3744,1,1,0,0,8
0,3767,1,1,0,0,8
0,3779,1,1,0,0,8
0,3794,1,1,0,0,8
0,3816,1,1,0,0,8
0,3871,1,1,0,0,8
0,3892,1,1,0,0,8
0,3916,1,1,0,0,8
0,3937,1,1,0,0,8
0,3944,1,1,0,0,8
0,4032,1,1,0,0,8
0,4037,1,1,0,0,8
0,4047,1,1,0,0,8
0,4093,1,1,0,0,8
0,4099,1,1,0,0,8
0,4116,1,1,0,0,8
0,4127,1,1,0,0,8
0,4136,1,1,0,0,8
0,4141,1,1,0,0,8
0,4144,1,1,0,0,8
0,4154,1,1,0,0,8
0,4160,1,1,0,0,8
0,4190,1,1,0,0,8
0,4215,1,1,0,0,8
0,4216,1,1,0,0,8
0,4249,1,1,0,0,8
0,4259,1,1,0,0,8
0,4260,1,1,0,0,8
0,4264,1,1,0,0,8
0,4290,1,1,0,0,8
0,4292,1,1,0,0,8
0,4323,1,1,0,0,8
0,4345,1,1,0,0,8
0,4378,1,1,0,0,8
0,4414,1,1,0,0,8
0,4428,1,1,0,0,8
0,4434,1,1,0,0,8
0,4452,1,1,0,0,8
0,4453,1,1,0,0,8
0,4486,1,1,0,0,8
0,4521,1,1,0,0,8
0,4536,1,1,0,0,8
0,4557,1,1,0,0,8
0,4579,1,1,0,0,8
0,4588,1,1,0,0,8
0,4590,1,1,0,0,8
0,4611,1,1,0,0,8
0,4645,1,1,0,0,8
0,4653,1,1,0,0,8
0,4663,1,1,0,0,8
0,4664,1,1,0,0,8
0,4675,1,1,0,0,8
0,4678,1,1,0,0,8
0,4683,1,1,0,0,8
0,4686,1,1,0,0,8
0,4706,1,1,0,0,8
0,4707,1,1,0,0,8
0,4772,1,1,0,0,8
0,4795,1,1,0,0,8
0,4807,1,1,0,0,8
0,4829,1,1,0,0,8
0,4849,1,1,0,0,8
0,4865,1,1,0,0,8
0,4868,1,1,0,0,8
0,4928,1,1,0,0,8
0,4944,1,1,0,0,8
0,4955,1,1,0,0,8
0,4962,1,1,0,0,8
0,4990,1,1,0,0,8
0,4996,1,1,0,0,8
0,4999,1,1,0,0,8
0,1,1,1,0,0,9
0,13,1,1,0,0,9
0,47,1,1,0,0,9
0,50,1,1,0,0,9
0,78,1,1,0,0,9
0,107,1,1,0,0,9
0,109,1,1,0,0,9
0,114,1,1,0,0,9
0,139,1,1,0,0,9
0,148,1,1,0,0,9
0,153,1,1,0,0,9
0,166,1,1,0,0,9
0,175,1,1,0,0,9
0,197,1,1,0,0,9
0,203,1,1,0,0,9
0,250,1,1,0,0,9
0,265,1,1,0,0,9
0,299,1,1,0,0,9
0,341,1,1,0,0,9
0,380,1,1,0,0,9
0,391,1,1,0,0,9
0,406,1,1,0,0,9
0,428,1,1,0,0,9
0,437,1,1,0,0,9
0,440,1,1,0,0,9
0,454,1,1,0,0,9
0,461,1,1,0,0,9
0,476,1,1,0,0,9
0,477,1,1,0,0,9
0,492,1,1,0,0,9
0,545,1,1,0,0,9
0,548,1,1,0,0,9
0,553,1,1,0,0,9
0,567,1,1,0,0,9
0,626,1,1,0,0,9
0,652,1,1,0,0,9
0,693,1,1,0,0,9
0,705,1,1,0,0,9
0,706,1,1,0,0,9
0,709,1,1,0,0,9
0,725,1,1,0,0,9
0,729,1,1,0,0,9
0,733,1,1,0,0,9
0,787,1,1,0,0,9
0,791,1,1,0,0,9
0,817,1,1,0,0,9
0,831,1,1,0,0,9
0,849,1,1,0,0,9
0,858,1,1,0,0,9
0,864,1,1,0,0,9
0,898,1,1,0,0,9
0,907,1,1,0,0,9
0,938,1,1,0,0,9
0,959,1,1,0,0,9
0,962,1,1,0,0,9
0,1006,1,1,0,0,9
0,1013,1,1,0,0,9
0,1033,1,1,0,0,9
0,1049,1,1,0,0,9
0,1077,1,1,0,0,9
0,1132,1,1,0,0,9
0,1135,1,1,0,0,9
0,1153,1,1,0,0,9
0,1198,1,1,0,0,9
0,1199,1,1,0,0,9
0,1200,1,1,0,0,9
0,1232,1,1,0,0,9
0,1235,1,1,0,0,9
0,1250,1,1,0,0,9
0,1289,1,1,0,0,9
0,1297,1,1,0,0,9
0,1305,1,1,0,0,9
0,1337,1,1,0,0,9
0,1345,1,1,0,0,9
0,1357,1,1,0,0,9
0,1372,1,1,0,0,9
0,1384,1,1,0,0,9
0,1427,1,1,0,0,9
0,1437,1,1,0,0,9
0,1439,1,1,0,0,9
0,1443,1,1,0,0,9
0,1449,1,1,0,0,9
0,1469,1,1,0,0,9
0,1525,1,1,0,0,9
0,1528,1,1,0,0,9
0,1562,1,1,0,0,9
0,1566,1,1,0,0,9
0,1574,1,1,0,0,9
0,1625,1,1,0,0,9
0,1639,1,1,0,0,9
0,1644,1,1,0,0,9
0,1686,1,1,0,0,9
0,1695,1,1,0,0,9
0,1713,1,1,0,0,9
0,1717,1,1,0,0,9
0,1728,1,1,0,0,9
0,1750,1,1,0,0,9
0,1764,1,1,0,0,9
0,1802,1,1,0,0,9
0,1813,1,1,0,0,9
0,1826,1,1,0,0,9
0,1828,1,1,0,0,9
0,1850,1,1,0,0,9
0,1950,1,1,0,0,9
0,1958,1,1,0,0,9
0,1976,1,1,0,0,9
0,1978,1,1,0,0,9
0,1997,1,1,0,0,9
0,2012,1,1,0,0,9
0,2018,1,1,0,0,9
0,2051,1,1,0,0,9
0,2054,1,1,0,0,9
0,2072,1,1,0,0,9
0,2114,1,1,0,0,9
0,2116,1,1,0,0,9
0,2132,1,1,0,0,9
0,2136,1,1,0,0,9
0,2145,1,1,0,0,9
0,2156,1,1,0,0,9
0,2204,1,1,0,0,9
0,2255,1,1,0,0,9
0,2262,1,1,0,0,9
0,2263,1,1,0,0,9
0,2264,1,1,0,0,9
0,2265,1,1,0,0,9
0,2266,1,1,0,0,9
0,2275,1,1,0,0,9
0,2278,1,1,0,0,9
0,2311,1,1,0,0,9
0,2331,1,1,0,0,9
0,2360,1,1,0,0,9
0,2383,1,1,0,0,9
0,2398,1,1,0,0,9
0,2400,1,1,0,0,9
0,2407,1,1,0,0,9
0,2422,1,1,0,0,9
0,2444,1,1,0,0,9
0,2460,1,1,0,0,9
0,2539,1,1,0,0,9
0,2542,1,1,0,0,9
0,2565,1,1,0,0,9
0,2583,1,1,0,0,9
0,2631,1,1,0,0,9
0,2633,1,1,0,0,9
0,2655,1,1,0,0,9
0,2657,1,1,0,0,9
0,2698,1,1,0,0,9
0,2713,1,1,0,0,9
0,2716,1,1,0,0,9
0,2720,1,1,0,0,9
0,2744,1,1,0,0,9
0,2765,1,1,0,0,9
0,2783,1,1,0,0,9
0,2789,1,1,0,0,9
0,2801,1,1,0,0,9
0,2816,1,1,0,0,9
0,2882,1,1,0,0,9
0,2935,1,1,0,0,9
0,2945,1,1,0,0,9
0,2976,1,1,0,0,9
0,3001,1,1,0,0,9
0,3034,1,1,0,0,9
0,3059,1,1,0,0,9
0,3084,1,1,0,0,9
0,3092,1,1,0,0,9
0,3116,1,1,0,0,9
0,3135,1,1,0,0,9
0,3151,1,1,0,0,9
0,3152,1,1,0,0,9
0,3167,1,1,0,0,9
0,3201,1,1,0,0,9
0,3215,1,1,0,0,9
0,3229,1,1,0,0,9
0,3242,1,1,0,0,9
0,3259,1,1,0,0,9
0,3301,1,1,0,0,9
0,3308,1,1,0,0,9
0,3343,1,1,0,0,9
0,3353,1,1,0,0,9
0,3368,1,1,0,0,9
0,3370,1,1,0,0,9
0,3389,1,1,0,0,9
0,3396,1,1,0,0,9
0,3400,1,1,0,0,9
0,3430,1,1,0,0,9
0,3432,1,1,0,0,9
0,3476,1,1,0,0,9
0,3483,1,1,0,0,9
0,3490,1,1,0,0,9
0,3522,1,1,0,0,9
0,3523,1,1,0,0,9
0,3524,1,1,0,0,9
0,3548,1,1,0,0,9
0,3566,1,1,0,0,9
0,3603,1,1,0,0,9
0,3610,1,1,0,0,9
0,3616,1,1,0,0,9
0,3625,1,1,0,0,9
0,3636,1,1,0,0,9
0,3637,1,1,0,0,9
0,3649,1,1,0,0,9
0,3679,1,1,0,0,9
0,3682,1,1,0,0,9
0,3693,1,1,0,0,9
0,3700,1,1,0,0,9
0,3719,1,1,0,0,9
0,3730,1,1,0,0,9
0,3755,1,1,0,0,9
0,3771,1,1,0,0,9
0,3812,1,1,0,0,9
0,3849,1,1,0,0,9
0,3850,1,1,0,0,9
0,3857,1,1,0,0,9
0,3859,1,1,0,0,9
0,3876,1,1,0,0,9
0,3910,1,1,0,0,9
0,3913,1,1,0,0,9
0,3930,1,1,0,0,9
0,3956,1,1,0,0,9
0,3990,1,1,0,0,9
0,4055,1,1,0,0,9
0,4087,1,1,0,0,9
0,4102,1,1,0,0,9
0,4107,1,1,0,0,9
0,4182,1,1,0,0,9
0,4183,1,1,0,0,9
0,4205,1,1,0,0,9
0,4220,1,1,0,0,9
0,4247,1,1,0,0,9
0,4297,1,1,0,0,9
0,4303,1,1,0,0,9
0,4304,1,1,0,0,9
0,4329,1,1,0,0,9
0,4357,1,1,0,0,9
0,4373,1,1,0,0,9
0,4387,1,1,0,0,9
0,4410,1,1,0,0,9
0,4416,1,1,0,0,9
0,4418,1,1,0,0,9
0,4427,1,1,0,0,9
0,4463,1,1,0,0,9
0,4464,1,1,0,0,9
0,4467,1,1,0,0,9
0,4468,1,1,0,0,9
0,4470,1,1,0,0,9
0,4483,1,1,0,0,9
0,4500,1,1,0,0,9
0,4501,1,1,0,0,9
0,4524,1,1,0,0,9
0,4526,1,1,0,0,9
0,4534,1,1,0,0,9
0,4540,1,1,0,0,9
0,4568,1,1,0,0,9
0,4577,1,1,0,0,9
0,4591,1,1,0,0,9
0,4606,1,1,0,0,9
0,4607,1,1,0,0,9
0,4654,1,1,0,0,9
0,4659,1,1,0,0,9
0,4709,1,1,0,0,9
0,4717,1,1,0,0,9
0,4745,1,1,0,0,9
0,4780,1,1,0,0,9
0,4804,1,1,0,0,9
0,4824,1,1,0,0,9
0,4843,1,1,0,0,9
0,4863,1,1,0,0,9
0,4877,1,1,0,0,9
0,4885,1,1,0,0,9
0,4888,1,1,0,0,9
0,4895,1,1,0,0,9
0,4902,1,1,0,0,9
0,4915,1,1,0,0,9
0,4922,1,1,0,0,9
0,4929,1,1,0,0,9
0,4931,1,1,0,0,9
0,4935,1,1,0,0,9
0,4960,1,1,0,0,9
0,4991,1,1,0,0,9
0,27,1,1,0,0,10
0,36,1,1,0,0,10
0,40,1,1,0,0,10
0,42,1,1,0,0,10
0,51,1,1,0,0,10
0,89,1,1,0,0,10
0,93,1,1,0,0,10
0,94,1,1,0,0,10
0,133,1,1,0,0,10
0,145,1,1,0,0,10
0,157,1,1,0,0,10
0,162,1,1,0,0,10
0,165,1,1,0,0,10
0,178,1,1,0,0,10
0,181,1,1,0,0,10
0,209,1,1,0,0,10
0,220,1,1,0,0,10
0,234,1,1,0,0,10
0,237,1,1,0,0,10
0,261,1,1,0,0,10
0,273,1,1,0,0,10
0,297,1,1,0,0,10
0,305,1,1,0,0,10
0,323,1,1,0,0,10
0,335,1,1,0,0,10
0,348,1,1,0,0,10
0,370,1,1,0,0,10
0,388,1,1,0,0,10
0,396,1,1,0,0,10
0,405,1,1,0,0,10
0,418,1,1,0,0,10
0,429,1,1,0,0,10
0,447,1,1,0,0,10
0,459,1,1,0,0,10
0,497,1,1,0,0,10
0,518,1,1,0,0,10
0,521,1,1,0,0,10
0,522,1,1,0,0,10
0,544,1,1,0,0,10
0,604,1,1,0,0,10
0,616,1,1,0,0,10
0,640,1,1,0,0,10
0,643,1,1,0,0,10
0,659,1,1,0,0,10
0,660,1,1,0,0,10
0,672,1,1,0,0,10
0,689,1,1,0,0,10
0,690,1,1,0,0,10
0,691,1,1,0,0,10
0,692,1,1,0,0,10
0,713,1,1,0,0,10
0,748,1,1,0,0,10
0,766,1,1,0,0,10
0,775,1,1,0,0,10
0,908,1,1,0,0,10
0,936,1,1,0,0,10
0,950,1,1,0,0,10
0,976,1,1,0,0,10
0,998,1,1,0,0,10
0,1024,1,1,0,0,10
0,1025,1,1,0,0,10
0,1030,1,1,0,0,10
0,1041,1,1,0,0,10
0,1080,1,1,0,0,10
0,1081,1,1,0,0,10
0,1101,1,1,0,0,10
0,1110,1,1,0,0,10
0,1128,1,1,0,0,10
0,1130,1,1,0,0,10
0,1160,1,1,0,0,10
0,1174,1,1,0,0,10
0,1177,1,1,0,0,10
0,1186,1,1,0,0,10
0,1193,1,1,0,0,10
0,1237,1,1,0,0,10
0,1240,1,1,0,0,10
0,1242,1,1,0,0,10
0,1270,1,1,0,0,10
0,1275,1,1,0,0,10
0,1286,1,1,0,0,10
0,1296,1,1,0,0,10
0,1333,1,1,0,0,10
0,1359,1,1,0,0,10
0,1360,1,1,0,0,10
0,1361,1,1,0,0,10
0,1363,1,1,0,0,10
0,1364,1,1,0,0,10
0,1387,1,1,0,0,10
0,1389,1,1,0,0,10
0,1405,1,1,0,0,10
0,1455,1,1,0,0,10
0,1477,1,1,0,0,10
0,1483,1,1,0,0,10
0,1497,1,1,0,0,10
0,1506,1,1,0,0,10
0,1512,1,1,0,0,10
0,1541,1,1,0,0,10
0,1567,1,1,0,0,10
0,1598,1,1,0,0,10
0,1613,1,1,0,0,10
0,1623,1,1,0,0,10
0,1672,1,1,0,0,10
0,1699,1,1,0,0,10
0,1706,1,1,0,0,10
0,1776,1,1,0,0,10
0,1789,1,1,0,0,10
0,1803,1,1,0,0,10
0,1804,1,1,0,0,10
0,1805,1,1,0,0,10
0,1849,1,1,0,0,10
0,1863,1,1,0,0,10
0,1872,1,1,0,0,10
0,1892,1,1,0,0,10
0,1898,1,1,0,0,10
0,1907,1,1,0,0,10
0,1928,1,1,0,0,10
0,1937,1,1,0,0,10
0,1945,1,1,0,0,10
0,1948,1,1,0,0,10
0,1971,1,1,0,0,10
0,2016,1,1,0,0,10
0,2032,1,1,0,0,10
0,2047,1,1,0,0,10
0,2085,1,1,0,0,10
0,2150,1,1,0,0,10
0,2167,1,1,0,0,10
0,2177,1,1,0,0,10
0,2197,1,1,0,0,10
0,2201,1,1,0,0,10
0,2228,1,1,0,0,10
0,2232,1,1,0,0,10
0,2239,1,1,0,0,10
0,2292,1,1,0,0,10
0,2296,1,1,0,0,10
0,2326,1,1,0,0,10
0,2364,1,1,0,0,10
0,2366,1,1,0,0,10
0,2385,1,1,0,0,10
0,2406,1,1,0,0,10
0,2415,1,1,0,0,10
0,2426,1,1,0,0,10
0,2450,1,1,0,0,10
0,2475,1,1,0,0,10
0,2499,1,1,0,0,10
0,2577,1,1,0,0,10
0,2615,1,1,0,0,10
0,2651,1,1,0,0,10
0,2666,1,1,0,0,10
0,2675,1,1,0,0,10
0,2676,1,1,0,0,10
0,2694,1,1,0,0,10
0,2696,1,1,0,0,10
0,2729,1,1,0,0,10
0,2754,1,1,0,0,10
0,2755,1,1,0,0,10
0,2768,1,1,0,0,10
0,2774,1,1,0,0,10
0,2788,1,1,0,0,10
0,2827,1,1,0,0,10
0,2835,1,1,0,0,10
0,2842,1,1,0,0,10
0,2847,1,1,0,0,10
0,2861,1,1,0,0,10
0,2870,1,1,0,0,10
0,2871,1,1,0,0,10
0,2878,1,1,0,0,10
0,2885,1,1,0,0,10
0,2892,1,1,0,0,10
0,2894,1,1,0,0,10
0,2912,1,1,0,0,10
0,2914,1,1,0,0,10
0,2919,1,1,0,0,10
0,2923,1,1,0,0,10
0,2933,1,1,0,0,10
0,2946,1,1,0,0,10
0,2969,1,1,0,0,10
0,2986,1,1,0,0,10
0,3016,1,1,0,0,10
0,3024,1,1,0,0,10
0,3041,1,1,0,0,10
0,3097,1,1,0,0,10
0,3112,1,1,0,0,10
0,3119,1,1,0,0,10
0,3157,1,1,0,0,10
0,3162,1,1,0,0,10
0,3185,1,1,0,0,10
0,3214,1,1,0,0,10
0,3219,1,1,0,0,10
0,3228,1,1,0,0,10
0,3246,1,1,0,0,10
0,3313,1,1,0,0,10
0,3319,1,1,0,0,10
0,3326,1,1,0,0,10
0,3373,1,1,0,0,10
0,3374,1,1,0,0,10
0,3382,1,1,0,0,10
0,3384,1,1,0,0,10
0,3404,1,1,0,0,10
0,3423,1,1,0,0,10
0,3501,1,1,0,0,10
0,3510,1,1,0,0,10
0,3515,1,1,0,0,10
0,3528,1,1,0,0,10
0,3531,1,1,0,0,10
0,3547,1,1,0,0,10
0,3564,1,1,0,0,10
0,3591,1,1,0,0,10
0,3600,1,1,0,0,10
0,3601,1,1,0,0,10
0,3609,1,1,0,0,10
0,3612,1,1,0,0,10
0,3618,1,1,0,0,10
0,3628,1,1,0,0,10
0,3629,1,1,0,0,10
0,3632,1,1,0,0,10
0,3640,1,1,0,0,10
0,3641,1,1,0,0,10
0,3675,1,1,0,0,10
0,3678,1,1,0,0,10
0,3688,1,1,0,0,10
0,3694,1,1,0,0,10
0,3712,1,1,0,0,10
0,3721,1,1,0,0,10
0,3724,1,1,0,0,10
0,3749,1,1,0,0,10
0,3752,1,1,0,0,10
0,3776,1,1,0,0,10
0,3778,1,1,0,0,10
0,3793,1,1,0,0,10
0,3828,1,1,0,0,10
0,3853,1,1,0,0,10
0,3870,1,1,0,0,10
0,3882,1,1,0,0,10
0,3888,1,1,0,0,10
0,3904,1,1,0,0,10
0,3947,1,1,0,0,10
0,3966,1,1,0,0,10
0,3988,1,1,0,0,10
0,4031,1,1,0,0,10
0,4041,1,1,0,0,10
0,4052,1,1,0,0,10
0,4079,1,1,0,0,10
0,4083,1,1,0,0,10
0,4092,1,1,0,0,10
0,4108,1,1,0,0,10
0,4119,1,1,0,0,10
0,4126,1,1,0,0,10
0,4168,1,1,0,0,10
0,4176,1,1,0,0,10
0,4178,1,1,0,0,10
0,4179,1,1,0,0,10
0,4199,1,1,0,0,10
0,4219,1,1,0,0,10
0,4227,1,1,0,0,10
0,4251,1,1,0,0,10
0,4263,1,1,0,0,10
0,4301,1,1,0,0,10
0,4324,1,1,0,0,10
0,4336,1,1,0,0,10
0,4374,1,1,0,0,10
0,4388,1,1,0,0,10
0,4403,1,1,0,0,10
0,4484,1,1,0,0,10
0,4532,1,1,0,0,10
0,4601,1,1,0,0,10
0,4603,1,1,0,0,10
0,4608,1,1,0,0,10
0,4668,1,1,0,0,10
0,4669,1,1,0,0,10
0,4681,1,1,0,0,10
0,4711,1,1,0,0,10
0,4737,1,1,0,0,10
0,4760,1,1,0,0,10
0,4764,1,1,0,0,10
0,4776,1,1,0,0,10
0,4791,1,1,0,0,10
0,4852,1,1,0,0,10
0,4891,1,1,0,0,10
0,4893,1,1,0,0,10
0,4896,1,1,0,0,10
0,4898,1,1,0,0,10
0,4899,1,1,0,0,10
0,4920,1,1,0,0,10
0,4927,1,1,0,0,10
0,4938,1,1,0,0,10
0,4939,1,1,0,0,10
0,4946,1,1,0,0,10
0,4948,1,1,0,0,10
0,4956,1,1,0,0,10
0,4967,1,1,0,0,10
0,4969,1,1,0,0,10
0,0,1,1,0,0,11
0,3,1,1,0,0,11
0,4,1,1,0,0,11
0,15,1,1,0,0,11
0,20,1,1,0,0,11
0,30,1,1,0,0,11
0,43,1,1,0,0,11
0,46,1,1,0,0,11
0,120,1,1,0,0,11
0,150,1,1,0,0,11
0,151,1,1,0,0,11
0,155,1,1,0,0,11
0,168,1,1,0,0,11
0,195,1,1,0,0,11
0,213,1,1,0,0,11
0,247,1,1,0,0,11
0,256,1,1,0,0,11
0,289,1,1,0,0,11
0,296,1,1,0,0,11
0,301,1,1,0,0,11
0,311,1,1,0,0,11
0,331,1,1,0,0,11
0,353,1,1,0,0,11
0,355,1,1,0,0,11
0,402,1,1,0,0,11
0,414,1,1,0,0,11
0,463,1,1,0,0,11
0,550,1,1,0,0,11
0,554,1,1,0,0,11
0,557,1,1,0,0,11
0,559,1,1,0,0,11
0,571,1,1,0,0,11
0,583,1,1,0,0,11
0,586,1,1,0,0,11
0,592,1,1,0,0,11
0,594,1,1,0,0,11
0,634,1,1,0,0,11
0,639,1,1,0,0,11
0,651,1,1,0,0,11
0,679,1,1,0,0,11
0,710,1,1,0,0,11
0,728,1,1,0,0,11
0,753,1,1,0,0,11
0,774,1,1,0,0,11
0,795,1,1,0,0,11
0,828,1,1,0,0,11
0,833,1,1,0,0,11
0,863,1,1,0,0,11
0,886,1,1,0,0,11
0,887,1,1,0,0,11
0,891,1,1,0,0,11
0,905,1,1,0,0,11
0,932,1,1,0,0,11
0,933,1,1,0,0,11
0,944,1,1,0,0,11
0,946,1,1,0,0,11
0,955,1,1,0,0,11
0,966,1,1,0,0,11
0,978,1,1,0,0,11
0,1000,1,1,0,0,11
0,1009,1,1,0,0,11
0,1037,1,1,0,0,11
0,1075,1,1,0,0,11
0,1091,1,1,0,0,11
0,1096,1,1,0,0,11
0,1103,1,1,0,0,11
0,1107,1,1,0,0,11
0,1119,1,1,0,0,11
0,1148,1,1,0,0,11
0,1154,1,1,0,0,11
0,1166,1,1,0,0,11
0,1180,1,1,0,0,11
0,1185,1,1,0,0,11
0,1230,1,1,0,0,11
0,1238,1,1,0,0,11
0,1245,1,1,0,0,11
0,1248,1,1,0,0,11
0,1252,1,1,0,0,11
0,1259,1,1,0,0,11
0,1272,1,1,0,0,11
0,1298,1,1,0,0,11
0,1300,1,1,0,0,11
0,1326,1,1,0,0,11
0,1329,1,1,0,0,11
0,1386,1,1,0,0,11
0,1395,1,1,0,0,11
0,1407,1,1,0,0,11
0,1411,1,1,0,0,11
0,1419,1,1,0,0,11
0,1487,1,1,0,0,11
0,1496,1,1,0,0,11
0,1499,1,1,0,0,11
0,1527,1,1,0,0,11
0,1572,1,1,0,0,11
0,1592,1,1,0,0,11
0,1620,1,1,0,0,11
0,1643,1,1,0,0,11
0,1645,1,1,0,0,11
0,1682,1,1,0,0,11
0,1689,1,1,0,0,11
0,1702,1,1,0,0,11
0,1708,1,1,0,0,11
0,1716,1,1,0,0,11
0,1724,1,1,0,0,11
0,1735,1,1,0,0,11
0,1738,1,1,0,0,11
0,1746,1,1,0,0,11
0,1774,1,1,0,0,11
0,1793,1,1,0,0,11
0,1795,1,1,0,0,11
0,1796,1,1,0,0,11
0,1811,1,1,0,0,11
0,1832,1,1,0,0,11
0,1851,1,1,0,0,11
0,1876,1,1,0,0,11
0,1894,1,1,0,0,11
0,1900,1,1,0,0,11
0,1908,1,1,0,0,11
0,1912,1,1,0,0,11
0,1915,1,1,0,0,11
0,1916,1,1,0,0,11
0,1917,1,1,0,0,11
0,1924,1,1,0,0,11
0,1929,1,1,0,0,11
0,1967,1,1,0,0,11
0,1973,1,1,0,0,11
0,1995,1,1,0,0,11
0,1996,1,1,0,0,11
0,1998,1,1,0,0,11
0,2011,1,1,0,0,11
0,2024,1,1,0,0,11
0,2029,1,1,0,0,11
0,2035,1,1,0,0,11
0,2082,1,1,0,0,11
0,2123,1,1,0,0,11
0,2125,1,1,0,0,11
0,2159,1,1,0,0,11
0,2162,1,1,0,0,11
0,2164,1,1,0,0,11
0,2168,1,1,0,0,11
0,2169,1,1,0,0,11
0,2212,1,1,0,0,11
0,2219,1,1,0,0,11
0,2240,1,1,0,0,11
0,2259,1,1,0,0,11
0,2293,1,1,0,0,11
0,2303,1,1,0,0,11
0,2338,1,1,0,0,11
0,2347,1,1,0,0,11
0,2352,1,1,0,0,11
0,2355,1,1,0,0,11
0,2362,1,1,0,0,11
0,2389,1,1,0,0,11
0,2430,1,1,0,0,11
0,2433,1,1,0,0,11
0,2445,1,1,0,0,11
0,2452,1,1,0,0,11
0,2477,1,1,0,0,11
0,2480,1,1,0,0,11
0,2496,1,1,0,0,11
0,2518,1,1,0,0,11
0,2528,1,1,0,0,11
0,2543,1,1,0,0,11
0,2552,1,1,0,0,11
0,2564,1,1,0,0,11
0,2581,1,1,0,0,11
0,2588,1,1,0,0,11
0,2590,1,1,0,0,11
0,2661,1,1,0,0,11
0,2671,1,1,0,0,11
0,2684,1,1,0,0,11
0,2775,1,1,0,0,11
0,2779,1,1,0,0,11
0,2781,1,1,0,0,11
0,2795,1,1,0,0,11
0,2797,1,1,0,0,11
0,2800,1,1,0,0,11
0,2814,1,1,0,0,11
0,2862,1,1,0,0,11
0,2884,1,1,0,0,11
0,2904,1,1,0,0,11
0,2907,1,1,0,0,11
0,2908,1,1,0,0,11
0,2913,1,1,0,0,11
0,2921,1,1,0,0,11
0,2924,1,1,0,0,11
0,2928,1,1,0,0,11
0,2959,1,1,0,0,11
0,2970,1,1,0,0,11
0,2973,1,1,0,0,11
0,2978,1,1,0,0,11
0,2992,1,1,0,0,11
0,3027,1,1,0,0,11
0,3029,1,1,0,0,11
0,3031,1,1,0,0,11
0,3045,1,1,0,0,11
0,3053,1,1,0,0,11
0,3055,1,1,0,0,11
0,3064,1,1,0,0,11
0,3066,1,1,0,0,11
0,3113,1,1,0,0,11
0,3118,1,1,0,0,11
0,3121,1,1,0,0,11
0,3186,1,1,0,0,11
0,3191,1,1,0,0,11
0,3197,1,1,0,0,11
0,3209,1,1,0,0,11
0,3226,1,1,0,0,11
0,3234,1,1,0,0,11
0,3240,1,1,0,0,11
0,3251,1,1,0,0,11
0,3272,1,1,0,0,11
0,3275,1,1,0,0,11
0,3295,1,1,0,0,11
0,3312,1,1,0,0,11
0,3331,1,1,0,0,11
0,3337,1,1,0,0,11
0,3345,1,1,0,0,11
0,3347,1,1,0,0,11
0,3383,1,1,0,0,11
0,3387,1,1,0,0,11
0,3403,1,1,0,0,11
0,3433,1,1,0,0,11
0,3435,1,1,0,0,11
0,3458,1,1,0,0,11
0,3467,1,1,0,0,11
0,3473,1,1,0,0,11
0,3486,1,1,0,0,11
0,3536,1,1,0,0,11
0,3539,1,1,0,0,11
0,3561,1,1,0,0,11
0,3599,1,1,0,0,11
0,3608,1,1,0,0,11
0,3619,1,1,0,0,11
0,3626,1,1,0,0,11
0,3666,1,1,0,0,11
0,3692,1,1,0,0,11
0,3696,1,1,0,0,11
0,3733,1,1,0,0,11
0,3735,1,1,0,0,11
0,3748,1,1,0,0,11
0,3764,1,1,0,0,11
0,3775,1,1,0,0,11
0,3809,1,1,0,0,11
0,3819,1,1,0,0,11
0,3821,1,1,0,0,11
0,3891,1,1,0,0,11
0,3895,1,1,0,0,11
0,3925,1,1,0,0,11
0,3936,1,1,0,0,11
0,3963,1,1,0,0,11
0,3972,1,1,0,0,11
0,3979,1,1,0,0,11
0,4010,1,1,0,0,11
0,4017,1,1,0,0,11
0,4026,1,1,0,0,11
0,4028,1,1,0,0,11
0,4060,1,1,0,0,11
0,4064,1,1,0,0,11
0,4100,1,1,0,0,11
0,4158,1,1,0,0,11
0,4180,1,1,0,0,11
0,4198,1,1,0,0,11
0,4214,1,1,0,0,11
0,4224,1,1,0,0,11
0,4234,1,1,0,0,11
0,4244,1,1,0,0,11
0,4248,1,1,0,0,11
0,4252,1,1,0,0,11
0,4269,1,1,0,0,11
0,4275,1,1,0,0,11
0,4283,1,1,0,0,11
0,4288,1,1,0,0,11
0,4315,1,1,0,0,11
0,4321,1,1,0,0,11
0,4340,1,1,0,0,11
0,4346,1,1,0,0,11
0,4363,1,1,0,0,11
0,4367,1,1,0,0,11
0,4372,1,1,0,0,11
0,4386,1,1,0,0,11
0,4397,1,1,0,0,11
0,4426,1,1,0,0,11
0,4438,1,1,0,0,11
0,4455,1,1,0,0,11
0,4456,1,1,0,0,11
0,4466,1,1,0,0,11
0,4487,1,1,0,0,11
0,4498,1,1,0,0,11
0,4522,1,1,0,0,11
0,4530,1,1,0,0,11
0,4545,1,1,0,0,11
0,4554,1,1,0,0,11
0,4556,1,1,0,0,11
0,4587,1,1,0,0,11
0,4593,1,1,0,0,11
0,4648,1,1,0,0,11
0,4690,1,1,0,0,11
0,4696,1,1,0,0,11
0,4698,1,1,0,0,11
0,4718,1,1,0,0,11
0,4743,1,1,0,0,11
0,4750,1,1,0,0,11
0,4757,1,1,0,0,11
0,4763,1,1,0,0,11
0,4766,1,1,0,0,11
0,4771,1,1,0,0,11
0,4782,1,1,0,0,11
0,4820,1,1,0,0,11
0,4832,1,1,0,0,11
0,4858,1,1,0,0,11
0,4894,1,1,0,0,11
0,4904,1,1,0,0,11
0,4908,1,1,0,0,11
0,4910,1,1,0,0,11
0,4937,1,1,0,0,11
0,4982,1,1,0,0,11
0,21,1,1,0,0,12
0,28,1,1,0,0,12
0,59,1,1,0,0,12
0,60,1,1,0,0,12
0,66,1,1,0,0,12
0,96,1,1,0,0,12
0,99,1,1,0,0,12
0,104,1,1,0,0,12
0,116,1,1,0,0,12
0,119,1,1,0,0,12
0,125,1,1,0,0,12
0,130,1,1,0,0,12
0,140,1,1,0,0,12
0,149,1,1,0,0,12
0,159,1,1,0,0,12
0,179,1,1,0,0,12
0,184,1,1,0,0,12
0,241,1,1,0,0,12
0,308,1,1,0,0,12
0,314,1,1,0,0,12
0,336,1,1,0,0,12
0,337,1,1,0,0,12
0,343,1,1,0,0,12
0,347,1,1,0,0,12
0,350,1,1,0,0,12
0,386,1,1,0,0,12
0,389,1,1,0,0,12
0,395,1,1,0,0,12
0,403,1,1,0,0,12
0,404,1,1,0,0,12
0,435,1,1,0,0,12
0,442,1,1,0,0,12
0,443,1,1,0,0,12
0,451,1,1,0,0,12
0,478,1,1,0,0,12
0,495,1,1,0,0,12
0,500,1,1,0,0,12
0,538,1,1,0,0,12
0,560,1,1,0,0,12
0,574,1,1,0,0,12
0,624,1,1,0,0,12
0,649,1,1,0,0,12
0,742,1,1,0,0,12
0,745,1,1,0,0,12
0,754,1,1,0,0,12
0,764,1,1,0,0,12
0,772,1,1,0,0,12
0,785,1,1,0,0,12
0,788,1,1,0,0,12
0,808,1,1,0,0,12
0,812,1,1,0,0,12
0,836,1,1,0,0,12
0,852,1,1,0,0,12
0,868,1,1,0,0,12
0,925,1,1,0,0,12
0,939,1,1,0,0,12
0,942,1,1,0,0,12
0,948,1,1,0,0,12
0,967,1,1,0,0,12
0,974,1,1,0,0,12
0,988,1,1,0,0,12
0,1022,1,1,0,0,12
0,1104,1,1,0,0,12
0,1118,1,1,0,0,12
0,1146,1,1,0,0,12
0,1152,1,1,0,0,12
0,1169,1,1,0,0,12
0,1179,1,1,0,0,12
0,1194,1,1,0,0,12
0,1209,1,1,0,0,12
0,1217,1,1,0,0,12
0,1223,1,1,0,0,12
0,1228,1,1,0,0,12
0,1247,1,1,0,0,12
0,1266,1,1,0,0,12
0,1268,1,1,0,0,12
0,1279,1,1,0,0,12
0,1285,1,1,0,0,12
0,1290,1,1,0,0,12
0,1310,1,1,0,0,12
0,1311,1,1,0,0,12
0,1322,1,1,0,0,12
0,1346,1,1,0,0,12
0,1354,1,1,0,0,12
0,1373,1,1,0,0,12
0,1378,1,1,0,0,12
0,1379,1,1,0,0,12
0,1382,1,1,0,0,12
0,1409,1,1,0,0,12
0,1423,1,1,0,0,12
0,1464,1,1,0,0,12
0,1500,1,1,0,0,12
0,1519,1,1,0,0,12
0,1540,1,1,0,0,12
0,1545,1,1,0,0,12
0,1552,1,1,0,0,12
0,1555,1,1,0,0,12
0,1563,1,1,0,0,12
0,1583,1,1,0,0,12
0,1611,1,1,0,0,12
0,1627,1,1,0,0,12
0,1631,1,1,0,0,12
0,1649,1,1,0,0,12
0,1656,1,1,0,0,12
0,1660,1,1,0,0,12
0,1739,1,1,0,0,12
0,1754,1,1,0,0,12
0,1757,1,1,0,0,12
0,1772,1,1,0,0,12
0,1784,1,1,0,0,12
0,1816,1,1,0,0,12
0,1838,1,1,0,0,12
0,1839,1,1,0,0,12
0,1868,1,1,0,0,12
0,1879,1,1,0,0,12
0,1889,1,1,0,0,12
0,1909,1,1,0,0,12
0,1921,1,1,0,0,12
0,1927,1,1,0,0,12
0,1940,1,1,0,0,12
0,1942,1,1,0,0,12
0,1946,1,1,0,0,12
0,1954,1,1,0,0,12
0,1959,1,1,0,0,12
0,1964,1,1,0,0,12
0,1982,1,1,0,0,12
0,1983,1,1,0,0,12
0,2001,1,1,0,0,12
0,2003,1,1,0,0,12
0,2015,1,1,0,0,12
0,2026,1,1,0,0,12
0,2057,1,1,0,0,12
0,2081,1,1,0,0,12
0,2106,1,1,0,0,12
0,2119,1,1,0,0,12
0,2120,1,1,0,0,12
0,2139,1,1,0,0,12
0,2153,1,1,0,0,12
0,2157,1,1,0,0,12
0,2160,1,1,0,0,12
0,2183,1,1,0,0,12
0,2185,1,1,0,0,12
0,2237,1,1,0,0,12
0,2273,1,1,0,0,12
0,2334,1,1,0,0,12
0,2372,1,1,0,0,12
0,2381,1,1,0,0,12
0,2392,1,1,0,0,12
0,2401,1,1,0,0,12
0,2447,1,1,0,0,12
0,2454,1,1,0,0,12
0,2458,1,1,0,0,12
0,2482,1,1,0,0,12
0,2489,1,1,0,0,12
0,2519,1,1,0,0,12
0,2522,1,1,0,0,12
0,2530,1,1,0,0,12
0,2536,1,1,0,0,12
0,2545,1,1,0,0,12
0,2562,1,1,0,0,12
0,2574,1,1,0,0,12
0,2614,1,1,0,0,12
0,2644,1,1,0,0,12
0,2646,1,1,0,0,12
0,2650,1,1,0,0,12
0,2717,1,1,0,0,12
0,2738,1,1,0,0,12
0,2752,1,1,0,0,12
0,2817,1,1,0,0,12
0,2833,1,1,0,0,12
0,2839,1,1,0,0,12
0,2851,1,1,0,0,12
0,2859,1,1,0,0,12
0,2863,1,1,0,0,12
0,2911,1,1,0,0,12
0,2927,1,1,0,0,12
0,2948,1,1,0,0,12
0,2957,1,1,0,0,12
0,2966,1,1,0,0,12
0,2979,1,1,0,0,12
0,3030,1,1,0,0,12
0,3039,1,1,0,0,12
0,3043,1,1,0,0,12
0,3048,1,1,0,0,12
0,3051,1,1,0,0,12
0,3093,1,1,0,0,12
0,3094,1,1,0,0,12
0,3104,1,1,0,0,12
0,3134,1,1,0,0,12
0,3153,1,1,0,0,12
0,3189,1,1,0,0,12
0,3198,1,1,0,0,12
0,3206,1,1,0,0,12
0,3227,1,1,0,0,12
0,3248,1,1,0,0,12
0,3252,1,1,0,0,12
0,3277,1,1,0,0,12
0,3287,1,1,0,0,12
0,3323,1,1,0,0,12
0,3341,1,1,0,0,12
0,3362,1,1,0,0,12
0,3377,1,1,0,0,12
0,3386,1,1,0,0,12
0,3420,1,1,0,0,12
0,3451,1,1,0,0,12
0,3452,1,1,0,0,12
0,3462,1,1,0,0,12
0,3468,1,1,0,0,12
0,3472,1,1,0,0,12
0,3502,1,1,0,0,12
0,3519,1,1,0,0,12
0,3521,1,1,0,0,12
0,3527,1,1,0,0,12
0,3571,1,1,0,0,12
0,3577,1,1,0,0,12
0,3627,1,1,0,0,12
0,3635,1,1,0,0,12
0,3642,1,1,0,0,12
0,3661,1,1,0,0,12
0,3662,1,1,0,0,12
0,3695,1,1,0,0,12
0,3732,1,1,0,0,12
0,3774,1,1,0,0,12
0,3786,1,1,0,0,12
0,3852,1,1,0,0,12
0,3867,1,1,0,0,12
0,3869,1,1,0,0,12
0,3875,1,1,0,0,12
0,3929,1,1,0,0,12
0,3932,1,1,0,0,12
0,3943,1,1,0,0,12
0,3953,1,1,0,0,12
0,3964,1,1,0,0,12
0,3983,1,1,0,0,12
0,3999,1,1,0,0,12
0,4057,1,1,0,0,12
0,4073,1,1,0,0,12
0,4122,1,1,0,0,12
0,4145,1,1,0,0,12
0,4151,1,1,0,0,12
0,4164,1,1,0,0,12
0,4169,1,1,0,0,12
0,4185,1,1,0,0,12
0,4213,1,1,0,0,12
0,4229,1,1,0,0,12
0,4242,1,1,0,0,12
0,4250,1,1,0,0,12
0,4258,1,1,0,0,12
0,4289,1,1,0,0,12
0,4302,1,1,0,0,12
0,4317,1,1,0,0,12
0,4332,1,1,0,0,12
0,4351,1,1,0,0,12
0,4393,1,1,0,0,12
0,4422,1,1,0,0,12
0,4433,1,1,0,0,12
0,4471,1,1,0,0,12
0,4481,1,1,0,0,12
0,4505,1,1,0,0,12
0,4541,1,1,0,0,12
0,4547,1,1,0,0,12
0,4564,1,1,0,0,12
0,4589,1,1,0,0,12
0,4600,1,1,0,0,12
0,4613,1,1,0,0,12
0,4665,1,1,0,0,12
0,4702,1,1,0,0,12
0,4728,1,1,0,0,12
0,4762,1,1,0,0,12
0,4765,1,1,0,0,12
0,4781,1,1,0,0,12
0,4846,1,1,0,0,12
0,4861,1,1,0,0,12
0,4864,1,1,0,0,12
0,4943,1,1,0,0,12
0,4964,1,1,0,0,12
0,4979,1,1,0,0,12
0,4992,1,1,0,0,12
0,5,1,1,0,0,13
0,8,1,1,0,0,13
0,12,1,1,0,0,13
0,16,1,1,0,0,13
0,19,1,1,0,0,13
0,24,1,1,0,0,13
0,26,1,1,0,0,13
0,33,1,1,0,0,13
0,39,1,1,0,0,13
0,44,1,1,0,0,13
0,45,1,1,0,0,13
0,56,1,1,0,0,13
0,57,1,1,0,0,13
0,63,1,1,0,0,13
0,72,1,1,0,0,13
0,83,1,1,0,0,13
0,87,1,1,0,0,13
0,112,1,1,0,0,13
0,118,1,1,0,0,13
0,123,1,1,0,0,13
0,126,1,1,0,0,13
0,127,1,1,0,0,13
0,129,1,1,0,0,13
0,144,1,1,0,0,13
0,147,1,1,0,0,13
0,152,1,1,0,0,13
0,170,1,1,0,0,13
0,189,1,1,0,0,13
0,196,1,1,0,0,13
0,202,1,1,0,0,13
0,217,1,1,0,0,13
0,225,1,1,0,0,13
0,236,1,1,0,0,13
0,248,1,1,0,0,13
0,253,1,1,0,0,13
0,257,1,1,0,0,13
0,259,1,1,0,0,13
0,260,1,1,0,0,13
0,266,1,1,0,0,13
0,276,1,1,0,0,13
0,279,1,1,0,0,13
0,280,1,1,0,0,13
0,282,1,1,0,0,13
0,285,1,1,0,0,13
0,307,1,1,0,0,13
0,309,1,1,0,0,13
0,316,1,1,0,0,13
0,319,1,1,0,0,13
0,320,1,1,0,0,13
0,322,1,1,0,0,13
0,326,1,1,0,0,13
0,339,1,1,0,0,13
0,344,1,1,0,0,13
0,345,1,1,0,0,13
0,356,1,1,0,0,13
0,357,1,1,0,0,13
0,360,1,1,0,0,13
0,368,1,1,0,0,13
0,373,1,1,0,0,13
0,374,1,1,0,0,13
0,376,1,1,0,0,13
0,382,1,1,0,0,13
0,397,1,1,0,0,13
0,399,1,1,0,0,13
0,400,1,1,0,0,13
0,409,1,1,0,0,13
0,421,1,1,0,0,13
0,427,1,1,0,0,13
0,433,1,1,0,0,13
0,462,1,1,0,0,13
0,467,1,1,0,0,13
0,474,1,1,0,0,13
0,493,1,1,0,0,13
0,498,1,1,0,0,13
0,499,1,1,0,0,13
0,505,1,1,0,0,13
0,506,1,1,0,0,13
0,516,1,1,0,0,13
0,530,1,1,0,0,13
0,531,1,1,0,0,13
0,533,1,1,0,0,13
0,541,1,1,0,0,13
0,543,1,1,0,0,13
0,566,1,1,0,0,13
0,573,1,1,0,0,13
0,581,1,1,0,0,13
0,584,1,1,0,0,13
0,596,1,1,0,0,13
0,600,1,1,0,0,13
0,603,1,1,0,0,13
0,605,1,1,0,0,13
0,608,1,1,0,0,13
0,610,1,1,0,0,13
0,619,1,1,0,0,13
0,621,1,1,0,0,13
0,622,1,1,0,0,13
0,631,1,1,0,0,13
0,632,1,1,0,0,13
0,636,1,1,0,0,13
0,641,1,1,0,0,13
0,655,1,1,0,0,13
0,665,1,1,0,0,13
0,667,1,1,0,0,13
0,668,1,1,0,0,13
0,671,1,1,0,0,13
0,674,1,1,0,0,13
0,677,1,1,0,0,13
0,683,1,1,0,0,13
0,688,1,1,0,0,13
0,694,1,1,0,0,13
0,699,1,1,0,0,13
0,702,1,1,0,0,13
0,704,1,1,0,0,13
0,708,1,1,0,0,13
0,719,1,1,0,0,13
0,723,1,1,0,0,13
0,727,1,1,0,0,13
0,743,1,1,0,0,13
0,744,1,1,0,0,13
0,746,1,1,0,0,13
0,749,1,1,0,0,13
0,757,1,1,0,0,13
0,760,1,1,0,0,13
0,773,1,1,0,0,13
0,777,1,1,0,0,13
0,779,1,1,0,0,13
0,786,1,1,0,0,13
0,811,1,1,0,0,13
0,813,1,1,0,0,13
0,822,1,1,0,0,13
0,827,1,1,0,0,13
0,830,1,1,0,0,13
0,832,1,1,0,0,13
0,837,1,1,0,0,13
0,841,1,1,0,0,13
0,846,1,1,0,0,13
0,856,1,1,0,0,13
0,859,1,1,0,0,13
0,860,1,1,0,0,13
0,880,1,1,0,0,13
0,881,1,1,0,0,13
0,883,1,1,0,0,13
0,885,1,1,0,0,13
0,888,1,1,0,0,13
0,897,1,1,0,0,13
0,904,1,1,0,0,13
0,914,1,1,0,0,13
0,916,1,1,0,0,13
0,920,1,1,0,0,13
0,921,1,1,0,0,13
0,931,1,1,0,0,13
0,934,1,1,0,0,13
0,935,1,1,0,0,13
0,937,1,1,0,0,13
0,949,1,1,0,0,13
0,951,1,1,0,0,13
0,957,1,1,0,0,13
0,960,1,1,0,0,13
0,964,1,1,0,0,13
0,965,1,1,0,0,13
0,979,1,1,0,0,13
0,981,1,1,0,0,13
0,985,1,1,0,0,13
0,994,1,1,0,0,13
0,997,1,1,0,0,13
0,1011,1,1,0,0,13
0,1017,1,1,0,0,13
0,1018,1,1,0,0,13
0,1020,1,1,0,0,13
0,1031,1,1,0,0,13
0,1032,1,1,0,0,13
0,1034,1,1,0,0,13
0,1043,1,1,0,0,13
0,1045,1,1,0,0,13
0,1051,1,1,0,0,13
0,1053,1,1,0,0,13
0,1056,1,1,0,0,13
0,1072,1,1,0,0,13
0,1073,1,1,0,0,13
0,1074,1,1,0,0,13
0,1082,1,1,0,0,13
0,1087,1,1,0,0,13
0,1098,1,1,0,0,13
0,1099,1,1,0,0,13
0,1108,1,1,0,0,13
0,1111,1,1,0,0,13
0,1117,1,1,0,0,13
0,1120,1,1,0,0,13
0,1121,1,1,0,0,13
0,1126,1,1,0,0,13
0,1131,1,1,0,0,13
0,1138,1,1,0,0,13
0,1141,1,1,0,0,13
0,1155,1,1,0,0,13
0,1165,1,1,0,0,13
0,1189,1,1,0,0,13
0,1191,1,1,0,0,13
0,1192,1,1,0,0,13
0,1201,1,1,0,0,13
0,1211,1,1,0,0,13
0,1221,1,1,0,0,13
0,1227,1,1,0,0,13
0,1236,1,1,0,0,13
0,1249,1,1,0,0,13
0,1253,1,1,0,0,13
0,1267,1,1,0,0,13
0,1273,1,1,0,0,13
0,1276,1,1,0,0,13
0,1277,1,1,0,0,13
0,1280,1,1,0,0,13
0,1291,1,1,0,0,13
0,1303,1,1,0,0,13
0,1308,1,1,0,0,13
0,1309,1,1,0,0,13
0,1313,1,1,0,0,13
0,1316,1,1,0,0,13
0,1330,1,1,0,0,13
0,1334,1,1,0,0,13
0,1338,1,1,0,0,13
0,1340,1,1,0,0,13
0,1342,1,1,0,0,13
0,1343,1,1,0,0,13
0,1347,1,1,0,0,13
0,1353,1,1,0,0,13
0,1365,1,1,0,0,13
0,1377,1,1,0,0,13
0,1385,1,1,0,0,13
0,1388,1,1,0,0,13
0,1399,1,1,0,0,13
0,1406,1,1,0,0,13
0,1412,1,1,0,0,13
0,1416,1,1,0,0,13
0,1420,1,1,0,0,13
0,1430,1,1,0,0,13
0,1432,1,1,0,0,13
0,1441,1,1,0,0,13
0,1445,1,1,0,0,13
0,1453,1,1,0,0,13
0,1459,1,1,0,0,13
0,1467,1,1,0,0,13
0,1468,1,1,0,0,13
0,1473,1,1,0,0,13
0,1474,1,1,0,0,13
0,1480,1,1,0,0,13
0,1485,1,1,0,0,13
0,1490,1,1,0,0,13
0,1513,1,1,0,0,13
0,1516,1,1,0,0,13
0,1531,1,1,0,0,13
0,1539,1,1,0,0,13
0,1548,1,1,0,0,13
0,1549,1,1,0,0,13
0,1554,1,1,0,0,13
0,1556,1,1,0,0,13
0,1557,1,1,0,0,13
0,1561,1,1,0,0,13
0,1584,1,1,0,0,13
0,1585,1,1,0,0,13
0,1594,1,1,0,0,13
0,1599,1,1,0,0,13
0,1604,1,1,0,0,13
0,1605,1,1,0,0,13
0,1607,1,1,0,0,13
0,1610,1,1,0,0,13
0,1618,1,1,0,0,13
0,1619,1,1,0,0,13
0,1622,1,1,0,0,13
0,1632,1,1,0,0,13
0,1666,1,1,0,0,13
0,1668,1,1,0,0,13
0,1674,1,1,0,0,13
0,1676,1,1,0,0,13
0,1687,1,1,0,0,13
0,1688,1,1,0,0,13
0,1690,1,1,0,0,13
0,1693,1,1,0,0,13
0,1701,1,1,0,0,13
0,1707,1,1,0,0,13
0,1718,1,1,0,0,13
0,1720,1,1,0,0,13
0,1726,1,1,0,0,13
0,1740,1,1,0,0,13
0,1756,1,1,0,0,13
0,1760,1,1,0,0,13
0,1779,1,1,0,0,13
0,1780,1,1,0,0,13
0,1783,1,1,0,0,13
0,1792,1,1,0,0,13
0,1808,1,1,0,0,13
0,1823,1,1,0,0,13
0,1837,1,1,0,0,13
0,1845,1,1,0,0,13
0,1852,1,1,0,0,13
0,1855,1,1,0,0,13
0,1860,1,1,0,0,13
0,1867,1,1,0,0,13
0,1874,1,1,0,0,13
0,1887,1,1,0,0,13
0,1888,1,1,0,0,13
0,1902,1,1,0,0,13
0,1904,1,1,0,0,13
0,1920,1,1,0,0,13
0,1926,1,1,0,0,13
0,1931,1,1,0,0,13
0,1933,1,1,0,0,13
0,1935,1,1,0,0,13
0,1962,1,1,0,0,13
0,1970,1,1,0,0,13
0,1979,1,1,0,0,13
0,1990,1,1,0,0,13
0,1993,1,1,0,0,13
0,2000,1,1,0,0,13
0,2007,1,1,0,0,13
0,2010,1,1,0,0,13
0,2019,1,1,0,0,13
0,2025,1,1,0,0,13
0,2031,1,1,0,0,13
0,2046,1,1,0,0,13
0,2050,1,1,0,0,13
0,2058,1,1,0,0,13
0,2080,1,1,0,0,13
0,2087,1,1,0,0,13
0,2089,1,1,0,0,13
0,2092,1,1,0,0,13
0,2093,1,1,0,0,13
0,2105,1,1,0,0,13
0,2107,1,1,0,0,13
0,2112,1,1,0,0,13
0,2117,1,1,0,0,13
0,2128,1,1,0,0,13
0,2138,1,1,0,0,13
0,2140,1,1,0,0,13
0,2142,1,1,0,0,13
0,2149,1,1,0,0,13
0,2166,1,1,0,0,13
0,2194,1,1,0,0,13
0,2209,1,1,0,0,13
0,2210,1,1,0,0,13
0,2213,1,1,0,0,13
0,2218,1,1,0,0,13
0,2221,1,1,0,0,13
0,2224,1,1,0,0,13
0,2245,1,1,0,0,13
0,2246,1,1,0,0,13
0,2249,1,1,0,0,13
0,2252,1,1,0,0,13
0,2253,1,1,0,0,13
0,2271,1,1,0,0,13
0,2286,1,1,0,0,13
0,2302,1,1,0,0,13
0,2306,1,1,0,0,13
0,2309,1,1,0,0,13
0,2314,1,1,0,0,13
0,2317,1,1,0,0,13
0,2318,1,1,0,0,13
0,2324,1,1,0,0,13
0,2328,1,1,0,0,13
0,2337,1,1,0,0,13
0,2340,1,1,0,0,13
0,2349,1,1,0,0,13
0,2351,1,1,0,0,13
0,2357,1,1,0,0,13
0,2365,1,1,0,0,13
0,2377,1,1,0,0,13
0,2387,1,1,0,0,13
0,2393,1,1,0,0,13
0,2403,1,1,0,0,13
0,2411,1,1,0,0,13
0,2413,1,1,0,0,13
0,2417,1,1,0,0,13
0,2418,1,1,0,0,13
0,2419,1,1,0,0,13
0,2423,1,1,0,0,13
0,2424,1,1,0,0,13
0,2425,1,1,0,0,13
0,2431,1,1,0,0,13
0,2434,1,1,0,0,13
0,2438,1,1,0,0,13
0,2443,1,1,0,0,13
0,2462,1,1,0,0,13
0,2465,1,1,0,0,13
0,2479,1,1,0,0,13
0,2483,1,1,0,0,13
0,2485,1,1,0,0,13
0,2486,1,1,0,0,13
0,2492,1,1,0,0,13
0,2494,1,1,0,0,13
0,2507,1,1,0,0,13
0,2508,1,1,0,0,13
0,2511,1,1,0,0,13
0,2533,1,1,0,0,13
0,2541,1,1,0,0,13
0,2553,1,1,0,0,13
0,2555,1,1,0,0,13
0,2557,1,1,0,0,13
0,2568,1,1,0,0,13
0,2571,1,1,0,0,13
0,2572,1,1,0,0,13
0,2573,1,1,0,0,13
0,2593,1,1,0,0,13
0,2599,1,1,0,0,13
0,2600,1,1,0,0,13
0,2603,1,1,0,0,13
0,2629,1,1,0,0,13
0,2636,1,1,0,0,13
0,2639,1,1,0,0,13
0,2641,1,1,0,0,13
0,2647,1,1,0,0,13
0,2648,1,1,0,0,13
0,2654,1,1,0,0,13
0,2662,1,1,0,0,13
0,2665,1,1,0,0,13
0,2680,1,1,0,0,13
0,2685,1,1,0,0,13
0,2687,1,1,0,0,13
0,2692,1,1,0,0,13
0,2693,1,1,0,0,13
0,2695,1,1,0,0,13
0,2697,1,1,0,0,13
0,2703,1,1,0,0,13
0,2706,1,1,0,0,13
0,2707,1,1,0,0,13
0,2709,1,1,0,0,13
0,2715,1,1,0,0,13
0,2727,1,1,0,0,13
0,2733,1,1,0,0,13
0,2735,1,1,0,0,13
0,2739,1,1,0,0,13
0,2743,1,1,0,0,13
0,2748,1,1,0,0,13
0,2759,1,1,0,0,13
0,2762,1,1,0,0,13
0,2767,1,1,0,0,13
0,2769,1,1,0,0,13
0,2777,1,1,0,0,13
0,2780,1,1,0,0,13
0,2782,1,1,0,0,13
0,2785,1,1,0,0,13
0,2787,1,1,0,0,13
0,2791,1,1,0,0,13
0,2796,1,1,0,0,13
0,2803,1,1,0,0,13
0,2815,1,1,0,0,13
0,2828,1,1,0,0,13
0,2852,1,1,0,0,13
0,2853,1,1,0,0,13
0,2855,1,1,0,0,13
0,2866,1,1,0,0,13
0,2868,1,1,0,0,13
0,2887,1,1,0,0,13
0,2898,1,1,0,0,13
0,2902,1,1,0,0,13
0,2903,1,1,0,0,13
0,2905,1,1,0,0,13
0,2916,1,1,0,0,13
0,2918,1,1,0,0,13
0,2929,1,1,0,0,13
0,2930,1,1,0,0,13
0,2931,1,1,0,0,13
0,2932,1,1,0,0,13
0,2943,1,1,0,0,13
0,2953,1,1,0,0,13
0,2965,1,1,0,0,13
0,2993,1,1,0,0,13
0,2998,1,1,0,0,13
0,2999,1,1,0,0,13
0,3003,1,1,0,0,13
0,3010,1,1,0,0,13
0,3011,1,1,0,0,13
0,3021,1,1,0,0,13
0,3026,1,1,0,0,13
0,3042,1,1,0,0,13
0,3044,1,1,0,0,13
0,3046,1,1,0,0,13
0,3050,1,1,0,0,13
0,3052,1,1,0,0,13
0,3054,1,1,0,0,13
0,3069,1,1,0,0,13
0,3071,1,1,0,0,13
0,3076,1,1,0,0,13
0,3078,1,1,0,0,13
0,3079,1,1,0,0,13
0,3095,1,1,0,0,13
0,3100,1,1,0,0,13
0,3101,1,1,0,0,13
0,3103,1,1,0,0,13
0,3105,1,1,0,0,13
0,3115,1,1,0,0,13
0,3130,1,1,0,0,13
0,3155,1,1,0,0,13
0,3171,1,1,0,0,13
0,3172,1,1,0,0,13
0,3175,1,1,0,0,13
0,3184,1,1,0,0,13
0,3192,1,1,0,0,13
0,3196,1,1,0,0,13
0,3202,1,1,0,0,13
0,3203,1,1,0,0,13
0,3204,1,1,0,0,13
0,3207,1,1,0,0,13
0,3218,1,1,0,0,13
0,3233,1,1,0,0,13
0,3244,1,1,0,0,13
0,3255,1,1,0,0,13
0,3269,1,1,0,0,13
0,3282,1,1,0,0,13
0,3284,1,1,0,0,13
0,3290,1,1,0,0,13
0,3292,1,1,0,0,13
0,3297,1,1,0,0,13
0,3304,1,1,0,0,13
0,3318,1,1,0,0,13
0,3322,1,1,0,0,13
0,3327,1,1,0,0,13
0,3336,1,1,0,0,13
0,3342,1,1,0,0,13
0,3357,1,1,0,0,13
0,3369,1,1,0,0,13
0,3371,1,1,0,0,13
0,3385,1,1,0,0,13
0,3393,1,1,0,0,13
0,3405,1,1,0,0,13
0,3408,1,1,0,0,13
0,3409,1,1,0,0,13
0,3413,1,1,0,0,13
0,3415,1,1,0,0,13
0,3418,1,1,0,0,13
0,3421,1,1,0,0,13
0,3436,1,1,0,0,13
0,3442,1,1,0,0,13
0,3443,1,1,0,0,13
0,3444,1,1,0,0,13
0,3448,1,1,0,0,13
0,3460,1,1,0,0,13
0,3464,1,1,0,0,13
0,3465,1,1,0,0,13
0,3475,1,1,0,0,13
0,3482,1,1,0,0,13
0,3487,1,1,0,0,13
0,3493,1,1,0,0,13
0,3494,1,1,0,0,13
0,3499,1,1,0,0,13
0,3504,1,1,0,0,13
0,3506,1,1,0,0,13
0,3508,1,1,0,0,13
0,3509,1,1,0,0,13
0,3514,1,1,0,0,13
0,3520,1,1,0,0,13
0,3533,1,1,0,0,13
0,3545,1,1,0,0,13
0,3557,1,1,0,0,13
0,3559,1,1,0,0,13
0,3565,1,1,0,0,13
0,3572,1,1,0,0,13
0,3575,1,1,0,0,13
0,3576,1,1,0,0,13
0,3590,1,1,0,0,13
0,3611,1,1,0,0,13
0,3620,1,1,0,0,13
0,3624,1,1,0,0,13
0,3633,1,1,0,0,13
0,3634,1,1,0,0,13
0,3653,1,1,0,0,13
0,3654,1,1,0,0,13
0,3663,1,1,0,0,13
0,3667,1,1,0,0,13
0,3676,1,1,0,0,13
0,3683,1,1,0,0,13
0,3701,1,1,0,0,13
0,3713,1,1,0,0,13
0,3714,1,1,0,0,13
0,3715,1,1,0,0,13
0,3723,1,1,0,0,13
0,3725,1,1,0,0,13
0,3731,1,1,0,0,13
0,3736,1,1,0,0,13
0,3738,1,1,0,0,13
0,3743,1,1,0,0,13
0,3747,1,1,0,0,13
0,3751,1,1,0,0,13
0,3761,1,1,0,0,13
0,3763,1,1,0,0,13
0,3777,1,1,0,0,13
0,3780,1,1,0,0,13
0,3798,1,1,0,0,13
0,3805,1,1,0,0,13
0,3806,1,1,0,0,13
0,3807,1,1,0,0,13
0,3817,1,1,0,0,13
0,3833,1,1,0,0,13
0,3844,1,1,0,0,13
0,3864,1,1,0,0,13
0,3874,1,1,0,0,13
0,3890,1,1,0,0,13
0,3900,1,1,0,0,13
0,3911,1,1,0,0,13
0,3914,1,1,0,0,13
0,3919,1,1,0,0,13
0,3920,1,1,0,0,13
0,3921,1,1,0,0,13
0,3928,1,1,0,0,13
0,3933,1,1,0,0,13
0,3960,1,1,0,0,13
0,3965,1,1,0,0,13
0,3968,1,1,0,0,13
0,3969,1,1,0,0,13
0,3973,1,1,0,0,13
0,3978,1,1,0,0,13
0,3981,1,1,0,0,13
0,3985,1,1,0,0,13
0,3987,1,1,0,0,13
0,3991,1,1,0,0,13
0,3995,1,1,0,0,13
0,3997,1,1,0,0,13
0,4007,1,1,0,0,13
0,4014,1,1,0,0,13
0,4016,1,1,0,0,13
0,4050,1,1,0,0,13
0,4056,1,1,0,0,13
0,4066,1,1,0,0,13
0,4069,1,1,0,0,13
0,4071,1,1,0,0,13
0,4072,1,1,0,0,13
0,4077,1,1,0,0,13
0,4078,1,1,0,0,13
0,4080,1,1,0,0,13
0,4082,1,1,0,0,13
0,4084,1,1,0,0,13
0,4086,1,1,0,0,13
0,4123,1,1,0,0,13
0,4140,1,1,0,0,13
0,4161,1,1,0,0,13
0,4166,1,1,0,0,13
0,4188,1,1,0,0,13
0,4192,1,1,0,0,13
0,4200,1,1,0,0,13
0,4208,1,1,0,0,13
0,4211,1,1,0,0,13
0,4217,1,1,0,0,13
0,4232,1,1,0,0,13
0,4233,1,1,0,0,13
0,4237,1,1,0,0,13
0,4239,1,1,0,0,13
0,4254,1,1,0,0,13
0,4265,1,1,0,0,13
0,4266,1,1,0,0,13
0,4281,1,1,0,0,13
0,4285,1,1,0,0,13
0,4299,1,1,0,0,13
0,4300,1,1,0,0,13
0,4306,1,1,0,0,13
0,4330,1,1,0,0,13
0,4335,1,1,0,0,13
0,4337,1,1,0,0,13
0,4348,1,1,0,0,13
0,4356,1,1,0,0,13
0,4358,1,1,0,0,13
0,4368,1,1,0,0,13
0,4376,1,1,0,0,13
0,4381,1,1,0,0,13
0,4389,1,1,0,0,13
0,4400,1,1,0,0,13
0,4402,1,1,0,0,13
0,4408,1,1,0,0,13
0,4412,1,1,0,0,13
0,4417,1,1,0,0,13
0,4421,1,1,0,0,13
0,4423,1,1,0,0,13
0,4435,1,1,0,0,13
0,4436,1,1,0,0,13
0,4447,1,1,0,0,13
0,4451,1,1,0,0,13
0,4461,1,1,0,0,13
0,4479,1,1,0,0,13
0,4488,1,1,0,0,13
0,4490,1,1,0,0,13
0,4491,1,1,0,0,13
0,4516,1,1,0,0,13
0,4520,1,1,0,0,13
0,4527,1,1,0,0,13
0,4528,1,1,0,0,13
0,4538,1,1,0,0,13
0,4544,1,1,0,0,13
0,4546,1,1,0,0,13
0,4551,1,1,0,0,13
0,4573,1,1,0,0,13
0,4575,1,1,0,0,13
0,4581,1,1,0,0,13
0,4595,1,1,0,0,13
0,4598,1,1,0,0,13
0,4604,1,1,0,0,13
0,4619,1,1,0,0,13
0,4620,1,1,0,0,13
0,4627,1,1,0,0,13
0,4635,1,1,0,0,13
0,4638,1,1,0,0,13
0,4651,1,1,0,0,13
0,4652,1,1,0,0,13
0,4655,1,1,0,0,13
0,4657,1,1,0,0,13
0,4658,1,1,0,0,13
0,4662,1,1,0,0,13
0,4671,1,1,0,0,13
0,4673,1,1,0,0,13
0,4674,1,1,0,0,13
0,4682,1,1,0,0,13
0,4685,1,1,0,0,13
0,4688,1,1,0,0,13
0,4694,1,1,0,0,13
0,4700,1,1,0,0,13
0,4712,1,1,0,0,13
0,4720,1,1,0,0,13
0,4724,1,1,0,0,13
0,4726,1,1,0,0,13
0,4731,1,1,0,0,13
0,4732,1,1,0,0,13
0,4748,1,1,0,0,13
0,4749,1,1,0,0,13
0,4751,1,1,0,0,13
0,4755,1,1,0,0,13
0,4759,1,1,0,0,13
0,4774,1,1,0,0,13
0,4785,1,1,0,0,13
0,4788,1,1,0,0,13
0,4792,1,1,0,0,13
0,4793,1,1,0,0,13
0,4794,1,1,0,0,13
0,4796,1,1,0,0,13
0,4801,1,1,0,0,13
0,4808,1,1,0,0,13
0,4813,1,1,0,0,13
0,4817,1,1,0,0,13
0,4827,1,1,0,0,13
0,4831,1,1,0,0,13
0,4844,1,1,0,0,13
0,4845,1,1,0,0,13
0,4848,1,1,0,0,13
0,4857,1,1,0,0,13
0,4872,1,1,0,0,13
0,4880,1,1,0,0,13
0,4882,1,1,0,0,13
0,4890,1,1,0,0,13
0,4900,1,1,0,0,13
0,4903,1,1,0,0,13
0,4916,1,1,0,0,13
0,4921,1,1,0,0,13
0,4923,1,1,0,0,13
0,4930,1,1,0,0,13
0,4932,1,1,0,0,13
0,4940,1,1,0,0,13
0,4949,1,1,0,0,13
0,4950,1,1,0,0,13
0,4951,1,1,0,0,13
0,4963,1,1,0,0,13
0,4974,1,1,0,0,13
0,4980,1,1,0,0,13
0,4981,1,1,0,0,13
0,4987,1,1,0,0,13
0,4995,1,1,0,0,13
0,37,1,1,0,0,14
0,64,1,1,0,0,14
0,68,1,1,0,0,14
0,70,1,1,0,0,14
0,71,1,1,0,0,14
0,75,1,1,0,0,14
0,79,1,1,0,0,14
0,90,1,1,0,0,14
0,91,1,1,0,0,14
0,173,1,1,0,0,14
0,183,1,1,0,0,14
0,191,1,1,0,0,14
0,200,1,1,0,0,14
0,201,1,1,0,0,14
0,215,1,1,0,0,14
0,218,1,1,0,0,14
0,219,1,1,0,0,14
0,229,1,1,0,0,14
0,242,1,1,0,0,14
0,245,1,1,0,0,14
0,252,1,1,0,0,14
0,263,1,1,0,0,14
0,290,1,1,0,0,14
0,291,1,1,0,0,14
0,300,1,1,0,0,14
0,302,1,1,0,0,14
0,304,1,1,0,0,14
0,310,1,1,0,0,14
0,325,1,1,0,0,14
0,334,1,1,0,0,14
0,366,1,1,0,0,14
0,383,1,1,0,0,14
0,387,1,1,0,0,14
0,431,1,1,0,0,14
0,438,1,1,0,0,14
0,455,1,1,0,0,14
0,457,1,1,0,0,14
0,486,1,1,0,0,14
0,489,1,1,0,0,14
0,510,1,1,0,0,14
0,513,1,1,0,0,14
0,523,1,1,0,0,14
0,539,1,1,0,0,14
0,555,1,1,0,0,14
0,558,1,1,0,0,14
0,561,1,1,0,0,14
0,580,1,1,0,0,14
0,609,1,1,0,0,14
0,623,1,1,0,0,14
0,625,1,1,0,0,14
0,633,1,1,0,0,14
0,642,1,1,0,0,14
0,658,1,1,0,0,14
0,687,1,1,0,0,14
0,724,1,1,0,0,14
0,731,1,1,0,0,14
0,740,1,1,0,0,14
0,758,1,1,0,0,14
0,770,1,1,0,0,14
0,809,1,1,0,0,14
0,821,1,1,0,0,14
0,834,1,1,0,0,14
0,839,1,1,0,0,14
0,870,1,1,0,0,14
0,896,1,1,0,0,14
0,912,1,1,0,0,14
0,927,1,1,0,0,14
0,972,1,1,0,0,14
0,975,1,1,0,0,14
0,982,1,1,0,0,14
0,989,1,1,0,0,14
0,1007,1,1,0,0,14
0,1008,1,1,0,0,14
0,1012,1,1,0,0,14
0,1023,1,1,0,0,14
0,1026,1,1,0,0,14
0,1036,1,1,0,0,14
0,1044,1,1,0,0,14
0,1048,1,1,0,0,14
0,1052,1,1,0,0,14
0,1062,1,1,0,0,14
0,1066,1,1,0,0,14
0,1069,1,1,0,0,14
0,1071,1,1,0,0,14
0,1076,1,1,0,0,14
0,1092,1,1,0,0,14
0,1139,1,1,0,0,14
0,1142,1,1,0,0,14
0,1144,1,1,0,0,14
0,1147,1,1,0,0,14
0,1161,1,1,0,0,14
0,1178,1,1,0,0,14
0,1190,1,1,0,0,14
0,1208,1,1,0,0,14
0,1222,1,1,0,0,14
0,1226,1,1,0,0,14
0,1251,1,1,0,0,14
0,1278,1,1,0,0,14
0,1281,1,1,0,0,14
0,1283,1,1,0,0,14
0,1301,1,1,0,0,14
0,1302,1,1,0,0,14
0,1304,1,1,0,0,14
0,1318,1,1,0,0,14
0,1323,1,1,0,0,14
0,1327,1,1,0,0,14
0,1348,1,1,0,0,14
0,1349,1,1,0,0,14
0,1401,1,1,0,0,14
0,1404,1,1,0,0,14
0,1418,1,1,0,0,14
0,1431,1,1,0,0,14
0,1438,1,1,0,0,14
0,1462,1,1,0,0,14
0,1471,1,1,0,0,14
0,1493,1,1,0,0,14
0,1502,1,1,0,0,14
0,1507,1,1,0,0,14
0,1508,1,1,0,0,14
0,1522,1,1,0,0,14
0,1581,1,1,0,0,14
0,1588,1,1,0,0,14
0,1597,1,1,0,0,14
0,1608,1,1,0,0,14
0,1624,1,1,0,0,14
0,1641,1,1,0,0,14
0,1647,1,1,0,0,14
0,1653,1,1,0,0,14
0,1662,1,1,0,0,14
0,1677,1,1,0,0,14
0,1678,1,1,0,0,14
0,1683,1,1,0,0,14
0,1710,1,1,0,0,14
0,1719,1,1,0,0,14
0,1722,1,1,0,0,14
0,1751,1,1,0,0,14
0,1753,1,1,0,0,14
0,1778,1,1,0,0,14
0,1786,1,1,0,0,14
0,1799,1,1,0,0,14
0,1806,1,1,0,0,14
0,1815,1,1,0,0,14
0,1824,1,1,0,0,14
0,1830,1,1,0,0,14
0,1834,1,1,0,0,14
0,1841,1,1,0,0,14
0,1844,1,1,0,0,14
0,1858,1,1,0,0,14
0,1878,1,1,0,0,14
0,1918,1,1,0,0,14
0,1922,1,1,0,0,14
0,1925,1,1,0,0,14
0,1961,1,1,0,0,14
0,1966,1,1,0,0,14
0,1981,1,1,0,0,14
0,1991,1,1,0,0,14
0,2009,1,1,0,0,14
0,2020,1,1,0,0,14
0,2049,1,1,0,0,14
0,2060,1,1,0,0,14
0,2061,1,1,0,0,14
0,2064,1,1,0,0,14
0,2075,1,1,0,0,14
0,2083,1,1,0,0,14
0,2102,1,1,0,0,14
0,2133,1,1,0,0,14
0,2137,1,1,0,0,14
0,2161,1,1,0,0,14
0,2181,1,1,0,0,14
0,2182,1,1,0,0,14
0,2187,1,1,0,0,14
0,2206,1,1,0,0,14
0,2222,1,1,0,0,14
0,2230,1,1,0,0,14
0,2231,1,1,0,0,14
0,2233,1,1,0,0,14
0,2242,1,1,0,0,14
0,2248,1,1,0,0,14
0,2272,1,1,0,0,14
0,2277,1,1,0,0,14
0,2289,1,1,0,0,14
0,2300,1,1,0,0,14
0,2310,1,1,0,0,14
0,2319,1,1,0,0,14
0,2323,1,1,0,0,14
0,2333,1,1,0,0,14
0,2342,1,1,0,0,14
0,2354,1,1,0,0,14
0,2371,1,1,0,0,14
0,2439,1,1,0,0,14
0,2449,1,1,0,0,14
0,2471,1,1,0,0,14
0,2476,1,1,0,0,14
0,2497,1,1,0,0,14
0,2501,1,1,0,0,14
0,2502,1,1,0,0,14
0,2538,1,1,0,0,14
0,2566,1,1,0,0,14
0,2567,1,1,0,0,14
0,2609,1,1,0,0,14
0,2612,1,1,0,0,14
0,2616,1,1,0,0,14
0,2620,1,1,0,0,14
0,2642,1,1,0,0,14
0,2649,1,1,0,0,14
0,2679,1,1,0,0,14
0,2710,1,1,0,0,14
0,2757,1,1,0,0,14
0,2771,1,1,0,0,14
0,2772,1,1,0,0,14
0,2794,1,1,0,0,14
0,2809,1,1,0,0,14
0,2826,1,1,0,0,14
0,2840,1,1,0,0,14
0,2881,1,1,0,0,14
0,2917,1,1,0,0,14
0,2922,1,1,0,0,14
0,2955,1,1,0,0,14
0,2972,1,1,0,0,14
0,2988,1,1,0,0,14
0,3057,1,1,0,0,14
0,3072,1,1,0,0,14
0,3074,1,1,0,0,14
0,3080,1,1,0,0,14
0,3081,1,1,0,0,14
0,3128,1,1,0,0,14
0,3132,1,1,0,0,14
0,3133,1,1,0,0,14
0,3140,1,1,0,0,14
0,3147,1,1,0,0,14
0,3159,1,1,0,0,14
0,3220,1,1,0,0,14
0,3245,1,1,0,0,14
0,3249,1,1,0,0,14
0,3267,1,1,0,0,14
0,3271,1,1,0,0,14
0,3273,1,1,0,0,14
0,3276,1,1,0,0,14
0,3288,1,1,0,0,14
0,3311,1,1,0,0,14
0,3328,1,1,0,0,14
0,3346,1,1,0,0,14
0,3355,1,1,0,0,14
0,3359,1,1,0,0,14
0,3361,1,1,0,0,14
0,3363,1,1,0,0,14
0,3381,1,1,0,0,14
0,3390,1,1,0,0,14
0,3440,1,1,0,0,14
0,3447,1,1,0,0,14
0,3484,1,1,0,0,14
0,3489,1,1,0,0,14
0,3497,1,1,0,0,14
0,3537,1,1,0,0,14
0,3551,1,1,0,0,14
0,3552,1,1,0,0,14
0,3573,1,1,0,0,14
0,3581,1,1,0,0,14
0,3645,1,1,0,0,14
0,3647,1,1,0,0,14
0,3681,1,1,0,0,14
0,3685,1,1,0,0,14
0,3687,1,1,0,0,14
0,3709,1,1,0,0,14
0,3710,1,1,0,0,14
0,3726,1,1,0,0,14
0,3784,1,1,0,0,14
0,3789,1,1,0,0,14
0,3792,1,1,0,0,14
0,3800,1,1,0,0,14
0,3829,1,1,0,0,14
0,3845,1,1,0,0,14
0,3878,1,1,0,0,14
0,3881,1,1,0,0,14
0,3886,1,1,0,0,14
0,3938,1,1,0,0,14
0,3940,1,1,0,0,14
0,3951,1,1,0,0,14
0,3954,1,1,0,0,14
0,4009,1,1,0,0,14
0,4023,1,1,0,0,14
0,4024,1,1,0,0,14
0,4027,1,1,0,0,14
0,4065,1,1,0,0,14
0,4068,1,1,0,0,14
0,4074,1,1,0,0,14
0,4090,1,1,0,0,14
0,4105,1,1,0,0,14
0,4115,1,1,0,0,14
0,4120,1,1,0,0,14
0,4128,1,1,0,0,14
0,4135,1,1,0,0,14
0,4146,1,1,0,0,14
0,4147,1,1,0,0,14
0,4173,1,1,0,0,14
0,4175,1,1,0,0,14
0,4204,1,1,0,0,14
0,4255,1,1,0,0,14
0,4256,1,1,0,0,14
0,4262,1,1,0,0,14
0,4270,1,1,0,0,14
0,4276,1,1,0,0,14
0,4286,1,1,0,0,14
0,4295,1,1,0,0,14
0,4298,1,1,0,0,14
0,4308,1,1,0,0,14
0,4322,1,1,0,0,14
0,4339,1,1,0,0,14
0,4354,1,1,0,0,14
0,4360,1,1,0,0,14
0,4384,1,1,0,0,14
0,4409,1,1,0,0,14
0,4424,1,1,0,0,14
0,4440,1,1,0,0,14
0,4443,1,1,0,0,14
0,4444,1,1,0,0,14
0,4449,1,1,0,0,14
0,4476,1,1,0,0,14
0,4480,1,1,0,0,14
0,4482,1,1,0,0,14
0,4489,1,1,0,0,14
0,4493,1,1,0,0,14
0,4497,1,1,0,0,14
0,4499,1,1,0,0,14
0,4507,1,1,0,0,14
0,4518,1,1,0,0,14
0,4559,1,1,0,0,14
0,4583,1,1,0,0,14
0,4596,1,1,0,0,14
0,4599,1,1,0,0,14
0,4629,1,1,0,0,14
0,4634,1,1,0,0,14
0,4670,1,1,0,0,14
0,4699,1,1,0,0,14
0,4710,1,1,0,0,14
0,4715,1,1,0,0,14
0,4725,1,1,0,0,14
0,4730,1,1,0,0,14
0,4741,1,1,0,0,14
0,4752,1,1,0,0,14
0,4754,1,1,0,0,14
0,4761,1,1,0,0,14
0,4773,1,1,0,0,14
0,4784,1,1,0,0,14
0,4787,1,1,0,0,14
0,4798,1,1,0,0,14
0,4799,1,1,0,0,14
0,4811,1,1,0,0,14
0,4819,1,1,0,0,14
0,4823,1,1,0,0,14
0,4834,1,1,0,0,14
0,4838,1,1,0,0,14
0,4840,1,1,0,0,14
0,4854,1,1,0,0,14
0,4855,1,1,0,0,14
0,4869,1,1,0,0,14
0,4870,1,1,0,0,14
0,4892,1,1,0,0,14
0,4933,1,1,0,0,14
0,4947,1,1,0,0,14
0,4957,1,1,0,0,14
0,4994,1,1,0,0,14
