segment,cell,copiesX,copiesY
0,0,3,0
1,0,1,1
2,0,2,1
3,0,1,0
4,0,1,1
5,0,1,1
6,0,1,1
7,0,1,2
8,0,2,3
9,0,1,1
10,0,1,1
11,0,1,1
12,0,1,3
13,0,1,1
14,0,1,3
0,1,3,0
1,1,1,1
2,1,3,3
3,1,1,2
4,1,1,1
5,1,1,1
6,1,1,1
7,1,1,2
8,1,1,2
9,1,1,1
10,1,1,1
11,1,1,1
12,1,1,3
13,1,1,1
14,1,1,3
0,2,3,0
1,2,1,1
2,2,1,1
3,2,1,2
4,2,1,1
5,2,1,1
6,2,1,1
7,2,3,0
8,2,1,1
9,2,1,1
10,2,1,1
11,2,1,1
12,2,3,3
13,2,3,2
14,2,1,1
0,3,3,0
1,3,1,1
2,3,2,1
3,3,1,0
4,3,1,1
5,3,1,1
6,3,1,1
7,3,1,2
8,3,2,3
9,3,1,1
10,3,1,1
11,3,1,1
12,3,1,3
13,3,1,1
14,3,1,3
0,4,3,0
1,4,1,1
2,4,1,1
3,4,1,2
4,4,1,1
5,4,1,1
6,4,1,1
7,4,3,0
8,4,1,1
9,4,1,1
10,4,1,1
11,4,1,1
12,4,3,3
13,4,3,2
14,4,1,1
0,5,3,0
1,5,1,1
2,5,3,3
3,5,1,2
4,5,1,1
5,5,1,1
6,5,1,1
7,5,1,2
8,5,1,2
9,5,1,1
10,5,1,1
11,5,1,1
12,5,1,3
13,5,1,1
14,5,1,3
0,6,3,0
1,6,1,1
2,6,1,1
3,6,1,2
4,6,1,1
5,6,1,1
6,6,1,1
7,6,1,1
8,6,1,1
9,6,1,1
10,6,1,1
11,6,1,1
12,6,2,1
13,6,3,2
14,6,1,1
0,7,1,1
1,7,1,1
2,7,1,1
3,7,1,1
4,7,1,1
5,7,1,1
6,7,1,1
7,7,1,1
8,7,1,1
9,7,1,1
10,7,1,1
11,7,1,1
12,7,1,1
13,7,1,1
14,7,1,1
0,8,3,0
1,8,1,1
2,8,2,1
3,8,1,2
4,8,1,1
5,8,1,1
6,8,1,1
7,8,1,2
8,8,2,3
9,8,1,1
10,8,1,1
11,8,1,1
12,8,1,3
13,8,1,1
14,8,1,3
0,9,3,0
1,9,1,1
2,9,3,3
3,9,1,2
4,9,1,1
5,9,1,1
6,9,1,1
7,9,1,2
8,9,1,2
9,9,1,1
10,9,1,1
11,9,1,1
12,9,1,3
13,9,1,1
14,9,1,3
0,10,3,0
1,10,1,1
2,10,1,1
3,10,1,2
4,10,1,1
5,10,1,1
6,10,1,1
7,10,3,0
8,10,1,1
9,10,1,1
10,10,1,1
11,10,1,1
12,10,3,3
13,10,3,2
14,10,1,1
0,11,3,0
1,11,1,1
2,11,1,1
3,11,1,2
4,11,1,1
5,11,1,1
6,11,1,1
7,11,3,0
8,11,1,1
9,11,1,1
10,11,1,1
11,11,1,1
12,11,3,3
13,11,3,2
14,11,1,1
0,12,3,0
1,12,1,1
2,12,3,3
3,12,1,2
4,12,1,3
5,12,1,2
6,12,1,1
7,12,1,2
8,12,1,1
9,12,1,1
10,12,1,1
11,12,1,1
12,12,1,3
13,12,1,1
14,12,1,3
0,13,1,1
1,13,1,1
2,13,1,1
3,13,1,1
4,13,1,1
5,13,1,1
6,13,1,1
7,13,1,1
8,13,1,1
9,13,1,1
10,13,1,1
11,13,1,1
12,13,1,1
13,13,1,1
14,13,1,1
0,14,3,0
1,14,1,1
2,14,2,1
3,14,1,0
4,14,1,1
5,14,1,1
6,14,1,1
7,14,1,2
8,14,2,3
9,14,1,1
10,14,1,1
11,14,1,1
12,14,1,3
13,14,1,1
14,14,1,3
0,15,3,0
1,15,1,1
2,15,3,3
3,15,1,2
4,15,1,3
5,15,1,2
6,15,1,1
7,15,1,2
8,15,1,1
9,15,1,1
10,15,1,1
11,15,1,1
12,15,1,3
13,15,1,1
14,15,1,3
0,16,3,0
1,16,1,1
2,16,1,1
3,16,1,2
4,16,1,1
5,16,1,1
6,16,1,1
7,16,3,0
8,16,1,1
9,16,1,1
10,16,1,1
11,16,1,1
12,16,3,3
13,16,3,2
14,16,1,1
0,17,3,0
1,17,1,1
2,17,3,3
3,17,1,2
4,17,1,3
5,17,1,2
6,17,1,1
7,17,1,2
8,17,1,1
9,17,1,1
10,17,1,1
11,17,1,1
12,17,1,3
13,17,1,1
14,17,1,3
0,18,3,0
1,18,1,1
2,18,2,1
3,18,1,2
4,18,1,1
5,18,1,1
6,18,1,1
7,18,1,2
8,18,2,3
9,18,1,1
10,18,1,1
11,18,1,1
12,18,1,3
13,18,1,1
14,18,1,3
0,19,1,1
1,19,1,1
2,19,1,1
3,19,1,1
4,19,1,1
5,19,1,1
6,19,1,1
7,19,1,1
8,19,1,1
9,19,1,1
10,19,1,1
11,19,1,1
12,19,1,1
13,19,1,1
14,19,1,1
0,20,3,0
1,20,1,1
2,20,1,1
3,20,1,2
4,20,1,1
5,20,1,1
6,20,1,1
7,20,3,0
8,20,1,1
9,20,1,1
10,20,1,1
11,20,1,1
12,20,3,3
13,20,3,2
14,20,1,1
0,21,3,0
1,21,1,1
2,21,2,1
3,21,1,0
4,21,1,1
5,21,1,1
6,21,1,1
7,21,1,2
8,21,2,3
9,21,1,1
10,21,1,1
11,21,1,1
12,21,1,3
13,21,1,1
14,21,1,3
0,22,3,0
1,22,1,1
2,22,3,3
3,22,1,2
4,22,1,1
5,22,1,1
6,22,1,1
7,22,1,2
8,22,1,2
9,22,1,1
10,22,1,1
11,22,1,1
12,22,1,3
13,22,1,1
14,22,1,3
0,23,1,1
1,23,1,1
2,23,1,1
3,23,1,1
4,23,1,1
5,23,1,1
6,23,1,1
7,23,1,1
8,23,1,1
9,23,1,1
10,23,1,1
11,23,1,1
12,23,1,1
13,23,1,1
14,23,1,1
0,24,3,0
1,24,1,1
2,24,2,1
3,24,1,2
4,24,1,1
5,24,1,1
6,24,1,1
7,24,1,2
8,24,2,3
9,24,1,1
10,24,1,1
11,24,1,1
12,24,1,3
13,24,1,1
14,24,1,3
0,25,3,0
1,25,1,1
2,25,2,1
3,25,1,2
4,25,1,1
5,25,1,1
6,25,1,1
7,25,1,2
8,25,2,3
9,25,1,1
10,25,1,1
11,25,1,1
12,25,1,3
13,25,1,1
14,25,1,3
0,26,3,0
1,26,1,1
2,26,1,1
3,26,1,2
4,26,1,1
5,26,1,1
6,26,1,1
7,26,3,0
8,26,1,1
9,26,1,1
10,26,1,1
11,26,1,1
12,26,3,3
13,26,3,2
14,26,1,1
0,27,3,0
1,27,1,1
2,27,3,3
3,27,1,2
4,27,1,1
5,27,1,1
6,27,1,1
7,27,1,2
8,27,1,2
9,27,1,1
10,27,1,1
11,27,1,1
12,27,1,3
13,27,1,1
14,27,1,3
0,28,3,0
1,28,1,1
2,28,3,3
3,28,1,2
4,28,1,3
5,28,1,2
6,28,1,1
7,28,1,2
8,28,1,1
9,28,1,1
10,28,1,1
11,28,1,1
12,28,1,3
13,28,1,1
14,28,1,3
0,29,3,0
1,29,1,1
2,29,2,1
3,29,1,2
4,29,1,1
5,29,1,1
6,29,1,1
7,29,1,2
8,29,2,3
9,29,1,1
10,29,1,1
11,29,1,1
12,29,1,3
13,29,1,1
14,29,1,3
0,30,3,0
1,30,1,1
2,30,2,1
3,30,1,2
4,30,1,1
5,30,1,1
6,30,1,1
7,30,1,2
8,30,2,3
9,30,1,1
10,30,1,1
11,30,1,1
12,30,1,3
13,30,1,1
14,30,1,3
0,31,3,0
1,31,1,1
2,31,3,3
3,31,1,2
4,31,1,1
5,31,1,1
6,31,1,1
7,31,1,2
8,31,1,2
9,31,1,1
10,31,1,1
11,31,1,1
12,31,1,3
13,31,1,1
14,31,1,3
0,32,3,0
1,32,1,1
2,32,3,3
3,32,1,2
4,32,1,1
5,32,1,1
6,32,1,1
7,32,1,2
8,32,1,2
9,32,1,1
10,32,1,1
11,32,1,1
12,32,1,3
13,32,1,1
14,32,1,3
0,33,3,0
1,33,1,1
2,33,1,1
3,33,1,2
4,33,1,1
5,33,1,1
6,33,1,1
7,33,1,1
8,33,1,1
9,33,1,1
10,33,1,1
11,33,1,1
12,33,2,1
13,33,3,2
14,33,1,1
0,34,3,0
1,34,1,1
2,34,2,1
3,34,1,2
4,34,1,1
5,34,1,1
6,34,1,1
7,34,1,2
8,34,2,3
9,34,1,1
10,34,1,1
11,34,1,1
12,34,1,3
13,34,1,1
14,34,1,3
0,35,3,0
1,35,1,1
2,35,3,3
3,35,1,2
4,35,1,1
5,35,1,1
6,35,1,1
7,35,1,2
8,35,1,2
9,35,1,1
10,35,1,1
11,35,1,1
12,35,1,3
13,35,1,1
14,35,1,3
0,36,3,0
1,36,1,3
2,36,1,1
3,36,3,2
4,36,1,1
5,36,3,2
6,36,1,1
7,36,2,0
8,36,1,1
9,36,3,1
10,36,1,1
11,36,3,1
12,36,1,1
13,36,1,2
14,36,1,1
0,37,3,0
1,37,1,1
2,37,1,1
3,37,1,2
4,37,1,1
5,37,1,1
6,37,1,1
7,37,3,0
8,37,1,1
9,37,1,1
10,37,1,1
11,37,1,1
12,37,3,3
13,37,3,2
14,37,1,1
0,38,3,0
1,38,1,1
2,38,1,1
3,38,1,2
4,38,1,1
5,38,1,1
6,38,1,1
7,38,1,1
8,38,1,1
9,38,1,1
10,38,1,1
11,38,1,1
12,38,2,1
13,38,3,2
14,38,1,1
0,39,3,0
1,39,1,1
2,39,2,1
3,39,1,2
4,39,1,1
5,39,1,1
6,39,1,1
7,39,1,2
8,39,2,3
9,39,1,1
10,39,1,1
11,39,1,1
12,39,1,3
13,39,1,1
14,39,1,3
0,40,3,0
1,40,1,1
2,40,3,3
3,40,1,2
4,40,1,1
5,40,1,1
6,40,1,1
7,40,1,2
8,40,1,2
9,40,1,1
10,40,1,1
11,40,1,1
12,40,1,3
13,40,1,1
14,40,1,3
0,41,3,0
1,41,1,1
2,41,3,3
3,41,1,2
4,41,1,3
5,41,1,2
6,41,1,1
7,41,1,2
8,41,1,1
9,41,1,1
10,41,1,1
11,41,1,1
12,41,1,3
13,41,1,1
14,41,1,3
0,42,3,0
1,42,1,1
2,42,2,1
3,42,1,2
4,42,1,1
5,42,1,1
6,42,1,1
7,42,1,2
8,42,2,3
9,42,1,1
10,42,1,1
11,42,1,1
12,42,1,3
13,42,1,1
14,42,1,3
0,43,3,0
1,43,1,1
2,43,2,1
3,43,1,2
4,43,1,1
5,43,1,1
6,43,1,1
7,43,1,2
8,43,2,3
9,43,1,1
10,43,1,1
11,43,1,1
12,43,1,3
13,43,1,1
14,43,1,3
0,44,2,3
1,44,1,1
2,44,1,1
3,44,1,1
4,44,1,1
5,44,1,1
6,44,1,1
7,44,1,1
8,44,1,1
9,44,1,1
10,44,1,1
11,44,1,1
12,44,1,1
13,44,1,1
14,44,1,1
0,45,3,0
1,45,1,1
2,45,3,3
3,45,1,2
4,45,1,1
5,45,1,1
6,45,1,1
7,45,1,2
8,45,1,2
9,45,1,1
10,45,1,1
11,45,1,1
12,45,1,3
13,45,1,1
14,45,1,3
0,46,3,0
1,46,1,1
2,46,3,3
3,46,1,2
4,46,3,3
5,46,1,2
6,46,1,1
7,46,1,2
8,46,1,1
9,46,1,1
10,46,1,1
11,46,1,1
12,46,1,3
13,46,1,1
14,46,1,3
0,47,3,0
1,47,1,1
2,47,2,1
3,47,1,2
4,47,1,1
5,47,1,1
6,47,1,1
7,47,1,2
8,47,2,3
9,47,1,1
10,47,1,1
11,47,1,1
12,47,1,3
13,47,1,1
14,47,1,3
0,48,3,0
1,48,1,1
2,48,2,1
3,48,1,2
4,48,1,1
5,48,1,1
6,48,1,1
7,48,1,2
8,48,2,3
9,48,1,1
10,48,1,1
11,48,1,1
12,48,1,3
13,48,1,1
14,48,1,3
0,49,1,1
1,49,1,1
2,49,1,1
3,49,1,1
4,49,1,1
5,49,1,1
6,49,1,1
7,49,1,1
8,49,1,1
9,49,1,1
10,49,1,1
11,49,1,1
12,49,1,1
13,49,1,1
14,49,1,1
0,50,2,3
1,50,1,1
2,50,1,1
3,50,1,1
4,50,1,1
5,50,1,1
6,50,1,1
7,50,1,1
8,50,1,1
9,50,1,1
10,50,1,1
11,50,1,1
12,50,1,1
13,50,1,1
14,50,1,1
0,51,3,0
1,51,1,1
2,51,3,3
3,51,1,2
4,51,1,3
5,51,1,2
6,51,1,1
7,51,1,2
8,51,1,1
9,51,1,1
10,51,1,1
11,51,1,1
12,51,1,3
13,51,1,1
14,51,1,3
0,52,3,0
1,52,1,1
2,52,3,3
3,52,1,2
4,52,3,3
5,52,1,2
6,52,1,1
7,52,1,2
8,52,1,1
9,52,1,1
10,52,1,1
11,52,1,1
12,52,1,3
13,52,1,1
14,52,1,3
0,53,3,0
1,53,1,1
2,53,2,1
3,53,1,2
4,53,1,1
5,53,1,1
6,53,1,1
7,53,1,2
8,53,2,3
9,53,1,1
10,53,1,1
11,53,1,1
12,53,1,3
13,53,1,1
14,53,1,3
0,54,3,0
1,54,1,1
2,54,2,1
3,54,1,2
4,54,1,1
5,54,1,1
6,54,1,1
7,54,1,2
8,54,2,3
9,54,1,1
10,54,1,1
11,54,1,1
12,54,1,3
13,54,1,1
14,54,1,3
0,55,3,0
1,55,1,1
2,55,2,1
3,55,1,0
4,55,1,1
5,55,1,1
6,55,1,1
7,55,1,2
8,55,2,3
9,55,1,1
10,55,1,1
11,55,1,1
12,55,1,3
13,55,1,1
14,55,1,3
0,56,3,0
1,56,1,1
2,56,1,1
3,56,1,2
4,56,1,1
5,56,1,1
6,56,1,1
7,56,3,0
8,56,1,1
9,56,1,1
10,56,1,1
11,56,1,1
12,56,3,3
13,56,3,2
14,56,1,1
0,57,3,0
1,57,1,1
2,57,2,1
3,57,1,0
4,57,1,1
5,57,1,1
6,57,1,1
7,57,1,2
8,57,2,3
9,57,1,1
10,57,1,1
11,57,1,1
12,57,1,3
13,57,1,1
14,57,1,3
0,58,3,0
1,58,1,3
2,58,1,1
3,58,3,2
4,58,1,1
5,58,3,2
6,58,1,1
7,58,2,0
8,58,1,1
9,58,3,1
10,58,1,1
11,58,3,1
12,58,1,1
13,58,1,2
14,58,1,1
0,59,3,0
1,59,1,1
2,59,2,1
3,59,1,0
4,59,1,1
5,59,1,1
6,59,1,1
7,59,1,2
8,59,2,3
9,59,1,1
10,59,1,1
11,59,1,1
12,59,1,3
13,59,1,1
14,59,1,3
0,60,3,0
1,60,1,1
2,60,2,1
3,60,1,2
4,60,1,1
5,60,1,1
6,60,1,1
7,60,1,2
8,60,2,3
9,60,1,1
10,60,1,1
11,60,1,1
12,60,1,3
13,60,1,1
14,60,1,3
0,61,3,0
1,61,1,1
2,61,1,1
3,61,1,2
4,61,1,1
5,61,1,1
6,61,1,1
7,61,3,0
8,61,1,1
9,61,1,1
10,61,1,1
11,61,1,1
12,61,3,3
13,61,3,2
14,61,1,1
0,62,3,0
1,62,1,1
2,62,1,1
3,62,1,2
4,62,1,1
5,62,1,1
6,62,1,1
7,62,1,1
8,62,1,1
9,62,1,1
10,62,1,1
11,62,1,1
12,62,2,1
13,62,3,2
14,62,1,1
0,63,3,0
1,63,1,1
2,63,3,3
3,63,1,2
4,63,1,1
5,63,1,1
6,63,1,1
7,63,1,2
8,63,1,2
9,63,1,1
10,63,1,1
11,63,1,1
12,63,1,3
13,63,1,1
14,63,1,3
0,64,3,0
1,64,1,1
2,64,2,1
3,64,1,2
4,64,1,1
5,64,1,1
6,64,1,1
7,64,1,2
8,64,2,3
9,64,1,1
10,64,1,1
11,64,1,1
12,64,1,3
13,64,1,1
14,64,1,3
0,65,3,0
1,65,1,1
2,65,1,1
3,65,1,2
4,65,1,1
5,65,1,1
6,65,1,1
7,65,1,1
8,65,1,1
9,65,1,1
10,65,1,1
11,65,1,1
12,65,2,1
13,65,3,2
14,65,1,1
0,66,3,0
1,66,1,1
2,66,1,1
3,66,1,2
4,66,1,1
5,66,1,1
6,66,1,1
7,66,3,0
8,66,1,1
9,66,1,1
10,66,1,1
11,66,1,1
12,66,3,3
13,66,3,2
14,66,1,1
0,67,2,3
1,67,1,1
2,67,1,1
3,67,1,1
4,67,1,1
5,67,1,1
6,67,1,1
7,67,1,1
8,67,1,1
9,67,1,1
10,67,1,1
11,67,1,1
12,67,1,1
13,67,1,1
14,67,1,1
0,68,3,0
1,68,1,1
2,68,3,3
3,68,1,2
4,68,3,3
5,68,1,2
6,68,1,1
7,68,1,2
8,68,1,1
9,68,1,1
10,68,1,1
11,68,1,1
12,68,1,3
13,68,1,1
14,68,1,3
0,69,1,1
1,69,1,1
2,69,1,1
3,69,1,1
4,69,1,1
5,69,1,1
6,69,1,1
7,69,1,1
8,69,1,1
9,69,1,1
10,69,1,1
11,69,1,1
12,69,1,1
13,69,1,1
14,69,1,1
0,70,1,1
1,70,1,1
2,70,1,1
3,70,1,1
4,70,1,1
5,70,1,1
6,70,1,1
7,70,1,1
8,70,1,1
9,70,1,1
10,70,1,1
11,70,1,1
12,70,1,1
13,70,1,1
14,70,1,1
0,71,3,0
1,71,1,1
2,71,2,1
3,71,1,0
4,71,1,1
5,71,1,1
6,71,1,1
7,71,1,2
8,71,2,3
9,71,1,1
10,71,1,1
11,71,1,1
12,71,1,3
13,71,1,1
14,71,1,3
0,72,3,0
1,72,1,1
2,72,2,1
3,72,1,2
4,72,1,1
5,72,1,1
6,72,1,1
7,72,1,2
8,72,2,3
9,72,1,1
10,72,1,1
11,72,1,1
12,72,1,3
13,72,1,1
14,72,1,3
0,73,3,0
1,73,1,1
2,73,2,1
3,73,1,2
4,73,1,1
5,73,1,1
6,73,1,1
7,73,1,2
8,73,2,3
9,73,1,1
10,73,1,1
11,73,1,1
12,73,1,3
13,73,1,1
14,73,1,3
0,74,3,0
1,74,1,3
2,74,1,1
3,74,3,2
4,74,1,1
5,74,3,2
6,74,1,1
7,74,2,0
8,74,1,1
9,74,3,1
10,74,1,1
11,74,3,1
12,74,1,1
13,74,1,2
14,74,1,1
0,75,3,0
1,75,1,1
2,75,2,1
3,75,1,2
4,75,1,1
5,75,1,1
6,75,1,1
7,75,1,2
8,75,2,3
9,75,1,1
10,75,1,1
11,75,1,1
12,75,1,3
13,75,1,1
14,75,1,3
0,76,3,0
1,76,1,1
2,76,2,1
3,76,1,2
4,76,1,1
5,76,1,1
6,76,1,1
7,76,1,2
8,76,2,3
9,76,1,1
10,76,1,1
11,76,1,1
12,76,1,3
13,76,1,1
14,76,1,3
0,77,3,0
1,77,1,1
2,77,2,1
3,77,1,2
4,77,1,1
5,77,1,1
6,77,1,1
7,77,1,2
8,77,2,3
9,77,1,1
10,77,1,1
11,77,1,1
12,77,1,3
13,77,1,1
14,77,1,3
0,78,1,1
1,78,1,1
2,78,1,1
3,78,1,1
4,78,1,1
5,78,1,1
6,78,1,1
7,78,1,1
8,78,1,1
9,78,1,1
10,78,1,1
11,78,1,1
12,78,1,1
13,78,1,1
14,78,1,1
0,79,1,1
1,79,1,1
2,79,1,1
3,79,1,1
4,79,1,1
5,79,1,1
6,79,1,1
7,79,1,1
8,79,1,1
9,79,1,1
10,79,1,1
11,79,1,1
12,79,1,1
13,79,1,1
14,79,1,1
0,80,1,1
1,80,1,1
2,80,1,1
3,80,1,1
4,80,1,1
5,80,1,1
6,80,1,1
7,80,1,1
8,80,1,1
9,80,1,1
10,80,1,1
11,80,1,1
12,80,1,1
13,80,1,1
14,80,1,1
0,81,3,0
1,81,1,1
2,81,3,3
3,81,1,2
4,81,3,3
5,81,1,2
6,81,1,1
7,81,1,2
8,81,1,1
9,81,1,1
10,81,1,1
11,81,1,1
12,81,1,3
13,81,1,1
14,81,1,3
0,82,3,0
1,82,1,1
2,82,2,1
3,82,1,2
4,82,1,1
5,82,1,1
6,82,1,1
7,82,1,2
8,82,2,3
9,82,1,1
10,82,1,1
11,82,1,1
12,82,1,3
13,82,1,1
14,82,1,3
0,83,3,0
1,83,1,1
2,83,2,1
3,83,1,2
4,83,1,1
5,83,1,1
6,83,1,1
7,83,1,2
8,83,2,3
9,83,1,1
10,83,1,1
11,83,1,1
12,83,1,3
13,83,1,1
14,83,1,3
0,84,3,0
1,84,1,1
2,84,2,1
3,84,1,2
4,84,1,1
5,84,1,1
6,84,1,1
7,84,1,2
8,84,2,3
9,84,1,1
10,84,1,1
11,84,1,1
12,84,1,3
13,84,1,1
14,84,1,3
0,85,2,3
1,85,1,1
2,85,1,1
3,85,1,1
4,85,1,1
5,85,1,1
6,85,1,1
7,85,1,1
8,85,1,1
9,85,1,1
10,85,1,1
11,85,1,1
12,85,1,1
13,85,1,1
14,85,1,1
0,86,1,1
1,86,1,1
2,86,1,1
3,86,1,1
4,86,1,1
5,86,1,1
6,86,1,1
7,86,1,1
8,86,1,1
9,86,1,1
10,86,1,1
11,86,1,1
12,86,1,1
13,86,1,1
14,86,1,1
0,87,3,0
1,87,1,3
2,87,1,1
3,87,3,2
4,87,1,1
5,87,3,2
6,87,1,1
7,87,2,0
8,87,1,1
9,87,3,1
10,87,1,1
11,87,3,1
12,87,1,1
13,87,1,2
14,87,1,1
0,88,3,0
1,88,1,1
2,88,2,1
3,88,1,0
4,88,1,1
5,88,1,1
6,88,1,1
7,88,1,2
8,88,2,3
9,88,1,1
10,88,1,1
11,88,1,1
12,88,1,3
13,88,1,1
14,88,1,3
0,89,2,3
1,89,1,1
2,89,1,1
3,89,1,1
4,89,1,1
5,89,1,1
6,89,1,1
7,89,1,1
8,89,1,1
9,89,1,1
10,89,1,1
11,89,1,1
12,89,1,1
13,89,1,1
14,89,1,1
0,90,2,3
1,90,1,1
2,90,1,1
3,90,1,1
4,90,1,1
5,90,1,1
6,90,1,1
7,90,1,1
8,90,1,1
9,90,1,1
10,90,1,1
11,90,1,1
12,90,1,1
13,90,1,1
14,90,1,1
0,91,3,0
1,91,1,1
2,91,2,1
3,91,1,2
4,91,1,1
5,91,1,1
6,91,1,1
7,91,1,2
8,91,2,3
9,91,1,1
10,91,1,1
11,91,1,1
12,91,1,3
13,91,1,1
14,91,1,3
0,92,3,0
1,92,1,3
2,92,1,1
3,92,3,2
4,92,1,1
5,92,3,2
6,92,1,1
7,92,2,0
8,92,1,1
9,92,3,1
10,92,1,1
11,92,3,1
12,92,1,1
13,92,1,2
14,92,1,1
0,93,3,0
1,93,1,1
2,93,1,1
3,93,1,2
4,93,1,1
5,93,1,1
6,93,1,1
7,93,3,0
8,93,1,1
9,93,1,1
10,93,1,1
11,93,1,1
12,93,3,3
13,93,3,2
14,93,1,1
0,94,1,1
1,94,1,1
2,94,1,1
3,94,1,1
4,94,1,1
5,94,1,1
6,94,1,1
7,94,1,1
8,94,1,1
9,94,1,1
10,94,1,1
11,94,1,1
12,94,1,1
13,94,1,1
14,94,1,1
0,95,3,0
1,95,1,1
2,95,2,1
3,95,1,0
4,95,1,1
5,95,1,1
6,95,1,1
7,95,1,2
8,95,2,3
9,95,1,1
10,95,1,1
11,95,1,1
12,95,1,3
13,95,1,1
14,95,1,3
0,96,3,0
1,96,1,3
2,96,1,1
3,96,3,2
4,96,1,1
5,96,3,2
6,96,1,1
7,96,2,0
8,96,1,1
9,96,3,1
10,96,1,1
11,96,3,1
12,96,1,1
13,96,1,2
14,96,1,1
0,97,3,0
1,97,1,1
2,97,2,1
3,97,1,2
4,97,1,1
5,97,1,1
6,97,1,1
7,97,1,2
8,97,2,3
9,97,1,1
10,97,1,1
11,97,1,1
12,97,1,3
13,97,1,1
14,97,1,3
0,98,3,0
1,98,1,1
2,98,2,1
3,98,1,0
4,98,1,1
5,98,1,1
6,98,1,1
7,98,1,2
8,98,2,3
9,98,1,1
10,98,1,1
11,98,1,1
12,98,1,3
13,98,1,1
14,98,1,3
0,99,3,0
1,99,1,3
2,99,1,1
3,99,3,2
4,99,1,1
5,99,3,2
6,99,1,1
7,99,2,0
8,99,1,1
9,99,3,1
10,99,1,1
11,99,3,1
12,99,1,1
13,99,1,2
14,99,1,1
0,100,3,0
1,100,1,1
2,100,2,1
3,100,1,2
4,100,1,1
5,100,1,1
6,100,1,1
7,100,1,2
8,100,2,3
9,100,1,1
10,100,1,1
11,100,1,1
12,100,1,3
13,100,1,1
14,100,1,3
0,101,3,0
1,101,1,1
2,101,1,1
3,101,1,2
4,101,1,1
5,101,1,1
6,101,1,1
7,101,1,1
8,101,1,1
9,101,1,1
10,101,1,1
11,101,1,1
12,101,2,1
13,101,3,2
14,101,1,1
0,102,3,0
1,102,1,1
2,102,1,1
3,102,1,2
4,102,1,1
5,102,1,1
6,102,1,1
7,102,3,0
8,102,1,1
9,102,1,1
10,102,1,1
11,102,1,1
12,102,3,3
13,102,3,2
14,102,1,1
0,103,1,1
1,103,1,1
2,103,1,1
3,103,1,1
4,103,1,1
5,103,1,1
6,103,1,1
7,103,1,1
8,103,1,1
9,103,1,1
10,103,1,1
11,103,1,1
12,103,1,1
13,103,1,1
14,103,1,1
0,104,3,0
1,104,1,3
2,104,1,1
3,104,3,2
4,104,1,1
5,104,3,2
6,104,1,1
7,104,2,0
8,104,1,1
9,104,3,1
10,104,1,1
11,104,3,1
12,104,1,1
13,104,1,2
14,104,1,1
0,105,3,0
1,105,1,1
2,105,2,1
3,105,1,2
4,105,1,1
5,105,1,1
6,105,1,1
7,105,1,2
8,105,2,3
9,105,1,1
10,105,1,1
11,105,1,1
12,105,1,3
13,105,1,1
14,105,1,3
0,106,3,0
1,106,1,1
2,106,1,1
3,106,1,2
4,106,1,1
5,106,1,1
6,106,1,1
7,106,3,0
8,106,1,1
9,106,1,1
10,106,1,1
11,106,1,1
12,106,3,3
13,106,3,2
14,106,1,1
0,107,3,0
1,107,1,1
2,107,2,1
3,107,1,0
4,107,1,1
5,107,1,1
6,107,1,1
7,107,1,2
8,107,2,3
9,107,1,1
10,107,1,1
11,107,1,1
12,107,1,3
13,107,1,1
14,107,1,3
0,108,3,0
1,108,1,1
2,108,3,3
3,108,1,2
4,108,1,1
5,108,1,1
6,108,1,1
7,108,1,2
8,108,1,2
9,108,1,1
10,108,1,1
11,108,1,1
12,108,1,3
13,108,1,1
14,108,1,3
0,109,2,3
1,109,1,1
2,109,1,1
3,109,1,1
4,109,1,1
5,109,1,1
6,109,1,1
7,109,1,1
8,109,1,1
9,109,1,1
10,109,1,1
11,109,1,1
12,109,1,1
13,109,1,1
14,109,1,1
0,110,3,0
1,110,1,1
2,110,2,1
3,110,1,2
4,110,1,1
5,110,1,1
6,110,1,1
7,110,1,2
8,110,2,3
9,110,1,1
10,110,1,1
11,110,1,1
12,110,1,3
13,110,1,1
14,110,1,3
0,111,2,3
1,111,1,1
2,111,1,1
3,111,1,1
4,111,1,1
5,111,1,1
6,111,1,1
7,111,1,1
8,111,1,1
9,111,1,1
10,111,1,1
11,111,1,1
12,111,1,1
13,111,1,1
14,111,1,1
0,112,3,0
1,112,1,1
2,112,2,1
3,112,1,2
4,112,1,1
5,112,1,1
6,112,1,1
7,112,1,2
8,112,2,3
9,112,1,1
10,112,1,1
11,112,1,1
12,112,1,3
13,112,1,1
14,112,1,3
0,113,3,0
1,113,1,1
2,113,3,3
3,113,1,2
4,113,3,3
5,113,1,2
6,113,1,1
7,113,1,2
8,113,1,1
9,113,1,1
10,113,1,1
11,113,1,1
12,113,1,3
13,113,1,1
14,113,1,3
0,114,3,0
1,114,1,1
2,114,2,1
3,114,1,0
4,114,1,1
5,114,1,1
6,114,1,1
7,114,1,2
8,114,2,3
9,114,1,1
10,114,1,1
11,114,1,1
12,114,1,3
13,114,1,1
14,114,1,3
0,115,3,0
1,115,1,1
2,115,3,3
3,115,1,2
4,115,1,3
5,115,1,2
6,115,1,1
7,115,1,2
8,115,1,1
9,115,1,1
10,115,1,1
11,115,1,1
12,115,1,3
13,115,1,1
14,115,1,3
0,116,3,0
1,116,1,1
2,116,1,1
3,116,1,2
4,116,1,1
5,116,1,1
6,116,1,1
7,116,3,0
8,116,1,1
9,116,1,1
10,116,1,1
11,116,1,1
12,116,3,3
13,116,3,2
14,116,1,1
0,117,3,0
1,117,1,1
2,117,2,1
3,117,1,2
4,117,1,1
5,117,1,1
6,117,1,1
7,117,1,2
8,117,2,3
9,117,1,1
10,117,1,1
11,117,1,1
12,117,1,3
13,117,1,1
14,117,1,3
0,118,3,0
1,118,1,1
2,118,2,1
3,118,1,2
4,118,1,1
5,118,1,1
6,118,1,1
7,118,1,2
8,118,2,3
9,118,1,1
10,118,1,1
11,118,1,1
12,118,1,3
13,118,1,1
14,118,1,3
0,119,1,1
1,119,1,1
2,119,1,1
3,119,1,1
4,119,1,1
5,119,1,1
6,119,1,1
7,119,1,1
8,119,1,1
9,119,1,1
10,119,1,1
11,119,1,1
12,119,1,1
13,119,1,1
14,119,1,1
0,120,1,1
1,120,1,1
2,120,1,1
3,120,1,1
4,120,1,1
5,120,1,1
6,120,1,1
7,120,1,1
8,120,1,1
9,120,1,1
10,120,1,1
11,120,1,1
12,120,1,1
13,120,1,1
14,120,1,1
0,121,3,0
1,121,1,1
2,121,2,1
3,121,1,2
4,121,1,1
5,121,1,1
6,121,1,1
7,121,1,2
8,121,2,3
9,121,1,1
10,121,1,1
11,121,1,1
12,121,1,3
13,121,1,1
14,121,1,3
0,122,3,0
1,122,1,1
2,122,3,3
3,122,1,2
4,122,3,3
5,122,1,2
6,122,1,1
7,122,1,2
8,122,1,1
9,122,1,1
10,122,1,1
11,122,1,1
12,122,1,3
13,122,1,1
14,122,1,3
0,123,3,0
1,123,1,1
2,123,2,1
3,123,1,2
4,123,1,1
5,123,1,1
6,123,1,1
7,123,1,2
8,123,2,3
9,123,1,1
10,123,1,1
11,123,1,1
12,123,1,3
13,123,1,1
14,123,1,3
0,124,3,0
1,124,1,1
2,124,2,1
3,124,1,2
4,124,1,1
5,124,1,1
6,124,1,1
7,124,1,2
8,124,2,3
9,124,1,1
10,124,1,1
11,124,1,1
12,124,1,3
13,124,1,1
14,124,1,3
0,125,3,0
1,125,1,1
2,125,1,1
3,125,1,2
4,125,1,1
5,125,1,1
6,125,1,1
7,125,1,1
8,125,1,1
9,125,1,1
10,125,1,1
11,125,1,1
12,125,2,1
13,125,3,2
14,125,1,1
0,126,2,3
1,126,1,1
2,126,1,1
3,126,1,1
4,126,1,1
5,126,1,1
6,126,1,1
7,126,1,1
8,126,1,1
9,126,1,1
10,126,1,1
11,126,1,1
12,126,1,1
13,126,1,1
14,126,1,1
0,127,3,0
1,127,1,3
2,127,1,1
3,127,3,2
4,127,1,1
5,127,3,2
6,127,1,1
7,127,2,0
8,127,1,1
9,127,3,1
10,127,1,1
11,127,3,1
12,127,1,1
13,127,1,2
14,127,1,1
0,128,1,1
1,128,1,1
2,128,1,1
3,128,1,1
4,128,1,1
5,128,1,1
6,128,1,1
7,128,1,1
8,128,1,1
9,128,1,1
10,128,1,1
11,128,1,1
12,128,1,1
13,128,1,1
14,128,1,1
0,129,3,0
1,129,1,1
2,129,2,1
3,129,1,2
4,129,1,1
5,129,1,1
6,129,1,1
7,129,1,2
8,129,2,3
9,129,1,1
10,129,1,1
11,129,1,1
12,129,1,3
13,129,1,1
14,129,1,3
0,130,3,0
1,130,1,1
2,130,2,1
3,130,1,2
4,130,1,1
5,130,1,1
6,130,1,1
7,130,1,2
8,130,2,3
9,130,1,1
10,130,1,1
11,130,1,1
12,130,1,3
13,130,1,1
14,130,1,3
0,131,3,0
1,131,1,3
2,131,1,1
3,131,3,2
4,131,1,1
5,131,3,2
6,131,1,1
7,131,2,0
8,131,1,1
9,131,3,1
10,131,1,1
11,131,3,1
12,131,1,1
13,131,1,2
14,131,1,1
0,132,3,0
1,132,1,1
2,132,2,1
3,132,1,2
4,132,1,1
5,132,1,1
6,132,1,1
7,132,1,2
8,132,2,3
9,132,1,1
10,132,1,1
11,132,1,1
12,132,1,3
13,132,1,1
14,132,1,3
0,133,3,0
1,133,1,1
2,133,3,3
3,133,1,2
4,133,3,3
5,133,1,2
6,133,1,1
7,133,1,2
8,133,1,1
9,133,1,1
10,133,1,1
11,133,1,1
12,133,1,3
13,133,1,1
14,133,1,3
0,134,3,0
1,134,1,1
2,134,1,1
3,134,1,2
4,134,1,1
5,134,1,1
6,134,1,1
7,134,3,0
8,134,1,1
9,134,1,1
10,134,1,1
11,134,1,1
12,134,3,3
13,134,3,2
14,134,1,1
0,135,1,1
1,135,1,1
2,135,1,1
3,135,1,1
4,135,1,1
5,135,1,1
6,135,1,1
7,135,1,1
8,135,1,1
9,135,1,1
10,135,1,1
11,135,1,1
12,135,1,1
13,135,1,1
14,135,1,1
0,136,1,1
1,136,1,1
2,136,1,1
3,136,1,1
4,136,1,1
5,136,1,1
6,136,1,1
7,136,1,1
8,136,1,1
9,136,1,1
10,136,1,1
11,136,1,1
12,136,1,1
13,136,1,1
14,136,1,1
0,137,3,0
1,137,1,1
2,137,1,1
3,137,1,2
4,137,1,1
5,137,1,1
6,137,1,1
7,137,1,1
8,137,1,1
9,137,1,1
10,137,1,1
11,137,1,1
12,137,2,1
13,137,3,2
14,137,1,1
0,138,1,1
1,138,1,1
2,138,1,1
3,138,1,1
4,138,1,1
5,138,1,1
6,138,1,1
7,138,1,1
8,138,1,1
9,138,1,1
10,138,1,1
11,138,1,1
12,138,1,1
13,138,1,1
14,138,1,1
0,139,3,0
1,139,1,1
2,139,1,1
3,139,1,2
4,139,1,1
5,139,1,1
6,139,1,1
7,139,3,0
8,139,1,1
9,139,1,1
10,139,1,1
11,139,1,1
12,139,3,3
13,139,3,2
14,139,1,1
0,140,3,0
1,140,1,1
2,140,1,1
3,140,1,2
4,140,1,1
5,140,1,1
6,140,1,1
7,140,3,0
8,140,1,1
9,140,1,1
10,140,1,1
11,140,1,1
12,140,3,3
13,140,3,2
14,140,1,1
0,141,3,0
1,141,1,1
2,141,2,1
3,141,1,0
4,141,1,1
5,141,1,1
6,141,1,1
7,141,1,2
8,141,2,3
9,141,1,1
10,141,1,1
11,141,1,1
12,141,1,3
13,141,1,1
14,141,1,3
0,142,3,0
1,142,1,1
2,142,2,1
3,142,1,2
4,142,1,1
5,142,1,1
6,142,1,1
7,142,1,2
8,142,2,3
9,142,1,1
10,142,1,1
11,142,1,1
12,142,1,3
13,142,1,1
14,142,1,3
0,143,3,0
1,143,1,1
2,143,1,1
3,143,1,2
4,143,1,1
5,143,1,1
6,143,1,1
7,143,1,1
8,143,1,1
9,143,1,1
10,143,1,1
11,143,1,1
12,143,2,1
13,143,3,2
14,143,1,1
0,144,1,1
1,144,1,1
2,144,1,1
3,144,1,1
4,144,1,1
5,144,1,1
6,144,1,1
7,144,1,1
8,144,1,1
9,144,1,1
10,144,1,1
11,144,1,1
12,144,1,1
13,144,1,1
14,144,1,1
0,145,3,0
1,145,1,1
2,145,1,1
3,145,1,2
4,145,1,1
5,145,1,1
6,145,1,1
7,145,1,1
8,145,1,1
9,145,1,1
10,145,1,1
11,145,1,1
12,145,2,1
13,145,3,2
14,145,1,1
0,146,2,3
1,146,1,1
2,146,1,1
3,146,1,1
4,146,1,1
5,146,1,1
6,146,1,1
7,146,1,1
8,146,1,1
9,146,1,1
10,146,1,1
11,146,1,1
12,146,1,1
13,146,1,1
14,146,1,1
0,147,2,3
1,147,1,1
2,147,1,1
3,147,1,1
4,147,1,1
5,147,1,1
6,147,1,1
7,147,1,1
8,147,1,1
9,147,1,1
10,147,1,1
11,147,1,1
12,147,1,1
13,147,1,1
14,147,1,1
0,148,3,0
1,148,1,1
2,148,2,1
3,148,1,0
4,148,1,1
5,148,1,1
6,148,1,1
7,148,1,2
8,148,2,3
9,148,1,1
10,148,1,1
11,148,1,1
12,148,1,3
13,148,1,1
14,148,1,3
0,149,3,0
1,149,1,1
2,149,2,1
3,149,1,2
4,149,1,1
5,149,1,1
6,149,1,1
7,149,1,2
8,149,2,3
9,149,1,1
10,149,1,1
11,149,1,1
12,149,1,3
13,149,1,1
14,149,1,3
0,150,3,0
1,150,1,1
2,150,1,1
3,150,1,2
4,150,1,1
5,150,1,1
6,150,1,1
7,150,1,1
8,150,1,1
9,150,1,1
10,150,1,1
11,150,1,1
12,150,2,1
13,150,3,2
14,150,1,1
0,151,3,0
1,151,1,1
2,151,2,1
3,151,1,2
4,151,1,1
5,151,1,1
6,151,1,1
7,151,1,2
8,151,2,3
9,151,1,1
10,151,1,1
11,151,1,1
12,151,1,3
13,151,1,1
14,151,1,3
0,152,3,0
1,152,1,1
2,152,1,1
3,152,1,2
4,152,1,1
5,152,1,1
6,152,1,1
7,152,1,1
8,152,1,1
9,152,1,1
10,152,1,1
11,152,1,1
12,152,2,1
13,152,3,2
14,152,1,1
0,153,1,1
1,153,1,1
2,153,1,1
3,153,1,1
4,153,1,1
5,153,1,1
6,153,1,1
7,153,1,1
8,153,1,1
9,153,1,1
10,153,1,1
11,153,1,1
12,153,1,1
13,153,1,1
14,153,1,1
0,154,3,0
1,154,1,1
2,154,2,1
3,154,1,2
4,154,1,1
5,154,1,1
6,154,1,1
7,154,1,2
8,154,2,3
9,154,1,1
10,154,1,1
11,154,1,1
12,154,1,3
13,154,1,1
14,154,1,3
0,155,1,1
1,155,1,1
2,155,1,1
3,155,1,1
4,155,1,1
5,155,1,1
6,155,1,1
7,155,1,1
8,155,1,1
9,155,1,1
10,155,1,1
11,155,1,1
12,155,1,1
13,155,1,1
14,155,1,1
0,156,2,3
1,156,1,1
2,156,1,1
3,156,1,1
4,156,1,1
5,156,1,1
6,156,1,1
7,156,1,1
8,156,1,1
9,156,1,1
10,156,1,1
11,156,1,1
12,156,1,1
13,156,1,1
14,156,1,1
0,157,3,0
1,157,1,1
2,157,3,3
3,157,1,2
4,157,1,3
5,157,1,2
6,157,1,1
7,157,1,2
8,157,1,1
9,157,1,1
10,157,1,1
11,157,1,1
12,157,1,3
13,157,1,1
14,157,1,3
0,158,3,0
1,158,1,1
2,158,2,1
3,158,1,2
4,158,1,1
5,158,1,1
6,158,1,1
7,158,1,2
8,158,2,3
9,158,1,1
10,158,1,1
11,158,1,1
12,158,1,3
13,158,1,1
14,158,1,3
0,159,3,0
1,159,1,1
2,159,3,3
3,159,1,2
4,159,1,1
5,159,1,1
6,159,1,1
7,159,1,2
8,159,1,2
9,159,1,1
10,159,1,1
11,159,1,1
12,159,1,3
13,159,1,1
14,159,1,3
0,160,3,0
1,160,1,1
2,160,1,1
3,160,1,2
4,160,1,1
5,160,1,1
6,160,1,1
7,160,3,0
8,160,1,1
9,160,1,1
10,160,1,1
11,160,1,1
12,160,3,3
13,160,3,2
14,160,1,1
0,161,3,0
1,161,1,1
2,161,3,3
3,161,1,2
4,161,1,3
5,161,1,2
6,161,1,1
7,161,1,2
8,161,1,1
9,161,1,1
10,161,1,1
11,161,1,1
12,161,1,3
13,161,1,1
14,161,1,3
0,162,3,0
1,162,1,1
2,162,2,1
3,162,1,2
4,162,1,1
5,162,1,1
6,162,1,1
7,162,1,2
8,162,2,3
9,162,1,1
10,162,1,1
11,162,1,1
12,162,1,3
13,162,1,1
14,162,1,3
0,163,1,1
1,163,1,1
2,163,1,1
3,163,1,1
4,163,1,1
5,163,1,1
6,163,1,1
7,163,1,1
8,163,1,1
9,163,1,1
10,163,1,1
11,163,1,1
12,163,1,1
13,163,1,1
14,163,1,1
0,164,3,0
1,164,1,3
2,164,1,1
3,164,3,2
4,164,1,1
5,164,3,2
6,164,1,1
7,164,2,0
8,164,1,1
9,164,3,1
10,164,1,1
11,164,3,1
12,164,1,1
13,164,1,2
14,164,1,1
0,165,3,0
1,165,1,1
2,165,2,1
3,165,1,0
4,165,1,1
5,165,1,1
6,165,1,1
7,165,1,2
8,165,2,3
9,165,1,1
10,165,1,1
11,165,1,1
12,165,1,3
13,165,1,1
14,165,1,3
0,166,3,0
1,166,1,1
2,166,3,3
3,166,1,2
4,166,3,3
5,166,1,2
6,166,1,1
7,166,1,2
8,166,1,1
9,166,1,1
10,166,1,1
11,166,1,1
12,166,1,3
13,166,1,1
14,166,1,3
0,167,1,1
1,167,1,1
2,167,1,1
3,167,1,1
4,167,1,1
5,167,1,1
6,167,1,1
7,167,1,1
8,167,1,1
9,167,1,1
10,167,1,1
11,167,1,1
12,167,1,1
13,167,1,1
14,167,1,1
0,168,1,1
1,168,1,1
2,168,1,1
3,168,1,1
4,168,1,1
5,168,1,1
6,168,1,1
7,168,1,1
8,168,1,1
9,168,1,1
10,168,1,1
11,168,1,1
12,168,1,1
13,168,1,1
14,168,1,1
0,169,3,0
1,169,1,1
2,169,3,3
3,169,1,2
4,169,1,3
5,169,1,2
6,169,1,1
7,169,1,2
8,169,1,1
9,169,1,1
10,169,1,1
11,169,1,1
12,169,1,3
13,169,1,1
14,169,1,3
0,170,3,0
1,170,1,1
2,170,1,1
3,170,1,2
4,170,1,1
5,170,1,1
6,170,1,1
7,170,3,0
8,170,1,1
9,170,1,1
10,170,1,1
11,170,1,1
12,170,3,3
13,170,3,2
14,170,1,1
0,171,3,0
1,171,1,1
2,171,2,1
3,171,1,2
4,171,1,1
5,171,1,1
6,171,1,1
7,171,1,2
8,171,2,3
9,171,1,1
10,171,1,1
11,171,1,1
12,171,1,3
13,171,1,1
14,171,1,3
0,172,2,3
1,172,1,1
2,172,1,1
3,172,1,1
4,172,1,1
5,172,1,1
6,172,1,1
7,172,1,1
8,172,1,1
9,172,1,1
10,172,1,1
11,172,1,1
12,172,1,1
13,172,1,1
14,172,1,1
0,173,1,1
1,173,1,1
2,173,1,1
3,173,1,1
4,173,1,1
5,173,1,1
6,173,1,1
7,173,1,1
8,173,1,1
9,173,1,1
10,173,1,1
11,173,1,1
12,173,1,1
13,173,1,1
14,173,1,1
0,174,1,1
1,174,1,1
2,174,1,1
3,174,1,1
4,174,1,1
5,174,1,1
6,174,1,1
7,174,1,1
8,174,1,1
9,174,1,1
10,174,1,1
11,174,1,1
12,174,1,1
13,174,1,1
14,174,1,1
0,175,3,0
1,175,1,1
2,175,3,3
3,175,1,2
4,175,1,1
5,175,1,1
6,175,1,1
7,175,1,2
8,175,1,2
9,175,1,1
10,175,1,1
11,175,1,1
12,175,1,3
13,175,1,1
14,175,1,3
0,176,1,1
1,176,1,1
2,176,1,1
3,176,1,1
4,176,1,1
5,176,1,1
6,176,1,1
7,176,1,1
8,176,1,1
9,176,1,1
10,176,1,1
11,176,1,1
12,176,1,1
13,176,1,1
14,176,1,1
0,177,3,0
1,177,1,1
2,177,3,3
3,177,1,2
4,177,3,3
5,177,1,2
6,177,1,1
7,177,1,2
8,177,1,1
9,177,1,1
10,177,1,1
11,177,1,1
12,177,1,3
13,177,1,1
14,177,1,3
0,178,3,0
1,178,1,1
2,178,2,1
3,178,1,2
4,178,1,1
5,178,1,1
6,178,1,1
7,178,1,2
8,178,2,3
9,178,1,1
10,178,1,1
11,178,1,1
12,178,1,3
13,178,1,1
14,178,1,3
0,179,2,3
1,179,1,1
2,179,1,1
3,179,1,1
4,179,1,1
5,179,1,1
6,179,1,1
7,179,1,1
8,179,1,1
9,179,1,1
10,179,1,1
11,179,1,1
12,179,1,1
13,179,1,1
14,179,1,1
0,180,3,0
1,180,1,3
2,180,1,1
3,180,3,2
4,180,1,1
5,180,3,2
6,180,1,1
7,180,2,0
8,180,1,1
9,180,3,1
10,180,1,1
11,180,3,1
12,180,1,1
13,180,1,2
14,180,1,1
0,181,1,1
1,181,1,1
2,181,1,1
3,181,1,1
4,181,1,1
5,181,1,1
6,181,1,1
7,181,1,1
8,181,1,1
9,181,1,1
10,181,1,1
11,181,1,1
12,181,1,1
13,181,1,1
14,181,1,1
0,182,3,0
1,182,1,1
2,182,1,1
3,182,1,2
4,182,1,1
5,182,1,1
6,182,1,1
7,182,1,1
8,182,1,1
9,182,1,1
10,182,1,1
11,182,1,1
12,182,2,1
13,182,3,2
14,182,1,1
0,183,3,0
1,183,1,1
2,183,3,3
3,183,1,2
4,183,1,3
5,183,1,2
6,183,1,1
7,183,1,2
8,183,1,1
9,183,1,1
10,183,1,1
11,183,1,1
12,183,1,3
13,183,1,1
14,183,1,3
0,184,3,0
1,184,1,1
2,184,2,1
3,184,1,0
4,184,1,1
5,184,1,1
6,184,1,1
7,184,1,2
8,184,2,3
9,184,1,1
10,184,1,1
11,184,1,1
12,184,1,3
13,184,1,1
14,184,1,3
0,185,1,1
1,185,1,1
2,185,1,1
3,185,1,1
4,185,1,1
5,185,1,1
6,185,1,1
7,185,1,1
8,185,1,1
9,185,1,1
10,185,1,1
11,185,1,1
12,185,1,1
13,185,1,1
14,185,1,1
0,186,3,0
1,186,1,1
2,186,3,3
3,186,1,2
4,186,3,3
5,186,1,2
6,186,1,1
7,186,1,2
8,186,1,1
9,186,1,1
10,186,1,1
11,186,1,1
12,186,1,3
13,186,1,1
14,186,1,3
0,187,3,0
1,187,1,1
2,187,1,1
3,187,1,2
4,187,1,1
5,187,1,1
6,187,1,1
7,187,3,0
8,187,1,1
9,187,1,1
10,187,1,1
11,187,1,1
12,187,3,3
13,187,3,2
14,187,1,1
0,188,1,1
1,188,1,1
2,188,1,1
3,188,1,1
4,188,1,1
5,188,1,1
6,188,1,1
7,188,1,1
8,188,1,1
9,188,1,1
10,188,1,1
11,188,1,1
12,188,1,1
13,188,1,1
14,188,1,1
0,189,3,0
1,189,1,1
2,189,2,1
3,189,1,0
4,189,1,1
5,189,1,1
6,189,1,1
7,189,1,2
8,189,2,3
9,189,1,1
10,189,1,1
11,189,1,1
12,189,1,3
13,189,1,1
14,189,1,3
0,190,3,0
1,190,1,1
2,190,2,1
3,190,1,2
4,190,1,1
5,190,1,1
6,190,1,1
7,190,1,2
8,190,2,3
9,190,1,1
10,190,1,1
11,190,1,1
12,190,1,3
13,190,1,1
14,190,1,3
0,191,3,0
1,191,1,1
2,191,3,3
3,191,1,2
4,191,1,1
5,191,1,1
6,191,1,1
7,191,1,2
8,191,1,2
9,191,1,1
10,191,1,1
11,191,1,1
12,191,1,3
13,191,1,1
14,191,1,3
0,192,3,0
1,192,1,1
2,192,1,1
3,192,1,2
4,192,1,1
5,192,1,1
6,192,1,1
7,192,3,0
8,192,1,1
9,192,1,1
10,192,1,1
11,192,1,1
12,192,3,3
13,192,3,2
14,192,1,1
0,193,3,0
1,193,1,1
2,193,3,3
3,193,1,2
4,193,3,3
5,193,1,2
6,193,1,1
7,193,1,2
8,193,1,1
9,193,1,1
10,193,1,1
11,193,1,1
12,193,1,3
13,193,1,1
14,193,1,3
0,194,3,0
1,194,1,1
2,194,3,3
3,194,1,2
4,194,3,3
5,194,1,2
6,194,1,1
7,194,1,2
8,194,1,1
9,194,1,1
10,194,1,1
11,194,1,1
12,194,1,3
13,194,1,1
14,194,1,3
0,195,1,1
1,195,1,1
2,195,1,1
3,195,1,1
4,195,1,1
5,195,1,1
6,195,1,1
7,195,1,1
8,195,1,1
9,195,1,1
10,195,1,1
11,195,1,1
12,195,1,1
13,195,1,1
14,195,1,1
0,196,3,0
1,196,1,1
2,196,3,3
3,196,1,2
4,196,1,1
5,196,1,1
6,196,1,1
7,196,1,2
8,196,1,2
9,196,1,1
10,196,1,1
11,196,1,1
12,196,1,3
13,196,1,1
14,196,1,3
0,197,3,0
1,197,1,1
2,197,1,1
3,197,1,2
4,197,1,1
5,197,1,1
6,197,1,1
7,197,3,0
8,197,1,1
9,197,1,1
10,197,1,1
11,197,1,1
12,197,3,3
13,197,3,2
14,197,1,1
0,198,3,0
1,198,1,1
2,198,2,1
3,198,1,2
4,198,1,1
5,198,1,1
6,198,1,1
7,198,1,2
8,198,2,3
9,198,1,1
10,198,1,1
11,198,1,1
12,198,1,3
13,198,1,1
14,198,1,3
0,199,3,0
1,199,1,1
2,199,2,1
3,199,1,2
4,199,1,1
5,199,1,1
6,199,1,1
7,199,1,2
8,199,2,3
9,199,1,1
10,199,1,1
11,199,1,1
12,199,1,3
13,199,1,1
14,199,1,3
0,200,1,1
1,200,1,1
2,200,1,1
3,200,1,1
4,200,1,1
5,200,1,1
6,200,1,1
7,200,1,1
8,200,1,1
9,200,1,1
10,200,1,1
11,200,1,1
12,200,1,1
13,200,1,1
14,200,1,1
0,201,3,0
1,201,1,3
2,201,1,1
3,201,3,2
4,201,1,1
5,201,3,2
6,201,1,1
7,201,2,0
8,201,1,1
9,201,3,1
10,201,1,1
11,201,3,1
12,201,1,1
13,201,1,2
14,201,1,1
0,202,3,0
1,202,1,1
2,202,2,1
3,202,1,2
4,202,1,1
5,202,1,1
6,202,1,1
7,202,1,2
8,202,2,3
9,202,1,1
10,202,1,1
11,202,1,1
12,202,1,3
13,202,1,1
14,202,1,3
0,203,3,0
1,203,1,1
2,203,2,1
3,203,1,2
4,203,1,1
5,203,1,1
6,203,1,1
7,203,1,2
8,203,2,3
9,203,1,1
10,203,1,1
11,203,1,1
12,203,1,3
13,203,1,1
14,203,1,3
0,204,3,0
1,204,1,3
2,204,1,1
3,204,3,2
4,204,1,1
5,204,3,2
6,204,1,1
7,204,2,0
8,204,1,1
9,204,3,1
10,204,1,1
11,204,3,1
12,204,1,1
13,204,1,2
14,204,1,1
0,205,1,1
1,205,1,1
2,205,1,1
3,205,1,1
4,205,1,1
5,205,1,1
6,205,1,1
7,205,1,1
8,205,1,1
9,205,1,1
10,205,1,1
11,205,1,1
12,205,1,1
13,205,1,1
14,205,1,1
0,206,3,0
1,206,1,1
2,206,2,1
3,206,1,2
4,206,1,1
5,206,1,1
6,206,1,1
7,206,1,2
8,206,2,3
9,206,1,1
10,206,1,1
11,206,1,1
12,206,1,3
13,206,1,1
14,206,1,3
0,207,3,0
1,207,1,3
2,207,1,1
3,207,3,2
4,207,1,1
5,207,3,2
6,207,1,1
7,207,2,0
8,207,1,1
9,207,3,1
10,207,1,1
11,207,3,1
12,207,1,1
13,207,1,2
14,207,1,1
0,208,3,0
1,208,1,1
2,208,3,3
3,208,1,2
4,208,3,3
5,208,1,2
6,208,1,1
7,208,1,2
8,208,1,1
9,208,1,1
10,208,1,1
11,208,1,1
12,208,1,3
13,208,1,1
14,208,1,3
0,209,3,0
1,209,1,1
2,209,2,1
3,209,1,2
4,209,1,1
5,209,1,1
6,209,1,1
7,209,1,2
8,209,2,3
9,209,1,1
10,209,1,1
11,209,1,1
12,209,1,3
13,209,1,1
14,209,1,3
0,210,1,1
1,210,1,1
2,210,1,1
3,210,1,1
4,210,1,1
5,210,1,1
6,210,1,1
7,210,1,1
8,210,1,1
9,210,1,1
10,210,1,1
11,210,1,1
12,210,1,1
13,210,1,1
14,210,1,1
0,211,3,0
1,211,1,1
2,211,2,1
3,211,1,2
4,211,1,1
5,211,1,1
6,211,1,1
7,211,1,2
8,211,2,3
9,211,1,1
10,211,1,1
11,211,1,1
12,211,1,3
13,211,1,1
14,211,1,3
0,212,3,0
1,212,1,1
2,212,2,1
3,212,1,0
4,212,1,1
5,212,1,1
6,212,1,1
7,212,1,2
8,212,2,3
9,212,1,1
10,212,1,1
11,212,1,1
12,212,1,3
13,212,1,1
14,212,1,3
0,213,3,0
1,213,1,1
2,213,3,3
3,213,1,2
4,213,1,1
5,213,1,1
6,213,1,1
7,213,1,2
8,213,1,2
9,213,1,1
10,213,1,1
11,213,1,1
12,213,1,3
13,213,1,1
14,213,1,3
0,214,1,1
1,214,1,1
2,214,1,1
3,214,1,1
4,214,1,1
5,214,1,1
6,214,1,1
7,214,1,1
8,214,1,1
9,214,1,1
10,214,1,1
11,214,1,1
12,214,1,1
13,214,1,1
14,214,1,1
0,215,1,1
1,215,1,1
2,215,1,1
3,215,1,1
4,215,1,1
5,215,1,1
6,215,1,1
7,215,1,1
8,215,1,1
9,215,1,1
10,215,1,1
11,215,1,1
12,215,1,1
13,215,1,1
14,215,1,1
0,216,3,0
1,216,1,3
2,216,1,1
3,216,3,2
4,216,1,1
5,216,3,2
6,216,1,1
7,216,2,0
8,216,1,1
9,216,3,1
10,216,1,1
11,216,3,1
12,216,1,1
13,216,1,2
14,216,1,1
0,217,3,0
1,217,1,1
2,217,2,1
3,217,1,2
4,217,1,1
5,217,1,1
6,217,1,1
7,217,1,2
8,217,2,3
9,217,1,1
10,217,1,1
11,217,1,1
12,217,1,3
13,217,1,1
14,217,1,3
0,218,3,0
1,218,1,1
2,218,2,1
3,218,1,2
4,218,1,1
5,218,1,1
6,218,1,1
7,218,1,2
8,218,2,3
9,218,1,1
10,218,1,1
11,218,1,1
12,218,1,3
13,218,1,1
14,218,1,3
0,219,3,0
1,219,1,1
2,219,1,1
3,219,1,2
4,219,1,1
5,219,1,1
6,219,1,1
7,219,1,1
8,219,1,1
9,219,1,1
10,219,1,1
11,219,1,1
12,219,2,1
13,219,3,2
14,219,1,1
0,220,3,0
1,220,1,1
2,220,2,1
3,220,1,2
4,220,1,1
5,220,1,1
6,220,1,1
7,220,1,2
8,220,2,3
9,220,1,1
10,220,1,1
11,220,1,1
12,220,1,3
13,220,1,1
14,220,1,3
0,221,3,0
1,221,1,1
2,221,2,1
3,221,1,0
4,221,1,1
5,221,1,1
6,221,1,1
7,221,1,2
8,221,2,3
9,221,1,1
10,221,1,1
11,221,1,1
12,221,1,3
13,221,1,1
14,221,1,3
0,222,3,0
1,222,1,1
2,222,2,1
3,222,1,0
4,222,1,1
5,222,1,1
6,222,1,1
7,222,1,2
8,222,2,3
9,222,1,1
10,222,1,1
11,222,1,1
12,222,1,3
13,222,1,1
14,222,1,3
0,223,3,0
1,223,1,1
2,223,3,3
3,223,1,2
4,223,3,3
5,223,1,2
6,223,1,1
7,223,1,2
8,223,1,1
9,223,1,1
10,223,1,1
11,223,1,1
12,223,1,3
13,223,1,1
14,223,1,3
0,224,3,0
1,224,1,1
2,224,3,3
3,224,1,2
4,224,1,1
5,224,1,1
6,224,1,1
7,224,1,2
8,224,1,2
9,224,1,1
10,224,1,1
11,224,1,1
12,224,1,3
13,224,1,1
14,224,1,3
0,225,1,1
1,225,1,1
2,225,1,1
3,225,1,1
4,225,1,1
5,225,1,1
6,225,1,1
7,225,1,1
8,225,1,1
9,225,1,1
10,225,1,1
11,225,1,1
12,225,1,1
13,225,1,1
14,225,1,1
0,226,1,1
1,226,1,1
2,226,1,1
3,226,1,1
4,226,1,1
5,226,1,1
6,226,1,1
7,226,1,1
8,226,1,1
9,226,1,1
10,226,1,1
11,226,1,1
12,226,1,1
13,226,1,1
14,226,1,1
0,227,3,0
1,227,1,1
2,227,3,3
3,227,1,2
4,227,3,3
5,227,1,2
6,227,1,1
7,227,1,2
8,227,1,1
9,227,1,1
10,227,1,1
11,227,1,1
12,227,1,3
13,227,1,1
14,227,1,3
0,228,2,3
1,228,1,1
2,228,1,1
3,228,1,1
4,228,1,1
5,228,1,1
6,228,1,1
7,228,1,1
8,228,1,1
9,228,1,1
10,228,1,1
11,228,1,1
12,228,1,1
13,228,1,1
14,228,1,1
0,229,2,3
1,229,1,1
2,229,1,1
3,229,1,1
4,229,1,1
5,229,1,1
6,229,1,1
7,229,1,1
8,229,1,1
9,229,1,1
10,229,1,1
11,229,1,1
12,229,1,1
13,229,1,1
14,229,1,1
0,230,1,1
1,230,1,1
2,230,1,1
3,230,1,1
4,230,1,1
5,230,1,1
6,230,1,1
7,230,1,1
8,230,1,1
9,230,1,1
10,230,1,1
11,230,1,1
12,230,1,1
13,230,1,1
14,230,1,1
0,231,3,0
1,231,1,1
2,231,2,1
3,231,1,0
4,231,1,1
5,231,1,1
6,231,1,1
7,231,1,2
8,231,2,3
9,231,1,1
10,231,1,1
11,231,1,1
12,231,1,3
13,231,1,1
14,231,1,3
0,232,3,0
1,232,1,1
2,232,3,3
3,232,1,2
4,232,1,3
5,232,1,2
6,232,1,1
7,232,1,2
8,232,1,1
9,232,1,1
10,232,1,1
11,232,1,1
12,232,1,3
13,232,1,1
14,232,1,3
0,233,3,0
1,233,1,1
2,233,1,1
3,233,1,2
4,233,1,1
5,233,1,1
6,233,1,1
7,233,1,1
8,233,1,1
9,233,1,1
10,233,1,1
11,233,1,1
12,233,2,1
13,233,3,2
14,233,1,1
0,234,3,0
1,234,1,3
2,234,1,1
3,234,3,2
4,234,1,1
5,234,3,2
6,234,1,1
7,234,2,0
8,234,1,1
9,234,3,1
10,234,1,1
11,234,3,1
12,234,1,1
13,234,1,2
14,234,1,1
0,235,1,1
1,235,1,1
2,235,1,1
3,235,1,1
4,235,1,1
5,235,1,1
6,235,1,1
7,235,1,1
8,235,1,1
9,235,1,1
10,235,1,1
11,235,1,1
12,235,1,1
13,235,1,1
14,235,1,1
0,236,2,3
1,236,1,1
2,236,1,1
3,236,1,1
4,236,1,1
5,236,1,1
6,236,1,1
7,236,1,1
8,236,1,1
9,236,1,1
10,236,1,1
11,236,1,1
12,236,1,1
13,236,1,1
14,236,1,1
0,237,2,3
1,237,1,1
2,237,1,1
3,237,1,1
4,237,1,1
5,237,1,1
6,237,1,1
7,237,1,1
8,237,1,1
9,237,1,1
10,237,1,1
11,237,1,1
12,237,1,1
13,237,1,1
14,237,1,1
0,238,1,1
1,238,1,1
2,238,1,1
3,238,1,1
4,238,1,1
5,238,1,1
6,238,1,1
7,238,1,1
8,238,1,1
9,238,1,1
10,238,1,1
11,238,1,1
12,238,1,1
13,238,1,1
14,238,1,1
0,239,3,0
1,239,1,1
2,239,2,1
3,239,1,2
4,239,1,1
5,239,1,1
6,239,1,1
7,239,1,2
8,239,2,3
9,239,1,1
10,239,1,1
11,239,1,1
12,239,1,3
13,239,1,1
14,239,1,3
0,240,2,3
1,240,1,1
2,240,1,1
3,240,1,1
4,240,1,1
5,240,1,1
6,240,1,1
7,240,1,1
8,240,1,1
9,240,1,1
10,240,1,1
11,240,1,1
12,240,1,1
13,240,1,1
14,240,1,1
0,241,3,0
1,241,1,1
2,241,3,3
3,241,1,2
4,241,1,3
5,241,1,2
6,241,1,1
7,241,1,2
8,241,1,1
9,241,1,1
10,241,1,1
11,241,1,1
12,241,1,3
13,241,1,1
14,241,1,3
0,242,1,1
1,242,1,1
2,242,1,1
3,242,1,1
4,242,1,1
5,242,1,1
6,242,1,1
7,242,1,1
8,242,1,1
9,242,1,1
10,242,1,1
11,242,1,1
12,242,1,1
13,242,1,1
14,242,1,1
0,243,1,1
1,243,1,1
2,243,1,1
3,243,1,1
4,243,1,1
5,243,1,1
6,243,1,1
7,243,1,1
8,243,1,1
9,243,1,1
10,243,1,1
11,243,1,1
12,243,1,1
13,243,1,1
14,243,1,1
0,244,3,0
1,244,1,1
2,244,3,3
3,244,1,2
4,244,1,3
5,244,1,2
6,244,1,1
7,244,1,2
8,244,1,1
9,244,1,1
10,244,1,1
11,244,1,1
12,244,1,3
13,244,1,1
14,244,1,3
0,245,3,0
1,245,1,1
2,245,2,1
3,245,1,2
4,245,1,1
5,245,1,1
6,245,1,1
7,245,1,2
8,245,2,3
9,245,1,1
10,245,1,1
11,245,1,1
12,245,1,3
13,245,1,1
14,245,1,3
0,246,3,0
1,246,1,1
2,246,2,1
3,246,1,0
4,246,1,1
5,246,1,1
6,246,1,1
7,246,1,2
8,246,2,3
9,246,1,1
10,246,1,1
11,246,1,1
12,246,1,3
13,246,1,1
14,246,1,3
0,247,3,0
1,247,1,3
2,247,1,1
3,247,3,2
4,247,1,1
5,247,3,2
6,247,1,1
7,247,2,0
8,247,1,1
9,247,3,1
10,247,1,1
11,247,3,1
12,247,1,1
13,247,1,2
14,247,1,1
0,248,1,1
1,248,1,1
2,248,1,1
3,248,1,1
4,248,1,1
5,248,1,1
6,248,1,1
7,248,1,1
8,248,1,1
9,248,1,1
10,248,1,1
11,248,1,1
12,248,1,1
13,248,1,1
14,248,1,1
0,249,3,0
1,249,1,1
2,249,3,3
3,249,1,2
4,249,1,3
5,249,1,2
6,249,1,1
7,249,1,2
8,249,1,1
9,249,1,1
10,249,1,1
11,249,1,1
12,249,1,3
13,249,1,1
14,249,1,3
0,250,2,3
1,250,1,1
2,250,1,1
3,250,1,1
4,250,1,1
5,250,1,1
6,250,1,1
7,250,1,1
8,250,1,1
9,250,1,1
10,250,1,1
11,250,1,1
12,250,1,1
13,250,1,1
14,250,1,1
0,251,3,0
1,251,1,1
2,251,1,1
3,251,1,2
4,251,1,1
5,251,1,1
6,251,1,1
7,251,3,0
8,251,1,1
9,251,1,1
10,251,1,1
11,251,1,1
12,251,3,3
13,251,3,2
14,251,1,1
0,252,3,0
1,252,1,1
2,252,1,1
3,252,1,2
4,252,1,1
5,252,1,1
6,252,1,1
7,252,3,0
8,252,1,1
9,252,1,1
10,252,1,1
11,252,1,1
12,252,3,3
13,252,3,2
14,252,1,1
0,253,3,0
1,253,1,1
2,253,1,1
3,253,1,2
4,253,1,1
5,253,1,1
6,253,1,1
7,253,3,0
8,253,1,1
9,253,1,1
10,253,1,1
11,253,1,1
12,253,3,3
13,253,3,2
14,253,1,1
0,254,3,0
1,254,1,1
2,254,1,1
3,254,1,2
4,254,1,1
5,254,1,1
6,254,1,1
7,254,3,0
8,254,1,1
9,254,1,1
10,254,1,1
11,254,1,1
12,254,3,3
13,254,3,2
14,254,1,1
0,255,3,0
1,255,1,1
2,255,1,1
3,255,1,2
4,255,1,1
5,255,1,1
6,255,1,1
7,255,3,0
8,255,1,1
9,255,1,1
10,255,1,1
11,255,1,1
12,255,3,3
13,255,3,2
14,255,1,1
0,256,1,1
1,256,1,1
2,256,1,1
3,256,1,1
4,256,1,1
5,256,1,1
6,256,1,1
7,256,1,1
8,256,1,1
9,256,1,1
10,256,1,1
11,256,1,1
12,256,1,1
13,256,1,1
14,256,1,1
0,257,1,1
1,257,1,1
2,257,1,1
3,257,1,1
4,257,1,1
5,257,1,1
6,257,1,1
7,257,1,1
8,257,1,1
9,257,1,1
10,257,1,1
11,257,1,1
12,257,1,1
13,257,1,1
14,257,1,1
0,258,1,1
1,258,1,1
2,258,1,1
3,258,1,1
4,258,1,1
5,258,1,1
6,258,1,1
7,258,1,1
8,258,1,1
9,258,1,1
10,258,1,1
11,258,1,1
12,258,1,1
13,258,1,1
14,258,1,1
0,259,3,0
1,259,1,1
2,259,1,1
3,259,1,2
4,259,1,1
5,259,1,1
6,259,1,1
7,259,1,1
8,259,1,1
9,259,1,1
10,259,1,1
11,259,1,1
12,259,2,1
13,259,3,2
14,259,1,1
0,260,3,0
1,260,1,1
2,260,3,3
3,260,1,2
4,260,1,1
5,260,1,1
6,260,1,1
7,260,1,2
8,260,1,2
9,260,1,1
10,260,1,1
11,260,1,1
12,260,1,3
13,260,1,1
14,260,1,3
0,261,3,0
1,261,1,1
2,261,3,3
3,261,1,2
4,261,1,1
5,261,1,1
6,261,1,1
7,261,1,2
8,261,1,2
9,261,1,1
10,261,1,1
11,261,1,1
12,261,1,3
13,261,1,1
14,261,1,3
0,262,2,3
1,262,1,1
2,262,1,1
3,262,1,1
4,262,1,1
5,262,1,1
6,262,1,1
7,262,1,1
8,262,1,1
9,262,1,1
10,262,1,1
11,262,1,1
12,262,1,1
13,262,1,1
14,262,1,1
0,263,3,0
1,263,1,1
2,263,3,3
3,263,1,2
4,263,3,3
5,263,1,2
6,263,1,1
7,263,1,2
8,263,1,1
9,263,1,1
10,263,1,1
11,263,1,1
12,263,1,3
13,263,1,1
14,263,1,3
0,264,1,1
1,264,1,1
2,264,1,1
3,264,1,1
4,264,1,1
5,264,1,1
6,264,1,1
7,264,1,1
8,264,1,1
9,264,1,1
10,264,1,1
11,264,1,1
12,264,1,1
13,264,1,1
14,264,1,1
0,265,3,0
1,265,1,1
2,265,2,1
3,265,1,2
4,265,1,1
5,265,1,1
6,265,1,1
7,265,1,2
8,265,2,3
9,265,1,1
10,265,1,1
11,265,1,1
12,265,1,3
13,265,1,1
14,265,1,3
0,266,3,0
1,266,1,1
2,266,2,1
3,266,1,2
4,266,1,1
5,266,1,1
6,266,1,1
7,266,1,2
8,266,2,3
9,266,1,1
10,266,1,1
11,266,1,1
12,266,1,3
13,266,1,1
14,266,1,3
0,267,3,0
1,267,1,3
2,267,1,1
3,267,3,2
4,267,1,1
5,267,3,2
6,267,1,1
7,267,2,0
8,267,1,1
9,267,3,1
10,267,1,1
11,267,3,1
12,267,1,1
13,267,1,2
14,267,1,1
0,268,1,1
1,268,1,1
2,268,1,1
3,268,1,1
4,268,1,1
5,268,1,1
6,268,1,1
7,268,1,1
8,268,1,1
9,268,1,1
10,268,1,1
11,268,1,1
12,268,1,1
13,268,1,1
14,268,1,1
0,269,3,0
1,269,1,1
2,269,2,1
3,269,1,0
4,269,1,1
5,269,1,1
6,269,1,1
7,269,1,2
8,269,2,3
9,269,1,1
10,269,1,1
11,269,1,1
12,269,1,3
13,269,1,1
14,269,1,3
0,270,1,1
1,270,1,1
2,270,1,1
3,270,1,1
4,270,1,1
5,270,1,1
6,270,1,1
7,270,1,1
8,270,1,1
9,270,1,1
10,270,1,1
11,270,1,1
12,270,1,1
13,270,1,1
14,270,1,1
0,271,1,1
1,271,1,1
2,271,1,1
3,271,1,1
4,271,1,1
5,271,1,1
6,271,1,1
7,271,1,1
8,271,1,1
9,271,1,1
10,271,1,1
11,271,1,1
12,271,1,1
13,271,1,1
14,271,1,1
0,272,2,3
1,272,1,1
2,272,1,1
3,272,1,1
4,272,1,1
5,272,1,1
6,272,1,1
7,272,1,1
8,272,1,1
9,272,1,1
10,272,1,1
11,272,1,1
12,272,1,1
13,272,1,1
14,272,1,1
0,273,1,1
1,273,1,1
2,273,1,1
3,273,1,1
4,273,1,1
5,273,1,1
6,273,1,1
7,273,1,1
8,273,1,1
9,273,1,1
10,273,1,1
11,273,1,1
12,273,1,1
13,273,1,1
14,273,1,1
0,274,3,0
1,274,1,1
2,274,3,3
3,274,1,2
4,274,3,3
5,274,1,2
6,274,1,1
7,274,1,2
8,274,1,1
9,274,1,1
10,274,1,1
11,274,1,1
12,274,1,3
13,274,1,1
14,274,1,3
0,275,2,3
1,275,1,1
2,275,1,1
3,275,1,1
4,275,1,1
5,275,1,1
6,275,1,1
7,275,1,1
8,275,1,1
9,275,1,1
10,275,1,1
11,275,1,1
12,275,1,1
13,275,1,1
14,275,1,1
0,276,3,0
1,276,1,1
2,276,1,1
3,276,1,2
4,276,1,1
5,276,1,1
6,276,1,1
7,276,3,0
8,276,1,1
9,276,1,1
10,276,1,1
11,276,1,1
12,276,3,3
13,276,3,2
14,276,1,1
0,277,2,3
1,277,1,1
2,277,1,1
3,277,1,1
4,277,1,1
5,277,1,1
6,277,1,1
7,277,1,1
8,277,1,1
9,277,1,1
10,277,1,1
11,277,1,1
12,277,1,1
13,277,1,1
14,277,1,1
0,278,3,0
1,278,1,1
2,278,2,1
3,278,1,2
4,278,1,1
5,278,1,1
6,278,1,1
7,278,1,2
8,278,2,3
9,278,1,1
10,278,1,1
11,278,1,1
12,278,1,3
13,278,1,1
14,278,1,3
0,279,1,1
1,279,1,1
2,279,1,1
3,279,1,1
4,279,1,1
5,279,1,1
6,279,1,1
7,279,1,1
8,279,1,1
9,279,1,1
10,279,1,1
11,279,1,1
12,279,1,1
13,279,1,1
14,279,1,1
0,280,3,0
1,280,1,1
2,280,1,1
3,280,1,2
4,280,1,1
5,280,1,1
6,280,1,1
7,280,3,0
8,280,1,1
9,280,1,1
10,280,1,1
11,280,1,1
12,280,3,3
13,280,3,2
14,280,1,1
0,281,3,0
1,281,1,1
2,281,3,3
3,281,1,2
4,281,1,1
5,281,1,1
6,281,1,1
7,281,1,2
8,281,1,2
9,281,1,1
10,281,1,1
11,281,1,1
12,281,1,3
13,281,1,1
14,281,1,3
0,282,1,1
1,282,1,1
2,282,1,1
3,282,1,1
4,282,1,1
5,282,1,1
6,282,1,1
7,282,1,1
8,282,1,1
9,282,1,1
10,282,1,1
11,282,1,1
12,282,1,1
13,282,1,1
14,282,1,1
0,283,1,1
1,283,1,1
2,283,1,1
3,283,1,1
4,283,1,1
5,283,1,1
6,283,1,1
7,283,1,1
8,283,1,1
9,283,1,1
10,283,1,1
11,283,1,1
12,283,1,1
13,283,1,1
14,283,1,1
0,284,3,0
1,284,1,1
2,284,3,3
3,284,1,2
4,284,3,3
5,284,1,2
6,284,1,1
7,284,1,2
8,284,1,1
9,284,1,1
10,284,1,1
11,284,1,1
12,284,1,3
13,284,1,1
14,284,1,3
0,285,3,0
1,285,1,3
2,285,1,1
3,285,3,2
4,285,1,1
5,285,3,2
6,285,1,1
7,285,2,0
8,285,1,1
9,285,3,1
10,285,1,1
11,285,3,1
12,285,1,1
13,285,1,2
14,285,1,1
0,286,3,0
1,286,1,1
2,286,1,1
3,286,1,2
4,286,1,1
5,286,1,1
6,286,1,1
7,286,3,0
8,286,1,1
9,286,1,1
10,286,1,1
11,286,1,1
12,286,3,3
13,286,3,2
14,286,1,1
0,287,3,0
1,287,1,1
2,287,1,1
3,287,1,2
4,287,1,1
5,287,1,1
6,287,1,1
7,287,1,1
8,287,1,1
9,287,1,1
10,287,1,1
11,287,1,1
12,287,2,1
13,287,3,2
14,287,1,1
0,288,3,0
1,288,1,1
2,288,3,3
3,288,1,2
4,288,1,3
5,288,1,2
6,288,1,1
7,288,1,2
8,288,1,1
9,288,1,1
10,288,1,1
11,288,1,1
12,288,1,3
13,288,1,1
14,288,1,3
0,289,1,1
1,289,1,1
2,289,1,1
3,289,1,1
4,289,1,1
5,289,1,1
6,289,1,1
7,289,1,1
8,289,1,1
9,289,1,1
10,289,1,1
11,289,1,1
12,289,1,1
13,289,1,1
14,289,1,1
0,290,2,3
1,290,1,1
2,290,1,1
3,290,1,1
4,290,1,1
5,290,1,1
6,290,1,1
7,290,1,1
8,290,1,1
9,290,1,1
10,290,1,1
11,290,1,1
12,290,1,1
13,290,1,1
14,290,1,1
0,291,3,0
1,291,1,1
2,291,1,1
3,291,1,2
4,291,1,1
5,291,1,1
6,291,1,1
7,291,3,0
8,291,1,1
9,291,1,1
10,291,1,1
11,291,1,1
12,291,3,3
13,291,3,2
14,291,1,1
0,292,3,0
1,292,1,1
2,292,2,1
3,292,1,2
4,292,1,1
5,292,1,1
6,292,1,1
7,292,1,2
8,292,2,3
9,292,1,1
10,292,1,1
11,292,1,1
12,292,1,3
13,292,1,1
14,292,1,3
0,293,3,0
1,293,1,1
2,293,1,1
3,293,1,2
4,293,1,1
5,293,1,1
6,293,1,1
7,293,3,0
8,293,1,1
9,293,1,1
10,293,1,1
11,293,1,1
12,293,3,3
13,293,3,2
14,293,1,1
0,294,2,3
1,294,1,1
2,294,1,1
3,294,1,1
4,294,1,1
5,294,1,1
6,294,1,1
7,294,1,1
8,294,1,1
9,294,1,1
10,294,1,1
11,294,1,1
12,294,1,1
13,294,1,1
14,294,1,1
0,295,3,0
1,295,1,1
2,295,2,1
3,295,1,0
4,295,1,1
5,295,1,1
6,295,1,1
7,295,1,2
8,295,2,3
9,295,1,1
10,295,1,1
11,295,1,1
12,295,1,3
13,295,1,1
14,295,1,3
0,296,3,0
1,296,1,1
2,296,1,1
3,296,1,2
4,296,1,1
5,296,1,1
6,296,1,1
7,296,3,0
8,296,1,1
9,296,1,1
10,296,1,1
11,296,1,1
12,296,3,3
13,296,3,2
14,296,1,1
0,297,3,0
1,297,1,1
2,297,3,3
3,297,1,2
4,297,1,1
5,297,1,1
6,297,1,1
7,297,1,2
8,297,1,2
9,297,1,1
10,297,1,1
11,297,1,1
12,297,1,3
13,297,1,1
14,297,1,3
0,298,3,0
1,298,1,1
2,298,2,1
3,298,1,0
4,298,1,1
5,298,1,1
6,298,1,1
7,298,1,2
8,298,2,3
9,298,1,1
10,298,1,1
11,298,1,1
12,298,1,3
13,298,1,1
14,298,1,3
0,299,3,0
1,299,1,1
2,299,2,1
3,299,1,2
4,299,1,1
5,299,1,1
6,299,1,1
7,299,1,2
8,299,2,3
9,299,1,1
10,299,1,1
11,299,1,1
12,299,1,3
13,299,1,1
14,299,1,3
0,300,1,1
1,300,1,1
2,300,1,1
3,300,1,1
4,300,1,1
5,300,1,1
6,300,1,1
7,300,1,1
8,300,1,1
9,300,1,1
10,300,1,1
11,300,1,1
12,300,1,1
13,300,1,1
14,300,1,1
0,301,3,0
1,301,1,1
2,301,2,1
3,301,1,0
4,301,1,1
5,301,1,1
6,301,1,1
7,301,1,2
8,301,2,3
9,301,1,1
10,301,1,1
11,301,1,1
12,301,1,3
13,301,1,1
14,301,1,3
0,302,3,0
1,302,1,1
2,302,2,1
3,302,1,2
4,302,1,1
5,302,1,1
6,302,1,1
7,302,1,2
8,302,2,3
9,302,1,1
10,302,1,1
11,302,1,1
12,302,1,3
13,302,1,1
14,302,1,3
0,303,3,0
1,303,1,1
2,303,2,1
3,303,1,2
4,303,1,1
5,303,1,1
6,303,1,1
7,303,1,2
8,303,2,3
9,303,1,1
10,303,1,1
11,303,1,1
12,303,1,3
13,303,1,1
14,303,1,3
0,304,3,0
1,304,1,1
2,304,3,3
3,304,1,2
4,304,3,3
5,304,1,2
6,304,1,1
7,304,1,2
8,304,1,1
9,304,1,1
10,304,1,1
11,304,1,1
12,304,1,3
13,304,1,1
14,304,1,3
0,305,3,0
1,305,1,1
2,305,2,1
3,305,1,2
4,305,1,1
5,305,1,1
6,305,1,1
7,305,1,2
8,305,2,3
9,305,1,1
10,305,1,1
11,305,1,1
12,305,1,3
13,305,1,1
14,305,1,3
0,306,3,0
1,306,1,1
2,306,2,1
3,306,1,2
4,306,1,1
5,306,1,1
6,306,1,1
7,306,1,2
8,306,2,3
9,306,1,1
10,306,1,1
11,306,1,1
12,306,1,3
13,306,1,1
14,306,1,3
0,307,3,0
1,307,1,1
2,307,1,1
3,307,1,2
4,307,1,1
5,307,1,1
6,307,1,1
7,307,1,1
8,307,1,1
9,307,1,1
10,307,1,1
11,307,1,1
12,307,2,1
13,307,3,2
14,307,1,1
0,308,1,1
1,308,1,1
2,308,1,1
3,308,1,1
4,308,1,1
5,308,1,1
6,308,1,1
7,308,1,1
8,308,1,1
9,308,1,1
10,308,1,1
11,308,1,1
12,308,1,1
13,308,1,1
14,308,1,1
0,309,3,0
1,309,1,3
2,309,1,1
3,309,3,2
4,309,1,1
5,309,3,2
6,309,1,1
7,309,2,0
8,309,1,1
9,309,3,1
10,309,1,1
11,309,3,1
12,309,1,1
13,309,1,2
14,309,1,1
0,310,3,0
1,310,1,1
2,310,1,1
3,310,1,2
4,310,1,1
5,310,1,1
6,310,1,1
7,310,1,1
8,310,1,1
9,310,1,1
10,310,1,1
11,310,1,1
12,310,2,1
13,310,3,2
14,310,1,1
0,311,2,3
1,311,1,1
2,311,1,1
3,311,1,1
4,311,1,1
5,311,1,1
6,311,1,1
7,311,1,1
8,311,1,1
9,311,1,1
10,311,1,1
11,311,1,1
12,311,1,1
13,311,1,1
14,311,1,1
0,312,3,0
1,312,1,3
2,312,1,1
3,312,3,2
4,312,1,1
5,312,3,2
6,312,1,1
7,312,2,0
8,312,1,1
9,312,3,1
10,312,1,1
11,312,3,1
12,312,1,1
13,312,1,2
14,312,1,1
0,313,3,0
1,313,1,1
2,313,2,1
3,313,1,2
4,313,1,1
5,313,1,1
6,313,1,1
7,313,1,2
8,313,2,3
9,313,1,1
10,313,1,1
11,313,1,1
12,313,1,3
13,313,1,1
14,313,1,3
0,314,3,0
1,314,1,3
2,314,1,1
3,314,3,2
4,314,1,1
5,314,3,2
6,314,1,1
7,314,2,0
8,314,1,1
9,314,3,1
10,314,1,1
11,314,3,1
12,314,1,1
13,314,1,2
14,314,1,1
0,315,1,1
1,315,1,1
2,315,1,1
3,315,1,1
4,315,1,1
5,315,1,1
6,315,1,1
7,315,1,1
8,315,1,1
9,315,1,1
10,315,1,1
11,315,1,1
12,315,1,1
13,315,1,1
14,315,1,1
0,316,3,0
1,316,1,1
2,316,3,3
3,316,1,2
4,316,1,1
5,316,1,1
6,316,1,1
7,316,1,2
8,316,1,2
9,316,1,1
10,316,1,1
11,316,1,1
12,316,1,3
13,316,1,1
14,316,1,3
0,317,3,0
1,317,1,1
2,317,2,1
3,317,1,2
4,317,1,1
5,317,1,1
6,317,1,1
7,317,1,2
8,317,2,3
9,317,1,1
10,317,1,1
11,317,1,1
12,317,1,3
13,317,1,1
14,317,1,3
0,318,3,0
1,318,1,1
2,318,3,3
3,318,1,2
4,318,1,3
5,318,1,2
6,318,1,1
7,318,1,2
8,318,1,1
9,318,1,1
10,318,1,1
11,318,1,1
12,318,1,3
13,318,1,1
14,318,1,3
0,319,3,0
1,319,1,1
2,319,2,1
3,319,1,2
4,319,1,1
5,319,1,1
6,319,1,1
7,319,1,2
8,319,2,3
9,319,1,1
10,319,1,1
11,319,1,1
12,319,1,3
13,319,1,1
14,319,1,3
0,320,2,3
1,320,1,1
2,320,1,1
3,320,1,1
4,320,1,1
5,320,1,1
6,320,1,1
7,320,1,1
8,320,1,1
9,320,1,1
10,320,1,1
11,320,1,1
12,320,1,1
13,320,1,1
14,320,1,1
0,321,3,0
1,321,1,1
2,321,2,1
3,321,1,2
4,321,1,1
5,321,1,1
6,321,1,1
7,321,1,2
8,321,2,3
9,321,1,1
10,321,1,1
11,321,1,1
12,321,1,3
13,321,1,1
14,321,1,3
0,322,1,1
1,322,1,1
2,322,1,1
3,322,1,1
4,322,1,1
5,322,1,1
6,322,1,1
7,322,1,1
8,322,1,1
9,322,1,1
10,322,1,1
11,322,1,1
12,322,1,1
13,322,1,1
14,322,1,1
0,323,3,0
1,323,1,3
2,323,1,1
3,323,3,2
4,323,1,1
5,323,3,2
6,323,1,1
7,323,2,0
8,323,1,1
9,323,3,1
10,323,1,1
11,323,3,1
12,323,1,1
13,323,1,2
14,323,1,1
0,324,1,1
1,324,1,1
2,324,1,1
3,324,1,1
4,324,1,1
5,324,1,1
6,324,1,1
7,324,1,1
8,324,1,1
9,324,1,1
10,324,1,1
11,324,1,1
12,324,1,1
13,324,1,1
14,324,1,1
0,325,3,0
1,325,1,1
2,325,2,1
3,325,1,2
4,325,1,1
5,325,1,1
6,325,1,1
7,325,1,2
8,325,2,3
9,325,1,1
10,325,1,1
11,325,1,1
12,325,1,3
13,325,1,1
14,325,1,3
0,326,1,1
1,326,1,1
2,326,1,1
3,326,1,1
4,326,1,1
5,326,1,1
6,326,1,1
7,326,1,1
8,326,1,1
9,326,1,1
10,326,1,1
11,326,1,1
12,326,1,1
13,326,1,1
14,326,1,1
0,327,3,0
1,327,1,1
2,327,2,1
3,327,1,2
4,327,1,1
5,327,1,1
6,327,1,1
7,327,1,2
8,327,2,3
9,327,1,1
10,327,1,1
11,327,1,1
12,327,1,3
13,327,1,1
14,327,1,3
0,328,3,0
1,328,1,1
2,328,1,1
3,328,1,2
4,328,1,1
5,328,1,1
6,328,1,1
7,328,1,1
8,328,1,1
9,328,1,1
10,328,1,1
11,328,1,1
12,328,2,1
13,328,3,2
14,328,1,1
0,329,3,0
1,329,1,1
2,329,2,1
3,329,1,2
4,329,1,1
5,329,1,1
6,329,1,1
7,329,1,2
8,329,2,3
9,329,1,1
10,329,1,1
11,329,1,1
12,329,1,3
13,329,1,1
14,329,1,3
0,330,3,0
1,330,1,1
2,330,1,1
3,330,1,2
4,330,1,1
5,330,1,1
6,330,1,1
7,330,3,0
8,330,1,1
9,330,1,1
10,330,1,1
11,330,1,1
12,330,3,3
13,330,3,2
14,330,1,1
0,331,1,1
1,331,1,1
2,331,1,1
3,331,1,1
4,331,1,1
5,331,1,1
6,331,1,1
7,331,1,1
8,331,1,1
9,331,1,1
10,331,1,1
11,331,1,1
12,331,1,1
13,331,1,1
14,331,1,1
0,332,3,0
1,332,1,1
2,332,2,1
3,332,1,2
4,332,1,1
5,332,1,1
6,332,1,1
7,332,1,2
8,332,2,3
9,332,1,1
10,332,1,1
11,332,1,1
12,332,1,3
13,332,1,1
14,332,1,3
0,333,3,0
1,333,1,1
2,333,1,1
3,333,1,2
4,333,1,1
5,333,1,1
6,333,1,1
7,333,3,0
8,333,1,1
9,333,1,1
10,333,1,1
11,333,1,1
12,333,3,3
13,333,3,2
14,333,1,1
0,334,3,0
1,334,1,1
2,334,1,1
3,334,1,2
4,334,1,1
5,334,1,1
6,334,1,1
7,334,3,0
8,334,1,1
9,334,1,1
10,334,1,1
11,334,1,1
12,334,3,3
13,334,3,2
14,334,1,1
0,335,2,3
1,335,1,1
2,335,1,1
3,335,1,1
4,335,1,1
5,335,1,1
6,335,1,1
7,335,1,1
8,335,1,1
9,335,1,1
10,335,1,1
11,335,1,1
12,335,1,1
13,335,1,1
14,335,1,1
0,336,3,0
1,336,1,1
2,336,2,1
3,336,1,0
4,336,1,1
5,336,1,1
6,336,1,1
7,336,1,2
8,336,2,3
9,336,1,1
10,336,1,1
11,336,1,1
12,336,1,3
13,336,1,1
14,336,1,3
0,337,3,0
1,337,1,1
2,337,3,3
3,337,1,2
4,337,1,1
5,337,1,1
6,337,1,1
7,337,1,2
8,337,1,2
9,337,1,1
10,337,1,1
11,337,1,1
12,337,1,3
13,337,1,1
14,337,1,3
0,338,3,0
1,338,1,1
2,338,1,1
3,338,1,2
4,338,1,1
5,338,1,1
6,338,1,1
7,338,3,0
8,338,1,1
9,338,1,1
10,338,1,1
11,338,1,1
12,338,3,3
13,338,3,2
14,338,1,1
0,339,1,1
1,339,1,1
2,339,1,1
3,339,1,1
4,339,1,1
5,339,1,1
6,339,1,1
7,339,1,1
8,339,1,1
9,339,1,1
10,339,1,1
11,339,1,1
12,339,1,1
13,339,1,1
14,339,1,1
0,340,3,0
1,340,1,1
2,340,1,1
3,340,1,2
4,340,1,1
5,340,1,1
6,340,1,1
7,340,1,1
8,340,1,1
9,340,1,1
10,340,1,1
11,340,1,1
12,340,2,1
13,340,3,2
14,340,1,1
0,341,1,1
1,341,1,1
2,341,1,1
3,341,1,1
4,341,1,1
5,341,1,1
6,341,1,1
7,341,1,1
8,341,1,1
9,341,1,1
10,341,1,1
11,341,1,1
12,341,1,1
13,341,1,1
14,341,1,1
0,342,3,0
1,342,1,1
2,342,2,1
3,342,1,0
4,342,1,1
5,342,1,1
6,342,1,1
7,342,1,2
8,342,2,3
9,342,1,1
10,342,1,1
11,342,1,1
12,342,1,3
13,342,1,1
14,342,1,3
0,343,2,3
1,343,1,1
2,343,1,1
3,343,1,1
4,343,1,1
5,343,1,1
6,343,1,1
7,343,1,1
8,343,1,1
9,343,1,1
10,343,1,1
11,343,1,1
12,343,1,1
13,343,1,1
14,343,1,1
0,344,3,0
1,344,1,1
2,344,3,3
3,344,1,2
4,344,1,1
5,344,1,1
6,344,1,1
7,344,1,2
8,344,1,2
9,344,1,1
10,344,1,1
11,344,1,1
12,344,1,3
13,344,1,1
14,344,1,3
0,345,3,0
1,345,1,3
2,345,1,1
3,345,3,2
4,345,1,1
5,345,3,2
6,345,1,1
7,345,2,0
8,345,1,1
9,345,3,1
10,345,1,1
11,345,3,1
12,345,1,1
13,345,1,2
14,345,1,1
0,346,3,0
1,346,1,1
2,346,2,1
3,346,1,2
4,346,1,1
5,346,1,1
6,346,1,1
7,346,1,2
8,346,2,3
9,346,1,1
10,346,1,1
11,346,1,1
12,346,1,3
13,346,1,1
14,346,1,3
0,347,3,0
1,347,1,3
2,347,1,1
3,347,3,2
4,347,1,1
5,347,3,2
6,347,1,1
7,347,2,0
8,347,1,1
9,347,3,1
10,347,1,1
11,347,3,1
12,347,1,1
13,347,1,2
14,347,1,1
0,348,3,0
1,348,1,1
2,348,3,3
3,348,1,2
4,348,1,3
5,348,1,2
6,348,1,1
7,348,1,2
8,348,1,1
9,348,1,1
10,348,1,1
11,348,1,1
12,348,1,3
13,348,1,1
14,348,1,3
0,349,3,0
1,349,1,1
2,349,2,1
3,349,1,2
4,349,1,1
5,349,1,1
6,349,1,1
7,349,1,2
8,349,2,3
9,349,1,1
10,349,1,1
11,349,1,1
12,349,1,3
13,349,1,1
14,349,1,3
0,350,3,0
1,350,1,3
2,350,1,1
3,350,3,2
4,350,1,1
5,350,3,2
6,350,1,1
7,350,2,0
8,350,1,1
9,350,3,1
10,350,1,1
11,350,3,1
12,350,1,1
13,350,1,2
14,350,1,1
0,351,3,0
1,351,1,3
2,351,1,1
3,351,3,2
4,351,1,1
5,351,3,2
6,351,1,1
7,351,2,0
8,351,1,1
9,351,3,1
10,351,1,1
11,351,3,1
12,351,1,1
13,351,1,2
14,351,1,1
0,352,3,0
1,352,1,1
2,352,2,1
3,352,1,2
4,352,1,1
5,352,1,1
6,352,1,1
7,352,1,2
8,352,2,3
9,352,1,1
10,352,1,1
11,352,1,1
12,352,1,3
13,352,1,1
14,352,1,3
0,353,2,3
1,353,1,1
2,353,1,1
3,353,1,1
4,353,1,1
5,353,1,1
6,353,1,1
7,353,1,1
8,353,1,1
9,353,1,1
10,353,1,1
11,353,1,1
12,353,1,1
13,353,1,1
14,353,1,1
0,354,3,0
1,354,1,1
2,354,3,3
3,354,1,2
4,354,1,3
5,354,1,2
6,354,1,1
7,354,1,2
8,354,1,1
9,354,1,1
10,354,1,1
11,354,1,1
12,354,1,3
13,354,1,1
14,354,1,3
0,355,2,3
1,355,1,1
2,355,1,1
3,355,1,1
4,355,1,1
5,355,1,1
6,355,1,1
7,355,1,1
8,355,1,1
9,355,1,1
10,355,1,1
11,355,1,1
12,355,1,1
13,355,1,1
14,355,1,1
0,356,3,0
1,356,1,1
2,356,2,1
3,356,1,2
4,356,1,1
5,356,1,1
6,356,1,1
7,356,1,2
8,356,2,3
9,356,1,1
10,356,1,1
11,356,1,1
12,356,1,3
13,356,1,1
14,356,1,3
0,357,3,0
1,357,1,1
2,357,2,1
3,357,1,0
4,357,1,1
5,357,1,1
6,357,1,1
7,357,1,2
8,357,2,3
9,357,1,1
10,357,1,1
11,357,1,1
12,357,1,3
13,357,1,1
14,357,1,3
0,358,3,0
1,358,1,1
2,358,1,1
3,358,1,2
4,358,1,1
5,358,1,1
6,358,1,1
7,358,3,0
8,358,1,1
9,358,1,1
10,358,1,1
11,358,1,1
12,358,3,3
13,358,3,2
14,358,1,1
0,359,1,1
1,359,1,1
2,359,1,1
3,359,1,1
4,359,1,1
5,359,1,1
6,359,1,1
7,359,1,1
8,359,1,1
9,359,1,1
10,359,1,1
11,359,1,1
12,359,1,1
13,359,1,1
14,359,1,1
0,360,3,0
1,360,1,1
2,360,1,1
3,360,1,2
4,360,1,1
5,360,1,1
6,360,1,1
7,360,1,1
8,360,1,1
9,360,1,1
10,360,1,1
11,360,1,1
12,360,2,1
13,360,3,2
14,360,1,1
0,361,3,0
1,361,1,1
2,361,3,3
3,361,1,2
4,361,1,1
5,361,1,1
6,361,1,1
7,361,1,2
8,361,1,2
9,361,1,1
10,361,1,1
11,361,1,1
12,361,1,3
13,361,1,1
14,361,1,3
0,362,3,0
1,362,1,1
2,362,2,1
3,362,1,2
4,362,1,1
5,362,1,1
6,362,1,1
7,362,1,2
8,362,2,3
9,362,1,1
10,362,1,1
11,362,1,1
12,362,1,3
13,362,1,1
14,362,1,3
0,363,3,0
1,363,1,1
2,363,3,3
3,363,1,2
4,363,3,3
5,363,1,2
6,363,1,1
7,363,1,2
8,363,1,1
9,363,1,1
10,363,1,1
11,363,1,1
12,363,1,3
13,363,1,1
14,363,1,3
0,364,3,0
1,364,1,1
2,364,2,1
3,364,1,2
4,364,1,1
5,364,1,1
6,364,1,1
7,364,1,2
8,364,2,3
9,364,1,1
10,364,1,1
11,364,1,1
12,364,1,3
13,364,1,1
14,364,1,3
0,365,3,0
1,365,1,1
2,365,3,3
3,365,1,2
4,365,3,3
5,365,1,2
6,365,1,1
7,365,1,2
8,365,1,1
9,365,1,1
10,365,1,1
11,365,1,1
12,365,1,3
13,365,1,1
14,365,1,3
0,366,3,0
1,366,1,1
2,366,2,1
3,366,1,0
4,366,1,1
5,366,1,1
6,366,1,1
7,366,1,2
8,366,2,3
9,366,1,1
10,366,1,1
11,366,1,1
12,366,1,3
13,366,1,1
14,366,1,3
0,367,3,0
1,367,1,1
2,367,3,3
3,367,1,2
4,367,3,3
5,367,1,2
6,367,1,1
7,367,1,2
8,367,1,1
9,367,1,1
10,367,1,1
11,367,1,1
12,367,1,3
13,367,1,1
14,367,1,3
0,368,3,0
1,368,1,1
2,368,1,1
3,368,1,2
4,368,1,1
5,368,1,1
6,368,1,1
7,368,1,1
8,368,1,1
9,368,1,1
10,368,1,1
11,368,1,1
12,368,2,1
13,368,3,2
14,368,1,1
0,369,3,0
1,369,1,1
2,369,3,3
3,369,1,2
4,369,1,1
5,369,1,1
6,369,1,1
7,369,1,2
8,369,1,2
9,369,1,1
10,369,1,1
11,369,1,1
12,369,1,3
13,369,1,1
14,369,1,3
0,370,3,0
1,370,1,1
2,370,3,3
3,370,1,2
4,370,1,1
5,370,1,1
6,370,1,1
7,370,1,2
8,370,1,2
9,370,1,1
10,370,1,1
11,370,1,1
12,370,1,3
13,370,1,1
14,370,1,3
0,371,3,0
1,371,1,1
2,371,3,3
3,371,1,2
4,371,1,1
5,371,1,1
6,371,1,1
7,371,1,2
8,371,1,2
9,371,1,1
10,371,1,1
11,371,1,1
12,371,1,3
13,371,1,1
14,371,1,3
0,372,1,1
1,372,1,1
2,372,1,1
3,372,1,1
4,372,1,1
5,372,1,1
6,372,1,1
7,372,1,1
8,372,1,1
9,372,1,1
10,372,1,1
11,372,1,1
12,372,1,1
13,372,1,1
14,372,1,1
0,373,1,1
1,373,1,1
2,373,1,1
3,373,1,1
4,373,1,1
5,373,1,1
6,373,1,1
7,373,1,1
8,373,1,1
9,373,1,1
10,373,1,1
11,373,1,1
12,373,1,1
13,373,1,1
14,373,1,1
0,374,2,3
1,374,1,1
2,374,1,1
3,374,1,1
4,374,1,1
5,374,1,1
6,374,1,1
7,374,1,1
8,374,1,1
9,374,1,1
10,374,1,1
11,374,1,1
12,374,1,1
13,374,1,1
14,374,1,1
0,375,3,0
1,375,1,1
2,375,2,1
3,375,1,2
4,375,1,1
5,375,1,1
6,375,1,1
7,375,1,2
8,375,2,3
9,375,1,1
10,375,1,1
11,375,1,1
12,375,1,3
13,375,1,1
14,375,1,3
0,376,1,1
1,376,1,1
2,376,1,1
3,376,1,1
4,376,1,1
5,376,1,1
6,376,1,1
7,376,1,1
8,376,1,1
9,376,1,1
10,376,1,1
11,376,1,1
12,376,1,1
13,376,1,1
14,376,1,1
0,377,1,1
1,377,1,1
2,377,1,1
3,377,1,1
4,377,1,1
5,377,1,1
6,377,1,1
7,377,1,1
8,377,1,1
9,377,1,1
10,377,1,1
11,377,1,1
12,377,1,1
13,377,1,1
14,377,1,1
0,378,2,3
1,378,1,1
2,378,1,1
3,378,1,1
4,378,1,1
5,378,1,1
6,378,1,1
7,378,1,1
8,378,1,1
9,378,1,1
10,378,1,1
11,378,1,1
12,378,1,1
13,378,1,1
14,378,1,1
0,379,2,3
1,379,1,1
2,379,1,1
3,379,1,1
4,379,1,1
5,379,1,1
6,379,1,1
7,379,1,1
8,379,1,1
9,379,1,1
10,379,1,1
11,379,1,1
12,379,1,1
13,379,1,1
14,379,1,1
0,380,3,0
1,380,1,3
2,380,1,1
3,380,3,2
4,380,1,1
5,380,3,2
6,380,1,1
7,380,2,0
8,380,1,1
9,380,3,1
10,380,1,1
11,380,3,1
12,380,1,1
13,380,1,2
14,380,1,1
0,381,3,0
1,381,1,3
2,381,1,1
3,381,3,2
4,381,1,1
5,381,3,2
6,381,1,1
7,381,2,0
8,381,1,1
9,381,3,1
10,381,1,1
11,381,3,1
12,381,1,1
13,381,1,2
14,381,1,1
0,382,3,0
1,382,1,1
2,382,2,1
3,382,1,2
4,382,1,1
5,382,1,1
6,382,1,1
7,382,1,2
8,382,2,3
9,382,1,1
10,382,1,1
11,382,1,1
12,382,1,3
13,382,1,1
14,382,1,3
0,383,3,0
1,383,1,1
2,383,1,1
3,383,1,2
4,383,1,1
5,383,1,1
6,383,1,1
7,383,1,1
8,383,1,1
9,383,1,1
10,383,1,1
11,383,1,1
12,383,2,1
13,383,3,2
14,383,1,1
0,384,3,0
1,384,1,1
2,384,1,1
3,384,1,2
4,384,1,1
5,384,1,1
6,384,1,1
7,384,3,0
8,384,1,1
9,384,1,1
10,384,1,1
11,384,1,1
12,384,3,3
13,384,3,2
14,384,1,1
0,385,1,1
1,385,1,1
2,385,1,1
3,385,1,1
4,385,1,1
5,385,1,1
6,385,1,1
7,385,1,1
8,385,1,1
9,385,1,1
10,385,1,1
11,385,1,1
12,385,1,1
13,385,1,1
14,385,1,1
0,386,3,0
1,386,1,1
2,386,1,1
3,386,1,2
4,386,1,1
5,386,1,1
6,386,1,1
7,386,3,0
8,386,1,1
9,386,1,1
10,386,1,1
11,386,1,1
12,386,3,3
13,386,3,2
14,386,1,1
0,387,2,3
1,387,1,1
2,387,1,1
3,387,1,1
4,387,1,1
5,387,1,1
6,387,1,1
7,387,1,1
8,387,1,1
9,387,1,1
10,387,1,1
11,387,1,1
12,387,1,1
13,387,1,1
14,387,1,1
0,388,3,0
1,388,1,1
2,388,1,1
3,388,1,2
4,388,1,1
5,388,1,1
6,388,1,1
7,388,3,0
8,388,1,1
9,388,1,1
10,388,1,1
11,388,1,1
12,388,3,3
13,388,3,2
14,388,1,1
0,389,3,0
1,389,1,1
2,389,3,3
3,389,1,2
4,389,1,1
5,389,1,1
6,389,1,1
7,389,1,2
8,389,1,2
9,389,1,1
10,389,1,1
11,389,1,1
12,389,1,3
13,389,1,1
14,389,1,3
0,390,3,0
1,390,1,1
2,390,1,1
3,390,1,2
4,390,1,1
5,390,1,1
6,390,1,1
7,390,1,1
8,390,1,1
9,390,1,1
10,390,1,1
11,390,1,1
12,390,2,1
13,390,3,2
14,390,1,1
0,391,3,0
1,391,1,1
2,391,2,1
3,391,1,0
4,391,1,1
5,391,1,1
6,391,1,1
7,391,1,2
8,391,2,3
9,391,1,1
10,391,1,1
11,391,1,1
12,391,1,3
13,391,1,1
14,391,1,3
0,392,2,3
1,392,1,1
2,392,1,1
3,392,1,1
4,392,1,1
5,392,1,1
6,392,1,1
7,392,1,1
8,392,1,1
9,392,1,1
10,392,1,1
11,392,1,1
12,392,1,1
13,392,1,1
14,392,1,1
0,393,3,0
1,393,1,3
2,393,1,1
3,393,3,2
4,393,1,1
5,393,3,2
6,393,1,1
7,393,2,0
8,393,1,1
9,393,3,1
10,393,1,1
11,393,3,1
12,393,1,1
13,393,1,2
14,393,1,1
0,394,1,1
1,394,1,1
2,394,1,1
3,394,1,1
4,394,1,1
5,394,1,1
6,394,1,1
7,394,1,1
8,394,1,1
9,394,1,1
10,394,1,1
11,394,1,1
12,394,1,1
13,394,1,1
14,394,1,1
0,395,3,0
1,395,1,1
2,395,3,3
3,395,1,2
4,395,3,3
5,395,1,2
6,395,1,1
7,395,1,2
8,395,1,1
9,395,1,1
10,395,1,1
11,395,1,1
12,395,1,3
13,395,1,1
14,395,1,3
0,396,2,3
1,396,1,1
2,396,1,1
3,396,1,1
4,396,1,1
5,396,1,1
6,396,1,1
7,396,1,1
8,396,1,1
9,396,1,1
10,396,1,1
11,396,1,1
12,396,1,1
13,396,1,1
14,396,1,1
0,397,3,0
1,397,1,1
2,397,2,1
3,397,1,2
4,397,1,1
5,397,1,1
6,397,1,1
7,397,1,2
8,397,2,3
9,397,1,1
10,397,1,1
11,397,1,1
12,397,1,3
13,397,1,1
14,397,1,3
0,398,3,0
1,398,1,1
2,398,1,1
3,398,1,2
4,398,1,1
5,398,1,1
6,398,1,1
7,398,1,1
8,398,1,1
9,398,1,1
10,398,1,1
11,398,1,1
12,398,2,1
13,398,3,2
14,398,1,1
0,399,3,0
1,399,1,1
2,399,2,1
3,399,1,2
4,399,1,1
5,399,1,1
6,399,1,1
7,399,1,2
8,399,2,3
9,399,1,1
10,399,1,1
11,399,1,1
12,399,1,3
13,399,1,1
14,399,1,3
0,400,1,1
1,400,1,1
2,400,1,1
3,400,1,1
4,400,1,1
5,400,1,1
6,400,1,1
7,400,1,1
8,400,1,1
9,400,1,1
10,400,1,1
11,400,1,1
12,400,1,1
13,400,1,1
14,400,1,1
0,401,1,1
1,401,1,1
2,401,1,1
3,401,1,1
4,401,1,1
5,401,1,1
6,401,1,1
7,401,1,1
8,401,1,1
9,401,1,1
10,401,1,1
11,401,1,1
12,401,1,1
13,401,1,1
14,401,1,1
0,402,3,0
1,402,1,1
2,402,2,1
3,402,1,2
4,402,1,1
5,402,1,1
6,402,1,1
7,402,1,2
8,402,2,3
9,402,1,1
10,402,1,1
11,402,1,1
12,402,1,3
13,402,1,1
14,402,1,3
0,403,3,0
1,403,1,1
2,403,3,3
3,403,1,2
4,403,1,3
5,403,1,2
6,403,1,1
7,403,1,2
8,403,1,1
9,403,1,1
10,403,1,1
11,403,1,1
12,403,1,3
13,403,1,1
14,403,1,3
0,404,3,0
1,404,1,1
2,404,2,1
3,404,1,2
4,404,1,1
5,404,1,1
6,404,1,1
7,404,1,2
8,404,2,3
9,404,1,1
10,404,1,1
11,404,1,1
12,404,1,3
13,404,1,1
14,404,1,3
0,405,2,3
1,405,1,1
2,405,1,1
3,405,1,1
4,405,1,1
5,405,1,1
6,405,1,1
7,405,1,1
8,405,1,1
9,405,1,1
10,405,1,1
11,405,1,1
12,405,1,1
13,405,1,1
14,405,1,1
0,406,2,3
1,406,1,1
2,406,1,1
3,406,1,1
4,406,1,1
5,406,1,1
6,406,1,1
7,406,1,1
8,406,1,1
9,406,1,1
10,406,1,1
11,406,1,1
12,406,1,1
13,406,1,1
14,406,1,1
0,407,1,1
1,407,1,1
2,407,1,1
3,407,1,1
4,407,1,1
5,407,1,1
6,407,1,1
7,407,1,1
8,407,1,1
9,407,1,1
10,407,1,1
11,407,1,1
12,407,1,1
13,407,1,1
14,407,1,1
0,408,3,0
1,408,1,1
2,408,2,1
3,408,1,2
4,408,1,1
5,408,1,1
6,408,1,1
7,408,1,2
8,408,2,3
9,408,1,1
10,408,1,1
11,408,1,1
12,408,1,3
13,408,1,1
14,408,1,3
0,409,3,0
1,409,1,1
2,409,3,3
3,409,1,2
4,409,1,3
5,409,1,2
6,409,1,1
7,409,1,2
8,409,1,1
9,409,1,1
10,409,1,1
11,409,1,1
12,409,1,3
13,409,1,1
14,409,1,3
0,410,3,0
1,410,1,1
2,410,1,1
3,410,1,2
4,410,1,1
5,410,1,1
6,410,1,1
7,410,1,1
8,410,1,1
9,410,1,1
10,410,1,1
11,410,1,1
12,410,2,1
13,410,3,2
14,410,1,1
0,411,1,1
1,411,1,1
2,411,1,1
3,411,1,1
4,411,1,1
5,411,1,1
6,411,1,1
7,411,1,1
8,411,1,1
9,411,1,1
10,411,1,1
11,411,1,1
12,411,1,1
13,411,1,1
14,411,1,1
0,412,3,0
1,412,1,1
2,412,2,1
3,412,1,2
4,412,1,1
5,412,1,1
6,412,1,1
7,412,1,2
8,412,2,3
9,412,1,1
10,412,1,1
11,412,1,1
12,412,1,3
13,412,1,1
14,412,1,3
0,413,3,0
1,413,1,3
2,413,1,1
3,413,3,2
4,413,1,1
5,413,3,2
6,413,1,1
7,413,2,0
8,413,1,1
9,413,3,1
10,413,1,1
11,413,3,1
12,413,1,1
13,413,1,2
14,413,1,1
0,414,3,0
1,414,1,1
2,414,1,1
3,414,1,2
4,414,1,1
5,414,1,1
6,414,1,1
7,414,1,1
8,414,1,1
9,414,1,1
10,414,1,1
11,414,1,1
12,414,2,1
13,414,3,2
14,414,1,1
0,415,3,0
1,415,1,1
2,415,1,1
3,415,1,2
4,415,1,1
5,415,1,1
6,415,1,1
7,415,3,0
8,415,1,1
9,415,1,1
10,415,1,1
11,415,1,1
12,415,3,3
13,415,3,2
14,415,1,1
0,416,3,0
1,416,1,1
2,416,1,1
3,416,1,2
4,416,1,1
5,416,1,1
6,416,1,1
7,416,1,1
8,416,1,1
9,416,1,1
10,416,1,1
11,416,1,1
12,416,2,1
13,416,3,2
14,416,1,1
0,417,2,3
1,417,1,1
2,417,1,1
3,417,1,1
4,417,1,1
5,417,1,1
6,417,1,1
7,417,1,1
8,417,1,1
9,417,1,1
10,417,1,1
11,417,1,1
12,417,1,1
13,417,1,1
14,417,1,1
0,418,3,0
1,418,1,1
2,418,2,1
3,418,1,2
4,418,1,1
5,418,1,1
6,418,1,1
7,418,1,2
8,418,2,3
9,418,1,1
10,418,1,1
11,418,1,1
12,418,1,3
13,418,1,1
14,418,1,3
0,419,1,1
1,419,1,1
2,419,1,1
3,419,1,1
4,419,1,1
5,419,1,1
6,419,1,1
7,419,1,1
8,419,1,1
9,419,1,1
10,419,1,1
11,419,1,1
12,419,1,1
13,419,1,1
14,419,1,1
0,420,3,0
1,420,1,1
2,420,1,1
3,420,1,2
4,420,1,1
5,420,1,1
6,420,1,1
7,420,3,0
8,420,1,1
9,420,1,1
10,420,1,1
11,420,1,1
12,420,3,3
13,420,3,2
14,420,1,1
0,421,3,0
1,421,1,1
2,421,3,3
3,421,1,2
4,421,1,1
5,421,1,1
6,421,1,1
7,421,1,2
8,421,1,2
9,421,1,1
10,421,1,1
11,421,1,1
12,421,1,3
13,421,1,1
14,421,1,3
0,422,3,0
1,422,1,3
2,422,1,1
3,422,3,2
4,422,1,1
5,422,3,2
6,422,1,1
7,422,2,0
8,422,1,1
9,422,3,1
10,422,1,1
11,422,3,1
12,422,1,1
13,422,1,2
14,422,1,1
0,423,3,0
1,423,1,1
2,423,3,3
3,423,1,2
4,423,1,3
5,423,1,2
6,423,1,1
7,423,1,2
8,423,1,1
9,423,1,1
10,423,1,1
11,423,1,1
12,423,1,3
13,423,1,1
14,423,1,3
0,424,1,1
1,424,1,1
2,424,1,1
3,424,1,1
4,424,1,1
5,424,1,1
6,424,1,1
7,424,1,1
8,424,1,1
9,424,1,1
10,424,1,1
11,424,1,1
12,424,1,1
13,424,1,1
14,424,1,1
0,425,2,3
1,425,1,1
2,425,1,1
3,425,1,1
4,425,1,1
5,425,1,1
6,425,1,1
7,425,1,1
8,425,1,1
9,425,1,1
10,425,1,1
11,425,1,1
12,425,1,1
13,425,1,1
14,425,1,1
0,426,3,0
1,426,1,1
2,426,3,3
3,426,1,2
4,426,1,3
5,426,1,2
6,426,1,1
7,426,1,2
8,426,1,1
9,426,1,1
10,426,1,1
11,426,1,1
12,426,1,3
13,426,1,1
14,426,1,3
0,427,3,0
1,427,1,3
2,427,1,1
3,427,3,2
4,427,1,1
5,427,3,2
6,427,1,1
7,427,2,0
8,427,1,1
9,427,3,1
10,427,1,1
11,427,3,1
12,427,1,1
13,427,1,2
14,427,1,1
0,428,1,1
1,428,1,1
2,428,1,1
3,428,1,1
4,428,1,1
5,428,1,1
6,428,1,1
7,428,1,1
8,428,1,1
9,428,1,1
10,428,1,1
11,428,1,1
12,428,1,1
13,428,1,1
14,428,1,1
0,429,3,0
1,429,1,1
2,429,2,1
3,429,1,2
4,429,1,1
5,429,1,1
6,429,1,1
7,429,1,2
8,429,2,3
9,429,1,1
10,429,1,1
11,429,1,1
12,429,1,3
13,429,1,1
14,429,1,3
0,430,3,0
1,430,1,1
2,430,1,1
3,430,1,2
4,430,1,1
5,430,1,1
6,430,1,1
7,430,1,1
8,430,1,1
9,430,1,1
10,430,1,1
11,430,1,1
12,430,2,1
13,430,3,2
14,430,1,1
0,431,3,0
1,431,1,1
2,431,2,1
3,431,1,2
4,431,1,1
5,431,1,1
6,431,1,1
7,431,1,2
8,431,2,3
9,431,1,1
10,431,1,1
11,431,1,1
12,431,1,3
13,431,1,1
14,431,1,3
0,432,3,0
1,432,1,1
2,432,3,3
3,432,1,2
4,432,1,3
5,432,1,2
6,432,1,1
7,432,1,2
8,432,1,1
9,432,1,1
10,432,1,1
11,432,1,1
12,432,1,3
13,432,1,1
14,432,1,3
0,433,1,1
1,433,1,1
2,433,1,1
3,433,1,1
4,433,1,1
5,433,1,1
6,433,1,1
7,433,1,1
8,433,1,1
9,433,1,1
10,433,1,1
11,433,1,1
12,433,1,1
13,433,1,1
14,433,1,1
0,434,1,1
1,434,1,1
2,434,1,1
3,434,1,1
4,434,1,1
5,434,1,1
6,434,1,1
7,434,1,1
8,434,1,1
9,434,1,1
10,434,1,1
11,434,1,1
12,434,1,1
13,434,1,1
14,434,1,1
0,435,3,0
1,435,1,1
2,435,3,3
3,435,1,2
4,435,1,1
5,435,1,1
6,435,1,1
7,435,1,2
8,435,1,2
9,435,1,1
10,435,1,1
11,435,1,1
12,435,1,3
13,435,1,1
14,435,1,3
0,436,1,1
1,436,1,1
2,436,1,1
3,436,1,1
4,436,1,1
5,436,1,1
6,436,1,1
7,436,1,1
8,436,1,1
9,436,1,1
10,436,1,1
11,436,1,1
12,436,1,1
13,436,1,1
14,436,1,1
0,437,2,3
1,437,1,1
2,437,1,1
3,437,1,1
4,437,1,1
5,437,1,1
6,437,1,1
7,437,1,1
8,437,1,1
9,437,1,1
10,437,1,1
11,437,1,1
12,437,1,1
13,437,1,1
14,437,1,1
0,438,3,0
1,438,1,1
2,438,2,1
3,438,1,2
4,438,1,1
5,438,1,1
6,438,1,1
7,438,1,2
8,438,2,3
9,438,1,1
10,438,1,1
11,438,1,1
12,438,1,3
13,438,1,1
14,438,1,3
0,439,3,0
1,439,1,1
2,439,1,1
3,439,1,2
4,439,1,1
5,439,1,1
6,439,1,1
7,439,1,1
8,439,1,1
9,439,1,1
10,439,1,1
11,439,1,1
12,439,2,1
13,439,3,2
14,439,1,1
0,440,3,0
1,440,1,1
2,440,2,1
3,440,1,2
4,440,1,1
5,440,1,1
6,440,1,1
7,440,1,2
8,440,2,3
9,440,1,1
10,440,1,1
11,440,1,1
12,440,1,3
13,440,1,1
14,440,1,3
0,441,3,0
1,441,1,1
2,441,2,1
3,441,1,2
4,441,1,1
5,441,1,1
6,441,1,1
7,441,1,2
8,441,2,3
9,441,1,1
10,441,1,1
11,441,1,1
12,441,1,3
13,441,1,1
14,441,1,3
0,442,3,0
1,442,1,1
2,442,3,3
3,442,1,2
4,442,1,3
5,442,1,2
6,442,1,1
7,442,1,2
8,442,1,1
9,442,1,1
10,442,1,1
11,442,1,1
12,442,1,3
13,442,1,1
14,442,1,3
0,443,3,0
1,443,1,1
2,443,1,1
3,443,1,2
4,443,1,1
5,443,1,1
6,443,1,1
7,443,1,1
8,443,1,1
9,443,1,1
10,443,1,1
11,443,1,1
12,443,2,1
13,443,3,2
14,443,1,1
0,444,3,0
1,444,1,1
2,444,1,1
3,444,1,2
4,444,1,1
5,444,1,1
6,444,1,1
7,444,3,0
8,444,1,1
9,444,1,1
10,444,1,1
11,444,1,1
12,444,3,3
13,444,3,2
14,444,1,1
0,445,1,1
1,445,1,1
2,445,1,1
3,445,1,1
4,445,1,1
5,445,1,1
6,445,1,1
7,445,1,1
8,445,1,1
9,445,1,1
10,445,1,1
11,445,1,1
12,445,1,1
13,445,1,1
14,445,1,1
0,446,3,0
1,446,1,1
2,446,2,1
3,446,1,2
4,446,1,1
5,446,1,1
6,446,1,1
7,446,1,2
8,446,2,3
9,446,1,1
10,446,1,1
11,446,1,1
12,446,1,3
13,446,1,1
14,446,1,3
0,447,3,0
1,447,1,1
2,447,3,3
3,447,1,2
4,447,1,3
5,447,1,2
6,447,1,1
7,447,1,2
8,447,1,1
9,447,1,1
10,447,1,1
11,447,1,1
12,447,1,3
13,447,1,1
14,447,1,3
0,448,3,0
1,448,1,1
2,448,2,1
3,448,1,0
4,448,1,1
5,448,1,1
6,448,1,1
7,448,1,2
8,448,2,3
9,448,1,1
10,448,1,1
11,448,1,1
12,448,1,3
13,448,1,1
14,448,1,3
0,449,1,1
1,449,1,1
2,449,1,1
3,449,1,1
4,449,1,1
5,449,1,1
6,449,1,1
7,449,1,1
8,449,1,1
9,449,1,1
10,449,1,1
11,449,1,1
12,449,1,1
13,449,1,1
14,449,1,1
0,450,3,0
1,450,1,1
2,450,1,1
3,450,1,2
4,450,1,1
5,450,1,1
6,450,1,1
7,450,3,0
8,450,1,1
9,450,1,1
10,450,1,1
11,450,1,1
12,450,3,3
13,450,3,2
14,450,1,1
0,451,3,0
1,451,1,1
2,451,1,1
3,451,1,2
4,451,1,1
5,451,1,1
6,451,1,1
7,451,3,0
8,451,1,1
9,451,1,1
10,451,1,1
11,451,1,1
12,451,3,3
13,451,3,2
14,451,1,1
0,452,3,0
1,452,1,1
2,452,1,1
3,452,1,2
4,452,1,1
5,452,1,1
6,452,1,1
7,452,3,0
8,452,1,1
9,452,1,1
10,452,1,1
11,452,1,1
12,452,3,3
13,452,3,2
14,452,1,1
0,453,1,1
1,453,1,1
2,453,1,1
3,453,1,1
4,453,1,1
5,453,1,1
6,453,1,1
7,453,1,1
8,453,1,1
9,453,1,1
10,453,1,1
11,453,1,1
12,453,1,1
13,453,1,1
14,453,1,1
0,454,3,0
1,454,1,1
2,454,1,1
3,454,1,2
4,454,1,1
5,454,1,1
6,454,1,1
7,454,3,0
8,454,1,1
9,454,1,1
10,454,1,1
11,454,1,1
12,454,3,3
13,454,3,2
14,454,1,1
0,455,1,1
1,455,1,1
2,455,1,1
3,455,1,1
4,455,1,1
5,455,1,1
6,455,1,1
7,455,1,1
8,455,1,1
9,455,1,1
10,455,1,1
11,455,1,1
12,455,1,1
13,455,1,1
14,455,1,1
0,456,3,0
1,456,1,1
2,456,2,1
3,456,1,2
4,456,1,1
5,456,1,1
6,456,1,1
7,456,1,2
8,456,2,3
9,456,1,1
10,456,1,1
11,456,1,1
12,456,1,3
13,456,1,1
14,456,1,3
0,457,3,0
1,457,1,1
2,457,2,1
3,457,1,2
4,457,1,1
5,457,1,1
6,457,1,1
7,457,1,2
8,457,2,3
9,457,1,1
10,457,1,1
11,457,1,1
12,457,1,3
13,457,1,1
14,457,1,3
0,458,1,1
1,458,1,1
2,458,1,1
3,458,1,1
4,458,1,1
5,458,1,1
6,458,1,1
7,458,1,1
8,458,1,1
9,458,1,1
10,458,1,1
11,458,1,1
12,458,1,1
13,458,1,1
14,458,1,1
0,459,2,3
1,459,1,1
2,459,1,1
3,459,1,1
4,459,1,1
5,459,1,1
6,459,1,1
7,459,1,1
8,459,1,1
9,459,1,1
10,459,1,1
11,459,1,1
12,459,1,1
13,459,1,1
14,459,1,1
0,460,3,0
1,460,1,3
2,460,1,1
3,460,3,2
4,460,1,1
5,460,3,2
6,460,1,1
7,460,2,0
8,460,1,1
9,460,3,1
10,460,1,1
11,460,3,1
12,460,1,1
13,460,1,2
14,460,1,1
0,461,3,0
1,461,1,1
2,461,2,1
3,461,1,0
4,461,1,1
5,461,1,1
6,461,1,1
7,461,1,2
8,461,2,3
9,461,1,1
10,461,1,1
11,461,1,1
12,461,1,3
13,461,1,1
14,461,1,3
0,462,3,0
1,462,1,1
2,462,2,1
3,462,1,2
4,462,1,1
5,462,1,1
6,462,1,1
7,462,1,2
8,462,2,3
9,462,1,1
10,462,1,1
11,462,1,1
12,462,1,3
13,462,1,1
14,462,1,3
0,463,3,0
1,463,1,1
2,463,3,3
3,463,1,2
4,463,3,3
5,463,1,2
6,463,1,1
7,463,1,2
8,463,1,1
9,463,1,1
10,463,1,1
11,463,1,1
12,463,1,3
13,463,1,1
14,463,1,3
0,464,3,0
1,464,1,1
2,464,1,1
3,464,1,2
4,464,1,1
5,464,1,1
6,464,1,1
7,464,1,1
8,464,1,1
9,464,1,1
10,464,1,1
11,464,1,1
12,464,2,1
13,464,3,2
14,464,1,1
0,465,3,0
1,465,1,1
2,465,2,1
3,465,1,0
4,465,1,1
5,465,1,1
6,465,1,1
7,465,1,2
8,465,2,3
9,465,1,1
10,465,1,1
11,465,1,1
12,465,1,3
13,465,1,1
14,465,1,3
0,466,3,0
1,466,1,1
2,466,3,3
3,466,1,2
4,466,1,3
5,466,1,2
6,466,1,1
7,466,1,2
8,466,1,1
9,466,1,1
10,466,1,1
11,466,1,1
12,466,1,3
13,466,1,1
14,466,1,3
0,467,1,1
1,467,1,1
2,467,1,1
3,467,1,1
4,467,1,1
5,467,1,1
6,467,1,1
7,467,1,1
8,467,1,1
9,467,1,1
10,467,1,1
11,467,1,1
12,467,1,1
13,467,1,1
14,467,1,1
0,468,1,1
1,468,1,1
2,468,1,1
3,468,1,1
4,468,1,1
5,468,1,1
6,468,1,1
7,468,1,1
8,468,1,1
9,468,1,1
10,468,1,1
11,468,1,1
12,468,1,1
13,468,1,1
14,468,1,1
0,469,3,0
1,469,1,1
2,469,3,3
3,469,1,2
4,469,3,3
5,469,1,2
6,469,1,1
7,469,1,2
8,469,1,1
9,469,1,1
10,469,1,1
11,469,1,1
12,469,1,3
13,469,1,1
14,469,1,3
0,470,1,1
1,470,1,1
2,470,1,1
3,470,1,1
4,470,1,1
5,470,1,1
6,470,1,1
7,470,1,1
8,470,1,1
9,470,1,1
10,470,1,1
11,470,1,1
12,470,1,1
13,470,1,1
14,470,1,1
0,471,3,0
1,471,1,1
2,471,2,1
3,471,1,2
4,471,1,1
5,471,1,1
6,471,1,1
7,471,1,2
8,471,2,3
9,471,1,1
10,471,1,1
11,471,1,1
12,471,1,3
13,471,1,1
14,471,1,3
0,472,3,0
1,472,1,1
2,472,3,3
3,472,1,2
4,472,1,1
5,472,1,1
6,472,1,1
7,472,1,2
8,472,1,2
9,472,1,1
10,472,1,1
11,472,1,1
12,472,1,3
13,472,1,1
14,472,1,3
0,473,3,0
1,473,1,1
2,473,2,1
3,473,1,2
4,473,1,1
5,473,1,1
6,473,1,1
7,473,1,2
8,473,2,3
9,473,1,1
10,473,1,1
11,473,1,1
12,473,1,3
13,473,1,1
14,473,1,3
0,474,3,0
1,474,1,1
2,474,2,1
3,474,1,2
4,474,1,1
5,474,1,1
6,474,1,1
7,474,1,2
8,474,2,3
9,474,1,1
10,474,1,1
11,474,1,1
12,474,1,3
13,474,1,1
14,474,1,3
0,475,3,0
1,475,1,1
2,475,2,1
3,475,1,2
4,475,1,1
5,475,1,1
6,475,1,1
7,475,1,2
8,475,2,3
9,475,1,1
10,475,1,1
11,475,1,1
12,475,1,3
13,475,1,1
14,475,1,3
0,476,3,0
1,476,1,1
2,476,2,1
3,476,1,2
4,476,1,1
5,476,1,1
6,476,1,1
7,476,1,2
8,476,2,3
9,476,1,1
10,476,1,1
11,476,1,1
12,476,1,3
13,476,1,1
14,476,1,3
0,477,1,1
1,477,1,1
2,477,1,1
3,477,1,1
4,477,1,1
5,477,1,1
6,477,1,1
7,477,1,1
8,477,1,1
9,477,1,1
10,477,1,1
11,477,1,1
12,477,1,1
13,477,1,1
14,477,1,1
0,478,3,0
1,478,1,1
2,478,2,1
3,478,1,2
4,478,1,1
5,478,1,1
6,478,1,1
7,478,1,2
8,478,2,3
9,478,1,1
10,478,1,1
11,478,1,1
12,478,1,3
13,478,1,1
14,478,1,3
0,479,3,0
1,479,1,1
2,479,2,1
3,479,1,2
4,479,1,1
5,479,1,1
6,479,1,1
7,479,1,2
8,479,2,3
9,479,1,1
10,479,1,1
11,479,1,1
12,479,1,3
13,479,1,1
14,479,1,3
0,480,3,0
1,480,1,1
2,480,1,1
3,480,1,2
4,480,1,1
5,480,1,1
6,480,1,1
7,480,1,1
8,480,1,1
9,480,1,1
10,480,1,1
11,480,1,1
12,480,2,1
13,480,3,2
14,480,1,1
0,481,1,1
1,481,1,1
2,481,1,1
3,481,1,1
4,481,1,1
5,481,1,1
6,481,1,1
7,481,1,1
8,481,1,1
9,481,1,1
10,481,1,1
11,481,1,1
12,481,1,1
13,481,1,1
14,481,1,1
0,482,3,0
1,482,1,1
2,482,3,3
3,482,1,2
4,482,1,3
5,482,1,2
6,482,1,1
7,482,1,2
8,482,1,1
9,482,1,1
10,482,1,1
11,482,1,1
12,482,1,3
13,482,1,1
14,482,1,3
0,483,3,0
1,483,1,1
2,483,3,3
3,483,1,2
4,483,1,3
5,483,1,2
6,483,1,1
7,483,1,2
8,483,1,1
9,483,1,1
10,483,1,1
11,483,1,1
12,483,1,3
13,483,1,1
14,483,1,3
0,484,3,0
1,484,1,1
2,484,3,3
3,484,1,2
4,484,1,3
5,484,1,2
6,484,1,1
7,484,1,2
8,484,1,1
9,484,1,1
10,484,1,1
11,484,1,1
12,484,1,3
13,484,1,1
14,484,1,3
0,485,3,0
1,485,1,3
2,485,1,1
3,485,3,2
4,485,1,1
5,485,3,2
6,485,1,1
7,485,2,0
8,485,1,1
9,485,3,1
10,485,1,1
11,485,3,1
12,485,1,1
13,485,1,2
14,485,1,1
0,486,3,0
1,486,1,3
2,486,1,1
3,486,3,2
4,486,1,1
5,486,3,2
6,486,1,1
7,486,2,0
8,486,1,1
9,486,3,1
10,486,1,1
11,486,3,1
12,486,1,1
13,486,1,2
14,486,1,1
0,487,3,0
1,487,1,1
2,487,2,1
3,487,1,2
4,487,1,1
5,487,1,1
6,487,1,1
7,487,1,2
8,487,2,3
9,487,1,1
10,487,1,1
11,487,1,1
12,487,1,3
13,487,1,1
14,487,1,3
0,488,3,0
1,488,1,1
2,488,2,1
3,488,1,2
4,488,1,1
5,488,1,1
6,488,1,1
7,488,1,2
8,488,2,3
9,488,1,1
10,488,1,1
11,488,1,1
12,488,1,3
13,488,1,1
14,488,1,3
0,489,1,1
1,489,1,1
2,489,1,1
3,489,1,1
4,489,1,1
5,489,1,1
6,489,1,1
7,489,1,1
8,489,1,1
9,489,1,1
10,489,1,1
11,489,1,1
12,489,1,1
13,489,1,1
14,489,1,1
0,490,3,0
1,490,1,3
2,490,1,1
3,490,3,2
4,490,1,1
5,490,3,2
6,490,1,1
7,490,2,0
8,490,1,1
9,490,3,1
10,490,1,1
11,490,3,1
12,490,1,1
13,490,1,2
14,490,1,1
0,491,3,0
1,491,1,3
2,491,1,1
3,491,3,2
4,491,1,1
5,491,3,2
6,491,1,1
7,491,2,0
8,491,1,1
9,491,3,1
10,491,1,1
11,491,3,1
12,491,1,1
13,491,1,2
14,491,1,1
0,492,3,0
1,492,1,1
2,492,3,3
3,492,1,2
4,492,1,3
5,492,1,2
6,492,1,1
7,492,1,2
8,492,1,1
9,492,1,1
10,492,1,1
11,492,1,1
12,492,1,3
13,492,1,1
14,492,1,3
0,493,3,0
1,493,1,1
2,493,2,1
3,493,1,0
4,493,1,1
5,493,1,1
6,493,1,1
7,493,1,2
8,493,2,3
9,493,1,1
10,493,1,1
11,493,1,1
12,493,1,3
13,493,1,1
14,493,1,3
0,494,3,0
1,494,1,1
2,494,1,1
3,494,1,2
4,494,1,1
5,494,1,1
6,494,1,1
7,494,1,1
8,494,1,1
9,494,1,1
10,494,1,1
11,494,1,1
12,494,2,1
13,494,3,2
14,494,1,1
0,495,3,0
1,495,1,1
2,495,2,1
3,495,1,0
4,495,1,1
5,495,1,1
6,495,1,1
7,495,1,2
8,495,2,3
9,495,1,1
10,495,1,1
11,495,1,1
12,495,1,3
13,495,1,1
14,495,1,3
0,496,3,0
1,496,1,1
2,496,3,3
3,496,1,2
4,496,1,1
5,496,1,1
6,496,1,1
7,496,1,2
8,496,1,2
9,496,1,1
10,496,1,1
11,496,1,1
12,496,1,3
13,496,1,1
14,496,1,3
0,497,3,0
1,497,1,1
2,497,3,3
3,497,1,2
4,497,3,3
5,497,1,2
6,497,1,1
7,497,1,2
8,497,1,1
9,497,1,1
10,497,1,1
11,497,1,1
12,497,1,3
13,497,1,1
14,497,1,3
0,498,3,0
1,498,1,1
2,498,2,1
3,498,1,2
4,498,1,1
5,498,1,1
6,498,1,1
7,498,1,2
8,498,2,3
9,498,1,1
10,498,1,1
11,498,1,1
12,498,1,3
13,498,1,1
14,498,1,3
0,499,3,0
1,499,1,1
2,499,2,1
3,499,1,2
4,499,1,1
5,499,1,1
6,499,1,1
7,499,1,2
8,499,2,3
9,499,1,1
10,499,1,1
11,499,1,1
12,499,1,3
13,499,1,1
14,499,1,3
0,500,2,3
1,500,1,1
2,500,1,1
3,500,1,1
4,500,1,1
5,500,1,1
6,500,1,1
7,500,1,1
8,500,1,1
9,500,1,1
10,500,1,1
11,500,1,1
12,500,1,1
13,500,1,1
14,500,1,1
0,501,3,0
1,501,1,1
2,501,3,3
3,501,1,2
4,501,3,3
5,501,1,2
6,501,1,1
7,501,1,2
8,501,1,1
9,501,1,1
10,501,1,1
11,501,1,1
12,501,1,3
13,501,1,1
14,501,1,3
0,502,3,0
1,502,1,1
2,502,3,3
3,502,1,2
4,502,3,3
5,502,1,2
6,502,1,1
7,502,1,2
8,502,1,1
9,502,1,1
10,502,1,1
11,502,1,1
12,502,1,3
13,502,1,1
14,502,1,3
0,503,3,0
1,503,1,1
2,503,3,3
3,503,1,2
4,503,1,3
5,503,1,2
6,503,1,1
7,503,1,2
8,503,1,1
9,503,1,1
10,503,1,1
11,503,1,1
12,503,1,3
13,503,1,1
14,503,1,3
0,504,3,0
1,504,1,1
2,504,3,3
3,504,1,2
4,504,1,1
5,504,1,2
6,504,3,3
7,504,1,2
8,504,1,1
9,504,1,1
10,504,1,1
11,504,1,1
12,504,1,3
13,504,1,1
14,504,1,3
0,505,2,3
1,505,1,1
2,505,1,1
3,505,1,1
4,505,1,1
5,505,1,1
6,505,1,1
7,505,1,1
8,505,1,1
9,505,1,1
10,505,1,1
11,505,1,1
12,505,1,1
13,505,1,1
14,505,1,1
0,506,3,0
1,506,1,1
2,506,3,3
3,506,1,2
4,506,1,1
5,506,1,2
6,506,3,3
7,506,1,2
8,506,1,1
9,506,1,1
10,506,1,1
11,506,1,1
12,506,1,3
13,506,1,1
14,506,1,3
0,507,3,0
1,507,1,1
2,507,2,1
3,507,1,2
4,507,1,1
5,507,1,1
6,507,1,1
7,507,1,2
8,507,2,3
9,507,1,1
10,507,1,1
11,507,1,1
12,507,1,3
13,507,1,1
14,507,1,3
0,508,3,0
1,508,1,1
2,508,1,1
3,508,1,2
4,508,1,1
5,508,1,1
6,508,1,1
7,508,1,1
8,508,1,1
9,508,1,1
10,508,1,1
11,508,1,1
12,508,2,1
13,508,3,2
14,508,1,1
0,509,3,0
1,509,1,1
2,509,3,3
3,509,1,2
4,509,3,3
5,509,1,2
6,509,1,1
7,509,1,2
8,509,1,1
9,509,1,1
10,509,1,1
11,509,1,1
12,509,1,3
13,509,1,1
14,509,1,3
0,510,3,0
1,510,1,1
2,510,1,1
3,510,1,2
4,510,1,1
5,510,1,1
6,510,1,1
7,510,3,0
8,510,1,1
9,510,1,1
10,510,1,1
11,510,1,1
12,510,3,3
13,510,3,2
14,510,1,1
0,511,3,0
1,511,1,1
2,511,2,1
3,511,1,2
4,511,1,1
5,511,1,1
6,511,1,1
7,511,1,2
8,511,2,3
9,511,1,1
10,511,1,1
11,511,1,1
12,511,1,3
13,511,1,1
14,511,1,3
0,512,3,0
1,512,1,1
2,512,3,3
3,512,1,2
4,512,1,3
5,512,1,2
6,512,1,1
7,512,1,2
8,512,1,1
9,512,1,1
10,512,1,1
11,512,1,1
12,512,1,3
13,512,1,1
14,512,1,3
0,513,3,0
1,513,1,1
2,513,2,1
3,513,1,2
4,513,1,1
5,513,1,1
6,513,1,1
7,513,1,2
8,513,2,3
9,513,1,1
10,513,1,1
11,513,1,1
12,513,1,3
13,513,1,1
14,513,1,3
0,514,3,0
1,514,1,1
2,514,3,3
3,514,1,2
4,514,3,3
5,514,1,2
6,514,1,1
7,514,1,2
8,514,1,1
9,514,1,1
10,514,1,1
11,514,1,1
12,514,1,3
13,514,1,1
14,514,1,3
0,515,3,0
1,515,1,1
2,515,3,3
3,515,1,2
4,515,1,1
5,515,1,2
6,515,3,3
7,515,1,2
8,515,1,1
9,515,1,1
10,515,1,1
11,515,1,1
12,515,1,3
13,515,1,1
14,515,1,3
0,516,3,0
1,516,1,1
2,516,3,3
3,516,1,2
4,516,1,1
5,516,1,2
6,516,3,3
7,516,1,2
8,516,1,1
9,516,1,1
10,516,1,1
11,516,1,1
12,516,1,3
13,516,1,1
14,516,1,3
0,517,3,0
1,517,1,1
2,517,3,3
3,517,1,2
4,517,3,3
5,517,1,2
6,517,1,1
7,517,1,2
8,517,1,1
9,517,1,1
10,517,1,1
11,517,1,1
12,517,1,3
13,517,1,1
14,517,1,3
0,518,3,0
1,518,1,1
2,518,3,3
3,518,1,2
4,518,1,1
5,518,1,2
6,518,3,3
7,518,1,2
8,518,1,1
9,518,1,1
10,518,1,1
11,518,1,1
12,518,1,3
13,518,1,1
14,518,1,3
0,519,3,0
1,519,1,1
2,519,1,1
3,519,1,2
4,519,1,1
5,519,1,1
6,519,1,1
7,519,3,0
8,519,1,1
9,519,1,1
10,519,1,1
11,519,1,1
12,519,3,3
13,519,3,2
14,519,1,1
0,520,2,3
1,520,1,1
2,520,1,1
3,520,1,1
4,520,1,1
5,520,1,1
6,520,1,1
7,520,1,1
8,520,1,1
9,520,1,1
10,520,1,1
11,520,1,1
12,520,1,1
13,520,1,1
14,520,1,1
0,521,2,3
1,521,1,1
2,521,1,1
3,521,1,1
4,521,1,1
5,521,1,1
6,521,1,1
7,521,1,1
8,521,1,1
9,521,1,1
10,521,1,1
11,521,1,1
12,521,1,1
13,521,1,1
14,521,1,1
0,522,3,0
1,522,1,1
2,522,3,3
3,522,1,2
4,522,3,3
5,522,1,2
6,522,1,1
7,522,1,2
8,522,1,1
9,522,1,1
10,522,1,1
11,522,1,1
12,522,1,3
13,522,1,1
14,522,1,3
0,523,1,1
1,523,1,1
2,523,1,1
3,523,1,1
4,523,1,1
5,523,1,1
6,523,1,1
7,523,1,1
8,523,1,1
9,523,1,1
10,523,1,1
11,523,1,1
12,523,1,1
13,523,1,1
14,523,1,1
0,524,3,0
1,524,1,1
2,524,1,1
3,524,1,2
4,524,1,1
5,524,1,1
6,524,1,1
7,524,1,1
8,524,1,1
9,524,1,1
10,524,1,1
11,524,1,1
12,524,2,1
13,524,3,2
14,524,1,1
0,525,3,0
1,525,1,1
2,525,3,3
3,525,1,2
4,525,3,3
5,525,1,2
6,525,1,1
7,525,1,2
8,525,1,1
9,525,1,1
10,525,1,1
11,525,1,1
12,525,1,3
13,525,1,1
14,525,1,3
0,526,3,0
1,526,1,1
2,526,3,3
3,526,1,2
4,526,1,3
5,526,1,2
6,526,1,1
7,526,1,2
8,526,1,1
9,526,1,1
10,526,1,1
11,526,1,1
12,526,1,3
13,526,1,1
14,526,1,3
0,527,1,1
1,527,1,1
2,527,1,1
3,527,1,1
4,527,1,1
5,527,1,1
6,527,1,1
7,527,1,1
8,527,1,1
9,527,1,1
10,527,1,1
11,527,1,1
12,527,1,1
13,527,1,1
14,527,1,1
0,528,3,0
1,528,1,1
2,528,3,3
3,528,1,2
4,528,1,1
5,528,1,2
6,528,3,3
7,528,1,2
8,528,1,1
9,528,1,1
10,528,1,1
11,528,1,1
12,528,1,3
13,528,1,1
14,528,1,3
0,529,3,0
1,529,1,1
2,529,1,1
3,529,1,2
4,529,1,1
5,529,1,1
6,529,1,1
7,529,1,1
8,529,1,1
9,529,1,1
10,529,1,1
11,529,1,1
12,529,2,1
13,529,3,2
14,529,1,1
0,530,3,0
1,530,1,1
2,530,3,3
3,530,1,2
4,530,1,3
5,530,1,2
6,530,1,1
7,530,1,2
8,530,1,1
9,530,1,1
10,530,1,1
11,530,1,1
12,530,1,3
13,530,1,1
14,530,1,3
0,531,3,0
1,531,1,1
2,531,3,3
3,531,1,2
4,531,1,3
5,531,1,2
6,531,1,1
7,531,1,2
8,531,1,1
9,531,1,1
10,531,1,1
11,531,1,1
12,531,1,3
13,531,1,1
14,531,1,3
0,532,3,0
1,532,1,1
2,532,1,1
3,532,1,2
4,532,1,1
5,532,1,1
6,532,1,1
7,532,3,0
8,532,1,1
9,532,1,1
10,532,1,1
11,532,1,1
12,532,3,3
13,532,3,2
14,532,1,1
0,533,3,0
1,533,1,1
2,533,1,1
3,533,1,2
4,533,1,1
5,533,1,1
6,533,1,1
7,533,1,1
8,533,1,1
9,533,1,1
10,533,1,1
11,533,1,1
12,533,2,1
13,533,3,2
14,533,1,1
0,534,2,3
1,534,1,1
2,534,1,1
3,534,1,1
4,534,1,1
5,534,1,1
6,534,1,1
7,534,1,1
8,534,1,1
9,534,1,1
10,534,1,1
11,534,1,1
12,534,1,1
13,534,1,1
14,534,1,1
0,535,2,3
1,535,1,1
2,535,1,1
3,535,1,1
4,535,1,1
5,535,1,1
6,535,1,1
7,535,1,1
8,535,1,1
9,535,1,1
10,535,1,1
11,535,1,1
12,535,1,1
13,535,1,1
14,535,1,1
0,536,3,0
1,536,1,1
2,536,3,3
3,536,1,2
4,536,3,3
5,536,1,2
6,536,1,1
7,536,1,2
8,536,1,1
9,536,1,1
10,536,1,1
11,536,1,1
12,536,1,3
13,536,1,1
14,536,1,3
0,537,1,1
1,537,1,1
2,537,1,1
3,537,1,1
4,537,1,1
5,537,1,1
6,537,1,1
7,537,1,1
8,537,1,1
9,537,1,1
10,537,1,1
11,537,1,1
12,537,1,1
13,537,1,1
14,537,1,1
0,538,3,0
1,538,1,1
2,538,1,1
3,538,1,2
4,538,1,1
5,538,1,1
6,538,1,1
7,538,3,0
8,538,1,1
9,538,1,1
10,538,1,1
11,538,1,1
12,538,3,3
13,538,3,2
14,538,1,1
0,539,3,0
1,539,1,1
2,539,3,3
3,539,1,2
4,539,3,3
5,539,1,2
6,539,1,1
7,539,1,2
8,539,1,1
9,539,1,1
10,539,1,1
11,539,1,1
12,539,1,3
13,539,1,1
14,539,1,3
0,540,3,0
1,540,1,1
2,540,1,1
3,540,1,2
4,540,1,1
5,540,1,1
6,540,1,1
7,540,1,1
8,540,1,1
9,540,1,1
10,540,1,1
11,540,1,1
12,540,2,1
13,540,3,2
14,540,1,1
0,541,1,1
1,541,1,1
2,541,1,1
3,541,1,1
4,541,1,1
5,541,1,1
6,541,1,1
7,541,1,1
8,541,1,1
9,541,1,1
10,541,1,1
11,541,1,1
12,541,1,1
13,541,1,1
14,541,1,1
0,542,3,0
1,542,1,1
2,542,3,3
3,542,1,2
4,542,1,3
5,542,1,2
6,542,1,1
7,542,1,2
8,542,1,1
9,542,1,1
10,542,1,1
11,542,1,1
12,542,1,3
13,542,1,1
14,542,1,3
0,543,3,0
1,543,1,1
2,543,3,3
3,543,1,2
4,543,1,3
5,543,1,2
6,543,1,1
7,543,1,2
8,543,1,1
9,543,1,1
10,543,1,1
11,543,1,1
12,543,1,3
13,543,1,1
14,543,1,3
0,544,3,0
1,544,1,1
2,544,2,1
3,544,1,2
4,544,1,1
5,544,1,1
6,544,1,1
7,544,1,2
8,544,2,3
9,544,1,1
10,544,1,1
11,544,1,1
12,544,1,3
13,544,1,1
14,544,1,3
0,545,3,0
1,545,1,1
2,545,3,3
3,545,1,2
4,545,3,3
5,545,1,2
6,545,1,1
7,545,1,2
8,545,1,1
9,545,1,1
10,545,1,1
11,545,1,1
12,545,1,3
13,545,1,1
14,545,1,3
0,546,1,1
1,546,1,1
2,546,1,1
3,546,1,1
4,546,1,1
5,546,1,1
6,546,1,1
7,546,1,1
8,546,1,1
9,546,1,1
10,546,1,1
11,546,1,1
12,546,1,1
13,546,1,1
14,546,1,1
0,547,3,0
1,547,1,1
2,547,2,1
3,547,1,2
4,547,1,1
5,547,1,1
6,547,1,1
7,547,1,2
8,547,2,3
9,547,1,1
10,547,1,1
11,547,1,1
12,547,1,3
13,547,1,1
14,547,1,3
0,548,2,3
1,548,1,1
2,548,1,1
3,548,1,1
4,548,1,1
5,548,1,1
6,548,1,1
7,548,1,1
8,548,1,1
9,548,1,1
10,548,1,1
11,548,1,1
12,548,1,1
13,548,1,1
14,548,1,1
0,549,3,0
1,549,1,1
2,549,3,3
3,549,1,2
4,549,1,3
5,549,1,2
6,549,1,1
7,549,1,2
8,549,1,1
9,549,1,1
10,549,1,1
11,549,1,1
12,549,1,3
13,549,1,1
14,549,1,3
0,550,3,0
1,550,1,1
2,550,1,1
3,550,1,2
4,550,1,1
5,550,1,1
6,550,1,1
7,550,1,1
8,550,1,1
9,550,1,1
10,550,1,1
11,550,1,1
12,550,2,1
13,550,3,2
14,550,1,1
0,551,3,0
1,551,1,1
2,551,3,3
3,551,1,2
4,551,3,3
5,551,1,2
6,551,1,1
7,551,1,2
8,551,1,1
9,551,1,1
10,551,1,1
11,551,1,1
12,551,1,3
13,551,1,1
14,551,1,3
0,552,3,0
1,552,1,1
2,552,1,1
3,552,1,2
4,552,1,1
5,552,1,1
6,552,1,1
7,552,1,1
8,552,1,1
9,552,1,1
10,552,1,1
11,552,1,1
12,552,2,1
13,552,3,2
14,552,1,1
0,553,1,1
1,553,1,1
2,553,1,1
3,553,1,1
4,553,1,1
5,553,1,1
6,553,1,1
7,553,1,1
8,553,1,1
9,553,1,1
10,553,1,1
11,553,1,1
12,553,1,1
13,553,1,1
14,553,1,1
0,554,1,1
1,554,1,1
2,554,1,1
3,554,1,1
4,554,1,1
5,554,1,1
6,554,1,1
7,554,1,1
8,554,1,1
9,554,1,1
10,554,1,1
11,554,1,1
12,554,1,1
13,554,1,1
14,554,1,1
0,555,3,0
1,555,1,1
2,555,3,3
3,555,1,2
4,555,1,3
5,555,1,2
6,555,1,1
7,555,1,2
8,555,1,1
9,555,1,1
10,555,1,1
11,555,1,1
12,555,1,3
13,555,1,1
14,555,1,3
0,556,3,0
1,556,1,1
2,556,1,1
3,556,1,2
4,556,1,1
5,556,1,1
6,556,1,1
7,556,1,1
8,556,1,1
9,556,1,1
10,556,1,1
11,556,1,1
12,556,2,1
13,556,3,2
14,556,1,1
0,557,3,0
1,557,1,1
2,557,3,3
3,557,1,2
4,557,3,3
5,557,1,2
6,557,1,1
7,557,1,2
8,557,1,1
9,557,1,1
10,557,1,1
11,557,1,1
12,557,1,3
13,557,1,1
14,557,1,3
0,558,3,0
1,558,1,1
2,558,1,1
3,558,1,2
4,558,1,1
5,558,1,1
6,558,1,1
7,558,3,0
8,558,1,1
9,558,1,1
10,558,1,1
11,558,1,1
12,558,3,3
13,558,3,2
14,558,1,1
0,559,3,0
1,559,1,1
2,559,3,3
3,559,1,2
4,559,1,3
5,559,1,2
6,559,1,1
7,559,1,2
8,559,1,1
9,559,1,1
10,559,1,1
11,559,1,1
12,559,1,3
13,559,1,1
14,559,1,3
0,560,3,0
1,560,1,1
2,560,1,1
3,560,1,2
4,560,1,1
5,560,1,1
6,560,1,1
7,560,3,0
8,560,1,1
9,560,1,1
10,560,1,1
11,560,1,1
12,560,3,3
13,560,3,2
14,560,1,1
0,561,3,0
1,561,1,1
2,561,3,3
3,561,1,2
4,561,3,3
5,561,1,2
6,561,1,1
7,561,1,2
8,561,1,1
9,561,1,1
10,561,1,1
11,561,1,1
12,561,1,3
13,561,1,1
14,561,1,3
0,562,3,0
1,562,1,1
2,562,3,3
3,562,1,2
4,562,1,1
5,562,1,2
6,562,3,3
7,562,1,2
8,562,1,1
9,562,1,1
10,562,1,1
11,562,1,1
12,562,1,3
13,562,1,1
14,562,1,3
0,563,3,0
1,563,1,1
2,563,3,3
3,563,1,2
4,563,3,3
5,563,1,2
6,563,1,1
7,563,1,2
8,563,1,1
9,563,1,1
10,563,1,1
11,563,1,1
12,563,1,3
13,563,1,1
14,563,1,3
0,564,3,0
1,564,1,1
2,564,3,3
3,564,1,2
4,564,1,3
5,564,1,2
6,564,1,1
7,564,1,2
8,564,1,1
9,564,1,1
10,564,1,1
11,564,1,1
12,564,1,3
13,564,1,1
14,564,1,3
0,565,3,0
1,565,1,1
2,565,1,1
3,565,1,2
4,565,1,1
5,565,1,1
6,565,1,1
7,565,1,1
8,565,1,1
9,565,1,1
10,565,1,1
11,565,1,1
12,565,2,1
13,565,3,2
14,565,1,1
0,566,1,1
1,566,1,1
2,566,1,1
3,566,1,1
4,566,1,1
5,566,1,1
6,566,1,1
7,566,1,1
8,566,1,1
9,566,1,1
10,566,1,1
11,566,1,1
12,566,1,1
13,566,1,1
14,566,1,1
0,567,3,0
1,567,1,1
2,567,3,3
3,567,1,2
4,567,3,3
5,567,1,2
6,567,1,1
7,567,1,2
8,567,1,1
9,567,1,1
10,567,1,1
11,567,1,1
12,567,1,3
13,567,1,1
14,567,1,3
0,568,2,3
1,568,1,1
2,568,1,1
3,568,1,1
4,568,1,1
5,568,1,1
6,568,1,1
7,568,1,1
8,568,1,1
9,568,1,1
10,568,1,1
11,568,1,1
12,568,1,1
13,568,1,1
14,568,1,1
0,569,3,0
1,569,1,1
2,569,3,3
3,569,1,2
4,569,1,1
5,569,1,2
6,569,3,3
7,569,1,2
8,569,1,1
9,569,1,1
10,569,1,1
11,569,1,1
12,569,1,3
13,569,1,1
14,569,1,3
0,570,3,0
1,570,1,1
2,570,3,3
3,570,1,2
4,570,3,3
5,570,1,2
6,570,1,1
7,570,1,2
8,570,1,1
9,570,1,1
10,570,1,1
11,570,1,1
12,570,1,3
13,570,1,1
14,570,1,3
0,571,3,0
1,571,1,1
2,571,3,3
3,571,1,2
4,571,1,3
5,571,1,2
6,571,1,1
7,571,1,2
8,571,1,1
9,571,1,1
10,571,1,1
11,571,1,1
12,571,1,3
13,571,1,1
14,571,1,3
0,572,1,1
1,572,1,1
2,572,1,1
3,572,1,1
4,572,1,1
5,572,1,1
6,572,1,1
7,572,1,1
8,572,1,1
9,572,1,1
10,572,1,1
11,572,1,1
12,572,1,1
13,572,1,1
14,572,1,1
0,573,2,3
1,573,1,1
2,573,1,1
3,573,1,1
4,573,1,1
5,573,1,1
6,573,1,1
7,573,1,1
8,573,1,1
9,573,1,1
10,573,1,1
11,573,1,1
12,573,1,1
13,573,1,1
14,573,1,1
0,574,3,0
1,574,1,1
2,574,3,3
3,574,1,2
4,574,1,3
5,574,1,2
6,574,1,1
7,574,1,2
8,574,1,1
9,574,1,1
10,574,1,1
11,574,1,1
12,574,1,3
13,574,1,1
14,574,1,3
0,575,2,3
1,575,1,1
2,575,1,1
3,575,1,1
4,575,1,1
5,575,1,1
6,575,1,1
7,575,1,1
8,575,1,1
9,575,1,1
10,575,1,1
11,575,1,1
12,575,1,1
13,575,1,1
14,575,1,1
0,576,3,0
1,576,1,1
2,576,3,3
3,576,1,2
4,576,3,3
5,576,1,2
6,576,1,1
7,576,1,2
8,576,1,1
9,576,1,1
10,576,1,1
11,576,1,1
12,576,1,3
13,576,1,1
14,576,1,3
0,577,2,3
1,577,1,1
2,577,1,1
3,577,1,1
4,577,1,1
5,577,1,1
6,577,1,1
7,577,1,1
8,577,1,1
9,577,1,1
10,577,1,1
11,577,1,1
12,577,1,1
13,577,1,1
14,577,1,1
0,578,2,3
1,578,1,1
2,578,1,1
3,578,1,1
4,578,1,1
5,578,1,1
6,578,1,1
7,578,1,1
8,578,1,1
9,578,1,1
10,578,1,1
11,578,1,1
12,578,1,1
13,578,1,1
14,578,1,1
0,579,3,0
1,579,1,1
2,579,1,1
3,579,1,2
4,579,1,1
5,579,1,1
6,579,1,1
7,579,1,1
8,579,1,1
9,579,1,1
10,579,1,1
11,579,1,1
12,579,2,1
13,579,3,2
14,579,1,1
0,580,2,3
1,580,1,1
2,580,1,1
3,580,1,1
4,580,1,1
5,580,1,1
6,580,1,1
7,580,1,1
8,580,1,1
9,580,1,1
10,580,1,1
11,580,1,1
12,580,1,1
13,580,1,1
14,580,1,1
0,581,2,3
1,581,1,1
2,581,1,1
3,581,1,1
4,581,1,1
5,581,1,1
6,581,1,1
7,581,1,1
8,581,1,1
9,581,1,1
10,581,1,1
11,581,1,1
12,581,1,1
13,581,1,1
14,581,1,1
0,582,2,3
1,582,1,1
2,582,1,1
3,582,1,1
4,582,1,1
5,582,1,1
6,582,1,1
7,582,1,1
8,582,1,1
9,582,1,1
10,582,1,1
11,582,1,1
12,582,1,1
13,582,1,1
14,582,1,1
0,583,1,1
1,583,1,1
2,583,1,1
3,583,1,1
4,583,1,1
5,583,1,1
6,583,1,1
7,583,1,1
8,583,1,1
9,583,1,1
10,583,1,1
11,583,1,1
12,583,1,1
13,583,1,1
14,583,1,1
0,584,3,0
1,584,1,1
2,584,2,1
3,584,1,2
4,584,1,1
5,584,1,1
6,584,1,1
7,584,1,2
8,584,2,3
9,584,1,1
10,584,1,1
11,584,1,1
12,584,1,3
13,584,1,1
14,584,1,3
0,585,1,1
1,585,1,1
2,585,1,1
3,585,1,1
4,585,1,1
5,585,1,1
6,585,1,1
7,585,1,1
8,585,1,1
9,585,1,1
10,585,1,1
11,585,1,1
12,585,1,1
13,585,1,1
14,585,1,1
0,586,1,1
1,586,1,1
2,586,1,1
3,586,1,1
4,586,1,1
5,586,1,1
6,586,1,1
7,586,1,1
8,586,1,1
9,586,1,1
10,586,1,1
11,586,1,1
12,586,1,1
13,586,1,1
14,586,1,1
0,587,1,1
1,587,1,1
2,587,1,1
3,587,1,1
4,587,1,1
5,587,1,1
6,587,1,1
7,587,1,1
8,587,1,1
9,587,1,1
10,587,1,1
11,587,1,1
12,587,1,1
13,587,1,1
14,587,1,1
0,588,3,0
1,588,1,1
2,588,3,3
3,588,1,2
4,588,1,1
5,588,1,2
6,588,3,3
7,588,1,2
8,588,1,1
9,588,1,1
10,588,1,1
11,588,1,1
12,588,1,3
13,588,1,1
14,588,1,3
0,589,3,0
1,589,1,1
2,589,3,3
3,589,1,2
4,589,1,1
5,589,1,2
6,589,3,3
7,589,1,2
8,589,1,1
9,589,1,1
10,589,1,1
11,589,1,1
12,589,1,3
13,589,1,1
14,589,1,3
0,590,3,0
1,590,1,1
2,590,2,1
3,590,1,2
4,590,1,1
5,590,1,1
6,590,1,1
7,590,1,2
8,590,2,3
9,590,1,1
10,590,1,1
11,590,1,1
12,590,1,3
13,590,1,1
14,590,1,3
0,591,3,0
1,591,1,1
2,591,1,1
3,591,1,2
4,591,1,1
5,591,1,1
6,591,1,1
7,591,1,1
8,591,1,1
9,591,1,1
10,591,1,1
11,591,1,1
12,591,2,1
13,591,3,2
14,591,1,1
0,592,3,0
1,592,1,1
2,592,2,1
3,592,1,2
4,592,1,1
5,592,1,1
6,592,1,1
7,592,1,2
8,592,2,3
9,592,1,1
10,592,1,1
11,592,1,1
12,592,1,3
13,592,1,1
14,592,1,3
0,593,3,0
1,593,1,1
2,593,3,3
3,593,1,2
4,593,1,1
5,593,1,2
6,593,3,3
7,593,1,2
8,593,1,1
9,593,1,1
10,593,1,1
11,593,1,1
12,593,1,3
13,593,1,1
14,593,1,3
0,594,3,0
1,594,1,1
2,594,3,3
3,594,1,2
4,594,3,3
5,594,1,2
6,594,1,1
7,594,1,2
8,594,1,1
9,594,1,1
10,594,1,1
11,594,1,1
12,594,1,3
13,594,1,1
14,594,1,3
0,595,3,0
1,595,1,1
2,595,1,1
3,595,1,2
4,595,1,1
5,595,1,1
6,595,1,1
7,595,1,1
8,595,1,1
9,595,1,1
10,595,1,1
11,595,1,1
12,595,2,1
13,595,3,2
14,595,1,1
0,596,1,1
1,596,1,1
2,596,1,1
3,596,1,1
4,596,1,1
5,596,1,1
6,596,1,1
7,596,1,1
8,596,1,1
9,596,1,1
10,596,1,1
11,596,1,1
12,596,1,1
13,596,1,1
14,596,1,1
0,597,3,0
1,597,1,1
2,597,3,3
3,597,1,2
4,597,3,3
5,597,1,2
6,597,1,1
7,597,1,2
8,597,1,1
9,597,1,1
10,597,1,1
11,597,1,1
12,597,1,3
13,597,1,1
14,597,1,3
0,598,3,0
1,598,1,1
2,598,3,3
3,598,1,2
4,598,3,3
5,598,1,2
6,598,1,1
7,598,1,2
8,598,1,1
9,598,1,1
10,598,1,1
11,598,1,1
12,598,1,3
13,598,1,1
14,598,1,3
0,599,3,0
1,599,1,1
2,599,3,3
3,599,1,2
4,599,3,3
5,599,1,2
6,599,1,1
7,599,1,2
8,599,1,1
9,599,1,1
10,599,1,1
11,599,1,1
12,599,1,3
13,599,1,1
14,599,1,3
0,600,3,0
1,600,1,1
2,600,2,1
3,600,1,2
4,600,1,1
5,600,1,1
6,600,1,1
7,600,1,2
8,600,2,3
9,600,1,1
10,600,1,1
11,600,1,1
12,600,1,3
13,600,1,1
14,600,1,3
0,601,3,0
1,601,1,1
2,601,3,3
3,601,1,2
4,601,1,3
5,601,1,2
6,601,1,1
7,601,1,2
8,601,1,1
9,601,1,1
10,601,1,1
11,601,1,1
12,601,1,3
13,601,1,1
14,601,1,3
0,602,3,0
1,602,1,1
2,602,1,1
3,602,1,2
4,602,1,1
5,602,1,1
6,602,1,1
7,602,3,0
8,602,1,1
9,602,1,1
10,602,1,1
11,602,1,1
12,602,3,3
13,602,3,2
14,602,1,1
0,603,3,0
1,603,1,1
2,603,3,3
3,603,1,2
4,603,1,3
5,603,1,2
6,603,1,1
7,603,1,2
8,603,1,1
9,603,1,1
10,603,1,1
11,603,1,1
12,603,1,3
13,603,1,1
14,603,1,3
0,604,3,0
1,604,1,1
2,604,3,3
3,604,1,2
4,604,3,3
5,604,1,2
6,604,1,1
7,604,1,2
8,604,1,1
9,604,1,1
10,604,1,1
11,604,1,1
12,604,1,3
13,604,1,1
14,604,1,3
0,605,3,0
1,605,1,1
2,605,3,3
3,605,1,2
4,605,1,3
5,605,1,2
6,605,1,1
7,605,1,2
8,605,1,1
9,605,1,1
10,605,1,1
11,605,1,1
12,605,1,3
13,605,1,1
14,605,1,3
0,606,3,0
1,606,1,1
2,606,3,3
3,606,1,2
4,606,1,3
5,606,1,2
6,606,1,1
7,606,1,2
8,606,1,1
9,606,1,1
10,606,1,1
11,606,1,1
12,606,1,3
13,606,1,1
14,606,1,3
0,607,3,0
1,607,1,1
2,607,1,1
3,607,1,2
4,607,1,1
5,607,1,1
6,607,1,1
7,607,1,1
8,607,1,1
9,607,1,1
10,607,1,1
11,607,1,1
12,607,2,1
13,607,3,2
14,607,1,1
0,608,3,0
1,608,1,1
2,608,3,3
3,608,1,2
4,608,3,3
5,608,1,2
6,608,1,1
7,608,1,2
8,608,1,1
9,608,1,1
10,608,1,1
11,608,1,1
12,608,1,3
13,608,1,1
14,608,1,3
0,609,3,0
1,609,1,1
2,609,3,3
3,609,1,2
4,609,3,3
5,609,1,2
6,609,1,1
7,609,1,2
8,609,1,1
9,609,1,1
10,609,1,1
11,609,1,1
12,609,1,3
13,609,1,1
14,609,1,3
0,610,2,3
1,610,1,1
2,610,1,1
3,610,1,1
4,610,1,1
5,610,1,1
6,610,1,1
7,610,1,1
8,610,1,1
9,610,1,1
10,610,1,1
11,610,1,1
12,610,1,1
13,610,1,1
14,610,1,1
0,611,3,0
1,611,1,1
2,611,1,1
3,611,1,2
4,611,1,1
5,611,1,1
6,611,1,1
7,611,1,1
8,611,1,1
9,611,1,1
10,611,1,1
11,611,1,1
12,611,2,1
13,611,3,2
14,611,1,1
0,612,3,0
1,612,1,1
2,612,1,1
3,612,1,2
4,612,1,1
5,612,1,1
6,612,1,1
7,612,3,0
8,612,1,1
9,612,1,1
10,612,1,1
11,612,1,1
12,612,3,3
13,612,3,2
14,612,1,1
0,613,3,0
1,613,1,1
2,613,3,3
3,613,1,2
4,613,3,3
5,613,1,2
6,613,1,1
7,613,1,2
8,613,1,1
9,613,1,1
10,613,1,1
11,613,1,1
12,613,1,3
13,613,1,1
14,613,1,3
0,614,3,0
1,614,1,1
2,614,1,1
3,614,1,2
4,614,1,1
5,614,1,1
6,614,1,1
7,614,1,1
8,614,1,1
9,614,1,1
10,614,1,1
11,614,1,1
12,614,2,1
13,614,3,2
14,614,1,1
0,615,3,0
1,615,1,1
2,615,3,3
3,615,1,2
4,615,3,3
5,615,1,2
6,615,1,1
7,615,1,2
8,615,1,1
9,615,1,1
10,615,1,1
11,615,1,1
12,615,1,3
13,615,1,1
14,615,1,3
0,616,1,1
1,616,1,1
2,616,1,1
3,616,1,1
4,616,1,1
5,616,1,1
6,616,1,1
7,616,1,1
8,616,1,1
9,616,1,1
10,616,1,1
11,616,1,1
12,616,1,1
13,616,1,1
14,616,1,1
0,617,3,0
1,617,1,1
2,617,1,1
3,617,1,2
4,617,1,1
5,617,1,1
6,617,1,1
7,617,1,1
8,617,1,1
9,617,1,1
10,617,1,1
11,617,1,1
12,617,2,1
13,617,3,2
14,617,1,1
0,618,3,0
1,618,1,1
2,618,1,1
3,618,1,2
4,618,1,1
5,618,1,1
6,618,1,1
7,618,1,1
8,618,1,1
9,618,1,1
10,618,1,1
11,618,1,1
12,618,2,1
13,618,3,2
14,618,1,1
0,619,3,0
1,619,1,1
2,619,3,3
3,619,1,2
4,619,1,3
5,619,1,2
6,619,1,1
7,619,1,2
8,619,1,1
9,619,1,1
10,619,1,1
11,619,1,1
12,619,1,3
13,619,1,1
14,619,1,3
0,620,3,0
1,620,1,1
2,620,1,1
3,620,1,2
4,620,1,1
5,620,1,1
6,620,1,1
7,620,1,1
8,620,1,1
9,620,1,1
10,620,1,1
11,620,1,1
12,620,2,1
13,620,3,2
14,620,1,1
0,621,3,0
1,621,1,1
2,621,1,1
3,621,1,2
4,621,1,1
5,621,1,1
6,621,1,1
7,621,1,1
8,621,1,1
9,621,1,1
10,621,1,1
11,621,1,1
12,621,2,1
13,621,3,2
14,621,1,1
0,622,3,0
1,622,1,1
2,622,1,1
3,622,1,2
4,622,1,1
5,622,1,1
6,622,1,1
7,622,1,1
8,622,1,1
9,622,1,1
10,622,1,1
11,622,1,1
12,622,2,1
13,622,3,2
14,622,1,1
0,623,3,0
1,623,1,1
2,623,3,3
3,623,1,2
4,623,1,3
5,623,1,2
6,623,1,1
7,623,1,2
8,623,1,1
9,623,1,1
10,623,1,1
11,623,1,1
12,623,1,3
13,623,1,1
14,623,1,3
0,624,3,0
1,624,1,1
2,624,3,3
3,624,1,2
4,624,3,3
5,624,1,2
6,624,1,1
7,624,1,2
8,624,1,1
9,624,1,1
10,624,1,1
11,624,1,1
12,624,1,3
13,624,1,1
14,624,1,3
0,625,3,0
1,625,1,1
2,625,1,1
3,625,1,2
4,625,1,1
5,625,1,1
6,625,1,1
7,625,1,1
8,625,1,1
9,625,1,1
10,625,1,1
11,625,1,1
12,625,2,1
13,625,3,2
14,625,1,1
0,626,3,0
1,626,1,1
2,626,3,3
3,626,1,2
4,626,1,1
5,626,1,2
6,626,3,3
7,626,1,2
8,626,1,1
9,626,1,1
10,626,1,1
11,626,1,1
12,626,1,3
13,626,1,1
14,626,1,3
0,627,3,0
1,627,1,1
2,627,2,1
3,627,1,2
4,627,1,1
5,627,1,1
6,627,1,1
7,627,1,2
8,627,2,3
9,627,1,1
10,627,1,1
11,627,1,1
12,627,1,3
13,627,1,1
14,627,1,3
0,628,3,0
1,628,1,1
2,628,3,3
3,628,1,2
4,628,3,3
5,628,1,2
6,628,1,1
7,628,1,2
8,628,1,1
9,628,1,1
10,628,1,1
11,628,1,1
12,628,1,3
13,628,1,1
14,628,1,3
0,629,3,0
1,629,1,1
2,629,1,1
3,629,1,2
4,629,1,1
5,629,1,1
6,629,1,1
7,629,1,1
8,629,1,1
9,629,1,1
10,629,1,1
11,629,1,1
12,629,2,1
13,629,3,2
14,629,1,1
0,630,2,3
1,630,1,1
2,630,1,1
3,630,1,1
4,630,1,1
5,630,1,1
6,630,1,1
7,630,1,1
8,630,1,1
9,630,1,1
10,630,1,1
11,630,1,1
12,630,1,1
13,630,1,1
14,630,1,1
0,631,3,0
1,631,1,1
2,631,3,3
3,631,1,2
4,631,1,3
5,631,1,2
6,631,1,1
7,631,1,2
8,631,1,1
9,631,1,1
10,631,1,1
11,631,1,1
12,631,1,3
13,631,1,1
14,631,1,3
0,632,3,0
1,632,1,1
2,632,1,1
3,632,1,2
4,632,1,1
5,632,1,1
6,632,1,1
7,632,1,1
8,632,1,1
9,632,1,1
10,632,1,1
11,632,1,1
12,632,2,1
13,632,3,2
14,632,1,1
0,633,3,0
1,633,1,1
2,633,3,3
3,633,1,2
4,633,3,3
5,633,1,2
6,633,1,1
7,633,1,2
8,633,1,1
9,633,1,1
10,633,1,1
11,633,1,1
12,633,1,3
13,633,1,1
14,633,1,3
0,634,3,0
1,634,1,1
2,634,3,3
3,634,1,2
4,634,1,3
5,634,1,2
6,634,1,1
7,634,1,2
8,634,1,1
9,634,1,1
10,634,1,1
11,634,1,1
12,634,1,3
13,634,1,1
14,634,1,3
0,635,2,3
1,635,1,1
2,635,1,1
3,635,1,1
4,635,1,1
5,635,1,1
6,635,1,1
7,635,1,1
8,635,1,1
9,635,1,1
10,635,1,1
11,635,1,1
12,635,1,1
13,635,1,1
14,635,1,1
0,636,2,3
1,636,1,1
2,636,1,1
3,636,1,1
4,636,1,1
5,636,1,1
6,636,1,1
7,636,1,1
8,636,1,1
9,636,1,1
10,636,1,1
11,636,1,1
12,636,1,1
13,636,1,1
14,636,1,1
0,637,3,0
1,637,1,1
2,637,1,1
3,637,1,2
4,637,1,1
5,637,1,1
6,637,1,1
7,637,1,1
8,637,1,1
9,637,1,1
10,637,1,1
11,637,1,1
12,637,2,1
13,637,3,2
14,637,1,1
0,638,3,0
1,638,1,1
2,638,1,1
3,638,1,2
4,638,1,1
5,638,1,1
6,638,1,1
7,638,1,1
8,638,1,1
9,638,1,1
10,638,1,1
11,638,1,1
12,638,2,1
13,638,3,2
14,638,1,1
0,639,3,0
1,639,1,1
2,639,1,1
3,639,1,2
4,639,1,1
5,639,1,1
6,639,1,1
7,639,3,0
8,639,1,1
9,639,1,1
10,639,1,1
11,639,1,1
12,639,3,3
13,639,3,2
14,639,1,1
0,640,2,3
1,640,1,1
2,640,1,1
3,640,1,1
4,640,1,1
5,640,1,1
6,640,1,1
7,640,1,1
8,640,1,1
9,640,1,1
10,640,1,1
11,640,1,1
12,640,1,1
13,640,1,1
14,640,1,1
0,641,3,0
1,641,1,1
2,641,3,3
3,641,1,2
4,641,3,3
5,641,1,2
6,641,1,1
7,641,1,2
8,641,1,1
9,641,1,1
10,641,1,1
11,641,1,1
12,641,1,3
13,641,1,1
14,641,1,3
0,642,3,0
1,642,1,1
2,642,3,3
3,642,1,2
4,642,3,3
5,642,1,2
6,642,1,1
7,642,1,2
8,642,1,1
9,642,1,1
10,642,1,1
11,642,1,1
12,642,1,3
13,642,1,1
14,642,1,3
0,643,3,0
1,643,1,1
2,643,3,3
3,643,1,2
4,643,3,3
5,643,1,2
6,643,1,1
7,643,1,2
8,643,1,1
9,643,1,1
10,643,1,1
11,643,1,1
12,643,1,3
13,643,1,1
14,643,1,3
0,644,3,0
1,644,1,1
2,644,3,3
3,644,1,2
4,644,1,3
5,644,1,2
6,644,1,1
7,644,1,2
8,644,1,1
9,644,1,1
10,644,1,1
11,644,1,1
12,644,1,3
13,644,1,1
14,644,1,3
0,645,3,0
1,645,1,1
2,645,3,3
3,645,1,2
4,645,1,3
5,645,1,2
6,645,1,1
7,645,1,2
8,645,1,1
9,645,1,1
10,645,1,1
11,645,1,1
12,645,1,3
13,645,1,1
14,645,1,3
0,646,3,0
1,646,1,1
2,646,3,3
3,646,1,2
4,646,1,3
5,646,1,2
6,646,1,1
7,646,1,2
8,646,1,1
9,646,1,1
10,646,1,1
11,646,1,1
12,646,1,3
13,646,1,1
14,646,1,3
0,647,2,3
1,647,1,1
2,647,1,1
3,647,1,1
4,647,1,1
5,647,1,1
6,647,1,1
7,647,1,1
8,647,1,1
9,647,1,1
10,647,1,1
11,647,1,1
12,647,1,1
13,647,1,1
14,647,1,1
0,648,3,0
1,648,1,1
2,648,1,1
3,648,1,2
4,648,1,1
5,648,1,1
6,648,1,1
7,648,1,1
8,648,1,1
9,648,1,1
10,648,1,1
11,648,1,1
12,648,2,1
13,648,3,2
14,648,1,1
0,649,1,1
1,649,1,1
2,649,1,1
3,649,1,1
4,649,1,1
5,649,1,1
6,649,1,1
7,649,1,1
8,649,1,1
9,649,1,1
10,649,1,1
11,649,1,1
12,649,1,1
13,649,1,1
14,649,1,1
0,650,3,0
1,650,1,1
2,650,3,3
3,650,1,2
4,650,3,3
5,650,1,2
6,650,1,1
7,650,1,2
8,650,1,1
9,650,1,1
10,650,1,1
11,650,1,1
12,650,1,3
13,650,1,1
14,650,1,3
0,651,3,0
1,651,1,1
2,651,3,3
3,651,1,2
4,651,1,1
5,651,1,2
6,651,3,3
7,651,1,2
8,651,1,1
9,651,1,1
10,651,1,1
11,651,1,1
12,651,1,3
13,651,1,1
14,651,1,3
0,652,3,0
1,652,1,1
2,652,3,3
3,652,1,2
4,652,3,3
5,652,1,2
6,652,1,1
7,652,1,2
8,652,1,1
9,652,1,1
10,652,1,1
11,652,1,1
12,652,1,3
13,652,1,1
14,652,1,3
0,653,3,0
1,653,1,1
2,653,3,3
3,653,1,2
4,653,3,3
5,653,1,2
6,653,1,1
7,653,1,2
8,653,1,1
9,653,1,1
10,653,1,1
11,653,1,1
12,653,1,3
13,653,1,1
14,653,1,3
0,654,3,0
1,654,1,1
2,654,3,3
3,654,1,2
4,654,3,3
5,654,1,2
6,654,1,1
7,654,1,2
8,654,1,1
9,654,1,1
10,654,1,1
11,654,1,1
12,654,1,3
13,654,1,1
14,654,1,3
0,655,3,0
1,655,1,1
2,655,3,3
3,655,1,2
4,655,1,3
5,655,1,2
6,655,1,1
7,655,1,2
8,655,1,1
9,655,1,1
10,655,1,1
11,655,1,1
12,655,1,3
13,655,1,1
14,655,1,3
0,656,3,0
1,656,1,1
2,656,1,1
3,656,1,2
4,656,1,1
5,656,1,1
6,656,1,1
7,656,1,1
8,656,1,1
9,656,1,1
10,656,1,1
11,656,1,1
12,656,2,1
13,656,3,2
14,656,1,1
0,657,3,0
1,657,1,1
2,657,3,3
3,657,1,2
4,657,3,3
5,657,1,2
6,657,1,1
7,657,1,2
8,657,1,1
9,657,1,1
10,657,1,1
11,657,1,1
12,657,1,3
13,657,1,1
14,657,1,3
0,658,3,0
1,658,1,1
2,658,2,1
3,658,1,2
4,658,1,1
5,658,1,1
6,658,1,1
7,658,1,2
8,658,2,3
9,658,1,1
10,658,1,1
11,658,1,1
12,658,1,3
13,658,1,1
14,658,1,3
0,659,2,3
1,659,1,1
2,659,1,1
3,659,1,1
4,659,1,1
5,659,1,1
6,659,1,1
7,659,1,1
8,659,1,1
9,659,1,1
10,659,1,1
11,659,1,1
12,659,1,1
13,659,1,1
14,659,1,1
0,660,3,0
1,660,1,1
2,660,3,3
3,660,1,2
4,660,1,3
5,660,1,2
6,660,1,1
7,660,1,2
8,660,1,1
9,660,1,1
10,660,1,1
11,660,1,1
12,660,1,3
13,660,1,1
14,660,1,3
0,661,3,0
1,661,1,1
2,661,3,3
3,661,1,2
4,661,1,1
5,661,1,2
6,661,3,3
7,661,1,2
8,661,1,1
9,661,1,1
10,661,1,1
11,661,1,1
12,661,1,3
13,661,1,1
14,661,1,3
0,662,3,0
1,662,1,1
2,662,3,3
3,662,1,2
4,662,3,3
5,662,1,2
6,662,1,1
7,662,1,2
8,662,1,1
9,662,1,1
10,662,1,1
11,662,1,1
12,662,1,3
13,662,1,1
14,662,1,3
0,663,3,0
1,663,1,1
2,663,1,1
3,663,1,2
4,663,1,1
5,663,1,1
6,663,1,1
7,663,3,0
8,663,1,1
9,663,1,1
10,663,1,1
11,663,1,1
12,663,3,3
13,663,3,2
14,663,1,1
0,664,3,0
1,664,1,1
2,664,3,3
3,664,1,2
4,664,1,1
5,664,1,2
6,664,3,3
7,664,1,2
8,664,1,1
9,664,1,1
10,664,1,1
11,664,1,1
12,664,1,3
13,664,1,1
14,664,1,3
0,665,2,3
1,665,1,1
2,665,1,1
3,665,1,1
4,665,1,1
5,665,1,1
6,665,1,1
7,665,1,1
8,665,1,1
9,665,1,1
10,665,1,1
11,665,1,1
12,665,1,1
13,665,1,1
14,665,1,1
0,666,2,3
1,666,1,1
2,666,1,1
3,666,1,1
4,666,1,1
5,666,1,1
6,666,1,1
7,666,1,1
8,666,1,1
9,666,1,1
10,666,1,1
11,666,1,1
12,666,1,1
13,666,1,1
14,666,1,1
0,667,3,0
1,667,1,1
2,667,1,1
3,667,1,2
4,667,1,1
5,667,1,1
6,667,1,1
7,667,1,1
8,667,1,1
9,667,1,1
10,667,1,1
11,667,1,1
12,667,2,1
13,667,3,2
14,667,1,1
0,668,3,0
1,668,1,1
2,668,3,3
3,668,1,2
4,668,3,3
5,668,1,2
6,668,1,1
7,668,1,2
8,668,1,1
9,668,1,1
10,668,1,1
11,668,1,1
12,668,1,3
13,668,1,1
14,668,1,3
0,669,2,3
1,669,1,1
2,669,1,1
3,669,1,1
4,669,1,1
5,669,1,1
6,669,1,1
7,669,1,1
8,669,1,1
9,669,1,1
10,669,1,1
11,669,1,1
12,669,1,1
13,669,1,1
14,669,1,1
0,670,3,0
1,670,1,1
2,670,3,3
3,670,1,2
4,670,1,3
5,670,1,2
6,670,1,1
7,670,1,2
8,670,1,1
9,670,1,1
10,670,1,1
11,670,1,1
12,670,1,3
13,670,1,1
14,670,1,3
0,671,1,1
1,671,1,1
2,671,1,1
3,671,1,1
4,671,1,1
5,671,1,1
6,671,1,1
7,671,1,1
8,671,1,1
9,671,1,1
10,671,1,1
11,671,1,1
12,671,1,1
13,671,1,1
14,671,1,1
0,672,3,0
1,672,1,1
2,672,3,3
3,672,1,2
4,672,3,3
5,672,1,2
6,672,1,1
7,672,1,2
8,672,1,1
9,672,1,1
10,672,1,1
11,672,1,1
12,672,1,3
13,672,1,1
14,672,1,3
0,673,3,0
1,673,1,1
2,673,2,1
3,673,1,2
4,673,1,1
5,673,1,1
6,673,1,1
7,673,1,2
8,673,2,3
9,673,1,1
10,673,1,1
11,673,1,1
12,673,1,3
13,673,1,1
14,673,1,3
0,674,2,3
1,674,1,1
2,674,1,1
3,674,1,1
4,674,1,1
5,674,1,1
6,674,1,1
7,674,1,1
8,674,1,1
9,674,1,1
10,674,1,1
11,674,1,1
12,674,1,1
13,674,1,1
14,674,1,1
0,675,1,1
1,675,1,1
2,675,1,1
3,675,1,1
4,675,1,1
5,675,1,1
6,675,1,1
7,675,1,1
8,675,1,1
9,675,1,1
10,675,1,1
11,675,1,1
12,675,1,1
13,675,1,1
14,675,1,1
0,676,3,0
1,676,1,1
2,676,3,3
3,676,1,2
4,676,3,3
5,676,1,2
6,676,1,1
7,676,1,2
8,676,1,1
9,676,1,1
10,676,1,1
11,676,1,1
12,676,1,3
13,676,1,1
14,676,1,3
0,677,3,0
1,677,1,1
2,677,1,1
3,677,1,2
4,677,1,1
5,677,1,1
6,677,1,1
7,677,1,1
8,677,1,1
9,677,1,1
10,677,1,1
11,677,1,1
12,677,2,1
13,677,3,2
14,677,1,1
0,678,3,0
1,678,1,1
2,678,1,1
3,678,1,2
4,678,1,1
5,678,1,1
6,678,1,1
7,678,1,1
8,678,1,1
9,678,1,1
10,678,1,1
11,678,1,1
12,678,2,1
13,678,3,2
14,678,1,1
0,679,3,0
1,679,1,1
2,679,3,3
3,679,1,2
4,679,3,3
5,679,1,2
6,679,1,1
7,679,1,2
8,679,1,1
9,679,1,1
10,679,1,1
11,679,1,1
12,679,1,3
13,679,1,1
14,679,1,3
0,680,3,0
1,680,1,1
2,680,2,1
3,680,1,2
4,680,1,1
5,680,1,1
6,680,1,1
7,680,1,2
8,680,2,3
9,680,1,1
10,680,1,1
11,680,1,1
12,680,1,3
13,680,1,1
14,680,1,3
0,681,3,0
1,681,1,1
2,681,3,3
3,681,1,2
4,681,3,3
5,681,1,2
6,681,1,1
7,681,1,2
8,681,1,1
9,681,1,1
10,681,1,1
11,681,1,1
12,681,1,3
13,681,1,1
14,681,1,3
0,682,3,0
1,682,1,1
2,682,3,3
3,682,1,2
4,682,1,1
5,682,1,2
6,682,3,3
7,682,1,2
8,682,1,1
9,682,1,1
10,682,1,1
11,682,1,1
12,682,1,3
13,682,1,1
14,682,1,3
0,683,3,0
1,683,1,1
2,683,3,3
3,683,1,2
4,683,1,3
5,683,1,2
6,683,1,1
7,683,1,2
8,683,1,1
9,683,1,1
10,683,1,1
11,683,1,1
12,683,1,3
13,683,1,1
14,683,1,3
0,684,1,1
1,684,1,1
2,684,1,1
3,684,1,1
4,684,1,1
5,684,1,1
6,684,1,1
7,684,1,1
8,684,1,1
9,684,1,1
10,684,1,1
11,684,1,1
12,684,1,1
13,684,1,1
14,684,1,1
0,685,2,3
1,685,1,1
2,685,1,1
3,685,1,1
4,685,1,1
5,685,1,1
6,685,1,1
7,685,1,1
8,685,1,1
9,685,1,1
10,685,1,1
11,685,1,1
12,685,1,1
13,685,1,1
14,685,1,1
0,686,2,3
1,686,1,1
2,686,1,1
3,686,1,1
4,686,1,1
5,686,1,1
6,686,1,1
7,686,1,1
8,686,1,1
9,686,1,1
10,686,1,1
11,686,1,1
12,686,1,1
13,686,1,1
14,686,1,1
0,687,3,0
1,687,1,1
2,687,3,3
3,687,1,2
4,687,1,1
5,687,1,2
6,687,3,3
7,687,1,2
8,687,1,1
9,687,1,1
10,687,1,1
11,687,1,1
12,687,1,3
13,687,1,1
14,687,1,3
0,688,3,0
1,688,1,1
2,688,3,3
3,688,1,2
4,688,3,3
5,688,1,2
6,688,1,1
7,688,1,2
8,688,1,1
9,688,1,1
10,688,1,1
11,688,1,1
12,688,1,3
13,688,1,1
14,688,1,3
0,689,3,0
1,689,1,1
2,689,3,3
3,689,1,2
4,689,1,3
5,689,1,2
6,689,1,1
7,689,1,2
8,689,1,1
9,689,1,1
10,689,1,1
11,689,1,1
12,689,1,3
13,689,1,1
14,689,1,3
0,690,2,3
1,690,1,1
2,690,1,1
3,690,1,1
4,690,1,1
5,690,1,1
6,690,1,1
7,690,1,1
8,690,1,1
9,690,1,1
10,690,1,1
11,690,1,1
12,690,1,1
13,690,1,1
14,690,1,1
0,691,2,3
1,691,1,1
2,691,1,1
3,691,1,1
4,691,1,1
5,691,1,1
6,691,1,1
7,691,1,1
8,691,1,1
9,691,1,1
10,691,1,1
11,691,1,1
12,691,1,1
13,691,1,1
14,691,1,1
0,692,2,3
1,692,1,1
2,692,1,1
3,692,1,1
4,692,1,1
5,692,1,1
6,692,1,1
7,692,1,1
8,692,1,1
9,692,1,1
10,692,1,1
11,692,1,1
12,692,1,1
13,692,1,1
14,692,1,1
0,693,3,0
1,693,1,1
2,693,2,1
3,693,1,2
4,693,1,1
5,693,1,1
6,693,1,1
7,693,1,2
8,693,2,3
9,693,1,1
10,693,1,1
11,693,1,1
12,693,1,3
13,693,1,1
14,693,1,3
0,694,1,1
1,694,1,1
2,694,1,1
3,694,1,1
4,694,1,1
5,694,1,1
6,694,1,1
7,694,1,1
8,694,1,1
9,694,1,1
10,694,1,1
11,694,1,1
12,694,1,1
13,694,1,1
14,694,1,1
0,695,3,0
1,695,1,1
2,695,3,3
3,695,1,2
4,695,3,3
5,695,1,2
6,695,1,1
7,695,1,2
8,695,1,1
9,695,1,1
10,695,1,1
11,695,1,1
12,695,1,3
13,695,1,1
14,695,1,3
0,696,3,0
1,696,1,1
2,696,2,1
3,696,1,2
4,696,1,1
5,696,1,1
6,696,1,1
7,696,1,2
8,696,2,3
9,696,1,1
10,696,1,1
11,696,1,1
12,696,1,3
13,696,1,1
14,696,1,3
0,697,3,0
1,697,1,1
2,697,2,1
3,697,1,2
4,697,1,1
5,697,1,1
6,697,1,1
7,697,1,2
8,697,2,3
9,697,1,1
10,697,1,1
11,697,1,1
12,697,1,3
13,697,1,1
14,697,1,3
0,698,3,0
1,698,1,1
2,698,3,3
3,698,1,2
4,698,3,3
5,698,1,2
6,698,1,1
7,698,1,2
8,698,1,1
9,698,1,1
10,698,1,1
11,698,1,1
12,698,1,3
13,698,1,1
14,698,1,3
0,699,3,0
1,699,1,1
2,699,2,1
3,699,1,2
4,699,1,1
5,699,1,1
6,699,1,1
7,699,1,2
8,699,2,3
9,699,1,1
10,699,1,1
11,699,1,1
12,699,1,3
13,699,1,1
14,699,1,3
0,700,3,0
1,700,1,1
2,700,1,1
3,700,1,2
4,700,1,1
5,700,1,1
6,700,1,1
7,700,1,1
8,700,1,1
9,700,1,1
10,700,1,1
11,700,1,1
12,700,2,1
13,700,3,2
14,700,1,1
0,701,3,0
1,701,1,1
2,701,1,1
3,701,1,2
4,701,1,1
5,701,1,1
6,701,1,1
7,701,1,1
8,701,1,1
9,701,1,1
10,701,1,1
11,701,1,1
12,701,2,1
13,701,3,2
14,701,1,1
0,702,3,0
1,702,1,1
2,702,1,1
3,702,1,2
4,702,1,1
5,702,1,1
6,702,1,1
7,702,1,1
8,702,1,1
9,702,1,1
10,702,1,1
11,702,1,1
12,702,2,1
13,702,3,2
14,702,1,1
0,703,2,3
1,703,1,1
2,703,1,1
3,703,1,1
4,703,1,1
5,703,1,1
6,703,1,1
7,703,1,1
8,703,1,1
9,703,1,1
10,703,1,1
11,703,1,1
12,703,1,1
13,703,1,1
14,703,1,1
0,704,3,0
1,704,1,1
2,704,3,3
3,704,1,2
4,704,1,3
5,704,1,2
6,704,1,1
7,704,1,2
8,704,1,1
9,704,1,1
10,704,1,1
11,704,1,1
12,704,1,3
13,704,1,1
14,704,1,3
0,705,3,0
1,705,1,1
2,705,1,1
3,705,1,2
4,705,1,1
5,705,1,1
6,705,1,1
7,705,1,1
8,705,1,1
9,705,1,1
10,705,1,1
11,705,1,1
12,705,2,1
13,705,3,2
14,705,1,1
0,706,3,0
1,706,1,1
2,706,3,3
3,706,1,2
4,706,1,3
5,706,1,2
6,706,1,1
7,706,1,2
8,706,1,1
9,706,1,1
10,706,1,1
11,706,1,1
12,706,1,3
13,706,1,1
14,706,1,3
0,707,3,0
1,707,1,1
2,707,3,3
3,707,1,2
4,707,1,3
5,707,1,2
6,707,1,1
7,707,1,2
8,707,1,1
9,707,1,1
10,707,1,1
11,707,1,1
12,707,1,3
13,707,1,1
14,707,1,3
0,708,3,0
1,708,1,1
2,708,1,1
3,708,1,2
4,708,1,1
5,708,1,1
6,708,1,1
7,708,1,1
8,708,1,1
9,708,1,1
10,708,1,1
11,708,1,1
12,708,2,1
13,708,3,2
14,708,1,1
0,709,3,0
1,709,1,1
2,709,3,3
3,709,1,2
4,709,3,3
5,709,1,2
6,709,1,1
7,709,1,2
8,709,1,1
9,709,1,1
10,709,1,1
11,709,1,1
12,709,1,3
13,709,1,1
14,709,1,3
0,710,3,0
1,710,1,1
2,710,2,1
3,710,1,2
4,710,1,1
5,710,1,1
6,710,1,1
7,710,1,2
8,710,2,3
9,710,1,1
10,710,1,1
11,710,1,1
12,710,1,3
13,710,1,1
14,710,1,3
0,711,3,0
1,711,1,1
2,711,3,3
3,711,1,2
4,711,1,3
5,711,1,2
6,711,1,1
7,711,1,2
8,711,1,1
9,711,1,1
10,711,1,1
11,711,1,1
12,711,1,3
13,711,1,1
14,711,1,3
0,712,3,0
1,712,1,1
2,712,1,1
3,712,1,2
4,712,1,1
5,712,1,1
6,712,1,1
7,712,3,0
8,712,1,1
9,712,1,1
10,712,1,1
11,712,1,1
12,712,3,3
13,712,3,2
14,712,1,1
0,713,2,3
1,713,1,1
2,713,1,1
3,713,1,1
4,713,1,1
5,713,1,1
6,713,1,1
7,713,1,1
8,713,1,1
9,713,1,1
10,713,1,1
11,713,1,1
12,713,1,1
13,713,1,1
14,713,1,1
0,714,3,0
1,714,1,1
2,714,3,3
3,714,1,2
4,714,1,3
5,714,1,2
6,714,1,1
7,714,1,2
8,714,1,1
9,714,1,1
10,714,1,1
11,714,1,1
12,714,1,3
13,714,1,1
14,714,1,3
0,715,3,0
1,715,1,1
2,715,1,1
3,715,1,2
4,715,1,1
5,715,1,1
6,715,1,1
7,715,1,1
8,715,1,1
9,715,1,1
10,715,1,1
11,715,1,1
12,715,2,1
13,715,3,2
14,715,1,1
0,716,3,0
1,716,1,1
2,716,1,1
3,716,1,2
4,716,1,1
5,716,1,1
6,716,1,1
7,716,1,1
8,716,1,1
9,716,1,1
10,716,1,1
11,716,1,1
12,716,2,1
13,716,3,2
14,716,1,1
0,717,3,0
1,717,1,1
2,717,2,1
3,717,1,2
4,717,1,1
5,717,1,1
6,717,1,1
7,717,1,2
8,717,2,3
9,717,1,1
10,717,1,1
11,717,1,1
12,717,1,3
13,717,1,1
14,717,1,3
0,718,3,0
1,718,1,1
2,718,3,3
3,718,1,2
4,718,3,3
5,718,1,2
6,718,1,1
7,718,1,2
8,718,1,1
9,718,1,1
10,718,1,1
11,718,1,1
12,718,1,3
13,718,1,1
14,718,1,3
0,719,3,0
1,719,1,1
2,719,3,3
3,719,1,2
4,719,3,3
5,719,1,2
6,719,1,1
7,719,1,2
8,719,1,1
9,719,1,1
10,719,1,1
11,719,1,1
12,719,1,3
13,719,1,1
14,719,1,3
0,720,3,0
1,720,1,1
2,720,2,1
3,720,1,2
4,720,1,1
5,720,1,1
6,720,1,1
7,720,1,2
8,720,2,3
9,720,1,1
10,720,1,1
11,720,1,1
12,720,1,3
13,720,1,1
14,720,1,3
0,721,3,0
1,721,1,1
2,721,3,3
3,721,1,2
4,721,1,3
5,721,1,2
6,721,1,1
7,721,1,2
8,721,1,1
9,721,1,1
10,721,1,1
11,721,1,1
12,721,1,3
13,721,1,1
14,721,1,3
0,722,3,0
1,722,1,1
2,722,3,3
3,722,1,2
4,722,1,3
5,722,1,2
6,722,1,1
7,722,1,2
8,722,1,1
9,722,1,1
10,722,1,1
11,722,1,1
12,722,1,3
13,722,1,1
14,722,1,3
0,723,3,0
1,723,1,1
2,723,3,3
3,723,1,2
4,723,3,3
5,723,1,2
6,723,1,1
7,723,1,2
8,723,1,1
9,723,1,1
10,723,1,1
11,723,1,1
12,723,1,3
13,723,1,1
14,723,1,3
0,724,3,0
1,724,1,1
2,724,3,3
3,724,1,2
4,724,3,3
5,724,1,2
6,724,1,1
7,724,1,2
8,724,1,1
9,724,1,1
10,724,1,1
11,724,1,1
12,724,1,3
13,724,1,1
14,724,1,3
0,725,3,0
1,725,1,1
2,725,1,1
3,725,1,2
4,725,1,1
5,725,1,1
6,725,1,1
7,725,1,1
8,725,1,1
9,725,1,1
10,725,1,1
11,725,1,1
12,725,2,1
13,725,3,2
14,725,1,1
0,726,3,0
1,726,1,1
2,726,3,3
3,726,1,2
4,726,3,3
5,726,1,2
6,726,1,1
7,726,1,2
8,726,1,1
9,726,1,1
10,726,1,1
11,726,1,1
12,726,1,3
13,726,1,1
14,726,1,3
0,727,3,0
1,727,1,1
2,727,3,3
3,727,1,2
4,727,1,3
5,727,1,2
6,727,1,1
7,727,1,2
8,727,1,1
9,727,1,1
10,727,1,1
11,727,1,1
12,727,1,3
13,727,1,1
14,727,1,3
0,728,3,0
1,728,1,1
2,728,2,1
3,728,1,2
4,728,1,1
5,728,1,1
6,728,1,1
7,728,1,2
8,728,2,3
9,728,1,1
10,728,1,1
11,728,1,1
12,728,1,3
13,728,1,1
14,728,1,3
0,729,3,0
1,729,1,1
2,729,1,1
3,729,1,2
4,729,1,1
5,729,1,1
6,729,1,1
7,729,3,0
8,729,1,1
9,729,1,1
10,729,1,1
11,729,1,1
12,729,3,3
13,729,3,2
14,729,1,1
0,730,3,0
1,730,1,1
2,730,3,3
3,730,1,2
4,730,1,1
5,730,1,2
6,730,3,3
7,730,1,2
8,730,1,1
9,730,1,1
10,730,1,1
11,730,1,1
12,730,1,3
13,730,1,1
14,730,1,3
0,731,3,0
1,731,1,1
2,731,1,1
3,731,1,2
4,731,1,1
5,731,1,1
6,731,1,1
7,731,1,1
8,731,1,1
9,731,1,1
10,731,1,1
11,731,1,1
12,731,2,1
13,731,3,2
14,731,1,1
0,732,3,0
1,732,1,1
2,732,3,3
3,732,1,2
4,732,3,3
5,732,1,2
6,732,1,1
7,732,1,2
8,732,1,1
9,732,1,1
10,732,1,1
11,732,1,1
12,732,1,3
13,732,1,1
14,732,1,3
0,733,3,0
1,733,1,1
2,733,1,1
3,733,1,2
4,733,1,1
5,733,1,1
6,733,1,1
7,733,1,1
8,733,1,1
9,733,1,1
10,733,1,1
11,733,1,1
12,733,2,1
13,733,3,2
14,733,1,1
0,734,3,0
1,734,1,1
2,734,1,1
3,734,1,2
4,734,1,1
5,734,1,1
6,734,1,1
7,734,1,1
8,734,1,1
9,734,1,1
10,734,1,1
11,734,1,1
12,734,2,1
13,734,3,2
14,734,1,1
0,735,3,0
1,735,1,1
2,735,1,1
3,735,1,2
4,735,1,1
5,735,1,1
6,735,1,1
7,735,1,1
8,735,1,1
9,735,1,1
10,735,1,1
11,735,1,1
12,735,2,1
13,735,3,2
14,735,1,1
0,736,1,1
1,736,1,1
2,736,1,1
3,736,1,1
4,736,1,1
5,736,1,1
6,736,1,1
7,736,1,1
8,736,1,1
9,736,1,1
10,736,1,1
11,736,1,1
12,736,1,1
13,736,1,1
14,736,1,1
0,737,3,0
1,737,1,1
2,737,3,3
3,737,1,2
4,737,1,1
5,737,1,2
6,737,3,3
7,737,1,2
8,737,1,1
9,737,1,1
10,737,1,1
11,737,1,1
12,737,1,3
13,737,1,1
14,737,1,3
0,738,3,0
1,738,1,1
2,738,3,3
3,738,1,2
4,738,3,3
5,738,1,2
6,738,1,1
7,738,1,2
8,738,1,1
9,738,1,1
10,738,1,1
11,738,1,1
12,738,1,3
13,738,1,1
14,738,1,3
0,739,2,3
1,739,1,1
2,739,1,1
3,739,1,1
4,739,1,1
5,739,1,1
6,739,1,1
7,739,1,1
8,739,1,1
9,739,1,1
10,739,1,1
11,739,1,1
12,739,1,1
13,739,1,1
14,739,1,1
0,740,3,0
1,740,1,1
2,740,1,1
3,740,1,2
4,740,1,1
5,740,1,1
6,740,1,1
7,740,1,1
8,740,1,1
9,740,1,1
10,740,1,1
11,740,1,1
12,740,2,1
13,740,3,2
14,740,1,1
0,741,3,0
1,741,1,1
2,741,3,3
3,741,1,2
4,741,3,3
5,741,1,2
6,741,1,1
7,741,1,2
8,741,1,1
9,741,1,1
10,741,1,1
11,741,1,1
12,741,1,3
13,741,1,1
14,741,1,3
0,742,3,0
1,742,1,1
2,742,3,3
3,742,1,2
4,742,3,3
5,742,1,2
6,742,1,1
7,742,1,2
8,742,1,1
9,742,1,1
10,742,1,1
11,742,1,1
12,742,1,3
13,742,1,1
14,742,1,3
0,743,3,0
1,743,1,1
2,743,2,1
3,743,1,2
4,743,1,1
5,743,1,1
6,743,1,1
7,743,1,2
8,743,2,3
9,743,1,1
10,743,1,1
11,743,1,1
12,743,1,3
13,743,1,1
14,743,1,3
0,744,3,0
1,744,1,1
2,744,3,3
3,744,1,2
4,744,1,3
5,744,1,2
6,744,1,1
7,744,1,2
8,744,1,1
9,744,1,1
10,744,1,1
11,744,1,1
12,744,1,3
13,744,1,1
14,744,1,3
0,745,3,0
1,745,1,1
2,745,3,3
3,745,1,2
4,745,1,3
5,745,1,2
6,745,1,1
7,745,1,2
8,745,1,1
9,745,1,1
10,745,1,1
11,745,1,1
12,745,1,3
13,745,1,1
14,745,1,3
0,746,3,0
1,746,1,1
2,746,3,3
3,746,1,2
4,746,1,1
5,746,1,2
6,746,3,3
7,746,1,2
8,746,1,1
9,746,1,1
10,746,1,1
11,746,1,1
12,746,1,3
13,746,1,1
14,746,1,3
0,747,2,3
1,747,1,1
2,747,1,1
3,747,1,1
4,747,1,1
5,747,1,1
6,747,1,1
7,747,1,1
8,747,1,1
9,747,1,1
10,747,1,1
11,747,1,1
12,747,1,1
13,747,1,1
14,747,1,1
0,748,2,3
1,748,1,1
2,748,1,1
3,748,1,1
4,748,1,1
5,748,1,1
6,748,1,1
7,748,1,1
8,748,1,1
9,748,1,1
10,748,1,1
11,748,1,1
12,748,1,1
13,748,1,1
14,748,1,1
0,749,3,0
1,749,1,1
2,749,1,1
3,749,1,2
4,749,1,1
5,749,1,1
6,749,1,1
7,749,3,0
8,749,1,1
9,749,1,1
10,749,1,1
11,749,1,1
12,749,3,3
13,749,3,2
14,749,1,1
0,750,3,0
1,750,1,1
2,750,1,1
3,750,1,2
4,750,1,1
5,750,1,1
6,750,1,1
7,750,3,0
8,750,1,1
9,750,1,1
10,750,1,1
11,750,1,1
12,750,3,3
13,750,3,2
14,750,1,1
0,751,3,0
1,751,1,1
2,751,2,1
3,751,1,2
4,751,1,1
5,751,1,1
6,751,1,1
7,751,1,2
8,751,2,3
9,751,1,1
10,751,1,1
11,751,1,1
12,751,1,3
13,751,1,1
14,751,1,3
0,752,3,0
1,752,1,1
2,752,1,1
3,752,1,2
4,752,1,1
5,752,1,1
6,752,1,1
7,752,1,1
8,752,1,1
9,752,1,1
10,752,1,1
11,752,1,1
12,752,2,1
13,752,3,2
14,752,1,1
0,753,1,1
1,753,1,1
2,753,1,1
3,753,1,1
4,753,1,1
5,753,1,1
6,753,1,1
7,753,1,1
8,753,1,1
9,753,1,1
10,753,1,1
11,753,1,1
12,753,1,1
13,753,1,1
14,753,1,1
0,754,2,3
1,754,1,1
2,754,1,1
3,754,1,1
4,754,1,1
5,754,1,1
6,754,1,1
7,754,1,1
8,754,1,1
9,754,1,1
10,754,1,1
11,754,1,1
12,754,1,1
13,754,1,1
14,754,1,1
0,755,2,3
1,755,1,1
2,755,1,1
3,755,1,1
4,755,1,1
5,755,1,1
6,755,1,1
7,755,1,1
8,755,1,1
9,755,1,1
10,755,1,1
11,755,1,1
12,755,1,1
13,755,1,1
14,755,1,1
0,756,3,0
1,756,1,1
2,756,3,3
3,756,1,2
4,756,3,3
5,756,1,2
6,756,1,1
7,756,1,2
8,756,1,1
9,756,1,1
10,756,1,1
11,756,1,1
12,756,1,3
13,756,1,1
14,756,1,3
0,757,3,0
1,757,1,1
2,757,1,1
3,757,1,2
4,757,1,1
5,757,1,1
6,757,1,1
7,757,1,1
8,757,1,1
9,757,1,1
10,757,1,1
11,757,1,1
12,757,2,1
13,757,3,2
14,757,1,1
0,758,3,0
1,758,1,1
2,758,1,1
3,758,1,2
4,758,1,1
5,758,1,1
6,758,1,1
7,758,1,1
8,758,1,1
9,758,1,1
10,758,1,1
11,758,1,1
12,758,2,1
13,758,3,2
14,758,1,1
0,759,3,0
1,759,1,1
2,759,1,1
3,759,1,2
4,759,1,1
5,759,1,1
6,759,1,1
7,759,1,1
8,759,1,1
9,759,1,1
10,759,1,1
11,759,1,1
12,759,2,1
13,759,3,2
14,759,1,1
0,760,1,1
1,760,1,1
2,760,1,1
3,760,1,1
4,760,1,1
5,760,1,1
6,760,1,1
7,760,1,1
8,760,1,1
9,760,1,1
10,760,1,1
11,760,1,1
12,760,1,1
13,760,1,1
14,760,1,1
0,761,3,0
1,761,1,1
2,761,1,1
3,761,1,2
4,761,1,1
5,761,1,1
6,761,1,1
7,761,3,0
8,761,1,1
9,761,1,1
10,761,1,1
11,761,1,1
12,761,3,3
13,761,3,2
14,761,1,1
0,762,3,0
1,762,1,1
2,762,2,1
3,762,1,2
4,762,1,1
5,762,1,1
6,762,1,1
7,762,1,2
8,762,2,3
9,762,1,1
10,762,1,1
11,762,1,1
12,762,1,3
13,762,1,1
14,762,1,3
0,763,2,3
1,763,1,1
2,763,1,1
3,763,1,1
4,763,1,1
5,763,1,1
6,763,1,1
7,763,1,1
8,763,1,1
9,763,1,1
10,763,1,1
11,763,1,1
12,763,1,1
13,763,1,1
14,763,1,1
0,764,3,0
1,764,1,1
2,764,3,3
3,764,1,2
4,764,1,3
5,764,1,2
6,764,1,1
7,764,1,2
8,764,1,1
9,764,1,1
10,764,1,1
11,764,1,1
12,764,1,3
13,764,1,1
14,764,1,3
0,765,3,0
1,765,1,1
2,765,3,3
3,765,1,2
4,765,3,3
5,765,1,2
6,765,1,1
7,765,1,2
8,765,1,1
9,765,1,1
10,765,1,1
11,765,1,1
12,765,1,3
13,765,1,1
14,765,1,3
0,766,1,1
1,766,1,1
2,766,1,1
3,766,1,1
4,766,1,1
5,766,1,1
6,766,1,1
7,766,1,1
8,766,1,1
9,766,1,1
10,766,1,1
11,766,1,1
12,766,1,1
13,766,1,1
14,766,1,1
0,767,3,0
1,767,1,1
2,767,2,1
3,767,1,2
4,767,1,1
5,767,1,1
6,767,1,1
7,767,1,2
8,767,2,3
9,767,1,1
10,767,1,1
11,767,1,1
12,767,1,3
13,767,1,1
14,767,1,3
0,768,3,0
1,768,1,1
2,768,1,1
3,768,1,2
4,768,1,1
5,768,1,1
6,768,1,1
7,768,1,1
8,768,1,1
9,768,1,1
10,768,1,1
11,768,1,1
12,768,2,1
13,768,3,2
14,768,1,1
0,769,3,0
1,769,1,1
2,769,3,3
3,769,1,2
4,769,1,3
5,769,1,2
6,769,1,1
7,769,1,2
8,769,1,1
9,769,1,1
10,769,1,1
11,769,1,1
12,769,1,3
13,769,1,1
14,769,1,3
0,770,3,0
1,770,1,1
2,770,3,3
3,770,1,2
4,770,3,3
5,770,1,2
6,770,1,1
7,770,1,2
8,770,1,1
9,770,1,1
10,770,1,1
11,770,1,1
12,770,1,3
13,770,1,1
14,770,1,3
0,771,3,0
1,771,1,1
2,771,3,3
3,771,1,2
4,771,1,1
5,771,1,2
6,771,3,3
7,771,1,2
8,771,1,1
9,771,1,1
10,771,1,1
11,771,1,1
12,771,1,3
13,771,1,1
14,771,1,3
0,772,3,0
1,772,1,1
2,772,3,3
3,772,1,2
4,772,3,3
5,772,1,2
6,772,1,1
7,772,1,2
8,772,1,1
9,772,1,1
10,772,1,1
11,772,1,1
12,772,1,3
13,772,1,1
14,772,1,3
0,773,3,0
1,773,1,1
2,773,1,1
3,773,1,2
4,773,1,1
5,773,1,1
6,773,1,1
7,773,1,1
8,773,1,1
9,773,1,1
10,773,1,1
11,773,1,1
12,773,2,1
13,773,3,2
14,773,1,1
0,774,3,0
1,774,1,1
2,774,3,3
3,774,1,2
4,774,3,3
5,774,1,2
6,774,1,1
7,774,1,2
8,774,1,1
9,774,1,1
10,774,1,1
11,774,1,1
12,774,1,3
13,774,1,1
14,774,1,3
0,775,3,0
1,775,1,1
2,775,3,3
3,775,1,2
4,775,1,3
5,775,1,2
6,775,1,1
7,775,1,2
8,775,1,1
9,775,1,1
10,775,1,1
11,775,1,1
12,775,1,3
13,775,1,1
14,775,1,3
0,776,3,0
1,776,1,1
2,776,3,3
3,776,1,2
4,776,3,3
5,776,1,2
6,776,1,1
7,776,1,2
8,776,1,1
9,776,1,1
10,776,1,1
11,776,1,1
12,776,1,3
13,776,1,1
14,776,1,3
0,777,3,0
1,777,1,1
2,777,3,3
3,777,1,2
4,777,3,3
5,777,1,2
6,777,1,1
7,777,1,2
8,777,1,1
9,777,1,1
10,777,1,1
11,777,1,1
12,777,1,3
13,777,1,1
14,777,1,3
0,778,2,3
1,778,1,1
2,778,1,1
3,778,1,1
4,778,1,1
5,778,1,1
6,778,1,1
7,778,1,1
8,778,1,1
9,778,1,1
10,778,1,1
11,778,1,1
12,778,1,1
13,778,1,1
14,778,1,1
0,779,1,1
1,779,1,1
2,779,1,1
3,779,1,1
4,779,1,1
5,779,1,1
6,779,1,1
7,779,1,1
8,779,1,1
9,779,1,1
10,779,1,1
11,779,1,1
12,779,1,1
13,779,1,1
14,779,1,1
0,780,3,0
1,780,1,1
2,780,1,1
3,780,1,2
4,780,1,1
5,780,1,1
6,780,1,1
7,780,3,0
8,780,1,1
9,780,1,1
10,780,1,1
11,780,1,1
12,780,3,3
13,780,3,2
14,780,1,1
0,781,3,0
1,781,1,1
2,781,2,1
3,781,1,2
4,781,1,1
5,781,1,1
6,781,1,1
7,781,1,2
8,781,2,3
9,781,1,1
10,781,1,1
11,781,1,1
12,781,1,3
13,781,1,1
14,781,1,3
0,782,1,1
1,782,1,1
2,782,1,1
3,782,1,1
4,782,1,1
5,782,1,1
6,782,1,1
7,782,1,1
8,782,1,1
9,782,1,1
10,782,1,1
11,782,1,1
12,782,1,1
13,782,1,1
14,782,1,1
0,783,3,0
1,783,1,1
2,783,1,1
3,783,1,2
4,783,1,1
5,783,1,1
6,783,1,1
7,783,1,1
8,783,1,1
9,783,1,1
10,783,1,1
11,783,1,1
12,783,2,1
13,783,3,2
14,783,1,1
0,784,3,0
1,784,1,1
2,784,2,1
3,784,1,2
4,784,1,1
5,784,1,1
6,784,1,1
7,784,1,2
8,784,2,3
9,784,1,1
10,784,1,1
11,784,1,1
12,784,1,3
13,784,1,1
14,784,1,3
0,785,3,0
1,785,1,1
2,785,1,1
3,785,1,2
4,785,1,1
5,785,1,1
6,785,1,1
7,785,3,0
8,785,1,1
9,785,1,1
10,785,1,1
11,785,1,1
12,785,3,3
13,785,3,2
14,785,1,1
0,786,3,0
1,786,1,1
2,786,1,1
3,786,1,2
4,786,1,1
5,786,1,1
6,786,1,1
7,786,1,1
8,786,1,1
9,786,1,1
10,786,1,1
11,786,1,1
12,786,2,1
13,786,3,2
14,786,1,1
0,787,3,0
1,787,1,1
2,787,1,1
3,787,1,2
4,787,1,1
5,787,1,1
6,787,1,1
7,787,1,1
8,787,1,1
9,787,1,1
10,787,1,1
11,787,1,1
12,787,2,1
13,787,3,2
14,787,1,1
0,788,2,3
1,788,1,1
2,788,1,1
3,788,1,1
4,788,1,1
5,788,1,1
6,788,1,1
7,788,1,1
8,788,1,1
9,788,1,1
10,788,1,1
11,788,1,1
12,788,1,1
13,788,1,1
14,788,1,1
0,789,3,0
1,789,1,1
2,789,1,1
3,789,1,2
4,789,1,1
5,789,1,1
6,789,1,1
7,789,1,1
8,789,1,1
9,789,1,1
10,789,1,1
11,789,1,1
12,789,2,1
13,789,3,2
14,789,1,1
0,790,1,1
1,790,1,1
2,790,1,1
3,790,1,1
4,790,1,1
5,790,1,1
6,790,1,1
7,790,1,1
8,790,1,1
9,790,1,1
10,790,1,1
11,790,1,1
12,790,1,1
13,790,1,1
14,790,1,1
0,791,3,0
1,791,1,1
2,791,3,3
3,791,1,2
4,791,3,3
5,791,1,2
6,791,1,1
7,791,1,2
8,791,1,1
9,791,1,1
10,791,1,1
11,791,1,1
12,791,1,3
13,791,1,1
14,791,1,3
0,792,3,0
1,792,1,1
2,792,3,3
3,792,1,2
4,792,1,1
5,792,1,2
6,792,3,3
7,792,1,2
8,792,1,1
9,792,1,1
10,792,1,1
11,792,1,1
12,792,1,3
13,792,1,1
14,792,1,3
0,793,3,0
1,793,1,1
2,793,1,1
3,793,1,2
4,793,1,1
5,793,1,1
6,793,1,1
7,793,1,1
8,793,1,1
9,793,1,1
10,793,1,1
11,793,1,1
12,793,2,1
13,793,3,2
14,793,1,1
0,794,3,0
1,794,1,1
2,794,1,1
3,794,1,2
4,794,1,1
5,794,1,1
6,794,1,1
7,794,1,1
8,794,1,1
9,794,1,1
10,794,1,1
11,794,1,1
12,794,2,1
13,794,3,2
14,794,1,1
0,795,1,1
1,795,1,1
2,795,1,1
3,795,1,1
4,795,1,1
5,795,1,1
6,795,1,1
7,795,1,1
8,795,1,1
9,795,1,1
10,795,1,1
11,795,1,1
12,795,1,1
13,795,1,1
14,795,1,1
0,796,3,0
1,796,1,1
2,796,3,3
3,796,1,2
4,796,1,1
5,796,1,2
6,796,3,3
7,796,1,2
8,796,1,1
9,796,1,1
10,796,1,1
11,796,1,1
12,796,1,3
13,796,1,1
14,796,1,3
0,797,3,0
1,797,1,1
2,797,1,1
3,797,1,2
4,797,1,1
5,797,1,1
6,797,1,1
7,797,1,1
8,797,1,1
9,797,1,1
10,797,1,1
11,797,1,1
12,797,2,1
13,797,3,2
14,797,1,1
0,798,3,0
1,798,1,1
2,798,3,3
3,798,1,2
4,798,3,3
5,798,1,2
6,798,1,1
7,798,1,2
8,798,1,1
9,798,1,1
10,798,1,1
11,798,1,1
12,798,1,3
13,798,1,1
14,798,1,3
0,799,3,0
1,799,1,1
2,799,3,3
3,799,1,2
4,799,1,3
5,799,1,2
6,799,1,1
7,799,1,2
8,799,1,1
9,799,1,1
10,799,1,1
11,799,1,1
12,799,1,3
13,799,1,1
14,799,1,3
0,800,3,0
1,800,1,1
2,800,3,3
3,800,1,2
4,800,1,1
5,800,1,2
6,800,3,3
7,800,1,2
8,800,1,1
9,800,1,1
10,800,1,1
11,800,1,1
12,800,1,3
13,800,1,1
14,800,1,3
0,801,3,0
1,801,1,1
2,801,3,3
3,801,1,2
4,801,3,3
5,801,1,2
6,801,1,1
7,801,1,2
8,801,1,1
9,801,1,1
10,801,1,1
11,801,1,1
12,801,1,3
13,801,1,1
14,801,1,3
0,802,3,0
1,802,1,1
2,802,3,3
3,802,1,2
4,802,3,3
5,802,1,2
6,802,1,1
7,802,1,2
8,802,1,1
9,802,1,1
10,802,1,1
11,802,1,1
12,802,1,3
13,802,1,1
14,802,1,3
0,803,3,0
1,803,1,1
2,803,3,3
3,803,1,2
4,803,1,1
5,803,1,2
6,803,3,3
7,803,1,2
8,803,1,1
9,803,1,1
10,803,1,1
11,803,1,1
12,803,1,3
13,803,1,1
14,803,1,3
0,804,3,0
1,804,1,1
2,804,2,1
3,804,1,2
4,804,1,1
5,804,1,1
6,804,1,1
7,804,1,2
8,804,2,3
9,804,1,1
10,804,1,1
11,804,1,1
12,804,1,3
13,804,1,1
14,804,1,3
0,805,3,0
1,805,1,1
2,805,1,1
3,805,1,2
4,805,1,1
5,805,1,1
6,805,1,1
7,805,3,0
8,805,1,1
9,805,1,1
10,805,1,1
11,805,1,1
12,805,3,3
13,805,3,2
14,805,1,1
0,806,3,0
1,806,1,1
2,806,3,3
3,806,1,2
4,806,3,3
5,806,1,2
6,806,1,1
7,806,1,2
8,806,1,1
9,806,1,1
10,806,1,1
11,806,1,1
12,806,1,3
13,806,1,1
14,806,1,3
0,807,1,1
1,807,1,1
2,807,1,1
3,807,1,1
4,807,1,1
5,807,1,1
6,807,1,1
7,807,1,1
8,807,1,1
9,807,1,1
10,807,1,1
11,807,1,1
12,807,1,1
13,807,1,1
14,807,1,1
0,808,3,0
1,808,1,1
2,808,3,3
3,808,1,2
4,808,3,3
5,808,1,2
6,808,1,1
7,808,1,2
8,808,1,1
9,808,1,1
10,808,1,1
11,808,1,1
12,808,1,3
13,808,1,1
14,808,1,3
0,809,3,0
1,809,1,1
2,809,3,3
3,809,1,2
4,809,1,3
5,809,1,2
6,809,1,1
7,809,1,2
8,809,1,1
9,809,1,1
10,809,1,1
11,809,1,1
12,809,1,3
13,809,1,1
14,809,1,3
0,810,3,0
1,810,1,1
2,810,1,1
3,810,1,2
4,810,1,1
5,810,1,1
6,810,1,1
7,810,1,1
8,810,1,1
9,810,1,1
10,810,1,1
11,810,1,1
12,810,2,1
13,810,3,2
14,810,1,1
0,811,3,0
1,811,1,1
2,811,3,3
3,811,1,2
4,811,1,3
5,811,1,2
6,811,1,1
7,811,1,2
8,811,1,1
9,811,1,1
10,811,1,1
11,811,1,1
12,811,1,3
13,811,1,1
14,811,1,3
0,812,3,0
1,812,1,1
2,812,2,1
3,812,1,2
4,812,1,1
5,812,1,1
6,812,1,1
7,812,1,2
8,812,2,3
9,812,1,1
10,812,1,1
11,812,1,1
12,812,1,3
13,812,1,1
14,812,1,3
0,813,3,0
1,813,1,1
2,813,3,3
3,813,1,2
4,813,3,3
5,813,1,2
6,813,1,1
7,813,1,2
8,813,1,1
9,813,1,1
10,813,1,1
11,813,1,1
12,813,1,3
13,813,1,1
14,813,1,3
0,814,3,0
1,814,1,1
2,814,1,1
3,814,1,2
4,814,1,1
5,814,1,1
6,814,1,1
7,814,1,1
8,814,1,1
9,814,1,1
10,814,1,1
11,814,1,1
12,814,2,1
13,814,3,2
14,814,1,1
0,815,3,0
1,815,1,1
2,815,2,1
3,815,1,2
4,815,1,1
5,815,1,1
6,815,1,1
7,815,1,2
8,815,2,3
9,815,1,1
10,815,1,1
11,815,1,1
12,815,1,3
13,815,1,1
14,815,1,3
0,816,3,0
1,816,1,1
2,816,3,3
3,816,1,2
4,816,3,3
5,816,1,2
6,816,1,1
7,816,1,2
8,816,1,1
9,816,1,1
10,816,1,1
11,816,1,1
12,816,1,3
13,816,1,1
14,816,1,3
0,817,3,0
1,817,1,1
2,817,1,1
3,817,1,2
4,817,1,1
5,817,1,1
6,817,1,1
7,817,1,1
8,817,1,1
9,817,1,1
10,817,1,1
11,817,1,1
12,817,2,1
13,817,3,2
14,817,1,1
0,818,3,0
1,818,1,1
2,818,1,1
3,818,1,2
4,818,1,1
5,818,1,1
6,818,1,1
7,818,3,0
8,818,1,1
9,818,1,1
10,818,1,1
11,818,1,1
12,818,3,3
13,818,3,2
14,818,1,1
0,819,3,0
1,819,1,1
2,819,3,3
3,819,1,2
4,819,1,3
5,819,1,2
6,819,1,1
7,819,1,2
8,819,1,1
9,819,1,1
10,819,1,1
11,819,1,1
12,819,1,3
13,819,1,1
14,819,1,3
0,820,2,3
1,820,1,1
2,820,1,1
3,820,1,1
4,820,1,1
5,820,1,1
6,820,1,1
7,820,1,1
8,820,1,1
9,820,1,1
10,820,1,1
11,820,1,1
12,820,1,1
13,820,1,1
14,820,1,1
0,821,3,0
1,821,1,1
2,821,3,3
3,821,1,2
4,821,3,3
5,821,1,2
6,821,1,1
7,821,1,2
8,821,1,1
9,821,1,1
10,821,1,1
11,821,1,1
12,821,1,3
13,821,1,1
14,821,1,3
0,822,3,0
1,822,1,1
2,822,3,3
3,822,1,2
4,822,1,1
5,822,1,2
6,822,3,3
7,822,1,2
8,822,1,1
9,822,1,1
10,822,1,1
11,822,1,1
12,822,1,3
13,822,1,1
14,822,1,3
0,823,3,0
1,823,1,1
2,823,3,3
3,823,1,2
4,823,3,3
5,823,1,2
6,823,1,1
7,823,1,2
8,823,1,1
9,823,1,1
10,823,1,1
11,823,1,1
12,823,1,3
13,823,1,1
14,823,1,3
0,824,3,0
1,824,1,1
2,824,1,1
3,824,1,2
4,824,1,1
5,824,1,1
6,824,1,1
7,824,1,1
8,824,1,1
9,824,1,1
10,824,1,1
11,824,1,1
12,824,2,1
13,824,3,2
14,824,1,1
0,825,3,0
1,825,1,1
2,825,3,3
3,825,1,2
4,825,1,3
5,825,1,2
6,825,1,1
7,825,1,2
8,825,1,1
9,825,1,1
10,825,1,1
11,825,1,1
12,825,1,3
13,825,1,1
14,825,1,3
0,826,3,0
1,826,1,1
2,826,1,1
3,826,1,2
4,826,1,1
5,826,1,1
6,826,1,1
7,826,1,1
8,826,1,1
9,826,1,1
10,826,1,1
11,826,1,1
12,826,2,1
13,826,3,2
14,826,1,1
0,827,3,0
1,827,1,1
2,827,3,3
3,827,1,2
4,827,1,1
5,827,1,2
6,827,3,3
7,827,1,2
8,827,1,1
9,827,1,1
10,827,1,1
11,827,1,1
12,827,1,3
13,827,1,1
14,827,1,3
0,828,3,0
1,828,1,1
2,828,1,1
3,828,1,2
4,828,1,1
5,828,1,1
6,828,1,1
7,828,3,0
8,828,1,1
9,828,1,1
10,828,1,1
11,828,1,1
12,828,3,3
13,828,3,2
14,828,1,1
0,829,1,1
1,829,1,1
2,829,1,1
3,829,1,1
4,829,1,1
5,829,1,1
6,829,1,1
7,829,1,1
8,829,1,1
9,829,1,1
10,829,1,1
11,829,1,1
12,829,1,1
13,829,1,1
14,829,1,1
0,830,3,0
1,830,1,1
2,830,3,3
3,830,1,2
4,830,3,3
5,830,1,2
6,830,1,1
7,830,1,2
8,830,1,1
9,830,1,1
10,830,1,1
11,830,1,1
12,830,1,3
13,830,1,1
14,830,1,3
0,831,2,3
1,831,1,1
2,831,1,1
3,831,1,1
4,831,1,1
5,831,1,1
6,831,1,1
7,831,1,1
8,831,1,1
9,831,1,1
10,831,1,1
11,831,1,1
12,831,1,1
13,831,1,1
14,831,1,1
0,832,2,3
1,832,1,1
2,832,1,1
3,832,1,1
4,832,1,1
5,832,1,1
6,832,1,1
7,832,1,1
8,832,1,1
9,832,1,1
10,832,1,1
11,832,1,1
12,832,1,1
13,832,1,1
14,832,1,1
0,833,3,0
1,833,1,1
2,833,3,3
3,833,1,2
4,833,3,3
5,833,1,2
6,833,1,1
7,833,1,2
8,833,1,1
9,833,1,1
10,833,1,1
11,833,1,1
12,833,1,3
13,833,1,1
14,833,1,3
0,834,1,1
1,834,1,1
2,834,1,1
3,834,1,1
4,834,1,1
5,834,1,1
6,834,1,1
7,834,1,1
8,834,1,1
9,834,1,1
10,834,1,1
11,834,1,1
12,834,1,1
13,834,1,1
14,834,1,1
0,835,3,0
1,835,1,1
2,835,1,1
3,835,1,2
4,835,1,1
5,835,1,1
6,835,1,1
7,835,1,1
8,835,1,1
9,835,1,1
10,835,1,1
11,835,1,1
12,835,2,1
13,835,3,2
14,835,1,1
0,836,1,1
1,836,1,1
2,836,1,1
3,836,1,1
4,836,1,1
5,836,1,1
6,836,1,1
7,836,1,1
8,836,1,1
9,836,1,1
10,836,1,1
11,836,1,1
12,836,1,1
13,836,1,1
14,836,1,1
0,837,3,0
1,837,1,1
2,837,3,3
3,837,1,2
4,837,1,3
5,837,1,2
6,837,1,1
7,837,1,2
8,837,1,1
9,837,1,1
10,837,1,1
11,837,1,1
12,837,1,3
13,837,1,1
14,837,1,3
0,838,3,0
1,838,1,1
2,838,1,1
3,838,1,2
4,838,1,1
5,838,1,1
6,838,1,1
7,838,3,0
8,838,1,1
9,838,1,1
10,838,1,1
11,838,1,1
12,838,3,3
13,838,3,2
14,838,1,1
0,839,2,3
1,839,1,1
2,839,1,1
3,839,1,1
4,839,1,1
5,839,1,1
6,839,1,1
7,839,1,1
8,839,1,1
9,839,1,1
10,839,1,1
11,839,1,1
12,839,1,1
13,839,1,1
14,839,1,1
0,840,3,0
1,840,1,1
2,840,3,3
3,840,1,2
4,840,3,3
5,840,1,2
6,840,1,1
7,840,1,2
8,840,1,1
9,840,1,1
10,840,1,1
11,840,1,1
12,840,1,3
13,840,1,1
14,840,1,3
0,841,3,0
1,841,1,1
2,841,3,3
3,841,1,2
4,841,1,3
5,841,1,2
6,841,1,1
7,841,1,2
8,841,1,1
9,841,1,1
10,841,1,1
11,841,1,1
12,841,1,3
13,841,1,1
14,841,1,3
0,842,3,0
1,842,1,1
2,842,2,1
3,842,1,2
4,842,1,1
5,842,1,1
6,842,1,1
7,842,1,2
8,842,2,3
9,842,1,1
10,842,1,1
11,842,1,1
12,842,1,3
13,842,1,1
14,842,1,3
0,843,3,0
1,843,1,1
2,843,3,3
3,843,1,2
4,843,1,3
5,843,1,2
6,843,1,1
7,843,1,2
8,843,1,1
9,843,1,1
10,843,1,1
11,843,1,1
12,843,1,3
13,843,1,1
14,843,1,3
0,844,3,0
1,844,1,1
2,844,3,3
3,844,1,2
4,844,1,3
5,844,1,2
6,844,1,1
7,844,1,2
8,844,1,1
9,844,1,1
10,844,1,1
11,844,1,1
12,844,1,3
13,844,1,1
14,844,1,3
0,845,1,1
1,845,1,1
2,845,1,1
3,845,1,1
4,845,1,1
5,845,1,1
6,845,1,1
7,845,1,1
8,845,1,1
9,845,1,1
10,845,1,1
11,845,1,1
12,845,1,1
13,845,1,1
14,845,1,1
0,846,2,3
1,846,1,1
2,846,1,1
3,846,1,1
4,846,1,1
5,846,1,1
6,846,1,1
7,846,1,1
8,846,1,1
9,846,1,1
10,846,1,1
11,846,1,1
12,846,1,1
13,846,1,1
14,846,1,1
0,847,3,0
1,847,1,1
2,847,1,1
3,847,1,2
4,847,1,1
5,847,1,1
6,847,1,1
7,847,3,0
8,847,1,1
9,847,1,1
10,847,1,1
11,847,1,1
12,847,3,3
13,847,3,2
14,847,1,1
0,848,3,0
1,848,1,1
2,848,1,1
3,848,1,2
4,848,1,1
5,848,1,1
6,848,1,1
7,848,1,1
8,848,1,1
9,848,1,1
10,848,1,1
11,848,1,1
12,848,2,1
13,848,3,2
14,848,1,1
0,849,3,0
1,849,1,1
2,849,3,3
3,849,1,2
4,849,3,3
5,849,1,2
6,849,1,1
7,849,1,2
8,849,1,1
9,849,1,1
10,849,1,1
11,849,1,1
12,849,1,3
13,849,1,1
14,849,1,3
0,850,3,0
1,850,1,1
2,850,1,1
3,850,1,2
4,850,1,1
5,850,1,1
6,850,1,1
7,850,3,0
8,850,1,1
9,850,1,1
10,850,1,1
11,850,1,1
12,850,3,3
13,850,3,2
14,850,1,1
0,851,3,0
1,851,1,1
2,851,3,3
3,851,1,2
4,851,1,1
5,851,1,2
6,851,3,3
7,851,1,2
8,851,1,1
9,851,1,1
10,851,1,1
11,851,1,1
12,851,1,3
13,851,1,1
14,851,1,3
0,852,3,0
1,852,1,1
2,852,2,1
3,852,1,2
4,852,1,1
5,852,1,1
6,852,1,1
7,852,1,2
8,852,2,3
9,852,1,1
10,852,1,1
11,852,1,1
12,852,1,3
13,852,1,1
14,852,1,3
0,853,3,0
1,853,1,1
2,853,3,3
3,853,1,2
4,853,1,3
5,853,1,2
6,853,1,1
7,853,1,2
8,853,1,1
9,853,1,1
10,853,1,1
11,853,1,1
12,853,1,3
13,853,1,1
14,853,1,3
0,854,2,3
1,854,1,1
2,854,1,1
3,854,1,1
4,854,1,1
5,854,1,1
6,854,1,1
7,854,1,1
8,854,1,1
9,854,1,1
10,854,1,1
11,854,1,1
12,854,1,1
13,854,1,1
14,854,1,1
0,855,2,3
1,855,1,1
2,855,1,1
3,855,1,1
4,855,1,1
5,855,1,1
6,855,1,1
7,855,1,1
8,855,1,1
9,855,1,1
10,855,1,1
11,855,1,1
12,855,1,1
13,855,1,1
14,855,1,1
0,856,1,1
1,856,1,1
2,856,1,1
3,856,1,1
4,856,1,1
5,856,1,1
6,856,1,1
7,856,1,1
8,856,1,1
9,856,1,1
10,856,1,1
11,856,1,1
12,856,1,1
13,856,1,1
14,856,1,1
0,857,2,3
1,857,1,1
2,857,1,1
3,857,1,1
4,857,1,1
5,857,1,1
6,857,1,1
7,857,1,1
8,857,1,1
9,857,1,1
10,857,1,1
11,857,1,1
12,857,1,1
13,857,1,1
14,857,1,1
0,858,3,0
1,858,1,1
2,858,3,3
3,858,1,2
4,858,3,3
5,858,1,2
6,858,1,1
7,858,1,2
8,858,1,1
9,858,1,1
10,858,1,1
11,858,1,1
12,858,1,3
13,858,1,1
14,858,1,3
0,859,3,0
1,859,1,1
2,859,3,3
3,859,1,2
4,859,3,3
5,859,1,2
6,859,1,1
7,859,1,2
8,859,1,1
9,859,1,1
10,859,1,1
11,859,1,1
12,859,1,3
13,859,1,1
14,859,1,3
0,860,3,0
1,860,1,1
2,860,2,1
3,860,1,2
4,860,1,1
5,860,1,1
6,860,1,1
7,860,1,2
8,860,2,3
9,860,1,1
10,860,1,1
11,860,1,1
12,860,1,3
13,860,1,1
14,860,1,3
0,861,3,0
1,861,1,1
2,861,3,3
3,861,1,2
4,861,1,3
5,861,1,2
6,861,1,1
7,861,1,2
8,861,1,1
9,861,1,1
10,861,1,1
11,861,1,1
12,861,1,3
13,861,1,1
14,861,1,3
0,862,3,0
1,862,1,1
2,862,3,3
3,862,1,2
4,862,3,3
5,862,1,2
6,862,1,1
7,862,1,2
8,862,1,1
9,862,1,1
10,862,1,1
11,862,1,1
12,862,1,3
13,862,1,1
14,862,1,3
0,863,3,0
1,863,1,1
2,863,1,1
3,863,1,2
4,863,1,1
5,863,1,1
6,863,1,1
7,863,1,1
8,863,1,1
9,863,1,1
10,863,1,1
11,863,1,1
12,863,2,1
13,863,3,2
14,863,1,1
0,864,2,3
1,864,1,1
2,864,1,1
3,864,1,1
4,864,1,1
5,864,1,1
6,864,1,1
7,864,1,1
8,864,1,1
9,864,1,1
10,864,1,1
11,864,1,1
12,864,1,1
13,864,1,1
14,864,1,1
0,865,3,0
1,865,1,1
2,865,3,3
3,865,1,2
4,865,3,3
5,865,1,2
6,865,1,1
7,865,1,2
8,865,1,1
9,865,1,1
10,865,1,1
11,865,1,1
12,865,1,3
13,865,1,1
14,865,1,3
0,866,3,0
1,866,1,1
2,866,3,3
3,866,1,2
4,866,3,3
5,866,1,2
6,866,1,1
7,866,1,2
8,866,1,1
9,866,1,1
10,866,1,1
11,866,1,1
12,866,1,3
13,866,1,1
14,866,1,3
0,867,2,3
1,867,1,1
2,867,1,1
3,867,1,1
4,867,1,1
5,867,1,1
6,867,1,1
7,867,1,1
8,867,1,1
9,867,1,1
10,867,1,1
11,867,1,1
12,867,1,1
13,867,1,1
14,867,1,1
0,868,2,3
1,868,1,1
2,868,1,1
3,868,1,1
4,868,1,1
5,868,1,1
6,868,1,1
7,868,1,1
8,868,1,1
9,868,1,1
10,868,1,1
11,868,1,1
12,868,1,1
13,868,1,1
14,868,1,1
0,869,3,0
1,869,1,1
2,869,3,3
3,869,1,2
4,869,3,3
5,869,1,2
6,869,1,1
7,869,1,2
8,869,1,1
9,869,1,1
10,869,1,1
11,869,1,1
12,869,1,3
13,869,1,1
14,869,1,3
0,870,3,0
1,870,1,1
2,870,1,1
3,870,1,2
4,870,1,1
5,870,1,1
6,870,1,1
7,870,1,1
8,870,1,1
9,870,1,1
10,870,1,1
11,870,1,1
12,870,2,1
13,870,3,2
14,870,1,1
0,871,3,0
1,871,1,1
2,871,3,3
3,871,1,2
4,871,1,1
5,871,1,2
6,871,3,3
7,871,1,2
8,871,1,1
9,871,1,1
10,871,1,1
11,871,1,1
12,871,1,3
13,871,1,1
14,871,1,3
0,872,3,0
1,872,1,1
2,872,1,1
3,872,1,2
4,872,1,1
5,872,1,1
6,872,1,1
7,872,3,0
8,872,1,1
9,872,1,1
10,872,1,1
11,872,1,1
12,872,3,3
13,872,3,2
14,872,1,1
0,873,2,3
1,873,1,1
2,873,1,1
3,873,1,1
4,873,1,1
5,873,1,1
6,873,1,1
7,873,1,1
8,873,1,1
9,873,1,1
10,873,1,1
11,873,1,1
12,873,1,1
13,873,1,1
14,873,1,1
0,874,3,0
1,874,1,1
2,874,2,1
3,874,1,2
4,874,1,1
5,874,1,1
6,874,1,1
7,874,1,2
8,874,2,3
9,874,1,1
10,874,1,1
11,874,1,1
12,874,1,3
13,874,1,1
14,874,1,3
0,875,3,0
1,875,1,1
2,875,3,3
3,875,1,2
4,875,3,3
5,875,1,2
6,875,1,1
7,875,1,2
8,875,1,1
9,875,1,1
10,875,1,1
11,875,1,1
12,875,1,3
13,875,1,1
14,875,1,3
0,876,1,1
1,876,1,1
2,876,1,1
3,876,1,1
4,876,1,1
5,876,1,1
6,876,1,1
7,876,1,1
8,876,1,1
9,876,1,1
10,876,1,1
11,876,1,1
12,876,1,1
13,876,1,1
14,876,1,1
0,877,2,3
1,877,1,1
2,877,1,1
3,877,1,1
4,877,1,1
5,877,1,1
6,877,1,1
7,877,1,1
8,877,1,1
9,877,1,1
10,877,1,1
11,877,1,1
12,877,1,1
13,877,1,1
14,877,1,1
0,878,2,3
1,878,1,1
2,878,1,1
3,878,1,1
4,878,1,1
5,878,1,1
6,878,1,1
7,878,1,1
8,878,1,1
9,878,1,1
10,878,1,1
11,878,1,1
12,878,1,1
13,878,1,1
14,878,1,1
0,879,3,0
1,879,1,1
2,879,3,3
3,879,1,2
4,879,3,3
5,879,1,2
6,879,1,1
7,879,1,2
8,879,1,1
9,879,1,1
10,879,1,1
11,879,1,1
12,879,1,3
13,879,1,1
14,879,1,3
0,880,3,0
1,880,1,1
2,880,3,3
3,880,1,2
4,880,1,3
5,880,1,2
6,880,1,1
7,880,1,2
8,880,1,1
9,880,1,1
10,880,1,1
11,880,1,1
12,880,1,3
13,880,1,1
14,880,1,3
0,881,3,0
1,881,1,1
2,881,3,3
3,881,1,2
4,881,1,3
5,881,1,2
6,881,1,1
7,881,1,2
8,881,1,1
9,881,1,1
10,881,1,1
11,881,1,1
12,881,1,3
13,881,1,1
14,881,1,3
0,882,3,0
1,882,1,1
2,882,1,1
3,882,1,2
4,882,1,1
5,882,1,1
6,882,1,1
7,882,1,1
8,882,1,1
9,882,1,1
10,882,1,1
11,882,1,1
12,882,2,1
13,882,3,2
14,882,1,1
0,883,3,0
1,883,1,1
2,883,3,3
3,883,1,2
4,883,1,3
5,883,1,2
6,883,1,1
7,883,1,2
8,883,1,1
9,883,1,1
10,883,1,1
11,883,1,1
12,883,1,3
13,883,1,1
14,883,1,3
0,884,3,0
1,884,1,1
2,884,3,3
3,884,1,2
4,884,3,3
5,884,1,2
6,884,1,1
7,884,1,2
8,884,1,1
9,884,1,1
10,884,1,1
11,884,1,1
12,884,1,3
13,884,1,1
14,884,1,3
0,885,3,0
1,885,1,1
2,885,3,3
3,885,1,2
4,885,3,3
5,885,1,2
6,885,1,1
7,885,1,2
8,885,1,1
9,885,1,1
10,885,1,1
11,885,1,1
12,885,1,3
13,885,1,1
14,885,1,3
0,886,2,3
1,886,1,1
2,886,1,1
3,886,1,1
4,886,1,1
5,886,1,1
6,886,1,1
7,886,1,1
8,886,1,1
9,886,1,1
10,886,1,1
11,886,1,1
12,886,1,1
13,886,1,1
14,886,1,1
0,887,2,3
1,887,1,1
2,887,1,1
3,887,1,1
4,887,1,1
5,887,1,1
6,887,1,1
7,887,1,1
8,887,1,1
9,887,1,1
10,887,1,1
11,887,1,1
12,887,1,1
13,887,1,1
14,887,1,1
0,888,1,1
1,888,1,1
2,888,1,1
3,888,1,1
4,888,1,1
5,888,1,1
6,888,1,1
7,888,1,1
8,888,1,1
9,888,1,1
10,888,1,1
11,888,1,1
12,888,1,1
13,888,1,1
14,888,1,1
0,889,3,0
1,889,1,1
2,889,3,3
3,889,1,2
4,889,1,3
5,889,1,2
6,889,1,1
7,889,1,2
8,889,1,1
9,889,1,1
10,889,1,1
11,889,1,1
12,889,1,3
13,889,1,1
14,889,1,3
0,890,2,3
1,890,1,1
2,890,1,1
3,890,1,1
4,890,1,1
5,890,1,1
6,890,1,1
7,890,1,1
8,890,1,1
9,890,1,1
10,890,1,1
11,890,1,1
12,890,1,1
13,890,1,1
14,890,1,1
0,891,2,3
1,891,1,1
2,891,1,1
3,891,1,1
4,891,1,1
5,891,1,1
6,891,1,1
7,891,1,1
8,891,1,1
9,891,1,1
10,891,1,1
11,891,1,1
12,891,1,1
13,891,1,1
14,891,1,1
0,892,3,0
1,892,1,1
2,892,3,3
3,892,1,2
4,892,3,3
5,892,1,2
6,892,1,1
7,892,1,2
8,892,1,1
9,892,1,1
10,892,1,1
11,892,1,1
12,892,1,3
13,892,1,1
14,892,1,3
0,893,3,0
1,893,1,1
2,893,3,3
3,893,1,2
4,893,3,3
5,893,1,2
6,893,1,1
7,893,1,2
8,893,1,1
9,893,1,1
10,893,1,1
11,893,1,1
12,893,1,3
13,893,1,1
14,893,1,3
0,894,3,0
1,894,1,1
2,894,3,3
3,894,1,2
4,894,1,1
5,894,1,2
6,894,3,3
7,894,1,2
8,894,1,1
9,894,1,1
10,894,1,1
11,894,1,1
12,894,1,3
13,894,1,1
14,894,1,3
0,895,3,0
1,895,1,1
2,895,3,3
3,895,1,2
4,895,1,3
5,895,1,2
6,895,1,1
7,895,1,2
8,895,1,1
9,895,1,1
10,895,1,1
11,895,1,1
12,895,1,3
13,895,1,1
14,895,1,3
0,896,3,0
1,896,1,1
2,896,3,3
3,896,1,2
4,896,3,3
5,896,1,2
6,896,1,1
7,896,1,2
8,896,1,1
9,896,1,1
10,896,1,1
11,896,1,1
12,896,1,3
13,896,1,1
14,896,1,3
0,897,1,1
1,897,1,1
2,897,1,1
3,897,1,1
4,897,1,1
5,897,1,1
6,897,1,1
7,897,1,1
8,897,1,1
9,897,1,1
10,897,1,1
11,897,1,1
12,897,1,1
13,897,1,1
14,897,1,1
0,898,1,1
1,898,1,1
2,898,1,1
3,898,1,1
4,898,1,1
5,898,1,1
6,898,1,1
7,898,1,1
8,898,1,1
9,898,1,1
10,898,1,1
11,898,1,1
12,898,1,1
13,898,1,1
14,898,1,1
0,899,2,3
1,899,1,1
2,899,1,1
3,899,1,1
4,899,1,1
5,899,1,1
6,899,1,1
7,899,1,1
8,899,1,1
9,899,1,1
10,899,1,1
11,899,1,1
12,899,1,1
13,899,1,1
14,899,1,1
0,900,3,0
1,900,1,1
2,900,1,1
3,900,1,2
4,900,1,1
5,900,1,1
6,900,1,1
7,900,1,1
8,900,1,1
9,900,1,1
10,900,1,1
11,900,1,1
12,900,2,1
13,900,3,2
14,900,1,1
0,901,3,0
1,901,1,1
2,901,1,1
3,901,1,2
4,901,1,1
5,901,1,1
6,901,1,1
7,901,1,1
8,901,1,1
9,901,1,1
10,901,1,1
11,901,1,1
12,901,2,1
13,901,3,2
14,901,1,1
0,902,3,0
1,902,1,1
2,902,3,3
3,902,1,2
4,902,3,3
5,902,1,2
6,902,1,1
7,902,1,2
8,902,1,1
9,902,1,1
10,902,1,1
11,902,1,1
12,902,1,3
13,902,1,1
14,902,1,3
0,903,3,0
1,903,1,1
2,903,3,3
3,903,1,2
4,903,3,3
5,903,1,2
6,903,1,1
7,903,1,2
8,903,1,1
9,903,1,1
10,903,1,1
11,903,1,1
12,903,1,3
13,903,1,1
14,903,1,3
0,904,3,0
1,904,1,1
2,904,1,1
3,904,1,2
4,904,1,1
5,904,1,1
6,904,1,1
7,904,1,1
8,904,1,1
9,904,1,1
10,904,1,1
11,904,1,1
12,904,2,1
13,904,3,2
14,904,1,1
0,905,3,0
1,905,1,1
2,905,3,3
3,905,1,2
4,905,3,3
5,905,1,2
6,905,1,1
7,905,1,2
8,905,1,1
9,905,1,1
10,905,1,1
11,905,1,1
12,905,1,3
13,905,1,1
14,905,1,3
0,906,2,3
1,906,1,1
2,906,1,1
3,906,1,1
4,906,1,1
5,906,1,1
6,906,1,1
7,906,1,1
8,906,1,1
9,906,1,1
10,906,1,1
11,906,1,1
12,906,1,1
13,906,1,1
14,906,1,1
0,907,3,0
1,907,1,1
2,907,3,3
3,907,1,2
4,907,1,3
5,907,1,2
6,907,1,1
7,907,1,2
8,907,1,1
9,907,1,1
10,907,1,1
11,907,1,1
12,907,1,3
13,907,1,1
14,907,1,3
0,908,2,3
1,908,1,1
2,908,1,1
3,908,1,1
4,908,1,1
5,908,1,1
6,908,1,1
7,908,1,1
8,908,1,1
9,908,1,1
10,908,1,1
11,908,1,1
12,908,1,1
13,908,1,1
14,908,1,1
0,909,2,3
1,909,1,1
2,909,1,1
3,909,1,1
4,909,1,1
5,909,1,1
6,909,1,1
7,909,1,1
8,909,1,1
9,909,1,1
10,909,1,1
11,909,1,1
12,909,1,1
13,909,1,1
14,909,1,1
0,910,3,0
1,910,1,1
2,910,3,3
3,910,1,2
4,910,3,3
5,910,1,2
6,910,1,1
7,910,1,2
8,910,1,1
9,910,1,1
10,910,1,1
11,910,1,1
12,910,1,3
13,910,1,1
14,910,1,3
0,911,2,3
1,911,1,1
2,911,1,1
3,911,1,1
4,911,1,1
5,911,1,1
6,911,1,1
7,911,1,1
8,911,1,1
9,911,1,1
10,911,1,1
11,911,1,1
12,911,1,1
13,911,1,1
14,911,1,1
0,912,3,0
1,912,1,1
2,912,1,1
3,912,1,2
4,912,1,1
5,912,1,1
6,912,1,1
7,912,3,0
8,912,1,1
9,912,1,1
10,912,1,1
11,912,1,1
12,912,3,3
13,912,3,2
14,912,1,1
0,913,3,0
1,913,1,1
2,913,3,3
3,913,1,2
4,913,1,1
5,913,1,2
6,913,3,3
7,913,1,2
8,913,1,1
9,913,1,1
10,913,1,1
11,913,1,1
12,913,1,3
13,913,1,1
14,913,1,3
0,914,3,0
1,914,1,1
2,914,3,3
3,914,1,2
4,914,3,3
5,914,1,2
6,914,1,1
7,914,1,2
8,914,1,1
9,914,1,1
10,914,1,1
11,914,1,1
12,914,1,3
13,914,1,1
14,914,1,3
0,915,3,0
1,915,1,1
2,915,3,3
3,915,1,2
4,915,3,3
5,915,1,2
6,915,1,1
7,915,1,2
8,915,1,1
9,915,1,1
10,915,1,1
11,915,1,1
12,915,1,3
13,915,1,1
14,915,1,3
0,916,3,0
1,916,1,1
2,916,3,3
3,916,1,2
4,916,3,3
5,916,1,2
6,916,1,1
7,916,1,2
8,916,1,1
9,916,1,1
10,916,1,1
11,916,1,1
12,916,1,3
13,916,1,1
14,916,1,3
0,917,3,0
1,917,1,1
2,917,3,3
3,917,1,2
4,917,3,3
5,917,1,2
6,917,1,1
7,917,1,2
8,917,1,1
9,917,1,1
10,917,1,1
11,917,1,1
12,917,1,3
13,917,1,1
14,917,1,3
0,918,3,0
1,918,1,1
2,918,1,1
3,918,1,2
4,918,1,1
5,918,1,1
6,918,1,1
7,918,1,1
8,918,1,1
9,918,1,1
10,918,1,1
11,918,1,1
12,918,2,1
13,918,3,2
14,918,1,1
0,919,3,0
1,919,1,1
2,919,1,1
3,919,1,2
4,919,1,1
5,919,1,1
6,919,1,1
7,919,1,1
8,919,1,1
9,919,1,1
10,919,1,1
11,919,1,1
12,919,2,1
13,919,3,2
14,919,1,1
0,920,2,3
1,920,1,1
2,920,1,1
3,920,1,1
4,920,1,1
5,920,1,1
6,920,1,1
7,920,1,1
8,920,1,1
9,920,1,1
10,920,1,1
11,920,1,1
12,920,1,1
13,920,1,1
14,920,1,1
0,921,3,0
1,921,1,1
2,921,3,3
3,921,1,2
4,921,3,3
5,921,1,2
6,921,1,1
7,921,1,2
8,921,1,1
9,921,1,1
10,921,1,1
11,921,1,1
12,921,1,3
13,921,1,1
14,921,1,3
0,922,3,0
1,922,1,1
2,922,3,3
3,922,1,2
4,922,1,3
5,922,1,2
6,922,1,1
7,922,1,2
8,922,1,1
9,922,1,1
10,922,1,1
11,922,1,1
12,922,1,3
13,922,1,1
14,922,1,3
0,923,3,0
1,923,1,1
2,923,3,3
3,923,1,2
4,923,1,1
5,923,1,2
6,923,3,3
7,923,1,2
8,923,1,1
9,923,1,1
10,923,1,1
11,923,1,1
12,923,1,3
13,923,1,1
14,923,1,3
0,924,3,0
1,924,1,1
2,924,1,1
3,924,1,2
4,924,1,1
5,924,1,1
6,924,1,1
7,924,1,1
8,924,1,1
9,924,1,1
10,924,1,1
11,924,1,1
12,924,2,1
13,924,3,2
14,924,1,1
0,925,2,3
1,925,1,1
2,925,1,1
3,925,1,1
4,925,1,1
5,925,1,1
6,925,1,1
7,925,1,1
8,925,1,1
9,925,1,1
10,925,1,1
11,925,1,1
12,925,1,1
13,925,1,1
14,925,1,1
0,926,1,1
1,926,1,1
2,926,1,1
3,926,1,1
4,926,1,1
5,926,1,1
6,926,1,1
7,926,1,1
8,926,1,1
9,926,1,1
10,926,1,1
11,926,1,1
12,926,1,1
13,926,1,1
14,926,1,1
0,927,3,0
1,927,1,1
2,927,1,1
3,927,1,2
4,927,1,1
5,927,1,1
6,927,1,1
7,927,1,1
8,927,1,1
9,927,1,1
10,927,1,1
11,927,1,1
12,927,2,1
13,927,3,2
14,927,1,1
0,928,1,1
1,928,1,1
2,928,1,1
3,928,1,1
4,928,1,1
5,928,1,1
6,928,1,1
7,928,1,1
8,928,1,1
9,928,1,1
10,928,1,1
11,928,1,1
12,928,1,1
13,928,1,1
14,928,1,1
0,929,3,0
1,929,1,1
2,929,3,3
3,929,1,2
4,929,1,1
5,929,1,2
6,929,3,3
7,929,1,2
8,929,1,1
9,929,1,1
10,929,1,1
11,929,1,1
12,929,1,3
13,929,1,1
14,929,1,3
0,930,3,0
1,930,1,1
2,930,3,3
3,930,1,2
4,930,3,3
5,930,1,2
6,930,1,1
7,930,1,2
8,930,1,1
9,930,1,1
10,930,1,1
11,930,1,1
12,930,1,3
13,930,1,1
14,930,1,3
0,931,2,3
1,931,1,1
2,931,1,1
3,931,1,1
4,931,1,1
5,931,1,1
6,931,1,1
7,931,1,1
8,931,1,1
9,931,1,1
10,931,1,1
11,931,1,1
12,931,1,1
13,931,1,1
14,931,1,1
0,932,3,0
1,932,1,1
2,932,1,1
3,932,1,2
4,932,1,1
5,932,1,1
6,932,1,1
7,932,1,1
8,932,1,1
9,932,1,1
10,932,1,1
11,932,1,1
12,932,2,1
13,932,3,2
14,932,1,1
0,933,3,0
1,933,1,1
2,933,3,3
3,933,1,2
4,933,1,3
5,933,1,2
6,933,1,1
7,933,1,2
8,933,1,1
9,933,1,1
10,933,1,1
11,933,1,1
12,933,1,3
13,933,1,1
14,933,1,3
0,934,3,0
1,934,1,1
2,934,3,3
3,934,1,2
4,934,1,3
5,934,1,2
6,934,1,1
7,934,1,2
8,934,1,1
9,934,1,1
10,934,1,1
11,934,1,1
12,934,1,3
13,934,1,1
14,934,1,3
0,935,3,0
1,935,1,1
2,935,3,3
3,935,1,2
4,935,1,3
5,935,1,2
6,935,1,1
7,935,1,2
8,935,1,1
9,935,1,1
10,935,1,1
11,935,1,1
12,935,1,3
13,935,1,1
14,935,1,3
0,936,3,0
1,936,1,1
2,936,1,1
3,936,1,2
4,936,1,1
5,936,1,1
6,936,1,1
7,936,1,1
8,936,1,1
9,936,1,1
10,936,1,1
11,936,1,1
12,936,2,1
13,936,3,2
14,936,1,1
0,937,3,0
1,937,1,1
2,937,3,3
3,937,1,2
4,937,1,3
5,937,1,2
6,937,1,1
7,937,1,2
8,937,1,1
9,937,1,1
10,937,1,1
11,937,1,1
12,937,1,3
13,937,1,1
14,937,1,3
0,938,3,0
1,938,1,1
2,938,3,3
3,938,1,2
4,938,3,3
5,938,1,2
6,938,1,1
7,938,1,2
8,938,1,1
9,938,1,1
10,938,1,1
11,938,1,1
12,938,1,3
13,938,1,1
14,938,1,3
0,939,2,3
1,939,1,1
2,939,1,1
3,939,1,1
4,939,1,1
5,939,1,1
6,939,1,1
7,939,1,1
8,939,1,1
9,939,1,1
10,939,1,1
11,939,1,1
12,939,1,1
13,939,1,1
14,939,1,1
0,940,3,0
1,940,1,1
2,940,3,3
3,940,1,2
4,940,1,3
5,940,1,2
6,940,1,1
7,940,1,2
8,940,1,1
9,940,1,1
10,940,1,1
11,940,1,1
12,940,1,3
13,940,1,1
14,940,1,3
0,941,3,0
1,941,1,1
2,941,3,3
3,941,1,2
4,941,3,3
5,941,1,2
6,941,1,1
7,941,1,2
8,941,1,1
9,941,1,1
10,941,1,1
11,941,1,1
12,941,1,3
13,941,1,1
14,941,1,3
0,942,3,0
1,942,1,1
2,942,3,3
3,942,1,2
4,942,3,3
5,942,1,2
6,942,1,1
7,942,1,2
8,942,1,1
9,942,1,1
10,942,1,1
11,942,1,1
12,942,1,3
13,942,1,1
14,942,1,3
0,943,3,0
1,943,1,1
2,943,3,3
3,943,1,2
4,943,1,3
5,943,1,2
6,943,1,1
7,943,1,2
8,943,1,1
9,943,1,1
10,943,1,1
11,943,1,1
12,943,1,3
13,943,1,1
14,943,1,3
0,944,3,0
1,944,1,1
2,944,3,3
3,944,1,2
4,944,1,3
5,944,1,2
6,944,1,1
7,944,1,2
8,944,1,1
9,944,1,1
10,944,1,1
11,944,1,1
12,944,1,3
13,944,1,1
14,944,1,3
0,945,3,0
1,945,1,1
2,945,3,3
3,945,1,2
4,945,1,1
5,945,1,2
6,945,3,3
7,945,1,2
8,945,1,1
9,945,1,1
10,945,1,1
11,945,1,1
12,945,1,3
13,945,1,1
14,945,1,3
0,946,3,0
1,946,1,1
2,946,3,3
3,946,1,2
4,946,1,1
5,946,1,2
6,946,3,3
7,946,1,2
8,946,1,1
9,946,1,1
10,946,1,1
11,946,1,1
12,946,1,3
13,946,1,1
14,946,1,3
0,947,2,3
1,947,1,1
2,947,1,1
3,947,1,1
4,947,1,1
5,947,1,1
6,947,1,1
7,947,1,1
8,947,1,1
9,947,1,1
10,947,1,1
11,947,1,1
12,947,1,1
13,947,1,1
14,947,1,1
0,948,3,0
1,948,1,1
2,948,3,3
3,948,1,2
4,948,1,3
5,948,1,2
6,948,1,1
7,948,1,2
8,948,1,1
9,948,1,1
10,948,1,1
11,948,1,1
12,948,1,3
13,948,1,1
14,948,1,3
0,949,1,1
1,949,1,1
2,949,1,1
3,949,1,1
4,949,1,1
5,949,1,1
6,949,1,1
7,949,1,1
8,949,1,1
9,949,1,1
10,949,1,1
11,949,1,1
12,949,1,1
13,949,1,1
14,949,1,1
0,950,3,0
1,950,1,1
2,950,3,3
3,950,1,2
4,950,3,3
5,950,1,2
6,950,1,1
7,950,1,2
8,950,1,1
9,950,1,1
10,950,1,1
11,950,1,1
12,950,1,3
13,950,1,1
14,950,1,3
0,951,3,0
1,951,1,1
2,951,1,1
3,951,1,2
4,951,1,1
5,951,1,1
6,951,1,1
7,951,1,1
8,951,1,1
9,951,1,1
10,951,1,1
11,951,1,1
12,951,2,1
13,951,3,2
14,951,1,1
0,952,1,1
1,952,1,1
2,952,1,1
3,952,1,1
4,952,1,1
5,952,1,1
6,952,1,1
7,952,1,1
8,952,1,1
9,952,1,1
10,952,1,1
11,952,1,1
12,952,1,1
13,952,1,1
14,952,1,1
0,953,3,0
1,953,1,1
2,953,1,1
3,953,1,2
4,953,1,1
5,953,1,1
6,953,1,1
7,953,1,1
8,953,1,1
9,953,1,1
10,953,1,1
11,953,1,1
12,953,2,1
13,953,3,2
14,953,1,1
0,954,3,0
1,954,1,1
2,954,3,3
3,954,1,2
4,954,1,1
5,954,1,2
6,954,3,3
7,954,1,2
8,954,1,1
9,954,1,1
10,954,1,1
11,954,1,1
12,954,1,3
13,954,1,1
14,954,1,3
0,955,3,0
1,955,1,1
2,955,3,3
3,955,1,2
4,955,1,3
5,955,1,2
6,955,1,1
7,955,1,2
8,955,1,1
9,955,1,1
10,955,1,1
11,955,1,1
12,955,1,3
13,955,1,1
14,955,1,3
0,956,3,0
1,956,1,1
2,956,3,3
3,956,1,2
4,956,3,3
5,956,1,2
6,956,1,1
7,956,1,2
8,956,1,1
9,956,1,1
10,956,1,1
11,956,1,1
12,956,1,3
13,956,1,1
14,956,1,3
0,957,3,0
1,957,1,1
2,957,3,3
3,957,1,2
4,957,1,3
5,957,1,2
6,957,1,1
7,957,1,2
8,957,1,1
9,957,1,1
10,957,1,1
11,957,1,1
12,957,1,3
13,957,1,1
14,957,1,3
0,958,3,0
1,958,1,1
2,958,1,1
3,958,1,2
4,958,1,1
5,958,1,1
6,958,1,1
7,958,3,0
8,958,1,1
9,958,1,1
10,958,1,1
11,958,1,1
12,958,3,3
13,958,3,2
14,958,1,1
0,959,3,0
1,959,1,1
2,959,3,3
3,959,1,2
4,959,1,3
5,959,1,2
6,959,1,1
7,959,1,2
8,959,1,1
9,959,1,1
10,959,1,1
11,959,1,1
12,959,1,3
13,959,1,1
14,959,1,3
0,960,3,0
1,960,1,1
2,960,2,1
3,960,1,2
4,960,1,1
5,960,1,1
6,960,1,1
7,960,1,2
8,960,2,3
9,960,1,1
10,960,1,1
11,960,1,1
12,960,1,3
13,960,1,1
14,960,1,3
0,961,2,3
1,961,1,1
2,961,1,1
3,961,1,1
4,961,1,1
5,961,1,1
6,961,1,1
7,961,1,1
8,961,1,1
9,961,1,1
10,961,1,1
11,961,1,1
12,961,1,1
13,961,1,1
14,961,1,1
0,962,3,0
1,962,1,1
2,962,3,3
3,962,1,2
4,962,1,1
5,962,1,2
6,962,3,3
7,962,1,2
8,962,1,1
9,962,1,1
10,962,1,1
11,962,1,1
12,962,1,3
13,962,1,1
14,962,1,3
0,963,2,3
1,963,1,1
2,963,1,1
3,963,1,1
4,963,1,1
5,963,1,1
6,963,1,1
7,963,1,1
8,963,1,1
9,963,1,1
10,963,1,1
11,963,1,1
12,963,1,1
13,963,1,1
14,963,1,1
0,964,3,0
1,964,1,1
2,964,1,1
3,964,1,2
4,964,1,1
5,964,1,1
6,964,1,1
7,964,1,1
8,964,1,1
9,964,1,1
10,964,1,1
11,964,1,1
12,964,2,1
13,964,3,2
14,964,1,1
0,965,3,0
1,965,1,1
2,965,3,3
3,965,1,2
4,965,1,1
5,965,1,2
6,965,3,3
7,965,1,2
8,965,1,1
9,965,1,1
10,965,1,1
11,965,1,1
12,965,1,3
13,965,1,1
14,965,1,3
0,966,3,0
1,966,1,1
2,966,1,1
3,966,1,2
4,966,1,1
5,966,1,1
6,966,1,1
7,966,3,0
8,966,1,1
9,966,1,1
10,966,1,1
11,966,1,1
12,966,3,3
13,966,3,2
14,966,1,1
0,967,3,0
1,967,1,1
2,967,1,1
3,967,1,2
4,967,1,1
5,967,1,1
6,967,1,1
7,967,3,0
8,967,1,1
9,967,1,1
10,967,1,1
11,967,1,1
12,967,3,3
13,967,3,2
14,967,1,1
0,968,3,0
1,968,1,1
2,968,3,3
3,968,1,2
4,968,3,3
5,968,1,2
6,968,1,1
7,968,1,2
8,968,1,1
9,968,1,1
10,968,1,1
11,968,1,1
12,968,1,3
13,968,1,1
14,968,1,3
0,969,3,0
1,969,1,1
2,969,3,3
3,969,1,2
4,969,3,3
5,969,1,2
6,969,1,1
7,969,1,2
8,969,1,1
9,969,1,1
10,969,1,1
11,969,1,1
12,969,1,3
13,969,1,1
14,969,1,3
0,970,3,0
1,970,1,1
2,970,3,3
3,970,1,2
4,970,3,3
5,970,1,2
6,970,1,1
7,970,1,2
8,970,1,1
9,970,1,1
10,970,1,1
11,970,1,1
12,970,1,3
13,970,1,1
14,970,1,3
0,971,3,0
1,971,1,1
2,971,3,3
3,971,1,2
4,971,1,1
5,971,1,2
6,971,3,3
7,971,1,2
8,971,1,1
9,971,1,1
10,971,1,1
11,971,1,1
12,971,1,3
13,971,1,1
14,971,1,3
0,972,3,0
1,972,1,1
2,972,3,3
3,972,1,2
4,972,1,1
5,972,1,2
6,972,3,3
7,972,1,2
8,972,1,1
9,972,1,1
10,972,1,1
11,972,1,1
12,972,1,3
13,972,1,1
14,972,1,3
0,973,3,0
1,973,1,1
2,973,3,3
3,973,1,2
4,973,3,3
5,973,1,2
6,973,1,1
7,973,1,2
8,973,1,1
9,973,1,1
10,973,1,1
11,973,1,1
12,973,1,3
13,973,1,1
14,973,1,3
0,974,3,0
1,974,1,1
2,974,1,1
3,974,1,2
4,974,1,1
5,974,1,1
6,974,1,1
7,974,1,1
8,974,1,1
9,974,1,1
10,974,1,1
11,974,1,1
12,974,2,1
13,974,3,2
14,974,1,1
0,975,3,0
1,975,1,1
2,975,1,1
3,975,1,2
4,975,1,1
5,975,1,1
6,975,1,1
7,975,1,1
8,975,1,1
9,975,1,1
10,975,1,1
11,975,1,1
12,975,2,1
13,975,3,2
14,975,1,1
0,976,1,1
1,976,1,1
2,976,1,1
3,976,1,1
4,976,1,1
5,976,1,1
6,976,1,1
7,976,1,1
8,976,1,1
9,976,1,1
10,976,1,1
11,976,1,1
12,976,1,1
13,976,1,1
14,976,1,1
0,977,3,0
1,977,1,1
2,977,3,3
3,977,1,2
4,977,3,3
5,977,1,2
6,977,1,1
7,977,1,2
8,977,1,1
9,977,1,1
10,977,1,1
11,977,1,1
12,977,1,3
13,977,1,1
14,977,1,3
0,978,2,3
1,978,1,1
2,978,1,1
3,978,1,1
4,978,1,1
5,978,1,1
6,978,1,1
7,978,1,1
8,978,1,1
9,978,1,1
10,978,1,1
11,978,1,1
12,978,1,1
13,978,1,1
14,978,1,1
0,979,2,3
1,979,1,1
2,979,1,1
3,979,1,1
4,979,1,1
5,979,1,1
6,979,1,1
7,979,1,1
8,979,1,1
9,979,1,1
10,979,1,1
11,979,1,1
12,979,1,1
13,979,1,1
14,979,1,1
0,980,3,0
1,980,1,1
2,980,3,3
3,980,1,2
4,980,1,3
5,980,1,2
6,980,1,1
7,980,1,2
8,980,1,1
9,980,1,1
10,980,1,1
11,980,1,1
12,980,1,3
13,980,1,1
14,980,1,3
0,981,2,3
1,981,1,1
2,981,1,1
3,981,1,1
4,981,1,1
5,981,1,1
6,981,1,1
7,981,1,1
8,981,1,1
9,981,1,1
10,981,1,1
11,981,1,1
12,981,1,1
13,981,1,1
14,981,1,1
0,982,3,0
1,982,1,1
2,982,3,3
3,982,1,2
4,982,1,3
5,982,1,2
6,982,1,1
7,982,1,2
8,982,1,1
9,982,1,1
10,982,1,1
11,982,1,1
12,982,1,3
13,982,1,1
14,982,1,3
0,983,3,0
1,983,1,1
2,983,3,3
3,983,1,2
4,983,3,3
5,983,1,2
6,983,1,1
7,983,1,2
8,983,1,1
9,983,1,1
10,983,1,1
11,983,1,1
12,983,1,3
13,983,1,1
14,983,1,3
0,984,3,0
1,984,1,1
2,984,3,3
3,984,1,2
4,984,3,3
5,984,1,2
6,984,1,1
7,984,1,2
8,984,1,1
9,984,1,1
10,984,1,1
11,984,1,1
12,984,1,3
13,984,1,1
14,984,1,3
0,985,2,3
1,985,1,1
2,985,1,1
3,985,1,1
4,985,1,1
5,985,1,1
6,985,1,1
7,985,1,1
8,985,1,1
9,985,1,1
10,985,1,1
11,985,1,1
12,985,1,1
13,985,1,1
14,985,1,1
0,986,3,0
1,986,1,1
2,986,1,1
3,986,1,2
4,986,1,1
5,986,1,1
6,986,1,1
7,986,1,1
8,986,1,1
9,986,1,1
10,986,1,1
11,986,1,1
12,986,2,1
13,986,3,2
14,986,1,1
0,987,3,0
1,987,1,1
2,987,1,1
3,987,1,2
4,987,1,1
5,987,1,1
6,987,1,1
7,987,1,1
8,987,1,1
9,987,1,1
10,987,1,1
11,987,1,1
12,987,2,1
13,987,3,2
14,987,1,1
0,988,3,0
1,988,1,1
2,988,3,3
3,988,1,2
4,988,3,3
5,988,1,2
6,988,1,1
7,988,1,2
8,988,1,1
9,988,1,1
10,988,1,1
11,988,1,1
12,988,1,3
13,988,1,1
14,988,1,3
0,989,3,0
1,989,1,1
2,989,3,3
3,989,1,2
4,989,3,3
5,989,1,2
6,989,1,1
7,989,1,2
8,989,1,1
9,989,1,1
10,989,1,1
11,989,1,1
12,989,1,3
13,989,1,1
14,989,1,3
0,990,3,0
1,990,1,1
2,990,1,1
3,990,1,2
4,990,1,1
5,990,1,1
6,990,1,1
7,990,1,1
8,990,1,1
9,990,1,1
10,990,1,1
11,990,1,1
12,990,2,1
13,990,3,2
14,990,1,1
0,991,3,0
1,991,1,1
2,991,1,1
3,991,1,2
4,991,1,1
5,991,1,1
6,991,1,1
7,991,3,0
8,991,1,1
9,991,1,1
10,991,1,1
11,991,1,1
12,991,3,3
13,991,3,2
14,991,1,1
0,992,2,3
1,992,1,1
2,992,1,1
3,992,1,1
4,992,1,1
5,992,1,1
6,992,1,1
7,992,1,1
8,992,1,1
9,992,1,1
10,992,1,1
11,992,1,1
12,992,1,1
13,992,1,1
14,992,1,1
0,993,3,0
1,993,1,1
2,993,1,1
3,993,1,2
4,993,1,1
5,993,1,1
6,993,1,1
7,993,1,1
8,993,1,1
9,993,1,1
10,993,1,1
11,993,1,1
12,993,2,1
13,993,3,2
14,993,1,1
0,994,3,0
1,994,1,1
2,994,1,1
3,994,1,2
4,994,1,1
5,994,1,1
6,994,1,1
7,994,1,1
8,994,1,1
9,994,1,1
10,994,1,1
11,994,1,1
12,994,2,1
13,994,3,2
14,994,1,1
0,995,3,0
1,995,1,1
2,995,1,1
3,995,1,2
4,995,1,1
5,995,1,1
6,995,1,1
7,995,1,1
8,995,1,1
9,995,1,1
10,995,1,1
11,995,1,1
12,995,2,1
13,995,3,2
14,995,1,1
0,996,1,1
1,996,1,1
2,996,1,1
3,996,1,1
4,996,1,1
5,996,1,1
6,996,1,1
7,996,1,1
8,996,1,1
9,996,1,1
10,996,1,1
11,996,1,1
12,996,1,1
13,996,1,1
14,996,1,1
0,997,3,0
1,997,1,1
2,997,1,1
3,997,1,2
4,997,1,1
5,997,1,1
6,997,1,1
7,997,1,1
8,997,1,1
9,997,1,1
10,997,1,1
11,997,1,1
12,997,2,1
13,997,3,2
14,997,1,1
0,998,1,1
1,998,1,1
2,998,1,1
3,998,1,1
4,998,1,1
5,998,1,1
6,998,1,1
7,998,1,1
8,998,1,1
9,998,1,1
10,998,1,1
11,998,1,1
12,998,1,1
13,998,1,1
14,998,1,1
0,999,3,0
1,999,1,1
2,999,1,1
3,999,1,2
4,999,1,1
5,999,1,1
6,999,1,1
7,999,3,0
8,999,1,1
9,999,1,1
10,999,1,1
11,999,1,1
12,999,3,3
13,999,3,2
14,999,1,1
0,1000,3,0
1,1000,1,3
2,1000,1,1
3,1000,3,2
4,1000,1,1
5,1000,3,2
6,1000,1,1
7,1000,2,0
8,1000,1,1
9,1000,3,1
10,1000,1,1
11,1000,3,1
12,1000,1,1
13,1000,1,2
14,1000,1,1
0,1001,1,1
1,1001,1,1
2,1001,1,1
3,1001,1,1
4,1001,1,1
5,1001,1,1
6,1001,1,1
7,1001,1,1
8,1001,1,1
9,1001,1,1
10,1001,1,1
11,1001,1,1
12,1001,1,1
13,1001,1,1
14,1001,1,1
0,1002,3,0
1,1002,1,1
2,1002,3,3
3,1002,1,2
4,1002,3,3
5,1002,1,2
6,1002,1,1
7,1002,1,2
8,1002,1,1
9,1002,1,1
10,1002,1,1
11,1002,1,1
12,1002,1,3
13,1002,1,1
14,1002,1,3
0,1003,1,1
1,1003,1,1
2,1003,1,1
3,1003,1,1
4,1003,1,1
5,1003,1,1
6,1003,1,1
7,1003,1,1
8,1003,1,1
9,1003,1,1
10,1003,1,1
11,1003,1,1
12,1003,1,1
13,1003,1,1
14,1003,1,1
0,1004,3,0
1,1004,1,1
2,1004,3,3
3,1004,1,2
4,1004,1,1
5,1004,1,1
6,1004,1,1
7,1004,1,2
8,1004,1,2
9,1004,1,1
10,1004,1,1
11,1004,1,1
12,1004,1,3
13,1004,1,1
14,1004,1,3
0,1005,3,0
1,1005,1,1
2,1005,3,3
3,1005,1,2
4,1005,1,1
5,1005,1,1
6,1005,1,1
7,1005,1,2
8,1005,1,2
9,1005,1,1
10,1005,1,1
11,1005,1,1
12,1005,1,3
13,1005,1,1
14,1005,1,3
0,1006,3,0
1,1006,0,2
2,1006,1,1
3,1006,1,2
4,1006,1,1
5,1006,3,2
6,1006,1,1
7,1006,2,0
8,1006,1,1
9,1006,3,1
10,1006,1,1
11,1006,3,1
12,1006,1,1
13,1006,1,2
14,1006,1,1
0,1007,3,0
1,1007,1,3
2,1007,1,1
3,1007,3,2
4,1007,1,1
5,1007,3,2
6,1007,1,1
7,1007,2,0
8,1007,1,1
9,1007,3,1
10,1007,1,1
11,1007,3,1
12,1007,1,1
13,1007,1,2
14,1007,1,1
0,1008,3,0
1,1008,1,1
2,1008,3,3
3,1008,1,2
4,1008,1,1
5,1008,1,1
6,1008,1,1
7,1008,1,2
8,1008,1,2
9,1008,1,1
10,1008,1,1
11,1008,1,1
12,1008,1,3
13,1008,1,1
14,1008,1,3
0,1009,1,1
1,1009,1,1
2,1009,1,1
3,1009,1,1
4,1009,1,1
5,1009,1,1
6,1009,1,1
7,1009,1,1
8,1009,1,1
9,1009,1,1
10,1009,1,1
11,1009,1,1
12,1009,1,1
13,1009,1,1
14,1009,1,1
0,1010,3,0
1,1010,1,1
2,1010,2,1
3,1010,1,2
4,1010,1,1
5,1010,1,1
6,1010,1,1
7,1010,1,2
8,1010,2,3
9,1010,1,1
10,1010,1,1
11,1010,1,1
12,1010,1,3
13,1010,1,1
14,1010,1,3
0,1011,1,1
1,1011,1,1
2,1011,1,1
3,1011,1,1
4,1011,1,1
5,1011,1,1
6,1011,1,1
7,1011,1,1
8,1011,1,1
9,1011,1,1
10,1011,1,1
11,1011,1,1
12,1011,1,1
13,1011,1,1
14,1011,1,1
0,1012,3,0
1,1012,1,3
2,1012,1,1
3,1012,3,2
4,1012,1,1
5,1012,3,2
6,1012,1,1
7,1012,2,0
8,1012,1,1
9,1012,3,1
10,1012,1,1
11,1012,3,1
12,1012,1,1
13,1012,1,2
14,1012,1,1
0,1013,3,0
1,1013,1,1
2,1013,3,3
3,1013,1,2
4,1013,1,1
5,1013,1,1
6,1013,1,1
7,1013,1,2
8,1013,1,2
9,1013,1,1
10,1013,1,1
11,1013,1,1
12,1013,1,3
13,1013,1,1
14,1013,1,3
0,1014,3,0
1,1014,1,1
2,1014,2,1
3,1014,1,2
4,1014,1,1
5,1014,1,1
6,1014,1,1
7,1014,1,2
8,1014,2,3
9,1014,1,1
10,1014,1,1
11,1014,1,1
12,1014,1,3
13,1014,1,1
14,1014,1,3
0,1015,3,0
1,1015,1,1
2,1015,3,3
3,1015,1,2
4,1015,1,1
5,1015,1,1
6,1015,1,1
7,1015,1,2
8,1015,1,2
9,1015,1,1
10,1015,1,1
11,1015,1,1
12,1015,1,3
13,1015,1,1
14,1015,1,3
0,1016,1,1
1,1016,1,1
2,1016,1,1
3,1016,1,1
4,1016,1,1
5,1016,1,1
6,1016,1,1
7,1016,1,1
8,1016,1,1
9,1016,1,1
10,1016,1,1
11,1016,1,1
12,1016,1,1
13,1016,1,1
14,1016,1,1
0,1017,3,0
1,1017,1,1
2,1017,3,3
3,1017,1,2
4,1017,1,1
5,1017,1,1
6,1017,1,1
7,1017,1,2
8,1017,1,2
9,1017,1,1
10,1017,1,1
11,1017,1,1
12,1017,1,3
13,1017,1,1
14,1017,1,3
0,1018,3,0
1,1018,1,1
2,1018,3,3
3,1018,1,2
4,1018,1,1
5,1018,1,1
6,1018,1,1
7,1018,1,2
8,1018,1,2
9,1018,1,1
10,1018,1,1
11,1018,1,1
12,1018,1,3
13,1018,1,1
14,1018,1,3
0,1019,3,0
1,1019,1,1
2,1019,1,1
3,1019,1,2
4,1019,1,1
5,1019,1,1
6,1019,1,1
7,1019,1,1
8,1019,1,1
9,1019,1,1
10,1019,1,1
11,1019,1,1
12,1019,2,1
13,1019,3,2
14,1019,1,1
0,1020,3,0
1,1020,1,3
2,1020,1,1
3,1020,3,2
4,1020,1,1
5,1020,3,2
6,1020,1,1
7,1020,2,0
8,1020,1,1
9,1020,3,1
10,1020,1,1
11,1020,3,1
12,1020,1,1
13,1020,1,2
14,1020,1,1
0,1021,3,0
1,1021,1,1
2,1021,3,3
3,1021,1,2
4,1021,3,3
5,1021,1,2
6,1021,1,1
7,1021,1,2
8,1021,1,1
9,1021,1,1
10,1021,1,1
11,1021,1,1
12,1021,1,3
13,1021,1,1
14,1021,1,3
0,1022,3,0
1,1022,1,1
2,1022,2,1
3,1022,1,2
4,1022,1,1
5,1022,1,1
6,1022,1,1
7,1022,1,2
8,1022,2,3
9,1022,1,1
10,1022,1,1
11,1022,1,1
12,1022,1,3
13,1022,1,1
14,1022,1,3
0,1023,3,0
1,1023,1,1
2,1023,1,1
3,1023,1,2
4,1023,1,1
5,1023,1,1
6,1023,1,1
7,1023,1,1
8,1023,1,1
9,1023,1,1
10,1023,1,1
11,1023,1,1
12,1023,2,1
13,1023,3,2
14,1023,1,1
0,1024,3,0
1,1024,1,1
2,1024,1,1
3,1024,1,2
4,1024,1,1
5,1024,1,1
6,1024,1,1
7,1024,1,1
8,1024,1,1
9,1024,1,1
10,1024,1,1
11,1024,1,1
12,1024,2,1
13,1024,3,2
14,1024,1,1
0,1025,3,0
1,1025,1,1
2,1025,2,0
3,1025,1,2
4,1025,1,1
5,1025,1,1
6,1025,1,1
7,1025,1,2
8,1025,1,1
9,1025,1,1
10,1025,1,1
11,1025,1,1
12,1025,1,3
13,1025,1,1
14,1025,1,3
0,1026,3,0
1,1026,0,2
2,1026,1,1
3,1026,1,2
4,1026,1,1
5,1026,3,2
6,1026,1,1
7,1026,2,0
8,1026,1,1
9,1026,3,1
10,1026,1,1
11,1026,3,1
12,1026,1,1
13,1026,1,2
14,1026,1,1
0,1027,3,0
1,1027,1,1
2,1027,3,3
3,1027,1,2
4,1027,1,1
5,1027,1,1
6,1027,1,1
7,1027,1,2
8,1027,1,2
9,1027,1,1
10,1027,1,1
11,1027,1,1
12,1027,1,3
13,1027,1,1
14,1027,1,3
0,1028,3,0
1,1028,1,1
2,1028,2,1
3,1028,1,2
4,1028,1,1
5,1028,1,1
6,1028,1,1
7,1028,1,2
8,1028,2,3
9,1028,1,1
10,1028,1,1
11,1028,1,1
12,1028,1,3
13,1028,1,1
14,1028,1,3
0,1029,3,0
1,1029,0,2
2,1029,1,1
3,1029,1,2
4,1029,1,1
5,1029,3,2
6,1029,1,1
7,1029,2,0
8,1029,1,1
9,1029,3,1
10,1029,1,1
11,1029,3,1
12,1029,1,1
13,1029,1,2
14,1029,1,1
0,1030,3,0
1,1030,1,1
2,1030,3,3
3,1030,1,2
4,1030,1,1
5,1030,1,1
6,1030,1,1
7,1030,1,2
8,1030,1,2
9,1030,1,1
10,1030,1,1
11,1030,1,1
12,1030,1,3
13,1030,1,1
14,1030,1,3
0,1031,3,0
1,1031,1,1
2,1031,3,3
3,1031,1,2
4,1031,1,1
5,1031,1,1
6,1031,1,1
7,1031,1,2
8,1031,1,2
9,1031,1,1
10,1031,1,1
11,1031,1,1
12,1031,1,3
13,1031,1,1
14,1031,1,3
0,1032,3,0
1,1032,1,1
2,1032,3,3
3,1032,1,2
4,1032,1,1
5,1032,1,1
6,1032,1,1
7,1032,1,2
8,1032,1,2
9,1032,1,1
10,1032,1,1
11,1032,1,1
12,1032,1,3
13,1032,1,1
14,1032,1,3
0,1033,3,0
1,1033,1,1
2,1033,2,1
3,1033,1,2
4,1033,1,1
5,1033,1,1
6,1033,1,1
7,1033,1,2
8,1033,2,3
9,1033,1,1
10,1033,1,1
11,1033,1,1
12,1033,1,3
13,1033,1,1
14,1033,1,3
0,1034,3,0
1,1034,1,1
2,1034,3,3
3,1034,1,2
4,1034,1,1
5,1034,1,1
6,1034,1,1
7,1034,1,2
8,1034,1,2
9,1034,1,1
10,1034,1,1
11,1034,1,1
12,1034,1,3
13,1034,1,1
14,1034,1,3
0,1035,3,0
1,1035,1,1
2,1035,1,1
3,1035,1,2
4,1035,1,1
5,1035,1,1
6,1035,1,1
7,1035,1,1
8,1035,1,1
9,1035,1,1
10,1035,1,1
11,1035,1,1
12,1035,2,1
13,1035,3,2
14,1035,1,1
0,1036,3,0
1,1036,1,1
2,1036,3,3
3,1036,1,2
4,1036,3,3
5,1036,1,2
6,1036,1,1
7,1036,1,2
8,1036,1,1
9,1036,1,1
10,1036,1,1
11,1036,1,1
12,1036,1,3
13,1036,1,1
14,1036,1,3
0,1037,3,0
1,1037,1,3
2,1037,1,1
3,1037,3,2
4,1037,1,1
5,1037,3,2
6,1037,1,1
7,1037,2,0
8,1037,1,1
9,1037,3,1
10,1037,1,1
11,1037,3,1
12,1037,1,1
13,1037,1,2
14,1037,1,1
0,1038,3,0
1,1038,1,1
2,1038,2,0
3,1038,1,2
4,1038,1,1
5,1038,1,1
6,1038,1,1
7,1038,1,2
8,1038,1,1
9,1038,1,1
10,1038,1,1
11,1038,1,1
12,1038,1,3
13,1038,1,1
14,1038,1,3
0,1039,3,0
1,1039,1,1
2,1039,3,3
3,1039,1,2
4,1039,1,1
5,1039,1,1
6,1039,1,1
7,1039,1,2
8,1039,1,2
9,1039,1,1
10,1039,1,1
11,1039,1,1
12,1039,1,3
13,1039,1,1
14,1039,1,3
0,1040,3,0
1,1040,1,1
2,1040,3,3
3,1040,1,2
4,1040,1,1
5,1040,1,1
6,1040,1,1
7,1040,1,2
8,1040,1,2
9,1040,1,1
10,1040,1,1
11,1040,1,1
12,1040,1,3
13,1040,1,1
14,1040,1,3
0,1041,1,1
1,1041,1,1
2,1041,1,1
3,1041,1,1
4,1041,1,1
5,1041,1,1
6,1041,1,1
7,1041,1,1
8,1041,1,1
9,1041,1,1
10,1041,1,1
11,1041,1,1
12,1041,1,1
13,1041,1,1
14,1041,1,1
0,1042,3,0
1,1042,1,1
2,1042,3,3
3,1042,1,2
4,1042,3,3
5,1042,1,2
6,1042,1,1
7,1042,1,2
8,1042,1,1
9,1042,1,1
10,1042,1,1
11,1042,1,1
12,1042,1,3
13,1042,1,1
14,1042,1,3
0,1043,3,0
1,1043,1,1
2,1043,1,1
3,1043,1,2
4,1043,1,1
5,1043,1,1
6,1043,1,1
7,1043,1,1
8,1043,1,1
9,1043,1,1
10,1043,1,1
11,1043,1,1
12,1043,2,1
13,1043,3,2
14,1043,1,1
0,1044,1,1
1,1044,1,1
2,1044,1,1
3,1044,1,1
4,1044,1,1
5,1044,1,1
6,1044,1,1
7,1044,1,1
8,1044,1,1
9,1044,1,1
10,1044,1,1
11,1044,1,1
12,1044,1,1
13,1044,1,1
14,1044,1,1
0,1045,3,0
1,1045,1,3
2,1045,1,1
3,1045,3,2
4,1045,1,1
5,1045,3,2
6,1045,1,1
7,1045,2,0
8,1045,1,1
9,1045,3,1
10,1045,1,1
11,1045,3,1
12,1045,1,1
13,1045,1,2
14,1045,1,1
0,1046,3,0
1,1046,1,3
2,1046,1,1
3,1046,3,2
4,1046,1,1
5,1046,3,2
6,1046,1,1
7,1046,2,0
8,1046,1,1
9,1046,3,1
10,1046,1,1
11,1046,3,1
12,1046,1,1
13,1046,1,2
14,1046,1,1
0,1047,3,0
1,1047,1,1
2,1047,3,3
3,1047,1,2
4,1047,1,1
5,1047,1,1
6,1047,1,1
7,1047,1,2
8,1047,1,2
9,1047,1,1
10,1047,1,1
11,1047,1,1
12,1047,1,3
13,1047,1,1
14,1047,1,3
0,1048,3,0
1,1048,1,1
2,1048,3,3
3,1048,1,2
4,1048,1,1
5,1048,1,1
6,1048,1,1
7,1048,1,2
8,1048,1,2
9,1048,1,1
10,1048,1,1
11,1048,1,1
12,1048,1,3
13,1048,1,1
14,1048,1,3
0,1049,3,0
1,1049,1,3
2,1049,1,1
3,1049,3,2
4,1049,1,1
5,1049,3,2
6,1049,1,1
7,1049,2,0
8,1049,1,1
9,1049,3,1
10,1049,1,1
11,1049,3,1
12,1049,1,1
13,1049,1,2
14,1049,1,1
0,1050,3,0
1,1050,1,1
2,1050,3,3
3,1050,1,2
4,1050,3,3
5,1050,1,2
6,1050,1,1
7,1050,1,2
8,1050,1,1
9,1050,1,1
10,1050,1,1
11,1050,1,1
12,1050,1,3
13,1050,1,1
14,1050,1,3
0,1051,3,0
1,1051,1,1
2,1051,1,1
3,1051,1,2
4,1051,1,1
5,1051,1,1
6,1051,1,1
7,1051,3,0
8,1051,1,1
9,1051,1,1
10,1051,1,1
11,1051,1,1
12,1051,3,3
13,1051,3,2
14,1051,1,1
0,1052,3,0
1,1052,1,1
2,1052,3,3
3,1052,1,2
4,1052,3,3
5,1052,1,2
6,1052,1,1
7,1052,1,2
8,1052,1,1
9,1052,1,1
10,1052,1,1
11,1052,1,1
12,1052,1,3
13,1052,1,1
14,1052,1,3
0,1053,1,1
1,1053,1,1
2,1053,1,1
3,1053,1,1
4,1053,1,1
5,1053,1,1
6,1053,1,1
7,1053,1,1
8,1053,1,1
9,1053,1,1
10,1053,1,1
11,1053,1,1
12,1053,1,1
13,1053,1,1
14,1053,1,1
0,1054,3,0
1,1054,1,3
2,1054,1,1
3,1054,3,2
4,1054,1,1
5,1054,3,2
6,1054,1,1
7,1054,2,0
8,1054,1,1
9,1054,3,1
10,1054,1,1
11,1054,3,1
12,1054,1,1
13,1054,1,2
14,1054,1,1
0,1055,3,0
1,1055,1,1
2,1055,3,3
3,1055,1,2
4,1055,1,1
5,1055,1,1
6,1055,1,1
7,1055,1,2
8,1055,1,2
9,1055,1,1
10,1055,1,1
11,1055,1,1
12,1055,1,3
13,1055,1,1
14,1055,1,3
0,1056,3,0
1,1056,1,1
2,1056,2,1
3,1056,1,2
4,1056,1,1
5,1056,1,1
6,1056,1,1
7,1056,1,2
8,1056,2,3
9,1056,1,1
10,1056,1,1
11,1056,1,1
12,1056,1,3
13,1056,1,1
14,1056,1,3
0,1057,1,1
1,1057,1,1
2,1057,1,1
3,1057,1,1
4,1057,1,1
5,1057,1,1
6,1057,1,1
7,1057,1,1
8,1057,1,1
9,1057,1,1
10,1057,1,1
11,1057,1,1
12,1057,1,1
13,1057,1,1
14,1057,1,1
0,1058,3,0
1,1058,0,2
2,1058,1,1
3,1058,1,2
4,1058,1,1
5,1058,3,2
6,1058,1,1
7,1058,2,0
8,1058,1,1
9,1058,3,1
10,1058,1,1
11,1058,3,1
12,1058,1,1
13,1058,1,2
14,1058,1,1
0,1059,3,0
1,1059,1,1
2,1059,2,1
3,1059,1,2
4,1059,1,1
5,1059,1,1
6,1059,1,1
7,1059,1,2
8,1059,2,3
9,1059,1,1
10,1059,1,1
11,1059,1,1
12,1059,1,3
13,1059,1,1
14,1059,1,3
0,1060,3,0
1,1060,1,1
2,1060,3,3
3,1060,1,2
4,1060,3,3
5,1060,1,2
6,1060,1,1
7,1060,1,2
8,1060,1,1
9,1060,1,1
10,1060,1,1
11,1060,1,1
12,1060,1,3
13,1060,1,1
14,1060,1,3
0,1061,3,0
1,1061,1,1
2,1061,3,3
3,1061,1,2
4,1061,3,3
5,1061,1,2
6,1061,1,1
7,1061,1,2
8,1061,1,1
9,1061,1,1
10,1061,1,1
11,1061,1,1
12,1061,1,3
13,1061,1,1
14,1061,1,3
0,1062,3,0
1,1062,1,1
2,1062,3,3
3,1062,1,2
4,1062,1,1
5,1062,1,1
6,1062,1,1
7,1062,1,2
8,1062,1,2
9,1062,1,1
10,1062,1,1
11,1062,1,1
12,1062,1,3
13,1062,1,1
14,1062,1,3
0,1063,3,0
1,1063,1,1
2,1063,2,0
3,1063,1,2
4,1063,1,1
5,1063,1,1
6,1063,1,1
7,1063,1,2
8,1063,1,1
9,1063,1,1
10,1063,1,1
11,1063,1,1
12,1063,1,3
13,1063,1,1
14,1063,1,3
0,1064,3,0
1,1064,1,1
2,1064,2,1
3,1064,1,2
4,1064,1,1
5,1064,1,1
6,1064,1,1
7,1064,1,2
8,1064,2,3
9,1064,1,1
10,1064,1,1
11,1064,1,1
12,1064,1,3
13,1064,1,1
14,1064,1,3
0,1065,3,0
1,1065,1,3
2,1065,1,1
3,1065,3,2
4,1065,1,1
5,1065,3,2
6,1065,1,1
7,1065,2,0
8,1065,1,1
9,1065,3,1
10,1065,1,1
11,1065,3,1
12,1065,1,1
13,1065,1,2
14,1065,1,1
0,1066,3,0
1,1066,1,1
2,1066,3,3
3,1066,1,2
4,1066,1,1
5,1066,1,1
6,1066,1,1
7,1066,1,2
8,1066,1,2
9,1066,1,1
10,1066,1,1
11,1066,1,1
12,1066,1,3
13,1066,1,1
14,1066,1,3
0,1067,3,0
1,1067,1,1
2,1067,3,3
3,1067,1,2
4,1067,1,1
5,1067,1,1
6,1067,1,1
7,1067,1,2
8,1067,1,2
9,1067,1,1
10,1067,1,1
11,1067,1,1
12,1067,1,3
13,1067,1,1
14,1067,1,3
0,1068,3,0
1,1068,1,3
2,1068,1,1
3,1068,3,2
4,1068,1,1
5,1068,3,2
6,1068,1,1
7,1068,2,0
8,1068,1,1
9,1068,3,1
10,1068,1,1
11,1068,3,1
12,1068,1,1
13,1068,1,2
14,1068,1,1
0,1069,3,0
1,1069,1,1
2,1069,2,0
3,1069,1,2
4,1069,1,1
5,1069,1,1
6,1069,1,1
7,1069,1,2
8,1069,1,1
9,1069,1,1
10,1069,1,1
11,1069,1,1
12,1069,1,3
13,1069,1,1
14,1069,1,3
0,1070,1,1
1,1070,1,1
2,1070,1,1
3,1070,1,1
4,1070,1,1
5,1070,1,1
6,1070,1,1
7,1070,1,1
8,1070,1,1
9,1070,1,1
10,1070,1,1
11,1070,1,1
12,1070,1,1
13,1070,1,1
14,1070,1,1
0,1071,3,0
1,1071,1,1
2,1071,2,0
3,1071,1,2
4,1071,1,1
5,1071,1,1
6,1071,1,1
7,1071,1,2
8,1071,1,1
9,1071,1,1
10,1071,1,1
11,1071,1,1
12,1071,1,3
13,1071,1,1
14,1071,1,3
0,1072,3,0
1,1072,1,3
2,1072,1,1
3,1072,3,2
4,1072,1,1
5,1072,3,2
6,1072,1,1
7,1072,2,0
8,1072,1,1
9,1072,3,1
10,1072,1,1
11,1072,3,1
12,1072,1,1
13,1072,1,2
14,1072,1,1
0,1073,3,0
1,1073,1,1
2,1073,1,1
3,1073,1,2
4,1073,1,1
5,1073,1,1
6,1073,1,1
7,1073,3,0
8,1073,1,1
9,1073,1,1
10,1073,1,1
11,1073,1,1
12,1073,3,3
13,1073,3,2
14,1073,1,1
0,1074,3,0
1,1074,1,1
2,1074,3,3
3,1074,1,2
4,1074,1,1
5,1074,1,1
6,1074,1,1
7,1074,1,2
8,1074,1,2
9,1074,1,1
10,1074,1,1
11,1074,1,1
12,1074,1,3
13,1074,1,1
14,1074,1,3
0,1075,3,0
1,1075,1,1
2,1075,3,3
3,1075,1,2
4,1075,3,3
5,1075,1,2
6,1075,1,1
7,1075,1,2
8,1075,1,1
9,1075,1,1
10,1075,1,1
11,1075,1,1
12,1075,1,3
13,1075,1,1
14,1075,1,3
0,1076,3,0
1,1076,1,3
2,1076,1,1
3,1076,3,2
4,1076,1,1
5,1076,3,2
6,1076,1,1
7,1076,2,0
8,1076,1,1
9,1076,3,1
10,1076,1,1
11,1076,3,1
12,1076,1,1
13,1076,1,2
14,1076,1,1
0,1077,3,0
1,1077,1,1
2,1077,3,3
3,1077,1,2
4,1077,1,1
5,1077,1,1
6,1077,1,1
7,1077,1,2
8,1077,1,2
9,1077,1,1
10,1077,1,1
11,1077,1,1
12,1077,1,3
13,1077,1,1
14,1077,1,3
0,1078,3,0
1,1078,1,3
2,1078,1,1
3,1078,3,2
4,1078,1,1
5,1078,3,2
6,1078,1,1
7,1078,2,0
8,1078,1,1
9,1078,3,1
10,1078,1,1
11,1078,3,1
12,1078,1,1
13,1078,1,2
14,1078,1,1
0,1079,3,0
1,1079,1,1
2,1079,3,3
3,1079,1,2
4,1079,1,1
5,1079,1,1
6,1079,1,1
7,1079,1,2
8,1079,1,2
9,1079,1,1
10,1079,1,1
11,1079,1,1
12,1079,1,3
13,1079,1,1
14,1079,1,3
0,1080,3,0
1,1080,1,3
2,1080,1,1
3,1080,3,2
4,1080,1,1
5,1080,3,2
6,1080,1,1
7,1080,2,0
8,1080,1,1
9,1080,3,1
10,1080,1,1
11,1080,3,1
12,1080,1,1
13,1080,1,2
14,1080,1,1
0,1081,3,0
1,1081,1,1
2,1081,3,3
3,1081,1,2
4,1081,1,1
5,1081,1,1
6,1081,1,1
7,1081,1,2
8,1081,1,2
9,1081,1,1
10,1081,1,1
11,1081,1,1
12,1081,1,3
13,1081,1,1
14,1081,1,3
0,1082,3,0
1,1082,1,1
2,1082,2,1
3,1082,1,2
4,1082,1,1
5,1082,1,1
6,1082,1,1
7,1082,1,2
8,1082,2,3
9,1082,1,1
10,1082,1,1
11,1082,1,1
12,1082,1,3
13,1082,1,1
14,1082,1,3
0,1083,3,0
1,1083,1,1
2,1083,3,3
3,1083,1,2
4,1083,3,3
5,1083,1,2
6,1083,1,1
7,1083,1,2
8,1083,1,1
9,1083,1,1
10,1083,1,1
11,1083,1,1
12,1083,1,3
13,1083,1,1
14,1083,1,3
0,1084,3,0
1,1084,1,1
2,1084,3,3
3,1084,1,2
4,1084,1,1
5,1084,1,1
6,1084,1,1
7,1084,1,2
8,1084,1,2
9,1084,1,1
10,1084,1,1
11,1084,1,1
12,1084,1,3
13,1084,1,1
14,1084,1,3
0,1085,1,1
1,1085,1,1
2,1085,1,1
3,1085,1,1
4,1085,1,1
5,1085,1,1
6,1085,1,1
7,1085,1,1
8,1085,1,1
9,1085,1,1
10,1085,1,1
11,1085,1,1
12,1085,1,1
13,1085,1,1
14,1085,1,1
0,1086,3,0
1,1086,1,1
2,1086,2,1
3,1086,1,2
4,1086,1,1
5,1086,1,1
6,1086,1,1
7,1086,1,2
8,1086,2,3
9,1086,1,1
10,1086,1,1
11,1086,1,1
12,1086,1,3
13,1086,1,1
14,1086,1,3
0,1087,3,0
1,1087,1,1
2,1087,2,1
3,1087,1,2
4,1087,1,1
5,1087,1,1
6,1087,1,1
7,1087,1,2
8,1087,2,3
9,1087,1,1
10,1087,1,1
11,1087,1,1
12,1087,1,3
13,1087,1,1
14,1087,1,3
0,1088,3,0
1,1088,1,1
2,1088,3,3
3,1088,1,2
4,1088,1,1
5,1088,1,1
6,1088,1,1
7,1088,1,2
8,1088,1,2
9,1088,1,1
10,1088,1,1
11,1088,1,1
12,1088,1,3
13,1088,1,1
14,1088,1,3
0,1089,3,0
1,1089,1,1
2,1089,1,1
3,1089,1,2
4,1089,1,1
5,1089,1,1
6,1089,1,1
7,1089,3,0
8,1089,1,1
9,1089,1,1
10,1089,1,1
11,1089,1,1
12,1089,3,3
13,1089,3,2
14,1089,1,1
0,1090,3,0
1,1090,1,1
2,1090,3,3
3,1090,1,2
4,1090,3,3
5,1090,1,2
6,1090,1,1
7,1090,1,2
8,1090,1,1
9,1090,1,1
10,1090,1,1
11,1090,1,1
12,1090,1,3
13,1090,1,1
14,1090,1,3
0,1091,3,0
1,1091,1,1
2,1091,2,1
3,1091,1,2
4,1091,1,1
5,1091,1,1
6,1091,1,1
7,1091,1,2
8,1091,2,3
9,1091,1,1
10,1091,1,1
11,1091,1,1
12,1091,1,3
13,1091,1,1
14,1091,1,3
0,1092,3,0
1,1092,1,1
2,1092,3,3
3,1092,1,2
4,1092,1,1
5,1092,1,1
6,1092,1,1
7,1092,1,2
8,1092,1,2
9,1092,1,1
10,1092,1,1
11,1092,1,1
12,1092,1,3
13,1092,1,1
14,1092,1,3
0,1093,3,0
1,1093,1,1
2,1093,3,3
3,1093,1,2
4,1093,3,3
5,1093,1,2
6,1093,1,1
7,1093,1,2
8,1093,1,1
9,1093,1,1
10,1093,1,1
11,1093,1,1
12,1093,1,3
13,1093,1,1
14,1093,1,3
0,1094,3,0
1,1094,1,1
2,1094,3,3
3,1094,1,2
4,1094,3,3
5,1094,1,2
6,1094,1,1
7,1094,1,2
8,1094,1,1
9,1094,1,1
10,1094,1,1
11,1094,1,1
12,1094,1,3
13,1094,1,1
14,1094,1,3
0,1095,3,0
1,1095,1,3
2,1095,1,1
3,1095,3,2
4,1095,1,1
5,1095,3,2
6,1095,1,1
7,1095,2,0
8,1095,1,1
9,1095,3,1
10,1095,1,1
11,1095,3,1
12,1095,1,1
13,1095,1,2
14,1095,1,1
0,1096,3,0
1,1096,1,1
2,1096,2,0
3,1096,1,2
4,1096,1,1
5,1096,1,1
6,1096,1,1
7,1096,1,2
8,1096,1,1
9,1096,1,1
10,1096,1,1
11,1096,1,1
12,1096,1,3
13,1096,1,1
14,1096,1,3
0,1097,3,0
1,1097,1,1
2,1097,2,0
3,1097,1,2
4,1097,1,1
5,1097,1,1
6,1097,1,1
7,1097,1,2
8,1097,1,1
9,1097,1,1
10,1097,1,1
11,1097,1,1
12,1097,1,3
13,1097,1,1
14,1097,1,3
0,1098,1,1
1,1098,1,1
2,1098,1,1
3,1098,1,1
4,1098,1,1
5,1098,1,1
6,1098,1,1
7,1098,1,1
8,1098,1,1
9,1098,1,1
10,1098,1,1
11,1098,1,1
12,1098,1,1
13,1098,1,1
14,1098,1,1
0,1099,3,0
1,1099,1,1
2,1099,3,3
3,1099,1,2
4,1099,1,1
5,1099,1,1
6,1099,1,1
7,1099,1,2
8,1099,1,2
9,1099,1,1
10,1099,1,1
11,1099,1,1
12,1099,1,3
13,1099,1,1
14,1099,1,3
0,1100,3,0
1,1100,1,1
2,1100,1,1
3,1100,1,2
4,1100,1,1
5,1100,1,1
6,1100,1,1
7,1100,1,1
8,1100,1,1
9,1100,1,1
10,1100,1,1
11,1100,1,1
12,1100,2,1
13,1100,3,2
14,1100,1,1
0,1101,3,0
1,1101,1,1
2,1101,3,3
3,1101,1,2
4,1101,1,1
5,1101,1,1
6,1101,1,1
7,1101,1,2
8,1101,1,2
9,1101,1,1
10,1101,1,1
11,1101,1,1
12,1101,1,3
13,1101,1,1
14,1101,1,3
0,1102,3,0
1,1102,1,3
2,1102,1,1
3,1102,3,2
4,1102,1,1
5,1102,3,2
6,1102,1,1
7,1102,2,0
8,1102,1,1
9,1102,3,1
10,1102,1,1
11,1102,3,1
12,1102,1,1
13,1102,1,2
14,1102,1,1
0,1103,3,0
1,1103,1,1
2,1103,3,3
3,1103,1,2
4,1103,1,1
5,1103,1,1
6,1103,1,1
7,1103,1,2
8,1103,1,2
9,1103,1,1
10,1103,1,1
11,1103,1,1
12,1103,1,3
13,1103,1,1
14,1103,1,3
0,1104,3,0
1,1104,1,1
2,1104,2,0
3,1104,1,2
4,1104,1,1
5,1104,1,1
6,1104,1,1
7,1104,1,2
8,1104,1,1
9,1104,1,1
10,1104,1,1
11,1104,1,1
12,1104,1,3
13,1104,1,1
14,1104,1,3
0,1105,3,0
1,1105,1,3
2,1105,1,1
3,1105,3,2
4,1105,1,1
5,1105,3,2
6,1105,1,1
7,1105,2,0
8,1105,1,1
9,1105,3,1
10,1105,1,1
11,1105,3,1
12,1105,1,1
13,1105,1,2
14,1105,1,1
0,1106,3,0
1,1106,0,2
2,1106,1,1
3,1106,1,2
4,1106,1,1
5,1106,3,2
6,1106,1,1
7,1106,2,0
8,1106,1,1
9,1106,3,1
10,1106,1,1
11,1106,3,1
12,1106,1,1
13,1106,1,2
14,1106,1,1
0,1107,1,1
1,1107,1,1
2,1107,1,1
3,1107,1,1
4,1107,1,1
5,1107,1,1
6,1107,1,1
7,1107,1,1
8,1107,1,1
9,1107,1,1
10,1107,1,1
11,1107,1,1
12,1107,1,1
13,1107,1,1
14,1107,1,1
0,1108,3,0
1,1108,1,1
2,1108,3,3
3,1108,1,2
4,1108,1,1
5,1108,1,1
6,1108,1,1
7,1108,1,2
8,1108,1,2
9,1108,1,1
10,1108,1,1
11,1108,1,1
12,1108,1,3
13,1108,1,1
14,1108,1,3
0,1109,3,0
1,1109,1,1
2,1109,1,1
3,1109,1,2
4,1109,1,1
5,1109,1,1
6,1109,1,1
7,1109,1,1
8,1109,1,1
9,1109,1,1
10,1109,1,1
11,1109,1,1
12,1109,2,1
13,1109,3,2
14,1109,1,1
0,1110,3,0
1,1110,1,1
2,1110,2,0
3,1110,1,2
4,1110,1,1
5,1110,1,1
6,1110,1,1
7,1110,1,2
8,1110,1,1
9,1110,1,1
10,1110,1,1
11,1110,1,1
12,1110,1,3
13,1110,1,1
14,1110,1,3
0,1111,3,0
1,1111,1,1
2,1111,3,3
3,1111,1,2
4,1111,1,1
5,1111,1,1
6,1111,1,1
7,1111,1,2
8,1111,1,2
9,1111,1,1
10,1111,1,1
11,1111,1,1
12,1111,1,3
13,1111,1,1
14,1111,1,3
0,1112,3,0
1,1112,1,1
2,1112,2,1
3,1112,1,2
4,1112,1,1
5,1112,1,1
6,1112,1,1
7,1112,1,2
8,1112,2,3
9,1112,1,1
10,1112,1,1
11,1112,1,1
12,1112,1,3
13,1112,1,1
14,1112,1,3
0,1113,1,1
1,1113,1,1
2,1113,1,1
3,1113,1,1
4,1113,1,1
5,1113,1,1
6,1113,1,1
7,1113,1,1
8,1113,1,1
9,1113,1,1
10,1113,1,1
11,1113,1,1
12,1113,1,1
13,1113,1,1
14,1113,1,1
0,1114,3,0
1,1114,1,3
2,1114,1,1
3,1114,3,2
4,1114,1,1
5,1114,3,2
6,1114,1,1
7,1114,2,0
8,1114,1,1
9,1114,3,1
10,1114,1,1
11,1114,3,1
12,1114,1,1
13,1114,1,2
14,1114,1,1
0,1115,3,0
1,1115,1,3
2,1115,1,1
3,1115,3,2
4,1115,1,1
5,1115,3,2
6,1115,1,1
7,1115,2,0
8,1115,1,1
9,1115,3,1
10,1115,1,1
11,1115,3,1
12,1115,1,1
13,1115,1,2
14,1115,1,1
0,1116,3,0
1,1116,1,1
2,1116,2,0
3,1116,1,2
4,1116,1,1
5,1116,1,1
6,1116,1,1
7,1116,1,2
8,1116,1,1
9,1116,1,1
10,1116,1,1
11,1116,1,1
12,1116,1,3
13,1116,1,1
14,1116,1,3
0,1117,3,0
1,1117,1,3
2,1117,1,1
3,1117,3,2
4,1117,1,1
5,1117,3,2
6,1117,1,1
7,1117,2,0
8,1117,1,1
9,1117,3,1
10,1117,1,1
11,1117,3,1
12,1117,1,1
13,1117,1,2
14,1117,1,1
0,1118,3,0
1,1118,1,3
2,1118,1,1
3,1118,3,2
4,1118,1,1
5,1118,3,2
6,1118,1,1
7,1118,2,0
8,1118,1,1
9,1118,3,1
10,1118,1,1
11,1118,3,1
12,1118,1,1
13,1118,1,2
14,1118,1,1
0,1119,3,0
1,1119,1,1
2,1119,3,3
3,1119,1,2
4,1119,1,1
5,1119,1,1
6,1119,1,1
7,1119,1,2
8,1119,1,2
9,1119,1,1
10,1119,1,1
11,1119,1,1
12,1119,1,3
13,1119,1,1
14,1119,1,3
0,1120,3,0
1,1120,1,1
2,1120,2,0
3,1120,1,2
4,1120,1,1
5,1120,1,1
6,1120,1,1
7,1120,1,2
8,1120,1,1
9,1120,1,1
10,1120,1,1
11,1120,1,1
12,1120,1,3
13,1120,1,1
14,1120,1,3
0,1121,1,1
1,1121,1,1
2,1121,1,1
3,1121,1,1
4,1121,1,1
5,1121,1,1
6,1121,1,1
7,1121,1,1
8,1121,1,1
9,1121,1,1
10,1121,1,1
11,1121,1,1
12,1121,1,1
13,1121,1,1
14,1121,1,1
0,1122,3,0
1,1122,1,3
2,1122,1,1
3,1122,3,2
4,1122,1,1
5,1122,3,2
6,1122,1,1
7,1122,2,0
8,1122,1,1
9,1122,3,1
10,1122,1,1
11,1122,3,1
12,1122,1,1
13,1122,1,2
14,1122,1,1
0,1123,3,0
1,1123,1,3
2,1123,1,1
3,1123,3,2
4,1123,1,1
5,1123,3,2
6,1123,1,1
7,1123,2,0
8,1123,1,1
9,1123,3,1
10,1123,1,1
11,1123,3,1
12,1123,1,1
13,1123,1,2
14,1123,1,1
0,1124,3,0
1,1124,1,1
2,1124,2,1
3,1124,1,2
4,1124,1,1
5,1124,1,1
6,1124,1,1
7,1124,1,2
8,1124,2,3
9,1124,1,1
10,1124,1,1
11,1124,1,1
12,1124,1,3
13,1124,1,1
14,1124,1,3
0,1125,3,0
1,1125,1,1
2,1125,1,1
3,1125,1,2
4,1125,1,1
5,1125,1,1
6,1125,1,1
7,1125,1,1
8,1125,1,1
9,1125,1,1
10,1125,1,1
11,1125,1,1
12,1125,2,1
13,1125,3,2
14,1125,1,1
0,1126,3,0
1,1126,1,1
2,1126,3,3
3,1126,1,2
4,1126,1,1
5,1126,1,1
6,1126,1,1
7,1126,1,2
8,1126,1,2
9,1126,1,1
10,1126,1,1
11,1126,1,1
12,1126,1,3
13,1126,1,1
14,1126,1,3
0,1127,3,0
1,1127,1,1
2,1127,2,0
3,1127,1,2
4,1127,1,1
5,1127,1,1
6,1127,1,1
7,1127,1,2
8,1127,1,1
9,1127,1,1
10,1127,1,1
11,1127,1,1
12,1127,1,3
13,1127,1,1
14,1127,1,3
0,1128,3,0
1,1128,1,3
2,1128,1,1
3,1128,3,2
4,1128,1,1
5,1128,3,2
6,1128,1,1
7,1128,2,0
8,1128,1,1
9,1128,3,1
10,1128,1,1
11,1128,3,1
12,1128,1,1
13,1128,1,2
14,1128,1,1
0,1129,3,0
1,1129,1,3
2,1129,1,1
3,1129,3,2
4,1129,1,1
5,1129,3,2
6,1129,1,1
7,1129,2,0
8,1129,1,1
9,1129,3,1
10,1129,1,1
11,1129,3,1
12,1129,1,1
13,1129,1,2
14,1129,1,1
0,1130,1,1
1,1130,1,1
2,1130,1,1
3,1130,1,1
4,1130,1,1
5,1130,1,1
6,1130,1,1
7,1130,1,1
8,1130,1,1
9,1130,1,1
10,1130,1,1
11,1130,1,1
12,1130,1,1
13,1130,1,1
14,1130,1,1
0,1131,3,0
1,1131,1,1
2,1131,3,3
3,1131,1,2
4,1131,1,1
5,1131,1,1
6,1131,1,1
7,1131,1,2
8,1131,1,2
9,1131,1,1
10,1131,1,1
11,1131,1,1
12,1131,1,3
13,1131,1,1
14,1131,1,3
0,1132,3,0
1,1132,1,3
2,1132,1,1
3,1132,3,2
4,1132,1,1
5,1132,3,2
6,1132,1,1
7,1132,2,0
8,1132,1,1
9,1132,3,1
10,1132,1,1
11,1132,3,1
12,1132,1,1
13,1132,1,2
14,1132,1,1
0,1133,3,0
1,1133,1,1
2,1133,2,1
3,1133,1,2
4,1133,1,1
5,1133,1,1
6,1133,1,1
7,1133,1,2
8,1133,2,3
9,1133,1,1
10,1133,1,1
11,1133,1,1
12,1133,1,3
13,1133,1,1
14,1133,1,3
0,1134,3,0
1,1134,1,1
2,1134,2,0
3,1134,1,2
4,1134,1,1
5,1134,1,1
6,1134,1,1
7,1134,1,2
8,1134,1,1
9,1134,1,1
10,1134,1,1
11,1134,1,1
12,1134,1,3
13,1134,1,1
14,1134,1,3
0,1135,3,0
1,1135,1,1
2,1135,2,0
3,1135,1,2
4,1135,1,1
5,1135,1,1
6,1135,1,1
7,1135,1,2
8,1135,1,1
9,1135,1,1
10,1135,1,1
11,1135,1,1
12,1135,1,3
13,1135,1,1
14,1135,1,3
0,1136,3,0
1,1136,1,1
2,1136,1,1
3,1136,1,2
4,1136,1,1
5,1136,1,1
6,1136,1,1
7,1136,1,1
8,1136,1,1
9,1136,1,1
10,1136,1,1
11,1136,1,1
12,1136,2,1
13,1136,3,2
14,1136,1,1
0,1137,3,0
1,1137,1,1
2,1137,2,0
3,1137,1,2
4,1137,1,1
5,1137,1,1
6,1137,1,1
7,1137,1,2
8,1137,1,1
9,1137,1,1
10,1137,1,1
11,1137,1,1
12,1137,1,3
13,1137,1,1
14,1137,1,3
0,1138,3,0
1,1138,1,1
2,1138,3,3
3,1138,1,2
4,1138,1,1
5,1138,1,1
6,1138,1,1
7,1138,1,2
8,1138,1,2
9,1138,1,1
10,1138,1,1
11,1138,1,1
12,1138,1,3
13,1138,1,1
14,1138,1,3
0,1139,3,0
1,1139,1,1
2,1139,1,1
3,1139,1,2
4,1139,1,1
5,1139,1,1
6,1139,1,1
7,1139,3,0
8,1139,1,1
9,1139,1,1
10,1139,1,1
11,1139,1,1
12,1139,3,3
13,1139,3,2
14,1139,1,1
0,1140,3,0
1,1140,1,3
2,1140,1,1
3,1140,3,2
4,1140,1,1
5,1140,3,2
6,1140,1,1
7,1140,2,0
8,1140,1,1
9,1140,3,1
10,1140,1,1
11,1140,3,1
12,1140,1,1
13,1140,1,2
14,1140,1,1
0,1141,3,0
1,1141,1,3
2,1141,1,1
3,1141,3,2
4,1141,1,1
5,1141,3,2
6,1141,1,1
7,1141,2,0
8,1141,1,1
9,1141,3,1
10,1141,1,1
11,1141,3,1
12,1141,1,1
13,1141,1,2
14,1141,1,1
0,1142,1,1
1,1142,1,1
2,1142,1,1
3,1142,1,1
4,1142,1,1
5,1142,1,1
6,1142,1,1
7,1142,1,1
8,1142,1,1
9,1142,1,1
10,1142,1,1
11,1142,1,1
12,1142,1,1
13,1142,1,1
14,1142,1,1
0,1143,3,0
1,1143,1,1
2,1143,2,0
3,1143,1,2
4,1143,1,1
5,1143,1,1
6,1143,1,1
7,1143,1,2
8,1143,1,1
9,1143,1,1
10,1143,1,1
11,1143,1,1
12,1143,1,3
13,1143,1,1
14,1143,1,3
0,1144,3,0
1,1144,1,3
2,1144,1,1
3,1144,3,2
4,1144,1,1
5,1144,3,2
6,1144,1,1
7,1144,2,0
8,1144,1,1
9,1144,3,1
10,1144,1,1
11,1144,3,1
12,1144,1,1
13,1144,1,2
14,1144,1,1
0,1145,3,0
1,1145,1,3
2,1145,1,1
3,1145,3,2
4,1145,1,1
5,1145,3,2
6,1145,1,1
7,1145,2,0
8,1145,1,1
9,1145,3,1
10,1145,1,1
11,1145,3,1
12,1145,1,1
13,1145,1,2
14,1145,1,1
0,1146,1,1
1,1146,1,1
2,1146,1,1
3,1146,1,1
4,1146,1,1
5,1146,1,1
6,1146,1,1
7,1146,1,1
8,1146,1,1
9,1146,1,1
10,1146,1,1
11,1146,1,1
12,1146,1,1
13,1146,1,1
14,1146,1,1
0,1147,3,0
1,1147,1,1
2,1147,2,0
3,1147,1,2
4,1147,1,1
5,1147,1,1
6,1147,1,1
7,1147,1,2
8,1147,1,1
9,1147,1,1
10,1147,1,1
11,1147,1,1
12,1147,1,3
13,1147,1,1
14,1147,1,3
0,1148,3,0
1,1148,1,3
2,1148,1,1
3,1148,3,2
4,1148,1,1
5,1148,3,2
6,1148,1,1
7,1148,2,0
8,1148,1,1
9,1148,3,1
10,1148,1,1
11,1148,3,1
12,1148,1,1
13,1148,1,2
14,1148,1,1
0,1149,3,0
1,1149,1,1
2,1149,1,1
3,1149,1,2
4,1149,1,1
5,1149,1,1
6,1149,1,1
7,1149,3,0
8,1149,1,1
9,1149,1,1
10,1149,1,1
11,1149,1,1
12,1149,3,3
13,1149,3,2
14,1149,1,1
0,1150,3,0
1,1150,1,1
2,1150,2,1
3,1150,1,2
4,1150,1,1
5,1150,1,1
6,1150,1,1
7,1150,1,2
8,1150,2,3
9,1150,1,1
10,1150,1,1
11,1150,1,1
12,1150,1,3
13,1150,1,1
14,1150,1,3
0,1151,3,0
1,1151,1,3
2,1151,1,1
3,1151,3,2
4,1151,1,1
5,1151,3,2
6,1151,1,1
7,1151,2,0
8,1151,1,1
9,1151,3,1
10,1151,1,1
11,1151,3,1
12,1151,1,1
13,1151,1,2
14,1151,1,1
0,1152,3,0
1,1152,1,1
2,1152,1,1
3,1152,1,2
4,1152,1,1
5,1152,1,1
6,1152,1,1
7,1152,1,1
8,1152,1,1
9,1152,1,1
10,1152,1,1
11,1152,1,1
12,1152,2,1
13,1152,3,2
14,1152,1,1
0,1153,3,0
1,1153,1,1
2,1153,3,3
3,1153,1,2
4,1153,1,1
5,1153,1,1
6,1153,1,1
7,1153,1,2
8,1153,1,2
9,1153,1,1
10,1153,1,1
11,1153,1,1
12,1153,1,3
13,1153,1,1
14,1153,1,3
0,1154,1,1
1,1154,1,1
2,1154,1,1
3,1154,1,1
4,1154,1,1
5,1154,1,1
6,1154,1,1
7,1154,1,1
8,1154,1,1
9,1154,1,1
10,1154,1,1
11,1154,1,1
12,1154,1,1
13,1154,1,1
14,1154,1,1
0,1155,3,0
1,1155,1,3
2,1155,1,1
3,1155,3,2
4,1155,1,1
5,1155,3,2
6,1155,1,1
7,1155,2,0
8,1155,1,1
9,1155,3,1
10,1155,1,1
11,1155,3,1
12,1155,1,1
13,1155,1,2
14,1155,1,1
0,1156,3,0
1,1156,0,2
2,1156,1,1
3,1156,1,2
4,1156,1,1
5,1156,3,2
6,1156,1,1
7,1156,2,0
8,1156,1,1
9,1156,3,1
10,1156,1,1
11,1156,3,1
12,1156,1,1
13,1156,1,2
14,1156,1,1
0,1157,3,0
1,1157,1,1
2,1157,3,3
3,1157,1,2
4,1157,1,1
5,1157,1,1
6,1157,1,1
7,1157,1,2
8,1157,1,2
9,1157,1,1
10,1157,1,1
11,1157,1,1
12,1157,1,3
13,1157,1,1
14,1157,1,3
0,1158,3,0
1,1158,1,1
2,1158,3,3
3,1158,1,2
4,1158,1,1
5,1158,1,1
6,1158,1,1
7,1158,1,2
8,1158,1,2
9,1158,1,1
10,1158,1,1
11,1158,1,1
12,1158,1,3
13,1158,1,1
14,1158,1,3
0,1159,1,1
1,1159,1,1
2,1159,1,1
3,1159,1,1
4,1159,1,1
5,1159,1,1
6,1159,1,1
7,1159,1,1
8,1159,1,1
9,1159,1,1
10,1159,1,1
11,1159,1,1
12,1159,1,1
13,1159,1,1
14,1159,1,1
0,1160,3,0
1,1160,1,1
2,1160,3,3
3,1160,1,2
4,1160,3,3
5,1160,1,2
6,1160,1,1
7,1160,1,2
8,1160,1,1
9,1160,1,1
10,1160,1,1
11,1160,1,1
12,1160,1,3
13,1160,1,1
14,1160,1,3
0,1161,3,0
1,1161,0,2
2,1161,1,1
3,1161,1,2
4,1161,1,1
5,1161,3,2
6,1161,1,1
7,1161,2,0
8,1161,1,1
9,1161,3,1
10,1161,1,1
11,1161,3,1
12,1161,1,1
13,1161,1,2
14,1161,1,1
0,1162,3,0
1,1162,1,3
2,1162,1,1
3,1162,3,2
4,1162,1,1
5,1162,3,2
6,1162,1,1
7,1162,2,0
8,1162,1,1
9,1162,3,1
10,1162,1,1
11,1162,3,1
12,1162,1,1
13,1162,1,2
14,1162,1,1
0,1163,3,0
1,1163,1,1
2,1163,1,1
3,1163,1,2
4,1163,1,1
5,1163,1,1
6,1163,1,1
7,1163,1,1
8,1163,1,1
9,1163,1,1
10,1163,1,1
11,1163,1,1
12,1163,2,1
13,1163,3,2
14,1163,1,1
0,1164,3,0
1,1164,1,3
2,1164,1,1
3,1164,3,2
4,1164,1,1
5,1164,3,2
6,1164,1,1
7,1164,2,0
8,1164,1,1
9,1164,3,1
10,1164,1,1
11,1164,3,1
12,1164,1,1
13,1164,1,2
14,1164,1,1
0,1165,3,0
1,1165,1,1
2,1165,2,1
3,1165,1,2
4,1165,1,1
5,1165,1,1
6,1165,1,1
7,1165,1,2
8,1165,2,3
9,1165,1,1
10,1165,1,1
11,1165,1,1
12,1165,1,3
13,1165,1,1
14,1165,1,3
0,1166,1,1
1,1166,1,1
2,1166,1,1
3,1166,1,1
4,1166,1,1
5,1166,1,1
6,1166,1,1
7,1166,1,1
8,1166,1,1
9,1166,1,1
10,1166,1,1
11,1166,1,1
12,1166,1,1
13,1166,1,1
14,1166,1,1
0,1167,3,0
1,1167,1,1
2,1167,2,1
3,1167,1,2
4,1167,1,1
5,1167,1,1
6,1167,1,1
7,1167,1,2
8,1167,2,3
9,1167,1,1
10,1167,1,1
11,1167,1,1
12,1167,1,3
13,1167,1,1
14,1167,1,3
0,1168,3,0
1,1168,1,1
2,1168,2,0
3,1168,1,2
4,1168,1,1
5,1168,1,1
6,1168,1,1
7,1168,1,2
8,1168,1,1
9,1168,1,1
10,1168,1,1
11,1168,1,1
12,1168,1,3
13,1168,1,1
14,1168,1,3
0,1169,3,0
1,1169,1,1
2,1169,3,3
3,1169,1,2
4,1169,1,1
5,1169,1,1
6,1169,1,1
7,1169,1,2
8,1169,1,2
9,1169,1,1
10,1169,1,1
11,1169,1,1
12,1169,1,3
13,1169,1,1
14,1169,1,3
0,1170,3,0
1,1170,1,1
2,1170,3,3
3,1170,1,2
4,1170,1,1
5,1170,1,1
6,1170,1,1
7,1170,1,2
8,1170,1,2
9,1170,1,1
10,1170,1,1
11,1170,1,1
12,1170,1,3
13,1170,1,1
14,1170,1,3
0,1171,1,1
1,1171,1,1
2,1171,1,1
3,1171,1,1
4,1171,1,1
5,1171,1,1
6,1171,1,1
7,1171,1,1
8,1171,1,1
9,1171,1,1
10,1171,1,1
11,1171,1,1
12,1171,1,1
13,1171,1,1
14,1171,1,1
0,1172,3,0
1,1172,1,1
2,1172,3,3
3,1172,1,2
4,1172,1,1
5,1172,1,1
6,1172,1,1
7,1172,1,2
8,1172,1,2
9,1172,1,1
10,1172,1,1
11,1172,1,1
12,1172,1,3
13,1172,1,1
14,1172,1,3
0,1173,3,0
1,1173,1,3
2,1173,1,1
3,1173,3,2
4,1173,1,1
5,1173,3,2
6,1173,1,1
7,1173,2,0
8,1173,1,1
9,1173,3,1
10,1173,1,1
11,1173,3,1
12,1173,1,1
13,1173,1,2
14,1173,1,1
0,1174,3,0
1,1174,0,2
2,1174,1,1
3,1174,1,2
4,1174,1,1
5,1174,3,2
6,1174,1,1
7,1174,2,0
8,1174,1,1
9,1174,3,1
10,1174,1,1
11,1174,3,1
12,1174,1,1
13,1174,1,2
14,1174,1,1
0,1175,3,0
1,1175,1,1
2,1175,3,3
3,1175,1,2
4,1175,1,1
5,1175,1,1
6,1175,1,1
7,1175,1,2
8,1175,1,2
9,1175,1,1
10,1175,1,1
11,1175,1,1
12,1175,1,3
13,1175,1,1
14,1175,1,3
0,1176,3,0
1,1176,1,1
2,1176,1,1
3,1176,1,2
4,1176,1,1
5,1176,1,1
6,1176,1,1
7,1176,1,1
8,1176,1,1
9,1176,1,1
10,1176,1,1
11,1176,1,1
12,1176,2,1
13,1176,3,2
14,1176,1,1
0,1177,3,0
1,1177,1,1
2,1177,1,1
3,1177,1,2
4,1177,1,1
5,1177,1,1
6,1177,1,1
7,1177,1,1
8,1177,1,1
9,1177,1,1
10,1177,1,1
11,1177,1,1
12,1177,2,1
13,1177,3,2
14,1177,1,1
0,1178,3,0
1,1178,1,1
2,1178,3,3
3,1178,1,2
4,1178,1,1
5,1178,1,1
6,1178,1,1
7,1178,1,2
8,1178,1,2
9,1178,1,1
10,1178,1,1
11,1178,1,1
12,1178,1,3
13,1178,1,1
14,1178,1,3
0,1179,3,0
1,1179,1,3
2,1179,1,1
3,1179,3,2
4,1179,1,1
5,1179,3,2
6,1179,1,1
7,1179,2,0
8,1179,1,1
9,1179,3,1
10,1179,1,1
11,1179,3,1
12,1179,1,1
13,1179,1,2
14,1179,1,1
0,1180,3,0
1,1180,1,1
2,1180,3,3
3,1180,1,2
4,1180,3,3
5,1180,1,2
6,1180,1,1
7,1180,1,2
8,1180,1,1
9,1180,1,1
10,1180,1,1
11,1180,1,1
12,1180,1,3
13,1180,1,1
14,1180,1,3
0,1181,3,0
1,1181,0,2
2,1181,1,1
3,1181,1,2
4,1181,1,1
5,1181,3,2
6,1181,1,1
7,1181,2,0
8,1181,1,1
9,1181,3,1
10,1181,1,1
11,1181,3,1
12,1181,1,1
13,1181,1,2
14,1181,1,1
0,1182,3,0
1,1182,1,1
2,1182,2,1
3,1182,1,2
4,1182,1,1
5,1182,1,1
6,1182,1,1
7,1182,1,2
8,1182,2,3
9,1182,1,1
10,1182,1,1
11,1182,1,1
12,1182,1,3
13,1182,1,1
14,1182,1,3
0,1183,3,0
1,1183,1,1
2,1183,1,1
3,1183,1,2
4,1183,1,1
5,1183,1,1
6,1183,1,1
7,1183,3,0
8,1183,1,1
9,1183,1,1
10,1183,1,1
11,1183,1,1
12,1183,3,3
13,1183,3,2
14,1183,1,1
0,1184,3,0
1,1184,1,1
2,1184,2,1
3,1184,1,2
4,1184,1,1
5,1184,1,1
6,1184,1,1
7,1184,1,2
8,1184,2,3
9,1184,1,1
10,1184,1,1
11,1184,1,1
12,1184,1,3
13,1184,1,1
14,1184,1,3
0,1185,3,0
1,1185,1,1
2,1185,2,0
3,1185,1,2
4,1185,1,1
5,1185,1,1
6,1185,1,1
7,1185,1,2
8,1185,1,1
9,1185,1,1
10,1185,1,1
11,1185,1,1
12,1185,1,3
13,1185,1,1
14,1185,1,3
0,1186,3,0
1,1186,1,1
2,1186,3,3
3,1186,1,2
4,1186,1,1
5,1186,1,1
6,1186,1,1
7,1186,1,2
8,1186,1,2
9,1186,1,1
10,1186,1,1
11,1186,1,1
12,1186,1,3
13,1186,1,1
14,1186,1,3
0,1187,3,0
1,1187,1,1
2,1187,1,1
3,1187,1,2
4,1187,1,1
5,1187,1,1
6,1187,1,1
7,1187,3,0
8,1187,1,1
9,1187,1,1
10,1187,1,1
11,1187,1,1
12,1187,3,3
13,1187,3,2
14,1187,1,1
0,1188,3,0
1,1188,1,1
2,1188,3,3
3,1188,1,2
4,1188,3,3
5,1188,1,2
6,1188,1,1
7,1188,1,2
8,1188,1,1
9,1188,1,1
10,1188,1,1
11,1188,1,1
12,1188,1,3
13,1188,1,1
14,1188,1,3
0,1189,1,1
1,1189,1,1
2,1189,1,1
3,1189,1,1
4,1189,1,1
5,1189,1,1
6,1189,1,1
7,1189,1,1
8,1189,1,1
9,1189,1,1
10,1189,1,1
11,1189,1,1
12,1189,1,1
13,1189,1,1
14,1189,1,1
0,1190,3,0
1,1190,1,1
2,1190,3,3
3,1190,1,2
4,1190,3,3
5,1190,1,2
6,1190,1,1
7,1190,1,2
8,1190,1,1
9,1190,1,1
10,1190,1,1
11,1190,1,1
12,1190,1,3
13,1190,1,1
14,1190,1,3
0,1191,3,0
1,1191,1,1
2,1191,1,1
3,1191,1,2
4,1191,1,1
5,1191,1,1
6,1191,1,1
7,1191,1,1
8,1191,1,1
9,1191,1,1
10,1191,1,1
11,1191,1,1
12,1191,2,1
13,1191,3,2
14,1191,1,1
0,1192,3,0
1,1192,0,2
2,1192,1,1
3,1192,1,2
4,1192,1,1
5,1192,3,2
6,1192,1,1
7,1192,2,0
8,1192,1,1
9,1192,3,1
10,1192,1,1
11,1192,3,1
12,1192,1,1
13,1192,1,2
14,1192,1,1
0,1193,3,0
1,1193,1,1
2,1193,2,1
3,1193,1,2
4,1193,1,1
5,1193,1,1
6,1193,1,1
7,1193,1,2
8,1193,2,3
9,1193,1,1
10,1193,1,1
11,1193,1,1
12,1193,1,3
13,1193,1,1
14,1193,1,3
0,1194,3,0
1,1194,0,2
2,1194,1,1
3,1194,1,2
4,1194,1,1
5,1194,3,2
6,1194,1,1
7,1194,2,0
8,1194,1,1
9,1194,3,1
10,1194,1,1
11,1194,3,1
12,1194,1,1
13,1194,1,2
14,1194,1,1
0,1195,3,0
1,1195,1,1
2,1195,2,1
3,1195,1,2
4,1195,1,1
5,1195,1,1
6,1195,1,1
7,1195,1,2
8,1195,2,3
9,1195,1,1
10,1195,1,1
11,1195,1,1
12,1195,1,3
13,1195,1,1
14,1195,1,3
0,1196,3,0
1,1196,1,1
2,1196,2,0
3,1196,1,2
4,1196,1,1
5,1196,1,1
6,1196,1,1
7,1196,1,2
8,1196,1,1
9,1196,1,1
10,1196,1,1
11,1196,1,1
12,1196,1,3
13,1196,1,1
14,1196,1,3
0,1197,3,0
1,1197,1,1
2,1197,1,1
3,1197,1,2
4,1197,1,1
5,1197,1,1
6,1197,1,1
7,1197,3,0
8,1197,1,1
9,1197,1,1
10,1197,1,1
11,1197,1,1
12,1197,3,3
13,1197,3,2
14,1197,1,1
0,1198,3,0
1,1198,1,3
2,1198,1,1
3,1198,3,2
4,1198,1,1
5,1198,3,2
6,1198,1,1
7,1198,2,0
8,1198,1,1
9,1198,3,1
10,1198,1,1
11,1198,3,1
12,1198,1,1
13,1198,1,2
14,1198,1,1
0,1199,3,0
1,1199,1,1
2,1199,2,1
3,1199,1,2
4,1199,1,1
5,1199,1,1
6,1199,1,1
7,1199,1,2
8,1199,2,3
9,1199,1,1
10,1199,1,1
11,1199,1,1
12,1199,1,3
13,1199,1,1
14,1199,1,3
0,1200,3,0
1,1200,1,3
2,1200,1,1
3,1200,3,2
4,1200,1,1
5,1200,3,2
6,1200,1,1
7,1200,2,0
8,1200,1,1
9,1200,3,1
10,1200,1,1
11,1200,3,1
12,1200,1,1
13,1200,1,2
14,1200,1,1
0,1201,3,0
1,1201,1,1
2,1201,1,1
3,1201,1,2
4,1201,1,1
5,1201,1,1
6,1201,1,1
7,1201,3,0
8,1201,1,1
9,1201,1,1
10,1201,1,1
11,1201,1,1
12,1201,3,3
13,1201,3,2
14,1201,1,1
0,1202,1,1
1,1202,1,1
2,1202,1,1
3,1202,1,1
4,1202,1,1
5,1202,1,1
6,1202,1,1
7,1202,1,1
8,1202,1,1
9,1202,1,1
10,1202,1,1
11,1202,1,1
12,1202,1,1
13,1202,1,1
14,1202,1,1
0,1203,1,1
1,1203,1,1
2,1203,1,1
3,1203,1,1
4,1203,1,1
5,1203,1,1
6,1203,1,1
7,1203,1,1
8,1203,1,1
9,1203,1,1
10,1203,1,1
11,1203,1,1
12,1203,1,1
13,1203,1,1
14,1203,1,1
0,1204,3,0
1,1204,1,1
2,1204,2,1
3,1204,1,2
4,1204,1,1
5,1204,1,1
6,1204,1,1
7,1204,1,2
8,1204,2,3
9,1204,1,1
10,1204,1,1
11,1204,1,1
12,1204,1,3
13,1204,1,1
14,1204,1,3
0,1205,3,0
1,1205,1,1
2,1205,2,1
3,1205,1,2
4,1205,1,1
5,1205,1,1
6,1205,1,1
7,1205,1,2
8,1205,2,3
9,1205,1,1
10,1205,1,1
11,1205,1,1
12,1205,1,3
13,1205,1,1
14,1205,1,3
0,1206,3,0
1,1206,1,1
2,1206,1,1
3,1206,1,2
4,1206,1,1
5,1206,1,1
6,1206,1,1
7,1206,1,1
8,1206,1,1
9,1206,1,1
10,1206,1,1
11,1206,1,1
12,1206,2,1
13,1206,3,2
14,1206,1,1
0,1207,3,0
1,1207,1,1
2,1207,3,3
3,1207,1,2
4,1207,1,1
5,1207,1,1
6,1207,1,1
7,1207,1,2
8,1207,1,2
9,1207,1,1
10,1207,1,1
11,1207,1,1
12,1207,1,3
13,1207,1,1
14,1207,1,3
0,1208,3,0
1,1208,1,1
2,1208,3,3
3,1208,1,2
4,1208,1,1
5,1208,1,1
6,1208,1,1
7,1208,1,2
8,1208,1,2
9,1208,1,1
10,1208,1,1
11,1208,1,1
12,1208,1,3
13,1208,1,1
14,1208,1,3
0,1209,3,0
1,1209,1,3
2,1209,1,1
3,1209,3,2
4,1209,1,1
5,1209,3,2
6,1209,1,1
7,1209,2,0
8,1209,1,1
9,1209,3,1
10,1209,1,1
11,1209,3,1
12,1209,1,1
13,1209,1,2
14,1209,1,1
0,1210,3,0
1,1210,1,3
2,1210,1,1
3,1210,3,2
4,1210,1,1
5,1210,3,2
6,1210,1,1
7,1210,2,0
8,1210,1,1
9,1210,3,1
10,1210,1,1
11,1210,3,1
12,1210,1,1
13,1210,1,2
14,1210,1,1
0,1211,3,0
1,1211,1,1
2,1211,3,3
3,1211,1,2
4,1211,3,3
5,1211,1,2
6,1211,1,1
7,1211,1,2
8,1211,1,1
9,1211,1,1
10,1211,1,1
11,1211,1,1
12,1211,1,3
13,1211,1,1
14,1211,1,3
0,1212,3,0
1,1212,1,1
2,1212,2,0
3,1212,1,2
4,1212,1,1
5,1212,1,1
6,1212,1,1
7,1212,1,2
8,1212,1,1
9,1212,1,1
10,1212,1,1
11,1212,1,1
12,1212,1,3
13,1212,1,1
14,1212,1,3
0,1213,3,0
1,1213,1,1
2,1213,3,3
3,1213,1,2
4,1213,1,1
5,1213,1,1
6,1213,1,1
7,1213,1,2
8,1213,1,2
9,1213,1,1
10,1213,1,1
11,1213,1,1
12,1213,1,3
13,1213,1,1
14,1213,1,3
0,1214,1,1
1,1214,1,1
2,1214,1,1
3,1214,1,1
4,1214,1,1
5,1214,1,1
6,1214,1,1
7,1214,1,1
8,1214,1,1
9,1214,1,1
10,1214,1,1
11,1214,1,1
12,1214,1,1
13,1214,1,1
14,1214,1,1
0,1215,3,0
1,1215,1,1
2,1215,3,3
3,1215,1,2
4,1215,1,1
5,1215,1,1
6,1215,1,1
7,1215,1,2
8,1215,1,2
9,1215,1,1
10,1215,1,1
11,1215,1,1
12,1215,1,3
13,1215,1,1
14,1215,1,3
0,1216,3,0
1,1216,1,1
2,1216,3,3
3,1216,1,2
4,1216,3,3
5,1216,1,2
6,1216,1,1
7,1216,1,2
8,1216,1,1
9,1216,1,1
10,1216,1,1
11,1216,1,1
12,1216,1,3
13,1216,1,1
14,1216,1,3
0,1217,3,0
1,1217,1,3
2,1217,1,1
3,1217,3,2
4,1217,1,1
5,1217,3,2
6,1217,1,1
7,1217,2,0
8,1217,1,1
9,1217,3,1
10,1217,1,1
11,1217,3,1
12,1217,1,1
13,1217,1,2
14,1217,1,1
0,1218,3,0
1,1218,1,3
2,1218,1,1
3,1218,3,2
4,1218,1,1
5,1218,3,2
6,1218,1,1
7,1218,2,0
8,1218,1,1
9,1218,3,1
10,1218,1,1
11,1218,3,1
12,1218,1,1
13,1218,1,2
14,1218,1,1
0,1219,1,1
1,1219,1,1
2,1219,1,1
3,1219,1,1
4,1219,1,1
5,1219,1,1
6,1219,1,1
7,1219,1,1
8,1219,1,1
9,1219,1,1
10,1219,1,1
11,1219,1,1
12,1219,1,1
13,1219,1,1
14,1219,1,1
0,1220,3,0
1,1220,1,3
2,1220,1,1
3,1220,3,2
4,1220,1,1
5,1220,3,2
6,1220,1,1
7,1220,2,0
8,1220,1,1
9,1220,3,1
10,1220,1,1
11,1220,3,1
12,1220,1,1
13,1220,1,2
14,1220,1,1
0,1221,3,0
1,1221,1,1
2,1221,3,3
3,1221,1,2
4,1221,3,3
5,1221,1,2
6,1221,1,1
7,1221,1,2
8,1221,1,1
9,1221,1,1
10,1221,1,1
11,1221,1,1
12,1221,1,3
13,1221,1,1
14,1221,1,3
0,1222,3,0
1,1222,1,1
2,1222,3,3
3,1222,1,2
4,1222,1,1
5,1222,1,1
6,1222,1,1
7,1222,1,2
8,1222,1,2
9,1222,1,1
10,1222,1,1
11,1222,1,1
12,1222,1,3
13,1222,1,1
14,1222,1,3
0,1223,3,0
1,1223,1,1
2,1223,2,1
3,1223,1,2
4,1223,1,1
5,1223,1,1
6,1223,1,1
7,1223,1,2
8,1223,2,3
9,1223,1,1
10,1223,1,1
11,1223,1,1
12,1223,1,3
13,1223,1,1
14,1223,1,3
0,1224,3,0
1,1224,1,1
2,1224,2,1
3,1224,1,2
4,1224,1,1
5,1224,1,1
6,1224,1,1
7,1224,1,2
8,1224,2,3
9,1224,1,1
10,1224,1,1
11,1224,1,1
12,1224,1,3
13,1224,1,1
14,1224,1,3
0,1225,3,0
1,1225,1,3
2,1225,1,1
3,1225,3,2
4,1225,1,1
5,1225,3,2
6,1225,1,1
7,1225,2,0
8,1225,1,1
9,1225,3,1
10,1225,1,1
11,1225,3,1
12,1225,1,1
13,1225,1,2
14,1225,1,1
0,1226,3,0
1,1226,1,1
2,1226,3,3
3,1226,1,2
4,1226,1,1
5,1226,1,1
6,1226,1,1
7,1226,1,2
8,1226,1,2
9,1226,1,1
10,1226,1,1
11,1226,1,1
12,1226,1,3
13,1226,1,1
14,1226,1,3
0,1227,3,0
1,1227,1,3
2,1227,1,1
3,1227,3,2
4,1227,1,1
5,1227,3,2
6,1227,1,1
7,1227,2,0
8,1227,1,1
9,1227,3,1
10,1227,1,1
11,1227,3,1
12,1227,1,1
13,1227,1,2
14,1227,1,1
0,1228,3,0
1,1228,1,3
2,1228,1,1
3,1228,3,2
4,1228,1,1
5,1228,3,2
6,1228,1,1
7,1228,2,0
8,1228,1,1
9,1228,3,1
10,1228,1,1
11,1228,3,1
12,1228,1,1
13,1228,1,2
14,1228,1,1
0,1229,3,0
1,1229,1,3
2,1229,1,1
3,1229,3,2
4,1229,1,1
5,1229,3,2
6,1229,1,1
7,1229,2,0
8,1229,1,1
9,1229,3,1
10,1229,1,1
11,1229,3,1
12,1229,1,1
13,1229,1,2
14,1229,1,1
0,1230,3,0
1,1230,1,1
2,1230,1,1
3,1230,1,2
4,1230,1,1
5,1230,1,1
6,1230,1,1
7,1230,1,1
8,1230,1,1
9,1230,1,1
10,1230,1,1
11,1230,1,1
12,1230,2,1
13,1230,3,2
14,1230,1,1
0,1231,3,0
1,1231,1,1
2,1231,3,3
3,1231,1,2
4,1231,1,1
5,1231,1,1
6,1231,1,1
7,1231,1,2
8,1231,1,2
9,1231,1,1
10,1231,1,1
11,1231,1,1
12,1231,1,3
13,1231,1,1
14,1231,1,3
0,1232,3,0
1,1232,1,1
2,1232,3,3
3,1232,1,2
4,1232,1,1
5,1232,1,1
6,1232,1,1
7,1232,1,2
8,1232,1,2
9,1232,1,1
10,1232,1,1
11,1232,1,1
12,1232,1,3
13,1232,1,1
14,1232,1,3
0,1233,3,0
1,1233,1,3
2,1233,1,1
3,1233,3,2
4,1233,1,1
5,1233,3,2
6,1233,1,1
7,1233,2,0
8,1233,1,1
9,1233,3,1
10,1233,1,1
11,1233,3,1
12,1233,1,1
13,1233,1,2
14,1233,1,1
0,1234,3,0
1,1234,1,1
2,1234,3,3
3,1234,1,2
4,1234,1,1
5,1234,1,1
6,1234,1,1
7,1234,1,2
8,1234,1,2
9,1234,1,1
10,1234,1,1
11,1234,1,1
12,1234,1,3
13,1234,1,1
14,1234,1,3
0,1235,3,0
1,1235,1,1
2,1235,3,3
3,1235,1,2
4,1235,1,1
5,1235,1,1
6,1235,1,1
7,1235,1,2
8,1235,1,2
9,1235,1,1
10,1235,1,1
11,1235,1,1
12,1235,1,3
13,1235,1,1
14,1235,1,3
0,1236,3,0
1,1236,1,1
2,1236,2,1
3,1236,1,2
4,1236,1,1
5,1236,1,1
6,1236,1,1
7,1236,1,2
8,1236,2,3
9,1236,1,1
10,1236,1,1
11,1236,1,1
12,1236,1,3
13,1236,1,1
14,1236,1,3
0,1237,3,0
1,1237,1,3
2,1237,1,1
3,1237,3,2
4,1237,1,1
5,1237,3,2
6,1237,1,1
7,1237,2,0
8,1237,1,1
9,1237,3,1
10,1237,1,1
11,1237,3,1
12,1237,1,1
13,1237,1,2
14,1237,1,1
0,1238,3,0
1,1238,1,1
2,1238,2,1
3,1238,1,2
4,1238,1,1
5,1238,1,1
6,1238,1,1
7,1238,1,2
8,1238,2,3
9,1238,1,1
10,1238,1,1
11,1238,1,1
12,1238,1,3
13,1238,1,1
14,1238,1,3
0,1239,3,0
1,1239,1,1
2,1239,2,1
3,1239,1,2
4,1239,1,1
5,1239,1,1
6,1239,1,1
7,1239,1,2
8,1239,2,3
9,1239,1,1
10,1239,1,1
11,1239,1,1
12,1239,1,3
13,1239,1,1
14,1239,1,3
0,1240,3,0
1,1240,1,3
2,1240,1,1
3,1240,3,2
4,1240,1,1
5,1240,3,2
6,1240,1,1
7,1240,2,0
8,1240,1,1
9,1240,3,1
10,1240,1,1
11,1240,3,1
12,1240,1,1
13,1240,1,2
14,1240,1,1
0,1241,3,0
1,1241,1,1
2,1241,2,1
3,1241,1,2
4,1241,1,1
5,1241,1,1
6,1241,1,1
7,1241,1,2
8,1241,2,3
9,1241,1,1
10,1241,1,1
11,1241,1,1
12,1241,1,3
13,1241,1,1
14,1241,1,3
0,1242,1,1
1,1242,1,1
2,1242,1,1
3,1242,1,1
4,1242,1,1
5,1242,1,1
6,1242,1,1
7,1242,1,1
8,1242,1,1
9,1242,1,1
10,1242,1,1
11,1242,1,1
12,1242,1,1
13,1242,1,1
14,1242,1,1
0,1243,3,0
1,1243,1,3
2,1243,1,1
3,1243,3,2
4,1243,1,1
5,1243,3,2
6,1243,1,1
7,1243,2,0
8,1243,1,1
9,1243,3,1
10,1243,1,1
11,1243,3,1
12,1243,1,1
13,1243,1,2
14,1243,1,1
0,1244,3,0
1,1244,1,1
2,1244,3,3
3,1244,1,2
4,1244,1,1
5,1244,1,1
6,1244,1,1
7,1244,1,2
8,1244,1,2
9,1244,1,1
10,1244,1,1
11,1244,1,1
12,1244,1,3
13,1244,1,1
14,1244,1,3
0,1245,3,0
1,1245,1,1
2,1245,3,3
3,1245,1,2
4,1245,1,1
5,1245,1,1
6,1245,1,1
7,1245,1,2
8,1245,1,2
9,1245,1,1
10,1245,1,1
11,1245,1,1
12,1245,1,3
13,1245,1,1
14,1245,1,3
0,1246,3,0
1,1246,1,1
2,1246,3,3
3,1246,1,2
4,1246,1,1
5,1246,1,1
6,1246,1,1
7,1246,1,2
8,1246,1,2
9,1246,1,1
10,1246,1,1
11,1246,1,1
12,1246,1,3
13,1246,1,1
14,1246,1,3
0,1247,3,0
1,1247,1,1
2,1247,2,1
3,1247,1,2
4,1247,1,1
5,1247,1,1
6,1247,1,1
7,1247,1,2
8,1247,2,3
9,1247,1,1
10,1247,1,1
11,1247,1,1
12,1247,1,3
13,1247,1,1
14,1247,1,3
0,1248,3,0
1,1248,1,1
2,1248,3,3
3,1248,1,2
4,1248,1,1
5,1248,1,1
6,1248,1,1
7,1248,1,2
8,1248,1,2
9,1248,1,1
10,1248,1,1
11,1248,1,1
12,1248,1,3
13,1248,1,1
14,1248,1,3
0,1249,3,0
1,1249,1,1
2,1249,3,3
3,1249,1,2
4,1249,1,1
5,1249,1,1
6,1249,1,1
7,1249,1,2
8,1249,1,2
9,1249,1,1
10,1249,1,1
11,1249,1,1
12,1249,1,3
13,1249,1,1
14,1249,1,3
0,1250,3,0
1,1250,1,1
2,1250,1,1
3,1250,1,2
4,1250,1,1
5,1250,1,1
6,1250,1,1
7,1250,1,1
8,1250,1,1
9,1250,1,1
10,1250,1,1
11,1250,1,1
12,1250,2,1
13,1250,3,2
14,1250,1,1
0,1251,1,1
1,1251,1,1
2,1251,1,1
3,1251,1,1
4,1251,1,1
5,1251,1,1
6,1251,1,1
7,1251,1,1
8,1251,1,1
9,1251,1,1
10,1251,1,1
11,1251,1,1
12,1251,1,1
13,1251,1,1
14,1251,1,1
0,1252,3,0
1,1252,1,1
2,1252,3,3
3,1252,1,2
4,1252,1,1
5,1252,1,1
6,1252,1,1
7,1252,1,2
8,1252,1,2
9,1252,1,1
10,1252,1,1
11,1252,1,1
12,1252,1,3
13,1252,1,1
14,1252,1,3
0,1253,3,0
1,1253,1,1
2,1253,2,1
3,1253,1,2
4,1253,1,1
5,1253,1,1
6,1253,1,1
7,1253,1,2
8,1253,2,3
9,1253,1,1
10,1253,1,1
11,1253,1,1
12,1253,1,3
13,1253,1,1
14,1253,1,3
0,1254,3,0
1,1254,1,1
2,1254,1,1
3,1254,1,2
4,1254,1,1
5,1254,1,1
6,1254,1,1
7,1254,1,1
8,1254,1,1
9,1254,1,1
10,1254,1,1
11,1254,1,1
12,1254,2,1
13,1254,3,2
14,1254,1,1
0,1255,3,0
1,1255,1,1
2,1255,3,3
3,1255,1,2
4,1255,1,1
5,1255,1,1
6,1255,1,1
7,1255,1,2
8,1255,1,2
9,1255,1,1
10,1255,1,1
11,1255,1,1
12,1255,1,3
13,1255,1,1
14,1255,1,3
0,1256,3,0
1,1256,1,1
2,1256,3,3
3,1256,1,2
4,1256,3,3
5,1256,1,2
6,1256,1,1
7,1256,1,2
8,1256,1,1
9,1256,1,1
10,1256,1,1
11,1256,1,1
12,1256,1,3
13,1256,1,1
14,1256,1,3
0,1257,3,0
1,1257,1,1
2,1257,3,3
3,1257,1,2
4,1257,1,1
5,1257,1,1
6,1257,1,1
7,1257,1,2
8,1257,1,2
9,1257,1,1
10,1257,1,1
11,1257,1,1
12,1257,1,3
13,1257,1,1
14,1257,1,3
0,1258,3,0
1,1258,1,1
2,1258,3,3
3,1258,1,2
4,1258,3,3
5,1258,1,2
6,1258,1,1
7,1258,1,2
8,1258,1,1
9,1258,1,1
10,1258,1,1
11,1258,1,1
12,1258,1,3
13,1258,1,1
14,1258,1,3
0,1259,3,0
1,1259,1,1
2,1259,3,3
3,1259,1,2
4,1259,3,3
5,1259,1,2
6,1259,1,1
7,1259,1,2
8,1259,1,1
9,1259,1,1
10,1259,1,1
11,1259,1,1
12,1259,1,3
13,1259,1,1
14,1259,1,3
0,1260,3,0
1,1260,1,3
2,1260,1,1
3,1260,3,2
4,1260,1,1
5,1260,3,2
6,1260,1,1
7,1260,2,0
8,1260,1,1
9,1260,3,1
10,1260,1,1
11,1260,3,1
12,1260,1,1
13,1260,1,2
14,1260,1,1
0,1261,3,0
1,1261,1,3
2,1261,1,1
3,1261,3,2
4,1261,1,1
5,1261,3,2
6,1261,1,1
7,1261,2,0
8,1261,1,1
9,1261,3,1
10,1261,1,1
11,1261,3,1
12,1261,1,1
13,1261,1,2
14,1261,1,1
0,1262,3,0
1,1262,1,1
2,1262,2,0
3,1262,1,2
4,1262,1,1
5,1262,1,1
6,1262,1,1
7,1262,1,2
8,1262,1,1
9,1262,1,1
10,1262,1,1
11,1262,1,1
12,1262,1,3
13,1262,1,1
14,1262,1,3
0,1263,3,0
1,1263,0,2
2,1263,1,1
3,1263,1,2
4,1263,1,1
5,1263,3,2
6,1263,1,1
7,1263,2,0
8,1263,1,1
9,1263,3,1
10,1263,1,1
11,1263,3,1
12,1263,1,1
13,1263,1,2
14,1263,1,1
0,1264,3,0
1,1264,1,1
2,1264,3,3
3,1264,1,2
4,1264,1,1
5,1264,1,1
6,1264,1,1
7,1264,1,2
8,1264,1,2
9,1264,1,1
10,1264,1,1
11,1264,1,1
12,1264,1,3
13,1264,1,1
14,1264,1,3
0,1265,3,0
1,1265,1,1
2,1265,3,3
3,1265,1,2
4,1265,3,3
5,1265,1,2
6,1265,1,1
7,1265,1,2
8,1265,1,1
9,1265,1,1
10,1265,1,1
11,1265,1,1
12,1265,1,3
13,1265,1,1
14,1265,1,3
0,1266,3,0
1,1266,0,2
2,1266,1,1
3,1266,1,2
4,1266,1,1
5,1266,3,2
6,1266,1,1
7,1266,2,0
8,1266,1,1
9,1266,3,1
10,1266,1,1
11,1266,3,1
12,1266,1,1
13,1266,1,2
14,1266,1,1
0,1267,3,0
1,1267,1,1
2,1267,3,3
3,1267,1,2
4,1267,1,1
5,1267,1,1
6,1267,1,1
7,1267,1,2
8,1267,1,2
9,1267,1,1
10,1267,1,1
11,1267,1,1
12,1267,1,3
13,1267,1,1
14,1267,1,3
0,1268,3,0
1,1268,1,1
2,1268,1,1
3,1268,1,2
4,1268,1,1
5,1268,1,1
6,1268,1,1
7,1268,1,1
8,1268,1,1
9,1268,1,1
10,1268,1,1
11,1268,1,1
12,1268,2,1
13,1268,3,2
14,1268,1,1
0,1269,3,0
1,1269,1,1
2,1269,3,3
3,1269,1,2
4,1269,3,3
5,1269,1,2
6,1269,1,1
7,1269,1,2
8,1269,1,1
9,1269,1,1
10,1269,1,1
11,1269,1,1
12,1269,1,3
13,1269,1,1
14,1269,1,3
0,1270,3,0
1,1270,1,3
2,1270,1,1
3,1270,3,2
4,1270,1,1
5,1270,3,2
6,1270,1,1
7,1270,2,0
8,1270,1,1
9,1270,3,1
10,1270,1,1
11,1270,3,1
12,1270,1,1
13,1270,1,2
14,1270,1,1
0,1271,3,0
1,1271,1,1
2,1271,2,1
3,1271,1,2
4,1271,1,1
5,1271,1,1
6,1271,1,1
7,1271,1,2
8,1271,2,3
9,1271,1,1
10,1271,1,1
11,1271,1,1
12,1271,1,3
13,1271,1,1
14,1271,1,3
0,1272,3,0
1,1272,1,1
2,1272,2,0
3,1272,1,2
4,1272,1,1
5,1272,1,1
6,1272,1,1
7,1272,1,2
8,1272,1,1
9,1272,1,1
10,1272,1,1
11,1272,1,1
12,1272,1,3
13,1272,1,1
14,1272,1,3
0,1273,3,0
1,1273,1,1
2,1273,3,3
3,1273,1,2
4,1273,3,3
5,1273,1,2
6,1273,1,1
7,1273,1,2
8,1273,1,1
9,1273,1,1
10,1273,1,1
11,1273,1,1
12,1273,1,3
13,1273,1,1
14,1273,1,3
0,1274,1,1
1,1274,1,1
2,1274,1,1
3,1274,1,1
4,1274,1,1
5,1274,1,1
6,1274,1,1
7,1274,1,1
8,1274,1,1
9,1274,1,1
10,1274,1,1
11,1274,1,1
12,1274,1,1
13,1274,1,1
14,1274,1,1
0,1275,3,0
1,1275,1,1
2,1275,2,0
3,1275,1,2
4,1275,1,1
5,1275,1,1
6,1275,1,1
7,1275,1,2
8,1275,1,1
9,1275,1,1
10,1275,1,1
11,1275,1,1
12,1275,1,3
13,1275,1,1
14,1275,1,3
0,1276,3,0
1,1276,1,1
2,1276,2,1
3,1276,1,2
4,1276,1,1
5,1276,1,1
6,1276,1,1
7,1276,1,2
8,1276,2,3
9,1276,1,1
10,1276,1,1
11,1276,1,1
12,1276,1,3
13,1276,1,1
14,1276,1,3
0,1277,3,0
1,1277,1,3
2,1277,1,1
3,1277,3,2
4,1277,1,1
5,1277,3,2
6,1277,1,1
7,1277,2,0
8,1277,1,1
9,1277,3,1
10,1277,1,1
11,1277,3,1
12,1277,1,1
13,1277,1,2
14,1277,1,1
0,1278,3,0
1,1278,1,3
2,1278,1,1
3,1278,3,2
4,1278,1,1
5,1278,3,2
6,1278,1,1
7,1278,2,0
8,1278,1,1
9,1278,3,1
10,1278,1,1
11,1278,3,1
12,1278,1,1
13,1278,1,2
14,1278,1,1
0,1279,3,0
1,1279,1,1
2,1279,3,3
3,1279,1,2
4,1279,1,1
5,1279,1,1
6,1279,1,1
7,1279,1,2
8,1279,1,2
9,1279,1,1
10,1279,1,1
11,1279,1,1
12,1279,1,3
13,1279,1,1
14,1279,1,3
0,1280,3,0
1,1280,1,1
2,1280,1,1
3,1280,1,2
4,1280,1,1
5,1280,1,1
6,1280,1,1
7,1280,1,1
8,1280,1,1
9,1280,1,1
10,1280,1,1
11,1280,1,1
12,1280,2,1
13,1280,3,2
14,1280,1,1
0,1281,1,1
1,1281,1,1
2,1281,1,1
3,1281,1,1
4,1281,1,1
5,1281,1,1
6,1281,1,1
7,1281,1,1
8,1281,1,1
9,1281,1,1
10,1281,1,1
11,1281,1,1
12,1281,1,1
13,1281,1,1
14,1281,1,1
0,1282,3,0
1,1282,1,1
2,1282,3,3
3,1282,1,2
4,1282,3,3
5,1282,1,2
6,1282,1,1
7,1282,1,2
8,1282,1,1
9,1282,1,1
10,1282,1,1
11,1282,1,1
12,1282,1,3
13,1282,1,1
14,1282,1,3
0,1283,3,0
1,1283,0,2
2,1283,1,1
3,1283,1,2
4,1283,1,1
5,1283,3,2
6,1283,1,1
7,1283,2,0
8,1283,1,1
9,1283,3,1
10,1283,1,1
11,1283,3,1
12,1283,1,1
13,1283,1,2
14,1283,1,1
0,1284,3,0
1,1284,1,1
2,1284,2,1
3,1284,1,2
4,1284,1,1
5,1284,1,1
6,1284,1,1
7,1284,1,2
8,1284,2,3
9,1284,1,1
10,1284,1,1
11,1284,1,1
12,1284,1,3
13,1284,1,1
14,1284,1,3
0,1285,3,0
1,1285,1,3
2,1285,1,1
3,1285,3,2
4,1285,1,1
5,1285,3,2
6,1285,1,1
7,1285,2,0
8,1285,1,1
9,1285,3,1
10,1285,1,1
11,1285,3,1
12,1285,1,1
13,1285,1,2
14,1285,1,1
0,1286,3,0
1,1286,1,1
2,1286,3,3
3,1286,1,2
4,1286,1,1
5,1286,1,1
6,1286,1,1
7,1286,1,2
8,1286,1,2
9,1286,1,1
10,1286,1,1
11,1286,1,1
12,1286,1,3
13,1286,1,1
14,1286,1,3
0,1287,3,0
1,1287,1,1
2,1287,3,3
3,1287,1,2
4,1287,1,1
5,1287,1,1
6,1287,1,1
7,1287,1,2
8,1287,1,2
9,1287,1,1
10,1287,1,1
11,1287,1,1
12,1287,1,3
13,1287,1,1
14,1287,1,3
0,1288,3,0
1,1288,1,1
2,1288,3,3
3,1288,1,2
4,1288,1,1
5,1288,1,1
6,1288,1,1
7,1288,1,2
8,1288,1,2
9,1288,1,1
10,1288,1,1
11,1288,1,1
12,1288,1,3
13,1288,1,1
14,1288,1,3
0,1289,3,0
1,1289,1,1
2,1289,3,3
3,1289,1,2
4,1289,1,1
5,1289,1,1
6,1289,1,1
7,1289,1,2
8,1289,1,2
9,1289,1,1
10,1289,1,1
11,1289,1,1
12,1289,1,3
13,1289,1,1
14,1289,1,3
0,1290,3,0
1,1290,1,1
2,1290,3,3
3,1290,1,2
4,1290,1,1
5,1290,1,1
6,1290,1,1
7,1290,1,2
8,1290,1,2
9,1290,1,1
10,1290,1,1
11,1290,1,1
12,1290,1,3
13,1290,1,1
14,1290,1,3
0,1291,3,0
1,1291,1,1
2,1291,1,1
3,1291,1,2
4,1291,1,1
5,1291,1,1
6,1291,1,1
7,1291,1,1
8,1291,1,1
9,1291,1,1
10,1291,1,1
11,1291,1,1
12,1291,2,1
13,1291,3,2
14,1291,1,1
0,1292,3,0
1,1292,1,3
2,1292,1,1
3,1292,3,2
4,1292,1,1
5,1292,3,2
6,1292,1,1
7,1292,2,0
8,1292,1,1
9,1292,3,1
10,1292,1,1
11,1292,3,1
12,1292,1,1
13,1292,1,2
14,1292,1,1
0,1293,3,0
1,1293,1,1
2,1293,2,1
3,1293,1,2
4,1293,1,1
5,1293,1,1
6,1293,1,1
7,1293,1,2
8,1293,2,3
9,1293,1,1
10,1293,1,1
11,1293,1,1
12,1293,1,3
13,1293,1,1
14,1293,1,3
0,1294,1,1
1,1294,1,1
2,1294,1,1
3,1294,1,1
4,1294,1,1
5,1294,1,1
6,1294,1,1
7,1294,1,1
8,1294,1,1
9,1294,1,1
10,1294,1,1
11,1294,1,1
12,1294,1,1
13,1294,1,1
14,1294,1,1
0,1295,3,0
1,1295,1,3
2,1295,1,1
3,1295,3,2
4,1295,1,1
5,1295,3,2
6,1295,1,1
7,1295,2,0
8,1295,1,1
9,1295,3,1
10,1295,1,1
11,1295,3,1
12,1295,1,1
13,1295,1,2
14,1295,1,1
0,1296,3,0
1,1296,1,1
2,1296,3,3
3,1296,1,2
4,1296,1,1
5,1296,1,1
6,1296,1,1
7,1296,1,2
8,1296,1,2
9,1296,1,1
10,1296,1,1
11,1296,1,1
12,1296,1,3
13,1296,1,1
14,1296,1,3
0,1297,3,0
1,1297,1,1
2,1297,1,1
3,1297,1,2
4,1297,1,1
5,1297,1,1
6,1297,1,1
7,1297,1,1
8,1297,1,1
9,1297,1,1
10,1297,1,1
11,1297,1,1
12,1297,2,1
13,1297,3,2
14,1297,1,1
0,1298,3,0
1,1298,1,1
2,1298,2,1
3,1298,1,2
4,1298,1,1
5,1298,1,1
6,1298,1,1
7,1298,1,2
8,1298,2,3
9,1298,1,1
10,1298,1,1
11,1298,1,1
12,1298,1,3
13,1298,1,1
14,1298,1,3
0,1299,3,0
1,1299,1,3
2,1299,1,1
3,1299,3,2
4,1299,1,1
5,1299,3,2
6,1299,1,1
7,1299,2,0
8,1299,1,1
9,1299,3,1
10,1299,1,1
11,1299,3,1
12,1299,1,1
13,1299,1,2
14,1299,1,1
0,1300,3,0
1,1300,1,3
2,1300,1,1
3,1300,3,2
4,1300,1,1
5,1300,3,2
6,1300,1,1
7,1300,2,0
8,1300,1,1
9,1300,3,1
10,1300,1,1
11,1300,3,1
12,1300,1,1
13,1300,1,2
14,1300,1,1
0,1301,1,1
1,1301,1,1
2,1301,1,1
3,1301,1,1
4,1301,1,1
5,1301,1,1
6,1301,1,1
7,1301,1,1
8,1301,1,1
9,1301,1,1
10,1301,1,1
11,1301,1,1
12,1301,1,1
13,1301,1,1
14,1301,1,1
0,1302,3,0
1,1302,1,3
2,1302,1,1
3,1302,3,2
4,1302,1,1
5,1302,3,2
6,1302,1,1
7,1302,2,0
8,1302,1,1
9,1302,3,1
10,1302,1,1
11,1302,3,1
12,1302,1,1
13,1302,1,2
14,1302,1,1
0,1303,3,0
1,1303,1,1
2,1303,1,1
3,1303,1,2
4,1303,1,1
5,1303,1,1
6,1303,1,1
7,1303,3,0
8,1303,1,1
9,1303,1,1
10,1303,1,1
11,1303,1,1
12,1303,3,3
13,1303,3,2
14,1303,1,1
0,1304,3,0
1,1304,1,1
2,1304,3,3
3,1304,1,2
4,1304,1,1
5,1304,1,1
6,1304,1,1
7,1304,1,2
8,1304,1,2
9,1304,1,1
10,1304,1,1
11,1304,1,1
12,1304,1,3
13,1304,1,1
14,1304,1,3
0,1305,3,0
1,1305,1,3
2,1305,1,1
3,1305,3,2
4,1305,1,1
5,1305,3,2
6,1305,1,1
7,1305,2,0
8,1305,1,1
9,1305,3,1
10,1305,1,1
11,1305,3,1
12,1305,1,1
13,1305,1,2
14,1305,1,1
0,1306,3,0
1,1306,0,2
2,1306,1,1
3,1306,1,2
4,1306,1,1
5,1306,3,2
6,1306,1,1
7,1306,2,0
8,1306,1,1
9,1306,3,1
10,1306,1,1
11,1306,3,1
12,1306,1,1
13,1306,1,2
14,1306,1,1
0,1307,3,0
1,1307,1,1
2,1307,1,1
3,1307,1,2
4,1307,1,1
5,1307,1,1
6,1307,1,1
7,1307,3,0
8,1307,1,1
9,1307,1,1
10,1307,1,1
11,1307,1,1
12,1307,3,3
13,1307,3,2
14,1307,1,1
0,1308,3,0
1,1308,1,1
2,1308,3,3
3,1308,1,2
4,1308,1,1
5,1308,1,1
6,1308,1,1
7,1308,1,2
8,1308,1,2
9,1308,1,1
10,1308,1,1
11,1308,1,1
12,1308,1,3
13,1308,1,1
14,1308,1,3
0,1309,3,0
1,1309,1,3
2,1309,1,1
3,1309,3,2
4,1309,1,1
5,1309,3,2
6,1309,1,1
7,1309,2,0
8,1309,1,1
9,1309,3,1
10,1309,1,1
11,1309,3,1
12,1309,1,1
13,1309,1,2
14,1309,1,1
0,1310,3,0
1,1310,0,2
2,1310,1,1
3,1310,1,2
4,1310,1,1
5,1310,3,2
6,1310,1,1
7,1310,2,0
8,1310,1,1
9,1310,3,1
10,1310,1,1
11,1310,3,1
12,1310,1,1
13,1310,1,2
14,1310,1,1
0,1311,3,0
1,1311,1,1
2,1311,2,0
3,1311,1,2
4,1311,1,1
5,1311,1,1
6,1311,1,1
7,1311,1,2
8,1311,1,1
9,1311,1,1
10,1311,1,1
11,1311,1,1
12,1311,1,3
13,1311,1,1
14,1311,1,3
0,1312,3,0
1,1312,0,2
2,1312,1,1
3,1312,1,2
4,1312,1,1
5,1312,3,2
6,1312,1,1
7,1312,2,0
8,1312,1,1
9,1312,3,1
10,1312,1,1
11,1312,3,1
12,1312,1,1
13,1312,1,2
14,1312,1,1
0,1313,3,0
1,1313,1,1
2,1313,3,3
3,1313,1,2
4,1313,1,1
5,1313,1,1
6,1313,1,1
7,1313,1,2
8,1313,1,2
9,1313,1,1
10,1313,1,1
11,1313,1,1
12,1313,1,3
13,1313,1,1
14,1313,1,3
0,1314,3,0
1,1314,1,1
2,1314,1,1
3,1314,1,2
4,1314,1,1
5,1314,1,1
6,1314,1,1
7,1314,1,1
8,1314,1,1
9,1314,1,1
10,1314,1,1
11,1314,1,1
12,1314,2,1
13,1314,3,2
14,1314,1,1
0,1315,3,0
1,1315,1,1
2,1315,2,1
3,1315,1,2
4,1315,1,1
5,1315,1,1
6,1315,1,1
7,1315,1,2
8,1315,2,3
9,1315,1,1
10,1315,1,1
11,1315,1,1
12,1315,1,3
13,1315,1,1
14,1315,1,3
0,1316,3,0
1,1316,1,3
2,1316,1,1
3,1316,3,2
4,1316,1,1
5,1316,3,2
6,1316,1,1
7,1316,2,0
8,1316,1,1
9,1316,3,1
10,1316,1,1
11,1316,3,1
12,1316,1,1
13,1316,1,2
14,1316,1,1
0,1317,1,1
1,1317,1,1
2,1317,1,1
3,1317,1,1
4,1317,1,1
5,1317,1,1
6,1317,1,1
7,1317,1,1
8,1317,1,1
9,1317,1,1
10,1317,1,1
11,1317,1,1
12,1317,1,1
13,1317,1,1
14,1317,1,1
0,1318,3,0
1,1318,1,1
2,1318,2,0
3,1318,1,2
4,1318,1,1
5,1318,1,1
6,1318,1,1
7,1318,1,2
8,1318,1,1
9,1318,1,1
10,1318,1,1
11,1318,1,1
12,1318,1,3
13,1318,1,1
14,1318,1,3
0,1319,3,0
1,1319,1,1
2,1319,3,3
3,1319,1,2
4,1319,3,3
5,1319,1,2
6,1319,1,1
7,1319,1,2
8,1319,1,1
9,1319,1,1
10,1319,1,1
11,1319,1,1
12,1319,1,3
13,1319,1,1
14,1319,1,3
0,1320,3,0
1,1320,1,1
2,1320,1,1
3,1320,1,2
4,1320,1,1
5,1320,1,1
6,1320,1,1
7,1320,1,1
8,1320,1,1
9,1320,1,1
10,1320,1,1
11,1320,1,1
12,1320,2,1
13,1320,3,2
14,1320,1,1
0,1321,1,1
1,1321,1,1
2,1321,1,1
3,1321,1,1
4,1321,1,1
5,1321,1,1
6,1321,1,1
7,1321,1,1
8,1321,1,1
9,1321,1,1
10,1321,1,1
11,1321,1,1
12,1321,1,1
13,1321,1,1
14,1321,1,1
0,1322,1,1
1,1322,1,1
2,1322,1,1
3,1322,1,1
4,1322,1,1
5,1322,1,1
6,1322,1,1
7,1322,1,1
8,1322,1,1
9,1322,1,1
10,1322,1,1
11,1322,1,1
12,1322,1,1
13,1322,1,1
14,1322,1,1
0,1323,3,0
1,1323,1,3
2,1323,1,1
3,1323,3,2
4,1323,1,1
5,1323,3,2
6,1323,1,1
7,1323,2,0
8,1323,1,1
9,1323,3,1
10,1323,1,1
11,1323,3,1
12,1323,1,1
13,1323,1,2
14,1323,1,1
0,1324,1,1
1,1324,1,1
2,1324,1,1
3,1324,1,1
4,1324,1,1
5,1324,1,1
6,1324,1,1
7,1324,1,1
8,1324,1,1
9,1324,1,1
10,1324,1,1
11,1324,1,1
12,1324,1,1
13,1324,1,1
14,1324,1,1
0,1325,3,0
1,1325,1,1
2,1325,3,3
3,1325,1,2
4,1325,3,3
5,1325,1,2
6,1325,1,1
7,1325,1,2
8,1325,1,1
9,1325,1,1
10,1325,1,1
11,1325,1,1
12,1325,1,3
13,1325,1,1
14,1325,1,3
0,1326,3,0
1,1326,1,1
2,1326,3,3
3,1326,1,2
4,1326,1,1
5,1326,1,1
6,1326,1,1
7,1326,1,2
8,1326,1,2
9,1326,1,1
10,1326,1,1
11,1326,1,1
12,1326,1,3
13,1326,1,1
14,1326,1,3
0,1327,3,0
1,1327,0,2
2,1327,1,1
3,1327,1,2
4,1327,1,1
5,1327,3,2
6,1327,1,1
7,1327,2,0
8,1327,1,1
9,1327,3,1
10,1327,1,1
11,1327,3,1
12,1327,1,1
13,1327,1,2
14,1327,1,1
0,1328,1,1
1,1328,1,1
2,1328,1,1
3,1328,1,1
4,1328,1,1
5,1328,1,1
6,1328,1,1
7,1328,1,1
8,1328,1,1
9,1328,1,1
10,1328,1,1
11,1328,1,1
12,1328,1,1
13,1328,1,1
14,1328,1,1
0,1329,3,0
1,1329,1,1
2,1329,2,1
3,1329,1,2
4,1329,1,1
5,1329,1,1
6,1329,1,1
7,1329,1,2
8,1329,2,3
9,1329,1,1
10,1329,1,1
11,1329,1,1
12,1329,1,3
13,1329,1,1
14,1329,1,3
0,1330,3,0
1,1330,1,3
2,1330,1,1
3,1330,3,2
4,1330,1,1
5,1330,3,2
6,1330,1,1
7,1330,2,0
8,1330,1,1
9,1330,3,1
10,1330,1,1
11,1330,3,1
12,1330,1,1
13,1330,1,2
14,1330,1,1
0,1331,3,0
1,1331,1,1
2,1331,1,1
3,1331,1,2
4,1331,1,1
5,1331,1,1
6,1331,1,1
7,1331,3,0
8,1331,1,1
9,1331,1,1
10,1331,1,1
11,1331,1,1
12,1331,3,3
13,1331,3,2
14,1331,1,1
0,1332,3,0
1,1332,1,1
2,1332,1,1
3,1332,1,2
4,1332,1,1
5,1332,1,1
6,1332,1,1
7,1332,1,1
8,1332,1,1
9,1332,1,1
10,1332,1,1
11,1332,1,1
12,1332,2,1
13,1332,3,2
14,1332,1,1
0,1333,3,0
1,1333,1,1
2,1333,3,3
3,1333,1,2
4,1333,1,1
5,1333,1,1
6,1333,1,1
7,1333,1,2
8,1333,1,2
9,1333,1,1
10,1333,1,1
11,1333,1,1
12,1333,1,3
13,1333,1,1
14,1333,1,3
0,1334,3,0
1,1334,1,1
2,1334,3,3
3,1334,1,2
4,1334,1,1
5,1334,1,1
6,1334,1,1
7,1334,1,2
8,1334,1,2
9,1334,1,1
10,1334,1,1
11,1334,1,1
12,1334,1,3
13,1334,1,1
14,1334,1,3
0,1335,3,0
1,1335,1,1
2,1335,2,1
3,1335,1,2
4,1335,1,1
5,1335,1,1
6,1335,1,1
7,1335,1,2
8,1335,2,3
9,1335,1,1
10,1335,1,1
11,1335,1,1
12,1335,1,3
13,1335,1,1
14,1335,1,3
0,1336,3,0
1,1336,1,3
2,1336,1,1
3,1336,3,2
4,1336,1,1
5,1336,3,2
6,1336,1,1
7,1336,2,0
8,1336,1,1
9,1336,3,1
10,1336,1,1
11,1336,3,1
12,1336,1,1
13,1336,1,2
14,1336,1,1
0,1337,3,0
1,1337,1,1
2,1337,2,0
3,1337,1,2
4,1337,1,1
5,1337,1,1
6,1337,1,1
7,1337,1,2
8,1337,1,1
9,1337,1,1
10,1337,1,1
11,1337,1,1
12,1337,1,3
13,1337,1,1
14,1337,1,3
0,1338,3,0
1,1338,1,1
2,1338,3,3
3,1338,1,2
4,1338,1,1
5,1338,1,1
6,1338,1,1
7,1338,1,2
8,1338,1,2
9,1338,1,1
10,1338,1,1
11,1338,1,1
12,1338,1,3
13,1338,1,1
14,1338,1,3
0,1339,3,0
1,1339,1,1
2,1339,1,1
3,1339,1,2
4,1339,1,1
5,1339,1,1
6,1339,1,1
7,1339,1,1
8,1339,1,1
9,1339,1,1
10,1339,1,1
11,1339,1,1
12,1339,2,1
13,1339,3,2
14,1339,1,1
0,1340,3,0
1,1340,1,1
2,1340,3,3
3,1340,1,2
4,1340,1,1
5,1340,1,1
6,1340,1,1
7,1340,1,2
8,1340,1,2
9,1340,1,1
10,1340,1,1
11,1340,1,1
12,1340,1,3
13,1340,1,1
14,1340,1,3
0,1341,3,0
1,1341,1,1
2,1341,3,3
3,1341,1,2
4,1341,1,1
5,1341,1,1
6,1341,1,1
7,1341,1,2
8,1341,1,2
9,1341,1,1
10,1341,1,1
11,1341,1,1
12,1341,1,3
13,1341,1,1
14,1341,1,3
0,1342,3,0
1,1342,1,3
2,1342,1,1
3,1342,3,2
4,1342,1,1
5,1342,3,2
6,1342,1,1
7,1342,2,0
8,1342,1,1
9,1342,3,1
10,1342,1,1
11,1342,3,1
12,1342,1,1
13,1342,1,2
14,1342,1,1
0,1343,3,0
1,1343,0,2
2,1343,1,1
3,1343,1,2
4,1343,1,1
5,1343,3,2
6,1343,1,1
7,1343,2,0
8,1343,1,1
9,1343,3,1
10,1343,1,1
11,1343,3,1
12,1343,1,1
13,1343,1,2
14,1343,1,1
0,1344,3,0
1,1344,1,3
2,1344,1,1
3,1344,3,2
4,1344,1,1
5,1344,3,2
6,1344,1,1
7,1344,2,0
8,1344,1,1
9,1344,3,1
10,1344,1,1
11,1344,3,1
12,1344,1,1
13,1344,1,2
14,1344,1,1
0,1345,3,0
1,1345,1,3
2,1345,1,1
3,1345,3,2
4,1345,1,1
5,1345,3,2
6,1345,1,1
7,1345,2,0
8,1345,1,1
9,1345,3,1
10,1345,1,1
11,1345,3,1
12,1345,1,1
13,1345,1,2
14,1345,1,1
0,1346,3,0
1,1346,1,1
2,1346,3,3
3,1346,1,2
4,1346,1,1
5,1346,1,1
6,1346,1,1
7,1346,1,2
8,1346,1,2
9,1346,1,1
10,1346,1,1
11,1346,1,1
12,1346,1,3
13,1346,1,1
14,1346,1,3
0,1347,3,0
1,1347,1,1
2,1347,2,1
3,1347,1,2
4,1347,1,1
5,1347,1,1
6,1347,1,1
7,1347,1,2
8,1347,2,3
9,1347,1,1
10,1347,1,1
11,1347,1,1
12,1347,1,3
13,1347,1,1
14,1347,1,3
0,1348,3,0
1,1348,1,1
2,1348,1,1
3,1348,1,2
4,1348,1,1
5,1348,1,1
6,1348,1,1
7,1348,1,1
8,1348,1,1
9,1348,1,1
10,1348,1,1
11,1348,1,1
12,1348,2,1
13,1348,3,2
14,1348,1,1
0,1349,3,0
1,1349,1,1
2,1349,2,1
3,1349,1,2
4,1349,1,1
5,1349,1,1
6,1349,1,1
7,1349,1,2
8,1349,2,3
9,1349,1,1
10,1349,1,1
11,1349,1,1
12,1349,1,3
13,1349,1,1
14,1349,1,3
0,1350,3,0
1,1350,1,3
2,1350,1,1
3,1350,3,2
4,1350,1,1
5,1350,3,2
6,1350,1,1
7,1350,2,0
8,1350,1,1
9,1350,3,1
10,1350,1,1
11,1350,3,1
12,1350,1,1
13,1350,1,2
14,1350,1,1
0,1351,3,0
1,1351,1,1
2,1351,2,1
3,1351,1,2
4,1351,1,1
5,1351,1,1
6,1351,1,1
7,1351,1,2
8,1351,2,3
9,1351,1,1
10,1351,1,1
11,1351,1,1
12,1351,1,3
13,1351,1,1
14,1351,1,3
0,1352,3,0
1,1352,1,1
2,1352,3,3
3,1352,1,2
4,1352,3,3
5,1352,1,2
6,1352,1,1
7,1352,1,2
8,1352,1,1
9,1352,1,1
10,1352,1,1
11,1352,1,1
12,1352,1,3
13,1352,1,1
14,1352,1,3
0,1353,3,0
1,1353,1,1
2,1353,3,3
3,1353,1,2
4,1353,3,3
5,1353,1,2
6,1353,1,1
7,1353,1,2
8,1353,1,1
9,1353,1,1
10,1353,1,1
11,1353,1,1
12,1353,1,3
13,1353,1,1
14,1353,1,3
0,1354,3,0
1,1354,1,1
2,1354,3,3
3,1354,1,2
4,1354,1,1
5,1354,1,1
6,1354,1,1
7,1354,1,2
8,1354,1,2
9,1354,1,1
10,1354,1,1
11,1354,1,1
12,1354,1,3
13,1354,1,1
14,1354,1,3
0,1355,3,0
1,1355,1,1
2,1355,3,3
3,1355,1,2
4,1355,1,1
5,1355,1,1
6,1355,1,1
7,1355,1,2
8,1355,1,2
9,1355,1,1
10,1355,1,1
11,1355,1,1
12,1355,1,3
13,1355,1,1
14,1355,1,3
0,1356,3,0
1,1356,1,1
2,1356,2,0
3,1356,1,2
4,1356,1,1
5,1356,1,1
6,1356,1,1
7,1356,1,2
8,1356,1,1
9,1356,1,1
10,1356,1,1
11,1356,1,1
12,1356,1,3
13,1356,1,1
14,1356,1,3
0,1357,3,0
1,1357,1,1
2,1357,2,1
3,1357,1,2
4,1357,1,1
5,1357,1,1
6,1357,1,1
7,1357,1,2
8,1357,2,3
9,1357,1,1
10,1357,1,1
11,1357,1,1
12,1357,1,3
13,1357,1,1
14,1357,1,3
0,1358,3,0
1,1358,1,1
2,1358,3,3
3,1358,1,2
4,1358,1,1
5,1358,1,1
6,1358,1,1
7,1358,1,2
8,1358,1,2
9,1358,1,1
10,1358,1,1
11,1358,1,1
12,1358,1,3
13,1358,1,1
14,1358,1,3
0,1359,1,1
1,1359,1,1
2,1359,1,1
3,1359,1,1
4,1359,1,1
5,1359,1,1
6,1359,1,1
7,1359,1,1
8,1359,1,1
9,1359,1,1
10,1359,1,1
11,1359,1,1
12,1359,1,1
13,1359,1,1
14,1359,1,1
0,1360,3,0
1,1360,1,1
2,1360,3,3
3,1360,1,2
4,1360,1,1
5,1360,1,1
6,1360,1,1
7,1360,1,2
8,1360,1,2
9,1360,1,1
10,1360,1,1
11,1360,1,1
12,1360,1,3
13,1360,1,1
14,1360,1,3
0,1361,1,1
1,1361,1,1
2,1361,1,1
3,1361,1,1
4,1361,1,1
5,1361,1,1
6,1361,1,1
7,1361,1,1
8,1361,1,1
9,1361,1,1
10,1361,1,1
11,1361,1,1
12,1361,1,1
13,1361,1,1
14,1361,1,1
0,1362,3,0
1,1362,1,1
2,1362,3,3
3,1362,1,2
4,1362,1,1
5,1362,1,1
6,1362,1,1
7,1362,1,2
8,1362,1,2
9,1362,1,1
10,1362,1,1
11,1362,1,1
12,1362,1,3
13,1362,1,1
14,1362,1,3
0,1363,3,0
1,1363,1,1
2,1363,3,3
3,1363,1,2
4,1363,1,1
5,1363,1,1
6,1363,1,1
7,1363,1,2
8,1363,1,2
9,1363,1,1
10,1363,1,1
11,1363,1,1
12,1363,1,3
13,1363,1,1
14,1363,1,3
0,1364,3,0
1,1364,1,1
2,1364,3,3
3,1364,1,2
4,1364,1,1
5,1364,1,1
6,1364,1,1
7,1364,1,2
8,1364,1,2
9,1364,1,1
10,1364,1,1
11,1364,1,1
12,1364,1,3
13,1364,1,1
14,1364,1,3
0,1365,3,0
1,1365,1,1
2,1365,3,3
3,1365,1,2
4,1365,3,3
5,1365,1,2
6,1365,1,1
7,1365,1,2
8,1365,1,1
9,1365,1,1
10,1365,1,1
11,1365,1,1
12,1365,1,3
13,1365,1,1
14,1365,1,3
0,1366,3,0
1,1366,1,1
2,1366,3,3
3,1366,1,2
4,1366,1,1
5,1366,1,1
6,1366,1,1
7,1366,1,2
8,1366,1,2
9,1366,1,1
10,1366,1,1
11,1366,1,1
12,1366,1,3
13,1366,1,1
14,1366,1,3
0,1367,1,1
1,1367,1,1
2,1367,1,1
3,1367,1,1
4,1367,1,1
5,1367,1,1
6,1367,1,1
7,1367,1,1
8,1367,1,1
9,1367,1,1
10,1367,1,1
11,1367,1,1
12,1367,1,1
13,1367,1,1
14,1367,1,1
0,1368,3,0
1,1368,1,1
2,1368,2,1
3,1368,1,2
4,1368,1,1
5,1368,1,1
6,1368,1,1
7,1368,1,2
8,1368,2,3
9,1368,1,1
10,1368,1,1
11,1368,1,1
12,1368,1,3
13,1368,1,1
14,1368,1,3
0,1369,3,0
1,1369,1,1
2,1369,2,1
3,1369,1,2
4,1369,1,1
5,1369,1,1
6,1369,1,1
7,1369,1,2
8,1369,2,3
9,1369,1,1
10,1369,1,1
11,1369,1,1
12,1369,1,3
13,1369,1,1
14,1369,1,3
0,1370,1,1
1,1370,1,1
2,1370,1,1
3,1370,1,1
4,1370,1,1
5,1370,1,1
6,1370,1,1
7,1370,1,1
8,1370,1,1
9,1370,1,1
10,1370,1,1
11,1370,1,1
12,1370,1,1
13,1370,1,1
14,1370,1,1
0,1371,1,1
1,1371,1,1
2,1371,1,1
3,1371,1,1
4,1371,1,1
5,1371,1,1
6,1371,1,1
7,1371,1,1
8,1371,1,1
9,1371,1,1
10,1371,1,1
11,1371,1,1
12,1371,1,1
13,1371,1,1
14,1371,1,1
0,1372,3,0
1,1372,1,3
2,1372,1,1
3,1372,3,2
4,1372,1,1
5,1372,3,2
6,1372,1,1
7,1372,2,0
8,1372,1,1
9,1372,3,1
10,1372,1,1
11,1372,3,1
12,1372,1,1
13,1372,1,2
14,1372,1,1
0,1373,1,1
1,1373,1,1
2,1373,1,1
3,1373,1,1
4,1373,1,1
5,1373,1,1
6,1373,1,1
7,1373,1,1
8,1373,1,1
9,1373,1,1
10,1373,1,1
11,1373,1,1
12,1373,1,1
13,1373,1,1
14,1373,1,1
0,1374,3,0
1,1374,1,1
2,1374,1,1
3,1374,1,2
4,1374,1,1
5,1374,1,1
6,1374,1,1
7,1374,1,1
8,1374,1,1
9,1374,1,1
10,1374,1,1
11,1374,1,1
12,1374,2,1
13,1374,3,2
14,1374,1,1
0,1375,3,0
1,1375,1,3
2,1375,1,1
3,1375,3,2
4,1375,1,1
5,1375,3,2
6,1375,1,1
7,1375,2,0
8,1375,1,1
9,1375,3,1
10,1375,1,1
11,1375,3,1
12,1375,1,1
13,1375,1,2
14,1375,1,1
0,1376,3,0
1,1376,1,1
2,1376,3,3
3,1376,1,2
4,1376,1,1
5,1376,1,1
6,1376,1,1
7,1376,1,2
8,1376,1,2
9,1376,1,1
10,1376,1,1
11,1376,1,1
12,1376,1,3
13,1376,1,1
14,1376,1,3
0,1377,3,0
1,1377,1,1
2,1377,3,3
3,1377,1,2
4,1377,1,1
5,1377,1,1
6,1377,1,1
7,1377,1,2
8,1377,1,2
9,1377,1,1
10,1377,1,1
11,1377,1,1
12,1377,1,3
13,1377,1,1
14,1377,1,3
0,1378,3,0
1,1378,1,1
2,1378,3,3
3,1378,1,2
4,1378,1,1
5,1378,1,1
6,1378,1,1
7,1378,1,2
8,1378,1,2
9,1378,1,1
10,1378,1,1
11,1378,1,1
12,1378,1,3
13,1378,1,1
14,1378,1,3
0,1379,3,0
1,1379,1,3
2,1379,1,1
3,1379,3,2
4,1379,1,1
5,1379,3,2
6,1379,1,1
7,1379,2,0
8,1379,1,1
9,1379,3,1
10,1379,1,1
11,1379,3,1
12,1379,1,1
13,1379,1,2
14,1379,1,1
0,1380,3,0
1,1380,1,3
2,1380,1,1
3,1380,3,2
4,1380,1,1
5,1380,3,2
6,1380,1,1
7,1380,2,0
8,1380,1,1
9,1380,3,1
10,1380,1,1
11,1380,3,1
12,1380,1,1
13,1380,1,2
14,1380,1,1
0,1381,3,0
1,1381,1,1
2,1381,3,3
3,1381,1,2
4,1381,1,1
5,1381,1,1
6,1381,1,1
7,1381,1,2
8,1381,1,2
9,1381,1,1
10,1381,1,1
11,1381,1,1
12,1381,1,3
13,1381,1,1
14,1381,1,3
0,1382,3,0
1,1382,1,1
2,1382,1,1
3,1382,1,2
4,1382,1,1
5,1382,1,1
6,1382,1,1
7,1382,1,1
8,1382,1,1
9,1382,1,1
10,1382,1,1
11,1382,1,1
12,1382,2,1
13,1382,3,2
14,1382,1,1
0,1383,3,0
1,1383,1,1
2,1383,3,3
3,1383,1,2
4,1383,1,1
5,1383,1,1
6,1383,1,1
7,1383,1,2
8,1383,1,2
9,1383,1,1
10,1383,1,1
11,1383,1,1
12,1383,1,3
13,1383,1,1
14,1383,1,3
0,1384,3,0
1,1384,1,1
2,1384,2,1
3,1384,1,2
4,1384,1,1
5,1384,1,1
6,1384,1,1
7,1384,1,2
8,1384,2,3
9,1384,1,1
10,1384,1,1
11,1384,1,1
12,1384,1,3
13,1384,1,1
14,1384,1,3
0,1385,3,0
1,1385,1,3
2,1385,1,1
3,1385,3,2
4,1385,1,1
5,1385,3,2
6,1385,1,1
7,1385,2,0
8,1385,1,1
9,1385,3,1
10,1385,1,1
11,1385,3,1
12,1385,1,1
13,1385,1,2
14,1385,1,1
0,1386,3,0
1,1386,1,1
2,1386,3,3
3,1386,1,2
4,1386,3,3
5,1386,1,2
6,1386,1,1
7,1386,1,2
8,1386,1,1
9,1386,1,1
10,1386,1,1
11,1386,1,1
12,1386,1,3
13,1386,1,1
14,1386,1,3
0,1387,3,0
1,1387,1,1
2,1387,1,1
3,1387,1,2
4,1387,1,1
5,1387,1,1
6,1387,1,1
7,1387,3,0
8,1387,1,1
9,1387,1,1
10,1387,1,1
11,1387,1,1
12,1387,3,3
13,1387,3,2
14,1387,1,1
0,1388,3,0
1,1388,0,2
2,1388,1,1
3,1388,1,2
4,1388,1,1
5,1388,3,2
6,1388,1,1
7,1388,2,0
8,1388,1,1
9,1388,3,1
10,1388,1,1
11,1388,3,1
12,1388,1,1
13,1388,1,2
14,1388,1,1
0,1389,3,0
1,1389,1,1
2,1389,2,0
3,1389,1,2
4,1389,1,1
5,1389,1,1
6,1389,1,1
7,1389,1,2
8,1389,1,1
9,1389,1,1
10,1389,1,1
11,1389,1,1
12,1389,1,3
13,1389,1,1
14,1389,1,3
0,1390,3,0
1,1390,1,1
2,1390,3,3
3,1390,1,2
4,1390,1,1
5,1390,1,1
6,1390,1,1
7,1390,1,2
8,1390,1,2
9,1390,1,1
10,1390,1,1
11,1390,1,1
12,1390,1,3
13,1390,1,1
14,1390,1,3
0,1391,3,0
1,1391,1,1
2,1391,1,1
3,1391,1,2
4,1391,1,1
5,1391,1,1
6,1391,1,1
7,1391,3,0
8,1391,1,1
9,1391,1,1
10,1391,1,1
11,1391,1,1
12,1391,3,3
13,1391,3,2
14,1391,1,1
0,1392,3,0
1,1392,1,3
2,1392,1,1
3,1392,3,2
4,1392,1,1
5,1392,3,2
6,1392,1,1
7,1392,2,0
8,1392,1,1
9,1392,3,1
10,1392,1,1
11,1392,3,1
12,1392,1,1
13,1392,1,2
14,1392,1,1
0,1393,3,0
1,1393,0,2
2,1393,1,1
3,1393,1,2
4,1393,1,1
5,1393,3,2
6,1393,1,1
7,1393,2,0
8,1393,1,1
9,1393,3,1
10,1393,1,1
11,1393,3,1
12,1393,1,1
13,1393,1,2
14,1393,1,1
0,1394,3,0
1,1394,1,1
2,1394,3,3
3,1394,1,2
4,1394,1,1
5,1394,1,1
6,1394,1,1
7,1394,1,2
8,1394,1,2
9,1394,1,1
10,1394,1,1
11,1394,1,1
12,1394,1,3
13,1394,1,1
14,1394,1,3
0,1395,3,0
1,1395,1,3
2,1395,1,1
3,1395,3,2
4,1395,1,1
5,1395,3,2
6,1395,1,1
7,1395,2,0
8,1395,1,1
9,1395,3,1
10,1395,1,1
11,1395,3,1
12,1395,1,1
13,1395,1,2
14,1395,1,1
0,1396,3,0
1,1396,1,1
2,1396,1,1
3,1396,1,2
4,1396,1,1
5,1396,1,1
6,1396,1,1
7,1396,1,1
8,1396,1,1
9,1396,1,1
10,1396,1,1
11,1396,1,1
12,1396,2,1
13,1396,3,2
14,1396,1,1
0,1397,3,0
1,1397,1,1
2,1397,3,3
3,1397,1,2
4,1397,1,1
5,1397,1,1
6,1397,1,1
7,1397,1,2
8,1397,1,2
9,1397,1,1
10,1397,1,1
11,1397,1,1
12,1397,1,3
13,1397,1,1
14,1397,1,3
0,1398,3,0
1,1398,1,1
2,1398,3,3
3,1398,1,2
4,1398,1,1
5,1398,1,1
6,1398,1,1
7,1398,1,2
8,1398,1,2
9,1398,1,1
10,1398,1,1
11,1398,1,1
12,1398,1,3
13,1398,1,1
14,1398,1,3
0,1399,3,0
1,1399,1,3
2,1399,1,1
3,1399,3,2
4,1399,1,1
5,1399,3,2
6,1399,1,1
7,1399,2,0
8,1399,1,1
9,1399,3,1
10,1399,1,1
11,1399,3,1
12,1399,1,1
13,1399,1,2
14,1399,1,1
0,1400,3,0
1,1400,1,3
2,1400,1,1
3,1400,3,2
4,1400,1,1
5,1400,3,2
6,1400,1,1
7,1400,2,0
8,1400,1,1
9,1400,3,1
10,1400,1,1
11,1400,3,1
12,1400,1,1
13,1400,1,2
14,1400,1,1
0,1401,1,1
1,1401,1,1
2,1401,1,1
3,1401,1,1
4,1401,1,1
5,1401,1,1
6,1401,1,1
7,1401,1,1
8,1401,1,1
9,1401,1,1
10,1401,1,1
11,1401,1,1
12,1401,1,1
13,1401,1,1
14,1401,1,1
0,1402,3,0
1,1402,1,1
2,1402,1,1
3,1402,1,2
4,1402,1,1
5,1402,1,1
6,1402,1,1
7,1402,1,1
8,1402,1,1
9,1402,1,1
10,1402,1,1
11,1402,1,1
12,1402,2,1
13,1402,3,2
14,1402,1,1
0,1403,3,0
1,1403,0,2
2,1403,1,1
3,1403,1,2
4,1403,1,1
5,1403,3,2
6,1403,1,1
7,1403,2,0
8,1403,1,1
9,1403,3,1
10,1403,1,1
11,1403,3,1
12,1403,1,1
13,1403,1,2
14,1403,1,1
0,1404,3,0
1,1404,0,2
2,1404,1,1
3,1404,1,2
4,1404,1,1
5,1404,3,2
6,1404,1,1
7,1404,2,0
8,1404,1,1
9,1404,3,1
10,1404,1,1
11,1404,3,1
12,1404,1,1
13,1404,1,2
14,1404,1,1
0,1405,3,0
1,1405,1,1
2,1405,3,3
3,1405,1,2
4,1405,1,1
5,1405,1,1
6,1405,1,1
7,1405,1,2
8,1405,1,2
9,1405,1,1
10,1405,1,1
11,1405,1,1
12,1405,1,3
13,1405,1,1
14,1405,1,3
0,1406,3,0
1,1406,1,3
2,1406,1,1
3,1406,3,2
4,1406,1,1
5,1406,3,2
6,1406,1,1
7,1406,2,0
8,1406,1,1
9,1406,3,1
10,1406,1,1
11,1406,3,1
12,1406,1,1
13,1406,1,2
14,1406,1,1
0,1407,3,0
1,1407,1,3
2,1407,1,1
3,1407,3,2
4,1407,1,1
5,1407,3,2
6,1407,1,1
7,1407,2,0
8,1407,1,1
9,1407,3,1
10,1407,1,1
11,1407,3,1
12,1407,1,1
13,1407,1,2
14,1407,1,1
0,1408,3,0
1,1408,1,1
2,1408,2,1
3,1408,1,2
4,1408,1,1
5,1408,1,1
6,1408,1,1
7,1408,1,2
8,1408,2,3
9,1408,1,1
10,1408,1,1
11,1408,1,1
12,1408,1,3
13,1408,1,1
14,1408,1,3
0,1409,3,0
1,1409,1,1
2,1409,3,3
3,1409,1,2
4,1409,1,1
5,1409,1,1
6,1409,1,1
7,1409,1,2
8,1409,1,2
9,1409,1,1
10,1409,1,1
11,1409,1,1
12,1409,1,3
13,1409,1,1
14,1409,1,3
0,1410,3,0
1,1410,1,1
2,1410,2,1
3,1410,1,2
4,1410,1,1
5,1410,1,1
6,1410,1,1
7,1410,1,2
8,1410,2,3
9,1410,1,1
10,1410,1,1
11,1410,1,1
12,1410,1,3
13,1410,1,1
14,1410,1,3
0,1411,3,0
1,1411,1,1
2,1411,3,3
3,1411,1,2
4,1411,1,1
5,1411,1,1
6,1411,1,1
7,1411,1,2
8,1411,1,2
9,1411,1,1
10,1411,1,1
11,1411,1,1
12,1411,1,3
13,1411,1,1
14,1411,1,3
0,1412,3,0
1,1412,1,3
2,1412,1,1
3,1412,3,2
4,1412,1,1
5,1412,3,2
6,1412,1,1
7,1412,2,0
8,1412,1,1
9,1412,3,1
10,1412,1,1
11,1412,3,1
12,1412,1,1
13,1412,1,2
14,1412,1,1
0,1413,3,0
1,1413,1,3
2,1413,1,1
3,1413,3,2
4,1413,1,1
5,1413,3,2
6,1413,1,1
7,1413,2,0
8,1413,1,1
9,1413,3,1
10,1413,1,1
11,1413,3,1
12,1413,1,1
13,1413,1,2
14,1413,1,1
0,1414,3,0
1,1414,1,1
2,1414,2,1
3,1414,1,2
4,1414,1,1
5,1414,1,1
6,1414,1,1
7,1414,1,2
8,1414,2,3
9,1414,1,1
10,1414,1,1
11,1414,1,1
12,1414,1,3
13,1414,1,1
14,1414,1,3
0,1415,3,0
1,1415,1,3
2,1415,1,1
3,1415,3,2
4,1415,1,1
5,1415,3,2
6,1415,1,1
7,1415,2,0
8,1415,1,1
9,1415,3,1
10,1415,1,1
11,1415,3,1
12,1415,1,1
13,1415,1,2
14,1415,1,1
0,1416,3,0
1,1416,1,1
2,1416,1,1
3,1416,1,2
4,1416,1,1
5,1416,1,1
6,1416,1,1
7,1416,1,1
8,1416,1,1
9,1416,1,1
10,1416,1,1
11,1416,1,1
12,1416,2,1
13,1416,3,2
14,1416,1,1
0,1417,3,0
1,1417,0,2
2,1417,1,1
3,1417,1,2
4,1417,1,1
5,1417,3,2
6,1417,1,1
7,1417,2,0
8,1417,1,1
9,1417,3,1
10,1417,1,1
11,1417,3,1
12,1417,1,1
13,1417,1,2
14,1417,1,1
0,1418,3,0
1,1418,1,3
2,1418,1,1
3,1418,3,2
4,1418,1,1
5,1418,3,2
6,1418,1,1
7,1418,2,0
8,1418,1,1
9,1418,3,1
10,1418,1,1
11,1418,3,1
12,1418,1,1
13,1418,1,2
14,1418,1,1
0,1419,3,0
1,1419,1,1
2,1419,2,1
3,1419,1,2
4,1419,1,1
5,1419,1,1
6,1419,1,1
7,1419,1,2
8,1419,2,3
9,1419,1,1
10,1419,1,1
11,1419,1,1
12,1419,1,3
13,1419,1,1
14,1419,1,3
0,1420,3,0
1,1420,1,1
2,1420,3,3
3,1420,1,2
4,1420,1,1
5,1420,1,1
6,1420,1,1
7,1420,1,2
8,1420,1,2
9,1420,1,1
10,1420,1,1
11,1420,1,1
12,1420,1,3
13,1420,1,1
14,1420,1,3
0,1421,1,1
1,1421,1,1
2,1421,1,1
3,1421,1,1
4,1421,1,1
5,1421,1,1
6,1421,1,1
7,1421,1,1
8,1421,1,1
9,1421,1,1
10,1421,1,1
11,1421,1,1
12,1421,1,1
13,1421,1,1
14,1421,1,1
0,1422,3,0
1,1422,1,1
2,1422,3,3
3,1422,1,2
4,1422,1,1
5,1422,1,1
6,1422,1,1
7,1422,1,2
8,1422,1,2
9,1422,1,1
10,1422,1,1
11,1422,1,1
12,1422,1,3
13,1422,1,1
14,1422,1,3
0,1423,1,1
1,1423,1,1
2,1423,1,1
3,1423,1,1
4,1423,1,1
5,1423,1,1
6,1423,1,1
7,1423,1,1
8,1423,1,1
9,1423,1,1
10,1423,1,1
11,1423,1,1
12,1423,1,1
13,1423,1,1
14,1423,1,1
0,1424,3,0
1,1424,1,1
2,1424,3,3
3,1424,1,2
4,1424,1,1
5,1424,1,1
6,1424,1,1
7,1424,1,2
8,1424,1,2
9,1424,1,1
10,1424,1,1
11,1424,1,1
12,1424,1,3
13,1424,1,1
14,1424,1,3
0,1425,1,1
1,1425,1,1
2,1425,1,1
3,1425,1,1
4,1425,1,1
5,1425,1,1
6,1425,1,1
7,1425,1,1
8,1425,1,1
9,1425,1,1
10,1425,1,1
11,1425,1,1
12,1425,1,1
13,1425,1,1
14,1425,1,1
0,1426,3,0
1,1426,1,3
2,1426,1,1
3,1426,3,2
4,1426,1,1
5,1426,3,2
6,1426,1,1
7,1426,2,0
8,1426,1,1
9,1426,3,1
10,1426,1,1
11,1426,3,1
12,1426,1,1
13,1426,1,2
14,1426,1,1
0,1427,1,1
1,1427,1,1
2,1427,1,1
3,1427,1,1
4,1427,1,1
5,1427,1,1
6,1427,1,1
7,1427,1,1
8,1427,1,1
9,1427,1,1
10,1427,1,1
11,1427,1,1
12,1427,1,1
13,1427,1,1
14,1427,1,1
0,1428,3,0
1,1428,1,3
2,1428,1,1
3,1428,3,2
4,1428,1,1
5,1428,3,2
6,1428,1,1
7,1428,2,0
8,1428,1,1
9,1428,3,1
10,1428,1,1
11,1428,3,1
12,1428,1,1
13,1428,1,2
14,1428,1,1
0,1429,3,0
1,1429,1,1
2,1429,1,1
3,1429,1,2
4,1429,1,1
5,1429,1,1
6,1429,1,1
7,1429,3,0
8,1429,1,1
9,1429,1,1
10,1429,1,1
11,1429,1,1
12,1429,3,3
13,1429,3,2
14,1429,1,1
0,1430,3,0
1,1430,1,1
2,1430,1,1
3,1430,1,2
4,1430,1,1
5,1430,1,1
6,1430,1,1
7,1430,3,0
8,1430,1,1
9,1430,1,1
10,1430,1,1
11,1430,1,1
12,1430,3,3
13,1430,3,2
14,1430,1,1
0,1431,3,0
1,1431,0,2
2,1431,1,1
3,1431,1,2
4,1431,1,1
5,1431,3,2
6,1431,1,1
7,1431,2,0
8,1431,1,1
9,1431,3,1
10,1431,1,1
11,1431,3,1
12,1431,1,1
13,1431,1,2
14,1431,1,1
0,1432,1,1
1,1432,1,1
2,1432,1,1
3,1432,1,1
4,1432,1,1
5,1432,1,1
6,1432,1,1
7,1432,1,1
8,1432,1,1
9,1432,1,1
10,1432,1,1
11,1432,1,1
12,1432,1,1
13,1432,1,1
14,1432,1,1
0,1433,3,0
1,1433,1,1
2,1433,2,1
3,1433,1,2
4,1433,1,1
5,1433,1,1
6,1433,1,1
7,1433,1,2
8,1433,2,3
9,1433,1,1
10,1433,1,1
11,1433,1,1
12,1433,1,3
13,1433,1,1
14,1433,1,3
0,1434,3,0
1,1434,1,1
2,1434,3,3
3,1434,1,2
4,1434,1,1
5,1434,1,1
6,1434,1,1
7,1434,1,2
8,1434,1,2
9,1434,1,1
10,1434,1,1
11,1434,1,1
12,1434,1,3
13,1434,1,1
14,1434,1,3
0,1435,1,1
1,1435,1,1
2,1435,1,1
3,1435,1,1
4,1435,1,1
5,1435,1,1
6,1435,1,1
7,1435,1,1
8,1435,1,1
9,1435,1,1
10,1435,1,1
11,1435,1,1
12,1435,1,1
13,1435,1,1
14,1435,1,1
0,1436,3,0
1,1436,1,1
2,1436,2,1
3,1436,1,2
4,1436,1,1
5,1436,1,1
6,1436,1,1
7,1436,1,2
8,1436,2,3
9,1436,1,1
10,1436,1,1
11,1436,1,1
12,1436,1,3
13,1436,1,1
14,1436,1,3
0,1437,3,0
1,1437,1,1
2,1437,3,3
3,1437,1,2
4,1437,1,1
5,1437,1,1
6,1437,1,1
7,1437,1,2
8,1437,1,2
9,1437,1,1
10,1437,1,1
11,1437,1,1
12,1437,1,3
13,1437,1,1
14,1437,1,3
0,1438,3,0
1,1438,1,1
2,1438,3,3
3,1438,1,2
4,1438,1,1
5,1438,1,1
6,1438,1,1
7,1438,1,2
8,1438,1,2
9,1438,1,1
10,1438,1,1
11,1438,1,1
12,1438,1,3
13,1438,1,1
14,1438,1,3
0,1439,3,0
1,1439,1,1
2,1439,3,3
3,1439,1,2
4,1439,1,1
5,1439,1,1
6,1439,1,1
7,1439,1,2
8,1439,1,2
9,1439,1,1
10,1439,1,1
11,1439,1,1
12,1439,1,3
13,1439,1,1
14,1439,1,3
0,1440,3,0
1,1440,1,3
2,1440,1,1
3,1440,3,2
4,1440,1,1
5,1440,3,2
6,1440,1,1
7,1440,2,0
8,1440,1,1
9,1440,3,1
10,1440,1,1
11,1440,3,1
12,1440,1,1
13,1440,1,2
14,1440,1,1
0,1441,3,0
1,1441,0,2
2,1441,1,1
3,1441,1,2
4,1441,1,1
5,1441,3,2
6,1441,1,1
7,1441,2,0
8,1441,1,1
9,1441,3,1
10,1441,1,1
11,1441,3,1
12,1441,1,1
13,1441,1,2
14,1441,1,1
0,1442,3,0
1,1442,1,1
2,1442,3,3
3,1442,1,2
4,1442,1,1
5,1442,1,1
6,1442,1,1
7,1442,1,2
8,1442,1,2
9,1442,1,1
10,1442,1,1
11,1442,1,1
12,1442,1,3
13,1442,1,1
14,1442,1,3
0,1443,3,0
1,1443,1,1
2,1443,3,3
3,1443,1,2
4,1443,1,1
5,1443,1,1
6,1443,1,1
7,1443,1,2
8,1443,1,2
9,1443,1,1
10,1443,1,1
11,1443,1,1
12,1443,1,3
13,1443,1,1
14,1443,1,3
0,1444,1,1
1,1444,1,1
2,1444,1,1
3,1444,1,1
4,1444,1,1
5,1444,1,1
6,1444,1,1
7,1444,1,1
8,1444,1,1
9,1444,1,1
10,1444,1,1
11,1444,1,1
12,1444,1,1
13,1444,1,1
14,1444,1,1
0,1445,3,0
1,1445,1,1
2,1445,2,1
3,1445,1,2
4,1445,1,1
5,1445,1,1
6,1445,1,1
7,1445,1,2
8,1445,2,3
9,1445,1,1
10,1445,1,1
11,1445,1,1
12,1445,1,3
13,1445,1,1
14,1445,1,3
0,1446,1,1
1,1446,1,1
2,1446,1,1
3,1446,1,1
4,1446,1,1
5,1446,1,1
6,1446,1,1
7,1446,1,1
8,1446,1,1
9,1446,1,1
10,1446,1,1
11,1446,1,1
12,1446,1,1
13,1446,1,1
14,1446,1,1
0,1447,1,1
1,1447,1,1
2,1447,1,1
3,1447,1,1
4,1447,1,1
5,1447,1,1
6,1447,1,1
7,1447,1,1
8,1447,1,1
9,1447,1,1
10,1447,1,1
11,1447,1,1
12,1447,1,1
13,1447,1,1
14,1447,1,1
0,1448,3,0
1,1448,1,1
2,1448,3,3
3,1448,1,2
4,1448,1,1
5,1448,1,1
6,1448,1,1
7,1448,1,2
8,1448,1,2
9,1448,1,1
10,1448,1,1
11,1448,1,1
12,1448,1,3
13,1448,1,1
14,1448,1,3
0,1449,3,0
1,1449,1,1
2,1449,1,1
3,1449,1,2
4,1449,1,1
5,1449,1,1
6,1449,1,1
7,1449,1,1
8,1449,1,1
9,1449,1,1
10,1449,1,1
11,1449,1,1
12,1449,2,1
13,1449,3,2
14,1449,1,1
0,1450,3,0
1,1450,1,1
2,1450,2,1
3,1450,1,2
4,1450,1,1
5,1450,1,1
6,1450,1,1
7,1450,1,2
8,1450,2,3
9,1450,1,1
10,1450,1,1
11,1450,1,1
12,1450,1,3
13,1450,1,1
14,1450,1,3
0,1451,3,0
1,1451,1,3
2,1451,1,1
3,1451,3,2
4,1451,1,1
5,1451,3,2
6,1451,1,1
7,1451,2,0
8,1451,1,1
9,1451,3,1
10,1451,1,1
11,1451,3,1
12,1451,1,1
13,1451,1,2
14,1451,1,1
0,1452,3,0
1,1452,1,1
2,1452,2,1
3,1452,1,2
4,1452,1,1
5,1452,1,1
6,1452,1,1
7,1452,1,2
8,1452,2,3
9,1452,1,1
10,1452,1,1
11,1452,1,1
12,1452,1,3
13,1452,1,1
14,1452,1,3
0,1453,3,0
1,1453,1,1
2,1453,3,3
3,1453,1,2
4,1453,1,1
5,1453,1,1
6,1453,1,1
7,1453,1,2
8,1453,1,2
9,1453,1,1
10,1453,1,1
11,1453,1,1
12,1453,1,3
13,1453,1,1
14,1453,1,3
0,1454,3,0
1,1454,1,1
2,1454,2,1
3,1454,1,2
4,1454,1,1
5,1454,1,1
6,1454,1,1
7,1454,1,2
8,1454,2,3
9,1454,1,1
10,1454,1,1
11,1454,1,1
12,1454,1,3
13,1454,1,1
14,1454,1,3
0,1455,3,0
1,1455,1,1
2,1455,1,1
3,1455,1,2
4,1455,1,1
5,1455,1,1
6,1455,1,1
7,1455,1,1
8,1455,1,1
9,1455,1,1
10,1455,1,1
11,1455,1,1
12,1455,2,1
13,1455,3,2
14,1455,1,1
0,1456,3,0
1,1456,0,2
2,1456,1,1
3,1456,1,2
4,1456,1,1
5,1456,3,2
6,1456,1,1
7,1456,2,0
8,1456,1,1
9,1456,3,1
10,1456,1,1
11,1456,3,1
12,1456,1,1
13,1456,1,2
14,1456,1,1
0,1457,1,1
1,1457,1,1
2,1457,1,1
3,1457,1,1
4,1457,1,1
5,1457,1,1
6,1457,1,1
7,1457,1,1
8,1457,1,1
9,1457,1,1
10,1457,1,1
11,1457,1,1
12,1457,1,1
13,1457,1,1
14,1457,1,1
0,1458,3,0
1,1458,1,1
2,1458,2,0
3,1458,1,2
4,1458,1,1
5,1458,1,1
6,1458,1,1
7,1458,1,2
8,1458,1,1
9,1458,1,1
10,1458,1,1
11,1458,1,1
12,1458,1,3
13,1458,1,1
14,1458,1,3
0,1459,3,0
1,1459,1,1
2,1459,3,3
3,1459,1,2
4,1459,1,1
5,1459,1,1
6,1459,1,1
7,1459,1,2
8,1459,1,2
9,1459,1,1
10,1459,1,1
11,1459,1,1
12,1459,1,3
13,1459,1,1
14,1459,1,3
0,1460,3,0
1,1460,1,1
2,1460,2,1
3,1460,1,2
4,1460,1,1
5,1460,1,1
6,1460,1,1
7,1460,1,2
8,1460,2,3
9,1460,1,1
10,1460,1,1
11,1460,1,1
12,1460,1,3
13,1460,1,1
14,1460,1,3
0,1461,3,0
1,1461,1,3
2,1461,1,1
3,1461,3,2
4,1461,1,1
5,1461,3,2
6,1461,1,1
7,1461,2,0
8,1461,1,1
9,1461,3,1
10,1461,1,1
11,1461,3,1
12,1461,1,1
13,1461,1,2
14,1461,1,1
0,1462,3,0
1,1462,1,1
2,1462,2,1
3,1462,1,2
4,1462,1,1
5,1462,1,1
6,1462,1,1
7,1462,1,2
8,1462,2,3
9,1462,1,1
10,1462,1,1
11,1462,1,1
12,1462,1,3
13,1462,1,1
14,1462,1,3
0,1463,1,1
1,1463,1,1
2,1463,1,1
3,1463,1,1
4,1463,1,1
5,1463,1,1
6,1463,1,1
7,1463,1,1
8,1463,1,1
9,1463,1,1
10,1463,1,1
11,1463,1,1
12,1463,1,1
13,1463,1,1
14,1463,1,1
0,1464,3,0
1,1464,1,1
2,1464,1,1
3,1464,1,2
4,1464,1,1
5,1464,1,1
6,1464,1,1
7,1464,1,1
8,1464,1,1
9,1464,1,1
10,1464,1,1
11,1464,1,1
12,1464,2,1
13,1464,3,2
14,1464,1,1
0,1465,3,0
1,1465,1,1
2,1465,2,1
3,1465,1,2
4,1465,1,1
5,1465,1,1
6,1465,1,1
7,1465,1,2
8,1465,2,3
9,1465,1,1
10,1465,1,1
11,1465,1,1
12,1465,1,3
13,1465,1,1
14,1465,1,3
0,1466,3,0
1,1466,1,3
2,1466,1,1
3,1466,3,2
4,1466,1,1
5,1466,3,2
6,1466,1,1
7,1466,2,0
8,1466,1,1
9,1466,3,1
10,1466,1,1
11,1466,3,1
12,1466,1,1
13,1466,1,2
14,1466,1,1
0,1467,3,0
1,1467,0,2
2,1467,1,1
3,1467,1,2
4,1467,1,1
5,1467,3,2
6,1467,1,1
7,1467,2,0
8,1467,1,1
9,1467,3,1
10,1467,1,1
11,1467,3,1
12,1467,1,1
13,1467,1,2
14,1467,1,1
0,1468,3,0
1,1468,1,1
2,1468,2,0
3,1468,1,2
4,1468,1,1
5,1468,1,1
6,1468,1,1
7,1468,1,2
8,1468,1,1
9,1468,1,1
10,1468,1,1
11,1468,1,1
12,1468,1,3
13,1468,1,1
14,1468,1,3
0,1469,3,0
1,1469,1,1
2,1469,2,1
3,1469,1,2
4,1469,1,1
5,1469,1,1
6,1469,1,1
7,1469,1,2
8,1469,2,3
9,1469,1,1
10,1469,1,1
11,1469,1,1
12,1469,1,3
13,1469,1,1
14,1469,1,3
0,1470,3,0
1,1470,1,3
2,1470,1,1
3,1470,3,2
4,1470,1,1
5,1470,3,2
6,1470,1,1
7,1470,2,0
8,1470,1,1
9,1470,3,1
10,1470,1,1
11,1470,3,1
12,1470,1,1
13,1470,1,2
14,1470,1,1
0,1471,1,1
1,1471,1,1
2,1471,1,1
3,1471,1,1
4,1471,1,1
5,1471,1,1
6,1471,1,1
7,1471,1,1
8,1471,1,1
9,1471,1,1
10,1471,1,1
11,1471,1,1
12,1471,1,1
13,1471,1,1
14,1471,1,1
0,1472,3,0
1,1472,0,2
2,1472,1,1
3,1472,1,2
4,1472,1,1
5,1472,3,2
6,1472,1,1
7,1472,2,0
8,1472,1,1
9,1472,3,1
10,1472,1,1
11,1472,3,1
12,1472,1,1
13,1472,1,2
14,1472,1,1
0,1473,3,0
1,1473,1,3
2,1473,1,1
3,1473,3,2
4,1473,1,1
5,1473,3,2
6,1473,1,1
7,1473,2,0
8,1473,1,1
9,1473,3,1
10,1473,1,1
11,1473,3,1
12,1473,1,1
13,1473,1,2
14,1473,1,1
0,1474,1,1
1,1474,1,1
2,1474,1,1
3,1474,1,1
4,1474,1,1
5,1474,1,1
6,1474,1,1
7,1474,1,1
8,1474,1,1
9,1474,1,1
10,1474,1,1
11,1474,1,1
12,1474,1,1
13,1474,1,1
14,1474,1,1
0,1475,3,0
1,1475,1,1
2,1475,3,3
3,1475,1,2
4,1475,1,1
5,1475,1,1
6,1475,1,1
7,1475,1,2
8,1475,1,2
9,1475,1,1
10,1475,1,1
11,1475,1,1
12,1475,1,3
13,1475,1,1
14,1475,1,3
0,1476,3,0
1,1476,1,1
2,1476,2,1
3,1476,1,2
4,1476,1,1
5,1476,1,1
6,1476,1,1
7,1476,1,2
8,1476,2,3
9,1476,1,1
10,1476,1,1
11,1476,1,1
12,1476,1,3
13,1476,1,1
14,1476,1,3
0,1477,3,0
1,1477,1,1
2,1477,1,1
3,1477,1,2
4,1477,1,1
5,1477,1,1
6,1477,1,1
7,1477,1,1
8,1477,1,1
9,1477,1,1
10,1477,1,1
11,1477,1,1
12,1477,2,1
13,1477,3,2
14,1477,1,1
0,1478,1,1
1,1478,1,1
2,1478,1,1
3,1478,1,1
4,1478,1,1
5,1478,1,1
6,1478,1,1
7,1478,1,1
8,1478,1,1
9,1478,1,1
10,1478,1,1
11,1478,1,1
12,1478,1,1
13,1478,1,1
14,1478,1,1
0,1479,3,0
1,1479,1,3
2,1479,1,1
3,1479,3,2
4,1479,1,1
5,1479,3,2
6,1479,1,1
7,1479,2,0
8,1479,1,1
9,1479,3,1
10,1479,1,1
11,1479,3,1
12,1479,1,1
13,1479,1,2
14,1479,1,1
0,1480,3,0
1,1480,1,3
2,1480,1,1
3,1480,3,2
4,1480,1,1
5,1480,3,2
6,1480,1,1
7,1480,2,0
8,1480,1,1
9,1480,3,1
10,1480,1,1
11,1480,3,1
12,1480,1,1
13,1480,1,2
14,1480,1,1
0,1481,1,1
1,1481,1,1
2,1481,1,1
3,1481,1,1
4,1481,1,1
5,1481,1,1
6,1481,1,1
7,1481,1,1
8,1481,1,1
9,1481,1,1
10,1481,1,1
11,1481,1,1
12,1481,1,1
13,1481,1,1
14,1481,1,1
0,1482,3,0
1,1482,1,1
2,1482,2,1
3,1482,1,2
4,1482,1,1
5,1482,1,1
6,1482,1,1
7,1482,1,2
8,1482,2,3
9,1482,1,1
10,1482,1,1
11,1482,1,1
12,1482,1,3
13,1482,1,1
14,1482,1,3
0,1483,3,0
1,1483,1,1
2,1483,1,1
3,1483,1,2
4,1483,1,1
5,1483,1,1
6,1483,1,1
7,1483,3,0
8,1483,1,1
9,1483,1,1
10,1483,1,1
11,1483,1,1
12,1483,3,3
13,1483,3,2
14,1483,1,1
0,1484,3,0
1,1484,1,3
2,1484,1,1
3,1484,3,2
4,1484,1,1
5,1484,3,2
6,1484,1,1
7,1484,2,0
8,1484,1,1
9,1484,3,1
10,1484,1,1
11,1484,3,1
12,1484,1,1
13,1484,1,2
14,1484,1,1
0,1485,3,0
1,1485,1,1
2,1485,3,3
3,1485,1,2
4,1485,1,1
5,1485,1,1
6,1485,1,1
7,1485,1,2
8,1485,1,2
9,1485,1,1
10,1485,1,1
11,1485,1,1
12,1485,1,3
13,1485,1,1
14,1485,1,3
0,1486,3,0
1,1486,1,1
2,1486,2,1
3,1486,1,2
4,1486,1,1
5,1486,1,1
6,1486,1,1
7,1486,1,2
8,1486,2,3
9,1486,1,1
10,1486,1,1
11,1486,1,1
12,1486,1,3
13,1486,1,1
14,1486,1,3
0,1487,3,0
1,1487,1,1
2,1487,2,0
3,1487,1,2
4,1487,1,1
5,1487,1,1
6,1487,1,1
7,1487,1,2
8,1487,1,1
9,1487,1,1
10,1487,1,1
11,1487,1,1
12,1487,1,3
13,1487,1,1
14,1487,1,3
0,1488,3,0
1,1488,1,3
2,1488,1,1
3,1488,3,2
4,1488,1,1
5,1488,3,2
6,1488,1,1
7,1488,2,0
8,1488,1,1
9,1488,3,1
10,1488,1,1
11,1488,3,1
12,1488,1,1
13,1488,1,2
14,1488,1,1
0,1489,3,0
1,1489,1,1
2,1489,1,1
3,1489,1,2
4,1489,1,1
5,1489,1,1
6,1489,1,1
7,1489,1,1
8,1489,1,1
9,1489,1,1
10,1489,1,1
11,1489,1,1
12,1489,2,1
13,1489,3,2
14,1489,1,1
0,1490,3,0
1,1490,1,3
2,1490,1,1
3,1490,3,2
4,1490,1,1
5,1490,3,2
6,1490,1,1
7,1490,2,0
8,1490,1,1
9,1490,3,1
10,1490,1,1
11,1490,3,1
12,1490,1,1
13,1490,1,2
14,1490,1,1
0,1491,1,1
1,1491,1,1
2,1491,1,1
3,1491,1,1
4,1491,1,1
5,1491,1,1
6,1491,1,1
7,1491,1,1
8,1491,1,1
9,1491,1,1
10,1491,1,1
11,1491,1,1
12,1491,1,1
13,1491,1,1
14,1491,1,1
0,1492,3,0
1,1492,1,1
2,1492,3,3
3,1492,1,2
4,1492,1,1
5,1492,1,1
6,1492,1,1
7,1492,1,2
8,1492,1,2
9,1492,1,1
10,1492,1,1
11,1492,1,1
12,1492,1,3
13,1492,1,1
14,1492,1,3
0,1493,1,1
1,1493,1,1
2,1493,1,1
3,1493,1,1
4,1493,1,1
5,1493,1,1
6,1493,1,1
7,1493,1,1
8,1493,1,1
9,1493,1,1
10,1493,1,1
11,1493,1,1
12,1493,1,1
13,1493,1,1
14,1493,1,1
0,1494,3,0
1,1494,1,3
2,1494,1,1
3,1494,3,2
4,1494,1,1
5,1494,3,2
6,1494,1,1
7,1494,2,0
8,1494,1,1
9,1494,3,1
10,1494,1,1
11,1494,3,1
12,1494,1,1
13,1494,1,2
14,1494,1,1
0,1495,3,0
1,1495,1,1
2,1495,1,1
3,1495,1,2
4,1495,1,1
5,1495,1,1
6,1495,1,1
7,1495,3,0
8,1495,1,1
9,1495,1,1
10,1495,1,1
11,1495,1,1
12,1495,3,3
13,1495,3,2
14,1495,1,1
0,1496,3,0
1,1496,1,1
2,1496,3,3
3,1496,1,2
4,1496,1,1
5,1496,1,1
6,1496,1,1
7,1496,1,2
8,1496,1,2
9,1496,1,1
10,1496,1,1
11,1496,1,1
12,1496,1,3
13,1496,1,1
14,1496,1,3
0,1497,3,0
1,1497,1,1
2,1497,2,1
3,1497,1,2
4,1497,1,1
5,1497,1,1
6,1497,1,1
7,1497,1,2
8,1497,2,3
9,1497,1,1
10,1497,1,1
11,1497,1,1
12,1497,1,3
13,1497,1,1
14,1497,1,3
0,1498,3,0
1,1498,1,3
2,1498,1,1
3,1498,3,2
4,1498,1,1
5,1498,3,2
6,1498,1,1
7,1498,2,0
8,1498,1,1
9,1498,3,1
10,1498,1,1
11,1498,3,1
12,1498,1,1
13,1498,1,2
14,1498,1,1
0,1499,3,0
1,1499,1,1
2,1499,2,1
3,1499,1,2
4,1499,1,1
5,1499,1,1
6,1499,1,1
7,1499,1,2
8,1499,2,3
9,1499,1,1
10,1499,1,1
11,1499,1,1
12,1499,1,3
13,1499,1,1
14,1499,1,3
