node,m,x,y,xbar,ybar,segment
7,10,3,1,0,0,0
7,18,3,1,0,0,0
7,28,3,1,0,0,0
7,44,3,1,0,0,0
7,52,3,1,0,0,0
7,99,3,1,1,0,0
7,116,3,1,0,0,0
7,134,3,1,0,0,0
7,144,3,1,0,0,0
7,155,3,1,0,0,0
7,158,3,1,0,0,0
7,165,3,1,0,0,0
7,196,3,1,0,0,0
7,204,3,1,0,0,0
7,211,3,1,1,0,0
7,213,3,1,0,0,0
7,214,3,1,0,0,0
7,222,3,1,0,0,0
7,228,3,1,0,0,0
7,259,3,1,0,0,0
7,264,3,1,0,0,0
7,266,3,1,0,0,0
7,274,3,1,0,0,0
7,278,3,1,0,1,0
7,280,3,1,0,0,0
7,284,3,1,0,1,0
7,292,3,1,0,0,0
7,303,3,1,0,0,0
7,323,3,1,0,0,0
7,328,3,1,0,0,0
7,331,3,1,0,0,0
7,335,3,1,0,1,0
7,341,3,1,0,0,0
7,371,3,1,0,1,0
7,392,3,1,0,0,0
7,399,3,1,0,1,0
7,411,3,1,0,0,0
7,419,3,1,0,0,0
7,450,3,1,0,0,0
7,508,3,1,0,0,0
7,527,3,1,0,0,0
7,536,3,1,0,0,0
7,545,3,1,0,0,0
7,546,3,1,1,0,0
7,573,3,1,1,0,0
7,582,3,1,0,0,0
7,598,3,1,0,1,0
7,638,3,1,0,1,0
7,641,3,1,0,0,0
7,663,3,1,0,0,0
7,666,3,1,0,0,0
7,668,3,1,0,0,0
7,683,3,1,1,0,0
7,694,3,1,0,0,0
7,725,3,1,0,0,0
7,750,3,1,0,1,0
7,790,3,1,0,0,0
7,824,3,1,0,0,0
7,831,3,1,0,0,0
7,833,3,1,0,0,0
7,836,3,1,1,0,0
7,870,3,1,0,0,0
7,885,3,1,0,1,0
7,891,3,1,0,0,0
7,897,3,1,0,0,0
7,909,3,1,0,0,0
7,951,3,1,0,1,0
7,956,3,1,0,0,0
7,957,3,1,1,0,0
7,958,3,1,0,0,0
7,963,3,1,0,1,0
7,970,3,1,0,0,0
7,977,3,1,1,0,0
7,1001,3,1,1,0,0
7,1042,3,1,0,0,0
7,1052,3,1,0,0,0
7,1066,3,1,0,0,0
7,1085,3,1,0,0,0
7,1100,3,1,0,0,0
7,1163,3,1,0,1,0
7,1166,3,1,0,0,0
7,1179,3,1,0,1,0
7,1186,3,1,0,0,0
7,1214,3,1,1,0,0
7,1231,3,1,0,0,0
7,1245,3,1,1,0,0
7,1260,3,1,0,0,0
7,1261,3,1,0,0,0
7,1277,3,1,1,0,0
7,1283,3,1,0,0,0
7,1316,3,1,0,0,0
7,1330,3,1,0,1,0
7,1356,3,1,0,0,0
7,1390,3,1,0,0,0
7,1398,3,1,0,0,0
7,1406,3,1,0,0,0
7,1408,3,1,0,0,0
7,1440,3,1,0,0,0
7,1452,3,1,1,0,0
7,1468,3,1,0,0,0
7,1475,3,1,0,0,0
7,1478,3,1,0,0,0
7,1483,3,1,0,0,0
7,1499,3,1,0,0,0
7,1507,3,1,0,1,0
7,1510,3,1,0,0,0
7,1513,3,1,0,0,0
7,1523,3,1,0,0,0
7,1529,3,1,0,0,0
7,1535,3,1,0,0,0
7,1543,3,1,0,0,0
7,1558,3,1,0,0,0
7,1561,3,1,0,1,0
7,1577,3,1,0,0,0
7,1584,3,1,0,0,0
7,1594,3,1,0,0,0
7,1604,3,1,0,0,0
7,1614,3,1,0,0,0
7,1617,3,1,0,0,0
7,1632,3,1,0,0,0
7,1662,3,1,0,0,0
7,1664,3,1,0,0,0
7,1698,3,1,0,0,0
7,1699,3,1,0,1,0
7,1762,3,1,0,0,0
7,1780,3,1,0,0,0
7,1782,3,1,0,0,0
7,1821,3,1,0,1,0
7,1825,3,1,0,0,0
7,1829,3,1,0,0,0
7,1833,3,1,0,0,0
7,1836,3,1,0,0,0
7,1840,3,1,0,0,0
7,1843,3,1,0,0,0
7,1845,3,1,0,0,0
7,1846,3,1,0,0,0
7,1876,3,1,0,1,0
7,1894,3,1,0,1,0
7,1895,3,1,0,1,0
7,1900,3,1,0,0,0
7,1917,3,1,1,0,0
7,1918,3,1,0,0,0
7,1943,3,1,0,1,0
7,1946,3,1,0,1,0
7,1954,3,1,0,1,0
7,1961,3,1,0,0,0
7,1966,3,1,0,1,0
7,1975,3,1,0,0,0
7,1983,3,1,0,0,0
7,2016,3,1,0,0,0
7,2032,3,1,0,0,0
7,2049,3,1,1,0,0
7,2052,3,1,0,0,0
7,2054,3,1,0,0,0
7,2073,3,1,1,0,0
7,2087,3,1,0,0,0
7,2104,3,1,0,0,0
7,2113,3,1,0,1,0
7,2121,3,1,0,0,0
7,2142,3,1,0,0,0
7,2173,3,1,0,1,0
7,2177,3,1,0,0,0
7,2185,3,1,0,0,0
7,2186,3,1,0,1,0
7,2211,3,1,0,0,0
7,2217,3,1,0,0,0
7,2221,3,1,1,0,0
7,2230,3,1,0,0,0
7,2243,3,1,0,0,0
7,2247,3,1,0,0,0
7,2262,3,1,0,1,0
7,2282,3,1,0,0,0
7,2301,3,1,0,1,0
7,2312,3,1,0,0,0
7,2315,3,1,0,0,0
7,2316,3,1,1,0,0
7,2326,3,1,0,0,0
7,2343,3,1,0,0,0
7,2345,3,1,0,0,0
7,2375,3,1,0,0,0
7,2382,3,1,0,0,0
7,2394,3,1,0,0,0
7,2397,3,1,1,0,0
7,2408,3,1,0,0,0
7,2409,3,1,0,0,0
7,2419,3,1,0,0,0
7,2449,3,1,0,0,0
7,2452,3,1,0,0,0
7,2467,3,1,0,1,0
7,2493,3,1,0,1,0
7,16,2,2,0,0,1
7,38,2,2,0,0,1
7,72,2,2,0,0,1
7,76,2,2,0,2,1
7,81,2,2,0,0,1
7,92,2,2,0,0,1
7,118,2,2,2,0,1
7,119,2,2,0,0,1
7,125,2,2,0,0,1
7,130,2,2,2,0,1
7,142,2,2,0,0,1
7,190,2,2,0,0,1
7,192,2,2,0,0,1
7,195,2,2,0,0,1
7,199,2,2,0,0,1
7,200,2,2,0,0,1
7,205,2,2,1,0,1
7,216,2,2,0,0,1
7,218,2,2,0,0,1
7,225,2,2,0,0,1
7,232,2,2,0,0,1
7,342,2,2,0,0,1
7,346,2,2,0,0,1
7,353,2,2,0,0,1
7,373,2,2,1,0,1
7,374,2,2,0,2,1
7,381,2,2,2,0,1
7,410,2,2,0,0,1
7,479,2,2,0,0,1
7,490,2,2,0,0,1
7,498,2,2,0,0,1
7,499,2,2,0,0,1
7,511,2,2,0,0,1
7,512,2,2,0,0,1
7,531,2,2,0,0,1
7,566,2,2,0,0,1
7,594,2,2,0,0,1
7,622,2,2,0,0,1
7,651,2,2,0,0,1
7,657,2,2,0,0,1
7,714,2,2,0,0,1
7,743,2,2,2,0,1
7,754,2,2,0,2,1
7,755,2,2,2,0,1
7,757,2,2,0,0,1
7,773,2,2,0,1,1
7,793,2,2,0,0,1
7,798,2,2,0,0,1
7,810,2,2,1,0,1
7,850,2,2,0,0,1
7,853,2,2,2,0,1
7,864,2,2,0,0,1
7,881,2,2,0,0,1
7,895,2,2,0,1,1
7,915,2,2,0,0,1
7,938,2,2,0,2,1
7,948,2,2,0,0,1
7,960,2,2,0,0,1
7,962,2,2,0,0,1
7,965,2,2,0,0,1
7,990,2,2,0,0,1
7,1038,2,2,2,0,1
7,1049,2,2,0,0,1
7,1099,2,2,2,0,1
7,1105,2,2,0,0,1
7,1114,2,2,0,0,1
7,1132,2,2,0,0,1
7,1135,2,2,0,0,1
7,1149,2,2,0,2,1
7,1158,2,2,0,0,1
7,1184,2,2,2,0,1
7,1237,2,2,0,0,1
7,1309,2,2,2,0,1
7,1310,2,2,0,0,1
7,1336,2,2,0,0,1
7,1344,2,2,0,2,1
7,1368,2,2,1,0,1
7,1371,2,2,0,0,1
7,1372,2,2,0,0,1
7,1386,2,2,0,0,1
7,1413,2,2,0,0,1
7,1430,2,2,0,0,1
7,1435,2,2,0,0,1
7,1438,2,2,0,2,1
7,1456,2,2,0,0,1
7,1464,2,2,2,0,1
7,1525,2,2,0,0,1
7,1532,2,2,2,0,1
7,1557,2,2,0,2,1
7,1559,2,2,0,2,1
7,1568,2,2,0,0,1
7,1576,2,2,0,0,1
7,1603,2,2,0,0,1
7,1612,2,2,0,0,1
7,1631,2,2,0,0,1
7,1668,2,2,0,0,1
7,1673,2,2,0,0,1
7,1679,2,2,1,0,1
7,1689,2,2,0,0,1
7,1707,2,2,0,0,1
7,1711,2,2,1,0,1
7,1713,2,2,0,0,1
7,1730,2,2,2,0,1
7,1736,2,2,0,0,1
7,1738,2,2,2,0,1
7,1739,2,2,0,0,1
7,1746,2,2,0,0,1
7,1768,2,2,0,0,1
7,1794,2,2,0,0,1
7,1801,2,2,0,0,1
7,1813,2,2,0,2,1
7,1819,2,2,0,0,1
7,1834,2,2,0,0,1
7,1838,2,2,0,0,1
7,1873,2,2,0,0,1
7,1904,2,2,0,0,1
7,1919,2,2,0,1,1
7,1932,2,2,0,0,1
7,1948,2,2,0,1,1
7,1951,2,2,0,0,1
7,1955,2,2,0,0,1
7,1960,2,2,0,0,1
7,1982,2,2,0,2,1
7,1985,2,2,0,0,1
7,1989,2,2,1,0,1
7,2008,2,2,0,0,1
7,2055,2,2,2,0,1
7,2102,2,2,0,0,1
7,2106,2,2,0,0,1
7,2149,2,2,0,0,1
7,2152,2,2,0,0,1
7,2207,2,2,0,0,1
7,2210,2,2,0,0,1
7,2212,2,2,0,0,1
7,2226,2,2,0,1,1
7,2228,2,2,0,0,1
7,2233,2,2,0,0,1
7,2235,2,2,0,2,1
7,2240,2,2,0,0,1
7,2242,2,2,2,0,1
7,2252,2,2,0,0,1
7,2288,2,2,2,0,1
7,2322,2,2,0,0,1
7,2330,2,2,0,0,1
7,2358,2,2,0,0,1
7,2376,2,2,0,0,1
7,2423,2,2,0,1,1
7,2442,2,2,0,2,1
7,2448,2,2,2,0,1
7,2455,2,2,0,1,1
7,2466,2,2,0,0,1
7,2469,2,2,0,0,1
7,2480,2,2,0,0,1
7,2496,2,2,0,1,1
7,22,1,1,0,1,2
7,46,1,1,0,0,2
7,98,1,1,1,0,2
7,108,1,1,0,0,2
7,111,1,1,1,0,2
7,113,1,1,0,0,2
7,135,1,1,0,0,2
7,168,1,1,1,0,2
7,179,1,1,0,0,2
7,187,1,1,0,0,2
7,212,1,1,0,0,2
7,235,1,1,0,0,2
7,255,1,1,0,0,2
7,296,1,1,0,0,2
7,310,1,1,0,0,2
7,325,1,1,0,0,2
7,329,1,1,0,0,2
7,345,1,1,0,0,2
7,416,1,1,0,0,2
7,438,1,1,0,0,2
7,556,1,1,0,0,2
7,589,1,1,0,0,2
7,628,1,1,0,0,2
7,654,1,1,0,0,2
7,660,1,1,0,0,2
7,673,1,1,0,0,2
7,676,1,1,0,0,2
7,692,1,1,0,0,2
7,719,1,1,0,0,2
7,727,1,1,0,0,2
7,771,1,1,0,0,2
7,797,1,1,0,1,2
7,804,1,1,0,0,2
7,828,1,1,0,0,2
7,838,1,1,0,0,2
7,841,1,1,0,1,2
7,852,1,1,1,0,2
7,865,1,1,0,1,2
7,917,1,1,0,0,2
7,946,1,1,1,0,2
7,998,1,1,1,0,2
7,1005,1,1,0,0,2
7,1024,1,1,0,1,2
7,1032,1,1,0,0,2
7,1057,1,1,0,0,2
7,1072,1,1,0,1,2
7,1101,1,1,0,1,2
7,1134,1,1,0,0,2
7,1156,1,1,1,0,2
7,1177,1,1,0,0,2
7,1181,1,1,1,0,2
7,1183,1,1,0,1,2
7,1190,1,1,1,0,2
7,1200,1,1,0,0,2
7,1220,1,1,0,0,2
7,1227,1,1,0,0,2
7,1246,1,1,0,0,2
7,1265,1,1,0,0,2
7,1280,1,1,0,0,2
7,1315,1,1,0,0,2
7,1338,1,1,0,1,2
7,1355,1,1,0,0,2
7,1366,1,1,0,0,2
7,1374,1,1,0,0,2
7,1393,1,1,0,0,2
7,1412,1,1,0,0,2
7,1446,1,1,0,0,2
7,1486,1,1,0,0,2
7,1498,1,1,0,0,2
7,1501,1,1,1,0,2
7,1505,1,1,0,0,2
7,1514,1,1,0,1,2
7,1518,1,1,0,1,2
7,1524,1,1,0,0,2
7,1536,1,1,0,0,2
7,1582,1,1,0,0,2
7,1600,1,1,0,0,2
7,1626,1,1,0,0,2
7,1670,1,1,0,0,2
7,1686,1,1,0,1,2
7,1690,1,1,1,0,2
7,1741,1,1,0,1,2
7,1764,1,1,0,0,2
7,1771,1,1,0,0,2
7,1785,1,1,0,0,2
7,1830,1,1,0,0,2
7,1837,1,1,0,0,2
7,1848,1,1,0,0,2
7,1874,1,1,1,0,2
7,1887,1,1,0,0,2
7,1922,1,1,0,0,2
7,1942,1,1,0,0,2
7,1958,1,1,0,1,2
7,1979,1,1,0,1,2
7,2006,1,1,0,0,2
7,2018,1,1,0,1,2
7,2040,1,1,0,0,2
7,2041,1,1,0,0,2
7,2056,1,1,0,0,2
7,2057,1,1,0,0,2
7,2062,1,1,0,1,2
7,2071,1,1,0,0,2
7,2078,1,1,0,0,2
7,2110,1,1,0,0,2
7,2138,1,1,0,1,2
7,2147,1,1,0,0,2
7,2245,1,1,1,0,2
7,2278,1,1,0,0,2
7,2290,1,1,0,1,2
7,2306,1,1,0,1,2
7,2354,1,1,0,0,2
7,2357,1,1,0,1,2
7,2362,1,1,0,1,2
7,2368,1,1,0,1,2
7,2402,1,1,0,1,2
7,2416,1,1,0,0,2
7,2417,1,1,1,0,2
7,2441,1,1,1,0,2
7,2460,1,1,0,0,2
7,2465,1,1,1,0,2
7,2491,1,1,0,0,2
7,53,1,1,0,0,3
7,57,1,1,0,0,3
7,66,1,1,0,0,3
7,67,1,1,0,0,3
7,75,1,1,0,1,3
7,101,1,1,0,0,3
7,103,1,1,0,0,3
7,153,1,1,0,1,3
7,156,1,1,1,0,3
7,178,1,1,0,0,3
7,185,1,1,0,0,3
7,194,1,1,0,0,3
7,219,1,1,0,0,3
7,246,1,1,0,0,3
7,248,1,1,0,1,3
7,275,1,1,1,0,3
7,320,1,1,0,0,3
7,326,1,1,0,1,3
7,332,1,1,0,0,3
7,368,1,1,0,0,3
7,387,1,1,0,0,3
7,405,1,1,0,0,3
7,423,1,1,0,1,3
7,433,1,1,0,0,3
7,452,1,1,1,0,3
7,454,1,1,0,0,3
7,468,1,1,0,0,3
7,474,1,1,0,0,3
7,539,1,1,0,0,3
7,540,1,1,0,0,3
7,547,1,1,0,1,3
7,572,1,1,0,0,3
7,574,1,1,0,0,3
7,595,1,1,0,1,3
7,599,1,1,0,0,3
7,601,1,1,0,0,3
7,624,1,1,1,0,3
7,655,1,1,0,0,3
7,656,1,1,0,0,3
7,671,1,1,0,1,3
7,677,1,1,0,0,3
7,685,1,1,0,0,3
7,691,1,1,0,0,3
7,738,1,1,0,0,3
7,741,1,1,0,0,3
7,752,1,1,0,0,3
7,767,1,1,0,1,3
7,776,1,1,0,0,3
7,779,1,1,1,0,3
7,801,1,1,1,0,3
7,807,1,1,0,0,3
7,839,1,1,0,0,3
7,840,1,1,0,0,3
7,844,1,1,0,1,3
7,854,1,1,0,0,3
7,861,1,1,1,0,3
7,862,1,1,0,0,3
7,872,1,1,0,0,3
7,907,1,1,0,0,3
7,914,1,1,1,0,3
7,930,1,1,0,0,3
7,1007,1,1,0,0,3
7,1011,1,1,1,0,3
7,1045,1,1,0,0,3
7,1053,1,1,0,0,3
7,1077,1,1,0,0,3
7,1147,1,1,0,0,3
7,1151,1,1,0,0,3
7,1169,1,1,0,0,3
7,1192,1,1,0,0,3
7,1213,1,1,0,0,3
7,1226,1,1,0,0,3
7,1230,1,1,0,0,3
7,1272,1,1,0,0,3
7,1289,1,1,1,0,3
7,1295,1,1,1,0,3
7,1300,1,1,0,0,3
7,1305,1,1,1,0,3
7,1311,1,1,0,0,3
7,1313,1,1,0,1,3
7,1349,1,1,0,0,3
7,1350,1,1,0,0,3
7,1358,1,1,0,0,3
7,1359,1,1,0,0,3
7,1361,1,1,0,1,3
7,1403,1,1,0,1,3
7,1426,1,1,0,1,3
7,1476,1,1,0,0,3
7,1497,1,1,0,0,3
7,1506,1,1,0,0,3
7,1527,1,1,0,0,3
7,1581,1,1,0,0,3
7,1589,1,1,0,0,3
7,1649,1,1,0,0,3
7,1650,1,1,1,0,3
7,1659,1,1,0,0,3
7,1663,1,1,0,0,3
7,1719,1,1,1,0,3
7,1724,1,1,0,0,3
7,1725,1,1,1,0,3
7,1733,1,1,0,0,3
7,1791,1,1,0,0,3
7,1806,1,1,0,0,3
7,1827,1,1,1,0,3
7,1844,1,1,0,0,3
7,1862,1,1,0,0,3
7,1877,1,1,0,0,3
7,1880,1,1,0,1,3
7,1896,1,1,0,0,3
7,1928,1,1,0,0,3
7,1933,1,1,0,1,3
7,1945,1,1,0,0,3
7,1957,1,1,0,0,3
7,1970,1,1,0,0,3
7,1971,1,1,0,0,3
7,2025,1,1,0,0,3
7,2063,1,1,0,0,3
7,2070,1,1,0,0,3
7,2074,1,1,0,0,3
7,2094,1,1,0,0,3
7,2116,1,1,0,0,3
7,2159,1,1,0,0,3
7,2175,1,1,0,0,3
7,2192,1,1,0,0,3
7,2193,1,1,0,0,3
7,2205,1,1,0,0,3
7,2214,1,1,0,0,3
7,2220,1,1,0,0,3
7,2237,1,1,1,0,3
7,2239,1,1,0,1,3
7,2246,1,1,0,0,3
7,2255,1,1,1,0,3
7,2265,1,1,0,0,3
7,2275,1,1,0,0,3
7,2276,1,1,0,0,3
7,2284,1,1,0,0,3
7,2287,1,1,0,0,3
7,2295,1,1,0,0,3
7,2299,1,1,0,0,3
7,2323,1,1,0,0,3
7,2337,1,1,0,0,3
7,2370,1,1,0,0,3
7,2390,1,1,1,0,3
7,2403,1,1,0,0,3
7,2427,1,1,1,0,3
7,2487,1,1,0,0,3
7,39,1,1,1,0,4
7,80,1,1,1,0,4
7,129,1,1,0,0,4
7,143,1,1,0,0,4
7,183,1,1,0,0,4
7,184,1,1,0,0,4
7,198,1,1,0,1,4
7,217,1,1,0,0,4
7,226,1,1,0,0,4
7,231,1,1,0,0,4
7,250,1,1,0,0,4
7,289,1,1,0,0,4
7,299,1,1,0,0,4
7,305,1,1,0,1,4
7,317,1,1,0,1,4
7,327,1,1,0,1,4
7,358,1,1,0,0,4
7,365,1,1,1,0,4
7,369,1,1,0,0,4
7,375,1,1,0,0,4
7,385,1,1,0,0,4
7,398,1,1,0,1,4
7,408,1,1,0,0,4
7,412,1,1,0,0,4
7,424,1,1,1,0,4
7,425,1,1,0,0,4
7,432,1,1,0,0,4
7,448,1,1,1,0,4
7,462,1,1,0,0,4
7,481,1,1,0,0,4
7,494,1,1,0,0,4
7,500,1,1,0,0,4
7,510,1,1,0,0,4
7,524,1,1,0,0,4
7,530,1,1,1,0,4
7,542,1,1,0,0,4
7,576,1,1,1,0,4
7,586,1,1,0,0,4
7,606,1,1,1,0,4
7,608,1,1,0,0,4
7,626,1,1,1,0,4
7,634,1,1,0,0,4
7,659,1,1,0,0,4
7,662,1,1,0,0,4
7,665,1,1,0,0,4
7,670,1,1,0,0,4
7,675,1,1,0,0,4
7,678,1,1,0,0,4
7,679,1,1,0,1,4
7,680,1,1,1,0,4
7,698,1,1,1,0,4
7,699,1,1,0,0,4
7,716,1,1,0,0,4
7,721,1,1,1,0,4
7,768,1,1,0,1,4
7,855,1,1,1,0,4
7,869,1,1,0,0,4
7,908,1,1,1,0,4
7,913,1,1,0,1,4
7,923,1,1,0,0,4
7,967,1,1,0,0,4
7,1034,1,1,0,0,4
7,1050,1,1,0,0,4
7,1079,1,1,0,0,4
7,1086,1,1,0,0,4
7,1092,1,1,0,1,4
7,1111,1,1,0,0,4
7,1113,1,1,0,0,4
7,1138,1,1,0,0,4
7,1145,1,1,1,0,4
7,1224,1,1,0,1,4
7,1257,1,1,0,0,4
7,1274,1,1,0,0,4
7,1278,1,1,1,0,4
7,1308,1,1,0,0,4
7,1325,1,1,1,0,4
7,1329,1,1,0,0,4
7,1332,1,1,0,0,4
7,1340,1,1,0,1,4
7,1352,1,1,0,0,4
7,1353,1,1,0,0,4
7,1354,1,1,0,0,4
7,1399,1,1,0,0,4
7,1405,1,1,0,0,4
7,1420,1,1,0,1,4
7,1493,1,1,0,0,4
7,1508,1,1,0,0,4
7,1509,1,1,0,0,4
7,1537,1,1,0,1,4
7,1538,1,1,1,0,4
7,1541,1,1,0,0,4
7,1544,1,1,0,0,4
7,1546,1,1,0,0,4
7,1563,1,1,0,0,4
7,1564,1,1,0,1,4
7,1572,1,1,0,0,4
7,1666,1,1,0,0,4
7,1685,1,1,0,1,4
7,1693,1,1,0,0,4
7,1701,1,1,0,0,4
7,1709,1,1,0,1,4
7,1715,1,1,0,0,4
7,1723,1,1,0,1,4
7,1728,1,1,0,0,4
7,1752,1,1,0,1,4
7,1754,1,1,0,1,4
7,1756,1,1,0,0,4
7,1765,1,1,0,0,4
7,1781,1,1,1,0,4
7,1783,1,1,1,0,4
7,1787,1,1,1,0,4
7,1789,1,1,0,0,4
7,1795,1,1,0,0,4
7,1797,1,1,1,0,4
7,1800,1,1,0,0,4
7,1804,1,1,0,1,4
7,1807,1,1,0,0,4
7,1811,1,1,0,0,4
7,1849,1,1,0,0,4
7,1858,1,1,1,0,4
7,1881,1,1,0,0,4
7,1885,1,1,0,0,4
7,1897,1,1,1,0,4
7,1899,1,1,0,0,4
7,1913,1,1,1,0,4
7,1993,1,1,0,0,4
7,2001,1,1,0,1,4
7,2013,1,1,0,0,4
7,2021,1,1,0,0,4
7,2022,1,1,0,1,4
7,2028,1,1,0,1,4
7,2038,1,1,0,0,4
7,2042,1,1,0,0,4
7,2045,1,1,0,0,4
7,2065,1,1,0,0,4
7,2086,1,1,0,0,4
7,2100,1,1,0,0,4
7,2108,1,1,0,0,4
7,2112,1,1,0,0,4
7,2133,1,1,0,1,4
7,2148,1,1,1,0,4
7,2215,1,1,0,0,4
7,2222,1,1,0,0,4
7,2285,1,1,0,0,4
7,2297,1,1,0,0,4
7,2305,1,1,0,1,4
7,2307,1,1,0,0,4
7,2325,1,1,0,1,4
7,2348,1,1,0,0,4
7,2355,1,1,1,0,4
7,2363,1,1,0,0,4
7,2393,1,1,0,0,4
7,2426,1,1,0,0,4
7,2433,1,1,0,1,4
7,2435,1,1,0,0,4
7,2450,1,1,0,0,4
7,2490,1,1,0,0,4
7,9,1,1,0,0,5
7,13,1,1,0,0,5
7,27,1,1,0,0,5
7,54,1,1,0,0,5
7,65,1,1,1,0,5
7,96,1,1,0,1,5
7,112,1,1,0,0,5
7,122,1,1,0,0,5
7,138,1,1,0,0,5
7,139,1,1,0,0,5
7,154,1,1,0,0,5
7,162,1,1,0,0,5
7,163,1,1,1,0,5
7,173,1,1,0,0,5
7,197,1,1,1,0,5
7,229,1,1,0,1,5
7,260,1,1,0,0,5
7,285,1,1,0,0,5
7,290,1,1,0,0,5
7,293,1,1,1,0,5
7,298,1,1,0,0,5
7,301,1,1,0,0,5
7,308,1,1,0,1,5
7,334,1,1,0,1,5
7,343,1,1,0,0,5
7,361,1,1,1,0,5
7,367,1,1,0,0,5
7,394,1,1,1,0,5
7,395,1,1,1,0,5
7,396,1,1,0,1,5
7,426,1,1,0,1,5
7,457,1,1,0,0,5
7,463,1,1,0,0,5
7,486,1,1,0,0,5
7,491,1,1,0,1,5
7,505,1,1,0,0,5
7,506,1,1,0,0,5
7,520,1,1,0,0,5
7,554,1,1,0,0,5
7,559,1,1,0,0,5
7,563,1,1,0,0,5
7,568,1,1,0,1,5
7,578,1,1,0,0,5
7,580,1,1,0,0,5
7,588,1,1,0,1,5
7,592,1,1,1,0,5
7,674,1,1,0,0,5
7,695,1,1,0,0,5
7,697,1,1,0,0,5
7,708,1,1,0,0,5
7,713,1,1,0,0,5
7,756,1,1,0,0,5
7,761,1,1,0,0,5
7,769,1,1,0,0,5
7,774,1,1,1,0,5
7,778,1,1,0,0,5
7,822,1,1,1,0,5
7,835,1,1,0,0,5
7,847,1,1,0,0,5
7,849,1,1,0,0,5
7,879,1,1,0,0,5
7,882,1,1,0,0,5
7,898,1,1,1,0,5
7,901,1,1,0,0,5
7,905,1,1,0,1,5
7,919,1,1,0,0,5
7,936,1,1,0,0,5
7,945,1,1,0,0,5
7,973,1,1,0,0,5
7,992,1,1,0,0,5
7,995,1,1,0,0,5
7,1030,1,1,0,1,5
7,1044,1,1,0,0,5
7,1062,1,1,0,0,5
7,1088,1,1,0,0,5
7,1095,1,1,0,0,5
7,1125,1,1,1,0,5
7,1131,1,1,0,0,5
7,1153,1,1,1,0,5
7,1180,1,1,0,1,5
7,1194,1,1,0,0,5
7,1202,1,1,0,0,5
7,1208,1,1,0,1,5
7,1218,1,1,0,0,5
7,1221,1,1,1,0,5
7,1223,1,1,0,0,5
7,1234,1,1,0,0,5
7,1248,1,1,0,1,5
7,1286,1,1,0,0,5
7,1287,1,1,0,0,5
7,1334,1,1,0,0,5
7,1335,1,1,0,0,5
7,1346,1,1,0,1,5
7,1373,1,1,0,0,5
7,1384,1,1,0,0,5
7,1388,1,1,1,0,5
7,1411,1,1,0,0,5
7,1414,1,1,1,0,5
7,1433,1,1,0,0,5
7,1451,1,1,0,0,5
7,1457,1,1,0,0,5
7,1470,1,1,0,0,5
7,1474,1,1,0,0,5
7,1517,1,1,0,0,5
7,1520,1,1,0,0,5
7,1566,1,1,0,1,5
7,1574,1,1,0,0,5
7,1585,1,1,0,1,5
7,1607,1,1,0,1,5
7,1615,1,1,0,0,5
7,1630,1,1,0,0,5
7,1645,1,1,0,0,5
7,1687,1,1,0,0,5
7,1697,1,1,0,0,5
7,1700,1,1,0,0,5
7,1722,1,1,0,0,5
7,1726,1,1,0,0,5
7,1734,1,1,0,0,5
7,1767,1,1,0,0,5
7,1776,1,1,0,0,5
7,1788,1,1,0,0,5
7,1805,1,1,0,0,5
7,1808,1,1,0,1,5
7,1831,1,1,0,0,5
7,1860,1,1,0,0,5
7,1866,1,1,0,0,5
7,1869,1,1,0,0,5
7,1908,1,1,0,1,5
7,1940,1,1,0,0,5
7,1944,1,1,1,0,5
7,1984,1,1,0,0,5
7,1986,1,1,0,0,5
7,1992,1,1,0,0,5
7,2048,1,1,0,0,5
7,2081,1,1,0,1,5
7,2084,1,1,0,0,5
7,2105,1,1,0,0,5
7,2122,1,1,0,0,5
7,2123,1,1,0,0,5
7,2124,1,1,0,1,5
7,2137,1,1,0,0,5
7,2165,1,1,1,0,5
7,2168,1,1,0,0,5
7,2196,1,1,0,1,5
7,2218,1,1,0,0,5
7,2219,1,1,0,0,5
7,2227,1,1,0,0,5
7,2231,1,1,0,0,5
7,2238,1,1,0,0,5
7,2241,1,1,0,0,5
7,2251,1,1,0,0,5
7,2260,1,1,0,0,5
7,2263,1,1,0,0,5
7,2264,1,1,1,0,5
7,2273,1,1,0,1,5
7,2304,1,1,0,0,5
7,2309,1,1,1,0,5
7,2321,1,1,0,0,5
7,2324,1,1,0,0,5
7,2331,1,1,1,0,5
7,2332,1,1,0,0,5
7,2339,1,1,0,1,5
7,2349,1,1,0,1,5
7,2378,1,1,0,0,5
7,2400,1,1,1,0,5
7,2405,1,1,0,0,5
7,2410,1,1,0,0,5
7,2486,1,1,0,0,5
7,2494,1,1,0,0,5
7,58,3,3,0,0,6
7,64,3,3,0,0,6
7,68,3,3,0,0,6
7,74,3,3,1,0,6
7,85,3,3,0,0,6
7,87,3,3,0,1,6
7,89,3,3,0,0,6
7,95,3,3,0,0,6
7,97,3,3,0,0,6
7,104,3,3,0,0,6
7,105,3,3,0,0,6
7,109,3,3,0,0,6
7,131,3,3,0,0,6
7,147,3,3,0,0,6
7,161,3,3,0,3,6
7,164,3,3,0,0,6
7,215,3,3,0,0,6
7,220,3,3,0,3,6
7,234,3,3,1,0,6
7,244,3,3,0,0,6
7,247,3,3,0,0,6
7,249,3,3,3,0,6
7,252,3,3,3,0,6
7,253,3,3,0,0,6
7,272,3,3,0,0,6
7,291,3,3,0,0,6
7,295,3,3,1,0,6
7,302,3,3,0,0,6
7,307,3,3,0,0,6
7,316,3,3,0,0,6
7,318,3,3,0,1,6
7,336,3,3,0,0,6
7,360,3,3,0,0,6
7,379,3,3,0,0,6
7,384,3,3,0,0,6
7,390,3,3,0,0,6
7,418,3,3,3,0,6
7,428,3,3,0,0,6
7,430,3,3,0,0,6
7,440,3,3,0,0,6
7,456,3,3,0,0,6
7,465,3,3,3,0,6
7,467,3,3,3,0,6
7,475,3,3,0,0,6
7,497,3,3,0,0,6
7,514,3,3,0,0,6
7,515,3,3,3,0,6
7,516,3,3,0,0,6
7,519,3,3,0,0,6
7,526,3,3,0,0,6
7,529,3,3,0,0,6
7,596,3,3,0,0,6
7,609,3,3,1,0,6
7,629,3,3,1,0,6
7,637,3,3,0,1,6
7,644,3,3,0,0,6
7,696,3,3,0,0,6
7,704,3,3,0,0,6
7,715,3,3,1,0,6
7,730,3,3,0,0,6
7,733,3,3,0,0,6
7,749,3,3,0,1,6
7,759,3,3,3,0,6
7,777,3,3,0,0,6
7,781,3,3,1,0,6
7,787,3,3,0,0,6
7,799,3,3,0,3,6
7,800,3,3,0,3,6
7,803,3,3,0,0,6
7,806,3,3,0,0,6
7,816,3,3,0,0,6
7,829,3,3,0,0,6
7,851,3,3,0,0,6
7,860,3,3,0,3,6
7,863,3,3,0,0,6
7,868,3,3,0,0,6
7,871,3,3,0,0,6
7,883,3,3,0,0,6
7,887,3,3,0,0,6
7,889,3,3,0,0,6
7,899,3,3,3,0,6
7,906,3,3,0,0,6
7,918,3,3,0,0,6
7,920,3,3,0,0,6
7,921,3,3,0,0,6
7,955,3,3,3,0,6
7,961,3,3,0,0,6
7,991,3,3,3,0,6
7,993,3,3,0,0,6
7,996,3,3,0,0,6
7,1019,3,3,0,0,6
7,1029,3,3,0,0,6
7,1031,3,3,0,0,6
7,1054,3,3,0,0,6
7,1055,3,3,0,0,6
7,1059,3,3,0,0,6
7,1065,3,3,0,3,6
7,1069,3,3,0,0,6
7,1084,3,3,0,0,6
7,1090,3,3,0,1,6
7,1102,3,3,0,0,6
7,1103,3,3,0,0,6
7,1112,3,3,0,0,6
7,1120,3,3,0,0,6
7,1140,3,3,0,0,6
7,1148,3,3,0,0,6
7,1154,3,3,0,3,6
7,1161,3,3,0,0,6
7,1175,3,3,0,0,6
7,1182,3,3,0,0,6
7,1188,3,3,0,0,6
7,1191,3,3,0,0,6
7,1193,3,3,1,0,6
7,1207,3,3,0,0,6
7,1222,3,3,0,0,6
7,1239,3,3,0,0,6
7,1240,3,3,0,1,6
7,1273,3,3,0,0,6
7,1275,3,3,0,3,6
7,1281,3,3,0,1,6
7,1304,3,3,0,0,6
7,1322,3,3,0,0,6
7,1324,3,3,0,3,6
7,1377,3,3,0,0,6
7,1379,3,3,3,0,6
7,1401,3,3,0,0,6
7,1416,3,3,0,0,6
7,1437,3,3,0,0,6
7,1458,3,3,0,0,6
7,1459,3,3,0,0,6
7,1482,3,3,0,3,6
7,1484,3,3,3,0,6
7,1488,3,3,0,0,6
7,1490,3,3,0,3,6
7,1521,3,3,0,0,6
7,1530,3,3,0,3,6
7,1575,3,3,0,0,6
7,1595,3,3,0,0,6
7,1598,3,3,0,1,6
7,1623,3,3,0,3,6
7,1635,3,3,0,0,6
7,1642,3,3,0,3,6
7,1658,3,3,0,0,6
7,1681,3,3,0,0,6
7,1702,3,3,0,0,6
7,1708,3,3,0,3,6
7,1710,3,3,0,0,6
7,1735,3,3,0,3,6
7,1742,3,3,0,3,6
7,1761,3,3,1,0,6
7,1774,3,3,0,3,6
7,1814,3,3,3,0,6
7,1864,3,3,0,0,6
7,1875,3,3,0,0,6
7,1879,3,3,0,1,6
7,1889,3,3,0,0,6
7,1898,3,3,0,0,6
7,1936,3,3,3,0,6
7,1956,3,3,0,0,6
7,1965,3,3,0,3,6
7,1980,3,3,0,0,6
7,2012,3,3,0,0,6
7,2017,3,3,0,0,6
7,2020,3,3,1,0,6
7,2029,3,3,0,0,6
7,2031,3,3,3,0,6
7,2059,3,3,0,0,6
7,2075,3,3,0,0,6
7,2082,3,3,0,0,6
7,2092,3,3,0,0,6
7,2107,3,3,0,0,6
7,2114,3,3,0,0,6
7,2117,3,3,0,0,6
7,2120,3,3,0,0,6
7,2130,3,3,0,0,6
7,2155,3,3,0,0,6
7,2157,3,3,0,0,6
7,2172,3,3,0,0,6
7,2183,3,3,0,3,6
7,2191,3,3,0,0,6
7,2199,3,3,0,0,6
7,2204,3,3,0,0,6
7,2216,3,3,0,0,6
7,2269,3,3,3,0,6
7,2272,3,3,0,0,6
7,2286,3,3,0,3,6
7,2300,3,3,0,0,6
7,2333,3,3,0,0,6
7,2335,3,3,0,0,6
7,2380,3,3,0,0,6
7,2385,3,3,0,1,6
7,2399,3,3,0,0,6
7,2418,3,3,0,3,6
7,2421,3,3,0,0,6
7,2475,3,3,0,0,6
7,2477,3,3,0,3,6
7,2495,3,3,0,3,6
7,2499,3,3,3,0,6
7,17,3,1,0,0,7
7,25,3,1,0,0,7
7,47,3,1,3,0,7
7,110,3,1,0,0,7
7,121,3,1,0,0,7
7,126,3,1,3,0,7
7,141,3,1,0,0,7
7,148,3,1,0,0,7
7,159,3,1,0,1,7
7,170,3,1,0,0,7
7,172,3,1,0,1,7
7,186,3,1,0,0,7
7,238,3,1,0,0,7
7,251,3,1,0,0,7
7,270,3,1,0,0,7
7,287,3,1,0,0,7
7,324,3,1,0,0,7
7,348,3,1,0,1,7
7,356,3,1,0,0,7
7,370,3,1,0,0,7
7,377,3,1,0,0,7
7,383,3,1,0,1,7
7,389,3,1,0,0,7
7,391,3,1,0,0,7
7,401,3,1,3,0,7
7,476,3,1,0,0,7
7,483,3,1,0,0,7
7,487,3,1,0,0,7
7,504,3,1,0,0,7
7,513,3,1,0,0,7
7,521,3,1,0,0,7
7,522,3,1,0,0,7
7,534,3,1,0,0,7
7,552,3,1,0,0,7
7,562,3,1,0,0,7
7,603,3,1,0,0,7
7,604,3,1,0,0,7
7,621,3,1,0,0,7
7,625,3,1,3,0,7
7,684,3,1,0,0,7
7,722,3,1,0,0,7
7,745,3,1,0,0,7
7,758,3,1,0,0,7
7,780,3,1,3,0,7
7,783,3,1,0,0,7
7,811,3,1,0,0,7
7,820,3,1,0,1,7
7,876,3,1,3,0,7
7,894,3,1,0,0,7
7,900,3,1,0,0,7
7,912,3,1,3,0,7
7,934,3,1,0,0,7
7,937,3,1,0,0,7
7,941,3,1,0,0,7
7,942,3,1,0,1,7
7,964,3,1,0,1,7
7,975,3,1,0,0,7
7,1009,3,1,0,0,7
7,1040,3,1,1,0,7
7,1076,3,1,0,0,7
7,1082,3,1,1,0,7
7,1096,3,1,0,1,7
7,1109,3,1,0,0,7
7,1128,3,1,0,0,7
7,1129,3,1,0,0,7
7,1146,3,1,0,0,7
7,1170,3,1,0,0,7
7,1176,3,1,0,1,7
7,1195,3,1,0,0,7
7,1219,3,1,0,0,7
7,1264,3,1,3,0,7
7,1279,3,1,0,0,7
7,1297,3,1,0,0,7
7,1301,3,1,0,0,7
7,1381,3,1,0,0,7
7,1415,3,1,0,0,7
7,1445,3,1,0,0,7
7,1519,3,1,0,0,7
7,1526,3,1,0,0,7
7,1533,3,1,0,1,7
7,1540,3,1,0,0,7
7,1554,3,1,0,0,7
7,1556,3,1,0,1,7
7,1578,3,1,3,0,7
7,1579,3,1,0,0,7
7,1596,3,1,0,0,7
7,1599,3,1,0,0,7
7,1678,3,1,0,0,7
7,1692,3,1,0,0,7
7,1694,3,1,0,0,7
7,1718,3,1,3,0,7
7,1778,3,1,0,0,7
7,1784,3,1,0,0,7
7,1792,3,1,0,0,7
7,1793,3,1,3,0,7
7,1841,3,1,1,0,7
7,1851,3,1,3,0,7
7,1972,3,1,0,0,7
7,1978,3,1,0,0,7
7,2000,3,1,3,0,7
7,2003,3,1,0,0,7
7,2033,3,1,0,1,7
7,2034,3,1,1,0,7
7,2083,3,1,0,1,7
7,2128,3,1,0,0,7
7,2160,3,1,0,0,7
7,2163,3,1,0,0,7
7,2209,3,1,0,0,7
7,2232,3,1,0,1,7
7,2234,3,1,0,0,7
7,2236,3,1,0,0,7
7,2254,3,1,0,0,7
7,2267,3,1,0,0,7
7,2320,3,1,0,1,7
7,2340,3,1,0,0,7
7,2346,3,1,0,0,7
7,2361,3,1,0,0,7
7,2365,3,1,3,0,7
7,2372,3,1,0,1,7
7,2373,3,1,0,0,7
7,2432,3,1,0,0,7
7,2461,3,1,0,1,7
7,2464,3,1,0,0,7
7,2479,3,1,0,0,7
7,2482,3,1,0,0,7
7,2484,3,1,0,0,7
7,3,1,1,0,0,8
7,40,1,1,0,0,8
7,41,1,1,0,0,8
7,49,1,1,0,0,8
7,70,1,1,1,0,8
7,82,1,1,0,0,8
7,84,1,1,0,0,8
7,90,1,1,0,0,8
7,115,1,1,0,0,8
7,128,1,1,0,0,8
7,137,1,1,0,0,8
7,202,1,1,1,0,8
7,230,1,1,0,0,8
7,243,1,1,1,0,8
7,256,1,1,0,0,8
7,263,1,1,0,0,8
7,267,1,1,0,0,8
7,304,1,1,0,0,8
7,321,1,1,0,0,8
7,337,1,1,1,0,8
7,349,1,1,0,1,8
7,362,1,1,0,0,8
7,380,1,1,0,1,8
7,406,1,1,0,0,8
7,441,1,1,0,0,8
7,445,1,1,1,0,8
7,460,1,1,0,0,8
7,493,1,1,0,0,8
7,496,1,1,1,0,8
7,501,1,1,1,0,8
7,543,1,1,0,0,8
7,548,1,1,0,1,8
7,557,1,1,1,0,8
7,590,1,1,1,0,8
7,605,1,1,0,0,8
7,639,1,1,0,0,8
7,653,1,1,0,0,8
7,661,1,1,1,0,8
7,701,1,1,0,0,8
7,706,1,1,1,0,8
7,707,1,1,0,0,8
7,726,1,1,0,0,8
7,728,1,1,0,0,8
7,740,1,1,0,0,8
7,764,1,1,0,0,8
7,788,1,1,0,0,8
7,808,1,1,0,0,8
7,823,1,1,0,1,8
7,827,1,1,1,0,8
7,877,1,1,0,0,8
7,880,1,1,0,0,8
7,892,1,1,1,0,8
7,981,1,1,0,0,8
7,987,1,1,0,0,8
7,994,1,1,0,0,8
7,1018,1,1,0,0,8
7,1023,1,1,0,0,8
7,1046,1,1,0,0,8
7,1047,1,1,0,0,8
7,1073,1,1,0,0,8
7,1106,1,1,0,0,8
7,1136,1,1,0,0,8
7,1168,1,1,0,0,8
7,1197,1,1,0,0,8
7,1199,1,1,0,0,8
7,1205,1,1,0,0,8
7,1242,1,1,0,0,8
7,1252,1,1,0,0,8
7,1268,1,1,0,0,8
7,1269,1,1,0,0,8
7,1276,1,1,0,0,8
7,1284,1,1,1,0,8
7,1291,1,1,0,0,8
7,1323,1,1,1,0,8
7,1328,1,1,0,0,8
7,1331,1,1,0,0,8
7,1360,1,1,0,0,8
7,1363,1,1,0,0,8
7,1367,1,1,0,0,8
7,1395,1,1,0,0,8
7,1419,1,1,0,0,8
7,1454,1,1,0,1,8
7,1462,1,1,0,1,8
7,1466,1,1,0,0,8
7,1472,1,1,0,0,8
7,1512,1,1,1,0,8
7,1531,1,1,0,1,8
7,1549,1,1,0,0,8
7,1552,1,1,0,1,8
7,1571,1,1,0,0,8
7,1625,1,1,0,0,8
7,1636,1,1,0,0,8
7,1665,1,1,0,0,8
7,1675,1,1,1,0,8
7,1705,1,1,0,1,8
7,1706,1,1,0,0,8
7,1717,1,1,0,0,8
7,1720,1,1,1,0,8
7,1737,1,1,0,0,8
7,1740,1,1,1,0,8
7,1790,1,1,0,0,8
7,1799,1,1,0,1,8
7,1822,1,1,0,0,8
7,1842,1,1,1,0,8
7,1856,1,1,0,0,8
7,1861,1,1,0,0,8
7,1902,1,1,0,0,8
7,1926,1,1,0,1,8
7,1937,1,1,0,0,8
7,1959,1,1,0,0,8
7,2002,1,1,0,0,8
7,2004,1,1,0,0,8
7,2050,1,1,0,0,8
7,2051,1,1,0,0,8
7,2060,1,1,0,1,8
7,2127,1,1,1,0,8
7,2129,1,1,1,0,8
7,2145,1,1,0,0,8
7,2167,1,1,0,1,8
7,2171,1,1,1,0,8
7,2261,1,1,0,0,8
7,2291,1,1,1,0,8
7,2308,1,1,0,0,8
7,2338,1,1,0,0,8
7,2401,1,1,0,0,8
7,2404,1,1,0,0,8
7,2431,1,1,1,0,8
7,2481,1,1,1,0,8
7,2489,1,1,0,0,8
7,1,3,1,0,0,9
7,2,3,1,0,0,9
7,4,3,1,0,0,9
7,14,3,1,0,1,9
7,24,3,1,1,0,9
7,30,3,1,0,1,9
7,31,3,1,0,0,9
7,35,3,1,0,0,9
7,37,3,1,0,0,9
7,42,3,1,0,0,9
7,51,3,1,0,0,9
7,56,3,1,3,0,9
7,59,3,1,3,0,9
7,91,3,1,0,0,9
7,93,3,1,0,0,9
7,124,3,1,3,0,9
7,149,3,1,3,0,9
7,169,3,1,0,1,9
7,175,3,1,3,0,9
7,176,3,1,0,0,9
7,177,3,1,1,0,9
7,189,3,1,0,0,9
7,203,3,1,0,0,9
7,257,3,1,1,0,9
7,309,3,1,0,1,9
7,311,3,1,1,0,9
7,340,3,1,0,0,9
7,354,3,1,0,1,9
7,355,3,1,0,0,9
7,357,3,1,0,0,9
7,402,3,1,0,0,9
7,403,3,1,0,0,9
7,415,3,1,0,0,9
7,420,3,1,0,0,9
7,442,3,1,0,0,9
7,446,3,1,0,1,9
7,458,3,1,0,0,9
7,461,3,1,0,1,9
7,489,3,1,1,0,9
7,503,3,1,0,0,9
7,528,3,1,0,0,9
7,532,3,1,1,0,9
7,551,3,1,0,0,9
7,555,3,1,0,0,9
7,607,3,1,0,1,9
7,610,3,1,0,0,9
7,611,3,1,0,1,9
7,614,3,1,1,0,9
7,615,3,1,1,0,9
7,623,3,1,0,0,9
7,664,3,1,0,0,9
7,669,3,1,0,0,9
7,687,3,1,0,0,9
7,693,3,1,0,0,9
7,710,3,1,0,0,9
7,718,3,1,0,0,9
7,731,3,1,0,0,9
7,735,3,1,3,0,9
7,748,3,1,0,0,9
7,763,3,1,0,0,9
7,786,3,1,0,0,9
7,791,3,1,0,0,9
7,792,3,1,0,0,9
7,805,3,1,0,0,9
7,819,3,1,0,1,9
7,821,3,1,0,0,9
7,857,3,1,0,0,9
7,890,3,1,0,0,9
7,910,3,1,0,0,9
7,932,3,1,1,0,9
7,935,3,1,0,0,9
7,940,3,1,0,0,9
7,959,3,1,3,0,9
7,971,3,1,0,0,9
7,983,3,1,3,0,9
7,986,3,1,0,0,9
7,988,3,1,0,0,9
7,989,3,1,0,0,9
7,1000,3,1,0,0,9
7,1004,3,1,0,0,9
7,1006,3,1,0,0,9
7,1021,3,1,0,0,9
7,1028,3,1,0,0,9
7,1037,3,1,0,1,9
7,1056,3,1,0,1,9
7,1061,3,1,0,0,9
7,1067,3,1,0,1,9
7,1075,3,1,0,0,9
7,1080,3,1,0,0,9
7,1087,3,1,0,0,9
7,1091,3,1,0,0,9
7,1098,3,1,0,0,9
7,1108,3,1,0,0,9
7,1110,3,1,0,0,9
7,1123,3,1,0,0,9
7,1139,3,1,0,0,9
7,1141,3,1,0,1,9
7,1164,3,1,0,0,9
7,1210,3,1,0,0,9
7,1232,3,1,0,1,9
7,1235,3,1,0,0,9
7,1238,3,1,0,0,9
7,1254,3,1,0,0,9
7,1299,3,1,3,0,9
7,1306,3,1,0,0,9
7,1342,3,1,0,0,9
7,1365,3,1,0,0,9
7,1369,3,1,0,0,9
7,1380,3,1,0,0,9
7,1400,3,1,3,0,9
7,1402,3,1,0,0,9
7,1422,3,1,0,0,9
7,1439,3,1,0,0,9
7,1444,3,1,0,0,9
7,1450,3,1,0,0,9
7,1461,3,1,0,0,9
7,1467,3,1,1,0,9
7,1469,3,1,0,0,9
7,1477,3,1,0,0,9
7,1480,3,1,0,1,9
7,1489,3,1,0,0,9
7,1495,3,1,0,0,9
7,1500,3,1,3,0,9
7,1528,3,1,0,0,9
7,1586,3,1,0,0,9
7,1590,3,1,0,0,9
7,1592,3,1,0,0,9
7,1605,3,1,1,0,9
7,1621,3,1,0,0,9
7,1622,3,1,0,0,9
7,1624,3,1,0,0,9
7,1639,3,1,0,0,9
7,1640,3,1,0,0,9
7,1651,3,1,0,0,9
7,1655,3,1,0,0,9
7,1684,3,1,0,0,9
7,1727,3,1,0,0,9
7,1775,3,1,0,0,9
7,1810,3,1,0,0,9
7,1812,3,1,0,0,9
7,1816,3,1,3,0,9
7,1828,3,1,1,0,9
7,1835,3,1,0,0,9
7,1853,3,1,0,0,9
7,1855,3,1,3,0,9
7,1857,3,1,0,0,9
7,1859,3,1,0,1,9
7,1890,3,1,0,1,9
7,1893,3,1,0,0,9
7,1907,3,1,0,0,9
7,1915,3,1,0,0,9
7,1964,3,1,0,0,9
7,1967,3,1,0,0,9
7,1996,3,1,0,0,9
7,1999,3,1,0,0,9
7,2005,3,1,0,1,9
7,2023,3,1,0,0,9
7,2067,3,1,0,0,9
7,2068,3,1,1,0,9
7,2072,3,1,0,0,9
7,2088,3,1,0,1,9
7,2093,3,1,0,0,9
7,2099,3,1,0,1,9
7,2125,3,1,0,1,9
7,2146,3,1,0,0,9
7,2151,3,1,0,1,9
7,2156,3,1,0,1,9
7,2164,3,1,1,0,9
7,2176,3,1,0,0,9
7,2178,3,1,3,0,9
7,2244,3,1,0,1,9
7,2256,3,1,0,0,9
7,2268,3,1,0,1,9
7,2280,3,1,0,0,9
7,2283,3,1,1,0,9
7,2293,3,1,0,0,9
7,2296,3,1,0,0,9
7,2303,3,1,3,0,9
7,2328,3,1,1,0,9
7,2329,3,1,1,0,9
7,2342,3,1,0,0,9
7,2360,3,1,3,0,9
7,2389,3,1,0,0,9
7,2392,3,1,0,0,9
7,2406,3,1,1,0,9
7,2424,3,1,0,0,9
7,2437,3,1,0,0,9
7,2443,3,1,0,0,9
7,2451,3,1,0,0,9
7,2456,3,1,0,0,9
7,2462,3,1,3,0,9
7,2473,3,1,1,0,9
7,2476,3,1,0,0,9
7,2488,3,1,0,0,9
7,20,1,1,0,0,10
7,60,1,1,0,0,10
7,157,1,1,0,0,10
7,180,1,1,0,0,10
7,181,1,1,0,0,10
7,237,1,1,0,0,10
7,279,1,1,0,1,10
7,283,1,1,0,0,10
7,286,1,1,0,0,10
7,294,1,1,0,0,10
7,313,1,1,0,0,10
7,338,1,1,1,0,10
7,347,1,1,0,0,10
7,366,1,1,0,1,10
7,382,1,1,0,0,10
7,414,1,1,1,0,10
7,444,1,1,0,0,10
7,453,1,1,0,0,10
7,455,1,1,0,1,10
7,459,1,1,0,0,10
7,469,1,1,0,0,10
7,477,1,1,0,0,10
7,478,1,1,0,0,10
7,482,1,1,0,0,10
7,507,1,1,1,0,10
7,517,1,1,0,0,10
7,523,1,1,0,0,10
7,553,1,1,0,0,10
7,569,1,1,0,0,10
7,602,1,1,1,0,10
7,619,1,1,0,0,10
7,642,1,1,0,0,10
7,648,1,1,0,0,10
7,682,1,1,0,0,10
7,703,1,1,0,0,10
7,720,1,1,0,0,10
7,723,1,1,1,0,10
7,782,1,1,0,0,10
7,796,1,1,0,0,10
7,814,1,1,0,0,10
7,848,1,1,0,0,10
7,867,1,1,1,0,10
7,886,1,1,0,0,10
7,925,1,1,0,0,10
7,927,1,1,0,0,10
7,928,1,1,0,0,10
7,979,1,1,1,0,10
7,980,1,1,0,0,10
7,1010,1,1,0,0,10
7,1015,1,1,0,0,10
7,1022,1,1,1,0,10
7,1039,1,1,1,0,10
7,1048,1,1,0,0,10
7,1063,1,1,0,0,10
7,1070,1,1,0,0,10
7,1115,1,1,0,1,10
7,1122,1,1,0,0,10
7,1150,1,1,0,1,10
7,1159,1,1,0,0,10
7,1160,1,1,0,0,10
7,1173,1,1,0,0,10
7,1174,1,1,0,0,10
7,1211,1,1,0,0,10
7,1217,1,1,0,0,10
7,1225,1,1,0,0,10
7,1241,1,1,0,0,10
7,1312,1,1,0,0,10
7,1317,1,1,0,0,10
7,1320,1,1,0,0,10
7,1327,1,1,0,1,10
7,1337,1,1,0,0,10
7,1357,1,1,0,0,10
7,1376,1,1,0,1,10
7,1383,1,1,0,0,10
7,1385,1,1,0,0,10
7,1396,1,1,1,0,10
7,1423,1,1,1,0,10
7,1431,1,1,0,0,10
7,1432,1,1,0,0,10
7,1434,1,1,0,0,10
7,1448,1,1,0,0,10
7,1449,1,1,0,0,10
7,1465,1,1,0,0,10
7,1473,1,1,0,0,10
7,1485,1,1,1,0,10
7,1487,1,1,0,0,10
7,1491,1,1,0,0,10
7,1504,1,1,0,0,10
7,1511,1,1,0,0,10
7,1570,1,1,0,0,10
7,1587,1,1,0,0,10
7,1591,1,1,1,0,10
7,1648,1,1,0,0,10
7,1654,1,1,0,0,10
7,1680,1,1,0,1,10
7,1714,1,1,0,0,10
7,1770,1,1,0,1,10
7,1786,1,1,0,0,10
7,1865,1,1,1,0,10
7,1871,1,1,0,0,10
7,1886,1,1,0,0,10
7,1888,1,1,0,0,10
7,1901,1,1,0,0,10
7,1903,1,1,0,0,10
7,1905,1,1,0,0,10
7,1949,1,1,0,0,10
7,1953,1,1,0,1,10
7,1994,1,1,0,0,10
7,2089,1,1,0,0,10
7,2109,1,1,1,0,10
7,2134,1,1,1,0,10
7,2140,1,1,0,0,10
7,2141,1,1,0,0,10
7,2169,1,1,0,1,10
7,2194,1,1,1,0,10
7,2198,1,1,0,0,10
7,2208,1,1,0,0,10
7,2250,1,1,0,0,10
7,2270,1,1,1,0,10
7,2292,1,1,0,0,10
7,2314,1,1,0,1,10
7,2341,1,1,0,0,10
7,2347,1,1,0,0,10
7,2374,1,1,0,0,10
7,2384,1,1,0,0,10
7,2395,1,1,0,0,10
7,2445,1,1,0,0,10
7,2457,1,1,0,0,10
7,2468,1,1,0,0,10
7,2485,1,1,0,1,10
7,0,1,1,0,1,11
7,5,1,1,0,0,11
7,7,1,1,0,0,11
7,8,1,1,0,0,11
7,19,1,1,0,0,11
7,21,1,1,1,0,11
7,23,1,1,0,0,11
7,34,1,1,0,1,11
7,43,1,1,0,0,11
7,48,1,1,0,0,11
7,50,1,1,0,0,11
7,55,1,1,1,0,11
7,63,1,1,0,0,11
7,71,1,1,0,0,11
7,86,1,1,0,0,11
7,88,1,1,1,0,11
7,106,1,1,0,0,11
7,107,1,1,1,0,11
7,160,1,1,0,0,11
7,167,1,1,1,0,11
7,182,1,1,0,1,11
7,191,1,1,0,0,11
7,221,1,1,0,0,11
7,236,1,1,0,0,11
7,241,1,1,1,0,11
7,254,1,1,0,1,11
7,258,1,1,1,0,11
7,262,1,1,0,0,11
7,269,1,1,0,0,11
7,273,1,1,0,0,11
7,276,1,1,0,0,11
7,281,1,1,0,0,11
7,288,1,1,1,0,11
7,306,1,1,0,0,11
7,312,1,1,0,0,11
7,315,1,1,0,0,11
7,333,1,1,0,1,11
7,339,1,1,0,1,11
7,344,1,1,0,0,11
7,352,1,1,0,0,11
7,364,1,1,0,0,11
7,372,1,1,1,0,11
7,388,1,1,0,0,11
7,397,1,1,1,0,11
7,404,1,1,0,0,11
7,407,1,1,0,0,11
7,409,1,1,0,0,11
7,417,1,1,1,0,11
7,421,1,1,0,0,11
7,431,1,1,0,0,11
7,436,1,1,0,0,11
7,464,1,1,0,1,11
7,470,1,1,0,0,11
7,488,1,1,0,0,11
7,509,1,1,0,0,11
7,525,1,1,1,0,11
7,538,1,1,0,0,11
7,550,1,1,0,0,11
7,560,1,1,0,0,11
7,561,1,1,1,0,11
7,577,1,1,0,0,11
7,579,1,1,0,0,11
7,620,1,1,0,1,11
7,630,1,1,0,0,11
7,632,1,1,0,0,11
7,635,1,1,0,0,11
7,643,1,1,0,1,11
7,647,1,1,1,0,11
7,649,1,1,0,1,11
7,650,1,1,0,0,11
7,658,1,1,0,0,11
7,672,1,1,0,0,11
7,700,1,1,0,0,11
7,709,1,1,1,0,11
7,744,1,1,1,0,11
7,751,1,1,0,0,11
7,760,1,1,1,0,11
7,762,1,1,0,0,11
7,784,1,1,1,0,11
7,785,1,1,0,0,11
7,789,1,1,1,0,11
7,802,1,1,1,0,11
7,809,1,1,0,0,11
7,825,1,1,0,0,11
7,837,1,1,0,0,11
7,873,1,1,0,0,11
7,874,1,1,1,0,11
7,875,1,1,0,0,11
7,884,1,1,0,0,11
7,902,1,1,0,0,11
7,904,1,1,1,0,11
7,911,1,1,0,0,11
7,922,1,1,1,0,11
7,924,1,1,0,0,11
7,944,1,1,1,0,11
7,952,1,1,0,0,11
7,972,1,1,0,0,11
7,974,1,1,0,0,11
7,978,1,1,0,1,11
7,985,1,1,0,0,11
7,999,1,1,0,0,11
7,1008,1,1,0,0,11
7,1012,1,1,0,1,11
7,1016,1,1,0,1,11
7,1026,1,1,0,0,11
7,1027,1,1,0,0,11
7,1033,1,1,0,0,11
7,1041,1,1,0,0,11
7,1051,1,1,0,1,11
7,1083,1,1,0,1,11
7,1093,1,1,0,0,11
7,1094,1,1,0,1,11
7,1097,1,1,0,0,11
7,1126,1,1,1,0,11
7,1127,1,1,0,0,11
7,1133,1,1,0,0,11
7,1172,1,1,0,0,11
7,1212,1,1,1,0,11
7,1215,1,1,0,0,11
7,1216,1,1,0,0,11
7,1233,1,1,0,0,11
7,1236,1,1,0,1,11
7,1244,1,1,0,0,11
7,1247,1,1,0,0,11
7,1250,1,1,1,0,11
7,1255,1,1,0,0,11
7,1256,1,1,0,0,11
7,1259,1,1,0,0,11
7,1263,1,1,0,0,11
7,1266,1,1,0,1,11
7,1270,1,1,0,0,11
7,1271,1,1,0,1,11
7,1285,1,1,0,0,11
7,1290,1,1,0,0,11
7,1293,1,1,0,0,11
7,1318,1,1,0,0,11
7,1339,1,1,0,0,11
7,1343,1,1,0,0,11
7,1351,1,1,0,0,11
7,1364,1,1,0,0,11
7,1382,1,1,0,1,11
7,1387,1,1,0,0,11
7,1389,1,1,0,0,11
7,1391,1,1,0,0,11
7,1404,1,1,0,0,11
7,1407,1,1,0,1,11
7,1409,1,1,0,0,11
7,1425,1,1,0,0,11
7,1428,1,1,0,1,11
7,1436,1,1,0,0,11
7,1441,1,1,1,0,11
7,1442,1,1,0,0,11
7,1453,1,1,0,0,11
7,1471,1,1,1,0,11
7,1492,1,1,0,1,11
7,1494,1,1,0,0,11
7,1516,1,1,0,0,11
7,1542,1,1,0,0,11
7,1550,1,1,1,0,11
7,1565,1,1,0,0,11
7,1569,1,1,0,1,11
7,1573,1,1,0,1,11
7,1580,1,1,1,0,11
7,1593,1,1,1,0,11
7,1602,1,1,0,0,11
7,1606,1,1,1,0,11
7,1609,1,1,0,1,11
7,1610,1,1,0,0,11
7,1620,1,1,0,0,11
7,1628,1,1,1,0,11
7,1629,1,1,0,0,11
7,1634,1,1,1,0,11
7,1643,1,1,0,0,11
7,1652,1,1,0,0,11
7,1656,1,1,1,0,11
7,1661,1,1,1,0,11
7,1669,1,1,0,0,11
7,1671,1,1,0,0,11
7,1674,1,1,1,0,11
7,1676,1,1,0,0,11
7,1683,1,1,0,0,11
7,1695,1,1,0,0,11
7,1696,1,1,0,0,11
7,1703,1,1,0,0,11
7,1704,1,1,1,0,11
7,1712,1,1,0,0,11
7,1721,1,1,0,0,11
7,1731,1,1,0,1,11
7,1743,1,1,1,0,11
7,1745,1,1,0,0,11
7,1747,1,1,0,0,11
7,1750,1,1,1,0,11
7,1753,1,1,0,0,11
7,1759,1,1,0,0,11
7,1772,1,1,1,0,11
7,1809,1,1,0,0,11
7,1823,1,1,1,0,11
7,1826,1,1,0,0,11
7,1854,1,1,1,0,11
7,1867,1,1,0,0,11
7,1883,1,1,1,0,11
7,1891,1,1,0,0,11
7,1906,1,1,0,0,11
7,1910,1,1,0,0,11
7,1912,1,1,0,0,11
7,1914,1,1,0,1,11
7,1916,1,1,0,0,11
7,1921,1,1,0,0,11
7,1939,1,1,0,0,11
7,1947,1,1,0,0,11
7,1962,1,1,0,0,11
7,1963,1,1,0,0,11
7,1969,1,1,0,0,11
7,1973,1,1,0,1,11
7,1991,1,1,0,0,11
7,1995,1,1,0,1,11
7,1998,1,1,0,0,11
7,2019,1,1,0,0,11
7,2024,1,1,0,1,11
7,2027,1,1,1,0,11
7,2030,1,1,0,0,11
7,2035,1,1,0,1,11
7,2036,1,1,0,0,11
7,2047,1,1,0,1,11
7,2066,1,1,0,1,11
7,2080,1,1,0,0,11
7,2096,1,1,0,0,11
7,2101,1,1,1,0,11
7,2111,1,1,0,0,11
7,2126,1,1,0,0,11
7,2131,1,1,0,1,11
7,2135,1,1,1,0,11
7,2153,1,1,0,0,11
7,2154,1,1,0,0,11
7,2158,1,1,0,0,11
7,2161,1,1,0,0,11
7,2166,1,1,0,0,11
7,2180,1,1,0,0,11
7,2181,1,1,0,0,11
7,2184,1,1,1,0,11
7,2189,1,1,1,0,11
7,2195,1,1,0,0,11
7,2200,1,1,1,0,11
7,2201,1,1,0,0,11
7,2213,1,1,0,0,11
7,2224,1,1,1,0,11
7,2225,1,1,0,0,11
7,2229,1,1,0,0,11
7,2253,1,1,0,0,11
7,2302,1,1,0,0,11
7,2310,1,1,0,0,11
7,2313,1,1,0,0,11
7,2317,1,1,0,0,11
7,2319,1,1,1,0,11
7,2327,1,1,0,0,11
7,2344,1,1,0,0,11
7,2359,1,1,0,0,11
7,2377,1,1,1,0,11
7,2379,1,1,0,0,11
7,2386,1,1,0,0,11
7,2391,1,1,0,0,11
7,2398,1,1,0,0,11
7,2414,1,1,0,0,11
7,2422,1,1,0,1,11
7,2428,1,1,0,0,11
7,2434,1,1,0,0,11
7,2436,1,1,0,1,11
7,2439,1,1,0,1,11
7,2440,1,1,0,0,11
7,2446,1,1,0,0,11
7,2463,1,1,1,0,11
7,2471,1,1,1,0,11
7,2497,1,1,1,0,11
7,6,1,1,0,0,12
7,29,1,1,0,0,12
7,45,1,1,0,0,12
7,61,1,1,0,0,12
7,69,1,1,0,0,12
7,73,1,1,0,0,12
7,100,1,1,0,0,12
7,102,1,1,1,0,12
7,114,1,1,0,1,12
7,133,1,1,0,1,12
7,145,1,1,0,0,12
7,150,1,1,1,0,12
7,166,1,1,0,0,12
7,174,1,1,0,1,12
7,201,1,1,1,0,12
7,206,1,1,0,0,12
7,208,1,1,0,0,12
7,209,1,1,0,0,12
7,210,1,1,0,0,12
7,223,1,1,0,0,12
7,224,1,1,0,0,12
7,239,1,1,1,0,12
7,245,1,1,0,0,12
7,265,1,1,0,0,12
7,268,1,1,0,0,12
7,271,1,1,1,0,12
7,300,1,1,0,0,12
7,319,1,1,0,1,12
7,322,1,1,0,0,12
7,413,1,1,0,0,12
7,422,1,1,0,0,12
7,435,1,1,1,0,12
7,451,1,1,0,0,12
7,473,1,1,0,0,12
7,480,1,1,0,0,12
7,495,1,1,0,1,12
7,502,1,1,0,0,12
7,535,1,1,1,0,12
7,541,1,1,0,0,12
7,544,1,1,0,0,12
7,549,1,1,0,0,12
7,575,1,1,1,0,12
7,584,1,1,0,0,12
7,585,1,1,0,0,12
7,587,1,1,0,0,12
7,591,1,1,0,0,12
7,597,1,1,0,0,12
7,616,1,1,0,0,12
7,617,1,1,0,0,12
7,627,1,1,0,0,12
7,645,1,1,0,0,12
7,681,1,1,0,0,12
7,690,1,1,1,0,12
7,705,1,1,0,0,12
7,729,1,1,0,0,12
7,737,1,1,1,0,12
7,746,1,1,0,0,12
7,765,1,1,1,0,12
7,766,1,1,0,0,12
7,770,1,1,1,0,12
7,794,1,1,0,0,12
7,795,1,1,0,0,12
7,830,1,1,0,0,12
7,842,1,1,0,0,12
7,843,1,1,0,0,12
7,845,1,1,0,0,12
7,846,1,1,0,0,12
7,929,1,1,0,0,12
7,931,1,1,1,0,12
7,947,1,1,1,0,12
7,949,1,1,1,0,12
7,950,1,1,0,0,12
7,968,1,1,0,0,12
7,969,1,1,0,0,12
7,984,1,1,0,0,12
7,1014,1,1,0,0,12
7,1020,1,1,0,0,12
7,1025,1,1,0,1,12
7,1035,1,1,0,1,12
7,1036,1,1,1,0,12
7,1058,1,1,0,1,12
7,1068,1,1,0,0,12
7,1081,1,1,0,0,12
7,1089,1,1,0,0,12
7,1107,1,1,0,0,12
7,1116,1,1,0,0,12
7,1117,1,1,0,1,12
7,1121,1,1,0,0,12
7,1124,1,1,0,0,12
7,1130,1,1,0,0,12
7,1137,1,1,0,0,12
7,1185,1,1,1,0,12
7,1189,1,1,0,0,12
7,1198,1,1,0,0,12
7,1209,1,1,1,0,12
7,1258,1,1,0,0,12
7,1262,1,1,0,0,12
7,1267,1,1,0,0,12
7,1282,1,1,0,1,12
7,1296,1,1,0,1,12
7,1321,1,1,0,0,12
7,1326,1,1,0,0,12
7,1341,1,1,1,0,12
7,1345,1,1,0,0,12
7,1348,1,1,0,1,12
7,1362,1,1,0,0,12
7,1421,1,1,0,0,12
7,1424,1,1,0,0,12
7,1429,1,1,0,0,12
7,1455,1,1,0,0,12
7,1496,1,1,1,0,12
7,1503,1,1,0,0,12
7,1515,1,1,0,0,12
7,1539,1,1,0,1,12
7,1545,1,1,0,0,12
7,1547,1,1,0,0,12
7,1548,1,1,0,0,12
7,1553,1,1,0,0,12
7,1562,1,1,1,0,12
7,1583,1,1,0,0,12
7,1597,1,1,1,0,12
7,1601,1,1,0,1,12
7,1608,1,1,0,0,12
7,1627,1,1,0,0,12
7,1633,1,1,0,0,12
7,1644,1,1,0,1,12
7,1647,1,1,1,0,12
7,1657,1,1,0,1,12
7,1672,1,1,1,0,12
7,1677,1,1,0,0,12
7,1691,1,1,0,0,12
7,1716,1,1,0,0,12
7,1744,1,1,1,0,12
7,1749,1,1,0,1,12
7,1763,1,1,0,0,12
7,1769,1,1,0,1,12
7,1773,1,1,0,0,12
7,1779,1,1,0,1,12
7,1796,1,1,0,0,12
7,1803,1,1,0,0,12
7,1815,1,1,1,0,12
7,1817,1,1,1,0,12
7,1818,1,1,0,0,12
7,1824,1,1,0,0,12
7,1839,1,1,0,0,12
7,1847,1,1,0,0,12
7,1868,1,1,0,0,12
7,1872,1,1,0,1,12
7,1911,1,1,0,0,12
7,1920,1,1,0,0,12
7,1925,1,1,0,0,12
7,1929,1,1,0,0,12
7,1938,1,1,1,0,12
7,1941,1,1,0,0,12
7,1952,1,1,0,1,12
7,1968,1,1,0,0,12
7,1977,1,1,0,0,12
7,1987,1,1,1,0,12
7,1997,1,1,1,0,12
7,2011,1,1,0,0,12
7,2014,1,1,0,1,12
7,2039,1,1,0,0,12
7,2064,1,1,0,0,12
7,2069,1,1,0,1,12
7,2079,1,1,0,0,12
7,2090,1,1,0,0,12
7,2115,1,1,0,0,12
7,2119,1,1,0,0,12
7,2132,1,1,1,0,12
7,2139,1,1,0,0,12
7,2150,1,1,1,0,12
7,2179,1,1,0,0,12
7,2188,1,1,0,0,12
7,2190,1,1,0,0,12
7,2248,1,1,0,0,12
7,2257,1,1,0,0,12
7,2259,1,1,0,0,12
7,2274,1,1,0,0,12
7,2279,1,1,0,1,12
7,2289,1,1,0,1,12
7,2336,1,1,1,0,12
7,2353,1,1,0,0,12
7,2366,1,1,0,1,12
7,2396,1,1,1,0,12
7,2413,1,1,0,0,12
7,2420,1,1,0,0,12
7,2425,1,1,0,0,12
7,2438,1,1,0,0,12
7,2447,1,1,0,0,12
7,2454,1,1,0,0,12
7,2478,1,1,0,0,12
7,2492,1,1,0,0,12
7,2498,1,1,0,0,12
7,12,1,1,0,0,13
7,26,1,1,0,1,13
7,32,1,1,0,0,13
7,77,1,1,0,0,13
7,78,1,1,0,0,13
7,79,1,1,0,0,13
7,94,1,1,0,0,13
7,117,1,1,0,0,13
7,123,1,1,1,0,13
7,127,1,1,0,0,13
7,146,1,1,0,0,13
7,151,1,1,0,0,13
7,152,1,1,0,0,13
7,171,1,1,0,0,13
7,207,1,1,0,0,13
7,240,1,1,0,0,13
7,277,1,1,0,1,13
7,350,1,1,0,0,13
7,351,1,1,0,0,13
7,363,1,1,0,0,13
7,376,1,1,0,1,13
7,378,1,1,0,0,13
7,393,1,1,0,0,13
7,429,1,1,0,1,13
7,449,1,1,0,0,13
7,466,1,1,0,1,13
7,484,1,1,0,0,13
7,518,1,1,0,0,13
7,558,1,1,0,0,13
7,564,1,1,0,0,13
7,567,1,1,0,1,13
7,570,1,1,0,0,13
7,571,1,1,0,0,13
7,583,1,1,0,0,13
7,600,1,1,0,1,13
7,612,1,1,0,1,13
7,618,1,1,0,0,13
7,636,1,1,0,1,13
7,652,1,1,0,1,13
7,688,1,1,0,0,13
7,736,1,1,0,0,13
7,772,1,1,0,0,13
7,812,1,1,0,1,13
7,813,1,1,0,1,13
7,832,1,1,0,1,13
7,834,1,1,0,1,13
7,856,1,1,0,0,13
7,859,1,1,0,1,13
7,866,1,1,0,0,13
7,926,1,1,1,0,13
7,939,1,1,0,0,13
7,1002,1,1,0,1,13
7,1003,1,1,0,0,13
7,1013,1,1,0,1,13
7,1017,1,1,0,0,13
7,1043,1,1,0,0,13
7,1060,1,1,0,0,13
7,1071,1,1,0,0,13
7,1104,1,1,0,0,13
7,1118,1,1,1,0,13
7,1142,1,1,0,0,13
7,1143,1,1,1,0,13
7,1144,1,1,0,0,13
7,1157,1,1,0,0,13
7,1162,1,1,0,0,13
7,1167,1,1,0,0,13
7,1171,1,1,0,1,13
7,1187,1,1,0,1,13
7,1196,1,1,0,0,13
7,1201,1,1,0,0,13
7,1203,1,1,0,1,13
7,1229,1,1,0,1,13
7,1243,1,1,0,0,13
7,1251,1,1,0,1,13
7,1253,1,1,1,0,13
7,1288,1,1,0,0,13
7,1302,1,1,0,1,13
7,1333,1,1,0,0,13
7,1392,1,1,0,0,13
7,1394,1,1,0,0,13
7,1418,1,1,0,0,13
7,1447,1,1,0,1,13
7,1567,1,1,0,0,13
7,1611,1,1,0,0,13
7,1638,1,1,0,1,13
7,1653,1,1,0,0,13
7,1660,1,1,0,1,13
7,1729,1,1,0,0,13
7,1732,1,1,1,0,13
7,1748,1,1,0,0,13
7,1751,1,1,0,1,13
7,1758,1,1,0,1,13
7,1760,1,1,0,0,13
7,1766,1,1,1,0,13
7,1777,1,1,0,0,13
7,1798,1,1,0,0,13
7,1850,1,1,0,0,13
7,1852,1,1,0,0,13
7,1863,1,1,0,0,13
7,1870,1,1,0,0,13
7,1882,1,1,0,0,13
7,1884,1,1,0,1,13
7,1923,1,1,0,0,13
7,1927,1,1,0,0,13
7,1930,1,1,0,0,13
7,1931,1,1,0,0,13
7,1934,1,1,1,0,13
7,1935,1,1,0,0,13
7,1981,1,1,0,0,13
7,2026,1,1,0,0,13
7,2061,1,1,0,1,13
7,2085,1,1,0,0,13
7,2091,1,1,0,0,13
7,2097,1,1,0,0,13
7,2136,1,1,0,0,13
7,2143,1,1,0,0,13
7,2162,1,1,0,1,13
7,2202,1,1,0,0,13
7,2249,1,1,1,0,13
7,2281,1,1,1,0,13
7,2298,1,1,0,0,13
7,2334,1,1,0,0,13
7,2350,1,1,0,0,13
7,2356,1,1,0,1,13
7,2367,1,1,1,0,13
7,2388,1,1,0,1,13
7,2407,1,1,0,0,13
7,2412,1,1,0,0,13
7,2429,1,1,0,0,13
7,2430,1,1,0,0,13
7,2458,1,1,0,0,13
7,2459,1,1,1,0,13
7,2472,1,1,0,0,13
7,2474,1,1,0,1,13
7,2483,1,1,0,0,13
7,11,2,1,2,0,14
7,15,2,1,0,1,14
7,33,2,1,0,0,14
7,36,2,1,0,0,14
7,62,2,1,0,0,14
7,83,2,1,0,0,14
7,120,2,1,0,0,14
7,132,2,1,0,0,14
7,136,2,1,1,0,14
7,140,2,1,0,0,14
7,188,2,1,0,0,14
7,193,2,1,0,0,14
7,227,2,1,0,0,14
7,233,2,1,0,0,14
7,242,2,1,0,1,14
7,261,2,1,2,0,14
7,282,2,1,0,1,14
7,297,2,1,0,0,14
7,314,2,1,1,0,14
7,330,2,1,0,0,14
7,359,2,1,0,0,14
7,386,2,1,0,0,14
7,400,2,1,0,0,14
7,427,2,1,0,0,14
7,434,2,1,0,0,14
7,437,2,1,0,0,14
7,439,2,1,2,0,14
7,443,2,1,0,0,14
7,447,2,1,0,1,14
7,471,2,1,0,0,14
7,472,2,1,0,0,14
7,485,2,1,0,0,14
7,492,2,1,0,0,14
7,533,2,1,0,0,14
7,537,2,1,0,1,14
7,565,2,1,0,0,14
7,581,2,1,2,0,14
7,593,2,1,0,0,14
7,613,2,1,0,0,14
7,631,2,1,1,0,14
7,633,2,1,0,0,14
7,640,2,1,0,1,14
7,646,2,1,0,0,14
7,667,2,1,0,0,14
7,686,2,1,0,0,14
7,689,2,1,0,0,14
7,702,2,1,0,0,14
7,711,2,1,0,0,14
7,712,2,1,0,0,14
7,717,2,1,0,0,14
7,724,2,1,0,0,14
7,732,2,1,0,1,14
7,734,2,1,2,0,14
7,739,2,1,0,1,14
7,742,2,1,0,1,14
7,747,2,1,0,0,14
7,753,2,1,0,0,14
7,775,2,1,0,0,14
7,815,2,1,0,1,14
7,817,2,1,0,0,14
7,818,2,1,0,0,14
7,826,2,1,0,0,14
7,858,2,1,0,1,14
7,878,2,1,0,0,14
7,888,2,1,0,0,14
7,893,2,1,0,0,14
7,896,2,1,0,0,14
7,903,2,1,0,0,14
7,916,2,1,0,0,14
7,933,2,1,2,0,14
7,943,2,1,2,0,14
7,953,2,1,0,0,14
7,954,2,1,0,1,14
7,966,2,1,0,0,14
7,976,2,1,0,1,14
7,982,2,1,0,0,14
7,997,2,1,0,0,14
7,1064,2,1,0,0,14
7,1074,2,1,0,0,14
7,1078,2,1,0,0,14
7,1119,2,1,0,0,14
7,1152,2,1,0,0,14
7,1155,2,1,0,0,14
7,1165,2,1,0,0,14
7,1178,2,1,0,0,14
7,1204,2,1,0,0,14
7,1206,2,1,1,0,14
7,1228,2,1,0,0,14
7,1249,2,1,0,0,14
7,1292,2,1,0,0,14
7,1294,2,1,0,0,14
7,1298,2,1,2,0,14
7,1303,2,1,0,1,14
7,1307,2,1,0,0,14
7,1314,2,1,0,1,14
7,1319,2,1,0,0,14
7,1347,2,1,0,0,14
7,1370,2,1,0,0,14
7,1375,2,1,0,0,14
7,1378,2,1,1,0,14
7,1397,2,1,0,1,14
7,1410,2,1,2,0,14
7,1417,2,1,0,0,14
7,1427,2,1,0,1,14
7,1443,2,1,0,0,14
7,1460,2,1,0,1,14
7,1463,2,1,0,0,14
7,1479,2,1,0,0,14
7,1481,2,1,0,0,14
7,1502,2,1,0,0,14
7,1522,2,1,0,0,14
7,1534,2,1,2,0,14
7,1551,2,1,0,0,14
7,1555,2,1,0,0,14
7,1560,2,1,0,0,14
7,1588,2,1,0,0,14
7,1613,2,1,0,0,14
7,1616,2,1,0,0,14
7,1618,2,1,0,0,14
7,1619,2,1,0,0,14
7,1637,2,1,1,0,14
7,1641,2,1,0,0,14
7,1646,2,1,0,1,14
7,1667,2,1,0,0,14
7,1682,2,1,0,0,14
7,1688,2,1,0,0,14
7,1755,2,1,0,1,14
7,1757,2,1,0,0,14
7,1802,2,1,2,0,14
7,1820,2,1,0,1,14
7,1832,2,1,0,0,14
7,1878,2,1,0,0,14
7,1892,2,1,0,0,14
7,1909,2,1,0,0,14
7,1924,2,1,0,0,14
7,1950,2,1,2,0,14
7,1974,2,1,2,0,14
7,1976,2,1,2,0,14
7,1988,2,1,0,0,14
7,1990,2,1,2,0,14
7,2007,2,1,1,0,14
7,2009,2,1,0,0,14
7,2010,2,1,0,0,14
7,2015,2,1,0,0,14
7,2037,2,1,0,0,14
7,2043,2,1,0,0,14
7,2044,2,1,0,1,14
7,2046,2,1,2,0,14
7,2053,2,1,0,0,14
7,2058,2,1,0,0,14
7,2076,2,1,0,0,14
7,2077,2,1,0,0,14
7,2095,2,1,2,0,14
7,2098,2,1,0,0,14
7,2103,2,1,0,1,14
7,2118,2,1,0,1,14
7,2144,2,1,0,0,14
7,2170,2,1,2,0,14
7,2174,2,1,1,0,14
7,2182,2,1,0,0,14
7,2187,2,1,0,0,14
7,2197,2,1,0,0,14
7,2203,2,1,0,1,14
7,2206,2,1,0,0,14
7,2223,2,1,0,0,14
7,2258,2,1,0,1,14
7,2266,2,1,0,0,14
7,2271,2,1,0,0,14
7,2277,2,1,0,0,14
7,2294,2,1,2,0,14
7,2311,2,1,0,0,14
7,2318,2,1,0,0,14
7,2351,2,1,1,0,14
7,2352,2,1,0,0,14
7,2364,2,1,0,1,14
7,2369,2,1,0,0,14
7,2371,2,1,2,0,14
7,2381,2,1,1,0,14
7,2383,2,1,2,0,14
7,2387,2,1,0,1,14
7,2411,2,1,2,0,14
7,2415,2,1,0,0,14
7,2444,2,1,1,0,14
7,2453,2,1,0,0,14
7,2470,2,1,0,0,14
1,10,3,1,0,0,0
1,18,3,1,0,0,0
1,28,3,1,0,0,0
1,44,3,1,0,0,0
1,52,3,1,1,0,0
1,99,3,1,1,0,0
1,116,3,1,0,0,0
1,134,3,1,0,0,0
1,144,3,1,0,0,0
1,155,3,1,0,0,0
1,158,3,1,0,0,0
1,165,3,1,0,1,0
1,196,3,1,0,0,0
1,204,3,1,0,0,0
1,211,3,1,1,0,0
1,213,3,1,0,0,0
1,214,3,1,0,1,0
1,222,3,1,0,0,0
1,228,3,1,0,0,0
1,259,3,1,0,0,0
1,264,3,1,0,0,0
1,266,3,1,0,1,0
1,274,3,1,0,0,0
1,278,3,1,0,0,0
1,280,3,1,0,1,0
1,284,3,1,0,1,0
1,292,3,1,0,0,0
1,303,3,1,0,1,0
1,323,3,1,0,1,0
1,328,3,1,0,0,0
1,331,3,1,0,1,0
1,335,3,1,0,0,0
1,341,3,1,1,0,0
1,371,3,1,0,0,0
1,392,3,1,0,0,0
1,399,3,1,0,0,0
1,411,3,1,1,0,0
1,419,3,1,0,0,0
1,450,3,1,0,1,0
1,508,3,1,0,0,0
1,527,3,1,0,0,0
1,536,3,1,0,0,0
1,545,3,1,0,1,0
1,546,3,1,1,0,0
1,573,3,1,1,0,0
1,582,3,1,0,0,0
1,598,3,1,0,1,0
1,638,3,1,0,0,0
1,641,3,1,0,1,0
1,663,3,1,1,0,0
1,666,3,1,0,1,0
1,668,3,1,1,0,0
1,683,3,1,0,0,0
1,694,3,1,0,1,0
1,725,3,1,0,0,0
1,750,3,1,0,1,0
1,790,3,1,0,0,0
1,824,3,1,0,0,0
1,831,3,1,0,0,0
1,833,3,1,0,0,0
1,836,3,1,1,0,0
1,870,3,1,0,1,0
1,885,3,1,0,1,0
1,891,3,1,0,0,0
1,897,3,1,0,0,0
1,909,3,1,0,0,0
1,951,3,1,0,0,0
1,956,3,1,0,0,0
1,957,3,1,1,0,0
1,958,3,1,1,0,0
1,963,3,1,0,1,0
1,970,3,1,0,0,0
1,977,3,1,1,0,0
1,1001,3,1,1,0,0
1,1042,3,1,0,0,0
1,1052,3,1,0,0,0
1,1066,3,1,0,0,0
1,1085,3,1,0,0,0
1,1100,3,1,0,0,0
1,1163,3,1,0,1,0
1,1166,3,1,0,1,0
1,1179,3,1,0,0,0
1,1186,3,1,0,0,0
1,1214,3,1,1,0,0
1,1231,3,1,0,1,0
1,1245,3,1,1,0,0
1,1260,3,1,0,0,0
1,1261,3,1,0,0,0
1,1277,3,1,1,0,0
1,1283,3,1,0,0,0
1,1316,3,1,0,0,0
1,1330,3,1,0,1,0
1,1356,3,1,0,1,0
1,1390,3,1,0,0,0
1,1398,3,1,1,0,0
1,1406,3,1,0,0,0
1,1408,3,1,0,0,0
1,1440,3,1,0,0,0
1,1452,3,1,1,0,0
1,1468,3,1,0,0,0
1,1475,3,1,0,1,0
1,1478,3,1,0,0,0
1,1483,3,1,0,0,0
1,1499,3,1,0,0,0
1,1507,3,1,0,1,0
1,1510,3,1,0,0,0
1,1513,3,1,0,0,0
1,1523,3,1,0,0,0
1,1529,3,1,0,0,0
1,1535,3,1,0,0,0
1,1543,3,1,0,0,0
1,1558,3,1,0,0,0
1,1561,3,1,0,1,0
1,1577,3,1,0,0,0
1,1584,3,1,1,0,0
1,1594,3,1,0,0,0
1,1604,3,1,0,0,0
1,1614,3,1,0,0,0
1,1617,3,1,0,0,0
1,1632,3,1,1,0,0
1,1662,3,1,0,1,0
1,1664,3,1,0,1,0
1,1698,3,1,0,0,0
1,1699,3,1,0,0,0
1,1762,3,1,0,1,0
1,1780,3,1,1,0,0
1,1782,3,1,0,0,0
1,1821,3,1,0,1,0
1,1825,3,1,1,0,0
1,1829,3,1,0,1,0
1,1833,3,1,0,0,0
1,1836,3,1,0,0,0
1,1840,3,1,0,0,0
1,1843,3,1,0,0,0
1,1845,3,1,0,0,0
1,1846,3,1,0,1,0
1,1876,3,1,0,1,0
1,1894,3,1,0,0,0
1,1895,3,1,0,0,0
1,1900,3,1,0,0,0
1,1917,3,1,1,0,0
1,1918,3,1,0,0,0
1,1943,3,1,0,1,0
1,1946,3,1,0,0,0
1,1954,3,1,0,0,0
1,1961,3,1,0,0,0
1,1966,3,1,0,1,0
1,1975,3,1,0,0,0
1,1983,3,1,0,0,0
1,2016,3,1,0,0,0
1,2032,3,1,0,0,0
1,2049,3,1,1,0,0
1,2052,3,1,0,0,0
1,2054,3,1,0,1,0
1,2073,3,1,0,0,0
1,2087,3,1,0,1,0
1,2104,3,1,0,0,0
1,2113,3,1,0,1,0
1,2121,3,1,1,0,0
1,2142,3,1,0,1,0
1,2173,3,1,0,1,0
1,2177,3,1,0,0,0
1,2185,3,1,0,0,0
1,2186,3,1,0,1,0
1,2211,3,1,0,0,0
1,2217,3,1,0,0,0
1,2221,3,1,1,0,0
1,2230,3,1,1,0,0
1,2243,3,1,0,0,0
1,2247,3,1,0,0,0
1,2262,3,1,0,0,0
1,2282,3,1,0,0,0
1,2301,3,1,0,1,0
1,2312,3,1,0,1,0
1,2315,3,1,1,0,0
1,2316,3,1,1,0,0
1,2326,3,1,0,0,0
1,2343,3,1,0,0,0
1,2345,3,1,0,0,0
1,2375,3,1,0,0,0
1,2382,3,1,0,0,0
1,2394,3,1,0,1,0
1,2397,3,1,1,0,0
1,2408,3,1,0,0,0
1,2409,3,1,1,0,0
1,2419,3,1,0,0,0
1,2449,3,1,0,0,0
1,2452,3,1,0,0,0
1,2467,3,1,0,1,0
1,2493,3,1,0,1,0
1,16,1,1,0,0,1
1,38,1,1,0,0,1
1,72,1,1,0,0,1
1,76,1,1,0,1,1
1,81,1,1,0,0,1
1,92,1,1,0,0,1
1,118,1,1,1,0,1
1,119,1,1,0,0,1
1,125,1,1,0,0,1
1,130,1,1,1,0,1
1,142,1,1,0,0,1
1,190,1,1,0,0,1
1,192,1,1,0,0,1
1,195,1,1,1,0,1
1,199,1,1,1,0,1
1,200,1,1,0,0,1
1,205,1,1,0,0,1
1,216,1,1,0,0,1
1,218,1,1,0,1,1
1,225,1,1,0,0,1
1,232,1,1,0,0,1
1,342,1,1,0,0,1
1,346,1,1,1,0,1
1,353,1,1,0,0,1
1,373,1,1,0,0,1
1,374,1,1,0,1,1
1,381,1,1,1,0,1
1,410,1,1,0,0,1
1,479,1,1,0,0,1
1,490,1,1,0,0,1
1,498,1,1,0,0,1
1,499,1,1,0,0,1
1,511,1,1,0,0,1
1,512,1,1,0,0,1
1,531,1,1,1,0,1
1,566,1,1,0,1,1
1,594,1,1,0,0,1
1,622,1,1,0,0,1
1,651,1,1,0,0,1
1,657,1,1,0,1,1
1,714,1,1,0,0,1
1,743,1,1,1,0,1
1,754,1,1,0,1,1
1,755,1,1,1,0,1
1,757,1,1,0,0,1
1,773,1,1,0,0,1
1,793,1,1,1,0,1
1,798,1,1,0,0,1
1,810,1,1,0,0,1
1,850,1,1,0,0,1
1,853,1,1,1,0,1
1,864,1,1,0,1,1
1,881,1,1,0,0,1
1,895,1,1,0,0,1
1,915,1,1,0,1,1
1,938,1,1,0,1,1
1,948,1,1,0,1,1
1,960,1,1,0,0,1
1,962,1,1,0,1,1
1,965,1,1,0,1,1
1,990,1,1,1,0,1
1,1038,1,1,1,0,1
1,1049,1,1,0,0,1
1,1099,1,1,1,0,1
1,1105,1,1,0,0,1
1,1114,1,1,0,0,1
1,1132,1,1,0,0,1
1,1135,1,1,0,0,1
1,1149,1,1,0,1,1
1,1158,1,1,0,1,1
1,1184,1,1,1,0,1
1,1237,1,1,1,0,1
1,1309,1,1,1,0,1
1,1310,1,1,0,0,1
1,1336,1,1,0,0,1
1,1344,1,1,0,1,1
1,1368,1,1,0,0,1
1,1371,1,1,1,0,1
1,1372,1,1,0,0,1
1,1386,1,1,0,0,1
1,1413,1,1,0,1,1
1,1430,1,1,0,0,1
1,1435,1,1,0,0,1
1,1438,1,1,0,1,1
1,1456,1,1,0,0,1
1,1464,1,1,1,0,1
1,1525,1,1,0,0,1
1,1532,1,1,1,0,1
1,1557,1,1,0,1,1
1,1559,1,1,0,1,1
1,1568,1,1,0,0,1
1,1576,1,1,1,0,1
1,1603,1,1,1,0,1
1,1612,1,1,0,0,1
1,1631,1,1,0,0,1
1,1668,1,1,0,0,1
1,1673,1,1,0,0,1
1,1679,1,1,0,0,1
1,1689,1,1,0,0,1
1,1707,1,1,0,0,1
1,1711,1,1,0,0,1
1,1713,1,1,0,0,1
1,1730,1,1,1,0,1
1,1736,1,1,0,0,1
1,1738,1,1,1,0,1
1,1739,1,1,0,0,1
1,1746,1,1,0,0,1
1,1768,1,1,0,0,1
1,1794,1,1,0,0,1
1,1801,1,1,1,0,1
1,1813,1,1,0,1,1
1,1819,1,1,0,0,1
1,1834,1,1,0,0,1
1,1838,1,1,0,0,1
1,1873,1,1,0,0,1
1,1904,1,1,1,0,1
1,1919,1,1,0,0,1
1,1932,1,1,0,0,1
1,1948,1,1,0,0,1
1,1951,1,1,0,0,1
1,1955,1,1,0,0,1
1,1960,1,1,0,0,1
1,1982,1,1,0,1,1
1,1985,1,1,0,0,1
1,1989,1,1,0,0,1
1,2008,1,1,1,0,1
1,2055,1,1,1,0,1
1,2102,1,1,1,0,1
1,2106,1,1,0,0,1
1,2149,1,1,1,0,1
1,2152,1,1,0,0,1
1,2207,1,1,1,0,1
1,2210,1,1,0,0,1
1,2212,1,1,1,0,1
1,2226,1,1,0,0,1
1,2228,1,1,0,1,1
1,2233,1,1,0,0,1
1,2235,1,1,0,1,1
1,2240,1,1,0,0,1
1,2242,1,1,1,0,1
1,2252,1,1,0,0,1
1,2288,1,1,1,0,1
1,2322,1,1,0,0,1
1,2330,1,1,0,0,1
1,2358,1,1,0,0,1
1,2376,1,1,0,0,1
1,2423,1,1,0,0,1
1,2442,1,1,0,1,1
1,2448,1,1,1,0,1
1,2455,1,1,0,0,1
1,2466,1,1,0,0,1
1,2469,1,1,0,0,1
1,2480,1,1,0,0,1
1,2496,1,1,0,0,1
1,22,1,2,0,0,2
1,46,1,2,0,0,2
1,98,1,2,1,0,2
1,108,1,2,0,1,2
1,111,1,2,0,0,2
1,113,1,2,0,0,2
1,135,1,2,0,0,2
1,168,1,2,1,0,2
1,179,1,2,0,0,2
1,187,1,2,0,0,2
1,212,1,2,0,1,2
1,235,1,2,0,0,2
1,255,1,2,0,0,2
1,296,1,2,1,0,2
1,310,1,2,0,0,2
1,325,1,2,0,0,2
1,329,1,2,0,0,2
1,345,1,2,0,0,2
1,416,1,2,1,0,2
1,438,1,2,0,0,2
1,556,1,2,0,0,2
1,589,1,2,1,0,2
1,628,1,2,0,0,2
1,654,1,2,1,0,2
1,660,1,2,0,0,2
1,673,1,2,0,0,2
1,676,1,2,0,0,2
1,692,1,2,0,0,2
1,719,1,2,0,0,2
1,727,1,2,0,1,2
1,771,1,2,0,0,2
1,797,1,2,0,0,2
1,804,1,2,0,1,2
1,828,1,2,1,0,2
1,838,1,2,0,0,2
1,841,1,2,0,0,2
1,852,1,2,0,0,2
1,865,1,2,0,2,2
1,917,1,2,0,0,2
1,946,1,2,1,0,2
1,998,1,2,1,0,2
1,1005,1,2,0,0,2
1,1024,1,2,0,0,2
1,1032,1,2,0,0,2
1,1057,1,2,0,0,2
1,1072,1,2,0,2,2
1,1101,1,2,0,2,2
1,1134,1,2,0,0,2
1,1156,1,2,1,0,2
1,1177,1,2,0,0,2
1,1181,1,2,1,0,2
1,1183,1,2,0,2,2
1,1190,1,2,1,0,2
1,1200,1,2,0,0,2
1,1220,1,2,0,0,2
1,1227,1,2,0,0,2
1,1246,1,2,0,0,2
1,1265,1,2,0,1,2
1,1280,1,2,0,0,2
1,1315,1,2,0,0,2
1,1338,1,2,0,0,2
1,1355,1,2,0,2,2
1,1366,1,2,0,1,2
1,1374,1,2,0,0,2
1,1393,1,2,0,0,2
1,1412,1,2,0,1,2
1,1446,1,2,0,0,2
1,1486,1,2,0,0,2
1,1498,1,2,0,0,2
1,1501,1,2,1,0,2
1,1505,1,2,0,0,2
1,1514,1,2,0,0,2
1,1518,1,2,0,0,2
1,1524,1,2,0,0,2
1,1536,1,2,0,1,2
1,1582,1,2,0,0,2
1,1600,1,2,0,0,2
1,1626,1,2,0,0,2
1,1670,1,2,0,2,2
1,1686,1,2,0,0,2
1,1690,1,2,0,0,2
1,1741,1,2,0,0,2
1,1764,1,2,0,0,2
1,1771,1,2,0,0,2
1,1785,1,2,0,0,2
1,1830,1,2,1,0,2
1,1837,1,2,0,0,2
1,1848,1,2,0,0,2
1,1874,1,2,1,0,2
1,1887,1,2,0,0,2
1,1922,1,2,0,1,2
1,1942,1,2,0,0,2
1,1958,1,2,0,2,2
1,1979,1,2,0,2,2
1,2006,1,2,0,0,2
1,2018,1,2,0,2,2
1,2040,1,2,0,0,2
1,2041,1,2,0,0,2
1,2056,1,2,0,0,2
1,2057,1,2,0,0,2
1,2062,1,2,0,2,2
1,2071,1,2,0,0,2
1,2078,1,2,1,0,2
1,2110,1,2,0,1,2
1,2138,1,2,0,2,2
1,2147,1,2,0,0,2
1,2245,1,2,0,0,2
1,2278,1,2,0,0,2
1,2290,1,2,0,2,2
1,2306,1,2,0,0,2
1,2354,1,2,0,0,2
1,2357,1,2,0,2,2
1,2362,1,2,0,2,2
1,2368,1,2,0,2,2
1,2402,1,2,0,2,2
1,2416,1,2,0,0,2
1,2417,1,2,1,0,2
1,2441,1,2,1,0,2
1,2460,1,2,0,0,2
1,2465,1,2,1,0,2
1,2491,1,2,0,0,2
1,53,1,1,0,1,3
1,57,1,1,0,0,3
1,66,1,1,0,0,3
1,67,1,1,0,0,3
1,75,1,1,0,1,3
1,101,1,1,0,1,3
1,103,1,1,1,0,3
1,153,1,1,0,1,3
1,156,1,1,1,0,3
1,178,1,1,0,0,3
1,185,1,1,0,0,3
1,194,1,1,0,0,3
1,219,1,1,0,0,3
1,246,1,1,0,0,3
1,248,1,1,0,1,3
1,275,1,1,0,0,3
1,320,1,1,0,0,3
1,326,1,1,0,1,3
1,332,1,1,0,0,3
1,368,1,1,0,1,3
1,387,1,1,0,1,3
1,405,1,1,0,0,3
1,423,1,1,0,0,3
1,433,1,1,0,0,3
1,452,1,1,0,0,3
1,454,1,1,0,0,3
1,468,1,1,1,0,3
1,474,1,1,1,0,3
1,539,1,1,0,0,3
1,540,1,1,0,0,3
1,547,1,1,0,0,3
1,572,1,1,0,0,3
1,574,1,1,0,0,3
1,595,1,1,0,1,3
1,599,1,1,0,0,3
1,601,1,1,0,0,3
1,624,1,1,1,0,3
1,655,1,1,0,0,3
1,656,1,1,0,0,3
1,671,1,1,0,1,3
1,677,1,1,0,0,3
1,685,1,1,0,0,3
1,691,1,1,0,1,3
1,738,1,1,0,0,3
1,741,1,1,0,0,3
1,752,1,1,0,0,3
1,767,1,1,0,1,3
1,776,1,1,0,0,3
1,779,1,1,1,0,3
1,801,1,1,0,0,3
1,807,1,1,0,0,3
1,839,1,1,0,0,3
1,840,1,1,0,0,3
1,844,1,1,0,1,3
1,854,1,1,1,0,3
1,861,1,1,1,0,3
1,862,1,1,0,0,3
1,872,1,1,0,0,3
1,907,1,1,0,1,3
1,914,1,1,1,0,3
1,930,1,1,0,1,3
1,1007,1,1,0,0,3
1,1011,1,1,1,0,3
1,1045,1,1,0,0,3
1,1053,1,1,0,1,3
1,1077,1,1,0,0,3
1,1147,1,1,0,0,3
1,1151,1,1,0,0,3
1,1169,1,1,0,0,3
1,1192,1,1,0,0,3
1,1213,1,1,0,0,3
1,1226,1,1,0,0,3
1,1230,1,1,1,0,3
1,1272,1,1,1,0,3
1,1289,1,1,1,0,3
1,1295,1,1,0,0,3
1,1300,1,1,0,0,3
1,1305,1,1,1,0,3
1,1311,1,1,0,0,3
1,1313,1,1,0,1,3
1,1349,1,1,0,0,3
1,1350,1,1,0,0,3
1,1358,1,1,0,0,3
1,1359,1,1,0,0,3
1,1361,1,1,0,1,3
1,1403,1,1,0,0,3
1,1426,1,1,0,1,3
1,1476,1,1,0,0,3
1,1497,1,1,0,0,3
1,1506,1,1,0,0,3
1,1527,1,1,0,0,3
1,1581,1,1,0,0,3
1,1589,1,1,0,1,3
1,1649,1,1,0,0,3
1,1650,1,1,1,0,3
1,1659,1,1,0,0,3
1,1663,1,1,0,0,3
1,1719,1,1,1,0,3
1,1724,1,1,0,0,3
1,1725,1,1,1,0,3
1,1733,1,1,0,0,3
1,1791,1,1,0,0,3
1,1806,1,1,0,0,3
1,1827,1,1,0,0,3
1,1844,1,1,0,0,3
1,1862,1,1,0,0,3
1,1877,1,1,0,0,3
1,1880,1,1,0,0,3
1,1896,1,1,0,0,3
1,1928,1,1,0,1,3
1,1933,1,1,0,1,3
1,1945,1,1,0,0,3
1,1957,1,1,1,0,3
1,1970,1,1,0,0,3
1,1971,1,1,0,0,3
1,2025,1,1,1,0,3
1,2063,1,1,0,1,3
1,2070,1,1,0,0,3
1,2074,1,1,0,0,3
1,2094,1,1,0,0,3
1,2116,1,1,0,0,3
1,2159,1,1,0,0,3
1,2175,1,1,0,0,3
1,2192,1,1,0,0,3
1,2193,1,1,1,0,3
1,2205,1,1,0,1,3
1,2214,1,1,0,0,3
1,2220,1,1,1,0,3
1,2237,1,1,1,0,3
1,2239,1,1,0,1,3
1,2246,1,1,0,0,3
1,2255,1,1,1,0,3
1,2265,1,1,0,1,3
1,2275,1,1,1,0,3
1,2276,1,1,0,1,3
1,2284,1,1,0,0,3
1,2287,1,1,0,0,3
1,2295,1,1,0,0,3
1,2299,1,1,1,0,3
1,2323,1,1,0,0,3
1,2337,1,1,0,0,3
1,2370,1,1,0,0,3
1,2390,1,1,0,0,3
1,2403,1,1,0,0,3
1,2427,1,1,1,0,3
1,2487,1,1,1,0,3
1,39,3,2,0,0,4
1,80,3,2,3,0,4
1,129,3,2,0,0,4
1,143,3,2,0,0,4
1,183,3,2,0,0,4
1,184,3,2,0,1,4
1,198,3,2,0,2,4
1,217,3,2,0,0,4
1,226,3,2,0,0,4
1,231,3,2,0,0,4
1,250,3,2,0,0,4
1,289,3,2,0,0,4
1,299,3,2,0,0,4
1,305,3,2,0,2,4
1,317,3,2,0,2,4
1,327,3,2,0,2,4
1,358,3,2,0,0,4
1,365,3,2,3,0,4
1,369,3,2,0,0,4
1,375,3,2,0,0,4
1,385,3,2,0,0,4
1,398,3,2,0,0,4
1,408,3,2,0,0,4
1,412,3,2,0,0,4
1,424,3,2,3,0,4
1,425,3,2,0,0,4
1,432,3,2,0,1,4
1,448,3,2,3,0,4
1,462,3,2,0,0,4
1,481,3,2,3,0,4
1,494,3,2,0,0,4
1,500,3,2,0,0,4
1,510,3,2,0,0,4
1,524,3,2,0,2,4
1,530,3,2,3,0,4
1,542,3,2,0,1,4
1,576,3,2,3,0,4
1,586,3,2,0,0,4
1,606,3,2,0,0,4
1,608,3,2,0,0,4
1,626,3,2,3,0,4
1,634,3,2,0,0,4
1,659,3,2,0,0,4
1,662,3,2,0,0,4
1,665,3,2,0,0,4
1,670,3,2,0,0,4
1,675,3,2,0,0,4
1,678,3,2,0,0,4
1,679,3,2,0,0,4
1,680,3,2,3,0,4
1,698,3,2,3,0,4
1,699,3,2,1,0,4
1,716,3,2,0,0,4
1,721,3,2,0,0,4
1,768,3,2,0,0,4
1,855,3,2,3,0,4
1,869,3,2,0,0,4
1,908,3,2,3,0,4
1,913,3,2,0,0,4
1,923,3,2,0,0,4
1,967,3,2,0,0,4
1,1034,3,2,0,0,4
1,1050,3,2,0,0,4
1,1079,3,2,1,0,4
1,1086,3,2,0,0,4
1,1092,3,2,0,0,4
1,1111,3,2,0,0,4
1,1113,3,2,0,0,4
1,1138,3,2,0,2,4
1,1145,3,2,0,0,4
1,1224,3,2,0,2,4
1,1257,3,2,0,0,4
1,1274,3,2,0,0,4
1,1278,3,2,3,0,4
1,1308,3,2,0,0,4
1,1325,3,2,3,0,4
1,1329,3,2,0,0,4
1,1332,3,2,0,0,4
1,1340,3,2,0,2,4
1,1352,3,2,0,0,4
1,1353,3,2,0,0,4
1,1354,3,2,1,0,4
1,1399,3,2,0,0,4
1,1405,3,2,3,0,4
1,1420,3,2,0,2,4
1,1493,3,2,0,0,4
1,1508,3,2,0,1,4
1,1509,3,2,0,0,4
1,1537,3,2,0,0,4
1,1538,3,2,3,0,4
1,1541,3,2,0,0,4
1,1544,3,2,0,0,4
1,1546,3,2,0,1,4
1,1563,3,2,0,0,4
1,1564,3,2,0,2,4
1,1572,3,2,0,0,4
1,1666,3,2,0,0,4
1,1685,3,2,0,0,4
1,1693,3,2,0,0,4
1,1701,3,2,1,0,4
1,1709,3,2,0,0,4
1,1715,3,2,0,0,4
1,1723,3,2,0,2,4
1,1728,3,2,0,0,4
1,1752,3,2,0,0,4
1,1754,3,2,0,2,4
1,1756,3,2,0,0,4
1,1765,3,2,0,1,4
1,1781,3,2,0,0,4
1,1783,3,2,3,0,4
1,1787,3,2,3,0,4
1,1789,3,2,0,0,4
1,1795,3,2,0,0,4
1,1797,3,2,3,0,4
1,1800,3,2,0,0,4
1,1804,3,2,0,2,4
1,1807,3,2,3,0,4
1,1811,3,2,0,1,4
1,1849,3,2,0,1,4
1,1858,3,2,3,0,4
1,1881,3,2,1,0,4
1,1885,3,2,1,0,4
1,1897,3,2,0,0,4
1,1899,3,2,1,0,4
1,1913,3,2,3,0,4
1,1993,3,2,0,0,4
1,2001,3,2,0,0,4
1,2013,3,2,0,2,4
1,2021,3,2,0,1,4
1,2022,3,2,0,2,4
1,2028,3,2,0,0,4
1,2038,3,2,0,0,4
1,2042,3,2,0,0,4
1,2045,3,2,0,0,4
1,2065,3,2,1,0,4
1,2086,3,2,0,0,4
1,2100,3,2,1,0,4
1,2108,3,2,0,0,4
1,2112,3,2,0,1,4
1,2133,3,2,0,2,4
1,2148,3,2,3,0,4
1,2215,3,2,0,0,4
1,2222,3,2,0,0,4
1,2285,3,2,0,0,4
1,2297,3,2,0,0,4
1,2305,3,2,0,2,4
1,2307,3,2,0,0,4
1,2325,3,2,0,0,4
1,2348,3,2,0,1,4
1,2355,3,2,3,0,4
1,2363,3,2,3,0,4
1,2393,3,2,0,1,4
1,2426,3,2,0,0,4
1,2433,3,2,0,2,4
1,2435,3,2,0,0,4
1,2450,3,2,0,0,4
1,2490,3,2,1,0,4
1,9,3,2,0,0,5
1,13,3,2,0,0,5
1,27,3,2,0,0,5
1,54,3,2,0,0,5
1,65,3,2,3,0,5
1,96,3,2,0,2,5
1,112,3,2,0,0,5
1,122,3,2,0,0,5
1,138,3,2,0,0,5
1,139,3,2,0,0,5
1,154,3,2,0,0,5
1,162,3,2,0,0,5
1,163,3,2,3,0,5
1,173,3,2,0,0,5
1,197,3,2,3,0,5
1,229,3,2,0,2,5
1,260,3,2,0,0,5
1,285,3,2,0,0,5
1,290,3,2,1,0,5
1,293,3,2,3,0,5
1,298,3,2,0,0,5
1,301,3,2,0,0,5
1,308,3,2,0,2,5
1,334,3,2,0,2,5
1,343,3,2,0,2,5
1,361,3,2,3,0,5
1,367,3,2,3,0,5
1,394,3,2,0,0,5
1,395,3,2,3,0,5
1,396,3,2,0,2,5
1,426,3,2,0,0,5
1,457,3,2,0,0,5
1,463,3,2,1,0,5
1,486,3,2,0,0,5
1,491,3,2,0,0,5
1,505,3,2,0,0,5
1,506,3,2,0,0,5
1,520,3,2,3,0,5
1,554,3,2,0,0,5
1,559,3,2,0,0,5
1,563,3,2,0,0,5
1,568,3,2,0,2,5
1,578,3,2,0,0,5
1,580,3,2,0,1,5
1,588,3,2,0,2,5
1,592,3,2,3,0,5
1,674,3,2,0,0,5
1,695,3,2,0,0,5
1,697,3,2,0,0,5
1,708,3,2,1,0,5
1,713,3,2,0,0,5
1,756,3,2,1,0,5
1,761,3,2,1,0,5
1,769,3,2,0,0,5
1,774,3,2,3,0,5
1,778,3,2,0,0,5
1,822,3,2,3,0,5
1,835,3,2,0,1,5
1,847,3,2,0,0,5
1,849,3,2,0,0,5
1,879,3,2,0,0,5
1,882,3,2,0,0,5
1,898,3,2,0,0,5
1,901,3,2,0,0,5
1,905,3,2,0,2,5
1,919,3,2,3,0,5
1,936,3,2,0,0,5
1,945,3,2,0,0,5
1,973,3,2,0,1,5
1,992,3,2,1,0,5
1,995,3,2,0,0,5
1,1030,3,2,0,0,5
1,1044,3,2,3,0,5
1,1062,3,2,3,0,5
1,1088,3,2,0,0,5
1,1095,3,2,0,0,5
1,1125,3,2,3,0,5
1,1131,3,2,0,0,5
1,1153,3,2,3,0,5
1,1180,3,2,0,2,5
1,1194,3,2,1,0,5
1,1202,3,2,0,0,5
1,1208,3,2,0,0,5
1,1218,3,2,0,0,5
1,1221,3,2,3,0,5
1,1223,3,2,0,0,5
1,1234,3,2,0,0,5
1,1248,3,2,0,2,5
1,1286,3,2,0,0,5
1,1287,3,2,0,0,5
1,1334,3,2,0,0,5
1,1335,3,2,0,0,5
1,1346,3,2,0,2,5
1,1373,3,2,0,0,5
1,1384,3,2,0,0,5
1,1388,3,2,3,0,5
1,1411,3,2,0,2,5
1,1414,3,2,3,0,5
1,1433,3,2,0,0,5
1,1451,3,2,0,1,5
1,1457,3,2,1,0,5
1,1470,3,2,0,0,5
1,1474,3,2,0,0,5
1,1517,3,2,0,0,5
1,1520,3,2,0,0,5
1,1566,3,2,0,2,5
1,1574,3,2,1,0,5
1,1585,3,2,0,2,5
1,1607,3,2,0,0,5
1,1615,3,2,0,0,5
1,1630,3,2,0,1,5
1,1645,3,2,1,0,5
1,1687,3,2,0,0,5
1,1697,3,2,1,0,5
1,1700,3,2,0,0,5
1,1722,3,2,0,0,5
1,1726,3,2,0,0,5
1,1734,3,2,3,0,5
1,1767,3,2,0,0,5
1,1776,3,2,1,0,5
1,1788,3,2,0,0,5
1,1805,3,2,0,0,5
1,1808,3,2,0,2,5
1,1831,3,2,0,0,5
1,1860,3,2,1,0,5
1,1866,3,2,0,0,5
1,1869,3,2,0,0,5
1,1908,3,2,0,2,5
1,1940,3,2,1,0,5
1,1944,3,2,0,0,5
1,1984,3,2,0,2,5
1,1986,3,2,0,0,5
1,1992,3,2,0,2,5
1,2048,3,2,0,0,5
1,2081,3,2,0,0,5
1,2084,3,2,0,0,5
1,2105,3,2,0,0,5
1,2122,3,2,0,0,5
1,2123,3,2,1,0,5
1,2124,3,2,0,2,5
1,2137,3,2,0,0,5
1,2165,3,2,3,0,5
1,2168,3,2,0,0,5
1,2196,3,2,0,2,5
1,2218,3,2,0,0,5
1,2219,3,2,1,0,5
1,2227,3,2,0,0,5
1,2231,3,2,0,0,5
1,2238,3,2,1,0,5
1,2241,3,2,0,0,5
1,2251,3,2,0,0,5
1,2260,3,2,0,0,5
1,2263,3,2,0,2,5
1,2264,3,2,0,0,5
1,2273,3,2,0,0,5
1,2304,3,2,1,0,5
1,2309,3,2,3,0,5
1,2321,3,2,0,0,5
1,2324,3,2,0,0,5
1,2331,3,2,0,0,5
1,2332,3,2,0,0,5
1,2339,3,2,0,2,5
1,2349,3,2,0,2,5
1,2378,3,2,0,1,5
1,2400,3,2,3,0,5
1,2405,3,2,0,0,5
1,2410,3,2,0,0,5
1,2486,3,2,0,0,5
1,2494,3,2,0,0,5
1,58,3,1,1,0,6
1,64,3,1,0,0,6
1,68,3,1,0,0,6
1,74,3,1,0,0,6
1,85,3,1,0,1,6
1,87,3,1,0,0,6
1,89,3,1,0,0,6
1,95,3,1,0,0,6
1,97,3,1,0,0,6
1,104,3,1,0,0,6
1,105,3,1,0,0,6
1,109,3,1,0,0,6
1,131,3,1,0,0,6
1,147,3,1,0,1,6
1,161,3,1,0,1,6
1,164,3,1,1,0,6
1,215,3,1,0,0,6
1,220,3,1,0,1,6
1,234,3,1,0,0,6
1,244,3,1,0,1,6
1,247,3,1,0,0,6
1,249,3,1,3,0,6
1,252,3,1,3,0,6
1,253,3,1,0,0,6
1,272,3,1,0,1,6
1,291,3,1,1,0,6
1,295,3,1,0,0,6
1,302,3,1,0,0,6
1,307,3,1,0,0,6
1,316,3,1,1,0,6
1,318,3,1,0,0,6
1,336,3,1,0,0,6
1,360,3,1,0,0,6
1,379,3,1,0,0,6
1,384,3,1,0,0,6
1,390,3,1,0,1,6
1,418,3,1,3,0,6
1,428,3,1,0,0,6
1,430,3,1,0,0,6
1,440,3,1,0,0,6
1,456,3,1,0,0,6
1,465,3,1,3,0,6
1,467,3,1,3,0,6
1,475,3,1,0,0,6
1,497,3,1,0,0,6
1,514,3,1,1,0,6
1,515,3,1,3,0,6
1,516,3,1,0,1,6
1,519,3,1,0,0,6
1,526,3,1,0,0,6
1,529,3,1,0,0,6
1,596,3,1,0,0,6
1,609,3,1,0,0,6
1,629,3,1,0,0,6
1,637,3,1,0,0,6
1,644,3,1,0,0,6
1,696,3,1,1,0,6
1,704,3,1,0,0,6
1,715,3,1,0,0,6
1,730,3,1,0,0,6
1,733,3,1,0,0,6
1,749,3,1,0,0,6
1,759,3,1,3,0,6
1,777,3,1,0,1,6
1,781,3,1,0,0,6
1,787,3,1,0,0,6
1,799,3,1,0,1,6
1,800,3,1,0,1,6
1,803,3,1,0,1,6
1,806,3,1,0,0,6
1,816,3,1,0,0,6
1,829,3,1,0,1,6
1,851,3,1,0,0,6
1,860,3,1,0,1,6
1,863,3,1,0,0,6
1,868,3,1,0,0,6
1,871,3,1,0,0,6
1,883,3,1,0,0,6
1,887,3,1,0,0,6
1,889,3,1,0,0,6
1,899,3,1,3,0,6
1,906,3,1,0,0,6
1,918,3,1,1,0,6
1,920,3,1,0,0,6
1,921,3,1,1,0,6
1,955,3,1,3,0,6
1,961,3,1,0,0,6
1,991,3,1,3,0,6
1,993,3,1,1,0,6
1,996,3,1,0,0,6
1,1019,3,1,0,0,6
1,1029,3,1,0,0,6
1,1031,3,1,1,0,6
1,1054,3,1,0,0,6
1,1055,3,1,1,0,6
1,1059,3,1,0,0,6
1,1065,3,1,0,1,6
1,1069,3,1,0,0,6
1,1084,3,1,0,0,6
1,1090,3,1,0,0,6
1,1102,3,1,1,0,6
1,1103,3,1,0,0,6
1,1112,3,1,1,0,6
1,1120,3,1,0,0,6
1,1140,3,1,1,0,6
1,1148,3,1,1,0,6
1,1154,3,1,0,1,6
1,1161,3,1,0,0,6
1,1175,3,1,0,1,6
1,1182,3,1,0,0,6
1,1188,3,1,0,0,6
1,1191,3,1,0,0,6
1,1193,3,1,0,0,6
1,1207,3,1,0,0,6
1,1222,3,1,0,1,6
1,1239,3,1,0,0,6
1,1240,3,1,0,0,6
1,1273,3,1,0,0,6
1,1275,3,1,0,1,6
1,1281,3,1,0,0,6
1,1304,3,1,0,0,6
1,1322,3,1,0,0,6
1,1324,3,1,0,1,6
1,1377,3,1,0,0,6
1,1379,3,1,3,0,6
1,1401,3,1,0,0,6
1,1416,3,1,0,0,6
1,1437,3,1,0,0,6
1,1458,3,1,0,0,6
1,1459,3,1,1,0,6
1,1482,3,1,0,1,6
1,1484,3,1,3,0,6
1,1488,3,1,0,0,6
1,1490,3,1,0,1,6
1,1521,3,1,1,0,6
1,1530,3,1,0,1,6
1,1575,3,1,0,0,6
1,1595,3,1,0,0,6
1,1598,3,1,0,0,6
1,1623,3,1,0,1,6
1,1635,3,1,0,1,6
1,1642,3,1,0,1,6
1,1658,3,1,0,0,6
1,1681,3,1,0,0,6
1,1702,3,1,0,0,6
1,1708,3,1,0,1,6
1,1710,3,1,0,0,6
1,1735,3,1,0,1,6
1,1742,3,1,0,1,6
1,1761,3,1,0,0,6
1,1774,3,1,0,1,6
1,1814,3,1,3,0,6
1,1864,3,1,0,0,6
1,1875,3,1,0,0,6
1,1879,3,1,0,0,6
1,1889,3,1,1,0,6
1,1898,3,1,0,0,6
1,1936,3,1,3,0,6
1,1956,3,1,0,0,6
1,1965,3,1,0,1,6
1,1980,3,1,0,0,6
1,2012,3,1,0,0,6
1,2017,3,1,1,0,6
1,2020,3,1,0,0,6
1,2029,3,1,0,0,6
1,2031,3,1,3,0,6
1,2059,3,1,1,0,6
1,2075,3,1,0,0,6
1,2082,3,1,0,1,6
1,2092,3,1,0,0,6
1,2107,3,1,0,0,6
1,2114,3,1,0,0,6
1,2117,3,1,0,0,6
1,2120,3,1,0,0,6
1,2130,3,1,0,0,6
1,2155,3,1,0,0,6
1,2157,3,1,1,0,6
1,2172,3,1,0,0,6
1,2183,3,1,0,1,6
1,2191,3,1,0,0,6
1,2199,3,1,0,0,6
1,2204,3,1,0,0,6
1,2216,3,1,0,0,6
1,2269,3,1,3,0,6
1,2272,3,1,0,0,6
1,2286,3,1,0,1,6
1,2300,3,1,0,0,6
1,2333,3,1,0,1,6
1,2335,3,1,0,0,6
1,2380,3,1,0,0,6
1,2385,3,1,0,0,6
1,2399,3,1,0,0,6
1,2418,3,1,0,1,6
1,2421,3,1,0,0,6
1,2475,3,1,0,0,6
1,2477,3,1,0,1,6
1,2495,3,1,0,1,6
1,2499,3,1,3,0,6
1,17,3,1,0,0,7
1,25,3,1,0,0,7
1,47,3,1,3,0,7
1,110,3,1,0,0,7
1,121,3,1,0,0,7
1,126,3,1,3,0,7
1,141,3,1,0,0,7
1,148,3,1,0,0,7
1,159,3,1,0,1,7
1,170,3,1,0,0,7
1,172,3,1,0,1,7
1,186,3,1,0,1,7
1,238,3,1,0,0,7
1,251,3,1,0,1,7
1,270,3,1,1,0,7
1,287,3,1,1,0,7
1,324,3,1,0,0,7
1,348,3,1,0,0,7
1,356,3,1,0,0,7
1,370,3,1,0,1,7
1,377,3,1,0,0,7
1,383,3,1,0,0,7
1,389,3,1,0,0,7
1,391,3,1,0,0,7
1,401,3,1,3,0,7
1,476,3,1,0,1,7
1,483,3,1,0,1,7
1,487,3,1,0,0,7
1,504,3,1,0,0,7
1,513,3,1,0,0,7
1,521,3,1,1,0,7
1,522,3,1,0,1,7
1,534,3,1,0,0,7
1,552,3,1,0,0,7
1,562,3,1,0,0,7
1,603,3,1,0,0,7
1,604,3,1,0,0,7
1,621,3,1,0,0,7
1,625,3,1,3,0,7
1,684,3,1,0,0,7
1,722,3,1,0,0,7
1,745,3,1,0,0,7
1,758,3,1,0,1,7
1,780,3,1,3,0,7
1,783,3,1,0,0,7
1,811,3,1,0,0,7
1,820,3,1,0,1,7
1,876,3,1,3,0,7
1,894,3,1,0,0,7
1,900,3,1,0,1,7
1,912,3,1,3,0,7
1,934,3,1,0,0,7
1,937,3,1,0,0,7
1,941,3,1,0,0,7
1,942,3,1,0,1,7
1,964,3,1,0,1,7
1,975,3,1,1,0,7
1,1009,3,1,0,1,7
1,1040,3,1,0,0,7
1,1076,3,1,0,0,7
1,1082,3,1,0,0,7
1,1096,3,1,0,0,7
1,1109,3,1,0,0,7
1,1128,3,1,0,0,7
1,1129,3,1,0,0,7
1,1146,3,1,0,0,7
1,1170,3,1,0,0,7
1,1176,3,1,0,1,7
1,1195,3,1,0,0,7
1,1219,3,1,1,0,7
1,1264,3,1,3,0,7
1,1279,3,1,0,0,7
1,1297,3,1,0,0,7
1,1301,3,1,0,1,7
1,1381,3,1,0,0,7
1,1415,3,1,0,0,7
1,1445,3,1,1,0,7
1,1519,3,1,0,0,7
1,1526,3,1,0,0,7
1,1533,3,1,0,0,7
1,1540,3,1,0,0,7
1,1554,3,1,0,0,7
1,1556,3,1,0,0,7
1,1578,3,1,3,0,7
1,1579,3,1,0,1,7
1,1596,3,1,0,0,7
1,1599,3,1,0,0,7
1,1678,3,1,1,0,7
1,1692,3,1,0,0,7
1,1694,3,1,0,0,7
1,1718,3,1,3,0,7
1,1778,3,1,0,0,7
1,1784,3,1,0,0,7
1,1792,3,1,1,0,7
1,1793,3,1,3,0,7
1,1841,3,1,0,0,7
1,1851,3,1,3,0,7
1,1972,3,1,1,0,7
1,1978,3,1,0,0,7
1,2000,3,1,3,0,7
1,2003,3,1,0,0,7
1,2033,3,1,0,1,7
1,2034,3,1,0,0,7
1,2083,3,1,0,1,7
1,2128,3,1,0,0,7
1,2160,3,1,0,0,7
1,2163,3,1,0,0,7
1,2209,3,1,0,1,7
1,2232,3,1,0,1,7
1,2234,3,1,1,0,7
1,2236,3,1,0,0,7
1,2254,3,1,0,0,7
1,2267,3,1,0,0,7
1,2320,3,1,0,0,7
1,2340,3,1,0,0,7
1,2346,3,1,0,0,7
1,2361,3,1,0,0,7
1,2365,3,1,3,0,7
1,2372,3,1,0,1,7
1,2373,3,1,0,0,7
1,2432,3,1,0,0,7
1,2461,3,1,0,0,7
1,2464,3,1,0,0,7
1,2479,3,1,0,0,7
1,2482,3,1,0,0,7
1,2484,3,1,0,0,7
1,3,1,1,1,0,8
1,40,1,1,0,0,8
1,41,1,1,0,0,8
1,49,1,1,0,0,8
1,70,1,1,0,0,8
1,82,1,1,0,1,8
1,84,1,1,0,0,8
1,90,1,1,0,0,8
1,115,1,1,0,0,8
1,128,1,1,0,1,8
1,137,1,1,0,0,8
1,202,1,1,1,0,8
1,230,1,1,0,0,8
1,243,1,1,1,0,8
1,256,1,1,0,0,8
1,263,1,1,0,0,8
1,267,1,1,0,0,8
1,304,1,1,0,0,8
1,321,1,1,0,0,8
1,337,1,1,1,0,8
1,349,1,1,0,1,8
1,362,1,1,0,0,8
1,380,1,1,0,1,8
1,406,1,1,1,0,8
1,441,1,1,0,0,8
1,445,1,1,1,0,8
1,460,1,1,0,1,8
1,493,1,1,0,0,8
1,496,1,1,1,0,8
1,501,1,1,1,0,8
1,543,1,1,0,0,8
1,548,1,1,0,1,8
1,557,1,1,1,0,8
1,590,1,1,1,0,8
1,605,1,1,0,0,8
1,639,1,1,0,0,8
1,653,1,1,0,0,8
1,661,1,1,1,0,8
1,701,1,1,0,0,8
1,706,1,1,1,0,8
1,707,1,1,0,0,8
1,726,1,1,0,0,8
1,728,1,1,0,0,8
1,740,1,1,0,0,8
1,764,1,1,0,0,8
1,788,1,1,0,0,8
1,808,1,1,0,0,8
1,823,1,1,0,1,8
1,827,1,1,0,0,8
1,877,1,1,0,0,8
1,880,1,1,1,0,8
1,892,1,1,0,0,8
1,981,1,1,0,1,8
1,987,1,1,0,1,8
1,994,1,1,0,0,8
1,1018,1,1,0,1,8
1,1023,1,1,1,0,8
1,1046,1,1,0,0,8
1,1047,1,1,0,1,8
1,1073,1,1,0,0,8
1,1106,1,1,0,0,8
1,1136,1,1,0,1,8
1,1168,1,1,0,0,8
1,1197,1,1,0,0,8
1,1199,1,1,0,0,8
1,1205,1,1,0,0,8
1,1242,1,1,0,0,8
1,1252,1,1,0,1,8
1,1268,1,1,0,0,8
1,1269,1,1,0,0,8
1,1276,1,1,0,0,8
1,1284,1,1,1,0,8
1,1291,1,1,0,0,8
1,1323,1,1,1,0,8
1,1328,1,1,0,0,8
1,1331,1,1,1,0,8
1,1360,1,1,0,1,8
1,1363,1,1,0,0,8
1,1367,1,1,0,1,8
1,1395,1,1,0,0,8
1,1419,1,1,0,0,8
1,1454,1,1,0,1,8
1,1462,1,1,0,0,8
1,1466,1,1,0,0,8
1,1472,1,1,0,0,8
1,1512,1,1,1,0,8
1,1531,1,1,0,1,8
1,1549,1,1,1,0,8
1,1552,1,1,0,0,8
1,1571,1,1,0,0,8
1,1625,1,1,0,1,8
1,1636,1,1,1,0,8
1,1665,1,1,1,0,8
1,1675,1,1,0,0,8
1,1705,1,1,0,1,8
1,1706,1,1,0,1,8
1,1717,1,1,0,0,8
1,1720,1,1,1,0,8
1,1737,1,1,0,1,8
1,1740,1,1,0,0,8
1,1790,1,1,0,0,8
1,1799,1,1,0,0,8
1,1822,1,1,1,0,8
1,1842,1,1,1,0,8
1,1856,1,1,0,0,8
1,1861,1,1,0,0,8
1,1902,1,1,0,0,8
1,1926,1,1,0,1,8
1,1937,1,1,0,1,8
1,1959,1,1,0,0,8
1,2002,1,1,0,0,8
1,2004,1,1,0,0,8
1,2050,1,1,0,0,8
1,2051,1,1,0,0,8
1,2060,1,1,0,1,8
1,2127,1,1,1,0,8
1,2129,1,1,0,0,8
1,2145,1,1,0,0,8
1,2167,1,1,0,1,8
1,2171,1,1,1,0,8
1,2261,1,1,0,0,8
1,2291,1,1,1,0,8
1,2308,1,1,0,0,8
1,2338,1,1,0,1,8
1,2401,1,1,0,0,8
1,2404,1,1,0,0,8
1,2431,1,1,1,0,8
1,2481,1,1,1,0,8
1,2489,1,1,0,0,8
1,1,3,1,0,1,9
1,2,3,1,0,1,9
1,4,3,1,0,0,9
1,14,3,1,0,1,9
1,24,3,1,0,0,9
1,30,3,1,0,0,9
1,31,3,1,0,0,9
1,35,3,1,0,0,9
1,37,3,1,1,0,9
1,42,3,1,0,0,9
1,51,3,1,0,0,9
1,56,3,1,3,0,9
1,59,3,1,3,0,9
1,91,3,1,0,0,9
1,93,3,1,0,0,9
1,124,3,1,3,0,9
1,149,3,1,3,0,9
1,169,3,1,0,1,9
1,175,3,1,3,0,9
1,176,3,1,0,0,9
1,177,3,1,0,0,9
1,189,3,1,0,0,9
1,203,3,1,0,0,9
1,257,3,1,0,0,9
1,309,3,1,0,1,9
1,311,3,1,1,0,9
1,340,3,1,1,0,9
1,354,3,1,0,1,9
1,355,3,1,1,0,9
1,357,3,1,0,0,9
1,402,3,1,0,0,9
1,403,3,1,0,1,9
1,415,3,1,0,0,9
1,420,3,1,0,0,9
1,442,3,1,0,0,9
1,446,3,1,0,0,9
1,458,3,1,0,0,9
1,461,3,1,0,0,9
1,489,3,1,0,0,9
1,503,3,1,0,0,9
1,528,3,1,0,0,9
1,532,3,1,1,0,9
1,551,3,1,0,0,9
1,555,3,1,0,0,9
1,607,3,1,0,1,9
1,610,3,1,1,0,9
1,611,3,1,0,1,9
1,614,3,1,1,0,9
1,615,3,1,1,0,9
1,623,3,1,0,0,9
1,664,3,1,0,0,9
1,669,3,1,1,0,9
1,687,3,1,1,0,9
1,693,3,1,0,0,9
1,710,3,1,0,0,9
1,718,3,1,0,1,9
1,731,3,1,0,0,9
1,735,3,1,3,0,9
1,748,3,1,0,0,9
1,763,3,1,0,0,9
1,786,3,1,0,0,9
1,791,3,1,0,0,9
1,792,3,1,0,0,9
1,805,3,1,0,0,9
1,819,3,1,0,1,9
1,821,3,1,0,0,9
1,857,3,1,0,0,9
1,890,3,1,0,1,9
1,910,3,1,0,0,9
1,932,3,1,0,0,9
1,935,3,1,0,0,9
1,940,3,1,0,1,9
1,959,3,1,3,0,9
1,971,3,1,0,0,9
1,983,3,1,3,0,9
1,986,3,1,0,1,9
1,988,3,1,0,0,9
1,989,3,1,0,0,9
1,1000,3,1,0,1,9
1,1004,3,1,0,0,9
1,1006,3,1,0,0,9
1,1021,3,1,0,0,9
1,1028,3,1,1,0,9
1,1037,3,1,0,1,9
1,1056,3,1,0,1,9
1,1061,3,1,0,0,9
1,1067,3,1,0,1,9
1,1075,3,1,0,0,9
1,1080,3,1,0,0,9
1,1087,3,1,0,0,9
1,1091,3,1,0,0,9
1,1098,3,1,0,0,9
1,1108,3,1,1,0,9
1,1110,3,1,0,0,9
1,1123,3,1,0,0,9
1,1139,3,1,0,1,9
1,1141,3,1,0,0,9
1,1164,3,1,0,0,9
1,1210,3,1,0,0,9
1,1232,3,1,0,1,9
1,1235,3,1,0,0,9
1,1238,3,1,0,0,9
1,1254,3,1,0,0,9
1,1299,3,1,3,0,9
1,1306,3,1,1,0,9
1,1342,3,1,0,0,9
1,1365,3,1,0,0,9
1,1369,3,1,0,0,9
1,1380,3,1,0,0,9
1,1400,3,1,3,0,9
1,1402,3,1,1,0,9
1,1422,3,1,0,1,9
1,1439,3,1,0,1,9
1,1444,3,1,0,0,9
1,1450,3,1,0,1,9
1,1461,3,1,0,0,9
1,1467,3,1,0,0,9
1,1469,3,1,0,0,9
1,1477,3,1,0,0,9
1,1480,3,1,0,1,9
1,1489,3,1,0,0,9
1,1495,3,1,1,0,9
1,1500,3,1,3,0,9
1,1528,3,1,0,0,9
1,1586,3,1,0,0,9
1,1590,3,1,0,0,9
1,1592,3,1,0,0,9
1,1605,3,1,0,0,9
1,1621,3,1,0,0,9
1,1622,3,1,0,0,9
1,1624,3,1,0,0,9
1,1639,3,1,0,0,9
1,1640,3,1,0,1,9
1,1651,3,1,1,0,9
1,1655,3,1,1,0,9
1,1684,3,1,0,0,9
1,1727,3,1,0,0,9
1,1775,3,1,0,0,9
1,1810,3,1,0,0,9
1,1812,3,1,0,0,9
1,1816,3,1,3,0,9
1,1828,3,1,1,0,9
1,1835,3,1,0,0,9
1,1853,3,1,0,1,9
1,1855,3,1,3,0,9
1,1857,3,1,0,0,9
1,1859,3,1,0,0,9
1,1890,3,1,0,0,9
1,1893,3,1,0,0,9
1,1907,3,1,0,0,9
1,1915,3,1,0,0,9
1,1964,3,1,0,0,9
1,1967,3,1,0,0,9
1,1996,3,1,0,0,9
1,1999,3,1,0,0,9
1,2005,3,1,0,1,9
1,2023,3,1,1,0,9
1,2067,3,1,0,0,9
1,2068,3,1,0,0,9
1,2072,3,1,0,0,9
1,2088,3,1,0,1,9
1,2093,3,1,0,1,9
1,2099,3,1,0,1,9
1,2125,3,1,0,1,9
1,2146,3,1,0,0,9
1,2151,3,1,0,1,9
1,2156,3,1,0,0,9
1,2164,3,1,0,0,9
1,2176,3,1,0,0,9
1,2178,3,1,3,0,9
1,2244,3,1,0,1,9
1,2256,3,1,0,0,9
1,2268,3,1,0,1,9
1,2280,3,1,0,0,9
1,2283,3,1,0,0,9
1,2293,3,1,0,0,9
1,2296,3,1,0,0,9
1,2303,3,1,3,0,9
1,2328,3,1,1,0,9
1,2329,3,1,0,0,9
1,2342,3,1,0,1,9
1,2360,3,1,3,0,9
1,2389,3,1,0,0,9
1,2392,3,1,0,1,9
1,2406,3,1,0,0,9
1,2424,3,1,1,0,9
1,2437,3,1,0,1,9
1,2443,3,1,0,0,9
1,2451,3,1,1,0,9
1,2456,3,1,0,0,9
1,2462,3,1,3,0,9
1,2473,3,1,0,0,9
1,2476,3,1,0,0,9
1,2488,3,1,1,0,9
1,20,1,3,0,0,10
1,60,1,3,0,0,10
1,157,1,3,0,1,10
1,180,1,3,0,0,10
1,181,1,3,0,0,10
1,237,1,3,0,0,10
1,279,1,3,0,3,10
1,283,1,3,0,0,10
1,286,1,3,0,0,10
1,294,1,3,0,1,10
1,313,1,3,0,1,10
1,338,1,3,0,0,10
1,347,1,3,0,1,10
1,366,1,3,0,3,10
1,382,1,3,0,0,10
1,414,1,3,1,0,10
1,444,1,3,0,0,10
1,453,1,3,0,0,10
1,455,1,3,0,3,10
1,459,1,3,0,0,10
1,469,1,3,0,0,10
1,477,1,3,1,0,10
1,478,1,3,0,0,10
1,482,1,3,0,0,10
1,507,1,3,1,0,10
1,517,1,3,0,0,10
1,523,1,3,0,0,10
1,553,1,3,0,0,10
1,569,1,3,0,0,10
1,602,1,3,0,0,10
1,619,1,3,0,0,10
1,642,1,3,0,1,10
1,648,1,3,0,0,10
1,682,1,3,0,0,10
1,703,1,3,0,0,10
1,720,1,3,1,0,10
1,723,1,3,1,0,10
1,782,1,3,0,0,10
1,796,1,3,0,1,10
1,814,1,3,0,1,10
1,848,1,3,0,0,10
1,867,1,3,0,0,10
1,886,1,3,1,0,10
1,925,1,3,0,0,10
1,927,1,3,0,0,10
1,928,1,3,0,0,10
1,979,1,3,1,0,10
1,980,1,3,0,0,10
1,1010,1,3,1,0,10
1,1015,1,3,0,0,10
1,1022,1,3,0,0,10
1,1039,1,3,1,0,10
1,1048,1,3,0,0,10
1,1063,1,3,0,0,10
1,1070,1,3,0,0,10
1,1115,1,3,0,3,10
1,1122,1,3,0,0,10
1,1150,1,3,0,3,10
1,1159,1,3,0,0,10
1,1160,1,3,0,1,10
1,1173,1,3,0,0,10
1,1174,1,3,0,0,10
1,1211,1,3,0,0,10
1,1217,1,3,1,0,10
1,1225,1,3,1,0,10
1,1241,1,3,0,0,10
1,1312,1,3,0,1,10
1,1317,1,3,0,1,10
1,1320,1,3,0,1,10
1,1327,1,3,0,3,10
1,1337,1,3,0,0,10
1,1357,1,3,0,1,10
1,1376,1,3,0,3,10
1,1383,1,3,0,0,10
1,1385,1,3,0,0,10
1,1396,1,3,1,0,10
1,1423,1,3,0,0,10
1,1431,1,3,0,0,10
1,1432,1,3,0,0,10
1,1434,1,3,0,0,10
1,1448,1,3,0,0,10
1,1449,1,3,0,0,10
1,1465,1,3,0,0,10
1,1473,1,3,0,0,10
1,1485,1,3,0,0,10
1,1487,1,3,0,1,10
1,1491,1,3,0,0,10
1,1504,1,3,0,0,10
1,1511,1,3,0,1,10
1,1570,1,3,0,0,10
1,1587,1,3,0,0,10
1,1591,1,3,0,0,10
1,1648,1,3,0,1,10
1,1654,1,3,1,0,10
1,1680,1,3,0,0,10
1,1714,1,3,0,0,10
1,1770,1,3,0,0,10
1,1786,1,3,0,1,10
1,1865,1,3,0,0,10
1,1871,1,3,0,0,10
1,1886,1,3,1,0,10
1,1888,1,3,1,0,10
1,1901,1,3,0,1,10
1,1903,1,3,0,0,10
1,1905,1,3,0,0,10
1,1949,1,3,0,0,10
1,1953,1,3,0,3,10
1,1994,1,3,0,0,10
1,2089,1,3,0,0,10
1,2109,1,3,0,0,10
1,2134,1,3,0,0,10
1,2140,1,3,0,0,10
1,2141,1,3,0,1,10
1,2169,1,3,0,3,10
1,2194,1,3,1,0,10
1,2198,1,3,0,0,10
1,2208,1,3,0,0,10
1,2250,1,3,0,0,10
1,2270,1,3,1,0,10
1,2292,1,3,1,0,10
1,2314,1,3,0,3,10
1,2341,1,3,0,0,10
1,2347,1,3,0,0,10
1,2374,1,3,0,0,10
1,2384,1,3,0,0,10
1,2395,1,3,0,0,10
1,2445,1,3,0,0,10
1,2457,1,3,0,0,10
1,2468,1,3,0,0,10
1,2485,1,3,0,0,10
1,0,1,1,0,0,11
1,5,1,1,0,1,11
1,7,1,1,0,1,11
1,8,1,1,0,0,11
1,19,1,1,0,0,11
1,21,1,1,0,0,11
1,23,1,1,0,0,11
1,34,1,1,0,1,11
1,43,1,1,0,1,11
1,48,1,1,0,0,11
1,50,1,1,0,1,11
1,55,1,1,0,0,11
1,63,1,1,0,0,11
1,71,1,1,0,0,11
1,86,1,1,0,1,11
1,88,1,1,1,0,11
1,106,1,1,0,0,11
1,107,1,1,0,0,11
1,160,1,1,0,0,11
1,167,1,1,1,0,11
1,182,1,1,0,1,11
1,191,1,1,0,0,11
1,221,1,1,0,0,11
1,236,1,1,0,0,11
1,241,1,1,1,0,11
1,254,1,1,0,1,11
1,258,1,1,1,0,11
1,262,1,1,0,0,11
1,269,1,1,1,0,11
1,273,1,1,0,0,11
1,276,1,1,1,0,11
1,281,1,1,0,0,11
1,288,1,1,1,0,11
1,306,1,1,1,0,11
1,312,1,1,0,1,11
1,315,1,1,0,1,11
1,333,1,1,0,0,11
1,339,1,1,0,0,11
1,344,1,1,0,0,11
1,352,1,1,0,0,11
1,364,1,1,1,0,11
1,372,1,1,1,0,11
1,388,1,1,0,1,11
1,397,1,1,1,0,11
1,404,1,1,0,0,11
1,407,1,1,0,0,11
1,409,1,1,0,0,11
1,417,1,1,1,0,11
1,421,1,1,1,0,11
1,431,1,1,0,0,11
1,436,1,1,0,0,11
1,464,1,1,0,1,11
1,470,1,1,1,0,11
1,488,1,1,0,0,11
1,509,1,1,0,0,11
1,525,1,1,0,0,11
1,538,1,1,0,1,11
1,550,1,1,0,0,11
1,560,1,1,0,0,11
1,561,1,1,1,0,11
1,577,1,1,0,0,11
1,579,1,1,0,0,11
1,620,1,1,0,1,11
1,630,1,1,0,0,11
1,632,1,1,0,0,11
1,635,1,1,1,0,11
1,643,1,1,0,1,11
1,647,1,1,1,0,11
1,649,1,1,0,1,11
1,650,1,1,0,0,11
1,658,1,1,0,0,11
1,672,1,1,0,1,11
1,700,1,1,0,0,11
1,709,1,1,1,0,11
1,744,1,1,1,0,11
1,751,1,1,0,0,11
1,760,1,1,0,0,11
1,762,1,1,1,0,11
1,784,1,1,0,0,11
1,785,1,1,1,0,11
1,789,1,1,1,0,11
1,802,1,1,1,0,11
1,809,1,1,0,0,11
1,825,1,1,0,0,11
1,837,1,1,0,0,11
1,873,1,1,0,1,11
1,874,1,1,0,0,11
1,875,1,1,0,1,11
1,884,1,1,0,0,11
1,902,1,1,0,0,11
1,904,1,1,1,0,11
1,911,1,1,0,0,11
1,922,1,1,1,0,11
1,924,1,1,0,1,11
1,944,1,1,1,0,11
1,952,1,1,0,0,11
1,972,1,1,0,0,11
1,974,1,1,0,0,11
1,978,1,1,0,1,11
1,985,1,1,1,0,11
1,999,1,1,0,0,11
1,1008,1,1,1,0,11
1,1012,1,1,0,0,11
1,1016,1,1,0,1,11
1,1026,1,1,1,0,11
1,1027,1,1,0,0,11
1,1033,1,1,1,0,11
1,1041,1,1,0,0,11
1,1051,1,1,0,0,11
1,1083,1,1,0,1,11
1,1093,1,1,0,0,11
1,1094,1,1,0,1,11
1,1097,1,1,0,0,11
1,1126,1,1,1,0,11
1,1127,1,1,0,0,11
1,1133,1,1,0,0,11
1,1172,1,1,0,0,11
1,1212,1,1,1,0,11
1,1215,1,1,0,0,11
1,1216,1,1,0,0,11
1,1233,1,1,0,0,11
1,1236,1,1,0,1,11
1,1244,1,1,0,0,11
1,1247,1,1,0,0,11
1,1250,1,1,0,0,11
1,1255,1,1,0,0,11
1,1256,1,1,0,1,11
1,1259,1,1,0,0,11
1,1263,1,1,0,0,11
1,1266,1,1,0,1,11
1,1270,1,1,0,0,11
1,1271,1,1,0,1,11
1,1285,1,1,0,0,11
1,1290,1,1,0,0,11
1,1293,1,1,0,0,11
1,1318,1,1,1,0,11
1,1339,1,1,0,0,11
1,1343,1,1,0,0,11
1,1351,1,1,1,0,11
1,1364,1,1,0,0,11
1,1382,1,1,0,1,11
1,1387,1,1,0,0,11
1,1389,1,1,0,0,11
1,1391,1,1,0,0,11
1,1404,1,1,0,0,11
1,1407,1,1,0,1,11
1,1409,1,1,1,0,11
1,1425,1,1,0,0,11
1,1428,1,1,0,1,11
1,1436,1,1,0,0,11
1,1441,1,1,1,0,11
1,1442,1,1,0,0,11
1,1453,1,1,0,0,11
1,1471,1,1,1,0,11
1,1492,1,1,0,1,11
1,1494,1,1,0,0,11
1,1516,1,1,0,0,11
1,1542,1,1,0,0,11
1,1550,1,1,0,0,11
1,1565,1,1,0,0,11
1,1569,1,1,0,1,11
1,1573,1,1,0,0,11
1,1580,1,1,1,0,11
1,1593,1,1,0,0,11
1,1602,1,1,0,1,11
1,1606,1,1,1,0,11
1,1609,1,1,0,1,11
1,1610,1,1,1,0,11
1,1620,1,1,0,1,11
1,1628,1,1,0,0,11
1,1629,1,1,0,0,11
1,1634,1,1,0,0,11
1,1643,1,1,0,0,11
1,1652,1,1,0,0,11
1,1656,1,1,1,0,11
1,1661,1,1,1,0,11
1,1669,1,1,1,0,11
1,1671,1,1,0,0,11
1,1674,1,1,1,0,11
1,1676,1,1,0,1,11
1,1683,1,1,0,0,11
1,1695,1,1,0,0,11
1,1696,1,1,0,0,11
1,1703,1,1,0,0,11
1,1704,1,1,0,0,11
1,1712,1,1,0,0,11
1,1721,1,1,1,0,11
1,1731,1,1,0,1,11
1,1743,1,1,0,0,11
1,1745,1,1,0,0,11
1,1747,1,1,0,0,11
1,1750,1,1,0,0,11
1,1753,1,1,0,0,11
1,1759,1,1,0,0,11
1,1772,1,1,0,0,11
1,1809,1,1,0,0,11
1,1823,1,1,1,0,11
1,1826,1,1,0,0,11
1,1854,1,1,0,0,11
1,1867,1,1,0,1,11
1,1883,1,1,0,0,11
1,1891,1,1,1,0,11
1,1906,1,1,0,1,11
1,1910,1,1,0,1,11
1,1912,1,1,0,0,11
1,1914,1,1,0,0,11
1,1916,1,1,0,0,11
1,1921,1,1,0,0,11
1,1939,1,1,0,1,11
1,1947,1,1,0,0,11
1,1962,1,1,0,1,11
1,1963,1,1,0,1,11
1,1969,1,1,1,0,11
1,1973,1,1,0,0,11
1,1991,1,1,0,0,11
1,1995,1,1,0,1,11
1,1998,1,1,0,0,11
1,2019,1,1,0,1,11
1,2024,1,1,0,1,11
1,2027,1,1,1,0,11
1,2030,1,1,0,0,11
1,2035,1,1,0,0,11
1,2036,1,1,0,0,11
1,2047,1,1,0,1,11
1,2066,1,1,0,1,11
1,2080,1,1,0,0,11
1,2096,1,1,0,0,11
1,2101,1,1,1,0,11
1,2111,1,1,0,0,11
1,2126,1,1,0,0,11
1,2131,1,1,0,1,11
1,2135,1,1,0,0,11
1,2153,1,1,0,0,11
1,2154,1,1,0,0,11
1,2158,1,1,0,0,11
1,2161,1,1,0,0,11
1,2166,1,1,0,0,11
1,2180,1,1,0,1,11
1,2181,1,1,1,0,11
1,2184,1,1,1,0,11
1,2189,1,1,1,0,11
1,2195,1,1,0,0,11
1,2200,1,1,1,0,11
1,2201,1,1,0,0,11
1,2213,1,1,0,0,11
1,2224,1,1,1,0,11
1,2225,1,1,0,1,11
1,2229,1,1,0,0,11
1,2253,1,1,0,0,11
1,2302,1,1,0,0,11
1,2310,1,1,1,0,11
1,2313,1,1,0,1,11
1,2317,1,1,1,0,11
1,2319,1,1,1,0,11
1,2327,1,1,0,0,11
1,2344,1,1,0,0,11
1,2359,1,1,0,0,11
1,2377,1,1,1,0,11
1,2379,1,1,0,0,11
1,2386,1,1,0,0,11
1,2391,1,1,0,1,11
1,2398,1,1,0,0,11
1,2414,1,1,0,0,11
1,2422,1,1,0,1,11
1,2428,1,1,0,0,11
1,2434,1,1,0,0,11
1,2436,1,1,0,1,11
1,2439,1,1,0,0,11
1,2440,1,1,0,0,11
1,2446,1,1,0,0,11
1,2463,1,1,1,0,11
1,2471,1,1,0,0,11
1,2497,1,1,0,0,11
1,6,1,1,0,0,12
1,29,1,1,0,0,12
1,45,1,1,0,0,12
1,61,1,1,0,0,12
1,69,1,1,1,0,12
1,73,1,1,0,1,12
1,100,1,1,0,0,12
1,102,1,1,1,0,12
1,114,1,1,0,1,12
1,133,1,1,0,1,12
1,145,1,1,0,1,12
1,150,1,1,0,0,12
1,166,1,1,0,0,12
1,174,1,1,0,0,12
1,201,1,1,0,0,12
1,206,1,1,1,0,12
1,208,1,1,0,0,12
1,209,1,1,0,0,12
1,210,1,1,0,0,12
1,223,1,1,0,0,12
1,224,1,1,0,0,12
1,239,1,1,1,0,12
1,245,1,1,0,0,12
1,265,1,1,1,0,12
1,268,1,1,0,0,12
1,271,1,1,1,0,12
1,300,1,1,0,0,12
1,319,1,1,0,0,12
1,322,1,1,0,0,12
1,413,1,1,0,0,12
1,422,1,1,0,0,12
1,435,1,1,1,0,12
1,451,1,1,0,0,12
1,473,1,1,0,0,12
1,480,1,1,1,0,12
1,495,1,1,0,1,12
1,502,1,1,0,0,12
1,535,1,1,0,0,12
1,541,1,1,1,0,12
1,544,1,1,0,0,12
1,549,1,1,0,0,12
1,575,1,1,0,0,12
1,584,1,1,0,1,12
1,585,1,1,0,0,12
1,587,1,1,0,1,12
1,591,1,1,0,0,12
1,597,1,1,0,1,12
1,616,1,1,0,0,12
1,617,1,1,0,0,12
1,627,1,1,0,0,12
1,645,1,1,0,0,12
1,681,1,1,0,0,12
1,690,1,1,1,0,12
1,705,1,1,0,0,12
1,729,1,1,0,0,12
1,737,1,1,1,0,12
1,746,1,1,0,0,12
1,765,1,1,0,0,12
1,766,1,1,0,0,12
1,770,1,1,1,0,12
1,794,1,1,0,0,12
1,795,1,1,1,0,12
1,830,1,1,0,0,12
1,842,1,1,0,0,12
1,843,1,1,0,1,12
1,845,1,1,0,0,12
1,846,1,1,0,0,12
1,929,1,1,0,0,12
1,931,1,1,0,0,12
1,947,1,1,1,0,12
1,949,1,1,1,0,12
1,950,1,1,0,0,12
1,968,1,1,0,0,12
1,969,1,1,0,1,12
1,984,1,1,0,0,12
1,1014,1,1,0,1,12
1,1020,1,1,0,0,12
1,1025,1,1,0,1,12
1,1035,1,1,0,0,12
1,1036,1,1,0,0,12
1,1058,1,1,0,1,12
1,1068,1,1,0,0,12
1,1081,1,1,0,0,12
1,1089,1,1,0,0,12
1,1107,1,1,1,0,12
1,1116,1,1,0,0,12
1,1117,1,1,0,0,12
1,1121,1,1,0,0,12
1,1124,1,1,0,0,12
1,1130,1,1,0,0,12
1,1137,1,1,1,0,12
1,1185,1,1,1,0,12
1,1189,1,1,0,0,12
1,1198,1,1,0,0,12
1,1209,1,1,0,0,12
1,1258,1,1,0,0,12
1,1262,1,1,1,0,12
1,1267,1,1,0,0,12
1,1282,1,1,0,1,12
1,1296,1,1,0,0,12
1,1321,1,1,0,0,12
1,1326,1,1,0,0,12
1,1341,1,1,1,0,12
1,1345,1,1,1,0,12
1,1348,1,1,0,1,12
1,1362,1,1,0,0,12
1,1421,1,1,1,0,12
1,1424,1,1,0,0,12
1,1429,1,1,0,0,12
1,1455,1,1,0,1,12
1,1496,1,1,1,0,12
1,1503,1,1,0,0,12
1,1515,1,1,0,1,12
1,1539,1,1,0,1,12
1,1545,1,1,0,1,12
1,1547,1,1,0,1,12
1,1548,1,1,0,0,12
1,1553,1,1,0,0,12
1,1562,1,1,1,0,12
1,1583,1,1,0,0,12
1,1597,1,1,1,0,12
1,1601,1,1,0,1,12
1,1608,1,1,0,0,12
1,1627,1,1,0,0,12
1,1633,1,1,0,0,12
1,1644,1,1,0,0,12
1,1647,1,1,1,0,12
1,1657,1,1,0,1,12
1,1672,1,1,0,0,12
1,1677,1,1,0,0,12
1,1691,1,1,0,0,12
1,1716,1,1,0,0,12
1,1744,1,1,1,0,12
1,1749,1,1,0,1,12
1,1763,1,1,0,0,12
1,1769,1,1,0,0,12
1,1773,1,1,0,0,12
1,1779,1,1,0,1,12
1,1796,1,1,0,0,12
1,1803,1,1,0,0,12
1,1815,1,1,1,0,12
1,1817,1,1,1,0,12
1,1818,1,1,0,1,12
1,1824,1,1,0,0,12
1,1839,1,1,1,0,12
1,1847,1,1,0,0,12
1,1868,1,1,0,0,12
1,1872,1,1,0,1,12
1,1911,1,1,0,1,12
1,1920,1,1,0,0,12
1,1925,1,1,1,0,12
1,1929,1,1,0,0,12
1,1938,1,1,1,0,12
1,1941,1,1,0,0,12
1,1952,1,1,0,0,12
1,1968,1,1,0,0,12
1,1977,1,1,0,0,12
1,1987,1,1,1,0,12
1,1997,1,1,1,0,12
1,2011,1,1,0,0,12
1,2014,1,1,0,0,12
1,2039,1,1,0,0,12
1,2064,1,1,0,1,12
1,2069,1,1,0,1,12
1,2079,1,1,0,0,12
1,2090,1,1,0,0,12
1,2115,1,1,1,0,12
1,2119,1,1,0,0,12
1,2132,1,1,1,0,12
1,2139,1,1,0,0,12
1,2150,1,1,1,0,12
1,2179,1,1,0,0,12
1,2188,1,1,0,1,12
1,2190,1,1,0,0,12
1,2248,1,1,0,0,12
1,2257,1,1,1,0,12
1,2259,1,1,0,1,12
1,2274,1,1,0,0,12
1,2279,1,1,0,1,12
1,2289,1,1,0,1,12
1,2336,1,1,0,0,12
1,2353,1,1,0,0,12
1,2366,1,1,0,1,12
1,2396,1,1,0,0,12
1,2413,1,1,0,0,12
1,2420,1,1,0,1,12
1,2425,1,1,0,0,12
1,2438,1,1,0,0,12
1,2447,1,1,0,0,12
1,2454,1,1,0,0,12
1,2478,1,1,0,0,12
1,2492,1,1,0,0,12
1,2498,1,1,0,1,12
1,12,1,1,0,0,13
1,26,1,1,0,1,13
1,32,1,1,0,0,13
1,77,1,1,0,0,13
1,78,1,1,0,0,13
1,79,1,1,1,0,13
1,94,1,1,0,0,13
1,117,1,1,0,1,13
1,123,1,1,1,0,13
1,127,1,1,1,0,13
1,146,1,1,0,1,13
1,151,1,1,0,0,13
1,152,1,1,0,0,13
1,171,1,1,1,0,13
1,207,1,1,0,0,13
1,240,1,1,0,0,13
1,277,1,1,0,1,13
1,350,1,1,0,0,13
1,351,1,1,0,0,13
1,363,1,1,0,0,13
1,376,1,1,0,1,13
1,378,1,1,1,0,13
1,393,1,1,0,0,13
1,429,1,1,0,1,13
1,449,1,1,0,0,13
1,466,1,1,0,1,13
1,484,1,1,0,0,13
1,518,1,1,0,0,13
1,558,1,1,0,0,13
1,564,1,1,0,0,13
1,567,1,1,0,0,13
1,570,1,1,0,0,13
1,571,1,1,0,1,13
1,583,1,1,0,1,13
1,600,1,1,0,0,13
1,612,1,1,0,0,13
1,618,1,1,0,1,13
1,636,1,1,0,1,13
1,652,1,1,0,1,13
1,688,1,1,0,0,13
1,736,1,1,1,0,13
1,772,1,1,0,0,13
1,812,1,1,0,1,13
1,813,1,1,0,1,13
1,832,1,1,0,1,13
1,834,1,1,0,1,13
1,856,1,1,0,0,13
1,859,1,1,0,1,13
1,866,1,1,0,1,13
1,926,1,1,1,0,13
1,939,1,1,0,0,13
1,1002,1,1,0,0,13
1,1003,1,1,0,0,13
1,1013,1,1,0,1,13
1,1017,1,1,0,1,13
1,1043,1,1,1,0,13
1,1060,1,1,0,0,13
1,1071,1,1,0,0,13
1,1104,1,1,0,0,13
1,1118,1,1,1,0,13
1,1142,1,1,0,0,13
1,1143,1,1,1,0,13
1,1144,1,1,0,0,13
1,1157,1,1,0,0,13
1,1162,1,1,0,1,13
1,1167,1,1,0,0,13
1,1171,1,1,0,1,13
1,1187,1,1,0,1,13
1,1196,1,1,1,0,13
1,1201,1,1,0,0,13
1,1203,1,1,0,0,13
1,1229,1,1,0,1,13
1,1243,1,1,0,0,13
1,1251,1,1,0,1,13
1,1253,1,1,0,0,13
1,1288,1,1,1,0,13
1,1302,1,1,0,0,13
1,1333,1,1,0,0,13
1,1392,1,1,0,0,13
1,1394,1,1,0,0,13
1,1418,1,1,0,0,13
1,1447,1,1,0,1,13
1,1567,1,1,1,0,13
1,1611,1,1,0,1,13
1,1638,1,1,0,1,13
1,1653,1,1,0,0,13
1,1660,1,1,0,1,13
1,1729,1,1,0,0,13
1,1732,1,1,1,0,13
1,1748,1,1,0,0,13
1,1751,1,1,0,1,13
1,1758,1,1,0,1,13
1,1760,1,1,0,0,13
1,1766,1,1,0,0,13
1,1777,1,1,0,0,13
1,1798,1,1,0,0,13
1,1850,1,1,0,0,13
1,1852,1,1,0,0,13
1,1863,1,1,0,0,13
1,1870,1,1,0,1,13
1,1882,1,1,0,0,13
1,1884,1,1,0,1,13
1,1923,1,1,0,0,13
1,1927,1,1,0,0,13
1,1930,1,1,0,0,13
1,1931,1,1,0,1,13
1,1934,1,1,0,0,13
1,1935,1,1,0,0,13
1,1981,1,1,0,0,13
1,2026,1,1,0,1,13
1,2061,1,1,0,1,13
1,2085,1,1,0,0,13
1,2091,1,1,1,0,13
1,2097,1,1,0,0,13
1,2136,1,1,0,0,13
1,2143,1,1,0,0,13
1,2162,1,1,0,1,13
1,2202,1,1,1,0,13
1,2249,1,1,0,0,13
1,2281,1,1,1,0,13
1,2298,1,1,0,0,13
1,2334,1,1,0,0,13
1,2350,1,1,0,0,13
1,2356,1,1,0,1,13
1,2367,1,1,1,0,13
1,2388,1,1,0,1,13
1,2407,1,1,0,0,13
1,2412,1,1,0,0,13
1,2429,1,1,1,0,13
1,2430,1,1,0,0,13
1,2458,1,1,0,0,13
1,2459,1,1,1,0,13
1,2472,1,1,0,0,13
1,2474,1,1,0,0,13
1,2483,1,1,0,0,13
1,11,2,1,2,0,14
1,15,2,1,0,1,14
1,33,2,1,0,0,14
1,36,2,1,0,0,14
1,62,2,1,0,0,14
1,83,2,1,0,0,14
1,120,2,1,0,0,14
1,132,2,1,0,0,14
1,136,2,1,0,0,14
1,140,2,1,1,0,14
1,188,2,1,1,0,14
1,193,2,1,0,0,14
1,227,2,1,0,0,14
1,233,2,1,0,0,14
1,242,2,1,0,1,14
1,261,2,1,2,0,14
1,282,2,1,0,0,14
1,297,2,1,0,0,14
1,314,2,1,0,0,14
1,330,2,1,0,0,14
1,359,2,1,1,0,14
1,386,2,1,0,0,14
1,400,2,1,0,0,14
1,427,2,1,0,1,14
1,434,2,1,0,0,14
1,437,2,1,0,0,14
1,439,2,1,2,0,14
1,443,2,1,0,0,14
1,447,2,1,0,1,14
1,471,2,1,0,0,14
1,472,2,1,0,0,14
1,485,2,1,0,0,14
1,492,2,1,1,0,14
1,533,2,1,0,0,14
1,537,2,1,0,1,14
1,565,2,1,0,0,14
1,581,2,1,2,0,14
1,593,2,1,0,0,14
1,613,2,1,0,0,14
1,631,2,1,1,0,14
1,633,2,1,1,0,14
1,640,2,1,0,0,14
1,646,2,1,0,0,14
1,667,2,1,0,0,14
1,686,2,1,0,0,14
1,689,2,1,0,0,14
1,702,2,1,0,0,14
1,711,2,1,0,0,14
1,712,2,1,0,0,14
1,717,2,1,0,0,14
1,724,2,1,0,1,14
1,732,2,1,0,0,14
1,734,2,1,2,0,14
1,739,2,1,0,1,14
1,742,2,1,0,1,14
1,747,2,1,0,0,14
1,753,2,1,0,1,14
1,775,2,1,0,0,14
1,815,2,1,0,0,14
1,817,2,1,0,0,14
1,818,2,1,0,0,14
1,826,2,1,0,0,14
1,858,2,1,0,0,14
1,878,2,1,1,0,14
1,888,2,1,0,0,14
1,893,2,1,0,0,14
1,896,2,1,0,0,14
1,903,2,1,0,0,14
1,916,2,1,0,0,14
1,933,2,1,2,0,14
1,943,2,1,2,0,14
1,953,2,1,0,0,14
1,954,2,1,0,0,14
1,966,2,1,0,1,14
1,976,2,1,0,1,14
1,982,2,1,0,1,14
1,997,2,1,1,0,14
1,1064,2,1,0,1,14
1,1074,2,1,0,0,14
1,1078,2,1,0,0,14
1,1119,2,1,0,0,14
1,1152,2,1,0,0,14
1,1155,2,1,0,0,14
1,1165,2,1,1,0,14
1,1178,2,1,0,1,14
1,1204,2,1,0,0,14
1,1206,2,1,0,0,14
1,1228,2,1,0,0,14
1,1249,2,1,0,0,14
1,1292,2,1,0,0,14
1,1294,2,1,0,0,14
1,1298,2,1,2,0,14
1,1303,2,1,0,0,14
1,1307,2,1,0,0,14
1,1314,2,1,0,1,14
1,1319,2,1,1,0,14
1,1347,2,1,1,0,14
1,1370,2,1,0,0,14
1,1375,2,1,0,1,14
1,1378,2,1,0,0,14
1,1397,2,1,0,1,14
1,1410,2,1,2,0,14
1,1417,2,1,0,0,14
1,1427,2,1,0,1,14
1,1443,2,1,0,0,14
1,1460,2,1,0,0,14
1,1463,2,1,1,0,14
1,1479,2,1,0,0,14
1,1481,2,1,0,0,14
1,1502,2,1,0,0,14
1,1522,2,1,0,0,14
1,1534,2,1,2,0,14
1,1551,2,1,0,0,14
1,1555,2,1,1,0,14
1,1560,2,1,0,0,14
1,1588,2,1,0,0,14
1,1613,2,1,0,0,14
1,1616,2,1,0,0,14
1,1618,2,1,0,0,14
1,1619,2,1,1,0,14
1,1637,2,1,0,0,14
1,1641,2,1,0,0,14
1,1646,2,1,0,0,14
1,1667,2,1,1,0,14
1,1682,2,1,0,0,14
1,1688,2,1,0,0,14
1,1755,2,1,0,1,14
1,1757,2,1,0,0,14
1,1802,2,1,2,0,14
1,1820,2,1,0,0,14
1,1832,2,1,0,0,14
1,1878,2,1,0,0,14
1,1892,2,1,0,0,14
1,1909,2,1,0,0,14
1,1924,2,1,1,0,14
1,1950,2,1,2,0,14
1,1974,2,1,2,0,14
1,1976,2,1,2,0,14
1,1988,2,1,0,0,14
1,1990,2,1,2,0,14
1,2007,2,1,0,0,14
1,2009,2,1,0,0,14
1,2010,2,1,0,0,14
1,2015,2,1,0,0,14
1,2037,2,1,0,0,14
1,2043,2,1,0,0,14
1,2044,2,1,0,1,14
1,2046,2,1,2,0,14
1,2053,2,1,0,0,14
1,2058,2,1,0,0,14
1,2076,2,1,0,0,14
1,2077,2,1,0,0,14
1,2095,2,1,2,0,14
1,2098,2,1,0,0,14
1,2103,2,1,0,0,14
1,2118,2,1,0,1,14
1,2144,2,1,0,0,14
1,2170,2,1,2,0,14
1,2174,2,1,0,0,14
1,2182,2,1,0,0,14
1,2187,2,1,0,0,14
1,2197,2,1,0,0,14
1,2203,2,1,0,0,14
1,2206,2,1,0,0,14
1,2223,2,1,0,0,14
1,2258,2,1,0,1,14
1,2266,2,1,0,0,14
1,2271,2,1,0,0,14
1,2277,2,1,0,1,14
1,2294,2,1,2,0,14
1,2311,2,1,1,0,14
1,2318,2,1,1,0,14
1,2351,2,1,1,0,14
1,2352,2,1,0,0,14
1,2364,2,1,0,0,14
1,2369,2,1,1,0,14
1,2371,2,1,2,0,14
1,2381,2,1,1,0,14
1,2383,2,1,2,0,14
1,2387,2,1,0,1,14
1,2411,2,1,2,0,14
1,2415,2,1,1,0,14
1,2444,2,1,0,0,14
1,2453,2,1,0,0,14
1,2470,2,1,0,0,14
3,10,3,1,0,0,0
3,18,3,1,0,0,0
3,28,3,1,0,0,0
3,44,3,1,0,0,0
3,52,3,1,0,0,0
3,99,3,1,0,0,0
3,116,3,1,0,0,0
3,134,3,1,0,0,0
3,144,3,1,0,0,0
3,155,3,1,0,0,0
3,158,3,1,0,0,0
3,165,3,1,0,0,0
3,196,3,1,0,0,0
3,204,3,1,0,0,0
3,211,3,1,1,0,0
3,213,3,1,0,0,0
3,214,3,1,0,0,0
3,222,3,1,0,0,0
3,228,3,1,0,0,0
3,259,3,1,0,0,0
3,264,3,1,0,0,0
3,266,3,1,0,0,0
3,274,3,1,0,0,0
3,278,3,1,0,0,0
3,280,3,1,0,0,0
3,284,3,1,0,1,0
3,292,3,1,0,0,0
3,303,3,1,0,0,0
3,323,3,1,0,0,0
3,328,3,1,0,0,0
3,331,3,1,0,0,0
3,335,3,1,0,0,0
3,341,3,1,0,0,0
3,371,3,1,0,0,0
3,392,3,1,0,0,0
3,399,3,1,0,0,0
3,411,3,1,0,0,0
3,419,3,1,0,0,0
3,450,3,1,0,0,0
3,508,3,1,0,0,0
3,527,3,1,0,0,0
3,536,3,1,0,0,0
3,545,3,1,0,0,0
3,546,3,1,0,0,0
3,573,3,1,1,0,0
3,582,3,1,0,0,0
3,598,3,1,0,1,0
3,638,3,1,0,0,0
3,641,3,1,0,0,0
3,663,3,1,0,0,0
3,666,3,1,0,0,0
3,668,3,1,0,0,0
3,683,3,1,0,0,0
3,694,3,1,0,0,0
3,725,3,1,0,0,0
3,750,3,1,0,0,0
3,790,3,1,0,0,0
3,824,3,1,0,0,0
3,831,3,1,0,0,0
3,833,3,1,0,0,0
3,836,3,1,1,0,0
3,870,3,1,0,0,0
3,885,3,1,0,1,0
3,891,3,1,0,0,0
3,897,3,1,0,0,0
3,909,3,1,0,0,0
3,951,3,1,0,0,0
3,956,3,1,0,0,0
3,957,3,1,1,0,0
3,958,3,1,0,0,0
3,963,3,1,0,1,0
3,970,3,1,0,0,0
3,977,3,1,1,0,0
3,1001,3,1,1,0,0
3,1042,3,1,0,0,0
3,1052,3,1,0,0,0
3,1066,3,1,0,0,0
3,1085,3,1,0,0,0
3,1100,3,1,0,0,0
3,1163,3,1,0,1,0
3,1166,3,1,0,0,0
3,1179,3,1,0,0,0
3,1186,3,1,0,0,0
3,1214,3,1,1,0,0
3,1231,3,1,0,0,0
3,1245,3,1,1,0,0
3,1260,3,1,0,0,0
3,1261,3,1,0,0,0
3,1277,3,1,1,0,0
3,1283,3,1,0,0,0
3,1316,3,1,0,0,0
3,1330,3,1,0,1,0
3,1356,3,1,0,0,0
3,1390,3,1,0,0,0
3,1398,3,1,0,0,0
3,1406,3,1,0,0,0
3,1408,3,1,0,0,0
3,1440,3,1,0,0,0
3,1452,3,1,1,0,0
3,1468,3,1,0,0,0
3,1475,3,1,0,0,0
3,1478,3,1,0,0,0
3,1483,3,1,0,0,0
3,1499,3,1,0,0,0
3,1507,3,1,0,1,0
3,1510,3,1,0,0,0
3,1513,3,1,0,0,0
3,1523,3,1,0,0,0
3,1529,3,1,0,0,0
3,1535,3,1,0,0,0
3,1543,3,1,0,0,0
3,1558,3,1,0,0,0
3,1561,3,1,0,1,0
3,1577,3,1,0,0,0
3,1584,3,1,0,0,0
3,1594,3,1,0,0,0
3,1604,3,1,0,0,0
3,1614,3,1,0,0,0
3,1617,3,1,0,0,0
3,1632,3,1,0,0,0
3,1662,3,1,0,0,0
3,1664,3,1,0,0,0
3,1698,3,1,0,0,0
3,1699,3,1,0,0,0
3,1762,3,1,0,0,0
3,1780,3,1,0,0,0
3,1782,3,1,0,0,0
3,1821,3,1,0,1,0
3,1825,3,1,0,0,0
3,1829,3,1,0,0,0
3,1833,3,1,0,0,0
3,1836,3,1,0,0,0
3,1840,3,1,0,0,0
3,1843,3,1,0,0,0
3,1845,3,1,0,0,0
3,1846,3,1,0,0,0
3,1876,3,1,0,0,0
3,1894,3,1,0,0,0
3,1895,3,1,0,0,0
3,1900,3,1,0,0,0
3,1917,3,1,1,0,0
3,1918,3,1,0,0,0
3,1943,3,1,0,0,0
3,1946,3,1,0,0,0
3,1954,3,1,0,0,0
3,1961,3,1,0,0,0
3,1966,3,1,0,1,0
3,1975,3,1,0,0,0
3,1983,3,1,0,0,0
3,2016,3,1,0,0,0
3,2032,3,1,0,0,0
3,2049,3,1,1,0,0
3,2052,3,1,0,0,0
3,2054,3,1,0,0,0
3,2073,3,1,0,0,0
3,2087,3,1,0,0,0
3,2104,3,1,0,0,0
3,2113,3,1,0,1,0
3,2121,3,1,0,0,0
3,2142,3,1,0,0,0
3,2173,3,1,0,0,0
3,2177,3,1,0,0,0
3,2185,3,1,0,0,0
3,2186,3,1,0,1,0
3,2211,3,1,0,0,0
3,2217,3,1,0,0,0
3,2221,3,1,1,0,0
3,2230,3,1,0,0,0
3,2243,3,1,0,0,0
3,2247,3,1,0,0,0
3,2262,3,1,0,0,0
3,2282,3,1,0,0,0
3,2301,3,1,0,0,0
3,2312,3,1,0,0,0
3,2315,3,1,0,0,0
3,2316,3,1,1,0,0
3,2326,3,1,0,0,0
3,2343,3,1,0,0,0
3,2345,3,1,0,0,0
3,2375,3,1,0,0,0
3,2382,3,1,0,0,0
3,2394,3,1,0,0,0
3,2397,3,1,1,0,0
3,2408,3,1,0,0,0
3,2409,3,1,0,0,0
3,2419,3,1,0,0,0
3,2449,3,1,0,0,0
3,2452,3,1,0,0,0
3,2467,3,1,0,0,0
3,2493,3,1,0,0,0
3,16,1,1,0,0,1
3,38,1,1,0,0,1
3,72,1,1,0,0,1
3,76,1,1,0,1,1
3,81,1,1,0,0,1
3,92,1,1,0,0,1
3,118,1,1,1,0,1
3,119,1,1,0,0,1
3,125,1,1,0,0,1
3,130,1,1,1,0,1
3,142,1,1,0,0,1
3,190,1,1,0,0,1
3,192,1,1,0,0,1
3,195,1,1,0,0,1
3,199,1,1,0,0,1
3,200,1,1,0,0,1
3,205,1,1,0,0,1
3,216,1,1,0,0,1
3,218,1,1,0,0,1
3,225,1,1,0,0,1
3,232,1,1,0,0,1
3,342,1,1,0,0,1
3,346,1,1,0,0,1
3,353,1,1,0,0,1
3,373,1,1,0,0,1
3,374,1,1,0,1,1
3,381,1,1,0,0,1
3,410,1,1,0,0,1
3,479,1,1,0,0,1
3,490,1,1,0,0,1
3,498,1,1,0,0,1
3,499,1,1,0,0,1
3,511,1,1,0,0,1
3,512,1,1,0,0,1
3,531,1,1,0,0,1
3,566,1,1,0,0,1
3,594,1,1,0,0,1
3,622,1,1,0,0,1
3,651,1,1,0,0,1
3,657,1,1,0,0,1
3,714,1,1,0,0,1
3,743,1,1,1,0,1
3,754,1,1,0,1,1
3,755,1,1,1,0,1
3,757,1,1,0,0,1
3,773,1,1,0,0,1
3,793,1,1,0,0,1
3,798,1,1,0,0,1
3,810,1,1,0,0,1
3,850,1,1,0,0,1
3,853,1,1,0,0,1
3,864,1,1,0,0,1
3,881,1,1,0,0,1
3,895,1,1,0,0,1
3,915,1,1,0,0,1
3,938,1,1,0,1,1
3,948,1,1,0,0,1
3,960,1,1,0,0,1
3,962,1,1,0,0,1
3,965,1,1,0,0,1
3,990,1,1,0,0,1
3,1038,1,1,1,0,1
3,1049,1,1,0,0,1
3,1099,1,1,0,0,1
3,1105,1,1,0,0,1
3,1114,1,1,0,0,1
3,1132,1,1,0,0,1
3,1135,1,1,0,0,1
3,1149,1,1,0,1,1
3,1158,1,1,0,0,1
3,1184,1,1,1,0,1
3,1237,1,1,0,0,1
3,1309,1,1,0,0,1
3,1310,1,1,0,0,1
3,1336,1,1,0,0,1
3,1344,1,1,0,1,1
3,1368,1,1,0,0,1
3,1371,1,1,0,0,1
3,1372,1,1,0,0,1
3,1386,1,1,0,0,1
3,1413,1,1,0,0,1
3,1430,1,1,0,0,1
3,1435,1,1,0,0,1
3,1438,1,1,0,1,1
3,1456,1,1,0,0,1
3,1464,1,1,1,0,1
3,1525,1,1,0,0,1
3,1532,1,1,1,0,1
3,1557,1,1,0,1,1
3,1559,1,1,0,1,1
3,1568,1,1,0,0,1
3,1576,1,1,0,0,1
3,1603,1,1,0,0,1
3,1612,1,1,0,0,1
3,1631,1,1,0,0,1
3,1668,1,1,0,0,1
3,1673,1,1,0,0,1
3,1679,1,1,0,0,1
3,1689,1,1,0,0,1
3,1707,1,1,0,0,1
3,1711,1,1,0,0,1
3,1713,1,1,0,0,1
3,1730,1,1,1,0,1
3,1736,1,1,0,0,1
3,1738,1,1,1,0,1
3,1739,1,1,0,0,1
3,1746,1,1,0,0,1
3,1768,1,1,0,0,1
3,1794,1,1,0,0,1
3,1801,1,1,0,0,1
3,1813,1,1,0,0,1
3,1819,1,1,0,0,1
3,1834,1,1,0,0,1
3,1838,1,1,0,0,1
3,1873,1,1,0,0,1
3,1904,1,1,0,0,1
3,1919,1,1,0,0,1
3,1932,1,1,0,0,1
3,1948,1,1,0,0,1
3,1951,1,1,0,0,1
3,1955,1,1,0,0,1
3,1960,1,1,0,0,1
3,1982,1,1,0,1,1
3,1985,1,1,0,0,1
3,1989,1,1,0,0,1
3,2008,1,1,0,0,1
3,2055,1,1,1,0,1
3,2102,1,1,0,0,1
3,2106,1,1,0,0,1
3,2149,1,1,0,0,1
3,2152,1,1,0,0,1
3,2207,1,1,0,0,1
3,2210,1,1,0,0,1
3,2212,1,1,0,0,1
3,2226,1,1,0,0,1
3,2228,1,1,0,0,1
3,2233,1,1,0,0,1
3,2235,1,1,0,1,1
3,2240,1,1,0,0,1
3,2242,1,1,1,0,1
3,2252,1,1,0,0,1
3,2288,1,1,1,0,1
3,2322,1,1,0,0,1
3,2330,1,1,0,0,1
3,2358,1,1,0,0,1
3,2376,1,1,0,0,1
3,2423,1,1,0,0,1
3,2442,1,1,0,0,1
3,2448,1,1,0,0,1
3,2455,1,1,0,0,1
3,2466,1,1,0,0,1
3,2469,1,1,0,0,1
3,2480,1,1,0,0,1
3,2496,1,1,0,0,1
3,22,1,1,0,0,2
3,46,1,1,0,0,2
3,98,1,1,1,0,2
3,108,1,1,0,0,2
3,111,1,1,0,0,2
3,113,1,1,0,0,2
3,135,1,1,0,0,2
3,168,1,1,0,0,2
3,179,1,1,0,0,2
3,187,1,1,0,0,2
3,212,1,1,0,0,2
3,235,1,1,0,0,2
3,255,1,1,0,0,2
3,296,1,1,0,0,2
3,310,1,1,0,0,2
3,325,1,1,0,0,2
3,329,1,1,0,0,2
3,345,1,1,0,0,2
3,416,1,1,0,0,2
3,438,1,1,0,0,2
3,556,1,1,0,0,2
3,589,1,1,0,0,2
3,628,1,1,0,0,2
3,654,1,1,0,0,2
3,660,1,1,0,0,2
3,673,1,1,0,0,2
3,676,1,1,0,0,2
3,692,1,1,0,0,2
3,719,1,1,0,0,2
3,727,1,1,0,0,2
3,771,1,1,0,0,2
3,797,1,1,0,0,2
3,804,1,1,0,0,2
3,828,1,1,0,0,2
3,838,1,1,0,0,2
3,841,1,1,0,0,2
3,852,1,1,0,0,2
3,865,1,1,0,1,2
3,917,1,1,0,0,2
3,946,1,1,1,0,2
3,998,1,1,1,0,2
3,1005,1,1,0,0,2
3,1024,1,1,0,0,2
3,1032,1,1,0,0,2
3,1057,1,1,0,0,2
3,1072,1,1,0,1,2
3,1101,1,1,0,1,2
3,1134,1,1,0,0,2
3,1156,1,1,1,0,2
3,1177,1,1,0,0,2
3,1181,1,1,0,0,2
3,1183,1,1,0,0,2
3,1190,1,1,0,0,2
3,1200,1,1,0,0,2
3,1220,1,1,0,0,2
3,1227,1,1,0,0,2
3,1246,1,1,0,0,2
3,1265,1,1,0,0,2
3,1280,1,1,0,0,2
3,1315,1,1,0,0,2
3,1338,1,1,0,0,2
3,1355,1,1,0,0,2
3,1366,1,1,0,0,2
3,1374,1,1,0,0,2
3,1393,1,1,0,0,2
3,1412,1,1,0,0,2
3,1446,1,1,0,0,2
3,1486,1,1,0,0,2
3,1498,1,1,0,0,2
3,1501,1,1,1,0,2
3,1505,1,1,0,0,2
3,1514,1,1,0,0,2
3,1518,1,1,0,0,2
3,1524,1,1,0,0,2
3,1536,1,1,0,0,2
3,1582,1,1,0,0,2
3,1600,1,1,0,0,2
3,1626,1,1,0,0,2
3,1670,1,1,0,0,2
3,1686,1,1,0,0,2
3,1690,1,1,0,0,2
3,1741,1,1,0,0,2
3,1764,1,1,0,0,2
3,1771,1,1,0,0,2
3,1785,1,1,0,0,2
3,1830,1,1,0,0,2
3,1837,1,1,0,0,2
3,1848,1,1,0,0,2
3,1874,1,1,1,0,2
3,1887,1,1,0,0,2
3,1922,1,1,0,0,2
3,1942,1,1,0,0,2
3,1958,1,1,0,1,2
3,1979,1,1,0,1,2
3,2006,1,1,0,0,2
3,2018,1,1,0,0,2
3,2040,1,1,0,0,2
3,2041,1,1,0,0,2
3,2056,1,1,0,0,2
3,2057,1,1,0,0,2
3,2062,1,1,0,1,2
3,2071,1,1,0,0,2
3,2078,1,1,0,0,2
3,2110,1,1,0,0,2
3,2138,1,1,0,1,2
3,2147,1,1,0,0,2
3,2245,1,1,0,0,2
3,2278,1,1,0,0,2
3,2290,1,1,0,0,2
3,2306,1,1,0,0,2
3,2354,1,1,0,0,2
3,2357,1,1,0,0,2
3,2362,1,1,0,0,2
3,2368,1,1,0,1,2
3,2402,1,1,0,0,2
3,2416,1,1,0,0,2
3,2417,1,1,1,0,2
3,2441,1,1,1,0,2
3,2460,1,1,0,0,2
3,2465,1,1,1,0,2
3,2491,1,1,0,0,2
3,53,1,1,0,0,3
3,57,1,1,0,0,3
3,66,1,1,0,0,3
3,67,1,1,0,0,3
3,75,1,1,0,1,3
3,101,1,1,0,0,3
3,103,1,1,0,0,3
3,153,1,1,0,1,3
3,156,1,1,1,0,3
3,178,1,1,0,0,3
3,185,1,1,0,0,3
3,194,1,1,0,0,3
3,219,1,1,0,0,3
3,246,1,1,0,0,3
3,248,1,1,0,0,3
3,275,1,1,0,0,3
3,320,1,1,0,0,3
3,326,1,1,0,1,3
3,332,1,1,0,0,3
3,368,1,1,0,0,3
3,387,1,1,0,0,3
3,405,1,1,0,0,3
3,423,1,1,0,0,3
3,433,1,1,0,0,3
3,452,1,1,0,0,3
3,454,1,1,0,0,3
3,468,1,1,0,0,3
3,474,1,1,0,0,3
3,539,1,1,0,0,3
3,540,1,1,0,0,3
3,547,1,1,0,0,3
3,572,1,1,0,0,3
3,574,1,1,0,0,3
3,595,1,1,0,1,3
3,599,1,1,0,0,3
3,601,1,1,0,0,3
3,624,1,1,0,0,3
3,655,1,1,0,0,3
3,656,1,1,0,0,3
3,671,1,1,0,0,3
3,677,1,1,0,0,3
3,685,1,1,0,0,3
3,691,1,1,0,0,3
3,738,1,1,0,0,3
3,741,1,1,0,0,3
3,752,1,1,0,0,3
3,767,1,1,0,1,3
3,776,1,1,0,0,3
3,779,1,1,1,0,3
3,801,1,1,0,0,3
3,807,1,1,0,0,3
3,839,1,1,0,0,3
3,840,1,1,0,0,3
3,844,1,1,0,1,3
3,854,1,1,0,0,3
3,861,1,1,1,0,3
3,862,1,1,0,0,3
3,872,1,1,0,0,3
3,907,1,1,0,0,3
3,914,1,1,1,0,3
3,930,1,1,0,0,3
3,1007,1,1,0,0,3
3,1011,1,1,1,0,3
3,1045,1,1,0,0,3
3,1053,1,1,0,0,3
3,1077,1,1,0,0,3
3,1147,1,1,0,0,3
3,1151,1,1,0,0,3
3,1169,1,1,0,0,3
3,1192,1,1,0,0,3
3,1213,1,1,0,0,3
3,1226,1,1,0,0,3
3,1230,1,1,0,0,3
3,1272,1,1,0,0,3
3,1289,1,1,1,0,3
3,1295,1,1,0,0,3
3,1300,1,1,0,0,3
3,1305,1,1,1,0,3
3,1311,1,1,0,0,3
3,1313,1,1,0,1,3
3,1349,1,1,0,0,3
3,1350,1,1,0,0,3
3,1358,1,1,0,0,3
3,1359,1,1,0,0,3
3,1361,1,1,0,0,3
3,1403,1,1,0,0,3
3,1426,1,1,0,1,3
3,1476,1,1,0,0,3
3,1497,1,1,0,0,3
3,1506,1,1,0,0,3
3,1527,1,1,0,0,3
3,1581,1,1,0,0,3
3,1589,1,1,0,0,3
3,1649,1,1,0,0,3
3,1650,1,1,1,0,3
3,1659,1,1,0,0,3
3,1663,1,1,0,0,3
3,1719,1,1,0,0,3
3,1724,1,1,0,0,3
3,1725,1,1,0,0,3
3,1733,1,1,0,0,3
3,1791,1,1,0,0,3
3,1806,1,1,0,0,3
3,1827,1,1,0,0,3
3,1844,1,1,0,0,3
3,1862,1,1,0,0,3
3,1877,1,1,0,0,3
3,1880,1,1,0,0,3
3,1896,1,1,0,0,3
3,1928,1,1,0,0,3
3,1933,1,1,0,1,3
3,1945,1,1,0,0,3
3,1957,1,1,0,0,3
3,1970,1,1,0,0,3
3,1971,1,1,0,0,3
3,2025,1,1,0,0,3
3,2063,1,1,0,0,3
3,2070,1,1,0,0,3
3,2074,1,1,0,0,3
3,2094,1,1,0,0,3
3,2116,1,1,0,0,3
3,2159,1,1,0,0,3
3,2175,1,1,0,0,3
3,2192,1,1,0,0,3
3,2193,1,1,0,0,3
3,2205,1,1,0,0,3
3,2214,1,1,0,0,3
3,2220,1,1,0,0,3
3,2237,1,1,1,0,3
3,2239,1,1,0,0,3
3,2246,1,1,0,0,3
3,2255,1,1,1,0,3
3,2265,1,1,0,0,3
3,2275,1,1,0,0,3
3,2276,1,1,0,0,3
3,2284,1,1,0,0,3
3,2287,1,1,0,0,3
3,2295,1,1,0,0,3
3,2299,1,1,0,0,3
3,2323,1,1,0,0,3
3,2337,1,1,0,0,3
3,2370,1,1,0,0,3
3,2390,1,1,0,0,3
3,2403,1,1,0,0,3
3,2427,1,1,0,0,3
3,2487,1,1,0,0,3
3,39,1,1,0,0,4
3,80,1,1,1,0,4
3,129,1,1,0,0,4
3,143,1,1,0,0,4
3,183,1,1,0,0,4
3,184,1,1,0,0,4
3,198,1,1,0,1,4
3,217,1,1,0,0,4
3,226,1,1,0,0,4
3,231,1,1,0,0,4
3,250,1,1,0,0,4
3,289,1,1,0,0,4
3,299,1,1,0,0,4
3,305,1,1,0,1,4
3,317,1,1,0,1,4
3,327,1,1,0,1,4
3,358,1,1,0,0,4
3,365,1,1,1,0,4
3,369,1,1,0,0,4
3,375,1,1,0,0,4
3,385,1,1,0,0,4
3,398,1,1,0,0,4
3,408,1,1,0,0,4
3,412,1,1,0,0,4
3,424,1,1,0,0,4
3,425,1,1,0,0,4
3,432,1,1,0,0,4
3,448,1,1,1,0,4
3,462,1,1,0,0,4
3,481,1,1,0,0,4
3,494,1,1,0,0,4
3,500,1,1,0,0,4
3,510,1,1,0,0,4
3,524,1,1,0,0,4
3,530,1,1,0,0,4
3,542,1,1,0,0,4
3,576,1,1,0,0,4
3,586,1,1,0,0,4
3,606,1,1,0,0,4
3,608,1,1,0,0,4
3,626,1,1,1,0,4
3,634,1,1,0,0,4
3,659,1,1,0,0,4
3,662,1,1,0,0,4
3,665,1,1,0,0,4
3,670,1,1,0,0,4
3,675,1,1,0,0,4
3,678,1,1,0,0,4
3,679,1,1,0,0,4
3,680,1,1,0,0,4
3,698,1,1,1,0,4
3,699,1,1,0,0,4
3,716,1,1,0,0,4
3,721,1,1,0,0,4
3,768,1,1,0,0,4
3,855,1,1,1,0,4
3,869,1,1,0,0,4
3,908,1,1,1,0,4
3,913,1,1,0,0,4
3,923,1,1,0,0,4
3,967,1,1,0,0,4
3,1034,1,1,0,0,4
3,1050,1,1,0,0,4
3,1079,1,1,0,0,4
3,1086,1,1,0,0,4
3,1092,1,1,0,0,4
3,1111,1,1,0,0,4
3,1113,1,1,0,0,4
3,1138,1,1,0,0,4
3,1145,1,1,0,0,4
3,1224,1,1,0,0,4
3,1257,1,1,0,0,4
3,1274,1,1,0,0,4
3,1278,1,1,1,0,4
3,1308,1,1,0,0,4
3,1325,1,1,0,0,4
3,1329,1,1,0,0,4
3,1332,1,1,0,0,4
3,1340,1,1,0,0,4
3,1352,1,1,0,0,4
3,1353,1,1,0,0,4
3,1354,1,1,0,0,4
3,1399,1,1,0,0,4
3,1405,1,1,0,0,4
3,1420,1,1,0,1,4
3,1493,1,1,0,0,4
3,1508,1,1,0,0,4
3,1509,1,1,0,0,4
3,1537,1,1,0,0,4
3,1538,1,1,1,0,4
3,1541,1,1,0,0,4
3,1544,1,1,0,0,4
3,1546,1,1,0,0,4
3,1563,1,1,0,0,4
3,1564,1,1,0,1,4
3,1572,1,1,0,0,4
3,1666,1,1,0,0,4
3,1685,1,1,0,0,4
3,1693,1,1,0,0,4
3,1701,1,1,0,0,4
3,1709,1,1,0,0,4
3,1715,1,1,0,0,4
3,1723,1,1,0,1,4
3,1728,1,1,0,0,4
3,1752,1,1,0,0,4
3,1754,1,1,0,0,4
3,1756,1,1,0,0,4
3,1765,1,1,0,0,4
3,1781,1,1,0,0,4
3,1783,1,1,0,0,4
3,1787,1,1,1,0,4
3,1789,1,1,0,0,4
3,1795,1,1,0,0,4
3,1797,1,1,1,0,4
3,1800,1,1,0,0,4
3,1804,1,1,0,1,4
3,1807,1,1,0,0,4
3,1811,1,1,0,0,4
3,1849,1,1,0,0,4
3,1858,1,1,1,0,4
3,1881,1,1,0,0,4
3,1885,1,1,0,0,4
3,1897,1,1,0,0,4
3,1899,1,1,0,0,4
3,1913,1,1,1,0,4
3,1993,1,1,0,0,4
3,2001,1,1,0,0,4
3,2013,1,1,0,0,4
3,2021,1,1,0,0,4
3,2022,1,1,0,1,4
3,2028,1,1,0,0,4
3,2038,1,1,0,0,4
3,2042,1,1,0,0,4
3,2045,1,1,0,0,4
3,2065,1,1,0,0,4
3,2086,1,1,0,0,4
3,2100,1,1,0,0,4
3,2108,1,1,0,0,4
3,2112,1,1,0,0,4
3,2133,1,1,0,1,4
3,2148,1,1,1,0,4
3,2215,1,1,0,0,4
3,2222,1,1,0,0,4
3,2285,1,1,0,0,4
3,2297,1,1,0,0,4
3,2305,1,1,0,0,4
3,2307,1,1,0,0,4
3,2325,1,1,0,0,4
3,2348,1,1,0,0,4
3,2355,1,1,1,0,4
3,2363,1,1,0,0,4
3,2393,1,1,0,0,4
3,2426,1,1,0,0,4
3,2433,1,1,0,0,4
3,2435,1,1,0,0,4
3,2450,1,1,0,0,4
3,2490,1,1,0,0,4
3,9,1,1,0,0,5
3,13,1,1,0,0,5
3,27,1,1,0,0,5
3,54,1,1,0,0,5
3,65,1,1,0,0,5
3,96,1,1,0,0,5
3,112,1,1,0,0,5
3,122,1,1,0,0,5
3,138,1,1,0,0,5
3,139,1,1,0,0,5
3,154,1,1,0,0,5
3,162,1,1,0,0,5
3,163,1,1,0,0,5
3,173,1,1,0,0,5
3,197,1,1,1,0,5
3,229,1,1,0,1,5
3,260,1,1,0,0,5
3,285,1,1,0,0,5
3,290,1,1,0,0,5
3,293,1,1,0,0,5
3,298,1,1,0,0,5
3,301,1,1,0,0,5
3,308,1,1,0,1,5
3,334,1,1,0,0,5
3,343,1,1,0,0,5
3,361,1,1,0,0,5
3,367,1,1,0,0,5
3,394,1,1,0,0,5
3,395,1,1,1,0,5
3,396,1,1,0,1,5
3,426,1,1,0,0,5
3,457,1,1,0,0,5
3,463,1,1,0,0,5
3,486,1,1,0,0,5
3,491,1,1,0,0,5
3,505,1,1,0,0,5
3,506,1,1,0,0,5
3,520,1,1,0,0,5
3,554,1,1,0,0,5
3,559,1,1,0,0,5
3,563,1,1,0,0,5
3,568,1,1,0,1,5
3,578,1,1,0,0,5
3,580,1,1,0,0,5
3,588,1,1,0,1,5
3,592,1,1,0,0,5
3,674,1,1,0,0,5
3,695,1,1,0,0,5
3,697,1,1,0,0,5
3,708,1,1,0,0,5
3,713,1,1,0,0,5
3,756,1,1,0,0,5
3,761,1,1,0,0,5
3,769,1,1,0,0,5
3,774,1,1,0,0,5
3,778,1,1,0,0,5
3,822,1,1,0,0,5
3,835,1,1,0,0,5
3,847,1,1,0,0,5
3,849,1,1,0,0,5
3,879,1,1,0,0,5
3,882,1,1,0,0,5
3,898,1,1,0,0,5
3,901,1,1,0,0,5
3,905,1,1,0,1,5
3,919,1,1,0,0,5
3,936,1,1,0,0,5
3,945,1,1,0,0,5
3,973,1,1,0,0,5
3,992,1,1,0,0,5
3,995,1,1,0,0,5
3,1030,1,1,0,0,5
3,1044,1,1,0,0,5
3,1062,1,1,0,0,5
3,1088,1,1,0,0,5
3,1095,1,1,0,0,5
3,1125,1,1,1,0,5
3,1131,1,1,0,0,5
3,1153,1,1,1,0,5
3,1180,1,1,0,0,5
3,1194,1,1,0,0,5
3,1202,1,1,0,0,5
3,1208,1,1,0,0,5
3,1218,1,1,0,0,5
3,1221,1,1,1,0,5
3,1223,1,1,0,0,5
3,1234,1,1,0,0,5
3,1248,1,1,0,0,5
3,1286,1,1,0,0,5
3,1287,1,1,0,0,5
3,1334,1,1,0,0,5
3,1335,1,1,0,0,5
3,1346,1,1,0,0,5
3,1373,1,1,0,0,5
3,1384,1,1,0,0,5
3,1388,1,1,0,0,5
3,1411,1,1,0,0,5
3,1414,1,1,0,0,5
3,1433,1,1,0,0,5
3,1451,1,1,0,0,5
3,1457,1,1,0,0,5
3,1470,1,1,0,0,5
3,1474,1,1,0,0,5
3,1517,1,1,0,0,5
3,1520,1,1,0,0,5
3,1566,1,1,0,1,5
3,1574,1,1,0,0,5
3,1585,1,1,0,1,5
3,1607,1,1,0,0,5
3,1615,1,1,0,0,5
3,1630,1,1,0,0,5
3,1645,1,1,0,0,5
3,1687,1,1,0,0,5
3,1697,1,1,0,0,5
3,1700,1,1,0,0,5
3,1722,1,1,0,0,5
3,1726,1,1,0,0,5
3,1734,1,1,0,0,5
3,1767,1,1,0,0,5
3,1776,1,1,0,0,5
3,1788,1,1,0,0,5
3,1805,1,1,0,0,5
3,1808,1,1,0,1,5
3,1831,1,1,0,0,5
3,1860,1,1,0,0,5
3,1866,1,1,0,0,5
3,1869,1,1,0,0,5
3,1908,1,1,0,1,5
3,1940,1,1,0,0,5
3,1944,1,1,0,0,5
3,1984,1,1,0,0,5
3,1986,1,1,0,0,5
3,1992,1,1,0,0,5
3,2048,1,1,0,0,5
3,2081,1,1,0,0,5
3,2084,1,1,0,0,5
3,2105,1,1,0,0,5
3,2122,1,1,0,0,5
3,2123,1,1,0,0,5
3,2124,1,1,0,1,5
3,2137,1,1,0,0,5
3,2165,1,1,1,0,5
3,2168,1,1,0,0,5
3,2196,1,1,0,0,5
3,2218,1,1,0,0,5
3,2219,1,1,0,0,5
3,2227,1,1,0,0,5
3,2231,1,1,0,0,5
3,2238,1,1,0,0,5
3,2241,1,1,0,0,5
3,2251,1,1,0,0,5
3,2260,1,1,0,0,5
3,2263,1,1,0,0,5
3,2264,1,1,0,0,5
3,2273,1,1,0,0,5
3,2304,1,1,0,0,5
3,2309,1,1,1,0,5
3,2321,1,1,0,0,5
3,2324,1,1,0,0,5
3,2331,1,1,0,0,5
3,2332,1,1,0,0,5
3,2339,1,1,0,1,5
3,2349,1,1,0,1,5
3,2378,1,1,0,0,5
3,2400,1,1,1,0,5
3,2405,1,1,0,0,5
3,2410,1,1,0,0,5
3,2486,1,1,0,0,5
3,2494,1,1,0,0,5
3,58,1,1,0,0,6
3,64,1,1,0,0,6
3,68,1,1,0,0,6
3,74,1,1,0,0,6
3,85,1,1,0,0,6
3,87,1,1,0,0,6
3,89,1,1,0,0,6
3,95,1,1,0,0,6
3,97,1,1,0,0,6
3,104,1,1,0,0,6
3,105,1,1,0,0,6
3,109,1,1,0,0,6
3,131,1,1,0,0,6
3,147,1,1,0,0,6
3,161,1,1,0,1,6
3,164,1,1,0,0,6
3,215,1,1,0,0,6
3,220,1,1,0,1,6
3,234,1,1,0,0,6
3,244,1,1,0,0,6
3,247,1,1,0,0,6
3,249,1,1,1,0,6
3,252,1,1,1,0,6
3,253,1,1,0,0,6
3,272,1,1,0,0,6
3,291,1,1,0,0,6
3,295,1,1,0,0,6
3,302,1,1,0,0,6
3,307,1,1,0,0,6
3,316,1,1,0,0,6
3,318,1,1,0,0,6
3,336,1,1,0,0,6
3,360,1,1,0,0,6
3,379,1,1,0,0,6
3,384,1,1,0,0,6
3,390,1,1,0,0,6
3,418,1,1,1,0,6
3,428,1,1,0,0,6
3,430,1,1,0,0,6
3,440,1,1,0,0,6
3,456,1,1,0,0,6
3,465,1,1,1,0,6
3,467,1,1,0,0,6
3,475,1,1,0,0,6
3,497,1,1,0,0,6
3,514,1,1,0,0,6
3,515,1,1,1,0,6
3,516,1,1,0,0,6
3,519,1,1,0,0,6
3,526,1,1,0,0,6
3,529,1,1,0,0,6
3,596,1,1,0,0,6
3,609,1,1,0,0,6
3,629,1,1,0,0,6
3,637,1,1,0,0,6
3,644,1,1,0,0,6
3,696,1,1,0,0,6
3,704,1,1,0,0,6
3,715,1,1,0,0,6
3,730,1,1,0,0,6
3,733,1,1,0,0,6
3,749,1,1,0,0,6
3,759,1,1,1,0,6
3,777,1,1,0,0,6
3,781,1,1,0,0,6
3,787,1,1,0,0,6
3,799,1,1,0,0,6
3,800,1,1,0,1,6
3,803,1,1,0,0,6
3,806,1,1,0,0,6
3,816,1,1,0,0,6
3,829,1,1,0,0,6
3,851,1,1,0,0,6
3,860,1,1,0,1,6
3,863,1,1,0,0,6
3,868,1,1,0,0,6
3,871,1,1,0,0,6
3,883,1,1,0,0,6
3,887,1,1,0,0,6
3,889,1,1,0,0,6
3,899,1,1,1,0,6
3,906,1,1,0,0,6
3,918,1,1,0,0,6
3,920,1,1,0,0,6
3,921,1,1,0,0,6
3,955,1,1,0,0,6
3,961,1,1,0,0,6
3,991,1,1,0,0,6
3,993,1,1,0,0,6
3,996,1,1,0,0,6
3,1019,1,1,0,0,6
3,1029,1,1,0,0,6
3,1031,1,1,0,0,6
3,1054,1,1,0,0,6
3,1055,1,1,0,0,6
3,1059,1,1,0,0,6
3,1065,1,1,0,0,6
3,1069,1,1,0,0,6
3,1084,1,1,0,0,6
3,1090,1,1,0,0,6
3,1102,1,1,0,0,6
3,1103,1,1,0,0,6
3,1112,1,1,0,0,6
3,1120,1,1,0,0,6
3,1140,1,1,0,0,6
3,1148,1,1,0,0,6
3,1154,1,1,0,1,6
3,1161,1,1,0,0,6
3,1175,1,1,0,0,6
3,1182,1,1,0,0,6
3,1188,1,1,0,0,6
3,1191,1,1,0,0,6
3,1193,1,1,0,0,6
3,1207,1,1,0,0,6
3,1222,1,1,0,0,6
3,1239,1,1,0,0,6
3,1240,1,1,0,0,6
3,1273,1,1,0,0,6
3,1275,1,1,0,1,6
3,1281,1,1,0,0,6
3,1304,1,1,0,0,6
3,1322,1,1,0,0,6
3,1324,1,1,0,1,6
3,1377,1,1,0,0,6
3,1379,1,1,1,0,6
3,1401,1,1,0,0,6
3,1416,1,1,0,0,6
3,1437,1,1,0,0,6
3,1458,1,1,0,0,6
3,1459,1,1,0,0,6
3,1482,1,1,0,0,6
3,1484,1,1,0,0,6
3,1488,1,1,0,0,6
3,1490,1,1,0,0,6
3,1521,1,1,0,0,6
3,1530,1,1,0,1,6
3,1575,1,1,0,0,6
3,1595,1,1,0,0,6
3,1598,1,1,0,0,6
3,1623,1,1,0,1,6
3,1635,1,1,0,0,6
3,1642,1,1,0,1,6
3,1658,1,1,0,0,6
3,1681,1,1,0,0,6
3,1702,1,1,0,0,6
3,1708,1,1,0,0,6
3,1710,1,1,0,0,6
3,1735,1,1,0,1,6
3,1742,1,1,0,0,6
3,1761,1,1,0,0,6
3,1774,1,1,0,0,6
3,1814,1,1,0,0,6
3,1864,1,1,0,0,6
3,1875,1,1,0,0,6
3,1879,1,1,0,0,6
3,1889,1,1,0,0,6
3,1898,1,1,0,0,6
3,1936,1,1,0,0,6
3,1956,1,1,0,0,6
3,1965,1,1,0,1,6
3,1980,1,1,0,0,6
3,2012,1,1,0,0,6
3,2017,1,1,0,0,6
3,2020,1,1,0,0,6
3,2029,1,1,0,0,6
3,2031,1,1,0,0,6
3,2059,1,1,0,0,6
3,2075,1,1,0,0,6
3,2082,1,1,0,0,6
3,2092,1,1,0,0,6
3,2107,1,1,0,0,6
3,2114,1,1,0,0,6
3,2117,1,1,0,0,6
3,2120,1,1,0,0,6
3,2130,1,1,0,0,6
3,2155,1,1,0,0,6
3,2157,1,1,0,0,6
3,2172,1,1,0,0,6
3,2183,1,1,0,1,6
3,2191,1,1,0,0,6
3,2199,1,1,0,0,6
3,2204,1,1,0,0,6
3,2216,1,1,0,0,6
3,2269,1,1,1,0,6
3,2272,1,1,0,0,6
3,2286,1,1,0,0,6
3,2300,1,1,0,0,6
3,2333,1,1,0,0,6
3,2335,1,1,0,0,6
3,2380,1,1,0,0,6
3,2385,1,1,0,0,6
3,2399,1,1,0,0,6
3,2418,1,1,0,1,6
3,2421,1,1,0,0,6
3,2475,1,1,0,0,6
3,2477,1,1,0,1,6
3,2495,1,1,0,1,6
3,2499,1,1,1,0,6
3,17,1,1,0,0,7
3,25,1,1,0,0,7
3,47,1,1,1,0,7
3,110,1,1,0,0,7
3,121,1,1,0,0,7
3,126,1,1,1,0,7
3,141,1,1,0,0,7
3,148,1,1,0,0,7
3,159,1,1,0,0,7
3,170,1,1,0,0,7
3,172,1,1,0,1,7
3,186,1,1,0,0,7
3,238,1,1,0,0,7
3,251,1,1,0,0,7
3,270,1,1,0,0,7
3,287,1,1,0,0,7
3,324,1,1,0,0,7
3,348,1,1,0,0,7
3,356,1,1,0,0,7
3,370,1,1,0,0,7
3,377,1,1,0,0,7
3,383,1,1,0,0,7
3,389,1,1,0,0,7
3,391,1,1,0,0,7
3,401,1,1,0,0,7
3,476,1,1,0,0,7
3,483,1,1,0,0,7
3,487,1,1,0,0,7
3,504,1,1,0,0,7
3,513,1,1,0,0,7
3,521,1,1,0,0,7
3,522,1,1,0,0,7
3,534,1,1,0,0,7
3,552,1,1,0,0,7
3,562,1,1,0,0,7
3,603,1,1,0,0,7
3,604,1,1,0,0,7
3,621,1,1,0,0,7
3,625,1,1,1,0,7
3,684,1,1,0,0,7
3,722,1,1,0,0,7
3,745,1,1,0,0,7
3,758,1,1,0,0,7
3,780,1,1,1,0,7
3,783,1,1,0,0,7
3,811,1,1,0,0,7
3,820,1,1,0,0,7
3,876,1,1,1,0,7
3,894,1,1,0,0,7
3,900,1,1,0,0,7
3,912,1,1,1,0,7
3,934,1,1,0,0,7
3,937,1,1,0,0,7
3,941,1,1,0,0,7
3,942,1,1,0,1,7
3,964,1,1,0,0,7
3,975,1,1,0,0,7
3,1009,1,1,0,0,7
3,1040,1,1,0,0,7
3,1076,1,1,0,0,7
3,1082,1,1,0,0,7
3,1096,1,1,0,0,7
3,1109,1,1,0,0,7
3,1128,1,1,0,0,7
3,1129,1,1,0,0,7
3,1146,1,1,0,0,7
3,1170,1,1,0,0,7
3,1176,1,1,0,0,7
3,1195,1,1,0,0,7
3,1219,1,1,0,0,7
3,1264,1,1,1,0,7
3,1279,1,1,0,0,7
3,1297,1,1,0,0,7
3,1301,1,1,0,0,7
3,1381,1,1,0,0,7
3,1415,1,1,0,0,7
3,1445,1,1,0,0,7
3,1519,1,1,0,0,7
3,1526,1,1,0,0,7
3,1533,1,1,0,0,7
3,1540,1,1,0,0,7
3,1554,1,1,0,0,7
3,1556,1,1,0,0,7
3,1578,1,1,1,0,7
3,1579,1,1,0,0,7
3,1596,1,1,0,0,7
3,1599,1,1,0,0,7
3,1678,1,1,0,0,7
3,1692,1,1,0,0,7
3,1694,1,1,0,0,7
3,1718,1,1,0,0,7
3,1778,1,1,0,0,7
3,1784,1,1,0,0,7
3,1792,1,1,0,0,7
3,1793,1,1,1,0,7
3,1841,1,1,0,0,7
3,1851,1,1,1,0,7
3,1972,1,1,0,0,7
3,1978,1,1,0,0,7
3,2000,1,1,0,0,7
3,2003,1,1,0,0,7
3,2033,1,1,0,1,7
3,2034,1,1,0,0,7
3,2083,1,1,0,1,7
3,2128,1,1,0,0,7
3,2160,1,1,0,0,7
3,2163,1,1,0,0,7
3,2209,1,1,0,0,7
3,2232,1,1,0,0,7
3,2234,1,1,0,0,7
3,2236,1,1,0,0,7
3,2254,1,1,0,0,7
3,2267,1,1,0,0,7
3,2320,1,1,0,0,7
3,2340,1,1,0,0,7
3,2346,1,1,0,0,7
3,2361,1,1,0,0,7
3,2365,1,1,0,0,7
3,2372,1,1,0,1,7
3,2373,1,1,0,0,7
3,2432,1,1,0,0,7
3,2461,1,1,0,0,7
3,2464,1,1,0,0,7
3,2479,1,1,0,0,7
3,2482,1,1,0,0,7
3,2484,1,1,0,0,7
3,3,1,1,0,0,8
3,40,1,1,0,0,8
3,41,1,1,0,0,8
3,49,1,1,0,0,8
3,70,1,1,0,0,8
3,82,1,1,0,0,8
3,84,1,1,0,0,8
3,90,1,1,0,0,8
3,115,1,1,0,0,8
3,128,1,1,0,0,8
3,137,1,1,0,0,8
3,202,1,1,0,0,8
3,230,1,1,0,0,8
3,243,1,1,1,0,8
3,256,1,1,0,0,8
3,263,1,1,0,0,8
3,267,1,1,0,0,8
3,304,1,1,0,0,8
3,321,1,1,0,0,8
3,337,1,1,1,0,8
3,349,1,1,0,1,8
3,362,1,1,0,0,8
3,380,1,1,0,0,8
3,406,1,1,0,0,8
3,441,1,1,0,0,8
3,445,1,1,0,0,8
3,460,1,1,0,0,8
3,493,1,1,0,0,8
3,496,1,1,1,0,8
3,501,1,1,0,0,8
3,543,1,1,0,0,8
3,548,1,1,0,1,8
3,557,1,1,0,0,8
3,590,1,1,0,0,8
3,605,1,1,0,0,8
3,639,1,1,0,0,8
3,653,1,1,0,0,8
3,661,1,1,0,0,8
3,701,1,1,0,0,8
3,706,1,1,1,0,8
3,707,1,1,0,0,8
3,726,1,1,0,0,8
3,728,1,1,0,0,8
3,740,1,1,0,0,8
3,764,1,1,0,0,8
3,788,1,1,0,0,8
3,808,1,1,0,0,8
3,823,1,1,0,1,8
3,827,1,1,0,0,8
3,877,1,1,0,0,8
3,880,1,1,0,0,8
3,892,1,1,0,0,8
3,981,1,1,0,0,8
3,987,1,1,0,0,8
3,994,1,1,0,0,8
3,1018,1,1,0,0,8
3,1023,1,1,0,0,8
3,1046,1,1,0,0,8
3,1047,1,1,0,0,8
3,1073,1,1,0,0,8
3,1106,1,1,0,0,8
3,1136,1,1,0,0,8
3,1168,1,1,0,0,8
3,1197,1,1,0,0,8
3,1199,1,1,0,0,8
3,1205,1,1,0,0,8
3,1242,1,1,0,0,8
3,1252,1,1,0,0,8
3,1268,1,1,0,0,8
3,1269,1,1,0,0,8
3,1276,1,1,0,0,8
3,1284,1,1,0,0,8
3,1291,1,1,0,0,8
3,1323,1,1,1,0,8
3,1328,1,1,0,0,8
3,1331,1,1,0,0,8
3,1360,1,1,0,0,8
3,1363,1,1,0,0,8
3,1367,1,1,0,0,8
3,1395,1,1,0,0,8
3,1419,1,1,0,0,8
3,1454,1,1,0,1,8
3,1462,1,1,0,0,8
3,1466,1,1,0,0,8
3,1472,1,1,0,0,8
3,1512,1,1,0,0,8
3,1531,1,1,0,1,8
3,1549,1,1,0,0,8
3,1552,1,1,0,0,8
3,1571,1,1,0,0,8
3,1625,1,1,0,0,8
3,1636,1,1,0,0,8
3,1665,1,1,0,0,8
3,1675,1,1,0,0,8
3,1705,1,1,0,0,8
3,1706,1,1,0,0,8
3,1717,1,1,0,0,8
3,1720,1,1,1,0,8
3,1737,1,1,0,0,8
3,1740,1,1,0,0,8
3,1790,1,1,0,0,8
3,1799,1,1,0,0,8
3,1822,1,1,0,0,8
3,1842,1,1,1,0,8
3,1856,1,1,0,0,8
3,1861,1,1,0,0,8
3,1902,1,1,0,0,8
3,1926,1,1,0,1,8
3,1937,1,1,0,0,8
3,1959,1,1,0,0,8
3,2002,1,1,0,0,8
3,2004,1,1,0,0,8
3,2050,1,1,0,0,8
3,2051,1,1,0,0,8
3,2060,1,1,0,0,8
3,2127,1,1,1,0,8
3,2129,1,1,0,0,8
3,2145,1,1,0,0,8
3,2167,1,1,0,1,8
3,2171,1,1,0,0,8
3,2261,1,1,0,0,8
3,2291,1,1,1,0,8
3,2308,1,1,0,0,8
3,2338,1,1,0,0,8
3,2401,1,1,0,0,8
3,2404,1,1,0,0,8
3,2431,1,1,1,0,8
3,2481,1,1,1,0,8
3,2489,1,1,0,0,8
3,1,1,1,0,0,9
3,2,1,1,0,0,9
3,4,1,1,0,0,9
3,14,1,1,0,1,9
3,24,1,1,0,0,9
3,30,1,1,0,0,9
3,31,1,1,0,0,9
3,35,1,1,0,0,9
3,37,1,1,0,0,9
3,42,1,1,0,0,9
3,51,1,1,0,0,9
3,56,1,1,1,0,9
3,59,1,1,1,0,9
3,91,1,1,0,0,9
3,93,1,1,0,0,9
3,124,1,1,1,0,9
3,149,1,1,1,0,9
3,169,1,1,0,1,9
3,175,1,1,1,0,9
3,176,1,1,0,0,9
3,177,1,1,0,0,9
3,189,1,1,0,0,9
3,203,1,1,0,0,9
3,257,1,1,0,0,9
3,309,1,1,0,1,9
3,311,1,1,0,0,9
3,340,1,1,0,0,9
3,354,1,1,0,1,9
3,355,1,1,0,0,9
3,357,1,1,0,0,9
3,402,1,1,0,0,9
3,403,1,1,0,0,9
3,415,1,1,0,0,9
3,420,1,1,0,0,9
3,442,1,1,0,0,9
3,446,1,1,0,0,9
3,458,1,1,0,0,9
3,461,1,1,0,0,9
3,489,1,1,0,0,9
3,503,1,1,0,0,9
3,528,1,1,0,0,9
3,532,1,1,0,0,9
3,551,1,1,0,0,9
3,555,1,1,0,0,9
3,607,1,1,0,1,9
3,610,1,1,0,0,9
3,611,1,1,0,1,9
3,614,1,1,0,0,9
3,615,1,1,0,0,9
3,623,1,1,0,0,9
3,664,1,1,0,0,9
3,669,1,1,0,0,9
3,687,1,1,0,0,9
3,693,1,1,0,0,9
3,710,1,1,0,0,9
3,718,1,1,0,0,9
3,731,1,1,0,0,9
3,735,1,1,1,0,9
3,748,1,1,0,0,9
3,763,1,1,0,0,9
3,786,1,1,0,0,9
3,791,1,1,0,0,9
3,792,1,1,0,0,9
3,805,1,1,0,0,9
3,819,1,1,0,0,9
3,821,1,1,0,0,9
3,857,1,1,0,0,9
3,890,1,1,0,0,9
3,910,1,1,0,0,9
3,932,1,1,0,0,9
3,935,1,1,0,0,9
3,940,1,1,0,0,9
3,959,1,1,1,0,9
3,971,1,1,0,0,9
3,983,1,1,1,0,9
3,986,1,1,0,0,9
3,988,1,1,0,0,9
3,989,1,1,0,0,9
3,1000,1,1,0,0,9
3,1004,1,1,0,0,9
3,1006,1,1,0,0,9
3,1021,1,1,0,0,9
3,1028,1,1,0,0,9
3,1037,1,1,0,1,9
3,1056,1,1,0,0,9
3,1061,1,1,0,0,9
3,1067,1,1,0,1,9
3,1075,1,1,0,0,9
3,1080,1,1,0,0,9
3,1087,1,1,0,0,9
3,1091,1,1,0,0,9
3,1098,1,1,0,0,9
3,1108,1,1,0,0,9
3,1110,1,1,0,0,9
3,1123,1,1,0,0,9
3,1139,1,1,0,0,9
3,1141,1,1,0,0,9
3,1164,1,1,0,0,9
3,1210,1,1,0,0,9
3,1232,1,1,0,1,9
3,1235,1,1,0,0,9
3,1238,1,1,0,0,9
3,1254,1,1,0,0,9
3,1299,1,1,1,0,9
3,1306,1,1,0,0,9
3,1342,1,1,0,0,9
3,1365,1,1,0,0,9
3,1369,1,1,0,0,9
3,1380,1,1,0,0,9
3,1400,1,1,1,0,9
3,1402,1,1,0,0,9
3,1422,1,1,0,0,9
3,1439,1,1,0,0,9
3,1444,1,1,0,0,9
3,1450,1,1,0,0,9
3,1461,1,1,0,0,9
3,1467,1,1,0,0,9
3,1469,1,1,0,0,9
3,1477,1,1,0,0,9
3,1480,1,1,0,0,9
3,1489,1,1,0,0,9
3,1495,1,1,0,0,9
3,1500,1,1,1,0,9
3,1528,1,1,0,0,9
3,1586,1,1,0,0,9
3,1590,1,1,0,0,9
3,1592,1,1,0,0,9
3,1605,1,1,0,0,9
3,1621,1,1,0,0,9
3,1622,1,1,0,0,9
3,1624,1,1,0,0,9
3,1639,1,1,0,0,9
3,1640,1,1,0,0,9
3,1651,1,1,0,0,9
3,1655,1,1,0,0,9
3,1684,1,1,0,0,9
3,1727,1,1,0,0,9
3,1775,1,1,0,0,9
3,1810,1,1,0,0,9
3,1812,1,1,0,0,9
3,1816,1,1,1,0,9
3,1828,1,1,0,0,9
3,1835,1,1,0,0,9
3,1853,1,1,0,0,9
3,1855,1,1,1,0,9
3,1857,1,1,0,0,9
3,1859,1,1,0,0,9
3,1890,1,1,0,0,9
3,1893,1,1,0,0,9
3,1907,1,1,0,0,9
3,1915,1,1,0,0,9
3,1964,1,1,0,0,9
3,1967,1,1,0,0,9
3,1996,1,1,0,0,9
3,1999,1,1,0,0,9
3,2005,1,1,0,0,9
3,2023,1,1,0,0,9
3,2067,1,1,0,0,9
3,2068,1,1,0,0,9
3,2072,1,1,0,0,9
3,2088,1,1,0,1,9
3,2093,1,1,0,0,9
3,2099,1,1,0,1,9
3,2125,1,1,0,1,9
3,2146,1,1,0,0,9
3,2151,1,1,0,1,9
3,2156,1,1,0,0,9
3,2164,1,1,0,0,9
3,2176,1,1,0,0,9
3,2178,1,1,1,0,9
3,2244,1,1,0,1,9
3,2256,1,1,0,0,9
3,2268,1,1,0,1,9
3,2280,1,1,0,0,9
3,2283,1,1,0,0,9
3,2293,1,1,0,0,9
3,2296,1,1,0,0,9
3,2303,1,1,1,0,9
3,2328,1,1,0,0,9
3,2329,1,1,0,0,9
3,2342,1,1,0,0,9
3,2360,1,1,1,0,9
3,2389,1,1,0,0,9
3,2392,1,1,0,0,9
3,2406,1,1,0,0,9
3,2424,1,1,0,0,9
3,2437,1,1,0,0,9
3,2443,1,1,0,0,9
3,2451,1,1,0,0,9
3,2456,1,1,0,0,9
3,2462,1,1,1,0,9
3,2473,1,1,0,0,9
3,2476,1,1,0,0,9
3,2488,1,1,0,0,9
3,20,1,1,0,0,10
3,60,1,1,0,0,10
3,157,1,1,0,0,10
3,180,1,1,0,0,10
3,181,1,1,0,0,10
3,237,1,1,0,0,10
3,279,1,1,0,0,10
3,283,1,1,0,0,10
3,286,1,1,0,0,10
3,294,1,1,0,0,10
3,313,1,1,0,0,10
3,338,1,1,0,0,10
3,347,1,1,0,0,10
3,366,1,1,0,1,10
3,382,1,1,0,0,10
3,414,1,1,0,0,10
3,444,1,1,0,0,10
3,453,1,1,0,0,10
3,455,1,1,0,1,10
3,459,1,1,0,0,10
3,469,1,1,0,0,10
3,477,1,1,0,0,10
3,478,1,1,0,0,10
3,482,1,1,0,0,10
3,507,1,1,1,0,10
3,517,1,1,0,0,10
3,523,1,1,0,0,10
3,553,1,1,0,0,10
3,569,1,1,0,0,10
3,602,1,1,0,0,10
3,619,1,1,0,0,10
3,642,1,1,0,0,10
3,648,1,1,0,0,10
3,682,1,1,0,0,10
3,703,1,1,0,0,10
3,720,1,1,0,0,10
3,723,1,1,1,0,10
3,782,1,1,0,0,10
3,796,1,1,0,0,10
3,814,1,1,0,0,10
3,848,1,1,0,0,10
3,867,1,1,0,0,10
3,886,1,1,0,0,10
3,925,1,1,0,0,10
3,927,1,1,0,0,10
3,928,1,1,0,0,10
3,979,1,1,1,0,10
3,980,1,1,0,0,10
3,1010,1,1,0,0,10
3,1015,1,1,0,0,10
3,1022,1,1,0,0,10
3,1039,1,1,1,0,10
3,1048,1,1,0,0,10
3,1063,1,1,0,0,10
3,1070,1,1,0,0,10
3,1115,1,1,0,1,10
3,1122,1,1,0,0,10
3,1150,1,1,0,1,10
3,1159,1,1,0,0,10
3,1160,1,1,0,0,10
3,1173,1,1,0,0,10
3,1174,1,1,0,0,10
3,1211,1,1,0,0,10
3,1217,1,1,0,0,10
3,1225,1,1,0,0,10
3,1241,1,1,0,0,10
3,1312,1,1,0,0,10
3,1317,1,1,0,0,10
3,1320,1,1,0,0,10
3,1327,1,1,0,1,10
3,1337,1,1,0,0,10
3,1357,1,1,0,0,10
3,1376,1,1,0,1,10
3,1383,1,1,0,0,10
3,1385,1,1,0,0,10
3,1396,1,1,0,0,10
3,1423,1,1,0,0,10
3,1431,1,1,0,0,10
3,1432,1,1,0,0,10
3,1434,1,1,0,0,10
3,1448,1,1,0,0,10
3,1449,1,1,0,0,10
3,1465,1,1,0,0,10
3,1473,1,1,0,0,10
3,1485,1,1,0,0,10
3,1487,1,1,0,0,10
3,1491,1,1,0,0,10
3,1504,1,1,0,0,10
3,1511,1,1,0,0,10
3,1570,1,1,0,0,10
3,1587,1,1,0,0,10
3,1591,1,1,0,0,10
3,1648,1,1,0,0,10
3,1654,1,1,0,0,10
3,1680,1,1,0,0,10
3,1714,1,1,0,0,10
3,1770,1,1,0,0,10
3,1786,1,1,0,0,10
3,1865,1,1,0,0,10
3,1871,1,1,0,0,10
3,1886,1,1,0,0,10
3,1888,1,1,0,0,10
3,1901,1,1,0,0,10
3,1903,1,1,0,0,10
3,1905,1,1,0,0,10
3,1949,1,1,0,0,10
3,1953,1,1,0,0,10
3,1994,1,1,0,0,10
3,2089,1,1,0,0,10
3,2109,1,1,0,0,10
3,2134,1,1,0,0,10
3,2140,1,1,0,0,10
3,2141,1,1,0,0,10
3,2169,1,1,0,0,10
3,2194,1,1,1,0,10
3,2198,1,1,0,0,10
3,2208,1,1,0,0,10
3,2250,1,1,0,0,10
3,2270,1,1,1,0,10
3,2292,1,1,0,0,10
3,2314,1,1,0,0,10
3,2341,1,1,0,0,10
3,2347,1,1,0,0,10
3,2374,1,1,0,0,10
3,2384,1,1,0,0,10
3,2395,1,1,0,0,10
3,2445,1,1,0,0,10
3,2457,1,1,0,0,10
3,2468,1,1,0,0,10
3,2485,1,1,0,0,10
3,0,1,1,0,0,11
3,5,1,1,0,0,11
3,7,1,1,0,0,11
3,8,1,1,0,0,11
3,19,1,1,0,0,11
3,21,1,1,0,0,11
3,23,1,1,0,0,11
3,34,1,1,0,1,11
3,43,1,1,0,0,11
3,48,1,1,0,0,11
3,50,1,1,0,0,11
3,55,1,1,0,0,11
3,63,1,1,0,0,11
3,71,1,1,0,0,11
3,86,1,1,0,0,11
3,88,1,1,1,0,11
3,106,1,1,0,0,11
3,107,1,1,0,0,11
3,160,1,1,0,0,11
3,167,1,1,0,0,11
3,182,1,1,0,0,11
3,191,1,1,0,0,11
3,221,1,1,0,0,11
3,236,1,1,0,0,11
3,241,1,1,1,0,11
3,254,1,1,0,0,11
3,258,1,1,0,0,11
3,262,1,1,0,0,11
3,269,1,1,0,0,11
3,273,1,1,0,0,11
3,276,1,1,0,0,11
3,281,1,1,0,0,11
3,288,1,1,0,0,11
3,306,1,1,0,0,11
3,312,1,1,0,0,11
3,315,1,1,0,0,11
3,333,1,1,0,0,11
3,339,1,1,0,0,11
3,344,1,1,0,0,11
3,352,1,1,0,0,11
3,364,1,1,0,0,11
3,372,1,1,1,0,11
3,388,1,1,0,0,11
3,397,1,1,1,0,11
3,404,1,1,0,0,11
3,407,1,1,0,0,11
3,409,1,1,0,0,11
3,417,1,1,0,0,11
3,421,1,1,0,0,11
3,431,1,1,0,0,11
3,436,1,1,0,0,11
3,464,1,1,0,1,11
3,470,1,1,0,0,11
3,488,1,1,0,0,11
3,509,1,1,0,0,11
3,525,1,1,0,0,11
3,538,1,1,0,0,11
3,550,1,1,0,0,11
3,560,1,1,0,0,11
3,561,1,1,0,0,11
3,577,1,1,0,0,11
3,579,1,1,0,0,11
3,620,1,1,0,1,11
3,630,1,1,0,0,11
3,632,1,1,0,0,11
3,635,1,1,0,0,11
3,643,1,1,0,1,11
3,647,1,1,0,0,11
3,649,1,1,0,1,11
3,650,1,1,0,0,11
3,658,1,1,0,0,11
3,672,1,1,0,0,11
3,700,1,1,0,0,11
3,709,1,1,1,0,11
3,744,1,1,1,0,11
3,751,1,1,0,0,11
3,760,1,1,0,0,11
3,762,1,1,0,0,11
3,784,1,1,0,0,11
3,785,1,1,0,0,11
3,789,1,1,1,0,11
3,802,1,1,0,0,11
3,809,1,1,0,0,11
3,825,1,1,0,0,11
3,837,1,1,0,0,11
3,873,1,1,0,0,11
3,874,1,1,0,0,11
3,875,1,1,0,0,11
3,884,1,1,0,0,11
3,902,1,1,0,0,11
3,904,1,1,1,0,11
3,911,1,1,0,0,11
3,922,1,1,1,0,11
3,924,1,1,0,0,11
3,944,1,1,1,0,11
3,952,1,1,0,0,11
3,972,1,1,0,0,11
3,974,1,1,0,0,11
3,978,1,1,0,1,11
3,985,1,1,0,0,11
3,999,1,1,0,0,11
3,1008,1,1,0,0,11
3,1012,1,1,0,0,11
3,1016,1,1,0,0,11
3,1026,1,1,0,0,11
3,1027,1,1,0,0,11
3,1033,1,1,0,0,11
3,1041,1,1,0,0,11
3,1051,1,1,0,0,11
3,1083,1,1,0,1,11
3,1093,1,1,0,0,11
3,1094,1,1,0,1,11
3,1097,1,1,0,0,11
3,1126,1,1,1,0,11
3,1127,1,1,0,0,11
3,1133,1,1,0,0,11
3,1172,1,1,0,0,11
3,1212,1,1,1,0,11
3,1215,1,1,0,0,11
3,1216,1,1,0,0,11
3,1233,1,1,0,0,11
3,1236,1,1,0,1,11
3,1244,1,1,0,0,11
3,1247,1,1,0,0,11
3,1250,1,1,0,0,11
3,1255,1,1,0,0,11
3,1256,1,1,0,0,11
3,1259,1,1,0,0,11
3,1263,1,1,0,0,11
3,1266,1,1,0,1,11
3,1270,1,1,0,0,11
3,1271,1,1,0,1,11
3,1285,1,1,0,0,11
3,1290,1,1,0,0,11
3,1293,1,1,0,0,11
3,1318,1,1,0,0,11
3,1339,1,1,0,0,11
3,1343,1,1,0,0,11
3,1351,1,1,0,0,11
3,1364,1,1,0,0,11
3,1382,1,1,0,1,11
3,1387,1,1,0,0,11
3,1389,1,1,0,0,11
3,1391,1,1,0,0,11
3,1404,1,1,0,0,11
3,1407,1,1,0,0,11
3,1409,1,1,0,0,11
3,1425,1,1,0,0,11
3,1428,1,1,0,1,11
3,1436,1,1,0,0,11
3,1441,1,1,1,0,11
3,1442,1,1,0,0,11
3,1453,1,1,0,0,11
3,1471,1,1,1,0,11
3,1492,1,1,0,1,11
3,1494,1,1,0,0,11
3,1516,1,1,0,0,11
3,1542,1,1,0,0,11
3,1550,1,1,0,0,11
3,1565,1,1,0,0,11
3,1569,1,1,0,1,11
3,1573,1,1,0,0,11
3,1580,1,1,1,0,11
3,1593,1,1,0,0,11
3,1602,1,1,0,0,11
3,1606,1,1,0,0,11
3,1609,1,1,0,0,11
3,1610,1,1,0,0,11
3,1620,1,1,0,0,11
3,1628,1,1,0,0,11
3,1629,1,1,0,0,11
3,1634,1,1,0,0,11
3,1643,1,1,0,0,11
3,1652,1,1,0,0,11
3,1656,1,1,1,0,11
3,1661,1,1,1,0,11
3,1669,1,1,0,0,11
3,1671,1,1,0,0,11
3,1674,1,1,1,0,11
3,1676,1,1,0,0,11
3,1683,1,1,0,0,11
3,1695,1,1,0,0,11
3,1696,1,1,0,0,11
3,1703,1,1,0,0,11
3,1704,1,1,0,0,11
3,1712,1,1,0,0,11
3,1721,1,1,0,0,11
3,1731,1,1,0,1,11
3,1743,1,1,0,0,11
3,1745,1,1,0,0,11
3,1747,1,1,0,0,11
3,1750,1,1,0,0,11
3,1753,1,1,0,0,11
3,1759,1,1,0,0,11
3,1772,1,1,0,0,11
3,1809,1,1,0,0,11
3,1823,1,1,1,0,11
3,1826,1,1,0,0,11
3,1854,1,1,0,0,11
3,1867,1,1,0,0,11
3,1883,1,1,0,0,11
3,1891,1,1,0,0,11
3,1906,1,1,0,0,11
3,1910,1,1,0,0,11
3,1912,1,1,0,0,11
3,1914,1,1,0,0,11
3,1916,1,1,0,0,11
3,1921,1,1,0,0,11
3,1939,1,1,0,0,11
3,1947,1,1,0,0,11
3,1962,1,1,0,0,11
3,1963,1,1,0,0,11
3,1969,1,1,0,0,11
3,1973,1,1,0,0,11
3,1991,1,1,0,0,11
3,1995,1,1,0,1,11
3,1998,1,1,0,0,11
3,2019,1,1,0,0,11
3,2024,1,1,0,1,11
3,2027,1,1,0,0,11
3,2030,1,1,0,0,11
3,2035,1,1,0,0,11
3,2036,1,1,0,0,11
3,2047,1,1,0,0,11
3,2066,1,1,0,1,11
3,2080,1,1,0,0,11
3,2096,1,1,0,0,11
3,2101,1,1,1,0,11
3,2111,1,1,0,0,11
3,2126,1,1,0,0,11
3,2131,1,1,0,1,11
3,2135,1,1,0,0,11
3,2153,1,1,0,0,11
3,2154,1,1,0,0,11
3,2158,1,1,0,0,11
3,2161,1,1,0,0,11
3,2166,1,1,0,0,11
3,2180,1,1,0,0,11
3,2181,1,1,0,0,11
3,2184,1,1,1,0,11
3,2189,1,1,0,0,11
3,2195,1,1,0,0,11
3,2200,1,1,0,0,11
3,2201,1,1,0,0,11
3,2213,1,1,0,0,11
3,2224,1,1,1,0,11
3,2225,1,1,0,0,11
3,2229,1,1,0,0,11
3,2253,1,1,0,0,11
3,2302,1,1,0,0,11
3,2310,1,1,0,0,11
3,2313,1,1,0,0,11
3,2317,1,1,0,0,11
3,2319,1,1,1,0,11
3,2327,1,1,0,0,11
3,2344,1,1,0,0,11
3,2359,1,1,0,0,11
3,2377,1,1,1,0,11
3,2379,1,1,0,0,11
3,2386,1,1,0,0,11
3,2391,1,1,0,0,11
3,2398,1,1,0,0,11
3,2414,1,1,0,0,11
3,2422,1,1,0,0,11
3,2428,1,1,0,0,11
3,2434,1,1,0,0,11
3,2436,1,1,0,0,11
3,2439,1,1,0,0,11
3,2440,1,1,0,0,11
3,2446,1,1,0,0,11
3,2463,1,1,1,0,11
3,2471,1,1,0,0,11
3,2497,1,1,0,0,11
3,6,1,1,0,0,12
3,29,1,1,0,0,12
3,45,1,1,0,0,12
3,61,1,1,0,0,12
3,69,1,1,0,0,12
3,73,1,1,0,0,12
3,100,1,1,0,0,12
3,102,1,1,1,0,12
3,114,1,1,0,1,12
3,133,1,1,0,1,12
3,145,1,1,0,0,12
3,150,1,1,0,0,12
3,166,1,1,0,0,12
3,174,1,1,0,0,12
3,201,1,1,0,0,12
3,206,1,1,0,0,12
3,208,1,1,0,0,12
3,209,1,1,0,0,12
3,210,1,1,0,0,12
3,223,1,1,0,0,12
3,224,1,1,0,0,12
3,239,1,1,1,0,12
3,245,1,1,0,0,12
3,265,1,1,0,0,12
3,268,1,1,0,0,12
3,271,1,1,1,0,12
3,300,1,1,0,0,12
3,319,1,1,0,0,12
3,322,1,1,0,0,12
3,413,1,1,0,0,12
3,422,1,1,0,0,12
3,435,1,1,1,0,12
3,451,1,1,0,0,12
3,473,1,1,0,0,12
3,480,1,1,0,0,12
3,495,1,1,0,0,12
3,502,1,1,0,0,12
3,535,1,1,0,0,12
3,541,1,1,0,0,12
3,544,1,1,0,0,12
3,549,1,1,0,0,12
3,575,1,1,0,0,12
3,584,1,1,0,0,12
3,585,1,1,0,0,12
3,587,1,1,0,0,12
3,591,1,1,0,0,12
3,597,1,1,0,0,12
3,616,1,1,0,0,12
3,617,1,1,0,0,12
3,627,1,1,0,0,12
3,645,1,1,0,0,12
3,681,1,1,0,0,12
3,690,1,1,0,0,12
3,705,1,1,0,0,12
3,729,1,1,0,0,12
3,737,1,1,1,0,12
3,746,1,1,0,0,12
3,765,1,1,0,0,12
3,766,1,1,0,0,12
3,770,1,1,0,0,12
3,794,1,1,0,0,12
3,795,1,1,0,0,12
3,830,1,1,0,0,12
3,842,1,1,0,0,12
3,843,1,1,0,0,12
3,845,1,1,0,0,12
3,846,1,1,0,0,12
3,929,1,1,0,0,12
3,931,1,1,0,0,12
3,947,1,1,1,0,12
3,949,1,1,0,0,12
3,950,1,1,0,0,12
3,968,1,1,0,0,12
3,969,1,1,0,0,12
3,984,1,1,0,0,12
3,1014,1,1,0,0,12
3,1020,1,1,0,0,12
3,1025,1,1,0,0,12
3,1035,1,1,0,0,12
3,1036,1,1,0,0,12
3,1058,1,1,0,0,12
3,1068,1,1,0,0,12
3,1081,1,1,0,0,12
3,1089,1,1,0,0,12
3,1107,1,1,0,0,12
3,1116,1,1,0,0,12
3,1117,1,1,0,0,12
3,1121,1,1,0,0,12
3,1124,1,1,0,0,12
3,1130,1,1,0,0,12
3,1137,1,1,0,0,12
3,1185,1,1,1,0,12
3,1189,1,1,0,0,12
3,1198,1,1,0,0,12
3,1209,1,1,0,0,12
3,1258,1,1,0,0,12
3,1262,1,1,0,0,12
3,1267,1,1,0,0,12
3,1282,1,1,0,1,12
3,1296,1,1,0,0,12
3,1321,1,1,0,0,12
3,1326,1,1,0,0,12
3,1341,1,1,1,0,12
3,1345,1,1,0,0,12
3,1348,1,1,0,1,12
3,1362,1,1,0,0,12
3,1421,1,1,0,0,12
3,1424,1,1,0,0,12
3,1429,1,1,0,0,12
3,1455,1,1,0,0,12
3,1496,1,1,1,0,12
3,1503,1,1,0,0,12
3,1515,1,1,0,0,12
3,1539,1,1,0,1,12
3,1545,1,1,0,0,12
3,1547,1,1,0,0,12
3,1548,1,1,0,0,12
3,1553,1,1,0,0,12
3,1562,1,1,0,0,12
3,1583,1,1,0,0,12
3,1597,1,1,1,0,12
3,1601,1,1,0,1,12
3,1608,1,1,0,0,12
3,1627,1,1,0,0,12
3,1633,1,1,0,0,12
3,1644,1,1,0,0,12
3,1647,1,1,1,0,12
3,1657,1,1,0,1,12
3,1672,1,1,0,0,12
3,1677,1,1,0,0,12
3,1691,1,1,0,0,12
3,1716,1,1,0,0,12
3,1744,1,1,1,0,12
3,1749,1,1,0,1,12
3,1763,1,1,0,0,12
3,1769,1,1,0,0,12
3,1773,1,1,0,0,12
3,1779,1,1,0,0,12
3,1796,1,1,0,0,12
3,1803,1,1,0,0,12
3,1815,1,1,1,0,12
3,1817,1,1,1,0,12
3,1818,1,1,0,0,12
3,1824,1,1,0,0,12
3,1839,1,1,0,0,12
3,1847,1,1,0,0,12
3,1868,1,1,0,0,12
3,1872,1,1,0,1,12
3,1911,1,1,0,0,12
3,1920,1,1,0,0,12
3,1925,1,1,0,0,12
3,1929,1,1,0,0,12
3,1938,1,1,0,0,12
3,1941,1,1,0,0,12
3,1952,1,1,0,0,12
3,1968,1,1,0,0,12
3,1977,1,1,0,0,12
3,1987,1,1,1,0,12
3,1997,1,1,0,0,12
3,2011,1,1,0,0,12
3,2014,1,1,0,0,12
3,2039,1,1,0,0,12
3,2064,1,1,0,0,12
3,2069,1,1,0,1,12
3,2079,1,1,0,0,12
3,2090,1,1,0,0,12
3,2115,1,1,0,0,12
3,2119,1,1,0,0,12
3,2132,1,1,1,0,12
3,2139,1,1,0,0,12
3,2150,1,1,1,0,12
3,2179,1,1,0,0,12
3,2188,1,1,0,0,12
3,2190,1,1,0,0,12
3,2248,1,1,0,0,12
3,2257,1,1,0,0,12
3,2259,1,1,0,0,12
3,2274,1,1,0,0,12
3,2279,1,1,0,0,12
3,2289,1,1,0,1,12
3,2336,1,1,0,0,12
3,2353,1,1,0,0,12
3,2366,1,1,0,1,12
3,2396,1,1,0,0,12
3,2413,1,1,0,0,12
3,2420,1,1,0,0,12
3,2425,1,1,0,0,12
3,2438,1,1,0,0,12
3,2447,1,1,0,0,12
3,2454,1,1,0,0,12
3,2478,1,1,0,0,12
3,2492,1,1,0,0,12
3,2498,1,1,0,0,12
3,12,1,1,0,0,13
3,26,1,1,0,1,13
3,32,1,1,0,0,13
3,77,1,1,0,0,13
3,78,1,1,0,0,13
3,79,1,1,0,0,13
3,94,1,1,0,0,13
3,117,1,1,0,0,13
3,123,1,1,0,0,13
3,127,1,1,0,0,13
3,146,1,1,0,0,13
3,151,1,1,0,0,13
3,152,1,1,0,0,13
3,171,1,1,0,0,13
3,207,1,1,0,0,13
3,240,1,1,0,0,13
3,277,1,1,0,1,13
3,350,1,1,0,0,13
3,351,1,1,0,0,13
3,363,1,1,0,0,13
3,376,1,1,0,1,13
3,378,1,1,0,0,13
3,393,1,1,0,0,13
3,429,1,1,0,0,13
3,449,1,1,0,0,13
3,466,1,1,0,1,13
3,484,1,1,0,0,13
3,518,1,1,0,0,13
3,558,1,1,0,0,13
3,564,1,1,0,0,13
3,567,1,1,0,0,13
3,570,1,1,0,0,13
3,571,1,1,0,0,13
3,583,1,1,0,0,13
3,600,1,1,0,0,13
3,612,1,1,0,0,13
3,618,1,1,0,0,13
3,636,1,1,0,0,13
3,652,1,1,0,0,13
3,688,1,1,0,0,13
3,736,1,1,0,0,13
3,772,1,1,0,0,13
3,812,1,1,0,1,13
3,813,1,1,0,0,13
3,832,1,1,0,1,13
3,834,1,1,0,1,13
3,856,1,1,0,0,13
3,859,1,1,0,1,13
3,866,1,1,0,0,13
3,926,1,1,1,0,13
3,939,1,1,0,0,13
3,1002,1,1,0,0,13
3,1003,1,1,0,0,13
3,1013,1,1,0,1,13
3,1017,1,1,0,0,13
3,1043,1,1,0,0,13
3,1060,1,1,0,0,13
3,1071,1,1,0,0,13
3,1104,1,1,0,0,13
3,1118,1,1,1,0,13
3,1142,1,1,0,0,13
3,1143,1,1,1,0,13
3,1144,1,1,0,0,13
3,1157,1,1,0,0,13
3,1162,1,1,0,0,13
3,1167,1,1,0,0,13
3,1171,1,1,0,1,13
3,1187,1,1,0,0,13
3,1196,1,1,0,0,13
3,1201,1,1,0,0,13
3,1203,1,1,0,0,13
3,1229,1,1,0,1,13
3,1243,1,1,0,0,13
3,1251,1,1,0,1,13
3,1253,1,1,0,0,13
3,1288,1,1,0,0,13
3,1302,1,1,0,0,13
3,1333,1,1,0,0,13
3,1392,1,1,0,0,13
3,1394,1,1,0,0,13
3,1418,1,1,0,0,13
3,1447,1,1,0,1,13
3,1567,1,1,0,0,13
3,1611,1,1,0,0,13
3,1638,1,1,0,0,13
3,1653,1,1,0,0,13
3,1660,1,1,0,0,13
3,1729,1,1,0,0,13
3,1732,1,1,0,0,13
3,1748,1,1,0,0,13
3,1751,1,1,0,1,13
3,1758,1,1,0,0,13
3,1760,1,1,0,0,13
3,1766,1,1,0,0,13
3,1777,1,1,0,0,13
3,1798,1,1,0,0,13
3,1850,1,1,0,0,13
3,1852,1,1,0,0,13
3,1863,1,1,0,0,13
3,1870,1,1,0,0,13
3,1882,1,1,0,0,13
3,1884,1,1,0,0,13
3,1923,1,1,0,0,13
3,1927,1,1,0,0,13
3,1930,1,1,0,0,13
3,1931,1,1,0,0,13
3,1934,1,1,0,0,13
3,1935,1,1,0,0,13
3,1981,1,1,0,0,13
3,2026,1,1,0,0,13
3,2061,1,1,0,1,13
3,2085,1,1,0,0,13
3,2091,1,1,0,0,13
3,2097,1,1,0,0,13
3,2136,1,1,0,0,13
3,2143,1,1,0,0,13
3,2162,1,1,0,1,13
3,2202,1,1,0,0,13
3,2249,1,1,0,0,13
3,2281,1,1,1,0,13
3,2298,1,1,0,0,13
3,2334,1,1,0,0,13
3,2350,1,1,0,0,13
3,2356,1,1,0,0,13
3,2367,1,1,0,0,13
3,2388,1,1,0,1,13
3,2407,1,1,0,0,13
3,2412,1,1,0,0,13
3,2429,1,1,0,0,13
3,2430,1,1,0,0,13
3,2458,1,1,0,0,13
3,2459,1,1,0,0,13
3,2472,1,1,0,0,13
3,2474,1,1,0,0,13
3,2483,1,1,0,0,13
3,11,1,1,1,0,14
3,15,1,1,0,0,14
3,33,1,1,0,0,14
3,36,1,1,0,0,14
3,62,1,1,0,0,14
3,83,1,1,0,0,14
3,120,1,1,0,0,14
3,132,1,1,0,0,14
3,136,1,1,0,0,14
3,140,1,1,0,0,14
3,188,1,1,0,0,14
3,193,1,1,0,0,14
3,227,1,1,0,0,14
3,233,1,1,0,0,14
3,242,1,1,0,1,14
3,261,1,1,1,0,14
3,282,1,1,0,0,14
3,297,1,1,0,0,14
3,314,1,1,0,0,14
3,330,1,1,0,0,14
3,359,1,1,0,0,14
3,386,1,1,0,0,14
3,400,1,1,0,0,14
3,427,1,1,0,0,14
3,434,1,1,0,0,14
3,437,1,1,0,0,14
3,439,1,1,1,0,14
3,443,1,1,0,0,14
3,447,1,1,0,1,14
3,471,1,1,0,0,14
3,472,1,1,0,0,14
3,485,1,1,0,0,14
3,492,1,1,0,0,14
3,533,1,1,0,0,14
3,537,1,1,0,1,14
3,565,1,1,0,0,14
3,581,1,1,1,0,14
3,593,1,1,0,0,14
3,613,1,1,0,0,14
3,631,1,1,0,0,14
3,633,1,1,0,0,14
3,640,1,1,0,0,14
3,646,1,1,0,0,14
3,667,1,1,0,0,14
3,686,1,1,0,0,14
3,689,1,1,0,0,14
3,702,1,1,0,0,14
3,711,1,1,0,0,14
3,712,1,1,0,0,14
3,717,1,1,0,0,14
3,724,1,1,0,0,14
3,732,1,1,0,0,14
3,734,1,1,1,0,14
3,739,1,1,0,0,14
3,742,1,1,0,1,14
3,747,1,1,0,0,14
3,753,1,1,0,0,14
3,775,1,1,0,0,14
3,815,1,1,0,0,14
3,817,1,1,0,0,14
3,818,1,1,0,0,14
3,826,1,1,0,0,14
3,858,1,1,0,0,14
3,878,1,1,0,0,14
3,888,1,1,0,0,14
3,893,1,1,0,0,14
3,896,1,1,0,0,14
3,903,1,1,0,0,14
3,916,1,1,0,0,14
3,933,1,1,1,0,14
3,943,1,1,1,0,14
3,953,1,1,0,0,14
3,954,1,1,0,0,14
3,966,1,1,0,0,14
3,976,1,1,0,0,14
3,982,1,1,0,0,14
3,997,1,1,0,0,14
3,1064,1,1,0,0,14
3,1074,1,1,0,0,14
3,1078,1,1,0,0,14
3,1119,1,1,0,0,14
3,1152,1,1,0,0,14
3,1155,1,1,0,0,14
3,1165,1,1,0,0,14
3,1178,1,1,0,0,14
3,1204,1,1,0,0,14
3,1206,1,1,0,0,14
3,1228,1,1,0,0,14
3,1249,1,1,0,0,14
3,1292,1,1,0,0,14
3,1294,1,1,0,0,14
3,1298,1,1,1,0,14
3,1303,1,1,0,0,14
3,1307,1,1,0,0,14
3,1314,1,1,0,0,14
3,1319,1,1,0,0,14
3,1347,1,1,0,0,14
3,1370,1,1,0,0,14
3,1375,1,1,0,0,14
3,1378,1,1,0,0,14
3,1397,1,1,0,0,14
3,1410,1,1,1,0,14
3,1417,1,1,0,0,14
3,1427,1,1,0,0,14
3,1443,1,1,0,0,14
3,1460,1,1,0,0,14
3,1463,1,1,0,0,14
3,1479,1,1,0,0,14
3,1481,1,1,0,0,14
3,1502,1,1,0,0,14
3,1522,1,1,0,0,14
3,1534,1,1,1,0,14
3,1551,1,1,0,0,14
3,1555,1,1,0,0,14
3,1560,1,1,0,0,14
3,1588,1,1,0,0,14
3,1613,1,1,0,0,14
3,1616,1,1,0,0,14
3,1618,1,1,0,0,14
3,1619,1,1,0,0,14
3,1637,1,1,0,0,14
3,1641,1,1,0,0,14
3,1646,1,1,0,0,14
3,1667,1,1,0,0,14
3,1682,1,1,0,0,14
3,1688,1,1,0,0,14
3,1755,1,1,0,0,14
3,1757,1,1,0,0,14
3,1802,1,1,1,0,14
3,1820,1,1,0,0,14
3,1832,1,1,0,0,14
3,1878,1,1,0,0,14
3,1892,1,1,0,0,14
3,1909,1,1,0,0,14
3,1924,1,1,0,0,14
3,1950,1,1,1,0,14
3,1974,1,1,1,0,14
3,1976,1,1,1,0,14
3,1988,1,1,0,0,14
3,1990,1,1,1,0,14
3,2007,1,1,0,0,14
3,2009,1,1,0,0,14
3,2010,1,1,0,0,14
3,2015,1,1,0,0,14
3,2037,1,1,0,0,14
3,2043,1,1,0,0,14
3,2044,1,1,0,1,14
3,2046,1,1,1,0,14
3,2053,1,1,0,0,14
3,2058,1,1,0,0,14
3,2076,1,1,0,0,14
3,2077,1,1,0,0,14
3,2095,1,1,1,0,14
3,2098,1,1,0,0,14
3,2103,1,1,0,0,14
3,2118,1,1,0,0,14
3,2144,1,1,0,0,14
3,2170,1,1,1,0,14
3,2174,1,1,0,0,14
3,2182,1,1,0,0,14
3,2187,1,1,0,0,14
3,2197,1,1,0,0,14
3,2203,1,1,0,0,14
3,2206,1,1,0,0,14
3,2223,1,1,0,0,14
3,2258,1,1,0,1,14
3,2266,1,1,0,0,14
3,2271,1,1,0,0,14
3,2277,1,1,0,0,14
3,2294,1,1,1,0,14
3,2311,1,1,0,0,14
3,2318,1,1,0,0,14
3,2351,1,1,0,0,14
3,2352,1,1,0,0,14
3,2364,1,1,0,0,14
3,2369,1,1,0,0,14
3,2371,1,1,1,0,14
3,2381,1,1,0,0,14
3,2383,1,1,1,0,14
3,2387,1,1,0,0,14
3,2411,1,1,1,0,14
3,2415,1,1,0,0,14
3,2444,1,1,0,0,14
3,2453,1,1,0,0,14
3,2470,1,1,0,0,14
5,10,3,1,0,0,0
5,18,3,1,0,1,0
5,28,3,1,0,0,0
5,44,3,1,0,1,0
5,52,3,1,0,0,0
5,99,3,1,0,0,0
5,116,3,1,0,0,0
5,134,3,1,0,0,0
5,144,3,1,0,0,0
5,155,3,1,0,0,0
5,158,3,1,1,0,0
5,165,3,1,0,0,0
5,196,3,1,0,0,0
5,204,3,1,0,1,0
5,211,3,1,1,0,0
5,213,3,1,0,0,0
5,214,3,1,0,0,0
5,222,3,1,0,0,0
5,228,3,1,0,0,0
5,259,3,1,0,0,0
5,264,3,1,0,0,0
5,266,3,1,0,0,0
5,274,3,1,0,1,0
5,278,3,1,0,0,0
5,280,3,1,0,0,0
5,284,3,1,0,1,0
5,292,3,1,0,0,0
5,303,3,1,0,0,0
5,323,3,1,0,0,0
5,328,3,1,0,0,0
5,331,3,1,0,0,0
5,335,3,1,0,0,0
5,341,3,1,0,0,0
5,371,3,1,0,0,0
5,392,3,1,0,0,0
5,399,3,1,0,0,0
5,411,3,1,0,0,0
5,419,3,1,0,0,0
5,450,3,1,0,0,0
5,508,3,1,0,0,0
5,527,3,1,0,0,0
5,536,3,1,0,0,0
5,545,3,1,0,0,0
5,546,3,1,0,0,0
5,573,3,1,1,0,0
5,582,3,1,0,0,0
5,598,3,1,0,1,0
5,638,3,1,0,0,0
5,641,3,1,0,0,0
5,663,3,1,0,0,0
5,666,3,1,0,0,0
5,668,3,1,0,0,0
5,683,3,1,0,0,0
5,694,3,1,0,0,0
5,725,3,1,0,0,0
5,750,3,1,0,0,0
5,790,3,1,0,0,0
5,824,3,1,0,0,0
5,831,3,1,0,0,0
5,833,3,1,1,0,0
5,836,3,1,1,0,0
5,870,3,1,0,0,0
5,885,3,1,0,1,0
5,891,3,1,1,0,0
5,897,3,1,0,0,0
5,909,3,1,0,0,0
5,951,3,1,0,0,0
5,956,3,1,0,1,0
5,957,3,1,1,0,0
5,958,3,1,0,0,0
5,963,3,1,0,1,0
5,970,3,1,0,0,0
5,977,3,1,1,0,0
5,1001,3,1,1,0,0
5,1042,3,1,0,0,0
5,1052,3,1,0,0,0
5,1066,3,1,0,0,0
5,1085,3,1,0,0,0
5,1100,3,1,1,0,0
5,1163,3,1,0,1,0
5,1166,3,1,0,0,0
5,1179,3,1,0,0,0
5,1186,3,1,0,0,0
5,1214,3,1,1,0,0
5,1231,3,1,0,0,0
5,1245,3,1,1,0,0
5,1260,3,1,0,1,0
5,1261,3,1,0,0,0
5,1277,3,1,1,0,0
5,1283,3,1,0,0,0
5,1316,3,1,1,0,0
5,1330,3,1,0,1,0
5,1356,3,1,0,0,0
5,1390,3,1,0,0,0
5,1398,3,1,0,0,0
5,1406,3,1,0,0,0
5,1408,3,1,0,0,0
5,1440,3,1,0,0,0
5,1452,3,1,1,0,0
5,1468,3,1,0,1,0
5,1475,3,1,0,0,0
5,1478,3,1,0,1,0
5,1483,3,1,0,0,0
5,1499,3,1,0,0,0
5,1507,3,1,0,1,0
5,1510,3,1,0,1,0
5,1513,3,1,0,1,0
5,1523,3,1,1,0,0
5,1529,3,1,0,0,0
5,1535,3,1,0,0,0
5,1543,3,1,0,0,0
5,1558,3,1,0,1,0
5,1561,3,1,0,1,0
5,1577,3,1,0,0,0
5,1584,3,1,0,0,0
5,1594,3,1,0,0,0
5,1604,3,1,1,0,0
5,1614,3,1,0,0,0
5,1617,3,1,0,0,0
5,1632,3,1,0,0,0
5,1662,3,1,0,0,0
5,1664,3,1,0,0,0
5,1698,3,1,0,0,0
5,1699,3,1,0,0,0
5,1762,3,1,0,0,0
5,1780,3,1,0,0,0
5,1782,3,1,0,0,0
5,1821,3,1,0,1,0
5,1825,3,1,0,0,0
5,1829,3,1,0,0,0
5,1833,3,1,0,0,0
5,1836,3,1,0,0,0
5,1840,3,1,0,1,0
5,1843,3,1,0,1,0
5,1845,3,1,0,0,0
5,1846,3,1,0,0,0
5,1876,3,1,0,0,0
5,1894,3,1,0,0,0
5,1895,3,1,0,0,0
5,1900,3,1,0,0,0
5,1917,3,1,1,0,0
5,1918,3,1,0,0,0
5,1943,3,1,0,0,0
5,1946,3,1,0,0,0
5,1954,3,1,0,0,0
5,1961,3,1,0,0,0
5,1966,3,1,0,1,0
5,1975,3,1,0,0,0
5,1983,3,1,0,0,0
5,2016,3,1,0,1,0
5,2032,3,1,0,0,0
5,2049,3,1,1,0,0
5,2052,3,1,0,0,0
5,2054,3,1,0,0,0
5,2073,3,1,0,0,0
5,2087,3,1,0,0,0
5,2104,3,1,0,0,0
5,2113,3,1,0,1,0
5,2121,3,1,0,0,0
5,2142,3,1,0,0,0
5,2173,3,1,0,0,0
5,2177,3,1,0,0,0
5,2185,3,1,0,0,0
5,2186,3,1,0,1,0
5,2211,3,1,0,1,0
5,2217,3,1,0,0,0
5,2221,3,1,1,0,0
5,2230,3,1,0,0,0
5,2243,3,1,1,0,0
5,2247,3,1,0,0,0
5,2262,3,1,0,0,0
5,2282,3,1,0,0,0
5,2301,3,1,0,0,0
5,2312,3,1,0,0,0
5,2315,3,1,0,0,0
5,2316,3,1,1,0,0
5,2326,3,1,0,0,0
5,2343,3,1,1,0,0
5,2345,3,1,0,0,0
5,2375,3,1,0,0,0
5,2382,3,1,0,0,0
5,2394,3,1,0,0,0
5,2397,3,1,1,0,0
5,2408,3,1,0,0,0
5,2409,3,1,0,0,0
5,2419,3,1,1,0,0
5,2449,3,1,0,0,0
5,2452,3,1,0,0,0
5,2467,3,1,0,0,0
5,2493,3,1,0,0,0
5,16,1,1,0,0,1
5,38,1,1,1,0,1
5,72,1,1,0,0,1
5,76,1,1,0,1,1
5,81,1,1,0,0,1
5,92,1,1,0,0,1
5,118,1,1,1,0,1
5,119,1,1,1,0,1
5,125,1,1,0,0,1
5,130,1,1,1,0,1
5,142,1,1,0,0,1
5,190,1,1,0,0,1
5,192,1,1,0,0,1
5,195,1,1,0,0,1
5,199,1,1,0,0,1
5,200,1,1,0,0,1
5,205,1,1,0,0,1
5,216,1,1,0,1,1
5,218,1,1,0,0,1
5,225,1,1,0,1,1
5,232,1,1,0,0,1
5,342,1,1,0,0,1
5,346,1,1,0,0,1
5,353,1,1,0,0,1
5,373,1,1,0,0,1
5,374,1,1,0,1,1
5,381,1,1,0,0,1
5,410,1,1,0,0,1
5,479,1,1,0,0,1
5,490,1,1,0,0,1
5,498,1,1,0,0,1
5,499,1,1,1,0,1
5,511,1,1,0,0,1
5,512,1,1,0,0,1
5,531,1,1,0,0,1
5,566,1,1,0,0,1
5,594,1,1,0,0,1
5,622,1,1,0,0,1
5,651,1,1,0,0,1
5,657,1,1,0,0,1
5,714,1,1,0,0,1
5,743,1,1,1,0,1
5,754,1,1,0,1,1
5,755,1,1,1,0,1
5,757,1,1,0,0,1
5,773,1,1,0,0,1
5,793,1,1,0,0,1
5,798,1,1,1,0,1
5,810,1,1,0,0,1
5,850,1,1,0,0,1
5,853,1,1,0,0,1
5,864,1,1,0,0,1
5,881,1,1,0,0,1
5,895,1,1,0,0,1
5,915,1,1,0,0,1
5,938,1,1,0,1,1
5,948,1,1,0,0,1
5,960,1,1,0,0,1
5,962,1,1,0,0,1
5,965,1,1,0,0,1
5,990,1,1,0,0,1
5,1038,1,1,1,0,1
5,1049,1,1,0,0,1
5,1099,1,1,0,0,1
5,1105,1,1,1,0,1
5,1114,1,1,0,0,1
5,1132,1,1,0,0,1
5,1135,1,1,0,0,1
5,1149,1,1,0,1,1
5,1158,1,1,0,0,1
5,1184,1,1,1,0,1
5,1237,1,1,0,0,1
5,1309,1,1,0,0,1
5,1310,1,1,0,0,1
5,1336,1,1,0,0,1
5,1344,1,1,0,1,1
5,1368,1,1,0,0,1
5,1371,1,1,0,0,1
5,1372,1,1,0,0,1
5,1386,1,1,0,0,1
5,1413,1,1,0,0,1
5,1430,1,1,1,0,1
5,1435,1,1,0,0,1
5,1438,1,1,0,1,1
5,1456,1,1,0,0,1
5,1464,1,1,1,0,1
5,1525,1,1,0,0,1
5,1532,1,1,1,0,1
5,1557,1,1,0,1,1
5,1559,1,1,0,1,1
5,1568,1,1,0,0,1
5,1576,1,1,0,0,1
5,1603,1,1,0,0,1
5,1612,1,1,0,1,1
5,1631,1,1,0,0,1
5,1668,1,1,0,1,1
5,1673,1,1,1,0,1
5,1679,1,1,0,0,1
5,1689,1,1,0,0,1
5,1707,1,1,0,0,1
5,1711,1,1,0,0,1
5,1713,1,1,0,0,1
5,1730,1,1,1,0,1
5,1736,1,1,1,0,1
5,1738,1,1,1,0,1
5,1739,1,1,0,0,1
5,1746,1,1,0,0,1
5,1768,1,1,0,1,1
5,1794,1,1,0,1,1
5,1801,1,1,0,0,1
5,1813,1,1,0,0,1
5,1819,1,1,0,0,1
5,1834,1,1,0,1,1
5,1838,1,1,0,0,1
5,1873,1,1,0,0,1
5,1904,1,1,0,0,1
5,1919,1,1,0,0,1
5,1932,1,1,1,0,1
5,1948,1,1,0,0,1
5,1951,1,1,0,0,1
5,1955,1,1,0,0,1
5,1960,1,1,0,0,1
5,1982,1,1,0,1,1
5,1985,1,1,0,0,1
5,1989,1,1,0,0,1
5,2008,1,1,0,0,1
5,2055,1,1,1,0,1
5,2102,1,1,0,0,1
5,2106,1,1,0,0,1
5,2149,1,1,0,0,1
5,2152,1,1,0,1,1
5,2207,1,1,0,0,1
5,2210,1,1,0,1,1
5,2212,1,1,0,0,1
5,2226,1,1,0,0,1
5,2228,1,1,0,0,1
5,2233,1,1,0,0,1
5,2235,1,1,0,1,1
5,2240,1,1,0,0,1
5,2242,1,1,1,0,1
5,2252,1,1,0,0,1
5,2288,1,1,1,0,1
5,2322,1,1,0,0,1
5,2330,1,1,0,0,1
5,2358,1,1,0,0,1
5,2376,1,1,0,0,1
5,2423,1,1,0,0,1
5,2442,1,1,0,0,1
5,2448,1,1,0,0,1
5,2455,1,1,0,0,1
5,2466,1,1,0,0,1
5,2469,1,1,0,0,1
5,2480,1,1,0,0,1
5,2496,1,1,0,0,1
5,22,1,1,0,0,2
5,46,1,1,0,0,2
5,98,1,1,1,0,2
5,108,1,1,0,0,2
5,111,1,1,0,0,2
5,113,1,1,1,0,2
5,135,1,1,1,0,2
5,168,1,1,0,0,2
5,179,1,1,0,0,2
5,187,1,1,0,0,2
5,212,1,1,0,0,2
5,235,1,1,0,0,2
5,255,1,1,0,0,2
5,296,1,1,0,0,2
5,310,1,1,0,0,2
5,325,1,1,0,0,2
5,329,1,1,0,0,2
5,345,1,1,1,0,2
5,416,1,1,0,0,2
5,438,1,1,0,0,2
5,556,1,1,0,0,2
5,589,1,1,0,0,2
5,628,1,1,0,0,2
5,654,1,1,0,0,2
5,660,1,1,0,0,2
5,673,1,1,0,0,2
5,676,1,1,0,0,2
5,692,1,1,0,0,2
5,719,1,1,0,0,2
5,727,1,1,0,0,2
5,771,1,1,0,0,2
5,797,1,1,0,0,2
5,804,1,1,0,0,2
5,828,1,1,0,0,2
5,838,1,1,0,0,2
5,841,1,1,0,0,2
5,852,1,1,0,0,2
5,865,1,1,0,1,2
5,917,1,1,0,0,2
5,946,1,1,1,0,2
5,998,1,1,1,0,2
5,1005,1,1,0,0,2
5,1024,1,1,0,0,2
5,1032,1,1,0,0,2
5,1057,1,1,0,0,2
5,1072,1,1,0,1,2
5,1101,1,1,0,1,2
5,1134,1,1,0,0,2
5,1156,1,1,1,0,2
5,1177,1,1,0,0,2
5,1181,1,1,0,0,2
5,1183,1,1,0,0,2
5,1190,1,1,0,0,2
5,1200,1,1,0,0,2
5,1220,1,1,0,0,2
5,1227,1,1,0,0,2
5,1246,1,1,1,0,2
5,1265,1,1,0,0,2
5,1280,1,1,0,0,2
5,1315,1,1,0,0,2
5,1338,1,1,0,0,2
5,1355,1,1,0,0,2
5,1366,1,1,0,0,2
5,1374,1,1,0,0,2
5,1393,1,1,0,0,2
5,1412,1,1,0,0,2
5,1446,1,1,1,0,2
5,1486,1,1,0,0,2
5,1498,1,1,0,0,2
5,1501,1,1,1,0,2
5,1505,1,1,1,0,2
5,1514,1,1,0,0,2
5,1518,1,1,0,0,2
5,1524,1,1,0,1,2
5,1536,1,1,0,0,2
5,1582,1,1,0,0,2
5,1600,1,1,0,1,2
5,1626,1,1,0,1,2
5,1670,1,1,0,0,2
5,1686,1,1,0,0,2
5,1690,1,1,0,0,2
5,1741,1,1,0,0,2
5,1764,1,1,0,0,2
5,1771,1,1,0,1,2
5,1785,1,1,0,0,2
5,1830,1,1,0,0,2
5,1837,1,1,1,0,2
5,1848,1,1,0,1,2
5,1874,1,1,1,0,2
5,1887,1,1,0,0,2
5,1922,1,1,0,0,2
5,1942,1,1,0,1,2
5,1958,1,1,0,1,2
5,1979,1,1,0,1,2
5,2006,1,1,0,0,2
5,2018,1,1,0,0,2
5,2040,1,1,0,0,2
5,2041,1,1,0,0,2
5,2056,1,1,0,0,2
5,2057,1,1,0,0,2
5,2062,1,1,0,1,2
5,2071,1,1,1,0,2
5,2078,1,1,0,0,2
5,2110,1,1,0,0,2
5,2138,1,1,0,1,2
5,2147,1,1,0,0,2
5,2245,1,1,0,0,2
5,2278,1,1,0,0,2
5,2290,1,1,0,0,2
5,2306,1,1,0,0,2
5,2354,1,1,0,1,2
5,2357,1,1,0,0,2
5,2362,1,1,0,0,2
5,2368,1,1,0,1,2
5,2402,1,1,0,0,2
5,2416,1,1,0,0,2
5,2417,1,1,1,0,2
5,2441,1,1,1,0,2
5,2460,1,1,0,0,2
5,2465,1,1,1,0,2
5,2491,1,1,0,1,2
5,53,1,1,0,0,3
5,57,1,1,0,0,3
5,66,1,1,0,0,3
5,67,1,1,0,0,3
5,75,1,1,0,1,3
5,101,1,1,0,0,3
5,103,1,1,0,0,3
5,153,1,1,0,1,3
5,156,1,1,1,0,3
5,178,1,1,0,1,3
5,185,1,1,0,0,3
5,194,1,1,0,0,3
5,219,1,1,0,0,3
5,246,1,1,1,0,3
5,248,1,1,0,0,3
5,275,1,1,0,0,3
5,320,1,1,0,0,3
5,326,1,1,0,1,3
5,332,1,1,0,0,3
5,368,1,1,0,0,3
5,387,1,1,0,0,3
5,405,1,1,0,0,3
5,423,1,1,0,0,3
5,433,1,1,1,0,3
5,452,1,1,0,0,3
5,454,1,1,0,0,3
5,468,1,1,0,0,3
5,474,1,1,0,0,3
5,539,1,1,0,0,3
5,540,1,1,0,0,3
5,547,1,1,0,0,3
5,572,1,1,0,0,3
5,574,1,1,0,0,3
5,595,1,1,0,1,3
5,599,1,1,0,0,3
5,601,1,1,0,0,3
5,624,1,1,0,0,3
5,655,1,1,0,0,3
5,656,1,1,0,0,3
5,671,1,1,0,0,3
5,677,1,1,0,0,3
5,685,1,1,0,0,3
5,691,1,1,0,0,3
5,738,1,1,0,0,3
5,741,1,1,0,1,3
5,752,1,1,0,0,3
5,767,1,1,0,1,3
5,776,1,1,0,0,3
5,779,1,1,1,0,3
5,801,1,1,0,0,3
5,807,1,1,0,0,3
5,839,1,1,0,0,3
5,840,1,1,0,0,3
5,844,1,1,0,1,3
5,854,1,1,0,0,3
5,861,1,1,1,0,3
5,862,1,1,0,1,3
5,872,1,1,0,0,3
5,907,1,1,0,0,3
5,914,1,1,1,0,3
5,930,1,1,0,0,3
5,1007,1,1,0,1,3
5,1011,1,1,1,0,3
5,1045,1,1,0,0,3
5,1053,1,1,0,0,3
5,1077,1,1,0,0,3
5,1147,1,1,0,0,3
5,1151,1,1,0,0,3
5,1169,1,1,0,0,3
5,1192,1,1,0,0,3
5,1213,1,1,0,0,3
5,1226,1,1,1,0,3
5,1230,1,1,0,0,3
5,1272,1,1,0,0,3
5,1289,1,1,1,0,3
5,1295,1,1,0,0,3
5,1300,1,1,0,0,3
5,1305,1,1,1,0,3
5,1311,1,1,0,0,3
5,1313,1,1,0,1,3
5,1349,1,1,0,0,3
5,1350,1,1,0,0,3
5,1358,1,1,0,1,3
5,1359,1,1,0,1,3
5,1361,1,1,0,0,3
5,1403,1,1,0,0,3
5,1426,1,1,0,1,3
5,1476,1,1,0,0,3
5,1497,1,1,0,0,3
5,1506,1,1,1,0,3
5,1527,1,1,0,0,3
5,1581,1,1,0,0,3
5,1589,1,1,0,0,3
5,1649,1,1,0,0,3
5,1650,1,1,1,0,3
5,1659,1,1,0,0,3
5,1663,1,1,0,0,3
5,1719,1,1,0,0,3
5,1724,1,1,0,1,3
5,1725,1,1,0,0,3
5,1733,1,1,0,0,3
5,1791,1,1,0,0,3
5,1806,1,1,0,0,3
5,1827,1,1,0,0,3
5,1844,1,1,0,0,3
5,1862,1,1,0,0,3
5,1877,1,1,1,0,3
5,1880,1,1,0,0,3
5,1896,1,1,0,0,3
5,1928,1,1,0,0,3
5,1933,1,1,0,1,3
5,1945,1,1,1,0,3
5,1957,1,1,0,0,3
5,1970,1,1,0,0,3
5,1971,1,1,1,0,3
5,2025,1,1,0,0,3
5,2063,1,1,0,0,3
5,2070,1,1,0,0,3
5,2074,1,1,0,0,3
5,2094,1,1,0,0,3
5,2116,1,1,0,1,3
5,2159,1,1,0,1,3
5,2175,1,1,0,1,3
5,2192,1,1,0,0,3
5,2193,1,1,0,0,3
5,2205,1,1,0,0,3
5,2214,1,1,0,0,3
5,2220,1,1,0,0,3
5,2237,1,1,1,0,3
5,2239,1,1,0,0,3
5,2246,1,1,1,0,3
5,2255,1,1,1,0,3
5,2265,1,1,0,0,3
5,2275,1,1,0,0,3
5,2276,1,1,0,0,3
5,2284,1,1,1,0,3
5,2287,1,1,0,0,3
5,2295,1,1,0,0,3
5,2299,1,1,0,0,3
5,2323,1,1,0,0,3
5,2337,1,1,0,0,3
5,2370,1,1,0,0,3
5,2390,1,1,0,0,3
5,2403,1,1,0,0,3
5,2427,1,1,0,0,3
5,2487,1,1,0,0,3
5,39,1,1,0,0,4
5,80,1,1,1,0,4
5,129,1,1,0,0,4
5,143,1,1,0,0,4
5,183,1,1,0,0,4
5,184,1,1,0,0,4
5,198,1,1,0,1,4
5,217,1,1,0,0,4
5,226,1,1,0,1,4
5,231,1,1,1,0,4
5,250,1,1,0,0,4
5,289,1,1,0,0,4
5,299,1,1,0,0,4
5,305,1,1,0,1,4
5,317,1,1,0,1,4
5,327,1,1,0,1,4
5,358,1,1,0,0,4
5,365,1,1,1,0,4
5,369,1,1,0,0,4
5,375,1,1,0,0,4
5,385,1,1,0,0,4
5,398,1,1,0,0,4
5,408,1,1,0,0,4
5,412,1,1,0,0,4
5,424,1,1,0,0,4
5,425,1,1,0,1,4
5,432,1,1,0,0,4
5,448,1,1,1,0,4
5,462,1,1,0,0,4
5,481,1,1,0,0,4
5,494,1,1,1,0,4
5,500,1,1,0,0,4
5,510,1,1,1,0,4
5,524,1,1,0,0,4
5,530,1,1,0,0,4
5,542,1,1,0,0,4
5,576,1,1,0,0,4
5,586,1,1,0,0,4
5,606,1,1,0,0,4
5,608,1,1,0,0,4
5,626,1,1,1,0,4
5,634,1,1,1,0,4
5,659,1,1,0,0,4
5,662,1,1,1,0,4
5,665,1,1,0,0,4
5,670,1,1,0,0,4
5,675,1,1,1,0,4
5,678,1,1,0,0,4
5,679,1,1,0,0,4
5,680,1,1,0,0,4
5,698,1,1,1,0,4
5,699,1,1,0,0,4
5,716,1,1,0,0,4
5,721,1,1,0,0,4
5,768,1,1,0,0,4
5,855,1,1,1,0,4
5,869,1,1,0,0,4
5,908,1,1,1,0,4
5,913,1,1,0,0,4
5,923,1,1,1,0,4
5,967,1,1,0,0,4
5,1034,1,1,0,0,4
5,1050,1,1,0,0,4
5,1079,1,1,0,0,4
5,1086,1,1,0,0,4
5,1092,1,1,0,0,4
5,1111,1,1,1,0,4
5,1113,1,1,0,0,4
5,1138,1,1,0,0,4
5,1145,1,1,0,0,4
5,1224,1,1,0,0,4
5,1257,1,1,0,1,4
5,1274,1,1,0,0,4
5,1278,1,1,1,0,4
5,1308,1,1,0,0,4
5,1325,1,1,0,0,4
5,1329,1,1,0,0,4
5,1332,1,1,0,0,4
5,1340,1,1,0,0,4
5,1352,1,1,0,0,4
5,1353,1,1,1,0,4
5,1354,1,1,0,0,4
5,1399,1,1,0,0,4
5,1405,1,1,0,0,4
5,1420,1,1,0,1,4
5,1493,1,1,0,0,4
5,1508,1,1,0,0,4
5,1509,1,1,0,0,4
5,1537,1,1,0,0,4
5,1538,1,1,1,0,4
5,1541,1,1,1,0,4
5,1544,1,1,1,0,4
5,1546,1,1,0,0,4
5,1563,1,1,0,0,4
5,1564,1,1,0,1,4
5,1572,1,1,0,0,4
5,1666,1,1,0,0,4
5,1685,1,1,0,0,4
5,1693,1,1,0,0,4
5,1701,1,1,0,0,4
5,1709,1,1,0,0,4
5,1715,1,1,1,0,4
5,1723,1,1,0,1,4
5,1728,1,1,0,0,4
5,1752,1,1,0,0,4
5,1754,1,1,0,0,4
5,1756,1,1,0,1,4
5,1765,1,1,0,0,4
5,1781,1,1,0,0,4
5,1783,1,1,0,0,4
5,1787,1,1,1,0,4
5,1789,1,1,0,0,4
5,1795,1,1,0,0,4
5,1797,1,1,1,0,4
5,1800,1,1,0,1,4
5,1804,1,1,0,1,4
5,1807,1,1,0,0,4
5,1811,1,1,0,0,4
5,1849,1,1,0,0,4
5,1858,1,1,1,0,4
5,1881,1,1,0,0,4
5,1885,1,1,0,0,4
5,1897,1,1,0,0,4
5,1899,1,1,0,0,4
5,1913,1,1,1,0,4
5,1993,1,1,0,0,4
5,2001,1,1,0,0,4
5,2013,1,1,0,0,4
5,2021,1,1,0,0,4
5,2022,1,1,0,1,4
5,2028,1,1,0,0,4
5,2038,1,1,0,0,4
5,2042,1,1,0,0,4
5,2045,1,1,0,0,4
5,2065,1,1,0,0,4
5,2086,1,1,0,0,4
5,2100,1,1,0,0,4
5,2108,1,1,0,1,4
5,2112,1,1,0,0,4
5,2133,1,1,0,1,4
5,2148,1,1,1,0,4
5,2215,1,1,0,0,4
5,2222,1,1,0,0,4
5,2285,1,1,0,0,4
5,2297,1,1,0,0,4
5,2305,1,1,0,0,4
5,2307,1,1,0,0,4
5,2325,1,1,0,0,4
5,2348,1,1,0,0,4
5,2355,1,1,1,0,4
5,2363,1,1,0,0,4
5,2393,1,1,0,0,4
5,2426,1,1,0,0,4
5,2433,1,1,0,0,4
5,2435,1,1,0,0,4
5,2450,1,1,0,0,4
5,2490,1,1,0,0,4
5,9,1,1,0,0,5
5,13,1,1,0,0,5
5,27,1,1,0,1,5
5,54,1,1,0,0,5
5,65,1,1,0,0,5
5,96,1,1,0,0,5
5,112,1,1,0,0,5
5,122,1,1,0,0,5
5,138,1,1,0,0,5
5,139,1,1,0,0,5
5,154,1,1,0,0,5
5,162,1,1,0,0,5
5,163,1,1,0,0,5
5,173,1,1,0,0,5
5,197,1,1,1,0,5
5,229,1,1,0,1,5
5,260,1,1,0,0,5
5,285,1,1,0,0,5
5,290,1,1,0,0,5
5,293,1,1,0,0,5
5,298,1,1,0,0,5
5,301,1,1,1,0,5
5,308,1,1,0,1,5
5,334,1,1,0,0,5
5,343,1,1,0,0,5
5,361,1,1,0,0,5
5,367,1,1,0,0,5
5,394,1,1,0,0,5
5,395,1,1,1,0,5
5,396,1,1,0,1,5
5,426,1,1,0,0,5
5,457,1,1,1,0,5
5,463,1,1,0,0,5
5,486,1,1,0,0,5
5,491,1,1,0,0,5
5,505,1,1,0,0,5
5,506,1,1,0,0,5
5,520,1,1,0,0,5
5,554,1,1,0,0,5
5,559,1,1,0,0,5
5,563,1,1,0,0,5
5,568,1,1,0,1,5
5,578,1,1,0,0,5
5,580,1,1,0,0,5
5,588,1,1,0,1,5
5,592,1,1,0,0,5
5,674,1,1,0,0,5
5,695,1,1,0,0,5
5,697,1,1,0,0,5
5,708,1,1,0,0,5
5,713,1,1,0,1,5
5,756,1,1,0,0,5
5,761,1,1,0,0,5
5,769,1,1,0,0,5
5,774,1,1,0,0,5
5,778,1,1,0,0,5
5,822,1,1,0,0,5
5,835,1,1,0,0,5
5,847,1,1,0,0,5
5,849,1,1,0,0,5
5,879,1,1,0,0,5
5,882,1,1,1,0,5
5,898,1,1,0,0,5
5,901,1,1,0,0,5
5,905,1,1,0,1,5
5,919,1,1,0,0,5
5,936,1,1,0,0,5
5,945,1,1,0,0,5
5,973,1,1,0,0,5
5,992,1,1,0,0,5
5,995,1,1,0,0,5
5,1030,1,1,0,0,5
5,1044,1,1,0,0,5
5,1062,1,1,0,0,5
5,1088,1,1,0,0,5
5,1095,1,1,0,0,5
5,1125,1,1,1,0,5
5,1131,1,1,0,0,5
5,1153,1,1,1,0,5
5,1180,1,1,0,0,5
5,1194,1,1,0,0,5
5,1202,1,1,0,0,5
5,1208,1,1,0,0,5
5,1218,1,1,0,0,5
5,1221,1,1,1,0,5
5,1223,1,1,0,0,5
5,1234,1,1,0,0,5
5,1248,1,1,0,0,5
5,1286,1,1,1,0,5
5,1287,1,1,0,1,5
5,1334,1,1,0,0,5
5,1335,1,1,1,0,5
5,1346,1,1,0,0,5
5,1373,1,1,0,0,5
5,1384,1,1,0,0,5
5,1388,1,1,0,0,5
5,1411,1,1,0,0,5
5,1414,1,1,0,0,5
5,1433,1,1,0,0,5
5,1451,1,1,0,0,5
5,1457,1,1,0,0,5
5,1470,1,1,0,0,5
5,1474,1,1,0,0,5
5,1517,1,1,0,0,5
5,1520,1,1,0,0,5
5,1566,1,1,0,1,5
5,1574,1,1,0,0,5
5,1585,1,1,0,1,5
5,1607,1,1,0,0,5
5,1615,1,1,0,0,5
5,1630,1,1,0,0,5
5,1645,1,1,0,0,5
5,1687,1,1,0,0,5
5,1697,1,1,0,0,5
5,1700,1,1,0,0,5
5,1722,1,1,0,0,5
5,1726,1,1,0,1,5
5,1734,1,1,0,0,5
5,1767,1,1,1,0,5
5,1776,1,1,0,0,5
5,1788,1,1,0,0,5
5,1805,1,1,0,0,5
5,1808,1,1,0,1,5
5,1831,1,1,0,0,5
5,1860,1,1,0,0,5
5,1866,1,1,0,0,5
5,1869,1,1,0,0,5
5,1908,1,1,0,1,5
5,1940,1,1,0,0,5
5,1944,1,1,0,0,5
5,1984,1,1,0,0,5
5,1986,1,1,0,1,5
5,1992,1,1,0,0,5
5,2048,1,1,0,0,5
5,2081,1,1,0,0,5
5,2084,1,1,0,0,5
5,2105,1,1,0,0,5
5,2122,1,1,0,0,5
5,2123,1,1,0,0,5
5,2124,1,1,0,1,5
5,2137,1,1,0,0,5
5,2165,1,1,1,0,5
5,2168,1,1,0,0,5
5,2196,1,1,0,0,5
5,2218,1,1,1,0,5
5,2219,1,1,0,0,5
5,2227,1,1,0,0,5
5,2231,1,1,0,0,5
5,2238,1,1,0,0,5
5,2241,1,1,0,1,5
5,2251,1,1,0,0,5
5,2260,1,1,0,0,5
5,2263,1,1,0,0,5
5,2264,1,1,0,0,5
5,2273,1,1,0,0,5
5,2304,1,1,0,0,5
5,2309,1,1,1,0,5
5,2321,1,1,0,0,5
5,2324,1,1,1,0,5
5,2331,1,1,0,0,5
5,2332,1,1,1,0,5
5,2339,1,1,0,1,5
5,2349,1,1,0,1,5
5,2378,1,1,0,0,5
5,2400,1,1,1,0,5
5,2405,1,1,0,0,5
5,2410,1,1,0,0,5
5,2486,1,1,0,0,5
5,2494,1,1,0,1,5
5,58,1,1,0,0,6
5,64,1,1,0,0,6
5,68,1,1,0,0,6
5,74,1,1,0,0,6
5,85,1,1,0,0,6
5,87,1,1,0,0,6
5,89,1,1,0,0,6
5,95,1,1,0,0,6
5,97,1,1,0,0,6
5,104,1,1,0,0,6
5,105,1,1,0,0,6
5,109,1,1,0,0,6
5,131,1,1,0,0,6
5,147,1,1,0,0,6
5,161,1,1,0,1,6
5,164,1,1,0,0,6
5,215,1,1,0,0,6
5,220,1,1,0,1,6
5,234,1,1,0,0,6
5,244,1,1,0,0,6
5,247,1,1,0,0,6
5,249,1,1,1,0,6
5,252,1,1,1,0,6
5,253,1,1,1,0,6
5,272,1,1,0,0,6
5,291,1,1,0,0,6
5,295,1,1,0,0,6
5,302,1,1,0,0,6
5,307,1,1,0,0,6
5,316,1,1,0,0,6
5,318,1,1,0,0,6
5,336,1,1,0,0,6
5,360,1,1,0,0,6
5,379,1,1,0,0,6
5,384,1,1,0,0,6
5,390,1,1,0,0,6
5,418,1,1,1,0,6
5,428,1,1,0,0,6
5,430,1,1,0,0,6
5,440,1,1,1,0,6
5,456,1,1,0,0,6
5,465,1,1,1,0,6
5,467,1,1,0,0,6
5,475,1,1,0,0,6
5,497,1,1,1,0,6
5,514,1,1,0,0,6
5,515,1,1,1,0,6
5,516,1,1,0,0,6
5,519,1,1,0,0,6
5,526,1,1,0,0,6
5,529,1,1,1,0,6
5,596,1,1,0,0,6
5,609,1,1,0,0,6
5,629,1,1,0,0,6
5,637,1,1,0,0,6
5,644,1,1,0,0,6
5,696,1,1,0,0,6
5,704,1,1,0,0,6
5,715,1,1,0,0,6
5,730,1,1,0,0,6
5,733,1,1,0,0,6
5,749,1,1,0,0,6
5,759,1,1,1,0,6
5,777,1,1,0,0,6
5,781,1,1,0,0,6
5,787,1,1,0,0,6
5,799,1,1,0,0,6
5,800,1,1,0,1,6
5,803,1,1,0,0,6
5,806,1,1,0,0,6
5,816,1,1,0,1,6
5,829,1,1,0,0,6
5,851,1,1,0,1,6
5,860,1,1,0,1,6
5,863,1,1,0,1,6
5,868,1,1,0,0,6
5,871,1,1,0,1,6
5,883,1,1,0,0,6
5,887,1,1,1,0,6
5,889,1,1,0,0,6
5,899,1,1,1,0,6
5,906,1,1,1,0,6
5,918,1,1,0,0,6
5,920,1,1,0,0,6
5,921,1,1,0,0,6
5,955,1,1,0,0,6
5,961,1,1,0,0,6
5,991,1,1,0,0,6
5,993,1,1,0,0,6
5,996,1,1,0,0,6
5,1019,1,1,0,0,6
5,1029,1,1,0,0,6
5,1031,1,1,0,0,6
5,1054,1,1,0,0,6
5,1055,1,1,0,0,6
5,1059,1,1,0,0,6
5,1065,1,1,0,0,6
5,1069,1,1,0,0,6
5,1084,1,1,0,0,6
5,1090,1,1,0,0,6
5,1102,1,1,0,0,6
5,1103,1,1,0,0,6
5,1112,1,1,0,0,6
5,1120,1,1,0,0,6
5,1140,1,1,0,0,6
5,1148,1,1,0,0,6
5,1154,1,1,0,1,6
5,1161,1,1,0,0,6
5,1175,1,1,0,0,6
5,1182,1,1,0,1,6
5,1188,1,1,0,0,6
5,1191,1,1,0,0,6
5,1193,1,1,0,0,6
5,1207,1,1,0,0,6
5,1222,1,1,0,0,6
5,1239,1,1,0,1,6
5,1240,1,1,0,0,6
5,1273,1,1,0,0,6
5,1275,1,1,0,1,6
5,1281,1,1,0,0,6
5,1304,1,1,0,0,6
5,1322,1,1,0,0,6
5,1324,1,1,0,1,6
5,1377,1,1,0,0,6
5,1379,1,1,1,0,6
5,1401,1,1,0,0,6
5,1416,1,1,0,0,6
5,1437,1,1,0,1,6
5,1458,1,1,0,1,6
5,1459,1,1,0,0,6
5,1482,1,1,0,0,6
5,1484,1,1,0,0,6
5,1488,1,1,0,0,6
5,1490,1,1,0,0,6
5,1521,1,1,0,0,6
5,1530,1,1,0,1,6
5,1575,1,1,0,0,6
5,1595,1,1,0,0,6
5,1598,1,1,0,0,6
5,1623,1,1,0,1,6
5,1635,1,1,0,0,6
5,1642,1,1,0,1,6
5,1658,1,1,0,0,6
5,1681,1,1,0,1,6
5,1702,1,1,0,0,6
5,1708,1,1,0,0,6
5,1710,1,1,0,0,6
5,1735,1,1,0,1,6
5,1742,1,1,0,0,6
5,1761,1,1,0,0,6
5,1774,1,1,0,0,6
5,1814,1,1,0,0,6
5,1864,1,1,0,1,6
5,1875,1,1,0,1,6
5,1879,1,1,0,0,6
5,1889,1,1,0,0,6
5,1898,1,1,0,1,6
5,1936,1,1,0,0,6
5,1956,1,1,0,0,6
5,1965,1,1,0,1,6
5,1980,1,1,0,0,6
5,2012,1,1,0,0,6
5,2017,1,1,0,0,6
5,2020,1,1,0,0,6
5,2029,1,1,0,0,6
5,2031,1,1,0,0,6
5,2059,1,1,0,0,6
5,2075,1,1,0,0,6
5,2082,1,1,0,0,6
5,2092,1,1,0,0,6
5,2107,1,1,0,0,6
5,2114,1,1,0,0,6
5,2117,1,1,0,0,6
5,2120,1,1,0,0,6
5,2130,1,1,0,0,6
5,2155,1,1,0,0,6
5,2157,1,1,0,0,6
5,2172,1,1,0,0,6
5,2183,1,1,0,1,6
5,2191,1,1,0,0,6
5,2199,1,1,0,0,6
5,2204,1,1,1,0,6
5,2216,1,1,0,0,6
5,2269,1,1,1,0,6
5,2272,1,1,1,0,6
5,2286,1,1,0,0,6
5,2300,1,1,0,1,6
5,2333,1,1,0,0,6
5,2335,1,1,0,0,6
5,2380,1,1,0,0,6
5,2385,1,1,0,0,6
5,2399,1,1,0,0,6
5,2418,1,1,0,1,6
5,2421,1,1,0,0,6
5,2475,1,1,0,0,6
5,2477,1,1,0,1,6
5,2495,1,1,0,1,6
5,2499,1,1,1,0,6
5,17,2,3,0,0,7
5,25,2,3,0,0,7
5,47,2,3,2,0,7
5,110,2,3,0,0,7
5,121,2,3,0,0,7
5,126,2,3,2,0,7
5,141,2,3,0,0,7
5,148,2,3,1,0,7
5,159,2,3,0,0,7
5,170,2,3,0,0,7
5,172,2,3,0,3,7
5,186,2,3,0,0,7
5,238,2,3,0,0,7
5,251,2,3,0,0,7
5,270,2,3,0,0,7
5,287,2,3,0,0,7
5,324,2,3,0,0,7
5,348,2,3,0,0,7
5,356,2,3,0,0,7
5,370,2,3,0,0,7
5,377,2,3,0,0,7
5,383,2,3,0,0,7
5,389,2,3,0,0,7
5,391,2,3,0,0,7
5,401,2,3,0,0,7
5,476,2,3,0,0,7
5,483,2,3,0,0,7
5,487,2,3,1,0,7
5,504,2,3,0,0,7
5,513,2,3,0,0,7
5,521,2,3,0,0,7
5,522,2,3,0,0,7
5,534,2,3,0,0,7
5,552,2,3,0,0,7
5,562,2,3,0,0,7
5,603,2,3,1,0,7
5,604,2,3,0,0,7
5,621,2,3,0,0,7
5,625,2,3,2,0,7
5,684,2,3,0,0,7
5,722,2,3,0,0,7
5,745,2,3,0,0,7
5,758,2,3,0,0,7
5,780,2,3,2,0,7
5,783,2,3,0,1,7
5,811,2,3,0,0,7
5,820,2,3,0,0,7
5,876,2,3,2,0,7
5,894,2,3,1,0,7
5,900,2,3,0,0,7
5,912,2,3,2,0,7
5,934,2,3,0,0,7
5,937,2,3,0,1,7
5,941,2,3,0,0,7
5,942,2,3,0,3,7
5,964,2,3,0,0,7
5,975,2,3,0,0,7
5,1009,2,3,0,0,7
5,1040,2,3,0,0,7
5,1076,2,3,0,0,7
5,1082,2,3,0,0,7
5,1096,2,3,0,0,7
5,1109,2,3,1,0,7
5,1128,2,3,0,1,7
5,1129,2,3,0,1,7
5,1146,2,3,1,0,7
5,1170,2,3,0,1,7
5,1176,2,3,0,0,7
5,1195,2,3,0,1,7
5,1219,2,3,0,0,7
5,1264,2,3,2,0,7
5,1279,2,3,0,0,7
5,1297,2,3,0,0,7
5,1301,2,3,0,0,7
5,1381,2,3,0,0,7
5,1415,2,3,0,0,7
5,1445,2,3,0,0,7
5,1519,2,3,0,0,7
5,1526,2,3,0,0,7
5,1533,2,3,0,0,7
5,1540,2,3,0,0,7
5,1554,2,3,0,0,7
5,1556,2,3,0,0,7
5,1578,2,3,2,0,7
5,1579,2,3,0,0,7
5,1596,2,3,1,0,7
5,1599,2,3,1,0,7
5,1678,2,3,0,0,7
5,1692,2,3,0,0,7
5,1694,2,3,0,0,7
5,1718,2,3,0,0,7
5,1778,2,3,0,0,7
5,1784,2,3,0,0,7
5,1792,2,3,0,0,7
5,1793,2,3,2,0,7
5,1841,2,3,0,0,7
5,1851,2,3,2,0,7
5,1972,2,3,0,0,7
5,1978,2,3,1,0,7
5,2000,2,3,0,0,7
5,2003,2,3,0,0,7
5,2033,2,3,0,3,7
5,2034,2,3,0,0,7
5,2083,2,3,0,3,7
5,2128,2,3,0,0,7
5,2160,2,3,0,1,7
5,2163,2,3,0,0,7
5,2209,2,3,0,0,7
5,2232,2,3,0,0,7
5,2234,2,3,0,0,7
5,2236,2,3,0,0,7
5,2254,2,3,0,0,7
5,2267,2,3,0,0,7
5,2320,2,3,0,0,7
5,2340,2,3,0,0,7
5,2346,2,3,0,0,7
5,2361,2,3,0,1,7
5,2365,2,3,0,0,7
5,2372,2,3,0,3,7
5,2373,2,3,0,1,7
5,2432,2,3,0,1,7
5,2461,2,3,0,0,7
5,2464,2,3,0,1,7
5,2479,2,3,0,0,7
5,2482,2,3,0,1,7
5,2484,2,3,0,0,7
5,3,1,1,0,0,8
5,40,1,1,0,0,8
5,41,1,1,0,0,8
5,49,1,1,0,0,8
5,70,1,1,0,0,8
5,82,1,1,0,0,8
5,84,1,1,0,0,8
5,90,1,1,0,0,8
5,115,1,1,0,0,8
5,128,1,1,0,0,8
5,137,1,1,0,0,8
5,202,1,1,0,0,8
5,230,1,1,1,0,8
5,243,1,1,1,0,8
5,256,1,1,0,0,8
5,263,1,1,0,0,8
5,267,1,1,0,0,8
5,304,1,1,1,0,8
5,321,1,1,0,0,8
5,337,1,1,1,0,8
5,349,1,1,0,1,8
5,362,1,1,0,0,8
5,380,1,1,0,0,8
5,406,1,1,0,0,8
5,441,1,1,0,1,8
5,445,1,1,0,0,8
5,460,1,1,0,0,8
5,493,1,1,0,0,8
5,496,1,1,1,0,8
5,501,1,1,0,0,8
5,543,1,1,0,0,8
5,548,1,1,0,1,8
5,557,1,1,0,0,8
5,590,1,1,0,0,8
5,605,1,1,0,0,8
5,639,1,1,0,0,8
5,653,1,1,0,1,8
5,661,1,1,0,0,8
5,701,1,1,0,0,8
5,706,1,1,1,0,8
5,707,1,1,0,0,8
5,726,1,1,0,0,8
5,728,1,1,0,0,8
5,740,1,1,0,0,8
5,764,1,1,0,0,8
5,788,1,1,0,0,8
5,808,1,1,0,0,8
5,823,1,1,0,1,8
5,827,1,1,0,0,8
5,877,1,1,0,0,8
5,880,1,1,0,0,8
5,892,1,1,0,0,8
5,981,1,1,0,0,8
5,987,1,1,0,0,8
5,994,1,1,0,0,8
5,1018,1,1,0,0,8
5,1023,1,1,0,0,8
5,1046,1,1,0,0,8
5,1047,1,1,0,0,8
5,1073,1,1,1,0,8
5,1106,1,1,0,0,8
5,1136,1,1,0,0,8
5,1168,1,1,0,0,8
5,1197,1,1,1,0,8
5,1199,1,1,0,0,8
5,1205,1,1,0,0,8
5,1242,1,1,0,0,8
5,1252,1,1,0,0,8
5,1268,1,1,1,0,8
5,1269,1,1,0,0,8
5,1276,1,1,0,0,8
5,1284,1,1,0,0,8
5,1291,1,1,0,0,8
5,1323,1,1,1,0,8
5,1328,1,1,0,0,8
5,1331,1,1,0,0,8
5,1360,1,1,0,0,8
5,1363,1,1,0,0,8
5,1367,1,1,0,0,8
5,1395,1,1,0,0,8
5,1419,1,1,0,0,8
5,1454,1,1,0,1,8
5,1462,1,1,0,0,8
5,1466,1,1,0,0,8
5,1472,1,1,0,0,8
5,1512,1,1,0,0,8
5,1531,1,1,0,1,8
5,1549,1,1,0,0,8
5,1552,1,1,0,0,8
5,1571,1,1,1,0,8
5,1625,1,1,0,0,8
5,1636,1,1,0,0,8
5,1665,1,1,0,0,8
5,1675,1,1,0,0,8
5,1705,1,1,0,0,8
5,1706,1,1,0,0,8
5,1717,1,1,1,0,8
5,1720,1,1,1,0,8
5,1737,1,1,0,0,8
5,1740,1,1,0,0,8
5,1790,1,1,1,0,8
5,1799,1,1,0,0,8
5,1822,1,1,0,0,8
5,1842,1,1,1,0,8
5,1856,1,1,0,0,8
5,1861,1,1,0,0,8
5,1902,1,1,0,0,8
5,1926,1,1,0,1,8
5,1937,1,1,0,0,8
5,1959,1,1,0,0,8
5,2002,1,1,0,1,8
5,2004,1,1,0,0,8
5,2050,1,1,0,0,8
5,2051,1,1,0,0,8
5,2060,1,1,0,0,8
5,2127,1,1,1,0,8
5,2129,1,1,0,0,8
5,2145,1,1,1,0,8
5,2167,1,1,0,1,8
5,2171,1,1,0,0,8
5,2261,1,1,0,0,8
5,2291,1,1,1,0,8
5,2308,1,1,0,0,8
5,2338,1,1,0,0,8
5,2401,1,1,0,0,8
5,2404,1,1,1,0,8
5,2431,1,1,1,0,8
5,2481,1,1,1,0,8
5,2489,1,1,0,0,8
5,1,1,1,0,0,9
5,2,1,1,0,0,9
5,4,1,1,0,0,9
5,14,1,1,0,1,9
5,24,1,1,0,0,9
5,30,1,1,0,0,9
5,31,1,1,0,0,9
5,35,1,1,0,0,9
5,37,1,1,0,0,9
5,42,1,1,0,0,9
5,51,1,1,0,0,9
5,56,1,1,1,0,9
5,59,1,1,1,0,9
5,91,1,1,0,0,9
5,93,1,1,0,0,9
5,124,1,1,1,0,9
5,149,1,1,1,0,9
5,169,1,1,0,1,9
5,175,1,1,1,0,9
5,176,1,1,0,0,9
5,177,1,1,0,0,9
5,189,1,1,0,0,9
5,203,1,1,0,0,9
5,257,1,1,0,0,9
5,309,1,1,0,1,9
5,311,1,1,0,0,9
5,340,1,1,0,0,9
5,354,1,1,0,1,9
5,355,1,1,0,0,9
5,357,1,1,0,0,9
5,402,1,1,1,0,9
5,403,1,1,0,0,9
5,415,1,1,0,0,9
5,420,1,1,0,0,9
5,442,1,1,0,0,9
5,446,1,1,0,0,9
5,458,1,1,0,0,9
5,461,1,1,0,0,9
5,489,1,1,0,0,9
5,503,1,1,0,0,9
5,528,1,1,0,0,9
5,532,1,1,0,0,9
5,551,1,1,0,0,9
5,555,1,1,0,0,9
5,607,1,1,0,1,9
5,610,1,1,0,0,9
5,611,1,1,0,1,9
5,614,1,1,0,0,9
5,615,1,1,0,0,9
5,623,1,1,0,0,9
5,664,1,1,0,0,9
5,669,1,1,0,0,9
5,687,1,1,0,0,9
5,693,1,1,0,0,9
5,710,1,1,0,0,9
5,718,1,1,0,0,9
5,731,1,1,0,1,9
5,735,1,1,1,0,9
5,748,1,1,0,0,9
5,763,1,1,0,0,9
5,786,1,1,0,0,9
5,791,1,1,0,0,9
5,792,1,1,0,0,9
5,805,1,1,1,0,9
5,819,1,1,0,0,9
5,821,1,1,0,0,9
5,857,1,1,0,1,9
5,890,1,1,0,0,9
5,910,1,1,0,0,9
5,932,1,1,0,0,9
5,935,1,1,0,0,9
5,940,1,1,0,0,9
5,959,1,1,1,0,9
5,971,1,1,0,0,9
5,983,1,1,1,0,9
5,986,1,1,0,0,9
5,988,1,1,0,0,9
5,989,1,1,0,0,9
5,1000,1,1,0,0,9
5,1004,1,1,0,0,9
5,1006,1,1,1,0,9
5,1021,1,1,0,0,9
5,1028,1,1,0,0,9
5,1037,1,1,0,1,9
5,1056,1,1,0,0,9
5,1061,1,1,0,0,9
5,1067,1,1,0,1,9
5,1075,1,1,0,1,9
5,1080,1,1,0,0,9
5,1087,1,1,0,0,9
5,1091,1,1,0,0,9
5,1098,1,1,1,0,9
5,1108,1,1,0,0,9
5,1110,1,1,0,0,9
5,1123,1,1,0,1,9
5,1139,1,1,0,0,9
5,1141,1,1,0,0,9
5,1164,1,1,0,0,9
5,1210,1,1,1,0,9
5,1232,1,1,0,1,9
5,1235,1,1,1,0,9
5,1238,1,1,0,0,9
5,1254,1,1,1,0,9
5,1299,1,1,1,0,9
5,1306,1,1,0,0,9
5,1342,1,1,0,0,9
5,1365,1,1,0,0,9
5,1369,1,1,0,0,9
5,1380,1,1,0,0,9
5,1400,1,1,1,0,9
5,1402,1,1,0,0,9
5,1422,1,1,0,0,9
5,1439,1,1,0,0,9
5,1444,1,1,0,0,9
5,1450,1,1,0,0,9
5,1461,1,1,0,0,9
5,1467,1,1,0,0,9
5,1469,1,1,1,0,9
5,1477,1,1,0,0,9
5,1480,1,1,0,0,9
5,1489,1,1,0,0,9
5,1495,1,1,0,0,9
5,1500,1,1,1,0,9
5,1528,1,1,0,0,9
5,1586,1,1,0,0,9
5,1590,1,1,0,1,9
5,1592,1,1,0,0,9
5,1605,1,1,0,0,9
5,1621,1,1,0,0,9
5,1622,1,1,0,0,9
5,1624,1,1,0,0,9
5,1639,1,1,0,0,9
5,1640,1,1,0,0,9
5,1651,1,1,0,0,9
5,1655,1,1,0,0,9
5,1684,1,1,0,0,9
5,1727,1,1,0,0,9
5,1775,1,1,0,0,9
5,1810,1,1,0,1,9
5,1812,1,1,0,0,9
5,1816,1,1,1,0,9
5,1828,1,1,0,0,9
5,1835,1,1,0,0,9
5,1853,1,1,0,0,9
5,1855,1,1,1,0,9
5,1857,1,1,0,0,9
5,1859,1,1,0,0,9
5,1890,1,1,0,0,9
5,1893,1,1,0,0,9
5,1907,1,1,0,0,9
5,1915,1,1,0,0,9
5,1964,1,1,0,0,9
5,1967,1,1,0,0,9
5,1996,1,1,0,0,9
5,1999,1,1,0,1,9
5,2005,1,1,0,0,9
5,2023,1,1,0,0,9
5,2067,1,1,0,0,9
5,2068,1,1,0,0,9
5,2072,1,1,0,0,9
5,2088,1,1,0,1,9
5,2093,1,1,0,0,9
5,2099,1,1,0,1,9
5,2125,1,1,0,1,9
5,2146,1,1,0,0,9
5,2151,1,1,0,1,9
5,2156,1,1,0,0,9
5,2164,1,1,0,0,9
5,2176,1,1,1,0,9
5,2178,1,1,1,0,9
5,2244,1,1,0,1,9
5,2256,1,1,0,0,9
5,2268,1,1,0,1,9
5,2280,1,1,0,0,9
5,2283,1,1,0,0,9
5,2293,1,1,0,0,9
5,2296,1,1,0,0,9
5,2303,1,1,1,0,9
5,2328,1,1,0,0,9
5,2329,1,1,0,0,9
5,2342,1,1,0,0,9
5,2360,1,1,1,0,9
5,2389,1,1,0,0,9
5,2392,1,1,0,0,9
5,2406,1,1,0,0,9
5,2424,1,1,0,0,9
5,2437,1,1,0,0,9
5,2443,1,1,0,0,9
5,2451,1,1,0,0,9
5,2456,1,1,1,0,9
5,2462,1,1,1,0,9
5,2473,1,1,0,0,9
5,2476,1,1,0,0,9
5,2488,1,1,0,0,9
5,20,1,1,0,0,10
5,60,1,1,0,0,10
5,157,1,1,0,0,10
5,180,1,1,0,0,10
5,181,1,1,0,1,10
5,237,1,1,0,0,10
5,279,1,1,0,0,10
5,283,1,1,0,0,10
5,286,1,1,0,0,10
5,294,1,1,0,0,10
5,313,1,1,0,0,10
5,338,1,1,0,0,10
5,347,1,1,0,0,10
5,366,1,1,0,1,10
5,382,1,1,0,0,10
5,414,1,1,0,0,10
5,444,1,1,0,1,10
5,453,1,1,0,0,10
5,455,1,1,0,1,10
5,459,1,1,0,0,10
5,469,1,1,0,0,10
5,477,1,1,0,0,10
5,478,1,1,0,0,10
5,482,1,1,0,1,10
5,507,1,1,1,0,10
5,517,1,1,0,0,10
5,523,1,1,0,0,10
5,553,1,1,0,0,10
5,569,1,1,0,0,10
5,602,1,1,0,0,10
5,619,1,1,0,0,10
5,642,1,1,0,0,10
5,648,1,1,0,0,10
5,682,1,1,0,0,10
5,703,1,1,0,0,10
5,720,1,1,0,0,10
5,723,1,1,1,0,10
5,782,1,1,0,0,10
5,796,1,1,0,0,10
5,814,1,1,0,0,10
5,848,1,1,0,0,10
5,867,1,1,0,0,10
5,886,1,1,0,0,10
5,925,1,1,0,0,10
5,927,1,1,0,0,10
5,928,1,1,0,1,10
5,979,1,1,1,0,10
5,980,1,1,0,1,10
5,1010,1,1,0,0,10
5,1015,1,1,0,0,10
5,1022,1,1,0,0,10
5,1039,1,1,1,0,10
5,1048,1,1,0,0,10
5,1063,1,1,0,0,10
5,1070,1,1,0,0,10
5,1115,1,1,0,1,10
5,1122,1,1,1,0,10
5,1150,1,1,0,1,10
5,1159,1,1,0,0,10
5,1160,1,1,0,0,10
5,1173,1,1,0,1,10
5,1174,1,1,0,0,10
5,1211,1,1,0,0,10
5,1217,1,1,0,0,10
5,1225,1,1,0,0,10
5,1241,1,1,0,1,10
5,1312,1,1,0,0,10
5,1317,1,1,0,0,10
5,1320,1,1,0,0,10
5,1327,1,1,0,1,10
5,1337,1,1,0,0,10
5,1357,1,1,0,0,10
5,1376,1,1,0,1,10
5,1383,1,1,0,0,10
5,1385,1,1,0,0,10
5,1396,1,1,0,0,10
5,1423,1,1,0,0,10
5,1431,1,1,0,0,10
5,1432,1,1,1,0,10
5,1434,1,1,0,0,10
5,1448,1,1,0,1,10
5,1449,1,1,0,0,10
5,1465,1,1,0,0,10
5,1473,1,1,0,0,10
5,1485,1,1,0,0,10
5,1487,1,1,0,0,10
5,1491,1,1,0,0,10
5,1504,1,1,1,0,10
5,1511,1,1,0,0,10
5,1570,1,1,0,0,10
5,1587,1,1,0,0,10
5,1591,1,1,0,0,10
5,1648,1,1,0,0,10
5,1654,1,1,0,0,10
5,1680,1,1,0,0,10
5,1714,1,1,0,0,10
5,1770,1,1,0,0,10
5,1786,1,1,0,0,10
5,1865,1,1,0,0,10
5,1871,1,1,0,0,10
5,1886,1,1,0,0,10
5,1888,1,1,0,0,10
5,1901,1,1,0,0,10
5,1903,1,1,0,0,10
5,1905,1,1,0,0,10
5,1949,1,1,0,0,10
5,1953,1,1,0,0,10
5,1994,1,1,0,0,10
5,2089,1,1,0,0,10
5,2109,1,1,0,0,10
5,2134,1,1,0,0,10
5,2140,1,1,0,0,10
5,2141,1,1,0,0,10
5,2169,1,1,0,0,10
5,2194,1,1,1,0,10
5,2198,1,1,1,0,10
5,2208,1,1,0,0,10
5,2250,1,1,0,0,10
5,2270,1,1,1,0,10
5,2292,1,1,0,0,10
5,2314,1,1,0,0,10
5,2341,1,1,0,0,10
5,2347,1,1,0,0,10
5,2374,1,1,0,0,10
5,2384,1,1,0,1,10
5,2395,1,1,0,0,10
5,2445,1,1,0,0,10
5,2457,1,1,1,0,10
5,2468,1,1,0,0,10
5,2485,1,1,0,0,10
5,0,1,1,0,0,11
5,5,1,1,0,0,11
5,7,1,1,0,0,11
5,8,1,1,0,0,11
5,19,1,1,0,0,11
5,21,1,1,0,0,11
5,23,1,1,0,1,11
5,34,1,1,0,1,11
5,43,1,1,0,0,11
5,48,1,1,0,0,11
5,50,1,1,0,0,11
5,55,1,1,0,0,11
5,63,1,1,0,1,11
5,71,1,1,0,0,11
5,86,1,1,0,0,11
5,88,1,1,1,0,11
5,106,1,1,0,0,11
5,107,1,1,0,0,11
5,160,1,1,0,0,11
5,167,1,1,0,0,11
5,182,1,1,0,0,11
5,191,1,1,0,1,11
5,221,1,1,1,0,11
5,236,1,1,1,0,11
5,241,1,1,1,0,11
5,254,1,1,0,0,11
5,258,1,1,0,0,11
5,262,1,1,0,0,11
5,269,1,1,0,0,11
5,273,1,1,0,0,11
5,276,1,1,0,0,11
5,281,1,1,0,0,11
5,288,1,1,0,0,11
5,306,1,1,0,0,11
5,312,1,1,0,0,11
5,315,1,1,0,0,11
5,333,1,1,0,0,11
5,339,1,1,0,0,11
5,344,1,1,0,0,11
5,352,1,1,0,0,11
5,364,1,1,0,0,11
5,372,1,1,1,0,11
5,388,1,1,0,0,11
5,397,1,1,1,0,11
5,404,1,1,0,1,11
5,407,1,1,0,0,11
5,409,1,1,1,0,11
5,417,1,1,0,0,11
5,421,1,1,0,0,11
5,431,1,1,0,0,11
5,436,1,1,0,0,11
5,464,1,1,0,1,11
5,470,1,1,0,0,11
5,488,1,1,0,0,11
5,509,1,1,0,0,11
5,525,1,1,0,0,11
5,538,1,1,0,0,11
5,550,1,1,0,1,11
5,560,1,1,0,0,11
5,561,1,1,0,0,11
5,577,1,1,0,0,11
5,579,1,1,0,0,11
5,620,1,1,0,1,11
5,630,1,1,0,0,11
5,632,1,1,0,0,11
5,635,1,1,0,0,11
5,643,1,1,0,1,11
5,647,1,1,0,0,11
5,649,1,1,0,1,11
5,650,1,1,1,0,11
5,658,1,1,0,0,11
5,672,1,1,0,0,11
5,700,1,1,0,0,11
5,709,1,1,1,0,11
5,744,1,1,1,0,11
5,751,1,1,0,0,11
5,760,1,1,0,0,11
5,762,1,1,0,0,11
5,784,1,1,0,0,11
5,785,1,1,0,0,11
5,789,1,1,1,0,11
5,802,1,1,0,0,11
5,809,1,1,0,0,11
5,825,1,1,0,0,11
5,837,1,1,0,0,11
5,873,1,1,0,0,11
5,874,1,1,0,0,11
5,875,1,1,0,0,11
5,884,1,1,0,1,11
5,902,1,1,0,1,11
5,904,1,1,1,0,11
5,911,1,1,1,0,11
5,922,1,1,1,0,11
5,924,1,1,0,0,11
5,944,1,1,1,0,11
5,952,1,1,0,0,11
5,972,1,1,0,0,11
5,974,1,1,0,0,11
5,978,1,1,0,1,11
5,985,1,1,0,0,11
5,999,1,1,0,1,11
5,1008,1,1,0,0,11
5,1012,1,1,0,0,11
5,1016,1,1,0,0,11
5,1026,1,1,0,0,11
5,1027,1,1,0,0,11
5,1033,1,1,0,0,11
5,1041,1,1,0,0,11
5,1051,1,1,0,0,11
5,1083,1,1,0,1,11
5,1093,1,1,0,0,11
5,1094,1,1,0,1,11
5,1097,1,1,0,0,11
5,1126,1,1,1,0,11
5,1127,1,1,0,0,11
5,1133,1,1,0,0,11
5,1172,1,1,0,0,11
5,1212,1,1,1,0,11
5,1215,1,1,1,0,11
5,1216,1,1,0,0,11
5,1233,1,1,0,1,11
5,1236,1,1,0,1,11
5,1244,1,1,0,0,11
5,1247,1,1,0,0,11
5,1250,1,1,0,0,11
5,1255,1,1,0,0,11
5,1256,1,1,0,0,11
5,1259,1,1,0,0,11
5,1263,1,1,0,0,11
5,1266,1,1,0,1,11
5,1270,1,1,0,0,11
5,1271,1,1,0,1,11
5,1285,1,1,0,0,11
5,1290,1,1,1,0,11
5,1293,1,1,0,0,11
5,1318,1,1,0,0,11
5,1339,1,1,0,0,11
5,1343,1,1,0,0,11
5,1351,1,1,0,0,11
5,1364,1,1,1,0,11
5,1382,1,1,0,1,11
5,1387,1,1,0,1,11
5,1389,1,1,0,1,11
5,1391,1,1,0,0,11
5,1404,1,1,1,0,11
5,1407,1,1,0,0,11
5,1409,1,1,0,0,11
5,1425,1,1,0,0,11
5,1428,1,1,0,1,11
5,1436,1,1,0,0,11
5,1441,1,1,1,0,11
5,1442,1,1,0,0,11
5,1453,1,1,0,0,11
5,1471,1,1,1,0,11
5,1492,1,1,0,1,11
5,1494,1,1,1,0,11
5,1516,1,1,0,0,11
5,1542,1,1,0,0,11
5,1550,1,1,0,0,11
5,1565,1,1,0,0,11
5,1569,1,1,0,1,11
5,1573,1,1,0,0,11
5,1580,1,1,1,0,11
5,1593,1,1,0,0,11
5,1602,1,1,0,0,11
5,1606,1,1,0,0,11
5,1609,1,1,0,0,11
5,1610,1,1,0,0,11
5,1620,1,1,0,0,11
5,1628,1,1,0,0,11
5,1629,1,1,0,1,11
5,1634,1,1,0,0,11
5,1643,1,1,0,0,11
5,1652,1,1,0,0,11
5,1656,1,1,1,0,11
5,1661,1,1,1,0,11
5,1669,1,1,0,0,11
5,1671,1,1,0,0,11
5,1674,1,1,1,0,11
5,1676,1,1,0,0,11
5,1683,1,1,0,0,11
5,1695,1,1,0,0,11
5,1696,1,1,0,0,11
5,1703,1,1,1,0,11
5,1704,1,1,0,0,11
5,1712,1,1,0,0,11
5,1721,1,1,0,0,11
5,1731,1,1,0,1,11
5,1743,1,1,0,0,11
5,1745,1,1,1,0,11
5,1747,1,1,0,0,11
5,1750,1,1,0,0,11
5,1753,1,1,0,0,11
5,1759,1,1,0,0,11
5,1772,1,1,0,0,11
5,1809,1,1,0,0,11
5,1823,1,1,1,0,11
5,1826,1,1,1,0,11
5,1854,1,1,0,0,11
5,1867,1,1,0,0,11
5,1883,1,1,0,0,11
5,1891,1,1,0,0,11
5,1906,1,1,0,0,11
5,1910,1,1,0,0,11
5,1912,1,1,0,0,11
5,1914,1,1,0,0,11
5,1916,1,1,0,0,11
5,1921,1,1,0,0,11
5,1939,1,1,0,0,11
5,1947,1,1,0,0,11
5,1962,1,1,0,0,11
5,1963,1,1,0,0,11
5,1969,1,1,0,0,11
5,1973,1,1,0,0,11
5,1991,1,1,0,0,11
5,1995,1,1,0,1,11
5,1998,1,1,0,1,11
5,2019,1,1,0,0,11
5,2024,1,1,0,1,11
5,2027,1,1,0,0,11
5,2030,1,1,1,0,11
5,2035,1,1,0,0,11
5,2036,1,1,0,0,11
5,2047,1,1,0,0,11
5,2066,1,1,0,1,11
5,2080,1,1,0,0,11
5,2096,1,1,0,0,11
5,2101,1,1,1,0,11
5,2111,1,1,1,0,11
5,2126,1,1,0,0,11
5,2131,1,1,0,1,11
5,2135,1,1,0,0,11
5,2153,1,1,0,0,11
5,2154,1,1,0,0,11
5,2158,1,1,0,0,11
5,2161,1,1,1,0,11
5,2166,1,1,0,0,11
5,2180,1,1,0,0,11
5,2181,1,1,0,0,11
5,2184,1,1,1,0,11
5,2189,1,1,0,0,11
5,2195,1,1,0,0,11
5,2200,1,1,0,0,11
5,2201,1,1,0,0,11
5,2213,1,1,1,0,11
5,2224,1,1,1,0,11
5,2225,1,1,0,0,11
5,2229,1,1,0,0,11
5,2253,1,1,0,0,11
5,2302,1,1,0,0,11
5,2310,1,1,0,0,11
5,2313,1,1,0,0,11
5,2317,1,1,0,0,11
5,2319,1,1,1,0,11
5,2327,1,1,0,1,11
5,2344,1,1,0,1,11
5,2359,1,1,0,0,11
5,2377,1,1,1,0,11
5,2379,1,1,1,0,11
5,2386,1,1,0,0,11
5,2391,1,1,0,0,11
5,2398,1,1,0,0,11
5,2414,1,1,0,0,11
5,2422,1,1,0,0,11
5,2428,1,1,0,0,11
5,2434,1,1,0,1,11
5,2436,1,1,0,0,11
5,2439,1,1,0,0,11
5,2440,1,1,0,0,11
5,2446,1,1,1,0,11
5,2463,1,1,1,0,11
5,2471,1,1,0,0,11
5,2497,1,1,0,0,11
5,6,2,3,0,0,12
5,29,2,3,1,0,12
5,45,2,3,0,1,12
5,61,2,3,0,0,12
5,69,2,3,0,0,12
5,73,2,3,0,0,12
5,100,2,3,0,0,12
5,102,2,3,2,0,12
5,114,2,3,0,3,12
5,133,2,3,0,3,12
5,145,2,3,0,0,12
5,150,2,3,0,0,12
5,166,2,3,0,0,12
5,174,2,3,0,0,12
5,201,2,3,0,0,12
5,206,2,3,0,0,12
5,208,2,3,0,0,12
5,209,2,3,0,0,12
5,210,2,3,0,0,12
5,223,2,3,0,0,12
5,224,2,3,0,0,12
5,239,2,3,2,0,12
5,245,2,3,1,0,12
5,265,2,3,0,0,12
5,268,2,3,0,0,12
5,271,2,3,2,0,12
5,300,2,3,1,0,12
5,319,2,3,0,0,12
5,322,2,3,1,0,12
5,413,2,3,0,0,12
5,422,2,3,0,0,12
5,435,2,3,2,0,12
5,451,2,3,0,0,12
5,473,2,3,0,1,12
5,480,2,3,0,0,12
5,495,2,3,0,0,12
5,502,2,3,0,0,12
5,535,2,3,0,0,12
5,541,2,3,0,0,12
5,544,2,3,0,0,12
5,549,2,3,0,1,12
5,575,2,3,0,0,12
5,584,2,3,0,0,12
5,585,2,3,0,0,12
5,587,2,3,0,0,12
5,591,2,3,0,0,12
5,597,2,3,0,0,12
5,616,2,3,0,0,12
5,617,2,3,0,0,12
5,627,2,3,0,1,12
5,645,2,3,0,0,12
5,681,2,3,0,0,12
5,690,2,3,0,0,12
5,705,2,3,1,0,12
5,729,2,3,0,0,12
5,737,2,3,2,0,12
5,746,2,3,0,0,12
5,765,2,3,0,0,12
5,766,2,3,0,0,12
5,770,2,3,0,0,12
5,794,2,3,1,0,12
5,795,2,3,0,0,12
5,830,2,3,1,0,12
5,842,2,3,0,0,12
5,843,2,3,0,0,12
5,845,2,3,0,0,12
5,846,2,3,0,0,12
5,929,2,3,1,0,12
5,931,2,3,0,0,12
5,947,2,3,2,0,12
5,949,2,3,0,0,12
5,950,2,3,0,0,12
5,968,2,3,0,0,12
5,969,2,3,0,0,12
5,984,2,3,0,0,12
5,1014,2,3,0,0,12
5,1020,2,3,1,0,12
5,1025,2,3,0,0,12
5,1035,2,3,0,0,12
5,1036,2,3,0,0,12
5,1058,2,3,0,0,12
5,1068,2,3,1,0,12
5,1081,2,3,0,0,12
5,1089,2,3,0,0,12
5,1107,2,3,0,0,12
5,1116,2,3,0,0,12
5,1117,2,3,0,0,12
5,1121,2,3,0,0,12
5,1124,2,3,0,0,12
5,1130,2,3,0,0,12
5,1137,2,3,0,0,12
5,1185,2,3,2,0,12
5,1189,2,3,0,0,12
5,1198,2,3,0,1,12
5,1209,2,3,0,0,12
5,1258,2,3,0,0,12
5,1262,2,3,0,0,12
5,1267,2,3,0,0,12
5,1282,2,3,0,3,12
5,1296,2,3,0,0,12
5,1321,2,3,0,0,12
5,1326,2,3,0,0,12
5,1341,2,3,2,0,12
5,1345,2,3,0,0,12
5,1348,2,3,0,3,12
5,1362,2,3,0,0,12
5,1421,2,3,0,0,12
5,1424,2,3,0,1,12
5,1429,2,3,0,0,12
5,1455,2,3,0,0,12
5,1496,2,3,2,0,12
5,1503,2,3,0,0,12
5,1515,2,3,0,0,12
5,1539,2,3,0,3,12
5,1545,2,3,0,0,12
5,1547,2,3,0,0,12
5,1548,2,3,0,0,12
5,1553,2,3,1,0,12
5,1562,2,3,0,0,12
5,1583,2,3,0,0,12
5,1597,2,3,2,0,12
5,1601,2,3,0,3,12
5,1608,2,3,0,0,12
5,1627,2,3,0,0,12
5,1633,2,3,0,0,12
5,1644,2,3,0,0,12
5,1647,2,3,2,0,12
5,1657,2,3,0,3,12
5,1672,2,3,0,0,12
5,1677,2,3,0,0,12
5,1691,2,3,0,1,12
5,1716,2,3,0,0,12
5,1744,2,3,2,0,12
5,1749,2,3,0,3,12
5,1763,2,3,0,1,12
5,1769,2,3,0,0,12
5,1773,2,3,0,0,12
5,1779,2,3,0,0,12
5,1796,2,3,0,0,12
5,1803,2,3,0,0,12
5,1815,2,3,2,0,12
5,1817,2,3,2,0,12
5,1818,2,3,0,0,12
5,1824,2,3,0,0,12
5,1839,2,3,0,0,12
5,1847,2,3,0,0,12
5,1868,2,3,0,0,12
5,1872,2,3,0,3,12
5,1911,2,3,0,0,12
5,1920,2,3,0,0,12
5,1925,2,3,0,0,12
5,1929,2,3,0,1,12
5,1938,2,3,0,0,12
5,1941,2,3,0,0,12
5,1952,2,3,0,0,12
5,1968,2,3,0,0,12
5,1977,2,3,0,0,12
5,1987,2,3,2,0,12
5,1997,2,3,0,0,12
5,2011,2,3,0,1,12
5,2014,2,3,0,0,12
5,2039,2,3,0,0,12
5,2064,2,3,0,0,12
5,2069,2,3,0,3,12
5,2079,2,3,0,0,12
5,2090,2,3,1,0,12
5,2115,2,3,0,0,12
5,2119,2,3,0,0,12
5,2132,2,3,2,0,12
5,2139,2,3,0,0,12
5,2150,2,3,2,0,12
5,2179,2,3,0,0,12
5,2188,2,3,0,0,12
5,2190,2,3,0,0,12
5,2248,2,3,0,0,12
5,2257,2,3,0,0,12
5,2259,2,3,0,0,12
5,2274,2,3,0,0,12
5,2279,2,3,0,0,12
5,2289,2,3,0,3,12
5,2336,2,3,0,0,12
5,2353,2,3,0,0,12
5,2366,2,3,0,3,12
5,2396,2,3,0,0,12
5,2413,2,3,0,0,12
5,2420,2,3,0,0,12
5,2425,2,3,0,0,12
5,2438,2,3,0,0,12
5,2447,2,3,0,0,12
5,2454,2,3,0,0,12
5,2478,2,3,0,0,12
5,2492,2,3,0,0,12
5,2498,2,3,0,0,12
5,12,1,1,1,0,13
5,26,1,1,0,1,13
5,32,1,1,0,0,13
5,77,1,1,0,0,13
5,78,1,1,0,0,13
5,79,1,1,0,0,13
5,94,1,1,0,0,13
5,117,1,1,0,0,13
5,123,1,1,0,0,13
5,127,1,1,0,0,13
5,146,1,1,0,0,13
5,151,1,1,0,0,13
5,152,1,1,1,0,13
5,171,1,1,0,0,13
5,207,1,1,0,0,13
5,240,1,1,0,1,13
5,277,1,1,0,1,13
5,350,1,1,1,0,13
5,351,1,1,1,0,13
5,363,1,1,1,0,13
5,376,1,1,0,1,13
5,378,1,1,0,0,13
5,393,1,1,0,0,13
5,429,1,1,0,0,13
5,449,1,1,0,0,13
5,466,1,1,0,1,13
5,484,1,1,0,0,13
5,518,1,1,0,0,13
5,558,1,1,0,0,13
5,564,1,1,0,0,13
5,567,1,1,0,0,13
5,570,1,1,0,0,13
5,571,1,1,0,0,13
5,583,1,1,0,0,13
5,600,1,1,0,0,13
5,612,1,1,0,0,13
5,618,1,1,0,0,13
5,636,1,1,0,0,13
5,652,1,1,0,0,13
5,688,1,1,0,0,13
5,736,1,1,0,0,13
5,772,1,1,0,0,13
5,812,1,1,0,1,13
5,813,1,1,0,0,13
5,832,1,1,0,1,13
5,834,1,1,0,1,13
5,856,1,1,0,0,13
5,859,1,1,0,1,13
5,866,1,1,0,0,13
5,926,1,1,1,0,13
5,939,1,1,1,0,13
5,1002,1,1,0,0,13
5,1003,1,1,0,0,13
5,1013,1,1,0,1,13
5,1017,1,1,0,0,13
5,1043,1,1,0,0,13
5,1060,1,1,0,0,13
5,1071,1,1,0,0,13
5,1104,1,1,0,0,13
5,1118,1,1,1,0,13
5,1142,1,1,0,0,13
5,1143,1,1,1,0,13
5,1144,1,1,0,0,13
5,1157,1,1,0,0,13
5,1162,1,1,0,0,13
5,1167,1,1,1,0,13
5,1171,1,1,0,1,13
5,1187,1,1,0,0,13
5,1196,1,1,0,0,13
5,1201,1,1,0,1,13
5,1203,1,1,0,0,13
5,1229,1,1,0,1,13
5,1243,1,1,1,0,13
5,1251,1,1,0,1,13
5,1253,1,1,0,0,13
5,1288,1,1,0,0,13
5,1302,1,1,0,0,13
5,1333,1,1,0,0,13
5,1392,1,1,0,1,13
5,1394,1,1,0,0,13
5,1418,1,1,0,0,13
5,1447,1,1,0,1,13
5,1567,1,1,0,0,13
5,1611,1,1,0,0,13
5,1638,1,1,0,0,13
5,1653,1,1,0,0,13
5,1660,1,1,0,0,13
5,1729,1,1,0,1,13
5,1732,1,1,0,0,13
5,1748,1,1,0,0,13
5,1751,1,1,0,1,13
5,1758,1,1,0,0,13
5,1760,1,1,0,0,13
5,1766,1,1,0,0,13
5,1777,1,1,0,0,13
5,1798,1,1,1,0,13
5,1850,1,1,0,0,13
5,1852,1,1,0,0,13
5,1863,1,1,0,0,13
5,1870,1,1,0,0,13
5,1882,1,1,0,0,13
5,1884,1,1,0,0,13
5,1923,1,1,0,0,13
5,1927,1,1,0,0,13
5,1930,1,1,0,0,13
5,1931,1,1,0,0,13
5,1934,1,1,0,0,13
5,1935,1,1,0,0,13
5,1981,1,1,1,0,13
5,2026,1,1,0,0,13
5,2061,1,1,0,1,13
5,2085,1,1,0,0,13
5,2091,1,1,0,0,13
5,2097,1,1,0,0,13
5,2136,1,1,0,0,13
5,2143,1,1,0,0,13
5,2162,1,1,0,1,13
5,2202,1,1,0,0,13
5,2249,1,1,0,0,13
5,2281,1,1,1,0,13
5,2298,1,1,1,0,13
5,2334,1,1,0,0,13
5,2350,1,1,0,0,13
5,2356,1,1,0,0,13
5,2367,1,1,0,0,13
5,2388,1,1,0,1,13
5,2407,1,1,0,0,13
5,2412,1,1,0,0,13
5,2429,1,1,0,0,13
5,2430,1,1,0,1,13
5,2458,1,1,1,0,13
5,2459,1,1,0,0,13
5,2472,1,1,1,0,13
5,2474,1,1,0,0,13
5,2483,1,1,0,0,13
5,11,1,1,1,0,14
5,15,1,1,0,0,14
5,33,1,1,0,0,14
5,36,1,1,0,0,14
5,62,1,1,0,0,14
5,83,1,1,1,0,14
5,120,1,1,0,0,14
5,132,1,1,0,0,14
5,136,1,1,0,0,14
5,140,1,1,0,0,14
5,188,1,1,0,0,14
5,193,1,1,0,0,14
5,227,1,1,0,0,14
5,233,1,1,0,0,14
5,242,1,1,0,1,14
5,261,1,1,1,0,14
5,282,1,1,0,0,14
5,297,1,1,0,0,14
5,314,1,1,0,0,14
5,330,1,1,0,0,14
5,359,1,1,0,0,14
5,386,1,1,0,0,14
5,400,1,1,0,0,14
5,427,1,1,0,0,14
5,434,1,1,0,0,14
5,437,1,1,0,0,14
5,439,1,1,1,0,14
5,443,1,1,0,0,14
5,447,1,1,0,1,14
5,471,1,1,0,0,14
5,472,1,1,0,0,14
5,485,1,1,0,0,14
5,492,1,1,0,0,14
5,533,1,1,1,0,14
5,537,1,1,0,1,14
5,565,1,1,0,1,14
5,581,1,1,1,0,14
5,593,1,1,0,0,14
5,613,1,1,0,1,14
5,631,1,1,0,0,14
5,633,1,1,0,0,14
5,640,1,1,0,0,14
5,646,1,1,0,0,14
5,667,1,1,0,0,14
5,686,1,1,0,0,14
5,689,1,1,0,0,14
5,702,1,1,0,0,14
5,711,1,1,0,0,14
5,712,1,1,0,0,14
5,717,1,1,0,0,14
5,724,1,1,0,0,14
5,732,1,1,0,0,14
5,734,1,1,1,0,14
5,739,1,1,0,0,14
5,742,1,1,0,1,14
5,747,1,1,0,0,14
5,753,1,1,0,0,14
5,775,1,1,0,0,14
5,815,1,1,0,0,14
5,817,1,1,0,0,14
5,818,1,1,0,0,14
5,826,1,1,0,0,14
5,858,1,1,0,0,14
5,878,1,1,0,0,14
5,888,1,1,0,0,14
5,893,1,1,0,0,14
5,896,1,1,0,0,14
5,903,1,1,0,0,14
5,916,1,1,0,1,14
5,933,1,1,1,0,14
5,943,1,1,1,0,14
5,953,1,1,0,0,14
5,954,1,1,0,0,14
5,966,1,1,0,0,14
5,976,1,1,0,0,14
5,982,1,1,0,0,14
5,997,1,1,0,0,14
5,1064,1,1,0,0,14
5,1074,1,1,0,0,14
5,1078,1,1,0,0,14
5,1119,1,1,0,0,14
5,1152,1,1,0,0,14
5,1155,1,1,0,0,14
5,1165,1,1,0,0,14
5,1178,1,1,0,0,14
5,1204,1,1,0,0,14
5,1206,1,1,0,0,14
5,1228,1,1,0,0,14
5,1249,1,1,0,0,14
5,1292,1,1,1,0,14
5,1294,1,1,0,0,14
5,1298,1,1,1,0,14
5,1303,1,1,0,0,14
5,1307,1,1,0,0,14
5,1314,1,1,0,0,14
5,1319,1,1,0,0,14
5,1347,1,1,0,0,14
5,1370,1,1,0,0,14
5,1375,1,1,0,0,14
5,1378,1,1,0,0,14
5,1397,1,1,0,0,14
5,1410,1,1,1,0,14
5,1417,1,1,0,0,14
5,1427,1,1,0,0,14
5,1443,1,1,0,0,14
5,1460,1,1,0,0,14
5,1463,1,1,0,0,14
5,1479,1,1,0,0,14
5,1481,1,1,0,0,14
5,1502,1,1,0,0,14
5,1522,1,1,1,0,14
5,1534,1,1,1,0,14
5,1551,1,1,0,0,14
5,1555,1,1,0,0,14
5,1560,1,1,1,0,14
5,1588,1,1,1,0,14
5,1613,1,1,0,0,14
5,1616,1,1,0,0,14
5,1618,1,1,0,0,14
5,1619,1,1,0,0,14
5,1637,1,1,0,0,14
5,1641,1,1,0,0,14
5,1646,1,1,0,0,14
5,1667,1,1,0,0,14
5,1682,1,1,0,1,14
5,1688,1,1,0,0,14
5,1755,1,1,0,0,14
5,1757,1,1,0,0,14
5,1802,1,1,1,0,14
5,1820,1,1,0,0,14
5,1832,1,1,0,0,14
5,1878,1,1,0,0,14
5,1892,1,1,1,0,14
5,1909,1,1,0,0,14
5,1924,1,1,0,0,14
5,1950,1,1,1,0,14
5,1974,1,1,1,0,14
5,1976,1,1,1,0,14
5,1988,1,1,0,0,14
5,1990,1,1,1,0,14
5,2007,1,1,0,0,14
5,2009,1,1,0,1,14
5,2010,1,1,0,0,14
5,2015,1,1,0,1,14
5,2037,1,1,0,0,14
5,2043,1,1,0,0,14
5,2044,1,1,0,1,14
5,2046,1,1,1,0,14
5,2053,1,1,0,0,14
5,2058,1,1,0,0,14
5,2076,1,1,0,1,14
5,2077,1,1,0,0,14
5,2095,1,1,1,0,14
5,2098,1,1,0,0,14
5,2103,1,1,0,0,14
5,2118,1,1,0,0,14
5,2144,1,1,1,0,14
5,2170,1,1,1,0,14
5,2174,1,1,0,0,14
5,2182,1,1,0,0,14
5,2187,1,1,0,0,14
5,2197,1,1,0,0,14
5,2203,1,1,0,0,14
5,2206,1,1,0,0,14
5,2223,1,1,0,0,14
5,2258,1,1,0,1,14
5,2266,1,1,0,1,14
5,2271,1,1,0,0,14
5,2277,1,1,0,0,14
5,2294,1,1,1,0,14
5,2311,1,1,0,0,14
5,2318,1,1,0,0,14
5,2351,1,1,0,0,14
5,2352,1,1,0,0,14
5,2364,1,1,0,0,14
5,2369,1,1,0,0,14
5,2371,1,1,1,0,14
5,2381,1,1,0,0,14
5,2383,1,1,1,0,14
5,2387,1,1,0,0,14
5,2411,1,1,1,0,14
5,2415,1,1,0,0,14
5,2444,1,1,0,0,14
5,2453,1,1,1,0,14
5,2470,1,1,0,0,14
6,10,3,1,0,1,0
6,18,3,1,0,0,0
6,28,3,1,0,0,0
6,44,3,1,0,0,0
6,52,3,1,0,0,0
6,99,3,1,0,0,0
6,116,3,1,1,0,0
6,134,3,1,1,0,0
6,144,3,1,0,1,0
6,155,3,1,1,0,0
6,158,3,1,0,0,0
6,165,3,1,0,0,0
6,196,3,1,1,0,0
6,204,3,1,0,0,0
6,211,3,1,1,0,0
6,213,3,1,0,1,0
6,214,3,1,0,0,0
6,222,3,1,0,0,0
6,228,3,1,0,0,0
6,259,3,1,0,0,0
6,264,3,1,0,0,0
6,266,3,1,0,0,0
6,274,3,1,0,0,0
6,278,3,1,0,0,0
6,280,3,1,0,0,0
6,284,3,1,0,1,0
6,292,3,1,0,1,0
6,303,3,1,0,0,0
6,323,3,1,0,0,0
6,328,3,1,0,0,0
6,331,3,1,0,0,0
6,335,3,1,0,0,0
6,341,3,1,0,0,0
6,371,3,1,0,0,0
6,392,3,1,0,0,0
6,399,3,1,0,0,0
6,411,3,1,0,0,0
6,419,3,1,0,0,0
6,450,3,1,0,0,0
6,508,3,1,1,0,0
6,527,3,1,0,0,0
6,536,3,1,0,1,0
6,545,3,1,0,0,0
6,546,3,1,0,0,0
6,573,3,1,1,0,0
6,582,3,1,0,1,0
6,598,3,1,0,1,0
6,638,3,1,0,0,0
6,641,3,1,0,0,0
6,663,3,1,0,0,0
6,666,3,1,0,0,0
6,668,3,1,0,0,0
6,683,3,1,0,0,0
6,694,3,1,0,0,0
6,725,3,1,0,0,0
6,750,3,1,0,0,0
6,790,3,1,1,0,0
6,824,3,1,0,0,0
6,831,3,1,0,0,0
6,833,3,1,0,0,0
6,836,3,1,1,0,0
6,870,3,1,0,0,0
6,885,3,1,0,1,0
6,891,3,1,0,0,0
6,897,3,1,0,0,0
6,909,3,1,0,0,0
6,951,3,1,0,0,0
6,956,3,1,0,0,0
6,957,3,1,1,0,0
6,958,3,1,0,0,0
6,963,3,1,0,1,0
6,970,3,1,1,0,0
6,977,3,1,1,0,0
6,1001,3,1,1,0,0
6,1042,3,1,0,1,0
6,1052,3,1,0,1,0
6,1066,3,1,0,1,0
6,1085,3,1,0,0,0
6,1100,3,1,0,0,0
6,1163,3,1,0,1,0
6,1166,3,1,0,0,0
6,1179,3,1,0,0,0
6,1186,3,1,0,0,0
6,1214,3,1,1,0,0
6,1231,3,1,0,0,0
6,1245,3,1,1,0,0
6,1260,3,1,0,0,0
6,1261,3,1,0,0,0
6,1277,3,1,1,0,0
6,1283,3,1,1,0,0
6,1316,3,1,0,0,0
6,1330,3,1,0,1,0
6,1356,3,1,0,0,0
6,1390,3,1,0,0,0
6,1398,3,1,0,0,0
6,1406,3,1,1,0,0
6,1408,3,1,0,0,0
6,1440,3,1,0,0,0
6,1452,3,1,1,0,0
6,1468,3,1,0,0,0
6,1475,3,1,0,0,0
6,1478,3,1,0,0,0
6,1483,3,1,0,0,0
6,1499,3,1,1,0,0
6,1507,3,1,0,1,0
6,1510,3,1,0,0,0
6,1513,3,1,0,0,0
6,1523,3,1,0,0,0
6,1529,3,1,0,1,0
6,1535,3,1,0,0,0
6,1543,3,1,0,1,0
6,1558,3,1,0,0,0
6,1561,3,1,0,1,0
6,1577,3,1,0,0,0
6,1584,3,1,0,0,0
6,1594,3,1,0,0,0
6,1604,3,1,0,0,0
6,1614,3,1,0,0,0
6,1617,3,1,0,1,0
6,1632,3,1,0,0,0
6,1662,3,1,0,0,0
6,1664,3,1,0,0,0
6,1698,3,1,0,0,0
6,1699,3,1,0,0,0
6,1762,3,1,0,0,0
6,1780,3,1,0,0,0
6,1782,3,1,0,0,0
6,1821,3,1,0,1,0
6,1825,3,1,0,0,0
6,1829,3,1,0,0,0
6,1833,3,1,0,0,0
6,1836,3,1,0,0,0
6,1840,3,1,0,0,0
6,1843,3,1,0,0,0
6,1845,3,1,1,0,0
6,1846,3,1,0,0,0
6,1876,3,1,0,0,0
6,1894,3,1,0,0,0
6,1895,3,1,0,0,0
6,1900,3,1,0,0,0
6,1917,3,1,1,0,0
6,1918,3,1,0,0,0
6,1943,3,1,0,0,0
6,1946,3,1,0,0,0
6,1954,3,1,0,0,0
6,1961,3,1,0,0,0
6,1966,3,1,0,1,0
6,1975,3,1,0,1,0
6,1983,3,1,0,0,0
6,2016,3,1,0,0,0
6,2032,3,1,0,0,0
6,2049,3,1,1,0,0
6,2052,3,1,0,0,0
6,2054,3,1,0,0,0
6,2073,3,1,0,0,0
6,2087,3,1,0,0,0
6,2104,3,1,0,0,0
6,2113,3,1,0,1,0
6,2121,3,1,0,0,0
6,2142,3,1,0,0,0
6,2173,3,1,0,0,0
6,2177,3,1,1,0,0
6,2185,3,1,0,1,0
6,2186,3,1,0,1,0
6,2211,3,1,0,0,0
6,2217,3,1,0,0,0
6,2221,3,1,1,0,0
6,2230,3,1,0,0,0
6,2243,3,1,0,0,0
6,2247,3,1,1,0,0
6,2262,3,1,0,0,0
6,2282,3,1,0,0,0
6,2301,3,1,0,0,0
6,2312,3,1,0,0,0
6,2315,3,1,0,0,0
6,2316,3,1,1,0,0
6,2326,3,1,0,0,0
6,2343,3,1,0,0,0
6,2345,3,1,0,0,0
6,2375,3,1,0,0,0
6,2382,3,1,0,0,0
6,2394,3,1,0,0,0
6,2397,3,1,1,0,0
6,2408,3,1,0,0,0
6,2409,3,1,0,0,0
6,2419,3,1,0,0,0
6,2449,3,1,0,0,0
6,2452,3,1,0,0,0
6,2467,3,1,0,0,0
6,2493,3,1,0,0,0
6,16,1,1,1,0,1
6,38,1,1,0,0,1
6,72,1,1,0,0,1
6,76,1,1,0,1,1
6,81,1,1,0,0,1
6,92,1,1,1,0,1
6,118,1,1,1,0,1
6,119,1,1,0,0,1
6,125,1,1,0,0,1
6,130,1,1,1,0,1
6,142,1,1,1,0,1
6,190,1,1,0,1,1
6,192,1,1,1,0,1
6,195,1,1,0,0,1
6,199,1,1,0,0,1
6,200,1,1,0,0,1
6,205,1,1,0,0,1
6,216,1,1,0,0,1
6,218,1,1,0,0,1
6,225,1,1,0,0,1
6,232,1,1,0,0,1
6,342,1,1,0,1,1
6,346,1,1,0,0,1
6,353,1,1,0,1,1
6,373,1,1,0,0,1
6,374,1,1,0,1,1
6,381,1,1,0,0,1
6,410,1,1,1,0,1
6,479,1,1,0,0,1
6,490,1,1,1,0,1
6,498,1,1,0,0,1
6,499,1,1,0,0,1
6,511,1,1,1,0,1
6,512,1,1,0,0,1
6,531,1,1,0,0,1
6,566,1,1,0,0,1
6,594,1,1,0,1,1
6,622,1,1,0,1,1
6,651,1,1,0,0,1
6,657,1,1,0,0,1
6,714,1,1,0,1,1
6,743,1,1,1,0,1
6,754,1,1,0,1,1
6,755,1,1,1,0,1
6,757,1,1,1,0,1
6,773,1,1,0,0,1
6,793,1,1,0,0,1
6,798,1,1,0,0,1
6,810,1,1,0,0,1
6,850,1,1,0,0,1
6,853,1,1,0,0,1
6,864,1,1,0,0,1
6,881,1,1,1,0,1
6,895,1,1,0,0,1
6,915,1,1,0,0,1
6,938,1,1,0,1,1
6,948,1,1,0,0,1
6,960,1,1,0,1,1
6,962,1,1,0,0,1
6,965,1,1,0,0,1
6,990,1,1,0,0,1
6,1038,1,1,1,0,1
6,1049,1,1,0,0,1
6,1099,1,1,0,0,1
6,1105,1,1,0,0,1
6,1114,1,1,0,0,1
6,1132,1,1,0,0,1
6,1135,1,1,1,0,1
6,1149,1,1,0,1,1
6,1158,1,1,0,0,1
6,1184,1,1,1,0,1
6,1237,1,1,0,0,1
6,1309,1,1,0,0,1
6,1310,1,1,0,0,1
6,1336,1,1,0,0,1
6,1344,1,1,0,1,1
6,1368,1,1,0,0,1
6,1371,1,1,0,0,1
6,1372,1,1,1,0,1
6,1386,1,1,0,1,1
6,1413,1,1,0,0,1
6,1430,1,1,0,0,1
6,1435,1,1,0,1,1
6,1438,1,1,0,1,1
6,1456,1,1,0,0,1
6,1464,1,1,1,0,1
6,1525,1,1,0,0,1
6,1532,1,1,1,0,1
6,1557,1,1,0,1,1
6,1559,1,1,0,1,1
6,1568,1,1,0,0,1
6,1576,1,1,0,0,1
6,1603,1,1,0,0,1
6,1612,1,1,0,0,1
6,1631,1,1,0,0,1
6,1668,1,1,0,0,1
6,1673,1,1,0,0,1
6,1679,1,1,0,0,1
6,1689,1,1,0,1,1
6,1707,1,1,0,0,1
6,1711,1,1,0,0,1
6,1713,1,1,0,0,1
6,1730,1,1,1,0,1
6,1736,1,1,0,0,1
6,1738,1,1,1,0,1
6,1739,1,1,0,0,1
6,1746,1,1,0,0,1
6,1768,1,1,0,0,1
6,1794,1,1,0,0,1
6,1801,1,1,0,0,1
6,1813,1,1,0,0,1
6,1819,1,1,0,0,1
6,1834,1,1,0,0,1
6,1838,1,1,0,0,1
6,1873,1,1,0,0,1
6,1904,1,1,0,0,1
6,1919,1,1,0,0,1
6,1932,1,1,0,0,1
6,1948,1,1,0,0,1
6,1951,1,1,0,0,1
6,1955,1,1,0,0,1
6,1960,1,1,0,0,1
6,1982,1,1,0,1,1
6,1985,1,1,0,0,1
6,1989,1,1,0,0,1
6,2008,1,1,0,0,1
6,2055,1,1,1,0,1
6,2102,1,1,0,0,1
6,2106,1,1,0,0,1
6,2149,1,1,0,0,1
6,2152,1,1,0,0,1
6,2207,1,1,0,0,1
6,2210,1,1,0,0,1
6,2212,1,1,0,0,1
6,2226,1,1,0,0,1
6,2228,1,1,0,0,1
6,2233,1,1,0,0,1
6,2235,1,1,0,1,1
6,2240,1,1,0,0,1
6,2242,1,1,1,0,1
6,2252,1,1,0,0,1
6,2288,1,1,1,0,1
6,2322,1,1,0,0,1
6,2330,1,1,0,0,1
6,2358,1,1,0,0,1
6,2376,1,1,0,0,1
6,2423,1,1,0,0,1
6,2442,1,1,0,0,1
6,2448,1,1,0,0,1
6,2455,1,1,0,0,1
6,2466,1,1,0,0,1
6,2469,1,1,0,0,1
6,2480,1,1,0,1,1
6,2496,1,1,0,0,1
6,22,1,1,0,0,2
6,46,1,1,0,0,2
6,98,1,1,1,0,2
6,108,1,1,0,0,2
6,111,1,1,0,0,2
6,113,1,1,0,0,2
6,135,1,1,0,0,2
6,168,1,1,0,0,2
6,179,1,1,0,0,2
6,187,1,1,0,0,2
6,212,1,1,0,0,2
6,235,1,1,0,0,2
6,255,1,1,0,1,2
6,296,1,1,0,0,2
6,310,1,1,0,0,2
6,325,1,1,0,0,2
6,329,1,1,0,0,2
6,345,1,1,0,0,2
6,416,1,1,0,0,2
6,438,1,1,1,0,2
6,556,1,1,0,0,2
6,589,1,1,0,0,2
6,628,1,1,0,0,2
6,654,1,1,0,0,2
6,660,1,1,1,0,2
6,673,1,1,0,0,2
6,676,1,1,0,0,2
6,692,1,1,0,0,2
6,719,1,1,0,0,2
6,727,1,1,0,0,2
6,771,1,1,0,0,2
6,797,1,1,0,0,2
6,804,1,1,0,0,2
6,828,1,1,0,0,2
6,838,1,1,0,0,2
6,841,1,1,0,0,2
6,852,1,1,0,0,2
6,865,1,1,0,1,2
6,917,1,1,0,0,2
6,946,1,1,1,0,2
6,998,1,1,1,0,2
6,1005,1,1,1,0,2
6,1024,1,1,0,0,2
6,1032,1,1,0,0,2
6,1057,1,1,0,0,2
6,1072,1,1,0,1,2
6,1101,1,1,0,1,2
6,1134,1,1,1,0,2
6,1156,1,1,1,0,2
6,1177,1,1,0,0,2
6,1181,1,1,0,0,2
6,1183,1,1,0,0,2
6,1190,1,1,0,0,2
6,1200,1,1,0,0,2
6,1220,1,1,0,1,2
6,1227,1,1,0,0,2
6,1246,1,1,0,0,2
6,1265,1,1,0,0,2
6,1280,1,1,0,1,2
6,1315,1,1,0,0,2
6,1338,1,1,0,0,2
6,1355,1,1,0,0,2
6,1366,1,1,0,0,2
6,1374,1,1,0,0,2
6,1393,1,1,0,1,2
6,1412,1,1,0,0,2
6,1446,1,1,0,0,2
6,1486,1,1,0,0,2
6,1498,1,1,0,0,2
6,1501,1,1,1,0,2
6,1505,1,1,0,0,2
6,1514,1,1,0,0,2
6,1518,1,1,0,0,2
6,1524,1,1,0,0,2
6,1536,1,1,0,0,2
6,1582,1,1,0,0,2
6,1600,1,1,0,0,2
6,1626,1,1,0,0,2
6,1670,1,1,0,0,2
6,1686,1,1,0,0,2
6,1690,1,1,0,0,2
6,1741,1,1,0,0,2
6,1764,1,1,0,0,2
6,1771,1,1,0,0,2
6,1785,1,1,1,0,2
6,1830,1,1,0,0,2
6,1837,1,1,0,0,2
6,1848,1,1,0,0,2
6,1874,1,1,1,0,2
6,1887,1,1,1,0,2
6,1922,1,1,0,0,2
6,1942,1,1,0,0,2
6,1958,1,1,0,1,2
6,1979,1,1,0,1,2
6,2006,1,1,1,0,2
6,2018,1,1,0,0,2
6,2040,1,1,0,0,2
6,2041,1,1,0,0,2
6,2056,1,1,0,1,2
6,2057,1,1,0,0,2
6,2062,1,1,0,1,2
6,2071,1,1,0,0,2
6,2078,1,1,0,0,2
6,2110,1,1,0,0,2
6,2138,1,1,0,1,2
6,2147,1,1,0,0,2
6,2245,1,1,0,0,2
6,2278,1,1,0,0,2
6,2290,1,1,0,0,2
6,2306,1,1,0,0,2
6,2354,1,1,0,0,2
6,2357,1,1,0,0,2
6,2362,1,1,0,0,2
6,2368,1,1,0,1,2
6,2402,1,1,0,0,2
6,2416,1,1,0,0,2
6,2417,1,1,1,0,2
6,2441,1,1,1,0,2
6,2460,1,1,0,0,2
6,2465,1,1,1,0,2
6,2491,1,1,0,0,2
6,53,1,1,0,0,3
6,57,1,1,1,0,3
6,66,1,1,1,0,3
6,67,1,1,0,0,3
6,75,1,1,0,1,3
6,101,1,1,0,0,3
6,103,1,1,0,0,3
6,153,1,1,0,1,3
6,156,1,1,1,0,3
6,178,1,1,0,0,3
6,185,1,1,0,0,3
6,194,1,1,0,0,3
6,219,1,1,0,0,3
6,246,1,1,0,0,3
6,248,1,1,0,0,3
6,275,1,1,0,0,3
6,320,1,1,0,0,3
6,326,1,1,0,1,3
6,332,1,1,1,0,3
6,368,1,1,0,0,3
6,387,1,1,0,0,3
6,405,1,1,0,0,3
6,423,1,1,0,0,3
6,433,1,1,0,0,3
6,452,1,1,0,0,3
6,454,1,1,1,0,3
6,468,1,1,0,0,3
6,474,1,1,0,0,3
6,539,1,1,0,1,3
6,540,1,1,0,1,3
6,547,1,1,0,0,3
6,572,1,1,0,0,3
6,574,1,1,0,0,3
6,595,1,1,0,1,3
6,599,1,1,0,0,3
6,601,1,1,0,0,3
6,624,1,1,0,0,3
6,655,1,1,0,1,3
6,656,1,1,0,0,3
6,671,1,1,0,0,3
6,677,1,1,0,0,3
6,685,1,1,0,0,3
6,691,1,1,0,0,3
6,738,1,1,1,0,3
6,741,1,1,0,0,3
6,752,1,1,0,1,3
6,767,1,1,0,1,3
6,776,1,1,0,0,3
6,779,1,1,1,0,3
6,801,1,1,0,0,3
6,807,1,1,0,1,3
6,839,1,1,0,0,3
6,840,1,1,0,0,3
6,844,1,1,0,1,3
6,854,1,1,0,0,3
6,861,1,1,1,0,3
6,862,1,1,0,0,3
6,872,1,1,0,1,3
6,907,1,1,0,0,3
6,914,1,1,1,0,3
6,930,1,1,0,0,3
6,1007,1,1,0,0,3
6,1011,1,1,1,0,3
6,1045,1,1,0,0,3
6,1053,1,1,0,0,3
6,1077,1,1,1,0,3
6,1147,1,1,0,0,3
6,1151,1,1,0,0,3
6,1169,1,1,1,0,3
6,1192,1,1,1,0,3
6,1213,1,1,0,0,3
6,1226,1,1,0,0,3
6,1230,1,1,0,0,3
6,1272,1,1,0,0,3
6,1289,1,1,1,0,3
6,1295,1,1,0,0,3
6,1300,1,1,0,0,3
6,1305,1,1,1,0,3
6,1311,1,1,0,0,3
6,1313,1,1,0,1,3
6,1349,1,1,0,0,3
6,1350,1,1,0,0,3
6,1358,1,1,0,0,3
6,1359,1,1,0,0,3
6,1361,1,1,0,0,3
6,1403,1,1,0,0,3
6,1426,1,1,0,1,3
6,1476,1,1,0,0,3
6,1497,1,1,0,0,3
6,1506,1,1,0,0,3
6,1527,1,1,1,0,3
6,1581,1,1,0,0,3
6,1589,1,1,0,0,3
6,1649,1,1,0,0,3
6,1650,1,1,1,0,3
6,1659,1,1,0,0,3
6,1663,1,1,0,0,3
6,1719,1,1,0,0,3
6,1724,1,1,0,0,3
6,1725,1,1,0,0,3
6,1733,1,1,0,0,3
6,1791,1,1,0,1,3
6,1806,1,1,1,0,3
6,1827,1,1,0,0,3
6,1844,1,1,0,1,3
6,1862,1,1,0,0,3
6,1877,1,1,0,0,3
6,1880,1,1,0,0,3
6,1896,1,1,0,0,3
6,1928,1,1,0,0,3
6,1933,1,1,0,1,3
6,1945,1,1,0,0,3
6,1957,1,1,0,0,3
6,1970,1,1,0,0,3
6,1971,1,1,0,0,3
6,2025,1,1,0,0,3
6,2063,1,1,0,0,3
6,2070,1,1,1,0,3
6,2074,1,1,0,0,3
6,2094,1,1,0,0,3
6,2116,1,1,0,0,3
6,2159,1,1,0,0,3
6,2175,1,1,0,0,3
6,2192,1,1,0,0,3
6,2193,1,1,0,0,3
6,2205,1,1,0,0,3
6,2214,1,1,0,0,3
6,2220,1,1,0,0,3
6,2237,1,1,1,0,3
6,2239,1,1,0,0,3
6,2246,1,1,0,0,3
6,2255,1,1,1,0,3
6,2265,1,1,0,0,3
6,2275,1,1,0,0,3
6,2276,1,1,0,0,3
6,2284,1,1,0,0,3
6,2287,1,1,0,0,3
6,2295,1,1,0,0,3
6,2299,1,1,0,0,3
6,2323,1,1,0,0,3
6,2337,1,1,0,0,3
6,2370,1,1,0,0,3
6,2390,1,1,0,0,3
6,2403,1,1,0,0,3
6,2427,1,1,0,0,3
6,2487,1,1,0,0,3
6,39,1,1,0,0,4
6,80,1,1,1,0,4
6,129,1,1,0,0,4
6,143,1,1,0,0,4
6,183,1,1,0,0,4
6,184,1,1,0,0,4
6,198,1,1,0,1,4
6,217,1,1,0,0,4
6,226,1,1,0,0,4
6,231,1,1,0,0,4
6,250,1,1,0,0,4
6,289,1,1,0,0,4
6,299,1,1,0,0,4
6,305,1,1,0,1,4
6,317,1,1,0,1,4
6,327,1,1,0,1,4
6,358,1,1,0,1,4
6,365,1,1,1,0,4
6,369,1,1,0,0,4
6,375,1,1,0,0,4
6,385,1,1,0,0,4
6,398,1,1,0,0,4
6,408,1,1,0,0,4
6,412,1,1,0,0,4
6,424,1,1,0,0,4
6,425,1,1,0,0,4
6,432,1,1,0,0,4
6,448,1,1,1,0,4
6,462,1,1,0,0,4
6,481,1,1,0,0,4
6,494,1,1,0,0,4
6,500,1,1,0,0,4
6,510,1,1,0,0,4
6,524,1,1,0,0,4
6,530,1,1,0,0,4
6,542,1,1,0,0,4
6,576,1,1,0,0,4
6,586,1,1,0,0,4
6,606,1,1,0,0,4
6,608,1,1,0,0,4
6,626,1,1,1,0,4
6,634,1,1,0,0,4
6,659,1,1,0,0,4
6,662,1,1,0,0,4
6,665,1,1,0,1,4
6,670,1,1,0,0,4
6,675,1,1,0,0,4
6,678,1,1,0,0,4
6,679,1,1,0,0,4
6,680,1,1,0,0,4
6,698,1,1,1,0,4
6,699,1,1,0,0,4
6,716,1,1,1,0,4
6,721,1,1,0,0,4
6,768,1,1,0,0,4
6,855,1,1,1,0,4
6,869,1,1,1,0,4
6,908,1,1,1,0,4
6,913,1,1,0,0,4
6,923,1,1,0,0,4
6,967,1,1,0,0,4
6,1034,1,1,0,0,4
6,1050,1,1,0,1,4
6,1079,1,1,0,0,4
6,1086,1,1,0,0,4
6,1092,1,1,0,0,4
6,1111,1,1,0,0,4
6,1113,1,1,0,0,4
6,1138,1,1,0,0,4
6,1145,1,1,0,0,4
6,1224,1,1,0,0,4
6,1257,1,1,0,0,4
6,1274,1,1,0,0,4
6,1278,1,1,1,0,4
6,1308,1,1,0,1,4
6,1325,1,1,0,0,4
6,1329,1,1,0,0,4
6,1332,1,1,1,0,4
6,1340,1,1,0,0,4
6,1352,1,1,0,0,4
6,1353,1,1,0,0,4
6,1354,1,1,0,0,4
6,1399,1,1,0,0,4
6,1405,1,1,0,0,4
6,1420,1,1,0,1,4
6,1493,1,1,0,1,4
6,1508,1,1,0,0,4
6,1509,1,1,0,0,4
6,1537,1,1,0,0,4
6,1538,1,1,1,0,4
6,1541,1,1,0,0,4
6,1544,1,1,0,0,4
6,1546,1,1,0,0,4
6,1563,1,1,1,0,4
6,1564,1,1,0,1,4
6,1572,1,1,1,0,4
6,1666,1,1,0,0,4
6,1685,1,1,0,0,4
6,1693,1,1,0,0,4
6,1701,1,1,0,0,4
6,1709,1,1,0,0,4
6,1715,1,1,0,0,4
6,1723,1,1,0,1,4
6,1728,1,1,0,0,4
6,1752,1,1,0,0,4
6,1754,1,1,0,0,4
6,1756,1,1,0,0,4
6,1765,1,1,0,0,4
6,1781,1,1,0,0,4
6,1783,1,1,0,0,4
6,1787,1,1,1,0,4
6,1789,1,1,0,0,4
6,1795,1,1,0,0,4
6,1797,1,1,1,0,4
6,1800,1,1,0,0,4
6,1804,1,1,0,1,4
6,1807,1,1,0,0,4
6,1811,1,1,0,0,4
6,1849,1,1,0,0,4
6,1858,1,1,1,0,4
6,1881,1,1,0,0,4
6,1885,1,1,0,0,4
6,1897,1,1,0,0,4
6,1899,1,1,0,0,4
6,1913,1,1,1,0,4
6,1993,1,1,0,0,4
6,2001,1,1,0,0,4
6,2013,1,1,0,0,4
6,2021,1,1,0,0,4
6,2022,1,1,0,1,4
6,2028,1,1,0,0,4
6,2038,1,1,0,0,4
6,2042,1,1,0,1,4
6,2045,1,1,1,0,4
6,2065,1,1,0,0,4
6,2086,1,1,0,0,4
6,2100,1,1,0,0,4
6,2108,1,1,0,0,4
6,2112,1,1,0,0,4
6,2133,1,1,0,1,4
6,2148,1,1,1,0,4
6,2215,1,1,0,0,4
6,2222,1,1,0,0,4
6,2285,1,1,1,0,4
6,2297,1,1,0,0,4
6,2305,1,1,0,0,4
6,2307,1,1,1,0,4
6,2325,1,1,0,0,4
6,2348,1,1,0,0,4
6,2355,1,1,1,0,4
6,2363,1,1,0,0,4
6,2393,1,1,0,0,4
6,2426,1,1,0,1,4
6,2433,1,1,0,0,4
6,2435,1,1,0,0,4
6,2450,1,1,0,0,4
6,2490,1,1,0,0,4
6,9,1,1,0,1,5
6,13,1,1,0,0,5
6,27,1,1,0,0,5
6,54,1,1,0,0,5
6,65,1,1,0,0,5
6,96,1,1,0,0,5
6,112,1,1,0,0,5
6,122,1,1,1,0,5
6,138,1,1,0,0,5
6,139,1,1,0,0,5
6,154,1,1,1,0,5
6,162,1,1,0,0,5
6,163,1,1,0,0,5
6,173,1,1,0,1,5
6,197,1,1,1,0,5
6,229,1,1,0,1,5
6,260,1,1,0,0,5
6,285,1,1,0,1,5
6,290,1,1,0,0,5
6,293,1,1,0,0,5
6,298,1,1,0,0,5
6,301,1,1,0,0,5
6,308,1,1,0,1,5
6,334,1,1,0,0,5
6,343,1,1,0,0,5
6,361,1,1,0,0,5
6,367,1,1,0,0,5
6,394,1,1,0,0,5
6,395,1,1,1,0,5
6,396,1,1,0,1,5
6,426,1,1,0,0,5
6,457,1,1,0,0,5
6,463,1,1,0,0,5
6,486,1,1,0,1,5
6,491,1,1,0,0,5
6,505,1,1,0,0,5
6,506,1,1,0,0,5
6,520,1,1,0,0,5
6,554,1,1,1,0,5
6,559,1,1,0,0,5
6,563,1,1,1,0,5
6,568,1,1,0,1,5
6,578,1,1,0,0,5
6,580,1,1,0,0,5
6,588,1,1,0,1,5
6,592,1,1,0,0,5
6,674,1,1,0,0,5
6,695,1,1,0,0,5
6,697,1,1,0,0,5
6,708,1,1,0,0,5
6,713,1,1,0,0,5
6,756,1,1,0,0,5
6,761,1,1,0,0,5
6,769,1,1,0,0,5
6,774,1,1,0,0,5
6,778,1,1,1,0,5
6,822,1,1,0,0,5
6,835,1,1,0,0,5
6,847,1,1,0,0,5
6,849,1,1,1,0,5
6,879,1,1,0,0,5
6,882,1,1,0,0,5
6,898,1,1,0,0,5
6,901,1,1,0,0,5
6,905,1,1,0,1,5
6,919,1,1,0,0,5
6,936,1,1,0,1,5
6,945,1,1,0,0,5
6,973,1,1,0,0,5
6,992,1,1,0,0,5
6,995,1,1,0,0,5
6,1030,1,1,0,0,5
6,1044,1,1,0,0,5
6,1062,1,1,0,0,5
6,1088,1,1,0,0,5
6,1095,1,1,1,0,5
6,1125,1,1,1,0,5
6,1131,1,1,0,0,5
6,1153,1,1,1,0,5
6,1180,1,1,0,0,5
6,1194,1,1,0,0,5
6,1202,1,1,0,0,5
6,1208,1,1,0,0,5
6,1218,1,1,0,0,5
6,1221,1,1,1,0,5
6,1223,1,1,0,0,5
6,1234,1,1,0,0,5
6,1248,1,1,0,0,5
6,1286,1,1,0,0,5
6,1287,1,1,0,0,5
6,1334,1,1,0,0,5
6,1335,1,1,0,0,5
6,1346,1,1,0,0,5
6,1373,1,1,0,0,5
6,1384,1,1,0,0,5
6,1388,1,1,0,0,5
6,1411,1,1,0,0,5
6,1414,1,1,0,0,5
6,1433,1,1,0,0,5
6,1451,1,1,0,0,5
6,1457,1,1,0,0,5
6,1470,1,1,1,0,5
6,1474,1,1,0,0,5
6,1517,1,1,0,0,5
6,1520,1,1,0,1,5
6,1566,1,1,0,1,5
6,1574,1,1,0,0,5
6,1585,1,1,0,1,5
6,1607,1,1,0,0,5
6,1615,1,1,0,0,5
6,1630,1,1,0,0,5
6,1645,1,1,0,0,5
6,1687,1,1,0,0,5
6,1697,1,1,0,0,5
6,1700,1,1,0,0,5
6,1722,1,1,0,0,5
6,1726,1,1,0,0,5
6,1734,1,1,0,0,5
6,1767,1,1,0,0,5
6,1776,1,1,0,0,5
6,1788,1,1,1,0,5
6,1805,1,1,1,0,5
6,1808,1,1,0,1,5
6,1831,1,1,0,1,5
6,1860,1,1,0,0,5
6,1866,1,1,0,1,5
6,1869,1,1,0,0,5
6,1908,1,1,0,1,5
6,1940,1,1,0,0,5
6,1944,1,1,0,0,5
6,1984,1,1,0,0,5
6,1986,1,1,0,0,5
6,1992,1,1,0,0,5
6,2048,1,1,0,0,5
6,2081,1,1,0,0,5
6,2084,1,1,0,1,5
6,2105,1,1,0,0,5
6,2122,1,1,0,0,5
6,2123,1,1,0,0,5
6,2124,1,1,0,1,5
6,2137,1,1,0,0,5
6,2165,1,1,1,0,5
6,2168,1,1,0,0,5
6,2196,1,1,0,0,5
6,2218,1,1,0,0,5
6,2219,1,1,0,0,5
6,2227,1,1,0,1,5
6,2231,1,1,1,0,5
6,2238,1,1,0,0,5
6,2241,1,1,0,0,5
6,2251,1,1,0,1,5
6,2260,1,1,0,0,5
6,2263,1,1,0,0,5
6,2264,1,1,0,0,5
6,2273,1,1,0,0,5
6,2304,1,1,0,0,5
6,2309,1,1,1,0,5
6,2321,1,1,0,0,5
6,2324,1,1,0,0,5
6,2331,1,1,0,0,5
6,2332,1,1,0,0,5
6,2339,1,1,0,1,5
6,2349,1,1,0,1,5
6,2378,1,1,0,0,5
6,2400,1,1,1,0,5
6,2405,1,1,1,0,5
6,2410,1,1,0,0,5
6,2486,1,1,0,1,5
6,2494,1,1,0,0,5
6,58,1,1,0,0,6
6,64,1,1,1,0,6
6,68,1,1,0,0,6
6,74,1,1,0,0,6
6,85,1,1,0,0,6
6,87,1,1,0,0,6
6,89,1,1,0,0,6
6,95,1,1,1,0,6
6,97,1,1,0,0,6
6,104,1,1,0,0,6
6,105,1,1,0,0,6
6,109,1,1,0,1,6
6,131,1,1,0,0,6
6,147,1,1,0,0,6
6,161,1,1,0,1,6
6,164,1,1,0,0,6
6,215,1,1,0,0,6
6,220,1,1,0,1,6
6,234,1,1,0,0,6
6,244,1,1,0,0,6
6,247,1,1,0,0,6
6,249,1,1,1,0,6
6,252,1,1,1,0,6
6,253,1,1,0,0,6
6,272,1,1,0,0,6
6,291,1,1,0,0,6
6,295,1,1,0,0,6
6,302,1,1,0,0,6
6,307,1,1,1,0,6
6,316,1,1,0,0,6
6,318,1,1,0,0,6
6,336,1,1,0,0,6
6,360,1,1,0,0,6
6,379,1,1,0,0,6
6,384,1,1,1,0,6
6,390,1,1,0,0,6
6,418,1,1,1,0,6
6,428,1,1,1,0,6
6,430,1,1,0,1,6
6,440,1,1,0,0,6
6,456,1,1,0,0,6
6,465,1,1,1,0,6
6,467,1,1,0,0,6
6,475,1,1,0,0,6
6,497,1,1,0,0,6
6,514,1,1,0,0,6
6,515,1,1,1,0,6
6,516,1,1,0,0,6
6,519,1,1,0,0,6
6,526,1,1,0,0,6
6,529,1,1,0,0,6
6,596,1,1,0,0,6
6,609,1,1,0,0,6
6,629,1,1,0,0,6
6,637,1,1,0,0,6
6,644,1,1,0,0,6
6,696,1,1,0,0,6
6,704,1,1,0,0,6
6,715,1,1,0,0,6
6,730,1,1,0,0,6
6,733,1,1,0,0,6
6,749,1,1,0,0,6
6,759,1,1,1,0,6
6,777,1,1,0,0,6
6,781,1,1,0,0,6
6,787,1,1,0,0,6
6,799,1,1,0,0,6
6,800,1,1,0,1,6
6,803,1,1,0,0,6
6,806,1,1,1,0,6
6,816,1,1,0,0,6
6,829,1,1,0,0,6
6,851,1,1,0,0,6
6,860,1,1,0,1,6
6,863,1,1,0,0,6
6,868,1,1,0,0,6
6,871,1,1,0,0,6
6,883,1,1,0,0,6
6,887,1,1,0,0,6
6,889,1,1,1,0,6
6,899,1,1,1,0,6
6,906,1,1,0,0,6
6,918,1,1,0,0,6
6,920,1,1,0,1,6
6,921,1,1,0,0,6
6,955,1,1,0,0,6
6,961,1,1,0,1,6
6,991,1,1,0,0,6
6,993,1,1,0,0,6
6,996,1,1,1,0,6
6,1019,1,1,0,0,6
6,1029,1,1,0,0,6
6,1031,1,1,0,0,6
6,1054,1,1,0,0,6
6,1055,1,1,0,0,6
6,1059,1,1,0,1,6
6,1065,1,1,0,0,6
6,1069,1,1,0,1,6
6,1084,1,1,1,0,6
6,1090,1,1,0,0,6
6,1102,1,1,0,0,6
6,1103,1,1,1,0,6
6,1112,1,1,0,0,6
6,1120,1,1,0,0,6
6,1140,1,1,0,0,6
6,1148,1,1,0,0,6
6,1154,1,1,0,1,6
6,1161,1,1,0,0,6
6,1175,1,1,0,0,6
6,1182,1,1,0,0,6
6,1188,1,1,0,0,6
6,1191,1,1,0,0,6
6,1193,1,1,0,0,6
6,1207,1,1,0,0,6
6,1222,1,1,0,0,6
6,1239,1,1,0,0,6
6,1240,1,1,0,0,6
6,1273,1,1,1,0,6
6,1275,1,1,0,1,6
6,1281,1,1,0,0,6
6,1304,1,1,0,0,6
6,1322,1,1,0,1,6
6,1324,1,1,0,1,6
6,1377,1,1,0,0,6
6,1379,1,1,1,0,6
6,1401,1,1,0,1,6
6,1416,1,1,0,0,6
6,1437,1,1,0,0,6
6,1458,1,1,0,0,6
6,1459,1,1,0,0,6
6,1482,1,1,0,0,6
6,1484,1,1,0,0,6
6,1488,1,1,0,1,6
6,1490,1,1,0,0,6
6,1521,1,1,0,0,6
6,1530,1,1,0,1,6
6,1575,1,1,0,1,6
6,1595,1,1,0,0,6
6,1598,1,1,0,0,6
6,1623,1,1,0,1,6
6,1635,1,1,0,0,6
6,1642,1,1,0,1,6
6,1658,1,1,0,0,6
6,1681,1,1,0,0,6
6,1702,1,1,0,0,6
6,1708,1,1,0,0,6
6,1710,1,1,0,0,6
6,1735,1,1,0,1,6
6,1742,1,1,0,0,6
6,1761,1,1,0,0,6
6,1774,1,1,0,0,6
6,1814,1,1,0,0,6
6,1864,1,1,0,0,6
6,1875,1,1,0,0,6
6,1879,1,1,0,0,6
6,1889,1,1,0,0,6
6,1898,1,1,0,0,6
6,1936,1,1,0,0,6
6,1956,1,1,0,1,6
6,1965,1,1,0,1,6
6,1980,1,1,0,1,6
6,2012,1,1,0,1,6
6,2017,1,1,0,0,6
6,2020,1,1,0,0,6
6,2029,1,1,0,0,6
6,2031,1,1,0,0,6
6,2059,1,1,0,0,6
6,2075,1,1,0,0,6
6,2082,1,1,0,0,6
6,2092,1,1,0,0,6
6,2107,1,1,0,0,6
6,2114,1,1,0,0,6
6,2117,1,1,0,0,6
6,2120,1,1,0,0,6
6,2130,1,1,0,0,6
6,2155,1,1,0,1,6
6,2157,1,1,0,0,6
6,2172,1,1,1,0,6
6,2183,1,1,0,1,6
6,2191,1,1,0,0,6
6,2199,1,1,0,1,6
6,2204,1,1,0,0,6
6,2216,1,1,0,0,6
6,2269,1,1,1,0,6
6,2272,1,1,0,0,6
6,2286,1,1,0,0,6
6,2300,1,1,0,0,6
6,2333,1,1,0,0,6
6,2335,1,1,0,0,6
6,2380,1,1,0,0,6
6,2385,1,1,0,0,6
6,2399,1,1,0,1,6
6,2418,1,1,0,1,6
6,2421,1,1,0,0,6
6,2475,1,1,1,0,6
6,2477,1,1,0,1,6
6,2495,1,1,0,1,6
6,2499,1,1,1,0,6
6,17,2,3,0,0,7
6,25,2,3,0,0,7
6,47,2,3,2,0,7
6,110,2,3,0,0,7
6,121,2,3,1,0,7
6,126,2,3,2,0,7
6,141,2,3,0,0,7
6,148,2,3,0,0,7
6,159,2,3,0,0,7
6,170,2,3,0,0,7
6,172,2,3,0,3,7
6,186,2,3,0,0,7
6,238,2,3,0,0,7
6,251,2,3,0,0,7
6,270,2,3,0,0,7
6,287,2,3,0,0,7
6,324,2,3,0,1,7
6,348,2,3,0,0,7
6,356,2,3,0,1,7
6,370,2,3,0,0,7
6,377,2,3,1,0,7
6,383,2,3,0,0,7
6,389,2,3,0,0,7
6,391,2,3,0,0,7
6,401,2,3,0,0,7
6,476,2,3,0,0,7
6,483,2,3,0,0,7
6,487,2,3,0,0,7
6,504,2,3,0,0,7
6,513,2,3,0,0,7
6,521,2,3,0,0,7
6,522,2,3,0,0,7
6,534,2,3,0,0,7
6,552,2,3,1,0,7
6,562,2,3,0,0,7
6,603,2,3,0,0,7
6,604,2,3,0,0,7
6,621,2,3,0,0,7
6,625,2,3,2,0,7
6,684,2,3,0,0,7
6,722,2,3,1,0,7
6,745,2,3,1,0,7
6,758,2,3,0,0,7
6,780,2,3,2,0,7
6,783,2,3,0,0,7
6,811,2,3,0,1,7
6,820,2,3,0,0,7
6,876,2,3,2,0,7
6,894,2,3,0,0,7
6,900,2,3,0,0,7
6,912,2,3,2,0,7
6,934,2,3,0,0,7
6,937,2,3,0,0,7
6,941,2,3,0,0,7
6,942,2,3,0,3,7
6,964,2,3,0,0,7
6,975,2,3,0,0,7
6,1009,2,3,0,0,7
6,1040,2,3,0,0,7
6,1076,2,3,0,0,7
6,1082,2,3,0,0,7
6,1096,2,3,0,0,7
6,1109,2,3,0,0,7
6,1128,2,3,0,0,7
6,1129,2,3,0,0,7
6,1146,2,3,0,0,7
6,1170,2,3,0,0,7
6,1176,2,3,0,0,7
6,1195,2,3,0,0,7
6,1219,2,3,0,0,7
6,1264,2,3,2,0,7
6,1279,2,3,0,0,7
6,1297,2,3,0,0,7
6,1301,2,3,0,0,7
6,1381,2,3,0,0,7
6,1415,2,3,0,0,7
6,1445,2,3,0,0,7
6,1519,2,3,0,0,7
6,1526,2,3,0,1,7
6,1533,2,3,0,0,7
6,1540,2,3,1,0,7
6,1554,2,3,0,1,7
6,1556,2,3,0,0,7
6,1578,2,3,2,0,7
6,1579,2,3,0,0,7
6,1596,2,3,0,0,7
6,1599,2,3,0,0,7
6,1678,2,3,0,0,7
6,1692,2,3,0,0,7
6,1694,2,3,0,0,7
6,1718,2,3,0,0,7
6,1778,2,3,0,0,7
6,1784,2,3,0,0,7
6,1792,2,3,0,0,7
6,1793,2,3,2,0,7
6,1841,2,3,0,0,7
6,1851,2,3,2,0,7
6,1972,2,3,0,0,7
6,1978,2,3,0,0,7
6,2000,2,3,0,0,7
6,2003,2,3,0,1,7
6,2033,2,3,0,3,7
6,2034,2,3,0,0,7
6,2083,2,3,0,3,7
6,2128,2,3,0,1,7
6,2160,2,3,0,0,7
6,2163,2,3,1,0,7
6,2209,2,3,0,0,7
6,2232,2,3,0,0,7
6,2234,2,3,0,0,7
6,2236,2,3,1,0,7
6,2254,2,3,1,0,7
6,2267,2,3,0,0,7
6,2320,2,3,0,0,7
6,2340,2,3,0,0,7
6,2346,2,3,0,1,7
6,2361,2,3,0,0,7
6,2365,2,3,0,0,7
6,2372,2,3,0,3,7
6,2373,2,3,0,0,7
6,2432,2,3,0,0,7
6,2461,2,3,0,0,7
6,2464,2,3,0,0,7
6,2479,2,3,0,0,7
6,2482,2,3,0,0,7
6,2484,2,3,1,0,7
6,3,1,1,0,0,8
6,40,1,1,1,0,8
6,41,1,1,1,0,8
6,49,1,1,0,0,8
6,70,1,1,0,0,8
6,82,1,1,0,0,8
6,84,1,1,0,0,8
6,90,1,1,0,0,8
6,115,1,1,0,0,8
6,128,1,1,0,0,8
6,137,1,1,0,0,8
6,202,1,1,0,0,8
6,230,1,1,0,0,8
6,243,1,1,1,0,8
6,256,1,1,0,0,8
6,263,1,1,0,0,8
6,267,1,1,0,0,8
6,304,1,1,0,0,8
6,321,1,1,0,0,8
6,337,1,1,1,0,8
6,349,1,1,0,1,8
6,362,1,1,1,0,8
6,380,1,1,0,0,8
6,406,1,1,0,0,8
6,441,1,1,0,0,8
6,445,1,1,0,0,8
6,460,1,1,0,0,8
6,493,1,1,0,0,8
6,496,1,1,1,0,8
6,501,1,1,0,0,8
6,543,1,1,0,0,8
6,548,1,1,0,1,8
6,557,1,1,0,0,8
6,590,1,1,0,0,8
6,605,1,1,0,0,8
6,639,1,1,0,0,8
6,653,1,1,0,0,8
6,661,1,1,0,0,8
6,701,1,1,0,1,8
6,706,1,1,1,0,8
6,707,1,1,0,0,8
6,726,1,1,0,1,8
6,728,1,1,0,0,8
6,740,1,1,1,0,8
6,764,1,1,0,0,8
6,788,1,1,0,0,8
6,808,1,1,1,0,8
6,823,1,1,0,1,8
6,827,1,1,0,0,8
6,877,1,1,0,0,8
6,880,1,1,0,0,8
6,892,1,1,0,0,8
6,981,1,1,0,0,8
6,987,1,1,0,0,8
6,994,1,1,0,0,8
6,1018,1,1,0,0,8
6,1023,1,1,0,0,8
6,1046,1,1,1,0,8
6,1047,1,1,0,0,8
6,1073,1,1,0,0,8
6,1106,1,1,0,0,8
6,1136,1,1,0,0,8
6,1168,1,1,0,0,8
6,1197,1,1,0,0,8
6,1199,1,1,1,0,8
6,1205,1,1,1,0,8
6,1242,1,1,0,1,8
6,1252,1,1,0,0,8
6,1268,1,1,0,0,8
6,1269,1,1,0,0,8
6,1276,1,1,0,1,8
6,1284,1,1,0,0,8
6,1291,1,1,0,0,8
6,1323,1,1,1,0,8
6,1328,1,1,0,0,8
6,1331,1,1,0,0,8
6,1360,1,1,0,0,8
6,1363,1,1,0,0,8
6,1367,1,1,0,0,8
6,1395,1,1,0,1,8
6,1419,1,1,0,0,8
6,1454,1,1,0,1,8
6,1462,1,1,0,0,8
6,1466,1,1,0,0,8
6,1472,1,1,0,0,8
6,1512,1,1,0,0,8
6,1531,1,1,0,1,8
6,1549,1,1,0,0,8
6,1552,1,1,0,0,8
6,1571,1,1,0,0,8
6,1625,1,1,0,0,8
6,1636,1,1,0,0,8
6,1665,1,1,0,0,8
6,1675,1,1,0,0,8
6,1705,1,1,0,0,8
6,1706,1,1,0,0,8
6,1717,1,1,0,0,8
6,1720,1,1,1,0,8
6,1737,1,1,0,0,8
6,1740,1,1,0,0,8
6,1790,1,1,0,0,8
6,1799,1,1,0,0,8
6,1822,1,1,0,0,8
6,1842,1,1,1,0,8
6,1856,1,1,0,0,8
6,1861,1,1,0,0,8
6,1902,1,1,0,0,8
6,1926,1,1,0,1,8
6,1937,1,1,0,0,8
6,1959,1,1,0,0,8
6,2002,1,1,0,0,8
6,2004,1,1,0,0,8
6,2050,1,1,0,0,8
6,2051,1,1,0,0,8
6,2060,1,1,0,0,8
6,2127,1,1,1,0,8
6,2129,1,1,0,0,8
6,2145,1,1,0,0,8
6,2167,1,1,0,1,8
6,2171,1,1,0,0,8
6,2261,1,1,0,0,8
6,2291,1,1,1,0,8
6,2308,1,1,0,0,8
6,2338,1,1,0,0,8
6,2401,1,1,0,0,8
6,2404,1,1,0,0,8
6,2431,1,1,1,0,8
6,2481,1,1,1,0,8
6,2489,1,1,0,0,8
6,1,2,3,0,0,9
6,2,2,3,0,0,9
6,4,2,3,1,0,9
6,14,2,3,0,3,9
6,24,2,3,0,0,9
6,30,2,3,0,0,9
6,31,2,3,0,0,9
6,35,2,3,1,0,9
6,37,2,3,0,0,9
6,42,2,3,0,0,9
6,51,2,3,0,0,9
6,56,2,3,2,0,9
6,59,2,3,2,0,9
6,91,2,3,0,0,9
6,93,2,3,0,0,9
6,124,2,3,2,0,9
6,149,2,3,2,0,9
6,169,2,3,0,3,9
6,175,2,3,2,0,9
6,176,2,3,0,0,9
6,177,2,3,0,0,9
6,189,2,3,1,0,9
6,203,2,3,0,0,9
6,257,2,3,0,0,9
6,309,2,3,0,3,9
6,311,2,3,0,0,9
6,340,2,3,0,0,9
6,354,2,3,0,3,9
6,355,2,3,0,0,9
6,357,2,3,0,0,9
6,402,2,3,0,0,9
6,403,2,3,0,0,9
6,415,2,3,0,0,9
6,420,2,3,1,0,9
6,442,2,3,0,0,9
6,446,2,3,0,0,9
6,458,2,3,0,0,9
6,461,2,3,0,0,9
6,489,2,3,0,0,9
6,503,2,3,0,0,9
6,528,2,3,0,0,9
6,532,2,3,0,0,9
6,551,2,3,0,0,9
6,555,2,3,0,0,9
6,607,2,3,0,3,9
6,610,2,3,0,0,9
6,611,2,3,0,3,9
6,614,2,3,0,0,9
6,615,2,3,0,0,9
6,623,2,3,0,0,9
6,664,2,3,0,1,9
6,669,2,3,0,0,9
6,687,2,3,0,0,9
6,693,2,3,0,0,9
6,710,2,3,1,0,9
6,718,2,3,0,0,9
6,731,2,3,0,0,9
6,735,2,3,2,0,9
6,748,2,3,0,0,9
6,763,2,3,0,0,9
6,786,2,3,0,0,9
6,791,2,3,0,0,9
6,792,2,3,0,0,9
6,805,2,3,0,0,9
6,819,2,3,0,0,9
6,821,2,3,0,0,9
6,857,2,3,0,0,9
6,890,2,3,0,0,9
6,910,2,3,0,0,9
6,932,2,3,0,0,9
6,935,2,3,0,0,9
6,940,2,3,0,0,9
6,959,2,3,2,0,9
6,971,2,3,0,0,9
6,983,2,3,2,0,9
6,986,2,3,0,0,9
6,988,2,3,0,0,9
6,989,2,3,0,0,9
6,1000,2,3,0,0,9
6,1004,2,3,0,0,9
6,1006,2,3,0,0,9
6,1021,2,3,1,0,9
6,1028,2,3,0,0,9
6,1037,2,3,0,3,9
6,1056,2,3,0,0,9
6,1061,2,3,0,0,9
6,1067,2,3,0,3,9
6,1075,2,3,0,0,9
6,1080,2,3,0,0,9
6,1087,2,3,0,1,9
6,1091,2,3,0,0,9
6,1098,2,3,0,0,9
6,1108,2,3,0,0,9
6,1110,2,3,0,0,9
6,1123,2,3,0,0,9
6,1139,2,3,0,0,9
6,1141,2,3,0,0,9
6,1164,2,3,0,0,9
6,1210,2,3,0,0,9
6,1232,2,3,0,3,9
6,1235,2,3,0,0,9
6,1238,2,3,0,1,9
6,1254,2,3,0,0,9
6,1299,2,3,2,0,9
6,1306,2,3,0,0,9
6,1342,2,3,0,0,9
6,1365,2,3,0,0,9
6,1369,2,3,0,0,9
6,1380,2,3,0,1,9
6,1400,2,3,2,0,9
6,1402,2,3,0,0,9
6,1422,2,3,0,0,9
6,1439,2,3,0,0,9
6,1444,2,3,0,0,9
6,1450,2,3,0,0,9
6,1461,2,3,1,0,9
6,1467,2,3,0,0,9
6,1469,2,3,0,0,9
6,1477,2,3,0,0,9
6,1480,2,3,0,0,9
6,1489,2,3,1,0,9
6,1495,2,3,0,0,9
6,1500,2,3,2,0,9
6,1528,2,3,0,0,9
6,1586,2,3,0,0,9
6,1590,2,3,0,0,9
6,1592,2,3,0,0,9
6,1605,2,3,0,0,9
6,1621,2,3,0,0,9
6,1622,2,3,0,0,9
6,1624,2,3,0,0,9
6,1639,2,3,0,1,9
6,1640,2,3,0,0,9
6,1651,2,3,0,0,9
6,1655,2,3,0,0,9
6,1684,2,3,0,0,9
6,1727,2,3,0,1,9
6,1775,2,3,0,0,9
6,1810,2,3,0,0,9
6,1812,2,3,0,0,9
6,1816,2,3,2,0,9
6,1828,2,3,0,0,9
6,1835,2,3,0,0,9
6,1853,2,3,0,0,9
6,1855,2,3,2,0,9
6,1857,2,3,1,0,9
6,1859,2,3,0,0,9
6,1890,2,3,0,0,9
6,1893,2,3,0,0,9
6,1907,2,3,0,0,9
6,1915,2,3,0,1,9
6,1964,2,3,0,0,9
6,1967,2,3,0,0,9
6,1996,2,3,0,0,9
6,1999,2,3,0,0,9
6,2005,2,3,0,0,9
6,2023,2,3,0,0,9
6,2067,2,3,0,0,9
6,2068,2,3,0,0,9
6,2072,2,3,0,1,9
6,2088,2,3,0,3,9
6,2093,2,3,0,0,9
6,2099,2,3,0,3,9
6,2125,2,3,0,3,9
6,2146,2,3,0,0,9
6,2151,2,3,0,3,9
6,2156,2,3,0,0,9
6,2164,2,3,0,0,9
6,2176,2,3,0,0,9
6,2178,2,3,2,0,9
6,2244,2,3,0,3,9
6,2256,2,3,1,0,9
6,2268,2,3,0,3,9
6,2280,2,3,0,0,9
6,2283,2,3,0,0,9
6,2293,2,3,1,0,9
6,2296,2,3,1,0,9
6,2303,2,3,2,0,9
6,2328,2,3,0,0,9
6,2329,2,3,0,0,9
6,2342,2,3,0,0,9
6,2360,2,3,2,0,9
6,2389,2,3,0,0,9
6,2392,2,3,0,0,9
6,2406,2,3,0,0,9
6,2424,2,3,0,0,9
6,2437,2,3,0,0,9
6,2443,2,3,0,0,9
6,2451,2,3,0,0,9
6,2456,2,3,0,0,9
6,2462,2,3,2,0,9
6,2473,2,3,0,0,9
6,2476,2,3,0,0,9
6,2488,2,3,0,0,9
6,20,1,1,0,0,10
6,60,1,1,0,0,10
6,157,1,1,0,0,10
6,180,1,1,0,0,10
6,181,1,1,0,0,10
6,237,1,1,0,0,10
6,279,1,1,0,0,10
6,283,1,1,0,0,10
6,286,1,1,0,0,10
6,294,1,1,0,0,10
6,313,1,1,0,0,10
6,338,1,1,0,0,10
6,347,1,1,0,0,10
6,366,1,1,0,1,10
6,382,1,1,0,0,10
6,414,1,1,0,0,10
6,444,1,1,0,0,10
6,453,1,1,0,0,10
6,455,1,1,0,1,10
6,459,1,1,0,0,10
6,469,1,1,1,0,10
6,477,1,1,0,0,10
6,478,1,1,0,0,10
6,482,1,1,0,0,10
6,507,1,1,1,0,10
6,517,1,1,0,0,10
6,523,1,1,0,0,10
6,553,1,1,0,0,10
6,569,1,1,1,0,10
6,602,1,1,0,0,10
6,619,1,1,0,0,10
6,642,1,1,0,0,10
6,648,1,1,1,0,10
6,682,1,1,0,0,10
6,703,1,1,0,0,10
6,720,1,1,0,0,10
6,723,1,1,1,0,10
6,782,1,1,1,0,10
6,796,1,1,0,0,10
6,814,1,1,0,0,10
6,848,1,1,0,0,10
6,867,1,1,0,0,10
6,886,1,1,0,0,10
6,925,1,1,0,0,10
6,927,1,1,0,0,10
6,928,1,1,0,0,10
6,979,1,1,1,0,10
6,980,1,1,0,0,10
6,1010,1,1,0,0,10
6,1015,1,1,0,1,10
6,1022,1,1,0,0,10
6,1039,1,1,1,0,10
6,1048,1,1,0,0,10
6,1063,1,1,0,1,10
6,1070,1,1,0,0,10
6,1115,1,1,0,1,10
6,1122,1,1,0,0,10
6,1150,1,1,0,1,10
6,1159,1,1,0,0,10
6,1160,1,1,0,0,10
6,1173,1,1,0,0,10
6,1174,1,1,0,0,10
6,1211,1,1,0,0,10
6,1217,1,1,0,0,10
6,1225,1,1,0,0,10
6,1241,1,1,0,0,10
6,1312,1,1,0,0,10
6,1317,1,1,0,0,10
6,1320,1,1,0,0,10
6,1327,1,1,0,1,10
6,1337,1,1,1,0,10
6,1357,1,1,0,0,10
6,1376,1,1,0,1,10
6,1383,1,1,0,0,10
6,1385,1,1,0,1,10
6,1396,1,1,0,0,10
6,1423,1,1,0,0,10
6,1431,1,1,1,0,10
6,1432,1,1,0,0,10
6,1434,1,1,1,0,10
6,1448,1,1,0,0,10
6,1449,1,1,0,0,10
6,1465,1,1,0,0,10
6,1473,1,1,1,0,10
6,1485,1,1,0,0,10
6,1487,1,1,0,0,10
6,1491,1,1,0,0,10
6,1504,1,1,0,0,10
6,1511,1,1,0,0,10
6,1570,1,1,0,1,10
6,1587,1,1,1,0,10
6,1591,1,1,0,0,10
6,1648,1,1,0,0,10
6,1654,1,1,0,0,10
6,1680,1,1,0,0,10
6,1714,1,1,0,0,10
6,1770,1,1,0,0,10
6,1786,1,1,0,0,10
6,1865,1,1,0,0,10
6,1871,1,1,0,0,10
6,1886,1,1,0,0,10
6,1888,1,1,0,0,10
6,1901,1,1,0,0,10
6,1903,1,1,0,0,10
6,1905,1,1,0,0,10
6,1949,1,1,0,0,10
6,1953,1,1,0,0,10
6,1994,1,1,0,1,10
6,2089,1,1,0,0,10
6,2109,1,1,0,0,10
6,2134,1,1,0,0,10
6,2140,1,1,0,0,10
6,2141,1,1,0,0,10
6,2169,1,1,0,0,10
6,2194,1,1,1,0,10
6,2198,1,1,0,0,10
6,2208,1,1,0,0,10
6,2250,1,1,0,1,10
6,2270,1,1,1,0,10
6,2292,1,1,0,0,10
6,2314,1,1,0,0,10
6,2341,1,1,0,0,10
6,2347,1,1,0,0,10
6,2374,1,1,0,0,10
6,2384,1,1,0,0,10
6,2395,1,1,0,0,10
6,2445,1,1,0,0,10
6,2457,1,1,0,0,10
6,2468,1,1,0,0,10
6,2485,1,1,0,0,10
6,0,1,2,0,0,11
6,5,1,2,0,0,11
6,7,1,2,0,0,11
6,8,1,2,0,0,11
6,19,1,2,0,1,11
6,21,1,2,0,0,11
6,23,1,2,0,0,11
6,34,1,2,0,2,11
6,43,1,2,0,0,11
6,48,1,2,0,1,11
6,50,1,2,0,0,11
6,55,1,2,0,0,11
6,63,1,2,0,0,11
6,71,1,2,0,0,11
6,86,1,2,0,0,11
6,88,1,2,1,0,11
6,106,1,2,0,0,11
6,107,1,2,0,0,11
6,160,1,2,0,0,11
6,167,1,2,0,0,11
6,182,1,2,0,0,11
6,191,1,2,0,0,11
6,221,1,2,0,0,11
6,236,1,2,0,0,11
6,241,1,2,1,0,11
6,254,1,2,0,0,11
6,258,1,2,0,0,11
6,262,1,2,1,0,11
6,269,1,2,0,0,11
6,273,1,2,0,1,11
6,276,1,2,0,0,11
6,281,1,2,0,0,11
6,288,1,2,0,0,11
6,306,1,2,0,0,11
6,312,1,2,0,0,11
6,315,1,2,0,0,11
6,333,1,2,0,0,11
6,339,1,2,0,0,11
6,344,1,2,1,0,11
6,352,1,2,1,0,11
6,364,1,2,0,0,11
6,372,1,2,1,0,11
6,388,1,2,0,0,11
6,397,1,2,1,0,11
6,404,1,2,0,0,11
6,407,1,2,0,0,11
6,409,1,2,0,0,11
6,417,1,2,0,0,11
6,421,1,2,0,0,11
6,431,1,2,0,1,11
6,436,1,2,1,0,11
6,464,1,2,0,2,11
6,470,1,2,0,0,11
6,488,1,2,0,0,11
6,509,1,2,0,0,11
6,525,1,2,0,0,11
6,538,1,2,0,0,11
6,550,1,2,0,0,11
6,560,1,2,0,0,11
6,561,1,2,0,0,11
6,577,1,2,0,0,11
6,579,1,2,0,0,11
6,620,1,2,0,2,11
6,630,1,2,0,1,11
6,632,1,2,1,0,11
6,635,1,2,0,0,11
6,643,1,2,0,2,11
6,647,1,2,0,0,11
6,649,1,2,0,2,11
6,650,1,2,0,0,11
6,658,1,2,0,1,11
6,672,1,2,0,0,11
6,700,1,2,0,0,11
6,709,1,2,1,0,11
6,744,1,2,1,0,11
6,751,1,2,1,0,11
6,760,1,2,0,0,11
6,762,1,2,0,0,11
6,784,1,2,0,0,11
6,785,1,2,0,0,11
6,789,1,2,1,0,11
6,802,1,2,0,0,11
6,809,1,2,0,0,11
6,825,1,2,0,1,11
6,837,1,2,0,0,11
6,873,1,2,0,0,11
6,874,1,2,0,0,11
6,875,1,2,0,0,11
6,884,1,2,0,0,11
6,902,1,2,0,0,11
6,904,1,2,1,0,11
6,911,1,2,0,0,11
6,922,1,2,1,0,11
6,924,1,2,0,0,11
6,944,1,2,1,0,11
6,952,1,2,0,1,11
6,972,1,2,0,1,11
6,974,1,2,1,0,11
6,978,1,2,0,2,11
6,985,1,2,0,0,11
6,999,1,2,0,0,11
6,1008,1,2,0,0,11
6,1012,1,2,0,0,11
6,1016,1,2,0,0,11
6,1026,1,2,0,0,11
6,1027,1,2,0,0,11
6,1033,1,2,0,0,11
6,1041,1,2,0,0,11
6,1051,1,2,0,0,11
6,1083,1,2,0,2,11
6,1093,1,2,1,0,11
6,1094,1,2,0,2,11
6,1097,1,2,0,0,11
6,1126,1,2,1,0,11
6,1127,1,2,0,0,11
6,1133,1,2,0,0,11
6,1172,1,2,0,0,11
6,1212,1,2,1,0,11
6,1215,1,2,0,0,11
6,1216,1,2,1,0,11
6,1233,1,2,0,0,11
6,1236,1,2,0,2,11
6,1244,1,2,1,0,11
6,1247,1,2,1,0,11
6,1250,1,2,0,0,11
6,1255,1,2,0,0,11
6,1256,1,2,0,0,11
6,1259,1,2,0,0,11
6,1263,1,2,0,0,11
6,1266,1,2,0,2,11
6,1270,1,2,1,0,11
6,1271,1,2,0,2,11
6,1285,1,2,0,0,11
6,1290,1,2,0,0,11
6,1293,1,2,1,0,11
6,1318,1,2,0,0,11
6,1339,1,2,0,0,11
6,1343,1,2,0,0,11
6,1351,1,2,0,0,11
6,1364,1,2,0,0,11
6,1382,1,2,0,2,11
6,1387,1,2,0,0,11
6,1389,1,2,0,0,11
6,1391,1,2,0,0,11
6,1404,1,2,0,0,11
6,1407,1,2,0,0,11
6,1409,1,2,0,0,11
6,1425,1,2,0,0,11
6,1428,1,2,0,2,11
6,1436,1,2,0,0,11
6,1441,1,2,1,0,11
6,1442,1,2,0,1,11
6,1453,1,2,0,0,11
6,1471,1,2,1,0,11
6,1492,1,2,0,2,11
6,1494,1,2,0,0,11
6,1516,1,2,0,1,11
6,1542,1,2,0,0,11
6,1550,1,2,0,0,11
6,1565,1,2,0,0,11
6,1569,1,2,0,2,11
6,1573,1,2,0,0,11
6,1580,1,2,1,0,11
6,1593,1,2,0,0,11
6,1602,1,2,0,0,11
6,1606,1,2,0,0,11
6,1609,1,2,0,0,11
6,1610,1,2,0,0,11
6,1620,1,2,0,0,11
6,1628,1,2,0,0,11
6,1629,1,2,0,0,11
6,1634,1,2,0,0,11
6,1643,1,2,0,0,11
6,1652,1,2,0,0,11
6,1656,1,2,1,0,11
6,1661,1,2,1,0,11
6,1669,1,2,0,0,11
6,1671,1,2,0,0,11
6,1674,1,2,1,0,11
6,1676,1,2,0,0,11
6,1683,1,2,0,0,11
6,1695,1,2,0,0,11
6,1696,1,2,1,0,11
6,1703,1,2,0,0,11
6,1704,1,2,0,0,11
6,1712,1,2,0,1,11
6,1721,1,2,0,0,11
6,1731,1,2,0,2,11
6,1743,1,2,0,0,11
6,1745,1,2,0,0,11
6,1747,1,2,1,0,11
6,1750,1,2,0,0,11
6,1753,1,2,0,0,11
6,1759,1,2,0,1,11
6,1772,1,2,0,0,11
6,1809,1,2,0,0,11
6,1823,1,2,1,0,11
6,1826,1,2,0,0,11
6,1854,1,2,0,0,11
6,1867,1,2,0,0,11
6,1883,1,2,0,0,11
6,1891,1,2,0,0,11
6,1906,1,2,0,0,11
6,1910,1,2,0,0,11
6,1912,1,2,0,0,11
6,1914,1,2,0,0,11
6,1916,1,2,0,1,11
6,1921,1,2,0,0,11
6,1939,1,2,0,0,11
6,1947,1,2,0,0,11
6,1962,1,2,0,0,11
6,1963,1,2,0,0,11
6,1969,1,2,0,0,11
6,1973,1,2,0,0,11
6,1991,1,2,0,0,11
6,1995,1,2,0,2,11
6,1998,1,2,0,0,11
6,2019,1,2,0,0,11
6,2024,1,2,0,2,11
6,2027,1,2,0,0,11
6,2030,1,2,0,0,11
6,2035,1,2,0,0,11
6,2036,1,2,1,0,11
6,2047,1,2,0,0,11
6,2066,1,2,0,2,11
6,2080,1,2,1,0,11
6,2096,1,2,0,0,11
6,2101,1,2,1,0,11
6,2111,1,2,0,0,11
6,2126,1,2,0,1,11
6,2131,1,2,0,2,11
6,2135,1,2,0,0,11
6,2153,1,2,0,0,11
6,2154,1,2,0,0,11
6,2158,1,2,0,0,11
6,2161,1,2,0,0,11
6,2166,1,2,0,0,11
6,2180,1,2,0,0,11
6,2181,1,2,0,0,11
6,2184,1,2,1,0,11
6,2189,1,2,0,0,11
6,2195,1,2,0,0,11
6,2200,1,2,0,0,11
6,2201,1,2,0,0,11
6,2213,1,2,0,0,11
6,2224,1,2,1,0,11
6,2225,1,2,0,0,11
6,2229,1,2,1,0,11
6,2253,1,2,0,0,11
6,2302,1,2,1,0,11
6,2310,1,2,0,0,11
6,2313,1,2,0,0,11
6,2317,1,2,0,0,11
6,2319,1,2,1,0,11
6,2327,1,2,0,0,11
6,2344,1,2,0,0,11
6,2359,1,2,0,0,11
6,2377,1,2,1,0,11
6,2379,1,2,0,0,11
6,2386,1,2,0,0,11
6,2391,1,2,0,0,11
6,2398,1,2,0,0,11
6,2414,1,2,0,0,11
6,2422,1,2,0,0,11
6,2428,1,2,0,0,11
6,2434,1,2,0,0,11
6,2436,1,2,0,0,11
6,2439,1,2,0,0,11
6,2440,1,2,0,0,11
6,2446,1,2,0,0,11
6,2463,1,2,1,0,11
6,2471,1,2,0,0,11
6,2497,1,2,0,0,11
6,6,1,2,1,0,12
6,29,1,2,0,0,12
6,45,1,2,0,0,12
6,61,1,2,0,0,12
6,69,1,2,0,0,12
6,73,1,2,0,0,12
6,100,1,2,0,0,12
6,102,1,2,1,0,12
6,114,1,2,0,2,12
6,133,1,2,0,2,12
6,145,1,2,0,0,12
6,150,1,2,0,0,12
6,166,1,2,0,0,12
6,174,1,2,0,0,12
6,201,1,2,0,0,12
6,206,1,2,0,0,12
6,208,1,2,1,0,12
6,209,1,2,1,0,12
6,210,1,2,0,0,12
6,223,1,2,0,0,12
6,224,1,2,0,0,12
6,239,1,2,1,0,12
6,245,1,2,0,0,12
6,265,1,2,0,0,12
6,268,1,2,0,0,12
6,271,1,2,1,0,12
6,300,1,2,0,0,12
6,319,1,2,0,0,12
6,322,1,2,0,0,12
6,413,1,2,0,0,12
6,422,1,2,1,0,12
6,435,1,2,1,0,12
6,451,1,2,0,0,12
6,473,1,2,0,0,12
6,480,1,2,0,0,12
6,495,1,2,0,0,12
6,502,1,2,1,0,12
6,535,1,2,0,0,12
6,541,1,2,0,0,12
6,544,1,2,0,0,12
6,549,1,2,0,0,12
6,575,1,2,0,0,12
6,584,1,2,0,0,12
6,585,1,2,0,0,12
6,587,1,2,0,0,12
6,591,1,2,0,1,12
6,597,1,2,0,0,12
6,616,1,2,0,0,12
6,617,1,2,0,1,12
6,627,1,2,0,0,12
6,645,1,2,0,1,12
6,681,1,2,0,0,12
6,690,1,2,0,0,12
6,705,1,2,0,0,12
6,729,1,2,1,0,12
6,737,1,2,1,0,12
6,746,1,2,0,0,12
6,765,1,2,0,0,12
6,766,1,2,1,0,12
6,770,1,2,0,0,12
6,794,1,2,0,0,12
6,795,1,2,0,0,12
6,830,1,2,0,0,12
6,842,1,2,0,0,12
6,843,1,2,0,0,12
6,845,1,2,0,0,12
6,846,1,2,0,0,12
6,929,1,2,0,0,12
6,931,1,2,0,0,12
6,947,1,2,1,0,12
6,949,1,2,0,0,12
6,950,1,2,0,0,12
6,968,1,2,0,0,12
6,969,1,2,0,0,12
6,984,1,2,0,0,12
6,1014,1,2,0,0,12
6,1020,1,2,0,0,12
6,1025,1,2,0,0,12
6,1035,1,2,0,0,12
6,1036,1,2,0,0,12
6,1058,1,2,0,0,12
6,1068,1,2,0,0,12
6,1081,1,2,0,0,12
6,1089,1,2,0,0,12
6,1107,1,2,0,0,12
6,1116,1,2,0,0,12
6,1117,1,2,0,0,12
6,1121,1,2,0,0,12
6,1124,1,2,0,0,12
6,1130,1,2,0,0,12
6,1137,1,2,0,0,12
6,1185,1,2,1,0,12
6,1189,1,2,0,0,12
6,1198,1,2,0,0,12
6,1209,1,2,0,0,12
6,1258,1,2,1,0,12
6,1262,1,2,0,0,12
6,1267,1,2,0,0,12
6,1282,1,2,0,2,12
6,1296,1,2,0,0,12
6,1321,1,2,0,0,12
6,1326,1,2,1,0,12
6,1341,1,2,1,0,12
6,1345,1,2,0,0,12
6,1348,1,2,0,2,12
6,1362,1,2,0,1,12
6,1421,1,2,0,0,12
6,1424,1,2,0,0,12
6,1429,1,2,0,1,12
6,1455,1,2,0,0,12
6,1496,1,2,1,0,12
6,1503,1,2,0,0,12
6,1515,1,2,0,0,12
6,1539,1,2,0,2,12
6,1545,1,2,0,0,12
6,1547,1,2,0,0,12
6,1548,1,2,0,1,12
6,1553,1,2,0,0,12
6,1562,1,2,0,0,12
6,1583,1,2,0,0,12
6,1597,1,2,1,0,12
6,1601,1,2,0,2,12
6,1608,1,2,1,0,12
6,1627,1,2,0,0,12
6,1633,1,2,1,0,12
6,1644,1,2,0,0,12
6,1647,1,2,1,0,12
6,1657,1,2,0,2,12
6,1672,1,2,0,0,12
6,1677,1,2,1,0,12
6,1691,1,2,0,0,12
6,1716,1,2,1,0,12
6,1744,1,2,1,0,12
6,1749,1,2,0,2,12
6,1763,1,2,0,0,12
6,1769,1,2,0,0,12
6,1773,1,2,0,0,12
6,1779,1,2,0,0,12
6,1796,1,2,0,0,12
6,1803,1,2,1,0,12
6,1815,1,2,1,0,12
6,1817,1,2,1,0,12
6,1818,1,2,0,0,12
6,1824,1,2,0,1,12
6,1839,1,2,0,0,12
6,1847,1,2,0,1,12
6,1868,1,2,0,0,12
6,1872,1,2,0,2,12
6,1911,1,2,0,0,12
6,1920,1,2,0,1,12
6,1925,1,2,0,0,12
6,1929,1,2,0,0,12
6,1938,1,2,0,0,12
6,1941,1,2,1,0,12
6,1952,1,2,0,0,12
6,1968,1,2,1,0,12
6,1977,1,2,0,0,12
6,1987,1,2,1,0,12
6,1997,1,2,0,0,12
6,2011,1,2,0,0,12
6,2014,1,2,0,0,12
6,2039,1,2,0,0,12
6,2064,1,2,0,0,12
6,2069,1,2,0,2,12
6,2079,1,2,0,0,12
6,2090,1,2,0,0,12
6,2115,1,2,0,0,12
6,2119,1,2,0,0,12
6,2132,1,2,1,0,12
6,2139,1,2,0,0,12
6,2150,1,2,1,0,12
6,2179,1,2,0,0,12
6,2188,1,2,0,0,12
6,2190,1,2,1,0,12
6,2248,1,2,0,0,12
6,2257,1,2,0,0,12
6,2259,1,2,0,0,12
6,2274,1,2,0,0,12
6,2279,1,2,0,0,12
6,2289,1,2,0,2,12
6,2336,1,2,0,0,12
6,2353,1,2,0,0,12
6,2366,1,2,0,2,12
6,2396,1,2,0,0,12
6,2413,1,2,0,0,12
6,2420,1,2,0,0,12
6,2425,1,2,0,0,12
6,2438,1,2,0,0,12
6,2447,1,2,0,0,12
6,2454,1,2,0,0,12
6,2478,1,2,0,0,12
6,2492,1,2,0,1,12
6,2498,1,2,0,0,12
6,12,1,1,0,0,13
6,26,1,1,0,1,13
6,32,1,1,0,0,13
6,77,1,1,0,0,13
6,78,1,1,1,0,13
6,79,1,1,0,0,13
6,94,1,1,0,0,13
6,117,1,1,0,0,13
6,123,1,1,0,0,13
6,127,1,1,0,0,13
6,146,1,1,0,0,13
6,151,1,1,0,0,13
6,152,1,1,0,0,13
6,171,1,1,0,0,13
6,207,1,1,0,0,13
6,240,1,1,0,0,13
6,277,1,1,0,1,13
6,350,1,1,0,0,13
6,351,1,1,0,0,13
6,363,1,1,0,0,13
6,376,1,1,0,1,13
6,378,1,1,0,0,13
6,393,1,1,0,0,13
6,429,1,1,0,0,13
6,449,1,1,0,1,13
6,466,1,1,0,1,13
6,484,1,1,0,1,13
6,518,1,1,0,0,13
6,558,1,1,0,0,13
6,564,1,1,0,0,13
6,567,1,1,0,0,13
6,570,1,1,0,0,13
6,571,1,1,0,0,13
6,583,1,1,0,0,13
6,600,1,1,0,0,13
6,612,1,1,0,0,13
6,618,1,1,0,0,13
6,636,1,1,0,0,13
6,652,1,1,0,0,13
6,688,1,1,0,0,13
6,736,1,1,0,0,13
6,772,1,1,0,0,13
6,812,1,1,0,1,13
6,813,1,1,0,0,13
6,832,1,1,0,1,13
6,834,1,1,0,1,13
6,856,1,1,1,0,13
6,859,1,1,0,1,13
6,866,1,1,0,0,13
6,926,1,1,1,0,13
6,939,1,1,0,0,13
6,1002,1,1,0,0,13
6,1003,1,1,0,0,13
6,1013,1,1,0,1,13
6,1017,1,1,0,0,13
6,1043,1,1,0,0,13
6,1060,1,1,0,0,13
6,1071,1,1,0,0,13
6,1104,1,1,0,1,13
6,1118,1,1,1,0,13
6,1142,1,1,0,0,13
6,1143,1,1,1,0,13
6,1144,1,1,0,0,13
6,1157,1,1,0,0,13
6,1162,1,1,0,0,13
6,1167,1,1,0,0,13
6,1171,1,1,0,1,13
6,1187,1,1,0,0,13
6,1196,1,1,0,0,13
6,1201,1,1,0,0,13
6,1203,1,1,0,0,13
6,1229,1,1,0,1,13
6,1243,1,1,0,0,13
6,1251,1,1,0,1,13
6,1253,1,1,0,0,13
6,1288,1,1,0,0,13
6,1302,1,1,0,0,13
6,1333,1,1,0,0,13
6,1392,1,1,0,0,13
6,1394,1,1,0,0,13
6,1418,1,1,0,1,13
6,1447,1,1,0,1,13
6,1567,1,1,0,0,13
6,1611,1,1,0,0,13
6,1638,1,1,0,0,13
6,1653,1,1,0,0,13
6,1660,1,1,0,0,13
6,1729,1,1,0,0,13
6,1732,1,1,0,0,13
6,1748,1,1,1,0,13
6,1751,1,1,0,1,13
6,1758,1,1,0,0,13
6,1760,1,1,0,0,13
6,1766,1,1,0,0,13
6,1777,1,1,0,0,13
6,1798,1,1,0,0,13
6,1850,1,1,0,0,13
6,1852,1,1,0,0,13
6,1863,1,1,0,0,13
6,1870,1,1,0,0,13
6,1882,1,1,0,0,13
6,1884,1,1,0,0,13
6,1923,1,1,0,0,13
6,1927,1,1,0,1,13
6,1930,1,1,0,0,13
6,1931,1,1,0,0,13
6,1934,1,1,0,0,13
6,1935,1,1,0,0,13
6,1981,1,1,0,0,13
6,2026,1,1,0,0,13
6,2061,1,1,0,1,13
6,2085,1,1,1,0,13
6,2091,1,1,0,0,13
6,2097,1,1,0,1,13
6,2136,1,1,0,0,13
6,2143,1,1,0,0,13
6,2162,1,1,0,1,13
6,2202,1,1,0,0,13
6,2249,1,1,0,0,13
6,2281,1,1,1,0,13
6,2298,1,1,0,0,13
6,2334,1,1,1,0,13
6,2350,1,1,0,0,13
6,2356,1,1,0,0,13
6,2367,1,1,0,0,13
6,2388,1,1,0,1,13
6,2407,1,1,0,0,13
6,2412,1,1,0,0,13
6,2429,1,1,0,0,13
6,2430,1,1,0,0,13
6,2458,1,1,0,0,13
6,2459,1,1,0,0,13
6,2472,1,1,0,0,13
6,2474,1,1,0,0,13
6,2483,1,1,1,0,13
6,11,1,1,1,0,14
6,15,1,1,0,0,14
6,33,1,1,0,0,14
6,36,1,1,0,0,14
6,62,1,1,0,1,14
6,83,1,1,0,0,14
6,120,1,1,0,0,14
6,132,1,1,0,0,14
6,136,1,1,0,0,14
6,140,1,1,0,0,14
6,188,1,1,0,0,14
6,193,1,1,0,0,14
6,227,1,1,0,0,14
6,233,1,1,0,0,14
6,242,1,1,0,1,14
6,261,1,1,1,0,14
6,282,1,1,0,0,14
6,297,1,1,0,0,14
6,314,1,1,0,0,14
6,330,1,1,0,0,14
6,359,1,1,0,0,14
6,386,1,1,0,1,14
6,400,1,1,1,0,14
6,427,1,1,0,0,14
6,434,1,1,0,0,14
6,437,1,1,1,0,14
6,439,1,1,1,0,14
6,443,1,1,1,0,14
6,447,1,1,0,1,14
6,471,1,1,0,0,14
6,472,1,1,0,1,14
6,485,1,1,1,0,14
6,492,1,1,0,0,14
6,533,1,1,0,0,14
6,537,1,1,0,1,14
6,565,1,1,0,0,14
6,581,1,1,1,0,14
6,593,1,1,0,0,14
6,613,1,1,0,0,14
6,631,1,1,0,0,14
6,633,1,1,0,0,14
6,640,1,1,0,0,14
6,646,1,1,0,1,14
6,667,1,1,0,0,14
6,686,1,1,1,0,14
6,689,1,1,0,0,14
6,702,1,1,0,0,14
6,711,1,1,1,0,14
6,712,1,1,0,0,14
6,717,1,1,1,0,14
6,724,1,1,0,0,14
6,732,1,1,0,0,14
6,734,1,1,1,0,14
6,739,1,1,0,0,14
6,742,1,1,0,1,14
6,747,1,1,0,0,14
6,753,1,1,0,0,14
6,775,1,1,0,0,14
6,815,1,1,0,0,14
6,817,1,1,1,0,14
6,818,1,1,0,0,14
6,826,1,1,0,0,14
6,858,1,1,0,0,14
6,878,1,1,0,0,14
6,888,1,1,0,0,14
6,893,1,1,1,0,14
6,896,1,1,0,0,14
6,903,1,1,0,1,14
6,916,1,1,0,0,14
6,933,1,1,1,0,14
6,943,1,1,1,0,14
6,953,1,1,0,1,14
6,954,1,1,0,0,14
6,966,1,1,0,0,14
6,976,1,1,0,0,14
6,982,1,1,0,0,14
6,997,1,1,0,0,14
6,1064,1,1,0,0,14
6,1074,1,1,1,0,14
6,1078,1,1,0,0,14
6,1119,1,1,0,0,14
6,1152,1,1,0,0,14
6,1155,1,1,0,0,14
6,1165,1,1,0,0,14
6,1178,1,1,0,0,14
6,1204,1,1,0,1,14
6,1206,1,1,0,0,14
6,1228,1,1,0,0,14
6,1249,1,1,0,0,14
6,1292,1,1,0,0,14
6,1294,1,1,1,0,14
6,1298,1,1,1,0,14
6,1303,1,1,0,0,14
6,1307,1,1,1,0,14
6,1314,1,1,0,0,14
6,1319,1,1,0,0,14
6,1347,1,1,0,0,14
6,1370,1,1,0,0,14
6,1375,1,1,0,0,14
6,1378,1,1,0,0,14
6,1397,1,1,0,0,14
6,1410,1,1,1,0,14
6,1417,1,1,0,0,14
6,1427,1,1,0,0,14
6,1443,1,1,0,0,14
6,1460,1,1,0,0,14
6,1463,1,1,0,0,14
6,1479,1,1,0,0,14
6,1481,1,1,0,0,14
6,1502,1,1,0,0,14
6,1522,1,1,0,0,14
6,1534,1,1,1,0,14
6,1551,1,1,0,0,14
6,1555,1,1,0,0,14
6,1560,1,1,0,0,14
6,1588,1,1,0,0,14
6,1613,1,1,0,0,14
6,1616,1,1,0,0,14
6,1618,1,1,0,0,14
6,1619,1,1,0,0,14
6,1637,1,1,0,0,14
6,1641,1,1,0,1,14
6,1646,1,1,0,0,14
6,1667,1,1,0,0,14
6,1682,1,1,0,0,14
6,1688,1,1,1,0,14
6,1755,1,1,0,0,14
6,1757,1,1,0,0,14
6,1802,1,1,1,0,14
6,1820,1,1,0,0,14
6,1832,1,1,0,0,14
6,1878,1,1,0,0,14
6,1892,1,1,0,0,14
6,1909,1,1,0,0,14
6,1924,1,1,0,0,14
6,1950,1,1,1,0,14
6,1974,1,1,1,0,14
6,1976,1,1,1,0,14
6,1988,1,1,1,0,14
6,1990,1,1,1,0,14
6,2007,1,1,0,0,14
6,2009,1,1,0,0,14
6,2010,1,1,1,0,14
6,2015,1,1,0,0,14
6,2037,1,1,0,0,14
6,2043,1,1,0,0,14
6,2044,1,1,0,1,14
6,2046,1,1,1,0,14
6,2053,1,1,0,0,14
6,2058,1,1,1,0,14
6,2076,1,1,0,0,14
6,2077,1,1,0,0,14
6,2095,1,1,1,0,14
6,2098,1,1,0,0,14
6,2103,1,1,0,0,14
6,2118,1,1,0,0,14
6,2144,1,1,0,0,14
6,2170,1,1,1,0,14
6,2174,1,1,0,0,14
6,2182,1,1,0,1,14
6,2187,1,1,1,0,14
6,2197,1,1,0,0,14
6,2203,1,1,0,0,14
6,2206,1,1,0,0,14
6,2223,1,1,0,0,14
6,2258,1,1,0,1,14
6,2266,1,1,0,0,14
6,2271,1,1,1,0,14
6,2277,1,1,0,0,14
6,2294,1,1,1,0,14
6,2311,1,1,0,0,14
6,2318,1,1,0,0,14
6,2351,1,1,0,0,14
6,2352,1,1,1,0,14
6,2364,1,1,0,0,14
6,2369,1,1,0,0,14
6,2371,1,1,1,0,14
6,2381,1,1,0,0,14
6,2383,1,1,1,0,14
6,2387,1,1,0,0,14
6,2411,1,1,1,0,14
6,2415,1,1,0,0,14
6,2444,1,1,0,0,14
6,2453,1,1,0,0,14
6,2470,1,1,0,1,14
4,10,3,1,0,0,0
4,18,3,1,0,0,0
4,28,3,1,0,0,0
4,44,3,1,0,0,0
4,52,3,1,0,0,0
4,99,3,1,1,0,0
4,116,3,1,0,0,0
4,134,3,1,0,0,0
4,144,3,1,0,0,0
4,155,3,1,0,0,0
4,158,3,1,0,0,0
4,165,3,1,0,0,0
4,196,3,1,0,0,0
4,204,3,1,0,0,0
4,211,3,1,1,0,0
4,213,3,1,0,0,0
4,214,3,1,0,0,0
4,222,3,1,0,0,0
4,228,3,1,0,0,0
4,259,3,1,0,0,0
4,264,3,1,0,0,0
4,266,3,1,0,0,0
4,274,3,1,0,0,0
4,278,3,1,0,0,0
4,280,3,1,0,0,0
4,284,3,1,0,1,0
4,292,3,1,0,0,0
4,303,3,1,0,0,0
4,323,3,1,0,0,0
4,328,3,1,0,0,0
4,331,3,1,0,0,0
4,335,3,1,0,0,0
4,341,3,1,0,0,0
4,371,3,1,0,0,0
4,392,3,1,0,0,0
4,399,3,1,0,0,0
4,411,3,1,0,0,0
4,419,3,1,0,0,0
4,450,3,1,0,0,0
4,508,3,1,0,0,0
4,527,3,1,0,0,0
4,536,3,1,0,0,0
4,545,3,1,0,0,0
4,546,3,1,1,0,0
4,573,3,1,1,0,0
4,582,3,1,0,0,0
4,598,3,1,0,1,0
4,638,3,1,0,0,0
4,641,3,1,0,0,0
4,663,3,1,0,0,0
4,666,3,1,0,0,0
4,668,3,1,0,0,0
4,683,3,1,0,0,0
4,694,3,1,0,0,0
4,725,3,1,0,0,0
4,750,3,1,0,1,0
4,790,3,1,0,0,0
4,824,3,1,0,0,0
4,831,3,1,0,0,0
4,833,3,1,0,0,0
4,836,3,1,1,0,0
4,870,3,1,0,0,0
4,885,3,1,0,1,0
4,891,3,1,0,0,0
4,897,3,1,0,0,0
4,909,3,1,0,0,0
4,951,3,1,0,0,0
4,956,3,1,0,0,0
4,957,3,1,1,0,0
4,958,3,1,0,0,0
4,963,3,1,0,1,0
4,970,3,1,0,0,0
4,977,3,1,1,0,0
4,1001,3,1,1,0,0
4,1042,3,1,0,0,0
4,1052,3,1,0,0,0
4,1066,3,1,0,0,0
4,1085,3,1,0,0,0
4,1100,3,1,0,0,0
4,1163,3,1,0,1,0
4,1166,3,1,0,0,0
4,1179,3,1,0,0,0
4,1186,3,1,0,0,0
4,1214,3,1,1,0,0
4,1231,3,1,0,0,0
4,1245,3,1,1,0,0
4,1260,3,1,0,0,0
4,1261,3,1,0,0,0
4,1277,3,1,1,0,0
4,1283,3,1,0,0,0
4,1316,3,1,0,0,0
4,1330,3,1,0,1,0
4,1356,3,1,0,0,0
4,1390,3,1,0,0,0
4,1398,3,1,0,0,0
4,1406,3,1,0,0,0
4,1408,3,1,0,0,0
4,1440,3,1,0,0,0
4,1452,3,1,1,0,0
4,1468,3,1,0,0,0
4,1475,3,1,0,0,0
4,1478,3,1,0,0,0
4,1483,3,1,0,0,0
4,1499,3,1,0,0,0
4,1507,3,1,0,1,0
4,1510,3,1,0,0,0
4,1513,3,1,0,0,0
4,1523,3,1,0,0,0
4,1529,3,1,0,0,0
4,1535,3,1,0,0,0
4,1543,3,1,0,0,0
4,1558,3,1,0,0,0
4,1561,3,1,0,1,0
4,1577,3,1,0,0,0
4,1584,3,1,0,0,0
4,1594,3,1,0,0,0
4,1604,3,1,0,0,0
4,1614,3,1,0,0,0
4,1617,3,1,0,0,0
4,1632,3,1,0,0,0
4,1662,3,1,0,0,0
4,1664,3,1,0,0,0
4,1698,3,1,0,0,0
4,1699,3,1,0,0,0
4,1762,3,1,0,0,0
4,1780,3,1,0,0,0
4,1782,3,1,0,0,0
4,1821,3,1,0,1,0
4,1825,3,1,0,0,0
4,1829,3,1,0,0,0
4,1833,3,1,0,0,0
4,1836,3,1,0,0,0
4,1840,3,1,0,0,0
4,1843,3,1,0,0,0
4,1845,3,1,0,0,0
4,1846,3,1,0,0,0
4,1876,3,1,0,1,0
4,1894,3,1,0,0,0
4,1895,3,1,0,0,0
4,1900,3,1,0,0,0
4,1917,3,1,1,0,0
4,1918,3,1,0,0,0
4,1943,3,1,0,1,0
4,1946,3,1,0,0,0
4,1954,3,1,0,0,0
4,1961,3,1,0,0,0
4,1966,3,1,0,1,0
4,1975,3,1,0,0,0
4,1983,3,1,0,0,0
4,2016,3,1,0,0,0
4,2032,3,1,0,0,0
4,2049,3,1,1,0,0
4,2052,3,1,0,0,0
4,2054,3,1,0,0,0
4,2073,3,1,0,0,0
4,2087,3,1,0,0,0
4,2104,3,1,0,0,0
4,2113,3,1,0,1,0
4,2121,3,1,0,0,0
4,2142,3,1,0,0,0
4,2173,3,1,0,1,0
4,2177,3,1,0,0,0
4,2185,3,1,0,0,0
4,2186,3,1,0,1,0
4,2211,3,1,0,0,0
4,2217,3,1,0,0,0
4,2221,3,1,1,0,0
4,2230,3,1,0,0,0
4,2243,3,1,0,0,0
4,2247,3,1,0,0,0
4,2262,3,1,0,0,0
4,2282,3,1,0,0,0
4,2301,3,1,0,1,0
4,2312,3,1,0,0,0
4,2315,3,1,0,0,0
4,2316,3,1,1,0,0
4,2326,3,1,0,0,0
4,2343,3,1,0,0,0
4,2345,3,1,0,0,0
4,2375,3,1,0,0,0
4,2382,3,1,0,0,0
4,2394,3,1,0,0,0
4,2397,3,1,1,0,0
4,2408,3,1,0,0,0
4,2409,3,1,0,0,0
4,2419,3,1,0,0,0
4,2449,3,1,0,0,0
4,2452,3,1,0,0,0
4,2467,3,1,0,1,0
4,2493,3,1,0,1,0
4,16,1,1,0,0,1
4,38,1,1,0,0,1
4,72,1,1,0,0,1
4,76,1,1,0,1,1
4,81,1,1,0,0,1
4,92,1,1,0,0,1
4,118,1,1,1,0,1
4,119,1,1,0,0,1
4,125,1,1,0,0,1
4,130,1,1,1,0,1
4,142,1,1,0,0,1
4,190,1,1,0,0,1
4,192,1,1,0,0,1
4,195,1,1,0,0,1
4,199,1,1,0,0,1
4,200,1,1,0,0,1
4,205,1,1,0,0,1
4,216,1,1,0,0,1
4,218,1,1,0,0,1
4,225,1,1,0,0,1
4,232,1,1,0,0,1
4,342,1,1,0,0,1
4,346,1,1,0,0,1
4,353,1,1,0,0,1
4,373,1,1,0,0,1
4,374,1,1,0,1,1
4,381,1,1,1,0,1
4,410,1,1,0,0,1
4,479,1,1,0,0,1
4,490,1,1,0,0,1
4,498,1,1,0,0,1
4,499,1,1,0,0,1
4,511,1,1,0,0,1
4,512,1,1,0,0,1
4,531,1,1,0,0,1
4,566,1,1,0,0,1
4,594,1,1,0,0,1
4,622,1,1,0,0,1
4,651,1,1,0,0,1
4,657,1,1,0,0,1
4,714,1,1,0,0,1
4,743,1,1,1,0,1
4,754,1,1,0,1,1
4,755,1,1,1,0,1
4,757,1,1,0,0,1
4,773,1,1,0,0,1
4,793,1,1,0,0,1
4,798,1,1,0,0,1
4,810,1,1,0,0,1
4,850,1,1,0,0,1
4,853,1,1,1,0,1
4,864,1,1,0,0,1
4,881,1,1,0,0,1
4,895,1,1,0,0,1
4,915,1,1,0,0,1
4,938,1,1,0,1,1
4,948,1,1,0,0,1
4,960,1,1,0,0,1
4,962,1,1,0,0,1
4,965,1,1,0,0,1
4,990,1,1,0,0,1
4,1038,1,1,1,0,1
4,1049,1,1,0,0,1
4,1099,1,1,1,0,1
4,1105,1,1,0,0,1
4,1114,1,1,0,0,1
4,1132,1,1,0,0,1
4,1135,1,1,0,0,1
4,1149,1,1,0,1,1
4,1158,1,1,0,0,1
4,1184,1,1,1,0,1
4,1237,1,1,0,0,1
4,1309,1,1,1,0,1
4,1310,1,1,0,0,1
4,1336,1,1,0,0,1
4,1344,1,1,0,1,1
4,1368,1,1,0,0,1
4,1371,1,1,0,0,1
4,1372,1,1,0,0,1
4,1386,1,1,0,0,1
4,1413,1,1,0,0,1
4,1430,1,1,0,0,1
4,1435,1,1,0,0,1
4,1438,1,1,0,1,1
4,1456,1,1,0,0,1
4,1464,1,1,1,0,1
4,1525,1,1,0,0,1
4,1532,1,1,1,0,1
4,1557,1,1,0,1,1
4,1559,1,1,0,1,1
4,1568,1,1,0,0,1
4,1576,1,1,0,0,1
4,1603,1,1,0,0,1
4,1612,1,1,0,0,1
4,1631,1,1,0,0,1
4,1668,1,1,0,0,1
4,1673,1,1,0,0,1
4,1679,1,1,0,0,1
4,1689,1,1,0,0,1
4,1707,1,1,0,0,1
4,1711,1,1,0,0,1
4,1713,1,1,0,0,1
4,1730,1,1,1,0,1
4,1736,1,1,0,0,1
4,1738,1,1,1,0,1
4,1739,1,1,0,0,1
4,1746,1,1,0,0,1
4,1768,1,1,0,0,1
4,1794,1,1,0,0,1
4,1801,1,1,0,0,1
4,1813,1,1,0,1,1
4,1819,1,1,0,0,1
4,1834,1,1,0,0,1
4,1838,1,1,0,0,1
4,1873,1,1,0,0,1
4,1904,1,1,0,0,1
4,1919,1,1,0,0,1
4,1932,1,1,0,0,1
4,1948,1,1,0,0,1
4,1951,1,1,0,0,1
4,1955,1,1,0,0,1
4,1960,1,1,0,0,1
4,1982,1,1,0,1,1
4,1985,1,1,0,0,1
4,1989,1,1,0,0,1
4,2008,1,1,0,0,1
4,2055,1,1,1,0,1
4,2102,1,1,0,0,1
4,2106,1,1,0,0,1
4,2149,1,1,0,0,1
4,2152,1,1,0,0,1
4,2207,1,1,0,0,1
4,2210,1,1,0,0,1
4,2212,1,1,0,0,1
4,2226,1,1,0,0,1
4,2228,1,1,0,0,1
4,2233,1,1,0,0,1
4,2235,1,1,0,1,1
4,2240,1,1,0,0,1
4,2242,1,1,1,0,1
4,2252,1,1,0,0,1
4,2288,1,1,1,0,1
4,2322,1,1,0,0,1
4,2330,1,1,0,0,1
4,2358,1,1,0,0,1
4,2376,1,1,0,0,1
4,2423,1,1,0,0,1
4,2442,1,1,0,1,1
4,2448,1,1,1,0,1
4,2455,1,1,0,0,1
4,2466,1,1,0,0,1
4,2469,1,1,0,0,1
4,2480,1,1,0,0,1
4,2496,1,1,0,0,1
4,22,1,1,0,0,2
4,46,1,1,0,0,2
4,98,1,1,1,0,2
4,108,1,1,0,0,2
4,111,1,1,0,0,2
4,113,1,1,0,0,2
4,135,1,1,0,0,2
4,168,1,1,1,0,2
4,179,1,1,0,0,2
4,187,1,1,0,0,2
4,212,1,1,0,0,2
4,235,1,1,0,0,2
4,255,1,1,0,0,2
4,296,1,1,0,0,2
4,310,1,1,0,0,2
4,325,1,1,0,0,2
4,329,1,1,0,0,2
4,345,1,1,0,0,2
4,416,1,1,0,0,2
4,438,1,1,0,0,2
4,556,1,1,0,0,2
4,589,1,1,0,0,2
4,628,1,1,0,0,2
4,654,1,1,0,0,2
4,660,1,1,0,0,2
4,673,1,1,0,0,2
4,676,1,1,0,0,2
4,692,1,1,0,0,2
4,719,1,1,0,0,2
4,727,1,1,0,0,2
4,771,1,1,0,0,2
4,797,1,1,0,0,2
4,804,1,1,0,0,2
4,828,1,1,0,0,2
4,838,1,1,0,0,2
4,841,1,1,0,0,2
4,852,1,1,0,0,2
4,865,1,1,0,1,2
4,917,1,1,0,0,2
4,946,1,1,1,0,2
4,998,1,1,1,0,2
4,1005,1,1,0,0,2
4,1024,1,1,0,0,2
4,1032,1,1,0,0,2
4,1057,1,1,0,0,2
4,1072,1,1,0,1,2
4,1101,1,1,0,1,2
4,1134,1,1,0,0,2
4,1156,1,1,1,0,2
4,1177,1,1,0,0,2
4,1181,1,1,1,0,2
4,1183,1,1,0,1,2
4,1190,1,1,1,0,2
4,1200,1,1,0,0,2
4,1220,1,1,0,0,2
4,1227,1,1,0,0,2
4,1246,1,1,0,0,2
4,1265,1,1,0,0,2
4,1280,1,1,0,0,2
4,1315,1,1,0,0,2
4,1338,1,1,0,0,2
4,1355,1,1,0,0,2
4,1366,1,1,0,0,2
4,1374,1,1,0,0,2
4,1393,1,1,0,0,2
4,1412,1,1,0,0,2
4,1446,1,1,0,0,2
4,1486,1,1,0,0,2
4,1498,1,1,0,0,2
4,1501,1,1,1,0,2
4,1505,1,1,0,0,2
4,1514,1,1,0,0,2
4,1518,1,1,0,0,2
4,1524,1,1,0,0,2
4,1536,1,1,0,0,2
4,1582,1,1,0,0,2
4,1600,1,1,0,0,2
4,1626,1,1,0,0,2
4,1670,1,1,0,0,2
4,1686,1,1,0,0,2
4,1690,1,1,0,0,2
4,1741,1,1,0,0,2
4,1764,1,1,0,0,2
4,1771,1,1,0,0,2
4,1785,1,1,0,0,2
4,1830,1,1,0,0,2
4,1837,1,1,0,0,2
4,1848,1,1,0,0,2
4,1874,1,1,1,0,2
4,1887,1,1,0,0,2
4,1922,1,1,0,0,2
4,1942,1,1,0,0,2
4,1958,1,1,0,1,2
4,1979,1,1,0,1,2
4,2006,1,1,0,0,2
4,2018,1,1,0,1,2
4,2040,1,1,0,0,2
4,2041,1,1,0,0,2
4,2056,1,1,0,0,2
4,2057,1,1,0,0,2
4,2062,1,1,0,1,2
4,2071,1,1,0,0,2
4,2078,1,1,0,0,2
4,2110,1,1,0,0,2
4,2138,1,1,0,1,2
4,2147,1,1,0,0,2
4,2245,1,1,0,0,2
4,2278,1,1,0,0,2
4,2290,1,1,0,1,2
4,2306,1,1,0,0,2
4,2354,1,1,0,0,2
4,2357,1,1,0,1,2
4,2362,1,1,0,1,2
4,2368,1,1,0,1,2
4,2402,1,1,0,1,2
4,2416,1,1,0,0,2
4,2417,1,1,1,0,2
4,2441,1,1,1,0,2
4,2460,1,1,0,0,2
4,2465,1,1,1,0,2
4,2491,1,1,0,0,2
4,53,1,1,0,0,3
4,57,1,1,0,0,3
4,66,1,1,0,0,3
4,67,1,1,0,0,3
4,75,1,1,0,1,3
4,101,1,1,0,0,3
4,103,1,1,0,0,3
4,153,1,1,0,1,3
4,156,1,1,1,0,3
4,178,1,1,0,0,3
4,185,1,1,0,0,3
4,194,1,1,0,0,3
4,219,1,1,0,0,3
4,246,1,1,0,0,3
4,248,1,1,0,1,3
4,275,1,1,0,0,3
4,320,1,1,0,0,3
4,326,1,1,0,1,3
4,332,1,1,0,0,3
4,368,1,1,0,0,3
4,387,1,1,0,0,3
4,405,1,1,0,0,3
4,423,1,1,0,0,3
4,433,1,1,0,0,3
4,452,1,1,0,0,3
4,454,1,1,0,0,3
4,468,1,1,0,0,3
4,474,1,1,0,0,3
4,539,1,1,0,0,3
4,540,1,1,0,0,3
4,547,1,1,0,0,3
4,572,1,1,0,0,3
4,574,1,1,0,0,3
4,595,1,1,0,1,3
4,599,1,1,0,0,3
4,601,1,1,0,0,3
4,624,1,1,1,0,3
4,655,1,1,0,0,3
4,656,1,1,0,0,3
4,671,1,1,0,1,3
4,677,1,1,0,0,3
4,685,1,1,0,0,3
4,691,1,1,0,0,3
4,738,1,1,0,0,3
4,741,1,1,0,0,3
4,752,1,1,0,0,3
4,767,1,1,0,1,3
4,776,1,1,0,0,3
4,779,1,1,1,0,3
4,801,1,1,0,0,3
4,807,1,1,0,0,3
4,839,1,1,0,0,3
4,840,1,1,0,0,3
4,844,1,1,0,1,3
4,854,1,1,0,0,3
4,861,1,1,1,0,3
4,862,1,1,0,0,3
4,872,1,1,0,0,3
4,907,1,1,0,0,3
4,914,1,1,1,0,3
4,930,1,1,0,0,3
4,1007,1,1,0,0,3
4,1011,1,1,1,0,3
4,1045,1,1,0,0,3
4,1053,1,1,0,0,3
4,1077,1,1,0,0,3
4,1147,1,1,0,0,3
4,1151,1,1,0,0,3
4,1169,1,1,0,0,3
4,1192,1,1,0,0,3
4,1213,1,1,0,0,3
4,1226,1,1,0,0,3
4,1230,1,1,0,0,3
4,1272,1,1,0,0,3
4,1289,1,1,1,0,3
4,1295,1,1,0,0,3
4,1300,1,1,0,0,3
4,1305,1,1,1,0,3
4,1311,1,1,0,0,3
4,1313,1,1,0,1,3
4,1349,1,1,0,0,3
4,1350,1,1,0,0,3
4,1358,1,1,0,0,3
4,1359,1,1,0,0,3
4,1361,1,1,0,1,3
4,1403,1,1,0,0,3
4,1426,1,1,0,1,3
4,1476,1,1,0,0,3
4,1497,1,1,0,0,3
4,1506,1,1,0,0,3
4,1527,1,1,0,0,3
4,1581,1,1,0,0,3
4,1589,1,1,0,0,3
4,1649,1,1,0,0,3
4,1650,1,1,1,0,3
4,1659,1,1,0,0,3
4,1663,1,1,0,0,3
4,1719,1,1,1,0,3
4,1724,1,1,0,0,3
4,1725,1,1,1,0,3
4,1733,1,1,0,0,3
4,1791,1,1,0,0,3
4,1806,1,1,0,0,3
4,1827,1,1,0,0,3
4,1844,1,1,0,0,3
4,1862,1,1,0,0,3
4,1877,1,1,0,0,3
4,1880,1,1,0,0,3
4,1896,1,1,0,0,3
4,1928,1,1,0,0,3
4,1933,1,1,0,1,3
4,1945,1,1,0,0,3
4,1957,1,1,0,0,3
4,1970,1,1,0,0,3
4,1971,1,1,0,0,3
4,2025,1,1,0,0,3
4,2063,1,1,0,0,3
4,2070,1,1,0,0,3
4,2074,1,1,0,0,3
4,2094,1,1,0,0,3
4,2116,1,1,0,0,3
4,2159,1,1,0,0,3
4,2175,1,1,0,0,3
4,2192,1,1,0,0,3
4,2193,1,1,0,0,3
4,2205,1,1,0,0,3
4,2214,1,1,0,0,3
4,2220,1,1,0,0,3
4,2237,1,1,1,0,3
4,2239,1,1,0,1,3
4,2246,1,1,0,0,3
4,2255,1,1,1,0,3
4,2265,1,1,0,0,3
4,2275,1,1,0,0,3
4,2276,1,1,0,0,3
4,2284,1,1,0,0,3
4,2287,1,1,0,0,3
4,2295,1,1,0,0,3
4,2299,1,1,0,0,3
4,2323,1,1,0,0,3
4,2337,1,1,0,0,3
4,2370,1,1,0,0,3
4,2390,1,1,0,0,3
4,2403,1,1,0,0,3
4,2427,1,1,1,0,3
4,2487,1,1,0,0,3
4,39,1,1,0,0,4
4,80,1,1,1,0,4
4,129,1,1,0,0,4
4,143,1,1,0,0,4
4,183,1,1,0,0,4
4,184,1,1,0,0,4
4,198,1,1,0,1,4
4,217,1,1,0,0,4
4,226,1,1,0,0,4
4,231,1,1,0,0,4
4,250,1,1,0,0,4
4,289,1,1,0,0,4
4,299,1,1,0,0,4
4,305,1,1,0,1,4
4,317,1,1,0,1,4
4,327,1,1,0,1,4
4,358,1,1,0,0,4
4,365,1,1,1,0,4
4,369,1,1,0,0,4
4,375,1,1,0,0,4
4,385,1,1,0,0,4
4,398,1,1,0,0,4
4,408,1,1,0,0,4
4,412,1,1,0,0,4
4,424,1,1,1,0,4
4,425,1,1,0,0,4
4,432,1,1,0,0,4
4,448,1,1,1,0,4
4,462,1,1,0,0,4
4,481,1,1,0,0,4
4,494,1,1,0,0,4
4,500,1,1,0,0,4
4,510,1,1,0,0,4
4,524,1,1,0,0,4
4,530,1,1,1,0,4
4,542,1,1,0,0,4
4,576,1,1,1,0,4
4,586,1,1,0,0,4
4,606,1,1,0,0,4
4,608,1,1,0,0,4
4,626,1,1,1,0,4
4,634,1,1,0,0,4
4,659,1,1,0,0,4
4,662,1,1,0,0,4
4,665,1,1,0,0,4
4,670,1,1,0,0,4
4,675,1,1,0,0,4
4,678,1,1,0,0,4
4,679,1,1,0,0,4
4,680,1,1,1,0,4
4,698,1,1,1,0,4
4,699,1,1,0,0,4
4,716,1,1,0,0,4
4,721,1,1,0,0,4
4,768,1,1,0,0,4
4,855,1,1,1,0,4
4,869,1,1,0,0,4
4,908,1,1,1,0,4
4,913,1,1,0,0,4
4,923,1,1,0,0,4
4,967,1,1,0,0,4
4,1034,1,1,0,0,4
4,1050,1,1,0,0,4
4,1079,1,1,0,0,4
4,1086,1,1,0,0,4
4,1092,1,1,0,0,4
4,1111,1,1,0,0,4
4,1113,1,1,0,0,4
4,1138,1,1,0,0,4
4,1145,1,1,0,0,4
4,1224,1,1,0,1,4
4,1257,1,1,0,0,4
4,1274,1,1,0,0,4
4,1278,1,1,1,0,4
4,1308,1,1,0,0,4
4,1325,1,1,1,0,4
4,1329,1,1,0,0,4
4,1332,1,1,0,0,4
4,1340,1,1,0,1,4
4,1352,1,1,0,0,4
4,1353,1,1,0,0,4
4,1354,1,1,0,0,4
4,1399,1,1,0,0,4
4,1405,1,1,0,0,4
4,1420,1,1,0,1,4
4,1493,1,1,0,0,4
4,1508,1,1,0,0,4
4,1509,1,1,0,0,4
4,1537,1,1,0,0,4
4,1538,1,1,1,0,4
4,1541,1,1,0,0,4
4,1544,1,1,0,0,4
4,1546,1,1,0,0,4
4,1563,1,1,0,0,4
4,1564,1,1,0,1,4
4,1572,1,1,0,0,4
4,1666,1,1,0,0,4
4,1685,1,1,0,0,4
4,1693,1,1,0,0,4
4,1701,1,1,0,0,4
4,1709,1,1,0,0,4
4,1715,1,1,0,0,4
4,1723,1,1,0,1,4
4,1728,1,1,0,0,4
4,1752,1,1,0,0,4
4,1754,1,1,0,1,4
4,1756,1,1,0,0,4
4,1765,1,1,0,0,4
4,1781,1,1,0,0,4
4,1783,1,1,1,0,4
4,1787,1,1,1,0,4
4,1789,1,1,0,0,4
4,1795,1,1,0,0,4
4,1797,1,1,1,0,4
4,1800,1,1,0,0,4
4,1804,1,1,0,1,4
4,1807,1,1,0,0,4
4,1811,1,1,0,0,4
4,1849,1,1,0,0,4
4,1858,1,1,1,0,4
4,1881,1,1,0,0,4
4,1885,1,1,0,0,4
4,1897,1,1,0,0,4
4,1899,1,1,0,0,4
4,1913,1,1,1,0,4
4,1993,1,1,0,0,4
4,2001,1,1,0,0,4
4,2013,1,1,0,0,4
4,2021,1,1,0,0,4
4,2022,1,1,0,1,4
4,2028,1,1,0,0,4
4,2038,1,1,0,0,4
4,2042,1,1,0,0,4
4,2045,1,1,0,0,4
4,2065,1,1,0,0,4
4,2086,1,1,0,0,4
4,2100,1,1,0,0,4
4,2108,1,1,0,0,4
4,2112,1,1,0,0,4
4,2133,1,1,0,1,4
4,2148,1,1,1,0,4
4,2215,1,1,0,0,4
4,2222,1,1,0,0,4
4,2285,1,1,0,0,4
4,2297,1,1,0,0,4
4,2305,1,1,0,1,4
4,2307,1,1,0,0,4
4,2325,1,1,0,0,4
4,2348,1,1,0,0,4
4,2355,1,1,1,0,4
4,2363,1,1,0,0,4
4,2393,1,1,0,0,4
4,2426,1,1,0,0,4
4,2433,1,1,0,1,4
4,2435,1,1,0,0,4
4,2450,1,1,0,0,4
4,2490,1,1,0,0,4
4,9,1,1,0,0,5
4,13,1,1,0,0,5
4,27,1,1,0,0,5
4,54,1,1,0,0,5
4,65,1,1,1,0,5
4,96,1,1,0,1,5
4,112,1,1,0,0,5
4,122,1,1,0,0,5
4,138,1,1,0,0,5
4,139,1,1,0,0,5
4,154,1,1,0,0,5
4,162,1,1,0,0,5
4,163,1,1,1,0,5
4,173,1,1,0,0,5
4,197,1,1,1,0,5
4,229,1,1,0,1,5
4,260,1,1,0,0,5
4,285,1,1,0,0,5
4,290,1,1,0,0,5
4,293,1,1,1,0,5
4,298,1,1,0,0,5
4,301,1,1,0,0,5
4,308,1,1,0,1,5
4,334,1,1,0,1,5
4,343,1,1,0,0,5
4,361,1,1,1,0,5
4,367,1,1,0,0,5
4,394,1,1,0,0,5
4,395,1,1,1,0,5
4,396,1,1,0,1,5
4,426,1,1,0,0,5
4,457,1,1,0,0,5
4,463,1,1,0,0,5
4,486,1,1,0,0,5
4,491,1,1,0,0,5
4,505,1,1,0,0,5
4,506,1,1,0,0,5
4,520,1,1,0,0,5
4,554,1,1,0,0,5
4,559,1,1,0,0,5
4,563,1,1,0,0,5
4,568,1,1,0,1,5
4,578,1,1,0,0,5
4,580,1,1,0,0,5
4,588,1,1,0,1,5
4,592,1,1,1,0,5
4,674,1,1,0,0,5
4,695,1,1,0,0,5
4,697,1,1,0,0,5
4,708,1,1,0,0,5
4,713,1,1,0,0,5
4,756,1,1,0,0,5
4,761,1,1,0,0,5
4,769,1,1,0,0,5
4,774,1,1,1,0,5
4,778,1,1,0,0,5
4,822,1,1,1,0,5
4,835,1,1,0,0,5
4,847,1,1,0,0,5
4,849,1,1,0,0,5
4,879,1,1,0,0,5
4,882,1,1,0,0,5
4,898,1,1,0,0,5
4,901,1,1,0,0,5
4,905,1,1,0,1,5
4,919,1,1,0,0,5
4,936,1,1,0,0,5
4,945,1,1,0,0,5
4,973,1,1,0,0,5
4,992,1,1,0,0,5
4,995,1,1,0,0,5
4,1030,1,1,0,0,5
4,1044,1,1,0,0,5
4,1062,1,1,0,0,5
4,1088,1,1,0,0,5
4,1095,1,1,0,0,5
4,1125,1,1,1,0,5
4,1131,1,1,0,0,5
4,1153,1,1,1,0,5
4,1180,1,1,0,1,5
4,1194,1,1,0,0,5
4,1202,1,1,0,0,5
4,1208,1,1,0,0,5
4,1218,1,1,0,0,5
4,1221,1,1,1,0,5
4,1223,1,1,0,0,5
4,1234,1,1,0,0,5
4,1248,1,1,0,1,5
4,1286,1,1,0,0,5
4,1287,1,1,0,0,5
4,1334,1,1,0,0,5
4,1335,1,1,0,0,5
4,1346,1,1,0,1,5
4,1373,1,1,0,0,5
4,1384,1,1,0,0,5
4,1388,1,1,1,0,5
4,1411,1,1,0,0,5
4,1414,1,1,1,0,5
4,1433,1,1,0,0,5
4,1451,1,1,0,0,5
4,1457,1,1,0,0,5
4,1470,1,1,0,0,5
4,1474,1,1,0,0,5
4,1517,1,1,0,0,5
4,1520,1,1,0,0,5
4,1566,1,1,0,1,5
4,1574,1,1,0,0,5
4,1585,1,1,0,1,5
4,1607,1,1,0,0,5
4,1615,1,1,0,0,5
4,1630,1,1,0,0,5
4,1645,1,1,0,0,5
4,1687,1,1,0,0,5
4,1697,1,1,0,0,5
4,1700,1,1,0,0,5
4,1722,1,1,0,0,5
4,1726,1,1,0,0,5
4,1734,1,1,0,0,5
4,1767,1,1,0,0,5
4,1776,1,1,0,0,5
4,1788,1,1,0,0,5
4,1805,1,1,0,0,5
4,1808,1,1,0,1,5
4,1831,1,1,0,0,5
4,1860,1,1,0,0,5
4,1866,1,1,0,0,5
4,1869,1,1,0,0,5
4,1908,1,1,0,1,5
4,1940,1,1,0,0,5
4,1944,1,1,0,0,5
4,1984,1,1,0,0,5
4,1986,1,1,0,0,5
4,1992,1,1,0,0,5
4,2048,1,1,0,0,5
4,2081,1,1,0,0,5
4,2084,1,1,0,0,5
4,2105,1,1,0,0,5
4,2122,1,1,0,0,5
4,2123,1,1,0,0,5
4,2124,1,1,0,1,5
4,2137,1,1,0,0,5
4,2165,1,1,1,0,5
4,2168,1,1,0,0,5
4,2196,1,1,0,1,5
4,2218,1,1,0,0,5
4,2219,1,1,0,0,5
4,2227,1,1,0,0,5
4,2231,1,1,0,0,5
4,2238,1,1,0,0,5
4,2241,1,1,0,0,5
4,2251,1,1,0,0,5
4,2260,1,1,0,0,5
4,2263,1,1,0,0,5
4,2264,1,1,0,0,5
4,2273,1,1,0,0,5
4,2304,1,1,0,0,5
4,2309,1,1,1,0,5
4,2321,1,1,0,0,5
4,2324,1,1,0,0,5
4,2331,1,1,0,0,5
4,2332,1,1,0,0,5
4,2339,1,1,0,1,5
4,2349,1,1,0,1,5
4,2378,1,1,0,0,5
4,2400,1,1,1,0,5
4,2405,1,1,0,0,5
4,2410,1,1,0,0,5
4,2486,1,1,0,0,5
4,2494,1,1,0,0,5
4,58,1,1,0,0,6
4,64,1,1,0,0,6
4,68,1,1,0,0,6
4,74,1,1,0,0,6
4,85,1,1,0,0,6
4,87,1,1,0,0,6
4,89,1,1,0,0,6
4,95,1,1,0,0,6
4,97,1,1,0,0,6
4,104,1,1,0,0,6
4,105,1,1,0,0,6
4,109,1,1,0,0,6
4,131,1,1,0,0,6
4,147,1,1,0,0,6
4,161,1,1,0,1,6
4,164,1,1,0,0,6
4,215,1,1,0,0,6
4,220,1,1,0,1,6
4,234,1,1,0,0,6
4,244,1,1,0,0,6
4,247,1,1,0,0,6
4,249,1,1,1,0,6
4,252,1,1,1,0,6
4,253,1,1,0,0,6
4,272,1,1,0,0,6
4,291,1,1,0,0,6
4,295,1,1,0,0,6
4,302,1,1,0,0,6
4,307,1,1,0,0,6
4,316,1,1,0,0,6
4,318,1,1,0,0,6
4,336,1,1,0,0,6
4,360,1,1,0,0,6
4,379,1,1,0,0,6
4,384,1,1,0,0,6
4,390,1,1,0,0,6
4,418,1,1,1,0,6
4,428,1,1,0,0,6
4,430,1,1,0,0,6
4,440,1,1,0,0,6
4,456,1,1,0,0,6
4,465,1,1,1,0,6
4,467,1,1,1,0,6
4,475,1,1,0,0,6
4,497,1,1,0,0,6
4,514,1,1,0,0,6
4,515,1,1,1,0,6
4,516,1,1,0,0,6
4,519,1,1,0,0,6
4,526,1,1,0,0,6
4,529,1,1,0,0,6
4,596,1,1,0,0,6
4,609,1,1,0,0,6
4,629,1,1,0,0,6
4,637,1,1,0,0,6
4,644,1,1,0,0,6
4,696,1,1,0,0,6
4,704,1,1,0,0,6
4,715,1,1,0,0,6
4,730,1,1,0,0,6
4,733,1,1,0,0,6
4,749,1,1,0,0,6
4,759,1,1,1,0,6
4,777,1,1,0,0,6
4,781,1,1,0,0,6
4,787,1,1,0,0,6
4,799,1,1,0,1,6
4,800,1,1,0,1,6
4,803,1,1,0,0,6
4,806,1,1,0,0,6
4,816,1,1,0,0,6
4,829,1,1,0,0,6
4,851,1,1,0,0,6
4,860,1,1,0,1,6
4,863,1,1,0,0,6
4,868,1,1,0,0,6
4,871,1,1,0,0,6
4,883,1,1,0,0,6
4,887,1,1,0,0,6
4,889,1,1,0,0,6
4,899,1,1,1,0,6
4,906,1,1,0,0,6
4,918,1,1,0,0,6
4,920,1,1,0,0,6
4,921,1,1,0,0,6
4,955,1,1,1,0,6
4,961,1,1,0,0,6
4,991,1,1,1,0,6
4,993,1,1,0,0,6
4,996,1,1,0,0,6
4,1019,1,1,0,0,6
4,1029,1,1,0,0,6
4,1031,1,1,0,0,6
4,1054,1,1,0,0,6
4,1055,1,1,0,0,6
4,1059,1,1,0,0,6
4,1065,1,1,0,1,6
4,1069,1,1,0,0,6
4,1084,1,1,0,0,6
4,1090,1,1,0,0,6
4,1102,1,1,0,0,6
4,1103,1,1,0,0,6
4,1112,1,1,0,0,6
4,1120,1,1,0,0,6
4,1140,1,1,0,0,6
4,1148,1,1,0,0,6
4,1154,1,1,0,1,6
4,1161,1,1,0,0,6
4,1175,1,1,0,0,6
4,1182,1,1,0,0,6
4,1188,1,1,0,0,6
4,1191,1,1,0,0,6
4,1193,1,1,0,0,6
4,1207,1,1,0,0,6
4,1222,1,1,0,0,6
4,1239,1,1,0,0,6
4,1240,1,1,0,0,6
4,1273,1,1,0,0,6
4,1275,1,1,0,1,6
4,1281,1,1,0,0,6
4,1304,1,1,0,0,6
4,1322,1,1,0,0,6
4,1324,1,1,0,1,6
4,1377,1,1,0,0,6
4,1379,1,1,1,0,6
4,1401,1,1,0,0,6
4,1416,1,1,0,0,6
4,1437,1,1,0,0,6
4,1458,1,1,0,0,6
4,1459,1,1,0,0,6
4,1482,1,1,0,1,6
4,1484,1,1,1,0,6
4,1488,1,1,0,0,6
4,1490,1,1,0,1,6
4,1521,1,1,0,0,6
4,1530,1,1,0,1,6
4,1575,1,1,0,0,6
4,1595,1,1,0,0,6
4,1598,1,1,0,0,6
4,1623,1,1,0,1,6
4,1635,1,1,0,0,6
4,1642,1,1,0,1,6
4,1658,1,1,0,0,6
4,1681,1,1,0,0,6
4,1702,1,1,0,0,6
4,1708,1,1,0,1,6
4,1710,1,1,0,0,6
4,1735,1,1,0,1,6
4,1742,1,1,0,1,6
4,1761,1,1,0,0,6
4,1774,1,1,0,1,6
4,1814,1,1,1,0,6
4,1864,1,1,0,0,6
4,1875,1,1,0,0,6
4,1879,1,1,0,0,6
4,1889,1,1,0,0,6
4,1898,1,1,0,0,6
4,1936,1,1,1,0,6
4,1956,1,1,0,0,6
4,1965,1,1,0,1,6
4,1980,1,1,0,0,6
4,2012,1,1,0,0,6
4,2017,1,1,0,0,6
4,2020,1,1,0,0,6
4,2029,1,1,0,0,6
4,2031,1,1,1,0,6
4,2059,1,1,0,0,6
4,2075,1,1,0,0,6
4,2082,1,1,0,0,6
4,2092,1,1,0,0,6
4,2107,1,1,0,0,6
4,2114,1,1,0,0,6
4,2117,1,1,0,0,6
4,2120,1,1,0,0,6
4,2130,1,1,0,0,6
4,2155,1,1,0,0,6
4,2157,1,1,0,0,6
4,2172,1,1,0,0,6
4,2183,1,1,0,1,6
4,2191,1,1,0,0,6
4,2199,1,1,0,0,6
4,2204,1,1,0,0,6
4,2216,1,1,0,0,6
4,2269,1,1,1,0,6
4,2272,1,1,0,0,6
4,2286,1,1,0,1,6
4,2300,1,1,0,0,6
4,2333,1,1,0,0,6
4,2335,1,1,0,0,6
4,2380,1,1,0,0,6
4,2385,1,1,0,0,6
4,2399,1,1,0,0,6
4,2418,1,1,0,1,6
4,2421,1,1,0,0,6
4,2475,1,1,0,0,6
4,2477,1,1,0,1,6
4,2495,1,1,0,1,6
4,2499,1,1,1,0,6
4,17,3,1,0,0,7
4,25,3,1,0,0,7
4,47,3,1,3,0,7
4,110,3,1,0,0,7
4,121,3,1,0,0,7
4,126,3,1,3,0,7
4,141,3,1,0,0,7
4,148,3,1,0,0,7
4,159,3,1,0,1,7
4,170,3,1,0,0,7
4,172,3,1,0,1,7
4,186,3,1,0,0,7
4,238,3,1,0,0,7
4,251,3,1,0,0,7
4,270,3,1,0,0,7
4,287,3,1,0,0,7
4,324,3,1,0,0,7
4,348,3,1,0,0,7
4,356,3,1,0,0,7
4,370,3,1,0,0,7
4,377,3,1,0,0,7
4,383,3,1,0,0,7
4,389,3,1,0,0,7
4,391,3,1,0,0,7
4,401,3,1,3,0,7
4,476,3,1,0,0,7
4,483,3,1,0,0,7
4,487,3,1,0,0,7
4,504,3,1,0,0,7
4,513,3,1,0,0,7
4,521,3,1,0,0,7
4,522,3,1,0,0,7
4,534,3,1,0,0,7
4,552,3,1,0,0,7
4,562,3,1,0,0,7
4,603,3,1,0,0,7
4,604,3,1,0,0,7
4,621,3,1,0,0,7
4,625,3,1,3,0,7
4,684,3,1,0,0,7
4,722,3,1,0,0,7
4,745,3,1,0,0,7
4,758,3,1,0,0,7
4,780,3,1,3,0,7
4,783,3,1,0,0,7
4,811,3,1,0,0,7
4,820,3,1,0,1,7
4,876,3,1,3,0,7
4,894,3,1,0,0,7
4,900,3,1,0,0,7
4,912,3,1,3,0,7
4,934,3,1,0,0,7
4,937,3,1,0,0,7
4,941,3,1,0,0,7
4,942,3,1,0,1,7
4,964,3,1,0,1,7
4,975,3,1,0,0,7
4,1009,3,1,0,0,7
4,1040,3,1,0,0,7
4,1076,3,1,0,0,7
4,1082,3,1,0,0,7
4,1096,3,1,0,0,7
4,1109,3,1,0,0,7
4,1128,3,1,0,0,7
4,1129,3,1,0,0,7
4,1146,3,1,0,0,7
4,1170,3,1,0,0,7
4,1176,3,1,0,1,7
4,1195,3,1,0,0,7
4,1219,3,1,0,0,7
4,1264,3,1,3,0,7
4,1279,3,1,0,0,7
4,1297,3,1,0,0,7
4,1301,3,1,0,0,7
4,1381,3,1,0,0,7
4,1415,3,1,0,0,7
4,1445,3,1,0,0,7
4,1519,3,1,0,0,7
4,1526,3,1,0,0,7
4,1533,3,1,0,0,7
4,1540,3,1,0,0,7
4,1554,3,1,0,0,7
4,1556,3,1,0,0,7
4,1578,3,1,3,0,7
4,1579,3,1,0,0,7
4,1596,3,1,0,0,7
4,1599,3,1,0,0,7
4,1678,3,1,0,0,7
4,1692,3,1,0,0,7
4,1694,3,1,0,0,7
4,1718,3,1,3,0,7
4,1778,3,1,0,0,7
4,1784,3,1,0,0,7
4,1792,3,1,0,0,7
4,1793,3,1,3,0,7
4,1841,3,1,0,0,7
4,1851,3,1,3,0,7
4,1972,3,1,0,0,7
4,1978,3,1,0,0,7
4,2000,3,1,3,0,7
4,2003,3,1,0,0,7
4,2033,3,1,0,1,7
4,2034,3,1,0,0,7
4,2083,3,1,0,1,7
4,2128,3,1,0,0,7
4,2160,3,1,0,0,7
4,2163,3,1,0,0,7
4,2209,3,1,0,0,7
4,2232,3,1,0,1,7
4,2234,3,1,0,0,7
4,2236,3,1,0,0,7
4,2254,3,1,0,0,7
4,2267,3,1,0,0,7
4,2320,3,1,0,0,7
4,2340,3,1,0,0,7
4,2346,3,1,0,0,7
4,2361,3,1,0,0,7
4,2365,3,1,3,0,7
4,2372,3,1,0,1,7
4,2373,3,1,0,0,7
4,2432,3,1,0,0,7
4,2461,3,1,0,0,7
4,2464,3,1,0,0,7
4,2479,3,1,0,0,7
4,2482,3,1,0,0,7
4,2484,3,1,0,0,7
4,3,1,1,0,0,8
4,40,1,1,0,0,8
4,41,1,1,0,0,8
4,49,1,1,0,0,8
4,70,1,1,0,0,8
4,82,1,1,0,0,8
4,84,1,1,0,0,8
4,90,1,1,0,0,8
4,115,1,1,0,0,8
4,128,1,1,0,0,8
4,137,1,1,0,0,8
4,202,1,1,1,0,8
4,230,1,1,0,0,8
4,243,1,1,1,0,8
4,256,1,1,0,0,8
4,263,1,1,0,0,8
4,267,1,1,0,0,8
4,304,1,1,0,0,8
4,321,1,1,0,0,8
4,337,1,1,1,0,8
4,349,1,1,0,1,8
4,362,1,1,0,0,8
4,380,1,1,0,1,8
4,406,1,1,0,0,8
4,441,1,1,0,0,8
4,445,1,1,1,0,8
4,460,1,1,0,0,8
4,493,1,1,0,0,8
4,496,1,1,1,0,8
4,501,1,1,1,0,8
4,543,1,1,0,0,8
4,548,1,1,0,1,8
4,557,1,1,1,0,8
4,590,1,1,1,0,8
4,605,1,1,0,0,8
4,639,1,1,0,0,8
4,653,1,1,0,0,8
4,661,1,1,1,0,8
4,701,1,1,0,0,8
4,706,1,1,1,0,8
4,707,1,1,0,0,8
4,726,1,1,0,0,8
4,728,1,1,0,0,8
4,740,1,1,0,0,8
4,764,1,1,0,0,8
4,788,1,1,0,0,8
4,808,1,1,0,0,8
4,823,1,1,0,1,8
4,827,1,1,0,0,8
4,877,1,1,0,0,8
4,880,1,1,0,0,8
4,892,1,1,0,0,8
4,981,1,1,0,0,8
4,987,1,1,0,0,8
4,994,1,1,0,0,8
4,1018,1,1,0,0,8
4,1023,1,1,0,0,8
4,1046,1,1,0,0,8
4,1047,1,1,0,0,8
4,1073,1,1,0,0,8
4,1106,1,1,0,0,8
4,1136,1,1,0,0,8
4,1168,1,1,0,0,8
4,1197,1,1,0,0,8
4,1199,1,1,0,0,8
4,1205,1,1,0,0,8
4,1242,1,1,0,0,8
4,1252,1,1,0,0,8
4,1268,1,1,0,0,8
4,1269,1,1,0,0,8
4,1276,1,1,0,0,8
4,1284,1,1,1,0,8
4,1291,1,1,0,0,8
4,1323,1,1,1,0,8
4,1328,1,1,0,0,8
4,1331,1,1,0,0,8
4,1360,1,1,0,0,8
4,1363,1,1,0,0,8
4,1367,1,1,0,0,8
4,1395,1,1,0,0,8
4,1419,1,1,0,0,8
4,1454,1,1,0,1,8
4,1462,1,1,0,0,8
4,1466,1,1,0,0,8
4,1472,1,1,0,0,8
4,1512,1,1,1,0,8
4,1531,1,1,0,1,8
4,1549,1,1,0,0,8
4,1552,1,1,0,0,8
4,1571,1,1,0,0,8
4,1625,1,1,0,0,8
4,1636,1,1,0,0,8
4,1665,1,1,0,0,8
4,1675,1,1,0,0,8
4,1705,1,1,0,1,8
4,1706,1,1,0,0,8
4,1717,1,1,0,0,8
4,1720,1,1,1,0,8
4,1737,1,1,0,0,8
4,1740,1,1,0,0,8
4,1790,1,1,0,0,8
4,1799,1,1,0,0,8
4,1822,1,1,0,0,8
4,1842,1,1,1,0,8
4,1856,1,1,0,0,8
4,1861,1,1,0,0,8
4,1902,1,1,0,0,8
4,1926,1,1,0,1,8
4,1937,1,1,0,0,8
4,1959,1,1,0,0,8
4,2002,1,1,0,0,8
4,2004,1,1,0,0,8
4,2050,1,1,0,0,8
4,2051,1,1,0,0,8
4,2060,1,1,0,1,8
4,2127,1,1,1,0,8
4,2129,1,1,0,0,8
4,2145,1,1,0,0,8
4,2167,1,1,0,1,8
4,2171,1,1,1,0,8
4,2261,1,1,0,0,8
4,2291,1,1,1,0,8
4,2308,1,1,0,0,8
4,2338,1,1,0,0,8
4,2401,1,1,0,0,8
4,2404,1,1,0,0,8
4,2431,1,1,1,0,8
4,2481,1,1,1,0,8
4,2489,1,1,0,0,8
4,1,3,1,0,0,9
4,2,3,1,0,0,9
4,4,3,1,0,0,9
4,14,3,1,0,1,9
4,24,3,1,0,0,9
4,30,3,1,0,0,9
4,31,3,1,0,0,9
4,35,3,1,0,0,9
4,37,3,1,0,0,9
4,42,3,1,0,0,9
4,51,3,1,0,0,9
4,56,3,1,3,0,9
4,59,3,1,3,0,9
4,91,3,1,0,0,9
4,93,3,1,0,0,9
4,124,3,1,3,0,9
4,149,3,1,3,0,9
4,169,3,1,0,1,9
4,175,3,1,3,0,9
4,176,3,1,0,0,9
4,177,3,1,0,0,9
4,189,3,1,0,0,9
4,203,3,1,0,0,9
4,257,3,1,0,0,9
4,309,3,1,0,1,9
4,311,3,1,1,0,9
4,340,3,1,0,0,9
4,354,3,1,0,1,9
4,355,3,1,0,0,9
4,357,3,1,0,0,9
4,402,3,1,0,0,9
4,403,3,1,0,0,9
4,415,3,1,0,0,9
4,420,3,1,0,0,9
4,442,3,1,0,0,9
4,446,3,1,0,0,9
4,458,3,1,0,0,9
4,461,3,1,0,0,9
4,489,3,1,0,0,9
4,503,3,1,0,0,9
4,528,3,1,0,0,9
4,532,3,1,1,0,9
4,551,3,1,0,0,9
4,555,3,1,0,0,9
4,607,3,1,0,1,9
4,610,3,1,0,0,9
4,611,3,1,0,1,9
4,614,3,1,1,0,9
4,615,3,1,1,0,9
4,623,3,1,0,0,9
4,664,3,1,0,0,9
4,669,3,1,0,0,9
4,687,3,1,0,0,9
4,693,3,1,0,0,9
4,710,3,1,0,0,9
4,718,3,1,0,0,9
4,731,3,1,0,0,9
4,735,3,1,3,0,9
4,748,3,1,0,0,9
4,763,3,1,0,0,9
4,786,3,1,0,0,9
4,791,3,1,0,0,9
4,792,3,1,0,0,9
4,805,3,1,0,0,9
4,819,3,1,0,1,9
4,821,3,1,0,0,9
4,857,3,1,0,0,9
4,890,3,1,0,0,9
4,910,3,1,0,0,9
4,932,3,1,0,0,9
4,935,3,1,0,0,9
4,940,3,1,0,0,9
4,959,3,1,3,0,9
4,971,3,1,0,0,9
4,983,3,1,3,0,9
4,986,3,1,0,0,9
4,988,3,1,0,0,9
4,989,3,1,0,0,9
4,1000,3,1,0,0,9
4,1004,3,1,0,0,9
4,1006,3,1,0,0,9
4,1021,3,1,0,0,9
4,1028,3,1,0,0,9
4,1037,3,1,0,1,9
4,1056,3,1,0,1,9
4,1061,3,1,0,0,9
4,1067,3,1,0,1,9
4,1075,3,1,0,0,9
4,1080,3,1,0,0,9
4,1087,3,1,0,0,9
4,1091,3,1,0,0,9
4,1098,3,1,0,0,9
4,1108,3,1,0,0,9
4,1110,3,1,0,0,9
4,1123,3,1,0,0,9
4,1139,3,1,0,0,9
4,1141,3,1,0,0,9
4,1164,3,1,0,0,9
4,1210,3,1,0,0,9
4,1232,3,1,0,1,9
4,1235,3,1,0,0,9
4,1238,3,1,0,0,9
4,1254,3,1,0,0,9
4,1299,3,1,3,0,9
4,1306,3,1,0,0,9
4,1342,3,1,0,0,9
4,1365,3,1,0,0,9
4,1369,3,1,0,0,9
4,1380,3,1,0,0,9
4,1400,3,1,3,0,9
4,1402,3,1,0,0,9
4,1422,3,1,0,0,9
4,1439,3,1,0,0,9
4,1444,3,1,0,0,9
4,1450,3,1,0,0,9
4,1461,3,1,0,0,9
4,1467,3,1,0,0,9
4,1469,3,1,0,0,9
4,1477,3,1,0,0,9
4,1480,3,1,0,1,9
4,1489,3,1,0,0,9
4,1495,3,1,0,0,9
4,1500,3,1,3,0,9
4,1528,3,1,0,0,9
4,1586,3,1,0,0,9
4,1590,3,1,0,0,9
4,1592,3,1,0,0,9
4,1605,3,1,0,0,9
4,1621,3,1,0,0,9
4,1622,3,1,0,0,9
4,1624,3,1,0,0,9
4,1639,3,1,0,0,9
4,1640,3,1,0,0,9
4,1651,3,1,0,0,9
4,1655,3,1,0,0,9
4,1684,3,1,0,0,9
4,1727,3,1,0,0,9
4,1775,3,1,0,0,9
4,1810,3,1,0,0,9
4,1812,3,1,0,0,9
4,1816,3,1,3,0,9
4,1828,3,1,1,0,9
4,1835,3,1,0,0,9
4,1853,3,1,0,0,9
4,1855,3,1,3,0,9
4,1857,3,1,0,0,9
4,1859,3,1,0,0,9
4,1890,3,1,0,0,9
4,1893,3,1,0,0,9
4,1907,3,1,0,0,9
4,1915,3,1,0,0,9
4,1964,3,1,0,0,9
4,1967,3,1,0,0,9
4,1996,3,1,0,0,9
4,1999,3,1,0,0,9
4,2005,3,1,0,1,9
4,2023,3,1,0,0,9
4,2067,3,1,0,0,9
4,2068,3,1,0,0,9
4,2072,3,1,0,0,9
4,2088,3,1,0,1,9
4,2093,3,1,0,0,9
4,2099,3,1,0,1,9
4,2125,3,1,0,1,9
4,2146,3,1,0,0,9
4,2151,3,1,0,1,9
4,2156,3,1,0,0,9
4,2164,3,1,0,0,9
4,2176,3,1,0,0,9
4,2178,3,1,3,0,9
4,2244,3,1,0,1,9
4,2256,3,1,0,0,9
4,2268,3,1,0,1,9
4,2280,3,1,0,0,9
4,2283,3,1,0,0,9
4,2293,3,1,0,0,9
4,2296,3,1,0,0,9
4,2303,3,1,3,0,9
4,2328,3,1,1,0,9
4,2329,3,1,0,0,9
4,2342,3,1,0,0,9
4,2360,3,1,3,0,9
4,2389,3,1,0,0,9
4,2392,3,1,0,0,9
4,2406,3,1,0,0,9
4,2424,3,1,0,0,9
4,2437,3,1,0,0,9
4,2443,3,1,0,0,9
4,2451,3,1,0,0,9
4,2456,3,1,0,0,9
4,2462,3,1,3,0,9
4,2473,3,1,0,0,9
4,2476,3,1,0,0,9
4,2488,3,1,0,0,9
4,20,1,1,0,0,10
4,60,1,1,0,0,10
4,157,1,1,0,0,10
4,180,1,1,0,0,10
4,181,1,1,0,0,10
4,237,1,1,0,0,10
4,279,1,1,0,1,10
4,283,1,1,0,0,10
4,286,1,1,0,0,10
4,294,1,1,0,0,10
4,313,1,1,0,0,10
4,338,1,1,0,0,10
4,347,1,1,0,0,10
4,366,1,1,0,1,10
4,382,1,1,0,0,10
4,414,1,1,1,0,10
4,444,1,1,0,0,10
4,453,1,1,0,0,10
4,455,1,1,0,1,10
4,459,1,1,0,0,10
4,469,1,1,0,0,10
4,477,1,1,0,0,10
4,478,1,1,0,0,10
4,482,1,1,0,0,10
4,507,1,1,1,0,10
4,517,1,1,0,0,10
4,523,1,1,0,0,10
4,553,1,1,0,0,10
4,569,1,1,0,0,10
4,602,1,1,0,0,10
4,619,1,1,0,0,10
4,642,1,1,0,0,10
4,648,1,1,0,0,10
4,682,1,1,0,0,10
4,703,1,1,0,0,10
4,720,1,1,0,0,10
4,723,1,1,1,0,10
4,782,1,1,0,0,10
4,796,1,1,0,0,10
4,814,1,1,0,0,10
4,848,1,1,0,0,10
4,867,1,1,0,0,10
4,886,1,1,0,0,10
4,925,1,1,0,0,10
4,927,1,1,0,0,10
4,928,1,1,0,0,10
4,979,1,1,1,0,10
4,980,1,1,0,0,10
4,1010,1,1,0,0,10
4,1015,1,1,0,0,10
4,1022,1,1,0,0,10
4,1039,1,1,1,0,10
4,1048,1,1,0,0,10
4,1063,1,1,0,0,10
4,1070,1,1,0,0,10
4,1115,1,1,0,1,10
4,1122,1,1,0,0,10
4,1150,1,1,0,1,10
4,1159,1,1,0,0,10
4,1160,1,1,0,0,10
4,1173,1,1,0,0,10
4,1174,1,1,0,0,10
4,1211,1,1,0,0,10
4,1217,1,1,0,0,10
4,1225,1,1,0,0,10
4,1241,1,1,0,0,10
4,1312,1,1,0,0,10
4,1317,1,1,0,0,10
4,1320,1,1,0,0,10
4,1327,1,1,0,1,10
4,1337,1,1,0,0,10
4,1357,1,1,0,0,10
4,1376,1,1,0,1,10
4,1383,1,1,0,0,10
4,1385,1,1,0,0,10
4,1396,1,1,1,0,10
4,1423,1,1,0,0,10
4,1431,1,1,0,0,10
4,1432,1,1,0,0,10
4,1434,1,1,0,0,10
4,1448,1,1,0,0,10
4,1449,1,1,0,0,10
4,1465,1,1,0,0,10
4,1473,1,1,0,0,10
4,1485,1,1,0,0,10
4,1487,1,1,0,0,10
4,1491,1,1,0,0,10
4,1504,1,1,0,0,10
4,1511,1,1,0,0,10
4,1570,1,1,0,0,10
4,1587,1,1,0,0,10
4,1591,1,1,0,0,10
4,1648,1,1,0,0,10
4,1654,1,1,0,0,10
4,1680,1,1,0,0,10
4,1714,1,1,0,0,10
4,1770,1,1,0,0,10
4,1786,1,1,0,0,10
4,1865,1,1,0,0,10
4,1871,1,1,0,0,10
4,1886,1,1,0,0,10
4,1888,1,1,0,0,10
4,1901,1,1,0,0,10
4,1903,1,1,0,0,10
4,1905,1,1,0,0,10
4,1949,1,1,0,0,10
4,1953,1,1,0,1,10
4,1994,1,1,0,0,10
4,2089,1,1,0,0,10
4,2109,1,1,0,0,10
4,2134,1,1,0,0,10
4,2140,1,1,0,0,10
4,2141,1,1,0,0,10
4,2169,1,1,0,1,10
4,2194,1,1,1,0,10
4,2198,1,1,0,0,10
4,2208,1,1,0,0,10
4,2250,1,1,0,0,10
4,2270,1,1,1,0,10
4,2292,1,1,0,0,10
4,2314,1,1,0,1,10
4,2341,1,1,0,0,10
4,2347,1,1,0,0,10
4,2374,1,1,0,0,10
4,2384,1,1,0,0,10
4,2395,1,1,0,0,10
4,2445,1,1,0,0,10
4,2457,1,1,0,0,10
4,2468,1,1,0,0,10
4,2485,1,1,0,0,10
4,0,1,1,0,0,11
4,5,1,1,0,0,11
4,7,1,1,0,0,11
4,8,1,1,0,0,11
4,19,1,1,0,0,11
4,21,1,1,0,0,11
4,23,1,1,0,0,11
4,34,1,1,0,1,11
4,43,1,1,0,0,11
4,48,1,1,0,0,11
4,50,1,1,0,0,11
4,55,1,1,0,0,11
4,63,1,1,0,0,11
4,71,1,1,0,0,11
4,86,1,1,0,0,11
4,88,1,1,1,0,11
4,106,1,1,0,0,11
4,107,1,1,0,0,11
4,160,1,1,0,0,11
4,167,1,1,1,0,11
4,182,1,1,0,1,11
4,191,1,1,0,0,11
4,221,1,1,0,0,11
4,236,1,1,0,0,11
4,241,1,1,1,0,11
4,254,1,1,0,1,11
4,258,1,1,1,0,11
4,262,1,1,0,0,11
4,269,1,1,0,0,11
4,273,1,1,0,0,11
4,276,1,1,0,0,11
4,281,1,1,0,0,11
4,288,1,1,1,0,11
4,306,1,1,0,0,11
4,312,1,1,0,0,11
4,315,1,1,0,0,11
4,333,1,1,0,0,11
4,339,1,1,0,0,11
4,344,1,1,0,0,11
4,352,1,1,0,0,11
4,364,1,1,0,0,11
4,372,1,1,1,0,11
4,388,1,1,0,0,11
4,397,1,1,1,0,11
4,404,1,1,0,0,11
4,407,1,1,0,0,11
4,409,1,1,0,0,11
4,417,1,1,1,0,11
4,421,1,1,0,0,11
4,431,1,1,0,0,11
4,436,1,1,0,0,11
4,464,1,1,0,1,11
4,470,1,1,0,0,11
4,488,1,1,0,0,11
4,509,1,1,0,0,11
4,525,1,1,0,0,11
4,538,1,1,0,0,11
4,550,1,1,0,0,11
4,560,1,1,0,0,11
4,561,1,1,1,0,11
4,577,1,1,0,0,11
4,579,1,1,0,0,11
4,620,1,1,0,1,11
4,630,1,1,0,0,11
4,632,1,1,0,0,11
4,635,1,1,0,0,11
4,643,1,1,0,1,11
4,647,1,1,1,0,11
4,649,1,1,0,1,11
4,650,1,1,0,0,11
4,658,1,1,0,0,11
4,672,1,1,0,0,11
4,700,1,1,0,0,11
4,709,1,1,1,0,11
4,744,1,1,1,0,11
4,751,1,1,0,0,11
4,760,1,1,0,0,11
4,762,1,1,0,0,11
4,784,1,1,0,0,11
4,785,1,1,0,0,11
4,789,1,1,1,0,11
4,802,1,1,1,0,11
4,809,1,1,0,0,11
4,825,1,1,0,0,11
4,837,1,1,0,0,11
4,873,1,1,0,0,11
4,874,1,1,0,0,11
4,875,1,1,0,0,11
4,884,1,1,0,0,11
4,902,1,1,0,0,11
4,904,1,1,1,0,11
4,911,1,1,0,0,11
4,922,1,1,1,0,11
4,924,1,1,0,0,11
4,944,1,1,1,0,11
4,952,1,1,0,0,11
4,972,1,1,0,0,11
4,974,1,1,0,0,11
4,978,1,1,0,1,11
4,985,1,1,0,0,11
4,999,1,1,0,0,11
4,1008,1,1,0,0,11
4,1012,1,1,0,0,11
4,1016,1,1,0,1,11
4,1026,1,1,0,0,11
4,1027,1,1,0,0,11
4,1033,1,1,0,0,11
4,1041,1,1,0,0,11
4,1051,1,1,0,0,11
4,1083,1,1,0,1,11
4,1093,1,1,0,0,11
4,1094,1,1,0,1,11
4,1097,1,1,0,0,11
4,1126,1,1,1,0,11
4,1127,1,1,0,0,11
4,1133,1,1,0,0,11
4,1172,1,1,0,0,11
4,1212,1,1,1,0,11
4,1215,1,1,0,0,11
4,1216,1,1,0,0,11
4,1233,1,1,0,0,11
4,1236,1,1,0,1,11
4,1244,1,1,0,0,11
4,1247,1,1,0,0,11
4,1250,1,1,0,0,11
4,1255,1,1,0,0,11
4,1256,1,1,0,0,11
4,1259,1,1,0,0,11
4,1263,1,1,0,0,11
4,1266,1,1,0,1,11
4,1270,1,1,0,0,11
4,1271,1,1,0,1,11
4,1285,1,1,0,0,11
4,1290,1,1,0,0,11
4,1293,1,1,0,0,11
4,1318,1,1,0,0,11
4,1339,1,1,0,0,11
4,1343,1,1,0,0,11
4,1351,1,1,0,0,11
4,1364,1,1,0,0,11
4,1382,1,1,0,1,11
4,1387,1,1,0,0,11
4,1389,1,1,0,0,11
4,1391,1,1,0,0,11
4,1404,1,1,0,0,11
4,1407,1,1,0,1,11
4,1409,1,1,0,0,11
4,1425,1,1,0,0,11
4,1428,1,1,0,1,11
4,1436,1,1,0,0,11
4,1441,1,1,1,0,11
4,1442,1,1,0,0,11
4,1453,1,1,0,0,11
4,1471,1,1,1,0,11
4,1492,1,1,0,1,11
4,1494,1,1,0,0,11
4,1516,1,1,0,0,11
4,1542,1,1,0,0,11
4,1550,1,1,0,0,11
4,1565,1,1,0,0,11
4,1569,1,1,0,1,11
4,1573,1,1,0,0,11
4,1580,1,1,1,0,11
4,1593,1,1,0,0,11
4,1602,1,1,0,0,11
4,1606,1,1,1,0,11
4,1609,1,1,0,1,11
4,1610,1,1,0,0,11
4,1620,1,1,0,0,11
4,1628,1,1,0,0,11
4,1629,1,1,0,0,11
4,1634,1,1,0,0,11
4,1643,1,1,0,0,11
4,1652,1,1,0,0,11
4,1656,1,1,1,0,11
4,1661,1,1,1,0,11
4,1669,1,1,0,0,11
4,1671,1,1,0,0,11
4,1674,1,1,1,0,11
4,1676,1,1,0,0,11
4,1683,1,1,0,0,11
4,1695,1,1,0,0,11
4,1696,1,1,0,0,11
4,1703,1,1,0,0,11
4,1704,1,1,0,0,11
4,1712,1,1,0,0,11
4,1721,1,1,0,0,11
4,1731,1,1,0,1,11
4,1743,1,1,0,0,11
4,1745,1,1,0,0,11
4,1747,1,1,0,0,11
4,1750,1,1,0,0,11
4,1753,1,1,0,0,11
4,1759,1,1,0,0,11
4,1772,1,1,0,0,11
4,1809,1,1,0,0,11
4,1823,1,1,1,0,11
4,1826,1,1,0,0,11
4,1854,1,1,0,0,11
4,1867,1,1,0,0,11
4,1883,1,1,0,0,11
4,1891,1,1,0,0,11
4,1906,1,1,0,0,11
4,1910,1,1,0,0,11
4,1912,1,1,0,0,11
4,1914,1,1,0,0,11
4,1916,1,1,0,0,11
4,1921,1,1,0,0,11
4,1939,1,1,0,0,11
4,1947,1,1,0,0,11
4,1962,1,1,0,0,11
4,1963,1,1,0,0,11
4,1969,1,1,0,0,11
4,1973,1,1,0,0,11
4,1991,1,1,0,0,11
4,1995,1,1,0,1,11
4,1998,1,1,0,0,11
4,2019,1,1,0,0,11
4,2024,1,1,0,1,11
4,2027,1,1,1,0,11
4,2030,1,1,0,0,11
4,2035,1,1,0,0,11
4,2036,1,1,0,0,11
4,2047,1,1,0,1,11
4,2066,1,1,0,1,11
4,2080,1,1,0,0,11
4,2096,1,1,0,0,11
4,2101,1,1,1,0,11
4,2111,1,1,0,0,11
4,2126,1,1,0,0,11
4,2131,1,1,0,1,11
4,2135,1,1,0,0,11
4,2153,1,1,0,0,11
4,2154,1,1,0,0,11
4,2158,1,1,0,0,11
4,2161,1,1,0,0,11
4,2166,1,1,0,0,11
4,2180,1,1,0,0,11
4,2181,1,1,0,0,11
4,2184,1,1,1,0,11
4,2189,1,1,1,0,11
4,2195,1,1,0,0,11
4,2200,1,1,1,0,11
4,2201,1,1,0,0,11
4,2213,1,1,0,0,11
4,2224,1,1,1,0,11
4,2225,1,1,0,0,11
4,2229,1,1,0,0,11
4,2253,1,1,0,0,11
4,2302,1,1,0,0,11
4,2310,1,1,0,0,11
4,2313,1,1,0,0,11
4,2317,1,1,0,0,11
4,2319,1,1,1,0,11
4,2327,1,1,0,0,11
4,2344,1,1,0,0,11
4,2359,1,1,0,0,11
4,2377,1,1,1,0,11
4,2379,1,1,0,0,11
4,2386,1,1,0,0,11
4,2391,1,1,0,0,11
4,2398,1,1,0,0,11
4,2414,1,1,0,0,11
4,2422,1,1,0,1,11
4,2428,1,1,0,0,11
4,2434,1,1,0,0,11
4,2436,1,1,0,1,11
4,2439,1,1,0,0,11
4,2440,1,1,0,0,11
4,2446,1,1,0,0,11
4,2463,1,1,1,0,11
4,2471,1,1,0,0,11
4,2497,1,1,0,0,11
4,6,1,1,0,0,12
4,29,1,1,0,0,12
4,45,1,1,0,0,12
4,61,1,1,0,0,12
4,69,1,1,0,0,12
4,73,1,1,0,0,12
4,100,1,1,0,0,12
4,102,1,1,1,0,12
4,114,1,1,0,1,12
4,133,1,1,0,1,12
4,145,1,1,0,0,12
4,150,1,1,0,0,12
4,166,1,1,0,0,12
4,174,1,1,0,0,12
4,201,1,1,0,0,12
4,206,1,1,0,0,12
4,208,1,1,0,0,12
4,209,1,1,0,0,12
4,210,1,1,0,0,12
4,223,1,1,0,0,12
4,224,1,1,0,0,12
4,239,1,1,1,0,12
4,245,1,1,0,0,12
4,265,1,1,0,0,12
4,268,1,1,0,0,12
4,271,1,1,1,0,12
4,300,1,1,0,0,12
4,319,1,1,0,0,12
4,322,1,1,0,0,12
4,413,1,1,0,0,12
4,422,1,1,0,0,12
4,435,1,1,1,0,12
4,451,1,1,0,0,12
4,473,1,1,0,0,12
4,480,1,1,0,0,12
4,495,1,1,0,1,12
4,502,1,1,0,0,12
4,535,1,1,0,0,12
4,541,1,1,0,0,12
4,544,1,1,0,0,12
4,549,1,1,0,0,12
4,575,1,1,0,0,12
4,584,1,1,0,0,12
4,585,1,1,0,0,12
4,587,1,1,0,0,12
4,591,1,1,0,0,12
4,597,1,1,0,0,12
4,616,1,1,0,0,12
4,617,1,1,0,0,12
4,627,1,1,0,0,12
4,645,1,1,0,0,12
4,681,1,1,0,0,12
4,690,1,1,1,0,12
4,705,1,1,0,0,12
4,729,1,1,0,0,12
4,737,1,1,1,0,12
4,746,1,1,0,0,12
4,765,1,1,0,0,12
4,766,1,1,0,0,12
4,770,1,1,1,0,12
4,794,1,1,0,0,12
4,795,1,1,0,0,12
4,830,1,1,0,0,12
4,842,1,1,0,0,12
4,843,1,1,0,0,12
4,845,1,1,0,0,12
4,846,1,1,0,0,12
4,929,1,1,0,0,12
4,931,1,1,0,0,12
4,947,1,1,1,0,12
4,949,1,1,1,0,12
4,950,1,1,0,0,12
4,968,1,1,0,0,12
4,969,1,1,0,0,12
4,984,1,1,0,0,12
4,1014,1,1,0,0,12
4,1020,1,1,0,0,12
4,1025,1,1,0,1,12
4,1035,1,1,0,0,12
4,1036,1,1,0,0,12
4,1058,1,1,0,1,12
4,1068,1,1,0,0,12
4,1081,1,1,0,0,12
4,1089,1,1,0,0,12
4,1107,1,1,0,0,12
4,1116,1,1,0,0,12
4,1117,1,1,0,0,12
4,1121,1,1,0,0,12
4,1124,1,1,0,0,12
4,1130,1,1,0,0,12
4,1137,1,1,0,0,12
4,1185,1,1,1,0,12
4,1189,1,1,0,0,12
4,1198,1,1,0,0,12
4,1209,1,1,0,0,12
4,1258,1,1,0,0,12
4,1262,1,1,0,0,12
4,1267,1,1,0,0,12
4,1282,1,1,0,1,12
4,1296,1,1,0,0,12
4,1321,1,1,0,0,12
4,1326,1,1,0,0,12
4,1341,1,1,1,0,12
4,1345,1,1,0,0,12
4,1348,1,1,0,1,12
4,1362,1,1,0,0,12
4,1421,1,1,0,0,12
4,1424,1,1,0,0,12
4,1429,1,1,0,0,12
4,1455,1,1,0,0,12
4,1496,1,1,1,0,12
4,1503,1,1,0,0,12
4,1515,1,1,0,0,12
4,1539,1,1,0,1,12
4,1545,1,1,0,0,12
4,1547,1,1,0,0,12
4,1548,1,1,0,0,12
4,1553,1,1,0,0,12
4,1562,1,1,1,0,12
4,1583,1,1,0,0,12
4,1597,1,1,1,0,12
4,1601,1,1,0,1,12
4,1608,1,1,0,0,12
4,1627,1,1,0,0,12
4,1633,1,1,0,0,12
4,1644,1,1,0,0,12
4,1647,1,1,1,0,12
4,1657,1,1,0,1,12
4,1672,1,1,0,0,12
4,1677,1,1,0,0,12
4,1691,1,1,0,0,12
4,1716,1,1,0,0,12
4,1744,1,1,1,0,12
4,1749,1,1,0,1,12
4,1763,1,1,0,0,12
4,1769,1,1,0,0,12
4,1773,1,1,0,0,12
4,1779,1,1,0,1,12
4,1796,1,1,0,0,12
4,1803,1,1,0,0,12
4,1815,1,1,1,0,12
4,1817,1,1,1,0,12
4,1818,1,1,0,0,12
4,1824,1,1,0,0,12
4,1839,1,1,0,0,12
4,1847,1,1,0,0,12
4,1868,1,1,0,0,12
4,1872,1,1,0,1,12
4,1911,1,1,0,0,12
4,1920,1,1,0,0,12
4,1925,1,1,0,0,12
4,1929,1,1,0,0,12
4,1938,1,1,1,0,12
4,1941,1,1,0,0,12
4,1952,1,1,0,0,12
4,1968,1,1,0,0,12
4,1977,1,1,0,0,12
4,1987,1,1,1,0,12
4,1997,1,1,1,0,12
4,2011,1,1,0,0,12
4,2014,1,1,0,0,12
4,2039,1,1,0,0,12
4,2064,1,1,0,0,12
4,2069,1,1,0,1,12
4,2079,1,1,0,0,12
4,2090,1,1,0,0,12
4,2115,1,1,0,0,12
4,2119,1,1,0,0,12
4,2132,1,1,1,0,12
4,2139,1,1,0,0,12
4,2150,1,1,1,0,12
4,2179,1,1,0,0,12
4,2188,1,1,0,0,12
4,2190,1,1,0,0,12
4,2248,1,1,0,0,12
4,2257,1,1,0,0,12
4,2259,1,1,0,0,12
4,2274,1,1,0,0,12
4,2279,1,1,0,1,12
4,2289,1,1,0,1,12
4,2336,1,1,0,0,12
4,2353,1,1,0,0,12
4,2366,1,1,0,1,12
4,2396,1,1,0,0,12
4,2413,1,1,0,0,12
4,2420,1,1,0,0,12
4,2425,1,1,0,0,12
4,2438,1,1,0,0,12
4,2447,1,1,0,0,12
4,2454,1,1,0,0,12
4,2478,1,1,0,0,12
4,2492,1,1,0,0,12
4,2498,1,1,0,0,12
4,12,1,1,0,0,13
4,26,1,1,0,1,13
4,32,1,1,0,0,13
4,77,1,1,0,0,13
4,78,1,1,0,0,13
4,79,1,1,0,0,13
4,94,1,1,0,0,13
4,117,1,1,0,0,13
4,123,1,1,1,0,13
4,127,1,1,0,0,13
4,146,1,1,0,0,13
4,151,1,1,0,0,13
4,152,1,1,0,0,13
4,171,1,1,0,0,13
4,207,1,1,0,0,13
4,240,1,1,0,0,13
4,277,1,1,0,1,13
4,350,1,1,0,0,13
4,351,1,1,0,0,13
4,363,1,1,0,0,13
4,376,1,1,0,1,13
4,378,1,1,0,0,13
4,393,1,1,0,0,13
4,429,1,1,0,1,13
4,449,1,1,0,0,13
4,466,1,1,0,1,13
4,484,1,1,0,0,13
4,518,1,1,0,0,13
4,558,1,1,0,0,13
4,564,1,1,0,0,13
4,567,1,1,0,0,13
4,570,1,1,0,0,13
4,571,1,1,0,0,13
4,583,1,1,0,0,13
4,600,1,1,0,0,13
4,612,1,1,0,0,13
4,618,1,1,0,0,13
4,636,1,1,0,1,13
4,652,1,1,0,1,13
4,688,1,1,0,0,13
4,736,1,1,0,0,13
4,772,1,1,0,0,13
4,812,1,1,0,1,13
4,813,1,1,0,1,13
4,832,1,1,0,1,13
4,834,1,1,0,1,13
4,856,1,1,0,0,13
4,859,1,1,0,1,13
4,866,1,1,0,0,13
4,926,1,1,1,0,13
4,939,1,1,0,0,13
4,1002,1,1,0,0,13
4,1003,1,1,0,0,13
4,1013,1,1,0,1,13
4,1017,1,1,0,0,13
4,1043,1,1,0,0,13
4,1060,1,1,0,0,13
4,1071,1,1,0,0,13
4,1104,1,1,0,0,13
4,1118,1,1,1,0,13
4,1142,1,1,0,0,13
4,1143,1,1,1,0,13
4,1144,1,1,0,0,13
4,1157,1,1,0,0,13
4,1162,1,1,0,0,13
4,1167,1,1,0,0,13
4,1171,1,1,0,1,13
4,1187,1,1,0,1,13
4,1196,1,1,0,0,13
4,1201,1,1,0,0,13
4,1203,1,1,0,0,13
4,1229,1,1,0,1,13
4,1243,1,1,0,0,13
4,1251,1,1,0,1,13
4,1253,1,1,0,0,13
4,1288,1,1,0,0,13
4,1302,1,1,0,0,13
4,1333,1,1,0,0,13
4,1392,1,1,0,0,13
4,1394,1,1,0,0,13
4,1418,1,1,0,0,13
4,1447,1,1,0,1,13
4,1567,1,1,0,0,13
4,1611,1,1,0,0,13
4,1638,1,1,0,1,13
4,1653,1,1,0,0,13
4,1660,1,1,0,1,13
4,1729,1,1,0,0,13
4,1732,1,1,1,0,13
4,1748,1,1,0,0,13
4,1751,1,1,0,1,13
4,1758,1,1,0,1,13
4,1760,1,1,0,0,13
4,1766,1,1,0,0,13
4,1777,1,1,0,0,13
4,1798,1,1,0,0,13
4,1850,1,1,0,0,13
4,1852,1,1,0,0,13
4,1863,1,1,0,0,13
4,1870,1,1,0,0,13
4,1882,1,1,0,0,13
4,1884,1,1,0,1,13
4,1923,1,1,0,0,13
4,1927,1,1,0,0,13
4,1930,1,1,0,0,13
4,1931,1,1,0,0,13
4,1934,1,1,0,0,13
4,1935,1,1,0,0,13
4,1981,1,1,0,0,13
4,2026,1,1,0,0,13
4,2061,1,1,0,1,13
4,2085,1,1,0,0,13
4,2091,1,1,0,0,13
4,2097,1,1,0,0,13
4,2136,1,1,0,0,13
4,2143,1,1,0,0,13
4,2162,1,1,0,1,13
4,2202,1,1,0,0,13
4,2249,1,1,0,0,13
4,2281,1,1,1,0,13
4,2298,1,1,0,0,13
4,2334,1,1,0,0,13
4,2350,1,1,0,0,13
4,2356,1,1,0,1,13
4,2367,1,1,1,0,13
4,2388,1,1,0,1,13
4,2407,1,1,0,0,13
4,2412,1,1,0,0,13
4,2429,1,1,0,0,13
4,2430,1,1,0,0,13
4,2458,1,1,0,0,13
4,2459,1,1,1,0,13
4,2472,1,1,0,0,13
4,2474,1,1,0,0,13
4,2483,1,1,0,0,13
4,11,2,1,2,0,14
4,15,2,1,0,1,14
4,33,2,1,0,0,14
4,36,2,1,0,0,14
4,62,2,1,0,0,14
4,83,2,1,0,0,14
4,120,2,1,0,0,14
4,132,2,1,0,0,14
4,136,2,1,0,0,14
4,140,2,1,0,0,14
4,188,2,1,0,0,14
4,193,2,1,0,0,14
4,227,2,1,0,0,14
4,233,2,1,0,0,14
4,242,2,1,0,1,14
4,261,2,1,2,0,14
4,282,2,1,0,0,14
4,297,2,1,0,0,14
4,314,2,1,0,0,14
4,330,2,1,0,0,14
4,359,2,1,0,0,14
4,386,2,1,0,0,14
4,400,2,1,0,0,14
4,427,2,1,0,0,14
4,434,2,1,0,0,14
4,437,2,1,0,0,14
4,439,2,1,2,0,14
4,443,2,1,0,0,14
4,447,2,1,0,1,14
4,471,2,1,0,0,14
4,472,2,1,0,0,14
4,485,2,1,0,0,14
4,492,2,1,0,0,14
4,533,2,1,0,0,14
4,537,2,1,0,1,14
4,565,2,1,0,0,14
4,581,2,1,2,0,14
4,593,2,1,0,0,14
4,613,2,1,0,0,14
4,631,2,1,1,0,14
4,633,2,1,0,0,14
4,640,2,1,0,0,14
4,646,2,1,0,0,14
4,667,2,1,0,0,14
4,686,2,1,0,0,14
4,689,2,1,0,0,14
4,702,2,1,0,0,14
4,711,2,1,0,0,14
4,712,2,1,0,0,14
4,717,2,1,0,0,14
4,724,2,1,0,0,14
4,732,2,1,0,0,14
4,734,2,1,2,0,14
4,739,2,1,0,1,14
4,742,2,1,0,1,14
4,747,2,1,0,0,14
4,753,2,1,0,0,14
4,775,2,1,0,0,14
4,815,2,1,0,0,14
4,817,2,1,0,0,14
4,818,2,1,0,0,14
4,826,2,1,0,0,14
4,858,2,1,0,0,14
4,878,2,1,0,0,14
4,888,2,1,0,0,14
4,893,2,1,0,0,14
4,896,2,1,0,0,14
4,903,2,1,0,0,14
4,916,2,1,0,0,14
4,933,2,1,2,0,14
4,943,2,1,2,0,14
4,953,2,1,0,0,14
4,954,2,1,0,0,14
4,966,2,1,0,0,14
4,976,2,1,0,1,14
4,982,2,1,0,0,14
4,997,2,1,0,0,14
4,1064,2,1,0,0,14
4,1074,2,1,0,0,14
4,1078,2,1,0,0,14
4,1119,2,1,0,0,14
4,1152,2,1,0,0,14
4,1155,2,1,0,0,14
4,1165,2,1,0,0,14
4,1178,2,1,0,0,14
4,1204,2,1,0,0,14
4,1206,2,1,0,0,14
4,1228,2,1,0,0,14
4,1249,2,1,0,0,14
4,1292,2,1,0,0,14
4,1294,2,1,0,0,14
4,1298,2,1,2,0,14
4,1303,2,1,0,0,14
4,1307,2,1,0,0,14
4,1314,2,1,0,1,14
4,1319,2,1,0,0,14
4,1347,2,1,0,0,14
4,1370,2,1,0,0,14
4,1375,2,1,0,0,14
4,1378,2,1,0,0,14
4,1397,2,1,0,1,14
4,1410,2,1,2,0,14
4,1417,2,1,0,0,14
4,1427,2,1,0,1,14
4,1443,2,1,0,0,14
4,1460,2,1,0,0,14
4,1463,2,1,0,0,14
4,1479,2,1,0,0,14
4,1481,2,1,0,0,14
4,1502,2,1,0,0,14
4,1522,2,1,0,0,14
4,1534,2,1,2,0,14
4,1551,2,1,0,0,14
4,1555,2,1,0,0,14
4,1560,2,1,0,0,14
4,1588,2,1,0,0,14
4,1613,2,1,0,0,14
4,1616,2,1,0,0,14
4,1618,2,1,0,0,14
4,1619,2,1,0,0,14
4,1637,2,1,0,0,14
4,1641,2,1,0,0,14
4,1646,2,1,0,0,14
4,1667,2,1,0,0,14
4,1682,2,1,0,0,14
4,1688,2,1,0,0,14
4,1755,2,1,0,1,14
4,1757,2,1,0,0,14
4,1802,2,1,2,0,14
4,1820,2,1,0,0,14
4,1832,2,1,0,0,14
4,1878,2,1,0,0,14
4,1892,2,1,0,0,14
4,1909,2,1,0,0,14
4,1924,2,1,0,0,14
4,1950,2,1,2,0,14
4,1974,2,1,2,0,14
4,1976,2,1,2,0,14
4,1988,2,1,0,0,14
4,1990,2,1,2,0,14
4,2007,2,1,0,0,14
4,2009,2,1,0,0,14
4,2010,2,1,0,0,14
4,2015,2,1,0,0,14
4,2037,2,1,0,0,14
4,2043,2,1,0,0,14
4,2044,2,1,0,1,14
4,2046,2,1,2,0,14
4,2053,2,1,0,0,14
4,2058,2,1,0,0,14
4,2076,2,1,0,0,14
4,2077,2,1,0,0,14
4,2095,2,1,2,0,14
4,2098,2,1,0,0,14
4,2103,2,1,0,0,14
4,2118,2,1,0,1,14
4,2144,2,1,0,0,14
4,2170,2,1,2,0,14
4,2174,2,1,0,0,14
4,2182,2,1,0,0,14
4,2187,2,1,0,0,14
4,2197,2,1,0,0,14
4,2203,2,1,0,0,14
4,2206,2,1,0,0,14
4,2223,2,1,0,0,14
4,2258,2,1,0,1,14
4,2266,2,1,0,0,14
4,2271,2,1,0,0,14
4,2277,2,1,0,0,14
4,2294,2,1,2,0,14
4,2311,2,1,0,0,14
4,2318,2,1,0,0,14
4,2351,2,1,1,0,14
4,2352,2,1,0,0,14
4,2364,2,1,0,0,14
4,2369,2,1,0,0,14
4,2371,2,1,2,0,14
4,2381,2,1,1,0,14
4,2383,2,1,2,0,14
4,2387,2,1,0,1,14
4,2411,2,1,2,0,14
4,2415,2,1,0,0,14
4,2444,2,1,0,0,14
4,2453,2,1,0,0,14
4,2470,2,1,0,0,14
8,10,3,1,0,0,0
8,18,3,1,0,0,0
8,28,3,1,0,0,0
8,44,3,1,0,0,0
8,52,3,1,0,0,0
8,99,3,1,1,0,0
8,116,3,1,0,0,0
8,134,3,1,0,0,0
8,144,3,1,0,0,0
8,155,3,1,0,0,0
8,158,3,1,0,0,0
8,165,3,1,0,0,0
8,196,3,1,0,0,0
8,204,3,1,0,0,0
8,211,3,1,1,0,0
8,213,3,1,0,0,0
8,214,3,1,0,0,0
8,222,3,1,0,0,0
8,228,3,1,1,0,0
8,259,3,1,0,0,0
8,264,3,1,0,0,0
8,266,3,1,0,0,0
8,274,3,1,0,0,0
8,278,3,1,0,0,0
8,280,3,1,0,0,0
8,284,3,1,0,1,0
8,292,3,1,0,0,0
8,303,3,1,0,0,0
8,323,3,1,0,0,0
8,328,3,1,0,0,0
8,331,3,1,0,0,0
8,335,3,1,0,0,0
8,341,3,1,0,0,0
8,371,3,1,0,0,0
8,392,3,1,0,0,0
8,399,3,1,0,0,0
8,411,3,1,0,0,0
8,419,3,1,1,0,0
8,450,3,1,0,0,0
8,508,3,1,0,0,0
8,527,3,1,0,0,0
8,536,3,1,0,0,0
8,545,3,1,0,0,0
8,546,3,1,1,0,0
8,573,3,1,1,0,0
8,582,3,1,0,0,0
8,598,3,1,0,1,0
8,638,3,1,0,0,0
8,641,3,1,0,0,0
8,663,3,1,0,0,0
8,666,3,1,0,0,0
8,668,3,1,0,0,0
8,683,3,1,0,0,0
8,694,3,1,0,0,0
8,725,3,1,0,0,0
8,750,3,1,0,1,0
8,790,3,1,0,0,0
8,824,3,1,0,0,0
8,831,3,1,0,0,0
8,833,3,1,0,0,0
8,836,3,1,1,0,0
8,870,3,1,0,0,0
8,885,3,1,0,1,0
8,891,3,1,0,0,0
8,897,3,1,0,0,0
8,909,3,1,0,0,0
8,951,3,1,0,0,0
8,956,3,1,0,0,0
8,957,3,1,1,0,0
8,958,3,1,0,0,0
8,963,3,1,0,1,0
8,970,3,1,0,0,0
8,977,3,1,1,0,0
8,1001,3,1,1,0,0
8,1042,3,1,0,0,0
8,1052,3,1,0,0,0
8,1066,3,1,0,0,0
8,1085,3,1,0,1,0
8,1100,3,1,0,0,0
8,1163,3,1,0,1,0
8,1166,3,1,0,0,0
8,1179,3,1,0,0,0
8,1186,3,1,0,0,0
8,1214,3,1,1,0,0
8,1231,3,1,0,0,0
8,1245,3,1,1,0,0
8,1260,3,1,0,0,0
8,1261,3,1,0,1,0
8,1277,3,1,1,0,0
8,1283,3,1,0,0,0
8,1316,3,1,0,0,0
8,1330,3,1,0,1,0
8,1356,3,1,0,0,0
8,1390,3,1,0,0,0
8,1398,3,1,0,0,0
8,1406,3,1,0,0,0
8,1408,3,1,0,1,0
8,1440,3,1,0,0,0
8,1452,3,1,1,0,0
8,1468,3,1,0,0,0
8,1475,3,1,0,0,0
8,1478,3,1,0,0,0
8,1483,3,1,0,0,0
8,1499,3,1,0,0,0
8,1507,3,1,0,1,0
8,1510,3,1,0,0,0
8,1513,3,1,0,0,0
8,1523,3,1,0,0,0
8,1529,3,1,0,0,0
8,1535,3,1,0,0,0
8,1543,3,1,0,0,0
8,1558,3,1,0,0,0
8,1561,3,1,0,1,0
8,1577,3,1,0,0,0
8,1584,3,1,0,0,0
8,1594,3,1,0,0,0
8,1604,3,1,0,0,0
8,1614,3,1,0,0,0
8,1617,3,1,0,0,0
8,1632,3,1,0,0,0
8,1662,3,1,0,0,0
8,1664,3,1,0,0,0
8,1698,3,1,0,0,0
8,1699,3,1,0,0,0
8,1762,3,1,0,0,0
8,1780,3,1,0,0,0
8,1782,3,1,0,0,0
8,1821,3,1,0,1,0
8,1825,3,1,0,0,0
8,1829,3,1,0,0,0
8,1833,3,1,0,0,0
8,1836,3,1,1,0,0
8,1840,3,1,0,0,0
8,1843,3,1,0,0,0
8,1845,3,1,0,0,0
8,1846,3,1,0,0,0
8,1876,3,1,0,1,0
8,1894,3,1,0,0,0
8,1895,3,1,0,0,0
8,1900,3,1,0,0,0
8,1917,3,1,1,0,0
8,1918,3,1,0,1,0
8,1943,3,1,0,1,0
8,1946,3,1,0,0,0
8,1954,3,1,0,0,0
8,1961,3,1,1,0,0
8,1966,3,1,0,1,0
8,1975,3,1,0,0,0
8,1983,3,1,0,0,0
8,2016,3,1,0,0,0
8,2032,3,1,0,0,0
8,2049,3,1,1,0,0
8,2052,3,1,0,0,0
8,2054,3,1,0,0,0
8,2073,3,1,0,0,0
8,2087,3,1,0,0,0
8,2104,3,1,0,0,0
8,2113,3,1,0,1,0
8,2121,3,1,0,0,0
8,2142,3,1,0,0,0
8,2173,3,1,0,1,0
8,2177,3,1,0,0,0
8,2185,3,1,0,0,0
8,2186,3,1,0,1,0
8,2211,3,1,0,0,0
8,2217,3,1,0,0,0
8,2221,3,1,1,0,0
8,2230,3,1,0,0,0
8,2243,3,1,0,0,0
8,2247,3,1,0,0,0
8,2262,3,1,0,0,0
8,2282,3,1,0,0,0
8,2301,3,1,0,1,0
8,2312,3,1,0,0,0
8,2315,3,1,0,0,0
8,2316,3,1,1,0,0
8,2326,3,1,0,0,0
8,2343,3,1,0,0,0
8,2345,3,1,0,0,0
8,2375,3,1,0,0,0
8,2382,3,1,0,0,0
8,2394,3,1,0,0,0
8,2397,3,1,1,0,0
8,2408,3,1,0,0,0
8,2409,3,1,0,0,0
8,2419,3,1,0,0,0
8,2449,3,1,0,0,0
8,2452,3,1,1,0,0
8,2467,3,1,0,1,0
8,2493,3,1,0,1,0
8,16,1,1,0,0,1
8,38,1,1,0,0,1
8,72,1,1,1,0,1
8,76,1,1,0,1,1
8,81,1,1,1,0,1
8,92,1,1,0,0,1
8,118,1,1,1,0,1
8,119,1,1,0,0,1
8,125,1,1,0,0,1
8,130,1,1,1,0,1
8,142,1,1,0,0,1
8,190,1,1,0,0,1
8,192,1,1,0,0,1
8,195,1,1,0,0,1
8,199,1,1,0,0,1
8,200,1,1,1,0,1
8,205,1,1,0,0,1
8,216,1,1,0,0,1
8,218,1,1,0,0,1
8,225,1,1,0,0,1
8,232,1,1,1,0,1
8,342,1,1,0,0,1
8,346,1,1,0,0,1
8,353,1,1,0,0,1
8,373,1,1,0,0,1
8,374,1,1,0,1,1
8,381,1,1,1,0,1
8,410,1,1,0,0,1
8,479,1,1,0,1,1
8,490,1,1,0,0,1
8,498,1,1,0,0,1
8,499,1,1,0,0,1
8,511,1,1,0,0,1
8,512,1,1,0,0,1
8,531,1,1,0,0,1
8,566,1,1,0,0,1
8,594,1,1,0,0,1
8,622,1,1,0,0,1
8,651,1,1,0,1,1
8,657,1,1,0,0,1
8,714,1,1,0,0,1
8,743,1,1,1,0,1
8,754,1,1,0,1,1
8,755,1,1,1,0,1
8,757,1,1,0,0,1
8,773,1,1,0,0,1
8,793,1,1,0,0,1
8,798,1,1,0,0,1
8,810,1,1,0,0,1
8,850,1,1,0,1,1
8,853,1,1,1,0,1
8,864,1,1,0,0,1
8,881,1,1,0,0,1
8,895,1,1,0,0,1
8,915,1,1,0,0,1
8,938,1,1,0,1,1
8,948,1,1,0,0,1
8,960,1,1,0,0,1
8,962,1,1,0,0,1
8,965,1,1,0,0,1
8,990,1,1,0,0,1
8,1038,1,1,1,0,1
8,1049,1,1,0,1,1
8,1099,1,1,1,0,1
8,1105,1,1,0,0,1
8,1114,1,1,0,0,1
8,1132,1,1,0,0,1
8,1135,1,1,0,0,1
8,1149,1,1,0,1,1
8,1158,1,1,0,0,1
8,1184,1,1,1,0,1
8,1237,1,1,0,0,1
8,1309,1,1,1,0,1
8,1310,1,1,0,1,1
8,1336,1,1,0,0,1
8,1344,1,1,0,1,1
8,1368,1,1,0,0,1
8,1371,1,1,0,0,1
8,1372,1,1,0,0,1
8,1386,1,1,0,0,1
8,1413,1,1,0,0,1
8,1430,1,1,0,0,1
8,1435,1,1,0,0,1
8,1438,1,1,0,1,1
8,1456,1,1,0,0,1
8,1464,1,1,1,0,1
8,1525,1,1,0,0,1
8,1532,1,1,1,0,1
8,1557,1,1,0,1,1
8,1559,1,1,0,1,1
8,1568,1,1,0,0,1
8,1576,1,1,0,0,1
8,1603,1,1,0,0,1
8,1612,1,1,0,0,1
8,1631,1,1,0,0,1
8,1668,1,1,0,0,1
8,1673,1,1,0,0,1
8,1679,1,1,0,0,1
8,1689,1,1,0,0,1
8,1707,1,1,0,0,1
8,1711,1,1,0,0,1
8,1713,1,1,0,0,1
8,1730,1,1,1,0,1
8,1736,1,1,0,0,1
8,1738,1,1,1,0,1
8,1739,1,1,0,0,1
8,1746,1,1,0,0,1
8,1768,1,1,0,0,1
8,1794,1,1,0,0,1
8,1801,1,1,0,0,1
8,1813,1,1,0,1,1
8,1819,1,1,1,0,1
8,1834,1,1,0,0,1
8,1838,1,1,0,0,1
8,1873,1,1,0,1,1
8,1904,1,1,0,0,1
8,1919,1,1,0,0,1
8,1932,1,1,0,0,1
8,1948,1,1,0,0,1
8,1951,1,1,0,1,1
8,1955,1,1,0,0,1
8,1960,1,1,0,0,1
8,1982,1,1,0,1,1
8,1985,1,1,0,0,1
8,1989,1,1,0,0,1
8,2008,1,1,0,0,1
8,2055,1,1,1,0,1
8,2102,1,1,0,0,1
8,2106,1,1,0,0,1
8,2149,1,1,0,0,1
8,2152,1,1,0,0,1
8,2207,1,1,0,0,1
8,2210,1,1,0,0,1
8,2212,1,1,0,0,1
8,2226,1,1,0,0,1
8,2228,1,1,0,0,1
8,2233,1,1,0,0,1
8,2235,1,1,0,1,1
8,2240,1,1,1,0,1
8,2242,1,1,1,0,1
8,2252,1,1,0,0,1
8,2288,1,1,1,0,1
8,2322,1,1,0,1,1
8,2330,1,1,0,0,1
8,2358,1,1,0,0,1
8,2376,1,1,0,0,1
8,2423,1,1,0,0,1
8,2442,1,1,0,1,1
8,2448,1,1,1,0,1
8,2455,1,1,0,0,1
8,2466,1,1,0,0,1
8,2469,1,1,0,1,1
8,2480,1,1,0,0,1
8,2496,1,1,0,0,1
8,22,1,1,0,0,2
8,46,1,1,0,0,2
8,98,1,1,1,0,2
8,108,1,1,0,0,2
8,111,1,1,0,0,2
8,113,1,1,0,0,2
8,135,1,1,0,0,2
8,168,1,1,1,0,2
8,179,1,1,1,0,2
8,187,1,1,0,0,2
8,212,1,1,0,0,2
8,235,1,1,0,0,2
8,255,1,1,0,0,2
8,296,1,1,0,0,2
8,310,1,1,0,0,2
8,325,1,1,0,0,2
8,329,1,1,0,0,2
8,345,1,1,0,0,2
8,416,1,1,0,0,2
8,438,1,1,0,0,2
8,556,1,1,1,0,2
8,589,1,1,0,0,2
8,628,1,1,1,0,2
8,654,1,1,0,0,2
8,660,1,1,0,0,2
8,673,1,1,1,0,2
8,676,1,1,0,0,2
8,692,1,1,0,0,2
8,719,1,1,0,0,2
8,727,1,1,0,0,2
8,771,1,1,0,0,2
8,797,1,1,0,0,2
8,804,1,1,0,0,2
8,828,1,1,0,0,2
8,838,1,1,1,0,2
8,841,1,1,0,0,2
8,852,1,1,0,0,2
8,865,1,1,0,1,2
8,917,1,1,0,0,2
8,946,1,1,1,0,2
8,998,1,1,1,0,2
8,1005,1,1,0,0,2
8,1024,1,1,0,0,2
8,1032,1,1,0,0,2
8,1057,1,1,0,0,2
8,1072,1,1,0,1,2
8,1101,1,1,0,1,2
8,1134,1,1,0,0,2
8,1156,1,1,1,0,2
8,1177,1,1,0,0,2
8,1181,1,1,1,0,2
8,1183,1,1,0,1,2
8,1190,1,1,1,0,2
8,1200,1,1,0,0,2
8,1220,1,1,0,0,2
8,1227,1,1,1,0,2
8,1246,1,1,0,0,2
8,1265,1,1,0,0,2
8,1280,1,1,0,0,2
8,1315,1,1,1,0,2
8,1338,1,1,0,0,2
8,1355,1,1,0,0,2
8,1366,1,1,0,0,2
8,1374,1,1,0,1,2
8,1393,1,1,0,0,2
8,1412,1,1,0,0,2
8,1446,1,1,0,0,2
8,1486,1,1,0,1,2
8,1498,1,1,0,0,2
8,1501,1,1,1,0,2
8,1505,1,1,0,0,2
8,1514,1,1,0,0,2
8,1518,1,1,0,0,2
8,1524,1,1,0,0,2
8,1536,1,1,0,0,2
8,1582,1,1,0,0,2
8,1600,1,1,0,0,2
8,1626,1,1,0,0,2
8,1670,1,1,0,0,2
8,1686,1,1,0,0,2
8,1690,1,1,0,0,2
8,1741,1,1,0,0,2
8,1764,1,1,0,0,2
8,1771,1,1,0,0,2
8,1785,1,1,0,0,2
8,1830,1,1,0,0,2
8,1837,1,1,0,0,2
8,1848,1,1,0,0,2
8,1874,1,1,1,0,2
8,1887,1,1,0,0,2
8,1922,1,1,0,0,2
8,1942,1,1,0,0,2
8,1958,1,1,0,1,2
8,1979,1,1,0,1,2
8,2006,1,1,0,0,2
8,2018,1,1,0,1,2
8,2040,1,1,0,0,2
8,2041,1,1,0,0,2
8,2056,1,1,0,0,2
8,2057,1,1,0,0,2
8,2062,1,1,0,1,2
8,2071,1,1,0,0,2
8,2078,1,1,0,0,2
8,2110,1,1,0,0,2
8,2138,1,1,0,1,2
8,2147,1,1,0,0,2
8,2245,1,1,0,0,2
8,2278,1,1,0,0,2
8,2290,1,1,0,1,2
8,2306,1,1,0,0,2
8,2354,1,1,0,0,2
8,2357,1,1,0,1,2
8,2362,1,1,0,1,2
8,2368,1,1,0,1,2
8,2402,1,1,0,1,2
8,2416,1,1,0,0,2
8,2417,1,1,1,0,2
8,2441,1,1,1,0,2
8,2460,1,1,0,0,2
8,2465,1,1,1,0,2
8,2491,1,1,0,0,2
8,53,1,1,0,0,3
8,57,1,1,0,0,3
8,66,1,1,0,0,3
8,67,1,1,0,1,3
8,75,1,1,0,1,3
8,101,1,1,0,0,3
8,103,1,1,0,0,3
8,153,1,1,0,1,3
8,156,1,1,1,0,3
8,178,1,1,0,0,3
8,185,1,1,0,0,3
8,194,1,1,1,0,3
8,219,1,1,0,0,3
8,246,1,1,0,0,3
8,248,1,1,0,1,3
8,275,1,1,0,0,3
8,320,1,1,0,0,3
8,326,1,1,0,1,3
8,332,1,1,0,0,3
8,368,1,1,0,0,3
8,387,1,1,0,0,3
8,405,1,1,0,0,3
8,423,1,1,0,0,3
8,433,1,1,0,0,3
8,452,1,1,0,0,3
8,454,1,1,0,0,3
8,468,1,1,0,0,3
8,474,1,1,0,0,3
8,539,1,1,0,0,3
8,540,1,1,0,0,3
8,547,1,1,0,0,3
8,572,1,1,0,0,3
8,574,1,1,0,0,3
8,595,1,1,0,1,3
8,599,1,1,0,0,3
8,601,1,1,0,0,3
8,624,1,1,1,0,3
8,655,1,1,0,0,3
8,656,1,1,0,0,3
8,671,1,1,0,1,3
8,677,1,1,0,0,3
8,685,1,1,0,0,3
8,691,1,1,0,0,3
8,738,1,1,0,0,3
8,741,1,1,0,0,3
8,752,1,1,0,0,3
8,767,1,1,0,1,3
8,776,1,1,1,0,3
8,779,1,1,1,0,3
8,801,1,1,0,0,3
8,807,1,1,0,0,3
8,839,1,1,1,0,3
8,840,1,1,0,0,3
8,844,1,1,0,1,3
8,854,1,1,0,0,3
8,861,1,1,1,0,3
8,862,1,1,0,0,3
8,872,1,1,0,0,3
8,907,1,1,0,0,3
8,914,1,1,1,0,3
8,930,1,1,0,0,3
8,1007,1,1,0,0,3
8,1011,1,1,1,0,3
8,1045,1,1,0,0,3
8,1053,1,1,0,0,3
8,1077,1,1,0,0,3
8,1147,1,1,0,0,3
8,1151,1,1,0,0,3
8,1169,1,1,0,0,3
8,1192,1,1,0,0,3
8,1213,1,1,0,0,3
8,1226,1,1,0,0,3
8,1230,1,1,0,0,3
8,1272,1,1,0,0,3
8,1289,1,1,1,0,3
8,1295,1,1,0,0,3
8,1300,1,1,1,0,3
8,1305,1,1,1,0,3
8,1311,1,1,1,0,3
8,1313,1,1,0,1,3
8,1349,1,1,0,1,3
8,1350,1,1,0,0,3
8,1358,1,1,0,0,3
8,1359,1,1,0,0,3
8,1361,1,1,0,1,3
8,1403,1,1,0,0,3
8,1426,1,1,0,1,3
8,1476,1,1,1,0,3
8,1497,1,1,0,0,3
8,1506,1,1,0,0,3
8,1527,1,1,0,0,3
8,1581,1,1,1,0,3
8,1589,1,1,0,0,3
8,1649,1,1,0,0,3
8,1650,1,1,1,0,3
8,1659,1,1,0,0,3
8,1663,1,1,0,0,3
8,1719,1,1,1,0,3
8,1724,1,1,0,0,3
8,1725,1,1,1,0,3
8,1733,1,1,1,0,3
8,1791,1,1,0,0,3
8,1806,1,1,0,0,3
8,1827,1,1,0,0,3
8,1844,1,1,0,0,3
8,1862,1,1,0,1,3
8,1877,1,1,0,0,3
8,1880,1,1,0,0,3
8,1896,1,1,0,0,3
8,1928,1,1,0,0,3
8,1933,1,1,0,1,3
8,1945,1,1,0,0,3
8,1957,1,1,0,0,3
8,1970,1,1,0,0,3
8,1971,1,1,0,0,3
8,2025,1,1,0,0,3
8,2063,1,1,0,0,3
8,2070,1,1,0,0,3
8,2074,1,1,0,0,3
8,2094,1,1,0,0,3
8,2116,1,1,0,0,3
8,2159,1,1,0,0,3
8,2175,1,1,0,0,3
8,2192,1,1,0,1,3
8,2193,1,1,0,0,3
8,2205,1,1,0,0,3
8,2214,1,1,0,1,3
8,2220,1,1,0,0,3
8,2237,1,1,1,0,3
8,2239,1,1,0,1,3
8,2246,1,1,0,0,3
8,2255,1,1,1,0,3
8,2265,1,1,0,0,3
8,2275,1,1,0,0,3
8,2276,1,1,0,0,3
8,2284,1,1,0,0,3
8,2287,1,1,0,1,3
8,2295,1,1,0,0,3
8,2299,1,1,0,0,3
8,2323,1,1,0,0,3
8,2337,1,1,0,0,3
8,2370,1,1,0,1,3
8,2390,1,1,0,0,3
8,2403,1,1,1,0,3
8,2427,1,1,1,0,3
8,2487,1,1,0,0,3
8,39,1,1,0,0,4
8,80,1,1,1,0,4
8,129,1,1,0,0,4
8,143,1,1,0,0,4
8,183,1,1,0,1,4
8,184,1,1,0,0,4
8,198,1,1,0,1,4
8,217,1,1,0,0,4
8,226,1,1,0,0,4
8,231,1,1,0,0,4
8,250,1,1,1,0,4
8,289,1,1,0,0,4
8,299,1,1,0,0,4
8,305,1,1,0,1,4
8,317,1,1,0,1,4
8,327,1,1,0,1,4
8,358,1,1,0,0,4
8,365,1,1,1,0,4
8,369,1,1,0,0,4
8,375,1,1,0,0,4
8,385,1,1,0,0,4
8,398,1,1,0,0,4
8,408,1,1,0,0,4
8,412,1,1,1,0,4
8,424,1,1,1,0,4
8,425,1,1,0,0,4
8,432,1,1,0,0,4
8,448,1,1,1,0,4
8,462,1,1,0,0,4
8,481,1,1,0,0,4
8,494,1,1,0,0,4
8,500,1,1,0,0,4
8,510,1,1,0,0,4
8,524,1,1,0,0,4
8,530,1,1,1,0,4
8,542,1,1,0,0,4
8,576,1,1,1,0,4
8,586,1,1,0,0,4
8,606,1,1,0,0,4
8,608,1,1,1,0,4
8,626,1,1,1,0,4
8,634,1,1,0,0,4
8,659,1,1,0,0,4
8,662,1,1,0,0,4
8,665,1,1,0,0,4
8,670,1,1,0,0,4
8,675,1,1,0,0,4
8,678,1,1,0,0,4
8,679,1,1,0,0,4
8,680,1,1,1,0,4
8,698,1,1,1,0,4
8,699,1,1,0,0,4
8,716,1,1,0,0,4
8,721,1,1,0,0,4
8,768,1,1,0,0,4
8,855,1,1,1,0,4
8,869,1,1,0,0,4
8,908,1,1,1,0,4
8,913,1,1,0,0,4
8,923,1,1,0,0,4
8,967,1,1,0,0,4
8,1034,1,1,0,0,4
8,1050,1,1,0,0,4
8,1079,1,1,0,0,4
8,1086,1,1,0,0,4
8,1092,1,1,0,0,4
8,1111,1,1,0,0,4
8,1113,1,1,0,0,4
8,1138,1,1,0,0,4
8,1145,1,1,0,0,4
8,1224,1,1,0,1,4
8,1257,1,1,0,0,4
8,1274,1,1,0,0,4
8,1278,1,1,1,0,4
8,1308,1,1,0,0,4
8,1325,1,1,1,0,4
8,1329,1,1,0,0,4
8,1332,1,1,0,0,4
8,1340,1,1,0,1,4
8,1352,1,1,0,1,4
8,1353,1,1,0,0,4
8,1354,1,1,0,0,4
8,1399,1,1,0,0,4
8,1405,1,1,0,0,4
8,1420,1,1,0,1,4
8,1493,1,1,0,0,4
8,1508,1,1,0,0,4
8,1509,1,1,0,0,4
8,1537,1,1,0,0,4
8,1538,1,1,1,0,4
8,1541,1,1,0,0,4
8,1544,1,1,0,0,4
8,1546,1,1,0,0,4
8,1563,1,1,0,0,4
8,1564,1,1,0,1,4
8,1572,1,1,0,0,4
8,1666,1,1,0,0,4
8,1685,1,1,0,0,4
8,1693,1,1,0,0,4
8,1701,1,1,0,0,4
8,1709,1,1,0,0,4
8,1715,1,1,0,0,4
8,1723,1,1,0,1,4
8,1728,1,1,0,0,4
8,1752,1,1,0,0,4
8,1754,1,1,0,1,4
8,1756,1,1,0,0,4
8,1765,1,1,0,0,4
8,1781,1,1,0,0,4
8,1783,1,1,1,0,4
8,1787,1,1,1,0,4
8,1789,1,1,0,0,4
8,1795,1,1,0,1,4
8,1797,1,1,1,0,4
8,1800,1,1,0,0,4
8,1804,1,1,0,1,4
8,1807,1,1,0,0,4
8,1811,1,1,0,0,4
8,1849,1,1,0,0,4
8,1858,1,1,1,0,4
8,1881,1,1,0,0,4
8,1885,1,1,0,0,4
8,1897,1,1,0,0,4
8,1899,1,1,0,0,4
8,1913,1,1,1,0,4
8,1993,1,1,0,0,4
8,2001,1,1,0,0,4
8,2013,1,1,0,0,4
8,2021,1,1,0,0,4
8,2022,1,1,0,1,4
8,2028,1,1,0,0,4
8,2038,1,1,1,0,4
8,2042,1,1,0,0,4
8,2045,1,1,0,0,4
8,2065,1,1,0,0,4
8,2086,1,1,0,0,4
8,2100,1,1,0,0,4
8,2108,1,1,0,0,4
8,2112,1,1,0,0,4
8,2133,1,1,0,1,4
8,2148,1,1,1,0,4
8,2215,1,1,0,0,4
8,2222,1,1,0,0,4
8,2285,1,1,0,0,4
8,2297,1,1,0,0,4
8,2305,1,1,0,1,4
8,2307,1,1,0,0,4
8,2325,1,1,0,0,4
8,2348,1,1,0,0,4
8,2355,1,1,1,0,4
8,2363,1,1,0,0,4
8,2393,1,1,0,0,4
8,2426,1,1,0,0,4
8,2433,1,1,0,1,4
8,2435,1,1,0,1,4
8,2450,1,1,1,0,4
8,2490,1,1,0,0,4
8,9,1,1,0,0,5
8,13,1,1,0,0,5
8,27,1,1,0,0,5
8,54,1,1,0,0,5
8,65,1,1,1,0,5
8,96,1,1,0,1,5
8,112,1,1,0,0,5
8,122,1,1,0,0,5
8,138,1,1,1,0,5
8,139,1,1,0,0,5
8,154,1,1,0,0,5
8,162,1,1,0,0,5
8,163,1,1,1,0,5
8,173,1,1,0,0,5
8,197,1,1,1,0,5
8,229,1,1,0,1,5
8,260,1,1,0,0,5
8,285,1,1,0,0,5
8,290,1,1,0,0,5
8,293,1,1,1,0,5
8,298,1,1,0,0,5
8,301,1,1,0,0,5
8,308,1,1,0,1,5
8,334,1,1,0,1,5
8,343,1,1,0,0,5
8,361,1,1,1,0,5
8,367,1,1,0,0,5
8,394,1,1,0,0,5
8,395,1,1,1,0,5
8,396,1,1,0,1,5
8,426,1,1,0,0,5
8,457,1,1,0,0,5
8,463,1,1,0,0,5
8,486,1,1,0,0,5
8,491,1,1,0,0,5
8,505,1,1,0,0,5
8,506,1,1,1,0,5
8,520,1,1,0,0,5
8,554,1,1,0,0,5
8,559,1,1,0,1,5
8,563,1,1,0,0,5
8,568,1,1,0,1,5
8,578,1,1,0,0,5
8,580,1,1,0,0,5
8,588,1,1,0,1,5
8,592,1,1,1,0,5
8,674,1,1,0,1,5
8,695,1,1,0,1,5
8,697,1,1,0,0,5
8,708,1,1,0,0,5
8,713,1,1,0,0,5
8,756,1,1,0,0,5
8,761,1,1,0,0,5
8,769,1,1,0,1,5
8,774,1,1,1,0,5
8,778,1,1,0,0,5
8,822,1,1,1,0,5
8,835,1,1,0,0,5
8,847,1,1,0,0,5
8,849,1,1,0,0,5
8,879,1,1,0,0,5
8,882,1,1,0,0,5
8,898,1,1,0,0,5
8,901,1,1,0,1,5
8,905,1,1,0,1,5
8,919,1,1,0,0,5
8,936,1,1,0,0,5
8,945,1,1,0,0,5
8,973,1,1,0,0,5
8,992,1,1,0,0,5
8,995,1,1,0,0,5
8,1030,1,1,0,0,5
8,1044,1,1,0,0,5
8,1062,1,1,0,0,5
8,1088,1,1,0,0,5
8,1095,1,1,0,0,5
8,1125,1,1,1,0,5
8,1131,1,1,0,0,5
8,1153,1,1,1,0,5
8,1180,1,1,0,1,5
8,1194,1,1,0,0,5
8,1202,1,1,0,0,5
8,1208,1,1,0,0,5
8,1218,1,1,0,0,5
8,1221,1,1,1,0,5
8,1223,1,1,0,0,5
8,1234,1,1,0,0,5
8,1248,1,1,0,1,5
8,1286,1,1,0,0,5
8,1287,1,1,0,0,5
8,1334,1,1,0,0,5
8,1335,1,1,0,0,5
8,1346,1,1,0,1,5
8,1373,1,1,0,0,5
8,1384,1,1,0,0,5
8,1388,1,1,1,0,5
8,1411,1,1,0,0,5
8,1414,1,1,1,0,5
8,1433,1,1,1,0,5
8,1451,1,1,0,0,5
8,1457,1,1,0,0,5
8,1470,1,1,0,0,5
8,1474,1,1,0,0,5
8,1517,1,1,1,0,5
8,1520,1,1,0,0,5
8,1566,1,1,0,1,5
8,1574,1,1,0,0,5
8,1585,1,1,0,1,5
8,1607,1,1,0,0,5
8,1615,1,1,0,1,5
8,1630,1,1,0,0,5
8,1645,1,1,0,0,5
8,1687,1,1,1,0,5
8,1697,1,1,0,0,5
8,1700,1,1,1,0,5
8,1722,1,1,1,0,5
8,1726,1,1,0,0,5
8,1734,1,1,0,0,5
8,1767,1,1,0,0,5
8,1776,1,1,0,0,5
8,1788,1,1,0,0,5
8,1805,1,1,0,0,5
8,1808,1,1,0,1,5
8,1831,1,1,0,0,5
8,1860,1,1,0,0,5
8,1866,1,1,0,0,5
8,1869,1,1,0,0,5
8,1908,1,1,0,1,5
8,1940,1,1,0,0,5
8,1944,1,1,0,0,5
8,1984,1,1,0,0,5
8,1986,1,1,0,0,5
8,1992,1,1,0,0,5
8,2048,1,1,0,0,5
8,2081,1,1,0,0,5
8,2084,1,1,0,0,5
8,2105,1,1,0,1,5
8,2122,1,1,0,1,5
8,2123,1,1,0,0,5
8,2124,1,1,0,1,5
8,2137,1,1,0,0,5
8,2165,1,1,1,0,5
8,2168,1,1,0,0,5
8,2196,1,1,0,1,5
8,2218,1,1,0,0,5
8,2219,1,1,0,0,5
8,2227,1,1,0,0,5
8,2231,1,1,0,0,5
8,2238,1,1,0,0,5
8,2241,1,1,0,0,5
8,2251,1,1,0,0,5
8,2260,1,1,0,0,5
8,2263,1,1,0,0,5
8,2264,1,1,0,0,5
8,2273,1,1,0,0,5
8,2304,1,1,0,0,5
8,2309,1,1,1,0,5
8,2321,1,1,0,1,5
8,2324,1,1,0,0,5
8,2331,1,1,0,0,5
8,2332,1,1,0,0,5
8,2339,1,1,0,1,5
8,2349,1,1,0,1,5
8,2378,1,1,0,0,5
8,2400,1,1,1,0,5
8,2405,1,1,0,0,5
8,2410,1,1,0,0,5
8,2486,1,1,0,0,5
8,2494,1,1,0,0,5
8,58,1,1,0,0,6
8,64,1,1,0,0,6
8,68,1,1,0,0,6
8,74,1,1,0,0,6
8,85,1,1,0,0,6
8,87,1,1,0,0,6
8,89,1,1,1,0,6
8,95,1,1,0,0,6
8,97,1,1,0,1,6
8,104,1,1,0,0,6
8,105,1,1,1,0,6
8,109,1,1,0,0,6
8,131,1,1,1,0,6
8,147,1,1,0,0,6
8,161,1,1,0,1,6
8,164,1,1,0,0,6
8,215,1,1,0,1,6
8,220,1,1,0,1,6
8,234,1,1,0,0,6
8,244,1,1,0,0,6
8,247,1,1,1,0,6
8,249,1,1,1,0,6
8,252,1,1,1,0,6
8,253,1,1,0,0,6
8,272,1,1,0,0,6
8,291,1,1,0,0,6
8,295,1,1,0,0,6
8,302,1,1,0,1,6
8,307,1,1,0,0,6
8,316,1,1,0,0,6
8,318,1,1,0,0,6
8,336,1,1,0,0,6
8,360,1,1,0,1,6
8,379,1,1,1,0,6
8,384,1,1,0,0,6
8,390,1,1,0,0,6
8,418,1,1,1,0,6
8,428,1,1,0,0,6
8,430,1,1,0,0,6
8,440,1,1,0,0,6
8,456,1,1,1,0,6
8,465,1,1,1,0,6
8,467,1,1,1,0,6
8,475,1,1,0,0,6
8,497,1,1,0,0,6
8,514,1,1,0,0,6
8,515,1,1,1,0,6
8,516,1,1,0,0,6
8,519,1,1,1,0,6
8,526,1,1,0,0,6
8,529,1,1,0,0,6
8,596,1,1,0,0,6
8,609,1,1,0,0,6
8,629,1,1,0,0,6
8,637,1,1,0,0,6
8,644,1,1,1,0,6
8,696,1,1,0,0,6
8,704,1,1,0,1,6
8,715,1,1,0,0,6
8,730,1,1,1,0,6
8,733,1,1,0,0,6
8,749,1,1,0,0,6
8,759,1,1,1,0,6
8,777,1,1,0,0,6
8,781,1,1,0,0,6
8,787,1,1,0,1,6
8,799,1,1,0,1,6
8,800,1,1,0,1,6
8,803,1,1,0,0,6
8,806,1,1,0,0,6
8,816,1,1,0,0,6
8,829,1,1,0,0,6
8,851,1,1,0,0,6
8,860,1,1,0,1,6
8,863,1,1,0,0,6
8,868,1,1,0,0,6
8,871,1,1,0,0,6
8,883,1,1,0,0,6
8,887,1,1,0,0,6
8,889,1,1,0,0,6
8,899,1,1,1,0,6
8,906,1,1,0,0,6
8,918,1,1,0,0,6
8,920,1,1,0,0,6
8,921,1,1,0,0,6
8,955,1,1,1,0,6
8,961,1,1,0,0,6
8,991,1,1,1,0,6
8,993,1,1,0,0,6
8,996,1,1,0,0,6
8,1019,1,1,1,0,6
8,1029,1,1,0,0,6
8,1031,1,1,0,0,6
8,1054,1,1,0,1,6
8,1055,1,1,0,0,6
8,1059,1,1,0,0,6
8,1065,1,1,0,1,6
8,1069,1,1,0,0,6
8,1084,1,1,0,0,6
8,1090,1,1,0,0,6
8,1102,1,1,0,0,6
8,1103,1,1,0,0,6
8,1112,1,1,0,0,6
8,1120,1,1,0,0,6
8,1140,1,1,0,0,6
8,1148,1,1,0,0,6
8,1154,1,1,0,1,6
8,1161,1,1,0,0,6
8,1175,1,1,0,0,6
8,1182,1,1,0,0,6
8,1188,1,1,0,0,6
8,1191,1,1,0,0,6
8,1193,1,1,0,0,6
8,1207,1,1,0,0,6
8,1222,1,1,0,0,6
8,1239,1,1,0,0,6
8,1240,1,1,0,0,6
8,1273,1,1,0,0,6
8,1275,1,1,0,1,6
8,1281,1,1,0,0,6
8,1304,1,1,0,0,6
8,1322,1,1,0,0,6
8,1324,1,1,0,1,6
8,1377,1,1,0,1,6
8,1379,1,1,1,0,6
8,1401,1,1,0,0,6
8,1416,1,1,0,1,6
8,1437,1,1,0,0,6
8,1458,1,1,0,0,6
8,1459,1,1,0,0,6
8,1482,1,1,0,1,6
8,1484,1,1,1,0,6
8,1488,1,1,0,0,6
8,1490,1,1,0,1,6
8,1521,1,1,0,0,6
8,1530,1,1,0,1,6
8,1575,1,1,0,0,6
8,1595,1,1,0,0,6
8,1598,1,1,0,0,6
8,1623,1,1,0,1,6
8,1635,1,1,0,0,6
8,1642,1,1,0,1,6
8,1658,1,1,1,0,6
8,1681,1,1,0,0,6
8,1702,1,1,1,0,6
8,1708,1,1,0,1,6
8,1710,1,1,0,0,6
8,1735,1,1,0,1,6
8,1742,1,1,0,1,6
8,1761,1,1,0,0,6
8,1774,1,1,0,1,6
8,1814,1,1,1,0,6
8,1864,1,1,0,0,6
8,1875,1,1,0,0,6
8,1879,1,1,0,0,6
8,1889,1,1,0,0,6
8,1898,1,1,0,0,6
8,1936,1,1,1,0,6
8,1956,1,1,0,0,6
8,1965,1,1,0,1,6
8,1980,1,1,0,0,6
8,2012,1,1,0,0,6
8,2017,1,1,0,0,6
8,2020,1,1,0,0,6
8,2029,1,1,0,0,6
8,2031,1,1,1,0,6
8,2059,1,1,0,0,6
8,2075,1,1,0,0,6
8,2082,1,1,0,0,6
8,2092,1,1,0,1,6
8,2107,1,1,1,0,6
8,2114,1,1,1,0,6
8,2117,1,1,0,0,6
8,2120,1,1,0,0,6
8,2130,1,1,1,0,6
8,2155,1,1,0,0,6
8,2157,1,1,0,0,6
8,2172,1,1,0,0,6
8,2183,1,1,0,1,6
8,2191,1,1,0,0,6
8,2199,1,1,0,0,6
8,2204,1,1,0,0,6
8,2216,1,1,0,0,6
8,2269,1,1,1,0,6
8,2272,1,1,0,0,6
8,2286,1,1,0,1,6
8,2300,1,1,0,0,6
8,2333,1,1,0,0,6
8,2335,1,1,0,1,6
8,2380,1,1,1,0,6
8,2385,1,1,0,0,6
8,2399,1,1,0,0,6
8,2418,1,1,0,1,6
8,2421,1,1,1,0,6
8,2475,1,1,0,0,6
8,2477,1,1,0,1,6
8,2495,1,1,0,1,6
8,2499,1,1,1,0,6
8,17,3,1,0,0,7
8,25,3,1,0,0,7
8,47,3,1,3,0,7
8,110,3,1,1,0,7
8,121,3,1,0,0,7
8,126,3,1,3,0,7
8,141,3,1,0,0,7
8,148,3,1,0,0,7
8,159,3,1,0,1,7
8,170,3,1,0,0,7
8,172,3,1,0,1,7
8,186,3,1,0,0,7
8,238,3,1,0,0,7
8,251,3,1,0,0,7
8,270,3,1,0,0,7
8,287,3,1,0,0,7
8,324,3,1,0,0,7
8,348,3,1,0,0,7
8,356,3,1,0,0,7
8,370,3,1,0,0,7
8,377,3,1,0,0,7
8,383,3,1,0,0,7
8,389,3,1,0,0,7
8,391,3,1,0,0,7
8,401,3,1,3,0,7
8,476,3,1,0,0,7
8,483,3,1,0,0,7
8,487,3,1,0,0,7
8,504,3,1,1,0,7
8,513,3,1,0,0,7
8,521,3,1,0,0,7
8,522,3,1,0,0,7
8,534,3,1,0,0,7
8,552,3,1,0,0,7
8,562,3,1,0,0,7
8,603,3,1,0,0,7
8,604,3,1,0,0,7
8,621,3,1,1,0,7
8,625,3,1,3,0,7
8,684,3,1,1,0,7
8,722,3,1,0,0,7
8,745,3,1,0,0,7
8,758,3,1,0,0,7
8,780,3,1,3,0,7
8,783,3,1,0,0,7
8,811,3,1,0,0,7
8,820,3,1,0,1,7
8,876,3,1,3,0,7
8,894,3,1,0,0,7
8,900,3,1,0,0,7
8,912,3,1,3,0,7
8,934,3,1,1,0,7
8,937,3,1,0,0,7
8,941,3,1,0,0,7
8,942,3,1,0,1,7
8,964,3,1,0,1,7
8,975,3,1,0,0,7
8,1009,3,1,0,0,7
8,1040,3,1,0,0,7
8,1076,3,1,0,0,7
8,1082,3,1,0,0,7
8,1096,3,1,0,0,7
8,1109,3,1,0,0,7
8,1128,3,1,0,0,7
8,1129,3,1,0,0,7
8,1146,3,1,0,0,7
8,1170,3,1,0,0,7
8,1176,3,1,0,1,7
8,1195,3,1,0,0,7
8,1219,3,1,0,0,7
8,1264,3,1,3,0,7
8,1279,3,1,0,0,7
8,1297,3,1,0,1,7
8,1301,3,1,0,0,7
8,1381,3,1,0,0,7
8,1415,3,1,0,1,7
8,1445,3,1,0,0,7
8,1519,3,1,0,0,7
8,1526,3,1,0,0,7
8,1533,3,1,0,0,7
8,1540,3,1,0,0,7
8,1554,3,1,0,0,7
8,1556,3,1,0,0,7
8,1578,3,1,3,0,7
8,1579,3,1,0,0,7
8,1596,3,1,0,0,7
8,1599,3,1,0,0,7
8,1678,3,1,0,0,7
8,1692,3,1,0,1,7
8,1694,3,1,0,0,7
8,1718,3,1,3,0,7
8,1778,3,1,1,0,7
8,1784,3,1,0,0,7
8,1792,3,1,0,0,7
8,1793,3,1,3,0,7
8,1841,3,1,0,0,7
8,1851,3,1,3,0,7
8,1972,3,1,0,0,7
8,1978,3,1,0,0,7
8,2000,3,1,3,0,7
8,2003,3,1,0,0,7
8,2033,3,1,0,1,7
8,2034,3,1,0,0,7
8,2083,3,1,0,1,7
8,2128,3,1,0,0,7
8,2160,3,1,0,0,7
8,2163,3,1,0,0,7
8,2209,3,1,0,0,7
8,2232,3,1,0,1,7
8,2234,3,1,0,0,7
8,2236,3,1,0,0,7
8,2254,3,1,0,0,7
8,2267,3,1,0,0,7
8,2320,3,1,0,0,7
8,2340,3,1,1,0,7
8,2346,3,1,0,0,7
8,2361,3,1,0,0,7
8,2365,3,1,3,0,7
8,2372,3,1,0,1,7
8,2373,3,1,0,0,7
8,2432,3,1,0,0,7
8,2461,3,1,0,0,7
8,2464,3,1,0,0,7
8,2479,3,1,0,0,7
8,2482,3,1,0,0,7
8,2484,3,1,0,0,7
8,3,1,1,0,0,8
8,40,1,1,0,0,8
8,41,1,1,0,0,8
8,49,1,1,0,0,8
8,70,1,1,0,0,8
8,82,1,1,0,0,8
8,84,1,1,1,0,8
8,90,1,1,0,0,8
8,115,1,1,0,0,8
8,128,1,1,0,0,8
8,137,1,1,0,0,8
8,202,1,1,1,0,8
8,230,1,1,0,0,8
8,243,1,1,1,0,8
8,256,1,1,0,0,8
8,263,1,1,0,0,8
8,267,1,1,0,1,8
8,304,1,1,0,0,8
8,321,1,1,0,0,8
8,337,1,1,1,0,8
8,349,1,1,0,1,8
8,362,1,1,0,0,8
8,380,1,1,0,1,8
8,406,1,1,0,0,8
8,441,1,1,0,0,8
8,445,1,1,1,0,8
8,460,1,1,0,0,8
8,493,1,1,0,0,8
8,496,1,1,1,0,8
8,501,1,1,1,0,8
8,543,1,1,1,0,8
8,548,1,1,0,1,8
8,557,1,1,1,0,8
8,590,1,1,1,0,8
8,605,1,1,0,0,8
8,639,1,1,0,0,8
8,653,1,1,0,0,8
8,661,1,1,1,0,8
8,701,1,1,0,0,8
8,706,1,1,1,0,8
8,707,1,1,0,0,8
8,726,1,1,0,0,8
8,728,1,1,0,1,8
8,740,1,1,0,0,8
8,764,1,1,1,0,8
8,788,1,1,0,0,8
8,808,1,1,0,0,8
8,823,1,1,0,1,8
8,827,1,1,0,0,8
8,877,1,1,0,0,8
8,880,1,1,0,0,8
8,892,1,1,0,0,8
8,981,1,1,0,0,8
8,987,1,1,0,0,8
8,994,1,1,1,0,8
8,1018,1,1,0,0,8
8,1023,1,1,0,0,8
8,1046,1,1,0,0,8
8,1047,1,1,0,0,8
8,1073,1,1,0,0,8
8,1106,1,1,0,0,8
8,1136,1,1,0,0,8
8,1168,1,1,0,0,8
8,1197,1,1,0,0,8
8,1199,1,1,0,0,8
8,1205,1,1,0,0,8
8,1242,1,1,0,0,8
8,1252,1,1,0,0,8
8,1268,1,1,0,0,8
8,1269,1,1,0,0,8
8,1276,1,1,0,0,8
8,1284,1,1,1,0,8
8,1291,1,1,0,0,8
8,1323,1,1,1,0,8
8,1328,1,1,0,0,8
8,1331,1,1,0,0,8
8,1360,1,1,0,0,8
8,1363,1,1,0,0,8
8,1367,1,1,0,0,8
8,1395,1,1,0,0,8
8,1419,1,1,0,1,8
8,1454,1,1,0,1,8
8,1462,1,1,0,0,8
8,1466,1,1,0,0,8
8,1472,1,1,0,1,8
8,1512,1,1,1,0,8
8,1531,1,1,0,1,8
8,1549,1,1,0,0,8
8,1552,1,1,0,0,8
8,1571,1,1,0,0,8
8,1625,1,1,0,0,8
8,1636,1,1,0,0,8
8,1665,1,1,0,0,8
8,1675,1,1,0,0,8
8,1705,1,1,0,1,8
8,1706,1,1,0,0,8
8,1717,1,1,0,0,8
8,1720,1,1,1,0,8
8,1737,1,1,0,0,8
8,1740,1,1,0,0,8
8,1790,1,1,0,0,8
8,1799,1,1,0,0,8
8,1822,1,1,0,0,8
8,1842,1,1,1,0,8
8,1856,1,1,0,0,8
8,1861,1,1,0,0,8
8,1902,1,1,0,1,8
8,1926,1,1,0,1,8
8,1937,1,1,0,0,8
8,1959,1,1,0,0,8
8,2002,1,1,0,0,8
8,2004,1,1,0,0,8
8,2050,1,1,1,0,8
8,2051,1,1,0,0,8
8,2060,1,1,0,1,8
8,2127,1,1,1,0,8
8,2129,1,1,0,0,8
8,2145,1,1,0,0,8
8,2167,1,1,0,1,8
8,2171,1,1,1,0,8
8,2261,1,1,0,0,8
8,2291,1,1,1,0,8
8,2308,1,1,0,0,8
8,2338,1,1,0,0,8
8,2401,1,1,0,0,8
8,2404,1,1,0,0,8
8,2431,1,1,1,0,8
8,2481,1,1,1,0,8
8,2489,1,1,0,1,8
8,1,3,1,0,0,9
8,2,3,1,0,0,9
8,4,3,1,0,0,9
8,14,3,1,0,1,9
8,24,3,1,0,0,9
8,30,3,1,0,0,9
8,31,3,1,0,0,9
8,35,3,1,0,0,9
8,37,3,1,0,0,9
8,42,3,1,0,1,9
8,51,3,1,0,0,9
8,56,3,1,3,0,9
8,59,3,1,3,0,9
8,91,3,1,0,0,9
8,93,3,1,0,0,9
8,124,3,1,3,0,9
8,149,3,1,3,0,9
8,169,3,1,0,1,9
8,175,3,1,3,0,9
8,176,3,1,0,1,9
8,177,3,1,0,0,9
8,189,3,1,0,0,9
8,203,3,1,1,0,9
8,257,3,1,0,0,9
8,309,3,1,0,1,9
8,311,3,1,1,0,9
8,340,3,1,0,0,9
8,354,3,1,0,1,9
8,355,3,1,0,0,9
8,357,3,1,1,0,9
8,402,3,1,0,0,9
8,403,3,1,0,0,9
8,415,3,1,1,0,9
8,420,3,1,0,0,9
8,442,3,1,0,0,9
8,446,3,1,0,0,9
8,458,3,1,0,1,9
8,461,3,1,0,0,9
8,489,3,1,0,0,9
8,503,3,1,1,0,9
8,528,3,1,0,1,9
8,532,3,1,1,0,9
8,551,3,1,0,0,9
8,555,3,1,0,0,9
8,607,3,1,0,1,9
8,610,3,1,0,0,9
8,611,3,1,0,1,9
8,614,3,1,1,0,9
8,615,3,1,1,0,9
8,623,3,1,0,0,9
8,664,3,1,0,0,9
8,669,3,1,0,0,9
8,687,3,1,0,0,9
8,693,3,1,0,0,9
8,710,3,1,0,0,9
8,718,3,1,0,0,9
8,731,3,1,0,0,9
8,735,3,1,3,0,9
8,748,3,1,1,0,9
8,763,3,1,0,0,9
8,786,3,1,0,0,9
8,791,3,1,0,0,9
8,792,3,1,0,0,9
8,805,3,1,0,0,9
8,819,3,1,0,1,9
8,821,3,1,0,0,9
8,857,3,1,0,0,9
8,890,3,1,0,0,9
8,910,3,1,0,0,9
8,932,3,1,0,0,9
8,935,3,1,0,0,9
8,940,3,1,0,0,9
8,959,3,1,3,0,9
8,971,3,1,0,0,9
8,983,3,1,3,0,9
8,986,3,1,0,0,9
8,988,3,1,0,0,9
8,989,3,1,0,1,9
8,1000,3,1,0,0,9
8,1004,3,1,0,1,9
8,1006,3,1,0,0,9
8,1021,3,1,0,0,9
8,1028,3,1,0,0,9
8,1037,3,1,0,1,9
8,1056,3,1,0,1,9
8,1061,3,1,0,0,9
8,1067,3,1,0,1,9
8,1075,3,1,0,0,9
8,1080,3,1,0,0,9
8,1087,3,1,0,0,9
8,1091,3,1,0,0,9
8,1098,3,1,0,0,9
8,1108,3,1,0,0,9
8,1110,3,1,0,0,9
8,1123,3,1,0,0,9
8,1139,3,1,0,0,9
8,1141,3,1,0,0,9
8,1164,3,1,0,0,9
8,1210,3,1,0,0,9
8,1232,3,1,0,1,9
8,1235,3,1,0,0,9
8,1238,3,1,0,0,9
8,1254,3,1,0,0,9
8,1299,3,1,3,0,9
8,1306,3,1,0,0,9
8,1342,3,1,0,0,9
8,1365,3,1,1,0,9
8,1369,3,1,1,0,9
8,1380,3,1,0,0,9
8,1400,3,1,3,0,9
8,1402,3,1,0,0,9
8,1422,3,1,0,0,9
8,1439,3,1,0,0,9
8,1444,3,1,0,0,9
8,1450,3,1,0,0,9
8,1461,3,1,0,0,9
8,1467,3,1,0,0,9
8,1469,3,1,0,0,9
8,1477,3,1,1,0,9
8,1480,3,1,0,1,9
8,1489,3,1,0,0,9
8,1495,3,1,0,0,9
8,1500,3,1,3,0,9
8,1528,3,1,0,1,9
8,1586,3,1,0,0,9
8,1590,3,1,0,0,9
8,1592,3,1,0,0,9
8,1605,3,1,0,0,9
8,1621,3,1,0,0,9
8,1622,3,1,0,0,9
8,1624,3,1,0,0,9
8,1639,3,1,0,0,9
8,1640,3,1,0,0,9
8,1651,3,1,0,0,9
8,1655,3,1,0,0,9
8,1684,3,1,1,0,9
8,1727,3,1,0,0,9
8,1775,3,1,0,0,9
8,1810,3,1,0,0,9
8,1812,3,1,1,0,9
8,1816,3,1,3,0,9
8,1828,3,1,1,0,9
8,1835,3,1,1,0,9
8,1853,3,1,0,0,9
8,1855,3,1,3,0,9
8,1857,3,1,0,0,9
8,1859,3,1,0,0,9
8,1890,3,1,0,0,9
8,1893,3,1,0,0,9
8,1907,3,1,0,0,9
8,1915,3,1,0,0,9
8,1964,3,1,0,1,9
8,1967,3,1,0,0,9
8,1996,3,1,0,1,9
8,1999,3,1,0,0,9
8,2005,3,1,0,1,9
8,2023,3,1,0,0,9
8,2067,3,1,0,0,9
8,2068,3,1,0,0,9
8,2072,3,1,0,0,9
8,2088,3,1,0,1,9
8,2093,3,1,0,0,9
8,2099,3,1,0,1,9
8,2125,3,1,0,1,9
8,2146,3,1,0,0,9
8,2151,3,1,0,1,9
8,2156,3,1,0,0,9
8,2164,3,1,0,0,9
8,2176,3,1,0,0,9
8,2178,3,1,3,0,9
8,2244,3,1,0,1,9
8,2256,3,1,0,0,9
8,2268,3,1,0,1,9
8,2280,3,1,0,0,9
8,2283,3,1,0,0,9
8,2293,3,1,0,0,9
8,2296,3,1,0,0,9
8,2303,3,1,3,0,9
8,2328,3,1,1,0,9
8,2329,3,1,0,0,9
8,2342,3,1,0,0,9
8,2360,3,1,3,0,9
8,2389,3,1,0,0,9
8,2392,3,1,0,0,9
8,2406,3,1,0,0,9
8,2424,3,1,0,0,9
8,2437,3,1,0,0,9
8,2443,3,1,0,0,9
8,2451,3,1,0,0,9
8,2456,3,1,0,0,9
8,2462,3,1,3,0,9
8,2473,3,1,0,0,9
8,2476,3,1,1,0,9
8,2488,3,1,0,0,9
8,20,2,3,0,0,10
8,60,2,3,0,0,10
8,157,2,3,0,0,10
8,180,2,3,0,0,10
8,181,2,3,0,0,10
8,237,2,3,1,0,10
8,279,2,3,0,3,10
8,283,2,3,1,0,10
8,286,2,3,0,0,10
8,294,2,3,0,0,10
8,313,2,3,0,0,10
8,338,2,3,0,0,10
8,347,2,3,0,0,10
8,366,2,3,0,3,10
8,382,2,3,0,0,10
8,414,2,3,2,0,10
8,444,2,3,0,0,10
8,453,2,3,0,0,10
8,455,2,3,0,3,10
8,459,2,3,0,0,10
8,469,2,3,0,0,10
8,477,2,3,0,0,10
8,478,2,3,0,1,10
8,482,2,3,0,0,10
8,507,2,3,2,0,10
8,517,2,3,0,0,10
8,523,2,3,1,0,10
8,553,2,3,0,0,10
8,569,2,3,0,0,10
8,602,2,3,0,0,10
8,619,2,3,0,0,10
8,642,2,3,0,0,10
8,648,2,3,0,0,10
8,682,2,3,1,0,10
8,703,2,3,0,0,10
8,720,2,3,0,0,10
8,723,2,3,2,0,10
8,782,2,3,0,0,10
8,796,2,3,0,0,10
8,814,2,3,0,0,10
8,848,2,3,0,0,10
8,867,2,3,0,0,10
8,886,2,3,0,0,10
8,925,2,3,1,0,10
8,927,2,3,0,0,10
8,928,2,3,0,0,10
8,979,2,3,2,0,10
8,980,2,3,0,0,10
8,1010,2,3,0,0,10
8,1015,2,3,0,0,10
8,1022,2,3,0,0,10
8,1039,2,3,2,0,10
8,1048,2,3,0,1,10
8,1063,2,3,0,0,10
8,1070,2,3,0,0,10
8,1115,2,3,0,3,10
8,1122,2,3,0,0,10
8,1150,2,3,0,3,10
8,1159,2,3,0,0,10
8,1160,2,3,0,0,10
8,1173,2,3,0,0,10
8,1174,2,3,0,0,10
8,1211,2,3,1,0,10
8,1217,2,3,0,0,10
8,1225,2,3,0,0,10
8,1241,2,3,0,0,10
8,1312,2,3,0,0,10
8,1317,2,3,0,0,10
8,1320,2,3,0,0,10
8,1327,2,3,0,3,10
8,1337,2,3,0,0,10
8,1357,2,3,0,0,10
8,1376,2,3,0,3,10
8,1383,2,3,0,1,10
8,1385,2,3,0,0,10
8,1396,2,3,2,0,10
8,1423,2,3,0,0,10
8,1431,2,3,0,0,10
8,1432,2,3,0,0,10
8,1434,2,3,0,0,10
8,1448,2,3,0,0,10
8,1449,2,3,0,0,10
8,1465,2,3,0,0,10
8,1473,2,3,0,0,10
8,1485,2,3,0,0,10
8,1487,2,3,0,0,10
8,1491,2,3,0,0,10
8,1504,2,3,0,0,10
8,1511,2,3,0,0,10
8,1570,2,3,0,0,10
8,1587,2,3,0,0,10
8,1591,2,3,0,0,10
8,1648,2,3,0,0,10
8,1654,2,3,0,0,10
8,1680,2,3,0,0,10
8,1714,2,3,0,0,10
8,1770,2,3,0,0,10
8,1786,2,3,0,0,10
8,1865,2,3,0,0,10
8,1871,2,3,0,0,10
8,1886,2,3,0,0,10
8,1888,2,3,0,0,10
8,1901,2,3,0,0,10
8,1903,2,3,0,0,10
8,1905,2,3,0,0,10
8,1949,2,3,0,0,10
8,1953,2,3,0,3,10
8,1994,2,3,0,0,10
8,2089,2,3,0,0,10
8,2109,2,3,0,0,10
8,2134,2,3,0,0,10
8,2140,2,3,1,0,10
8,2141,2,3,0,0,10
8,2169,2,3,0,3,10
8,2194,2,3,2,0,10
8,2198,2,3,0,0,10
8,2208,2,3,0,0,10
8,2250,2,3,0,0,10
8,2270,2,3,2,0,10
8,2292,2,3,0,0,10
8,2314,2,3,0,3,10
8,2341,2,3,0,0,10
8,2347,2,3,1,0,10
8,2374,2,3,0,0,10
8,2384,2,3,0,0,10
8,2395,2,3,0,0,10
8,2445,2,3,0,1,10
8,2457,2,3,0,0,10
8,2468,2,3,0,0,10
8,2485,2,3,0,0,10
8,0,1,1,0,0,11
8,5,1,1,0,0,11
8,7,1,1,0,0,11
8,8,1,1,0,0,11
8,19,1,1,0,0,11
8,21,1,1,0,0,11
8,23,1,1,0,0,11
8,34,1,1,0,1,11
8,43,1,1,0,0,11
8,48,1,1,0,0,11
8,50,1,1,0,0,11
8,55,1,1,0,0,11
8,63,1,1,0,0,11
8,71,1,1,0,0,11
8,86,1,1,0,0,11
8,88,1,1,1,0,11
8,106,1,1,0,0,11
8,107,1,1,0,0,11
8,160,1,1,0,1,11
8,167,1,1,1,0,11
8,182,1,1,0,1,11
8,191,1,1,0,0,11
8,221,1,1,0,0,11
8,236,1,1,0,0,11
8,241,1,1,1,0,11
8,254,1,1,0,1,11
8,258,1,1,1,0,11
8,262,1,1,0,0,11
8,269,1,1,0,0,11
8,273,1,1,0,0,11
8,276,1,1,0,0,11
8,281,1,1,0,0,11
8,288,1,1,1,0,11
8,306,1,1,0,0,11
8,312,1,1,0,0,11
8,315,1,1,0,0,11
8,333,1,1,0,0,11
8,339,1,1,0,0,11
8,344,1,1,0,0,11
8,352,1,1,0,0,11
8,364,1,1,0,0,11
8,372,1,1,1,0,11
8,388,1,1,0,0,11
8,397,1,1,1,0,11
8,404,1,1,0,0,11
8,407,1,1,1,0,11
8,409,1,1,0,0,11
8,417,1,1,1,0,11
8,421,1,1,0,0,11
8,431,1,1,0,0,11
8,436,1,1,0,0,11
8,464,1,1,0,1,11
8,470,1,1,0,0,11
8,488,1,1,0,0,11
8,509,1,1,0,0,11
8,525,1,1,0,0,11
8,538,1,1,0,0,11
8,550,1,1,0,0,11
8,560,1,1,0,0,11
8,561,1,1,1,0,11
8,577,1,1,0,0,11
8,579,1,1,0,0,11
8,620,1,1,0,1,11
8,630,1,1,0,0,11
8,632,1,1,0,0,11
8,635,1,1,0,0,11
8,643,1,1,0,1,11
8,647,1,1,1,0,11
8,649,1,1,0,1,11
8,650,1,1,0,0,11
8,658,1,1,0,0,11
8,672,1,1,0,0,11
8,700,1,1,0,0,11
8,709,1,1,1,0,11
8,744,1,1,1,0,11
8,751,1,1,0,0,11
8,760,1,1,0,0,11
8,762,1,1,0,0,11
8,784,1,1,0,0,11
8,785,1,1,0,0,11
8,789,1,1,1,0,11
8,802,1,1,1,0,11
8,809,1,1,0,0,11
8,825,1,1,0,0,11
8,837,1,1,1,0,11
8,873,1,1,0,0,11
8,874,1,1,0,0,11
8,875,1,1,0,0,11
8,884,1,1,0,0,11
8,902,1,1,0,0,11
8,904,1,1,1,0,11
8,911,1,1,0,0,11
8,922,1,1,1,0,11
8,924,1,1,0,0,11
8,944,1,1,1,0,11
8,952,1,1,0,0,11
8,972,1,1,0,0,11
8,974,1,1,0,0,11
8,978,1,1,0,1,11
8,985,1,1,0,0,11
8,999,1,1,0,0,11
8,1008,1,1,0,0,11
8,1012,1,1,0,0,11
8,1016,1,1,0,1,11
8,1026,1,1,0,0,11
8,1027,1,1,0,0,11
8,1033,1,1,0,0,11
8,1041,1,1,0,0,11
8,1051,1,1,0,0,11
8,1083,1,1,0,1,11
8,1093,1,1,0,0,11
8,1094,1,1,0,1,11
8,1097,1,1,0,0,11
8,1126,1,1,1,0,11
8,1127,1,1,0,1,11
8,1133,1,1,0,0,11
8,1172,1,1,0,0,11
8,1212,1,1,1,0,11
8,1215,1,1,0,0,11
8,1216,1,1,0,0,11
8,1233,1,1,0,0,11
8,1236,1,1,0,1,11
8,1244,1,1,0,0,11
8,1247,1,1,0,0,11
8,1250,1,1,0,0,11
8,1255,1,1,0,0,11
8,1256,1,1,0,0,11
8,1259,1,1,0,0,11
8,1263,1,1,0,0,11
8,1266,1,1,0,1,11
8,1270,1,1,0,0,11
8,1271,1,1,0,1,11
8,1285,1,1,1,0,11
8,1290,1,1,0,0,11
8,1293,1,1,0,0,11
8,1318,1,1,0,0,11
8,1339,1,1,0,1,11
8,1343,1,1,0,0,11
8,1351,1,1,0,0,11
8,1364,1,1,0,0,11
8,1382,1,1,0,1,11
8,1387,1,1,0,0,11
8,1389,1,1,0,0,11
8,1391,1,1,0,0,11
8,1404,1,1,0,0,11
8,1407,1,1,0,1,11
8,1409,1,1,0,0,11
8,1425,1,1,0,0,11
8,1428,1,1,0,1,11
8,1436,1,1,0,1,11
8,1441,1,1,1,0,11
8,1442,1,1,0,0,11
8,1453,1,1,0,0,11
8,1471,1,1,1,0,11
8,1492,1,1,0,1,11
8,1494,1,1,0,0,11
8,1516,1,1,0,0,11
8,1542,1,1,0,0,11
8,1550,1,1,0,0,11
8,1565,1,1,0,0,11
8,1569,1,1,0,1,11
8,1573,1,1,0,0,11
8,1580,1,1,1,0,11
8,1593,1,1,0,0,11
8,1602,1,1,0,0,11
8,1606,1,1,1,0,11
8,1609,1,1,0,1,11
8,1610,1,1,0,0,11
8,1620,1,1,0,0,11
8,1628,1,1,0,0,11
8,1629,1,1,0,0,11
8,1634,1,1,0,0,11
8,1643,1,1,0,0,11
8,1652,1,1,1,0,11
8,1656,1,1,1,0,11
8,1661,1,1,1,0,11
8,1669,1,1,0,0,11
8,1671,1,1,0,0,11
8,1674,1,1,1,0,11
8,1676,1,1,0,0,11
8,1683,1,1,0,0,11
8,1695,1,1,1,0,11
8,1696,1,1,0,0,11
8,1703,1,1,0,0,11
8,1704,1,1,0,0,11
8,1712,1,1,0,0,11
8,1721,1,1,0,0,11
8,1731,1,1,0,1,11
8,1743,1,1,0,0,11
8,1745,1,1,0,0,11
8,1747,1,1,0,0,11
8,1750,1,1,0,0,11
8,1753,1,1,0,0,11
8,1759,1,1,0,0,11
8,1772,1,1,0,0,11
8,1809,1,1,0,0,11
8,1823,1,1,1,0,11
8,1826,1,1,0,0,11
8,1854,1,1,0,0,11
8,1867,1,1,0,0,11
8,1883,1,1,0,0,11
8,1891,1,1,0,0,11
8,1906,1,1,0,0,11
8,1910,1,1,0,0,11
8,1912,1,1,0,0,11
8,1914,1,1,0,0,11
8,1916,1,1,0,0,11
8,1921,1,1,0,1,11
8,1939,1,1,0,0,11
8,1947,1,1,0,0,11
8,1962,1,1,0,0,11
8,1963,1,1,0,0,11
8,1969,1,1,0,0,11
8,1973,1,1,0,0,11
8,1991,1,1,1,0,11
8,1995,1,1,0,1,11
8,1998,1,1,0,0,11
8,2019,1,1,0,0,11
8,2024,1,1,0,1,11
8,2027,1,1,1,0,11
8,2030,1,1,0,0,11
8,2035,1,1,0,0,11
8,2036,1,1,0,0,11
8,2047,1,1,0,1,11
8,2066,1,1,0,1,11
8,2080,1,1,0,0,11
8,2096,1,1,1,0,11
8,2101,1,1,1,0,11
8,2111,1,1,0,0,11
8,2126,1,1,0,0,11
8,2131,1,1,0,1,11
8,2135,1,1,0,0,11
8,2153,1,1,0,0,11
8,2154,1,1,0,0,11
8,2158,1,1,0,0,11
8,2161,1,1,0,0,11
8,2166,1,1,0,0,11
8,2180,1,1,0,0,11
8,2181,1,1,0,0,11
8,2184,1,1,1,0,11
8,2189,1,1,1,0,11
8,2195,1,1,0,0,11
8,2200,1,1,1,0,11
8,2201,1,1,0,0,11
8,2213,1,1,0,0,11
8,2224,1,1,1,0,11
8,2225,1,1,0,0,11
8,2229,1,1,0,0,11
8,2253,1,1,1,0,11
8,2302,1,1,0,0,11
8,2310,1,1,0,0,11
8,2313,1,1,0,0,11
8,2317,1,1,0,0,11
8,2319,1,1,1,0,11
8,2327,1,1,0,0,11
8,2344,1,1,0,0,11
8,2359,1,1,0,1,11
8,2377,1,1,1,0,11
8,2379,1,1,0,0,11
8,2386,1,1,0,0,11
8,2391,1,1,0,0,11
8,2398,1,1,0,0,11
8,2414,1,1,0,0,11
8,2422,1,1,0,1,11
8,2428,1,1,0,0,11
8,2434,1,1,0,0,11
8,2436,1,1,0,1,11
8,2439,1,1,0,0,11
8,2440,1,1,0,0,11
8,2446,1,1,0,0,11
8,2463,1,1,1,0,11
8,2471,1,1,0,0,11
8,2497,1,1,0,0,11
8,6,1,1,0,0,12
8,29,1,1,0,0,12
8,45,1,1,0,0,12
8,61,1,1,0,0,12
8,69,1,1,0,0,12
8,73,1,1,0,0,12
8,100,1,1,0,0,12
8,102,1,1,1,0,12
8,114,1,1,0,1,12
8,133,1,1,0,1,12
8,145,1,1,0,0,12
8,150,1,1,0,0,12
8,166,1,1,0,0,12
8,174,1,1,0,0,12
8,201,1,1,0,0,12
8,206,1,1,0,0,12
8,208,1,1,0,0,12
8,209,1,1,0,0,12
8,210,1,1,0,0,12
8,223,1,1,0,0,12
8,224,1,1,0,0,12
8,239,1,1,1,0,12
8,245,1,1,0,0,12
8,265,1,1,0,0,12
8,268,1,1,0,0,12
8,271,1,1,1,0,12
8,300,1,1,0,0,12
8,319,1,1,0,0,12
8,322,1,1,0,0,12
8,413,1,1,1,0,12
8,422,1,1,0,0,12
8,435,1,1,1,0,12
8,451,1,1,0,0,12
8,473,1,1,0,0,12
8,480,1,1,0,0,12
8,495,1,1,0,1,12
8,502,1,1,0,0,12
8,535,1,1,0,0,12
8,541,1,1,0,0,12
8,544,1,1,1,0,12
8,549,1,1,0,0,12
8,575,1,1,0,0,12
8,584,1,1,0,0,12
8,585,1,1,0,1,12
8,587,1,1,0,0,12
8,591,1,1,0,0,12
8,597,1,1,0,0,12
8,616,1,1,0,0,12
8,617,1,1,0,0,12
8,627,1,1,0,0,12
8,645,1,1,0,0,12
8,681,1,1,0,0,12
8,690,1,1,1,0,12
8,705,1,1,0,0,12
8,729,1,1,0,0,12
8,737,1,1,1,0,12
8,746,1,1,0,0,12
8,765,1,1,0,0,12
8,766,1,1,0,0,12
8,770,1,1,1,0,12
8,794,1,1,0,0,12
8,795,1,1,0,0,12
8,830,1,1,0,0,12
8,842,1,1,0,0,12
8,843,1,1,0,0,12
8,845,1,1,0,0,12
8,846,1,1,0,0,12
8,929,1,1,0,0,12
8,931,1,1,0,0,12
8,947,1,1,1,0,12
8,949,1,1,1,0,12
8,950,1,1,0,1,12
8,968,1,1,0,0,12
8,969,1,1,0,0,12
8,984,1,1,0,0,12
8,1014,1,1,0,0,12
8,1020,1,1,0,0,12
8,1025,1,1,0,1,12
8,1035,1,1,0,0,12
8,1036,1,1,0,0,12
8,1058,1,1,0,1,12
8,1068,1,1,0,0,12
8,1081,1,1,0,0,12
8,1089,1,1,0,0,12
8,1107,1,1,0,0,12
8,1116,1,1,0,0,12
8,1117,1,1,0,0,12
8,1121,1,1,0,0,12
8,1124,1,1,1,0,12
8,1130,1,1,0,1,12
8,1137,1,1,0,0,12
8,1185,1,1,1,0,12
8,1189,1,1,1,0,12
8,1198,1,1,0,0,12
8,1209,1,1,0,0,12
8,1258,1,1,0,0,12
8,1262,1,1,0,0,12
8,1267,1,1,1,0,12
8,1282,1,1,0,1,12
8,1296,1,1,0,0,12
8,1321,1,1,0,0,12
8,1326,1,1,0,0,12
8,1341,1,1,1,0,12
8,1345,1,1,0,0,12
8,1348,1,1,0,1,12
8,1362,1,1,0,0,12
8,1421,1,1,0,0,12
8,1424,1,1,0,0,12
8,1429,1,1,0,0,12
8,1455,1,1,0,0,12
8,1496,1,1,1,0,12
8,1503,1,1,0,0,12
8,1515,1,1,0,0,12
8,1539,1,1,0,1,12
8,1545,1,1,0,0,12
8,1547,1,1,0,0,12
8,1548,1,1,0,0,12
8,1553,1,1,0,0,12
8,1562,1,1,1,0,12
8,1583,1,1,1,0,12
8,1597,1,1,1,0,12
8,1601,1,1,0,1,12
8,1608,1,1,0,0,12
8,1627,1,1,0,0,12
8,1633,1,1,0,0,12
8,1644,1,1,0,0,12
8,1647,1,1,1,0,12
8,1657,1,1,0,1,12
8,1672,1,1,0,0,12
8,1677,1,1,0,0,12
8,1691,1,1,0,0,12
8,1716,1,1,0,0,12
8,1744,1,1,1,0,12
8,1749,1,1,0,1,12
8,1763,1,1,0,0,12
8,1769,1,1,0,0,12
8,1773,1,1,0,0,12
8,1779,1,1,0,1,12
8,1796,1,1,0,0,12
8,1803,1,1,0,0,12
8,1815,1,1,1,0,12
8,1817,1,1,1,0,12
8,1818,1,1,0,0,12
8,1824,1,1,0,0,12
8,1839,1,1,0,0,12
8,1847,1,1,0,0,12
8,1868,1,1,0,0,12
8,1872,1,1,0,1,12
8,1911,1,1,0,0,12
8,1920,1,1,0,0,12
8,1925,1,1,0,0,12
8,1929,1,1,0,0,12
8,1938,1,1,1,0,12
8,1941,1,1,0,0,12
8,1952,1,1,0,0,12
8,1968,1,1,0,0,12
8,1977,1,1,0,0,12
8,1987,1,1,1,0,12
8,1997,1,1,1,0,12
8,2011,1,1,0,0,12
8,2014,1,1,0,0,12
8,2039,1,1,0,0,12
8,2064,1,1,0,0,12
8,2069,1,1,0,1,12
8,2079,1,1,0,0,12
8,2090,1,1,0,0,12
8,2115,1,1,0,0,12
8,2119,1,1,1,0,12
8,2132,1,1,1,0,12
8,2139,1,1,0,0,12
8,2150,1,1,1,0,12
8,2179,1,1,0,0,12
8,2188,1,1,0,0,12
8,2190,1,1,0,0,12
8,2248,1,1,0,0,12
8,2257,1,1,0,0,12
8,2259,1,1,0,0,12
8,2274,1,1,0,0,12
8,2279,1,1,0,1,12
8,2289,1,1,0,1,12
8,2336,1,1,0,0,12
8,2353,1,1,0,0,12
8,2366,1,1,0,1,12
8,2396,1,1,0,0,12
8,2413,1,1,0,0,12
8,2420,1,1,0,0,12
8,2425,1,1,0,0,12
8,2438,1,1,0,0,12
8,2447,1,1,0,0,12
8,2454,1,1,0,0,12
8,2478,1,1,0,0,12
8,2492,1,1,0,0,12
8,2498,1,1,0,0,12
8,12,1,1,0,0,13
8,26,1,1,0,1,13
8,32,1,1,1,0,13
8,77,1,1,0,0,13
8,78,1,1,0,0,13
8,79,1,1,0,0,13
8,94,1,1,0,1,13
8,117,1,1,0,0,13
8,123,1,1,1,0,13
8,127,1,1,0,0,13
8,146,1,1,0,0,13
8,151,1,1,0,0,13
8,152,1,1,0,0,13
8,171,1,1,0,0,13
8,207,1,1,0,0,13
8,240,1,1,0,0,13
8,277,1,1,0,1,13
8,350,1,1,0,0,13
8,351,1,1,0,0,13
8,363,1,1,0,0,13
8,376,1,1,0,1,13
8,378,1,1,0,0,13
8,393,1,1,0,0,13
8,429,1,1,0,1,13
8,449,1,1,0,0,13
8,466,1,1,0,1,13
8,484,1,1,0,0,13
8,518,1,1,1,0,13
8,558,1,1,0,0,13
8,564,1,1,0,0,13
8,567,1,1,0,0,13
8,570,1,1,0,0,13
8,571,1,1,0,0,13
8,583,1,1,0,0,13
8,600,1,1,0,0,13
8,612,1,1,0,0,13
8,618,1,1,0,0,13
8,636,1,1,0,1,13
8,652,1,1,0,1,13
8,688,1,1,0,1,13
8,736,1,1,0,0,13
8,772,1,1,1,0,13
8,812,1,1,0,1,13
8,813,1,1,0,1,13
8,832,1,1,0,1,13
8,834,1,1,0,1,13
8,856,1,1,0,0,13
8,859,1,1,0,1,13
8,866,1,1,0,0,13
8,926,1,1,1,0,13
8,939,1,1,0,0,13
8,1002,1,1,0,0,13
8,1003,1,1,0,1,13
8,1013,1,1,0,1,13
8,1017,1,1,0,0,13
8,1043,1,1,0,0,13
8,1060,1,1,0,1,13
8,1071,1,1,0,0,13
8,1104,1,1,0,0,13
8,1118,1,1,1,0,13
8,1142,1,1,0,0,13
8,1143,1,1,1,0,13
8,1144,1,1,0,0,13
8,1157,1,1,1,0,13
8,1162,1,1,0,0,13
8,1167,1,1,0,0,13
8,1171,1,1,0,1,13
8,1187,1,1,0,1,13
8,1196,1,1,0,0,13
8,1201,1,1,0,0,13
8,1203,1,1,0,0,13
8,1229,1,1,0,1,13
8,1243,1,1,0,0,13
8,1251,1,1,0,1,13
8,1253,1,1,0,0,13
8,1288,1,1,0,0,13
8,1302,1,1,0,0,13
8,1333,1,1,0,0,13
8,1392,1,1,0,0,13
8,1394,1,1,0,0,13
8,1418,1,1,0,0,13
8,1447,1,1,0,1,13
8,1567,1,1,0,0,13
8,1611,1,1,0,0,13
8,1638,1,1,0,1,13
8,1653,1,1,0,0,13
8,1660,1,1,0,1,13
8,1729,1,1,0,0,13
8,1732,1,1,1,0,13
8,1748,1,1,0,0,13
8,1751,1,1,0,1,13
8,1758,1,1,0,1,13
8,1760,1,1,0,0,13
8,1766,1,1,0,0,13
8,1777,1,1,0,0,13
8,1798,1,1,0,0,13
8,1850,1,1,1,0,13
8,1852,1,1,1,0,13
8,1863,1,1,1,0,13
8,1870,1,1,0,0,13
8,1882,1,1,0,0,13
8,1884,1,1,0,1,13
8,1923,1,1,0,0,13
8,1927,1,1,0,0,13
8,1930,1,1,0,0,13
8,1931,1,1,0,0,13
8,1934,1,1,0,0,13
8,1935,1,1,0,0,13
8,1981,1,1,0,0,13
8,2026,1,1,0,0,13
8,2061,1,1,0,1,13
8,2085,1,1,0,0,13
8,2091,1,1,0,0,13
8,2097,1,1,0,0,13
8,2136,1,1,0,0,13
8,2143,1,1,0,0,13
8,2162,1,1,0,1,13
8,2202,1,1,0,0,13
8,2249,1,1,0,0,13
8,2281,1,1,1,0,13
8,2298,1,1,0,0,13
8,2334,1,1,0,0,13
8,2350,1,1,0,0,13
8,2356,1,1,0,1,13
8,2367,1,1,1,0,13
8,2388,1,1,0,1,13
8,2407,1,1,0,0,13
8,2412,1,1,0,0,13
8,2429,1,1,0,0,13
8,2430,1,1,0,0,13
8,2458,1,1,0,0,13
8,2459,1,1,1,0,13
8,2472,1,1,0,0,13
8,2474,1,1,0,0,13
8,2483,1,1,0,0,13
8,11,2,1,2,0,14
8,15,2,1,0,1,14
8,33,2,1,0,0,14
8,36,2,1,0,0,14
8,62,2,1,0,0,14
8,83,2,1,0,0,14
8,120,2,1,0,1,14
8,132,2,1,1,0,14
8,136,2,1,0,0,14
8,140,2,1,0,0,14
8,188,2,1,0,0,14
8,193,2,1,1,0,14
8,227,2,1,0,0,14
8,233,2,1,0,1,14
8,242,2,1,0,1,14
8,261,2,1,2,0,14
8,282,2,1,0,0,14
8,297,2,1,0,0,14
8,314,2,1,0,0,14
8,330,2,1,0,1,14
8,359,2,1,0,0,14
8,386,2,1,0,0,14
8,400,2,1,0,0,14
8,427,2,1,0,0,14
8,434,2,1,1,0,14
8,437,2,1,0,0,14
8,439,2,1,2,0,14
8,443,2,1,0,0,14
8,447,2,1,0,1,14
8,471,2,1,0,1,14
8,472,2,1,0,0,14
8,485,2,1,0,0,14
8,492,2,1,0,0,14
8,533,2,1,0,0,14
8,537,2,1,0,1,14
8,565,2,1,0,0,14
8,581,2,1,2,0,14
8,593,2,1,0,0,14
8,613,2,1,0,0,14
8,631,2,1,1,0,14
8,633,2,1,0,0,14
8,640,2,1,0,0,14
8,646,2,1,0,0,14
8,667,2,1,0,0,14
8,686,2,1,0,0,14
8,689,2,1,0,0,14
8,702,2,1,0,0,14
8,711,2,1,0,0,14
8,712,2,1,1,0,14
8,717,2,1,0,0,14
8,724,2,1,0,0,14
8,732,2,1,0,0,14
8,734,2,1,2,0,14
8,739,2,1,0,1,14
8,742,2,1,0,1,14
8,747,2,1,0,0,14
8,753,2,1,0,0,14
8,775,2,1,0,0,14
8,815,2,1,0,0,14
8,817,2,1,0,0,14
8,818,2,1,0,0,14
8,826,2,1,0,0,14
8,858,2,1,0,0,14
8,878,2,1,0,0,14
8,888,2,1,1,0,14
8,893,2,1,0,0,14
8,896,2,1,0,0,14
8,903,2,1,0,0,14
8,916,2,1,0,0,14
8,933,2,1,2,0,14
8,943,2,1,2,0,14
8,953,2,1,0,0,14
8,954,2,1,0,0,14
8,966,2,1,0,0,14
8,976,2,1,0,1,14
8,982,2,1,0,0,14
8,997,2,1,0,0,14
8,1064,2,1,0,0,14
8,1074,2,1,0,0,14
8,1078,2,1,1,0,14
8,1119,2,1,0,0,14
8,1152,2,1,0,1,14
8,1155,2,1,1,0,14
8,1165,2,1,0,0,14
8,1178,2,1,0,0,14
8,1204,2,1,0,0,14
8,1206,2,1,0,0,14
8,1228,2,1,0,0,14
8,1249,2,1,0,1,14
8,1292,2,1,0,0,14
8,1294,2,1,0,0,14
8,1298,2,1,2,0,14
8,1303,2,1,0,0,14
8,1307,2,1,0,0,14
8,1314,2,1,0,1,14
8,1319,2,1,0,0,14
8,1347,2,1,0,0,14
8,1370,2,1,1,0,14
8,1375,2,1,0,0,14
8,1378,2,1,0,0,14
8,1397,2,1,0,1,14
8,1410,2,1,2,0,14
8,1417,2,1,0,0,14
8,1427,2,1,0,1,14
8,1443,2,1,1,0,14
8,1460,2,1,0,0,14
8,1463,2,1,0,0,14
8,1479,2,1,0,0,14
8,1481,2,1,0,1,14
8,1502,2,1,0,0,14
8,1522,2,1,0,0,14
8,1534,2,1,2,0,14
8,1551,2,1,0,0,14
8,1555,2,1,0,0,14
8,1560,2,1,0,0,14
8,1588,2,1,0,0,14
8,1613,2,1,0,0,14
8,1616,2,1,0,1,14
8,1618,2,1,0,0,14
8,1619,2,1,0,0,14
8,1637,2,1,0,0,14
8,1641,2,1,0,0,14
8,1646,2,1,0,0,14
8,1667,2,1,0,0,14
8,1682,2,1,0,0,14
8,1688,2,1,0,0,14
8,1755,2,1,0,1,14
8,1757,2,1,0,0,14
8,1802,2,1,2,0,14
8,1820,2,1,0,0,14
8,1832,2,1,0,1,14
8,1878,2,1,1,0,14
8,1892,2,1,0,0,14
8,1909,2,1,0,0,14
8,1924,2,1,0,0,14
8,1950,2,1,2,0,14
8,1974,2,1,2,0,14
8,1976,2,1,2,0,14
8,1988,2,1,0,0,14
8,1990,2,1,2,0,14
8,2007,2,1,0,0,14
8,2009,2,1,0,0,14
8,2010,2,1,0,0,14
8,2015,2,1,0,0,14
8,2037,2,1,0,1,14
8,2043,2,1,0,1,14
8,2044,2,1,0,1,14
8,2046,2,1,2,0,14
8,2053,2,1,0,0,14
8,2058,2,1,0,0,14
8,2076,2,1,0,0,14
8,2077,2,1,0,0,14
8,2095,2,1,2,0,14
8,2098,2,1,1,0,14
8,2103,2,1,0,0,14
8,2118,2,1,0,1,14
8,2144,2,1,0,0,14
8,2170,2,1,2,0,14
8,2174,2,1,0,0,14
8,2182,2,1,0,0,14
8,2187,2,1,0,0,14
8,2197,2,1,0,0,14
8,2203,2,1,0,0,14
8,2206,2,1,1,0,14
8,2223,2,1,0,0,14
8,2258,2,1,0,1,14
8,2266,2,1,0,0,14
8,2271,2,1,0,0,14
8,2277,2,1,0,0,14
8,2294,2,1,2,0,14
8,2311,2,1,0,0,14
8,2318,2,1,0,0,14
8,2351,2,1,1,0,14
8,2352,2,1,0,0,14
8,2364,2,1,0,0,14
8,2369,2,1,0,0,14
8,2371,2,1,2,0,14
8,2381,2,1,1,0,14
8,2383,2,1,2,0,14
8,2387,2,1,0,1,14
8,2411,2,1,2,0,14
8,2415,2,1,0,0,14
8,2444,2,1,0,0,14
8,2453,2,1,0,0,14
8,2470,2,1,0,0,14
9,10,3,1,0,0,0
9,18,3,1,0,0,0
9,28,3,1,0,0,0
9,44,3,1,0,0,0
9,52,3,1,0,0,0
9,99,3,1,1,0,0
9,116,3,1,0,0,0
9,134,3,1,0,0,0
9,144,3,1,0,0,0
9,155,3,1,0,0,0
9,158,3,1,0,0,0
9,165,3,1,0,1,0
9,196,3,1,0,0,0
9,204,3,1,0,0,0
9,211,3,1,1,0,0
9,213,3,1,0,0,0
9,214,3,1,0,1,0
9,222,3,1,0,0,0
9,228,3,1,0,0,0
9,259,3,1,0,0,0
9,264,3,1,0,0,0
9,266,3,1,0,0,0
9,274,3,1,0,0,0
9,278,3,1,0,0,0
9,280,3,1,0,0,0
9,284,3,1,0,1,0
9,292,3,1,0,0,0
9,303,3,1,0,0,0
9,323,3,1,0,1,0
9,328,3,1,0,0,0
9,331,3,1,0,0,0
9,335,3,1,0,0,0
9,341,3,1,0,0,0
9,371,3,1,0,0,0
9,392,3,1,0,0,0
9,399,3,1,0,0,0
9,411,3,1,0,0,0
9,419,3,1,0,0,0
9,450,3,1,0,0,0
9,508,3,1,0,0,0
9,527,3,1,0,0,0
9,536,3,1,0,0,0
9,545,3,1,0,0,0
9,546,3,1,1,0,0
9,573,3,1,1,0,0
9,582,3,1,0,0,0
9,598,3,1,0,1,0
9,638,3,1,0,0,0
9,641,3,1,0,0,0
9,663,3,1,0,0,0
9,666,3,1,0,0,0
9,668,3,1,0,0,0
9,683,3,1,0,0,0
9,694,3,1,0,0,0
9,725,3,1,0,0,0
9,750,3,1,0,1,0
9,790,3,1,0,0,0
9,824,3,1,0,0,0
9,831,3,1,0,0,0
9,833,3,1,0,0,0
9,836,3,1,1,0,0
9,870,3,1,0,1,0
9,885,3,1,0,1,0
9,891,3,1,0,0,0
9,897,3,1,0,0,0
9,909,3,1,0,0,0
9,951,3,1,0,0,0
9,956,3,1,0,0,0
9,957,3,1,1,0,0
9,958,3,1,0,0,0
9,963,3,1,0,1,0
9,970,3,1,0,0,0
9,977,3,1,1,0,0
9,1001,3,1,1,0,0
9,1042,3,1,0,0,0
9,1052,3,1,0,0,0
9,1066,3,1,0,0,0
9,1085,3,1,0,0,0
9,1100,3,1,0,0,0
9,1163,3,1,0,1,0
9,1166,3,1,0,0,0
9,1179,3,1,0,0,0
9,1186,3,1,0,0,0
9,1214,3,1,1,0,0
9,1231,3,1,0,1,0
9,1245,3,1,1,0,0
9,1260,3,1,0,0,0
9,1261,3,1,0,0,0
9,1277,3,1,1,0,0
9,1283,3,1,0,0,0
9,1316,3,1,0,0,0
9,1330,3,1,0,1,0
9,1356,3,1,0,0,0
9,1390,3,1,0,0,0
9,1398,3,1,1,0,0
9,1406,3,1,0,0,0
9,1408,3,1,0,0,0
9,1440,3,1,0,0,0
9,1452,3,1,1,0,0
9,1468,3,1,0,0,0
9,1475,3,1,0,0,0
9,1478,3,1,0,0,0
9,1483,3,1,0,0,0
9,1499,3,1,0,0,0
9,1507,3,1,0,1,0
9,1510,3,1,0,0,0
9,1513,3,1,0,0,0
9,1523,3,1,0,0,0
9,1529,3,1,0,0,0
9,1535,3,1,0,0,0
9,1543,3,1,0,0,0
9,1558,3,1,0,0,0
9,1561,3,1,0,1,0
9,1577,3,1,0,0,0
9,1584,3,1,0,0,0
9,1594,3,1,0,0,0
9,1604,3,1,0,0,0
9,1614,3,1,0,0,0
9,1617,3,1,0,0,0
9,1632,3,1,1,0,0
9,1662,3,1,0,0,0
9,1664,3,1,0,0,0
9,1698,3,1,0,0,0
9,1699,3,1,0,0,0
9,1762,3,1,0,0,0
9,1780,3,1,1,0,0
9,1782,3,1,0,0,0
9,1821,3,1,0,1,0
9,1825,3,1,0,0,0
9,1829,3,1,0,0,0
9,1833,3,1,0,0,0
9,1836,3,1,0,0,0
9,1840,3,1,0,0,0
9,1843,3,1,0,0,0
9,1845,3,1,0,0,0
9,1846,3,1,0,0,0
9,1876,3,1,0,1,0
9,1894,3,1,0,0,0
9,1895,3,1,0,0,0
9,1900,3,1,0,0,0
9,1917,3,1,1,0,0
9,1918,3,1,0,0,0
9,1943,3,1,0,1,0
9,1946,3,1,0,0,0
9,1954,3,1,0,0,0
9,1961,3,1,0,0,0
9,1966,3,1,0,1,0
9,1975,3,1,0,0,0
9,1983,3,1,0,0,0
9,2016,3,1,0,0,0
9,2032,3,1,0,0,0
9,2049,3,1,1,0,0
9,2052,3,1,0,0,0
9,2054,3,1,0,0,0
9,2073,3,1,0,0,0
9,2087,3,1,0,0,0
9,2104,3,1,0,0,0
9,2113,3,1,0,1,0
9,2121,3,1,1,0,0
9,2142,3,1,0,1,0
9,2173,3,1,0,1,0
9,2177,3,1,0,0,0
9,2185,3,1,0,0,0
9,2186,3,1,0,1,0
9,2211,3,1,0,0,0
9,2217,3,1,0,0,0
9,2221,3,1,1,0,0
9,2230,3,1,0,0,0
9,2243,3,1,0,0,0
9,2247,3,1,0,0,0
9,2262,3,1,0,0,0
9,2282,3,1,0,0,0
9,2301,3,1,0,1,0
9,2312,3,1,0,1,0
9,2315,3,1,1,0,0
9,2316,3,1,1,0,0
9,2326,3,1,0,0,0
9,2343,3,1,0,0,0
9,2345,3,1,0,0,0
9,2375,3,1,0,0,0
9,2382,3,1,0,0,0
9,2394,3,1,0,1,0
9,2397,3,1,1,0,0
9,2408,3,1,0,0,0
9,2409,3,1,0,0,0
9,2419,3,1,0,0,0
9,2449,3,1,0,0,0
9,2452,3,1,0,0,0
9,2467,3,1,0,1,0
9,2493,3,1,0,1,0
9,16,1,1,0,0,1
9,38,1,1,0,0,1
9,72,1,1,0,0,1
9,76,1,1,0,1,1
9,81,1,1,0,0,1
9,92,1,1,0,0,1
9,118,1,1,1,0,1
9,119,1,1,0,0,1
9,125,1,1,0,0,1
9,130,1,1,1,0,1
9,142,1,1,0,0,1
9,190,1,1,0,0,1
9,192,1,1,0,0,1
9,195,1,1,0,0,1
9,199,1,1,1,0,1
9,200,1,1,0,0,1
9,205,1,1,0,0,1
9,216,1,1,0,0,1
9,218,1,1,0,1,1
9,225,1,1,0,0,1
9,232,1,1,0,0,1
9,342,1,1,0,0,1
9,346,1,1,0,0,1
9,353,1,1,0,0,1
9,373,1,1,0,0,1
9,374,1,1,0,1,1
9,381,1,1,1,0,1
9,410,1,1,0,0,1
9,479,1,1,0,0,1
9,490,1,1,0,0,1
9,498,1,1,0,0,1
9,499,1,1,0,0,1
9,511,1,1,0,0,1
9,512,1,1,0,0,1
9,531,1,1,1,0,1
9,566,1,1,0,1,1
9,594,1,1,0,0,1
9,622,1,1,0,0,1
9,651,1,1,0,0,1
9,657,1,1,0,0,1
9,714,1,1,0,0,1
9,743,1,1,1,0,1
9,754,1,1,0,1,1
9,755,1,1,1,0,1
9,757,1,1,0,0,1
9,773,1,1,0,0,1
9,793,1,1,1,0,1
9,798,1,1,0,0,1
9,810,1,1,0,0,1
9,850,1,1,0,0,1
9,853,1,1,1,0,1
9,864,1,1,0,0,1
9,881,1,1,0,0,1
9,895,1,1,0,0,1
9,915,1,1,0,0,1
9,938,1,1,0,1,1
9,948,1,1,0,1,1
9,960,1,1,0,0,1
9,962,1,1,0,1,1
9,965,1,1,0,0,1
9,990,1,1,0,0,1
9,1038,1,1,1,0,1
9,1049,1,1,0,0,1
9,1099,1,1,1,0,1
9,1105,1,1,0,0,1
9,1114,1,1,0,0,1
9,1132,1,1,0,0,1
9,1135,1,1,0,0,1
9,1149,1,1,0,1,1
9,1158,1,1,0,1,1
9,1184,1,1,1,0,1
9,1237,1,1,1,0,1
9,1309,1,1,1,0,1
9,1310,1,1,0,0,1
9,1336,1,1,0,0,1
9,1344,1,1,0,1,1
9,1368,1,1,0,0,1
9,1371,1,1,0,0,1
9,1372,1,1,0,0,1
9,1386,1,1,0,0,1
9,1413,1,1,0,0,1
9,1430,1,1,0,0,1
9,1435,1,1,0,0,1
9,1438,1,1,0,1,1
9,1456,1,1,0,0,1
9,1464,1,1,1,0,1
9,1525,1,1,0,0,1
9,1532,1,1,1,0,1
9,1557,1,1,0,1,1
9,1559,1,1,0,1,1
9,1568,1,1,0,0,1
9,1576,1,1,0,0,1
9,1603,1,1,0,0,1
9,1612,1,1,0,0,1
9,1631,1,1,0,0,1
9,1668,1,1,0,0,1
9,1673,1,1,0,0,1
9,1679,1,1,0,0,1
9,1689,1,1,0,0,1
9,1707,1,1,0,0,1
9,1711,1,1,0,0,1
9,1713,1,1,0,0,1
9,1730,1,1,1,0,1
9,1736,1,1,0,0,1
9,1738,1,1,1,0,1
9,1739,1,1,0,0,1
9,1746,1,1,0,0,1
9,1768,1,1,0,0,1
9,1794,1,1,0,0,1
9,1801,1,1,0,0,1
9,1813,1,1,0,1,1
9,1819,1,1,0,0,1
9,1834,1,1,0,0,1
9,1838,1,1,0,0,1
9,1873,1,1,0,0,1
9,1904,1,1,0,0,1
9,1919,1,1,0,0,1
9,1932,1,1,0,0,1
9,1948,1,1,0,0,1
9,1951,1,1,0,0,1
9,1955,1,1,0,0,1
9,1960,1,1,0,0,1
9,1982,1,1,0,1,1
9,1985,1,1,0,0,1
9,1989,1,1,0,0,1
9,2008,1,1,0,0,1
9,2055,1,1,1,0,1
9,2102,1,1,0,0,1
9,2106,1,1,0,0,1
9,2149,1,1,0,0,1
9,2152,1,1,0,0,1
9,2207,1,1,0,0,1
9,2210,1,1,0,0,1
9,2212,1,1,0,0,1
9,2226,1,1,0,0,1
9,2228,1,1,0,1,1
9,2233,1,1,0,0,1
9,2235,1,1,0,1,1
9,2240,1,1,0,0,1
9,2242,1,1,1,0,1
9,2252,1,1,0,0,1
9,2288,1,1,1,0,1
9,2322,1,1,0,0,1
9,2330,1,1,0,0,1
9,2358,1,1,0,0,1
9,2376,1,1,0,0,1
9,2423,1,1,0,0,1
9,2442,1,1,0,1,1
9,2448,1,1,1,0,1
9,2455,1,1,0,0,1
9,2466,1,1,0,0,1
9,2469,1,1,0,0,1
9,2480,1,1,0,0,1
9,2496,1,1,0,0,1
9,22,1,1,0,0,2
9,46,1,1,0,0,2
9,98,1,1,1,0,2
9,108,1,1,0,0,2
9,111,1,1,0,0,2
9,113,1,1,0,0,2
9,135,1,1,0,0,2
9,168,1,1,1,0,2
9,179,1,1,0,0,2
9,187,1,1,0,0,2
9,212,1,1,0,0,2
9,235,1,1,0,0,2
9,255,1,1,0,0,2
9,296,1,1,0,0,2
9,310,1,1,0,0,2
9,325,1,1,0,0,2
9,329,1,1,0,0,2
9,345,1,1,0,0,2
9,416,1,1,0,0,2
9,438,1,1,0,0,2
9,556,1,1,0,0,2
9,589,1,1,1,0,2
9,628,1,1,0,0,2
9,654,1,1,1,0,2
9,660,1,1,0,0,2
9,673,1,1,0,0,2
9,676,1,1,0,0,2
9,692,1,1,0,0,2
9,719,1,1,0,0,2
9,727,1,1,0,0,2
9,771,1,1,0,0,2
9,797,1,1,0,0,2
9,804,1,1,0,0,2
9,828,1,1,0,0,2
9,838,1,1,0,0,2
9,841,1,1,0,0,2
9,852,1,1,0,0,2
9,865,1,1,0,1,2
9,917,1,1,0,0,2
9,946,1,1,1,0,2
9,998,1,1,1,0,2
9,1005,1,1,0,0,2
9,1024,1,1,0,0,2
9,1032,1,1,0,0,2
9,1057,1,1,0,0,2
9,1072,1,1,0,1,2
9,1101,1,1,0,1,2
9,1134,1,1,0,0,2
9,1156,1,1,1,0,2
9,1177,1,1,0,0,2
9,1181,1,1,1,0,2
9,1183,1,1,0,1,2
9,1190,1,1,1,0,2
9,1200,1,1,0,0,2
9,1220,1,1,0,0,2
9,1227,1,1,0,0,2
9,1246,1,1,0,0,2
9,1265,1,1,0,0,2
9,1280,1,1,0,0,2
9,1315,1,1,0,0,2
9,1338,1,1,0,0,2
9,1355,1,1,0,1,2
9,1366,1,1,0,0,2
9,1374,1,1,0,0,2
9,1393,1,1,0,0,2
9,1412,1,1,0,0,2
9,1446,1,1,0,0,2
9,1486,1,1,0,0,2
9,1498,1,1,0,0,2
9,1501,1,1,1,0,2
9,1505,1,1,0,0,2
9,1514,1,1,0,0,2
9,1518,1,1,0,0,2
9,1524,1,1,0,0,2
9,1536,1,1,0,0,2
9,1582,1,1,0,0,2
9,1600,1,1,0,0,2
9,1626,1,1,0,0,2
9,1670,1,1,0,1,2
9,1686,1,1,0,0,2
9,1690,1,1,0,0,2
9,1741,1,1,0,0,2
9,1764,1,1,0,0,2
9,1771,1,1,0,0,2
9,1785,1,1,0,0,2
9,1830,1,1,0,0,2
9,1837,1,1,0,0,2
9,1848,1,1,0,0,2
9,1874,1,1,1,0,2
9,1887,1,1,0,0,2
9,1922,1,1,0,0,2
9,1942,1,1,0,0,2
9,1958,1,1,0,1,2
9,1979,1,1,0,1,2
9,2006,1,1,0,0,2
9,2018,1,1,0,1,2
9,2040,1,1,0,0,2
9,2041,1,1,0,0,2
9,2056,1,1,0,0,2
9,2057,1,1,0,0,2
9,2062,1,1,0,1,2
9,2071,1,1,0,0,2
9,2078,1,1,0,0,2
9,2110,1,1,0,0,2
9,2138,1,1,0,1,2
9,2147,1,1,0,0,2
9,2245,1,1,0,0,2
9,2278,1,1,0,0,2
9,2290,1,1,0,1,2
9,2306,1,1,0,0,2
9,2354,1,1,0,0,2
9,2357,1,1,0,1,2
9,2362,1,1,0,1,2
9,2368,1,1,0,1,2
9,2402,1,1,0,1,2
9,2416,1,1,0,0,2
9,2417,1,1,1,0,2
9,2441,1,1,1,0,2
9,2460,1,1,0,0,2
9,2465,1,1,1,0,2
9,2491,1,1,0,0,2
9,53,1,1,0,0,3
9,57,1,1,0,0,3
9,66,1,1,0,0,3
9,67,1,1,0,0,3
9,75,1,1,0,1,3
9,101,1,1,0,0,3
9,103,1,1,0,0,3
9,153,1,1,0,1,3
9,156,1,1,1,0,3
9,178,1,1,0,0,3
9,185,1,1,0,0,3
9,194,1,1,0,0,3
9,219,1,1,0,0,3
9,246,1,1,0,0,3
9,248,1,1,0,1,3
9,275,1,1,0,0,3
9,320,1,1,0,0,3
9,326,1,1,0,1,3
9,332,1,1,0,0,3
9,368,1,1,0,0,3
9,387,1,1,0,0,3
9,405,1,1,0,0,3
9,423,1,1,0,0,3
9,433,1,1,0,0,3
9,452,1,1,0,0,3
9,454,1,1,0,0,3
9,468,1,1,0,0,3
9,474,1,1,1,0,3
9,539,1,1,0,0,3
9,540,1,1,0,0,3
9,547,1,1,0,0,3
9,572,1,1,0,0,3
9,574,1,1,0,0,3
9,595,1,1,0,1,3
9,599,1,1,0,0,3
9,601,1,1,0,0,3
9,624,1,1,1,0,3
9,655,1,1,0,0,3
9,656,1,1,0,0,3
9,671,1,1,0,1,3
9,677,1,1,0,0,3
9,685,1,1,0,0,3
9,691,1,1,0,0,3
9,738,1,1,0,0,3
9,741,1,1,0,0,3
9,752,1,1,0,0,3
9,767,1,1,0,1,3
9,776,1,1,0,0,3
9,779,1,1,1,0,3
9,801,1,1,0,0,3
9,807,1,1,0,0,3
9,839,1,1,0,0,3
9,840,1,1,0,0,3
9,844,1,1,0,1,3
9,854,1,1,0,0,3
9,861,1,1,1,0,3
9,862,1,1,0,0,3
9,872,1,1,0,0,3
9,907,1,1,0,1,3
9,914,1,1,1,0,3
9,930,1,1,0,0,3
9,1007,1,1,0,0,3
9,1011,1,1,1,0,3
9,1045,1,1,0,0,3
9,1053,1,1,0,0,3
9,1077,1,1,0,0,3
9,1147,1,1,0,0,3
9,1151,1,1,0,0,3
9,1169,1,1,0,0,3
9,1192,1,1,0,0,3
9,1213,1,1,0,0,3
9,1226,1,1,0,0,3
9,1230,1,1,0,0,3
9,1272,1,1,0,0,3
9,1289,1,1,1,0,3
9,1295,1,1,0,0,3
9,1300,1,1,0,0,3
9,1305,1,1,1,0,3
9,1311,1,1,0,0,3
9,1313,1,1,0,1,3
9,1349,1,1,0,0,3
9,1350,1,1,0,0,3
9,1358,1,1,0,0,3
9,1359,1,1,0,0,3
9,1361,1,1,0,1,3
9,1403,1,1,0,0,3
9,1426,1,1,0,1,3
9,1476,1,1,0,0,3
9,1497,1,1,0,0,3
9,1506,1,1,0,0,3
9,1527,1,1,0,0,3
9,1581,1,1,0,0,3
9,1589,1,1,0,0,3
9,1649,1,1,0,0,3
9,1650,1,1,1,0,3
9,1659,1,1,0,0,3
9,1663,1,1,0,0,3
9,1719,1,1,1,0,3
9,1724,1,1,0,0,3
9,1725,1,1,1,0,3
9,1733,1,1,0,0,3
9,1791,1,1,0,0,3
9,1806,1,1,0,0,3
9,1827,1,1,0,0,3
9,1844,1,1,0,0,3
9,1862,1,1,0,0,3
9,1877,1,1,0,0,3
9,1880,1,1,0,0,3
9,1896,1,1,0,0,3
9,1928,1,1,0,0,3
9,1933,1,1,0,1,3
9,1945,1,1,0,0,3
9,1957,1,1,1,0,3
9,1970,1,1,0,0,3
9,1971,1,1,0,0,3
9,2025,1,1,0,0,3
9,2063,1,1,0,0,3
9,2070,1,1,0,0,3
9,2074,1,1,0,0,3
9,2094,1,1,0,0,3
9,2116,1,1,0,0,3
9,2159,1,1,0,0,3
9,2175,1,1,0,0,3
9,2192,1,1,0,0,3
9,2193,1,1,0,0,3
9,2205,1,1,0,1,3
9,2214,1,1,0,0,3
9,2220,1,1,1,0,3
9,2237,1,1,1,0,3
9,2239,1,1,0,1,3
9,2246,1,1,0,0,3
9,2255,1,1,1,0,3
9,2265,1,1,0,1,3
9,2275,1,1,0,0,3
9,2276,1,1,0,0,3
9,2284,1,1,0,0,3
9,2287,1,1,0,0,3
9,2295,1,1,0,0,3
9,2299,1,1,0,0,3
9,2323,1,1,0,0,3
9,2337,1,1,0,0,3
9,2370,1,1,0,0,3
9,2390,1,1,0,0,3
9,2403,1,1,0,0,3
9,2427,1,1,1,0,3
9,2487,1,1,0,0,3
9,39,1,1,0,0,4
9,80,1,1,1,0,4
9,129,1,1,0,0,4
9,143,1,1,0,0,4
9,183,1,1,0,0,4
9,184,1,1,0,0,4
9,198,1,1,0,1,4
9,217,1,1,0,0,4
9,226,1,1,0,0,4
9,231,1,1,0,0,4
9,250,1,1,0,0,4
9,289,1,1,0,0,4
9,299,1,1,0,0,4
9,305,1,1,0,1,4
9,317,1,1,0,1,4
9,327,1,1,0,1,4
9,358,1,1,0,0,4
9,365,1,1,1,0,4
9,369,1,1,0,0,4
9,375,1,1,0,0,4
9,385,1,1,0,0,4
9,398,1,1,0,0,4
9,408,1,1,0,0,4
9,412,1,1,0,0,4
9,424,1,1,1,0,4
9,425,1,1,0,0,4
9,432,1,1,0,0,4
9,448,1,1,1,0,4
9,462,1,1,0,0,4
9,481,1,1,1,0,4
9,494,1,1,0,0,4
9,500,1,1,0,0,4
9,510,1,1,0,0,4
9,524,1,1,0,1,4
9,530,1,1,1,0,4
9,542,1,1,0,0,4
9,576,1,1,1,0,4
9,586,1,1,0,0,4
9,606,1,1,0,0,4
9,608,1,1,0,0,4
9,626,1,1,1,0,4
9,634,1,1,0,0,4
9,659,1,1,0,0,4
9,662,1,1,0,0,4
9,665,1,1,0,0,4
9,670,1,1,0,0,4
9,675,1,1,0,0,4
9,678,1,1,0,0,4
9,679,1,1,0,0,4
9,680,1,1,1,0,4
9,698,1,1,1,0,4
9,699,1,1,0,0,4
9,716,1,1,0,0,4
9,721,1,1,0,0,4
9,768,1,1,0,0,4
9,855,1,1,1,0,4
9,869,1,1,0,0,4
9,908,1,1,1,0,4
9,913,1,1,0,0,4
9,923,1,1,0,0,4
9,967,1,1,0,0,4
9,1034,1,1,0,0,4
9,1050,1,1,0,0,4
9,1079,1,1,0,0,4
9,1086,1,1,0,0,4
9,1092,1,1,0,0,4
9,1111,1,1,0,0,4
9,1113,1,1,0,0,4
9,1138,1,1,0,1,4
9,1145,1,1,0,0,4
9,1224,1,1,0,1,4
9,1257,1,1,0,0,4
9,1274,1,1,0,0,4
9,1278,1,1,1,0,4
9,1308,1,1,0,0,4
9,1325,1,1,1,0,4
9,1329,1,1,0,0,4
9,1332,1,1,0,0,4
9,1340,1,1,0,1,4
9,1352,1,1,0,0,4
9,1353,1,1,0,0,4
9,1354,1,1,0,0,4
9,1399,1,1,0,0,4
9,1405,1,1,1,0,4
9,1420,1,1,0,1,4
9,1493,1,1,0,0,4
9,1508,1,1,0,0,4
9,1509,1,1,0,0,4
9,1537,1,1,0,0,4
9,1538,1,1,1,0,4
9,1541,1,1,0,0,4
9,1544,1,1,0,0,4
9,1546,1,1,0,0,4
9,1563,1,1,0,0,4
9,1564,1,1,0,1,4
9,1572,1,1,0,0,4
9,1666,1,1,0,0,4
9,1685,1,1,0,0,4
9,1693,1,1,0,0,4
9,1701,1,1,0,0,4
9,1709,1,1,0,0,4
9,1715,1,1,0,0,4
9,1723,1,1,0,1,4
9,1728,1,1,0,0,4
9,1752,1,1,0,0,4
9,1754,1,1,0,1,4
9,1756,1,1,0,0,4
9,1765,1,1,0,0,4
9,1781,1,1,0,0,4
9,1783,1,1,1,0,4
9,1787,1,1,1,0,4
9,1789,1,1,0,0,4
9,1795,1,1,0,0,4
9,1797,1,1,1,0,4
9,1800,1,1,0,0,4
9,1804,1,1,0,1,4
9,1807,1,1,1,0,4
9,1811,1,1,0,0,4
9,1849,1,1,0,0,4
9,1858,1,1,1,0,4
9,1881,1,1,0,0,4
9,1885,1,1,0,0,4
9,1897,1,1,0,0,4
9,1899,1,1,0,0,4
9,1913,1,1,1,0,4
9,1993,1,1,0,0,4
9,2001,1,1,0,0,4
9,2013,1,1,0,1,4
9,2021,1,1,0,0,4
9,2022,1,1,0,1,4
9,2028,1,1,0,0,4
9,2038,1,1,0,0,4
9,2042,1,1,0,0,4
9,2045,1,1,0,0,4
9,2065,1,1,0,0,4
9,2086,1,1,0,0,4
9,2100,1,1,0,0,4
9,2108,1,1,0,0,4
9,2112,1,1,0,0,4
9,2133,1,1,0,1,4
9,2148,1,1,1,0,4
9,2215,1,1,0,0,4
9,2222,1,1,0,0,4
9,2285,1,1,0,0,4
9,2297,1,1,0,0,4
9,2305,1,1,0,1,4
9,2307,1,1,0,0,4
9,2325,1,1,0,0,4
9,2348,1,1,0,0,4
9,2355,1,1,1,0,4
9,2363,1,1,1,0,4
9,2393,1,1,0,0,4
9,2426,1,1,0,0,4
9,2433,1,1,0,1,4
9,2435,1,1,0,0,4
9,2450,1,1,0,0,4
9,2490,1,1,0,0,4
9,9,1,1,0,0,5
9,13,1,1,0,0,5
9,27,1,1,0,0,5
9,54,1,1,0,0,5
9,65,1,1,1,0,5
9,96,1,1,0,1,5
9,112,1,1,0,0,5
9,122,1,1,0,0,5
9,138,1,1,0,0,5
9,139,1,1,0,0,5
9,154,1,1,0,0,5
9,162,1,1,0,0,5
9,163,1,1,1,0,5
9,173,1,1,0,0,5
9,197,1,1,1,0,5
9,229,1,1,0,1,5
9,260,1,1,0,0,5
9,285,1,1,0,0,5
9,290,1,1,0,0,5
9,293,1,1,1,0,5
9,298,1,1,0,0,5
9,301,1,1,0,0,5
9,308,1,1,0,1,5
9,334,1,1,0,1,5
9,343,1,1,0,1,5
9,361,1,1,1,0,5
9,367,1,1,1,0,5
9,394,1,1,0,0,5
9,395,1,1,1,0,5
9,396,1,1,0,1,5
9,426,1,1,0,0,5
9,457,1,1,0,0,5
9,463,1,1,0,0,5
9,486,1,1,0,0,5
9,491,1,1,0,0,5
9,505,1,1,0,0,5
9,506,1,1,0,0,5
9,520,1,1,1,0,5
9,554,1,1,0,0,5
9,559,1,1,0,0,5
9,563,1,1,0,0,5
9,568,1,1,0,1,5
9,578,1,1,0,0,5
9,580,1,1,0,0,5
9,588,1,1,0,1,5
9,592,1,1,1,0,5
9,674,1,1,0,0,5
9,695,1,1,0,0,5
9,697,1,1,0,0,5
9,708,1,1,0,0,5
9,713,1,1,0,0,5
9,756,1,1,0,0,5
9,761,1,1,0,0,5
9,769,1,1,0,0,5
9,774,1,1,1,0,5
9,778,1,1,0,0,5
9,822,1,1,1,0,5
9,835,1,1,0,0,5
9,847,1,1,0,0,5
9,849,1,1,0,0,5
9,879,1,1,0,0,5
9,882,1,1,0,0,5
9,898,1,1,0,0,5
9,901,1,1,0,0,5
9,905,1,1,0,1,5
9,919,1,1,1,0,5
9,936,1,1,0,0,5
9,945,1,1,0,0,5
9,973,1,1,0,0,5
9,992,1,1,0,0,5
9,995,1,1,0,0,5
9,1030,1,1,0,0,5
9,1044,1,1,1,0,5
9,1062,1,1,1,0,5
9,1088,1,1,0,0,5
9,1095,1,1,0,0,5
9,1125,1,1,1,0,5
9,1131,1,1,0,0,5
9,1153,1,1,1,0,5
9,1180,1,1,0,1,5
9,1194,1,1,0,0,5
9,1202,1,1,0,0,5
9,1208,1,1,0,0,5
9,1218,1,1,0,0,5
9,1221,1,1,1,0,5
9,1223,1,1,0,0,5
9,1234,1,1,0,0,5
9,1248,1,1,0,1,5
9,1286,1,1,0,0,5
9,1287,1,1,0,0,5
9,1334,1,1,0,0,5
9,1335,1,1,0,0,5
9,1346,1,1,0,1,5
9,1373,1,1,0,0,5
9,1384,1,1,0,0,5
9,1388,1,1,1,0,5
9,1411,1,1,0,1,5
9,1414,1,1,1,0,5
9,1433,1,1,0,0,5
9,1451,1,1,0,0,5
9,1457,1,1,0,0,5
9,1470,1,1,0,0,5
9,1474,1,1,0,0,5
9,1517,1,1,0,0,5
9,1520,1,1,0,0,5
9,1566,1,1,0,1,5
9,1574,1,1,0,0,5
9,1585,1,1,0,1,5
9,1607,1,1,0,0,5
9,1615,1,1,0,0,5
9,1630,1,1,0,0,5
9,1645,1,1,0,0,5
9,1687,1,1,0,0,5
9,1697,1,1,0,0,5
9,1700,1,1,0,0,5
9,1722,1,1,0,0,5
9,1726,1,1,0,0,5
9,1734,1,1,1,0,5
9,1767,1,1,0,0,5
9,1776,1,1,0,0,5
9,1788,1,1,0,0,5
9,1805,1,1,0,0,5
9,1808,1,1,0,1,5
9,1831,1,1,0,0,5
9,1860,1,1,0,0,5
9,1866,1,1,0,0,5
9,1869,1,1,0,0,5
9,1908,1,1,0,1,5
9,1940,1,1,0,0,5
9,1944,1,1,0,0,5
9,1984,1,1,0,1,5
9,1986,1,1,0,0,5
9,1992,1,1,0,1,5
9,2048,1,1,0,0,5
9,2081,1,1,0,0,5
9,2084,1,1,0,0,5
9,2105,1,1,0,0,5
9,2122,1,1,0,0,5
9,2123,1,1,0,0,5
9,2124,1,1,0,1,5
9,2137,1,1,0,0,5
9,2165,1,1,1,0,5
9,2168,1,1,0,0,5
9,2196,1,1,0,1,5
9,2218,1,1,0,0,5
9,2219,1,1,0,0,5
9,2227,1,1,0,0,5
9,2231,1,1,0,0,5
9,2238,1,1,0,0,5
9,2241,1,1,0,0,5
9,2251,1,1,0,0,5
9,2260,1,1,0,0,5
9,2263,1,1,0,1,5
9,2264,1,1,0,0,5
9,2273,1,1,0,0,5
9,2304,1,1,0,0,5
9,2309,1,1,1,0,5
9,2321,1,1,0,0,5
9,2324,1,1,0,0,5
9,2331,1,1,0,0,5
9,2332,1,1,0,0,5
9,2339,1,1,0,1,5
9,2349,1,1,0,1,5
9,2378,1,1,0,0,5
9,2400,1,1,1,0,5
9,2405,1,1,0,0,5
9,2410,1,1,0,0,5
9,2486,1,1,0,0,5
9,2494,1,1,0,0,5
9,58,3,1,0,0,6
9,64,3,1,0,0,6
9,68,3,1,0,0,6
9,74,3,1,0,0,6
9,85,3,1,0,0,6
9,87,3,1,0,0,6
9,89,3,1,0,0,6
9,95,3,1,0,0,6
9,97,3,1,0,0,6
9,104,3,1,0,0,6
9,105,3,1,0,0,6
9,109,3,1,0,0,6
9,131,3,1,0,0,6
9,147,3,1,0,0,6
9,161,3,1,0,1,6
9,164,3,1,0,0,6
9,215,3,1,0,0,6
9,220,3,1,0,1,6
9,234,3,1,0,0,6
9,244,3,1,0,0,6
9,247,3,1,0,0,6
9,249,3,1,3,0,6
9,252,3,1,3,0,6
9,253,3,1,0,0,6
9,272,3,1,0,0,6
9,291,3,1,0,0,6
9,295,3,1,0,0,6
9,302,3,1,0,0,6
9,307,3,1,0,0,6
9,316,3,1,0,0,6
9,318,3,1,0,0,6
9,336,3,1,0,0,6
9,360,3,1,0,0,6
9,379,3,1,0,0,6
9,384,3,1,0,0,6
9,390,3,1,0,0,6
9,418,3,1,3,0,6
9,428,3,1,0,0,6
9,430,3,1,0,0,6
9,440,3,1,0,0,6
9,456,3,1,0,0,6
9,465,3,1,3,0,6
9,467,3,1,3,0,6
9,475,3,1,0,0,6
9,497,3,1,0,0,6
9,514,3,1,0,0,6
9,515,3,1,3,0,6
9,516,3,1,0,0,6
9,519,3,1,0,0,6
9,526,3,1,0,0,6
9,529,3,1,0,0,6
9,596,3,1,0,0,6
9,609,3,1,0,0,6
9,629,3,1,0,0,6
9,637,3,1,0,0,6
9,644,3,1,0,0,6
9,696,3,1,0,0,6
9,704,3,1,0,0,6
9,715,3,1,0,0,6
9,730,3,1,0,0,6
9,733,3,1,0,0,6
9,749,3,1,0,0,6
9,759,3,1,3,0,6
9,777,3,1,0,1,6
9,781,3,1,0,0,6
9,787,3,1,0,0,6
9,799,3,1,0,1,6
9,800,3,1,0,1,6
9,803,3,1,0,1,6
9,806,3,1,0,0,6
9,816,3,1,0,0,6
9,829,3,1,0,1,6
9,851,3,1,0,0,6
9,860,3,1,0,1,6
9,863,3,1,0,0,6
9,868,3,1,0,0,6
9,871,3,1,0,0,6
9,883,3,1,0,0,6
9,887,3,1,0,0,6
9,889,3,1,0,0,6
9,899,3,1,3,0,6
9,906,3,1,0,0,6
9,918,3,1,1,0,6
9,920,3,1,0,0,6
9,921,3,1,0,0,6
9,955,3,1,3,0,6
9,961,3,1,0,0,6
9,991,3,1,3,0,6
9,993,3,1,0,0,6
9,996,3,1,0,0,6
9,1019,3,1,0,0,6
9,1029,3,1,0,0,6
9,1031,3,1,0,0,6
9,1054,3,1,0,0,6
9,1055,3,1,0,0,6
9,1059,3,1,0,0,6
9,1065,3,1,0,1,6
9,1069,3,1,0,0,6
9,1084,3,1,0,0,6
9,1090,3,1,0,0,6
9,1102,3,1,1,0,6
9,1103,3,1,0,0,6
9,1112,3,1,1,0,6
9,1120,3,1,0,0,6
9,1140,3,1,1,0,6
9,1148,3,1,0,0,6
9,1154,3,1,0,1,6
9,1161,3,1,0,0,6
9,1175,3,1,0,1,6
9,1182,3,1,0,0,6
9,1188,3,1,0,0,6
9,1191,3,1,0,0,6
9,1193,3,1,0,0,6
9,1207,3,1,0,0,6
9,1222,3,1,0,1,6
9,1239,3,1,0,0,6
9,1240,3,1,0,0,6
9,1273,3,1,0,0,6
9,1275,3,1,0,1,6
9,1281,3,1,0,0,6
9,1304,3,1,0,0,6
9,1322,3,1,0,0,6
9,1324,3,1,0,1,6
9,1377,3,1,0,0,6
9,1379,3,1,3,0,6
9,1401,3,1,0,0,6
9,1416,3,1,0,0,6
9,1437,3,1,0,0,6
9,1458,3,1,0,0,6
9,1459,3,1,1,0,6
9,1482,3,1,0,1,6
9,1484,3,1,3,0,6
9,1488,3,1,0,0,6
9,1490,3,1,0,1,6
9,1521,3,1,1,0,6
9,1530,3,1,0,1,6
9,1575,3,1,0,0,6
9,1595,3,1,0,0,6
9,1598,3,1,0,0,6
9,1623,3,1,0,1,6
9,1635,3,1,0,1,6
9,1642,3,1,0,1,6
9,1658,3,1,0,0,6
9,1681,3,1,0,0,6
9,1702,3,1,0,0,6
9,1708,3,1,0,1,6
9,1710,3,1,0,0,6
9,1735,3,1,0,1,6
9,1742,3,1,0,1,6
9,1761,3,1,0,0,6
9,1774,3,1,0,1,6
9,1814,3,1,3,0,6
9,1864,3,1,0,0,6
9,1875,3,1,0,0,6
9,1879,3,1,0,0,6
9,1889,3,1,0,0,6
9,1898,3,1,0,0,6
9,1936,3,1,3,0,6
9,1956,3,1,0,0,6
9,1965,3,1,0,1,6
9,1980,3,1,0,0,6
9,2012,3,1,0,0,6
9,2017,3,1,1,0,6
9,2020,3,1,0,0,6
9,2029,3,1,0,0,6
9,2031,3,1,3,0,6
9,2059,3,1,0,0,6
9,2075,3,1,0,0,6
9,2082,3,1,0,0,6
9,2092,3,1,0,0,6
9,2107,3,1,0,0,6
9,2114,3,1,0,0,6
9,2117,3,1,0,0,6
9,2120,3,1,0,0,6
9,2130,3,1,0,0,6
9,2155,3,1,0,0,6
9,2157,3,1,0,0,6
9,2172,3,1,0,0,6
9,2183,3,1,0,1,6
9,2191,3,1,0,0,6
9,2199,3,1,0,0,6
9,2204,3,1,0,0,6
9,2216,3,1,0,0,6
9,2269,3,1,3,0,6
9,2272,3,1,0,0,6
9,2286,3,1,0,1,6
9,2300,3,1,0,0,6
9,2333,3,1,0,0,6
9,2335,3,1,0,0,6
9,2380,3,1,0,0,6
9,2385,3,1,0,0,6
9,2399,3,1,0,0,6
9,2418,3,1,0,1,6
9,2421,3,1,0,0,6
9,2475,3,1,0,0,6
9,2477,3,1,0,1,6
9,2495,3,1,0,1,6
9,2499,3,1,3,0,6
9,17,3,1,0,0,7
9,25,3,1,0,0,7
9,47,3,1,3,0,7
9,110,3,1,0,0,7
9,121,3,1,0,0,7
9,126,3,1,3,0,7
9,141,3,1,0,0,7
9,148,3,1,0,0,7
9,159,3,1,0,1,7
9,170,3,1,0,0,7
9,172,3,1,0,1,7
9,186,3,1,0,0,7
9,238,3,1,0,0,7
9,251,3,1,0,1,7
9,270,3,1,0,0,7
9,287,3,1,0,0,7
9,324,3,1,0,0,7
9,348,3,1,0,0,7
9,356,3,1,0,0,7
9,370,3,1,0,0,7
9,377,3,1,0,0,7
9,383,3,1,0,0,7
9,389,3,1,0,0,7
9,391,3,1,0,0,7
9,401,3,1,3,0,7
9,476,3,1,0,0,7
9,483,3,1,0,1,7
9,487,3,1,0,0,7
9,504,3,1,0,0,7
9,513,3,1,0,0,7
9,521,3,1,0,0,7
9,522,3,1,0,0,7
9,534,3,1,0,0,7
9,552,3,1,0,0,7
9,562,3,1,0,0,7
9,603,3,1,0,0,7
9,604,3,1,0,0,7
9,621,3,1,0,0,7
9,625,3,1,3,0,7
9,684,3,1,0,0,7
9,722,3,1,0,0,7
9,745,3,1,0,0,7
9,758,3,1,0,1,7
9,780,3,1,3,0,7
9,783,3,1,0,0,7
9,811,3,1,0,0,7
9,820,3,1,0,1,7
9,876,3,1,3,0,7
9,894,3,1,0,0,7
9,900,3,1,0,0,7
9,912,3,1,3,0,7
9,934,3,1,0,0,7
9,937,3,1,0,0,7
9,941,3,1,0,0,7
9,942,3,1,0,1,7
9,964,3,1,0,1,7
9,975,3,1,0,0,7
9,1009,3,1,0,0,7
9,1040,3,1,0,0,7
9,1076,3,1,0,0,7
9,1082,3,1,0,0,7
9,1096,3,1,0,0,7
9,1109,3,1,0,0,7
9,1128,3,1,0,0,7
9,1129,3,1,0,0,7
9,1146,3,1,0,0,7
9,1170,3,1,0,0,7
9,1176,3,1,0,1,7
9,1195,3,1,0,0,7
9,1219,3,1,0,0,7
9,1264,3,1,3,0,7
9,1279,3,1,0,0,7
9,1297,3,1,0,0,7
9,1301,3,1,0,1,7
9,1381,3,1,0,0,7
9,1415,3,1,0,0,7
9,1445,3,1,0,0,7
9,1519,3,1,0,0,7
9,1526,3,1,0,0,7
9,1533,3,1,0,0,7
9,1540,3,1,0,0,7
9,1554,3,1,0,0,7
9,1556,3,1,0,0,7
9,1578,3,1,3,0,7
9,1579,3,1,0,1,7
9,1596,3,1,0,0,7
9,1599,3,1,0,0,7
9,1678,3,1,1,0,7
9,1692,3,1,0,0,7
9,1694,3,1,0,0,7
9,1718,3,1,3,0,7
9,1778,3,1,0,0,7
9,1784,3,1,0,0,7
9,1792,3,1,0,0,7
9,1793,3,1,3,0,7
9,1841,3,1,0,0,7
9,1851,3,1,3,0,7
9,1972,3,1,0,0,7
9,1978,3,1,0,0,7
9,2000,3,1,3,0,7
9,2003,3,1,0,0,7
9,2033,3,1,0,1,7
9,2034,3,1,0,0,7
9,2083,3,1,0,1,7
9,2128,3,1,0,0,7
9,2160,3,1,0,0,7
9,2163,3,1,0,0,7
9,2209,3,1,0,0,7
9,2232,3,1,0,1,7
9,2234,3,1,1,0,7
9,2236,3,1,0,0,7
9,2254,3,1,0,0,7
9,2267,3,1,0,0,7
9,2320,3,1,0,0,7
9,2340,3,1,0,0,7
9,2346,3,1,0,0,7
9,2361,3,1,0,0,7
9,2365,3,1,3,0,7
9,2372,3,1,0,1,7
9,2373,3,1,0,0,7
9,2432,3,1,0,0,7
9,2461,3,1,0,0,7
9,2464,3,1,0,0,7
9,2479,3,1,0,0,7
9,2482,3,1,0,0,7
9,2484,3,1,0,0,7
9,3,1,1,1,0,8
9,40,1,1,0,0,8
9,41,1,1,0,0,8
9,49,1,1,0,0,8
9,70,1,1,0,0,8
9,82,1,1,0,0,8
9,84,1,1,0,0,8
9,90,1,1,0,0,8
9,115,1,1,0,0,8
9,128,1,1,0,0,8
9,137,1,1,0,0,8
9,202,1,1,1,0,8
9,230,1,1,0,0,8
9,243,1,1,1,0,8
9,256,1,1,0,0,8
9,263,1,1,0,0,8
9,267,1,1,0,0,8
9,304,1,1,0,0,8
9,321,1,1,0,0,8
9,337,1,1,1,0,8
9,349,1,1,0,1,8
9,362,1,1,0,0,8
9,380,1,1,0,1,8
9,406,1,1,0,0,8
9,441,1,1,0,0,8
9,445,1,1,1,0,8
9,460,1,1,0,0,8
9,493,1,1,0,0,8
9,496,1,1,1,0,8
9,501,1,1,1,0,8
9,543,1,1,0,0,8
9,548,1,1,0,1,8
9,557,1,1,1,0,8
9,590,1,1,1,0,8
9,605,1,1,0,0,8
9,639,1,1,0,0,8
9,653,1,1,0,0,8
9,661,1,1,1,0,8
9,701,1,1,0,0,8
9,706,1,1,1,0,8
9,707,1,1,0,0,8
9,726,1,1,0,0,8
9,728,1,1,0,0,8
9,740,1,1,0,0,8
9,764,1,1,0,0,8
9,788,1,1,0,0,8
9,808,1,1,0,0,8
9,823,1,1,0,1,8
9,827,1,1,0,0,8
9,877,1,1,0,0,8
9,880,1,1,1,0,8
9,892,1,1,0,0,8
9,981,1,1,0,1,8
9,987,1,1,0,0,8
9,994,1,1,0,0,8
9,1018,1,1,0,0,8
9,1023,1,1,1,0,8
9,1046,1,1,0,0,8
9,1047,1,1,0,1,8
9,1073,1,1,0,0,8
9,1106,1,1,0,0,8
9,1136,1,1,0,0,8
9,1168,1,1,0,0,8
9,1197,1,1,0,0,8
9,1199,1,1,0,0,8
9,1205,1,1,0,0,8
9,1242,1,1,0,0,8
9,1252,1,1,0,0,8
9,1268,1,1,0,0,8
9,1269,1,1,0,0,8
9,1276,1,1,0,0,8
9,1284,1,1,1,0,8
9,1291,1,1,0,0,8
9,1323,1,1,1,0,8
9,1328,1,1,0,0,8
9,1331,1,1,1,0,8
9,1360,1,1,0,1,8
9,1363,1,1,0,0,8
9,1367,1,1,0,1,8
9,1395,1,1,0,0,8
9,1419,1,1,0,0,8
9,1454,1,1,0,1,8
9,1462,1,1,0,0,8
9,1466,1,1,0,0,8
9,1472,1,1,0,0,8
9,1512,1,1,1,0,8
9,1531,1,1,0,1,8
9,1549,1,1,0,0,8
9,1552,1,1,0,0,8
9,1571,1,1,0,0,8
9,1625,1,1,0,0,8
9,1636,1,1,0,0,8
9,1665,1,1,0,0,8
9,1675,1,1,0,0,8
9,1705,1,1,0,1,8
9,1706,1,1,0,0,8
9,1717,1,1,0,0,8
9,1720,1,1,1,0,8
9,1737,1,1,0,1,8
9,1740,1,1,0,0,8
9,1790,1,1,0,0,8
9,1799,1,1,0,0,8
9,1822,1,1,0,0,8
9,1842,1,1,1,0,8
9,1856,1,1,0,0,8
9,1861,1,1,0,0,8
9,1902,1,1,0,0,8
9,1926,1,1,0,1,8
9,1937,1,1,0,1,8
9,1959,1,1,0,0,8
9,2002,1,1,0,0,8
9,2004,1,1,0,0,8
9,2050,1,1,0,0,8
9,2051,1,1,0,0,8
9,2060,1,1,0,1,8
9,2127,1,1,1,0,8
9,2129,1,1,0,0,8
9,2145,1,1,0,0,8
9,2167,1,1,0,1,8
9,2171,1,1,1,0,8
9,2261,1,1,0,0,8
9,2291,1,1,1,0,8
9,2308,1,1,0,0,8
9,2338,1,1,0,1,8
9,2401,1,1,0,0,8
9,2404,1,1,0,0,8
9,2431,1,1,1,0,8
9,2481,1,1,1,0,8
9,2489,1,1,0,0,8
9,1,3,1,0,0,9
9,2,3,1,0,0,9
9,4,3,1,0,0,9
9,14,3,1,0,1,9
9,24,3,1,0,0,9
9,30,3,1,0,0,9
9,31,3,1,0,0,9
9,35,3,1,0,0,9
9,37,3,1,0,0,9
9,42,3,1,0,0,9
9,51,3,1,0,0,9
9,56,3,1,3,0,9
9,59,3,1,3,0,9
9,91,3,1,0,0,9
9,93,3,1,0,0,9
9,124,3,1,3,0,9
9,149,3,1,3,0,9
9,169,3,1,0,1,9
9,175,3,1,3,0,9
9,176,3,1,0,0,9
9,177,3,1,0,0,9
9,189,3,1,0,0,9
9,203,3,1,0,0,9
9,257,3,1,0,0,9
9,309,3,1,0,1,9
9,311,3,1,1,0,9
9,340,3,1,0,0,9
9,354,3,1,0,1,9
9,355,3,1,0,0,9
9,357,3,1,0,0,9
9,402,3,1,0,0,9
9,403,3,1,0,0,9
9,415,3,1,0,0,9
9,420,3,1,0,0,9
9,442,3,1,0,0,9
9,446,3,1,0,0,9
9,458,3,1,0,0,9
9,461,3,1,0,0,9
9,489,3,1,0,0,9
9,503,3,1,0,0,9
9,528,3,1,0,0,9
9,532,3,1,1,0,9
9,551,3,1,0,0,9
9,555,3,1,0,0,9
9,607,3,1,0,1,9
9,610,3,1,0,0,9
9,611,3,1,0,1,9
9,614,3,1,1,0,9
9,615,3,1,1,0,9
9,623,3,1,0,0,9
9,664,3,1,0,0,9
9,669,3,1,0,0,9
9,687,3,1,1,0,9
9,693,3,1,0,0,9
9,710,3,1,0,0,9
9,718,3,1,0,1,9
9,731,3,1,0,0,9
9,735,3,1,3,0,9
9,748,3,1,0,0,9
9,763,3,1,0,0,9
9,786,3,1,0,0,9
9,791,3,1,0,0,9
9,792,3,1,0,0,9
9,805,3,1,0,0,9
9,819,3,1,0,1,9
9,821,3,1,0,0,9
9,857,3,1,0,0,9
9,890,3,1,0,1,9
9,910,3,1,0,0,9
9,932,3,1,0,0,9
9,935,3,1,0,0,9
9,940,3,1,0,0,9
9,959,3,1,3,0,9
9,971,3,1,0,0,9
9,983,3,1,3,0,9
9,986,3,1,0,0,9
9,988,3,1,0,0,9
9,989,3,1,0,0,9
9,1000,3,1,0,0,9
9,1004,3,1,0,0,9
9,1006,3,1,0,0,9
9,1021,3,1,0,0,9
9,1028,3,1,1,0,9
9,1037,3,1,0,1,9
9,1056,3,1,0,1,9
9,1061,3,1,0,0,9
9,1067,3,1,0,1,9
9,1075,3,1,0,0,9
9,1080,3,1,0,0,9
9,1087,3,1,0,0,9
9,1091,3,1,0,0,9
9,1098,3,1,0,0,9
9,1108,3,1,0,0,9
9,1110,3,1,0,0,9
9,1123,3,1,0,0,9
9,1139,3,1,0,1,9
9,1141,3,1,0,0,9
9,1164,3,1,0,0,9
9,1210,3,1,0,0,9
9,1232,3,1,0,1,9
9,1235,3,1,0,0,9
9,1238,3,1,0,0,9
9,1254,3,1,0,0,9
9,1299,3,1,3,0,9
9,1306,3,1,0,0,9
9,1342,3,1,0,0,9
9,1365,3,1,0,0,9
9,1369,3,1,0,0,9
9,1380,3,1,0,0,9
9,1400,3,1,3,0,9
9,1402,3,1,1,0,9
9,1422,3,1,0,0,9
9,1439,3,1,0,1,9
9,1444,3,1,0,0,9
9,1450,3,1,0,1,9
9,1461,3,1,0,0,9
9,1467,3,1,0,0,9
9,1469,3,1,0,0,9
9,1477,3,1,0,0,9
9,1480,3,1,0,1,9
9,1489,3,1,0,0,9
9,1495,3,1,0,0,9
9,1500,3,1,3,0,9
9,1528,3,1,0,0,9
9,1586,3,1,0,0,9
9,1590,3,1,0,0,9
9,1592,3,1,0,0,9
9,1605,3,1,0,0,9
9,1621,3,1,0,0,9
9,1622,3,1,0,0,9
9,1624,3,1,0,0,9
9,1639,3,1,0,0,9
9,1640,3,1,0,0,9
9,1651,3,1,0,0,9
9,1655,3,1,1,0,9
9,1684,3,1,0,0,9
9,1727,3,1,0,0,9
9,1775,3,1,0,0,9
9,1810,3,1,0,0,9
9,1812,3,1,0,0,9
9,1816,3,1,3,0,9
9,1828,3,1,1,0,9
9,1835,3,1,0,0,9
9,1853,3,1,0,0,9
9,1855,3,1,3,0,9
9,1857,3,1,0,0,9
9,1859,3,1,0,0,9
9,1890,3,1,0,0,9
9,1893,3,1,0,0,9
9,1907,3,1,0,0,9
9,1915,3,1,0,0,9
9,1964,3,1,0,0,9
9,1967,3,1,0,0,9
9,1996,3,1,0,0,9
9,1999,3,1,0,0,9
9,2005,3,1,0,1,9
9,2023,3,1,0,0,9
9,2067,3,1,0,0,9
9,2068,3,1,0,0,9
9,2072,3,1,0,0,9
9,2088,3,1,0,1,9
9,2093,3,1,0,0,9
9,2099,3,1,0,1,9
9,2125,3,1,0,1,9
9,2146,3,1,0,0,9
9,2151,3,1,0,1,9
9,2156,3,1,0,0,9
9,2164,3,1,0,0,9
9,2176,3,1,0,0,9
9,2178,3,1,3,0,9
9,2244,3,1,0,1,9
9,2256,3,1,0,0,9
9,2268,3,1,0,1,9
9,2280,3,1,0,0,9
9,2283,3,1,0,0,9
9,2293,3,1,0,0,9
9,2296,3,1,0,0,9
9,2303,3,1,3,0,9
9,2328,3,1,1,0,9
9,2329,3,1,0,0,9
9,2342,3,1,0,0,9
9,2360,3,1,3,0,9
9,2389,3,1,0,0,9
9,2392,3,1,0,0,9
9,2406,3,1,0,0,9
9,2424,3,1,1,0,9
9,2437,3,1,0,0,9
9,2443,3,1,0,0,9
9,2451,3,1,1,0,9
9,2456,3,1,0,0,9
9,2462,3,1,3,0,9
9,2473,3,1,0,0,9
9,2476,3,1,0,0,9
9,2488,3,1,1,0,9
9,20,1,3,0,0,10
9,60,1,3,0,0,10
9,157,1,3,0,0,10
9,180,1,3,0,0,10
9,181,1,3,0,0,10
9,237,1,3,0,0,10
9,279,1,3,0,3,10
9,283,1,3,0,0,10
9,286,1,3,0,0,10
9,294,1,3,0,0,10
9,313,1,3,0,1,10
9,338,1,3,0,0,10
9,347,1,3,0,0,10
9,366,1,3,0,3,10
9,382,1,3,0,0,10
9,414,1,3,1,0,10
9,444,1,3,0,0,10
9,453,1,3,0,0,10
9,455,1,3,0,3,10
9,459,1,3,0,0,10
9,469,1,3,0,0,10
9,477,1,3,0,0,10
9,478,1,3,0,0,10
9,482,1,3,0,0,10
9,507,1,3,1,0,10
9,517,1,3,0,0,10
9,523,1,3,0,0,10
9,553,1,3,0,0,10
9,569,1,3,0,0,10
9,602,1,3,0,0,10
9,619,1,3,0,0,10
9,642,1,3,0,0,10
9,648,1,3,0,0,10
9,682,1,3,0,0,10
9,703,1,3,0,0,10
9,720,1,3,0,0,10
9,723,1,3,1,0,10
9,782,1,3,0,0,10
9,796,1,3,0,1,10
9,814,1,3,0,0,10
9,848,1,3,0,0,10
9,867,1,3,0,0,10
9,886,1,3,0,0,10
9,925,1,3,0,0,10
9,927,1,3,0,0,10
9,928,1,3,0,0,10
9,979,1,3,1,0,10
9,980,1,3,0,0,10
9,1010,1,3,0,0,10
9,1015,1,3,0,0,10
9,1022,1,3,0,0,10
9,1039,1,3,1,0,10
9,1048,1,3,0,0,10
9,1063,1,3,0,0,10
9,1070,1,3,0,0,10
9,1115,1,3,0,3,10
9,1122,1,3,0,0,10
9,1150,1,3,0,3,10
9,1159,1,3,0,0,10
9,1160,1,3,0,0,10
9,1173,1,3,0,0,10
9,1174,1,3,0,0,10
9,1211,1,3,0,0,10
9,1217,1,3,0,0,10
9,1225,1,3,1,0,10
9,1241,1,3,0,0,10
9,1312,1,3,0,0,10
9,1317,1,3,0,0,10
9,1320,1,3,0,0,10
9,1327,1,3,0,3,10
9,1337,1,3,0,0,10
9,1357,1,3,0,1,10
9,1376,1,3,0,3,10
9,1383,1,3,0,0,10
9,1385,1,3,0,0,10
9,1396,1,3,1,0,10
9,1423,1,3,0,0,10
9,1431,1,3,0,0,10
9,1432,1,3,0,0,10
9,1434,1,3,0,0,10
9,1448,1,3,0,0,10
9,1449,1,3,0,0,10
9,1465,1,3,0,0,10
9,1473,1,3,0,0,10
9,1485,1,3,0,0,10
9,1487,1,3,0,0,10
9,1491,1,3,0,0,10
9,1504,1,3,0,0,10
9,1511,1,3,0,1,10
9,1570,1,3,0,0,10
9,1587,1,3,0,0,10
9,1591,1,3,0,0,10
9,1648,1,3,0,0,10
9,1654,1,3,0,0,10
9,1680,1,3,0,0,10
9,1714,1,3,0,0,10
9,1770,1,3,0,0,10
9,1786,1,3,0,0,10
9,1865,1,3,0,0,10
9,1871,1,3,0,0,10
9,1886,1,3,0,0,10
9,1888,1,3,0,0,10
9,1901,1,3,0,0,10
9,1903,1,3,0,0,10
9,1905,1,3,0,0,10
9,1949,1,3,0,0,10
9,1953,1,3,0,3,10
9,1994,1,3,0,0,10
9,2089,1,3,0,0,10
9,2109,1,3,0,0,10
9,2134,1,3,0,0,10
9,2140,1,3,0,0,10
9,2141,1,3,0,0,10
9,2169,1,3,0,3,10
9,2194,1,3,1,0,10
9,2198,1,3,0,0,10
9,2208,1,3,0,0,10
9,2250,1,3,0,0,10
9,2270,1,3,1,0,10
9,2292,1,3,0,0,10
9,2314,1,3,0,3,10
9,2341,1,3,0,0,10
9,2347,1,3,0,0,10
9,2374,1,3,0,0,10
9,2384,1,3,0,0,10
9,2395,1,3,0,0,10
9,2445,1,3,0,0,10
9,2457,1,3,0,0,10
9,2468,1,3,0,0,10
9,2485,1,3,0,0,10
9,0,1,1,0,0,11
9,5,1,1,0,0,11
9,7,1,1,0,0,11
9,8,1,1,0,0,11
9,19,1,1,0,0,11
9,21,1,1,0,0,11
9,23,1,1,0,0,11
9,34,1,1,0,1,11
9,43,1,1,0,0,11
9,48,1,1,0,0,11
9,50,1,1,0,0,11
9,55,1,1,0,0,11
9,63,1,1,0,0,11
9,71,1,1,0,0,11
9,86,1,1,0,0,11
9,88,1,1,1,0,11
9,106,1,1,0,0,11
9,107,1,1,0,0,11
9,160,1,1,0,0,11
9,167,1,1,1,0,11
9,182,1,1,0,1,11
9,191,1,1,0,0,11
9,221,1,1,0,0,11
9,236,1,1,0,0,11
9,241,1,1,1,0,11
9,254,1,1,0,1,11
9,258,1,1,1,0,11
9,262,1,1,0,0,11
9,269,1,1,0,0,11
9,273,1,1,0,0,11
9,276,1,1,1,0,11
9,281,1,1,0,0,11
9,288,1,1,1,0,11
9,306,1,1,0,0,11
9,312,1,1,0,0,11
9,315,1,1,0,1,11
9,333,1,1,0,0,11
9,339,1,1,0,0,11
9,344,1,1,0,0,11
9,352,1,1,0,0,11
9,364,1,1,1,0,11
9,372,1,1,1,0,11
9,388,1,1,0,0,11
9,397,1,1,1,0,11
9,404,1,1,0,0,11
9,407,1,1,0,0,11
9,409,1,1,0,0,11
9,417,1,1,1,0,11
9,421,1,1,0,0,11
9,431,1,1,0,0,11
9,436,1,1,0,0,11
9,464,1,1,0,1,11
9,470,1,1,0,0,11
9,488,1,1,0,0,11
9,509,1,1,0,0,11
9,525,1,1,0,0,11
9,538,1,1,0,0,11
9,550,1,1,0,0,11
9,560,1,1,0,0,11
9,561,1,1,1,0,11
9,577,1,1,0,0,11
9,579,1,1,0,0,11
9,620,1,1,0,1,11
9,630,1,1,0,0,11
9,632,1,1,0,0,11
9,635,1,1,0,0,11
9,643,1,1,0,1,11
9,647,1,1,1,0,11
9,649,1,1,0,1,11
9,650,1,1,0,0,11
9,658,1,1,0,0,11
9,672,1,1,0,1,11
9,700,1,1,0,0,11
9,709,1,1,1,0,11
9,744,1,1,1,0,11
9,751,1,1,0,0,11
9,760,1,1,0,0,11
9,762,1,1,0,0,11
9,784,1,1,0,0,11
9,785,1,1,1,0,11
9,789,1,1,1,0,11
9,802,1,1,1,0,11
9,809,1,1,0,0,11
9,825,1,1,0,0,11
9,837,1,1,0,0,11
9,873,1,1,0,1,11
9,874,1,1,0,0,11
9,875,1,1,0,0,11
9,884,1,1,0,0,11
9,902,1,1,0,0,11
9,904,1,1,1,0,11
9,911,1,1,0,0,11
9,922,1,1,1,0,11
9,924,1,1,0,0,11
9,944,1,1,1,0,11
9,952,1,1,0,0,11
9,972,1,1,0,0,11
9,974,1,1,0,0,11
9,978,1,1,0,1,11
9,985,1,1,0,0,11
9,999,1,1,0,0,11
9,1008,1,1,0,0,11
9,1012,1,1,0,0,11
9,1016,1,1,0,1,11
9,1026,1,1,0,0,11
9,1027,1,1,0,0,11
9,1033,1,1,1,0,11
9,1041,1,1,0,0,11
9,1051,1,1,0,0,11
9,1083,1,1,0,1,11
9,1093,1,1,0,0,11
9,1094,1,1,0,1,11
9,1097,1,1,0,0,11
9,1126,1,1,1,0,11
9,1127,1,1,0,0,11
9,1133,1,1,0,0,11
9,1172,1,1,0,0,11
9,1212,1,1,1,0,11
9,1215,1,1,0,0,11
9,1216,1,1,0,0,11
9,1233,1,1,0,0,11
9,1236,1,1,0,1,11
9,1244,1,1,0,0,11
9,1247,1,1,0,0,11
9,1250,1,1,0,0,11
9,1255,1,1,0,0,11
9,1256,1,1,0,0,11
9,1259,1,1,0,0,11
9,1263,1,1,0,0,11
9,1266,1,1,0,1,11
9,1270,1,1,0,0,11
9,1271,1,1,0,1,11
9,1285,1,1,0,0,11
9,1290,1,1,0,0,11
9,1293,1,1,0,0,11
9,1318,1,1,0,0,11
9,1339,1,1,0,0,11
9,1343,1,1,0,0,11
9,1351,1,1,0,0,11
9,1364,1,1,0,0,11
9,1382,1,1,0,1,11
9,1387,1,1,0,0,11
9,1389,1,1,0,0,11
9,1391,1,1,0,0,11
9,1404,1,1,0,0,11
9,1407,1,1,0,1,11
9,1409,1,1,0,0,11
9,1425,1,1,0,0,11
9,1428,1,1,0,1,11
9,1436,1,1,0,0,11
9,1441,1,1,1,0,11
9,1442,1,1,0,0,11
9,1453,1,1,0,0,11
9,1471,1,1,1,0,11
9,1492,1,1,0,1,11
9,1494,1,1,0,0,11
9,1516,1,1,0,0,11
9,1542,1,1,0,0,11
9,1550,1,1,0,0,11
9,1565,1,1,0,0,11
9,1569,1,1,0,1,11
9,1573,1,1,0,0,11
9,1580,1,1,1,0,11
9,1593,1,1,0,0,11
9,1602,1,1,0,1,11
9,1606,1,1,1,0,11
9,1609,1,1,0,1,11
9,1610,1,1,0,0,11
9,1620,1,1,0,1,11
9,1628,1,1,0,0,11
9,1629,1,1,0,0,11
9,1634,1,1,0,0,11
9,1643,1,1,0,0,11
9,1652,1,1,0,0,11
9,1656,1,1,1,0,11
9,1661,1,1,1,0,11
9,1669,1,1,0,0,11
9,1671,1,1,0,0,11
9,1674,1,1,1,0,11
9,1676,1,1,0,1,11
9,1683,1,1,0,0,11
9,1695,1,1,0,0,11
9,1696,1,1,0,0,11
9,1703,1,1,0,0,11
9,1704,1,1,0,0,11
9,1712,1,1,0,0,11
9,1721,1,1,0,0,11
9,1731,1,1,0,1,11
9,1743,1,1,0,0,11
9,1745,1,1,0,0,11
9,1747,1,1,0,0,11
9,1750,1,1,0,0,11
9,1753,1,1,0,0,11
9,1759,1,1,0,0,11
9,1772,1,1,0,0,11
9,1809,1,1,0,0,11
9,1823,1,1,1,0,11
9,1826,1,1,0,0,11
9,1854,1,1,0,0,11
9,1867,1,1,0,0,11
9,1883,1,1,0,0,11
9,1891,1,1,0,0,11
9,1906,1,1,0,0,11
9,1910,1,1,0,1,11
9,1912,1,1,0,0,11
9,1914,1,1,0,0,11
9,1916,1,1,0,0,11
9,1921,1,1,0,0,11
9,1939,1,1,0,0,11
9,1947,1,1,0,0,11
9,1962,1,1,0,0,11
9,1963,1,1,0,0,11
9,1969,1,1,1,0,11
9,1973,1,1,0,0,11
9,1991,1,1,0,0,11
9,1995,1,1,0,1,11
9,1998,1,1,0,0,11
9,2019,1,1,0,1,11
9,2024,1,1,0,1,11
9,2027,1,1,1,0,11
9,2030,1,1,0,0,11
9,2035,1,1,0,0,11
9,2036,1,1,0,0,11
9,2047,1,1,0,1,11
9,2066,1,1,0,1,11
9,2080,1,1,0,0,11
9,2096,1,1,0,0,11
9,2101,1,1,1,0,11
9,2111,1,1,0,0,11
9,2126,1,1,0,0,11
9,2131,1,1,0,1,11
9,2135,1,1,0,0,11
9,2153,1,1,0,0,11
9,2154,1,1,0,0,11
9,2158,1,1,0,0,11
9,2161,1,1,0,0,11
9,2166,1,1,0,0,11
9,2180,1,1,0,1,11
9,2181,1,1,0,0,11
9,2184,1,1,1,0,11
9,2189,1,1,1,0,11
9,2195,1,1,0,0,11
9,2200,1,1,1,0,11
9,2201,1,1,0,0,11
9,2213,1,1,0,0,11
9,2224,1,1,1,0,11
9,2225,1,1,0,0,11
9,2229,1,1,0,0,11
9,2253,1,1,0,0,11
9,2302,1,1,0,0,11
9,2310,1,1,1,0,11
9,2313,1,1,0,0,11
9,2317,1,1,1,0,11
9,2319,1,1,1,0,11
9,2327,1,1,0,0,11
9,2344,1,1,0,0,11
9,2359,1,1,0,0,11
9,2377,1,1,1,0,11
9,2379,1,1,0,0,11
9,2386,1,1,0,0,11
9,2391,1,1,0,1,11
9,2398,1,1,0,0,11
9,2414,1,1,0,0,11
9,2422,1,1,0,1,11
9,2428,1,1,0,0,11
9,2434,1,1,0,0,11
9,2436,1,1,0,1,11
9,2439,1,1,0,0,11
9,2440,1,1,0,0,11
9,2446,1,1,0,0,11
9,2463,1,1,1,0,11
9,2471,1,1,0,0,11
9,2497,1,1,0,0,11
9,6,1,1,0,0,12
9,29,1,1,0,0,12
9,45,1,1,0,0,12
9,61,1,1,0,0,12
9,69,1,1,0,0,12
9,73,1,1,0,0,12
9,100,1,1,0,0,12
9,102,1,1,1,0,12
9,114,1,1,0,1,12
9,133,1,1,0,1,12
9,145,1,1,0,1,12
9,150,1,1,0,0,12
9,166,1,1,0,0,12
9,174,1,1,0,0,12
9,201,1,1,0,0,12
9,206,1,1,0,0,12
9,208,1,1,0,0,12
9,209,1,1,0,0,12
9,210,1,1,0,0,12
9,223,1,1,0,0,12
9,224,1,1,0,0,12
9,239,1,1,1,0,12
9,245,1,1,0,0,12
9,265,1,1,0,0,12
9,268,1,1,0,0,12
9,271,1,1,1,0,12
9,300,1,1,0,0,12
9,319,1,1,0,0,12
9,322,1,1,0,0,12
9,413,1,1,0,0,12
9,422,1,1,0,0,12
9,435,1,1,1,0,12
9,451,1,1,0,0,12
9,473,1,1,0,0,12
9,480,1,1,1,0,12
9,495,1,1,0,1,12
9,502,1,1,0,0,12
9,535,1,1,0,0,12
9,541,1,1,1,0,12
9,544,1,1,0,0,12
9,549,1,1,0,0,12
9,575,1,1,0,0,12
9,584,1,1,0,1,12
9,585,1,1,0,0,12
9,587,1,1,0,0,12
9,591,1,1,0,0,12
9,597,1,1,0,0,12
9,616,1,1,0,0,12
9,617,1,1,0,0,12
9,627,1,1,0,0,12
9,645,1,1,0,0,12
9,681,1,1,0,0,12
9,690,1,1,1,0,12
9,705,1,1,0,0,12
9,729,1,1,0,0,12
9,737,1,1,1,0,12
9,746,1,1,0,0,12
9,765,1,1,0,0,12
9,766,1,1,0,0,12
9,770,1,1,1,0,12
9,794,1,1,0,0,12
9,795,1,1,0,0,12
9,830,1,1,0,0,12
9,842,1,1,0,0,12
9,843,1,1,0,0,12
9,845,1,1,0,0,12
9,846,1,1,0,0,12
9,929,1,1,0,0,12
9,931,1,1,0,0,12
9,947,1,1,1,0,12
9,949,1,1,1,0,12
9,950,1,1,0,0,12
9,968,1,1,0,0,12
9,969,1,1,0,1,12
9,984,1,1,0,0,12
9,1014,1,1,0,0,12
9,1020,1,1,0,0,12
9,1025,1,1,0,1,12
9,1035,1,1,0,0,12
9,1036,1,1,0,0,12
9,1058,1,1,0,1,12
9,1068,1,1,0,0,12
9,1081,1,1,0,0,12
9,1089,1,1,0,0,12
9,1107,1,1,1,0,12
9,1116,1,1,0,0,12
9,1117,1,1,0,0,12
9,1121,1,1,0,0,12
9,1124,1,1,0,0,12
9,1130,1,1,0,0,12
9,1137,1,1,0,0,12
9,1185,1,1,1,0,12
9,1189,1,1,0,0,12
9,1198,1,1,0,0,12
9,1209,1,1,0,0,12
9,1258,1,1,0,0,12
9,1262,1,1,0,0,12
9,1267,1,1,0,0,12
9,1282,1,1,0,1,12
9,1296,1,1,0,0,12
9,1321,1,1,0,0,12
9,1326,1,1,0,0,12
9,1341,1,1,1,0,12
9,1345,1,1,1,0,12
9,1348,1,1,0,1,12
9,1362,1,1,0,0,12
9,1421,1,1,1,0,12
9,1424,1,1,0,0,12
9,1429,1,1,0,0,12
9,1455,1,1,0,1,12
9,1496,1,1,1,0,12
9,1503,1,1,0,0,12
9,1515,1,1,0,0,12
9,1539,1,1,0,1,12
9,1545,1,1,0,1,12
9,1547,1,1,0,0,12
9,1548,1,1,0,0,12
9,1553,1,1,0,0,12
9,1562,1,1,1,0,12
9,1583,1,1,0,0,12
9,1597,1,1,1,0,12
9,1601,1,1,0,1,12
9,1608,1,1,0,0,12
9,1627,1,1,0,0,12
9,1633,1,1,0,0,12
9,1644,1,1,0,0,12
9,1647,1,1,1,0,12
9,1657,1,1,0,1,12
9,1672,1,1,0,0,12
9,1677,1,1,0,0,12
9,1691,1,1,0,0,12
9,1716,1,1,0,0,12
9,1744,1,1,1,0,12
9,1749,1,1,0,1,12
9,1763,1,1,0,0,12
9,1769,1,1,0,0,12
9,1773,1,1,0,0,12
9,1779,1,1,0,1,12
9,1796,1,1,0,0,12
9,1803,1,1,0,0,12
9,1815,1,1,1,0,12
9,1817,1,1,1,0,12
9,1818,1,1,0,0,12
9,1824,1,1,0,0,12
9,1839,1,1,0,0,12
9,1847,1,1,0,0,12
9,1868,1,1,0,0,12
9,1872,1,1,0,1,12
9,1911,1,1,0,0,12
9,1920,1,1,0,0,12
9,1925,1,1,1,0,12
9,1929,1,1,0,0,12
9,1938,1,1,1,0,12
9,1941,1,1,0,0,12
9,1952,1,1,0,0,12
9,1968,1,1,0,0,12
9,1977,1,1,0,0,12
9,1987,1,1,1,0,12
9,1997,1,1,1,0,12
9,2011,1,1,0,0,12
9,2014,1,1,0,0,12
9,2039,1,1,0,0,12
9,2064,1,1,0,0,12
9,2069,1,1,0,1,12
9,2079,1,1,0,0,12
9,2090,1,1,0,0,12
9,2115,1,1,0,0,12
9,2119,1,1,0,0,12
9,2132,1,1,1,0,12
9,2139,1,1,0,0,12
9,2150,1,1,1,0,12
9,2179,1,1,0,0,12
9,2188,1,1,0,1,12
9,2190,1,1,0,0,12
9,2248,1,1,0,0,12
9,2257,1,1,1,0,12
9,2259,1,1,0,0,12
9,2274,1,1,0,0,12
9,2279,1,1,0,1,12
9,2289,1,1,0,1,12
9,2336,1,1,0,0,12
9,2353,1,1,0,0,12
9,2366,1,1,0,1,12
9,2396,1,1,0,0,12
9,2413,1,1,0,0,12
9,2420,1,1,0,1,12
9,2425,1,1,0,0,12
9,2438,1,1,0,0,12
9,2447,1,1,0,0,12
9,2454,1,1,0,0,12
9,2478,1,1,0,0,12
9,2492,1,1,0,0,12
9,2498,1,1,0,0,12
9,12,1,1,0,0,13
9,26,1,1,0,1,13
9,32,1,1,0,0,13
9,77,1,1,0,0,13
9,78,1,1,0,0,13
9,79,1,1,0,0,13
9,94,1,1,0,0,13
9,117,1,1,0,0,13
9,123,1,1,1,0,13
9,127,1,1,0,0,13
9,146,1,1,0,0,13
9,151,1,1,0,0,13
9,152,1,1,0,0,13
9,171,1,1,1,0,13
9,207,1,1,0,0,13
9,240,1,1,0,0,13
9,277,1,1,0,1,13
9,350,1,1,0,0,13
9,351,1,1,0,0,13
9,363,1,1,0,0,13
9,376,1,1,0,1,13
9,378,1,1,0,0,13
9,393,1,1,0,0,13
9,429,1,1,0,1,13
9,449,1,1,0,0,13
9,466,1,1,0,1,13
9,484,1,1,0,0,13
9,518,1,1,0,0,13
9,558,1,1,0,0,13
9,564,1,1,0,0,13
9,567,1,1,0,0,13
9,570,1,1,0,0,13
9,571,1,1,0,0,13
9,583,1,1,0,0,13
9,600,1,1,0,0,13
9,612,1,1,0,0,13
9,618,1,1,0,0,13
9,636,1,1,0,1,13
9,652,1,1,0,1,13
9,688,1,1,0,0,13
9,736,1,1,0,0,13
9,772,1,1,0,0,13
9,812,1,1,0,1,13
9,813,1,1,0,1,13
9,832,1,1,0,1,13
9,834,1,1,0,1,13
9,856,1,1,0,0,13
9,859,1,1,0,1,13
9,866,1,1,0,1,13
9,926,1,1,1,0,13
9,939,1,1,0,0,13
9,1002,1,1,0,0,13
9,1003,1,1,0,0,13
9,1013,1,1,0,1,13
9,1017,1,1,0,0,13
9,1043,1,1,1,0,13
9,1060,1,1,0,0,13
9,1071,1,1,0,0,13
9,1104,1,1,0,0,13
9,1118,1,1,1,0,13
9,1142,1,1,0,0,13
9,1143,1,1,1,0,13
9,1144,1,1,0,0,13
9,1157,1,1,0,0,13
9,1162,1,1,0,1,13
9,1167,1,1,0,0,13
9,1171,1,1,0,1,13
9,1187,1,1,0,1,13
9,1196,1,1,1,0,13
9,1201,1,1,0,0,13
9,1203,1,1,0,0,13
9,1229,1,1,0,1,13
9,1243,1,1,0,0,13
9,1251,1,1,0,1,13
9,1253,1,1,0,0,13
9,1288,1,1,0,0,13
9,1302,1,1,0,0,13
9,1333,1,1,0,0,13
9,1392,1,1,0,0,13
9,1394,1,1,0,0,13
9,1418,1,1,0,0,13
9,1447,1,1,0,1,13
9,1567,1,1,0,0,13
9,1611,1,1,0,0,13
9,1638,1,1,0,1,13
9,1653,1,1,0,0,13
9,1660,1,1,0,1,13
9,1729,1,1,0,0,13
9,1732,1,1,1,0,13
9,1748,1,1,0,0,13
9,1751,1,1,0,1,13
9,1758,1,1,0,1,13
9,1760,1,1,0,0,13
9,1766,1,1,0,0,13
9,1777,1,1,0,0,13
9,1798,1,1,0,0,13
9,1850,1,1,0,0,13
9,1852,1,1,0,0,13
9,1863,1,1,0,0,13
9,1870,1,1,0,1,13
9,1882,1,1,0,0,13
9,1884,1,1,0,1,13
9,1923,1,1,0,0,13
9,1927,1,1,0,0,13
9,1930,1,1,0,0,13
9,1931,1,1,0,0,13
9,1934,1,1,0,0,13
9,1935,1,1,0,0,13
9,1981,1,1,0,0,13
9,2026,1,1,0,1,13
9,2061,1,1,0,1,13
9,2085,1,1,0,0,13
9,2091,1,1,0,0,13
9,2097,1,1,0,0,13
9,2136,1,1,0,0,13
9,2143,1,1,0,0,13
9,2162,1,1,0,1,13
9,2202,1,1,0,0,13
9,2249,1,1,0,0,13
9,2281,1,1,1,0,13
9,2298,1,1,0,0,13
9,2334,1,1,0,0,13
9,2350,1,1,0,0,13
9,2356,1,1,0,1,13
9,2367,1,1,1,0,13
9,2388,1,1,0,1,13
9,2407,1,1,0,0,13
9,2412,1,1,0,0,13
9,2429,1,1,0,0,13
9,2430,1,1,0,0,13
9,2458,1,1,0,0,13
9,2459,1,1,1,0,13
9,2472,1,1,0,0,13
9,2474,1,1,0,0,13
9,2483,1,1,0,0,13
9,11,2,1,2,0,14
9,15,2,1,0,1,14
9,33,2,1,0,0,14
9,36,2,1,0,0,14
9,62,2,1,0,0,14
9,83,2,1,0,0,14
9,120,2,1,0,0,14
9,132,2,1,0,0,14
9,136,2,1,0,0,14
9,140,2,1,1,0,14
9,188,2,1,1,0,14
9,193,2,1,0,0,14
9,227,2,1,0,0,14
9,233,2,1,0,0,14
9,242,2,1,0,1,14
9,261,2,1,2,0,14
9,282,2,1,0,0,14
9,297,2,1,0,0,14
9,314,2,1,0,0,14
9,330,2,1,0,0,14
9,359,2,1,0,0,14
9,386,2,1,0,0,14
9,400,2,1,0,0,14
9,427,2,1,0,0,14
9,434,2,1,0,0,14
9,437,2,1,0,0,14
9,439,2,1,2,0,14
9,443,2,1,0,0,14
9,447,2,1,0,1,14
9,471,2,1,0,0,14
9,472,2,1,0,0,14
9,485,2,1,0,0,14
9,492,2,1,0,0,14
9,533,2,1,0,0,14
9,537,2,1,0,1,14
9,565,2,1,0,0,14
9,581,2,1,2,0,14
9,593,2,1,0,0,14
9,613,2,1,0,0,14
9,631,2,1,1,0,14
9,633,2,1,0,0,14
9,640,2,1,0,0,14
9,646,2,1,0,0,14
9,667,2,1,0,0,14
9,686,2,1,0,0,14
9,689,2,1,0,0,14
9,702,2,1,0,0,14
9,711,2,1,0,0,14
9,712,2,1,0,0,14
9,717,2,1,0,0,14
9,724,2,1,0,0,14
9,732,2,1,0,0,14
9,734,2,1,2,0,14
9,739,2,1,0,1,14
9,742,2,1,0,1,14
9,747,2,1,0,0,14
9,753,2,1,0,0,14
9,775,2,1,0,0,14
9,815,2,1,0,0,14
9,817,2,1,0,0,14
9,818,2,1,0,0,14
9,826,2,1,0,0,14
9,858,2,1,0,0,14
9,878,2,1,0,0,14
9,888,2,1,0,0,14
9,893,2,1,0,0,14
9,896,2,1,0,0,14
9,903,2,1,0,0,14
9,916,2,1,0,0,14
9,933,2,1,2,0,14
9,943,2,1,2,0,14
9,953,2,1,0,0,14
9,954,2,1,0,0,14
9,966,2,1,0,0,14
9,976,2,1,0,1,14
9,982,2,1,0,0,14
9,997,2,1,1,0,14
9,1064,2,1,0,0,14
9,1074,2,1,0,0,14
9,1078,2,1,0,0,14
9,1119,2,1,0,0,14
9,1152,2,1,0,0,14
9,1155,2,1,0,0,14
9,1165,2,1,1,0,14
9,1178,2,1,0,1,14
9,1204,2,1,0,0,14
9,1206,2,1,0,0,14
9,1228,2,1,0,0,14
9,1249,2,1,0,0,14
9,1292,2,1,0,0,14
9,1294,2,1,0,0,14
9,1298,2,1,2,0,14
9,1303,2,1,0,0,14
9,1307,2,1,0,0,14
9,1314,2,1,0,1,14
9,1319,2,1,0,0,14
9,1347,2,1,1,0,14
9,1370,2,1,0,0,14
9,1375,2,1,0,0,14
9,1378,2,1,0,0,14
9,1397,2,1,0,1,14
9,1410,2,1,2,0,14
9,1417,2,1,0,0,14
9,1427,2,1,0,1,14
9,1443,2,1,0,0,14
9,1460,2,1,0,0,14
9,1463,2,1,0,0,14
9,1479,2,1,0,0,14
9,1481,2,1,0,0,14
9,1502,2,1,0,0,14
9,1522,2,1,0,0,14
9,1534,2,1,2,0,14
9,1551,2,1,0,0,14
9,1555,2,1,1,0,14
9,1560,2,1,0,0,14
9,1588,2,1,0,0,14
9,1613,2,1,0,0,14
9,1616,2,1,0,0,14
9,1618,2,1,0,0,14
9,1619,2,1,0,0,14
9,1637,2,1,0,0,14
9,1641,2,1,0,0,14
9,1646,2,1,0,0,14
9,1667,2,1,1,0,14
9,1682,2,1,0,0,14
9,1688,2,1,0,0,14
9,1755,2,1,0,1,14
9,1757,2,1,0,0,14
9,1802,2,1,2,0,14
9,1820,2,1,0,0,14
9,1832,2,1,0,0,14
9,1878,2,1,0,0,14
9,1892,2,1,0,0,14
9,1909,2,1,0,0,14
9,1924,2,1,0,0,14
9,1950,2,1,2,0,14
9,1974,2,1,2,0,14
9,1976,2,1,2,0,14
9,1988,2,1,0,0,14
9,1990,2,1,2,0,14
9,2007,2,1,0,0,14
9,2009,2,1,0,0,14
9,2010,2,1,0,0,14
9,2015,2,1,0,0,14
9,2037,2,1,0,0,14
9,2043,2,1,0,0,14
9,2044,2,1,0,1,14
9,2046,2,1,2,0,14
9,2053,2,1,0,0,14
9,2058,2,1,0,0,14
9,2076,2,1,0,0,14
9,2077,2,1,0,0,14
9,2095,2,1,2,0,14
9,2098,2,1,0,0,14
9,2103,2,1,0,0,14
9,2118,2,1,0,1,14
9,2144,2,1,0,0,14
9,2170,2,1,2,0,14
9,2174,2,1,0,0,14
9,2182,2,1,0,0,14
9,2187,2,1,0,0,14
9,2197,2,1,0,0,14
9,2203,2,1,0,0,14
9,2206,2,1,0,0,14
9,2223,2,1,0,0,14
9,2258,2,1,0,1,14
9,2266,2,1,0,0,14
9,2271,2,1,0,0,14
9,2277,2,1,0,0,14
9,2294,2,1,2,0,14
9,2311,2,1,1,0,14
9,2318,2,1,1,0,14
9,2351,2,1,1,0,14
9,2352,2,1,0,0,14
9,2364,2,1,0,0,14
9,2369,2,1,1,0,14
9,2371,2,1,2,0,14
9,2381,2,1,1,0,14
9,2383,2,1,2,0,14
9,2387,2,1,0,1,14
9,2411,2,1,2,0,14
9,2415,2,1,0,0,14
9,2444,2,1,0,0,14
9,2453,2,1,0,0,14
9,2470,2,1,0,0,14
2,10,2,2,0,0,0
2,18,2,2,0,0,0
2,28,2,2,0,0,0
2,44,2,2,0,0,0
2,52,2,2,0,0,0
2,99,2,2,0,0,0
2,116,2,2,0,0,0
2,134,2,2,0,0,0
2,144,2,2,0,0,0
2,155,2,2,0,0,0
2,158,2,2,0,0,0
2,165,2,2,0,2,0
2,196,2,2,0,0,0
2,204,2,2,0,0,0
2,211,2,2,1,0,0
2,213,2,2,0,0,0
2,214,2,2,0,2,0
2,222,2,2,0,0,0
2,228,2,2,0,0,0
2,259,2,2,0,0,0
2,264,2,2,0,1,0
2,266,2,2,0,0,0
2,274,2,2,0,0,0
2,278,2,2,0,0,0
2,280,2,2,0,0,0
2,284,2,2,0,2,0
2,292,2,2,0,0,0
2,303,2,2,0,0,0
2,323,2,2,0,2,0
2,328,2,2,1,0,0
2,331,2,2,0,0,0
2,335,2,2,0,0,0
2,341,2,2,0,0,0
2,371,2,2,0,0,0
2,392,2,2,0,0,0
2,399,2,2,0,0,0
2,411,2,2,0,0,0
2,419,2,2,0,0,0
2,450,2,2,0,0,0
2,508,2,2,0,0,0
2,527,2,2,0,1,0
2,536,2,2,0,0,0
2,545,2,2,0,0,0
2,546,2,2,1,0,0
2,573,2,2,0,0,0
2,582,2,2,0,0,0
2,598,2,2,0,2,0
2,638,2,2,0,0,0
2,641,2,2,0,0,0
2,663,2,2,0,0,0
2,666,2,2,0,0,0
2,668,2,2,0,0,0
2,683,2,2,0,0,0
2,694,2,2,0,0,0
2,725,2,2,0,0,0
2,750,2,2,0,2,0
2,790,2,2,0,0,0
2,824,2,2,1,0,0
2,831,2,2,0,0,0
2,833,2,2,0,0,0
2,836,2,2,0,0,0
2,870,2,2,0,2,0
2,885,2,2,0,2,0
2,891,2,2,0,0,0
2,897,2,2,0,0,0
2,909,2,2,0,1,0
2,951,2,2,0,0,0
2,956,2,2,0,0,0
2,957,2,2,1,0,0
2,958,2,2,0,0,0
2,963,2,2,0,2,0
2,970,2,2,0,0,0
2,977,2,2,0,0,0
2,1001,2,2,1,0,0
2,1042,2,2,0,0,0
2,1052,2,2,0,0,0
2,1066,2,2,0,0,0
2,1085,2,2,0,0,0
2,1100,2,2,0,0,0
2,1163,2,2,0,2,0
2,1166,2,2,0,0,0
2,1179,2,2,0,0,0
2,1186,2,2,0,1,0
2,1214,2,2,1,0,0
2,1231,2,2,0,2,0
2,1245,2,2,0,0,0
2,1260,2,2,0,0,0
2,1261,2,2,0,0,0
2,1277,2,2,0,0,0
2,1283,2,2,0,0,0
2,1316,2,2,0,0,0
2,1330,2,2,0,2,0
2,1356,2,2,0,0,0
2,1390,2,2,0,0,0
2,1398,2,2,0,0,0
2,1406,2,2,0,0,0
2,1408,2,2,0,0,0
2,1440,2,2,1,0,0
2,1452,2,2,1,0,0
2,1468,2,2,0,0,0
2,1475,2,2,0,0,0
2,1478,2,2,0,0,0
2,1483,2,2,0,0,0
2,1499,2,2,0,0,0
2,1507,2,2,0,2,0
2,1510,2,2,0,0,0
2,1513,2,2,0,0,0
2,1523,2,2,0,0,0
2,1529,2,2,0,0,0
2,1535,2,2,0,1,0
2,1543,2,2,0,0,0
2,1558,2,2,0,0,0
2,1561,2,2,0,2,0
2,1577,2,2,1,0,0
2,1584,2,2,0,0,0
2,1594,2,2,1,0,0
2,1604,2,2,0,0,0
2,1614,2,2,0,0,0
2,1617,2,2,0,0,0
2,1632,2,2,1,0,0
2,1662,2,2,0,0,0
2,1664,2,2,0,0,0
2,1698,2,2,1,0,0
2,1699,2,2,0,0,0
2,1762,2,2,0,0,0
2,1780,2,2,1,0,0
2,1782,2,2,0,0,0
2,1821,2,2,0,2,0
2,1825,2,2,0,0,0
2,1829,2,2,0,0,0
2,1833,2,2,0,0,0
2,1836,2,2,0,0,0
2,1840,2,2,0,0,0
2,1843,2,2,0,0,0
2,1845,2,2,0,0,0
2,1846,2,2,0,0,0
2,1876,2,2,0,2,0
2,1894,2,2,0,0,0
2,1895,2,2,0,0,0
2,1900,2,2,1,0,0
2,1917,2,2,0,0,0
2,1918,2,2,0,0,0
2,1943,2,2,0,2,0
2,1946,2,2,0,0,0
2,1954,2,2,0,0,0
2,1961,2,2,0,0,0
2,1966,2,2,0,2,0
2,1975,2,2,0,0,0
2,1983,2,2,0,0,0
2,2016,2,2,0,0,0
2,2032,2,2,0,0,0
2,2049,2,2,1,0,0
2,2052,2,2,0,0,0
2,2054,2,2,0,0,0
2,2073,2,2,0,0,0
2,2087,2,2,0,0,0
2,2104,2,2,1,0,0
2,2113,2,2,0,2,0
2,2121,2,2,1,0,0
2,2142,2,2,0,2,0
2,2173,2,2,0,2,0
2,2177,2,2,0,0,0
2,2185,2,2,0,0,0
2,2186,2,2,0,2,0
2,2211,2,2,0,0,0
2,2217,2,2,0,1,0
2,2221,2,2,0,0,0
2,2230,2,2,0,0,0
2,2243,2,2,0,0,0
2,2247,2,2,0,0,0
2,2262,2,2,0,0,0
2,2282,2,2,0,0,0
2,2301,2,2,0,2,0
2,2312,2,2,0,2,0
2,2315,2,2,1,0,0
2,2316,2,2,1,0,0
2,2326,2,2,0,0,0
2,2343,2,2,0,0,0
2,2345,2,2,1,0,0
2,2375,2,2,0,1,0
2,2382,2,2,0,0,0
2,2394,2,2,0,2,0
2,2397,2,2,1,0,0
2,2408,2,2,0,1,0
2,2409,2,2,0,0,0
2,2419,2,2,0,0,0
2,2449,2,2,0,1,0
2,2452,2,2,0,0,0
2,2467,2,2,0,2,0
2,2493,2,2,0,2,0
2,16,1,1,0,0,1
2,38,1,1,0,0,1
2,72,1,1,0,0,1
2,76,1,1,0,1,1
2,81,1,1,0,0,1
2,92,1,1,0,0,1
2,118,1,1,1,0,1
2,119,1,1,0,0,1
2,125,1,1,0,1,1
2,130,1,1,1,0,1
2,142,1,1,0,0,1
2,190,1,1,0,0,1
2,192,1,1,0,0,1
2,195,1,1,0,0,1
2,199,1,1,1,0,1
2,200,1,1,0,0,1
2,205,1,1,0,0,1
2,216,1,1,0,0,1
2,218,1,1,0,1,1
2,225,1,1,0,0,1
2,232,1,1,0,0,1
2,342,1,1,0,0,1
2,346,1,1,0,0,1
2,353,1,1,0,0,1
2,373,1,1,0,0,1
2,374,1,1,0,1,1
2,381,1,1,1,0,1
2,410,1,1,0,0,1
2,479,1,1,0,0,1
2,490,1,1,0,0,1
2,498,1,1,0,0,1
2,499,1,1,0,0,1
2,511,1,1,0,0,1
2,512,1,1,1,0,1
2,531,1,1,1,0,1
2,566,1,1,0,1,1
2,594,1,1,0,0,1
2,622,1,1,0,0,1
2,651,1,1,0,0,1
2,657,1,1,0,0,1
2,714,1,1,0,0,1
2,743,1,1,1,0,1
2,754,1,1,0,1,1
2,755,1,1,1,0,1
2,757,1,1,0,0,1
2,773,1,1,0,0,1
2,793,1,1,1,0,1
2,798,1,1,0,0,1
2,810,1,1,0,0,1
2,850,1,1,0,0,1
2,853,1,1,1,0,1
2,864,1,1,0,0,1
2,881,1,1,0,0,1
2,895,1,1,0,0,1
2,915,1,1,0,0,1
2,938,1,1,0,1,1
2,948,1,1,0,1,1
2,960,1,1,0,0,1
2,962,1,1,0,1,1
2,965,1,1,0,0,1
2,990,1,1,0,0,1
2,1038,1,1,1,0,1
2,1049,1,1,0,0,1
2,1099,1,1,1,0,1
2,1105,1,1,0,0,1
2,1114,1,1,1,0,1
2,1132,1,1,1,0,1
2,1135,1,1,0,0,1
2,1149,1,1,0,1,1
2,1158,1,1,0,1,1
2,1184,1,1,1,0,1
2,1237,1,1,1,0,1
2,1309,1,1,1,0,1
2,1310,1,1,0,0,1
2,1336,1,1,0,1,1
2,1344,1,1,0,1,1
2,1368,1,1,0,0,1
2,1371,1,1,0,0,1
2,1372,1,1,0,0,1
2,1386,1,1,0,0,1
2,1413,1,1,0,0,1
2,1430,1,1,0,0,1
2,1435,1,1,0,0,1
2,1438,1,1,0,1,1
2,1456,1,1,0,0,1
2,1464,1,1,1,0,1
2,1525,1,1,1,0,1
2,1532,1,1,1,0,1
2,1557,1,1,0,1,1
2,1559,1,1,0,1,1
2,1568,1,1,0,0,1
2,1576,1,1,0,0,1
2,1603,1,1,0,0,1
2,1612,1,1,0,0,1
2,1631,1,1,1,0,1
2,1668,1,1,0,0,1
2,1673,1,1,0,0,1
2,1679,1,1,0,0,1
2,1689,1,1,0,0,1
2,1707,1,1,0,0,1
2,1711,1,1,0,0,1
2,1713,1,1,0,0,1
2,1730,1,1,1,0,1
2,1736,1,1,0,0,1
2,1738,1,1,1,0,1
2,1739,1,1,0,0,1
2,1746,1,1,0,0,1
2,1768,1,1,0,0,1
2,1794,1,1,0,0,1
2,1801,1,1,0,0,1
2,1813,1,1,0,1,1
2,1819,1,1,0,0,1
2,1834,1,1,0,0,1
2,1838,1,1,0,0,1
2,1873,1,1,0,0,1
2,1904,1,1,0,0,1
2,1919,1,1,0,0,1
2,1932,1,1,0,0,1
2,1948,1,1,0,0,1
2,1951,1,1,0,0,1
2,1955,1,1,0,0,1
2,1960,1,1,0,0,1
2,1982,1,1,0,1,1
2,1985,1,1,0,1,1
2,1989,1,1,0,0,1
2,2008,1,1,0,0,1
2,2055,1,1,1,0,1
2,2102,1,1,0,0,1
2,2106,1,1,0,0,1
2,2149,1,1,0,0,1
2,2152,1,1,0,0,1
2,2207,1,1,0,0,1
2,2210,1,1,0,0,1
2,2212,1,1,0,0,1
2,2226,1,1,0,0,1
2,2228,1,1,0,1,1
2,2233,1,1,1,0,1
2,2235,1,1,0,1,1
2,2240,1,1,0,0,1
2,2242,1,1,1,0,1
2,2252,1,1,1,0,1
2,2288,1,1,1,0,1
2,2322,1,1,0,0,1
2,2330,1,1,1,0,1
2,2358,1,1,1,0,1
2,2376,1,1,0,0,1
2,2423,1,1,0,0,1
2,2442,1,1,0,1,1
2,2448,1,1,1,0,1
2,2455,1,1,0,0,1
2,2466,1,1,0,0,1
2,2469,1,1,0,0,1
2,2480,1,1,0,0,1
2,2496,1,1,0,0,1
2,22,1,1,0,0,2
2,46,1,1,0,1,2
2,98,1,1,1,0,2
2,108,1,1,0,0,2
2,111,1,1,0,0,2
2,113,1,1,0,0,2
2,135,1,1,0,0,2
2,168,1,1,1,0,2
2,179,1,1,0,0,2
2,187,1,1,0,1,2
2,212,1,1,0,0,2
2,235,1,1,0,1,2
2,255,1,1,0,0,2
2,296,1,1,0,0,2
2,310,1,1,0,0,2
2,325,1,1,0,1,2
2,329,1,1,0,1,2
2,345,1,1,0,0,2
2,416,1,1,0,0,2
2,438,1,1,0,0,2
2,556,1,1,0,0,2
2,589,1,1,1,0,2
2,628,1,1,0,0,2
2,654,1,1,1,0,2
2,660,1,1,0,0,2
2,673,1,1,0,0,2
2,676,1,1,0,1,2
2,692,1,1,0,1,2
2,719,1,1,1,0,2
2,727,1,1,0,0,2
2,771,1,1,0,0,2
2,797,1,1,0,0,2
2,804,1,1,0,0,2
2,828,1,1,0,0,2
2,838,1,1,0,0,2
2,841,1,1,0,0,2
2,852,1,1,0,0,2
2,865,1,1,0,1,2
2,917,1,1,1,0,2
2,946,1,1,1,0,2
2,998,1,1,1,0,2
2,1005,1,1,0,0,2
2,1024,1,1,0,0,2
2,1032,1,1,1,0,2
2,1057,1,1,0,0,2
2,1072,1,1,0,1,2
2,1101,1,1,0,1,2
2,1134,1,1,0,0,2
2,1156,1,1,1,0,2
2,1177,1,1,0,0,2
2,1181,1,1,1,0,2
2,1183,1,1,0,1,2
2,1190,1,1,1,0,2
2,1200,1,1,0,0,2
2,1220,1,1,0,0,2
2,1227,1,1,0,0,2
2,1246,1,1,0,0,2
2,1265,1,1,0,0,2
2,1280,1,1,0,0,2
2,1315,1,1,0,0,2
2,1338,1,1,0,0,2
2,1355,1,1,0,1,2
2,1366,1,1,0,0,2
2,1374,1,1,0,0,2
2,1393,1,1,0,0,2
2,1412,1,1,0,0,2
2,1446,1,1,0,0,2
2,1486,1,1,0,0,2
2,1498,1,1,1,0,2
2,1501,1,1,1,0,2
2,1505,1,1,0,0,2
2,1514,1,1,0,0,2
2,1518,1,1,0,0,2
2,1524,1,1,0,0,2
2,1536,1,1,0,0,2
2,1582,1,1,1,0,2
2,1600,1,1,0,0,2
2,1626,1,1,0,0,2
2,1670,1,1,0,1,2
2,1686,1,1,0,0,2
2,1690,1,1,0,0,2
2,1741,1,1,0,0,2
2,1764,1,1,0,0,2
2,1771,1,1,0,0,2
2,1785,1,1,0,0,2
2,1830,1,1,0,0,2
2,1837,1,1,0,0,2
2,1848,1,1,0,0,2
2,1874,1,1,1,0,2
2,1887,1,1,0,0,2
2,1922,1,1,0,0,2
2,1942,1,1,0,0,2
2,1958,1,1,0,1,2
2,1979,1,1,0,1,2
2,2006,1,1,0,0,2
2,2018,1,1,0,1,2
2,2040,1,1,1,0,2
2,2041,1,1,0,1,2
2,2056,1,1,0,0,2
2,2057,1,1,0,0,2
2,2062,1,1,0,1,2
2,2071,1,1,0,0,2
2,2078,1,1,0,0,2
2,2110,1,1,0,0,2
2,2138,1,1,0,1,2
2,2147,1,1,1,0,2
2,2245,1,1,0,0,2
2,2278,1,1,1,0,2
2,2290,1,1,0,1,2
2,2306,1,1,0,0,2
2,2354,1,1,0,0,2
2,2357,1,1,0,1,2
2,2362,1,1,0,1,2
2,2368,1,1,0,1,2
2,2402,1,1,0,1,2
2,2416,1,1,0,0,2
2,2417,1,1,1,0,2
2,2441,1,1,1,0,2
2,2460,1,1,0,0,2
2,2465,1,1,1,0,2
2,2491,1,1,0,0,2
2,53,1,1,0,0,3
2,57,1,1,0,0,3
2,66,1,1,0,0,3
2,67,1,1,0,0,3
2,75,1,1,0,1,3
2,101,1,1,0,0,3
2,103,1,1,0,0,3
2,153,1,1,0,1,3
2,156,1,1,1,0,3
2,178,1,1,0,0,3
2,185,1,1,1,0,3
2,194,1,1,0,0,3
2,219,1,1,0,0,3
2,246,1,1,0,0,3
2,248,1,1,0,1,3
2,275,1,1,0,0,3
2,320,1,1,0,0,3
2,326,1,1,0,1,3
2,332,1,1,0,0,3
2,368,1,1,0,0,3
2,387,1,1,0,0,3
2,405,1,1,0,1,3
2,423,1,1,0,0,3
2,433,1,1,0,0,3
2,452,1,1,0,0,3
2,454,1,1,0,0,3
2,468,1,1,0,0,3
2,474,1,1,1,0,3
2,539,1,1,0,0,3
2,540,1,1,0,0,3
2,547,1,1,0,0,3
2,572,1,1,0,1,3
2,574,1,1,0,1,3
2,595,1,1,0,1,3
2,599,1,1,0,0,3
2,601,1,1,0,0,3
2,624,1,1,1,0,3
2,655,1,1,0,0,3
2,656,1,1,1,0,3
2,671,1,1,0,1,3
2,677,1,1,1,0,3
2,685,1,1,0,0,3
2,691,1,1,0,0,3
2,738,1,1,0,0,3
2,741,1,1,0,0,3
2,752,1,1,0,0,3
2,767,1,1,0,1,3
2,776,1,1,0,0,3
2,779,1,1,1,0,3
2,801,1,1,0,0,3
2,807,1,1,0,0,3
2,839,1,1,0,0,3
2,840,1,1,0,0,3
2,844,1,1,0,1,3
2,854,1,1,0,0,3
2,861,1,1,1,0,3
2,862,1,1,0,0,3
2,872,1,1,0,0,3
2,907,1,1,0,1,3
2,914,1,1,1,0,3
2,930,1,1,0,0,3
2,1007,1,1,0,0,3
2,1011,1,1,1,0,3
2,1045,1,1,0,1,3
2,1053,1,1,0,0,3
2,1077,1,1,0,0,3
2,1147,1,1,0,1,3
2,1151,1,1,0,1,3
2,1169,1,1,0,0,3
2,1192,1,1,0,0,3
2,1213,1,1,0,1,3
2,1226,1,1,0,0,3
2,1230,1,1,0,0,3
2,1272,1,1,0,0,3
2,1289,1,1,1,0,3
2,1295,1,1,0,0,3
2,1300,1,1,0,0,3
2,1305,1,1,1,0,3
2,1311,1,1,0,0,3
2,1313,1,1,0,1,3
2,1349,1,1,0,0,3
2,1350,1,1,1,0,3
2,1358,1,1,0,0,3
2,1359,1,1,0,0,3
2,1361,1,1,0,1,3
2,1403,1,1,0,0,3
2,1426,1,1,0,1,3
2,1476,1,1,0,0,3
2,1497,1,1,1,0,3
2,1506,1,1,0,0,3
2,1527,1,1,0,0,3
2,1581,1,1,0,0,3
2,1589,1,1,0,0,3
2,1649,1,1,0,0,3
2,1650,1,1,1,0,3
2,1659,1,1,0,0,3
2,1663,1,1,0,1,3
2,1719,1,1,1,0,3
2,1724,1,1,0,0,3
2,1725,1,1,1,0,3
2,1733,1,1,0,0,3
2,1791,1,1,0,0,3
2,1806,1,1,0,0,3
2,1827,1,1,0,0,3
2,1844,1,1,0,0,3
2,1862,1,1,0,0,3
2,1877,1,1,0,0,3
2,1880,1,1,0,0,3
2,1896,1,1,0,0,3
2,1928,1,1,0,0,3
2,1933,1,1,0,1,3
2,1945,1,1,0,0,3
2,1957,1,1,1,0,3
2,1970,1,1,0,0,3
2,1971,1,1,0,0,3
2,2025,1,1,0,0,3
2,2063,1,1,0,0,3
2,2070,1,1,0,0,3
2,2074,1,1,1,0,3
2,2094,1,1,0,0,3
2,2116,1,1,0,0,3
2,2159,1,1,0,0,3
2,2175,1,1,0,0,3
2,2192,1,1,0,0,3
2,2193,1,1,0,0,3
2,2205,1,1,0,1,3
2,2214,1,1,0,0,3
2,2220,1,1,1,0,3
2,2237,1,1,1,0,3
2,2239,1,1,0,1,3
2,2246,1,1,0,0,3
2,2255,1,1,1,0,3
2,2265,1,1,0,1,3
2,2275,1,1,0,0,3
2,2276,1,1,0,0,3
2,2284,1,1,0,0,3
2,2287,1,1,0,0,3
2,2295,1,1,1,0,3
2,2299,1,1,0,0,3
2,2323,1,1,0,0,3
2,2337,1,1,0,0,3
2,2370,1,1,0,0,3
2,2390,1,1,0,0,3
2,2403,1,1,0,0,3
2,2427,1,1,1,0,3
2,2487,1,1,0,0,3
2,39,3,2,0,0,4
2,80,3,2,3,0,4
2,129,3,2,1,0,4
2,143,3,2,0,0,4
2,183,3,2,0,0,4
2,184,3,2,0,0,4
2,198,3,2,0,2,4
2,217,3,2,0,0,4
2,226,3,2,0,0,4
2,231,3,2,0,0,4
2,250,3,2,0,0,4
2,289,3,2,0,0,4
2,299,3,2,0,0,4
2,305,3,2,0,2,4
2,317,3,2,0,2,4
2,327,3,2,0,2,4
2,358,3,2,0,0,4
2,365,3,2,3,0,4
2,369,3,2,0,1,4
2,375,3,2,0,0,4
2,385,3,2,1,0,4
2,398,3,2,0,0,4
2,408,3,2,0,0,4
2,412,3,2,0,0,4
2,424,3,2,3,0,4
2,425,3,2,0,0,4
2,432,3,2,0,0,4
2,448,3,2,3,0,4
2,462,3,2,0,0,4
2,481,3,2,3,0,4
2,494,3,2,0,0,4
2,500,3,2,1,0,4
2,510,3,2,0,0,4
2,524,3,2,0,2,4
2,530,3,2,3,0,4
2,542,3,2,0,0,4
2,576,3,2,3,0,4
2,586,3,2,1,0,4
2,606,3,2,0,0,4
2,608,3,2,0,0,4
2,626,3,2,3,0,4
2,634,3,2,0,0,4
2,659,3,2,0,0,4
2,662,3,2,0,0,4
2,665,3,2,0,0,4
2,670,3,2,0,0,4
2,675,3,2,0,0,4
2,678,3,2,0,0,4
2,679,3,2,0,0,4
2,680,3,2,3,0,4
2,698,3,2,3,0,4
2,699,3,2,0,0,4
2,716,3,2,0,0,4
2,721,3,2,0,0,4
2,768,3,2,0,0,4
2,855,3,2,3,0,4
2,869,3,2,0,0,4
2,908,3,2,3,0,4
2,913,3,2,0,0,4
2,923,3,2,0,0,4
2,967,3,2,1,0,4
2,1034,3,2,0,0,4
2,1050,3,2,0,0,4
2,1079,3,2,0,0,4
2,1086,3,2,0,0,4
2,1092,3,2,0,0,4
2,1111,3,2,0,0,4
2,1113,3,2,0,1,4
2,1138,3,2,0,2,4
2,1145,3,2,0,0,4
2,1224,3,2,0,2,4
2,1257,3,2,0,0,4
2,1274,3,2,0,0,4
2,1278,3,2,3,0,4
2,1308,3,2,0,0,4
2,1325,3,2,3,0,4
2,1329,3,2,1,0,4
2,1332,3,2,0,0,4
2,1340,3,2,0,2,4
2,1352,3,2,0,0,4
2,1353,3,2,0,0,4
2,1354,3,2,0,0,4
2,1399,3,2,0,1,4
2,1405,3,2,3,0,4
2,1420,3,2,0,2,4
2,1493,3,2,0,0,4
2,1508,3,2,0,0,4
2,1509,3,2,0,0,4
2,1537,3,2,0,0,4
2,1538,3,2,3,0,4
2,1541,3,2,0,0,4
2,1544,3,2,0,0,4
2,1546,3,2,0,0,4
2,1563,3,2,0,0,4
2,1564,3,2,0,2,4
2,1572,3,2,0,0,4
2,1666,3,2,0,0,4
2,1685,3,2,0,0,4
2,1693,3,2,1,0,4
2,1701,3,2,0,0,4
2,1709,3,2,0,0,4
2,1715,3,2,0,0,4
2,1723,3,2,0,2,4
2,1728,3,2,1,0,4
2,1752,3,2,0,0,4
2,1754,3,2,0,2,4
2,1756,3,2,0,0,4
2,1765,3,2,0,0,4
2,1781,3,2,0,0,4
2,1783,3,2,3,0,4
2,1787,3,2,3,0,4
2,1789,3,2,0,1,4
2,1795,3,2,0,0,4
2,1797,3,2,3,0,4
2,1800,3,2,0,0,4
2,1804,3,2,0,2,4
2,1807,3,2,3,0,4
2,1811,3,2,0,0,4
2,1849,3,2,0,0,4
2,1858,3,2,3,0,4
2,1881,3,2,0,0,4
2,1885,3,2,0,0,4
2,1897,3,2,0,0,4
2,1899,3,2,0,0,4
2,1913,3,2,3,0,4
2,1993,3,2,0,0,4
2,2001,3,2,0,0,4
2,2013,3,2,0,2,4
2,2021,3,2,0,0,4
2,2022,3,2,0,2,4
2,2028,3,2,0,0,4
2,2038,3,2,0,0,4
2,2042,3,2,0,0,4
2,2045,3,2,0,0,4
2,2065,3,2,0,0,4
2,2086,3,2,0,1,4
2,2100,3,2,0,0,4
2,2108,3,2,0,0,4
2,2112,3,2,0,0,4
2,2133,3,2,0,2,4
2,2148,3,2,3,0,4
2,2215,3,2,1,0,4
2,2222,3,2,0,0,4
2,2285,3,2,0,0,4
2,2297,3,2,1,0,4
2,2305,3,2,0,2,4
2,2307,3,2,0,0,4
2,2325,3,2,0,0,4
2,2348,3,2,0,0,4
2,2355,3,2,3,0,4
2,2363,3,2,3,0,4
2,2393,3,2,0,0,4
2,2426,3,2,0,0,4
2,2433,3,2,0,2,4
2,2435,3,2,0,0,4
2,2450,3,2,0,0,4
2,2490,3,2,0,0,4
2,9,3,2,0,0,5
2,13,3,2,1,0,5
2,27,3,2,0,0,5
2,54,3,2,0,0,5
2,65,3,2,3,0,5
2,96,3,2,0,2,5
2,112,3,2,1,0,5
2,122,3,2,0,0,5
2,138,3,2,0,0,5
2,139,3,2,0,0,5
2,154,3,2,0,0,5
2,162,3,2,0,1,5
2,163,3,2,3,0,5
2,173,3,2,0,0,5
2,197,3,2,3,0,5
2,229,3,2,0,2,5
2,260,3,2,0,1,5
2,285,3,2,0,0,5
2,290,3,2,0,0,5
2,293,3,2,3,0,5
2,298,3,2,0,0,5
2,301,3,2,0,0,5
2,308,3,2,0,2,5
2,334,3,2,0,2,5
2,343,3,2,0,2,5
2,361,3,2,3,0,5
2,367,3,2,3,0,5
2,394,3,2,0,0,5
2,395,3,2,3,0,5
2,396,3,2,0,2,5
2,426,3,2,0,0,5
2,457,3,2,0,0,5
2,463,3,2,0,0,5
2,486,3,2,0,0,5
2,491,3,2,0,0,5
2,505,3,2,0,0,5
2,506,3,2,0,0,5
2,520,3,2,3,0,5
2,554,3,2,0,0,5
2,559,3,2,0,0,5
2,563,3,2,0,0,5
2,568,3,2,0,2,5
2,578,3,2,0,0,5
2,580,3,2,0,0,5
2,588,3,2,0,2,5
2,592,3,2,3,0,5
2,674,3,2,0,0,5
2,695,3,2,0,0,5
2,697,3,2,0,1,5
2,708,3,2,0,0,5
2,713,3,2,0,0,5
2,756,3,2,0,0,5
2,761,3,2,0,0,5
2,769,3,2,0,0,5
2,774,3,2,3,0,5
2,778,3,2,0,0,5
2,822,3,2,3,0,5
2,835,3,2,0,0,5
2,847,3,2,0,1,5
2,849,3,2,0,0,5
2,879,3,2,1,0,5
2,882,3,2,0,0,5
2,898,3,2,0,0,5
2,901,3,2,0,0,5
2,905,3,2,0,2,5
2,919,3,2,3,0,5
2,936,3,2,0,0,5
2,945,3,2,0,1,5
2,973,3,2,0,0,5
2,992,3,2,0,0,5
2,995,3,2,0,1,5
2,1030,3,2,0,0,5
2,1044,3,2,3,0,5
2,1062,3,2,3,0,5
2,1088,3,2,0,0,5
2,1095,3,2,0,0,5
2,1125,3,2,3,0,5
2,1131,3,2,1,0,5
2,1153,3,2,3,0,5
2,1180,3,2,0,2,5
2,1194,3,2,0,0,5
2,1202,3,2,0,0,5
2,1208,3,2,0,0,5
2,1218,3,2,1,0,5
2,1221,3,2,3,0,5
2,1223,3,2,1,0,5
2,1234,3,2,0,0,5
2,1248,3,2,0,2,5
2,1286,3,2,0,0,5
2,1287,3,2,0,0,5
2,1334,3,2,1,0,5
2,1335,3,2,0,0,5
2,1346,3,2,0,2,5
2,1373,3,2,1,0,5
2,1384,3,2,0,1,5
2,1388,3,2,3,0,5
2,1411,3,2,0,2,5
2,1414,3,2,3,0,5
2,1433,3,2,0,0,5
2,1451,3,2,0,0,5
2,1457,3,2,0,0,5
2,1470,3,2,0,0,5
2,1474,3,2,0,0,5
2,1517,3,2,0,0,5
2,1520,3,2,0,0,5
2,1566,3,2,0,2,5
2,1574,3,2,0,0,5
2,1585,3,2,0,2,5
2,1607,3,2,0,0,5
2,1615,3,2,0,0,5
2,1630,3,2,0,0,5
2,1645,3,2,0,0,5
2,1687,3,2,0,0,5
2,1697,3,2,0,0,5
2,1700,3,2,0,0,5
2,1722,3,2,0,0,5
2,1726,3,2,0,0,5
2,1734,3,2,3,0,5
2,1767,3,2,0,0,5
2,1776,3,2,0,0,5
2,1788,3,2,0,0,5
2,1805,3,2,0,0,5
2,1808,3,2,0,2,5
2,1831,3,2,0,0,5
2,1860,3,2,0,0,5
2,1866,3,2,0,0,5
2,1869,3,2,1,0,5
2,1908,3,2,0,2,5
2,1940,3,2,0,0,5
2,1944,3,2,0,0,5
2,1984,3,2,0,2,5
2,1986,3,2,0,0,5
2,1992,3,2,0,2,5
2,2048,3,2,1,0,5
2,2081,3,2,0,0,5
2,2084,3,2,0,0,5
2,2105,3,2,0,0,5
2,2122,3,2,0,0,5
2,2123,3,2,0,0,5
2,2124,3,2,0,2,5
2,2137,3,2,0,1,5
2,2165,3,2,3,0,5
2,2168,3,2,0,1,5
2,2196,3,2,0,2,5
2,2218,3,2,0,0,5
2,2219,3,2,0,0,5
2,2227,3,2,0,0,5
2,2231,3,2,0,0,5
2,2238,3,2,0,0,5
2,2241,3,2,0,0,5
2,2251,3,2,0,0,5
2,2260,3,2,0,0,5
2,2263,3,2,0,2,5
2,2264,3,2,0,0,5
2,2273,3,2,0,0,5
2,2304,3,2,0,0,5
2,2309,3,2,3,0,5
2,2321,3,2,0,0,5
2,2324,3,2,0,0,5
2,2331,3,2,0,0,5
2,2332,3,2,0,0,5
2,2339,3,2,0,2,5
2,2349,3,2,0,2,5
2,2378,3,2,0,0,5
2,2400,3,2,3,0,5
2,2405,3,2,0,0,5
2,2410,3,2,0,0,5
2,2486,3,2,0,0,5
2,2494,3,2,0,0,5
2,58,3,1,0,0,6
2,64,3,1,0,0,6
2,68,3,1,0,0,6
2,74,3,1,0,0,6
2,85,3,1,0,0,6
2,87,3,1,0,0,6
2,89,3,1,0,0,6
2,95,3,1,0,0,6
2,97,3,1,0,0,6
2,104,3,1,0,1,6
2,105,3,1,0,0,6
2,109,3,1,0,0,6
2,131,3,1,0,0,6
2,147,3,1,0,0,6
2,161,3,1,0,1,6
2,164,3,1,0,0,6
2,215,3,1,0,0,6
2,220,3,1,0,1,6
2,234,3,1,0,0,6
2,244,3,1,0,0,6
2,247,3,1,0,0,6
2,249,3,1,3,0,6
2,252,3,1,3,0,6
2,253,3,1,0,0,6
2,272,3,1,0,0,6
2,291,3,1,0,0,6
2,295,3,1,0,0,6
2,302,3,1,0,0,6
2,307,3,1,0,0,6
2,316,3,1,0,0,6
2,318,3,1,0,0,6
2,336,3,1,0,1,6
2,360,3,1,0,0,6
2,379,3,1,0,0,6
2,384,3,1,0,0,6
2,390,3,1,0,0,6
2,418,3,1,3,0,6
2,428,3,1,0,0,6
2,430,3,1,0,0,6
2,440,3,1,0,0,6
2,456,3,1,0,0,6
2,465,3,1,3,0,6
2,467,3,1,3,0,6
2,475,3,1,0,0,6
2,497,3,1,0,0,6
2,514,3,1,0,0,6
2,515,3,1,3,0,6
2,516,3,1,0,0,6
2,519,3,1,0,0,6
2,526,3,1,0,0,6
2,529,3,1,0,0,6
2,596,3,1,0,0,6
2,609,3,1,0,0,6
2,629,3,1,0,0,6
2,637,3,1,0,0,6
2,644,3,1,0,0,6
2,696,3,1,0,0,6
2,704,3,1,0,0,6
2,715,3,1,0,0,6
2,730,3,1,0,0,6
2,733,3,1,0,1,6
2,749,3,1,0,0,6
2,759,3,1,3,0,6
2,777,3,1,0,1,6
2,781,3,1,0,0,6
2,787,3,1,0,0,6
2,799,3,1,0,1,6
2,800,3,1,0,1,6
2,803,3,1,0,1,6
2,806,3,1,0,0,6
2,816,3,1,0,0,6
2,829,3,1,0,1,6
2,851,3,1,0,0,6
2,860,3,1,0,1,6
2,863,3,1,0,0,6
2,868,3,1,1,0,6
2,871,3,1,0,0,6
2,883,3,1,0,0,6
2,887,3,1,0,0,6
2,889,3,1,0,0,6
2,899,3,1,3,0,6
2,906,3,1,0,0,6
2,918,3,1,1,0,6
2,920,3,1,0,0,6
2,921,3,1,0,0,6
2,955,3,1,3,0,6
2,961,3,1,0,0,6
2,991,3,1,3,0,6
2,993,3,1,0,0,6
2,996,3,1,0,0,6
2,1019,3,1,0,0,6
2,1029,3,1,0,0,6
2,1031,3,1,0,0,6
2,1054,3,1,0,0,6
2,1055,3,1,0,0,6
2,1059,3,1,0,0,6
2,1065,3,1,0,1,6
2,1069,3,1,0,0,6
2,1084,3,1,0,0,6
2,1090,3,1,0,0,6
2,1102,3,1,1,0,6
2,1103,3,1,0,0,6
2,1112,3,1,1,0,6
2,1120,3,1,1,0,6
2,1140,3,1,1,0,6
2,1148,3,1,0,0,6
2,1154,3,1,0,1,6
2,1161,3,1,1,0,6
2,1175,3,1,0,1,6
2,1182,3,1,0,0,6
2,1188,3,1,1,0,6
2,1191,3,1,0,0,6
2,1193,3,1,0,0,6
2,1207,3,1,0,0,6
2,1222,3,1,0,1,6
2,1239,3,1,0,0,6
2,1240,3,1,0,0,6
2,1273,3,1,0,0,6
2,1275,3,1,0,1,6
2,1281,3,1,0,0,6
2,1304,3,1,1,0,6
2,1322,3,1,0,0,6
2,1324,3,1,0,1,6
2,1377,3,1,0,0,6
2,1379,3,1,3,0,6
2,1401,3,1,0,0,6
2,1416,3,1,0,0,6
2,1437,3,1,0,0,6
2,1458,3,1,0,0,6
2,1459,3,1,1,0,6
2,1482,3,1,0,1,6
2,1484,3,1,3,0,6
2,1488,3,1,0,0,6
2,1490,3,1,0,1,6
2,1521,3,1,1,0,6
2,1530,3,1,0,1,6
2,1575,3,1,0,0,6
2,1595,3,1,0,0,6
2,1598,3,1,0,0,6
2,1623,3,1,0,1,6
2,1635,3,1,0,1,6
2,1642,3,1,0,1,6
2,1658,3,1,0,0,6
2,1681,3,1,0,0,6
2,1702,3,1,0,0,6
2,1708,3,1,0,1,6
2,1710,3,1,0,0,6
2,1735,3,1,0,1,6
2,1742,3,1,0,1,6
2,1761,3,1,0,0,6
2,1774,3,1,0,1,6
2,1814,3,1,3,0,6
2,1864,3,1,0,0,6
2,1875,3,1,0,0,6
2,1879,3,1,0,0,6
2,1889,3,1,0,0,6
2,1898,3,1,0,0,6
2,1936,3,1,3,0,6
2,1956,3,1,0,0,6
2,1965,3,1,0,1,6
2,1980,3,1,0,0,6
2,2012,3,1,0,0,6
2,2017,3,1,1,0,6
2,2020,3,1,0,0,6
2,2029,3,1,0,1,6
2,2031,3,1,3,0,6
2,2059,3,1,0,0,6
2,2075,3,1,0,0,6
2,2082,3,1,0,0,6
2,2092,3,1,0,0,6
2,2107,3,1,0,0,6
2,2114,3,1,0,0,6
2,2117,3,1,0,0,6
2,2120,3,1,1,0,6
2,2130,3,1,0,0,6
2,2155,3,1,0,0,6
2,2157,3,1,0,0,6
2,2172,3,1,0,0,6
2,2183,3,1,0,1,6
2,2191,3,1,0,0,6
2,2199,3,1,0,0,6
2,2204,3,1,0,0,6
2,2216,3,1,0,0,6
2,2269,3,1,3,0,6
2,2272,3,1,0,0,6
2,2286,3,1,0,1,6
2,2300,3,1,0,0,6
2,2333,3,1,0,0,6
2,2335,3,1,0,0,6
2,2380,3,1,0,0,6
2,2385,3,1,0,0,6
2,2399,3,1,0,0,6
2,2418,3,1,0,1,6
2,2421,3,1,0,0,6
2,2475,3,1,0,0,6
2,2477,3,1,0,1,6
2,2495,3,1,0,1,6
2,2499,3,1,3,0,6
2,17,3,1,0,1,7
2,25,3,1,0,0,7
2,47,3,1,3,0,7
2,110,3,1,0,0,7
2,121,3,1,0,0,7
2,126,3,1,3,0,7
2,141,3,1,1,0,7
2,148,3,1,0,0,7
2,159,3,1,0,1,7
2,170,3,1,1,0,7
2,172,3,1,0,1,7
2,186,3,1,0,0,7
2,238,3,1,0,0,7
2,251,3,1,0,1,7
2,270,3,1,0,0,7
2,287,3,1,0,0,7
2,324,3,1,0,0,7
2,348,3,1,0,0,7
2,356,3,1,0,0,7
2,370,3,1,0,0,7
2,377,3,1,0,0,7
2,383,3,1,0,0,7
2,389,3,1,0,0,7
2,391,3,1,0,0,7
2,401,3,1,3,0,7
2,476,3,1,0,0,7
2,483,3,1,0,1,7
2,487,3,1,0,0,7
2,504,3,1,0,0,7
2,513,3,1,0,0,7
2,521,3,1,0,0,7
2,522,3,1,0,0,7
2,534,3,1,0,0,7
2,552,3,1,0,0,7
2,562,3,1,1,0,7
2,603,3,1,0,0,7
2,604,3,1,0,0,7
2,621,3,1,0,0,7
2,625,3,1,3,0,7
2,684,3,1,0,0,7
2,722,3,1,0,0,7
2,745,3,1,0,0,7
2,758,3,1,0,1,7
2,780,3,1,3,0,7
2,783,3,1,0,0,7
2,811,3,1,0,0,7
2,820,3,1,0,1,7
2,876,3,1,3,0,7
2,894,3,1,0,0,7
2,900,3,1,0,0,7
2,912,3,1,3,0,7
2,934,3,1,0,0,7
2,937,3,1,0,0,7
2,941,3,1,0,0,7
2,942,3,1,0,1,7
2,964,3,1,0,1,7
2,975,3,1,0,0,7
2,1009,3,1,0,0,7
2,1040,3,1,0,0,7
2,1076,3,1,0,1,7
2,1082,3,1,0,0,7
2,1096,3,1,0,0,7
2,1109,3,1,0,0,7
2,1128,3,1,0,0,7
2,1129,3,1,0,0,7
2,1146,3,1,0,0,7
2,1170,3,1,0,0,7
2,1176,3,1,0,1,7
2,1195,3,1,0,0,7
2,1219,3,1,0,0,7
2,1264,3,1,3,0,7
2,1279,3,1,0,0,7
2,1297,3,1,0,0,7
2,1301,3,1,0,1,7
2,1381,3,1,1,0,7
2,1415,3,1,0,0,7
2,1445,3,1,0,0,7
2,1519,3,1,0,0,7
2,1526,3,1,0,0,7
2,1533,3,1,0,0,7
2,1540,3,1,0,0,7
2,1554,3,1,0,0,7
2,1556,3,1,0,0,7
2,1578,3,1,3,0,7
2,1579,3,1,0,1,7
2,1596,3,1,0,0,7
2,1599,3,1,0,0,7
2,1678,3,1,1,0,7
2,1692,3,1,0,0,7
2,1694,3,1,0,1,7
2,1718,3,1,3,0,7
2,1778,3,1,0,0,7
2,1784,3,1,1,0,7
2,1792,3,1,0,0,7
2,1793,3,1,3,0,7
2,1841,3,1,0,0,7
2,1851,3,1,3,0,7
2,1972,3,1,0,0,7
2,1978,3,1,0,0,7
2,2000,3,1,3,0,7
2,2003,3,1,0,0,7
2,2033,3,1,0,1,7
2,2034,3,1,0,0,7
2,2083,3,1,0,1,7
2,2128,3,1,0,0,7
2,2160,3,1,0,0,7
2,2163,3,1,0,0,7
2,2209,3,1,0,0,7
2,2232,3,1,0,1,7
2,2234,3,1,1,0,7
2,2236,3,1,0,0,7
2,2254,3,1,0,0,7
2,2267,3,1,1,0,7
2,2320,3,1,0,0,7
2,2340,3,1,0,0,7
2,2346,3,1,0,0,7
2,2361,3,1,0,0,7
2,2365,3,1,3,0,7
2,2372,3,1,0,1,7
2,2373,3,1,0,0,7
2,2432,3,1,0,0,7
2,2461,3,1,0,0,7
2,2464,3,1,0,0,7
2,2479,3,1,0,0,7
2,2482,3,1,0,0,7
2,2484,3,1,0,0,7
2,3,1,1,1,0,8
2,40,1,1,0,0,8
2,41,1,1,0,0,8
2,49,1,1,0,1,8
2,70,1,1,0,0,8
2,82,1,1,0,0,8
2,84,1,1,0,0,8
2,90,1,1,0,0,8
2,115,1,1,0,0,8
2,128,1,1,0,0,8
2,137,1,1,0,0,8
2,202,1,1,1,0,8
2,230,1,1,0,0,8
2,243,1,1,1,0,8
2,256,1,1,1,0,8
2,263,1,1,0,0,8
2,267,1,1,0,0,8
2,304,1,1,0,0,8
2,321,1,1,0,0,8
2,337,1,1,1,0,8
2,349,1,1,0,1,8
2,362,1,1,0,0,8
2,380,1,1,0,1,8
2,406,1,1,0,0,8
2,441,1,1,0,0,8
2,445,1,1,1,0,8
2,460,1,1,0,0,8
2,493,1,1,0,1,8
2,496,1,1,1,0,8
2,501,1,1,1,0,8
2,543,1,1,0,0,8
2,548,1,1,0,1,8
2,557,1,1,1,0,8
2,590,1,1,1,0,8
2,605,1,1,0,0,8
2,639,1,1,0,1,8
2,653,1,1,0,0,8
2,661,1,1,1,0,8
2,701,1,1,0,0,8
2,706,1,1,1,0,8
2,707,1,1,0,0,8
2,726,1,1,0,0,8
2,728,1,1,0,0,8
2,740,1,1,0,0,8
2,764,1,1,0,0,8
2,788,1,1,0,1,8
2,808,1,1,0,0,8
2,823,1,1,0,1,8
2,827,1,1,0,0,8
2,877,1,1,1,0,8
2,880,1,1,1,0,8
2,892,1,1,0,0,8
2,981,1,1,0,1,8
2,987,1,1,0,0,8
2,994,1,1,0,0,8
2,1018,1,1,0,0,8
2,1023,1,1,1,0,8
2,1046,1,1,0,0,8
2,1047,1,1,0,1,8
2,1073,1,1,0,0,8
2,1106,1,1,0,0,8
2,1136,1,1,0,0,8
2,1168,1,1,0,0,8
2,1197,1,1,0,0,8
2,1199,1,1,0,0,8
2,1205,1,1,0,0,8
2,1242,1,1,0,0,8
2,1252,1,1,0,0,8
2,1268,1,1,0,0,8
2,1269,1,1,0,0,8
2,1276,1,1,0,0,8
2,1284,1,1,1,0,8
2,1291,1,1,0,0,8
2,1323,1,1,1,0,8
2,1328,1,1,0,0,8
2,1331,1,1,1,0,8
2,1360,1,1,0,1,8
2,1363,1,1,1,0,8
2,1367,1,1,0,1,8
2,1395,1,1,0,0,8
2,1419,1,1,0,0,8
2,1454,1,1,0,1,8
2,1462,1,1,0,0,8
2,1466,1,1,0,1,8
2,1472,1,1,0,0,8
2,1512,1,1,1,0,8
2,1531,1,1,0,1,8
2,1549,1,1,0,0,8
2,1552,1,1,0,0,8
2,1571,1,1,0,0,8
2,1625,1,1,0,0,8
2,1636,1,1,0,0,8
2,1665,1,1,0,0,8
2,1675,1,1,0,0,8
2,1705,1,1,0,1,8
2,1706,1,1,0,0,8
2,1717,1,1,0,0,8
2,1720,1,1,1,0,8
2,1737,1,1,0,1,8
2,1740,1,1,0,0,8
2,1790,1,1,0,0,8
2,1799,1,1,0,0,8
2,1822,1,1,0,0,8
2,1842,1,1,1,0,8
2,1856,1,1,0,1,8
2,1861,1,1,1,0,8
2,1902,1,1,0,0,8
2,1926,1,1,0,1,8
2,1937,1,1,0,1,8
2,1959,1,1,0,0,8
2,2002,1,1,0,0,8
2,2004,1,1,0,0,8
2,2050,1,1,0,0,8
2,2051,1,1,0,0,8
2,2060,1,1,0,1,8
2,2127,1,1,1,0,8
2,2129,1,1,0,0,8
2,2145,1,1,0,0,8
2,2167,1,1,0,1,8
2,2171,1,1,1,0,8
2,2261,1,1,1,0,8
2,2291,1,1,1,0,8
2,2308,1,1,0,0,8
2,2338,1,1,0,1,8
2,2401,1,1,0,1,8
2,2404,1,1,0,0,8
2,2431,1,1,1,0,8
2,2481,1,1,1,0,8
2,2489,1,1,0,0,8
2,1,3,1,0,0,9
2,2,3,1,0,0,9
2,4,3,1,0,0,9
2,14,3,1,0,1,9
2,24,3,1,0,0,9
2,30,3,1,0,0,9
2,31,3,1,0,0,9
2,35,3,1,0,0,9
2,37,3,1,0,0,9
2,42,3,1,0,0,9
2,51,3,1,0,0,9
2,56,3,1,3,0,9
2,59,3,1,3,0,9
2,91,3,1,0,0,9
2,93,3,1,1,0,9
2,124,3,1,3,0,9
2,149,3,1,3,0,9
2,169,3,1,0,1,9
2,175,3,1,3,0,9
2,176,3,1,0,0,9
2,177,3,1,0,0,9
2,189,3,1,0,0,9
2,203,3,1,0,0,9
2,257,3,1,0,0,9
2,309,3,1,0,1,9
2,311,3,1,1,0,9
2,340,3,1,0,0,9
2,354,3,1,0,1,9
2,355,3,1,0,0,9
2,357,3,1,0,0,9
2,402,3,1,0,0,9
2,403,3,1,0,0,9
2,415,3,1,0,0,9
2,420,3,1,0,0,9
2,442,3,1,0,0,9
2,446,3,1,0,0,9
2,458,3,1,0,0,9
2,461,3,1,0,0,9
2,489,3,1,0,0,9
2,503,3,1,0,0,9
2,528,3,1,0,0,9
2,532,3,1,1,0,9
2,551,3,1,1,0,9
2,555,3,1,0,1,9
2,607,3,1,0,1,9
2,610,3,1,0,0,9
2,611,3,1,0,1,9
2,614,3,1,1,0,9
2,615,3,1,1,0,9
2,623,3,1,0,0,9
2,664,3,1,0,0,9
2,669,3,1,0,0,9
2,687,3,1,1,0,9
2,693,3,1,1,0,9
2,710,3,1,0,0,9
2,718,3,1,0,1,9
2,731,3,1,0,0,9
2,735,3,1,3,0,9
2,748,3,1,0,0,9
2,763,3,1,1,0,9
2,786,3,1,0,0,9
2,791,3,1,0,0,9
2,792,3,1,0,1,9
2,805,3,1,0,0,9
2,819,3,1,0,1,9
2,821,3,1,0,0,9
2,857,3,1,0,0,9
2,890,3,1,0,1,9
2,910,3,1,1,0,9
2,932,3,1,0,0,9
2,935,3,1,0,1,9
2,940,3,1,0,0,9
2,959,3,1,3,0,9
2,971,3,1,0,1,9
2,983,3,1,3,0,9
2,986,3,1,0,0,9
2,988,3,1,1,0,9
2,989,3,1,0,0,9
2,1000,3,1,0,0,9
2,1004,3,1,0,0,9
2,1006,3,1,0,0,9
2,1021,3,1,0,0,9
2,1028,3,1,1,0,9
2,1037,3,1,0,1,9
2,1056,3,1,0,1,9
2,1061,3,1,0,1,9
2,1067,3,1,0,1,9
2,1075,3,1,0,0,9
2,1080,3,1,0,0,9
2,1087,3,1,0,0,9
2,1091,3,1,0,0,9
2,1098,3,1,0,0,9
2,1108,3,1,0,0,9
2,1110,3,1,0,0,9
2,1123,3,1,0,0,9
2,1139,3,1,0,1,9
2,1141,3,1,0,0,9
2,1164,3,1,0,0,9
2,1210,3,1,0,0,9
2,1232,3,1,0,1,9
2,1235,3,1,0,0,9
2,1238,3,1,0,0,9
2,1254,3,1,0,0,9
2,1299,3,1,3,0,9
2,1306,3,1,0,0,9
2,1342,3,1,1,0,9
2,1365,3,1,0,0,9
2,1369,3,1,0,0,9
2,1380,3,1,0,0,9
2,1400,3,1,3,0,9
2,1402,3,1,1,0,9
2,1422,3,1,0,0,9
2,1439,3,1,0,1,9
2,1444,3,1,1,0,9
2,1450,3,1,0,1,9
2,1461,3,1,0,0,9
2,1467,3,1,0,0,9
2,1469,3,1,0,0,9
2,1477,3,1,0,0,9
2,1480,3,1,0,1,9
2,1489,3,1,0,0,9
2,1495,3,1,0,0,9
2,1500,3,1,3,0,9
2,1528,3,1,0,0,9
2,1586,3,1,1,0,9
2,1590,3,1,0,0,9
2,1592,3,1,0,0,9
2,1605,3,1,0,0,9
2,1621,3,1,0,0,9
2,1622,3,1,0,0,9
2,1624,3,1,0,1,9
2,1639,3,1,0,0,9
2,1640,3,1,0,0,9
2,1651,3,1,0,0,9
2,1655,3,1,1,0,9
2,1684,3,1,0,0,9
2,1727,3,1,0,0,9
2,1775,3,1,0,0,9
2,1810,3,1,0,0,9
2,1812,3,1,0,0,9
2,1816,3,1,3,0,9
2,1828,3,1,1,0,9
2,1835,3,1,0,0,9
2,1853,3,1,0,0,9
2,1855,3,1,3,0,9
2,1857,3,1,0,0,9
2,1859,3,1,0,0,9
2,1890,3,1,0,0,9
2,1893,3,1,0,0,9
2,1907,3,1,0,1,9
2,1915,3,1,0,0,9
2,1964,3,1,0,0,9
2,1967,3,1,0,0,9
2,1996,3,1,0,0,9
2,1999,3,1,0,0,9
2,2005,3,1,0,1,9
2,2023,3,1,0,0,9
2,2067,3,1,0,0,9
2,2068,3,1,0,0,9
2,2072,3,1,0,0,9
2,2088,3,1,0,1,9
2,2093,3,1,0,0,9
2,2099,3,1,0,1,9
2,2125,3,1,0,1,9
2,2146,3,1,0,0,9
2,2151,3,1,0,1,9
2,2156,3,1,0,0,9
2,2164,3,1,0,0,9
2,2176,3,1,0,0,9
2,2178,3,1,3,0,9
2,2244,3,1,0,1,9
2,2256,3,1,0,0,9
2,2268,3,1,0,1,9
2,2280,3,1,0,1,9
2,2283,3,1,0,0,9
2,2293,3,1,0,0,9
2,2296,3,1,0,0,9
2,2303,3,1,3,0,9
2,2328,3,1,1,0,9
2,2329,3,1,0,0,9
2,2342,3,1,0,0,9
2,2360,3,1,3,0,9
2,2389,3,1,0,0,9
2,2392,3,1,0,0,9
2,2406,3,1,0,0,9
2,2424,3,1,1,0,9
2,2437,3,1,0,0,9
2,2443,3,1,0,0,9
2,2451,3,1,1,0,9
2,2456,3,1,0,0,9
2,2462,3,1,3,0,9
2,2473,3,1,0,0,9
2,2476,3,1,0,0,9
2,2488,3,1,1,0,9
2,20,1,3,0,0,10
2,60,1,3,1,0,10
2,157,1,3,0,0,10
2,180,1,3,0,0,10
2,181,1,3,0,0,10
2,237,1,3,0,0,10
2,279,1,3,0,3,10
2,283,1,3,0,0,10
2,286,1,3,1,0,10
2,294,1,3,0,0,10
2,313,1,3,0,1,10
2,338,1,3,0,0,10
2,347,1,3,0,0,10
2,366,1,3,0,3,10
2,382,1,3,0,0,10
2,414,1,3,1,0,10
2,444,1,3,0,0,10
2,453,1,3,0,1,10
2,455,1,3,0,3,10
2,459,1,3,0,1,10
2,469,1,3,0,0,10
2,477,1,3,0,0,10
2,478,1,3,0,0,10
2,482,1,3,0,0,10
2,507,1,3,1,0,10
2,517,1,3,0,0,10
2,523,1,3,0,0,10
2,553,1,3,1,0,10
2,569,1,3,0,0,10
2,602,1,3,0,0,10
2,619,1,3,1,0,10
2,642,1,3,0,0,10
2,648,1,3,0,0,10
2,682,1,3,0,0,10
2,703,1,3,0,0,10
2,720,1,3,0,0,10
2,723,1,3,1,0,10
2,782,1,3,0,0,10
2,796,1,3,0,1,10
2,814,1,3,0,0,10
2,848,1,3,0,0,10
2,867,1,3,0,0,10
2,886,1,3,0,0,10
2,925,1,3,0,0,10
2,927,1,3,0,0,10
2,928,1,3,0,0,10
2,979,1,3,1,0,10
2,980,1,3,0,0,10
2,1010,1,3,0,0,10
2,1015,1,3,0,0,10
2,1022,1,3,0,0,10
2,1039,1,3,1,0,10
2,1048,1,3,0,0,10
2,1063,1,3,0,0,10
2,1070,1,3,0,0,10
2,1115,1,3,0,3,10
2,1122,1,3,0,0,10
2,1150,1,3,0,3,10
2,1159,1,3,0,1,10
2,1160,1,3,0,0,10
2,1173,1,3,0,0,10
2,1174,1,3,0,0,10
2,1211,1,3,0,0,10
2,1217,1,3,0,0,10
2,1225,1,3,1,0,10
2,1241,1,3,0,0,10
2,1312,1,3,0,0,10
2,1317,1,3,0,0,10
2,1320,1,3,0,0,10
2,1327,1,3,0,3,10
2,1337,1,3,0,0,10
2,1357,1,3,0,1,10
2,1376,1,3,0,3,10
2,1383,1,3,0,0,10
2,1385,1,3,0,0,10
2,1396,1,3,1,0,10
2,1423,1,3,0,0,10
2,1431,1,3,0,0,10
2,1432,1,3,0,0,10
2,1434,1,3,0,0,10
2,1448,1,3,0,0,10
2,1449,1,3,1,0,10
2,1465,1,3,0,0,10
2,1473,1,3,0,0,10
2,1485,1,3,0,0,10
2,1487,1,3,0,0,10
2,1491,1,3,0,1,10
2,1504,1,3,0,0,10
2,1511,1,3,0,1,10
2,1570,1,3,0,0,10
2,1587,1,3,0,0,10
2,1591,1,3,0,0,10
2,1648,1,3,0,0,10
2,1654,1,3,0,0,10
2,1680,1,3,0,0,10
2,1714,1,3,0,0,10
2,1770,1,3,0,0,10
2,1786,1,3,0,0,10
2,1865,1,3,0,0,10
2,1871,1,3,0,0,10
2,1886,1,3,0,0,10
2,1888,1,3,0,0,10
2,1901,1,3,0,0,10
2,1903,1,3,0,0,10
2,1905,1,3,0,0,10
2,1949,1,3,0,0,10
2,1953,1,3,0,3,10
2,1994,1,3,0,0,10
2,2089,1,3,1,0,10
2,2109,1,3,0,0,10
2,2134,1,3,0,0,10
2,2140,1,3,0,0,10
2,2141,1,3,0,0,10
2,2169,1,3,0,3,10
2,2194,1,3,1,0,10
2,2198,1,3,0,0,10
2,2208,1,3,0,1,10
2,2250,1,3,0,0,10
2,2270,1,3,1,0,10
2,2292,1,3,0,0,10
2,2314,1,3,0,3,10
2,2341,1,3,0,1,10
2,2347,1,3,0,0,10
2,2374,1,3,0,1,10
2,2384,1,3,0,0,10
2,2395,1,3,0,0,10
2,2445,1,3,0,0,10
2,2457,1,3,0,0,10
2,2468,1,3,0,1,10
2,2485,1,3,0,0,10
2,0,1,1,0,0,11
2,5,1,1,0,0,11
2,7,1,1,0,0,11
2,8,1,1,0,1,11
2,19,1,1,0,0,11
2,21,1,1,0,0,11
2,23,1,1,0,0,11
2,34,1,1,0,1,11
2,43,1,1,0,0,11
2,48,1,1,0,0,11
2,50,1,1,0,0,11
2,55,1,1,0,0,11
2,63,1,1,0,0,11
2,71,1,1,0,0,11
2,86,1,1,0,0,11
2,88,1,1,1,0,11
2,106,1,1,0,1,11
2,107,1,1,0,0,11
2,160,1,1,0,0,11
2,167,1,1,1,0,11
2,182,1,1,0,1,11
2,191,1,1,0,0,11
2,221,1,1,0,0,11
2,236,1,1,0,0,11
2,241,1,1,1,0,11
2,254,1,1,0,1,11
2,258,1,1,1,0,11
2,262,1,1,0,0,11
2,269,1,1,0,0,11
2,273,1,1,0,0,11
2,276,1,1,1,0,11
2,281,1,1,0,0,11
2,288,1,1,1,0,11
2,306,1,1,0,0,11
2,312,1,1,0,0,11
2,315,1,1,0,1,11
2,333,1,1,0,0,11
2,339,1,1,0,0,11
2,344,1,1,0,0,11
2,352,1,1,0,0,11
2,364,1,1,1,0,11
2,372,1,1,1,0,11
2,388,1,1,0,0,11
2,397,1,1,1,0,11
2,404,1,1,0,0,11
2,407,1,1,0,0,11
2,409,1,1,0,0,11
2,417,1,1,1,0,11
2,421,1,1,0,0,11
2,431,1,1,0,0,11
2,436,1,1,0,0,11
2,464,1,1,0,1,11
2,470,1,1,0,0,11
2,488,1,1,1,0,11
2,509,1,1,1,0,11
2,525,1,1,0,0,11
2,538,1,1,0,0,11
2,550,1,1,0,0,11
2,560,1,1,0,0,11
2,561,1,1,1,0,11
2,577,1,1,0,1,11
2,579,1,1,0,0,11
2,620,1,1,0,1,11
2,630,1,1,0,0,11
2,632,1,1,0,0,11
2,635,1,1,0,0,11
2,643,1,1,0,1,11
2,647,1,1,1,0,11
2,649,1,1,0,1,11
2,650,1,1,0,0,11
2,658,1,1,0,0,11
2,672,1,1,0,1,11
2,700,1,1,1,0,11
2,709,1,1,1,0,11
2,744,1,1,1,0,11
2,751,1,1,0,0,11
2,760,1,1,0,0,11
2,762,1,1,0,0,11
2,784,1,1,0,0,11
2,785,1,1,1,0,11
2,789,1,1,1,0,11
2,802,1,1,1,0,11
2,809,1,1,0,0,11
2,825,1,1,0,0,11
2,837,1,1,0,0,11
2,873,1,1,0,1,11
2,874,1,1,0,0,11
2,875,1,1,0,0,11
2,884,1,1,0,0,11
2,902,1,1,0,0,11
2,904,1,1,1,0,11
2,911,1,1,0,0,11
2,922,1,1,1,0,11
2,924,1,1,0,0,11
2,944,1,1,1,0,11
2,952,1,1,0,0,11
2,972,1,1,0,0,11
2,974,1,1,0,0,11
2,978,1,1,0,1,11
2,985,1,1,0,0,11
2,999,1,1,0,0,11
2,1008,1,1,0,0,11
2,1012,1,1,0,0,11
2,1016,1,1,0,1,11
2,1026,1,1,0,0,11
2,1027,1,1,0,0,11
2,1033,1,1,1,0,11
2,1041,1,1,0,1,11
2,1051,1,1,0,0,11
2,1083,1,1,0,1,11
2,1093,1,1,0,0,11
2,1094,1,1,0,1,11
2,1097,1,1,0,1,11
2,1126,1,1,1,0,11
2,1127,1,1,0,0,11
2,1133,1,1,0,0,11
2,1172,1,1,1,0,11
2,1212,1,1,1,0,11
2,1215,1,1,0,0,11
2,1216,1,1,0,0,11
2,1233,1,1,0,0,11
2,1236,1,1,0,1,11
2,1244,1,1,0,0,11
2,1247,1,1,0,0,11
2,1250,1,1,0,0,11
2,1255,1,1,1,0,11
2,1256,1,1,0,0,11
2,1259,1,1,0,0,11
2,1263,1,1,0,1,11
2,1266,1,1,0,1,11
2,1270,1,1,0,0,11
2,1271,1,1,0,1,11
2,1285,1,1,0,0,11
2,1290,1,1,0,0,11
2,1293,1,1,0,0,11
2,1318,1,1,0,0,11
2,1339,1,1,0,0,11
2,1343,1,1,0,0,11
2,1351,1,1,0,0,11
2,1364,1,1,0,0,11
2,1382,1,1,0,1,11
2,1387,1,1,0,0,11
2,1389,1,1,0,0,11
2,1391,1,1,0,0,11
2,1404,1,1,0,0,11
2,1407,1,1,0,1,11
2,1409,1,1,0,0,11
2,1425,1,1,1,0,11
2,1428,1,1,0,1,11
2,1436,1,1,0,0,11
2,1441,1,1,1,0,11
2,1442,1,1,0,0,11
2,1453,1,1,0,0,11
2,1471,1,1,1,0,11
2,1492,1,1,0,1,11
2,1494,1,1,0,0,11
2,1516,1,1,0,0,11
2,1542,1,1,0,0,11
2,1550,1,1,0,0,11
2,1565,1,1,1,0,11
2,1569,1,1,0,1,11
2,1573,1,1,0,0,11
2,1580,1,1,1,0,11
2,1593,1,1,0,0,11
2,1602,1,1,0,1,11
2,1606,1,1,1,0,11
2,1609,1,1,0,1,11
2,1610,1,1,0,0,11
2,1620,1,1,0,1,11
2,1628,1,1,0,0,11
2,1629,1,1,0,0,11
2,1634,1,1,0,0,11
2,1643,1,1,0,1,11
2,1652,1,1,0,0,11
2,1656,1,1,1,0,11
2,1661,1,1,1,0,11
2,1669,1,1,0,0,11
2,1671,1,1,0,0,11
2,1674,1,1,1,0,11
2,1676,1,1,0,1,11
2,1683,1,1,0,0,11
2,1695,1,1,0,0,11
2,1696,1,1,0,0,11
2,1703,1,1,0,0,11
2,1704,1,1,0,0,11
2,1712,1,1,0,0,11
2,1721,1,1,0,0,11
2,1731,1,1,0,1,11
2,1743,1,1,0,0,11
2,1745,1,1,0,0,11
2,1747,1,1,0,0,11
2,1750,1,1,0,0,11
2,1753,1,1,0,0,11
2,1759,1,1,0,0,11
2,1772,1,1,0,0,11
2,1809,1,1,0,0,11
2,1823,1,1,1,0,11
2,1826,1,1,0,0,11
2,1854,1,1,0,0,11
2,1867,1,1,0,0,11
2,1883,1,1,0,0,11
2,1891,1,1,0,0,11
2,1906,1,1,0,0,11
2,1910,1,1,0,1,11
2,1912,1,1,0,0,11
2,1914,1,1,0,0,11
2,1916,1,1,0,0,11
2,1921,1,1,0,0,11
2,1939,1,1,0,0,11
2,1947,1,1,1,0,11
2,1962,1,1,0,0,11
2,1963,1,1,0,0,11
2,1969,1,1,1,0,11
2,1973,1,1,0,0,11
2,1991,1,1,0,0,11
2,1995,1,1,0,1,11
2,1998,1,1,0,0,11
2,2019,1,1,0,1,11
2,2024,1,1,0,1,11
2,2027,1,1,1,0,11
2,2030,1,1,0,0,11
2,2035,1,1,0,0,11
2,2036,1,1,0,0,11
2,2047,1,1,0,1,11
2,2066,1,1,0,1,11
2,2080,1,1,0,0,11
2,2096,1,1,0,0,11
2,2101,1,1,1,0,11
2,2111,1,1,0,0,11
2,2126,1,1,0,0,11
2,2131,1,1,0,1,11
2,2135,1,1,0,0,11
2,2153,1,1,0,0,11
2,2154,1,1,1,0,11
2,2158,1,1,1,0,11
2,2161,1,1,0,0,11
2,2166,1,1,0,0,11
2,2180,1,1,0,1,11
2,2181,1,1,0,0,11
2,2184,1,1,1,0,11
2,2189,1,1,1,0,11
2,2195,1,1,0,0,11
2,2200,1,1,1,0,11
2,2201,1,1,0,0,11
2,2213,1,1,0,0,11
2,2224,1,1,1,0,11
2,2225,1,1,0,0,11
2,2229,1,1,0,0,11
2,2253,1,1,0,0,11
2,2302,1,1,0,0,11
2,2310,1,1,1,0,11
2,2313,1,1,0,0,11
2,2317,1,1,1,0,11
2,2319,1,1,1,0,11
2,2327,1,1,0,0,11
2,2344,1,1,0,0,11
2,2359,1,1,0,0,11
2,2377,1,1,1,0,11
2,2379,1,1,0,0,11
2,2386,1,1,1,0,11
2,2391,1,1,0,1,11
2,2398,1,1,1,0,11
2,2414,1,1,0,1,11
2,2422,1,1,0,1,11
2,2428,1,1,1,0,11
2,2434,1,1,0,0,11
2,2436,1,1,0,1,11
2,2439,1,1,0,0,11
2,2440,1,1,1,0,11
2,2446,1,1,0,0,11
2,2463,1,1,1,0,11
2,2471,1,1,0,0,11
2,2497,1,1,0,0,11
2,6,1,1,0,0,12
2,29,1,1,0,0,12
2,45,1,1,0,0,12
2,61,1,1,0,0,12
2,69,1,1,0,0,12
2,73,1,1,0,0,12
2,100,1,1,1,0,12
2,102,1,1,1,0,12
2,114,1,1,0,1,12
2,133,1,1,0,1,12
2,145,1,1,0,1,12
2,150,1,1,0,0,12
2,166,1,1,0,0,12
2,174,1,1,0,0,12
2,201,1,1,0,0,12
2,206,1,1,0,0,12
2,208,1,1,0,0,12
2,209,1,1,0,0,12
2,210,1,1,0,0,12
2,223,1,1,0,0,12
2,224,1,1,0,0,12
2,239,1,1,1,0,12
2,245,1,1,0,0,12
2,265,1,1,0,0,12
2,268,1,1,1,0,12
2,271,1,1,1,0,12
2,300,1,1,0,0,12
2,319,1,1,0,0,12
2,322,1,1,0,0,12
2,413,1,1,0,0,12
2,422,1,1,0,0,12
2,435,1,1,1,0,12
2,451,1,1,0,1,12
2,473,1,1,0,0,12
2,480,1,1,1,0,12
2,495,1,1,0,1,12
2,502,1,1,0,0,12
2,535,1,1,0,0,12
2,541,1,1,1,0,12
2,544,1,1,0,0,12
2,549,1,1,0,0,12
2,575,1,1,0,0,12
2,584,1,1,0,1,12
2,585,1,1,0,0,12
2,587,1,1,0,0,12
2,591,1,1,0,0,12
2,597,1,1,0,0,12
2,616,1,1,0,1,12
2,617,1,1,0,0,12
2,627,1,1,0,0,12
2,645,1,1,0,0,12
2,681,1,1,0,1,12
2,690,1,1,1,0,12
2,705,1,1,0,0,12
2,729,1,1,0,0,12
2,737,1,1,1,0,12
2,746,1,1,0,0,12
2,765,1,1,0,0,12
2,766,1,1,0,0,12
2,770,1,1,1,0,12
2,794,1,1,0,0,12
2,795,1,1,0,0,12
2,830,1,1,0,0,12
2,842,1,1,0,1,12
2,843,1,1,0,0,12
2,845,1,1,0,1,12
2,846,1,1,1,0,12
2,929,1,1,0,0,12
2,931,1,1,0,0,12
2,947,1,1,1,0,12
2,949,1,1,1,0,12
2,950,1,1,0,0,12
2,968,1,1,0,0,12
2,969,1,1,0,1,12
2,984,1,1,1,0,12
2,1014,1,1,0,0,12
2,1020,1,1,0,0,12
2,1025,1,1,0,1,12
2,1035,1,1,0,0,12
2,1036,1,1,0,0,12
2,1058,1,1,0,1,12
2,1068,1,1,0,0,12
2,1081,1,1,0,0,12
2,1089,1,1,0,0,12
2,1107,1,1,1,0,12
2,1116,1,1,0,1,12
2,1117,1,1,0,0,12
2,1121,1,1,0,0,12
2,1124,1,1,0,0,12
2,1130,1,1,0,0,12
2,1137,1,1,0,0,12
2,1185,1,1,1,0,12
2,1189,1,1,0,0,12
2,1198,1,1,0,0,12
2,1209,1,1,0,0,12
2,1258,1,1,0,0,12
2,1262,1,1,0,0,12
2,1267,1,1,0,0,12
2,1282,1,1,0,1,12
2,1296,1,1,0,0,12
2,1321,1,1,0,0,12
2,1326,1,1,0,0,12
2,1341,1,1,1,0,12
2,1345,1,1,1,0,12
2,1348,1,1,0,1,12
2,1362,1,1,0,0,12
2,1421,1,1,1,0,12
2,1424,1,1,0,0,12
2,1429,1,1,0,0,12
2,1455,1,1,0,1,12
2,1496,1,1,1,0,12
2,1503,1,1,0,0,12
2,1515,1,1,0,0,12
2,1539,1,1,0,1,12
2,1545,1,1,0,1,12
2,1547,1,1,0,0,12
2,1548,1,1,0,0,12
2,1553,1,1,0,0,12
2,1562,1,1,1,0,12
2,1583,1,1,0,0,12
2,1597,1,1,1,0,12
2,1601,1,1,0,1,12
2,1608,1,1,0,0,12
2,1627,1,1,0,1,12
2,1633,1,1,0,0,12
2,1644,1,1,0,0,12
2,1647,1,1,1,0,12
2,1657,1,1,0,1,12
2,1672,1,1,0,0,12
2,1677,1,1,0,0,12
2,1691,1,1,0,0,12
2,1716,1,1,0,0,12
2,1744,1,1,1,0,12
2,1749,1,1,0,1,12
2,1763,1,1,0,0,12
2,1769,1,1,0,0,12
2,1773,1,1,0,1,12
2,1779,1,1,0,1,12
2,1796,1,1,0,0,12
2,1803,1,1,0,0,12
2,1815,1,1,1,0,12
2,1817,1,1,1,0,12
2,1818,1,1,0,0,12
2,1824,1,1,0,0,12
2,1839,1,1,0,0,12
2,1847,1,1,0,0,12
2,1868,1,1,0,1,12
2,1872,1,1,0,1,12
2,1911,1,1,0,0,12
2,1920,1,1,0,0,12
2,1925,1,1,1,0,12
2,1929,1,1,0,0,12
2,1938,1,1,1,0,12
2,1941,1,1,0,0,12
2,1952,1,1,0,0,12
2,1968,1,1,0,0,12
2,1977,1,1,0,1,12
2,1987,1,1,1,0,12
2,1997,1,1,1,0,12
2,2011,1,1,0,0,12
2,2014,1,1,0,0,12
2,2039,1,1,0,1,12
2,2064,1,1,0,0,12
2,2069,1,1,0,1,12
2,2079,1,1,0,1,12
2,2090,1,1,0,0,12
2,2115,1,1,0,0,12
2,2119,1,1,0,0,12
2,2132,1,1,1,0,12
2,2139,1,1,0,1,12
2,2150,1,1,1,0,12
2,2179,1,1,0,0,12
2,2188,1,1,0,1,12
2,2190,1,1,0,0,12
2,2248,1,1,1,0,12
2,2257,1,1,1,0,12
2,2259,1,1,0,0,12
2,2274,1,1,0,0,12
2,2279,1,1,0,1,12
2,2289,1,1,0,1,12
2,2336,1,1,0,0,12
2,2353,1,1,1,0,12
2,2366,1,1,0,1,12
2,2396,1,1,0,0,12
2,2413,1,1,1,0,12
2,2420,1,1,0,1,12
2,2425,1,1,0,0,12
2,2438,1,1,0,1,12
2,2447,1,1,0,1,12
2,2454,1,1,0,0,12
2,2478,1,1,0,1,12
2,2492,1,1,0,0,12
2,2498,1,1,0,0,12
2,12,1,1,0,0,13
2,26,1,1,0,1,13
2,32,1,1,0,0,13
2,77,1,1,0,1,13
2,78,1,1,0,0,13
2,79,1,1,0,0,13
2,94,1,1,0,0,13
2,117,1,1,0,0,13
2,123,1,1,1,0,13
2,127,1,1,0,0,13
2,146,1,1,0,0,13
2,151,1,1,0,1,13
2,152,1,1,0,0,13
2,171,1,1,1,0,13
2,207,1,1,0,1,13
2,240,1,1,0,0,13
2,277,1,1,0,1,13
2,350,1,1,0,0,13
2,351,1,1,0,0,13
2,363,1,1,0,0,13
2,376,1,1,0,1,13
2,378,1,1,0,0,13
2,393,1,1,0,0,13
2,429,1,1,0,1,13
2,449,1,1,0,0,13
2,466,1,1,0,1,13
2,484,1,1,0,0,13
2,518,1,1,0,0,13
2,558,1,1,0,0,13
2,564,1,1,0,0,13
2,567,1,1,0,0,13
2,570,1,1,0,1,13
2,571,1,1,0,0,13
2,583,1,1,0,0,13
2,600,1,1,0,0,13
2,612,1,1,0,0,13
2,618,1,1,0,0,13
2,636,1,1,0,1,13
2,652,1,1,0,1,13
2,688,1,1,0,0,13
2,736,1,1,0,0,13
2,772,1,1,0,0,13
2,812,1,1,0,1,13
2,813,1,1,0,1,13
2,832,1,1,0,1,13
2,834,1,1,0,1,13
2,856,1,1,0,0,13
2,859,1,1,0,1,13
2,866,1,1,0,1,13
2,926,1,1,1,0,13
2,939,1,1,0,0,13
2,1002,1,1,0,0,13
2,1003,1,1,0,0,13
2,1013,1,1,0,1,13
2,1017,1,1,0,0,13
2,1043,1,1,1,0,13
2,1060,1,1,0,0,13
2,1071,1,1,0,0,13
2,1104,1,1,0,0,13
2,1118,1,1,1,0,13
2,1142,1,1,1,0,13
2,1143,1,1,1,0,13
2,1144,1,1,1,0,13
2,1157,1,1,0,0,13
2,1162,1,1,0,1,13
2,1167,1,1,0,0,13
2,1171,1,1,0,1,13
2,1187,1,1,0,1,13
2,1196,1,1,1,0,13
2,1201,1,1,0,0,13
2,1203,1,1,0,0,13
2,1229,1,1,0,1,13
2,1243,1,1,0,0,13
2,1251,1,1,0,1,13
2,1253,1,1,0,0,13
2,1288,1,1,0,0,13
2,1302,1,1,0,0,13
2,1333,1,1,1,0,13
2,1392,1,1,0,0,13
2,1394,1,1,0,0,13
2,1418,1,1,0,0,13
2,1447,1,1,0,1,13
2,1567,1,1,0,0,13
2,1611,1,1,0,0,13
2,1638,1,1,0,1,13
2,1653,1,1,0,1,13
2,1660,1,1,0,1,13
2,1729,1,1,0,0,13
2,1732,1,1,1,0,13
2,1748,1,1,0,0,13
2,1751,1,1,0,1,13
2,1758,1,1,0,1,13
2,1760,1,1,0,0,13
2,1766,1,1,0,0,13
2,1777,1,1,0,0,13
2,1798,1,1,0,0,13
2,1850,1,1,0,0,13
2,1852,1,1,0,0,13
2,1863,1,1,0,0,13
2,1870,1,1,0,1,13
2,1882,1,1,0,0,13
2,1884,1,1,0,1,13
2,1923,1,1,1,0,13
2,1927,1,1,0,0,13
2,1930,1,1,0,0,13
2,1931,1,1,0,0,13
2,1934,1,1,0,0,13
2,1935,1,1,1,0,13
2,1981,1,1,0,0,13
2,2026,1,1,0,1,13
2,2061,1,1,0,1,13
2,2085,1,1,0,0,13
2,2091,1,1,0,0,13
2,2097,1,1,0,0,13
2,2136,1,1,0,1,13
2,2143,1,1,1,0,13
2,2162,1,1,0,1,13
2,2202,1,1,0,0,13
2,2249,1,1,0,0,13
2,2281,1,1,1,0,13
2,2298,1,1,0,0,13
2,2334,1,1,0,0,13
2,2350,1,1,1,0,13
2,2356,1,1,0,1,13
2,2367,1,1,1,0,13
2,2388,1,1,0,1,13
2,2407,1,1,1,0,13
2,2412,1,1,0,1,13
2,2429,1,1,0,0,13
2,2430,1,1,0,0,13
2,2458,1,1,0,0,13
2,2459,1,1,1,0,13
2,2472,1,1,0,0,13
2,2474,1,1,0,0,13
2,2483,1,1,0,0,13
2,11,2,1,2,0,14
2,15,2,1,0,1,14
2,33,2,1,1,0,14
2,36,2,1,0,0,14
2,62,2,1,0,0,14
2,83,2,1,0,0,14
2,120,2,1,0,0,14
2,132,2,1,0,0,14
2,136,2,1,0,0,14
2,140,2,1,1,0,14
2,188,2,1,1,0,14
2,193,2,1,0,0,14
2,227,2,1,0,0,14
2,233,2,1,0,0,14
2,242,2,1,0,1,14
2,261,2,1,2,0,14
2,282,2,1,0,0,14
2,297,2,1,1,0,14
2,314,2,1,0,0,14
2,330,2,1,0,0,14
2,359,2,1,0,0,14
2,386,2,1,0,0,14
2,400,2,1,0,0,14
2,427,2,1,0,0,14
2,434,2,1,0,0,14
2,437,2,1,0,0,14
2,439,2,1,2,0,14
2,443,2,1,0,0,14
2,447,2,1,0,1,14
2,471,2,1,0,0,14
2,472,2,1,0,0,14
2,485,2,1,0,0,14
2,492,2,1,0,0,14
2,533,2,1,0,0,14
2,537,2,1,0,1,14
2,565,2,1,0,0,14
2,581,2,1,2,0,14
2,593,2,1,1,0,14
2,613,2,1,0,0,14
2,631,2,1,1,0,14
2,633,2,1,0,0,14
2,640,2,1,0,0,14
2,646,2,1,0,0,14
2,667,2,1,0,0,14
2,686,2,1,0,0,14
2,689,2,1,0,1,14
2,702,2,1,0,0,14
2,711,2,1,0,0,14
2,712,2,1,0,0,14
2,717,2,1,0,0,14
2,724,2,1,0,0,14
2,732,2,1,0,0,14
2,734,2,1,2,0,14
2,739,2,1,0,1,14
2,742,2,1,0,1,14
2,747,2,1,0,0,14
2,753,2,1,0,0,14
2,775,2,1,0,0,14
2,815,2,1,0,0,14
2,817,2,1,0,0,14
2,818,2,1,0,1,14
2,826,2,1,1,0,14
2,858,2,1,0,0,14
2,878,2,1,0,0,14
2,888,2,1,0,0,14
2,893,2,1,0,0,14
2,896,2,1,0,0,14
2,903,2,1,0,0,14
2,916,2,1,0,0,14
2,933,2,1,2,0,14
2,943,2,1,2,0,14
2,953,2,1,0,0,14
2,954,2,1,0,0,14
2,966,2,1,0,0,14
2,976,2,1,0,1,14
2,982,2,1,0,0,14
2,997,2,1,1,0,14
2,1064,2,1,0,0,14
2,1074,2,1,0,0,14
2,1078,2,1,0,0,14
2,1119,2,1,0,1,14
2,1152,2,1,0,0,14
2,1155,2,1,0,0,14
2,1165,2,1,1,0,14
2,1178,2,1,0,1,14
2,1204,2,1,0,0,14
2,1206,2,1,0,0,14
2,1228,2,1,0,0,14
2,1249,2,1,0,0,14
2,1292,2,1,0,0,14
2,1294,2,1,0,0,14
2,1298,2,1,2,0,14
2,1303,2,1,0,0,14
2,1307,2,1,0,0,14
2,1314,2,1,0,1,14
2,1319,2,1,0,0,14
2,1347,2,1,1,0,14
2,1370,2,1,0,0,14
2,1375,2,1,0,0,14
2,1378,2,1,0,0,14
2,1397,2,1,0,1,14
2,1410,2,1,2,0,14
2,1417,2,1,0,0,14
2,1427,2,1,0,1,14
2,1443,2,1,0,0,14
2,1460,2,1,0,0,14
2,1463,2,1,0,0,14
2,1479,2,1,0,0,14
2,1481,2,1,0,0,14
2,1502,2,1,1,0,14
2,1522,2,1,0,0,14
2,1534,2,1,2,0,14
2,1551,2,1,0,1,14
2,1555,2,1,1,0,14
2,1560,2,1,0,0,14
2,1588,2,1,0,0,14
2,1613,2,1,1,0,14
2,1616,2,1,0,0,14
2,1618,2,1,0,1,14
2,1619,2,1,0,0,14
2,1637,2,1,0,0,14
2,1641,2,1,0,0,14
2,1646,2,1,0,0,14
2,1667,2,1,1,0,14
2,1682,2,1,0,0,14
2,1688,2,1,0,0,14
2,1755,2,1,0,1,14
2,1757,2,1,0,0,14
2,1802,2,1,2,0,14
2,1820,2,1,0,0,14
2,1832,2,1,0,0,14
2,1878,2,1,0,0,14
2,1892,2,1,0,0,14
2,1909,2,1,0,0,14
2,1924,2,1,0,0,14
2,1950,2,1,2,0,14
2,1974,2,1,2,0,14
2,1976,2,1,2,0,14
2,1988,2,1,0,0,14
2,1990,2,1,2,0,14
2,2007,2,1,0,0,14
2,2009,2,1,0,0,14
2,2010,2,1,0,0,14
2,2015,2,1,0,0,14
2,2037,2,1,0,0,14
2,2043,2,1,0,0,14
2,2044,2,1,0,1,14
2,2046,2,1,2,0,14
2,2053,2,1,1,0,14
2,2058,2,1,0,0,14
2,2076,2,1,0,0,14
2,2077,2,1,0,1,14
2,2095,2,1,2,0,14
2,2098,2,1,0,0,14
2,2103,2,1,0,0,14
2,2118,2,1,0,1,14
2,2144,2,1,0,0,14
2,2170,2,1,2,0,14
2,2174,2,1,0,0,14
2,2182,2,1,0,0,14
2,2187,2,1,0,0,14
2,2197,2,1,0,0,14
2,2203,2,1,0,0,14
2,2206,2,1,0,0,14
2,2223,2,1,0,1,14
2,2258,2,1,0,1,14
2,2266,2,1,0,0,14
2,2271,2,1,0,0,14
2,2277,2,1,0,0,14
2,2294,2,1,2,0,14
2,2311,2,1,1,0,14
2,2318,2,1,1,0,14
2,2351,2,1,1,0,14
2,2352,2,1,0,0,14
2,2364,2,1,0,0,14
2,2369,2,1,1,0,14
2,2371,2,1,2,0,14
2,2381,2,1,1,0,14
2,2383,2,1,2,0,14
2,2387,2,1,0,1,14
2,2411,2,1,2,0,14
2,2415,2,1,0,0,14
2,2444,2,1,0,0,14
2,2453,2,1,0,0,14
2,2470,2,1,0,0,14
10,10,2,2,0,0,0
10,18,2,2,0,0,0
10,28,2,2,1,0,0
10,44,2,2,0,0,0
10,52,2,2,0,0,0
10,99,2,2,0,0,0
10,116,2,2,0,0,0
10,134,2,2,0,0,0
10,144,2,2,0,0,0
10,155,2,2,0,0,0
10,158,2,2,0,0,0
10,165,2,2,0,2,0
10,196,2,2,0,0,0
10,204,2,2,0,0,0
10,211,2,2,1,0,0
10,213,2,2,0,0,0
10,214,2,2,0,2,0
10,222,2,2,0,1,0
10,228,2,2,0,0,0
10,259,2,2,0,1,0
10,264,2,2,0,1,0
10,266,2,2,0,0,0
10,274,2,2,0,0,0
10,278,2,2,0,0,0
10,280,2,2,0,0,0
10,284,2,2,0,2,0
10,292,2,2,0,0,0
10,303,2,2,0,0,0
10,323,2,2,0,2,0
10,328,2,2,1,0,0
10,331,2,2,0,0,0
10,335,2,2,0,0,0
10,341,2,2,0,0,0
10,371,2,2,0,0,0
10,392,2,2,0,1,0
10,399,2,2,0,0,0
10,411,2,2,0,0,0
10,419,2,2,0,0,0
10,450,2,2,0,0,0
10,508,2,2,0,0,0
10,527,2,2,0,1,0
10,536,2,2,0,0,0
10,545,2,2,0,0,0
10,546,2,2,1,0,0
10,573,2,2,0,0,0
10,582,2,2,0,0,0
10,598,2,2,0,2,0
10,638,2,2,0,0,0
10,641,2,2,0,0,0
10,663,2,2,0,0,0
10,666,2,2,0,0,0
10,668,2,2,0,0,0
10,683,2,2,0,0,0
10,694,2,2,0,0,0
10,725,2,2,1,0,0
10,750,2,2,0,2,0
10,790,2,2,0,0,0
10,824,2,2,1,0,0
10,831,2,2,1,0,0
10,833,2,2,0,0,0
10,836,2,2,0,0,0
10,870,2,2,0,2,0
10,885,2,2,0,2,0
10,891,2,2,0,0,0
10,897,2,2,1,0,0
10,909,2,2,0,1,0
10,951,2,2,0,0,0
10,956,2,2,0,0,0
10,957,2,2,1,0,0
10,958,2,2,0,0,0
10,963,2,2,0,2,0
10,970,2,2,0,0,0
10,977,2,2,0,0,0
10,1001,2,2,1,0,0
10,1042,2,2,0,0,0
10,1052,2,2,0,0,0
10,1066,2,2,0,0,0
10,1085,2,2,0,0,0
10,1100,2,2,0,0,0
10,1163,2,2,0,2,0
10,1166,2,2,0,0,0
10,1179,2,2,0,0,0
10,1186,2,2,0,1,0
10,1214,2,2,1,0,0
10,1231,2,2,0,2,0
10,1245,2,2,0,0,0
10,1260,2,2,0,0,0
10,1261,2,2,0,0,0
10,1277,2,2,0,0,0
10,1283,2,2,0,0,0
10,1316,2,2,0,0,0
10,1330,2,2,0,2,0
10,1356,2,2,0,0,0
10,1390,2,2,0,1,0
10,1398,2,2,0,0,0
10,1406,2,2,0,0,0
10,1408,2,2,0,0,0
10,1440,2,2,1,0,0
10,1452,2,2,1,0,0
10,1468,2,2,0,0,0
10,1475,2,2,0,0,0
10,1478,2,2,0,0,0
10,1483,2,2,1,0,0
10,1499,2,2,0,0,0
10,1507,2,2,0,2,0
10,1510,2,2,0,0,0
10,1513,2,2,0,0,0
10,1523,2,2,0,0,0
10,1529,2,2,0,0,0
10,1535,2,2,0,1,0
10,1543,2,2,0,0,0
10,1558,2,2,0,0,0
10,1561,2,2,0,2,0
10,1577,2,2,1,0,0
10,1584,2,2,0,0,0
10,1594,2,2,1,0,0
10,1604,2,2,0,0,0
10,1614,2,2,1,0,0
10,1617,2,2,0,0,0
10,1632,2,2,1,0,0
10,1662,2,2,0,0,0
10,1664,2,2,0,0,0
10,1698,2,2,1,0,0
10,1699,2,2,0,0,0
10,1762,2,2,0,0,0
10,1780,2,2,1,0,0
10,1782,2,2,0,1,0
10,1821,2,2,0,2,0
10,1825,2,2,0,0,0
10,1829,2,2,0,0,0
10,1833,2,2,1,0,0
10,1836,2,2,0,0,0
10,1840,2,2,0,0,0
10,1843,2,2,0,0,0
10,1845,2,2,0,0,0
10,1846,2,2,0,0,0
10,1876,2,2,0,2,0
10,1894,2,2,0,0,0
10,1895,2,2,0,0,0
10,1900,2,2,1,0,0
10,1917,2,2,0,0,0
10,1918,2,2,0,0,0
10,1943,2,2,0,2,0
10,1946,2,2,0,0,0
10,1954,2,2,0,0,0
10,1961,2,2,0,0,0
10,1966,2,2,0,2,0
10,1975,2,2,0,0,0
10,1983,2,2,0,1,0
10,2016,2,2,0,0,0
10,2032,2,2,0,1,0
10,2049,2,2,1,0,0
10,2052,2,2,1,0,0
10,2054,2,2,0,0,0
10,2073,2,2,0,0,0
10,2087,2,2,0,0,0
10,2104,2,2,1,0,0
10,2113,2,2,0,2,0
10,2121,2,2,1,0,0
10,2142,2,2,0,2,0
10,2173,2,2,0,2,0
10,2177,2,2,0,0,0
10,2185,2,2,0,0,0
10,2186,2,2,0,2,0
10,2211,2,2,0,0,0
10,2217,2,2,0,1,0
10,2221,2,2,0,0,0
10,2230,2,2,0,0,0
10,2243,2,2,0,0,0
10,2247,2,2,0,0,0
10,2262,2,2,0,0,0
10,2282,2,2,1,0,0
10,2301,2,2,0,2,0
10,2312,2,2,0,2,0
10,2315,2,2,1,0,0
10,2316,2,2,1,0,0
10,2326,2,2,0,1,0
10,2343,2,2,0,0,0
10,2345,2,2,1,0,0
10,2375,2,2,0,1,0
10,2382,2,2,1,0,0
10,2394,2,2,0,2,0
10,2397,2,2,1,0,0
10,2408,2,2,0,1,0
10,2409,2,2,0,0,0
10,2419,2,2,0,0,0
10,2449,2,2,0,1,0
10,2452,2,2,0,0,0
10,2467,2,2,0,2,0
10,2493,2,2,0,2,0
10,16,1,1,0,0,1
10,38,1,1,0,0,1
10,72,1,1,0,0,1
10,76,1,1,0,1,1
10,81,1,1,0,0,1
10,92,1,1,0,0,1
10,118,1,1,1,0,1
10,119,1,1,0,0,1
10,125,1,1,0,1,1
10,130,1,1,1,0,1
10,142,1,1,0,0,1
10,190,1,1,0,0,1
10,192,1,1,0,0,1
10,195,1,1,0,0,1
10,199,1,1,1,0,1
10,200,1,1,0,0,1
10,205,1,1,0,0,1
10,216,1,1,0,0,1
10,218,1,1,0,1,1
10,225,1,1,0,0,1
10,232,1,1,0,0,1
10,342,1,1,0,0,1
10,346,1,1,0,0,1
10,353,1,1,0,0,1
10,373,1,1,0,0,1
10,374,1,1,0,1,1
10,381,1,1,1,0,1
10,410,1,1,0,0,1
10,479,1,1,0,0,1
10,490,1,1,0,0,1
10,498,1,1,0,1,1
10,499,1,1,0,0,1
10,511,1,1,0,0,1
10,512,1,1,1,0,1
10,531,1,1,1,0,1
10,566,1,1,0,1,1
10,594,1,1,0,0,1
10,622,1,1,0,0,1
10,651,1,1,0,0,1
10,657,1,1,0,0,1
10,714,1,1,0,0,1
10,743,1,1,1,0,1
10,754,1,1,0,1,1
10,755,1,1,1,0,1
10,757,1,1,0,0,1
10,773,1,1,0,0,1
10,793,1,1,1,0,1
10,798,1,1,0,0,1
10,810,1,1,0,0,1
10,850,1,1,0,0,1
10,853,1,1,1,0,1
10,864,1,1,0,0,1
10,881,1,1,0,0,1
10,895,1,1,0,0,1
10,915,1,1,0,0,1
10,938,1,1,0,1,1
10,948,1,1,0,1,1
10,960,1,1,0,0,1
10,962,1,1,0,1,1
10,965,1,1,0,0,1
10,990,1,1,0,0,1
10,1038,1,1,1,0,1
10,1049,1,1,0,0,1
10,1099,1,1,1,0,1
10,1105,1,1,0,0,1
10,1114,1,1,1,0,1
10,1132,1,1,1,0,1
10,1135,1,1,0,0,1
10,1149,1,1,0,1,1
10,1158,1,1,0,1,1
10,1184,1,1,1,0,1
10,1237,1,1,1,0,1
10,1309,1,1,1,0,1
10,1310,1,1,0,0,1
10,1336,1,1,0,1,1
10,1344,1,1,0,1,1
10,1368,1,1,0,0,1
10,1371,1,1,0,0,1
10,1372,1,1,0,0,1
10,1386,1,1,0,0,1
10,1413,1,1,0,0,1
10,1430,1,1,0,0,1
10,1435,1,1,0,0,1
10,1438,1,1,0,1,1
10,1456,1,1,1,0,1
10,1464,1,1,1,0,1
10,1525,1,1,1,0,1
10,1532,1,1,1,0,1
10,1557,1,1,0,1,1
10,1559,1,1,0,1,1
10,1568,1,1,0,1,1
10,1576,1,1,0,0,1
10,1603,1,1,0,0,1
10,1612,1,1,0,0,1
10,1631,1,1,1,0,1
10,1668,1,1,0,0,1
10,1673,1,1,0,0,1
10,1679,1,1,0,0,1
10,1689,1,1,0,0,1
10,1707,1,1,0,1,1
10,1711,1,1,0,0,1
10,1713,1,1,0,1,1
10,1730,1,1,1,0,1
10,1736,1,1,0,0,1
10,1738,1,1,1,0,1
10,1739,1,1,1,0,1
10,1746,1,1,0,1,1
10,1768,1,1,0,0,1
10,1794,1,1,0,0,1
10,1801,1,1,0,0,1
10,1813,1,1,0,1,1
10,1819,1,1,0,0,1
10,1834,1,1,0,0,1
10,1838,1,1,0,1,1
10,1873,1,1,0,0,1
10,1904,1,1,0,0,1
10,1919,1,1,0,0,1
10,1932,1,1,0,0,1
10,1948,1,1,0,0,1
10,1951,1,1,0,0,1
10,1955,1,1,0,1,1
10,1960,1,1,1,0,1
10,1982,1,1,0,1,1
10,1985,1,1,0,1,1
10,1989,1,1,0,0,1
10,2008,1,1,0,0,1
10,2055,1,1,1,0,1
10,2102,1,1,0,0,1
10,2106,1,1,0,1,1
10,2149,1,1,0,0,1
10,2152,1,1,0,0,1
10,2207,1,1,0,0,1
10,2210,1,1,0,0,1
10,2212,1,1,0,0,1
10,2226,1,1,0,0,1
10,2228,1,1,0,1,1
10,2233,1,1,1,0,1
10,2235,1,1,0,1,1
10,2240,1,1,0,0,1
10,2242,1,1,1,0,1
10,2252,1,1,1,0,1
10,2288,1,1,1,0,1
10,2322,1,1,0,0,1
10,2330,1,1,1,0,1
10,2358,1,1,1,0,1
10,2376,1,1,0,1,1
10,2423,1,1,0,0,1
10,2442,1,1,0,1,1
10,2448,1,1,1,0,1
10,2455,1,1,0,0,1
10,2466,1,1,1,0,1
10,2469,1,1,0,0,1
10,2480,1,1,0,0,1
10,2496,1,1,0,0,1
10,22,1,1,0,0,2
10,46,1,1,0,1,2
10,98,1,1,1,0,2
10,108,1,1,0,0,2
10,111,1,1,0,0,2
10,113,1,1,0,0,2
10,135,1,1,0,0,2
10,168,1,1,1,0,2
10,179,1,1,0,0,2
10,187,1,1,0,1,2
10,212,1,1,0,0,2
10,235,1,1,0,1,2
10,255,1,1,0,0,2
10,296,1,1,0,0,2
10,310,1,1,1,0,2
10,325,1,1,0,1,2
10,329,1,1,0,1,2
10,345,1,1,0,0,2
10,416,1,1,0,0,2
10,438,1,1,0,0,2
10,556,1,1,0,0,2
10,589,1,1,1,0,2
10,628,1,1,0,0,2
10,654,1,1,1,0,2
10,660,1,1,0,0,2
10,673,1,1,0,0,2
10,676,1,1,0,1,2
10,692,1,1,0,1,2
10,719,1,1,1,0,2
10,727,1,1,0,0,2
10,771,1,1,0,1,2
10,797,1,1,0,0,2
10,804,1,1,0,0,2
10,828,1,1,0,0,2
10,838,1,1,0,0,2
10,841,1,1,0,0,2
10,852,1,1,0,0,2
10,865,1,1,0,1,2
10,917,1,1,1,0,2
10,946,1,1,1,0,2
10,998,1,1,1,0,2
10,1005,1,1,0,0,2
10,1024,1,1,0,0,2
10,1032,1,1,1,0,2
10,1057,1,1,1,0,2
10,1072,1,1,0,1,2
10,1101,1,1,0,1,2
10,1134,1,1,0,0,2
10,1156,1,1,1,0,2
10,1177,1,1,1,0,2
10,1181,1,1,1,0,2
10,1183,1,1,0,1,2
10,1190,1,1,1,0,2
10,1200,1,1,1,0,2
10,1220,1,1,0,0,2
10,1227,1,1,0,0,2
10,1246,1,1,0,0,2
10,1265,1,1,0,0,2
10,1280,1,1,0,0,2
10,1315,1,1,0,0,2
10,1338,1,1,0,0,2
10,1355,1,1,0,1,2
10,1366,1,1,0,0,2
10,1374,1,1,0,0,2
10,1393,1,1,0,0,2
10,1412,1,1,0,0,2
10,1446,1,1,0,0,2
10,1486,1,1,0,0,2
10,1498,1,1,1,0,2
10,1501,1,1,1,0,2
10,1505,1,1,0,0,2
10,1514,1,1,0,0,2
10,1518,1,1,0,0,2
10,1524,1,1,0,0,2
10,1536,1,1,0,0,2
10,1582,1,1,1,0,2
10,1600,1,1,0,0,2
10,1626,1,1,0,0,2
10,1670,1,1,0,1,2
10,1686,1,1,0,0,2
10,1690,1,1,0,0,2
10,1741,1,1,0,0,2
10,1764,1,1,1,0,2
10,1771,1,1,0,0,2
10,1785,1,1,0,0,2
10,1830,1,1,0,0,2
10,1837,1,1,0,0,2
10,1848,1,1,0,0,2
10,1874,1,1,1,0,2
10,1887,1,1,0,0,2
10,1922,1,1,0,0,2
10,1942,1,1,0,0,2
10,1958,1,1,0,1,2
10,1979,1,1,0,1,2
10,2006,1,1,0,0,2
10,2018,1,1,0,1,2
10,2040,1,1,1,0,2
10,2041,1,1,0,1,2
10,2056,1,1,0,0,2
10,2057,1,1,1,0,2
10,2062,1,1,0,1,2
10,2071,1,1,0,0,2
10,2078,1,1,0,0,2
10,2110,1,1,0,0,2
10,2138,1,1,0,1,2
10,2147,1,1,1,0,2
10,2245,1,1,0,0,2
10,2278,1,1,1,0,2
10,2290,1,1,0,1,2
10,2306,1,1,0,0,2
10,2354,1,1,0,0,2
10,2357,1,1,0,1,2
10,2362,1,1,0,1,2
10,2368,1,1,0,1,2
10,2402,1,1,0,1,2
10,2416,1,1,1,0,2
10,2417,1,1,1,0,2
10,2441,1,1,1,0,2
10,2460,1,1,0,1,2
10,2465,1,1,1,0,2
10,2491,1,1,0,0,2
10,53,1,1,0,0,3
10,57,1,1,0,0,3
10,66,1,1,0,0,3
10,67,1,1,0,0,3
10,75,1,1,0,1,3
10,101,1,1,0,0,3
10,103,1,1,0,0,3
10,153,1,1,0,1,3
10,156,1,1,1,0,3
10,178,1,1,0,0,3
10,185,1,1,1,0,3
10,194,1,1,0,0,3
10,219,1,1,0,1,3
10,246,1,1,0,0,3
10,248,1,1,0,1,3
10,275,1,1,0,0,3
10,320,1,1,0,1,3
10,326,1,1,0,1,3
10,332,1,1,0,0,3
10,368,1,1,0,0,3
10,387,1,1,0,0,3
10,405,1,1,0,1,3
10,423,1,1,0,0,3
10,433,1,1,0,0,3
10,452,1,1,0,0,3
10,454,1,1,0,0,3
10,468,1,1,0,0,3
10,474,1,1,1,0,3
10,539,1,1,0,0,3
10,540,1,1,0,0,3
10,547,1,1,0,0,3
10,572,1,1,0,1,3
10,574,1,1,0,1,3
10,595,1,1,0,1,3
10,599,1,1,1,0,3
10,601,1,1,0,1,3
10,624,1,1,1,0,3
10,655,1,1,0,0,3
10,656,1,1,1,0,3
10,671,1,1,0,1,3
10,677,1,1,1,0,3
10,685,1,1,0,1,3
10,691,1,1,0,0,3
10,738,1,1,0,0,3
10,741,1,1,0,0,3
10,752,1,1,0,0,3
10,767,1,1,0,1,3
10,776,1,1,0,0,3
10,779,1,1,1,0,3
10,801,1,1,0,0,3
10,807,1,1,0,0,3
10,839,1,1,0,0,3
10,840,1,1,1,0,3
10,844,1,1,0,1,3
10,854,1,1,0,0,3
10,861,1,1,1,0,3
10,862,1,1,0,0,3
10,872,1,1,0,0,3
10,907,1,1,0,1,3
10,914,1,1,1,0,3
10,930,1,1,0,0,3
10,1007,1,1,0,0,3
10,1011,1,1,1,0,3
10,1045,1,1,0,1,3
10,1053,1,1,0,0,3
10,1077,1,1,0,0,3
10,1147,1,1,0,1,3
10,1151,1,1,0,1,3
10,1169,1,1,0,0,3
10,1192,1,1,0,0,3
10,1213,1,1,0,1,3
10,1226,1,1,0,0,3
10,1230,1,1,0,0,3
10,1272,1,1,0,0,3
10,1289,1,1,1,0,3
10,1295,1,1,0,0,3
10,1300,1,1,0,0,3
10,1305,1,1,1,0,3
10,1311,1,1,0,0,3
10,1313,1,1,0,1,3
10,1349,1,1,0,0,3
10,1350,1,1,1,0,3
10,1358,1,1,0,0,3
10,1359,1,1,0,0,3
10,1361,1,1,0,1,3
10,1403,1,1,0,0,3
10,1426,1,1,0,1,3
10,1476,1,1,0,0,3
10,1497,1,1,1,0,3
10,1506,1,1,0,0,3
10,1527,1,1,0,0,3
10,1581,1,1,0,0,3
10,1589,1,1,0,0,3
10,1649,1,1,1,0,3
10,1650,1,1,1,0,3
10,1659,1,1,0,1,3
10,1663,1,1,0,1,3
10,1719,1,1,1,0,3
10,1724,1,1,0,0,3
10,1725,1,1,1,0,3
10,1733,1,1,0,0,3
10,1791,1,1,0,0,3
10,1806,1,1,0,0,3
10,1827,1,1,0,0,3
10,1844,1,1,0,0,3
10,1862,1,1,0,0,3
10,1877,1,1,0,0,3
10,1880,1,1,0,0,3
10,1896,1,1,0,1,3
10,1928,1,1,0,0,3
10,1933,1,1,0,1,3
10,1945,1,1,0,0,3
10,1957,1,1,1,0,3
10,1970,1,1,0,1,3
10,1971,1,1,0,0,3
10,2025,1,1,0,0,3
10,2063,1,1,0,0,3
10,2070,1,1,0,0,3
10,2074,1,1,1,0,3
10,2094,1,1,0,1,3
10,2116,1,1,0,0,3
10,2159,1,1,0,0,3
10,2175,1,1,0,0,3
10,2192,1,1,0,0,3
10,2193,1,1,0,0,3
10,2205,1,1,0,1,3
10,2214,1,1,0,0,3
10,2220,1,1,1,0,3
10,2237,1,1,1,0,3
10,2239,1,1,0,1,3
10,2246,1,1,0,0,3
10,2255,1,1,1,0,3
10,2265,1,1,0,1,3
10,2275,1,1,0,0,3
10,2276,1,1,0,0,3
10,2284,1,1,0,0,3
10,2287,1,1,0,0,3
10,2295,1,1,1,0,3
10,2299,1,1,0,0,3
10,2323,1,1,1,0,3
10,2337,1,1,0,1,3
10,2370,1,1,0,0,3
10,2390,1,1,0,0,3
10,2403,1,1,0,0,3
10,2427,1,1,1,0,3
10,2487,1,1,0,0,3
10,39,1,0,0,0,4
10,80,1,0,1,0,4
10,129,1,0,0,0,4
10,143,1,0,1,0,4
10,183,1,0,0,0,4
10,184,1,0,0,0,4
10,198,1,0,0,0,4
10,217,1,0,1,0,4
10,226,1,0,0,0,4
10,231,1,0,0,0,4
10,250,1,0,0,0,4
10,289,1,0,1,0,4
10,299,1,0,1,0,4
10,305,1,0,0,0,4
10,317,1,0,0,0,4
10,327,1,0,0,0,4
10,358,1,0,0,0,4
10,365,1,0,1,0,4
10,369,1,0,0,0,4
10,375,1,0,1,0,4
10,385,1,0,0,0,4
10,398,1,0,0,0,4
10,408,1,0,1,0,4
10,412,1,0,0,0,4
10,424,1,0,1,0,4
10,425,1,0,0,0,4
10,432,1,0,0,0,4
10,448,1,0,1,0,4
10,462,1,0,1,0,4
10,481,1,0,1,0,4
10,494,1,0,0,0,4
10,500,1,0,0,0,4
10,510,1,0,0,0,4
10,524,1,0,0,0,4
10,530,1,0,1,0,4
10,542,1,0,0,0,4
10,576,1,0,1,0,4
10,586,1,0,0,0,4
10,606,1,0,0,0,4
10,608,1,0,0,0,4
10,626,1,0,1,0,4
10,634,1,0,0,0,4
10,659,1,0,1,0,4
10,662,1,0,0,0,4
10,665,1,0,0,0,4
10,670,1,0,1,0,4
10,675,1,0,0,0,4
10,678,1,0,1,0,4
10,679,1,0,0,0,4
10,680,1,0,1,0,4
10,698,1,0,1,0,4
10,699,1,0,0,0,4
10,716,1,0,0,0,4
10,721,1,0,0,0,4
10,768,1,0,0,0,4
10,855,1,0,1,0,4
10,869,1,0,0,0,4
10,908,1,0,1,0,4
10,913,1,0,0,0,4
10,923,1,0,0,0,4
10,967,1,0,1,0,4
10,1034,1,0,1,0,4
10,1050,1,0,0,0,4
10,1079,1,0,0,0,4
10,1086,1,0,1,0,4
10,1092,1,0,0,0,4
10,1111,1,0,0,0,4
10,1113,1,0,0,0,4
10,1138,1,0,0,0,4
10,1145,1,0,0,0,4
10,1224,1,0,0,0,4
10,1257,1,0,0,0,4
10,1274,1,0,1,0,4
10,1278,1,0,1,0,4
10,1308,1,0,0,0,4
10,1325,1,0,1,0,4
10,1329,1,0,1,0,4
10,1332,1,0,0,0,4
10,1340,1,0,0,0,4
10,1352,1,0,0,0,4
10,1353,1,0,0,0,4
10,1354,1,0,0,0,4
10,1399,1,0,0,0,4
10,1405,1,0,1,0,4
10,1420,1,0,0,0,4
10,1493,1,0,0,0,4
10,1508,1,0,0,0,4
10,1509,1,0,1,0,4
10,1537,1,0,0,0,4
10,1538,1,0,1,0,4
10,1541,1,0,0,0,4
10,1544,1,0,0,0,4
10,1546,1,0,0,0,4
10,1563,1,0,0,0,4
10,1564,1,0,0,0,4
10,1572,1,0,0,0,4
10,1666,1,0,1,0,4
10,1685,1,0,0,0,4
10,1693,1,0,0,0,4
10,1701,1,0,0,0,4
10,1709,1,0,0,0,4
10,1715,1,0,0,0,4
10,1723,1,0,0,0,4
10,1728,1,0,1,0,4
10,1752,1,0,0,0,4
10,1754,1,0,0,0,4
10,1756,1,0,0,0,4
10,1765,1,0,0,0,4
10,1781,1,0,0,0,4
10,1783,1,0,1,0,4
10,1787,1,0,1,0,4
10,1789,1,0,0,0,4
10,1795,1,0,0,0,4
10,1797,1,0,1,0,4
10,1800,1,0,0,0,4
10,1804,1,0,0,0,4
10,1807,1,0,1,0,4
10,1811,1,0,0,0,4
10,1849,1,0,0,0,4
10,1858,1,0,1,0,4
10,1881,1,0,0,0,4
10,1885,1,0,0,0,4
10,1897,1,0,0,0,4
10,1899,1,0,0,0,4
10,1913,1,0,1,0,4
10,1993,1,0,1,0,4
10,2001,1,0,0,0,4
10,2013,1,0,0,0,4
10,2021,1,0,0,0,4
10,2022,1,0,0,0,4
10,2028,1,0,0,0,4
10,2038,1,0,0,0,4
10,2042,1,0,0,0,4
10,2045,1,0,0,0,4
10,2065,1,0,0,0,4
10,2086,1,0,0,0,4
10,2100,1,0,0,0,4
10,2108,1,0,0,0,4
10,2112,1,0,0,0,4
10,2133,1,0,0,0,4
10,2148,1,0,1,0,4
10,2215,1,0,1,0,4
10,2222,1,0,1,0,4
10,2285,1,0,0,0,4
10,2297,1,0,1,0,4
10,2305,1,0,0,0,4
10,2307,1,0,0,0,4
10,2325,1,0,0,0,4
10,2348,1,0,0,0,4
10,2355,1,0,1,0,4
10,2363,1,0,1,0,4
10,2393,1,0,0,0,4
10,2426,1,0,0,0,4
10,2433,1,0,0,0,4
10,2435,1,0,0,0,4
10,2450,1,0,0,0,4
10,2490,1,0,0,0,4
10,9,3,2,0,0,5
10,13,3,2,1,0,5
10,27,3,2,0,0,5
10,54,3,2,1,0,5
10,65,3,2,3,0,5
10,96,3,2,0,2,5
10,112,3,2,1,0,5
10,122,3,2,0,0,5
10,138,3,2,0,0,5
10,139,3,2,1,0,5
10,154,3,2,0,0,5
10,162,3,2,0,1,5
10,163,3,2,3,0,5
10,173,3,2,0,0,5
10,197,3,2,3,0,5
10,229,3,2,0,2,5
10,260,3,2,0,1,5
10,285,3,2,0,0,5
10,290,3,2,0,0,5
10,293,3,2,3,0,5
10,298,3,2,1,0,5
10,301,3,2,0,0,5
10,308,3,2,0,2,5
10,334,3,2,0,2,5
10,343,3,2,0,2,5
10,361,3,2,3,0,5
10,367,3,2,3,0,5
10,394,3,2,0,0,5
10,395,3,2,3,0,5
10,396,3,2,0,2,5
10,426,3,2,0,0,5
10,457,3,2,0,0,5
10,463,3,2,0,0,5
10,486,3,2,0,0,5
10,491,3,2,0,0,5
10,505,3,2,1,0,5
10,506,3,2,0,0,5
10,520,3,2,3,0,5
10,554,3,2,0,0,5
10,559,3,2,0,0,5
10,563,3,2,0,0,5
10,568,3,2,0,2,5
10,578,3,2,1,0,5
10,580,3,2,0,0,5
10,588,3,2,0,2,5
10,592,3,2,3,0,5
10,674,3,2,0,0,5
10,695,3,2,0,0,5
10,697,3,2,0,1,5
10,708,3,2,0,0,5
10,713,3,2,0,0,5
10,756,3,2,0,0,5
10,761,3,2,0,0,5
10,769,3,2,0,0,5
10,774,3,2,3,0,5
10,778,3,2,0,0,5
10,822,3,2,3,0,5
10,835,3,2,0,0,5
10,847,3,2,0,1,5
10,849,3,2,0,0,5
10,879,3,2,1,0,5
10,882,3,2,0,0,5
10,898,3,2,0,0,5
10,901,3,2,0,0,5
10,905,3,2,0,2,5
10,919,3,2,3,0,5
10,936,3,2,0,0,5
10,945,3,2,0,1,5
10,973,3,2,0,0,5
10,992,3,2,0,0,5
10,995,3,2,0,1,5
10,1030,3,2,0,0,5
10,1044,3,2,3,0,5
10,1062,3,2,3,0,5
10,1088,3,2,0,1,5
10,1095,3,2,0,0,5
10,1125,3,2,3,0,5
10,1131,3,2,1,0,5
10,1153,3,2,3,0,5
10,1180,3,2,0,2,5
10,1194,3,2,0,0,5
10,1202,3,2,0,1,5
10,1208,3,2,0,0,5
10,1218,3,2,1,0,5
10,1221,3,2,3,0,5
10,1223,3,2,1,0,5
10,1234,3,2,1,0,5
10,1248,3,2,0,2,5
10,1286,3,2,0,0,5
10,1287,3,2,0,0,5
10,1334,3,2,1,0,5
10,1335,3,2,0,0,5
10,1346,3,2,0,2,5
10,1373,3,2,1,0,5
10,1384,3,2,0,1,5
10,1388,3,2,3,0,5
10,1411,3,2,0,2,5
10,1414,3,2,3,0,5
10,1433,3,2,0,0,5
10,1451,3,2,0,0,5
10,1457,3,2,0,0,5
10,1470,3,2,0,0,5
10,1474,3,2,0,1,5
10,1517,3,2,0,0,5
10,1520,3,2,0,0,5
10,1566,3,2,0,2,5
10,1574,3,2,0,0,5
10,1585,3,2,0,2,5
10,1607,3,2,0,0,5
10,1615,3,2,0,0,5
10,1630,3,2,0,0,5
10,1645,3,2,0,0,5
10,1687,3,2,0,0,5
10,1697,3,2,0,0,5
10,1700,3,2,0,0,5
10,1722,3,2,0,0,5
10,1726,3,2,0,0,5
10,1734,3,2,3,0,5
10,1767,3,2,0,0,5
10,1776,3,2,0,0,5
10,1788,3,2,0,0,5
10,1805,3,2,0,0,5
10,1808,3,2,0,2,5
10,1831,3,2,0,0,5
10,1860,3,2,0,0,5
10,1866,3,2,0,0,5
10,1869,3,2,1,0,5
10,1908,3,2,0,2,5
10,1940,3,2,0,0,5
10,1944,3,2,0,0,5
10,1984,3,2,0,2,5
10,1986,3,2,0,0,5
10,1992,3,2,0,2,5
10,2048,3,2,1,0,5
10,2081,3,2,0,0,5
10,2084,3,2,0,0,5
10,2105,3,2,0,0,5
10,2122,3,2,0,0,5
10,2123,3,2,0,0,5
10,2124,3,2,0,2,5
10,2137,3,2,0,1,5
10,2165,3,2,3,0,5
10,2168,3,2,0,1,5
10,2196,3,2,0,2,5
10,2218,3,2,0,0,5
10,2219,3,2,0,0,5
10,2227,3,2,0,0,5
10,2231,3,2,0,0,5
10,2238,3,2,0,0,5
10,2241,3,2,0,0,5
10,2251,3,2,0,0,5
10,2260,3,2,1,0,5
10,2263,3,2,0,2,5
10,2264,3,2,0,0,5
10,2273,3,2,0,0,5
10,2304,3,2,0,0,5
10,2309,3,2,3,0,5
10,2321,3,2,0,0,5
10,2324,3,2,0,0,5
10,2331,3,2,0,0,5
10,2332,3,2,0,0,5
10,2339,3,2,0,2,5
10,2349,3,2,0,2,5
10,2378,3,2,0,0,5
10,2400,3,2,3,0,5
10,2405,3,2,0,0,5
10,2410,3,2,0,1,5
10,2486,3,2,0,0,5
10,2494,3,2,0,0,5
10,58,3,1,0,0,6
10,64,3,1,0,0,6
10,68,3,1,0,1,6
10,74,3,1,0,0,6
10,85,3,1,0,0,6
10,87,3,1,0,0,6
10,89,3,1,0,0,6
10,95,3,1,0,0,6
10,97,3,1,0,0,6
10,104,3,1,0,1,6
10,105,3,1,0,0,6
10,109,3,1,0,0,6
10,131,3,1,0,0,6
10,147,3,1,0,0,6
10,161,3,1,0,1,6
10,164,3,1,0,0,6
10,215,3,1,0,0,6
10,220,3,1,0,1,6
10,234,3,1,0,0,6
10,244,3,1,0,0,6
10,247,3,1,0,0,6
10,249,3,1,3,0,6
10,252,3,1,3,0,6
10,253,3,1,0,0,6
10,272,3,1,0,0,6
10,291,3,1,0,0,6
10,295,3,1,0,0,6
10,302,3,1,0,0,6
10,307,3,1,0,0,6
10,316,3,1,0,0,6
10,318,3,1,0,0,6
10,336,3,1,0,1,6
10,360,3,1,0,0,6
10,379,3,1,0,0,6
10,384,3,1,0,0,6
10,390,3,1,0,0,6
10,418,3,1,3,0,6
10,428,3,1,0,0,6
10,430,3,1,0,0,6
10,440,3,1,0,0,6
10,456,3,1,0,0,6
10,465,3,1,3,0,6
10,467,3,1,3,0,6
10,475,3,1,0,1,6
10,497,3,1,0,0,6
10,514,3,1,0,0,6
10,515,3,1,3,0,6
10,516,3,1,0,0,6
10,519,3,1,0,0,6
10,526,3,1,1,0,6
10,529,3,1,0,0,6
10,596,3,1,1,0,6
10,609,3,1,0,0,6
10,629,3,1,0,0,6
10,637,3,1,0,0,6
10,644,3,1,0,0,6
10,696,3,1,0,0,6
10,704,3,1,0,0,6
10,715,3,1,0,0,6
10,730,3,1,0,0,6
10,733,3,1,0,1,6
10,749,3,1,0,0,6
10,759,3,1,3,0,6
10,777,3,1,0,1,6
10,781,3,1,0,0,6
10,787,3,1,0,0,6
10,799,3,1,0,1,6
10,800,3,1,0,1,6
10,803,3,1,0,1,6
10,806,3,1,0,0,6
10,816,3,1,0,0,6
10,829,3,1,0,1,6
10,851,3,1,0,0,6
10,860,3,1,0,1,6
10,863,3,1,0,0,6
10,868,3,1,1,0,6
10,871,3,1,0,0,6
10,883,3,1,0,1,6
10,887,3,1,0,0,6
10,889,3,1,0,0,6
10,899,3,1,3,0,6
10,906,3,1,0,0,6
10,918,3,1,1,0,6
10,920,3,1,0,0,6
10,921,3,1,0,0,6
10,955,3,1,3,0,6
10,961,3,1,0,0,6
10,991,3,1,3,0,6
10,993,3,1,0,0,6
10,996,3,1,0,0,6
10,1019,3,1,0,0,6
10,1029,3,1,0,1,6
10,1031,3,1,0,0,6
10,1054,3,1,0,0,6
10,1055,3,1,0,0,6
10,1059,3,1,0,0,6
10,1065,3,1,0,1,6
10,1069,3,1,0,0,6
10,1084,3,1,0,0,6
10,1090,3,1,0,0,6
10,1102,3,1,1,0,6
10,1103,3,1,0,0,6
10,1112,3,1,1,0,6
10,1120,3,1,1,0,6
10,1140,3,1,1,0,6
10,1148,3,1,0,0,6
10,1154,3,1,0,1,6
10,1161,3,1,1,0,6
10,1175,3,1,0,1,6
10,1182,3,1,0,0,6
10,1188,3,1,1,0,6
10,1191,3,1,0,1,6
10,1193,3,1,0,0,6
10,1207,3,1,0,1,6
10,1222,3,1,0,1,6
10,1239,3,1,0,0,6
10,1240,3,1,0,0,6
10,1273,3,1,0,0,6
10,1275,3,1,0,1,6
10,1281,3,1,0,0,6
10,1304,3,1,1,0,6
10,1322,3,1,0,0,6
10,1324,3,1,0,1,6
10,1377,3,1,0,0,6
10,1379,3,1,3,0,6
10,1401,3,1,0,0,6
10,1416,3,1,0,0,6
10,1437,3,1,0,0,6
10,1458,3,1,0,0,6
10,1459,3,1,1,0,6
10,1482,3,1,0,1,6
10,1484,3,1,3,0,6
10,1488,3,1,0,0,6
10,1490,3,1,0,1,6
10,1521,3,1,1,0,6
10,1530,3,1,0,1,6
10,1575,3,1,0,0,6
10,1595,3,1,0,1,6
10,1598,3,1,0,0,6
10,1623,3,1,0,1,6
10,1635,3,1,0,1,6
10,1642,3,1,0,1,6
10,1658,3,1,0,0,6
10,1681,3,1,0,0,6
10,1702,3,1,0,0,6
10,1708,3,1,0,1,6
10,1710,3,1,1,0,6
10,1735,3,1,0,1,6
10,1742,3,1,0,1,6
10,1761,3,1,0,0,6
10,1774,3,1,0,1,6
10,1814,3,1,3,0,6
10,1864,3,1,0,0,6
10,1875,3,1,0,0,6
10,1879,3,1,0,0,6
10,1889,3,1,0,0,6
10,1898,3,1,0,0,6
10,1936,3,1,3,0,6
10,1956,3,1,0,0,6
10,1965,3,1,0,1,6
10,1980,3,1,0,0,6
10,2012,3,1,0,0,6
10,2017,3,1,1,0,6
10,2020,3,1,0,0,6
10,2029,3,1,0,1,6
10,2031,3,1,3,0,6
10,2059,3,1,0,0,6
10,2075,3,1,1,0,6
10,2082,3,1,0,0,6
10,2092,3,1,0,0,6
10,2107,3,1,0,0,6
10,2114,3,1,0,0,6
10,2117,3,1,1,0,6
10,2120,3,1,1,0,6
10,2130,3,1,0,0,6
10,2155,3,1,0,0,6
10,2157,3,1,0,0,6
10,2172,3,1,0,0,6
10,2183,3,1,0,1,6
10,2191,3,1,0,1,6
10,2199,3,1,0,0,6
10,2204,3,1,0,0,6
10,2216,3,1,0,1,6
10,2269,3,1,3,0,6
10,2272,3,1,0,0,6
10,2286,3,1,0,1,6
10,2300,3,1,0,0,6
10,2333,3,1,0,0,6
10,2335,3,1,0,0,6
10,2380,3,1,0,0,6
10,2385,3,1,0,0,6
10,2399,3,1,0,0,6
10,2418,3,1,0,1,6
10,2421,3,1,0,0,6
10,2475,3,1,0,0,6
10,2477,3,1,0,1,6
10,2495,3,1,0,1,6
10,2499,3,1,3,0,6
10,17,3,1,0,1,7
10,25,3,1,0,1,7
10,47,3,1,3,0,7
10,110,3,1,0,0,7
10,121,3,1,0,0,7
10,126,3,1,3,0,7
10,141,3,1,1,0,7
10,148,3,1,0,0,7
10,159,3,1,0,1,7
10,170,3,1,1,0,7
10,172,3,1,0,1,7
10,186,3,1,0,0,7
10,238,3,1,1,0,7
10,251,3,1,0,1,7
10,270,3,1,0,0,7
10,287,3,1,0,0,7
10,324,3,1,0,0,7
10,348,3,1,0,0,7
10,356,3,1,0,0,7
10,370,3,1,0,0,7
10,377,3,1,0,0,7
10,383,3,1,0,0,7
10,389,3,1,0,1,7
10,391,3,1,0,1,7
10,401,3,1,3,0,7
10,476,3,1,0,0,7
10,483,3,1,0,1,7
10,487,3,1,0,0,7
10,504,3,1,0,0,7
10,513,3,1,0,1,7
10,521,3,1,0,0,7
10,522,3,1,0,0,7
10,534,3,1,1,0,7
10,552,3,1,0,0,7
10,562,3,1,1,0,7
10,603,3,1,0,0,7
10,604,3,1,1,0,7
10,621,3,1,0,0,7
10,625,3,1,3,0,7
10,684,3,1,0,0,7
10,722,3,1,0,0,7
10,745,3,1,0,0,7
10,758,3,1,0,1,7
10,780,3,1,3,0,7
10,783,3,1,0,0,7
10,811,3,1,0,0,7
10,820,3,1,0,1,7
10,876,3,1,3,0,7
10,894,3,1,0,0,7
10,900,3,1,0,0,7
10,912,3,1,3,0,7
10,934,3,1,0,0,7
10,937,3,1,0,0,7
10,941,3,1,0,1,7
10,942,3,1,0,1,7
10,964,3,1,0,1,7
10,975,3,1,0,0,7
10,1009,3,1,0,0,7
10,1040,3,1,0,0,7
10,1076,3,1,0,1,7
10,1082,3,1,0,0,7
10,1096,3,1,0,0,7
10,1109,3,1,0,0,7
10,1128,3,1,0,0,7
10,1129,3,1,0,0,7
10,1146,3,1,0,0,7
10,1170,3,1,0,0,7
10,1176,3,1,0,1,7
10,1195,3,1,0,0,7
10,1219,3,1,0,0,7
10,1264,3,1,3,0,7
10,1279,3,1,1,0,7
10,1297,3,1,0,0,7
10,1301,3,1,0,1,7
10,1381,3,1,1,0,7
10,1415,3,1,0,0,7
10,1445,3,1,0,0,7
10,1519,3,1,0,1,7
10,1526,3,1,0,0,7
10,1533,3,1,0,0,7
10,1540,3,1,0,0,7
10,1554,3,1,0,0,7
10,1556,3,1,0,0,7
10,1578,3,1,3,0,7
10,1579,3,1,0,1,7
10,1596,3,1,0,0,7
10,1599,3,1,0,0,7
10,1678,3,1,1,0,7
10,1692,3,1,0,0,7
10,1694,3,1,0,1,7
10,1718,3,1,3,0,7
10,1778,3,1,0,0,7
10,1784,3,1,1,0,7
10,1792,3,1,0,0,7
10,1793,3,1,3,0,7
10,1841,3,1,0,0,7
10,1851,3,1,3,0,7
10,1972,3,1,0,0,7
10,1978,3,1,0,0,7
10,2000,3,1,3,0,7
10,2003,3,1,0,0,7
10,2033,3,1,0,1,7
10,2034,3,1,0,0,7
10,2083,3,1,0,1,7
10,2128,3,1,0,0,7
10,2160,3,1,0,0,7
10,2163,3,1,0,0,7
10,2209,3,1,0,0,7
10,2232,3,1,0,1,7
10,2234,3,1,1,0,7
10,2236,3,1,0,0,7
10,2254,3,1,0,0,7
10,2267,3,1,1,0,7
10,2320,3,1,0,0,7
10,2340,3,1,0,0,7
10,2346,3,1,0,0,7
10,2361,3,1,0,0,7
10,2365,3,1,3,0,7
10,2372,3,1,0,1,7
10,2373,3,1,0,0,7
10,2432,3,1,0,0,7
10,2461,3,1,0,0,7
10,2464,3,1,0,0,7
10,2479,3,1,1,0,7
10,2482,3,1,0,0,7
10,2484,3,1,0,0,7
10,3,1,1,1,0,8
10,40,1,1,0,0,8
10,41,1,1,0,0,8
10,49,1,1,0,1,8
10,70,1,1,0,0,8
10,82,1,1,0,0,8
10,84,1,1,0,0,8
10,90,1,1,1,0,8
10,115,1,1,0,1,8
10,128,1,1,0,0,8
10,137,1,1,1,0,8
10,202,1,1,1,0,8
10,230,1,1,0,0,8
10,243,1,1,1,0,8
10,256,1,1,1,0,8
10,263,1,1,0,1,8
10,267,1,1,0,0,8
10,304,1,1,0,0,8
10,321,1,1,1,0,8
10,337,1,1,1,0,8
10,349,1,1,0,1,8
10,362,1,1,0,0,8
10,380,1,1,0,1,8
10,406,1,1,0,0,8
10,441,1,1,0,0,8
10,445,1,1,1,0,8
10,460,1,1,0,0,8
10,493,1,1,0,1,8
10,496,1,1,1,0,8
10,501,1,1,1,0,8
10,543,1,1,0,0,8
10,548,1,1,0,1,8
10,557,1,1,1,0,8
10,590,1,1,1,0,8
10,605,1,1,1,0,8
10,639,1,1,0,1,8
10,653,1,1,0,0,8
10,661,1,1,1,0,8
10,701,1,1,0,0,8
10,706,1,1,1,0,8
10,707,1,1,1,0,8
10,726,1,1,0,0,8
10,728,1,1,0,0,8
10,740,1,1,0,0,8
10,764,1,1,0,0,8
10,788,1,1,0,1,8
10,808,1,1,0,0,8
10,823,1,1,0,1,8
10,827,1,1,0,0,8
10,877,1,1,1,0,8
10,880,1,1,1,0,8
10,892,1,1,0,0,8
10,981,1,1,0,1,8
10,987,1,1,0,0,8
10,994,1,1,0,0,8
10,1018,1,1,0,0,8
10,1023,1,1,1,0,8
10,1046,1,1,0,0,8
10,1047,1,1,0,1,8
10,1073,1,1,0,0,8
10,1106,1,1,1,0,8
10,1136,1,1,0,0,8
10,1168,1,1,0,1,8
10,1197,1,1,0,0,8
10,1199,1,1,0,0,8
10,1205,1,1,0,0,8
10,1242,1,1,0,0,8
10,1252,1,1,0,0,8
10,1268,1,1,0,0,8
10,1269,1,1,1,0,8
10,1276,1,1,0,0,8
10,1284,1,1,1,0,8
10,1291,1,1,0,1,8
10,1323,1,1,1,0,8
10,1328,1,1,1,0,8
10,1331,1,1,1,0,8
10,1360,1,1,0,1,8
10,1363,1,1,1,0,8
10,1367,1,1,0,1,8
10,1395,1,1,0,0,8
10,1419,1,1,0,0,8
10,1454,1,1,0,1,8
10,1462,1,1,0,0,8
10,1466,1,1,0,1,8
10,1472,1,1,0,0,8
10,1512,1,1,1,0,8
10,1531,1,1,0,1,8
10,1549,1,1,0,0,8
10,1552,1,1,0,0,8
10,1571,1,1,0,0,8
10,1625,1,1,0,0,8
10,1636,1,1,0,0,8
10,1665,1,1,0,0,8
10,1675,1,1,0,0,8
10,1705,1,1,0,1,8
10,1706,1,1,0,0,8
10,1717,1,1,0,0,8
10,1720,1,1,1,0,8
10,1737,1,1,0,1,8
10,1740,1,1,0,0,8
10,1790,1,1,0,0,8
10,1799,1,1,0,0,8
10,1822,1,1,0,0,8
10,1842,1,1,1,0,8
10,1856,1,1,0,1,8
10,1861,1,1,1,0,8
10,1902,1,1,0,0,8
10,1926,1,1,0,1,8
10,1937,1,1,0,1,8
10,1959,1,1,1,0,8
10,2002,1,1,0,0,8
10,2004,1,1,1,0,8
10,2050,1,1,0,0,8
10,2051,1,1,1,0,8
10,2060,1,1,0,1,8
10,2127,1,1,1,0,8
10,2129,1,1,0,0,8
10,2145,1,1,0,0,8
10,2167,1,1,0,1,8
10,2171,1,1,1,0,8
10,2261,1,1,1,0,8
10,2291,1,1,1,0,8
10,2308,1,1,1,0,8
10,2338,1,1,0,1,8
10,2401,1,1,0,1,8
10,2404,1,1,0,0,8
10,2431,1,1,1,0,8
10,2481,1,1,1,0,8
10,2489,1,1,0,0,8
10,1,3,1,0,0,9
10,2,3,1,0,0,9
10,4,3,1,0,0,9
10,14,3,1,0,1,9
10,24,3,1,0,0,9
10,30,3,1,0,0,9
10,31,3,1,1,0,9
10,35,3,1,0,0,9
10,37,3,1,0,0,9
10,42,3,1,0,0,9
10,51,3,1,1,0,9
10,56,3,1,3,0,9
10,59,3,1,3,0,9
10,91,3,1,0,1,9
10,93,3,1,1,0,9
10,124,3,1,3,0,9
10,149,3,1,3,0,9
10,169,3,1,0,1,9
10,175,3,1,3,0,9
10,176,3,1,0,0,9
10,177,3,1,0,0,9
10,189,3,1,0,0,9
10,203,3,1,0,0,9
10,257,3,1,0,0,9
10,309,3,1,0,1,9
10,311,3,1,1,0,9
10,340,3,1,0,0,9
10,354,3,1,0,1,9
10,355,3,1,0,0,9
10,357,3,1,0,0,9
10,402,3,1,0,0,9
10,403,3,1,0,0,9
10,415,3,1,0,0,9
10,420,3,1,0,0,9
10,442,3,1,0,1,9
10,446,3,1,0,0,9
10,458,3,1,0,0,9
10,461,3,1,0,0,9
10,489,3,1,0,0,9
10,503,3,1,0,0,9
10,528,3,1,0,0,9
10,532,3,1,1,0,9
10,551,3,1,1,0,9
10,555,3,1,0,1,9
10,607,3,1,0,1,9
10,610,3,1,0,0,9
10,611,3,1,0,1,9
10,614,3,1,1,0,9
10,615,3,1,1,0,9
10,623,3,1,1,0,9
10,664,3,1,0,0,9
10,669,3,1,0,0,9
10,687,3,1,1,0,9
10,693,3,1,1,0,9
10,710,3,1,0,0,9
10,718,3,1,0,1,9
10,731,3,1,0,0,9
10,735,3,1,3,0,9
10,748,3,1,0,0,9
10,763,3,1,1,0,9
10,786,3,1,0,1,9
10,791,3,1,0,1,9
10,792,3,1,0,1,9
10,805,3,1,0,0,9
10,819,3,1,0,1,9
10,821,3,1,1,0,9
10,857,3,1,0,0,9
10,890,3,1,0,1,9
10,910,3,1,1,0,9
10,932,3,1,0,0,9
10,935,3,1,0,1,9
10,940,3,1,0,0,9
10,959,3,1,3,0,9
10,971,3,1,0,1,9
10,983,3,1,3,0,9
10,986,3,1,0,0,9
10,988,3,1,1,0,9
10,989,3,1,0,0,9
10,1000,3,1,0,0,9
10,1004,3,1,0,0,9
10,1006,3,1,0,0,9
10,1021,3,1,0,0,9
10,1028,3,1,1,0,9
10,1037,3,1,0,1,9
10,1056,3,1,0,1,9
10,1061,3,1,0,1,9
10,1067,3,1,0,1,9
10,1075,3,1,0,0,9
10,1080,3,1,1,0,9
10,1087,3,1,0,0,9
10,1091,3,1,1,0,9
10,1098,3,1,0,0,9
10,1108,3,1,0,0,9
10,1110,3,1,0,1,9
10,1123,3,1,0,0,9
10,1139,3,1,0,1,9
10,1141,3,1,0,0,9
10,1164,3,1,0,1,9
10,1210,3,1,0,0,9
10,1232,3,1,0,1,9
10,1235,3,1,0,0,9
10,1238,3,1,0,0,9
10,1254,3,1,0,0,9
10,1299,3,1,3,0,9
10,1306,3,1,0,0,9
10,1342,3,1,1,0,9
10,1365,3,1,0,0,9
10,1369,3,1,0,0,9
10,1380,3,1,0,0,9
10,1400,3,1,3,0,9
10,1402,3,1,1,0,9
10,1422,3,1,0,0,9
10,1439,3,1,0,1,9
10,1444,3,1,1,0,9
10,1450,3,1,0,1,9
10,1461,3,1,0,0,9
10,1467,3,1,0,0,9
10,1469,3,1,0,0,9
10,1477,3,1,0,0,9
10,1480,3,1,0,1,9
10,1489,3,1,0,0,9
10,1495,3,1,0,0,9
10,1500,3,1,3,0,9
10,1528,3,1,0,0,9
10,1586,3,1,1,0,9
10,1590,3,1,0,0,9
10,1592,3,1,1,0,9
10,1605,3,1,0,0,9
10,1621,3,1,0,1,9
10,1622,3,1,0,1,9
10,1624,3,1,0,1,9
10,1639,3,1,0,0,9
10,1640,3,1,0,0,9
10,1651,3,1,0,0,9
10,1655,3,1,1,0,9
10,1684,3,1,0,0,9
10,1727,3,1,0,0,9
10,1775,3,1,1,0,9
10,1810,3,1,0,0,9
10,1812,3,1,0,0,9
10,1816,3,1,3,0,9
10,1828,3,1,1,0,9
10,1835,3,1,0,0,9
10,1853,3,1,0,0,9
10,1855,3,1,3,0,9
10,1857,3,1,0,0,9
10,1859,3,1,0,0,9
10,1890,3,1,0,0,9
10,1893,3,1,1,0,9
10,1907,3,1,0,1,9
10,1915,3,1,0,0,9
10,1964,3,1,0,0,9
10,1967,3,1,0,1,9
10,1996,3,1,0,0,9
10,1999,3,1,0,0,9
10,2005,3,1,0,1,9
10,2023,3,1,0,0,9
10,2067,3,1,0,1,9
10,2068,3,1,0,0,9
10,2072,3,1,0,0,9
10,2088,3,1,0,1,9
10,2093,3,1,0,0,9
10,2099,3,1,0,1,9
10,2125,3,1,0,1,9
10,2146,3,1,1,0,9
10,2151,3,1,0,1,9
10,2156,3,1,0,0,9
10,2164,3,1,0,0,9
10,2176,3,1,0,0,9
10,2178,3,1,3,0,9
10,2244,3,1,0,1,9
10,2256,3,1,0,0,9
10,2268,3,1,0,1,9
10,2280,3,1,0,1,9
10,2283,3,1,0,0,9
10,2293,3,1,0,0,9
10,2296,3,1,0,0,9
10,2303,3,1,3,0,9
10,2328,3,1,1,0,9
10,2329,3,1,0,0,9
10,2342,3,1,0,0,9
10,2360,3,1,3,0,9
10,2389,3,1,0,1,9
10,2392,3,1,0,0,9
10,2406,3,1,0,0,9
10,2424,3,1,1,0,9
10,2437,3,1,0,0,9
10,2443,3,1,0,1,9
10,2451,3,1,1,0,9
10,2456,3,1,0,0,9
10,2462,3,1,3,0,9
10,2473,3,1,0,0,9
10,2476,3,1,0,0,9
10,2488,3,1,1,0,9
10,20,1,3,0,1,10
10,60,1,3,1,0,10
10,157,1,3,0,0,10
10,180,1,3,0,1,10
10,181,1,3,0,0,10
10,237,1,3,0,0,10
10,279,1,3,0,3,10
10,283,1,3,0,0,10
10,286,1,3,1,0,10
10,294,1,3,0,0,10
10,313,1,3,0,1,10
10,338,1,3,0,0,10
10,347,1,3,0,0,10
10,366,1,3,0,3,10
10,382,1,3,1,0,10
10,414,1,3,1,0,10
10,444,1,3,0,0,10
10,453,1,3,0,1,10
10,455,1,3,0,3,10
10,459,1,3,0,1,10
10,469,1,3,0,0,10
10,477,1,3,0,0,10
10,478,1,3,0,0,10
10,482,1,3,0,0,10
10,507,1,3,1,0,10
10,517,1,3,1,0,10
10,523,1,3,0,0,10
10,553,1,3,1,0,10
10,569,1,3,0,0,10
10,602,1,3,0,0,10
10,619,1,3,1,0,10
10,642,1,3,0,0,10
10,648,1,3,0,0,10
10,682,1,3,0,0,10
10,703,1,3,1,0,10
10,720,1,3,0,0,10
10,723,1,3,1,0,10
10,782,1,3,0,0,10
10,796,1,3,0,1,10
10,814,1,3,0,0,10
10,848,1,3,1,0,10
10,867,1,3,0,0,10
10,886,1,3,0,0,10
10,925,1,3,0,0,10
10,927,1,3,1,0,10
10,928,1,3,0,0,10
10,979,1,3,1,0,10
10,980,1,3,0,0,10
10,1010,1,3,0,0,10
10,1015,1,3,0,0,10
10,1022,1,3,0,0,10
10,1039,1,3,1,0,10
10,1048,1,3,0,0,10
10,1063,1,3,0,0,10
10,1070,1,3,1,0,10
10,1115,1,3,0,3,10
10,1122,1,3,0,0,10
10,1150,1,3,0,3,10
10,1159,1,3,0,1,10
10,1160,1,3,0,0,10
10,1173,1,3,0,0,10
10,1174,1,3,0,1,10
10,1211,1,3,0,0,10
10,1217,1,3,0,0,10
10,1225,1,3,1,0,10
10,1241,1,3,0,0,10
10,1312,1,3,0,0,10
10,1317,1,3,0,0,10
10,1320,1,3,0,0,10
10,1327,1,3,0,3,10
10,1337,1,3,0,0,10
10,1357,1,3,0,1,10
10,1376,1,3,0,3,10
10,1383,1,3,0,0,10
10,1385,1,3,0,0,10
10,1396,1,3,1,0,10
10,1423,1,3,0,0,10
10,1431,1,3,0,0,10
10,1432,1,3,0,0,10
10,1434,1,3,0,0,10
10,1448,1,3,0,0,10
10,1449,1,3,1,0,10
10,1465,1,3,1,0,10
10,1473,1,3,0,0,10
10,1485,1,3,0,0,10
10,1487,1,3,0,0,10
10,1491,1,3,0,1,10
10,1504,1,3,0,0,10
10,1511,1,3,0,1,10
10,1570,1,3,0,0,10
10,1587,1,3,0,0,10
10,1591,1,3,0,0,10
10,1648,1,3,0,0,10
10,1654,1,3,0,0,10
10,1680,1,3,0,0,10
10,1714,1,3,0,1,10
10,1770,1,3,0,0,10
10,1786,1,3,0,0,10
10,1865,1,3,0,0,10
10,1871,1,3,0,1,10
10,1886,1,3,0,0,10
10,1888,1,3,0,0,10
10,1901,1,3,0,0,10
10,1903,1,3,1,0,10
10,1905,1,3,1,0,10
10,1949,1,3,0,1,10
10,1953,1,3,0,3,10
10,1994,1,3,0,0,10
10,2089,1,3,1,0,10
10,2109,1,3,0,0,10
10,2134,1,3,0,0,10
10,2140,1,3,0,0,10
10,2141,1,3,0,0,10
10,2169,1,3,0,3,10
10,2194,1,3,1,0,10
10,2198,1,3,0,0,10
10,2208,1,3,0,1,10
10,2250,1,3,0,0,10
10,2270,1,3,1,0,10
10,2292,1,3,0,0,10
10,2314,1,3,0,3,10
10,2341,1,3,0,1,10
10,2347,1,3,0,0,10
10,2374,1,3,0,1,10
10,2384,1,3,0,0,10
10,2395,1,3,0,1,10
10,2445,1,3,0,0,10
10,2457,1,3,0,0,10
10,2468,1,3,0,1,10
10,2485,1,3,0,0,10
10,0,1,1,0,0,11
10,5,1,1,0,0,11
10,7,1,1,0,0,11
10,8,1,1,0,1,11
10,19,1,1,0,0,11
10,21,1,1,0,0,11
10,23,1,1,0,0,11
10,34,1,1,0,1,11
10,43,1,1,0,0,11
10,48,1,1,0,0,11
10,50,1,1,0,0,11
10,55,1,1,0,0,11
10,63,1,1,0,0,11
10,71,1,1,1,0,11
10,86,1,1,0,0,11
10,88,1,1,1,0,11
10,106,1,1,0,1,11
10,107,1,1,0,0,11
10,160,1,1,0,0,11
10,167,1,1,1,0,11
10,182,1,1,0,1,11
10,191,1,1,0,0,11
10,221,1,1,0,0,11
10,236,1,1,0,0,11
10,241,1,1,1,0,11
10,254,1,1,0,1,11
10,258,1,1,1,0,11
10,262,1,1,0,0,11
10,269,1,1,0,0,11
10,273,1,1,0,0,11
10,276,1,1,1,0,11
10,281,1,1,1,0,11
10,288,1,1,1,0,11
10,306,1,1,0,0,11
10,312,1,1,0,0,11
10,315,1,1,0,1,11
10,333,1,1,0,0,11
10,339,1,1,0,0,11
10,344,1,1,0,0,11
10,352,1,1,0,0,11
10,364,1,1,1,0,11
10,372,1,1,1,0,11
10,388,1,1,0,0,11
10,397,1,1,1,0,11
10,404,1,1,0,0,11
10,407,1,1,0,0,11
10,409,1,1,0,0,11
10,417,1,1,1,0,11
10,421,1,1,0,0,11
10,431,1,1,0,0,11
10,436,1,1,0,0,11
10,464,1,1,0,1,11
10,470,1,1,0,0,11
10,488,1,1,1,0,11
10,509,1,1,1,0,11
10,525,1,1,0,0,11
10,538,1,1,0,0,11
10,550,1,1,0,0,11
10,560,1,1,1,0,11
10,561,1,1,1,0,11
10,577,1,1,0,1,11
10,579,1,1,0,1,11
10,620,1,1,0,1,11
10,630,1,1,0,0,11
10,632,1,1,0,0,11
10,635,1,1,0,0,11
10,643,1,1,0,1,11
10,647,1,1,1,0,11
10,649,1,1,0,1,11
10,650,1,1,0,0,11
10,658,1,1,0,0,11
10,672,1,1,0,1,11
10,700,1,1,1,0,11
10,709,1,1,1,0,11
10,744,1,1,1,0,11
10,751,1,1,0,0,11
10,760,1,1,0,0,11
10,762,1,1,0,0,11
10,784,1,1,0,0,11
10,785,1,1,1,0,11
10,789,1,1,1,0,11
10,802,1,1,1,0,11
10,809,1,1,0,1,11
10,825,1,1,0,0,11
10,837,1,1,0,0,11
10,873,1,1,0,1,11
10,874,1,1,0,0,11
10,875,1,1,0,0,11
10,884,1,1,0,0,11
10,902,1,1,0,0,11
10,904,1,1,1,0,11
10,911,1,1,0,0,11
10,922,1,1,1,0,11
10,924,1,1,0,0,11
10,944,1,1,1,0,11
10,952,1,1,0,0,11
10,972,1,1,0,0,11
10,974,1,1,0,0,11
10,978,1,1,0,1,11
10,985,1,1,0,0,11
10,999,1,1,0,0,11
10,1008,1,1,0,0,11
10,1012,1,1,0,0,11
10,1016,1,1,0,1,11
10,1026,1,1,0,0,11
10,1027,1,1,0,1,11
10,1033,1,1,1,0,11
10,1041,1,1,0,1,11
10,1051,1,1,0,0,11
10,1083,1,1,0,1,11
10,1093,1,1,0,0,11
10,1094,1,1,0,1,11
10,1097,1,1,0,1,11
10,1126,1,1,1,0,11
10,1127,1,1,0,0,11
10,1133,1,1,1,0,11
10,1172,1,1,1,0,11
10,1212,1,1,1,0,11
10,1215,1,1,0,0,11
10,1216,1,1,0,0,11
10,1233,1,1,0,0,11
10,1236,1,1,0,1,11
10,1244,1,1,0,0,11
10,1247,1,1,0,0,11
10,1250,1,1,0,0,11
10,1255,1,1,1,0,11
10,1256,1,1,0,0,11
10,1259,1,1,0,1,11
10,1263,1,1,0,1,11
10,1266,1,1,0,1,11
10,1270,1,1,0,0,11
10,1271,1,1,0,1,11
10,1285,1,1,0,0,11
10,1290,1,1,0,0,11
10,1293,1,1,0,0,11
10,1318,1,1,0,0,11
10,1339,1,1,0,0,11
10,1343,1,1,1,0,11
10,1351,1,1,0,0,11
10,1364,1,1,0,0,11
10,1382,1,1,0,1,11
10,1387,1,1,0,0,11
10,1389,1,1,0,0,11
10,1391,1,1,1,0,11
10,1404,1,1,0,0,11
10,1407,1,1,0,1,11
10,1409,1,1,0,0,11
10,1425,1,1,1,0,11
10,1428,1,1,0,1,11
10,1436,1,1,0,0,11
10,1441,1,1,1,0,11
10,1442,1,1,0,0,11
10,1453,1,1,1,0,11
10,1471,1,1,1,0,11
10,1492,1,1,0,1,11
10,1494,1,1,0,0,11
10,1516,1,1,0,0,11
10,1542,1,1,0,1,11
10,1550,1,1,0,0,11
10,1565,1,1,1,0,11
10,1569,1,1,0,1,11
10,1573,1,1,0,0,11
10,1580,1,1,1,0,11
10,1593,1,1,0,0,11
10,1602,1,1,0,1,11
10,1606,1,1,1,0,11
10,1609,1,1,0,1,11
10,1610,1,1,0,0,11
10,1620,1,1,0,1,11
10,1628,1,1,0,0,11
10,1629,1,1,0,0,11
10,1634,1,1,0,0,11
10,1643,1,1,0,1,11
10,1652,1,1,0,0,11
10,1656,1,1,1,0,11
10,1661,1,1,1,0,11
10,1669,1,1,0,0,11
10,1671,1,1,0,1,11
10,1674,1,1,1,0,11
10,1676,1,1,0,1,11
10,1683,1,1,0,1,11
10,1695,1,1,0,0,11
10,1696,1,1,0,0,11
10,1703,1,1,0,0,11
10,1704,1,1,0,0,11
10,1712,1,1,0,0,11
10,1721,1,1,0,0,11
10,1731,1,1,0,1,11
10,1743,1,1,0,0,11
10,1745,1,1,0,0,11
10,1747,1,1,0,0,11
10,1750,1,1,0,0,11
10,1753,1,1,0,1,11
10,1759,1,1,0,0,11
10,1772,1,1,0,0,11
10,1809,1,1,0,1,11
10,1823,1,1,1,0,11
10,1826,1,1,0,0,11
10,1854,1,1,0,0,11
10,1867,1,1,0,0,11
10,1883,1,1,0,0,11
10,1891,1,1,0,0,11
10,1906,1,1,0,0,11
10,1910,1,1,0,1,11
10,1912,1,1,0,1,11
10,1914,1,1,0,0,11
10,1916,1,1,0,0,11
10,1921,1,1,0,0,11
10,1939,1,1,0,0,11
10,1947,1,1,1,0,11
10,1962,1,1,0,0,11
10,1963,1,1,0,0,11
10,1969,1,1,1,0,11
10,1973,1,1,0,0,11
10,1991,1,1,0,0,11
10,1995,1,1,0,1,11
10,1998,1,1,0,0,11
10,2019,1,1,0,1,11
10,2024,1,1,0,1,11
10,2027,1,1,1,0,11
10,2030,1,1,0,0,11
10,2035,1,1,0,0,11
10,2036,1,1,0,0,11
10,2047,1,1,0,1,11
10,2066,1,1,0,1,11
10,2080,1,1,0,0,11
10,2096,1,1,0,0,11
10,2101,1,1,1,0,11
10,2111,1,1,0,0,11
10,2126,1,1,0,0,11
10,2131,1,1,0,1,11
10,2135,1,1,0,0,11
10,2153,1,1,1,0,11
10,2154,1,1,1,0,11
10,2158,1,1,1,0,11
10,2161,1,1,0,0,11
10,2166,1,1,0,1,11
10,2180,1,1,0,1,11
10,2181,1,1,0,0,11
10,2184,1,1,1,0,11
10,2189,1,1,1,0,11
10,2195,1,1,1,0,11
10,2200,1,1,1,0,11
10,2201,1,1,0,1,11
10,2213,1,1,0,0,11
10,2224,1,1,1,0,11
10,2225,1,1,0,0,11
10,2229,1,1,0,0,11
10,2253,1,1,0,0,11
10,2302,1,1,0,0,11
10,2310,1,1,1,0,11
10,2313,1,1,0,0,11
10,2317,1,1,1,0,11
10,2319,1,1,1,0,11
10,2327,1,1,0,0,11
10,2344,1,1,0,0,11
10,2359,1,1,0,0,11
10,2377,1,1,1,0,11
10,2379,1,1,0,0,11
10,2386,1,1,1,0,11
10,2391,1,1,0,1,11
10,2398,1,1,1,0,11
10,2414,1,1,0,1,11
10,2422,1,1,0,1,11
10,2428,1,1,1,0,11
10,2434,1,1,0,0,11
10,2436,1,1,0,1,11
10,2439,1,1,0,0,11
10,2440,1,1,1,0,11
10,2446,1,1,0,0,11
10,2463,1,1,1,0,11
10,2471,1,1,0,0,11
10,2497,1,1,0,0,11
10,6,1,1,0,0,12
10,29,1,1,0,0,12
10,45,1,1,0,0,12
10,61,1,1,1,0,12
10,69,1,1,0,0,12
10,73,1,1,0,0,12
10,100,1,1,1,0,12
10,102,1,1,1,0,12
10,114,1,1,0,1,12
10,133,1,1,0,1,12
10,145,1,1,0,1,12
10,150,1,1,0,0,12
10,166,1,1,0,1,12
10,174,1,1,0,0,12
10,201,1,1,0,0,12
10,206,1,1,0,0,12
10,208,1,1,0,0,12
10,209,1,1,0,0,12
10,210,1,1,0,1,12
10,223,1,1,1,0,12
10,224,1,1,1,0,12
10,239,1,1,1,0,12
10,245,1,1,0,0,12
10,265,1,1,0,0,12
10,268,1,1,1,0,12
10,271,1,1,1,0,12
10,300,1,1,0,0,12
10,319,1,1,0,0,12
10,322,1,1,0,0,12
10,413,1,1,0,0,12
10,422,1,1,0,0,12
10,435,1,1,1,0,12
10,451,1,1,0,1,12
10,473,1,1,0,0,12
10,480,1,1,1,0,12
10,495,1,1,0,1,12
10,502,1,1,0,0,12
10,535,1,1,0,0,12
10,541,1,1,1,0,12
10,544,1,1,0,0,12
10,549,1,1,0,0,12
10,575,1,1,0,0,12
10,584,1,1,0,1,12
10,585,1,1,0,0,12
10,587,1,1,0,0,12
10,591,1,1,0,0,12
10,597,1,1,0,0,12
10,616,1,1,0,1,12
10,617,1,1,0,0,12
10,627,1,1,0,0,12
10,645,1,1,0,0,12
10,681,1,1,0,1,12
10,690,1,1,1,0,12
10,705,1,1,0,0,12
10,729,1,1,0,0,12
10,737,1,1,1,0,12
10,746,1,1,1,0,12
10,765,1,1,0,0,12
10,766,1,1,0,0,12
10,770,1,1,1,0,12
10,794,1,1,0,0,12
10,795,1,1,0,0,12
10,830,1,1,0,0,12
10,842,1,1,0,1,12
10,843,1,1,0,0,12
10,845,1,1,0,1,12
10,846,1,1,1,0,12
10,929,1,1,0,0,12
10,931,1,1,0,0,12
10,947,1,1,1,0,12
10,949,1,1,1,0,12
10,950,1,1,0,0,12
10,968,1,1,1,0,12
10,969,1,1,0,1,12
10,984,1,1,1,0,12
10,1014,1,1,0,0,12
10,1020,1,1,0,0,12
10,1025,1,1,0,1,12
10,1035,1,1,0,0,12
10,1036,1,1,0,0,12
10,1058,1,1,0,1,12
10,1068,1,1,0,0,12
10,1081,1,1,0,1,12
10,1089,1,1,0,1,12
10,1107,1,1,1,0,12
10,1116,1,1,0,1,12
10,1117,1,1,0,0,12
10,1121,1,1,0,1,12
10,1124,1,1,0,0,12
10,1130,1,1,0,0,12
10,1137,1,1,0,0,12
10,1185,1,1,1,0,12
10,1189,1,1,0,0,12
10,1198,1,1,0,0,12
10,1209,1,1,0,0,12
10,1258,1,1,0,0,12
10,1262,1,1,0,0,12
10,1267,1,1,0,0,12
10,1282,1,1,0,1,12
10,1296,1,1,0,0,12
10,1321,1,1,0,1,12
10,1326,1,1,0,0,12
10,1341,1,1,1,0,12
10,1345,1,1,1,0,12
10,1348,1,1,0,1,12
10,1362,1,1,0,0,12
10,1421,1,1,1,0,12
10,1424,1,1,0,0,12
10,1429,1,1,0,0,12
10,1455,1,1,0,1,12
10,1496,1,1,1,0,12
10,1503,1,1,0,1,12
10,1515,1,1,0,0,12
10,1539,1,1,0,1,12
10,1545,1,1,0,1,12
10,1547,1,1,0,0,12
10,1548,1,1,0,0,12
10,1553,1,1,0,0,12
10,1562,1,1,1,0,12
10,1583,1,1,0,0,12
10,1597,1,1,1,0,12
10,1601,1,1,0,1,12
10,1608,1,1,0,0,12
10,1627,1,1,0,1,12
10,1633,1,1,0,0,12
10,1644,1,1,0,0,12
10,1647,1,1,1,0,12
10,1657,1,1,0,1,12
10,1672,1,1,0,0,12
10,1677,1,1,0,0,12
10,1691,1,1,0,0,12
10,1716,1,1,0,0,12
10,1744,1,1,1,0,12
10,1749,1,1,0,1,12
10,1763,1,1,0,0,12
10,1769,1,1,0,0,12
10,1773,1,1,0,1,12
10,1779,1,1,0,1,12
10,1796,1,1,1,0,12
10,1803,1,1,0,0,12
10,1815,1,1,1,0,12
10,1817,1,1,1,0,12
10,1818,1,1,0,0,12
10,1824,1,1,0,0,12
10,1839,1,1,0,0,12
10,1847,1,1,0,0,12
10,1868,1,1,0,1,12
10,1872,1,1,0,1,12
10,1911,1,1,0,0,12
10,1920,1,1,0,0,12
10,1925,1,1,1,0,12
10,1929,1,1,0,0,12
10,1938,1,1,1,0,12
10,1941,1,1,0,0,12
10,1952,1,1,0,0,12
10,1968,1,1,0,0,12
10,1977,1,1,0,1,12
10,1987,1,1,1,0,12
10,1997,1,1,1,0,12
10,2011,1,1,0,0,12
10,2014,1,1,0,0,12
10,2039,1,1,0,1,12
10,2064,1,1,0,0,12
10,2069,1,1,0,1,12
10,2079,1,1,0,1,12
10,2090,1,1,0,0,12
10,2115,1,1,0,0,12
10,2119,1,1,0,0,12
10,2132,1,1,1,0,12
10,2139,1,1,0,1,12
10,2150,1,1,1,0,12
10,2179,1,1,1,0,12
10,2188,1,1,0,1,12
10,2190,1,1,0,0,12
10,2248,1,1,1,0,12
10,2257,1,1,1,0,12
10,2259,1,1,0,0,12
10,2274,1,1,1,0,12
10,2279,1,1,0,1,12
10,2289,1,1,0,1,12
10,2336,1,1,0,0,12
10,2353,1,1,1,0,12
10,2366,1,1,0,1,12
10,2396,1,1,0,0,12
10,2413,1,1,1,0,12
10,2420,1,1,0,1,12
10,2425,1,1,1,0,12
10,2438,1,1,0,1,12
10,2447,1,1,0,1,12
10,2454,1,1,0,1,12
10,2478,1,1,0,1,12
10,2492,1,1,0,0,12
10,2498,1,1,0,0,12
10,12,1,1,0,0,13
10,26,1,1,0,1,13
10,32,1,1,0,0,13
10,77,1,1,0,1,13
10,78,1,1,0,0,13
10,79,1,1,0,0,13
10,94,1,1,0,0,13
10,117,1,1,0,0,13
10,123,1,1,1,0,13
10,127,1,1,0,0,13
10,146,1,1,0,0,13
10,151,1,1,0,1,13
10,152,1,1,0,0,13
10,171,1,1,1,0,13
10,207,1,1,0,1,13
10,240,1,1,0,0,13
10,277,1,1,0,1,13
10,350,1,1,0,0,13
10,351,1,1,0,0,13
10,363,1,1,0,0,13
10,376,1,1,0,1,13
10,378,1,1,0,0,13
10,393,1,1,0,1,13
10,429,1,1,0,1,13
10,449,1,1,0,0,13
10,466,1,1,0,1,13
10,484,1,1,0,0,13
10,518,1,1,0,0,13
10,558,1,1,0,1,13
10,564,1,1,1,0,13
10,567,1,1,0,0,13
10,570,1,1,0,1,13
10,571,1,1,0,0,13
10,583,1,1,0,0,13
10,600,1,1,0,0,13
10,612,1,1,0,0,13
10,618,1,1,0,0,13
10,636,1,1,0,1,13
10,652,1,1,0,1,13
10,688,1,1,0,0,13
10,736,1,1,0,0,13
10,772,1,1,0,0,13
10,812,1,1,0,1,13
10,813,1,1,0,1,13
10,832,1,1,0,1,13
10,834,1,1,0,1,13
10,856,1,1,0,0,13
10,859,1,1,0,1,13
10,866,1,1,0,1,13
10,926,1,1,1,0,13
10,939,1,1,0,0,13
10,1002,1,1,0,0,13
10,1003,1,1,0,0,13
10,1013,1,1,0,1,13
10,1017,1,1,0,0,13
10,1043,1,1,1,0,13
10,1060,1,1,0,0,13
10,1071,1,1,0,1,13
10,1104,1,1,0,0,13
10,1118,1,1,1,0,13
10,1142,1,1,1,0,13
10,1143,1,1,1,0,13
10,1144,1,1,1,0,13
10,1157,1,1,0,0,13
10,1162,1,1,0,1,13
10,1167,1,1,0,0,13
10,1171,1,1,0,1,13
10,1187,1,1,0,1,13
10,1196,1,1,1,0,13
10,1201,1,1,0,0,13
10,1203,1,1,0,0,13
10,1229,1,1,0,1,13
10,1243,1,1,0,0,13
10,1251,1,1,0,1,13
10,1253,1,1,0,0,13
10,1288,1,1,0,0,13
10,1302,1,1,0,0,13
10,1333,1,1,1,0,13
10,1392,1,1,0,0,13
10,1394,1,1,0,1,13
10,1418,1,1,0,0,13
10,1447,1,1,0,1,13
10,1567,1,1,0,0,13
10,1611,1,1,0,0,13
10,1638,1,1,0,1,13
10,1653,1,1,0,1,13
10,1660,1,1,0,1,13
10,1729,1,1,0,0,13
10,1732,1,1,1,0,13
10,1748,1,1,0,0,13
10,1751,1,1,0,1,13
10,1758,1,1,0,1,13
10,1760,1,1,0,1,13
10,1766,1,1,0,0,13
10,1777,1,1,0,1,13
10,1798,1,1,0,0,13
10,1850,1,1,0,0,13
10,1852,1,1,0,0,13
10,1863,1,1,0,0,13
10,1870,1,1,0,1,13
10,1882,1,1,1,0,13
10,1884,1,1,0,1,13
10,1923,1,1,1,0,13
10,1927,1,1,0,0,13
10,1930,1,1,1,0,13
10,1931,1,1,0,0,13
10,1934,1,1,0,0,13
10,1935,1,1,1,0,13
10,1981,1,1,0,0,13
10,2026,1,1,0,1,13
10,2061,1,1,0,1,13
10,2085,1,1,0,0,13
10,2091,1,1,0,0,13
10,2097,1,1,0,0,13
10,2136,1,1,0,1,13
10,2143,1,1,1,0,13
10,2162,1,1,0,1,13
10,2202,1,1,0,0,13
10,2249,1,1,0,0,13
10,2281,1,1,1,0,13
10,2298,1,1,0,0,13
10,2334,1,1,0,0,13
10,2350,1,1,1,0,13
10,2356,1,1,0,1,13
10,2367,1,1,1,0,13
10,2388,1,1,0,1,13
10,2407,1,1,1,0,13
10,2412,1,1,0,1,13
10,2429,1,1,0,0,13
10,2430,1,1,0,0,13
10,2458,1,1,0,0,13
10,2459,1,1,1,0,13
10,2472,1,1,0,0,13
10,2474,1,1,0,0,13
10,2483,1,1,0,0,13
10,11,2,1,2,0,14
10,15,2,1,0,1,14
10,33,2,1,1,0,14
10,36,2,1,1,0,14
10,62,2,1,0,0,14
10,83,2,1,0,0,14
10,120,2,1,0,0,14
10,132,2,1,0,0,14
10,136,2,1,0,0,14
10,140,2,1,1,0,14
10,188,2,1,1,0,14
10,193,2,1,0,0,14
10,227,2,1,1,0,14
10,233,2,1,0,0,14
10,242,2,1,0,1,14
10,261,2,1,2,0,14
10,282,2,1,0,0,14
10,297,2,1,1,0,14
10,314,2,1,0,0,14
10,330,2,1,0,0,14
10,359,2,1,0,0,14
10,386,2,1,0,0,14
10,400,2,1,0,0,14
10,427,2,1,0,0,14
10,434,2,1,0,0,14
10,437,2,1,0,0,14
10,439,2,1,2,0,14
10,443,2,1,0,0,14
10,447,2,1,0,1,14
10,471,2,1,0,0,14
10,472,2,1,0,0,14
10,485,2,1,0,0,14
10,492,2,1,0,0,14
10,533,2,1,0,0,14
10,537,2,1,0,1,14
10,565,2,1,0,0,14
10,581,2,1,2,0,14
10,593,2,1,1,0,14
10,613,2,1,0,0,14
10,631,2,1,1,0,14
10,633,2,1,0,0,14
10,640,2,1,0,0,14
10,646,2,1,0,0,14
10,667,2,1,0,1,14
10,686,2,1,0,0,14
10,689,2,1,0,1,14
10,702,2,1,1,0,14
10,711,2,1,0,0,14
10,712,2,1,0,0,14
10,717,2,1,0,0,14
10,724,2,1,0,0,14
10,732,2,1,0,0,14
10,734,2,1,2,0,14
10,739,2,1,0,1,14
10,742,2,1,0,1,14
10,747,2,1,0,1,14
10,753,2,1,0,0,14
10,775,2,1,0,1,14
10,815,2,1,0,0,14
10,817,2,1,0,0,14
10,818,2,1,0,1,14
10,826,2,1,1,0,14
10,858,2,1,0,0,14
10,878,2,1,0,0,14
10,888,2,1,0,0,14
10,893,2,1,0,0,14
10,896,2,1,1,0,14
10,903,2,1,0,0,14
10,916,2,1,0,0,14
10,933,2,1,2,0,14
10,943,2,1,2,0,14
10,953,2,1,0,0,14
10,954,2,1,0,0,14
10,966,2,1,0,0,14
10,976,2,1,0,1,14
10,982,2,1,0,0,14
10,997,2,1,1,0,14
10,1064,2,1,0,0,14
10,1074,2,1,0,0,14
10,1078,2,1,0,0,14
10,1119,2,1,0,1,14
10,1152,2,1,0,0,14
10,1155,2,1,0,0,14
10,1165,2,1,1,0,14
10,1178,2,1,0,1,14
10,1204,2,1,0,0,14
10,1206,2,1,0,0,14
10,1228,2,1,1,0,14
10,1249,2,1,0,0,14
10,1292,2,1,0,0,14
10,1294,2,1,0,0,14
10,1298,2,1,2,0,14
10,1303,2,1,0,0,14
10,1307,2,1,0,0,14
10,1314,2,1,0,1,14
10,1319,2,1,0,0,14
10,1347,2,1,1,0,14
10,1370,2,1,0,0,14
10,1375,2,1,0,0,14
10,1378,2,1,0,0,14
10,1397,2,1,0,1,14
10,1410,2,1,2,0,14
10,1417,2,1,1,0,14
10,1427,2,1,0,1,14
10,1443,2,1,0,0,14
10,1460,2,1,0,0,14
10,1463,2,1,0,0,14
10,1479,2,1,1,0,14
10,1481,2,1,0,0,14
10,1502,2,1,1,0,14
10,1522,2,1,0,0,14
10,1534,2,1,2,0,14
10,1551,2,1,0,1,14
10,1555,2,1,1,0,14
10,1560,2,1,0,0,14
10,1588,2,1,0,0,14
10,1613,2,1,1,0,14
10,1616,2,1,0,0,14
10,1618,2,1,0,1,14
10,1619,2,1,0,0,14
10,1637,2,1,0,0,14
10,1641,2,1,0,0,14
10,1646,2,1,0,0,14
10,1667,2,1,1,0,14
10,1682,2,1,0,0,14
10,1688,2,1,0,0,14
10,1755,2,1,0,1,14
10,1757,2,1,0,1,14
10,1802,2,1,2,0,14
10,1820,2,1,0,0,14
10,1832,2,1,0,0,14
10,1878,2,1,0,0,14
10,1892,2,1,0,0,14
10,1909,2,1,1,0,14
10,1924,2,1,0,0,14
10,1950,2,1,2,0,14
10,1974,2,1,2,0,14
10,1976,2,1,2,0,14
10,1988,2,1,0,0,14
10,1990,2,1,2,0,14
10,2007,2,1,0,0,14
10,2009,2,1,0,0,14
10,2010,2,1,0,0,14
10,2015,2,1,0,0,14
10,2037,2,1,0,0,14
10,2043,2,1,0,0,14
10,2044,2,1,0,1,14
10,2046,2,1,2,0,14
10,2053,2,1,1,0,14
10,2058,2,1,0,0,14
10,2076,2,1,0,0,14
10,2077,2,1,0,1,14
10,2095,2,1,2,0,14
10,2098,2,1,0,0,14
10,2103,2,1,0,0,14
10,2118,2,1,0,1,14
10,2144,2,1,0,0,14
10,2170,2,1,2,0,14
10,2174,2,1,0,0,14
10,2182,2,1,0,0,14
10,2187,2,1,0,0,14
10,2197,2,1,0,1,14
10,2203,2,1,0,0,14
10,2206,2,1,0,0,14
10,2223,2,1,0,1,14
10,2258,2,1,0,1,14
10,2266,2,1,0,0,14
10,2271,2,1,0,0,14
10,2277,2,1,0,0,14
10,2294,2,1,2,0,14
10,2311,2,1,1,0,14
10,2318,2,1,1,0,14
10,2351,2,1,1,0,14
10,2352,2,1,0,0,14
10,2364,2,1,0,0,14
10,2369,2,1,1,0,14
10,2371,2,1,2,0,14
10,2381,2,1,1,0,14
10,2383,2,1,2,0,14
10,2387,2,1,0,1,14
10,2411,2,1,2,0,14
10,2415,2,1,0,0,14
10,2444,2,1,0,0,14
10,2453,2,1,0,0,14
10,2470,2,1,0,0,14
0,10,1,1,0,0,0
0,18,1,1,0,0,0
0,28,1,1,0,0,0
0,44,1,1,0,0,0
0,52,1,1,0,0,0
0,99,1,1,0,0,0
0,116,1,1,0,0,0
0,134,1,1,0,0,0
0,144,1,1,0,0,0
0,155,1,1,0,0,0
0,158,1,1,0,0,0
0,165,1,1,0,0,0
0,196,1,1,0,0,0
0,204,1,1,0,0,0
0,211,1,1,0,0,0
0,213,1,1,0,0,0
0,214,1,1,0,0,0
0,222,1,1,0,0,0
0,228,1,1,0,0,0
0,259,1,1,0,0,0
0,264,1,1,0,0,0
0,266,1,1,0,0,0
0,274,1,1,0,0,0
0,278,1,1,0,0,0
0,280,1,1,0,0,0
0,284,1,1,0,0,0
0,292,1,1,0,0,0
0,303,1,1,0,0,0
0,323,1,1,0,0,0
0,328,1,1,0,0,0
0,331,1,1,0,0,0
0,335,1,1,0,0,0
0,341,1,1,0,0,0
0,371,1,1,0,0,0
0,392,1,1,0,0,0
0,399,1,1,0,0,0
0,411,1,1,0,0,0
0,419,1,1,0,0,0
0,450,1,1,0,0,0
0,508,1,1,0,0,0
0,527,1,1,0,0,0
0,536,1,1,0,0,0
0,545,1,1,0,0,0
0,546,1,1,0,0,0
0,573,1,1,0,0,0
0,582,1,1,0,0,0
0,598,1,1,0,0,0
0,638,1,1,0,0,0
0,641,1,1,0,0,0
0,663,1,1,0,0,0
0,666,1,1,0,0,0
0,668,1,1,0,0,0
0,683,1,1,0,0,0
0,694,1,1,0,0,0
0,725,1,1,0,0,0
0,750,1,1,0,0,0
0,790,1,1,0,0,0
0,824,1,1,0,0,0
0,831,1,1,0,0,0
0,833,1,1,0,0,0
0,836,1,1,0,0,0
0,870,1,1,0,0,0
0,885,1,1,0,0,0
0,891,1,1,0,0,0
0,897,1,1,0,0,0
0,909,1,1,0,0,0
0,951,1,1,0,0,0
0,956,1,1,0,0,0
0,957,1,1,0,0,0
0,958,1,1,0,0,0
0,963,1,1,0,0,0
0,970,1,1,0,0,0
0,977,1,1,0,0,0
0,1001,1,1,0,0,0
0,1042,1,1,0,0,0
0,1052,1,1,0,0,0
0,1066,1,1,0,0,0
0,1085,1,1,0,0,0
0,1100,1,1,0,0,0
0,1163,1,1,0,0,0
0,1166,1,1,0,0,0
0,1179,1,1,0,0,0
0,1186,1,1,0,0,0
0,1214,1,1,0,0,0
0,1231,1,1,0,0,0
0,1245,1,1,0,0,0
0,1260,1,1,0,0,0
0,1261,1,1,0,0,0
0,1277,1,1,0,0,0
0,1283,1,1,0,0,0
0,1316,1,1,0,0,0
0,1330,1,1,0,0,0
0,1356,1,1,0,0,0
0,1390,1,1,0,0,0
0,1398,1,1,0,0,0
0,1406,1,1,0,0,0
0,1408,1,1,0,0,0
0,1440,1,1,0,0,0
0,1452,1,1,0,0,0
0,1468,1,1,0,0,0
0,1475,1,1,0,0,0
0,1478,1,1,0,0,0
0,1483,1,1,0,0,0
0,1499,1,1,0,0,0
0,1507,1,1,0,0,0
0,1510,1,1,0,0,0
0,1513,1,1,0,0,0
0,1523,1,1,0,0,0
0,1529,1,1,0,0,0
0,1535,1,1,0,0,0
0,1543,1,1,0,0,0
0,1558,1,1,0,0,0
0,1561,1,1,0,0,0
0,1577,1,1,0,0,0
0,1584,1,1,0,0,0
0,1594,1,1,0,0,0
0,1604,1,1,0,0,0
0,1614,1,1,0,0,0
0,1617,1,1,0,0,0
0,1632,1,1,0,0,0
0,1662,1,1,0,0,0
0,1664,1,1,0,0,0
0,1698,1,1,0,0,0
0,1699,1,1,0,0,0
0,1762,1,1,0,0,0
0,1780,1,1,0,0,0
0,1782,1,1,0,0,0
0,1821,1,1,0,0,0
0,1825,1,1,0,0,0
0,1829,1,1,0,0,0
0,1833,1,1,0,0,0
0,1836,1,1,0,0,0
0,1840,1,1,0,0,0
0,1843,1,1,0,0,0
0,1845,1,1,0,0,0
0,1846,1,1,0,0,0
0,1876,1,1,0,0,0
0,1894,1,1,0,0,0
0,1895,1,1,0,0,0
0,1900,1,1,0,0,0
0,1917,1,1,0,0,0
0,1918,1,1,0,0,0
0,1943,1,1,0,0,0
0,1946,1,1,0,0,0
0,1954,1,1,0,0,0
0,1961,1,1,0,0,0
0,1966,1,1,0,0,0
0,1975,1,1,0,0,0
0,1983,1,1,0,0,0
0,2016,1,1,0,0,0
0,2032,1,1,0,0,0
0,2049,1,1,0,0,0
0,2052,1,1,0,0,0
0,2054,1,1,0,0,0
0,2073,1,1,0,0,0
0,2087,1,1,0,0,0
0,2104,1,1,0,0,0
0,2113,1,1,0,0,0
0,2121,1,1,0,0,0
0,2142,1,1,0,0,0
0,2173,1,1,0,0,0
0,2177,1,1,0,0,0
0,2185,1,1,0,0,0
0,2186,1,1,0,0,0
0,2211,1,1,0,0,0
0,2217,1,1,0,0,0
0,2221,1,1,0,0,0
0,2230,1,1,0,0,0
0,2243,1,1,0,0,0
0,2247,1,1,0,0,0
0,2262,1,1,0,0,0
0,2282,1,1,0,0,0
0,2301,1,1,0,0,0
0,2312,1,1,0,0,0
0,2315,1,1,0,0,0
0,2316,1,1,0,0,0
0,2326,1,1,0,0,0
0,2343,1,1,0,0,0
0,2345,1,1,0,0,0
0,2375,1,1,0,0,0
0,2382,1,1,0,0,0
0,2394,1,1,0,0,0
0,2397,1,1,0,0,0
0,2408,1,1,0,0,0
0,2409,1,1,0,0,0
0,2419,1,1,0,0,0
0,2449,1,1,0,0,0
0,2452,1,1,0,0,0
0,2467,1,1,0,0,0
0,2493,1,1,0,0,0
0,16,1,1,0,0,1
0,38,1,1,0,0,1
0,72,1,1,0,0,1
0,76,1,1,0,0,1
0,81,1,1,0,0,1
0,92,1,1,0,0,1
0,118,1,1,0,0,1
0,119,1,1,0,0,1
0,125,1,1,0,0,1
0,130,1,1,0,0,1
0,142,1,1,0,0,1
0,190,1,1,0,0,1
0,192,1,1,0,0,1
0,195,1,1,0,0,1
0,199,1,1,0,0,1
0,200,1,1,0,0,1
0,205,1,1,0,0,1
0,216,1,1,0,0,1
0,218,1,1,0,0,1
0,225,1,1,0,0,1
0,232,1,1,0,0,1
0,342,1,1,0,0,1
0,346,1,1,0,0,1
0,353,1,1,0,0,1
0,373,1,1,0,0,1
0,374,1,1,0,0,1
0,381,1,1,0,0,1
0,410,1,1,0,0,1
0,479,1,1,0,0,1
0,490,1,1,0,0,1
0,498,1,1,0,0,1
0,499,1,1,0,0,1
0,511,1,1,0,0,1
0,512,1,1,0,0,1
0,531,1,1,0,0,1
0,566,1,1,0,0,1
0,594,1,1,0,0,1
0,622,1,1,0,0,1
0,651,1,1,0,0,1
0,657,1,1,0,0,1
0,714,1,1,0,0,1
0,743,1,1,0,0,1
0,754,1,1,0,0,1
0,755,1,1,0,0,1
0,757,1,1,0,0,1
0,773,1,1,0,0,1
0,793,1,1,0,0,1
0,798,1,1,0,0,1
0,810,1,1,0,0,1
0,850,1,1,0,0,1
0,853,1,1,0,0,1
0,864,1,1,0,0,1
0,881,1,1,0,0,1
0,895,1,1,0,0,1
0,915,1,1,0,0,1
0,938,1,1,0,0,1
0,948,1,1,0,0,1
0,960,1,1,0,0,1
0,962,1,1,0,0,1
0,965,1,1,0,0,1
0,990,1,1,0,0,1
0,1038,1,1,0,0,1
0,1049,1,1,0,0,1
0,1099,1,1,0,0,1
0,1105,1,1,0,0,1
0,1114,1,1,0,0,1
0,1132,1,1,0,0,1
0,1135,1,1,0,0,1
0,1149,1,1,0,0,1
0,1158,1,1,0,0,1
0,1184,1,1,0,0,1
0,1237,1,1,0,0,1
0,1309,1,1,0,0,1
0,1310,1,1,0,0,1
0,1336,1,1,0,0,1
0,1344,1,1,0,0,1
0,1368,1,1,0,0,1
0,1371,1,1,0,0,1
0,1372,1,1,0,0,1
0,1386,1,1,0,0,1
0,1413,1,1,0,0,1
0,1430,1,1,0,0,1
0,1435,1,1,0,0,1
0,1438,1,1,0,0,1
0,1456,1,1,0,0,1
0,1464,1,1,0,0,1
0,1525,1,1,0,0,1
0,1532,1,1,0,0,1
0,1557,1,1,0,0,1
0,1559,1,1,0,0,1
0,1568,1,1,0,0,1
0,1576,1,1,0,0,1
0,1603,1,1,0,0,1
0,1612,1,1,0,0,1
0,1631,1,1,0,0,1
0,1668,1,1,0,0,1
0,1673,1,1,0,0,1
0,1679,1,1,0,0,1
0,1689,1,1,0,0,1
0,1707,1,1,0,0,1
0,1711,1,1,0,0,1
0,1713,1,1,0,0,1
0,1730,1,1,0,0,1
0,1736,1,1,0,0,1
0,1738,1,1,0,0,1
0,1739,1,1,0,0,1
0,1746,1,1,0,0,1
0,1768,1,1,0,0,1
0,1794,1,1,0,0,1
0,1801,1,1,0,0,1
0,1813,1,1,0,0,1
0,1819,1,1,0,0,1
0,1834,1,1,0,0,1
0,1838,1,1,0,0,1
0,1873,1,1,0,0,1
0,1904,1,1,0,0,1
0,1919,1,1,0,0,1
0,1932,1,1,0,0,1
0,1948,1,1,0,0,1
0,1951,1,1,0,0,1
0,1955,1,1,0,0,1
0,1960,1,1,0,0,1
0,1982,1,1,0,0,1
0,1985,1,1,0,0,1
0,1989,1,1,0,0,1
0,2008,1,1,0,0,1
0,2055,1,1,0,0,1
0,2102,1,1,0,0,1
0,2106,1,1,0,0,1
0,2149,1,1,0,0,1
0,2152,1,1,0,0,1
0,2207,1,1,0,0,1
0,2210,1,1,0,0,1
0,2212,1,1,0,0,1
0,2226,1,1,0,0,1
0,2228,1,1,0,0,1
0,2233,1,1,0,0,1
0,2235,1,1,0,0,1
0,2240,1,1,0,0,1
0,2242,1,1,0,0,1
0,2252,1,1,0,0,1
0,2288,1,1,0,0,1
0,2322,1,1,0,0,1
0,2330,1,1,0,0,1
0,2358,1,1,0,0,1
0,2376,1,1,0,0,1
0,2423,1,1,0,0,1
0,2442,1,1,0,0,1
0,2448,1,1,0,0,1
0,2455,1,1,0,0,1
0,2466,1,1,0,0,1
0,2469,1,1,0,0,1
0,2480,1,1,0,0,1
0,2496,1,1,0,0,1
0,22,1,1,0,0,2
0,46,1,1,0,0,2
0,98,1,1,0,0,2
0,108,1,1,0,0,2
0,111,1,1,0,0,2
0,113,1,1,0,0,2
0,135,1,1,0,0,2
0,168,1,1,0,0,2
0,179,1,1,0,0,2
0,187,1,1,0,0,2
0,212,1,1,0,0,2
0,235,1,1,0,0,2
0,255,1,1,0,0,2
0,296,1,1,0,0,2
0,310,1,1,0,0,2
0,325,1,1,0,0,2
0,329,1,1,0,0,2
0,345,1,1,0,0,2
0,416,1,1,0,0,2
0,438,1,1,0,0,2
0,556,1,1,0,0,2
0,589,1,1,0,0,2
0,628,1,1,0,0,2
0,654,1,1,0,0,2
0,660,1,1,0,0,2
0,673,1,1,0,0,2
0,676,1,1,0,0,2
0,692,1,1,0,0,2
0,719,1,1,0,0,2
0,727,1,1,0,0,2
0,771,1,1,0,0,2
0,797,1,1,0,0,2
0,804,1,1,0,0,2
0,828,1,1,0,0,2
0,838,1,1,0,0,2
0,841,1,1,0,0,2
0,852,1,1,0,0,2
0,865,1,1,0,0,2
0,917,1,1,0,0,2
0,946,1,1,0,0,2
0,998,1,1,0,0,2
0,1005,1,1,0,0,2
0,1024,1,1,0,0,2
0,1032,1,1,0,0,2
0,1057,1,1,0,0,2
0,1072,1,1,0,0,2
0,1101,1,1,0,0,2
0,1134,1,1,0,0,2
0,1156,1,1,0,0,2
0,1177,1,1,0,0,2
0,1181,1,1,0,0,2
0,1183,1,1,0,0,2
0,1190,1,1,0,0,2
0,1200,1,1,0,0,2
0,1220,1,1,0,0,2
0,1227,1,1,0,0,2
0,1246,1,1,0,0,2
0,1265,1,1,0,0,2
0,1280,1,1,0,0,2
0,1315,1,1,0,0,2
0,1338,1,1,0,0,2
0,1355,1,1,0,0,2
0,1366,1,1,0,0,2
0,1374,1,1,0,0,2
0,1393,1,1,0,0,2
0,1412,1,1,0,0,2
0,1446,1,1,0,0,2
0,1486,1,1,0,0,2
0,1498,1,1,0,0,2
0,1501,1,1,0,0,2
0,1505,1,1,0,0,2
0,1514,1,1,0,0,2
0,1518,1,1,0,0,2
0,1524,1,1,0,0,2
0,1536,1,1,0,0,2
0,1582,1,1,0,0,2
0,1600,1,1,0,0,2
0,1626,1,1,0,0,2
0,1670,1,1,0,0,2
0,1686,1,1,0,0,2
0,1690,1,1,0,0,2
0,1741,1,1,0,0,2
0,1764,1,1,0,0,2
0,1771,1,1,0,0,2
0,1785,1,1,0,0,2
0,1830,1,1,0,0,2
0,1837,1,1,0,0,2
0,1848,1,1,0,0,2
0,1874,1,1,0,0,2
0,1887,1,1,0,0,2
0,1922,1,1,0,0,2
0,1942,1,1,0,0,2
0,1958,1,1,0,0,2
0,1979,1,1,0,0,2
0,2006,1,1,0,0,2
0,2018,1,1,0,0,2
0,2040,1,1,0,0,2
0,2041,1,1,0,0,2
0,2056,1,1,0,0,2
0,2057,1,1,0,0,2
0,2062,1,1,0,0,2
0,2071,1,1,0,0,2
0,2078,1,1,0,0,2
0,2110,1,1,0,0,2
0,2138,1,1,0,0,2
0,2147,1,1,0,0,2
0,2245,1,1,0,0,2
0,2278,1,1,0,0,2
0,2290,1,1,0,0,2
0,2306,1,1,0,0,2
0,2354,1,1,0,0,2
0,2357,1,1,0,0,2
0,2362,1,1,0,0,2
0,2368,1,1,0,0,2
0,2402,1,1,0,0,2
0,2416,1,1,0,0,2
0,2417,1,1,0,0,2
0,2441,1,1,0,0,2
0,2460,1,1,0,0,2
0,2465,1,1,0,0,2
0,2491,1,1,0,0,2
0,53,1,1,0,0,3
0,57,1,1,0,0,3
0,66,1,1,0,0,3
0,67,1,1,0,0,3
0,75,1,1,0,0,3
0,101,1,1,0,0,3
0,103,1,1,0,0,3
0,153,1,1,0,0,3
0,156,1,1,0,0,3
0,178,1,1,0,0,3
0,185,1,1,0,0,3
0,194,1,1,0,0,3
0,219,1,1,0,0,3
0,246,1,1,0,0,3
0,248,1,1,0,0,3
0,275,1,1,0,0,3
0,320,1,1,0,0,3
0,326,1,1,0,0,3
0,332,1,1,0,0,3
0,368,1,1,0,0,3
0,387,1,1,0,0,3
0,405,1,1,0,0,3
0,423,1,1,0,0,3
0,433,1,1,0,0,3
0,452,1,1,0,0,3
0,454,1,1,0,0,3
0,468,1,1,0,0,3
0,474,1,1,0,0,3
0,539,1,1,0,0,3
0,540,1,1,0,0,3
0,547,1,1,0,0,3
0,572,1,1,0,0,3
0,574,1,1,0,0,3
0,595,1,1,0,0,3
0,599,1,1,0,0,3
0,601,1,1,0,0,3
0,624,1,1,0,0,3
0,655,1,1,0,0,3
0,656,1,1,0,0,3
0,671,1,1,0,0,3
0,677,1,1,0,0,3
0,685,1,1,0,0,3
0,691,1,1,0,0,3
0,738,1,1,0,0,3
0,741,1,1,0,0,3
0,752,1,1,0,0,3
0,767,1,1,0,0,3
0,776,1,1,0,0,3
0,779,1,1,0,0,3
0,801,1,1,0,0,3
0,807,1,1,0,0,3
0,839,1,1,0,0,3
0,840,1,1,0,0,3
0,844,1,1,0,0,3
0,854,1,1,0,0,3
0,861,1,1,0,0,3
0,862,1,1,0,0,3
0,872,1,1,0,0,3
0,907,1,1,0,0,3
0,914,1,1,0,0,3
0,930,1,1,0,0,3
0,1007,1,1,0,0,3
0,1011,1,1,0,0,3
0,1045,1,1,0,0,3
0,1053,1,1,0,0,3
0,1077,1,1,0,0,3
0,1147,1,1,0,0,3
0,1151,1,1,0,0,3
0,1169,1,1,0,0,3
0,1192,1,1,0,0,3
0,1213,1,1,0,0,3
0,1226,1,1,0,0,3
0,1230,1,1,0,0,3
0,1272,1,1,0,0,3
0,1289,1,1,0,0,3
0,1295,1,1,0,0,3
0,1300,1,1,0,0,3
0,1305,1,1,0,0,3
0,1311,1,1,0,0,3
0,1313,1,1,0,0,3
0,1349,1,1,0,0,3
0,1350,1,1,0,0,3
0,1358,1,1,0,0,3
0,1359,1,1,0,0,3
0,1361,1,1,0,0,3
0,1403,1,1,0,0,3
0,1426,1,1,0,0,3
0,1476,1,1,0,0,3
0,1497,1,1,0,0,3
0,1506,1,1,0,0,3
0,1527,1,1,0,0,3
0,1581,1,1,0,0,3
0,1589,1,1,0,0,3
0,1649,1,1,0,0,3
0,1650,1,1,0,0,3
0,1659,1,1,0,0,3
0,1663,1,1,0,0,3
0,1719,1,1,0,0,3
0,1724,1,1,0,0,3
0,1725,1,1,0,0,3
0,1733,1,1,0,0,3
0,1791,1,1,0,0,3
0,1806,1,1,0,0,3
0,1827,1,1,0,0,3
0,1844,1,1,0,0,3
0,1862,1,1,0,0,3
0,1877,1,1,0,0,3
0,1880,1,1,0,0,3
0,1896,1,1,0,0,3
0,1928,1,1,0,0,3
0,1933,1,1,0,0,3
0,1945,1,1,0,0,3
0,1957,1,1,0,0,3
0,1970,1,1,0,0,3
0,1971,1,1,0,0,3
0,2025,1,1,0,0,3
0,2063,1,1,0,0,3
0,2070,1,1,0,0,3
0,2074,1,1,0,0,3
0,2094,1,1,0,0,3
0,2116,1,1,0,0,3
0,2159,1,1,0,0,3
0,2175,1,1,0,0,3
0,2192,1,1,0,0,3
0,2193,1,1,0,0,3
0,2205,1,1,0,0,3
0,2214,1,1,0,0,3
0,2220,1,1,0,0,3
0,2237,1,1,0,0,3
0,2239,1,1,0,0,3
0,2246,1,1,0,0,3
0,2255,1,1,0,0,3
0,2265,1,1,0,0,3
0,2275,1,1,0,0,3
0,2276,1,1,0,0,3
0,2284,1,1,0,0,3
0,2287,1,1,0,0,3
0,2295,1,1,0,0,3
0,2299,1,1,0,0,3
0,2323,1,1,0,0,3
0,2337,1,1,0,0,3
0,2370,1,1,0,0,3
0,2390,1,1,0,0,3
0,2403,1,1,0,0,3
0,2427,1,1,0,0,3
0,2487,1,1,0,0,3
0,39,1,1,0,0,4
0,80,1,1,0,0,4
0,129,1,1,0,0,4
0,143,1,1,0,0,4
0,183,1,1,0,0,4
0,184,1,1,0,0,4
0,198,1,1,0,0,4
0,217,1,1,0,0,4
0,226,1,1,0,0,4
0,231,1,1,0,0,4
0,250,1,1,0,0,4
0,289,1,1,0,0,4
0,299,1,1,0,0,4
0,305,1,1,0,0,4
0,317,1,1,0,0,4
0,327,1,1,0,0,4
0,358,1,1,0,0,4
0,365,1,1,0,0,4
0,369,1,1,0,0,4
0,375,1,1,0,0,4
0,385,1,1,0,0,4
0,398,1,1,0,0,4
0,408,1,1,0,0,4
0,412,1,1,0,0,4
0,424,1,1,0,0,4
0,425,1,1,0,0,4
0,432,1,1,0,0,4
0,448,1,1,0,0,4
0,462,1,1,0,0,4
0,481,1,1,0,0,4
0,494,1,1,0,0,4
0,500,1,1,0,0,4
0,510,1,1,0,0,4
0,524,1,1,0,0,4
0,530,1,1,0,0,4
0,542,1,1,0,0,4
0,576,1,1,0,0,4
0,586,1,1,0,0,4
0,606,1,1,0,0,4
0,608,1,1,0,0,4
0,626,1,1,0,0,4
0,634,1,1,0,0,4
0,659,1,1,0,0,4
0,662,1,1,0,0,4
0,665,1,1,0,0,4
0,670,1,1,0,0,4
0,675,1,1,0,0,4
0,678,1,1,0,0,4
0,679,1,1,0,0,4
0,680,1,1,0,0,4
0,698,1,1,0,0,4
0,699,1,1,0,0,4
0,716,1,1,0,0,4
0,721,1,1,0,0,4
0,768,1,1,0,0,4
0,855,1,1,0,0,4
0,869,1,1,0,0,4
0,908,1,1,0,0,4
0,913,1,1,0,0,4
0,923,1,1,0,0,4
0,967,1,1,0,0,4
0,1034,1,1,0,0,4
0,1050,1,1,0,0,4
0,1079,1,1,0,0,4
0,1086,1,1,0,0,4
0,1092,1,1,0,0,4
0,1111,1,1,0,0,4
0,1113,1,1,0,0,4
0,1138,1,1,0,0,4
0,1145,1,1,0,0,4
0,1224,1,1,0,0,4
0,1257,1,1,0,0,4
0,1274,1,1,0,0,4
0,1278,1,1,0,0,4
0,1308,1,1,0,0,4
0,1325,1,1,0,0,4
0,1329,1,1,0,0,4
0,1332,1,1,0,0,4
0,1340,1,1,0,0,4
0,1352,1,1,0,0,4
0,1353,1,1,0,0,4
0,1354,1,1,0,0,4
0,1399,1,1,0,0,4
0,1405,1,1,0,0,4
0,1420,1,1,0,0,4
0,1493,1,1,0,0,4
0,1508,1,1,0,0,4
0,1509,1,1,0,0,4
0,1537,1,1,0,0,4
0,1538,1,1,0,0,4
0,1541,1,1,0,0,4
0,1544,1,1,0,0,4
0,1546,1,1,0,0,4
0,1563,1,1,0,0,4
0,1564,1,1,0,0,4
0,1572,1,1,0,0,4
0,1666,1,1,0,0,4
0,1685,1,1,0,0,4
0,1693,1,1,0,0,4
0,1701,1,1,0,0,4
0,1709,1,1,0,0,4
0,1715,1,1,0,0,4
0,1723,1,1,0,0,4
0,1728,1,1,0,0,4
0,1752,1,1,0,0,4
0,1754,1,1,0,0,4
0,1756,1,1,0,0,4
0,1765,1,1,0,0,4
0,1781,1,1,0,0,4
0,1783,1,1,0,0,4
0,1787,1,1,0,0,4
0,1789,1,1,0,0,4
0,1795,1,1,0,0,4
0,1797,1,1,0,0,4
0,1800,1,1,0,0,4
0,1804,1,1,0,0,4
0,1807,1,1,0,0,4
0,1811,1,1,0,0,4
0,1849,1,1,0,0,4
0,1858,1,1,0,0,4
0,1881,1,1,0,0,4
0,1885,1,1,0,0,4
0,1897,1,1,0,0,4
0,1899,1,1,0,0,4
0,1913,1,1,0,0,4
0,1993,1,1,0,0,4
0,2001,1,1,0,0,4
0,2013,1,1,0,0,4
0,2021,1,1,0,0,4
0,2022,1,1,0,0,4
0,2028,1,1,0,0,4
0,2038,1,1,0,0,4
0,2042,1,1,0,0,4
0,2045,1,1,0,0,4
0,2065,1,1,0,0,4
0,2086,1,1,0,0,4
0,2100,1,1,0,0,4
0,2108,1,1,0,0,4
0,2112,1,1,0,0,4
0,2133,1,1,0,0,4
0,2148,1,1,0,0,4
0,2215,1,1,0,0,4
0,2222,1,1,0,0,4
0,2285,1,1,0,0,4
0,2297,1,1,0,0,4
0,2305,1,1,0,0,4
0,2307,1,1,0,0,4
0,2325,1,1,0,0,4
0,2348,1,1,0,0,4
0,2355,1,1,0,0,4
0,2363,1,1,0,0,4
0,2393,1,1,0,0,4
0,2426,1,1,0,0,4
0,2433,1,1,0,0,4
0,2435,1,1,0,0,4
0,2450,1,1,0,0,4
0,2490,1,1,0,0,4
0,9,1,1,0,0,5
0,13,1,1,0,0,5
0,27,1,1,0,0,5
0,54,1,1,0,0,5
0,65,1,1,0,0,5
0,96,1,1,0,0,5
0,112,1,1,0,0,5
0,122,1,1,0,0,5
0,138,1,1,0,0,5
0,139,1,1,0,0,5
0,154,1,1,0,0,5
0,162,1,1,0,0,5
0,163,1,1,0,0,5
0,173,1,1,0,0,5
0,197,1,1,0,0,5
0,229,1,1,0,0,5
0,260,1,1,0,0,5
0,285,1,1,0,0,5
0,290,1,1,0,0,5
0,293,1,1,0,0,5
0,298,1,1,0,0,5
0,301,1,1,0,0,5
0,308,1,1,0,0,5
0,334,1,1,0,0,5
0,343,1,1,0,0,5
0,361,1,1,0,0,5
0,367,1,1,0,0,5
0,394,1,1,0,0,5
0,395,1,1,0,0,5
0,396,1,1,0,0,5
0,426,1,1,0,0,5
0,457,1,1,0,0,5
0,463,1,1,0,0,5
0,486,1,1,0,0,5
0,491,1,1,0,0,5
0,505,1,1,0,0,5
0,506,1,1,0,0,5
0,520,1,1,0,0,5
0,554,1,1,0,0,5
0,559,1,1,0,0,5
0,563,1,1,0,0,5
0,568,1,1,0,0,5
0,578,1,1,0,0,5
0,580,1,1,0,0,5
0,588,1,1,0,0,5
0,592,1,1,0,0,5
0,674,1,1,0,0,5
0,695,1,1,0,0,5
0,697,1,1,0,0,5
0,708,1,1,0,0,5
0,713,1,1,0,0,5
0,756,1,1,0,0,5
0,761,1,1,0,0,5
0,769,1,1,0,0,5
0,774,1,1,0,0,5
0,778,1,1,0,0,5
0,822,1,1,0,0,5
0,835,1,1,0,0,5
0,847,1,1,0,0,5
0,849,1,1,0,0,5
0,879,1,1,0,0,5
0,882,1,1,0,0,5
0,898,1,1,0,0,5
0,901,1,1,0,0,5
0,905,1,1,0,0,5
0,919,1,1,0,0,5
0,936,1,1,0,0,5
0,945,1,1,0,0,5
0,973,1,1,0,0,5
0,992,1,1,0,0,5
0,995,1,1,0,0,5
0,1030,1,1,0,0,5
0,1044,1,1,0,0,5
0,1062,1,1,0,0,5
0,1088,1,1,0,0,5
0,1095,1,1,0,0,5
0,1125,1,1,0,0,5
0,1131,1,1,0,0,5
0,1153,1,1,0,0,5
0,1180,1,1,0,0,5
0,1194,1,1,0,0,5
0,1202,1,1,0,0,5
0,1208,1,1,0,0,5
0,1218,1,1,0,0,5
0,1221,1,1,0,0,5
0,1223,1,1,0,0,5
0,1234,1,1,0,0,5
0,1248,1,1,0,0,5
0,1286,1,1,0,0,5
0,1287,1,1,0,0,5
0,1334,1,1,0,0,5
0,1335,1,1,0,0,5
0,1346,1,1,0,0,5
0,1373,1,1,0,0,5
0,1384,1,1,0,0,5
0,1388,1,1,0,0,5
0,1411,1,1,0,0,5
0,1414,1,1,0,0,5
0,1433,1,1,0,0,5
0,1451,1,1,0,0,5
0,1457,1,1,0,0,5
0,1470,1,1,0,0,5
0,1474,1,1,0,0,5
0,1517,1,1,0,0,5
0,1520,1,1,0,0,5
0,1566,1,1,0,0,5
0,1574,1,1,0,0,5
0,1585,1,1,0,0,5
0,1607,1,1,0,0,5
0,1615,1,1,0,0,5
0,1630,1,1,0,0,5
0,1645,1,1,0,0,5
0,1687,1,1,0,0,5
0,1697,1,1,0,0,5
0,1700,1,1,0,0,5
0,1722,1,1,0,0,5
0,1726,1,1,0,0,5
0,1734,1,1,0,0,5
0,1767,1,1,0,0,5
0,1776,1,1,0,0,5
0,1788,1,1,0,0,5
0,1805,1,1,0,0,5
0,1808,1,1,0,0,5
0,1831,1,1,0,0,5
0,1860,1,1,0,0,5
0,1866,1,1,0,0,5
0,1869,1,1,0,0,5
0,1908,1,1,0,0,5
0,1940,1,1,0,0,5
0,1944,1,1,0,0,5
0,1984,1,1,0,0,5
0,1986,1,1,0,0,5
0,1992,1,1,0,0,5
0,2048,1,1,0,0,5
0,2081,1,1,0,0,5
0,2084,1,1,0,0,5
0,2105,1,1,0,0,5
0,2122,1,1,0,0,5
0,2123,1,1,0,0,5
0,2124,1,1,0,0,5
0,2137,1,1,0,0,5
0,2165,1,1,0,0,5
0,2168,1,1,0,0,5
0,2196,1,1,0,0,5
0,2218,1,1,0,0,5
0,2219,1,1,0,0,5
0,2227,1,1,0,0,5
0,2231,1,1,0,0,5
0,2238,1,1,0,0,5
0,2241,1,1,0,0,5
0,2251,1,1,0,0,5
0,2260,1,1,0,0,5
0,2263,1,1,0,0,5
0,2264,1,1,0,0,5
0,2273,1,1,0,0,5
0,2304,1,1,0,0,5
0,2309,1,1,0,0,5
0,2321,1,1,0,0,5
0,2324,1,1,0,0,5
0,2331,1,1,0,0,5
0,2332,1,1,0,0,5
0,2339,1,1,0,0,5
0,2349,1,1,0,0,5
0,2378,1,1,0,0,5
0,2400,1,1,0,0,5
0,2405,1,1,0,0,5
0,2410,1,1,0,0,5
0,2486,1,1,0,0,5
0,2494,1,1,0,0,5
0,58,1,1,0,0,6
0,64,1,1,0,0,6
0,68,1,1,0,0,6
0,74,1,1,0,0,6
0,85,1,1,0,0,6
0,87,1,1,0,0,6
0,89,1,1,0,0,6
0,95,1,1,0,0,6
0,97,1,1,0,0,6
0,104,1,1,0,0,6
0,105,1,1,0,0,6
0,109,1,1,0,0,6
0,131,1,1,0,0,6
0,147,1,1,0,0,6
0,161,1,1,0,0,6
0,164,1,1,0,0,6
0,215,1,1,0,0,6
0,220,1,1,0,0,6
0,234,1,1,0,0,6
0,244,1,1,0,0,6
0,247,1,1,0,0,6
0,249,1,1,0,0,6
0,252,1,1,0,0,6
0,253,1,1,0,0,6
0,272,1,1,0,0,6
0,291,1,1,0,0,6
0,295,1,1,0,0,6
0,302,1,1,0,0,6
0,307,1,1,0,0,6
0,316,1,1,0,0,6
0,318,1,1,0,0,6
0,336,1,1,0,0,6
0,360,1,1,0,0,6
0,379,1,1,0,0,6
0,384,1,1,0,0,6
0,390,1,1,0,0,6
0,418,1,1,0,0,6
0,428,1,1,0,0,6
0,430,1,1,0,0,6
0,440,1,1,0,0,6
0,456,1,1,0,0,6
0,465,1,1,0,0,6
0,467,1,1,0,0,6
0,475,1,1,0,0,6
0,497,1,1,0,0,6
0,514,1,1,0,0,6
0,515,1,1,0,0,6
0,516,1,1,0,0,6
0,519,1,1,0,0,6
0,526,1,1,0,0,6
0,529,1,1,0,0,6
0,596,1,1,0,0,6
0,609,1,1,0,0,6
0,629,1,1,0,0,6
0,637,1,1,0,0,6
0,644,1,1,0,0,6
0,696,1,1,0,0,6
0,704,1,1,0,0,6
0,715,1,1,0,0,6
0,730,1,1,0,0,6
0,733,1,1,0,0,6
0,749,1,1,0,0,6
0,759,1,1,0,0,6
0,777,1,1,0,0,6
0,781,1,1,0,0,6
0,787,1,1,0,0,6
0,799,1,1,0,0,6
0,800,1,1,0,0,6
0,803,1,1,0,0,6
0,806,1,1,0,0,6
0,816,1,1,0,0,6
0,829,1,1,0,0,6
0,851,1,1,0,0,6
0,860,1,1,0,0,6
0,863,1,1,0,0,6
0,868,1,1,0,0,6
0,871,1,1,0,0,6
0,883,1,1,0,0,6
0,887,1,1,0,0,6
0,889,1,1,0,0,6
0,899,1,1,0,0,6
0,906,1,1,0,0,6
0,918,1,1,0,0,6
0,920,1,1,0,0,6
0,921,1,1,0,0,6
0,955,1,1,0,0,6
0,961,1,1,0,0,6
0,991,1,1,0,0,6
0,993,1,1,0,0,6
0,996,1,1,0,0,6
0,1019,1,1,0,0,6
0,1029,1,1,0,0,6
0,1031,1,1,0,0,6
0,1054,1,1,0,0,6
0,1055,1,1,0,0,6
0,1059,1,1,0,0,6
0,1065,1,1,0,0,6
0,1069,1,1,0,0,6
0,1084,1,1,0,0,6
0,1090,1,1,0,0,6
0,1102,1,1,0,0,6
0,1103,1,1,0,0,6
0,1112,1,1,0,0,6
0,1120,1,1,0,0,6
0,1140,1,1,0,0,6
0,1148,1,1,0,0,6
0,1154,1,1,0,0,6
0,1161,1,1,0,0,6
0,1175,1,1,0,0,6
0,1182,1,1,0,0,6
0,1188,1,1,0,0,6
0,1191,1,1,0,0,6
0,1193,1,1,0,0,6
0,1207,1,1,0,0,6
0,1222,1,1,0,0,6
0,1239,1,1,0,0,6
0,1240,1,1,0,0,6
0,1273,1,1,0,0,6
0,1275,1,1,0,0,6
0,1281,1,1,0,0,6
0,1304,1,1,0,0,6
0,1322,1,1,0,0,6
0,1324,1,1,0,0,6
0,1377,1,1,0,0,6
0,1379,1,1,0,0,6
0,1401,1,1,0,0,6
0,1416,1,1,0,0,6
0,1437,1,1,0,0,6
0,1458,1,1,0,0,6
0,1459,1,1,0,0,6
0,1482,1,1,0,0,6
0,1484,1,1,0,0,6
0,1488,1,1,0,0,6
0,1490,1,1,0,0,6
0,1521,1,1,0,0,6
0,1530,1,1,0,0,6
0,1575,1,1,0,0,6
0,1595,1,1,0,0,6
0,1598,1,1,0,0,6
0,1623,1,1,0,0,6
0,1635,1,1,0,0,6
0,1642,1,1,0,0,6
0,1658,1,1,0,0,6
0,1681,1,1,0,0,6
0,1702,1,1,0,0,6
0,1708,1,1,0,0,6
0,1710,1,1,0,0,6
0,1735,1,1,0,0,6
0,1742,1,1,0,0,6
0,1761,1,1,0,0,6
0,1774,1,1,0,0,6
0,1814,1,1,0,0,6
0,1864,1,1,0,0,6
0,1875,1,1,0,0,6
0,1879,1,1,0,0,6
0,1889,1,1,0,0,6
0,1898,1,1,0,0,6
0,1936,1,1,0,0,6
0,1956,1,1,0,0,6
0,1965,1,1,0,0,6
0,1980,1,1,0,0,6
0,2012,1,1,0,0,6
0,2017,1,1,0,0,6
0,2020,1,1,0,0,6
0,2029,1,1,0,0,6
0,2031,1,1,0,0,6
0,2059,1,1,0,0,6
0,2075,1,1,0,0,6
0,2082,1,1,0,0,6
0,2092,1,1,0,0,6
0,2107,1,1,0,0,6
0,2114,1,1,0,0,6
0,2117,1,1,0,0,6
0,2120,1,1,0,0,6
0,2130,1,1,0,0,6
0,2155,1,1,0,0,6
0,2157,1,1,0,0,6
0,2172,1,1,0,0,6
0,2183,1,1,0,0,6
0,2191,1,1,0,0,6
0,2199,1,1,0,0,6
0,2204,1,1,0,0,6
0,2216,1,1,0,0,6
0,2269,1,1,0,0,6
0,2272,1,1,0,0,6
0,2286,1,1,0,0,6
0,2300,1,1,0,0,6
0,2333,1,1,0,0,6
0,2335,1,1,0,0,6
0,2380,1,1,0,0,6
0,2385,1,1,0,0,6
0,2399,1,1,0,0,6
0,2418,1,1,0,0,6
0,2421,1,1,0,0,6
0,2475,1,1,0,0,6
0,2477,1,1,0,0,6
0,2495,1,1,0,0,6
0,2499,1,1,0,0,6
0,17,1,1,0,0,7
0,25,1,1,0,0,7
0,47,1,1,0,0,7
0,110,1,1,0,0,7
0,121,1,1,0,0,7
0,126,1,1,0,0,7
0,141,1,1,0,0,7
0,148,1,1,0,0,7
0,159,1,1,0,0,7
0,170,1,1,0,0,7
0,172,1,1,0,0,7
0,186,1,1,0,0,7
0,238,1,1,0,0,7
0,251,1,1,0,0,7
0,270,1,1,0,0,7
0,287,1,1,0,0,7
0,324,1,1,0,0,7
0,348,1,1,0,0,7
0,356,1,1,0,0,7
0,370,1,1,0,0,7
0,377,1,1,0,0,7
0,383,1,1,0,0,7
0,389,1,1,0,0,7
0,391,1,1,0,0,7
0,401,1,1,0,0,7
0,476,1,1,0,0,7
0,483,1,1,0,0,7
0,487,1,1,0,0,7
0,504,1,1,0,0,7
0,513,1,1,0,0,7
0,521,1,1,0,0,7
0,522,1,1,0,0,7
0,534,1,1,0,0,7
0,552,1,1,0,0,7
0,562,1,1,0,0,7
0,603,1,1,0,0,7
0,604,1,1,0,0,7
0,621,1,1,0,0,7
0,625,1,1,0,0,7
0,684,1,1,0,0,7
0,722,1,1,0,0,7
0,745,1,1,0,0,7
0,758,1,1,0,0,7
0,780,1,1,0,0,7
0,783,1,1,0,0,7
0,811,1,1,0,0,7
0,820,1,1,0,0,7
0,876,1,1,0,0,7
0,894,1,1,0,0,7
0,900,1,1,0,0,7
0,912,1,1,0,0,7
0,934,1,1,0,0,7
0,937,1,1,0,0,7
0,941,1,1,0,0,7
0,942,1,1,0,0,7
0,964,1,1,0,0,7
0,975,1,1,0,0,7
0,1009,1,1,0,0,7
0,1040,1,1,0,0,7
0,1076,1,1,0,0,7
0,1082,1,1,0,0,7
0,1096,1,1,0,0,7
0,1109,1,1,0,0,7
0,1128,1,1,0,0,7
0,1129,1,1,0,0,7
0,1146,1,1,0,0,7
0,1170,1,1,0,0,7
0,1176,1,1,0,0,7
0,1195,1,1,0,0,7
0,1219,1,1,0,0,7
0,1264,1,1,0,0,7
0,1279,1,1,0,0,7
0,1297,1,1,0,0,7
0,1301,1,1,0,0,7
0,1381,1,1,0,0,7
0,1415,1,1,0,0,7
0,1445,1,1,0,0,7
0,1519,1,1,0,0,7
0,1526,1,1,0,0,7
0,1533,1,1,0,0,7
0,1540,1,1,0,0,7
0,1554,1,1,0,0,7
0,1556,1,1,0,0,7
0,1578,1,1,0,0,7
0,1579,1,1,0,0,7
0,1596,1,1,0,0,7
0,1599,1,1,0,0,7
0,1678,1,1,0,0,7
0,1692,1,1,0,0,7
0,1694,1,1,0,0,7
0,1718,1,1,0,0,7
0,1778,1,1,0,0,7
0,1784,1,1,0,0,7
0,1792,1,1,0,0,7
0,1793,1,1,0,0,7
0,1841,1,1,0,0,7
0,1851,1,1,0,0,7
0,1972,1,1,0,0,7
0,1978,1,1,0,0,7
0,2000,1,1,0,0,7
0,2003,1,1,0,0,7
0,2033,1,1,0,0,7
0,2034,1,1,0,0,7
0,2083,1,1,0,0,7
0,2128,1,1,0,0,7
0,2160,1,1,0,0,7
0,2163,1,1,0,0,7
0,2209,1,1,0,0,7
0,2232,1,1,0,0,7
0,2234,1,1,0,0,7
0,2236,1,1,0,0,7
0,2254,1,1,0,0,7
0,2267,1,1,0,0,7
0,2320,1,1,0,0,7
0,2340,1,1,0,0,7
0,2346,1,1,0,0,7
0,2361,1,1,0,0,7
0,2365,1,1,0,0,7
0,2372,1,1,0,0,7
0,2373,1,1,0,0,7
0,2432,1,1,0,0,7
0,2461,1,1,0,0,7
0,2464,1,1,0,0,7
0,2479,1,1,0,0,7
0,2482,1,1,0,0,7
0,2484,1,1,0,0,7
0,3,1,1,0,0,8
0,40,1,1,0,0,8
0,41,1,1,0,0,8
0,49,1,1,0,0,8
0,70,1,1,0,0,8
0,82,1,1,0,0,8
0,84,1,1,0,0,8
0,90,1,1,0,0,8
0,115,1,1,0,0,8
0,128,1,1,0,0,8
0,137,1,1,0,0,8
0,202,1,1,0,0,8
0,230,1,1,0,0,8
0,243,1,1,0,0,8
0,256,1,1,0,0,8
0,263,1,1,0,0,8
0,267,1,1,0,0,8
0,304,1,1,0,0,8
0,321,1,1,0,0,8
0,337,1,1,0,0,8
0,349,1,1,0,0,8
0,362,1,1,0,0,8
0,380,1,1,0,0,8
0,406,1,1,0,0,8
0,441,1,1,0,0,8
0,445,1,1,0,0,8
0,460,1,1,0,0,8
0,493,1,1,0,0,8
0,496,1,1,0,0,8
0,501,1,1,0,0,8
0,543,1,1,0,0,8
0,548,1,1,0,0,8
0,557,1,1,0,0,8
0,590,1,1,0,0,8
0,605,1,1,0,0,8
0,639,1,1,0,0,8
0,653,1,1,0,0,8
0,661,1,1,0,0,8
0,701,1,1,0,0,8
0,706,1,1,0,0,8
0,707,1,1,0,0,8
0,726,1,1,0,0,8
0,728,1,1,0,0,8
0,740,1,1,0,0,8
0,764,1,1,0,0,8
0,788,1,1,0,0,8
0,808,1,1,0,0,8
0,823,1,1,0,0,8
0,827,1,1,0,0,8
0,877,1,1,0,0,8
0,880,1,1,0,0,8
0,892,1,1,0,0,8
0,981,1,1,0,0,8
0,987,1,1,0,0,8
0,994,1,1,0,0,8
0,1018,1,1,0,0,8
0,1023,1,1,0,0,8
0,1046,1,1,0,0,8
0,1047,1,1,0,0,8
0,1073,1,1,0,0,8
0,1106,1,1,0,0,8
0,1136,1,1,0,0,8
0,1168,1,1,0,0,8
0,1197,1,1,0,0,8
0,1199,1,1,0,0,8
0,1205,1,1,0,0,8
0,1242,1,1,0,0,8
0,1252,1,1,0,0,8
0,1268,1,1,0,0,8
0,1269,1,1,0,0,8
0,1276,1,1,0,0,8
0,1284,1,1,0,0,8
0,1291,1,1,0,0,8
0,1323,1,1,0,0,8
0,1328,1,1,0,0,8
0,1331,1,1,0,0,8
0,1360,1,1,0,0,8
0,1363,1,1,0,0,8
0,1367,1,1,0,0,8
0,1395,1,1,0,0,8
0,1419,1,1,0,0,8
0,1454,1,1,0,0,8
0,1462,1,1,0,0,8
0,1466,1,1,0,0,8
0,1472,1,1,0,0,8
0,1512,1,1,0,0,8
0,1531,1,1,0,0,8
0,1549,1,1,0,0,8
0,1552,1,1,0,0,8
0,1571,1,1,0,0,8
0,1625,1,1,0,0,8
0,1636,1,1,0,0,8
0,1665,1,1,0,0,8
0,1675,1,1,0,0,8
0,1705,1,1,0,0,8
0,1706,1,1,0,0,8
0,1717,1,1,0,0,8
0,1720,1,1,0,0,8
0,1737,1,1,0,0,8
0,1740,1,1,0,0,8
0,1790,1,1,0,0,8
0,1799,1,1,0,0,8
0,1822,1,1,0,0,8
0,1842,1,1,0,0,8
0,1856,1,1,0,0,8
0,1861,1,1,0,0,8
0,1902,1,1,0,0,8
0,1926,1,1,0,0,8
0,1937,1,1,0,0,8
0,1959,1,1,0,0,8
0,2002,1,1,0,0,8
0,2004,1,1,0,0,8
0,2050,1,1,0,0,8
0,2051,1,1,0,0,8
0,2060,1,1,0,0,8
0,2127,1,1,0,0,8
0,2129,1,1,0,0,8
0,2145,1,1,0,0,8
0,2167,1,1,0,0,8
0,2171,1,1,0,0,8
0,2261,1,1,0,0,8
0,2291,1,1,0,0,8
0,2308,1,1,0,0,8
0,2338,1,1,0,0,8
0,2401,1,1,0,0,8
0,2404,1,1,0,0,8
0,2431,1,1,0,0,8
0,2481,1,1,0,0,8
0,2489,1,1,0,0,8
0,1,1,1,0,0,9
0,2,1,1,0,0,9
0,4,1,1,0,0,9
0,14,1,1,0,0,9
0,24,1,1,0,0,9
0,30,1,1,0,0,9
0,31,1,1,0,0,9
0,35,1,1,0,0,9
0,37,1,1,0,0,9
0,42,1,1,0,0,9
0,51,1,1,0,0,9
0,56,1,1,0,0,9
0,59,1,1,0,0,9
0,91,1,1,0,0,9
0,93,1,1,0,0,9
0,124,1,1,0,0,9
0,149,1,1,0,0,9
0,169,1,1,0,0,9
0,175,1,1,0,0,9
0,176,1,1,0,0,9
0,177,1,1,0,0,9
0,189,1,1,0,0,9
0,203,1,1,0,0,9
0,257,1,1,0,0,9
0,309,1,1,0,0,9
0,311,1,1,0,0,9
0,340,1,1,0,0,9
0,354,1,1,0,0,9
0,355,1,1,0,0,9
0,357,1,1,0,0,9
0,402,1,1,0,0,9
0,403,1,1,0,0,9
0,415,1,1,0,0,9
0,420,1,1,0,0,9
0,442,1,1,0,0,9
0,446,1,1,0,0,9
0,458,1,1,0,0,9
0,461,1,1,0,0,9
0,489,1,1,0,0,9
0,503,1,1,0,0,9
0,528,1,1,0,0,9
0,532,1,1,0,0,9
0,551,1,1,0,0,9
0,555,1,1,0,0,9
0,607,1,1,0,0,9
0,610,1,1,0,0,9
0,611,1,1,0,0,9
0,614,1,1,0,0,9
0,615,1,1,0,0,9
0,623,1,1,0,0,9
0,664,1,1,0,0,9
0,669,1,1,0,0,9
0,687,1,1,0,0,9
0,693,1,1,0,0,9
0,710,1,1,0,0,9
0,718,1,1,0,0,9
0,731,1,1,0,0,9
0,735,1,1,0,0,9
0,748,1,1,0,0,9
0,763,1,1,0,0,9
0,786,1,1,0,0,9
0,791,1,1,0,0,9
0,792,1,1,0,0,9
0,805,1,1,0,0,9
0,819,1,1,0,0,9
0,821,1,1,0,0,9
0,857,1,1,0,0,9
0,890,1,1,0,0,9
0,910,1,1,0,0,9
0,932,1,1,0,0,9
0,935,1,1,0,0,9
0,940,1,1,0,0,9
0,959,1,1,0,0,9
0,971,1,1,0,0,9
0,983,1,1,0,0,9
0,986,1,1,0,0,9
0,988,1,1,0,0,9
0,989,1,1,0,0,9
0,1000,1,1,0,0,9
0,1004,1,1,0,0,9
0,1006,1,1,0,0,9
0,1021,1,1,0,0,9
0,1028,1,1,0,0,9
0,1037,1,1,0,0,9
0,1056,1,1,0,0,9
0,1061,1,1,0,0,9
0,1067,1,1,0,0,9
0,1075,1,1,0,0,9
0,1080,1,1,0,0,9
0,1087,1,1,0,0,9
0,1091,1,1,0,0,9
0,1098,1,1,0,0,9
0,1108,1,1,0,0,9
0,1110,1,1,0,0,9
0,1123,1,1,0,0,9
0,1139,1,1,0,0,9
0,1141,1,1,0,0,9
0,1164,1,1,0,0,9
0,1210,1,1,0,0,9
0,1232,1,1,0,0,9
0,1235,1,1,0,0,9
0,1238,1,1,0,0,9
0,1254,1,1,0,0,9
0,1299,1,1,0,0,9
0,1306,1,1,0,0,9
0,1342,1,1,0,0,9
0,1365,1,1,0,0,9
0,1369,1,1,0,0,9
0,1380,1,1,0,0,9
0,1400,1,1,0,0,9
0,1402,1,1,0,0,9
0,1422,1,1,0,0,9
0,1439,1,1,0,0,9
0,1444,1,1,0,0,9
0,1450,1,1,0,0,9
0,1461,1,1,0,0,9
0,1467,1,1,0,0,9
0,1469,1,1,0,0,9
0,1477,1,1,0,0,9
0,1480,1,1,0,0,9
0,1489,1,1,0,0,9
0,1495,1,1,0,0,9
0,1500,1,1,0,0,9
0,1528,1,1,0,0,9
0,1586,1,1,0,0,9
0,1590,1,1,0,0,9
0,1592,1,1,0,0,9
0,1605,1,1,0,0,9
0,1621,1,1,0,0,9
0,1622,1,1,0,0,9
0,1624,1,1,0,0,9
0,1639,1,1,0,0,9
0,1640,1,1,0,0,9
0,1651,1,1,0,0,9
0,1655,1,1,0,0,9
0,1684,1,1,0,0,9
0,1727,1,1,0,0,9
0,1775,1,1,0,0,9
0,1810,1,1,0,0,9
0,1812,1,1,0,0,9
0,1816,1,1,0,0,9
0,1828,1,1,0,0,9
0,1835,1,1,0,0,9
0,1853,1,1,0,0,9
0,1855,1,1,0,0,9
0,1857,1,1,0,0,9
0,1859,1,1,0,0,9
0,1890,1,1,0,0,9
0,1893,1,1,0,0,9
0,1907,1,1,0,0,9
0,1915,1,1,0,0,9
0,1964,1,1,0,0,9
0,1967,1,1,0,0,9
0,1996,1,1,0,0,9
0,1999,1,1,0,0,9
0,2005,1,1,0,0,9
0,2023,1,1,0,0,9
0,2067,1,1,0,0,9
0,2068,1,1,0,0,9
0,2072,1,1,0,0,9
0,2088,1,1,0,0,9
0,2093,1,1,0,0,9
0,2099,1,1,0,0,9
0,2125,1,1,0,0,9
0,2146,1,1,0,0,9
0,2151,1,1,0,0,9
0,2156,1,1,0,0,9
0,2164,1,1,0,0,9
0,2176,1,1,0,0,9
0,2178,1,1,0,0,9
0,2244,1,1,0,0,9
0,2256,1,1,0,0,9
0,2268,1,1,0,0,9
0,2280,1,1,0,0,9
0,2283,1,1,0,0,9
0,2293,1,1,0,0,9
0,2296,1,1,0,0,9
0,2303,1,1,0,0,9
0,2328,1,1,0,0,9
0,2329,1,1,0,0,9
0,2342,1,1,0,0,9
0,2360,1,1,0,0,9
0,2389,1,1,0,0,9
0,2392,1,1,0,0,9
0,2406,1,1,0,0,9
0,2424,1,1,0,0,9
0,2437,1,1,0,0,9
0,2443,1,1,0,0,9
0,2451,1,1,0,0,9
0,2456,1,1,0,0,9
0,2462,1,1,0,0,9
0,2473,1,1,0,0,9
0,2476,1,1,0,0,9
0,2488,1,1,0,0,9
0,20,1,1,0,0,10
0,60,1,1,0,0,10
0,157,1,1,0,0,10
0,180,1,1,0,0,10
0,181,1,1,0,0,10
0,237,1,1,0,0,10
0,279,1,1,0,0,10
0,283,1,1,0,0,10
0,286,1,1,0,0,10
0,294,1,1,0,0,10
0,313,1,1,0,0,10
0,338,1,1,0,0,10
0,347,1,1,0,0,10
0,366,1,1,0,0,10
0,382,1,1,0,0,10
0,414,1,1,0,0,10
0,444,1,1,0,0,10
0,453,1,1,0,0,10
0,455,1,1,0,0,10
0,459,1,1,0,0,10
0,469,1,1,0,0,10
0,477,1,1,0,0,10
0,478,1,1,0,0,10
0,482,1,1,0,0,10
0,507,1,1,0,0,10
0,517,1,1,0,0,10
0,523,1,1,0,0,10
0,553,1,1,0,0,10
0,569,1,1,0,0,10
0,602,1,1,0,0,10
0,619,1,1,0,0,10
0,642,1,1,0,0,10
0,648,1,1,0,0,10
0,682,1,1,0,0,10
0,703,1,1,0,0,10
0,720,1,1,0,0,10
0,723,1,1,0,0,10
0,782,1,1,0,0,10
0,796,1,1,0,0,10
0,814,1,1,0,0,10
0,848,1,1,0,0,10
0,867,1,1,0,0,10
0,886,1,1,0,0,10
0,925,1,1,0,0,10
0,927,1,1,0,0,10
0,928,1,1,0,0,10
0,979,1,1,0,0,10
0,980,1,1,0,0,10
0,1010,1,1,0,0,10
0,1015,1,1,0,0,10
0,1022,1,1,0,0,10
0,1039,1,1,0,0,10
0,1048,1,1,0,0,10
0,1063,1,1,0,0,10
0,1070,1,1,0,0,10
0,1115,1,1,0,0,10
0,1122,1,1,0,0,10
0,1150,1,1,0,0,10
0,1159,1,1,0,0,10
0,1160,1,1,0,0,10
0,1173,1,1,0,0,10
0,1174,1,1,0,0,10
0,1211,1,1,0,0,10
0,1217,1,1,0,0,10
0,1225,1,1,0,0,10
0,1241,1,1,0,0,10
0,1312,1,1,0,0,10
0,1317,1,1,0,0,10
0,1320,1,1,0,0,10
0,1327,1,1,0,0,10
0,1337,1,1,0,0,10
0,1357,1,1,0,0,10
0,1376,1,1,0,0,10
0,1383,1,1,0,0,10
0,1385,1,1,0,0,10
0,1396,1,1,0,0,10
0,1423,1,1,0,0,10
0,1431,1,1,0,0,10
0,1432,1,1,0,0,10
0,1434,1,1,0,0,10
0,1448,1,1,0,0,10
0,1449,1,1,0,0,10
0,1465,1,1,0,0,10
0,1473,1,1,0,0,10
0,1485,1,1,0,0,10
0,1487,1,1,0,0,10
0,1491,1,1,0,0,10
0,1504,1,1,0,0,10
0,1511,1,1,0,0,10
0,1570,1,1,0,0,10
0,1587,1,1,0,0,10
0,1591,1,1,0,0,10
0,1648,1,1,0,0,10
0,1654,1,1,0,0,10
0,1680,1,1,0,0,10
0,1714,1,1,0,0,10
0,1770,1,1,0,0,10
0,1786,1,1,0,0,10
0,1865,1,1,0,0,10
0,1871,1,1,0,0,10
0,1886,1,1,0,0,10
0,1888,1,1,0,0,10
0,1901,1,1,0,0,10
0,1903,1,1,0,0,10
0,1905,1,1,0,0,10
0,1949,1,1,0,0,10
0,1953,1,1,0,0,10
0,1994,1,1,0,0,10
0,2089,1,1,0,0,10
0,2109,1,1,0,0,10
0,2134,1,1,0,0,10
0,2140,1,1,0,0,10
0,2141,1,1,0,0,10
0,2169,1,1,0,0,10
0,2194,1,1,0,0,10
0,2198,1,1,0,0,10
0,2208,1,1,0,0,10
0,2250,1,1,0,0,10
0,2270,1,1,0,0,10
0,2292,1,1,0,0,10
0,2314,1,1,0,0,10
0,2341,1,1,0,0,10
0,2347,1,1,0,0,10
0,2374,1,1,0,0,10
0,2384,1,1,0,0,10
0,2395,1,1,0,0,10
0,2445,1,1,0,0,10
0,2457,1,1,0,0,10
0,2468,1,1,0,0,10
0,2485,1,1,0,0,10
0,0,1,1,0,0,11
0,5,1,1,0,0,11
0,7,1,1,0,0,11
0,8,1,1,0,0,11
0,19,1,1,0,0,11
0,21,1,1,0,0,11
0,23,1,1,0,0,11
0,34,1,1,0,0,11
0,43,1,1,0,0,11
0,48,1,1,0,0,11
0,50,1,1,0,0,11
0,55,1,1,0,0,11
0,63,1,1,0,0,11
0,71,1,1,0,0,11
0,86,1,1,0,0,11
0,88,1,1,0,0,11
0,106,1,1,0,0,11
0,107,1,1,0,0,11
0,160,1,1,0,0,11
0,167,1,1,0,0,11
0,182,1,1,0,0,11
0,191,1,1,0,0,11
0,221,1,1,0,0,11
0,236,1,1,0,0,11
0,241,1,1,0,0,11
0,254,1,1,0,0,11
0,258,1,1,0,0,11
0,262,1,1,0,0,11
0,269,1,1,0,0,11
0,273,1,1,0,0,11
0,276,1,1,0,0,11
0,281,1,1,0,0,11
0,288,1,1,0,0,11
0,306,1,1,0,0,11
0,312,1,1,0,0,11
0,315,1,1,0,0,11
0,333,1,1,0,0,11
0,339,1,1,0,0,11
0,344,1,1,0,0,11
0,352,1,1,0,0,11
0,364,1,1,0,0,11
0,372,1,1,0,0,11
0,388,1,1,0,0,11
0,397,1,1,0,0,11
0,404,1,1,0,0,11
0,407,1,1,0,0,11
0,409,1,1,0,0,11
0,417,1,1,0,0,11
0,421,1,1,0,0,11
0,431,1,1,0,0,11
0,436,1,1,0,0,11
0,464,1,1,0,0,11
0,470,1,1,0,0,11
0,488,1,1,0,0,11
0,509,1,1,0,0,11
0,525,1,1,0,0,11
0,538,1,1,0,0,11
0,550,1,1,0,0,11
0,560,1,1,0,0,11
0,561,1,1,0,0,11
0,577,1,1,0,0,11
0,579,1,1,0,0,11
0,620,1,1,0,0,11
0,630,1,1,0,0,11
0,632,1,1,0,0,11
0,635,1,1,0,0,11
0,643,1,1,0,0,11
0,647,1,1,0,0,11
0,649,1,1,0,0,11
0,650,1,1,0,0,11
0,658,1,1,0,0,11
0,672,1,1,0,0,11
0,700,1,1,0,0,11
0,709,1,1,0,0,11
0,744,1,1,0,0,11
0,751,1,1,0,0,11
0,760,1,1,0,0,11
0,762,1,1,0,0,11
0,784,1,1,0,0,11
0,785,1,1,0,0,11
0,789,1,1,0,0,11
0,802,1,1,0,0,11
0,809,1,1,0,0,11
0,825,1,1,0,0,11
0,837,1,1,0,0,11
0,873,1,1,0,0,11
0,874,1,1,0,0,11
0,875,1,1,0,0,11
0,884,1,1,0,0,11
0,902,1,1,0,0,11
0,904,1,1,0,0,11
0,911,1,1,0,0,11
0,922,1,1,0,0,11
0,924,1,1,0,0,11
0,944,1,1,0,0,11
0,952,1,1,0,0,11
0,972,1,1,0,0,11
0,974,1,1,0,0,11
0,978,1,1,0,0,11
0,985,1,1,0,0,11
0,999,1,1,0,0,11
0,1008,1,1,0,0,11
0,1012,1,1,0,0,11
0,1016,1,1,0,0,11
0,1026,1,1,0,0,11
0,1027,1,1,0,0,11
0,1033,1,1,0,0,11
0,1041,1,1,0,0,11
0,1051,1,1,0,0,11
0,1083,1,1,0,0,11
0,1093,1,1,0,0,11
0,1094,1,1,0,0,11
0,1097,1,1,0,0,11
0,1126,1,1,0,0,11
0,1127,1,1,0,0,11
0,1133,1,1,0,0,11
0,1172,1,1,0,0,11
0,1212,1,1,0,0,11
0,1215,1,1,0,0,11
0,1216,1,1,0,0,11
0,1233,1,1,0,0,11
0,1236,1,1,0,0,11
0,1244,1,1,0,0,11
0,1247,1,1,0,0,11
0,1250,1,1,0,0,11
0,1255,1,1,0,0,11
0,1256,1,1,0,0,11
0,1259,1,1,0,0,11
0,1263,1,1,0,0,11
0,1266,1,1,0,0,11
0,1270,1,1,0,0,11
0,1271,1,1,0,0,11
0,1285,1,1,0,0,11
0,1290,1,1,0,0,11
0,1293,1,1,0,0,11
0,1318,1,1,0,0,11
0,1339,1,1,0,0,11
0,1343,1,1,0,0,11
0,1351,1,1,0,0,11
0,1364,1,1,0,0,11
0,1382,1,1,0,0,11
0,1387,1,1,0,0,11
0,1389,1,1,0,0,11
0,1391,1,1,0,0,11
0,1404,1,1,0,0,11
0,1407,1,1,0,0,11
0,1409,1,1,0,0,11
0,1425,1,1,0,0,11
0,1428,1,1,0,0,11
0,1436,1,1,0,0,11
0,1441,1,1,0,0,11
0,1442,1,1,0,0,11
0,1453,1,1,0,0,11
0,1471,1,1,0,0,11
0,1492,1,1,0,0,11
0,1494,1,1,0,0,11
0,1516,1,1,0,0,11
0,1542,1,1,0,0,11
0,1550,1,1,0,0,11
0,1565,1,1,0,0,11
0,1569,1,1,0,0,11
0,1573,1,1,0,0,11
0,1580,1,1,0,0,11
0,1593,1,1,0,0,11
0,1602,1,1,0,0,11
0,1606,1,1,0,0,11
0,1609,1,1,0,0,11
0,1610,1,1,0,0,11
0,1620,1,1,0,0,11
0,1628,1,1,0,0,11
0,1629,1,1,0,0,11
0,1634,1,1,0,0,11
0,1643,1,1,0,0,11
0,1652,1,1,0,0,11
0,1656,1,1,0,0,11
0,1661,1,1,0,0,11
0,1669,1,1,0,0,11
0,1671,1,1,0,0,11
0,1674,1,1,0,0,11
0,1676,1,1,0,0,11
0,1683,1,1,0,0,11
0,1695,1,1,0,0,11
0,1696,1,1,0,0,11
0,1703,1,1,0,0,11
0,1704,1,1,0,0,11
0,1712,1,1,0,0,11
0,1721,1,1,0,0,11
0,1731,1,1,0,0,11
0,1743,1,1,0,0,11
0,1745,1,1,0,0,11
0,1747,1,1,0,0,11
0,1750,1,1,0,0,11
0,1753,1,1,0,0,11
0,1759,1,1,0,0,11
0,1772,1,1,0,0,11
0,1809,1,1,0,0,11
0,1823,1,1,0,0,11
0,1826,1,1,0,0,11
0,1854,1,1,0,0,11
0,1867,1,1,0,0,11
0,1883,1,1,0,0,11
0,1891,1,1,0,0,11
0,1906,1,1,0,0,11
0,1910,1,1,0,0,11
0,1912,1,1,0,0,11
0,1914,1,1,0,0,11
0,1916,1,1,0,0,11
0,1921,1,1,0,0,11
0,1939,1,1,0,0,11
0,1947,1,1,0,0,11
0,1962,1,1,0,0,11
0,1963,1,1,0,0,11
0,1969,1,1,0,0,11
0,1973,1,1,0,0,11
0,1991,1,1,0,0,11
0,1995,1,1,0,0,11
0,1998,1,1,0,0,11
0,2019,1,1,0,0,11
0,2024,1,1,0,0,11
0,2027,1,1,0,0,11
0,2030,1,1,0,0,11
0,2035,1,1,0,0,11
0,2036,1,1,0,0,11
0,2047,1,1,0,0,11
0,2066,1,1,0,0,11
0,2080,1,1,0,0,11
0,2096,1,1,0,0,11
0,2101,1,1,0,0,11
0,2111,1,1,0,0,11
0,2126,1,1,0,0,11
0,2131,1,1,0,0,11
0,2135,1,1,0,0,11
0,2153,1,1,0,0,11
0,2154,1,1,0,0,11
0,2158,1,1,0,0,11
0,2161,1,1,0,0,11
0,2166,1,1,0,0,11
0,2180,1,1,0,0,11
0,2181,1,1,0,0,11
0,2184,1,1,0,0,11
0,2189,1,1,0,0,11
0,2195,1,1,0,0,11
0,2200,1,1,0,0,11
0,2201,1,1,0,0,11
0,2213,1,1,0,0,11
0,2224,1,1,0,0,11
0,2225,1,1,0,0,11
0,2229,1,1,0,0,11
0,2253,1,1,0,0,11
0,2302,1,1,0,0,11
0,2310,1,1,0,0,11
0,2313,1,1,0,0,11
0,2317,1,1,0,0,11
0,2319,1,1,0,0,11
0,2327,1,1,0,0,11
0,2344,1,1,0,0,11
0,2359,1,1,0,0,11
0,2377,1,1,0,0,11
0,2379,1,1,0,0,11
0,2386,1,1,0,0,11
0,2391,1,1,0,0,11
0,2398,1,1,0,0,11
0,2414,1,1,0,0,11
0,2422,1,1,0,0,11
0,2428,1,1,0,0,11
0,2434,1,1,0,0,11
0,2436,1,1,0,0,11
0,2439,1,1,0,0,11
0,2440,1,1,0,0,11
0,2446,1,1,0,0,11
0,2463,1,1,0,0,11
0,2471,1,1,0,0,11
0,2497,1,1,0,0,11
0,6,1,1,0,0,12
0,29,1,1,0,0,12
0,45,1,1,0,0,12
0,61,1,1,0,0,12
0,69,1,1,0,0,12
0,73,1,1,0,0,12
0,100,1,1,0,0,12
0,102,1,1,0,0,12
0,114,1,1,0,0,12
0,133,1,1,0,0,12
0,145,1,1,0,0,12
0,150,1,1,0,0,12
0,166,1,1,0,0,12
0,174,1,1,0,0,12
0,201,1,1,0,0,12
0,206,1,1,0,0,12
0,208,1,1,0,0,12
0,209,1,1,0,0,12
0,210,1,1,0,0,12
0,223,1,1,0,0,12
0,224,1,1,0,0,12
0,239,1,1,0,0,12
0,245,1,1,0,0,12
0,265,1,1,0,0,12
0,268,1,1,0,0,12
0,271,1,1,0,0,12
0,300,1,1,0,0,12
0,319,1,1,0,0,12
0,322,1,1,0,0,12
0,413,1,1,0,0,12
0,422,1,1,0,0,12
0,435,1,1,0,0,12
0,451,1,1,0,0,12
0,473,1,1,0,0,12
0,480,1,1,0,0,12
0,495,1,1,0,0,12
0,502,1,1,0,0,12
0,535,1,1,0,0,12
0,541,1,1,0,0,12
0,544,1,1,0,0,12
0,549,1,1,0,0,12
0,575,1,1,0,0,12
0,584,1,1,0,0,12
0,585,1,1,0,0,12
0,587,1,1,0,0,12
0,591,1,1,0,0,12
0,597,1,1,0,0,12
0,616,1,1,0,0,12
0,617,1,1,0,0,12
0,627,1,1,0,0,12
0,645,1,1,0,0,12
0,681,1,1,0,0,12
0,690,1,1,0,0,12
0,705,1,1,0,0,12
0,729,1,1,0,0,12
0,737,1,1,0,0,12
0,746,1,1,0,0,12
0,765,1,1,0,0,12
0,766,1,1,0,0,12
0,770,1,1,0,0,12
0,794,1,1,0,0,12
0,795,1,1,0,0,12
0,830,1,1,0,0,12
0,842,1,1,0,0,12
0,843,1,1,0,0,12
0,845,1,1,0,0,12
0,846,1,1,0,0,12
0,929,1,1,0,0,12
0,931,1,1,0,0,12
0,947,1,1,0,0,12
0,949,1,1,0,0,12
0,950,1,1,0,0,12
0,968,1,1,0,0,12
0,969,1,1,0,0,12
0,984,1,1,0,0,12
0,1014,1,1,0,0,12
0,1020,1,1,0,0,12
0,1025,1,1,0,0,12
0,1035,1,1,0,0,12
0,1036,1,1,0,0,12
0,1058,1,1,0,0,12
0,1068,1,1,0,0,12
0,1081,1,1,0,0,12
0,1089,1,1,0,0,12
0,1107,1,1,0,0,12
0,1116,1,1,0,0,12
0,1117,1,1,0,0,12
0,1121,1,1,0,0,12
0,1124,1,1,0,0,12
0,1130,1,1,0,0,12
0,1137,1,1,0,0,12
0,1185,1,1,0,0,12
0,1189,1,1,0,0,12
0,1198,1,1,0,0,12
0,1209,1,1,0,0,12
0,1258,1,1,0,0,12
0,1262,1,1,0,0,12
0,1267,1,1,0,0,12
0,1282,1,1,0,0,12
0,1296,1,1,0,0,12
0,1321,1,1,0,0,12
0,1326,1,1,0,0,12
0,1341,1,1,0,0,12
0,1345,1,1,0,0,12
0,1348,1,1,0,0,12
0,1362,1,1,0,0,12
0,1421,1,1,0,0,12
0,1424,1,1,0,0,12
0,1429,1,1,0,0,12
0,1455,1,1,0,0,12
0,1496,1,1,0,0,12
0,1503,1,1,0,0,12
0,1515,1,1,0,0,12
0,1539,1,1,0,0,12
0,1545,1,1,0,0,12
0,1547,1,1,0,0,12
0,1548,1,1,0,0,12
0,1553,1,1,0,0,12
0,1562,1,1,0,0,12
0,1583,1,1,0,0,12
0,1597,1,1,0,0,12
0,1601,1,1,0,0,12
0,1608,1,1,0,0,12
0,1627,1,1,0,0,12
0,1633,1,1,0,0,12
0,1644,1,1,0,0,12
0,1647,1,1,0,0,12
0,1657,1,1,0,0,12
0,1672,1,1,0,0,12
0,1677,1,1,0,0,12
0,1691,1,1,0,0,12
0,1716,1,1,0,0,12
0,1744,1,1,0,0,12
0,1749,1,1,0,0,12
0,1763,1,1,0,0,12
0,1769,1,1,0,0,12
0,1773,1,1,0,0,12
0,1779,1,1,0,0,12
0,1796,1,1,0,0,12
0,1803,1,1,0,0,12
0,1815,1,1,0,0,12
0,1817,1,1,0,0,12
0,1818,1,1,0,0,12
0,1824,1,1,0,0,12
0,1839,1,1,0,0,12
0,1847,1,1,0,0,12
0,1868,1,1,0,0,12
0,1872,1,1,0,0,12
0,1911,1,1,0,0,12
0,1920,1,1,0,0,12
0,1925,1,1,0,0,12
0,1929,1,1,0,0,12
0,1938,1,1,0,0,12
0,1941,1,1,0,0,12
0,1952,1,1,0,0,12
0,1968,1,1,0,0,12
0,1977,1,1,0,0,12
0,1987,1,1,0,0,12
0,1997,1,1,0,0,12
0,2011,1,1,0,0,12
0,2014,1,1,0,0,12
0,2039,1,1,0,0,12
0,2064,1,1,0,0,12
0,2069,1,1,0,0,12
0,2079,1,1,0,0,12
0,2090,1,1,0,0,12
0,2115,1,1,0,0,12
0,2119,1,1,0,0,12
0,2132,1,1,0,0,12
0,2139,1,1,0,0,12
0,2150,1,1,0,0,12
0,2179,1,1,0,0,12
0,2188,1,1,0,0,12
0,2190,1,1,0,0,12
0,2248,1,1,0,0,12
0,2257,1,1,0,0,12
0,2259,1,1,0,0,12
0,2274,1,1,0,0,12
0,2279,1,1,0,0,12
0,2289,1,1,0,0,12
0,2336,1,1,0,0,12
0,2353,1,1,0,0,12
0,2366,1,1,0,0,12
0,2396,1,1,0,0,12
0,2413,1,1,0,0,12
0,2420,1,1,0,0,12
0,2425,1,1,0,0,12
0,2438,1,1,0,0,12
0,2447,1,1,0,0,12
0,2454,1,1,0,0,12
0,2478,1,1,0,0,12
0,2492,1,1,0,0,12
0,2498,1,1,0,0,12
0,12,1,1,0,0,13
0,26,1,1,0,0,13
0,32,1,1,0,0,13
0,77,1,1,0,0,13
0,78,1,1,0,0,13
0,79,1,1,0,0,13
0,94,1,1,0,0,13
0,117,1,1,0,0,13
0,123,1,1,0,0,13
0,127,1,1,0,0,13
0,146,1,1,0,0,13
0,151,1,1,0,0,13
0,152,1,1,0,0,13
0,171,1,1,0,0,13
0,207,1,1,0,0,13
0,240,1,1,0,0,13
0,277,1,1,0,0,13
0,350,1,1,0,0,13
0,351,1,1,0,0,13
0,363,1,1,0,0,13
0,376,1,1,0,0,13
0,378,1,1,0,0,13
0,393,1,1,0,0,13
0,429,1,1,0,0,13
0,449,1,1,0,0,13
0,466,1,1,0,0,13
0,484,1,1,0,0,13
0,518,1,1,0,0,13
0,558,1,1,0,0,13
0,564,1,1,0,0,13
0,567,1,1,0,0,13
0,570,1,1,0,0,13
0,571,1,1,0,0,13
0,583,1,1,0,0,13
0,600,1,1,0,0,13
0,612,1,1,0,0,13
0,618,1,1,0,0,13
0,636,1,1,0,0,13
0,652,1,1,0,0,13
0,688,1,1,0,0,13
0,736,1,1,0,0,13
0,772,1,1,0,0,13
0,812,1,1,0,0,13
0,813,1,1,0,0,13
0,832,1,1,0,0,13
0,834,1,1,0,0,13
0,856,1,1,0,0,13
0,859,1,1,0,0,13
0,866,1,1,0,0,13
0,926,1,1,0,0,13
0,939,1,1,0,0,13
0,1002,1,1,0,0,13
0,1003,1,1,0,0,13
0,1013,1,1,0,0,13
0,1017,1,1,0,0,13
0,1043,1,1,0,0,13
0,1060,1,1,0,0,13
0,1071,1,1,0,0,13
0,1104,1,1,0,0,13
0,1118,1,1,0,0,13
0,1142,1,1,0,0,13
0,1143,1,1,0,0,13
0,1144,1,1,0,0,13
0,1157,1,1,0,0,13
0,1162,1,1,0,0,13
0,1167,1,1,0,0,13
0,1171,1,1,0,0,13
0,1187,1,1,0,0,13
0,1196,1,1,0,0,13
0,1201,1,1,0,0,13
0,1203,1,1,0,0,13
0,1229,1,1,0,0,13
0,1243,1,1,0,0,13
0,1251,1,1,0,0,13
0,1253,1,1,0,0,13
0,1288,1,1,0,0,13
0,1302,1,1,0,0,13
0,1333,1,1,0,0,13
0,1392,1,1,0,0,13
0,1394,1,1,0,0,13
0,1418,1,1,0,0,13
0,1447,1,1,0,0,13
0,1567,1,1,0,0,13
0,1611,1,1,0,0,13
0,1638,1,1,0,0,13
0,1653,1,1,0,0,13
0,1660,1,1,0,0,13
0,1729,1,1,0,0,13
0,1732,1,1,0,0,13
0,1748,1,1,0,0,13
0,1751,1,1,0,0,13
0,1758,1,1,0,0,13
0,1760,1,1,0,0,13
0,1766,1,1,0,0,13
0,1777,1,1,0,0,13
0,1798,1,1,0,0,13
0,1850,1,1,0,0,13
0,1852,1,1,0,0,13
0,1863,1,1,0,0,13
0,1870,1,1,0,0,13
0,1882,1,1,0,0,13
0,1884,1,1,0,0,13
0,1923,1,1,0,0,13
0,1927,1,1,0,0,13
0,1930,1,1,0,0,13
0,1931,1,1,0,0,13
0,1934,1,1,0,0,13
0,1935,1,1,0,0,13
0,1981,1,1,0,0,13
0,2026,1,1,0,0,13
0,2061,1,1,0,0,13
0,2085,1,1,0,0,13
0,2091,1,1,0,0,13
0,2097,1,1,0,0,13
0,2136,1,1,0,0,13
0,2143,1,1,0,0,13
0,2162,1,1,0,0,13
0,2202,1,1,0,0,13
0,2249,1,1,0,0,13
0,2281,1,1,0,0,13
0,2298,1,1,0,0,13
0,2334,1,1,0,0,13
0,2350,1,1,0,0,13
0,2356,1,1,0,0,13
0,2367,1,1,0,0,13
0,2388,1,1,0,0,13
0,2407,1,1,0,0,13
0,2412,1,1,0,0,13
0,2429,1,1,0,0,13
0,2430,1,1,0,0,13
0,2458,1,1,0,0,13
0,2459,1,1,0,0,13
0,2472,1,1,0,0,13
0,2474,1,1,0,0,13
0,2483,1,1,0,0,13
0,11,1,1,0,0,14
0,15,1,1,0,0,14
0,33,1,1,0,0,14
0,36,1,1,0,0,14
0,62,1,1,0,0,14
0,83,1,1,0,0,14
0,120,1,1,0,0,14
0,132,1,1,0,0,14
0,136,1,1,0,0,14
0,140,1,1,0,0,14
0,188,1,1,0,0,14
0,193,1,1,0,0,14
0,227,1,1,0,0,14
0,233,1,1,0,0,14
0,242,1,1,0,0,14
0,261,1,1,0,0,14
0,282,1,1,0,0,14
0,297,1,1,0,0,14
0,314,1,1,0,0,14
0,330,1,1,0,0,14
0,359,1,1,0,0,14
0,386,1,1,0,0,14
0,400,1,1,0,0,14
0,427,1,1,0,0,14
0,434,1,1,0,0,14
0,437,1,1,0,0,14
0,439,1,1,0,0,14
0,443,1,1,0,0,14
0,447,1,1,0,0,14
0,471,1,1,0,0,14
0,472,1,1,0,0,14
0,485,1,1,0,0,14
0,492,1,1,0,0,14
0,533,1,1,0,0,14
0,537,1,1,0,0,14
0,565,1,1,0,0,14
0,581,1,1,0,0,14
0,593,1,1,0,0,14
0,613,1,1,0,0,14
0,631,1,1,0,0,14
0,633,1,1,0,0,14
0,640,1,1,0,0,14
0,646,1,1,0,0,14
0,667,1,1,0,0,14
0,686,1,1,0,0,14
0,689,1,1,0,0,14
0,702,1,1,0,0,14
0,711,1,1,0,0,14
0,712,1,1,0,0,14
0,717,1,1,0,0,14
0,724,1,1,0,0,14
0,732,1,1,0,0,14
0,734,1,1,0,0,14
0,739,1,1,0,0,14
0,742,1,1,0,0,14
0,747,1,1,0,0,14
0,753,1,1,0,0,14
0,775,1,1,0,0,14
0,815,1,1,0,0,14
0,817,1,1,0,0,14
0,818,1,1,0,0,14
0,826,1,1,0,0,14
0,858,1,1,0,0,14
0,878,1,1,0,0,14
0,888,1,1,0,0,14
0,893,1,1,0,0,14
0,896,1,1,0,0,14
0,903,1,1,0,0,14
0,916,1,1,0,0,14
0,933,1,1,0,0,14
0,943,1,1,0,0,14
0,953,1,1,0,0,14
0,954,1,1,0,0,14
0,966,1,1,0,0,14
0,976,1,1,0,0,14
0,982,1,1,0,0,14
0,997,1,1,0,0,14
0,1064,1,1,0,0,14
0,1074,1,1,0,0,14
0,1078,1,1,0,0,14
0,1119,1,1,0,0,14
0,1152,1,1,0,0,14
0,1155,1,1,0,0,14
0,1165,1,1,0,0,14
0,1178,1,1,0,0,14
0,1204,1,1,0,0,14
0,1206,1,1,0,0,14
0,1228,1,1,0,0,14
0,1249,1,1,0,0,14
0,1292,1,1,0,0,14
0,1294,1,1,0,0,14
0,1298,1,1,0,0,14
0,1303,1,1,0,0,14
0,1307,1,1,0,0,14
0,1314,1,1,0,0,14
0,1319,1,1,0,0,14
0,1347,1,1,0,0,14
0,1370,1,1,0,0,14
0,1375,1,1,0,0,14
0,1378,1,1,0,0,14
0,1397,1,1,0,0,14
0,1410,1,1,0,0,14
0,1417,1,1,0,0,14
0,1427,1,1,0,0,14
0,1443,1,1,0,0,14
0,1460,1,1,0,0,14
0,1463,1,1,0,0,14
0,1479,1,1,0,0,14
0,1481,1,1,0,0,14
0,1502,1,1,0,0,14
0,1522,1,1,0,0,14
0,1534,1,1,0,0,14
0,1551,1,1,0,0,14
0,1555,1,1,0,0,14
0,1560,1,1,0,0,14
0,1588,1,1,0,0,14
0,1613,1,1,0,0,14
0,1616,1,1,0,0,14
0,1618,1,1,0,0,14
0,1619,1,1,0,0,14
0,1637,1,1,0,0,14
0,1641,1,1,0,0,14
0,1646,1,1,0,0,14
0,1667,1,1,0,0,14
0,1682,1,1,0,0,14
0,1688,1,1,0,0,14
0,1755,1,1,0,0,14
0,1757,1,1,0,0,14
0,1802,1,1,0,0,14
0,1820,1,1,0,0,14
0,1832,1,1,0,0,14
0,1878,1,1,0,0,14
0,1892,1,1,0,0,14
0,1909,1,1,0,0,14
0,1924,1,1,0,0,14
0,1950,1,1,0,0,14
0,1974,1,1,0,0,14
0,1976,1,1,0,0,14
0,1988,1,1,0,0,14
0,1990,1,1,0,0,14
0,2007,1,1,0,0,14
0,2009,1,1,0,0,14
0,2010,1,1,0,0,14
0,2015,1,1,0,0,14
0,2037,1,1,0,0,14
0,2043,1,1,0,0,14
0,2044,1,1,0,0,14
0,2046,1,1,0,0,14
0,2053,1,1,0,0,14
0,2058,1,1,0,0,14
0,2076,1,1,0,0,14
0,2077,1,1,0,0,14
0,2095,1,1,0,0,14
0,2098,1,1,0,0,14
0,2103,1,1,0,0,14
0,2118,1,1,0,0,14
0,2144,1,1,0,0,14
0,2170,1,1,0,0,14
0,2174,1,1,0,0,14
0,2182,1,1,0,0,14
0,2187,1,1,0,0,14
0,2197,1,1,0,0,14
0,2203,1,1,0,0,14
0,2206,1,1,0,0,14
0,2223,1,1,0,0,14
0,2258,1,1,0,0,14
0,2266,1,1,0,0,14
0,2271,1,1,0,0,14
0,2277,1,1,0,0,14
0,2294,1,1,0,0,14
0,2311,1,1,0,0,14
0,2318,1,1,0,0,14
0,2351,1,1,0,0,14
0,2352,1,1,0,0,14
0,2364,1,1,0,0,14
0,2369,1,1,0,0,14
0,2371,1,1,0,0,14
0,2381,1,1,0,0,14
0,2383,1,1,0,0,14
0,2387,1,1,0,0,14
0,2411,1,1,0,0,14
0,2415,1,1,0,0,14
0,2444,1,1,0,0,14
0,2453,1,1,0,0,14
0,2470,1,1,0,0,14
