cell,v1,v2,cluster,beta,simple_beta,ov_index,excess_cv,cell_quality,mad_r_norm,autocorr,alt,total,pooled_vaf
SC391_cnv_18_R18C11yesS_SC391_36_W_C2,-0.8264496,6.206955,0,0.7412132935784512,75.7556627357895,0.7295071022299816,0.05043248059723779,0.8346550631957599,0.08040201005025116,0.2252223635228595,1,226,0.004424778761061947
SC391_cnv_18_R18C15yesS_SC391_36_W_C2,11.615172,5.176417,3,0.6392262300544553,0.0,0.0,0.38606085478024577,0.8540773933453829,0.2441860465116279,0.3225978494729018,16,124,0.12903225806451613
SC391_cnv_18_R18C17yesS_SC391_36_W_C2,10.313509,4.23019,3,0.8423941889038206,99.64923469387756,0.8422705992806523,0.3845227769028299,1.0121424918145925,0.2152466367713004,0.43268478001917804,29,339,0.0855457227138643
SC391_cnv_18_R18C22yesS_SC391_36_W_C1,11.614256,4.8752947,3,0.7604540737994938,103.5143108534755,0.7185898911659968,0.4636250674663963,0.8531752780571309,0.2142857142857143,0.41926065054667805,21,207,0.10144927536231885
SC391_cnv_18_R18C24yesS_SC391_36_W_C1,11.500299,4.9203544,3,0.7998891848488785,66.09822195782932,0.8221228702591349,0.42044451320148835,1.0317376418286366,0.25,0.4167638606886465,22,176,0.125
SC391_cnv_18_R18C31yesS_SC391_36_W_C2,11.136609,5.082843,3,0.7974745110851323,97.9591836734694,0.8030432550425078,0.3287026302059826,0.9513213152757383,0.17142857142857137,0.41578622255117187,25,208,0.1201923076923077
SC391_cnv_18_R18C32yesS_SC391_36_W_C2,11.334015,4.183802,3,0.8744573014715977,62.00012400024801,0.8754959857523829,0.401208305732216,1.2071012473667213,0.26356589147286824,0.3558123168782814,20,167,0.11976047904191617
SC391_cnv_18_R18C47yesS_SC391_36_W_C2,11.233014,5.1041107,3,0.7458300540245364,96.4506172839506,0.6786796550855195,0.3910396410277476,0.8768113225678595,0.23448275862068968,0.41922729075783566,22,220,0.1
SC391_cnv_18_R18C48yesS_SC391_36_W_C2,10.588308,4.0328903,3,0.8213756252277948,102.03040506070809,0.7987197485154834,0.42382657976844784,0.9480492074660103,0.20707070707070707,0.406646170357396,36,301,0.11960132890365449
SC391_cnv_18_R18C53yesS_SC391_36_W_C2,10.130305,5.033932,3,0.8638330196079409,96.4506172839506,0.8296047866165316,0.8188514472604773,0.6684863977714874,0.5017301038062284,0.42855464593227316,34,406,0.08374384236453201
SC391_cnv_18_R18C54yesS_SC391_36_W_C1,11.5862055,4.188195,3,0.9129184555917103,141.39628834743087,0.9031509710359359,0.46898983868002286,1.8411693029562102,0.32879818594104304,0.48042000620892006,28,262,0.10687022900763359
SC391_cnv_18_R18C57yesS_SC391_36_W_C1,11.731326,5.1804256,3,0.8054049402847664,72.57947452460444,0.8003132547726796,0.44161535210565334,1.005801878206364,0.21341463414634143,0.4119409812745136,24,235,0.10212765957446808
SC391_cnv_18_R18C6yesS_SC391_36_W_C1,11.084512,5.3600674,3,0.8511755938623135,112.91354586171855,0.8667510433205822,0.4309833118995556,1.077823166944925,0.21118012422360244,0.4653983387847649,20,222,0.09009009009009009
SC391_cnv_18_R18C71yesS_SC391_36_W_C2,11.065091,4.178092,3,0.8717875547909537,68.39711364180431,0.8520971603991648,0.44232571804172605,1.1373190262326411,0.2601156069364162,0.4695467713033391,23,265,0.08679245283018867
SC391_cnv_18_R18C8yesS_SC391_36_W_C1,10.801163,3.8912003,3,0.8341934574283889,111.10934747067508,0.820812777492368,0.4765958766083672,1.080044442615606,0.20799999999999996,0.4034794929793548,48,387,0.12403100775193798
SC391_cnv_18_R19C11yesS_SC391_36_W_C2,10.300931,4.8995256,3,1.0101533695724203,72.57947452460444,0.9450897782779231,0.8317746447003564,0.7755605690541172,0.9927272727272727,0.5424765634785192,24,187,0.12834224598930483
SC391_cnv_18_R19C14yesS_SC391_36_W_C2,10.479165,4.1325393,3,0.7747805544176395,58.27166249053086,0.7337063545451425,0.4039505149011049,0.8538285421265233,0.21212121212121215,0.353416427852719,16,186,0.08602150537634409
SC391_cnv_18_R19C17yesS_SC391_36_W_C2,11.422389,4.9339957,3,0.8351675550792517,99.08838684106223,0.8425684895751792,0.39109166111716726,1.0900514061963957,0.24855491329479773,0.43831910990620016,12,232,0.05172413793103448
SC391_cnv_18_R19C27yesS_SC391_36_W_C2,10.705207,3.8632798,3,0.821731166519078,94.68501451836889,0.8182584532255633,0.4623715192794011,1.0027726244316828,0.2247191011235955,0.3876085735797752,26,258,0.10077519379844961
SC391_cnv_18_R19C29yesS_SC391_36_W_C2,10.48807,4.0867023,3,0.7600127482326521,87.71545107670717,0.7404752118147855,0.40950307535823466,0.8803137973435118,0.2171052631578947,0.3694867417819014,20,191,0.10471204188481675
SC391_cnv_18_R19C40yesS_SC391_36_W_C1,11.743149,5.292514,3,0.817183596769297,72.57947452460444,0.8406886824275849,0.40751393941292163,0.8948582847927699,0.21212121212121215,0.37671349592203124,19,219,0.0867579908675799
SC391_cnv_18_R19C46yesS_SC391_36_W_C2,10.651347,4.7649612,3,0.8153687589374304,93.3510700366403,0.8179279015735171,0.4120529279900272,1.1263859636979687,0.21153846153846156,0.4398853763765443,33,295,0.11186440677966102
SC391_cnv_18_R19C50yesS_SC391_36_W_C2,9.865826,7.2073207,3,0.7559215890371191,100.5985614405714,0.6841621636378185,0.43176550042095563,0.8871201995900613,0.19580419580419584,0.36216767694712276,26,219,0.1187214611872146
SC391_cnv_18_R19C51yesS_SC391_36_W_C2,10.976873,4.7337356,3,0.8718030161110366,106.28122010840686,0.8879957624842215,0.5181356161316079,1.0694105098197273,0.36269430051813467,0.47139790502413964,27,255,0.10588235294117647
SC391_cnv_18_R19C59yesS_SC391_36_W_C1,-0.7641953,6.0586214,0,0.7849402877212769,70.86167800453515,0.7915504218935885,0.042451262219277655,0.8179603715993908,0.07100591715976334,0.16908283392989126,1,204,0.004901960784313725
SC391_cnv_18_R19C61yesS_SC391_36_W_C1,10.248656,8.167356,3,0.8045870736396425,119.44220490310252,0.810236216687936,0.42339317843922086,1.0227630066837783,0.19021739130434778,0.30598341950415625,39,282,0.13829787234042554
SC391_cnv_18_R19C62yesS_SC391_36_W_C1,10.167767,4.5488963,3,0.8574427376970565,96.84917355371901,0.8638376495228645,0.3751146134798805,1.2956787889345984,0.23295454545454541,0.39133488693333407,25,251,0.099601593625498
SC391_cnv_18_R19C65yesS_SC391_36_W_C2,10.158579,4.416052,3,0.8322455813256366,106.29251700680271,0.860318085827429,0.35589088966345167,0.887035646147212,0.20359281437125754,0.3639617366233789,29,223,0.13004484304932734
SC391_cnv_18_R19C69yesS_SC391_36_W_C2,9.910577,7.412312,3,0.7528040090202087,106.55868719697372,0.7328720332369955,0.3694841742104725,1.0902840754391185,0.2517985611510791,0.4154911264428774,24,181,0.13259668508287292
SC391_cnv_18_R19C9yesS_SC391_36_W_C2,8.038327,10.773241,3,0.6397363340316372,0.0,0.0,0.3203858462917706,0.7967507555685206,0.1728395061728395,0.2886296318120048,11,77,0.14285714285714285
SC391_cnv_18_R20C0yesS_SC391_36_W_C1,10.067454,8.267262,3,0.8190737216031935,111.24955500178,0.8240213076566465,0.37484664204452295,0.9154306295488417,0.2028301886792453,0.4047776112820769,28,288,0.09722222222222222
SC391_cnv_18_R20C17yesS_SC391_36_W_C2,10.350569,5.8873625,3,0.8553988597875873,114.38702851096684,0.8762428606859182,0.4578868349855178,1.7667459236634182,0.2887700534759359,0.46149642953955544,23,228,0.10087719298245613
SC391_cnv_18_R20C20yesS_SC391_36_W_C1,10.487694,5.1611056,3,0.8750112823487061,126.24668602449185,0.8577805771083369,0.48546680237277096,1.7140083900563479,0.3072625698324022,0.4777026983080972,27,237,0.11392405063291139
SC391_cnv_18_R20C24yesS_SC391_36_W_C1,11.008906,5.493061,3,0.8452693471581689,164.6090534979424,0.8109116801147002,0.544109428416514,1.5477888990010282,0.36764705882352944,0.42556178285641566,13,157,0.08280254777070063
SC391_cnv_18_R20C26yesS_SC391_36_W_C1,10.537527,4.963585,3,0.8941482023153713,156.25,0.9109964625868887,0.5356007549471306,1.6559515281839405,0.3782051282051282,0.4200086547443988,22,236,0.09322033898305085
SC391_cnv_18_R20C27yesS_SC391_36_W_C2,10.469775,5.005417,3,0.8595042998864239,120.75836251660427,0.8513860812304395,0.5315916506968416,1.7176356866400386,0.4033149171270718,0.43778159079457774,24,215,0.11162790697674418
SC391_cnv_18_R20C31yesS_SC391_36_W_C2,10.256645,7.648634,3,0.6805303287932367,0.0,0.0,0.38852618072521017,0.8163507434151127,0.27142857142857146,0.37668573276316,6,105,0.05714285714285714
SC391_cnv_18_R20C34yesS_SC391_36_W_C2,11.150472,4.6554933,3,0.8231000276971546,106.29251700680271,0.8338306150423862,0.4321276840313567,1.193255575762448,0.2455089820359282,0.4726885690241333,24,219,0.1095890410958904
SC391_cnv_18_R20C40yesS_SC391_36_W_C1,9.222228,9.489584,3,0.9148529300309677,115.42012927054478,0.9169592463551567,0.20923373128985995,1.1399854447328295,0.1541850220264318,0.37344702609553004,19,262,0.07251908396946564
SC391_cnv_18_R20C41yesS_SC391_36_W_C1,10.909672,4.0229273,3,0.7557062221533241,106.55868719697372,0.7202256975301615,0.4775540048231127,1.0636984427224725,0.2246376811594203,0.42110332320548005,12,183,0.06557377049180328
SC391_cnv_18_R20C45yesS_SC391_36_W_C2,10.104013,8.235673,3,0.8162880521707662,80.1153661272232,0.8496751243795868,0.37639351450976577,0.9090680810485261,0.20512820512820518,0.39886382041030416,15,223,0.06726457399103139
SC391_cnv_18_R20C46yesS_SC391_36_W_C2,10.456599,4.635977,3,0.8465787981729188,103.30578512396694,0.844843239336941,0.4882208303003223,1.893897653614744,0.3015873015873016,0.4325135594361232,26,304,0.08552631578947369
SC391_cnv_18_R20C48yesS_SC391_36_W_C2,10.794526,3.9844105,3,0.8443803336274389,112.91354586171855,0.8849698114850052,0.4721212696343598,1.0123080383475225,0.22839506172839508,0.3909694280300794,22,261,0.0842911877394636
SC391_cnv_18_R20C52yesS_SC391_36_W_C2,11.050303,7.4754515,3,0.7498294487208127,76.94675284702986,0.7710497931295764,0.4010819711363781,1.0057865319126154,0.20869565217391306,0.3381293213032551,22,170,0.12941176470588237
SC391_cnv_18_R20C61yesS_SC391_36_W_C1,10.957243,7.302353,3,0.8165007708049213,91.57229632795092,0.7917237483836214,0.39364461701476156,0.8956404471282016,0.16574585635359118,0.3600283830037641,26,266,0.09774436090225563
SC391_cnv_18_R20C62yesS_SC391_36_W_C1,10.808604,7.382878,3,0.7711168943719257,81.13919428780072,0.7745197179683478,0.3430851519542951,0.8954298320925258,0.17721518987341767,0.4498049939624958,21,245,0.08571428571428572
SC391_cnv_18_R20C65yesS_SC391_36_W_C2,10.845539,3.9772344,3,0.821164362650424,105.03833899373271,0.85093850537467,0.4637310285640506,1.0993871883245059,0.22023809523809523,0.4360066813453487,28,247,0.11336032388663968
SC391_cnv_18_R20C67yesS_SC391_36_W_C2,10.63308,4.3097577,3,0.8514722729868189,114.41429415915027,0.8522349809414874,0.4323097779672879,1.092381870893273,0.22368421052631582,0.42141187366554683,47,342,0.13742690058479531
SC391_cnv_18_R20C68yesS_SC391_36_W_C2,11.211435,4.2373133,3,0.8879772461210051,104.12328196584757,0.8680944437752633,0.40076136271798385,1.0301049522409664,0.24242424242424243,0.41444368861044634,14,156,0.08974358974358974
SC391_cnv_18_R20C6yesS_SC391_36_W_C1,9.744838,8.317365,3,0.8081078900032433,102.59567046270648,0.8088747354647976,0.38533734325884417,1.180345282254458,0.19883040935672514,0.37596429473260023,22,225,0.09777777777777778
SC391_cnv_18_R20C7yesS_SC391_36_W_C1,10.025963,7.4041057,3,0.8353967330294236,103.80622837370242,0.8439263959129116,0.350904366514035,1.0491907125010405,0.2248520710059172,0.3846447029933698,23,253,0.09090909090909091
SC391_cnv_18_R21C11yesS_SC391_36_W_C2,10.951577,5.1231523,3,0.8376051611764135,148.63258026159332,0.8191672427890364,0.595629987305469,1.6775808052103711,0.43220338983050843,0.4363621713962887,20,175,0.11428571428571428
SC391_cnv_18_R21C12yesS_SC391_36_W_C2,9.460325,7.091612,3,0.7979717433655145,84.167999326656,0.7372525390288114,0.7064050555885395,1.4536921136642875,0.4504504504504504,0.5144225737390191,12,137,0.08759124087591241
SC391_cnv_18_R21C14yesS_SC391_36_W_C2,9.655673,8.065257,3,0.7978485393540106,113.06461642828877,0.7885832450632677,0.4702404297457151,1.4362628152982904,0.3308823529411765,0.4939896460891578,14,174,0.08045977011494253
SC391_cnv_18_R21C16yesS_SC391_36_W_C2,10.9252825,5.180092,3,0.7694203935566862,103.5143108534755,0.7731961275774014,0.5899920157205092,1.6233272714618496,0.3661971830985915,0.520497743172124,20,197,0.10152284263959391
SC391_cnv_18_R21C23yesS_SC391_36_W_C1,-0.56970465,6.7908845,0,0.7809331017429577,91.57229632795092,0.794159752000461,0.2556299689997196,1.2365821852807934,0.2333333333333334,0.47874289477211857,0,178,0.0
SC391_cnv_18_R21C25yesS_SC391_36_W_C1,11.418885,4.9176764,3,0.9603041034011958,175.31044558071585,0.9743066280038126,0.49614374222578494,2.3635635179293253,0.3571428571428572,0.4834207002766048,22,222,0.0990990990990991
SC391_cnv_18_R21C27yesS_SC391_36_W_C2,10.382351,5.356248,3,0.7698767394168671,88.999644001424,0.6819072305336281,0.7302658601671113,1.5226907410710475,0.4444444444444444,0.5612250293744353,19,150,0.12666666666666668
SC391_cnv_18_R21C33yesS_SC391_36_W_C2,10.885359,5.0989285,3,0.9291063162489772,130.6122448979592,0.9452365948322902,0.5464366826650733,2.102838664107037,0.4161849710982659,0.5057364933684153,29,224,0.12946428571428573
SC391_cnv_18_R21C36yesS_SC391_36_W_C1,8.323836,7.7217703,2,0.8063889536137409,100.23722810651876,0.7551743207801307,0.6419560594314667,1.674092466747846,0.5028248587570621,0.5190277639897339,36,273,0.13186813186813187
SC391_cnv_18_R21C38yesS_SC391_36_W_C1,10.382857,6.3490744,3,0.8842632320846939,144.67592592592592,0.8745233251016026,0.584853162243288,1.8810980988335289,0.4054054054054055,0.49461272449328697,18,199,0.09045226130653267
SC391_cnv_18_R21C39yesS_SC391_36_W_C1,9.998699,8.378623,3,0.8374150904399127,118.14744801512288,0.8302166874354504,0.5039125655551853,1.709681858880773,0.3532608695652174,0.4819607831928165,29,242,0.11983471074380166
SC391_cnv_18_R21C43yesS_SC391_36_W_C1,10.759102,4.902529,3,0.8338358242220166,106.28122010840686,0.8274405335368333,0.4888852997649874,1.4220392382290608,0.27179487179487183,0.5067704534075793,23,214,0.10747663551401869
SC391_cnv_18_R21C45yesS_SC391_36_W_C2,11.383862,4.9905605,3,0.8437284884647893,130.05350772889417,0.8452227724399708,0.5274825542916779,1.6492134587191951,0.33043478260869563,0.5182861533503091,42,300,0.14
SC391_cnv_18_R21C47yesS_SC391_36_W_C2,11.284009,5.058248,3,0.7950912312758233,105.01995379122033,0.7896326400142856,0.4643209182284976,1.4969495525350878,0.34042553191489366,0.48657952739805216,18,196,0.09183673469387756
SC391_cnv_18_R21C53yesS_SC391_36_W_C2,10.957361,4.914849,3,0.848252788496646,110.51962644366263,0.8469910445159414,0.47599866980991445,1.3534714987849452,0.2770562770562771,0.5623082063989492,30,303,0.09900990099009901
SC391_cnv_18_R21C54yesS_SC391_36_W_C1,10.976807,5.175881,3,0.8018706747199119,96.11687812379854,0.6744901061865693,0.5344135591411884,1.162169313407741,0.46153846153846145,0.46803750888651424,20,118,0.1694915254237288
SC391_cnv_18_R21C5yesS_SC391_36_W_C1,11.09106,5.04246,3,0.7361292846310994,67.18624025799515,0.7214636835887689,0.43348384688955466,1.0936819840121597,0.282258064516129,0.4091249061953755,19,186,0.10215053763440861
SC391_cnv_18_R21C60yesS_SC391_36_W_C1,10.939788,5.0475135,3,0.9293498792372163,149.83331044213313,0.9358219855146606,0.4416841699593802,1.3453923358654296,0.28673835125448033,0.513974159362416,42,339,0.12389380530973451
SC391_cnv_18_R21C62yesS_SC391_36_W_C1,10.877485,3.971219,3,0.7635284878612317,91.30752373995617,0.75647569185987,0.5141479163604975,1.1471995329046027,0.27516778523489926,0.4262475731222853,14,217,0.06451612903225806
SC391_cnv_18_R21C65yesS_SC391_36_W_C2,11.031726,5.0581164,3,0.9100331906793577,160.25274146654152,0.9043767516380292,0.4168731366159976,1.6272803613750113,0.2511848341232228,0.4894512973249174,28,267,0.10486891385767791
SC391_cnv_18_R21C69yesS_SC391_36_W_C2,11.567979,5.2323422,3,0.7328957759523513,73.05135510263716,0.7311234803607214,0.48123446586999163,1.2467132145904856,0.3305084745762712,0.38892839674738694,15,162,0.09259259259259259
SC391_cnv_18_R21C8yesS_SC391_36_W_C1,10.7692585,4.432537,3,0.9366205231247772,160.0,0.9425764072465462,0.495514349451183,1.466716115025084,0.27935222672064774,0.510452947738783,35,335,0.1044776119402985
SC391_cnv_18_R22C0yesS_SC391_36_W_C1,11.082011,5.1258287,3,0.8141725195099824,140.0511186583103,0.8231803512724367,0.4933249695130534,1.3077571928560952,0.375,0.5597712851003335,27,234,0.11538461538461539
SC391_cnv_18_R22C15yesS_SC391_36_W_C2,10.952685,4.8850207,3,0.7529162889665256,222.76676319893073,0.5189733501455234,0.6031205801609509,1.7069608992539496,0.48201438848920863,0.5045116810333077,11,83,0.13253012048192772
SC391_cnv_18_R22C22yesS_SC391_36_W_C1,10.63087,5.3935237,3,0.7969653843769369,125.97631645250694,0.7942164710517022,0.4961839560743687,1.2785035272311687,0.3385826771653544,0.4173954491629141,16,164,0.0975609756097561
SC391_cnv_18_R22C26yesS_SC391_36_W_C1,11.170177,4.7467017,3,0.7617338537653969,96.4506172839506,0.7497536543789727,0.43311002141313015,1.4073273862726394,0.2901023890784983,0.4381852883626477,14,165,0.08484848484848485
SC391_cnv_18_R22C32yesS_SC391_36_W_C2,11.570715,4.4494987,3,0.8654273033986968,153.8935056940597,0.8432854082429834,0.5173061183102998,1.7019170311337635,0.4017094017094017,0.46040987272306794,9,117,0.07692307692307693
SC391_cnv_18_R22C34yesS_SC391_36_W_C2,10.7357,5.426574,3,0.8895245128089394,146.92378328741967,0.8748819449613904,0.4596610464946258,1.5322789253696651,0.303030303030303,0.4859747666321782,18,214,0.08411214953271028
SC391_cnv_18_R22C37yesS_SC391_36_W_C1,8.769237,9.628344,3,0.9454917881047665,115.62030292519366,0.6864744996257408,0.7715403829397952,1.5650475359153366,0.7608695652173914,0.5440827699468799,13,117,0.1111111111111111
SC391_cnv_18_R22C38yesS_SC391_36_W_C1,11.291104,5.3226247,3,0.7432161900226055,118.34319526627219,0.7502415614650377,0.44830279652214455,1.330455790462536,0.2803030303030303,0.438927040314746,17,211,0.08056872037914692
SC391_cnv_18_R22C44yesS_SC391_36_W_C1,11.055988,4.1128607,3,0.7941597630227331,60.09254251547383,0.8264891516670813,0.4603088722423773,0.9723393202233437,0.22307692307692306,0.4164071577870174,23,220,0.10454545454545454
SC391_cnv_18_R22C46yesS_SC391_36_W_C2,10.422221,4.6103554,3,0.8931654719875207,80.53907487449328,0.8923834810631549,0.4382665575183907,1.1420874627470239,0.2827225130890052,0.5202093860065927,23,254,0.09055118110236221
SC391_cnv_18_R22C49yesS_SC391_36_W_C2,11.009254,5.652617,3,0.634666824526503,0.0,0.0,0.4169113643838393,1.0332685744308439,0.3373493975903614,0.4662588959616165,9,86,0.10465116279069768
SC391_cnv_18_R22C4yesS_SC391_36_W_C1,10.458909,8.073958,3,0.9028656258493918,143.4257234034924,0.9115693878061399,0.487061470092401,1.4341848003481146,0.3532934131736527,0.426554717420146,27,246,0.10975609756097561
SC391_cnv_18_R22C50yesS_SC391_36_W_C2,-0.7534455,6.3843513,0,0.691543622832904,51.75715542673775,0.635577090900565,0.05731305844425391,0.8190071637846167,0.08633093525179847,0.19890037838208913,0,162,0.0
SC391_cnv_18_R22C55yesS_SC391_36_W_C1,11.583944,8.333505,3,0.9773057887481459,120.75836251660427,0.8069783875693823,0.6628774376367537,1.4791597265100882,0.3586956521739131,0.47648728117527084,27,150,0.18
SC391_cnv_18_R22C57yesS_SC391_36_W_C1,11.11725,5.5341115,3,0.9020895995582805,122.09639510393454,0.9085278225429878,0.4874456820179843,1.1600926735745658,0.2404371584699454,0.4652131452168261,25,227,0.11013215859030837
SC391_cnv_18_R22C5yesS_SC391_36_W_C1,11.205121,5.710076,3,0.8617916785529418,135.20822065981613,0.7282565250400956,0.8664748822479048,1.618106695011636,0.6111111111111112,0.5585090509017573,20,135,0.14814814814814814
SC391_cnv_18_R22C62yesS_SC391_36_W_C1,10.435654,4.408196,3,0.7631611782679788,97.80429360848942,0.7096507797009652,0.3638155140039925,0.880927311277123,0.19444444444444442,0.3783304619805065,21,202,0.10396039603960396
SC391_cnv_18_R22C63yesS_SC391_36_W_C2,10.234366,4.4641585,3,0.8015022822486111,74.360499702558,0.8209949789404576,0.358019981362905,0.9254525538933358,0.19753086419753085,0.37019353661436794,30,244,0.12295081967213115
SC391_cnv_18_R22C64yesS_SC391_36_W_C2,10.686725,4.032548,3,0.8014200265782585,86.56509695290859,0.7637662356691027,0.46320758320216293,1.01250247543509,0.2287581699346405,0.3907158093545346,33,230,0.14347826086956522
SC391_cnv_18_R22C70yesS_SC391_36_W_C2,11.212614,5.0940905,3,0.77308770517354,124.00024800049601,0.7286260120485977,0.3603798755164966,0.9697575405739314,0.19921875,0.38569750928623575,17,175,0.09714285714285714
SC391_cnv_18_R22C71yesS_SC391_36_W_C2,9.860076,7.365841,3,0.9008451756100457,129.13223140495867,0.9242625065430364,0.3912941075133786,1.587908073068618,0.3068181818181819,0.48468294531555345,21,203,0.10344827586206896
SC391_cnv_18_R23C0yesS_SC391_36_W_C1,10.542249,4.9084444,3,0.8997087982722841,145.95191926773836,0.9046310457564493,0.43281394564665554,1.128523427231786,0.2442922374429224,0.5365909608250073,42,287,0.14634146341463414
SC391_cnv_18_R23C21yesS_SC391_36_W_C1,10.655969,5.2044716,3,0.9481800901498354,159.83803079546058,0.9656378281002207,0.4505542186470194,1.6141206823906176,0.35036496350364965,0.4289554425462984,21,181,0.11602209944751381
SC391_cnv_18_R23C24yesS_SC391_36_W_C1,10.49244,5.3646803,3,0.8082998517494799,111.38338159946537,0.7812925023121258,0.5136915499754617,1.5592271955117787,0.35766423357664234,0.4927595993261006,18,170,0.10588235294117647
SC391_cnv_18_R23C27yesS_SC391_36_W_C2,11.284852,4.9846754,3,0.9424914290963758,182.21574344023324,0.952990456075576,0.5028122078527274,1.3762146002522027,0.3350383631713555,0.5078919765544498,29,241,0.12033195020746888
SC391_cnv_18_R23C35yesS_SC391_36_W_C2,10.612504,5.578838,3,0.8354838485912248,116.87363038714389,0.8356532166905399,0.553817139342373,1.39798375628116,0.3297297297297297,0.5420598689742746,32,248,0.12903225806451613
SC391_cnv_18_R23C45yesS_SC391_36_W_C2,10.790523,5.4006567,3,0.8291796106317396,88.61058601134216,0.8453163380353373,0.43876659064199675,1.372957554094362,0.2554347826086957,0.4543872454463923,26,235,0.11063829787234042
SC391_cnv_18_R23C46yesS_SC391_36_W_C2,-0.7189463,5.9951553,0,0.7988042652125684,96.11687812379854,0.7974052257249912,0.18715864200223142,1.3080585651082979,0.18536585365853653,0.46092271156118014,0,210,0.0
SC391_cnv_18_R23C48yesS_SC391_36_W_C2,10.660762,5.499282,3,0.8100755064869359,107.5692925526193,0.8151922966727891,0.45496532007023904,1.5104419864043468,0.2694610778443114,0.44325910132861684,23,219,0.1050228310502283
SC391_cnv_18_R23C54yesS_SC391_36_W_C1,9.4626255,8.904473,3,0.8325406081084086,92.55402841408673,0.8441935716854124,0.48548643881071707,1.6363399140809078,0.3754152823920265,0.5218851406197864,22,213,0.10328638497652583
SC391_cnv_18_R23C57yesS_SC391_36_W_C1,10.58614,5.069128,3,0.8855855503384217,141.7233560090703,0.8658713669717231,0.5511452658192931,1.6972136532954543,0.3493975903614458,0.45672220579387307,23,260,0.08846153846153847
SC391_cnv_18_R23C63yesS_SC391_36_W_C2,9.7762575,8.224651,3,0.8335615853654572,83.98421096833795,0.8308664541344065,0.435487546940201,1.3673386021203484,0.2566137566137566,0.49025234991240596,30,255,0.11764705882352941
SC391_cnv_18_R23C65yesS_SC391_36_W_C2,11.644422,4.1365576,3,0.8999316883962151,102.59567046270648,0.9160957565088188,0.4678981346914878,1.9572991869164023,0.31470588235294117,0.42699428689207314,20,224,0.08928571428571429
SC391_cnv_18_R23C70yesS_SC391_36_W_C2,9.7650385,7.729468,3,0.9458999036493033,108.86921178690666,0.9587421517726985,0.37426539520048996,1.2924459094272727,0.20481927710843373,0.4314727538090569,15,216,0.06944444444444445
SC391_cnv_18_R23C9yesS_SC391_36_W_C2,10.671669,4.0308976,3,0.8253525380741067,120.75836251660427,0.8444422845937711,0.5295852093564021,1.2762100519224724,0.2857142857142857,0.46257863552639816,22,266,0.08270676691729323
SC391_cnv_18_R24C11yesS_SC391_36_W_C2,10.985187,4.406269,3,0.8115895452019035,91.30752373995617,0.7901743709180566,0.4244194258612282,1.181445779285751,0.27516778523489926,0.5122485578687916,25,196,0.12755102040816327
SC391_cnv_18_R24C13yesS_SC391_36_W_C2,10.631796,4.809498,3,0.81818421444612,91.30752373995617,0.7925025904244891,0.4744141680916928,1.474418897425781,0.3087248322147651,0.47515565175381325,16,183,0.08743169398907104
SC391_cnv_18_R24C15yesS_SC391_36_W_C2,-0.550481,6.422727,0,0.621562098543294,123.4567901234568,0.5885586898071463,0.30142888530376544,1.2787799698335822,0.2934782608695652,0.43669347603693026,1,101,0.009900990099009901
SC391_cnv_18_R24C19yesS_SC391_36_W_C1,10.458347,6.9061804,3,0.9445805820653426,169.59692464243315,0.953656362864083,0.651553310215957,1.8529411764705879,0.4558823529411765,0.44514205207051916,22,195,0.11282051282051282
SC391_cnv_18_R24C22yesS_SC391_36_W_C1,11.034588,6.01771,3,0.8866289822156176,184.91124260355028,0.8732025126277557,0.7041856493802798,1.5978246574014543,0.39622641509433965,0.44519339403274877,19,169,0.11242603550295859
SC391_cnv_18_R24C2yesS_SC391_36_W_C1,11.203101,4.6373878,3,0.8755266181532365,135.12904824107022,0.8889832190958189,0.366286259880484,1.1730959103955971,0.24832214765100669,0.36400980620029855,22,175,0.12571428571428572
SC391_cnv_18_R24C30yesS_SC391_36_W_C2,11.507567,5.260045,3,0.7887992821748965,125.97631645250694,0.7953760914466275,0.5772486098721591,1.6222376317273428,0.41538461538461535,0.45256981757295844,15,171,0.08771929824561403
SC391_cnv_18_R24C32yesS_SC391_36_W_C2,10.500976,5.185597,3,0.8640226741718632,165.28925619834712,0.840578733481776,0.5259752842437684,1.387166368637621,0.3893805309734514,0.5660118354015196,11,142,0.07746478873239436
SC391_cnv_18_R24C35yesS_SC391_36_W_C2,10.084241,7.8157034,3,0.8173811608791332,103.5143108534755,0.7844195341492721,0.5397691959189799,1.5599008946990098,0.2928571428571429,0.40814272462344897,12,177,0.06779661016949153
SC391_cnv_18_R24C42yesS_SC391_36_W_C1,11.13983,5.503598,3,0.7869300625576591,114.7842056932966,0.764403934705044,0.5572720484388691,1.4393508598496947,0.3283582089552239,0.48120336385251417,27,213,0.1267605633802817
SC391_cnv_18_R24C43yesS_SC391_36_W_C1,11.102876,5.4456553,3,0.8499094446755052,144.67592592592592,0.8503058577380072,0.5144324012767824,1.1620784885004676,0.28873239436619724,0.48284059130018897,19,180,0.10555555555555556
SC391_cnv_18_R24C44yesS_SC391_36_W_C1,10.854505,4.1482477,3,0.839631771980495,106.28122010840686,0.6639389519160411,0.4841927158325317,1.063248202790064,0.31313131313131315,0.45737672469611695,14,146,0.0958904109589041
SC391_cnv_18_R24C4yesS_SC391_36_W_C1,11.082912,4.151363,3,0.767240718099233,106.55868719697372,0.7510864066069579,0.5517458004549503,1.3425531570823683,0.3642857142857143,0.48644980624170364,9,186,0.04838709677419355
SC391_cnv_18_R24C50yesS_SC391_36_W_C2,10.463328,4.165331,3,0.8011357248246883,102.04081632653062,0.7760166424628473,0.44737486817502303,1.1370654018516162,0.26241134751773054,0.44482486315792186,33,212,0.15566037735849056
SC391_cnv_18_R24C52yesS_SC391_36_W_C2,10.722024,5.8297772,3,0.9227983639359809,169.59692464243315,0.9114594455986881,0.5003428215333203,1.6147115928428901,0.303030303030303,0.5015932552902241,19,173,0.10982658959537572
SC391_cnv_18_R24C54yesS_SC391_36_W_C1,10.515429,4.9523044,3,0.7838288074972938,100.5985614405714,0.7885739965063214,0.4459820035294499,1.3404609227228277,0.2727272727272727,0.4850643653684612,21,200,0.105
SC391_cnv_18_R24C57yesS_SC391_36_W_C1,10.309725,10.342982,3,0.89501708972247,129.8476454293629,0.896085765472591,0.44481100675583285,1.0692442140754383,0.2450331125827815,0.4128303258599022,25,216,0.11574074074074074
SC391_cnv_18_R24C63yesS_SC391_36_W_C2,10.184755,4.4530067,3,0.7673156992004116,103.5143108534755,0.7252138583146783,0.3577247687596937,0.9735552019944836,0.2163120567375887,0.358717386942177,21,197,0.1065989847715736
SC391_cnv_18_R24C7yesS_SC391_36_W_C1,11.227413,5.0750437,3,0.9263427840769146,164.3655489809336,0.9269413077337654,0.4460098010844471,1.2635846286247732,0.28205128205128205,0.516391312084505,23,199,0.11557788944723618
SC391_cnv_18_R25C0yesS_SC391_36_W_C1,10.545721,4.2226763,3,0.9081486805272734,137.05764644609522,0.9417553857498769,0.4221413423508724,1.109651473225983,0.27659574468085113,0.40072923004595984,35,258,0.13565891472868216
SC391_cnv_18_R25C10yesS_SC391_36_W_C2,-0.5828887,6.7843795,0,0.6852922188851628,78.31466833737959,0.7183354329080811,0.23455236332691964,1.4608695652173909,0.24347826086956514,0.37898034567999517,2,121,0.01652892561983471
SC391_cnv_18_R25C19yesS_SC391_36_W_C1,10.338994,5.0131083,3,0.8827931208942846,128.0,0.8676242595361402,0.5940525975037161,1.4451486293571727,0.4883720930232558,0.46661676789910844,13,174,0.07471264367816093
SC391_cnv_18_R25C1yesS_SC391_36_W_C1,10.773539,5.7387433,3,0.8098518605702072,96.4506172839506,0.7964858189287312,0.6156033561550336,1.4815933516566329,0.3793103448275863,0.5278724563083282,28,219,0.1278538812785388
SC391_cnv_18_R25C20yesS_SC391_36_W_C1,11.154222,5.15704,3,0.8046577581827319,118.66619200189866,0.7852886481354703,0.4440290852780857,1.4312430291918472,0.3395061728395061,0.5464792520337659,29,221,0.13122171945701358
SC391_cnv_18_R25C21yesS_SC391_36_W_C1,10.998541,5.22655,3,0.8097610216644096,156.62933667475917,0.8005030591768748,0.6566701883050707,1.6623376623376624,0.4025974025974026,0.5349934290921589,11,150,0.07333333333333333
SC391_cnv_18_R25C22yesS_SC391_36_W_C1,10.252762,5.2796082,3,0.7726697146068506,111.38338159946537,0.7766084386272322,0.42893486538895953,1.0992585480182493,0.34558823529411764,0.5110579099823078,30,184,0.16304347826086957
SC391_cnv_18_R25C27yesS_SC391_36_W_C2,10.031787,7.186316,3,0.8029382864658599,99.88887362808875,0.8050486808216789,0.5649851949781706,1.4117391155050263,0.4097222222222223,0.5417131098276928,19,206,0.09223300970873786
SC391_cnv_18_R25C39yesS_SC391_36_W_C1,9.791529,7.1833806,3,0.8932418557598054,116.87363038714389,0.882932607370398,0.47253089747054877,1.464299765360746,0.22580645161290325,0.40024976518576083,22,246,0.08943089430894309
SC391_cnv_18_R25C40yesS_SC391_36_W_C1,10.811728,4.861831,3,0.8575456537864653,120.1730491908348,0.8503786518588486,0.4054152453608574,1.4687596199363342,0.2692307692307693,0.45486837207548503,23,169,0.13609467455621302
SC391_cnv_18_R25C42yesS_SC391_36_W_C1,10.356764,6.420664,3,0.9148363232676845,146.92378328741967,0.8626863663513944,0.4841689079830289,1.6777701481617293,0.36666666666666664,0.5383628178978135,21,183,0.11475409836065574
SC391_cnv_18_R25C44yesS_SC391_36_W_C1,9.609965,7.592314,3,0.9271100459640137,164.46917573531428,0.9330838317926882,0.36288090090542163,1.1772481397456351,0.2251308900523561,0.48483011644290247,23,244,0.0942622950819672
SC391_cnv_18_R25C50yesS_SC391_36_W_C2,11.342993,5.5984945,3,0.8028314257237275,81.13919428780072,0.7788570723888253,0.49934552858867853,1.4854553028729227,0.259493670886076,0.49888637480341735,23,207,0.1111111111111111
SC391_cnv_18_R25C52yesS_SC391_36_W_C2,11.3587475,5.189237,3,0.7716536486147804,120.18508503094766,0.7867469765392366,0.464563601743857,1.0765575225257953,0.31060606060606055,0.45701327011921894,22,176,0.125
SC391_cnv_18_R25C56yesS_SC391_36_W_C1,10.561669,5.888195,3,0.8360731355851818,127.67723195761117,0.8452590938890133,0.46315887149471946,1.786700172788668,0.3192090395480226,0.4713533534282433,26,254,0.10236220472440945
SC391_cnv_18_R25C62yesS_SC391_36_W_C1,10.186288,6.84903,3,0.8338166220000294,86.56509695290859,0.8200047035469795,0.6914211316679952,1.2441717644642694,0.3441558441558441,0.42942163562814206,25,239,0.10460251046025104
SC391_cnv_18_R25C65yesS_SC391_36_W_C2,11.026488,8.147273,3,0.817019896584298,117.1875,0.8298889249940364,0.5148199544940474,1.5088087364766123,0.26182965299684546,0.4134565618935321,32,226,0.1415929203539823
SC391_cnv_18_R25C66yesS_SC391_36_W_C2,11.798221,5.204081,3,0.7900533421330815,78.125,0.7742078645544238,0.42436914426096467,0.9783149875452198,0.20496894409937894,0.364181069287246,31,238,0.13025210084033614
SC391_cnv_18_R25C67yesS_SC391_36_W_C2,11.566993,5.0339227,3,0.8599254596087513,98.3461456506417,0.8541026002498169,0.4756824641951188,1.0474957084535288,0.3157894736842106,0.4159552555990769,47,320,0.146875
SC391_cnv_18_R25C8yesS_SC391_36_W_C1,10.004157,4.9569507,3,0.7892981626110078,78.125,0.8097492514273046,0.3871137471970443,1.2512438607961986,0.2592592592592593,0.42400595496785914,24,182,0.13186813186813187
SC391_cnv_18_R25C9yesS_SC391_36_W_C2,9.960288,8.568116,3,0.8026414619507352,131.57317661506076,0.7990427919610528,0.6261412119196992,1.4383510267205288,0.43506493506493515,0.5048450559642694,17,214,0.0794392523364486
SC391_cnv_18_R26C14yesS_SC391_36_W_C2,10.966722,5.6802444,3,0.8171489291136171,210.38790269559502,0.8071695490661612,0.5431177458908834,1.4769424568463723,0.31313131313131315,0.50608804418008,18,130,0.13846153846153847
SC391_cnv_18_R26C15yesS_SC391_36_W_C2,10.935948,5.7710233,3,0.6048273893839683,0.0,0.0,0.5950524840183355,0.9870618185567108,0.3835616438356164,0.4609101228117401,15,91,0.16483516483516483
SC391_cnv_18_R26C20yesS_SC391_36_W_C1,10.953917,4.9605393,3,0.7808516937590709,81.16224332440548,0.7952760602023977,0.4725638185637248,1.4273461122735758,0.31858407079646023,0.48174957697724624,23,155,0.14838709677419354
SC391_cnv_18_R26C23yesS_SC391_36_W_C1,10.982835,4.0122786,3,0.7877339211280016,76.94675284702986,0.77356432513622,0.5261799716859255,1.1054371767229152,0.2543859649122806,0.4941572293665653,18,174,0.10344827586206896
SC391_cnv_18_R26C26yesS_SC391_36_W_C1,11.074991,4.7378526,3,0.7351433760892291,115.62030292519366,0.6871094022248312,0.38476146426557234,1.126655227864457,0.3191489361702128,0.47612279290501097,15,98,0.15306122448979592
SC391_cnv_18_R26C27yesS_SC391_36_W_C2,9.775376,8.055053,3,0.908095108569841,150.8978421608571,0.9267625865943793,0.33969570447759073,1.0348383105567724,0.19999999999999996,0.4020400761240613,23,191,0.12041884816753927
SC391_cnv_18_R26C37yesS_SC391_36_W_C1,11.525364,5.051055,3,0.8161309368459616,82.64462809917356,0.7962491441914199,0.5537800038474391,1.4599624248931131,0.4070796460176991,0.5076369115879541,15,139,0.1079136690647482
SC391_cnv_18_R26C3yesS_SC391_36_W_C1,9.509359,8.450724,3,0.6619980943068619,100.0,0.6411983292995321,0.4347800825507143,1.2163463893876365,0.3203883495145631,0.4975366593499572,12,131,0.0916030534351145
SC391_cnv_18_R26C48yesS_SC391_36_W_C2,11.703599,5.163526,3,0.6776468163102626,90.70294784580499,0.7603039308272806,0.4174320853994112,0.896319659925931,0.19626168224299068,0.3821791203238058,16,153,0.10457516339869281
SC391_cnv_18_R26C57yesS_SC391_36_W_C1,10.725147,4.1796,3,0.7632995914661581,96.11687812379854,0.789313705277884,0.40081812578042053,0.8885475299489504,0.2233009708737863,0.3543014370765081,17,135,0.1259259259259259
SC391_cnv_18_R26C5yesS_SC391_36_W_C1,10.001677,7.1299067,3,0.8491989068717476,94.25959091337543,0.8198668035713418,0.5729403172150354,1.5344859492664567,0.38095238095238093,0.4758030909143001,14,126,0.1111111111111111
SC391_cnv_18_R26C67yesS_SC391_36_W_C2,10.3337145,4.505522,3,1.947351838838619e-08,0.0,0.0,0.43162470230744376,0.8687694414478956,0.375,0.36811307259621884,9,103,0.08737864077669903
SC391_cnv_18_R26C6yesS_SC391_36_W_C1,10.508768,4.6280527,3,0.6468465645839324,87.34387282732116,0.6751336371082955,0.4129746565990227,1.2179710016121794,0.287037037037037,0.4698388362825663,18,150,0.12
SC391_cnv_18_R26C71yesS_SC391_36_W_C2,11.208387,4.771674,3,0.8256563645498594,136.6026910730141,0.8437959034624324,0.4503781112703985,1.1124916771789932,0.29508196721311475,0.4945091193998227,17,172,0.09883720930232558
SC391_cnv_18_R27C11yesS_SC391_36_W_D2,9.816531,8.355658,3,0.765108778085108,68.30134553650706,0.7573018822387233,0.3572174097265787,1.1812803038650246,0.25409836065573765,0.43831143611393253,15,145,0.10344827586206896
SC391_cnv_18_R27C16yesS_SC391_36_W_D2,9.789476,7.111693,3,0.8123592151563727,113.06461642828877,0.7756096806610067,0.4919236837521934,1.5264465454240224,0.27137546468401486,0.48418168980609094,14,177,0.07909604519774012
SC391_cnv_18_R27C17yesS_SC391_36_W_D2,11.34131,4.9236584,3,0.8510297662069279,144.67592592592592,0.8568303226520707,0.38643602501125857,0.9627012541915597,0.22916666666666674,0.45044004549304356,16,191,0.08376963350785341
SC391_cnv_18_R27C19yesS_SC391_36_W_D1,11.006835,6.697474,3,0.7579984866387627,85.73388203017832,0.7868201475199182,0.3840641796281686,0.8272721828940985,0.2727272727272727,0.4048685466860865,13,150,0.08666666666666667
SC391_cnv_18_R27C25yesS_SC391_36_W_D1,11.064268,5.6639376,3,0.9705352422644634,216.41274238227146,0.9814468175512658,0.5903506366255434,1.8554320695965756,0.42105263157894735,0.519551041955518,10,185,0.05405405405405406
SC391_cnv_18_R27C29yesS_SC391_36_W_D2,10.746015,5.637934,3,0.8223775661630677,69.44444444444444,0.8163188005729904,0.5330642213873522,1.681689165389884,0.3902439024390243,0.5083896408028118,16,169,0.09467455621301775
SC391_cnv_18_R27C31yesS_SC391_36_W_D2,10.660964,6.070815,3,0.8839751595133514,162.32448664881096,0.8123880007239664,0.624428600453159,1.3133917980728422,0.5044247787610618,0.5074536705210777,13,179,0.07262569832402235
SC391_cnv_18_R27C33yesS_SC391_36_W_D2,10.39038,5.9304104,3,0.7778292595119976,59.171597633136095,0.7614406016374891,0.42912632555076313,1.2962722166184646,0.29007633587786263,0.4278142604634692,21,156,0.1346153846153846
SC391_cnv_18_R27C35yesS_SC391_36_W_D2,10.016989,6.2045016,3,0.944294352907026,132.19644391565865,0.943135211962182,0.5955626612039491,1.5012753579066724,0.4444444444444444,0.4583925470164841,14,139,0.10071942446043165
SC391_cnv_18_R27C38yesS_SC391_36_W_D1,10.0882845,7.8279324,3,0.9335464115086103,110.80332409972299,1.0010237970884721,0.6089531008288362,1.5189305138959799,0.4329896907216495,0.4328276895810274,14,119,0.11764705882352941
SC391_cnv_18_R27C41yesS_SC391_36_W_D1,11.341097,4.289015,3,0.12118173187454594,0.0,0.0,0.36789794986465935,0.9258915583623921,0.24637681159420288,0.4329649501040945,9,122,0.07377049180327869
SC391_cnv_18_R27C44yesS_SC391_36_W_D1,10.723107,5.650717,3,0.8750705242784614,113.17338162064283,0.8605157346162591,0.5533488201009955,1.5594456632157347,0.41237113402061853,0.5169406933222281,10,142,0.07042253521126761
SC391_cnv_18_R27C45yesS_SC391_36_W_D2,9.460708,8.468556,3,0.749206089815649,111.38338159946537,0.7467595989073917,0.3642836414831924,1.1594426549998897,0.22962962962962963,0.41162635702190115,16,158,0.10126582278481013
SC391_cnv_18_R27C4yesS_SC391_36_W_D1,10.503407,5.4063115,3,0.8813974565849629,135.12904824107022,0.88298394435681,0.5298985659164897,1.0538510632308358,0.3129251700680272,0.5248546228671761,16,208,0.07692307692307693
SC391_cnv_18_R27C51yesS_SC391_36_W_D2,10.468965,5.247255,3,0.7982239930803334,106.55868719697372,0.7604896219570801,0.5313082011064487,1.5164068518867544,0.38928571428571423,0.4943881737686862,11,164,0.06707317073170732
SC391_cnv_18_R27C5yesS_SC391_36_W_D1,11.294465,5.316456,3,0.8182806193167068,113.17338162064283,0.7991069181083222,0.6114083052174611,1.3124999999999996,0.38541666666666674,0.4504206674244422,12,103,0.11650485436893204
SC391_cnv_18_R27C60yesS_SC391_36_W_D1,10.717479,4.5294666,3,0.7334617584479802,62.98815822625347,0.7215823610999826,0.4280731783623615,1.3573529344393171,0.28682170542635654,0.44519545283022466,23,182,0.12637362637362637
SC391_cnv_18_R27C61yesS_SC391_36_W_D1,11.175469,5.048099,3,0.7162603077537267,71.81844297615628,0.735543250472719,0.4065705883349882,1.1614582589740947,0.23140495867768585,0.4007870234306718,21,188,0.11170212765957446
SC391_cnv_18_R27C66yesS_SC391_36_W_D2,11.608563,5.3322186,3,0.7192041061555219,68.30134553650706,0.7366795125340835,0.39782399930308254,0.9079504039000361,0.22131147540983598,0.4076742340338615,19,166,0.1144578313253012
SC391_cnv_18_R27C6yesS_SC391_36_W_D1,8.669682,11.9031,3,0.877481548496044,128.0,0.8487221382323965,0.6015817103571012,1.4932864232165226,0.38888888888888884,0.5254680633142841,19,184,0.10326086956521739
SC391_cnv_18_R27C9yesS_SC391_36_W_D2,10.881513,5.082223,3,0.7476135096146999,108.50694444444444,0.7343204950612542,0.42096211014134965,1.0615174619480838,0.3232323232323232,0.4521143018291291,17,137,0.12408759124087591
SC391_cnv_18_R28C0yesS_SC391_36_W_D1,9.651758,8.366316,3,0.8915297355817203,89.01707347469244,0.884950320079289,0.3763503493910773,1.2773539823719071,0.22127659574468084,0.5271334256351039,44,311,0.1414790996784566
SC391_cnv_18_R28C10yesS_SC391_36_W_D2,11.536492,4.327704,3,0.8990313324987649,136.96128560993427,0.9256236266771013,0.44534455890447505,1.452897276189491,0.3355932203389831,0.5575979872371413,21,178,0.11797752808988764
SC391_cnv_18_R28C13yesS_SC391_36_W_D2,-0.86607486,6.3218555,0,0.7919699894979232,70.02555932915514,0.7773074383745067,0.03288705346317393,0.738484077257181,0.06508875739644981,0.184733326680374,0,176,0.0
SC391_cnv_18_R28C17yesS_SC391_36_W_D2,9.355366,8.731956,3,0.812181117829859,106.18191084966766,0.8397727104772731,0.39187413106132607,1.4168880196956102,0.2511627906976744,0.4211889440665377,29,255,0.11372549019607843
SC391_cnv_18_R28C21yesS_SC391_36_W_D1,-0.7622891,6.0808535,0,0.5681393505675739,60.09254251547383,0.6079464005271868,0.0431437372898867,0.8203880034308811,0.0852713178294573,0.10343940586158462,1,141,0.0070921985815602835
SC391_cnv_18_R28C23yesS_SC391_36_W_D1,10.849,4.98418,3,0.8518910711175725,106.18191084966766,0.836862197108858,0.4030119611163159,0.8420379974099917,0.21100917431192667,0.43086563349640733,32,271,0.11808118081180811
SC391_cnv_18_R28C24yesS_SC391_36_W_D1,9.788518,8.192019,3,0.7715580411558599,109.73936899862825,0.7195195679775418,0.34415492995766933,1.0048112097397253,0.19117647058823528,0.4266771884917992,31,199,0.15577889447236182
SC391_cnv_18_R28C27yesS_SC391_36_W_D2,10.813681,3.8655837,3,0.7879822767679607,95.12485136741974,0.7537032866168664,0.4976556699490585,1.0799020169576394,0.226027397260274,0.40788950024718795,23,262,0.08778625954198473
SC391_cnv_18_R28C28yesS_SC391_36_W_D2,11.489984,5.2930956,3,0.6840832650303638,69.44444444444444,0.7365332568050109,0.41369105676816437,1.0635499905500623,0.23140495867768596,0.39802322429399467,22,184,0.11956521739130435
SC391_cnv_18_R28C2yesS_SC391_36_W_D1,10.106698,7.2485337,3,0.7387518726474859,122.0703125,0.7073763766213643,0.3508410608035198,1.0352828542509485,0.2325581395348837,0.3466399550354252,21,172,0.12209302325581395
SC391_cnv_18_R28C41yesS_SC391_36_W_D1,-0.63642937,6.443807,0,0.8845987128983913,79.11079466793244,0.917713790582629,0.16238495295852962,1.220060946212039,0.16981132075471694,0.3802170191882501,1,194,0.005154639175257732
SC391_cnv_18_R28C42yesS_SC391_36_W_D1,11.4268055,5.266262,3,0.8344523560204677,109.64611715687619,0.8369318001868334,0.508457748886143,1.6482610159625306,0.38743455497382195,0.4538628466671314,20,211,0.0947867298578199
SC391_cnv_18_R28C46yesS_SC391_36_W_D2,10.848163,5.3297296,3,0.8574826407530355,126.75418741511996,0.8655572638086884,0.5885824432793477,2.127659574468087,0.3361702127659575,0.5081421660156052,33,319,0.10344827586206896
SC391_cnv_18_R28C47yesS_SC391_36_W_D2,9.355131,9.174413,3,0.7627340976819487,99.18666931164451,0.7534137953198617,0.3119636737018039,1.146511973813661,0.2097902097902098,0.4394279304525476,21,162,0.12962962962962962
SC391_cnv_18_R28C48yesS_SC391_36_W_D2,10.480564,5.1355762,3,0.8340785682219662,101.007550314386,0.846341231310712,0.48680077438411434,1.5249247417349576,0.24120603015075381,0.42938651489619384,30,282,0.10638297872340426
SC391_cnv_18_R28C52yesS_SC391_36_W_D2,10.64219,3.7956326,3,0.7286751773994669,72.43096423721141,0.7841709560044777,0.46390679506054244,0.8361657392377946,0.23109243697478998,0.38606030258322294,32,172,0.18604651162790697
SC391_cnv_18_R28C53yesS_SC391_36_W_D2,9.067069,9.146348,3,0.8060936998393076,70.13704779138438,0.8111728710254799,0.49381459891582347,1.169296817803989,0.3007518796992481,0.5081215749059059,34,352,0.09659090909090909
SC391_cnv_18_R28C60yesS_SC391_36_W_D1,10.582583,5.314471,3,0.967864097046339,159.42183016261026,0.9688077333720987,0.8145804942152883,2.0628086649788013,0.4642857142857143,0.5052223305872752,41,316,0.12974683544303797
SC391_cnv_18_R28C61yesS_SC391_36_W_D1,9.925311,7.8538847,3,0.8204409747228305,98.02960494069208,0.8208298984997323,0.4819498783466364,1.7344449134956503,0.270935960591133,0.4805146924331432,38,287,0.13240418118466898
SC391_cnv_18_R28C62yesS_SC391_36_W_D1,11.457478,5.389859,3,0.7988997970796937,100.23722810651876,0.8302448948940605,0.3842697264993863,1.1883494796095222,0.19075144508670516,0.40795302560482793,24,236,0.1016949152542373
SC391_cnv_18_R28C63yesS_SC391_36_W_D2,10.355939,4.2434096,3,0.8299378870224068,98.02960494069208,0.835736074547658,0.41193543815383277,1.1036051396523203,0.2623762376237624,0.46957381683480326,20,308,0.06493506493506493
SC391_cnv_18_R28C69yesS_SC391_36_W_D2,11.002919,5.666982,3,0.8855570230231524,119.44220490310252,0.9042787585371949,0.5499102373200708,1.8138413014992172,0.3989071038251366,0.5256902104296438,16,220,0.07272727272727272
SC391_cnv_18_R28C6yesS_SC391_36_W_D1,-0.93893886,6.4553833,0,0.7939980297377519,77.15751707110066,0.7943573631773776,0.12851569543465802,0.978321279332756,0.14197530864197527,0.3527543123267946,1,182,0.005494505494505495
SC391_cnv_18_R28C70yesS_SC391_36_W_D2,10.480925,4.6101084,3,0.7067696952200615,51.02040816326531,0.6993906032116427,0.47310600783522494,1.3446062186518022,0.32638888888888884,0.4883967345483505,24,174,0.13793103448275862
SC391_cnv_18_R29C11yesS_SC391_36_W_D2,9.776901,7.3291616,3,0.7828251162242553,48.90214680424471,0.7427985534561065,0.34163571849260144,1.0327452674401765,0.2206896551724138,0.44180457138515283,22,220,0.1
SC391_cnv_18_R29C13yesS_SC391_36_W_D2,11.507302,4.460715,3,0.8878577112721356,103.80622837370242,0.9034902306459675,0.4183688219889116,1.7070668019337347,0.29166666666666663,0.3854117038064739,21,212,0.09905660377358491
SC391_cnv_18_R29C22yesS_SC391_36_W_D1,10.759908,3.8470435,3,0.7612133533396559,70.61648188687239,0.7719396032929435,0.45306138623544856,0.8342489938789182,0.2583333333333333,0.3657596635374134,20,170,0.11764705882352941
SC391_cnv_18_R29C33yesS_SC391_36_W_D2,10.468353,5.0032744,3,0.7366628696341371,59.171597633136095,0.7568076116101118,0.37846056044443566,0.8911592649966937,0.24812030075187974,0.3716729821938264,18,197,0.09137055837563451
SC391_cnv_18_R29C35yesS_SC391_36_W_D2,10.287047,4.468696,3,0.8628332335137336,110.80332409972299,0.8677944359210675,0.36606619923094785,0.9408354306714541,0.24083769633507845,0.3974134376358956,37,261,0.1417624521072797
SC391_cnv_18_R29C47yesS_SC391_36_W_D2,-0.72394586,6.3837004,0,0.5831597732147177,75.61436672967864,0.7562374464583889,0.054724412146106224,0.7652173913043471,0.08695652173913038,0.15394059986673894,0,117,0.0
SC391_cnv_18_R29C54yesS_SC391_36_W_D1,8.114693,10.75144,3,0.7286563221890378,64.0,0.7414132128221762,0.35438450403199706,0.9351274988809453,0.15873015873015872,0.3214842723844517,21,189,0.1111111111111111
SC391_cnv_18_R29C5yesS_SC391_36_W_D1,11.801211,5.2560916,3,0.7256184492300846,74.31629013079666,0.7594131547537679,0.4038697054543056,0.8534482758620701,0.2155172413793104,0.36531680299638736,16,146,0.1095890410958904
SC391_cnv_18_R29C66yesS_SC391_36_W_D2,10.664151,4.7193203,3,0.7513886849148854,95.12485136741974,0.7241389829087812,0.37913260699127216,0.9624347855144157,0.1768707482993197,0.471580262395905,20,203,0.09852216748768473
SC391_cnv_18_R29C67yesS_SC391_36_W_D2,9.923967,8.257246,3,0.8309283332841572,111.24955500178,0.8524134342138777,0.36594235987827306,1.6115405856964615,0.2952380952380952,0.508198852911783,27,268,0.10074626865671642
SC391_cnv_18_R29C8yesS_SC391_36_W_D1,11.815189,5.506739,3,0.8016088599110194,87.65522279035793,0.8051189453960346,0.415793794159784,1.06117083819981,0.19354838709677424,0.38889115492020687,30,246,0.12195121951219512
SC391_cnv_18_R30C0yesS_SC391_36_W_D1,9.938594,7.3520412,3,0.8359010888808137,86.71522719389525,0.8246995598267538,0.36977988128004496,0.9579627712795594,0.21505376344086025,0.40577875239842115,26,264,0.09848484848484848
SC391_cnv_18_R30C15yesS_SC391_36_W_D2,9.920613,7.947943,3,0.799764745296991,102.03040506070809,0.8142841610270445,0.40583687948982056,1.1049182880376756,0.21212121212121215,0.41240442408292016,14,141,0.09929078014184398
SC391_cnv_18_R30C19yesS_SC391_36_W_D1,9.259767,7.8915243,3,0.7475704990559129,61.03515625,0.735443555451388,0.49966303325992145,0.9981954319503982,0.2325581395348837,0.46041660760744835,15,158,0.0949367088607595
SC391_cnv_18_R30C22yesS_SC391_36_W_D1,10.859407,3.8251767,3,0.715904918604979,65.03642039542144,0.7067040398900394,0.45619731736377256,0.8323879747382148,0.2222222222222222,0.365091735325012,16,178,0.0898876404494382
SC391_cnv_18_R30C28yesS_SC391_36_W_D2,9.766875,7.189731,3,0.8407437558898674,91.30752373995617,0.8475568085036826,0.3759906884064394,0.8865221497501455,0.21379310344827585,0.3382224271221515,17,188,0.09042553191489362
SC391_cnv_18_R30C36yesS_SC391_36_W_D1,10.200255,4.588784,3,0.818051697255089,100.0,0.8102556314262319,0.3682599311409276,0.996636762321205,0.22277227722772275,0.43197680451401066,42,283,0.14840989399293286
SC391_cnv_18_R30C38yesS_SC391_36_W_D1,11.750416,5.205211,3,0.7234935676962174,59.171597633136095,0.7043853157029908,0.40803926216561154,0.9726513974252593,0.21212121212121215,0.36614077199700845,18,174,0.10344827586206896
SC391_cnv_18_R30C44yesS_SC391_36_W_D1,9.744688,7.1239715,3,0.8038346343336064,96.84917355371901,0.8014114859796817,0.4325789331831297,1.0131220689189493,0.19428571428571428,0.38837698906669227,27,264,0.10227272727272728
SC391_cnv_18_R30C45yesS_SC391_36_W_D2,10.360959,4.4609866,3,0.8283812728524245,106.28122010840686,0.8185827221529665,0.37694217727002577,1.1137946575366744,0.22564102564102573,0.4389152682527875,38,299,0.12709030100334448
SC391_cnv_18_R30C50yesS_SC391_36_W_D2,10.288593,4.3983994,3,0.786828351424325,95.12485136741974,0.7460056507540826,0.36795559854018334,1.0396529293704253,0.226027397260274,0.4161733832305764,20,227,0.0881057268722467
SC391_cnv_18_R30C52yesS_SC391_36_W_D2,10.347994,4.345001,3,0.77789112791758,73.05135510263716,0.8121501746368146,0.41466152664456535,0.8682202355841155,0.2457627118644068,0.3859564970943968,16,149,0.10738255033557047
SC391_cnv_18_R30C53yesS_SC391_36_W_D2,9.2409315,9.504324,3,0.9257583317032594,156.6393734425062,0.9416907939639898,0.2863162519657775,1.873186793741591,0.23773584905660372,0.44633890757417644,19,289,0.0657439446366782
SC391_cnv_18_R31C11yesS_SC391_36_W_D2,11.465863,4.659069,3,0.8798900632465817,56.532308214144386,0.8790391960940419,0.44328461909412853,1.129234084118909,0.23703703703703705,0.4630837360575566,22,197,0.1116751269035533
SC391_cnv_18_R31C13yesS_SC391_36_W_D2,10.960194,5.1338034,3,0.8457414556090188,52.509976895610166,0.8634782007300217,0.4270313965094744,1.4793304766965787,0.2907801418439717,0.450474445436573,20,185,0.10810810810810811
SC391_cnv_18_R31C22yesS_SC391_36_W_D1,10.869947,4.9165373,3,0.7801876669885567,99.18666931164451,0.7511518861593621,0.42390092541731994,1.2322818340454913,0.25,0.4533879969993359,22,181,0.12154696132596685
SC391_cnv_18_R31C25yesS_SC391_36_W_D1,11.528367,4.1467695,3,1.0318008517324047,103.06887577623748,1.0677145264362529,0.4120585506834285,1.8293558914556387,0.3299492385786802,0.46183412074005264,19,272,0.06985294117647059
SC391_cnv_18_R31C28yesS_SC391_36_W_D2,10.010701,8.118123,3,0.8252778726863504,116.54332498106172,0.8229662105784362,0.43477112292931075,1.3361491850300002,0.25757575757575757,0.3519591558438325,25,173,0.14450867052023122
SC391_cnv_18_R31C34yesS_SC391_36_W_D2,10.0830965,8.149145,3,0.8351905671428519,66.09822195782932,0.8669358906946173,0.3735769389346254,0.9618768569421221,0.20967741935483875,0.3621506014384992,12,143,0.08391608391608392
SC391_cnv_18_R31C35yesS_SC391_36_W_D2,11.437625,4.7594757,3,0.7068263356212585,82.1827744904668,0.6908492079791588,0.31872037020999383,0.9174377188133843,0.16455696202531644,0.43299255005582055,17,212,0.08018867924528301
SC391_cnv_18_R31C36yesS_SC391_36_W_D1,10.282202,4.234571,3,0.8132228106628512,108.86921178690666,0.8239980402601915,0.36018735585245554,0.8406346808612325,0.19393939393939397,0.374698832152034,26,243,0.10699588477366255
SC391_cnv_18_R31C42yesS_SC391_36_W_D1,9.536667,8.349774,3,0.8589153427466966,99.08838684106223,0.8797987302040887,0.4132650067215238,0.9942625400141591,0.2616279069767442,0.33958686820599326,38,206,0.18446601941747573
SC391_cnv_18_R31C43yesS_SC391_36_W_D1,9.615218,7.429545,3,0.8934358719724959,121.70879143170107,0.9069764583829998,0.4813717383097239,1.1366556821948026,0.3096774193548386,0.46576971528864175,23,211,0.10900473933649289
SC391_cnv_18_R31C46yesS_SC391_36_W_D2,10.603332,4.5590134,3,0.8378236327194782,96.84917355371901,0.8507884247771351,0.3712471743378882,1.1510135221182993,0.25,0.41890128395074056,29,237,0.12236286919831224
SC391_cnv_18_R31C53yesS_SC391_36_W_D2,-0.93996066,6.531403,0,0.7543307747774095,59.07372400756144,0.737112071892208,0.044264923757465435,0.7608889746601537,0.0652173913043479,0.19820529210199134,2,221,0.00904977375565611
SC391_cnv_18_R31C57yesS_SC391_36_W_D1,10.341106,4.207488,3,0.7526249285435839,62.00012400024801,0.7632256307539829,0.3817461793473492,0.8804240366863003,0.2265625,0.3803162583702186,23,185,0.12432432432432433
SC391_cnv_18_R31C60yesS_SC391_36_W_D1,10.833879,3.9426453,3,0.8493587781721621,112.91354586171855,0.8498940695856192,0.511696578808854,1.228317509478552,0.24691358024691357,0.411468099784974,24,248,0.0967741935483871
SC391_cnv_18_R31C64yesS_SC391_36_W_D2,10.018247,4.9784513,3,0.8973492441653997,132.1178491214163,0.909637353057182,0.5555561896002625,1.3076621152582204,0.39884393063583823,0.6152981785164168,19,218,0.0871559633027523
SC391_cnv_18_R31C68yesS_SC391_36_W_D2,10.832738,4.0813074,3,0.7859711190546552,103.5143108534755,0.7642825223318246,0.5258651824622864,1.2281591225244097,0.2907801418439717,0.46940691329846884,29,191,0.1518324607329843
SC391_cnv_18_R31C70yesS_SC391_36_W_D2,11.011179,5.4726696,3,0.7830243472068786,128.0,0.7866755643488508,0.49078481177960875,1.3350463028383688,0.3203125,0.4820841877352498,22,183,0.12021857923497267
SC391_cnv_18_R33C10yesS_SC391_36_W_D2,11.081383,4.245578,3,0.7511756985571068,116.54332498106172,0.7355253037961768,0.46408960023828183,0.9316949906249116,0.23484848484848486,0.445797749902594,22,168,0.13095238095238096
SC391_cnv_18_R33C14yesS_SC391_36_W_D2,11.013281,4.71084,3,0.7833104415739075,102.04081632653062,0.7573239404807846,0.4188609964921979,1.246996968636659,0.24113475177304966,0.4234654291563128,23,158,0.14556962025316456
SC391_cnv_18_R33C20yesS_SC391_36_W_D1,11.615507,4.231218,3,0.8827451217414451,100.23722810651876,0.8878161677411235,0.43908512206259126,1.8783093058409295,0.2865497076023392,0.4020087543308829,23,214,0.10747663551401869
SC391_cnv_18_R33C21yesS_SC391_36_W_D1,11.029566,5.8250923,3,0.8722784659338282,128.0,0.8446340412871175,0.4833832653412927,0.9523478830237531,0.23015873015873012,0.439957304252259,17,161,0.10559006211180125
SC391_cnv_18_R33C22yesS_SC391_36_W_D1,10.585194,4.3783183,3,0.7702699124639264,113.06461642828877,0.7664165241029747,0.46469753442963496,1.0710709102495106,0.28358208955223885,0.4482140357121787,21,177,0.11864406779661017
SC391_cnv_18_R33C23yesS_SC391_36_W_D1,10.620256,5.167028,3,0.974833735521661,135.12904824107022,0.9955031219951503,0.6737818652925425,2.1888839103102846,0.5751633986928104,0.5381093962150548,32,227,0.14096916299559473
SC391_cnv_18_R33C29yesS_SC391_36_W_D2,10.307286,5.605926,3,0.8530897847658908,103.06887577623748,0.8456166653794166,0.4000272310950349,1.1990850564807551,0.25888324873096447,0.4786572131377316,25,262,0.09541984732824428
SC391_cnv_18_R33C31yesS_SC391_36_W_D2,10.527341,4.7720966,3,0.6249576408738574,0.0,0.0,0.4295079501246999,0.9034846815786303,0.25,0.37418175083138633,11,90,0.12222222222222222
SC391_cnv_18_R33C33yesS_SC391_36_W_D2,10.222082,4.6276073,3,0.7304555640239735,75.61436672967864,0.7264475082629626,0.37721133953689745,0.9977680860978585,0.28205128205128205,0.5097850859142987,19,150,0.12666666666666668
SC391_cnv_18_R33C36yesS_SC391_36_W_D1,11.020191,5.008924,3,0.8929152182322415,144.62809917355372,0.897530017496522,0.41282841110054574,1.1909792206336318,0.31081081081081086,0.5006881571397842,40,289,0.1384083044982699
SC391_cnv_18_R33C3yesS_SC391_36_W_D1,10.757548,4.6664095,3,0.6039977659902475,100.0,0.5506397619086532,0.4108248482148102,0.7275712107276773,0.2178217821782178,0.339483736483398,19,157,0.12101910828025478
SC391_cnv_18_R33C48yesS_SC391_36_W_D2,10.706753,5.2759957,3,0.9839231374998972,139.9736849472299,0.9821703080312614,0.5118890809536865,1.3700040838242804,0.3157894736842105,0.50751676100705,18,261,0.06896551724137931
SC391_cnv_18_R33C51yesS_SC391_36_W_D2,10.808651,4.2085915,3,0.7979076428667841,83.24661810613944,0.791544418542566,0.417069168910379,0.9681528662420382,0.22292993630573243,0.3857418369202578,20,228,0.08771929824561403
SC391_cnv_18_R33C58yesS_SC391_36_W_D1,10.315844,4.3623037,3,0.829930580927297,75.27569724114569,0.8415228519596689,0.3622473563271659,0.9381186003933253,0.19753086419753085,0.3773511812186204,21,261,0.08045977011494253
SC391_cnv_18_R33C59yesS_SC391_36_W_D1,11.607198,4.8311057,3,0.8517590347274187,60.09254251547383,0.8357925695292148,0.4076227000216201,1.3155044016200188,0.23664122137404575,0.4029852104639104,17,178,0.09550561797752809
SC391_cnv_18_R33C64yesS_SC391_36_W_D2,-0.62684727,6.0640182,0,0.836770007602881,73.46189164370983,0.8352554716695567,0.06373913190218962,0.9188166622180469,0.09090909090909083,0.23861137637363997,0,178,0.0
SC391_cnv_18_R33C67yesS_SC391_36_W_D2,11.4251,5.4381824,3,0.8612182928062363,123.96694214876034,0.8754303322791467,0.5187986793563928,1.94413316694092,0.2949308755760369,0.47610681832515067,43,286,0.15034965034965034
SC391_cnv_18_R33C69yesS_SC391_36_W_D2,11.172535,4.4973,3,0.9669597523698291,85.43722499893204,0.9467421560992254,0.4220343590323299,1.7561902573539179,0.3246753246753247,0.4147053928170488,18,181,0.09944751381215469
SC391_cnv_18_R33C7yesS_SC391_36_W_D1,10.301031,4.5193677,3,0.8341136563128124,99.08838684106223,0.8427628320216366,0.35350489360007575,0.9710896641131823,0.20809248554913296,0.41094887284161924,36,244,0.14754098360655737
SC391_cnv_18_R34C12yesS_SC391_36_W_D2,10.062003,7.966249,3,0.7195966665600543,73.05135510263716,0.7233508826588056,0.3882651232941531,0.8959835688155644,0.18644067796610164,0.37558759663168256,16,156,0.10256410256410256
SC391_cnv_18_R34C15yesS_SC391_36_W_D2,10.314778,10.205876,3,0.00221402217429926,0.0,0.0,0.6246042296630006,0.9241467824626591,0.509090909090909,0.4478080706043435,8,102,0.0784313725490196
SC391_cnv_18_R34C17yesS_SC391_36_W_D2,10.97658,4.056089,3,0.7488587351977719,122.0703125,0.7280476187990428,0.4632665552869399,0.9992301766027059,0.2384615384615385,0.4001606737395621,27,196,0.1377551020408163
SC391_cnv_18_R34C1yesS_SC391_36_W_D1,10.063228,8.01747,3,0.8515398385385896,93.63003651571424,0.8566643029242554,0.40942220956816466,1.0115589251586228,0.2178770949720671,0.46205305506458993,27,271,0.0996309963099631
SC391_cnv_18_R34C26yesS_SC391_36_W_D1,9.738275,7.2091875,3,0.7608583990988859,69.44444444444444,0.7585577450566309,0.3233553228764473,0.9825501294613705,0.2148760330578512,0.4182126956594154,13,189,0.06878306878306878
SC391_cnv_18_R34C32yesS_SC391_36_W_D2,9.44512,7.8436227,3,0.6691285766963446,82.64462809917356,0.756731886865556,0.3251396289791283,0.8918463906857365,0.18018018018018023,0.3535971515947662,25,187,0.13368983957219252
SC391_cnv_18_R34C43yesS_SC391_36_W_D1,10.464487,7.734017,3,0.7292350355551822,96.4506172839506,0.6717040227231705,0.40176831143736047,0.9197787047089905,0.2068965517241379,0.40906519347034764,28,195,0.14358974358974358
SC391_cnv_18_R34C4yesS_SC391_36_W_D1,9.615042,6.962512,3,0.5634990211279404,0.0,0.0,0.5536042945360065,1.0590293239702302,0.39560439560439564,0.5106857596764502,8,123,0.06504065040650407
SC391_cnv_18_R34C67yesS_SC391_36_W_D2,10.815659,5.740587,3,0.9218963233417186,150.75282190438503,0.9152215878561231,0.49652575240150365,1.6301636046965893,0.3532338308457711,0.5729046245594772,27,259,0.10424710424710425
SC391_cnv_18_R35C13yesS_SC391_36_W_D2,9.238494,9.546541,3,0.9329839190647673,144.17531718569782,0.9462276706578635,0.2681941982308755,1.0812719662719381,0.15270935960591137,0.34453166738717556,19,267,0.07116104868913857
SC391_cnv_18_R35C20yesS_SC391_36_W_D1,-0.6309323,6.205153,0,0.7508783102529195,71.7128617017462,0.7691825870418381,0.060202445554590464,0.8959052430903581,0.08982035928143717,0.29231072558302246,1,185,0.005405405405405406
SC391_cnv_18_R35C34yesS_SC391_36_W_D2,10.432536,4.2660074,3,0.7387456430396115,56.532308214144386,0.7112481091044937,0.4029162719215714,0.9559086543636801,0.2313432835820895,0.39753494516728494,20,210,0.09523809523809523
SC391_cnv_18_R35C39yesS_SC391_36_W_D1,10.863094,5.0879583,3,0.7370663914562726,106.55868719697372,0.7360813306508489,0.408674504914757,1.1131505631841692,0.2246376811594203,0.4053152092046501,14,178,0.07865168539325842
SC391_cnv_18_R35C47yesS_SC391_36_W_D2,10.061969,8.215061,3,0.6618809064275806,123.4567901234568,0.5359200832370494,0.34305600979671863,0.8100248934351377,0.20879120879120883,0.25409981612662363,13,131,0.09923664122137404
SC391_cnv_18_R35C52yesS_SC391_36_W_D2,10.80622,3.9296303,3,0.7210130228247933,92.45562130177514,0.8079034515332492,0.4373036438003999,0.7994896331218987,0.21904761904761905,0.3704196978943763,17,152,0.1118421052631579
SC391_cnv_18_R35C56yesS_SC391_36_W_D1,-0.87895554,6.31347,0,0.5792612323724042,68.30134553650706,0.7539714026545579,0.04068282441789994,0.7624834773336064,0.0826446280991735,0.14737891526557034,1,162,0.006172839506172839
SC391_cnv_18_R35C61yesS_SC391_36_W_D1,10.599151,4.1667385,3,0.7371972983652031,103.5143108534755,0.6889189523337037,0.4149335986123936,1.0346546009615682,0.23571428571428577,0.36629878685593875,28,243,0.11522633744855967
SC391_cnv_18_R35C65yesS_SC391_36_W_D2,10.012405,8.046514,3,0.9035377494650827,173.13019390581718,0.8969096514369563,0.5371361992393622,1.5525951205655701,0.32450331125827814,0.5105873686602717,24,208,0.11538461538461539
SC391_cnv_18_R54C17yesS_SC391_36_W_C2,10.775562,4.6620755,3,0.9643694613364895,121.74336498660823,0.979540527042525,0.48954375484274015,1.218106635165852,0.248868778280543,0.4626559625582251,39,297,0.13131313131313133
SC391_cnv_18_R54C31yesS_SC391_36_W_C2,10.257371,4.3688073,3,0.7559069774171542,54.869684499314126,0.7346646652268699,0.35413884642274135,1.0107549480973306,0.25,0.40883777208530536,14,165,0.08484848484848485
SC391_cnv_18_R54C36yesS_SC391_36_W_C1,10.166348,8.172193,3,0.8084331578518459,107.5692925526193,0.8235411222094247,0.3887143032416631,0.9439295208972309,0.1987951807228916,0.3488869215673265,22,222,0.0990990990990991
SC391_cnv_18_R54C38yesS_SC391_36_W_C1,11.483049,5.2954726,3,0.7348645353220122,70.61648188687239,0.7605325305392879,0.3949719852061508,0.912071817347735,0.21666666666666667,0.41232620828055794,24,158,0.1518987341772152
SC391_cnv_18_R54C40yesS_SC391_36_W_C1,11.655799,5.0665984,3,0.7527514041140878,91.30752373995617,0.7139826419138995,0.3837156808262204,0.9965273035229228,0.2666666666666666,0.40485504206942,27,199,0.135678391959799
SC391_cnv_18_R54C44yesS_SC391_36_W_C1,11.83237,5.3545637,3,0.7295685675294584,111.38338159946537,0.6593526515524926,0.3920993840349436,0.8854113660876682,0.20588235294117652,0.3644957870007421,25,212,0.1179245283018868
SC391_cnv_18_R54C51yesS_SC391_36_W_C2,10.109742,5.0128465,3,0.8161076222236209,111.38338159946537,0.7541713367469742,0.5739657600233632,0.983550344942635,0.3970588235294117,0.46557056311017675,24,175,0.13714285714285715
SC391_cnv_18_R54C53yesS_SC391_36_W_C2,11.402718,5.064348,3,0.8127530343869886,91.57299512373801,0.8053489582061285,0.40195926486066813,1.267729869086824,0.24285714285714288,0.42619537445835004,35,259,0.13513513513513514
SC391_cnv_18_R54C56yesS_SC391_36_W_C1,10.815047,3.8976705,3,0.8001232946989902,93.82623381497467,0.755139331985246,0.46761456175746424,1.0073080247928732,0.22448979591836737,0.43627895661239435,24,232,0.10344827586206896
SC391_cnv_18_R54C57yesS_SC391_36_W_C1,10.822902,5.3369327,3,0.8913325265196901,94.25959091337543,0.7994525460887741,0.7338207626181272,1.7121424562987726,0.49282296650717705,0.5093464747653468,13,178,0.07303370786516854
SC391_cnv_18_R54C63yesS_SC391_36_W_C2,8.983448,10.909964,3,0.7054411215623664,46.277014207043365,0.5589612537333681,0.5857773292146834,0.6642271090285814,0.42567567567567566,0.47381201992759725,22,205,0.1073170731707317
SC391_cnv_18_R54C67yesS_SC391_36_W_C2,10.801136,4.889339,3,0.8104615596793329,107.38543316599103,0.8048148376024018,0.3923374488125964,1.1800264789684705,0.21134020618556704,0.44071732957142884,32,235,0.13617021276595745
SC391_cnv_18_R54C8yesS_SC391_36_W_C1,10.060582,8.0674095,3,0.8239402804610987,95.75792396820836,0.8267624975587731,0.4546420135492592,1.1384136762194252,0.21468926553672318,0.46065755969525546,25,283,0.08833922261484099
SC391_cnv_18_R55C13yesS_SC391_36_W_C2,10.473958,4.8816166,3,0.8578154862862221,113.6094674556213,0.8737077046859081,0.4179393773294901,0.9072184232530287,0.2222222222222222,0.39780131941584834,21,226,0.09292035398230089
SC391_cnv_18_R55C20yesS_SC391_36_W_C1,10.454558,4.1401243,3,0.7615608658518542,103.5143108534755,0.7085308392761827,0.40086824674328725,0.8908246676421108,0.2127659574468086,0.4031253106406805,19,184,0.10326086956521739
SC391_cnv_18_R55C21yesS_SC391_36_W_C1,11.724936,5.1515746,3,0.6842919739770684,100.0,0.6413836265009978,0.3936789357706682,0.8359156799685318,0.19801980198019797,0.3710857215521195,23,138,0.16666666666666666
SC391_cnv_18_R55C27yesS_SC391_36_W_C2,11.649629,5.2808003,3,0.7419124203273172,91.30752373995617,0.7137661879416287,0.3700504737048449,0.9969883153432124,0.21476510067114085,0.40143670044557,23,187,0.12299465240641712
SC391_cnv_18_R55C29yesS_SC391_36_W_C2,10.747627,3.8277414,3,0.7378899138393523,103.5143108534755,0.6940786667222784,0.4480074167438789,0.9217008982887129,0.2429577464788732,0.34496179393819915,22,216,0.10185185185185185
SC391_cnv_18_R55C32yesS_SC391_36_W_C2,10.629688,4.8534193,3,0.6886288806523475,116.87363038714389,0.5907123507532583,0.5450317371183053,1.24468085106383,0.35106382978723405,0.4879170623393779,16,128,0.125
SC391_cnv_18_R55C34yesS_SC391_36_W_C2,9.914729,7.4502673,3,0.7219948223737117,64.0,0.5418082432014263,0.617614808642756,0.7617437173721922,0.4069767441860465,0.493077116880329,15,181,0.08287292817679558
SC391_cnv_18_R55C37yesS_SC391_36_W_C1,11.303482,5.214777,3,0.8853609507857036,60.09254251547383,0.8915505782707825,0.5208064092230021,1.7299607587275383,0.40909090909090917,0.43496065088225944,17,177,0.096045197740113
SC391_cnv_18_R55C43yesS_SC391_36_W_C1,9.750072,7.4143972,3,0.7550795892526766,99.18666931164451,0.7523394023810615,0.3918352534457235,1.2292544047259537,0.25,0.4523308924540045,23,208,0.11057692307692307
SC391_cnv_18_R55C44yesS_SC391_36_W_C1,9.871781,8.473614,3,0.818867144142356,100.23722810651876,0.8223900181912844,0.3364446101710569,0.9241233365802851,0.19653179190751446,0.42018499064564446,25,243,0.102880658436214
SC391_cnv_18_R55C46yesS_SC391_36_W_C2,10.793525,4.828034,3,0.8353323473333495,99.64923469387756,0.8343663033263615,0.43457335726750335,1.262884012399912,0.2863636363636364,0.512456291920956,27,285,0.09473684210526316
SC391_cnv_18_R55C48yesS_SC391_36_W_C2,11.5843525,5.2169137,3,0.8448550014288089,105.03833899373271,0.8648615946595531,0.3962721011258158,1.0156527478890243,0.2142857142857143,0.38345709610627204,30,228,0.13157894736842105
SC391_cnv_18_R55C53yesS_SC391_36_W_C2,10.249745,4.427609,3,0.8018296430704069,79.71938775510203,0.7963956724655554,0.40096788003380035,1.290788597750086,0.265625,0.454350269887903,27,300,0.09
SC391_cnv_18_R55C56yesS_SC391_36_W_C1,10.728854,3.947277,3,0.7753081007930721,79.11079466793244,0.7579643839074708,0.5023078378601455,1.0997869088845418,0.26875000000000004,0.47909766538532944,20,226,0.08849557522123894
SC391_cnv_18_R55C5yesS_SC391_36_W_C1,9.232099,7.6260552,3,0.6900191101432137,69.44444444444444,0.7444633044246813,0.43800107696478524,0.8928398549007661,0.21311475409836067,0.37658553391489563,19,159,0.11949685534591195
SC391_cnv_18_R55C61yesS_SC391_36_W_C1,9.761308,8.177134,3,0.8102028392399436,91.57229632795092,0.8392556583825015,0.405995303060237,1.2853588310932196,0.26519337016574585,0.4808129450522816,32,247,0.12955465587044535
SC391_cnv_18_R55C63yesS_SC391_36_W_C2,-0.6810221,6.7378654,0,0.7838829942223284,102.03040506070809,0.7874535627973865,0.17160832041884747,1.211441508080115,0.16666666666666663,0.41142156138315483,0,229,0.0
SC391_cnv_18_R55C65yesS_SC391_36_W_C2,10.617794,5.0000954,3,0.8680941828191552,120.75836251660427,0.8618611247550511,0.4276806162621058,1.5252672085301233,0.27423822714681445,0.40424138779288527,17,204,0.08333333333333333
SC391_cnv_18_R55C67yesS_SC391_36_W_C2,7.6971993,10.35839,3,0.8371981829144222,96.18344105878732,0.8324174371447317,0.46646748506073854,1.5234031702817483,0.24336283185840712,0.5289293991452783,30,287,0.10452961672473868
SC391_cnv_18_R55C6yesS_SC391_36_W_C1,11.752903,5.2540245,3,0.7509454550805411,105.01995379122033,0.6823976754750991,0.39002984253496953,0.8481672919312794,0.20714285714285707,0.3567108747812687,22,198,0.1111111111111111
SC391_cnv_18_R56C0yesS_SC391_36_W_C1,11.3741,5.0202894,3,1.097099784728116,124.86992715920917,1.1059177036344014,0.5792826106964795,1.6413082250943807,0.4140127388535032,0.4976270770120207,17,192,0.08854166666666667
SC391_cnv_18_R56C14yesS_SC391_36_W_C2,10.063056,5.0863285,3,0.8328999412520081,156.62933667475917,0.6988139729251515,1.0602462463429156,1.3271669466312115,0.9158878504672898,0.4807632787753513,18,197,0.09137055837563451
SC391_cnv_18_R56C17yesS_SC391_36_W_C2,10.459767,6.2489524,3,0.8150729235392857,114.31184270690443,0.8086329838167833,0.5024770054012279,1.8276456864564612,0.34769230769230774,0.4823978901860073,26,210,0.12380952380952381
SC391_cnv_18_R56C19yesS_SC391_36_W_C1,9.025696,7.7154384,3,0.7444151848942456,71.81844297615628,0.7033600440048584,0.6233948466242492,1.7969706611287655,0.4098360655737705,0.41018603568219997,17,176,0.09659090909090909
SC391_cnv_18_R56C20yesS_SC391_36_W_C1,10.14935,8.338555,3,0.8627343941003246,128.99758129535073,0.8735582680599371,0.4968530963829611,1.6694243761945353,0.3133333333333333,0.4110163018899129,19,171,0.1111111111111111
SC391_cnv_18_R56C21yesS_SC391_36_W_C1,10.578866,5.1735997,3,0.7837585258810754,118.14744801512288,0.6214749413075338,0.475516189624666,1.5455168812600872,0.36898395721925126,0.41949454077718823,17,138,0.12318840579710146
SC391_cnv_18_R56C27yesS_SC391_36_W_C2,10.964546,4.396867,3,0.7793321178643624,53.27934359848686,0.7659326697829474,0.44024793539140106,1.2142716926482067,0.2517985611510791,0.43959772697043037,18,206,0.08737864077669903
SC391_cnv_18_R56C33yesS_SC391_36_W_C2,9.842166,7.7791467,3,0.7915795972761321,135.20822065981613,0.6967051539691776,0.6372952743084407,1.7134614794077234,0.36363636363636365,0.4340564571388661,12,135,0.08888888888888889
SC391_cnv_18_R56C36yesS_SC391_36_W_C1,10.452332,7.0237117,3,0.8271653653721663,91.57229632795092,0.846753741686747,0.47228614486025844,1.5226004892395193,0.3370786516853933,0.45795078579186066,32,259,0.12355212355212356
SC391_cnv_18_R56C39yesS_SC391_36_W_C1,10.441113,4.157426,3,0.7666484214830711,106.55868719697372,0.7190582523923715,0.407484526956301,1.00620311634018,0.21739130434782605,0.3739178495205269,20,192,0.10416666666666667
SC391_cnv_18_R56C43yesS_SC391_36_W_C1,10.958385,3.9374104,3,0.7621537919063631,66.09822195782932,0.7805214238037647,0.4808145558837226,1.1806030781229817,0.256,0.43105750973166673,20,217,0.09216589861751152
SC391_cnv_18_R56C48yesS_SC391_36_W_C2,11.391908,4.5604525,3,0.8903604786009406,58.27166249053086,0.8980992627203787,0.4090180979687489,1.3095318032633685,0.23484848484848486,0.3268122913044098,21,189,0.1111111111111111
SC391_cnv_18_R56C5yesS_SC391_36_W_C1,11.015335,4.029237,3,0.7185070748669237,62.00012400024801,0.7098840717605125,0.4815670946707944,1.2142736876245324,0.24806201550387597,0.44133696228851294,22,182,0.12087912087912088
SC391_cnv_18_R56C65yesS_SC391_36_W_C2,11.1291685,4.2378983,3,0.8362388708603075,92.55402841408673,0.8067121549062878,0.3922633114702824,1.1432369168535512,0.2147651006711409,0.4410364737268273,20,229,0.08733624454148471
SC391_cnv_18_R56C69yesS_SC391_36_W_C2,10.519474,4.285053,3,0.7953687605623532,103.5143108534755,0.7710381617627783,0.3838848160563665,1.035995006567041,0.23758865248226946,0.4505025484585081,18,195,0.09230769230769231
SC391_cnv_18_R56C71yesS_SC391_36_W_C2,11.652275,4.087621,3,0.9197582958486061,118.14744801512288,0.9287990108662053,0.4516813118935809,2.1115086915133308,0.33149171270718236,0.4898513289262438,32,205,0.15609756097560976
SC391_cnv_18_R56C9yesS_SC391_36_W_C2,9.080042,8.6646385,3,0.8408044064029614,138.83104262113008,0.8320553670143056,0.5353876488934273,2.035661961765877,0.2789115646258504,0.4439082604738102,15,191,0.07853403141361257
SC391_cnv_18_R57C0yesS_SC391_36_W_C1,10.226472,8.258781,3,0.8782571358242217,133.48334318567532,0.8770631711889033,0.43291993722809025,1.7493512874386306,0.24561403508771928,0.38955087294890567,29,298,0.09731543624161074
SC391_cnv_18_R57C25yesS_SC391_36_W_C1,10.220156,4.3803816,3,0.821530566157708,106.29251700680271,0.8498437868141706,0.34333906429798844,0.9919954886983209,0.2142857142857143,0.3293950912464412,25,263,0.09505703422053231
SC391_cnv_18_R57C26yesS_SC391_36_W_C1,11.117174,5.518295,3,0.8366211482455721,123.4567901234568,0.8275392346281608,0.4502849058862848,1.7297591646360566,0.2849162011173184,0.4348431540575762,29,233,0.12446351931330472
SC391_cnv_18_R57C32yesS_SC391_36_W_C2,9.875452,7.5743546,3,0.6282332544706107,0.0,0.0,0.42555087221654575,1.2848859800532373,0.3058823529411765,0.3545626732362043,10,103,0.0970873786407767
SC391_cnv_18_R57C38yesS_SC391_36_W_C1,-0.85545754,6.3223267,0,0.636168125947013,46.277014207043365,0.6446280070396961,0.1540887203314762,1.0430723848324248,0.17000000000000004,0.3335291009335517,0,153,0.0
SC391_cnv_18_R57C41yesS_SC391_36_W_C1,10.146253,7.9816313,3,0.8298680911856268,97.9591836734694,0.8211748137472877,0.41690641927346006,1.0473645859452487,0.22413793103448265,0.3761232492647382,33,243,0.13580246913580246
SC391_cnv_18_R57C42yesS_SC391_36_W_C1,11.773513,5.5813904,3,0.7452408299925074,100.5985614405714,0.7067640081888098,0.42853549157947074,0.9760065430462204,0.23943661971830976,0.4640050753187987,22,216,0.10185185185185185
SC391_cnv_18_R57C46yesS_SC391_36_W_C2,10.849947,5.789711,3,0.8280839519902438,107.38543316599103,0.8322867192592058,0.4924146679969816,2.2073825384379244,0.30729166666666674,0.4387241469470071,32,269,0.11895910780669144
SC391_cnv_18_R57C54yesS_SC391_36_W_C1,10.628946,5.452268,3,0.768487555407505,78.31466833737959,0.7705431672441021,0.41737415301417324,1.2096151569927558,0.28695652173913033,0.4287407806457178,7,158,0.04430379746835443
SC391_cnv_18_R57C55yesS_SC391_36_W_C1,9.959296,7.8751516,3,0.8494659593524944,134.3724805159903,0.8446864399765899,0.4616536514775677,1.4444041435362625,0.3225806451612903,0.4616524291372819,15,161,0.09316770186335403
SC391_cnv_18_R57C58yesS_SC391_36_W_C1,10.744168,4.1664104,3,0.7283468227588314,73.67975096244174,0.6341116895795,0.6070743000546269,1.1548208071586399,0.43333333333333335,0.49894970525524,18,188,0.09574468085106383
SC391_cnv_18_R57C6yesS_SC391_36_W_C1,11.346886,4.729188,3,0.7827279617828198,86.56509695290859,0.7783909178605585,0.48544381792996416,1.4377431844611328,0.3571428571428572,0.47309793031063757,23,176,0.13068181818181818
SC391_cnv_18_R57C71yesS_SC391_36_W_C2,9.962216,7.9466033,3,0.897575099132524,155.749377002492,0.9066639360806276,0.3900472180332286,1.1752983502647623,0.21904761904761916,0.48799559482801735,29,319,0.09090909090909091
SC391_cnv_18_R57C8yesS_SC391_36_W_C1,9.891916,8.075889,3,0.80243257373612,110.20741034627169,0.7877917842018857,0.37387487198778857,1.1557271040578958,0.1839622641509434,0.42540830261964024,31,293,0.10580204778156997
SC391_cnv_18_R57C9yesS_SC391_36_W_C2,9.8699045,6.6884823,3,0.8594939108737636,139.9736849472299,0.8401919426894993,0.6752964300816289,1.6099842781608937,0.3421052631578947,0.5202219343725669,24,248,0.0967741935483871
SC391_cnv_18_R58C0yesS_SC391_36_W_C1,10.223039,7.513432,3,0.8430124605404893,123.4567901234568,0.8224484825402706,0.48582259360985813,1.2977537250845042,0.27777777777777773,0.4995167570008709,22,235,0.09361702127659574
SC391_cnv_18_R58C11yesS_SC391_36_W_C2,11.290438,4.7093153,3,0.8590357575693168,128.15583749839806,0.8732058733736454,0.5167405878053629,2.03809006911011,0.3993610223642172,0.4773918620656522,24,223,0.10762331838565023
SC391_cnv_18_R58C13yesS_SC391_36_W_C2,11.150058,6.990602,3,0.8874793731291031,141.7233560090703,0.882806737074404,0.5782162569599563,1.7314419030334454,0.375,0.4763853825440347,29,233,0.12446351931330472
SC391_cnv_18_R58C14yesS_SC391_36_W_C2,9.504806,8.3462515,3,0.9364403046952359,154.3150341422013,0.9517788733818602,0.5259293104146023,2.295461732587415,0.40251572327044016,0.4782182227083897,23,200,0.115
SC391_cnv_18_R58C1yesS_SC391_36_W_C1,10.5689535,5.181384,3,0.9173843331736373,126.49687974363297,0.9448916654492682,0.5528594585803908,1.7688067738961046,0.3774834437086093,0.44758000476172183,21,233,0.09012875536480687
SC391_cnv_18_R58C26yesS_SC391_36_W_C1,10.603027,5.4310126,3,0.9394122527783002,165.14731140177037,0.9595506472944682,0.48683283168742214,1.834834468234285,0.4161849710982659,0.25910262471725876,33,215,0.15348837209302327
SC391_cnv_18_R58C31yesS_SC391_36_W_C2,10.3842,5.4880495,3,0.7621357511983158,126.98211139505723,0.7690285312907311,0.5453253031631402,1.4487395784660375,0.3203125,0.41164391111293225,16,191,0.08376963350785341
SC391_cnv_18_R58C33yesS_SC391_36_W_C2,9.845539,6.859692,3,0.7458800992577126,56.532308214144386,0.7252114968735879,0.4269543997071334,1.3113518589797064,0.25373134328358216,0.4570636766370026,13,178,0.07303370786516854
SC391_cnv_18_R58C36yesS_SC391_36_W_C1,10.183756,4.480019,3,0.8479466726818152,128.83609472029684,0.8443835864717382,0.48093060097991086,2.025204374471496,0.3535353535353535,0.4221327549953278,32,263,0.12167300380228137
SC391_cnv_18_R58C38yesS_SC391_36_W_C1,10.0152235,7.3504887,3,0.6194404143235099,123.4567901234568,0.5466487236438893,0.37762010151159364,1.1099464873633567,0.23913043478260865,0.24793615723484977,8,117,0.06837606837606838
SC391_cnv_18_R58C3yesS_SC391_36_W_C1,10.890513,4.234023,3,0.741726921509094,88.999644001424,0.7094268658966593,0.6145223361142783,1.3219592042426571,0.3831775700934579,0.488978025177226,19,164,0.11585365853658537
SC391_cnv_18_R58C41yesS_SC391_36_W_C1,-0.43330458,5.7474527,0,0.7232491315118714,92.45562130177514,0.8057337723395277,0.18651152800355414,1.30441427416272,0.19999999999999996,0.40005250491183636,0,146,0.0
SC391_cnv_18_R58C44yesS_SC391_36_W_C1,9.859244,8.024118,3,1.056081016489359,0.0,0.0,0.514286956984439,1.4135994877620963,0.36111111111111116,0.48108793076357054,16,147,0.10884353741496598
SC391_cnv_18_R58C45yesS_SC391_36_W_C2,11.385805,4.275284,3,0.9238275617218671,89.84524157139327,0.8786690058820912,0.4602009852665436,1.6182784415538056,0.32407407407407407,0.45156851736752246,19,165,0.11515151515151516
SC391_cnv_18_R58C5yesS_SC391_36_W_C1,9.802225,8.396123,3,0.8186364120516281,106.55868719697372,0.79488189411122,0.4663330667372592,1.7634768906879392,0.34782608695652173,0.41034690334852864,19,194,0.0979381443298969
SC391_cnv_18_R58C60yesS_SC391_36_W_C1,9.67244,7.824074,3,0.8107683825104052,100.0,0.8322879550399512,0.37916782509731844,1.4589716589339576,0.2288557213930349,0.46109924947064623,24,250,0.096
SC391_cnv_18_R58C62yesS_SC391_36_W_C1,11.543987,4.8613033,3,0.7620857892769815,87.71545107670717,0.7518759737874683,0.3810529376388538,1.2055944139234982,0.24836601307189543,0.46364131985631546,17,200,0.085
SC391_cnv_18_R58C64yesS_SC391_36_W_C2,9.848091,7.3239837,3,0.7889884115488442,81.13919428780072,0.8256010620109354,0.3245385581583827,0.8362576866571486,0.2215189873417721,0.3733125657787717,35,240,0.14583333333333334
SC391_cnv_18_R58C68yesS_SC391_36_W_C2,10.296958,4.297839,3,0.7474701279948183,100.5985614405714,0.6939640955093597,0.396208319789907,0.8432620375499832,0.204225352112676,0.3411232860999837,29,225,0.1288888888888889
SC391_cnv_18_R59C12yesS_SC391_36_W_C2,8.599383,7.1028266,2,0.9265075629832281,151.22873345935727,0.7474567201662059,0.9471292504072335,1.5481330273531708,0.8037383177570094,0.5102876042950296,14,172,0.08139534883720931
SC391_cnv_18_R59C13yesS_SC391_36_W_C2,-0.71660686,6.7961264,0,0.7795180329350923,128.15583749839806,0.8006681236008164,0.2822741273485001,1.80313385728966,0.261437908496732,0.38976981879339045,0,169,0.0
SC391_cnv_18_R59C15yesS_SC391_36_W_C2,10.631765,6.834734,3,0.7454014000701923,141.7233560090703,0.630632313566702,0.5107147722986443,1.424659961558805,0.3908045977011494,0.51131894384807,14,133,0.10526315789473684
SC391_cnv_18_R59C25yesS_SC391_36_W_C1,10.080454,8.309373,3,0.8362114770096012,115.73627560665098,0.8388992219435021,0.5298662613352337,1.863918686961635,0.36708860759493667,0.4018841433515561,23,223,0.1031390134529148
SC391_cnv_18_R59C26yesS_SC391_36_W_C1,11.019221,5.72699,3,0.7863318159664513,99.18666931164451,0.7924258793359801,0.5157150313631971,1.3627698848246084,0.2827586206896552,0.4704426411659226,20,184,0.10869565217391304
SC391_cnv_18_R59C2yesS_SC391_36_W_C1,11.548358,5.1159906,3,0.7859353293964916,61.03515625,0.7619967240236841,0.44531449407228885,1.1413509190191051,0.2790697674418605,0.4587435280885401,12,190,0.06315789473684211
SC391_cnv_18_R59C33yesS_SC391_36_W_C2,10.576459,4.833796,3,0.7663861202258917,138.4083044982699,0.7017408916106791,0.5239132818664283,1.309537576298709,0.33333333333333337,0.49857963512690906,15,125,0.12
SC391_cnv_18_R59C35yesS_SC391_36_W_C2,9.572002,7.249205,3,0.8020035485235941,109.64431384588396,0.7520305687630918,0.480448181784609,1.8170969872363494,0.3571428571428572,0.4933873582644363,21,176,0.11931818181818182
SC391_cnv_18_R59C38yesS_SC391_36_W_C1,10.084558,7.8421993,3,0.7294917537113722,65.03642039542144,0.7363998697008178,0.418408882403626,1.2589312178851113,0.23809523809523814,0.4800216949869274,25,173,0.14450867052023122
SC391_cnv_18_R59C41yesS_SC391_36_W_C1,10.119565,6.922653,3,0.8457039984650455,84.33125316242199,0.799084029666224,0.548841576030901,1.1551267837835728,0.3012820512820513,0.4865647676918455,30,235,0.1276595744680851
SC391_cnv_18_R59C44yesS_SC391_36_W_C1,11.225903,5.408794,3,0.8008048198764006,99.18666931164451,0.8044300645813188,0.5988659449638379,1.7660950602276437,0.3402777777777777,0.47199245252406413,14,186,0.07526881720430108
SC391_cnv_18_R59C46yesS_SC391_36_W_C2,10.426491,5.405543,3,0.83681803536779,107.5692925526193,0.8451131387805954,0.6638088009883434,1.6724665707553596,0.46341463414634143,0.46985149593621656,21,241,0.08713692946058091
SC391_cnv_18_R59C4yesS_SC391_36_W_C1,10.145137,5.31397,3,0.8507044925410222,141.23296377374479,0.8401781809557618,0.6348259868941475,1.6617529960653088,0.43801652892561993,0.5177697661194715,11,148,0.07432432432432433
SC391_cnv_18_R59C58yesS_SC391_36_W_C1,11.408618,4.841431,3,0.8147282788293637,107.5692925526193,0.8303258240049687,0.40103631341118634,1.2402419190735066,0.24848484848484853,0.442406217367609,25,221,0.11312217194570136
SC391_cnv_18_R59C5yesS_SC391_36_W_C1,10.741027,5.3158507,3,0.8143146995254124,135.48070246744228,0.8163288629804248,0.521202673747077,1.8511006074502832,0.41129032258064524,0.4827631029174061,12,134,0.08955223880597014
SC391_cnv_18_R60C12yesS_SC391_36_W_C2,8.70576,7.220049,2,0.733690193872538,104.12328196584757,0.5658312791752933,0.598790135829706,1.2012076383176775,0.51,0.507221802323202,21,123,0.17073170731707318
SC391_cnv_18_R60C13yesS_SC391_36_W_C2,10.375929,5.166822,3,0.7631098460589245,57.3921028466483,0.7415745473865009,0.5207564010237349,1.462534251577067,0.30597014925373134,0.41810035578001675,13,176,0.07386363636363637
SC391_cnv_18_R60C15yesS_SC391_36_W_C2,9.853555,8.707906,3,0.6984929095260424,126.24668602449185,0.7134654456109862,0.3842977602328545,1.377912179824477,0.30000000000000004,0.37478189421781455,12,104,0.11538461538461539
SC391_cnv_18_R60C17yesS_SC391_36_W_C2,10.935145,7.483049,3,0.8754112487039204,162.19723183391002,0.8583565092380486,0.6065654362129957,1.5887420253027114,0.4130434782608695,0.5194738616248006,19,186,0.10215053763440861
SC391_cnv_18_R60C20yesS_SC391_36_W_C1,11.493975,5.0731254,3,0.7324540367697722,59.171597633136095,0.7260618968173631,0.4421113311077738,1.4380374967333736,0.2803030303030303,0.40439692279975675,17,179,0.09497206703910614
SC391_cnv_18_R60C30yesS_SC391_36_W_C2,10.506214,4.5091553,3,0.798077225905882,138.88888888888889,0.798493172874165,0.6163967042381714,1.5460514760436692,0.4390243902439024,0.5364537461751697,21,169,0.1242603550295858
SC391_cnv_18_R60C33yesS_SC391_36_W_C2,10.858074,5.2749367,3,0.6119060909676194,0.0,0.0,0.5034781922748189,1.2222734476972144,0.3600000000000001,0.4542291912763128,13,121,0.10743801652892562
SC391_cnv_18_R60C34yesS_SC391_36_W_C2,10.535924,5.839705,3,0.9065978198152117,146.92378328741967,0.9168763638553104,0.4601089768536113,1.746290629791794,0.36969696969696964,0.4222899614105915,22,203,0.10837438423645321
SC391_cnv_18_R60C36yesS_SC391_36_W_C1,10.001827,8.297195,3,0.7777288020300387,116.54332498106172,0.7477809600011965,0.3547527169096747,1.5303475695685853,0.26315789473684215,0.3978399550048829,19,169,0.11242603550295859
SC391_cnv_18_R60C37yesS_SC391_36_W_C1,10.994272,5.5957336,3,0.8695560734833441,132.19644391565865,0.8294652603359667,0.5348196333298192,1.948368745889943,0.3999999999999999,0.49976446114854767,17,156,0.10897435897435898
SC391_cnv_18_R60C39yesS_SC391_36_W_C1,10.915709,3.872158,3,0.7168544261929103,104.12328196584757,0.6671899146939999,0.4896353907615367,0.7623419096611403,0.21212121212121215,0.3243901620485469,24,163,0.147239263803681
SC391_cnv_18_R60C40yesS_SC391_36_W_C1,11.147715,5.0929136,3,0.7838451647583354,108.13148788927336,0.7712228477339385,0.4179055182979923,1.4612536428578589,0.28985507246376807,0.48403238456652936,22,197,0.1116751269035533
SC391_cnv_18_R60C49yesS_SC391_36_W_C2,11.322315,5.011511,3,0.5882773718153649,0.0,0.0,0.3761120408017192,0.7732081716092736,0.22222222222222232,0.3512285492286176,9,112,0.08035714285714286
SC391_cnv_18_R60C4yesS_SC391_36_W_C1,11.653328,5.172781,3,0.7453080979915121,124.00024800049601,0.7447145763061579,0.4475384167503185,1.1726684006933472,0.28682170542635665,0.46806036370284615,21,175,0.12
SC391_cnv_18_R60C50yesS_SC391_36_W_C2,11.126384,4.3171573,3,0.7585309771952008,113.06461642828877,0.7628080361733547,0.4747099809617042,1.508330766641524,0.2592592592592593,0.4515587328676856,23,183,0.12568306010928962
SC391_cnv_18_R60C55yesS_SC391_36_W_C1,10.689801,4.3825183,3,0.5946128090060413,110.80332409972299,0.4291611244895612,0.377684632240228,1.0393470648353456,0.2989690721649485,0.4725847904624116,16,118,0.13559322033898305
SC391_cnv_18_R60C58yesS_SC391_36_W_C1,10.961441,5.901886,3,0.7880789455102513,138.88888888888889,0.6184319801958289,0.8813029948261407,0.9355019201520886,0.7723577235772358,0.5179642079009852,17,174,0.09770114942528736
SC391_cnv_18_R60C5yesS_SC391_36_W_C1,10.394443,5.4944963,3,0.9135230012251923,159.43877551020407,0.9003618734441746,0.6620833786493896,1.3951593401578748,0.36283185840707965,0.5372946476020556,15,169,0.08875739644970414
SC391_cnv_18_R60C7yesS_SC391_36_W_C1,10.239805,4.47868,3,0.7456491926588719,58.27166249053086,0.7438332398953519,0.3975046452869213,1.3013491548721938,0.32330827067669177,0.5264119033345591,28,185,0.15135135135135136
SC391_cnv_18_R60C8yesS_SC391_36_W_C1,11.538551,5.4452877,3,0.8001464786603979,140.739350722462,0.7667394557990039,0.7100178035512237,1.8383407679051396,0.3851351351351351,0.4312881234891463,24,210,0.11428571428571428
SC391_cnv_18_R61C16yesS_SC391_36_W_C2,8.156916,10.5625,3,0.5350262835332976,0.0,0.0,0.47231291566121025,1.3051809731362471,0.3880597014925373,0.43553725001761856,16,111,0.14414414414414414
SC391_cnv_18_R61C1yesS_SC391_36_W_C1,10.48672,4.239856,3,0.7616328479699319,177.7777777777778,0.6416940723510067,0.4803778226199129,1.2208865429343034,0.3421052631578947,0.45142294508961633,13,130,0.1
SC391_cnv_18_R61C20yesS_SC391_36_W_C1,10.498495,4.497503,3,0.705910211060842,0.0,0.0,0.41599044117400574,0.994657453618977,0.3076923076923077,0.4552206746437124,7,90,0.07777777777777778
SC391_cnv_18_R61C2yesS_SC391_36_W_C1,9.269599,7.3517065,3,0.606584267567737,0.0,0.0,0.5294549043264465,1.1484809042336654,0.3561643835616438,0.45443705508623133,7,121,0.05785123966942149
SC391_cnv_18_R61C39yesS_SC391_36_W_C1,11.320108,5.471146,3,0.016031608652918194,0.0,0.0,0.40163228943667095,1.2856486930664497,0.303030303030303,0.4028836531211431,6,83,0.07228915662650602
SC391_cnv_18_R61C43yesS_SC391_36_W_C1,10.275315,4.622597,3,0.7059884576187095,0.0,0.0,0.4692212441192444,1.2773541853692474,0.4193548387096774,0.38253830053336363,8,74,0.10810810810810811
SC391_cnv_18_R61C45yesS_SC391_36_W_C2,9.811896,8.199832,3,0.5978466987755487,0.0,0.0,0.40594195627357893,1.110972635071885,0.30645161290322576,0.46121484379437655,7,70,0.1
SC391_cnv_18_R61C46yesS_SC391_36_W_C2,11.022749,4.7957406,3,0.608960193033859,0.0,0.0,0.3610378932574753,1.337837836096942,0.32432432432432434,0.42419804819586376,13,87,0.14942528735632185
SC391_cnv_18_R61C4yesS_SC391_36_W_C1,10.364319,7.680851,3,0.6148319485186641,0.0,0.0,0.49238190018734973,1.1441619546940807,0.38983050847457623,0.4564397079215849,9,85,0.10588235294117647
SC391_cnv_18_R61C54yesS_SC391_36_W_C1,10.137315,7.642204,3,0.5582974788651293,0.0,0.0,0.4650875552196896,1.092645930022174,0.31746031746031744,0.43619912744650463,3,74,0.04054054054054054
SC391_cnv_18_R61C61yesS_SC391_36_W_C1,10.560051,4.3803964,3,0.7957270209760208,92.45562130177514,0.7924103670087755,0.4153831694280271,1.2183723312703987,0.2571428571428571,0.40281880625310057,15,130,0.11538461538461539
SC391_cnv_18_R61C63yesS_SC391_36_W_C2,11.559642,4.6064796,3,0.6156710144277393,0.0,0.0,0.4613213630873411,0.7751536252552285,0.2191780821917808,0.32795552934293837,11,109,0.10091743119266056
SC391_cnv_18_R61C67yesS_SC391_36_W_C2,10.65327,5.0714064,3,0.6961712197378496,120.75836251660427,0.7002690460285066,0.38650395591805425,0.9302143872331479,0.25,0.4519529451162199,10,126,0.07936507936507936
SC391_cnv_18_R61C68yesS_SC391_36_W_C2,11.298271,5.367567,3,0.8521581781599717,138.4083044982699,0.8115171553428213,0.51028549136511,1.1124571199373479,0.33720930232558133,0.3599936011375997,10,90,0.1111111111111111
SC391_cnv_18_R61C71yesS_SC391_36_W_C2,11.631919,4.9872346,3,0.6395855433250568,0.0,0.0,0.3155399467662167,0.8421052631578947,0.21052631578947367,0.39066396320074953,16,89,0.1797752808988764
SC391_cnv_18_R62C16yesS_SC391_36_W_C2,10.977999,4.781759,3,0.9180881817657235,154.320987654321,0.9153616908833567,0.5922064737412012,2.0409448506229566,0.4382022471910112,0.5485506620783587,30,204,0.14705882352941177
SC391_cnv_18_R62C24yesS_SC391_36_W_C1,10.729239,4.1071224,3,0.8066372516955231,69.44444444444444,0.7893058946020123,0.6528884203761753,1.5068969006001867,0.39837398373983735,0.5067569285697395,21,164,0.12804878048780488
SC391_cnv_18_R62C44yesS_SC391_36_W_C1,10.416105,5.426542,3,0.8254896798371876,108.1665765278529,0.8124947556002571,0.4648926075431671,1.6012629320867993,0.2962962962962963,0.4541509649537901,32,297,0.10774410774410774
SC391_cnv_18_R62C55yesS_SC391_36_W_C1,11.233329,4.988409,3,0.7071579787389202,0.0,0.0,0.3872312375548162,0.8353668858411789,0.24444444444444446,0.3825907833755647,15,146,0.10273972602739725
SC391_cnv_18_R62C59yesS_SC391_36_W_C1,11.152341,4.2626266,3,0.8280020259793386,56.532308214144386,0.8182918102963511,0.36631634363505083,1.1053029723045769,0.22962962962962963,0.44945682084172384,14,179,0.0782122905027933
SC391_cnv_18_R62C64yesS_SC391_36_W_C2,7.160993,10.614748,3,0.9389912742823935,157.22917274993824,0.9410412639936394,0.6245149597496745,2.551544237372184,0.3653846153846154,0.47777763831005804,31,258,0.12015503875968993
SC391_cnv_18_R62C69yesS_SC391_36_W_C2,9.854176,10.521739,3,0.7734867088968277,65.50790462049088,0.7240037151758322,0.4666408970615819,0.9966737350004351,0.38139534883720927,0.4751616412101272,24,228,0.10526315789473684
SC391_cnv_18_R62C6yesS_SC391_36_W_C1,10.46552,5.4532404,3,0.7961984416936584,96.4506172839506,0.7665663700202681,0.6881109978635268,1.5198948021638188,0.4054054054054054,0.5012706508762974,25,196,0.12755102040816327
SC391_cnv_18_R62C70yesS_SC391_36_W_C2,10.738769,4.606146,3,0.7635749114849831,114.7842056932966,0.7231832987563006,0.4247320039443405,0.9246897651314925,0.21052631578947367,0.39847018012795554,21,189,0.1111111111111111
SC391_cnv_18_R63C18yesS_SC391_36_W_D1,11.071392,5.5708323,3,0.66629927763768,0.0,0.0,0.6405010316102764,1.5174518224090772,0.42647058823529416,0.4183199092297782,5,101,0.04950495049504951
SC391_cnv_18_R63C20yesS_SC391_36_W_D1,11.004525,5.7394543,3,0.8412603233565006,76.94675284702986,0.8701739646133925,0.5142169134629723,1.8619492260166806,0.3448275862068966,0.4622376872087319,19,173,0.10982658959537572
SC391_cnv_18_R63C35yesS_SC391_36_W_D2,-0.36145413,6.2690206,0,0.8578518159776946,76.94675284702986,0.9291219870984913,0.2154239088191503,1.55883965285737,0.22173913043478266,0.18844531019427155,1,149,0.006711409395973154
SC391_cnv_18_R63C40yesS_SC391_36_W_D1,11.134988,4.3640685,3,0.9052383635810147,79.71938775510203,0.8920234220859246,0.6300172831954853,1.9994154182912922,0.41025641025641024,0.3901870776634477,16,197,0.08121827411167512
SC391_cnv_18_R63C47yesS_SC391_36_W_D2,10.561959,5.063455,3,0.8224825009853723,89.58165367732688,0.826170728268736,0.4758089294404636,1.4427748740430903,0.2802197802197802,0.5039995191989809,19,258,0.07364341085271318
SC391_cnv_18_R63C48yesS_SC391_36_W_D2,10.733054,4.1785483,3,0.820031638669686,82.23458786765714,0.8238342389622293,0.5006445149953626,1.5376071013791934,0.30000000000000004,0.4649654088620272,22,265,0.0830188679245283
SC391_cnv_18_R63C50yesS_SC391_36_W_D2,10.496613,5.3739557,3,0.790419577277142,79.11079466793244,0.775989284916469,0.5055118669828855,1.9139640018041706,0.2919254658385093,0.36017100966399995,25,234,0.10683760683760683
SC391_cnv_18_R63C52yesS_SC391_36_W_D2,11.234827,4.2683363,3,0.005291893989362354,0.0,0.0,0.4480190988796698,0.9169293974673056,0.2702702702702702,0.4066593028812477,7,112,0.0625
SC391_cnv_18_R63C54yesS_SC391_36_W_D1,10.725929,5.504894,3,0.929377118512123,76.94675284702986,0.8951658869358821,0.5960930805966796,1.5517683036921022,0.4017094017094017,0.5452871246481135,11,145,0.07586206896551724
SC391_cnv_18_R63C6yesS_SC391_36_W_D1,11.083711,5.5089006,3,0.8921939338827228,123.2741617357002,0.8891301096927313,0.5744981121139728,1.7335521087154067,0.3419354838709677,0.4832862041491781,19,196,0.09693877551020408
SC391_cnv_18_R64C0yesS_SC391_36_W_D1,10.310284,5.274006,3,0.9238795023787666,157.79092702169623,0.9093563139214421,0.7040073932122386,2.081838006671568,0.4833759590792839,0.5714598964379595,25,260,0.09615384615384616
SC391_cnv_18_R64C17yesS_SC391_36_W_D2,11.22766,10.408092,3,0.9139933716842996,135.84583438452134,0.9162393171748723,0.4632632419354882,1.093842418010587,0.36819172113289755,0.4610869291139009,31,248,0.125
SC391_cnv_18_R64C25yesS_SC391_36_W_D1,11.636982,5.0572414,3,0.8612821408443482,90.08603216071349,0.8555501722754363,0.43331077490071823,1.3783110096851567,0.2582781456953642,0.45911951061900597,20,187,0.10695187165775401
SC391_cnv_18_R64C27yesS_SC391_36_W_D2,10.370298,4.1769876,3,0.7300523555803905,53.27934359848686,0.725544633796869,0.3853256063098245,0.8811474413962401,0.21299638989169667,0.3540759056793637,30,223,0.13452914798206278
SC391_cnv_18_R64C28yesS_SC391_36_W_D2,10.854402,3.8497922,3,0.6153488303760611,96.11687812379854,0.5390246628673265,0.500414505667925,0.8300477636502785,0.21153846153846156,0.3196122752576555,24,189,0.12698412698412698
SC391_cnv_18_R64C29yesS_SC391_36_W_D2,11.487425,4.183985,3,0.8284214766850305,51.75715542673775,0.8300892315169074,0.45752841749339734,1.3289535585614543,0.2676056338028169,0.3812217806834532,19,215,0.08837209302325581
SC391_cnv_18_R64C30yesS_SC391_36_W_D2,10.626651,4.7100935,3,0.6392176980778086,94.25959091337543,0.5686473832352292,0.4112446665876333,0.8622531087604338,0.24038461538461542,0.39602008985221376,26,181,0.143646408839779
SC391_cnv_18_R64C34yesS_SC391_36_W_D2,9.691532,8.300138,3,0.9331830492160379,145.59926229707102,0.9297784679272453,0.37682541938257863,1.1927419516850242,0.21182266009852224,0.448782372077676,23,258,0.08914728682170543
SC391_cnv_18_R64C36yesS_SC391_36_W_D1,9.968778,7.6466045,3,0.9207639639043119,130.05350772889417,0.9224015859023612,0.3912653749393154,1.290940185382617,0.18438177874186557,0.47627703797923604,39,302,0.1291390728476821
SC391_cnv_18_R64C40yesS_SC391_36_W_D1,11.639162,4.190421,3,0.8921972878793977,97.06617486471401,0.8867505629745221,0.515361759249303,2.191113310178741,0.303921568627451,0.45472627803954513,26,255,0.10196078431372549
SC391_cnv_18_R64C41yesS_SC391_36_W_D1,11.720001,5.4176345,3,0.7465236354498951,78.125,0.7437942540714474,0.43077788309142817,0.9399102477269163,0.17391304347826086,0.4089498122840357,26,251,0.10358565737051793
SC391_cnv_18_R64C43yesS_SC391_36_W_D1,11.656471,5.327076,3,0.7545692428382571,97.80429360848942,0.693365045809262,0.41481794503250324,0.8523422039748226,0.17361111111111116,0.3843915649733351,19,252,0.07539682539682539
SC391_cnv_18_R64C44yesS_SC391_36_W_D1,-0.80340743,6.1263156,0,0.6643373664483071,39.55539733396622,0.5630687778941155,0.036299017702034864,0.7625380913825245,0.0691823899371069,0.18124255330635514,0,188,0.0
SC391_cnv_18_R64C46yesS_SC391_36_W_D2,-0.670466,6.230172,0,0.7471060996945614,81.16224332440548,0.7496568978930777,0.075072388385283,0.9436856178285475,0.07657657657657668,0.3053729530968005,2,260,0.007692307692307693
SC391_cnv_18_R64C53yesS_SC391_36_W_D2,9.872874,8.397295,3,0.9052531516541037,89.84524157139327,0.9067487986566548,0.405961952081746,1.673146382667109,0.2857142857142858,0.4028784452999003,18,253,0.07114624505928854
SC391_cnv_18_R64C5yesS_SC391_36_W_D1,11.428578,4.8738875,3,1.0147377465778282,0.0,0.0,0.6936740542026241,1.5915674872043732,0.543859649122807,0.43849803990356384,9,95,0.09473684210526316
SC391_cnv_18_R64C64yesS_SC391_36_W_D2,9.264069,7.1863027,3,0.8497404326743927,94.68501451836889,0.8540819958289885,0.36150015641651295,1.3510139796612048,0.24858757062146886,0.37364106255619467,26,253,0.10276679841897234
SC391_cnv_18_R64C65yesS_SC391_36_W_D2,11.4218645,5.0670543,3,0.8125224561140832,83.10249307479225,0.8200417086538698,0.3833877815230428,1.0245801724283568,0.24210526315789482,0.44566429767403193,28,246,0.11382113821138211
SC391_cnv_18_R64C66yesS_SC391_36_W_D2,10.242806,4.3183784,3,0.8560234918056332,100.23722810651876,0.8700656236429687,0.37809913189194794,0.9713043106071393,0.2325581395348837,0.46404177484447123,14,243,0.05761316872427984
SC391_cnv_18_R64C67yesS_SC391_36_W_D2,10.49512,4.002646,3,0.8186930666901812,87.34387282732116,0.8106652398181049,0.45242769376321695,1.178362284156331,0.26168224299065423,0.4308889120263192,30,312,0.09615384615384616
SC391_cnv_18_R64C8yesS_SC391_36_W_D1,11.254115,4.950167,3,0.8179418229944397,86.71522719389525,0.8444483664254581,0.5018500302763685,1.4722491900379062,0.33333333333333337,0.5138554280604538,30,259,0.11583011583011583
SC391_cnv_18_R64C9yesS_SC391_36_W_D2,11.325543,5.4094896,3,0.8323614643746763,89.58165367732688,0.8054307090838778,0.4719580283545569,1.1438984121334783,0.27071823204419887,0.5021690105111207,34,245,0.13877551020408163
SC391_cnv_18_R65C13yesS_SC391_36_W_D2,10.651577,4.0505147,3,0.8774981055711918,120.1730491908348,0.8586106019574788,0.3986305242862017,0.8509413044362022,0.2075471698113207,0.3856112909460448,27,216,0.125
SC391_cnv_18_R65C17yesS_SC391_36_W_D2,10.656978,4.4528294,3,0.7410357273020528,105.01995379122033,0.7095591179964458,0.415861827193052,1.0835755901190145,0.2517985611510791,0.464239000333736,21,208,0.10096153846153846
SC391_cnv_18_R65C26yesS_SC391_36_W_D1,10.747161,3.864291,3,0.6053064559713173,0.0,0.0,0.4379360425339034,0.8161831802105759,0.2251308900523561,0.3307858317833677,17,167,0.10179640718562874
SC391_cnv_18_R65C29yesS_SC391_36_W_D2,11.19427,5.1999173,3,0.7541754596500135,109.73936899862825,0.7110982124848326,0.4080808632159959,0.9484565398938116,0.22058823529411775,0.413661183261927,24,171,0.14035087719298245
SC391_cnv_18_R65C31yesS_SC391_36_W_D2,11.594868,5.0627604,3,0.8846401804734837,131.57317661506076,0.888515661961644,0.4499099064215031,1.1297942943848887,0.2516556291390728,0.5096721831425035,20,218,0.09174311926605505
SC391_cnv_18_R65C37yesS_SC391_36_W_D1,9.864299,8.098998,3,0.6762643822017255,81.16224332440548,0.7859341066419979,0.3424722869373963,0.913706866175582,0.1785714285714286,0.34993183653736915,13,182,0.07142857142857142
SC391_cnv_18_R65C38yesS_SC391_36_W_D1,9.8808565,8.11509,3,0.679250275635316,92.45562130177514,0.7081760388189698,0.3628944097752601,1.0553930948568881,0.22115384615384615,0.3683924888391506,24,158,0.1518987341772152
SC391_cnv_18_R65C40yesS_SC391_36_W_D1,9.858715,7.457847,3,0.7098376915872273,64.0,0.7462487351609111,0.3545489833051554,0.9467983071632813,0.2362204724409449,0.2988386612404146,21,217,0.0967741935483871
SC391_cnv_18_R65C44yesS_SC391_36_W_D1,-0.8446167,6.240488,0,0.5506875224206003,61.03515625,0.6247430150454297,0.07048252656498755,0.9366702305112061,0.10852713178294571,0.2577985994220828,2,181,0.011049723756906077
SC391_cnv_18_R65C47yesS_SC391_36_W_D2,10.698479,5.5269747,3,0.9677986844050939,87.71545107670717,0.9850721718320484,0.5108834740603108,1.3454389009986762,0.3355263157894737,0.4506063011117396,27,191,0.14136125654450263
SC391_cnv_18_R65C4yesS_SC391_36_W_D1,11.441016,5.4878483,3,0.6949082829251185,94.25959091337543,0.7538220350781962,0.41133589529976156,0.9774629429893511,0.23076923076923073,0.3856067569000778,16,126,0.12698412698412698
SC391_cnv_18_R65C53yesS_SC391_36_W_D2,9.600718,7.8488574,3,0.7971008403792628,68.39711364180431,0.8023741030099427,0.4012272057065684,0.9273011627183093,0.14619883040935666,0.31579402706140225,21,235,0.08936170212765958
SC391_cnv_18_R65C6yesS_SC391_36_W_D1,11.795528,5.5434465,3,0.7273803073644611,70.61648188687239,0.7298600658126206,0.4078651316581222,0.8878418101181672,0.21666666666666667,0.38105770130353034,15,169,0.08875739644970414
SC391_cnv_18_R65C9yesS_SC391_36_W_D2,9.536206,7.524143,3,0.8872858816233098,129.8476454293629,0.8953231185321858,0.3180354129189441,0.9232415154432244,0.20529801324503305,0.38080965404985906,20,197,0.10152284263959391
SC391_cnv_18_R66C11yesS_SC391_36_W_D2,10.154997,4.5353556,3,0.7545991374985553,88.8888888888889,0.7351213830406093,0.3674013250080804,1.1319461340942143,0.261437908496732,0.45891652636363794,21,196,0.10714285714285714
SC391_cnv_18_R66C15yesS_SC391_36_W_D2,11.239542,5.3441243,3,0.6770319799739849,108.50694444444444,0.6316633471662889,0.4128371056041532,0.9747959494209482,0.24489795918367352,0.44431246811235786,15,121,0.12396694214876033
SC391_cnv_18_R66C1yesS_SC391_36_W_D1,10.033891,8.24006,3,0.6067917682683769,115.62030292519366,0.5516017701682755,0.31208254097205823,0.7968418453374342,0.2021276595744681,0.2944086574046025,11,123,0.08943089430894309
SC391_cnv_18_R66C23yesS_SC391_36_W_D1,11.876276,5.0861244,3,0.7283772926632321,91.30752373995617,0.6773878072128882,0.4547086347977073,0.9357543655266242,0.21476510067114085,0.3744397151988043,26,260,0.1
SC391_cnv_18_R66C24yesS_SC391_36_W_D1,9.791772,7.27412,3,0.6771519038526177,78.31466833737959,0.7532323843764489,0.3549861762850237,0.8556270601631184,0.20869565217391306,0.297078897380979,16,187,0.0855614973262032
SC391_cnv_18_R66C29yesS_SC391_36_W_D2,10.068652,8.328397,3,0.816011363186328,80.1153661272232,0.8295241308735576,0.41271121906616687,1.159078046740289,0.2628205128205128,0.34402932269125225,20,226,0.08849557522123894
SC391_cnv_18_R66C2yesS_SC391_36_W_D1,11.631485,5.020365,3,0.729684522311411,97.80429360848942,0.6811743690118421,0.3939325224483367,0.8858454843945546,0.20833333333333326,0.3877823405286453,14,214,0.06542056074766354
SC391_cnv_18_R66C31yesS_SC391_36_W_D2,9.76408,7.2528048,3,0.5894941075466317,0.0,0.0,0.3674574906790186,0.9689013087399871,0.2696629213483146,0.40031940122217835,12,140,0.08571428571428572
SC391_cnv_18_R66C40yesS_SC391_36_W_D1,10.055307,4.6563444,3,0.868283021562246,111.24955500178,0.8964034172217771,0.2739644798722702,1.3200343249627038,0.2264150943396226,0.4276590533547859,21,277,0.07581227436823104
SC391_cnv_18_R66C42yesS_SC391_36_W_D1,11.014212,5.368126,3,0.9189084808037215,126.25199898998402,0.9166191912728261,0.43993448440553445,1.4376206524866508,0.22018348623853212,0.463197693590992,39,254,0.15354330708661418
SC391_cnv_18_R66C44yesS_SC391_36_W_D1,10.11657,8.160837,3,0.8159469428317522,90.08603216071349,0.8460580463504439,0.39677761938400746,0.9169293974673053,0.18918918918918914,0.38488255530372456,17,237,0.07172995780590717
SC391_cnv_18_R66C50yesS_SC391_36_W_D2,10.342114,4.2895117,3,0.7397377119587358,51.75715542673775,0.7179942984359958,0.39269429902081543,1.0000510178053472,0.22857142857142865,0.38281782143815346,22,214,0.102803738317757
SC391_cnv_18_R66C52yesS_SC391_36_W_D2,-0.8204137,6.2605777,0,0.5895727019219358,87.34387282732116,0.7299587823517842,0.0614397273954512,0.8224299065420562,0.10280373831775702,0.21807182243045406,0,126,0.0
SC391_cnv_18_R66C59yesS_SC391_36_W_D1,11.320221,5.0160093,3,0.7450727043028815,73.05135510263716,0.7801247480633934,0.3777798494123762,0.8780279524597823,0.22033898305084743,0.3649271447386138,12,171,0.07017543859649122
SC391_cnv_18_R66C5yesS_SC391_36_W_D1,10.665113,4.5723853,3,0.7692047996382166,106.55868719697372,0.7929978549511113,0.4469412162415332,1.2647782161896475,0.2536231884057971,0.4318104507433531,28,202,0.13861386138613863
SC391_cnv_18_R66C64yesS_SC391_36_W_D2,9.54363,8.256174,3,0.8913507776619165,130.05350772889417,0.896292639546812,0.39860824175176424,1.1037302283328199,0.23275862068965514,0.46634291928672394,25,287,0.08710801393728224
SC391_cnv_18_R66C6yesS_SC391_36_W_D1,11.168927,4.611824,3,0.7892482171348845,92.55402841408673,0.7581792050309762,0.420178767443167,1.269874861999735,0.2635135135135136,0.4378977419258819,15,187,0.08021390374331551
SC391_cnv_18_R66C7yesS_SC391_36_W_D1,11.752672,5.160805,3,0.8631657995029943,105.03833899373271,0.8693234767504163,0.39527150644902775,0.9533563834430625,0.22388059701492535,0.40456446137222424,17,243,0.06995884773662552
SC391_cnv_18_R66C9yesS_SC391_36_W_D2,10.532614,5.55431,3,0.9114237822611273,131.75168571576458,0.9199426558876125,0.392328143478477,1.281248215443636,0.24454148471615722,0.4367789737896725,31,320,0.096875
SC391_cnv_18_R67C46yesS_SC391_36_W_D2,10.097323,8.097703,3,0.9092233478983983,91.57229632795092,0.9129644179239237,0.40102305482032163,1.233783372878635,0.21111111111111114,0.3872451839723381,20,230,0.08695652173913043
SC391_cnv_18_R67C47yesS_SC391_36_W_D2,11.494424,5.250173,3,0.9024204941741422,124.37733596184104,0.9059565541110162,0.4539709044306028,1.2466385026123987,0.2736318407960199,0.4779842340878936,23,230,0.1
SC391_cnv_18_R67C48yesS_SC391_36_W_D2,11.638058,4.136994,3,1.0678374399404764,70.02678524535635,1.1120806767338713,0.5976748579450153,1.9684422389694582,0.3688524590163934,0.485381322172413,13,155,0.08387096774193549
SC391_cnv_18_R67C52yesS_SC391_36_W_D2,11.021657,5.1472497,3,0.6716207411784235,87.34387282732116,0.705054241087634,0.37620724606253064,0.9615594486423854,0.2314814814814815,0.4267702196131943,10,131,0.07633587786259542
SC391_cnv_18_R67C63yesS_SC391_36_W_D2,10.197669,4.3586373,3,0.8218239233101554,111.97894795778394,0.8165404642138689,0.39663682442781434,0.8898161513287284,0.25263157894736843,0.4549201661983144,28,259,0.10810810810810811
SC391_cnv_18_R67C69yesS_SC391_36_W_D2,10.487445,6.9127994,3,0.8373462067717248,93.82623381497467,0.838392130355277,0.49465669536118456,1.2198142936281937,0.3311036789297659,0.48618311676206344,16,227,0.07048458149779736
SC391_cnv_18_R67C70yesS_SC391_36_W_D2,9.685337,8.315715,3,0.7749482938528506,91.30752373995617,0.75560470089128,0.4803442723347906,1.2671350878107481,0.2847682119205298,0.49562081521070545,20,188,0.10638297872340426
SC391_cnv_18_R68C19yesS_SC391_36_W_D1,10.183914,4.43721,3,0.7059236085398451,102.03040506070809,0.640654890590776,0.3426124503170637,0.7999687487792011,0.21999999999999997,0.3388618218526133,13,139,0.09352517985611511
SC391_cnv_18_R68C1yesS_SC391_36_W_D1,9.787921,8.192918,3,0.6934861591749216,82.64462809917356,0.7698088367308763,0.32586350008000475,0.9936083237919959,0.18918918918918926,0.3747022810544053,11,131,0.08396946564885496
SC391_cnv_18_R68C23yesS_SC391_36_W_D1,11.31565,4.2414412,3,0.7476964335786098,0.0,0.0,0.3413070212806358,0.8830193483559998,0.23529411764705888,0.37067041030451714,12,138,0.08695652173913043
SC391_cnv_18_R68C28yesS_SC391_36_W_D2,10.217272,4.300566,3,0.6850167744528886,100.0,0.6837985249606554,0.34010530281546947,0.7961528812896017,0.2277227722772277,0.3601433796795973,15,144,0.10416666666666667
SC391_cnv_18_R68C38yesS_SC391_36_W_D1,10.873391,4.0099916,3,0.6877060520972271,104.12328196584757,0.6728102314521022,0.4475466497110015,0.8743324458008359,0.2222222222222222,0.3635562116949552,16,149,0.10738255033557047
SC391_cnv_18_R68C42yesS_SC391_36_W_D1,10.731437,5.606605,3,0.8929051274487066,102.59567046270648,0.8950876961743266,0.5366016299995187,1.027135197561626,0.29239766081871343,0.5116953049645261,24,224,0.10714285714285714
SC391_cnv_18_R68C43yesS_SC391_36_W_D1,10.591922,4.569911,3,0.795165637270136,84.167999326656,0.821896934063648,0.4610566628860408,1.1030009589790142,0.2545454545454545,0.42971225341325126,12,134,0.08955223880597014
SC391_cnv_18_R68C45yesS_SC391_36_W_D2,11.008977,5.4394503,3,0.7328570197211366,108.13148788927336,0.716676686953433,0.4040319697721765,1.1989633041655823,0.23188405797101452,0.3900840234362592,23,168,0.13690476190476192
SC391_cnv_18_R68C46yesS_SC391_36_W_D2,11.154197,5.039055,3,0.7949898144449858,80.53907487449328,0.796945217753056,0.4194527145978445,1.1952929008961344,0.231958762886598,0.45936311669542446,28,269,0.10408921933085502
SC391_cnv_18_R68C49yesS_SC391_36_W_D2,10.693781,4.8675394,3,0.17220708861012984,0.0,0.0,0.3661233991874215,0.8038668254436839,0.22580645161290325,0.35270677791602684,10,78,0.1282051282051282
SC391_cnv_18_R68C4yesS_SC391_36_W_D1,11.246965,5.507179,3,0.7175332457113496,65.03642039542144,0.7071680476810035,0.43529795557805634,1.3226125611048771,0.23199999999999998,0.4436221417913462,15,175,0.08571428571428572
SC391_cnv_18_R68C53yesS_SC391_36_W_D2,10.683575,4.0741386,3,0.805550180270804,113.17338162064283,0.8136143609769074,0.48446808971234584,0.9816144163343514,0.26203208556149726,0.4315080879257621,28,250,0.112
SC391_cnv_18_R68C54yesS_SC391_36_W_D1,11.602642,5.111165,3,0.7713558740385816,90.08603216071349,0.7393197043771017,0.3941036066783947,1.0331125827814565,0.2516556291390728,0.44280682526784754,12,197,0.06091370558375635
SC391_cnv_18_R68C55yesS_SC391_36_W_D1,11.312087,5.031087,3,0.7289596040763476,110.80332409972299,0.6288691030066939,0.3790010338693296,0.8480787318416267,0.22916666666666663,0.36890206585114105,13,133,0.09774436090225563
SC391_cnv_18_R68C58yesS_SC391_36_W_D1,11.673607,5.0685606,3,0.7623937028017068,93.82623381497467,0.7387758083257513,0.37403968719887803,0.9583864574569778,0.217687074829932,0.41945677342217585,17,179,0.09497206703910614
SC391_cnv_18_R68C59yesS_SC391_36_W_D1,7.0501943,10.836403,3,0.9317451412316443,124.86992715920917,0.9482040685643663,0.39892933337888037,1.1359461032437,0.2305194805194805,0.41795770245472014,17,190,0.08947368421052632
SC391_cnv_18_R68C60yesS_SC391_36_W_D1,11.182742,4.806574,3,0.7730728399089306,80.1153661272232,0.7566734245170209,0.43064515447449314,0.9610856810906947,0.20125786163522008,0.4675662432353049,17,189,0.08994708994708994
SC391_cnv_18_R68C67yesS_SC391_36_W_D2,11.653964,5.382784,3,0.7346006852821456,87.34387282732116,0.7449261080789825,0.4044903458806313,0.8620067027323838,0.19444444444444442,0.37624635983074195,9,108,0.08333333333333333
SC391_cnv_18_R69C11yesS_SC391_36_W_D2,10.480216,4.607293,3,0.8129997892710722,84.88003621548212,0.8097592823560833,0.4011700728646586,0.9960847756469321,0.22133333333333338,0.4391960478916085,28,276,0.10144927536231885
SC391_cnv_18_R69C13yesS_SC391_36_W_D2,11.149716,4.8032813,3,0.5783557859986466,62.98815822625347,0.41272695571545004,0.6348454542353185,1.1649407104195224,0.4645669291338582,0.5700749881913333,25,184,0.1358695652173913
SC391_cnv_18_R69C17yesS_SC391_36_W_D2,9.607931,7.6451545,3,0.9203040282993934,81.38020833333333,0.9241808836994667,0.36549888336923186,1.4003546112961476,0.20418848167539272,0.40248100851617363,26,307,0.08469055374592833
SC391_cnv_18_R69C24yesS_SC391_36_W_D1,7.5549035,6.716357,2,0.6135761792675856,0.0,0.0,0.6725375761101682,1.1489805243678732,0.6875,0.5531510021777211,9,155,0.05806451612903226
SC391_cnv_18_R69C25yesS_SC391_36_W_D1,-0.42081502,5.7148767,0,0.7581014970541177,67.74035123372114,0.7552098243434995,0.08586996042339713,1.259890875001877,0.09876543209876543,0.24643328981087284,0,312,0.0
SC391_cnv_18_R69C33yesS_SC391_36_W_D2,11.526768,5.0217633,3,0.7809632268573959,93.82623381497467,0.7632549016730671,0.4173495017770361,1.1090413522272482,0.23469387755102045,0.45836584647273354,23,207,0.1111111111111111
SC391_cnv_18_R69C36yesS_SC391_36_W_D1,10.894486,5.1575003,3,0.9319211202887341,140.66828254847647,0.9344080837653125,0.4990430317127689,1.5564986806303622,0.2466666666666667,0.4632182141397896,56,409,0.13691931540342298
SC391_cnv_18_R69C39yesS_SC391_36_W_D1,-0.5736582,6.6167755,0,0.8161624061729372,68.39711364180431,0.8460070841638363,0.09583367010338689,0.9950713732351946,0.11695906432748537,0.31391719617014563,0,187,0.0
SC391_cnv_18_R69C41yesS_SC391_36_W_D1,9.554753,7.648147,3,0.7837146725719352,0.0,0.0,0.3202901251017294,1.0268024250754575,0.23404255319148937,0.4111433128691516,13,146,0.08904109589041095
SC391_cnv_18_R69C48yesS_SC391_36_W_D2,-0.62075365,5.8183208,0,0.7881626229502,99.64923469387756,0.7975771838371144,0.15858233903648056,1.4590265877798612,0.15929203539823011,0.3565032579280722,3,226,0.01327433628318584
SC391_cnv_18_R69C49yesS_SC391_36_W_D2,9.585508,7.6063313,3,1.2162550428800152,106.29251700680271,1.2473405926383168,0.4194643185546667,1.5182635062259342,0.25903614457831325,0.4292364440455275,22,237,0.09282700421940929
SC391_cnv_18_R69C4yesS_SC391_36_W_D1,9.869221,8.429937,3,0.04385229230197653,0.0,0.0,0.2974704997479315,0.8640987597877144,0.21666666666666667,0.3074776129010219,7,60,0.11666666666666667
SC391_cnv_18_R69C51yesS_SC391_36_W_D2,9.392437,8.743724,3,0.9055986582568217,86.08667206143146,0.8545250533346684,0.8101644222269127,0.6973269064706424,0.47045951859956237,0.4342182302432913,35,284,0.12323943661971831
SC391_cnv_18_R69C56yesS_SC391_36_W_D1,8.61955,9.683084,3,1.1724414304150896,113.17338162064283,1.104322861488269,0.4643109940182623,1.4498056705289692,0.28421052631578947,0.39852796537773744,9,172,0.05232558139534884
SC391_cnv_18_R69C59yesS_SC391_36_W_D1,11.608315,4.103023,3,1.0464574444431711,82.23458786765714,1.0735705618338687,0.47603090229007483,1.889788144322269,0.31382978723404253,0.3981741317148779,27,290,0.09310344827586207
SC391_cnv_18_R69C66yesS_SC391_36_W_D2,7.495723,11.801938,3,1.0664960244936732,121.74336498660823,1.0741737113124314,0.36721343423963554,1.3184274707958712,0.23873873873873874,0.4604366409491782,23,268,0.08582089552238806
SC391_cnv_18_R69C69yesS_SC391_36_W_D2,11.388567,4.3368893,3,1.2515236461975983,103.06887577623748,1.3042234628566702,0.45480963185866324,1.8766352047474308,0.30456852791878175,0.45609534339551916,33,255,0.12941176470588237
SC391_cnv_18_R69C9yesS_SC391_36_W_D2,10.1801815,4.888486,3,0.9365764830788752,129.13223140495867,0.9342664806681367,0.4706573930138282,1.1739852474482104,0.27862595419847325,0.44531130625198384,36,335,0.10746268656716418
SC391_cnv_18_R70C10yesS_SC391_36_W_D2,10.743479,3.9919517,3,0.8490353951526843,108.13148788927336,0.8440867979653922,0.525066230030627,1.16542825659617,0.2971014492753623,0.5003681812318116,22,194,0.1134020618556701
SC391_cnv_18_R70C17yesS_SC391_36_W_D2,11.837528,5.1716223,3,0.8318762659240504,93.63003651571424,0.8428995922138169,0.46088827035257945,0.9578767111452569,0.24929971988795518,0.40969550827946166,16,263,0.060836501901140684
SC391_cnv_18_R70C23yesS_SC391_36_W_D1,10.2738085,4.374109,3,0.8257534597618852,103.06887577623748,0.8013885743171604,0.3576541872036467,0.9743281234486683,0.19796954314720816,0.3926143235461282,43,257,0.16731517509727625
SC391_cnv_18_R70C24yesS_SC391_36_W_D1,11.712442,5.244745,3,0.7573086623928956,58.27166249053086,0.7526732545447012,0.4649379670996129,1.1205013436434152,0.26315789473684204,0.4843008765763202,25,200,0.125
SC391_cnv_18_R70C25yesS_SC391_36_W_D1,11.124521,5.50402,3,0.7450341446181777,48.53308743235701,0.7207776504668213,0.5447597901013376,0.885872527848035,0.23414634146341462,0.4633771019851121,26,230,0.11304347826086956
SC391_cnv_18_R70C28yesS_SC391_36_W_D2,11.638089,4.063445,3,1.0181853876976013,67.18624025799515,1.0107864356139604,0.5048891209859594,1.93012820176103,0.3739837398373984,0.4717614121712188,13,166,0.0783132530120482
SC391_cnv_18_R70C30yesS_SC391_36_W_D2,10.495402,5.4608335,3,0.841542841685603,103.80622837370242,0.7941020288936785,0.813779016965822,1.280719491444972,0.6219512195121951,0.467345557601107,22,226,0.09734513274336283
SC391_cnv_18_R70C31yesS_SC391_36_W_D2,10.726512,4.5782485,3,0.743209837849607,100.5985614405714,0.7134174203641458,0.4121469214424006,0.9313834775002702,0.2097902097902098,0.425220494117841,13,195,0.06666666666666667
SC391_cnv_18_R70C32yesS_SC391_36_W_D2,11.591212,4.169146,3,0.9077279459707758,115.73627560665098,0.9098710929600607,0.4569561174308433,1.653811994251181,0.29245283018867924,0.49713480362756496,23,202,0.11386138613861387
SC391_cnv_18_R70C35yesS_SC391_36_W_D2,9.816634,7.2824516,3,0.8008032427985736,83.98421096833795,0.7914692678046171,0.39543179576410853,1.0894843701028216,0.22872340425531912,0.4272832296168817,29,256,0.11328125
SC391_cnv_18_R70C45yesS_SC391_36_W_D2,10.135416,8.20715,3,0.8584808130060206,107.1673525377229,0.8376390090254959,0.3890199338130095,0.9625254757955244,0.18881118881118886,0.3812346997065021,32,315,0.10158730158730159
SC391_cnv_18_R70C53yesS_SC391_36_W_D2,11.47139,5.352171,3,0.8514359618017442,105.78512396694214,0.8520282532568779,0.4453384902012043,1.6662485057892737,0.23897058823529416,0.45774789832807433,37,376,0.09840425531914894
SC391_cnv_18_R70C57yesS_SC391_36_W_D1,11.3318815,4.6667056,3,0.004177529027728425,0.0,0.0,0.4475678098675044,0.755050024869635,0.3291139240506329,0.37554717950785804,18,126,0.14285714285714285
SC391_cnv_18_R70C5yesS_SC391_36_W_D1,11.283851,4.9370675,3,0.718238617680396,55.69169079973268,0.7205181966870574,0.4258868969080184,1.1847436326797007,0.27007299270072993,0.433171709329965,18,188,0.09574468085106383
SC391_cnv_18_R70C62yesS_SC391_36_W_D1,11.276961,4.2793603,3,0.9233062436518225,62.00012400024801,0.9596454884699483,0.36619762903856334,1.0127781633687714,0.24031007751937983,0.4673162394295842,21,177,0.11864406779661017
SC391_cnv_18_R70C63yesS_SC391_36_W_D2,10.00212,7.876371,3,0.9516229841590855,141.8635910640124,0.9468032137014878,0.5630722117837086,1.3780061929610343,0.36329588014981273,0.5770764690114055,34,350,0.09714285714285714
SC391_cnv_18_R70C67yesS_SC391_36_W_D2,10.824456,4.1892476,3,0.8715167086789667,122.5468741793736,0.8703585473908506,0.4686149804801304,1.2369833308387168,0.23728813559322037,0.39286205876148,39,315,0.12380952380952381
SC391_cnv_18_R70C6yesS_SC391_36_W_D1,10.976235,6.3928714,3,0.8613876586880548,120.18508503094766,0.8030708916932982,0.7462758997152659,0.9940853112313401,0.7878787878787878,0.5366388338371356,20,229,0.08733624454148471
SC391_cnv_18_R70C70yesS_SC391_36_W_D2,11.288817,4.8239746,3,0.831542694773715,98.02960494069208,0.8293904113179279,0.461066356360127,1.0023401891749777,0.30243902439024395,0.47234282410385653,13,121,0.10743801652892562
SC391_cnv_18_R71C10yesS_SC391_36_W_D2,10.753188,7.2489448,3,0.6055785342972533,0.0,0.0,0.345164843588542,0.7368641326594748,0.1875,0.2666280140648121,7,88,0.07954545454545454
SC391_cnv_18_R71C11yesS_SC391_36_W_D2,11.1792965,4.981984,3,0.7789051494587034,110.80332409972299,0.5676727375278613,0.4776267283211601,1.0840049751988494,0.32291666666666663,0.43575201236787975,13,140,0.09285714285714286
SC391_cnv_18_R71C15yesS_SC391_36_W_D2,10.855051,4.2605357,3,0.7231602771251021,118.14744801512288,0.7637880951685833,0.42010325438982404,0.9709908706815322,0.24731182795698925,0.41498691231891,13,134,0.09701492537313433
SC391_cnv_18_R71C16yesS_SC391_36_W_D2,8.38507,9.9610615,3,0.8115103117101583,102.04081632653062,0.7879712519594244,0.6478255986393838,1.0285189544531605,0.3706293706293706,0.41383415798241413,20,222,0.09009009009009009
SC391_cnv_18_R71C17yesS_SC391_36_W_D2,10.465976,4.0714593,3,0.7338812742875216,58.27166249053086,0.729608045029529,0.4227238351781587,0.999870851089153,0.2727272727272727,0.4305482042845767,22,208,0.10576923076923077
SC391_cnv_18_R71C24yesS_SC391_36_W_D1,10.157083,8.221963,3,0.6849458514862394,88.999644001424,0.7409167084589998,0.3848112283640576,0.8981004187394178,0.2222222222222222,0.3745770081067917,20,155,0.12903225806451613
SC391_cnv_18_R71C25yesS_SC391_36_W_D1,10.0970545,8.110022,3,0.7826500683728006,95.12485136741974,0.7347423823041306,0.3867315904039065,0.9676610437504567,0.20408163265306123,0.3423945216694737,30,226,0.13274336283185842
SC391_cnv_18_R71C26yesS_SC391_36_W_D1,10.223782,4.2541184,3,0.737382731294893,79.71938775510203,0.7716036427395628,0.38408652604449894,0.9080396364730057,0.2743362831858407,0.42354119859918365,21,172,0.12209302325581395
SC391_cnv_18_R71C27yesS_SC391_36_W_D2,10.057575,7.1699677,3,0.7125633797260201,81.16224332440548,0.7968994232141426,0.34433644426724097,0.8294554111280747,0.17333333333333334,0.37757464404734564,15,177,0.0847457627118644
SC391_cnv_18_R71C28yesS_SC391_36_W_D2,11.316921,5.4508853,3,0.7502962294762824,70.61648188687239,0.7677887164367483,0.4149768013245881,0.9231387650018417,0.2416666666666667,0.4177895852552801,18,157,0.11464968152866242
SC391_cnv_18_R71C2yesS_SC391_36_W_D1,10.146641,8.24669,3,0.7200415794452592,75.61436672967864,0.7405312691290797,0.39600996931681365,1.0695564554714436,0.23605150214592285,0.4328016322523844,12,159,0.07547169811320754
SC391_cnv_18_R71C33yesS_SC391_36_W_D2,-0.7066169,6.4499197,0,0.5587928323718054,0.0,0.0,0.0816966397100299,0.7738828563231466,0.12371134020618557,0.21846850683102367,0,105,0.0
SC391_cnv_18_R71C3yesS_SC391_36_W_D1,10.164639,4.552019,3,0.7408461204510489,123.4567901234568,0.6053006159198282,0.3551008677558781,1.2037356818823366,0.29670329670329676,0.45269552616342285,8,120,0.06666666666666667
SC391_cnv_18_R71C40yesS_SC391_36_W_D1,10.748983,5.305964,3,0.8856494155088854,141.7233560090703,0.8820652028812118,0.35707782932919147,1.1194146926314958,0.23668639053254437,0.3917047295500565,26,213,0.12206572769953052
SC391_cnv_18_R71C46yesS_SC391_36_W_D2,10.434892,4.2065563,3,0.7700082482610413,80.1153661272232,0.7437885529683259,0.39767093839074963,0.9428485694852586,0.21875,0.3936813798213729,33,217,0.15207373271889402
SC391_cnv_18_R71C47yesS_SC391_36_W_D2,10.253121,8.19251,3,0.5901670992998886,0.0,0.0,0.3585360779316347,0.763040381512358,0.19565217391304346,0.2507566381512915,8,125,0.064
SC391_cnv_18_R71C50yesS_SC391_36_W_D2,10.268085,4.2951674,3,0.730813893055285,78.31466833737959,0.762398031398015,0.36984826786366365,0.9680964920552382,0.22807017543859653,0.3743160650487999,20,165,0.12121212121212122
SC391_cnv_18_R71C54yesS_SC391_36_W_D1,10.982655,4.2675385,3,0.9091433091123001,131.57317661506076,0.90460872353143,0.48633667949386017,1.027531337145588,0.22666666666666657,0.4564538924857758,19,207,0.09178743961352658
SC391_cnv_18_R71C55yesS_SC391_36_W_D1,-0.6774299,6.7161374,0,0.6181910766874855,108.50694444444444,0.8535118006024108,0.05305553642212764,0.7328034307067323,0.10416666666666663,0.21601854418762975,0,133,0.0
SC391_cnv_18_R71C58yesS_SC391_36_W_D1,11.733175,5.2216654,3,0.8030243704185716,105.01995379122033,0.7335118636008284,0.4118748587579731,0.8843362103092096,0.2158273381294964,0.3713989739717072,22,206,0.10679611650485436
SC391_cnv_18_R71C5yesS_SC391_36_W_D1,9.983414,7.0799866,3,0.708666641870425,66.09822195782932,0.7294389088440072,0.35708255176361825,1.0139348736657614,0.22399999999999998,0.39347152392311746,14,170,0.08235294117647059
SC391_cnv_18_R71C64yesS_SC391_36_W_D2,11.378045,5.0894003,3,0.742187817592606,108.13148788927336,0.7411658204166407,0.4049416909079374,1.141712518785535,0.24637681159420288,0.49138842371829594,32,176,0.18181818181818182
SC391_cnv_19_R0C0yesS_SC391_37_W_A1,7.954597,7.375979,2,1.1021869319878725,156.25,0.6458844036544636,0.6626756836162155,1.6747850618428815,0.49397590361445787,0.5100514295340144,20,118,0.1694915254237288
SC391_cnv_19_R0C11yesS_SC391_37_W_A2,7.348229,7.28353,2,0.7249252435502607,65.03642039542144,0.5499295812641515,0.5262891116178163,1.0841685318689653,0.46031746031746035,0.41504142019188245,21,171,0.12280701754385964
SC391_cnv_19_R0C16yesS_SC391_37_W_A2,7.314153,6.0739284,2,0.787676056350055,100.5985614405714,0.7504803749832231,0.4151053311143268,1.0163900049820227,0.23239436619718312,0.3910099789063155,14,219,0.0639269406392694
SC391_cnv_19_R0C19yesS_SC391_37_W_A1,7.7264957,6.46155,2,0.704924924132833,129.13223140495867,0.6544709495725552,0.4123459216766777,1.0357819862210793,0.303370786516854,0.38622206465981945,12,107,0.11214953271028037
SC391_cnv_19_R0C27yesS_SC391_37_W_A2,-0.90758294,6.330449,0,0.5874416646048594,67.18624025799515,0.6561640378850807,0.022350927576152077,0.6592121069797732,0.07377049180327866,0.11565173368743244,0,131,0.0
SC391_cnv_19_R0C30yesS_SC391_37_W_A2,8.553328,6.381406,2,0.840210371942486,129.8476454293629,0.8382039211803055,0.44203134895255,1.3874290495922272,0.32450331125827825,0.4833428223717047,18,194,0.09278350515463918
SC391_cnv_19_R0C34yesS_SC391_37_W_A2,7.45052,6.0290985,2,0.6648576578111495,0.0,0.0,0.3136830733655899,0.823004034096072,0.23529411764705888,0.29753223502619763,11,72,0.1527777777777778
SC391_cnv_19_R0C39yesS_SC391_37_W_A1,10.244324,6.168217,3,0.8090774116927443,96.4506172839506,0.8028401169212672,0.5883333293233204,1.4133888446726037,0.3986486486486487,0.46085660837957715,25,233,0.1072961373390558
SC391_cnv_19_R0C43yesS_SC391_37_W_A1,10.381931,7.371911,3,0.8515467954854374,150.8978421608571,0.8543335977605466,0.5093131286108872,1.33133316913815,0.3586956521739131,0.5161243189812054,17,162,0.10493827160493827
SC391_cnv_19_R0C50yesS_SC391_37_W_A2,10.811942,8.299607,3,0.898771668572115,204.08163265306123,0.9045866448901061,0.39671208644653355,1.1334414806417423,0.25,0.32984129700690173,21,155,0.13548387096774195
SC391_cnv_19_R0C51yesS_SC391_37_W_A2,7.316318,6.6411242,2,0.8919657980210488,167.06204684419794,0.9112013720101056,0.3624273652145768,1.3870693650055006,0.24117647058823533,0.3715860932330376,22,198,0.1111111111111111
SC391_cnv_19_R0C52yesS_SC391_37_W_A2,-0.7119999,6.34416,0,0.7817955413592611,111.540749553837,0.7807541659028923,0.06602470509616075,0.9603510611951704,0.09146341463414642,0.21676184296033038,0,173,0.0
SC391_cnv_19_R0C63yesS_SC391_37_W_A2,6.90123,5.9023867,2,0.704614932024151,110.80332409972299,0.7450512740710569,0.3644811652974359,0.8059294506442412,0.20833333333333331,0.2640085277115116,15,121,0.12396694214876033
SC391_cnv_19_R0C67yesS_SC391_37_W_A2,7.356856,6.733998,2,0.932725697880262,138.4083044982699,0.9138527852446863,0.4965570753790394,1.7052127188835229,0.3137254901960784,0.4148851320076636,34,319,0.10658307210031348
SC391_cnv_19_R0C71yesS_SC391_37_W_A2,7.580964,6.697269,2,0.6115121961659289,0.0,0.35019793255441095,0.8685175257710008,1.9647161843768788,0.8315789473684211,0.5224400882822446,16,133,0.12030075187969924
SC391_cnv_19_R0C7yesS_SC391_37_W_A1,9.813904,7.225957,3,0.8130951156557777,89.58165367732688,0.8209164379298625,0.39054104752059815,1.4776041161200912,0.2295081967213115,0.3966375189815073,24,245,0.09795918367346938
SC391_cnv_19_R0C8yesS_SC391_37_W_A1,10.710225,7.155753,3,0.8965229955306157,139.50892857142856,0.887482151580205,0.46386799767997366,1.4795760091337238,0.27354260089686094,0.43950912475347753,28,323,0.08668730650154799
SC391_cnv_19_R10C10yesS_SC391_37_W_B2,-0.78089595,6.127428,0,0.5559738484276096,76.94675284702986,0.7709105291915389,0.018659317045449098,0.6641804981117884,0.07017543859649122,0.09012708991531702,3,142,0.02112676056338028
SC391_cnv_19_R10C15yesS_SC391_37_W_B2,7.3820844,5.9831543,2,0.6125937156322052,0.0,0.0,0.34336021690759205,0.891056385130303,0.25,0.28068180317327474,15,103,0.14563106796116504
SC391_cnv_19_R10C21yesS_SC391_37_W_B1,10.0295105,7.130525,3,0.7487162934868856,105.01995379122033,0.7303366352593905,0.40977585257640015,1.081240700444676,0.25,0.40548501688492783,17,192,0.08854166666666667
SC391_cnv_19_R10C23yesS_SC391_37_W_B1,6.9956474,5.9081254,2,0.8117664355026724,80.1153661272232,0.7850599085645392,0.4851425235413577,0.8395224177347055,0.3899371069182389,0.4047161781985198,23,231,0.09956709956709957
SC391_cnv_19_R10C24yesS_SC391_37_W_B1,9.75368,6.1557603,3,0.7288189662685155,68.30134553650706,0.7140527630893856,0.9780775090043542,0.1321694918105696,0.9906542056074766,0.23804936722663836,11,148,0.07432432432432433
SC391_cnv_19_R10C27yesS_SC391_37_W_B2,8.141058,6.3565917,2,0.8954676338311512,140.0511186583103,0.8927297118902824,0.39385954447568244,1.2693004886272243,0.23893805309734517,0.4072853998045853,26,223,0.11659192825112108
SC391_cnv_19_R10C34yesS_SC391_37_W_B2,7.466004,6.558551,2,0.8025189117418966,54.06574394463668,0.6960100352800997,0.5741576113482773,0.7182364146761753,0.47482014388489213,0.2867236360986499,26,222,0.11711711711711711
SC391_cnv_19_R10C40yesS_SC391_37_W_B1,11.778078,8.34481,3,0.742564898012909,62.00012400024801,0.7254476773980287,0.5478832012321695,1.0937779010739703,0.203125,0.37245178979080756,21,213,0.09859154929577464
SC391_cnv_19_R10C44yesS_SC391_37_W_B1,6.8154163,7.0021234,2,0.8940878816377559,91.57229632795092,0.9005831056381348,0.41538934198055544,1.7229903751362938,0.2849162011173184,0.36820971476675995,42,236,0.17796610169491525
SC391_cnv_19_R10C48yesS_SC391_37_W_B2,7.0832343,10.753986,3,0.8799767163056751,97.80429360848942,0.8560219775630373,0.45010044199332777,1.9279749699513964,0.31506849315068486,0.41497908884870766,22,191,0.11518324607329843
SC391_cnv_19_R10C51yesS_SC391_37_W_B2,7.4853334,6.6417885,2,0.8906076201248272,140.739350722462,0.9030442738408134,0.37636415456923566,0.9874237817378779,0.26206896551724146,0.36865634465587127,16,192,0.08333333333333333
SC391_cnv_19_R10C59yesS_SC391_37_W_B1,10.62108,8.230088,3,0.6435983465183706,0.0,0.0,0.39673037522766985,1.1037090303445392,0.24096385542168686,0.31926812771827257,11,114,0.09649122807017543
SC391_cnv_19_R10C64yesS_SC391_37_W_B2,10.570241,7.807857,3,0.7986996382990005,106.55868719697372,0.7524795865356235,0.3919229419483389,1.0594844576119993,0.2158273381294964,0.3809541804593897,26,197,0.1319796954314721
SC391_cnv_19_R10C66yesS_SC391_37_W_B2,9.7886715,7.18645,3,0.8193720232362472,106.29251700680271,0.8433543650731604,0.3816325696972821,1.0487326375268697,0.22155688622754488,0.30545778604424884,22,241,0.0912863070539419
SC391_cnv_19_R11C13yesS_SC391_37_W_B2,7.3414464,5.9326377,2,0.7632171687304282,73.05135510263716,0.7707551082091537,0.37513797802698456,0.9612943591158796,0.25210084033613445,0.38068336002292447,27,178,0.15168539325842698
SC391_cnv_19_R11C1yesS_SC391_37_W_B1,7.122697,6.280949,2,0.9111449736615452,153.0612244897959,0.9262511420955153,0.45173667434427206,1.2080677877709323,0.2992700729927007,0.442415750846536,23,225,0.10222222222222223
SC391_cnv_19_R11C22yesS_SC391_37_W_B1,7.8135695,7.1451316,2,0.6786274278483997,108.50694444444444,0.5474034030097654,0.43104784005332863,0.6925256939166192,0.33673469387755106,0.34458813519997444,14,140,0.1
SC391_cnv_19_R11C24yesS_SC391_37_W_B1,-0.8016542,6.690818,0,0.531975548604228,0.0,0.0,0.04141185708254212,0.7208546037009194,0.0898876404494382,0.1453116499979006,0,130,0.0
SC391_cnv_19_R11C26yesS_SC391_37_W_B1,7.314758,5.899834,2,0.7582705865933982,87.34387282732116,0.7529007277381831,0.4442045778390272,1.134797415999513,0.2685185185185185,0.4115909055540581,21,160,0.13125
SC391_cnv_19_R11C35yesS_SC391_37_W_B2,10.381545,7.283764,3,0.81546326658849,122.0703125,0.8027923335207472,0.3758058074555443,1.147845120310008,0.2325581395348837,0.4093939252653089,8,184,0.043478260869565216
SC391_cnv_19_R11C38yesS_SC391_37_W_B1,7.3446584,6.030983,2,0.7642895153023953,85.73388203017832,0.7876445460903231,0.5553711413555554,1.0752079756320594,0.26363636363636367,0.35861209020246193,14,171,0.08187134502923976
SC391_cnv_19_R11C45yesS_SC391_37_W_B2,9.700689,6.91283,3,0.6524325943722794,84.167999326656,0.7139858687802612,0.45241521565747544,1.0472753704328979,0.22522522522522526,0.37048211178068535,19,153,0.12418300653594772
SC391_cnv_19_R11C51yesS_SC391_37_W_B2,7.5656524,6.7389965,2,0.7923364379200747,123.4567901234568,0.6597506849663561,0.5418604627076267,1.0481023350054368,0.34444444444444455,0.3185304859918383,17,125,0.136
SC391_cnv_19_R11C56yesS_SC391_37_W_B1,7.600989,8.207008,3,0.8623818142426163,99.18666931164451,0.8621551996181341,0.4568067846154795,1.0765454489084019,0.33333333333333326,0.4374099753088058,16,204,0.0784313725490196
SC391_cnv_19_R11C69yesS_SC391_37_W_B2,7.808333,6.5168552,2,0.7144501686487826,79.71938775510203,0.7000934204660271,0.4718347169267363,1.1147806675118588,0.2566371681415929,0.36060469311964244,20,189,0.10582010582010581
SC391_cnv_19_R11C6yesS_SC391_37_W_B1,6.7583137,7.042828,2,0.7946788095714209,65.03642039542144,0.7847862320468613,0.4468252343803545,1.4533997640964567,0.31746031746031744,0.36934456278790556,22,150,0.14666666666666667
SC391_cnv_19_R11C7yesS_SC391_37_W_B1,7.6224666,6.5283184,2,0.6904140704718976,90.70294784580499,0.5507078578521689,0.5031328936170862,0.7144775260962933,0.3853211009174311,0.33747695892946306,13,130,0.1
SC391_cnv_19_R11C9yesS_SC391_37_W_B2,10.940416,7.02346,3,0.7636432288461699,120.18508503094766,0.7517814250236432,0.42106110760469295,1.187957323960039,0.29230769230769227,0.3698500829430127,19,178,0.10674157303370786
SC391_cnv_19_R12C16yesS_SC391_37_W_B2,10.638107,8.08523,3,0.8532711979921944,58.27166249053086,0.8664818079718266,0.521846801419224,1.5096757771006182,0.2706766917293233,0.38870905323885124,15,202,0.07425742574257425
SC391_cnv_19_R12C20yesS_SC391_37_W_B1,6.8413033,6.7200556,2,0.8759355228982074,65.03642039542144,0.9172679547296436,0.3624935269554853,1.0239325515016529,0.2222222222222222,0.34046261113709625,27,234,0.11538461538461539
SC391_cnv_19_R12C21yesS_SC391_37_W_B1,11.744361,8.344462,3,0.7670413122791304,109.73936899862825,0.7138655432250511,0.5265409564546453,1.0137996791987431,0.19117647058823528,0.2795370917607037,16,217,0.07373271889400922
SC391_cnv_19_R12C25yesS_SC391_37_W_B1,11.773452,8.346539,3,0.8117217204888681,90.56877188745321,0.7861199595409675,0.5145263793180166,0.914765036481848,0.15934065934065933,0.22072361606139704,32,303,0.10561056105610561
SC391_cnv_19_R12C28yesS_SC391_37_W_B2,7.0491457,10.877563,3,0.9026684159523857,110.19283746556474,0.9246770285916955,0.4686487445308961,1.9912153204812073,0.30487804878048785,0.35695464927588477,26,208,0.125
SC391_cnv_19_R12C32yesS_SC391_37_W_B2,9.813405,6.9203215,3,0.7456348454498986,74.31629013079666,0.7480793716701818,0.42976619707894154,1.1536541362738917,0.23076923076923084,0.3593827941533387,14,169,0.08284023668639054
SC391_cnv_19_R12C35yesS_SC391_37_W_B2,7.509637,6.264808,2,0.8485954444530336,92.59259259259258,0.8474357365249628,0.39247899533759656,1.37156793092918,0.26111111111111107,0.39424654322358654,34,251,0.13545816733067728
SC391_cnv_19_R12C36yesS_SC391_37_W_B1,6.945646,5.986889,2,0.8141466269829055,100.50188126959002,0.803350309791091,0.39700693433451784,1.1664347455062212,0.2361809045226131,0.35450426635531485,31,319,0.09717868338557993
SC391_cnv_19_R12C37yesS_SC391_37_W_B1,11.656247,8.25737,3,0.7913742428542769,59.171597633136095,0.7729203150566657,0.5219807494076105,1.3488357200268006,0.2290076335877863,0.3553121173346593,22,176,0.125
SC391_cnv_19_R12C40yesS_SC391_37_W_B1,9.721809,7.1833534,3,0.8356092333930524,115.73627560665098,0.82884593416293,0.358865092555486,0.9181617447848838,0.20625000000000004,0.28217289914362803,24,217,0.11059907834101383
SC391_cnv_19_R12C45yesS_SC391_37_W_B2,7.3991537,6.329195,2,0.8569495477986355,95.18143961927424,0.8631057299057401,0.37257433883473456,1.3593582319638424,0.2178217821782178,0.41135887513880304,20,241,0.08298755186721991
SC391_cnv_19_R12C47yesS_SC391_37_W_B2,9.352167,6.2904367,3,0.7988986757825101,65.3061224489796,0.7485378778194357,0.6562034027234285,0.8166613049038794,0.4915254237288136,0.5693491356232329,28,239,0.11715481171548117
SC391_cnv_19_R12C52yesS_SC391_37_W_B2,10.671775,7.994886,3,0.7585827102735304,62.98815822625347,0.7324146702998302,0.3821229992087897,0.9610875367474,0.19047619047619047,0.30249996224885084,16,169,0.09467455621301775
SC391_cnv_19_R12C54yesS_SC391_37_W_B1,11.160978,7.5893087,3,0.8018615585477258,105.03833899373271,0.8081797748218233,0.37830628998258337,1.139932304511532,0.21893491124260356,0.3874311400670413,26,226,0.11504424778761062
SC391_cnv_19_R12C60yesS_SC391_37_W_B1,7.461568,6.7235994,2,0.8790381636360752,91.57299512373801,0.851893804908304,0.5364147111182814,0.9135851863585076,0.49292452830188677,0.36345250465921014,32,289,0.11072664359861592
SC391_cnv_19_R12C66yesS_SC391_37_W_B2,11.433423,8.376874,3,0.7423499293063647,90.08603216071349,0.7081001576066175,0.44114824762304167,0.778348555080955,0.10738255033557048,0.19735267986168753,26,237,0.10970464135021098
SC391_cnv_19_R12C67yesS_SC391_37_W_B2,9.727563,7.1791463,3,0.8352912624107558,105.20999915832,0.8307024985205188,0.38094676870139876,1.1034534064755888,0.20465116279069773,0.2979215820415345,27,328,0.08231707317073171
SC391_cnv_19_R12C68yesS_SC391_37_W_B2,7.4712963,6.58129,2,0.7521622752549751,92.55402841408673,0.7799157201859058,0.4979344830663372,2.205482984775939,0.3733333333333333,0.39017980045504624,38,198,0.1919191919191919
SC391_cnv_19_R12C6yesS_SC391_37_W_B1,9.784459,8.520795,3,0.6209887002078592,0.0,0.0,0.41233629244199604,0.7738950416797117,0.2925531914893617,0.43298261387878084,15,125,0.12
SC391_cnv_19_R12C71yesS_SC391_37_W_B2,10.718103,8.259623,3,1.0582547290875188,121.70879143170107,1.0766434014076296,0.5582719474367697,2.1501519547086354,0.35443037974683544,0.49112338850307435,17,223,0.07623318385650224
SC391_cnv_19_R12C9yesS_SC391_37_W_B2,10.763673,6.9110813,3,0.8164638482122168,109.5280254835206,0.8372821820537991,0.38859454603826465,1.0635744005069006,0.24390243902439024,0.41608456307663727,26,225,0.11555555555555555
SC391_cnv_19_R13C13yesS_SC391_37_W_B2,11.231727,7.6462107,3,0.738989848535368,96.4506172839506,0.7455286049648764,0.4595618901651112,1.0870900742068952,0.2465753424657534,0.37980399060504594,17,195,0.08717948717948718
SC391_cnv_19_R13C16yesS_SC391_37_W_B2,7.3786106,6.261386,2,0.8292435109022411,110.19283746556474,0.8215545525252161,0.4108578221055071,1.44152807651737,0.25153374233128833,0.4521601404520256,29,215,0.13488372093023257
SC391_cnv_19_R13C26yesS_SC391_37_W_B1,6.844089,6.913631,2,1.1052997839802026,96.11687812379854,1.1957952180044957,0.3585584265190054,1.111385477378966,0.24271844660194175,0.3629507684747837,17,174,0.09770114942528736
SC391_cnv_19_R13C2yesS_SC391_37_W_B1,10.53956,7.902837,3,0.780332138162518,96.4506172839506,0.7719983560202369,0.5329253524881864,1.31040482987692,0.273972602739726,0.4315141454639301,26,227,0.1145374449339207
SC391_cnv_19_R13C35yesS_SC391_37_W_B2,10.457878,8.147853,3,4.73881955110675e-09,0.0,0.0,0.4843264697709226,1.2520003440188585,0.359375,0.488069245518871,7,120,0.058333333333333334
SC391_cnv_19_R13C42yesS_SC391_37_W_B1,11.063374,7.660688,3,0.6759395703527411,87.34387282732116,0.43738364737981117,0.610078177660332,0.9326251933109405,0.5321100917431192,0.4797131079340179,24,172,0.13953488372093023
SC391_cnv_19_R13C43yesS_SC391_37_W_B1,7.4915347,5.58397,2,0.8294773379930976,94.68501451836889,0.8325989940299583,0.36348761270371877,1.1462105900940789,0.24858757062146897,0.36058361733977706,26,234,0.1111111111111111
SC391_cnv_19_R13C46yesS_SC391_37_W_B2,6.918174,5.8099566,2,0.8628073730461618,110.20741034627169,0.8743888952163494,0.41492212109179677,1.0868596241880848,0.23671497584541068,0.3657214037366457,36,306,0.11764705882352941
SC391_cnv_19_R13C48yesS_SC391_37_W_B2,11.178353,7.599772,3,0.8138603742359729,101.4061654948621,0.8217059417541241,0.39571832830444464,0.9451914754458266,0.17441860465116277,0.2871078395581716,46,271,0.16974169741697417
SC391_cnv_19_R13C51yesS_SC391_37_W_B2,11.020655,8.494184,3,0.7687076335155246,91.30752373995617,0.7031131831079113,0.3896334623529718,1.1775409583974974,0.18791946308724827,0.35312830758318575,22,225,0.09777777777777778
SC391_cnv_19_R13C53yesS_SC391_37_W_B2,7.246878,6.0480175,2,0.8444130121577064,95.34524513262524,0.8420199241466199,0.36109025310288834,1.2025511596338871,0.22123893805309736,0.38231958433243124,41,302,0.1357615894039735
SC391_cnv_19_R13C5yesS_SC391_37_W_B1,6.9630427,6.3379116,2,0.7707594870209797,104.12328196584757,0.7158243893434525,0.365823117285813,1.0068634985355243,0.23232323232323238,0.3157888657082797,20,142,0.14084507042253522
SC391_cnv_19_R13C61yesS_SC391_37_W_B1,-0.82463324,6.1784506,0,0.6791500914219841,45.653761869978084,0.5746676595854942,0.02044537803459434,0.6740512322915015,0.06756756756756754,0.08914954704458201,2,192,0.010416666666666666
SC391_cnv_19_R13C66yesS_SC391_37_W_B2,9.615099,7.3610597,3,0.8312433640352339,92.59259259259258,0.8347565528150861,0.39874578836099495,1.3397472454102095,0.25555555555555554,0.3611560942540362,31,263,0.11787072243346007
SC391_cnv_19_R13C7yesS_SC391_37_W_B1,10.94614,8.237714,3,0.784967184948506,90.08603216071349,0.7377192076236042,0.40203296213466716,1.1623729887227525,0.19999999999999996,0.38429450336431475,24,215,0.11162790697674418
SC391_cnv_19_R14C0yesS_SC391_37_W_B1,7.639685,6.357934,2,0.7683109695642236,81.13919428780072,0.7597695986231954,0.46150821895155364,1.5530882829353425,0.29780564263322884,0.4671725534346928,31,216,0.14351851851851852
SC391_cnv_19_R14C23yesS_SC391_37_W_B1,10.526317,7.7588468,3,0.7729545668921731,68.30134553650706,0.7879575004109659,0.45854603179371073,1.1159256231828172,0.26016260162601623,0.3795343106141671,23,190,0.12105263157894737
SC391_cnv_19_R14C34yesS_SC391_37_W_B2,7.4047394,6.2778325,2,0.8650127715963949,105.03833899373271,0.8730397805866646,0.3838860566805945,1.4198977830537656,0.25149700598802394,0.36355410917673237,28,242,0.11570247933884298
SC391_cnv_19_R14C38yesS_SC391_37_W_B1,7.2208605,6.114671,2,0.8141019955511306,86.56509695290859,0.7684240799959712,0.35345544924923883,1.1413791868526264,0.2222222222222222,0.3596684293717822,27,231,0.11688311688311688
SC391_cnv_19_R14C42yesS_SC391_37_W_B1,6.936517,6.652511,2,0.8686156905633471,101.4061654948621,0.8843546482709407,0.4132094643518823,1.5741295928597046,0.26627218934911245,0.36714637186551013,19,223,0.08520179372197309
SC391_cnv_19_R14C56yesS_SC391_37_W_B1,10.802694,8.3373785,3,0.8485677635567435,118.66619200189866,0.8695647353499838,0.42776031243251944,1.2154810119552004,0.22012578616352196,0.3834895494784252,33,218,0.15137614678899083
SC391_cnv_19_R14C57yesS_SC391_37_W_B1,7.02447,5.8359265,2,0.8654534514385178,97.9591836734694,0.861536538748849,0.4518616882680986,1.1249261107003845,0.2536443148688047,0.3938475955235569,36,300,0.12
SC391_cnv_19_R14C5yesS_SC391_37_W_B1,10.52355,8.020471,3,0.6755025065924686,92.45562130177514,0.7084772534025895,0.393375500326474,1.137603758356648,0.24761904761904763,0.4138044717166767,20,141,0.14184397163120568
SC391_cnv_19_R14C63yesS_SC391_37_W_B2,7.7780204,6.7817097,2,0.7828101201617054,75.7556627357895,0.7413099292856955,0.6282989154147983,0.7904341103141371,0.39303482587064675,0.3884457133970221,30,271,0.11070110701107011
SC391_cnv_19_R15C0yesS_SC391_37_W_B1,6.854259,5.8523498,2,0.856621193874515,100.23722810651876,0.85049846545625,0.3661431859809266,0.89286197907268,0.21637426900584789,0.2856748499016252,27,254,0.1062992125984252
SC391_cnv_19_R15C10yesS_SC391_37_W_B2,11.719506,4.353494,3,0.8719096975185048,103.5143108534755,0.8470242923619405,0.4908483612069292,1.9104598852270076,0.28723404255319146,0.36977511860091333,11,181,0.06077348066298342
SC391_cnv_19_R15C11yesS_SC391_37_W_B2,10.217978,7.2789326,3,0.700202920944969,88.999644001424,0.7807938814424705,0.37580968964751005,0.9885799699197213,0.2429906542056075,0.34436959664454786,14,145,0.09655172413793103
SC391_cnv_19_R15C17yesS_SC391_37_W_B2,7.6058583,6.503993,2,0.8506305454129174,121.70879143170107,0.8722868753209787,0.32684865837313826,1.2688449690405983,0.24025974025974028,0.3284932975647938,24,224,0.10714285714285714
SC391_cnv_19_R15C25yesS_SC391_37_W_B1,11.770611,8.33551,3,0.8341252860932652,87.71545107670717,0.858491228511926,0.5379965437019966,1.1102245848984635,0.19999999999999996,0.31863596669948907,24,248,0.0967741935483871
SC391_cnv_19_R15C26yesS_SC391_37_W_B1,7.2796803,5.5497017,2,1.0181521924950756,146.7064404127341,1.0633069360244587,0.3694159541856603,0.909793912670898,0.2127659574468086,0.22480472881534236,23,224,0.10267857142857142
SC391_cnv_19_R15C30yesS_SC391_37_W_B2,10.206878,8.363117,3,0.7675397474520558,96.4506172839506,0.7262690456358766,0.42654116073013526,1.0436162095319852,0.23287671232876717,0.2910012782006842,26,239,0.1087866108786611
SC391_cnv_19_R15C32yesS_SC391_37_W_B2,7.2620797,5.816401,2,0.6897296876099454,132.1178491214163,0.5655578591518939,0.36284000188987253,0.890034380577013,0.23863636363636365,0.34726291362825806,19,130,0.14615384615384616
SC391_cnv_19_R15C35yesS_SC391_37_W_B2,7.750803,10.792561,3,0.8553343279201067,115.73627560665098,0.8036756601380621,0.6189880637855358,1.11577379288988,0.4228395061728395,0.35372592532372926,32,247,0.12955465587044535
SC391_cnv_19_R15C37yesS_SC391_37_W_B1,7.1292443,6.5399375,2,0.8204368037802278,111.38338159946537,0.7779791168714975,0.37953881919397925,1.382306324699853,0.2518518518518519,0.3635735753331672,25,194,0.12886597938144329
SC391_cnv_19_R15C41yesS_SC391_37_W_B1,10.08504,11.199838,3,0.8473849643683831,92.55402841408673,0.825793593527159,0.9031424324634549,0.811237415358202,0.9236111111111112,0.3391060847464949,23,163,0.1411042944785276
SC391_cnv_19_R15C43yesS_SC391_37_W_B1,7.5144815,6.610826,2,0.9089536845705283,130.6122448979592,0.9196013534263574,0.5253769279723778,1.3960016280760268,0.3160919540229885,0.3834485231580425,26,248,0.10483870967741936
SC391_cnv_19_R15C47yesS_SC391_37_W_B2,10.979068,8.368235,3,0.6281669576171028,129.13223140495867,0.4903808077662511,0.37653856589492646,1.0385471712323775,0.2134831460674157,0.3254359612822493,17,144,0.11805555555555555
SC391_cnv_19_R15C54yesS_SC391_37_W_B1,8.075626,12.63055,3,0.8096772131862507,79.71938775510203,0.7930692331497349,0.40064150851907815,1.2292924144555986,0.2654867256637168,0.4148610350787074,14,127,0.11023622047244094
SC391_cnv_19_R15C57yesS_SC391_37_W_B1,10.990147,8.333582,3,0.8335545579603548,78.125,0.8516406260512439,0.4251948865341314,1.2568549430738911,0.22012578616352196,0.38380295251602087,33,242,0.13636363636363635
SC391_cnv_19_R15C58yesS_SC391_37_W_B1,11.181954,7.6241217,3,0.8246166159225873,82.1827744904668,0.8194395423010276,0.40955885674655373,1.0266421396183951,0.1923076923076923,0.35257748235319675,30,228,0.13157894736842105
SC391_cnv_19_R15C62yesS_SC391_37_W_B1,10.922079,6.8723583,3,0.7429778420357777,118.34319526627219,0.720607923540054,0.4036384545815982,1.0522018456863713,0.255639097744361,0.35657891083204857,18,197,0.09137055837563451
SC391_cnv_19_R15C6yesS_SC391_37_W_B1,7.0506835,6.0267816,2,0.7987345341753753,120.18508503094766,0.7737484698969259,0.4442289250440504,1.3263708862879686,0.2692307692307693,0.42023576316709127,19,180,0.10555555555555556
SC391_cnv_19_R15C8yesS_SC391_37_W_B1,7.1180053,6.1382456,2,0.900762001261641,140.0511186583103,0.8851726945925201,0.5865002152069361,1.7380212272547177,0.4513274336283186,0.522950706207843,31,244,0.12704918032786885
SC391_cnv_19_R16C14yesS_SC391_37_W_B2,11.745674,5.7958913,3,0.7749914738377996,102.04081632653062,0.73168650973805,0.4480487381329231,0.9869486229269846,0.19148936170212771,0.33227616952827616,23,231,0.09956709956709957
SC391_cnv_19_R16C1yesS_SC391_37_W_B1,7.8704486,8.810657,3,1.0077739273892155,0.0,0.0,0.7728140437771979,0.616028115617218,0.9090909090909092,0.3828904404036987,9,121,0.0743801652892562
SC391_cnv_19_R16C20yesS_SC391_37_W_B1,10.149394,8.465315,3,0.78594543431687,88.8888888888889,0.7515470972770999,0.4605627574713065,1.4446872438546619,0.23026315789473695,0.39879172039754085,13,194,0.06701030927835051
SC391_cnv_19_R16C23yesS_SC391_37_W_B1,8.760027,7.499071,2,7.565852502664686e-05,0.0,0.0,0.8542534808267186,0.793725393319378,0.7166666666666666,0.36277454778562246,17,154,0.11038961038961038
SC391_cnv_19_R16C24yesS_SC391_37_W_B1,10.943819,8.260155,3,0.7149499350912761,98.02960494069208,0.7507698875861617,0.4146525300925388,1.0540707010368382,0.2178217821782178,0.39986833051685494,21,146,0.14383561643835616
SC391_cnv_19_R16C30yesS_SC391_37_W_B2,7.4199443,6.2072535,2,1.021111201637081,97.80429360848942,1.0175041482830123,0.5540421774369524,0.9054656671049579,0.3776223776223776,0.4062248099303694,24,206,0.11650485436893204
SC391_cnv_19_R16C36yesS_SC391_37_W_B1,10.876406,8.195494,3,0.8454247119630132,103.80622837370242,0.8430494785738976,0.43385286869238,1.469723241933201,0.21176470588235297,0.4010761934529587,23,251,0.09163346613545817
SC391_cnv_19_R16C42yesS_SC391_37_W_B1,10.245207,7.042622,3,0.7779952575574389,106.55868719697372,0.7611678053249886,0.4352930618462117,1.1890750094976257,0.2517985611510791,0.38232237605977243,29,205,0.14146341463414633
SC391_cnv_19_R16C44yesS_SC391_37_W_B1,11.807199,8.37028,3,0.8592825259700952,95.25986892242037,0.8854971212207434,0.6250641204415985,1.5709390674476806,0.23750000000000004,0.3212460071859388,31,277,0.11191335740072202
SC391_cnv_19_R16C46yesS_SC391_37_W_B2,7.405891,6.0171585,2,0.8658850108148367,107.5692925526193,0.8593369644032415,0.37175365751303924,1.2731564084162161,0.23170731707317072,0.3920024028373073,34,257,0.13229571984435798
SC391_cnv_19_R16C47yesS_SC391_37_W_B2,10.093168,8.284488,3,0.6901878687516064,96.11687812379854,0.7440300701240902,0.37137584376798993,1.0326919208376082,0.23300970873786409,0.3836417672559621,15,147,0.10204081632653061
SC391_cnv_19_R16C50yesS_SC391_37_W_B2,-0.37470454,6.3427,0,0.5665929986064547,0.0,0.0,0.6921663118521121,0.5842873471679854,0.7586206896551724,0.2816371828413551,6,115,0.05217391304347826
SC391_cnv_19_R16C69yesS_SC391_37_W_B2,11.756904,8.334774,3,0.8398415405157463,91.30752373995617,0.8655661231441573,0.5218010886525993,0.9645841029858594,0.17006802721088432,0.23184785015314893,21,246,0.08536585365853659
SC391_cnv_19_R16C9yesS_SC391_37_W_B2,6.8829174,5.943096,2,0.8558868172583732,114.46624390467251,0.8641999350831724,0.3722818688866828,1.0406260514129257,0.224390243902439,0.332177368196315,30,336,0.08928571428571429
SC391_cnv_19_R17C0yesS_SC391_37_W_B1,7.854382,6.632286,2,0.7887434626865001,68.86933764914515,0.7660784536737489,0.49117135046235916,1.115552104728664,0.3319672131147541,0.5070557162266999,39,353,0.11048158640226628
SC391_cnv_19_R17C10yesS_SC391_37_W_B2,10.958065,8.178023,3,0.7809416702607739,116.54332498106172,0.7105367868579116,0.3536609920412012,0.8579691784155837,0.16666666666666663,0.2858076710419246,18,192,0.09375
SC391_cnv_19_R17C14yesS_SC391_37_W_B2,9.770028,7.173128,3,0.7511263717705885,108.13148788927336,0.7220010505173045,0.36954647618106984,1.039848760269686,0.21739130434782616,0.2785124908309703,21,207,0.10144927536231885
SC391_cnv_19_R17C21yesS_SC391_37_W_B1,7.084671,6.242267,2,0.7823435212813986,96.4506172839506,0.7478130301410154,0.3663744467181773,1.1825122896194662,0.21379310344827585,0.38236441527051795,24,209,0.11483253588516747
SC391_cnv_19_R17C22yesS_SC391_37_W_B1,11.9335165,10.618338,3,0.5898986136564668,0.0,0.0,0.5129170485156159,0.9297929383406659,0.36986301369863017,0.3136580428841522,16,132,0.12121212121212122
SC391_cnv_19_R17C30yesS_SC391_37_W_B2,-0.759335,6.6739955,0,0.7766038708292434,59.07372400756144,0.790366432714219,0.14342720901816264,1.150865620084426,0.14130434782608692,0.3839743786802261,0,243,0.0
SC391_cnv_19_R17C32yesS_SC391_37_W_B2,7.102169,6.1469135,2,0.8768806198538514,171.46776406035664,0.87512607284987,0.4013542375975957,1.1772003867809206,0.2777777777777778,0.42446552453638176,20,144,0.1388888888888889
SC391_cnv_19_R17C33yesS_SC391_37_W_B2,7.164865,6.3293595,2,0.7553689112514931,168.66250632484397,0.71687044598013,0.3891545397713988,1.0131448229513205,0.28205128205128205,0.3530394509928522,8,101,0.07920792079207921
SC391_cnv_19_R17C37yesS_SC391_37_W_B1,7.100754,10.895799,3,0.8973880726315955,141.7233560090703,0.9101837466500975,0.4811248348245484,1.9695121173101944,0.2912912912912913,0.40961875341044646,20,219,0.091324200913242
SC391_cnv_19_R17C39yesS_SC391_37_W_B1,11.219401,7.629667,3,0.8393738870500549,106.28122010840686,0.8240528754868015,0.40445766820358353,1.0537673066947657,0.17268041237113407,0.3179757706346727,26,278,0.09352517985611511
SC391_cnv_19_R17C40yesS_SC391_37_W_B1,10.667313,8.2438755,3,0.8133149382219302,79.71091508130513,0.8001973286612479,0.37979629154505923,1.2285023800141612,0.22164948453608257,0.32882903183039525,31,255,0.12156862745098039
SC391_cnv_19_R17C45yesS_SC391_37_W_B2,6.9547777,6.047694,2,0.8596823573276099,90.15466031977859,0.8615741311933612,0.4001100121198381,1.072358442844469,0.24663677130044848,0.3781639436544953,46,351,0.13105413105413105
SC391_cnv_19_R17C52yesS_SC391_37_W_B2,7.9330025,7.467917,2,0.9226034304621545,156.05006085952374,0.8965891002044677,0.604969089017045,1.633271653216239,0.4116022099447514,0.46813210341102246,31,216,0.14351851851851852
SC391_cnv_19_R17C57yesS_SC391_37_W_B1,10.550735,7.048259,3,0.9379719537929011,150.8978421608571,0.9352463850321117,0.4119961740223146,2.175825906658861,0.3049645390070922,0.4492476099772787,26,358,0.07262569832402235
SC391_cnv_19_R17C60yesS_SC391_37_W_B1,11.084706,8.138806,3,0.828937884939036,100.77936038699274,0.8253398062771696,0.4474710785032897,1.4467212823591156,0.2008196721311475,0.31343395304364097,42,373,0.1126005361930295
SC391_cnv_19_R17C66yesS_SC391_37_W_B2,10.95288,8.080219,3,0.8151448462668486,95.75792396820836,0.83271512562407,0.48766453345285,2.4352539572494303,0.375,0.41157307810875937,19,264,0.07196969696969698
SC391_cnv_19_R18C0yesS_SC391_38_W_C1,12.725395,11.364606,3,0.7913088341089902,83.40109672442192,0.8077153655040141,0.35618091011309316,0.8228151635625284,0.15909090909090917,0.3662124481633592,31,336,0.09226190476190477
SC391_cnv_19_R18C17yesS_SC391_38_W_C2,-0.5372195,5.807553,0,0.7991507473538543,77.26184037703779,0.8115349297421928,0.06916344381798502,0.9419336273947265,0.07615894039735094,0.2318575201736125,2,359,0.005571030640668524
SC391_cnv_19_R18C18yesS_SC391_38_W_C1,11.94888,11.659579,3,0.6637196085394064,115.62030292519366,0.6323301481295593,0.31771387223227165,0.8264999268736046,0.2315789473684211,0.2972429471640487,9,124,0.07258064516129033
SC391_cnv_19_R18C25yesS_SC391_38_W_C1,10.495585,10.631781,3,0.9205560922212607,71.38607971445568,0.9089929805868766,0.38234181353141833,1.108662933360546,0.21844660194174748,0.4237064796694559,24,296,0.08108108108108109
SC391_cnv_19_R18C27yesS_SC391_38_W_C2,10.454693,10.587912,3,0.8529033638141688,108.1665765278529,0.8572157926006696,0.38094690987105573,1.215699590479205,0.23113207547169812,0.38246223423569675,30,305,0.09836065573770492
SC391_cnv_19_R18C28yesS_SC391_38_W_C2,12.923217,11.238066,3,0.8649687333955858,124.84004868761899,0.8789084472711182,0.5037953081786986,1.8563637404994004,0.3615819209039548,0.505288642391895,33,255,0.12941176470588237
SC391_cnv_19_R18C37yesS_SC391_38_W_C1,12.153767,11.862434,3,0.8425221284392566,64.0,0.8431816082059524,0.5139311001007778,1.4218513299973723,0.3565891472868217,0.4703931242677179,18,188,0.09574468085106383
SC391_cnv_19_R18C38yesS_SC391_38_W_C1,9.255496,9.86612,3,0.9331007211914003,98.76543209876543,0.9513173614505199,0.36627901480414,1.9355373860903353,0.26905829596412567,0.3857934351004056,33,284,0.11619718309859155
SC391_cnv_19_R18C41yesS_SC391_38_W_C1,6.959206,6.9527063,2,1.023771253862341,120.75836251660427,0.713573526149989,0.4270160663329219,1.3161816454038027,0.30434782608695654,0.4631621312572074,23,178,0.12921348314606743
SC391_cnv_19_R18C45yesS_SC391_38_W_C2,10.942001,11.063276,3,0.8548151300069071,101.34678618080267,0.8531070886289792,0.3225368223804905,1.3887958842064747,0.24745762711864416,0.4710738529784509,49,384,0.12760416666666666
SC391_cnv_19_R18C46yesS_SC391_38_W_C2,11.186996,12.265823,3,0.8520782404788527,91.23017372831654,0.8455199687387593,0.43539575952213083,1.7005324103841917,0.3097826086956522,0.4580801048423402,43,366,0.11748633879781421
SC391_cnv_19_R18C48yesS_SC391_38_W_C2,11.1412,12.205192,3,0.8354645346813352,83.40109672442192,0.8395769553876418,0.4449709915912998,1.243367929556137,0.28767123287671237,0.45725815151571486,35,328,0.10670731707317073
SC391_cnv_19_R18C50yesS_SC391_38_W_C2,-0.45734763,5.9293237,0,0.8547056812416812,98.02960494069208,0.8681129864669239,0.19458392534245839,1.6063468708325235,0.19117647058823528,0.37789754074425164,1,232,0.004310344827586207
SC391_cnv_19_R18C52yesS_SC391_38_W_C2,11.520052,11.626436,3,0.8436954198574309,120.1730491908348,0.8518585169979659,0.3944153988641787,1.126120712809144,0.2571428571428571,0.44062741514609416,22,217,0.10138248847926268
SC391_cnv_19_R18C53yesS_SC391_38_W_C2,12.008261,12.400611,3,0.9795132886370004,200.7135041340507,0.977153052562377,0.5460630704398857,2.697243485004225,0.4198473282442748,0.47282369866303514,50,474,0.10548523206751055
SC391_cnv_19_R18C54yesS_SC391_38_W_C1,11.532516,11.324228,3,0.8292046165670829,123.4567901234568,0.8373079567530541,0.39937803460350957,1.2669833853466825,0.23888888888888893,0.42984838132499176,17,236,0.07203389830508475
SC391_cnv_19_R18C58yesS_SC391_38_W_C1,7.065246,11.168365,3,0.9277399221322604,152.41579027587258,0.9155444424533133,0.6155328689573971,2.6754032983009934,0.41787941787941785,0.4780216995983673,41,322,0.12732919254658384
SC391_cnv_19_R18C60yesS_SC391_38_W_C1,11.393425,12.354186,3,0.8551350298499228,104.26305568950461,0.850644159134077,0.3789048209161831,1.061482297156335,0.25270758122743686,0.4093244019494776,30,379,0.079155672823219
SC391_cnv_19_R18C62yesS_SC391_38_W_C1,8.172442,11.31304,3,0.8983740235798617,91.30752373995617,0.7928200253438763,0.820228356513756,1.7392643233976712,0.8051948051948052,0.6043143626237729,25,214,0.11682242990654206
SC391_cnv_19_R18C65yesS_SC391_38_W_C2,11.169397,12.015598,3,0.8267528063558268,90.70294784580499,0.8221561605252932,0.3811311758849921,1.4677281363057024,0.31753554502369663,0.4542821781512829,23,268,0.08582089552238806
SC391_cnv_19_R18C66yesS_SC391_38_W_C2,10.726247,11.287353,3,0.8556931696613898,129.19827089647453,0.8572453633593534,0.3849336551290009,1.411227274237556,0.2325581395348837,0.40073639977834913,36,332,0.10843373493975904
SC391_cnv_19_R18C67yesS_SC391_38_W_C2,11.20516,12.266545,3,0.8335836296214586,93.000186000372,0.8249506484961339,0.3927027264418602,1.53946313171778,0.26771653543307083,0.4480290758226701,31,356,0.08707865168539326
SC391_cnv_19_R18C6yesS_SC391_38_W_C1,12.594561,11.806543,3,0.842237544701857,136.79422728360862,0.8311405216159662,0.4051470270841789,1.4414317568849864,0.2434017595307918,0.43191568209179415,27,223,0.1210762331838565
SC391_cnv_19_R18C70yesS_SC391_38_W_C2,12.650541,11.215439,3,0.5961628558500156,102.03040506070809,0.5805517978940501,0.28668116131271115,0.9560070614157794,0.19999999999999996,0.3663042473776484,11,158,0.06962025316455696
SC391_cnv_19_R18C7yesS_SC391_38_W_C1,11.786287,10.766515,3,0.826367124451402,93.63003651571424,0.8292832466420529,0.42125798148628313,1.1319426488918993,0.2122905027932961,0.3935343143952212,29,277,0.10469314079422383
SC391_cnv_19_R19C13yesS_SC391_38_W_C2,9.34645,11.113915,3,0.8383191375613429,133.64963747535833,0.8422281223607472,0.5802584388419679,1.4490469102823067,0.40588235294117647,0.5229420359070399,21,216,0.09722222222222222
SC391_cnv_19_R19C15yesS_SC391_38_W_C2,11.476944,10.5775175,3,0.7866369362071229,102.03040506070809,0.7120602772069601,0.41261077646124644,1.0674495113271791,0.33999999999999997,0.47761551258023316,7,101,0.06930693069306931
SC391_cnv_19_R19C17yesS_SC391_38_W_C2,8.516468,11.666713,3,0.8846671424397505,132.85152513550855,0.8886214920184825,0.5046726887704973,1.8944739057407514,0.32291666666666663,0.37374237999737675,44,234,0.18803418803418803
SC391_cnv_19_R19C19yesS_SC391_38_W_C1,11.08954,12.249716,3,0.8475413561966793,135.20822065981613,0.8394017987099283,0.4784821299293681,1.8519708816935045,0.3255813953488372,0.4704364653528906,25,235,0.10638297872340426
SC391_cnv_19_R19C1yesS_SC391_38_W_C1,12.740104,11.46937,3,0.8889994544472258,134.2317914574888,0.8945134409161384,0.5568891630706299,2.0130216704373503,0.3471502590673575,0.4601359336880742,30,240,0.125
SC391_cnv_19_R19C21yesS_SC391_38_W_C1,12.832197,11.629079,3,0.8115822823858307,95.78429377042899,0.8005668012953171,0.4462259950256291,1.7431100185939548,0.34013605442176864,0.3309464560654414,40,243,0.1646090534979424
SC391_cnv_19_R19C2yesS_SC391_38_W_C1,10.962017,10.621716,3,0.8856627024095272,138.4083044982699,0.8800634018796234,0.5461750518688805,1.688225046084903,0.37058823529411766,0.5194550989556461,24,219,0.1095890410958904
SC391_cnv_19_R19C48yesS_SC391_38_W_C2,12.684695,11.620995,3,0.8814323928431493,112.44167088322934,0.8773341111395435,0.5128423531895206,1.0162071440473976,0.3390557939914163,0.40076735627459287,34,327,0.10397553516819572
SC391_cnv_19_R19C56yesS_SC391_38_W_C1,11.038003,11.282164,3,0.8477896688522427,98.02960494069208,0.8492831500939331,0.3803720616043203,1.3866055189309758,0.24875621890547261,0.3865185367948399,33,308,0.10714285714285714
SC391_cnv_19_R19C59yesS_SC391_38_W_C1,10.494278,10.714245,3,0.8417236245950782,91.57299512373801,0.8668923604022573,0.48932839208996437,1.2206668584776825,0.327710843373494,0.39072291742453746,30,266,0.11278195488721804
SC391_cnv_19_R19C62yesS_SC391_38_W_C1,12.380523,11.089401,3,0.9205950471809696,152.85177744781203,0.9084641696001992,0.4848993898416786,1.8893245009297426,0.31775700934579443,0.5089905213244752,38,268,0.1417910447761194
SC391_cnv_19_R19C63yesS_SC391_38_W_C2,12.48883,11.871353,3,0.8297089615265264,85.73388203017832,0.8383623481105528,0.37678499799023935,1.1725912386703785,0.17674418604651165,0.4260151537480162,42,337,0.12462908011869436
SC391_cnv_19_R19C65yesS_SC391_38_W_C2,9.170659,9.664978,3,0.9030220172009243,151.511325471579,0.9052069950413666,0.2285774520698669,1.4038827054790257,0.195,0.46851653248365394,22,216,0.10185185185185185
SC391_cnv_19_R19C69yesS_SC391_38_W_C2,11.669419,10.6855545,3,0.9334407831560539,164.95428409840702,0.9359174373169951,0.4304497859708429,1.2862108113870612,0.2961165048543689,0.4662860559527871,26,237,0.10970464135021098
SC391_cnv_19_R19C70yesS_SC391_38_W_C2,12.920966,11.638378,3,0.8038688638534034,93.82623381497467,0.7620417081056322,0.3849045501080358,1.193220338983051,0.22711864406779658,0.4135681538095996,33,218,0.15137614678899083
SC391_cnv_19_R19C71yesS_SC391_38_W_C2,11.329624,10.842118,3,0.7768973289818157,68.02721088435374,0.7678753229877266,0.5253788666419841,0.9051319828196773,0.41273584905660377,0.5518084340303824,27,252,0.10714285714285714
SC391_cnv_19_R1C10yesS_SC391_37_W_A2,7.6818485,6.525083,2,0.8554437660155931,128.0,0.8331261568626394,0.4177185073816858,1.194829058057159,0.3875968992248062,0.40457520710704864,20,144,0.1388888888888889
SC391_cnv_19_R1C12yesS_SC391_37_W_A2,8.152808,6.7200184,2,0.7698049616048807,71.7128617017462,0.7089186941851113,0.6671492747266164,0.631735505975549,0.43452380952380953,0.4018524856352333,19,231,0.08225108225108226
SC391_cnv_19_R1C27yesS_SC391_37_W_A2,-0.7830399,6.8187976,0,0.7342639594153106,56.532308214144386,0.6901334559359282,0.04204355825480442,0.7774596062983797,0.08270676691729317,0.19219837436082668,0,150,0.0
SC391_cnv_19_R1C30yesS_SC391_37_W_A2,10.850238,6.8910913,3,0.8113652368039955,96.4506172839506,0.7568229068979563,0.38470932210249664,0.8437432387994442,0.23972602739726023,0.3894806369566238,19,200,0.095
SC391_cnv_19_R1C32yesS_SC391_37_W_A2,7.664018,8.063269,3,0.00690394976570476,0.0,0.0,0.7100481968279977,1.2337586270220293,0.6666666666666667,0.36775002092758025,10,86,0.11627906976744186
SC391_cnv_19_R1C34yesS_SC391_37_W_A2,7.742442,6.281298,2,0.9167074495483535,150.03429355281207,0.9249796272312123,0.3878915618568799,1.1627143210529514,0.28301886792452835,0.4424614237729067,33,280,0.11785714285714285
SC391_cnv_19_R1C37yesS_SC391_37_W_A1,7.5955434,5.924286,2,0.7853068631238651,95.12485136741974,0.7688876572538839,0.3714315509618047,1.0127147113271278,0.25850340136054417,0.4601645259785794,29,183,0.15846994535519127
SC391_cnv_19_R1C39yesS_SC391_37_W_A1,8.354936,6.1801286,2,0.847726904691861,73.52220370551906,0.8609990398156109,0.4856813994186066,1.1665333257134158,0.26,0.40026826723355013,31,272,0.11397058823529412
SC391_cnv_19_R1C48yesS_SC391_37_W_A2,7.387535,5.834011,2,0.6655884770514434,0.0,0.0,0.36667290145333314,0.889775279533669,0.2278481012658229,0.3238078775126207,19,171,0.1111111111111111
SC391_cnv_19_R1C53yesS_SC391_37_W_A2,7.5370135,6.5101113,2,0.8516702374855263,114.73716992574866,0.8631930810309728,0.5026470339958957,1.8100708065247877,0.2967479674796748,0.4575547161119964,41,375,0.10933333333333334
SC391_cnv_19_R1C59yesS_SC391_37_W_A1,8.884438,8.758675,3,0.6861086253958846,110.80332409972299,0.6163729314784968,0.3924797259195746,1.0906201553354897,0.3125,0.40834506852075686,16,120,0.13333333333333333
SC391_cnv_19_R1C5yesS_SC391_37_W_A1,7.3832498,6.1274333,2,0.7748549296503011,95.12485136741974,0.7579327141605897,0.3914258282852061,1.316233971928122,0.26530612244897955,0.3451374749424447,29,197,0.14720812182741116
SC391_cnv_19_R1C65yesS_SC391_37_W_A2,10.995563,8.422131,3,0.8026601279620674,74.360499702558,0.822903832468199,0.39306994093289926,1.1569067480528852,0.16463414634146345,0.30978671123045515,30,249,0.12048192771084337
SC391_cnv_19_R1C67yesS_SC391_37_W_A2,7.179998,7.056999,2,0.8640828826979761,103.30578512396694,0.8636436053959503,0.4362443985328688,2.132249421346372,0.30000000000000004,0.38248957484127183,40,305,0.13114754098360656
SC391_cnv_19_R1C7yesS_SC391_37_W_A1,7.5210705,5.9345665,2,0.7524184431614683,62.98815822625347,0.7430638122355293,0.39654682241390704,1.3067901164713422,0.26771653543307083,0.40412413558603627,24,208,0.11538461538461539
SC391_cnv_19_R20C13yesS_SC391_38_W_C2,11.665815,11.839766,3,0.7588638125470232,59.07372400756144,0.7687759389133959,0.457104927839944,0.7302293735594784,0.4054054054054054,0.3132674635336379,19,236,0.08050847457627118
SC391_cnv_19_R20C17yesS_SC391_38_W_C2,11.7486,11.48574,3,0.9154292594269255,121.74336498660823,0.9631253397580086,0.4954591354884549,1.93760977474444,0.3561643835616438,0.5213903513653215,36,293,0.12286689419795221
SC391_cnv_19_R20C18yesS_SC391_38_W_C1,10.827006,5.944021,3,0.7917301689056938,182.61504747991233,0.7035808945575787,0.5756144006044969,0.9489205078309715,0.39473684210526316,0.48709024225410585,12,99,0.12121212121212122
SC391_cnv_19_R20C26yesS_SC391_38_W_C1,12.554226,11.27337,3,0.9290823595389823,189.37002903673778,0.9279158898807277,0.749289357005075,1.6761812935060174,0.5172413793103448,0.5118264966667747,22,261,0.0842911877394636
SC391_cnv_19_R20C32yesS_SC391_38_W_C2,13.158978,11.619899,3,0.8650572063141169,212.5624402168137,0.855810221741832,0.7724064545439815,1.6965035997333904,0.43434343434343436,0.4921263663093477,20,169,0.11834319526627218
SC391_cnv_19_R20C34yesS_SC391_38_W_C2,11.613438,11.863252,3,0.8386726376868505,107.38543316599103,0.8389771884623582,0.4357511702289709,1.3048058346493172,0.2938144329896908,0.5194322293174138,32,257,0.1245136186770428
SC391_cnv_19_R20C35yesS_SC391_38_W_C2,11.013188,11.334436,3,0.8563507608246018,118.9767995240928,0.8376084982766506,0.4233017108365529,1.8901647114210236,0.2878048780487805,0.40521206059843584,22,265,0.0830188679245283
SC391_cnv_19_R20C47yesS_SC391_38_W_C2,11.224708,12.324265,3,0.6795995411738185,100.0,0.6864381019948506,0.3457105139252239,0.8879175601517211,0.2376237623762376,0.3492347268172812,23,163,0.1411042944785276
SC391_cnv_19_R20C48yesS_SC391_38_W_C2,11.128599,12.315363,3,0.841568797964176,78.125,0.8565032009751528,0.3716605937115766,1.2004508102070401,0.26415094339622647,0.40355997196460824,28,227,0.12334801762114538
SC391_cnv_19_R20C50yesS_SC391_38_W_C2,12.370922,11.22694,3,0.8507998407846498,135.12904824107022,0.8292643256307167,0.5980637099474778,1.650683181811596,0.3666666666666667,0.4401560412174676,22,221,0.09954751131221719
SC391_cnv_19_R20C53yesS_SC391_38_W_C2,11.003332,11.543854,3,0.8373067798913729,84.94552867973412,0.7851966403142778,0.605596438819007,1.1517592460201493,0.46818181818181814,0.4165069398250126,34,317,0.10725552050473186
SC391_cnv_19_R20C54yesS_SC391_38_W_C1,9.341485,9.995078,3,0.7117636887944915,60.09254251547383,0.732949907386053,0.3936725618895868,1.1913166029006104,0.23664122137404575,0.435878366987761,23,197,0.116751269035533
SC391_cnv_19_R20C57yesS_SC391_38_W_C1,12.24545,11.273387,3,0.8363920641798204,101.4061654948621,0.8315771982114355,0.38458906907204,1.2996802509495757,0.2529411764705882,0.4266126698165792,30,241,0.12448132780082988
SC391_cnv_19_R20C67yesS_SC391_38_W_C2,12.286104,11.847314,3,0.8256887118304505,108.50694444444444,0.8283301294186591,0.36305765644065513,0.9756697244676751,0.22395833333333326,0.4355947793691231,33,282,0.11702127659574468
SC391_cnv_19_R20C68yesS_SC391_38_W_C2,11.418292,11.473901,3,0.8227309055404421,81.13919428780072,0.8318199625509454,0.4030710003100427,1.551284899350379,0.25806451612903225,0.40121671291601085,22,228,0.09649122807017543
SC391_cnv_19_R20C7yesS_SC391_38_W_C1,11.287202,12.045338,3,0.8129639343901988,102.04081632653062,0.7860194222477491,0.5540460451021798,1.6043994476612577,0.41666666666666663,0.5328863527948333,22,194,0.1134020618556701
SC391_cnv_19_R20C9yesS_SC391_38_W_C2,12.258313,10.76792,3,0.7919706474044091,103.80622837370242,0.7692589644975754,0.6367144198335253,1.9242857178053785,0.47126436781609193,0.44097816431405723,20,231,0.08658008658008658
SC391_cnv_19_R21C11yesS_SC391_38_W_C2,12.770969,11.396946,3,0.7623124522364839,75.61436672967864,0.7725044644916815,0.4181213410693035,1.5199642258465595,0.2881355932203389,0.5580398208351156,21,155,0.13548387096774195
SC391_cnv_19_R21C13yesS_SC391_38_W_C2,12.871088,11.522773,3,0.8051170187815431,87.65522279035793,0.8138657645541534,0.45926660320042384,1.9247085095608971,0.30434782608695654,0.39400628316574265,35,280,0.125
SC391_cnv_19_R21C1yesS_SC391_38_W_C1,6.0303354,9.094773,1,0.8970949732450791,147.6843100189036,0.8906838742040848,0.4194025656933924,1.3336515875513535,0.3297297297297297,0.5438821678890754,16,244,0.06557377049180328
SC391_cnv_19_R21C25yesS_SC391_38_W_C1,11.069511,12.255293,3,0.8081937758672944,96.4506172839506,0.7877584579175699,0.5051914233517876,1.621935727997246,0.36986301369863017,0.48787598803387966,20,206,0.0970873786407767
SC391_cnv_19_R21C2yesS_SC391_38_W_C1,9.254429,11.242857,3,0.8913740013725602,129.8476454293629,0.8876491196207932,0.49105363263513147,1.7538782423215376,0.30666666666666664,0.4652515637680455,14,186,0.07526881720430108
SC391_cnv_19_R21C30yesS_SC391_38_W_C2,9.093753,9.972634,3,0.8515304855430015,118.66619200189866,0.8781967000416233,0.41915194834530156,1.826951343997309,0.36250000000000004,0.5284506795506466,21,220,0.09545454545454546
SC391_cnv_19_R21C42yesS_SC391_38_W_C1,-0.8290032,6.615647,0,0.8034144073481261,72.57947452460444,0.8090148363569664,0.13837163099154162,1.2189121331601327,0.14371257485029942,0.3860575138099296,0,189,0.0
SC391_cnv_19_R21C43yesS_SC391_38_W_C1,12.923219,11.375164,3,0.8396391642517732,107.5692925526193,0.8559337746303621,0.5555324535789301,1.6751543622523095,0.3719512195121951,0.4991449726676925,35,257,0.13618677042801555
SC391_cnv_19_R21C46yesS_SC391_38_W_C2,11.481064,11.5318365,3,0.9255493513515687,157.79092702169623,0.9307525314829568,0.4017993238452878,1.1694703402831816,0.23834196891191706,0.3944953993265503,23,259,0.0888030888030888
SC391_cnv_19_R21C51yesS_SC391_38_W_C2,-0.71152747,5.9236674,0,0.8189754772459649,111.38338159946537,0.814716501569471,0.3961407791766645,1.5045935174965237,0.3527272727272728,0.5183676991636572,0,168,0.0
SC391_cnv_19_R21C62yesS_SC391_38_W_C1,-0.7148823,6.1256533,0,0.6906470721481897,50.2992807202857,0.6510920690771312,0.06951020389048126,0.9745333301233643,0.099290780141844,0.1969788223173791,2,174,0.011494252873563218
SC391_cnv_19_R21C64yesS_SC391_38_W_C2,11.11647,11.319922,3,0.8801570144698239,82.23458786765714,0.878175527990138,0.3995655980335,1.6153299831470407,0.26455026455026454,0.35497720511643327,27,243,0.1111111111111111
SC391_cnv_19_R21C65yesS_SC391_38_W_C2,10.14044,11.563064,3,0.7812959362583118,84.33125316242199,0.707955592540054,0.2990407664691198,0.8898976234944364,0.2398753894080996,0.33560399602009316,20,231,0.08658008658008658
SC391_cnv_19_R21C66yesS_SC391_38_W_C2,11.0767765,12.265826,3,0.8296109553145855,88.8888888888889,0.7983267072216635,0.42546588852865846,1.2198477219738195,0.28104575163398693,0.43005960803233295,24,228,0.10526315789473684
SC391_cnv_19_R21C6yesS_SC391_38_W_C1,10.569411,11.362921,3,0.92929679264271,156.05006085952374,0.8974542625717403,0.6788010316447499,0.9826935147946716,0.543956043956044,0.5226935084207481,25,215,0.11627906976744186
SC391_cnv_19_R22C11yesS_SC391_38_W_C2,11.357755,11.946748,3,0.8793005234057154,150.55139448229139,0.827923874555933,0.6075106120212436,1.514206669557348,0.4036144578313252,0.5834648273116113,25,207,0.12077294685990338
SC391_cnv_19_R22C13yesS_SC391_38_W_C2,12.961807,11.345225,3,0.911197661157409,162.76041666666666,0.8989679675016025,0.6637561835817966,1.4483086627530168,0.5161290322580645,0.5898033981758467,39,296,0.13175675675675674
SC391_cnv_19_R22C19yesS_SC391_38_W_C1,11.420351,12.375317,3,0.7993071172198768,80.1153661272232,0.7755554979946883,0.40225451863811923,1.2089962793139315,0.2795031055900621,0.4252821051400481,31,255,0.12156862745098039
SC391_cnv_19_R22C23yesS_SC391_38_W_C1,6.0201106,9.099991,1,0.8182853785186798,86.56509695290859,0.8009114141230232,0.46823376645268305,1.6290030121624648,0.3311688311688312,0.5281463057540102,14,215,0.06511627906976744
SC391_cnv_19_R22C25yesS_SC391_38_W_C1,9.114497,9.070638,3,0.8581002276438534,132.16936182023645,0.8516555615210054,0.40497934848685213,1.7176424382510853,0.28717948717948716,0.38781791619186184,25,254,0.0984251968503937
SC391_cnv_19_R22C29yesS_SC391_38_W_C2,12.277874,11.198307,3,0.8034354922530643,101.31583946505236,0.8065433165530989,0.5421830482241992,1.587136582421882,0.33333333333333337,0.4941060631529977,18,198,0.09090909090909091
SC391_cnv_19_R22C30yesS_SC391_38_W_C2,10.099572,11.171694,3,0.7733089841045243,93.82623381497467,0.729576607098473,0.563236384207526,1.2452332426362065,0.4697986577181208,0.5370883324589844,27,209,0.1291866028708134
SC391_cnv_19_R22C32yesS_SC391_38_W_C2,12.145256,11.753682,3,0.7265787648753241,123.4567901234568,0.5483339877973645,0.44921816500922074,1.1605769149479943,0.3076923076923077,0.5075761095996459,18,153,0.11764705882352941
SC391_cnv_19_R22C34yesS_SC391_38_W_C2,12.793436,11.527291,3,0.8791990851161031,140.739350722462,0.8908656449222572,0.4718472317129565,1.9986973037865585,0.3194444444444444,0.4766231859231052,33,201,0.16417910447761194
SC391_cnv_19_R22C35yesS_SC391_38_W_C2,5.9941096,9.119773,1,0.8398989599269138,112.57378860049674,0.8541410394855662,0.43938394956061205,1.7125923473705849,0.3563829787234043,0.49605143258158785,27,231,0.11688311688311688
SC391_cnv_19_R22C38yesS_SC391_38_W_C1,10.871796,11.329578,3,0.8519077377709154,150.55139448229139,0.8568979964593308,0.44112261517941065,1.6245852288880016,0.3556231003039514,0.5062153460083989,24,217,0.11059907834101383
SC391_cnv_19_R22C43yesS_SC391_38_W_C1,10.957608,10.884831,3,0.8499442363354391,123.2741617357002,0.8229861197820929,0.501967347053234,1.5059840000765758,0.39622641509433953,0.5341837338384242,18,188,0.09574468085106383
SC391_cnv_19_R22C53yesS_SC391_38_W_C2,12.298403,12.333276,3,0.9126385119228836,134.65681748230224,0.9120824796280143,0.5287968970670684,2.4863565504375966,0.35111111111111115,0.4469452112956567,38,292,0.13013698630136986
SC391_cnv_19_R22C58yesS_SC391_38_W_C1,5.985056,9.095525,1,0.7754933023130496,84.33125316242199,0.7654264818580147,0.34878859461335787,1.3246869761168423,0.23225806451612896,0.45530792004441434,19,224,0.08482142857142858
SC391_cnv_19_R22C59yesS_SC391_38_W_C1,12.720173,11.247005,3,0.7285404792813511,76.94675284702986,0.701577381684026,0.47216931714183363,1.1627229018754996,0.3017241379310345,0.4610112448500901,16,171,0.0935672514619883
SC391_cnv_19_R22C63yesS_SC391_38_W_C2,11.268609,12.214907,3,0.8262732944518184,118.14744801512288,0.8132050430544803,0.3808506342706781,1.3287848979481476,0.2663043478260869,0.4311107484345904,28,249,0.11244979919678715
SC391_cnv_19_R22C65yesS_SC391_38_W_C2,11.320205,11.322405,3,0.8518994513064055,88.8888888888889,0.854179901330058,0.3940935895179755,1.505543841974678,0.2567567567567568,0.3492073827760897,16,189,0.08465608465608465
SC391_cnv_19_R22C66yesS_SC391_38_W_C2,12.470349,11.805347,3,0.841016494186831,115.73627560665098,0.8514049874033865,0.39230314640166913,1.4841348405927217,0.25,0.45437008407002993,26,221,0.11764705882352941
SC391_cnv_19_R22C67yesS_SC391_38_W_C2,12.527738,11.539718,3,0.8368172191086615,112.91354586171855,0.8537585650211817,0.3795462774938702,1.4541855034559645,0.26086956521739135,0.36797193481037743,31,225,0.13777777777777778
SC391_cnv_19_R22C7yesS_SC391_38_W_C1,11.884925,10.958469,3,1.1125678063915023,106.28122010840686,0.9083081966321519,0.680813461653661,1.5586680099556944,0.4949494949494949,0.49871099944629316,16,193,0.08290155440414508
SC391_cnv_19_R23C10yesS_SC391_38_W_C2,11.10297,10.920504,3,0.8126882907215036,168.335998653312,0.7922530329426734,0.5884044476210095,1.235325174251694,0.4419642857142857,0.488542561624455,21,173,0.12138728323699421
SC391_cnv_19_R23C13yesS_SC391_38_W_C2,10.580339,10.850725,3,0.7994819049836884,114.7842056932966,0.8042713888335282,0.5148459605390105,1.8225221616383005,0.3481481481481481,0.45728473497463684,27,184,0.14673913043478262
SC391_cnv_19_R23C15yesS_SC391_38_W_C2,10.607431,10.787559,3,0.7385112292788855,182.61504747991233,0.4734371685200075,0.5676872889064285,1.4314560865950692,0.42,0.462953722671817,11,115,0.09565217391304348
SC391_cnv_19_R23C22yesS_SC391_38_W_C1,12.702463,11.140599,3,0.7405751507890058,92.45562130177514,0.7106158707618777,0.5112160133346861,1.300476608615249,0.39252336448598135,0.5803130989359725,17,173,0.09826589595375723
SC391_cnv_19_R23C35yesS_SC391_38_W_C2,12.771621,11.168851,3,0.8541886373454156,116.87363038714389,0.8198425401235202,0.5218150235374149,1.8234217252775407,0.34231805929919146,0.45980101592947187,28,247,0.11336032388663968
SC391_cnv_19_R23C36yesS_SC391_38_W_C1,9.600673,10.19977,3,0.7614763365697708,81.13919428780072,0.7326844679685003,0.5159113839757975,1.2330491568615862,0.371069182389937,0.4407358150145713,27,230,0.11739130434782609
SC391_cnv_19_R23C37yesS_SC391_38_W_C1,10.470288,10.588813,3,0.7835692985138974,66.09822195782932,0.765963350749663,0.41576823996933815,1.3300706669805726,0.29600000000000004,0.45239061435799394,18,167,0.10778443113772455
SC391_cnv_19_R23C38yesS_SC391_38_W_C1,12.25531,11.418583,3,0.8567208556241813,95.75792396820836,0.8585978044045471,0.4085801916100589,1.3059160411626018,0.27118644067796616,0.4723767099069011,34,239,0.14225941422594143
SC391_cnv_19_R23C43yesS_SC391_38_W_C1,11.854868,11.328641,3,0.8903909113171199,118.14744801512288,0.8930945594796887,0.5042657865488072,1.8482890420511504,0.3297297297297297,0.4109307778355401,19,225,0.08444444444444445
SC391_cnv_19_R23C46yesS_SC391_38_W_C2,-0.7612446,6.2541785,0,0.6523448470387443,41.0913872452334,0.5747888259909547,0.04774331951620528,0.8191210981037169,0.07643312101910826,0.21430000414161146,0,206,0.0
SC391_cnv_19_R23C4yesS_SC391_38_W_C1,-0.83788955,6.832646,0,0.8269040357639406,146.7064404127341,0.8845183148539179,0.35400931549443637,1.841406435975435,0.3356890459363957,0.4397733676229107,0,148,0.0
SC391_cnv_19_R23C52yesS_SC391_38_W_C2,12.772837,11.600951,3,0.7316042356208605,66.09822195782932,0.7451035705139568,0.4235731912508215,1.1790840400035754,0.30400000000000005,0.4889248454751399,20,178,0.11235955056179775
SC391_cnv_19_R23C56yesS_SC391_38_W_C1,10.11771,11.435811,3,0.87114285517602,141.46672702580352,0.8813786965023351,0.42206151519670326,1.305924718367994,0.28571428571428575,0.39466454020527664,35,245,0.14285714285714285
SC391_cnv_19_R23C58yesS_SC391_38_W_C1,8.438318,10.476539,3,0.921500530921683,165.75795786195914,0.9435045201875691,0.6190676618687968,1.5434076410146624,0.39603960396039606,0.46789368180547763,28,261,0.10727969348659004
SC391_cnv_19_R23C59yesS_SC391_38_W_C1,-0.9242926,6.143359,0,0.6611833371375819,54.869684499314126,0.6694774005852839,0.11669034495118132,1.085204145960003,0.14074074074074072,0.34766387726540376,0,147,0.0
SC391_cnv_19_R23C62yesS_SC391_38_W_C1,9.908506,11.01991,3,0.8001825976573375,106.55868719697372,0.7879116595054702,0.3964722109112439,1.215976313107085,0.28776978417266186,0.4972918236245507,18,167,0.10778443113772455
SC391_cnv_19_R23C64yesS_SC391_38_W_C2,-0.32868543,5.5846934,0,0.8598208822380344,98.3461456506417,0.8758376955843266,0.18943904852773275,1.6896655467284265,0.15261044176706817,0.4200526091374701,1,259,0.003861003861003861
SC391_cnv_19_R23C65yesS_SC391_38_W_C2,11.070341,11.231372,3,0.8871856851153881,150.55139448229139,0.8951243614732859,0.46628361351919273,1.783498994715047,0.2883435582822086,0.4525030744589499,26,231,0.11255411255411256
SC391_cnv_19_R24C13yesS_SC391_38_W_C2,11.612416,10.612945,3,0.7211426212666862,90.70294784580499,0.70651125185404,0.40791129768270284,1.1061090916900085,0.3018867924528302,0.427957672658032,21,170,0.12352941176470589
SC391_cnv_19_R24C15yesS_SC391_38_W_C2,10.437647,11.224649,3,0.0031003536930113967,0.0,0.0,0.39732969002341384,1.0056422489963297,0.32258064516129026,0.45715426603068504,8,83,0.0963855421686747
SC391_cnv_19_R24C16yesS_SC391_38_W_C2,11.129478,12.386189,3,0.7172107524173166,102.03040506070809,0.6897383194168356,0.5080088636785982,1.42007961124779,0.357843137254902,0.468620595905949,16,149,0.10738255033557047
SC391_cnv_19_R24C19yesS_SC391_38_W_C1,-0.35865328,6.7157793,0,0.7497283195302663,74.31629013079666,0.7423183354624211,0.35116882660373516,1.6196244918173175,0.31932773109243695,0.4649846643696403,0,124,0.0
SC391_cnv_19_R24C21yesS_SC391_38_W_C1,12.856393,11.287116,3,0.6105889116614809,0.0,0.0,0.39650597737842813,1.057775753878917,0.30379746835443044,0.438450342884791,11,95,0.11578947368421053
SC391_cnv_19_R24C22yesS_SC391_38_W_C1,11.688032,11.501808,3,0.7865954753713783,126.24668602449185,0.7685260308604702,0.4134309311024713,1.142011521473985,0.34065934065934056,0.49379235249640596,10,124,0.08064516129032258
SC391_cnv_19_R24C28yesS_SC391_38_W_C2,11.632964,10.79687,3,0.6918094651037046,120.75836251660427,0.5834063341900553,0.3480052176056517,1.0586529561568545,0.2934782608695652,0.3855282842921008,9,147,0.061224489795918366
SC391_cnv_19_R24C36yesS_SC391_38_W_C1,10.328093,12.05731,3,0.8856458138246839,138.88888888888889,0.8523410000289718,0.5436464792951844,1.2474178465762662,0.3877551020408163,0.528578686947902,20,153,0.13071895424836602
SC391_cnv_19_R24C37yesS_SC391_38_W_C1,7.2299957,8.833442,3,0.7227247948146225,115.62030292519366,0.4549799604076439,0.7030761240542733,0.7397272359107134,0.4782608695652174,0.4759699493997366,10,116,0.08620689655172414
SC391_cnv_19_R24C39yesS_SC391_38_W_C1,8.212987,10.527331,3,0.9015037942903112,184.91124260355028,0.7789743394760995,0.7556899252522337,1.1112092938374305,0.6186046511627907,0.5532112641134441,13,160,0.08125
SC391_cnv_19_R24C42yesS_SC391_38_W_C1,12.89332,11.784632,3,0.766522734991322,118.14744801512288,0.7087893505636207,0.5139586642156189,1.1520907166497696,0.3789473684210527,0.4724505619568316,11,157,0.07006369426751592
SC391_cnv_19_R24C43yesS_SC391_38_W_C1,11.344205,12.177848,3,0.7746675999623253,108.50694444444444,0.7231495358346107,0.5397947080721249,1.3564320539149286,0.4387755102040817,0.47284632838734936,22,141,0.15602836879432624
SC391_cnv_19_R24C44yesS_SC391_38_W_C1,12.369475,10.902059,3,0.8653642648448213,165.28925619834712,0.8516871923280018,0.4604252815401625,1.1534346159849413,0.32432432432432434,0.48117697926530023,22,167,0.1317365269461078
SC391_cnv_19_R24C46yesS_SC391_38_W_C2,10.411615,10.857237,3,0.763656671034526,79.71938775510203,0.7541217104644455,0.42405228179044074,1.2463551044850099,0.33333333333333337,0.4237289470276238,15,158,0.0949367088607595
SC391_cnv_19_R24C50yesS_SC391_38_W_C2,-0.649974,6.7177124,0,0.5934329366694683,96.11687812379854,0.6110411959701275,0.21500354733704918,1.4371058880211063,0.21153846153846145,0.39348803238230157,0,117,0.0
SC391_cnv_19_R24C51yesS_SC391_38_W_C2,10.450813,10.889294,3,0.7259943168733383,100.0,0.7168136939721088,0.4061396969938267,1.3412416668163425,0.3365853658536585,0.42666872351787083,10,107,0.09345794392523364
SC391_cnv_19_R24C52yesS_SC391_38_W_C2,11.2754965,11.26224,3,0.7230977732519749,120.75836251660427,0.6772787367854299,0.4528181400346402,1.354842269292945,0.32608695652173914,0.34566417333987143,7,145,0.04827586206896552
SC391_cnv_19_R24C58yesS_SC391_38_W_C1,12.56653,11.29966,3,0.7752579275197757,92.45562130177514,0.746886331294365,0.45107421472822085,1.100092598061718,0.2857142857142857,0.4210773686952146,23,151,0.152317880794702
SC391_cnv_19_R24C68yesS_SC391_38_W_C2,12.68643,11.155129,3,0.7795006933684697,115.62030292519366,0.6970721496452909,0.5674794367955834,2.0494307022541465,0.3894736842105264,0.3538701457146911,11,139,0.07913669064748201
SC391_cnv_19_R24C7yesS_SC391_38_W_C1,12.528593,11.175748,3,0.8102412861923531,100.0,0.763663615652843,0.5168347143954792,1.4405175033246103,0.3564356435643564,0.4791871800974175,19,139,0.1366906474820144
SC391_cnv_19_R24C8yesS_SC391_38_W_C1,-0.44165137,6.224334,0,0.6216204237612991,84.167999326656,0.6633778005114106,0.1718859859403754,1.067707825203132,0.19090909090909092,0.4170962644165248,0,130,0.0
SC391_cnv_19_R25C10yesS_SC391_38_W_C2,10.167441,10.707336,3,0.7032982922236671,79.01234567901234,0.5781931826125549,0.7067239326282386,1.2181516989630687,0.5739130434782609,0.5240248638269562,18,184,0.09782608695652174
SC391_cnv_19_R25C12yesS_SC391_38_W_C2,10.438488,10.668285,3,0.7813869444537702,50.2992807202857,0.7725704075875843,0.4036840408972518,1.3236439576868424,0.2816901408450704,0.4282573021605891,18,189,0.09523809523809523
SC391_cnv_19_R25C22yesS_SC391_38_W_C1,11.168535,12.243776,3,0.7041693709451426,136.79422728360862,0.531445337915543,0.4987922377730739,1.2059656260013243,0.4252873563218391,0.5124265862651266,13,92,0.14130434782608695
SC391_cnv_19_R25C24yesS_SC391_38_W_C1,12.735347,11.053722,3,0.7332590960176718,108.50694444444444,0.7060999260865894,0.3515312847368576,1.3393332934893807,0.268041237113402,0.442802546701377,22,134,0.16417910447761194
SC391_cnv_19_R25C27yesS_SC391_38_W_C2,12.846745,11.297075,3,0.769718770632075,67.18624025799515,0.7672265851248228,0.4399164468385926,1.470442201216716,0.2943548387096774,0.45096288169102416,20,169,0.11834319526627218
SC391_cnv_19_R25C40yesS_SC391_38_W_C1,10.906644,11.893957,3,0.8510319377835497,116.54332498106172,0.8330245748572239,0.6130548761576115,1.6213773887543106,0.4887218045112782,0.4955765184419564,20,206,0.0970873786407767
SC391_cnv_19_R25C41yesS_SC391_38_W_C1,12.691398,11.149024,3,0.9012789182903048,165.14731140177037,0.885370525581726,0.5438216972714088,2.300194959106234,0.39655172413793105,0.4525970235137137,21,199,0.10552763819095477
SC391_cnv_19_R25C4yesS_SC391_38_W_C1,9.437214,9.934306,3,0.947618525034604,202.8123309897242,0.9479496488960392,0.42641028379844176,1.8551531368678833,0.3294460641399417,0.5095648146162102,17,226,0.0752212389380531
SC391_cnv_19_R25C53yesS_SC391_38_W_C2,12.380287,11.199785,3,0.8581894768586986,126.25199898998402,0.8795105654679646,0.46793184598392684,1.7276701488841752,0.3878504672897196,0.5368154170194203,31,288,0.1076388888888889
SC391_cnv_19_R25C56yesS_SC391_38_W_C1,7.247884,6.0645885,2,0.8598137782423659,138.4083044982699,0.8850887191689967,0.5136742303541553,1.8460382951168586,0.4036144578313252,0.44002816737556344,27,199,0.135678391959799
SC391_cnv_19_R25C59yesS_SC391_38_W_C1,13.134074,11.667759,3,0.7884892956552993,81.16224332440548,0.753325113772884,0.4979278384987075,1.0947790092969263,0.2589285714285714,0.43847301585539955,19,175,0.10857142857142857
SC391_cnv_19_R25C60yesS_SC391_38_W_C1,10.541865,10.701424,3,0.8491242041578945,111.97894795778394,0.8344813950542479,0.40022167295582156,1.2532452749940688,0.24010554089709757,0.3595574544653416,31,271,0.11439114391143912
SC391_cnv_19_R25C64yesS_SC391_38_W_C2,10.165438,11.223722,3,0.8105763088799834,82.1827744904668,0.8068531703870226,0.38379850828037326,1.1467444617235472,0.24840764331210186,0.3235489767907433,25,225,0.1111111111111111
SC391_cnv_19_R25C66yesS_SC391_38_W_C2,11.1547365,11.6148205,3,0.935327377054519,173.4304543877905,0.956234933686183,0.3733058364086935,1.7559181190622897,0.2663043478260869,0.4212875840667481,28,211,0.13270142180094788
SC391_cnv_19_R25C6yesS_SC391_38_W_C1,9.9985695,10.695269,3,0.819874614629889,110.19283746556474,0.8365355056784592,0.37719203111902655,1.2090559001776817,0.245398773006135,0.4627351384746366,31,226,0.13716814159292035
SC391_cnv_19_R25C8yesS_SC391_38_W_C1,12.132662,11.613585,3,0.8491753675534582,118.9767995240928,0.8366906701419674,0.48480996908901997,1.506819171371705,0.3219512195121951,0.5082910777708012,38,318,0.11949685534591195
SC391_cnv_19_R26C0yesS_SC391_38_W_C1,13.076489,11.214053,3,0.8254091313308928,162.32448664881096,0.8071043429191873,0.5978708041770411,1.5160312284775463,0.42358078602620086,0.4270982391332311,18,158,0.11392405063291139
SC391_cnv_19_R26C16yesS_SC391_38_W_C2,10.384519,11.4302845,3,0.7329439640914213,85.73388203017832,0.743603614657171,0.40071548859669004,1.2654564381509759,0.2660550458715596,0.41502015973488915,14,138,0.10144927536231885
SC391_cnv_19_R26C28yesS_SC391_38_W_C2,12.577567,11.87337,3,0.7006244755594295,118.14744801512288,0.7590591918422561,0.3734355102037572,0.9768388179988595,0.20430107526881724,0.38630693548776995,21,142,0.14788732394366197
SC391_cnv_19_R26C29yesS_SC391_38_W_C2,5.9802327,9.120735,1,0.6261542456250484,123.4567901234568,0.6526463187377685,0.2995547529842672,0.9951056600625305,0.21311475409836067,0.3679852173958676,11,120,0.09166666666666666
SC391_cnv_19_R26C30yesS_SC391_38_W_C2,12.554433,11.676881,3,0.7643558323517925,79.71938775510203,0.7749654792014773,0.36599080893697167,1.1602821587993295,0.2456140350877194,0.461419075123119,19,145,0.1310344827586207
SC391_cnv_19_R26C38yesS_SC391_38_W_C1,11.186769,12.318922,3,0.7846986327093123,123.4567901234568,0.7702902715025481,0.5267585347790921,1.39350959643855,0.423913043478261,0.4139169814142995,16,146,0.1095890410958904
SC391_cnv_19_R26C44yesS_SC391_38_W_C1,10.336673,10.589264,3,0.7643323102023393,96.11687812379854,0.7439536035715784,0.36387834821929355,1.0036693643656227,0.30097087378640774,0.3920776335723187,6,142,0.04225352112676056
SC391_cnv_19_R26C4yesS_SC391_38_W_C1,12.305322,11.06355,3,0.7964668733898649,123.4567901234568,0.7900253613920143,0.502871252249378,1.2580553160859655,0.3369565217391305,0.5050044856141788,8,123,0.06504065040650407
SC391_cnv_19_R26C55yesS_SC391_38_W_C1,13.033986,11.517925,3,0.7821076071027545,126.24668602449185,0.7408243106618121,0.45868237275568713,1.2738088635127527,0.3222222222222222,0.4733160488188802,12,123,0.0975609756097561
SC391_cnv_19_R26C58yesS_SC391_38_W_C1,12.414824,12.31652,3,0.7590523331728876,222.76676319893073,0.5866945651666294,0.5434374853073579,1.5455011339846498,0.3913043478260869,0.41660765399491456,13,92,0.14130434782608695
SC391_cnv_19_R26C59yesS_SC391_38_W_C1,12.336579,12.322982,3,0.7704140367894816,106.28122010840686,0.7798357277206958,0.38546550205258723,1.2611847643899685,0.24489795918367352,0.4304964494954234,12,126,0.09523809523809523
SC391_cnv_19_R26C5yesS_SC391_38_W_C1,12.692747,10.811246,3,0.7264642837590322,113.17338162064283,0.6147396354769901,0.42083450313715765,1.1898914845308362,0.34736842105263155,0.5781782735766353,10,120,0.08333333333333333
SC391_cnv_19_R26C64yesS_SC391_38_W_C2,10.539006,11.182992,3,0.7333901608777079,92.45562130177514,0.7768531278244825,0.36239909981622914,0.8342163215521909,0.24761904761904763,0.31240019860152357,15,159,0.09433962264150944
SC391_cnv_19_R26C65yesS_SC391_38_W_C2,10.491916,10.643476,3,0.6674365186590605,115.62030292519366,0.6994543249051511,0.39322162176442776,1.0335039311660248,0.26595744680851063,0.3864714194686513,20,131,0.15267175572519084
SC391_cnv_19_R26C67yesS_SC391_38_W_C2,12.021842,11.673121,3,0.7659855410324781,73.05135510263716,0.7427989292805985,0.380824190940384,1.222147279429568,0.27118644067796605,0.38518008207437604,24,183,0.13114754098360656
SC391_cnv_19_R26C71yesS_SC391_38_W_C2,11.116354,11.845696,3,0.6555538944592743,94.25959091337543,0.6830758620268127,0.356435931747029,0.9283638300177195,0.2857142857142857,0.5030125805063423,10,138,0.07246376811594203
SC391_cnv_19_R26C7yesS_SC391_38_W_C1,9.367049,9.837677,3,0.8408431909997688,115.62030292519366,0.80477228263926,0.30193988368460833,1.1239029738980315,0.26315789473684204,0.46728060277943134,5,136,0.03676470588235294
SC391_cnv_19_R27C13yesS_SC391_38_W_D2,12.44747,11.906322,3,0.7845795175222801,96.4506172839506,0.7244630544148949,0.3751269863574549,0.9474609833075054,0.21232876712328763,0.45420938486538753,18,214,0.08411214953271028
SC391_cnv_19_R27C26yesS_SC391_38_W_D1,6.0124073,9.1234665,1,0.7978410662924014,116.54332498106172,0.8061187882337731,0.46226883553868636,1.7583133851231123,0.3157894736842105,0.4431077965926635,18,190,0.09473684210526316
SC391_cnv_19_R27C28yesS_SC391_38_W_D2,12.3664255,12.30677,3,0.8999796432723786,144.67592592592592,0.9300718107282473,0.41830727932955497,1.4759864514151064,0.27464788732394363,0.43690351686268886,19,174,0.10919540229885058
SC391_cnv_19_R27C29yesS_SC391_38_W_D2,11.627402,10.549144,3,0.9224212910612501,162.27838857560144,0.9264680477032252,0.47515447720391357,1.5547680023768577,0.35897435897435903,0.45669205968058607,17,201,0.0845771144278607
SC391_cnv_19_R27C32yesS_SC391_38_W_D2,12.405979,11.237911,3,0.774782755675941,113.17338162064283,0.7076885428654722,0.45655977861063984,1.2781733513894955,0.31937172774869105,0.5530881019083626,17,119,0.14285714285714285
SC391_cnv_19_R27C34yesS_SC391_38_W_D2,11.393747,11.463667,3,0.8390188709508568,131.57317661506076,0.8458138161607297,0.3821942292973958,1.3712314152616643,0.3087248322147651,0.5071849754469614,26,207,0.12560386473429952
SC391_cnv_19_R27C37yesS_SC391_38_W_D1,10.259398,11.312712,3,0.6918520538404843,101.007550314386,0.5931320693198219,0.3553443142555706,1.0536765524729828,0.27722772277227725,0.3989669352568601,7,142,0.04929577464788732
SC391_cnv_19_R27C38yesS_SC391_38_W_D1,12.7688875,11.701126,3,0.7578727199218556,78.31466833737959,0.7914443553290763,0.41487474382325623,1.0786263964167997,0.2456140350877194,0.31345153463593184,19,151,0.12582781456953643
SC391_cnv_19_R27C40yesS_SC391_38_W_D1,11.293049,10.648985,3,0.860497111088375,102.04081632653062,0.8342551240667181,0.4125092038724331,1.1717508696360275,0.32167832167832167,0.46728892673237693,21,182,0.11538461538461539
SC391_cnv_19_R27C42yesS_SC391_38_W_D1,10.563511,10.757328,3,0.7093582331902804,92.45562130177514,0.7618063962439886,0.3595053679076492,0.9901097545434883,0.22857142857142854,0.36382344095401514,18,159,0.11320754716981132
SC391_cnv_19_R27C50yesS_SC391_38_W_D2,11.702299,11.895626,3,0.9429866871411378,187.65246762994934,0.9512974083249147,0.3932705892740097,1.164020525276621,0.273972602739726,0.40987728030932086,18,200,0.09
SC391_cnv_19_R27C57yesS_SC391_38_W_D1,10.51096,10.665446,3,0.7291840150900185,87.34387282732116,0.7687840761139287,0.36292500904902786,0.9928369941691424,0.2222222222222222,0.3327525254461736,14,137,0.10218978102189781
SC391_cnv_19_R27C61yesS_SC391_38_W_D1,12.494533,11.199589,3,0.8752500289003984,152.41579027587258,0.8992091129438752,0.4026358236810086,1.320017281778679,0.3416149068322982,0.5243687890360661,18,188,0.09574468085106383
SC391_cnv_19_R27C62yesS_SC391_38_W_D1,11.128631,12.247004,3,0.8044280014794433,97.80429360848942,0.7663206690255056,0.3996886595793857,1.504798726344089,0.2777777777777778,0.3973101331094775,18,214,0.08411214953271028
SC391_cnv_19_R27C63yesS_SC391_38_W_D2,12.909575,11.697966,3,0.8597840960132619,133.33333333333334,0.8701194789596478,0.3670818320368934,1.063033013327427,0.22818791946308725,0.3763509614549878,26,193,0.13471502590673576
SC391_cnv_19_R27C69yesS_SC391_38_W_D2,10.503023,10.701722,3,0.7737957705026612,65.03642039542144,0.7517863759919728,0.37498379667339177,1.130931272266416,0.24603174603174605,0.3643562065170732,24,192,0.125
SC391_cnv_19_R27C9yesS_SC391_38_W_D2,10.787081,10.935727,3,0.8188427054673568,76.94675284702986,0.8445641799410587,0.4041404572509657,1.3072217464791043,0.27586206896551724,0.33069056680593256,20,153,0.13071895424836602
SC391_cnv_19_R28C12yesS_SC391_38_W_D2,12.369567,11.429903,3,0.8412775213178877,112.91354586171855,0.8515890065394585,0.45340580150191356,1.307633604562953,0.3006134969325154,0.5210724419340007,30,234,0.1282051282051282
SC391_cnv_19_R28C14yesS_SC391_38_W_D2,11.84679,10.8778305,3,0.7964623249023342,102.04081632653062,0.7764799027785872,0.5191490143879602,1.0767186970221543,0.36363636363636365,0.5074287512794985,24,194,0.12371134020618557
SC391_cnv_19_R28C24yesS_SC391_38_W_D1,10.645073,11.641722,3,0.7355834282759232,65.03642039542144,0.7300833423901693,0.37559242613662347,1.3099806802835126,0.2777777777777778,0.5065026045410443,20,164,0.12195121951219512
SC391_cnv_19_R28C30yesS_SC391_38_W_D2,11.971737,11.404478,3,0.9315346158195723,156.18492294877134,0.9461978222893006,0.38935584321757966,1.512741980781397,0.27835051546391754,0.5148476359833816,27,250,0.108
SC391_cnv_19_R28C32yesS_SC391_38_W_D2,12.965527,11.301893,3,0.7608360025709534,94.25959091337543,0.7564382349270224,0.48146089185433105,1.2421144860486393,0.32380952380952377,0.501200775288802,17,152,0.1118421052631579
SC391_cnv_19_R28C37yesS_SC391_38_W_D1,-0.97963977,6.607866,0,0.4981277266276437,0.0,0.0,0.04785092231883693,0.7764309754205223,0.08823529411764708,0.18212101690377763,2,145,0.013793103448275862
SC391_cnv_19_R28C44yesS_SC391_38_W_D1,10.316741,11.481698,3,0.8564803916487325,81.38020833333333,0.8765836380268381,0.316135756912143,0.8350776120185708,0.24250681198910073,0.34103634187024795,30,260,0.11538461538461539
SC391_cnv_19_R28C45yesS_SC391_38_W_D2,11.214885,12.236827,3,0.9326074381360528,141.33077053536098,0.9387901228210368,0.41408015202080395,1.4798612502673076,0.26415094339622636,0.5075823040643404,43,385,0.11168831168831168
SC391_cnv_19_R28C50yesS_SC391_38_W_D2,9.885999,11.323719,3,0.9288313560260877,225.8270917234371,0.8877284626706842,0.6630558657318285,1.8433952121452264,0.47239263803680986,0.591247241701645,23,226,0.10176991150442478
SC391_cnv_19_R28C52yesS_SC391_38_W_D2,5.954667,9.082445,1,0.7939143681712874,103.5143108534755,0.7859901538718679,0.30030155796555935,0.9329840211244084,0.18571428571428572,0.4003986170221672,23,202,0.11386138613861387
SC391_cnv_19_R28C57yesS_SC391_38_W_D1,5.962736,9.106474,1,0.8090816792521537,98.02960494069208,0.8062768311594458,0.3287787335652239,1.2260298019091196,0.21287128712871284,0.4661032912372373,19,268,0.0708955223880597
SC391_cnv_19_R28C58yesS_SC391_38_W_D1,11.281659,12.294999,3,0.8236838724042731,79.71091508130513,0.829150301157132,0.4268072613733527,0.9063803718611756,0.2901554404145077,0.37949667156464906,26,282,0.09219858156028368
SC391_cnv_19_R28C61yesS_SC391_38_W_D1,11.679824,10.712164,3,0.8326603112897341,90.56877188745321,0.8364359364769777,0.411636159000517,1.1265410172715709,0.20879120879120883,0.38853524335156703,35,267,0.13108614232209737
SC391_cnv_19_R28C62yesS_SC391_38_W_D1,12.415305,11.675921,3,0.8403391200833346,94.68501451836889,0.8438519627706883,0.3844380379111659,1.2117820934347594,0.2542372881355932,0.39863763558774395,21,262,0.08015267175572519
SC391_cnv_19_R28C63yesS_SC391_38_W_D2,10.059312,10.630585,3,0.8571319197521619,126.25199898998402,0.8586539919995292,0.49216574314075867,1.9819555360703527,0.30841121495327106,0.41857306000462163,28,286,0.0979020979020979
SC391_cnv_19_R28C64yesS_SC391_38_W_D2,11.621878,10.619552,3,0.8327563159321895,95.18143961927424,0.8291091141514736,0.4024130841627349,1.1864713542148344,0.24271844660194175,0.39102098998508017,37,324,0.11419753086419752
SC391_cnv_19_R28C68yesS_SC391_38_W_D2,12.826228,11.15491,3,0.8113573440644812,85.43722499893204,0.7887992641609287,0.4868374436275885,1.638196426637492,0.30000000000000004,0.4776152962780946,25,241,0.1037344398340249
SC391_cnv_19_R28C9yesS_SC391_38_W_D2,10.823176,11.54015,3,0.880539127238205,114.46624390467251,0.8902915119067739,0.5272092392706995,2.2091957271756746,0.3846153846153846,0.520530237776409,32,288,0.1111111111111111
SC391_cnv_19_R29C12yesS_SC391_38_W_D2,12.923474,11.590294,3,0.7865302291632875,92.55402841408673,0.7742055041180299,0.43469390254166695,1.5154577766579056,0.2702702702702702,0.42215211294070853,30,193,0.15544041450777202
SC391_cnv_19_R29C14yesS_SC391_38_W_D2,10.208208,11.498823,3,0.7593014101723954,62.00012400024801,0.7676270151181154,0.32453288454785967,1.1003788348897503,0.2558139534883721,0.34945389274282196,24,200,0.12
SC391_cnv_19_R29C1yesS_SC391_38_W_D1,10.273313,11.495012,3,0.7732505058832326,95.12485136741974,0.764331103695905,0.390258484476676,1.2337315750954163,0.2751677852348994,0.3932063211283007,21,228,0.09210526315789473
SC391_cnv_19_R29C23yesS_SC391_38_W_D1,12.30375,12.36594,3,0.9068778377606678,123.75931288829484,0.9129652187552966,0.4298253978965413,1.760858955792584,0.27499999999999997,0.43215632177810903,29,233,0.12446351931330472
SC391_cnv_19_R29C24yesS_SC391_38_W_D1,12.293421,11.470345,3,0.6964523953935272,90.70294784580499,0.7419112557776728,0.4060532784925829,1.160032162184105,0.26415094339622647,0.4255185675879922,26,158,0.16455696202531644
SC391_cnv_19_R29C26yesS_SC391_38_W_D1,10.358558,11.497402,3,0.8378717844908956,114.31184270690443,0.843308210540827,0.34818889018093513,1.004087347482789,0.24683544303797467,0.35162495435274915,22,214,0.102803738317757
SC391_cnv_19_R29C27yesS_SC391_38_W_D2,12.67172,11.472892,3,0.8836083401266549,135.20822065981613,0.9006525448969066,0.43117216860287183,1.0684964127364256,0.26315789473684215,0.4540682680852415,31,251,0.12350597609561753
SC391_cnv_19_R29C31yesS_SC391_38_W_D2,12.238451,11.289515,3,0.6465104301342701,0.0,0.0,0.34217529889542014,0.8347232807560854,0.24096385542168675,0.3598826341380406,9,102,0.08823529411764706
SC391_cnv_19_R29C32yesS_SC391_38_W_D2,-0.3727036,6.7771587,0,0.8422405911869494,97.80429360848942,0.8203429559756764,0.6301714521052257,0.7707492802947311,0.3793103448275863,0.28770211824810604,21,158,0.13291139240506328
SC391_cnv_19_R29C37yesS_SC391_38_W_D1,13.253627,11.516196,3,0.7602433627316567,81.16224332440548,0.6520605112154407,0.8337082549718541,1.4012512853321308,0.4690265486725663,0.4104454647025549,26,193,0.13471502590673576
SC391_cnv_19_R29C38yesS_SC391_38_W_D1,12.9607935,11.750411,3,0.7854228282390305,92.55402841408673,0.7244506784433116,0.37773588325341656,0.9396692203370254,0.21476510067114096,0.410172441573507,22,217,0.10138248847926268
SC391_cnv_19_R29C3yesS_SC391_38_W_D1,12.549863,11.336924,3,0.8223261796697093,81.89840502856208,0.8172686043051136,0.49596386889149957,1.1193523204723959,0.3258928571428571,0.414349160969288,22,152,0.14473684210526316
SC391_cnv_19_R29C4yesS_SC391_38_W_D1,-0.3908918,6.4778185,0,0.689425109105023,48.2253086419753,0.6683496539707221,0.1417577564541553,0.9786000511012917,0.125,0.30725604190109523,0,156,0.0
SC391_cnv_19_R29C51yesS_SC391_38_W_D2,-0.864983,6.361306,0,0.8174502727659754,74.360499702558,0.833054852352357,0.134443627389071,1.3602206469244256,0.14634146341463405,0.3023102710536103,2,190,0.010526315789473684
SC391_cnv_19_R29C53yesS_SC391_38_W_D2,10.495291,11.499259,3,0.8734017312301287,117.47200250606939,0.8621807864631343,0.35115290344492595,1.4415019844263668,0.24663677130044848,0.33823869539034884,32,298,0.10738255033557047
SC391_cnv_19_R29C62yesS_SC391_38_W_D1,12.743461,11.529027,3,0.7592249589881396,85.43722499893204,0.7237364242525722,0.38031765302968973,1.2103778371417522,0.2387096774193549,0.41605312664596555,30,209,0.14354066985645933
SC391_cnv_19_R29C64yesS_SC391_38_W_D2,11.042053,11.826638,3,0.830260804240342,110.19283746556474,0.8541607358327387,0.3895768140114684,1.6095401532934865,0.27439024390243905,0.4252232490732373,24,240,0.1
SC391_cnv_19_R29C66yesS_SC391_38_W_D2,10.456749,10.68276,3,0.9493943852791152,163.26530612244898,0.9528189060629351,0.4941498813742102,1.1762663104789108,0.35057471264367823,0.4638879814753272,36,231,0.15584415584415584
SC391_cnv_19_R29C6yesS_SC391_38_W_D1,13.171517,11.667078,3,0.7632229580864304,108.13148788927336,0.7534623620939228,0.4668189757073207,1.4040777529044233,0.23913043478260865,0.41487838403455785,21,207,0.10144927536231885
SC391_cnv_19_R29C70yesS_SC391_38_W_D2,10.829355,12.067751,3,0.7951687740767852,114.7842056932966,0.7686426201805792,0.47862110920582324,1.3600555768897453,0.3481481481481481,0.5362515678990522,27,196,0.1377551020408163
SC391_cnv_19_R2C0yesS_SC391_37_W_A1,6.954065,6.041411,2,0.8431042061145795,75.27569724114569,0.8632448988650646,0.3778427345478832,1.0779389733727256,0.23750000000000004,0.3673676238016176,30,215,0.13953488372093023
SC391_cnv_19_R2C13yesS_SC391_37_W_A2,6.894978,6.064179,2,0.7749290306523701,106.55868719697372,0.7553469221087588,0.37136204232134873,0.9606848358942924,0.2246376811594203,0.3242318751151028,24,199,0.12060301507537688
SC391_cnv_19_R2C14yesS_SC391_37_W_A2,11.167885,7.8477006,3,0.7281161971540725,76.94675284702986,0.7399321866949538,0.3721182558802467,1.025755289064345,0.21739130434782616,0.30924029278465964,8,174,0.04597701149425287
SC391_cnv_19_R2C20yesS_SC391_37_W_A1,10.858988,6.899561,3,0.7680112952536272,84.33125316242199,0.726441624561709,0.3831973830743112,1.179565273013416,0.2435897435897436,0.3359259505651011,24,197,0.1218274111675127
SC391_cnv_19_R2C21yesS_SC391_37_W_A1,9.692964,6.9437284,3,0.7252422757519835,67.18624025799515,0.7330418532903412,0.4796033862629131,1.1034470293970502,0.2032520325203253,0.3519996836179928,12,188,0.06382978723404255
SC391_cnv_19_R2C22yesS_SC391_37_W_A1,-0.7229769,6.082785,0,0.5000893320060764,0.0,0.0,0.03903831516590052,0.7766206133081703,0.101123595505618,0.16058764257806638,1,108,0.009259259259259259
SC391_cnv_19_R2C24yesS_SC391_37_W_A1,-0.791404,6.1479855,0,0.5607484433827351,87.34387282732116,0.8078219395655984,0.034387782314615145,0.72488670765104,0.08411214953271018,0.13620244587949507,1,141,0.0070921985815602835
SC391_cnv_19_R2C28yesS_SC391_37_W_A2,11.647609,5.8951006,3,0.7842367140635251,120.18508503094766,0.7755139946515971,0.46363212798100695,0.9790082039966178,0.24615384615384617,0.3994627120884557,18,186,0.0967741935483871
SC391_cnv_19_R2C32yesS_SC391_37_W_A2,8.786486,6.436595,2,0.7053480882028332,87.34387282732116,0.8064715215422774,0.36181631512101065,1.0678298698769266,0.22222222222222232,0.3304432106730311,12,158,0.0759493670886076
SC391_cnv_19_R2C34yesS_SC391_37_W_A2,7.3921676,8.884546,3,0.8985092233910941,146.03736731136078,0.9062826654995855,0.5549841091441554,1.2982673333518644,0.33742331288343563,0.4148457646134905,26,241,0.1078838174273859
SC391_cnv_19_R2C39yesS_SC391_37_W_A1,7.3394494,6.1909466,2,0.8502357161403754,112.91354586171855,0.836141444696894,0.4445029874791647,1.3913160583595867,0.310126582278481,0.4374300384172734,28,213,0.13145539906103287
SC391_cnv_19_R2C3yesS_SC391_37_W_A1,7.364245,7.1564565,2,0.6506852069275965,0.0,0.0,0.5003463258919421,0.9155821203836798,0.38372093023255816,0.40708109725299996,9,122,0.07377049180327869
SC391_cnv_19_R2C40yesS_SC391_37_W_A1,-0.7403209,6.2379317,0,0.736067228943213,92.45562130177514,0.7502494579447667,0.24807220662236906,1.379868211525702,0.23809523809523814,0.403127540576447,2,136,0.014705882352941176
SC391_cnv_19_R2C41yesS_SC391_37_W_A1,7.771612,6.580891,2,0.7914741438924682,90.08603216071349,0.7664152690461522,0.4361712665918676,1.6240692136101536,0.3245033112582782,0.461851037950955,16,171,0.0935672514619883
SC391_cnv_19_R2C44yesS_SC391_37_W_A1,11.726321,8.329723,3,0.7559435459953686,99.18666931164451,0.7077537949596056,0.5088514593073853,1.019348561402965,0.2097902097902098,0.30572540002065013,29,219,0.1324200913242009
SC391_cnv_19_R2C45yesS_SC391_37_W_A2,6.9063993,5.9058347,2,0.6393595049592588,0.0,0.0,0.35366887284597315,0.8154338490170673,0.21505376344086025,0.2836153503752082,25,176,0.14204545454545456
SC391_cnv_19_R2C46yesS_SC391_37_W_A2,10.567931,7.9056706,3,0.7576247440811121,65.03642039542144,0.8229220973867504,0.3841124586089164,0.8558081233372749,0.18548387096774188,0.23496034178162767,24,219,0.1095890410958904
SC391_cnv_19_R2C47yesS_SC391_37_W_A2,10.470353,8.21055,3,0.6406140077530053,0.0,0.0,0.37263043037403715,0.8487423135850752,0.17045454545454541,0.23202209514689967,9,155,0.05806451612903226
SC391_cnv_19_R2C52yesS_SC391_37_W_A2,6.972385,6.314266,2,0.796108796159555,71.81844297615628,0.7825319873076786,0.40505077082071905,1.3054503044267642,0.27499999999999997,0.3282095950360684,14,174,0.08045977011494253
SC391_cnv_19_R2C58yesS_SC391_37_W_A1,7.558813,6.626293,2,0.8290486087479232,80.1153661272232,0.8240072623978951,0.4996908643027982,1.3209295695961298,0.35403726708074523,0.4819530457632464,17,208,0.08173076923076923
SC391_cnv_19_R2C59yesS_SC391_37_W_A1,6.866376,6.535274,2,0.7960249930738907,54.06574394463668,0.8125587690950625,0.3895848827216073,1.2454179535241874,0.24817518248175174,0.3690976540591484,20,226,0.08849557522123894
SC391_cnv_19_R2C60yesS_SC391_37_W_A1,7.5879545,7.084416,2,0.8511364710430647,92.59259259259258,0.8435159980259381,0.4580686647682488,1.1297301103839419,0.3258426966292135,0.482830802398412,17,236,0.07203389830508475
SC391_cnv_19_R2C61yesS_SC391_37_W_A1,11.777479,5.7065845,3,0.7880492010600993,103.5143108534755,0.7599847553641537,0.494030291218736,1.2256679920543267,0.26241134751773054,0.4657708117378657,21,189,0.1111111111111111
SC391_cnv_19_R2C6yesS_SC391_37_W_A1,7.769845,7.028821,2,0.9260869870231233,192.89379267775163,0.9341591366114891,0.37641124649277286,1.1561135733841474,0.2445820433436532,0.44881411664993964,16,187,0.0855614973262032
SC391_cnv_19_R2C71yesS_SC391_37_W_A2,6.833533,7.096232,2,0.8647110408778064,92.55402841408673,0.8567058965033036,0.46869133272712576,2.0495252720318096,0.3087248322147651,0.41131160436431674,22,195,0.11282051282051282
SC391_cnv_19_R2C9yesS_SC391_37_W_A2,7.0137525,6.205824,2,0.7569846776717934,113.06461642828877,0.7434277087550583,0.4032649956834295,1.124007515123456,0.23880597014925375,0.3908763292725499,20,216,0.09259259259259259
SC391_cnv_19_R30C10yesS_SC391_38_W_D2,11.219622,11.081295,3,0.7589267421555566,98.02960494069208,0.7187896262736503,0.4351250179610636,1.4452491533740095,0.3495145631067961,0.42570514521028374,18,143,0.1258741258741259
SC391_cnv_19_R30C14yesS_SC391_38_W_D2,11.552026,11.90633,3,0.7775603316927031,120.18508503094766,0.7674075561605512,0.38307473197858055,1.0915897078387626,0.25190839694656486,0.45691789058392573,17,178,0.09550561797752809
SC391_cnv_19_R30C19yesS_SC391_38_W_D1,11.309254,10.870183,3,0.770504308692439,68.30134553650706,0.7660943788437827,0.35616678555909836,0.9877965137321946,0.2357723577235773,0.30234106456519827,25,204,0.12254901960784313
SC391_cnv_19_R30C24yesS_SC391_38_W_D1,10.884553,11.417747,3,0.913528242540782,159.83803079546058,0.9429568993559853,0.35717120809291364,1.1188740511102973,0.24444444444444446,0.3919335904399277,12,191,0.06282722513089005
SC391_cnv_19_R30C30yesS_SC391_38_W_D2,12.412767,11.369548,3,0.7574552333451429,81.13919428780072,0.7239067353927378,0.40781789287945336,1.262975276741049,0.24528301886792447,0.4097961021515688,19,230,0.08260869565217391
SC391_cnv_19_R30C36yesS_SC391_38_W_D1,5.992175,9.079742,1,0.8329740942896494,137.05764644609522,0.8208947343367723,0.42830668258987914,1.6917100181114666,0.31052631578947365,0.5061167526679665,20,223,0.08968609865470852
SC391_cnv_19_R30C39yesS_SC391_38_W_D1,12.127774,11.365392,3,0.7600079801426941,86.56509695290859,0.7127106406966524,0.2916985141188655,1.0098080568875276,0.2012987012987013,0.37324875380246963,28,232,0.1206896551724138
SC391_cnv_19_R30C40yesS_SC391_38_W_D1,12.433248,11.370259,3,0.8567338401088841,102.59567046270648,0.8773558982111129,0.3791780436096652,1.341251518230294,0.21893491124260356,0.4358525262291933,27,277,0.09747292418772563
SC391_cnv_19_R30C43yesS_SC391_38_W_D1,11.427077,11.55142,3,0.7432232257055833,51.75715542673775,0.7050098956641275,0.3393366318830815,0.8647824059480896,0.23404255319148937,0.33519391825675693,21,218,0.0963302752293578
SC391_cnv_19_R30C50yesS_SC391_38_W_D2,10.335902,11.858585,3,0.8011446240708645,95.12485136741974,0.7642816603993086,0.3801627313622915,1.128599991123107,0.26027397260273966,0.3676432604811783,10,223,0.04484304932735426
SC391_cnv_19_R30C55yesS_SC391_38_W_D1,12.670803,11.714531,3,0.6931962974449332,81.16224332440548,0.7607947626033704,0.36410562792427825,1.038152684782251,0.21238938053097345,0.3777050339848845,20,166,0.12048192771084337
SC391_cnv_19_R30C57yesS_SC391_38_W_D1,10.306951,10.616315,3,0.8278871913781741,90.56877188745321,0.8258308254502826,0.42237682320528597,1.6994596450015251,0.2777777777777777,0.412317997077138,23,227,0.1013215859030837
SC391_cnv_19_R30C64yesS_SC391_38_W_D2,11.494462,11.42899,3,0.8584060830025402,116.439286615304,0.8608291280731973,0.5903751272764183,1.9104040920023124,0.47413793103448265,0.4669823971163567,24,274,0.08759124087591241
SC391_cnv_19_R30C65yesS_SC391_38_W_D2,9.682487,7.2794175,3,1.144599089101974,330.57851239669424,0.9376798469946537,0.8997403318286826,2.4077940092140855,0.7627118644067796,0.29981409373812,12,102,0.11764705882352941
SC391_cnv_19_R30C6yesS_SC391_38_W_D1,10.928266,12.157546,3,0.9618345959323951,118.66619200189866,0.9089215276415227,1.063773853778573,0.9040934829545022,0.9851851851851852,0.7047108830826252,24,221,0.1085972850678733
SC391_cnv_19_R31C13yesS_SC391_38_W_D2,10.593439,11.197293,3,0.8564517663386869,118.14744801512288,0.8531442785499336,0.4222902610760918,1.2163167543369573,0.25,0.4322615201379337,23,268,0.08582089552238806
SC391_cnv_19_R31C26yesS_SC391_38_W_D1,11.348646,12.299339,3,0.7965955277066299,106.29251700680271,0.8102568150136232,0.3904338688576065,1.132674234298655,0.31325301204819267,0.4930290143880676,25,244,0.10245901639344263
SC391_cnv_19_R31C35yesS_SC391_38_W_D2,11.228601,12.217957,3,0.9626514610895148,139.50892857142856,0.9696545581651438,0.40740745966739017,1.4884123210583478,0.27891156462585037,0.4651777941987097,39,294,0.1326530612244898
SC391_cnv_19_R31C37yesS_SC391_38_W_D1,11.636863,10.647178,3,0.8770657749172694,115.73627560665098,0.8809000261274947,0.4456699419328404,1.7861856562070857,0.3018867924528301,0.361846783087352,22,208,0.10576923076923077
SC391_cnv_19_R31C43yesS_SC391_38_W_D1,-0.30426443,5.597911,0,0.7020988134179211,43.282548476454295,0.6975403314243863,0.09290153849507284,1.0864513709990264,0.12418300653594772,0.30488361271722214,0,157,0.0
SC391_cnv_19_R31C48yesS_SC391_38_W_D2,11.875897,12.446013,3,0.966932256847993,110.80332409972299,0.9893092276927836,0.4481765443833522,2.138240766616936,0.34224598930481287,0.44436824653414,23,242,0.09504132231404959
SC391_cnv_19_R31C4yesS_SC391_38_W_D1,11.375604,12.335976,3,0.9079901549984818,179.16330735465377,0.9208313198155609,0.412787893336945,1.1877282322193392,0.2692307692307693,0.42659078756969177,27,250,0.108
SC391_cnv_19_R31C53yesS_SC391_38_W_D2,8.958594,10.678457,3,0.7718955050346856,53.692716582995516,0.7167740273203975,0.649362579948867,0.977772625121188,0.4328358208955224,0.5172648833312655,29,300,0.09666666666666666
SC391_cnv_19_R31C54yesS_SC391_38_W_D1,12.966909,11.544181,3,0.7659344489677525,77.15751707110066,0.7560607081425482,0.4233469398357713,1.1234567901234556,0.20370370370370372,0.41602619201693974,39,244,0.1598360655737705
SC391_cnv_19_R31C68yesS_SC391_38_W_D2,-0.38305387,6.507996,0,0.8698149881121385,188.18924310286422,0.8926481197358197,0.3016030446282646,1.2078713287866654,0.28220858895705525,0.5207474571456285,0,173,0.0
SC391_cnv_19_R31C6yesS_SC391_38_W_D1,10.965617,11.309294,3,0.7644835775519636,55.69169079973268,0.7318082480667442,0.45187278418361915,1.019549199867868,0.2693726937269372,0.4318563753760898,17,184,0.09239130434782608
SC391_cnv_19_R33C12yesS_SC391_38_W_D2,13.023998,11.671212,3,0.7708904276773587,62.98815822625347,0.7552186959958687,0.3752443443690216,0.9511752261946872,0.22834645669291342,0.37947535649030273,17,176,0.09659090909090909
SC391_cnv_19_R33C13yesS_SC391_38_W_D2,11.150396,11.987583,3,0.8162293505632205,121.70879143170107,0.8483412320264595,0.35928018433590436,1.1408247947706653,0.23376623376623384,0.37897225717411376,32,242,0.1322314049586777
SC391_cnv_19_R33C14yesS_SC391_38_W_D2,5.9563656,9.126305,1,0.8559656286424632,150.8978421608571,0.8437054368788477,0.5093407146488369,2.189762870801691,0.375,0.505487680533736,21,177,0.11864406779661017
SC391_cnv_19_R33C16yesS_SC391_38_W_D2,11.104879,11.242105,3,0.792149351364957,80.1153661272232,0.7715597686861345,0.4352628957729813,1.4304685454365662,0.31761006289308175,0.5450147905845827,27,224,0.12053571428571429
SC391_cnv_19_R33C20yesS_SC391_38_W_D1,12.381489,12.254518,3,0.9640688547886668,197.53086419753086,0.9696344689787796,0.4426645629265811,1.803560453275935,0.2869955156950673,0.454664195442984,31,268,0.11567164179104478
SC391_cnv_19_R33C21yesS_SC391_38_W_D1,12.407812,11.77862,3,0.8075293475870703,57.3921028466483,0.6760475639591429,0.7240522691637553,0.7203011903279408,0.5766423357664234,0.3557455645537955,28,226,0.12389380530973451
SC391_cnv_19_R33C24yesS_SC391_38_W_D1,12.134727,11.859083,3,0.6862019087029122,98.02960494069208,0.7169304173375843,0.42546864082284025,0.938767992120628,0.2692307692307693,0.4706345459954285,19,173,0.10982658959537572
SC391_cnv_19_R33C25yesS_SC391_38_W_D1,11.15251,11.104603,3,0.8104082998980524,77.15751707110066,0.8465164499351671,0.33245503930607967,0.9398675808311423,0.21383647798742134,0.3038411177576298,24,232,0.10344827586206896
SC391_cnv_19_R33C26yesS_SC391_38_W_D1,5.9872484,9.110802,1,0.7542925449537249,93.82623381497467,0.6978053603849167,0.31018822271485846,0.9271687095184118,0.15646258503401356,0.4082657693260247,31,240,0.12916666666666668
SC391_cnv_19_R33C29yesS_SC391_38_W_D2,12.372815,12.270245,3,0.903053714322528,152.6204938799182,0.8867380785985487,0.4474268374584703,2.002520892701447,0.29508196721311486,0.4850723751643965,28,219,0.1278538812785388
SC391_cnv_19_R33C35yesS_SC391_38_W_D2,9.232647,12.426783,3,0.8691344604536594,127.5380063258851,0.8432892261765146,0.5428407397194887,1.7341030284483017,0.423469387755102,0.5264511810842576,31,261,0.11877394636015326
SC391_cnv_19_R33C36yesS_SC391_38_W_D1,12.616254,11.0811205,3,0.8272543296922102,109.64611715687619,0.8276365464910717,0.35976156477754334,1.275063094841204,0.25,0.4137586172116567,23,244,0.0942622950819672
SC391_cnv_19_R33C39yesS_SC391_38_W_D1,10.998069,11.193408,3,0.9228092093222932,115.62030292519366,0.918571904927565,0.4364380592808088,1.707789402614106,0.25806451612903225,0.408684555737693,21,249,0.08433734939759036
SC391_cnv_19_R33C46yesS_SC391_38_W_D2,12.704105,11.365761,3,0.9114541768552613,100.54495364877637,0.932772663832993,0.40717452752518696,1.7925624681079535,0.2768878718535469,0.35777180947766424,35,304,0.11513157894736842
SC391_cnv_19_R33C52yesS_SC391_38_W_D2,12.672118,11.144443,3,0.7925690716341602,122.0703125,0.765112387599625,0.36909586909918235,1.2305820051463212,0.22480620155038755,0.34465105687206826,18,193,0.09326424870466321
SC391_cnv_19_R33C58yesS_SC391_38_W_D1,12.744981,11.402329,3,0.8259924517906718,86.71522719389525,0.8340261397345117,0.39656574735385064,1.3510571641912854,0.25268817204301075,0.42984485244555143,27,253,0.1067193675889328
SC391_cnv_19_R33C59yesS_SC391_38_W_D1,11.635172,11.505491,3,0.9762528452863378,142.77215942891135,0.9878285049832113,0.40037180637532027,1.8117792967697235,0.3004926108374384,0.5033714134827953,31,269,0.11524163568773234
SC391_cnv_19_R33C5yesS_SC391_38_W_D1,10.848636,11.212746,3,0.7654402876850136,78.31466833737959,0.800239032999635,0.3926007655319929,1.0751428539429668,0.23684210526315785,0.4142549969081754,18,164,0.10975609756097561
SC391_cnv_19_R33C62yesS_SC391_38_W_D1,12.551375,11.244687,3,0.8319520333662398,105.03833899373271,0.8450672760411403,0.3935822601018998,1.3622046423876357,0.24404761904761907,0.456289813340673,27,238,0.1134453781512605
SC391_cnv_19_R33C68yesS_SC391_38_W_D2,8.687111,7.3734293,2,0.8378936331464709,100.23722810651876,0.8208139837804932,0.5241968839746067,1.041304378768591,0.34463276836158196,0.48240151251532787,24,227,0.10572687224669604
SC391_cnv_19_R33C71yesS_SC391_38_W_D2,12.483153,11.813198,3,0.8817937066659133,120.75836251660427,0.8631304222255699,0.47517526718644454,1.89068480906166,0.28571428571428575,0.48713771354996516,23,254,0.09055118110236221
SC391_cnv_19_R33C7yesS_SC391_38_W_D1,12.525715,11.204224,3,0.8119242108281316,85.33333333333334,0.7908890375868076,0.4357036489015642,1.9055821935116137,0.26344086021505375,0.47425929825215574,29,240,0.12083333333333333
SC391_cnv_19_R34C12yesS_SC391_38_W_D2,7.581768,6.2600713,2,0.8466748597202737,130.6122448979592,0.7950312954749433,0.6214948130032167,1.3843481329082004,0.48888888888888893,0.5318429119767454,16,129,0.12403100775193798
SC391_cnv_19_R34C16yesS_SC391_38_W_D2,-0.628605,6.3794923,0,0.5736542484842141,0.0,0.0,0.1761189795979175,0.9480156148598922,0.1515151515151516,0.3799525682082036,0,121,0.0
SC391_cnv_19_R34C17yesS_SC391_38_W_D2,9.999439,11.435942,3,0.6368460669772887,0.0,0.0,0.4973578613560324,0.9111776755594467,0.36627906976744184,0.42873540386118947,16,146,0.1095890410958904
SC391_cnv_19_R34C20yesS_SC391_38_W_D1,11.127165,10.95684,3,0.7064901874348538,113.17338162064283,0.6783468589365766,0.3626289831680894,1.0934201435445894,0.26315789473684204,0.3659443214192742,12,141,0.0851063829787234
SC391_cnv_19_R34C21yesS_SC391_38_W_D1,9.545549,10.167667,3,0.5453786935858355,0.0,0.0,0.42951592815094153,1.2511822461942192,0.2882352941176471,0.42200128322457037,10,120,0.08333333333333333
SC391_cnv_19_R34C26yesS_SC391_38_W_D1,11.7765045,12.451543,3,0.799743395312969,82.64462809917356,0.8017840284746607,0.46149707879076074,1.6746476662684608,0.3571428571428572,0.43722950210734324,11,127,0.08661417322834646
SC391_cnv_19_R34C28yesS_SC391_38_W_D2,-0.7752802,6.771571,0,0.5168804434727897,0.0,0.0,0.0685353205948583,0.8978251307453601,0.11764705882352944,0.2492098492426668,0,90,0.0
SC391_cnv_19_R34C30yesS_SC391_38_W_D2,-0.7014427,6.756996,0,0.7065732133694418,87.34387282732116,0.7367647759833545,0.1749586504588759,1.2113565864623508,0.19266055045871555,0.44631999764480595,0,127,0.0
SC391_cnv_19_R34C40yesS_SC391_38_W_D1,12.932743,11.897983,3,0.713641032514481,73.05135510263716,0.7201121125841481,0.38923105919696355,1.0980856472057805,0.23728813559322037,0.44873121540816113,19,178,0.10674157303370786
SC391_cnv_19_R34C41yesS_SC391_38_W_D1,9.872479,11.392085,3,0.8735580784065508,118.66619200189866,0.9000895407274937,0.37462183876209304,1.048199191952662,0.25,0.3498748932726985,28,268,0.1044776119402985
SC391_cnv_19_R34C46yesS_SC391_38_W_D2,11.794692,12.422899,3,0.8821080291700062,86.56509695290859,0.8421883937125585,0.39976588524587137,1.8242650948789731,0.3116883116883118,0.4236657680410666,22,178,0.12359550561797752
SC391_cnv_19_R34C51yesS_SC391_38_W_D2,12.176323,11.536252,3,0.7969665784473727,134.3724805159903,0.7838323221130836,0.484013677521722,2.1889319435254104,0.3846153846153846,0.4277861907440528,16,154,0.1038961038961039
SC391_cnv_19_R34C58yesS_SC391_38_W_D1,12.21556,12.244981,3,0.9005502482012074,146.92378328741967,0.9160899473297137,0.45018506857693,1.9521526066929065,0.3090909090909091,0.4930612961740376,11,202,0.054455445544554455
SC391_cnv_19_R34C59yesS_SC391_38_W_D1,9.923787,11.265901,3,0.8502937763463129,113.17338162064283,0.839861202471621,0.4263440779100956,1.1650757289702192,0.23936170212765961,0.3583862361400558,26,296,0.08783783783783784
SC391_cnv_19_R34C5yesS_SC391_38_W_D1,12.4850855,11.283168,3,0.7446984591176329,106.28122010840686,0.7684216221492862,0.405516066590052,1.3016505076817928,0.26530612244897966,0.336544451242869,18,134,0.13432835820895522
SC391_cnv_19_R34C63yesS_SC391_38_W_D2,11.5875225,10.684939,3,0.8194456551827849,90.56877188745321,0.8266066293564841,0.5396659581760794,1.521126458575365,0.3388888888888889,0.5238693598791953,28,252,0.1111111111111111
SC391_cnv_19_R34C64yesS_SC391_38_W_D2,10.280825,10.498684,3,0.8271239804792286,106.28122010840686,0.8188541561186139,0.482062625436599,1.3328703435931,0.29639175257731964,0.4946593673317319,30,292,0.10273972602739725
SC391_cnv_19_R34C69yesS_SC391_38_W_D2,10.538285,10.662906,3,0.9345744424095312,83.98421096833795,0.9424800542023086,0.4445486219515006,1.2432869915463987,0.26329787234042556,0.5112681680479478,38,308,0.12337662337662338
SC391_cnv_19_R34C6yesS_SC391_38_W_D1,11.005802,11.069842,3,0.7037700406442111,115.62030292519366,0.7053173950354092,0.3535469615840299,1.1501413225733654,0.3052631578947369,0.42036577767270483,15,106,0.14150943396226415
SC391_cnv_19_R34C7yesS_SC391_38_W_D1,11.236031,12.024299,3,0.8780859092560818,126.24668602449185,0.8837272735447206,0.47953343391216596,1.195454529118916,0.3586956521739131,0.49691307834752024,7,121,0.05785123966942149
SC391_cnv_19_R35C25yesS_SC391_38_W_D1,11.199389,12.255705,3,0.8419505576234186,85.79027138322515,0.8335689250054377,0.4045380677421494,1.1924585487082204,0.2682926829268293,0.35730971460054195,44,287,0.15331010452961671
SC391_cnv_19_R35C26yesS_SC391_38_W_D1,10.775356,10.984038,3,0.8168812774010745,92.55402841408673,0.7453325557368218,0.38324221458329255,1.5304986234561635,0.2364864864864865,0.3634967082127126,18,187,0.0962566844919786
SC391_cnv_19_R35C27yesS_SC391_38_W_D2,12.0067835,11.344257,3,0.9265420599942361,157.79092702169623,0.9458058366125229,0.38712675358399207,1.5328908323769215,0.2642487046632125,0.4236805089525729,28,260,0.1076923076923077
SC391_cnv_19_R35C36yesS_SC391_38_W_D1,12.351629,11.8465185,3,0.8003998597832869,87.65522279035793,0.7871750367777689,0.37301420212657327,0.9617053903386577,0.20540540540540542,0.34882292967284223,28,273,0.10256410256410256
SC391_cnv_19_R35C40yesS_SC391_38_W_D1,11.776353,12.396461,3,0.9287066786336174,142.77215942891135,0.9261447196856264,0.44825383531164975,1.9176042477510769,0.2857142857142857,0.4649699099203413,38,266,0.14285714285714285
SC391_cnv_19_R35C43yesS_SC391_38_W_D1,12.673504,11.286565,3,0.77726131644427,90.08603216071349,0.7630892001819202,0.3471298637592581,1.0808709263966008,0.2185430463576159,0.36189593468634845,29,230,0.12608695652173912
SC391_cnv_19_R35C46yesS_SC391_38_W_D2,-0.27990958,5.609611,0,0.8764049128457707,116.61807580174927,0.8633064324044996,0.258136367721266,2.0236231616711224,0.2393509127789047,0.4919946910876789,0,269,0.0
SC391_cnv_19_R35C54yesS_SC391_38_W_D1,12.934328,11.933079,3,0.8765891254946783,169.59692464243315,0.8821029415279498,0.5396512475751685,1.19514100810029,0.375,0.43268713167001605,17,196,0.08673469387755102
SC391_cnv_19_R35C56yesS_SC391_38_W_D1,11.171833,12.329936,3,0.8146763026735221,96.84917355371901,0.8125398379395388,0.36018990611223123,1.1839329389214868,0.24431818181818182,0.42727211773420587,32,312,0.10256410256410256
SC391_cnv_19_R35C57yesS_SC391_38_W_D1,10.286869,11.155856,3,0.8386810001581814,113.17338162064283,0.8381122148258876,0.40075802625391566,1.3190422756968114,0.2830687830687831,0.3713563545057031,18,243,0.07407407407407407
SC391_cnv_19_R35C59yesS_SC391_38_W_D1,6.0806475,9.093301,1,0.7877327943683041,97.9591836734694,0.756759918786039,0.42778757072342094,1.3863345282729391,0.26136363636363635,0.4351565943203335,23,220,0.10454545454545454
SC391_cnv_19_R35C5yesS_SC391_38_W_D1,11.049575,11.221948,3,0.7631674353069972,102.03040506070809,0.7431818911075547,0.38633795040716695,1.162325176081058,0.25,0.3509350403577519,13,128,0.1015625
SC391_cnv_19_R35C63yesS_SC391_38_W_D2,11.184538,12.277148,3,0.8236888175742046,109.64611715687619,0.8113168975735766,0.38599468180873603,1.190451300412359,0.2421052631578947,0.4101937680488435,32,318,0.10062893081761007
SC391_cnv_19_R35C64yesS_SC391_38_W_D2,11.291334,12.3325405,3,0.831263187941931,93.63003651571424,0.8376513867427123,0.39603998043500804,1.0191818037759623,0.2849162011173185,0.4048361210818255,32,277,0.11552346570397112
SC391_cnv_19_R35C67yesS_SC391_38_W_D2,12.363491,11.513733,3,0.7044963226333398,88.999644001424,0.6476110043695494,0.3490090679397102,0.9181528347619952,0.2264150943396226,0.4012376892838106,19,172,0.11046511627906977
SC391_cnv_19_R35C6yesS_SC391_38_W_D1,9.402891,10.444846,3,0.8637362758883009,140.0511186583103,0.8686009555242852,0.4866136167844987,1.4565889191850774,0.33333333333333337,0.49868008025918303,19,209,0.09090909090909091
SC391_cnv_19_R36C10yesS_SC391_37_W_A2,8.613224,7.5286207,2,0.6891092808232395,82.64462809917356,0.43700237953459203,0.6482580098531278,0.717108062779546,0.45945945945945943,0.42802433614458657,10,162,0.06172839506172839
SC391_cnv_19_R36C11yesS_SC391_37_W_A2,-0.87731856,6.33346,0,0.5389060331405082,65.03642039542144,0.7120306420393117,0.03134243621022341,0.6988955139519051,0.07258064516129037,0.14076070600327487,1,145,0.006896551724137931
SC391_cnv_19_R36C13yesS_SC391_37_W_A2,9.810522,7.866499,3,0.8085145376838007,92.55402841408673,0.7846241809583735,0.5481365568140426,1.0823292124289865,0.4039735099337748,0.45975587328962564,14,193,0.07253886010362694
SC391_cnv_19_R36C14yesS_SC391_37_W_A2,-0.2805915,5.5750823,0,0.5650783890238008,70.61648188687239,0.7016574699823329,0.02040491050255669,0.6765146191245307,0.07499999999999996,0.08630770769427837,0,171,0.0
SC391_cnv_19_R36C16yesS_SC391_37_W_A2,11.789427,8.350829,3,0.6881248314192986,85.73388203017832,0.7551472081018625,0.5488561485497334,0.9654995146832306,0.2090909090909091,0.3212730226457176,20,177,0.11299435028248588
SC391_cnv_19_R36C20yesS_SC391_37_W_A1,9.786707,7.039389,3,0.7738310619268458,54.869684499314126,0.7490710368943932,0.4018859320364011,1.175424502694174,0.25735294117647056,0.39531794496013356,21,225,0.09333333333333334
SC391_cnv_19_R36C27yesS_SC391_37_W_A2,11.041893,8.398115,3,0.7352920625249721,62.00012400024801,0.7322250754152919,0.39063454927382624,0.9856585921839391,0.1484375,0.3105929300139689,26,204,0.12745098039215685
SC391_cnv_19_R36C29yesS_SC391_37_W_A2,7.547449,6.1724586,2,0.7651907365457672,70.61648188687239,0.7827188131902889,0.3836133930231084,1.095532394874626,0.23140495867768596,0.370550059827669,23,180,0.12777777777777777
SC391_cnv_19_R36C2yesS_SC391_37_W_A1,10.962936,8.665421,3,0.7220716880720626,73.05135510263716,0.7216419649524115,0.41920914238377793,0.9395243602940291,0.22689075630252098,0.36478554037434513,22,205,0.1073170731707317
SC391_cnv_19_R36C30yesS_SC391_37_W_A2,7.333501,6.1065607,2,0.8617161509669949,102.04081632653062,0.8773278582235485,0.5782516384664406,0.8640940228720576,0.43448275862068964,0.33631089772518635,34,233,0.1459227467811159
SC391_cnv_19_R36C43yesS_SC391_37_W_A1,10.8381,7.142461,3,0.7132221775943061,67.18624025799515,0.7375903617522032,0.3732266670759323,0.869173779697257,0.20967741935483875,0.262877127346087,19,196,0.09693877551020408
SC391_cnv_19_R36C48yesS_SC391_37_W_A2,-0.50537807,5.798309,0,0.6889086468385405,48.2253086419753,0.598437806543782,0.019013077930446973,0.6916610887771522,0.06944444444444442,0.0692652546808225,1,174,0.005747126436781609
SC391_cnv_19_R36C53yesS_SC391_37_W_A2,8.535418,7.35478,2,0.7851442553710839,46.913116907487336,0.7616673524542421,0.5552913343729441,0.8848658024894249,0.36601307189542487,0.34561506133711806,27,218,0.12385321100917432
SC391_cnv_19_R36C62yesS_SC391_37_W_A1,7.4056945,6.2090774,2,0.8510116812168883,118.34319526627219,0.814074027864734,0.3564498093850448,0.9672079799093707,0.23484848484848486,0.37278162086676,22,191,0.11518324607329843
SC391_cnv_19_R36C66yesS_SC391_37_W_A2,7.3453145,5.5677724,2,0.5354856465806732,0.0,0.0,0.3705259699739264,0.8690803248802196,0.23287671232876717,0.26425393573859607,14,128,0.109375
SC391_cnv_19_R36C6yesS_SC391_37_W_A1,11.177357,7.6514206,3,0.7556476056691669,79.71938775510203,0.8036023820078045,0.3864607134860628,0.8566253730848576,0.20353982300884954,0.24011942177382226,15,173,0.08670520231213873
SC391_cnv_19_R36C8yesS_SC391_37_W_A1,7.023328,6.8659697,2,0.9989267226159495,200.0,1.0012256619435491,0.5695944095515036,1.6707456933581395,0.41730279898218825,0.46018656741522207,26,260,0.1
SC391_cnv_19_R36C9yesS_SC391_37_W_A2,6.3357363,8.82569,1,0.7213754429459863,55.69169079973268,0.5206919584831756,0.6318971434430044,0.7636636743786507,0.4139194139194139,0.4353677802724121,16,200,0.08
SC391_cnv_19_R37C0yesS_SC391_37_W_A1,7.539682,6.1248913,2,0.7357986230629439,61.03515625,0.660017643448421,0.433447760624759,1.0823489672707514,0.36923076923076925,0.47813010959968855,24,203,0.11822660098522167
SC391_cnv_19_R37C12yesS_SC391_37_W_A2,6.7758126,7.065251,2,0.7924270981708424,105.01995379122033,0.7737380546846967,0.44616963048297476,1.5473350517213778,0.2907801418439717,0.42226075381459066,22,205,0.1073170731707317
SC391_cnv_19_R37C16yesS_SC391_37_W_A2,-0.8975587,6.778018,0,0.5689766733627744,0.0,0.0,0.04751853785438133,0.7910649935361179,0.1030927835051546,0.12185336572592878,1,158,0.006329113924050633
SC391_cnv_19_R37C19yesS_SC391_37_W_A1,9.638554,6.8197107,3,1.014901635196498e-08,0.0,0.0,0.4526064246791826,0.7737733664188267,0.24193548387096775,0.31521690294328303,7,117,0.05982905982905983
SC391_cnv_19_R37C1yesS_SC391_37_W_A1,6.784682,7.019272,2,0.6712569401577555,0.0,0.0,0.45119812447543467,1.385051145933518,0.31746031746031744,0.36657369565650766,14,84,0.16666666666666666
SC391_cnv_19_R37C20yesS_SC391_37_W_A1,7.599554,6.164025,2,0.8796533046473374,117.1875,0.8576189896247075,0.3997977452137727,1.4771600441902806,0.259493670886076,0.3957502713991334,27,233,0.11587982832618025
SC391_cnv_19_R37C26yesS_SC391_37_W_A1,7.862366,7.138184,2,0.8605474470248845,126.49687974363297,0.8417702586202354,0.5358999912140793,0.9330883161797068,0.4088050314465409,0.41117689189156065,29,223,0.13004484304932734
SC391_cnv_19_R37C27yesS_SC391_37_W_A2,10.88073,6.9134107,3,0.680197997882558,92.45562130177514,0.705448949838606,0.3611383999554616,0.9955400723224843,0.26415094339622647,0.27441813437270834,10,161,0.062111801242236024
SC391_cnv_19_R37C29yesS_SC391_37_W_A2,7.3569927,5.8127027,2,0.8265532794425969,64.0,0.8048901476536098,0.40287376676305686,1.101171867153571,0.2648221343873518,0.3865888117961353,20,193,0.10362694300518134
SC391_cnv_19_R37C2yesS_SC391_37_W_A1,10.867699,8.314443,3,0.6627740453000304,0.0,0.0,0.3649006735106851,0.8786082627308053,0.19318181818181823,0.21651576028309183,14,155,0.09032258064516129
SC391_cnv_19_R37C30yesS_SC391_37_W_A2,7.271863,6.4430885,2,0.7693219951045652,92.45562130177514,0.7318069284904029,0.4785976814549908,1.3959284854437488,0.36190476190476195,0.5305018909129111,19,142,0.13380281690140844
SC391_cnv_19_R37C36yesS_SC391_37_W_A1,7.938154,7.08002,2,0.5971795335236413,0.0,0.0,0.530834610862548,1.1191829602411878,0.3674698795180723,0.3786963133776498,24,149,0.1610738255033557
SC391_cnv_19_R37C41yesS_SC391_37_W_A1,8.974972,7.8429065,3,0.7339694174723045,86.5332612222823,0.673923915098725,0.4470441724842904,0.7535922203472524,0.25,0.34458586099221306,11,164,0.06707317073170732
SC391_cnv_19_R37C56yesS_SC391_37_W_A1,7.4791307,5.8609815,2,0.6571320358880417,0.0,0.0,0.3620652875803635,0.9233304189183847,0.23958333333333337,0.34478642489989286,28,163,0.17177914110429449
SC391_cnv_19_R37C60yesS_SC391_37_W_A1,10.195592,7.4276977,3,0.8016674043289507,97.80429360848942,0.7709371273693463,0.6717776344788065,1.4530618614485593,0.36734693877551017,0.4947681373983428,30,224,0.13392857142857142
SC391_cnv_19_R37C62yesS_SC391_37_W_A1,7.525505,5.949532,2,0.6419077903957833,0.0,0.0,0.3631782944596242,0.9993187222425604,0.240506329113924,0.3575206787004976,15,112,0.13392857142857142
SC391_cnv_19_R37C63yesS_SC391_37_W_A2,9.696121,7.144455,3,0.8206160209780176,88.61058601134216,0.8329026324412426,0.44001889469915045,1.4874880679044558,0.2717391304347826,0.40173210406030874,29,247,0.11740890688259109
SC391_cnv_19_R37C7yesS_SC391_37_W_A1,8.059096,6.425893,2,0.9114489214785145,135.12904824107022,0.9131308923605979,0.35857807049851076,1.1408328163077532,0.24579124579124578,0.39840325802493515,19,220,0.08636363636363636
SC391_cnv_19_R38C22yesS_SC391_37_W_A1,9.841686,7.682241,3,0.6253154747031295,0.0,0.0,0.4193770269759646,1.0879133760697666,0.28,0.36839168966477315,11,132,0.08333333333333333
SC391_cnv_19_R38C26yesS_SC391_37_W_A1,10.27541,8.4785185,3,0.681415597698,0.0,0.0,0.31826645520984553,0.9269287635185699,0.20238095238095233,0.32533167339154084,12,108,0.1111111111111111
SC391_cnv_19_R38C28yesS_SC391_37_W_A2,9.587155,6.9915156,3,0.8825172723834109,114.7842056932966,0.8984548636053764,0.36316985882775776,1.0731930851178537,0.21969696969696972,0.36145294570019637,17,185,0.0918918918918919
SC391_cnv_19_R38C35yesS_SC391_37_W_A2,7.801227,5.8473434,2,0.7183128536918104,70.61648188687239,0.7339391795757761,0.38725755505893283,1.2406056960373562,0.2644628099173554,0.4181268934010712,20,181,0.11049723756906077
SC391_cnv_19_R38C37yesS_SC391_37_W_A1,9.857853,7.2631235,3,0.5507873016827712,0.0,0.0,0.5395724980876302,0.8339460051816483,0.3466666666666667,0.4097041332475117,16,138,0.11594202898550725
SC391_cnv_19_R38C51yesS_SC391_37_W_A2,7.5931163,6.134981,2,0.6169206205161043,0.0,0.0,0.36386381345963503,1.0190493307301365,0.2435897435897436,0.32955644149680335,16,126,0.12698412698412698
SC391_cnv_19_R38C56yesS_SC391_37_W_A1,7.085229,5.8099837,2,0.7201786065033681,74.31629013079666,0.8040724757794645,0.35369201525658855,0.9038047191793154,0.22033898305084743,0.28740984814031423,24,174,0.13793103448275862
SC391_cnv_19_R38C60yesS_SC391_37_W_A1,7.690905,6.784943,2,0.9128549955903588,150.0,0.9094041144817848,0.47023312672590406,1.4250978981000624,0.2860759493670886,0.4251903798814389,35,276,0.12681159420289856
SC391_cnv_19_R38C63yesS_SC391_37_W_A2,9.21366,9.504827,3,0.8649397753725349,139.9736849472299,0.8685340792882741,0.3109883269173299,1.5752336544630334,0.2453825857519789,0.42766212995138114,10,206,0.04854368932038835
SC391_cnv_19_R38C64yesS_SC391_37_W_A2,7.463168,6.649822,2,0.7811010629168128,99.18666931164451,0.8072595677558352,0.4094066305101026,1.7218920879043542,0.3006993006993006,0.38555253300302544,27,181,0.14917127071823205
SC391_cnv_19_R39C0yesS_SC391_37_W_A1,7.1394773,10.825577,3,0.946246505543503,145.15894904920887,0.9521227747693459,0.3729451317536783,1.7677593491312966,0.2530120481927711,0.4088281953163714,26,198,0.13131313131313133
SC391_cnv_19_R39C12yesS_SC391_37_W_A2,9.648541,7.1495113,3,0.6655039795418427,88.999644001424,0.7205152967465378,0.3171027008293106,0.8729183838299418,0.2429906542056075,0.3305317102503843,14,165,0.08484848484848485
SC391_cnv_19_R39C13yesS_SC391_37_W_A2,6.9428444,5.9189625,2,0.7147306717992368,102.03040506070809,0.688374159943833,0.3666616375193672,0.8726969691708567,0.20999999999999996,0.30070004108434856,16,133,0.12030075187969924
SC391_cnv_19_R39C15yesS_SC391_37_W_A2,10.966892,8.340023,3,0.01501713913913384,0.0,0.0,0.38182187219876607,0.873613170790299,0.21212121212121215,0.3051129735696963,11,110,0.1
SC391_cnv_19_R39C17yesS_SC391_37_W_A2,10.581006,7.7871127,3,0.6620454830242715,94.25959091337543,0.7081971523820809,0.3783595311667097,0.9100137233993402,0.22115384615384615,0.32817554444039954,13,162,0.08024691358024691
SC391_cnv_19_R39C19yesS_SC391_37_W_A1,6.988621,6.0110297,2,0.7054756097691139,110.80332409972299,0.6262752366675081,0.3620396449106832,0.7953526400818925,0.22680412371134018,0.28724530234407114,18,147,0.12244897959183673
SC391_cnv_19_R39C26yesS_SC391_37_W_A1,-0.8700007,6.28815,0,0.4951530954416481,0.0,0.0,0.043566996670980934,0.725248756163365,0.09278350515463907,0.1751855670182345,2,122,0.01639344262295082
SC391_cnv_19_R39C35yesS_SC391_37_W_A2,10.609502,7.9296455,3,0.7225961345446901,75.61436672967864,0.7771321235609387,0.36994972020401157,0.866514804567309,0.2155172413793104,0.3689211509028393,13,172,0.0755813953488372
SC391_cnv_19_R39C37yesS_SC391_37_W_A1,7.4992943,7.9950376,3,0.0009342925647263977,0.0,0.0,0.4753716889755993,0.6910506641398754,0.4571428571428571,0.21924883039948853,12,92,0.13043478260869565
SC391_cnv_19_R39C39yesS_SC391_37_W_A1,10.248339,9.861704,3,0.7233918706933692,76.94675284702986,0.601318032169672,0.9015778540236725,0.3902093982538045,0.8935185185185185,0.3921546967235041,23,147,0.1564625850340136
SC391_cnv_19_R39C40yesS_SC391_37_W_A1,7.2808566,5.5415587,2,0.7078976320844061,100.0,0.6905862680660256,0.37223311073385423,0.8230635315473815,0.2376237623762376,0.30535306917925,12,148,0.08108108108108109
SC391_cnv_19_R39C41yesS_SC391_37_W_A1,7.1130133,6.2149186,2,0.7213670144747845,73.05135510263716,0.7361446006601197,0.36946810343699876,0.9994252459745128,0.21186440677966112,0.32014904337971156,16,185,0.08648648648648649
SC391_cnv_19_R39C44yesS_SC391_37_W_A1,9.658282,6.8944,3,0.7552533014147913,71.81844297615628,0.7913295189446289,0.4260819134214089,0.8726143141455387,0.2100840336134454,0.24594850518049602,11,166,0.06626506024096386
SC391_cnv_19_R39C46yesS_SC391_37_W_A2,8.259563,10.204966,3,0.8121512549295573,143.63688595231255,0.7871966036837066,0.5802032932286878,0.8762476387653817,0.44166666666666665,0.3132070163676095,32,176,0.18181818181818182
SC391_cnv_19_R39C5yesS_SC391_37_W_A1,7.2758365,5.524454,2,0.694193689670736,108.50694444444444,0.6130679053384899,0.378493302357694,0.9892609817848146,0.25773195876288657,0.31377284187063,12,153,0.0784313725490196
SC391_cnv_19_R39C60yesS_SC391_37_W_A1,7.1008515,6.3382716,2,0.7374900601179563,62.98815822625347,0.7349305604681581,0.38543783763975004,1.1322428867064342,0.25984251968503935,0.40804619325945607,15,176,0.08522727272727272
SC391_cnv_19_R39C61yesS_SC391_37_W_A1,7.310219,6.175139,2,0.7536033781115211,92.45562130177514,0.7436991782754737,0.4360925344545269,1.2027919454091425,0.2904761904761905,0.45736908286705497,21,147,0.14285714285714285
SC391_cnv_19_R39C62yesS_SC391_37_W_A1,7.1085205,5.737036,2,0.6864485231925058,126.24668602449185,0.600113572669619,0.3896788205574003,0.8850821589939388,0.24861878453038677,0.34691627743989917,17,133,0.12781954887218044
SC391_cnv_19_R39C64yesS_SC391_37_W_A2,7.99985,6.1418624,2,0.9062532659510887,164.6090534979424,0.9336632538464564,0.40891698735160553,1.2043281232486267,0.26119402985074625,0.40967733538225554,24,182,0.13186813186813187
SC391_cnv_19_R39C9yesS_SC391_37_W_A2,6.8017826,7.129633,2,0.7806545918542858,116.54332498106172,0.7896209293967205,0.4021481671980614,1.5315753894068957,0.27819548872180455,0.3832416983795501,20,189,0.10582010582010581
SC391_cnv_19_R3C0yesS_SC391_37_W_A1,7.587087,6.6761937,2,0.8466519977907485,114.46624390467251,0.841800202987391,0.3997284924598457,1.2723672464047904,0.2822966507177034,0.48797943974931557,38,274,0.1386861313868613
SC391_cnv_19_R3C11yesS_SC391_37_W_A2,9.352516,9.537792,3,1.0000226026682115,0.0,0.0,0.5027626735794984,1.026573898994738,0.40963855421686746,0.3637064452265705,20,143,0.13986013986013987
SC391_cnv_19_R3C25yesS_SC391_37_W_A1,7.142144,6.4751697,2,0.7949599064324016,90.08603216071349,0.7765515010280797,0.4985756258562132,1.513241400295657,0.3642384105960266,0.46802660065059326,18,208,0.08653846153846154
SC391_cnv_19_R3C29yesS_SC391_37_W_A2,7.424603,5.923079,2,0.8499130402077674,76.20789513793629,0.87301972265177,0.35399525742399696,0.9126221687844127,0.24683544303797467,0.3874989445535515,24,236,0.1016949152542373
SC391_cnv_19_R3C33yesS_SC391_37_W_A2,7.8159375,6.5328746,2,0.8099456099911042,113.17338162064283,0.8002590688286627,0.35430214255736947,0.9472803962886744,0.2872340425531915,0.421593369072796,13,124,0.10483870967741936
SC391_cnv_19_R3C37yesS_SC391_37_W_A1,-0.68284416,6.502878,0,0.6660815482630515,46.913116907487336,0.5915772428567867,0.05778604291344988,0.8623339353757227,0.08904109589041087,0.24415004075491184,3,173,0.017341040462427744
SC391_cnv_19_R3C39yesS_SC391_37_W_A1,8.909196,9.271318,3,0.8203441867588429,68.39711364180431,0.7958230115088741,0.5322380661472832,1.0855368726833712,0.41860465116279066,0.30266836956038534,28,224,0.125
SC391_cnv_19_R3C42yesS_SC391_37_W_A1,10.253615,8.44214,3,0.8925718397831732,126.24668602449185,0.889969886197974,0.4848470207495825,1.428563220725793,0.3502824858757062,0.49160045878524977,21,226,0.09292035398230089
SC391_cnv_19_R3C43yesS_SC391_37_W_A1,7.9433446,6.8412747,2,0.952413058872247,150.0,0.9532790570584535,0.607502164135467,1.629835457506366,0.49743589743589745,0.5276862513583566,30,240,0.125
SC391_cnv_19_R3C48yesS_SC391_37_W_A2,7.454198,6.3627634,2,0.9174071209810458,136.79422728360862,0.9529103943118397,0.5504835236748397,1.3485128256801406,0.4821428571428572,0.39612159874512365,28,231,0.12121212121212122
SC391_cnv_19_R3C54yesS_SC391_37_W_A1,8.072688,10.249463,3,0.862029116508109,135.20822065981613,0.8333868937200145,1.6248289005869496,1.3275429761208328,0.4011627906976744,0.45461909971890946,20,167,0.11976047904191617
SC391_cnv_19_R3C56yesS_SC391_37_W_A1,6.8255944,6.662286,2,0.9380180075691317,171.46776406035664,0.9461211751553475,0.4210546063860185,1.901908876777575,0.26168224299065423,0.3696076879026929,43,287,0.14982578397212543
SC391_cnv_19_R3C57yesS_SC391_37_W_A1,10.576798,7.9112206,3,0.7635854489080416,88.8888888888889,0.751955318814956,0.41361907785701335,1.3553607414307929,0.24503311258278138,0.4158466279421818,27,223,0.1210762331838565
SC391_cnv_19_R3C60yesS_SC391_37_W_A1,11.202608,8.245973,3,0.8085078326625006,81.38020833333333,0.8151079405893785,0.5577017128720173,1.3770202292593845,0.21558441558441555,0.3465524768445057,32,278,0.11510791366906475
SC391_cnv_19_R3C6yesS_SC391_37_W_A1,7.3633833,6.307032,2,0.7804869047201406,100.5985614405714,0.731842826251118,0.3743681586837665,1.0452943839594062,0.19718309859154926,0.3071533865109158,38,239,0.1589958158995816
SC391_cnv_19_R3C7yesS_SC391_37_W_A1,7.149029,10.662036,3,0.9241323163041246,114.41429415915027,0.9272992855672756,0.5866809569211545,2.239432320717512,0.2713347921225383,0.4402646947173466,33,320,0.103125
SC391_cnv_19_R3C9yesS_SC391_37_W_A2,10.844703,6.912127,3,0.9146806162145346,141.7233560090703,0.9152039716800064,0.46708251909776016,1.5969196651355073,0.34538152610441764,0.5134745221633268,41,318,0.1289308176100629
SC391_cnv_19_R40C18yesS_SC391_37_W_A1,7.117176,7.1804843,2,0.6280888854261956,0.0,0.0,0.3257587291219295,1.0606601717798214,0.2666666666666667,0.31633007806384006,8,69,0.11594202898550725
SC391_cnv_19_R40C21yesS_SC391_37_W_A1,6.903,6.366953,2,0.5981246230936915,0.0,0.0,0.348912043726103,0.8361635076127669,0.22941176470588243,0.27424587689487856,29,134,0.21641791044776118
SC391_cnv_19_R40C22yesS_SC391_37_W_A1,6.8050957,6.7882485,2,1.0388403030227509,332.409972299169,1.0419095667183589,0.433880738796259,1.0870846053862038,0.2872340425531914,0.41930927756198133,15,129,0.11627906976744186
SC391_cnv_19_R40C29yesS_SC391_37_W_A2,6.830893,6.6058736,2,1.0373840578501952,98.02960494069208,1.0920675222031275,0.3879152943632716,0.9510068502620549,0.24878048780487805,0.32599692435195127,19,156,0.12179487179487179
SC391_cnv_19_R40C34yesS_SC391_37_W_A2,11.213934,7.6429567,3,0.6996021115564152,76.94675284702986,0.7326241035779971,0.3835851762223158,1.0243887003957761,0.22608695652173916,0.31484072439063787,12,171,0.07017543859649122
SC391_cnv_19_R40C37yesS_SC391_37_W_A1,8.612873,7.1729603,2,0.8149536185060469,74.96111392215288,0.8102551767904117,0.48719569350490094,0.8599920457739343,0.3728813559322033,0.34594762023207815,27,160,0.16875
SC391_cnv_19_R40C38yesS_SC391_37_W_A1,7.3713875,6.002295,2,0.7253085333947947,77.62619107686933,0.7479128859865048,0.3696606992431558,1.0692470364479576,0.24347826086956526,0.37466184965567884,23,195,0.11794871794871795
SC391_cnv_19_R40C3yesS_SC391_37_W_A1,8.117936,6.3762007,2,0.5760890699166142,0.0,0.0,0.5309783227036673,1.0481469961981253,0.3513513513513513,0.43831859084526337,18,126,0.14285714285714285
SC391_cnv_19_R40C40yesS_SC391_37_W_A1,9.7306185,7.116945,3,0.6845246816985567,84.167999326656,0.7915894244260837,0.45347505381979697,0.8465113385603156,0.2702702702702702,0.29330292552826015,17,199,0.08542713567839195
SC391_cnv_19_R40C41yesS_SC391_37_W_A1,7.394158,6.1447988,2,0.7330592651553061,73.05135510263716,0.7375301539756599,0.4196686153294475,1.5691959931164234,0.26890756302521,0.3899804999715903,18,170,0.10588235294117647
SC391_cnv_19_R40C45yesS_SC391_37_W_A2,7.452595,5.9273,2,0.7086806457735484,75.61436672967864,0.7531247809913137,0.3657300484413739,1.068339043811478,0.22222222222222232,0.379604058470718,21,167,0.12574850299401197
SC391_cnv_19_R40C46yesS_SC391_37_W_A2,11.816653,5.5102215,3,0.8510661158893724,124.00024800049601,0.8255093551129554,0.5171959223036865,1.5108751774207114,0.32307692307692304,0.437991647868752,18,163,0.11042944785276074
SC391_cnv_19_R40C47yesS_SC391_37_W_A2,9.173184,9.65002,3,0.7591001133751543,94.25959091337543,0.7799224928384575,0.1804345400954346,0.9719405753929147,0.16504854368932043,0.2935652992457351,6,128,0.046875
SC391_cnv_19_R40C48yesS_SC391_37_W_A2,11.187688,7.61384,3,0.6775156740177978,98.02960494069208,0.6841466126190843,0.3934936056229454,0.9927881681781282,0.21568627450980382,0.3366772011877305,10,159,0.06289308176100629
SC391_cnv_19_R40C51yesS_SC391_37_W_A2,11.522515,5.826762,3,1.5329547093643961e-09,0.0,0.0,0.42137663324712127,0.9094836413191615,0.25396825396825395,0.28080147790229704,12,101,0.1188118811881188
SC391_cnv_19_R40C52yesS_SC391_37_W_A2,8.302886,6.752359,2,0.868908850373509,153.8935056940597,0.8730588039502977,0.4620070737555192,1.0432449964503934,0.35930735930735935,0.4257318695220482,12,155,0.07741935483870968
SC391_cnv_19_R40C57yesS_SC391_37_W_A1,11.014667,7.7092533,3,0.6900436132728409,98.02960494069208,0.7771794804548521,0.34797693102205607,0.9821940520831786,0.20792079207920788,0.3539880215992742,18,144,0.125
SC391_cnv_19_R40C58yesS_SC391_37_W_A1,9.811011,8.64332,3,0.6880564893446043,0.0,0.0,0.7906297074209206,2.260823842501532,0.6625,0.39699309034225755,19,130,0.14615384615384616
SC391_cnv_19_R40C5yesS_SC391_37_W_A1,11.630578,8.306335,3,0.6703902222272718,0.0,0.0,0.4906358467302369,0.9908341890469703,0.20512820512820518,0.29116017898509594,12,148,0.08108108108108109
SC391_cnv_19_R40C6yesS_SC391_37_W_A1,7.3856387,6.4218774,2,0.9848891771076769,96.11687812379854,0.9899969988458779,0.3868657173366214,1.2855917366964882,0.2815533980582524,0.40206018997704884,14,128,0.109375
SC391_cnv_19_R40C71yesS_SC391_37_W_A2,6.821753,7.215435,2,0.9810787927279296,177.7777777777778,0.984312697497175,0.45247487074412385,2.000888494177937,0.3533333333333334,0.4438386709341607,13,175,0.07428571428571429
SC391_cnv_19_R41C0yesS_SC391_37_W_A1,11.377097,7.9554543,3,0.734635336980399,91.30752373995617,0.7200691991652867,0.535314617740171,1.7923609956214015,0.2828947368421053,0.46559151394200776,24,255,0.09411764705882353
SC391_cnv_19_R41C12yesS_SC391_37_W_A2,7.219138,5.8170137,2,0.7376773767322747,114.7842056932966,0.7123643983023797,0.37736563427107417,0.9679456282335438,0.24344569288389517,0.3799382501972504,30,200,0.15
SC391_cnv_19_R41C19yesS_SC391_37_W_A1,8.897132,5.978852,2,0.0037870004592726655,0.0,0.0,0.4847164225985378,0.6871557485795395,0.34426229508196715,0.2770017945724636,8,95,0.08421052631578947
SC391_cnv_19_R41C23yesS_SC391_37_W_A1,6.905362,6.546368,2,0.9379208914058402,157.79092702169623,0.9463099747688751,0.41588529978437666,1.5544041450777197,0.26943005181347157,0.4251657096674132,30,248,0.12096774193548387
SC391_cnv_19_R41C3yesS_SC391_37_W_A1,9.624629,6.8770447,3,0.6177414996873914,0.0,0.0,0.5572602366907844,1.0061499721132996,0.2784810126582278,0.47201293711236064,6,101,0.0594059405940594
SC391_cnv_19_R41C40yesS_SC391_37_W_A1,7.562111,5.817509,2,0.760058988651292,57.3921028466483,0.7600011015911967,0.4029924360514526,1.2848829885242137,0.22388059701492535,0.4107531565011946,27,209,0.1291866028708134
SC391_cnv_19_R41C43yesS_SC391_37_W_A1,10.584382,8.298908,3,0.7731459201582802,116.54332498106172,0.7397435527327023,0.41208092743166597,1.0736936246222506,0.24626865671641796,0.3768905083512886,11,191,0.05759162303664921
SC391_cnv_19_R41C45yesS_SC391_37_W_A2,9.247179,10.818069,3,0.9119356665846816,144.17531718569782,0.9161557949479504,0.44254503813147017,1.526412175316837,0.34634146341463423,0.44466967720142736,26,262,0.09923664122137404
SC391_cnv_19_R41C48yesS_SC391_37_W_A2,7.1863203,5.9917226,2,0.8952816002790183,131.57317661506076,0.9238145375357818,0.43375131996238103,1.3775566197934819,0.26845637583892623,0.4232111688211976,28,219,0.1278538812785388
SC391_cnv_19_R41C58yesS_SC391_37_W_A1,7.0964203,5.840365,2,0.8356124800824357,112.91354586171855,0.8441932862111619,0.3967105499219967,1.2261394411338005,0.25,0.41183582201553076,38,238,0.15966386554621848
SC391_cnv_19_R41C5yesS_SC391_37_W_A1,6.863155,6.9357963,2,0.9039636432567077,168.66250632484397,0.9230112778332352,0.42837651948559474,1.6767475888741084,0.30065359477124187,0.4738808299456267,17,220,0.07727272727272727
SC391_cnv_19_R41C61yesS_SC391_37_W_A1,11.781069,5.705858,3,0.7011443044983778,81.16224332440548,0.7893920690476013,0.43997571706511274,0.9121574699579015,0.2142857142857143,0.3214787460683946,20,176,0.11363636363636363
SC391_cnv_19_R41C67yesS_SC391_37_W_A2,7.4613066,6.7969685,2,0.9246419963988928,154.60331366435622,0.9290366067994337,0.4225353429715482,1.565091617721214,0.31443298969072164,0.4921087764055446,24,243,0.09876543209876543
SC391_cnv_19_R41C70yesS_SC391_37_W_A2,8.444496,9.984577,3,0.5499972196129582,0.0,0.0,0.5580106652827892,1.755169676958769,0.4545454545454546,0.42021672510474944,16,118,0.13559322033898305
SC391_cnv_19_R41C71yesS_SC391_37_W_A2,7.6458006,6.6043763,2,0.8722146231230026,136.96128560993427,0.8579884905991917,0.3955664518172029,1.664819478057895,0.3013698630136987,0.35641345034024563,18,172,0.10465116279069768
SC391_cnv_19_R42C10yesS_SC391_37_W_A2,10.820251,8.25105,3,0.6824257374615097,123.4567901234568,0.5887914810106358,0.38445144911666007,1.0066796650395256,0.23076923076923078,0.32955885805990964,10,110,0.09090909090909091
SC391_cnv_19_R42C13yesS_SC391_37_W_A2,7.394958,5.606359,2,0.7303378390882225,74.31629013079666,0.7148757083565781,0.48716954447481564,1.17447516641502,0.2991452991452992,0.45424834180322066,20,166,0.12048192771084337
SC391_cnv_19_R42C1yesS_SC391_37_W_A1,10.456671,8.176038,3,0.6482861700622142,70.61648188687239,0.5998776978947575,0.43629141783207437,1.4350567998061186,0.3223140495867769,0.4346416418079413,17,167,0.10179640718562874
SC391_cnv_19_R42C21yesS_SC391_37_W_A1,7.904024,6.3062687,2,0.92595455494543,138.83104262113008,0.9390450436769381,0.33390067025547326,0.9014695500684611,0.23129251700680276,0.39178384906455244,21,187,0.11229946524064172
SC391_cnv_19_R42C22yesS_SC391_37_W_A1,8.553035,6.153311,2,0.8805012218015172,124.86992715920917,0.8709748839295323,0.4263825454200447,1.022222980927891,0.2287581699346406,0.3710941808828217,25,184,0.1358695652173913
SC391_cnv_19_R42C25yesS_SC391_37_W_A1,7.205985,5.742192,2,0.769891166188612,84.167999326656,0.8066935357406793,0.37453325206345517,0.9876928480438693,0.2545454545454545,0.33159114962603337,15,177,0.0847457627118644
SC391_cnv_19_R42C26yesS_SC391_37_W_A1,10.899024,5.989161,3,0.5576280620680372,0.0,0.0,0.3836391994947138,0.8088229225827892,0.3142857142857143,0.41537118151449043,12,145,0.08275862068965517
SC391_cnv_19_R42C29yesS_SC391_37_W_A2,10.367587,6.8127985,3,0.9579563624388245,185.18518518518516,0.9726491071081197,0.5062004048175804,1.5242692165597598,0.2808988764044944,0.4691420663017958,24,230,0.10434782608695652
SC391_cnv_19_R42C2yesS_SC391_37_W_A1,9.891217,7.07316,3,0.05464489311025375,0.0,0.0,0.3730635878960412,0.8067465706269897,0.2432432432432432,0.29594286834931877,14,133,0.10526315789473684
SC391_cnv_19_R42C34yesS_SC391_37_W_A2,7.6780257,6.746002,2,0.7000023646137586,115.62030292519366,0.4084941317807769,0.7941079851233515,0.837288646134107,0.6000000000000001,0.30387829055932775,25,217,0.1152073732718894
SC391_cnv_19_R42C37yesS_SC391_37_W_A1,-1.0070584,6.456436,0,0.5906526591155677,76.94675284702986,0.7823682124811719,0.04310674330147575,0.7541801722467585,0.08771929824561409,0.16078110269372314,0,145,0.0
SC391_cnv_19_R42C38yesS_SC391_37_W_A1,7.190109,5.916056,2,0.7950338627816534,97.80429360848942,0.7295626732857261,0.35419686202743245,0.9845449221359597,0.22916666666666674,0.39348205731224445,33,240,0.1375
SC391_cnv_19_R42C41yesS_SC391_37_W_A1,10.809565,6.58416,3,0.766772659374068,83.24661810613944,0.7414665138637909,0.4210417817901992,1.0547315356128237,0.23566878980891715,0.3082650830101532,29,261,0.1111111111111111
SC391_cnv_19_R42C44yesS_SC391_37_W_A1,11.764848,8.334815,3,0.794822426042818,99.08838684106223,0.7965952001243045,0.5386332131255289,1.070262452670391,0.1839080459770115,0.2745837789226968,23,266,0.08646616541353383
SC391_cnv_19_R42C46yesS_SC391_37_W_A2,9.657362,7.046125,3,0.7615059973636765,87.71545107670717,0.7575286777005793,0.3648239875948609,1.0641941374919184,0.1842105263157895,0.40067654701719396,27,230,0.11739130434782609
SC391_cnv_19_R42C50yesS_SC391_37_W_A2,7.4154797,5.727726,2,0.8089833833951817,93.82623381497467,0.7565339495752238,0.5345297994500696,1.3878181980150677,0.42281879194630867,0.381428890801687,27,204,0.1323529411764706
SC391_cnv_19_R42C51yesS_SC391_37_W_A2,11.742447,8.336809,3,0.7349287402085207,73.05135510263716,0.7464501934034535,0.5379237694306735,1.008652546983976,0.1610169491525424,0.3396102355171511,25,191,0.13089005235602094
SC391_cnv_19_R42C61yesS_SC391_37_W_A1,10.816437,6.936456,3,0.7884686580595879,79.11079466793244,0.7620507606698294,0.3827367356257684,1.0505837005834269,0.26086956521739135,0.4479583638571008,22,228,0.09649122807017543
SC391_cnv_19_R42C62yesS_SC391_37_W_A1,11.787793,8.364737,3,0.7699474997089072,74.31629013079666,0.7849042401615559,0.5282777925691795,1.0145410113842304,0.19658119658119655,0.2904437797463071,26,192,0.13541666666666666
SC391_cnv_19_R42C66yesS_SC391_37_W_A2,10.351743,10.1254635,3,0.7907252618594461,102.59567046270648,0.7855697985172241,0.49649946696328146,0.9879695372338723,0.41547277936962757,0.3840238324768073,26,214,0.12149532710280374
SC391_cnv_19_R42C68yesS_SC391_37_W_A2,6.971611,5.96638,2,0.8818498423248413,133.33333333333334,0.8575646986085095,0.5880785264251982,1.5481787831301599,0.4013157894736843,0.42329294296167175,24,226,0.10619469026548672
SC391_cnv_19_R42C69yesS_SC391_37_W_A2,7.2316523,6.1338086,2,0.7803945450577208,118.34319526627219,0.7624690265511377,0.38736124276704437,1.0415493338641038,0.25,0.41915185453185083,24,226,0.10619469026548672
SC391_cnv_19_R42C6yesS_SC391_37_W_A1,10.857364,8.309368,3,0.6560288514058972,102.03040506070809,0.559587695785745,0.38178992486402985,1.137607112127891,0.24,0.4021532299128912,15,113,0.13274336283185842
SC391_cnv_19_R43C16yesS_SC391_37_W_A2,7.8439684,8.20088,3,0.6875550340518671,0.0,0.0,0.38430825860087736,1.1034204976467261,0.25,0.3680421285555488,8,99,0.08080808080808081
SC391_cnv_19_R43C24yesS_SC391_37_W_A1,6.793744,7.049332,2,0.7301665571581861,100.0,0.6931720885663204,0.4132645627914443,1.4566909784291284,0.29702970297029707,0.37514813613518866,20,145,0.13793103448275862
SC391_cnv_19_R43C25yesS_SC391_37_W_A1,9.686915,7.407938,3,0.9071153631246183,177.51479289940826,0.9247437882666377,0.3762686498390811,1.0976860444364176,0.2558139534883721,0.42681687529876144,23,192,0.11979166666666667
SC391_cnv_19_R43C53yesS_SC391_37_W_A2,7.054889,6.0664005,2,0.05091734605529125,0.0,0.0,0.32979967849353925,0.7547085894710355,0.23076923076923073,0.23421114507940868,11,101,0.10891089108910891
SC391_cnv_19_R43C8yesS_SC391_37_W_A1,7.074386,5.9895787,2,0.7872396264352568,90.08603216071349,0.7211755051692522,0.3784720452923491,1.0507598646521632,0.20529801324503316,0.3876166207289308,35,238,0.14705882352941177
SC391_cnv_19_R44C10yesS_SC391_37_W_A2,6.9935417,6.0302477,2,0.6770615388344474,90.70294784580499,0.6526391079569951,0.3538736236511295,0.9181497890246619,0.22429906542056077,0.3108798233463458,18,154,0.11688311688311688
SC391_cnv_19_R44C19yesS_SC391_37_W_A1,10.791298,8.442662,3,0.8925632957030504,87.71545107670717,0.8922147482384113,0.33815162071898436,1.021784930621137,0.20666666666666667,0.30930677561972747,22,219,0.1004566210045662
SC391_cnv_19_R44C23yesS_SC391_37_W_A1,-0.35646957,5.648854,0,0.5721469231997306,0.0,0.0,0.029179852063604544,0.7129629629629637,0.08333333333333326,0.15600500178054771,0,137,0.0
SC391_cnv_19_R44C27yesS_SC391_37_W_A2,7.1087613,5.7869263,2,0.7212952995463385,69.44444444444444,0.7391374996002301,0.3714932419878132,1.016224944113357,0.2195121951219512,0.32972999837896827,18,177,0.1016949152542373
SC391_cnv_19_R44C28yesS_SC391_37_W_A2,7.3158016,6.4750304,2,0.9189969451923234,135.12904824107022,0.9338742332892545,0.3775956482196772,1.2768291417861248,0.23809523809523814,0.4108824623500077,21,184,0.11413043478260869
SC391_cnv_19_R44C29yesS_SC391_37_W_A2,6.953319,6.2549844,2,0.7633165239918063,59.171597633136095,0.7346172844939076,0.36738839836667925,0.9371043061826179,0.24714828897338403,0.3934282268509249,22,168,0.13095238095238096
SC391_cnv_19_R44C2yesS_SC391_37_W_A1,11.225702,8.416036,3,0.8042701411604195,84.167999326656,0.7543651793723489,0.5255627240213178,1.4227957643614164,0.3063063063063063,0.3944232702066154,15,158,0.0949367088607595
SC391_cnv_19_R44C44yesS_SC391_37_W_A1,7.3127484,6.5001016,2,0.9014516083110229,85.43722499893204,0.8804660259430734,0.4724440254417221,1.6529443661528365,0.35691318327974275,0.4718905468420784,21,223,0.09417040358744394
SC391_cnv_19_R44C4yesS_SC391_37_W_A1,10.22309,8.310545,3,0.7099272662219799,100.0,0.7122507122507122,0.4213812189989428,1.1852970439767911,0.22549019607843135,0.2976893258961976,15,158,0.0949367088607595
SC391_cnv_19_R44C53yesS_SC391_37_W_A2,6.881717,5.812865,2,0.8497306441159864,107.5692925526193,0.8560195277246232,0.3931186821120629,0.9267490337543062,0.22560975609756095,0.3448943112662262,30,262,0.11450381679389313
SC391_cnv_19_R44C65yesS_SC391_37_W_A2,10.528043,8.065969,3,0.836332130932153,87.34387282732116,0.8619523938865923,0.4230150164840566,1.270434934594311,0.25688073394495414,0.36834918696233016,15,160,0.09375
SC391_cnv_19_R45C0yesS_SC391_37_W_B1,11.550366,8.149419,3,0.7513641366262673,83.24661810613944,0.7347972347898838,0.592488985632897,1.7653111173010623,0.310126582278481,0.5079231871014778,25,214,0.11682242990654206
SC391_cnv_19_R45C10yesS_SC391_37_W_B2,6.8178287,5.876356,2,0.7555765630033491,130.0728407908429,0.7414539549114101,0.37438411549776185,0.9184429296183766,0.23015873015873023,0.3673926210024236,27,216,0.125
SC391_cnv_19_R45C11yesS_SC391_37_W_B2,11.710208,8.328802,3,0.6951781466651692,78.31466833737959,0.7441553250108613,0.46476620433875215,0.9528754816842286,0.19298245614035092,0.32726215035143685,15,170,0.08823529411764706
SC391_cnv_19_R45C17yesS_SC391_37_W_B2,9.667469,6.8824854,3,0.8451431661536999,97.9591836734694,0.854314285226731,0.451536925773766,1.2604476835433982,0.26436781609195403,0.43738807146215614,24,260,0.09230769230769231
SC391_cnv_19_R45C23yesS_SC391_37_W_B1,11.705075,10.419088,3,0.9886885206501539,161.41528925619835,0.9638642485626614,0.8291379228715083,1.6164268484158506,0.7565217391304347,0.47831727585776923,36,256,0.140625
SC391_cnv_19_R45C29yesS_SC391_37_W_B2,10.89344,8.330156,3,0.7531660279262598,83.24661810613944,0.7384948479339425,0.4264542993213256,0.9079598498708568,0.1858974358974359,0.2961959057721202,18,250,0.072
SC391_cnv_19_R45C30yesS_SC391_37_W_B2,7.1453648,6.239029,2,0.8097198318232797,74.360499702558,0.8286596047720611,0.38381299646530437,1.2321579541904921,0.22839506172839508,0.3860741986517624,32,245,0.1306122448979592
SC391_cnv_19_R45C32yesS_SC391_37_W_B2,10.63024,6.892414,3,0.9135431717250816,51.75715542673775,0.9083037606659556,1.3465725616082127,0.6666666666666667,1.0,0.3790932547029413,20,161,0.12422360248447205
SC391_cnv_19_R45C33yesS_SC391_37_W_B2,10.660352,7.856981,3,0.5976746361909193,0.0,0.0,0.46234057405426965,1.1095615868184676,0.21176470588235297,0.3719879271693683,23,164,0.1402439024390244
SC391_cnv_19_R45C36yesS_SC391_37_W_B1,11.53945,8.299249,3,0.8125338461635597,101.007550314386,0.8096629927256569,0.4355019072045988,1.2132319926715098,0.19095477386934678,0.41104436350228785,24,305,0.07868852459016394
SC391_cnv_19_R45C3yesS_SC391_37_W_B1,7.1702023,6.0066032,2,0.6288748756458571,0.0,0.0,0.4384905760854713,0.91753689626743,0.25,0.3186100785554175,14,102,0.13725490196078433
SC391_cnv_19_R45C40yesS_SC391_37_W_B1,6.7393413,7.128683,2,0.9201856970400168,110.80332409972299,0.945207026038008,0.462834942249336,2.1983077437968817,0.30526315789473685,0.3892846370566759,35,250,0.14
SC391_cnv_19_R45C42yesS_SC391_37_W_B1,11.097852,5.755468,3,0.8248177693073302,64.56611570247934,0.7913041707700585,0.5201563442759588,0.9099800337471502,0.25139664804469275,0.4675405256642311,26,251,0.10358565737051793
SC391_cnv_19_R45C44yesS_SC391_37_W_B1,6.811256,6.8072667,2,0.9755271900274181,96.11687812379854,0.9654783762270539,0.37634749635035825,1.0785879060386683,0.24271844660194175,0.3908372827833352,24,173,0.13872832369942195
SC391_cnv_19_R45C4yesS_SC391_37_W_B1,7.474264,6.2824116,2,0.7651876006390428,92.55402841408673,0.7379187622932285,0.36742414967313297,1.260208548836668,0.24832214765100669,0.40515215712054026,21,206,0.10194174757281553
SC391_cnv_19_R45C58yesS_SC391_37_W_B1,-0.571924,5.855313,0,0.7244588340922778,75.0,0.7233526898349837,0.02838010181266515,0.6901080928293875,0.05500000000000005,0.10253860533734592,0,215,0.0
SC391_cnv_19_R45C6yesS_SC391_37_W_B1,7.123083,5.8820395,2,0.7986840694702567,120.18508503094766,0.7755423668681948,0.4210539722552733,1.0832029476513552,0.2442748091603053,0.4272313393216251,27,211,0.12796208530805686
SC391_cnv_19_R46C10yesS_SC391_37_W_B2,7.190871,6.3184805,2,0.806477413167582,69.44444444444444,0.793751607664506,0.3806802948481537,1.1705230984952277,0.2644628099173554,0.3449413414940359,17,168,0.10119047619047619
SC391_cnv_19_R46C13yesS_SC391_37_W_B2,8.789669,8.672028,3,0.892552836826176,121.70879143170107,0.8394787659720401,0.7074841443741257,0.9369044271050274,0.5337423312883436,0.4292675920938111,24,242,0.09917355371900827
SC391_cnv_19_R46C15yesS_SC391_37_W_B2,11.796319,5.7574534,3,0.6143955348390109,0.0,0.0,0.44436463678890026,0.7825461624275558,0.22535211267605626,0.27167476208682456,10,112,0.08928571428571429
SC391_cnv_19_R46C17yesS_SC391_37_W_B2,8.241132,6.8618917,2,0.780998059669875,76.20789513793629,0.74930759318633,0.4730847777566621,0.8900350485378712,0.3902439024390243,0.41923386856564926,24,220,0.10909090909090909
SC391_cnv_19_R46C23yesS_SC391_37_W_B1,6.8967175,6.0061216,2,0.7965131086752095,81.13919428780072,0.7568669171519007,0.4239646457558187,1.159341458680862,0.289308176100629,0.4132122035288397,34,263,0.12927756653992395
SC391_cnv_19_R46C26yesS_SC391_37_W_B1,11.191916,8.182807,3,0.7531824828196435,62.98815822625347,0.7415030855556158,0.4920950228830431,1.065826095391012,0.2421875,0.34673198532570426,22,181,0.12154696132596685
SC391_cnv_19_R46C2yesS_SC391_37_W_B1,10.848021,8.108982,3,0.7318392479694255,102.04081632653062,0.7061991468995664,0.464775630110459,1.092207200486015,0.232394366197183,0.3097298085068924,11,194,0.05670103092783505
SC391_cnv_19_R46C35yesS_SC391_37_W_B2,7.4472284,6.026565,2,0.8375196305195126,96.84917355371901,0.8481850823989755,0.3896421210539922,1.4229292450319828,0.23863636363636365,0.40168858545473207,29,287,0.10104529616724739
SC391_cnv_19_R46C37yesS_SC391_37_W_B1,9.79063,7.416765,3,0.7279289327907371,55.69169079973268,0.7186348342987932,0.361589514561923,1.3088173141449355,0.2592592592592593,0.42834473290329245,14,187,0.0748663101604278
SC391_cnv_19_R46C38yesS_SC391_37_W_B1,6.9972367,5.8528543,2,0.7874555738969538,106.55868719697372,0.7318052833109802,0.37114993781155803,0.8955357338118481,0.2246376811594204,0.38759468210172704,22,223,0.09865470852017937
SC391_cnv_19_R46C41yesS_SC391_37_W_B1,10.674393,8.273113,3,0.779552971799974,108.13148788927336,0.7433005555330237,0.3879850761349426,0.9719803738976358,0.197080291970803,0.2842501776469263,25,224,0.11160714285714286
SC391_cnv_19_R46C42yesS_SC391_37_W_B1,10.448534,7.25522,3,0.7347676592946749,73.05135510263716,0.7933431918283734,0.38049502801071783,0.8198335645964658,0.22689075630252098,0.27550409880817806,19,191,0.09947643979057591
SC391_cnv_19_R46C43yesS_SC391_37_W_B1,7.6306067,6.6216316,2,0.8127717927111089,82.71213076787875,0.7927994253079513,0.3244201011093223,0.9767875294537347,0.23417721518987344,0.38394859773532686,24,221,0.1085972850678733
SC391_cnv_19_R46C45yesS_SC391_37_W_B2,11.717161,8.313485,3,0.825618454947078,107.5692925526193,0.8400780349261345,0.5210730115149449,1.107385570416969,0.19277108433734935,0.33405842005178327,27,256,0.10546875
SC391_cnv_19_R46C47yesS_SC391_37_W_B2,10.505406,7.189151,3,0.5740938249219422,0.0,0.0,0.3573315428296331,0.9724083986618559,0.24657534246575352,0.3165105960650147,8,96,0.08333333333333333
SC391_cnv_19_R46C51yesS_SC391_37_W_B2,7.5824933,6.2044115,2,0.7520593440045081,66.09822195782932,0.7535492428370175,0.39030397198742955,1.4120849076021935,0.27419354838709675,0.33282876224723784,21,187,0.11229946524064172
SC391_cnv_19_R46C54yesS_SC391_37_W_B1,7.6280823,6.258402,2,0.00010367664766001895,0.0,0.0,0.3619575725045283,1.146264124609489,0.28787878787878785,0.3765008227591831,11,93,0.11827956989247312
SC391_cnv_19_R46C60yesS_SC391_37_W_B1,9.913439,7.2271523,3,0.7802475670944615,90.56877188745321,0.7947577145343144,0.5560565917045519,2.6388666417993853,0.33519553072625696,0.4166408039513352,34,282,0.12056737588652482
SC391_cnv_19_R46C63yesS_SC391_37_W_B2,7.3313637,6.5027514,2,0.8388791403757669,107.38543316599103,0.8303306962978445,0.43222825185563035,1.6070029155820538,0.2642487046632125,0.4175987914061269,35,254,0.1377952755905512
SC391_cnv_19_R46C65yesS_SC391_37_W_B2,10.298366,8.588334,3,0.8097207595183202,108.86921178690666,0.8073520919738583,0.5020950304272219,1.6223417191858307,0.20606060606060606,0.43035518164035,36,244,0.14754098360655737
SC391_cnv_19_R46C68yesS_SC391_37_W_B2,7.2254004,6.3815436,2,0.819476062578325,121.70879143170107,0.8333949712254052,0.4395208643984303,1.7568865533461084,0.30519480519480524,0.43490836674289957,27,212,0.12735849056603774
SC391_cnv_19_R46C6yesS_SC391_37_W_B1,10.945259,7.050436,3,0.7495392197803931,59.171597633136095,0.7175880627515031,0.41194787575949127,1.0283654795592962,0.25757575757575757,0.3649405495269409,13,187,0.06951871657754011
SC391_cnv_19_R46C8yesS_SC391_37_W_B1,7.460235,6.145475,2,0.8436126552659386,97.9591836734694,0.8291002159954339,0.40607130540211056,1.3419177961600735,0.2658959537572254,0.4129982183661845,17,236,0.07203389830508475
SC391_cnv_19_R47C16yesS_SC391_37_W_B2,6.8974833,6.4451833,2,0.9897719857464852,219.29223431375237,0.9969369553192419,0.42037048608300076,1.3781627369043616,0.26315789473684204,0.40134731068593915,40,235,0.1702127659574468
SC391_cnv_19_R47C23yesS_SC391_37_W_B1,7.0620403,5.7640777,2,0.8182889611714096,81.13919428780072,0.7917869210018622,0.3790670735648348,1.0237573385551983,0.22012578616352196,0.33628774338881945,29,248,0.11693548387096774
SC391_cnv_19_R47C25yesS_SC391_37_W_B1,7.603711,6.367177,2,0.8307125509396239,96.84917355371901,0.8253072206128733,0.4075276420493038,1.296237847827139,0.2732558139534884,0.4050282281069934,33,257,0.12840466926070038
SC391_cnv_19_R47C2yesS_SC391_37_W_B1,10.393375,7.2998223,3,0.7803110391544664,97.80429360848942,0.7616933916500487,0.41217570568267087,1.4462132125754374,0.24827586206896557,0.35064659552761474,19,193,0.09844559585492228
SC391_cnv_19_R47C30yesS_SC391_37_W_B2,7.5394654,6.2320294,2,0.7248891132061808,56.532308214144386,0.731368369410457,0.37902858635905623,0.9926748611414373,0.27407407407407414,0.41923626592684715,21,165,0.12727272727272726
SC391_cnv_19_R47C43yesS_SC391_37_W_B1,8.640505,10.792868,3,0.6058209083277178,0.0,0.0,0.7207175465441839,0.9073027337802659,0.7733333333333334,0.4412572089248947,12,162,0.07407407407407407
SC391_cnv_19_R47C44yesS_SC391_37_W_B1,7.623937,6.067162,2,0.8341365621095882,100.23722810651876,0.8504024615172436,0.37940987229005224,1.3165681226721522,0.2558139534883721,0.4075384034087339,42,285,0.14736842105263157
SC391_cnv_19_R47C47yesS_SC391_37_W_B2,8.466666,6.7540774,2,0.08744778542206108,0.0,0.0,0.6359918738282304,0.8034660027119644,0.4782608695652173,0.4541169244728218,9,93,0.0967741935483871
SC391_cnv_19_R47C56yesS_SC391_37_W_B1,8.121363,6.786653,2,0.7911265200150485,76.20789513793629,0.7553691818485446,0.9965615035816685,0.3925268033627423,0.9807692307692307,0.4632300356292944,33,231,0.14285714285714285
SC391_cnv_19_R47C68yesS_SC391_37_W_B2,-0.88409466,6.404814,0,0.6857060951090195,47.56242568370987,0.5794318607007388,0.024406737851940627,0.6956976669196395,0.06896551724137923,0.11222995344023946,0,199,0.0
SC391_cnv_19_R47C69yesS_SC391_37_W_B2,11.248906,7.839158,3,0.7559926594481072,65.03642039542144,0.7464001351002159,0.4565044044825436,1.438398218260596,0.256,0.3926992593838701,12,177,0.06779661016949153
SC391_cnv_19_R47C6yesS_SC391_37_W_B1,11.699408,8.290583,3,0.7826825890114241,65.03642039542144,0.7461955977077986,0.5121377180991291,0.8428523002282187,0.16800000000000004,0.2452911894212722,17,214,0.0794392523364486
SC391_cnv_19_R47C8yesS_SC391_37_W_B1,9.518112,7.7488675,3,0.8424939912721274,98.76543209876543,0.8473089768114809,0.42679497237829156,1.3759732995830527,0.21777777777777774,0.4437457340436417,35,318,0.11006289308176101
SC391_cnv_19_R48C19yesS_SC391_37_W_B1,7.9401774,6.908065,2,0.7304251855870327,0.0,0.0,0.5573874929794117,0.7126568341819401,0.5,0.37350902536091063,19,119,0.15966386554621848
SC391_cnv_19_R48C26yesS_SC391_37_W_B1,7.0640917,6.3801327,2,0.6015638796720211,0.0,0.0,0.3549799786489895,1.0111099180702305,0.25,0.34455206312150377,17,113,0.1504424778761062
SC391_cnv_19_R48C27yesS_SC391_37_W_B2,7.4031525,5.695305,2,0.823967948311197,151.22873345935727,0.7967072186259058,0.37774585896493995,0.9651860829718083,0.27350427350427353,0.373989893532061,13,160,0.08125
SC391_cnv_19_R48C29yesS_SC391_37_W_B2,7.613308,6.7821245,2,0.9138049997345402,169.59692464243315,0.9278529789668528,0.3862356826728324,1.0422137353066807,0.29501915708812265,0.3824593942075116,23,160,0.14375
SC391_cnv_19_R48C30yesS_SC391_37_W_B2,7.182308,10.595988,3,0.8070430521320137,136.6026910730141,0.8372215408690065,0.56328768918511,1.5523769376526784,0.2845528455284554,0.462877653354902,24,189,0.12698412698412698
SC391_cnv_19_R48C37yesS_SC391_37_W_B1,8.146319,10.271928,3,0.7467659197935226,0.0,0.22363876044310052,0.7880686375999112,0.6538905667538767,0.8231707317073171,0.40267571050499074,11,123,0.08943089430894309
SC391_cnv_19_R48C46yesS_SC391_37_W_B2,7.292389,5.972257,2,0.6671711225937054,108.50694444444444,0.6028777994960318,0.3733443158979037,1.040766294501573,0.2551020408163265,0.34383470327135407,18,150,0.12
SC391_cnv_19_R48C51yesS_SC391_37_W_B2,10.76753,6.9583325,3,0.6362329897555226,0.0,0.0,0.3520283662155554,0.9042883601771531,0.2298850574712643,0.3504303496179094,4,111,0.036036036036036036
SC391_cnv_19_R48C57yesS_SC391_37_W_B1,7.5515685,6.345337,2,0.6844509696857017,110.80332409972299,0.6254915840001039,0.3821598647852721,1.5184055965240495,0.29166666666666674,0.4359238967893422,23,122,0.1885245901639344
SC391_cnv_19_R48C62yesS_SC391_37_W_B1,7.6016927,6.348917,2,0.7519316561892374,118.14744801512288,0.569922153193251,0.45171073421076313,1.4517918271756274,0.33333333333333337,0.42895118666444654,12,140,0.08571428571428572
SC391_cnv_19_R48C70yesS_SC391_37_W_B2,11.667919,5.891568,3,0.5706700519819925,0.0,0.0,0.5110283721380136,1.7001378564679968,0.36250000000000004,0.4148064107628914,7,114,0.06140350877192982
SC391_cnv_19_R48C8yesS_SC391_37_W_B1,11.17721,7.7023497,3,0.6421251075705589,84.167999326656,0.7149841843782453,0.41311434766910987,0.9490297224907811,0.21621621621621623,0.3115714670469511,13,165,0.07878787878787878
SC391_cnv_19_R49C10yesS_SC391_37_W_B2,10.705432,7.685195,3,0.9325528666030751,98.02960494069208,0.7930784081925,0.6781569187040369,1.7087378640776694,0.4271844660194175,0.34396340701662237,24,165,0.14545454545454545
SC391_cnv_19_R49C16yesS_SC391_37_W_B2,9.698656,7.4568987,3,0.00017041479417916348,0.0,0.0,0.4352668780275731,1.0243823554295477,0.23188405797101452,0.39140619848188224,4,139,0.02877697841726619
SC391_cnv_19_R49C21yesS_SC391_37_W_B1,7.4309664,9.086472,3,0.7660026315203922,106.28122010840686,0.3849266126013474,0.6215051785739205,1.0728962192864615,0.46464646464646475,0.39347955650862415,14,156,0.08974358974358974
SC391_cnv_19_R49C29yesS_SC391_37_W_B2,10.982128,8.235686,3,0.7694023530208081,91.30752373995617,0.7402529961515931,0.39187579149338897,0.9220802413742588,0.16778523489932884,0.27549774873412014,29,232,0.125
SC391_cnv_19_R49C44yesS_SC391_37_W_B1,9.150952,9.627879,3,0.769765172313052,45.04301608035674,0.6666238639038468,0.17967380210197698,0.7710822344346349,0.08724832214765099,0.30770969328643166,4,230,0.017391304347826087
SC391_cnv_19_R49C52yesS_SC391_37_W_B2,-0.35872513,5.6790056,0,0.5026703757537024,0.0,0.0,0.021327334991472907,0.667317390751957,0.08333333333333326,0.10368495427129268,2,127,0.015748031496062992
SC391_cnv_19_R49C59yesS_SC391_37_W_B1,6.9180107,11.07025,3,0.8019012034716316,61.514801999231075,0.7448445579175355,1.1132428699690748,0.8547646066022365,0.9732142857142857,0.6305107260777565,18,185,0.0972972972972973
SC391_cnv_19_R49C64yesS_SC391_37_W_B2,10.865586,8.282401,3,0.9349380693460714,142.77215942891135,0.9466438054270272,0.39647993028706746,1.363281742097799,0.20197044334975373,0.28445021375840746,24,280,0.08571428571428572
SC391_cnv_19_R49C65yesS_SC391_37_W_B2,11.048729,8.182736,3,0.8210017467697927,123.2741617357002,0.8314676255960215,0.40363323919162136,1.0032931661979323,0.1806451612903226,0.35546632436192316,21,207,0.10144927536231885
SC391_cnv_19_R49C66yesS_SC391_37_W_B2,10.9293785,8.259216,3,0.8327232236567937,78.125,0.8348046970308926,0.41451739425068157,1.3916576707729171,0.23899371069182385,0.3825840557142024,18,204,0.08823529411764706
SC391_cnv_19_R49C69yesS_SC391_37_W_B2,7.0501385,6.409532,2,0.9186282746221415,166.49323621227887,0.9112202314423644,0.434799247987049,1.4777257761126579,0.2727272727272727,0.4685477130209854,21,218,0.0963302752293578
SC391_cnv_19_R4C11yesS_SC391_37_W_A2,9.662629,6.9025054,3,0.7686541928367289,96.4506172839506,0.7292928858928814,0.49503706248581064,1.022625836904047,0.21232876712328763,0.3936136674301583,22,231,0.09523809523809523
SC391_cnv_19_R4C12yesS_SC391_37_W_A2,9.663452,6.9369254,3,0.7953060629791856,86.56509695290859,0.7552695985019517,0.4247822512156128,1.3173018587635572,0.2435064935064935,0.4102700320721128,25,233,0.1072961373390558
SC391_cnv_19_R4C13yesS_SC391_37_W_A2,7.1047587,5.9646606,2,0.8252986576596731,102.03040506070809,0.8220854430177743,0.3823312021718523,1.2896106398791618,0.23232323232323238,0.35847228435338585,36,312,0.11538461538461539
SC391_cnv_19_R4C17yesS_SC391_37_W_A2,9.900529,7.1244626,3,0.7760913449785989,70.02555932915514,0.7753183738171755,0.5129739578874265,0.8418960108759523,0.2529411764705882,0.34631693065412716,33,277,0.11913357400722022
SC391_cnv_19_R4C20yesS_SC391_37_W_A1,10.072273,7.389817,3,0.889902086540527,129.7998918334235,0.8909607223529395,0.3431956409439159,1.279923023483739,0.2685185185185186,0.4463834049177645,24,257,0.0933852140077821
SC391_cnv_19_R4C34yesS_SC391_37_W_A2,10.385787,8.1035,3,0.8556504806558185,82.1827744904668,0.8582132561286673,0.3918803918554317,1.1515566162631172,0.19741100323624594,0.39723281709693636,29,212,0.13679245283018868
SC391_cnv_19_R4C36yesS_SC391_37_W_A1,10.106517,8.342107,3,0.9040866405569222,131.01580924098175,0.9042827963589053,0.451469975391537,1.888357595772935,0.27699530516431925,0.45821359362357533,30,278,0.1079136690647482
SC391_cnv_19_R4C55yesS_SC391_37_W_A1,9.6439705,6.802818,3,0.8962914702768704,150.55139448229139,0.9054778581706497,0.5415548799681369,1.5359519946120979,0.2901234567901234,0.35840187651804944,16,247,0.06477732793522267
SC391_cnv_19_R4C62yesS_SC391_37_W_A1,6.7602677,6.915224,2,0.946250535121505,160.2307322544464,0.9368239234501936,0.5283568585275707,2.024269951291277,0.4129032258064516,0.4297218356132709,30,210,0.14285714285714285
SC391_cnv_19_R4C66yesS_SC391_37_W_A2,10.584826,8.199111,3,0.8292155502518982,80.1153661272232,0.8391400561262561,0.38609582462634034,0.9675552619745857,0.197452229299363,0.28329066582803175,24,228,0.10526315789473684
SC391_cnv_19_R50C0yesS_SC391_37_W_B1,8.949849,10.5831785,3,0.8806326481646688,116.87363038714389,0.8730291023168701,0.5844763029407881,1.161495528437389,0.5105263157894737,0.4626661302676471,15,237,0.06329113924050633
SC391_cnv_19_R50C10yesS_SC391_37_W_B2,7.689482,6.6551943,2,0.7478377063084136,105.19395134779751,0.6372720498270473,0.545311816422143,1.07068302439865,0.46464646464646464,0.4185735691243163,15,134,0.11194029850746269
SC391_cnv_19_R50C15yesS_SC391_37_W_B2,7.359774,6.404297,2,0.6207188265065059,0.0,0.0,0.35071454058630835,0.955223880597015,0.25373134328358204,0.33517668897645153,11,82,0.13414634146341464
SC391_cnv_19_R50C24yesS_SC391_37_W_B1,11.814745,5.670533,3,0.6262560102174478,123.4567901234568,0.5160704141170707,0.43207573974524927,0.7575625200767083,0.21739130434782605,0.2468698420531509,19,133,0.14285714285714285
SC391_cnv_19_R50C27yesS_SC391_37_W_B2,10.422098,7.401369,3,0.7148349942493016,90.70294784580499,0.7478085977552628,0.36622690020290266,1.0806314483888284,0.19811320754716977,0.41091189598657396,20,135,0.14814814814814814
SC391_cnv_19_R50C32yesS_SC391_37_W_B2,7.285914,5.486408,2,0.6030703646918305,0.0,0.0,0.36563793641498876,0.9087198360600794,0.23170731707317072,0.26034083684512077,14,108,0.12962962962962962
SC391_cnv_19_R50C38yesS_SC391_37_W_B1,7.5780287,5.944153,2,0.5936570488192445,0.0,0.0,0.3542654148036891,0.936567770383796,0.2615384615384615,0.34088683894472965,4,88,0.045454545454545456
SC391_cnv_19_R50C3yesS_SC391_37_W_B1,6.899814,6.193367,2,0.5773961496138516,0.0,0.0,0.354968184440799,0.8257622930586683,0.21621621621621623,0.2923067785899663,11,111,0.0990990990990991
SC391_cnv_19_R50C47yesS_SC391_37_W_B2,6.8332367,6.3811965,2,0.7856338560731252,229.5684113865932,0.5401554324912952,0.4202764173983097,1.1254067754051824,0.3880597014925373,0.3324229482243919,8,96,0.08333333333333333
SC391_cnv_19_R50C52yesS_SC391_37_W_B2,7.3358617,6.1554418,2,0.7125509011524542,113.17338162064283,0.6885250329305885,0.3611238124499828,1.02908937011629,0.25,0.36245912004603337,11,145,0.07586206896551724
SC391_cnv_19_R50C57yesS_SC391_37_W_B1,7.8259788,5.968928,2,0.8384451801204453,79.11079466793244,0.8293799555452344,0.4427937693598276,1.3034306120788584,0.3229813664596274,0.37662538057250994,24,206,0.11650485436893204
SC391_cnv_19_R50C59yesS_SC391_37_W_B1,10.018089,6.6792397,3,0.6030737436570732,0.0,0.0,0.42212641231430065,0.9394597284877495,0.25609756097560976,0.38890673671426673,19,119,0.15966386554621848
SC391_cnv_19_R50C64yesS_SC391_37_W_B2,8.006141,6.7466903,2,0.8225892219796582,141.23296377374479,0.8220104417861195,0.5114920875484982,1.0569105691056913,0.3739837398373984,0.4072053112578066,23,154,0.14935064935064934
SC391_cnv_19_R50C67yesS_SC391_37_W_B2,7.685686,6.9012885,2,0.7708638981325073,88.8888888888889,0.777436309869448,0.4882802941629971,1.7800399556659718,0.375,0.4820609509455893,24,217,0.11059907834101383
SC391_cnv_19_R50C71yesS_SC391_37_W_B2,7.5283594,6.1306157,2,0.7103464083611266,83.40109672442192,0.7300564857479012,0.37109810526668424,1.2237006943428947,0.2702702702702703,0.35021101621252276,19,151,0.12582781456953643
SC391_cnv_19_R51C15yesS_SC391_37_W_B2,7.6964884,6.7574744,2,0.7589225473448394,138.4083044982699,0.6997341452130302,0.4141889375678677,0.906678494648956,0.30232558139534893,0.4267294966018229,9,117,0.07692307692307693
SC391_cnv_19_R51C22yesS_SC391_37_W_B1,6.847965,6.865575,2,0.9010196129540885,144.67592592592592,0.9182485177702007,0.3965285307340517,1.3604807598719533,0.26315789473684215,0.40043583646990405,17,178,0.09550561797752809
SC391_cnv_19_R51C28yesS_SC391_37_W_B2,7.4120913,5.838427,2,0.7285292580867628,64.0,0.7512034069745183,0.3723107241506983,1.028350668112836,0.25984251968503935,0.3641264602436983,32,212,0.1509433962264151
SC391_cnv_19_R51C30yesS_SC391_37_W_B2,7.7095556,6.2738266,2,0.7597604869819056,56.532308214144386,0.7571042183853137,0.4242946985811342,1.2782661134743356,0.3111111111111111,0.4058187609483093,28,200,0.14
SC391_cnv_19_R51C36yesS_SC391_37_W_B1,11.792184,8.347789,3,0.763714815148773,100.5985614405714,0.7230738108046578,0.5365485612883858,1.0978690292904278,0.19718309859154926,0.31805639542294134,25,249,0.10040160642570281
SC391_cnv_19_R51C39yesS_SC391_37_W_B1,7.1119595,5.770797,2,0.8294796693325595,84.33125316242199,0.7929243351701543,0.3908637623063294,0.9417145029691011,0.22580645161290325,0.34387323713107026,35,239,0.14644351464435146
SC391_cnv_19_R51C40yesS_SC391_37_W_B1,7.4724326,5.8331714,2,0.6045989695422579,0.0,0.0,0.4126618937062769,1.1877738382810512,0.2808988764044944,0.37603422815163445,23,127,0.18110236220472442
SC391_cnv_19_R51C46yesS_SC391_37_W_B2,7.4020367,6.623064,2,0.6969208067346377,56.532308214144386,0.5723423502495226,0.4975078650114977,0.7881878904220767,0.3656716417910447,0.35941735357525395,22,210,0.10476190476190476
SC391_cnv_19_R51C50yesS_SC391_37_W_B2,8.535098,11.834055,3,0.6028672605524222,0.0,0.0,0.6577025989245565,0.7112284707317486,0.5706521739130435,0.23642038897545825,28,199,0.1407035175879397
SC391_cnv_19_R51C68yesS_SC391_37_W_B2,-0.47937158,5.787977,0,0.6790895795864882,43.857725538353584,0.5686340646784608,0.025530346869163265,0.7030860446272452,0.06578947368421062,0.057683718624230114,0,216,0.0
SC391_cnv_19_R51C8yesS_SC391_37_W_B1,10.714132,8.060717,3,0.8335849605565817,107.38543316599103,0.831763226367368,0.38784935653773445,1.061151919452422,0.18652849740932642,0.29431132808650795,32,287,0.11149825783972125
SC391_cnv_19_R52C14yesS_SC391_37_W_B2,10.604661,6.386617,3,0.8589389408333643,56.532308214144386,0.7438950376792683,1.0313981185113141,0.5262730040443746,0.9036144578313252,0.3474934954581536,11,176,0.0625
SC391_cnv_19_R52C17yesS_SC391_37_W_B2,7.377032,6.5817785,2,0.872268874870066,94.51795841209831,0.8627177227540861,0.5369491662676239,1.0348638573724096,0.4066666666666667,0.4743410410803434,41,322,0.12732919254658384
SC391_cnv_19_R52C23yesS_SC391_37_W_B1,7.966209,6.3605776,2,0.9204360400017206,150.0,0.9330887863139203,0.5336605288186691,1.3224659787416515,0.36318407960199006,0.40736071176961147,32,254,0.12598425196850394
SC391_cnv_19_R52C24yesS_SC391_37_W_B1,10.40671,8.459314,3,0.6891279954815392,115.62030292519366,0.7251043408094403,0.48618919048601755,1.1395820472681093,0.22580645161290325,0.31155458510837464,23,136,0.16911764705882354
SC391_cnv_19_R52C34yesS_SC391_37_W_B2,-0.6460405,6.247132,0,0.7301554277487496,63.838615978805585,0.7251905604782993,0.04330602984143754,0.8407996105960218,0.07909604519774016,0.22142685075671872,2,216,0.009259259259259259
SC391_cnv_19_R52C35yesS_SC391_37_W_B2,10.224433,6.2218432,3,0.7985408750215001,89.58165367732688,0.777113772914511,0.5208631613067174,0.7776515489579674,0.4787234042553191,0.2856048532641865,20,228,0.08771929824561403
SC391_cnv_19_R52C39yesS_SC391_37_W_B1,8.367815,6.8258033,2,0.7238990415306884,0.0,0.0,0.5920180691506024,0.9645275700674985,0.4254143646408839,0.5044223532332951,6,127,0.047244094488188976
SC391_cnv_19_R52C43yesS_SC391_37_W_B1,11.763458,8.34626,3,0.7759387173011644,91.30752373995617,0.7625649115889657,0.5380270201558075,0.9169609175089701,0.18120805369127513,0.28936623576491494,24,234,0.10256410256410256
SC391_cnv_19_R52C47yesS_SC391_37_W_B2,7.348005,6.921909,2,0.6861488741784167,96.11687812379854,0.745569957515038,0.34599269948753475,1.0282096254296975,0.24271844660194175,0.39006608097476375,18,143,0.1258741258741259
SC391_cnv_19_R52C56yesS_SC391_37_W_B1,8.018987,6.6763487,2,0.7488510220864345,91.30752373995617,0.7200008979159999,0.3692935812424858,1.0755050493192075,0.2533333333333333,0.41611309573285615,22,197,0.1116751269035533
SC391_cnv_19_R52C60yesS_SC391_37_W_B1,10.377328,6.447731,3,0.7665603940916997,59.07372400756144,0.7202128804771177,0.6583814712748947,0.7375211835667417,0.48677248677248675,0.40729922827502474,17,243,0.06995884773662552
SC391_cnv_19_R52C63yesS_SC391_37_W_B2,8.603403,9.716414,3,0.8357813046868833,87.53348155669543,0.8480366376081295,0.4420365824543917,1.3959188141087564,0.3403361344537814,0.4359816554962385,24,301,0.07973421926910298
SC391_cnv_19_R52C64yesS_SC391_37_W_B2,7.496761,6.0728517,2,0.801191684442946,92.45562130177514,0.8074392201388664,0.4266686234563079,1.4457650707526684,0.26923076923076916,0.48583458016887443,27,251,0.10756972111553785
SC391_cnv_19_R52C66yesS_SC391_37_W_B2,11.072705,7.745079,3,0.9095982040591515,147.04440741103812,0.9252646255903922,0.3916795925893066,1.173087717417482,0.3282828282828283,0.39677034356368446,21,270,0.07777777777777778
SC391_cnv_19_R52C67yesS_SC391_37_W_B2,6.9031067,5.9539676,2,0.8047772202215742,97.9591836734694,0.8097771849174271,0.3860305635834067,1.2637943111537027,0.24277456647398843,0.33703449953984765,30,245,0.12244897959183673
SC391_cnv_19_R53C11yesS_SC391_37_W_B2,6.8566775,6.19655,2,0.75200649891471,74.31629013079666,0.7444735714848849,0.41797408784957435,1.0307564739611177,0.27350427350427353,0.4078247202306771,7,134,0.05223880597014925
SC391_cnv_19_R53C12yesS_SC391_37_W_B2,9.9839325,10.15562,3,0.792978509336053,138.4083044982699,0.6826437735250777,0.570352141418128,1.3493121608581549,0.43023255813953487,0.47076040838875427,12,92,0.13043478260869565
SC391_cnv_19_R53C13yesS_SC391_37_W_B2,7.549403,6.663375,2,0.8212949650187342,112.91354586171855,0.7960035185074885,0.4467451442816602,0.8346906731041444,0.3313253012048192,0.4088702831166979,26,235,0.11063829787234042
SC391_cnv_19_R53C20yesS_SC391_37_W_B1,11.777755,8.36247,3,0.6749230177333505,126.24668602449185,0.5734047700109305,0.5273936889547748,1.0122703976826992,0.21111111111111114,0.3349888122216573,10,132,0.07575757575757576
SC391_cnv_19_R53C24yesS_SC391_37_W_B1,-0.8555137,6.3468637,0,0.011992524353404687,0.0,0.0,0.013073034058312893,0.6211045894325875,0.08108108108108114,0.07507192259020382,0,88,0.0
SC391_cnv_19_R53C34yesS_SC391_37_W_B2,9.7043085,7.0704637,3,0.7326892629855126,67.18624025799515,0.7366010732642991,0.4256065369914348,0.8789579251979256,0.20967741935483875,0.310352423294253,14,145,0.09655172413793103
SC391_cnv_19_R53C37yesS_SC391_37_W_B1,7.366375,6.095527,2,0.765142486843023,71.81844297615628,0.7424432654405794,0.3905670212229637,0.9482073730056219,0.2333333333333334,0.3831849505185138,13,157,0.08280254777070063
SC391_cnv_19_R53C3yesS_SC391_37_W_B1,10.921319,8.148682,3,0.6182595827481527,0.0,0.0,0.3536439133995285,1.021735886932578,0.23529411764705888,0.3446343623233349,12,96,0.125
SC391_cnv_19_R53C41yesS_SC391_37_W_B1,11.783013,8.370896,3,0.824978703838193,118.66619200189866,0.8148330524444094,0.5701694687845585,1.4705229158522017,0.23885350318471332,0.39559257854718405,25,229,0.1091703056768559
SC391_cnv_19_R53C44yesS_SC391_37_W_B1,6.927645,6.69312,2,0.9177592317543395,137.34720123862203,0.9268769191214117,0.39253592175589236,1.7387457324191242,0.2857142857142857,0.495837157341327,34,343,0.09912536443148688
SC391_cnv_19_R53C46yesS_SC391_37_W_B2,7.074549,6.003276,2,0.7769584840768613,105.01995379122033,0.7226113046918148,0.36182742791766437,1.036919595448361,0.2158273381294964,0.3972712984628865,12,181,0.06629834254143646
SC391_cnv_19_R53C47yesS_SC391_37_W_B2,-0.3068785,5.5965915,0,0.5505814749765652,102.03040506070809,0.8202289455842073,0.008998511582480814,0.6298366572977753,0.07070707070707072,0.06807784594873095,0,125,0.0
SC391_cnv_19_R53C50yesS_SC391_37_W_B2,7.3141503,6.181078,2,0.7088338100946562,96.11687812379854,0.8085509183888603,0.33609903071306213,0.9159204982579228,0.24271844660194164,0.38782341501812384,13,149,0.087248322147651
SC391_cnv_19_R53C53yesS_SC391_37_W_B2,6.826272,5.871559,2,0.8270252331757623,111.540749553837,0.8522888771784397,0.3759776162746572,1.0209387482122914,0.2422360248447205,0.36260967768249003,28,199,0.1407035175879397
SC391_cnv_19_R53C54yesS_SC391_37_W_B1,11.178027,7.5668306,3,0.7077501396912428,108.50694444444444,0.6820298640471132,0.38029529782442656,1.031794154690052,0.2857142857142858,0.3948587831493859,13,130,0.1
SC391_cnv_19_R53C58yesS_SC391_37_W_B1,8.503439,9.754667,3,0.8636326548357317,129.13223140495867,0.8614463952368988,0.599568301563985,2.2628685293457935,0.42307692307692313,0.5345193403442566,15,191,0.07853403141361257
SC391_cnv_19_R53C5yesS_SC391_37_W_B1,7.9151745,6.6976852,2,0.7533818367222611,66.09822195782932,0.7604346866715943,0.46535991722046804,1.1180687936849285,0.264,0.42677699070524644,16,148,0.10810810810810811
SC391_cnv_19_R53C61yesS_SC391_37_W_B1,7.552286,6.699431,2,0.6740508378257332,102.03040506070809,0.6177052649301086,0.46870533832346983,0.9259926079936712,0.29292929292929293,0.29028314733313487,13,124,0.10483870967741936
SC391_cnv_19_R53C7yesS_SC391_37_W_B1,9.602911,7.451135,3,0.8402442972896613,76.94675284702986,0.8901881736804783,0.3770102662405058,0.9830042751133531,0.19827586206896552,0.3703765346136258,20,200,0.1
SC391_cnv_19_R53C9yesS_SC391_37_W_B2,7.172479,7.2040806,2,0.8156026734504664,100.23722810651876,0.8108384366060063,0.4735650618944374,1.128545018861407,0.40340909090909083,0.46838920533749884,27,224,0.12053571428571429
SC391_cnv_19_R54C1yesS_SC391_38_W_C1,10.499389,10.692866,3,0.7539329786919087,62.98815822625347,0.7525117263219409,0.3535429771361679,0.8392187858082991,0.20472440944881887,0.3648639581030217,23,170,0.13529411764705881
SC391_cnv_19_R54C27yesS_SC391_38_W_C2,10.434116,11.39538,3,0.7614648184211013,96.4506172839506,0.7306235377295265,0.32910057670912796,0.868500084532252,0.23972602739726023,0.3448312196322601,23,208,0.11057692307692307
SC391_cnv_19_R54C32yesS_SC391_38_W_C2,9.756168,10.131225,3,0.8678656582910379,124.00024800049601,0.8607631699794893,0.4255538693839136,1.5926132931085308,0.3384615384615384,0.4137322883359923,12,154,0.07792207792207792
SC391_cnv_19_R54C33yesS_SC391_38_W_C2,11.63033,10.6646385,3,0.7711980648774288,116.54332498106172,0.7468890718289106,0.4278653026659316,0.9023581889243797,0.23484848484848486,0.31361409017238673,18,221,0.08144796380090498
SC391_cnv_19_R54C35yesS_SC391_38_W_C2,12.77157,11.612983,3,0.7606635270232484,64.0,0.7687349422890077,0.36438684486930745,1.1167656571008162,0.23809523809523814,0.40706348767638034,16,172,0.09302325581395349
SC391_cnv_19_R54C36yesS_SC391_38_W_C1,12.293579,11.910144,3,0.8118095688371135,107.5692925526193,0.8374841139732131,0.35504562586924787,0.9487805664819753,0.1987951807228916,0.3392843543326011,23,244,0.0942622950819672
SC391_cnv_19_R54C46yesS_SC391_38_W_C2,-0.8177201,6.283877,0,0.7661907265583311,63.838615978805585,0.7753026516361147,0.10213064257193431,1.19769694411954,0.1179775280898876,0.34585908413838246,1,219,0.0045662100456621
SC391_cnv_19_R54C47yesS_SC391_38_W_C2,12.6199045,11.142502,3,0.6479484228553393,81.16224332440548,0.715219843510213,0.36106271065315765,1.140219283843931,0.2566371681415929,0.44366374204345455,12,159,0.07547169811320754
SC391_cnv_19_R54C50yesS_SC391_38_W_C2,7.5794935,10.939887,3,0.7057736703647901,0.0,0.45411811948698566,1.087000042776355,0.30777271730850586,1.0,0.5035888232058197,15,133,0.11278195488721804
SC391_cnv_19_R54C53yesS_SC391_38_W_C2,12.3473425,11.632653,3,0.840839869695335,101.4061654948621,0.7979747324684378,0.6287238117172187,0.8438321856940055,0.4277456647398843,0.31491769177584666,39,297,0.13131313131313133
SC391_cnv_19_R54C55yesS_SC391_38_W_C1,12.758333,11.1626005,3,0.6897046861463743,84.167999326656,0.700673304462168,0.3639678972130872,1.3345991218435347,0.26363636363636367,0.41067431222193035,8,123,0.06504065040650407
SC391_cnv_19_R54C56yesS_SC391_38_W_C1,12.891715,11.501902,3,0.7827311435639829,103.5143108534755,0.7483795186735309,0.5670233818298513,2.4020582815405014,0.3971631205673759,0.49278427810365993,19,169,0.11242603550295859
SC391_cnv_19_R54C59yesS_SC391_38_W_C1,11.192473,12.39223,3,0.7158417982490362,71.81844297615628,0.6578708318935611,0.46387068739897247,1.2902921164007526,0.3613445378151261,0.4748096687997158,25,180,0.1388888888888889
SC391_cnv_19_R54C60yesS_SC391_38_W_C1,6.038493,9.132402,1,0.7904751140337052,91.30752373995617,0.7371664282289568,0.3192714151172285,0.8545919861120301,0.16778523489932884,0.4020935343124625,26,218,0.11926605504587157
SC391_cnv_19_R54C62yesS_SC391_38_W_C1,12.317587,12.370191,3,0.9415257687811995,66.09822195782932,0.9475057222477069,0.4288364395402749,1.4539855100264258,0.32258064516129037,0.46376743448603136,20,183,0.1092896174863388
SC391_cnv_19_R54C66yesS_SC391_38_W_C2,11.061527,12.141687,3,0.8255351841031103,99.18666931164451,0.825070702489777,0.4296840734272078,1.4847668813580726,0.30069930069930073,0.48797526015398845,16,207,0.07729468599033816
SC391_cnv_19_R54C70yesS_SC391_38_W_C2,12.186458,11.667766,3,0.7921837717501418,79.71938775510203,0.7803164854420646,0.3570776241322848,1.1260866007251877,0.22123893805309736,0.4079494880027056,14,171,0.08187134502923976
SC391_cnv_19_R55C11yesS_SC391_38_W_C2,10.721858,11.243183,3,0.7470337298487505,73.05135510263716,0.7539855277268275,0.5262169060025468,1.5583874449479598,0.3613445378151261,0.5053627553183859,23,173,0.1329479768786127
SC391_cnv_19_R55C14yesS_SC391_38_W_C2,11.139632,12.348071,3,0.8593215298609108,126.49687974363297,0.866986209346284,0.39517152536872274,1.4138669057002728,0.3003300330033003,0.438157805222936,24,192,0.125
SC391_cnv_19_R55C16yesS_SC391_38_W_C2,8.102623,12.182707,3,0.8908464152965774,127.5380063258851,0.8958947933399657,0.40567137731127234,1.5796306438370546,0.2512690355329949,0.4527882986267931,32,249,0.1285140562248996
SC391_cnv_19_R55C17yesS_SC391_38_W_C2,12.966526,11.859771,3,0.8307288663462511,101.007550314386,0.8205462581234999,0.4924724368254791,1.3359102873423427,0.3232323232323232,0.48219133231425104,26,268,0.09701492537313433
SC391_cnv_19_R55C21yesS_SC391_38_W_C1,11.833424,11.958815,3,0.9205991267864018,154.3150341422013,0.912086810550505,0.3995351134605573,1.4362942705168233,0.2981366459627329,0.44431273223395773,28,200,0.14
SC391_cnv_19_R55C24yesS_SC391_38_W_C1,10.483506,10.803892,3,0.9340879135539218,167.07507239919804,0.9312027232509618,0.38461879909024654,1.5967126313815618,0.27407407407407414,0.32293479614251974,10,178,0.056179775280898875
SC391_cnv_19_R55C29yesS_SC391_38_W_C2,11.042008,12.332667,3,0.8546406653521921,96.84917355371901,0.8765364987738641,0.46884210817228766,1.5959968714078787,0.2890173410404624,0.4584332096944255,32,271,0.11808118081180811
SC391_cnv_19_R55C30yesS_SC391_38_W_C2,10.922906,11.555066,3,0.8544888378097601,114.31184270690443,0.8507317793993693,0.387846066161218,1.6168287085101616,0.2919254658385093,0.46299407877217574,20,217,0.09216589861751152
SC391_cnv_19_R55C32yesS_SC391_38_W_C2,7.845613,12.228902,3,0.7061983426877888,129.13223140495867,0.576532717707085,0.48241326251477834,1.2246155362308162,0.3146067415730337,0.47393124371454937,16,145,0.1103448275862069
SC391_cnv_19_R55C36yesS_SC391_38_W_C1,12.700512,11.549157,3,0.8187462014383542,113.17338162064283,0.802264510988065,0.6111245420587732,2.18166876439033,0.38378378378378386,0.5163771048855922,35,277,0.1263537906137184
SC391_cnv_19_R55C39yesS_SC391_38_W_C1,11.307215,11.839672,3,0.8084468418920834,84.88003621548212,0.8120936787617785,0.49465944403691764,1.5101970224211958,0.30107526881720426,0.4633463040892243,32,289,0.11072664359861592
SC391_cnv_19_R55C42yesS_SC391_38_W_C1,9.125564,9.7645235,3,0.8844063042525007,140.02660505496044,0.8853830427699791,0.2630843036735405,1.3699251842256754,0.21065375302663436,0.4051849084368692,8,211,0.037914691943127965
SC391_cnv_19_R55C48yesS_SC391_38_W_C2,11.45782,11.513089,3,0.8408031595455593,102.59567046270648,0.8438929745629696,0.3860363713459155,1.3566676460228084,0.2603550295857988,0.43992175569224,31,237,0.1308016877637131
SC391_cnv_19_R55C58yesS_SC391_38_W_C1,11.199268,11.898176,3,0.8441013015439245,107.1673525377229,0.8362914033510495,0.3723697265565222,1.4501649638698764,0.2827102803738318,0.49937462860435994,18,308,0.05844155844155844
SC391_cnv_19_R55C64yesS_SC391_38_W_C2,11.1354,11.508982,3,0.924747499885134,70.02555932915514,0.9262351658881106,0.4292187428281566,2.0050549412827183,0.32163742690058483,0.46889973355400766,20,255,0.0784313725490196
SC391_cnv_19_R56C11yesS_SC391_38_W_C2,11.685922,10.757203,3,0.8354910546443511,105.01995379122033,0.8248547238021593,0.6401153096599372,1.6330764757077985,0.3999999999999999,0.4533519792961283,21,182,0.11538461538461539
SC391_cnv_19_R56C24yesS_SC391_38_W_C1,11.180127,11.8540125,3,0.7526944591581467,75.61436672967864,0.7246315469958463,0.5344006770337045,1.5100924479577116,0.3855932203389831,0.5063356259357623,13,187,0.06951871657754011
SC391_cnv_19_R56C25yesS_SC391_38_W_C1,-0.731257,6.67205,0,0.7690900033068417,120.18508503094766,0.7897039061746598,0.32704522975713574,2.0637915599103076,0.31060606060606055,0.41828808541596557,0,158,0.0
SC391_cnv_19_R56C35yesS_SC391_38_W_C2,10.778903,11.184048,3,0.7439282365388499,83.24661810613944,0.7426699711687746,0.3508250200769749,1.46977674105873,0.26114649681528657,0.46330076084866784,20,223,0.08968609865470852
SC391_cnv_19_R56C37yesS_SC391_38_W_C1,11.525721,10.71785,3,0.8481038412150527,151.22873345935727,0.7112030240819133,0.8266876636005739,1.3945512442353574,0.6837606837606838,0.5252752820545439,24,204,0.11764705882352941
SC391_cnv_19_R56C39yesS_SC391_38_W_C1,10.352062,10.497902,3,0.7889758790384562,108.13148788927336,0.7868002921074764,0.43003984535101053,1.4529255912425811,0.3309352517985611,0.424878561149222,24,214,0.11214953271028037
SC391_cnv_19_R56C42yesS_SC391_38_W_C1,5.9878087,9.112993,1,0.7572594745030554,61.03515625,0.7381414767105638,0.31385143380382163,0.7233849823029042,0.1472868217054264,0.40958832949822704,18,193,0.09326424870466321
SC391_cnv_19_R56C44yesS_SC391_38_W_C1,11.381877,12.3458805,3,0.7798298034278593,83.24661810613944,0.7556175814825961,0.37480008016483496,1.2344444482952643,0.27564102564102566,0.46742852306897914,22,192,0.11458333333333333
SC391_cnv_19_R56C45yesS_SC391_38_W_C2,12.7198305,11.318701,3,0.8798952283382723,107.5692925526193,0.857192904962894,0.4625123227277198,1.795965277058654,0.303030303030303,0.43106470527155827,23,212,0.10849056603773585
SC391_cnv_19_R56C47yesS_SC391_38_W_C2,9.68504,7.3140454,3,0.7784520364065531,106.28122010840686,0.7443708886907077,0.47238498588012,1.2569975521780332,0.3535353535353535,0.4990333131003252,9,144,0.0625
SC391_cnv_19_R56C4yesS_SC391_38_W_C1,11.850289,11.6116495,3,0.8704246041674015,150.8978421608571,0.8419728164024388,0.5198819132394487,1.5174830244879032,0.4305555555555556,0.5346353738401087,16,177,0.0903954802259887
SC391_cnv_19_R56C52yesS_SC391_38_W_C2,11.980009,11.222245,3,0.855614127396105,125.97631645250694,0.8418187877937833,0.4005520814872935,1.4343662591093245,0.2834645669291338,0.41562420684565304,18,172,0.10465116279069768
SC391_cnv_19_R56C53yesS_SC391_38_W_C2,-0.56923455,6.2189016,0,0.7103134127410641,66.82481873767917,0.7095591179964458,0.18393773512372386,1.3762897961017326,0.1724137931034483,0.3646472667870716,1,199,0.005025125628140704
SC391_cnv_19_R56C60yesS_SC391_38_W_C1,11.283286,12.264223,3,0.8522932214016136,113.6094674556213,0.8570625936991864,0.4297533445351613,1.3493208040762887,0.3229813664596274,0.5232418119335831,13,230,0.05652173913043478
SC391_cnv_19_R56C61yesS_SC391_38_W_C1,11.812063,11.935221,3,0.8209054394671323,91.30752373995617,0.7981407477294917,0.42980512594121556,1.2894024428811623,0.3112582781456954,0.40974055321466507,17,198,0.08585858585858586
SC391_cnv_19_R56C67yesS_SC391_38_W_C2,12.461065,12.000503,3,0.8971239884861572,128.6008230452675,0.9131098158477926,0.47473001100460577,1.4899470761511069,0.2990654205607477,0.4975186523533682,35,277,0.1263537906137184
SC391_cnv_19_R56C69yesS_SC391_38_W_C2,-0.72440696,6.549254,0,0.6538384150729968,73.05135510263716,0.685541422958019,0.20956092453346037,1.6724296357354453,0.21518987341772156,0.33889635652586014,0,151,0.0
SC391_cnv_19_R56C7yesS_SC391_38_W_C1,10.528056,10.6693125,3,0.835401603948298,105.01995379122033,0.8368928786555473,0.44792521347183023,1.4581536273315607,0.30000000000000004,0.5045216722223432,21,210,0.1
SC391_cnv_19_R56C8yesS_SC391_38_W_C1,11.471354,11.678274,3,0.882906192099397,154.3150341422013,0.8413546770117305,0.6434353179080279,2.310615245691909,0.47400611620795097,0.540318688309286,26,197,0.1319796954314721
SC391_cnv_19_R57C0yesS_SC391_38_W_C1,11.393065,11.548069,3,0.8769943694392365,126.75418741511996,0.8866774567602081,0.3385514145148354,1.2978434793722033,0.24017467248908297,0.48636298826225344,36,305,0.1180327868852459
SC391_cnv_19_R57C12yesS_SC391_38_W_C2,12.078414,11.555341,3,0.8065524357850736,84.33125316242199,0.7787793001586574,0.3970004234696236,1.2588987151894537,0.2738853503184714,0.48726860200291905,29,219,0.1324200913242009
SC391_cnv_19_R57C14yesS_SC391_38_W_C2,12.220451,11.85091,3,0.8200075612426738,114.7842056932966,0.7905853804066,0.5070049400821668,1.6286105330640284,0.32089552238805974,0.5156638362564737,18,194,0.09278350515463918
SC391_cnv_19_R57C19yesS_SC391_38_W_C1,6.026482,9.068228,1,0.7484672677665756,106.55868719697372,0.755844861676628,0.3731253610239636,1.4858779520500176,0.24637681159420288,0.4466019525260924,12,186,0.06451612903225806
SC391_cnv_19_R57C1yesS_SC391_38_W_C1,11.136845,12.243289,3,0.8379684907877935,90.56877188745321,0.8367521673444397,0.501324683643638,1.3754592478516987,0.34916201117318435,0.5596634946165814,38,254,0.14960629921259844
SC391_cnv_19_R57C20yesS_SC391_38_W_C1,-0.871014,6.466863,0,0.7297119622737936,57.19351425548342,0.7452284888149004,0.053225221713765605,0.8610319390127175,0.07733333333333337,0.2435094595743554,1,235,0.00425531914893617
SC391_cnv_19_R57C22yesS_SC391_38_W_C1,6.026995,9.163075,1,0.74220497549863,68.30134553650706,0.7478339730248597,0.3108245680631274,1.1160184646990206,0.20491803278688525,0.427938216378096,15,167,0.08982035928143713
SC391_cnv_19_R57C23yesS_SC391_38_W_C1,10.15393,10.608869,3,0.832817976707349,89.84524157139327,0.8312672617800767,0.4583654110542883,1.6803753436861544,0.2761904761904762,0.487934986279627,37,314,0.1178343949044586
SC391_cnv_19_R57C2yesS_SC391_38_W_C1,12.72849,11.2903,3,0.8565827271237864,141.7233560090703,0.8672005439969824,0.47641614516736175,1.6297991787659278,0.35542168674698793,0.4324449823288419,27,210,0.12857142857142856
SC391_cnv_19_R57C33yesS_SC391_38_W_C2,11.312745,12.373611,3,0.668432867920931,102.03040506070809,0.7045152880614493,0.34655082856987957,0.9845872558784086,0.26732673267326734,0.4193692207762503,15,138,0.10869565217391304
SC391_cnv_19_R57C34yesS_SC391_38_W_C2,12.60311,11.496708,3,0.8149961411441821,77.30165683217811,0.8342638378475149,0.47429868470713477,1.5510931288099257,0.3435897435897435,0.4494012879712525,28,268,0.1044776119402985
SC391_cnv_19_R57C38yesS_SC391_38_W_C1,11.114698,10.852367,3,0.896379881064899,107.38543316599103,0.8963299064953517,0.46428031490122784,2.166305719988366,0.31592689295039156,0.29060451578241814,19,246,0.07723577235772358
SC391_cnv_19_R57C3yesS_SC391_38_W_C1,11.155237,12.41835,3,0.6886716516045374,115.62030292519366,0.6270515748014037,0.4170871642530029,1.0235451053388307,0.35789473684210527,0.4294843777068658,8,141,0.05673758865248227
SC391_cnv_19_R57C45yesS_SC391_38_W_C2,10.493717,10.685841,3,0.85911785617473,102.37300628570259,0.8555401615362491,0.38362082430897604,1.18596592268527,0.22580645161290325,0.3669880828417032,42,303,0.13861386138613863
SC391_cnv_19_R57C50yesS_SC391_38_W_C2,8.430624,8.732433,3,0.8484758954996986,100.23722810651876,0.8100302500242379,0.6462124616745839,1.4684809600067474,0.5593220338983051,0.5378474876653717,27,235,0.1148936170212766
SC391_cnv_19_R57C53yesS_SC391_38_W_C2,10.354677,10.576884,3,0.8410942516513955,93.82623381497467,0.8301606466990309,0.3984175302332044,1.3851543795846077,0.23630136986301364,0.42684173708059575,41,422,0.0971563981042654
SC391_cnv_19_R57C55yesS_SC391_38_W_C1,12.458573,11.554027,3,0.7924505280225785,59.171597633136095,0.7693920160421313,0.35875917871811636,1.0139730741615467,0.2137404580152672,0.42302418520971424,15,187,0.08021390374331551
SC391_cnv_19_R57C57yesS_SC391_38_W_C1,11.225375,12.294516,3,0.8514585192263416,98.02960494069208,0.8472476820150667,0.36641537972214827,1.1066869444704843,0.24019607843137258,0.4213673395433691,33,302,0.10927152317880795
SC391_cnv_19_R57C60yesS_SC391_38_W_C1,13.021381,11.601836,3,0.8620607951775645,108.13148788927336,0.8718495176370615,0.42364729492823766,1.8054987181181021,0.24675324675324672,0.488382701703698,34,364,0.09340659340659341
SC391_cnv_19_R57C64yesS_SC391_38_W_C2,12.548223,11.606268,3,0.8494869263628807,97.03273884608666,0.838780251009746,0.3649702170109501,0.995545634871205,0.23111111111111104,0.2979983677433984,44,331,0.13293051359516617
SC391_cnv_19_R57C66yesS_SC391_38_W_C2,11.641693,10.6209,3,0.8188298127411869,94.25959091337543,0.8046218094685423,0.43575141121854966,1.2545749983795516,0.2621359223300971,0.4059761846067932,35,282,0.12411347517730496
SC391_cnv_19_R57C71yesS_SC391_38_W_C2,8.2879925,10.412743,3,1.145356405867104,106.55868719697372,1.017797947728503,1.1110969393393628,0.9284930361657717,0.9545454545454545,0.42761549987044806,23,242,0.09504132231404959
SC391_cnv_19_R57C9yesS_SC391_38_W_C2,11.334325,12.3467655,3,0.8722107252163105,107.1673525377229,0.8573122440498583,0.4413713602202348,1.2993927800009484,0.3194444444444444,0.49292239752570627,29,271,0.1070110701107011
SC391_cnv_19_R58C0yesS_SC391_38_W_C1,11.0520735,11.939188,3,0.7672144837255894,88.29924614518603,0.7426829405810392,0.35832209134567533,1.1229775666188289,0.25,0.4368742959398009,30,246,0.12195121951219512
SC391_cnv_19_R58C14yesS_SC391_38_W_C2,10.245077,11.512379,3,0.7530927000587889,59.171597633136095,0.724616308128836,0.34975307893791746,1.1999387801953536,0.28787878787878785,0.3636959620732922,23,201,0.11442786069651742
SC391_cnv_19_R58C31yesS_SC391_38_W_C2,9.416486,11.346124,3,0.774056054296263,99.18666931164451,0.7722153959925648,0.3881733964939009,1.505279160265455,0.2777777777777777,0.448760716415541,16,197,0.08121827411167512
SC391_cnv_19_R58C35yesS_SC391_38_W_C2,10.580033,10.549712,3,0.8401283311140209,107.5692925526193,0.8313238241326867,0.4082816586334611,1.3103205856131384,0.30722891566265065,0.5043673948215909,24,238,0.10084033613445378
SC391_cnv_19_R58C36yesS_SC391_38_W_C1,12.469654,10.989876,3,0.8524677948945354,135.20822065981613,0.845963836990205,0.46207118902501415,1.8999667281165264,0.319767441860465,0.4368513684175923,30,224,0.13392857142857142
SC391_cnv_19_R58C38yesS_SC391_38_W_C1,10.386529,11.548928,3,0.7768984917515566,132.19644391565865,0.7561252503674444,0.47565829777604396,1.833091328079114,0.4,0.5086961269553965,19,156,0.12179487179487179
SC391_cnv_19_R58C3yesS_SC391_38_W_C1,12.737625,11.444547,3,0.744072542159248,0.0,0.0,0.45644128668402234,1.1016962230584413,0.3472222222222223,0.5032437276714069,6,110,0.05454545454545454
SC391_cnv_19_R58C40yesS_SC391_38_W_C1,12.702471,11.688659,3,0.8730033866625709,128.15583749839806,0.8771000490291958,0.5381294959839943,2.132275161043292,0.3846153846153846,0.4705965374639657,25,223,0.11210762331838565
SC391_cnv_19_R58C46yesS_SC391_38_W_C2,11.176402,12.355866,3,0.8427917012153847,115.73627560665098,0.859886000725239,0.42131382255474026,1.0847845914713377,0.30000000000000004,0.46572639261459686,17,228,0.07456140350877193
SC391_cnv_19_R58C54yesS_SC391_38_W_C1,8.938812,9.732537,3,0.8832387890548509,128.15583749839806,0.8775237461731975,0.30189190130003396,1.3140447140267049,0.21052631578947367,0.39899534365414996,14,194,0.07216494845360824
SC391_cnv_19_R58C55yesS_SC391_38_W_C1,10.449436,11.286318,3,0.7341436951073963,73.05135510263716,0.7184807220471453,0.3535406791394455,1.066770408242685,0.22881355932203384,0.40838209590610947,15,164,0.09146341463414634
SC391_cnv_19_R58C56yesS_SC391_38_W_C1,12.858588,11.956598,3,0.8023079325993165,97.80429360848942,0.800197754471458,0.49217593684650923,1.4019361728834814,0.32191780821917804,0.5055261993281989,28,197,0.14213197969543148
SC391_cnv_19_R58C63yesS_SC391_38_W_C2,11.177709,10.266977,3,0.9390278775047779,152.6204938799182,0.9447264856787294,0.5717538824079912,1.5679267903403455,0.3846153846153846,0.46937557033441873,19,265,0.07169811320754717
SC391_cnv_19_R58C64yesS_SC391_38_W_C2,-0.60108745,5.8971214,0,0.6424669477615806,43.282548476454295,0.5401376881303773,0.045319777930363264,0.850136456376172,0.07894736842105265,0.15093496866372044,2,198,0.010101010101010102
SC391_cnv_19_R58C65yesS_SC391_38_W_C2,10.97875,11.997184,3,0.9121108462783099,173.01038062283737,0.917460966068353,0.4590613413440048,1.2237338720402473,0.2965116279069768,0.4364273074590754,31,218,0.14220183486238533
SC391_cnv_19_R58C67yesS_SC391_38_W_C2,11.946168,11.152803,3,0.9430370725481665,156.18492294877134,0.9520851238392646,0.4598521297620719,1.3314604228345754,0.3123359580052494,0.44730222276249415,29,266,0.10902255639097744
SC391_cnv_19_R58C70yesS_SC391_38_W_C2,11.401158,11.659564,3,0.6568076075877455,92.45562130177514,0.588669315675644,0.45661785293747614,1.4345827799376822,0.32075471698113206,0.5025750487021065,17,152,0.1118421052631579
SC391_cnv_19_R58C8yesS_SC391_38_W_C1,12.692648,11.785212,3,0.7845722927952408,216.26297577854672,0.48183378228196,0.9021454560498999,2.397180872197919,0.8169014084507042,0.448951173887523,15,157,0.09554140127388536
SC391_cnv_19_R59C1yesS_SC391_38_W_C1,12.717576,11.344945,3,0.921878324039754,116.87363038714389,0.9176495242131288,0.40493311646081304,1.4317897471604866,0.28648648648648645,0.44225620766390566,22,249,0.08835341365461848
SC391_cnv_19_R59C23yesS_SC391_38_W_C1,12.357784,11.973751,3,0.8658721662287968,116.87363038714389,0.869111119168929,0.42225218789930813,1.7992966915794586,0.30645161290322576,0.42873037610561654,29,256,0.11328125
SC391_cnv_19_R59C26yesS_SC391_38_W_C1,10.437107,10.735005,3,0.7333026551035443,54.869684499314126,0.7479273055196695,0.4274698925007748,1.4051898920199846,0.30434782608695654,0.38867289068447824,23,179,0.12849162011173185
SC391_cnv_19_R59C27yesS_SC391_38_W_C2,11.208163,12.214529,3,0.8003798471695267,105.01995379122033,0.7949766879485821,0.40102049526836236,1.4530948572366054,0.28776978417266186,0.40788997576556396,21,187,0.11229946524064172
SC391_cnv_19_R59C29yesS_SC391_38_W_C2,-0.78518325,6.101501,0,0.6727340909642752,86.56509695290859,0.7036861160543936,0.05311552846091169,0.8946730280711517,0.0915032679738561,0.08492282304004174,0,212,0.0
SC391_cnv_19_R59C42yesS_SC391_38_W_C1,6.040709,9.078702,1,0.708459013353909,54.06574394463668,0.6390040993311104,0.37337949627271044,0.7549012115531768,0.18248175182481763,0.48108735003728287,15,177,0.0847457627118644
SC391_cnv_19_R59C45yesS_SC391_38_W_C2,12.376864,12.032164,3,0.8608602315301851,116.87363038714389,0.885001307589432,0.42800568438919306,1.7985788269256722,0.24864864864864855,0.3755463976347882,34,291,0.11683848797250859
SC391_cnv_19_R59C48yesS_SC391_38_W_C2,10.454614,10.519756,3,0.8425823622700224,102.59567046270648,0.8553099390015125,0.38073698813737034,1.1239348577818502,0.2588235294117647,0.41858449218305316,19,221,0.08597285067873303
SC391_cnv_19_R59C52yesS_SC391_38_W_C2,11.8033695,11.043039,3,0.7480232744593731,71.81844297615628,0.7602604260533486,0.3149549287532221,1.0759256422130192,0.2100840336134454,0.3572801306367983,20,182,0.10989010989010989
SC391_cnv_19_R59C54yesS_SC391_38_W_C1,9.583682,11.865373,3,0.785488268830666,100.5985614405714,0.7821122264870494,0.5604219201994881,1.5039517923649883,0.36363636363636365,0.5327604518396657,21,195,0.1076923076923077
SC391_cnv_19_R59C55yesS_SC391_38_W_C1,11.205195,12.377094,3,0.7519245100342928,70.61648188687239,0.7717091267446248,0.4684646785511525,1.288355267935701,0.3223140495867769,0.4122047906645496,21,189,0.1111111111111111
SC391_cnv_19_R59C56yesS_SC391_38_W_C1,10.653161,11.428383,3,0.8416273044952306,115.73627560665098,0.8707160769016439,0.3850618081720036,1.4098495412633447,0.23124999999999996,0.4458628518207081,17,247,0.06882591093117409
SC391_cnv_19_R59C5yesS_SC391_38_W_C1,10.629326,10.482111,3,0.7377115843047704,122.0703125,0.7542685292125693,0.404229288585611,1.7859658941809737,0.3282442748091603,0.39557243917500795,18,207,0.08695652173913043
SC391_cnv_19_R59C60yesS_SC391_38_W_C1,11.000455,11.190068,3,0.8281538453595529,98.02960494069208,0.8288992179300141,0.3663109077403982,1.8552667959663727,0.270935960591133,0.38788542836553436,25,272,0.09191176470588236
SC391_cnv_19_R59C67yesS_SC391_38_W_C2,12.441258,11.865207,3,0.9349427527999541,152.55239221220037,0.9354305575595692,0.3868344959030449,1.0822199406774942,0.1955555555555556,0.38540802607220515,30,302,0.09933774834437085
SC391_cnv_19_R59C6yesS_SC391_38_W_C1,12.243338,11.991969,3,0.7869092932820603,68.30134553650706,0.7513396572005718,0.550551092814032,1.148138892039096,0.42741935483870963,0.5336111486280203,19,185,0.10270270270270271
SC391_cnv_19_R59C70yesS_SC391_38_W_C2,11.135127,11.409098,3,0.7675618327822826,106.55868719697372,0.7537129436235159,0.44833909041683884,1.121456751674892,0.2753623188405796,0.48909978414279126,21,180,0.11666666666666667
SC391_cnv_19_R59C7yesS_SC391_38_W_C1,10.975908,11.868884,3,0.800904360867265,99.18666931164451,0.7731013921403759,0.5473833881890837,1.617089979368402,0.4275862068965517,0.43634289765276185,15,195,0.07692307692307693
SC391_cnv_19_R5C10yesS_SC391_37_W_A2,7.3035483,5.5148916,2,0.7302148810529597,113.17338162064283,0.6814121368434883,0.39345947628308087,0.9610992513614054,0.2421052631578947,0.37303957768000157,16,166,0.0963855421686747
SC391_cnv_19_R5C19yesS_SC391_37_W_A1,10.560961,7.0194864,3,0.005761154840300317,0.0,0.0,0.42665437549993207,1.0317956974748879,0.31343283582089554,0.455366242416696,8,93,0.08602150537634409
SC391_cnv_19_R5C41yesS_SC391_37_W_A1,11.083262,7.62223,3,0.7624503425470425,75.61436672967864,0.7778772216017874,0.42970377115156877,1.247023805300813,0.2155172413793104,0.37354419004038664,21,153,0.13725490196078433
SC391_cnv_19_R5C48yesS_SC391_37_W_A2,11.774009,5.7689004,3,0.7348699960921563,73.67975096244174,0.7417194484536086,0.5483592546352959,1.166463038922461,0.27118644067796616,0.40992981246497034,22,181,0.12154696132596685
SC391_cnv_19_R5C58yesS_SC391_37_W_A1,9.144529,9.596206,3,0.920049833605505,134.17595835178253,0.9211041438838018,0.20028162540520245,1.179208439750454,0.1428571428571429,0.31830943486987356,20,325,0.06153846153846154
SC391_cnv_19_R5C5yesS_SC391_37_W_A1,9.122594,9.579826,3,0.8539507639554929,99.08838684106223,0.8611286368011273,0.22771569242068979,0.9248496844220202,0.13142857142857145,0.2657384290774812,9,215,0.04186046511627907
SC391_cnv_19_R5C67yesS_SC391_37_W_A2,6.280932,8.879846,1,0.8290433083803321,85.43722499893204,0.7974718483665337,0.4963960226458952,1.3092490565677144,0.42767295597484273,0.3772242150103292,21,198,0.10606060606060606
SC391_cnv_19_R5C70yesS_SC391_37_W_A2,11.052926,7.2855625,3,0.6292315251878001,0.0,0.0,0.5358735796683839,1.7830844427939412,0.3970588235294117,0.38823397096917045,10,91,0.10989010989010989
SC391_cnv_19_R60C0yesS_SC391_38_W_C1,10.930403,11.03344,3,0.7871278326137954,93.82623381497467,0.7752630504742886,0.43092700844455734,1.1554446610385685,0.29729729729729726,0.5140323222790226,22,209,0.10526315789473684
SC391_cnv_19_R60C10yesS_SC391_38_W_C2,12.784957,10.985446,3,0.7342600233495588,106.28122010840686,0.7071374884146688,0.46537690908147605,1.4842993038687515,0.33673469387755106,0.48377205008878016,22,143,0.15384615384615385
SC391_cnv_19_R60C19yesS_SC391_38_W_C1,12.50332,11.683508,3,0.7373292488385327,67.18624025799515,0.7199957713784352,0.4698780627905341,1.4123660219555152,0.33333333333333337,0.5371095256288129,21,172,0.12209302325581395
SC391_cnv_19_R60C23yesS_SC391_38_W_C1,12.285535,11.673576,3,0.7973420320077538,88.8888888888889,0.7886782449175807,0.4216345668987616,1.5233011666244172,0.29801324503311255,0.4344814081917612,21,191,0.1099476439790576
SC391_cnv_19_R60C24yesS_SC391_38_W_C1,12.65526,11.533659,3,0.8411221944953077,96.11687812379854,0.8348321757163579,0.46449885630208243,1.3186755654032634,0.33653846153846156,0.4696080241048296,18,132,0.13636363636363635
SC391_cnv_19_R60C33yesS_SC391_38_W_C2,7.265313,11.49756,3,0.728486357389104,152.41579027587258,0.6584028809234475,0.47484594617833076,1.5279131353933897,0.3373493975903614,0.47653036278053224,16,118,0.13559322033898305
SC391_cnv_19_R60C35yesS_SC391_38_W_C2,11.638679,10.61451,3,0.7490608964952226,75.61436672967864,0.7251583490578604,0.5567663245909074,1.5887114722374405,0.3620689655172413,0.4812581054116471,18,175,0.10285714285714286
SC391_cnv_19_R60C38yesS_SC391_38_W_C1,11.116451,11.932982,3,0.8046350931493377,103.5143108534755,0.7986291170225945,0.48160604900763315,1.669770016338353,0.352112676056338,0.48326241129503617,25,198,0.12626262626262627
SC391_cnv_19_R60C39yesS_SC391_38_W_C1,11.22561,11.343477,3,0.8637802304308914,114.7842056932966,0.8668687159646538,0.5736837019994082,1.7273280039757646,0.34210526315789475,0.5415987271775426,26,183,0.14207650273224043
SC391_cnv_19_R60C47yesS_SC391_38_W_C2,12.276515,10.967038,3,0.7218677848751992,120.75836251660427,0.7274341561615905,0.3939305459788632,0.9954979810599839,0.3152173913043478,0.4150557584697451,9,127,0.07086614173228346
SC391_cnv_19_R60C50yesS_SC391_38_W_C2,11.664715,12.401148,3,0.83783480353567,105.01995379122033,0.8094222251073628,0.4730137371914687,2.0075245058149114,0.3754385964912281,0.44995610780527434,18,161,0.11180124223602485
SC391_cnv_19_R60C52yesS_SC391_38_W_C2,12.584413,11.071604,3,0.8691395361773867,146.10271020527432,0.8441926476662202,0.43511936715345395,1.3477115902938004,0.2773109243697479,0.43029081002380737,22,173,0.12716763005780346
SC391_cnv_19_R60C54yesS_SC391_38_W_C1,6.0113177,9.098819,1,0.7959528515352366,130.0728407908429,0.795606517600636,0.3985764205360725,1.4341324806287816,0.30400000000000005,0.4694061555370124,16,154,0.1038961038961039
SC391_cnv_19_R60C55yesS_SC391_38_W_C1,-0.6802146,6.5256057,0,0.6824336298284814,71.81844297615628,0.7044232960510118,0.19895878138628578,1.4520100566693617,0.19999999999999996,0.3719456291606564,0,138,0.0
SC391_cnv_19_R60C56yesS_SC391_38_W_C1,11.099444,11.243692,3,0.7900600043069581,111.38338159946537,0.7599174085284376,0.3885426164029342,1.3770235189081914,0.24264705882352944,0.3070949443731194,23,196,0.11734693877551021
SC391_cnv_19_R60C59yesS_SC391_38_W_C1,9.124018,12.111998,3,0.7581710613374085,113.06461642828877,0.7651626448885298,0.4851683983356252,1.5049843112131254,0.34328358208955234,0.45490973554857717,16,170,0.09411764705882353
SC391_cnv_19_R60C61yesS_SC391_38_W_C1,11.350129,12.137838,3,0.8532113302747442,0.0,0.0,0.4108179243570089,1.0899617098438,0.3068181818181819,0.3949039600840104,14,126,0.1111111111111111
SC391_cnv_19_R60C65yesS_SC391_38_W_C2,12.803595,11.328848,3,0.8011371568740713,114.7842056932966,0.8022202890495969,0.4916581365639599,1.3158030497259587,0.29850746268656714,0.4772145764920616,21,208,0.10096153846153846
SC391_cnv_19_R60C68yesS_SC391_38_W_C2,11.6063795,10.564139,3,0.7756660500858408,65.03642039542144,0.7351434564822127,0.4581031746267974,1.3588118890869008,0.34126984126984117,0.4484408399269283,21,188,0.11170212765957446
SC391_cnv_19_R60C71yesS_SC391_38_W_C2,8.575038,10.608493,3,1.0833562032253017,87.34387282732116,1.0270098201159026,0.4856504684670755,1.5451737504003193,0.4181818181818182,0.5089521204975923,6,121,0.049586776859504134
SC391_cnv_19_R61C22yesS_SC391_38_W_C1,12.592734,11.060816,3,0.00035267632327016065,0.0,0.0,0.43044648913236105,1.0638755494617147,0.3125,0.504777333631615,18,92,0.1956521739130435
SC391_cnv_19_R61C34yesS_SC391_38_W_C2,10.514412,10.641343,3,0.574511171678579,0.0,0.0,0.5820563506007426,1.282442748091603,0.41984732824427484,0.472662885630036,9,100,0.09
SC391_cnv_19_R61C41yesS_SC391_38_W_C1,12.6385765,11.383501,3,0.6265936677396448,0.0,0.0,0.35699177783189984,1.195315287987924,0.2432432432432432,0.3857206742399578,11,91,0.12087912087912088
SC391_cnv_19_R61C45yesS_SC391_38_W_C2,10.61613,11.228407,3,0.6597012521479617,0.0,0.0,0.36435816691448614,0.8872586155998237,0.2435897435897436,0.3359432562534983,14,99,0.1414141414141414
SC391_cnv_19_R61C4yesS_SC391_38_W_C1,11.569111,11.67842,3,0.7810326869509105,135.20822065981613,0.7615636202788865,0.4023174191718322,1.0580323593601992,0.29885057471264365,0.4510006486310885,12,116,0.10344827586206896
SC391_cnv_19_R61C53yesS_SC391_38_W_C2,10.834254,11.803774,3,0.8254780788399962,132.19644391565865,0.837864748876032,0.38046700049288457,1.2503829332943264,0.27710843373493976,0.409533199582736,22,135,0.16296296296296298
SC391_cnv_19_R61C59yesS_SC391_38_W_C1,12.218912,11.254196,3,0.01931587985617446,0.0,0.0,0.3577051345638162,0.863459396947832,0.24615384615384617,0.4000465020114871,11,109,0.10091743119266056
SC391_cnv_19_R61C61yesS_SC391_38_W_C1,12.693184,11.197109,3,0.6654747714378904,126.24668602449185,0.6007711315610292,0.43584020009482666,1.26582851442969,0.2849162011173184,0.46315353113278074,15,124,0.12096774193548387
SC391_cnv_19_R61C63yesS_SC391_38_W_C2,12.313489,11.588704,3,0.7360030727020498,110.80332409972299,0.7159236494117537,0.41667902430828146,1.2468671481916371,0.3020833333333333,0.47165440333940256,10,120,0.08333333333333333
SC391_cnv_19_R61C65yesS_SC391_38_W_C2,12.016105,11.749166,3,0.5972342259070729,0.0,0.0,0.3179991992098255,0.8280753332107808,0.2359550561797753,0.3462611858620543,13,144,0.09027777777777778
SC391_cnv_19_R61C66yesS_SC391_38_W_C2,10.484123,10.722824,3,0.5386467522637942,0.0,0.0,0.40793859634482615,1.2094443168478475,0.2933333333333332,0.434951479149645,10,98,0.10204081632653061
SC391_cnv_19_R61C67yesS_SC391_38_W_C2,6.0425434,9.161397,1,0.6838421483049015,138.4083044982699,0.4814473510992421,0.5247031058589077,1.355517927976527,0.45977011494252884,0.47494719517916356,6,99,0.06060606060606061
SC391_cnv_19_R61C68yesS_SC391_38_W_C2,10.85401,11.435307,3,0.761797711565458,138.4083044982699,0.6197526999190156,0.3567217136173083,0.9047732792863887,0.2588235294117647,0.35665708558644654,11,135,0.08148148148148149
SC391_cnv_19_R62C1yesS_SC391_38_W_C1,-0.68764573,6.33518,0,0.7618548780524779,90.27256673117394,0.7724036923729054,0.20925001918566918,1.5683843275577531,0.19718309859154926,0.4352067391873291,1,230,0.004347826086956522
SC391_cnv_19_R62C25yesS_SC391_38_W_C1,10.5008135,6.3397555,3,0.9536936721710615,191.8807050245333,0.9320930705333087,0.6949305768620491,1.9759243248250586,0.5078534031413613,0.5757879978193503,32,292,0.1095890410958904
SC391_cnv_19_R62C30yesS_SC391_38_W_C2,11.945933,10.88697,3,0.833104168317583,123.4567901234568,0.8206830074419578,0.5245338935928914,1.4485844301104676,0.38636363636363635,0.4788483206610385,18,229,0.07860262008733625
SC391_cnv_19_R62C33yesS_SC391_38_W_C2,10.546904,10.542277,3,0.8052500526499002,125.97631645250694,0.7678341686555185,0.5595809015616278,1.499837221918864,0.4453125,0.4865764810493332,20,180,0.1111111111111111
SC391_cnv_19_R62C39yesS_SC391_38_W_C1,10.942276,12.321474,3,0.8283699395623817,97.06617486471401,0.8202870514017003,0.40958069028240107,1.315612959145182,0.30000000000000004,0.5079270219432432,24,237,0.10126582278481013
SC391_cnv_19_R62C42yesS_SC391_38_W_C1,12.145311,11.24501,3,0.8696140794519123,134.7678623570899,0.8751956937571241,0.4668288283751115,2.030420132389234,0.3125,0.5004935180940646,30,266,0.11278195488721804
SC391_cnv_19_R62C47yesS_SC391_38_W_C2,11.620126,11.500843,3,0.627590427636045,0.0,0.0,0.32333010566373227,0.8335836849883779,0.2247191011235956,0.3000321283969129,12,143,0.08391608391608392
SC391_cnv_19_R62C48yesS_SC391_38_W_C2,11.586409,10.604777,3,0.8279642330502481,92.45562130177514,0.8344317216914316,0.41524425122719105,1.3566549417271712,0.2836538461538462,0.4736937136192431,25,269,0.09293680297397769
SC391_cnv_19_R62C4yesS_SC391_38_W_C1,9.106372,11.669778,3,0.741811613641701,66.09822195782932,0.6650257723223272,0.5909522804871041,1.7654245256211196,0.4881889763779528,0.464996987635234,23,212,0.10849056603773585
SC391_cnv_19_R62C52yesS_SC391_38_W_C2,10.963945,12.079927,3,0.9068627056508719,128.15583749839806,0.915702801732069,0.40342055961915024,1.2610102400857404,0.2847682119205298,0.4463578950408879,19,225,0.08444444444444445
SC391_cnv_19_R62C55yesS_SC391_38_W_C1,10.303697,11.5687275,3,0.7839447791812384,103.5143108534755,0.7544772384447873,0.3385721031589017,1.1779021827917369,0.26315789473684215,0.4133935915052476,21,199,0.10552763819095477
SC391_cnv_19_R62C58yesS_SC391_38_W_C1,11.277719,11.449598,3,0.8744586901963503,119.52735468888737,0.8775455527057361,0.4174139049577993,1.189745035429015,0.2851239669421488,0.541267946887789,31,301,0.10299003322259136
SC391_cnv_19_R62C63yesS_SC391_38_W_C2,10.396273,11.039448,3,0.8935801860852499,126.24668602449185,0.8808856202042356,0.5195567844945875,1.3103733688672272,0.49248120300751874,0.46324813604431525,32,326,0.09815950920245399
SC391_cnv_19_R62C67yesS_SC391_38_W_C2,11.639394,10.599342,3,1.0244041530701067,84.88003621548212,1.0325622571972188,0.41299591368863875,1.5539384816216506,0.2648648648648648,0.44387441787332604,24,263,0.09125475285171103
SC391_cnv_19_R63C16yesS_SC391_38_W_D2,9.375158,6.6429095,3,0.8999408543162848,172.1763085399449,0.8443561900019719,0.8436618106713941,1.9186797632282993,0.5820895522388059,0.5015514138274986,27,218,0.12385321100917432
SC391_cnv_19_R63C23yesS_SC391_38_W_D1,10.485236,10.993789,3,0.8221614028363066,94.68501451836889,0.8227943903695194,0.40087530429301593,1.3674895708484103,0.2954545454545454,0.4800671309140045,21,242,0.08677685950413223
SC391_cnv_19_R63C24yesS_SC391_38_W_D1,12.928462,11.424309,3,0.8370563220839535,177.999288002848,0.8318231860664691,0.5634732014067192,1.7162585163125499,0.3853211009174312,0.5092675772733322,18,161,0.11180124223602485
SC391_cnv_19_R63C25yesS_SC391_38_W_D1,12.774423,11.220522,3,0.826510812339202,96.84917355371901,0.8288630466781893,0.4736355647841012,1.7266549838087109,0.34593023255813954,0.3800313958009562,34,242,0.14049586776859505
SC391_cnv_19_R63C32yesS_SC391_38_W_D2,-0.7309084,6.062308,0,0.5418823560823516,81.16224332440548,0.6128184381747587,0.1488881658068415,0.9555048094972542,0.16814159292035402,0.35261563629763654,0,136,0.0
SC391_cnv_19_R63C33yesS_SC391_38_W_D2,12.196785,11.4242,3,0.7329803747066604,57.82937443074209,0.7200344659905884,0.490364471641587,1.180696736114096,0.33582089552238803,0.5359402812517899,22,174,0.12643678160919541
SC391_cnv_19_R63C36yesS_SC391_38_W_D1,8.828468,9.954884,3,0.8593243826713475,105.20999915832,0.8706027758236718,0.38490498159215275,1.7688300776439005,0.28837209302325584,0.4870957292709645,28,275,0.10181818181818182
SC391_cnv_19_R63C37yesS_SC391_38_W_D1,12.46384,11.372165,3,0.7784160511831117,96.4506172839506,0.754985716160991,0.3827329461906891,1.4485041257549707,0.26027397260273966,0.40697163672427217,31,203,0.15270935960591134
SC391_cnv_19_R63C39yesS_SC391_38_W_D1,12.706145,11.717029,3,0.8935643016536847,0.0,0.0,0.5354464967829177,1.521873998313977,0.42465753424657526,0.5063305452929161,16,116,0.13793103448275862
SC391_cnv_19_R63C40yesS_SC391_38_W_D1,11.898956,11.517835,3,0.9391663868564807,100.5985614405714,0.8718389038845833,0.6751925575855163,2.2889071091491133,0.5655172413793104,0.5610819928271268,18,187,0.0962566844919786
SC391_cnv_19_R63C56yesS_SC391_38_W_D1,6.009318,9.153793,1,0.771965700887377,78.125,0.7438499711737135,0.31755003573609664,0.8890344436189614,0.16770186335403725,0.4086439664293556,27,263,0.10266159695817491
SC391_cnv_19_R63C64yesS_SC391_38_W_D2,-0.5855556,5.84423,0,0.5738650976218108,51.75715542673775,0.6500160842384943,0.03239636228900615,0.7236744593787878,0.07194244604316546,0.14020873258038377,1,201,0.004975124378109453
SC391_cnv_19_R63C7yesS_SC391_38_W_D1,10.55965,11.092808,3,0.7978692225926407,104.12328196584757,0.7932945067035477,0.43879355754162314,1.470895634775554,0.31088082901554404,0.4832271605957186,35,237,0.14767932489451477
SC391_cnv_19_R63C8yesS_SC391_38_W_D1,-0.7041808,6.792686,0,0.794495520235235,110.80332409972299,0.8223697157439012,0.3360976673099016,2.132295900560705,0.31088082901554404,0.4766899583549122,1,220,0.004545454545454545
SC391_cnv_19_R64C13yesS_SC391_38_W_D2,10.509772,10.685503,3,0.8045147246650676,95.75792396820836,0.8057344495927475,0.3731087078825,1.2014372998224063,0.23163841807909602,0.35113878610584226,33,260,0.12692307692307692
SC391_cnv_19_R64C20yesS_SC391_38_W_D1,12.553313,11.89742,3,0.8463814759657381,106.29251700680271,0.8725084035183366,0.3665512433601106,1.240312301544359,0.20481927710843384,0.3784628225217007,34,244,0.13934426229508196
SC391_cnv_19_R64C28yesS_SC391_38_W_D2,13.04653,11.790292,3,0.7878089292306053,105.01995379122033,0.7440399439212927,0.4072981842978069,1.1640002842222787,0.24460431654676262,0.4389070438846934,19,185,0.10270270270270271
SC391_cnv_19_R64C33yesS_SC391_38_W_D2,11.572285,11.943943,3,0.8776494865303511,171.46776406035664,0.876986198342005,0.3632949481775197,1.1818181818181808,0.3090909090909091,0.48228080847301236,19,139,0.1366906474820144
SC391_cnv_19_R64C37yesS_SC391_38_W_D1,10.026881,11.4234495,3,0.7732741453104527,102.04081632653062,0.7046602644579825,0.3609349602682862,0.9062644285673076,0.22535211267605637,0.36274682534958286,27,242,0.1115702479338843
SC391_cnv_19_R64C40yesS_SC391_38_W_D1,10.49613,10.642777,3,0.8380060680339705,105.03833899373271,0.844938842946325,0.38524677202578334,1.0223462500114295,0.22023809523809523,0.36807020229196163,20,266,0.07518796992481203
SC391_cnv_19_R64C44yesS_SC391_38_W_D1,12.429865,11.495355,3,0.8248216192590155,92.59259259259258,0.8326345837308615,0.3798562826101004,1.3412009864644525,0.22905027932960897,0.4186489896828718,34,270,0.1259259259259259
SC391_cnv_19_R64C45yesS_SC391_38_W_D2,11.152561,12.300847,3,0.8161479954154944,86.71522719389525,0.8265477062509111,0.3706278726335417,1.2502224928219798,0.26881720430107525,0.40667253274903886,34,283,0.12014134275618374
SC391_cnv_19_R64C4yesS_SC391_38_W_D1,12.241087,11.920733,3,0.7604841602527385,90.08603216071349,0.7517762548354548,0.3978402275715403,1.303574452213625,0.2781456953642384,0.46173638157378855,26,213,0.12206572769953052
SC391_cnv_19_R64C50yesS_SC391_38_W_D2,5.9627585,9.074496,1,0.7166614575797239,58.27166249053086,0.7140033102684303,0.3279588090245398,0.8897565210026096,0.21590909090909094,0.43999266638287104,19,202,0.09405940594059406
SC391_cnv_19_R64C58yesS_SC391_38_W_D1,11.063528,12.426039,3,0.8440779603251366,110.80332409972299,0.8342209844338598,0.40575836639376844,1.3420820310492552,0.2670157068062827,0.5161951735637659,25,270,0.09259259259259259
SC391_cnv_19_R64C59yesS_SC391_38_W_D1,10.89067,11.145292,3,0.8141719931197067,83.24661810613944,0.8394150769729272,0.36157137018209984,1.1968190925650706,0.19869706840390877,0.3965906945719976,23,226,0.10176991150442478
SC391_cnv_19_R64C62yesS_SC391_38_W_D1,11.635118,11.317812,3,1.0465457024989249,64.0,1.0583163994298015,0.47821820598458,1.9111653242406916,0.390625,0.49239569191850185,18,158,0.11392405063291139
SC391_cnv_19_R64C63yesS_SC391_38_W_D2,12.408384,11.621235,3,0.7914476461782146,86.71522719389525,0.7863631626840405,0.3870498102316685,1.1731601455231735,0.22994652406417115,0.4139814255965233,35,280,0.125
SC391_cnv_19_R64C67yesS_SC391_38_W_D2,11.623127,12.007054,3,0.8787502990264062,117.57592045149154,0.8941418049274085,0.4443701763816217,2.1716812061788993,0.32644628099173545,0.34963146349139707,38,333,0.11411411411411411
SC391_cnv_19_R64C6yesS_SC391_38_W_D1,12.167363,12.44438,3,0.9081663776338711,115.62030292519366,0.9142811802869742,0.4360740794068204,1.6643690017235993,0.34594594594594597,0.432691775939038,30,196,0.15306122448979592
SC391_cnv_19_R65C11yesS_SC391_38_W_D2,12.199393,11.873823,3,0.679321339614993,79.71938775510203,0.770111957990824,0.34096308654872876,0.789108017766034,0.21052631578947367,0.3264231073409172,18,176,0.10227272727272728
SC391_cnv_19_R65C24yesS_SC391_38_W_D1,12.884389,11.602336,3,0.687908906192034,100.0,0.7013417270611354,0.39305790695286436,0.9637330936747484,0.24752475247524752,0.37439877853487946,20,157,0.12738853503184713
SC391_cnv_19_R65C32yesS_SC391_38_W_D2,10.821721,11.528375,3,0.7226275134321585,96.11687812379854,0.6931499211175148,0.39678190365218313,0.9213247876649524,0.3047619047619048,0.45942953737380815,15,155,0.0967741935483871
SC391_cnv_19_R65C35yesS_SC391_38_W_D2,8.517354,10.302134,3,0.9582541309682633,106.55868719697372,0.9532028165587603,0.5669985094921743,1.3882094666995888,0.41007194244604317,0.46358052696845997,24,226,0.10619469026548672
SC391_cnv_19_R65C37yesS_SC391_38_W_D1,10.455725,10.637889,3,0.6932106078123628,71.81844297615628,0.7364694943677246,0.37523887607916245,1.109243697478993,0.24369747899159666,0.32685540133353075,19,180,0.10555555555555556
SC391_cnv_19_R65C39yesS_SC391_38_W_D1,12.16891,11.701297,3,0.74071019533539,56.532308214144386,0.7474083004307757,0.38340845944465607,1.184218082123421,0.24626865671641784,0.4626602813908363,16,160,0.1
SC391_cnv_19_R65C48yesS_SC391_38_W_D2,10.241393,11.371892,3,0.757382061479544,59.171597633136095,0.7363415418332123,0.34711677120824347,0.8297969931902045,0.2255639097744362,0.25930729933339197,23,175,0.13142857142857142
SC391_cnv_19_R65C56yesS_SC391_38_W_D1,11.697154,12.403956,3,0.831988946630284,86.56509695290859,0.8178941700070077,0.44430760862964275,1.9755698107151218,0.32484076433121023,0.4519734236007329,27,196,0.1377551020408163
SC391_cnv_19_R65C61yesS_SC391_38_W_D1,8.054791,11.205054,3,0.754164057104083,79.71938775510203,0.7002622093608636,0.43637930016307347,1.4058502325676838,0.3070175438596492,0.4427005604477932,12,139,0.08633093525179857
SC391_cnv_19_R65C65yesS_SC391_38_W_D2,-0.50052977,5.7363253,0,0.6852645361297776,44.44444444444445,0.6361160203495739,0.07578013805237384,0.9957241920665916,0.10666666666666669,0.25170219734858373,0,198,0.0
SC391_cnv_19_R65C7yesS_SC391_38_W_D1,12.21809,11.903307,3,0.9324601938750409,147.6843100189036,0.9523568103301692,0.3624392599291295,1.3894526704143453,0.2417582417582418,0.40754894803398206,25,208,0.1201923076923077
SC391_cnv_19_R66C0yesS_SC391_38_W_D1,12.858415,11.148015,3,0.8351937525885967,111.540749553837,0.8634736120971412,0.3609724751612791,1.2444766751688567,0.24539877300613488,0.43158912598027865,31,218,0.14220183486238533
SC391_cnv_19_R66C12yesS_SC391_38_W_D2,12.481997,11.691439,3,0.8133386009204238,67.18624025799515,0.8008007601114648,0.36234733262839935,1.10828841691596,0.22764227642276424,0.40307586128009,23,190,0.12105263157894737
SC391_cnv_19_R66C29yesS_SC391_38_W_D2,10.43671,10.635015,3,0.8405831531407075,111.540749553837,0.8551726692990379,0.3963893543118678,0.8589232240114586,0.17682926829268297,0.3161505990899353,24,273,0.08791208791208792
SC391_cnv_19_R66C30yesS_SC391_38_W_D2,10.364267,11.1371765,3,0.7730730036709202,82.1827744904668,0.7412938569566137,0.35467633409300103,0.9634088107720673,0.24683544303797467,0.38385146236383166,33,250,0.132
SC391_cnv_19_R66C32yesS_SC391_38_W_D2,12.753136,12.155075,3,0.8311135311582809,143.63688595231255,0.8440156551011524,0.5195765333489497,1.5933015492779594,0.31666666666666665,0.4751966948733284,10,160,0.0625
SC391_cnv_19_R66C33yesS_SC391_38_W_D2,12.746432,11.076475,3,0.5762154787435294,0.0,0.0,0.3285627299345083,0.8481165756239207,0.23943661971830976,0.31421053289127365,9,115,0.0782608695652174
SC391_cnv_19_R66C52yesS_SC391_38_W_D2,12.562235,11.205658,3,0.7419341035122757,102.03040506070809,0.74612237218685,0.3474271943390638,1.1098870687661109,0.21999999999999997,0.34470303286905973,22,147,0.14965986394557823
SC391_cnv_19_R66C54yesS_SC391_38_W_D1,-0.6098764,6.840006,0,0.6443266221918584,98.02960494069208,0.8197834570690573,0.10652565179442822,0.9337945803757381,0.13725490196078427,0.2921157706896392,0,119,0.0
SC391_cnv_19_R66C55yesS_SC391_38_W_D1,10.301063,11.543675,3,0.7549827226651428,118.34319526627219,0.7477611880477611,0.3317724576967078,1.0646026455527888,0.25,0.38085131271135975,23,195,0.11794871794871795
SC391_cnv_19_R66C60yesS_SC391_38_W_D1,12.375183,11.749905,3,0.8424640802070836,93.7013924026911,0.8339148763811007,0.38858713030834474,1.2942392552998165,0.20869565217391295,0.46754130782272957,46,308,0.14935064935064934
SC391_cnv_19_R66C61yesS_SC391_38_W_D1,11.90769,10.830547,3,0.8980567523499993,159.42183016261026,0.8982944365853663,0.5630022494690821,1.70149397477197,0.3846153846153846,0.5716721516006963,31,257,0.12062256809338522
SC391_cnv_19_R66C63yesS_SC391_38_W_D2,12.773451,11.494281,3,0.8354644112745143,89.84524157139327,0.8591185844948747,0.39620099759877014,1.344079977934079,0.24105011933174225,0.40033066795322986,42,317,0.13249211356466878
SC391_cnv_19_R66C65yesS_SC391_38_W_D2,11.850383,11.040983,3,0.8281358593560318,110.19283746556474,0.8577532755458929,0.4972759501843734,1.2149151042419266,0.2804878048780488,0.3932155110815614,23,266,0.08646616541353383
SC391_cnv_19_R66C67yesS_SC391_38_W_D2,11.347588,12.379737,3,0.848980538221458,116.439286615304,0.8567852650525069,0.3912409007629304,1.1021005006479494,0.2687224669603524,0.45167076048601834,36,316,0.11392405063291139
SC391_cnv_19_R67C11yesS_SC391_38_W_D2,12.792094,11.796509,3,0.8175969776282946,96.4506172839506,0.736960901863559,0.35760752207497404,0.9464116197073669,0.21379310344827585,0.33279052763838224,26,223,0.11659192825112108
SC391_cnv_19_R67C17yesS_SC391_38_W_D2,12.224082,12.392363,3,0.9900522518226376,95.75792396820836,0.9872796204353423,0.4776583864848623,2.2562379993027406,0.37569060773480656,0.44744025947097793,20,233,0.08583690987124463
SC391_cnv_19_R67C26yesS_SC391_38_W_D1,11.440861,12.240709,3,1.0124039918089982,100.5985614405714,1.0255646816988897,0.5401715073277286,1.4528610986049464,0.3776223776223777,0.49533795543508513,24,227,0.10572687224669604
SC391_cnv_19_R67C30yesS_SC391_38_W_D2,12.875615,11.515738,3,0.7848730456108618,87.71545107670717,0.7365488502767067,0.3563017468891879,1.1269150105098662,0.23529411764705888,0.4583326872267175,37,224,0.16517857142857142
SC391_cnv_19_R67C42yesS_SC391_38_W_D1,12.620119,12.1939,3,0.9240102320181783,101.4061654948621,0.9340801537682749,0.42725813123260903,1.9559624651398977,0.2899408284023668,0.37872596752208576,28,220,0.12727272727272726
SC391_cnv_19_R67C45yesS_SC391_38_W_D2,12.6594715,11.689305,3,0.8070655932172179,114.38702851096684,0.8035922699163223,0.3706130504530897,1.0427738927288162,0.20855614973262027,0.4204904052108059,43,271,0.15867158671586715
SC391_cnv_19_R67C47yesS_SC391_38_W_D2,12.416334,11.525169,3,0.8537881367323582,111.97894795778394,0.8581008138244592,0.3818908120314065,0.9706025822552744,0.2712765957446809,0.40528307301824085,28,268,0.1044776119402985
SC391_cnv_19_R67C70yesS_SC391_38_W_D2,10.418956,10.669625,3,0.8000527011148757,109.73936899862825,0.7546258565003472,0.3727503543109787,1.1046430585408107,0.2279411764705882,0.44014686126816455,24,195,0.12307692307692308
SC391_cnv_19_R68C12yesS_SC391_38_W_D2,12.908792,11.326511,3,0.7831125343675674,81.16224332440548,0.7918746847225181,0.41645480055489587,1.275299890971049,0.2589285714285714,0.42542741354289954,13,154,0.08441558441558442
SC391_cnv_19_R68C14yesS_SC391_38_W_D2,11.188067,12.249382,3,0.6623495344177882,96.11687812379854,0.6779273913514514,0.3763096040541681,1.0093440990088973,0.2761904761904761,0.4324489255198483,23,150,0.15333333333333332
SC391_cnv_19_R68C15yesS_SC391_38_W_D2,11.811979,11.860526,3,0.7288619571743885,182.61504747991233,0.48477797168896647,0.4217638160241189,0.8809081537009719,0.32000000000000006,0.32363533173843323,6,66,0.09090909090909091
SC391_cnv_19_R68C19yesS_SC391_38_W_D1,-0.6343961,5.9623423,0,0.5866331222243011,54.06574394463668,0.606835913083886,0.03380206021635834,0.7603097620417965,0.07352941176470584,0.1255778953468871,0,168,0.0
SC391_cnv_19_R68C20yesS_SC391_38_W_D1,12.444292,11.716502,3,0.7583490103160547,96.4506172839506,0.7033867462562924,0.3886133459113451,1.1467370863904287,0.2551724137931035,0.4470884982601992,30,209,0.14354066985645933
SC391_cnv_19_R68C22yesS_SC391_38_W_D1,11.650583,10.650361,3,0.5924406585171739,0.0,0.0,0.4129059607837311,0.9255960742643388,0.2650602409638554,0.37392303902772606,8,111,0.07207207207207207
SC391_cnv_19_R68C24yesS_SC391_38_W_D1,12.68044,11.0863085,3,0.7798403017027075,87.34387282732116,0.7765731187273521,0.3594017188890911,1.2186920798118046,0.25,0.3888576126685905,22,158,0.13924050632911392
SC391_cnv_19_R68C2yesS_SC391_38_W_D1,9.566033,10.304221,3,0.8945384112514155,150.55139448229139,0.8594004796128447,0.5974756461578864,1.1003709813639904,0.41033434650455924,0.48496523555792237,24,217,0.11059907834101383
SC391_cnv_19_R68C30yesS_SC391_38_W_D2,10.573267,11.725414,3,0.9018014632280594,150.55139448229139,0.9178856016117426,0.49864547615503696,1.1936890086559515,0.3067484662576687,0.47700146641485847,24,228,0.10526315789473684
SC391_cnv_19_R68C32yesS_SC391_38_W_D2,11.258316,11.483216,3,0.7361879236931196,82.64462809917356,0.7575371059666007,0.4048362886920231,0.972972972972971,0.26126126126126126,0.4170618590693484,24,147,0.16326530612244897
SC391_cnv_19_R68C34yesS_SC391_38_W_D2,6.680199,12.423948,3,0.965622580421141,189.37002903673778,0.9910724196438482,0.38114100359888003,1.472171960781822,0.2897727272727273,0.4701282030874668,26,214,0.12149532710280374
SC391_cnv_19_R68C41yesS_SC391_38_W_D1,9.224424,9.88226,3,0.8987264906438218,142.98378563870855,0.9114270058782158,0.2481275857900051,1.1821508004742343,0.17647058823529416,0.45251337698913635,15,221,0.06787330316742081
SC391_cnv_19_R68C42yesS_SC391_38_W_D1,13.076283,11.695917,3,0.8596810242734898,85.43722499893204,0.871846343456906,0.4422554212616958,0.9596938242509546,0.23178807947019864,0.3916617350353908,17,225,0.07555555555555556
SC391_cnv_19_R68C51yesS_SC391_38_W_D2,11.863631,11.775576,3,0.8198682890940092,93.82623381497467,0.8112442097420192,0.4149604885968422,1.2639289676853966,0.2635135135135135,0.4515464122525519,25,213,0.11737089201877934
SC391_cnv_19_R68C53yesS_SC391_38_W_D2,10.440827,11.437265,3,0.8533164890456707,93.3510700366403,0.841996683992526,0.34356472337269595,1.0287272533538678,0.23188405797101452,0.3433427735056458,39,285,0.1368421052631579
SC391_cnv_19_R68C57yesS_SC391_38_W_D1,12.705779,11.515188,3,0.5911386752046807,0.0,0.0,0.3556330907017101,0.9767441860465113,0.2558139534883721,0.42487957448467506,19,119,0.15966386554621848
SC391_cnv_19_R68C5yesS_SC391_38_W_D1,12.314205,11.895528,3,4.9611987750425765e-06,0.0,0.0,0.3831501720993969,0.7498086529581078,0.2272727272727273,0.30330186510955126,13,85,0.15294117647058825
SC391_cnv_19_R68C60yesS_SC391_38_W_D1,6.0354114,9.114889,1,0.8034325940373689,90.56877188745321,0.8054002562366822,0.3249893781944876,0.9894368925767987,0.16253443526170797,0.42072746521330195,22,255,0.08627450980392157
SC391_cnv_19_R68C61yesS_SC391_38_W_D1,12.488646,11.974097,3,0.8325689132844143,101.4061654948621,0.8346519351915844,0.41954682646181485,1.1999257704601627,0.3137829912023461,0.4676343580496788,23,220,0.10454545454545454
SC391_cnv_19_R68C64yesS_SC391_38_W_D2,12.576385,11.881972,3,0.870678743567721,152.41579027587258,0.8651596738694094,0.4989593688390904,1.3424465640228198,0.3459119496855345,0.44248986881439456,33,252,0.13095238095238096
SC391_cnv_19_R68C65yesS_SC391_38_W_D2,12.599581,11.216369,3,0.9152003740441677,92.55402841408673,0.911809382349723,0.3971494690774381,1.228261134482171,0.2751677852348994,0.45606988635260975,15,195,0.07692307692307693
SC391_cnv_19_R68C68yesS_SC391_38_W_D2,11.53892,10.544398,3,0.8107581758074518,93.82623381497467,0.7967168768848737,0.4909079436918495,1.443188269451508,0.3445945945945945,0.471638722555768,13,195,0.06666666666666667
SC391_cnv_19_R68C8yesS_SC391_38_W_D1,10.475735,10.665552,3,0.8217159169897862,115.73627560665098,0.8150228347229667,0.3684114401524379,0.973234934128218,0.21875,0.35485041762151187,16,202,0.07920792079207921
SC391_cnv_19_R69C10yesS_SC391_38_W_D2,12.495859,11.535703,3,0.7963434519709919,83.24661810613944,0.7850776993203298,0.35198052768935306,0.9894897116396911,0.22151898734177222,0.38607094397305625,20,217,0.09216589861751152
SC391_cnv_19_R69C12yesS_SC391_38_W_D2,13.075814,11.737602,3,0.7732351886389135,60.09254251547383,0.7559773941903862,0.46265310988609387,0.9723212638911602,0.22307692307692306,0.41937194305698705,28,213,0.13145539906103287
SC391_cnv_19_R69C23yesS_SC391_38_W_D1,12.370948,11.302083,3,0.8202941771634522,94.51795841209831,0.8411690937371638,0.36683769744849204,1.2393816715624593,0.22466960352422904,0.3969987730868946,27,322,0.08385093167701864
SC391_cnv_19_R69C24yesS_SC391_38_W_D1,11.70617,11.458027,3,0.7832362960797143,120.18508503094766,0.7869526338167507,0.3971736738680039,1.4589833928237865,0.2748091603053435,0.39019512288741504,22,213,0.10328638497652583
SC391_cnv_19_R69C28yesS_SC391_38_W_D2,12.24615,11.912521,3,0.8807345818332966,112.30655196424159,0.8845895491374803,0.4767424784594171,1.204798171001963,0.33175355450236965,0.4810938050930783,24,269,0.08921933085501858
SC391_cnv_19_R69C32yesS_SC391_38_W_D2,12.34765,12.373814,3,0.8300991507915917,122.0703125,0.8134903890092574,0.4684784908424521,1.789547244093594,0.3257575757575757,0.43331736554497335,21,185,0.11351351351351352
SC391_cnv_19_R69C35yesS_SC391_38_W_D2,11.449957,12.030293,3,0.9352515640301117,151.42867127165138,0.9309591836309303,0.3730273846550489,1.3172057348886352,0.2773972602739726,0.3851768756008431,40,402,0.09950248756218906
SC391_cnv_19_R69C36yesS_SC391_38_W_D1,12.417994,12.111895,3,0.920473653451839,133.5453872209205,0.9146979931498889,0.43229551247639647,1.761155178627377,0.2692307692307693,0.4506015643146972,40,382,0.10471204188481675
SC391_cnv_19_R69C37yesS_SC391_38_W_D1,12.981632,11.751955,3,0.7458027369840955,99.18666931164451,0.6977309571233425,0.3750495030433831,0.907825099041497,0.20833333333333337,0.3582765689889574,24,224,0.10714285714285714
SC391_cnv_19_R69C38yesS_SC391_38_W_D1,12.97517,11.805618,3,0.8011097587381175,78.09246147438567,0.8105021453346932,0.425889262303699,1.2803110220801808,0.2564102564102564,0.43843953549904063,31,316,0.0981012658227848
SC391_cnv_19_R69C39yesS_SC391_38_W_D1,10.500054,10.610221,3,0.846478755878118,87.65522279035793,0.865652268007488,0.4014282986159655,1.3880749433265231,0.2622950819672131,0.386315918161589,25,284,0.0880281690140845
SC391_cnv_19_R69C3yesS_SC391_38_W_D1,13.108398,11.705832,3,0.693901489715787,98.02960494069208,0.7234477731347189,0.4507449328224528,0.8871151698262023,0.24271844660194164,0.40774461976104087,16,161,0.09937888198757763
SC391_cnv_19_R69C41yesS_SC391_38_W_D1,11.973916,11.37525,3,0.9414859559442861,114.41429415915027,0.9265176801859217,0.3970914093226556,1.689059633689665,0.2735229759299782,0.45580407193124545,24,317,0.07570977917981073
SC391_cnv_19_R69C44yesS_SC391_38_W_D1,11.230469,12.347618,3,0.8695010896191016,111.10934747067508,0.8633487063122531,0.37398228378119663,1.031281000596541,0.21370967741935487,0.3907742300813965,47,387,0.12144702842377261
SC391_cnv_19_R69C48yesS_SC391_38_W_D2,12.938662,11.968102,3,0.9369919451041747,136.26247180123846,0.9415475634023305,0.41594685817441257,1.2677165354330717,0.22834645669291342,0.4585234957610419,44,357,0.12324929971988796
SC391_cnv_19_R69C51yesS_SC391_38_W_D2,10.509312,10.559232,3,0.8369327157999078,96.84917355371901,0.8225736839656483,0.36666490746790026,1.001973543650338,0.19999999999999996,0.31860297684408934,26,270,0.0962962962962963
SC391_cnv_19_R69C56yesS_SC391_38_W_D1,11.461991,12.315568,3,0.7972516112184301,93.7013924026911,0.8199415177005336,0.3660327412651427,1.1297256886046942,0.2103004291845494,0.4025918159952694,27,298,0.09060402684563758
SC391_cnv_19_R69C57yesS_SC391_38_W_D1,11.813966,11.844419,3,0.797816567018314,76.27619610610019,0.7904947822007797,0.4297728233664305,0.9865876941661933,0.31304347826086953,0.4386095514563309,33,296,0.11148648648648649
SC391_cnv_19_R69C58yesS_SC391_38_W_D1,12.467379,11.508052,3,0.8369827405767897,86.80555555555556,0.8437225958900855,0.43953200403242865,1.4520976362785207,0.28691983122362874,0.49271135505513236,37,344,0.10755813953488372
SC391_cnv_19_R69C66yesS_SC391_38_W_D2,12.221047,11.8166485,3,0.7960210462927004,94.25959091337543,0.7920141578898516,0.4521685161530631,2.021584355785091,0.3091787439613527,0.5587339172224701,21,314,0.06687898089171974
SC391_cnv_19_R69C69yesS_SC391_38_W_D2,10.391273,11.270263,3,0.8382765450782398,106.82048816963093,0.8389191934082212,0.4140362354189499,1.9404423601163983,0.30212765957446813,0.48755345510063,21,306,0.06862745098039216
SC391_cnv_19_R69C70yesS_SC391_38_W_D2,10.527548,10.609138,3,0.8413790287363989,108.86921178690666,0.84108568928743,0.47506482528551197,1.5665790848449865,0.3109756097560976,0.44696236043047666,24,240,0.1
SC391_cnv_19_R69C9yesS_SC391_38_W_D2,11.3897915,11.991422,3,0.8561946831157591,114.73716992574866,0.8645996108451202,0.37687896436551455,1.2042563244099187,0.22821576763485485,0.39215509457037645,39,340,0.11470588235294117
SC391_cnv_19_R6C10yesS_SC391_37_W_A2,9.922202,7.2253346,3,0.7554213453481639,73.05135510263716,0.7721101327315418,0.4323307874735407,1.0832637539164116,0.20512820512820507,0.40723767737325756,13,209,0.06220095693779904
SC391_cnv_19_R6C12yesS_SC391_37_W_A2,9.827431,6.891101,3,0.7887402883679002,96.4506172839506,0.7204947387272707,0.430010600749137,0.896606475175538,0.2191780821917808,0.2877083627253715,26,223,0.11659192825112108
SC391_cnv_19_R6C22yesS_SC391_37_W_A1,10.972977,8.350117,3,0.6686003561768135,82.64462809917356,0.7610617230777696,0.38089383208733196,0.9194484367129969,0.18018018018018023,0.3313690160080403,20,151,0.13245033112582782
SC391_cnv_19_R6C24yesS_SC391_37_W_A1,6.801188,6.8467894,2,0.8841967378152319,167.07507239919804,0.8810074500151379,0.5211335966030338,1.8620046482377355,0.38235294117647056,0.47805557600515913,22,173,0.12716763005780346
SC391_cnv_19_R6C25yesS_SC391_37_W_A1,10.820411,6.9367943,3,0.776753265403246,91.30752373995617,0.7600545672786589,0.3790101828793142,1.061382744059886,0.2533333333333333,0.3722976311991124,23,215,0.10697674418604651
SC391_cnv_19_R6C35yesS_SC391_37_W_A2,-0.822064,6.8221703,0,0.6888091143715565,69.44444444444444,0.8122368854047565,0.06574829528544855,0.9432875689196029,0.10833333333333328,0.22274450286148548,1,179,0.00558659217877095
SC391_cnv_19_R6C3yesS_SC391_37_W_A1,10.201365,6.876771,3,0.8610944078593569,156.62933667475917,0.8376479798973061,0.4312800144718452,1.0341423836402028,0.27826086956521734,0.3962678319739178,16,163,0.09815950920245399
SC391_cnv_19_R6C40yesS_SC391_37_W_A1,6.833067,7.0619507,2,0.8905270854806415,106.28122010840686,0.8905648036079473,0.46859969851427363,2.170662631175791,0.30051813471502586,0.45704293287360953,32,242,0.1322314049586777
SC391_cnv_19_R6C42yesS_SC391_37_W_A1,7.1454387,5.931246,2,0.7696048669080153,93.82623381497467,0.7387176435949352,0.41730521583287594,1.2704319114430858,0.2432432432432432,0.36012751106638635,25,242,0.10330578512396695
SC391_cnv_19_R6C44yesS_SC391_37_W_A1,10.275269,8.3658495,3,0.847122847387971,105.03833899373271,0.865694189191579,0.48282158896095795,1.119964817412391,0.18452380952380953,0.32731042848142544,25,244,0.10245901639344263
SC391_cnv_19_R6C46yesS_SC391_37_W_A2,10.141314,8.275903,3,0.733809264830928,64.0,0.7512242250461041,0.3709168924383654,0.9303486538585091,0.22222222222222232,0.38712713634532714,15,176,0.08522727272727272
SC391_cnv_19_R6C51yesS_SC391_37_W_A2,10.299688,6.2348757,3,0.8979572853350175,142.6872770511296,0.8769353304241919,0.5617251889855109,1.5931223515724897,0.3825503355704698,0.4497478829255531,17,210,0.08095238095238096
SC391_cnv_19_R6C57yesS_SC391_37_W_A1,9.9081545,7.516878,3,0.9913605811768751,224.0,0.9937077324891982,0.3970104957134353,1.3116909062774593,0.19635627530364375,0.39523749633625566,35,320,0.109375
SC391_cnv_19_R6C62yesS_SC391_37_W_A1,9.682599,6.8542013,3,0.6831379742073683,113.17338162064283,0.6432332117388051,0.44580295789320123,0.9313543625233867,0.21052631578947367,0.3908831356142862,23,158,0.14556962025316456
SC391_cnv_19_R6C63yesS_SC391_37_W_A2,6.900209,5.808781,2,0.8332491788980465,87.65522279035793,0.8118340007196554,0.3953175820718136,1.1547854733518357,0.23913043478260865,0.3756625830504681,34,267,0.12734082397003746
SC391_cnv_19_R6C66yesS_SC391_37_W_A2,7.811544,6.59103,2,0.7793343742646514,62.00012400024801,0.6991024089245054,0.4734843395972467,1.2497701248878517,0.4031007751937985,0.4479748371240977,28,174,0.16091954022988506
SC391_cnv_19_R6C69yesS_SC391_37_W_A2,10.924384,8.394755,3,0.7360790210680941,75.61436672967864,0.740419221098171,0.35237306279618974,1.0199000871205566,0.2068965517241379,0.34989549608372206,19,164,0.11585365853658537
SC391_cnv_19_R6C6yesS_SC391_37_W_A1,9.166732,6.8782067,3,0.9332220673283751,169.76007243096424,0.9358445356518295,0.43038174914444816,1.3977391517749966,0.2625994694960212,0.4440732296549145,17,218,0.0779816513761468
SC391_cnv_19_R6C8yesS_SC391_37_W_A1,7.291847,6.7125893,2,0.9213100572649662,145.15894904920887,0.9176460106731419,0.49298148034033734,1.548505765532482,0.35902636916835695,0.45815440469486773,36,370,0.0972972972972973
SC391_cnv_19_R6C9yesS_SC391_37_W_A2,7.1335316,6.4875336,2,0.9335311654012376,156.25,0.920834081787275,0.43094779088984386,1.5489676780365476,0.24369747899159666,0.4541953143759845,36,317,0.11356466876971609
SC391_cnv_19_R70C11yesS_SC391_38_W_D2,5.9712334,9.130273,1,0.709751438497602,68.30134553650706,0.7276858623211363,0.3191286907933334,1.0231296793137923,0.20491803278688525,0.38926760449791065,18,205,0.08780487804878048
SC391_cnv_19_R70C12yesS_SC391_38_W_D2,11.393085,11.56894,3,0.875874929929824,132.1178491214163,0.8833814062869275,0.40588431296692606,1.7021661568095188,0.2857142857142857,0.46320743135457776,29,218,0.13302752293577982
SC391_cnv_19_R70C13yesS_SC391_38_W_D2,9.0068445,10.15828,3,0.7742228194464498,93.82623381497467,0.7358855575271205,0.36017250719299004,1.3388369597226195,0.23129251700680276,0.40993928001272195,23,232,0.09913793103448276
SC391_cnv_19_R70C14yesS_SC391_38_W_D2,11.187208,12.393363,3,0.7888547644774229,105.01995379122033,0.7784807070331075,0.42108340664613964,1.2987827679159825,0.2836879432624113,0.3970884846617418,28,215,0.13023255813953488
SC391_cnv_19_R70C15yesS_SC391_38_W_D2,12.543054,12.349959,3,0.7161095793218658,115.62030292519366,0.6703544527591992,0.42120249395603676,1.394165250399286,0.3157894736842105,0.38301736639734646,13,142,0.09154929577464789
SC391_cnv_19_R70C16yesS_SC391_38_W_D2,11.115299,12.327454,3,0.8581323298645078,147.6843100189036,0.8538470076931615,0.4361884600417472,1.5595320589010793,0.2810810810810811,0.38433738489652053,26,269,0.09665427509293681
SC391_cnv_19_R70C1yesS_SC391_38_W_D1,10.785841,11.815348,3,0.8951130877558783,122.09639510393454,0.9041424366002222,0.48003071044156786,2.0159955193956742,0.3370165745856354,0.3778330540848345,21,261,0.08045977011494253
SC391_cnv_19_R70C30yesS_SC391_38_W_D2,9.390336,8.743874,3,0.8546065264093522,89.58165367732688,0.8359742793844448,0.7111800303692831,2.0973953944832786,0.4919786096256684,0.45917331565597014,25,240,0.10416666666666667
SC391_cnv_19_R70C33yesS_SC391_38_W_D2,10.269425,11.488739,3,0.7604174570249901,76.94675284702986,0.8028835724079748,0.34451820168258673,1.0153328140114537,0.2564102564102564,0.42845217065164465,27,179,0.15083798882681565
SC391_cnv_19_R70C34yesS_SC391_38_W_D2,11.760637,11.97177,3,0.9297274425751918,162.32448664881096,0.9325772273217068,0.3772382697044855,1.2220912081424848,0.22972972972972971,0.4417356180931138,47,345,0.13623188405797101
SC391_cnv_19_R70C35yesS_SC391_38_W_D2,11.136318,12.265255,3,0.8376212293513862,103.30578512396694,0.8586072785398828,0.36906486440593467,1.1877102608350238,0.23853211009174313,0.3901051907006867,29,349,0.0830945558739255
SC391_cnv_19_R70C39yesS_SC391_38_W_D1,12.758748,11.966254,3,0.8699383025468044,106.18191084966766,0.8795173206833249,0.40190042419103744,1.468529122920129,0.2559241706161137,0.38219135875578547,22,283,0.07773851590106007
SC391_cnv_19_R70C3yesS_SC391_38_W_D1,10.437858,10.832184,3,0.6909225272162102,108.50694444444444,0.6877289479755951,0.3695728329173865,1.0032627654311859,0.25257731958762886,0.38672764430431544,10,116,0.08620689655172414
SC391_cnv_19_R70C42yesS_SC391_38_W_D1,-0.9138936,6.3373413,0,0.6673160775712931,43.857725538353584,0.5808910003579683,0.03302019448630891,0.7383521722140455,0.07236842105263153,0.10259715996183907,2,188,0.010638297872340425
SC391_cnv_19_R70C43yesS_SC391_38_W_D1,13.15694,11.7334795,3,0.7789492160007754,86.56509695290859,0.7392423884550198,0.4711477941859613,1.0405021038417812,0.23376623376623373,0.4021574838534631,30,278,0.1079136690647482
SC391_cnv_19_R70C45yesS_SC391_38_W_D2,12.491664,11.372562,3,0.9239918441986532,123.4567901234568,0.9306054962450105,0.3908301268488324,1.1837793093500972,0.21804511278195493,0.4343419903605739,44,345,0.12753623188405797
SC391_cnv_19_R70C46yesS_SC391_38_W_D2,10.780623,11.266811,3,0.8686011954555407,109.17984103415145,0.8722082510935443,0.3915344935602503,1.0577578630697686,0.24038461538461542,0.41946927111413407,34,311,0.10932475884244373
SC391_cnv_19_R70C50yesS_SC391_38_W_D2,11.678794,10.718001,3,0.7960589784738538,97.9591836734694,0.8175509889450406,0.4116856181968736,1.1243210945042672,0.29714285714285715,0.4229893862414516,26,285,0.0912280701754386
SC391_cnv_19_R70C51yesS_SC391_38_W_D2,12.278772,11.488666,3,0.8606298839630004,122.48772570915291,0.876980398112371,0.4096384844065617,1.567502745473457,0.2645161290322581,0.37762504900997906,24,221,0.1085972850678733
SC391_cnv_19_R70C52yesS_SC391_38_W_D2,12.559044,11.565446,3,0.726886095526196,62.98815822625347,0.7256115654542441,0.3530479525044525,0.8377972886534069,0.21875,0.3898399970985435,24,186,0.12903225806451613
SC391_cnv_19_R70C56yesS_SC391_38_W_D1,11.086811,12.340967,3,0.8529644836091246,105.20999915832,0.8671109867719234,0.4155860786278605,1.5779903171383647,0.3009259259259258,0.4864990140941865,36,323,0.11145510835913312
SC391_cnv_19_R70C64yesS_SC391_38_W_D2,12.279847,11.246035,3,0.8509517136597726,114.91556100340436,0.8440516865118557,0.4019242566896963,1.3575355822856259,0.24561403508771928,0.5086229103513792,41,333,0.12312312312312312
SC391_cnv_19_R70C68yesS_SC391_38_W_D2,12.655737,11.737266,3,0.8386667352613645,85.33333333333334,0.8330410567133802,0.4390488697875391,1.367959627940345,0.31016042780748665,0.4746815352767768,28,258,0.10852713178294573
SC391_cnv_19_R70C6yesS_SC391_38_W_D1,11.046003,10.524015,3,0.6964654142522304,57.3921028466483,0.6036088231124174,0.5033376032555101,0.7560179667680171,0.4477611940298507,0.49822587054352785,21,195,0.1076923076923077
SC391_cnv_19_R70C71yesS_SC391_38_W_D2,-0.27840889,5.561807,0,0.8110085842301364,65.3061224489796,0.7810792332574512,0.31214124088916617,2.0498767330819305,0.2752808988764044,0.4766111035172036,0,224,0.0
SC391_cnv_19_R70C7yesS_SC391_38_W_D1,10.300583,10.951541,3,0.8467125813323705,103.80622837370242,0.8597084078161771,0.38154802816714123,1.1943138654764045,0.242603550295858,0.4073463536980372,20,240,0.08333333333333333
SC391_cnv_19_R71C13yesS_SC391_38_W_D2,5.9781137,9.177835,1,0.7007772041966096,54.06574394463668,0.6693352116453649,0.3043320274167769,0.8664328345398176,0.15328467153284675,0.39714569033817215,23,194,0.11855670103092783
SC391_cnv_19_R71C15yesS_SC391_38_W_D2,11.281418,11.408358,3,0.6221774457084023,0.0,0.0,0.3707929161889265,0.8938427465538026,0.28915662650602414,0.36690320260593856,14,114,0.12280701754385964
SC391_cnv_19_R71C19yesS_SC391_38_W_D1,11.4243,11.549743,3,0.8185259703861388,126.24668602449185,0.7411246570376169,0.4597371093343001,0.7601420596570663,0.3259668508287292,0.4503955802956792,8,85,0.09411764705882353
SC391_cnv_19_R71C21yesS_SC391_38_W_D1,11.599186,10.635398,3,0.9372167499196964,146.7064404127341,0.9419823198396405,0.4207510416680357,1.3196276106890075,0.27464788732394363,0.3923828491289033,18,180,0.1
SC391_cnv_19_R71C25yesS_SC391_38_W_D1,11.211725,12.110777,3,0.771129825116327,105.01995379122033,0.7282509805475247,0.45708780462069826,1.0218155377142375,0.30714285714285716,0.38622872181759393,22,216,0.10185185185185185
SC391_cnv_19_R71C28yesS_SC391_38_W_D2,12.989711,11.678327,3,0.7262907678742373,70.61648188687239,0.7504719008588555,0.3775733038286666,0.9793704537429173,0.21666666666666667,0.3805384969913399,24,178,0.1348314606741573
SC391_cnv_19_R71C29yesS_SC391_38_W_D2,13.051985,11.64116,3,0.8443828891102005,115.73627560665098,0.8434525317807263,0.3992837680612742,1.363525744780741,0.2767295597484276,0.44953341140185066,31,218,0.14220183486238533
SC391_cnv_19_R71C31yesS_SC391_38_W_D2,12.137102,11.857242,3,0.6230902502202158,0.0,0.0,0.4766854830275783,0.7893363093828982,0.31666666666666665,0.46967628757118274,8,72,0.1111111111111111
SC391_cnv_19_R71C32yesS_SC391_38_W_D2,8.868788,7.4579225,2,0.692140985865139,39.0625,0.682860079091926,1.5238966790473127,0.7071067811865476,1.0,0.4981784015880506,13,133,0.09774436090225563
SC391_cnv_19_R71C35yesS_SC391_38_W_D2,10.598586,10.748777,3,0.9302432988891618,179.16330735465377,0.9497758753768006,0.3813542936809255,1.1948678933002124,0.2802197802197802,0.46770702609662584,30,227,0.13215859030837004
SC391_cnv_19_R71C45yesS_SC391_38_W_D2,12.337997,12.340225,3,0.9044555321593388,132.1178491214163,0.9287995320061703,0.4711218364087006,1.8372772262663297,0.313953488372093,0.5286552320162307,23,218,0.10550458715596331
SC391_cnv_19_R71C46yesS_SC391_38_W_D2,12.009066,12.459892,3,0.8928843480916389,144.52537865649208,0.9049486905055291,0.47284851346037726,2.1779237192455962,0.33870967741935487,0.4466704814081206,25,257,0.09727626459143969
SC391_cnv_19_R71C54yesS_SC391_38_W_D1,11.642129,10.6556015,3,0.766909970395423,69.44444444444444,0.7408735052728856,0.399281606962397,0.860455731146178,0.2479338842975206,0.3794655842031591,19,172,0.11046511627906977
SC391_cnv_19_R71C58yesS_SC391_38_W_D1,12.316638,10.839797,3,0.8947020692458245,127.67723195761117,0.8856627977505563,0.45423616611268497,0.9679352339704137,0.32577903682719545,0.45892562337895915,30,212,0.14150943396226415
SC391_cnv_19_R71C59yesS_SC391_38_W_D1,-0.6080443,6.0938854,0,0.5789200611378305,94.25959091337543,0.7884656072776536,0.06773884874067233,0.738247217848558,0.10679611650485432,0.24246686057882744,1,134,0.007462686567164179
SC391_cnv_19_R71C5yesS_SC391_38_W_D1,10.5205145,10.599396,3,0.7246615445447065,104.12328196584757,0.7046273432087641,0.360337083773953,0.8307699992095401,0.2222222222222222,0.323803582419363,10,155,0.06451612903225806
SC391_cnv_19_R71C60yesS_SC391_38_W_D1,11.180561,11.636575,3,0.9471334733617951,166.5675193337299,0.9543933325485857,0.46227928634309,1.179922836694716,0.3317073170731707,0.40104985860831,25,247,0.10121457489878542
SC391_cnv_19_R71C68yesS_SC391_38_W_D2,9.717496,10.112381,3,0.7868174666505416,100.5985614405714,0.7753850438647764,0.38107108649734717,1.2921141325337246,0.2847222222222222,0.42907991393612765,16,187,0.0855614973262032
SC391_cnv_19_R71C69yesS_SC391_38_W_D2,10.262936,11.406936,3,0.7720279719461358,73.05135510263716,0.7785763778424309,0.3178596905380626,0.8732247534283053,0.23849372384937229,0.27706964070172113,21,171,0.12280701754385964
SC391_cnv_19_R7C11yesS_SC391_37_W_A2,7.8280034,6.2432795,2,0.9295400015996459,160.2307322544464,0.9272771975311039,0.4506576210509067,1.3037891371989083,0.2993630573248408,0.45841056158540194,18,189,0.09523809523809523
SC391_cnv_19_R7C12yesS_SC391_37_W_A2,7.5832815,6.701226,2,0.782539288221459,99.18666931164451,0.7803008219630335,0.3951583007543318,1.2785580637153435,0.3287671232876712,0.42422228571339865,29,202,0.14356435643564355
SC391_cnv_19_R7C14yesS_SC391_37_W_A2,9.730906,7.1696424,3,0.7039571068410377,73.05135510263716,0.780881397137753,0.3941880313671793,0.9228342737519347,0.19491525423728817,0.29510662758072015,17,176,0.09659090909090909
SC391_cnv_19_R7C15yesS_SC391_37_W_A2,7.6120677,6.3176146,2,0.6202844544559355,0.0,0.0,0.32429602161528354,0.9718022902005674,0.25316455696202533,0.3276468160969111,13,147,0.08843537414965986
SC391_cnv_19_R7C19yesS_SC391_37_W_A1,7.53776,9.030821,3,0.843749258116492,184.91124260355028,0.8293136672654656,0.4677147273850307,1.0081988564466153,0.3113207547169812,0.41587399611916953,11,121,0.09090909090909091
SC391_cnv_19_R7C20yesS_SC391_37_W_A1,9.869085,7.278815,3,0.8623144173172366,79.11079466793244,0.8771978455178804,0.40227711555265977,1.0431103685806007,0.2435897435897436,0.36955281535048673,30,248,0.12096774193548387
SC391_cnv_19_R7C23yesS_SC391_37_W_A1,10.151474,7.1041975,3,0.8745568088993289,115.73627560665098,0.8788373982392857,0.47393386706829244,1.3113238405018386,0.30000000000000004,0.5131497059699295,20,227,0.0881057268722467
SC391_cnv_19_R7C32yesS_SC391_37_W_A2,7.76146,6.135634,2,0.6461006548798164,118.14744801512288,0.535368332609783,0.38442133038775,1.170116046164575,0.2872340425531914,0.3808334367919289,17,132,0.12878787878787878
SC391_cnv_19_R7C36yesS_SC391_37_W_A1,6.835589,6.603932,2,0.9321573324707486,158.73015873015873,0.9323673143484834,0.43880644996000784,1.610000459476082,0.2961165048543689,0.4570033984802404,37,267,0.13857677902621723
SC391_cnv_19_R7C41yesS_SC391_37_W_A1,9.986752,9.447661,3,0.8402528767940518,136.96128560993427,0.8418583604566733,0.5071329379301233,1.8034357349697345,0.4144736842105263,0.4677532342349474,24,200,0.12
SC391_cnv_19_R7C43yesS_SC391_37_W_A1,7.5079107,6.156253,2,0.9751045373210225,200.28841531805801,0.976143653051979,0.6505352185503095,1.9248759900519048,0.39490445859872614,0.36023926399478373,25,221,0.11312217194570136
SC391_cnv_19_R7C46yesS_SC391_37_W_A2,7.584704,6.077823,2,0.6341900706040623,0.0,0.0,0.38183695908727855,1.1353259011597243,0.2804878048780488,0.3456894932721613,14,104,0.1346153846153846
SC391_cnv_19_R7C47yesS_SC391_37_W_A2,7.358841,6.187109,2,0.604738737760066,0.0,0.0,0.4103900315103083,1.0513930932260096,0.27941176470588236,0.4201253922768474,10,112,0.08928571428571429
SC391_cnv_19_R7C53yesS_SC391_37_W_A2,10.207309,7.074783,3,0.9072149333668521,140.02660505496044,0.9108193401646804,0.5552484965484625,1.357887378057506,0.27450980392156865,0.49046931532460225,34,297,0.11447811447811448
SC391_cnv_19_R7C55yesS_SC391_37_W_A1,-0.7836165,6.8442826,0,0.6390769373814611,0.0,0.0,0.10089159685137732,1.0041786844182299,0.12765957446808507,0.2262086327267064,0,88,0.0
SC391_cnv_19_R7C61yesS_SC391_37_W_A1,10.553627,8.413304,3,0.8416239288292973,172.1763085399449,0.824888530404212,0.5461263235520848,1.3678641082775074,0.3851851851851852,0.4381308499039412,19,178,0.10674157303370786
SC391_cnv_19_R7C69yesS_SC391_37_W_A2,10.043176,6.6092424,3,5.879561651217123e-05,0.0,0.0,0.37455237690624005,1.0423146132940957,0.23809523809523814,0.3187695002245949,3,75,0.04
SC391_cnv_19_R7C7yesS_SC391_37_W_A1,10.014234,8.26265,3,0.7841598769697503,81.13919428780072,0.7519422337041997,0.3631576660645478,1.3242224638604583,0.22784810126582283,0.401677080394116,34,232,0.14655172413793102
SC391_cnv_19_R7C9yesS_SC391_37_W_A2,7.0500116,5.8995857,2,0.8409399184101992,108.86921178690666,0.8329824145017519,0.3923912289843005,1.0400259968911612,0.23926380368098155,0.3886653393494656,42,237,0.17721518987341772
SC391_cnv_19_R8C10yesS_SC391_37_W_A2,6.770042,5.8334923,2,0.8463943764938359,111.540749553837,0.8671450532496434,0.38726946167215726,1.0467266798976826,0.22981366459627328,0.33149367740813174,41,267,0.15355805243445692
SC391_cnv_19_R8C14yesS_SC391_37_W_A2,11.73044,5.8639317,3,0.7797360713184297,91.30752373995617,0.7664507866665087,0.43278629203136837,1.1459026835993016,0.261744966442953,0.40155810891611843,23,224,0.10267857142857142
SC391_cnv_19_R8C20yesS_SC391_37_W_A1,10.735883,8.321658,3,0.8116703593071292,70.01330252748022,0.7826725993972736,0.5656595524983185,1.155188582941049,0.4339622641509434,0.4423407603048559,32,315,0.10158730158730159
SC391_cnv_19_R8C25yesS_SC391_37_W_A1,11.790689,8.350931,3,0.8518143026250813,99.64923469387756,0.8422269884868937,0.5348842970790124,0.8811630666666144,0.14798206278026904,0.23130149592318405,35,349,0.10028653295128939
SC391_cnv_19_R8C27yesS_SC391_37_W_A2,10.909366,6.963382,3,0.8431132276666983,99.08838684106223,0.8578477562814788,0.5246295922108836,1.6138831178715944,0.32947976878612717,0.4975428457516802,35,264,0.13257575757575757
SC391_cnv_19_R8C28yesS_SC391_37_W_A2,6.8880615,6.081598,2,0.8772862575550096,76.20789513793629,0.8853029238323156,0.3664329890739563,0.9656199135575332,0.2278481012658229,0.34262206842792664,28,216,0.12962962962962962
SC391_cnv_19_R8C32yesS_SC391_37_W_A2,-0.89630234,6.6059136,0,0.5002700944232326,0.0,0.0,0.024493421096274476,0.6395533034498107,0.08421052631578951,0.08357015685342208,0,143,0.0
SC391_cnv_19_R8C34yesS_SC391_37_W_A2,-0.9684658,6.365577,0,0.8004385187830844,80.53907487449328,0.790508963207065,0.047909162185528445,0.8847816762381413,0.07772020725388606,0.1622768935656092,2,251,0.00796812749003984
SC391_cnv_19_R8C35yesS_SC391_37_W_A2,8.133518,10.184648,3,0.7971516106239405,59.171597633136095,0.6548289218003404,0.7990109763656233,0.9368976572741201,0.7703703703703704,0.5187293576956168,33,310,0.1064516129032258
SC391_cnv_19_R8C36yesS_SC391_37_W_A1,10.629072,7.9938006,3,0.859301065321514,88.16592827701734,0.8820683770973352,0.44079924535901044,1.5410861191192464,0.2559241706161137,0.40584927797589393,39,321,0.12149532710280374
SC391_cnv_19_R8C37yesS_SC391_37_W_A1,7.7957387,6.086341,2,0.8148991432520281,92.55402841408673,0.7861736994184358,0.41480878557048173,1.4486193216399044,0.29054054054054057,0.47237422402199203,11,192,0.057291666666666664
SC391_cnv_19_R8C39yesS_SC391_37_W_A1,8.00819,10.703504,3,0.8769541073854826,125.1016450866329,0.867923507435519,0.6274480756947896,1.6627712576777451,0.38009049773755654,0.3731397601534358,41,332,0.12349397590361445
SC391_cnv_19_R8C44yesS_SC391_37_W_A1,10.5965,8.142454,3,0.8518603025339762,112.30655196424159,0.8467241566233461,0.44248869611588393,1.8727890289452116,0.31924882629107976,0.48786782889809194,39,292,0.13356164383561644
SC391_cnv_19_R8C47yesS_SC391_37_W_A2,7.834292,5.893271,2,0.8623348552342565,120.1730491908348,0.8692320958121428,0.3844955007594842,1.2593515131796162,0.24840764331210186,0.3883427042877047,22,232,0.09482758620689655
SC391_cnv_19_R8C48yesS_SC391_37_W_A2,7.202687,6.111867,2,0.7726691861913759,92.55402841408673,0.746997319376813,0.35976866401476615,1.0754182818230498,0.22818791946308725,0.34158628268765023,27,241,0.11203319502074689
SC391_cnv_19_R8C4yesS_SC391_37_W_A1,11.679548,8.381219,3,0.9273622056259297,148.720999405116,0.9090198953548417,0.7295169762158445,1.8111045606344955,0.473469387755102,0.48140077577780443,40,374,0.10695187165775401
SC391_cnv_19_R8C53yesS_SC391_37_W_A2,11.28423,7.6162343,3,0.855948462266796,100.6700148767911,0.8486484968982455,0.4567847873318022,1.467770184051989,0.21212121212121215,0.3981052420390716,54,462,0.11688311688311688
SC391_cnv_19_R8C58yesS_SC391_37_W_A1,7.7172136,11.931747,3,0.9215121833431448,152.46762994933385,0.9180223275293173,0.49698197406910666,1.3657351777745885,0.306368330464716,0.45650159153848463,49,377,0.129973474801061
SC391_cnv_19_R8C63yesS_SC391_37_W_A2,11.159693,7.782338,3,0.9195544803945663,134.48090371167294,0.9144844385475238,0.5459411169646845,1.6753090060639417,0.3239929947460596,0.4679105863297602,33,355,0.09295774647887324
SC391_cnv_19_R8C65yesS_SC391_37_W_A2,7.731534,6.1880765,2,0.8350271868362245,75.7556627357895,0.8296597327821312,0.44746675933532953,1.9299575988172926,0.29441624365482233,0.4238986873047702,27,244,0.11065573770491803
SC391_cnv_19_R8C66yesS_SC391_37_W_A2,7.3710637,6.087944,2,0.8223180349997109,95.18143961927424,0.8292710368621445,0.4870155844959934,1.447199593712353,0.2941176470588235,0.405022285396343,31,298,0.1040268456375839
SC391_cnv_19_R8C6yesS_SC391_37_W_A1,10.436992,6.4902143,3,1.0245877284118508,84.167999326656,0.9773589861624283,0.523484495042408,1.4533370642894983,0.4,0.4913005595209228,15,169,0.08875739644970414
SC391_cnv_19_R8C70yesS_SC391_37_W_A2,9.641136,6.8805532,3,0.8406350588707464,99.18666931164451,0.8002577213986609,0.5006493786152074,1.65973674392677,0.29861111111111116,0.36433233451438657,14,177,0.07909604519774012
SC391_cnv_19_R8C71yesS_SC391_37_W_A2,7.931023,7.149006,2,0.9063579381677923,134.1661573321805,0.8948184318254156,0.581032879775643,1.2631774584514799,0.32432432432432434,0.3687774510760287,36,311,0.1157556270096463
SC391_cnv_19_R9C13yesS_SC391_37_W_B2,-0.8053212,5.9989057,0,0.7205339346410762,55.40166204986149,0.68999692317883,0.030315333937013106,0.7120451578685341,0.05789473684210522,0.13346413408412225,0,231,0.0
SC391_cnv_19_R9C14yesS_SC391_37_W_B2,10.576396,8.039802,3,1.002787670036372,108.13148788927336,0.9927511882931044,0.42434077495761136,1.2883918217386077,0.23636363636363633,0.35963607210715387,26,198,0.13131313131313133
SC391_cnv_19_R9C15yesS_SC391_37_W_B2,10.834696,6.9247947,3,0.7229974795909625,129.13223140495867,0.613533526967214,0.46910554532879833,1.053065161032082,0.3033707865168539,0.40682010138386265,16,127,0.12598425196850394
SC391_cnv_19_R9C21yesS_SC391_37_W_B1,11.748573,8.3348055,3,0.8434530145675473,92.55402841408673,0.8714367300682201,0.521579128324688,0.9139665368903647,0.1643835616438356,0.20326044604002577,23,209,0.11004784688995216
SC391_cnv_19_R9C28yesS_SC391_37_W_B2,-0.8613345,6.250462,0,0.7708306506507521,66.82481873767917,0.7508123683773595,0.027943906540201832,0.7008648973778949,0.06358381502890165,0.14101447888547106,1,215,0.004651162790697674
SC391_cnv_19_R9C29yesS_SC391_37_W_B2,10.841206,6.9023786,3,0.8727353464630024,136.05442176870747,0.8814271736144549,0.4141398753714687,1.5597832811766437,0.26190476190476186,0.38410778723139904,34,281,0.12099644128113879
SC391_cnv_19_R9C2yesS_SC391_37_W_B1,8.011073,6.992178,2,0.9337880800372278,75.27569724114569,0.8750569751155193,0.709132913903434,1.3779620440806601,0.5517241379310345,0.507239352229713,23,207,0.1111111111111111
SC391_cnv_19_R9C41yesS_SC391_37_W_B1,7.2576385,5.888194,2,0.8366139487787619,105.19395134779751,0.8302188657682562,0.4030047841508771,1.2478121203640407,0.24870466321243523,0.3664942820791371,38,307,0.1237785016286645
SC391_cnv_19_R9C46yesS_SC391_37_W_B2,11.845607,5.806159,3,0.8496215386856268,111.10934747067508,0.8482208166737711,0.47482391692322196,1.3354636502683666,0.22489959839357432,0.3542921591539947,37,380,0.09736842105263158
SC391_cnv_19_R9C4yesS_SC391_37_W_B1,10.947187,8.23302,3,0.801737032259729,80.53907487449328,0.7994277069722171,0.39398083387180677,1.2037157629243407,0.19072164948453607,0.3012629590294386,32,269,0.11895910780669144
SC391_cnv_19_R9C54yesS_SC391_37_W_B1,11.75532,5.613851,3,0.8902020672381312,129.13223140495867,0.8854658474075334,0.45228650731401837,1.618859732771826,0.2752808988764045,0.4547547443622445,24,249,0.0963855421686747
SC391_cnv_19_R9C56yesS_SC391_37_W_B1,9.782177,7.0702305,3,0.8409534587961373,104.25137090552741,0.8426876198413029,0.4228002234065764,1.3696663455960463,0.23611111111111116,0.3702906795158821,28,312,0.08974358974358974
SC391_cnv_19_R9C59yesS_SC391_37_W_B1,8.2210455,6.187275,2,0.7606288937799512,55.69169079973268,0.7553404625226409,0.44611299332591403,1.0338043208555212,0.274074074074074,0.3801441856311907,16,188,0.0851063829787234
SC391_cnv_19_R9C66yesS_SC391_37_W_B2,10.191509,6.6596284,3,0.732936060732093,55.98947397889197,0.7230010105430312,0.5648757511974345,1.162420014912318,0.34183673469387754,0.32255125004859925,19,252,0.07539682539682539
SC391_cnv_19_R9C67yesS_SC391_37_W_B2,7.3334804,6.1117363,2,0.8469582274666874,112.44167088322934,0.8508371497537968,0.410973693467943,1.6106513551132664,0.2813852813852813,0.4300476216095413,27,307,0.08794788273615635
SC391_cnv_19_R9C6yesS_SC391_37_W_B1,7.639478,8.791822,3,0.9404217310362343,107.5692925526193,0.8571466668536675,0.8125839519170611,0.9594730900039983,0.5502958579881656,0.5493523611545381,27,258,0.10465116279069768
SC391_cnv_19_R9C7yesS_SC391_37_W_B1,11.208358,8.263703,3,0.8499568912170935,100.54495364877637,0.8577883635652664,0.42382451276118027,0.9887866746276446,0.15919282511210764,0.23587903898983423,39,342,0.11403508771929824
SC391_cnv_20_R0C17yesS_SC391_39_W_A2,8.001181,6.5090914,2,0.8758927482480566,102.03040506070809,0.8783883950923119,0.4856192955176576,1.0594921273868492,0.3487179487179487,0.5528800426630057,38,244,0.1557377049180328
SC391_cnv_20_R0C21yesS_SC391_39_W_A1,9.106802,11.990758,3,0.5939299907942902,0.0,0.0,0.30985621497081767,0.7547994358525971,0.25,0.3891281343404563,4,55,0.07272727272727272
SC391_cnv_20_R0C33yesS_SC391_39_W_A2,8.841015,12.485992,3,0.9430846250840188,124.86992715920917,0.9438464233506095,0.48564362574811093,1.0679650489823704,0.2964169381107492,0.5348022556334715,17,201,0.0845771144278607
SC391_cnv_20_R0C35yesS_SC391_39_W_A2,7.590198,12.328292,3,0.8365898812837739,84.88003621548212,0.8315163569148591,0.43362901459132097,1.061500108695484,0.1542553191489362,0.4680970885047429,37,276,0.13405797101449277
SC391_cnv_20_R0C37yesS_SC391_39_W_A1,8.1384115,10.847789,3,0.8987728834122701,117.8244886417193,0.8974677971233265,0.3927496347148851,0.9937844840720251,0.1787439613526569,0.3709962255201054,34,265,0.12830188679245283
SC391_cnv_20_R0C39yesS_SC391_39_W_A1,8.752026,12.505412,3,0.8815886920658075,72.57947452460444,0.9024947554224774,0.39625095359796575,0.9879930385337293,0.1646341463414634,0.4263654769794137,24,295,0.08135593220338982
SC391_cnv_20_R0C53yesS_SC391_39_W_A2,8.556864,9.9001255,3,0.9289808713622779,135.12904824107022,0.8949979171429473,0.5390366307723963,1.6174696619586064,0.43506493506493515,0.48895362504916623,32,168,0.19047619047619047
SC391_cnv_20_R0C58yesS_SC391_39_W_A1,8.386703,10.320022,3,0.8641738483132139,106.28122010840686,0.824997651932933,0.5501776558855287,1.0285669410145455,0.36,0.5361282371332499,13,124,0.10483870967741936
SC391_cnv_20_R0C7yesS_SC391_39_W_A1,9.13867,12.336041,3,0.8516151949750943,105.1619494020792,0.8651356598936916,0.40538120061602034,1.3051907276275378,0.25196850393700787,0.5114965599147752,28,335,0.08358208955223881
SC391_cnv_20_R0C8yesS_SC391_39_W_A1,8.023845,10.996617,3,0.8863546753399735,122.84760754284311,0.8850766726144994,0.500657861622635,2.20295382758317,0.319634703196347,0.42409762425740777,34,280,0.12142857142857143
SC391_cnv_20_R10C17yesS_SC391_39_W_B2,8.313147,11.147649,3,0.787102874216136,118.34319526627219,0.7674015227803961,0.3883199764522996,1.0769780205764348,0.19999999999999996,0.4476913616997731,22,170,0.12941176470588237
SC391_cnv_20_R10C20yesS_SC391_39_W_B1,8.568079,11.878074,3,0.9253039898470727,143.63688595231255,0.9212610014225004,0.40243680339713306,1.3277074612898152,0.3025210084033614,0.45703856248382435,32,298,0.10738255033557047
SC391_cnv_20_R10C30yesS_SC391_39_W_B2,7.6844916,9.305721,3,0.8488368758743398,94.68501451836889,0.8554843401628197,0.3828127651057082,1.3031935998778184,0.17746478873239435,0.33493984690759837,29,236,0.1228813559322034
SC391_cnv_20_R10C34yesS_SC391_39_W_B2,-0.6580243,5.944082,0,0.8881652070399773,134.7678623570899,0.8964880783810458,0.08818888391847032,0.9834932924645676,0.10377358490566047,0.30519045446121534,1,192,0.005208333333333333
SC391_cnv_20_R10C35yesS_SC391_39_W_B2,7.2142816,10.012804,3,0.8422621827858944,63.123343012245925,0.794681556934143,0.9589022009936661,1.440851003331622,0.5321637426900585,0.5121517522928474,44,252,0.1746031746031746
SC391_cnv_20_R10C39yesS_SC391_39_W_B1,8.674424,11.848813,3,0.7395099045751973,54.06574394463668,0.6663484072949964,0.4956340630682491,0.9999999999999996,0.34285714285714286,0.5348855982481832,22,202,0.10891089108910891
SC391_cnv_20_R10C48yesS_SC391_39_W_B2,7.527227,9.205068,3,0.8242217204965611,108.50694444444444,0.8227353339479101,0.4587883777885775,1.2464356448321878,0.21354166666666663,0.4142680823505373,40,275,0.14545454545454545
SC391_cnv_20_R10C50yesS_SC391_39_W_B2,7.525396,9.74081,3,0.8517403179926688,83.24661810613944,0.7933058063622712,0.7099419006962887,0.9943441740117627,0.4551282051282052,0.5559490282547107,28,244,0.11475409836065574
SC391_cnv_20_R10C63yesS_SC391_39_W_B2,7.651855,9.43375,3,0.7938944091504331,100.23722810651876,0.796541972969979,0.43875583442001925,1.2798336660367733,0.2325581395348837,0.4576673291015471,48,233,0.20600858369098712
SC391_cnv_20_R10C69yesS_SC391_39_W_B2,9.192981,12.38598,3,0.7918521893712537,90.08603216071349,0.7569330938542356,0.503671153602125,1.244539848744304,0.304635761589404,0.5575771978185468,18,212,0.08490566037735849
SC391_cnv_20_R10C70yesS_SC391_39_W_B2,8.553662,12.278428,3,0.7094834216034158,81.16224332440548,0.722185748551963,0.4180254953327427,1.2936557800746988,0.3008849557522124,0.47245135470361227,22,159,0.13836477987421383
SC391_cnv_20_R11C10yesS_SC391_39_W_B2,7.745723,9.347464,3,0.7386089999582727,92.45562130177514,0.7324058110483876,0.5531362479546571,1.4461795042825631,0.36111111111111116,0.4298627358222565,29,157,0.18471337579617833
SC391_cnv_20_R11C11yesS_SC391_39_W_B2,7.486871,9.499866,3,0.8576605079597983,171.46776406035664,0.8007077939120677,0.667559824135939,1.717284661930044,0.5315315315315315,0.496147061507992,23,149,0.15436241610738255
SC391_cnv_20_R11C13yesS_SC391_39_W_B2,7.359614,9.713176,3,0.8994059311252686,150.55139448229139,0.8983934238827977,0.509343090322265,2.2723753370573148,0.35403726708074523,0.4841222857318935,27,211,0.12796208530805686
SC391_cnv_20_R11C15yesS_SC391_39_W_B2,7.694002,11.280624,3,0.8338433703554949,217.01388888888889,0.8143805878092889,0.5111662358366139,1.5486005805927885,0.3737373737373737,0.47619876002167505,18,105,0.17142857142857143
SC391_cnv_20_R11C16yesS_SC391_39_W_B2,7.790653,9.582197,3,0.9571895592512,205.09533728569141,0.9674624086209902,0.5194261019634185,1.5186919256691693,0.3417721518987342,0.5677830889685963,36,214,0.16822429906542055
SC391_cnv_20_R11C25yesS_SC391_39_W_B1,7.587707,9.581842,3,0.7750938883578505,118.34319526627219,0.7827758796993457,0.39816691181437214,1.8013419040125116,0.31060606060606055,0.4050507086500476,23,144,0.1597222222222222
SC391_cnv_20_R11C27yesS_SC391_39_W_B2,7.6578755,9.388478,3,0.830150033496997,192.23375624759709,0.8198688889285051,0.5683163620550782,1.7965186504610686,0.42307692307692313,0.45362264934400864,23,146,0.15753424657534246
SC391_cnv_20_R11C29yesS_SC391_39_W_B2,7.6792006,9.30839,3,0.7772147382089706,69.44444444444444,0.7705520407423534,0.3909363939330561,0.970221091181785,0.18181818181818188,0.4512035729590146,27,177,0.15254237288135594
SC391_cnv_20_R11C32yesS_SC391_39_W_B2,8.517977,9.653738,3,0.6864202430054904,0.0,0.0,0.6454993117987812,1.2018553972593295,0.5078125,0.45497662796004057,14,85,0.16470588235294117
SC391_cnv_20_R11C35yesS_SC391_39_W_B2,7.4144173,9.591612,3,0.9050593411525393,122.09639510393454,0.9316095515855425,0.40334080404563344,1.8744552391357252,0.3259668508287292,0.5269663149973705,25,183,0.1366120218579235
SC391_cnv_20_R11C37yesS_SC391_39_W_B1,9.119639,11.506132,3,0.6411279130423874,0.0,0.0,0.3834261841968741,1.3047180261138314,0.31645569620253156,0.43309239168488084,16,89,0.1797752808988764
SC391_cnv_20_R11C39yesS_SC391_39_W_B1,9.198495,12.261496,3,0.79630021632244,93.82623381497467,0.7864114122438739,0.4536217960416896,1.3934568492546555,0.3445945945945946,0.5154796537823765,22,226,0.09734513274336283
SC391_cnv_20_R11C53yesS_SC391_39_W_B2,7.7181225,9.268139,3,0.8220439099702102,103.06887577623748,0.8386020142774876,0.39667338502610155,0.9591173713510481,0.12121212121212122,0.36851967536339686,34,257,0.13229571984435798
SC391_cnv_20_R11C58yesS_SC391_39_W_B1,8.82729,12.014939,3,0.7876138619910125,91.30752373995617,0.7783390368118803,0.43881266078044656,1.082723204012625,0.2818791946308725,0.5020874975421159,17,221,0.07692307692307693
SC391_cnv_20_R11C65yesS_SC391_39_W_B2,7.7338567,9.170447,3,0.7818195403851647,90.08603216071349,0.7948775546768451,0.5089670075660144,1.4719248498059248,0.2781456953642384,0.48388649080752516,34,210,0.1619047619047619
SC391_cnv_20_R11C67yesS_SC391_39_W_B2,-0.7062273,6.4213295,0,0.8042404500634991,88.61058601134216,0.8102783715392712,0.17168570219499502,1.1178150853265931,0.17297297297297298,0.3734494779799025,1,219,0.0045662100456621
SC391_cnv_20_R11C68yesS_SC391_39_W_B2,7.7728004,9.387681,3,0.7596316539819834,100.5985614405714,0.7689948368825377,0.40800882158321816,1.0122425338020298,0.20848056537102466,0.5091189109274609,41,210,0.19523809523809524
SC391_cnv_20_R11C69yesS_SC391_39_W_B2,7.682597,9.291,3,0.7096438436527243,78.31466833737959,0.7440723395223992,0.3651300789318715,0.8741823345102926,0.1578947368421053,0.3716322003155573,21,181,0.11602209944751381
SC391_cnv_20_R11C6yesS_SC391_39_W_B1,7.5138884,9.5051775,3,0.8434378384099896,114.31184270690443,0.8369907422420929,0.4719292145565675,1.3344039983918323,0.3271604938271605,0.4817866657685468,35,214,0.16355140186915887
SC391_cnv_20_R11C7yesS_SC391_39_W_B1,7.7943263,11.568318,3,0.8480260463843676,129.8476454293629,0.8614703765393374,0.4054089792068666,1.4770220240029484,0.2666666666666667,0.43602128282180763,24,202,0.1188118811881188
SC391_cnv_20_R12C10yesS_SC391_39_W_B2,7.6069407,9.426928,3,0.810417792561637,87.65522279035793,0.8027509069454661,0.38724721639745124,1.0194170116499288,0.16216216216216217,0.46661812246821294,39,270,0.14444444444444443
SC391_cnv_20_R12C13yesS_SC391_39_W_B2,8.419778,12.063902,3,0.8621259948360634,106.18191084966766,0.8529011807007191,0.37998438838161763,1.677100245789307,0.2570093457943925,0.4223082988275575,41,316,0.12974683544303797
SC391_cnv_20_R12C14yesS_SC391_39_W_B2,9.598233,10.876048,3,0.8250735782573161,80.1153661272232,0.7785226201945844,0.4052665167427168,1.3062694396651278,0.2515723270440251,0.408643125722096,28,210,0.13333333333333333
SC391_cnv_20_R12C17yesS_SC391_39_W_B2,-0.47768435,5.8281417,0,0.7311752246857058,82.23458786765714,0.7356771295526322,0.12634232145028518,1.1027590703148185,0.13541666666666663,0.3894337460578916,1,236,0.00423728813559322
SC391_cnv_20_R12C19yesS_SC391_39_W_B1,9.307282,10.112455,3,0.9391901104735219,138.68343195266272,0.94376835843378,0.43575883572518437,1.1970129138427748,0.2524271844660194,0.4844453146834937,28,242,0.11570247933884298
SC391_cnv_20_R12C21yesS_SC391_39_W_B1,8.897489,12.513177,3,0.7992047328478196,101.4061654948621,0.8161176045054915,0.4514569562608256,1.3666694539846267,0.27647058823529413,0.4712309575147819,26,261,0.09961685823754789
SC391_cnv_20_R12C22yesS_SC391_39_W_B1,9.388524,9.4056225,3,0.8601373963336638,114.31184270690443,0.8883540685112465,0.3333333758983975,1.3139764453611233,0.25465838509316774,0.4057086153561684,25,175,0.14285714285714285
SC391_cnv_20_R12C26yesS_SC391_39_W_B1,-0.7667287,6.29709,0,0.7951548846731205,87.65522279035793,0.7901493409119399,0.05859637082523858,0.9037841474448887,0.08108108108108103,0.19857490732086963,1,227,0.004405286343612335
SC391_cnv_20_R12C34yesS_SC391_39_W_B2,7.687056,9.570433,3,0.9164713140752546,158.02469135802468,0.9035765710289989,0.5972941316493237,1.8469192589784864,0.4311111111111111,0.5176395409915121,47,270,0.17407407407407408
SC391_cnv_20_R12C35yesS_SC391_39_W_B2,7.6229854,9.332968,3,0.8338974585549698,98.02960494069208,0.8421057688790249,0.4270106401790331,1.2807881773399012,0.19704433497536944,0.4786834716829263,42,255,0.16470588235294117
SC391_cnv_20_R12C37yesS_SC391_39_W_B1,8.46095,12.131441,3,0.7642559424219723,91.30752373995617,0.7627980196417795,0.3655166015075853,1.073897830541302,0.20805369127516782,0.41333339253290585,27,220,0.12272727272727273
SC391_cnv_20_R12C41yesS_SC391_39_W_B1,7.5769744,9.366306,3,0.8184389379297142,111.24955500178,0.8060733643506759,0.49520419546495903,1.7904622353729995,0.295774647887324,0.4647426421803902,35,278,0.12589928057553956
SC391_cnv_20_R12C44yesS_SC391_39_W_B1,7.6202865,9.512311,3,0.8091265672451714,78.89546351084812,0.814706745513971,0.3604641840335781,1.1015893035199835,0.15384615384615385,0.35948386867130533,40,245,0.16326530612244897
SC391_cnv_20_R12C45yesS_SC391_39_W_B2,7.439656,9.670053,3,0.9154362464056153,127.55102040816328,0.9274609983985018,0.4766482885614036,2.177871659051428,0.281021897810219,0.46763390246153624,44,358,0.12290502793296089
SC391_cnv_20_R12C47yesS_SC391_39_W_B2,-0.87240607,6.2828226,0,0.6304328990765236,73.05135510263716,0.6973858809863176,0.057567592441462645,0.8944177908845932,0.09322033898305082,0.196598153093504,0,135,0.0
SC391_cnv_20_R12C4yesS_SC391_39_W_B1,8.046863,9.337401,3,0.8342451541773376,107.38543316599103,0.8224063707781885,0.46906650394598787,1.2107553917511025,0.27083333333333337,0.49999630703357617,26,277,0.09386281588447654
SC391_cnv_20_R12C51yesS_SC391_39_W_B2,8.289791,11.1341,3,0.8255649900860729,94.68501451836889,0.8465373093787311,0.3573299466182418,1.5629387363211034,0.21111111111111114,0.4433989293102823,27,218,0.12385321100917432
SC391_cnv_20_R12C54yesS_SC391_39_W_B1,9.183217,11.204362,3,0.7757764394231177,113.06461642828877,0.7442924048577345,0.43369933432272845,1.2871848848262046,0.23703703703703694,0.5456362428670813,15,199,0.07537688442211055
SC391_cnv_20_R12C64yesS_SC391_39_W_B2,9.13777,12.391731,3,0.8627719295104057,122.53700617586512,0.87671445325041,0.6079529039015885,1.7946043842905488,0.3349753694581281,0.5228020717405494,31,312,0.09935897435897435
SC391_cnv_20_R12C65yesS_SC391_39_W_B2,7.3484006,9.455489,3,0.9127415389497489,124.84004868761899,0.9133329670868134,0.47074931233543216,1.8424495215923846,0.30113636363636365,0.41982355385733905,32,246,0.13008130081300814
SC391_cnv_20_R12C68yesS_SC391_39_W_B2,7.9621825,9.088619,3,0.8355503611473925,126.49687974363297,0.841967560773203,0.5737879496082535,1.3792630310689111,0.3717948717948718,0.5120446102948772,30,207,0.14492753623188406
SC391_cnv_20_R12C69yesS_SC391_39_W_B2,9.341941,9.1248455,3,0.9657348490635743,220.93170054286077,0.9724710124527771,0.47504166921949487,1.605685077502685,0.3202247191011236,0.538707873671257,23,218,0.10550458715596331
SC391_cnv_20_R13C15yesS_SC391_39_W_B2,9.019811,12.435302,3,0.6765424659480631,0.0,0.0,0.3597619923029892,1.1201851698780942,0.2666666666666667,0.4328561731206357,14,114,0.12280701754385964
SC391_cnv_20_R13C21yesS_SC391_39_W_B1,-0.6578445,5.963357,0,0.8073318477338375,72.57947452460444,0.7959895530037495,0.08462236388967499,1.0294685459052526,0.10240963855421681,0.306801674185578,1,218,0.0045871559633027525
SC391_cnv_20_R13C38yesS_SC391_39_W_B1,7.665132,9.38076,3,0.9203253419937775,126.98211139505723,0.9212768603458492,0.6296684857295275,1.7442478967479436,0.4087301587301587,0.5197055209046877,53,331,0.16012084592145015
SC391_cnv_20_R13C43yesS_SC391_39_W_B1,9.181582,12.477677,3,0.8515330826482639,107.72766446423441,0.8489439055891385,0.39317515567433187,1.065564631124736,0.26923076923076916,0.4615107438307696,32,313,0.10223642172523961
SC391_cnv_20_R13C46yesS_SC391_39_W_B2,11.746307,6.1309996,3,0.7203962556444601,85.43722499893204,0.6455072040359267,0.7142634973684537,1.0402386291302084,0.4155844155844155,0.41316433958397353,33,325,0.10153846153846154
SC391_cnv_20_R13C50yesS_SC391_39_W_B2,7.4518046,12.465836,3,0.8095702564080544,123.4567901234568,0.8041483324686672,0.5093917361538377,1.6798207891706856,0.30000000000000004,0.5337943887881722,36,255,0.1411764705882353
SC391_cnv_20_R13C53yesS_SC391_39_W_B2,11.293486,6.135891,3,0.721417314026967,50.65791973252618,0.6583644587031123,1.2429088446396606,0.5220732996641471,1.0,0.5624989092776659,20,166,0.12048192771084337
SC391_cnv_20_R13C63yesS_SC391_39_W_B2,10.415794,8.557543,3,0.8515151250894845,113.37868480725623,0.8372043325455841,0.5280011806170355,1.7621587739730606,0.3014354066985646,0.4635575339999427,36,287,0.1254355400696864
SC391_cnv_20_R14C11yesS_SC391_39_W_B2,7.645768,9.385545,3,0.7797981345677811,76.94675284702986,0.7576884832538601,0.4805620355962624,1.4501136274600994,0.33913043478260874,0.3969739033828388,27,174,0.15517241379310345
SC391_cnv_20_R14C13yesS_SC391_39_W_B2,8.326479,11.169391,3,0.8341610161438366,100.0,0.8281679442734867,0.3483881768535442,1.172496942161237,0.22999999999999998,0.4686249297141581,38,300,0.12666666666666668
SC391_cnv_20_R14C19yesS_SC391_39_W_B1,7.6817737,9.815646,3,0.8487053701492215,100.0,0.8116321846656129,0.5443231917216982,1.1291758306401338,0.49514563106796117,0.5030427702608566,13,127,0.10236220472440945
SC391_cnv_20_R14C25yesS_SC391_39_W_B1,8.28159,11.190732,3,0.7585330475772555,61.03515625,0.7582348765061852,0.3428893537278163,1.0018311442032122,0.21705426356589153,0.3971228823040958,28,177,0.15819209039548024
SC391_cnv_20_R14C29yesS_SC391_39_W_B2,7.7421665,8.817314,3,0.7814456544354759,84.33125316242199,0.7698617507346277,0.616980172997709,0.9508769503046693,0.35048231511254024,0.492224557233236,25,207,0.12077294685990338
SC391_cnv_20_R14C2yesS_SC391_39_W_B1,8.111614,10.385784,3,0.8556963240612216,126.25199898998402,0.845299732827494,0.4904029932258496,1.2502579955183162,0.28767123287671237,0.38890794050852295,35,301,0.11627906976744186
SC391_cnv_20_R14C35yesS_SC391_39_W_B2,8.075967,8.903924,3,0.9037355415628856,125.1016450866329,0.8967516069788797,0.4133793301819584,1.6886041244305638,0.28798185941043086,0.4550079058322266,54,285,0.18947368421052632
SC391_cnv_20_R14C3yesS_SC391_39_W_B1,-0.7904732,6.7105556,0,0.6091141410986253,96.11687812379854,0.6403646709706075,0.18254858086566061,1.2222797864090396,0.19024390243902434,0.3023163177017918,0,99,0.0
SC391_cnv_20_R14C44yesS_SC391_39_W_B1,8.381465,12.069892,3,0.7999646068279422,54.869684499314126,0.7861959392489689,0.4013368499276547,1.0942179530200031,0.22058823529411764,0.4393227041178102,21,207,0.10144927536231885
SC391_cnv_20_R14C48yesS_SC391_39_W_B2,7.4194107,9.882823,3,0.9554325806502774,200.177299894192,0.9394420100698315,0.7716999240175633,2.113682244815899,0.5786666666666667,0.4743785501216834,36,267,0.1348314606741573
SC391_cnv_20_R14C4yesS_SC391_39_W_B1,7.7091784,9.326836,3,0.8147821537896514,93.63003651571424,0.8133765089634921,0.41345156776718844,1.0056321514700817,0.15277777777777773,0.41014846253968434,39,241,0.16182572614107885
SC391_cnv_20_R14C50yesS_SC391_39_W_B2,7.4254265,9.628505,3,0.8408756075557727,92.55402841408673,0.7566073002314613,0.7696827679839967,0.9368034138203205,0.8263888888888888,0.5076320112272469,26,178,0.14606741573033707
SC391_cnv_20_R14C51yesS_SC391_39_W_B2,8.901415,11.889665,3,0.7631722245931619,65.03642039542144,0.7565089245830021,0.36990742425442313,1.2075495849032452,0.23199999999999998,0.3794598394850557,29,199,0.1457286432160804
SC391_cnv_20_R14C52yesS_SC391_39_W_B2,9.243157,12.244092,3,0.7993557503910794,86.56509695290859,0.7786184549475895,0.46176973648019126,1.2751433826038254,0.31818181818181823,0.5021833762150605,24,211,0.11374407582938388
SC391_cnv_20_R14C57yesS_SC391_39_W_B1,7.484361,9.189958,3,0.8413147848989843,112.30655196424159,0.8689952066244266,0.45950320346670165,1.6161125265842036,0.3123486682808716,0.47980143902675765,43,291,0.14776632302405499
SC391_cnv_20_R14C65yesS_SC391_39_W_B2,7.918057,9.760679,3,0.9837890640166473,208.0251479289941,0.9805872372623904,0.805264368571981,2.4639141571076886,0.4987834549878345,0.5104572031015114,52,338,0.15384615384615385
SC391_cnv_20_R14C67yesS_SC391_39_W_B2,7.380857,11.9368,3,0.8170241926298702,80.4359629190211,0.8101139559312373,0.4689238673271341,1.2628589174708147,0.2276785714285714,0.4934431577839657,41,356,0.1151685393258427
SC391_cnv_20_R14C68yesS_SC391_39_W_B2,8.625047,11.531998,3,0.8972435471587248,155.749377002492,0.9057253651914646,0.4811364044845395,1.2568938986827103,0.3981042654028435,0.6115341424016941,22,233,0.0944206008583691
SC391_cnv_20_R14C7yesS_SC391_39_W_B1,8.0885515,11.8208275,3,0.8321886615287244,121.70879143170107,0.8185737107532802,0.4240996888283731,1.1604656298506577,0.2129032258064516,0.42497448510625957,27,233,0.11587982832618025
SC391_cnv_20_R14C9yesS_SC391_39_W_B2,7.9700513,9.465538,3,0.8238170758322709,138.68343195266272,0.8103721929854506,0.4893412278985952,1.9078541454655897,0.4103773584905661,0.4884395595315295,39,270,0.14444444444444443
SC391_cnv_20_R15C12yesS_SC391_39_W_B2,7.7587104,9.173395,3,0.7817244785194832,103.5143108534755,0.7395153670761663,0.5477290241700585,1.0344080432788598,0.19285714285714284,0.4330028335385268,27,179,0.15083798882681565
SC391_cnv_20_R15C14yesS_SC391_39_W_B2,8.015737,11.1443815,3,0.7089617455154447,103.5143108534755,0.6684806557741755,0.35154330158370634,0.9967124066373432,0.17730496453900713,0.39411376710090595,24,202,0.1188118811881188
SC391_cnv_20_R15C1yesS_SC391_39_W_B1,9.05055,12.492198,3,0.9619484579093155,164.95428409840702,0.9756919802784492,0.4788274699795037,1.1589693164804713,0.28395061728395055,0.5041306492412273,39,276,0.14130434782608695
SC391_cnv_20_R15C22yesS_SC391_39_W_B1,7.4001665,9.593025,3,0.8399455056313658,96.11687812379854,0.673647733820461,0.7571110699800863,1.0566037735849054,0.6226415094339622,0.5140272670777384,24,162,0.14814814814814814
SC391_cnv_20_R15C24yesS_SC391_39_W_B1,9.229146,12.3276005,3,0.7718591075500842,125.97631645250694,0.7623110484263955,0.6141793216217426,1.537201008045729,0.39534883720930236,0.6064137013996787,19,168,0.1130952380952381
SC391_cnv_20_R15C29yesS_SC391_39_W_B2,7.9060745,9.300272,3,0.6693065607098394,110.80332409972299,0.4273557661927833,0.4102271126942054,0.9313163356438421,0.36458333333333337,0.37078746699997783,31,159,0.1949685534591195
SC391_cnv_20_R15C2yesS_SC391_39_W_B1,7.5738196,9.506583,3,0.8817691222885651,146.92378328741967,0.8645678886925697,0.49046206140616916,1.759136535707948,0.35757575757575766,0.497820520212383,35,218,0.16055045871559634
SC391_cnv_20_R15C41yesS_SC391_39_W_B1,7.904507,9.183647,3,0.9089811965257153,128.6008230452675,0.9134805888503542,0.46035403188158264,1.8238881471765698,0.32568807339449535,0.5382977828196337,51,273,0.18681318681318682
SC391_cnv_20_R15C43yesS_SC391_39_W_B1,-1.0101885,6.454767,0,0.6829712126424935,43.282548476454295,0.6822763091471835,0.09339183938557026,1.0478838017063907,0.11111111111111116,0.26786643268984395,2,215,0.009302325581395349
SC391_cnv_20_R15C44yesS_SC391_39_W_B1,-0.53836644,5.8483267,0,0.7088893625751768,45.653761869978084,0.6043937861665616,0.039930156945501255,0.7977403119486277,0.08053691275167785,0.13322160353120352,0,226,0.0
SC391_cnv_20_R15C4yesS_SC391_39_W_B1,8.370483,12.082941,3,0.8448192625239848,121.70879143170107,0.8557812522000264,0.3755885110345736,1.2140531113625856,0.2435897435897436,0.41321736045312746,25,234,0.10683760683760683
SC391_cnv_20_R15C51yesS_SC391_39_W_B2,8.27763,11.079844,3,0.8574100471808465,123.2741617357002,0.8649003912708235,0.401424714670095,1.1587233328912196,0.2564102564102564,0.4249802791233243,24,193,0.12435233160621761
SC391_cnv_20_R15C54yesS_SC391_39_W_B1,8.648912,11.611287,3,0.7509939550852432,122.0703125,0.7412392834580089,0.3375001364762191,1.2631319200987603,0.24615384615384617,0.45351351668505163,23,153,0.1503267973856209
SC391_cnv_20_R15C5yesS_SC391_39_W_B1,7.9572396,11.191987,3,1.016497604458146,148.720999405116,1.0301649376452613,0.5261728240041624,1.7045484063082215,0.2804878048780488,0.3937348431363961,21,220,0.09545454545454546
SC391_cnv_20_R15C61yesS_SC391_39_W_B1,9.330462,9.720551,3,0.674084316754187,79.71938775510203,0.5018875732908425,0.4822441728497645,0.9968006151918017,0.3775933609958506,0.5406823437307335,13,166,0.0783132530120482
SC391_cnv_20_R15C67yesS_SC391_39_W_B2,8.4087515,11.128109,3,0.8472530904015511,105.19395134779751,0.8523832209347632,0.4481822531679204,1.566513484474814,0.3128205128205128,0.4892281852929974,22,225,0.09777777777777778
SC391_cnv_20_R15C68yesS_SC391_39_W_B2,9.147854,11.353617,3,0.8104775797849544,90.08603216071349,0.7780054909947063,0.42173326565299485,1.2210923289829057,0.22666666666666668,0.5191077173662609,23,198,0.11616161616161616
SC391_cnv_20_R16C10yesS_SC391_39_W_B2,8.941248,11.968434,3,0.8633262929905445,110.20741034627169,0.875373127795723,0.345292127335609,1.0096153846153841,0.23557692307692313,0.3844776571343775,37,238,0.15546218487394958
SC391_cnv_20_R16C13yesS_SC391_39_W_B2,10.397604,6.9998803,3,0.8858019344170011,103.30578512396694,0.8704695073000404,0.743737706052019,2.1831112826854207,0.42396313364055294,0.3734745725854346,53,331,0.16012084592145015
SC391_cnv_20_R16C27yesS_SC391_39_W_B2,8.090081,11.948147,3,0.7772983805505278,54.869684499314126,0.7608578256814877,0.3518076149423896,1.3103923078393402,0.22058823529411775,0.4683716848238029,18,161,0.11180124223602485
SC391_cnv_20_R16C34yesS_SC391_39_W_B2,7.324306,9.019089,3,0.8137910684041598,105.01995379122033,0.8078843306116034,0.551723537650388,1.6277247329896496,0.4214285714285715,0.5105041630929545,34,203,0.16748768472906403
SC391_cnv_20_R16C36yesS_SC391_39_W_B1,7.3816466,11.821641,3,0.8522096152829981,94.68501451836889,0.8546380857944693,0.3971149128462304,1.2165093227649872,0.2191011235955056,0.4608868432198631,31,266,0.11654135338345864
SC391_cnv_20_R16C40yesS_SC391_39_W_B1,7.660975,9.367428,3,0.8922885364452802,134.7678623570899,0.8947695404534657,0.49111194321512475,1.1717544070603902,0.2788461538461538,0.4941496112896593,38,264,0.14393939393939395
SC391_cnv_20_R16C44yesS_SC391_39_W_B1,9.093381,11.278026,3,0.7472516288223657,50.2992807202857,0.5255865284006839,0.5598193550090923,0.7552123788244424,0.3846153846153846,0.4094457244848264,31,209,0.14832535885167464
SC391_cnv_20_R16C45yesS_SC391_39_W_B2,9.178164,11.970583,3,0.7661159767463145,43.282548476454295,0.6869346804586235,0.5335459252797882,0.8648025524705826,0.4358974358974359,0.512102072480113,27,225,0.12
SC391_cnv_20_R16C46yesS_SC391_39_W_B2,7.598233,9.261508,3,0.8366112977281818,99.66032439435591,0.8436524104052654,0.4704033590600613,1.5039305274991506,0.3157894736842106,0.48007008884765234,51,248,0.2056451612903226
SC391_cnv_20_R16C55yesS_SC391_39_W_B1,8.163097,11.774607,3,0.7075626705108993,71.81844297615628,0.5254669874379893,0.4241115367232555,0.8038846215513102,0.3688524590163934,0.48119614644676273,22,179,0.12290502793296089
SC391_cnv_20_R16C56yesS_SC391_39_W_B1,9.137447,12.215248,3,0.8645024972427269,110.51962644366263,0.8694938826010125,0.4430826595347095,1.4639829984344546,0.2838427947598253,0.45541581988539104,36,347,0.1037463976945245
SC391_cnv_20_R16C61yesS_SC391_39_W_B1,8.593821,9.113955,3,0.9315506579538003,182.6283877565929,0.9433144131713356,0.49445954336889814,2.0680460509023506,0.43644067796610164,0.5037647592822959,37,258,0.1434108527131783
SC391_cnv_20_R16C65yesS_SC391_39_W_B2,7.6225424,12.370607,3,0.8245649026825962,76.20789513793629,0.8429148154222971,0.4566008017777221,1.0393346696980934,0.17647058823529416,0.4386447072686215,33,263,0.12547528517110265
SC391_cnv_20_R16C68yesS_SC391_39_W_B2,8.35414,12.187776,3,0.8065458018524433,79.11079466793244,0.7762399840045145,0.38915493375199817,1.4103755267408538,0.24844720496894412,0.396054021233599,18,213,0.08450704225352113
SC391_cnv_20_R16C7yesS_SC391_39_W_B1,8.954808,12.512637,3,0.8636948761391445,107.65090349865436,0.8622559399836125,0.4312573364038436,1.3530519943330959,0.21568627450980393,0.41157744911400473,35,381,0.09186351706036745
SC391_cnv_20_R17C12yesS_SC391_39_W_B2,7.68224,11.303558,3,0.9574400264213153,186.28596589273315,0.9488375589351247,0.42048222383274364,2.0187589005402087,0.3367768595041323,0.47798474949107506,35,257,0.13618677042801555
SC391_cnv_20_R17C17yesS_SC391_39_W_B2,7.7178187,9.052022,3,0.8417476518810545,118.51851851851852,0.8400582564291481,0.46654319783365467,1.638326412960235,0.23830734966592426,0.4758715083016111,49,272,0.1801470588235294
SC391_cnv_20_R17C22yesS_SC391_39_W_B1,10.167999,10.463992,3,0.883201461291068,107.5692925526193,0.8703666626023718,0.6252974836824167,1.5034358284309386,0.432748538011696,0.51261713753095,30,212,0.14150943396226415
SC391_cnv_20_R17C23yesS_SC391_39_W_B1,6.0833282,12.836538,3,0.8551848105758517,112.90140481605135,0.8398877344971327,0.4569725701495173,1.4498978372842761,0.31451612903225806,0.5350378003776789,46,336,0.13690476190476192
SC391_cnv_20_R17C36yesS_SC391_39_W_B1,9.092606,12.122498,3,0.8851600241598326,126.75418741511996,0.8922881465636763,0.4883587674054717,2.0498028562901007,0.34913793103448276,0.5133697136470297,30,266,0.11278195488721804
SC391_cnv_20_R17C42yesS_SC391_39_W_B1,9.08893,11.495034,3,0.8381994090828683,88.999644001424,0.8407003611737865,0.4252102050209744,1.4660094119591658,0.319047619047619,0.49838260446165117,27,292,0.09246575342465753
SC391_cnv_20_R17C44yesS_SC391_39_W_B1,9.499329,10.635451,3,0.9813182055091773,0.0,0.0,0.4807457160883958,0.8286403648467895,0.3414634146341463,0.5322755699619263,24,184,0.13043478260869565
SC391_cnv_20_R17C45yesS_SC391_39_W_B2,8.7678,11.872414,3,0.8807011495919701,123.57884330202668,0.8728859094761816,0.5182008998205875,1.7759849017495886,0.3305084745762712,0.5143256403879127,26,303,0.0858085808580858
SC391_cnv_20_R17C4yesS_SC391_39_W_B1,7.614269,9.150668,3,0.9613358882877112,120.75836251660427,0.9693684264149226,0.47146407443645477,1.4814934641035906,0.21217712177121772,0.39981830691209036,52,389,0.13367609254498714
SC391_cnv_20_R17C5yesS_SC391_39_W_B1,8.523327,11.855529,3,0.8849867387850906,106.28122010840686,0.8896836394616755,0.4364105972959498,1.840665044907888,0.33333333333333326,0.426048780928606,30,240,0.125
SC391_cnv_20_R17C62yesS_SC391_39_W_B1,7.6459856,9.395741,3,0.8251849232361941,88.61058601134216,0.8252507732625805,0.3295497961159054,0.9529639681457013,0.13586956521739135,0.35562520585505353,40,276,0.14492753623188406
SC391_cnv_20_R17C63yesS_SC391_39_W_B2,7.471767,9.588786,3,0.9243022736956641,149.78009558693373,0.9219230813387713,0.5929178196725867,2.5233191626332907,0.41111111111111115,0.44890341005298495,58,318,0.18238993710691823
SC391_cnv_20_R17C69yesS_SC391_39_W_B2,-0.6159468,6.036118,0,0.7632435162125587,73.46189164370983,0.7696142692051361,0.050341585279013557,0.82576272241026,0.08157099697885195,0.22966678677855415,0,171,0.0
SC391_cnv_20_R17C70yesS_SC391_39_W_B2,8.491164,11.917587,3,0.7515759301872581,136.6026910730141,0.7537339601635186,0.482258801495237,1.392338184187563,0.3548387096774194,0.5316072817170501,13,186,0.06989247311827956
SC391_cnv_20_R17C71yesS_SC391_39_W_B2,8.463097,11.960929,3,0.872182823491111,111.38338159946537,0.8657535709200772,0.3540834987425921,1.1583432140968737,0.1992481203007519,0.49316647186673657,47,404,0.11633663366336634
SC391_cnv_20_R17C8yesS_SC391_39_W_B1,-0.21618348,5.5665903,0,0.9096729585939151,150.76341109070475,0.9213559950717257,0.2455092283507851,2.0655992928104214,0.18586387434554974,0.4804183883318549,33,438,0.07534246575342465
SC391_cnv_20_R17C9yesS_SC391_39_W_B2,7.933054,8.553379,3,0.8669751730596708,154.320987654321,0.8843776427961836,0.7267480930868988,2.0974852835196476,0.4101123595505618,0.4994911138230668,37,263,0.14068441064638784
SC391_cnv_20_R18C10yesS_SC391_40_W_C2,6.959557,6.6005964,2,0.9782986966983561,227.2669882073685,0.962792091537762,0.5027237314489168,1.5269105808455476,0.34170854271356776,0.504950223983522,34,253,0.13438735177865613
SC391_cnv_20_R18C19yesS_SC391_40_W_C1,7.755841,12.203303,3,0.9169916686765686,158.73015873015873,0.9171127479762875,0.430979174038398,1.2874239020410831,0.2524271844660194,0.47314760305446485,23,295,0.07796610169491526
SC391_cnv_20_R18C25yesS_SC391_40_W_C1,5.7302036,13.45055,3,0.8679674663912502,139.9736849472299,0.866158032693517,0.48081722781803105,1.483350749976422,0.33333333333333337,0.5605213244201002,31,243,0.12757201646090535
SC391_cnv_20_R18C27yesS_SC391_40_W_C2,5.764284,13.421685,3,0.8033683151231966,103.06887577623748,0.8058697233775365,0.3391461747412551,1.1527540891256847,0.16666666666666663,0.33958614466177206,38,266,0.14285714285714285
SC391_cnv_20_R18C29yesS_SC391_40_W_C2,7.3262105,11.845787,3,0.8357403505218128,95.18143961927424,0.8312280714288554,0.46061234314013577,1.2983210911880392,0.2598039215686274,0.4844326507674434,24,274,0.08759124087591241
SC391_cnv_20_R18C2yesS_SC391_40_W_C1,6.2766013,13.1917305,3,0.8593400068333613,126.75418741511996,0.8587467488537436,0.44264140230695703,1.553600512317059,0.24034334763948495,0.4544982524137927,32,356,0.0898876404494382
SC391_cnv_20_R18C30yesS_SC391_40_W_C2,10.7381315,7.8009777,3,0.8984438431665406,168.335998653312,0.9133315072792065,0.5581612367068081,1.7431646322225598,0.32558139534883723,0.5505283457743073,45,295,0.15254237288135594
SC391_cnv_20_R18C32yesS_SC391_40_W_C2,7.852642,11.854976,3,0.9158811567949475,162.19723183391002,0.9338515630520303,0.380018775193276,1.1927634727846383,0.24264705882352944,0.45585079585999266,17,165,0.10303030303030303
SC391_cnv_20_R18C34yesS_SC391_40_W_C2,5.5667305,13.524361,3,0.8716100501151328,110.51962644366263,0.8871490578510838,0.3505617575672433,0.9935701206670623,0.1385281385281385,0.40211642972341993,40,330,0.12121212121212122
SC391_cnv_20_R18C3yesS_SC391_40_W_C1,5.6325736,12.819224,3,0.7813196732953213,126.49687974363297,0.7578788238439275,0.42019260938789527,1.2239912862931965,0.33544303797468356,0.5140635484834969,16,191,0.08376963350785341
SC391_cnv_20_R18C43yesS_SC391_40_W_C1,7.201231,11.619321,3,1.0349181816997064,87.65522279035793,1.0494760567811878,0.49177505727768994,1.7858697670965706,0.3005464480874316,0.4864914491306825,33,270,0.12222222222222222
SC391_cnv_20_R18C51yesS_SC391_40_W_C2,-0.4379161,5.948333,0,0.7979570741278658,81.2955254942768,0.8012374285206475,0.06861989111413794,1.053893620360272,0.09236947791164662,0.26516872146025877,0,298,0.0
SC391_cnv_20_R18C5yesS_SC391_40_W_C1,6.261171,12.98588,3,0.8237922434807065,90.56877188745321,0.8438950095517965,0.4266963491993182,1.332590314343168,0.22802197802197804,0.46855165193499193,39,234,0.16666666666666666
SC391_cnv_20_R18C66yesS_SC391_40_W_C2,6.306206,13.204839,3,0.944054058278731,165.3263423908551,0.94556701396885,0.44233432395353384,1.4636925047231828,0.2551724137931035,0.5480079827915889,45,411,0.10948905109489052
SC391_cnv_20_R18C69yesS_SC391_40_W_C2,6.232475,13.297275,3,0.8295514809751614,111.24955500178,0.830084579204834,0.3791458415520702,0.9652768650131407,0.13443396226415094,0.42324099335931487,30,285,0.10526315789473684
SC391_cnv_20_R18C71yesS_SC391_40_W_C2,8.071248,12.119126,3,0.8548772945206018,123.02960399846215,0.8503708499165392,0.5816065750931734,1.8944693718861574,0.33864541832669315,0.5281535589829501,38,329,0.11550151975683891
SC391_cnv_20_R18C9yesS_SC391_40_W_C2,6.601168,12.9328575,3,0.9438087614993489,202.61931514671483,0.9528255979381414,0.4978515552802165,2.658036850111115,0.33043478260869563,0.4322169790168111,33,326,0.10122699386503067
SC391_cnv_20_R19C1yesS_SC391_40_W_C1,-0.40234777,6.556503,0,1.106336413626035,154.16040390025822,1.2005167479589962,0.47633238676582074,2.1000284297114113,0.3943661971830986,0.4441242888612678,0,175,0.0
SC391_cnv_20_R19C21yesS_SC391_40_W_C1,6.3816257,12.703615,3,0.9069860992056208,143.32220879998363,0.9098172327299286,0.3611435366813749,1.248920102960735,0.2100456621004566,0.4534951872414126,32,304,0.10526315789473684
SC391_cnv_20_R19C22yesS_SC391_40_W_C1,7.980118,12.045059,3,0.7458509677785475,192.9012345679012,0.7386740265684426,0.39176648214643767,0.978960555474315,0.2702702702702703,0.36319290866147796,8,87,0.09195402298850575
SC391_cnv_20_R19C37yesS_SC391_40_W_C1,-0.8141418,6.119371,0,0.8603390131750638,97.06617486471401,0.8712165146074015,0.18353894364533196,1.6196614351987342,0.1732673267326733,0.39760217914620183,1,228,0.0043859649122807015
SC391_cnv_20_R19C39yesS_SC391_40_W_C1,5.433603,13.180376,3,0.8526770605473825,89.77305372019535,0.8552754945685285,0.3750546999542237,1.4498834528149902,0.17521367521367526,0.4687537574500364,40,341,0.11730205278592376
SC391_cnv_20_R19C41yesS_SC391_40_W_C1,6.0878077,12.436055,3,0.9748502723454867,176.0,0.9891987041924531,0.4779342656387432,1.5154882372533063,0.25702811244979923,0.4512108600163876,32,304,0.10526315789473684
SC391_cnv_20_R19C46yesS_SC391_40_W_C2,7.6668935,12.1836405,3,0.8765320503371319,112.64075694588668,0.8787545824778589,0.4089465768274469,1.167889247055526,0.1584905660377358,0.4476253479752097,38,408,0.09313725490196079
SC391_cnv_20_R19C59yesS_SC391_40_W_C1,7.4876323,12.069715,3,0.83463096826964,96.11687812379854,0.821421419354648,0.3634665682263122,1.2631469339926593,0.20588235294117652,0.4512422821977985,48,327,0.14678899082568808
SC391_cnv_20_R19C60yesS_SC391_40_W_C1,5.4915233,13.280226,3,0.9297787492831879,140.27999887776002,0.9334539949260366,0.37113353624346457,1.6129001667404723,0.2089093701996928,0.5270564799901657,41,416,0.0985576923076923
SC391_cnv_20_R19C63yesS_SC391_40_W_C2,7.978042,12.585767,3,0.8311953568421024,108.500217000434,0.8337268608789529,0.3352964226468067,0.9546937608872093,0.1220472440944882,0.3291301377799212,35,361,0.09695290858725762
SC391_cnv_20_R19C64yesS_SC391_40_W_C2,6.3498254,13.239121,3,0.8209735996053922,102.37300628570259,0.8184141139422695,0.3839636991138984,0.9368717553394692,0.1216216216216216,0.30606149600099225,44,357,0.12324929971988796
SC391_cnv_20_R19C67yesS_SC391_40_W_C2,6.3249917,13.281769,3,0.8288966101177374,98.49184364419821,0.8288411067433574,0.4213355177653284,1.1020168314083012,0.15087719298245617,0.42232301434939734,54,397,0.13602015113350127
SC391_cnv_20_R19C68yesS_SC391_40_W_C2,5.4466963,13.104235,3,0.8422082098939188,117.8244886417193,0.8373603976098385,0.418159920433023,1.6191742461454346,0.2598039215686274,0.45001327855740825,30,259,0.11583011583011583
SC391_cnv_20_R19C70yesS_SC391_40_W_C2,5.8202806,13.45142,3,0.8438956212957274,89.58165367732688,0.8420217875664564,0.410579018357527,1.229840816017658,0.2282608695652174,0.4436136480692748,17,235,0.07234042553191489
SC391_cnv_20_R19C7yesS_SC391_40_W_C1,7.5064893,11.991921,3,0.9535256682849469,203.82269463793446,0.9412835960649485,0.6584537180360212,2.5326952944532124,0.40909090909090906,0.4772235561508383,36,309,0.11650485436893204
SC391_cnv_20_R19C8yesS_SC391_40_W_C1,5.3590417,13.516773,3,0.8882353021762531,156.25,0.8900129529828168,0.5460591868099761,2.0296279163215596,0.3417721518987342,0.4501620248554963,48,348,0.13793103448275862
SC391_cnv_20_R19C9yesS_SC391_40_W_C2,5.825317,12.716897,3,0.9086694014969131,200.28841531805801,0.8921590224030578,0.4939888744697929,1.5393266456129164,0.4088050314465408,0.5685779840919692,22,151,0.1456953642384106
SC391_cnv_20_R1C0yesS_SC391_39_W_A1,7.710368,9.206366,3,0.7652047234191955,87.34387282732116,0.7375586986228592,0.4619918378116178,1.1863831022758875,0.2995391705069125,0.48440789687702285,15,137,0.10948905109489052
SC391_cnv_20_R1C11yesS_SC391_39_W_A2,7.500882,10.246665,3,0.7893786154662072,116.87363038714389,0.7812422435259025,0.31827020693086233,0.9365083623132803,0.16756756756756752,0.4161068592353132,37,247,0.14979757085020243
SC391_cnv_20_R1C1yesS_SC391_39_W_A1,7.7888503,10.096685,3,0.835296369602205,141.7233560090703,0.7035400392104393,0.7459695282231924,1.0506353066165777,0.4767441860465116,0.5192912574565739,31,156,0.1987179487179487
SC391_cnv_20_R1C22yesS_SC391_39_W_A1,8.073743,11.308189,3,0.9382256480968345,161.7973372781065,0.9569220539878132,0.3996951437395265,1.6250931855539914,0.24757281553398058,0.39388884156437987,34,278,0.1223021582733813
SC391_cnv_20_R1C24yesS_SC391_39_W_A1,7.663023,9.8996525,3,0.9391028187492712,146.09203798392986,0.9556968888059728,0.4338979246548013,1.0307361779632258,0.2534059945504088,0.5043334503222698,30,207,0.14492753623188406
SC391_cnv_20_R1C27yesS_SC391_39_W_A2,10.143768,7.7106256,3,0.8970998313478029,146.92378328741967,0.9076311435413924,0.547676679927229,1.463414634146341,0.27439024390243905,0.38640538733520313,28,220,0.12727272727272726
SC391_cnv_20_R1C30yesS_SC391_39_W_A2,8.146124,11.212453,3,0.8209036631055707,120.14609765474817,0.8152405085629614,0.33122309139454437,0.9138308504078336,0.16666666666666663,0.3890301435523707,34,293,0.11604095563139932
SC391_cnv_20_R1C41yesS_SC391_39_W_A1,-0.6960786,6.7896523,0,0.6831230995240463,37.180249851279,0.6003436924414481,0.048291609352366524,0.7575585704563272,0.07926829268292679,0.17490774882246798,0,210,0.0
SC391_cnv_20_R1C45yesS_SC391_39_W_A2,8.593091,12.356188,3,0.8712091449184449,130.0728407908429,0.8895740028434951,0.41807592185379927,1.6050834050929672,0.2479674796747967,0.4701867355269387,36,346,0.10404624277456648
SC391_cnv_20_R1C52yesS_SC391_39_W_A2,7.9625864,9.171226,3,0.8792142242593775,129.7998918334235,0.8789912483744818,0.5556548477200303,1.4573060470313768,0.37209302325581395,0.611193693891897,29,290,0.1
SC391_cnv_20_R1C59yesS_SC391_39_W_A1,8.06983,11.371885,3,0.7628044469412667,118.34319526627219,0.7602071524351448,0.37287560962408106,1.092814599494779,0.2442748091603053,0.41331227186219627,27,189,0.14285714285714285
SC391_cnv_20_R1C61yesS_SC391_39_W_A1,8.692934,12.51524,3,0.8637519809103643,123.96694214876034,0.876797242801268,0.47777584868654627,1.731976796136752,0.3211009174311926,0.5284622435739904,33,281,0.11743772241992882
SC391_cnv_20_R1C64yesS_SC391_39_W_A2,8.089578,11.371387,3,0.9703765872881643,174.68774565464233,0.9784745618950301,0.4205769574268052,1.7226618987151772,0.2987421383647799,0.5055606235641883,46,380,0.12105263157894737
SC391_cnv_20_R1C69yesS_SC391_39_W_A2,7.9006476,10.97948,3,0.9006368729999479,123.96694214876034,0.9077348852950561,0.3725571268967025,1.1502773260617964,0.13122171945701355,0.3273381702053222,32,306,0.10457516339869281
SC391_cnv_20_R1C71yesS_SC391_39_W_A2,8.15146,11.699456,3,0.9077984836293856,146.7064404127341,0.9259294440005641,0.37221194873273267,1.4353507092644395,0.2596491228070176,0.5316445375547062,35,353,0.09915014164305949
SC391_cnv_20_R1C7yesS_SC391_39_W_A1,9.862576,8.521725,3,0.9207336918854946,183.14459265590185,0.9418305048746342,0.4951535549621895,1.7662229216332466,0.34261838440111414,0.49942437345333796,34,245,0.13877551020408163
SC391_cnv_20_R1C9yesS_SC391_39_W_A2,8.833748,12.001719,3,0.7981067831100168,86.13218059764966,0.755097199048711,0.5712954654042508,1.0057222631475837,0.4545454545454546,0.5957958336218058,26,295,0.08813559322033898
SC391_cnv_20_R20C11yesS_SC391_40_W_C2,7.5912538,10.386347,3,0.8995008175615191,136.6026910730141,0.9008258245076806,0.5815562266750386,2.011957978982908,0.435483870967742,0.4673691242853548,20,155,0.12903225806451613
SC391_cnv_20_R20C16yesS_SC391_40_W_C2,6.038937,13.056124,3,0.9413995678135653,169.427465495445,0.9502137600583741,0.3928689248160411,1.2669912048400724,0.2065217391304348,0.44628304436695826,50,402,0.12437810945273632
SC391_cnv_20_R20C20yesS_SC391_40_W_C1,8.174493,12.566407,3,0.8610677644382858,104.25137090552741,0.8582786177281417,0.4312271786974587,1.1005820124864256,0.23963133640552992,0.4023214893773707,31,320,0.096875
SC391_cnv_20_R20C29yesS_SC391_40_W_C2,7.430084,12.310506,3,0.8510033694829477,117.47200250606939,0.8533912284086026,0.4723580368387369,1.6186411753519154,0.2977777777777778,0.49439081490571524,41,303,0.1353135313531353
SC391_cnv_20_R20C35yesS_SC391_40_W_C2,7.2687564,11.797086,3,0.84601879522011,114.73716992574866,0.8445276410518806,0.4353779624077775,1.8075125913097598,0.22857142857142854,0.3283491117902341,45,314,0.14331210191082802
SC391_cnv_20_R20C36yesS_SC391_40_W_C1,5.566273,13.420133,3,0.8386532147379337,113.06461642828877,0.8435909773538052,0.3879177628071774,1.6620301828366812,0.25,0.49340781488613406,44,325,0.13538461538461538
SC391_cnv_20_R20C38yesS_SC391_40_W_C1,7.0555744,12.310262,3,0.9516619310064429,162.5910509885536,0.9447719773680683,0.4858161580348785,1.2749003984063765,0.4123505976095618,0.5267534958946499,39,329,0.11854103343465046
SC391_cnv_20_R20C40yesS_SC391_40_W_C1,7.9560194,12.298423,3,0.834938326253183,95.34524513262524,0.8415349735795181,0.34933576544474315,1.1687240635750993,0.1746724890829694,0.416618529303298,46,367,0.12534059945504086
SC391_cnv_20_R20C57yesS_SC391_40_W_C1,10.772171,6.0465484,3,0.7985757081364862,57.19351425548342,0.7830460180831578,0.9985150788958674,1.1116011427558354,0.4971428571428571,0.5232169791957377,18,238,0.07563025210084033
SC391_cnv_20_R20C59yesS_SC391_40_W_C1,8.195831,12.24698,3,0.8924227847802181,91.57299512373801,0.8929173605661413,0.4581716902132962,1.0879905282017477,0.18446601941747565,0.39958296091894246,42,300,0.14
SC391_cnv_20_R20C6yesS_SC391_40_W_C1,7.3175206,11.833628,3,0.8409336280118689,120.75836251660427,0.8266621754928856,0.4046230629035357,1.1243896195843095,0.16712328767123297,0.3915304933728706,32,241,0.13278008298755187
SC391_cnv_20_R20C71yesS_SC391_40_W_C2,10.343535,8.750481,3,0.8696862252614563,99.95835068721367,0.815426514635483,0.8290353174575738,1.148337405259095,0.5081300813008129,0.5538936275670115,75,356,0.21067415730337077
SC391_cnv_20_R20C8yesS_SC391_40_W_C1,5.3575387,13.018334,3,0.8469211838687929,113.17338162064283,0.8701622649401063,0.4166741494124519,1.6077378749426945,0.22857142857142865,0.4888486437360049,43,360,0.11944444444444445
SC391_cnv_20_R21C10yesS_SC391_40_W_C2,-0.7019541,6.4377084,0,0.7361275685172136,113.06461642828877,0.7472881808662182,0.25914499939480995,1.4615245471253213,0.25,0.4733544711794053,0,134,0.0
SC391_cnv_20_R21C11yesS_SC391_40_W_C2,5.382712,13.443105,3,0.8054020173139189,105.78512396694214,0.8084396906282719,0.41711798304267783,1.4883568968041152,0.29496402877697836,0.43073447945824045,20,179,0.11173184357541899
SC391_cnv_20_R21C12yesS_SC391_40_W_C2,-0.86529475,6.743436,0,0.7879491232757013,93.63003651571424,0.7931350936721063,0.1821492290915624,1.365152077974229,0.1777777777777778,0.4463050729958191,0,197,0.0
SC391_cnv_20_R21C20yesS_SC391_40_W_C1,8.957553,11.474512,3,0.8387536035214802,62.420024343809494,0.7651562007928854,0.6578278761649032,1.1636688059981426,0.4530386740331491,0.6190451249763288,30,256,0.1171875
SC391_cnv_20_R21C22yesS_SC391_40_W_C1,-1.0362518,6.743487,0,0.8371320868434426,93.82623381497467,0.8518237290491825,0.14963880949016656,1.1629163848055164,0.1740614334470989,0.438889417300861,1,170,0.0058823529411764705
SC391_cnv_20_R21C25yesS_SC391_40_W_C1,5.606297,13.223946,3,0.8903131870353058,122.53700617586512,0.892837595294041,0.34584179945370247,1.4325846526190067,0.20792079207920788,0.3885946320847293,23,237,0.0970464135021097
SC391_cnv_20_R21C35yesS_SC391_40_W_C2,5.6501713,13.043238,3,0.9258777063534699,144.67592592592592,0.9233702222178036,0.45042406060576523,1.4914252371449044,0.23693379790940772,0.5175787967796714,34,381,0.08923884514435695
SC391_cnv_20_R21C39yesS_SC391_40_W_C1,6.908026,12.577006,3,0.9267645004743922,132.2314049586777,0.9297696015189295,0.3540624307809844,1.644467626629678,0.21323529411764708,0.45406212084837955,36,316,0.11392405063291139
SC391_cnv_20_R21C41yesS_SC391_40_W_C1,5.776406,13.646517,3,0.8333855693374641,94.68501451836889,0.8208928982466748,0.34738923632099733,0.9476909067898047,0.1404494382022472,0.33462706994587826,25,238,0.10504201680672269
SC391_cnv_20_R21C42yesS_SC391_40_W_C1,8.121621,12.4165745,3,0.832935051448773,87.65522279035793,0.8187137555625091,0.33598677691618356,1.1127456003367568,0.20540540540540542,0.4345927342058087,30,235,0.1276595744680851
SC391_cnv_20_R21C45yesS_SC391_40_W_C2,5.6514096,13.549876,3,0.8603672286098545,105.20999915832,0.8544430641163583,0.3418593604203328,1.0030427915511733,0.13364055299539168,0.38244196393066915,37,295,0.12542372881355932
SC391_cnv_20_R21C51yesS_SC391_40_W_C2,6.3093605,13.2775135,3,0.7595257083989886,99.18666931164451,0.7222496433126802,0.39491593905169,1.0618310354642682,0.18881118881118875,0.3690070730916179,27,197,0.13705583756345177
SC391_cnv_20_R21C5yesS_SC391_40_W_C1,7.3525696,6.1348486,2,0.8584391676857038,160.2307322544464,0.85293985029964,0.4928062886799537,1.790341295202535,0.36334405144694537,0.4437407751114858,21,203,0.10344827586206896
SC391_cnv_20_R21C61yesS_SC391_40_W_C1,7.926035,11.458747,3,0.9226936865914818,137.17421124828533,0.9310537182449659,0.551724445364803,1.379912882704382,0.28624535315985133,0.5382268012118855,39,353,0.11048158640226628
SC391_cnv_20_R21C63yesS_SC391_40_W_C2,-0.59345984,6.3263483,0,0.7794449079426099,96.7726326994726,0.7852789837652655,0.08289754910798326,1.0708216120605951,0.08835341365461846,0.2839133145763619,1,299,0.0033444816053511705
SC391_cnv_20_R21C6yesS_SC391_40_W_C1,-0.3771157,6.86673,0,0.7760040660705172,140.0511186583103,0.7839954368705909,0.32568377240065177,1.6675473904809448,0.3063583815028902,0.4368819138558322,1,197,0.005076142131979695
SC391_cnv_20_R21C71yesS_SC391_40_W_C2,7.1263227,11.477973,3,0.9514986883094763,148.720999405116,0.9650566463389839,0.45964761950016597,1.6384595101264727,0.2204081632653061,0.48606910543458004,35,327,0.10703363914373089
SC391_cnv_20_R21C7yesS_SC391_40_W_C1,6.086626,11.915581,3,0.9210510157309534,140.02660505496044,0.9168928335656128,0.378753343991584,1.734493544058609,0.24455205811138014,0.48273550069770815,35,260,0.1346153846153846
SC391_cnv_20_R21C9yesS_SC391_40_W_C2,5.474408,13.136409,3,0.8011567507638712,142.77215942891135,0.7784436173462329,0.533238768676535,1.758333911898958,0.3786407766990292,0.5657916596955785,33,267,0.12359550561797752
SC391_cnv_20_R22C26yesS_SC391_40_W_C1,12.079667,10.71645,3,0.785129879370613,110.19283746556474,0.769606121528361,0.5654203835595397,1.351364420976286,0.4131736526946108,0.4943135057224436,29,236,0.1228813559322034
SC391_cnv_20_R22C29yesS_SC391_40_W_C2,6.1583138,13.109768,3,0.8126078808323419,109.64611715687619,0.8140498465588145,0.4347898295661444,1.2079853084426686,0.234375,0.46575407334693986,30,248,0.12096774193548387
SC391_cnv_20_R22C32yesS_SC391_40_W_C2,9.136743,9.738032,3,0.8809216281338763,114.31184270690443,0.8806366611352822,0.20768765256062538,0.968644209675706,0.13580246913580252,0.38889364319953096,11,191,0.05759162303664921
SC391_cnv_20_R22C33yesS_SC391_40_W_C2,6.3919325,13.209796,3,0.7670860795910998,86.56509695290859,0.7561405414203644,0.3717487328432349,0.8922178162191946,0.13815789473684215,0.3345005811949222,23,216,0.10648148148148148
SC391_cnv_20_R22C37yesS_SC391_40_W_C1,5.592789,13.480083,3,0.8650808258277594,111.540749553837,0.8868146318298777,0.3443732823823579,1.2843274538235772,0.19631901840490795,0.4351481123494537,33,218,0.15137614678899083
SC391_cnv_20_R22C38yesS_SC391_40_W_C1,5.979897,12.876213,3,0.878898416732073,129.7998918334235,0.8656019132340922,0.4305458426499479,1.3769598178280615,0.19999999999999996,0.39695204181415256,30,297,0.10101010101010101
SC391_cnv_20_R22C58yesS_SC391_40_W_C1,-0.8107333,6.1730456,0,0.847971394288534,171.46776406035664,0.8542763773768465,0.32628668342040934,2.163495042510476,0.2949308755760369,0.4040946065503539,2,269,0.007434944237918215
SC391_cnv_20_R22C5yesS_SC391_40_W_C1,-0.62854886,6.2314215,0,0.756601269479734,95.21920253917874,0.760525082295177,0.12086195856516001,1.0773619319086192,0.1348314606741574,0.28813550281196965,2,220,0.00909090909090909
SC391_cnv_20_R22C60yesS_SC391_40_W_C1,6.185288,13.069627,3,0.84442781441619,84.94552867973412,0.828506654156882,0.41949712813812334,1.2031210264249679,0.18807339449541283,0.4733441931496296,33,301,0.10963455149501661
SC391_cnv_20_R22C61yesS_SC391_40_W_C1,7.354399,12.565031,3,0.7326786674664251,81.13919428780072,0.6863263413131881,0.5511252695277844,1.1847790001444825,0.4150943396226414,0.3884299850709318,36,245,0.1469387755102041
SC391_cnv_20_R22C63yesS_SC391_40_W_C2,6.9488215,11.177188,3,1.1946762398853732,89.58165367732688,1.267527456976018,0.5958912141116761,2.7485011543960676,0.36312849162011174,0.3690883222481393,43,268,0.16044776119402984
SC391_cnv_20_R22C65yesS_SC391_40_W_C2,5.6408887,13.212173,3,0.8075459669688533,92.59259259259258,0.8063519027217064,0.33845343330165334,0.925591613184126,0.12154696132596687,0.3598430046204691,38,286,0.13286713286713286
SC391_cnv_20_R22C7yesS_SC391_40_W_C1,8.502655,11.959777,3,0.978843556791774,214.15823914336704,0.9928563587842927,0.6347873017713618,1.8854829303371767,0.4585365853658536,0.525627995257008,34,265,0.12830188679245283
SC391_cnv_20_R23C15yesS_SC391_40_W_C2,5.488653,13.270864,3,0.6652084407741277,104.12328196584757,0.6399675908124635,0.34149695735122276,1.070407659213506,0.23469387755102034,0.5257815999695663,12,111,0.10810810810810811
SC391_cnv_20_R23C21yesS_SC391_40_W_C1,6.1975026,11.833089,3,1.0007010454001588,120.14609765474817,1.0028031264612758,0.5211673703440708,1.8430756480597823,0.36945812807881784,0.5311006789627623,33,256,0.12890625
SC391_cnv_20_R23C24yesS_SC391_40_W_C1,7.4049344,12.25167,3,0.9023935189939517,152.41579027587258,0.91146877368594,0.3977549500566808,1.3347188824063472,0.2760736196319018,0.45543933084408594,20,197,0.10152284263959391
SC391_cnv_20_R23C33yesS_SC391_40_W_C2,8.093491,12.50083,3,0.6754487169728943,132.1178491214163,0.5898445218207731,0.3719986612571431,1.0029680711932374,0.22988505747126442,0.3996186021348297,14,114,0.12280701754385964
SC391_cnv_20_R23C34yesS_SC391_40_W_C2,5.401305,13.298018,3,0.893147782854924,135.40885009676091,0.8942356261705413,0.3161417503146617,0.9936057664317496,0.1943127962085307,0.4327456913206451,19,252,0.07539682539682539
SC391_cnv_20_R23C36yesS_SC391_40_W_C1,7.0228086,12.291677,3,0.83837795333269,108.1665765278529,0.8446981480240093,0.3332097519581366,1.3938130453739563,0.16279069767441856,0.2814975560651904,37,320,0.115625
SC391_cnv_20_R23C44yesS_SC391_40_W_C1,8.9658575,12.186892,3,0.9250061179756858,159.03077968454076,0.9236864481324287,0.4898801817458186,1.7207712521859957,0.28185328185328196,0.5515649480577073,44,369,0.11924119241192412
SC391_cnv_20_R23C48yesS_SC391_40_W_C2,8.211235,12.68776,3,0.8231448124021207,92.59259259259258,0.8300292391032511,0.41122530048163775,1.0172129679778088,0.18888888888888888,0.3338539647116476,29,243,0.11934156378600823
SC391_cnv_20_R23C55yesS_SC391_40_W_C1,-0.33831376,5.607121,0,0.9914932752117276,132.19644391565865,0.9963070593608683,0.1918954369021968,1.3707663358086208,0.19199999999999995,0.3301224607266733,0,134,0.0
SC391_cnv_20_R23C58yesS_SC391_40_W_C1,-0.39743182,5.7410965,0,0.8350218523898523,161.28772116578764,0.842313531419695,0.12494651429901761,1.3344766524624685,0.13253012048192775,0.34994069851531917,0,238,0.0
SC391_cnv_20_R23C69yesS_SC391_40_W_C2,7.0459104,11.307475,3,0.8883016827789887,87.34387282732116,0.856942087853703,0.5690924589915636,2.1696991564504122,0.4423963133640553,0.3969796154177413,32,312,0.10256410256410256
SC391_cnv_20_R23C7yesS_SC391_40_W_C1,6.5668244,12.822911,3,0.8368710181253912,115.62030292519366,0.8056972723344441,0.6534454073326704,1.6752930004986062,0.4473684210526315,0.5232401189909314,35,287,0.12195121951219512
SC391_cnv_20_R23C8yesS_SC391_40_W_C1,5.748777,13.305921,3,0.8931782791431137,146.33194588969823,0.8893149001854573,0.5173666157973001,1.7617737356356342,0.38306451612903225,0.5723249056493588,45,306,0.14705882352941177
SC391_cnv_20_R24C11yesS_SC391_40_W_C2,-0.7145207,6.1718917,0,0.7608394255425402,102.04081632653062,0.7719865634747326,0.2946787925613737,1.2322333424018943,0.27816901408450706,0.48904807945640516,1,153,0.006535947712418301
SC391_cnv_20_R24C14yesS_SC391_40_W_C2,5.312838,13.13287,3,0.7902310032644253,126.24668602449185,0.6005569293991962,0.4513328488898821,1.7146428199482242,0.34444444444444444,0.4028191540415873,14,128,0.109375
SC391_cnv_20_R24C19yesS_SC391_40_W_C1,6.101398,13.059289,3,0.8008453328429124,54.06574394463668,0.7698465201920937,0.3831306650341706,1.1176581204414389,0.1970802919708029,0.3910033565391491,19,199,0.09547738693467336
SC391_cnv_20_R24C1yesS_SC391_40_W_C1,8.271838,10.51037,3,0.9686588241863809,150.55139448229139,0.9605708976846418,0.5771935402701731,1.8992232345071038,0.4484848484848485,0.5643927891415035,22,217,0.10138248847926268
SC391_cnv_20_R24C20yesS_SC391_40_W_C1,5.781743,13.341087,3,0.8508793681391736,112.91354586171855,0.849027210411512,0.3412381553869641,1.1477657189807564,0.16666666666666663,0.34817407536695194,25,234,0.10683760683760683
SC391_cnv_20_R24C23yesS_SC391_40_W_C1,7.5568824,12.083619,3,0.7260570225693592,88.8888888888889,0.7205187269955685,0.3755319578202614,0.9170689262965545,0.152317880794702,0.4049415370544539,20,217,0.09216589861751152
SC391_cnv_20_R24C25yesS_SC391_40_W_C1,6.88037,11.290463,3,0.9076172918523604,150.55139448229139,0.8777624693564895,0.648345341061275,2.3961674494757883,0.5149700598802396,0.49197900612324974,19,199,0.09547738693467336
SC391_cnv_20_R24C28yesS_SC391_40_W_C2,8.134057,11.564605,3,0.7918291800665369,96.4506172839506,0.7631322299232959,0.6338415263160566,1.1086778913041744,0.3194444444444444,0.4456741940543164,25,190,0.13157894736842105
SC391_cnv_20_R24C33yesS_SC391_40_W_C2,7.400629,12.060906,3,1.7465742663699938e-08,0.0,0.0,0.3441777420968839,0.8146095976311504,0.19298245614035092,0.2804986738889854,13,87,0.14942528735632185
SC391_cnv_20_R24C35yesS_SC391_40_W_C2,7.3079243,11.887641,3,0.8531579441983176,79.11079466793244,0.8603952104054594,0.40317244815577274,1.0356748889866132,0.17721518987341778,0.35290188203304534,36,230,0.1565217391304348
SC391_cnv_20_R24C42yesS_SC391_40_W_C1,8.095053,11.401526,3,0.7283215908181155,87.71545107670717,0.7156727738198407,0.508928068725761,0.9672491169136471,0.37662337662337664,0.41163068932875935,21,191,0.1099476439790576
SC391_cnv_20_R24C4yesS_SC391_40_W_C1,7.298978,10.81251,3,0.9254381091954361,150.94795314575535,0.9221768558604476,0.441879561191962,1.5804726117790104,0.2928176795580111,0.43232919162224376,29,251,0.11553784860557768
SC391_cnv_20_R24C52yesS_SC391_40_W_C2,-0.3147967,5.5856934,0,0.8306647467417902,87.71545107670717,0.834044416666762,0.13444982066756342,0.9726082426237745,0.11258278145695355,0.2637202662683219,1,168,0.005952380952380952
SC391_cnv_20_R24C54yesS_SC391_40_W_C1,8.481243,12.137103,3,0.8531695030062914,156.25,0.8527072513842644,0.48330580524652056,1.6936916581625832,0.30625,0.45582415553094324,19,209,0.09090909090909091
SC391_cnv_20_R25C0yesS_SC391_40_W_C1,9.049927,9.94781,3,0.957263073299922,213.47202546139067,0.9639277566837826,0.31548680934914464,1.5727983703919488,0.23281596452328157,0.4809161858406807,32,246,0.13008130081300814
SC391_cnv_20_R25C10yesS_SC391_40_W_C2,6.296096,11.772136,3,0.8889685478158282,140.0511186583103,0.9153844721448066,0.6132732441071225,2.205544147643077,0.43026706231454004,0.44646671178600367,21,226,0.09292035398230089
SC391_cnv_20_R25C13yesS_SC391_40_W_C2,5.401873,13.07777,3,0.838905484451078,115.73627560665098,0.8406048601653565,0.4827852036634156,1.9949453517985782,0.3144654088050314,0.42178858856120843,15,207,0.07246376811594203
SC391_cnv_20_R25C14yesS_SC391_40_W_C2,5.6845613,13.055873,3,0.8965409907746719,170.87444999786408,0.9023896875957681,0.5926873509523796,1.7191580863866578,0.42763157894736836,0.4749352220210332,16,193,0.08290155440414508
SC391_cnv_20_R25C19yesS_SC391_40_W_C1,5.5173445,12.998057,3,0.9258439603813702,169.01027582477016,0.9074001125154362,0.5291799125862433,1.7647387577609392,0.41329479768786126,0.46464518253059633,17,194,0.08762886597938144
SC391_cnv_20_R25C26yesS_SC391_40_W_C1,5.6436753,12.831471,3,0.8248458831667514,106.92804633548674,0.8537741045587595,0.39209950095111473,1.1031829534708042,0.2530120481927711,0.5107329938850617,24,200,0.12
SC391_cnv_20_R25C28yesS_SC391_40_W_C2,8.007561,12.081295,3,0.8610686111561229,115.73627560665098,0.8716061795162807,0.4391650023816809,1.5212812120761412,0.30000000000000004,0.4439188730936456,24,220,0.10909090909090909
SC391_cnv_20_R25C2yesS_SC391_40_W_C1,6.075403,9.295321,1,0.9765828018242773,217.73842357381332,0.971719571122472,0.5402911019988809,1.5932615297741823,0.39751552795031053,0.5202474975131786,28,189,0.14814814814814814
SC391_cnv_20_R25C36yesS_SC391_40_W_C1,6.2435174,13.074671,3,0.9234031350594086,154.9560097105766,0.9279916931766425,0.42730698185058924,1.243318458252553,0.19665271966527187,0.47834065586560715,39,313,0.12460063897763578
SC391_cnv_20_R25C41yesS_SC391_40_W_C1,7.0116305,11.169283,3,0.920531959184236,116.439286615304,0.9276145030970228,0.4364027981442604,2.220828448837527,0.2455357142857143,0.425829635848873,27,296,0.09121621621621621
SC391_cnv_20_R25C44yesS_SC391_40_W_C1,8.009251,9.981798,3,0.7476293445762243,79.71938775510203,0.584176982258545,0.8575609793523912,0.9753539092124077,0.6394849785407726,0.5580381480217824,33,229,0.14410480349344978
SC391_cnv_20_R25C46yesS_SC391_40_W_C2,6.3324747,12.108977,3,0.9480246882306822,170.87931648273405,0.959244939362883,0.4302178338367718,1.8390846710822784,0.2709923664122137,0.5506877256923083,36,293,0.12286689419795221
SC391_cnv_20_R25C47yesS_SC391_40_W_C2,6.141941,12.66194,3,0.6737419095418243,90.70294784580499,0.7680391582038545,0.3682713698783593,0.94542235255271,0.17924528301886788,0.2845009964063342,26,148,0.17567567567567569
SC391_cnv_20_R25C51yesS_SC391_40_W_C2,6.282842,12.888384,3,0.9230397559364013,164.95428409840702,0.9451634658040233,0.35356856686351223,1.2870371645727081,0.22058823529411764,0.45199200469050466,34,271,0.12546125461254612
SC391_cnv_20_R25C55yesS_SC391_40_W_C1,5.837382,13.48777,3,0.7425423622721491,64.0,0.7189022536618441,0.3249602378110742,0.8311564887484733,0.1507936507936508,0.30793414260749336,27,184,0.14673913043478262
SC391_cnv_20_R25C56yesS_SC391_40_W_C1,6.1846614,13.3928,3,0.8312918166321854,87.65522279035793,0.8294774080646558,0.404025655006094,1.1375392815520367,0.181081081081081,0.4114504578374103,35,233,0.15021459227467812
SC391_cnv_20_R25C57yesS_SC391_40_W_C1,8.256366,12.672938,3,0.8529222846042686,96.84917355371901,0.8490509251447794,0.4622288521127478,1.0972675097447169,0.18181818181818177,0.3405967654557125,30,286,0.1048951048951049
SC391_cnv_20_R25C59yesS_SC391_40_W_C1,8.258218,12.456185,3,0.8335382190337514,136.96128560993427,0.8510378459721496,0.3809033490603654,1.262570492672995,0.26712328767123283,0.3681057417427326,27,178,0.15168539325842698
SC391_cnv_20_R25C62yesS_SC391_40_W_C1,-0.5083336,6.193885,0,0.7779127877696703,88.61058601134216,0.7760527580066211,0.1947504254909346,0.9042339883148527,0.08695652173913038,0.30639943766479844,2,228,0.008771929824561403
SC391_cnv_20_R25C67yesS_SC391_40_W_C2,5.8103766,13.509184,3,0.8414743913742737,86.5332612222823,0.8374416190987395,0.3450455588351461,0.9228290581556275,0.12149532710280375,0.3438913966036867,43,317,0.13564668769716087
SC391_cnv_20_R25C7yesS_SC391_40_W_C1,10.41482,7.0433893,3,0.9824002762447155,226.12923285657754,0.8864265750736775,0.9538280491490971,1.7081758730959193,0.6751824817518248,0.5890795949923846,21,220,0.09545454545454546
SC391_cnv_20_R26C0yesS_SC391_40_W_C1,5.2393107,13.064637,3,0.8762242834903179,160.2307322544464,0.8783515929278559,0.44499318691115414,1.7123556513527367,0.33333333333333337,0.49401610007968044,19,198,0.09595959595959595
SC391_cnv_20_R26C3yesS_SC391_40_W_C1,5.8456955,12.864417,3,0.7561507189578913,100.0,0.7281135628763424,0.5837121914647735,1.3107335468635988,0.41747572815533984,0.5322239698365718,14,144,0.09722222222222222
SC391_cnv_20_R26C41yesS_SC391_40_W_C1,5.8289976,13.521532,3,0.7275382593402622,68.30134553650706,0.7451833650458918,0.3480356219959677,0.8510992135958944,0.15702479338842978,0.3168671426704708,19,160,0.11875
SC391_cnv_20_R26C44yesS_SC391_40_W_C1,8.132253,12.555844,3,0.771434109178678,82.64462809917356,0.8075721821533147,0.3770863939059239,0.9256670590078441,0.19090909090909092,0.3457718469678574,17,160,0.10625
SC391_cnv_20_R26C48yesS_SC391_40_W_C2,7.094326,11.132106,3,0.838335516860903,156.62933667475917,0.8552593551415619,0.5031637331947852,1.4558531871041445,0.31304347826086953,0.47285340721123137,18,146,0.1232876712328767
SC391_cnv_20_R26C55yesS_SC391_40_W_C1,5.724997,13.333064,3,0.6440176140055431,108.50694444444444,0.605686126847089,0.3223797703597874,0.9278350515463907,0.17525773195876293,0.3551613690961728,17,148,0.11486486486486487
SC391_cnv_20_R26C59yesS_SC391_40_W_C1,7.310491,11.303409,3,0.6901890362002068,115.62030292519366,0.6779157153221215,0.40971637724442667,1.3736940443656405,0.28421052631578947,0.3878142777655216,12,146,0.0821917808219178
SC391_cnv_20_R26C60yesS_SC391_40_W_C1,8.092975,12.4861965,3,0.7683204215009042,103.5143108534755,0.7030060010678103,0.36911504802712014,0.9516226794989882,0.17142857142857137,0.35875106480774005,35,225,0.15555555555555556
SC391_cnv_20_R26C61yesS_SC391_40_W_C1,6.102149,12.155605,3,0.9118650790754254,158.22158933586488,0.9225472857410365,0.40263895175908787,1.4063400559750452,0.26249999999999996,0.4622900867074183,20,208,0.09615384615384616
SC391_cnv_20_R26C6yesS_SC391_40_W_C1,7.382673,12.015154,3,0.8817049271400952,124.00024800049601,0.8951876447984479,0.4470545888304718,0.9990389537510871,0.20634920634920628,0.435411048832881,24,177,0.13559322033898305
SC391_cnv_20_R26C7yesS_SC391_40_W_C1,6.901989,12.730861,3,0.763643990280353,64.0,0.7006026443826452,0.5895407599402316,1.4444237054276599,0.4863813229571985,0.5117332421882236,16,159,0.10062893081761007
SC391_cnv_20_R27C0yesS_SC391_40_W_D1,9.94149,9.505787,3,0.8731475890916565,142.98378563870855,0.849148619230936,0.42704667957583264,1.3532583730656012,0.31720430107526887,0.4640669297684703,24,229,0.10480349344978165
SC391_cnv_20_R27C12yesS_SC391_40_W_D2,7.290723,12.542522,3,0.7747311378427294,111.38338159946537,0.7610574431667567,0.4582339637718417,1.161816073217798,0.24444444444444446,0.4387154265836028,18,185,0.0972972972972973
SC391_cnv_20_R27C16yesS_SC391_40_W_D2,5.5412025,13.520807,3,0.8487993313857908,126.49687974363297,0.8611051710800699,0.3748430028250145,1.1692498804711076,0.20915032679738566,0.42154279646212184,24,259,0.09266409266409266
SC391_cnv_20_R27C23yesS_SC391_40_W_D1,7.907837,12.381336,3,0.9153257082968806,105.03833899373271,0.9294405602645389,0.41050863452759867,1.106236996338314,0.31325301204819267,0.45584066042134913,23,177,0.12994350282485875
SC391_cnv_20_R27C24yesS_SC391_40_W_D1,8.122623,12.397502,3,0.9082674933924672,102.04081632653062,0.9095836139967273,0.3792836161415578,1.236428143536799,0.2563176895306859,0.44027233806494964,26,172,0.1511627906976744
SC391_cnv_20_R27C26yesS_SC391_40_W_D1,7.138826,12.667508,3,0.9418678381065829,216.41274238227146,0.9671072660370428,0.6431427728914187,1.637178360522781,0.39016393442622954,0.4957451761137465,17,216,0.0787037037037037
SC391_cnv_20_R27C27yesS_SC391_40_W_D2,7.6802483,12.184532,3,0.8374591299701739,150.55139448229139,0.8443406374688595,0.5262238191129807,2.1230361971922296,0.3926380368098159,0.5019240759826916,26,199,0.1306532663316583
SC391_cnv_20_R27C34yesS_SC391_40_W_D2,6.139809,13.126445,3,0.9137598890280264,134.2317914574888,0.919230251328314,0.35877909209869063,1.032181052223903,0.15544041450777202,0.392961832610312,24,280,0.08571428571428572
SC391_cnv_20_R27C43yesS_SC391_40_W_D1,7.0635314,11.286019,3,0.9313653692724251,137.05764644609522,0.9238970334975416,0.48629826740210835,2.07231652119867,0.34031413612565453,0.4629409805950828,25,219,0.1141552511415525
SC391_cnv_20_R27C47yesS_SC391_40_W_D2,5.758685,13.322687,3,0.6908335854870732,53.27934359848686,0.6665685477764339,0.30430311999189924,1.0093029619959255,0.17391304347826086,0.3876675578123124,14,179,0.0782122905027933
SC391_cnv_20_R27C50yesS_SC391_40_W_D2,5.729397,13.428663,3,0.8549408097760484,124.86992715920917,0.8676444366999658,0.3273052836489381,1.2939849425475904,0.22077922077922074,0.4496736842061953,26,209,0.12440191387559808
SC391_cnv_20_R27C51yesS_SC391_40_W_D2,6.2337956,13.42769,3,0.8009585040124881,90.08603216071349,0.7638973429690761,0.411513152538345,1.0985238334758671,0.20666666666666667,0.3978997155629331,32,248,0.12903225806451613
SC391_cnv_20_R27C52yesS_SC391_40_W_D2,8.956225,11.44255,3,0.8807133146113343,154.3150341422013,0.8871596475604915,0.44777305046046134,1.2114769969093961,0.31464174454828664,0.45648776830416227,24,212,0.11320754716981132
SC391_cnv_20_R27C54yesS_SC391_40_W_D1,8.049735,12.483381,3,0.8263528530841948,111.540749553837,0.8238609997275756,0.39348780618423224,1.1197839726950498,0.21100917431192656,0.4250480630427797,38,252,0.15079365079365079
SC391_cnv_20_R27C65yesS_SC391_40_W_D2,6.3597107,12.472047,3,1.067645312388917,159.59653994701395,1.079197262340733,0.5592412943940782,2.2073218814609037,0.3876404494382022,0.44888333968550764,30,222,0.13513513513513514
SC391_cnv_20_R27C67yesS_SC391_40_W_D2,6.9324145,11.155577,3,1.138644427528146,83.24661810613944,1.1587279012674934,0.6184477523882771,2.2792732722850513,0.37735849056603776,0.46049774703607055,26,221,0.11764705882352941
SC391_cnv_20_R27C71yesS_SC391_40_W_D2,9.151376,9.731588,3,1.0024877348230674,125.0,1.0164547331103853,0.23239671917486565,1.5153993144967077,0.19999999999999996,0.40288645609280194,22,240,0.09166666666666666
SC391_cnv_20_R27C8yesS_SC391_40_W_D1,6.239019,13.334066,3,0.877485083164569,156.05006085952374,0.8669494424561439,0.47469887910837477,1.4996502179713849,0.30113636363636365,0.465143606921403,29,242,0.11983471074380166
SC391_cnv_20_R28C12yesS_SC391_40_W_D2,10.242505,6.8635764,3,0.9295207592956932,131.49243918474687,0.9113766895059955,0.6314307561938439,1.437937560019071,0.4248704663212435,0.44694450426507243,31,287,0.10801393728222997
SC391_cnv_20_R28C13yesS_SC391_40_W_D2,8.346334,12.423835,3,0.8502867796854642,97.06617486471401,0.8441017489040855,0.42579334976455097,1.3765306609105856,0.2857142857142858,0.5534759320949726,28,269,0.10408921933085502
SC391_cnv_20_R28C16yesS_SC391_40_W_D2,5.3245296,13.00425,3,0.8457192837298557,93.73681825993219,0.8498963752288936,0.3756070580297456,1.510840572884203,0.18999999999999995,0.47109048890022687,58,352,0.16477272727272727
SC391_cnv_20_R28C23yesS_SC391_40_W_D1,8.086929,12.517001,3,0.8540628814694387,96.0,0.8592578193286445,0.3976124274451644,1.2044372947747923,0.18145161290322576,0.4585324544575023,43,358,0.12011173184357542
SC391_cnv_20_R28C24yesS_SC391_40_W_D1,5.3669586,13.180922,3,0.7752841755156481,100.5985614405714,0.7496362942738803,0.4700609898364495,1.3557058255723233,0.2797202797202797,0.5037537154716821,24,212,0.11320754716981132
SC391_cnv_20_R28C28yesS_SC391_40_W_D2,5.4527817,13.209059,3,0.8674530503770114,128.6008230452675,0.8485849642207071,0.3838370747355115,1.3327055853994834,0.26096997690531176,0.4358157465971461,32,262,0.12213740458015267
SC391_cnv_20_R28C31yesS_SC391_40_W_D2,11.124441,5.735052,3,0.6241040977733203,0.0,0.0,0.45366519402598754,0.8072341723731357,0.39743589743589736,0.34994064423239224,9,78,0.11538461538461539
SC391_cnv_20_R28C34yesS_SC391_40_W_D2,7.589075,12.201514,3,0.8337973477997749,107.72766446423441,0.8316801870315672,0.38508375612198087,1.021767696293077,0.1382978723404255,0.43941414332917544,35,356,0.09831460674157304
SC391_cnv_20_R28C35yesS_SC391_40_W_D2,-0.6671698,6.7789454,0,0.8212511361192357,96.7726326994726,0.8452962444507962,0.19135660377687136,1.7901375819195482,0.18473895582329325,0.34967008480204714,1,308,0.003246753246753247
SC391_cnv_20_R28C38yesS_SC391_40_W_D1,7.069383,12.707835,3,0.8424379476494578,103.30578512396694,0.8325173165100365,0.32836830869972367,0.9044940582948329,0.12954545454545457,0.34819169261040944,42,327,0.12844036697247707
SC391_cnv_20_R28C39yesS_SC391_40_W_D1,5.750438,13.355207,3,0.8671853995497399,108.500217000434,0.8648119132588475,0.38050438277535503,1.4165112016768984,0.20948616600790515,0.45997687660591685,40,329,0.12158054711246201
SC391_cnv_20_R28C46yesS_SC391_40_W_D2,6.762234,12.133957,3,1.522053550187482,150.94795314575535,1.583965263667111,0.3842758179129632,1.5707277941709186,0.26519337016574585,0.4971617727744382,27,256,0.10546875
SC391_cnv_20_R28C50yesS_SC391_40_W_D2,8.23649,12.426144,3,0.8348652873092567,109.64611715687619,0.831960228140343,0.35068550987981273,0.9683921401053283,0.17368421052631577,0.305384969789483,21,271,0.07749077490774908
SC391_cnv_20_R28C52yesS_SC391_40_W_D2,6.138013,11.868695,3,0.8551335780104711,79.11079466793244,0.8327115871396278,0.45058053336656334,1.7347382136096283,0.3416149068322981,0.45347812997063836,24,208,0.11538461538461539
SC391_cnv_20_R28C55yesS_SC391_40_W_D1,6.126017,13.46092,3,0.874754369149117,106.29251700680271,0.8594862399249904,0.5848548272089483,1.6667878699737337,0.303030303030303,0.5121084086315549,35,259,0.13513513513513514
SC391_cnv_20_R28C68yesS_SC391_40_W_D2,8.070811,12.481455,3,0.8508819874127043,121.33271858089253,0.8440210569800022,0.4326115568189911,1.198735564490275,0.22277227722772275,0.4486353578270403,30,299,0.10033444816053512
SC391_cnv_20_R28C69yesS_SC391_40_W_D2,6.0739746,12.206949,3,0.928778613917948,166.80219344884384,0.9353896628125202,0.40999096514642774,1.7966836784921578,0.24597701149425277,0.4199395639753782,17,236,0.07203389830508475
SC391_cnv_20_R28C70yesS_SC391_40_W_D2,7.4368505,11.673396,3,1.1033327450849748,113.17338162064283,1.1262518691033876,0.6144349496593816,1.6592367688750043,0.3253333333333333,0.5647310731082661,29,279,0.1039426523297491
SC391_cnv_20_R29C10yesS_SC391_40_W_D2,8.057049,6.84605,2,0.9394190017804344,205.45693622616702,0.9650553576932939,0.6905995881452144,2.233051159146092,0.5526315789473684,0.58709877895401,17,182,0.09340659340659341
SC391_cnv_20_R29C14yesS_SC391_40_W_D2,-0.40365598,6.8620644,0,0.7814167933284383,85.79027138322515,0.7887164711517755,0.21027001356649588,1.3799282477235861,0.20105820105820105,0.38783949596328177,0,207,0.0
SC391_cnv_20_R29C17yesS_SC391_40_W_D2,5.8104973,13.409072,3,0.8335092661732391,84.94552867973412,0.8482207622332306,0.34353449567323496,0.9967123483755036,0.14583333333333337,0.40232811163843946,28,292,0.0958904109589041
SC391_cnv_20_R29C31yesS_SC391_40_W_D2,5.9577346,12.812081,3,1.0306167193377211,99.18666931164451,1.0596805916742777,0.6654547483491011,1.6769540117260966,0.5758620689655173,0.5095951698961199,19,219,0.0867579908675799
SC391_cnv_20_R29C36yesS_SC391_40_W_D1,-0.5049516,5.8798814,0,0.7839646827636577,77.50015500031,0.7833110357580516,0.044823044210652,0.8580485955201615,0.07058823529411762,0.19359721398745283,0,281,0.0
SC391_cnv_20_R29C40yesS_SC391_40_W_D1,6.2566733,13.148518,3,0.8486282140856742,117.8244886417193,0.8682171956964728,0.4807829523019086,1.3601274923353004,0.2647058823529411,0.5020935859368794,40,270,0.14814814814814814
SC391_cnv_20_R29C41yesS_SC391_40_W_D1,7.9029574,11.941002,3,0.9400949880203819,176.2080037591041,0.941178453928055,0.5354949493444144,1.3841331229344376,0.31081081081081086,0.5111804615533642,30,312,0.09615384615384616
SC391_cnv_20_R29C44yesS_SC391_40_W_D1,6.5177555,11.475382,3,1.1015408003111316,104.12328196584757,1.1124109001246354,0.602692041660058,2.3295675979953447,0.4248704663212435,0.43955508949651795,31,265,0.1169811320754717
SC391_cnv_20_R29C51yesS_SC391_40_W_D2,7.2100706,11.617094,3,1.40503111012585,236.29489603024575,1.5133193193885857,0.5981975846529685,1.2623092434207461,0.4148936170212766,0.5239640926920418,15,150,0.1
SC391_cnv_20_R29C54yesS_SC391_40_W_D1,6.196069,11.996017,3,0.9921052518384363,208.0,0.9802999890417573,0.4569062507488623,2.6033253015332245,0.31200000000000006,0.4325014187340027,25,273,0.09157509157509157
SC391_cnv_20_R29C59yesS_SC391_40_W_D1,7.266963,11.803093,3,1.1859601632920072,106.28122010840686,1.2157477219253383,0.39417868026541947,1.265346919310427,0.23036649214659688,0.4083717564434233,30,265,0.11320754716981132
SC391_cnv_20_R29C61yesS_SC391_40_W_D1,-0.6709869,6.0449505,0,0.7627579620061147,115.42012927054478,0.7759346932085917,0.20087216536384714,1.4119393654599808,0.20960698689956336,0.38268398576828333,0,258,0.0
SC391_cnv_20_R29C69yesS_SC391_40_W_D2,8.3624325,10.992819,3,0.7252763756273151,113.17338162064283,0.7015328354955142,0.41226535651135787,1.1006084311675277,0.31958762886597936,0.4427669420624951,14,99,0.1414141414141414
SC391_cnv_20_R29C7yesS_SC391_40_W_D1,5.6502666,13.172365,3,0.9213855129141827,110.9954908081859,0.9105425678441599,0.4103124479025669,1.9281134484909819,0.251082251082251,0.3612338420164438,47,339,0.13864306784660768
SC391_cnv_20_R2C21yesS_SC391_39_W_A1,8.401009,11.998563,3,0.6689914530477282,0.0,0.0,0.31713286589873546,0.9552349391251311,0.23076923076923073,0.39286046285246373,5,83,0.060240963855421686
SC391_cnv_20_R2C24yesS_SC391_39_W_A1,9.248418,12.355334,3,0.6340626495396169,145.15894904920887,0.5287744312509158,0.40389029551643085,0.8504406168965966,0.2705882352941177,0.3889504891538069,6,101,0.0594059405940594
SC391_cnv_20_R2C25yesS_SC391_39_W_A1,9.03012,11.549162,3,0.7862576071409038,102.03040506070809,0.7649522336898965,0.5024672686407378,1.0656919647947614,0.31000000000000005,0.4859243309519323,14,121,0.11570247933884298
SC391_cnv_20_R2C26yesS_SC391_39_W_A1,7.4733796,9.382333,3,0.849098648666023,146.10271020527432,0.826397675148971,0.40222597867034343,1.1263218797177035,0.2457627118644068,0.4614529102151627,24,155,0.15483870967741936
SC391_cnv_20_R2C27yesS_SC391_39_W_A2,7.465209,9.392556,3,0.6320528456707951,0.0,0.0,0.35825978778770534,0.8914822974308465,0.18918918918918914,0.33340346759468054,17,109,0.1559633027522936
SC391_cnv_20_R2C30yesS_SC391_39_W_A2,8.270831,11.872847,3,0.7182925226820372,115.62030292519366,0.739913134198045,0.3695276142287928,1.0904125138479062,0.26595744680851063,0.4442838274219029,11,104,0.10576923076923077
SC391_cnv_20_R2C34yesS_SC391_39_W_A2,8.671053,10.697088,3,0.9351899485716254,151.22873345935727,0.9338647359872407,0.2839744928148161,0.9957561460076141,0.20175438596491224,0.3692495471496729,17,144,0.11805555555555555
SC391_cnv_20_R2C50yesS_SC391_39_W_A2,9.141036,9.654751,3,0.8723147001193069,102.03040506070809,0.8521665064123521,0.22774287768901616,1.0280723547360702,0.21212121212121215,0.43418396328014236,12,108,0.1111111111111111
SC391_cnv_20_R2C66yesS_SC391_39_W_A2,7.8230534,9.192541,3,0.0013723102527702048,0.0,0.0,0.42968577277129527,1.0793805641613419,0.32258064516129026,0.42706007148506814,4,71,0.056338028169014086
SC391_cnv_20_R2C71yesS_SC391_39_W_A2,10.044436,11.071107,3,0.7905272047116003,95.12485136741974,0.7714778682471701,0.48222586342853996,1.1743391997442871,0.31058020477815695,0.5343651584524515,26,194,0.13402061855670103
SC391_cnv_20_R30C12yesS_SC391_40_W_D2,5.473161,13.418976,3,0.8182864643271381,107.5692925526193,0.84240824636802,0.4840137644480912,1.4443386924831048,0.34545454545454546,0.534761413958734,26,204,0.12745098039215685
SC391_cnv_20_R30C15yesS_SC391_40_W_D2,6.11197,12.917201,3,0.7659874252705948,132.1178491214163,0.6021990575247518,0.5810500273425183,1.6728205741695188,0.46666666666666656,0.5252163429704063,8,99,0.08080808080808081
SC391_cnv_20_R30C1yesS_SC391_40_W_D1,6.055324,11.909894,3,0.9105295188320411,151.511325471579,0.8835989290069474,0.6281817229837918,2.1216596662334135,0.44723618090452266,0.523037171639202,30,226,0.13274336283185842
SC391_cnv_20_R30C23yesS_SC391_40_W_D1,8.131017,12.30881,3,0.8908511800418344,125.1016450866329,0.8829091738768656,0.6005083048970548,1.3984668124885695,0.2798165137614679,0.5011803980877688,46,357,0.12885154061624648
SC391_cnv_20_R30C2yesS_SC391_40_W_D1,5.8135095,13.375417,3,0.8128670651761984,129.13223140495867,0.7958159190727533,0.43032447617760916,1.863610449134586,0.2994350282485876,0.4141638629505206,37,255,0.1450980392156863
SC391_cnv_20_R30C35yesS_SC391_40_W_D2,8.111884,6.2673454,2,0.9018772859261736,204.52885317750184,0.8977876263633813,0.6417937960203354,1.7681864881216585,0.47593582887700525,0.5429625167000527,30,230,0.13043478260869565
SC391_cnv_20_R30C39yesS_SC391_40_W_D1,5.4895678,13.029783,3,0.9680106603148672,248.015873015873,0.9720754815958225,0.6569983669952214,2.472098327936969,0.49122807017543857,0.44698238451334493,40,237,0.16877637130801687
SC391_cnv_20_R30C3yesS_SC391_40_W_D1,5.3604956,13.083397,3,0.8606200911661361,148.63258026159332,0.8445661076080461,0.46295922190726435,1.1928620706852815,0.39495798319327724,0.5286098004649227,13,134,0.09701492537313433
SC391_cnv_20_R30C56yesS_SC391_40_W_D1,6.18745,13.342478,3,0.8484529242126407,105.20999915832,0.8507336857468134,0.40117049608506206,1.2167469120147296,0.17050691244239635,0.4036653541358705,35,330,0.10606060606060606
SC391_cnv_20_R30C59yesS_SC391_40_W_D1,6.1844635,13.258886,3,0.9096837824046015,144.62809917355372,0.907192232282777,0.3980604613554827,1.259396689368518,0.19178082191780832,0.4150190143726581,28,293,0.09556313993174062
SC391_cnv_20_R30C5yesS_SC391_40_W_D1,5.8527694,13.302421,3,0.8394816925646329,105.03833899373271,0.8276562843829112,0.5129246152165401,1.6405956801946293,0.3273273273273274,0.49361193321899305,36,225,0.16
SC391_cnv_20_R30C61yesS_SC391_40_W_D1,8.161657,12.641849,3,0.8589907929742097,133.48334318567532,0.8342275086810595,0.5435111245959465,1.5685938506952604,0.3700440528634361,0.4799854803289218,42,337,0.12462908011869436
SC391_cnv_20_R30C70yesS_SC391_40_W_D2,6.391022,13.064372,3,0.8452716834641322,100.23722810651876,0.8427725214760039,0.4122359624418392,1.3473670299160978,0.22413793103448265,0.45470478375261686,32,233,0.13733905579399142
SC391_cnv_20_R31C16yesS_SC391_40_W_D2,-0.3274172,5.6157174,0,0.7895513489058239,67.38393117854496,0.7870451617941209,0.08572680783553373,1.069995990849647,0.10377358490566047,0.2520241472492586,0,272,0.0
SC391_cnv_20_R31C22yesS_SC391_40_W_D1,8.005351,12.531876,3,0.7977188158773804,70.61648188687239,0.8330169725771208,0.3816321071049663,1.4569411284203002,0.2592592592592593,0.44036835149861225,19,179,0.10614525139664804
SC391_cnv_20_R31C31yesS_SC391_40_W_D2,-0.7786239,6.110421,0,0.5668452908633006,113.17338162064283,0.7223829084342561,0.09397098824259859,0.8003135338469585,0.1063829787234043,0.2071921961035209,0,100,0.0
SC391_cnv_20_R31C32yesS_SC391_40_W_D2,7.4265494,11.854559,3,0.9300955648810638,181.4486863115111,0.9209659077687876,0.3650474609548062,1.124073874862261,0.18181818181818177,0.3577256684605967,25,211,0.11848341232227488
SC391_cnv_20_R31C34yesS_SC391_40_W_D2,5.5978837,12.915214,3,0.9154033295820946,176.3318565540347,0.918734365521195,0.4951900942396091,2.362592046461262,0.3691588785046729,0.48591724583435353,32,255,0.12549019607843137
SC391_cnv_20_R31C42yesS_SC391_40_W_D1,6.43317,12.74817,3,0.9115912697093109,149.9375260308205,0.9111308696066247,0.3185334476143149,1.172604438665624,0.1673469387755102,0.369760719919447,36,329,0.1094224924012158
SC391_cnv_20_R31C4yesS_SC391_40_W_D1,7.6602116,11.946531,3,0.9063111719298137,109.64611715687619,0.9189962854905339,0.5233923865404726,2.0684143564911,0.3421052631578947,0.45564531957896276,47,274,0.17153284671532848
SC391_cnv_20_R31C50yesS_SC391_40_W_D2,7.2679253,12.512068,3,0.8064799728605686,95.75792396820836,0.8105578246507184,0.45054190347285455,1.3532618933110203,0.23380281690140842,0.45359112416568226,35,249,0.14056224899598393
SC391_cnv_20_R31C51yesS_SC391_40_W_D2,9.089983,9.662368,3,0.9057029210927126,150.03429355281207,0.9079751446598258,0.2524218969754154,1.376892636821528,0.18055555555555558,0.4147227207284782,21,261,0.08045977011494253
SC391_cnv_20_R31C54yesS_SC391_40_W_D1,5.3622923,13.068033,3,0.7809921424437626,74.2555877329769,0.7517453459633567,0.49138269979086774,0.911044097274284,0.2990196078431373,0.46324346417153844,24,235,0.10212765957446808
SC391_cnv_20_R31C57yesS_SC391_40_W_D1,6.048722,13.059054,3,0.8293684403844728,102.37300628570259,0.8431845160487934,0.37109848231119336,1.3366418715696076,0.209090909090909,0.4634111431223742,41,300,0.13666666666666666
SC391_cnv_20_R31C58yesS_SC391_40_W_D1,7.2051535,11.709797,3,0.8952890450670583,140.7629351082869,0.9000931291839549,0.5885798626984708,1.4829833864188267,0.3824884792626728,0.5072822092073941,35,319,0.109717868338558
SC391_cnv_20_R31C61yesS_SC391_40_W_D1,5.221131,13.04505,3,0.8493485535675105,142.4273175595079,0.859295328352526,0.4160560392895375,1.9199450736806547,0.2966101694915254,0.512150652245274,42,305,0.1377049180327869
SC391_cnv_20_R31C65yesS_SC391_40_W_D2,5.9710565,13.610881,3,0.820246169316026,120.75836251660427,0.8240507205987339,0.44664071404223954,1.8555490917982798,0.27472527472527464,0.4585299714213927,34,246,0.13821138211382114
SC391_cnv_20_R31C67yesS_SC391_40_W_D2,6.0877433,11.909953,3,0.9462198528672379,167.00710422527973,0.9420084809897132,0.47935765189818097,2.5028344230653685,0.31294964028776984,0.46378685455240914,37,327,0.11314984709480122
SC391_cnv_20_R33C0yesS_SC391_40_W_D1,6.116051,12.329604,3,1.2041495976939183,166.49323621227887,1.2507234470297266,0.4418308860767123,1.5709181442624018,0.28205128205128205,0.4553181851851626,25,213,0.11737089201877934
SC391_cnv_20_R33C12yesS_SC391_40_W_D2,6.343661,13.1863785,3,0.8447115456847749,124.84004868761899,0.8265581322954905,0.5267529349523967,1.7825211764695845,0.3184357541899441,0.43500134389547385,30,262,0.11450381679389313
SC391_cnv_20_R33C13yesS_SC391_40_W_D2,8.044816,12.407061,3,0.8802260416094293,157.22917274993824,0.8779422922010708,0.4972277606128978,2.087590491932507,0.34615384615384615,0.465034008066733,34,286,0.11888111888111888
SC391_cnv_20_R33C28yesS_SC391_40_W_D2,-0.4234603,6.2639394,0,0.8247063891994229,104.12328196584757,0.8313432814522376,0.2594066139241,1.5760525713628404,0.23037974683544304,0.5012045603642633,7,223,0.03139013452914798
SC391_cnv_20_R33C3yesS_SC391_40_W_D1,8.573011,11.517242,3,0.8800421181377636,124.00024800049601,0.8612548322137786,0.5470499659215301,1.6901458038196382,0.3858267716535433,0.495610911899497,24,181,0.13259668508287292
SC391_cnv_20_R33C47yesS_SC391_40_W_D2,7.962883,12.375436,3,0.8359472805945108,90.56877188745321,0.8245055244549782,0.3535918245973001,1.235273120628114,0.2320441988950276,0.3783431322275316,32,239,0.13389121338912133
SC391_cnv_20_R33C55yesS_SC391_40_W_D1,8.76445,10.059645,3,0.8792590835291505,130.15410245730945,0.8921178613135489,0.43344828837832644,1.1605114372147565,0.20304568527918776,0.4397470680976028,31,242,0.128099173553719
SC391_cnv_20_R33C57yesS_SC391_40_W_D1,5.557329,13.393166,3,0.8526001777459723,94.51795841209831,0.8477881207928515,0.3317738463669607,1.424643125435178,0.21615720524017468,0.48562526931208727,47,292,0.16095890410958905
SC391_cnv_20_R33C58yesS_SC391_40_W_D1,8.147699,12.647811,3,0.8415030415598439,102.37300628570259,0.8410626453428175,0.4047024957682333,1.246720773110877,0.2009132420091324,0.432390969193103,39,298,0.13087248322147652
SC391_cnv_20_R33C67yesS_SC391_40_W_D2,8.184922,12.485169,3,1.0087611859246155,205.45693622616702,1.021255082777158,0.42756328147779815,2.2196023559200326,0.31391585760517804,0.5197623872431899,52,377,0.13793103448275862
SC391_cnv_20_R33C8yesS_SC391_40_W_D1,8.262439,12.320184,3,0.9094399245446695,153.8935056940597,0.8603665337974866,0.7667628994002659,1.7570136099970644,0.5723542116630669,0.5147702208184806,36,296,0.12162162162162163
SC391_cnv_20_R33C9yesS_SC391_40_W_D2,10.5096035,12.043557,3,0.8515091204863859,118.39854132997081,0.8102593627418039,0.7107774133253718,1.3445429537984088,0.48557692307692313,0.51689720655532,33,294,0.11224489795918367
SC391_cnv_20_R34C14yesS_SC391_40_W_D2,6.030266,13.398743,3,0.8538954485397211,156.62933667475917,0.8339554901901243,0.6480382833168503,1.6891434146919726,0.4545454545454546,0.4794007344129716,21,151,0.1390728476821192
SC391_cnv_20_R34C15yesS_SC391_40_W_D2,6.2527,11.994325,3,0.8599152441827221,226.34676324128566,0.8514588643084914,0.5373162273723425,1.9603246852633704,0.4285714285714286,0.47037163190185666,17,110,0.15454545454545454
SC391_cnv_20_R34C19yesS_SC391_40_W_D1,5.2777042,12.97197,3,0.8666513885187581,150.55139448229139,0.8687887317962478,0.39058332907696014,1.2255300372812377,0.2962962962962963,0.5516678156385134,19,166,0.1144578313253012
SC391_cnv_20_R34C21yesS_SC391_40_W_D1,5.207343,13.023126,3,0.8507177725905772,111.97894795778394,0.8741231323668446,0.4838976517478073,1.4770833715371832,0.3796791443850267,0.5951670651044,31,223,0.13901345291479822
SC391_cnv_20_R34C26yesS_SC391_40_W_D1,9.853141,8.403745,3,0.8162825599967337,96.84917355371901,0.8132936231426091,0.3419866067129925,1.184015112737199,0.21590909090909094,0.4499817387109966,25,220,0.11363636363636363
SC391_cnv_20_R34C37yesS_SC391_40_W_D1,5.8425083,13.395131,3,0.9308648621777122,123.75931288829484,0.9447494089166132,0.3416737759625366,1.2488989142797267,0.23383084577114427,0.46012805184598754,16,251,0.06374501992031872
SC391_cnv_20_R34C42yesS_SC391_40_W_D1,5.829474,13.157469,3,0.9566041564567525,169.59692464243315,0.9275032998712404,0.5120831589001945,1.15358100224667,0.3582089552238805,0.527017184724181,16,153,0.10457516339869281
SC391_cnv_20_R34C46yesS_SC391_40_W_D2,10.767406,6.2034025,3,0.9088339869691525,160.2307322544464,0.9084359825779014,0.5050894828963551,0.918926960182169,0.3205128205128205,0.4691693498916005,21,217,0.0967741935483871
SC391_cnv_20_R34C4yesS_SC391_40_W_D1,9.77906,10.318067,3,0.8710094784038281,185.10805682817346,0.8571129870590185,0.5494363994022473,1.3576450198781713,0.41333333333333333,0.5265681367134584,29,166,0.1746987951807229
SC391_cnv_20_R34C51yesS_SC391_40_W_D2,5.8361583,13.195819,3,0.7198596337796874,81.16224332440548,0.7287425437440446,0.3779221772359512,0.8687825559861335,0.1696428571428571,0.3261806959651517,25,178,0.1404494382022472
SC391_cnv_20_R34C54yesS_SC391_40_W_D1,5.4965706,12.953251,3,0.8187577376735928,124.00024800049601,0.8104818495079502,0.3262714769872927,0.9110862335695783,0.234375,0.43816628631345667,16,163,0.09815950920245399
SC391_cnv_20_R34C59yesS_SC391_40_W_D1,5.5503964,12.899376,3,0.7250305325052223,236.68639053254438,0.40613945210928926,0.5604593094059861,1.616976654026224,0.4029850746268657,0.45159091637599025,9,78,0.11538461538461539
SC391_cnv_20_R34C62yesS_SC391_40_W_D1,-0.85366446,6.7393217,0,0.6196057904315607,108.50694444444444,0.8618565178855826,0.040133477074006246,0.7218381724612658,0.09375,0.1568879599757727,1,102,0.00980392156862745
SC391_cnv_20_R34C67yesS_SC391_40_W_D2,5.671805,13.447541,3,0.7953167380522367,124.86992715920917,0.7911442202083988,0.3436637570974117,1.139577908658369,0.1883116883116882,0.3891986090219602,21,166,0.12650602409638553
SC391_cnv_20_R35C10yesS_SC391_40_W_D2,-0.62671316,6.486182,0,0.8259189116169061,103.30578512396694,0.8465828851546164,0.24898673994152398,1.5973595072203643,0.22972972972972971,0.44553931359216054,0,226,0.0
SC391_cnv_20_R35C19yesS_SC391_40_W_D1,5.504086,13.047367,3,0.8566129395650275,103.06887577623748,0.8629797281751745,0.42504769541578324,1.5316440848606314,0.24873096446700504,0.414442158820539,31,264,0.11742424242424243
SC391_cnv_20_R35C21yesS_SC391_40_W_D1,7.914727,12.027227,3,0.8865525602446149,117.1875,0.8809720289219499,0.4468998241250979,1.5364518695948886,0.30188679245283023,0.504955485773846,20,201,0.09950248756218906
SC391_cnv_20_R35C25yesS_SC391_40_W_D1,5.9834256,12.227552,3,0.904010837914778,107.65090349865436,0.8964456317963786,0.4602195697090795,2.2188349874563458,0.28853754940711474,0.44835022300153615,42,326,0.12883435582822086
SC391_cnv_20_R35C28yesS_SC391_40_W_D2,8.291174,12.184235,3,0.943579876670268,181.13754377490642,0.9557526730014441,0.6595982197995776,1.5291810835686912,0.5694444444444444,0.5753441999451272,13,229,0.056768558951965066
SC391_cnv_20_R35C39yesS_SC391_40_W_D1,9.565602,9.091705,3,0.930971123290207,186.28596589273315,0.9480782316961791,0.5408140857476373,2.3252867023322965,0.4235537190082645,0.5222978163366832,35,251,0.1394422310756972
SC391_cnv_20_R35C42yesS_SC391_40_W_D1,-0.5457352,5.835635,0,0.695787289659314,68.02721088435374,0.693450189431841,0.028069557475293813,0.7379947996440431,0.05714285714285716,0.15712176111184095,1,239,0.0041841004184100415
SC391_cnv_20_R35C43yesS_SC391_40_W_D1,6.902511,11.903184,3,0.8191157167386933,85.79027138322515,0.8116895547526521,0.39759935887040665,1.1264883783803201,0.19892473118279574,0.3860864159934195,26,258,0.10077519379844961
SC391_cnv_20_R35C44yesS_SC391_40_W_D1,6.353444,13.166375,3,0.81406075071844,100.77936038699274,0.8011601263302135,0.3798798831079603,0.8486949715110599,0.1152263374485597,0.3572173445516993,45,356,0.12640449438202248
SC391_cnv_20_R35C51yesS_SC391_40_W_D2,8.03269,12.563291,3,0.8293231867101446,89.58165367732688,0.8390164121664433,0.4565319408441518,1.3380099685152258,0.21525885558583102,0.4471797870559209,45,318,0.14150943396226415
SC391_cnv_20_R35C55yesS_SC391_40_W_D1,8.059187,12.202548,3,0.7837259984868215,114.31184270690443,0.8200458327552149,0.4136963971787853,1.492752187408676,0.2795031055900621,0.4135160543152747,27,206,0.13106796116504854
SC391_cnv_20_R35C62yesS_SC391_40_W_D1,7.606177,12.124198,3,0.9724992114722437,204.08163265306123,1.0034161906259575,0.5108913449947416,2.1218369165676654,0.3398058252427185,0.4928935652587999,31,257,0.12062256809338522
SC391_cnv_20_R35C65yesS_SC391_40_W_D2,8.414189,7.741423,2,0.7523430837760527,46.277014207043365,0.7043529435651054,0.7534536714565359,0.9897142180929276,0.6198630136986302,0.5393096078071555,31,233,0.13304721030042918
SC391_cnv_20_R35C67yesS_SC391_40_W_D2,9.658035,10.955336,3,0.9149849721764713,164.6090534979424,0.9215147296264402,0.5327076999809648,1.503491266059016,0.30639097744360905,0.5602747960985294,26,374,0.06951871657754011
SC391_cnv_20_R35C68yesS_SC391_40_W_D2,7.618629,11.617275,3,0.8586328801969307,153.82150296426855,0.8660674961968056,0.4722725381065517,1.613801968133182,0.30964467005076146,0.5309628779728348,36,236,0.15254237288135594
SC391_cnv_20_R35C69yesS_SC391_40_W_D2,9.2507925,10.59532,3,0.9315571272688836,190.3628792385485,0.9266673659278017,0.46221629515209484,1.9558968329586996,0.35121951219512204,0.48178833594627835,29,227,0.1277533039647577
SC391_cnv_20_R35C71yesS_SC391_40_W_D2,6.1280227,13.055609,3,0.9607073849433959,185.1192595229619,0.9547988876098584,0.42377526478776123,1.5455380970872397,0.29166666666666663,0.5494305890466424,28,324,0.08641975308641975
SC391_cnv_20_R36C10yesS_SC391_39_W_A2,12.04324,10.594336,3,0.8885442424797818,154.3150341422013,0.89178647251145,0.46032847812112315,1.9015752155408228,0.3580246913580247,0.4177598036974666,31,239,0.1297071129707113
SC391_cnv_20_R36C14yesS_SC391_39_W_A2,9.078358,11.904069,3,1.014575671289021,164.6090534979424,1.0236001869859594,0.7023393245017459,1.8440154547600107,0.5291970802919708,0.5237641299701854,23,214,0.10747663551401869
SC391_cnv_20_R36C15yesS_SC391_39_W_A2,7.778803,11.380921,3,1.1349063351941346,160.2307322544464,0.6946161807643555,0.5999797438238478,1.284141129862262,0.5365853658536586,0.5492840230101184,10,97,0.10309278350515463
SC391_cnv_20_R36C21yesS_SC391_39_W_A1,7.6051636,9.300038,3,0.7339835446709733,90.08603216071349,0.7270327463330679,0.4221240776449667,1.2548222536772746,0.23841059602649012,0.45686043460377923,35,209,0.1674641148325359
SC391_cnv_20_R36C23yesS_SC391_39_W_A1,6.204257,12.113818,3,0.8562866858786854,0.0,0.0,0.44351706519469614,1.5379302311111873,0.3246753246753247,0.3561808154684315,12,146,0.0821917808219178
SC391_cnv_20_R36C40yesS_SC391_39_W_A1,9.168801,11.8994055,3,0.8546849970612269,149.30275612887812,0.8633976828523765,0.5460866102210754,2.3081199157590326,0.43715846994535523,0.5091728897449654,29,235,0.12340425531914893
SC391_cnv_20_R36C44yesS_SC391_39_W_A1,9.54906,11.73874,3,1.060443817613898,0.0,0.0,0.8147490651085528,1.6619398503326788,0.72,0.4530327553846553,23,135,0.17037037037037037
SC391_cnv_20_R36C52yesS_SC391_39_W_A2,7.4591527,9.958339,3,0.7522413892158135,103.5143108534755,0.7436726981721521,0.4227258683416759,1.166518258123287,0.25,0.47880623920294474,18,174,0.10344827586206896
SC391_cnv_20_R36C8yesS_SC391_39_W_A1,8.956411,11.74645,3,0.7821671070433407,99.08838684106223,0.7575911848871589,0.40212353140485096,1.380003993858879,0.34444444444444455,0.35192917072243407,31,223,0.13901345291479822
SC391_cnv_20_R37C0yesS_SC391_39_W_A1,8.065596,10.769115,3,0.8654019474968161,179.28215425436554,0.8784168556956494,0.678179084790328,1.7478030270237648,0.4242424242424243,0.5170487274930338,24,236,0.1016949152542373
SC391_cnv_20_R37C16yesS_SC391_39_W_A2,8.471912,12.534526,3,0.8860881837176144,200.0,0.8863218018714967,0.6194293830806784,1.8700320163258761,0.4607843137254901,0.512640498285767,10,125,0.08
SC391_cnv_20_R37C19yesS_SC391_39_W_A1,8.306744,9.183699,3,0.7691336101765202,106.28122010840686,0.680155706239059,0.6760934330956674,1.3226732416899396,0.4591836734693877,0.4001473410864012,25,122,0.20491803278688525
SC391_cnv_20_R37C24yesS_SC391_39_W_A1,7.6190844,9.241984,3,0.8073846322425464,159.43877551020407,0.8036393986696836,0.5226822426339814,1.6515156787552083,0.37168141592920356,0.43551369159995784,17,131,0.1297709923664122
SC391_cnv_20_R37C26yesS_SC391_39_W_A1,7.6063824,9.493204,3,0.7662837833550091,120.18508503094766,0.7841504659781994,0.42704858604333545,1.5191382412285788,0.2846153846153847,0.4354474896957932,32,186,0.17204301075268819
SC391_cnv_20_R37C27yesS_SC391_39_W_A2,8.066505,10.960347,3,0.741860753284265,74.31629013079666,0.6184678822845168,0.6043327379040857,1.2737952520697715,0.4873949579831933,0.4125612228268895,17,159,0.1069182389937107
SC391_cnv_20_R37C2yesS_SC391_39_W_A1,13.137593,11.708061,3,0.918234194894128,198.37333862328902,0.9075168768282317,0.6172870019042768,1.657205936199306,0.36170212765957444,0.44866978116839995,32,186,0.17204301075268819
SC391_cnv_20_R37C38yesS_SC391_39_W_A1,7.6306663,9.299667,3,0.8476248939977644,129.13223140495867,0.86730279052327,0.4995835692304064,1.7465228001481472,0.31818181818181823,0.5541443003430694,30,207,0.14492753623188406
SC391_cnv_20_R37C39yesS_SC391_39_W_A1,-0.879727,6.5636334,0,0.8464956442141749,118.14744801512288,0.8641509793709947,0.33520332427301835,2.047642595955838,0.30107526881720426,0.45590245197869383,0,199,0.0
SC391_cnv_20_R37C41yesS_SC391_39_W_A1,7.676317,9.217936,3,0.8249112012764614,144.17531718569782,0.8173213369709736,0.45823145533533727,1.7082926463973136,0.2628992628992629,0.47080348195357735,31,280,0.11071428571428571
SC391_cnv_20_R37C48yesS_SC391_39_W_A2,8.408212,12.285474,3,0.8230565837728853,119.44220490310252,0.8400130061565779,0.42762074487673674,1.6385326234706477,0.3076923076923077,0.5125258740211053,36,241,0.14937759336099585
SC391_cnv_20_R37C54yesS_SC391_39_W_A1,9.691067,8.534981,3,0.7875632471668988,116.54332498106172,0.7375646024087212,0.557625052027239,1.2111142953350735,0.34090909090909094,0.503929803550159,33,199,0.1658291457286432
SC391_cnv_20_R37C59yesS_SC391_39_W_A1,8.294473,12.329724,3,0.8588430284944457,150.94795314575535,0.8759107175481534,0.3564059143367962,1.2478213982777604,0.2142857142857143,0.4787615280303356,22,279,0.07885304659498207
SC391_cnv_20_R37C60yesS_SC391_39_W_A1,8.905457,10.048178,3,0.9315918712492868,209.75953929177552,0.9379789673815156,0.45806699788391825,1.7837111728265567,0.3700440528634361,0.4998901846539043,40,269,0.14869888475836432
SC391_cnv_20_R38C10yesS_SC391_39_W_A2,9.3970175,12.315382,3,0.7782088216708303,116.54332498106172,0.7447577901146312,0.5715109778397419,1.7115920083809277,0.4477611940298507,0.5020252307083898,16,198,0.08080808080808081
SC391_cnv_20_R38C14yesS_SC391_39_W_A2,7.85645,9.355361,3,0.8408577127585665,128.0,0.8474178890403709,0.5668145857518313,1.6291886851580295,0.35433070866141736,0.39432767727460494,19,154,0.12337662337662338
SC391_cnv_20_R38C23yesS_SC391_39_W_A1,8.093095,11.661964,3,0.8047821817994744,95.18143961927424,0.8028810881804876,0.40681914678834874,1.2663399601629615,0.29268292682926833,0.5392926371308767,26,225,0.11555555555555555
SC391_cnv_20_R38C28yesS_SC391_39_W_A2,11.592343,5.985693,3,0.8808981453777063,142.6872770511296,0.8376084870512428,0.6582038383700175,1.3780042026112551,0.47796610169491527,0.5679145155386256,25,208,0.1201923076923077
SC391_cnv_20_R38C30yesS_SC391_39_W_A2,8.005606,9.864768,3,0.8915257554029041,148.5111754659538,0.9030057679484398,0.45396160991733286,1.3583344347249597,0.31122448979591844,0.5105742042109653,27,263,0.10266159695817491
SC391_cnv_20_R38C32yesS_SC391_39_W_A2,8.997222,12.309197,3,0.7544794236588008,118.34319526627219,0.7636189091963207,0.43755558210893547,1.15686001275347,0.29007633587786263,0.5076194688896507,16,157,0.10191082802547771
SC391_cnv_20_R38C35yesS_SC391_39_W_A2,-0.35763228,6.0724177,0,0.7923357823275952,82.23458786765714,0.8005703750098357,0.14192904293023145,1.1172139812641437,0.16145833333333337,0.3969032367744626,2,221,0.00904977375565611
SC391_cnv_20_R38C42yesS_SC391_39_W_A1,7.612056,9.104666,3,0.8551904074948129,108.86921178690666,0.8686587915815314,0.5597325730425643,1.9536096580499507,0.3742331288343558,0.4329862908450943,32,197,0.16243654822335024
SC391_cnv_20_R38C45yesS_SC391_39_W_A2,7.784414,12.407932,3,0.8193578727908158,97.80429360848942,0.8069845246579027,0.5543384558331257,2.0176784663528635,0.36986301369863017,0.4817741430962677,26,222,0.11711711711711711
SC391_cnv_20_R38C47yesS_SC391_39_W_A2,8.986515,9.759906,3,0.8298536704864878,130.0728407908429,0.8154843741474223,0.33694246339745354,1.1926209749799952,0.2755905511811023,0.42855621417617584,12,143,0.08391608391608392
SC391_cnv_20_R38C4yesS_SC391_39_W_A1,5.444576,13.324007,3,0.7896388411600087,136.6026910730141,0.7954009123845015,0.41382471558489325,1.3086652998955086,0.3170731707317074,0.550588981865788,21,146,0.14383561643835616
SC391_cnv_20_R38C50yesS_SC391_39_W_A2,7.576308,9.744752,3,0.8608463670006021,148.720999405116,0.8540190445819932,0.5330222162724059,2.0821962957021753,0.352760736196319,0.43921699638160755,26,184,0.14130434782608695
SC391_cnv_20_R38C57yesS_SC391_39_W_A1,7.6958675,9.308918,3,0.8543905762286407,127.5380063258851,0.8543280771575748,0.46115549540006373,1.5535658311843774,0.2938144329896907,0.4820438292540684,34,241,0.14107883817427386
SC391_cnv_20_R38C61yesS_SC391_39_W_A1,7.465948,9.684087,3,0.9278810785358975,216.41274238227146,0.923876582210083,0.8693247830135171,2.259654089930269,0.7169811320754718,0.5623012825008301,32,247,0.12955465587044535
SC391_cnv_20_R38C66yesS_SC391_39_W_A2,5.2985106,13.21772,3,0.843247557592442,140.02660505496044,0.8409662314408124,0.4320643238918204,1.555903198318049,0.3125,0.5202091872004933,24,246,0.0975609756097561
SC391_cnv_20_R38C67yesS_SC391_39_W_A2,7.5848327,9.401976,3,0.8056202890923131,126.25943789298249,0.7966510354032081,0.40588442029480704,1.0495950819441604,0.17500000000000004,0.4328626009381684,38,248,0.1532258064516129
SC391_cnv_20_R38C71yesS_SC391_39_W_A2,12.321235,12.391014,3,1.0857523124347288,159.59653994701395,1.124484177882966,0.6333875325997022,2.7681966914735416,0.4689265536723164,0.4690201688158682,35,266,0.13157894736842105
SC391_cnv_20_R38C9yesS_SC391_39_W_A2,6.162736,11.868315,3,0.9278319657643771,206.75803402646503,0.9318818705786553,0.6117526094605886,2.8592673218710782,0.42162162162162165,0.48607151150627653,35,251,0.1394422310756972
SC391_cnv_20_R39C19yesS_SC391_39_W_A1,7.4113936,12.28534,3,0.9137426896920522,148.7800039674668,0.9125592448062676,0.526628913315051,1.8790194962486657,0.34285714285714275,0.4331713743481936,21,207,0.10144927536231885
SC391_cnv_20_R39C24yesS_SC391_39_W_A1,9.291692,12.174055,3,0.7714590300928247,73.05135510263716,0.7552110564883358,0.5117824678671756,1.5479642952384762,0.3529411764705882,0.4426516848187881,12,159,0.07547169811320754
SC391_cnv_20_R39C30yesS_SC391_39_W_A2,7.884479,8.688415,3,0.9046590541584062,192.0,0.7999673477937456,0.8641421768870384,1.1242836811218542,0.6976744186046511,0.5952478759816402,33,204,0.16176470588235295
SC391_cnv_20_R39C36yesS_SC391_39_W_A1,7.654033,9.4611,3,0.8165722051514817,118.34319526627219,0.8039911303183949,0.4788643670935993,1.7040321122235182,0.3609022556390977,0.4778440761302937,20,143,0.13986013986013987
SC391_cnv_20_R39C37yesS_SC391_39_W_A1,7.867195,9.702754,3,0.8054418036976001,122.0703125,0.812953800973626,0.5543161846622437,1.8258093551197427,0.3769230769230769,0.4993644090396457,40,201,0.19900497512437812
SC391_cnv_20_R39C41yesS_SC391_39_W_A1,8.652383,11.473006,3,0.9002292546987241,132.1178491214163,0.9065556084795667,0.32108392016550663,1.375377263263103,0.2586206896551724,0.5554199556068262,20,223,0.08968609865470852
SC391_cnv_20_R39C42yesS_SC391_39_W_A1,8.391907,11.034683,3,0.7984075251143317,108.13148788927336,0.7998924974346102,0.46291753820356774,1.7760533431730754,0.37410071942446044,0.4172808572688382,24,179,0.1340782122905028
SC391_cnv_20_R39C47yesS_SC391_39_W_A2,8.4412775,11.180949,3,0.6267856127807889,0.0,0.0,0.5146934188121205,1.1485637173021481,0.3529411764705883,0.4114096949020343,19,103,0.18446601941747573
SC391_cnv_20_R39C57yesS_SC391_39_W_A1,-0.88252115,5.9161735,0,0.6811880399390199,48.2253086419753,0.5929268420554108,0.04932318651479309,0.8087662143985651,0.08333333333333326,0.1907653582525822,1,178,0.0056179775280898875
SC391_cnv_20_R39C65yesS_SC391_39_W_A2,9.312253,10.068044,3,0.9475457561745618,212.58503401360542,0.9429334109193429,0.5521722451478464,1.754231385676757,0.36904761904761907,0.5119419150053928,32,213,0.15023474178403756
SC391_cnv_20_R39C7yesS_SC391_39_W_A1,8.010574,11.356587,3,1.174792902339474,70.61648188687239,0.9454746520477314,0.8194275590235129,1.5839505567530163,0.7037037037037037,0.511124452876391,14,185,0.07567567567567568
SC391_cnv_20_R39C9yesS_SC391_39_W_A2,8.005933,11.590937,3,0.9585585095532465,188.18924310286422,0.9666570479253606,0.6103930076851064,2.09301281144839,0.5202492211838006,0.4980072166150597,23,224,0.10267857142857142
SC391_cnv_20_R3C16yesS_SC391_39_W_A2,8.233208,10.231188,3,0.8308164075116293,85.73388203017832,0.8222983828698424,0.8467525823479041,0.7988181297108288,0.4377880184331797,0.4617526985612717,44,300,0.14666666666666667
SC391_cnv_20_R3C20yesS_SC391_39_W_A1,9.150374,12.4401455,3,0.8465676065456154,107.72766446423441,0.8412274904796447,0.39453469068697594,1.1484923217351075,0.23728813559322037,0.45484493798097153,34,343,0.09912536443148688
SC391_cnv_20_R3C25yesS_SC391_39_W_A1,7.601143,9.390525,3,0.8414518900565824,117.47200250606939,0.8484745094372806,0.446966409822175,1.3394157454420916,0.21777777777777785,0.5260385943796431,44,301,0.1461794019933555
SC391_cnv_20_R3C28yesS_SC391_39_W_A2,7.707013,11.947568,3,0.7853038804163741,92.59259259259258,0.7629388462524102,0.35195168951992045,0.9838197164968299,0.1611111111111111,0.4624576377804601,26,262,0.09923664122137404
SC391_cnv_20_R3C29yesS_SC391_39_W_A2,7.746881,11.0997305,3,0.9390526258167148,140.0535704907127,0.9524409586352188,0.44896040926378217,1.5861724426584773,0.2285115303983229,0.4959564306858668,44,336,0.13095238095238096
SC391_cnv_20_R3C30yesS_SC391_39_W_A2,8.107662,12.590808,3,0.8430289885594408,107.38543316599103,0.8572834649557444,0.39513478319055917,1.5249486520876891,0.26943005181347157,0.4946634758725166,33,256,0.12890625
SC391_cnv_20_R3C36yesS_SC391_39_W_A1,9.125889,12.37812,3,0.8491040972437575,98.76543209876543,0.8582266913842624,0.4319910827799814,1.3027658337519241,0.24663677130044848,0.4570149099503291,34,343,0.09912536443148688
SC391_cnv_20_R3C37yesS_SC391_39_W_A1,7.2753468,9.495932,3,0.9362485029529373,145.59926229707102,0.947682742220208,0.4292469692698381,1.560199075690396,0.2376237623762376,0.4622683045436091,40,231,0.17316017316017315
SC391_cnv_20_R3C39yesS_SC391_39_W_A1,7.689691,9.688399,3,0.7032872406982317,113.17338162064283,0.26278646095561375,0.7031684995633253,0.9291523550172913,0.5157894736842106,0.46980237303071665,29,193,0.15025906735751296
SC391_cnv_20_R3C40yesS_SC391_39_W_A1,7.695954,11.100463,3,0.896551492648748,109.17984103415145,0.8947184800204937,0.4518330046596586,1.9865632798271915,0.2962962962962963,0.537895401734929,36,282,0.1276595744680851
SC391_cnv_20_R3C42yesS_SC391_39_W_A1,8.816921,12.491807,3,0.8433534270005733,94.68501451836889,0.8427563124579975,0.3589614202799692,0.9362654050635841,0.202247191011236,0.4059259918258853,37,275,0.13454545454545455
SC391_cnv_20_R3C43yesS_SC391_39_W_A1,7.6149693,11.114401,3,0.8949380988162748,111.24955500178,0.9089376068090089,0.45614498621704513,2.0980917858958015,0.3113207547169812,0.44923420004667475,36,273,0.13186813186813187
SC391_cnv_20_R3C44yesS_SC391_39_W_A1,9.169532,12.472388,3,0.8148022854902516,98.02960494069208,0.8217890587399509,0.40412475133580184,1.3763177449464692,0.2722772277227723,0.4904766979645175,32,294,0.10884353741496598
SC391_cnv_20_R3C47yesS_SC391_39_W_A2,11.643766,12.391041,3,0.8177110792157765,88.999644001424,0.802310126206183,0.4986463052687054,1.8113352910785756,0.3732718894009217,0.4595372709712578,13,146,0.08904109589041095
SC391_cnv_20_R3C63yesS_SC391_39_W_A2,8.202913,12.252901,3,0.8636032718798483,115.62030292519366,0.8636761581341104,0.37522265634131835,1.0362065467663464,0.25,0.4080752726509542,25,229,0.1091703056768559
SC391_cnv_20_R3C69yesS_SC391_39_W_A2,8.213267,10.986604,3,0.8449133376344959,153.8935056940597,0.8136750348985222,0.4106055360821845,1.2429049533045031,0.3362068965517242,0.5430025206377047,11,158,0.06962025316455696
SC391_cnv_20_R3C71yesS_SC391_39_W_A2,8.797909,11.154827,3,0.8448469773687074,101.4061654948621,0.8440455230213331,0.4067897693866761,1.3026110254761538,0.27616279069767447,0.5490445383448856,38,241,0.15767634854771784
SC391_cnv_20_R40C17yesS_SC391_39_W_A2,7.868113,11.108596,3,0.7970082933205218,162.19723183391002,0.7985672770323461,0.5929451797256091,1.6609177563990023,0.42500000000000004,0.5190502573032234,14,197,0.07106598984771574
SC391_cnv_20_R40C25yesS_SC391_39_W_A1,8.223543,11.296625,3,0.8191612135443551,97.80429360848942,0.8045353705576316,0.5152929832538915,1.6205575689608818,0.39310344827586197,0.5377069552696203,22,210,0.10476190476190476
SC391_cnv_20_R40C2yesS_SC391_39_W_A1,8.666105,9.892441,3,0.8575711361204633,100.0,0.7653299507731556,0.5281130586502811,1.6722870988613776,0.42307692307692313,0.481123582341757,14,127,0.11023622047244094
SC391_cnv_20_R40C33yesS_SC391_39_W_A2,7.7120986,9.240882,3,0.8581517782019894,120.18508503094766,0.8571931650749783,0.4891286060411333,1.5867766815920232,0.32061068702290085,0.49391791601151785,17,177,0.096045197740113
SC391_cnv_20_R40C36yesS_SC391_39_W_A1,7.719609,9.670752,3,0.8189378623439164,105.03833899373271,0.7983912276246506,0.4993689836847314,1.7580841692291846,0.3652694610778443,0.48433794759446314,34,202,0.16831683168316833
SC391_cnv_20_R40C3yesS_SC391_39_W_A1,7.4125876,9.238006,3,0.7412452464455603,81.16224332440548,0.7060686387681531,0.4072077774991902,0.936180855215494,0.2857142857142857,0.5003871540660224,26,144,0.18055555555555555
SC391_cnv_20_R40C45yesS_SC391_39_W_A2,9.013319,11.173305,3,0.8510693480922241,106.29251700680271,0.8451363159602484,0.4393390432431825,1.8671462499882203,0.3035714285714286,0.47531972943816003,29,209,0.13875598086124402
SC391_cnv_20_R40C47yesS_SC391_39_W_A2,11.7967,11.353286,3,0.8798171467401367,88.8888888888889,0.863200150619449,0.5224399402222634,1.8041464063113954,0.39869281045751626,0.5091522470522509,27,222,0.12162162162162163
SC391_cnv_20_R40C50yesS_SC391_39_W_A2,8.062284,11.107105,3,1.1212180394717555,152.41579027587258,0.6484182313444702,0.744354107386938,1.8492405194094665,0.5731707317073171,0.4485455789310286,18,131,0.13740458015267176
SC391_cnv_20_R41C0yesS_SC391_39_W_A1,9.560031,10.919589,3,0.8666197530295702,125.0,0.888255526510299,0.4330319242604172,1.2549470069125177,0.24873096446700504,0.49553012711886935,33,264,0.125
SC391_cnv_20_R41C10yesS_SC391_39_W_A2,8.4735985,11.229462,3,0.7509207084675784,94.25959091337543,0.7000723699812469,0.46132280575901896,1.4923628293429305,0.37799043062200954,0.44288347677403883,18,142,0.1267605633802817
SC391_cnv_20_R41C12yesS_SC391_39_W_A2,9.030808,6.5943007,2,0.8972386544837512,119.25880651749377,0.8117655266011757,0.9323107112528949,1.5080490120352823,0.9739130434782609,0.44654035539544495,21,143,0.14685314685314685
SC391_cnv_20_R41C13yesS_SC391_39_W_A2,8.859493,11.591736,3,0.8878708317917526,172.1763085399449,0.8835230999588348,0.5032267499344749,2.1135798108098856,0.42647058823529416,0.4282298834399208,27,174,0.15517241379310345
SC391_cnv_20_R41C15yesS_SC391_39_W_A2,6.700816,12.542831,3,0.5907059204241045,0.0,0.0,0.4448082732451811,1.0410253611892806,0.3647058823529412,0.5061823147702802,16,122,0.13114754098360656
SC391_cnv_20_R41C23yesS_SC391_39_W_A1,7.9504476,9.296747,3,0.8422042274645775,126.25943789298249,0.8257395345158063,0.5493413104296919,1.602895810804931,0.39,0.5066639159518785,45,277,0.1624548736462094
SC391_cnv_20_R41C36yesS_SC391_39_W_A1,8.984574,11.356037,3,0.9324569183802511,220.5666111165572,0.9205150731229581,0.5924950909528222,2.008129932627458,0.3830845771144279,0.5140802868315957,35,265,0.1320754716981132
SC391_cnv_20_R41C39yesS_SC391_39_W_A1,-0.80210656,6.7741885,0,0.6071331214964796,132.1178491214163,0.5032218907359844,0.3834231229560669,1.423306708906179,0.3666666666666667,0.4005360068729051,0,101,0.0
SC391_cnv_20_R41C41yesS_SC391_39_W_A1,8.821601,12.443741,3,0.8398186648213638,141.23296377374479,0.8237707281309465,0.495330410159101,1.5933997468919519,0.3583333333333333,0.49667350158072615,20,169,0.11834319526627218
SC391_cnv_20_R41C48yesS_SC391_39_W_A2,8.528758,11.876427,3,0.7361169517209277,88.8888888888889,0.7212157348766112,0.46474052913140473,1.285785806739802,0.34640522875817004,0.4745596067673252,25,206,0.12135922330097088
SC391_cnv_20_R41C54yesS_SC391_39_W_A1,8.667062,12.173198,3,0.8464651818149909,170.87931648273405,0.8465007892201547,0.4377453245425362,1.323167198709549,0.3129770992366412,0.4409345568932666,24,170,0.1411764705882353
SC391_cnv_20_R41C62yesS_SC391_39_W_A1,7.548776,10.052246,3,0.8690576954584731,191.51584793641672,0.8693076694978614,0.5178504724551101,1.9164696803040393,0.37321937321937326,0.5180153293092951,34,231,0.1471861471861472
SC391_cnv_20_R41C64yesS_SC391_39_W_A2,10.538442,5.8463216,3,0.9102706684603105,177.7777777777778,0.8067635198248173,0.8476930223557015,1.8000390020593477,0.7605177993527508,0.6054035509662571,36,215,0.16744186046511628
SC391_cnv_20_R42C11yesS_SC391_39_W_A2,8.007312,10.734187,3,0.9302516786568713,226.12923285657754,0.9329645196764961,0.458495290817693,1.5691876143109034,0.32575757575757575,0.5642803007057908,17,141,0.12056737588652482
SC391_cnv_20_R42C23yesS_SC391_39_W_A1,-0.27048546,5.5645113,0,0.8522948731954678,87.34387282732116,0.8658930840390585,0.17704216006154408,1.4500774964616507,0.18604651162790697,0.34292579704184006,0,262,0.0
SC391_cnv_20_R42C29yesS_SC391_39_W_A2,8.230076,7.8639784,2,0.9263316710428388,188.18924310286422,0.9003016244520335,0.8152795145262339,2.69210726314396,0.5602409638554218,0.47230787353100695,22,254,0.08661417322834646
SC391_cnv_20_R42C30yesS_SC391_39_W_A2,7.1394987,10.50191,3,0.8823862744341505,142.98378563870855,0.8859654936044656,0.7339736194871568,2.7526878541250905,0.4184782608695652,0.48621231087169503,37,281,0.13167259786476868
SC391_cnv_20_R42C31yesS_SC391_39_W_A2,7.6722264,9.393967,3,0.6605203946363201,0.0,0.0,0.3392953333954596,0.8789450373591201,0.23076923076923073,0.41773670174130184,7,51,0.13725490196078433
SC391_cnv_20_R42C33yesS_SC391_39_W_A2,9.200518,12.421968,3,0.7292218958875346,94.25959091337543,0.7124158328870565,0.41282791801532126,1.222477324734033,0.29807692307692313,0.4777074017894254,10,150,0.06666666666666667
SC391_cnv_20_R42C40yesS_SC391_39_W_A1,7.612345,10.109449,3,0.9064062971195055,158.60323418428376,0.9074794919821267,0.6502298162775809,2.4135200879246193,0.46153846153846156,0.47067533177315285,48,284,0.16901408450704225
SC391_cnv_20_R42C46yesS_SC391_39_W_A2,9.028797,9.864885,3,0.9110283756360582,133.5453872209205,0.9147836191958658,0.22824317478386066,1.5844574940745169,0.181184668989547,0.43440197838560785,21,355,0.059154929577464786
SC391_cnv_20_R42C51yesS_SC391_39_W_A2,8.914327,12.36427,3,0.943174308041505,169.76007243096424,0.9526070352271989,0.4254120437262248,1.3680088092961011,0.2222222222222222,0.41960390594890207,33,255,0.12941176470588237
SC391_cnv_20_R42C54yesS_SC391_39_W_A1,7.513228,9.128811,3,0.8396055870254046,150.55139448229139,0.8480809317459135,0.4738314810767753,1.7726585244118764,0.34259259259259256,0.5548219537048701,26,215,0.12093023255813953
SC391_cnv_20_R42C57yesS_SC391_39_W_A1,8.448697,11.407162,3,0.8523733790541204,140.7629351082869,0.8525353205519711,0.4948305558014577,1.857411878275718,0.27802690582959644,0.48942494235084877,39,287,0.13588850174216027
SC391_cnv_20_R42C64yesS_SC391_39_W_A2,8.817767,11.32191,3,0.84332346760786,128.6008230452675,0.8606181604100656,0.43339115633672015,1.6454734647718081,0.2870370370370371,0.5390302812282991,34,263,0.12927756653992395
SC391_cnv_20_R42C65yesS_SC391_39_W_A2,10.676621,11.094877,3,0.9081409001212898,185.9504132231405,0.8928970800707375,0.48392312073911065,1.7975385512994584,0.3755656108597285,0.4293742090889632,37,287,0.1289198606271777
SC391_cnv_20_R42C68yesS_SC391_39_W_A2,7.25148,11.098028,3,0.9213116626899281,132.248892415526,0.8956974680766897,0.5378344391259919,2.688632554763039,0.3770491803278688,0.4484047637788139,33,245,0.1346938775510204
SC391_cnv_20_R42C7yesS_SC391_39_W_A1,8.09984,9.2545,3,0.7571632384946773,113.06461642828877,0.7333500390472228,0.4955166521560328,1.2780299303022669,0.2666666666666666,0.44298163282168307,22,183,0.12021857923497267
SC391_cnv_20_R43C16yesS_SC391_39_W_A2,10.856385,11.817303,3,0.8293487393237393,114.38702851096684,0.8509734223708414,0.5502399475623618,1.730253219947841,0.427027027027027,0.5757380910767531,22,238,0.09243697478991597
SC391_cnv_20_R43C30yesS_SC391_39_W_A2,7.7148347,11.16054,3,0.9079368981059805,176.1571321618884,0.8742568529338122,0.7640165683714678,1.6304865830809128,0.5263157894736843,0.5474624740804336,27,195,0.13846153846153847
SC391_cnv_20_R43C32yesS_SC391_39_W_A2,8.614889,11.932437,3,0.7378097856081481,102.03040506070809,0.6953231046958863,0.43423749233094394,1.3861386138613863,0.3465346534653465,0.5104495174580119,18,124,0.14516129032258066
SC391_cnv_20_R43C36yesS_SC391_39_W_A1,8.450247,12.291602,3,0.7402436591314216,120.75836251660427,0.6518203500985764,0.5416783279077145,1.4285503058107056,0.4516129032258065,0.511993628889463,16,122,0.13114754098360656
SC391_cnv_20_R43C40yesS_SC391_39_W_A1,10.163778,9.073453,3,0.697400670075401,132.1178491214163,0.581710760528462,0.547689791251708,1.389810885039661,0.3595505617977528,0.4856754826969437,3,102,0.029411764705882353
SC391_cnv_20_R43C45yesS_SC391_39_W_A2,8.804779,9.728035,3,0.8540541131284178,108.50694444444444,0.7641676845367488,0.5780372014461683,1.2625256983994828,0.4438775510204082,0.457066772796824,20,105,0.19047619047619047
SC391_cnv_20_R43C48yesS_SC391_39_W_A2,5.814298,12.7947235,3,0.866544936487246,188.9644746787604,0.8656919339485009,0.445410424725001,1.5557018563444807,0.34883720930232553,0.4967610687294632,17,154,0.11038961038961038
SC391_cnv_20_R43C61yesS_SC391_39_W_A1,7.657856,9.370731,3,0.7801016442282376,156.62933667475917,0.7555004485388201,0.49635882265966236,1.4159527806130012,0.37719298245614036,0.5527175327638013,22,133,0.16541353383458646
SC391_cnv_20_R43C63yesS_SC391_39_W_A2,8.29407,12.063963,3,0.8070176068143846,115.62030292519366,0.7850715744769245,0.5103428630335731,1.2408515856586622,0.3789473684210527,0.481441073435856,19,129,0.14728682170542637
SC391_cnv_20_R43C68yesS_SC391_39_W_A2,8.113162,11.068608,3,0.8467800467584282,121.70879143170107,0.8494523168079714,0.37298385546200435,1.1322418535226133,0.22580645161290325,0.45615002721227765,23,198,0.11616161616161616
SC391_cnv_20_R43C9yesS_SC391_39_W_A2,7.819972,6.211798,2,0.8385923872818787,126.25943789298249,0.838776464156537,0.5432987067023894,1.8633528805062634,0.35678391959799005,0.4927471650754658,29,258,0.1124031007751938
SC391_cnv_20_R44C0yesS_SC391_39_W_A1,8.021785,11.012404,3,0.8612557138397845,124.00024800049601,0.8542219470304457,0.4125287610086249,1.2571473097544623,0.21912350597609564,0.5164050408937976,37,308,0.12012987012987013
SC391_cnv_20_R44C25yesS_SC391_39_W_A1,8.032582,10.863424,3,0.9515198586990057,150.2313562886846,0.9530713228533617,0.45617675810065594,2.405620083242807,0.32170542635658905,0.4025382318050445,36,317,0.11356466876971609
SC391_cnv_20_R44C26yesS_SC391_39_W_A1,8.246,11.008841,3,0.8700395210606254,144.17531718569782,0.889620050761971,0.4631932942021822,2.0485029404348043,0.32512315270935965,0.5023203805160282,32,248,0.12903225806451613
SC391_cnv_20_R44C27yesS_SC391_39_W_A2,10.111529,11.545653,3,0.8052153445846094,70.02555932915514,0.7875774588337594,0.5435012105930855,1.1777162713340477,0.4277456647398844,0.3691470500062653,28,220,0.12727272727272726
SC391_cnv_20_R44C29yesS_SC391_39_W_A2,8.2172785,12.157271,3,0.8566443512532608,127.5380063258851,0.8637307096399507,0.5152632167597515,2.077246640227152,0.3869346733668342,0.48193906914084966,23,263,0.08745247148288973
SC391_cnv_20_R44C30yesS_SC391_39_W_A2,8.672833,9.772174,3,0.9807885892126114,183.14599024747602,0.9966505970019996,0.3152501253573714,1.2307455824552593,0.19711538461538458,0.4565720947412489,19,231,0.08225108225108226
SC391_cnv_20_R44C33yesS_SC391_39_W_A2,8.384847,9.677749,3,0.8145193744478572,110.80332409972299,0.8191812483671426,0.5094206358591203,1.5645710336693985,0.3085106382978724,0.49247779213533216,38,230,0.16521739130434782
SC391_cnv_20_R44C37yesS_SC391_39_W_A1,7.621227,9.841142,3,0.8969399870909113,95.12485136741974,0.9317582457785853,0.6594614442551019,2.0720724228999354,0.43333333333333335,0.49555411244030617,36,232,0.15517241379310345
SC391_cnv_20_R44C41yesS_SC391_39_W_A1,7.5225744,11.921485,3,0.9419791505277382,133.1360946745562,0.9526880073569809,0.4066233898640831,1.6163968088729739,0.26990291262135924,0.5289835082311981,32,339,0.0943952802359882
SC391_cnv_20_R44C44yesS_SC391_39_W_A1,7.779932,9.263777,3,0.8575090518936097,123.57884330202668,0.8675324605922079,0.5265443660823745,2.2024041932639187,0.3122362869198312,0.4608401697978005,49,298,0.1644295302013423
SC391_cnv_20_R44C46yesS_SC391_39_W_A2,7.633642,9.408547,3,0.8471047358416429,79.89408327246166,0.8528709479160974,0.4507218019949224,1.873072149359217,0.2602040816326531,0.38084324984963197,54,374,0.1443850267379679
SC391_cnv_20_R44C48yesS_SC391_39_W_A2,8.281261,9.379435,3,0.8660440130884224,106.82048816963093,0.8613243361494811,0.4731711691196201,2.1584041876481495,0.33193277310924363,0.4191700787919233,39,271,0.14391143911439114
SC391_cnv_20_R44C50yesS_SC391_39_W_A2,9.058458,10.804106,3,0.862156059849139,116.68883754580037,0.8509995298678866,0.5158117799276377,2.0591188184623217,0.35108958837772386,0.441535275993787,24,253,0.09486166007905138
SC391_cnv_20_R44C51yesS_SC391_39_W_A2,8.2472,11.06987,3,0.8919905570648448,106.29251700680271,0.9314933998774333,0.5612827818041276,2.2430085797314314,0.3772455089820359,0.46167448623397506,21,250,0.084
SC391_cnv_20_R44C5yesS_SC391_39_W_A1,8.530551,12.471706,3,0.9745511973790899,148.63258026159332,0.9733901312574834,0.6647090303685891,1.6561739321830564,0.5333333333333334,0.5429095252014077,19,166,0.1144578313253012
SC391_cnv_20_R44C67yesS_SC391_39_W_A2,9.294144,10.48509,3,1.4201790830563965,0.0,0.0,0.7924765242879002,1.96801785255507,0.6363636363636364,0.4930363334795308,18,102,0.17647058823529413
SC391_cnv_20_R45C14yesS_SC391_39_W_B2,8.532106,12.21456,3,0.8649164726305771,159.59653994701395,0.8694887675536134,0.5534169811920333,2.135552066355375,0.3876404494382022,0.45354412383315207,27,214,0.1261682242990654
SC391_cnv_20_R45C17yesS_SC391_39_W_B2,8.525785,9.398632,3,0.9924257406536,164.46647076882593,1.0176368987087305,0.5840219757656044,1.9925842753467484,0.504950495049505,0.6348949593476862,64,358,0.1787709497206704
SC391_cnv_20_R45C18yesS_SC391_39_W_B1,8.05783,11.37541,3,0.9009242335367467,118.34319526627219,0.8812280794515237,0.4743803667104999,1.5647456930409533,0.3955223880597015,0.4624247249103472,19,168,0.1130952380952381
SC391_cnv_20_R45C21yesS_SC391_39_W_B1,7.4694138,9.378058,3,0.9059413601873364,79.71938775510203,0.8787359241095268,0.49027870150640046,1.3876034324820148,0.37168141592920356,0.45707548748039845,37,197,0.18781725888324874
SC391_cnv_20_R45C25yesS_SC391_39_W_B1,8.225414,11.671443,3,0.8272155286460567,80.4359629190211,0.8331444969673731,0.40946135014243423,1.7691904256806756,0.3004484304932735,0.48086528816300683,33,286,0.11538461538461539
SC391_cnv_20_R45C27yesS_SC391_39_W_B2,-0.66747844,6.7383375,0,0.8200043641657137,116.439286615304,0.8508281805524329,0.3100565142134531,1.9951813371214502,0.29074889867841414,0.37890648128098925,0,277,0.0
SC391_cnv_20_R45C28yesS_SC391_39_W_B2,8.25013,11.172934,3,0.8169825258475136,114.38702851096684,0.8188389102044121,0.4464340597441832,1.7230573150883415,0.32795698924731176,0.5393805618328849,35,228,0.15350877192982457
SC391_cnv_20_R45C32yesS_SC391_39_W_B2,7.9345036,9.3833,3,0.7848142358087045,91.30752373995617,0.7528411260460335,0.4706967766614657,1.499913473400188,0.2684563758389262,0.4507421443651655,25,186,0.13440860215053763
SC391_cnv_20_R45C39yesS_SC391_39_W_B1,-0.4707832,6.814464,0,0.7783112559982939,88.16592827701734,0.7921646861610533,0.33521114466574325,2.1247387386655294,0.29032258064516125,0.4537732316361999,0,243,0.0
SC391_cnv_20_R45C40yesS_SC391_39_W_B1,9.154986,12.375182,3,0.8572636124055729,131.01580924098175,0.8627007083645936,0.5014810449309556,2.338199916094541,0.34345794392523366,0.3685976994473083,28,314,0.08917197452229299
SC391_cnv_20_R45C43yesS_SC391_39_W_B1,6.901423,11.982021,3,0.9689729528104211,181.40589569160997,1.0012358110582205,0.43566003322020996,1.8116488535213766,0.30097087378640774,0.532191401862402,21,271,0.07749077490774908
SC391_cnv_20_R45C4yesS_SC391_39_W_B1,7.792717,12.007481,3,0.8710797203329902,129.19827089647453,0.8509643341320062,0.3831959512090713,1.445312239322634,0.20833333333333337,0.5283082118584749,23,313,0.07348242811501597
SC391_cnv_20_R45C51yesS_SC391_39_W_B2,9.357087,12.300023,3,0.8906243821553661,180.37053260841557,0.8963149938904414,0.6061312957317398,1.9239058442797288,0.47715736040609147,0.5559746378903586,28,231,0.12121212121212122
SC391_cnv_20_R45C52yesS_SC391_39_W_B2,7.462826,9.4496,3,0.8883240673945763,182.61504747991233,0.915364447749444,0.5485116597974982,1.8118736404392441,0.43150684931506844,0.4866903845638342,30,182,0.16483516483516483
SC391_cnv_20_R45C58yesS_SC391_39_W_B1,8.86136,11.635211,3,0.8502140713649599,122.5468741793736,0.857093115131711,0.3533380907196911,1.8106522336765338,0.2489539748953975,0.3883152392286558,25,305,0.08196721311475409
SC391_cnv_20_R45C60yesS_SC391_39_W_B1,-0.5344351,6.463637,0,0.8645752132360066,158.8870842454629,0.8723431220001865,0.2795941090156438,2.0158492434177155,0.2384937238493724,0.4662571416113352,1,247,0.004048582995951417
SC391_cnv_20_R45C63yesS_SC391_39_W_B2,7.310934,11.567597,3,0.8864813564442876,149.92222784430575,0.8930328492719907,0.47384228502274917,2.0127379001781334,0.32751091703056767,0.4888140180197065,35,284,0.12323943661971831
SC391_cnv_20_R46C11yesS_SC391_39_W_B2,9.182464,11.259147,3,0.8099435040667525,96.84917355371901,0.8157772840824179,0.49219281168832985,1.4913099612917884,0.27873563218390807,0.5966954387531936,23,220,0.10454545454545454
SC391_cnv_20_R46C15yesS_SC391_39_W_B2,8.497388,11.942336,3,0.6731965220118791,132.1178491214163,0.5786769398952335,0.5193825480874468,1.2556038525890407,0.47777777777777775,0.5579962885746991,7,114,0.06140350877192982
SC391_cnv_20_R46C19yesS_SC391_39_W_B1,-0.66820896,6.184717,0,0.6544192222030121,73.05135510263716,0.7179017953204174,0.07003731640031426,0.8478985006610491,0.10256410256410264,0.19123137067039353,1,154,0.006493506493506494
SC391_cnv_20_R46C20yesS_SC391_39_W_B1,8.180891,9.564246,3,0.9091936891898101,144.86192847442283,0.9093768092233494,0.5341534274949782,2.0363780677338204,0.36016949152542377,0.4276622673559198,47,314,0.14968152866242038
SC391_cnv_20_R46C24yesS_SC391_39_W_B1,-0.9157168,6.5133286,0,0.6576196657139646,71.81844297615628,0.6751723613678322,0.263715546303388,1.5679594079214318,0.2583333333333333,0.43420385373879605,0,131,0.0
SC391_cnv_20_R46C27yesS_SC391_39_W_B2,7.684527,9.0837145,3,0.895727230579418,135.20822065981613,0.9040149473447453,0.4576219318595017,1.2322174236206362,0.3063583815028901,0.4178403591783596,31,230,0.13478260869565217
SC391_cnv_20_R46C28yesS_SC391_39_W_B2,8.954315,11.291048,3,0.8647434490573044,120.18508503094766,0.8220629631423096,0.6744762515429463,1.8583625803706463,0.5,0.5277981031163662,31,183,0.16939890710382513
SC391_cnv_20_R46C29yesS_SC391_39_W_B2,8.609089,6.958655,2,0.7905935874534245,114.7842056932966,0.7044649634674474,0.7866763970336147,1.5092215921539998,0.6370370370370371,0.42725972930958495,25,225,0.1111111111111111
SC391_cnv_20_R46C44yesS_SC391_39_W_B1,7.6910543,9.23942,3,0.9264125780171223,157.22917274993824,0.9136081532438078,0.637233386173004,1.9165302465794454,0.4893617021276596,0.5335211021996806,49,282,0.17375886524822695
SC391_cnv_20_R46C46yesS_SC391_39_W_B2,7.5733633,9.759613,3,0.8641999286183332,115.62030292519366,0.8420746818419121,0.49307198532373536,1.906298815041232,0.3584905660377358,0.49164802955066933,53,265,0.2
SC391_cnv_20_R46C48yesS_SC391_39_W_B2,9.027691,12.54483,3,0.8411150320402497,128.83609472029684,0.8269061043413423,0.570433767355307,1.873929214141219,0.37948717948717947,0.5242700968471514,28,263,0.10646387832699619
SC391_cnv_20_R46C53yesS_SC391_39_W_B2,8.563346,11.953807,3,0.8665407326274142,147.3595019248835,0.8653408083798525,0.5795215390229884,2.248210107541686,0.4170212765957446,0.45305963141671807,31,352,0.08806818181818182
SC391_cnv_20_R46C55yesS_SC391_39_W_B1,9.027403,12.582231,3,0.9076432246736521,182.61504747991233,0.9564338709685317,0.6426254021366704,1.9905076043884704,0.45578231292517,0.41580337251563776,17,188,0.09042553191489362
SC391_cnv_20_R46C57yesS_SC391_39_W_B1,7.985999,9.19096,3,0.8829883299492761,140.02660505496044,0.8953690014606012,0.47441866117307385,2.0181289768840793,0.33171912832929773,0.4320362169646554,37,269,0.137546468401487
SC391_cnv_20_R46C5yesS_SC391_39_W_B1,8.447228,12.215109,3,0.8563999391054504,143.4257234034924,0.8699828055445585,0.45163976056428357,2.2353818223222897,0.32335329341317376,0.3224155934023394,24,220,0.10909090909090909
SC391_cnv_20_R46C63yesS_SC391_39_W_B2,7.8208055,9.290532,3,0.8651203104540559,119.44220490310252,0.8742989535676776,0.4281214579325928,1.7153749705189965,0.29700272479564027,0.5242734196500485,44,242,0.18181818181818182
SC391_cnv_20_R46C66yesS_SC391_39_W_B2,11.026664,11.299026,3,0.8551292736657407,210.03990758244066,0.7726941956204938,0.733121298585016,1.3169543650044913,0.5972222222222222,0.5789352704779142,23,100,0.23
SC391_cnv_20_R46C67yesS_SC391_39_W_B2,7.69277,9.125414,3,0.8781538920868939,163.26530612244898,0.886029400298443,0.6630571142712386,1.6667211634974857,0.4252873563218391,0.4080436206754721,45,261,0.1724137931034483
SC391_cnv_20_R46C6yesS_SC391_39_W_B1,8.498263,11.984139,3,0.8335239963849987,130.6122448979592,0.8482349848021624,0.43758857499813403,1.7819777810067658,0.3257142857142856,0.5332142689271229,21,195,0.1076923076923077
SC391_cnv_20_R46C7yesS_SC391_39_W_B1,7.808013,9.799542,3,0.9024632956643334,201.55872077398547,0.8889457814188996,0.6768935030352841,2.234961967518035,0.5680000000000001,0.4732968971661876,26,162,0.16049382716049382
SC391_cnv_20_R46C9yesS_SC391_39_W_B2,7.9200206,10.192977,3,0.8985590695452385,135.12904824107022,0.8896002769375682,1.0482785431893304,1.4492590260960667,0.9834710743801653,0.5268416516640788,20,213,0.09389671361502347
SC391_cnv_20_R47C11yesS_SC391_39_W_B2,-0.48898992,6.4809837,0,0.7765390663293656,75.27569724114569,0.7902065542089582,0.19840248624471035,1.0172359044564727,0.19753086419753085,0.4581209457622312,0,170,0.0
SC391_cnv_20_R47C17yesS_SC391_39_W_B2,7.7677565,9.411313,3,0.7970339004028297,122.53700617586512,0.7875076824721332,0.6196401495393796,1.7916495726198458,0.4328358208955224,0.5081241554212463,42,275,0.15272727272727274
SC391_cnv_20_R47C20yesS_SC391_39_W_B1,8.595127,11.66715,3,0.8658810489628962,111.474435196195,0.8665113308197383,0.3502292860858547,1.3466824717510897,0.25217391304347836,0.5107571144396984,31,308,0.10064935064935066
SC391_cnv_20_R47C24yesS_SC391_39_W_B1,8.750573,11.814015,3,0.7187137537360332,95.12485136741974,0.7097144717616761,0.3430774500128109,1.2117853535468583,0.28859060402684555,0.49504269544379137,28,194,0.14432989690721648
SC391_cnv_20_R47C2yesS_SC391_39_W_B1,7.5734215,9.264125,3,0.870034773224283,152.41579027587258,0.8490156666638975,0.637813973540339,1.406540880517296,0.40372670807453415,0.49043361077910796,39,229,0.1703056768558952
SC391_cnv_20_R47C30yesS_SC391_39_W_B2,7.8859057,9.343235,3,0.8134225895329296,109.64611715687619,0.8211297067595856,0.5502996823782429,1.7731677025734855,0.4421052631578948,0.5593563951331084,33,243,0.13580246913580246
SC391_cnv_20_R47C33yesS_SC391_39_W_B2,7.982443,9.4068575,3,0.5869513410337166,0.0,0.0,0.474004253593333,1.3268055978229567,0.41666666666666663,0.49959838548908786,9,73,0.1232876712328767
SC391_cnv_20_R47C34yesS_SC391_39_W_B2,8.90205,8.912653,3,0.8934197643178329,153.67802745714093,0.8985231738336394,0.5097483480953018,1.969607204969241,0.3539094650205762,0.5995541163112217,41,274,0.14963503649635038
SC391_cnv_20_R47C38yesS_SC391_39_W_B1,-0.52359873,5.8156466,0,0.7788075880263241,87.34387282732116,0.7813398028018976,0.17282005922716837,1.5190406257785551,0.1527777777777778,0.3060087429602494,2,246,0.008130081300813009
SC391_cnv_20_R47C46yesS_SC391_39_W_B2,-0.63225424,6.2949586,0,0.8333450327544463,110.20741034627169,0.8520306279336218,0.2712093915338999,2.081122717064688,0.24882629107981225,0.38318575936871996,0,256,0.0
SC391_cnv_20_R47C50yesS_SC391_39_W_B2,7.48282,9.130402,3,0.8579479896805617,154.3150341422013,0.8925346464099043,0.6060192942783613,2.0090988739749998,0.44126984126984126,0.44707645874455354,31,226,0.13716814159292035
SC391_cnv_20_R47C56yesS_SC391_39_W_B1,9.337988,8.508814,3,0.9299388657028065,180.37053260841557,0.9282245695141211,0.5618385425143392,2.3560135142610585,0.455919395465995,0.4977380822357648,34,233,0.1459227467811159
SC391_cnv_20_R47C57yesS_SC391_39_W_B1,7.9278374,8.868182,3,0.9060991991461875,156.18492294877134,0.8873059351006694,0.6147209789167025,1.8508876959554432,0.4256410256410257,0.550926162132568,29,271,0.1070110701107011
SC391_cnv_20_R47C61yesS_SC391_39_W_B1,7.166303,10.619242,3,0.9923626978222766,212.08407955509475,0.9816052573599658,0.604073042675286,2.806845344350937,0.4014598540145986,0.4629527673884415,35,261,0.13409961685823754
SC391_cnv_20_R47C63yesS_SC391_39_W_B2,8.459591,12.120635,3,0.8440133783190436,122.84760754284311,0.8526911254877154,0.45506398737393366,1.4436753149087456,0.296875,0.5303808131845921,30,260,0.11538461538461539
SC391_cnv_20_R47C64yesS_SC391_39_W_B2,8.654083,11.523216,3,0.8991117083163637,152.85177744781203,0.9048429364731474,0.5404761665926884,1.888676948401323,0.3584905660377359,0.40959987326457575,27,227,0.11894273127753303
SC391_cnv_20_R47C66yesS_SC391_39_W_B2,5.7550907,12.930303,3,0.8418240711602334,152.27556801959278,0.8187335196825013,0.5148152611897809,1.7180073223218582,0.395,0.5460078024785201,22,252,0.0873015873015873
SC391_cnv_20_R47C68yesS_SC391_39_W_B2,7.5988193,9.426868,3,0.8524968492583315,132.16936182023645,0.8635436288691788,0.46919778744289153,1.4801702866168864,0.23958333333333326,0.4934374730513239,29,268,0.10820895522388059
SC391_cnv_20_R48C10yesS_SC391_39_W_B2,7.694459,9.083134,3,0.7976059768712096,106.29251700680271,0.8182188712924925,0.5359616635745947,1.30210256913683,0.3173652694610778,0.4865722955198026,27,184,0.14673913043478262
SC391_cnv_20_R48C13yesS_SC391_39_W_B2,-0.6931245,6.552929,0,0.7974990645258463,88.61058601134216,0.8010835744818529,0.3085734858004636,1.7641838530861085,0.2540540540540541,0.49075977100441043,5,206,0.024271844660194174
SC391_cnv_20_R48C16yesS_SC391_39_W_B2,7.4461684,9.630851,3,0.8216130105932453,116.87363038714389,0.8348819956038738,0.4753952836869293,1.468673561687651,0.3297297297297297,0.5433489830820414,21,239,0.08786610878661087
SC391_cnv_20_R48C17yesS_SC391_39_W_B2,6.110188,12.900841,3,0.8082757275644554,116.87363038714389,0.8297716243787555,0.44591340888949454,1.4159271534198814,0.3135135135135134,0.5346746059508063,43,258,0.16666666666666666
SC391_cnv_20_R48C21yesS_SC391_39_W_B1,7.7416515,9.577679,3,0.9471449392384771,162.27838857560144,0.9405196923143249,0.5016150116147797,1.2422648381288948,0.2990353697749195,0.545662677813754,35,206,0.16990291262135923
SC391_cnv_20_R48C22yesS_SC391_39_W_B1,9.510547,10.798475,3,0.8152409025237042,113.06461642828877,0.7743603274166443,0.47976430980953194,1.2273182189613376,0.274074074074074,0.5062300936159686,25,164,0.1524390243902439
SC391_cnv_20_R48C23yesS_SC391_39_W_B1,8.47497,9.355515,3,0.8137900527998648,48.2253086419753,0.6904207917431029,1.0787391320425264,1.2018311725988124,0.9897959183673469,0.590389651283221,33,178,0.1853932584269663
SC391_cnv_20_R48C34yesS_SC391_39_W_B2,10.184344,8.6722145,3,0.8114637731516825,129.13223140495867,0.8218020453554982,0.46057071782291137,1.8261631568441246,0.3220338983050848,0.5037944324136778,23,221,0.10407239819004525
SC391_cnv_20_R48C35yesS_SC391_39_W_B2,8.192763,12.51009,3,0.8541244661547964,150.55139448229139,0.8528563208735993,0.5541851020227508,2.172558904440389,0.41975308641975306,0.5190366463610219,16,201,0.07960199004975124
SC391_cnv_20_R48C40yesS_SC391_39_W_B1,-0.5699965,6.70196,0,0.7516396895571965,94.68501451836889,0.7688925203990183,0.27600787686193595,1.6314908706803393,0.27071823204419887,0.4184457717169577,0,199,0.0
SC391_cnv_20_R48C50yesS_SC391_39_W_B2,7.640764,9.408559,3,0.8189168145819656,117.1875,0.8412118775487281,0.5357793236687987,1.7368658599142093,0.36477987421383645,0.45422478373072256,28,186,0.15053763440860216
SC391_cnv_20_R48C51yesS_SC391_39_W_B2,7.495768,9.595105,3,0.695145759207285,0.0,0.0,0.6410144189097121,1.497607152850818,0.49367088607594933,0.43887077730966906,11,123,0.08943089430894309
SC391_cnv_20_R48C52yesS_SC391_39_W_B2,8.868384,11.498808,3,0.8634187405816319,138.83104262113008,0.9030023153934125,0.4838039792302343,1.8664634599584584,0.3310344827586207,0.4925886373018147,15,185,0.08108108108108109
SC391_cnv_20_R48C56yesS_SC391_39_W_B1,7.5597534,9.750666,3,0.8847503012652559,128.83609472029684,0.902649979590723,0.5576556209468279,1.8864783273392465,0.4693877551020408,0.528131504135649,46,245,0.18775510204081633
SC391_cnv_20_R48C58yesS_SC391_39_W_B1,9.242021,12.196053,3,0.8391031396615667,143.4257234034924,0.8480978806454619,0.5042871198010028,1.5538374472086178,0.37195121951219523,0.49881965512579324,23,213,0.107981220657277
SC391_cnv_20_R48C61yesS_SC391_39_W_B1,9.031016,12.345355,3,0.7402754734675758,106.28122010840686,0.6933772905691058,0.6037868607464083,1.401207922675816,0.3711340206185567,0.5134114040986788,13,126,0.10317460317460317
SC391_cnv_20_R48C64yesS_SC391_39_W_B2,-0.8321375,6.8602705,0,0.7862056465400364,92.55402841408673,0.8084424119047634,0.2040375511061813,1.350472906933547,0.19727891156462585,0.42554487532353724,1,156,0.00641025641025641
SC391_cnv_20_R48C6yesS_SC391_39_W_B1,6.9402847,12.197977,3,1.0187941892115384,105.01995379122033,1.0148962616681863,0.4751968247635474,1.6400752678886206,0.3285714285714286,0.5562412855854736,23,203,0.11330049261083744
SC391_cnv_20_R49C10yesS_SC391_39_W_B2,9.385689,10.555381,3,0.913346536533617,160.2307322544464,0.9086670852847467,0.4321393049195801,1.9318780481305442,0.30379746835443033,0.44515770994002435,17,185,0.0918918918918919
SC391_cnv_20_R49C13yesS_SC391_39_W_B2,7.4129558,8.980921,3,0.810046843318041,122.09639510393454,0.8107846729897815,0.568221989819028,1.7545713711209714,0.4392265193370166,0.49050237869133445,26,237,0.10970464135021098
SC391_cnv_20_R49C20yesS_SC391_39_W_B1,8.285093,10.51986,3,0.9850315885639316,165.77943966549395,0.992369461696298,0.5266292162225729,1.9661598020353233,0.3017241379310345,0.45674451872480054,33,287,0.11498257839721254
SC391_cnv_20_R49C26yesS_SC391_39_W_B1,9.045246,11.280085,3,0.825522722916396,110.19283746556474,0.8503581896553123,0.590984393099325,1.7311915820812978,0.37730061349693256,0.4700648158161879,22,237,0.09282700421940929
SC391_cnv_20_R49C27yesS_SC391_39_W_B2,10.15783,6.1114793,3,0.8135395620101726,122.53700617586512,0.8274179021064008,0.5775901244902621,2.0501889209655153,0.4154228855721393,0.4516088884885162,38,256,0.1484375
SC391_cnv_20_R49C2yesS_SC391_39_W_B1,7.6242204,9.19271,3,0.8111000685727094,130.6122448979592,0.8101481096571111,0.5433858116737933,1.4049921606731364,0.3670520231213873,0.5989195286558414,28,213,0.13145539906103287
SC391_cnv_20_R49C32yesS_SC391_39_W_B2,8.234458,12.183067,3,0.8223296141549709,103.5143108534755,0.7927254515227031,0.48698700780082743,1.6221140870871031,0.4042553191489362,0.4984723304230018,18,179,0.1005586592178771
SC391_cnv_20_R49C33yesS_SC391_39_W_B2,9.250375,11.991312,3,0.9141153666030227,137.05764644609522,0.9015087712097563,0.42330590710197413,1.4324611281371753,0.34536082474226804,0.5068068624414764,29,261,0.1111111111111111
SC391_cnv_20_R49C34yesS_SC391_39_W_B2,8.994592,12.115976,3,0.8649124934193584,144.52537865649208,0.865723128338063,0.5301368288477664,2.0541929848511344,0.3449197860962567,0.5285302441418726,27,251,0.10756972111553785
SC391_cnv_20_R49C36yesS_SC391_39_W_B1,-0.753742,6.8495593,0,0.8199548562881886,132.248892415526,0.8252040379286683,0.3007214963128543,2.2433459135477984,0.27314814814814814,0.42517237649150164,0,265,0.0
SC391_cnv_20_R49C42yesS_SC391_39_W_B1,8.303695,11.095171,3,0.9077153795055308,135.63368055555557,0.9108829352546388,0.5111280253422642,1.913727701172899,0.3435897435897435,0.503533363258789,29,279,0.1039426523297491
SC391_cnv_20_R49C50yesS_SC391_39_W_B2,9.217791,11.222751,3,0.8407380879688539,87.65522279035793,0.8180220177132262,0.7935327484984774,1.133368452497638,0.8217270194986073,0.4463537632656161,33,304,0.10855263157894737
SC391_cnv_20_R49C51yesS_SC391_39_W_B2,7.7330704,11.320619,3,0.9153761589937728,103.59406664983264,0.9313218657560336,0.7164160760387346,2.1666848311819904,0.44723618090452266,0.608901347348278,34,287,0.11846689895470383
SC391_cnv_20_R49C58yesS_SC391_39_W_B1,8.137084,11.894956,3,0.9932479677166082,90.56877188745321,1.0171120894169086,0.6051044236904517,2.204805299006283,0.38718662952646243,0.4953493905233078,23,281,0.08185053380782918
SC391_cnv_20_R49C66yesS_SC391_39_W_B2,9.108522,12.486753,3,0.9758516420060893,91.57229632795092,0.9801375773377556,0.4109027336255563,1.7173603705391698,0.24861878453038677,0.32344109512836416,23,253,0.09090909090909091
SC391_cnv_20_R49C71yesS_SC391_39_W_B2,8.034444,9.800195,3,1.2650392317766674,216.26297577854672,1.383653922034403,0.7195585942762686,2.259429196642489,0.5698924731182795,0.6316496259377465,31,218,0.14220183486238533
SC391_cnv_20_R49C7yesS_SC391_39_W_B1,8.103184,11.883165,3,0.7771297873260699,115.02075166061209,0.7335699626464629,0.6062355505080912,1.3649795814250298,0.4868804664723032,0.5209507283690535,23,225,0.10222222222222223
SC391_cnv_20_R4C18yesS_SC391_39_W_A1,7.7712216,9.074658,3,8.930697198133427e-05,0.0,0.0,0.41258592705772607,0.9963813701231687,0.2833333333333333,0.44084706703088794,13,69,0.18840579710144928
SC391_cnv_20_R4C29yesS_SC391_39_W_A2,7.9171796,11.244337,3,0.9818670799288883,189.03591682419662,0.952328096718572,0.5975928085804538,1.9624953356145225,0.4420600858369099,0.4203123976236007,50,269,0.18587360594795538
SC391_cnv_20_R4C33yesS_SC391_39_W_A2,7.8976846,7.2647634,2,0.8566822907117709,221.60664819944597,0.8463499587204657,0.5217784039025839,1.2917926685854475,0.34375,0.3664135614398408,12,126,0.09523809523809523
SC391_cnv_20_R4C38yesS_SC391_39_W_A1,7.8706207,7.4154286,2,0.8836808479837631,131.01580924098175,0.8183619874267548,0.7634829168445832,1.411957591200708,0.555045871559633,0.5196667053565999,42,309,0.13592233009708737
SC391_cnv_20_R4C44yesS_SC391_39_W_A1,-0.76447713,6.1428776,0,0.7796456514894913,83.98421096833795,0.782007569833276,0.09766908057079826,1.0014965985253612,0.10582010582010581,0.30205661589994875,0,222,0.0
SC391_cnv_20_R4C45yesS_SC391_39_W_A2,8.633054,11.812815,3,0.8698950053099248,112.84070841396742,0.8774835839800555,0.33392173161376476,1.002222178378703,0.1875,0.41189847803211954,30,310,0.0967741935483871
SC391_cnv_20_R4C4yesS_SC391_39_W_A1,7.287401,11.1675415,3,0.9156560636747195,158.8870842454629,0.8922045988707081,0.45963485383330394,2.2858325721815667,0.34166666666666656,0.5366981844201061,35,311,0.11254019292604502
SC391_cnv_20_R4C50yesS_SC391_39_W_A2,7.569728,9.938143,3,0.9229826966924883,202.33553011908893,0.9076849330042668,0.6294827393169291,1.7563513968079492,0.47169811320754707,0.6104882115259743,35,273,0.1282051282051282
SC391_cnv_20_R4C56yesS_SC391_39_W_A1,7.5200076,10.235845,3,0.9054805209875597,117.57592045149154,0.9023073605962052,0.4997883041749842,1.4627675741128816,0.308641975308642,0.4710548618348129,42,351,0.11965811965811966
SC391_cnv_20_R4C63yesS_SC391_39_W_A2,9.012118,9.686677,3,0.9071916248225474,134.17595835178253,0.9115426882216695,0.33209897553861234,1.2745911685963445,0.2583025830258303,0.5224750014422955,18,324,0.05555555555555555
SC391_cnv_20_R4C67yesS_SC391_39_W_A2,7.3025885,12.246085,3,0.8752641927660392,136.05442176870747,0.8509697190543724,0.6589255933951385,1.6533983429401062,0.3952380952380953,0.5408261686209875,35,312,0.11217948717948718
SC391_cnv_20_R4C70yesS_SC391_39_W_A2,8.729833,6.066959,2,0.8065265484823378,110.80332409972299,0.5079621440602584,0.7208069023949673,1.1071333045141438,0.5833333333333333,0.4810613806695163,27,135,0.2
SC391_cnv_20_R50C14yesS_SC391_39_W_B2,8.472936,11.723745,3,0.7719020763415926,85.43722499893204,0.773051252943755,0.49355293908824066,1.8016868047935888,0.34615384615384615,0.5456659581385823,31,180,0.17222222222222222
SC391_cnv_20_R50C21yesS_SC391_39_W_B1,6.312374,12.562251,3,0.9470816485940013,181.4486863115111,0.959397700461739,0.45978579484853327,1.7740733500259642,0.3373493975903614,0.5144152614473113,18,185,0.0972972972972973
SC391_cnv_20_R50C22yesS_SC391_39_W_B1,5.8035965,12.791944,3,0.7312141302003845,124.00024800049601,0.738184035275217,0.496313369991796,1.298397546104082,0.34883720930232553,0.5206690466848578,12,163,0.0736196319018405
SC391_cnv_20_R50C26yesS_SC391_39_W_B1,7.6846914,9.143949,3,0.8089786060139227,102.59567046270648,0.81452956004665,0.42501298272576815,1.2908467342784542,0.22807017543859653,0.4523184243707647,34,252,0.1349206349206349
SC391_cnv_20_R50C27yesS_SC391_39_W_B2,8.988226,11.597646,3,0.9092985862524221,159.59653994701395,0.9166501264031257,0.5309940192916247,1.706989019331979,0.44571428571428573,0.5315321489896099,33,212,0.15566037735849056
SC391_cnv_20_R50C29yesS_SC391_39_W_B2,8.8759,9.338053,3,0.8116499204786229,104.12328196584757,0.8133852482161704,0.39036482774104153,1.2947945366852571,0.29411764705882354,0.47213537737560984,26,218,0.11926605504587157
SC391_cnv_20_R50C32yesS_SC391_39_W_B2,7.4647536,12.128328,3,0.7443561872785984,127.67723195761117,0.6999335089414012,0.644917022910068,1.4889292804601029,0.43333333333333335,0.526618944142792,22,148,0.14864864864864866
SC391_cnv_20_R50C38yesS_SC391_39_W_B1,-0.73864806,6.1314235,0,0.7504704078450494,89.58165367732688,0.7616871370084738,0.2122090394880576,1.310356464043033,0.20540540540540542,0.4298061638299402,1,210,0.004761904761904762
SC391_cnv_20_R50C39yesS_SC391_39_W_B1,8.178667,10.519315,3,0.902166582639977,145.15894904920887,0.8828092756770597,0.7448846098079778,1.7488179004723348,0.5857988165680474,0.4106508628863331,34,258,0.13178294573643412
SC391_cnv_20_R50C46yesS_SC391_39_W_B2,8.126741,9.337273,3,0.9291078525568812,180.37053260841557,0.9006571738321525,0.8002364290452075,1.8391752925075175,0.5126903553299492,0.5572321782596251,36,275,0.13090909090909092
SC391_cnv_20_R50C48yesS_SC391_39_W_B2,-0.7977157,6.708636,0,0.7593087879214471,113.17338162064283,0.7718930197736276,0.2877602721931815,1.7351173856859696,0.28125,0.4445081403399984,0,230,0.0
SC391_cnv_20_R50C59yesS_SC391_39_W_B1,7.2831526,9.470954,3,0.8128405791505363,135.20822065981613,0.7467765065380563,0.6157551121384597,1.6740417205451794,0.4482758620689655,0.4636174779642593,16,115,0.1391304347826087
SC391_cnv_20_R50C60yesS_SC391_39_W_B1,7.3897753,9.675411,3,0.9274903103916057,159.59653994701395,0.920574125097758,0.5769413782187016,2.3069527926125857,0.4322033898305085,0.41675050522038054,36,239,0.1506276150627615
SC391_cnv_20_R50C66yesS_SC391_39_W_B2,8.7473135,8.718143,3,0.7677430221756968,110.80332409972299,0.6898895369294199,0.5326073586412493,1.4730543627865875,0.4329896907216495,0.5120338580809535,30,133,0.22556390977443608
SC391_cnv_20_R50C71yesS_SC391_39_W_B2,9.148126,12.228547,3,0.8477500362993318,146.92378328741967,0.8525450786108969,0.6214991759610258,1.5945092666050342,0.4512195121951219,0.5680437954462128,24,197,0.1218274111675127
SC391_cnv_20_R51C15yesS_SC391_39_W_B2,8.25662,11.196675,3,0.8086519717553741,0.0,0.0,0.5087772086537019,1.6188318535241464,0.45945945945945943,0.5636215441884103,20,140,0.14285714285714285
SC391_cnv_20_R51C16yesS_SC391_39_W_B2,8.569258,10.650932,3,0.8249378946027652,127.83987142961503,0.8443279600272295,0.43454985194073004,1.6275767777990984,0.35897435897435903,0.5916090360046817,37,279,0.13261648745519714
SC391_cnv_20_R51C24yesS_SC391_39_W_B1,8.316509,11.39998,3,0.7860632926972139,88.8888888888889,0.7682588624752421,0.49635241259971263,1.5416590016076563,0.326797385620915,0.5173797444107113,26,204,0.12745098039215685
SC391_cnv_20_R51C25yesS_SC391_39_W_B1,8.075095,10.079693,3,0.8755225927844138,0.0,0.7629265224395281,1.99418139027043,0.8,0.8,0.44110157227197494,43,312,0.13782051282051283
SC391_cnv_20_R51C28yesS_SC391_39_W_B2,7.31767,9.841471,3,0.9383155583102688,170.99278410451078,0.9117894510971704,0.8525268460409338,2.238101202700643,0.6091954022988506,0.549643667243875,37,260,0.1423076923076923
SC391_cnv_20_R51C30yesS_SC391_39_W_B2,8.144602,11.775698,3,0.7887490254741255,91.57229632795092,0.780974120891795,0.5952308604614679,1.672429509997466,0.4168937329700273,0.47766888839218563,33,248,0.13306451612903225
SC391_cnv_20_R51C32yesS_SC391_39_W_B2,7.9139113,8.90126,3,0.6978237188058476,79.71938775510203,0.676686827541302,0.5860905197913491,1.3624175110736618,0.3999999999999999,0.5652716976736566,42,177,0.23728813559322035
SC391_cnv_20_R51C33yesS_SC391_39_W_B2,7.4374886,12.208819,3,0.6028847603310302,0.0,0.0,0.5045451721816391,1.3541994912027011,0.34782608695652173,0.3992381035675049,9,110,0.08181818181818182
SC391_cnv_20_R51C39yesS_SC391_39_W_B1,7.9123626,9.412193,3,0.8624225075108951,129.7998918334235,0.8721817018232645,0.5159192852581802,2.2332502049730145,0.3207547169811321,0.3517931609207677,32,265,0.12075471698113208
SC391_cnv_20_R51C43yesS_SC391_39_W_B1,7.5755196,9.174042,3,0.8806630826472531,161.7973372781065,0.914715960160674,0.5304156621318041,2.011497773948009,0.36057692307692313,0.450437729168692,39,287,0.13588850174216027
SC391_cnv_20_R51C46yesS_SC391_39_W_B2,-0.6411698,6.835702,0,0.8668699508149228,129.7998918334235,0.8897874152424785,0.33024133098167696,2.170754259063545,0.298165137614679,0.4597139346397348,1,259,0.003861003861003861
SC391_cnv_20_R51C47yesS_SC391_39_W_B2,8.151762,11.316633,3,0.8395586381014007,129.8476454293629,0.8744071645666771,0.48841175989753866,1.8400770048932629,0.3691275167785235,0.4976384962692009,25,179,0.13966480446927373
SC391_cnv_20_R51C4yesS_SC391_39_W_B1,8.504376,9.784495,3,0.8601280205788528,117.8244886417193,0.8598206206276375,0.6763311447778724,1.9276949969057071,0.40594059405940597,0.5057860150867718,27,294,0.09183673469387756
SC391_cnv_20_R51C52yesS_SC391_39_W_B2,7.9912915,9.311883,3,0.8103094044138639,120.1730491908348,0.8375934642173241,0.5845326679486976,1.7961464883439116,0.32907348242811496,0.43497846232206056,34,227,0.14977973568281938
SC391_cnv_20_R51C53yesS_SC391_39_W_B2,8.10185,9.586983,3,0.8519301078732094,118.65536094048065,0.8588894767259777,0.5325992647886049,2.5914028103884057,0.3140243902439024,0.40633928841409195,68,436,0.1559633027522936
SC391_cnv_20_R51C54yesS_SC391_39_W_B1,10.125299,6.080267,3,0.6793470881740499,58.27166249053086,0.6184398571612518,0.7390538254246493,0.8550940360928472,0.7107438016528926,0.521139018569701,7,130,0.05384615384615385
SC391_cnv_20_R51C60yesS_SC391_39_W_B1,9.838177,11.015402,3,0.8827795269951948,138.83104262113008,0.8885982515949086,0.5477533922157883,2.4164737345444083,0.3595890410958904,0.5369729410490908,47,401,0.1172069825436409
SC391_cnv_20_R51C63yesS_SC391_39_W_B2,8.369367,12.018026,3,0.8389852559506843,112.37498283159984,0.8424332513719431,0.42374422924655275,1.5864920601850525,0.30000000000000004,0.5117074529463163,36,353,0.10198300283286119
SC391_cnv_20_R51C64yesS_SC391_39_W_B2,8.102055,8.786508,3,0.8381752241514098,142.85487531943937,0.8391810532437722,0.5753723174307216,1.9395549551153026,0.3654618473895582,0.5589053885879143,30,286,0.1048951048951049
SC391_cnv_20_R51C67yesS_SC391_39_W_B2,8.11282,11.928406,3,0.8807949539118926,157.82828282828285,0.8749326213042283,0.5012938490307987,2.209446662188351,0.3587786259541985,0.4869248241544414,40,362,0.11049723756906077
SC391_cnv_20_R51C69yesS_SC391_39_W_B2,10.947419,10.388511,3,0.7499819581586495,70.02555932915514,0.740624126235335,1.0506569599017441,0.5213393994524032,0.9862068965517241,0.3333918394599556,28,217,0.12903225806451613
SC391_cnv_20_R51C70yesS_SC391_39_W_B2,10.107272,11.976021,3,0.9044123991630677,204.08163265306123,0.9470782611965132,0.6705837112480176,1.7733371829879618,0.5035971223021583,0.5516695252651386,20,197,0.10152284263959391
SC391_cnv_20_R52C0yesS_SC391_39_W_B1,8.925388,9.581477,3,0.9122504057352887,70.01330252748022,0.9144562377791527,0.413150104030486,1.2663399601629615,0.24878048780487805,0.5699756600560439,37,216,0.1712962962962963
SC391_cnv_20_R52C10yesS_SC391_39_W_B2,-0.7431818,6.8390265,0,0.7784762877369276,86.56509695290859,0.8309463354240805,0.295987730807844,1.4580142882065745,0.2875816993464053,0.41995323215958796,1,176,0.005681818181818182
SC391_cnv_20_R52C15yesS_SC391_39_W_B2,8.452835,12.206026,3,0.6975336036033696,152.41579027587258,0.5217392608695978,0.5548280165537447,1.224744817213927,0.4024390243902439,0.5055984540297609,6,94,0.06382978723404255
SC391_cnv_20_R52C19yesS_SC391_39_W_B1,8.044414,9.875307,3,0.8759613389587438,159.83803079546058,0.7585993037206151,0.8618687487611476,1.2424810313204566,0.6834532374100719,0.6079085964253624,25,183,0.1366120218579235
SC391_cnv_20_R52C29yesS_SC391_39_W_B2,-0.72090983,6.7171707,0,0.8366266742860481,137.59771587791641,0.853517202879916,0.3993993438272613,1.8362154651833649,0.36627906976744184,0.4661823043460809,1,185,0.005405405405405406
SC391_cnv_20_R52C38yesS_SC391_39_W_B1,9.3211775,12.099173,3,0.83581182249442,119.55930440396699,0.8120854192497443,0.557847005004248,1.528594524477818,0.4729064039408868,0.5531586771398534,32,273,0.11721611721611722
SC391_cnv_20_R52C42yesS_SC391_39_W_B1,9.34619,12.177336,3,0.8817386697239327,134.7678623570899,0.880363654115289,0.601933439339984,1.926228170407459,0.41062801932367154,0.4475469856305171,26,282,0.09219858156028368
SC391_cnv_20_R52C52yesS_SC391_39_W_B2,8.795304,12.158129,3,0.8969713926801617,160.2307322544464,0.8996563641063686,0.4519212182820823,1.8746360215775444,0.35031847133757965,0.4854669062759077,27,229,0.11790393013100436
SC391_cnv_20_R52C53yesS_SC391_39_W_B2,7.820615,8.885329,3,0.8637722106555888,143.63688595231255,0.8551627481605093,0.5438930723230354,2.0666169257158016,0.3755274261603375,0.47720880551811545,47,294,0.1598639455782313
SC391_cnv_20_R52C66yesS_SC391_39_W_B2,9.204818,12.148234,3,0.7548286481331071,85.73388203017832,0.7664150675706243,0.42586502351806316,1.3715978311072154,0.26363636363636367,0.41529367051637,18,126,0.14285714285714285
SC391_cnv_20_R52C67yesS_SC391_39_W_B2,8.427999,11.127084,3,0.6445158938789283,148.720999405116,0.6123986815164169,0.34398655860043414,0.980536203903525,0.22619047619047616,0.3908731746817848,15,113,0.13274336283185842
SC391_cnv_20_R53C10yesS_SC391_39_W_B2,6.026284,9.19493,1,0.9481727254578715,171.5805427664503,0.9572298425399458,0.5427849981690089,2.3871600252935172,0.3796791443850267,0.4269310587768917,13,225,0.057777777777777775
SC391_cnv_20_R53C11yesS_SC391_39_W_B2,8.090717,11.0447855,3,0.8575274430811585,123.4567901234568,0.8530373472989788,0.4365186722435117,2.0651715716330337,0.2762430939226519,0.3847485847896772,15,198,0.07575757575757576
SC391_cnv_20_R53C21yesS_SC391_39_W_B1,8.469636,12.2756,3,0.7393874200334157,113.06461642828877,0.7199042153043453,0.4824757628059367,1.4271519627507603,0.416058394160584,0.5532387809040645,11,148,0.07432432432432433
SC391_cnv_20_R53C22yesS_SC391_39_W_B1,7.7597523,9.491585,3,0.8952988402297377,222.94887039239,0.872943604278062,0.7232270593001409,2.1228010749425126,0.55,0.47442970893458897,25,171,0.14619883040935672
SC391_cnv_20_R53C28yesS_SC391_39_W_B2,-0.6157345,6.6950154,0,0.716589183955656,148.720999405116,0.7271720337780135,0.3201219835060535,1.288436688508241,0.3058823529411765,0.4398592887291054,0,70,0.0
SC391_cnv_20_R53C31yesS_SC391_39_W_B2,9.227993,12.137168,3,0.624975931257063,0.0,0.0,0.4836820548079755,1.4028225353498571,0.36986301369863017,0.4242218272764395,7,76,0.09210526315789473
SC391_cnv_20_R53C32yesS_SC391_39_W_B2,7.8431935,9.348125,3,0.7440260339287682,155.25238215373867,0.735880472355611,0.46678303153898404,1.3974860607827138,0.3652173913043478,0.4258742282127937,19,142,0.13380281690140844
SC391_cnv_20_R53C34yesS_SC391_39_W_B2,7.7611766,9.369126,3,0.9694470979606764,193.69834710743802,0.9794083112876917,0.6991199319733199,1.7757669188531724,0.4655172413793103,0.5824001650793398,35,250,0.14
SC391_cnv_20_R53C36yesS_SC391_39_W_B1,8.527891,12.374425,3,0.8542524250883865,103.30400647371773,0.845944548713815,0.44149237500961896,1.3417561062900898,0.29166666666666674,0.5281375439058651,26,300,0.08666666666666667
SC391_cnv_20_R53C39yesS_SC391_39_W_B1,-0.29721308,5.7464194,0,0.9264851454851145,118.14744801512288,0.8563872788808047,0.5137484696883298,1.816627592011622,0.47872340425531923,0.44552373796887446,0,86,0.0
SC391_cnv_20_R53C3yesS_SC391_39_W_B1,10.927311,5.9134836,3,0.7330181805028657,152.41579027587258,0.42895250869329415,0.7332573127410057,1.833067843386545,0.5647058823529412,0.4825444975995875,11,125,0.088
SC391_cnv_20_R53C41yesS_SC391_39_W_B1,8.199159,9.106909,3,0.9627647748225708,192.23375624759709,0.9932293489350543,0.6641308705138256,2.0407808812155364,0.6009732360097324,0.5104704695582856,35,259,0.13513513513513514
SC391_cnv_20_R53C4yesS_SC391_39_W_B1,-0.28511402,6.1865706,0,0.7493923638622246,100.54495364877637,0.7627862802796712,0.2388583425572079,1.6019797954981079,0.22666666666666657,0.44664852199567523,1,277,0.0036101083032490976
SC391_cnv_20_R53C50yesS_SC391_39_W_B2,7.4108987,9.532978,3,0.9205888484346907,163.26530612244898,0.9169486240436753,0.5911809136364158,1.9046670341407865,0.4067796610169492,0.4685483640671191,35,194,0.18041237113402062
SC391_cnv_20_R53C52yesS_SC391_39_W_B2,8.169111,9.234649,3,0.8432995915038294,120.1730491908348,0.843130308918943,0.5687398924773608,1.2308078975011032,0.2675159235668789,0.36568408211914255,34,239,0.14225941422594143
SC391_cnv_20_R53C53yesS_SC391_39_W_B2,7.6451,9.148646,3,0.8245490670388141,123.57884330202668,0.8239817556464569,0.41530305931418027,1.315649118671681,0.17647058823529416,0.39953363546351955,39,285,0.1368421052631579
SC391_cnv_20_R53C55yesS_SC391_39_W_B1,9.532669,7.700369,3,1.0458616987340517,0.0,0.0,0.3860718458371887,1.3477115902938,0.3015873015873016,0.42646117350679025,6,129,0.046511627906976744
SC391_cnv_20_R53C6yesS_SC391_39_W_B1,7.5477877,9.436529,3,0.9270032520071401,168.66250632484397,0.9546777652462954,0.572047348848351,2.288297836534527,0.4426229508196722,0.4963401532079177,31,178,0.17415730337078653
SC391_cnv_20_R53C7yesS_SC391_39_W_B1,9.048905,12.37523,3,0.9797738449052753,116.439286615304,0.9899452237464864,0.6586627368923531,2.3608510595317975,0.4140969162995596,0.5353946455717651,36,318,0.11320754716981132
SC391_cnv_20_R54C10yesS_SC391_40_W_C2,8.176845,11.668216,3,0.715605166836835,52.89256198347107,0.6761798395542415,0.4780895334495726,1.0565472589187186,0.3877551020408163,0.5306268708488291,20,164,0.12195121951219512
SC391_cnv_20_R54C27yesS_SC391_40_W_C2,7.9193277,12.189188,3,0.9366247159320626,132.3251417769376,0.9357134890210864,0.4219998009866996,1.5522610637902594,0.24669603524229078,0.4452525803838146,34,291,0.11683848797250859
SC391_cnv_20_R54C31yesS_SC391_40_W_C2,6.007573,12.989731,3,0.9380424127089048,114.46624390467251,0.9371351118014839,0.4125562546007188,1.8996269303948923,0.3142857142857143,0.45185894457347975,32,268,0.11940298507462686
SC391_cnv_20_R54C36yesS_SC391_40_W_C1,6.1462183,11.854603,3,1.1131245478678367,123.2741617357002,1.1246717141222218,0.5527394883576345,2.4203009760929968,0.4150943396226414,0.4411626569152223,23,199,0.11557788944723618
SC391_cnv_20_R54C50yesS_SC391_40_W_C2,7.7441716,12.105556,3,0.8358372639241906,106.29251700680271,0.8458940891722581,0.36471160159576815,1.2003187708432443,0.18562874251497008,0.38225461426714474,30,238,0.12605042016806722
SC391_cnv_20_R54C53yesS_SC391_40_W_C2,-0.5184875,6.499746,0,0.7955410576855548,91.31419387829645,0.7988909591189425,0.13376939587903222,1.323586655317603,0.13617021276595742,0.32868282682159644,1,273,0.003663003663003663
SC391_cnv_20_R54C56yesS_SC391_40_W_C1,5.3033624,13.36692,3,0.9323799051442601,123.2741617357002,0.9599098080647224,0.45292006110115235,1.833346446921888,0.36908517350157727,0.5368102040100146,14,187,0.0748663101604278
SC391_cnv_20_R54C59yesS_SC391_40_W_C1,6.691337,12.524559,3,0.9942994007350203,66.09822195782932,1.0393491616336834,0.35548128960731407,1.3478667928291108,0.24899598393574301,0.4377422246768553,19,210,0.09047619047619047
SC391_cnv_20_R54C60yesS_SC391_40_W_C1,6.12268,13.319305,3,0.8869465692621255,116.68883754580037,0.9047692336081182,0.3873540694642855,1.3685597497247497,0.2396088019559902,0.40648159729898714,28,270,0.1037037037037037
SC391_cnv_20_R54C61yesS_SC391_40_W_C1,9.127595,9.701769,3,0.9718345026878765,144.62809917355372,0.9860228656645033,0.2743458011909874,1.721673089903892,0.23287671232876717,0.5103799564026825,20,248,0.08064516129032258
SC391_cnv_20_R54C68yesS_SC391_40_W_C2,6.10242,13.057658,3,0.969924723792087,129.13223140495867,0.9866333673216675,0.3991730839132179,1.5315519342809834,0.24137931034482762,0.4074364924235661,23,236,0.09745762711864407
SC391_cnv_20_R54C69yesS_SC391_40_W_C2,5.973359,12.578065,3,0.9023213130623634,135.20822065981613,0.8906893547413587,0.42769477871344047,1.79483659386039,0.2832369942196532,0.4496988511908268,23,196,0.11734693877551021
SC391_cnv_20_R54C6yesS_SC391_40_W_C1,5.9705815,12.593085,3,1.06559311117227,121.70879143170107,1.0924081664871819,0.4469624626021512,1.5214455866179284,0.28387096774193543,0.48186824745615886,22,200,0.11
SC391_cnv_20_R54C70yesS_SC391_40_W_C2,8.149711,12.358348,3,0.8952154154694847,138.83104262113008,0.9033541177048734,0.4116305600659071,1.5662408061621398,0.2808219178082192,0.4237021536857284,24,204,0.11764705882352941
SC391_cnv_20_R55C19yesS_SC391_40_W_C1,6.002248,12.430401,3,1.4545068268730315,187.65246762994934,1.4531561088991887,0.39078798205090876,1.1470178643979403,0.29729729729729726,0.4296959614481215,22,121,0.18181818181818182
SC391_cnv_20_R55C1yesS_SC391_40_W_C1,7.868362,12.224043,3,0.8835605097460693,106.18191084966766,0.8777244634593958,0.43087111765693364,1.2996484110821418,0.22325581395348837,0.4025357853982799,36,282,0.1276595744680851
SC391_cnv_20_R55C20yesS_SC391_40_W_C1,6.158759,12.08242,3,1.2589369368704248,115.73627560665098,1.2715828518397447,0.4119518438472768,1.4166256997982358,0.24844720496894412,0.42539099120284524,25,220,0.11363636363636363
SC391_cnv_20_R55C26yesS_SC391_40_W_C1,5.5428753,13.241507,3,0.8011879875377866,102.03040506070809,0.7968993410254568,0.3411014109648157,1.1269783578427623,0.16080402010050254,0.3497466853100165,31,292,0.10616438356164383
SC391_cnv_20_R55C30yesS_SC391_40_W_C2,5.427433,12.981791,3,0.9068227656503456,132.1178491214163,0.9071983634928247,0.3753122687098464,1.640357814768556,0.2096153846153846,0.4112951355358549,44,325,0.13538461538461538
SC391_cnv_20_R55C32yesS_SC391_40_W_C2,5.7991176,13.4406805,3,0.6938671367199974,85.73388203017832,0.7679890864758755,0.32416467116770264,1.0299241094677942,0.19090909090909092,0.37099250208764334,19,146,0.13013698630136986
SC391_cnv_20_R55C3yesS_SC391_40_W_C1,-0.56428814,5.854245,0,0.6749743567172121,48.90214680424471,0.6316277170066292,0.09066467057538952,0.9538468895283432,0.10489510489510478,0.245519272194288,2,173,0.011560693641618497
SC391_cnv_20_R55C43yesS_SC391_40_W_C1,5.979791,12.926563,3,0.8535375015505681,83.98421096833795,0.8343603169701638,0.3779954236953641,1.1947769558133534,0.1842105263157895,0.3710628766949408,40,258,0.15503875968992248
SC391_cnv_20_R55C47yesS_SC391_40_W_C2,5.264873,13.085343,3,0.829915653753188,109.73936899862825,0.8284047887469705,0.4130587901656213,1.6326816062821958,0.24344569288389517,0.5376228746306644,33,334,0.09880239520958084
SC391_cnv_20_R55C57yesS_SC391_40_W_C1,7.178344,12.641129,3,0.8364462640998963,112.21927646621498,0.8439938648533015,0.4294309461963754,1.378400215206288,0.24060150375939848,0.4912142881749553,41,374,0.10962566844919786
SC391_cnv_20_R55C66yesS_SC391_40_W_C2,5.6027384,13.110476,3,0.8493886635447704,122.0703125,0.844169373504908,0.39491477308376455,1.8043658733994588,0.23828125,0.40816010756728216,31,337,0.09198813056379822
SC391_cnv_20_R56C0yesS_SC391_40_W_C1,9.863753,10.35944,3,0.8424492899091984,98.02960494069208,0.8421502251151767,0.43180573303231184,0.7002249408325483,0.270935960591133,0.29504264253344686,29,289,0.10034602076124567
SC391_cnv_20_R56C14yesS_SC391_40_W_C2,8.004755,12.326952,3,0.9130034477265075,128.15583749839806,0.9088055827621591,0.3983712291470907,1.3436193151006068,0.24092409240924084,0.4290302600107832,25,231,0.10822510822510822
SC391_cnv_20_R56C27yesS_SC391_40_W_C2,8.631452,12.114439,3,0.7538467345844438,69.20415224913495,0.7108404704493286,0.6688900003084827,0.839596606951868,0.39534883720930236,0.501067888670614,29,257,0.11284046692607004
SC391_cnv_20_R56C30yesS_SC391_40_W_C2,-0.5247434,5.787155,0,0.6678819022617009,45.04301608035674,0.5877707820840179,0.03529182570673123,0.7884120888906533,0.0738255033557047,0.13772642773299903,0,182,0.0
SC391_cnv_20_R56C33yesS_SC391_40_W_C2,-0.57883745,5.8760176,0,0.5544437434554483,67.18624025799515,0.6732699895648108,0.02619388237148508,0.7095097310332174,0.07317073170731714,0.10000330813284687,1,140,0.007142857142857143
SC391_cnv_20_R56C48yesS_SC391_40_W_C2,6.756105,11.821941,3,0.9110896948808154,147.6843100189036,0.8751017101888469,0.7202147855680178,1.4171221477105935,0.518716577540107,0.4440257299150085,34,253,0.13438735177865613
SC391_cnv_20_R56C57yesS_SC391_40_W_C1,6.111845,12.284732,3,0.9491347902584487,104.12328196584757,0.9485846172767382,0.40822718789187407,1.158982967971044,0.31999999999999995,0.48250164379286975,9,137,0.06569343065693431
SC391_cnv_20_R56C59yesS_SC391_40_W_C1,6.5652623,12.181297,3,1.0299883289922287,95.12485136741974,1.0493843771859857,0.4457119673916252,1.7696552037276025,0.3489932885906041,0.4337608694198869,22,189,0.1164021164021164
SC391_cnv_20_R56C71yesS_SC391_40_W_C2,5.7270174,13.019358,3,1.0704773111936237,130.6122448979592,1.0647994327419916,0.5359004451697141,1.3879457904186268,0.423728813559322,0.451096785746125,34,251,0.13545816733067728
SC391_cnv_20_R57C10yesS_SC391_40_W_C2,5.513627,13.510784,3,0.8001036377158237,109.64611715687619,0.8063634526667113,0.3421523250772728,1.0431384241095336,0.15404699738903394,0.33276660172071276,44,271,0.16236162361623616
SC391_cnv_20_R57C11yesS_SC391_40_W_C2,5.4161625,13.262502,3,0.8183004613332601,105.73548945618917,0.8209010840137454,0.37097149192052814,1.0662535382169307,0.19487179487179485,0.44579282494469796,23,250,0.092
SC391_cnv_20_R57C15yesS_SC391_40_W_C2,5.164042,13.020379,3,0.7666759689522754,88.999644001424,0.7484406037007381,0.46812274944567056,1.2346797613080436,0.39814814814814814,0.48305266376958805,20,137,0.145985401459854
SC391_cnv_20_R57C1yesS_SC391_40_W_C1,6.4557867,13.250556,3,0.7529363797683136,132.1178491214163,0.7991793182826512,0.3736158863197323,1.091175361144845,0.21590909090909083,0.3598551142021563,13,114,0.11403508771929824
SC391_cnv_20_R57C25yesS_SC391_40_W_C1,7.5620346,12.361297,3,0.9426477395406706,149.631998802944,0.9368276262386652,0.36295490954353654,1.5452285326414414,0.19753086419753085,0.4475011202532034,50,415,0.12048192771084337
SC391_cnv_20_R57C26yesS_SC391_40_W_C1,5.7260995,13.396959,3,0.8112053936130633,95.18143961927424,0.7980978455189041,0.3347192095664802,1.0575242245250074,0.1690821256038647,0.39329247935622297,21,266,0.07894736842105263
SC391_cnv_20_R57C27yesS_SC391_40_W_C2,6.188778,12.08864,3,1.0239146601642612,232.28519732016235,1.026823437578475,0.4179801439701051,2.379660606778172,0.30175438596491233,0.451069062798263,45,351,0.1282051282051282
SC391_cnv_20_R57C2yesS_SC391_40_W_C1,5.475297,13.561171,3,0.8439191935574192,100.81915563957152,0.8639754744076937,0.3672799952020322,1.2536187369500562,0.19883040935672525,0.447519199243732,19,215,0.08837209302325581
SC391_cnv_20_R57C31yesS_SC391_40_W_C2,5.851087,13.334763,3,0.7714186058477237,129.13223140495867,0.829143848080387,0.3540604566814908,0.875,0.19318181818181812,0.3037578237011657,15,115,0.13043478260869565
SC391_cnv_20_R57C34yesS_SC391_40_W_C2,5.4146013,13.108374,3,0.9250670698751802,133.54700854700857,0.9291397411415938,0.47428217023854075,1.6507747354627056,0.24838709677419357,0.5013796151220637,56,412,0.13592233009708737
SC391_cnv_20_R57C3yesS_SC391_40_W_C1,5.43354,13.072698,3,0.7908877690418558,104.12328196584757,0.7952436869524246,0.33195518941702823,0.9805263371387032,0.21212121212121215,0.3544102776771323,12,128,0.09375
SC391_cnv_20_R57C40yesS_SC391_40_W_C1,5.8749304,13.46149,3,0.8185799602358395,99.95835068721367,0.8225070559922737,0.34350700463971634,1.0924602146288467,0.15102040816326534,0.3866316308345415,34,336,0.10119047619047619
SC391_cnv_20_R57C41yesS_SC391_40_W_C1,6.1991806,12.970288,3,0.8265699041029703,73.52220370551906,0.8051613141063186,0.3773427819163193,1.0335155968421952,0.14356435643564358,0.3664742001435608,42,313,0.134185303514377
SC391_cnv_20_R57C42yesS_SC391_40_W_C1,7.486023,12.031767,3,0.8551321499911959,102.45201830476061,0.8610666422284932,0.40455459018486295,1.3991724048583203,0.1791666666666667,0.39200587662818037,41,355,0.11549295774647887
SC391_cnv_20_R57C45yesS_SC391_40_W_C2,7.364477,11.855436,3,0.8331656536273065,94.47219565191719,0.8292475096449681,0.40524976768142107,1.6348116952884313,0.18685121107266434,0.4064047075521954,56,405,0.1382716049382716
SC391_cnv_20_R57C50yesS_SC391_40_W_C2,5.5555744,13.377595,3,0.827000455048378,103.30578512396694,0.824083213862728,0.36235495320505784,1.6121857999737728,0.21461187214611877,0.4075136763583879,34,308,0.11038961038961038
SC391_cnv_20_R57C54yesS_SC391_40_W_C1,6.9511914,12.743183,3,0.8281947816692332,103.30578512396694,0.8171646445783397,0.4389081648590639,1.0643741564608777,0.17727272727272725,0.3802564954620871,41,327,0.12538226299694188
SC391_cnv_20_R57C57yesS_SC391_40_W_C1,6.057382,12.670397,3,0.9760446799210446,94.25959091337543,0.9817707681021655,0.49756765460984864,1.724417558758613,0.3333333333333333,0.48417734146676866,38,324,0.11728395061728394
SC391_cnv_20_R57C5yesS_SC391_40_W_C1,7.9063134,11.685432,3,0.9058820636779901,141.38938637006316,0.9168634438548484,0.3729985101252702,1.1695150092804778,0.2427184466019417,0.45321833087141317,29,227,0.1277533039647577
SC391_cnv_20_R57C68yesS_SC391_40_W_C2,6.04748,12.310298,3,0.11293542208818085,0.0,0.0,0.45146751344621155,1.2489177589481124,0.3524590163934426,0.47990133075986974,19,119,0.15966386554621848
SC391_cnv_20_R57C69yesS_SC391_40_W_C2,-0.30233142,5.625903,0,0.9005541494902417,88.0785660809442,0.9234048692294533,0.15561791328715383,1.1394748095036826,0.11494252873563215,0.4236153276526773,0,316,0.0
SC391_cnv_20_R57C7yesS_SC391_40_W_C1,7.2318068,12.40567,3,0.9249948554870957,158.02469135802468,0.9415278133224142,0.4118255507605758,1.2516628464923447,0.188340807174888,0.4088548741359909,30,276,0.10869565217391304
SC391_cnv_20_R58C12yesS_SC391_40_W_C2,5.791331,13.575902,3,0.7750478539590823,91.30752373995617,0.7354256290536662,0.33631695498177805,0.9580666428305489,0.15540540540540537,0.33049967501546296,31,213,0.14553990610328638
SC391_cnv_20_R58C13yesS_SC391_40_W_C2,-0.844262,6.6265597,0,0.7869132700298411,86.71522719389525,0.7915384896399047,0.1112510214400577,1.1672664935883215,0.12365591397849451,0.30663826165547425,1,191,0.005235602094240838
SC391_cnv_20_R58C29yesS_SC391_40_W_C2,7.180514,12.636719,3,0.801134289306106,105.03833899373271,0.8257772540045151,0.36359514028037143,1.3203558589339197,0.221556886227545,0.4084164582155902,21,218,0.0963302752293578
SC391_cnv_20_R58C30yesS_SC391_40_W_C2,8.139677,10.184506,3,0.8973771604796198,91.30752373995617,0.7770237860433089,1.5115174641434692,0.5411575700177006,1.0,0.577114145699116,33,230,0.14347826086956522
SC391_cnv_20_R58C36yesS_SC391_40_W_C1,7.8025594,11.847493,3,0.9146547200156523,136.6026910730141,0.9332457622638934,0.4682163633286416,1.5338143871221215,0.25,0.4746400344854429,34,324,0.10493827160493827
SC391_cnv_20_R58C37yesS_SC391_40_W_C1,6.044918,12.198721,3,0.7805958437570321,102.04081632653062,0.7309158881594685,0.3455161551046439,1.2346115092228032,0.1985815602836879,0.31717603035810726,9,170,0.052941176470588235
SC391_cnv_20_R58C39yesS_SC391_40_W_C1,6.29373,13.285221,3,0.800242407010612,76.20789513793629,0.8234348151856385,0.3840936245381299,1.0078188460226438,0.16049382716049387,0.354913334818744,25,248,0.10080645161290322
SC391_cnv_20_R58C40yesS_SC391_40_W_C1,8.140486,7.0490127,2,0.9472741158012544,163.79681005712416,0.9412126185082249,0.6194611957209575,1.250176035404193,0.37387387387387383,0.5000955441139486,30,293,0.10238907849829351
SC391_cnv_20_R58C43yesS_SC391_40_W_C1,8.058795,12.530846,3,0.7600988493578761,100.5985614405714,0.709657665816998,0.3723949741531289,1.0155626684885595,0.18309859154929575,0.3927775978541473,33,223,0.14798206278026907
SC391_cnv_20_R58C46yesS_SC391_40_W_C2,7.3959503,12.018934,3,0.8053877831842535,94.25959091337543,0.7876997015668398,0.4216400195554689,1.1288416682761564,0.16504854368932043,0.39521910285760453,31,332,0.09337349397590361
SC391_cnv_20_R58C54yesS_SC391_40_W_C1,6.1157713,11.907825,3,0.9277590398518866,161.7973372781065,0.9222708172580266,0.4337011241458301,2.194724793301141,0.3058252427184467,0.43425574728076843,27,247,0.10931174089068826
SC391_cnv_20_R59C10yesS_SC391_40_W_C2,5.7715406,13.460879,3,0.807204929215059,90.56877188745321,0.7990170157085607,0.3265022022006374,0.914732033918978,0.12637362637362637,0.3506617749343995,27,239,0.11297071129707113
SC391_cnv_20_R59C11yesS_SC391_40_W_C2,5.6361694,12.94653,3,0.9017195740707207,144.17531718569782,0.9076288967509953,0.5243382121198678,1.4169445681362718,0.32178217821782173,0.5285277876529704,38,256,0.1484375
SC391_cnv_20_R59C12yesS_SC391_40_W_C2,6.9625096,11.159619,3,0.9199932483102311,92.59259259259258,0.9158438007214402,0.4855821967467519,1.9770516387257318,0.3295454545454546,0.4401317148872202,29,223,0.13004484304932734
SC391_cnv_20_R59C13yesS_SC391_40_W_C2,7.7474923,11.650873,3,0.8554851747022842,116.68883754580037,0.8644315351959048,0.5555758173333705,1.357372889316474,0.27586206896551735,0.4241600778505106,34,286,0.11888111888111888
SC391_cnv_20_R59C16yesS_SC391_40_W_C2,6.968077,12.198937,3,1.147849588736072,138.68343195266272,1.1736598198812722,0.43839205212998533,2.005228583403608,0.26876513317191286,0.4675010476490908,26,292,0.08904109589041095
SC391_cnv_20_R59C19yesS_SC391_40_W_C1,7.2348943,12.605427,3,0.8833780278086366,146.7064404127341,0.8902882835813902,0.39397481520405164,1.0767862423236774,0.2097902097902098,0.4280963355297796,16,181,0.08839779005524862
SC391_cnv_20_R59C1yesS_SC391_40_W_C1,6.200091,12.135406,3,1.1835939627439953,126.24668602449185,0.9694508531759648,0.45869442322021176,1.2677258704615832,0.33333333333333326,0.4359987768246214,21,148,0.14189189189189189
SC391_cnv_20_R59C24yesS_SC391_40_W_C1,5.76001,13.425697,3,0.7601026203746596,55.69169079973268,0.7145971520582304,0.30646351649940745,0.9833029054572096,0.15555555555555556,0.3060475785064653,22,181,0.12154696132596685
SC391_cnv_20_R59C25yesS_SC391_40_W_C1,6.439919,13.139384,3,0.8288699928496754,100.0,0.8099051060792589,0.45318923029434477,1.3271726245310898,0.21999999999999997,0.42209452670880554,42,290,0.14482758620689656
SC391_cnv_20_R59C26yesS_SC391_40_W_C1,-0.47916898,5.822332,0,0.7286517808860558,58.436815193571945,0.730310524273822,0.040845653644294225,0.7631484274647969,0.07027027027027022,0.20191301684798535,1,215,0.004651162790697674
SC391_cnv_20_R59C30yesS_SC391_40_W_C2,5.5383186,13.224651,3,0.7910093580823002,90.56877188745321,0.7911635562672736,0.34904147209321756,1.0122979284475633,0.14285714285714285,0.3671851633391388,25,215,0.11627906976744186
SC391_cnv_20_R59C32yesS_SC391_40_W_C2,6.061189,13.140734,3,0.932254405196401,190.24970273483947,0.9360601955000658,0.41567986381357486,1.2007510003592654,0.26206896551724146,0.3833297435972964,26,189,0.13756613756613756
SC391_cnv_20_R59C34yesS_SC391_40_W_C2,-0.5250194,5.7416234,0,0.7253485504979047,69.34171597633136,0.731948386737974,0.03893233564438793,0.772730389264894,0.0625,0.1702592328582857,0,260,0.0
SC391_cnv_20_R59C38yesS_SC391_40_W_C1,6.1176643,11.880961,3,0.9050869452948969,120.14609765474817,0.8880644708113061,0.48910841036852415,2.2720625834361132,0.31862745098039214,0.4112748539129694,29,265,0.10943396226415095
SC391_cnv_20_R59C3yesS_SC391_40_W_C1,6.2298255,11.764077,3,0.86584537453572,103.5143108534755,0.8597002736701763,0.4976862121307415,2.0276516213080367,0.3356890459363958,0.4636564164205544,16,186,0.08602150537634409
SC391_cnv_20_R59C40yesS_SC391_40_W_C1,6.1327524,11.873394,3,0.8739578389018878,121.74336498660823,0.8641248130542658,0.4206173525896796,1.9612301348611574,0.2545454545454545,0.3602256670727175,34,300,0.11333333333333333
SC391_cnv_20_R59C41yesS_SC391_40_W_C1,7.1039724,11.3904705,3,0.9256331224918657,137.7386752982903,0.9193161111840027,0.4729265146410672,1.7369489682644594,0.21784232365145229,0.3926841482645134,42,319,0.13166144200626959
SC391_cnv_20_R59C42yesS_SC391_40_W_C1,11.2561455,6.0933228,3,0.6588523086952797,41.0913872452334,0.5794664478438645,0.6514479795227239,1.2282549409052739,0.40189873417721517,0.5710095681888542,30,237,0.12658227848101267
SC391_cnv_20_R59C43yesS_SC391_40_W_C1,-0.6570176,5.8782945,0,0.7561298216165525,60.37918125830213,0.7500447317302444,0.035818287343689484,0.755129743992968,0.0714285714285714,0.16121235469411282,1,199,0.005025125628140704
SC391_cnv_20_R59C44yesS_SC391_40_W_C1,7.4512396,12.055923,3,0.8243849629319575,103.06887577623748,0.815573311043258,0.42101096544405237,1.0742668644166378,0.1725888324873096,0.3777827832210678,38,321,0.11838006230529595
SC391_cnv_20_R59C50yesS_SC391_40_W_C2,8.208059,12.277929,3,0.8423737985480534,116.68883754580037,0.8535638228503099,0.3513031792674208,1.178591475772421,0.22330097087378642,0.42215425374755905,31,268,0.11567164179104478
SC391_cnv_20_R59C51yesS_SC391_40_W_C2,8.072354,11.362157,3,0.7888547059060308,83.10249307479225,0.7340204108879489,0.7326610816911434,0.786409403585242,0.4387755102040817,0.4663333336301538,18,235,0.07659574468085106
SC391_cnv_20_R59C53yesS_SC391_40_W_C2,5.4028153,13.235131,3,0.8516180961981626,95.78429377042899,0.8459883496829393,0.3368843209300837,1.1884240513452622,0.15679442508710806,0.43290007170885336,53,369,0.14363143631436315
SC391_cnv_20_R59C55yesS_SC391_40_W_C1,8.804264,8.860532,3,0.7479241055963978,48.90214680424471,0.658794932788546,0.8151044084390814,0.85171695794178,0.8273381294964028,0.5499538130167793,23,176,0.13068181818181818
SC391_cnv_20_R59C56yesS_SC391_40_W_C1,5.3431816,13.300954,3,0.9509829127716394,157.82828282828285,0.9599002907796512,0.35348644639578297,1.6071240252592744,0.26615969581749055,0.4436919896769993,32,310,0.1032258064516129
SC391_cnv_20_R59C58yesS_SC391_40_W_C1,8.229713,12.39715,3,0.8687489958867356,142.4273175595079,0.8591437209427157,0.3975668893962796,1.1032510010462004,0.20512820512820518,0.410461731862469,51,350,0.1457142857142857
SC391_cnv_20_R59C62yesS_SC391_40_W_C1,8.115641,9.295204,3,0.8191749761411198,92.59259259259258,0.7627966929200823,0.6655694231583813,1.6597172175406278,0.446236559139785,0.49128685954718776,19,181,0.10497237569060773
SC391_cnv_20_R59C63yesS_SC391_40_W_C2,8.100046,11.771294,3,0.8189772628691935,107.65090349865436,0.8248287472999302,0.4146464138624866,1.3512906311960002,0.2313725490196078,0.44654829168760396,25,304,0.08223684210526316
SC391_cnv_20_R59C68yesS_SC391_40_W_C2,6.8962493,12.5670805,3,0.9847543795729048,189.377998484976,0.9910446005799932,0.4719102172047757,2.245642387234347,0.32407407407407407,0.48570664518917783,34,287,0.11846689895470383
SC391_cnv_20_R59C6yesS_SC391_40_W_C1,9.799918,11.467905,3,0.8140343137433673,110.19283746556474,0.8127274712340367,0.4047198702756417,1.0011042716362688,0.2195121951219512,0.41546876330917254,25,242,0.10330578512396695
SC391_cnv_20_R5C0yesS_SC391_39_W_A1,-0.8631932,6.61551,0,0.741996696913711,101.4061654948621,0.7378044419570164,0.09408352385278314,0.969005719184137,0.09248554913294793,0.29584209932721883,0,207,0.0
SC391_cnv_20_R5C14yesS_SC391_39_W_A2,8.669375,11.751492,3,0.8946140332968372,114.31184270690443,0.8752772968333488,0.35976159857689977,0.9891477067168781,0.20496894409937894,0.42466220760137846,25,225,0.1111111111111111
SC391_cnv_20_R5C16yesS_SC391_39_W_A2,8.129593,11.032685,3,0.8331901948257477,104.12328196584757,0.8366082902675471,0.37594167137335754,1.056362000346625,0.20304568527918787,0.3859480282011187,30,254,0.11811023622047244
SC391_cnv_20_R5C17yesS_SC391_39_W_A2,7.2565994,9.122159,3,0.8755099543484544,109.35962130325423,0.8602354071854432,0.5852237325521485,1.0949648631511246,0.33069306930693076,0.46113709571721895,54,337,0.16023738872403562
SC391_cnv_20_R5C2yesS_SC391_39_W_A1,8.503031,10.540652,3,0.8398447727670035,173.13019390581718,0.8278277270632115,0.4679287568569283,1.1098446858306386,0.34615384615384626,0.5053209428368097,14,97,0.14432989690721648
SC391_cnv_20_R5C34yesS_SC391_39_W_A2,8.187899,7.7812133,2,0.9788156521723431,217.2928927116342,0.8631488376343168,1.046033080408155,1.57941837926972,0.9779411764705882,0.4807720674941253,43,259,0.16602316602316602
SC391_cnv_20_R5C36yesS_SC391_39_W_A1,7.439372,9.433846,3,0.9400613301624258,149.38236139040507,0.9289575137080704,0.4276943997624844,1.3236306117421828,0.21993127147766323,0.47446074997606474,71,379,0.18733509234828497
SC391_cnv_20_R5C37yesS_SC391_39_W_A1,7.560082,9.541133,3,0.7574315304095942,91.30752373995617,0.7402468658526017,0.41568893368545523,1.0825359798322407,0.17449664429530198,0.44183615715094293,29,226,0.12831858407079647
SC391_cnv_20_R5C47yesS_SC391_39_W_A2,8.625736,11.979936,3,0.8198971461276531,96.11687812379854,0.8073509944234841,0.326781199135745,0.9378105633498536,0.21359223300970864,0.4837523524761221,10,137,0.072992700729927
SC391_cnv_20_R5C5yesS_SC391_39_W_A1,9.219844,12.251279,3,0.8209652410253805,130.0728407908429,0.7961969255751441,0.5948983378085464,1.4711061482846437,0.384,0.4843814151293282,23,192,0.11979166666666667
SC391_cnv_20_R5C61yesS_SC391_39_W_A1,-0.8050576,6.796603,0,0.7713132434774886,68.39711364180431,0.7852032184763821,0.09013602534453544,0.9548650084380104,0.11111111111111116,0.33923801999969894,1,196,0.00510204081632653
SC391_cnv_20_R5C66yesS_SC391_39_W_A2,7.466603,9.990283,3,0.7587546681809428,71.81844297615628,0.7647262258699051,0.34175179546273315,1.008385854037785,0.17647058823529416,0.3935277505966942,14,138,0.10144927536231885
SC391_cnv_20_R5C70yesS_SC391_39_W_A2,7.661596,9.424065,3,0.8783173891030915,168.66250632484397,0.8830093225204455,0.4739578854265051,1.3223815128683492,0.36363636363636365,0.5434966985192227,25,199,0.12562814070351758
SC391_cnv_20_R5C7yesS_SC391_39_W_A1,8.924895,11.51057,3,0.7665521574071779,103.5143108534755,0.732083835825002,0.3805460569436528,1.1448238726196784,0.2241992882562278,0.4478155190098292,25,207,0.12077294685990338
SC391_cnv_20_R5C8yesS_SC391_39_W_A1,7.702657,9.144057,3,0.8382680352125382,91.57299512373801,0.8399693756783276,0.43863209101680084,1.2732920836753068,0.22565320665083133,0.45159127421077055,47,310,0.15161290322580645
SC391_cnv_20_R5C9yesS_SC391_39_W_A2,8.499508,9.361148,3,0.8888161139643064,95.34524513262524,0.88488013705578,0.6078171690918233,1.6735841742414954,0.49677419354838714,0.5915491957843241,43,261,0.16475095785440613
SC391_cnv_20_R60C0yesS_SC391_40_W_C1,6.2127147,11.780209,3,0.9175934723614972,136.05442176870747,0.9439119354290098,0.46611940618575526,2.075425651138289,0.3125,0.4429647404750073,22,226,0.09734513274336283
SC391_cnv_20_R60C11yesS_SC391_40_W_C2,-0.78876895,6.1429567,0,0.6355083190275053,46.913116907487336,0.5693205132290295,0.06386130725053546,0.8609455541079811,0.09589041095890405,0.2910714306745233,0,165,0.0
SC391_cnv_20_R60C12yesS_SC391_40_W_C2,8.046912,12.470721,3,0.8585001811042755,112.91354586171855,0.849197434756278,0.3665086758867693,1.19787528509731,0.2024539877300613,0.40343169083175795,31,199,0.15577889447236182
SC391_cnv_20_R60C13yesS_SC391_40_W_C2,-0.85177743,6.315066,0,0.7578186760440697,65.3061224489796,0.7675915495285459,0.05023091595583966,0.8544951894223036,0.07954545454545459,0.23719457605771035,1,191,0.005235602094240838
SC391_cnv_20_R60C19yesS_SC391_40_W_C1,5.550689,13.121263,3,0.7924547455130966,81.13919428780072,0.8102943850144158,0.3212444982095501,0.9220747765182206,0.14743589743589747,0.37911977192660085,21,211,0.0995260663507109
SC391_cnv_20_R60C21yesS_SC391_40_W_C1,-0.5706773,5.841399,0,0.5732185580453677,66.09822195782932,0.6306718081588791,0.0482126950007071,0.8445622385669975,0.08870967741935487,0.13536806929515022,0,151,0.0
SC391_cnv_20_R60C34yesS_SC391_40_W_C2,7.8825946,12.309515,3,0.8593926403820036,121.70879143170107,0.8714733651595407,0.3870054197382996,1.1814733566203452,0.21935483870967742,0.429324724518019,25,246,0.1016260162601626
SC391_cnv_20_R60C38yesS_SC391_40_W_C1,7.414507,12.137365,3,0.846467730070403,84.33125316242199,0.855993551286982,0.4041094433333502,1.1846123503524089,0.1895424836601307,0.40124283872716604,36,221,0.16289592760180996
SC391_cnv_20_R60C53yesS_SC391_40_W_C2,6.1363406,12.992524,3,0.8950482964549936,126.98211139505723,0.9115059492825445,0.474566650771451,1.5661159838056822,0.32665330661322645,0.5075431244809735,30,263,0.11406844106463879
SC391_cnv_20_R60C62yesS_SC391_40_W_C1,5.3517876,13.306648,3,0.8150071788362531,102.59567046270648,0.8136055968864655,0.35472088045628414,1.1830222306076987,0.21052631578947367,0.44477987654093715,13,206,0.06310679611650485
SC391_cnv_20_R60C6yesS_SC391_40_W_C1,8.990744,11.541551,3,0.8933527056004615,116.87363038714389,0.8607602609370413,0.5947572463516951,1.115380329760102,0.47058823529411764,0.5946115051817619,21,193,0.10880829015544041
SC391_cnv_20_R61C0yesS_SC391_40_W_C1,7.330365,11.977604,3,0.6654121533651568,135.20822065981613,0.6459328675511425,0.3616500548025833,0.8720115620840708,0.1724137931034483,0.33196164585266436,23,133,0.17293233082706766
SC391_cnv_20_R61C22yesS_SC391_40_W_C1,7.795218,12.012007,3,0.7961608670125198,120.75836251660427,0.8174243729167545,0.3230323139268553,0.9413319606352589,0.2065217391304348,0.3957393059509208,13,110,0.11818181818181818
SC391_cnv_20_R61C35yesS_SC391_40_W_C2,5.8570304,13.373708,3,0.8270458337494869,162.32448664881096,0.8131569741682513,0.3515674280689037,1.0141145027098608,0.23008849557522126,0.38274664299762906,14,148,0.0945945945945946
SC391_cnv_20_R61C39yesS_SC391_40_W_C1,6.0201545,13.068554,3,0.6795472773640165,0.0,0.0,0.3423238714447231,0.8152823200542738,0.16049382716049387,0.3095771803624847,17,121,0.14049586776859505
SC391_cnv_20_R61C40yesS_SC391_40_W_C1,5.834913,13.5008,3,0.5994303298419302,0.0,0.0,0.34705378051715596,0.9212798001381878,0.2134831460674158,0.2995413849273531,23,158,0.14556962025316456
SC391_cnv_20_R61C55yesS_SC391_40_W_C1,7.6846123,8.15026,3,0.6784002966444694,78.31466833737959,0.6079174231428969,0.5040737314798114,0.8277056956523839,0.33628318584070793,0.44612881168886565,18,143,0.1258741258741259
SC391_cnv_20_R61C58yesS_SC391_40_W_C1,8.164451,11.59787,3,0.5733735165025776,0.0,0.0,0.3920503043153919,0.7658952936568044,0.30434782608695654,0.46762265978904444,19,124,0.1532258064516129
SC391_cnv_20_R61C5yesS_SC391_40_W_C1,-0.79291356,6.6251407,0,0.5136129701889148,0.0,0.0,0.04967284826510483,0.7682953714410733,0.10119047619047622,0.19264664193642878,1,106,0.009433962264150943
SC391_cnv_20_R61C65yesS_SC391_40_W_C2,9.224762,11.266365,3,0.6647858330468783,89.84524157139327,0.6095920494639692,0.5146660049370282,0.9875771574795092,0.33333333333333326,0.44950984393064314,22,143,0.15384615384615385
SC391_cnv_20_R61C6yesS_SC391_40_W_C1,7.712691,11.244816,3,6.164126055104009e-09,0.0,0.0,0.40609459185783403,0.6519428778187604,0.35064935064935066,0.4134117406634502,8,97,0.08247422680412371
SC391_cnv_20_R61C71yesS_SC391_40_W_C2,7.635346,11.197204,3,0.8705525773489766,141.23296377374479,0.8653667966917923,0.34351015198758006,1.0541645448794872,0.2520661157024794,0.45087138617627337,16,150,0.10666666666666667
SC391_cnv_20_R62C23yesS_SC391_40_W_C1,5.43589,13.1982,3,0.8417454887369957,90.13881377321074,0.8368536344397605,0.3516581879699525,1.5452124536559206,0.19066147859922178,0.4077019053503079,32,366,0.08743169398907104
SC391_cnv_20_R62C24yesS_SC391_40_W_C1,5.9557614,13.428481,3,0.9081502343958415,135.8531578311798,0.9289650560946685,0.360593114071868,1.1193667444779112,0.19337016574585641,0.4018172763520412,15,196,0.07653061224489796
SC391_cnv_20_R62C31yesS_SC391_40_W_C2,8.189021,10.3486185,3,0.7019360677089016,63.838615978805585,0.6923964055971595,0.5775796008020566,0.7655195388725191,0.3707865168539326,0.45588688626163937,34,222,0.15315315315315314
SC391_cnv_20_R62C34yesS_SC391_40_W_C2,6.848441,6.534294,2,0.9608700407173314,155.64947737694712,0.9669251134431703,0.5913155381148528,1.7360124305244056,0.3879003558718861,0.5397590248334931,42,370,0.11351351351351352
SC391_cnv_20_R62C39yesS_SC391_40_W_C1,7.0276995,12.598333,3,0.8295355160660617,87.34387282732116,0.8350082771322731,0.31506473492015374,1.05398799627435,0.14084507042253525,0.329645136232462,37,296,0.125
SC391_cnv_20_R62C42yesS_SC391_40_W_C1,7.187696,12.609964,3,0.8521843037076705,66.749733001068,0.7896825200192096,0.8194998334421462,1.7105338131489614,0.5462962962962963,0.5855567370981137,23,296,0.0777027027027027
SC391_cnv_20_R62C46yesS_SC391_40_W_C2,5.733825,13.495945,3,0.8133100268579053,96.02194787379972,0.8138790883959833,0.6274302861101854,0.9358509944367372,0.11524163568773238,0.36548742520254546,57,417,0.1366906474820144
SC391_cnv_20_R62C47yesS_SC391_40_W_C2,7.5695324,12.223482,3,0.8953717760242339,129.7998918334235,0.891694805939104,0.4086039459042292,1.2237722099645594,0.2604651162790698,0.5256184440981424,18,302,0.059602649006622516
SC391_cnv_20_R62C48yesS_SC391_40_W_C2,5.5948615,13.576766,3,0.8116752971859714,88.2706023585905,0.8268663616387758,0.33604897599744654,1.009514080235868,0.134453781512605,0.38541833317943636,36,364,0.0989010989010989
SC391_cnv_20_R62C58yesS_SC391_40_W_C1,5.924273,13.526422,3,0.8287832333805535,97.55463059313215,0.8262419609928937,0.3383600627823509,0.8907950399391038,0.1070707070707071,0.3712476132584095,42,369,0.11382113821138211
SC391_cnv_20_R62C59yesS_SC391_40_W_C1,6.4276686,13.14885,3,0.8484094730849882,80.4359629190211,0.8462827866943335,0.39538916225353,1.2299969764123284,0.1795454545454545,0.3731861111383122,36,324,0.1111111111111111
SC391_cnv_20_R62C69yesS_SC391_40_W_C2,6.9475117,12.745748,3,0.8481236386524365,94.61505190311419,0.8511680570625076,0.4569084642579309,1.8923543133456806,0.2397769516728625,0.4867529704906868,48,393,0.12213740458015267
SC391_cnv_20_R62C9yesS_SC391_40_W_C2,8.230325,12.608876,3,0.8532149687091681,97.55463059313215,0.859981105021469,0.3917360706335451,1.250592523537542,0.1816326530612245,0.39094441804870445,50,352,0.14204545454545456
SC391_cnv_20_R63C13yesS_SC391_40_W_D2,-0.42153734,6.477627,0,0.7383708272248052,87.34387282732116,0.7531141087650046,0.11419551624734808,1.1103720937369066,0.125,0.3262192729101807,1,279,0.0035842293906810036
SC391_cnv_20_R63C14yesS_SC391_40_W_D2,7.730193,12.242924,3,0.9216348545187872,153.04560759106212,0.9308486968498959,0.35382929855857853,1.15099384135395,0.17048346055979646,0.39674552231319565,38,268,0.1417910447761194
SC391_cnv_20_R63C15yesS_SC391_40_W_D2,7.557233,11.986301,3,0.6668361754768383,129.13223140495867,0.5844001680150483,0.30833383214803745,0.8602325267042624,0.16666666666666663,0.3118254464922805,26,140,0.18571428571428572
SC391_cnv_20_R63C27yesS_SC391_40_W_D2,6.8391542,11.257186,3,0.9734047596322327,113.42155009451797,1.0008750572223417,0.45210097496026697,1.8162233095723568,0.24890829694323147,0.48048964541682415,37,285,0.12982456140350876
SC391_cnv_20_R63C33yesS_SC391_40_W_D2,6.0542154,12.600261,3,0.9523935234427372,0.0,0.0,0.5436803060244825,1.2804425013730543,0.37209302325581395,0.4758218118965391,21,139,0.1510791366906475
SC391_cnv_20_R63C3yesS_SC391_40_W_D1,5.2760277,13.057452,3,0.7957707345195042,116.54332498106172,0.7792532002019761,0.39531179614645406,1.3236231304777633,0.28787878787878785,0.45914809998352796,15,182,0.08241758241758242
SC391_cnv_20_R63C45yesS_SC391_40_W_D2,6.245324,11.724694,3,0.9235775740881513,101.20140525379867,0.9281228952406032,0.44940801051881013,2.4543581806765307,0.3127413127413128,0.4243381504929253,38,352,0.10795454545454546
SC391_cnv_20_R63C49yesS_SC391_40_W_D2,8.101539,12.396078,3,0.7422587226086407,62.00012400024801,0.763833108957663,0.33165543556802723,1.0414028812417406,0.1937984496124031,0.3474405132283178,18,206,0.08737864077669903
SC391_cnv_20_R63C63yesS_SC391_40_W_D2,6.032748,12.435647,3,0.9991043986907058,67.18624025799515,0.993874534447038,0.43961571800401134,1.501785362011679,0.32799999999999996,0.45221964336985737,17,209,0.08133971291866028
SC391_cnv_20_R63C6yesS_SC391_40_W_D1,7.936704,12.216118,3,0.8422876287804862,91.57229632795092,0.851375976826227,0.4011495671259725,1.3273012578095882,0.24309392265193375,0.3947607723135107,36,265,0.13584905660377358
SC391_cnv_20_R63C8yesS_SC391_40_W_D1,6.7255025,13.023912,3,0.8029880698873638,104.16666666666667,0.8053556542247705,0.40595050127672555,1.022862813881972,0.15000000000000002,0.37187709438311195,38,355,0.10704225352112676
SC391_cnv_20_R64C13yesS_SC391_40_W_D2,6.2668343,13.313337,3,0.8010889782161781,96.11687812379854,0.7983827427440071,0.3865475227596401,0.9478988803194461,0.13235294117647056,0.3498845831556789,26,282,0.09219858156028368
SC391_cnv_20_R64C15yesS_SC391_40_W_D2,7.2056623,12.633166,3,0.720150543918841,79.71938775510203,0.7121308825349012,0.37176542928921064,1.1942804231518611,0.21238938053097356,0.34663894874260426,21,167,0.12574850299401197
SC391_cnv_20_R64C16yesS_SC391_40_W_D2,7.9175844,12.061045,3,0.8501721985335755,113.37868480725623,0.8612788183826884,0.4196697363053363,1.108441567244812,0.20192307692307687,0.37420415021695863,38,289,0.1314878892733564
SC391_cnv_20_R64C1yesS_SC391_40_W_D1,7.568336,12.126376,3,0.8549699956586012,93.3510700366403,0.8575346745360489,0.4096732389482628,1.2225717717423692,0.19999999999999996,0.4380434608538834,37,285,0.12982456140350876
SC391_cnv_20_R64C20yesS_SC391_40_W_D1,5.546959,13.133445,3,0.8201299442637028,92.0996887030522,0.809469963299892,0.3339743003753374,1.291549541037003,0.1759656652360515,0.40007615259878354,32,290,0.1103448275862069
SC391_cnv_20_R64C25yesS_SC391_40_W_D1,6.032164,12.44158,3,0.9329290673826975,66.05892456070815,0.9586867131409953,0.3350882195211175,1.0920626406593872,0.19075144508670516,0.3730522438918351,29,256,0.11328125
SC391_cnv_20_R64C26yesS_SC391_40_W_D1,7.555948,12.0683,3,0.8342517515718407,89.58165367732688,0.8236315792893056,0.4115575402742205,1.3109458420117646,0.18579234972677594,0.42039044714272894,33,285,0.11578947368421053
SC391_cnv_20_R64C27yesS_SC391_40_W_D2,6.084004,13.374244,3,0.9150716031738563,156.62933667475917,0.9136155815918534,0.4403795450650697,1.4761843486309507,0.2844444444444445,0.482632418436122,32,304,0.10526315789473684
SC391_cnv_20_R64C28yesS_SC391_40_W_D2,9.12592,9.69638,3,0.9097979975180227,146.10271020527432,0.9176298681139922,0.15129933064413664,1.2127062307278376,0.13617021276595742,0.4069418528149688,13,278,0.046762589928057555
SC391_cnv_20_R64C2yesS_SC391_40_W_D1,6.703739,12.967597,3,0.8402111832218496,89.58165367732688,0.836711556241659,0.37565726551576833,1.0277871248301331,0.18579234972677594,0.38637610132763617,39,285,0.1368421052631579
SC391_cnv_20_R64C30yesS_SC391_40_W_D2,7.656658,12.109761,3,0.9826149969234362,209.75953929177552,0.9935444333404118,0.3776447100076794,1.672628904342716,0.2192982456140351,0.3707123419664482,38,265,0.14339622641509434
SC391_cnv_20_R64C32yesS_SC391_40_W_D2,5.370078,13.229894,3,0.7946165087253799,114.31184270690443,0.7858003895674581,0.3970879887853916,1.1795356492391762,0.2298136645962734,0.46140314713751296,29,213,0.13615023474178403
SC391_cnv_20_R64C34yesS_SC391_40_W_D2,6.349722,13.332923,3,0.8039193641236553,77.69554998737448,0.7875110276744226,0.3802717815652975,1.0294666934665582,0.14646464646464652,0.3589267522266566,35,275,0.12727272727272726
SC391_cnv_20_R64C43yesS_SC391_40_W_D1,-0.65235734,6.6519732,0,0.8301729354533176,97.89333542172449,0.8310130244721187,0.2890177697293706,1.4530409884008826,0.24444444444444446,0.5060740260462503,9,261,0.034482758620689655
SC391_cnv_20_R64C47yesS_SC391_40_W_D2,7.5507607,11.953709,3,0.7639146640301868,93.82623381497467,0.7518846317243697,0.3387654122050908,0.9450508142500422,0.1496598639455783,0.29970557257206654,36,230,0.1565217391304348
SC391_cnv_20_R64C52yesS_SC391_40_W_D2,5.7839303,13.336203,3,0.8241389095810444,112.91354586171855,0.8386202202314315,0.33601841178037883,1.2922814223630805,0.1901840490797546,0.3380161397456261,19,249,0.07630522088353414
SC391_cnv_20_R64C54yesS_SC391_40_W_D1,5.566026,13.410059,3,0.8228803368759645,105.19395134779751,0.8197330168173651,0.3333093245303396,1.2022533806023619,0.1785714285714286,0.3529251130442409,31,271,0.11439114391143912
SC391_cnv_20_R64C55yesS_SC391_40_W_D1,6.12194,11.928378,3,0.852451423854419,99.08838684106223,0.8607669261123511,0.40467493488493844,1.8027964982602835,0.29032258064516125,0.3247311417870909,27,244,0.11065573770491803
SC391_cnv_20_R64C67yesS_SC391_40_W_D2,-0.3643199,5.6771507,0,0.7814330401561278,90.08603216071349,0.7865382584886943,0.12160271638644525,1.027370897068719,0.07692307692307687,0.27572521391935195,1,303,0.0033003300330033004
SC391_cnv_20_R64C68yesS_SC391_40_W_D2,-0.61365217,6.829243,0,0.8165096787670765,120.02280433282324,0.8203060150563786,0.15221809817812254,1.5329409274257964,0.14937759336099588,0.32698440339718143,0,239,0.0
SC391_cnv_20_R64C71yesS_SC391_40_W_D2,5.7231355,12.94944,3,0.853083025770302,124.62390286456943,0.8556402464772902,0.4075987328573447,1.9754582578495419,0.2638297872340426,0.38616190260831434,32,328,0.0975609756097561
SC391_cnv_20_R64C7yesS_SC391_40_W_D1,6.099232,12.917084,3,0.9112748059887973,92.45562130177514,0.9155599129929288,0.3762907508129695,1.0403072697120277,0.14423076923076927,0.35013010138863504,30,330,0.09090909090909091
SC391_cnv_20_R64C9yesS_SC391_40_W_D2,6.1038494,12.08531,3,0.9441051869924973,164.0010796737745,0.9525354618541535,0.39097290579257715,1.8980359794458834,0.24535315985130113,0.44268527556317866,35,303,0.11551155115511551
SC391_cnv_20_R65C13yesS_SC391_40_W_D2,8.113491,12.10639,3,0.8483249923294994,110.80332409972299,0.8700387000174078,0.3080402393234295,1.1329123108658006,0.26315789473684215,0.42164113541359804,32,238,0.13445378151260504
SC391_cnv_20_R65C15yesS_SC391_40_W_D2,5.525707,13.427722,3,0.5916572264892703,0.0,0.0,0.3023548548350879,0.9009313645053592,0.18681318681318682,0.38608395219954234,17,112,0.15178571428571427
SC391_cnv_20_R65C21yesS_SC391_40_W_D1,7.876763,12.694103,3,0.6748289803574071,75.61436672967864,0.7206428133895434,0.339803035332531,0.9627229636472664,0.18965517241379315,0.2788843710903899,26,176,0.14772727272727273
SC391_cnv_20_R65C24yesS_SC391_40_W_D1,7.272134,11.92538,3,0.7176769691459378,73.05135510263716,0.7522095305150162,0.3574249515969963,0.9448601011310238,0.16239316239316248,0.32284665617601155,19,164,0.11585365853658537
SC391_cnv_20_R65C26yesS_SC391_40_W_D1,9.12751,9.554324,3,0.8588898137699067,82.64462809917356,0.84367363760154,0.4455466610328547,0.8646673062084429,0.22171945701357476,0.5555971091813603,30,230,0.13043478260869565
SC391_cnv_20_R65C33yesS_SC391_40_W_D2,5.999404,13.228979,3,0.8612340455689687,159.43877551020407,0.8525007932740112,0.41460990084810695,1.1698939665158217,0.29824561403508776,0.39725221556834406,16,139,0.11510791366906475
SC391_cnv_20_R65C38yesS_SC391_40_W_D1,5.637532,13.188816,3,0.8273214502784424,76.20789513793629,0.8399858578804986,0.3286480486457218,0.9587978082701428,0.1490683229813664,0.313238280759779,37,257,0.14396887159533073
SC391_cnv_20_R65C46yesS_SC391_40_W_D2,6.3424935,13.303635,3,0.7890539095929181,79.71091508130513,0.7919294352519661,0.39281383520974317,1.1886612723483396,0.1701030927835051,0.39371447311799773,38,286,0.13286713286713286
SC391_cnv_20_R65C48yesS_SC391_40_W_D2,7.9370008,12.516002,3,0.8633006180060823,80.1153661272232,0.8742868498994016,0.3688904619120388,1.0309810180342447,0.21019108280254772,0.4095312997294444,26,209,0.12440191387559808
SC391_cnv_20_R65C53yesS_SC391_40_W_D2,7.1562037,12.648022,3,0.840108558858761,93.3510700366403,0.8495041173333728,0.3806371118025514,0.949026022392065,0.13592233009708743,0.34286526023370273,48,331,0.14501510574018128
SC391_cnv_20_R65C68yesS_SC391_40_W_D2,5.9416313,13.308653,3,0.8412344665797166,120.75836251660427,0.8481507915305065,0.4230732798420989,1.5180392746426907,0.28415300546448086,0.4352157197045703,43,269,0.15985130111524162
SC391_cnv_20_R65C69yesS_SC391_40_W_D2,7.1648483,11.339624,3,0.9637247141370445,193.90581717451522,0.9642852205716814,0.49658735640670504,1.5846752444635175,0.267379679144385,0.4729415742565219,32,244,0.13114754098360656
SC391_cnv_20_R65C71yesS_SC391_40_W_D2,7.8639164,11.960134,3,0.8541701728269692,126.25943789298249,0.845925939666583,0.38856940017933883,1.2803619474965662,0.2126582278481013,0.4919047324806723,31,250,0.124
SC391_cnv_20_R65C9yesS_SC391_40_W_D2,5.522212,13.08497,3,0.8471531102613782,99.08838684106223,0.857706116180177,0.3522109831449225,1.4593129087862713,0.2068965517241379,0.3719951239595996,24,219,0.1095890410958904
SC391_cnv_20_R66C24yesS_SC391_40_W_D1,9.030225,10.500013,3,0.726391028032163,53.27934359848686,0.5421884633937132,0.6076585326471091,0.5590474082001209,0.3576642335766423,0.3603073061864283,20,178,0.11235955056179775
SC391_cnv_20_R66C26yesS_SC391_40_W_D1,8.0929365,12.678221,3,0.8447769560687672,96.84917355371901,0.8342237165269992,0.3792192514469886,0.9373450285136946,0.1875,0.3822714004970415,28,308,0.09090909090909091
SC391_cnv_20_R66C2yesS_SC391_40_W_D1,8.215068,12.476716,3,0.8488669549361428,112.30655196424159,0.849092489946745,0.4231719790796932,1.4722489339114269,0.2523809523809524,0.45024514058448256,30,254,0.11811023622047244
SC391_cnv_20_R66C35yesS_SC391_40_W_D2,6.375403,13.232808,3,0.8129705620187228,86.80555555555556,0.7993281085799322,0.4454512496112183,1.2801093620234298,0.17500000000000004,0.4044464819266518,27,323,0.08359133126934984
SC391_cnv_20_R66C37yesS_SC391_40_W_D1,5.384591,13.405296,3,0.720151851738863,62.98815822625347,0.735640972365529,0.37359232102307643,1.266950501881881,0.203125,0.4044884088397804,19,194,0.0979381443298969
SC391_cnv_20_R66C44yesS_SC391_40_W_D1,6.645077,13.050701,3,0.9155887829612376,143.63688595231255,0.9180685242527338,0.45473174311078335,1.2720479942553231,0.2936170212765957,0.5153626815893051,32,299,0.10702341137123746
SC391_cnv_20_R66C48yesS_SC391_40_W_D2,8.007818,12.567092,3,0.8398042845234996,87.34387282732116,0.8479059032331329,0.33639870545041495,1.0401045214222058,0.14553990610328638,0.379280874905646,46,345,0.13333333333333333
SC391_cnv_20_R66C55yesS_SC391_40_W_D1,9.140481,11.569585,3,0.8325355217665092,76.20789513793629,0.7811413303563972,0.3927437969539762,1.0972899059524148,0.25,0.47728540130112945,24,213,0.11267605633802817
SC391_cnv_20_R66C60yesS_SC391_40_W_D1,8.697267,8.442484,3,0.8400704691719989,97.12391797885127,0.8406683749384917,0.49016622511067964,0.946186233089245,0.3806228373702423,0.4948944936576025,52,384,0.13541666666666666
SC391_cnv_20_R66C6yesS_SC391_40_W_D1,5.4223404,13.224485,3,0.8030308754384344,90.56877188745321,0.799758227329619,0.33778034439094484,0.9900144125063863,0.149171270718232,0.3706824733858737,25,236,0.1059322033898305
SC391_cnv_20_R66C71yesS_SC391_40_W_D2,6.296645,13.385059,3,0.8992129753317689,174.42874585731727,0.8914118609912625,0.44318803559825026,1.5236277477243974,0.21033210332103325,0.48543862749451494,46,322,0.14285714285714285
SC391_cnv_20_R66C9yesS_SC391_40_W_D2,-0.72735304,6.5746293,0,0.7824708515768609,79.01234567901234,0.7851223605720661,0.08117641793186543,1.1107421598897003,0.10222222222222221,0.26876259298095145,1,299,0.0033444816053511705
SC391_cnv_20_R67C22yesS_SC391_40_W_D1,7.2000475,11.670275,3,0.7772209209962773,84.167999326656,0.8048030959095959,0.4677986570890625,1.1545096630100036,0.24545454545454548,0.4466909386981168,19,176,0.10795454545454546
SC391_cnv_20_R67C26yesS_SC391_40_W_D1,6.9033484,11.175566,3,1.131847948806049,84.33125316242199,1.1010047387169362,0.49045961731314697,2.120036648100249,0.34615384615384615,0.4369092037710037,33,205,0.16097560975609757
SC391_cnv_20_R67C34yesS_SC391_40_W_D2,6.01264,12.570647,3,0.8908149759477371,66.05892456070815,0.9157632569187193,0.3381405061382117,1.0692696734702203,0.16763005780346818,0.41872680468188683,25,254,0.0984251968503937
SC391_cnv_20_R67C41yesS_SC391_40_W_D1,-0.26917985,5.5450196,0,0.7743239721044729,57.19351425548342,0.7638916477909972,0.038162874268501026,0.7902950562374258,0.06951871657754005,0.1758703983502472,0,201,0.0
SC391_cnv_20_R67C42yesS_SC391_40_W_D1,5.473587,13.147993,3,0.785603945571995,78.09246147438567,0.7913129687611417,0.3721028884984736,1.158031535270735,0.17346938775510212,0.4286409790666223,35,289,0.12110726643598616
SC391_cnv_20_R67C4yesS_SC391_40_W_D1,5.343903,13.460039,3,0.8587586423583417,108.1665765278529,0.8612670961518586,0.33150591217345027,1.4206068509703011,0.19158878504672894,0.3974359391074336,36,283,0.127208480565371
SC391_cnv_20_R67C53yesS_SC391_40_W_D2,7.7666903,11.185242,3,0.9110002200343474,119.73036721303625,0.9081406596028528,0.6672557819514239,2.1083723007412405,0.47058823529411764,0.5233557002635755,50,402,0.12437810945273632
SC391_cnv_20_R67C57yesS_SC391_40_W_D1,8.202154,12.6008835,3,0.8247043578362196,86.71522719389525,0.8047391270673517,0.3418235495777979,0.8640454393580068,0.13978494623655913,0.3480351374848155,34,265,0.12830188679245283
SC391_cnv_20_R67C60yesS_SC391_40_W_D1,6.9723783,11.137651,3,0.8550931435306988,92.45562130177514,0.828514932138206,0.6633653077416419,1.7624837883872706,0.4114832535885168,0.47101068786411066,49,325,0.15076923076923077
SC391_cnv_20_R67C68yesS_SC391_40_W_D2,-0.40091917,5.8941984,0,0.7674348954505847,85.73388203017832,0.7606448535304703,0.07960325361803386,1.0252808968335014,0.09677419354838701,0.25998101955807146,0,218,0.0
SC391_cnv_20_R67C69yesS_SC391_40_W_D2,8.11558,12.606786,3,0.855688704871472,134.7678623570899,0.8594273885002728,0.5193964189920981,1.536273422298324,0.2761904761904762,0.4091237767006153,39,304,0.12828947368421054
SC391_cnv_20_R67C70yesS_SC391_40_W_D2,6.208438,13.3297205,3,0.7498079173431011,74.31629013079666,0.7357625874245064,0.43528512022803484,1.286303923067496,0.24137931034482762,0.3899358710321883,17,165,0.10303030303030303
SC391_cnv_20_R68C0yesS_SC391_40_W_D1,5.8610144,13.305737,3,0.8634536312361413,84.88003621548212,0.8734436026922224,0.44949510820627026,1.8304649626943381,0.26455026455026465,0.32620986658559264,21,242,0.08677685950413223
SC391_cnv_20_R68C25yesS_SC391_40_W_D1,8.0985155,12.489426,3,0.8263415777884523,107.38543316599103,0.8092277496210758,0.39769850860339995,1.1771069636034648,0.1968911917098446,0.4360596003480018,34,291,0.11683848797250859
SC391_cnv_20_R68C28yesS_SC391_40_W_D2,7.4945517,12.312474,3,0.8303646263095495,112.91354586171855,0.8426378990087946,0.4399585772626688,1.0621946589095144,0.154320987654321,0.42617945781517313,32,246,0.13008130081300814
SC391_cnv_20_R68C41yesS_SC391_40_W_D1,7.9473186,12.66463,3,0.8134846352062131,84.88003621548212,0.8102656735917148,0.3405801293525493,1.0596613890086564,0.17460317460317465,0.3976571451043391,36,272,0.1323529411764706
SC391_cnv_20_R68C43yesS_SC391_40_W_D1,7.9399195,12.704209,3,0.7153670676216364,85.43722499893204,0.6610360875309705,0.31863113519035713,0.8379257498008614,0.13636363636363646,0.2542535345246914,27,222,0.12162162162162163
SC391_cnv_20_R68C4yesS_SC391_40_W_D1,5.680815,13.24211,3,0.8379740740362167,107.5692925526193,0.8205678479265549,0.4114473246132172,1.2091562579959305,0.2650602409638554,0.4780375037188478,30,234,0.1282051282051282
SC391_cnv_20_R68C54yesS_SC391_40_W_D1,5.7335887,13.103545,3,0.9093333303677317,147.29399882164802,0.9014362143302053,0.4300081347448538,1.5690487501364276,0.2522935779816514,0.4450299374132561,24,280,0.08571428571428572
SC391_cnv_20_R68C55yesS_SC391_40_W_D1,8.064983,12.626759,3,0.9094630507577272,132.1178491214163,0.9312002441085567,0.47989080865332734,1.168208020308422,0.28735632183908044,0.5104646482549083,30,254,0.11811023622047244
SC391_cnv_20_R68C63yesS_SC391_40_W_D2,5.4909,13.37632,3,0.9491862300362797,170.87931648273405,0.9276864959224663,0.3536838230711292,1.5847918513702977,0.24621212121212122,0.5093679419313286,45,323,0.1393188854489164
SC391_cnv_20_R68C64yesS_SC391_40_W_D2,5.4739013,13.140236,3,0.9270769572731589,168.335998653312,0.9397465242488081,0.4543155881389136,1.8440433187232876,0.2962962962962963,0.4895233092493206,29,267,0.10861423220973783
SC391_cnv_20_R68C65yesS_SC391_40_W_D2,12.371189,10.778839,3,0.7773376465726307,101.4061654948621,0.7432422629669612,0.5722636462493274,1.1790259792793711,0.4101123595505618,0.5002737431965869,20,221,0.09049773755656108
SC391_cnv_20_R68C68yesS_SC391_40_W_D2,6.113459,13.237299,3,0.7504546883141187,91.92760700948004,0.7156724195688761,0.5449287038571206,1.1989141512665826,0.41176470588235303,0.5753153880621901,18,206,0.08737864077669903
SC391_cnv_20_R68C6yesS_SC391_40_W_D1,7.4214916,12.03252,3,0.8511115189429894,129.8476454293629,0.8640263128499651,0.45039241492624565,1.385616589376231,0.23333333333333328,0.41656876188372033,27,192,0.140625
SC391_cnv_20_R69C22yesS_SC391_40_W_D1,5.3377123,13.1086,3,0.816458256027035,82.1827744904668,0.8338568509005114,0.3546546368838887,1.1258692897488887,0.20512820512820507,0.4048494611297882,33,194,0.17010309278350516
SC391_cnv_20_R69C38yesS_SC391_40_W_D1,6.160799,12.472668,3,1.0575984636632276,118.14744801512288,0.6814312372849191,0.8098294211950587,1.1662167577157336,0.8111111111111111,0.5415865946206543,24,210,0.11428571428571428
SC391_cnv_20_R69C39yesS_SC391_40_W_D1,6.059951,12.431883,3,0.989853569455402,61.7283950617284,1.0023488533334624,0.3417810590916581,1.2074395840593573,0.2134831460674157,0.4736730944851921,35,282,0.12411347517730496
SC391_cnv_20_R69C41yesS_SC391_40_W_D1,8.1751375,12.449922,3,0.8143020180595355,82.62277744728667,0.8088460972503462,0.3587041410211415,1.0808268599272381,0.1585365853658537,0.32408641841659525,47,350,0.13428571428571429
SC391_cnv_20_R69C45yesS_SC391_40_W_D2,8.046831,12.571423,3,0.8575607995551718,98.26947455311957,0.8538837536319945,0.3881362832671721,1.3650834671648404,0.19108280254777066,0.4167224715171691,58,439,0.13211845102505695
SC391_cnv_20_R69C47yesS_SC391_40_W_D2,5.701469,13.545269,3,0.8194315854442281,91.89245956731779,0.809171493573682,0.3642619755375243,1.4620909929981676,0.19272727272727275,0.38342626739878766,44,396,0.1111111111111111
SC391_cnv_20_R69C58yesS_SC391_40_W_D1,-0.64025885,5.9122477,0,0.7590084900898949,73.35322020636706,0.7647563918314757,0.030932213335511896,0.7687014485372923,0.05226480836236935,0.15267021776676598,1,344,0.0029069767441860465
SC391_cnv_20_R69C63yesS_SC391_40_W_D2,7.1268487,12.712288,3,0.8646839624888654,127.78269639744069,0.8664914750685665,0.43853449981063647,1.5259595519179006,0.21646341463414642,0.456087666584855,46,400,0.115
SC391_cnv_20_R69C70yesS_SC391_40_W_D2,5.577222,13.25502,3,0.8477106337076152,99.18666931164451,0.8644450000967239,0.37344034325538705,1.047030468767793,0.23404255319148937,0.3998633929638654,22,185,0.11891891891891893
SC391_cnv_20_R69C71yesS_SC391_40_W_D2,6.1557574,12.875749,3,0.8562901402025916,115.95547309833024,0.8487311007293286,0.3822438323174527,1.5057642535201248,0.2524590163934426,0.4786751704674981,53,392,0.13520408163265307
SC391_cnv_20_R6C12yesS_SC391_39_W_A2,7.71343,8.172243,3,0.9402608882657388,197.53086419753086,0.9506557005095909,0.443529426567867,1.5423693581981364,0.2869955156950673,0.5225280987567164,29,307,0.09446254071661238
SC391_cnv_20_R6C1yesS_SC391_39_W_A1,7.720291,9.374172,3,0.7427287167959292,120.75836251660427,0.6862238185849964,0.40057829951856083,1.1436077643101532,0.31182795698924726,0.44328612353850344,19,116,0.16379310344827586
SC391_cnv_20_R6C22yesS_SC391_39_W_A1,9.695333,10.945769,3,0.8523571672251107,117.1875,0.8560740006905547,0.43314793196736306,1.2568549430738911,0.28301886792452835,0.46656688732100515,27,245,0.11020408163265306
SC391_cnv_20_R6C24yesS_SC391_39_W_A1,10.381254,8.692269,3,0.8649518303772427,172.1763085399449,0.8554639343300251,0.6222066821944296,1.7114209996479353,0.4104477611940298,0.40707824604160125,11,152,0.07236842105263158
SC391_cnv_20_R6C25yesS_SC391_39_W_A1,-0.70415187,6.5380225,0,0.7821364720003658,101.4061654948621,0.8102223003684631,0.2375039476851588,1.9245778502001232,0.22857142857142865,0.32651070089199713,0,202,0.0
SC391_cnv_20_R6C29yesS_SC391_39_W_A2,7.7553773,9.650711,3,0.91131721727651,174.68774565464233,0.9074524905698683,0.5294529614506939,1.8678012183678505,0.39906103286384975,0.5052391440297265,52,283,0.18374558303886926
SC391_cnv_20_R6C2yesS_SC391_39_W_A1,8.872503,11.480832,3,0.7377129019784698,54.869684499314126,0.6360488684995932,0.48286678763892277,0.961012677418944,0.3840579710144928,0.5572825159616746,15,181,0.08287292817679558
SC391_cnv_20_R6C39yesS_SC391_39_W_A1,8.459345,11.328487,3,0.9188552812345598,115.16583880788335,0.9192109927863998,0.48030451592535217,1.7662087026298003,0.3536977491961415,0.5719464269002166,47,370,0.12702702702702703
SC391_cnv_20_R6C45yesS_SC391_39_W_A2,7.7173877,9.022761,3,0.9385700725171148,175.32325224632916,0.9528071227408983,0.5520445095356955,1.7483691763042482,0.3447098976109215,0.5363328573357791,58,370,0.15675675675675677
SC391_cnv_20_R6C4yesS_SC391_39_W_A1,7.425813,8.968157,3,0.7927683177892856,67.60411032990807,0.7878533197228249,0.4978670675443747,1.0242309567348138,0.17919075144508667,0.4199291739182579,38,246,0.15447154471544716
SC391_cnv_20_R6C54yesS_SC391_39_W_A1,9.566304,10.139511,3,0.8924968242870129,136.79422728360862,0.9056432229037888,0.5081170578358547,1.0068765117215759,0.36309523809523814,0.33616052038497457,36,214,0.16822429906542055
SC391_cnv_20_R6C58yesS_SC391_39_W_A1,8.588316,11.239228,3,0.8494059388684567,108.6464463558171,0.8468263945907554,0.36830463736326713,1.4261545308530084,0.20425531914893613,0.4657013642507582,32,316,0.10126582278481013
SC391_cnv_20_R6C59yesS_SC391_39_W_A1,7.736196,8.989313,3,0.6831969939908081,118.14744801512288,0.6098733122365957,0.49436899366707854,1.0678759458227527,0.29032258064516125,0.4821015258423804,17,124,0.13709677419354838
SC391_cnv_20_R6C60yesS_SC391_39_W_A1,9.5255575,10.835982,3,0.8215702346079831,92.2722029988466,0.8090888107438705,0.5859280412160497,0.9411243404380418,0.3598409542743539,0.5030579435671697,33,295,0.11186440677966102
SC391_cnv_20_R6C62yesS_SC391_39_W_A1,6.824045,11.294931,3,0.9207131346596912,113.42155009451797,0.923278264782852,0.43842703574947883,2.4704633013933615,0.3111111111111111,0.4447173741800264,24,266,0.09022556390977443
SC391_cnv_20_R6C65yesS_SC391_39_W_A2,7.8491683,9.659244,3,0.9651520385687252,180.30126702617645,0.9831820585568667,0.37098879363285125,1.7694856151799758,0.30327868852459017,0.4583121441993773,28,289,0.09688581314878893
SC391_cnv_20_R6C66yesS_SC391_39_W_A2,8.24456,12.035852,3,0.8513392185677028,130.15410245730945,0.8600446938170372,0.40683053145285814,1.7523372199182143,0.31139240506329113,0.5112794745083945,34,253,0.13438735177865613
SC391_cnv_20_R6C70yesS_SC391_39_W_A2,7.2838135,9.522251,3,0.9123143497547624,123.2741617357002,0.9194698914293454,0.5295140206691807,1.8893094322420816,0.3980263157894737,0.5104934722774416,36,212,0.16981132075471697
SC391_cnv_20_R6C71yesS_SC391_39_W_A2,9.1092,9.836041,3,0.9724575030220217,175.71366782006922,0.9760646860399799,0.26531422005292493,1.3893593957274621,0.18959107806691455,0.40900931344684943,19,333,0.057057057057057055
SC391_cnv_20_R6C8yesS_SC391_39_W_A1,8.628098,12.077862,3,0.8715535205959698,121.33271858089253,0.8823323998176332,0.44856043633640796,1.9686445991698331,0.3465346534653466,0.4376460683352372,24,244,0.09836065573770492
SC391_cnv_20_R70C15yesS_SC391_40_W_D2,7.512121,12.041115,3,0.7685422634281476,79.71938775510203,0.7580865854152833,0.3815849264946452,1.0411305949087561,0.18584070796460184,0.38815018336037216,16,155,0.1032258064516129
SC391_cnv_20_R70C22yesS_SC391_40_W_D1,5.3471813,13.348859,3,0.7944326410815096,99.18666931164451,0.7720342438182152,0.3342525549628622,1.3019393994465602,0.2027972027972028,0.365166010539094,20,226,0.08849557522123894
SC391_cnv_20_R70C29yesS_SC391_40_W_D2,5.887493,13.285022,3,0.9190128397685693,152.01558850762152,0.9176196073963212,0.4579461346817405,1.6010433014914072,0.28464419475655434,0.5265227615747601,40,360,0.1111111111111111
SC391_cnv_20_R70C2yesS_SC391_40_W_D1,8.089303,10.489742,3,0.7064688999323631,82.64462809917356,0.48141447429231304,0.6265612193902881,0.9824561403508769,0.49122807017543857,0.553672707986832,20,204,0.09803921568627451
SC391_cnv_20_R70C30yesS_SC391_40_W_D2,7.3997188,12.353819,3,0.888039522873702,112.30655196424159,0.9053531766083452,0.4941965273828147,1.6255261553103009,0.2692307692307693,0.47875868690263595,45,366,0.12295081967213115
SC391_cnv_20_R70C34yesS_SC391_40_W_D2,8.946181,6.6394076,2,0.921259095616173,110.72664359861591,0.9074824937189142,1.1115608543597566,2.0538482611782025,0.9750623441396509,0.4961596978601505,36,380,0.09473684210526316
SC391_cnv_20_R70C38yesS_SC391_40_W_D1,6.204951,13.389057,3,0.8172420449672597,86.80555555555556,0.8053292936598583,0.42477641237138475,1.2603489561398662,0.18333333333333335,0.44913234527969165,46,358,0.12849162011173185
SC391_cnv_20_R70C3yesS_SC391_40_W_D1,8.122291,12.55238,3,0.762502914176189,65.03642039542144,0.7380862283820891,0.4001520135964542,0.9910944692882122,0.19199999999999995,0.33868628323142236,25,197,0.12690355329949238
SC391_cnv_20_R70C43yesS_SC391_40_W_D1,8.936486,10.57821,3,0.7597541760862279,61.04819755196727,0.7570777146894018,0.5054555143257756,0.9236020151893996,0.3032786885245901,0.538042738990741,36,258,0.13953488372093023
SC391_cnv_20_R70C44yesS_SC391_40_W_D1,6.2012196,11.76984,3,0.9123003902545531,133.33333333333334,0.9067352370871933,0.42482442759972444,2.522610690436584,0.27516778523489926,0.44239386473491005,43,344,0.125
SC391_cnv_20_R70C67yesS_SC391_40_W_D2,6.979001,11.122527,3,0.9477589226514642,197.53086419753086,0.9409784763180428,0.5490432117699771,2.2740774935517765,0.3228699551569507,0.4643791756966561,39,298,0.13087248322147652
SC391_cnv_20_R71C12yesS_SC391_40_W_D2,5.6099625,13.063322,3,0.7872799176653179,111.540749553837,0.78743813425366,0.35901734896367765,0.8892107788139069,0.19631901840490795,0.3897510113135168,18,220,0.08181818181818182
SC391_cnv_20_R71C29yesS_SC391_40_W_D2,6.034848,12.111744,3,0.8702731091895998,95.75792396820836,0.8735203740839821,0.4176587737103544,1.5843156752342127,0.25,0.3912077475891879,18,218,0.08256880733944955
SC391_cnv_20_R71C35yesS_SC391_40_W_D2,8.035997,12.420753,3,0.8651862562784348,104.12328196584757,0.8816863862684517,0.35880828612619664,1.1378679017723252,0.18556701030927836,0.41372232097688394,28,272,0.10294117647058823
SC391_cnv_20_R71C36yesS_SC391_40_W_D1,-0.88370323,5.9126453,0,0.5896302128168903,120.75836251660427,0.8158293901552283,0.1389342275086223,0.8001626513793803,0.098901098901099,0.2612040437125443,2,107,0.018691588785046728
SC391_cnv_20_R71C37yesS_SC391_40_W_D1,8.568251,7.0158553,2,0.9480041195502747,170.99278410451078,0.9401052191175587,0.4969189974629997,1.2512680581270432,0.36764705882352944,0.5171025186106466,20,226,0.08849557522123894
SC391_cnv_20_R71C51yesS_SC391_40_W_D2,7.035081,12.718125,3,0.8218413288115253,78.125,0.8367051547021646,0.34081879256983216,1.0278162502229564,0.16874999999999996,0.3351103926525546,27,226,0.11946902654867257
SC391_cnv_20_R71C54yesS_SC391_40_W_D1,5.9267316,13.449656,3,0.7631227127967554,93.82623381497467,0.748339439274287,0.33150540235546255,0.8949960276176799,0.14383561643835607,0.3582497201143236,22,206,0.10679611650485436
SC391_cnv_20_R71C56yesS_SC391_40_W_D1,8.226353,7.836522,2,0.9628488992622284,171.55180864621116,0.969150584782846,0.5118661577794865,1.4608043321352389,0.33999999999999997,0.5211109484080506,35,266,0.13157894736842105
SC391_cnv_20_R71C5yesS_SC391_40_W_D1,-0.34506148,5.629427,0,0.6522765946899288,46.277014207043365,0.5636747978183383,0.024735100469203394,0.7372404844158557,0.06802721088435382,0.0829664745205238,0,154,0.0
SC391_cnv_20_R71C62yesS_SC391_40_W_D1,7.008788,11.101862,3,0.9145440516694088,138.50415512465375,0.9113672284134108,0.4935467128714248,2.0222775100703463,0.2727272727272727,0.42956970361484603,37,246,0.15040650406504066
SC391_cnv_20_R71C65yesS_SC391_40_W_D2,6.838303,12.852254,3,0.9729110741963825,222.76676319893073,0.9647027561485391,0.4975096948481245,1.6553879513822367,0.31658291457286436,0.5031545783749682,33,236,0.13983050847457626
SC391_cnv_20_R71C66yesS_SC391_40_W_D2,7.062874,12.714691,3,0.8565863130204566,131.49243918474687,0.8590530720983485,0.41475510752043104,1.40044917599131,0.24226804123711343,0.42099551015250825,43,263,0.1634980988593156
SC391_cnv_20_R71C68yesS_SC391_40_W_D2,8.056491,12.557831,3,0.8304744502548352,129.13223140495867,0.8316231701501148,0.38317039245470774,1.195708903904129,0.21590909090909094,0.4284679107441754,30,221,0.13574660633484162
SC391_cnv_20_R71C6yesS_SC391_40_W_D1,8.018152,12.500357,3,0.6064131555320584,0.0,0.0,0.3340453596606944,0.8189629160623453,0.19718309859154926,0.2833886803395116,13,90,0.14444444444444443
SC391_cnv_20_R71C71yesS_SC391_40_W_D2,6.0691214,13.282269,3,0.8166592214122932,108.50694444444444,0.8206293655137591,0.37932148085914763,1.1238479666649859,0.15104166666666674,0.3775445751994219,17,243,0.06995884773662552
SC391_cnv_20_R71C9yesS_SC391_40_W_D2,-0.70183927,6.186605,0,0.7378696629606484,84.43034145037255,0.7477920649427198,0.09919077491760099,1.1227407961341527,0.12169312169312163,0.29032452334076153,0,199,0.0
SC391_cnv_20_R7C11yesS_SC391_39_W_A2,7.7092853,9.326899,3,0.9105062107529858,138.68343195266272,0.9195570330458489,0.3601603918239128,1.3979966046169379,0.22705314009661837,0.41585162934012926,30,244,0.12295081967213115
SC391_cnv_20_R7C12yesS_SC391_39_W_A2,8.11011,11.121431,3,0.8394373419316963,124.84004868761899,0.8467021248582514,0.4167593379344018,1.8055743520064678,0.27222222222222225,0.4016005755261359,27,250,0.108
SC391_cnv_20_R7C16yesS_SC391_39_W_A2,7.950276,11.473617,3,0.9223126049706759,147.92899408284023,0.9308480323149476,0.3968654644596233,1.7338614525114069,0.2567049808429118,0.48279497377250336,33,323,0.1021671826625387
SC391_cnv_20_R7C19yesS_SC391_39_W_A1,8.470122,10.794642,3,0.770558320446572,76.20789513793629,0.7394003721771774,0.512692210314837,1.103799166760134,0.3855421686746988,0.535955645384895,21,185,0.11351351351351352
SC391_cnv_20_R7C20yesS_SC391_39_W_A1,-0.89269096,6.865216,0,0.9206103660968438,181.7701103840307,0.9411921534753593,0.44391029190629355,1.992814974438169,0.3943089430894309,0.5386009989597027,1,264,0.003787878787878788
SC391_cnv_20_R7C23yesS_SC391_39_W_A1,8.282456,12.422734,3,0.9000654475919543,133.499466002136,0.9064260286523517,0.4808028609284216,1.674222474043673,0.3033175355450237,0.4992544828767141,24,292,0.0821917808219178
SC391_cnv_20_R7C29yesS_SC391_39_W_A2,8.099639,9.4966545,3,0.81666344515485,113.17338162064283,0.8214170038068518,0.4492033781903379,1.849996871806924,0.34736842105263155,0.47902126809492435,18,258,0.06976744186046512
SC391_cnv_20_R7C35yesS_SC391_39_W_A2,-0.788984,6.318229,0,0.8263912574961724,110.51962644366263,0.8371562440637077,0.16489912207454197,1.4717523020063226,0.15811965811965822,0.4064940154249665,0,271,0.0
SC391_cnv_20_R7C36yesS_SC391_39_W_A1,7.823355,7.4650793,2,0.9012167328996303,88.61058601134216,0.8296609209881798,0.976426572322342,1.746294695187172,0.9821958456973294,0.5647451311680958,35,260,0.1346153846153846
SC391_cnv_20_R7C39yesS_SC391_39_W_A1,9.090803,10.922809,3,0.9027274973279282,114.73716992574866,0.8833631802514254,0.526143872475648,1.1835705844212905,0.38367346938775504,0.45469749170399704,48,334,0.1437125748502994
SC391_cnv_20_R7C53yesS_SC391_39_W_A2,7.923165,9.531487,3,0.7349671075301776,94.25959091337543,0.723117537603091,0.37245829022143806,1.061335265423391,0.25,0.4593489220457272,23,147,0.1564625850340136
SC391_cnv_20_R8C17yesS_SC391_39_W_A2,7.7170935,11.643555,3,0.9683379998125066,111.58500297560008,0.9938963657081342,0.5117994422423192,2.9609171949501354,0.3309734513274336,0.3535270786912853,45,388,0.11597938144329897
SC391_cnv_20_R8C38yesS_SC391_39_W_A1,7.3343205,9.439676,3,1.083237135220939,116.87363038714389,1.1603892237496747,0.6904187232447977,2.427681186613735,0.45251396648044695,0.44111193803637544,48,261,0.1839080459770115
SC391_cnv_20_R8C40yesS_SC391_39_W_A1,7.8037987,9.567758,3,0.919334108389615,142.8288038087681,0.9135999857756832,0.5390506459154544,1.7599795610887194,0.3465346534653465,0.5525525214021125,80,455,0.17582417582417584
SC391_cnv_20_R8C43yesS_SC391_39_W_A1,7.434255,9.28474,3,0.8730324592546518,100.77936038699274,0.8359347623136534,0.6616511297397821,2.181265259968762,0.43621399176954734,0.3748979423277856,46,349,0.1318051575931232
SC391_cnv_20_R8C4yesS_SC391_39_W_A1,7.388234,9.802354,3,1.071833607297609,123.98333663955565,1.0962050865120376,0.47173331457011736,2.5713501563993084,0.3537906137184116,0.45762508165704685,61,375,0.16266666666666665
SC391_cnv_20_R8C61yesS_SC391_39_W_A1,8.921279,10.764904,3,0.8049253023172585,78.125,0.7824588752439673,0.4533954601620867,0.9804583198750518,0.40625,0.5424764716058316,42,383,0.10966057441253264
SC391_cnv_20_R8C65yesS_SC391_39_W_A2,9.06597,12.543299,3,0.8501519589590619,97.06617486471401,0.8445306299588072,0.3873616842934794,1.0499754865919986,0.23039215686274517,0.4073461931673142,33,301,0.10963455149501661
SC391_cnv_20_R8C69yesS_SC391_39_W_A2,7.747363,8.943347,3,0.853128992818129,110.51962644366263,0.8753340539538439,0.5467383093047846,1.5408520117707547,0.28695652173913044,0.47687103541936016,44,315,0.13968253968253969
SC391_cnv_20_R9C13yesS_SC391_39_W_B2,8.32054,12.339522,3,0.8606128442802449,89.84524157139327,0.8676922907549542,0.38859934574649735,0.9660862669991293,0.1885441527446301,0.45603027821011916,32,283,0.11307420494699646
SC391_cnv_20_R9C14yesS_SC391_39_W_B2,7.823153,9.150741,3,0.8022625580104136,79.71091508130513,0.8111919666763985,0.36490535186403866,1.0116580723279371,0.16709511568123392,0.42428276000180554,44,293,0.15017064846416384
SC391_cnv_20_R9C1yesS_SC391_39_W_B1,9.467207,10.849038,3,0.912222862091816,94.51795841209831,0.9068134996435655,0.4341020700955752,1.375424890282587,0.2368421052631579,0.5148248626680382,45,315,0.14285714285714285
SC391_cnv_20_R9C24yesS_SC391_39_W_B1,8.221087,11.321078,3,0.9432513867777791,185.18518518518516,0.9293129498103522,0.5977111485094303,1.7875976452070406,0.4475138121546961,0.5308049036389413,27,253,0.1067193675889328
SC391_cnv_20_R9C34yesS_SC391_39_W_B2,8.984493,9.679539,3,0.9503041821198305,173.13019390581718,0.9592344187771761,0.3200887729084127,1.7381440777142623,0.2003311258278146,0.3961786247678109,24,347,0.069164265129683
SC391_cnv_20_R9C35yesS_SC391_39_W_B2,7.832064,8.909008,3,0.9762242683789386,192.8374655647383,0.9784549273566188,0.4837188149790902,1.6376824288733567,0.23853211009174302,0.4849300195877173,65,408,0.15931372549019607
SC391_cnv_20_R9C37yesS_SC391_39_W_B1,8.68198,11.763281,3,0.8702507818885383,89.58165367732688,0.8763232700458511,0.32640103044334684,0.9705319596716687,0.21428571428571425,0.42868990359843795,35,266,0.13157894736842105
SC391_cnv_20_R9C41yesS_SC391_39_W_B1,9.81734,11.141378,3,0.9106662929716234,97.55463059313215,0.8961858896360471,0.5150878020213628,1.452205549988134,0.4615384615384615,0.4611371843572503,53,347,0.15273775216138327
SC391_cnv_20_R9C43yesS_SC391_39_W_B1,-0.7150321,6.712102,0,0.8095875937545567,105.1619494020792,0.8240312697354331,0.1778249745989705,1.6317259519681444,0.1692307692307693,0.3951700374720217,1,292,0.003424657534246575
SC391_cnv_20_R9C57yesS_SC391_39_W_B1,7.426818,9.520448,3,1.0707185458966637,86.71522719389525,1.0980151575282817,0.39120796992639856,1.3069488784363539,0.18817204301075274,0.4243502659159365,46,317,0.14511041009463724
SC391_cnv_20_R9C61yesS_SC391_39_W_B1,9.199324,12.380504,3,0.8733880211522521,115.67188842620133,0.8697671080552026,0.40940160158662553,1.4735112415324894,0.24279835390946491,0.49167648568941635,36,347,0.1037463976945245
SC391_cnv_20_R9C65yesS_SC391_39_W_B2,8.441245,8.791113,3,0.7539438915493638,61.04819755196727,0.7485165178313606,0.48076515660528685,0.9347738250752585,0.20879120879120883,0.5147206392162297,26,236,0.11016949152542373
SC391_cnv_20_R9C6yesS_SC391_39_W_B1,9.173001,9.774257,3,0.8998458226545538,146.33194588969823,0.9041382102715283,0.1971432221554867,1.4573001049283554,0.16129032258064524,0.38894741857148674,14,297,0.04713804713804714
SC391_cnv_20_R9C7yesS_SC391_39_W_B1,9.45074,10.942573,3,0.838230940013366,89.58165367732688,0.8406830650785732,0.5663218449633736,1.7788428633299558,0.4086021505376345,0.41077516940600706,37,249,0.14859437751004015
