,UMAP1,UMAP2,id,clone
0,3.8634381,5.934874,SC391_cnv_18_R18C11yesS_SC391_36_W_C2,0
1,9.964825,1.342419,SC391_cnv_18_R18C15yesS_SC391_36_W_C2,5
2,11.070375,1.8629419,SC391_cnv_18_R18C17yesS_SC391_36_W_C2,4
3,10.042285,1.9288644,SC391_cnv_18_R18C22yesS_SC391_36_W_C1,4
4,9.6865635,1.3273442,SC391_cnv_18_R18C24yesS_SC391_36_W_C1,4
5,10.450462,2.4859405,SC391_cnv_18_R18C31yesS_SC391_36_W_C2,1
6,11.268276,1.9205014,SC391_cnv_18_R18C32yesS_SC391_36_W_C2,4
7,9.903362,2.0398123,SC391_cnv_18_R18C47yesS_SC391_36_W_C2,4
8,10.4229555,2.3881135,SC391_cnv_18_R18C48yesS_SC391_36_W_C2,4
9,11.047295,1.7314626,SC391_cnv_18_R18C53yesS_SC391_36_W_C2,1
10,10.887436,2.0046015,SC391_cnv_18_R18C54yesS_SC391_36_W_C1,4
11,9.898079,1.3468109,SC391_cnv_18_R18C57yesS_SC391_36_W_C1,4
12,10.355734,2.0017557,SC391_cnv_18_R18C6yesS_SC391_36_W_C1,4
13,11.040091,2.617718,SC391_cnv_18_R18C71yesS_SC391_36_W_C2,4
14,10.612592,1.9206481,SC391_cnv_18_R18C8yesS_SC391_36_W_C1,4
15,11.370603,2.7518096,SC391_cnv_18_R19C11yesS_SC391_36_W_C2,4
16,10.918357,2.1796505,SC391_cnv_18_R19C14yesS_SC391_36_W_C2,4
17,10.083761,1.4025705,SC391_cnv_18_R19C17yesS_SC391_36_W_C2,1
18,10.67186,2.020268,SC391_cnv_18_R19C27yesS_SC391_36_W_C2,4
19,10.993096,2.0748646,SC391_cnv_18_R19C29yesS_SC391_36_W_C2,4
20,10.10799,1.4849919,SC391_cnv_18_R19C40yesS_SC391_36_W_C1,4
21,10.122729,2.6352923,SC391_cnv_18_R19C46yesS_SC391_36_W_C2,4
22,10.722317,2.0093164,SC391_cnv_18_R19C49yesS_SC391_36_W_C2,4
23,9.391406,4.320065,SC391_cnv_18_R19C50yesS_SC391_36_W_C2,4
24,10.067411,1.9652114,SC391_cnv_18_R19C51yesS_SC391_36_W_C2,4
25,4.2590694,5.4783616,SC391_cnv_18_R19C59yesS_SC391_36_W_C1,0
26,8.311644,5.2749534,SC391_cnv_18_R19C61yesS_SC391_36_W_C1,4
27,11.042563,2.1385455,SC391_cnv_18_R19C62yesS_SC391_36_W_C1,1
28,11.0617285,2.2159064,SC391_cnv_18_R19C65yesS_SC391_36_W_C2,4
29,9.226741,4.5912833,SC391_cnv_18_R19C69yesS_SC391_36_W_C2,7
30,9.06814,7.7610183,SC391_cnv_18_R19C9yesS_SC391_36_W_C2,4
31,9.000398,5.4734273,SC391_cnv_18_R20C0yesS_SC391_36_W_C1,1
32,10.680296,2.253193,SC391_cnv_18_R20C17yesS_SC391_36_W_C2,4
33,10.256375,2.6912498,SC391_cnv_18_R20C20yesS_SC391_36_W_C1,4
34,9.905677,2.2010846,SC391_cnv_18_R20C24yesS_SC391_36_W_C1,4
35,10.279725,2.648278,SC391_cnv_18_R20C25yesS_SC391_36_W_C1,1
36,10.405648,4.831148,SC391_cnv_18_R20C26yesS_SC391_36_W_C1,1
37,10.795161,2.2495518,SC391_cnv_18_R20C27yesS_SC391_36_W_C2,4
38,8.844262,4.7907543,SC391_cnv_18_R20C31yesS_SC391_36_W_C2,1
39,10.698737,2.0091617,SC391_cnv_18_R20C34yesS_SC391_36_W_C2,4
40,10.15084,3.2545278,SC391_cnv_18_R20C40yesS_SC391_36_W_C1,4
41,11.23584,1.7569959,SC391_cnv_18_R20C41yesS_SC391_36_W_C1,1
42,8.691507,5.072663,SC391_cnv_18_R20C45yesS_SC391_36_W_C2,4
43,10.679123,2.1957903,SC391_cnv_18_R20C46yesS_SC391_36_W_C2,4
44,10.78009,2.01652,SC391_cnv_18_R20C48yesS_SC391_36_W_C2,4
45,11.0105095,2.272322,SC391_cnv_18_R20C52yesS_SC391_36_W_C2,4
46,11.20567,2.467584,SC391_cnv_18_R20C61yesS_SC391_36_W_C1,4
47,10.57363,2.890297,SC391_cnv_18_R20C62yesS_SC391_36_W_C1,4
48,10.802928,1.7132579,SC391_cnv_18_R20C65yesS_SC391_36_W_C2,4
49,9.894476,2.276367,SC391_cnv_18_R20C67yesS_SC391_36_W_C2,4
50,11.17624,2.9405994,SC391_cnv_18_R20C68yesS_SC391_36_W_C2,4
51,9.09821,4.958852,SC391_cnv_18_R20C6yesS_SC391_36_W_C1,4
52,9.174104,3.9731753,SC391_cnv_18_R20C7yesS_SC391_36_W_C1,1
53,10.411323,2.114632,SC391_cnv_18_R21C11yesS_SC391_36_W_C2,4
54,9.432153,4.411779,SC391_cnv_18_R21C12yesS_SC391_36_W_C2,1
55,8.443455,5.0615463,SC391_cnv_18_R21C14yesS_SC391_36_W_C2,4
56,9.999455,2.2975693,SC391_cnv_18_R21C16yesS_SC391_36_W_C2,4
57,3.9673903,6.489452,SC391_cnv_18_R21C23yesS_SC391_36_W_C1,0
58,9.595088,1.3567744,SC391_cnv_18_R21C25yesS_SC391_36_W_C1,4
59,9.904218,1.6683667,SC391_cnv_18_R21C27yesS_SC391_36_W_C2,1
60,10.131515,2.2666616,SC391_cnv_18_R21C33yesS_SC391_36_W_C2,4
61,10.781934,3.1428318,SC391_cnv_18_R21C36yesS_SC391_36_W_C1,4
62,9.805118,3.98384,SC391_cnv_18_R21C38yesS_SC391_36_W_C1,4
63,8.5094185,5.1094093,SC391_cnv_18_R21C39yesS_SC391_36_W_C1,1
64,11.106898,1.8801321,SC391_cnv_18_R21C43yesS_SC391_36_W_C1,1
65,10.868576,2.2458985,SC391_cnv_18_R21C45yesS_SC391_36_W_C2,4
66,10.0280485,1.7173594,SC391_cnv_18_R21C47yesS_SC391_36_W_C2,4
67,9.75752,2.1071615,SC391_cnv_18_R21C53yesS_SC391_36_W_C2,4
68,11.866027,7.3924136,SC391_cnv_18_R21C54yesS_SC391_36_W_C1,4
69,10.667574,1.5072013,SC391_cnv_18_R21C5yesS_SC391_36_W_C1,4
70,10.241594,2.005836,SC391_cnv_18_R21C60yesS_SC391_36_W_C1,4
71,10.441581,2.0685043,SC391_cnv_18_R21C62yesS_SC391_36_W_C1,4
72,10.613129,2.0174608,SC391_cnv_18_R21C65yesS_SC391_36_W_C2,4
73,10.116855,1.5506742,SC391_cnv_18_R21C69yesS_SC391_36_W_C2,4
74,10.924436,1.8499104,SC391_cnv_18_R21C8yesS_SC391_36_W_C1,4
75,9.924448,1.5841491,SC391_cnv_18_R22C0yesS_SC391_36_W_C1,1
76,8.490002,4.739389,SC391_cnv_18_R22C15yesS_SC391_36_W_C2,1
77,9.911405,2.142512,SC391_cnv_18_R22C22yesS_SC391_36_W_C1,4
78,10.997174,2.5512075,SC391_cnv_18_R22C26yesS_SC391_36_W_C1,4
79,9.507845,1.8142512,SC391_cnv_18_R22C32yesS_SC391_36_W_C2,1
80,9.997673,2.0711772,SC391_cnv_18_R22C34yesS_SC391_36_W_C2,4
81,9.174409,5.8232007,SC391_cnv_18_R22C37yesS_SC391_36_W_C1,4
82,9.52948,1.4325855,SC391_cnv_18_R22C38yesS_SC391_36_W_C1,1
83,11.108594,3.099929,SC391_cnv_18_R22C44yesS_SC391_36_W_C1,4
84,10.914207,3.904896,SC391_cnv_18_R22C45yesS_SC391_36_W_C2,1
85,10.8244915,2.2488797,SC391_cnv_18_R22C46yesS_SC391_36_W_C2,4
86,10.321487,2.972193,SC391_cnv_18_R22C49yesS_SC391_36_W_C2,1
87,8.612194,4.737653,SC391_cnv_18_R22C4yesS_SC391_36_W_C1,4
88,4.0492406,5.542324,SC391_cnv_18_R22C50yesS_SC391_36_W_C2,0
89,7.8722267,4.823486,SC391_cnv_18_R22C55yesS_SC391_36_W_C1,4
90,9.751501,2.0270162,SC391_cnv_18_R22C57yesS_SC391_36_W_C1,4
91,9.76418,1.726779,SC391_cnv_18_R22C5yesS_SC391_36_W_C1,4
92,10.38302,1.6417464,SC391_cnv_18_R22C62yesS_SC391_36_W_C1,4
93,10.592371,2.3707533,SC391_cnv_18_R22C63yesS_SC391_36_W_C2,4
94,10.912742,2.1370516,SC391_cnv_18_R22C64yesS_SC391_36_W_C2,4
95,10.357337,2.01092,SC391_cnv_18_R22C70yesS_SC391_36_W_C2,1
96,9.287576,4.747433,SC391_cnv_18_R22C71yesS_SC391_36_W_C2,1
97,10.42131,2.8480852,SC391_cnv_18_R23C0yesS_SC391_36_W_C1,4
98,10.738952,2.4354193,SC391_cnv_18_R23C21yesS_SC391_36_W_C1,1
99,10.430333,2.2545137,SC391_cnv_18_R23C24yesS_SC391_36_W_C1,4
100,10.1156645,1.8576953,SC391_cnv_18_R23C27yesS_SC391_36_W_C2,4
101,8.842013,5.2658825,SC391_cnv_18_R23C31yesS_SC391_36_W_C2,4
102,9.629238,2.9168198,SC391_cnv_18_R23C35yesS_SC391_36_W_C2,4
103,10.258492,2.454234,SC391_cnv_18_R23C45yesS_SC391_36_W_C2,4
104,4.079747,5.5509915,SC391_cnv_18_R23C46yesS_SC391_36_W_C2,0
105,10.502881,2.4351964,SC391_cnv_18_R23C48yesS_SC391_36_W_C2,4
106,10.464521,2.9312499,SC391_cnv_18_R23C54yesS_SC391_36_W_C1,6
107,10.438992,2.245656,SC391_cnv_18_R23C57yesS_SC391_36_W_C1,4
108,8.702773,5.002631,SC391_cnv_18_R23C63yesS_SC391_36_W_C2,1
109,10.869043,1.4078064,SC391_cnv_18_R23C65yesS_SC391_36_W_C2,5
110,9.104306,4.776837,SC391_cnv_18_R23C70yesS_SC391_36_W_C2,1
111,10.786038,2.355016,SC391_cnv_18_R23C9yesS_SC391_36_W_C2,4
112,10.934518,1.7472707,SC391_cnv_18_R24C11yesS_SC391_36_W_C2,4
113,11.242024,1.9165229,SC391_cnv_18_R24C13yesS_SC391_36_W_C2,4
114,3.8552997,6.1831384,SC391_cnv_18_R24C15yesS_SC391_36_W_C2,0
115,9.035228,4.4821544,SC391_cnv_18_R24C19yesS_SC391_36_W_C1,4
116,9.795883,1.4516346,SC391_cnv_18_R24C22yesS_SC391_36_W_C1,1
117,10.601782,1.7697,SC391_cnv_18_R24C2yesS_SC391_36_W_C1,4
118,9.540909,1.7328696,SC391_cnv_18_R24C30yesS_SC391_36_W_C2,4
119,10.075996,3.6767328,SC391_cnv_18_R24C32yesS_SC391_36_W_C2,4
120,8.766023,4.7612243,SC391_cnv_18_R24C35yesS_SC391_36_W_C2,4
121,9.919828,2.3787446,SC391_cnv_18_R24C42yesS_SC391_36_W_C1,4
122,10.029992,2.1952395,SC391_cnv_18_R24C43yesS_SC391_36_W_C1,4
123,11.12669,1.9297035,SC391_cnv_18_R24C44yesS_SC391_36_W_C1,1
124,11.256629,2.1888862,SC391_cnv_18_R24C4yesS_SC391_36_W_C1,4
125,10.676399,2.034903,SC391_cnv_18_R24C50yesS_SC391_36_W_C2,7
126,9.780854,2.439182,SC391_cnv_18_R24C52yesS_SC391_36_W_C2,5
127,10.772506,2.207115,SC391_cnv_18_R24C54yesS_SC391_36_W_C1,4
128,12.081841,7.301628,SC391_cnv_18_R24C57yesS_SC391_36_W_C1,6
129,10.853536,2.1334746,SC391_cnv_18_R24C63yesS_SC391_36_W_C2,4
130,8.701861,4.934939,SC391_cnv_18_R24C64yesS_SC391_36_W_C2,4
131,10.233239,1.2473063,SC391_cnv_18_R24C7yesS_SC391_36_W_C1,4
132,10.745062,2.8538833,SC391_cnv_18_R25C0yesS_SC391_36_W_C1,4
133,3.4604652,6.4226284,SC391_cnv_18_R25C10yesS_SC391_36_W_C2,0
134,10.736523,2.578426,SC391_cnv_18_R25C19yesS_SC391_36_W_C1,1
135,10.109033,2.2903538,SC391_cnv_18_R25C1yesS_SC391_36_W_C1,4
136,10.32494,1.8183796,SC391_cnv_18_R25C20yesS_SC391_36_W_C1,4
137,10.083789,2.5763168,SC391_cnv_18_R25C21yesS_SC391_36_W_C1,4
138,10.5020075,2.3465905,SC391_cnv_18_R25C22yesS_SC391_36_W_C1,4
139,9.586787,4.301565,SC391_cnv_18_R25C27yesS_SC391_36_W_C2,1
140,9.369722,4.276408,SC391_cnv_18_R25C39yesS_SC391_36_W_C1,1
141,9.938681,1.5674714,SC391_cnv_18_R25C40yesS_SC391_36_W_C1,4
142,4.827295,6.571861,SC391_cnv_18_R25C42yesS_SC391_36_W_C1,4
143,9.416796,4.4893146,SC391_cnv_18_R25C44yesS_SC391_36_W_C1,4
144,9.597614,1.4338615,SC391_cnv_18_R25C50yesS_SC391_36_W_C2,4
145,10.175309,1.5689629,SC391_cnv_18_R25C52yesS_SC391_36_W_C2,4
146,9.706493,2.9141624,SC391_cnv_18_R25C56yesS_SC391_36_W_C1,4
147,9.317659,5.2852254,SC391_cnv_18_R25C62yesS_SC391_36_W_C1,4
148,7.9525394,5.329244,SC391_cnv_18_R25C65yesS_SC391_36_W_C2,4
149,9.483658,1.2894493,SC391_cnv_18_R25C66yesS_SC391_36_W_C2,7
150,9.800657,1.9250867,SC391_cnv_18_R25C67yesS_SC391_36_W_C2,4
151,11.0336275,2.1119409,SC391_cnv_18_R25C8yesS_SC391_36_W_C1,7
152,8.764465,5.053939,SC391_cnv_18_R25C9yesS_SC391_36_W_C2,1
153,9.885008,2.844382,SC391_cnv_18_R26C14yesS_SC391_36_W_C2,1
154,4.336996,5.7552347,SC391_cnv_18_R26C15yesS_SC391_36_W_C2,4
155,10.093181,1.4394011,SC391_cnv_18_R26C20yesS_SC391_36_W_C1,4
156,10.755704,1.5877682,SC391_cnv_18_R26C23yesS_SC391_36_W_C1,1
157,10.229295,1.7757406,SC391_cnv_18_R26C26yesS_SC391_36_W_C1,4
158,8.904368,4.8431544,SC391_cnv_18_R26C27yesS_SC391_36_W_C2,4
159,10.173058,1.4974753,SC391_cnv_18_R26C37yesS_SC391_36_W_C1,4
160,8.8806,5.2520385,SC391_cnv_18_R26C3yesS_SC391_36_W_C1,4
161,10.21133,1.5687993,SC391_cnv_18_R26C48yesS_SC391_36_W_C2,1
162,10.580029,2.03023,SC391_cnv_18_R26C57yesS_SC391_36_W_C1,4
163,9.637651,4.127059,SC391_cnv_18_R26C5yesS_SC391_36_W_C1,4
164,10.250553,2.5745752,SC391_cnv_18_R26C67yesS_SC391_36_W_C2,4
165,10.95092,2.1301513,SC391_cnv_18_R26C6yesS_SC391_36_W_C1,4
166,10.514526,2.103923,SC391_cnv_18_R26C71yesS_SC391_36_W_C2,4
167,8.854296,5.0601816,SC391_cnv_18_R27C11yesS_SC391_36_W_D2,4
168,9.527186,4.573998,SC391_cnv_18_R27C16yesS_SC391_36_W_D2,1
169,10.391079,1.6423079,SC391_cnv_18_R27C17yesS_SC391_36_W_D2,1
170,9.773303,2.2875288,SC391_cnv_18_R27C19yesS_SC391_36_W_D1,4
171,9.24951,2.3660817,SC391_cnv_18_R27C25yesS_SC391_36_W_D1,1
172,9.415086,2.1156886,SC391_cnv_18_R27C29yesS_SC391_36_W_D2,1
173,13.446275,11.20092,SC391_cnv_18_R27C31yesS_SC391_36_W_D2,4
174,9.678716,2.9529939,SC391_cnv_18_R27C33yesS_SC391_36_W_D2,4
175,9.008619,3.7898529,SC391_cnv_18_R27C35yesS_SC391_36_W_D2,4
176,6.275907,6.286551,SC391_cnv_18_R27C36yesS_SC391_36_W_D1,1
177,9.513132,2.362684,SC391_cnv_18_R27C38yesS_SC391_36_W_D1,4
178,10.861454,3.8952162,SC391_cnv_18_R27C41yesS_SC391_36_W_D1,4
179,10.386404,2.7001686,SC391_cnv_18_R27C44yesS_SC391_36_W_D1,4
180,8.634305,5.0168943,SC391_cnv_18_R27C45yesS_SC391_36_W_D2,1
181,10.053711,2.419246,SC391_cnv_18_R27C4yesS_SC391_36_W_D1,4
182,11.303342,2.5496647,SC391_cnv_18_R27C51yesS_SC391_36_W_D2,4
183,9.177543,9.330815,SC391_cnv_18_R27C57yesS_SC391_36_W_D1,4
184,9.995901,1.7162261,SC391_cnv_18_R27C5yesS_SC391_36_W_D1,4
185,11.1960535,1.8956417,SC391_cnv_18_R27C60yesS_SC391_36_W_D1,6
186,10.593325,1.520819,SC391_cnv_18_R27C61yesS_SC391_36_W_D1,4
187,9.748841,1.548697,SC391_cnv_18_R27C66yesS_SC391_36_W_D2,4
188,10.353222,8.526556,SC391_cnv_18_R27C6yesS_SC391_36_W_D1,1
189,10.136189,1.9914868,SC391_cnv_18_R27C9yesS_SC391_36_W_D2,1
190,8.702609,5.3150063,SC391_cnv_18_R28C0yesS_SC391_36_W_D1,1
191,10.335005,1.3455418,SC391_cnv_18_R28C10yesS_SC391_36_W_D2,4
192,3.8787954,6.2986336,SC391_cnv_18_R28C13yesS_SC391_36_W_D2,0
193,9.111301,5.469522,SC391_cnv_18_R28C17yesS_SC391_36_W_D2,4
194,4.0485377,5.548512,SC391_cnv_18_R28C21yesS_SC391_36_W_D1,0
195,10.814557,3.026418,SC391_cnv_18_R28C23yesS_SC391_36_W_D1,7
196,8.846269,5.2263083,SC391_cnv_18_R28C24yesS_SC391_36_W_D1,4
197,10.749062,2.4079,SC391_cnv_18_R28C27yesS_SC391_36_W_D2,4
198,9.9227,1.633426,SC391_cnv_18_R28C28yesS_SC391_36_W_D2,4
199,9.284013,4.137976,SC391_cnv_18_R28C2yesS_SC391_36_W_D1,4
200,3.9636083,6.108371,SC391_cnv_18_R28C41yesS_SC391_36_W_D1,0
201,9.643857,1.4082738,SC391_cnv_18_R28C42yesS_SC391_36_W_D1,4
202,9.878744,2.5055704,SC391_cnv_18_R28C46yesS_SC391_36_W_D2,4
203,9.567486,3.3304617,SC391_cnv_18_R28C47yesS_SC391_36_W_D2,1
204,10.563778,2.3661203,SC391_cnv_18_R28C48yesS_SC391_36_W_D2,4
205,10.664426,2.37449,SC391_cnv_18_R28C52yesS_SC391_36_W_D2,4
206,10.27607,3.066554,SC391_cnv_18_R28C53yesS_SC391_36_W_D2,4
207,9.704101,2.8434546,SC391_cnv_18_R28C60yesS_SC391_36_W_D1,4
208,8.403191,4.8641076,SC391_cnv_18_R28C61yesS_SC391_36_W_D1,4
209,9.851343,1.7732426,SC391_cnv_18_R28C62yesS_SC391_36_W_D1,4
210,10.734853,2.0226085,SC391_cnv_18_R28C63yesS_SC391_36_W_D2,4
211,9.615332,1.9282491,SC391_cnv_18_R28C69yesS_SC391_36_W_D2,4
212,3.7363687,6.247708,SC391_cnv_18_R28C6yesS_SC391_36_W_D1,0
213,11.067179,2.2332485,SC391_cnv_18_R28C70yesS_SC391_36_W_D2,4
214,9.313604,4.5432982,SC391_cnv_18_R29C11yesS_SC391_36_W_D2,4
215,10.30679,1.7315799,SC391_cnv_18_R29C13yesS_SC391_36_W_D2,4
216,10.519564,1.5576446,SC391_cnv_18_R29C22yesS_SC391_36_W_D1,1
217,10.792197,2.7193847,SC391_cnv_18_R29C33yesS_SC391_36_W_D2,4
218,10.137202,2.0065238,SC391_cnv_18_R29C35yesS_SC391_36_W_D2,4
219,3.8113587,5.7500734,SC391_cnv_18_R29C47yesS_SC391_36_W_D2,0
220,8.871075,7.7866526,SC391_cnv_18_R29C54yesS_SC391_36_W_D1,4
221,9.834421,1.4531611,SC391_cnv_18_R29C5yesS_SC391_36_W_D1,4
222,10.940792,1.8976562,SC391_cnv_18_R29C66yesS_SC391_36_W_D2,4
223,11.285146,2.66753,SC391_cnv_18_R29C67yesS_SC391_36_W_D2,4
224,10.135836,1.6065512,SC391_cnv_18_R29C8yesS_SC391_36_W_D1,4
225,9.1929455,4.3889523,SC391_cnv_18_R30C0yesS_SC391_36_W_D1,1
226,8.295724,5.264323,SC391_cnv_18_R30C15yesS_SC391_36_W_D2,1
227,9.442566,4.8526926,SC391_cnv_18_R30C19yesS_SC391_36_W_D1,1
228,10.818536,1.8738902,SC391_cnv_18_R30C22yesS_SC391_36_W_D1,1
229,9.402547,4.1583896,SC391_cnv_18_R30C28yesS_SC391_36_W_D2,4
230,10.412191,2.601746,SC391_cnv_18_R30C36yesS_SC391_36_W_D1,4
231,9.902183,1.644558,SC391_cnv_18_R30C38yesS_SC391_36_W_D1,4
232,9.278843,4.2369814,SC391_cnv_18_R30C44yesS_SC391_36_W_D1,1
233,10.587792,2.3696609,SC391_cnv_18_R30C45yesS_SC391_36_W_D2,4
234,10.820885,2.1913002,SC391_cnv_18_R30C50yesS_SC391_36_W_D2,4
235,10.482734,2.4774246,SC391_cnv_18_R30C52yesS_SC391_36_W_D2,1
236,9.782137,2.1360567,SC391_cnv_18_R30C53yesS_SC391_36_W_D2,4
237,10.800558,1.4721985,SC391_cnv_18_R31C11yesS_SC391_36_W_D2,1
238,11.011247,1.6775156,SC391_cnv_18_R31C13yesS_SC391_36_W_D2,4
239,9.943195,1.4920014,SC391_cnv_18_R31C22yesS_SC391_36_W_D1,4
240,10.487848,5.423735,SC391_cnv_18_R31C24yesS_SC391_36_W_D1,4
241,11.137015,3.591569,SC391_cnv_18_R31C25yesS_SC391_36_W_D1,4
242,8.589279,5.3110914,SC391_cnv_18_R31C28yesS_SC391_36_W_D2,4
243,9.03709,5.103966,SC391_cnv_18_R31C34yesS_SC391_36_W_D2,1
244,10.188364,1.6030314,SC391_cnv_18_R31C35yesS_SC391_36_W_D2,1
245,10.599312,2.5051482,SC391_cnv_18_R31C36yesS_SC391_36_W_D1,4
246,9.254463,5.080893,SC391_cnv_18_R31C42yesS_SC391_36_W_D1,4
247,9.901332,4.02645,SC391_cnv_18_R31C43yesS_SC391_36_W_D1,1
248,10.225084,1.3452889,SC391_cnv_18_R31C46yesS_SC391_36_W_D2,1
249,3.9764242,5.991083,SC391_cnv_18_R31C53yesS_SC391_36_W_D2,0
250,10.751861,1.7015512,SC391_cnv_18_R31C57yesS_SC391_36_W_D1,4
251,10.749458,1.682635,SC391_cnv_18_R31C60yesS_SC391_36_W_D1,1
252,10.632202,2.3796165,SC391_cnv_18_R31C64yesS_SC391_36_W_D2,4
253,10.63237,1.8546065,SC391_cnv_18_R31C68yesS_SC391_36_W_D2,4
254,9.748819,2.85794,SC391_cnv_18_R31C70yesS_SC391_36_W_D2,4
255,10.516639,1.5324821,SC391_cnv_18_R33C10yesS_SC391_36_W_D2,1
256,10.916421,2.0076916,SC391_cnv_18_R33C14yesS_SC391_36_W_D2,4
257,4.2634487,4.9110065,SC391_cnv_18_R33C1yesS_SC391_36_W_D1,0
258,10.920252,1.7113694,SC391_cnv_18_R33C20yesS_SC391_36_W_D1,4
259,9.665081,1.8943521,SC391_cnv_18_R33C21yesS_SC391_36_W_D1,4
260,10.828781,1.7680191,SC391_cnv_18_R33C22yesS_SC391_36_W_D1,1
261,10.508158,3.1946483,SC391_cnv_18_R33C23yesS_SC391_36_W_D1,1
262,10.805086,2.4810584,SC391_cnv_18_R33C29yesS_SC391_36_W_D2,4
263,10.903412,2.2931578,SC391_cnv_18_R33C31yesS_SC391_36_W_D2,1
264,10.897721,1.9517636,SC391_cnv_18_R33C33yesS_SC391_36_W_D2,4
265,10.400613,1.4979318,SC391_cnv_18_R33C36yesS_SC391_36_W_D1,4
266,10.993944,2.4620636,SC391_cnv_18_R33C3yesS_SC391_36_W_D1,4
267,9.9807825,2.4328873,SC391_cnv_18_R33C48yesS_SC391_36_W_D2,4
268,10.830625,1.5271573,SC391_cnv_18_R33C51yesS_SC391_36_W_D2,4
269,10.773743,1.8594954,SC391_cnv_18_R33C58yesS_SC391_36_W_D1,4
270,10.1585245,1.2554358,SC391_cnv_18_R33C59yesS_SC391_36_W_D1,1
271,4.1707726,5.628446,SC391_cnv_18_R33C64yesS_SC391_36_W_D2,0
272,9.437292,1.3269335,SC391_cnv_18_R33C67yesS_SC391_36_W_D2,4
273,11.181329,1.94269,SC391_cnv_18_R33C69yesS_SC391_36_W_D2,4
274,10.554481,1.7250557,SC391_cnv_18_R33C7yesS_SC391_36_W_D1,4
275,8.872674,4.9367094,SC391_cnv_18_R34C12yesS_SC391_36_W_D2,1
276,11.5493355,2.9312012,SC391_cnv_18_R34C15yesS_SC391_36_W_D2,1
277,10.716197,1.6864746,SC391_cnv_18_R34C17yesS_SC391_36_W_D2,4
278,8.961063,4.848082,SC391_cnv_18_R34C1yesS_SC391_36_W_D1,4
279,9.543739,4.4928465,SC391_cnv_18_R34C26yesS_SC391_36_W_D1,4
280,9.466547,4.9405456,SC391_cnv_18_R34C32yesS_SC391_36_W_D2,1
281,9.265243,2.9441311,SC391_cnv_18_R34C43yesS_SC391_36_W_D1,4
282,9.564483,1.5918926,SC391_cnv_18_R34C49yesS_SC391_36_W_D2,1
283,9.1271715,5.541788,SC391_cnv_18_R34C4yesS_SC391_36_W_D1,1
284,10.561059,1.4729854,SC391_cnv_18_R34C62yesS_SC391_36_W_D1,4
285,9.993407,1.368738,SC391_cnv_18_R34C67yesS_SC391_36_W_D2,4
286,9.639338,4.6749163,SC391_cnv_18_R35C13yesS_SC391_36_W_D2,4
287,4.016316,5.7903657,SC391_cnv_18_R35C20yesS_SC391_36_W_D1,0
288,11.144203,2.2112808,SC391_cnv_18_R35C34yesS_SC391_36_W_D2,4
289,10.377935,1.7410749,SC391_cnv_18_R35C39yesS_SC391_36_W_D1,4
290,8.809069,5.096425,SC391_cnv_18_R35C47yesS_SC391_36_W_D2,4
291,10.387225,2.1379106,SC391_cnv_18_R35C52yesS_SC391_36_W_D2,1
292,3.8065324,5.4621677,SC391_cnv_18_R35C56yesS_SC391_36_W_D1,0
293,11.099362,1.6153374,SC391_cnv_18_R35C61yesS_SC391_36_W_D1,4
294,8.9244375,4.9632144,SC391_cnv_18_R35C65yesS_SC391_36_W_D2,1
295,10.967307,1.8745744,SC391_cnv_18_R54C17yesS_SC391_36_W_C2,4
296,10.734324,1.4010377,SC391_cnv_18_R54C31yesS_SC391_36_W_C2,4
297,8.750635,5.211221,SC391_cnv_18_R54C36yesS_SC391_36_W_C1,1
298,10.40089,1.4819193,SC391_cnv_18_R54C38yesS_SC391_36_W_C1,1
299,10.0488205,1.6903827,SC391_cnv_18_R54C40yesS_SC391_36_W_C1,4
300,9.745343,1.4923135,SC391_cnv_18_R54C44yesS_SC391_36_W_C1,7
301,10.392322,1.8347905,SC391_cnv_18_R54C49yesS_SC391_36_W_C2,1
302,11.108606,2.3691325,SC391_cnv_18_R54C51yesS_SC391_36_W_C2,4
303,10.006584,1.6559606,SC391_cnv_18_R54C53yesS_SC391_36_W_C2,4
304,11.016313,1.8077742,SC391_cnv_18_R54C56yesS_SC391_36_W_C1,5
305,10.124628,2.9817066,SC391_cnv_18_R54C57yesS_SC391_36_W_C1,4
306,8.671526,7.6888385,SC391_cnv_18_R54C63yesS_SC391_36_W_C2,1
307,10.727966,1.975514,SC391_cnv_18_R54C67yesS_SC391_36_W_C2,4
308,8.964854,4.942449,SC391_cnv_18_R54C8yesS_SC391_36_W_C1,4
309,10.285447,2.6403127,SC391_cnv_18_R55C13yesS_SC391_36_W_C2,1
310,10.78487,1.9662999,SC391_cnv_18_R55C20yesS_SC391_36_W_C1,4
311,9.67808,1.2105712,SC391_cnv_18_R55C21yesS_SC391_36_W_C1,4
312,9.782773,1.4853768,SC391_cnv_18_R55C27yesS_SC391_36_W_C2,4
313,10.536841,2.1830707,SC391_cnv_18_R55C29yesS_SC391_36_W_C2,1
314,10.670322,2.3398151,SC391_cnv_18_R55C32yesS_SC391_36_W_C2,1
315,8.935727,4.60495,SC391_cnv_18_R55C34yesS_SC391_36_W_C2,7
316,10.237291,1.9130069,SC391_cnv_18_R55C37yesS_SC391_36_W_C1,4
317,9.358771,4.5109787,SC391_cnv_18_R55C43yesS_SC391_36_W_C1,1
318,8.642762,5.3043,SC391_cnv_18_R55C44yesS_SC391_36_W_C1,1
319,10.553405,2.749462,SC391_cnv_18_R55C46yesS_SC391_36_W_C2,4
320,9.863179,1.4751463,SC391_cnv_18_R55C48yesS_SC391_36_W_C2,4
321,10.751985,1.756131,SC391_cnv_18_R55C53yesS_SC391_36_W_C2,4
322,11.006301,1.9402878,SC391_cnv_18_R55C56yesS_SC391_36_W_C1,1
323,9.693673,4.6508536,SC391_cnv_18_R55C5yesS_SC391_36_W_C1,4
324,8.960306,4.857188,SC391_cnv_18_R55C61yesS_SC391_36_W_C1,4
325,3.4670312,6.2237296,SC391_cnv_18_R55C63yesS_SC391_36_W_C2,0
326,11.2762,2.2397027,SC391_cnv_18_R55C65yesS_SC391_36_W_C2,4
327,8.689146,5.0868797,SC391_cnv_18_R55C67yesS_SC391_36_W_C2,4
328,9.699004,1.3205774,SC391_cnv_18_R55C6yesS_SC391_36_W_C1,4
329,9.808598,1.2892874,SC391_cnv_18_R56C0yesS_SC391_36_W_C1,4
330,10.0249,3.5626183,SC391_cnv_18_R56C14yesS_SC391_36_W_C2,4
331,9.948944,2.3803422,SC391_cnv_18_R56C17yesS_SC391_36_W_C2,4
332,9.7605505,4.560122,SC391_cnv_18_R56C19yesS_SC391_36_W_C1,4
333,8.659977,5.1721525,SC391_cnv_18_R56C20yesS_SC391_36_W_C1,4
334,10.678806,2.411347,SC391_cnv_18_R56C21yesS_SC391_36_W_C1,1
335,10.792786,2.070664,SC391_cnv_18_R56C27yesS_SC391_36_W_C2,4
336,9.101353,4.354039,SC391_cnv_18_R56C33yesS_SC391_36_W_C2,4
337,9.0668335,4.0330424,SC391_cnv_18_R56C36yesS_SC391_36_W_C1,1
338,10.849097,2.4883947,SC391_cnv_18_R56C39yesS_SC391_36_W_C1,4
339,11.148635,1.7910995,SC391_cnv_18_R56C43yesS_SC391_36_W_C1,7
340,10.726112,1.50184,SC391_cnv_18_R56C48yesS_SC391_36_W_C2,4
341,10.985127,1.4576128,SC391_cnv_18_R56C5yesS_SC391_36_W_C1,4
342,11.485044,2.0833573,SC391_cnv_18_R56C65yesS_SC391_36_W_C2,4
343,11.119949,1.7264522,SC391_cnv_18_R56C69yesS_SC391_36_W_C2,1
344,11.343245,2.8034337,SC391_cnv_18_R56C71yesS_SC391_36_W_C2,4
345,8.852105,5.034478,SC391_cnv_18_R56C9yesS_SC391_36_W_C2,1
346,8.046286,5.001705,SC391_cnv_18_R57C0yesS_SC391_36_W_C1,4
347,11.285054,1.8748181,SC391_cnv_18_R57C25yesS_SC391_36_W_C1,1
348,10.045338,1.7865115,SC391_cnv_18_R57C26yesS_SC391_36_W_C1,4
349,9.1121645,4.882923,SC391_cnv_18_R57C32yesS_SC391_36_W_C2,1
350,4.0229588,5.915748,SC391_cnv_18_R57C38yesS_SC391_36_W_C1,0
351,8.653119,5.431725,SC391_cnv_18_R57C41yesS_SC391_36_W_C1,4
352,9.669842,1.7530755,SC391_cnv_18_R57C42yesS_SC391_36_W_C1,4
353,10.751938,2.46671,SC391_cnv_18_R57C46yesS_SC391_36_W_C2,4
354,9.81127,1.3442541,SC391_cnv_18_R57C54yesS_SC391_36_W_C1,4
355,8.660439,4.8613324,SC391_cnv_18_R57C55yesS_SC391_36_W_C1,1
356,10.546228,2.584752,SC391_cnv_18_R57C58yesS_SC391_36_W_C1,1
357,10.364245,1.2167691,SC391_cnv_18_R57C6yesS_SC391_36_W_C1,4
358,9.004896,4.396433,SC391_cnv_18_R57C71yesS_SC391_36_W_C2,4
359,9.023087,4.9857764,SC391_cnv_18_R57C8yesS_SC391_36_W_C1,4
360,9.513912,3.5240836,SC391_cnv_18_R57C9yesS_SC391_36_W_C2,6
361,8.749627,4.406191,SC391_cnv_18_R58C0yesS_SC391_36_W_C1,1
362,9.806945,1.7804799,SC391_cnv_18_R58C11yesS_SC391_36_W_C2,4
363,10.402326,1.4594845,SC391_cnv_18_R58C13yesS_SC391_36_W_C2,1
364,9.189603,4.4966235,SC391_cnv_18_R58C14yesS_SC391_36_W_C2,1
365,10.364969,3.0215497,SC391_cnv_18_R58C1yesS_SC391_36_W_C1,1
366,10.548049,2.216844,SC391_cnv_18_R58C26yesS_SC391_36_W_C1,4
367,10.7745285,1.8617655,SC391_cnv_18_R58C31yesS_SC391_36_W_C2,4
368,10.654703,2.5449522,SC391_cnv_18_R58C33yesS_SC391_36_W_C2,1
369,11.337364,2.3347478,SC391_cnv_18_R58C36yesS_SC391_36_W_C1,4
370,9.045678,4.493824,SC391_cnv_18_R58C38yesS_SC391_36_W_C1,1
371,10.723324,2.024397,SC391_cnv_18_R58C3yesS_SC391_36_W_C1,6
372,4.038276,5.0900135,SC391_cnv_18_R58C41yesS_SC391_36_W_C1,0
373,11.096786,3.5828266,SC391_cnv_18_R58C43yesS_SC391_36_W_C1,1
374,9.13152,5.009265,SC391_cnv_18_R58C44yesS_SC391_36_W_C1,1
375,11.169671,3.042443,SC391_cnv_18_R58C45yesS_SC391_36_W_C2,4
376,8.711247,5.1219773,SC391_cnv_18_R58C5yesS_SC391_36_W_C1,1
377,9.274756,4.5715523,SC391_cnv_18_R58C60yesS_SC391_36_W_C1,1
378,10.106611,1.27602,SC391_cnv_18_R58C62yesS_SC391_36_W_C1,4
379,9.293357,4.4738107,SC391_cnv_18_R58C64yesS_SC391_36_W_C2,4
380,11.022805,1.7685586,SC391_cnv_18_R58C68yesS_SC391_36_W_C2,4
381,9.84866,6.3021765,SC391_cnv_18_R59C12yesS_SC391_36_W_C2,1
382,3.850192,6.139471,SC391_cnv_18_R59C13yesS_SC391_36_W_C2,0
383,8.571064,4.0956388,SC391_cnv_18_R59C15yesS_SC391_36_W_C2,1
384,8.863507,5.1759677,SC391_cnv_18_R59C25yesS_SC391_36_W_C1,4
385,9.531847,2.0178652,SC391_cnv_18_R59C26yesS_SC391_36_W_C1,4
386,10.025112,1.4672571,SC391_cnv_18_R59C2yesS_SC391_36_W_C1,1
387,10.393942,2.526711,SC391_cnv_18_R59C33yesS_SC391_36_W_C2,4
388,10.690337,2.7556133,SC391_cnv_18_R59C35yesS_SC391_36_W_C2,4
389,8.871512,5.0279164,SC391_cnv_18_R59C38yesS_SC391_36_W_C1,4
390,10.008855,2.852933,SC391_cnv_18_R59C41yesS_SC391_36_W_C1,1
391,9.457225,1.3601226,SC391_cnv_18_R59C44yesS_SC391_36_W_C1,1
392,10.261112,2.6982234,SC391_cnv_18_R59C46yesS_SC391_36_W_C2,4
393,10.676741,2.2836864,SC391_cnv_18_R59C4yesS_SC391_36_W_C1,4
394,10.291893,1.4214963,SC391_cnv_18_R59C58yesS_SC391_36_W_C1,4
395,10.380964,2.4565938,SC391_cnv_18_R59C5yesS_SC391_36_W_C1,4
396,9.803442,3.2572308,SC391_cnv_18_R60C12yesS_SC391_36_W_C2,4
397,11.198444,1.9816331,SC391_cnv_18_R60C13yesS_SC391_36_W_C2,1
398,8.840569,4.9891386,SC391_cnv_18_R60C15yesS_SC391_36_W_C2,4
399,8.105675,5.536318,SC391_cnv_18_R60C17yesS_SC391_36_W_C2,4
400,10.310166,1.4681742,SC391_cnv_18_R60C20yesS_SC391_36_W_C1,4
401,10.95936,1.591224,SC391_cnv_18_R60C30yesS_SC391_36_W_C2,4
402,10.300087,1.7371349,SC391_cnv_18_R60C33yesS_SC391_36_W_C2,4
403,10.7358265,3.621573,SC391_cnv_18_R60C34yesS_SC391_36_W_C2,4
404,8.761697,5.0428786,SC391_cnv_18_R60C36yesS_SC391_36_W_C1,4
405,10.002079,2.3393955,SC391_cnv_18_R60C37yesS_SC391_36_W_C1,4
406,10.532989,1.4028883,SC391_cnv_18_R60C39yesS_SC391_36_W_C1,1
407,10.106657,2.1057544,SC391_cnv_18_R60C40yesS_SC391_36_W_C1,4
408,10.53348,1.5008616,SC391_cnv_18_R60C49yesS_SC391_36_W_C2,1
409,9.873914,1.1497477,SC391_cnv_18_R60C4yesS_SC391_36_W_C1,1
410,11.126688,1.6076424,SC391_cnv_18_R60C50yesS_SC391_36_W_C2,4
411,11.44095,2.184557,SC391_cnv_18_R60C55yesS_SC391_36_W_C1,7
412,9.965404,2.0583665,SC391_cnv_18_R60C58yesS_SC391_36_W_C1,4
413,10.204429,2.5709152,SC391_cnv_18_R60C5yesS_SC391_36_W_C1,4
414,11.057581,2.2268853,SC391_cnv_18_R60C7yesS_SC391_36_W_C1,4
415,9.723902,1.3015542,SC391_cnv_18_R60C8yesS_SC391_36_W_C1,4
416,9.746986,2.2687144,SC391_cnv_18_R61C15yesS_SC391_36_W_C2,1
417,9.0814085,7.2872906,SC391_cnv_18_R61C16yesS_SC391_36_W_C2,1
418,10.703906,1.9558061,SC391_cnv_18_R61C1yesS_SC391_36_W_C1,5
419,11.22047,1.8738152,SC391_cnv_18_R61C20yesS_SC391_36_W_C1,1
420,9.043166,4.0023327,SC391_cnv_18_R61C24yesS_SC391_36_W_C1,1
421,7.8200297,4.752871,SC391_cnv_18_R61C2yesS_SC391_36_W_C1,4
422,8.7052145,4.8069057,SC391_cnv_18_R61C32yesS_SC391_36_W_C2,1
423,10.719528,2.3725362,SC391_cnv_18_R61C36yesS_SC391_36_W_C1,1
424,9.69791,2.7014031,SC391_cnv_18_R61C38yesS_SC391_36_W_C1,1
425,9.5654745,1.4345928,SC391_cnv_18_R61C39yesS_SC391_36_W_C1,4
426,10.187581,2.6221104,SC391_cnv_18_R61C3yesS_SC391_36_W_C1,1
427,9.545878,1.2600368,SC391_cnv_18_R61C42yesS_SC391_36_W_C1,4
428,10.473392,2.4630268,SC391_cnv_18_R61C43yesS_SC391_36_W_C1,1
429,8.923035,5.2331653,SC391_cnv_18_R61C45yesS_SC391_36_W_C2,1
430,10.844921,2.5407307,SC391_cnv_18_R61C46yesS_SC391_36_W_C2,4
431,8.6528,4.620329,SC391_cnv_18_R61C4yesS_SC391_36_W_C1,4
432,10.15494,1.3630035,SC391_cnv_18_R61C50yesS_SC391_36_W_C2,1
433,9.077797,4.7841144,SC391_cnv_18_R61C54yesS_SC391_36_W_C1,1
434,11.2585745,1.9623471,SC391_cnv_18_R61C61yesS_SC391_36_W_C1,4
435,10.176593,1.2769634,SC391_cnv_18_R61C63yesS_SC391_36_W_C2,4
436,10.134219,6.4393244,SC391_cnv_18_R61C66yesS_SC391_36_W_C2,1
437,10.796889,2.327647,SC391_cnv_18_R61C67yesS_SC391_36_W_C2,4
438,10.003788,1.6859286,SC391_cnv_18_R61C68yesS_SC391_36_W_C2,4
439,9.7915535,1.32429,SC391_cnv_18_R61C71yesS_SC391_36_W_C2,4
440,9.933135,2.590364,SC391_cnv_18_R61C9yesS_SC391_36_W_C2,1
441,10.990431,1.7358047,SC391_cnv_18_R62C16yesS_SC391_36_W_C2,4
442,9.894593,1.9571568,SC391_cnv_18_R62C24yesS_SC391_36_W_C1,4
443,10.967502,2.1780677,SC391_cnv_18_R62C44yesS_SC391_36_W_C1,4
444,10.932552,2.0568738,SC391_cnv_18_R62C49yesS_SC391_36_W_C2,1
445,10.768604,1.2580377,SC391_cnv_18_R62C55yesS_SC391_36_W_C1,4
446,10.9470005,1.5746518,SC391_cnv_18_R62C59yesS_SC391_36_W_C1,1
447,8.562481,4.9939632,SC391_cnv_18_R62C64yesS_SC391_36_W_C2,4
448,8.556094,5.756373,SC391_cnv_18_R62C69yesS_SC391_36_W_C2,4
449,10.225275,2.6409273,SC391_cnv_18_R62C6yesS_SC391_36_W_C1,4
450,11.274928,2.1981611,SC391_cnv_18_R62C70yesS_SC391_36_W_C2,4
451,9.555293,1.5610603,SC391_cnv_18_R63C18yesS_SC391_36_W_D1,1
452,10.293057,1.1564835,SC391_cnv_18_R63C20yesS_SC391_36_W_D1,4
453,10.237374,5.053142,SC391_cnv_18_R63C25yesS_SC391_36_W_D1,7
454,4.221769,5.302797,SC391_cnv_18_R63C35yesS_SC391_36_W_D2,0
455,10.294105,1.6878252,SC391_cnv_18_R63C40yesS_SC391_36_W_D1,1
456,11.123536,2.184078,SC391_cnv_18_R63C47yesS_SC391_36_W_D2,4
457,11.112956,1.6066313,SC391_cnv_18_R63C48yesS_SC391_36_W_D2,4
458,10.83435,2.1254768,SC391_cnv_18_R63C50yesS_SC391_36_W_D2,5
459,11.210347,1.8377947,SC391_cnv_18_R63C52yesS_SC391_36_W_D2,4
460,10.575002,1.3813349,SC391_cnv_18_R63C54yesS_SC391_36_W_D1,4
461,9.762645,2.1561494,SC391_cnv_18_R63C6yesS_SC391_36_W_D1,1
462,10.398901,3.1982527,SC391_cnv_18_R64C0yesS_SC391_36_W_D1,1
463,10.36889,3.044522,SC391_cnv_18_R64C17yesS_SC391_36_W_D2,4
464,9.907348,1.2892488,SC391_cnv_18_R64C25yesS_SC391_36_W_D1,4
465,10.9457,1.6676782,SC391_cnv_18_R64C27yesS_SC391_36_W_D2,4
466,11.167053,1.6951058,SC391_cnv_18_R64C28yesS_SC391_36_W_D2,1
467,11.530809,1.9771091,SC391_cnv_18_R64C29yesS_SC391_36_W_D2,4
468,10.746802,2.3034809,SC391_cnv_18_R64C30yesS_SC391_36_W_D2,4
469,9.195554,5.2324166,SC391_cnv_18_R64C34yesS_SC391_36_W_D2,4
470,9.995354,3.0358667,SC391_cnv_18_R64C36yesS_SC391_36_W_D1,4
471,10.46481,1.2150861,SC391_cnv_18_R64C40yesS_SC391_36_W_D1,4
472,9.556837,2.2997687,SC391_cnv_18_R64C41yesS_SC391_36_W_D1,4
473,9.648227,1.6077855,SC391_cnv_18_R64C43yesS_SC391_36_W_D1,1
474,4.191402,5.370244,SC391_cnv_18_R64C44yesS_SC391_36_W_D1,0
475,3.743753,5.7464776,SC391_cnv_18_R64C46yesS_SC391_36_W_D2,0
476,9.032357,5.187523,SC391_cnv_18_R64C53yesS_SC391_36_W_D2,1
477,9.482605,1.2923071,SC391_cnv_18_R64C5yesS_SC391_36_W_D1,1
478,9.723117,4.1763363,SC391_cnv_18_R64C64yesS_SC391_36_W_D2,5
479,10.31384,1.5606086,SC391_cnv_18_R64C65yesS_SC391_36_W_D2,4
480,11.158764,1.729734,SC391_cnv_18_R64C66yesS_SC391_36_W_D2,7
481,11.076495,1.8710431,SC391_cnv_18_R64C67yesS_SC391_36_W_D2,4
482,10.848861,1.408969,SC391_cnv_18_R64C8yesS_SC391_36_W_D1,4
483,9.7570305,1.4617906,SC391_cnv_18_R64C9yesS_SC391_36_W_D2,4
484,10.963234,1.8157847,SC391_cnv_18_R65C13yesS_SC391_36_W_D2,4
485,11.104134,1.8729202,SC391_cnv_18_R65C17yesS_SC391_36_W_D2,1
486,11.1292,1.6735438,SC391_cnv_18_R65C26yesS_SC391_36_W_D1,4
487,9.907174,2.158027,SC391_cnv_18_R65C29yesS_SC391_36_W_D2,4
488,10.213719,1.4372959,SC391_cnv_18_R65C31yesS_SC391_36_W_D2,4
489,9.132028,5.1096826,SC391_cnv_18_R65C37yesS_SC391_36_W_D1,1
490,8.884747,4.8946557,SC391_cnv_18_R65C38yesS_SC391_36_W_D1,1
491,9.376893,4.9193544,SC391_cnv_18_R65C40yesS_SC391_36_W_D1,1
492,3.9237401,5.6506433,SC391_cnv_18_R65C44yesS_SC391_36_W_D1,0
493,10.079593,2.1855795,SC391_cnv_18_R65C47yesS_SC391_36_W_D2,4
494,10.883562,2.2187042,SC391_cnv_18_R65C49yesS_SC391_36_W_D2,4
495,9.620754,1.4500285,SC391_cnv_18_R65C4yesS_SC391_36_W_D1,4
496,8.950008,5.302029,SC391_cnv_18_R65C53yesS_SC391_36_W_D2,1
497,9.815184,5.707731,SC391_cnv_18_R65C64yesS_SC391_36_W_D2,1
498,9.512909,1.7013495,SC391_cnv_18_R65C6yesS_SC391_36_W_D1,4
499,9.678144,4.9207587,SC391_cnv_18_R65C9yesS_SC391_36_W_D2,1
500,11.133344,1.6979575,SC391_cnv_18_R66C11yesS_SC391_36_W_D2,4
501,10.406472,1.2405022,SC391_cnv_18_R66C15yesS_SC391_36_W_D2,1
502,8.81849,5.319985,SC391_cnv_18_R66C1yesS_SC391_36_W_D1,4
503,10.153276,1.142409,SC391_cnv_18_R66C23yesS_SC391_36_W_D1,4
504,9.632299,4.626096,SC391_cnv_18_R66C24yesS_SC391_36_W_D1,1
505,8.70639,5.2494273,SC391_cnv_18_R66C29yesS_SC391_36_W_D2,1
506,10.316952,1.2760254,SC391_cnv_18_R66C2yesS_SC391_36_W_D1,1
507,9.550091,4.295603,SC391_cnv_18_R66C31yesS_SC391_36_W_D2,1
508,11.123259,2.6588917,SC391_cnv_18_R66C40yesS_SC391_36_W_D1,4
509,10.378937,2.1695063,SC391_cnv_18_R66C42yesS_SC391_36_W_D1,4
510,8.706921,4.9584956,SC391_cnv_18_R66C44yesS_SC391_36_W_D1,4
511,10.855029,1.4626602,SC391_cnv_18_R66C50yesS_SC391_36_W_D2,4
512,4.2537055,5.5875707,SC391_cnv_18_R66C52yesS_SC391_36_W_D2,0
513,10.213626,1.3692558,SC391_cnv_18_R66C59yesS_SC391_36_W_D1,1
514,10.511425,2.07534,SC391_cnv_18_R66C5yesS_SC391_36_W_D1,4
515,10.902893,4.0307565,SC391_cnv_18_R66C62yesS_SC391_36_W_D1,1
516,9.373001,4.865514,SC391_cnv_18_R66C64yesS_SC391_36_W_D2,1
517,11.544312,1.8123819,SC391_cnv_18_R66C6yesS_SC391_36_W_D1,1
518,10.017587,1.4034467,SC391_cnv_18_R66C7yesS_SC391_36_W_D1,1
519,9.725242,2.5699697,SC391_cnv_18_R66C9yesS_SC391_36_W_D2,1
520,10.425208,5.1543307,SC391_cnv_18_R67C34yesS_SC391_36_W_D2,1
521,10.97383,4.0460777,SC391_cnv_18_R67C43yesS_SC391_36_W_D1,1
522,8.956986,5.1666636,SC391_cnv_18_R67C46yesS_SC391_36_W_D2,4
523,9.905705,1.4363922,SC391_cnv_18_R67C47yesS_SC391_36_W_D2,4
524,11.466521,1.8210901,SC391_cnv_18_R67C48yesS_SC391_36_W_D2,4
525,10.266564,1.0543493,SC391_cnv_18_R67C52yesS_SC391_36_W_D2,1
526,10.966049,2.0028453,SC391_cnv_18_R67C63yesS_SC391_36_W_D2,4
527,9.206666,3.3896573,SC391_cnv_18_R67C69yesS_SC391_36_W_D2,4
528,8.254401,5.146813,SC391_cnv_18_R67C70yesS_SC391_36_W_D2,1
529,11.270035,1.5746326,SC391_cnv_18_R68C15yesS_SC391_36_W_D2,4
530,11.460675,2.1659143,SC391_cnv_18_R68C19yesS_SC391_36_W_D1,1
531,8.871512,5.3677573,SC391_cnv_18_R68C1yesS_SC391_36_W_D1,1
532,11.084671,3.6072834,SC391_cnv_18_R68C23yesS_SC391_36_W_D1,4
533,10.702587,1.8155984,SC391_cnv_18_R68C28yesS_SC391_36_W_D2,7
534,10.848914,1.6788483,SC391_cnv_18_R68C38yesS_SC391_36_W_D1,1
535,10.471593,2.3162076,SC391_cnv_18_R68C42yesS_SC391_36_W_D1,4
536,10.779839,2.5171177,SC391_cnv_18_R68C43yesS_SC391_36_W_D1,1
537,10.241218,1.6522676,SC391_cnv_18_R68C45yesS_SC391_36_W_D2,4
538,10.732122,1.3864043,SC391_cnv_18_R68C46yesS_SC391_36_W_D2,4
539,11.340681,1.6031108,SC391_cnv_18_R68C49yesS_SC391_36_W_D2,4
540,9.701437,1.3135767,SC391_cnv_18_R68C4yesS_SC391_36_W_D1,1
541,10.907902,1.5360286,SC391_cnv_18_R68C53yesS_SC391_36_W_D2,4
542,9.664838,1.3464704,SC391_cnv_18_R68C54yesS_SC391_36_W_D1,1
543,10.321358,1.3426145,SC391_cnv_18_R68C55yesS_SC391_36_W_D1,1
544,9.76492,1.2442563,SC391_cnv_18_R68C58yesS_SC391_36_W_D1,1
545,9.38336,5.7606487,SC391_cnv_18_R68C59yesS_SC391_36_W_D1,1
546,10.625616,1.1566744,SC391_cnv_18_R68C60yesS_SC391_36_W_D1,4
547,9.574083,2.0515378,SC391_cnv_18_R68C67yesS_SC391_36_W_D2,1
548,10.39625,2.358915,SC391_cnv_18_R69C11yesS_SC391_36_W_D2,4
549,10.601621,1.1751823,SC391_cnv_18_R69C13yesS_SC391_36_W_D2,4
550,10.002787,4.9029245,SC391_cnv_18_R69C17yesS_SC391_36_W_D2,4
551,11.05657,3.8338845,SC391_cnv_18_R69C22yesS_SC391_36_W_D1,4
552,11.333327,5.2139945,SC391_cnv_18_R69C24yesS_SC391_36_W_D1,4
553,4.0932,5.31601,SC391_cnv_18_R69C25yesS_SC391_36_W_D1,0
554,10.498962,1.3264455,SC391_cnv_18_R69C33yesS_SC391_36_W_D2,4
555,10.276079,2.4366941,SC391_cnv_18_R69C36yesS_SC391_36_W_D1,4
556,4.095811,5.9184666,SC391_cnv_18_R69C39yesS_SC391_36_W_D1,0
557,10.233695,5.4035873,SC391_cnv_18_R69C41yesS_SC391_36_W_D1,4
558,11.095279,3.382586,SC391_cnv_18_R69C43yesS_SC391_36_W_D1,4
559,4.1813297,5.61482,SC391_cnv_18_R69C48yesS_SC391_36_W_D2,1
560,9.985547,4.971399,SC391_cnv_18_R69C49yesS_SC391_36_W_D2,4
561,8.895931,5.278915,SC391_cnv_18_R69C4yesS_SC391_36_W_D1,1
562,9.003589,5.816671,SC391_cnv_18_R69C51yesS_SC391_36_W_D2,4
563,9.478739,4.8601785,SC391_cnv_18_R69C56yesS_SC391_36_W_D1,1
564,11.196496,3.4133582,SC391_cnv_18_R69C59yesS_SC391_36_W_D1,7
565,8.99255,7.973046,SC391_cnv_18_R69C66yesS_SC391_36_W_D2,1
566,11.109637,3.1056368,SC391_cnv_18_R69C69yesS_SC391_36_W_D2,4
567,10.760085,1.7913917,SC391_cnv_18_R69C9yesS_SC391_36_W_D2,4
568,11.307551,2.1077852,SC391_cnv_18_R70C10yesS_SC391_36_W_D2,1
569,10.033487,1.4742322,SC391_cnv_18_R70C17yesS_SC391_36_W_D2,4
570,11.049538,2.349929,SC391_cnv_18_R70C23yesS_SC391_36_W_D1,4
571,10.053148,1.1927695,SC391_cnv_18_R70C24yesS_SC391_36_W_D1,4
572,9.659264,1.8989519,SC391_cnv_18_R70C25yesS_SC391_36_W_D1,4
573,11.2290745,3.2228854,SC391_cnv_18_R70C28yesS_SC391_36_W_D2,4
574,10.013094,3.064327,SC391_cnv_18_R70C30yesS_SC391_36_W_D2,4
575,10.171313,2.4820201,SC391_cnv_18_R70C31yesS_SC391_36_W_D2,1
576,11.119941,1.7712313,SC391_cnv_18_R70C32yesS_SC391_36_W_D2,1
577,9.676607,4.3952026,SC391_cnv_18_R70C35yesS_SC391_36_W_D2,4
578,8.501079,5.0143085,SC391_cnv_18_R70C45yesS_SC391_36_W_D2,4
579,9.862121,1.1995884,SC391_cnv_18_R70C53yesS_SC391_36_W_D2,4
580,11.211662,3.3332384,SC391_cnv_18_R70C57yesS_SC391_36_W_D1,4
581,10.444225,1.4816955,SC391_cnv_18_R70C5yesS_SC391_36_W_D1,4
582,11.084726,3.4878209,SC391_cnv_18_R70C62yesS_SC391_36_W_D1,4
583,10.135334,2.9542577,SC391_cnv_18_R70C63yesS_SC391_36_W_D2,4
584,11.140469,1.960656,SC391_cnv_18_R70C67yesS_SC391_36_W_D2,4
585,10.219514,2.7897682,SC391_cnv_18_R70C6yesS_SC391_36_W_D1,4
586,7.722504,4.538851,SC391_cnv_18_R70C70yesS_SC391_36_W_D2,1
587,9.259888,5.0683413,SC391_cnv_18_R71C10yesS_SC391_36_W_D2,4
588,10.5600605,1.1663032,SC391_cnv_18_R71C11yesS_SC391_36_W_D2,4
589,11.20748,1.5652181,SC391_cnv_18_R71C15yesS_SC391_36_W_D2,1
590,8.75682,7.766647,SC391_cnv_18_R71C16yesS_SC391_36_W_D2,1
591,11.09623,1.5616554,SC391_cnv_18_R71C17yesS_SC391_36_W_D2,4
592,3.8886955,5.472989,SC391_cnv_18_R71C18yesS_SC391_36_W_D1,0
593,8.605852,4.8307004,SC391_cnv_18_R71C24yesS_SC391_36_W_D1,4
594,8.852364,5.0078206,SC391_cnv_18_R71C25yesS_SC391_36_W_D1,4
595,11.309191,1.778287,SC391_cnv_18_R71C26yesS_SC391_36_W_D1,4
596,9.738601,4.116328,SC391_cnv_18_R71C27yesS_SC391_36_W_D2,4
597,9.473552,1.8148481,SC391_cnv_18_R71C28yesS_SC391_36_W_D2,4
598,8.643355,5.188242,SC391_cnv_18_R71C2yesS_SC391_36_W_D1,4
599,3.8516226,5.652222,SC391_cnv_18_R71C33yesS_SC391_36_W_D2,0
600,10.821897,1.4046147,SC391_cnv_18_R71C3yesS_SC391_36_W_D1,4
601,10.536934,1.862918,SC391_cnv_18_R71C40yesS_SC391_36_W_D1,1
602,11.2443905,2.1570165,SC391_cnv_18_R71C46yesS_SC391_36_W_D2,4
603,8.533614,5.0172434,SC391_cnv_18_R71C47yesS_SC391_36_W_D2,1
604,11.263406,1.9698842,SC391_cnv_18_R71C50yesS_SC391_36_W_D2,4
605,10.066924,2.033983,SC391_cnv_18_R71C54yesS_SC391_36_W_D1,4
606,3.576072,6.2229285,SC391_cnv_18_R71C55yesS_SC391_36_W_D1,1
607,9.453989,1.3098133,SC391_cnv_18_R71C58yesS_SC391_36_W_D1,4
608,9.326828,4.567427,SC391_cnv_18_R71C5yesS_SC391_36_W_D1,1
609,9.876938,1.2114294,SC391_cnv_18_R71C64yesS_SC391_36_W_D2,6
610,10.836002,5.026385,SC391_cnv_19_R0C0yesS_SC391_37_W_A1,6
611,11.51651,5.611912,SC391_cnv_19_R0C11yesS_SC391_37_W_A2,6
612,12.983681,5.534138,SC391_cnv_19_R0C16yesS_SC391_37_W_A2,1
613,8.394142,4.686093,SC391_cnv_19_R0C18yesS_SC391_37_W_A1,1
614,12.954684,5.3291388,SC391_cnv_19_R0C19yesS_SC391_37_W_A1,1
615,3.9476705,6.2948093,SC391_cnv_19_R0C27yesS_SC391_37_W_A2,0
616,9.776395,3.9953787,SC391_cnv_19_R0C30yesS_SC391_37_W_A2,5
617,12.444849,4.595628,SC391_cnv_19_R0C34yesS_SC391_37_W_A2,6
618,7.646402,5.091596,SC391_cnv_19_R0C39yesS_SC391_37_W_A1,1
619,8.733609,4.133097,SC391_cnv_19_R0C43yesS_SC391_37_W_A1,1
620,7.984793,5.1754446,SC391_cnv_19_R0C50yesS_SC391_37_W_A2,1
621,12.548985,5.248936,SC391_cnv_19_R0C51yesS_SC391_37_W_A2,6
622,3.7440276,6.202019,SC391_cnv_19_R0C52yesS_SC391_37_W_A2,0
623,12.550784,5.370117,SC391_cnv_19_R0C63yesS_SC391_37_W_A2,6
624,12.482473,4.6655207,SC391_cnv_19_R0C64yesS_SC391_37_W_A2,6
625,11.898129,5.247131,SC391_cnv_19_R0C67yesS_SC391_37_W_A2,6
626,12.858456,5.1613717,SC391_cnv_19_R0C71yesS_SC391_37_W_A2,6
627,9.464021,4.367806,SC391_cnv_19_R0C7yesS_SC391_37_W_A1,4
628,8.275183,5.113028,SC391_cnv_19_R0C8yesS_SC391_37_W_A1,6
629,3.9532526,5.803336,SC391_cnv_19_R10C10yesS_SC391_37_W_B2,4
630,12.80994,5.021652,SC391_cnv_19_R10C15yesS_SC391_37_W_B2,6
631,12.753716,5.240413,SC391_cnv_19_R10C18yesS_SC391_37_W_B1,1
632,9.797591,4.194364,SC391_cnv_19_R10C21yesS_SC391_37_W_B1,4
633,12.826427,5.1098104,SC391_cnv_19_R10C23yesS_SC391_37_W_B1,6
634,8.380425,6.159153,SC391_cnv_19_R10C24yesS_SC391_37_W_B1,4
635,11.700768,4.595997,SC391_cnv_19_R10C27yesS_SC391_37_W_B2,4
636,12.608631,5.928428,SC391_cnv_19_R10C34yesS_SC391_37_W_B2,6
637,7.591628,4.963803,SC391_cnv_19_R10C40yesS_SC391_37_W_B1,4
638,12.138392,5.716801,SC391_cnv_19_R10C44yesS_SC391_37_W_B1,6
639,8.004475,5.2669063,SC391_cnv_19_R10C48yesS_SC391_37_W_B2,4
640,11.83725,5.2509174,SC391_cnv_19_R10C51yesS_SC391_37_W_B2,6
641,7.643082,5.0588465,SC391_cnv_19_R10C59yesS_SC391_37_W_B1,4
642,8.415594,4.2179055,SC391_cnv_19_R10C64yesS_SC391_37_W_B2,4
643,7.9810224,5.1521707,SC391_cnv_19_R10C66yesS_SC391_37_W_B2,4
644,12.456081,4.9962883,SC391_cnv_19_R11C13yesS_SC391_37_W_B2,6
645,12.310509,5.9362564,SC391_cnv_19_R11C1yesS_SC391_37_W_B1,6
646,12.48603,5.241128,SC391_cnv_19_R11C22yesS_SC391_37_W_B1,1
647,3.9151382,5.998846,SC391_cnv_19_R11C24yesS_SC391_37_W_B1,0
648,13.067743,5.1478634,SC391_cnv_19_R11C26yesS_SC391_37_W_B1,6
649,8.75713,4.0132194,SC391_cnv_19_R11C35yesS_SC391_37_W_B2,1
650,12.212403,4.875808,SC391_cnv_19_R11C38yesS_SC391_37_W_B1,1
651,9.447938,4.0849266,SC391_cnv_19_R11C45yesS_SC391_37_W_B2,7
652,3.5918894,6.1484065,SC391_cnv_19_R11C46yesS_SC391_37_W_B2,0
653,12.009419,6.2887115,SC391_cnv_19_R11C51yesS_SC391_37_W_B2,6
654,11.74848,6.320715,SC391_cnv_19_R11C56yesS_SC391_37_W_B1,6
655,12.790273,5.7930765,SC391_cnv_19_R11C69yesS_SC391_37_W_B2,6
656,12.370179,5.581053,SC391_cnv_19_R11C6yesS_SC391_37_W_B1,6
657,12.747912,5.6655197,SC391_cnv_19_R11C7yesS_SC391_37_W_B1,6
658,8.265851,4.2321334,SC391_cnv_19_R11C9yesS_SC391_37_W_B2,4
659,8.400541,4.454406,SC391_cnv_19_R12C16yesS_SC391_37_W_B2,4
660,11.660079,5.9352727,SC391_cnv_19_R12C20yesS_SC391_37_W_B1,6
661,7.365109,5.0492516,SC391_cnv_19_R12C21yesS_SC391_37_W_B1,4
662,7.623743,4.9021587,SC391_cnv_19_R12C25yesS_SC391_37_W_B1,4
663,7.9379797,5.2840996,SC391_cnv_19_R12C28yesS_SC391_37_W_B2,4
664,9.087683,3.4513862,SC391_cnv_19_R12C32yesS_SC391_37_W_B2,1
665,12.706919,5.246465,SC391_cnv_19_R12C35yesS_SC391_37_W_B2,6
666,12.483885,5.3863935,SC391_cnv_19_R12C36yesS_SC391_37_W_B1,6
667,7.436674,4.834844,SC391_cnv_19_R12C37yesS_SC391_37_W_B1,4
668,9.641569,4.601025,SC391_cnv_19_R12C40yesS_SC391_37_W_B1,4
669,12.615568,5.4077654,SC391_cnv_19_R12C45yesS_SC391_37_W_B2,6
670,10.428547,3.4189148,SC391_cnv_19_R12C47yesS_SC391_37_W_B2,6
671,8.043293,4.618711,SC391_cnv_19_R12C52yesS_SC391_37_W_B2,4
672,7.589043,4.836116,SC391_cnv_19_R12C54yesS_SC391_37_W_B1,4
673,12.377003,5.407396,SC391_cnv_19_R12C60yesS_SC391_37_W_B1,6
674,7.98868,5.757573,SC391_cnv_19_R12C66yesS_SC391_37_W_B2,4
675,9.211776,4.1657553,SC391_cnv_19_R12C67yesS_SC391_37_W_B2,4
676,12.163635,5.247733,SC391_cnv_19_R12C68yesS_SC391_37_W_B2,6
677,8.291367,4.9982414,SC391_cnv_19_R12C6yesS_SC391_37_W_B1,4
678,7.9664273,5.574187,SC391_cnv_19_R12C71yesS_SC391_37_W_B2,1
679,8.696568,3.7633038,SC391_cnv_19_R12C9yesS_SC391_37_W_B2,4
680,7.440641,5.0441937,SC391_cnv_19_R13C13yesS_SC391_37_W_B2,4
681,12.559792,5.180482,SC391_cnv_19_R13C16yesS_SC391_37_W_B2,6
682,11.876767,5.9674373,SC391_cnv_19_R13C26yesS_SC391_37_W_B1,6
683,8.323859,4.5150685,SC391_cnv_19_R13C2yesS_SC391_37_W_B1,1
684,9.7789545,5.0512557,SC391_cnv_19_R13C35yesS_SC391_37_W_B2,4
685,7.9478116,5.065909,SC391_cnv_19_R13C42yesS_SC391_37_W_B1,1
686,12.397562,5.116674,SC391_cnv_19_R13C43yesS_SC391_37_W_B1,6
687,12.571648,4.874754,SC391_cnv_19_R13C46yesS_SC391_37_W_B2,6
688,7.768087,5.2076564,SC391_cnv_19_R13C48yesS_SC391_37_W_B2,4
689,7.8535066,5.075066,SC391_cnv_19_R13C51yesS_SC391_37_W_B2,1
690,12.335629,4.8296003,SC391_cnv_19_R13C53yesS_SC391_37_W_B2,6
691,11.638351,4.983248,SC391_cnv_19_R13C59yesS_SC391_37_W_B1,6
692,12.261153,5.5529785,SC391_cnv_19_R13C5yesS_SC391_37_W_B1,6
693,4.098533,5.8996024,SC391_cnv_19_R13C61yesS_SC391_37_W_B1,0
694,9.273935,4.297977,SC391_cnv_19_R13C66yesS_SC391_37_W_B2,4
695,7.6000514,5.036635,SC391_cnv_19_R13C7yesS_SC391_37_W_B1,4
696,12.760589,4.849686,SC391_cnv_19_R14C0yesS_SC391_37_W_B1,8
697,10.803406,5.3912616,SC391_cnv_19_R14C15yesS_SC391_37_W_B2,6
698,8.48798,4.2003508,SC391_cnv_19_R14C23yesS_SC391_37_W_B1,4
699,12.591034,5.1459827,SC391_cnv_19_R14C31yesS_SC391_37_W_B2,1
700,7.947929,4.8573337,SC391_cnv_19_R14C33yesS_SC391_37_W_B2,1
701,12.782239,5.213941,SC391_cnv_19_R14C34yesS_SC391_37_W_B2,6
702,12.464105,4.9207034,SC391_cnv_19_R14C38yesS_SC391_37_W_B1,6
703,12.966843,5.359251,SC391_cnv_19_R14C42yesS_SC391_37_W_B1,6
704,7.6582704,4.825145,SC391_cnv_19_R14C56yesS_SC391_37_W_B1,1
705,12.634637,5.421922,SC391_cnv_19_R14C57yesS_SC391_37_W_B1,6
706,8.350328,4.267994,SC391_cnv_19_R14C5yesS_SC391_37_W_B1,4
707,12.292932,5.6656876,SC391_cnv_19_R14C63yesS_SC391_37_W_B2,6
708,12.671442,5.3238554,SC391_cnv_19_R15C0yesS_SC391_37_W_B1,6
709,9.194223,2.5599792,SC391_cnv_19_R15C10yesS_SC391_37_W_B2,4
710,8.837008,4.1001616,SC391_cnv_19_R15C11yesS_SC391_37_W_B2,1
711,12.699219,4.850148,SC391_cnv_19_R15C17yesS_SC391_37_W_B2,6
712,7.965242,4.750976,SC391_cnv_19_R15C18yesS_SC391_37_W_B1,1
713,7.3339667,4.7427588,SC391_cnv_19_R15C25yesS_SC391_37_W_B1,1
714,12.725894,5.5482254,SC391_cnv_19_R15C26yesS_SC391_37_W_B1,6
715,8.158465,5.1056848,SC391_cnv_19_R15C30yesS_SC391_37_W_B2,4
716,12.650876,5.018313,SC391_cnv_19_R15C32yesS_SC391_37_W_B2,6
717,12.225909,4.8600655,SC391_cnv_19_R15C35yesS_SC391_37_W_B2,6
718,12.575092,5.1270757,SC391_cnv_19_R15C37yesS_SC391_37_W_B1,6
719,12.494805,6.020306,SC391_cnv_19_R15C41yesS_SC391_37_W_B1,6
720,12.528715,4.9429817,SC391_cnv_19_R15C43yesS_SC391_37_W_B1,6
721,7.73316,5.0118628,SC391_cnv_19_R15C47yesS_SC391_37_W_B2,1
722,9.431755,7.894174,SC391_cnv_19_R15C54yesS_SC391_37_W_B1,6
723,7.4696326,4.69532,SC391_cnv_19_R15C57yesS_SC391_37_W_B1,4
724,7.775165,4.963174,SC391_cnv_19_R15C58yesS_SC391_37_W_B1,4
725,8.551534,3.7060406,SC391_cnv_19_R15C62yesS_SC391_37_W_B1,1
726,12.700666,5.0527115,SC391_cnv_19_R15C6yesS_SC391_37_W_B1,6
727,13.1693,5.3582616,SC391_cnv_19_R15C8yesS_SC391_37_W_B1,6
728,9.07437,2.7464573,SC391_cnv_19_R16C14yesS_SC391_37_W_B2,7
729,11.318135,5.8351746,SC391_cnv_19_R16C1yesS_SC391_37_W_B1,6
730,7.8128176,5.2461486,SC391_cnv_19_R16C20yesS_SC391_37_W_B1,6
731,12.048028,7.3435707,SC391_cnv_19_R16C23yesS_SC391_37_W_B1,1
732,7.835189,4.6037574,SC391_cnv_19_R16C24yesS_SC391_37_W_B1,1
733,12.322151,4.9423766,SC391_cnv_19_R16C30yesS_SC391_37_W_B2,6
734,7.978985,4.6314273,SC391_cnv_19_R16C36yesS_SC391_37_W_B1,4
735,9.4476,3.7516847,SC391_cnv_19_R16C42yesS_SC391_37_W_B1,4
736,7.5308714,4.939365,SC391_cnv_19_R16C44yesS_SC391_37_W_B1,7
737,12.884089,5.0079656,SC391_cnv_19_R16C46yesS_SC391_37_W_B2,6
738,8.545554,4.8908606,SC391_cnv_19_R16C47yesS_SC391_37_W_B2,4
739,9.798974,7.4476843,SC391_cnv_19_R16C50yesS_SC391_37_W_B2,1
740,7.392649,4.8448396,SC391_cnv_19_R16C69yesS_SC391_37_W_B2,4
741,12.7528105,5.383333,SC391_cnv_19_R16C9yesS_SC391_37_W_B2,6
742,12.60029,5.593083,SC391_cnv_19_R17C0yesS_SC391_37_W_B1,6
743,7.9573846,5.268155,SC391_cnv_19_R17C10yesS_SC391_37_W_B2,4
744,9.707416,4.3549066,SC391_cnv_19_R17C14yesS_SC391_37_W_B2,1
745,12.637965,5.352786,SC391_cnv_19_R17C21yesS_SC391_37_W_B1,6
746,9.943528,4.0778847,SC391_cnv_19_R17C22yesS_SC391_37_W_B1,6
747,3.813537,6.406099,SC391_cnv_19_R17C30yesS_SC391_37_W_B2,0
748,13.185286,5.3946815,SC391_cnv_19_R17C31yesS_SC391_37_W_B2,1
749,13.193529,5.021717,SC391_cnv_19_R17C32yesS_SC391_37_W_B2,6
750,12.884969,5.2053595,SC391_cnv_19_R17C33yesS_SC391_37_W_B2,1
751,8.0029,4.9722376,SC391_cnv_19_R17C37yesS_SC391_37_W_B1,1
752,7.687375,5.0221252,SC391_cnv_19_R17C39yesS_SC391_37_W_B1,1
753,7.8491344,4.897931,SC391_cnv_19_R17C40yesS_SC391_37_W_B1,4
754,12.309336,5.7816424,SC391_cnv_19_R17C45yesS_SC391_37_W_B2,6
755,11.581496,5.7254367,SC391_cnv_19_R17C52yesS_SC391_37_W_B2,6
756,8.775037,3.7238474,SC391_cnv_19_R17C57yesS_SC391_37_W_B1,4
757,7.6209874,5.125648,SC391_cnv_19_R17C60yesS_SC391_37_W_B1,4
758,7.849243,4.5908628,SC391_cnv_19_R17C66yesS_SC391_37_W_B2,4
759,12.700988,11.388085,SC391_cnv_19_R18C0yesS_SC391_38_W_C1,1
760,4.277755,5.53868,SC391_cnv_19_R18C17yesS_SC391_38_W_C2,0
761,12.750182,10.706535,SC391_cnv_19_R18C18yesS_SC391_38_W_C1,6
762,11.902368,8.086572,SC391_cnv_19_R18C25yesS_SC391_38_W_C1,5
763,12.335705,8.034977,SC391_cnv_19_R18C27yesS_SC391_38_W_C2,5
764,13.024751,11.35698,SC391_cnv_19_R18C28yesS_SC391_38_W_C2,5
765,8.306144,8.998127,SC391_cnv_19_R18C30yesS_SC391_38_W_C2,1
766,12.539794,10.714682,SC391_cnv_19_R18C37yesS_SC391_38_W_C1,5
767,12.4528885,11.239844,SC391_cnv_19_R18C38yesS_SC391_38_W_C1,5
768,10.971065,6.5107613,SC391_cnv_19_R18C41yesS_SC391_38_W_C1,5
769,12.049616,8.845902,SC391_cnv_19_R18C45yesS_SC391_38_W_C2,5
770,13.209998,9.34401,SC391_cnv_19_R18C46yesS_SC391_38_W_C2,5
771,12.693909,9.052245,SC391_cnv_19_R18C48yesS_SC391_38_W_C2,5
772,4.166246,5.6667576,SC391_cnv_19_R18C50yesS_SC391_38_W_C2,0
773,12.643394,8.9178705,SC391_cnv_19_R18C52yesS_SC391_38_W_C2,5
774,12.63979,11.387326,SC391_cnv_19_R18C53yesS_SC391_38_W_C2,5
775,12.488842,8.92193,SC391_cnv_19_R18C54yesS_SC391_38_W_C1,6
776,10.266651,7.725424,SC391_cnv_19_R18C58yesS_SC391_38_W_C1,5
777,13.233651,9.360001,SC391_cnv_19_R18C60yesS_SC391_38_W_C1,1
778,9.073329,8.732906,SC391_cnv_19_R18C62yesS_SC391_38_W_C1,5
779,13.166429,9.102667,SC391_cnv_19_R18C65yesS_SC391_38_W_C2,1
780,11.690708,8.626737,SC391_cnv_19_R18C66yesS_SC391_38_W_C2,5
781,13.067335,9.3616905,SC391_cnv_19_R18C67yesS_SC391_38_W_C2,5
782,12.938407,11.246003,SC391_cnv_19_R18C6yesS_SC391_38_W_C1,5
783,12.896633,10.9672,SC391_cnv_19_R18C70yesS_SC391_38_W_C2,5
784,11.854663,9.916038,SC391_cnv_19_R18C7yesS_SC391_38_W_C1,5
785,9.577709,7.7138634,SC391_cnv_19_R19C13yesS_SC391_38_W_C2,7
786,12.037523,9.663185,SC391_cnv_19_R19C15yesS_SC391_38_W_C2,1
787,10.361126,8.911628,SC391_cnv_19_R19C17yesS_SC391_38_W_C2,2
788,13.310723,9.624559,SC391_cnv_19_R19C19yesS_SC391_38_W_C1,7
789,12.9931345,11.570468,SC391_cnv_19_R19C1yesS_SC391_38_W_C1,5
790,12.62531,11.163128,SC391_cnv_19_R19C21yesS_SC391_38_W_C1,5
791,12.431131,10.523779,SC391_cnv_19_R19C26yesS_SC391_38_W_C1,5
792,12.541643,8.16542,SC391_cnv_19_R19C2yesS_SC391_38_W_C1,5
793,11.860745,8.795949,SC391_cnv_19_R19C44yesS_SC391_38_W_C1,1
794,12.715804,10.812997,SC391_cnv_19_R19C48yesS_SC391_38_W_C2,5
795,12.172512,9.048346,SC391_cnv_19_R19C56yesS_SC391_38_W_C1,5
796,12.995339,9.9969225,SC391_cnv_19_R19C59yesS_SC391_38_W_C1,5
797,13.186143,11.307646,SC391_cnv_19_R19C62yesS_SC391_38_W_C1,5
798,12.406225,11.06203,SC391_cnv_19_R19C63yesS_SC391_38_W_C2,5
799,4.3475895,5.9432864,SC391_cnv_19_R19C65yesS_SC391_38_W_C2,5
800,12.559737,10.428118,SC391_cnv_19_R19C69yesS_SC391_38_W_C2,5
801,12.988515,11.411002,SC391_cnv_19_R19C70yesS_SC391_38_W_C2,5
802,11.956682,9.718889,SC391_cnv_19_R19C71yesS_SC391_38_W_C2,5
803,12.166458,4.6718774,SC391_cnv_19_R1C10yesS_SC391_37_W_A2,6
804,12.274478,5.100236,SC391_cnv_19_R1C12yesS_SC391_37_W_A2,6
805,3.6178536,6.3685617,SC391_cnv_19_R1C27yesS_SC391_37_W_A2,0
806,8.771331,3.7206788,SC391_cnv_19_R1C30yesS_SC391_37_W_A2,1
807,9.559297,6.432078,SC391_cnv_19_R1C31yesS_SC391_37_W_A2,1
808,12.076668,5.6544404,SC391_cnv_19_R1C32yesS_SC391_37_W_A2,1
809,12.284089,4.944915,SC391_cnv_19_R1C34yesS_SC391_37_W_A2,6
810,11.407857,4.3251643,SC391_cnv_19_R1C37yesS_SC391_37_W_A1,6
811,12.16189,5.049644,SC391_cnv_19_R1C39yesS_SC391_37_W_A1,6
812,7.75618,5.5388823,SC391_cnv_19_R1C47yesS_SC391_37_W_A2,1
813,12.79382,4.8605437,SC391_cnv_19_R1C48yesS_SC391_37_W_A2,6
814,12.247846,6.099764,SC391_cnv_19_R1C53yesS_SC391_37_W_A2,6
815,7.507895,5.476317,SC391_cnv_19_R1C59yesS_SC391_37_W_A1,4
816,12.770526,5.16569,SC391_cnv_19_R1C5yesS_SC391_37_W_A1,6
817,7.504549,5.3681326,SC391_cnv_19_R1C65yesS_SC391_37_W_A2,1
818,12.210738,5.5765767,SC391_cnv_19_R1C67yesS_SC391_37_W_A2,6
819,13.011523,4.8218536,SC391_cnv_19_R1C7yesS_SC391_37_W_A1,6
820,11.924935,9.646434,SC391_cnv_19_R20C13yesS_SC391_38_W_C2,5
821,12.805117,10.324567,SC391_cnv_19_R20C17yesS_SC391_38_W_C2,5
822,9.621958,1.8261033,SC391_cnv_19_R20C18yesS_SC391_38_W_C1,7
823,13.128943,10.075829,SC391_cnv_19_R20C26yesS_SC391_38_W_C1,1
824,10.858328,9.700249,SC391_cnv_19_R20C31yesS_SC391_38_W_C2,1
825,13.011081,11.707633,SC391_cnv_19_R20C32yesS_SC391_38_W_C2,5
826,12.256968,9.447157,SC391_cnv_19_R20C34yesS_SC391_38_W_C2,5
827,12.320835,9.398699,SC391_cnv_19_R20C35yesS_SC391_38_W_C2,5
828,13.173264,9.21739,SC391_cnv_19_R20C47yesS_SC391_38_W_C2,5
829,13.245061,9.269737,SC391_cnv_19_R20C48yesS_SC391_38_W_C2,5
830,12.6902485,11.507989,SC391_cnv_19_R20C50yesS_SC391_38_W_C2,5
831,11.718948,9.470386,SC391_cnv_19_R20C53yesS_SC391_38_W_C2,5
832,11.681821,9.049691,SC391_cnv_19_R20C54yesS_SC391_38_W_C1,6
833,12.769856,10.800017,SC391_cnv_19_R20C57yesS_SC391_38_W_C1,5
834,3.725238,5.8320556,SC391_cnv_19_R20C63yesS_SC391_38_W_C2,0
835,12.252699,10.641054,SC391_cnv_19_R20C67yesS_SC391_38_W_C2,5
836,12.403799,9.520171,SC391_cnv_19_R20C68yesS_SC391_38_W_C2,1
837,13.2739,9.459588,SC391_cnv_19_R20C7yesS_SC391_38_W_C1,5
838,13.419765,11.256707,SC391_cnv_19_R20C9yesS_SC391_38_W_C2,1
839,12.843134,11.248559,SC391_cnv_19_R21C11yesS_SC391_38_W_C2,6
840,12.5721855,11.479473,SC391_cnv_19_R21C13yesS_SC391_38_W_C2,5
841,11.399228,7.373916,SC391_cnv_19_R21C1yesS_SC391_38_W_C1,1
842,10.154127,8.772059,SC391_cnv_19_R21C21yesS_SC391_38_W_C1,5
843,13.3771925,9.264905,SC391_cnv_19_R21C25yesS_SC391_38_W_C1,1
844,10.61633,5.901921,SC391_cnv_19_R21C2yesS_SC391_38_W_C1,5
845,11.949998,10.173126,SC391_cnv_19_R21C30yesS_SC391_38_W_C2,5
846,3.9451282,6.2906075,SC391_cnv_19_R21C42yesS_SC391_38_W_C1,0
847,13.073315,11.620201,SC391_cnv_19_R21C43yesS_SC391_38_W_C1,5
848,12.739365,10.067789,SC391_cnv_19_R21C46yesS_SC391_38_W_C2,5
849,4.3140645,5.656121,SC391_cnv_19_R21C51yesS_SC391_38_W_C2,0
850,3.9671338,5.8372464,SC391_cnv_19_R21C62yesS_SC391_38_W_C1,0
851,11.139559,9.285627,SC391_cnv_19_R21C64yesS_SC391_38_W_C2,5
852,11.600903,8.621896,SC391_cnv_19_R21C65yesS_SC391_38_W_C2,8
853,13.326655,9.457699,SC391_cnv_19_R21C66yesS_SC391_38_W_C2,4
854,13.061706,10.767018,SC391_cnv_19_R21C6yesS_SC391_38_W_C1,5
855,13.112944,9.796837,SC391_cnv_19_R22C11yesS_SC391_38_W_C2,7
856,12.754316,11.657518,SC391_cnv_19_R22C13yesS_SC391_38_W_C2,5
857,13.071136,9.139695,SC391_cnv_19_R22C19yesS_SC391_38_W_C1,5
858,11.11027,7.449835,SC391_cnv_19_R22C23yesS_SC391_38_W_C1,1
859,10.221845,3.3484614,SC391_cnv_19_R22C25yesS_SC391_38_W_C1,5
860,8.6387005,5.749721,SC391_cnv_19_R22C29yesS_SC391_38_W_C2,5
861,12.019127,8.358824,SC391_cnv_19_R22C30yesS_SC391_38_W_C2,6
862,12.3960085,10.375989,SC391_cnv_19_R22C32yesS_SC391_38_W_C2,5
863,13.046456,11.192043,SC391_cnv_19_R22C34yesS_SC391_38_W_C2,2
864,11.30451,7.1981425,SC391_cnv_19_R22C35yesS_SC391_38_W_C2,5
865,12.74931,8.929437,SC391_cnv_19_R22C38yesS_SC391_38_W_C1,1
866,12.786013,9.624556,SC391_cnv_19_R22C43yesS_SC391_38_W_C1,2
867,12.305172,10.926452,SC391_cnv_19_R22C53yesS_SC391_38_W_C2,5
868,11.264224,7.2055435,SC391_cnv_19_R22C58yesS_SC391_38_W_C1,1
869,13.159875,11.419304,SC391_cnv_19_R22C59yesS_SC391_38_W_C1,5
870,13.0552225,9.3541565,SC391_cnv_19_R22C63yesS_SC391_38_W_C2,5
871,12.347485,8.986075,SC391_cnv_19_R22C65yesS_SC391_38_W_C2,5
872,12.795859,11.2814665,SC391_cnv_19_R22C66yesS_SC391_38_W_C2,5
873,12.728938,11.135469,SC391_cnv_19_R22C67yesS_SC391_38_W_C2,5
874,12.655169,9.713226,SC391_cnv_19_R22C7yesS_SC391_38_W_C1,1
875,12.7508335,9.28563,SC391_cnv_19_R23C10yesS_SC391_38_W_C2,1
876,12.766795,5.0197983,SC391_cnv_19_R23C13yesS_SC391_38_W_C2,5
877,12.496034,8.880656,SC391_cnv_19_R23C15yesS_SC391_38_W_C2,5
878,12.627108,11.592267,SC391_cnv_19_R23C22yesS_SC391_38_W_C1,5
879,9.807763,9.017769,SC391_cnv_19_R23C31yesS_SC391_38_W_C2,5
880,12.788813,11.710115,SC391_cnv_19_R23C35yesS_SC391_38_W_C2,5
881,11.867154,8.155523,SC391_cnv_19_R23C36yesS_SC391_38_W_C1,5
882,12.584644,8.027631,SC391_cnv_19_R23C37yesS_SC391_38_W_C1,5
883,12.580883,10.68368,SC391_cnv_19_R23C38yesS_SC391_38_W_C1,5
884,12.790806,10.558565,SC391_cnv_19_R23C43yesS_SC391_38_W_C1,5
885,3.8625703,5.627229,SC391_cnv_19_R23C46yesS_SC391_38_W_C2,0
886,3.7627866,6.655085,SC391_cnv_19_R23C4yesS_SC391_38_W_C1,0
887,12.822085,11.541641,SC391_cnv_19_R23C52yesS_SC391_38_W_C2,5
888,11.580753,8.466263,SC391_cnv_19_R23C56yesS_SC391_38_W_C1,5
889,8.526338,8.138217,SC391_cnv_19_R23C58yesS_SC391_38_W_C1,5
890,4.1278186,6.112794,SC391_cnv_19_R23C59yesS_SC391_38_W_C1,0
891,9.107792,8.925067,SC391_cnv_19_R23C62yesS_SC391_38_W_C1,5
892,4.1811905,4.9881325,SC391_cnv_19_R23C64yesS_SC391_38_W_C2,0
893,11.940231,8.91709,SC391_cnv_19_R23C65yesS_SC391_38_W_C2,7
894,10.714994,6.2572103,SC391_cnv_19_R23C71yesS_SC391_38_W_C2,5
895,11.772982,9.833329,SC391_cnv_19_R24C13yesS_SC391_38_W_C2,1
896,11.831544,8.647689,SC391_cnv_19_R24C15yesS_SC391_38_W_C2,1
897,13.245601,9.123893,SC391_cnv_19_R24C16yesS_SC391_38_W_C2,5
898,3.5796473,6.432308,SC391_cnv_19_R24C19yesS_SC391_38_W_C1,0
899,13.047293,11.387091,SC391_cnv_19_R24C21yesS_SC391_38_W_C1,5
900,9.666892,5.0485992,SC391_cnv_19_R24C22yesS_SC391_38_W_C1,1
901,12.3117075,9.609018,SC391_cnv_19_R24C28yesS_SC391_38_W_C2,1
902,12.235725,10.320278,SC391_cnv_19_R24C36yesS_SC391_38_W_C1,5
903,11.0513315,7.257516,SC391_cnv_19_R24C37yesS_SC391_38_W_C1,4
904,10.529791,9.513836,SC391_cnv_19_R24C39yesS_SC391_38_W_C1,6
905,13.180523,11.5409775,SC391_cnv_19_R24C42yesS_SC391_38_W_C1,1
906,13.219338,9.444499,SC391_cnv_19_R24C43yesS_SC391_38_W_C1,7
907,8.311773,4.9662485,SC391_cnv_19_R24C44yesS_SC391_38_W_C1,5
908,12.559512,8.398281,SC391_cnv_19_R24C46yesS_SC391_38_W_C2,7
909,3.8764558,6.3794756,SC391_cnv_19_R24C50yesS_SC391_38_W_C2,0
910,12.343663,8.275525,SC391_cnv_19_R24C51yesS_SC391_38_W_C2,7
911,12.033675,9.399059,SC391_cnv_19_R24C52yesS_SC391_38_W_C2,5
912,13.0357065,11.007215,SC391_cnv_19_R24C58yesS_SC391_38_W_C1,5
913,12.926263,11.207355,SC391_cnv_19_R24C68yesS_SC391_38_W_C2,5
914,12.874592,11.444473,SC391_cnv_19_R24C7yesS_SC391_38_W_C1,5
915,3.992676,5.536173,SC391_cnv_19_R24C8yesS_SC391_38_W_C1,0
916,11.94322,9.6377325,SC391_cnv_19_R25C10yesS_SC391_38_W_C2,5
917,12.506665,7.834627,SC391_cnv_19_R25C12yesS_SC391_38_W_C2,5
918,12.4277725,8.269251,SC391_cnv_19_R25C19yesS_SC391_38_W_C1,7
919,12.804227,9.576271,SC391_cnv_19_R25C22yesS_SC391_38_W_C1,5
920,13.069723,10.934068,SC391_cnv_19_R25C24yesS_SC391_38_W_C1,5
921,12.717432,10.978505,SC391_cnv_19_R25C27yesS_SC391_38_W_C2,5
922,11.508029,8.948985,SC391_cnv_19_R25C40yesS_SC391_38_W_C1,5
923,12.699647,11.167326,SC391_cnv_19_R25C41yesS_SC391_38_W_C1,5
924,4.1860094,6.3251514,SC391_cnv_19_R25C4yesS_SC391_38_W_C1,1
925,13.200491,10.569015,SC391_cnv_19_R25C53yesS_SC391_38_W_C2,5
926,12.92699,5.4779105,SC391_cnv_19_R25C56yesS_SC391_38_W_C1,5
927,13.160621,11.576362,SC391_cnv_19_R25C59yesS_SC391_38_W_C1,4
928,12.256275,8.303878,SC391_cnv_19_R25C60yesS_SC391_38_W_C1,4
929,11.770932,8.754236,SC391_cnv_19_R25C64yesS_SC391_38_W_C2,5
930,12.290262,9.03639,SC391_cnv_19_R25C66yesS_SC391_38_W_C2,2
931,12.055756,8.5446,SC391_cnv_19_R25C6yesS_SC391_38_W_C1,5
932,12.496468,10.426551,SC391_cnv_19_R25C8yesS_SC391_38_W_C1,7
933,13.315888,11.71826,SC391_cnv_19_R26C0yesS_SC391_38_W_C1,5
934,11.836577,9.310086,SC391_cnv_19_R26C16yesS_SC391_38_W_C2,5
935,12.194736,10.742993,SC391_cnv_19_R26C28yesS_SC391_38_W_C2,6
936,11.27327,7.231247,SC391_cnv_19_R26C29yesS_SC391_38_W_C2,1
937,12.4713,10.950612,SC391_cnv_19_R26C30yesS_SC391_38_W_C2,5
938,13.258095,9.4019165,SC391_cnv_19_R26C38yesS_SC391_38_W_C1,1
939,12.3945,8.189285,SC391_cnv_19_R26C44yesS_SC391_38_W_C1,5
940,12.862268,10.610649,SC391_cnv_19_R26C4yesS_SC391_38_W_C1,1
941,11.965337,8.498005,SC391_cnv_19_R26C52yesS_SC391_38_W_C2,1
942,12.882871,11.5040245,SC391_cnv_19_R26C55yesS_SC391_38_W_C1,5
943,13.189015,11.527765,SC391_cnv_19_R26C58yesS_SC391_38_W_C1,1
944,11.980116,11.030051,SC391_cnv_19_R26C59yesS_SC391_38_W_C1,1
945,13.050553,10.837003,SC391_cnv_19_R26C5yesS_SC391_38_W_C1,1
946,11.599472,8.90514,SC391_cnv_19_R26C64yesS_SC391_38_W_C2,5
947,12.38248,8.378624,SC391_cnv_19_R26C65yesS_SC391_38_W_C2,5
948,12.672479,10.739527,SC391_cnv_19_R26C67yesS_SC391_38_W_C2,5
949,12.837752,9.38736,SC391_cnv_19_R26C71yesS_SC391_38_W_C2,5
950,12.600842,11.202845,SC391_cnv_19_R26C7yesS_SC391_38_W_C1,1
951,10.462818,5.925099,SC391_cnv_19_R27C10yesS_SC391_38_W_D2,4
952,12.299584,10.794965,SC391_cnv_19_R27C13yesS_SC391_38_W_D2,5
953,11.103548,7.425406,SC391_cnv_19_R27C26yesS_SC391_38_W_D1,1
954,12.368731,11.415505,SC391_cnv_19_R27C28yesS_SC391_38_W_D2,5
955,12.282721,9.584814,SC391_cnv_19_R27C29yesS_SC391_38_W_D2,5
956,10.628489,6.0675225,SC391_cnv_19_R27C2yesS_SC391_38_W_D1,4
957,12.800081,11.085126,SC391_cnv_19_R27C32yesS_SC391_38_W_D2,5
958,12.432941,8.933416,SC391_cnv_19_R27C34yesS_SC391_38_W_D2,5
959,12.0547285,8.746411,SC391_cnv_19_R27C37yesS_SC391_38_W_D1,1
960,12.78073,11.274042,SC391_cnv_19_R27C38yesS_SC391_38_W_D1,5
961,10.7210655,6.2620707,SC391_cnv_19_R27C3yesS_SC391_38_W_D1,5
962,12.535877,9.161512,SC391_cnv_19_R27C40yesS_SC391_38_W_D1,5
963,12.10085,8.87195,SC391_cnv_19_R27C42yesS_SC391_38_W_D1,5
964,12.831664,9.53944,SC391_cnv_19_R27C50yesS_SC391_38_W_D2,4
965,10.248755,5.286812,SC391_cnv_19_R27C55yesS_SC391_38_W_D1,5
966,12.432027,8.147023,SC391_cnv_19_R27C57yesS_SC391_38_W_D1,1
967,12.968744,9.460847,SC391_cnv_19_R27C61yesS_SC391_38_W_D1,1
968,13.156564,9.354894,SC391_cnv_19_R27C62yesS_SC391_38_W_D1,1
969,13.17518,11.493252,SC391_cnv_19_R27C63yesS_SC391_38_W_D2,5
970,12.499937,8.110357,SC391_cnv_19_R27C69yesS_SC391_38_W_D2,5
971,12.31169,8.250153,SC391_cnv_19_R27C9yesS_SC391_38_W_D2,1
972,12.460395,10.61737,SC391_cnv_19_R28C12yesS_SC391_38_W_D2,5
973,13.042728,11.068142,SC391_cnv_19_R28C14yesS_SC391_38_W_D2,5
974,12.660901,9.167195,SC391_cnv_19_R28C24yesS_SC391_38_W_D1,1
975,12.557299,9.96082,SC391_cnv_19_R28C30yesS_SC391_38_W_D2,5
976,12.89333,11.589072,SC391_cnv_19_R28C32yesS_SC391_38_W_D2,5
977,3.8378854,5.5548506,SC391_cnv_19_R28C37yesS_SC391_38_W_D1,0
978,12.20044,8.895804,SC391_cnv_19_R28C44yesS_SC391_38_W_D1,5
979,13.247346,9.61581,SC391_cnv_19_R28C45yesS_SC391_38_W_D2,5
980,11.415304,9.749567,SC391_cnv_19_R28C50yesS_SC391_38_W_D2,5
981,11.234253,7.268499,SC391_cnv_19_R28C52yesS_SC391_38_W_D2,1
982,11.261426,7.217285,SC391_cnv_19_R28C57yesS_SC391_38_W_D1,7
983,13.38378,9.224165,SC391_cnv_19_R28C58yesS_SC391_38_W_D1,4
984,8.079561,5.699384,SC391_cnv_19_R28C60yesS_SC391_38_W_D1,5
985,11.89918,9.918596,SC391_cnv_19_R28C61yesS_SC391_38_W_D1,7
986,12.539171,10.750708,SC391_cnv_19_R28C62yesS_SC391_38_W_D1,5
987,12.173643,8.210147,SC391_cnv_19_R28C63yesS_SC391_38_W_D2,1
988,12.175771,9.657176,SC391_cnv_19_R28C64yesS_SC391_38_W_D2,5
989,13.009869,11.08006,SC391_cnv_19_R28C68yesS_SC391_38_W_D2,5
990,12.556583,8.756791,SC391_cnv_19_R28C9yesS_SC391_38_W_D2,5
991,12.831705,11.4289875,SC391_cnv_19_R29C12yesS_SC391_38_W_D2,5
992,11.821336,8.661872,SC391_cnv_19_R29C14yesS_SC391_38_W_D2,5
993,11.91394,8.658348,SC391_cnv_19_R29C1yesS_SC391_38_W_D1,5
994,11.91713,11.060842,SC391_cnv_19_R29C23yesS_SC391_38_W_D1,5
995,12.688513,10.789729,SC391_cnv_19_R29C24yesS_SC391_38_W_D1,5
996,12.106103,8.863449,SC391_cnv_19_R29C26yesS_SC391_38_W_D1,5
997,13.017438,10.734048,SC391_cnv_19_R29C27yesS_SC391_38_W_D2,5
998,13.017539,10.861778,SC391_cnv_19_R29C31yesS_SC391_38_W_D2,5
999,4.0725546,6.057711,SC391_cnv_19_R29C32yesS_SC391_38_W_D2,5
1000,13.183818,11.0920725,SC391_cnv_19_R29C37yesS_SC391_38_W_D1,5
1001,12.6418295,11.347861,SC391_cnv_19_R29C38yesS_SC391_38_W_D1,5
1002,13.026254,10.948005,SC391_cnv_19_R29C3yesS_SC391_38_W_D1,4
1003,3.996365,5.782268,SC391_cnv_19_R29C4yesS_SC391_38_W_D1,0
1004,3.693003,5.987234,SC391_cnv_19_R29C51yesS_SC391_38_W_D2,0
1005,11.865484,9.172035,SC391_cnv_19_R29C53yesS_SC391_38_W_D2,5
1006,12.778811,11.345139,SC391_cnv_19_R29C62yesS_SC391_38_W_D1,5
1007,12.875312,9.180688,SC391_cnv_19_R29C64yesS_SC391_38_W_D2,5
1008,12.364099,8.000253,SC391_cnv_19_R29C66yesS_SC391_38_W_D2,5
1009,12.888198,11.614542,SC391_cnv_19_R29C6yesS_SC391_38_W_D1,5
1010,12.936451,9.188364,SC391_cnv_19_R29C70yesS_SC391_38_W_D2,5
1011,12.205621,5.2270555,SC391_cnv_19_R2C0yesS_SC391_37_W_A1,4
1012,12.426911,5.7003956,SC391_cnv_19_R2C13yesS_SC391_37_W_A2,6
1013,7.80534,5.1585913,SC391_cnv_19_R2C14yesS_SC391_37_W_A2,4
1014,8.571967,3.737279,SC391_cnv_19_R2C20yesS_SC391_37_W_A1,4
1015,9.520755,4.133171,SC391_cnv_19_R2C21yesS_SC391_37_W_A1,4
1016,3.8732893,5.508653,SC391_cnv_19_R2C22yesS_SC391_37_W_A1,0
1017,3.9723103,5.504157,SC391_cnv_19_R2C24yesS_SC391_37_W_A1,0
1018,9.080154,2.9208195,SC391_cnv_19_R2C28yesS_SC391_37_W_A2,6
1019,8.806844,3.9026191,SC391_cnv_19_R2C32yesS_SC391_37_W_A2,1
1020,8.330274,6.3188286,SC391_cnv_19_R2C34yesS_SC391_37_W_A2,6
1021,12.954422,5.1296406,SC391_cnv_19_R2C39yesS_SC391_37_W_A1,6
1022,11.938141,5.532248,SC391_cnv_19_R2C3yesS_SC391_37_W_A1,7
1023,3.6548407,5.870933,SC391_cnv_19_R2C40yesS_SC391_37_W_A1,0
1024,12.42181,4.911294,SC391_cnv_19_R2C41yesS_SC391_37_W_A1,6
1025,7.467804,4.7790914,SC391_cnv_19_R2C44yesS_SC391_37_W_A1,1
1026,12.723073,5.5153418,SC391_cnv_19_R2C45yesS_SC391_37_W_A2,6
1027,8.4119215,4.4613295,SC391_cnv_19_R2C46yesS_SC391_37_W_A2,1
1028,8.06811,5.3651195,SC391_cnv_19_R2C47yesS_SC391_37_W_A2,4
1029,12.958382,5.2262306,SC391_cnv_19_R2C52yesS_SC391_37_W_A2,6
1030,12.459797,5.213492,SC391_cnv_19_R2C58yesS_SC391_37_W_A1,6
1031,12.467997,5.70467,SC391_cnv_19_R2C59yesS_SC391_37_W_A1,6
1032,11.413605,5.402744,SC391_cnv_19_R2C60yesS_SC391_37_W_A1,6
1033,8.954035,2.8737748,SC391_cnv_19_R2C61yesS_SC391_37_W_A1,4
1034,11.839307,5.385889,SC391_cnv_19_R2C6yesS_SC391_37_W_A1,6
1035,8.019876,5.236677,SC391_cnv_19_R2C70yesS_SC391_37_W_A2,4
1036,11.942717,5.7118917,SC391_cnv_19_R2C71yesS_SC391_37_W_A2,6
1037,12.518085,5.7333074,SC391_cnv_19_R2C9yesS_SC391_37_W_A2,6
1038,11.884752,9.29864,SC391_cnv_19_R30C10yesS_SC391_38_W_D2,5
1039,13.073989,9.542434,SC391_cnv_19_R30C14yesS_SC391_38_W_D2,5
1040,12.148518,9.434804,SC391_cnv_19_R30C19yesS_SC391_38_W_D1,5
1041,12.438987,9.081999,SC391_cnv_19_R30C24yesS_SC391_38_W_D1,5
1042,12.456012,11.077364,SC391_cnv_19_R30C30yesS_SC391_38_W_D2,5
1043,12.386328,9.85253,SC391_cnv_19_R30C31yesS_SC391_38_W_D2,5
1044,11.34868,7.2700257,SC391_cnv_19_R30C36yesS_SC391_38_W_D1,1
1045,12.647043,10.809303,SC391_cnv_19_R30C39yesS_SC391_38_W_D1,5
1046,12.556248,11.09322,SC391_cnv_19_R30C40yesS_SC391_38_W_D1,5
1047,12.485376,9.267571,SC391_cnv_19_R30C43yesS_SC391_38_W_D1,5
1048,11.666334,9.246501,SC391_cnv_19_R30C50yesS_SC391_38_W_D2,5
1049,12.481617,11.375497,SC391_cnv_19_R30C55yesS_SC391_38_W_D1,5
1050,12.210252,8.260884,SC391_cnv_19_R30C57yesS_SC391_38_W_D1,5
1051,11.272113,4.7131214,SC391_cnv_19_R30C64yesS_SC391_38_W_D2,5
1052,12.87465,10.218169,SC391_cnv_19_R30C65yesS_SC391_38_W_D2,5
1053,12.888202,9.473928,SC391_cnv_19_R30C6yesS_SC391_38_W_D1,5
1054,11.86334,9.294652,SC391_cnv_19_R31C13yesS_SC391_38_W_D2,5
1055,13.172128,9.377956,SC391_cnv_19_R31C26yesS_SC391_38_W_D1,5
1056,13.198572,9.354996,SC391_cnv_19_R31C35yesS_SC391_38_W_D2,5
1057,12.013868,10.140103,SC391_cnv_19_R31C37yesS_SC391_38_W_D1,5
1058,4.0499816,5.421282,SC391_cnv_19_R31C43yesS_SC391_38_W_D1,0
1059,12.043262,9.667321,SC391_cnv_19_R31C48yesS_SC391_38_W_D2,1
1060,13.198043,9.424637,SC391_cnv_19_R31C4yesS_SC391_38_W_D1,5
1061,11.374289,8.193668,SC391_cnv_19_R31C53yesS_SC391_38_W_D2,5
1062,12.677816,11.578019,SC391_cnv_19_R31C54yesS_SC391_38_W_D1,5
1063,3.5783095,6.2651873,SC391_cnv_19_R31C68yesS_SC391_38_W_D2,0
1064,11.320534,9.545134,SC391_cnv_19_R31C6yesS_SC391_38_W_D1,5
1065,12.681849,11.13498,SC391_cnv_19_R31C8yesS_SC391_38_W_D1,5
1066,13.130768,11.339023,SC391_cnv_19_R33C12yesS_SC391_38_W_D2,5
1067,12.977174,9.045442,SC391_cnv_19_R33C13yesS_SC391_38_W_D2,4
1068,11.173709,7.3643446,SC391_cnv_19_R33C14yesS_SC391_38_W_D2,1
1069,11.774892,8.989239,SC391_cnv_19_R33C16yesS_SC391_38_W_D2,5
1070,11.888134,10.942662,SC391_cnv_19_R33C20yesS_SC391_38_W_D1,5
1071,12.725244,9.381467,SC391_cnv_19_R33C21yesS_SC391_38_W_D1,5
1072,12.918279,11.014636,SC391_cnv_19_R33C24yesS_SC391_38_W_D1,5
1073,11.997466,9.254264,SC391_cnv_19_R33C25yesS_SC391_38_W_D1,7
1074,11.222363,7.383513,SC391_cnv_19_R33C26yesS_SC391_38_W_D1,1
1075,12.669026,11.104104,SC391_cnv_19_R33C29yesS_SC391_38_W_D2,5
1076,12.928266,9.253732,SC391_cnv_19_R33C35yesS_SC391_38_W_D2,5
1077,12.971312,10.753283,SC391_cnv_19_R33C36yesS_SC391_38_W_D1,5
1078,11.911676,8.55158,SC391_cnv_19_R33C39yesS_SC391_38_W_D1,1
1079,12.768264,11.312927,SC391_cnv_19_R33C46yesS_SC391_38_W_D2,5
1080,12.939237,11.2583275,SC391_cnv_19_R33C52yesS_SC391_38_W_D2,5
1081,12.539319,11.083619,SC391_cnv_19_R33C58yesS_SC391_38_W_D1,5
1082,12.744256,9.828504,SC391_cnv_19_R33C59yesS_SC391_38_W_D1,5
1083,12.060581,10.09886,SC391_cnv_19_R33C5yesS_SC391_38_W_D1,1
1084,13.220604,11.234367,SC391_cnv_19_R33C62yesS_SC391_38_W_D1,1
1085,11.7505245,6.9247847,SC391_cnv_19_R33C68yesS_SC391_38_W_D2,1
1086,12.275921,10.748669,SC391_cnv_19_R33C71yesS_SC391_38_W_D2,1
1087,12.681189,10.89367,SC391_cnv_19_R33C7yesS_SC391_38_W_D1,7
1088,12.614739,4.7594004,SC391_cnv_19_R34C12yesS_SC391_38_W_D2,5
1089,4.0573397,5.9507294,SC391_cnv_19_R34C16yesS_SC391_38_W_D2,0
1090,11.070536,8.464224,SC391_cnv_19_R34C17yesS_SC391_38_W_D2,5
1091,12.104474,9.311423,SC391_cnv_19_R34C20yesS_SC391_38_W_D1,4
1092,11.836394,7.976213,SC391_cnv_19_R34C21yesS_SC391_38_W_D1,5
1093,13.159291,9.220272,SC391_cnv_19_R34C26yesS_SC391_38_W_D1,2
1094,3.9254866,6.114739,SC391_cnv_19_R34C28yesS_SC391_38_W_D2,0
1095,3.671361,6.262486,SC391_cnv_19_R34C30yesS_SC391_38_W_D2,0
1096,13.308204,11.181532,SC391_cnv_19_R34C40yesS_SC391_38_W_D1,5
1097,11.262276,8.486003,SC391_cnv_19_R34C41yesS_SC391_38_W_D1,5
1098,13.389189,9.3703785,SC391_cnv_19_R34C46yesS_SC391_38_W_D2,5
1099,12.472353,10.652108,SC391_cnv_19_R34C51yesS_SC391_38_W_D2,5
1100,8.412147,10.010453,SC391_cnv_19_R34C58yesS_SC391_38_W_D1,5
1101,11.419674,8.460958,SC391_cnv_19_R34C59yesS_SC391_38_W_D1,5
1102,12.728081,11.065238,SC391_cnv_19_R34C5yesS_SC391_38_W_D1,5
1103,12.363449,9.785034,SC391_cnv_19_R34C63yesS_SC391_38_W_D2,1
1104,12.247993,7.70636,SC391_cnv_19_R34C64yesS_SC391_38_W_D2,7
1105,11.983654,9.275035,SC391_cnv_19_R34C69yesS_SC391_38_W_D2,7
1106,11.969735,9.158225,SC391_cnv_19_R34C6yesS_SC391_38_W_D1,8
1107,13.451789,9.539111,SC391_cnv_19_R34C7yesS_SC391_38_W_D1,5
1108,13.042071,9.089843,SC391_cnv_19_R35C25yesS_SC391_38_W_D1,5
1109,12.085052,8.021317,SC391_cnv_19_R35C26yesS_SC391_38_W_D1,5
1110,11.770468,9.8546295,SC391_cnv_19_R35C27yesS_SC391_38_W_D2,5
1111,12.312788,10.668881,SC391_cnv_19_R35C36yesS_SC391_38_W_D1,5
1112,13.031325,9.278063,SC391_cnv_19_R35C40yesS_SC391_38_W_D1,5
1113,12.649281,11.302206,SC391_cnv_19_R35C43yesS_SC391_38_W_D1,5
1114,4.2656636,5.153307,SC391_cnv_19_R35C46yesS_SC391_38_W_D2,0
1115,12.769511,10.273893,SC391_cnv_19_R35C54yesS_SC391_38_W_D1,5
1116,13.26646,9.230225,SC391_cnv_19_R35C56yesS_SC391_38_W_D1,4
1117,12.006777,8.748957,SC391_cnv_19_R35C57yesS_SC391_38_W_D1,1
1118,11.232817,7.199263,SC391_cnv_19_R35C59yesS_SC391_38_W_D1,1
1119,11.91109,8.594444,SC391_cnv_19_R35C5yesS_SC391_38_W_D1,8
1120,13.258622,9.321921,SC391_cnv_19_R35C63yesS_SC391_38_W_D2,4
1121,13.241506,9.252897,SC391_cnv_19_R35C64yesS_SC391_38_W_D2,5
1122,12.421194,10.809437,SC391_cnv_19_R35C67yesS_SC391_38_W_D2,5
1123,12.394755,11.110104,SC391_cnv_19_R35C69yesS_SC391_38_W_D2,5
1124,11.465722,8.613745,SC391_cnv_19_R35C6yesS_SC391_38_W_D1,4
1125,10.358049,5.6373687,SC391_cnv_19_R36C10yesS_SC391_37_W_A2,1
1126,4.080548,5.4232836,SC391_cnv_19_R36C11yesS_SC391_37_W_A2,0
1127,7.572347,4.8824043,SC391_cnv_19_R36C13yesS_SC391_37_W_A2,1
1128,4.1759906,4.847614,SC391_cnv_19_R36C14yesS_SC391_37_W_A2,0
1129,7.4124465,4.8507133,SC391_cnv_19_R36C16yesS_SC391_37_W_A2,4
1130,9.385039,4.070427,SC391_cnv_19_R36C20yesS_SC391_37_W_A1,1
1131,7.8357253,5.5929685,SC391_cnv_19_R36C27yesS_SC391_37_W_A2,4
1132,12.424163,5.2895856,SC391_cnv_19_R36C29yesS_SC391_37_W_A2,6
1133,8.28087,5.929779,SC391_cnv_19_R36C2yesS_SC391_37_W_A1,4
1134,12.8589735,5.768094,SC391_cnv_19_R36C30yesS_SC391_37_W_A2,6
1135,9.54637,5.8117847,SC391_cnv_19_R36C33yesS_SC391_37_W_A2,6
1136,8.36668,4.044464,SC391_cnv_19_R36C43yesS_SC391_37_W_A1,1
1137,4.33708,5.4852047,SC391_cnv_19_R36C48yesS_SC391_37_W_A2,0
1138,10.809533,5.3734736,SC391_cnv_19_R36C53yesS_SC391_37_W_A2,6
1139,12.688057,5.735382,SC391_cnv_19_R36C62yesS_SC391_37_W_A1,6
1140,11.215007,5.784557,SC391_cnv_19_R36C63yesS_SC391_37_W_A2,6
1141,12.988864,5.603256,SC391_cnv_19_R36C66yesS_SC391_37_W_A2,6
1142,7.547365,5.2897425,SC391_cnv_19_R36C6yesS_SC391_37_W_A1,4
1143,12.665222,5.4828324,SC391_cnv_19_R36C8yesS_SC391_37_W_A1,6
1144,12.5151825,6.7963357,SC391_cnv_19_R36C9yesS_SC391_37_W_A2,6
1145,12.865579,5.811609,SC391_cnv_19_R37C0yesS_SC391_37_W_A1,6
1146,12.05955,5.8249335,SC391_cnv_19_R37C12yesS_SC391_37_W_A2,6
1147,3.5796285,6.0877132,SC391_cnv_19_R37C15yesS_SC391_37_W_A2,0
1148,3.7237055,6.1554375,SC391_cnv_19_R37C16yesS_SC391_37_W_A2,0
1149,9.6400175,3.9695134,SC391_cnv_19_R37C19yesS_SC391_37_W_A1,1
1150,12.300647,5.808063,SC391_cnv_19_R37C1yesS_SC391_37_W_A1,6
1151,12.678874,4.971589,SC391_cnv_19_R37C20yesS_SC391_37_W_A1,6
1152,11.400943,5.6136627,SC391_cnv_19_R37C26yesS_SC391_37_W_A1,6
1153,8.616308,3.7150557,SC391_cnv_19_R37C27yesS_SC391_37_W_A2,4
1154,12.817696,4.553581,SC391_cnv_19_R37C29yesS_SC391_37_W_A2,6
1155,7.7350283,5.2737155,SC391_cnv_19_R37C2yesS_SC391_37_W_A1,7
1156,12.7812395,5.6879544,SC391_cnv_19_R37C30yesS_SC391_37_W_A2,6
1157,11.947343,5.444205,SC391_cnv_19_R37C36yesS_SC391_37_W_A1,6
1158,10.278717,5.4364676,SC391_cnv_19_R37C41yesS_SC391_37_W_A1,1
1159,12.760086,4.923544,SC391_cnv_19_R37C56yesS_SC391_37_W_A1,6
1160,8.436377,4.376625,SC391_cnv_19_R37C60yesS_SC391_37_W_A1,1
1161,12.553256,5.1139946,SC391_cnv_19_R37C62yesS_SC391_37_W_A1,6
1162,9.070261,3.8512936,SC391_cnv_19_R37C63yesS_SC391_37_W_A2,7
1163,12.29035,5.12243,SC391_cnv_19_R37C7yesS_SC391_37_W_A1,6
1164,12.495734,5.77159,SC391_cnv_19_R38C15yesS_SC391_37_W_A2,1
1165,9.147565,4.5448027,SC391_cnv_19_R38C22yesS_SC391_37_W_A1,1
1166,8.251055,5.155817,SC391_cnv_19_R38C26yesS_SC391_37_W_A1,4
1167,12.221279,5.948596,SC391_cnv_19_R38C27yesS_SC391_37_W_A2,6
1168,9.569765,3.8008647,SC391_cnv_19_R38C28yesS_SC391_37_W_A2,6
1169,12.885761,5.0067563,SC391_cnv_19_R38C35yesS_SC391_37_W_A2,6
1170,9.57088,4.183229,SC391_cnv_19_R38C37yesS_SC391_37_W_A1,4
1171,12.77373,4.721611,SC391_cnv_19_R38C3yesS_SC391_37_W_A1,1
1172,12.58839,5.4809933,SC391_cnv_19_R38C47yesS_SC391_37_W_A2,6
1173,12.624617,4.951017,SC391_cnv_19_R38C51yesS_SC391_37_W_A2,6
1174,12.545589,4.953474,SC391_cnv_19_R38C56yesS_SC391_37_W_A1,6
1175,12.722461,6.067982,SC391_cnv_19_R38C60yesS_SC391_37_W_A1,6
1176,4.856855,5.948265,SC391_cnv_19_R38C63yesS_SC391_37_W_A2,1
1177,12.731611,5.702626,SC391_cnv_19_R38C64yesS_SC391_37_W_A2,6
1178,8.357489,5.613715,SC391_cnv_19_R39C0yesS_SC391_37_W_A1,4
1179,9.8323555,4.1714387,SC391_cnv_19_R39C12yesS_SC391_37_W_A2,4
1180,12.621418,5.3259087,SC391_cnv_19_R39C13yesS_SC391_37_W_A2,6
1181,7.4490967,4.8161364,SC391_cnv_19_R39C15yesS_SC391_37_W_A2,4
1182,8.5156765,3.9921992,SC391_cnv_19_R39C17yesS_SC391_37_W_A2,1
1183,12.521432,5.571184,SC391_cnv_19_R39C19yesS_SC391_37_W_A1,6
1184,3.8619215,5.7495375,SC391_cnv_19_R39C26yesS_SC391_37_W_A1,0
1185,7.4323406,5.930566,SC391_cnv_19_R39C31yesS_SC391_37_W_A2,1
1186,8.28355,4.273437,SC391_cnv_19_R39C35yesS_SC391_37_W_A2,4
1187,11.489839,6.711538,SC391_cnv_19_R39C37yesS_SC391_37_W_A1,1
1188,12.949178,5.9403143,SC391_cnv_19_R39C39yesS_SC391_37_W_A1,1
1189,13.013165,5.57941,SC391_cnv_19_R39C40yesS_SC391_37_W_A1,6
1190,12.872883,5.791148,SC391_cnv_19_R39C41yesS_SC391_37_W_A1,6
1191,9.46698,4.0340195,SC391_cnv_19_R39C44yesS_SC391_37_W_A1,6
1192,12.743895,6.0817437,SC391_cnv_19_R39C46yesS_SC391_37_W_A2,6
1193,12.793474,5.7078266,SC391_cnv_19_R39C5yesS_SC391_37_W_A1,6
1194,12.758395,5.4952216,SC391_cnv_19_R39C60yesS_SC391_37_W_A1,6
1195,12.45005,5.6189523,SC391_cnv_19_R39C61yesS_SC391_37_W_A1,6
1196,12.945376,5.1998997,SC391_cnv_19_R39C62yesS_SC391_37_W_A1,6
1197,12.573368,4.7732453,SC391_cnv_19_R39C64yesS_SC391_37_W_A2,8
1198,11.846122,5.8703103,SC391_cnv_19_R39C9yesS_SC391_37_W_A2,6
1199,12.932262,5.3768935,SC391_cnv_19_R3C0yesS_SC391_37_W_A1,6
1200,11.512897,5.8403606,SC391_cnv_19_R3C11yesS_SC391_37_W_A2,6
1201,13.177087,5.100419,SC391_cnv_19_R3C25yesS_SC391_37_W_A1,6
1202,12.20816,4.7606087,SC391_cnv_19_R3C29yesS_SC391_37_W_A2,6
1203,10.1357975,7.485893,SC391_cnv_19_R3C31yesS_SC391_37_W_A2,1
1204,12.452725,4.8840656,SC391_cnv_19_R3C33yesS_SC391_37_W_A2,6
1205,4.2133484,5.953725,SC391_cnv_19_R3C37yesS_SC391_37_W_A1,0
1206,10.697722,5.6122646,SC391_cnv_19_R3C39yesS_SC391_37_W_A1,6
1207,9.125381,5.452902,SC391_cnv_19_R3C42yesS_SC391_37_W_A1,4
1208,12.855055,5.8719754,SC391_cnv_19_R3C43yesS_SC391_37_W_A1,5
1209,12.514778,5.2139025,SC391_cnv_19_R3C48yesS_SC391_37_W_A2,6
1210,9.23256,8.695962,SC391_cnv_19_R3C54yesS_SC391_37_W_A1,6
1211,12.764753,5.7072496,SC391_cnv_19_R3C56yesS_SC391_37_W_A1,6
1212,8.210131,4.397295,SC391_cnv_19_R3C57yesS_SC391_37_W_A1,4
1213,7.4639874,5.09125,SC391_cnv_19_R3C60yesS_SC391_37_W_A1,4
1214,12.749048,5.8466687,SC391_cnv_19_R3C6yesS_SC391_37_W_A1,6
1215,7.5032153,4.8985515,SC391_cnv_19_R3C7yesS_SC391_37_W_A1,4
1216,8.444718,3.8023686,SC391_cnv_19_R3C9yesS_SC391_37_W_A2,4
1217,11.92466,5.657727,SC391_cnv_19_R40C18yesS_SC391_37_W_A1,7
1218,12.216191,5.6842837,SC391_cnv_19_R40C21yesS_SC391_37_W_A1,6
1219,11.541756,5.7200003,SC391_cnv_19_R40C22yesS_SC391_37_W_A1,1
1220,10.822347,4.3235755,SC391_cnv_19_R40C25yesS_SC391_37_W_A1,1
1221,11.650981,5.8951507,SC391_cnv_19_R40C29yesS_SC391_37_W_A2,6
1222,4.1580434,5.523011,SC391_cnv_19_R40C31yesS_SC391_37_W_A2,0
1223,7.6805334,5.066119,SC391_cnv_19_R40C34yesS_SC391_37_W_A2,4
1224,11.266052,6.087589,SC391_cnv_19_R40C37yesS_SC391_37_W_A1,5
1225,12.944181,5.2040987,SC391_cnv_19_R40C38yesS_SC391_37_W_A1,6
1226,7.469539,5.2176557,SC391_cnv_19_R40C3yesS_SC391_37_W_A1,1
1227,9.605832,4.37228,SC391_cnv_19_R40C40yesS_SC391_37_W_A1,4
1228,12.950518,5.1440024,SC391_cnv_19_R40C41yesS_SC391_37_W_A1,6
1229,12.758053,5.0054555,SC391_cnv_19_R40C45yesS_SC391_37_W_A2,6
1230,9.288965,2.7340577,SC391_cnv_19_R40C46yesS_SC391_37_W_A2,4
1231,5.9218645,6.0332723,SC391_cnv_19_R40C47yesS_SC391_37_W_A2,4
1232,7.6402764,5.055888,SC391_cnv_19_R40C48yesS_SC391_37_W_A2,1
1233,9.157137,2.6201825,SC391_cnv_19_R40C51yesS_SC391_37_W_A2,1
1234,12.931936,4.881776,SC391_cnv_19_R40C52yesS_SC391_37_W_A2,5
1235,7.8954673,5.229294,SC391_cnv_19_R40C57yesS_SC391_37_W_A1,4
1236,8.030328,4.975472,SC391_cnv_19_R40C58yesS_SC391_37_W_A1,1
1237,7.6410875,5.179477,SC391_cnv_19_R40C5yesS_SC391_37_W_A1,4
1238,12.660848,5.749602,SC391_cnv_19_R40C6yesS_SC391_37_W_A1,6
1239,11.863519,5.8510356,SC391_cnv_19_R40C71yesS_SC391_37_W_A2,6
1240,7.760703,5.092894,SC391_cnv_19_R41C0yesS_SC391_37_W_A1,4
1241,12.29199,4.591765,SC391_cnv_19_R41C12yesS_SC391_37_W_A2,6
1242,11.879135,5.0296726,SC391_cnv_19_R41C19yesS_SC391_37_W_A1,6
1243,12.378088,5.222085,SC391_cnv_19_R41C23yesS_SC391_37_W_A1,6
1244,9.418454,4.226572,SC391_cnv_19_R41C3yesS_SC391_37_W_A1,4
1245,12.803692,4.7727036,SC391_cnv_19_R41C40yesS_SC391_37_W_A1,6
1246,7.9074254,5.116478,SC391_cnv_19_R41C43yesS_SC391_37_W_A1,1
1247,11.965434,8.735503,SC391_cnv_19_R41C45yesS_SC391_37_W_A2,4
1248,12.540118,5.001448,SC391_cnv_19_R41C48yesS_SC391_37_W_A2,6
1249,12.756624,5.2210417,SC391_cnv_19_R41C58yesS_SC391_37_W_A1,6
1250,12.462428,5.758083,SC391_cnv_19_R41C5yesS_SC391_37_W_A1,6
1251,9.123479,2.7891917,SC391_cnv_19_R41C61yesS_SC391_37_W_A1,6
1252,12.5260315,5.294497,SC391_cnv_19_R41C67yesS_SC391_37_W_A2,6
1253,8.136096,5.3576713,SC391_cnv_19_R41C70yesS_SC391_37_W_A2,1
1254,12.766086,4.8655176,SC391_cnv_19_R41C71yesS_SC391_37_W_A2,8
1255,7.788942,4.516655,SC391_cnv_19_R42C10yesS_SC391_37_W_A2,1
1256,12.84315,5.5993133,SC391_cnv_19_R42C13yesS_SC391_37_W_A2,6
1257,12.8226795,5.499505,SC391_cnv_19_R42C18yesS_SC391_37_W_A1,6
1258,12.756253,5.1369953,SC391_cnv_19_R42C19yesS_SC391_37_W_A1,4
1259,7.5540113,4.9613175,SC391_cnv_19_R42C1yesS_SC391_37_W_A1,4
1260,11.711821,4.78693,SC391_cnv_19_R42C21yesS_SC391_37_W_A1,6
1261,11.86024,4.822252,SC391_cnv_19_R42C22yesS_SC391_37_W_A1,6
1262,13.018594,4.937671,SC391_cnv_19_R42C25yesS_SC391_37_W_A1,6
1263,9.12268,2.8614483,SC391_cnv_19_R42C26yesS_SC391_37_W_A1,1
1264,9.022213,3.6567693,SC391_cnv_19_R42C29yesS_SC391_37_W_A2,1
1265,9.505287,3.7384264,SC391_cnv_19_R42C2yesS_SC391_37_W_A1,4
1266,12.568655,5.074298,SC391_cnv_19_R42C33yesS_SC391_37_W_A2,1
1267,11.793559,6.1062307,SC391_cnv_19_R42C34yesS_SC391_37_W_A2,6
1268,3.834298,5.8193245,SC391_cnv_19_R42C37yesS_SC391_37_W_A1,0
1269,12.481733,4.8167686,SC391_cnv_19_R42C38yesS_SC391_37_W_A1,7
1270,9.008358,3.2753246,SC391_cnv_19_R42C41yesS_SC391_37_W_A1,6
1271,7.347609,4.937831,SC391_cnv_19_R42C44yesS_SC391_37_W_A1,1
1272,9.150755,3.5416608,SC391_cnv_19_R42C46yesS_SC391_37_W_A2,1
1273,13.085886,5.19944,SC391_cnv_19_R42C50yesS_SC391_37_W_A2,6
1274,7.5984564,5.3428936,SC391_cnv_19_R42C51yesS_SC391_37_W_A2,4
1275,8.71758,3.9813337,SC391_cnv_19_R42C61yesS_SC391_37_W_A1,1
1276,7.4405107,5.0835156,SC391_cnv_19_R42C62yesS_SC391_37_W_A1,4
1277,12.699156,5.878731,SC391_cnv_19_R42C66yesS_SC391_37_W_A2,6
1278,12.801635,5.610416,SC391_cnv_19_R42C68yesS_SC391_37_W_A2,1
1279,12.56008,5.3115463,SC391_cnv_19_R42C69yesS_SC391_37_W_A2,6
1280,7.417047,4.9884486,SC391_cnv_19_R42C6yesS_SC391_37_W_A1,4
1281,8.069716,5.640823,SC391_cnv_19_R43C16yesS_SC391_37_W_A2,1
1282,11.969592,5.8281274,SC391_cnv_19_R43C24yesS_SC391_37_W_A1,6
1283,8.04762,4.634386,SC391_cnv_19_R43C25yesS_SC391_37_W_A1,7
1284,12.147141,5.62436,SC391_cnv_19_R43C28yesS_SC391_37_W_A2,6
1285,12.406374,5.243714,SC391_cnv_19_R43C53yesS_SC391_37_W_A2,6
1286,12.705318,5.010975,SC391_cnv_19_R43C59yesS_SC391_37_W_A1,6
1287,9.446698,7.607561,SC391_cnv_19_R43C61yesS_SC391_37_W_A1,1
1288,12.673911,5.0014677,SC391_cnv_19_R43C8yesS_SC391_37_W_A1,6
1289,12.484298,5.537564,SC391_cnv_19_R44C10yesS_SC391_37_W_A2,6
1290,8.274841,5.098571,SC391_cnv_19_R44C19yesS_SC391_37_W_A1,4
1291,4.249174,4.932714,SC391_cnv_19_R44C23yesS_SC391_37_W_A1,0
1292,12.838011,4.9730315,SC391_cnv_19_R44C27yesS_SC391_37_W_A2,6
1293,12.613351,5.2796297,SC391_cnv_19_R44C28yesS_SC391_37_W_A2,6
1294,12.37539,5.542774,SC391_cnv_19_R44C29yesS_SC391_37_W_A2,6
1295,7.6475286,4.9684033,SC391_cnv_19_R44C2yesS_SC391_37_W_A1,1
1296,12.619307,4.8467364,SC391_cnv_19_R44C44yesS_SC391_37_W_A1,6
1297,8.266593,4.9797053,SC391_cnv_19_R44C4yesS_SC391_37_W_A1,1
1298,13.01607,5.39244,SC391_cnv_19_R44C53yesS_SC391_37_W_A2,6
1299,10.802,4.418928,SC391_cnv_19_R44C56yesS_SC391_37_W_A1,4
1300,11.557719,5.520257,SC391_cnv_19_R44C5yesS_SC391_37_W_A1,1
1301,8.287322,4.679623,SC391_cnv_19_R44C65yesS_SC391_37_W_A2,7
1302,7.456652,4.9409795,SC391_cnv_19_R45C0yesS_SC391_37_W_B1,1
1303,12.9115505,5.3521047,SC391_cnv_19_R45C10yesS_SC391_37_W_B2,6
1304,7.506661,5.0520415,SC391_cnv_19_R45C11yesS_SC391_37_W_B2,4
1305,9.213513,3.937279,SC391_cnv_19_R45C17yesS_SC391_37_W_B2,4
1306,9.539219,5.2924585,SC391_cnv_19_R45C23yesS_SC391_37_W_B1,6
1307,7.7520747,4.823612,SC391_cnv_19_R45C29yesS_SC391_37_W_B2,4
1308,12.482177,5.7571707,SC391_cnv_19_R45C30yesS_SC391_37_W_B2,6
1309,10.703676,5.334201,SC391_cnv_19_R45C32yesS_SC391_37_W_B2,6
1310,8.355078,4.349887,SC391_cnv_19_R45C33yesS_SC391_37_W_B2,1
1311,7.2476954,5.1292076,SC391_cnv_19_R45C36yesS_SC391_37_W_B1,4
1312,12.917461,5.055667,SC391_cnv_19_R45C3yesS_SC391_37_W_B1,1
1313,11.946677,5.859078,SC391_cnv_19_R45C40yesS_SC391_37_W_B1,6
1314,9.819582,2.2383678,SC391_cnv_19_R45C42yesS_SC391_37_W_B1,1
1315,11.194366,5.9767666,SC391_cnv_19_R45C44yesS_SC391_37_W_B1,6
1316,12.767083,5.2002687,SC391_cnv_19_R45C4yesS_SC391_37_W_B1,1
1317,4.186682,5.3447986,SC391_cnv_19_R45C58yesS_SC391_37_W_B1,0
1318,12.772717,5.578995,SC391_cnv_19_R45C6yesS_SC391_37_W_B1,6
1319,13.054834,4.9901166,SC391_cnv_19_R46C10yesS_SC391_37_W_B2,6
1320,12.583401,5.940829,SC391_cnv_19_R46C13yesS_SC391_37_W_B2,6
1321,9.0796795,2.8659732,SC391_cnv_19_R46C15yesS_SC391_37_W_B2,7
1322,12.390652,4.976264,SC391_cnv_19_R46C17yesS_SC391_37_W_B2,6
1323,12.569746,5.4376535,SC391_cnv_19_R46C23yesS_SC391_37_W_B1,6
1324,7.677715,4.97169,SC391_cnv_19_R46C26yesS_SC391_37_W_B1,4
1325,7.888128,4.630373,SC391_cnv_19_R46C2yesS_SC391_37_W_B1,1
1326,12.400473,4.9507055,SC391_cnv_19_R46C35yesS_SC391_37_W_B2,6
1327,9.493551,4.643233,SC391_cnv_19_R46C37yesS_SC391_37_W_B1,1
1328,12.770972,4.782118,SC391_cnv_19_R46C38yesS_SC391_37_W_B1,6
1329,7.8392167,4.9192796,SC391_cnv_19_R46C41yesS_SC391_37_W_B1,4
1330,8.785703,4.00615,SC391_cnv_19_R46C42yesS_SC391_37_W_B1,1
1331,12.257868,5.923623,SC391_cnv_19_R46C43yesS_SC391_37_W_B1,6
1332,7.548817,5.0746493,SC391_cnv_19_R46C45yesS_SC391_37_W_B2,4
1333,8.725721,3.8966987,SC391_cnv_19_R46C47yesS_SC391_37_W_B2,1
1334,12.635904,5.0326533,SC391_cnv_19_R46C51yesS_SC391_37_W_B2,6
1335,13.062752,4.777061,SC391_cnv_19_R46C54yesS_SC391_37_W_B1,6
1336,3.6250024,6.591187,SC391_cnv_19_R46C55yesS_SC391_37_W_B1,1
1337,8.896494,3.4710145,SC391_cnv_19_R46C60yesS_SC391_37_W_B1,4
1338,12.877759,4.9098754,SC391_cnv_19_R46C63yesS_SC391_37_W_B2,6
1339,7.6752906,5.02467,SC391_cnv_19_R46C65yesS_SC391_37_W_B2,4
1340,13.014267,5.5058475,SC391_cnv_19_R46C68yesS_SC391_37_W_B2,6
1341,8.295806,4.0698895,SC391_cnv_19_R46C6yesS_SC391_37_W_B1,4
1342,12.53063,5.0650597,SC391_cnv_19_R46C8yesS_SC391_37_W_B1,6
1343,12.415316,5.3359084,SC391_cnv_19_R47C16yesS_SC391_37_W_B2,6
1344,12.69028,4.8238997,SC391_cnv_19_R47C23yesS_SC391_37_W_B1,6
1345,12.922106,5.443997,SC391_cnv_19_R47C25yesS_SC391_37_W_B1,6
1346,8.640879,4.0859547,SC391_cnv_19_R47C2yesS_SC391_37_W_B1,4
1347,12.818274,5.2771463,SC391_cnv_19_R47C30yesS_SC391_37_W_B2,6
1348,9.30557,7.0587673,SC391_cnv_19_R47C43yesS_SC391_37_W_B1,6
1349,12.555316,4.700748,SC391_cnv_19_R47C44yesS_SC391_37_W_B1,6
1350,11.261854,2.4013326,SC391_cnv_19_R47C47yesS_SC391_37_W_B2,4
1351,11.947646,6.2068615,SC391_cnv_19_R47C56yesS_SC391_37_W_B1,6
1352,12.165172,7.384835,SC391_cnv_19_R47C63yesS_SC391_37_W_B2,6
1353,4.0369296,6.110805,SC391_cnv_19_R47C68yesS_SC391_37_W_B2,0
1354,7.3193774,5.096397,SC391_cnv_19_R47C69yesS_SC391_37_W_B2,7
1355,7.560216,5.1530905,SC391_cnv_19_R47C6yesS_SC391_37_W_B1,8
1356,8.019119,4.854479,SC391_cnv_19_R47C8yesS_SC391_37_W_B1,4
1357,12.221918,5.5164366,SC391_cnv_19_R48C19yesS_SC391_37_W_B1,6
1358,12.491558,5.351934,SC391_cnv_19_R48C26yesS_SC391_37_W_B1,1
1359,12.393008,5.383898,SC391_cnv_19_R48C27yesS_SC391_37_W_B2,6
1360,12.2395735,5.410995,SC391_cnv_19_R48C29yesS_SC391_37_W_B2,6
1361,7.6531453,5.014765,SC391_cnv_19_R48C30yesS_SC391_37_W_B2,4
1362,11.227342,5.853577,SC391_cnv_19_R48C37yesS_SC391_37_W_B1,6
1363,12.938997,4.998119,SC391_cnv_19_R48C46yesS_SC391_37_W_B2,6
1364,8.62678,3.7243943,SC391_cnv_19_R48C51yesS_SC391_37_W_B2,1
1365,13.06802,5.122514,SC391_cnv_19_R48C57yesS_SC391_37_W_B1,6
1366,12.993384,5.541362,SC391_cnv_19_R48C62yesS_SC391_37_W_B1,6
1367,9.00142,2.8005269,SC391_cnv_19_R48C70yesS_SC391_37_W_B2,1
1368,7.6354227,5.174632,SC391_cnv_19_R48C8yesS_SC391_37_W_B1,7
1369,7.654153,4.9846983,SC391_cnv_19_R49C10yesS_SC391_37_W_B2,6
1370,10.194487,5.2069364,SC391_cnv_19_R49C16yesS_SC391_37_W_B2,1
1371,9.3438225,8.773137,SC391_cnv_19_R49C21yesS_SC391_37_W_B1,6
1372,7.8773,5.0860887,SC391_cnv_19_R49C29yesS_SC391_37_W_B2,4
1373,10.802365,5.72603,SC391_cnv_19_R49C2yesS_SC391_37_W_B1,3
1374,4.4953356,5.6076,SC391_cnv_19_R49C44yesS_SC391_37_W_B1,1
1375,4.29164,5.0794554,SC391_cnv_19_R49C52yesS_SC391_37_W_B2,0
1376,10.685788,4.7301083,SC391_cnv_19_R49C57yesS_SC391_37_W_B1,1
1377,8.07478,6.1790075,SC391_cnv_19_R49C59yesS_SC391_37_W_B1,1
1378,7.3901997,5.192708,SC391_cnv_19_R49C64yesS_SC391_37_W_B2,4
1379,7.4633956,4.8668585,SC391_cnv_19_R49C65yesS_SC391_37_W_B2,4
1380,7.8013234,4.796498,SC391_cnv_19_R49C66yesS_SC391_37_W_B2,1
1381,13.07386,5.2347455,SC391_cnv_19_R49C69yesS_SC391_37_W_B2,6
1382,11.126297,6.008125,SC391_cnv_19_R49C8yesS_SC391_37_W_B1,6
1383,9.391608,3.959165,SC391_cnv_19_R4C11yesS_SC391_37_W_A2,4
1384,9.526415,4.0976453,SC391_cnv_19_R4C12yesS_SC391_37_W_A2,4
1385,12.885926,5.4645953,SC391_cnv_19_R4C13yesS_SC391_37_W_A2,6
1386,9.310068,3.7955134,SC391_cnv_19_R4C17yesS_SC391_37_W_A2,1
1387,11.445278,5.946234,SC391_cnv_19_R4C1yesS_SC391_37_W_A1,1
1388,8.728208,3.9317262,SC391_cnv_19_R4C20yesS_SC391_37_W_A1,4
1389,8.90624,4.0392146,SC391_cnv_19_R4C32yesS_SC391_37_W_A2,6
1390,7.546512,4.740971,SC391_cnv_19_R4C33yesS_SC391_37_W_A2,1
1391,7.8159676,5.061547,SC391_cnv_19_R4C34yesS_SC391_37_W_A2,4
1392,8.0596695,5.196931,SC391_cnv_19_R4C36yesS_SC391_37_W_A1,4
1393,8.955592,3.448918,SC391_cnv_19_R4C55yesS_SC391_37_W_A1,7
1394,12.429571,5.4854946,SC391_cnv_19_R4C62yesS_SC391_37_W_A1,6
1395,8.104323,5.033718,SC391_cnv_19_R4C66yesS_SC391_37_W_A2,4
1396,11.1746645,4.4853687,SC391_cnv_19_R50C0yesS_SC391_37_W_B1,6
1397,12.410119,5.954516,SC391_cnv_19_R50C10yesS_SC391_37_W_B2,7
1398,12.958021,5.1205516,SC391_cnv_19_R50C15yesS_SC391_37_W_B2,6
1399,9.014954,2.9012322,SC391_cnv_19_R50C24yesS_SC391_37_W_B1,1
1400,8.525393,4.072248,SC391_cnv_19_R50C27yesS_SC391_37_W_B2,1
1401,13.031249,5.596761,SC391_cnv_19_R50C32yesS_SC391_37_W_B2,6
1402,12.893473,4.802635,SC391_cnv_19_R50C38yesS_SC391_37_W_B1,6
1403,13.116417,5.5208006,SC391_cnv_19_R50C3yesS_SC391_37_W_B1,6
1404,12.584036,4.6827826,SC391_cnv_19_R50C47yesS_SC391_37_W_B2,6
1405,12.813986,5.3296785,SC391_cnv_19_R50C52yesS_SC391_37_W_B2,1
1406,12.548786,5.079823,SC391_cnv_19_R50C57yesS_SC391_37_W_B1,6
1407,9.083756,3.4395237,SC391_cnv_19_R50C59yesS_SC391_37_W_B1,1
1408,12.338954,5.3007956,SC391_cnv_19_R50C64yesS_SC391_37_W_B2,7
1409,12.582746,6.3970566,SC391_cnv_19_R50C67yesS_SC391_37_W_B2,6
1410,12.675379,4.6777763,SC391_cnv_19_R50C71yesS_SC391_37_W_B2,6
1411,12.915179,4.8970466,SC391_cnv_19_R51C15yesS_SC391_37_W_B2,6
1412,12.72848,5.6027102,SC391_cnv_19_R51C22yesS_SC391_37_W_B1,6
1413,12.365943,4.5862703,SC391_cnv_19_R51C28yesS_SC391_37_W_B2,6
1414,13.205652,4.839278,SC391_cnv_19_R51C30yesS_SC391_37_W_B2,6
1415,7.319069,4.913904,SC391_cnv_19_R51C36yesS_SC391_37_W_B1,5
1416,12.600523,5.1400805,SC391_cnv_19_R51C39yesS_SC391_37_W_B1,6
1417,12.809513,4.725594,SC391_cnv_19_R51C40yesS_SC391_37_W_B1,6
1418,12.184781,5.7031503,SC391_cnv_19_R51C46yesS_SC391_37_W_B2,6
1419,11.750826,5.321152,SC391_cnv_19_R51C50yesS_SC391_37_W_B2,6
1420,12.042875,6.362424,SC391_cnv_19_R51C55yesS_SC391_37_W_B1,1
1421,4.2922206,5.2644033,SC391_cnv_19_R51C68yesS_SC391_37_W_B2,0
1422,7.970523,4.4781637,SC391_cnv_19_R51C8yesS_SC391_37_W_B1,4
1423,11.65901,4.6630845,SC391_cnv_19_R52C14yesS_SC391_37_W_B2,6
1424,12.598535,5.641143,SC391_cnv_19_R52C17yesS_SC391_37_W_B2,6
1425,11.285316,5.918504,SC391_cnv_19_R52C23yesS_SC391_37_W_B1,6
1426,7.5815554,4.9168925,SC391_cnv_19_R52C24yesS_SC391_37_W_B1,4
1427,3.7479985,6.200124,SC391_cnv_19_R52C34yesS_SC391_37_W_B2,0
1428,8.539539,4.0263143,SC391_cnv_19_R52C35yesS_SC391_37_W_B2,1
1429,7.5645294,4.9954395,SC391_cnv_19_R52C39yesS_SC391_37_W_B1,1
1430,7.351002,5.0166464,SC391_cnv_19_R52C43yesS_SC391_37_W_B1,1
1431,12.100027,5.4477386,SC391_cnv_19_R52C47yesS_SC391_37_W_B2,6
1432,11.747528,5.1578827,SC391_cnv_19_R52C56yesS_SC391_37_W_B1,6
1433,10.486994,4.8423104,SC391_cnv_19_R52C60yesS_SC391_37_W_B1,4
1434,8.661897,8.925401,SC391_cnv_19_R52C63yesS_SC391_37_W_B2,6
1435,13.066384,5.27436,SC391_cnv_19_R52C64yesS_SC391_37_W_B2,6
1436,7.752446,5.48895,SC391_cnv_19_R52C66yesS_SC391_37_W_B2,1
1437,13.02447,5.488802,SC391_cnv_19_R52C67yesS_SC391_37_W_B2,6
1438,12.476063,5.5077415,SC391_cnv_19_R53C11yesS_SC391_37_W_B2,6
1439,11.693911,8.465479,SC391_cnv_19_R53C12yesS_SC391_37_W_B2,4
1440,11.891826,5.833427,SC391_cnv_19_R53C13yesS_SC391_37_W_B2,6
1441,7.3164873,5.1366687,SC391_cnv_19_R53C20yesS_SC391_37_W_B1,4
1442,4.2831507,5.4973845,SC391_cnv_19_R53C24yesS_SC391_37_W_B1,0
1443,9.579579,4.1586833,SC391_cnv_19_R53C34yesS_SC391_37_W_B2,4
1444,12.972462,5.203372,SC391_cnv_19_R53C37yesS_SC391_37_W_B1,6
1445,7.7803593,5.1704335,SC391_cnv_19_R53C3yesS_SC391_37_W_B1,1
1446,7.4007645,4.8981667,SC391_cnv_19_R53C41yesS_SC391_37_W_B1,4
1447,12.231762,5.240737,SC391_cnv_19_R53C44yesS_SC391_37_W_B1,6
1448,12.479943,5.1937037,SC391_cnv_19_R53C46yesS_SC391_37_W_B2,1
1449,3.9476588,5.2320647,SC391_cnv_19_R53C47yesS_SC391_37_W_B2,1
1450,12.818208,4.901539,SC391_cnv_19_R53C50yesS_SC391_37_W_B2,6
1451,13.057149,5.162554,SC391_cnv_19_R53C53yesS_SC391_37_W_B2,6
1452,7.4239583,4.921381,SC391_cnv_19_R53C54yesS_SC391_37_W_B1,1
1453,7.3847528,5.0039587,SC391_cnv_19_R53C58yesS_SC391_37_W_B1,1
1454,12.735732,4.78472,SC391_cnv_19_R53C5yesS_SC391_37_W_B1,4
1455,12.3825445,5.4056525,SC391_cnv_19_R53C61yesS_SC391_37_W_B1,6
1456,10.592695,4.510299,SC391_cnv_19_R53C66yesS_SC391_37_W_B2,4
1457,10.358047,5.125388,SC391_cnv_19_R53C7yesS_SC391_37_W_B1,1
1458,12.534367,5.6115794,SC391_cnv_19_R53C9yesS_SC391_37_W_B2,6
1459,11.983032,8.110092,SC391_cnv_19_R54C1yesS_SC391_38_W_C1,5
1460,10.506058,5.9253883,SC391_cnv_19_R54C23yesS_SC391_38_W_C1,5
1461,11.634701,9.134977,SC391_cnv_19_R54C27yesS_SC391_38_W_C2,5
1462,12.126066,8.063671,SC391_cnv_19_R54C32yesS_SC391_38_W_C2,1
1463,12.409429,9.805844,SC391_cnv_19_R54C33yesS_SC391_38_W_C2,5
1464,12.960478,11.375218,SC391_cnv_19_R54C35yesS_SC391_38_W_C2,5
1465,12.329799,10.246386,SC391_cnv_19_R54C36yesS_SC391_38_W_C1,5
1466,4.108574,5.909461,SC391_cnv_19_R54C46yesS_SC391_38_W_C2,0
1467,12.89012,10.933898,SC391_cnv_19_R54C47yesS_SC391_38_W_C2,5
1468,11.390073,6.9222474,SC391_cnv_19_R54C50yesS_SC391_38_W_C2,5
1469,12.476783,11.358671,SC391_cnv_19_R54C53yesS_SC391_38_W_C2,5
1470,12.70782,11.332741,SC391_cnv_19_R54C55yesS_SC391_38_W_C1,1
1471,12.87133,11.38826,SC391_cnv_19_R54C56yesS_SC391_38_W_C1,5
1472,13.0151,9.108606,SC391_cnv_19_R54C59yesS_SC391_38_W_C1,1
1473,11.100293,7.0786633,SC391_cnv_19_R54C60yesS_SC391_38_W_C1,1
1474,11.9447,10.863379,SC391_cnv_19_R54C62yesS_SC391_38_W_C1,5
1475,13.022602,9.063631,SC391_cnv_19_R54C66yesS_SC391_38_W_C2,5
1476,12.23804,10.908198,SC391_cnv_19_R54C70yesS_SC391_38_W_C2,5
1477,12.417858,9.516395,SC391_cnv_19_R55C11yesS_SC391_38_W_C2,5
1478,13.155802,9.35174,SC391_cnv_19_R55C14yesS_SC391_38_W_C2,7
1479,8.63499,5.003822,SC391_cnv_19_R55C16yesS_SC391_38_W_C2,4
1480,13.169501,11.282317,SC391_cnv_19_R55C17yesS_SC391_38_W_C2,5
1481,12.397218,10.1617775,SC391_cnv_19_R55C21yesS_SC391_38_W_C1,5
1482,12.379215,8.560466,SC391_cnv_19_R55C24yesS_SC391_38_W_C1,1
1483,12.929542,9.2542305,SC391_cnv_19_R55C29yesS_SC391_38_W_C2,5
1484,12.875118,8.779827,SC391_cnv_19_R55C30yesS_SC391_38_W_C2,4
1485,12.691933,10.68253,SC391_cnv_19_R55C31yesS_SC391_38_W_C2,4
1486,9.161259,10.58559,SC391_cnv_19_R55C32yesS_SC391_38_W_C2,1
1487,13.071613,11.160344,SC391_cnv_19_R55C36yesS_SC391_38_W_C1,5
1488,12.931875,10.241394,SC391_cnv_19_R55C39yesS_SC391_38_W_C1,5
1489,6.302398,6.2853856,SC391_cnv_19_R55C42yesS_SC391_38_W_C1,5
1490,12.653286,9.085811,SC391_cnv_19_R55C48yesS_SC391_38_W_C2,1
1491,12.9382,9.393105,SC391_cnv_19_R55C58yesS_SC391_38_W_C1,4
1492,12.05239,8.369639,SC391_cnv_19_R55C64yesS_SC391_38_W_C2,1
1493,12.232211,9.747731,SC391_cnv_19_R56C11yesS_SC391_38_W_C2,5
1494,12.819723,9.156743,SC391_cnv_19_R56C24yesS_SC391_38_W_C1,8
1495,3.511092,6.330807,SC391_cnv_19_R56C25yesS_SC391_38_W_C1,0
1496,11.97666,8.970307,SC391_cnv_19_R56C35yesS_SC391_38_W_C2,1
1497,12.762756,9.528477,SC391_cnv_19_R56C37yesS_SC391_38_W_C1,5
1498,12.450815,8.087633,SC391_cnv_19_R56C39yesS_SC391_38_W_C1,5
1499,11.294336,7.265612,SC391_cnv_19_R56C42yesS_SC391_38_W_C1,8
1500,13.143462,9.075576,SC391_cnv_19_R56C44yesS_SC391_38_W_C1,5
1501,12.3874,11.052545,SC391_cnv_19_R56C45yesS_SC391_38_W_C2,1
1502,7.8615823,4.272732,SC391_cnv_19_R56C47yesS_SC391_38_W_C2,1
1503,12.57528,10.107421,SC391_cnv_19_R56C4yesS_SC391_38_W_C1,1
1504,12.101648,10.660611,SC391_cnv_19_R56C52yesS_SC391_38_W_C2,1
1505,3.6873488,5.8068476,SC391_cnv_19_R56C53yesS_SC391_38_W_C2,0
1506,13.294446,9.16701,SC391_cnv_19_R56C60yesS_SC391_38_W_C1,5
1507,13.052501,10.125733,SC391_cnv_19_R56C61yesS_SC391_38_W_C1,1
1508,12.683936,10.980568,SC391_cnv_19_R56C67yesS_SC391_38_W_C2,5
1509,3.7210815,5.868151,SC391_cnv_19_R56C69yesS_SC391_38_W_C2,0
1510,12.485797,8.072824,SC391_cnv_19_R56C7yesS_SC391_38_W_C1,6
1511,11.813157,9.353476,SC391_cnv_19_R56C8yesS_SC391_38_W_C1,5
1512,12.682846,9.402535,SC391_cnv_19_R57C0yesS_SC391_38_W_C1,5
1513,12.437634,10.339136,SC391_cnv_19_R57C12yesS_SC391_38_W_C2,5
1514,12.307719,10.468459,SC391_cnv_19_R57C14yesS_SC391_38_W_C2,5
1515,11.374498,7.3109794,SC391_cnv_19_R57C19yesS_SC391_38_W_C1,1
1516,12.994994,8.951829,SC391_cnv_19_R57C1yesS_SC391_38_W_C1,5
1517,3.8916032,6.203497,SC391_cnv_19_R57C20yesS_SC391_38_W_C1,0
1518,11.316996,7.4208355,SC391_cnv_19_R57C22yesS_SC391_38_W_C1,1
1519,12.345375,7.9129667,SC391_cnv_19_R57C23yesS_SC391_38_W_C1,5
1520,12.803905,10.924726,SC391_cnv_19_R57C2yesS_SC391_38_W_C1,5
1521,13.293066,9.171326,SC391_cnv_19_R57C33yesS_SC391_38_W_C2,5
1522,12.458043,10.8916445,SC391_cnv_19_R57C34yesS_SC391_38_W_C2,5
1523,11.9728985,9.130631,SC391_cnv_19_R57C38yesS_SC391_38_W_C1,5
1524,13.3885,9.051324,SC391_cnv_19_R57C3yesS_SC391_38_W_C1,1
1525,12.454888,8.208535,SC391_cnv_19_R57C45yesS_SC391_38_W_C2,4
1526,10.1616,3.8540952,SC391_cnv_19_R57C50yesS_SC391_38_W_C2,7
1527,12.249209,8.088288,SC391_cnv_19_R57C53yesS_SC391_38_W_C2,5
1528,12.937158,11.185218,SC391_cnv_19_R57C55yesS_SC391_38_W_C1,1
1529,13.254705,9.13201,SC391_cnv_19_R57C57yesS_SC391_38_W_C1,5
1530,12.965241,11.418838,SC391_cnv_19_R57C60yesS_SC391_38_W_C1,5
1531,12.572289,11.174951,SC391_cnv_19_R57C64yesS_SC391_38_W_C2,5
1532,12.300154,9.66604,SC391_cnv_19_R57C66yesS_SC391_38_W_C2,5
1533,11.053417,9.666715,SC391_cnv_19_R57C71yesS_SC391_38_W_C2,5
1534,13.217043,9.397803,SC391_cnv_19_R57C9yesS_SC391_38_W_C2,5
1535,12.78192,8.99678,SC391_cnv_19_R58C0yesS_SC391_38_W_C1,5
1536,11.724414,8.751408,SC391_cnv_19_R58C14yesS_SC391_38_W_C2,5
1537,10.734895,6.0920277,SC391_cnv_19_R58C1yesS_SC391_38_W_C1,1
1538,11.628101,8.378401,SC391_cnv_19_R58C31yesS_SC391_38_W_C2,5
1539,12.430803,8.247371,SC391_cnv_19_R58C35yesS_SC391_38_W_C2,7
1540,13.054487,11.08707,SC391_cnv_19_R58C36yesS_SC391_38_W_C1,5
1541,12.673845,8.665828,SC391_cnv_19_R58C38yesS_SC391_38_W_C1,1
1542,12.732193,11.473136,SC391_cnv_19_R58C3yesS_SC391_38_W_C1,5
1543,12.70587,11.642611,SC391_cnv_19_R58C40yesS_SC391_38_W_C1,5
1544,13.421664,9.048313,SC391_cnv_19_R58C46yesS_SC391_38_W_C2,6
1545,4.576417,5.74668,SC391_cnv_19_R58C54yesS_SC391_38_W_C1,6
1546,11.85775,9.218816,SC391_cnv_19_R58C55yesS_SC391_38_W_C1,5
1547,13.305407,11.318347,SC391_cnv_19_R58C56yesS_SC391_38_W_C1,5
1548,12.275278,10.235008,SC391_cnv_19_R58C63yesS_SC391_38_W_C2,7
1549,4.3297796,5.630883,SC391_cnv_19_R58C64yesS_SC391_38_W_C2,0
1550,12.869888,9.22298,SC391_cnv_19_R58C65yesS_SC391_38_W_C2,1
1551,12.285684,9.9871435,SC391_cnv_19_R58C67yesS_SC391_38_W_C2,4
1552,12.1826,9.015866,SC391_cnv_19_R58C70yesS_SC391_38_W_C2,5
1553,11.5970125,10.453733,SC391_cnv_19_R58C8yesS_SC391_38_W_C1,1
1554,12.5359955,11.180308,SC391_cnv_19_R59C1yesS_SC391_38_W_C1,5
1555,12.210653,10.610949,SC391_cnv_19_R59C23yesS_SC391_38_W_C1,5
1556,12.295044,8.631591,SC391_cnv_19_R59C26yesS_SC391_38_W_C1,5
1557,12.886838,9.482903,SC391_cnv_19_R59C27yesS_SC391_38_W_C2,5
1558,4.1818104,5.603732,SC391_cnv_19_R59C29yesS_SC391_38_W_C2,0
1559,11.337645,7.3466077,SC391_cnv_19_R59C42yesS_SC391_38_W_C1,1
1560,12.381024,11.122365,SC391_cnv_19_R59C45yesS_SC391_38_W_C2,5
1561,12.486344,8.072412,SC391_cnv_19_R59C48yesS_SC391_38_W_C2,5
1562,11.883488,9.783516,SC391_cnv_19_R59C52yesS_SC391_38_W_C2,1
1563,11.745217,9.888597,SC391_cnv_19_R59C54yesS_SC391_38_W_C1,5
1564,13.158915,9.1225,SC391_cnv_19_R59C55yesS_SC391_38_W_C1,5
1565,12.126562,8.670916,SC391_cnv_19_R59C56yesS_SC391_38_W_C1,5
1566,12.438242,7.87899,SC391_cnv_19_R59C5yesS_SC391_38_W_C1,5
1567,12.229632,9.269946,SC391_cnv_19_R59C60yesS_SC391_38_W_C1,5
1568,12.380341,10.861669,SC391_cnv_19_R59C67yesS_SC391_38_W_C2,5
1569,13.154434,9.215508,SC391_cnv_19_R59C6yesS_SC391_38_W_C1,4
1570,12.383025,9.313037,SC391_cnv_19_R59C70yesS_SC391_38_W_C2,5
1571,12.524153,9.419101,SC391_cnv_19_R59C7yesS_SC391_38_W_C1,5
1572,13.013314,5.1438913,SC391_cnv_19_R5C10yesS_SC391_37_W_A2,6
1573,12.488054,4.466772,SC391_cnv_19_R5C14yesS_SC391_37_W_A2,1
1574,9.118952,3.5900967,SC391_cnv_19_R5C15yesS_SC391_37_W_A2,2
1575,8.74196,3.7781944,SC391_cnv_19_R5C19yesS_SC391_37_W_A1,1
1576,7.5358286,4.7682548,SC391_cnv_19_R5C41yesS_SC391_37_W_A1,4
1577,8.931575,3.1171033,SC391_cnv_19_R5C48yesS_SC391_37_W_A2,1
1578,5.739038,6.219771,SC391_cnv_19_R5C58yesS_SC391_37_W_A1,6
1579,5.9298983,6.2112207,SC391_cnv_19_R5C5yesS_SC391_37_W_A1,4
1580,11.286072,4.9252615,SC391_cnv_19_R5C67yesS_SC391_37_W_A2,6
1581,7.703505,5.04371,SC391_cnv_19_R5C70yesS_SC391_37_W_A2,4
1582,11.961494,8.191515,SC391_cnv_19_R60C0yesS_SC391_38_W_C1,1
1583,13.397306,11.578503,SC391_cnv_19_R60C10yesS_SC391_38_W_C2,5
1584,12.571967,10.648799,SC391_cnv_19_R60C19yesS_SC391_38_W_C1,5
1585,12.688551,11.30659,SC391_cnv_19_R60C23yesS_SC391_38_W_C1,5
1586,12.522695,11.250235,SC391_cnv_19_R60C24yesS_SC391_38_W_C1,5
1587,9.901738,8.254744,SC391_cnv_19_R60C33yesS_SC391_38_W_C2,1
1588,11.787479,9.71558,SC391_cnv_19_R60C35yesS_SC391_38_W_C2,1
1589,13.098301,9.4909935,SC391_cnv_19_R60C38yesS_SC391_38_W_C1,5
1590,11.870281,8.873101,SC391_cnv_19_R60C39yesS_SC391_38_W_C1,5
1591,11.890263,9.932681,SC391_cnv_19_R60C47yesS_SC391_38_W_C2,5
1592,13.391453,9.248323,SC391_cnv_19_R60C50yesS_SC391_38_W_C2,5
1593,13.037644,11.176815,SC391_cnv_19_R60C52yesS_SC391_38_W_C2,5
1594,11.523056,7.486113,SC391_cnv_19_R60C54yesS_SC391_38_W_C1,7
1595,4.0199494,6.0382514,SC391_cnv_19_R60C55yesS_SC391_38_W_C1,0
1596,11.703302,8.914788,SC391_cnv_19_R60C56yesS_SC391_38_W_C1,5
1597,9.941139,8.720873,SC391_cnv_19_R60C59yesS_SC391_38_W_C1,5
1598,12.623824,9.088552,SC391_cnv_19_R60C61yesS_SC391_38_W_C1,1
1599,13.001875,11.051861,SC391_cnv_19_R60C65yesS_SC391_38_W_C2,5
1600,12.239495,9.767179,SC391_cnv_19_R60C68yesS_SC391_38_W_C2,5
1601,10.047741,5.1059685,SC391_cnv_19_R60C71yesS_SC391_38_W_C2,5
1602,11.181638,7.723572,SC391_cnv_19_R61C12yesS_SC391_38_W_C2,1
1603,13.183918,10.87611,SC391_cnv_19_R61C22yesS_SC391_38_W_C1,5
1604,13.113455,5.938612,SC391_cnv_19_R61C34yesS_SC391_38_W_C2,1
1605,13.162797,11.154356,SC391_cnv_19_R61C41yesS_SC391_38_W_C1,5
1606,11.756741,9.163033,SC391_cnv_19_R61C45yesS_SC391_38_W_C2,1
1607,12.63892,9.4776,SC391_cnv_19_R61C4yesS_SC391_38_W_C1,5
1608,11.715505,8.936186,SC391_cnv_19_R61C53yesS_SC391_38_W_C2,5
1609,13.417605,8.906003,SC391_cnv_19_R61C54yesS_SC391_38_W_C1,1
1610,13.132277,10.994586,SC391_cnv_19_R61C59yesS_SC391_38_W_C1,5
1611,13.075092,11.381503,SC391_cnv_19_R61C61yesS_SC391_38_W_C1,5
1612,12.768971,11.399798,SC391_cnv_19_R61C63yesS_SC391_38_W_C2,1
1613,12.804957,10.348878,SC391_cnv_19_R61C65yesS_SC391_38_W_C2,6
1614,12.424656,8.125293,SC391_cnv_19_R61C66yesS_SC391_38_W_C2,1
1615,11.325425,7.2008576,SC391_cnv_19_R61C67yesS_SC391_38_W_C2,1
1616,12.41446,8.665307,SC391_cnv_19_R61C68yesS_SC391_38_W_C2,1
1617,12.747847,8.448754,SC391_cnv_19_R61C69yesS_SC391_38_W_C2,1
1618,4.1373744,5.7584014,SC391_cnv_19_R62C1yesS_SC391_38_W_C1,0
1619,11.397507,6.88508,SC391_cnv_19_R62C25yesS_SC391_38_W_C1,1
1620,11.837797,9.978528,SC391_cnv_19_R62C30yesS_SC391_38_W_C2,5
1621,12.665411,4.9324293,SC391_cnv_19_R62C33yesS_SC391_38_W_C2,1
1622,13.070663,9.265092,SC391_cnv_19_R62C39yesS_SC391_38_W_C1,1
1623,13.049725,10.699632,SC391_cnv_19_R62C42yesS_SC391_38_W_C1,5
1624,12.612237,9.763494,SC391_cnv_19_R62C47yesS_SC391_38_W_C2,1
1625,12.073663,9.54739,SC391_cnv_19_R62C48yesS_SC391_38_W_C2,5
1626,10.029519,8.375168,SC391_cnv_19_R62C4yesS_SC391_38_W_C1,4
1627,12.490249,9.024425,SC391_cnv_19_R62C52yesS_SC391_38_W_C2,5
1628,12.434716,8.586315,SC391_cnv_19_R62C55yesS_SC391_38_W_C1,5
1629,11.612068,8.438352,SC391_cnv_19_R62C58yesS_SC391_38_W_C1,1
1630,12.491384,8.252432,SC391_cnv_19_R62C63yesS_SC391_38_W_C2,4
1631,12.080294,9.627114,SC391_cnv_19_R62C67yesS_SC391_38_W_C2,5
1632,13.448948,9.303188,SC391_cnv_19_R63C16yesS_SC391_38_W_D2,5
1633,12.076847,8.837522,SC391_cnv_19_R63C23yesS_SC391_38_W_D1,5
1634,13.180048,11.464507,SC391_cnv_19_R63C24yesS_SC391_38_W_D1,5
1635,13.1193495,11.30287,SC391_cnv_19_R63C25yesS_SC391_38_W_D1,2
1636,4.246355,5.7584863,SC391_cnv_19_R63C32yesS_SC391_38_W_D2,0
1637,12.587316,10.573391,SC391_cnv_19_R63C33yesS_SC391_38_W_D2,5
1638,11.09241,7.345349,SC391_cnv_19_R63C36yesS_SC391_38_W_D1,5
1639,12.465709,11.2526865,SC391_cnv_19_R63C37yesS_SC391_38_W_D1,5
1640,12.506902,11.357877,SC391_cnv_19_R63C39yesS_SC391_38_W_D1,5
1641,12.22467,11.260229,SC391_cnv_19_R63C40yesS_SC391_38_W_D1,5
1642,11.019099,7.483524,SC391_cnv_19_R63C56yesS_SC391_38_W_D1,8
1643,12.191879,10.971535,SC391_cnv_19_R63C57yesS_SC391_38_W_D1,5
1644,4.250647,4.9824843,SC391_cnv_19_R63C64yesS_SC391_38_W_D2,0
1645,12.553225,8.303207,SC391_cnv_19_R63C7yesS_SC391_38_W_D1,7
1646,3.7108974,6.4773397,SC391_cnv_19_R63C8yesS_SC391_38_W_D1,0
1647,12.558262,8.116475,SC391_cnv_19_R64C13yesS_SC391_38_W_D2,5
1648,12.300444,10.702362,SC391_cnv_19_R64C20yesS_SC391_38_W_D1,5
1649,13.23702,11.162468,SC391_cnv_19_R64C28yesS_SC391_38_W_D2,5
1650,13.131222,11.56573,SC391_cnv_19_R64C31yesS_SC391_38_W_D2,5
1651,12.985746,9.775372,SC391_cnv_19_R64C33yesS_SC391_38_W_D2,5
1652,11.261994,8.667574,SC391_cnv_19_R64C37yesS_SC391_38_W_D1,5
1653,12.388588,8.128122,SC391_cnv_19_R64C40yesS_SC391_38_W_D1,5
1654,12.565207,10.907096,SC391_cnv_19_R64C44yesS_SC391_38_W_D1,5
1655,13.273023,9.190256,SC391_cnv_19_R64C45yesS_SC391_38_W_D2,5
1656,12.528756,10.732732,SC391_cnv_19_R64C4yesS_SC391_38_W_D1,5
1657,11.416725,7.392022,SC391_cnv_19_R64C50yesS_SC391_38_W_D2,6
1658,13.155546,9.140846,SC391_cnv_19_R64C58yesS_SC391_38_W_D1,5
1659,11.832816,8.989252,SC391_cnv_19_R64C59yesS_SC391_38_W_D1,5
1660,12.503636,10.396232,SC391_cnv_19_R64C62yesS_SC391_38_W_D1,1
1661,12.37229,11.3001175,SC391_cnv_19_R64C63yesS_SC391_38_W_D2,5
1662,13.201542,9.797085,SC391_cnv_19_R64C67yesS_SC391_38_W_D2,1
1663,11.85907,10.837034,SC391_cnv_19_R64C6yesS_SC391_38_W_D1,5
1664,12.490117,10.970158,SC391_cnv_19_R65C11yesS_SC391_38_W_D2,5
1665,10.886243,6.9647813,SC391_cnv_19_R65C15yesS_SC391_38_W_D2,1
1666,13.096834,11.235617,SC391_cnv_19_R65C24yesS_SC391_38_W_D1,5
1667,11.90611,9.1621065,SC391_cnv_19_R65C32yesS_SC391_38_W_D2,5
1668,8.854833,7.006563,SC391_cnv_19_R65C35yesS_SC391_38_W_D2,1
1669,12.387752,8.121362,SC391_cnv_19_R65C37yesS_SC391_38_W_D1,5
1670,12.710989,10.382397,SC391_cnv_19_R65C39yesS_SC391_38_W_D1,1
1671,12.622626,10.837034,SC391_cnv_19_R65C47yesS_SC391_38_W_D2,5
1672,11.347056,8.683549,SC391_cnv_19_R65C48yesS_SC391_38_W_D2,5
1673,13.455633,9.239291,SC391_cnv_19_R65C56yesS_SC391_38_W_D1,6
1674,8.580535,9.485601,SC391_cnv_19_R65C61yesS_SC391_38_W_D1,1
1675,4.1299033,5.3649516,SC391_cnv_19_R65C65yesS_SC391_38_W_D2,0
1676,10.503481,6.1280856,SC391_cnv_19_R65C68yesS_SC391_38_W_D2,1
1677,12.084347,11.043154,SC391_cnv_19_R65C7yesS_SC391_38_W_D1,5
1678,12.955811,11.5218115,SC391_cnv_19_R66C0yesS_SC391_38_W_D1,5
1679,12.383328,10.9374895,SC391_cnv_19_R66C12yesS_SC391_38_W_D2,5
1680,9.732272,2.8506293,SC391_cnv_19_R66C26yesS_SC391_38_W_D1,5
1681,11.970486,8.286664,SC391_cnv_19_R66C29yesS_SC391_38_W_D2,4
1682,12.051193,8.494721,SC391_cnv_19_R66C30yesS_SC391_38_W_D2,5
1683,13.052048,11.46939,SC391_cnv_19_R66C32yesS_SC391_38_W_D2,1
1684,13.234859,10.949902,SC391_cnv_19_R66C33yesS_SC391_38_W_D2,5
1685,13.059246,11.178501,SC391_cnv_19_R66C52yesS_SC391_38_W_D2,5
1686,3.824782,6.2552114,SC391_cnv_19_R66C54yesS_SC391_38_W_D1,0
1687,12.144144,8.624739,SC391_cnv_19_R66C55yesS_SC391_38_W_D1,1
1688,12.654145,10.9052105,SC391_cnv_19_R66C60yesS_SC391_38_W_D1,5
1689,13.033538,11.437101,SC391_cnv_19_R66C61yesS_SC391_38_W_D1,5
1690,12.641927,11.184901,SC391_cnv_19_R66C63yesS_SC391_38_W_D2,5
1691,12.817921,8.507221,SC391_cnv_19_R66C65yesS_SC391_38_W_D2,5
1692,13.272267,9.38023,SC391_cnv_19_R66C67yesS_SC391_38_W_D2,4
1693,12.365648,11.129333,SC391_cnv_19_R67C11yesS_SC391_38_W_D2,5
1694,11.932028,10.442602,SC391_cnv_19_R67C14yesS_SC391_38_W_D2,5
1695,11.721548,10.2309675,SC391_cnv_19_R67C17yesS_SC391_38_W_D2,1
1696,10.625851,6.061418,SC391_cnv_19_R67C25yesS_SC391_38_W_D1,7
1697,13.019882,9.482374,SC391_cnv_19_R67C26yesS_SC391_38_W_D1,5
1698,12.987207,10.987752,SC391_cnv_19_R67C30yesS_SC391_38_W_D2,5
1699,10.429833,5.665917,SC391_cnv_19_R67C39yesS_SC391_38_W_D1,5
1700,12.659124,11.372881,SC391_cnv_19_R67C42yesS_SC391_38_W_D1,5
1701,12.361387,11.09014,SC391_cnv_19_R67C45yesS_SC391_38_W_D2,5
1702,12.234178,10.888062,SC391_cnv_19_R67C47yesS_SC391_38_W_D2,5
1703,10.01084,5.6162987,SC391_cnv_19_R67C69yesS_SC391_38_W_D2,1
1704,12.380792,8.135729,SC391_cnv_19_R67C70yesS_SC391_38_W_D2,5
1705,12.546328,8.1614275,SC391_cnv_19_R68C10yesS_SC391_38_W_D2,1
1706,13.105358,11.535161,SC391_cnv_19_R68C12yesS_SC391_38_W_D2,5
1707,13.28557,9.333371,SC391_cnv_19_R68C14yesS_SC391_38_W_D2,1
1708,12.289925,10.93027,SC391_cnv_19_R68C15yesS_SC391_38_W_D2,5
1709,4.2464867,5.454423,SC391_cnv_19_R68C19yesS_SC391_38_W_D1,0
1710,12.679832,11.114475,SC391_cnv_19_R68C20yesS_SC391_38_W_D1,5
1711,12.157718,9.730772,SC391_cnv_19_R68C22yesS_SC391_38_W_D1,1
1712,12.774391,11.203812,SC391_cnv_19_R68C24yesS_SC391_38_W_D1,5
1713,13.377181,9.387382,SC391_cnv_19_R68C2yesS_SC391_38_W_D1,5
1714,12.850846,9.021028,SC391_cnv_19_R68C30yesS_SC391_38_W_D2,1
1715,11.948619,9.2119875,SC391_cnv_19_R68C32yesS_SC391_38_W_D2,5
1716,10.387893,8.333201,SC391_cnv_19_R68C34yesS_SC391_38_W_D2,5
1717,9.058461,9.092035,SC391_cnv_19_R68C41yesS_SC391_38_W_D1,1
1718,13.236543,11.659253,SC391_cnv_19_R68C42yesS_SC391_38_W_D1,1
1719,12.906926,10.4811125,SC391_cnv_19_R68C51yesS_SC391_38_W_D2,7
1720,11.706619,8.972426,SC391_cnv_19_R68C53yesS_SC391_38_W_D2,5
1721,12.596802,10.9375515,SC391_cnv_19_R68C57yesS_SC391_38_W_D1,5
1722,12.113029,10.694244,SC391_cnv_19_R68C5yesS_SC391_38_W_D1,5
1723,11.237994,7.3095164,SC391_cnv_19_R68C60yesS_SC391_38_W_D1,1
1724,12.315977,10.591033,SC391_cnv_19_R68C61yesS_SC391_38_W_D1,5
1725,12.465341,10.656506,SC391_cnv_19_R68C64yesS_SC391_38_W_D2,5
1726,12.314863,11.177434,SC391_cnv_19_R68C65yesS_SC391_38_W_D2,5
1727,12.271366,9.82359,SC391_cnv_19_R68C68yesS_SC391_38_W_D2,1
1728,12.619585,8.373271,SC391_cnv_19_R68C8yesS_SC391_38_W_D1,1
1729,12.945984,10.9457,SC391_cnv_19_R69C10yesS_SC391_38_W_D2,5
1730,13.11521,11.493022,SC391_cnv_19_R69C12yesS_SC391_38_W_D2,5
1731,12.94383,11.121301,SC391_cnv_19_R69C23yesS_SC391_38_W_D1,1
1732,12.715762,10.24574,SC391_cnv_19_R69C24yesS_SC391_38_W_D1,5
1733,12.309359,10.95623,SC391_cnv_19_R69C28yesS_SC391_38_W_D2,5
1734,12.213116,11.141578,SC391_cnv_19_R69C32yesS_SC391_38_W_D2,5
1735,12.884107,9.848137,SC391_cnv_19_R69C35yesS_SC391_38_W_D2,5
1736,12.542373,10.94884,SC391_cnv_19_R69C36yesS_SC391_38_W_D1,5
1737,12.893267,11.412151,SC391_cnv_19_R69C37yesS_SC391_38_W_D1,5
1738,12.701988,11.333851,SC391_cnv_19_R69C38yesS_SC391_38_W_D1,5
1739,12.520566,8.097253,SC391_cnv_19_R69C39yesS_SC391_38_W_D1,1
1740,13.068372,11.500479,SC391_cnv_19_R69C3yesS_SC391_38_W_D1,5
1741,12.647559,9.738667,SC391_cnv_19_R69C41yesS_SC391_38_W_D1,5
1742,12.937461,9.175188,SC391_cnv_19_R69C44yesS_SC391_38_W_D1,5
1743,13.367544,11.441953,SC391_cnv_19_R69C48yesS_SC391_38_W_D2,5
1744,12.233455,9.1786175,SC391_cnv_19_R69C51yesS_SC391_38_W_D2,5
1745,13.240954,9.702438,SC391_cnv_19_R69C56yesS_SC391_38_W_D1,5
1746,12.817672,10.359199,SC391_cnv_19_R69C57yesS_SC391_38_W_D1,5
1747,12.431371,11.102048,SC391_cnv_19_R69C58yesS_SC391_38_W_D1,5
1748,12.383784,10.767456,SC391_cnv_19_R69C66yesS_SC391_38_W_D2,5
1749,12.432836,8.487407,SC391_cnv_19_R69C69yesS_SC391_38_W_D2,5
1750,12.595535,8.072685,SC391_cnv_19_R69C70yesS_SC391_38_W_D2,5
1751,12.787678,9.194189,SC391_cnv_19_R69C9yesS_SC391_38_W_D2,5
1752,9.544005,4.388961,SC391_cnv_19_R6C10yesS_SC391_37_W_A2,4
1753,9.008387,3.5460765,SC391_cnv_19_R6C12yesS_SC391_37_W_A2,4
1754,7.4513493,4.9143896,SC391_cnv_19_R6C22yesS_SC391_37_W_A1,1
1755,12.338335,5.473031,SC391_cnv_19_R6C24yesS_SC391_37_W_A1,6
1756,8.47471,3.9900424,SC391_cnv_19_R6C25yesS_SC391_37_W_A1,7
1757,3.7466376,6.435801,SC391_cnv_19_R6C35yesS_SC391_37_W_A2,0
1758,9.624214,3.6904075,SC391_cnv_19_R6C3yesS_SC391_37_W_A1,6
1759,12.035816,5.8340507,SC391_cnv_19_R6C40yesS_SC391_37_W_A1,6
1760,12.901488,5.08667,SC391_cnv_19_R6C42yesS_SC391_37_W_A1,6
1761,7.939594,5.235602,SC391_cnv_19_R6C44yesS_SC391_37_W_A1,4
1762,8.681358,5.158241,SC391_cnv_19_R6C46yesS_SC391_37_W_A2,4
1763,9.026849,4.1956277,SC391_cnv_19_R6C51yesS_SC391_37_W_A2,1
1764,8.272253,4.274606,SC391_cnv_19_R6C57yesS_SC391_37_W_A1,4
1765,9.586524,4.221383,SC391_cnv_19_R6C62yesS_SC391_37_W_A1,4
1766,13.13616,5.0417724,SC391_cnv_19_R6C63yesS_SC391_37_W_A2,6
1767,12.708552,5.6103797,SC391_cnv_19_R6C66yesS_SC391_37_W_A2,1
1768,7.3539863,4.7683263,SC391_cnv_19_R6C69yesS_SC391_37_W_A2,4
1769,9.844558,4.7002296,SC391_cnv_19_R6C6yesS_SC391_37_W_A1,1
1770,12.571449,5.6374445,SC391_cnv_19_R6C8yesS_SC391_37_W_A1,6
1771,13.081773,5.584094,SC391_cnv_19_R6C9yesS_SC391_37_W_A2,6
1772,11.318233,7.2104406,SC391_cnv_19_R70C11yesS_SC391_38_W_D2,1
1773,12.105845,8.467818,SC391_cnv_19_R70C12yesS_SC391_38_W_D2,5
1774,12.0744705,8.085513,SC391_cnv_19_R70C13yesS_SC391_38_W_D2,5
1775,13.370017,9.224192,SC391_cnv_19_R70C14yesS_SC391_38_W_D2,2
1776,12.180658,11.243232,SC391_cnv_19_R70C15yesS_SC391_38_W_D2,2
1777,13.411468,9.160013,SC391_cnv_19_R70C16yesS_SC391_38_W_D2,5
1778,13.0037155,8.997869,SC391_cnv_19_R70C1yesS_SC391_38_W_D1,1
1779,9.77283,5.5640106,SC391_cnv_19_R70C30yesS_SC391_38_W_D2,5
1780,11.962046,8.781767,SC391_cnv_19_R70C33yesS_SC391_38_W_D2,1
1781,12.770397,10.137967,SC391_cnv_19_R70C34yesS_SC391_38_W_D2,5
1782,13.267895,9.415888,SC391_cnv_19_R70C35yesS_SC391_38_W_D2,5
1783,12.862446,11.738623,SC391_cnv_19_R70C39yesS_SC391_38_W_D1,5
1784,12.325206,8.295466,SC391_cnv_19_R70C3yesS_SC391_38_W_D1,5
1785,4.248409,5.3757405,SC391_cnv_19_R70C42yesS_SC391_38_W_D1,0
1786,12.9218235,11.47453,SC391_cnv_19_R70C43yesS_SC391_38_W_D1,5
1787,12.510574,11.541062,SC391_cnv_19_R70C45yesS_SC391_38_W_D2,5
1788,11.959409,9.451769,SC391_cnv_19_R70C46yesS_SC391_38_W_D2,5
1789,12.499588,9.776963,SC391_cnv_19_R70C50yesS_SC391_38_W_D2,5
1790,12.458324,11.038244,SC391_cnv_19_R70C51yesS_SC391_38_W_D2,5
1791,12.644335,11.493174,SC391_cnv_19_R70C52yesS_SC391_38_W_D2,5
1792,13.345429,9.140207,SC391_cnv_19_R70C56yesS_SC391_38_W_D1,5
1793,12.805963,10.2397585,SC391_cnv_19_R70C64yesS_SC391_38_W_D2,5
1794,12.747528,11.29004,SC391_cnv_19_R70C68yesS_SC391_38_W_D2,5
1795,12.2845545,8.523226,SC391_cnv_19_R70C6yesS_SC391_38_W_D1,1
1796,4.149517,4.8030806,SC391_cnv_19_R70C71yesS_SC391_38_W_D2,0
1797,12.502303,8.501513,SC391_cnv_19_R70C7yesS_SC391_38_W_D1,5
1798,11.162142,7.37746,SC391_cnv_19_R71C13yesS_SC391_38_W_D2,1
1799,11.908068,9.367096,SC391_cnv_19_R71C15yesS_SC391_38_W_D2,5
1800,12.316305,9.959328,SC391_cnv_19_R71C18yesS_SC391_38_W_D1,5
1801,13.223071,9.659642,SC391_cnv_19_R71C19yesS_SC391_38_W_D1,2
1802,12.039993,9.905473,SC391_cnv_19_R71C21yesS_SC391_38_W_D1,5
1803,12.815383,8.807382,SC391_cnv_19_R71C25yesS_SC391_38_W_D1,5
1804,13.01287,11.561827,SC391_cnv_19_R71C28yesS_SC391_38_W_D2,5
1805,12.799447,11.558893,SC391_cnv_19_R71C29yesS_SC391_38_W_D2,5
1806,10.450519,8.620827,SC391_cnv_19_R71C31yesS_SC391_38_W_D2,5
1807,12.086075,7.1755524,SC391_cnv_19_R71C32yesS_SC391_38_W_D2,1
1808,12.85882,8.695206,SC391_cnv_19_R71C35yesS_SC391_38_W_D2,1
1809,12.08963,11.382963,SC391_cnv_19_R71C45yesS_SC391_38_W_D2,5
1810,12.091553,10.520645,SC391_cnv_19_R71C46yesS_SC391_38_W_D2,5
1811,12.2170315,9.728038,SC391_cnv_19_R71C54yesS_SC391_38_W_D1,5
1812,9.685208,2.8128757,SC391_cnv_19_R71C58yesS_SC391_38_W_D1,5
1813,4.2146783,5.645379,SC391_cnv_19_R71C59yesS_SC391_38_W_D1,7
1814,11.996655,8.375929,SC391_cnv_19_R71C5yesS_SC391_38_W_D1,1
1815,11.995703,8.561425,SC391_cnv_19_R71C60yesS_SC391_38_W_D1,5
1816,11.607165,8.915455,SC391_cnv_19_R71C68yesS_SC391_38_W_D2,1
1817,12.261685,8.549936,SC391_cnv_19_R71C69yesS_SC391_38_W_D2,7
1818,12.071187,8.22251,SC391_cnv_19_R71C70yesS_SC391_38_W_D2,1
1819,12.701553,4.701285,SC391_cnv_19_R7C11yesS_SC391_37_W_A2,6
1820,12.933068,5.137893,SC391_cnv_19_R7C12yesS_SC391_37_W_A2,1
1821,9.585951,4.385331,SC391_cnv_19_R7C14yesS_SC391_37_W_A2,6
1822,12.794003,4.7854314,SC391_cnv_19_R7C15yesS_SC391_37_W_A2,1
1823,11.996123,5.604565,SC391_cnv_19_R7C19yesS_SC391_37_W_A1,6
1824,9.573436,4.1509466,SC391_cnv_19_R7C20yesS_SC391_37_W_A1,4
1825,10.913616,4.8298383,SC391_cnv_19_R7C23yesS_SC391_37_W_A1,1
1826,12.878019,4.697888,SC391_cnv_19_R7C32yesS_SC391_37_W_A2,6
1827,12.907784,5.2891693,SC391_cnv_19_R7C36yesS_SC391_37_W_A1,6
1828,11.743543,4.7880063,SC391_cnv_19_R7C41yesS_SC391_37_W_A1,6
1829,12.953606,4.8337655,SC391_cnv_19_R7C43yesS_SC391_37_W_A1,6
1830,13.025605,5.084911,SC391_cnv_19_R7C46yesS_SC391_37_W_A2,6
1831,13.094848,4.7776356,SC391_cnv_19_R7C47yesS_SC391_37_W_A2,6
1832,8.9163,4.0919585,SC391_cnv_19_R7C53yesS_SC391_37_W_A2,1
1833,3.7215729,6.328617,SC391_cnv_19_R7C55yesS_SC391_37_W_A1,0
1834,7.379804,4.861404,SC391_cnv_19_R7C61yesS_SC391_37_W_A1,4
1835,9.756799,3.4146028,SC391_cnv_19_R7C69yesS_SC391_37_W_A2,1
1836,7.344176,4.945605,SC391_cnv_19_R7C71yesS_SC391_37_W_A2,1
1837,7.7688127,5.3899527,SC391_cnv_19_R7C7yesS_SC391_37_W_A1,4
1838,13.1462965,5.3867025,SC391_cnv_19_R7C9yesS_SC391_37_W_A2,6
1839,12.625163,5.3021736,SC391_cnv_19_R8C10yesS_SC391_37_W_A2,6
1840,9.146165,2.8552096,SC391_cnv_19_R8C14yesS_SC391_37_W_A2,4
1841,7.3495584,5.0693364,SC391_cnv_19_R8C20yesS_SC391_37_W_A1,4
1842,7.7453423,4.863569,SC391_cnv_19_R8C25yesS_SC391_37_W_A1,4
1843,8.6546335,3.7064865,SC391_cnv_19_R8C27yesS_SC391_37_W_A2,4
1844,12.260903,5.348459,SC391_cnv_19_R8C28yesS_SC391_37_W_A2,6
1845,4.082753,5.7585683,SC391_cnv_19_R8C32yesS_SC391_37_W_A2,0
1846,3.8034477,5.762194,SC391_cnv_19_R8C34yesS_SC391_37_W_A2,0
1847,11.839308,6.512796,SC391_cnv_19_R8C35yesS_SC391_37_W_A2,6
1848,8.187298,4.3300905,SC391_cnv_19_R8C36yesS_SC391_37_W_A1,1
1849,13.097506,5.3125772,SC391_cnv_19_R8C37yesS_SC391_37_W_A1,6
1850,9.343007,6.602951,SC391_cnv_19_R8C39yesS_SC391_37_W_A1,4
1851,8.142551,4.4988017,SC391_cnv_19_R8C44yesS_SC391_37_W_A1,4
1852,12.431524,4.8308196,SC391_cnv_19_R8C47yesS_SC391_37_W_A2,6
1853,12.377263,5.5356197,SC391_cnv_19_R8C48yesS_SC391_37_W_A2,6
1854,8.057634,5.2316875,SC391_cnv_19_R8C4yesS_SC391_37_W_A1,4
1855,8.232163,5.628796,SC391_cnv_19_R8C53yesS_SC391_37_W_A2,4
1856,10.391889,7.689381,SC391_cnv_19_R8C58yesS_SC391_37_W_A1,6
1857,7.4434505,4.8369246,SC391_cnv_19_R8C63yesS_SC391_37_W_A2,4
1858,12.66134,4.5955834,SC391_cnv_19_R8C65yesS_SC391_37_W_A2,6
1859,13.1432905,5.474513,SC391_cnv_19_R8C66yesS_SC391_37_W_A2,6
1860,8.110313,6.016127,SC391_cnv_19_R8C6yesS_SC391_37_W_A1,6
1861,9.593026,4.0548735,SC391_cnv_19_R8C70yesS_SC391_37_W_A2,4
1862,11.842575,5.2636867,SC391_cnv_19_R8C71yesS_SC391_37_W_A2,6
1863,4.349944,5.5506415,SC391_cnv_19_R9C13yesS_SC391_37_W_B2,0
1864,8.386337,4.644715,SC391_cnv_19_R9C14yesS_SC391_37_W_B2,4
1865,8.00811,4.16493,SC391_cnv_19_R9C15yesS_SC391_37_W_B2,4
1866,7.470428,5.06325,SC391_cnv_19_R9C21yesS_SC391_37_W_B1,4
1867,4.0893593,6.056952,SC391_cnv_19_R9C28yesS_SC391_37_W_B2,0
1868,8.483054,3.8054411,SC391_cnv_19_R9C29yesS_SC391_37_W_B2,4
1869,12.039816,5.983941,SC391_cnv_19_R9C2yesS_SC391_37_W_B1,6
1870,12.8856535,4.7417617,SC391_cnv_19_R9C41yesS_SC391_37_W_B1,6
1871,9.22783,2.6621997,SC391_cnv_19_R9C46yesS_SC391_37_W_B2,7
1872,7.469761,4.828334,SC391_cnv_19_R9C4yesS_SC391_37_W_B1,4
1873,9.0901165,2.7122624,SC391_cnv_19_R9C54yesS_SC391_37_W_B1,4
1874,9.078885,3.7167416,SC391_cnv_19_R9C56yesS_SC391_37_W_B1,4
1875,12.045908,4.7563777,SC391_cnv_19_R9C59yesS_SC391_37_W_B1,6
1876,9.895931,3.638058,SC391_cnv_19_R9C66yesS_SC391_37_W_B2,1
1877,12.966189,5.3320274,SC391_cnv_19_R9C67yesS_SC391_37_W_B2,6
1878,12.125684,6.14605,SC391_cnv_19_R9C6yesS_SC391_37_W_B1,6
1879,7.741757,5.2812614,SC391_cnv_19_R9C7yesS_SC391_37_W_B1,1
1880,10.272953,4.27516,SC391_cnv_20_R0C17yesS_SC391_39_W_A2,3
1881,10.153153,9.27644,SC391_cnv_20_R0C21yesS_SC391_39_W_A1,1
1882,9.91727,8.046065,SC391_cnv_20_R0C31yesS_SC391_39_W_A2,3
1883,10.04314,9.0676565,SC391_cnv_20_R0C33yesS_SC391_39_W_A2,1
1884,9.29147,9.050026,SC391_cnv_20_R0C35yesS_SC391_39_W_A2,7
1885,8.085266,8.36714,SC391_cnv_20_R0C37yesS_SC391_39_W_A1,3
1886,9.567737,9.173891,SC391_cnv_20_R0C39yesS_SC391_39_W_A1,7
1887,8.634862,6.7211223,SC391_cnv_20_R0C53yesS_SC391_39_W_A2,3
1888,8.2563925,8.717352,SC391_cnv_20_R0C58yesS_SC391_39_W_A1,7
1889,10.781173,8.779267,SC391_cnv_20_R0C7yesS_SC391_39_W_A1,8
1890,8.352816,9.108357,SC391_cnv_20_R0C8yesS_SC391_39_W_A1,3
1891,9.60255,9.361342,SC391_cnv_20_R10C11yesS_SC391_39_W_B2,1
1892,8.442119,8.836413,SC391_cnv_20_R10C17yesS_SC391_39_W_B2,3
1893,7.352474,7.698472,SC391_cnv_20_R10C18yesS_SC391_39_W_B1,3
1894,9.282724,8.956704,SC391_cnv_20_R10C20yesS_SC391_39_W_B1,7
1895,7.0476055,7.7164774,SC391_cnv_20_R10C30yesS_SC391_39_W_B2,3
1896,3.791043,6.151414,SC391_cnv_20_R10C34yesS_SC391_39_W_B2,0
1897,7.3504734,7.7449336,SC391_cnv_20_R10C35yesS_SC391_39_W_B2,3
1898,11.335038,8.917303,SC391_cnv_20_R10C39yesS_SC391_39_W_B1,1
1899,7.1773887,7.8434,SC391_cnv_20_R10C48yesS_SC391_39_W_B2,3
1900,7.9159474,7.511195,SC391_cnv_20_R10C50yesS_SC391_39_W_B2,3
1901,7.673859,7.806987,SC391_cnv_20_R10C63yesS_SC391_39_W_B2,3
1902,10.609896,9.224539,SC391_cnv_20_R10C69yesS_SC391_39_W_B2,1
1903,10.245881,8.61357,SC391_cnv_20_R10C70yesS_SC391_39_W_B2,7
1904,7.358131,7.777376,SC391_cnv_20_R11C10yesS_SC391_39_W_B2,3
1905,7.766857,7.976834,SC391_cnv_20_R11C11yesS_SC391_39_W_B2,3
1906,7.638315,7.9426365,SC391_cnv_20_R11C13yesS_SC391_39_W_B2,3
1907,8.370126,10.059295,SC391_cnv_20_R11C15yesS_SC391_39_W_B2,3
1908,7.809668,8.085,SC391_cnv_20_R11C16yesS_SC391_39_W_B2,3
1909,7.6124926,7.744392,SC391_cnv_20_R11C25yesS_SC391_39_W_B1,3
1910,8.316627,7.48252,SC391_cnv_20_R11C27yesS_SC391_39_W_B2,3
1911,7.115758,7.669254,SC391_cnv_20_R11C29yesS_SC391_39_W_B2,3
1912,8.376333,8.449848,SC391_cnv_20_R11C32yesS_SC391_39_W_B2,3
1913,7.704551,7.996144,SC391_cnv_20_R11C35yesS_SC391_39_W_B2,3
1914,10.656522,7.94643,SC391_cnv_20_R11C37yesS_SC391_39_W_B1,3
1915,10.712287,8.817611,SC391_cnv_20_R11C39yesS_SC391_39_W_B1,8
1916,7.2531486,7.6467047,SC391_cnv_20_R11C53yesS_SC391_39_W_B2,3
1917,10.535431,8.965197,SC391_cnv_20_R11C58yesS_SC391_39_W_B1,1
1918,7.324515,7.537968,SC391_cnv_20_R11C65yesS_SC391_39_W_B2,3
1919,3.7985349,6.4183493,SC391_cnv_20_R11C67yesS_SC391_39_W_B2,0
1920,7.4327164,7.486327,SC391_cnv_20_R11C68yesS_SC391_39_W_B2,3
1921,7.1763663,7.6537824,SC391_cnv_20_R11C69yesS_SC391_39_W_B2,3
1922,7.0454745,7.8050947,SC391_cnv_20_R11C6yesS_SC391_39_W_B1,3
1923,8.882601,9.305634,SC391_cnv_20_R11C7yesS_SC391_39_W_B1,3
1924,7.2814746,7.5071335,SC391_cnv_20_R12C10yesS_SC391_39_W_B2,3
1925,10.435137,8.59905,SC391_cnv_20_R12C13yesS_SC391_39_W_B2,7
1926,11.175988,8.596392,SC391_cnv_20_R12C14yesS_SC391_39_W_B2,1
1927,4.108192,5.5703526,SC391_cnv_20_R12C17yesS_SC391_39_W_B2,0
1928,8.4419565,8.3265085,SC391_cnv_20_R12C19yesS_SC391_39_W_B1,3
1929,10.324755,9.567512,SC391_cnv_20_R12C21yesS_SC391_39_W_B1,1
1930,8.605682,4.645267,SC391_cnv_20_R12C22yesS_SC391_39_W_B1,3
1931,3.559851,5.9322934,SC391_cnv_20_R12C26yesS_SC391_39_W_B1,0
1932,7.6758394,8.110249,SC391_cnv_20_R12C34yesS_SC391_39_W_B2,3
1933,7.34466,7.790193,SC391_cnv_20_R12C35yesS_SC391_39_W_B2,3
1934,10.016751,8.690635,SC391_cnv_20_R12C37yesS_SC391_39_W_B1,8
1935,7.315083,7.5225525,SC391_cnv_20_R12C41yesS_SC391_39_W_B1,3
1936,7.342372,7.7164397,SC391_cnv_20_R12C44yesS_SC391_39_W_B1,3
1937,7.703859,7.771866,SC391_cnv_20_R12C45yesS_SC391_39_W_B2,3
1938,4.0542564,5.835362,SC391_cnv_20_R12C47yesS_SC391_39_W_B2,0
1939,7.6445827,7.8893876,SC391_cnv_20_R12C4yesS_SC391_39_W_B1,3
1940,8.332263,8.740469,SC391_cnv_20_R12C51yesS_SC391_39_W_B2,3
1941,9.429514,10.238235,SC391_cnv_20_R12C54yesS_SC391_39_W_B1,3
1942,10.030038,8.596887,SC391_cnv_20_R12C64yesS_SC391_39_W_B2,7
1943,7.3756003,8.061071,SC391_cnv_20_R12C65yesS_SC391_39_W_B2,3
1944,7.2388635,7.1824646,SC391_cnv_20_R12C68yesS_SC391_39_W_B2,3
1945,4.542941,6.177481,SC391_cnv_20_R12C69yesS_SC391_39_W_B2,7
1946,10.547953,8.885208,SC391_cnv_20_R13C15yesS_SC391_39_W_B2,7
1947,4.504198,5.615246,SC391_cnv_20_R13C21yesS_SC391_39_W_B1,0
1948,7.240539,7.6128626,SC391_cnv_20_R13C38yesS_SC391_39_W_B1,3
1949,10.562069,9.396517,SC391_cnv_20_R13C43yesS_SC391_39_W_B1,7
1950,10.426911,6.6957316,SC391_cnv_20_R13C46yesS_SC391_39_W_B2,7
1951,10.249099,8.338368,SC391_cnv_20_R13C49yesS_SC391_39_W_B2,7
1952,9.42013,9.120593,SC391_cnv_20_R13C50yesS_SC391_39_W_B2,7
1953,10.535829,9.502953,SC391_cnv_20_R13C53yesS_SC391_39_W_B2,7
1954,9.20537,6.020428,SC391_cnv_20_R13C63yesS_SC391_39_W_B2,7
1955,7.3184247,7.088193,SC391_cnv_20_R14C11yesS_SC391_39_W_B2,3
1956,8.620624,8.803494,SC391_cnv_20_R14C13yesS_SC391_39_W_B2,7
1957,8.870254,5.8124785,SC391_cnv_20_R14C19yesS_SC391_39_W_B1,3
1958,8.436735,8.8006735,SC391_cnv_20_R14C25yesS_SC391_39_W_B1,3
1959,10.732181,7.9623117,SC391_cnv_20_R14C29yesS_SC391_39_W_B2,7
1960,8.8615265,7.6654716,SC391_cnv_20_R14C2yesS_SC391_39_W_B1,3
1961,7.513137,7.188915,SC391_cnv_20_R14C35yesS_SC391_39_W_B2,3
1962,3.9153178,6.3755927,SC391_cnv_20_R14C3yesS_SC391_39_W_B1,0
1963,10.083973,8.314377,SC391_cnv_20_R14C44yesS_SC391_39_W_B1,7
1964,7.909306,7.3029838,SC391_cnv_20_R14C48yesS_SC391_39_W_B2,3
1965,7.276912,7.53506,SC391_cnv_20_R14C4yesS_SC391_39_W_B1,3
1966,7.548059,8.207772,SC391_cnv_20_R14C50yesS_SC391_39_W_B2,3
1967,9.958257,8.916963,SC391_cnv_20_R14C51yesS_SC391_39_W_B2,8
1968,10.663896,9.208033,SC391_cnv_20_R14C52yesS_SC391_39_W_B2,8
1969,7.286608,7.8707147,SC391_cnv_20_R14C57yesS_SC391_39_W_B1,3
1970,7.866968,8.09518,SC391_cnv_20_R14C65yesS_SC391_39_W_B2,3
1971,10.743186,7.7177444,SC391_cnv_20_R14C67yesS_SC391_39_W_B2,8
1972,9.4483185,8.77339,SC391_cnv_20_R14C68yesS_SC391_39_W_B2,7
1973,9.477318,6.724243,SC391_cnv_20_R14C7yesS_SC391_39_W_B1,7
1974,8.021228,8.294464,SC391_cnv_20_R14C9yesS_SC391_39_W_B2,3
1975,7.4618106,7.3905864,SC391_cnv_20_R15C12yesS_SC391_39_W_B2,3
1976,8.465826,8.872471,SC391_cnv_20_R15C14yesS_SC391_39_W_B2,3
1977,10.554801,9.007659,SC391_cnv_20_R15C1yesS_SC391_39_W_B1,7
1978,8.048005,7.3612747,SC391_cnv_20_R15C22yesS_SC391_39_W_B1,3
1979,10.445504,9.132727,SC391_cnv_20_R15C24yesS_SC391_39_W_B1,1
1980,10.381738,4.534,SC391_cnv_20_R15C29yesS_SC391_39_W_B2,3
1981,7.140721,7.667986,SC391_cnv_20_R15C2yesS_SC391_39_W_B1,3
1982,7.1690054,7.668996,SC391_cnv_20_R15C41yesS_SC391_39_W_B1,3
1983,4.1625094,6.0044146,SC391_cnv_20_R15C43yesS_SC391_39_W_B1,0
1984,4.0529284,5.4967165,SC391_cnv_20_R15C44yesS_SC391_39_W_B1,0
1985,10.377952,8.532661,SC391_cnv_20_R15C4yesS_SC391_39_W_B1,1
1986,8.497383,8.72073,SC391_cnv_20_R15C51yesS_SC391_39_W_B2,3
1987,9.677879,9.152941,SC391_cnv_20_R15C54yesS_SC391_39_W_B1,3
1988,8.459608,8.2999525,SC391_cnv_20_R15C5yesS_SC391_39_W_B1,3
1989,9.32011,9.840126,SC391_cnv_20_R15C61yesS_SC391_39_W_B1,7
1990,8.554018,9.373184,SC391_cnv_20_R15C67yesS_SC391_39_W_B2,3
1991,9.667235,10.065328,SC391_cnv_20_R15C68yesS_SC391_39_W_B2,3
1992,10.0282755,9.0855255,SC391_cnv_20_R16C10yesS_SC391_39_W_B2,7
1993,7.3850417,8.035623,SC391_cnv_20_R16C13yesS_SC391_39_W_B2,3
1994,11.040473,8.384909,SC391_cnv_20_R16C27yesS_SC391_39_W_B2,7
1995,6.818095,7.8550963,SC391_cnv_20_R16C34yesS_SC391_39_W_B2,3
1996,9.470608,8.091681,SC391_cnv_20_R16C36yesS_SC391_39_W_B1,3
1997,7.653166,8.069781,SC391_cnv_20_R16C40yesS_SC391_39_W_B1,3
1998,7.8401484,7.7405214,SC391_cnv_20_R16C44yesS_SC391_39_W_B1,3
1999,10.466763,9.242368,SC391_cnv_20_R16C45yesS_SC391_39_W_B2,8
2000,7.1481147,7.861663,SC391_cnv_20_R16C46yesS_SC391_39_W_B2,3
2001,9.853833,8.476825,SC391_cnv_20_R16C55yesS_SC391_39_W_B1,1
2002,10.40136,8.64174,SC391_cnv_20_R16C56yesS_SC391_39_W_B1,1
2003,7.7140055,6.9912553,SC391_cnv_20_R16C61yesS_SC391_39_W_B1,3
2004,9.491882,9.137275,SC391_cnv_20_R16C65yesS_SC391_39_W_B2,7
2005,10.640706,8.346365,SC391_cnv_20_R16C68yesS_SC391_39_W_B2,1
2006,10.355898,9.081777,SC391_cnv_20_R16C7yesS_SC391_39_W_B1,7
2007,9.958671,7.7782683,SC391_cnv_20_R17C12yesS_SC391_39_W_B2,7
2008,7.1768637,7.5697303,SC391_cnv_20_R17C17yesS_SC391_39_W_B2,3
2009,7.567572,8.408138,SC391_cnv_20_R17C22yesS_SC391_39_W_B1,3
2010,8.190655,9.794348,SC391_cnv_20_R17C23yesS_SC391_39_W_B1,3
2011,10.399451,8.951317,SC391_cnv_20_R17C36yesS_SC391_39_W_B1,7
2012,9.921081,9.541071,SC391_cnv_20_R17C42yesS_SC391_39_W_B1,7
2013,11.145825,8.6949415,SC391_cnv_20_R17C44yesS_SC391_39_W_B1,3
2014,8.958005,6.1080627,SC391_cnv_20_R17C45yesS_SC391_39_W_B2,7
2015,7.0796824,7.816967,SC391_cnv_20_R17C4yesS_SC391_39_W_B1,3
2016,9.997142,9.28425,SC391_cnv_20_R17C5yesS_SC391_39_W_B1,7
2017,7.2136636,7.612922,SC391_cnv_20_R17C62yesS_SC391_39_W_B1,3
2018,7.3743167,6.9091125,SC391_cnv_20_R17C63yesS_SC391_39_W_B2,3
2019,4.2341413,5.9065223,SC391_cnv_20_R17C69yesS_SC391_39_W_B2,0
2020,9.919226,8.783481,SC391_cnv_20_R17C70yesS_SC391_39_W_B2,7
2021,9.628301,8.770085,SC391_cnv_20_R17C71yesS_SC391_39_W_B2,7
2022,4.3039613,5.476166,SC391_cnv_20_R17C8yesS_SC391_39_W_B1,3
2023,8.040385,7.4093065,SC391_cnv_20_R17C9yesS_SC391_39_W_B2,3
2024,12.979273,4.9975624,SC391_cnv_20_R18C10yesS_SC391_40_W_C2,8
2025,10.296399,8.086692,SC391_cnv_20_R18C19yesS_SC391_40_W_C1,7
2026,8.490765,10.684812,SC391_cnv_20_R18C25yesS_SC391_40_W_C1,8
2027,8.554785,10.844258,SC391_cnv_20_R18C27yesS_SC391_40_W_C2,8
2028,9.968087,7.8604236,SC391_cnv_20_R18C29yesS_SC391_40_W_C2,8
2029,8.815086,10.738578,SC391_cnv_20_R18C2yesS_SC391_40_W_C1,8
2030,8.214989,4.139301,SC391_cnv_20_R18C30yesS_SC391_40_W_C2,2
2031,4.019324,6.0598416,SC391_cnv_20_R18C31yesS_SC391_40_W_C2,0
2032,9.588113,8.927802,SC391_cnv_20_R18C32yesS_SC391_40_W_C2,2
2033,9.13285,10.836524,SC391_cnv_20_R18C34yesS_SC391_40_W_C2,8
2034,7.7062206,6.0787134,SC391_cnv_20_R18C3yesS_SC391_40_W_C1,2
2035,10.007085,7.808272,SC391_cnv_20_R18C43yesS_SC391_40_W_C1,8
2036,3.9516563,5.805316,SC391_cnv_20_R18C51yesS_SC391_40_W_C2,0
2037,8.100429,10.642763,SC391_cnv_20_R18C5yesS_SC391_40_W_C1,8
2038,8.574969,10.616689,SC391_cnv_20_R18C66yesS_SC391_40_W_C2,8
2039,8.689038,10.594755,SC391_cnv_20_R18C69yesS_SC391_40_W_C2,8
2040,9.91309,8.245755,SC391_cnv_20_R18C71yesS_SC391_40_W_C2,2
2041,8.591003,10.517135,SC391_cnv_20_R18C9yesS_SC391_40_W_C2,2
2042,3.7426646,6.052094,SC391_cnv_20_R19C1yesS_SC391_40_W_C1,0
2043,8.354242,10.301381,SC391_cnv_20_R19C21yesS_SC391_40_W_C1,8
2044,9.747173,8.319336,SC391_cnv_20_R19C22yesS_SC391_40_W_C1,8
2045,3.9430416,6.0550747,SC391_cnv_20_R19C37yesS_SC391_40_W_C1,0
2046,8.677861,10.922946,SC391_cnv_20_R19C39yesS_SC391_40_W_C1,8
2047,8.00605,10.0076885,SC391_cnv_20_R19C41yesS_SC391_40_W_C1,8
2048,10.035713,8.41925,SC391_cnv_20_R19C46yesS_SC391_40_W_C2,8
2049,10.16623,7.8818245,SC391_cnv_20_R19C59yesS_SC391_40_W_C1,2
2050,8.72328,10.821821,SC391_cnv_20_R19C60yesS_SC391_40_W_C1,8
2051,8.952163,8.809871,SC391_cnv_20_R19C63yesS_SC391_40_W_C2,2
2052,8.427966,10.714756,SC391_cnv_20_R19C64yesS_SC391_40_W_C2,8
2053,8.489062,10.247359,SC391_cnv_20_R19C67yesS_SC391_40_W_C2,8
2054,8.330652,10.523437,SC391_cnv_20_R19C68yesS_SC391_40_W_C2,8
2055,8.536338,10.656488,SC391_cnv_20_R19C70yesS_SC391_40_W_C2,8
2056,9.835155,8.412039,SC391_cnv_20_R19C7yesS_SC391_40_W_C1,7
2057,9.097058,10.734909,SC391_cnv_20_R19C8yesS_SC391_40_W_C1,8
2058,8.128343,10.682944,SC391_cnv_20_R19C9yesS_SC391_40_W_C2,8
2059,7.3495765,7.6113753,SC391_cnv_20_R1C0yesS_SC391_39_W_A1,3
2060,8.2875805,7.694185,SC391_cnv_20_R1C11yesS_SC391_39_W_A2,3
2061,9.403509,7.4265723,SC391_cnv_20_R1C1yesS_SC391_39_W_A1,3
2062,8.594967,8.451367,SC391_cnv_20_R1C22yesS_SC391_39_W_A1,3
2063,8.211849,7.572739,SC391_cnv_20_R1C24yesS_SC391_39_W_A1,3
2064,7.575825,5.9813647,SC391_cnv_20_R1C27yesS_SC391_39_W_A2,3
2065,8.616908,8.762045,SC391_cnv_20_R1C30yesS_SC391_39_W_A2,3
2066,3.9096582,6.1333876,SC391_cnv_20_R1C41yesS_SC391_39_W_A1,0
2067,9.434522,9.45046,SC391_cnv_20_R1C45yesS_SC391_39_W_A2,7
2068,7.446416,7.899312,SC391_cnv_20_R1C52yesS_SC391_39_W_A2,3
2069,9.154946,8.2540455,SC391_cnv_20_R1C59yesS_SC391_39_W_A1,3
2070,10.179595,9.09451,SC391_cnv_20_R1C61yesS_SC391_39_W_A1,7
2071,9.7029705,8.938864,SC391_cnv_20_R1C64yesS_SC391_39_W_A2,7
2072,8.148205,8.994703,SC391_cnv_20_R1C69yesS_SC391_39_W_A2,4
2073,9.442711,8.635753,SC391_cnv_20_R1C71yesS_SC391_39_W_A2,7
2074,8.6317,5.4186826,SC391_cnv_20_R1C7yesS_SC391_39_W_A1,7
2075,10.835439,8.387285,SC391_cnv_20_R1C9yesS_SC391_39_W_A2,7
2076,9.12525,9.582436,SC391_cnv_20_R20C11yesS_SC391_40_W_C2,6
2077,8.159039,10.469316,SC391_cnv_20_R20C16yesS_SC391_40_W_C2,8
2078,10.466298,8.218382,SC391_cnv_20_R20C20yesS_SC391_40_W_C1,2
2079,9.439056,8.938741,SC391_cnv_20_R20C29yesS_SC391_40_W_C2,2
2080,9.879706,7.62964,SC391_cnv_20_R20C35yesS_SC391_40_W_C2,8
2081,8.31738,10.618054,SC391_cnv_20_R20C36yesS_SC391_40_W_C1,8
2082,8.769735,9.809198,SC391_cnv_20_R20C38yesS_SC391_40_W_C1,8
2083,9.578692,7.856343,SC391_cnv_20_R20C40yesS_SC391_40_W_C1,8
2084,8.262885,11.308093,SC391_cnv_20_R20C57yesS_SC391_40_W_C1,8
2085,9.251184,8.363598,SC391_cnv_20_R20C59yesS_SC391_40_W_C1,7
2086,9.852323,7.4534373,SC391_cnv_20_R20C6yesS_SC391_40_W_C1,2
2087,9.212153,7.099474,SC391_cnv_20_R20C70yesS_SC391_40_W_C2,2
2088,10.426286,6.4922643,SC391_cnv_20_R20C71yesS_SC391_40_W_C2,2
2089,8.845724,10.701403,SC391_cnv_20_R20C8yesS_SC391_40_W_C1,8
2090,3.4465811,6.1800394,SC391_cnv_20_R21C10yesS_SC391_40_W_C2,0
2091,8.910813,10.970618,SC391_cnv_20_R21C11yesS_SC391_40_W_C2,8
2092,3.8968575,6.3378687,SC391_cnv_20_R21C12yesS_SC391_40_W_C2,0
2093,8.705255,10.537643,SC391_cnv_20_R21C20yesS_SC391_40_W_C1,8
2094,3.8731675,6.3412256,SC391_cnv_20_R21C22yesS_SC391_40_W_C1,0
2095,8.4946,10.630958,SC391_cnv_20_R21C25yesS_SC391_40_W_C1,8
2096,9.043484,10.583679,SC391_cnv_20_R21C35yesS_SC391_40_W_C2,8
2097,8.928549,9.90529,SC391_cnv_20_R21C39yesS_SC391_40_W_C1,1
2098,8.763206,10.363324,SC391_cnv_20_R21C41yesS_SC391_40_W_C1,8
2099,10.105928,8.082815,SC391_cnv_20_R21C42yesS_SC391_40_W_C1,8
2100,8.854245,10.792676,SC391_cnv_20_R21C45yesS_SC391_40_W_C2,8
2101,8.771503,10.725013,SC391_cnv_20_R21C51yesS_SC391_40_W_C2,8
2102,9.714721,7.63606,SC391_cnv_20_R21C5yesS_SC391_40_W_C1,8
2103,9.491122,8.027763,SC391_cnv_20_R21C61yesS_SC391_40_W_C1,2
2104,3.5978975,6.0714235,SC391_cnv_20_R21C63yesS_SC391_40_W_C2,0
2105,3.4353633,6.229656,SC391_cnv_20_R21C6yesS_SC391_40_W_C1,0
2106,9.867748,7.797763,SC391_cnv_20_R21C71yesS_SC391_40_W_C2,2
2107,8.241781,10.360231,SC391_cnv_20_R21C7yesS_SC391_40_W_C1,8
2108,9.146815,10.560586,SC391_cnv_20_R21C9yesS_SC391_40_W_C2,8
2109,12.622938,8.67125,SC391_cnv_20_R22C26yesS_SC391_40_W_C1,2
2110,8.453769,10.810617,SC391_cnv_20_R22C29yesS_SC391_40_W_C2,7
2111,8.423956,9.621742,SC391_cnv_20_R22C32yesS_SC391_40_W_C2,8
2112,8.065736,10.66801,SC391_cnv_20_R22C33yesS_SC391_40_W_C2,8
2113,8.84584,10.755458,SC391_cnv_20_R22C37yesS_SC391_40_W_C1,8
2114,8.13437,10.602948,SC391_cnv_20_R22C38yesS_SC391_40_W_C1,8
2115,3.7525477,6.11105,SC391_cnv_20_R22C58yesS_SC391_40_W_C1,0
2116,4.215085,5.765727,SC391_cnv_20_R22C5yesS_SC391_40_W_C1,0
2117,8.093061,10.43202,SC391_cnv_20_R22C60yesS_SC391_40_W_C1,8
2118,8.897855,9.274114,SC391_cnv_20_R22C61yesS_SC391_40_W_C1,2
2119,10.272158,6.792835,SC391_cnv_20_R22C63yesS_SC391_40_W_C2,2
2120,8.144944,10.179086,SC391_cnv_20_R22C65yesS_SC391_40_W_C2,8
2121,8.289918,9.287325,SC391_cnv_20_R22C66yesS_SC391_40_W_C2,1
2122,9.595401,6.855667,SC391_cnv_20_R22C7yesS_SC391_40_W_C1,2
2123,8.59,10.572737,SC391_cnv_20_R23C15yesS_SC391_40_W_C2,8
2124,8.141673,10.001138,SC391_cnv_20_R23C21yesS_SC391_40_W_C1,8
2125,8.334449,10.276316,SC391_cnv_20_R23C24yesS_SC391_40_W_C1,2
2126,9.572449,7.95995,SC391_cnv_20_R23C33yesS_SC391_40_W_C2,8
2127,9.355643,10.755341,SC391_cnv_20_R23C34yesS_SC391_40_W_C2,8
2128,8.650473,10.242523,SC391_cnv_20_R23C36yesS_SC391_40_W_C1,2
2129,9.708969,8.496174,SC391_cnv_20_R23C44yesS_SC391_40_W_C1,8
2130,9.514823,7.9045134,SC391_cnv_20_R23C48yesS_SC391_40_W_C2,1
2131,4.273272,4.853254,SC391_cnv_20_R23C55yesS_SC391_40_W_C1,0
2132,4.0563207,5.5909796,SC391_cnv_20_R23C58yesS_SC391_40_W_C1,0
2133,10.212949,7.4089575,SC391_cnv_20_R23C69yesS_SC391_40_W_C2,2
2134,9.333426,9.349485,SC391_cnv_20_R23C7yesS_SC391_40_W_C1,8
2135,8.784285,10.882429,SC391_cnv_20_R23C8yesS_SC391_40_W_C1,7
2136,3.5382445,5.752253,SC391_cnv_20_R24C11yesS_SC391_40_W_C2,0
2137,8.891422,10.920433,SC391_cnv_20_R24C14yesS_SC391_40_W_C2,7
2138,9.961153,5.5203595,SC391_cnv_20_R24C16yesS_SC391_40_W_C2,1
2139,8.091973,10.330889,SC391_cnv_20_R24C19yesS_SC391_40_W_C1,8
2140,7.937406,6.59875,SC391_cnv_20_R24C1yesS_SC391_40_W_C1,3
2141,8.291351,10.550769,SC391_cnv_20_R24C20yesS_SC391_40_W_C1,7
2142,10.124388,7.685717,SC391_cnv_20_R24C23yesS_SC391_40_W_C1,1
2143,8.754404,9.153815,SC391_cnv_20_R24C25yesS_SC391_40_W_C1,8
2144,8.936143,8.572876,SC391_cnv_20_R24C28yesS_SC391_40_W_C2,8
2145,7.8724103,9.297106,SC391_cnv_20_R24C32yesS_SC391_40_W_C2,2
2146,10.24168,7.7791624,SC391_cnv_20_R24C33yesS_SC391_40_W_C2,8
2147,10.085933,7.476368,SC391_cnv_20_R24C35yesS_SC391_40_W_C2,2
2148,9.18644,8.918907,SC391_cnv_20_R24C42yesS_SC391_40_W_C1,2
2149,8.925855,7.574524,SC391_cnv_20_R24C4yesS_SC391_40_W_C1,2
2150,4.333996,5.543157,SC391_cnv_20_R24C52yesS_SC391_40_W_C2,0
2151,9.733159,8.1169815,SC391_cnv_20_R24C54yesS_SC391_40_W_C1,2
2152,8.563502,10.167432,SC391_cnv_20_R25C0yesS_SC391_40_W_C1,2
2153,8.151919,10.5521,SC391_cnv_20_R25C10yesS_SC391_40_W_C2,8
2154,8.777903,11.077861,SC391_cnv_20_R25C13yesS_SC391_40_W_C2,8
2155,8.798125,10.6547985,SC391_cnv_20_R25C14yesS_SC391_40_W_C2,7
2156,8.339769,10.736933,SC391_cnv_20_R25C19yesS_SC391_40_W_C1,8
2157,9.008992,9.968118,SC391_cnv_20_R25C26yesS_SC391_40_W_C1,8
2158,9.154601,8.71702,SC391_cnv_20_R25C28yesS_SC391_40_W_C2,2
2159,10.561223,7.7677183,SC391_cnv_20_R25C2yesS_SC391_40_W_C1,8
2160,8.887673,10.435029,SC391_cnv_20_R25C36yesS_SC391_40_W_C1,8
2161,9.959075,7.327204,SC391_cnv_20_R25C41yesS_SC391_40_W_C1,2
2162,7.943504,7.693481,SC391_cnv_20_R25C44yesS_SC391_40_W_C1,3
2163,8.634436,10.265136,SC391_cnv_20_R25C46yesS_SC391_40_W_C2,8
2164,7.867809,10.519515,SC391_cnv_20_R25C47yesS_SC391_40_W_C2,8
2165,8.768845,10.411226,SC391_cnv_20_R25C51yesS_SC391_40_W_C2,2
2166,8.447925,10.921616,SC391_cnv_20_R25C55yesS_SC391_40_W_C1,8
2167,8.630869,11.107265,SC391_cnv_20_R25C56yesS_SC391_40_W_C1,8
2168,9.424463,7.905849,SC391_cnv_20_R25C57yesS_SC391_40_W_C1,8
2169,10.552501,8.082556,SC391_cnv_20_R25C59yesS_SC391_40_W_C1,3
2170,3.6567354,5.538507,SC391_cnv_20_R25C62yesS_SC391_40_W_C1,0
2171,8.434094,10.700712,SC391_cnv_20_R25C67yesS_SC391_40_W_C2,8
2172,9.605357,6.124803,SC391_cnv_20_R25C7yesS_SC391_40_W_C1,8
2173,8.931721,10.997336,SC391_cnv_20_R26C0yesS_SC391_40_W_C1,7
2174,8.425227,10.727993,SC391_cnv_20_R26C3yesS_SC391_40_W_C1,1
2175,8.449831,10.575113,SC391_cnv_20_R26C41yesS_SC391_40_W_C1,8
2176,9.553207,8.281901,SC391_cnv_20_R26C44yesS_SC391_40_W_C1,8
2177,8.418805,5.434973,SC391_cnv_20_R26C48yesS_SC391_40_W_C2,2
2178,8.633646,10.91812,SC391_cnv_20_R26C55yesS_SC391_40_W_C1,8
2179,9.869266,7.8619275,SC391_cnv_20_R26C59yesS_SC391_40_W_C1,8
2180,9.919846,8.74537,SC391_cnv_20_R26C60yesS_SC391_40_W_C1,3
2181,8.0558605,10.287644,SC391_cnv_20_R26C61yesS_SC391_40_W_C1,8
2182,10.338524,7.837018,SC391_cnv_20_R26C6yesS_SC391_40_W_C1,8
2183,9.355505,9.382092,SC391_cnv_20_R26C7yesS_SC391_40_W_C1,8
2184,10.079437,6.900006,SC391_cnv_20_R27C0yesS_SC391_40_W_D1,8
2185,9.487166,8.840902,SC391_cnv_20_R27C12yesS_SC391_40_W_D2,8
2186,8.690038,10.877899,SC391_cnv_20_R27C16yesS_SC391_40_W_D2,8
2187,9.198977,7.411685,SC391_cnv_20_R27C23yesS_SC391_40_W_D1,2
2188,9.994289,8.298084,SC391_cnv_20_R27C24yesS_SC391_40_W_D1,8
2189,9.305291,9.6288595,SC391_cnv_20_R27C26yesS_SC391_40_W_D1,8
2190,10.248907,7.6242995,SC391_cnv_20_R27C27yesS_SC391_40_W_D2,2
2191,10.442133,7.5157084,SC391_cnv_20_R27C31yesS_SC391_40_W_D2,1
2192,8.368724,10.8033695,SC391_cnv_20_R27C34yesS_SC391_40_W_D2,7
2193,10.055678,8.18712,SC391_cnv_20_R27C43yesS_SC391_40_W_D1,8
2194,8.615798,10.177473,SC391_cnv_20_R27C47yesS_SC391_40_W_D2,8
2195,8.402013,10.785885,SC391_cnv_20_R27C50yesS_SC391_40_W_D2,8
2196,8.675118,10.43734,SC391_cnv_20_R27C51yesS_SC391_40_W_D2,8
2197,8.890643,8.652155,SC391_cnv_20_R27C52yesS_SC391_40_W_D2,8
2198,10.010053,8.298319,SC391_cnv_20_R27C54yesS_SC391_40_W_D1,2
2199,8.942994,10.112668,SC391_cnv_20_R27C65yesS_SC391_40_W_D2,8
2200,10.215975,7.057512,SC391_cnv_20_R27C67yesS_SC391_40_W_D2,2
2201,5.586553,6.070889,SC391_cnv_20_R27C71yesS_SC391_40_W_D2,8
2202,8.330417,10.675288,SC391_cnv_20_R27C8yesS_SC391_40_W_D1,8
2203,12.243486,7.8470364,SC391_cnv_20_R28C12yesS_SC391_40_W_D2,8
2204,9.952066,8.085281,SC391_cnv_20_R28C13yesS_SC391_40_W_D2,7
2205,8.635161,11.192444,SC391_cnv_20_R28C16yesS_SC391_40_W_D2,8
2206,9.229563,8.490617,SC391_cnv_20_R28C23yesS_SC391_40_W_D1,2
2207,9.163619,10.964946,SC391_cnv_20_R28C24yesS_SC391_40_W_D1,7
2208,8.989387,10.950211,SC391_cnv_20_R28C28yesS_SC391_40_W_D2,8
2209,4.20496,6.5994754,SC391_cnv_20_R28C31yesS_SC391_40_W_D2,8
2210,9.869167,8.101439,SC391_cnv_20_R28C34yesS_SC391_40_W_D2,8
2211,3.812422,6.3082495,SC391_cnv_20_R28C35yesS_SC391_40_W_D2,0
2212,9.007106,9.483249,SC391_cnv_20_R28C38yesS_SC391_40_W_D1,8
2213,8.364912,10.647638,SC391_cnv_20_R28C39yesS_SC391_40_W_D1,8
2214,8.022175,9.378028,SC391_cnv_20_R28C46yesS_SC391_40_W_D2,8
2215,10.238201,8.310869,SC391_cnv_20_R28C50yesS_SC391_40_W_D2,2
2216,7.7369885,9.95459,SC391_cnv_20_R28C52yesS_SC391_40_W_D2,7
2217,8.8716135,10.987651,SC391_cnv_20_R28C55yesS_SC391_40_W_D1,2
2218,9.988653,7.8489127,SC391_cnv_20_R28C68yesS_SC391_40_W_D2,7
2219,8.636543,10.51338,SC391_cnv_20_R28C69yesS_SC391_40_W_D2,1
2220,10.635771,7.321121,SC391_cnv_20_R28C70yesS_SC391_40_W_D2,2
2221,10.509465,7.2914867,SC391_cnv_20_R29C10yesS_SC391_40_W_D2,2
2222,3.3597891,6.385335,SC391_cnv_20_R29C14yesS_SC391_40_W_D2,0
2223,8.199314,10.799111,SC391_cnv_20_R29C17yesS_SC391_40_W_D2,7
2224,7.8414226,8.887221,SC391_cnv_20_R29C25yesS_SC391_40_W_D1,1
2225,8.106309,10.055918,SC391_cnv_20_R29C31yesS_SC391_40_W_D2,1
2226,3.8522599,5.510137,SC391_cnv_20_R29C36yesS_SC391_40_W_D1,0
2227,10.386183,6.111212,SC391_cnv_20_R29C38yesS_SC391_40_W_D1,8
2228,8.14876,10.690682,SC391_cnv_20_R29C40yesS_SC391_40_W_D1,8
2229,10.6976185,7.770457,SC391_cnv_20_R29C41yesS_SC391_40_W_D1,2
2230,8.187359,9.744792,SC391_cnv_20_R29C44yesS_SC391_40_W_D1,2
2231,10.6803055,6.8382773,SC391_cnv_20_R29C51yesS_SC391_40_W_D2,8
2232,8.542549,10.072165,SC391_cnv_20_R29C54yesS_SC391_40_W_D1,8
2233,10.4252405,7.0001326,SC391_cnv_20_R29C59yesS_SC391_40_W_D1,8
2234,4.4445972,6.135823,SC391_cnv_20_R29C61yesS_SC391_40_W_D1,0
2235,7.7768393,9.801323,SC391_cnv_20_R29C65yesS_SC391_40_W_D2,8
2236,8.121381,8.775282,SC391_cnv_20_R29C69yesS_SC391_40_W_D2,8
2237,8.378087,10.866834,SC391_cnv_20_R29C7yesS_SC391_40_W_D1,8
2238,9.947349,8.414487,SC391_cnv_20_R2C21yesS_SC391_39_W_A1,1
2239,7.0348845,7.618118,SC391_cnv_20_R2C22yesS_SC391_39_W_A1,3
2240,10.730584,9.229067,SC391_cnv_20_R2C24yesS_SC391_39_W_A1,7
2241,9.954729,9.222603,SC391_cnv_20_R2C25yesS_SC391_39_W_A1,7
2242,7.5629563,8.957755,SC391_cnv_20_R2C26yesS_SC391_39_W_A1,3
2243,7.3256035,7.518763,SC391_cnv_20_R2C27yesS_SC391_39_W_A2,3
2244,8.732233,10.856078,SC391_cnv_20_R2C30yesS_SC391_39_W_A2,1
2245,10.355156,9.118108,SC391_cnv_20_R2C33yesS_SC391_39_W_A2,1
2246,8.178466,10.01564,SC391_cnv_20_R2C34yesS_SC391_39_W_A2,7
2247,7.733262,7.0438933,SC391_cnv_20_R2C39yesS_SC391_39_W_A1,3
2248,7.2788653,7.6075816,SC391_cnv_20_R2C41yesS_SC391_39_W_A1,3
2249,6.0376997,6.4122543,SC391_cnv_20_R2C50yesS_SC391_39_W_A2,3
2250,7.3937626,6.8855033,SC391_cnv_20_R2C66yesS_SC391_39_W_A2,3
2251,12.48645,8.802585,SC391_cnv_20_R2C71yesS_SC391_39_W_A2,7
2252,9.030433,10.953478,SC391_cnv_20_R30C12yesS_SC391_40_W_D2,8
2253,8.168711,10.7254925,SC391_cnv_20_R30C15yesS_SC391_40_W_D2,4
2254,8.301222,9.972855,SC391_cnv_20_R30C1yesS_SC391_40_W_D1,8
2255,9.602461,7.593008,SC391_cnv_20_R30C23yesS_SC391_40_W_D1,2
2256,8.919495,10.897608,SC391_cnv_20_R30C2yesS_SC391_40_W_D1,8
2257,13.015465,4.878693,SC391_cnv_20_R30C35yesS_SC391_40_W_D2,2
2258,8.830619,11.012013,SC391_cnv_20_R30C39yesS_SC391_40_W_D1,8
2259,9.351918,10.822462,SC391_cnv_20_R30C3yesS_SC391_40_W_D1,1
2260,8.544453,10.802023,SC391_cnv_20_R30C56yesS_SC391_40_W_D1,8
2261,8.207853,10.849393,SC391_cnv_20_R30C59yesS_SC391_40_W_D1,8
2262,8.773052,11.220735,SC391_cnv_20_R30C5yesS_SC391_40_W_D1,8
2263,9.659326,8.2929125,SC391_cnv_20_R30C61yesS_SC391_40_W_D1,8
2264,11.994851,6.076832,SC391_cnv_20_R30C69yesS_SC391_40_W_D2,8
2265,8.345517,10.502412,SC391_cnv_20_R30C70yesS_SC391_40_W_D2,8
2266,4.258699,5.2052383,SC391_cnv_20_R31C16yesS_SC391_40_W_D2,0
2267,8.76108,8.701519,SC391_cnv_20_R31C22yesS_SC391_40_W_D1,7
2268,4.075284,5.753919,SC391_cnv_20_R31C31yesS_SC391_40_W_D2,0
2269,10.057473,7.628357,SC391_cnv_20_R31C32yesS_SC391_40_W_D2,8
2270,8.413522,10.49101,SC391_cnv_20_R31C34yesS_SC391_40_W_D2,2
2271,8.526966,9.767648,SC391_cnv_20_R31C42yesS_SC391_40_W_D1,8
2272,12.761645,5.4208913,SC391_cnv_20_R31C4yesS_SC391_40_W_D1,2
2273,9.378873,9.240377,SC391_cnv_20_R31C50yesS_SC391_40_W_D2,8
2274,9.026405,10.108546,SC391_cnv_20_R31C51yesS_SC391_40_W_D2,8
2275,8.940849,10.722645,SC391_cnv_20_R31C54yesS_SC391_40_W_D1,8
2276,8.1841755,10.439868,SC391_cnv_20_R31C57yesS_SC391_40_W_D1,8
2277,9.940553,7.4253654,SC391_cnv_20_R31C58yesS_SC391_40_W_D1,2
2278,8.860134,11.002497,SC391_cnv_20_R31C61yesS_SC391_40_W_D1,8
2279,8.303346,10.370974,SC391_cnv_20_R31C65yesS_SC391_40_W_D2,8
2280,7.9816833,10.268049,SC391_cnv_20_R31C67yesS_SC391_40_W_D2,8
2281,7.8132725,9.656905,SC391_cnv_20_R31C6yesS_SC391_40_W_D1,0
2282,8.033954,10.162189,SC391_cnv_20_R33C0yesS_SC391_40_W_D1,1
2283,8.96905,10.88013,SC391_cnv_20_R33C12yesS_SC391_40_W_D2,8
2284,10.150253,8.447525,SC391_cnv_20_R33C13yesS_SC391_40_W_D2,2
2285,8.594565,10.918124,SC391_cnv_20_R33C18yesS_SC391_40_W_D1,8
2286,3.5167162,6.079767,SC391_cnv_20_R33C28yesS_SC391_40_W_D2,7
2287,10.454615,5.9986916,SC391_cnv_20_R33C37yesS_SC391_40_W_D1,8
2288,9.220594,10.896268,SC391_cnv_20_R33C3yesS_SC391_40_W_D1,2
2289,9.698784,8.245537,SC391_cnv_20_R33C47yesS_SC391_40_W_D2,8
2290,9.814365,7.1429977,SC391_cnv_20_R33C49yesS_SC391_40_W_D2,7
2291,8.895442,9.378217,SC391_cnv_20_R33C55yesS_SC391_40_W_D1,8
2292,8.587687,10.565242,SC391_cnv_20_R33C57yesS_SC391_40_W_D1,8
2293,9.546323,7.9354286,SC391_cnv_20_R33C58yesS_SC391_40_W_D1,2
2294,9.256128,8.385469,SC391_cnv_20_R33C67yesS_SC391_40_W_D2,8
2295,8.110261,9.023129,SC391_cnv_20_R33C71yesS_SC391_40_W_D2,7
2296,9.445221,8.112091,SC391_cnv_20_R33C8yesS_SC391_40_W_D1,2
2297,8.297599,11.218494,SC391_cnv_20_R33C9yesS_SC391_40_W_D2,8
2298,8.811604,11.005508,SC391_cnv_20_R34C14yesS_SC391_40_W_D2,8
2299,8.283996,10.700504,SC391_cnv_20_R34C15yesS_SC391_40_W_D2,8
2300,9.022392,10.5413475,SC391_cnv_20_R34C19yesS_SC391_40_W_D1,8
2301,8.812031,10.625759,SC391_cnv_20_R34C21yesS_SC391_40_W_D1,8
2302,8.74089,5.3550544,SC391_cnv_20_R34C26yesS_SC391_40_W_D1,8
2303,8.511592,10.396217,SC391_cnv_20_R34C37yesS_SC391_40_W_D1,8
2304,9.461841,6.1624885,SC391_cnv_20_R34C38yesS_SC391_40_W_D1,2
2305,8.161849,11.002031,SC391_cnv_20_R34C42yesS_SC391_40_W_D1,7
2306,10.535946,4.4374356,SC391_cnv_20_R34C46yesS_SC391_40_W_D2,8
2307,11.351183,7.932103,SC391_cnv_20_R34C4yesS_SC391_40_W_D1,2
2308,8.683503,10.6419325,SC391_cnv_20_R34C51yesS_SC391_40_W_D2,8
2309,8.592105,10.370619,SC391_cnv_20_R34C54yesS_SC391_40_W_D1,8
2310,8.964201,10.954871,SC391_cnv_20_R34C59yesS_SC391_40_W_D1,7
2311,3.9957504,6.3681273,SC391_cnv_20_R34C62yesS_SC391_40_W_D1,0
2312,8.49493,11.067527,SC391_cnv_20_R34C67yesS_SC391_40_W_D2,8
2313,4.223397,6.1970615,SC391_cnv_20_R35C10yesS_SC391_40_W_D2,0
2314,8.33057,10.34882,SC391_cnv_20_R35C18yesS_SC391_40_W_D1,1
2315,8.622069,11.046182,SC391_cnv_20_R35C19yesS_SC391_40_W_D1,8
2316,10.29299,8.450795,SC391_cnv_20_R35C21yesS_SC391_40_W_D1,2
2317,8.146174,10.750636,SC391_cnv_20_R35C25yesS_SC391_40_W_D1,8
2318,10.154046,7.8878245,SC391_cnv_20_R35C28yesS_SC391_40_W_D2,8
2319,9.022346,8.333708,SC391_cnv_20_R35C39yesS_SC391_40_W_D1,2
2320,4.1428304,5.7222605,SC391_cnv_20_R35C42yesS_SC391_40_W_D1,0
2321,8.766719,10.5927515,SC391_cnv_20_R35C43yesS_SC391_40_W_D1,8
2322,8.235147,10.351368,SC391_cnv_20_R35C44yesS_SC391_40_W_D1,8
2323,4.1137714,5.8223124,SC391_cnv_20_R35C49yesS_SC391_40_W_D2,0
2324,10.312178,7.9075446,SC391_cnv_20_R35C51yesS_SC391_40_W_D2,2
2325,9.371777,8.329916,SC391_cnv_20_R35C55yesS_SC391_40_W_D1,2
2326,9.759273,7.911796,SC391_cnv_20_R35C62yesS_SC391_40_W_D1,2
2327,8.365181,4.3657837,SC391_cnv_20_R35C65yesS_SC391_40_W_D2,2
2328,9.231679,9.163746,SC391_cnv_20_R35C67yesS_SC391_40_W_D2,8
2329,9.171581,10.112219,SC391_cnv_20_R35C68yesS_SC391_40_W_D2,2
2330,8.587639,9.050209,SC391_cnv_20_R35C69yesS_SC391_40_W_D2,8
2331,7.9339952,10.4859705,SC391_cnv_20_R35C71yesS_SC391_40_W_D2,8
2332,9.143979,4.286878,SC391_cnv_20_R36C10yesS_SC391_39_W_A2,2
2333,10.604411,9.273145,SC391_cnv_20_R36C14yesS_SC391_39_W_A2,7
2334,9.316366,8.24242,SC391_cnv_20_R36C15yesS_SC391_39_W_A2,7
2335,7.29157,7.6036367,SC391_cnv_20_R36C21yesS_SC391_39_W_A1,3
2336,7.7166104,9.269327,SC391_cnv_20_R36C23yesS_SC391_39_W_A1,3
2337,10.386789,9.129841,SC391_cnv_20_R36C40yesS_SC391_39_W_A1,8
2338,11.816383,7.6805706,SC391_cnv_20_R36C44yesS_SC391_39_W_A1,3
2339,8.094441,7.418775,SC391_cnv_20_R36C52yesS_SC391_39_W_A2,3
2340,10.970715,8.528518,SC391_cnv_20_R36C8yesS_SC391_39_W_A1,3
2341,8.625063,8.101471,SC391_cnv_20_R37C0yesS_SC391_39_W_A1,8
2342,9.492556,7.879073,SC391_cnv_20_R37C16yesS_SC391_39_W_A2,7
2343,7.82417,7.229786,SC391_cnv_20_R37C19yesS_SC391_39_W_A1,3
2344,7.1125693,7.4952455,SC391_cnv_20_R37C24yesS_SC391_39_W_A1,3
2345,7.050528,7.810379,SC391_cnv_20_R37C26yesS_SC391_39_W_A1,3
2346,7.1302843,6.3773003,SC391_cnv_20_R37C27yesS_SC391_39_W_A2,3
2347,13.213615,11.510468,SC391_cnv_20_R37C2yesS_SC391_39_W_A1,3
2348,7.0255384,7.636333,SC391_cnv_20_R37C38yesS_SC391_39_W_A1,3
2349,3.7511735,6.3288207,SC391_cnv_20_R37C39yesS_SC391_39_W_A1,0
2350,3.6136708,6.628164,SC391_cnv_20_R37C3yesS_SC391_39_W_A1,0
2351,7.2689595,7.9500313,SC391_cnv_20_R37C41yesS_SC391_39_W_A1,3
2352,9.675236,8.62042,SC391_cnv_20_R37C48yesS_SC391_39_W_A2,7
2353,8.387354,7.323763,SC391_cnv_20_R37C54yesS_SC391_39_W_A1,3
2354,9.086427,8.755841,SC391_cnv_20_R37C59yesS_SC391_39_W_A1,7
2355,8.612933,8.273151,SC391_cnv_20_R37C60yesS_SC391_39_W_A1,3
2356,10.754318,9.503337,SC391_cnv_20_R38C10yesS_SC391_39_W_A2,7
2357,7.0656714,7.652086,SC391_cnv_20_R38C14yesS_SC391_39_W_A2,3
2358,10.05711,8.851703,SC391_cnv_20_R38C23yesS_SC391_39_W_A1,7
2359,11.356562,7.058997,SC391_cnv_20_R38C28yesS_SC391_39_W_A2,8
2360,7.796068,7.7374682,SC391_cnv_20_R38C30yesS_SC391_39_W_A2,3
2361,10.643175,8.389008,SC391_cnv_20_R38C32yesS_SC391_39_W_A2,2
2362,4.3576427,5.579057,SC391_cnv_20_R38C35yesS_SC391_39_W_A2,0
2363,7.330057,7.49855,SC391_cnv_20_R38C42yesS_SC391_39_W_A1,3
2364,9.4161,8.954567,SC391_cnv_20_R38C45yesS_SC391_39_W_A2,7
2365,4.693942,6.3203216,SC391_cnv_20_R38C47yesS_SC391_39_W_A2,5
2366,8.83562,10.855119,SC391_cnv_20_R38C4yesS_SC391_39_W_A1,8
2367,7.3661194,7.448394,SC391_cnv_20_R38C50yesS_SC391_39_W_A2,3
2368,7.010146,7.814731,SC391_cnv_20_R38C57yesS_SC391_39_W_A1,3
2369,7.4832125,8.094394,SC391_cnv_20_R38C61yesS_SC391_39_W_A1,3
2370,8.921557,10.819658,SC391_cnv_20_R38C66yesS_SC391_39_W_A2,7
2371,7.443443,7.874918,SC391_cnv_20_R38C67yesS_SC391_39_W_A2,3
2372,11.409196,10.523982,SC391_cnv_20_R38C71yesS_SC391_39_W_A2,3
2373,8.425716,10.063162,SC391_cnv_20_R38C9yesS_SC391_39_W_A2,7
2374,9.491144,8.670409,SC391_cnv_20_R39C19yesS_SC391_39_W_A1,7
2375,12.495765,4.513367,SC391_cnv_20_R39C24yesS_SC391_39_W_A1,7
2376,8.567795,7.6513863,SC391_cnv_20_R39C30yesS_SC391_39_W_A2,3
2377,9.041866,8.4948845,SC391_cnv_20_R39C31yesS_SC391_39_W_A2,1
2378,6.953179,7.545612,SC391_cnv_20_R39C36yesS_SC391_39_W_A1,3
2379,8.199395,6.144726,SC391_cnv_20_R39C37yesS_SC391_39_W_A1,3
2380,10.302235,9.34539,SC391_cnv_20_R39C41yesS_SC391_39_W_A1,1
2381,8.797757,8.943274,SC391_cnv_20_R39C42yesS_SC391_39_W_A1,3
2382,8.745299,9.080819,SC391_cnv_20_R39C47yesS_SC391_39_W_A2,3
2383,3.946315,5.8154407,SC391_cnv_20_R39C57yesS_SC391_39_W_A1,0
2384,9.567096,4.6387634,SC391_cnv_20_R39C65yesS_SC391_39_W_A2,3
2385,9.901524,8.209516,SC391_cnv_20_R39C7yesS_SC391_39_W_A1,1
2386,9.7311,8.412846,SC391_cnv_20_R39C9yesS_SC391_39_W_A2,7
2387,8.25275,7.676085,SC391_cnv_20_R3C16yesS_SC391_39_W_A2,3
2388,10.688444,9.175528,SC391_cnv_20_R3C20yesS_SC391_39_W_A1,7
2389,7.4880543,7.3659263,SC391_cnv_20_R3C25yesS_SC391_39_W_A1,3
2390,10.277617,8.2747135,SC391_cnv_20_R3C28yesS_SC391_39_W_A2,7
2391,8.386736,8.753949,SC391_cnv_20_R3C29yesS_SC391_39_W_A2,3
2392,9.029687,8.63275,SC391_cnv_20_R3C30yesS_SC391_39_W_A2,7
2393,3.7593813,6.2372622,SC391_cnv_20_R3C31yesS_SC391_39_W_A2,0
2394,10.496349,8.960839,SC391_cnv_20_R3C36yesS_SC391_39_W_A1,7
2395,7.4434733,7.9468155,SC391_cnv_20_R3C37yesS_SC391_39_W_A1,3
2396,7.764672,7.909672,SC391_cnv_20_R3C39yesS_SC391_39_W_A1,3
2397,3.5757945,6.5935917,SC391_cnv_20_R3C3yesS_SC391_39_W_A1,0
2398,8.373983,8.953387,SC391_cnv_20_R3C40yesS_SC391_39_W_A1,3
2399,10.340665,8.940114,SC391_cnv_20_R3C42yesS_SC391_39_W_A1,4
2400,8.367598,8.768451,SC391_cnv_20_R3C43yesS_SC391_39_W_A1,3
2401,11.054226,9.150924,SC391_cnv_20_R3C44yesS_SC391_39_W_A1,2
2402,11.52859,8.18885,SC391_cnv_20_R3C47yesS_SC391_39_W_A2,3
2403,10.304266,7.867112,SC391_cnv_20_R3C63yesS_SC391_39_W_A2,7
2404,8.03018,8.143067,SC391_cnv_20_R3C69yesS_SC391_39_W_A2,3
2405,8.451567,9.146023,SC391_cnv_20_R3C71yesS_SC391_39_W_A2,7
2406,8.546771,9.118754,SC391_cnv_20_R40C17yesS_SC391_39_W_A2,1
2407,8.721066,8.820396,SC391_cnv_20_R40C25yesS_SC391_39_W_A1,3
2408,7.936583,9.766127,SC391_cnv_20_R40C2yesS_SC391_39_W_A1,7
2409,7.2133284,7.655133,SC391_cnv_20_R40C33yesS_SC391_39_W_A2,3
2410,7.7456255,7.173768,SC391_cnv_20_R40C36yesS_SC391_39_W_A1,3
2411,7.3852167,7.089235,SC391_cnv_20_R40C3yesS_SC391_39_W_A1,3
2412,9.547687,9.818129,SC391_cnv_20_R40C45yesS_SC391_39_W_A2,3
2413,8.054532,10.404021,SC391_cnv_20_R40C47yesS_SC391_39_W_A2,3
2414,9.393598,8.876159,SC391_cnv_20_R40C50yesS_SC391_39_W_A2,3
2415,10.970739,8.718088,SC391_cnv_20_R41C0yesS_SC391_39_W_A1,7
2416,9.829099,9.595651,SC391_cnv_20_R41C10yesS_SC391_39_W_A2,7
2417,10.389122,6.7641535,SC391_cnv_20_R41C12yesS_SC391_39_W_A2,3
2418,9.112769,10.471797,SC391_cnv_20_R41C13yesS_SC391_39_W_A2,8
2419,8.641398,10.041818,SC391_cnv_20_R41C15yesS_SC391_39_W_A2,1
2420,7.432808,7.3472676,SC391_cnv_20_R41C23yesS_SC391_39_W_A1,3
2421,9.694421,9.74698,SC391_cnv_20_R41C36yesS_SC391_39_W_A1,3
2422,3.856369,6.624585,SC391_cnv_20_R41C39yesS_SC391_39_W_A1,0
2423,10.47301,8.825675,SC391_cnv_20_R41C41yesS_SC391_39_W_A1,7
2424,9.451729,9.056858,SC391_cnv_20_R41C48yesS_SC391_39_W_A2,7
2425,9.855037,7.878323,SC391_cnv_20_R41C54yesS_SC391_39_W_A1,7
2426,8.1775055,7.766126,SC391_cnv_20_R41C62yesS_SC391_39_W_A1,3
2427,7.6885996,9.129784,SC391_cnv_20_R41C64yesS_SC391_39_W_A2,3
2428,8.185275,9.395062,SC391_cnv_20_R42C11yesS_SC391_39_W_A2,3
2429,4.13535,5.064783,SC391_cnv_20_R42C23yesS_SC391_39_W_A1,0
2430,8.187806,9.739415,SC391_cnv_20_R42C29yesS_SC391_39_W_A2,7
2431,7.6113977,7.4412904,SC391_cnv_20_R42C30yesS_SC391_39_W_A2,3
2432,7.0138006,7.4887877,SC391_cnv_20_R42C31yesS_SC391_39_W_A2,3
2433,10.931953,9.191891,SC391_cnv_20_R42C33yesS_SC391_39_W_A2,1
2434,7.2122927,7.744816,SC391_cnv_20_R42C40yesS_SC391_39_W_A1,3
2435,4.0856714,5.6015706,SC391_cnv_20_R42C46yesS_SC391_39_W_A2,2
2436,10.248375,9.348856,SC391_cnv_20_R42C51yesS_SC391_39_W_A2,3
2437,7.205997,8.067341,SC391_cnv_20_R42C54yesS_SC391_39_W_A1,3
2438,8.670637,8.498499,SC391_cnv_20_R42C57yesS_SC391_39_W_A1,3
2439,8.151583,10.646265,SC391_cnv_20_R42C64yesS_SC391_39_W_A2,8
2440,9.042047,5.7026095,SC391_cnv_20_R42C65yesS_SC391_39_W_A2,2
2441,7.9552,9.043528,SC391_cnv_20_R42C68yesS_SC391_39_W_A2,2
2442,7.8934765,7.571186,SC391_cnv_20_R42C7yesS_SC391_39_W_A1,3
2443,12.475034,9.132697,SC391_cnv_20_R43C16yesS_SC391_39_W_A2,7
2444,9.525006,8.026167,SC391_cnv_20_R43C30yesS_SC391_39_W_A2,3
2445,10.966458,8.8106985,SC391_cnv_20_R43C32yesS_SC391_39_W_A2,3
2446,7.3440843,8.176552,SC391_cnv_20_R43C33yesS_SC391_39_W_A2,3
2447,10.156792,8.530553,SC391_cnv_20_R43C36yesS_SC391_39_W_A1,1
2448,13.434293,11.710368,SC391_cnv_20_R43C40yesS_SC391_39_W_A1,1
2449,11.100702,3.372399,SC391_cnv_20_R43C45yesS_SC391_39_W_A2,3
2450,8.300158,10.656116,SC391_cnv_20_R43C48yesS_SC391_39_W_A2,3
2451,11.894301,6.2494054,SC391_cnv_20_R43C4yesS_SC391_39_W_A1,1
2452,8.996135,10.326836,SC391_cnv_20_R43C61yesS_SC391_39_W_A1,3
2453,9.819164,7.621887,SC391_cnv_20_R43C63yesS_SC391_39_W_A2,1
2454,8.404981,8.636417,SC391_cnv_20_R43C68yesS_SC391_39_W_A2,3
2455,12.1600275,4.709087,SC391_cnv_20_R43C9yesS_SC391_39_W_A2,7
2456,8.494753,8.570512,SC391_cnv_20_R44C0yesS_SC391_39_W_A1,7
2457,8.232133,8.918095,SC391_cnv_20_R44C25yesS_SC391_39_W_A1,3
2458,8.271191,9.178739,SC391_cnv_20_R44C26yesS_SC391_39_W_A1,7
2459,11.010825,7.6826453,SC391_cnv_20_R44C27yesS_SC391_39_W_A2,8
2460,10.31261,8.2066555,SC391_cnv_20_R44C29yesS_SC391_39_W_A2,8
2461,7.0328627,6.748542,SC391_cnv_20_R44C30yesS_SC391_39_W_A2,3
2462,7.5200357,7.8021164,SC391_cnv_20_R44C33yesS_SC391_39_W_A2,3
2463,7.8593283,8.124629,SC391_cnv_20_R44C37yesS_SC391_39_W_A1,3
2464,9.838121,7.829669,SC391_cnv_20_R44C41yesS_SC391_39_W_A1,7
2465,7.197734,7.3043704,SC391_cnv_20_R44C44yesS_SC391_39_W_A1,3
2466,7.057435,7.7958107,SC391_cnv_20_R44C46yesS_SC391_39_W_A2,3
2467,7.1633444,7.6941586,SC391_cnv_20_R44C48yesS_SC391_39_W_A2,3
2468,11.53961,8.78368,SC391_cnv_20_R44C50yesS_SC391_39_W_A2,7
2469,8.884762,8.531831,SC391_cnv_20_R44C51yesS_SC391_39_W_A2,3
2470,9.740849,8.046424,SC391_cnv_20_R44C5yesS_SC391_39_W_A1,7
2471,9.803165,5.817521,SC391_cnv_20_R44C67yesS_SC391_39_W_A2,3
2472,10.544118,7.7853823,SC391_cnv_20_R45C14yesS_SC391_39_W_B2,7
2473,7.8020844,6.7049174,SC391_cnv_20_R45C17yesS_SC391_39_W_B2,3
2474,9.782079,8.516571,SC391_cnv_20_R45C18yesS_SC391_39_W_B1,2
2475,7.4281206,8.050793,SC391_cnv_20_R45C21yesS_SC391_39_W_B1,3
2476,8.954399,8.67464,SC391_cnv_20_R45C25yesS_SC391_39_W_B1,7
2477,3.6394022,6.2811537,SC391_cnv_20_R45C27yesS_SC391_39_W_B2,0
2478,8.104761,8.925935,SC391_cnv_20_R45C28yesS_SC391_39_W_B2,3
2479,7.153191,7.5613656,SC391_cnv_20_R45C32yesS_SC391_39_W_B2,3
2480,3.654824,6.3276606,SC391_cnv_20_R45C39yesS_SC391_39_W_B1,0
2481,10.530817,9.234867,SC391_cnv_20_R45C40yesS_SC391_39_W_B1,7
2482,9.108615,10.439746,SC391_cnv_20_R45C43yesS_SC391_39_W_B1,3
2483,9.316815,9.265582,SC391_cnv_20_R45C4yesS_SC391_39_W_B1,7
2484,10.142976,8.339675,SC391_cnv_20_R45C51yesS_SC391_39_W_B2,7
2485,7.3128896,7.551335,SC391_cnv_20_R45C52yesS_SC391_39_W_B2,3
2486,9.759957,9.419304,SC391_cnv_20_R45C58yesS_SC391_39_W_B1,7
2487,3.9461155,6.267342,SC391_cnv_20_R45C60yesS_SC391_39_W_B1,0
2488,9.4418335,10.560041,SC391_cnv_20_R45C63yesS_SC391_39_W_B2,3
2489,9.3996105,6.845921,SC391_cnv_20_R46C11yesS_SC391_39_W_B2,7
2490,10.280914,8.157711,SC391_cnv_20_R46C15yesS_SC391_39_W_B2,7
2491,4.111836,5.756173,SC391_cnv_20_R46C19yesS_SC391_39_W_B1,0
2492,7.7328553,7.9881153,SC391_cnv_20_R46C20yesS_SC391_39_W_B1,3
2493,3.6493325,6.162728,SC391_cnv_20_R46C24yesS_SC391_39_W_B1,0
2494,7.094851,7.6400394,SC391_cnv_20_R46C27yesS_SC391_39_W_B2,3
2495,9.469606,8.234733,SC391_cnv_20_R46C28yesS_SC391_39_W_B2,3
2496,8.8681345,6.238836,SC391_cnv_20_R46C29yesS_SC391_39_W_B2,1
2497,8.205506,4.096805,SC391_cnv_20_R46C44yesS_SC391_39_W_B1,3
2498,7.27388,7.8100204,SC391_cnv_20_R46C46yesS_SC391_39_W_B2,3
2499,10.481877,9.311962,SC391_cnv_20_R46C48yesS_SC391_39_W_B2,7
2500,11.478267,6.1100473,SC391_cnv_20_R46C52yesS_SC391_39_W_B2,3
2501,10.058415,8.180375,SC391_cnv_20_R46C53yesS_SC391_39_W_B2,7
2502,10.400655,8.65843,SC391_cnv_20_R46C55yesS_SC391_39_W_B1,7
2503,6.9601517,7.74592,SC391_cnv_20_R46C57yesS_SC391_39_W_B1,3
2504,10.187411,8.327564,SC391_cnv_20_R46C5yesS_SC391_39_W_B1,7
2505,7.0921464,7.502422,SC391_cnv_20_R46C63yesS_SC391_39_W_B2,3
2506,10.557572,7.481877,SC391_cnv_20_R46C66yesS_SC391_39_W_B2,3
2507,6.9613314,7.7660956,SC391_cnv_20_R46C67yesS_SC391_39_W_B2,3
2508,10.169269,8.647394,SC391_cnv_20_R46C6yesS_SC391_39_W_B1,4
2509,8.1256695,7.6553154,SC391_cnv_20_R46C7yesS_SC391_39_W_B1,3
2510,11.516455,6.458692,SC391_cnv_20_R46C9yesS_SC391_39_W_B2,1
2511,3.8034039,6.0079637,SC391_cnv_20_R47C11yesS_SC391_39_W_B2,0
2512,7.0962405,7.728587,SC391_cnv_20_R47C17yesS_SC391_39_W_B2,3
2513,9.532647,9.365862,SC391_cnv_20_R47C20yesS_SC391_39_W_B1,7
2514,9.286079,8.846359,SC391_cnv_20_R47C24yesS_SC391_39_W_B1,7
2515,6.996806,7.8676977,SC391_cnv_20_R47C2yesS_SC391_39_W_B1,3
2516,6.9385214,7.651234,SC391_cnv_20_R47C30yesS_SC391_39_W_B2,3
2517,10.611022,4.275592,SC391_cnv_20_R47C33yesS_SC391_39_W_B2,3
2518,4.3449473,6.364142,SC391_cnv_20_R47C34yesS_SC391_39_W_B2,3
2519,4.063142,5.447345,SC391_cnv_20_R47C38yesS_SC391_39_W_B1,0
2520,3.8678129,6.1792502,SC391_cnv_20_R47C46yesS_SC391_39_W_B2,0
2521,7.3691516,7.4399815,SC391_cnv_20_R47C50yesS_SC391_39_W_B2,3
2522,8.849679,5.1917815,SC391_cnv_20_R47C56yesS_SC391_39_W_B1,3
2523,7.8013396,7.235876,SC391_cnv_20_R47C57yesS_SC391_39_W_B1,3
2524,8.993615,5.3804674,SC391_cnv_20_R47C61yesS_SC391_39_W_B1,3
2525,9.955411,8.813481,SC391_cnv_20_R47C63yesS_SC391_39_W_B2,8
2526,9.740945,9.806818,SC391_cnv_20_R47C64yesS_SC391_39_W_B2,3
2527,9.631359,8.972898,SC391_cnv_20_R47C66yesS_SC391_39_W_B2,7
2528,7.5158944,7.715267,SC391_cnv_20_R47C68yesS_SC391_39_W_B2,3
2529,6.9553914,7.5170326,SC391_cnv_20_R48C10yesS_SC391_39_W_B2,3
2530,3.4843867,6.155628,SC391_cnv_20_R48C13yesS_SC391_39_W_B2,7
2531,8.112701,7.7850666,SC391_cnv_20_R48C16yesS_SC391_39_W_B2,3
2532,8.649927,10.377697,SC391_cnv_20_R48C17yesS_SC391_39_W_B2,3
2533,7.655842,7.9819493,SC391_cnv_20_R48C21yesS_SC391_39_W_B1,3
2534,10.023989,9.205302,SC391_cnv_20_R48C22yesS_SC391_39_W_B1,8
2535,7.6409187,6.41187,SC391_cnv_20_R48C23yesS_SC391_39_W_B1,3
2536,8.809704,2.8779325,SC391_cnv_20_R48C34yesS_SC391_39_W_B2,3
2537,9.389065,7.9804683,SC391_cnv_20_R48C35yesS_SC391_39_W_B2,7
2538,3.9968283,6.2462387,SC391_cnv_20_R48C40yesS_SC391_39_W_B1,0
2539,7.1352777,7.143587,SC391_cnv_20_R48C50yesS_SC391_39_W_B2,3
2540,7.207404,8.011563,SC391_cnv_20_R48C51yesS_SC391_39_W_B2,3
2541,9.223824,10.284165,SC391_cnv_20_R48C52yesS_SC391_39_W_B2,7
2542,7.9352508,7.14286,SC391_cnv_20_R48C56yesS_SC391_39_W_B1,3
2543,10.14925,8.873255,SC391_cnv_20_R48C58yesS_SC391_39_W_B1,7
2544,10.675924,9.604131,SC391_cnv_20_R48C61yesS_SC391_39_W_B1,7
2545,3.828739,6.319838,SC391_cnv_20_R48C64yesS_SC391_39_W_B2,0
2546,9.5578985,9.38062,SC391_cnv_20_R48C6yesS_SC391_39_W_B1,1
2547,7.9164567,8.360508,SC391_cnv_20_R49C10yesS_SC391_39_W_B2,3
2548,7.0487256,7.3965054,SC391_cnv_20_R49C13yesS_SC391_39_W_B2,3
2549,8.522599,8.5649605,SC391_cnv_20_R49C20yesS_SC391_39_W_B1,3
2550,8.863763,10.698533,SC391_cnv_20_R49C26yesS_SC391_39_W_B1,7
2551,8.911294,3.2108233,SC391_cnv_20_R49C27yesS_SC391_39_W_B2,3
2552,7.271111,7.755208,SC391_cnv_20_R49C2yesS_SC391_39_W_B1,3
2553,10.262464,8.249178,SC391_cnv_20_R49C32yesS_SC391_39_W_B2,8
2554,10.792597,9.239255,SC391_cnv_20_R49C33yesS_SC391_39_W_B2,4
2555,9.450037,9.88249,SC391_cnv_20_R49C34yesS_SC391_39_W_B2,7
2556,3.780629,6.3277974,SC391_cnv_20_R49C36yesS_SC391_39_W_B1,0
2557,8.918597,8.754148,SC391_cnv_20_R49C42yesS_SC391_39_W_B1,3
2558,10.772399,8.285001,SC391_cnv_20_R49C50yesS_SC391_39_W_B2,3
2559,9.412765,8.328272,SC391_cnv_20_R49C51yesS_SC391_39_W_B2,7
2560,9.034977,9.190712,SC391_cnv_20_R49C58yesS_SC391_39_W_B1,7
2561,10.469027,9.239479,SC391_cnv_20_R49C66yesS_SC391_39_W_B2,7
2562,7.2182813,7.7792983,SC391_cnv_20_R49C71yesS_SC391_39_W_B2,3
2563,10.199226,8.109253,SC391_cnv_20_R49C7yesS_SC391_39_W_B1,7
2564,7.1579795,7.740664,SC391_cnv_20_R4C18yesS_SC391_39_W_A1,3
2565,10.24324,6.6412745,SC391_cnv_20_R4C23yesS_SC391_39_W_A1,1
2566,10.629253,6.001942,SC391_cnv_20_R4C25yesS_SC391_39_W_A1,1
2567,9.201206,8.619973,SC391_cnv_20_R4C29yesS_SC391_39_W_A2,3
2568,13.033376,5.2668147,SC391_cnv_20_R4C33yesS_SC391_39_W_A2,7
2569,12.450996,5.6112075,SC391_cnv_20_R4C38yesS_SC391_39_W_A1,3
2570,4.2942033,5.6958857,SC391_cnv_20_R4C44yesS_SC391_39_W_A1,0
2571,9.822392,9.402874,SC391_cnv_20_R4C45yesS_SC391_39_W_A2,3
2572,8.334144,9.110505,SC391_cnv_20_R4C4yesS_SC391_39_W_A1,7
2573,8.220618,7.8843336,SC391_cnv_20_R4C50yesS_SC391_39_W_A2,3
2574,9.078584,7.5103674,SC391_cnv_20_R4C56yesS_SC391_39_W_A1,3
2575,4.8398013,6.59484,SC391_cnv_20_R4C63yesS_SC391_39_W_A2,7
2576,9.601186,8.796528,SC391_cnv_20_R4C67yesS_SC391_39_W_A2,7
2577,11.824635,5.1328306,SC391_cnv_20_R4C70yesS_SC391_39_W_A2,3
2578,9.814598,9.5415325,SC391_cnv_20_R50C14yesS_SC391_39_W_B2,7
2579,8.198179,10.214866,SC391_cnv_20_R50C21yesS_SC391_39_W_B1,7
2580,8.121594,10.335871,SC391_cnv_20_R50C22yesS_SC391_39_W_B1,8
2581,7.364988,7.746579,SC391_cnv_20_R50C26yesS_SC391_39_W_B1,3
2582,9.764773,9.244668,SC391_cnv_20_R50C27yesS_SC391_39_W_B2,7
2583,4.4346523,6.5806775,SC391_cnv_20_R50C29yesS_SC391_39_W_B2,7
2584,4.028243,5.0173326,SC391_cnv_20_R50C2yesS_SC391_39_W_B1,1
2585,9.546787,8.361365,SC391_cnv_20_R50C32yesS_SC391_39_W_B2,3
2586,3.8381484,5.7605186,SC391_cnv_20_R50C38yesS_SC391_39_W_B1,0
2587,10.11746,7.631352,SC391_cnv_20_R50C39yesS_SC391_39_W_B1,7
2588,7.7857375,7.82575,SC391_cnv_20_R50C46yesS_SC391_39_W_B2,3
2589,3.849419,6.4006577,SC391_cnv_20_R50C48yesS_SC391_39_W_B2,0
2590,7.360774,7.2610555,SC391_cnv_20_R50C59yesS_SC391_39_W_B1,3
2591,7.5599823,8.041,SC391_cnv_20_R50C60yesS_SC391_39_W_B1,3
2592,6.56625,6.4744053,SC391_cnv_20_R50C66yesS_SC391_39_W_B2,3
2593,10.523913,8.277214,SC391_cnv_20_R50C71yesS_SC391_39_W_B2,1
2594,8.4563055,9.099964,SC391_cnv_20_R51C15yesS_SC391_39_W_B2,7
2595,8.102779,9.0967,SC391_cnv_20_R51C16yesS_SC391_39_W_B2,3
2596,8.853882,9.840182,SC391_cnv_20_R51C24yesS_SC391_39_W_B1,8
2597,7.8609824,7.5473943,SC391_cnv_20_R51C25yesS_SC391_39_W_B1,3
2598,7.4938655,7.4353113,SC391_cnv_20_R51C28yesS_SC391_39_W_B2,3
2599,9.707131,8.0044985,SC391_cnv_20_R51C30yesS_SC391_39_W_B2,7
2600,9.957745,4.643959,SC391_cnv_20_R51C32yesS_SC391_39_W_B2,3
2601,9.808,8.914466,SC391_cnv_20_R51C33yesS_SC391_39_W_B2,7
2602,7.470448,7.0501575,SC391_cnv_20_R51C39yesS_SC391_39_W_B1,3
2603,6.9841695,7.5348735,SC391_cnv_20_R51C43yesS_SC391_39_W_B1,3
2604,3.6243064,6.507609,SC391_cnv_20_R51C46yesS_SC391_39_W_B2,0
2605,9.4082,8.332525,SC391_cnv_20_R51C47yesS_SC391_39_W_B2,3
2606,8.220156,8.76626,SC391_cnv_20_R51C4yesS_SC391_39_W_B1,8
2607,7.175183,7.5223436,SC391_cnv_20_R51C52yesS_SC391_39_W_B2,3
2608,6.9766393,8.010124,SC391_cnv_20_R51C53yesS_SC391_39_W_B2,3
2609,8.9788,4.1900015,SC391_cnv_20_R51C54yesS_SC391_39_W_B1,7
2610,11.946549,9.084161,SC391_cnv_20_R51C60yesS_SC391_39_W_B1,7
2611,10.154093,8.414896,SC391_cnv_20_R51C63yesS_SC391_39_W_B2,1
2612,7.338808,7.4024444,SC391_cnv_20_R51C64yesS_SC391_39_W_B2,3
2613,9.523372,10.003641,SC391_cnv_20_R51C67yesS_SC391_39_W_B2,7
2614,11.84644,7.836926,SC391_cnv_20_R51C69yesS_SC391_39_W_B2,3
2615,11.161833,8.733073,SC391_cnv_20_R51C70yesS_SC391_39_W_B2,7
2616,6.8022933,7.5657854,SC391_cnv_20_R52C0yesS_SC391_39_W_B1,3
2617,3.5230596,6.103043,SC391_cnv_20_R52C10yesS_SC391_39_W_B2,0
2618,9.735006,8.617388,SC391_cnv_20_R52C15yesS_SC391_39_W_B2,7
2619,7.8147273,8.292972,SC391_cnv_20_R52C19yesS_SC391_39_W_B1,3
2620,3.329304,6.358232,SC391_cnv_20_R52C29yesS_SC391_39_W_B2,0
2621,12.136399,5.255308,SC391_cnv_20_R52C38yesS_SC391_39_W_B1,7
2622,11.376396,8.264157,SC391_cnv_20_R52C42yesS_SC391_39_W_B1,8
2623,10.370314,8.519685,SC391_cnv_20_R52C52yesS_SC391_39_W_B2,7
2624,7.019178,7.413695,SC391_cnv_20_R52C53yesS_SC391_39_W_B2,3
2625,10.709221,8.904022,SC391_cnv_20_R52C66yesS_SC391_39_W_B2,4
2626,8.2243185,8.907981,SC391_cnv_20_R52C67yesS_SC391_39_W_B2,3
2627,11.086971,7.6742454,SC391_cnv_20_R53C10yesS_SC391_39_W_B2,1
2628,8.403522,9.377753,SC391_cnv_20_R53C11yesS_SC391_39_W_B2,3
2629,9.681908,8.501834,SC391_cnv_20_R53C21yesS_SC391_39_W_B1,1
2630,7.3839993,8.195267,SC391_cnv_20_R53C22yesS_SC391_39_W_B1,3
2631,3.625591,6.483129,SC391_cnv_20_R53C28yesS_SC391_39_W_B2,0
2632,10.194529,9.222853,SC391_cnv_20_R53C31yesS_SC391_39_W_B2,7
2633,7.1899815,7.2154875,SC391_cnv_20_R53C32yesS_SC391_39_W_B2,3
2634,7.116605,7.4767923,SC391_cnv_20_R53C34yesS_SC391_39_W_B2,3
2635,9.791715,8.754357,SC391_cnv_20_R53C36yesS_SC391_39_W_B1,7
2636,3.8031669,5.2080336,SC391_cnv_20_R53C39yesS_SC391_39_W_B1,0
2637,13.116914,11.754383,SC391_cnv_20_R53C3yesS_SC391_39_W_B1,1
2638,9.056991,7.0021887,SC391_cnv_20_R53C41yesS_SC391_39_W_B1,3
2639,3.945326,5.992645,SC391_cnv_20_R53C4yesS_SC391_39_W_B1,0
2640,7.649927,7.492097,SC391_cnv_20_R53C50yesS_SC391_39_W_B2,3
2641,7.706082,6.934349,SC391_cnv_20_R53C52yesS_SC391_39_W_B2,3
2642,6.994814,7.9026856,SC391_cnv_20_R53C53yesS_SC391_39_W_B2,3
2643,10.038729,5.1705484,SC391_cnv_20_R53C55yesS_SC391_39_W_B1,7
2644,7.0444794,7.1499314,SC391_cnv_20_R53C6yesS_SC391_39_W_B1,3
2645,10.5968,7.9316463,SC391_cnv_20_R53C7yesS_SC391_39_W_B1,2
2646,9.41847,8.663326,SC391_cnv_20_R54C10yesS_SC391_40_W_C2,2
2647,10.079629,7.77079,SC391_cnv_20_R54C27yesS_SC391_40_W_C2,2
2648,8.38408,10.596861,SC391_cnv_20_R54C31yesS_SC391_40_W_C2,8
2649,7.881273,10.244518,SC391_cnv_20_R54C36yesS_SC391_40_W_C1,8
2650,10.17708,7.759041,SC391_cnv_20_R54C50yesS_SC391_40_W_C2,2
2651,3.7858503,5.8066545,SC391_cnv_20_R54C53yesS_SC391_40_W_C2,0
2652,9.041398,10.997497,SC391_cnv_20_R54C56yesS_SC391_40_W_C1,8
2653,8.387003,9.76703,SC391_cnv_20_R54C59yesS_SC391_40_W_C1,8
2654,8.221588,10.60101,SC391_cnv_20_R54C60yesS_SC391_40_W_C1,1
2655,8.802305,10.734602,SC391_cnv_20_R54C61yesS_SC391_40_W_C1,7
2656,8.276375,10.506694,SC391_cnv_20_R54C68yesS_SC391_40_W_C2,8
2657,8.26683,10.449611,SC391_cnv_20_R54C69yesS_SC391_40_W_C2,7
2658,8.1320305,10.186587,SC391_cnv_20_R54C6yesS_SC391_40_W_C1,8
2659,10.052907,8.225105,SC391_cnv_20_R54C70yesS_SC391_40_W_C2,8
2660,7.8348503,10.005494,SC391_cnv_20_R55C19yesS_SC391_40_W_C1,8
2661,10.166193,8.016961,SC391_cnv_20_R55C1yesS_SC391_40_W_C1,2
2662,7.8543115,9.583772,SC391_cnv_20_R55C20yesS_SC391_40_W_C1,8
2663,8.727743,10.792891,SC391_cnv_20_R55C26yesS_SC391_40_W_C1,8
2664,8.526578,10.630638,SC391_cnv_20_R55C30yesS_SC391_40_W_C2,1
2665,8.356089,10.941842,SC391_cnv_20_R55C32yesS_SC391_40_W_C2,8
2666,4.2859755,5.835289,SC391_cnv_20_R55C3yesS_SC391_40_W_C1,0
2667,8.460945,10.505203,SC391_cnv_20_R55C43yesS_SC391_40_W_C1,8
2668,9.125944,10.998006,SC391_cnv_20_R55C47yesS_SC391_40_W_C2,7
2669,9.237418,9.43847,SC391_cnv_20_R55C57yesS_SC391_40_W_C1,8
2670,8.610007,10.75588,SC391_cnv_20_R55C66yesS_SC391_40_W_C2,8
2671,11.154224,8.083525,SC391_cnv_20_R56C0yesS_SC391_40_W_C1,2
2672,9.69154,7.927694,SC391_cnv_20_R56C14yesS_SC391_40_W_C2,8
2673,9.670579,8.903248,SC391_cnv_20_R56C27yesS_SC391_40_W_C2,2
2674,4.264977,5.4389157,SC391_cnv_20_R56C30yesS_SC391_40_W_C2,0
2675,4.0038047,5.60323,SC391_cnv_20_R56C33yesS_SC391_40_W_C2,0
2676,9.080859,10.005695,SC391_cnv_20_R56C48yesS_SC391_40_W_C2,7
2677,7.8275137,9.976154,SC391_cnv_20_R56C57yesS_SC391_40_W_C1,2
2678,7.932886,9.766878,SC391_cnv_20_R56C59yesS_SC391_40_W_C1,8
2679,8.17841,11.1771555,SC391_cnv_20_R56C71yesS_SC391_40_W_C2,8
2680,9.169539,10.825587,SC391_cnv_20_R57C10yesS_SC391_40_W_C2,8
2681,9.176698,10.7821455,SC391_cnv_20_R57C11yesS_SC391_40_W_C2,8
2682,8.978178,10.905787,SC391_cnv_20_R57C15yesS_SC391_40_W_C2,8
2683,8.366625,10.797968,SC391_cnv_20_R57C1yesS_SC391_40_W_C1,8
2684,9.259811,9.837797,SC391_cnv_20_R57C25yesS_SC391_40_W_C1,8
2685,8.158693,10.867931,SC391_cnv_20_R57C26yesS_SC391_40_W_C1,7
2686,8.005938,10.17986,SC391_cnv_20_R57C27yesS_SC391_40_W_C2,8
2687,9.041028,10.859285,SC391_cnv_20_R57C2yesS_SC391_40_W_C1,8
2688,8.5846,11.137483,SC391_cnv_20_R57C31yesS_SC391_40_W_C2,2
2689,8.951754,10.979552,SC391_cnv_20_R57C34yesS_SC391_40_W_C2,8
2690,8.716677,11.01048,SC391_cnv_20_R57C3yesS_SC391_40_W_C1,8
2691,8.082654,10.592916,SC391_cnv_20_R57C40yesS_SC391_40_W_C1,8
2692,7.8379836,10.099176,SC391_cnv_20_R57C41yesS_SC391_40_W_C1,8
2693,10.34383,7.6459317,SC391_cnv_20_R57C42yesS_SC391_40_W_C1,2
2694,9.988939,7.7029004,SC391_cnv_20_R57C45yesS_SC391_40_W_C2,2
2695,8.873693,10.960042,SC391_cnv_20_R57C50yesS_SC391_40_W_C2,8
2696,9.116464,9.485602,SC391_cnv_20_R57C54yesS_SC391_40_W_C1,8
2697,7.771162,10.362106,SC391_cnv_20_R57C57yesS_SC391_40_W_C1,8
2698,9.435795,8.612022,SC391_cnv_20_R57C5yesS_SC391_40_W_C1,2
2699,7.795837,9.813179,SC391_cnv_20_R57C68yesS_SC391_40_W_C2,8
2700,4.282634,4.867572,SC391_cnv_20_R57C69yesS_SC391_40_W_C2,0
2701,9.345347,8.645127,SC391_cnv_20_R57C7yesS_SC391_40_W_C1,8
2702,8.444052,11.0498085,SC391_cnv_20_R58C12yesS_SC391_40_W_C2,8
2703,3.8269076,6.5515842,SC391_cnv_20_R58C13yesS_SC391_40_W_C2,0
2704,8.812994,9.726251,SC391_cnv_20_R58C29yesS_SC391_40_W_C2,8
2705,10.280055,4.84414,SC391_cnv_20_R58C30yesS_SC391_40_W_C2,8
2706,9.598209,8.202579,SC391_cnv_20_R58C36yesS_SC391_40_W_C1,8
2707,7.8784432,10.398963,SC391_cnv_20_R58C37yesS_SC391_40_W_C1,1
2708,8.442173,10.37559,SC391_cnv_20_R58C39yesS_SC391_40_W_C1,8
2709,8.263942,11.024809,SC391_cnv_20_R58C40yesS_SC391_40_W_C1,8
2710,9.169825,8.3184,SC391_cnv_20_R58C43yesS_SC391_40_W_C1,2
2711,9.613717,7.716498,SC391_cnv_20_R58C46yesS_SC391_40_W_C2,2
2712,8.054203,10.50525,SC391_cnv_20_R58C54yesS_SC391_40_W_C1,8
2713,8.376694,10.53578,SC391_cnv_20_R59C10yesS_SC391_40_W_C2,8
2714,8.919096,10.831748,SC391_cnv_20_R59C11yesS_SC391_40_W_C2,8
2715,9.956079,6.9343886,SC391_cnv_20_R59C12yesS_SC391_40_W_C2,3
2716,10.170633,7.4689097,SC391_cnv_20_R59C13yesS_SC391_40_W_C2,2
2717,8.311661,9.896281,SC391_cnv_20_R59C16yesS_SC391_40_W_C2,8
2718,8.639097,9.905337,SC391_cnv_20_R59C19yesS_SC391_40_W_C1,2
2719,7.934818,9.309566,SC391_cnv_20_R59C1yesS_SC391_40_W_C1,8
2720,8.211713,10.3667965,SC391_cnv_20_R59C24yesS_SC391_40_W_C1,7
2721,8.609952,10.707756,SC391_cnv_20_R59C25yesS_SC391_40_W_C1,8
2722,3.7166297,5.3704953,SC391_cnv_20_R59C26yesS_SC391_40_W_C1,0
2723,8.650061,10.572483,SC391_cnv_20_R59C30yesS_SC391_40_W_C2,8
2724,8.221014,11.104404,SC391_cnv_20_R59C32yesS_SC391_40_W_C2,8
2725,4.2433505,5.432234,SC391_cnv_20_R59C34yesS_SC391_40_W_C2,0
2726,7.726471,10.303253,SC391_cnv_20_R59C38yesS_SC391_40_W_C1,8
2727,7.780533,10.199088,SC391_cnv_20_R59C3yesS_SC391_40_W_C1,8
2728,7.672489,10.237556,SC391_cnv_20_R59C40yesS_SC391_40_W_C1,8
2729,9.994899,7.541847,SC391_cnv_20_R59C41yesS_SC391_40_W_C1,2
2730,9.679254,2.3353052,SC391_cnv_20_R59C42yesS_SC391_40_W_C1,2
2731,4.105887,5.575204,SC391_cnv_20_R59C43yesS_SC391_40_W_C1,0
2732,10.17068,7.5571103,SC391_cnv_20_R59C44yesS_SC391_40_W_C1,2
2733,9.807855,8.272922,SC391_cnv_20_R59C50yesS_SC391_40_W_C2,8
2734,10.072156,7.973558,SC391_cnv_20_R59C51yesS_SC391_40_W_C2,8
2735,9.013457,10.7002945,SC391_cnv_20_R59C53yesS_SC391_40_W_C2,8
2736,9.670961,5.3402247,SC391_cnv_20_R59C55yesS_SC391_40_W_C1,2
2737,8.858596,10.702975,SC391_cnv_20_R59C56yesS_SC391_40_W_C1,8
2738,10.291311,8.238793,SC391_cnv_20_R59C58yesS_SC391_40_W_C1,2
2739,7.4017897,7.8391633,SC391_cnv_20_R59C62yesS_SC391_40_W_C1,3
2740,9.61722,8.641901,SC391_cnv_20_R59C63yesS_SC391_40_W_C2,2
2741,9.036424,10.005278,SC391_cnv_20_R59C68yesS_SC391_40_W_C2,8
2742,11.167963,8.205035,SC391_cnv_20_R59C6yesS_SC391_40_W_C1,8
2743,3.953428,6.419006,SC391_cnv_20_R5C0yesS_SC391_39_W_A1,0
2744,9.804952,8.982897,SC391_cnv_20_R5C14yesS_SC391_39_W_A2,7
2745,8.339757,8.840285,SC391_cnv_20_R5C16yesS_SC391_39_W_A2,3
2746,7.8432107,7.643709,SC391_cnv_20_R5C17yesS_SC391_39_W_A2,3
2747,10.869633,7.684425,SC391_cnv_20_R5C18yesS_SC391_39_W_A1,1
2748,7.921458,8.491269,SC391_cnv_20_R5C2yesS_SC391_39_W_A1,2
2749,7.7385716,6.6071424,SC391_cnv_20_R5C34yesS_SC391_39_W_A2,3
2750,7.7047105,7.4867415,SC391_cnv_20_R5C36yesS_SC391_39_W_A1,3
2751,7.2427063,7.7277446,SC391_cnv_20_R5C37yesS_SC391_39_W_A1,3
2752,8.644707,10.195196,SC391_cnv_20_R5C47yesS_SC391_39_W_A2,7
2753,7.442075,7.400789,SC391_cnv_20_R5C53yesS_SC391_39_W_A2,3
2754,10.512557,9.045963,SC391_cnv_20_R5C5yesS_SC391_39_W_A1,8
2755,3.8224127,6.48764,SC391_cnv_20_R5C61yesS_SC391_39_W_A1,0
2756,7.944329,7.496036,SC391_cnv_20_R5C66yesS_SC391_39_W_A2,3
2757,7.316603,8.073299,SC391_cnv_20_R5C70yesS_SC391_39_W_A2,3
2758,9.814382,9.722841,SC391_cnv_20_R5C7yesS_SC391_39_W_A1,8
2759,7.121742,7.458385,SC391_cnv_20_R5C8yesS_SC391_39_W_A1,3
2760,8.242184,7.1752934,SC391_cnv_20_R5C9yesS_SC391_39_W_A2,3
2761,7.8373814,10.153373,SC391_cnv_20_R60C0yesS_SC391_40_W_C1,7
2762,4.2313514,5.937993,SC391_cnv_20_R60C11yesS_SC391_40_W_C2,0
2763,9.1396885,8.656932,SC391_cnv_20_R60C12yesS_SC391_40_W_C2,2
2764,3.8445418,6.004244,SC391_cnv_20_R60C13yesS_SC391_40_W_C2,0
2765,8.749303,10.412757,SC391_cnv_20_R60C19yesS_SC391_40_W_C1,8
2766,4.1398377,5.6083255,SC391_cnv_20_R60C21yesS_SC391_40_W_C1,0
2767,10.416861,8.018493,SC391_cnv_20_R60C34yesS_SC391_40_W_C2,2
2768,10.043037,7.7209363,SC391_cnv_20_R60C38yesS_SC391_40_W_C1,8
2769,8.166023,10.448621,SC391_cnv_20_R60C53yesS_SC391_40_W_C2,8
2770,8.926276,11.024345,SC391_cnv_20_R60C62yesS_SC391_40_W_C1,8
2771,9.099031,9.736968,SC391_cnv_20_R60C6yesS_SC391_40_W_C1,8
2772,9.873975,7.624221,SC391_cnv_20_R61C0yesS_SC391_40_W_C1,2
2773,8.400146,10.924741,SC391_cnv_20_R61C22yesS_SC391_40_W_C1,8
2774,7.95121,10.218281,SC391_cnv_20_R61C31yesS_SC391_40_W_C2,1
2775,8.465569,10.818716,SC391_cnv_20_R61C35yesS_SC391_40_W_C2,7
2776,8.259625,10.755947,SC391_cnv_20_R61C39yesS_SC391_40_W_C1,8
2777,8.27165,10.916503,SC391_cnv_20_R61C40yesS_SC391_40_W_C1,8
2778,10.088387,6.9621162,SC391_cnv_20_R61C55yesS_SC391_40_W_C1,2
2779,8.891236,8.706758,SC391_cnv_20_R61C58yesS_SC391_40_W_C1,8
2780,3.9019015,5.8231187,SC391_cnv_20_R61C5yesS_SC391_40_W_C1,0
2781,9.688247,7.9166913,SC391_cnv_20_R61C65yesS_SC391_40_W_C2,2
2782,8.083616,7.156036,SC391_cnv_20_R61C69yesS_SC391_40_W_C2,8
2783,8.393043,10.087869,SC391_cnv_20_R61C6yesS_SC391_40_W_C1,7
2784,9.00855,9.966765,SC391_cnv_20_R61C71yesS_SC391_40_W_C2,8
2785,8.437553,10.873519,SC391_cnv_20_R62C18yesS_SC391_40_W_C1,1
2786,8.580538,10.483188,SC391_cnv_20_R62C23yesS_SC391_40_W_C1,8
2787,8.582397,10.94752,SC391_cnv_20_R62C24yesS_SC391_40_W_C1,7
2788,10.241327,8.645838,SC391_cnv_20_R62C31yesS_SC391_40_W_C2,2
2789,12.506351,5.931532,SC391_cnv_20_R62C34yesS_SC391_40_W_C2,2
2790,8.585979,9.491337,SC391_cnv_20_R62C39yesS_SC391_40_W_C1,7
2791,9.203526,9.603614,SC391_cnv_20_R62C42yesS_SC391_40_W_C1,8
2792,8.640985,11.116893,SC391_cnv_20_R62C46yesS_SC391_40_W_C2,7
2793,9.974082,8.94444,SC391_cnv_20_R62C47yesS_SC391_40_W_C2,8
2794,8.958725,10.521323,SC391_cnv_20_R62C48yesS_SC391_40_W_C2,8
2795,8.2978325,10.573605,SC391_cnv_20_R62C58yesS_SC391_40_W_C1,8
2796,7.9747567,10.698943,SC391_cnv_20_R62C59yesS_SC391_40_W_C1,8
2797,8.954548,9.687081,SC391_cnv_20_R62C69yesS_SC391_40_W_C2,8
2798,9.888935,7.988819,SC391_cnv_20_R62C9yesS_SC391_40_W_C2,2
2799,4.197792,4.8147736,SC391_cnv_20_R63C0yesS_SC391_40_W_D1,0
2800,4.2208934,5.6848607,SC391_cnv_20_R63C13yesS_SC391_40_W_D2,0
2801,9.5496855,8.04502,SC391_cnv_20_R63C14yesS_SC391_40_W_D2,8
2802,9.595473,8.470418,SC391_cnv_20_R63C15yesS_SC391_40_W_D2,2
2803,7.955906,10.15698,SC391_cnv_20_R63C27yesS_SC391_40_W_D2,8
2804,7.8238873,10.041587,SC391_cnv_20_R63C33yesS_SC391_40_W_D2,8
2805,8.64515,10.73074,SC391_cnv_20_R63C3yesS_SC391_40_W_D1,8
2806,7.8654733,9.842382,SC391_cnv_20_R63C45yesS_SC391_40_W_D2,8
2807,9.47433,8.232693,SC391_cnv_20_R63C49yesS_SC391_40_W_D2,8
2808,7.72667,9.98231,SC391_cnv_20_R63C63yesS_SC391_40_W_D2,8
2809,9.815963,7.888374,SC391_cnv_20_R63C6yesS_SC391_40_W_D1,2
2810,9.02892,9.805762,SC391_cnv_20_R63C8yesS_SC391_40_W_D1,8
2811,8.7033825,10.996437,SC391_cnv_20_R64C13yesS_SC391_40_W_D2,8
2812,8.958624,9.835928,SC391_cnv_20_R64C15yesS_SC391_40_W_D2,8
2813,9.429074,8.43171,SC391_cnv_20_R64C16yesS_SC391_40_W_D2,8
2814,10.019317,8.0194235,SC391_cnv_20_R64C1yesS_SC391_40_W_D1,2
2815,8.317166,10.688895,SC391_cnv_20_R64C20yesS_SC391_40_W_D1,8
2816,7.8056536,9.673909,SC391_cnv_20_R64C25yesS_SC391_40_W_D1,8
2817,10.245031,7.744324,SC391_cnv_20_R64C26yesS_SC391_40_W_D1,2
2818,8.53456,11.042364,SC391_cnv_20_R64C27yesS_SC391_40_W_D2,8
2819,4.4148793,5.78148,SC391_cnv_20_R64C28yesS_SC391_40_W_D2,7
2820,9.136734,9.699538,SC391_cnv_20_R64C2yesS_SC391_40_W_D1,8
2821,8.833348,9.886831,SC391_cnv_20_R64C30yesS_SC391_40_W_D2,2
2822,8.833246,11.137865,SC391_cnv_20_R64C32yesS_SC391_40_W_D2,8
2823,8.665545,10.989102,SC391_cnv_20_R64C34yesS_SC391_40_W_D2,8
2824,3.6041906,6.021234,SC391_cnv_20_R64C43yesS_SC391_40_W_D1,1
2825,10.317523,7.2284937,SC391_cnv_20_R64C47yesS_SC391_40_W_D2,2
2826,8.282289,10.847771,SC391_cnv_20_R64C52yesS_SC391_40_W_D2,8
2827,8.456831,11.118229,SC391_cnv_20_R64C54yesS_SC391_40_W_D1,8
2828,7.6033573,10.296711,SC391_cnv_20_R64C55yesS_SC391_40_W_D1,8
2829,4.3450537,5.4684157,SC391_cnv_20_R64C67yesS_SC391_40_W_D2,0
2830,3.6562932,6.467057,SC391_cnv_20_R64C68yesS_SC391_40_W_D2,0
2831,8.187469,11.152953,SC391_cnv_20_R64C71yesS_SC391_40_W_D2,8
2832,8.0586405,10.030276,SC391_cnv_20_R64C7yesS_SC391_40_W_D1,8
2833,7.7833066,10.384336,SC391_cnv_20_R64C9yesS_SC391_40_W_D2,8
2834,9.109814,8.12274,SC391_cnv_20_R65C13yesS_SC391_40_W_D2,8
2835,8.107433,10.712898,SC391_cnv_20_R65C15yesS_SC391_40_W_D2,8
2836,8.937903,8.938975,SC391_cnv_20_R65C21yesS_SC391_40_W_D1,8
2837,9.600194,7.967677,SC391_cnv_20_R65C24yesS_SC391_40_W_D1,8
2838,7.009405,5.7765307,SC391_cnv_20_R65C26yesS_SC391_40_W_D1,2
2839,4.4130683,5.522985,SC391_cnv_20_R65C31yesS_SC391_40_W_D2,0
2840,8.657829,10.444056,SC391_cnv_20_R65C33yesS_SC391_40_W_D2,8
2841,8.575239,10.456153,SC391_cnv_20_R65C38yesS_SC391_40_W_D1,8
2842,8.075272,10.641719,SC391_cnv_20_R65C46yesS_SC391_40_W_D2,8
2843,9.598,8.317077,SC391_cnv_20_R65C48yesS_SC391_40_W_D2,2
2844,9.304982,9.123283,SC391_cnv_20_R65C53yesS_SC391_40_W_D2,8
2845,10.215699,5.9295297,SC391_cnv_20_R65C61yesS_SC391_40_W_D1,1
2846,8.010352,10.772574,SC391_cnv_20_R65C68yesS_SC391_40_W_D2,8
2847,9.624609,8.09581,SC391_cnv_20_R65C69yesS_SC391_40_W_D2,2
2848,9.443579,8.974396,SC391_cnv_20_R65C71yesS_SC391_40_W_D2,8
2849,8.464953,10.988882,SC391_cnv_20_R65C9yesS_SC391_40_W_D2,8
2850,9.609616,7.8388104,SC391_cnv_20_R66C24yesS_SC391_40_W_D1,8
2851,9.817026,8.08289,SC391_cnv_20_R66C26yesS_SC391_40_W_D1,7
2852,9.926177,8.386666,SC391_cnv_20_R66C2yesS_SC391_40_W_D1,2
2853,8.277009,10.729307,SC391_cnv_20_R66C35yesS_SC391_40_W_D2,7
2854,9.050885,11.251171,SC391_cnv_20_R66C37yesS_SC391_40_W_D1,8
2855,8.867818,9.887309,SC391_cnv_20_R66C44yesS_SC391_40_W_D1,8
2856,9.027718,8.562563,SC391_cnv_20_R66C48yesS_SC391_40_W_D2,2
2857,9.7762985,7.793629,SC391_cnv_20_R66C55yesS_SC391_40_W_D1,2
2858,9.642337,4.906264,SC391_cnv_20_R66C60yesS_SC391_40_W_D1,8
2859,9.01307,10.828207,SC391_cnv_20_R66C6yesS_SC391_40_W_D1,8
2860,8.106528,10.6192045,SC391_cnv_20_R66C71yesS_SC391_40_W_D2,8
2861,3.6895123,6.0878477,SC391_cnv_20_R66C9yesS_SC391_40_W_D2,0
2862,9.786497,7.681571,SC391_cnv_20_R67C22yesS_SC391_40_W_D1,2
2863,10.061642,6.3024187,SC391_cnv_20_R67C26yesS_SC391_40_W_D1,2
2864,7.6557226,9.963955,SC391_cnv_20_R67C34yesS_SC391_40_W_D2,8
2865,4.2197156,4.9319515,SC391_cnv_20_R67C41yesS_SC391_40_W_D1,0
2866,8.445677,11.169566,SC391_cnv_20_R67C42yesS_SC391_40_W_D1,8
2867,9.009449,10.971438,SC391_cnv_20_R67C4yesS_SC391_40_W_D1,8
2868,9.695405,7.9257317,SC391_cnv_20_R67C53yesS_SC391_40_W_D2,2
2869,9.555472,8.059777,SC391_cnv_20_R67C57yesS_SC391_40_W_D1,4
2870,10.341545,7.2414026,SC391_cnv_20_R67C60yesS_SC391_40_W_D1,3
2871,4.2697053,5.8556123,SC391_cnv_20_R67C68yesS_SC391_40_W_D2,0
2872,9.983997,7.7630124,SC391_cnv_20_R67C69yesS_SC391_40_W_D2,8
2873,8.326322,11.180322,SC391_cnv_20_R67C70yesS_SC391_40_W_D2,8
2874,7.72532,10.426032,SC391_cnv_20_R68C0yesS_SC391_40_W_D1,8
2875,9.971343,8.075263,SC391_cnv_20_R68C18yesS_SC391_40_W_D1,1
2876,9.934049,7.9643736,SC391_cnv_20_R68C25yesS_SC391_40_W_D1,2
2877,9.409955,9.304419,SC391_cnv_20_R68C28yesS_SC391_40_W_D2,2
2878,8.801665,8.774541,SC391_cnv_20_R68C41yesS_SC391_40_W_D1,2
2879,8.947302,8.864393,SC391_cnv_20_R68C43yesS_SC391_40_W_D1,2
2880,8.532256,10.972651,SC391_cnv_20_R68C4yesS_SC391_40_W_D1,8
2881,8.40453,10.994234,SC391_cnv_20_R68C54yesS_SC391_40_W_D1,8
2882,10.392892,7.9844823,SC391_cnv_20_R68C55yesS_SC391_40_W_D1,2
2883,8.725115,11.085318,SC391_cnv_20_R68C63yesS_SC391_40_W_D2,8
2884,8.779958,10.775444,SC391_cnv_20_R68C64yesS_SC391_40_W_D2,8
2885,8.113871,11.186991,SC391_cnv_20_R68C65yesS_SC391_40_W_D2,8
2886,7.946536,10.559873,SC391_cnv_20_R68C68yesS_SC391_40_W_D2,8
2887,10.328278,7.6203666,SC391_cnv_20_R68C6yesS_SC391_40_W_D1,2
2888,8.034416,10.591362,SC391_cnv_20_R69C22yesS_SC391_40_W_D1,2
2889,7.878228,9.549378,SC391_cnv_20_R69C38yesS_SC391_40_W_D1,2
2890,7.74727,9.58859,SC391_cnv_20_R69C39yesS_SC391_40_W_D1,8
2891,9.825271,8.432398,SC391_cnv_20_R69C41yesS_SC391_40_W_D1,8
2892,10.086649,7.9813995,SC391_cnv_20_R69C45yesS_SC391_40_W_D2,8
2893,8.534564,11.025048,SC391_cnv_20_R69C47yesS_SC391_40_W_D2,8
2894,3.9585428,5.5359173,SC391_cnv_20_R69C58yesS_SC391_40_W_D1,0
2895,9.334132,9.5040045,SC391_cnv_20_R69C63yesS_SC391_40_W_D2,8
2896,8.65631,11.147822,SC391_cnv_20_R69C70yesS_SC391_40_W_D2,8
2897,7.974958,10.595949,SC391_cnv_20_R69C71yesS_SC391_40_W_D2,8
2898,9.705483,7.2860765,SC391_cnv_20_R6C12yesS_SC391_39_W_A2,3
2899,7.1631155,7.42828,SC391_cnv_20_R6C1yesS_SC391_39_W_A1,3
2900,11.551478,8.580233,SC391_cnv_20_R6C22yesS_SC391_39_W_A1,7
2901,8.945878,6.142873,SC391_cnv_20_R6C24yesS_SC391_39_W_A1,1
2902,3.7702763,6.3524384,SC391_cnv_20_R6C25yesS_SC391_39_W_A1,0
2903,7.625463,8.022434,SC391_cnv_20_R6C29yesS_SC391_39_W_A2,3
2904,9.946027,9.213893,SC391_cnv_20_R6C2yesS_SC391_39_W_A1,3
2905,8.697599,8.899472,SC391_cnv_20_R6C39yesS_SC391_39_W_A1,3
2906,7.3707595,7.194372,SC391_cnv_20_R6C45yesS_SC391_39_W_A2,3
2907,7.794747,7.6063914,SC391_cnv_20_R6C4yesS_SC391_39_W_A1,3
2908,11.935618,8.037746,SC391_cnv_20_R6C54yesS_SC391_39_W_A1,3
2909,9.630426,9.745312,SC391_cnv_20_R6C58yesS_SC391_39_W_A1,7
2910,7.2770724,7.706813,SC391_cnv_20_R6C59yesS_SC391_39_W_A1,3
2911,9.642915,8.36019,SC391_cnv_20_R6C60yesS_SC391_39_W_A1,8
2912,10.201984,9.151004,SC391_cnv_20_R6C62yesS_SC391_39_W_A1,8
2913,6.1586943,6.870021,SC391_cnv_20_R6C65yesS_SC391_39_W_A2,3
2914,10.2701025,8.031861,SC391_cnv_20_R6C66yesS_SC391_39_W_A2,8
2915,7.326969,8.123846,SC391_cnv_20_R6C70yesS_SC391_39_W_A2,3
2916,9.271391,7.9418383,SC391_cnv_20_R6C71yesS_SC391_39_W_A2,7
2917,10.995246,8.68908,SC391_cnv_20_R6C8yesS_SC391_39_W_A1,7
2918,10.001054,7.721855,SC391_cnv_20_R70C15yesS_SC391_40_W_D2,8
2919,8.399278,11.209857,SC391_cnv_20_R70C22yesS_SC391_40_W_D1,1
2920,8.250372,10.951418,SC391_cnv_20_R70C29yesS_SC391_40_W_D2,8
2921,10.822668,6.854784,SC391_cnv_20_R70C2yesS_SC391_40_W_D1,7
2922,9.987159,7.9026513,SC391_cnv_20_R70C30yesS_SC391_40_W_D2,8
2923,9.477818,10.544964,SC391_cnv_20_R70C34yesS_SC391_40_W_D2,8
2924,8.446981,11.201395,SC391_cnv_20_R70C38yesS_SC391_40_W_D1,8
2925,10.285641,7.79637,SC391_cnv_20_R70C3yesS_SC391_40_W_D1,8
2926,9.079375,9.262475,SC391_cnv_20_R70C43yesS_SC391_40_W_D1,2
2927,7.807991,10.059697,SC391_cnv_20_R70C44yesS_SC391_40_W_D1,8
2928,10.322156,7.0967073,SC391_cnv_20_R70C67yesS_SC391_40_W_D2,2
2929,8.099553,11.204066,SC391_cnv_20_R71C12yesS_SC391_40_W_D2,8
2930,7.6816187,10.550094,SC391_cnv_20_R71C29yesS_SC391_40_W_D2,8
2931,10.022443,8.107709,SC391_cnv_20_R71C35yesS_SC391_40_W_D2,8
2932,3.8993094,5.8509803,SC391_cnv_20_R71C36yesS_SC391_40_W_D1,1
2933,10.301833,7.17716,SC391_cnv_20_R71C37yesS_SC391_40_W_D1,2
2934,9.086662,9.551296,SC391_cnv_20_R71C51yesS_SC391_40_W_D2,8
2935,8.098048,10.772371,SC391_cnv_20_R71C54yesS_SC391_40_W_D1,8
2936,10.0115185,6.890017,SC391_cnv_20_R71C56yesS_SC391_40_W_D1,2
2937,4.2360196,5.1204805,SC391_cnv_20_R71C5yesS_SC391_40_W_D1,0
2938,10.061548,7.1868224,SC391_cnv_20_R71C62yesS_SC391_40_W_D1,2
2939,9.13776,9.675283,SC391_cnv_20_R71C65yesS_SC391_40_W_D2,8
2940,8.91234,9.838788,SC391_cnv_20_R71C66yesS_SC391_40_W_D2,8
2941,9.28922,7.998259,SC391_cnv_20_R71C68yesS_SC391_40_W_D2,8
2942,9.973978,8.248221,SC391_cnv_20_R71C6yesS_SC391_40_W_D1,8
2943,8.1171665,10.978254,SC391_cnv_20_R71C71yesS_SC391_40_W_D2,8
2944,3.8520849,5.640019,SC391_cnv_20_R71C9yesS_SC391_40_W_D2,0
2945,6.951629,7.785802,SC391_cnv_20_R7C11yesS_SC391_39_W_A2,3
2946,8.518237,8.979656,SC391_cnv_20_R7C12yesS_SC391_39_W_A2,7
2947,9.475574,8.51102,SC391_cnv_20_R7C16yesS_SC391_39_W_A2,7
2948,8.981727,9.007287,SC391_cnv_20_R7C19yesS_SC391_39_W_A1,7
2949,3.947648,6.6155853,SC391_cnv_20_R7C20yesS_SC391_39_W_A1,0
2950,10.525006,8.335703,SC391_cnv_20_R7C23yesS_SC391_39_W_A1,7
2951,7.3549833,7.5602746,SC391_cnv_20_R7C29yesS_SC391_39_W_A2,3
2952,3.7938876,6.0905056,SC391_cnv_20_R7C35yesS_SC391_39_W_A2,0
2953,9.958798,6.769745,SC391_cnv_20_R7C36yesS_SC391_39_W_A1,3
2954,8.765873,8.88813,SC391_cnv_20_R7C39yesS_SC391_39_W_A1,3
2955,3.602829,6.4497213,SC391_cnv_20_R7C3yesS_SC391_39_W_A1,0
2956,7.0883565,7.761759,SC391_cnv_20_R7C53yesS_SC391_39_W_A2,3
2957,7.509277,5.878846,SC391_cnv_20_R8C17yesS_SC391_39_W_A2,3
2958,7.1464386,7.965646,SC391_cnv_20_R8C38yesS_SC391_39_W_A1,3
2959,7.7167587,7.533483,SC391_cnv_20_R8C40yesS_SC391_39_W_A1,3
2960,7.5215445,7.871845,SC391_cnv_20_R8C43yesS_SC391_39_W_A1,3
2961,7.716719,7.501858,SC391_cnv_20_R8C4yesS_SC391_39_W_A1,3
2962,10.011777,8.994275,SC391_cnv_20_R8C61yesS_SC391_39_W_A1,7
2963,10.677257,9.371078,SC391_cnv_20_R8C65yesS_SC391_39_W_A2,7
2964,7.78981,7.5688424,SC391_cnv_20_R8C69yesS_SC391_39_W_A2,3
2965,4.496687,4.92504,SC391_cnv_20_R8C7yesS_SC391_39_W_A1,7
2966,9.714919,8.845518,SC391_cnv_20_R9C13yesS_SC391_39_W_B2,7
2967,7.447516,7.281244,SC391_cnv_20_R9C14yesS_SC391_39_W_B2,3
2968,10.38409,3.6244438,SC391_cnv_20_R9C18yesS_SC391_39_W_B1,3
2969,10.657986,8.816371,SC391_cnv_20_R9C1yesS_SC391_39_W_B1,7
2970,8.878001,9.22726,SC391_cnv_20_R9C24yesS_SC391_39_W_B1,3
2971,5.398353,6.0957837,SC391_cnv_20_R9C34yesS_SC391_39_W_B2,3
2972,7.5921254,7.709707,SC391_cnv_20_R9C35yesS_SC391_39_W_B2,3
2973,9.713854,9.373733,SC391_cnv_20_R9C37yesS_SC391_39_W_B1,7
2974,7.646417,5.4489713,SC391_cnv_20_R9C41yesS_SC391_39_W_B1,3
2975,3.6208549,6.3279705,SC391_cnv_20_R9C43yesS_SC391_39_W_B1,0
2976,8.53906,8.340456,SC391_cnv_20_R9C49yesS_SC391_39_W_B2,3
2977,7.427302,8.147467,SC391_cnv_20_R9C57yesS_SC391_39_W_B1,3
2978,9.956685,7.399751,SC391_cnv_20_R9C59yesS_SC391_39_W_B1,2
2979,10.591291,9.349054,SC391_cnv_20_R9C61yesS_SC391_39_W_B1,8
2980,10.417631,4.0252547,SC391_cnv_20_R9C65yesS_SC391_39_W_B2,8
2981,5.2352304,6.2445908,SC391_cnv_20_R9C6yesS_SC391_39_W_B1,7
2982,10.223494,9.234366,SC391_cnv_20_R9C7yesS_SC391_39_W_B1,3
