snv,vaf,within_clade,clade,label
SNV4,0.0,0,1,tree 54
SNV10,0.0,0,1,tree 54
SNV14,0.0,0,1,tree 54
SNV38,0.0,0,1,tree 54
SNV41,0.0,0,1,tree 54
SNV48,0.0,0,1,tree 54
SNV49,0.0,0,1,tree 54
SNV54,0.0,0,1,tree 54
SNV64,0.0,0,1,tree 54
SNV77,0.0,0,1,tree 54
SNV78,0.0,0,1,tree 54
SNV84,0.0,0,1,tree 54
SNV85,0.0,0,1,tree 54
SNV88,0.0,0,1,tree 54
SNV112,0.2,0,1,tree 54
SNV126,0.0,0,1,tree 54
SNV129,0.0,0,1,tree 54
SNV136,0.0,0,1,tree 54
SNV158,0.0,0,1,tree 54
SNV159,0.0,0,1,tree 54
SNV162,0.0,0,1,tree 54
SNV177,0.0,0,1,tree 54
SNV178,0.0,0,1,tree 54
SNV179,0.0,0,1,tree 54
SNV185,0.3333333333333333,0,1,tree 54
SNV212,0.2,0,1,tree 54
SNV213,0.0,0,1,tree 54
SNV219,0.0,0,1,tree 54
SNV221,0.0,0,1,tree 54
SNV222,0.0,0,1,tree 54
SNV223,0.0,0,1,tree 54
SNV243,0.0,0,1,tree 54
SNV245,0.0,0,1,tree 54
SNV246,0.0,0,1,tree 54
SNV254,0.0,0,1,tree 54
SNV258,0.0,0,1,tree 54
SNV261,0.0,0,1,tree 54
SNV267,0.0,0,1,tree 54
SNV274,0.0,0,1,tree 54
SNV275,0.0,0,1,tree 54
SNV276,0.0,0,1,tree 54
SNV278,0.0,0,1,tree 54
SNV280,0.0,0,1,tree 54
SNV283,0.0,0,1,tree 54
SNV284,0.0,0,1,tree 54
SNV316,0.0,0,1,tree 54
SNV335,0.0,0,1,tree 54
SNV366,0.0,0,1,tree 54
SNV368,0.0,0,1,tree 54
SNV370,0.0,0,1,tree 54
SNV380,0.0,0,1,tree 54
SNV388,0.0,0,1,tree 54
SNV392,0.0,0,1,tree 54
SNV394,0.0,0,1,tree 54
SNV402,0.0,0,1,tree 54
SNV403,0.0,0,1,tree 54
SNV405,0.0,0,1,tree 54
SNV423,0.0,0,1,tree 54
SNV432,0.0,0,1,tree 54
SNV452,0.0,0,1,tree 54
SNV457,0.0,0,1,tree 54
SNV458,0.0,0,1,tree 54
SNV463,0.0,0,1,tree 54
SNV464,0.0,0,1,tree 54
SNV465,0.0,0,1,tree 54
SNV470,0.0,0,1,tree 54
SNV477,0.0,0,1,tree 54
SNV479,0.0,0,1,tree 54
SNV502,0.0,0,1,tree 54
SNV514,0.0,0,1,tree 54
SNV527,0.0,0,1,tree 54
SNV528,0.0,0,1,tree 54
SNV529,0.0,0,1,tree 54
SNV533,0.0,0,1,tree 54
SNV545,0.2,0,1,tree 54
SNV572,0.0,0,1,tree 54
SNV573,0.0,0,1,tree 54
SNV574,0.0,0,1,tree 54
SNV577,0.0,0,1,tree 54
SNV579,0.0,0,1,tree 54
SNV583,0.0,0,1,tree 54
SNV593,0.0,0,1,tree 54
SNV598,0.0,0,1,tree 54
SNV611,0.0,0,1,tree 54
SNV621,0.0,0,1,tree 54
SNV624,0.0,0,1,tree 54
SNV629,0.0,0,1,tree 54
SNV631,0.0,0,1,tree 54
SNV641,0.0,0,1,tree 54
SNV655,0.0,0,1,tree 54
SNV683,0.0,0,1,tree 54
SNV691,0.0,0,1,tree 54
SNV693,0.0,0,1,tree 54
SNV719,0.0,0,1,tree 54
SNV720,0.0,0,1,tree 54
SNV730,0.0,0,1,tree 54
SNV746,0.0,0,1,tree 54
SNV749,0.0,0,1,tree 54
SNV753,0.0,0,1,tree 54
SNV754,0.0,0,1,tree 54
SNV771,0.0,0,1,tree 54
SNV779,0.0,0,1,tree 54
SNV782,0.0,0,1,tree 54
SNV785,0.0,0,1,tree 54
SNV795,0.0,0,1,tree 54
SNV799,0.0,0,1,tree 54
SNV811,0.0,0,1,tree 54
SNV815,0.0,0,1,tree 54
SNV830,0.0,0,1,tree 54
SNV839,0.0,0,1,tree 54
SNV848,0.0,0,1,tree 54
SNV849,0.0,0,1,tree 54
SNV856,0.0,0,1,tree 54
SNV857,0.0,0,1,tree 54
SNV860,0.0,0,1,tree 54
SNV863,0.0,0,1,tree 54
SNV864,0.0,0,1,tree 54
SNV868,0.0,0,1,tree 54
SNV874,0.0,0,1,tree 54
SNV876,0.0,0,1,tree 54
SNV877,0.0,0,1,tree 54
SNV880,0.0,0,1,tree 54
SNV884,0.0,0,1,tree 54
SNV885,0.0,0,1,tree 54
SNV895,0.0,0,1,tree 54
SNV899,0.0,0,1,tree 54
SNV905,0.0,0,1,tree 54
SNV909,0.0,0,1,tree 54
SNV910,0.0,0,1,tree 54
SNV922,0.0,0,1,tree 54
SNV923,0.0,0,1,tree 54
SNV925,0.0,0,1,tree 54
SNV927,0.0,0,1,tree 54
SNV935,0.0,0,1,tree 54
SNV936,0.0,0,1,tree 54
SNV942,0.0,0,1,tree 54
SNV952,0.0,0,1,tree 54
SNV956,0.0,0,1,tree 54
SNV964,0.0,0,1,tree 54
SNV965,0.0,0,1,tree 54
SNV969,0.0,0,1,tree 54
SNV971,0.0,0,1,tree 54
SNV976,0.0,0,1,tree 54
SNV997,0.0,0,1,tree 54
SNV1012,0.0,0,1,tree 54
SNV1013,0.0,0,1,tree 54
SNV1020,0.0,0,1,tree 54
SNV1029,0.0,0,1,tree 54
SNV1030,0.0,0,1,tree 54
SNV1031,0.0,0,1,tree 54
SNV1036,0.0,0,1,tree 54
SNV1039,0.0,0,1,tree 54
SNV1041,0.0,0,1,tree 54
SNV1043,0.0,0,1,tree 54
SNV1045,0.0,0,1,tree 54
SNV1065,0.0,0,1,tree 54
SNV1069,0.0,0,1,tree 54
SNV1081,0.0,0,1,tree 54
SNV1086,0.0,0,1,tree 54
SNV1093,0.0,0,1,tree 54
SNV1102,0.0,0,1,tree 54
SNV1107,0.0,0,1,tree 54
SNV1118,0.0,0,1,tree 54
SNV1119,0.0,0,1,tree 54
SNV1124,1.0,0,1,tree 54
SNV1127,0.0,0,1,tree 54
SNV1135,0.0,0,1,tree 54
SNV1143,0.0,0,1,tree 54
SNV1170,0.25,0,1,tree 54
SNV1181,0.0,0,1,tree 54
SNV1185,0.0,0,1,tree 54
SNV1189,0.0,0,1,tree 54
SNV1192,0.0,0,1,tree 54
SNV1199,0.0,0,1,tree 54
SNV1200,0.0,0,1,tree 54
SNV1209,0.0,0,1,tree 54
SNV1211,0.0,0,1,tree 54
SNV1214,0.0,0,1,tree 54
SNV1215,0.0,0,1,tree 54
SNV1220,0.0,0,1,tree 54
SNV1223,0.0,0,1,tree 54
SNV1228,0.0,0,1,tree 54
SNV1230,0.2,0,1,tree 54
SNV1255,0.25,0,1,tree 54
SNV1264,0.0,0,1,tree 54
SNV1267,0.0,0,1,tree 54
SNV1283,0.0,0,1,tree 54
SNV1294,0.5,0,1,tree 54
SNV1302,0.0,0,1,tree 54
SNV1311,0.0,0,1,tree 54
SNV1325,0.0,0,1,tree 54
SNV1328,0.0,0,1,tree 54
SNV1330,0.0,0,1,tree 54
SNV1340,0.0,0,1,tree 54
SNV1342,0.0,0,1,tree 54
SNV1353,0.0,0,1,tree 54
SNV1360,0.0,0,1,tree 54
SNV1361,0.0,0,1,tree 54
SNV1363,0.0,0,1,tree 54
SNV1368,0.0,0,1,tree 54
SNV1370,0.0,0,1,tree 54
SNV1377,0.0,0,1,tree 54
SNV1383,0.0,0,1,tree 54
SNV1385,0.0,0,1,tree 54
SNV1387,0.0,0,1,tree 54
SNV1389,0.0,0,1,tree 54
SNV1398,0.0,0,1,tree 54
SNV1402,0.0,0,1,tree 54
SNV1405,0.0,0,1,tree 54
SNV1406,0.0,0,1,tree 54
SNV1408,0.25,0,1,tree 54
SNV1411,0.0,0,1,tree 54
SNV1415,0.0,0,1,tree 54
SNV1418,0.0,0,1,tree 54
SNV1419,0.0,0,1,tree 54
SNV1420,0.0,0,1,tree 54
SNV1428,0.0,0,1,tree 54
SNV1429,0.0,0,1,tree 54
SNV1449,0.0,0,1,tree 54
SNV1456,0.0,0,1,tree 54
SNV1474,0.0,0,1,tree 54
SNV1477,0.0,0,1,tree 54
SNV1480,0.0,0,1,tree 54
SNV1483,0.0,0,1,tree 54
SNV1502,0.0,0,1,tree 54
SNV1503,0.0,0,1,tree 54
SNV1504,0.0,0,1,tree 54
SNV1505,0.0,0,1,tree 54
SNV1513,0.0,0,1,tree 54
SNV1531,0.0,0,1,tree 54
SNV1536,0.0,0,1,tree 54
SNV1547,0.0,0,1,tree 54
SNV1577,0.0,0,1,tree 54
SNV1579,0.0,0,1,tree 54
SNV1585,0.0,0,1,tree 54
SNV1594,0.0,0,1,tree 54
SNV1595,0.0,0,1,tree 54
SNV1598,0.0,0,1,tree 54
SNV1599,0.0,0,1,tree 54
SNV1603,0.0,0,1,tree 54
SNV1609,0.0,0,1,tree 54
SNV1625,0.0,0,1,tree 54
SNV1626,0.0,0,1,tree 54
SNV1630,0.0,0,1,tree 54
SNV1642,0.0,0,1,tree 54
SNV1648,0.1666666666666666,0,1,tree 54
SNV1658,0.0,0,1,tree 54
SNV1663,0.0,0,1,tree 54
SNV1683,0.0,0,1,tree 54
SNV1687,0.0,0,1,tree 54
SNV1694,0.0,0,1,tree 54
SNV1702,0.0,0,1,tree 54
SNV1707,0.0,0,1,tree 54
SNV1723,0.0,0,1,tree 54
SNV1731,0.0,0,1,tree 54
SNV1737,0.0,0,1,tree 54
SNV1740,0.0,0,1,tree 54
SNV1745,0.0,0,1,tree 54
SNV1751,0.0,0,1,tree 54
SNV1753,0.0,0,1,tree 54
SNV1757,0.0,0,1,tree 54
SNV1767,0.0,0,1,tree 54
SNV1771,0.0,0,1,tree 54
SNV1796,0.0,0,1,tree 54
SNV1800,0.0,0,1,tree 54
SNV1802,0.0,0,1,tree 54
SNV1805,0.0,0,1,tree 54
SNV1810,0.0,0,1,tree 54
SNV1814,0.0,0,1,tree 54
SNV1815,0.0,0,1,tree 54
SNV1816,0.0,0,1,tree 54
SNV1832,0.0,0,1,tree 54
SNV1839,0.0,0,1,tree 54
SNV1848,0.0,0,1,tree 54
SNV1855,0.0,0,1,tree 54
SNV1859,0.0,0,1,tree 54
SNV1863,0.0,0,1,tree 54
SNV1869,0.0,0,1,tree 54
SNV1876,0.0,0,1,tree 54
SNV1892,0.0,0,1,tree 54
SNV1895,0.0,0,1,tree 54
SNV1900,0.0,0,1,tree 54
SNV1901,0.0,0,1,tree 54
SNV1902,0.0,0,1,tree 54
SNV1903,0.0,0,1,tree 54
SNV1921,0.0,0,1,tree 54
SNV1923,0.0,0,1,tree 54
SNV1932,0.0,0,1,tree 54
SNV1938,0.0,0,1,tree 54
SNV1956,0.0,0,1,tree 54
SNV1964,0.0,0,1,tree 54
SNV1966,0.0,0,1,tree 54
SNV1976,0.0,0,1,tree 54
SNV1979,0.0,0,1,tree 54
SNV1987,0.0,0,1,tree 54
SNV1991,0.0,0,1,tree 54
SNV1997,0.0,0,1,tree 54
SNV2002,0.0,0,1,tree 54
SNV2009,0.0,0,1,tree 54
SNV2013,0.0,0,1,tree 54
SNV2024,0.0,0,1,tree 54
SNV2028,0.0,0,1,tree 54
SNV2031,0.0,0,1,tree 54
SNV2036,0.0,0,1,tree 54
SNV2041,0.0,0,1,tree 54
SNV2042,0.0,0,1,tree 54
SNV2047,0.0,0,1,tree 54
SNV2048,0.0,0,1,tree 54
SNV2069,0.0,0,1,tree 54
SNV2073,0.0,0,1,tree 54
SNV2089,0.0,0,1,tree 54
SNV2098,0.0,0,1,tree 54
SNV2107,0.0,0,1,tree 54
SNV2118,0.0,0,1,tree 54
SNV2121,0.0,0,1,tree 54
SNV2122,0.0,0,1,tree 54
SNV2158,0.0,0,1,tree 54
SNV2167,0.0,0,1,tree 54
SNV2175,1.0,0,1,tree 54
SNV2178,0.0,0,1,tree 54
SNV2182,0.0,0,1,tree 54
SNV2189,0.6666666666666666,0,1,tree 54
SNV2192,0.0,0,1,tree 54
SNV2194,0.0,0,1,tree 54
SNV2199,0.0,0,1,tree 54
SNV2221,0.0,0,1,tree 54
SNV2224,0.0,0,1,tree 54
SNV2228,1.0,0,1,tree 54
SNV2230,0.0,0,1,tree 54
SNV2252,0.0,0,1,tree 54
SNV2255,0.0,0,1,tree 54
SNV2262,0.0,0,1,tree 54
SNV2269,0.0,0,1,tree 54
SNV2271,0.0,0,1,tree 54
SNV2280,0.0,0,1,tree 54
SNV2282,0.0,0,1,tree 54
SNV2302,0.0,0,1,tree 54
SNV2315,0.0,0,1,tree 54
SNV2318,0.0,0,1,tree 54
SNV2319,0.0,0,1,tree 54
SNV2330,0.0,0,1,tree 54
SNV2332,0.0,0,1,tree 54
SNV2358,0.0,0,1,tree 54
SNV2359,0.0,0,1,tree 54
SNV2360,0.0,0,1,tree 54
SNV2366,0.0,0,1,tree 54
SNV2388,0.0,0,1,tree 54
SNV2390,0.0,0,1,tree 54
SNV2397,0.0,0,1,tree 54
SNV2401,0.0,0,1,tree 54
SNV2405,0.0,0,1,tree 54
SNV2409,0.0,0,1,tree 54
SNV2425,0.0,0,1,tree 54
SNV2439,0.0,0,1,tree 54
SNV2440,0.0,0,1,tree 54
SNV2443,0.0,0,1,tree 54
SNV2449,0.5882352941176471,0,1,tree 54
SNV2456,0.0,0,1,tree 54
SNV2464,0.0,0,1,tree 54
SNV2468,0.0,0,1,tree 54
SNV2486,0.0,0,1,tree 54
SNV2487,0.0,0,1,tree 54
SNV2489,0.0,0,1,tree 54
SNV2504,0.0,0,1,tree 54
SNV2505,0.0,0,1,tree 54
SNV2507,0.0,0,1,tree 54
SNV2509,0.0,0,1,tree 54
SNV2536,0.0,0,1,tree 54
SNV2541,0.0,0,1,tree 54
SNV2556,0.3333333333333333,0,1,tree 54
SNV2562,0.0,0,1,tree 54
SNV2565,0.0,0,1,tree 54
SNV2570,0.0,0,1,tree 54
SNV2571,0.0,0,1,tree 54
SNV2573,0.0,0,1,tree 54
SNV2577,0.5,0,1,tree 54
SNV2593,0.0,0,1,tree 54
SNV2596,0.0,0,1,tree 54
SNV2612,0.0,0,1,tree 54
SNV2619,0.0,0,1,tree 54
SNV2640,0.0,0,1,tree 54
SNV2649,0.0,0,1,tree 54
SNV2667,0.0,0,1,tree 54
SNV2669,0.0,0,1,tree 54
SNV2681,0.0,0,1,tree 54
SNV2682,0.0,0,1,tree 54
SNV2690,0.0,0,1,tree 54
SNV2698,0.0,0,1,tree 54
SNV2705,0.0,0,1,tree 54
SNV2706,0.0,0,1,tree 54
SNV2714,0.0,0,1,tree 54
SNV2736,0.0,0,1,tree 54
SNV2743,0.0,0,1,tree 54
SNV2747,0.0,0,1,tree 54
SNV2752,0.0,0,1,tree 54
SNV2761,0.0,0,1,tree 54
SNV2791,0.0,0,1,tree 54
SNV2795,0.0,0,1,tree 54
SNV2798,0.0,0,1,tree 54
SNV2799,0.0,0,1,tree 54
SNV2802,0.0,0,1,tree 54
SNV2809,0.0,0,1,tree 54
SNV2814,0.0,0,1,tree 54
SNV2819,0.0,0,1,tree 54
SNV2843,0.0,0,1,tree 54
SNV2848,0.0,0,1,tree 54
SNV2865,0.0,0,1,tree 54
SNV2867,0.0,0,1,tree 54
SNV2885,0.0,0,1,tree 54
SNV2908,0.0,0,1,tree 54
SNV2921,0.0,0,1,tree 54
SNV2928,0.0,0,1,tree 54
SNV2930,0.0,0,1,tree 54
SNV2944,0.0,0,1,tree 54
SNV2945,0.0,0,1,tree 54
SNV2946,0.0,0,1,tree 54
SNV2971,0.0,0,1,tree 54
SNV2979,0.2,0,1,tree 54
SNV2984,0.0,0,1,tree 54
SNV3008,0.0,0,1,tree 54
SNV3014,0.0,0,1,tree 54
SNV3016,0.0,0,1,tree 54
SNV3029,0.0,0,1,tree 54
SNV3038,0.0,0,1,tree 54
SNV3040,0.0,0,1,tree 54
SNV3041,0.0,0,1,tree 54
SNV3051,0.0,0,1,tree 54
SNV3058,0.0,0,1,tree 54
SNV3064,0.0,0,1,tree 54
SNV3068,0.0,0,1,tree 54
SNV3075,0.0,0,1,tree 54
SNV3078,0.0,0,1,tree 54
SNV3084,0.0,0,1,tree 54
SNV3095,0.0,0,1,tree 54
SNV3114,0.0,0,1,tree 54
SNV3116,0.0,0,1,tree 54
SNV3121,0.0,0,1,tree 54
SNV3122,0.0,0,1,tree 54
SNV3128,0.0,0,1,tree 54
SNV3179,0.0,0,1,tree 54
SNV3182,0.0,0,1,tree 54
SNV3204,0.0,0,1,tree 54
SNV3206,0.0,0,1,tree 54
SNV3213,0.0,0,1,tree 54
SNV3218,0.0,0,1,tree 54
SNV3233,0.0,0,1,tree 54
SNV3242,0.0,0,1,tree 54
SNV3251,0.0,0,1,tree 54
SNV3259,0.0,0,1,tree 54
SNV3263,0.0,0,1,tree 54
SNV3273,0.0,0,1,tree 54
SNV3280,0.0,0,1,tree 54
SNV3284,0.5,0,1,tree 54
SNV3285,0.0,0,1,tree 54
SNV3290,0.3333333333333333,0,1,tree 54
SNV3300,0.0,0,1,tree 54
SNV3301,0.0,0,1,tree 54
SNV3302,0.0,0,1,tree 54
SNV3305,0.0,0,1,tree 54
SNV3312,0.0,0,1,tree 54
SNV3317,0.0,0,1,tree 54
SNV3320,0.0,0,1,tree 54
SNV3322,0.0,0,1,tree 54
SNV3325,0.6,0,1,tree 54
SNV3328,0.0,0,1,tree 54
SNV3336,0.0,0,1,tree 54
SNV3359,0.0,0,1,tree 54
SNV3360,0.0,0,1,tree 54
SNV3367,0.0,0,1,tree 54
SNV3368,0.0,0,1,tree 54
SNV3374,0.0,0,1,tree 54
SNV3380,0.0,0,1,tree 54
SNV3385,0.0,0,1,tree 54
SNV3388,0.0,0,1,tree 54
SNV3415,0.0,0,1,tree 54
SNV3424,0.0,0,1,tree 54
SNV3427,0.0,0,1,tree 54
SNV3445,0.0,0,1,tree 54
SNV3452,0.0,0,1,tree 54
SNV3459,0.0,0,1,tree 54
SNV3469,0.0,0,1,tree 54
SNV3474,0.0,0,1,tree 54
SNV3477,0.0,0,1,tree 54
SNV3494,0.0,0,1,tree 54
SNV3495,0.0,0,1,tree 54
SNV3497,0.0,0,1,tree 54
SNV3506,0.0,0,1,tree 54
SNV3516,0.0,0,1,tree 54
SNV3523,0.0,0,1,tree 54
SNV3529,0.0,0,1,tree 54
SNV3533,0.0,0,1,tree 54
SNV3537,0.0,0,1,tree 54
SNV3539,0.0,0,1,tree 54
SNV3541,0.0,0,1,tree 54
SNV3545,0.0,0,1,tree 54
SNV3550,0.0,0,1,tree 54
SNV3551,0.1,0,1,tree 54
SNV3554,0.0,0,1,tree 54
SNV3557,0.0,0,1,tree 54
SNV3565,0.0,0,1,tree 54
SNV3569,0.0,0,1,tree 54
SNV3571,0.0,0,1,tree 54
SNV3573,0.5,0,1,tree 54
SNV3574,0.0,0,1,tree 54
SNV3576,0.0,0,1,tree 54
SNV3577,0.0,0,1,tree 54
SNV3581,0.0,0,1,tree 54
SNV3591,0.0,0,1,tree 54
SNV3595,0.0,0,1,tree 54
SNV3601,0.0,0,1,tree 54
SNV3607,0.125,0,1,tree 54
SNV3609,0.0,0,1,tree 54
SNV3619,0.0,0,1,tree 54
SNV3623,0.0,0,1,tree 54
SNV3624,0.0,0,1,tree 54
SNV3627,0.0,0,1,tree 54
SNV3629,0.0,0,1,tree 54
SNV3634,0.0,0,1,tree 54
SNV3636,0.75,0,1,tree 54
SNV3656,0.0,0,1,tree 54
SNV3659,0.0,0,1,tree 54
SNV3665,0.0,0,1,tree 54
SNV3669,0.0,0,1,tree 54
SNV3670,0.0,0,1,tree 54
SNV3672,0.0,0,1,tree 54
SNV3680,0.0,0,1,tree 54
SNV3707,0.0,0,1,tree 54
SNV3722,0.0,0,1,tree 54
SNV3732,0.0,0,1,tree 54
SNV3733,0.0,0,1,tree 54
SNV3741,0.0,0,1,tree 54
SNV3747,0.0,0,1,tree 54
SNV3754,0.0,0,1,tree 54
SNV3755,0.0,0,1,tree 54
SNV3758,0.0,0,1,tree 54
SNV3764,0.0,0,1,tree 54
SNV3768,0.0,0,1,tree 54
SNV3770,0.0,0,1,tree 54
SNV3805,0.0,0,1,tree 54
SNV3826,0.0,0,1,tree 54
SNV3834,0.0,0,1,tree 54
SNV3844,0.0,0,1,tree 54
SNV3846,0.0,0,1,tree 54
SNV3853,0.0,0,1,tree 54
SNV3856,0.0,0,1,tree 54
SNV3868,0.0,0,1,tree 54
SNV3869,0.0,0,1,tree 54
SNV3879,0.0,0,1,tree 54
SNV3881,0.0,0,1,tree 54
SNV3904,0.0,0,1,tree 54
SNV3906,0.0,0,1,tree 54
SNV3913,0.0,0,1,tree 54
SNV3915,0.0,0,1,tree 54
SNV3921,0.1111111111111111,0,1,tree 54
SNV3928,0.0,0,1,tree 54
SNV3930,0.0,0,1,tree 54
SNV3951,0.0,0,1,tree 54
SNV3955,0.0,0,1,tree 54
SNV3976,0.0,0,1,tree 54
SNV3980,0.3333333333333333,0,1,tree 54
SNV3986,0.0,0,1,tree 54
SNV3993,0.0,0,1,tree 54
SNV4014,0.0,0,1,tree 54
SNV4022,0.0,0,1,tree 54
SNV4024,0.0,0,1,tree 54
SNV4026,0.0,0,1,tree 54
SNV4030,0.0,0,1,tree 54
SNV4049,0.0,0,1,tree 54
SNV4063,0.0,0,1,tree 54
SNV4068,0.0,0,1,tree 54
SNV4087,0.0,0,1,tree 54
SNV4088,0.0,0,1,tree 54
SNV4089,0.0,0,1,tree 54
SNV4091,0.0,0,1,tree 54
SNV4092,0.0,0,1,tree 54
SNV4093,0.0,0,1,tree 54
SNV4094,0.0,0,1,tree 54
SNV4095,0.0,0,1,tree 54
SNV4096,0.0,0,1,tree 54
SNV4097,1.0,0,1,tree 54
SNV4099,0.0,0,1,tree 54
SNV4101,0.5,0,1,tree 54
SNV4110,0.0,0,1,tree 54
SNV4113,0.0,0,1,tree 54
SNV4114,0.0,0,1,tree 54
SNV4118,0.0,0,1,tree 54
SNV4120,0.0,0,1,tree 54
SNV4121,0.0,0,1,tree 54
SNV4122,0.0,0,1,tree 54
SNV4123,0.0,0,1,tree 54
SNV4124,0.0,0,1,tree 54
SNV4129,0.0,0,1,tree 54
SNV4133,0.0,0,1,tree 54
SNV4134,0.0,0,1,tree 54
SNV4148,1.0,0,1,tree 54
SNV4150,0.0,0,1,tree 54
SNV4158,0.0,0,1,tree 54
SNV4160,0.0,0,1,tree 54
SNV4169,0.0,0,1,tree 54
SNV4174,0.0,0,1,tree 54
SNV4175,0.0,0,1,tree 54
SNV4176,0.0,0,1,tree 54
SNV4177,0.0,0,1,tree 54
SNV4178,0.0,0,1,tree 54
SNV4182,0.0,0,1,tree 54
SNV4190,0.0,0,1,tree 54
SNV4205,0.0,0,1,tree 54
SNV4206,0.0,0,1,tree 54
SNV4208,0.0,0,1,tree 54
SNV4228,0.5,0,1,tree 54
SNV4234,0.0,0,1,tree 54
SNV4236,0.0,0,1,tree 54
SNV4252,0.0,0,1,tree 54
SNV4257,0.0,0,1,tree 54
SNV4258,0.0,0,1,tree 54
SNV4269,0.0,0,1,tree 54
SNV4271,0.0,0,1,tree 54
SNV4273,0.6666666666666666,0,1,tree 54
SNV4277,0.0,0,1,tree 54
SNV4280,0.0,0,1,tree 54
SNV4285,0.0,0,1,tree 54
SNV4313,0.0,0,1,tree 54
SNV4320,0.5,0,1,tree 54
SNV4321,0.0,0,1,tree 54
SNV4326,0.0,0,1,tree 54
SNV4344,0.0,0,1,tree 54
SNV4348,0.0,0,1,tree 54
SNV4354,0.0,0,1,tree 54
SNV4372,0.0,0,1,tree 54
SNV4377,0.0,0,1,tree 54
SNV4388,0.0,0,1,tree 54
SNV4389,0.0,0,1,tree 54
SNV4402,0.0,0,1,tree 54
SNV4408,0.0,0,1,tree 54
SNV4432,0.0,0,1,tree 54
SNV4435,0.0,0,1,tree 54
SNV4440,0.0,0,1,tree 54
SNV4441,0.0,0,1,tree 54
SNV4442,0.0,0,1,tree 54
SNV4448,0.0,0,1,tree 54
SNV4451,0.0,0,1,tree 54
SNV4456,0.0,0,1,tree 54
SNV4471,0.0,0,1,tree 54
SNV4480,0.25,0,1,tree 54
SNV4501,0.0,0,1,tree 54
SNV4502,0.0,0,1,tree 54
SNV4507,0.0,0,1,tree 54
SNV4508,0.0,0,1,tree 54
SNV4512,0.0,0,1,tree 54
SNV4515,0.0,0,1,tree 54
SNV4521,0.0,0,1,tree 54
SNV4529,0.0,0,1,tree 54
SNV4555,0.0,0,1,tree 54
SNV4559,0.0,0,1,tree 54
SNV4579,0.0,0,1,tree 54
SNV4582,0.0,0,1,tree 54
SNV4583,0.0,0,1,tree 54
SNV4591,0.0,0,1,tree 54
SNV4593,0.0,0,1,tree 54
SNV4604,0.0,0,1,tree 54
SNV4614,0.0,0,1,tree 54
SNV4617,0.0,0,1,tree 54
SNV4640,0.0,0,1,tree 54
SNV4642,0.0,0,1,tree 54
SNV4656,0.0,0,1,tree 54
SNV4658,0.0,0,1,tree 54
SNV4659,0.0,0,1,tree 54
SNV4665,0.0,0,1,tree 54
SNV4666,0.0,0,1,tree 54
SNV4673,0.0,0,1,tree 54
SNV4677,0.0,0,1,tree 54
SNV4690,0.0,0,1,tree 54
SNV4694,0.0,0,1,tree 54
SNV4726,0.0,0,1,tree 54
SNV4777,0.0,0,1,tree 54
SNV4784,0.0,0,1,tree 54
SNV4785,0.0,0,1,tree 54
SNV4786,0.0,0,1,tree 54
SNV4789,0.0,0,1,tree 54
SNV4790,0.0,0,1,tree 54
SNV4791,0.0,0,1,tree 54
SNV4792,0.0,0,1,tree 54
SNV4793,0.0,0,1,tree 54
SNV4794,0.0,0,1,tree 54
SNV4795,0.0,0,1,tree 54
SNV4796,0.0,0,1,tree 54
SNV4798,0.0,0,1,tree 54
SNV4800,0.0,0,1,tree 54
SNV4801,0.0,0,1,tree 54
SNV4809,0.0,0,1,tree 54
SNV4812,0.0,0,1,tree 54
SNV4839,0.0,0,1,tree 54
SNV4841,0.0,0,1,tree 54
SNV4844,0.0,0,1,tree 54
SNV4857,0.0,0,1,tree 54
SNV4871,0.0,0,1,tree 54
SNV4881,0.0,0,1,tree 54
SNV4884,0.0,0,1,tree 54
SNV4889,0.25,0,1,tree 54
SNV4892,0.0,0,1,tree 54
SNV4898,0.0,0,1,tree 54
SNV4902,0.0,0,1,tree 54
SNV4904,0.0,0,1,tree 54
SNV4922,0.0,0,1,tree 54
SNV4926,0.0,0,1,tree 54
SNV4931,0.0,0,1,tree 54
SNV4932,0.0,0,1,tree 54
SNV4941,0.0,0,1,tree 54
SNV4964,0.0,0,1,tree 54
SNV4968,0.0,0,1,tree 54
SNV4993,0.0,0,1,tree 54
SNV5004,0.0,0,1,tree 54
SNV5006,0.0,0,1,tree 54
SNV5019,0.0,0,1,tree 54
SNV5029,0.0,0,1,tree 54
SNV5036,0.1428571428571428,0,1,tree 54
SNV5045,0.0,0,1,tree 54
SNV5055,0.0,0,1,tree 54
SNV5061,0.0,0,1,tree 54
SNV5080,0.0,0,1,tree 54
SNV5091,0.0,0,1,tree 54
SNV5120,0.0,0,1,tree 54
SNV5125,0.1111111111111111,0,1,tree 54
SNV5134,0.0,0,1,tree 54
SNV5136,0.0,0,1,tree 54
SNV5151,0.0,0,1,tree 54
SNV5154,0.0,0,1,tree 54
SNV5157,0.0,0,1,tree 54
SNV5166,0.0,0,1,tree 54
SNV5171,0.0,0,1,tree 54
SNV5173,0.0,0,1,tree 54
SNV5176,0.0,0,1,tree 54
SNV5177,0.0,0,1,tree 54
SNV5180,0.0,0,1,tree 54
SNV5185,0.0,0,1,tree 54
SNV5187,0.0,0,1,tree 54
SNV5189,0.0,0,1,tree 54
SNV5191,1.0,0,1,tree 54
SNV5201,0.0,0,1,tree 54
SNV5209,0.0,0,1,tree 54
SNV5216,0.0,0,1,tree 54
SNV5219,0.0,0,1,tree 54
SNV5221,0.0,0,1,tree 54
SNV5222,0.0,0,1,tree 54
SNV5225,0.0,0,1,tree 54
SNV5230,0.0,0,1,tree 54
SNV5244,0.2,0,1,tree 54
SNV5256,0.0,0,1,tree 54
SNV5266,0.0,0,1,tree 54
SNV5271,0.0,0,1,tree 54
SNV5272,0.0,0,1,tree 54
SNV5276,0.0,0,1,tree 54
SNV5284,0.0,0,1,tree 54
SNV5294,0.0,0,1,tree 54
SNV5300,0.0,0,1,tree 54
SNV5307,0.0,0,1,tree 54
SNV5311,0.0,0,1,tree 54
SNV5316,0.0,0,1,tree 54
SNV5317,0.0,0,1,tree 54
SNV5324,0.0,0,1,tree 54
SNV5326,0.0,0,1,tree 54
SNV5327,0.0,0,1,tree 54
SNV5328,0.0,0,1,tree 54
SNV5346,0.0,0,1,tree 54
SNV5355,0.0,0,1,tree 54
SNV5357,0.0,0,1,tree 54
SNV5358,0.0,0,1,tree 54
SNV5371,0.0,0,1,tree 54
SNV5399,0.0,0,1,tree 54
SNV5401,0.0,0,1,tree 54
SNV5408,0.0,0,1,tree 54
SNV5409,0.0,0,1,tree 54
SNV5412,0.0,0,1,tree 54
SNV5428,0.0,0,1,tree 54
SNV5435,0.0,0,1,tree 54
SNV5455,0.0,0,1,tree 54
SNV5464,0.0,0,1,tree 54
SNV5466,0.0,0,1,tree 54
SNV5467,0.0,0,1,tree 54
SNV5470,0.0,0,1,tree 54
SNV5471,0.0,0,1,tree 54
SNV5472,0.0,0,1,tree 54
SNV5480,0.0,0,1,tree 54
SNV5486,0.0,0,1,tree 54
SNV5490,0.0,0,1,tree 54
SNV5514,0.0,0,1,tree 54
SNV5518,0.0,0,1,tree 54
SNV5519,0.0,0,1,tree 54
SNV5525,0.0,0,1,tree 54
SNV5533,0.0,0,1,tree 54
SNV5534,0.0,0,1,tree 54
SNV5539,0.0,0,1,tree 54
SNV5546,0.0,0,1,tree 54
SNV5554,0.0,0,1,tree 54
SNV5561,0.0,0,1,tree 54
SNV5573,0.0,0,1,tree 54
SNV5586,0.0,0,1,tree 54
SNV5591,0.0,0,1,tree 54
SNV5598,0.0,0,1,tree 54
SNV5601,0.0,0,1,tree 54
SNV5603,0.0,0,1,tree 54
SNV5609,0.0,0,1,tree 54
SNV5617,0.0,0,1,tree 54
SNV5623,0.0,0,1,tree 54
SNV5625,0.0,0,1,tree 54
SNV5632,0.0,0,1,tree 54
SNV5654,0.0,0,1,tree 54
SNV5656,0.0,0,1,tree 54
SNV5658,0.0,0,1,tree 54
SNV5662,0.0,0,1,tree 54
SNV5688,0.0,0,1,tree 54
SNV5690,0.0,0,1,tree 54
SNV5697,0.0,0,1,tree 54
SNV5699,0.0,0,1,tree 54
SNV5705,0.0,0,1,tree 54
SNV5710,0.0,0,1,tree 54
SNV5714,0.0,0,1,tree 54
SNV5720,0.0,0,1,tree 54
SNV5726,0.0,0,1,tree 54
SNV5734,0.0,0,1,tree 54
SNV5737,0.0,0,1,tree 54
SNV5738,0.0,0,1,tree 54
SNV5748,0.0,0,1,tree 54
SNV5755,0.0,0,1,tree 54
SNV5769,0.0,0,1,tree 54
SNV5770,0.5,0,1,tree 54
SNV5776,0.0,0,1,tree 54
SNV5780,0.0,0,1,tree 54
SNV5781,0.0,0,1,tree 54
SNV5796,0.0,0,1,tree 54
SNV5797,0.0,0,1,tree 54
SNV5802,0.0,0,1,tree 54
SNV5818,0.0,0,1,tree 54
SNV5826,0.0,0,1,tree 54
SNV5827,0.0,0,1,tree 54
SNV5828,0.0,0,1,tree 54
SNV5833,0.0,0,1,tree 54
SNV5834,0.0,0,1,tree 54
SNV5836,0.0,0,1,tree 54
SNV5842,0.0,0,1,tree 54
SNV5849,0.0,0,1,tree 54
SNV5852,0.0,0,1,tree 54
SNV5855,0.0,0,1,tree 54
SNV5856,0.0,0,1,tree 54
SNV5874,0.0,0,1,tree 54
SNV5907,0.0,0,1,tree 54
SNV5910,0.0,0,1,tree 54
SNV5923,0.0,0,1,tree 54
SNV5928,0.0,0,1,tree 54
SNV5931,0.0,0,1,tree 54
SNV5944,0.0,0,1,tree 54
SNV5950,0.0,0,1,tree 54
SNV5952,0.0,0,1,tree 54
SNV5971,0.0,0,1,tree 54
SNV6004,0.0,0,1,tree 54
SNV6006,0.0,0,1,tree 54
SNV6007,0.25,0,1,tree 54
SNV6010,0.0,0,1,tree 54
SNV6024,0.0,0,1,tree 54
SNV6036,0.0,0,1,tree 54
SNV6047,0.0,0,1,tree 54
SNV6077,0.0,0,1,tree 54
SNV6085,0.0,0,1,tree 54
SNV6090,0.0,0,1,tree 54
SNV6095,0.0,0,1,tree 54
SNV6106,0.0,0,1,tree 54
SNV6113,0.0,0,1,tree 54
SNV6124,0.0,0,1,tree 54
SNV6125,0.0,0,1,tree 54
SNV6133,0.0,0,1,tree 54
SNV6135,0.0,0,1,tree 54
SNV6138,0.0,0,1,tree 54
SNV6142,0.0,0,1,tree 54
SNV6146,0.0,0,1,tree 54
SNV6167,0.0,0,1,tree 54
SNV6177,0.0,0,1,tree 54
SNV6180,0.0,0,1,tree 54
SNV6191,0.0,0,1,tree 54
SNV6194,0.0,0,1,tree 54
SNV6201,0.0,0,1,tree 54
SNV6213,0.0,0,1,tree 54
SNV6227,0.0,0,1,tree 54
SNV6236,0.0,0,1,tree 54
SNV6237,0.0,0,1,tree 54
SNV6248,0.0,0,1,tree 54
SNV6250,0.0,0,1,tree 54
SNV6252,0.0,0,1,tree 54
SNV6254,0.0,0,1,tree 54
SNV6263,0.0,0,1,tree 54
SNV6269,0.0,0,1,tree 54
SNV6281,0.0,0,1,tree 54
SNV6284,0.0,0,1,tree 54
SNV6285,0.0,0,1,tree 54
SNV6293,0.0,0,1,tree 54
SNV6305,0.0,0,1,tree 54
SNV6314,0.0,0,1,tree 54
SNV6324,0.0,0,1,tree 54
SNV6328,0.0,0,1,tree 54
SNV6339,0.0,0,1,tree 54
SNV6341,0.0,0,1,tree 54
SNV6354,0.0,0,1,tree 54
SNV6373,0.0,0,1,tree 54
SNV6379,0.0,0,1,tree 54
SNV6408,0.0,0,1,tree 54
SNV6410,0.0,0,1,tree 54
SNV6438,0.0,0,1,tree 54
SNV6443,0.0,0,1,tree 54
SNV6445,0.0,0,1,tree 54
SNV6453,0.0,0,1,tree 54
SNV6457,0.0,0,1,tree 54
SNV6460,0.0,0,1,tree 54
SNV6466,0.0,0,1,tree 54
SNV6474,0.0,0,1,tree 54
SNV6477,0.0,0,1,tree 54
SNV6478,0.0,0,1,tree 54
SNV6479,0.1666666666666666,0,1,tree 54
SNV6508,0.0,0,1,tree 54
SNV6509,0.0,0,1,tree 54
SNV6512,0.0,0,1,tree 54
SNV6514,0.0,0,1,tree 54
SNV6531,0.0,0,1,tree 54
SNV6534,0.0,0,1,tree 54
SNV6536,0.0,0,1,tree 54
SNV6538,0.0,0,1,tree 54
SNV6548,0.0,0,1,tree 54
SNV6555,0.0,0,1,tree 54
SNV6560,0.0,0,1,tree 54
SNV6561,0.0,0,1,tree 54
SNV6562,0.0,0,1,tree 54
SNV6567,0.0,0,1,tree 54
SNV6576,0.0,0,1,tree 54
SNV6578,0.0,0,1,tree 54
SNV6592,0.0,0,1,tree 54
SNV6597,0.0,0,1,tree 54
SNV6606,0.0,0,1,tree 54
SNV6619,0.0,0,1,tree 54
SNV6621,0.0,0,1,tree 54
SNV6622,0.0,0,1,tree 54
SNV6626,0.0,0,1,tree 54
SNV6628,0.0,0,1,tree 54
SNV6632,0.0,0,1,tree 54
SNV6644,0.0,0,1,tree 54
SNV6648,0.125,0,1,tree 54
SNV6655,0.0,0,1,tree 54
SNV6657,0.0,0,1,tree 54
SNV6661,0.0,0,1,tree 54
SNV6662,0.0,0,1,tree 54
SNV6676,0.0,0,1,tree 54
SNV6691,0.0,0,1,tree 54
SNV6694,0.0,0,1,tree 54
SNV6707,0.0,0,1,tree 54
SNV6719,0.0,0,1,tree 54
SNV6720,0.0,0,1,tree 54
SNV6721,0.0,0,1,tree 54
SNV6722,0.0,0,1,tree 54
SNV6725,0.0,0,1,tree 54
SNV6728,0.0,0,1,tree 54
SNV6734,0.0,0,1,tree 54
SNV6748,0.0,0,1,tree 54
SNV6768,0.0,0,1,tree 54
SNV6773,0.0,0,1,tree 54
SNV6778,0.0,0,1,tree 54
SNV6798,0.0,0,1,tree 54
SNV6808,0.0,0,1,tree 54
SNV6815,0.0,0,1,tree 54
SNV6820,0.0,0,1,tree 54
SNV6821,0.0,0,1,tree 54
SNV6828,0.0,0,1,tree 54
SNV6851,0.0,0,1,tree 54
SNV6852,0.0,0,1,tree 54
SNV6859,0.0,0,1,tree 54
SNV6916,0.0,0,1,tree 54
SNV6919,0.0,0,1,tree 54
SNV6931,0.0,0,1,tree 54
SNV6936,0.0,0,1,tree 54
SNV6937,0.0,0,1,tree 54
SNV6941,0.0,0,1,tree 54
SNV6946,0.0,0,1,tree 54
SNV6947,0.0,0,1,tree 54
SNV6949,0.0,0,1,tree 54
SNV6960,0.0,0,1,tree 54
SNV6973,0.0,0,1,tree 54
SNV6981,0.0,0,1,tree 54
SNV6998,0.0,0,1,tree 54
SNV7009,0.0,0,1,tree 54
SNV7010,0.0,0,1,tree 54
SNV7012,0.0,0,1,tree 54
SNV7025,0.0,0,1,tree 54
SNV7030,0.0,0,1,tree 54
SNV7033,0.0,0,1,tree 54
SNV7047,0.0,0,1,tree 54
SNV7052,0.0,0,1,tree 54
SNV7053,0.0,0,1,tree 54
SNV7061,0.0,0,1,tree 54
SNV7064,0.0,0,1,tree 54
SNV7074,0.0,0,1,tree 54
SNV7077,0.1428571428571428,0,1,tree 54
SNV7079,0.0,0,1,tree 54
SNV7083,0.0,0,1,tree 54
SNV7091,0.0,0,1,tree 54
SNV7102,0.0,0,1,tree 54
SNV7103,0.0,0,1,tree 54
SNV7107,0.0,0,1,tree 54
SNV7109,0.1666666666666666,0,1,tree 54
SNV7112,0.0,0,1,tree 54
SNV7123,0.0,0,1,tree 54
SNV7124,0.0,0,1,tree 54
SNV7126,0.0,0,1,tree 54
SNV7128,0.0,0,1,tree 54
SNV7129,0.0,0,1,tree 54
SNV7131,0.0,0,1,tree 54
SNV7137,0.0,0,1,tree 54
SNV7152,0.0,0,1,tree 54
SNV7157,0.0,0,1,tree 54
SNV7158,0.0,0,1,tree 54
SNV7159,0.0,0,1,tree 54
SNV7165,0.0,0,1,tree 54
SNV7166,0.0,0,1,tree 54
SNV7167,0.0,0,1,tree 54
SNV7182,0.0,0,1,tree 54
SNV7183,0.0,0,1,tree 54
SNV7189,0.0,0,1,tree 54
SNV7193,0.0,0,1,tree 54
SNV7212,0.2857142857142857,0,1,tree 54
SNV7221,0.0,0,1,tree 54
SNV7222,0.0,0,1,tree 54
SNV7227,0.0,0,1,tree 54
SNV7229,0.0,0,1,tree 54
SNV7234,0.0,0,1,tree 54
SNV7240,0.0,0,1,tree 54
SNV7244,0.0,0,1,tree 54
SNV7246,0.0,0,1,tree 54
SNV7258,0.0,0,1,tree 54
SNV7264,0.0,0,1,tree 54
SNV7274,0.0,0,1,tree 54
SNV7277,0.0,0,1,tree 54
SNV7297,0.0,0,1,tree 54
SNV7301,0.0,0,1,tree 54
SNV7310,0.0,0,1,tree 54
SNV7319,0.0,0,1,tree 54
SNV7332,0.0,0,1,tree 54
SNV7338,0.0,0,1,tree 54
SNV7343,0.0,0,1,tree 54
SNV7351,0.0,0,1,tree 54
SNV7358,0.0,0,1,tree 54
SNV7365,0.0,0,1,tree 54
SNV7381,0.0,0,1,tree 54
SNV7402,0.0,0,1,tree 54
SNV7405,0.0,0,1,tree 54
SNV7406,0.0,0,1,tree 54
SNV7412,0.0,0,1,tree 54
SNV7423,0.0,0,1,tree 54
SNV7436,0.0,0,1,tree 54
SNV7448,0.0,0,1,tree 54
SNV7451,0.0,0,1,tree 54
SNV7452,0.0,0,1,tree 54
SNV7455,0.0,0,1,tree 54
SNV7457,0.0,0,1,tree 54
SNV7459,0.0,0,1,tree 54
SNV7464,0.0,0,1,tree 54
SNV7468,0.0,0,1,tree 54
SNV7471,0.0,0,1,tree 54
SNV7474,0.0,0,1,tree 54
SNV7486,0.0,0,1,tree 54
SNV7492,0.0,0,1,tree 54
SNV7510,0.0,0,1,tree 54
SNV7511,0.0,0,1,tree 54
SNV7518,0.0,0,1,tree 54
SNV7548,0.0,0,1,tree 54
SNV7572,0.0,0,1,tree 54
SNV7581,0.0,0,1,tree 54
SNV7584,0.0,0,1,tree 54
SNV7590,0.0,0,1,tree 54
SNV7595,0.0,0,1,tree 54
SNV7599,0.0,0,1,tree 54
SNV7606,0.0,0,1,tree 54
SNV7608,0.0,0,1,tree 54
SNV7613,0.0,0,1,tree 54
SNV7620,0.0,0,1,tree 54
SNV7632,0.0,0,1,tree 54
SNV7635,0.0,0,1,tree 54
SNV7639,0.0,0,1,tree 54
SNV7648,0.0,0,1,tree 54
SNV7651,0.0,0,1,tree 54
SNV7668,0.0,0,1,tree 54
SNV7684,0.0,0,1,tree 54
SNV7704,0.0,0,1,tree 54
SNV7705,0.0,0,1,tree 54
SNV7711,0.0,0,1,tree 54
SNV7713,0.0,0,1,tree 54
SNV7716,0.0,0,1,tree 54
SNV7717,0.0,0,1,tree 54
SNV7718,0.0,0,1,tree 54
SNV7727,0.0,0,1,tree 54
SNV7742,0.0,0,1,tree 54
SNV7753,0.0,0,1,tree 54
SNV7754,0.0,0,1,tree 54
SNV7755,0.0,0,1,tree 54
SNV7762,0.0,0,1,tree 54
SNV7766,0.0,0,1,tree 54
SNV7770,0.0,0,1,tree 54
SNV7773,0.0,0,1,tree 54
SNV7777,0.0,0,1,tree 54
SNV7784,0.0,0,1,tree 54
SNV7793,0.0,0,1,tree 54
SNV7796,0.0,0,1,tree 54
SNV7810,0.0,0,1,tree 54
SNV7816,0.0,0,1,tree 54
SNV7821,0.0,0,1,tree 54
SNV7824,0.0,0,1,tree 54
SNV7845,0.0,0,1,tree 54
SNV7848,0.0,0,1,tree 54
SNV7852,0.0,0,1,tree 54
SNV7854,0.0,0,1,tree 54
SNV7858,0.0,0,1,tree 54
SNV7872,0.0,0,1,tree 54
SNV7875,0.0,0,1,tree 54
SNV7888,0.0,0,1,tree 54
SNV7892,0.0,0,1,tree 54
SNV7903,0.0,0,1,tree 54
SNV7906,0.0,0,1,tree 54
SNV7907,0.0,0,1,tree 54
SNV7911,0.0,0,1,tree 54
SNV7924,0.0,0,1,tree 54
SNV7925,0.0,0,1,tree 54
SNV7926,0.0,0,1,tree 54
SNV7927,0.0,0,1,tree 54
SNV7928,0.0,0,1,tree 54
SNV7929,0.0,0,1,tree 54
SNV7938,0.0,0,1,tree 54
SNV7941,0.0,0,1,tree 54
SNV7942,0.0,0,1,tree 54
SNV7943,0.0,0,1,tree 54
SNV7944,0.0,0,1,tree 54
SNV7945,0.0,0,1,tree 54
SNV7946,0.0,0,1,tree 54
SNV7947,0.0,0,1,tree 54
SNV7948,0.0,0,1,tree 54
SNV7949,0.0,0,1,tree 54
SNV7950,0.0,0,1,tree 54
SNV7951,0.0,0,1,tree 54
SNV7956,0.0,0,1,tree 54
SNV7958,0.0,0,1,tree 54
SNV7959,0.0,0,1,tree 54
SNV7960,0.0,0,1,tree 54
SNV7961,0.0,0,1,tree 54
SNV7962,0.0,0,1,tree 54
SNV7963,0.0,0,1,tree 54
SNV7964,0.0,0,1,tree 54
SNV7968,0.3333333333333333,0,1,tree 54
SNV7969,0.5,0,1,tree 54
SNV7974,0.0,0,1,tree 54
SNV7980,0.0,0,1,tree 54
SNV7987,0.0,0,1,tree 54
SNV7990,0.0,0,1,tree 54
SNV7994,0.6666666666666666,0,1,tree 54
SNV7995,0.0,0,1,tree 54
SNV8003,0.0,0,1,tree 54
SNV8004,0.0,0,1,tree 54
SNV8006,0.0,0,1,tree 54
SNV8021,0.0,0,1,tree 54
SNV8028,0.0,0,1,tree 54
SNV8035,0.5,0,1,tree 54
SNV8047,0.0,0,1,tree 54
SNV8049,0.0,0,1,tree 54
SNV8050,0.0,0,1,tree 54
SNV8063,0.0,0,1,tree 54
SNV8073,0.0,0,1,tree 54
SNV8086,0.0,0,1,tree 54
SNV8090,0.0,0,1,tree 54
SNV8096,0.0,0,1,tree 54
SNV8102,0.0,0,1,tree 54
SNV8112,0.0,0,1,tree 54
SNV8113,0.0,0,1,tree 54
SNV8132,0.0,0,1,tree 54
SNV8135,0.0,0,1,tree 54
SNV8148,0.0,0,1,tree 54
SNV8163,0.0,0,1,tree 54
SNV8166,0.0,0,1,tree 54
SNV8171,0.0,0,1,tree 54
SNV8180,0.0,0,1,tree 54
SNV8183,0.0,0,1,tree 54
SNV8184,0.0,0,1,tree 54
SNV8189,0.0,0,1,tree 54
SNV8195,0.0,0,1,tree 54
SNV8197,0.0,0,1,tree 54
SNV8204,0.0,0,1,tree 54
SNV8205,0.0,0,1,tree 54
SNV8209,0.0,0,1,tree 54
SNV8212,0.0,0,1,tree 54
SNV8213,0.0,0,1,tree 54
SNV8214,0.0,0,1,tree 54
SNV8215,0.0,0,1,tree 54
SNV8226,0.0,0,1,tree 54
SNV8228,0.0,0,1,tree 54
SNV8237,0.0,0,1,tree 54
SNV8241,0.0,0,1,tree 54
SNV8251,0.0,0,1,tree 54
SNV8264,0.0,0,1,tree 54
SNV8278,0.0,0,1,tree 54
SNV8290,0.0,0,1,tree 54
SNV8292,0.0,0,1,tree 54
SNV8299,0.0,0,1,tree 54
SNV8301,0.0,0,1,tree 54
SNV8308,0.0,0,1,tree 54
SNV8325,0.0,0,1,tree 54
SNV8334,0.0,0,1,tree 54
SNV8336,1.0,0,1,tree 54
SNV8338,0.0,0,1,tree 54
SNV8342,0.0,0,1,tree 54
SNV8345,0.0,0,1,tree 54
SNV8352,0.0,0,1,tree 54
SNV8357,0.0,0,1,tree 54
SNV8363,0.0,0,1,tree 54
SNV8364,0.0,0,1,tree 54
SNV8371,0.0,0,1,tree 54
SNV8372,0.0,0,1,tree 54
SNV8375,0.0,0,1,tree 54
SNV8379,0.0,0,1,tree 54
SNV8389,0.0,0,1,tree 54
SNV8394,0.0,0,1,tree 54
SNV8397,0.0,0,1,tree 54
SNV8400,0.0,0,1,tree 54
SNV8401,0.0,0,1,tree 54
SNV8406,0.0,0,1,tree 54
SNV8407,0.0,0,1,tree 54
SNV8409,0.0,0,1,tree 54
SNV8431,0.4,0,1,tree 54
SNV8436,0.0,0,1,tree 54
SNV8448,0.0,0,1,tree 54
SNV8457,0.0,0,1,tree 54
SNV8459,0.0,0,1,tree 54
SNV8464,0.0,0,1,tree 54
SNV8469,0.0,0,1,tree 54
SNV8473,0.0,0,1,tree 54
SNV8474,0.0,0,1,tree 54
SNV8475,0.0,0,1,tree 54
SNV8477,0.0,0,1,tree 54
SNV8482,0.0,0,1,tree 54
SNV8484,0.0,0,1,tree 54
SNV8504,0.0,0,1,tree 54
SNV8514,0.0,0,1,tree 54
SNV8533,0.0,0,1,tree 54
SNV8543,0.0,0,1,tree 54
SNV8544,0.0,0,1,tree 54
SNV8545,0.0,0,1,tree 54
SNV8550,0.0,0,1,tree 54
SNV8554,0.0,0,1,tree 54
SNV8555,0.0,0,1,tree 54
SNV8563,0.0,0,1,tree 54
SNV8564,0.0,0,1,tree 54
SNV8567,0.0,0,1,tree 54
SNV8570,0.0,0,1,tree 54
SNV8572,0.0,0,1,tree 54
SNV8576,0.0,0,1,tree 54
SNV8584,0.0,0,1,tree 54
SNV8599,0.0,0,1,tree 54
SNV8603,0.0,0,1,tree 54
SNV8608,0.0,0,1,tree 54
SNV8610,0.0,0,1,tree 54
SNV8617,0.0,0,1,tree 54
SNV8623,0.1428571428571428,0,1,tree 54
SNV8633,0.0,0,1,tree 54
SNV8635,0.0,0,1,tree 54
SNV8640,0.0,0,1,tree 54
SNV8642,0.0,0,1,tree 54
SNV8643,0.0,0,1,tree 54
SNV8650,0.0,0,1,tree 54
SNV8652,0.0,0,1,tree 54
SNV8654,0.0,0,1,tree 54
SNV8655,0.0,0,1,tree 54
SNV8664,0.0,0,1,tree 54
SNV8666,0.0,0,1,tree 54
SNV8667,0.0,0,1,tree 54
SNV8669,0.0,0,1,tree 54
SNV8671,0.0,0,1,tree 54
SNV8679,0.0,0,1,tree 54
SNV8683,0.0,0,1,tree 54
SNV8684,0.0,0,1,tree 54
SNV8692,0.0,0,1,tree 54
SNV8696,0.25,0,1,tree 54
SNV8703,0.0,0,1,tree 54
SNV8729,0.0,0,1,tree 54
SNV8738,0.0,0,1,tree 54
SNV8742,0.0,0,1,tree 54
SNV8747,0.0,0,1,tree 54
SNV8755,0.0,0,1,tree 54
SNV8757,0.0,0,1,tree 54
SNV8760,0.0,0,1,tree 54
SNV8766,0.0,0,1,tree 54
SNV8770,0.0,0,1,tree 54
SNV8772,0.0,0,1,tree 54
SNV8773,0.0,0,1,tree 54
SNV8776,0.0,0,1,tree 54
SNV8783,0.0,0,1,tree 54
SNV8790,0.0,0,1,tree 54
SNV8793,0.0,0,1,tree 54
SNV8803,0.0,0,1,tree 54
SNV8820,0.0,0,1,tree 54
SNV8821,0.0,0,1,tree 54
SNV8827,0.0,0,1,tree 54
SNV8829,0.0,0,1,tree 54
SNV8830,0.0,0,1,tree 54
SNV8840,0.0,0,1,tree 54
SNV8847,0.0,0,1,tree 54
SNV8848,0.0,0,1,tree 54
SNV8856,0.0,0,1,tree 54
SNV8863,0.0,0,1,tree 54
SNV8877,0.0,0,1,tree 54
SNV8879,0.0,0,1,tree 54
SNV8887,0.0,0,1,tree 54
SNV8889,0.0,0,1,tree 54
SNV8919,0.0,0,1,tree 54
SNV8921,0.0,0,1,tree 54
SNV8923,0.0,0,1,tree 54
SNV8925,0.0,0,1,tree 54
SNV8926,0.0,0,1,tree 54
SNV8927,0.0,0,1,tree 54
SNV8937,0.0,0,1,tree 54
SNV8943,0.0,0,1,tree 54
SNV8946,0.0,0,1,tree 54
SNV8953,0.0,0,1,tree 54
SNV8954,0.0,0,1,tree 54
SNV8955,0.0,0,1,tree 54
SNV8957,0.0,0,1,tree 54
SNV8958,0.0,0,1,tree 54
SNV8959,0.0,0,1,tree 54
SNV8960,0.0,0,1,tree 54
SNV8962,0.0,0,1,tree 54
SNV8964,0.0,0,1,tree 54
SNV8968,0.0,0,1,tree 54
SNV8970,0.0,0,1,tree 54
SNV8975,0.0,0,1,tree 54
SNV8981,0.0,0,1,tree 54
SNV8983,0.0,0,1,tree 54
SNV8984,0.25,0,1,tree 54
SNV9000,0.0,0,1,tree 54
SNV9001,0.0,0,1,tree 54
SNV9006,0.0,0,1,tree 54
SNV9007,0.0,0,1,tree 54
SNV9009,0.0,0,1,tree 54
SNV9013,0.0,0,1,tree 54
SNV9017,0.0,0,1,tree 54
SNV9020,0.0,0,1,tree 54
SNV9021,0.0,0,1,tree 54
SNV9023,0.0,0,1,tree 54
SNV9024,0.0,0,1,tree 54
SNV9037,0.0,0,1,tree 54
SNV9041,0.0,0,1,tree 54
SNV9043,0.0,0,1,tree 54
SNV9052,0.0,0,1,tree 54
SNV9053,0.0,0,1,tree 54
SNV9058,0.0,0,1,tree 54
SNV9061,0.5,0,1,tree 54
SNV9065,0.0,0,1,tree 54
SNV9075,0.0,0,1,tree 54
SNV9077,0.0,0,1,tree 54
SNV9088,0.0,0,1,tree 54
SNV9094,0.0,0,1,tree 54
SNV9096,0.0,0,1,tree 54
SNV9098,0.0,0,1,tree 54
SNV9106,0.0,0,1,tree 54
SNV9116,0.0,0,1,tree 54
SNV9119,0.0,0,1,tree 54
SNV9123,0.0,0,1,tree 54
SNV9138,0.0,0,1,tree 54
SNV9139,0.0,0,1,tree 54
SNV9141,0.0,0,1,tree 54
SNV9142,0.0,0,1,tree 54
SNV9143,0.0,0,1,tree 54
SNV9144,0.0,0,1,tree 54
SNV9145,0.0,0,1,tree 54
SNV9150,0.0,0,1,tree 54
SNV9152,0.0,0,1,tree 54
SNV9160,0.0,0,1,tree 54
SNV9166,0.0,0,1,tree 54
SNV9170,0.0,0,1,tree 54
SNV9176,0.0,0,1,tree 54
SNV9186,0.0,0,1,tree 54
SNV9191,0.0,0,1,tree 54
SNV9195,0.0,0,1,tree 54
SNV9200,1.0,0,1,tree 54
SNV9202,0.0,0,1,tree 54
SNV9205,0.0,0,1,tree 54
SNV9207,0.0,0,1,tree 54
SNV9213,0.0,0,1,tree 54
SNV9225,0.0,0,1,tree 54
SNV9226,0.5,0,1,tree 54
SNV9232,0.0,0,1,tree 54
SNV9234,0.0,0,1,tree 54
SNV9270,0.0,0,1,tree 54
SNV9279,0.0,0,1,tree 54
SNV9282,0.1666666666666666,0,1,tree 54
SNV9297,0.0,0,1,tree 54
SNV9315,0.0,0,1,tree 54
SNV9321,0.0,0,1,tree 54
SNV9325,0.0,0,1,tree 54
SNV9326,0.0,0,1,tree 54
SNV9335,0.0,0,1,tree 54
SNV9339,0.0,0,1,tree 54
SNV9356,0.0,0,1,tree 54
SNV9357,0.0,0,1,tree 54
SNV9362,0.0,0,1,tree 54
SNV9363,0.0,0,1,tree 54
SNV9365,0.0,0,1,tree 54
SNV9369,0.0,0,1,tree 54
SNV9380,0.0,0,1,tree 54
SNV9381,0.0,0,1,tree 54
SNV9385,0.0,0,1,tree 54
SNV9390,0.0,0,1,tree 54
SNV9401,0.0,0,1,tree 54
SNV9408,0.0,0,1,tree 54
SNV9411,0.0,0,1,tree 54
SNV9437,0.0,0,1,tree 54
SNV9442,0.0,0,1,tree 54
SNV9446,0.0,0,1,tree 54
SNV9453,0.0,0,1,tree 54
SNV9457,0.0,0,1,tree 54
SNV9458,0.0,0,1,tree 54
SNV9461,0.0,0,1,tree 54
SNV9465,0.0,0,1,tree 54
SNV9469,0.0,0,1,tree 54
SNV9473,0.0,0,1,tree 54
SNV9479,0.0,0,1,tree 54
SNV9481,0.0,0,1,tree 54
SNV9488,0.0,0,1,tree 54
SNV9491,0.0,0,1,tree 54
SNV9501,0.0,0,1,tree 54
SNV9502,0.0,0,1,tree 54
SNV9512,0.0,0,1,tree 54
SNV9520,0.0,0,1,tree 54
SNV9529,0.0,0,1,tree 54
SNV9530,0.0,0,1,tree 54
SNV9536,0.0,0,1,tree 54
SNV9537,0.0,0,1,tree 54
SNV9538,0.0,0,1,tree 54
SNV9540,0.0,0,1,tree 54
SNV9541,0.0,0,1,tree 54
SNV9542,0.0,0,1,tree 54
SNV9543,0.0,0,1,tree 54
SNV9545,0.0,0,1,tree 54
SNV9549,0.0,0,1,tree 54
SNV9558,0.0,0,1,tree 54
SNV9574,0.0,0,1,tree 54
SNV9579,0.0,0,1,tree 54
SNV9580,0.0,0,1,tree 54
SNV9590,0.0,0,1,tree 54
SNV9591,0.0,0,1,tree 54
SNV9593,0.0,0,1,tree 54
SNV9608,0.0,0,1,tree 54
SNV9622,0.0,0,1,tree 54
SNV9631,0.0,0,1,tree 54
SNV9637,0.0,0,1,tree 54
SNV9644,0.0,0,1,tree 54
SNV9662,0.0,0,1,tree 54
SNV9663,0.0,0,1,tree 54
SNV9678,0.0,0,1,tree 54
SNV9686,0.0,0,1,tree 54
SNV9687,0.0,0,1,tree 54
SNV9688,0.0,0,1,tree 54
SNV9690,0.0,0,1,tree 54
SNV9697,0.5,0,1,tree 54
SNV9704,0.0,0,1,tree 54
SNV9707,0.0,0,1,tree 54
SNV9709,0.0,0,1,tree 54
SNV9714,0.0,0,1,tree 54
SNV4,1.0,1,1,tree 54
SNV10,0.5111111111111111,1,1,tree 54
SNV14,1.0,1,1,tree 54
SNV38,0.9523809523809524,1,1,tree 54
SNV41,0.8823529411764706,1,1,tree 54
SNV48,0.4230769230769231,1,1,tree 54
SNV49,0.9655172413793104,1,1,tree 54
SNV54,1.0,1,1,tree 54
SNV64,0.935483870967742,1,1,tree 54
SNV65,0.4210526315789473,1,1,tree 54
SNV77,1.0,1,1,tree 54
SNV78,0.9736842105263158,1,1,tree 54
SNV84,0.975,1,1,tree 54
SNV85,0.5,1,1,tree 54
SNV88,1.0,1,1,tree 54
SNV112,0.2708333333333333,1,1,tree 54
SNV126,0.5769230769230769,1,1,tree 54
SNV129,0.6388888888888888,1,1,tree 54
SNV136,1.0,1,1,tree 54
SNV157,1.0,1,1,tree 54
SNV158,0.9444444444444444,1,1,tree 54
SNV159,0.9666666666666668,1,1,tree 54
SNV162,0.2777777777777778,1,1,tree 54
SNV177,0.4038461538461538,1,1,tree 54
SNV178,0.9310344827586208,1,1,tree 54
SNV179,0.9615384615384616,1,1,tree 54
SNV185,0.2941176470588235,1,1,tree 54
SNV190,1.0,1,1,tree 54
SNV212,1.0,1,1,tree 54
SNV213,1.0,1,1,tree 54
SNV219,1.0,1,1,tree 54
SNV221,0.4333333333333333,1,1,tree 54
SNV222,1.0,1,1,tree 54
SNV223,0.975,1,1,tree 54
SNV243,0.5238095238095238,1,1,tree 54
SNV245,1.0,1,1,tree 54
SNV246,1.0,1,1,tree 54
SNV254,1.0,1,1,tree 54
SNV258,0.4528301886792453,1,1,tree 54
SNV261,1.0,1,1,tree 54
SNV267,0.9482758620689656,1,1,tree 54
SNV274,0.5,1,1,tree 54
SNV275,0.9722222222222222,1,1,tree 54
SNV276,1.0,1,1,tree 54
SNV278,1.0,1,1,tree 54
SNV280,0.5151515151515151,1,1,tree 54
SNV283,0.9615384615384616,1,1,tree 54
SNV284,0.979591836734694,1,1,tree 54
SNV316,0.3888888888888889,1,1,tree 54
SNV335,0.5416666666666666,1,1,tree 54
SNV366,0.7272727272727273,1,1,tree 54
SNV368,1.0,1,1,tree 54
SNV370,0.9833333333333332,1,1,tree 54
SNV380,1.0,1,1,tree 54
SNV388,0.4821428571428571,1,1,tree 54
SNV392,0.5,1,1,tree 54
SNV394,1.0,1,1,tree 54
SNV402,0.3666666666666666,1,1,tree 54
SNV403,0.3818181818181818,1,1,tree 54
SNV405,0.8636363636363636,1,1,tree 54
SNV423,0.3461538461538461,1,1,tree 54
SNV432,1.0,1,1,tree 54
SNV452,1.0,1,1,tree 54
SNV457,1.0,1,1,tree 54
SNV458,0.96,1,1,tree 54
SNV463,0.4545454545454545,1,1,tree 54
SNV464,0.8947368421052632,1,1,tree 54
SNV465,1.0,1,1,tree 54
SNV470,0.4814814814814814,1,1,tree 54
SNV477,1.0,1,1,tree 54
SNV479,0.2580645161290322,1,1,tree 54
SNV502,1.0,1,1,tree 54
SNV514,1.0,1,1,tree 54
SNV527,0.475,1,1,tree 54
SNV528,1.0,1,1,tree 54
SNV529,0.9666666666666668,1,1,tree 54
SNV533,1.0,1,1,tree 54
SNV545,0.9743589743589745,1,1,tree 54
SNV564,0.9655172413793104,1,1,tree 54
SNV572,0.95,1,1,tree 54
SNV573,1.0,1,1,tree 54
SNV574,1.0,1,1,tree 54
SNV577,0.5416666666666666,1,1,tree 54
SNV579,1.0,1,1,tree 54
SNV583,0.9787234042553192,1,1,tree 54
SNV593,0.65,1,1,tree 54
SNV598,0.9714285714285714,1,1,tree 54
SNV611,0.4642857142857143,1,1,tree 54
SNV621,0.5882352941176471,1,1,tree 54
SNV624,0.5813953488372093,1,1,tree 54
SNV629,0.5789473684210527,1,1,tree 54
SNV631,0.6551724137931034,1,1,tree 54
SNV641,0.3333333333333333,1,1,tree 54
SNV655,1.0,1,1,tree 54
SNV683,0.3333333333333333,1,1,tree 54
SNV691,0.9444444444444444,1,1,tree 54
SNV693,0.9591836734693876,1,1,tree 54
SNV696,1.0,1,1,tree 54
SNV719,1.0,1,1,tree 54
SNV720,0.9333333333333332,1,1,tree 54
SNV730,1.0,1,1,tree 54
SNV746,0.5813953488372093,1,1,tree 54
SNV749,1.0,1,1,tree 54
SNV750,1.0,1,1,tree 54
SNV753,1.0,1,1,tree 54
SNV754,1.0,1,1,tree 54
SNV771,1.0,1,1,tree 54
SNV779,0.475,1,1,tree 54
SNV782,0.4285714285714285,1,1,tree 54
SNV785,0.95,1,1,tree 54
SNV795,0.3846153846153846,1,1,tree 54
SNV799,1.0,1,1,tree 54
SNV811,0.9772727272727272,1,1,tree 54
SNV815,0.40625,1,1,tree 54
SNV830,1.0,1,1,tree 54
SNV839,0.9487179487179488,1,1,tree 54
SNV848,0.5,1,1,tree 54
SNV849,0.9318181818181818,1,1,tree 54
SNV856,0.9375,1,1,tree 54
SNV857,1.0,1,1,tree 54
SNV860,1.0,1,1,tree 54
SNV863,0.5333333333333333,1,1,tree 54
SNV864,1.0,1,1,tree 54
SNV868,1.0,1,1,tree 54
SNV874,0.3333333333333333,1,1,tree 54
SNV876,0.3090909090909091,1,1,tree 54
SNV877,0.6956521739130435,1,1,tree 54
SNV879,0.7241379310344828,1,1,tree 54
SNV880,0.6981132075471698,1,1,tree 54
SNV884,0.5806451612903226,1,1,tree 54
SNV885,0.7192982456140351,1,1,tree 54
SNV895,0.6097560975609756,1,1,tree 54
SNV897,0.6,1,1,tree 54
SNV899,0.2203389830508474,1,1,tree 54
SNV900,0.217391304347826,1,1,tree 54
SNV905,0.3548387096774194,1,1,tree 54
SNV909,0.375,1,1,tree 54
SNV910,0.3035714285714285,1,1,tree 54
SNV922,0.6415094339622641,1,1,tree 54
SNV923,0.6956521739130435,1,1,tree 54
SNV925,0.3717948717948718,1,1,tree 54
SNV927,0.7777777777777778,1,1,tree 54
SNV935,0.2549019607843137,1,1,tree 54
SNV936,0.4285714285714285,1,1,tree 54
SNV941,0.392156862745098,1,1,tree 54
SNV942,0.68,1,1,tree 54
SNV952,0.6615384615384615,1,1,tree 54
SNV955,0.3272727272727272,1,1,tree 54
SNV956,0.24,1,1,tree 54
SNV964,0.7636363636363637,1,1,tree 54
SNV965,0.2777777777777778,1,1,tree 54
SNV969,0.6341463414634146,1,1,tree 54
SNV971,0.3,1,1,tree 54
SNV976,0.25,1,1,tree 54
SNV997,1.0,1,1,tree 54
SNV1012,0.2909090909090909,1,1,tree 54
SNV1013,0.6170212765957447,1,1,tree 54
SNV1020,1.0,1,1,tree 54
SNV1029,0.4666666666666667,1,1,tree 54
SNV1030,0.5227272727272727,1,1,tree 54
SNV1031,0.2352941176470588,1,1,tree 54
SNV1036,0.9523809523809524,1,1,tree 54
SNV1039,0.979591836734694,1,1,tree 54
SNV1041,0.5454545454545454,1,1,tree 54
SNV1043,0.5161290322580645,1,1,tree 54
SNV1045,0.5227272727272727,1,1,tree 54
SNV1065,0.5454545454545454,1,1,tree 54
SNV1069,0.3611111111111111,1,1,tree 54
SNV1081,0.3,1,1,tree 54
SNV1086,1.0,1,1,tree 54
SNV1093,1.0,1,1,tree 54
SNV1102,0.5333333333333333,1,1,tree 54
SNV1107,0.9772727272727272,1,1,tree 54
SNV1118,1.0,1,1,tree 54
SNV1119,0.9696969696969696,1,1,tree 54
SNV1124,0.7692307692307693,1,1,tree 54
SNV1127,0.5625,1,1,tree 54
SNV1135,0.54,1,1,tree 54
SNV1143,0.3888888888888889,1,1,tree 54
SNV1170,1.0,1,1,tree 54
SNV1176,1.0,1,1,tree 54
SNV1181,1.0,1,1,tree 54
SNV1185,0.303030303030303,1,1,tree 54
SNV1189,0.2608695652173913,1,1,tree 54
SNV1192,0.4411764705882353,1,1,tree 54
SNV1199,0.3614457831325301,1,1,tree 54
SNV1200,0.4354838709677419,1,1,tree 54
SNV1209,1.0,1,1,tree 54
SNV1211,1.0,1,1,tree 54
SNV1214,1.0,1,1,tree 54
SNV1215,0.935483870967742,1,1,tree 54
SNV1220,0.3333333333333333,1,1,tree 54
SNV1223,1.0,1,1,tree 54
SNV1228,0.9705882352941176,1,1,tree 54
SNV1230,0.9836065573770492,1,1,tree 54
SNV1255,0.4444444444444444,1,1,tree 54
SNV1264,0.9655172413793104,1,1,tree 54
SNV1267,1.0,1,1,tree 54
SNV1283,1.0,1,1,tree 54
SNV1294,1.0,1,1,tree 54
SNV1302,1.0,1,1,tree 54
SNV1311,1.0,1,1,tree 54
SNV1325,1.0,1,1,tree 54
SNV1328,0.9770114942528736,1,1,tree 54
SNV1330,0.9743589743589745,1,1,tree 54
SNV1340,0.7575757575757576,1,1,tree 54
SNV1342,0.9807692307692308,1,1,tree 54
SNV1353,1.0,1,1,tree 54
SNV1360,0.9487179487179488,1,1,tree 54
SNV1361,0.9782608695652174,1,1,tree 54
SNV1363,0.7115384615384616,1,1,tree 54
SNV1368,1.0,1,1,tree 54
SNV1370,1.0,1,1,tree 54
SNV1377,1.0,1,1,tree 54
SNV1383,0.979591836734694,1,1,tree 54
SNV1385,1.0,1,1,tree 54
SNV1387,1.0,1,1,tree 54
SNV1389,1.0,1,1,tree 54
SNV1398,1.0,1,1,tree 54
SNV1402,0.2244897959183673,1,1,tree 54
SNV1405,1.0,1,1,tree 54
SNV1406,1.0,1,1,tree 54
SNV1408,1.0,1,1,tree 54
SNV1411,1.0,1,1,tree 54
SNV1415,1.0,1,1,tree 54
SNV1418,1.0,1,1,tree 54
SNV1419,0.9666666666666668,1,1,tree 54
SNV1420,0.9696969696969696,1,1,tree 54
SNV1428,1.0,1,1,tree 54
SNV1429,1.0,1,1,tree 54
SNV1448,1.0,1,1,tree 54
SNV1449,1.0,1,1,tree 54
SNV1456,0.972972972972973,1,1,tree 54
SNV1474,0.9629629629629628,1,1,tree 54
SNV1477,1.0,1,1,tree 54
SNV1480,1.0,1,1,tree 54
SNV1483,1.0,1,1,tree 54
SNV1498,0.875,1,1,tree 54
SNV1502,0.1862068965517241,1,1,tree 54
SNV1503,0.2233009708737864,1,1,tree 54
SNV1504,0.1982758620689655,1,1,tree 54
SNV1505,0.22,1,1,tree 54
SNV1513,1.0,1,1,tree 54
SNV1531,0.4576271186440678,1,1,tree 54
SNV1536,0.5,1,1,tree 54
SNV1547,1.0,1,1,tree 54
SNV1577,0.3809523809523809,1,1,tree 54
SNV1579,0.9824561403508772,1,1,tree 54
SNV1585,0.9848484848484848,1,1,tree 54
SNV1594,1.0,1,1,tree 54
SNV1595,0.9814814814814816,1,1,tree 54
SNV1598,0.9857142857142858,1,1,tree 54
SNV1599,0.5555555555555556,1,1,tree 54
SNV1603,1.0,1,1,tree 54
SNV1609,0.5945945945945946,1,1,tree 54
SNV1625,1.0,1,1,tree 54
SNV1626,1.0,1,1,tree 54
SNV1630,0.9230769230769232,1,1,tree 54
SNV1642,0.3684210526315789,1,1,tree 54
SNV1648,1.0,1,1,tree 54
SNV1658,1.0,1,1,tree 54
SNV1663,0.9836065573770492,1,1,tree 54
SNV1677,1.0,1,1,tree 54
SNV1683,1.0,1,1,tree 54
SNV1687,0.981132075471698,1,1,tree 54
SNV1694,0.9743589743589745,1,1,tree 54
SNV1702,0.647887323943662,1,1,tree 54
SNV1707,0.5892857142857143,1,1,tree 54
SNV1723,1.0,1,1,tree 54
SNV1731,0.1578947368421052,1,1,tree 54
SNV1737,0.987012987012987,1,1,tree 54
SNV1740,1.0,1,1,tree 54
SNV1745,0.55,1,1,tree 54
SNV1751,0.9655172413793104,1,1,tree 54
SNV1753,1.0,1,1,tree 54
SNV1757,1.0,1,1,tree 54
SNV1767,0.4375,1,1,tree 54
SNV1771,1.0,1,1,tree 54
SNV1796,0.4848484848484848,1,1,tree 54
SNV1800,1.0,1,1,tree 54
SNV1802,1.0,1,1,tree 54
SNV1805,0.9772727272727272,1,1,tree 54
SNV1810,0.1666666666666666,1,1,tree 54
SNV1814,0.3833333333333333,1,1,tree 54
SNV1815,0.984126984126984,1,1,tree 54
SNV1816,0.5679012345679012,1,1,tree 54
SNV1832,0.7714285714285715,1,1,tree 54
SNV1839,0.3333333333333333,1,1,tree 54
SNV1848,0.6461538461538462,1,1,tree 54
SNV1855,0.6923076923076923,1,1,tree 54
SNV1859,0.3134328358208955,1,1,tree 54
SNV1863,0.7073170731707317,1,1,tree 54
SNV1869,0.782608695652174,1,1,tree 54
SNV1876,0.6195652173913043,1,1,tree 54
SNV1892,0.7368421052631579,1,1,tree 54
SNV1895,0.625,1,1,tree 54
SNV1896,1.0,1,1,tree 54
SNV1900,0.2790697674418604,1,1,tree 54
SNV1901,0.2209302325581395,1,1,tree 54
SNV1902,0.7301587301587301,1,1,tree 54
SNV1903,0.1538461538461538,1,1,tree 54
SNV1915,0.2777777777777778,1,1,tree 54
SNV1921,0.2696629213483146,1,1,tree 54
SNV1923,0.3,1,1,tree 54
SNV1932,0.2151898734177215,1,1,tree 54
SNV1938,0.7121212121212122,1,1,tree 54
SNV1956,0.3230769230769231,1,1,tree 54
SNV1964,0.711340206185567,1,1,tree 54
SNV1966,0.7692307692307693,1,1,tree 54
SNV1969,0.7945205479452054,1,1,tree 54
SNV1976,0.1739130434782608,1,1,tree 54
SNV1979,0.1509433962264151,1,1,tree 54
SNV1987,0.1777777777777777,1,1,tree 54
SNV1991,0.7428571428571429,1,1,tree 54
SNV1997,0.864406779661017,1,1,tree 54
SNV2002,0.1333333333333333,1,1,tree 54
SNV2009,0.175,1,1,tree 54
SNV2012,0.8611111111111112,1,1,tree 54
SNV2013,0.922077922077922,1,1,tree 54
SNV2024,0.2191780821917808,1,1,tree 54
SNV2028,0.8461538461538461,1,1,tree 54
SNV2031,0.1630434782608695,1,1,tree 54
SNV2036,0.1951219512195122,1,1,tree 54
SNV2041,0.1829268292682926,1,1,tree 54
SNV2042,0.2142857142857142,1,1,tree 54
SNV2047,0.1525423728813559,1,1,tree 54
SNV2048,0.2439024390243902,1,1,tree 54
SNV2067,0.2222222222222222,1,1,tree 54
SNV2069,0.8433734939759037,1,1,tree 54
SNV2073,0.2156862745098039,1,1,tree 54
SNV2089,0.8297872340425532,1,1,tree 54
SNV2098,0.2054794520547945,1,1,tree 54
SNV2107,0.7333333333333333,1,1,tree 54
SNV2118,0.9375,1,1,tree 54
SNV2121,0.8913043478260869,1,1,tree 54
SNV2122,0.1818181818181818,1,1,tree 54
SNV2158,0.3076923076923077,1,1,tree 54
SNV2167,1.0,1,1,tree 54
SNV2168,1.0,1,1,tree 54
SNV2175,1.0,1,1,tree 54
SNV2178,1.0,1,1,tree 54
SNV2182,0.5466666666666666,1,1,tree 54
SNV2189,0.7761194029850746,1,1,tree 54
SNV2192,0.96,1,1,tree 54
SNV2194,0.6727272727272727,1,1,tree 54
SNV2199,1.0,1,1,tree 54
SNV2215,1.0,1,1,tree 54
SNV2221,1.0,1,1,tree 54
SNV2224,1.0,1,1,tree 54
SNV2228,1.0,1,1,tree 54
SNV2230,1.0,1,1,tree 54
SNV2252,1.0,1,1,tree 54
SNV2254,0.6,1,1,tree 54
SNV2255,1.0,1,1,tree 54
SNV2262,0.9629629629629628,1,1,tree 54
SNV2269,1.0,1,1,tree 54
SNV2271,0.9622641509433962,1,1,tree 54
SNV2280,0.9666666666666668,1,1,tree 54
SNV2282,0.5227272727272727,1,1,tree 54
SNV2301,1.0,1,1,tree 54
SNV2302,1.0,1,1,tree 54
SNV2313,1.0,1,1,tree 54
SNV2315,1.0,1,1,tree 54
SNV2318,0.9777777777777776,1,1,tree 54
SNV2319,0.9285714285714286,1,1,tree 54
SNV2330,0.3962264150943396,1,1,tree 54
SNV2332,1.0,1,1,tree 54
SNV2358,0.2615384615384615,1,1,tree 54
SNV2359,0.98,1,1,tree 54
SNV2360,1.0,1,1,tree 54
SNV2363,0.5,1,1,tree 54
SNV2366,0.9696969696969696,1,1,tree 54
SNV2388,0.3478260869565217,1,1,tree 54
SNV2390,1.0,1,1,tree 54
SNV2397,0.2,1,1,tree 54
SNV2401,1.0,1,1,tree 54
SNV2405,1.0,1,1,tree 54
SNV2409,1.0,1,1,tree 54
SNV2425,1.0,1,1,tree 54
SNV2439,0.4035087719298245,1,1,tree 54
SNV2440,0.3442622950819672,1,1,tree 54
SNV2443,1.0,1,1,tree 54
SNV2449,0.6745283018867925,1,1,tree 54
SNV2456,0.6363636363636364,1,1,tree 54
SNV2464,0.2456140350877192,1,1,tree 54
SNV2468,1.0,1,1,tree 54
SNV2486,1.0,1,1,tree 54
SNV2487,1.0,1,1,tree 54
SNV2489,1.0,1,1,tree 54
SNV2504,1.0,1,1,tree 54
SNV2505,0.5172413793103449,1,1,tree 54
SNV2507,1.0,1,1,tree 54
SNV2509,0.98,1,1,tree 54
SNV2536,0.967741935483871,1,1,tree 54
SNV2541,1.0,1,1,tree 54
SNV2556,0.4848484848484848,1,1,tree 54
SNV2559,0.375,1,1,tree 54
SNV2562,0.9803921568627452,1,1,tree 54
SNV2565,0.9565217391304348,1,1,tree 54
SNV2570,0.9722222222222222,1,1,tree 54
SNV2571,0.6111111111111112,1,1,tree 54
SNV2573,1.0,1,1,tree 54
SNV2577,0.9210526315789472,1,1,tree 54
SNV2593,0.98,1,1,tree 54
SNV2596,1.0,1,1,tree 54
SNV2612,1.0,1,1,tree 54
SNV2619,0.92,1,1,tree 54
SNV2621,1.0,1,1,tree 54
SNV2640,1.0,1,1,tree 54
SNV2649,0.972972972972973,1,1,tree 54
SNV2667,1.0,1,1,tree 54
SNV2669,0.975,1,1,tree 54
SNV2675,0.8461538461538461,1,1,tree 54
SNV2681,1.0,1,1,tree 54
SNV2682,0.9782608695652174,1,1,tree 54
SNV2690,1.0,1,1,tree 54
SNV2698,1.0,1,1,tree 54
SNV2705,1.0,1,1,tree 54
SNV2706,1.0,1,1,tree 54
SNV2712,0.3409090909090909,1,1,tree 54
SNV2714,0.9787234042553192,1,1,tree 54
SNV2736,0.9767441860465116,1,1,tree 54
SNV2743,1.0,1,1,tree 54
SNV2747,1.0,1,1,tree 54
SNV2752,1.0,1,1,tree 54
SNV2761,1.0,1,1,tree 54
SNV2791,1.0,1,1,tree 54
SNV2795,0.967741935483871,1,1,tree 54
SNV2798,0.9615384615384616,1,1,tree 54
SNV2799,0.9655172413793104,1,1,tree 54
SNV2802,0.96875,1,1,tree 54
SNV2809,1.0,1,1,tree 54
SNV2814,0.9285714285714286,1,1,tree 54
SNV2815,0.925,1,1,tree 54
SNV2819,1.0,1,1,tree 54
SNV2843,0.9393939393939394,1,1,tree 54
SNV2848,1.0,1,1,tree 54
SNV2865,0.9767441860465116,1,1,tree 54
SNV2867,0.2473118279569892,1,1,tree 54
SNV2885,1.0,1,1,tree 54
SNV2908,0.4761904761904761,1,1,tree 54
SNV2915,1.0,1,1,tree 54
SNV2921,0.4186046511627907,1,1,tree 54
SNV2928,0.7297297297297297,1,1,tree 54
SNV2930,0.4193548387096774,1,1,tree 54
SNV2944,1.0,1,1,tree 54
SNV2945,0.25,1,1,tree 54
SNV2946,1.0,1,1,tree 54
SNV2971,0.5714285714285714,1,1,tree 54
SNV2979,0.6666666666666666,1,1,tree 54
SNV2984,0.9705882352941176,1,1,tree 54
SNV3008,0.9565217391304348,1,1,tree 54
SNV3014,0.9333333333333332,1,1,tree 54
SNV3016,1.0,1,1,tree 54
SNV3027,0.7894736842105263,1,1,tree 54
SNV3029,0.3684210526315789,1,1,tree 54
SNV3038,0.375,1,1,tree 54
SNV3040,1.0,1,1,tree 54
SNV3041,0.4193548387096774,1,1,tree 54
SNV3051,1.0,1,1,tree 54
SNV3056,1.0,1,1,tree 54
SNV3058,1.0,1,1,tree 54
SNV3064,1.0,1,1,tree 54
SNV3068,0.9649122807017544,1,1,tree 54
SNV3075,1.0,1,1,tree 54
SNV3078,0.9672131147540984,1,1,tree 54
SNV3084,0.918918918918919,1,1,tree 54
SNV3095,0.7704918032786885,1,1,tree 54
SNV3114,1.0,1,1,tree 54
SNV3116,1.0,1,1,tree 54
SNV3121,0.2142857142857142,1,1,tree 54
SNV3122,0.3571428571428571,1,1,tree 54
SNV3128,1.0,1,1,tree 54
SNV3130,1.0,1,1,tree 54
SNV3149,1.0,1,1,tree 54
SNV3160,0.8888888888888888,1,1,tree 54
SNV3179,1.0,1,1,tree 54
SNV3182,0.2051282051282051,1,1,tree 54
SNV3204,0.9649122807017544,1,1,tree 54
SNV3206,0.4146341463414634,1,1,tree 54
SNV3213,0.7692307692307693,1,1,tree 54
SNV3218,0.9836065573770492,1,1,tree 54
SNV3233,0.2318840579710145,1,1,tree 54
SNV3242,1.0,1,1,tree 54
SNV3251,1.0,1,1,tree 54
SNV3259,1.0,1,1,tree 54
SNV3263,1.0,1,1,tree 54
SNV3273,1.0,1,1,tree 54
SNV3280,1.0,1,1,tree 54
SNV3283,0.3928571428571428,1,1,tree 54
SNV3284,0.4769230769230769,1,1,tree 54
SNV3285,1.0,1,1,tree 54
SNV3290,0.4782608695652174,1,1,tree 54
SNV3300,1.0,1,1,tree 54
SNV3301,0.3676470588235294,1,1,tree 54
SNV3302,0.6282051282051282,1,1,tree 54
SNV3305,1.0,1,1,tree 54
SNV3312,1.0,1,1,tree 54
SNV3317,1.0,1,1,tree 54
SNV3320,1.0,1,1,tree 54
SNV3322,0.3928571428571428,1,1,tree 54
SNV3325,0.8434782608695652,1,1,tree 54
SNV3328,0.9629629629629628,1,1,tree 54
SNV3336,0.972972972972973,1,1,tree 54
SNV3359,1.0,1,1,tree 54
SNV3360,0.4090909090909091,1,1,tree 54
SNV3367,1.0,1,1,tree 54
SNV3368,1.0,1,1,tree 54
SNV3374,0.325,1,1,tree 54
SNV3380,0.9722222222222222,1,1,tree 54
SNV3385,1.0,1,1,tree 54
SNV3388,0.6716417910447762,1,1,tree 54
SNV3415,0.7058823529411765,1,1,tree 54
SNV3424,1.0,1,1,tree 54
SNV3427,0.4054054054054054,1,1,tree 54
SNV3445,0.8108108108108109,1,1,tree 54
SNV3452,1.0,1,1,tree 54
SNV3459,0.3157894736842105,1,1,tree 54
SNV3469,1.0,1,1,tree 54
SNV3474,0.8166666666666667,1,1,tree 54
SNV3477,1.0,1,1,tree 54
SNV3494,1.0,1,1,tree 54
SNV3495,0.8,1,1,tree 54
SNV3497,1.0,1,1,tree 54
SNV3506,0.2857142857142857,1,1,tree 54
SNV3516,0.9615384615384616,1,1,tree 54
SNV3523,1.0,1,1,tree 54
SNV3529,0.5,1,1,tree 54
SNV3533,0.9824561403508772,1,1,tree 54
SNV3537,0.7692307692307693,1,1,tree 54
SNV3539,1.0,1,1,tree 54
SNV3541,1.0,1,1,tree 54
SNV3545,0.8979591836734694,1,1,tree 54
SNV3550,1.0,1,1,tree 54
SNV3551,1.0,1,1,tree 54
SNV3554,1.0,1,1,tree 54
SNV3557,0.9777777777777776,1,1,tree 54
SNV3565,1.0,1,1,tree 54
SNV3569,1.0,1,1,tree 54
SNV3571,1.0,1,1,tree 54
SNV3573,1.0,1,1,tree 54
SNV3574,1.0,1,1,tree 54
SNV3576,1.0,1,1,tree 54
SNV3577,1.0,1,1,tree 54
SNV3581,1.0,1,1,tree 54
SNV3591,0.2321428571428571,1,1,tree 54
SNV3595,0.972972972972973,1,1,tree 54
SNV3601,0.2105263157894736,1,1,tree 54
SNV3607,0.989247311827957,1,1,tree 54
SNV3609,1.0,1,1,tree 54
SNV3612,0.4509803921568627,1,1,tree 54
SNV3619,0.3333333333333333,1,1,tree 54
SNV3623,1.0,1,1,tree 54
SNV3624,0.7586206896551724,1,1,tree 54
SNV3627,1.0,1,1,tree 54
SNV3629,0.8064516129032258,1,1,tree 54
SNV3634,0.9861111111111112,1,1,tree 54
SNV3636,0.8405797101449275,1,1,tree 54
SNV3656,0.9772727272727272,1,1,tree 54
SNV3659,0.8666666666666667,1,1,tree 54
SNV3665,0.2571428571428571,1,1,tree 54
SNV3669,0.2608695652173913,1,1,tree 54
SNV3670,0.9642857142857144,1,1,tree 54
SNV3672,1.0,1,1,tree 54
SNV3680,1.0,1,1,tree 54
SNV3707,0.9791666666666666,1,1,tree 54
SNV3722,1.0,1,1,tree 54
SNV3732,0.9838709677419356,1,1,tree 54
SNV3733,0.7045454545454546,1,1,tree 54
SNV3741,0.9777777777777776,1,1,tree 54
SNV3747,0.9615384615384616,1,1,tree 54
SNV3754,1.0,1,1,tree 54
SNV3755,0.7567567567567568,1,1,tree 54
SNV3758,0.7837837837837838,1,1,tree 54
SNV3764,0.1724137931034483,1,1,tree 54
SNV3768,0.9772727272727272,1,1,tree 54
SNV3770,0.2786885245901639,1,1,tree 54
SNV3805,0.6571428571428571,1,1,tree 54
SNV3826,0.2083333333333333,1,1,tree 54
SNV3834,0.8554216867469879,1,1,tree 54
SNV3844,0.7169811320754716,1,1,tree 54
SNV3846,0.2758620689655172,1,1,tree 54
SNV3853,1.0,1,1,tree 54
SNV3856,1.0,1,1,tree 54
SNV3868,0.4716981132075472,1,1,tree 54
SNV3869,0.4722222222222222,1,1,tree 54
SNV3879,1.0,1,1,tree 54
SNV3881,1.0,1,1,tree 54
SNV3904,0.9818181818181818,1,1,tree 54
SNV3906,1.0,1,1,tree 54
SNV3913,1.0,1,1,tree 54
SNV3915,1.0,1,1,tree 54
SNV3921,0.1739130434782608,1,1,tree 54
SNV3928,0.7142857142857143,1,1,tree 54
SNV3930,0.2553191489361702,1,1,tree 54
SNV3937,1.0,1,1,tree 54
SNV3951,0.8333333333333334,1,1,tree 54
SNV3955,0.9803921568627452,1,1,tree 54
SNV3976,0.9577464788732394,1,1,tree 54
SNV3980,0.3488372093023256,1,1,tree 54
SNV3986,1.0,1,1,tree 54
SNV3993,0.4137931034482758,1,1,tree 54
SNV4014,0.9411764705882352,1,1,tree 54
SNV4022,0.5612244897959183,1,1,tree 54
SNV4024,1.0,1,1,tree 54
SNV4026,0.9875,1,1,tree 54
SNV4030,1.0,1,1,tree 54
SNV4049,0.4,1,1,tree 54
SNV4063,0.3488372093023256,1,1,tree 54
SNV4068,0.3333333333333333,1,1,tree 54
SNV4087,0.1904761904761904,1,1,tree 54
SNV4088,0.217391304347826,1,1,tree 54
SNV4089,0.7674418604651163,1,1,tree 54
SNV4091,0.3181818181818182,1,1,tree 54
SNV4092,0.5301204819277109,1,1,tree 54
SNV4093,0.6216216216216216,1,1,tree 54
SNV4094,0.5394736842105263,1,1,tree 54
SNV4095,0.4947368421052631,1,1,tree 54
SNV4096,0.5,1,1,tree 54
SNV4097,1.0,1,1,tree 54
SNV4099,0.9655172413793104,1,1,tree 54
SNV4101,0.2857142857142857,1,1,tree 54
SNV4108,0.5833333333333334,1,1,tree 54
SNV4110,0.7272727272727273,1,1,tree 54
SNV4112,0.75,1,1,tree 54
SNV4113,0.7666666666666667,1,1,tree 54
SNV4114,0.8076923076923077,1,1,tree 54
SNV4115,0.7142857142857143,1,1,tree 54
SNV4118,0.5555555555555556,1,1,tree 54
SNV4120,0.3529411764705882,1,1,tree 54
SNV4121,0.5384615384615384,1,1,tree 54
SNV4122,0.5454545454545454,1,1,tree 54
SNV4123,0.4545454545454545,1,1,tree 54
SNV4124,0.3846153846153846,1,1,tree 54
SNV4125,0.6666666666666666,1,1,tree 54
SNV4129,1.0,1,1,tree 54
SNV4133,0.5769230769230769,1,1,tree 54
SNV4134,1.0,1,1,tree 54
SNV4148,1.0,1,1,tree 54
SNV4150,1.0,1,1,tree 54
SNV4158,1.0,1,1,tree 54
SNV4160,0.9814814814814816,1,1,tree 54
SNV4169,1.0,1,1,tree 54
SNV4174,0.9583333333333334,1,1,tree 54
SNV4175,1.0,1,1,tree 54
SNV4176,0.2,1,1,tree 54
SNV4177,1.0,1,1,tree 54
SNV4178,1.0,1,1,tree 54
SNV4182,0.9411764705882352,1,1,tree 54
SNV4190,1.0,1,1,tree 54
SNV4205,0.3513513513513513,1,1,tree 54
SNV4206,0.8823529411764706,1,1,tree 54
SNV4208,1.0,1,1,tree 54
SNV4221,0.4230769230769231,1,1,tree 54
SNV4228,0.6,1,1,tree 54
SNV4234,0.5365853658536586,1,1,tree 54
SNV4236,0.95,1,1,tree 54
SNV4252,1.0,1,1,tree 54
SNV4257,0.5,1,1,tree 54
SNV4258,0.3070175438596491,1,1,tree 54
SNV4269,0.8421052631578947,1,1,tree 54
SNV4271,0.282051282051282,1,1,tree 54
SNV4273,0.4117647058823529,1,1,tree 54
SNV4277,0.92,1,1,tree 54
SNV4278,1.0,1,1,tree 54
SNV4279,1.0,1,1,tree 54
SNV4280,0.9696969696969696,1,1,tree 54
SNV4285,1.0,1,1,tree 54
SNV4313,0.9836065573770492,1,1,tree 54
SNV4320,0.3333333333333333,1,1,tree 54
SNV4321,1.0,1,1,tree 54
SNV4326,1.0,1,1,tree 54
SNV4344,1.0,1,1,tree 54
SNV4348,1.0,1,1,tree 54
SNV4354,0.9871794871794872,1,1,tree 54
SNV4372,0.367816091954023,1,1,tree 54
SNV4377,0.4942528735632184,1,1,tree 54
SNV4388,0.3174603174603174,1,1,tree 54
SNV4389,0.3015873015873015,1,1,tree 54
SNV4398,1.0,1,1,tree 54
SNV4402,1.0,1,1,tree 54
SNV4408,1.0,1,1,tree 54
SNV4432,0.99009900990099,1,1,tree 54
SNV4435,0.3529411764705882,1,1,tree 54
SNV4440,0.9864864864864864,1,1,tree 54
SNV4441,1.0,1,1,tree 54
SNV4442,1.0,1,1,tree 54
SNV4448,0.9883720930232558,1,1,tree 54
SNV4451,0.2528735632183908,1,1,tree 54
SNV4456,0.3925233644859813,1,1,tree 54
SNV4471,1.0,1,1,tree 54
SNV4480,0.5757575757575758,1,1,tree 54
SNV4501,0.2058823529411764,1,1,tree 54
SNV4502,0.1666666666666666,1,1,tree 54
SNV4507,0.5,1,1,tree 54
SNV4508,0.4444444444444444,1,1,tree 54
SNV4512,0.4,1,1,tree 54
SNV4515,1.0,1,1,tree 54
SNV4517,0.2857142857142857,1,1,tree 54
SNV4521,0.9895833333333334,1,1,tree 54
SNV4529,1.0,1,1,tree 54
SNV4555,0.388235294117647,1,1,tree 54
SNV4559,1.0,1,1,tree 54
SNV4579,1.0,1,1,tree 54
SNV4582,0.5272727272727272,1,1,tree 54
SNV4583,1.0,1,1,tree 54
SNV4588,1.0,1,1,tree 54
SNV4591,1.0,1,1,tree 54
SNV4593,1.0,1,1,tree 54
SNV4604,0.4814814814814814,1,1,tree 54
SNV4614,0.196078431372549,1,1,tree 54
SNV4617,0.2307692307692307,1,1,tree 54
SNV4640,0.9724770642201837,1,1,tree 54
SNV4642,0.2535211267605634,1,1,tree 54
SNV4656,0.1860465116279069,1,1,tree 54
SNV4658,1.0,1,1,tree 54
SNV4659,1.0,1,1,tree 54
SNV4665,0.2888888888888888,1,1,tree 54
SNV4666,0.4020618556701031,1,1,tree 54
SNV4673,0.9859154929577464,1,1,tree 54
SNV4677,0.2916666666666667,1,1,tree 54
SNV4690,0.6666666666666666,1,1,tree 54
SNV4694,1.0,1,1,tree 54
SNV4726,0.2131147540983606,1,1,tree 54
SNV4777,0.4328358208955223,1,1,tree 54
SNV4784,0.293103448275862,1,1,tree 54
SNV4785,0.5,1,1,tree 54
SNV4786,1.0,1,1,tree 54
SNV4789,0.55,1,1,tree 54
SNV4790,0.6493506493506493,1,1,tree 54
SNV4791,0.53125,1,1,tree 54
SNV4792,0.5373134328358209,1,1,tree 54
SNV4793,0.5657894736842105,1,1,tree 54
SNV4794,0.5689655172413793,1,1,tree 54
SNV4795,0.396551724137931,1,1,tree 54
SNV4796,0.4782608695652174,1,1,tree 54
SNV4797,0.5454545454545454,1,1,tree 54
SNV4798,0.5217391304347826,1,1,tree 54
SNV4799,0.4473684210526316,1,1,tree 54
SNV4800,0.4788732394366197,1,1,tree 54
SNV4801,0.9655172413793104,1,1,tree 54
SNV4809,1.0,1,1,tree 54
SNV4812,1.0,1,1,tree 54
SNV4839,0.9411764705882352,1,1,tree 54
SNV4841,1.0,1,1,tree 54
SNV4844,0.9655172413793104,1,1,tree 54
SNV4857,0.2777777777777778,1,1,tree 54
SNV4871,0.6666666666666666,1,1,tree 54
SNV4881,0.9782608695652174,1,1,tree 54
SNV4884,0.9827586206896552,1,1,tree 54
SNV4889,1.0,1,1,tree 54
SNV4892,0.9782608695652174,1,1,tree 54
SNV4898,0.4473684210526316,1,1,tree 54
SNV4902,0.4583333333333333,1,1,tree 54
SNV4904,1.0,1,1,tree 54
SNV4922,1.0,1,1,tree 54
SNV4926,0.9791666666666666,1,1,tree 54
SNV4931,0.98,1,1,tree 54
SNV4932,1.0,1,1,tree 54
SNV4941,1.0,1,1,tree 54
SNV4964,1.0,1,1,tree 54
SNV4968,1.0,1,1,tree 54
SNV4993,1.0,1,1,tree 54
SNV5004,0.9848484848484848,1,1,tree 54
SNV5006,0.25,1,1,tree 54
SNV5019,1.0,1,1,tree 54
SNV5029,1.0,1,1,tree 54
SNV5036,0.96,1,1,tree 54
SNV5045,1.0,1,1,tree 54
SNV5055,0.9714285714285714,1,1,tree 54
SNV5061,1.0,1,1,tree 54
SNV5080,1.0,1,1,tree 54
SNV5091,0.92,1,1,tree 54
SNV5120,0.9852941176470588,1,1,tree 54
SNV5125,1.0,1,1,tree 54
SNV5134,1.0,1,1,tree 54
SNV5136,0.8709677419354839,1,1,tree 54
SNV5151,1.0,1,1,tree 54
SNV5154,1.0,1,1,tree 54
SNV5157,0.975609756097561,1,1,tree 54
SNV5166,1.0,1,1,tree 54
SNV5171,0.4328358208955223,1,1,tree 54
SNV5173,1.0,1,1,tree 54
SNV5176,1.0,1,1,tree 54
SNV5177,0.9655172413793104,1,1,tree 54
SNV5180,1.0,1,1,tree 54
SNV5183,0.5454545454545454,1,1,tree 54
SNV5185,0.975,1,1,tree 54
SNV5187,0.5660377358490566,1,1,tree 54
SNV5189,0.96875,1,1,tree 54
SNV5191,1.0,1,1,tree 54
SNV5201,1.0,1,1,tree 54
SNV5209,0.2857142857142857,1,1,tree 54
SNV5216,0.6333333333333333,1,1,tree 54
SNV5219,1.0,1,1,tree 54
SNV5221,0.975,1,1,tree 54
SNV5222,1.0,1,1,tree 54
SNV5225,0.6538461538461539,1,1,tree 54
SNV5230,0.927710843373494,1,1,tree 54
SNV5244,0.2682926829268293,1,1,tree 54
SNV5249,0.4615384615384615,1,1,tree 54
SNV5256,0.34375,1,1,tree 54
SNV5259,1.0,1,1,tree 54
SNV5266,0.5555555555555556,1,1,tree 54
SNV5271,0.9761904761904762,1,1,tree 54
SNV5272,0.9090909090909092,1,1,tree 54
SNV5276,1.0,1,1,tree 54
SNV5284,1.0,1,1,tree 54
SNV5294,0.9696969696969696,1,1,tree 54
SNV5297,1.0,1,1,tree 54
SNV5300,0.9130434782608696,1,1,tree 54
SNV5307,1.0,1,1,tree 54
SNV5311,1.0,1,1,tree 54
SNV5316,1.0,1,1,tree 54
SNV5317,1.0,1,1,tree 54
SNV5324,0.5581395348837209,1,1,tree 54
SNV5326,0.4893617021276595,1,1,tree 54
SNV5327,0.5357142857142857,1,1,tree 54
SNV5328,0.5957446808510638,1,1,tree 54
SNV5346,1.0,1,1,tree 54
SNV5355,0.9310344827586208,1,1,tree 54
SNV5357,0.5405405405405406,1,1,tree 54
SNV5358,0.5142857142857142,1,1,tree 54
SNV5371,0.2857142857142857,1,1,tree 54
SNV5399,0.6363636363636364,1,1,tree 54
SNV5401,0.9807692307692308,1,1,tree 54
SNV5408,0.981132075471698,1,1,tree 54
SNV5409,0.975609756097561,1,1,tree 54
SNV5412,0.5,1,1,tree 54
SNV5428,0.25,1,1,tree 54
SNV5435,0.4230769230769231,1,1,tree 54
SNV5438,0.5161290322580645,1,1,tree 54
SNV5455,0.9722222222222222,1,1,tree 54
SNV5464,0.9827586206896552,1,1,tree 54
SNV5466,0.967741935483871,1,1,tree 54
SNV5467,0.2727272727272727,1,1,tree 54
SNV5470,0.967741935483871,1,1,tree 54
SNV5471,1.0,1,1,tree 54
SNV5472,1.0,1,1,tree 54
SNV5480,0.5434782608695652,1,1,tree 54
SNV5486,0.3846153846153846,1,1,tree 54
SNV5490,0.9523809523809524,1,1,tree 54
SNV5514,0.5,1,1,tree 54
SNV5518,0.5428571428571428,1,1,tree 54
SNV5519,0.6896551724137931,1,1,tree 54
SNV5525,1.0,1,1,tree 54
SNV5533,0.9622641509433962,1,1,tree 54
SNV5534,1.0,1,1,tree 54
SNV5539,0.975609756097561,1,1,tree 54
SNV5546,0.4146341463414634,1,1,tree 54
SNV5554,0.4166666666666667,1,1,tree 54
SNV5561,0.5238095238095238,1,1,tree 54
SNV5573,0.9857142857142858,1,1,tree 54
SNV5586,1.0,1,1,tree 54
SNV5591,1.0,1,1,tree 54
SNV5598,0.9722222222222222,1,1,tree 54
SNV5601,1.0,1,1,tree 54
SNV5603,0.5428571428571428,1,1,tree 54
SNV5609,0.9428571428571428,1,1,tree 54
SNV5617,1.0,1,1,tree 54
SNV5623,0.3333333333333333,1,1,tree 54
SNV5625,0.5,1,1,tree 54
SNV5632,1.0,1,1,tree 54
SNV5654,1.0,1,1,tree 54
SNV5656,1.0,1,1,tree 54
SNV5658,1.0,1,1,tree 54
SNV5662,1.0,1,1,tree 54
SNV5688,1.0,1,1,tree 54
SNV5690,0.5416666666666666,1,1,tree 54
SNV5697,0.4,1,1,tree 54
SNV5699,0.5686274509803921,1,1,tree 54
SNV5705,0.3414634146341463,1,1,tree 54
SNV5710,0.3902439024390244,1,1,tree 54
SNV5714,1.0,1,1,tree 54
SNV5720,0.9692307692307692,1,1,tree 54
SNV5726,0.9736842105263158,1,1,tree 54
SNV5728,0.3548387096774194,1,1,tree 54
SNV5734,1.0,1,1,tree 54
SNV5737,1.0,1,1,tree 54
SNV5738,0.4074074074074074,1,1,tree 54
SNV5748,0.5,1,1,tree 54
SNV5755,0.9791666666666666,1,1,tree 54
SNV5758,1.0,1,1,tree 54
SNV5760,0.8666666666666667,1,1,tree 54
SNV5769,1.0,1,1,tree 54
SNV5770,1.0,1,1,tree 54
SNV5776,0.4210526315789473,1,1,tree 54
SNV5780,0.3409090909090909,1,1,tree 54
SNV5781,1.0,1,1,tree 54
SNV5796,0.9230769230769232,1,1,tree 54
SNV5797,1.0,1,1,tree 54
SNV5802,0.9375,1,1,tree 54
SNV5818,0.9583333333333334,1,1,tree 54
SNV5822,0.375,1,1,tree 54
SNV5826,0.96,1,1,tree 54
SNV5827,0.945945945945946,1,1,tree 54
SNV5828,0.4166666666666667,1,1,tree 54
SNV5833,0.9285714285714286,1,1,tree 54
SNV5834,1.0,1,1,tree 54
SNV5836,0.5,1,1,tree 54
SNV5842,1.0,1,1,tree 54
SNV5849,1.0,1,1,tree 54
SNV5852,0.9722222222222222,1,1,tree 54
SNV5855,0.972972972972973,1,1,tree 54
SNV5856,1.0,1,1,tree 54
SNV5874,0.9642857142857144,1,1,tree 54
SNV5899,1.0,1,1,tree 54
SNV5907,0.6,1,1,tree 54
SNV5910,0.4473684210526316,1,1,tree 54
SNV5923,1.0,1,1,tree 54
SNV5928,1.0,1,1,tree 54
SNV5929,1.0,1,1,tree 54
SNV5931,0.984375,1,1,tree 54
SNV5944,0.9767441860465116,1,1,tree 54
SNV5950,0.9787234042553192,1,1,tree 54
SNV5952,0.9642857142857144,1,1,tree 54
SNV5971,1.0,1,1,tree 54
SNV6004,1.0,1,1,tree 54
SNV6006,1.0,1,1,tree 54
SNV6007,0.4,1,1,tree 54
SNV6010,0.2522522522522522,1,1,tree 54
SNV6024,1.0,1,1,tree 54
SNV6026,1.0,1,1,tree 54
SNV6036,1.0,1,1,tree 54
SNV6047,1.0,1,1,tree 54
SNV6077,1.0,1,1,tree 54
SNV6078,1.0,1,1,tree 54
SNV6085,0.3243243243243243,1,1,tree 54
SNV6090,0.6451612903225806,1,1,tree 54
SNV6091,0.972972972972973,1,1,tree 54
SNV6095,0.3181818181818182,1,1,tree 54
SNV6106,0.984126984126984,1,1,tree 54
SNV6113,0.9761904761904762,1,1,tree 54
SNV6124,0.2777777777777778,1,1,tree 54
SNV6125,0.640625,1,1,tree 54
SNV6133,0.6351351351351351,1,1,tree 54
SNV6135,1.0,1,1,tree 54
SNV6138,0.7536231884057971,1,1,tree 54
SNV6142,1.0,1,1,tree 54
SNV6146,0.9696969696969696,1,1,tree 54
SNV6167,1.0,1,1,tree 54
SNV6177,0.5925925925925926,1,1,tree 54
SNV6180,0.967741935483871,1,1,tree 54
SNV6191,1.0,1,1,tree 54
SNV6194,1.0,1,1,tree 54
SNV6201,1.0,1,1,tree 54
SNV6213,0.925925925925926,1,1,tree 54
SNV6227,0.9534883720930232,1,1,tree 54
SNV6236,1.0,1,1,tree 54
SNV6237,1.0,1,1,tree 54
SNV6248,0.9375,1,1,tree 54
SNV6250,0.9736842105263158,1,1,tree 54
SNV6252,0.945945945945946,1,1,tree 54
SNV6254,0.9636363636363636,1,1,tree 54
SNV6263,0.9767441860465116,1,1,tree 54
SNV6269,1.0,1,1,tree 54
SNV6281,1.0,1,1,tree 54
SNV6284,1.0,1,1,tree 54
SNV6285,1.0,1,1,tree 54
SNV6293,1.0,1,1,tree 54
SNV6301,0.6190476190476191,1,1,tree 54
SNV6305,0.2388888888888889,1,1,tree 54
SNV6314,1.0,1,1,tree 54
SNV6324,0.2631578947368421,1,1,tree 54
SNV6328,0.8085106382978723,1,1,tree 54
SNV6339,0.2765957446808511,1,1,tree 54
SNV6341,0.5581395348837209,1,1,tree 54
SNV6354,1.0,1,1,tree 54
SNV6373,1.0,1,1,tree 54
SNV6379,1.0,1,1,tree 54
SNV6408,0.3846153846153846,1,1,tree 54
SNV6410,1.0,1,1,tree 54
SNV6438,0.9661016949152542,1,1,tree 54
SNV6443,0.9814814814814816,1,1,tree 54
SNV6445,1.0,1,1,tree 54
SNV6453,1.0,1,1,tree 54
SNV6457,0.9743589743589745,1,1,tree 54
SNV6460,0.78125,1,1,tree 54
SNV6466,0.9516129032258064,1,1,tree 54
SNV6474,0.2954545454545454,1,1,tree 54
SNV6477,1.0,1,1,tree 54
SNV6478,0.2641509433962264,1,1,tree 54
SNV6479,0.9743589743589745,1,1,tree 54
SNV6508,1.0,1,1,tree 54
SNV6509,1.0,1,1,tree 54
SNV6512,1.0,1,1,tree 54
SNV6514,1.0,1,1,tree 54
SNV6523,0.9,1,1,tree 54
SNV6531,0.5833333333333334,1,1,tree 54
SNV6534,0.5,1,1,tree 54
SNV6536,0.4193548387096774,1,1,tree 54
SNV6538,1.0,1,1,tree 54
SNV6548,0.5238095238095238,1,1,tree 54
SNV6555,0.9375,1,1,tree 54
SNV6560,0.4193548387096774,1,1,tree 54
SNV6561,1.0,1,1,tree 54
SNV6562,0.65,1,1,tree 54
SNV6567,0.9722222222222222,1,1,tree 54
SNV6576,1.0,1,1,tree 54
SNV6578,0.5333333333333333,1,1,tree 54
SNV6592,0.5454545454545454,1,1,tree 54
SNV6597,1.0,1,1,tree 54
SNV6606,1.0,1,1,tree 54
SNV6619,0.9722222222222222,1,1,tree 54
SNV6621,0.989247311827957,1,1,tree 54
SNV6622,0.975,1,1,tree 54
SNV6623,1.0,1,1,tree 54
SNV6626,0.5714285714285714,1,1,tree 54
SNV6628,0.28125,1,1,tree 54
SNV6632,0.3478260869565217,1,1,tree 54
SNV6644,0.4347826086956521,1,1,tree 54
SNV6648,0.9782608695652174,1,1,tree 54
SNV6655,0.5111111111111111,1,1,tree 54
SNV6657,1.0,1,1,tree 54
SNV6661,0.9861111111111112,1,1,tree 54
SNV6662,1.0,1,1,tree 54
SNV6676,1.0,1,1,tree 54
SNV6691,1.0,1,1,tree 54
SNV6694,1.0,1,1,tree 54
SNV6707,0.2888888888888888,1,1,tree 54
SNV6719,0.9444444444444444,1,1,tree 54
SNV6720,0.1910112359550561,1,1,tree 54
SNV6721,0.2413793103448276,1,1,tree 54
SNV6722,0.3095238095238095,1,1,tree 54
SNV6725,0.96,1,1,tree 54
SNV6727,1.0,1,1,tree 54
SNV6728,0.2523364485981308,1,1,tree 54
SNV6734,0.6511627906976745,1,1,tree 54
SNV6746,0.5,1,1,tree 54
SNV6748,1.0,1,1,tree 54
SNV6768,0.625,1,1,tree 54
SNV6773,0.6875,1,1,tree 54
SNV6778,0.3269230769230769,1,1,tree 54
SNV6798,0.981132075471698,1,1,tree 54
SNV6808,1.0,1,1,tree 54
SNV6815,0.2365591397849462,1,1,tree 54
SNV6820,0.6666666666666666,1,1,tree 54
SNV6821,1.0,1,1,tree 54
SNV6828,0.4225352112676056,1,1,tree 54
SNV6851,0.3225806451612903,1,1,tree 54
SNV6852,1.0,1,1,tree 54
SNV6859,1.0,1,1,tree 54
SNV6864,0.96875,1,1,tree 54
SNV6916,0.9423076923076924,1,1,tree 54
SNV6919,1.0,1,1,tree 54
SNV6931,0.9090909090909092,1,1,tree 54
SNV6936,1.0,1,1,tree 54
SNV6937,1.0,1,1,tree 54
SNV6941,0.984375,1,1,tree 54
SNV6946,0.5,1,1,tree 54
SNV6947,0.3404255319148936,1,1,tree 54
SNV6949,0.2692307692307692,1,1,tree 54
SNV6960,0.9574468085106383,1,1,tree 54
SNV6973,1.0,1,1,tree 54
SNV6981,1.0,1,1,tree 54
SNV6998,0.2777777777777778,1,1,tree 54
SNV7009,1.0,1,1,tree 54
SNV7010,0.5185185185185185,1,1,tree 54
SNV7012,1.0,1,1,tree 54
SNV7025,0.3125,1,1,tree 54
SNV7030,0.9629629629629628,1,1,tree 54
SNV7033,0.4404761904761904,1,1,tree 54
SNV7047,0.631578947368421,1,1,tree 54
SNV7052,0.9555555555555556,1,1,tree 54
SNV7053,0.9545454545454546,1,1,tree 54
SNV7061,0.2962962962962963,1,1,tree 54
SNV7064,1.0,1,1,tree 54
SNV7072,0.5714285714285714,1,1,tree 54
SNV7074,0.2941176470588235,1,1,tree 54
SNV7077,1.0,1,1,tree 54
SNV7079,1.0,1,1,tree 54
SNV7083,1.0,1,1,tree 54
SNV7091,0.9821428571428572,1,1,tree 54
SNV7102,0.4,1,1,tree 54
SNV7103,1.0,1,1,tree 54
SNV7107,1.0,1,1,tree 54
SNV7109,1.0,1,1,tree 54
SNV7112,0.5294117647058824,1,1,tree 54
SNV7123,1.0,1,1,tree 54
SNV7124,0.5263157894736842,1,1,tree 54
SNV7126,1.0,1,1,tree 54
SNV7128,1.0,1,1,tree 54
SNV7129,1.0,1,1,tree 54
SNV7131,0.4545454545454545,1,1,tree 54
SNV7137,1.0,1,1,tree 54
SNV7152,0.3103448275862069,1,1,tree 54
SNV7155,1.0,1,1,tree 54
SNV7157,0.5384615384615384,1,1,tree 54
SNV7158,1.0,1,1,tree 54
SNV7159,1.0,1,1,tree 54
SNV7165,0.9615384615384616,1,1,tree 54
SNV7166,0.9615384615384616,1,1,tree 54
SNV7167,0.979591836734694,1,1,tree 54
SNV7182,0.9722222222222222,1,1,tree 54
SNV7183,0.4827586206896552,1,1,tree 54
SNV7189,1.0,1,1,tree 54
SNV7193,1.0,1,1,tree 54
SNV7212,0.5,1,1,tree 54
SNV7221,1.0,1,1,tree 54
SNV7222,1.0,1,1,tree 54
SNV7227,0.5714285714285714,1,1,tree 54
SNV7229,1.0,1,1,tree 54
SNV7234,1.0,1,1,tree 54
SNV7240,1.0,1,1,tree 54
SNV7244,0.3947368421052631,1,1,tree 54
SNV7246,1.0,1,1,tree 54
SNV7258,1.0,1,1,tree 54
SNV7264,0.3125,1,1,tree 54
SNV7274,0.5416666666666666,1,1,tree 54
SNV7277,0.975609756097561,1,1,tree 54
SNV7297,1.0,1,1,tree 54
SNV7301,1.0,1,1,tree 54
SNV7310,1.0,1,1,tree 54
SNV7319,0.9777777777777776,1,1,tree 54
SNV7332,0.6078431372549019,1,1,tree 54
SNV7338,1.0,1,1,tree 54
SNV7343,0.9393939393939394,1,1,tree 54
SNV7351,0.5849056603773585,1,1,tree 54
SNV7358,1.0,1,1,tree 54
SNV7365,1.0,1,1,tree 54
SNV7381,1.0,1,1,tree 54
SNV7402,1.0,1,1,tree 54
SNV7405,0.9736842105263158,1,1,tree 54
SNV7406,0.5135135135135135,1,1,tree 54
SNV7412,0.975,1,1,tree 54
SNV7423,0.5925925925925926,1,1,tree 54
SNV7436,0.9428571428571428,1,1,tree 54
SNV7448,1.0,1,1,tree 54
SNV7451,1.0,1,1,tree 54
SNV7452,1.0,1,1,tree 54
SNV7455,0.9787234042553192,1,1,tree 54
SNV7457,0.9807692307692308,1,1,tree 54
SNV7459,0.9545454545454546,1,1,tree 54
SNV7461,1.0,1,1,tree 54
SNV7464,0.9545454545454546,1,1,tree 54
SNV7468,0.4418604651162791,1,1,tree 54
SNV7471,1.0,1,1,tree 54
SNV7474,1.0,1,1,tree 54
SNV7486,1.0,1,1,tree 54
SNV7492,0.4814814814814814,1,1,tree 54
SNV7510,0.9777777777777776,1,1,tree 54
SNV7511,1.0,1,1,tree 54
SNV7518,0.5428571428571428,1,1,tree 54
SNV7529,1.0,1,1,tree 54
SNV7548,1.0,1,1,tree 54
SNV7572,1.0,1,1,tree 54
SNV7581,0.5,1,1,tree 54
SNV7584,0.9666666666666668,1,1,tree 54
SNV7590,1.0,1,1,tree 54
SNV7595,0.9642857142857144,1,1,tree 54
SNV7599,0.4857142857142857,1,1,tree 54
SNV7606,0.525,1,1,tree 54
SNV7608,0.25,1,1,tree 54
SNV7613,1.0,1,1,tree 54
SNV7620,0.5806451612903226,1,1,tree 54
SNV7632,1.0,1,1,tree 54
SNV7635,0.984126984126984,1,1,tree 54
SNV7639,1.0,1,1,tree 54
SNV7648,0.1739130434782608,1,1,tree 54
SNV7651,0.3033707865168539,1,1,tree 54
SNV7668,1.0,1,1,tree 54
SNV7684,0.5,1,1,tree 54
SNV7704,1.0,1,1,tree 54
SNV7705,1.0,1,1,tree 54
SNV7711,0.46,1,1,tree 54
SNV7713,1.0,1,1,tree 54
SNV7716,0.4,1,1,tree 54
SNV7717,0.96875,1,1,tree 54
SNV7718,0.9636363636363636,1,1,tree 54
SNV7727,1.0,1,1,tree 54
SNV7742,0.1578947368421052,1,1,tree 54
SNV7753,0.5087719298245614,1,1,tree 54
SNV7754,0.975609756097561,1,1,tree 54
SNV7755,1.0,1,1,tree 54
SNV7762,0.9682539682539684,1,1,tree 54
SNV7766,1.0,1,1,tree 54
SNV7770,0.1862745098039215,1,1,tree 54
SNV7773,1.0,1,1,tree 54
SNV7777,0.9743589743589745,1,1,tree 54
SNV7784,1.0,1,1,tree 54
SNV7793,0.5909090909090909,1,1,tree 54
SNV7796,0.1158536585365853,1,1,tree 54
SNV7810,0.984251968503937,1,1,tree 54
SNV7816,0.75,1,1,tree 54
SNV7821,1.0,1,1,tree 54
SNV7824,1.0,1,1,tree 54
SNV7845,0.9855072463768116,1,1,tree 54
SNV7848,0.9830508474576272,1,1,tree 54
SNV7852,1.0,1,1,tree 54
SNV7854,1.0,1,1,tree 54
SNV7858,0.976470588235294,1,1,tree 54
SNV7872,1.0,1,1,tree 54
SNV7875,0.9834710743801652,1,1,tree 54
SNV7888,1.0,1,1,tree 54
SNV7892,1.0,1,1,tree 54
SNV7903,1.0,1,1,tree 54
SNV7906,0.2434782608695652,1,1,tree 54
SNV7907,0.3714285714285714,1,1,tree 54
SNV7911,1.0,1,1,tree 54
SNV7924,0.375,1,1,tree 54
SNV7925,0.3793103448275862,1,1,tree 54
SNV7926,0.3466666666666667,1,1,tree 54
SNV7927,0.3214285714285714,1,1,tree 54
SNV7928,0.3070866141732283,1,1,tree 54
SNV7929,0.3118279569892473,1,1,tree 54
SNV7938,0.5128205128205128,1,1,tree 54
SNV7941,0.7857142857142857,1,1,tree 54
SNV7942,0.6031746031746031,1,1,tree 54
SNV7943,0.6153846153846154,1,1,tree 54
SNV7944,0.7413793103448276,1,1,tree 54
SNV7945,0.6507936507936508,1,1,tree 54
SNV7946,0.5789473684210527,1,1,tree 54
SNV7947,0.6923076923076923,1,1,tree 54
SNV7948,0.6756756756756757,1,1,tree 54
SNV7949,0.5652173913043478,1,1,tree 54
SNV7950,0.8529411764705882,1,1,tree 54
SNV7951,0.7878787878787878,1,1,tree 54
SNV7952,0.4285714285714285,1,1,tree 54
SNV7956,1.0,1,1,tree 54
SNV7958,0.6172839506172839,1,1,tree 54
SNV7959,0.4,1,1,tree 54
SNV7960,0.984375,1,1,tree 54
SNV7961,0.6721311475409836,1,1,tree 54
SNV7962,0.6470588235294118,1,1,tree 54
SNV7963,0.3773584905660377,1,1,tree 54
SNV7964,0.3703703703703703,1,1,tree 54
SNV7968,0.5555555555555556,1,1,tree 54
SNV7969,0.5714285714285714,1,1,tree 54
SNV7974,1.0,1,1,tree 54
SNV7980,0.5405405405405406,1,1,tree 54
SNV7987,1.0,1,1,tree 54
SNV7990,0.5,1,1,tree 54
SNV7994,0.4090909090909091,1,1,tree 54
SNV7995,1.0,1,1,tree 54
SNV8003,1.0,1,1,tree 54
SNV8004,0.627906976744186,1,1,tree 54
SNV8006,1.0,1,1,tree 54
SNV8021,0.9761904761904762,1,1,tree 54
SNV8028,1.0,1,1,tree 54
SNV8035,0.25,1,1,tree 54
SNV8047,0.3720930232558139,1,1,tree 54
SNV8049,0.8,1,1,tree 54
SNV8050,0.5384615384615384,1,1,tree 54
SNV8063,0.6111111111111112,1,1,tree 54
SNV8073,0.4285714285714285,1,1,tree 54
SNV8086,0.1428571428571428,1,1,tree 54
SNV8090,1.0,1,1,tree 54
SNV8096,0.627906976744186,1,1,tree 54
SNV8102,1.0,1,1,tree 54
SNV8112,0.9777777777777776,1,1,tree 54
SNV8113,0.9642857142857144,1,1,tree 54
SNV8132,0.95,1,1,tree 54
SNV8135,1.0,1,1,tree 54
SNV8136,1.0,1,1,tree 54
SNV8138,0.6666666666666666,1,1,tree 54
SNV8148,1.0,1,1,tree 54
SNV8160,1.0,1,1,tree 54
SNV8163,0.9861111111111112,1,1,tree 54
SNV8166,1.0,1,1,tree 54
SNV8171,1.0,1,1,tree 54
SNV8180,1.0,1,1,tree 54
SNV8183,0.4803921568627451,1,1,tree 54
SNV8184,0.4375,1,1,tree 54
SNV8189,0.4444444444444444,1,1,tree 54
SNV8195,0.5072463768115942,1,1,tree 54
SNV8197,0.4148936170212766,1,1,tree 54
SNV8204,0.5488721804511278,1,1,tree 54
SNV8205,0.4363636363636363,1,1,tree 54
SNV8209,0.4132231404958678,1,1,tree 54
SNV8212,0.6052631578947368,1,1,tree 54
SNV8213,0.3697478991596639,1,1,tree 54
SNV8214,0.4907407407407407,1,1,tree 54
SNV8215,0.5136986301369864,1,1,tree 54
SNV8226,0.5714285714285714,1,1,tree 54
SNV8228,0.5569620253164557,1,1,tree 54
SNV8237,0.4369747899159664,1,1,tree 54
SNV8241,0.4918032786885246,1,1,tree 54
SNV8251,0.14,1,1,tree 54
SNV8264,0.3831775700934579,1,1,tree 54
SNV8278,0.5606060606060606,1,1,tree 54
SNV8288,0.4117647058823529,1,1,tree 54
SNV8290,0.4782608695652174,1,1,tree 54
SNV8292,0.5202702702702703,1,1,tree 54
SNV8296,0.1379310344827586,1,1,tree 54
SNV8299,1.0,1,1,tree 54
SNV8301,0.515625,1,1,tree 54
SNV8308,0.5425531914893617,1,1,tree 54
SNV8325,0.6666666666666666,1,1,tree 54
SNV8334,0.1893939393939394,1,1,tree 54
SNV8336,0.3809523809523809,1,1,tree 54
SNV8338,0.98,1,1,tree 54
SNV8342,0.521505376344086,1,1,tree 54
SNV8345,0.4513888888888889,1,1,tree 54
SNV8352,0.3117647058823529,1,1,tree 54
SNV8357,0.3677419354838709,1,1,tree 54
SNV8363,0.4642857142857143,1,1,tree 54
SNV8364,0.1680672268907563,1,1,tree 54
SNV8371,0.4615384615384615,1,1,tree 54
SNV8372,0.1538461538461538,1,1,tree 54
SNV8375,0.4259259259259259,1,1,tree 54
SNV8379,0.4606060606060606,1,1,tree 54
SNV8389,0.1549295774647887,1,1,tree 54
SNV8394,0.1857142857142857,1,1,tree 54
SNV8397,0.4901960784313725,1,1,tree 54
SNV8400,0.1388888888888889,1,1,tree 54
SNV8401,0.5454545454545454,1,1,tree 54
SNV8406,0.4210526315789473,1,1,tree 54
SNV8407,0.3364485981308411,1,1,tree 54
SNV8409,0.5352112676056338,1,1,tree 54
SNV8422,0.1416666666666666,1,1,tree 54
SNV8431,0.7432432432432432,1,1,tree 54
SNV8436,0.1584158415841584,1,1,tree 54
SNV8448,0.2631578947368421,1,1,tree 54
SNV8457,0.4444444444444444,1,1,tree 54
SNV8459,0.6116504854368932,1,1,tree 54
SNV8464,1.0,1,1,tree 54
SNV8469,0.4090909090909091,1,1,tree 54
SNV8473,1.0,1,1,tree 54
SNV8474,1.0,1,1,tree 54
SNV8475,0.6545454545454545,1,1,tree 54
SNV8477,0.3714285714285714,1,1,tree 54
SNV8482,1.0,1,1,tree 54
SNV8484,1.0,1,1,tree 54
SNV8504,1.0,1,1,tree 54
SNV8514,0.6666666666666666,1,1,tree 54
SNV8533,0.9743589743589745,1,1,tree 54
SNV8543,0.7241379310344828,1,1,tree 54
SNV8544,0.1785714285714285,1,1,tree 54
SNV8545,0.6037735849056604,1,1,tree 54
SNV8550,0.6951219512195121,1,1,tree 54
SNV8554,0.631578947368421,1,1,tree 54
SNV8555,0.6521739130434783,1,1,tree 54
SNV8563,0.2839506172839506,1,1,tree 54
SNV8564,0.5670103092783505,1,1,tree 54
SNV8567,0.4333333333333333,1,1,tree 54
SNV8570,0.1979166666666666,1,1,tree 54
SNV8572,1.0,1,1,tree 54
SNV8576,0.4528301886792453,1,1,tree 54
SNV8584,0.21875,1,1,tree 54
SNV8599,0.9836065573770492,1,1,tree 54
SNV8603,0.2352941176470588,1,1,tree 54
SNV8608,0.1442307692307692,1,1,tree 54
SNV8609,0.2647058823529412,1,1,tree 54
SNV8610,0.328,1,1,tree 54
SNV8617,0.5916666666666667,1,1,tree 54
SNV8623,0.4253731343283582,1,1,tree 54
SNV8633,0.4222222222222222,1,1,tree 54
SNV8635,0.1438848920863309,1,1,tree 54
SNV8640,0.5575221238938053,1,1,tree 54
SNV8642,0.3529411764705882,1,1,tree 54
SNV8643,0.3194444444444444,1,1,tree 54
SNV8650,0.4482758620689655,1,1,tree 54
SNV8652,0.4387755102040816,1,1,tree 54
SNV8654,0.3759398496240601,1,1,tree 54
SNV8655,0.1809523809523809,1,1,tree 54
SNV8664,0.5546875,1,1,tree 54
SNV8666,0.5,1,1,tree 54
SNV8667,0.36,1,1,tree 54
SNV8669,0.4761904761904761,1,1,tree 54
SNV8671,0.431578947368421,1,1,tree 54
SNV8679,0.4434782608695652,1,1,tree 54
SNV8683,0.5,1,1,tree 54
SNV8684,0.3289473684210526,1,1,tree 54
SNV8692,0.5921052631578947,1,1,tree 54
SNV8696,0.3478260869565217,1,1,tree 54
SNV8703,1.0,1,1,tree 54
SNV8729,0.425287356321839,1,1,tree 54
SNV8738,0.4883720930232558,1,1,tree 54
SNV8742,0.4155844155844156,1,1,tree 54
SNV8747,0.5483870967741935,1,1,tree 54
SNV8748,0.4791666666666667,1,1,tree 54
SNV8755,0.5212765957446809,1,1,tree 54
SNV8757,0.1044776119402985,1,1,tree 54
SNV8760,0.5384615384615384,1,1,tree 54
SNV8766,0.4430379746835443,1,1,tree 54
SNV8770,0.3626373626373626,1,1,tree 54
SNV8772,0.1209677419354838,1,1,tree 54
SNV8773,0.1470588235294117,1,1,tree 54
SNV8776,0.2111111111111111,1,1,tree 54
SNV8783,0.1509433962264151,1,1,tree 54
SNV8790,0.1388888888888889,1,1,tree 54
SNV8793,0.552,1,1,tree 54
SNV8803,0.6160714285714286,1,1,tree 54
SNV8809,0.5833333333333334,1,1,tree 54
SNV8820,0.5494505494505495,1,1,tree 54
SNV8821,0.1647058823529411,1,1,tree 54
SNV8827,0.5,1,1,tree 54
SNV8829,0.4166666666666667,1,1,tree 54
SNV8830,0.5980392156862745,1,1,tree 54
SNV8840,0.1649484536082474,1,1,tree 54
SNV8847,0.2926829268292683,1,1,tree 54
SNV8848,0.3737373737373737,1,1,tree 54
SNV8856,0.5054945054945055,1,1,tree 54
SNV8858,0.1855670103092783,1,1,tree 54
SNV8863,0.1826086956521739,1,1,tree 54
SNV8877,0.5357142857142857,1,1,tree 54
SNV8879,0.4189189189189189,1,1,tree 54
SNV8887,0.358974358974359,1,1,tree 54
SNV8889,0.330188679245283,1,1,tree 54
SNV8919,0.2424242424242424,1,1,tree 54
SNV8921,0.1203007518796992,1,1,tree 54
SNV8923,0.75,1,1,tree 54
SNV8925,0.3655913978494624,1,1,tree 54
SNV8926,0.1,1,1,tree 54
SNV8927,0.4615384615384615,1,1,tree 54
SNV8937,0.4375,1,1,tree 54
SNV8943,0.4126984126984127,1,1,tree 54
SNV8946,0.4032258064516129,1,1,tree 54
SNV8953,0.5111111111111111,1,1,tree 54
SNV8954,0.5732484076433121,1,1,tree 54
SNV8955,1.0,1,1,tree 54
SNV8957,0.23125,1,1,tree 54
SNV8958,0.5825242718446602,1,1,tree 54
SNV8959,0.17,1,1,tree 54
SNV8960,0.3732394366197183,1,1,tree 54
SNV8962,0.4867256637168141,1,1,tree 54
SNV8964,0.3898305084745763,1,1,tree 54
SNV8968,0.336283185840708,1,1,tree 54
SNV8970,0.4042553191489361,1,1,tree 54
SNV8975,0.5367647058823529,1,1,tree 54
SNV8981,0.5714285714285714,1,1,tree 54
SNV8983,0.5094339622641509,1,1,tree 54
SNV8984,0.46,1,1,tree 54
SNV9000,0.5952380952380952,1,1,tree 54
SNV9001,1.0,1,1,tree 54
SNV9006,1.0,1,1,tree 54
SNV9007,0.96,1,1,tree 54
SNV9009,1.0,1,1,tree 54
SNV9013,0.4864864864864865,1,1,tree 54
SNV9017,0.9696969696969696,1,1,tree 54
SNV9020,0.9591836734693876,1,1,tree 54
SNV9021,0.9523809523809524,1,1,tree 54
SNV9023,1.0,1,1,tree 54
SNV9024,1.0,1,1,tree 54
SNV9037,0.4,1,1,tree 54
SNV9041,1.0,1,1,tree 54
SNV9043,0.96875,1,1,tree 54
SNV9052,1.0,1,1,tree 54
SNV9053,1.0,1,1,tree 54
SNV9058,1.0,1,1,tree 54
SNV9061,0.3448275862068966,1,1,tree 54
SNV9065,1.0,1,1,tree 54
SNV9075,1.0,1,1,tree 54
SNV9077,0.4722222222222222,1,1,tree 54
SNV9088,0.4054054054054054,1,1,tree 54
SNV9094,0.44,1,1,tree 54
SNV9096,0.4333333333333333,1,1,tree 54
SNV9098,0.975,1,1,tree 54
SNV9106,1.0,1,1,tree 54
SNV9116,1.0,1,1,tree 54
SNV9119,0.9838709677419356,1,1,tree 54
SNV9123,0.5909090909090909,1,1,tree 54
SNV9138,0.9444444444444444,1,1,tree 54
SNV9139,1.0,1,1,tree 54
SNV9141,0.4468085106382978,1,1,tree 54
SNV9142,0.4347826086956521,1,1,tree 54
SNV9143,0.925925925925926,1,1,tree 54
SNV9144,1.0,1,1,tree 54
SNV9145,0.9743589743589745,1,1,tree 54
SNV9150,0.9772727272727272,1,1,tree 54
SNV9152,1.0,1,1,tree 54
SNV9160,0.5185185185185185,1,1,tree 54
SNV9166,1.0,1,1,tree 54
SNV9170,1.0,1,1,tree 54
SNV9176,1.0,1,1,tree 54
SNV9186,0.5294117647058824,1,1,tree 54
SNV9190,1.0,1,1,tree 54
SNV9191,0.1777777777777777,1,1,tree 54
SNV9195,0.1666666666666666,1,1,tree 54
SNV9200,1.0,1,1,tree 54
SNV9202,0.8,1,1,tree 54
SNV9205,0.65,1,1,tree 54
SNV9207,0.9565217391304348,1,1,tree 54
SNV9213,0.2727272727272727,1,1,tree 54
SNV9215,0.5454545454545454,1,1,tree 54
SNV9217,0.5,1,1,tree 54
SNV9225,0.75,1,1,tree 54
SNV9226,0.4166666666666667,1,1,tree 54
SNV9232,0.4655172413793103,1,1,tree 54
SNV9234,0.6774193548387096,1,1,tree 54
SNV9270,0.96,1,1,tree 54
SNV9279,1.0,1,1,tree 54
SNV9282,0.2419354838709677,1,1,tree 54
SNV9297,0.9473684210526316,1,1,tree 54
SNV9315,1.0,1,1,tree 54
SNV9321,1.0,1,1,tree 54
SNV9325,0.24,1,1,tree 54
SNV9326,0.32,1,1,tree 54
SNV9335,1.0,1,1,tree 54
SNV9339,0.6388888888888888,1,1,tree 54
SNV9353,1.0,1,1,tree 54
SNV9356,0.8333333333333334,1,1,tree 54
SNV9357,0.9705882352941176,1,1,tree 54
SNV9362,1.0,1,1,tree 54
SNV9363,0.7307692307692307,1,1,tree 54
SNV9365,0.2777777777777778,1,1,tree 54
SNV9369,0.9714285714285714,1,1,tree 54
SNV9380,0.7391304347826086,1,1,tree 54
SNV9381,0.6,1,1,tree 54
SNV9385,1.0,1,1,tree 54
SNV9390,1.0,1,1,tree 54
SNV9401,1.0,1,1,tree 54
SNV9402,0.7333333333333333,1,1,tree 54
SNV9408,1.0,1,1,tree 54
SNV9411,1.0,1,1,tree 54
SNV9414,0.3846153846153846,1,1,tree 54
SNV9437,1.0,1,1,tree 54
SNV9442,0.9583333333333334,1,1,tree 54
SNV9446,1.0,1,1,tree 54
SNV9453,1.0,1,1,tree 54
SNV9457,0.9565217391304348,1,1,tree 54
SNV9458,0.9629629629629628,1,1,tree 54
SNV9461,0.8,1,1,tree 54
SNV9465,0.7727272727272727,1,1,tree 54
SNV9469,0.5142857142857142,1,1,tree 54
SNV9473,0.7727272727272727,1,1,tree 54
SNV9479,1.0,1,1,tree 54
SNV9481,0.8,1,1,tree 54
SNV9488,0.96,1,1,tree 54
SNV9491,1.0,1,1,tree 54
SNV9501,0.4074074074074074,1,1,tree 54
SNV9502,0.4324324324324324,1,1,tree 54
SNV9512,0.9411764705882352,1,1,tree 54
SNV9520,1.0,1,1,tree 54
SNV9526,0.8571428571428571,1,1,tree 54
SNV9529,0.9882352941176472,1,1,tree 54
SNV9530,0.1982758620689655,1,1,tree 54
SNV9536,1.0,1,1,tree 54
SNV9537,1.0,1,1,tree 54
SNV9538,1.0,1,1,tree 54
SNV9540,0.5806451612903226,1,1,tree 54
SNV9541,0.62,1,1,tree 54
SNV9542,0.5333333333333333,1,1,tree 54
SNV9543,0.6428571428571429,1,1,tree 54
SNV9545,0.5588235294117647,1,1,tree 54
SNV9549,1.0,1,1,tree 54
SNV9556,0.9642857142857144,1,1,tree 54
SNV9558,0.9444444444444444,1,1,tree 54
SNV9574,0.9333333333333332,1,1,tree 54
SNV9579,0.9375,1,1,tree 54
SNV9580,1.0,1,1,tree 54
SNV9590,0.8148148148148148,1,1,tree 54
SNV9591,0.8571428571428571,1,1,tree 54
SNV9593,1.0,1,1,tree 54
SNV9608,0.9523809523809524,1,1,tree 54
SNV9616,0.5789473684210527,1,1,tree 54
SNV9621,1.0,1,1,tree 54
SNV9622,1.0,1,1,tree 54
SNV9629,0.9666666666666668,1,1,tree 54
SNV9631,0.6,1,1,tree 54
SNV9637,0.6923076923076923,1,1,tree 54
SNV9644,0.9166666666666666,1,1,tree 54
SNV9659,1.0,1,1,tree 54
SNV9662,1.0,1,1,tree 54
SNV9663,1.0,1,1,tree 54
SNV9678,1.0,1,1,tree 54
SNV9686,0.8888888888888888,1,1,tree 54
SNV9687,0.8333333333333334,1,1,tree 54
SNV9688,1.0,1,1,tree 54
SNV9690,1.0,1,1,tree 54
SNV9692,0.95,1,1,tree 54
SNV9697,1.0,1,1,tree 54
SNV9699,1.0,1,1,tree 54
SNV9704,1.0,1,1,tree 54
SNV9707,0.2413793103448276,1,1,tree 54
SNV9709,0.8571428571428571,1,1,tree 54
SNV9714,1.0,1,1,tree 54
SNV9718,0.25,1,1,tree 54
SNV500,0.0,0,2,tree 54
SNV1002,0.0,0,2,tree 54
SNV1621,0.0,0,2,tree 54
SNV1834,0.0,0,2,tree 54
SNV1852,0.0,0,2,tree 54
SNV1890,0.0410958904109589,0,2,tree 54
SNV1905,0.0222222222222222,0,2,tree 54
SNV1971,0.0,0,2,tree 54
SNV2026,0.0,0,2,tree 54
SNV2110,0.0,0,2,tree 54
SNV2416,0.0,0,2,tree 54
SNV2680,0.0,0,2,tree 54
SNV2726,0.010752688172043,0,2,tree 54
SNV2776,0.0,0,2,tree 54
SNV3207,0.0,0,2,tree 54
SNV3236,0.0,0,2,tree 54
SNV3238,0.0,0,2,tree 54
SNV3265,0.0,0,2,tree 54
SNV3277,0.0,0,2,tree 54
SNV3306,0.0,0,2,tree 54
SNV3330,0.0,0,2,tree 54
SNV3566,0.0,0,2,tree 54
SNV3964,0.0,0,2,tree 54
SNV3977,0.0,0,2,tree 54
SNV4429,0.0,0,2,tree 54
SNV4439,0.0,0,2,tree 54
SNV4511,0.0,0,2,tree 54
SNV4537,0.0,0,2,tree 54
SNV4538,0.0,0,2,tree 54
SNV4626,0.0,0,2,tree 54
SNV4848,0.0,0,2,tree 54
SNV4864,0.0,0,2,tree 54
SNV5059,0.0,0,2,tree 54
SNV5243,0.0,0,2,tree 54
SNV5861,0.0,0,2,tree 54
SNV6349,0.0,0,2,tree 54
SNV6428,0.0,0,2,tree 54
SNV6677,0.0,0,2,tree 54
SNV6703,0.0,0,2,tree 54
SNV6705,0.0,0,2,tree 54
SNV6872,0.0,0,2,tree 54
SNV6900,0.0,0,2,tree 54
SNV7019,0.0,0,2,tree 54
SNV7111,0.0,0,2,tree 54
SNV7370,0.0,0,2,tree 54
SNV7807,0.0,0,2,tree 54
SNV7834,0.0,0,2,tree 54
SNV7909,0.0,0,2,tree 54
SNV7913,0.0,0,2,tree 54
SNV7970,0.0,0,2,tree 54
SNV8045,0.0080645161290322,0,2,tree 54
SNV8092,0.0,0,2,tree 54
SNV8155,0.0,0,2,tree 54
SNV8188,0.0,0,2,tree 54
SNV8225,0.0,0,2,tree 54
SNV8238,0.0,0,2,tree 54
SNV8245,0.0,0,2,tree 54
SNV8284,0.0,0,2,tree 54
SNV8287,0.0,0,2,tree 54
SNV8294,0.0,0,2,tree 54
SNV8298,0.0,0,2,tree 54
SNV8321,0.0,0,2,tree 54
SNV8356,0.0,0,2,tree 54
SNV8392,0.0,0,2,tree 54
SNV8449,0.0,0,2,tree 54
SNV8450,0.0,0,2,tree 54
SNV8452,0.0,0,2,tree 54
SNV8463,0.0,0,2,tree 54
SNV8524,0.0,0,2,tree 54
SNV8596,0.0,0,2,tree 54
SNV8634,0.0,0,2,tree 54
SNV8637,0.0072992700729927,0,2,tree 54
SNV8649,0.0,0,2,tree 54
SNV8660,0.0076923076923076,0,2,tree 54
SNV8680,0.0,0,2,tree 54
SNV8694,0.0,0,2,tree 54
SNV8701,0.0,0,2,tree 54
SNV8706,0.0071428571428571,0,2,tree 54
SNV8812,0.0,0,2,tree 54
SNV8825,0.0,0,2,tree 54
SNV8844,0.0,0,2,tree 54
SNV8896,0.0,0,2,tree 54
SNV8935,0.0,0,2,tree 54
SNV8940,0.0,0,2,tree 54
SNV8967,0.0,0,2,tree 54
SNV500,0.5,1,2,tree 54
SNV1002,0.5,1,2,tree 54
SNV1621,0.2857142857142857,1,2,tree 54
SNV1834,0.2857142857142857,1,2,tree 54
SNV1852,0.125,1,2,tree 54
SNV1890,0.3333333333333333,1,2,tree 54
SNV1905,0.6,1,2,tree 54
SNV1971,0.4285714285714285,1,2,tree 54
SNV2026,0.3,1,2,tree 54
SNV2110,0.2,1,2,tree 54
SNV2416,0.5,1,2,tree 54
SNV2680,0.25,1,2,tree 54
SNV2726,0.2,1,2,tree 54
SNV2776,0.25,1,2,tree 54
SNV3207,0.2222222222222222,1,2,tree 54
SNV3236,0.2222222222222222,1,2,tree 54
SNV3238,0.5,1,2,tree 54
SNV3265,0.2,1,2,tree 54
SNV3277,0.1666666666666666,1,2,tree 54
SNV3330,0.125,1,2,tree 54
SNV3566,0.5,1,2,tree 54
SNV3964,0.3333333333333333,1,2,tree 54
SNV3977,0.2,1,2,tree 54
SNV4429,0.5,1,2,tree 54
SNV4439,0.1666666666666666,1,2,tree 54
SNV4511,0.0,1,2,tree 54
SNV4537,0.4285714285714285,1,2,tree 54
SNV4538,0.2,1,2,tree 54
SNV4626,0.0833333333333333,1,2,tree 54
SNV4848,0.5,1,2,tree 54
SNV4864,0.25,1,2,tree 54
SNV5059,0.4,1,2,tree 54
SNV5243,0.1666666666666666,1,2,tree 54
SNV5861,0.3333333333333333,1,2,tree 54
SNV6349,0.6,1,2,tree 54
SNV6428,0.1666666666666666,1,2,tree 54
SNV6677,0.2,1,2,tree 54
SNV6703,0.1666666666666666,1,2,tree 54
SNV6705,0.2,1,2,tree 54
SNV6872,1.0,1,2,tree 54
SNV6900,0.5,1,2,tree 54
SNV7019,0.4,1,2,tree 54
SNV7111,0.3333333333333333,1,2,tree 54
SNV7370,0.2,1,2,tree 54
SNV7807,0.125,1,2,tree 54
SNV7834,0.5,1,2,tree 54
SNV7909,0.5,1,2,tree 54
SNV7913,0.3,1,2,tree 54
SNV7970,0.3333333333333333,1,2,tree 54
SNV8045,0.1538461538461538,1,2,tree 54
SNV8092,0.1666666666666666,1,2,tree 54
SNV8155,0.2,1,2,tree 54
SNV8188,0.1111111111111111,1,2,tree 54
SNV8225,0.4285714285714285,1,2,tree 54
SNV8238,0.1666666666666666,1,2,tree 54
SNV8245,0.125,1,2,tree 54
SNV8284,0.25,1,2,tree 54
SNV8287,0.1,1,2,tree 54
SNV8294,0.1,1,2,tree 54
SNV8298,0.15,1,2,tree 54
SNV8321,0.25,1,2,tree 54
SNV8356,0.1,1,2,tree 54
SNV8392,0.0909090909090909,1,2,tree 54
SNV8449,0.0769230769230769,1,2,tree 54
SNV8450,0.125,1,2,tree 54
SNV8452,0.1111111111111111,1,2,tree 54
SNV8463,0.1666666666666666,1,2,tree 54
SNV8524,0.4,1,2,tree 54
SNV8596,0.2,1,2,tree 54
SNV8634,0.2857142857142857,1,2,tree 54
SNV8637,0.0,1,2,tree 54
SNV8649,0.2222222222222222,1,2,tree 54
SNV8660,0.1428571428571428,1,2,tree 54
SNV8680,0.2,1,2,tree 54
SNV8694,0.1428571428571428,1,2,tree 54
SNV8701,0.5,1,2,tree 54
SNV8706,0.125,1,2,tree 54
SNV8812,1.0,1,2,tree 54
SNV8825,0.2222222222222222,1,2,tree 54
SNV8844,0.125,1,2,tree 54
SNV8896,0.25,1,2,tree 54
SNV8935,0.25,1,2,tree 54
SNV8940,0.0,1,2,tree 54
SNV8967,0.1538461538461538,1,2,tree 54
SNV5,0.0,0,3,tree 54
SNV16,0.0,0,3,tree 54
SNV26,0.0,0,3,tree 54
SNV33,0.0,0,3,tree 54
SNV52,0.0,0,3,tree 54
SNV56,0.0,0,3,tree 54
SNV59,0.0,0,3,tree 54
SNV61,0.0,0,3,tree 54
SNV72,0.0204081632653061,0,3,tree 54
SNV83,0.0,0,3,tree 54
SNV89,0.0,0,3,tree 54
SNV91,0.0,0,3,tree 54
SNV99,0.0,0,3,tree 54
SNV108,0.0,0,3,tree 54
SNV109,0.0,0,3,tree 54
SNV152,0.0,0,3,tree 54
SNV173,0.0,0,3,tree 54
SNV183,0.0,0,3,tree 54
SNV192,0.0,0,3,tree 54
SNV193,0.0,0,3,tree 54
SNV198,0.0,0,3,tree 54
SNV203,0.0,0,3,tree 54
SNV208,0.0,0,3,tree 54
SNV214,0.0,0,3,tree 54
SNV228,0.0,0,3,tree 54
SNV231,0.0,0,3,tree 54
SNV234,0.0,0,3,tree 54
SNV244,0.0,0,3,tree 54
SNV269,0.0,0,3,tree 54
SNV279,0.0,0,3,tree 54
SNV286,0.0,0,3,tree 54
SNV291,0.0,0,3,tree 54
SNV294,0.0,0,3,tree 54
SNV300,0.0,0,3,tree 54
SNV305,0.0,0,3,tree 54
SNV308,0.0,0,3,tree 54
SNV313,0.0,0,3,tree 54
SNV317,0.0,0,3,tree 54
SNV322,0.0,0,3,tree 54
SNV323,0.0,0,3,tree 54
SNV338,0.0,0,3,tree 54
SNV346,0.0,0,3,tree 54
SNV357,0.0,0,3,tree 54
SNV360,0.0,0,3,tree 54
SNV371,0.0,0,3,tree 54
SNV373,0.0,0,3,tree 54
SNV375,0.0,0,3,tree 54
SNV381,0.0,0,3,tree 54
SNV382,0.0,0,3,tree 54
SNV391,0.0,0,3,tree 54
SNV397,0.0,0,3,tree 54
SNV398,0.0,0,3,tree 54
SNV404,0.0,0,3,tree 54
SNV411,0.0,0,3,tree 54
SNV426,0.0,0,3,tree 54
SNV444,0.0,0,3,tree 54
SNV449,0.0,0,3,tree 54
SNV462,0.0,0,3,tree 54
SNV467,0.0,0,3,tree 54
SNV478,0.0,0,3,tree 54
SNV504,0.0,0,3,tree 54
SNV541,0.0,0,3,tree 54
SNV542,0.0,0,3,tree 54
SNV556,0.0,0,3,tree 54
SNV578,0.0,0,3,tree 54
SNV584,0.0,0,3,tree 54
SNV596,0.0,0,3,tree 54
SNV601,0.0,0,3,tree 54
SNV616,0.0,0,3,tree 54
SNV636,0.0,0,3,tree 54
SNV653,0.0,0,3,tree 54
SNV660,0.0,0,3,tree 54
SNV680,0.0,0,3,tree 54
SNV685,0.0,0,3,tree 54
SNV707,0.0,0,3,tree 54
SNV708,0.0,0,3,tree 54
SNV709,0.0,0,3,tree 54
SNV715,0.0,0,3,tree 54
SNV732,0.0,0,3,tree 54
SNV784,0.0,0,3,tree 54
SNV790,0.0,0,3,tree 54
SNV791,0.0,0,3,tree 54
SNV796,0.0,0,3,tree 54
SNV807,0.0,0,3,tree 54
SNV816,0.0,0,3,tree 54
SNV822,0.015625,0,3,tree 54
SNV852,0.0,0,3,tree 54
SNV901,0.0,0,3,tree 54
SNV908,0.0,0,3,tree 54
SNV919,0.0,0,3,tree 54
SNV926,0.0,0,3,tree 54
SNV933,0.0,0,3,tree 54
SNV948,0.0,0,3,tree 54
SNV959,0.0,0,3,tree 54
SNV973,0.0,0,3,tree 54
SNV975,0.0,0,3,tree 54
SNV993,0.0,0,3,tree 54
SNV1018,0.0,0,3,tree 54
SNV1052,0.0,0,3,tree 54
SNV1053,0.0,0,3,tree 54
SNV1058,0.0,0,3,tree 54
SNV1059,0.0,0,3,tree 54
SNV1060,0.0,0,3,tree 54
SNV1061,0.0,0,3,tree 54
SNV1062,0.0,0,3,tree 54
SNV1068,0.0,0,3,tree 54
SNV1091,0.0,0,3,tree 54
SNV1094,0.0,0,3,tree 54
SNV1100,0.0,0,3,tree 54
SNV1112,0.0,0,3,tree 54
SNV1128,0.0,0,3,tree 54
SNV1147,0.0,0,3,tree 54
SNV1164,0.0,0,3,tree 54
SNV1165,0.0,0,3,tree 54
SNV1187,0.0,0,3,tree 54
SNV1191,0.0,0,3,tree 54
SNV1193,0.0,0,3,tree 54
SNV1217,0.0,0,3,tree 54
SNV1218,0.0,0,3,tree 54
SNV1222,0.0,0,3,tree 54
SNV1276,0.0,0,3,tree 54
SNV1286,0.0,0,3,tree 54
SNV1289,0.0,0,3,tree 54
SNV1290,0.0,0,3,tree 54
SNV1303,0.0,0,3,tree 54
SNV1305,0.0,0,3,tree 54
SNV1335,0.0,0,3,tree 54
SNV1338,0.0,0,3,tree 54
SNV1351,0.0,0,3,tree 54
SNV1367,0.0,0,3,tree 54
SNV1396,0.0,0,3,tree 54
SNV1399,0.0,0,3,tree 54
SNV1445,0.0,0,3,tree 54
SNV1508,0.0,0,3,tree 54
SNV1509,0.0,0,3,tree 54
SNV1514,0.0,0,3,tree 54
SNV1516,0.0,0,3,tree 54
SNV1560,0.0,0,3,tree 54
SNV1562,0.0,0,3,tree 54
SNV1578,0.0,0,3,tree 54
SNV1582,0.0,0,3,tree 54
SNV1614,0.0,0,3,tree 54
SNV1644,0.0,0,3,tree 54
SNV1652,0.0,0,3,tree 54
SNV1662,0.0,0,3,tree 54
SNV1671,0.0147058823529411,0,3,tree 54
SNV1675,0.0,0,3,tree 54
SNV1676,0.0,0,3,tree 54
SNV1712,0.0,0,3,tree 54
SNV1728,0.0,0,3,tree 54
SNV1729,0.0,0,3,tree 54
SNV1733,0.0123456790123456,0,3,tree 54
SNV1735,0.0,0,3,tree 54
SNV1738,0.0,0,3,tree 54
SNV1777,0.0,0,3,tree 54
SNV1780,0.0,0,3,tree 54
SNV1789,0.0,0,3,tree 54
SNV1795,0.0,0,3,tree 54
SNV1799,0.0,0,3,tree 54
SNV1808,0.0,0,3,tree 54
SNV1817,0.0,0,3,tree 54
SNV1821,0.0,0,3,tree 54
SNV1835,0.0235294117647058,0,3,tree 54
SNV1853,0.0,0,3,tree 54
SNV1858,0.0,0,3,tree 54
SNV1862,0.0,0,3,tree 54
SNV1868,0.0,0,3,tree 54
SNV1873,0.0,0,3,tree 54
SNV1882,0.0,0,3,tree 54
SNV1886,0.0,0,3,tree 54
SNV1889,0.0,0,3,tree 54
SNV1907,0.0,0,3,tree 54
SNV1918,0.0,0,3,tree 54
SNV1926,0.0,0,3,tree 54
SNV1933,0.0,0,3,tree 54
SNV1934,0.0,0,3,tree 54
SNV1951,0.0,0,3,tree 54
SNV1960,0.0,0,3,tree 54
SNV1973,0.0,0,3,tree 54
SNV1977,0.0408163265306122,0,3,tree 54
SNV1980,0.0,0,3,tree 54
SNV1989,0.0,0,3,tree 54
SNV1998,0.0,0,3,tree 54
SNV2020,0.0163934426229508,0,3,tree 54
SNV2030,0.0,0,3,tree 54
SNV2035,0.0277777777777777,0,3,tree 54
SNV2064,0.0,0,3,tree 54
SNV2099,0.0,0,3,tree 54
SNV2120,0.0,0,3,tree 54
SNV2123,0.0,0,3,tree 54
SNV2135,0.0,0,3,tree 54
SNV2186,0.0,0,3,tree 54
SNV2188,0.0175438596491228,0,3,tree 54
SNV2193,0.0,0,3,tree 54
SNV2195,0.0,0,3,tree 54
SNV2202,0.0,0,3,tree 54
SNV2229,0.0,0,3,tree 54
SNV2251,0.0,0,3,tree 54
SNV2265,0.0,0,3,tree 54
SNV2266,0.0,0,3,tree 54
SNV2286,0.0,0,3,tree 54
SNV2292,0.0,0,3,tree 54
SNV2307,0.0,0,3,tree 54
SNV2334,0.0,0,3,tree 54
SNV2342,0.0,0,3,tree 54
SNV2345,0.0,0,3,tree 54
SNV2347,0.0,0,3,tree 54
SNV2362,0.0,0,3,tree 54
SNV2365,0.0,0,3,tree 54
SNV2380,0.0,0,3,tree 54
SNV2392,0.0,0,3,tree 54
SNV2404,0.0,0,3,tree 54
SNV2413,0.0,0,3,tree 54
SNV2466,0.0,0,3,tree 54
SNV2502,0.0,0,3,tree 54
SNV2521,0.0227272727272727,0,3,tree 54
SNV2525,0.0,0,3,tree 54
SNV2526,0.0,0,3,tree 54
SNV2538,0.0,0,3,tree 54
SNV2543,0.0,0,3,tree 54
SNV2544,0.0,0,3,tree 54
SNV2548,0.0,0,3,tree 54
SNV2551,0.0,0,3,tree 54
SNV2552,0.0,0,3,tree 54
SNV2554,0.0,0,3,tree 54
SNV2564,0.0,0,3,tree 54
SNV2579,0.0,0,3,tree 54
SNV2587,0.0,0,3,tree 54
SNV2591,0.0,0,3,tree 54
SNV2606,0.0,0,3,tree 54
SNV2639,0.0,0,3,tree 54
SNV2645,0.0,0,3,tree 54
SNV2651,0.0,0,3,tree 54
SNV2656,0.0,0,3,tree 54
SNV2660,0.0,0,3,tree 54
SNV2662,0.0,0,3,tree 54
SNV2677,0.0,0,3,tree 54
SNV2678,0.0,0,3,tree 54
SNV2683,0.0,0,3,tree 54
SNV2704,0.0,0,3,tree 54
SNV2725,0.0,0,3,tree 54
SNV2727,0.0,0,3,tree 54
SNV2732,0.0,0,3,tree 54
SNV2741,0.0,0,3,tree 54
SNV2748,0.0,0,3,tree 54
SNV2769,0.0,0,3,tree 54
SNV2770,0.0,0,3,tree 54
SNV2783,0.0,0,3,tree 54
SNV2785,0.0,0,3,tree 54
SNV2813,0.0,0,3,tree 54
SNV2818,0.0,0,3,tree 54
SNV2834,0.0,0,3,tree 54
SNV2858,0.0,0,3,tree 54
SNV2859,0.0,0,3,tree 54
SNV2868,0.0,0,3,tree 54
SNV2879,0.0,0,3,tree 54
SNV2880,0.0,0,3,tree 54
SNV2893,0.0,0,3,tree 54
SNV2894,0.0,0,3,tree 54
SNV2896,0.0,0,3,tree 54
SNV2898,0.0,0,3,tree 54
SNV2901,0.0,0,3,tree 54
SNV2924,0.0,0,3,tree 54
SNV2936,0.0,0,3,tree 54
SNV2940,0.0,0,3,tree 54
SNV2942,0.0,0,3,tree 54
SNV2952,0.0,0,3,tree 54
SNV2956,0.0294117647058823,0,3,tree 54
SNV2958,0.0,0,3,tree 54
SNV3026,0.0,0,3,tree 54
SNV3053,0.0,0,3,tree 54
SNV3059,0.0,0,3,tree 54
SNV3061,0.0,0,3,tree 54
SNV3077,0.0,0,3,tree 54
SNV3104,0.0,0,3,tree 54
SNV3180,0.0,0,3,tree 54
SNV3193,0.0,0,3,tree 54
SNV3196,0.0,0,3,tree 54
SNV3201,0.0,0,3,tree 54
SNV3203,0.0,0,3,tree 54
SNV3211,0.0,0,3,tree 54
SNV3212,0.0,0,3,tree 54
SNV3215,0.0,0,3,tree 54
SNV3235,0.0,0,3,tree 54
SNV3246,0.0,0,3,tree 54
SNV3247,0.0,0,3,tree 54
SNV3249,0.0125,0,3,tree 54
SNV3252,0.0,0,3,tree 54
SNV3254,0.0138888888888888,0,3,tree 54
SNV3258,0.0,0,3,tree 54
SNV3274,0.0,0,3,tree 54
SNV3289,0.0,0,3,tree 54
SNV3293,0.0,0,3,tree 54
SNV3323,0.0,0,3,tree 54
SNV3338,0.0,0,3,tree 54
SNV3342,0.0,0,3,tree 54
SNV3343,0.0,0,3,tree 54
SNV3347,0.0,0,3,tree 54
SNV3349,0.0,0,3,tree 54
SNV3363,0.0,0,3,tree 54
SNV3365,0.0,0,3,tree 54
SNV3386,0.0,0,3,tree 54
SNV3397,0.0,0,3,tree 54
SNV3402,0.0,0,3,tree 54
SNV3404,0.0,0,3,tree 54
SNV3422,0.0,0,3,tree 54
SNV3438,0.0,0,3,tree 54
SNV3460,0.0,0,3,tree 54
SNV3462,0.0,0,3,tree 54
SNV3472,0.0,0,3,tree 54
SNV3479,0.0,0,3,tree 54
SNV3493,0.0,0,3,tree 54
SNV3507,0.0,0,3,tree 54
SNV3509,0.0,0,3,tree 54
SNV3513,0.0,0,3,tree 54
SNV3526,0.0,0,3,tree 54
SNV3530,0.0,0,3,tree 54
SNV3531,0.0,0,3,tree 54
SNV3536,0.0,0,3,tree 54
SNV3543,0.0,0,3,tree 54
SNV3553,0.0,0,3,tree 54
SNV3587,0.0,0,3,tree 54
SNV3605,0.0,0,3,tree 54
SNV3611,0.0,0,3,tree 54
SNV3613,0.0,0,3,tree 54
SNV3622,0.0,0,3,tree 54
SNV3625,0.0,0,3,tree 54
SNV3641,0.0,0,3,tree 54
SNV3654,0.0,0,3,tree 54
SNV3658,0.0,0,3,tree 54
SNV3674,0.0,0,3,tree 54
SNV3702,0.0,0,3,tree 54
SNV3716,0.0,0,3,tree 54
SNV3731,0.0,0,3,tree 54
SNV3814,0.0,0,3,tree 54
SNV3831,0.0,0,3,tree 54
SNV3836,0.0,0,3,tree 54
SNV3848,0.0,0,3,tree 54
SNV3872,0.0,0,3,tree 54
SNV3896,0.0,0,3,tree 54
SNV3903,0.0,0,3,tree 54
SNV3910,0.0,0,3,tree 54
SNV3916,0.0,0,3,tree 54
SNV3945,0.0,0,3,tree 54
SNV3947,0.0,0,3,tree 54
SNV3948,0.0,0,3,tree 54
SNV3952,0.0392156862745098,0,3,tree 54
SNV3960,0.0,0,3,tree 54
SNV3968,0.0,0,3,tree 54
SNV3982,0.0,0,3,tree 54
SNV3984,0.0,0,3,tree 54
SNV3989,0.0,0,3,tree 54
SNV3996,0.0,0,3,tree 54
SNV4009,0.0,0,3,tree 54
SNV4033,0.0,0,3,tree 54
SNV4039,0.0,0,3,tree 54
SNV4041,0.0,0,3,tree 54
SNV4045,0.0,0,3,tree 54
SNV4052,0.0,0,3,tree 54
SNV4058,0.0,0,3,tree 54
SNV4067,0.0,0,3,tree 54
SNV4071,0.0,0,3,tree 54
SNV4076,0.0140845070422535,0,3,tree 54
SNV4078,0.0,0,3,tree 54
SNV4130,0.0,0,3,tree 54
SNV4159,0.0,0,3,tree 54
SNV4170,0.0,0,3,tree 54
SNV4179,0.0,0,3,tree 54
SNV4180,0.0,0,3,tree 54
SNV4188,0.0,0,3,tree 54
SNV4211,0.0,0,3,tree 54
SNV4284,0.0,0,3,tree 54
SNV4302,0.0,0,3,tree 54
SNV4311,0.0,0,3,tree 54
SNV4328,0.0,0,3,tree 54
SNV4356,0.0,0,3,tree 54
SNV4365,0.0,0,3,tree 54
SNV4375,0.0,0,3,tree 54
SNV4407,0.0142857142857142,0,3,tree 54
SNV4452,0.0,0,3,tree 54
SNV4495,0.0140845070422535,0,3,tree 54
SNV4496,0.0,0,3,tree 54
SNV4509,0.0,0,3,tree 54
SNV4510,0.0,0,3,tree 54
SNV4528,0.0,0,3,tree 54
SNV4539,0.0,0,3,tree 54
SNV4547,0.0,0,3,tree 54
SNV4549,0.0104166666666666,0,3,tree 54
SNV4576,0.0,0,3,tree 54
SNV4581,0.0,0,3,tree 54
SNV4586,0.0,0,3,tree 54
SNV4592,0.0,0,3,tree 54
SNV4625,0.0,0,3,tree 54
SNV4634,0.0,0,3,tree 54
SNV4670,0.0,0,3,tree 54
SNV4682,0.0,0,3,tree 54
SNV4688,0.0,0,3,tree 54
SNV4731,0.0,0,3,tree 54
SNV4735,0.0,0,3,tree 54
SNV4741,0.0,0,3,tree 54
SNV4742,0.0,0,3,tree 54
SNV4744,0.0178571428571428,0,3,tree 54
SNV4750,0.0,0,3,tree 54
SNV4811,0.0,0,3,tree 54
SNV4814,0.0,0,3,tree 54
SNV4829,0.0,0,3,tree 54
SNV4846,0.0,0,3,tree 54
SNV4847,0.0285714285714285,0,3,tree 54
SNV4849,0.0,0,3,tree 54
SNV4851,0.0,0,3,tree 54
SNV4852,0.0,0,3,tree 54
SNV4860,0.0,0,3,tree 54
SNV4869,0.0,0,3,tree 54
SNV4886,0.0,0,3,tree 54
SNV4953,0.0,0,3,tree 54
SNV4979,0.0,0,3,tree 54
SNV4980,0.0,0,3,tree 54
SNV4982,0.0,0,3,tree 54
SNV4984,0.0,0,3,tree 54
SNV4985,0.0,0,3,tree 54
SNV4989,0.0,0,3,tree 54
SNV5011,0.0,0,3,tree 54
SNV5021,0.0074626865671641,0,3,tree 54
SNV5023,0.0,0,3,tree 54
SNV5030,0.0,0,3,tree 54
SNV5032,0.0,0,3,tree 54
SNV5038,0.0,0,3,tree 54
SNV5048,0.0,0,3,tree 54
SNV5053,0.0,0,3,tree 54
SNV5056,0.0,0,3,tree 54
SNV5060,0.0,0,3,tree 54
SNV5070,0.0,0,3,tree 54
SNV5082,0.0,0,3,tree 54
SNV5090,0.0,0,3,tree 54
SNV5093,0.0,0,3,tree 54
SNV5096,0.0,0,3,tree 54
SNV5097,0.0,0,3,tree 54
SNV5099,0.0,0,3,tree 54
SNV5124,0.0,0,3,tree 54
SNV5130,0.0,0,3,tree 54
SNV5142,0.0,0,3,tree 54
SNV5175,0.0,0,3,tree 54
SNV5178,0.0,0,3,tree 54
SNV5196,0.0,0,3,tree 54
SNV5215,0.0,0,3,tree 54
SNV5240,0.0,0,3,tree 54
SNV5248,0.025,0,3,tree 54
SNV5254,0.0,0,3,tree 54
SNV5269,0.0,0,3,tree 54
SNV5280,0.0,0,3,tree 54
SNV5283,0.0,0,3,tree 54
SNV5291,0.0,0,3,tree 54
SNV5332,0.0,0,3,tree 54
SNV5334,0.0,0,3,tree 54
SNV5340,0.0,0,3,tree 54
SNV5341,0.0,0,3,tree 54
SNV5345,0.0,0,3,tree 54
SNV5348,0.0,0,3,tree 54
SNV5360,0.0,0,3,tree 54
SNV5383,0.0,0,3,tree 54
SNV5390,0.0,0,3,tree 54
SNV5392,0.0,0,3,tree 54
SNV5465,0.0,0,3,tree 54
SNV5468,0.0,0,3,tree 54
SNV5475,0.0,0,3,tree 54
SNV5478,0.0,0,3,tree 54
SNV5502,0.0,0,3,tree 54
SNV5503,0.0,0,3,tree 54
SNV5505,0.0,0,3,tree 54
SNV5515,0.0,0,3,tree 54
SNV5524,0.0,0,3,tree 54
SNV5547,0.0,0,3,tree 54
SNV5550,0.0,0,3,tree 54
SNV5552,0.0,0,3,tree 54
SNV5562,0.0,0,3,tree 54
SNV5571,0.0,0,3,tree 54
SNV5592,0.0,0,3,tree 54
SNV5602,0.0,0,3,tree 54
SNV5665,0.0,0,3,tree 54
SNV5673,0.0,0,3,tree 54
SNV5675,0.0,0,3,tree 54
SNV5677,0.0,0,3,tree 54
SNV5679,0.0,0,3,tree 54
SNV5680,0.0,0,3,tree 54
SNV5682,0.0,0,3,tree 54
SNV5711,0.0,0,3,tree 54
SNV5724,0.0,0,3,tree 54
SNV5744,0.0,0,3,tree 54
SNV5759,0.0,0,3,tree 54
SNV5771,0.0,0,3,tree 54
SNV5785,0.0,0,3,tree 54
SNV5859,0.0,0,3,tree 54
SNV5862,0.0,0,3,tree 54
SNV5880,0.0,0,3,tree 54
SNV5886,0.0,0,3,tree 54
SNV5901,0.0,0,3,tree 54
SNV5902,0.0,0,3,tree 54
SNV5912,0.0,0,3,tree 54
SNV5913,0.0,0,3,tree 54
SNV5917,0.0,0,3,tree 54
SNV5930,0.0,0,3,tree 54
SNV5940,0.0,0,3,tree 54
SNV5947,0.0,0,3,tree 54
SNV5963,0.0,0,3,tree 54
SNV5973,0.0,0,3,tree 54
SNV5978,0.0,0,3,tree 54
SNV5980,0.0,0,3,tree 54
SNV5982,0.0,0,3,tree 54
SNV6018,0.0,0,3,tree 54
SNV6023,0.0,0,3,tree 54
SNV6025,0.0,0,3,tree 54
SNV6032,0.0,0,3,tree 54
SNV6056,0.0,0,3,tree 54
SNV6058,0.0,0,3,tree 54
SNV6065,0.0,0,3,tree 54
SNV6073,0.0,0,3,tree 54
SNV6074,0.0,0,3,tree 54
SNV6083,0.0,0,3,tree 54
SNV6086,0.0,0,3,tree 54
SNV6087,0.0,0,3,tree 54
SNV6102,0.0,0,3,tree 54
SNV6103,0.0,0,3,tree 54
SNV6109,0.0,0,3,tree 54
SNV6126,0.0,0,3,tree 54
SNV6139,0.0,0,3,tree 54
SNV6148,0.0,0,3,tree 54
SNV6149,0.0,0,3,tree 54
SNV6150,0.0,0,3,tree 54
SNV6151,0.0,0,3,tree 54
SNV6152,0.0,0,3,tree 54
SNV6155,0.0,0,3,tree 54
SNV6170,0.0,0,3,tree 54
SNV6192,0.0,0,3,tree 54
SNV6197,0.0,0,3,tree 54
SNV6221,0.0,0,3,tree 54
SNV6224,0.0,0,3,tree 54
SNV6226,0.0,0,3,tree 54
SNV6230,0.0,0,3,tree 54
SNV6231,0.0,0,3,tree 54
SNV6234,0.0,0,3,tree 54
SNV6235,0.0,0,3,tree 54
SNV6238,0.0,0,3,tree 54
SNV6247,0.0,0,3,tree 54
SNV6276,0.0,0,3,tree 54
SNV6283,0.0,0,3,tree 54
SNV6292,0.0151515151515151,0,3,tree 54
SNV6296,0.0,0,3,tree 54
SNV6309,0.0,0,3,tree 54
SNV6315,0.0,0,3,tree 54
SNV6317,0.0,0,3,tree 54
SNV6326,0.0,0,3,tree 54
SNV6327,0.0,0,3,tree 54
SNV6343,0.0,0,3,tree 54
SNV6350,0.0,0,3,tree 54
SNV6352,0.0,0,3,tree 54
SNV6360,0.0,0,3,tree 54
SNV6362,0.0,0,3,tree 54
SNV6367,0.0,0,3,tree 54
SNV6372,0.0,0,3,tree 54
SNV6393,0.0,0,3,tree 54
SNV6394,0.0,0,3,tree 54
SNV6402,0.0,0,3,tree 54
SNV6406,0.0,0,3,tree 54
SNV6430,0.0,0,3,tree 54
SNV6440,0.0,0,3,tree 54
SNV6451,0.0,0,3,tree 54
SNV6459,0.0,0,3,tree 54
SNV6461,0.0,0,3,tree 54
SNV6462,0.0,0,3,tree 54
SNV6475,0.0,0,3,tree 54
SNV6481,0.0,0,3,tree 54
SNV6484,0.0,0,3,tree 54
SNV6520,0.0,0,3,tree 54
SNV6569,0.0,0,3,tree 54
SNV6595,0.0,0,3,tree 54
SNV6609,0.0,0,3,tree 54
SNV6637,0.0,0,3,tree 54
SNV6646,0.0,0,3,tree 54
SNV6653,0.0,0,3,tree 54
SNV6671,0.0,0,3,tree 54
SNV6712,0.0,0,3,tree 54
SNV6737,0.0,0,3,tree 54
SNV6750,0.0,0,3,tree 54
SNV6770,0.0,0,3,tree 54
SNV6775,0.0,0,3,tree 54
SNV6788,0.0,0,3,tree 54
SNV6799,0.0,0,3,tree 54
SNV6817,0.0,0,3,tree 54
SNV6829,0.0,0,3,tree 54
SNV6832,0.0,0,3,tree 54
SNV6838,0.0,0,3,tree 54
SNV6855,0.0,0,3,tree 54
SNV6858,0.0,0,3,tree 54
SNV6884,0.0,0,3,tree 54
SNV6885,0.0,0,3,tree 54
SNV6893,0.0,0,3,tree 54
SNV6902,0.0208333333333333,0,3,tree 54
SNV6910,0.0,0,3,tree 54
SNV6921,0.0151515151515151,0,3,tree 54
SNV6950,0.0,0,3,tree 54
SNV6965,0.0,0,3,tree 54
SNV6975,0.0,0,3,tree 54
SNV6979,0.0,0,3,tree 54
SNV6982,0.0,0,3,tree 54
SNV6983,0.0,0,3,tree 54
SNV7004,0.0,0,3,tree 54
SNV7017,0.0,0,3,tree 54
SNV7034,0.0,0,3,tree 54
SNV7036,0.0,0,3,tree 54
SNV7040,0.0,0,3,tree 54
SNV7046,0.0,0,3,tree 54
SNV7049,0.0,0,3,tree 54
SNV7051,0.0,0,3,tree 54
SNV7075,0.0,0,3,tree 54
SNV7095,0.0,0,3,tree 54
SNV7120,0.0,0,3,tree 54
SNV7134,0.0,0,3,tree 54
SNV7142,0.0,0,3,tree 54
SNV7143,0.0,0,3,tree 54
SNV7151,0.0,0,3,tree 54
SNV7153,0.0,0,3,tree 54
SNV7175,0.0,0,3,tree 54
SNV7176,0.0,0,3,tree 54
SNV7178,0.0,0,3,tree 54
SNV7185,0.0,0,3,tree 54
SNV7188,0.0,0,3,tree 54
SNV7198,0.0,0,3,tree 54
SNV7199,0.0,0,3,tree 54
SNV7201,0.0,0,3,tree 54
SNV7205,0.0,0,3,tree 54
SNV7206,0.0,0,3,tree 54
SNV7211,0.0,0,3,tree 54
SNV7224,0.0,0,3,tree 54
SNV7225,0.0,0,3,tree 54
SNV7248,0.0,0,3,tree 54
SNV7255,0.0,0,3,tree 54
SNV7262,0.0,0,3,tree 54
SNV7270,0.0,0,3,tree 54
SNV7279,0.0,0,3,tree 54
SNV7286,0.0,0,3,tree 54
SNV7307,0.0,0,3,tree 54
SNV7309,0.0,0,3,tree 54
SNV7312,0.0,0,3,tree 54
SNV7321,0.0,0,3,tree 54
SNV7325,0.0,0,3,tree 54
SNV7326,0.0,0,3,tree 54
SNV7334,0.0,0,3,tree 54
SNV7348,0.0,0,3,tree 54
SNV7352,0.0,0,3,tree 54
SNV7353,0.0,0,3,tree 54
SNV7366,0.0,0,3,tree 54
SNV7369,0.0,0,3,tree 54
SNV7378,0.0,0,3,tree 54
SNV7388,0.0,0,3,tree 54
SNV7403,0.0,0,3,tree 54
SNV7418,0.0,0,3,tree 54
SNV7422,0.0,0,3,tree 54
SNV7426,0.0,0,3,tree 54
SNV7430,0.0,0,3,tree 54
SNV7433,0.0151515151515151,0,3,tree 54
SNV7434,0.0,0,3,tree 54
SNV7437,0.0,0,3,tree 54
SNV7475,0.0,0,3,tree 54
SNV7484,0.0,0,3,tree 54
SNV7487,0.0,0,3,tree 54
SNV7490,0.0,0,3,tree 54
SNV7498,0.0,0,3,tree 54
SNV7508,0.0,0,3,tree 54
SNV7522,0.0,0,3,tree 54
SNV7538,0.0,0,3,tree 54
SNV7543,0.0,0,3,tree 54
SNV7546,0.0,0,3,tree 54
SNV7559,0.0,0,3,tree 54
SNV7578,0.0,0,3,tree 54
SNV7601,0.0,0,3,tree 54
SNV7610,0.0,0,3,tree 54
SNV7627,0.0,0,3,tree 54
SNV7652,0.0,0,3,tree 54
SNV7653,0.0,0,3,tree 54
SNV7656,0.0178571428571428,0,3,tree 54
SNV7667,0.0,0,3,tree 54
SNV7689,0.0,0,3,tree 54
SNV7691,0.0,0,3,tree 54
SNV7714,0.0,0,3,tree 54
SNV7728,0.0,0,3,tree 54
SNV7739,0.0,0,3,tree 54
SNV7741,0.0,0,3,tree 54
SNV7756,0.0,0,3,tree 54
SNV7757,0.0,0,3,tree 54
SNV7772,0.0,0,3,tree 54
SNV7775,0.0,0,3,tree 54
SNV7787,0.0,0,3,tree 54
SNV7798,0.0,0,3,tree 54
SNV7802,0.0,0,3,tree 54
SNV7804,0.0,0,3,tree 54
SNV7813,0.0,0,3,tree 54
SNV7831,0.0,0,3,tree 54
SNV7837,0.0,0,3,tree 54
SNV7841,0.0,0,3,tree 54
SNV7860,0.0,0,3,tree 54
SNV7868,0.0112359550561797,0,3,tree 54
SNV7873,0.0,0,3,tree 54
SNV7878,0.0105263157894736,0,3,tree 54
SNV7880,0.0,0,3,tree 54
SNV7883,0.0097087378640776,0,3,tree 54
SNV7895,0.0,0,3,tree 54
SNV7896,0.0,0,3,tree 54
SNV7940,0.0,0,3,tree 54
SNV7953,0.0,0,3,tree 54
SNV7981,0.0,0,3,tree 54
SNV7982,0.0,0,3,tree 54
SNV7984,0.0,0,3,tree 54
SNV8025,0.0,0,3,tree 54
SNV8067,0.0,0,3,tree 54
SNV8101,0.0,0,3,tree 54
SNV8109,0.0,0,3,tree 54
SNV8118,0.0,0,3,tree 54
SNV8127,0.0,0,3,tree 54
SNV8131,0.0,0,3,tree 54
SNV8146,0.0303030303030303,0,3,tree 54
SNV8149,0.0,0,3,tree 54
SNV8174,0.0,0,3,tree 54
SNV8191,0.0,0,3,tree 54
SNV8198,0.0,0,3,tree 54
SNV8201,0.0,0,3,tree 54
SNV8206,0.0105263157894736,0,3,tree 54
SNV8211,0.0,0,3,tree 54
SNV8217,0.0,0,3,tree 54
SNV8233,0.0,0,3,tree 54
SNV8267,0.0,0,3,tree 54
SNV8271,0.0,0,3,tree 54
SNV8272,0.0,0,3,tree 54
SNV8277,0.0,0,3,tree 54
SNV8286,0.0,0,3,tree 54
SNV8310,0.0,0,3,tree 54
SNV8313,0.0,0,3,tree 54
SNV8323,0.0,0,3,tree 54
SNV8340,0.0,0,3,tree 54
SNV8350,0.0,0,3,tree 54
SNV8373,0.0,0,3,tree 54
SNV8403,0.0,0,3,tree 54
SNV8415,0.0,0,3,tree 54
SNV8432,0.0,0,3,tree 54
SNV8454,0.0,0,3,tree 54
SNV8476,0.0,0,3,tree 54
SNV8485,0.0,0,3,tree 54
SNV8488,0.0175438596491228,0,3,tree 54
SNV8494,0.0,0,3,tree 54
SNV8512,0.0,0,3,tree 54
SNV8521,0.0,0,3,tree 54
SNV8528,0.0,0,3,tree 54
SNV8536,0.0238095238095238,0,3,tree 54
SNV8553,0.0,0,3,tree 54
SNV8560,0.0,0,3,tree 54
SNV8565,0.0,0,3,tree 54
SNV8577,0.0,0,3,tree 54
SNV8578,0.0,0,3,tree 54
SNV8587,0.0,0,3,tree 54
SNV8601,0.0,0,3,tree 54
SNV8619,0.0,0,3,tree 54
SNV8636,0.0,0,3,tree 54
SNV8638,0.0,0,3,tree 54
SNV8657,0.0,0,3,tree 54
SNV8662,0.0,0,3,tree 54
SNV8675,0.0,0,3,tree 54
SNV8689,0.0,0,3,tree 54
SNV8702,0.0,0,3,tree 54
SNV8709,0.0,0,3,tree 54
SNV8721,0.0,0,3,tree 54
SNV8725,0.0065359477124183,0,3,tree 54
SNV8732,0.0,0,3,tree 54
SNV8735,0.0,0,3,tree 54
SNV8750,0.0,0,3,tree 54
SNV8756,0.0,0,3,tree 54
SNV8758,0.0,0,3,tree 54
SNV8771,0.0,0,3,tree 54
SNV8781,0.0,0,3,tree 54
SNV8782,0.0,0,3,tree 54
SNV8788,0.0,0,3,tree 54
SNV8811,0.0,0,3,tree 54
SNV8815,0.0,0,3,tree 54
SNV8819,0.0,0,3,tree 54
SNV8826,0.0,0,3,tree 54
SNV8828,0.0,0,3,tree 54
SNV8854,0.0,0,3,tree 54
SNV8868,0.0,0,3,tree 54
SNV8880,0.0,0,3,tree 54
SNV8893,0.0,0,3,tree 54
SNV8895,0.0,0,3,tree 54
SNV8903,0.0,0,3,tree 54
SNV8914,0.0,0,3,tree 54
SNV8929,0.0,0,3,tree 54
SNV8945,0.0,0,3,tree 54
SNV8952,0.0,0,3,tree 54
SNV8956,0.0,0,3,tree 54
SNV8974,0.0,0,3,tree 54
SNV8996,0.0,0,3,tree 54
SNV8999,0.0,0,3,tree 54
SNV9034,0.0,0,3,tree 54
SNV9044,0.0,0,3,tree 54
SNV9047,0.0,0,3,tree 54
SNV9049,0.0,0,3,tree 54
SNV9059,0.0,0,3,tree 54
SNV9062,0.0,0,3,tree 54
SNV9078,0.0,0,3,tree 54
SNV9091,0.0,0,3,tree 54
SNV9100,0.0,0,3,tree 54
SNV9117,0.0,0,3,tree 54
SNV9125,0.0,0,3,tree 54
SNV9127,0.0,0,3,tree 54
SNV9173,0.0,0,3,tree 54
SNV9177,0.0,0,3,tree 54
SNV9180,0.0,0,3,tree 54
SNV9211,0.0,0,3,tree 54
SNV9237,0.0,0,3,tree 54
SNV9239,0.0217391304347826,0,3,tree 54
SNV9254,0.0,0,3,tree 54
SNV9291,0.0,0,3,tree 54
SNV9306,0.0,0,3,tree 54
SNV9467,0.0,0,3,tree 54
SNV5,0.75,1,3,tree 54
SNV16,0.5,1,3,tree 54
SNV26,0.3333333333333333,1,3,tree 54
SNV33,0.4285714285714285,1,3,tree 54
SNV52,0.1666666666666666,1,3,tree 54
SNV56,0.5,1,3,tree 54
SNV59,0.3333333333333333,1,3,tree 54
SNV61,0.3333333333333333,1,3,tree 54
SNV72,0.4444444444444444,1,3,tree 54
SNV83,0.375,1,3,tree 54
SNV89,0.2857142857142857,1,3,tree 54
SNV91,0.6,1,3,tree 54
SNV99,0.6666666666666666,1,3,tree 54
SNV108,0.6,1,3,tree 54
SNV109,0.5,1,3,tree 54
SNV152,0.25,1,3,tree 54
SNV173,0.6666666666666666,1,3,tree 54
SNV183,0.5,1,3,tree 54
SNV192,0.6666666666666666,1,3,tree 54
SNV193,0.75,1,3,tree 54
SNV198,0.3571428571428571,1,3,tree 54
SNV203,0.3333333333333333,1,3,tree 54
SNV208,0.75,1,3,tree 54
SNV214,0.6,1,3,tree 54
SNV228,1.0,1,3,tree 54
SNV231,0.5,1,3,tree 54
SNV234,0.6666666666666666,1,3,tree 54
SNV244,0.3333333333333333,1,3,tree 54
SNV269,0.3333333333333333,1,3,tree 54
SNV279,0.5,1,3,tree 54
SNV286,0.6,1,3,tree 54
SNV291,0.3333333333333333,1,3,tree 54
SNV294,0.75,1,3,tree 54
SNV300,0.5714285714285714,1,3,tree 54
SNV305,0.2857142857142857,1,3,tree 54
SNV308,0.3333333333333333,1,3,tree 54
SNV313,0.25,1,3,tree 54
SNV317,0.3,1,3,tree 54
SNV322,0.5555555555555556,1,3,tree 54
SNV323,0.5,1,3,tree 54
SNV338,0.5,1,3,tree 54
SNV346,0.6666666666666666,1,3,tree 54
SNV357,1.0,1,3,tree 54
SNV360,0.2,1,3,tree 54
SNV371,0.3333333333333333,1,3,tree 54
SNV373,0.5714285714285714,1,3,tree 54
SNV375,1.0,1,3,tree 54
SNV381,1.0,1,3,tree 54
SNV382,0.75,1,3,tree 54
SNV391,0.5,1,3,tree 54
SNV397,0.5,1,3,tree 54
SNV398,0.125,1,3,tree 54
SNV404,0.5,1,3,tree 54
SNV411,1.0,1,3,tree 54
SNV426,0.25,1,3,tree 54
SNV444,0.5,1,3,tree 54
SNV449,1.0,1,3,tree 54
SNV462,0.4,1,3,tree 54
SNV467,0.6,1,3,tree 54
SNV478,0.2,1,3,tree 54
SNV504,0.25,1,3,tree 54
SNV541,0.5,1,3,tree 54
SNV542,0.5,1,3,tree 54
SNV556,0.2222222222222222,1,3,tree 54
SNV578,1.0,1,3,tree 54
SNV584,0.6666666666666666,1,3,tree 54
SNV596,0.25,1,3,tree 54
SNV601,0.8571428571428571,1,3,tree 54
SNV616,0.3333333333333333,1,3,tree 54
SNV636,0.5555555555555556,1,3,tree 54
SNV653,0.8,1,3,tree 54
SNV660,0.3333333333333333,1,3,tree 54
SNV680,0.7142857142857143,1,3,tree 54
SNV685,0.5,1,3,tree 54
SNV707,1.0,1,3,tree 54
SNV708,0.8,1,3,tree 54
SNV709,0.75,1,3,tree 54
SNV715,0.3333333333333333,1,3,tree 54
SNV732,0.4444444444444444,1,3,tree 54
SNV784,0.4,1,3,tree 54
SNV790,0.25,1,3,tree 54
SNV791,0.1666666666666666,1,3,tree 54
SNV796,0.5,1,3,tree 54
SNV807,0.6666666666666666,1,3,tree 54
SNV816,0.25,1,3,tree 54
SNV822,0.2727272727272727,1,3,tree 54
SNV852,0.8,1,3,tree 54
SNV901,0.3333333333333333,1,3,tree 54
SNV908,0.4166666666666667,1,3,tree 54
SNV919,0.3333333333333333,1,3,tree 54
SNV926,0.2727272727272727,1,3,tree 54
SNV933,0.3333333333333333,1,3,tree 54
SNV948,0.3333333333333333,1,3,tree 54
SNV959,0.5555555555555556,1,3,tree 54
SNV973,0.3333333333333333,1,3,tree 54
SNV975,0.25,1,3,tree 54
SNV993,0.1666666666666666,1,3,tree 54
SNV1018,0.6,1,3,tree 54
SNV1052,0.2222222222222222,1,3,tree 54
SNV1053,0.75,1,3,tree 54
SNV1058,0.6,1,3,tree 54
SNV1059,0.4,1,3,tree 54
SNV1060,0.2,1,3,tree 54
SNV1061,0.4285714285714285,1,3,tree 54
SNV1062,0.625,1,3,tree 54
SNV1068,0.6666666666666666,1,3,tree 54
SNV1091,0.5,1,3,tree 54
SNV1094,0.3333333333333333,1,3,tree 54
SNV1100,0.25,1,3,tree 54
SNV1112,0.5,1,3,tree 54
SNV1128,0.5,1,3,tree 54
SNV1147,1.0,1,3,tree 54
SNV1164,0.2857142857142857,1,3,tree 54
SNV1165,0.3333333333333333,1,3,tree 54
SNV1187,1.0,1,3,tree 54
SNV1191,0.6666666666666666,1,3,tree 54
SNV1193,0.1428571428571428,1,3,tree 54
SNV1217,0.3333333333333333,1,3,tree 54
SNV1218,0.1428571428571428,1,3,tree 54
SNV1222,0.5,1,3,tree 54
SNV1276,0.4,1,3,tree 54
SNV1286,0.3333333333333333,1,3,tree 54
SNV1289,0.5,1,3,tree 54
SNV1290,0.3333333333333333,1,3,tree 54
SNV1303,0.3333333333333333,1,3,tree 54
SNV1305,0.4285714285714285,1,3,tree 54
SNV1335,0.2222222222222222,1,3,tree 54
SNV1338,0.2857142857142857,1,3,tree 54
SNV1351,0.25,1,3,tree 54
SNV1367,0.8333333333333334,1,3,tree 54
SNV1396,1.0,1,3,tree 54
SNV1399,0.4,1,3,tree 54
SNV1445,0.5,1,3,tree 54
SNV1508,0.5,1,3,tree 54
SNV1509,0.1666666666666666,1,3,tree 54
SNV1514,0.6666666666666666,1,3,tree 54
SNV1516,0.4,1,3,tree 54
SNV1560,0.25,1,3,tree 54
SNV1562,0.0,1,3,tree 54
SNV1578,0.6,1,3,tree 54
SNV1582,0.125,1,3,tree 54
SNV1614,0.2222222222222222,1,3,tree 54
SNV1644,0.5,1,3,tree 54
SNV1652,0.25,1,3,tree 54
SNV1662,0.25,1,3,tree 54
SNV1671,0.4285714285714285,1,3,tree 54
SNV1675,0.4,1,3,tree 54
SNV1676,0.25,1,3,tree 54
SNV1712,0.375,1,3,tree 54
SNV1728,0.5,1,3,tree 54
SNV1729,0.1428571428571428,1,3,tree 54
SNV1733,0.2857142857142857,1,3,tree 54
SNV1735,0.8333333333333334,1,3,tree 54
SNV1738,0.8,1,3,tree 54
SNV1777,1.0,1,3,tree 54
SNV1780,0.25,1,3,tree 54
SNV1789,0.2,1,3,tree 54
SNV1795,0.5714285714285714,1,3,tree 54
SNV1799,0.75,1,3,tree 54
SNV1808,0.8333333333333334,1,3,tree 54
SNV1817,0.3333333333333333,1,3,tree 54
SNV1821,0.3333333333333333,1,3,tree 54
SNV1835,0.0625,1,3,tree 54
SNV1853,0.2,1,3,tree 54
SNV1858,0.1666666666666666,1,3,tree 54
SNV1862,0.7272727272727273,1,3,tree 54
SNV1868,0.1818181818181818,1,3,tree 54
SNV1873,0.125,1,3,tree 54
SNV1882,0.5,1,3,tree 54
SNV1886,0.2222222222222222,1,3,tree 54
SNV1889,0.4,1,3,tree 54
SNV1907,0.2105263157894736,1,3,tree 54
SNV1918,0.4285714285714285,1,3,tree 54
SNV1926,0.0769230769230769,1,3,tree 54
SNV1933,0.3333333333333333,1,3,tree 54
SNV1934,0.2,1,3,tree 54
SNV1951,0.3684210526315789,1,3,tree 54
SNV1960,0.1,1,3,tree 54
SNV1973,0.2,1,3,tree 54
SNV1977,0.4444444444444444,1,3,tree 54
SNV1980,0.125,1,3,tree 54
SNV1989,0.2222222222222222,1,3,tree 54
SNV1998,0.0769230769230769,1,3,tree 54
SNV2020,0.2727272727272727,1,3,tree 54
SNV2030,0.6666666666666666,1,3,tree 54
SNV2035,0.2727272727272727,1,3,tree 54
SNV2064,0.2307692307692307,1,3,tree 54
SNV2099,0.2307692307692307,1,3,tree 54
SNV2120,0.125,1,3,tree 54
SNV2123,0.1538461538461538,1,3,tree 54
SNV2135,0.125,1,3,tree 54
SNV2186,0.3,1,3,tree 54
SNV2188,0.25,1,3,tree 54
SNV2193,0.6363636363636364,1,3,tree 54
SNV2195,0.25,1,3,tree 54
SNV2202,0.3,1,3,tree 54
SNV2229,0.2857142857142857,1,3,tree 54
SNV2251,0.3333333333333333,1,3,tree 54
SNV2265,0.5,1,3,tree 54
SNV2266,0.125,1,3,tree 54
SNV2286,1.0,1,3,tree 54
SNV2292,0.3333333333333333,1,3,tree 54
SNV2307,0.7,1,3,tree 54
SNV2334,0.1428571428571428,1,3,tree 54
SNV2342,0.2,1,3,tree 54
SNV2345,0.6,1,3,tree 54
SNV2347,0.5,1,3,tree 54
SNV2362,0.2,1,3,tree 54
SNV2365,0.6,1,3,tree 54
SNV2380,0.1666666666666666,1,3,tree 54
SNV2392,0.1666666666666666,1,3,tree 54
SNV2404,0.4,1,3,tree 54
SNV2413,0.5454545454545454,1,3,tree 54
SNV2466,0.5,1,3,tree 54
SNV2502,0.2727272727272727,1,3,tree 54
SNV2521,0.75,1,3,tree 54
SNV2525,0.1666666666666666,1,3,tree 54
SNV2526,0.4285714285714285,1,3,tree 54
SNV2538,0.25,1,3,tree 54
SNV2543,0.25,1,3,tree 54
SNV2544,0.5714285714285714,1,3,tree 54
SNV2548,0.5,1,3,tree 54
SNV2551,0.4,1,3,tree 54
SNV2552,0.6666666666666666,1,3,tree 54
SNV2554,0.25,1,3,tree 54
SNV2564,0.25,1,3,tree 54
SNV2579,1.0,1,3,tree 54
SNV2587,0.25,1,3,tree 54
SNV2591,0.2857142857142857,1,3,tree 54
SNV2606,1.0,1,3,tree 54
SNV2639,0.6666666666666666,1,3,tree 54
SNV2645,1.0,1,3,tree 54
SNV2651,0.3333333333333333,1,3,tree 54
SNV2656,0.2857142857142857,1,3,tree 54
SNV2660,0.6666666666666666,1,3,tree 54
SNV2662,0.3333333333333333,1,3,tree 54
SNV2677,0.3333333333333333,1,3,tree 54
SNV2678,0.4444444444444444,1,3,tree 54
SNV2683,1.0,1,3,tree 54
SNV2704,0.4,1,3,tree 54
SNV2725,0.5454545454545454,1,3,tree 54
SNV2727,0.3333333333333333,1,3,tree 54
SNV2732,0.25,1,3,tree 54
SNV2741,0.1818181818181818,1,3,tree 54
SNV2748,0.1666666666666666,1,3,tree 54
SNV2769,0.75,1,3,tree 54
SNV2770,0.4,1,3,tree 54
SNV2783,0.2,1,3,tree 54
SNV2785,0.1818181818181818,1,3,tree 54
SNV2813,0.5,1,3,tree 54
SNV2818,0.25,1,3,tree 54
SNV2834,0.2,1,3,tree 54
SNV2858,0.25,1,3,tree 54
SNV2859,0.25,1,3,tree 54
SNV2868,0.5,1,3,tree 54
SNV2879,0.5714285714285714,1,3,tree 54
SNV2880,1.0,1,3,tree 54
SNV2893,0.25,1,3,tree 54
SNV2894,0.2,1,3,tree 54
SNV2896,0.5454545454545454,1,3,tree 54
SNV2898,0.5,1,3,tree 54
SNV2901,0.4285714285714285,1,3,tree 54
SNV2924,0.2222222222222222,1,3,tree 54
SNV2936,0.5,1,3,tree 54
SNV2940,0.5,1,3,tree 54
SNV2942,1.0,1,3,tree 54
SNV2952,0.5,1,3,tree 54
SNV2956,0.4,1,3,tree 54
SNV2958,0.75,1,3,tree 54
SNV3026,0.6,1,3,tree 54
SNV3053,0.4,1,3,tree 54
SNV3059,0.25,1,3,tree 54
SNV3061,0.6666666666666666,1,3,tree 54
SNV3077,0.5,1,3,tree 54
SNV3104,0.3846153846153846,1,3,tree 54
SNV3180,0.2857142857142857,1,3,tree 54
SNV3193,0.6666666666666666,1,3,tree 54
SNV3196,0.2857142857142857,1,3,tree 54
SNV3201,0.4545454545454545,1,3,tree 54
SNV3203,0.2222222222222222,1,3,tree 54
SNV3211,0.3333333333333333,1,3,tree 54
SNV3212,0.2,1,3,tree 54
SNV3215,0.1111111111111111,1,3,tree 54
SNV3235,0.25,1,3,tree 54
SNV3246,0.3333333333333333,1,3,tree 54
SNV3247,0.5,1,3,tree 54
SNV3249,0.1578947368421052,1,3,tree 54
SNV3252,0.5,1,3,tree 54
SNV3254,0.2,1,3,tree 54
SNV3258,0.3333333333333333,1,3,tree 54
SNV3274,0.4444444444444444,1,3,tree 54
SNV3289,0.4285714285714285,1,3,tree 54
SNV3293,0.1666666666666666,1,3,tree 54
SNV3323,0.2,1,3,tree 54
SNV3338,0.2,1,3,tree 54
SNV3342,0.5,1,3,tree 54
SNV3343,0.1428571428571428,1,3,tree 54
SNV3347,0.2857142857142857,1,3,tree 54
SNV3349,0.3636363636363636,1,3,tree 54
SNV3363,0.5,1,3,tree 54
SNV3365,0.1428571428571428,1,3,tree 54
SNV3386,0.1538461538461538,1,3,tree 54
SNV3397,0.5,1,3,tree 54
SNV3402,0.7142857142857143,1,3,tree 54
SNV3404,0.3333333333333333,1,3,tree 54
SNV3422,0.3333333333333333,1,3,tree 54
SNV3438,0.4,1,3,tree 54
SNV3460,0.5,1,3,tree 54
SNV3462,0.6,1,3,tree 54
SNV3472,0.5714285714285714,1,3,tree 54
SNV3479,0.4285714285714285,1,3,tree 54
SNV3493,0.8,1,3,tree 54
SNV3507,0.7142857142857143,1,3,tree 54
SNV3509,0.6666666666666666,1,3,tree 54
SNV3513,0.25,1,3,tree 54
SNV3526,1.0,1,3,tree 54
SNV3530,0.2,1,3,tree 54
SNV3531,0.2,1,3,tree 54
SNV3536,1.0,1,3,tree 54
SNV3543,0.75,1,3,tree 54
SNV3553,0.4285714285714285,1,3,tree 54
SNV3587,0.3333333333333333,1,3,tree 54
SNV3605,0.5,1,3,tree 54
SNV3611,0.1666666666666666,1,3,tree 54
SNV3613,0.5,1,3,tree 54
SNV3622,0.5,1,3,tree 54
SNV3625,0.4,1,3,tree 54
SNV3641,0.25,1,3,tree 54
SNV3654,1.0,1,3,tree 54
SNV3658,0.5,1,3,tree 54
SNV3674,0.6666666666666666,1,3,tree 54
SNV3702,0.5714285714285714,1,3,tree 54
SNV3716,0.5,1,3,tree 54
SNV3731,0.5555555555555556,1,3,tree 54
SNV3814,0.1428571428571428,1,3,tree 54
SNV3831,0.4,1,3,tree 54
SNV3836,0.6666666666666666,1,3,tree 54
SNV3848,0.25,1,3,tree 54
SNV3872,0.2857142857142857,1,3,tree 54
SNV3896,0.4444444444444444,1,3,tree 54
SNV3903,0.3333333333333333,1,3,tree 54
SNV3910,0.2727272727272727,1,3,tree 54
SNV3916,0.2,1,3,tree 54
SNV3945,0.6,1,3,tree 54
SNV3947,0.2,1,3,tree 54
SNV3948,0.2222222222222222,1,3,tree 54
SNV3952,0.2222222222222222,1,3,tree 54
SNV3960,0.2857142857142857,1,3,tree 54
SNV3968,0.1,1,3,tree 54
SNV3982,0.2727272727272727,1,3,tree 54
SNV3984,0.3333333333333333,1,3,tree 54
SNV3989,0.2,1,3,tree 54
SNV3996,0.1428571428571428,1,3,tree 54
SNV4009,0.1428571428571428,1,3,tree 54
SNV4033,0.2105263157894736,1,3,tree 54
SNV4039,0.2142857142857142,1,3,tree 54
SNV4041,0.25,1,3,tree 54
SNV4045,0.2,1,3,tree 54
SNV4052,0.3571428571428571,1,3,tree 54
SNV4058,0.2580645161290322,1,3,tree 54
SNV4067,0.25,1,3,tree 54
SNV4071,0.5,1,3,tree 54
SNV4076,0.6,1,3,tree 54
SNV4078,0.1538461538461538,1,3,tree 54
SNV4130,0.25,1,3,tree 54
SNV4159,0.2857142857142857,1,3,tree 54
SNV4170,0.4,1,3,tree 54
SNV4179,0.4,1,3,tree 54
SNV4180,0.4166666666666667,1,3,tree 54
SNV4188,0.2,1,3,tree 54
SNV4211,0.5,1,3,tree 54
SNV4284,0.8333333333333334,1,3,tree 54
SNV4302,0.4,1,3,tree 54
SNV4311,0.5,1,3,tree 54
SNV4328,0.1666666666666666,1,3,tree 54
SNV4356,0.75,1,3,tree 54
SNV4365,0.1764705882352941,1,3,tree 54
SNV4375,0.1111111111111111,1,3,tree 54
SNV4407,0.1,1,3,tree 54
SNV4452,0.3,1,3,tree 54
SNV4495,0.6153846153846154,1,3,tree 54
SNV4496,0.3333333333333333,1,3,tree 54
SNV4509,0.2,1,3,tree 54
SNV4510,0.2,1,3,tree 54
SNV4528,0.4,1,3,tree 54
SNV4539,0.1666666666666666,1,3,tree 54
SNV4547,0.6,1,3,tree 54
SNV4549,0.3333333333333333,1,3,tree 54
SNV4576,0.1818181818181818,1,3,tree 54
SNV4581,0.1111111111111111,1,3,tree 54
SNV4586,0.2142857142857142,1,3,tree 54
SNV4592,0.125,1,3,tree 54
SNV4625,0.1428571428571428,1,3,tree 54
SNV4634,0.1666666666666666,1,3,tree 54
SNV4670,0.1666666666666666,1,3,tree 54
SNV4682,0.4,1,3,tree 54
SNV4688,0.3333333333333333,1,3,tree 54
SNV4731,0.25,1,3,tree 54
SNV4735,0.2222222222222222,1,3,tree 54
SNV4741,0.3,1,3,tree 54
SNV4742,0.3636363636363636,1,3,tree 54
SNV4744,0.4,1,3,tree 54
SNV4750,0.3,1,3,tree 54
SNV4811,0.5,1,3,tree 54
SNV4814,0.1666666666666666,1,3,tree 54
SNV4829,0.25,1,3,tree 54
SNV4846,0.4,1,3,tree 54
SNV4847,0.1428571428571428,1,3,tree 54
SNV4849,0.625,1,3,tree 54
SNV4851,0.4,1,3,tree 54
SNV4852,0.4545454545454545,1,3,tree 54
SNV4860,0.6,1,3,tree 54
SNV4869,0.3333333333333333,1,3,tree 54
SNV4886,1.0,1,3,tree 54
SNV4953,0.6,1,3,tree 54
SNV4979,0.2222222222222222,1,3,tree 54
SNV4980,0.2,1,3,tree 54
SNV4982,0.4285714285714285,1,3,tree 54
SNV4984,0.5,1,3,tree 54
SNV4985,0.5,1,3,tree 54
SNV4989,0.2222222222222222,1,3,tree 54
SNV5011,0.375,1,3,tree 54
SNV5021,0.2592592592592592,1,3,tree 54
SNV5023,0.75,1,3,tree 54
SNV5030,0.1428571428571428,1,3,tree 54
SNV5032,0.1428571428571428,1,3,tree 54
SNV5038,0.3076923076923077,1,3,tree 54
SNV5048,0.1111111111111111,1,3,tree 54
SNV5053,0.4285714285714285,1,3,tree 54
SNV5056,0.5,1,3,tree 54
SNV5060,0.1666666666666666,1,3,tree 54
SNV5070,0.3333333333333333,1,3,tree 54
SNV5082,0.2857142857142857,1,3,tree 54
SNV5090,0.1538461538461538,1,3,tree 54
SNV5093,1.0,1,3,tree 54
SNV5096,0.4285714285714285,1,3,tree 54
SNV5097,0.1428571428571428,1,3,tree 54
SNV5099,0.8,1,3,tree 54
SNV5124,0.1666666666666666,1,3,tree 54
SNV5130,0.25,1,3,tree 54
SNV5142,0.5,1,3,tree 54
SNV5175,0.5,1,3,tree 54
SNV5178,0.5,1,3,tree 54
SNV5196,0.6,1,3,tree 54
SNV5215,0.2777777777777778,1,3,tree 54
SNV5240,0.3333333333333333,1,3,tree 54
SNV5248,0.7142857142857143,1,3,tree 54
SNV5254,0.8888888888888888,1,3,tree 54
SNV5269,0.5,1,3,tree 54
SNV5280,0.7142857142857143,1,3,tree 54
SNV5283,1.0,1,3,tree 54
SNV5291,0.6666666666666666,1,3,tree 54
SNV5332,0.5,1,3,tree 54
SNV5334,0.7,1,3,tree 54
SNV5340,0.375,1,3,tree 54
SNV5341,0.5,1,3,tree 54
SNV5345,0.3,1,3,tree 54
SNV5348,0.5,1,3,tree 54
SNV5360,0.3333333333333333,1,3,tree 54
SNV5383,0.25,1,3,tree 54
SNV5390,0.375,1,3,tree 54
SNV5392,0.2,1,3,tree 54
SNV5465,1.0,1,3,tree 54
SNV5468,1.0,1,3,tree 54
SNV5475,0.4,1,3,tree 54
SNV5478,0.25,1,3,tree 54
SNV5502,0.5714285714285714,1,3,tree 54
SNV5503,0.3333333333333333,1,3,tree 54
SNV5505,0.6666666666666666,1,3,tree 54
SNV5515,0.75,1,3,tree 54
SNV5524,0.3333333333333333,1,3,tree 54
SNV5547,0.3333333333333333,1,3,tree 54
SNV5550,0.5,1,3,tree 54
SNV5552,1.0,1,3,tree 54
SNV5562,0.4,1,3,tree 54
SNV5571,0.4,1,3,tree 54
SNV5592,0.6,1,3,tree 54
SNV5602,0.6666666666666666,1,3,tree 54
SNV5665,0.4285714285714285,1,3,tree 54
SNV5673,0.4,1,3,tree 54
SNV5675,0.6666666666666666,1,3,tree 54
SNV5677,1.0,1,3,tree 54
SNV5679,0.25,1,3,tree 54
SNV5680,0.75,1,3,tree 54
SNV5682,0.5,1,3,tree 54
SNV5711,0.5714285714285714,1,3,tree 54
SNV5724,0.6666666666666666,1,3,tree 54
SNV5744,0.5,1,3,tree 54
SNV5759,0.6666666666666666,1,3,tree 54
SNV5771,0.1666666666666666,1,3,tree 54
SNV5785,0.75,1,3,tree 54
SNV5859,0.3333333333333333,1,3,tree 54
SNV5862,0.6666666666666666,1,3,tree 54
SNV5880,0.5,1,3,tree 54
SNV5886,0.125,1,3,tree 54
SNV5901,0.4166666666666667,1,3,tree 54
SNV5902,0.125,1,3,tree 54
SNV5912,0.5,1,3,tree 54
SNV5913,0.25,1,3,tree 54
SNV5917,0.1176470588235294,1,3,tree 54
SNV5930,0.3333333333333333,1,3,tree 54
SNV5940,0.4285714285714285,1,3,tree 54
SNV5947,0.3333333333333333,1,3,tree 54
SNV5963,1.0,1,3,tree 54
SNV5973,0.4285714285714285,1,3,tree 54
SNV5978,0.25,1,3,tree 54
SNV5980,0.4285714285714285,1,3,tree 54
SNV5982,0.25,1,3,tree 54
SNV6018,0.25,1,3,tree 54
SNV6023,0.3333333333333333,1,3,tree 54
SNV6025,1.0,1,3,tree 54
SNV6032,0.5,1,3,tree 54
SNV6056,0.5,1,3,tree 54
SNV6058,0.5555555555555556,1,3,tree 54
SNV6065,0.25,1,3,tree 54
SNV6073,0.75,1,3,tree 54
SNV6074,1.0,1,3,tree 54
SNV6083,0.3333333333333333,1,3,tree 54
SNV6086,0.2105263157894736,1,3,tree 54
SNV6087,0.5555555555555556,1,3,tree 54
SNV6102,0.2,1,3,tree 54
SNV6103,0.5,1,3,tree 54
SNV6109,0.625,1,3,tree 54
SNV6126,0.2727272727272727,1,3,tree 54
SNV6139,0.5,1,3,tree 54
SNV6148,0.25,1,3,tree 54
SNV6149,0.2857142857142857,1,3,tree 54
SNV6150,0.3333333333333333,1,3,tree 54
SNV6151,0.3333333333333333,1,3,tree 54
SNV6152,0.25,1,3,tree 54
SNV6155,0.2857142857142857,1,3,tree 54
SNV6170,0.3333333333333333,1,3,tree 54
SNV6192,0.75,1,3,tree 54
SNV6197,0.5,1,3,tree 54
SNV6221,1.0,1,3,tree 54
SNV6224,0.4,1,3,tree 54
SNV6226,0.3,1,3,tree 54
SNV6230,0.25,1,3,tree 54
SNV6231,0.5714285714285714,1,3,tree 54
SNV6234,0.2,1,3,tree 54
SNV6235,0.2,1,3,tree 54
SNV6238,0.6666666666666666,1,3,tree 54
SNV6247,0.375,1,3,tree 54
SNV6276,0.8333333333333334,1,3,tree 54
SNV6283,0.4,1,3,tree 54
SNV6292,0.3333333333333333,1,3,tree 54
SNV6296,0.5,1,3,tree 54
SNV6309,0.2,1,3,tree 54
SNV6315,0.5714285714285714,1,3,tree 54
SNV6317,0.3333333333333333,1,3,tree 54
SNV6326,0.5,1,3,tree 54
SNV6327,0.2,1,3,tree 54
SNV6343,0.25,1,3,tree 54
SNV6350,0.6,1,3,tree 54
SNV6352,1.0,1,3,tree 54
SNV6360,0.6666666666666666,1,3,tree 54
SNV6362,0.5,1,3,tree 54
SNV6367,0.2857142857142857,1,3,tree 54
SNV6372,0.3333333333333333,1,3,tree 54
SNV6393,0.4,1,3,tree 54
SNV6394,0.5,1,3,tree 54
SNV6402,0.1428571428571428,1,3,tree 54
SNV6406,0.25,1,3,tree 54
SNV6430,0.5,1,3,tree 54
SNV6440,0.2,1,3,tree 54
SNV6451,0.0,1,3,tree 54
SNV6459,0.3333333333333333,1,3,tree 54
SNV6461,0.125,1,3,tree 54
SNV6462,0.2727272727272727,1,3,tree 54
SNV6475,0.5,1,3,tree 54
SNV6481,0.3333333333333333,1,3,tree 54
SNV6484,0.25,1,3,tree 54
SNV6520,0.3333333333333333,1,3,tree 54
SNV6569,0.2,1,3,tree 54
SNV6595,0.7,1,3,tree 54
SNV6609,0.3333333333333333,1,3,tree 54
SNV6637,0.25,1,3,tree 54
SNV6646,0.5,1,3,tree 54
SNV6653,0.2,1,3,tree 54
SNV6671,0.2857142857142857,1,3,tree 54
SNV6712,0.2,1,3,tree 54
SNV6737,0.4,1,3,tree 54
SNV6750,0.1428571428571428,1,3,tree 54
SNV6770,0.3,1,3,tree 54
SNV6775,0.3333333333333333,1,3,tree 54
SNV6788,0.5,1,3,tree 54
SNV6799,0.25,1,3,tree 54
SNV6817,0.25,1,3,tree 54
SNV6829,0.5384615384615384,1,3,tree 54
SNV6832,0.3333333333333333,1,3,tree 54
SNV6838,0.2,1,3,tree 54
SNV6855,0.1,1,3,tree 54
SNV6858,0.2,1,3,tree 54
SNV6884,0.1111111111111111,1,3,tree 54
SNV6885,0.2941176470588235,1,3,tree 54
SNV6893,0.4,1,3,tree 54
SNV6902,0.2,1,3,tree 54
SNV6910,0.0909090909090909,1,3,tree 54
SNV6921,0.5454545454545454,1,3,tree 54
SNV6950,0.5,1,3,tree 54
SNV6965,0.3333333333333333,1,3,tree 54
SNV6975,0.6666666666666666,1,3,tree 54
SNV6979,0.25,1,3,tree 54
SNV6982,0.5,1,3,tree 54
SNV6983,0.3,1,3,tree 54
SNV7004,0.1666666666666666,1,3,tree 54
SNV7017,0.1428571428571428,1,3,tree 54
SNV7034,0.125,1,3,tree 54
SNV7036,0.6,1,3,tree 54
SNV7040,0.3333333333333333,1,3,tree 54
SNV7046,0.2,1,3,tree 54
SNV7049,0.375,1,3,tree 54
SNV7051,0.5,1,3,tree 54
SNV7075,0.6,1,3,tree 54
SNV7095,0.6666666666666666,1,3,tree 54
SNV7120,0.5,1,3,tree 54
SNV7134,0.3333333333333333,1,3,tree 54
SNV7142,0.3333333333333333,1,3,tree 54
SNV7143,0.8333333333333334,1,3,tree 54
SNV7151,0.5555555555555556,1,3,tree 54
SNV7153,0.3333333333333333,1,3,tree 54
SNV7175,0.3333333333333333,1,3,tree 54
SNV7176,0.3076923076923077,1,3,tree 54
SNV7178,0.25,1,3,tree 54
SNV7185,0.3333333333333333,1,3,tree 54
SNV7188,0.4,1,3,tree 54
SNV7198,0.2,1,3,tree 54
SNV7199,0.4444444444444444,1,3,tree 54
SNV7201,0.5,1,3,tree 54
SNV7205,0.4,1,3,tree 54
SNV7206,0.4,1,3,tree 54
SNV7211,0.6666666666666666,1,3,tree 54
SNV7224,0.4,1,3,tree 54
SNV7225,0.5714285714285714,1,3,tree 54
SNV7248,0.25,1,3,tree 54
SNV7255,0.4,1,3,tree 54
SNV7262,0.2,1,3,tree 54
SNV7270,0.6666666666666666,1,3,tree 54
SNV7279,1.0,1,3,tree 54
SNV7286,0.5714285714285714,1,3,tree 54
SNV7307,0.6666666666666666,1,3,tree 54
SNV7309,0.4545454545454545,1,3,tree 54
SNV7312,0.2857142857142857,1,3,tree 54
SNV7321,0.5,1,3,tree 54
SNV7325,0.2857142857142857,1,3,tree 54
SNV7326,0.5,1,3,tree 54
SNV7334,0.5,1,3,tree 54
SNV7348,0.1666666666666666,1,3,tree 54
SNV7352,0.3333333333333333,1,3,tree 54
SNV7353,0.1818181818181818,1,3,tree 54
SNV7366,0.3333333333333333,1,3,tree 54
SNV7369,0.4,1,3,tree 54
SNV7378,0.8571428571428571,1,3,tree 54
SNV7388,0.75,1,3,tree 54
SNV7403,0.4,1,3,tree 54
SNV7418,0.5,1,3,tree 54
SNV7422,0.25,1,3,tree 54
SNV7426,0.5,1,3,tree 54
SNV7430,0.3333333333333333,1,3,tree 54
SNV7433,0.5454545454545454,1,3,tree 54
SNV7434,0.5,1,3,tree 54
SNV7437,0.5714285714285714,1,3,tree 54
SNV7475,0.6666666666666666,1,3,tree 54
SNV7484,0.75,1,3,tree 54
SNV7487,0.6666666666666666,1,3,tree 54
SNV7490,0.2,1,3,tree 54
SNV7498,0.4285714285714285,1,3,tree 54
SNV7508,0.6666666666666666,1,3,tree 54
SNV7522,0.4285714285714285,1,3,tree 54
SNV7538,0.25,1,3,tree 54
SNV7543,0.25,1,3,tree 54
SNV7546,0.1818181818181818,1,3,tree 54
SNV7559,0.5,1,3,tree 54
SNV7578,0.3333333333333333,1,3,tree 54
SNV7601,0.2857142857142857,1,3,tree 54
SNV7610,0.3333333333333333,1,3,tree 54
SNV7627,0.4285714285714285,1,3,tree 54
SNV7652,0.5,1,3,tree 54
SNV7653,1.0,1,3,tree 54
SNV7656,0.3333333333333333,1,3,tree 54
SNV7667,0.1739130434782608,1,3,tree 54
SNV7689,0.3333333333333333,1,3,tree 54
SNV7691,1.0,1,3,tree 54
SNV7714,0.4285714285714285,1,3,tree 54
SNV7728,0.238095238095238,1,3,tree 54
SNV7739,0.1538461538461538,1,3,tree 54
SNV7741,0.25,1,3,tree 54
SNV7756,0.1428571428571428,1,3,tree 54
SNV7757,0.2258064516129032,1,3,tree 54
SNV7772,0.0869565217391304,1,3,tree 54
SNV7775,0.2857142857142857,1,3,tree 54
SNV7787,0.5,1,3,tree 54
SNV7798,0.2,1,3,tree 54
SNV7802,0.25,1,3,tree 54
SNV7804,0.1428571428571428,1,3,tree 54
SNV7813,0.1428571428571428,1,3,tree 54
SNV7831,0.125,1,3,tree 54
SNV7837,0.1111111111111111,1,3,tree 54
SNV7841,0.4615384615384615,1,3,tree 54
SNV7860,0.1111111111111111,1,3,tree 54
SNV7868,0.1428571428571428,1,3,tree 54
SNV7873,0.2727272727272727,1,3,tree 54
SNV7878,0.2307692307692307,1,3,tree 54
SNV7880,0.5833333333333334,1,3,tree 54
SNV7883,0.2352941176470588,1,3,tree 54
SNV7895,0.3333333333333333,1,3,tree 54
SNV7896,0.1428571428571428,1,3,tree 54
SNV7940,0.75,1,3,tree 54
SNV7953,0.4166666666666667,1,3,tree 54
SNV7981,0.1818181818181818,1,3,tree 54
SNV7982,0.3333333333333333,1,3,tree 54
SNV7984,0.125,1,3,tree 54
SNV8025,0.4,1,3,tree 54
SNV8067,0.3333333333333333,1,3,tree 54
SNV8101,0.25,1,3,tree 54
SNV8109,0.2857142857142857,1,3,tree 54
SNV8118,0.5,1,3,tree 54
SNV8127,0.4,1,3,tree 54
SNV8131,0.5,1,3,tree 54
SNV8146,0.3333333333333333,1,3,tree 54
SNV8149,0.25,1,3,tree 54
SNV8174,0.5,1,3,tree 54
SNV8191,0.1428571428571428,1,3,tree 54
SNV8198,0.1666666666666666,1,3,tree 54
SNV8201,0.2777777777777778,1,3,tree 54
SNV8206,0.3529411764705882,1,3,tree 54
SNV8211,0.12,1,3,tree 54
SNV8217,0.12,1,3,tree 54
SNV8233,0.3636363636363636,1,3,tree 54
SNV8267,0.0526315789473684,1,3,tree 54
SNV8271,0.1578947368421052,1,3,tree 54
SNV8272,0.2857142857142857,1,3,tree 54
SNV8277,0.125,1,3,tree 54
SNV8286,0.1363636363636363,1,3,tree 54
SNV8310,0.125,1,3,tree 54
SNV8313,0.5,1,3,tree 54
SNV8323,0.3076923076923077,1,3,tree 54
SNV8340,0.16,1,3,tree 54
SNV8350,0.1176470588235294,1,3,tree 54
SNV8373,0.16,1,3,tree 54
SNV8403,0.2,1,3,tree 54
SNV8415,0.1481481481481481,1,3,tree 54
SNV8432,0.2,1,3,tree 54
SNV8454,0.2,1,3,tree 54
SNV8476,0.4,1,3,tree 54
SNV8485,0.25,1,3,tree 54
SNV8488,0.625,1,3,tree 54
SNV8494,0.2727272727272727,1,3,tree 54
SNV8512,0.1538461538461538,1,3,tree 54
SNV8521,0.2666666666666666,1,3,tree 54
SNV8528,0.6,1,3,tree 54
SNV8536,0.3333333333333333,1,3,tree 54
SNV8553,0.0909090909090909,1,3,tree 54
SNV8560,0.1875,1,3,tree 54
SNV8565,0.125,1,3,tree 54
SNV8577,0.2857142857142857,1,3,tree 54
SNV8578,0.24,1,3,tree 54
SNV8587,0.1764705882352941,1,3,tree 54
SNV8601,0.5454545454545454,1,3,tree 54
SNV8619,0.2222222222222222,1,3,tree 54
SNV8636,0.1666666666666666,1,3,tree 54
SNV8638,0.25,1,3,tree 54
SNV8657,0.25,1,3,tree 54
SNV8662,0.0909090909090909,1,3,tree 54
SNV8675,0.25,1,3,tree 54
SNV8689,0.0769230769230769,1,3,tree 54
SNV8702,0.0833333333333333,1,3,tree 54
SNV8709,0.4,1,3,tree 54
SNV8721,0.1333333333333333,1,3,tree 54
SNV8725,0.1578947368421052,1,3,tree 54
SNV8732,0.375,1,3,tree 54
SNV8735,0.1428571428571428,1,3,tree 54
SNV8750,0.1428571428571428,1,3,tree 54
SNV8756,0.75,1,3,tree 54
SNV8758,0.0952380952380952,1,3,tree 54
SNV8771,0.0714285714285714,1,3,tree 54
SNV8781,0.2,1,3,tree 54
SNV8782,0.6,1,3,tree 54
SNV8788,0.0666666666666666,1,3,tree 54
SNV8811,0.2857142857142857,1,3,tree 54
SNV8815,0.25,1,3,tree 54
SNV8819,0.1538461538461538,1,3,tree 54
SNV8826,0.1,1,3,tree 54
SNV8828,0.3571428571428571,1,3,tree 54
SNV8854,0.2608695652173913,1,3,tree 54
SNV8868,0.1875,1,3,tree 54
SNV8880,0.2352941176470588,1,3,tree 54
SNV8893,0.0769230769230769,1,3,tree 54
SNV8895,0.25,1,3,tree 54
SNV8903,0.238095238095238,1,3,tree 54
SNV8914,0.3333333333333333,1,3,tree 54
SNV8929,0.125,1,3,tree 54
SNV8945,0.1428571428571428,1,3,tree 54
SNV8952,0.0833333333333333,1,3,tree 54
SNV8956,0.1666666666666666,1,3,tree 54
SNV8974,0.4545454545454545,1,3,tree 54
SNV8996,0.375,1,3,tree 54
SNV8999,0.75,1,3,tree 54
SNV9034,0.3,1,3,tree 54
SNV9044,0.2857142857142857,1,3,tree 54
SNV9047,0.6666666666666666,1,3,tree 54
SNV9049,0.4,1,3,tree 54
SNV9059,0.25,1,3,tree 54
SNV9062,0.3333333333333333,1,3,tree 54
SNV9078,0.5,1,3,tree 54
SNV9091,0.625,1,3,tree 54
SNV9100,0.2857142857142857,1,3,tree 54
SNV9117,0.2222222222222222,1,3,tree 54
SNV9125,0.8,1,3,tree 54
SNV9127,0.25,1,3,tree 54
SNV9173,0.6666666666666666,1,3,tree 54
SNV9177,0.3333333333333333,1,3,tree 54
SNV9180,0.5,1,3,tree 54
SNV9211,1.0,1,3,tree 54
SNV9237,0.5882352941176471,1,3,tree 54
SNV9239,0.375,1,3,tree 54
SNV9254,0.25,1,3,tree 54
SNV9291,0.75,1,3,tree 54
SNV9306,0.3076923076923077,1,3,tree 54
SNV9467,0.3333333333333333,1,3,tree 54
SNV125,0.0,0,4,tree 54
SNV225,0.0,0,4,tree 54
SNV247,0.0,0,4,tree 54
SNV250,0.0,0,4,tree 54
SNV320,0.0,0,4,tree 54
SNV327,0.0,0,4,tree 54
SNV339,0.0,0,4,tree 54
SNV345,0.0,0,4,tree 54
SNV442,0.0,0,4,tree 54
SNV518,0.0,0,4,tree 54
SNV561,0.0344827586206896,0,4,tree 54
SNV633,0.0,0,4,tree 54
SNV697,0.0,0,4,tree 54
SNV805,0.0,0,4,tree 54
SNV840,0.0,0,4,tree 54
SNV842,0.0,0,4,tree 54
SNV853,0.0,0,4,tree 54
SNV896,0.0,0,4,tree 54
SNV986,0.0,0,4,tree 54
SNV988,0.0,0,4,tree 54
SNV1301,0.0,0,4,tree 54
SNV1316,0.0,0,4,tree 54
SNV1390,0.0,0,4,tree 54
SNV1455,0.0,0,4,tree 54
SNV1469,0.0,0,4,tree 54
SNV1532,0.0,0,4,tree 54
SNV1552,0.0,0,4,tree 54
SNV1556,0.0,0,4,tree 54
SNV1591,0.0,0,4,tree 54
SNV1597,0.0,0,4,tree 54
SNV1622,0.0,0,4,tree 54
SNV1633,0.0,0,4,tree 54
SNV1674,0.0625,0,4,tree 54
SNV1806,0.0,0,4,tree 54
SNV1865,0.0119047619047619,0,4,tree 54
SNV1910,0.0129870129870129,0,4,tree 54
SNV2084,0.0,0,4,tree 54
SNV2127,0.0,0,4,tree 54
SNV2138,0.0,0,4,tree 54
SNV2177,0.0,0,4,tree 54
SNV2281,0.0,0,4,tree 54
SNV2355,0.0,0,4,tree 54
SNV2356,0.0,0,4,tree 54
SNV2423,0.0,0,4,tree 54
SNV2424,0.0,0,4,tree 54
SNV2432,0.0,0,4,tree 54
SNV2493,0.0,0,4,tree 54
SNV2567,0.0,0,4,tree 54
SNV2608,0.0,0,4,tree 54
SNV2697,0.0,0,4,tree 54
SNV2765,0.0,0,4,tree 54
SNV2777,0.0,0,4,tree 54
SNV2781,0.0,0,4,tree 54
SNV2808,0.0,0,4,tree 54
SNV2914,0.0,0,4,tree 54
SNV2948,0.0,0,4,tree 54
SNV2981,0.0,0,4,tree 54
SNV2995,0.0,0,4,tree 54
SNV3054,0.0,0,4,tree 54
SNV3070,0.0,0,4,tree 54
SNV3092,0.0,0,4,tree 54
SNV3188,0.0,0,4,tree 54
SNV3194,0.0,0,4,tree 54
SNV3307,0.0,0,4,tree 54
SNV3356,0.0,0,4,tree 54
SNV3369,0.0,0,4,tree 54
SNV3381,0.0,0,4,tree 54
SNV3403,0.0,0,4,tree 54
SNV3417,0.0,0,4,tree 54
SNV3437,0.0,0,4,tree 54
SNV3453,0.0,0,4,tree 54
SNV3456,0.0,0,4,tree 54
SNV3464,0.0,0,4,tree 54
SNV3492,0.0,0,4,tree 54
SNV3496,0.0,0,4,tree 54
SNV3559,0.0,0,4,tree 54
SNV3647,0.0,0,4,tree 54
SNV3652,0.0,0,4,tree 54
SNV3688,0.0,0,4,tree 54
SNV3700,0.0,0,4,tree 54
SNV3714,0.0,0,4,tree 54
SNV3736,0.0,0,4,tree 54
SNV3783,0.0,0,4,tree 54
SNV3825,0.0,0,4,tree 54
SNV3840,0.0,0,4,tree 54
SNV3891,0.0,0,4,tree 54
SNV3899,0.0,0,4,tree 54
SNV3929,0.032258064516129,0,4,tree 54
SNV4053,0.0,0,4,tree 54
SNV4136,0.0,0,4,tree 54
SNV4137,0.0,0,4,tree 54
SNV4138,0.0,0,4,tree 54
SNV4140,0.0,0,4,tree 54
SNV4141,0.0,0,4,tree 54
SNV4142,0.0434782608695652,0,4,tree 54
SNV4153,0.0,0,4,tree 54
SNV4164,0.0,0,4,tree 54
SNV4224,0.0,0,4,tree 54
SNV4272,0.0,0,4,tree 54
SNV4587,0.0,0,4,tree 54
SNV4675,0.0,0,4,tree 54
SNV4719,0.0172413793103448,0,4,tree 54
SNV4733,0.0,0,4,tree 54
SNV4878,0.0,0,4,tree 54
SNV4890,0.0,0,4,tree 54
SNV4990,0.0,0,4,tree 54
SNV5000,0.0,0,4,tree 54
SNV5039,0.0,0,4,tree 54
SNV5042,0.0,0,4,tree 54
SNV5058,0.0,0,4,tree 54
SNV5079,0.0,0,4,tree 54
SNV5086,0.0,0,4,tree 54
SNV5140,0.0,0,4,tree 54
SNV5193,0.0,0,4,tree 54
SNV5301,0.0,0,4,tree 54
SNV5362,0.0,0,4,tree 54
SNV5368,0.0,0,4,tree 54
SNV5511,0.0,0,4,tree 54
SNV5512,0.0,0,4,tree 54
SNV5624,0.0,0,4,tree 54
SNV5634,0.0,0,4,tree 54
SNV5642,0.0,0,4,tree 54
SNV5672,0.0,0,4,tree 54
SNV5709,0.0,0,4,tree 54
SNV5762,0.0,0,4,tree 54
SNV5792,0.0,0,4,tree 54
SNV5799,0.0,0,4,tree 54
SNV5881,0.0,0,4,tree 54
SNV5945,0.0,0,4,tree 54
SNV5988,0.0,0,4,tree 54
SNV6027,0.0,0,4,tree 54
SNV6089,0.0,0,4,tree 54
SNV6144,0.0,0,4,tree 54
SNV6196,0.0,0,4,tree 54
SNV6202,0.0,0,4,tree 54
SNV6346,0.0,0,4,tree 54
SNV6506,0.0,0,4,tree 54
SNV6532,0.0,0,4,tree 54
SNV6563,0.0,0,4,tree 54
SNV6615,0.0,0,4,tree 54
SNV6654,0.0,0,4,tree 54
SNV6688,0.0,0,4,tree 54
SNV6765,0.0,0,4,tree 54
SNV6816,0.0,0,4,tree 54
SNV6827,0.0,0,4,tree 54
SNV6904,0.0,0,4,tree 54
SNV6908,0.0222222222222222,0,4,tree 54
SNV6994,0.0,0,4,tree 54
SNV7105,0.0,0,4,tree 54
SNV7106,0.0,0,4,tree 54
SNV7170,0.0,0,4,tree 54
SNV7171,0.0,0,4,tree 54
SNV7179,0.0,0,4,tree 54
SNV7504,0.0,0,4,tree 54
SNV7549,0.0,0,4,tree 54
SNV7552,0.0,0,4,tree 54
SNV7596,0.0,0,4,tree 54
SNV7623,0.0,0,4,tree 54
SNV7682,0.0,0,4,tree 54
SNV7809,0.0,0,4,tree 54
SNV7851,0.0,0,4,tree 54
SNV7898,0.0,0,4,tree 54
SNV8061,0.0,0,4,tree 54
SNV8085,0.1,0,4,tree 54
SNV8107,0.0,0,4,tree 54
SNV8124,0.0,0,4,tree 54
SNV8203,0.0217391304347826,0,4,tree 54
SNV8235,0.0405405405405405,0,4,tree 54
SNV8240,0.0,0,4,tree 54
SNV8268,0.0,0,4,tree 54
SNV8378,0.0707070707070707,0,4,tree 54
SNV8390,0.0,0,4,tree 54
SNV8420,0.0,0,4,tree 54
SNV8540,0.0222222222222222,0,4,tree 54
SNV8591,0.0,0,4,tree 54
SNV8598,0.0,0,4,tree 54
SNV8614,0.0,0,4,tree 54
SNV8697,0.0,0,4,tree 54
SNV8704,0.0,0,4,tree 54
SNV8722,0.0476190476190476,0,4,tree 54
SNV8763,0.0,0,4,tree 54
SNV8885,0.0,0,4,tree 54
SNV8915,0.0,0,4,tree 54
SNV9171,0.0,0,4,tree 54
SNV9194,0.03125,0,4,tree 54
SNV9264,0.0,0,4,tree 54
SNV9272,0.0,0,4,tree 54
SNV9290,0.0,0,4,tree 54
SNV9383,0.0,0,4,tree 54
SNV9396,0.0,0,4,tree 54
SNV9427,0.0,0,4,tree 54
SNV9480,0.0,0,4,tree 54
SNV9548,0.0,0,4,tree 54
SNV9561,0.0,0,4,tree 54
SNV9568,0.0,0,4,tree 54
SNV9569,0.0,0,4,tree 54
SNV9627,0.0,0,4,tree 54
SNV9638,0.0,0,4,tree 54
SNV9657,0.0434782608695652,0,4,tree 54
SNV9665,0.0,0,4,tree 54
SNV9700,0.0,0,4,tree 54
SNV125,0.2727272727272727,1,4,tree 54
SNV225,0.5714285714285714,1,4,tree 54
SNV247,0.7142857142857143,1,4,tree 54
SNV250,0.4166666666666667,1,4,tree 54
SNV320,0.8571428571428571,1,4,tree 54
SNV327,0.7,1,4,tree 54
SNV339,0.6363636363636364,1,4,tree 54
SNV345,0.2857142857142857,1,4,tree 54
SNV442,0.6153846153846154,1,4,tree 54
SNV518,0.6,1,4,tree 54
SNV561,0.3333333333333333,1,4,tree 54
SNV633,0.7,1,4,tree 54
SNV697,0.3333333333333333,1,4,tree 54
SNV805,0.6666666666666666,1,4,tree 54
SNV840,0.8,1,4,tree 54
SNV842,0.6666666666666666,1,4,tree 54
SNV853,0.9,1,4,tree 54
SNV896,0.4090909090909091,1,4,tree 54
SNV986,0.4,1,4,tree 54
SNV988,0.3846153846153846,1,4,tree 54
SNV1301,0.3636363636363636,1,4,tree 54
SNV1316,0.6,1,4,tree 54
SNV1390,0.5,1,4,tree 54
SNV1455,0.3636363636363636,1,4,tree 54
SNV1469,1.0,1,4,tree 54
SNV1532,0.3125,1,4,tree 54
SNV1552,0.7857142857142857,1,4,tree 54
SNV1556,0.1875,1,4,tree 54
SNV1591,0.6,1,4,tree 54
SNV1597,0.4375,1,4,tree 54
SNV1622,0.2666666666666666,1,4,tree 54
SNV1633,0.2307692307692307,1,4,tree 54
SNV1674,0.8333333333333334,1,4,tree 54
SNV1806,0.25,1,4,tree 54
SNV1865,0.3333333333333333,1,4,tree 54
SNV1910,0.5294117647058824,1,4,tree 54
SNV2084,0.3125,1,4,tree 54
SNV2127,0.2142857142857142,1,4,tree 54
SNV2138,0.4,1,4,tree 54
SNV2177,0.2142857142857142,1,4,tree 54
SNV2281,0.7,1,4,tree 54
SNV2355,0.8,1,4,tree 54
SNV2356,0.5384615384615384,1,4,tree 54
SNV2423,0.4,1,4,tree 54
SNV2424,0.45,1,4,tree 54
SNV2432,1.0,1,4,tree 54
SNV2493,1.0,1,4,tree 54
SNV2567,0.4,1,4,tree 54
SNV2608,0.5,1,4,tree 54
SNV2697,0.6666666666666666,1,4,tree 54
SNV2765,0.3333333333333333,1,4,tree 54
SNV2777,0.5,1,4,tree 54
SNV2781,0.5,1,4,tree 54
SNV2808,0.2727272727272727,1,4,tree 54
SNV2914,0.6666666666666666,1,4,tree 54
SNV2948,0.4545454545454545,1,4,tree 54
SNV2981,0.5,1,4,tree 54
SNV2995,0.2631578947368421,1,4,tree 54
SNV3054,0.5,1,4,tree 54
SNV3070,0.3888888888888889,1,4,tree 54
SNV3092,0.2941176470588235,1,4,tree 54
SNV3188,0.1818181818181818,1,4,tree 54
SNV3194,0.4210526315789473,1,4,tree 54
SNV3307,0.4444444444444444,1,4,tree 54
SNV3356,0.3,1,4,tree 54
SNV3369,0.5,1,4,tree 54
SNV3381,0.3333333333333333,1,4,tree 54
SNV3403,0.4615384615384615,1,4,tree 54
SNV3417,0.25,1,4,tree 54
SNV3437,0.5882352941176471,1,4,tree 54
SNV3453,0.3333333333333333,1,4,tree 54
SNV3456,0.1538461538461538,1,4,tree 54
SNV3464,0.25,1,4,tree 54
SNV3492,0.1764705882352941,1,4,tree 54
SNV3496,0.5294117647058824,1,4,tree 54
SNV3559,0.25,1,4,tree 54
SNV3647,0.6,1,4,tree 54
SNV3652,0.4,1,4,tree 54
SNV3688,0.8461538461538461,1,4,tree 54
SNV3700,0.2222222222222222,1,4,tree 54
SNV3714,0.25,1,4,tree 54
SNV3736,0.4444444444444444,1,4,tree 54
SNV3783,0.2142857142857142,1,4,tree 54
SNV3825,0.3636363636363636,1,4,tree 54
SNV3840,0.3888888888888889,1,4,tree 54
SNV3891,0.4444444444444444,1,4,tree 54
SNV3899,0.1428571428571428,1,4,tree 54
SNV3929,0.1818181818181818,1,4,tree 54
SNV4053,0.1875,1,4,tree 54
SNV4136,0.25,1,4,tree 54
SNV4137,0.3333333333333333,1,4,tree 54
SNV4138,0.4,1,4,tree 54
SNV4140,0.3636363636363636,1,4,tree 54
SNV4141,0.5,1,4,tree 54
SNV4142,0.4,1,4,tree 54
SNV4153,0.6,1,4,tree 54
SNV4164,0.3,1,4,tree 54
SNV4224,0.2,1,4,tree 54
SNV4272,0.4,1,4,tree 54
SNV4587,0.1333333333333333,1,4,tree 54
SNV4675,0.1481481481481481,1,4,tree 54
SNV4719,0.2352941176470588,1,4,tree 54
SNV4733,0.2083333333333333,1,4,tree 54
SNV4878,0.625,1,4,tree 54
SNV4890,0.2727272727272727,1,4,tree 54
SNV4990,0.5454545454545454,1,4,tree 54
SNV5000,0.4444444444444444,1,4,tree 54
SNV5039,0.2857142857142857,1,4,tree 54
SNV5042,0.4642857142857143,1,4,tree 54
SNV5058,0.4117647058823529,1,4,tree 54
SNV5079,0.25,1,4,tree 54
SNV5086,0.6,1,4,tree 54
SNV5140,0.3,1,4,tree 54
SNV5193,0.4285714285714285,1,4,tree 54
SNV5301,0.6,1,4,tree 54
SNV5362,0.75,1,4,tree 54
SNV5368,0.4285714285714285,1,4,tree 54
SNV5511,0.3333333333333333,1,4,tree 54
SNV5512,0.3333333333333333,1,4,tree 54
SNV5624,0.5,1,4,tree 54
SNV5634,0.375,1,4,tree 54
SNV5642,0.2857142857142857,1,4,tree 54
SNV5672,0.6666666666666666,1,4,tree 54
SNV5709,0.5,1,4,tree 54
SNV5762,0.3846153846153846,1,4,tree 54
SNV5792,0.625,1,4,tree 54
SNV5799,0.7,1,4,tree 54
SNV5881,0.5,1,4,tree 54
SNV5945,0.2222222222222222,1,4,tree 54
SNV5988,0.25,1,4,tree 54
SNV6027,0.25,1,4,tree 54
SNV6089,0.25,1,4,tree 54
SNV6144,0.2857142857142857,1,4,tree 54
SNV6196,0.1875,1,4,tree 54
SNV6202,0.2941176470588235,1,4,tree 54
SNV6346,0.2857142857142857,1,4,tree 54
SNV6506,0.7272727272727273,1,4,tree 54
SNV6532,0.2222222222222222,1,4,tree 54
SNV6563,0.4,1,4,tree 54
SNV6615,0.5714285714285714,1,4,tree 54
SNV6654,0.4285714285714285,1,4,tree 54
SNV6688,0.4285714285714285,1,4,tree 54
SNV6765,0.4545454545454545,1,4,tree 54
SNV6816,0.3,1,4,tree 54
SNV6827,0.2,1,4,tree 54
SNV6904,0.2727272727272727,1,4,tree 54
SNV6908,0.3529411764705882,1,4,tree 54
SNV6994,0.4166666666666667,1,4,tree 54
SNV7105,0.5,1,4,tree 54
SNV7106,0.375,1,4,tree 54
SNV7170,0.375,1,4,tree 54
SNV7171,0.5714285714285714,1,4,tree 54
SNV7179,0.6666666666666666,1,4,tree 54
SNV7504,0.8,1,4,tree 54
SNV7549,0.4444444444444444,1,4,tree 54
SNV7552,0.1666666666666666,1,4,tree 54
SNV7596,0.6,1,4,tree 54
SNV7623,0.6666666666666666,1,4,tree 54
SNV7682,0.6,1,4,tree 54
SNV7809,0.2727272727272727,1,4,tree 54
SNV7851,0.125,1,4,tree 54
SNV7898,0.4,1,4,tree 54
SNV8061,0.2727272727272727,1,4,tree 54
SNV8085,0.6,1,4,tree 54
SNV8107,0.4285714285714285,1,4,tree 54
SNV8124,0.5714285714285714,1,4,tree 54
SNV8203,0.3076923076923077,1,4,tree 54
SNV8235,0.3636363636363636,1,4,tree 54
SNV8240,0.2857142857142857,1,4,tree 54
SNV8268,0.4444444444444444,1,4,tree 54
SNV8378,0.2222222222222222,1,4,tree 54
SNV8390,0.3333333333333333,1,4,tree 54
SNV8420,0.1111111111111111,1,4,tree 54
SNV8540,0.3636363636363636,1,4,tree 54
SNV8591,0.1363636363636363,1,4,tree 54
SNV8598,0.4545454545454545,1,4,tree 54
SNV8614,0.1724137931034483,1,4,tree 54
SNV8697,0.1463414634146341,1,4,tree 54
SNV8704,0.2352941176470588,1,4,tree 54
SNV8722,0.4761904761904761,1,4,tree 54
SNV8763,0.1290322580645161,1,4,tree 54
SNV8885,0.125,1,4,tree 54
SNV8915,0.1764705882352941,1,4,tree 54
SNV9171,0.2,1,4,tree 54
SNV9194,0.2727272727272727,1,4,tree 54
SNV9264,0.7,1,4,tree 54
SNV9272,0.5,1,4,tree 54
SNV9290,0.75,1,4,tree 54
SNV9383,0.7142857142857143,1,4,tree 54
SNV9396,0.6,1,4,tree 54
SNV9427,1.0,1,4,tree 54
SNV9480,1.0,1,4,tree 54
SNV9548,0.7857142857142857,1,4,tree 54
SNV9561,1.0,1,4,tree 54
SNV9568,0.5,1,4,tree 54
SNV9569,0.5,1,4,tree 54
SNV9627,0.2857142857142857,1,4,tree 54
SNV9638,0.875,1,4,tree 54
SNV9657,0.875,1,4,tree 54
SNV9665,0.5714285714285714,1,4,tree 54
SNV9700,1.0,1,4,tree 54
SNV32,0.0,0,5,tree 54
SNV43,0.0,0,5,tree 54
SNV71,0.0294117647058823,0,5,tree 54
SNV145,0.0,0,5,tree 54
SNV241,0.0,0,5,tree 54
SNV364,0.0222222222222222,0,5,tree 54
SNV431,0.0,0,5,tree 54
SNV456,0.0,0,5,tree 54
SNV488,0.0,0,5,tree 54
SNV496,0.0,0,5,tree 54
SNV505,0.0666666666666666,0,5,tree 54
SNV525,0.0,0,5,tree 54
SNV558,0.0,0,5,tree 54
SNV560,0.0,0,5,tree 54
SNV602,0.0,0,5,tree 54
SNV684,0.0,0,5,tree 54
SNV718,0.0,0,5,tree 54
SNV747,0.0,0,5,tree 54
SNV763,0.0612244897959183,0,5,tree 54
SNV798,0.0,0,5,tree 54
SNV803,0.0,0,5,tree 54
SNV861,0.0,0,5,tree 54
SNV878,0.0384615384615384,0,5,tree 54
SNV1025,0.0,0,5,tree 54
SNV1049,0.0,0,5,tree 54
SNV1167,0.0,0,5,tree 54
SNV1173,0.0,0,5,tree 54
SNV1183,0.0,0,5,tree 54
SNV1269,0.0,0,5,tree 54
SNV1295,0.0,0,5,tree 54
SNV1313,0.0217391304347826,0,5,tree 54
SNV1321,0.0,0,5,tree 54
SNV1355,0.0,0,5,tree 54
SNV1356,0.0217391304347826,0,5,tree 54
SNV1400,0.0,0,5,tree 54
SNV1432,0.027027027027027,0,5,tree 54
SNV1554,0.0,0,5,tree 54
SNV1588,0.0,0,5,tree 54
SNV1627,0.0,0,5,tree 54
SNV1661,0.0,0,5,tree 54
SNV1666,0.0,0,5,tree 54
SNV1670,0.0,0,5,tree 54
SNV1782,0.0,0,5,tree 54
SNV1824,0.0,0,5,tree 54
SNV1831,0.0,0,5,tree 54
SNV1860,0.0,0,5,tree 54
SNV1883,0.0,0,5,tree 54
SNV1884,0.0,0,5,tree 54
SNV1904,0.0,0,5,tree 54
SNV1920,0.0,0,5,tree 54
SNV1970,0.0,0,5,tree 54
SNV1982,0.0101010101010101,0,5,tree 54
SNV2005,0.0,0,5,tree 54
SNV2027,0.0,0,5,tree 54
SNV2045,0.0,0,5,tree 54
SNV2184,0.0,0,5,tree 54
SNV2190,0.0,0,5,tree 54
SNV2216,0.0,0,5,tree 54
SNV2231,0.0,0,5,tree 54
SNV2325,0.0,0,5,tree 54
SNV2348,0.0,0,5,tree 54
SNV2352,0.0,0,5,tree 54
SNV2381,0.0,0,5,tree 54
SNV2394,0.0,0,5,tree 54
SNV2463,0.0,0,5,tree 54
SNV2524,0.0,0,5,tree 54
SNV2602,0.0,0,5,tree 54
SNV2674,0.0,0,5,tree 54
SNV2684,0.0588235294117647,0,5,tree 54
SNV2689,0.0,0,5,tree 54
SNV2722,0.0,0,5,tree 54
SNV2758,0.0,0,5,tree 54
SNV2778,0.0253164556962025,0,5,tree 54
SNV2805,0.0,0,5,tree 54
SNV2807,0.0,0,5,tree 54
SNV2824,0.0,0,5,tree 54
SNV2869,0.0,0,5,tree 54
SNV2997,0.0,0,5,tree 54
SNV3003,0.0,0,5,tree 54
SNV3042,0.0,0,5,tree 54
SNV3112,0.0,0,5,tree 54
SNV3219,0.024390243902439,0,5,tree 54
SNV3220,0.0,0,5,tree 54
SNV3240,0.0,0,5,tree 54
SNV3250,0.0,0,5,tree 54
SNV3256,0.0,0,5,tree 54
SNV3266,0.0,0,5,tree 54
SNV3271,0.0,0,5,tree 54
SNV3326,0.0,0,5,tree 54
SNV3333,0.0,0,5,tree 54
SNV3361,0.0,0,5,tree 54
SNV3429,0.0,0,5,tree 54
SNV3440,0.0,0,5,tree 54
SNV3473,0.0,0,5,tree 54
SNV3583,0.0,0,5,tree 54
SNV3598,0.0,0,5,tree 54
SNV3603,0.0,0,5,tree 54
SNV3630,0.0,0,5,tree 54
SNV3725,0.0,0,5,tree 54
SNV3727,0.0,0,5,tree 54
SNV3782,0.0,0,5,tree 54
SNV3797,0.0,0,5,tree 54
SNV3830,0.0,0,5,tree 54
SNV3858,0.0,0,5,tree 54
SNV3866,0.0,0,5,tree 54
SNV3878,0.0,0,5,tree 54
SNV3909,0.0,0,5,tree 54
SNV3966,0.0,0,5,tree 54
SNV3969,0.0,0,5,tree 54
SNV3987,0.0,0,5,tree 54
SNV3995,0.0,0,5,tree 54
SNV4000,0.0,0,5,tree 54
SNV4059,0.0,0,5,tree 54
SNV4214,0.0,0,5,tree 54
SNV4256,0.0,0,5,tree 54
SNV4281,0.0,0,5,tree 54
SNV4283,0.0689655172413793,0,5,tree 54
SNV4324,0.0,0,5,tree 54
SNV4325,0.0,0,5,tree 54
SNV4327,0.0,0,5,tree 54
SNV4329,0.0,0,5,tree 54
SNV4415,0.0,0,5,tree 54
SNV4418,0.0,0,5,tree 54
SNV4437,0.0,0,5,tree 54
SNV4460,0.0,0,5,tree 54
SNV4462,0.0,0,5,tree 54
SNV4470,0.0,0,5,tree 54
SNV4477,0.0,0,5,tree 54
SNV4493,0.0,0,5,tree 54
SNV4572,0.0,0,5,tree 54
SNV4577,0.0,0,5,tree 54
SNV4589,0.0,0,5,tree 54
SNV4632,0.0,0,5,tree 54
SNV4636,0.0,0,5,tree 54
SNV4657,0.0,0,5,tree 54
SNV4680,0.0,0,5,tree 54
SNV4712,0.0,0,5,tree 54
SNV4764,0.0,0,5,tree 54
SNV4768,0.0,0,5,tree 54
SNV4819,0.0,0,5,tree 54
SNV4945,0.0,0,5,tree 54
SNV4946,0.0,0,5,tree 54
SNV4992,0.0,0,5,tree 54
SNV5063,0.0,0,5,tree 54
SNV5083,0.0,0,5,tree 54
SNV5100,0.0,0,5,tree 54
SNV5113,0.0,0,5,tree 54
SNV5116,0.0,0,5,tree 54
SNV5123,0.0,0,5,tree 54
SNV5144,0.0,0,5,tree 54
SNV5145,0.0,0,5,tree 54
SNV5152,0.0,0,5,tree 54
SNV5197,0.0,0,5,tree 54
SNV5223,0.0,0,5,tree 54
SNV5325,0.0,0,5,tree 54
SNV5333,0.0,0,5,tree 54
SNV5379,0.0,0,5,tree 54
SNV5380,0.0,0,5,tree 54
SNV5447,0.0,0,5,tree 54
SNV5504,0.0,0,5,tree 54
SNV5564,0.0,0,5,tree 54
SNV5607,0.0,0,5,tree 54
SNV5645,0.0,0,5,tree 54
SNV5749,0.0,0,5,tree 54
SNV5767,0.0,0,5,tree 54
SNV5798,0.0,0,5,tree 54
SNV5885,0.0,0,5,tree 54
SNV5961,0.0,0,5,tree 54
SNV6016,0.0,0,5,tree 54
SNV6037,0.0,0,5,tree 54
SNV6094,0.0,0,5,tree 54
SNV6100,0.0,0,5,tree 54
SNV6110,0.0,0,5,tree 54
SNV6118,0.0,0,5,tree 54
SNV6166,0.0,0,5,tree 54
SNV6181,0.0,0,5,tree 54
SNV6218,0.0344827586206896,0,5,tree 54
SNV6320,0.0,0,5,tree 54
SNV6322,0.0,0,5,tree 54
SNV6356,0.0,0,5,tree 54
SNV6417,0.0,0,5,tree 54
SNV6432,0.0,0,5,tree 54
SNV6469,0.0,0,5,tree 54
SNV6542,0.0,0,5,tree 54
SNV6565,0.0416666666666666,0,5,tree 54
SNV6579,0.0,0,5,tree 54
SNV6600,0.0,0,5,tree 54
SNV6605,0.0,0,5,tree 54
SNV6614,0.0,0,5,tree 54
SNV6638,0.0,0,5,tree 54
SNV6658,0.0,0,5,tree 54
SNV6744,0.0,0,5,tree 54
SNV6747,0.0,0,5,tree 54
SNV6825,0.0,0,5,tree 54
SNV6844,0.0,0,5,tree 54
SNV6849,0.0,0,5,tree 54
SNV6932,0.0,0,5,tree 54
SNV6977,0.0,0,5,tree 54
SNV6999,0.0204081632653061,0,5,tree 54
SNV7002,0.0,0,5,tree 54
SNV7065,0.0,0,5,tree 54
SNV7125,0.0,0,5,tree 54
SNV7180,0.0,0,5,tree 54
SNV7216,0.0,0,5,tree 54
SNV7261,0.0,0,5,tree 54
SNV7276,0.0,0,5,tree 54
SNV7293,0.0,0,5,tree 54
SNV7296,0.0,0,5,tree 54
SNV7306,0.0,0,5,tree 54
SNV7327,0.0,0,5,tree 54
SNV7521,0.0,0,5,tree 54
SNV7530,0.0,0,5,tree 54
SNV7533,0.0,0,5,tree 54
SNV7539,0.0,0,5,tree 54
SNV7574,0.0,0,5,tree 54
SNV7614,0.0192307692307692,0,5,tree 54
SNV7615,0.0,0,5,tree 54
SNV7634,0.0,0,5,tree 54
SNV7637,0.0,0,5,tree 54
SNV7642,0.0,0,5,tree 54
SNV7660,0.0,0,5,tree 54
SNV7683,0.0,0,5,tree 54
SNV7685,0.0,0,5,tree 54
SNV7688,0.0,0,5,tree 54
SNV7693,0.0,0,5,tree 54
SNV7700,0.0,0,5,tree 54
SNV7744,0.0,0,5,tree 54
SNV7747,0.0,0,5,tree 54
SNV7785,0.0,0,5,tree 54
SNV7790,0.0,0,5,tree 54
SNV7791,0.0,0,5,tree 54
SNV7792,0.0,0,5,tree 54
SNV7819,0.0,0,5,tree 54
SNV7835,0.0188679245283018,0,5,tree 54
SNV7891,0.0,0,5,tree 54
SNV7904,0.0,0,5,tree 54
SNV7979,0.0,0,5,tree 54
SNV8016,0.0,0,5,tree 54
SNV8017,0.0,0,5,tree 54
SNV8022,0.0,0,5,tree 54
SNV8027,0.0,0,5,tree 54
SNV8084,0.0303030303030303,0,5,tree 54
SNV8089,0.0,0,5,tree 54
SNV8116,0.0,0,5,tree 54
SNV8151,0.0,0,5,tree 54
SNV8208,0.0,0,5,tree 54
SNV8232,0.0,0,5,tree 54
SNV8248,0.0,0,5,tree 54
SNV8253,0.0,0,5,tree 54
SNV8322,0.0,0,5,tree 54
SNV8332,0.0,0,5,tree 54
SNV8347,0.0,0,5,tree 54
SNV8359,0.0,0,5,tree 54
SNV8367,0.0,0,5,tree 54
SNV8428,0.0,0,5,tree 54
SNV8462,0.0104166666666666,0,5,tree 54
SNV8470,0.0,0,5,tree 54
SNV8535,0.0,0,5,tree 54
SNV8581,0.0,0,5,tree 54
SNV8595,0.0,0,5,tree 54
SNV8613,0.0,0,5,tree 54
SNV8647,0.0,0,5,tree 54
SNV8651,0.0,0,5,tree 54
SNV8670,0.0,0,5,tree 54
SNV8676,0.0,0,5,tree 54
SNV8734,0.0,0,5,tree 54
SNV8778,0.0,0,5,tree 54
SNV8871,0.0,0,5,tree 54
SNV8878,0.0,0,5,tree 54
SNV8890,0.0,0,5,tree 54
SNV8908,0.0,0,5,tree 54
SNV8941,0.0,0,5,tree 54
SNV8966,0.0,0,5,tree 54
SNV9035,0.0,0,5,tree 54
SNV9040,0.0,0,5,tree 54
SNV9115,0.0,0,5,tree 54
SNV9155,0.0,0,5,tree 54
SNV9245,0.0222222222222222,0,5,tree 54
SNV9304,0.0,0,5,tree 54
SNV9332,0.0181818181818181,0,5,tree 54
SNV9336,0.0,0,5,tree 54
SNV9340,0.0,0,5,tree 54
SNV9370,0.0,0,5,tree 54
SNV9386,0.0,0,5,tree 54
SNV9445,0.0,0,5,tree 54
SNV9493,0.0,0,5,tree 54
SNV9495,0.0,0,5,tree 54
SNV9582,0.0,0,5,tree 54
SNV9595,0.0,0,5,tree 54
SNV9602,0.0,0,5,tree 54
SNV9603,0.0,0,5,tree 54
SNV9618,0.0,0,5,tree 54
SNV9684,0.0,0,5,tree 54
SNV9701,0.0,0,5,tree 54
SNV9706,0.0,0,5,tree 54
SNV32,0.625,1,5,tree 54
SNV43,0.5,1,5,tree 54
SNV71,0.4,1,5,tree 54
SNV145,0.2857142857142857,1,5,tree 54
SNV241,0.375,1,5,tree 54
SNV364,0.6666666666666666,1,5,tree 54
SNV431,0.1666666666666666,1,5,tree 54
SNV456,0.8,1,5,tree 54
SNV488,0.5,1,5,tree 54
SNV496,1.0,1,5,tree 54
SNV505,0.625,1,5,tree 54
SNV525,0.3333333333333333,1,5,tree 54
SNV558,0.3333333333333333,1,5,tree 54
SNV560,0.5454545454545454,1,5,tree 54
SNV602,0.9090909090909092,1,5,tree 54
SNV684,0.5,1,5,tree 54
SNV718,0.25,1,5,tree 54
SNV747,0.3333333333333333,1,5,tree 54
SNV763,0.5833333333333334,1,5,tree 54
SNV798,0.6363636363636364,1,5,tree 54
SNV803,0.25,1,5,tree 54
SNV861,0.6666666666666666,1,5,tree 54
SNV878,0.375,1,5,tree 54
SNV1025,1.0,1,5,tree 54
SNV1049,0.6363636363636364,1,5,tree 54
SNV1167,0.6,1,5,tree 54
SNV1173,0.4,1,5,tree 54
SNV1183,0.6666666666666666,1,5,tree 54
SNV1269,0.5,1,5,tree 54
SNV1295,0.2857142857142857,1,5,tree 54
SNV1313,0.2142857142857142,1,5,tree 54
SNV1321,0.5,1,5,tree 54
SNV1355,0.3636363636363636,1,5,tree 54
SNV1356,0.1666666666666666,1,5,tree 54
SNV1400,0.75,1,5,tree 54
SNV1432,0.4285714285714285,1,5,tree 54
SNV1554,0.25,1,5,tree 54
SNV1588,0.2857142857142857,1,5,tree 54
SNV1627,0.2,1,5,tree 54
SNV1661,0.2857142857142857,1,5,tree 54
SNV1666,0.2105263157894736,1,5,tree 54
SNV1670,0.4166666666666667,1,5,tree 54
SNV1782,0.25,1,5,tree 54
SNV1824,0.3333333333333333,1,5,tree 54
SNV1831,0.2666666666666666,1,5,tree 54
SNV1860,0.1666666666666666,1,5,tree 54
SNV1883,0.25,1,5,tree 54
SNV1884,0.25,1,5,tree 54
SNV1904,0.1666666666666666,1,5,tree 54
SNV1920,0.6666666666666666,1,5,tree 54
SNV1970,0.1538461538461538,1,5,tree 54
SNV1982,0.2307692307692307,1,5,tree 54
SNV2005,0.2,1,5,tree 54
SNV2027,0.4545454545454545,1,5,tree 54
SNV2045,0.3125,1,5,tree 54
SNV2184,0.2857142857142857,1,5,tree 54
SNV2190,0.4285714285714285,1,5,tree 54
SNV2216,0.2,1,5,tree 54
SNV2231,0.2222222222222222,1,5,tree 54
SNV2325,0.2,1,5,tree 54
SNV2348,0.2307692307692307,1,5,tree 54
SNV2352,0.5,1,5,tree 54
SNV2381,0.2142857142857142,1,5,tree 54
SNV2394,0.2307692307692307,1,5,tree 54
SNV2463,1.0,1,5,tree 54
SNV2524,0.5,1,5,tree 54
SNV2602,0.6666666666666666,1,5,tree 54
SNV2674,0.3333333333333333,1,5,tree 54
SNV2684,0.6,1,5,tree 54
SNV2689,0.2083333333333333,1,5,tree 54
SNV2722,0.375,1,5,tree 54
SNV2758,0.2857142857142857,1,5,tree 54
SNV2778,0.5,1,5,tree 54
SNV2805,0.3333333333333333,1,5,tree 54
SNV2807,0.2,1,5,tree 54
SNV2824,0.6666666666666666,1,5,tree 54
SNV2869,0.2142857142857142,1,5,tree 54
SNV2997,0.5,1,5,tree 54
SNV3003,0.25,1,5,tree 54
SNV3042,0.375,1,5,tree 54
SNV3112,0.4444444444444444,1,5,tree 54
SNV3219,0.2941176470588235,1,5,tree 54
SNV3220,0.1666666666666666,1,5,tree 54
SNV3240,0.2727272727272727,1,5,tree 54
SNV3250,0.5384615384615384,1,5,tree 54
SNV3256,0.2,1,5,tree 54
SNV3266,0.2,1,5,tree 54
SNV3271,0.2307692307692307,1,5,tree 54
SNV3326,0.25,1,5,tree 54
SNV3333,0.2222222222222222,1,5,tree 54
SNV3361,0.5,1,5,tree 54
SNV3429,0.3846153846153846,1,5,tree 54
SNV3440,0.3333333333333333,1,5,tree 54
SNV3473,0.6666666666666666,1,5,tree 54
SNV3583,0.7,1,5,tree 54
SNV3598,0.4615384615384615,1,5,tree 54
SNV3603,0.2857142857142857,1,5,tree 54
SNV3630,0.4,1,5,tree 54
SNV3725,0.5,1,5,tree 54
SNV3727,0.5555555555555556,1,5,tree 54
SNV3782,0.6666666666666666,1,5,tree 54
SNV3797,0.2666666666666666,1,5,tree 54
SNV3830,1.0,1,5,tree 54
SNV3858,0.3,1,5,tree 54
SNV3866,0.25,1,5,tree 54
SNV3878,0.3333333333333333,1,5,tree 54
SNV3909,0.3333333333333333,1,5,tree 54
SNV3966,0.2941176470588235,1,5,tree 54
SNV3969,0.2,1,5,tree 54
SNV3987,0.2,1,5,tree 54
SNV3995,0.25,1,5,tree 54
SNV4000,0.1818181818181818,1,5,tree 54
SNV4059,0.4615384615384615,1,5,tree 54
SNV4214,0.25,1,5,tree 54
SNV4256,0.1875,1,5,tree 54
SNV4281,0.1818181818181818,1,5,tree 54
SNV4283,0.8,1,5,tree 54
SNV4324,0.75,1,5,tree 54
SNV4325,0.6,1,5,tree 54
SNV4327,0.6666666666666666,1,5,tree 54
SNV4329,0.1666666666666666,1,5,tree 54
SNV4415,0.3333333333333333,1,5,tree 54
SNV4418,0.2857142857142857,1,5,tree 54
SNV4437,0.2272727272727272,1,5,tree 54
SNV4460,0.2222222222222222,1,5,tree 54
SNV4462,0.2222222222222222,1,5,tree 54
SNV4470,0.2222222222222222,1,5,tree 54
SNV4477,0.1666666666666666,1,5,tree 54
SNV4493,0.1176470588235294,1,5,tree 54
SNV4572,0.3333333333333333,1,5,tree 54
SNV4577,0.3,1,5,tree 54
SNV4589,0.2142857142857142,1,5,tree 54
SNV4632,0.2777777777777778,1,5,tree 54
SNV4636,0.3846153846153846,1,5,tree 54
SNV4657,0.625,1,5,tree 54
SNV4680,0.1333333333333333,1,5,tree 54
SNV4712,0.2,1,5,tree 54
SNV4764,0.1875,1,5,tree 54
SNV4768,0.3333333333333333,1,5,tree 54
SNV4819,1.0,1,5,tree 54
SNV4945,0.5,1,5,tree 54
SNV4946,0.5,1,5,tree 54
SNV4992,0.4285714285714285,1,5,tree 54
SNV5063,0.2727272727272727,1,5,tree 54
SNV5083,0.5,1,5,tree 54
SNV5100,0.125,1,5,tree 54
SNV5113,0.25,1,5,tree 54
SNV5116,0.25,1,5,tree 54
SNV5123,0.4285714285714285,1,5,tree 54
SNV5144,0.6666666666666666,1,5,tree 54
SNV5145,0.1538461538461538,1,5,tree 54
SNV5152,0.6875,1,5,tree 54
SNV5197,0.2222222222222222,1,5,tree 54
SNV5223,0.2105263157894736,1,5,tree 54
SNV5325,0.6666666666666666,1,5,tree 54
SNV5333,0.4,1,5,tree 54
SNV5379,0.4285714285714285,1,5,tree 54
SNV5380,0.6666666666666666,1,5,tree 54
SNV5447,0.2,1,5,tree 54
SNV5504,0.5,1,5,tree 54
SNV5564,0.6,1,5,tree 54
SNV5607,0.4,1,5,tree 54
SNV5645,0.4444444444444444,1,5,tree 54
SNV5749,0.4,1,5,tree 54
SNV5767,0.8333333333333334,1,5,tree 54
SNV5798,0.5,1,5,tree 54
SNV5885,0.2142857142857142,1,5,tree 54
SNV5961,0.3333333333333333,1,5,tree 54
SNV6016,0.4285714285714285,1,5,tree 54
SNV6037,0.2307692307692307,1,5,tree 54
SNV6094,0.2857142857142857,1,5,tree 54
SNV6100,0.4615384615384615,1,5,tree 54
SNV6110,0.5,1,5,tree 54
SNV6118,0.1428571428571428,1,5,tree 54
SNV6166,0.1428571428571428,1,5,tree 54
SNV6181,0.4166666666666667,1,5,tree 54
SNV6218,0.8333333333333334,1,5,tree 54
SNV6320,0.2142857142857142,1,5,tree 54
SNV6322,0.1666666666666666,1,5,tree 54
SNV6356,0.0,1,5,tree 54
SNV6417,0.2857142857142857,1,5,tree 54
SNV6432,0.25,1,5,tree 54
SNV6469,0.2222222222222222,1,5,tree 54
SNV6542,0.6666666666666666,1,5,tree 54
SNV6565,0.3636363636363636,1,5,tree 54
SNV6579,0.3684210526315789,1,5,tree 54
SNV6600,0.4,1,5,tree 54
SNV6605,0.5,1,5,tree 54
SNV6614,0.6,1,5,tree 54
SNV6638,0.4,1,5,tree 54
SNV6658,0.6666666666666666,1,5,tree 54
SNV6744,0.2857142857142857,1,5,tree 54
SNV6747,0.4,1,5,tree 54
SNV6825,0.4444444444444444,1,5,tree 54
SNV6844,0.5,1,5,tree 54
SNV6849,0.4285714285714285,1,5,tree 54
SNV6932,0.5,1,5,tree 54
SNV6977,0.4,1,5,tree 54
SNV6999,0.6666666666666666,1,5,tree 54
SNV7002,0.75,1,5,tree 54
SNV7065,0.2222222222222222,1,5,tree 54
SNV7125,0.6666666666666666,1,5,tree 54
SNV7180,0.7142857142857143,1,5,tree 54
SNV7216,0.6666666666666666,1,5,tree 54
SNV7261,0.6,1,5,tree 54
SNV7276,0.5,1,5,tree 54
SNV7293,0.5,1,5,tree 54
SNV7296,0.3333333333333333,1,5,tree 54
SNV7306,0.0909090909090909,1,5,tree 54
SNV7327,1.0,1,5,tree 54
SNV7521,0.5714285714285714,1,5,tree 54
SNV7530,0.5,1,5,tree 54
SNV7533,0.7142857142857143,1,5,tree 54
SNV7539,0.6666666666666666,1,5,tree 54
SNV7574,0.8181818181818182,1,5,tree 54
SNV7614,0.2222222222222222,1,5,tree 54
SNV7615,0.5555555555555556,1,5,tree 54
SNV7634,0.2352941176470588,1,5,tree 54
SNV7637,0.25,1,5,tree 54
SNV7642,0.5,1,5,tree 54
SNV7660,0.2857142857142857,1,5,tree 54
SNV7683,0.4545454545454545,1,5,tree 54
SNV7685,0.375,1,5,tree 54
SNV7688,0.2222222222222222,1,5,tree 54
SNV7693,0.5,1,5,tree 54
SNV7700,0.4,1,5,tree 54
SNV7744,0.0769230769230769,1,5,tree 54
SNV7747,0.2631578947368421,1,5,tree 54
SNV7785,0.3333333333333333,1,5,tree 54
SNV7790,0.2857142857142857,1,5,tree 54
SNV7791,0.5,1,5,tree 54
SNV7792,0.5,1,5,tree 54
SNV7819,0.5,1,5,tree 54
SNV7835,0.3846153846153846,1,5,tree 54
SNV7891,0.5,1,5,tree 54
SNV7904,0.2,1,5,tree 54
SNV7979,0.5,1,5,tree 54
SNV8016,0.3333333333333333,1,5,tree 54
SNV8017,0.2,1,5,tree 54
SNV8022,0.5,1,5,tree 54
SNV8027,0.3333333333333333,1,5,tree 54
SNV8084,0.3333333333333333,1,5,tree 54
SNV8089,0.2,1,5,tree 54
SNV8116,0.8,1,5,tree 54
SNV8151,1.0,1,5,tree 54
SNV8208,0.2857142857142857,1,5,tree 54
SNV8232,0.25,1,5,tree 54
SNV8248,0.1363636363636363,1,5,tree 54
SNV8253,0.2,1,5,tree 54
SNV8322,0.3571428571428571,1,5,tree 54
SNV8332,0.391304347826087,1,5,tree 54
SNV8347,0.2631578947368421,1,5,tree 54
SNV8359,0.375,1,5,tree 54
SNV8367,0.3,1,5,tree 54
SNV8428,0.3846153846153846,1,5,tree 54
SNV8462,0.1666666666666666,1,5,tree 54
SNV8470,0.3636363636363636,1,5,tree 54
SNV8535,0.2,1,5,tree 54
SNV8581,0.4,1,5,tree 54
SNV8595,0.1818181818181818,1,5,tree 54
SNV8613,0.2222222222222222,1,5,tree 54
SNV8647,0.2,1,5,tree 54
SNV8651,0.1666666666666666,1,5,tree 54
SNV8670,0.125,1,5,tree 54
SNV8676,0.1052631578947368,1,5,tree 54
SNV8734,0.2727272727272727,1,5,tree 54
SNV8778,0.3333333333333333,1,5,tree 54
SNV8871,0.2,1,5,tree 54
SNV8878,0.2777777777777778,1,5,tree 54
SNV8890,0.2105263157894736,1,5,tree 54
SNV8908,0.2777777777777778,1,5,tree 54
SNV8941,0.1538461538461538,1,5,tree 54
SNV8966,0.1739130434782608,1,5,tree 54
SNV9035,0.5555555555555556,1,5,tree 54
SNV9040,0.6666666666666666,1,5,tree 54
SNV9115,0.3333333333333333,1,5,tree 54
SNV9155,0.3333333333333333,1,5,tree 54
SNV9245,0.7142857142857143,1,5,tree 54
SNV9304,0.5714285714285714,1,5,tree 54
SNV9332,0.2222222222222222,1,5,tree 54
SNV9336,0.4285714285714285,1,5,tree 54
SNV9340,0.4285714285714285,1,5,tree 54
SNV9370,0.3333333333333333,1,5,tree 54
SNV9386,0.375,1,5,tree 54
SNV9445,0.5,1,5,tree 54
SNV9493,0.4444444444444444,1,5,tree 54
SNV9495,0.6666666666666666,1,5,tree 54
SNV9582,0.4545454545454545,1,5,tree 54
SNV9595,0.625,1,5,tree 54
SNV9602,0.5833333333333334,1,5,tree 54
SNV9603,0.2857142857142857,1,5,tree 54
SNV9618,0.2857142857142857,1,5,tree 54
SNV9684,0.5,1,5,tree 54
SNV9701,0.5714285714285714,1,5,tree 54
SNV9706,1.0,1,5,tree 54
SNV15,0.0,0,6,tree 54
SNV19,0.0,0,6,tree 54
SNV25,0.0,0,6,tree 54
SNV35,0.0,0,6,tree 54
SNV44,0.0,0,6,tree 54
SNV100,0.0,0,6,tree 54
SNV114,0.0,0,6,tree 54
SNV239,0.0,0,6,tree 54
SNV253,0.0,0,6,tree 54
SNV268,0.0,0,6,tree 54
SNV315,0.0,0,6,tree 54
SNV333,0.0,0,6,tree 54
SNV385,0.0,0,6,tree 54
SNV413,0.0,0,6,tree 54
SNV439,0.0,0,6,tree 54
SNV480,0.0,0,6,tree 54
SNV543,0.0,0,6,tree 54
SNV551,0.0,0,6,tree 54
SNV582,0.0,0,6,tree 54
SNV713,0.0,0,6,tree 54
SNV778,0.0,0,6,tree 54
SNV781,0.0,0,6,tree 54
SNV794,0.0,0,6,tree 54
SNV813,0.0,0,6,tree 54
SNV843,0.0,0,6,tree 54
SNV869,0.0,0,6,tree 54
SNV881,0.0,0,6,tree 54
SNV887,0.0,0,6,tree 54
SNV902,0.0,0,6,tree 54
SNV939,0.0,0,6,tree 54
SNV990,0.05,0,6,tree 54
SNV991,0.0,0,6,tree 54
SNV1033,0.0,0,6,tree 54
SNV1040,0.0,0,6,tree 54
SNV1057,0.0416666666666666,0,6,tree 54
SNV1115,0.0,0,6,tree 54
SNV1122,0.0,0,6,tree 54
SNV1142,0.0,0,6,tree 54
SNV1154,0.0,0,6,tree 54
SNV1162,0.0,0,6,tree 54
SNV1178,0.0,0,6,tree 54
SNV1188,0.0,0,6,tree 54
SNV1208,0.0,0,6,tree 54
SNV1216,0.0,0,6,tree 54
SNV1219,0.0,0,6,tree 54
SNV1226,0.0,0,6,tree 54
SNV1365,0.0,0,6,tree 54
SNV1388,0.0,0,6,tree 54
SNV1427,0.0,0,6,tree 54
SNV1439,0.0,0,6,tree 54
SNV1442,0.0,0,6,tree 54
SNV1454,0.0,0,6,tree 54
SNV1464,0.0,0,6,tree 54
SNV1486,0.0,0,6,tree 54
SNV1490,0.0,0,6,tree 54
SNV1517,0.0,0,6,tree 54
SNV1544,0.0,0,6,tree 54
SNV1589,0.0,0,6,tree 54
SNV1608,0.0,0,6,tree 54
SNV1612,0.0,0,6,tree 54
SNV1623,0.0,0,6,tree 54
SNV1624,0.0,0,6,tree 54
SNV1635,0.0,0,6,tree 54
SNV1649,0.0,0,6,tree 54
SNV1714,0.0,0,6,tree 54
SNV1719,0.0,0,6,tree 54
SNV1720,0.0,0,6,tree 54
SNV1747,0.0,0,6,tree 54
SNV1772,0.0,0,6,tree 54
SNV1861,0.0,0,6,tree 54
SNV1881,0.0138888888888888,0,6,tree 54
SNV1950,0.0,0,6,tree 54
SNV1954,0.0,0,6,tree 54
SNV1958,0.0,0,6,tree 54
SNV1965,0.0,0,6,tree 54
SNV1990,0.0,0,6,tree 54
SNV2000,0.0,0,6,tree 54
SNV2021,0.0,0,6,tree 54
SNV2033,0.0,0,6,tree 54
SNV2100,0.0,0,6,tree 54
SNV2113,0.0,0,6,tree 54
SNV2116,0.0,0,6,tree 54
SNV2119,0.0,0,6,tree 54
SNV2147,0.0,0,6,tree 54
SNV2148,0.0,0,6,tree 54
SNV2171,0.0,0,6,tree 54
SNV2264,0.0,0,6,tree 54
SNV2300,0.0,0,6,tree 54
SNV2346,0.0,0,6,tree 54
SNV2452,0.0,0,6,tree 54
SNV2499,0.0,0,6,tree 54
SNV2513,0.0,0,6,tree 54
SNV2515,0.0,0,6,tree 54
SNV2557,0.0,0,6,tree 54
SNV2599,0.0,0,6,tree 54
SNV2604,0.0,0,6,tree 54
SNV2763,0.0,0,6,tree 54
SNV2779,0.0,0,6,tree 54
SNV2796,0.0,0,6,tree 54
SNV2823,0.0,0,6,tree 54
SNV2883,0.0,0,6,tree 54
SNV2899,0.0,0,6,tree 54
SNV2902,0.0,0,6,tree 54
SNV2968,0.0,0,6,tree 54
SNV2985,0.0,0,6,tree 54
SNV2989,0.0,0,6,tree 54
SNV2990,0.0,0,6,tree 54
SNV2994,0.0,0,6,tree 54
SNV3019,0.0,0,6,tree 54
SNV3057,0.0,0,6,tree 54
SNV3069,0.0,0,6,tree 54
SNV3100,0.0,0,6,tree 54
SNV3185,0.0,0,6,tree 54
SNV3222,0.0,0,6,tree 54
SNV3229,0.0,0,6,tree 54
SNV3239,0.0,0,6,tree 54
SNV3270,0.0,0,6,tree 54
SNV3291,0.0,0,6,tree 54
SNV3297,0.0,0,6,tree 54
SNV3310,0.0,0,6,tree 54
SNV3484,0.0,0,6,tree 54
SNV3522,0.0,0,6,tree 54
SNV3534,0.0,0,6,tree 54
SNV3544,0.0,0,6,tree 54
SNV3564,0.0,0,6,tree 54
SNV3597,0.0,0,6,tree 54
SNV3618,0.0,0,6,tree 54
SNV3657,0.0,0,6,tree 54
SNV3696,0.0,0,6,tree 54
SNV3711,0.0,0,6,tree 54
SNV3852,0.0,0,6,tree 54
SNV3860,0.0,0,6,tree 54
SNV3888,0.0,0,6,tree 54
SNV3889,0.0,0,6,tree 54
SNV3922,0.0,0,6,tree 54
SNV3925,0.0,0,6,tree 54
SNV3954,0.0,0,6,tree 54
SNV3997,0.0,0,6,tree 54
SNV4004,0.0,0,6,tree 54
SNV4005,0.0,0,6,tree 54
SNV4025,0.0,0,6,tree 54
SNV4038,0.0,0,6,tree 54
SNV4073,0.0,0,6,tree 54
SNV4090,0.0,0,6,tree 54
SNV4163,0.0,0,6,tree 54
SNV4173,0.0,0,6,tree 54
SNV4181,0.0,0,6,tree 54
SNV4186,0.0,0,6,tree 54
SNV4189,0.0,0,6,tree 54
SNV4201,0.0,0,6,tree 54
SNV4295,0.0,0,6,tree 54
SNV4323,0.0,0,6,tree 54
SNV4370,0.0,0,6,tree 54
SNV4371,0.0,0,6,tree 54
SNV4387,0.0,0,6,tree 54
SNV4395,0.0,0,6,tree 54
SNV4446,0.0,0,6,tree 54
SNV4454,0.0,0,6,tree 54
SNV4463,0.0,0,6,tree 54
SNV4499,0.0,0,6,tree 54
SNV4503,0.0,0,6,tree 54
SNV4513,0.0,0,6,tree 54
SNV4519,0.0,0,6,tree 54
SNV4530,0.0,0,6,tree 54
SNV4532,0.0,0,6,tree 54
SNV4544,0.0,0,6,tree 54
SNV4571,0.0555555555555555,0,6,tree 54
SNV4596,0.0,0,6,tree 54
SNV4646,0.0,0,6,tree 54
SNV4660,0.0,0,6,tree 54
SNV4667,0.0,0,6,tree 54
SNV4674,0.0,0,6,tree 54
SNV4708,0.0,0,6,tree 54
SNV4713,0.0,0,6,tree 54
SNV4850,0.0,0,6,tree 54
SNV4868,0.0,0,6,tree 54
SNV4870,0.0,0,6,tree 54
SNV4919,0.0,0,6,tree 54
SNV4976,0.0,0,6,tree 54
SNV5017,0.0,0,6,tree 54
SNV5084,0.0,0,6,tree 54
SNV5103,0.0,0,6,tree 54
SNV5112,0.0,0,6,tree 54
SNV5121,0.0,0,6,tree 54
SNV5128,0.0,0,6,tree 54
SNV5143,0.0,0,6,tree 54
SNV5377,0.0,0,6,tree 54
SNV5395,0.0,0,6,tree 54
SNV5404,0.0,0,6,tree 54
SNV5448,0.0,0,6,tree 54
SNV5460,0.0,0,6,tree 54
SNV5461,0.0,0,6,tree 54
SNV5469,0.0,0,6,tree 54
SNV5484,0.0,0,6,tree 54
SNV5544,0.0,0,6,tree 54
SNV5545,0.0,0,6,tree 54
SNV5548,0.0,0,6,tree 54
SNV5563,0.0,0,6,tree 54
SNV5620,0.0,0,6,tree 54
SNV5626,0.0,0,6,tree 54
SNV5637,0.0,0,6,tree 54
SNV5641,0.0,0,6,tree 54
SNV5647,0.0,0,6,tree 54
SNV5702,0.0,0,6,tree 54
SNV5735,0.0208333333333333,0,6,tree 54
SNV5794,0.0,0,6,tree 54
SNV5803,0.0,0,6,tree 54
SNV5831,0.0,0,6,tree 54
SNV5981,0.0,0,6,tree 54
SNV5986,0.0,0,6,tree 54
SNV6021,0.0,0,6,tree 54
SNV6028,0.0,0,6,tree 54
SNV6035,0.0,0,6,tree 54
SNV6041,0.0,0,6,tree 54
SNV6049,0.0149253731343283,0,6,tree 54
SNV6099,0.0,0,6,tree 54
SNV6156,0.0,0,6,tree 54
SNV6184,0.0,0,6,tree 54
SNV6220,0.0,0,6,tree 54
SNV6253,0.0,0,6,tree 54
SNV6255,0.0,0,6,tree 54
SNV6266,0.0,0,6,tree 54
SNV6274,0.0,0,6,tree 54
SNV6332,0.0,0,6,tree 54
SNV6344,0.0,0,6,tree 54
SNV6358,0.0,0,6,tree 54
SNV6376,0.0,0,6,tree 54
SNV6447,0.0,0,6,tree 54
SNV6496,0.0,0,6,tree 54
SNV6516,0.0,0,6,tree 54
SNV6568,0.0,0,6,tree 54
SNV6624,0.0,0,6,tree 54
SNV6736,0.0263157894736842,0,6,tree 54
SNV6758,0.0,0,6,tree 54
SNV6839,0.0,0,6,tree 54
SNV6845,0.0,0,6,tree 54
SNV6853,0.0,0,6,tree 54
SNV6888,0.0,0,6,tree 54
SNV6892,0.0,0,6,tree 54
SNV6918,0.0,0,6,tree 54
SNV7057,0.0,0,6,tree 54
SNV7162,0.0,0,6,tree 54
SNV7219,0.0,0,6,tree 54
SNV7299,0.0,0,6,tree 54
SNV7329,0.0,0,6,tree 54
SNV7355,0.0,0,6,tree 54
SNV7456,0.0,0,6,tree 54
SNV7496,0.0,0,6,tree 54
SNV7523,0.0,0,6,tree 54
SNV7569,0.0,0,6,tree 54
SNV7622,0.0,0,6,tree 54
SNV7679,0.0,0,6,tree 54
SNV7797,0.0,0,6,tree 54
SNV7799,0.0,0,6,tree 54
SNV7826,0.0,0,6,tree 54
SNV7855,0.0,0,6,tree 54
SNV7870,0.0,0,6,tree 54
SNV7917,0.0,0,6,tree 54
SNV7932,0.0,0,6,tree 54
SNV7978,0.0,0,6,tree 54
SNV7983,0.0,0,6,tree 54
SNV8011,0.0,0,6,tree 54
SNV8012,0.0,0,6,tree 54
SNV8068,0.0,0,6,tree 54
SNV8080,0.0,0,6,tree 54
SNV8087,0.0,0,6,tree 54
SNV8122,0.0,0,6,tree 54
SNV8220,0.0,0,6,tree 54
SNV8230,0.0,0,6,tree 54
SNV8243,0.0,0,6,tree 54
SNV8254,0.0,0,6,tree 54
SNV8295,0.0,0,6,tree 54
SNV8297,0.0,0,6,tree 54
SNV8300,0.0,0,6,tree 54
SNV8349,0.0,0,6,tree 54
SNV8355,0.0,0,6,tree 54
SNV8360,0.0543478260869565,0,6,tree 54
SNV8369,0.0,0,6,tree 54
SNV8427,0.0,0,6,tree 54
SNV8443,0.0,0,6,tree 54
SNV8453,0.0,0,6,tree 54
SNV8481,0.0,0,6,tree 54
SNV8491,0.0,0,6,tree 54
SNV8515,0.0,0,6,tree 54
SNV8518,0.0,0,6,tree 54
SNV8519,0.0149253731343283,0,6,tree 54
SNV8523,0.0,0,6,tree 54
SNV8573,0.0,0,6,tree 54
SNV8612,0.0,0,6,tree 54
SNV8624,0.0,0,6,tree 54
SNV8659,0.0,0,6,tree 54
SNV8665,0.0,0,6,tree 54
SNV8695,0.0,0,6,tree 54
SNV8705,0.0,0,6,tree 54
SNV8715,0.0,0,6,tree 54
SNV8720,0.0,0,6,tree 54
SNV8737,0.0,0,6,tree 54
SNV8762,0.0,0,6,tree 54
SNV8768,0.0,0,6,tree 54
SNV8787,0.0,0,6,tree 54
SNV8792,0.0,0,6,tree 54
SNV8794,0.0,0,6,tree 54
SNV8912,0.0,0,6,tree 54
SNV8928,0.0144927536231884,0,6,tree 54
SNV9011,0.0,0,6,tree 54
SNV9012,0.0,0,6,tree 54
SNV9015,0.0,0,6,tree 54
SNV9016,0.0,0,6,tree 54
SNV9056,0.0,0,6,tree 54
SNV9248,0.0,0,6,tree 54
SNV9256,0.0,0,6,tree 54
SNV9277,0.0,0,6,tree 54
SNV9289,0.0,0,6,tree 54
SNV9313,0.0,0,6,tree 54
SNV9320,0.0384615384615384,0,6,tree 54
SNV9333,0.0256410256410256,0,6,tree 54
SNV9349,0.0,0,6,tree 54
SNV9367,0.0,0,6,tree 54
SNV9420,0.0,0,6,tree 54
SNV9432,0.0,0,6,tree 54
SNV9438,0.0,0,6,tree 54
SNV9499,0.0,0,6,tree 54
SNV9554,0.0,0,6,tree 54
SNV9571,0.0,0,6,tree 54
SNV9578,0.0,0,6,tree 54
SNV9597,0.0,0,6,tree 54
SNV9614,0.0,0,6,tree 54
SNV9642,0.0,0,6,tree 54
SNV9651,0.0,0,6,tree 54
SNV15,1.0,1,6,tree 54
SNV19,0.2,1,6,tree 54
SNV25,0.5,1,6,tree 54
SNV35,0.6666666666666666,1,6,tree 54
SNV100,1.0,1,6,tree 54
SNV114,0.8333333333333334,1,6,tree 54
SNV239,0.3333333333333333,1,6,tree 54
SNV253,0.5,1,6,tree 54
SNV268,0.4,1,6,tree 54
SNV315,0.5714285714285714,1,6,tree 54
SNV333,0.5,1,6,tree 54
SNV385,1.0,1,6,tree 54
SNV413,0.5,1,6,tree 54
SNV439,0.25,1,6,tree 54
SNV480,0.25,1,6,tree 54
SNV543,0.5,1,6,tree 54
SNV551,0.4285714285714285,1,6,tree 54
SNV582,0.4,1,6,tree 54
SNV713,0.75,1,6,tree 54
SNV778,0.25,1,6,tree 54
SNV781,0.2222222222222222,1,6,tree 54
SNV794,0.5555555555555556,1,6,tree 54
SNV813,0.6666666666666666,1,6,tree 54
SNV843,0.3125,1,6,tree 54
SNV869,0.25,1,6,tree 54
SNV881,0.375,1,6,tree 54
SNV887,0.5,1,6,tree 54
SNV902,0.1428571428571428,1,6,tree 54
SNV939,0.3333333333333333,1,6,tree 54
SNV990,1.0,1,6,tree 54
SNV991,0.6666666666666666,1,6,tree 54
SNV1033,0.2,1,6,tree 54
SNV1040,0.75,1,6,tree 54
SNV1057,0.2857142857142857,1,6,tree 54
SNV1115,0.2,1,6,tree 54
SNV1122,0.5454545454545454,1,6,tree 54
SNV1142,0.5,1,6,tree 54
SNV1154,0.3,1,6,tree 54
SNV1162,0.375,1,6,tree 54
SNV1178,0.6,1,6,tree 54
SNV1188,0.1666666666666666,1,6,tree 54
SNV1208,0.5,1,6,tree 54
SNV1216,0.25,1,6,tree 54
SNV1219,0.4615384615384615,1,6,tree 54
SNV1226,0.6666666666666666,1,6,tree 54
SNV1365,1.0,1,6,tree 54
SNV1388,0.5,1,6,tree 54
SNV1427,0.3333333333333333,1,6,tree 54
SNV1439,1.0,1,6,tree 54
SNV1442,0.75,1,6,tree 54
SNV1454,1.0,1,6,tree 54
SNV1464,0.5,1,6,tree 54
SNV1486,0.6666666666666666,1,6,tree 54
SNV1490,0.2,1,6,tree 54
SNV1517,0.625,1,6,tree 54
SNV1544,0.25,1,6,tree 54
SNV1589,0.3333333333333333,1,6,tree 54
SNV1608,0.1666666666666666,1,6,tree 54
SNV1612,0.375,1,6,tree 54
SNV1623,0.5,1,6,tree 54
SNV1624,0.5,1,6,tree 54
SNV1635,0.5,1,6,tree 54
SNV1649,0.1111111111111111,1,6,tree 54
SNV1714,0.4285714285714285,1,6,tree 54
SNV1719,0.3333333333333333,1,6,tree 54
SNV1720,0.375,1,6,tree 54
SNV1747,0.3333333333333333,1,6,tree 54
SNV1772,0.5,1,6,tree 54
SNV1861,0.125,1,6,tree 54
SNV1881,0.2727272727272727,1,6,tree 54
SNV1950,0.25,1,6,tree 54
SNV1954,0.25,1,6,tree 54
SNV1958,0.0952380952380952,1,6,tree 54
SNV1965,0.2631578947368421,1,6,tree 54
SNV1990,0.1818181818181818,1,6,tree 54
SNV2000,0.3,1,6,tree 54
SNV2021,0.2,1,6,tree 54
SNV2033,0.125,1,6,tree 54
SNV2100,0.2307692307692307,1,6,tree 54
SNV2113,0.3333333333333333,1,6,tree 54
SNV2116,0.125,1,6,tree 54
SNV2119,0.1111111111111111,1,6,tree 54
SNV2147,0.6,1,6,tree 54
SNV2148,0.2857142857142857,1,6,tree 54
SNV2171,0.4,1,6,tree 54
SNV2264,0.3333333333333333,1,6,tree 54
SNV2300,0.6,1,6,tree 54
SNV2346,0.4,1,6,tree 54
SNV2452,1.0,1,6,tree 54
SNV2499,0.3333333333333333,1,6,tree 54
SNV2513,0.4,1,6,tree 54
SNV2515,0.4,1,6,tree 54
SNV2557,0.25,1,6,tree 54
SNV2599,0.125,1,6,tree 54
SNV2604,0.25,1,6,tree 54
SNV2763,0.25,1,6,tree 54
SNV2779,0.8,1,6,tree 54
SNV2796,0.6666666666666666,1,6,tree 54
SNV2823,0.5,1,6,tree 54
SNV2883,0.6666666666666666,1,6,tree 54
SNV2899,0.4,1,6,tree 54
SNV2902,0.4,1,6,tree 54
SNV2968,0.6,1,6,tree 54
SNV2985,0.6666666666666666,1,6,tree 54
SNV2989,0.3333333333333333,1,6,tree 54
SNV2990,0.2,1,6,tree 54
SNV2994,0.6,1,6,tree 54
SNV3019,0.75,1,6,tree 54
SNV3057,0.25,1,6,tree 54
SNV3069,0.3333333333333333,1,6,tree 54
SNV3100,0.4,1,6,tree 54
SNV3185,0.5,1,6,tree 54
SNV3222,0.2,1,6,tree 54
SNV3229,1.0,1,6,tree 54
SNV3239,0.6666666666666666,1,6,tree 54
SNV3270,0.6666666666666666,1,6,tree 54
SNV3291,1.0,1,6,tree 54
SNV3297,0.6666666666666666,1,6,tree 54
SNV3310,0.3333333333333333,1,6,tree 54
SNV3484,0.2,1,6,tree 54
SNV3522,0.6666666666666666,1,6,tree 54
SNV3534,0.375,1,6,tree 54
SNV3544,0.1428571428571428,1,6,tree 54
SNV3564,0.3333333333333333,1,6,tree 54
SNV3597,1.0,1,6,tree 54
SNV3618,0.3333333333333333,1,6,tree 54
SNV3657,1.0,1,6,tree 54
SNV3696,0.4,1,6,tree 54
SNV3711,0.1818181818181818,1,6,tree 54
SNV3852,0.2857142857142857,1,6,tree 54
SNV3860,0.5,1,6,tree 54
SNV3888,0.1428571428571428,1,6,tree 54
SNV3889,0.3333333333333333,1,6,tree 54
SNV3922,0.3333333333333333,1,6,tree 54
SNV3925,0.5,1,6,tree 54
SNV3954,0.4166666666666667,1,6,tree 54
SNV3997,0.3333333333333333,1,6,tree 54
SNV4004,0.1428571428571428,1,6,tree 54
SNV4005,0.5384615384615384,1,6,tree 54
SNV4025,0.4285714285714285,1,6,tree 54
SNV4038,0.4,1,6,tree 54
SNV4073,0.3333333333333333,1,6,tree 54
SNV4090,0.5714285714285714,1,6,tree 54
SNV4163,0.5,1,6,tree 54
SNV4173,0.2857142857142857,1,6,tree 54
SNV4181,0.4285714285714285,1,6,tree 54
SNV4186,0.25,1,6,tree 54
SNV4189,0.4285714285714285,1,6,tree 54
SNV4201,0.4545454545454545,1,6,tree 54
SNV4295,0.5,1,6,tree 54
SNV4323,0.5,1,6,tree 54
SNV4370,0.1176470588235294,1,6,tree 54
SNV4371,0.25,1,6,tree 54
SNV4387,0.1428571428571428,1,6,tree 54
SNV4395,0.1818181818181818,1,6,tree 54
SNV4446,0.1666666666666666,1,6,tree 54
SNV4454,0.1764705882352941,1,6,tree 54
SNV4463,0.1666666666666666,1,6,tree 54
SNV4499,0.1666666666666666,1,6,tree 54
SNV4503,0.3,1,6,tree 54
SNV4513,0.5,1,6,tree 54
SNV4519,0.4,1,6,tree 54
SNV4530,0.1818181818181818,1,6,tree 54
SNV4532,0.3333333333333333,1,6,tree 54
SNV4544,0.25,1,6,tree 54
SNV4571,0.3846153846153846,1,6,tree 54
SNV4596,0.125,1,6,tree 54
SNV4646,0.25,1,6,tree 54
SNV4660,0.3846153846153846,1,6,tree 54
SNV4667,1.0,1,6,tree 54
SNV4674,0.2857142857142857,1,6,tree 54
SNV4708,0.3,1,6,tree 54
SNV4713,0.125,1,6,tree 54
SNV4850,0.4285714285714285,1,6,tree 54
SNV4868,0.25,1,6,tree 54
SNV4870,0.75,1,6,tree 54
SNV4919,0.5,1,6,tree 54
SNV4976,0.5,1,6,tree 54
SNV5017,0.5,1,6,tree 54
SNV5084,0.3,1,6,tree 54
SNV5103,1.0,1,6,tree 54
SNV5112,0.8,1,6,tree 54
SNV5121,0.1333333333333333,1,6,tree 54
SNV5128,0.4285714285714285,1,6,tree 54
SNV5143,0.4545454545454545,1,6,tree 54
SNV5377,0.5,1,6,tree 54
SNV5395,1.0,1,6,tree 54
SNV5404,0.625,1,6,tree 54
SNV5448,0.3333333333333333,1,6,tree 54
SNV5460,0.0,1,6,tree 54
SNV5461,0.5,1,6,tree 54
SNV5469,1.0,1,6,tree 54
SNV5484,0.5,1,6,tree 54
SNV5544,0.3333333333333333,1,6,tree 54
SNV5545,0.6,1,6,tree 54
SNV5548,0.6666666666666666,1,6,tree 54
SNV5563,0.3333333333333333,1,6,tree 54
SNV5620,0.5,1,6,tree 54
SNV5626,1.0,1,6,tree 54
SNV5637,0.6666666666666666,1,6,tree 54
SNV5641,0.3333333333333333,1,6,tree 54
SNV5647,1.0,1,6,tree 54
SNV5702,0.6,1,6,tree 54
SNV5735,0.2,1,6,tree 54
SNV5794,0.5,1,6,tree 54
SNV5803,1.0,1,6,tree 54
SNV5831,0.4,1,6,tree 54
SNV5981,0.2857142857142857,1,6,tree 54
SNV5986,0.5,1,6,tree 54
SNV6021,0.3333333333333333,1,6,tree 54
SNV6028,0.3333333333333333,1,6,tree 54
SNV6035,1.0,1,6,tree 54
SNV6041,0.25,1,6,tree 54
SNV6049,0.3333333333333333,1,6,tree 54
SNV6099,0.5,1,6,tree 54
SNV6156,0.5,1,6,tree 54
SNV6184,0.25,1,6,tree 54
SNV6220,0.8,1,6,tree 54
SNV6253,0.25,1,6,tree 54
SNV6255,0.375,1,6,tree 54
SNV6266,0.8333333333333334,1,6,tree 54
SNV6274,0.75,1,6,tree 54
SNV6332,0.3333333333333333,1,6,tree 54
SNV6344,0.25,1,6,tree 54
SNV6358,0.3333333333333333,1,6,tree 54
SNV6376,0.4,1,6,tree 54
SNV6447,0.4,1,6,tree 54
SNV6496,0.2222222222222222,1,6,tree 54
SNV6516,0.25,1,6,tree 54
SNV6568,0.3333333333333333,1,6,tree 54
SNV6624,0.75,1,6,tree 54
SNV6736,0.1666666666666666,1,6,tree 54
SNV6758,0.6666666666666666,1,6,tree 54
SNV6839,0.625,1,6,tree 54
SNV6845,0.6,1,6,tree 54
SNV6853,0.2,1,6,tree 54
SNV6888,0.4,1,6,tree 54
SNV6892,0.25,1,6,tree 54
SNV6918,0.2,1,6,tree 54
SNV7057,0.5,1,6,tree 54
SNV7162,0.25,1,6,tree 54
SNV7219,0.6666666666666666,1,6,tree 54
SNV7299,0.2857142857142857,1,6,tree 54
SNV7329,1.0,1,6,tree 54
SNV7355,0.3333333333333333,1,6,tree 54
SNV7456,0.75,1,6,tree 54
SNV7496,0.6666666666666666,1,6,tree 54
SNV7523,1.0,1,6,tree 54
SNV7569,0.75,1,6,tree 54
SNV7622,0.5,1,6,tree 54
SNV7679,0.3333333333333333,1,6,tree 54
SNV7797,0.1818181818181818,1,6,tree 54
SNV7799,0.3636363636363636,1,6,tree 54
SNV7826,0.2,1,6,tree 54
SNV7855,0.2,1,6,tree 54
SNV7870,0.5,1,6,tree 54
SNV7917,0.2,1,6,tree 54
SNV7932,0.8,1,6,tree 54
SNV7978,0.5,1,6,tree 54
SNV7983,0.25,1,6,tree 54
SNV8011,1.0,1,6,tree 54
SNV8012,1.0,1,6,tree 54
SNV8068,1.0,1,6,tree 54
SNV8080,0.0909090909090909,1,6,tree 54
SNV8087,0.6,1,6,tree 54
SNV8122,0.3333333333333333,1,6,tree 54
SNV8220,0.3846153846153846,1,6,tree 54
SNV8230,0.1538461538461538,1,6,tree 54
SNV8243,0.1538461538461538,1,6,tree 54
SNV8254,0.3333333333333333,1,6,tree 54
SNV8295,0.1,1,6,tree 54
SNV8297,0.0714285714285714,1,6,tree 54
SNV8300,0.0952380952380952,1,6,tree 54
SNV8349,0.375,1,6,tree 54
SNV8355,0.0833333333333333,1,6,tree 54
SNV8360,0.6363636363636364,1,6,tree 54
SNV8369,0.3,1,6,tree 54
SNV8427,0.1538461538461538,1,6,tree 54
SNV8443,0.25,1,6,tree 54
SNV8453,0.2857142857142857,1,6,tree 54
SNV8481,0.25,1,6,tree 54
SNV8491,0.5,1,6,tree 54
SNV8515,0.3333333333333333,1,6,tree 54
SNV8518,0.5,1,6,tree 54
SNV8519,0.4285714285714285,1,6,tree 54
SNV8523,0.25,1,6,tree 54
SNV8573,0.2222222222222222,1,6,tree 54
SNV8612,0.0909090909090909,1,6,tree 54
SNV8624,0.1111111111111111,1,6,tree 54
SNV8659,0.4,1,6,tree 54
SNV8665,0.25,1,6,tree 54
SNV8695,0.0,1,6,tree 54
SNV8705,0.125,1,6,tree 54
SNV8715,0.4285714285714285,1,6,tree 54
SNV8720,0.25,1,6,tree 54
SNV8737,0.1052631578947368,1,6,tree 54
SNV8762,0.1818181818181818,1,6,tree 54
SNV8768,0.0,1,6,tree 54
SNV8787,0.3333333333333333,1,6,tree 54
SNV8792,0.1428571428571428,1,6,tree 54
SNV8794,0.25,1,6,tree 54
SNV8912,0.1333333333333333,1,6,tree 54
SNV8928,0.0833333333333333,1,6,tree 54
SNV9011,0.3333333333333333,1,6,tree 54
SNV9012,0.75,1,6,tree 54
SNV9015,0.4,1,6,tree 54
SNV9016,0.75,1,6,tree 54
SNV9056,0.25,1,6,tree 54
SNV9248,0.6666666666666666,1,6,tree 54
SNV9256,1.0,1,6,tree 54
SNV9277,0.6,1,6,tree 54
SNV9289,0.6,1,6,tree 54
SNV9313,0.5,1,6,tree 54
SNV9320,0.8,1,6,tree 54
SNV9333,0.25,1,6,tree 54
SNV9349,0.4,1,6,tree 54
SNV9367,0.75,1,6,tree 54
SNV9420,0.5714285714285714,1,6,tree 54
SNV9432,1.0,1,6,tree 54
SNV9438,0.75,1,6,tree 54
SNV9499,1.0,1,6,tree 54
SNV9554,0.625,1,6,tree 54
SNV9571,0.5,1,6,tree 54
SNV9578,0.875,1,6,tree 54
SNV9597,0.5,1,6,tree 54
SNV9614,0.6666666666666666,1,6,tree 54
SNV9642,0.75,1,6,tree 54
SNV9651,0.625,1,6,tree 54
SNV23,0.0,0,7,tree 54
SNV132,0.0,0,7,tree 54
SNV139,0.0,0,7,tree 54
SNV146,0.0,0,7,tree 54
SNV318,0.0,0,7,tree 54
SNV352,0.0,0,7,tree 54
SNV412,0.0,0,7,tree 54
SNV538,0.0,0,7,tree 54
SNV547,0.0,0,7,tree 54
SNV625,0.0,0,7,tree 54
SNV664,0.0,0,7,tree 54
SNV674,0.0,0,7,tree 54
SNV723,0.0,0,7,tree 54
SNV752,0.0,0,7,tree 54
SNV761,0.0,0,7,tree 54
SNV819,0.0,0,7,tree 54
SNV890,0.0,0,7,tree 54
SNV1084,0.0,0,7,tree 54
SNV1168,0.0,0,7,tree 54
SNV1403,0.0303030303030303,0,7,tree 54
SNV1460,0.0,0,7,tree 54
SNV1522,0.0,0,7,tree 54
SNV1655,0.0,0,7,tree 54
SNV1680,0.0,0,7,tree 54
SNV1765,0.0,0,7,tree 54
SNV1845,0.0,0,7,tree 54
SNV1925,0.0,0,7,tree 54
SNV1948,0.0476190476190476,0,7,tree 54
SNV1961,0.0,0,7,tree 54
SNV1988,0.0434782608695652,0,7,tree 54
SNV2125,0.0,0,7,tree 54
SNV2134,0.0,0,7,tree 54
SNV2232,0.0,0,7,tree 54
SNV2261,0.0,0,7,tree 54
SNV2442,0.0,0,7,tree 54
SNV2530,0.0,0,7,tree 54
SNV2663,0.0,0,7,tree 54
SNV2668,0.0,0,7,tree 54
SNV2857,0.0,0,7,tree 54
SNV2866,0.0,0,7,tree 54
SNV2906,0.0,0,7,tree 54
SNV2987,0.0,0,7,tree 54
SNV3018,0.0,0,7,tree 54
SNV3241,0.0,0,7,tree 54
SNV3324,0.0,0,7,tree 54
SNV3327,0.0,0,7,tree 54
SNV3332,0.0,0,7,tree 54
SNV3470,0.0,0,7,tree 54
SNV3483,0.0,0,7,tree 54
SNV3503,0.0,0,7,tree 54
SNV3505,0.0,0,7,tree 54
SNV3584,0.0,0,7,tree 54
SNV3599,0.0,0,7,tree 54
SNV3713,0.0,0,7,tree 54
SNV3729,0.0,0,7,tree 54
SNV3819,0.0,0,7,tree 54
SNV3849,0.0,0,7,tree 54
SNV3854,0.0,0,7,tree 54
SNV3875,0.0,0,7,tree 54
SNV3883,0.0,0,7,tree 54
SNV3902,0.0,0,7,tree 54
SNV4102,0.0,0,7,tree 54
SNV4157,0.0,0,7,tree 54
SNV4161,0.0,0,7,tree 54
SNV4382,0.0,0,7,tree 54
SNV4391,0.0,0,7,tree 54
SNV4392,0.0,0,7,tree 54
SNV4393,0.0,0,7,tree 54
SNV4396,0.0,0,7,tree 54
SNV4425,0.0,0,7,tree 54
SNV4447,0.0,0,7,tree 54
SNV4527,0.0,0,7,tree 54
SNV4616,0.0,0,7,tree 54
SNV4641,0.0,0,7,tree 54
SNV4650,0.0,0,7,tree 54
SNV4827,0.0,0,7,tree 54
SNV4942,0.0,0,7,tree 54
SNV4948,0.0,0,7,tree 54
SNV5068,0.0,0,7,tree 54
SNV5127,0.0,0,7,tree 54
SNV5217,0.0,0,7,tree 54
SNV5331,0.0,0,7,tree 54
SNV5351,0.0,0,7,tree 54
SNV5352,0.0,0,7,tree 54
SNV5353,0.0,0,7,tree 54
SNV5570,0.0,0,7,tree 54
SNV5627,0.0,0,7,tree 54
SNV5630,0.0,0,7,tree 54
SNV5678,0.0,0,7,tree 54
SNV5850,0.0,0,7,tree 54
SNV5937,0.0,0,7,tree 54
SNV5969,0.0,0,7,tree 54
SNV6092,0.0,0,7,tree 54
SNV6199,0.0588235294117647,0,7,tree 54
SNV6368,0.0,0,7,tree 54
SNV6434,0.0,0,7,tree 54
SNV6570,0.0,0,7,tree 54
SNV6664,0.0,0,7,tree 54
SNV6693,0.0,0,7,tree 54
SNV6730,0.0,0,7,tree 54
SNV6754,0.0,0,7,tree 54
SNV6771,0.0,0,7,tree 54
SNV6823,0.05,0,7,tree 54
SNV6862,0.0,0,7,tree 54
SNV6945,0.0,0,7,tree 54
SNV6997,0.0,0,7,tree 54
SNV7121,0.0,0,7,tree 54
SNV7190,0.0,0,7,tree 54
SNV7200,0.0,0,7,tree 54
SNV7385,0.0,0,7,tree 54
SNV7454,0.0,0,7,tree 54
SNV7564,0.0,0,7,tree 54
SNV7640,0.0,0,7,tree 54
SNV7856,0.0588235294117647,0,7,tree 54
SNV7881,0.0,0,7,tree 54
SNV7998,0.0,0,7,tree 54
SNV8115,0.0,0,7,tree 54
SNV8247,0.0,0,7,tree 54
SNV8302,0.0394736842105263,0,7,tree 54
SNV8307,0.0,0,7,tree 54
SNV8387,0.0465116279069767,0,7,tree 54
SNV8418,0.0,0,7,tree 54
SNV8615,0.0,0,7,tree 54
SNV8628,0.0566037735849056,0,7,tree 54
SNV8656,0.0,0,7,tree 54
SNV8789,0.0,0,7,tree 54
SNV8795,0.0,0,7,tree 54
SNV8845,0.0,0,7,tree 54
SNV8861,0.0,0,7,tree 54
SNV8883,0.0,0,7,tree 54
SNV8884,0.0232558139534883,0,7,tree 54
SNV9026,0.0,0,7,tree 54
SNV9092,0.0,0,7,tree 54
SNV9135,0.0,0,7,tree 54
SNV9140,0.0,0,7,tree 54
SNV9244,0.0,0,7,tree 54
SNV9305,0.0,0,7,tree 54
SNV9310,0.0,0,7,tree 54
SNV9318,0.0,0,7,tree 54
SNV9334,0.0,0,7,tree 54
SNV9413,0.0,0,7,tree 54
SNV9462,0.0,0,7,tree 54
SNV9539,0.0,0,7,tree 54
SNV23,0.2941176470588235,1,7,tree 54
SNV132,0.3333333333333333,1,7,tree 54
SNV139,0.5,1,7,tree 54
SNV146,0.6111111111111112,1,7,tree 54
SNV318,0.5,1,7,tree 54
SNV352,0.4444444444444444,1,7,tree 54
SNV412,0.3,1,7,tree 54
SNV538,0.5,1,7,tree 54
SNV547,0.4444444444444444,1,7,tree 54
SNV625,0.4444444444444444,1,7,tree 54
SNV664,0.3333333333333333,1,7,tree 54
SNV674,0.4117647058823529,1,7,tree 54
SNV723,0.7272727272727273,1,7,tree 54
SNV752,0.4117647058823529,1,7,tree 54
SNV761,0.5882352941176471,1,7,tree 54
SNV819,0.4545454545454545,1,7,tree 54
SNV890,0.5294117647058824,1,7,tree 54
SNV1084,0.5,1,7,tree 54
SNV1168,0.4117647058823529,1,7,tree 54
SNV1403,0.125,1,7,tree 54
SNV1460,0.375,1,7,tree 54
SNV1522,0.2121212121212121,1,7,tree 54
SNV1655,0.34,1,7,tree 54
SNV1680,0.2857142857142857,1,7,tree 54
SNV1765,0.2727272727272727,1,7,tree 54
SNV1845,0.2857142857142857,1,7,tree 54
SNV1925,0.275,1,7,tree 54
SNV1948,0.2727272727272727,1,7,tree 54
SNV1961,0.4545454545454545,1,7,tree 54
SNV1988,0.2777777777777778,1,7,tree 54
SNV2125,0.217391304347826,1,7,tree 54
SNV2134,0.3404255319148936,1,7,tree 54
SNV2232,0.3703703703703703,1,7,tree 54
SNV2261,0.4736842105263157,1,7,tree 54
SNV2442,0.7058823529411765,1,7,tree 54
SNV2530,0.3888888888888889,1,7,tree 54
SNV2663,0.75,1,7,tree 54
SNV2668,0.5,1,7,tree 54
SNV2857,0.5714285714285714,1,7,tree 54
SNV2866,0.5384615384615384,1,7,tree 54
SNV2906,0.4,1,7,tree 54
SNV2987,0.4,1,7,tree 54
SNV3018,0.625,1,7,tree 54
SNV3241,0.3137254901960784,1,7,tree 54
SNV3324,0.5517241379310345,1,7,tree 54
SNV3327,0.2702702702702703,1,7,tree 54
SNV3332,0.3636363636363636,1,7,tree 54
SNV3470,0.4137931034482758,1,7,tree 54
SNV3483,0.75,1,7,tree 54
SNV3503,0.5833333333333334,1,7,tree 54
SNV3505,0.5294117647058824,1,7,tree 54
SNV3584,0.6086956521739131,1,7,tree 54
SNV3599,0.6086956521739131,1,7,tree 54
SNV3713,0.52,1,7,tree 54
SNV3729,0.5217391304347826,1,7,tree 54
SNV3819,0.4166666666666667,1,7,tree 54
SNV3849,0.2941176470588235,1,7,tree 54
SNV3854,0.3846153846153846,1,7,tree 54
SNV3875,0.3414634146341463,1,7,tree 54
SNV3883,0.4117647058823529,1,7,tree 54
SNV3902,0.3928571428571428,1,7,tree 54
SNV4102,0.4,1,7,tree 54
SNV4157,0.3636363636363636,1,7,tree 54
SNV4161,0.3333333333333333,1,7,tree 54
SNV4382,0.2666666666666666,1,7,tree 54
SNV4391,0.2727272727272727,1,7,tree 54
SNV4392,0.3333333333333333,1,7,tree 54
SNV4393,0.3333333333333333,1,7,tree 54
SNV4396,0.1904761904761904,1,7,tree 54
SNV4425,0.2307692307692307,1,7,tree 54
SNV4447,0.2448979591836734,1,7,tree 54
SNV4527,0.1860465116279069,1,7,tree 54
SNV4616,0.2790697674418604,1,7,tree 54
SNV4641,0.1914893617021276,1,7,tree 54
SNV4650,0.1836734693877551,1,7,tree 54
SNV4827,0.5555555555555556,1,7,tree 54
SNV4942,0.75,1,7,tree 54
SNV4948,0.4,1,7,tree 54
SNV5068,0.3809523809523809,1,7,tree 54
SNV5127,0.3333333333333333,1,7,tree 54
SNV5217,0.3478260869565217,1,7,tree 54
SNV5331,0.56,1,7,tree 54
SNV5351,0.3,1,7,tree 54
SNV5352,0.3103448275862069,1,7,tree 54
SNV5353,0.5,1,7,tree 54
SNV5570,0.7777777777777778,1,7,tree 54
SNV5627,0.4782608695652174,1,7,tree 54
SNV5630,0.3809523809523809,1,7,tree 54
SNV5678,0.5333333333333333,1,7,tree 54
SNV5850,0.6,1,7,tree 54
SNV5937,0.3181818181818182,1,7,tree 54
SNV5969,0.2857142857142857,1,7,tree 54
SNV6092,0.4117647058823529,1,7,tree 54
SNV6199,0.4117647058823529,1,7,tree 54
SNV6368,0.44,1,7,tree 54
SNV6434,0.5172413793103449,1,7,tree 54
SNV6570,0.3,1,7,tree 54
SNV6664,0.3684210526315789,1,7,tree 54
SNV6693,0.28,1,7,tree 54
SNV6730,0.16,1,7,tree 54
SNV6754,0.3684210526315789,1,7,tree 54
SNV6771,0.4375,1,7,tree 54
SNV6823,0.2307692307692307,1,7,tree 54
SNV6862,0.3333333333333333,1,7,tree 54
SNV6945,0.4,1,7,tree 54
SNV6997,0.3181818181818182,1,7,tree 54
SNV7121,0.3846153846153846,1,7,tree 54
SNV7190,0.2608695652173913,1,7,tree 54
SNV7200,0.6842105263157895,1,7,tree 54
SNV7385,0.5,1,7,tree 54
SNV7454,0.4,1,7,tree 54
SNV7564,0.2727272727272727,1,7,tree 54
SNV7640,0.3636363636363636,1,7,tree 54
SNV7856,0.1875,1,7,tree 54
SNV7881,0.2,1,7,tree 54
SNV7998,1.0,1,7,tree 54
SNV8115,0.2941176470588235,1,7,tree 54
SNV8247,0.1794871794871795,1,7,tree 54
SNV8302,0.2567567567567567,1,7,tree 54
SNV8307,0.1666666666666666,1,7,tree 54
SNV8387,0.2023809523809523,1,7,tree 54
SNV8418,0.2,1,7,tree 54
SNV8615,0.2777777777777778,1,7,tree 54
SNV8628,0.2727272727272727,1,7,tree 54
SNV8656,0.1875,1,7,tree 54
SNV8789,0.2093023255813953,1,7,tree 54
SNV8795,0.2647058823529412,1,7,tree 54
SNV8845,0.144927536231884,1,7,tree 54
SNV8861,0.1594202898550724,1,7,tree 54
SNV8883,0.1463414634146341,1,7,tree 54
SNV8884,0.225,1,7,tree 54
SNV9026,0.4545454545454545,1,7,tree 54
SNV9092,0.8181818181818182,1,7,tree 54
SNV9135,1.0,1,7,tree 54
SNV9140,0.6666666666666666,1,7,tree 54
SNV9244,0.5882352941176471,1,7,tree 54
SNV9305,0.4,1,7,tree 54
SNV9310,0.5238095238095238,1,7,tree 54
SNV9318,0.4545454545454545,1,7,tree 54
SNV9334,0.4827586206896552,1,7,tree 54
SNV9413,0.6363636363636364,1,7,tree 54
SNV9462,1.0,1,7,tree 54
SNV9539,1.0,1,7,tree 54
SNV79,0.0,0,8,tree 54
SNV204,0.0,0,8,tree 54
SNV290,0.0,0,8,tree 54
SNV387,0.0,0,8,tree 54
SNV415,0.0,0,8,tree 54
SNV585,0.0,0,8,tree 54
SNV690,0.0,0,8,tree 54
SNV704,0.0,0,8,tree 54
SNV765,0.0,0,8,tree 54
SNV789,0.0,0,8,tree 54
SNV831,0.0,0,8,tree 54
SNV875,0.0,0,8,tree 54
SNV906,0.0,0,8,tree 54
SNV1063,0.0,0,8,tree 54
SNV1182,0.0,0,8,tree 54
SNV1265,0.0,0,8,tree 54
SNV1394,0.0,0,8,tree 54
SNV1664,0.0,0,8,tree 54
SNV1703,0.0,0,8,tree 54
SNV1744,0.0,0,8,tree 54
SNV1754,0.0,0,8,tree 54
SNV1778,0.0,0,8,tree 54
SNV1846,0.0705128205128205,0,8,tree 54
SNV1914,0.0,0,8,tree 54
SNV2025,0.0,0,8,tree 54
SNV2097,0.0,0,8,tree 54
SNV2102,0.0461538461538461,0,8,tree 54
SNV2105,0.0,0,8,tree 54
SNV2112,0.0,0,8,tree 54
SNV2126,0.0,0,8,tree 54
SNV2164,0.0,0,8,tree 54
SNV2237,0.0,0,8,tree 54
SNV2353,0.0,0,8,tree 54
SNV2707,0.0,0,8,tree 54
SNV2762,0.0,0,8,tree 54
SNV2844,0.0,0,8,tree 54
SNV2966,0.0,0,8,tree 54
SNV3189,0.0,0,8,tree 54
SNV3228,0.0,0,8,tree 54
SNV3335,0.0,0,8,tree 54
SNV3390,0.0,0,8,tree 54
SNV3450,0.0,0,8,tree 54
SNV3606,0.0,0,8,tree 54
SNV3651,0.0,0,8,tree 54
SNV3739,0.0,0,8,tree 54
SNV3798,0.0588235294117647,0,8,tree 54
SNV3804,0.0,0,8,tree 54
SNV3877,0.0,0,8,tree 54
SNV4363,0.0,0,8,tree 54
SNV4366,0.0,0,8,tree 54
SNV4373,0.0,0,8,tree 54
SNV4381,0.0,0,8,tree 54
SNV4427,0.0,0,8,tree 54
SNV4450,0.0,0,8,tree 54
SNV4574,0.0,0,8,tree 54
SNV4647,0.0,0,8,tree 54
SNV4706,0.0,0,8,tree 54
SNV4720,0.0,0,8,tree 54
SNV4743,0.0,0,8,tree 54
SNV4762,0.0,0,8,tree 54
SNV4782,0.0,0,8,tree 54
SNV4835,0.0,0,8,tree 54
SNV4866,0.0,0,8,tree 54
SNV4978,0.0,0,8,tree 54
SNV5092,0.0,0,8,tree 54
SNV5117,0.0158730158730158,0,8,tree 54
SNV5342,0.0,0,8,tree 54
SNV5366,0.0,0,8,tree 54
SNV5370,0.0,0,8,tree 54
SNV5421,0.0,0,8,tree 54
SNV5523,0.0,0,8,tree 54
SNV5581,0.0,0,8,tree 54
SNV5612,0.0,0,8,tree 54
SNV5622,0.0,0,8,tree 54
SNV5646,0.0,0,8,tree 54
SNV5877,0.0,0,8,tree 54
SNV5939,0.0,0,8,tree 54
SNV5984,0.0,0,8,tree 54
SNV6081,0.0,0,8,tree 54
SNV6143,0.0,0,8,tree 54
SNV6173,0.0,0,8,tree 54
SNV6174,0.0,0,8,tree 54
SNV6186,0.0,0,8,tree 54
SNV6189,0.0,0,8,tree 54
SNV6249,0.0,0,8,tree 54
SNV6258,0.0,0,8,tree 54
SNV6364,0.0,0,8,tree 54
SNV6388,0.0,0,8,tree 54
SNV6390,0.0,0,8,tree 54
SNV6448,0.0,0,8,tree 54
SNV6603,0.0,0,8,tree 54
SNV6612,0.0,0,8,tree 54
SNV6639,0.0,0,8,tree 54
SNV6674,0.0,0,8,tree 54
SNV6761,0.0,0,8,tree 54
SNV6766,0.0,0,8,tree 54
SNV6833,0.0,0,8,tree 54
SNV6877,0.0,0,8,tree 54
SNV7023,0.0,0,8,tree 54
SNV7161,0.0,0,8,tree 54
SNV7337,0.0,0,8,tree 54
SNV7460,0.0,0,8,tree 54
SNV7617,0.0,0,8,tree 54
SNV7626,0.0,0,8,tree 54
SNV7633,0.0,0,8,tree 54
SNV7814,0.0,0,8,tree 54
SNV7818,0.0,0,8,tree 54
SNV7846,0.0,0,8,tree 54
SNV8062,0.0,0,8,tree 54
SNV8088,0.0,0,8,tree 54
SNV8111,0.0,0,8,tree 54
SNV8190,0.0,0,8,tree 54
SNV8234,0.0,0,8,tree 54
SNV8255,0.0,0,8,tree 54
SNV8259,0.0,0,8,tree 54
SNV8262,0.0,0,8,tree 54
SNV8377,0.0,0,8,tree 54
SNV8381,0.0769230769230769,0,8,tree 54
SNV8382,0.0,0,8,tree 54
SNV8411,0.0,0,8,tree 54
SNV8419,0.0,0,8,tree 54
SNV8438,0.0097087378640776,0,8,tree 54
SNV8661,0.0,0,8,tree 54
SNV8711,0.0,0,8,tree 54
SNV8852,0.0,0,8,tree 54
SNV8907,0.0,0,8,tree 54
SNV8942,0.0,0,8,tree 54
SNV8944,0.0,0,8,tree 54
SNV9002,0.0,0,8,tree 54
SNV9102,0.0,0,8,tree 54
SNV9131,0.0,0,8,tree 54
SNV9206,0.0,0,8,tree 54
SNV9341,0.0,0,8,tree 54
SNV79,0.6,1,8,tree 54
SNV204,0.5454545454545454,1,8,tree 54
SNV290,0.6,1,8,tree 54
SNV387,0.7,1,8,tree 54
SNV415,0.4,1,8,tree 54
SNV585,0.3333333333333333,1,8,tree 54
SNV690,0.25,1,8,tree 54
SNV704,0.5,1,8,tree 54
SNV765,0.7333333333333333,1,8,tree 54
SNV789,0.3333333333333333,1,8,tree 54
SNV831,0.3157894736842105,1,8,tree 54
SNV875,0.375,1,8,tree 54
SNV906,0.3157894736842105,1,8,tree 54
SNV1063,0.625,1,8,tree 54
SNV1182,1.0,1,8,tree 54
SNV1265,0.2307692307692307,1,8,tree 54
SNV1394,0.3636363636363636,1,8,tree 54
SNV1664,0.2727272727272727,1,8,tree 54
SNV1703,0.3684210526315789,1,8,tree 54
SNV1744,0.4545454545454545,1,8,tree 54
SNV1754,0.3,1,8,tree 54
SNV1778,0.3125,1,8,tree 54
SNV1846,0.15,1,8,tree 54
SNV1914,0.1304347826086956,1,8,tree 54
SNV2025,0.1666666666666666,1,8,tree 54
SNV2097,0.3333333333333333,1,8,tree 54
SNV2102,0.15,1,8,tree 54
SNV2105,0.25,1,8,tree 54
SNV2112,0.7,1,8,tree 54
SNV2126,0.3125,1,8,tree 54
SNV2164,0.4545454545454545,1,8,tree 54
SNV2237,0.4166666666666667,1,8,tree 54
SNV2353,0.6,1,8,tree 54
SNV2707,0.4,1,8,tree 54
SNV2762,0.5,1,8,tree 54
SNV2844,0.5833333333333334,1,8,tree 54
SNV2966,0.5,1,8,tree 54
SNV3189,0.24,1,8,tree 54
SNV3228,0.3,1,8,tree 54
SNV3335,0.4444444444444444,1,8,tree 54
SNV3390,0.2631578947368421,1,8,tree 54
SNV3450,0.625,1,8,tree 54
SNV3606,0.2857142857142857,1,8,tree 54
SNV3651,0.375,1,8,tree 54
SNV3739,0.5454545454545454,1,8,tree 54
SNV3798,0.1818181818181818,1,8,tree 54
SNV3804,0.5,1,8,tree 54
SNV3877,0.2727272727272727,1,8,tree 54
SNV4363,0.4,1,8,tree 54
SNV4366,0.2352941176470588,1,8,tree 54
SNV4373,0.4,1,8,tree 54
SNV4381,0.2972972972972973,1,8,tree 54
SNV4427,0.4285714285714285,1,8,tree 54
SNV4450,0.3636363636363636,1,8,tree 54
SNV4574,0.2727272727272727,1,8,tree 54
SNV4647,0.1944444444444444,1,8,tree 54
SNV4706,0.2857142857142857,1,8,tree 54
SNV4720,0.2307692307692307,1,8,tree 54
SNV4743,0.5,1,8,tree 54
SNV4762,0.4,1,8,tree 54
SNV4782,0.2142857142857142,1,8,tree 54
SNV4835,0.625,1,8,tree 54
SNV4866,0.2,1,8,tree 54
SNV4978,0.25,1,8,tree 54
SNV5092,0.2307692307692307,1,8,tree 54
SNV5117,0.3809523809523809,1,8,tree 54
SNV5342,0.5,1,8,tree 54
SNV5366,0.4,1,8,tree 54
SNV5370,0.5,1,8,tree 54
SNV5421,0.55,1,8,tree 54
SNV5523,0.4,1,8,tree 54
SNV5581,0.3333333333333333,1,8,tree 54
SNV5612,0.5,1,8,tree 54
SNV5622,0.4117647058823529,1,8,tree 54
SNV5646,0.7142857142857143,1,8,tree 54
SNV5877,0.4444444444444444,1,8,tree 54
SNV5939,0.5555555555555556,1,8,tree 54
SNV5984,0.625,1,8,tree 54
SNV6081,0.6666666666666666,1,8,tree 54
SNV6143,0.5,1,8,tree 54
SNV6173,0.3333333333333333,1,8,tree 54
SNV6174,0.4615384615384615,1,8,tree 54
SNV6186,0.3,1,8,tree 54
SNV6189,0.2727272727272727,1,8,tree 54
SNV6249,0.6666666666666666,1,8,tree 54
SNV6258,0.8,1,8,tree 54
SNV6364,0.25,1,8,tree 54
SNV6388,0.25,1,8,tree 54
SNV6390,0.5714285714285714,1,8,tree 54
SNV6448,0.1333333333333333,1,8,tree 54
SNV6603,0.7,1,8,tree 54
SNV6612,0.25,1,8,tree 54
SNV6639,0.5384615384615384,1,8,tree 54
SNV6674,0.5,1,8,tree 54
SNV6761,0.4705882352941176,1,8,tree 54
SNV6766,0.1333333333333333,1,8,tree 54
SNV6833,0.6666666666666666,1,8,tree 54
SNV6877,0.4444444444444444,1,8,tree 54
SNV7023,0.6,1,8,tree 54
SNV7161,0.4615384615384615,1,8,tree 54
SNV7337,0.5,1,8,tree 54
SNV7460,0.6,1,8,tree 54
SNV7617,0.6666666666666666,1,8,tree 54
SNV7626,0.1666666666666666,1,8,tree 54
SNV7633,0.2857142857142857,1,8,tree 54
SNV7814,0.15625,1,8,tree 54
SNV7818,0.2857142857142857,1,8,tree 54
SNV7846,0.4230769230769231,1,8,tree 54
SNV8062,0.2727272727272727,1,8,tree 54
SNV8088,0.2142857142857142,1,8,tree 54
SNV8111,0.2727272727272727,1,8,tree 54
SNV8190,0.25,1,8,tree 54
SNV8234,0.2,1,8,tree 54
SNV8255,0.238095238095238,1,8,tree 54
SNV8259,0.1428571428571428,1,8,tree 54
SNV8262,0.1388888888888889,1,8,tree 54
SNV8377,0.1346153846153846,1,8,tree 54
SNV8381,0.1944444444444444,1,8,tree 54
SNV8382,0.25,1,8,tree 54
SNV8411,0.1785714285714285,1,8,tree 54
SNV8419,0.2727272727272727,1,8,tree 54
SNV8438,0.2,1,8,tree 54
SNV8661,0.2142857142857142,1,8,tree 54
SNV8711,0.2083333333333333,1,8,tree 54
SNV8852,0.2,1,8,tree 54
SNV8907,0.2142857142857142,1,8,tree 54
SNV8942,0.1333333333333333,1,8,tree 54
SNV8944,0.1923076923076923,1,8,tree 54
SNV9002,0.6923076923076923,1,8,tree 54
SNV9102,0.8333333333333334,1,8,tree 54
SNV9131,0.4285714285714285,1,8,tree 54
SNV9206,0.2777777777777778,1,8,tree 54
SNV9341,0.4285714285714285,1,8,tree 54
