node,m,x,y,xbar,ybar,segment
2,24,3,1,0,0,0
2,25,3,1,0,0,0
2,53,3,1,0,1,0
2,58,3,1,0,0,0
2,86,3,1,0,0,0
2,89,3,1,0,0,0
2,103,3,1,0,1,0
2,122,3,1,0,0,0
2,156,3,1,0,0,0
2,158,3,1,0,0,0
2,175,3,1,2,0,0
2,206,3,1,0,1,0
2,218,3,1,0,1,0
2,232,3,1,0,0,0
2,242,3,1,2,0,0
2,245,3,1,0,1,0
2,252,3,1,0,1,0
2,295,3,1,0,0,0
2,310,3,1,2,0,0
2,319,3,1,0,0,0
2,332,3,1,0,1,0
2,334,3,1,0,0,0
2,335,3,1,0,0,0
2,342,3,1,0,0,0
2,345,3,1,0,0,0
2,356,3,1,0,0,0
2,361,3,1,0,1,0
2,390,3,1,0,1,0
2,391,3,1,2,0,0
2,394,3,1,0,0,0
2,404,3,1,2,0,0
2,412,3,1,0,0,0
2,427,3,1,2,0,0
2,438,3,1,0,0,0
2,458,3,1,0,0,0
2,461,3,1,0,0,0
2,510,3,1,0,0,0
2,553,3,1,0,1,0
2,569,3,1,0,0,0
2,571,3,1,0,1,0
2,592,3,1,0,1,0
2,612,3,1,0,0,0
2,616,3,1,0,1,0
2,634,3,1,0,0,0
2,635,3,1,0,1,0
2,692,3,1,0,0,0
2,701,3,1,0,0,0
2,709,3,1,0,1,0
2,787,3,1,0,1,0
2,807,3,1,0,0,0
2,815,3,1,0,0,0
2,827,3,1,2,0,0
2,830,3,1,2,0,0
2,845,3,1,0,0,0
2,853,3,1,2,0,0
2,873,3,1,0,0,0
2,890,3,1,0,0,0
2,933,3,1,0,0,0
2,973,3,1,0,0,0
2,1018,3,1,0,0,0
2,1031,3,1,2,0,0
2,1047,3,1,2,0,0
2,1089,3,1,0,0,0
2,1097,3,1,1,0,0
2,1143,3,1,0,0,0
2,1154,3,1,0,0,0
2,1173,3,1,0,0,0
2,1182,3,1,0,0,0
2,1188,3,1,0,0,0
2,1216,3,1,0,0,0
2,1262,3,1,0,1,0
2,1284,3,1,0,0,0
2,1333,3,1,0,0,0
2,1373,3,1,0,0,0
2,1386,3,1,2,0,0
2,1460,3,1,0,0,0
2,1481,3,1,0,0,0
2,1489,3,1,2,0,0
2,1515,3,1,0,0,0
2,1536,3,1,0,0,0
2,1552,3,1,2,0,0
2,1557,3,1,2,0,0
2,1586,3,1,0,0,0
2,1593,3,1,0,0,0
2,1616,3,1,0,1,0
2,1627,3,1,0,1,0
2,1652,3,1,0,0,0
2,1664,3,1,0,1,0
2,1701,3,1,2,0,0
2,1708,3,1,0,1,0
2,1716,3,1,0,0,0
2,1738,3,1,2,0,0
2,1744,3,1,0,0,0
2,1747,3,1,0,0,0
2,1774,3,1,0,0,0
2,1795,3,1,0,0,0
2,1796,3,1,0,0,0
2,1802,3,1,0,1,0
2,1822,3,1,0,0,0
2,1828,3,1,2,0,0
2,1858,3,1,0,0,0
2,1888,3,1,0,0,0
2,1920,3,1,0,1,0
2,1924,3,1,0,0,0
2,1939,3,1,0,1,0
2,1946,3,1,0,0,0
2,1979,3,1,0,0,0
2,2015,3,1,0,0,0
2,2071,3,1,2,0,0
2,2091,3,1,0,1,0
2,2093,3,1,2,0,0
2,2095,3,1,0,1,0
2,2119,3,1,0,1,0
2,2121,3,1,0,0,0
2,2128,3,1,0,0,0
2,2139,3,1,0,0,0
2,2172,3,1,0,1,0
2,2176,3,1,2,0,0
2,2181,3,1,0,1,0
2,2218,3,1,0,0,0
2,2222,3,1,0,0,0
2,2247,3,1,0,0,0
2,2282,3,1,0,1,0
2,2292,3,1,2,0,0
2,2327,3,1,2,0,0
2,2334,3,1,2,0,0
2,2337,3,1,0,1,0
2,2346,3,1,2,0,0
2,2378,3,1,2,0,0
2,2380,3,1,0,0,0
2,2385,3,1,0,0,0
2,2387,3,1,2,0,0
2,2420,3,1,0,0,0
2,2441,3,1,0,0,0
2,2449,3,1,0,1,0
2,2456,3,1,0,0,0
2,2465,3,1,0,0,0
2,2473,3,1,0,0,0
2,2498,3,1,0,0,0
2,2,1,1,0,1,1
2,7,1,1,0,1,1
2,61,1,1,0,0,1
2,130,1,1,1,0,1
2,138,1,1,0,0,1
2,150,1,1,0,0,1
2,154,1,1,0,0,1
2,155,1,1,0,0,1
2,159,1,1,0,1,1
2,176,1,1,0,0,1
2,185,1,1,0,0,1
2,193,1,1,0,0,1
2,200,1,1,0,0,1
2,203,1,1,0,0,1
2,209,1,1,0,0,1
2,210,1,1,0,1,1
2,235,1,1,1,0,1
2,251,1,1,0,0,1
2,253,1,1,0,1,1
2,254,1,1,0,1,1
2,260,1,1,0,1,1
2,271,1,1,0,0,1
2,280,1,1,0,1,1
2,283,1,1,0,0,1
2,284,1,1,0,0,1
2,298,1,1,0,1,1
2,317,1,1,0,1,1
2,318,1,1,1,0,1
2,324,1,1,0,0,1
2,328,1,1,0,0,1
2,336,1,1,0,1,1
2,347,1,1,0,1,1
2,372,1,1,0,0,1
2,378,1,1,0,0,1
2,410,1,1,1,0,1
2,419,1,1,0,0,1
2,430,1,1,0,0,1
2,434,1,1,0,0,1
2,462,1,1,0,1,1
2,469,1,1,0,0,1
2,472,1,1,0,0,1
2,496,1,1,0,0,1
2,524,1,1,0,0,1
2,545,1,1,0,0,1
2,558,1,1,0,0,1
2,565,1,1,0,1,1
2,597,1,1,0,0,1
2,604,1,1,0,0,1
2,619,1,1,1,0,1
2,622,1,1,0,0,1
2,631,1,1,0,1,1
2,647,1,1,0,1,1
2,655,1,1,0,0,1
2,662,1,1,1,0,1
2,711,1,1,0,0,1
2,717,1,1,0,0,1
2,744,1,1,0,1,1
2,752,1,1,0,1,1
2,766,1,1,0,0,1
2,769,1,1,0,0,1
2,777,1,1,0,1,1
2,795,1,1,0,0,1
2,797,1,1,0,0,1
2,803,1,1,1,0,1
2,833,1,1,0,1,1
2,848,1,1,0,1,1
2,896,1,1,0,0,1
2,923,1,1,1,0,1
2,925,1,1,0,0,1
2,940,1,1,0,0,1
2,951,1,1,1,0,1
2,960,1,1,0,0,1
2,977,1,1,0,0,1
2,981,1,1,1,0,1
2,995,1,1,1,0,1
2,1020,1,1,1,0,1
2,1024,1,1,1,0,1
2,1068,1,1,0,0,1
2,1082,1,1,0,0,1
2,1098,1,1,0,0,1
2,1106,1,1,0,0,1
2,1109,1,1,0,0,1
2,1147,1,1,0,1,1
2,1152,1,1,1,0,1
2,1157,1,1,0,0,1
2,1167,1,1,0,0,1
2,1170,1,1,0,0,1
2,1172,1,1,1,0,1
2,1177,1,1,1,0,1
2,1192,1,1,0,1,1
2,1208,1,1,0,0,1
2,1210,1,1,0,0,1
2,1225,1,1,0,1,1
2,1241,1,1,0,0,1
2,1242,1,1,0,1,1
2,1275,1,1,0,0,1
2,1276,1,1,0,0,1
2,1285,1,1,0,0,1
2,1287,1,1,1,0,1
2,1302,1,1,0,0,1
2,1305,1,1,0,0,1
2,1322,1,1,0,1,1
2,1368,1,1,1,0,1
2,1390,1,1,0,0,1
2,1404,1,1,0,0,1
2,1423,1,1,0,1,1
2,1437,1,1,0,0,1
2,1467,1,1,0,0,1
2,1474,1,1,0,0,1
2,1487,1,1,1,0,1
2,1494,1,1,0,0,1
2,1500,1,1,0,0,1
2,1503,1,1,0,0,1
2,1512,1,1,0,1,1
2,1530,1,1,0,0,1
2,1540,1,1,0,0,1
2,1555,1,1,0,0,1
2,1591,1,1,1,0,1
2,1603,1,1,0,1,1
2,1617,1,1,1,0,1
2,1630,1,1,0,1,1
2,1659,1,1,0,1,1
2,1662,1,1,1,0,1
2,1673,1,1,1,0,1
2,1689,1,1,0,1,1
2,1702,1,1,0,0,1
2,1710,1,1,0,0,1
2,1734,1,1,1,0,1
2,1797,1,1,0,0,1
2,1816,1,1,0,0,1
2,1820,1,1,1,0,1
2,1832,1,1,0,0,1
2,1863,1,1,0,1,1
2,1887,1,1,1,0,1
2,1896,1,1,0,0,1
2,1929,1,1,0,0,1
2,1941,1,1,0,1,1
2,1952,1,1,1,0,1
2,1955,1,1,0,0,1
2,1961,1,1,0,0,1
2,1966,1,1,1,0,1
2,1968,1,1,0,0,1
2,1980,1,1,1,0,1
2,1984,1,1,0,0,1
2,1988,1,1,0,0,1
2,1990,1,1,0,0,1
2,2000,1,1,0,0,1
2,2007,1,1,1,0,1
2,2033,1,1,1,0,1
2,2049,1,1,0,1,1
2,2068,1,1,0,1,1
2,2082,1,1,0,0,1
2,2096,1,1,1,0,1
2,2100,1,1,0,0,1
2,2108,1,1,1,0,1
2,2110,1,1,0,0,1
2,2141,1,1,1,0,1
2,2154,1,1,0,0,1
2,2158,1,1,0,0,1
2,2170,1,1,1,0,1
2,2184,1,1,0,0,1
2,2192,1,1,0,0,1
2,2217,1,1,1,0,1
2,2219,1,1,0,1,1
2,2225,1,1,0,0,1
2,2234,1,1,0,0,1
2,2242,1,1,1,0,1
2,2252,1,1,0,1,1
2,2258,1,1,0,1,1
2,2266,1,1,0,1,1
2,2271,1,1,0,0,1
2,2294,1,1,0,1,1
2,2300,1,1,1,0,1
2,2320,1,1,0,0,1
2,2324,1,1,1,0,1
2,2344,1,1,0,1,1
2,2347,1,1,0,1,1
2,2350,1,1,0,0,1
2,2353,1,1,0,0,1
2,2357,1,1,0,0,1
2,2372,1,1,0,1,1
2,2383,1,1,0,0,1
2,2399,1,1,0,0,1
2,2422,1,1,1,0,1
2,2424,1,1,0,0,1
2,2438,1,1,1,0,1
2,2452,1,1,0,0,1
2,2468,1,1,0,1,1
2,2488,1,1,0,0,1
2,18,1,1,1,0,2
2,39,1,1,0,0,2
2,40,1,1,0,1,2
2,67,1,1,0,0,2
2,74,1,1,0,0,2
2,76,1,1,0,0,2
2,95,1,1,0,0,2
2,97,1,1,1,0,2
2,98,1,1,0,0,2
2,115,1,1,0,0,2
2,125,1,1,0,0,2
2,126,1,1,0,0,2
2,170,1,1,0,0,2
2,179,1,1,0,0,2
2,181,1,1,0,1,2
2,205,1,1,0,1,2
2,212,1,1,0,1,2
2,214,1,1,0,0,2
2,219,1,1,0,0,2
2,226,1,1,0,1,2
2,241,1,1,0,1,2
2,246,1,1,0,0,2
2,285,1,1,0,0,2
2,302,1,1,0,0,2
2,308,1,1,0,0,2
2,320,1,1,0,0,2
2,322,1,1,0,0,2
2,323,1,1,0,1,2
2,325,1,1,0,0,2
2,349,1,1,0,0,2
2,354,1,1,1,0,2
2,363,1,1,0,0,2
2,365,1,1,1,0,2
2,370,1,1,1,0,2
2,402,1,1,0,1,2
2,417,1,1,0,0,2
2,444,1,1,0,0,2
2,456,1,1,0,0,2
2,505,1,1,0,1,2
2,516,1,1,0,0,2
2,531,1,1,0,1,2
2,559,1,1,1,0,2
2,583,1,1,0,0,2
2,611,1,1,0,1,2
2,621,1,1,0,0,2
2,627,1,1,1,0,2
2,628,1,1,1,0,2
2,646,1,1,1,0,2
2,653,1,1,0,1,2
2,659,1,1,0,1,2
2,684,1,1,1,0,2
2,691,1,1,1,0,2
2,713,1,1,0,0,2
2,714,1,1,0,0,2
2,715,1,1,1,0,2
2,749,1,1,0,0,2
2,751,1,1,1,0,2
2,770,1,1,0,1,2
2,786,1,1,0,0,2
2,836,1,1,0,1,2
2,884,1,1,0,0,2
2,892,1,1,0,0,2
2,900,1,1,0,0,2
2,907,1,1,0,1,2
2,930,1,1,1,0,2
2,934,1,1,0,0,2
2,941,1,1,0,0,2
2,942,1,1,0,0,2
2,948,1,1,0,0,2
2,952,1,1,0,0,2
2,957,1,1,0,0,2
2,959,1,1,0,0,2
2,969,1,1,0,0,2
2,982,1,1,0,0,2
2,984,1,1,0,0,2
2,986,1,1,1,0,2
2,992,1,1,1,0,2
2,997,1,1,0,1,2
2,1017,1,1,0,0,2
2,1021,1,1,1,0,2
2,1037,1,1,0,0,2
2,1056,1,1,0,0,2
2,1090,1,1,0,0,2
2,1096,1,1,0,1,2
2,1099,1,1,0,0,2
2,1105,1,1,0,0,2
2,1127,1,1,0,1,2
2,1130,1,1,0,0,2
2,1145,1,1,0,0,2
2,1150,1,1,0,0,2
2,1159,1,1,0,0,2
2,1162,1,1,1,0,2
2,1184,1,1,0,0,2
2,1190,1,1,0,1,2
2,1197,1,1,0,0,2
2,1207,1,1,0,1,2
2,1220,1,1,0,0,2
2,1238,1,1,0,0,2
2,1292,1,1,0,1,2
2,1299,1,1,0,0,2
2,1303,1,1,0,0,2
2,1312,1,1,0,0,2
2,1413,1,1,0,0,2
2,1427,1,1,0,0,2
2,1445,1,1,0,0,2
2,1482,1,1,1,0,2
2,1521,1,1,0,1,2
2,1522,1,1,0,0,2
2,1543,1,1,0,1,2
2,1546,1,1,0,0,2
2,1562,1,1,1,0,2
2,1582,1,1,0,1,2
2,1592,1,1,0,0,2
2,1618,1,1,0,0,2
2,1621,1,1,0,0,2
2,1631,1,1,0,0,2
2,1647,1,1,1,0,2
2,1665,1,1,0,0,2
2,1682,1,1,0,0,2
2,1683,1,1,0,0,2
2,1751,1,1,0,0,2
2,1760,1,1,0,0,2
2,1781,1,1,0,0,2
2,1786,1,1,0,1,2
2,1801,1,1,0,1,2
2,1807,1,1,0,0,2
2,1809,1,1,1,0,2
2,1815,1,1,0,0,2
2,1853,1,1,0,1,2
2,1881,1,1,0,0,2
2,1897,1,1,0,1,2
2,1905,1,1,0,0,2
2,1926,1,1,0,0,2
2,1963,1,1,0,0,2
2,1967,1,1,1,0,2
2,1969,1,1,0,1,2
2,1970,1,1,0,0,2
2,1971,1,1,0,0,2
2,1974,1,1,0,1,2
2,1991,1,1,0,1,2
2,1996,1,1,0,0,2
2,2009,1,1,0,0,2
2,2011,1,1,0,0,2
2,2032,1,1,0,1,2
2,2036,1,1,0,1,2
2,2046,1,1,1,0,2
2,2050,1,1,0,0,2
2,2063,1,1,0,0,2
2,2099,1,1,0,0,2
2,2112,1,1,0,0,2
2,2136,1,1,1,0,2
2,2142,1,1,0,0,2
2,2144,1,1,1,0,2
2,2150,1,1,0,0,2
2,2162,1,1,0,0,2
2,2166,1,1,0,0,2
2,2168,1,1,0,0,2
2,2194,1,1,0,0,2
2,2226,1,1,0,0,2
2,2281,1,1,0,0,2
2,2285,1,1,0,1,2
2,2297,1,1,0,1,2
2,2321,1,1,0,1,2
2,2342,1,1,1,0,2
2,2376,1,1,1,0,2
2,2388,1,1,0,0,2
2,2421,1,1,0,0,2
2,2423,1,1,0,0,2
2,2428,1,1,0,0,2
2,2444,1,1,0,1,2
2,2447,1,1,0,0,2
2,2448,1,1,0,1,2
2,2455,1,1,0,1,2
2,2466,1,1,0,0,2
2,2471,1,1,0,0,2
2,2483,1,1,0,0,2
2,2494,1,1,0,0,2
2,1,0,2,0,1,3
2,16,0,2,0,0,3
2,22,0,2,0,0,3
2,33,0,2,0,1,3
2,34,0,2,0,1,3
2,45,0,2,0,0,3
2,48,0,2,0,0,3
2,56,0,2,0,0,3
2,57,0,2,0,0,3
2,59,0,2,0,0,3
2,111,0,2,0,0,3
2,129,0,2,0,0,3
2,144,0,2,0,0,3
2,165,0,2,0,0,3
2,183,0,2,0,0,3
2,222,0,2,0,0,3
2,229,0,2,0,0,3
2,231,0,2,0,0,3
2,248,0,2,0,0,3
2,263,0,2,0,0,3
2,269,0,2,0,0,3
2,275,0,2,0,0,3
2,292,0,2,0,0,3
2,303,0,2,0,0,3
2,307,0,2,0,0,3
2,351,0,2,0,0,3
2,362,0,2,0,0,3
2,379,0,2,0,1,3
2,386,0,2,0,1,3
2,396,0,2,0,1,3
2,408,0,2,0,1,3
2,413,0,2,0,0,3
2,448,0,2,0,0,3
2,449,0,2,0,0,3
2,455,0,2,0,0,3
2,457,0,2,0,0,3
2,464,0,2,0,0,3
2,478,0,2,0,1,3
2,485,0,2,0,0,3
2,494,0,2,0,0,3
2,495,0,2,0,0,3
2,507,0,2,0,0,3
2,527,0,2,0,0,3
2,537,0,2,0,0,3
2,538,0,2,0,0,3
2,544,0,2,0,0,3
2,551,0,2,0,0,3
2,555,0,2,0,0,3
2,562,0,2,0,0,3
2,566,0,2,0,1,3
2,573,0,2,0,0,3
2,620,0,2,0,0,3
2,639,0,2,0,0,3
2,663,0,2,0,1,3
2,666,0,2,0,0,3
2,669,0,2,0,0,3
2,677,0,2,0,0,3
2,708,0,2,0,0,3
2,724,0,2,0,0,3
2,730,0,2,0,0,3
2,804,0,2,0,0,3
2,808,0,2,0,0,3
2,820,0,2,0,0,3
2,832,0,2,0,0,3
2,852,0,2,0,0,3
2,856,0,2,0,0,3
2,859,0,2,0,0,3
2,861,0,2,0,0,3
2,867,0,2,0,1,3
2,901,0,2,0,0,3
2,915,0,2,0,0,3
2,921,0,2,0,0,3
2,928,0,2,0,0,3
2,946,0,2,0,0,3
2,955,0,2,0,0,3
2,983,0,2,0,0,3
2,987,0,2,0,0,3
2,1026,0,2,0,1,3
2,1035,0,2,0,0,3
2,1050,0,2,0,0,3
2,1058,0,2,0,0,3
2,1111,0,2,0,0,3
2,1133,0,2,0,0,3
2,1138,0,2,0,1,3
2,1140,0,2,0,0,3
2,1151,0,2,0,0,3
2,1176,0,2,0,0,3
2,1178,0,2,0,1,3
2,1181,0,2,0,1,3
2,1185,0,2,0,0,3
2,1189,0,2,0,0,3
2,1195,0,2,0,0,3
2,1200,0,2,0,0,3
2,1218,0,2,0,1,3
2,1221,0,2,0,0,3
2,1226,0,2,0,0,3
2,1235,0,2,0,0,3
2,1251,0,2,0,0,3
2,1263,0,2,0,1,3
2,1283,0,2,0,0,3
2,1298,0,2,0,0,3
2,1327,0,2,0,0,3
2,1335,0,2,0,0,3
2,1351,0,2,0,0,3
2,1362,0,2,0,0,3
2,1372,0,2,0,0,3
2,1387,0,2,0,0,3
2,1394,0,2,0,0,3
2,1405,0,2,0,0,3
2,1417,0,2,0,0,3
2,1425,0,2,0,0,3
2,1439,0,2,0,0,3
2,1451,0,2,0,0,3
2,1458,0,2,0,0,3
2,1463,0,2,0,0,3
2,1469,0,2,0,1,3
2,1480,0,2,0,0,3
2,1484,0,2,0,0,3
2,1505,0,2,0,0,3
2,1506,0,2,0,0,3
2,1507,0,2,0,0,3
2,1529,0,2,0,0,3
2,1534,0,2,0,0,3
2,1537,0,2,0,0,3
2,1571,0,2,0,1,3
2,1573,0,2,0,0,3
2,1574,0,2,0,0,3
2,1575,0,2,0,0,3
2,1590,0,2,0,0,3
2,1606,0,2,0,0,3
2,1609,0,2,0,0,3
2,1636,0,2,0,0,3
2,1648,0,2,0,0,3
2,1653,0,2,0,0,3
2,1678,0,2,0,0,3
2,1695,0,2,0,0,3
2,1709,0,2,0,0,3
2,1721,0,2,0,0,3
2,1748,0,2,0,0,3
2,1770,0,2,0,0,3
2,1772,0,2,0,1,3
2,1780,0,2,0,0,3
2,1788,0,2,0,0,3
2,1803,0,2,0,1,3
2,1805,0,2,0,0,3
2,1834,0,2,0,0,3
2,1859,0,2,0,0,3
2,1861,0,2,0,0,3
2,1904,0,2,0,0,3
2,1907,0,2,0,0,3
2,1931,0,2,0,0,3
2,1947,0,2,0,0,3
2,1950,0,2,0,1,3
2,2013,0,2,0,0,3
2,2026,0,2,0,0,3
2,2040,0,2,0,0,3
2,2043,0,2,0,0,3
2,2065,0,2,0,0,3
2,2066,0,2,0,0,3
2,2080,0,2,0,0,3
2,2081,0,2,0,0,3
2,2114,0,2,0,0,3
2,2115,0,2,0,0,3
2,2133,0,2,0,0,3
2,2135,0,2,0,0,3
2,2148,0,2,0,0,3
2,2151,0,2,0,0,3
2,2152,0,2,0,0,3
2,2155,0,2,0,0,3
2,2178,0,2,0,0,3
2,2186,0,2,0,0,3
2,2197,0,2,0,1,3
2,2207,0,2,0,0,3
2,2231,0,2,0,0,3
2,2246,0,2,0,0,3
2,2262,0,2,0,0,3
2,2270,0,2,0,0,3
2,2273,0,2,0,1,3
2,2276,0,2,0,0,3
2,2278,0,2,0,1,3
2,2286,0,2,0,0,3
2,2309,0,2,0,0,3
2,2348,0,2,0,0,3
2,2369,0,2,0,0,3
2,2389,0,2,0,0,3
2,2395,0,2,0,1,3
2,2411,0,2,0,0,3
2,2417,0,2,0,0,3
2,2426,0,2,0,0,3
2,2430,0,2,0,0,3
2,2437,0,2,0,0,3
2,2457,0,2,0,0,3
2,2461,0,2,0,1,3
2,2487,0,2,0,0,3
2,14,1,1,1,0,4
2,17,1,1,0,1,4
2,30,1,1,0,0,4
2,31,1,1,0,0,4
2,47,1,1,0,0,4
2,82,1,1,0,0,4
2,84,1,1,0,0,4
2,85,1,1,0,1,4
2,142,1,1,0,0,4
2,146,1,1,0,0,4
2,157,1,1,0,1,4
2,160,1,1,0,0,4
2,171,1,1,0,0,4
2,182,1,1,0,1,4
2,188,1,1,0,0,4
2,189,1,1,0,0,4
2,215,1,1,0,0,4
2,221,1,1,0,0,4
2,225,1,1,0,0,4
2,230,1,1,1,0,4
2,233,1,1,0,0,4
2,237,1,1,0,0,4
2,238,1,1,0,1,4
2,240,1,1,0,0,4
2,249,1,1,0,0,4
2,265,1,1,0,1,4
2,270,1,1,0,1,4
2,297,1,1,0,1,4
2,299,1,1,0,0,4
2,337,1,1,0,0,4
2,338,1,1,0,1,4
2,340,1,1,1,0,4
2,366,1,1,0,0,4
2,368,1,1,1,0,4
2,376,1,1,0,0,4
2,389,1,1,1,0,4
2,400,1,1,1,0,4
2,415,1,1,0,0,4
2,421,1,1,0,0,4
2,428,1,1,0,0,4
2,443,1,1,1,0,4
2,454,1,1,0,0,4
2,466,1,1,0,1,4
2,470,1,1,0,1,4
2,488,1,1,0,1,4
2,492,1,1,0,0,4
2,493,1,1,0,1,4
2,502,1,1,0,0,4
2,525,1,1,0,0,4
2,548,1,1,0,0,4
2,575,1,1,0,0,4
2,585,1,1,0,0,4
2,598,1,1,0,0,4
2,601,1,1,0,1,4
2,617,1,1,1,0,4
2,654,1,1,0,0,4
2,657,1,1,0,1,4
2,670,1,1,1,0,4
2,679,1,1,0,0,4
2,683,1,1,0,0,4
2,685,1,1,0,1,4
2,703,1,1,0,0,4
2,706,1,1,1,0,4
2,722,1,1,0,1,4
2,723,1,1,0,0,4
2,726,1,1,0,0,4
2,733,1,1,0,0,4
2,750,1,1,1,0,4
2,771,1,1,0,0,4
2,788,1,1,1,0,4
2,789,1,1,0,0,4
2,790,1,1,1,0,4
2,796,1,1,0,0,4
2,800,1,1,0,0,4
2,825,1,1,0,0,4
2,841,1,1,0,0,4
2,863,1,1,0,0,4
2,887,1,1,0,0,4
2,888,1,1,0,1,4
2,891,1,1,0,0,4
2,898,1,1,0,0,4
2,903,1,1,0,0,4
2,906,1,1,1,0,4
2,912,1,1,0,1,4
2,916,1,1,0,1,4
2,927,1,1,0,0,4
2,944,1,1,0,0,4
2,961,1,1,0,0,4
2,964,1,1,0,0,4
2,970,1,1,0,0,4
2,991,1,1,1,0,4
2,996,1,1,0,1,4
2,1001,1,1,0,0,4
2,1029,1,1,0,0,4
2,1034,1,1,0,0,4
2,1053,1,1,1,0,4
2,1055,1,1,0,0,4
2,1064,1,1,0,1,4
2,1065,1,1,1,0,4
2,1072,1,1,0,0,4
2,1075,1,1,0,0,4
2,1088,1,1,1,0,4
2,1092,1,1,0,1,4
2,1104,1,1,1,0,4
2,1112,1,1,1,0,4
2,1115,1,1,0,0,4
2,1119,1,1,0,1,4
2,1121,1,1,0,1,4
2,1131,1,1,1,0,4
2,1132,1,1,0,1,4
2,1136,1,1,0,1,4
2,1139,1,1,1,0,4
2,1146,1,1,1,0,4
2,1168,1,1,1,0,4
2,1179,1,1,0,0,4
2,1180,1,1,0,0,4
2,1187,1,1,1,0,4
2,1198,1,1,1,0,4
2,1203,1,1,1,0,4
2,1213,1,1,0,1,4
2,1227,1,1,0,0,4
2,1244,1,1,0,0,4
2,1264,1,1,0,0,4
2,1272,1,1,0,0,4
2,1281,1,1,1,0,4
2,1289,1,1,0,1,4
2,1294,1,1,0,0,4
2,1326,1,1,0,0,4
2,1328,1,1,1,0,4
2,1331,1,1,0,0,4
2,1352,1,1,1,0,4
2,1358,1,1,0,0,4
2,1360,1,1,0,0,4
2,1361,1,1,0,1,4
2,1365,1,1,0,0,4
2,1377,1,1,1,0,4
2,1382,1,1,0,0,4
2,1400,1,1,0,0,4
2,1409,1,1,0,0,4
2,1418,1,1,0,0,4
2,1424,1,1,0,1,4
2,1430,1,1,1,0,4
2,1441,1,1,0,0,4
2,1446,1,1,0,0,4
2,1447,1,1,1,0,4
2,1471,1,1,0,1,4
2,1485,1,1,1,0,4
2,1492,1,1,0,0,4
2,1497,1,1,0,1,4
2,1499,1,1,0,0,4
2,1519,1,1,0,0,4
2,1528,1,1,0,0,4
2,1531,1,1,1,0,4
2,1539,1,1,0,0,4
2,1547,1,1,0,0,4
2,1554,1,1,0,1,4
2,1565,1,1,1,0,4
2,1567,1,1,1,0,4
2,1572,1,1,0,0,4
2,1584,1,1,0,0,4
2,1597,1,1,0,1,4
2,1615,1,1,0,0,4
2,1624,1,1,0,1,4
2,1625,1,1,0,0,4
2,1661,1,1,0,1,4
2,1668,1,1,0,0,4
2,1671,1,1,0,0,4
2,1694,1,1,0,1,4
2,1697,1,1,0,0,4
2,1703,1,1,1,0,4
2,1736,1,1,1,0,4
2,1739,1,1,1,0,4
2,1743,1,1,1,0,4
2,1759,1,1,0,1,4
2,1794,1,1,0,1,4
2,1800,1,1,0,0,4
2,1808,1,1,0,0,4
2,1813,1,1,1,0,4
2,1824,1,1,0,1,4
2,1827,1,1,0,1,4
2,1829,1,1,0,1,4
2,1835,1,1,0,0,4
2,1839,1,1,1,0,4
2,1856,1,1,0,0,4
2,1869,1,1,0,0,4
2,1872,1,1,0,0,4
2,1875,1,1,1,0,4
2,1884,1,1,1,0,4
2,1886,1,1,0,0,4
2,1890,1,1,0,0,4
2,1894,1,1,1,0,4
2,1899,1,1,0,0,4
2,1906,1,1,0,0,4
2,1930,1,1,0,0,4
2,1937,1,1,0,1,4
2,1938,1,1,0,1,4
2,1943,1,1,1,0,4
2,1964,1,1,0,0,4
2,1977,1,1,0,1,4
2,1978,1,1,0,0,4
2,1986,1,1,0,0,4
2,1999,1,1,1,0,4
2,2012,1,1,0,0,4
2,2025,1,1,0,0,4
2,2030,1,1,0,0,4
2,2073,1,1,0,0,4
2,2074,1,1,0,0,4
2,2087,1,1,0,1,4
2,2101,1,1,0,0,4
2,2102,1,1,0,1,4
2,2129,1,1,1,0,4
2,2130,1,1,1,0,4
2,2131,1,1,0,1,4
2,2138,1,1,0,0,4
2,2169,1,1,0,1,4
2,2198,1,1,1,0,4
2,2227,1,1,0,0,4
2,2237,1,1,1,0,4
2,2240,1,1,0,0,4
2,2250,1,1,1,0,4
2,2259,1,1,0,0,4
2,2280,1,1,0,0,4
2,2287,1,1,0,0,4
2,2288,1,1,0,0,4
2,2304,1,1,0,1,4
2,2316,1,1,1,0,4
2,2326,1,1,1,0,4
2,2351,1,1,0,1,4
2,2358,1,1,0,0,4
2,2370,1,1,1,0,4
2,2377,1,1,0,1,4
2,2381,1,1,0,0,4
2,2382,1,1,1,0,4
2,2408,1,1,0,0,4
2,2414,1,1,0,0,4
2,2418,1,1,1,0,4
2,2432,1,1,0,0,4
2,2433,1,1,0,0,4
2,2450,1,1,0,0,4
2,2454,1,1,1,0,4
2,2477,1,1,0,0,4
2,2478,1,1,0,1,4
2,2479,1,1,0,0,4
2,2490,1,1,0,1,4
2,2496,1,1,1,0,4
2,23,2,2,0,0,5
2,42,2,2,0,0,5
2,44,2,2,2,0,5
2,64,2,2,2,0,5
2,75,2,2,0,0,5
2,81,2,2,0,0,5
2,102,2,2,0,2,5
2,106,2,2,0,0,5
2,110,2,2,2,0,5
2,116,2,2,0,0,5
2,119,2,2,0,2,5
2,136,2,2,0,0,5
2,137,2,2,0,0,5
2,174,2,2,0,2,5
2,197,2,2,0,0,5
2,202,2,2,0,0,5
2,227,2,2,0,0,5
2,258,2,2,0,0,5
2,286,2,2,0,2,5
2,287,2,2,0,2,5
2,309,2,2,0,0,5
2,311,2,2,0,0,5
2,313,2,2,0,0,5
2,346,2,2,0,0,5
2,353,2,2,0,0,5
2,360,2,2,0,0,5
2,375,2,2,0,0,5
2,382,2,2,0,0,5
2,393,2,2,0,0,5
2,409,2,2,2,0,5
2,440,2,2,0,0,5
2,445,2,2,0,0,5
2,459,2,2,0,2,5
2,473,2,2,2,0,5
2,519,2,2,0,0,5
2,526,2,2,2,0,5
2,532,2,2,0,0,5
2,541,2,2,0,0,5
2,554,2,2,0,0,5
2,568,2,2,0,0,5
2,589,2,2,2,0,5
2,602,2,2,0,0,5
2,607,2,2,0,0,5
2,613,2,2,0,2,5
2,625,2,2,0,2,5
2,633,2,2,0,0,5
2,638,2,2,0,0,5
2,642,2,2,2,0,5
2,664,2,2,0,0,5
2,686,2,2,0,0,5
2,699,2,2,0,0,5
2,702,2,2,0,2,5
2,710,2,2,0,2,5
2,735,2,2,0,0,5
2,736,2,2,0,2,5
2,742,2,2,0,2,5
2,743,2,2,0,0,5
2,747,2,2,0,0,5
2,748,2,2,0,0,5
2,753,2,2,0,0,5
2,763,2,2,2,0,5
2,764,2,2,0,2,5
2,767,2,2,0,0,5
2,782,2,2,0,2,5
2,793,2,2,2,0,5
2,817,2,2,0,0,5
2,839,2,2,0,0,5
2,844,2,2,2,0,5
2,868,2,2,0,0,5
2,872,2,2,2,0,5
2,876,2,2,0,0,5
2,902,2,2,0,0,5
2,908,2,2,2,0,5
2,932,2,2,0,0,5
2,938,2,2,0,0,5
2,965,2,2,0,0,5
2,966,2,2,2,0,5
2,993,2,2,0,0,5
2,1006,2,2,0,2,5
2,1045,2,2,0,2,5
2,1051,2,2,0,0,5
2,1052,2,2,2,0,5
2,1059,2,2,2,0,5
2,1066,2,2,2,0,5
2,1067,2,2,2,0,5
2,1073,2,2,2,0,5
2,1074,2,2,0,0,5
2,1084,2,2,0,0,5
2,1091,2,2,0,0,5
2,1120,2,2,0,0,5
2,1123,2,2,0,0,5
2,1125,2,2,0,0,5
2,1134,2,2,2,0,5
2,1169,2,2,0,0,5
2,1174,2,2,0,0,5
2,1193,2,2,0,0,5
2,1211,2,2,0,2,5
2,1228,2,2,0,0,5
2,1231,2,2,0,0,5
2,1245,2,2,0,0,5
2,1248,2,2,0,2,5
2,1258,2,2,0,0,5
2,1278,2,2,0,0,5
2,1282,2,2,0,0,5
2,1288,2,2,0,0,5
2,1296,2,2,0,0,5
2,1304,2,2,0,2,5
2,1307,2,2,2,0,5
2,1334,2,2,0,0,5
2,1347,2,2,0,0,5
2,1350,2,2,0,0,5
2,1359,2,2,0,0,5
2,1369,2,2,0,2,5
2,1376,2,2,0,0,5
2,1385,2,2,0,0,5
2,1391,2,2,0,2,5
2,1396,2,2,0,0,5
2,1402,2,2,0,0,5
2,1428,2,2,0,0,5
2,1435,2,2,0,0,5
2,1449,2,2,0,0,5
2,1457,2,2,2,0,5
2,1476,2,2,2,0,5
2,1488,2,2,0,2,5
2,1509,2,2,0,2,5
2,1511,2,2,0,2,5
2,1513,2,2,0,0,5
2,1525,2,2,0,0,5
2,1533,2,2,2,0,5
2,1542,2,2,0,0,5
2,1553,2,2,0,0,5
2,1577,2,2,0,0,5
2,1594,2,2,0,2,5
2,1635,2,2,0,0,5
2,1672,2,2,0,0,5
2,1681,2,2,0,0,5
2,1692,2,2,2,0,5
2,1713,2,2,2,0,5
2,1764,2,2,0,0,5
2,1769,2,2,0,0,5
2,1771,2,2,0,0,5
2,1791,2,2,2,0,5
2,1811,2,2,0,0,5
2,1819,2,2,0,2,5
2,1821,2,2,0,0,5
2,1826,2,2,2,0,5
2,1837,2,2,0,0,5
2,1838,2,2,2,0,5
2,1842,2,2,0,0,5
2,1848,2,2,0,2,5
2,1870,2,2,0,2,5
2,1878,2,2,0,0,5
2,1880,2,2,0,0,5
2,1883,2,2,0,0,5
2,1891,2,2,0,2,5
2,1910,2,2,0,0,5
2,1919,2,2,0,0,5
2,1944,2,2,2,0,5
2,1962,2,2,0,0,5
2,1994,2,2,0,0,5
2,2019,2,2,0,0,5
2,2028,2,2,0,2,5
2,2037,2,2,0,0,5
2,2041,2,2,2,0,5
2,2048,2,2,2,0,5
2,2054,2,2,0,2,5
2,2057,2,2,0,0,5
2,2069,2,2,0,2,5
2,2085,2,2,2,0,5
2,2089,2,2,2,0,5
2,2120,2,2,2,0,5
2,2122,2,2,0,0,5
2,2140,2,2,0,0,5
2,2143,2,2,0,0,5
2,2153,2,2,0,0,5
2,2157,2,2,2,0,5
2,2159,2,2,0,0,5
2,2165,2,2,2,0,5
2,2171,2,2,2,0,5
2,2177,2,2,0,0,5
2,2180,2,2,2,0,5
2,2187,2,2,2,0,5
2,2191,2,2,0,0,5
2,2203,2,2,0,0,5
2,2215,2,2,2,0,5
2,2224,2,2,0,0,5
2,2267,2,2,0,0,5
2,2274,2,2,0,2,5
2,2283,2,2,0,0,5
2,2284,2,2,0,2,5
2,2290,2,2,0,0,5
2,2296,2,2,0,0,5
2,2303,2,2,0,0,5
2,2308,2,2,0,0,5
2,2336,2,2,0,0,5
2,2339,2,2,0,0,5
2,2361,2,2,0,0,5
2,2368,2,2,0,2,5
2,2415,2,2,0,2,5
2,2416,2,2,0,0,5
2,2425,2,2,0,2,5
2,2442,2,2,2,0,5
2,2462,2,2,0,0,5
2,2475,2,2,0,0,5
2,2486,2,2,0,2,5
2,21,1,1,0,1,6
2,26,1,1,0,0,6
2,63,1,1,0,0,6
2,72,1,1,1,0,6
2,78,1,1,0,0,6
2,93,1,1,0,1,6
2,100,1,1,1,0,6
2,104,1,1,0,1,6
2,108,1,1,0,1,6
2,151,1,1,1,0,6
2,173,1,1,0,0,6
2,194,1,1,0,1,6
2,256,1,1,0,0,6
2,259,1,1,0,0,6
2,264,1,1,0,1,6
2,321,1,1,0,0,6
2,352,1,1,0,0,6
2,357,1,1,0,0,6
2,392,1,1,1,0,6
2,414,1,1,0,0,6
2,425,1,1,0,0,6
2,437,1,1,0,0,6
2,453,1,1,0,1,6
2,476,1,1,0,0,6
2,486,1,1,0,1,6
2,514,1,1,0,0,6
2,533,1,1,0,0,6
2,539,1,1,0,0,6
2,542,1,1,0,0,6
2,549,1,1,0,0,6
2,576,1,1,0,0,6
2,590,1,1,1,0,6
2,599,1,1,0,0,6
2,600,1,1,0,1,6
2,603,1,1,0,1,6
2,623,1,1,0,0,6
2,630,1,1,0,0,6
2,652,1,1,0,1,6
2,667,1,1,0,0,6
2,671,1,1,1,0,6
2,672,1,1,0,0,6
2,682,1,1,0,0,6
2,731,1,1,0,0,6
2,738,1,1,0,0,6
2,759,1,1,0,0,6
2,760,1,1,1,0,6
2,779,1,1,0,0,6
2,798,1,1,0,0,6
2,828,1,1,0,0,6
2,829,1,1,0,0,6
2,834,1,1,0,0,6
2,849,1,1,0,0,6
2,860,1,1,0,1,6
2,865,1,1,0,0,6
2,869,1,1,0,0,6
2,877,1,1,1,0,6
2,883,1,1,1,0,6
2,920,1,1,0,1,6
2,958,1,1,0,0,6
2,985,1,1,1,0,6
2,1010,1,1,0,0,6
2,1012,1,1,1,0,6
2,1023,1,1,0,1,6
2,1046,1,1,0,0,6
2,1062,1,1,0,0,6
2,1063,1,1,0,1,6
2,1071,1,1,0,0,6
2,1077,1,1,1,0,6
2,1079,1,1,0,1,6
2,1081,1,1,0,1,6
2,1086,1,1,0,0,6
2,1093,1,1,0,1,6
2,1108,1,1,1,0,6
2,1164,1,1,0,0,6
2,1166,1,1,0,1,6
2,1171,1,1,1,0,6
2,1201,1,1,0,0,6
2,1205,1,1,0,0,6
2,1217,1,1,0,0,6
2,1249,1,1,0,1,6
2,1250,1,1,0,0,6
2,1269,1,1,0,0,6
2,1271,1,1,0,0,6
2,1274,1,1,0,0,6
2,1280,1,1,0,1,6
2,1301,1,1,0,0,6
2,1309,1,1,0,0,6
2,1311,1,1,0,1,6
2,1325,1,1,0,0,6
2,1340,1,1,1,0,6
2,1343,1,1,1,0,6
2,1353,1,1,0,0,6
2,1357,1,1,0,0,6
2,1395,1,1,0,0,6
2,1397,1,1,0,0,6
2,1411,1,1,0,0,6
2,1420,1,1,0,0,6
2,1432,1,1,0,1,6
2,1490,1,1,0,0,6
2,1518,1,1,0,0,6
2,1527,1,1,0,0,6
2,1585,1,1,1,0,6
2,1598,1,1,0,0,6
2,1640,1,1,0,0,6
2,1657,1,1,0,0,6
2,1693,1,1,0,1,6
2,1705,1,1,0,0,6
2,1720,1,1,0,0,6
2,1730,1,1,0,1,6
2,1731,1,1,0,0,6
2,1755,1,1,0,1,6
2,1756,1,1,0,0,6
2,1775,1,1,0,0,6
2,1790,1,1,1,0,6
2,1799,1,1,1,0,6
2,1806,1,1,0,0,6
2,1818,1,1,0,0,6
2,1831,1,1,1,0,6
2,1845,1,1,0,1,6
2,1885,1,1,1,0,6
2,1895,1,1,0,0,6
2,1909,1,1,0,0,6
2,1914,1,1,0,1,6
2,1935,1,1,1,0,6
2,1953,1,1,1,0,6
2,1957,1,1,0,0,6
2,1960,1,1,1,0,6
2,1975,1,1,1,0,6
2,1992,1,1,1,0,6
2,1998,1,1,0,0,6
2,2002,1,1,0,1,6
2,2020,1,1,0,0,6
2,2034,1,1,0,1,6
2,2035,1,1,0,1,6
2,2056,1,1,1,0,6
2,2083,1,1,0,0,6
2,2084,1,1,0,0,6
2,2117,1,1,1,0,6
2,2124,1,1,0,0,6
2,2125,1,1,0,0,6
2,2126,1,1,0,0,6
2,2210,1,1,0,0,6
2,2293,1,1,1,0,6
2,2298,1,1,0,1,6
2,2301,1,1,0,1,6
2,2305,1,1,0,0,6
2,2315,1,1,0,0,6
2,2356,1,1,1,0,6
2,2360,1,1,0,0,6
2,2407,1,1,0,0,6
2,2427,1,1,0,0,6
2,2429,1,1,0,1,6
2,2440,1,1,0,0,6
2,15,1,1,0,0,7
2,65,1,1,0,1,7
2,79,1,1,1,0,7
2,83,1,1,0,1,7
2,87,1,1,0,0,7
2,94,1,1,1,0,7
2,107,1,1,0,0,7
2,114,1,1,0,0,7
2,118,1,1,0,1,7
2,123,1,1,0,1,7
2,139,1,1,0,0,7
2,172,1,1,0,1,7
2,178,1,1,0,0,7
2,186,1,1,0,0,7
2,191,1,1,0,0,7
2,199,1,1,0,0,7
2,207,1,1,0,0,7
2,208,1,1,0,0,7
2,228,1,1,0,1,7
2,234,1,1,0,0,7
2,255,1,1,1,0,7
2,272,1,1,0,0,7
2,273,1,1,0,1,7
2,278,1,1,1,0,7
2,289,1,1,0,0,7
2,343,1,1,0,0,7
2,380,1,1,1,0,7
2,385,1,1,0,1,7
2,398,1,1,0,1,7
2,416,1,1,1,0,7
2,422,1,1,0,1,7
2,426,1,1,1,0,7
2,429,1,1,0,1,7
2,436,1,1,0,0,7
2,439,1,1,0,0,7
2,450,1,1,0,0,7
2,509,1,1,0,0,7
2,515,1,1,1,0,7
2,521,1,1,0,0,7
2,522,1,1,0,0,7
2,529,1,1,0,0,7
2,578,1,1,1,0,7
2,584,1,1,0,1,7
2,618,1,1,0,0,7
2,624,1,1,0,0,7
2,648,1,1,0,0,7
2,650,1,1,0,1,7
2,676,1,1,0,0,7
2,681,1,1,1,0,7
2,688,1,1,0,0,7
2,693,1,1,0,0,7
2,696,1,1,0,0,7
2,718,1,1,0,0,7
2,721,1,1,0,0,7
2,737,1,1,0,0,7
2,741,1,1,0,0,7
2,745,1,1,0,0,7
2,772,1,1,0,1,7
2,801,1,1,0,0,7
2,802,1,1,0,0,7
2,826,1,1,1,0,7
2,843,1,1,0,1,7
2,855,1,1,0,1,7
2,905,1,1,1,0,7
2,910,1,1,0,0,7
2,926,1,1,1,0,7
2,937,1,1,0,0,7
2,947,1,1,0,0,7
2,975,1,1,1,0,7
2,976,1,1,0,0,7
2,978,1,1,0,0,7
2,990,1,1,1,0,7
2,1004,1,1,1,0,7
2,1005,1,1,1,0,7
2,1013,1,1,1,0,7
2,1016,1,1,0,1,7
2,1032,1,1,1,0,7
2,1076,1,1,0,0,7
2,1095,1,1,1,0,7
2,1102,1,1,0,1,7
2,1114,1,1,0,0,7
2,1118,1,1,0,0,7
2,1148,1,1,0,0,7
2,1156,1,1,0,0,7
2,1163,1,1,0,0,7
2,1196,1,1,0,0,7
2,1204,1,1,1,0,7
2,1214,1,1,0,0,7
2,1232,1,1,0,0,7
2,1240,1,1,0,0,7
2,1310,1,1,1,0,7
2,1313,1,1,1,0,7
2,1314,1,1,1,0,7
2,1320,1,1,1,0,7
2,1330,1,1,0,0,7
2,1341,1,1,1,0,7
2,1346,1,1,1,0,7
2,1399,1,1,1,0,7
2,1421,1,1,1,0,7
2,1426,1,1,0,0,7
2,1434,1,1,1,0,7
2,1450,1,1,0,0,7
2,1459,1,1,0,0,7
2,1473,1,1,0,0,7
2,1479,1,1,1,0,7
2,1516,1,1,1,0,7
2,1558,1,1,1,0,7
2,1559,1,1,0,0,7
2,1581,1,1,1,0,7
2,1583,1,1,0,1,7
2,1637,1,1,1,0,7
2,1642,1,1,0,0,7
2,1646,1,1,0,0,7
2,1667,1,1,0,0,7
2,1674,1,1,0,1,7
2,1717,1,1,1,0,7
2,1723,1,1,1,0,7
2,1726,1,1,0,0,7
2,1740,1,1,0,0,7
2,1749,1,1,0,0,7
2,1768,1,1,0,0,7
2,1783,1,1,0,0,7
2,1785,1,1,0,1,7
2,1833,1,1,0,0,7
2,1843,1,1,0,0,7
2,1847,1,1,0,1,7
2,1866,1,1,1,0,7
2,1876,1,1,0,0,7
2,1902,1,1,1,0,7
2,1927,1,1,0,0,7
2,1933,1,1,0,0,7
2,1976,1,1,0,0,7
2,1987,1,1,0,0,7
2,1997,1,1,0,0,7
2,2006,1,1,0,1,7
2,2022,1,1,0,1,7
2,2024,1,1,0,0,7
2,2052,1,1,0,0,7
2,2094,1,1,0,1,7
2,2097,1,1,0,0,7
2,2111,1,1,0,0,7
2,2116,1,1,0,1,7
2,2127,1,1,0,1,7
2,2146,1,1,0,0,7
2,2167,1,1,1,0,7
2,2195,1,1,1,0,7
2,2199,1,1,0,0,7
2,2205,1,1,0,1,7
2,2229,1,1,0,0,7
2,2244,1,1,0,0,7
2,2248,1,1,1,0,7
2,2254,1,1,1,0,7
2,2256,1,1,0,0,7
2,2310,1,1,1,0,7
2,2314,1,1,0,1,7
2,2319,1,1,0,0,7
2,2355,1,1,1,0,7
2,2365,1,1,0,0,7
2,2396,1,1,0,0,7
2,2446,1,1,0,0,7
2,2459,1,1,0,0,7
2,2472,1,1,1,0,7
2,19,1,1,0,1,8
2,29,1,1,0,0,8
2,55,1,1,1,0,8
2,124,1,1,0,0,8
2,162,1,1,0,1,8
2,198,1,1,0,1,8
2,216,1,1,0,0,8
2,220,1,1,0,0,8
2,290,1,1,1,0,8
2,316,1,1,0,1,8
2,327,1,1,0,0,8
2,348,1,1,1,0,8
2,358,1,1,0,1,8
2,367,1,1,0,0,8
2,373,1,1,0,0,8
2,403,1,1,0,0,8
2,432,1,1,0,0,8
2,482,1,1,0,0,8
2,498,1,1,1,0,8
2,504,1,1,0,1,8
2,506,1,1,1,0,8
2,513,1,1,0,0,8
2,536,1,1,0,0,8
2,543,1,1,0,1,8
2,550,1,1,0,0,8
2,556,1,1,0,0,8
2,561,1,1,0,1,8
2,572,1,1,0,1,8
2,580,1,1,0,1,8
2,591,1,1,1,0,8
2,605,1,1,0,1,8
2,641,1,1,0,0,8
2,658,1,1,0,1,8
2,674,1,1,0,0,8
2,690,1,1,0,1,8
2,700,1,1,0,0,8
2,757,1,1,0,0,8
2,778,1,1,0,0,8
2,810,1,1,0,1,8
2,838,1,1,0,0,8
2,840,1,1,1,0,8
2,842,1,1,1,0,8
2,846,1,1,0,1,8
2,885,1,1,0,1,8
2,889,1,1,1,0,8
2,909,1,1,0,0,8
2,919,1,1,1,0,8
2,963,1,1,0,0,8
2,988,1,1,0,1,8
2,1003,1,1,1,0,8
2,1011,1,1,0,0,8
2,1022,1,1,0,0,8
2,1025,1,1,0,0,8
2,1033,1,1,1,0,8
2,1060,1,1,0,0,8
2,1070,1,1,0,1,8
2,1113,1,1,0,1,8
2,1122,1,1,0,0,8
2,1158,1,1,0,1,8
2,1161,1,1,1,0,8
2,1186,1,1,1,0,8
2,1199,1,1,1,0,8
2,1209,1,1,0,1,8
2,1224,1,1,0,0,8
2,1243,1,1,0,0,8
2,1254,1,1,0,0,8
2,1268,1,1,0,0,8
2,1286,1,1,0,0,8
2,1290,1,1,0,0,8
2,1374,1,1,0,0,8
2,1378,1,1,1,0,8
2,1379,1,1,1,0,8
2,1380,1,1,1,0,8
2,1401,1,1,0,1,8
2,1403,1,1,0,0,8
2,1406,1,1,0,1,8
2,1443,1,1,0,0,8
2,1444,1,1,0,0,8
2,1464,1,1,0,0,8
2,1465,1,1,0,0,8
2,1496,1,1,0,1,8
2,1550,1,1,0,0,8
2,1568,1,1,0,0,8
2,1587,1,1,0,0,8
2,1604,1,1,1,0,8
2,1619,1,1,0,1,8
2,1634,1,1,0,0,8
2,1651,1,1,0,0,8
2,1666,1,1,0,0,8
2,1691,1,1,0,0,8
2,1699,1,1,1,0,8
2,1722,1,1,1,0,8
2,1725,1,1,0,0,8
2,1746,1,1,1,0,8
2,1750,1,1,0,0,8
2,1765,1,1,0,0,8
2,1817,1,1,0,1,8
2,1854,1,1,1,0,8
2,1857,1,1,0,0,8
2,1864,1,1,0,1,8
2,1898,1,1,0,1,8
2,1901,1,1,1,0,8
2,1949,1,1,1,0,8
2,2005,1,1,0,0,8
2,2017,1,1,0,1,8
2,2059,1,1,0,1,8
2,2076,1,1,0,0,8
2,2078,1,1,0,0,8
2,2105,1,1,0,0,8
2,2160,1,1,1,0,8
2,2175,1,1,0,0,8
2,2179,1,1,0,0,8
2,2189,1,1,0,1,8
2,2196,1,1,1,0,8
2,2201,1,1,1,0,8
2,2204,1,1,0,0,8
2,2220,1,1,0,0,8
2,2230,1,1,0,0,8
2,2253,1,1,0,1,8
2,2268,1,1,0,0,8
2,2340,1,1,0,1,8
2,2367,1,1,0,1,8
2,2379,1,1,0,1,8
2,2384,1,1,0,0,8
2,2398,1,1,1,0,8
2,2404,1,1,0,0,8
2,2445,1,1,0,0,8
2,2453,1,1,0,0,8
2,2489,1,1,0,0,8
2,10,1,1,0,1,9
2,12,1,1,0,0,9
2,41,1,1,0,0,9
2,62,1,1,1,0,9
2,113,1,1,0,1,9
2,117,1,1,0,0,9
2,121,1,1,1,0,9
2,141,1,1,0,0,9
2,149,1,1,0,0,9
2,153,1,1,0,1,9
2,164,1,1,0,1,9
2,167,1,1,0,1,9
2,180,1,1,1,0,9
2,187,1,1,0,0,9
2,196,1,1,0,0,9
2,257,1,1,1,0,9
2,276,1,1,0,1,9
2,300,1,1,0,0,9
2,301,1,1,0,1,9
2,304,1,1,0,0,9
2,314,1,1,0,0,9
2,344,1,1,1,0,9
2,371,1,1,0,0,9
2,411,1,1,0,0,9
2,423,1,1,1,0,9
2,447,1,1,0,1,9
2,465,1,1,0,1,9
2,471,1,1,0,0,9
2,483,1,1,0,0,9
2,546,1,1,0,0,9
2,552,1,1,0,1,9
2,563,1,1,0,0,9
2,567,1,1,1,0,9
2,577,1,1,0,0,9
2,587,1,1,0,0,9
2,588,1,1,1,0,9
2,594,1,1,1,0,9
2,595,1,1,0,0,9
2,609,1,1,1,0,9
2,643,1,1,0,0,9
2,649,1,1,0,0,9
2,704,1,1,0,0,9
2,707,1,1,0,1,9
2,712,1,1,0,0,9
2,716,1,1,0,0,9
2,720,1,1,0,1,9
2,729,1,1,0,0,9
2,746,1,1,0,0,9
2,768,1,1,0,0,9
2,781,1,1,0,1,9
2,794,1,1,1,0,9
2,809,1,1,0,0,9
2,811,1,1,0,0,9
2,814,1,1,0,0,9
2,816,1,1,1,0,9
2,818,1,1,1,0,9
2,831,1,1,0,0,9
2,835,1,1,0,1,9
2,858,1,1,0,0,9
2,866,1,1,0,0,9
2,886,1,1,0,0,9
2,897,1,1,1,0,9
2,899,1,1,0,0,9
2,922,1,1,0,1,9
2,924,1,1,0,0,9
2,950,1,1,1,0,9
2,962,1,1,0,0,9
2,1000,1,1,0,0,9
2,1042,1,1,0,1,9
2,1044,1,1,0,0,9
2,1049,1,1,1,0,9
2,1054,1,1,0,0,9
2,1110,1,1,0,1,9
2,1117,1,1,0,0,9
2,1124,1,1,0,0,9
2,1144,1,1,0,0,9
2,1155,1,1,0,0,9
2,1160,1,1,0,1,9
2,1191,1,1,0,1,9
2,1206,1,1,0,0,9
2,1229,1,1,0,0,9
2,1252,1,1,0,0,9
2,1257,1,1,0,1,9
2,1261,1,1,0,0,9
2,1266,1,1,0,0,9
2,1270,1,1,1,0,9
2,1277,1,1,0,0,9
2,1279,1,1,1,0,9
2,1323,1,1,0,0,9
2,1342,1,1,0,0,9
2,1344,1,1,1,0,9
2,1349,1,1,0,0,9
2,1393,1,1,0,1,9
2,1398,1,1,0,0,9
2,1414,1,1,1,0,9
2,1422,1,1,0,1,9
2,1429,1,1,0,1,9
2,1436,1,1,0,0,9
2,1440,1,1,1,0,9
2,1453,1,1,1,0,9
2,1483,1,1,0,1,9
2,1491,1,1,0,0,9
2,1504,1,1,0,1,9
2,1510,1,1,0,1,9
2,1538,1,1,0,1,9
2,1548,1,1,0,0,9
2,1549,1,1,1,0,9
2,1561,1,1,1,0,9
2,1589,1,1,0,0,9
2,1612,1,1,0,0,9
2,1620,1,1,0,0,9
2,1645,1,1,0,0,9
2,1658,1,1,0,1,9
2,1676,1,1,1,0,9
2,1696,1,1,0,0,9
2,1700,1,1,0,0,9
2,1706,1,1,0,0,9
2,1729,1,1,0,1,9
2,1732,1,1,0,0,9
2,1733,1,1,0,0,9
2,1741,1,1,0,0,9
2,1752,1,1,1,0,9
2,1758,1,1,0,0,9
2,1762,1,1,0,0,9
2,1766,1,1,1,0,9
2,1778,1,1,0,1,9
2,1793,1,1,0,0,9
2,1812,1,1,0,1,9
2,1868,1,1,0,1,9
2,1873,1,1,0,0,9
2,1912,1,1,0,1,9
2,1948,1,1,0,0,9
2,1959,1,1,1,0,9
2,1973,1,1,0,0,9
2,1982,1,1,0,1,9
2,1983,1,1,0,1,9
2,1985,1,1,0,0,9
2,2008,1,1,0,0,9
2,2039,1,1,0,0,9
2,2047,1,1,0,0,9
2,2053,1,1,0,1,9
2,2067,1,1,0,1,9
2,2104,1,1,0,1,9
2,2107,1,1,0,0,9
2,2109,1,1,0,1,9
2,2137,1,1,0,0,9
2,2161,1,1,0,0,9
2,2163,1,1,0,0,9
2,2182,1,1,0,1,9
2,2190,1,1,0,0,9
2,2235,1,1,0,0,9
2,2238,1,1,0,1,9
2,2241,1,1,1,0,9
2,2251,1,1,0,0,9
2,2307,1,1,0,1,9
2,2311,1,1,0,1,9
2,2318,1,1,0,0,9
2,2322,1,1,0,1,9
2,2325,1,1,1,0,9
2,2329,1,1,1,0,9
2,2331,1,1,0,1,9
2,2333,1,1,0,0,9
2,2352,1,1,0,0,9
2,2386,1,1,0,1,9
2,2390,1,1,0,0,9
2,2397,1,1,1,0,9
2,2405,1,1,1,0,9
2,2409,1,1,0,0,9
2,2410,1,1,1,0,9
2,2413,1,1,0,1,9
2,2435,1,1,0,0,9
2,2436,1,1,1,0,9
2,2443,1,1,0,0,9
2,2469,1,1,1,0,9
2,2482,1,1,1,0,9
2,2499,1,1,0,1,9
2,32,1,1,0,1,10
2,35,1,1,0,0,10
2,90,1,1,0,1,10
2,92,1,1,0,0,10
2,96,1,1,0,0,10
2,120,1,1,0,0,10
2,127,1,1,0,0,10
2,132,1,1,0,1,10
2,163,1,1,1,0,10
2,166,1,1,0,0,10
2,177,1,1,0,0,10
2,224,1,1,0,0,10
2,247,1,1,0,0,10
2,261,1,1,0,0,10
2,267,1,1,0,0,10
2,282,1,1,0,0,10
2,305,1,1,0,0,10
2,326,1,1,0,0,10
2,330,1,1,0,0,10
2,350,1,1,0,0,10
2,369,1,1,0,0,10
2,381,1,1,1,0,10
2,383,1,1,0,0,10
2,401,1,1,0,0,10
2,424,1,1,0,0,10
2,435,1,1,0,0,10
2,452,1,1,0,1,10
2,481,1,1,1,0,10
2,497,1,1,1,0,10
2,500,1,1,0,0,10
2,511,1,1,1,0,10
2,528,1,1,0,0,10
2,547,1,1,0,0,10
2,564,1,1,0,0,10
2,574,1,1,1,0,10
2,593,1,1,0,1,10
2,629,1,1,0,0,10
2,665,1,1,1,0,10
2,675,1,1,0,0,10
2,680,1,1,0,1,10
2,689,1,1,0,1,10
2,705,1,1,0,0,10
2,719,1,1,0,1,10
2,739,1,1,0,1,10
2,755,1,1,1,0,10
2,756,1,1,1,0,10
2,758,1,1,1,0,10
2,761,1,1,0,0,10
2,765,1,1,0,0,10
2,773,1,1,0,0,10
2,774,1,1,1,0,10
2,780,1,1,0,1,10
2,784,1,1,0,1,10
2,792,1,1,0,0,10
2,806,1,1,1,0,10
2,823,1,1,1,0,10
2,837,1,1,0,0,10
2,857,1,1,0,0,10
2,871,1,1,0,1,10
2,878,1,1,1,0,10
2,879,1,1,0,1,10
2,882,1,1,1,0,10
2,893,1,1,0,0,10
2,945,1,1,0,1,10
2,971,1,1,0,1,10
2,979,1,1,0,0,10
2,994,1,1,0,0,10
2,999,1,1,0,0,10
2,1039,1,1,0,0,10
2,1043,1,1,0,0,10
2,1101,1,1,0,1,10
2,1142,1,1,0,0,10
2,1153,1,1,0,0,10
2,1202,1,1,1,0,10
2,1255,1,1,0,0,10
2,1300,1,1,1,0,10
2,1318,1,1,1,0,10
2,1329,1,1,0,0,10
2,1339,1,1,0,0,10
2,1354,1,1,0,1,10
2,1383,1,1,1,0,10
2,1384,1,1,0,0,10
2,1388,1,1,0,0,10
2,1410,1,1,0,0,10
2,1454,1,1,0,0,10
2,1466,1,1,0,0,10
2,1475,1,1,0,0,10
2,1493,1,1,1,0,10
2,1502,1,1,0,0,10
2,1514,1,1,0,0,10
2,1520,1,1,0,0,10
2,1523,1,1,0,1,10
2,1532,1,1,0,0,10
2,1560,1,1,0,0,10
2,1595,1,1,1,0,10
2,1605,1,1,1,0,10
2,1613,1,1,0,0,10
2,1623,1,1,0,1,10
2,1628,1,1,0,0,10
2,1632,1,1,0,0,10
2,1679,1,1,0,1,10
2,1684,1,1,0,1,10
2,1685,1,1,0,1,10
2,1688,1,1,0,0,10
2,1698,1,1,0,1,10
2,1715,1,1,0,1,10
2,1719,1,1,0,1,10
2,1724,1,1,0,0,10
2,1727,1,1,0,1,10
2,1745,1,1,0,1,10
2,1754,1,1,0,1,10
2,1787,1,1,0,0,10
2,1823,1,1,0,0,10
2,1871,1,1,0,1,10
2,1877,1,1,0,0,10
2,1908,1,1,0,0,10
2,1921,1,1,0,1,10
2,1936,1,1,0,0,10
2,1942,1,1,0,1,10
2,1956,1,1,1,0,10
2,1972,1,1,0,0,10
2,2004,1,1,0,1,10
2,2060,1,1,0,0,10
2,2064,1,1,0,0,10
2,2077,1,1,0,0,10
2,2079,1,1,1,0,10
2,2147,1,1,0,0,10
2,2173,1,1,1,0,10
2,2183,1,1,0,0,10
2,2193,1,1,0,0,10
2,2208,1,1,0,0,10
2,2209,1,1,1,0,10
2,2212,1,1,1,0,10
2,2265,1,1,0,1,10
2,2279,1,1,0,1,10
2,2291,1,1,0,0,10
2,2295,1,1,1,0,10
2,2312,1,1,0,0,10
2,2313,1,1,0,0,10
2,2317,1,1,0,0,10
2,2323,1,1,0,0,10
2,2343,1,1,1,0,10
2,2359,1,1,1,0,10
2,2362,1,1,1,0,10
2,2402,1,1,0,0,10
2,2439,1,1,0,0,10
2,2464,1,1,0,0,10
2,2470,1,1,0,1,10
2,2495,1,1,0,0,10
2,2497,1,1,1,0,10
2,0,2,2,0,1,11
2,11,2,2,1,0,11
2,38,2,2,0,1,11
2,50,2,2,0,1,11
2,54,2,2,0,0,11
2,60,2,2,0,1,11
2,69,2,2,0,0,11
2,99,2,2,2,0,11
2,101,2,2,0,0,11
2,105,2,2,0,1,11
2,128,2,2,0,0,11
2,140,2,2,0,0,11
2,143,2,2,0,1,11
2,145,2,2,2,0,11
2,161,2,2,0,0,11
2,190,2,2,1,0,11
2,192,2,2,0,0,11
2,201,2,2,0,2,11
2,204,2,2,0,0,11
2,217,2,2,0,0,11
2,239,2,2,0,0,11
2,244,2,2,0,1,11
2,262,2,2,0,0,11
2,281,2,2,0,0,11
2,294,2,2,0,0,11
2,374,2,2,0,0,11
2,384,2,2,0,0,11
2,433,2,2,2,0,11
2,441,2,2,0,0,11
2,446,2,2,2,0,11
2,451,2,2,0,0,11
2,468,2,2,0,0,11
2,557,2,2,0,1,11
2,610,2,2,0,0,11
2,614,2,2,0,0,11
2,632,2,2,2,0,11
2,640,2,2,0,0,11
2,668,2,2,0,0,11
2,725,2,2,0,0,11
2,732,2,2,0,0,11
2,734,2,2,2,0,11
2,776,2,2,2,0,11
2,783,2,2,0,0,11
2,785,2,2,2,0,11
2,791,2,2,0,0,11
2,812,2,2,0,0,11
2,813,2,2,0,2,11
2,819,2,2,2,0,11
2,875,2,2,0,1,11
2,935,2,2,0,1,11
2,936,2,2,1,0,11
2,943,2,2,0,0,11
2,1019,2,2,0,0,11
2,1038,2,2,2,0,11
2,1057,2,2,0,0,11
2,1135,2,2,0,2,11
2,1141,2,2,0,0,11
2,1230,2,2,0,0,11
2,1246,2,2,0,0,11
2,1253,2,2,0,2,11
2,1256,2,2,0,2,11
2,1306,2,2,0,0,11
2,1316,2,2,0,0,11
2,1317,2,2,2,0,11
2,1337,2,2,0,0,11
2,1345,2,2,0,2,11
2,1348,2,2,0,0,11
2,1356,2,2,0,0,11
2,1364,2,2,2,0,11
2,1367,2,2,0,1,11
2,1389,2,2,0,0,11
2,1392,2,2,0,0,11
2,1419,2,2,0,2,11
2,1431,2,2,2,0,11
2,1438,2,2,0,0,11
2,1470,2,2,0,2,11
2,1478,2,2,0,0,11
2,1556,2,2,0,0,11
2,1569,2,2,1,0,11
2,1570,2,2,0,0,11
2,1576,2,2,0,0,11
2,1580,2,2,2,0,11
2,1600,2,2,0,0,11
2,1601,2,2,0,0,11
2,1608,2,2,0,0,11
2,1614,2,2,0,0,11
2,1633,2,2,0,0,11
2,1638,2,2,0,2,11
2,1639,2,2,0,0,11
2,1644,2,2,1,0,11
2,1654,2,2,2,0,11
2,1670,2,2,0,0,11
2,1753,2,2,0,0,11
2,1761,2,2,1,0,11
2,1767,2,2,0,1,11
2,1773,2,2,0,0,11
2,1782,2,2,0,2,11
2,1784,2,2,0,2,11
2,1810,2,2,0,1,11
2,1840,2,2,0,2,11
2,1841,2,2,0,1,11
2,1852,2,2,0,0,11
2,1874,2,2,0,0,11
2,1879,2,2,0,0,11
2,1893,2,2,0,0,11
2,1911,2,2,0,0,11
2,1934,2,2,0,2,11
2,1940,2,2,2,0,11
2,1954,2,2,0,1,11
2,1965,2,2,0,0,11
2,2014,2,2,0,0,11
2,2016,2,2,0,1,11
2,2021,2,2,0,0,11
2,2029,2,2,0,0,11
2,2031,2,2,0,0,11
2,2051,2,2,0,0,11
2,2062,2,2,0,0,11
2,2070,2,2,0,0,11
2,2088,2,2,0,0,11
2,2185,2,2,0,0,11
2,2188,2,2,0,0,11
2,2200,2,2,1,0,11
2,2228,2,2,0,0,11
2,2243,2,2,2,0,11
2,2255,2,2,1,0,11
2,2260,2,2,0,0,11
2,2263,2,2,0,0,11
2,2264,2,2,1,0,11
2,2289,2,2,0,0,11
2,2306,2,2,0,1,11
2,2338,2,2,0,0,11
2,2341,2,2,1,0,11
2,2345,2,2,0,1,11
2,2349,2,2,0,0,11
2,2364,2,2,2,0,11
2,2373,2,2,2,0,11
2,2392,2,2,0,0,11
2,2401,2,2,0,0,11
2,2412,2,2,2,0,11
2,2434,2,2,0,2,11
2,2451,2,2,0,1,11
2,2458,2,2,0,1,11
2,2463,2,2,0,0,11
2,2480,2,2,0,2,11
2,2484,2,2,0,0,11
2,4,2,2,0,0,12
2,27,2,2,1,0,12
2,71,2,2,1,0,12
2,112,2,2,0,0,12
2,147,2,2,0,2,12
2,148,2,2,0,0,12
2,211,2,2,0,0,12
2,213,2,2,0,0,12
2,223,2,2,0,0,12
2,266,2,2,0,0,12
2,268,2,2,0,2,12
2,291,2,2,0,1,12
2,306,2,2,0,0,12
2,315,2,2,0,1,12
2,333,2,2,0,0,12
2,355,2,2,0,2,12
2,364,2,2,0,0,12
2,387,2,2,0,0,12
2,388,2,2,0,0,12
2,406,2,2,0,0,12
2,420,2,2,0,0,12
2,467,2,2,0,0,12
2,475,2,2,1,0,12
2,477,2,2,2,0,12
2,479,2,2,0,0,12
2,484,2,2,0,0,12
2,487,2,2,0,0,12
2,518,2,2,1,0,12
2,523,2,2,1,0,12
2,535,2,2,0,0,12
2,579,2,2,0,1,12
2,615,2,2,2,0,12
2,645,2,2,0,0,12
2,656,2,2,2,0,12
2,673,2,2,2,0,12
2,687,2,2,1,0,12
2,694,2,2,0,1,12
2,697,2,2,0,1,12
2,727,2,2,0,0,12
2,754,2,2,1,0,12
2,775,2,2,0,0,12
2,821,2,2,0,0,12
2,847,2,2,0,0,12
2,850,2,2,0,0,12
2,851,2,2,0,2,12
2,854,2,2,2,0,12
2,870,2,2,0,0,12
2,881,2,2,2,0,12
2,895,2,2,0,0,12
2,904,2,2,0,2,12
2,917,2,2,0,1,12
2,967,2,2,1,0,12
2,968,2,2,0,0,12
2,1002,2,2,1,0,12
2,1007,2,2,0,1,12
2,1014,2,2,0,0,12
2,1015,2,2,0,0,12
2,1028,2,2,2,0,12
2,1040,2,2,0,0,12
2,1048,2,2,0,0,12
2,1061,2,2,0,0,12
2,1069,2,2,2,0,12
2,1085,2,2,0,0,12
2,1094,2,2,0,1,12
2,1194,2,2,0,0,12
2,1215,2,2,0,0,12
2,1236,2,2,0,0,12
2,1237,2,2,0,0,12
2,1239,2,2,1,0,12
2,1259,2,2,0,0,12
2,1265,2,2,0,0,12
2,1336,2,2,0,0,12
2,1366,2,2,0,0,12
2,1408,2,2,0,0,12
2,1416,2,2,0,0,12
2,1452,2,2,0,1,12
2,1455,2,2,0,0,12
2,1456,2,2,2,0,12
2,1468,2,2,0,0,12
2,1472,2,2,2,0,12
2,1477,2,2,0,0,12
2,1501,2,2,2,0,12
2,1524,2,2,0,0,12
2,1526,2,2,1,0,12
2,1579,2,2,1,0,12
2,1607,2,2,0,0,12
2,1610,2,2,0,1,12
2,1622,2,2,2,0,12
2,1629,2,2,0,1,12
2,1650,2,2,0,0,12
2,1677,2,2,0,1,12
2,1680,2,2,0,1,12
2,1704,2,2,0,0,12
2,1728,2,2,0,1,12
2,1798,2,2,0,0,12
2,1830,2,2,0,1,12
2,1836,2,2,2,0,12
2,1851,2,2,0,0,12
2,1855,2,2,0,0,12
2,1860,2,2,0,1,12
2,1862,2,2,0,2,12
2,1882,2,2,1,0,12
2,1889,2,2,0,0,12
2,1900,2,2,0,1,12
2,1915,2,2,0,0,12
2,1916,2,2,0,2,12
2,1922,2,2,0,2,12
2,1925,2,2,0,0,12
2,1932,2,2,2,0,12
2,2001,2,2,0,0,12
2,2010,2,2,0,0,12
2,2027,2,2,0,0,12
2,2044,2,2,0,0,12
2,2086,2,2,0,0,12
2,2092,2,2,0,0,12
2,2123,2,2,0,1,12
2,2134,2,2,0,0,12
2,2164,2,2,0,0,12
2,2211,2,2,0,2,12
2,2232,2,2,1,0,12
2,2233,2,2,2,0,12
2,2236,2,2,0,0,12
2,2277,2,2,0,0,12
2,2299,2,2,0,0,12
2,2374,2,2,0,0,12
2,2375,2,2,0,0,12
2,2394,2,2,0,2,12
2,2474,2,2,1,0,12
2,2481,2,2,0,0,12
2,2493,2,2,0,2,12
2,3,1,1,1,0,13
2,5,1,1,0,0,13
2,9,1,1,0,0,13
2,20,1,1,0,0,13
2,28,1,1,1,0,13
2,49,1,1,0,1,13
2,52,1,1,0,0,13
2,68,1,1,0,1,13
2,70,1,1,0,1,13
2,77,1,1,1,0,13
2,88,1,1,0,0,13
2,109,1,1,0,0,13
2,131,1,1,1,0,13
2,152,1,1,0,0,13
2,168,1,1,0,0,13
2,195,1,1,0,1,13
2,236,1,1,0,1,13
2,243,1,1,1,0,13
2,274,1,1,0,0,13
2,279,1,1,0,0,13
2,293,1,1,0,0,13
2,312,1,1,0,0,13
2,331,1,1,0,1,13
2,359,1,1,0,0,13
2,377,1,1,0,0,13
2,397,1,1,0,0,13
2,405,1,1,1,0,13
2,407,1,1,1,0,13
2,418,1,1,1,0,13
2,460,1,1,0,1,13
2,490,1,1,0,0,13
2,499,1,1,0,0,13
2,501,1,1,1,0,13
2,503,1,1,0,1,13
2,508,1,1,1,0,13
2,512,1,1,0,0,13
2,520,1,1,0,1,13
2,530,1,1,1,0,13
2,534,1,1,0,0,13
2,540,1,1,0,0,13
2,570,1,1,0,0,13
2,582,1,1,0,0,13
2,586,1,1,0,0,13
2,606,1,1,0,0,13
2,608,1,1,0,0,13
2,626,1,1,0,0,13
2,637,1,1,0,0,13
2,644,1,1,0,1,13
2,660,1,1,0,1,13
2,678,1,1,0,1,13
2,695,1,1,1,0,13
2,698,1,1,1,0,13
2,740,1,1,0,1,13
2,762,1,1,0,0,13
2,822,1,1,0,0,13
2,824,1,1,0,1,13
2,862,1,1,0,1,13
2,864,1,1,0,0,13
2,880,1,1,0,0,13
2,911,1,1,1,0,13
2,914,1,1,0,0,13
2,931,1,1,0,1,13
2,939,1,1,0,0,13
2,953,1,1,0,0,13
2,954,1,1,0,0,13
2,956,1,1,1,0,13
2,974,1,1,0,1,13
2,980,1,1,0,0,13
2,998,1,1,1,0,13
2,1008,1,1,0,0,13
2,1027,1,1,0,1,13
2,1030,1,1,0,0,13
2,1041,1,1,0,0,13
2,1080,1,1,1,0,13
2,1103,1,1,0,0,13
2,1107,1,1,1,0,13
2,1116,1,1,0,1,13
2,1126,1,1,0,0,13
2,1128,1,1,0,0,13
2,1175,1,1,0,0,13
2,1183,1,1,0,1,13
2,1212,1,1,1,0,13
2,1219,1,1,0,0,13
2,1223,1,1,0,0,13
2,1247,1,1,0,0,13
2,1260,1,1,0,1,13
2,1267,1,1,1,0,13
2,1273,1,1,1,0,13
2,1293,1,1,0,0,13
2,1319,1,1,0,0,13
2,1321,1,1,0,0,13
2,1324,1,1,0,0,13
2,1363,1,1,0,0,13
2,1371,1,1,0,0,13
2,1375,1,1,0,0,13
2,1407,1,1,0,1,13
2,1433,1,1,0,1,13
2,1448,1,1,0,1,13
2,1461,1,1,0,1,13
2,1508,1,1,0,1,13
2,1517,1,1,1,0,13
2,1535,1,1,0,1,13
2,1541,1,1,0,0,13
2,1544,1,1,0,0,13
2,1545,1,1,1,0,13
2,1551,1,1,0,0,13
2,1563,1,1,0,1,13
2,1566,1,1,0,1,13
2,1578,1,1,1,0,13
2,1588,1,1,0,0,13
2,1596,1,1,0,0,13
2,1599,1,1,1,0,13
2,1611,1,1,1,0,13
2,1626,1,1,0,0,13
2,1641,1,1,0,1,13
2,1643,1,1,1,0,13
2,1649,1,1,1,0,13
2,1655,1,1,1,0,13
2,1656,1,1,1,0,13
2,1660,1,1,0,0,13
2,1663,1,1,1,0,13
2,1675,1,1,0,1,13
2,1686,1,1,1,0,13
2,1690,1,1,0,0,13
2,1712,1,1,0,0,13
2,1714,1,1,0,0,13
2,1735,1,1,0,0,13
2,1737,1,1,0,1,13
2,1776,1,1,0,0,13
2,1777,1,1,0,0,13
2,1789,1,1,0,0,13
2,1792,1,1,0,1,13
2,1804,1,1,0,0,13
2,1849,1,1,0,1,13
2,1850,1,1,0,0,13
2,1867,1,1,1,0,13
2,1892,1,1,0,0,13
2,1903,1,1,0,0,13
2,1917,1,1,0,0,13
2,1928,1,1,0,1,13
2,1958,1,1,1,0,13
2,1981,1,1,0,1,13
2,1989,1,1,0,0,13
2,1993,1,1,1,0,13
2,2003,1,1,0,0,13
2,2038,1,1,0,0,13
2,2061,1,1,0,0,13
2,2072,1,1,0,0,13
2,2090,1,1,0,0,13
2,2098,1,1,0,1,13
2,2118,1,1,0,0,13
2,2145,1,1,0,1,13
2,2149,1,1,1,0,13
2,2156,1,1,0,1,13
2,2174,1,1,0,0,13
2,2213,1,1,0,0,13
2,2216,1,1,1,0,13
2,2221,1,1,0,1,13
2,2223,1,1,1,0,13
2,2245,1,1,0,0,13
2,2257,1,1,0,0,13
2,2261,1,1,0,0,13
2,2269,1,1,0,0,13
2,2302,1,1,1,0,13
2,2330,1,1,1,0,13
2,2332,1,1,0,0,13
2,2363,1,1,0,0,13
2,2366,1,1,0,0,13
2,2371,1,1,0,0,13
2,2391,1,1,0,1,13
2,2400,1,1,0,0,13
2,2403,1,1,0,0,13
2,2406,1,1,0,0,13
2,2431,1,1,0,0,13
2,2460,1,1,0,0,13
2,2476,1,1,1,0,13
2,2485,1,1,1,0,13
2,6,1,1,0,0,14
2,8,1,1,0,0,14
2,13,1,1,0,0,14
2,36,1,1,1,0,14
2,37,1,1,0,0,14
2,43,1,1,0,1,14
2,46,1,1,0,0,14
2,51,1,1,1,0,14
2,66,1,1,1,0,14
2,73,1,1,1,0,14
2,80,1,1,0,1,14
2,91,1,1,0,1,14
2,133,1,1,0,1,14
2,134,1,1,1,0,14
2,135,1,1,1,0,14
2,169,1,1,1,0,14
2,184,1,1,0,1,14
2,250,1,1,0,0,14
2,277,1,1,0,0,14
2,288,1,1,0,0,14
2,296,1,1,0,0,14
2,329,1,1,0,0,14
2,339,1,1,0,0,14
2,341,1,1,0,0,14
2,395,1,1,0,1,14
2,399,1,1,0,1,14
2,431,1,1,0,0,14
2,442,1,1,0,1,14
2,463,1,1,0,0,14
2,474,1,1,1,0,14
2,480,1,1,1,0,14
2,489,1,1,0,0,14
2,491,1,1,0,0,14
2,517,1,1,0,0,14
2,560,1,1,0,0,14
2,581,1,1,0,1,14
2,596,1,1,0,0,14
2,636,1,1,0,1,14
2,651,1,1,0,0,14
2,661,1,1,1,0,14
2,728,1,1,0,1,14
2,799,1,1,0,1,14
2,805,1,1,0,0,14
2,874,1,1,0,0,14
2,894,1,1,1,0,14
2,913,1,1,0,1,14
2,918,1,1,0,0,14
2,929,1,1,1,0,14
2,949,1,1,1,0,14
2,972,1,1,0,1,14
2,989,1,1,0,0,14
2,1009,1,1,0,0,14
2,1036,1,1,0,1,14
2,1078,1,1,0,0,14
2,1083,1,1,0,0,14
2,1087,1,1,1,0,14
2,1100,1,1,0,0,14
2,1129,1,1,1,0,14
2,1137,1,1,1,0,14
2,1149,1,1,0,1,14
2,1165,1,1,0,1,14
2,1222,1,1,1,0,14
2,1233,1,1,1,0,14
2,1234,1,1,0,0,14
2,1291,1,1,0,0,14
2,1295,1,1,0,0,14
2,1297,1,1,0,0,14
2,1308,1,1,0,0,14
2,1315,1,1,1,0,14
2,1332,1,1,0,0,14
2,1338,1,1,0,0,14
2,1355,1,1,0,1,14
2,1370,1,1,1,0,14
2,1381,1,1,1,0,14
2,1412,1,1,0,0,14
2,1415,1,1,0,0,14
2,1442,1,1,0,0,14
2,1462,1,1,0,0,14
2,1486,1,1,0,0,14
2,1495,1,1,1,0,14
2,1498,1,1,1,0,14
2,1564,1,1,0,1,14
2,1602,1,1,0,1,14
2,1669,1,1,1,0,14
2,1687,1,1,0,0,14
2,1707,1,1,0,1,14
2,1711,1,1,0,1,14
2,1718,1,1,0,1,14
2,1742,1,1,0,0,14
2,1757,1,1,0,0,14
2,1763,1,1,0,1,14
2,1779,1,1,1,0,14
2,1814,1,1,0,0,14
2,1825,1,1,0,0,14
2,1844,1,1,0,0,14
2,1846,1,1,0,0,14
2,1865,1,1,0,0,14
2,1913,1,1,0,0,14
2,1918,1,1,1,0,14
2,1923,1,1,0,0,14
2,1945,1,1,0,0,14
2,1951,1,1,0,0,14
2,1995,1,1,0,0,14
2,2018,1,1,0,0,14
2,2023,1,1,0,1,14
2,2042,1,1,0,1,14
2,2045,1,1,0,0,14
2,2055,1,1,0,0,14
2,2058,1,1,0,0,14
2,2075,1,1,0,1,14
2,2103,1,1,0,1,14
2,2106,1,1,0,0,14
2,2113,1,1,0,0,14
2,2132,1,1,0,0,14
2,2202,1,1,0,0,14
2,2206,1,1,0,0,14
2,2214,1,1,0,1,14
2,2239,1,1,0,1,14
2,2249,1,1,0,0,14
2,2272,1,1,1,0,14
2,2275,1,1,0,0,14
2,2328,1,1,1,0,14
2,2335,1,1,0,0,14
2,2354,1,1,1,0,14
2,2393,1,1,0,1,14
2,2419,1,1,0,0,14
2,2467,1,1,0,0,14
2,2491,1,1,0,1,14
2,2492,1,1,0,0,14
1,24,3,1,0,0,0
1,25,3,1,0,0,0
1,53,3,1,0,1,0
1,58,3,1,0,0,0
1,86,3,1,0,0,0
1,89,3,1,0,0,0
1,103,3,1,0,1,0
1,122,3,1,0,0,0
1,156,3,1,0,0,0
1,158,3,1,0,0,0
1,175,3,1,2,0,0
1,206,3,1,0,1,0
1,218,3,1,0,1,0
1,232,3,1,0,0,0
1,242,3,1,2,0,0
1,245,3,1,0,1,0
1,252,3,1,0,1,0
1,295,3,1,0,0,0
1,310,3,1,2,0,0
1,319,3,1,0,0,0
1,332,3,1,0,1,0
1,334,3,1,0,0,0
1,335,3,1,0,0,0
1,342,3,1,0,0,0
1,345,3,1,0,0,0
1,356,3,1,0,0,0
1,361,3,1,0,1,0
1,390,3,1,0,1,0
1,391,3,1,2,0,0
1,394,3,1,0,0,0
1,404,3,1,2,0,0
1,412,3,1,1,0,0
1,427,3,1,2,0,0
1,438,3,1,0,0,0
1,458,3,1,0,0,0
1,461,3,1,0,0,0
1,510,3,1,0,0,0
1,553,3,1,0,1,0
1,569,3,1,0,0,0
1,571,3,1,0,1,0
1,592,3,1,0,1,0
1,612,3,1,0,0,0
1,616,3,1,0,1,0
1,634,3,1,0,0,0
1,635,3,1,0,1,0
1,692,3,1,0,0,0
1,701,3,1,0,0,0
1,709,3,1,0,1,0
1,787,3,1,0,1,0
1,807,3,1,0,0,0
1,815,3,1,0,0,0
1,827,3,1,2,0,0
1,830,3,1,2,0,0
1,845,3,1,0,0,0
1,853,3,1,2,0,0
1,873,3,1,1,0,0
1,890,3,1,0,0,0
1,933,3,1,0,1,0
1,973,3,1,0,0,0
1,1018,3,1,0,0,0
1,1031,3,1,2,0,0
1,1047,3,1,2,0,0
1,1089,3,1,0,0,0
1,1097,3,1,1,0,0
1,1143,3,1,0,0,0
1,1154,3,1,0,0,0
1,1173,3,1,0,0,0
1,1182,3,1,0,0,0
1,1188,3,1,0,0,0
1,1216,3,1,0,0,0
1,1262,3,1,0,1,0
1,1284,3,1,0,0,0
1,1333,3,1,0,0,0
1,1373,3,1,0,0,0
1,1386,3,1,2,0,0
1,1460,3,1,0,0,0
1,1481,3,1,0,0,0
1,1489,3,1,2,0,0
1,1515,3,1,0,0,0
1,1536,3,1,1,0,0
1,1552,3,1,2,0,0
1,1557,3,1,2,0,0
1,1586,3,1,0,0,0
1,1593,3,1,0,0,0
1,1616,3,1,0,1,0
1,1627,3,1,0,1,0
1,1652,3,1,0,0,0
1,1664,3,1,0,1,0
1,1701,3,1,2,0,0
1,1708,3,1,0,1,0
1,1716,3,1,0,0,0
1,1738,3,1,2,0,0
1,1744,3,1,1,0,0
1,1747,3,1,0,0,0
1,1774,3,1,0,0,0
1,1795,3,1,0,0,0
1,1796,3,1,1,0,0
1,1802,3,1,0,1,0
1,1822,3,1,0,0,0
1,1828,3,1,2,0,0
1,1858,3,1,0,0,0
1,1888,3,1,0,0,0
1,1920,3,1,0,1,0
1,1924,3,1,0,0,0
1,1939,3,1,0,1,0
1,1946,3,1,0,1,0
1,1979,3,1,0,0,0
1,2015,3,1,0,0,0
1,2071,3,1,2,0,0
1,2091,3,1,0,1,0
1,2093,3,1,2,0,0
1,2095,3,1,0,1,0
1,2119,3,1,0,1,0
1,2121,3,1,0,0,0
1,2128,3,1,0,0,0
1,2139,3,1,0,0,0
1,2172,3,1,0,1,0
1,2176,3,1,2,0,0
1,2181,3,1,0,1,0
1,2218,3,1,0,0,0
1,2222,3,1,0,0,0
1,2247,3,1,0,0,0
1,2282,3,1,0,1,0
1,2292,3,1,2,0,0
1,2327,3,1,2,0,0
1,2334,3,1,2,0,0
1,2337,3,1,0,1,0
1,2346,3,1,2,0,0
1,2378,3,1,2,0,0
1,2380,3,1,0,0,0
1,2385,3,1,0,0,0
1,2387,3,1,2,0,0
1,2420,3,1,0,0,0
1,2441,3,1,0,0,0
1,2449,3,1,0,1,0
1,2456,3,1,0,1,0
1,2465,3,1,0,0,0
1,2473,3,1,0,1,0
1,2498,3,1,0,0,0
1,2,1,0,0,0,1
1,7,1,0,0,0,1
1,61,1,0,1,0,1
1,130,1,0,1,0,1
1,138,1,0,0,0,1
1,150,1,0,1,0,1
1,154,1,0,1,0,1
1,155,1,0,0,0,1
1,159,1,0,0,0,1
1,176,1,0,0,0,1
1,185,1,0,0,0,1
1,193,1,0,0,0,1
1,200,1,0,0,0,1
1,203,1,0,1,0,1
1,209,1,0,0,0,1
1,210,1,0,0,0,1
1,235,1,0,1,0,1
1,251,1,0,0,0,1
1,253,1,0,0,0,1
1,254,1,0,0,0,1
1,260,1,0,0,0,1
1,271,1,0,0,0,1
1,280,1,0,0,0,1
1,283,1,0,0,0,1
1,284,1,0,0,0,1
1,298,1,0,0,0,1
1,317,1,0,0,0,1
1,318,1,0,1,0,1
1,324,1,0,0,0,1
1,328,1,0,1,0,1
1,336,1,0,0,0,1
1,347,1,0,0,0,1
1,372,1,0,0,0,1
1,378,1,0,0,0,1
1,410,1,0,1,0,1
1,419,1,0,0,0,1
1,430,1,0,0,0,1
1,434,1,0,0,0,1
1,462,1,0,0,0,1
1,469,1,0,0,0,1
1,472,1,0,0,0,1
1,496,1,0,0,0,1
1,524,1,0,0,0,1
1,545,1,0,0,0,1
1,558,1,0,0,0,1
1,565,1,0,0,0,1
1,597,1,0,0,0,1
1,604,1,0,0,0,1
1,619,1,0,1,0,1
1,622,1,0,0,0,1
1,631,1,0,0,0,1
1,647,1,0,0,0,1
1,655,1,0,0,0,1
1,662,1,0,1,0,1
1,711,1,0,0,0,1
1,717,1,0,0,0,1
1,744,1,0,0,0,1
1,752,1,0,0,0,1
1,766,1,0,0,0,1
1,769,1,0,0,0,1
1,777,1,0,0,0,1
1,795,1,0,0,0,1
1,797,1,0,1,0,1
1,803,1,0,1,0,1
1,833,1,0,0,0,1
1,848,1,0,0,0,1
1,896,1,0,0,0,1
1,923,1,0,1,0,1
1,925,1,0,0,0,1
1,940,1,0,0,0,1
1,951,1,0,1,0,1
1,960,1,0,0,0,1
1,977,1,0,0,0,1
1,981,1,0,1,0,1
1,995,1,0,1,0,1
1,1020,1,0,1,0,1
1,1024,1,0,1,0,1
1,1068,1,0,0,0,1
1,1082,1,0,0,0,1
1,1098,1,0,0,0,1
1,1106,1,0,0,0,1
1,1109,1,0,0,0,1
1,1147,1,0,0,0,1
1,1152,1,0,1,0,1
1,1157,1,0,0,0,1
1,1167,1,0,1,0,1
1,1170,1,0,0,0,1
1,1172,1,0,1,0,1
1,1177,1,0,1,0,1
1,1192,1,0,0,0,1
1,1208,1,0,0,0,1
1,1210,1,0,0,0,1
1,1225,1,0,0,0,1
1,1241,1,0,1,0,1
1,1242,1,0,0,0,1
1,1275,1,0,0,0,1
1,1276,1,0,0,0,1
1,1285,1,0,0,0,1
1,1287,1,0,1,0,1
1,1302,1,0,0,0,1
1,1305,1,0,0,0,1
1,1322,1,0,0,0,1
1,1368,1,0,1,0,1
1,1390,1,0,1,0,1
1,1404,1,0,0,0,1
1,1423,1,0,0,0,1
1,1437,1,0,0,0,1
1,1467,1,0,0,0,1
1,1474,1,0,1,0,1
1,1487,1,0,1,0,1
1,1494,1,0,0,0,1
1,1500,1,0,0,0,1
1,1503,1,0,0,0,1
1,1512,1,0,0,0,1
1,1530,1,0,0,0,1
1,1540,1,0,0,0,1
1,1555,1,0,0,0,1
1,1591,1,0,1,0,1
1,1603,1,0,0,0,1
1,1617,1,0,1,0,1
1,1630,1,0,0,0,1
1,1659,1,0,0,0,1
1,1662,1,0,1,0,1
1,1673,1,0,1,0,1
1,1689,1,0,0,0,1
1,1702,1,0,0,0,1
1,1710,1,0,0,0,1
1,1734,1,0,1,0,1
1,1797,1,0,0,0,1
1,1816,1,0,1,0,1
1,1820,1,0,1,0,1
1,1832,1,0,0,0,1
1,1863,1,0,0,0,1
1,1887,1,0,1,0,1
1,1896,1,0,0,0,1
1,1929,1,0,0,0,1
1,1941,1,0,0,0,1
1,1952,1,0,1,0,1
1,1955,1,0,0,0,1
1,1961,1,0,0,0,1
1,1966,1,0,1,0,1
1,1968,1,0,0,0,1
1,1980,1,0,1,0,1
1,1984,1,0,0,0,1
1,1988,1,0,0,0,1
1,1990,1,0,0,0,1
1,2000,1,0,0,0,1
1,2007,1,0,1,0,1
1,2033,1,0,1,0,1
1,2049,1,0,0,0,1
1,2068,1,0,0,0,1
1,2082,1,0,0,0,1
1,2096,1,0,1,0,1
1,2100,1,0,0,0,1
1,2108,1,0,1,0,1
1,2110,1,0,0,0,1
1,2141,1,0,1,0,1
1,2154,1,0,0,0,1
1,2158,1,0,0,0,1
1,2170,1,0,1,0,1
1,2184,1,0,1,0,1
1,2192,1,0,0,0,1
1,2217,1,0,1,0,1
1,2219,1,0,0,0,1
1,2225,1,0,0,0,1
1,2234,1,0,0,0,1
1,2242,1,0,1,0,1
1,2252,1,0,0,0,1
1,2258,1,0,0,0,1
1,2266,1,0,0,0,1
1,2271,1,0,0,0,1
1,2294,1,0,0,0,1
1,2300,1,0,1,0,1
1,2320,1,0,0,0,1
1,2324,1,0,1,0,1
1,2344,1,0,0,0,1
1,2347,1,0,0,0,1
1,2350,1,0,0,0,1
1,2353,1,0,0,0,1
1,2357,1,0,0,0,1
1,2372,1,0,0,0,1
1,2383,1,0,0,0,1
1,2399,1,0,0,0,1
1,2422,1,0,1,0,1
1,2424,1,0,1,0,1
1,2438,1,0,1,0,1
1,2452,1,0,0,0,1
1,2468,1,0,0,0,1
1,2488,1,0,0,0,1
1,18,1,1,1,0,2
1,39,1,1,0,0,2
1,40,1,1,0,1,2
1,67,1,1,0,0,2
1,74,1,1,1,0,2
1,76,1,1,0,0,2
1,95,1,1,0,0,2
1,97,1,1,1,0,2
1,98,1,1,0,0,2
1,115,1,1,0,0,2
1,125,1,1,0,0,2
1,126,1,1,1,0,2
1,170,1,1,0,0,2
1,179,1,1,0,0,2
1,181,1,1,0,1,2
1,205,1,1,0,1,2
1,212,1,1,0,1,2
1,214,1,1,0,0,2
1,219,1,1,0,0,2
1,226,1,1,0,1,2
1,241,1,1,0,1,2
1,246,1,1,0,0,2
1,285,1,1,0,0,2
1,302,1,1,0,0,2
1,308,1,1,0,0,2
1,320,1,1,0,0,2
1,322,1,1,1,0,2
1,323,1,1,0,1,2
1,325,1,1,0,0,2
1,349,1,1,0,0,2
1,354,1,1,1,0,2
1,363,1,1,0,0,2
1,365,1,1,1,0,2
1,370,1,1,1,0,2
1,402,1,1,0,1,2
1,417,1,1,0,0,2
1,444,1,1,0,0,2
1,456,1,1,1,0,2
1,505,1,1,0,1,2
1,516,1,1,0,0,2
1,531,1,1,0,1,2
1,559,1,1,1,0,2
1,583,1,1,0,0,2
1,611,1,1,0,1,2
1,621,1,1,0,0,2
1,627,1,1,1,0,2
1,628,1,1,1,0,2
1,646,1,1,1,0,2
1,653,1,1,0,1,2
1,659,1,1,0,1,2
1,684,1,1,1,0,2
1,691,1,1,1,0,2
1,713,1,1,0,0,2
1,714,1,1,0,0,2
1,715,1,1,1,0,2
1,749,1,1,0,0,2
1,751,1,1,1,0,2
1,770,1,1,0,1,2
1,786,1,1,0,0,2
1,836,1,1,0,1,2
1,884,1,1,0,0,2
1,892,1,1,0,0,2
1,900,1,1,0,0,2
1,907,1,1,0,1,2
1,930,1,1,1,0,2
1,934,1,1,0,0,2
1,941,1,1,0,0,2
1,942,1,1,0,1,2
1,948,1,1,0,0,2
1,952,1,1,0,0,2
1,957,1,1,0,0,2
1,959,1,1,0,0,2
1,969,1,1,0,0,2
1,982,1,1,0,0,2
1,984,1,1,0,0,2
1,986,1,1,1,0,2
1,992,1,1,1,0,2
1,997,1,1,0,1,2
1,1017,1,1,0,0,2
1,1021,1,1,1,0,2
1,1037,1,1,0,0,2
1,1056,1,1,0,0,2
1,1090,1,1,0,0,2
1,1096,1,1,0,1,2
1,1099,1,1,0,0,2
1,1105,1,1,0,0,2
1,1127,1,1,0,1,2
1,1130,1,1,0,0,2
1,1145,1,1,0,0,2
1,1150,1,1,0,0,2
1,1159,1,1,0,0,2
1,1162,1,1,1,0,2
1,1184,1,1,0,0,2
1,1190,1,1,0,1,2
1,1197,1,1,0,0,2
1,1207,1,1,0,1,2
1,1220,1,1,0,0,2
1,1238,1,1,0,0,2
1,1292,1,1,0,1,2
1,1299,1,1,1,0,2
1,1303,1,1,0,0,2
1,1312,1,1,0,0,2
1,1413,1,1,0,0,2
1,1427,1,1,0,0,2
1,1445,1,1,1,0,2
1,1482,1,1,1,0,2
1,1521,1,1,0,1,2
1,1522,1,1,1,0,2
1,1543,1,1,0,1,2
1,1546,1,1,0,0,2
1,1562,1,1,1,0,2
1,1582,1,1,0,1,2
1,1592,1,1,0,0,2
1,1618,1,1,0,0,2
1,1621,1,1,0,0,2
1,1631,1,1,0,0,2
1,1647,1,1,1,0,2
1,1665,1,1,0,0,2
1,1682,1,1,0,0,2
1,1683,1,1,0,0,2
1,1751,1,1,1,0,2
1,1760,1,1,0,0,2
1,1781,1,1,0,0,2
1,1786,1,1,0,1,2
1,1801,1,1,0,1,2
1,1807,1,1,0,0,2
1,1809,1,1,1,0,2
1,1815,1,1,0,0,2
1,1853,1,1,0,1,2
1,1881,1,1,0,0,2
1,1897,1,1,0,1,2
1,1905,1,1,0,0,2
1,1926,1,1,0,0,2
1,1963,1,1,0,0,2
1,1967,1,1,1,0,2
1,1969,1,1,0,1,2
1,1970,1,1,0,0,2
1,1971,1,1,0,0,2
1,1974,1,1,0,1,2
1,1991,1,1,0,1,2
1,1996,1,1,0,0,2
1,2009,1,1,0,0,2
1,2011,1,1,0,0,2
1,2032,1,1,0,1,2
1,2036,1,1,0,1,2
1,2046,1,1,1,0,2
1,2050,1,1,0,0,2
1,2063,1,1,0,0,2
1,2099,1,1,0,1,2
1,2112,1,1,0,1,2
1,2136,1,1,1,0,2
1,2142,1,1,0,0,2
1,2144,1,1,1,0,2
1,2150,1,1,0,0,2
1,2162,1,1,0,0,2
1,2166,1,1,0,0,2
1,2168,1,1,0,0,2
1,2194,1,1,0,0,2
1,2226,1,1,0,0,2
1,2281,1,1,0,0,2
1,2285,1,1,0,1,2
1,2297,1,1,0,1,2
1,2321,1,1,0,1,2
1,2342,1,1,1,0,2
1,2376,1,1,1,0,2
1,2388,1,1,0,0,2
1,2421,1,1,0,0,2
1,2423,1,1,0,0,2
1,2428,1,1,0,0,2
1,2444,1,1,0,1,2
1,2447,1,1,0,0,2
1,2448,1,1,0,1,2
1,2455,1,1,0,1,2
1,2466,1,1,0,0,2
1,2471,1,1,0,0,2
1,2483,1,1,0,1,2
1,2494,1,1,0,0,2
1,1,0,2,0,1,3
1,16,0,2,0,0,3
1,22,0,2,0,0,3
1,33,0,2,0,1,3
1,34,0,2,0,1,3
1,45,0,2,0,1,3
1,48,0,2,0,0,3
1,56,0,2,0,0,3
1,57,0,2,0,0,3
1,59,0,2,0,0,3
1,111,0,2,0,0,3
1,129,0,2,0,0,3
1,144,0,2,0,0,3
1,165,0,2,0,0,3
1,183,0,2,0,0,3
1,222,0,2,0,0,3
1,229,0,2,0,0,3
1,231,0,2,0,0,3
1,248,0,2,0,0,3
1,263,0,2,0,0,3
1,269,0,2,0,1,3
1,275,0,2,0,0,3
1,292,0,2,0,0,3
1,303,0,2,0,0,3
1,307,0,2,0,0,3
1,351,0,2,0,0,3
1,362,0,2,0,0,3
1,379,0,2,0,1,3
1,386,0,2,0,1,3
1,396,0,2,0,1,3
1,408,0,2,0,1,3
1,413,0,2,0,1,3
1,448,0,2,0,0,3
1,449,0,2,0,0,3
1,455,0,2,0,0,3
1,457,0,2,0,0,3
1,464,0,2,0,0,3
1,478,0,2,0,1,3
1,485,0,2,0,0,3
1,494,0,2,0,0,3
1,495,0,2,0,0,3
1,507,0,2,0,0,3
1,527,0,2,0,0,3
1,537,0,2,0,0,3
1,538,0,2,0,0,3
1,544,0,2,0,0,3
1,551,0,2,0,0,3
1,555,0,2,0,0,3
1,562,0,2,0,0,3
1,566,0,2,0,1,3
1,573,0,2,0,0,3
1,620,0,2,0,0,3
1,639,0,2,0,0,3
1,663,0,2,0,1,3
1,666,0,2,0,0,3
1,669,0,2,0,0,3
1,677,0,2,0,0,3
1,708,0,2,0,0,3
1,724,0,2,0,0,3
1,730,0,2,0,0,3
1,804,0,2,0,0,3
1,808,0,2,0,0,3
1,820,0,2,0,0,3
1,832,0,2,0,0,3
1,852,0,2,0,0,3
1,856,0,2,0,0,3
1,859,0,2,0,0,3
1,861,0,2,0,0,3
1,867,0,2,0,1,3
1,901,0,2,0,0,3
1,915,0,2,0,1,3
1,921,0,2,0,0,3
1,928,0,2,0,0,3
1,946,0,2,0,0,3
1,955,0,2,0,0,3
1,983,0,2,0,0,3
1,987,0,2,0,0,3
1,1026,0,2,0,1,3
1,1035,0,2,0,0,3
1,1050,0,2,0,0,3
1,1058,0,2,0,0,3
1,1111,0,2,0,0,3
1,1133,0,2,0,0,3
1,1138,0,2,0,1,3
1,1140,0,2,0,0,3
1,1151,0,2,0,0,3
1,1176,0,2,0,0,3
1,1178,0,2,0,1,3
1,1181,0,2,0,1,3
1,1185,0,2,0,0,3
1,1189,0,2,0,0,3
1,1195,0,2,0,1,3
1,1200,0,2,0,0,3
1,1218,0,2,0,1,3
1,1221,0,2,0,0,3
1,1226,0,2,0,0,3
1,1235,0,2,0,1,3
1,1251,0,2,0,0,3
1,1263,0,2,0,1,3
1,1283,0,2,0,0,3
1,1298,0,2,0,0,3
1,1327,0,2,0,0,3
1,1335,0,2,0,0,3
1,1351,0,2,0,0,3
1,1362,0,2,0,1,3
1,1372,0,2,0,0,3
1,1387,0,2,0,0,3
1,1394,0,2,0,0,3
1,1405,0,2,0,1,3
1,1417,0,2,0,0,3
1,1425,0,2,0,0,3
1,1439,0,2,0,0,3
1,1451,0,2,0,0,3
1,1458,0,2,0,0,3
1,1463,0,2,0,0,3
1,1469,0,2,0,1,3
1,1480,0,2,0,0,3
1,1484,0,2,0,0,3
1,1505,0,2,0,0,3
1,1506,0,2,0,0,3
1,1507,0,2,0,0,3
1,1529,0,2,0,1,3
1,1534,0,2,0,0,3
1,1537,0,2,0,0,3
1,1571,0,2,0,1,3
1,1573,0,2,0,0,3
1,1574,0,2,0,0,3
1,1575,0,2,0,0,3
1,1590,0,2,0,0,3
1,1606,0,2,0,0,3
1,1609,0,2,0,0,3
1,1636,0,2,0,0,3
1,1648,0,2,0,0,3
1,1653,0,2,0,0,3
1,1678,0,2,0,0,3
1,1695,0,2,0,0,3
1,1709,0,2,0,0,3
1,1721,0,2,0,0,3
1,1748,0,2,0,0,3
1,1770,0,2,0,0,3
1,1772,0,2,0,1,3
1,1780,0,2,0,0,3
1,1788,0,2,0,0,3
1,1803,0,2,0,1,3
1,1805,0,2,0,0,3
1,1834,0,2,0,0,3
1,1859,0,2,0,0,3
1,1861,0,2,0,0,3
1,1904,0,2,0,0,3
1,1907,0,2,0,0,3
1,1931,0,2,0,0,3
1,1947,0,2,0,0,3
1,1950,0,2,0,1,3
1,2013,0,2,0,0,3
1,2026,0,2,0,0,3
1,2040,0,2,0,0,3
1,2043,0,2,0,0,3
1,2065,0,2,0,1,3
1,2066,0,2,0,0,3
1,2080,0,2,0,0,3
1,2081,0,2,0,1,3
1,2114,0,2,0,0,3
1,2115,0,2,0,0,3
1,2133,0,2,0,0,3
1,2135,0,2,0,0,3
1,2148,0,2,0,0,3
1,2151,0,2,0,0,3
1,2152,0,2,0,1,3
1,2155,0,2,0,0,3
1,2178,0,2,0,0,3
1,2186,0,2,0,0,3
1,2197,0,2,0,1,3
1,2207,0,2,0,0,3
1,2231,0,2,0,0,3
1,2246,0,2,0,0,3
1,2262,0,2,0,0,3
1,2270,0,2,0,0,3
1,2273,0,2,0,1,3
1,2276,0,2,0,0,3
1,2278,0,2,0,1,3
1,2286,0,2,0,0,3
1,2309,0,2,0,0,3
1,2348,0,2,0,0,3
1,2369,0,2,0,0,3
1,2389,0,2,0,0,3
1,2395,0,2,0,1,3
1,2411,0,2,0,0,3
1,2417,0,2,0,0,3
1,2426,0,2,0,0,3
1,2430,0,2,0,0,3
1,2437,0,2,0,0,3
1,2457,0,2,0,0,3
1,2461,0,2,0,1,3
1,2487,0,2,0,0,3
1,14,1,1,1,0,4
1,17,1,1,0,1,4
1,30,1,1,0,0,4
1,31,1,1,0,0,4
1,47,1,1,0,0,4
1,82,1,1,0,0,4
1,84,1,1,0,0,4
1,85,1,1,0,1,4
1,142,1,1,0,0,4
1,146,1,1,0,1,4
1,157,1,1,0,1,4
1,160,1,1,0,0,4
1,171,1,1,0,0,4
1,182,1,1,0,1,4
1,188,1,1,0,0,4
1,189,1,1,0,0,4
1,215,1,1,0,0,4
1,221,1,1,0,0,4
1,225,1,1,0,0,4
1,230,1,1,1,0,4
1,233,1,1,0,0,4
1,237,1,1,0,0,4
1,238,1,1,0,1,4
1,240,1,1,0,0,4
1,249,1,1,0,0,4
1,265,1,1,0,1,4
1,270,1,1,0,1,4
1,297,1,1,0,1,4
1,299,1,1,0,0,4
1,337,1,1,0,0,4
1,338,1,1,0,1,4
1,340,1,1,1,0,4
1,366,1,1,0,0,4
1,368,1,1,1,0,4
1,376,1,1,0,0,4
1,389,1,1,1,0,4
1,400,1,1,1,0,4
1,415,1,1,0,1,4
1,421,1,1,0,0,4
1,428,1,1,0,0,4
1,443,1,1,1,0,4
1,454,1,1,0,1,4
1,466,1,1,0,1,4
1,470,1,1,0,1,4
1,488,1,1,0,1,4
1,492,1,1,0,0,4
1,493,1,1,0,1,4
1,502,1,1,0,0,4
1,525,1,1,0,0,4
1,548,1,1,0,0,4
1,575,1,1,0,0,4
1,585,1,1,0,0,4
1,598,1,1,0,0,4
1,601,1,1,0,1,4
1,617,1,1,1,0,4
1,654,1,1,0,0,4
1,657,1,1,0,1,4
1,670,1,1,1,0,4
1,679,1,1,0,0,4
1,683,1,1,0,0,4
1,685,1,1,0,1,4
1,703,1,1,0,0,4
1,706,1,1,1,0,4
1,722,1,1,0,1,4
1,723,1,1,0,0,4
1,726,1,1,0,0,4
1,733,1,1,0,0,4
1,750,1,1,1,0,4
1,771,1,1,0,0,4
1,788,1,1,1,0,4
1,789,1,1,0,0,4
1,790,1,1,1,0,4
1,796,1,1,0,0,4
1,800,1,1,0,0,4
1,825,1,1,0,0,4
1,841,1,1,0,0,4
1,863,1,1,0,0,4
1,887,1,1,0,0,4
1,888,1,1,0,1,4
1,891,1,1,0,0,4
1,898,1,1,0,0,4
1,903,1,1,0,0,4
1,906,1,1,1,0,4
1,912,1,1,0,1,4
1,916,1,1,0,1,4
1,927,1,1,0,0,4
1,944,1,1,0,0,4
1,961,1,1,0,0,4
1,964,1,1,0,0,4
1,970,1,1,0,0,4
1,991,1,1,1,0,4
1,996,1,1,0,1,4
1,1001,1,1,0,1,4
1,1029,1,1,1,0,4
1,1034,1,1,0,0,4
1,1053,1,1,1,0,4
1,1055,1,1,0,0,4
1,1064,1,1,0,1,4
1,1065,1,1,1,0,4
1,1072,1,1,0,0,4
1,1075,1,1,0,0,4
1,1088,1,1,1,0,4
1,1092,1,1,0,1,4
1,1104,1,1,1,0,4
1,1112,1,1,1,0,4
1,1115,1,1,0,0,4
1,1119,1,1,0,1,4
1,1121,1,1,0,1,4
1,1131,1,1,1,0,4
1,1132,1,1,0,1,4
1,1136,1,1,0,1,4
1,1139,1,1,1,0,4
1,1146,1,1,1,0,4
1,1168,1,1,1,0,4
1,1179,1,1,0,0,4
1,1180,1,1,0,0,4
1,1187,1,1,1,0,4
1,1198,1,1,1,0,4
1,1203,1,1,1,0,4
1,1213,1,1,0,1,4
1,1227,1,1,0,0,4
1,1244,1,1,0,0,4
1,1264,1,1,0,0,4
1,1272,1,1,1,0,4
1,1281,1,1,1,0,4
1,1289,1,1,0,1,4
1,1294,1,1,0,0,4
1,1326,1,1,0,0,4
1,1328,1,1,1,0,4
1,1331,1,1,0,1,4
1,1352,1,1,1,0,4
1,1358,1,1,0,0,4
1,1360,1,1,0,0,4
1,1361,1,1,0,1,4
1,1365,1,1,0,0,4
1,1377,1,1,1,0,4
1,1382,1,1,0,0,4
1,1400,1,1,0,0,4
1,1409,1,1,0,0,4
1,1418,1,1,0,0,4
1,1424,1,1,0,1,4
1,1430,1,1,1,0,4
1,1441,1,1,0,0,4
1,1446,1,1,0,0,4
1,1447,1,1,1,0,4
1,1471,1,1,0,1,4
1,1485,1,1,1,0,4
1,1492,1,1,0,0,4
1,1497,1,1,0,1,4
1,1499,1,1,0,1,4
1,1519,1,1,0,0,4
1,1528,1,1,0,0,4
1,1531,1,1,1,0,4
1,1539,1,1,0,0,4
1,1547,1,1,0,0,4
1,1554,1,1,0,1,4
1,1565,1,1,1,0,4
1,1567,1,1,1,0,4
1,1572,1,1,0,0,4
1,1584,1,1,0,0,4
1,1597,1,1,0,1,4
1,1615,1,1,0,0,4
1,1624,1,1,0,1,4
1,1625,1,1,0,0,4
1,1661,1,1,0,1,4
1,1668,1,1,0,0,4
1,1671,1,1,0,0,4
1,1694,1,1,0,1,4
1,1697,1,1,0,0,4
1,1703,1,1,1,0,4
1,1736,1,1,1,0,4
1,1739,1,1,1,0,4
1,1743,1,1,1,0,4
1,1759,1,1,0,1,4
1,1794,1,1,0,1,4
1,1800,1,1,1,0,4
1,1808,1,1,0,0,4
1,1813,1,1,1,0,4
1,1824,1,1,0,1,4
1,1827,1,1,0,1,4
1,1829,1,1,0,1,4
1,1835,1,1,0,0,4
1,1839,1,1,1,0,4
1,1856,1,1,0,1,4
1,1869,1,1,0,0,4
1,1872,1,1,0,0,4
1,1875,1,1,1,0,4
1,1884,1,1,1,0,4
1,1886,1,1,0,0,4
1,1890,1,1,0,0,4
1,1894,1,1,1,0,4
1,1899,1,1,1,0,4
1,1906,1,1,0,0,4
1,1930,1,1,0,0,4
1,1937,1,1,0,1,4
1,1938,1,1,0,1,4
1,1943,1,1,1,0,4
1,1964,1,1,0,0,4
1,1977,1,1,0,1,4
1,1978,1,1,0,0,4
1,1986,1,1,0,0,4
1,1999,1,1,1,0,4
1,2012,1,1,0,0,4
1,2025,1,1,0,0,4
1,2030,1,1,0,0,4
1,2073,1,1,0,1,4
1,2074,1,1,0,0,4
1,2087,1,1,0,1,4
1,2101,1,1,0,0,4
1,2102,1,1,0,1,4
1,2129,1,1,1,0,4
1,2130,1,1,1,0,4
1,2131,1,1,0,1,4
1,2138,1,1,0,1,4
1,2169,1,1,0,1,4
1,2198,1,1,1,0,4
1,2227,1,1,0,0,4
1,2237,1,1,1,0,4
1,2240,1,1,0,0,4
1,2250,1,1,1,0,4
1,2259,1,1,0,0,4
1,2280,1,1,0,0,4
1,2287,1,1,0,0,4
1,2288,1,1,0,0,4
1,2304,1,1,0,1,4
1,2316,1,1,1,0,4
1,2326,1,1,1,0,4
1,2351,1,1,0,1,4
1,2358,1,1,0,0,4
1,2370,1,1,1,0,4
1,2377,1,1,0,1,4
1,2381,1,1,0,1,4
1,2382,1,1,1,0,4
1,2408,1,1,0,0,4
1,2414,1,1,0,0,4
1,2418,1,1,1,0,4
1,2432,1,1,1,0,4
1,2433,1,1,0,0,4
1,2450,1,1,0,0,4
1,2454,1,1,1,0,4
1,2477,1,1,0,0,4
1,2478,1,1,0,1,4
1,2479,1,1,1,0,4
1,2490,1,1,0,1,4
1,2496,1,1,1,0,4
1,23,2,2,0,0,5
1,42,2,2,0,1,5
1,44,2,2,2,0,5
1,64,2,2,2,0,5
1,75,2,2,1,0,5
1,81,2,2,0,0,5
1,102,2,2,0,2,5
1,106,2,2,0,0,5
1,110,2,2,2,0,5
1,116,2,2,0,0,5
1,119,2,2,0,2,5
1,136,2,2,0,0,5
1,137,2,2,0,0,5
1,174,2,2,0,2,5
1,197,2,2,0,0,5
1,202,2,2,0,0,5
1,227,2,2,0,0,5
1,258,2,2,0,0,5
1,286,2,2,0,2,5
1,287,2,2,0,2,5
1,309,2,2,0,0,5
1,311,2,2,1,0,5
1,313,2,2,0,0,5
1,346,2,2,0,0,5
1,353,2,2,0,1,5
1,360,2,2,1,0,5
1,375,2,2,0,0,5
1,382,2,2,0,1,5
1,393,2,2,0,1,5
1,409,2,2,2,0,5
1,440,2,2,0,0,5
1,445,2,2,0,0,5
1,459,2,2,0,2,5
1,473,2,2,2,0,5
1,519,2,2,0,0,5
1,526,2,2,2,0,5
1,532,2,2,0,0,5
1,541,2,2,0,0,5
1,554,2,2,0,0,5
1,568,2,2,0,0,5
1,589,2,2,2,0,5
1,602,2,2,0,0,5
1,607,2,2,0,0,5
1,613,2,2,0,2,5
1,625,2,2,0,2,5
1,633,2,2,0,0,5
1,638,2,2,0,1,5
1,642,2,2,2,0,5
1,664,2,2,0,0,5
1,686,2,2,0,0,5
1,699,2,2,0,0,5
1,702,2,2,0,2,5
1,710,2,2,0,2,5
1,735,2,2,0,0,5
1,736,2,2,0,2,5
1,742,2,2,0,2,5
1,743,2,2,0,0,5
1,747,2,2,0,0,5
1,748,2,2,0,0,5
1,753,2,2,0,0,5
1,763,2,2,2,0,5
1,764,2,2,0,2,5
1,767,2,2,0,0,5
1,782,2,2,0,2,5
1,793,2,2,2,0,5
1,817,2,2,0,0,5
1,839,2,2,0,0,5
1,844,2,2,2,0,5
1,868,2,2,0,0,5
1,872,2,2,2,0,5
1,876,2,2,0,0,5
1,902,2,2,0,0,5
1,908,2,2,2,0,5
1,932,2,2,0,0,5
1,938,2,2,0,0,5
1,965,2,2,0,0,5
1,966,2,2,2,0,5
1,993,2,2,1,0,5
1,1006,2,2,0,2,5
1,1045,2,2,0,2,5
1,1051,2,2,0,0,5
1,1052,2,2,2,0,5
1,1059,2,2,2,0,5
1,1066,2,2,2,0,5
1,1067,2,2,2,0,5
1,1073,2,2,2,0,5
1,1074,2,2,0,0,5
1,1084,2,2,0,0,5
1,1091,2,2,0,0,5
1,1120,2,2,0,0,5
1,1123,2,2,0,0,5
1,1125,2,2,0,0,5
1,1134,2,2,2,0,5
1,1169,2,2,0,0,5
1,1174,2,2,0,0,5
1,1193,2,2,0,0,5
1,1211,2,2,0,2,5
1,1228,2,2,0,1,5
1,1231,2,2,0,0,5
1,1245,2,2,0,0,5
1,1248,2,2,0,2,5
1,1258,2,2,0,0,5
1,1278,2,2,0,0,5
1,1282,2,2,0,0,5
1,1288,2,2,0,0,5
1,1296,2,2,0,0,5
1,1304,2,2,0,2,5
1,1307,2,2,2,0,5
1,1334,2,2,0,0,5
1,1347,2,2,0,0,5
1,1350,2,2,0,0,5
1,1359,2,2,0,0,5
1,1369,2,2,0,2,5
1,1376,2,2,0,0,5
1,1385,2,2,0,0,5
1,1391,2,2,0,2,5
1,1396,2,2,0,0,5
1,1402,2,2,0,0,5
1,1428,2,2,0,0,5
1,1435,2,2,0,0,5
1,1449,2,2,0,0,5
1,1457,2,2,2,0,5
1,1476,2,2,2,0,5
1,1488,2,2,0,2,5
1,1509,2,2,0,2,5
1,1511,2,2,0,2,5
1,1513,2,2,0,0,5
1,1525,2,2,0,0,5
1,1533,2,2,2,0,5
1,1542,2,2,0,0,5
1,1553,2,2,0,0,5
1,1577,2,2,0,0,5
1,1594,2,2,0,2,5
1,1635,2,2,0,0,5
1,1672,2,2,0,0,5
1,1681,2,2,0,0,5
1,1692,2,2,2,0,5
1,1713,2,2,2,0,5
1,1764,2,2,0,0,5
1,1769,2,2,0,0,5
1,1771,2,2,0,0,5
1,1791,2,2,2,0,5
1,1811,2,2,0,0,5
1,1819,2,2,0,2,5
1,1821,2,2,0,0,5
1,1826,2,2,2,0,5
1,1837,2,2,0,0,5
1,1838,2,2,2,0,5
1,1842,2,2,0,0,5
1,1848,2,2,0,2,5
1,1870,2,2,0,2,5
1,1878,2,2,0,0,5
1,1880,2,2,0,0,5
1,1883,2,2,0,0,5
1,1891,2,2,0,2,5
1,1910,2,2,1,0,5
1,1919,2,2,0,0,5
1,1944,2,2,2,0,5
1,1962,2,2,0,0,5
1,1994,2,2,0,0,5
1,2019,2,2,0,0,5
1,2028,2,2,0,2,5
1,2037,2,2,0,0,5
1,2041,2,2,2,0,5
1,2048,2,2,2,0,5
1,2054,2,2,0,2,5
1,2057,2,2,0,0,5
1,2069,2,2,0,2,5
1,2085,2,2,2,0,5
1,2089,2,2,2,0,5
1,2120,2,2,2,0,5
1,2122,2,2,0,0,5
1,2140,2,2,0,1,5
1,2143,2,2,0,0,5
1,2153,2,2,0,0,5
1,2157,2,2,2,0,5
1,2159,2,2,0,0,5
1,2165,2,2,2,0,5
1,2171,2,2,2,0,5
1,2177,2,2,0,0,5
1,2180,2,2,2,0,5
1,2187,2,2,2,0,5
1,2191,2,2,0,0,5
1,2203,2,2,0,0,5
1,2215,2,2,2,0,5
1,2224,2,2,0,0,5
1,2267,2,2,0,0,5
1,2274,2,2,0,2,5
1,2283,2,2,0,0,5
1,2284,2,2,0,2,5
1,2290,2,2,0,0,5
1,2296,2,2,0,0,5
1,2303,2,2,0,0,5
1,2308,2,2,0,0,5
1,2336,2,2,0,0,5
1,2339,2,2,0,0,5
1,2361,2,2,0,0,5
1,2368,2,2,0,2,5
1,2415,2,2,0,2,5
1,2416,2,2,0,0,5
1,2425,2,2,0,2,5
1,2442,2,2,2,0,5
1,2462,2,2,0,0,5
1,2475,2,2,0,0,5
1,2486,2,2,0,2,5
1,21,1,1,0,1,6
1,26,1,1,0,0,6
1,63,1,1,0,0,6
1,72,1,1,1,0,6
1,78,1,1,0,0,6
1,93,1,1,0,1,6
1,100,1,1,1,0,6
1,104,1,1,0,1,6
1,108,1,1,0,1,6
1,151,1,1,1,0,6
1,173,1,1,0,0,6
1,194,1,1,0,1,6
1,256,1,1,0,0,6
1,259,1,1,0,0,6
1,264,1,1,0,1,6
1,321,1,1,0,0,6
1,352,1,1,0,0,6
1,357,1,1,0,0,6
1,392,1,1,1,0,6
1,414,1,1,0,0,6
1,425,1,1,0,0,6
1,437,1,1,0,0,6
1,453,1,1,0,1,6
1,476,1,1,0,0,6
1,486,1,1,0,1,6
1,514,1,1,0,0,6
1,533,1,1,0,0,6
1,539,1,1,0,1,6
1,542,1,1,0,0,6
1,549,1,1,0,1,6
1,576,1,1,0,0,6
1,590,1,1,1,0,6
1,599,1,1,0,0,6
1,600,1,1,0,1,6
1,603,1,1,0,1,6
1,623,1,1,0,0,6
1,630,1,1,0,0,6
1,652,1,1,0,1,6
1,667,1,1,0,0,6
1,671,1,1,1,0,6
1,672,1,1,0,0,6
1,682,1,1,0,0,6
1,731,1,1,0,0,6
1,738,1,1,0,0,6
1,759,1,1,1,0,6
1,760,1,1,1,0,6
1,779,1,1,0,0,6
1,798,1,1,0,0,6
1,828,1,1,0,1,6
1,829,1,1,0,0,6
1,834,1,1,0,0,6
1,849,1,1,0,0,6
1,860,1,1,0,1,6
1,865,1,1,0,0,6
1,869,1,1,0,0,6
1,877,1,1,1,0,6
1,883,1,1,1,0,6
1,920,1,1,0,1,6
1,958,1,1,0,0,6
1,985,1,1,1,0,6
1,1010,1,1,0,0,6
1,1012,1,1,1,0,6
1,1023,1,1,0,1,6
1,1046,1,1,0,0,6
1,1062,1,1,0,0,6
1,1063,1,1,0,1,6
1,1071,1,1,0,0,6
1,1077,1,1,1,0,6
1,1079,1,1,0,1,6
1,1081,1,1,0,1,6
1,1086,1,1,0,0,6
1,1093,1,1,0,1,6
1,1108,1,1,1,0,6
1,1164,1,1,0,0,6
1,1166,1,1,0,1,6
1,1171,1,1,1,0,6
1,1201,1,1,0,0,6
1,1205,1,1,0,0,6
1,1217,1,1,0,0,6
1,1249,1,1,0,1,6
1,1250,1,1,0,0,6
1,1269,1,1,1,0,6
1,1271,1,1,0,0,6
1,1274,1,1,0,0,6
1,1280,1,1,0,1,6
1,1301,1,1,0,0,6
1,1309,1,1,0,0,6
1,1311,1,1,0,1,6
1,1325,1,1,0,0,6
1,1340,1,1,1,0,6
1,1343,1,1,1,0,6
1,1353,1,1,0,0,6
1,1357,1,1,0,0,6
1,1395,1,1,0,0,6
1,1397,1,1,0,0,6
1,1411,1,1,0,0,6
1,1420,1,1,0,0,6
1,1432,1,1,0,1,6
1,1490,1,1,0,0,6
1,1518,1,1,0,0,6
1,1527,1,1,0,0,6
1,1585,1,1,1,0,6
1,1598,1,1,0,0,6
1,1640,1,1,0,0,6
1,1657,1,1,0,0,6
1,1693,1,1,0,1,6
1,1705,1,1,1,0,6
1,1720,1,1,0,0,6
1,1730,1,1,0,1,6
1,1731,1,1,0,0,6
1,1755,1,1,0,1,6
1,1756,1,1,0,0,6
1,1775,1,1,0,0,6
1,1790,1,1,1,0,6
1,1799,1,1,1,0,6
1,1806,1,1,0,0,6
1,1818,1,1,0,0,6
1,1831,1,1,1,0,6
1,1845,1,1,0,1,6
1,1885,1,1,1,0,6
1,1895,1,1,0,0,6
1,1909,1,1,0,0,6
1,1914,1,1,0,1,6
1,1935,1,1,1,0,6
1,1953,1,1,1,0,6
1,1957,1,1,0,1,6
1,1960,1,1,1,0,6
1,1975,1,1,1,0,6
1,1992,1,1,1,0,6
1,1998,1,1,0,0,6
1,2002,1,1,0,1,6
1,2020,1,1,0,0,6
1,2034,1,1,0,1,6
1,2035,1,1,0,1,6
1,2056,1,1,1,0,6
1,2083,1,1,0,0,6
1,2084,1,1,0,0,6
1,2117,1,1,1,0,6
1,2124,1,1,1,0,6
1,2125,1,1,0,0,6
1,2126,1,1,0,0,6
1,2210,1,1,0,0,6
1,2293,1,1,1,0,6
1,2298,1,1,0,1,6
1,2301,1,1,0,1,6
1,2305,1,1,0,0,6
1,2315,1,1,0,0,6
1,2356,1,1,1,0,6
1,2360,1,1,0,0,6
1,2407,1,1,0,0,6
1,2427,1,1,0,0,6
1,2429,1,1,0,1,6
1,2440,1,1,0,0,6
1,15,1,1,0,0,7
1,65,1,1,0,1,7
1,79,1,1,1,0,7
1,83,1,1,0,1,7
1,87,1,1,0,0,7
1,94,1,1,1,0,7
1,107,1,1,0,0,7
1,114,1,1,1,0,7
1,118,1,1,0,1,7
1,123,1,1,0,1,7
1,139,1,1,0,0,7
1,172,1,1,0,1,7
1,178,1,1,0,0,7
1,186,1,1,0,0,7
1,191,1,1,0,0,7
1,199,1,1,0,0,7
1,207,1,1,1,0,7
1,208,1,1,1,0,7
1,228,1,1,0,1,7
1,234,1,1,0,0,7
1,255,1,1,1,0,7
1,272,1,1,0,0,7
1,273,1,1,0,1,7
1,278,1,1,1,0,7
1,289,1,1,0,0,7
1,343,1,1,0,0,7
1,380,1,1,1,0,7
1,385,1,1,0,1,7
1,398,1,1,0,1,7
1,416,1,1,1,0,7
1,422,1,1,0,1,7
1,426,1,1,1,0,7
1,429,1,1,0,1,7
1,436,1,1,0,0,7
1,439,1,1,0,0,7
1,450,1,1,0,0,7
1,509,1,1,0,0,7
1,515,1,1,1,0,7
1,521,1,1,0,0,7
1,522,1,1,0,0,7
1,529,1,1,0,0,7
1,578,1,1,1,0,7
1,584,1,1,0,1,7
1,618,1,1,0,1,7
1,624,1,1,0,0,7
1,648,1,1,0,0,7
1,650,1,1,0,1,7
1,676,1,1,0,0,7
1,681,1,1,1,0,7
1,688,1,1,0,0,7
1,693,1,1,0,1,7
1,696,1,1,0,0,7
1,718,1,1,0,0,7
1,721,1,1,0,0,7
1,737,1,1,0,0,7
1,741,1,1,0,0,7
1,745,1,1,0,0,7
1,772,1,1,0,1,7
1,801,1,1,0,0,7
1,802,1,1,0,0,7
1,826,1,1,1,0,7
1,843,1,1,0,1,7
1,855,1,1,0,1,7
1,905,1,1,1,0,7
1,910,1,1,0,0,7
1,926,1,1,1,0,7
1,937,1,1,0,0,7
1,947,1,1,0,1,7
1,975,1,1,1,0,7
1,976,1,1,0,0,7
1,978,1,1,0,0,7
1,990,1,1,1,0,7
1,1004,1,1,1,0,7
1,1005,1,1,1,0,7
1,1013,1,1,1,0,7
1,1016,1,1,0,1,7
1,1032,1,1,1,0,7
1,1076,1,1,0,0,7
1,1095,1,1,1,0,7
1,1102,1,1,0,1,7
1,1114,1,1,0,0,7
1,1118,1,1,0,0,7
1,1148,1,1,0,0,7
1,1156,1,1,0,0,7
1,1163,1,1,0,0,7
1,1196,1,1,0,1,7
1,1204,1,1,1,0,7
1,1214,1,1,0,0,7
1,1232,1,1,0,0,7
1,1240,1,1,0,0,7
1,1310,1,1,1,0,7
1,1313,1,1,1,0,7
1,1314,1,1,1,0,7
1,1320,1,1,1,0,7
1,1330,1,1,0,1,7
1,1341,1,1,1,0,7
1,1346,1,1,1,0,7
1,1399,1,1,1,0,7
1,1421,1,1,1,0,7
1,1426,1,1,0,0,7
1,1434,1,1,1,0,7
1,1450,1,1,0,0,7
1,1459,1,1,0,0,7
1,1473,1,1,1,0,7
1,1479,1,1,1,0,7
1,1516,1,1,1,0,7
1,1558,1,1,1,0,7
1,1559,1,1,0,0,7
1,1581,1,1,1,0,7
1,1583,1,1,0,1,7
1,1637,1,1,1,0,7
1,1642,1,1,1,0,7
1,1646,1,1,0,0,7
1,1667,1,1,0,1,7
1,1674,1,1,0,1,7
1,1717,1,1,1,0,7
1,1723,1,1,1,0,7
1,1726,1,1,0,0,7
1,1740,1,1,0,0,7
1,1749,1,1,1,0,7
1,1768,1,1,0,0,7
1,1783,1,1,0,0,7
1,1785,1,1,0,1,7
1,1833,1,1,0,0,7
1,1843,1,1,0,0,7
1,1847,1,1,0,1,7
1,1866,1,1,1,0,7
1,1876,1,1,0,0,7
1,1902,1,1,1,0,7
1,1927,1,1,1,0,7
1,1933,1,1,0,0,7
1,1976,1,1,0,0,7
1,1987,1,1,0,0,7
1,1997,1,1,0,0,7
1,2006,1,1,0,1,7
1,2022,1,1,0,1,7
1,2024,1,1,0,0,7
1,2052,1,1,1,0,7
1,2094,1,1,0,1,7
1,2097,1,1,0,0,7
1,2111,1,1,0,0,7
1,2116,1,1,0,1,7
1,2127,1,1,0,1,7
1,2146,1,1,0,0,7
1,2167,1,1,1,0,7
1,2195,1,1,1,0,7
1,2199,1,1,0,0,7
1,2205,1,1,0,1,7
1,2229,1,1,0,0,7
1,2244,1,1,0,0,7
1,2248,1,1,1,0,7
1,2254,1,1,1,0,7
1,2256,1,1,0,0,7
1,2310,1,1,1,0,7
1,2314,1,1,0,1,7
1,2319,1,1,0,0,7
1,2355,1,1,1,0,7
1,2365,1,1,0,0,7
1,2396,1,1,0,0,7
1,2446,1,1,0,0,7
1,2459,1,1,0,0,7
1,2472,1,1,1,0,7
1,19,1,1,0,1,8
1,29,1,1,0,0,8
1,55,1,1,1,0,8
1,124,1,1,0,0,8
1,162,1,1,0,1,8
1,198,1,1,0,1,8
1,216,1,1,1,0,8
1,220,1,1,0,0,8
1,290,1,1,1,0,8
1,316,1,1,0,1,8
1,327,1,1,0,0,8
1,348,1,1,1,0,8
1,358,1,1,0,1,8
1,367,1,1,0,0,8
1,373,1,1,0,0,8
1,403,1,1,0,0,8
1,432,1,1,0,0,8
1,482,1,1,0,0,8
1,498,1,1,1,0,8
1,504,1,1,0,1,8
1,506,1,1,1,0,8
1,513,1,1,1,0,8
1,536,1,1,0,0,8
1,543,1,1,0,1,8
1,550,1,1,0,0,8
1,556,1,1,1,0,8
1,561,1,1,0,1,8
1,572,1,1,0,1,8
1,580,1,1,0,1,8
1,591,1,1,1,0,8
1,605,1,1,0,1,8
1,641,1,1,0,0,8
1,658,1,1,0,1,8
1,674,1,1,0,0,8
1,690,1,1,0,1,8
1,700,1,1,0,0,8
1,757,1,1,0,1,8
1,778,1,1,0,0,8
1,810,1,1,0,1,8
1,838,1,1,0,0,8
1,840,1,1,1,0,8
1,842,1,1,1,0,8
1,846,1,1,0,1,8
1,885,1,1,0,1,8
1,889,1,1,1,0,8
1,909,1,1,0,0,8
1,919,1,1,1,0,8
1,963,1,1,0,0,8
1,988,1,1,0,1,8
1,1003,1,1,1,0,8
1,1011,1,1,0,0,8
1,1022,1,1,0,0,8
1,1025,1,1,0,0,8
1,1033,1,1,1,0,8
1,1060,1,1,0,0,8
1,1070,1,1,0,1,8
1,1113,1,1,0,1,8
1,1122,1,1,0,0,8
1,1158,1,1,0,1,8
1,1161,1,1,1,0,8
1,1186,1,1,1,0,8
1,1199,1,1,1,0,8
1,1209,1,1,0,1,8
1,1224,1,1,0,0,8
1,1243,1,1,0,0,8
1,1254,1,1,0,0,8
1,1268,1,1,0,1,8
1,1286,1,1,0,0,8
1,1290,1,1,0,0,8
1,1374,1,1,0,0,8
1,1378,1,1,1,0,8
1,1379,1,1,1,0,8
1,1380,1,1,1,0,8
1,1401,1,1,0,1,8
1,1403,1,1,0,0,8
1,1406,1,1,0,1,8
1,1443,1,1,0,0,8
1,1444,1,1,0,0,8
1,1464,1,1,0,0,8
1,1465,1,1,0,0,8
1,1496,1,1,0,1,8
1,1550,1,1,0,0,8
1,1568,1,1,0,0,8
1,1587,1,1,0,1,8
1,1604,1,1,1,0,8
1,1619,1,1,0,1,8
1,1634,1,1,0,0,8
1,1651,1,1,0,0,8
1,1666,1,1,0,0,8
1,1691,1,1,0,0,8
1,1699,1,1,1,0,8
1,1722,1,1,1,0,8
1,1725,1,1,1,0,8
1,1746,1,1,1,0,8
1,1750,1,1,0,0,8
1,1765,1,1,0,0,8
1,1817,1,1,0,1,8
1,1854,1,1,1,0,8
1,1857,1,1,0,0,8
1,1864,1,1,0,1,8
1,1898,1,1,0,1,8
1,1901,1,1,1,0,8
1,1949,1,1,1,0,8
1,2005,1,1,0,0,8
1,2017,1,1,0,1,8
1,2059,1,1,0,1,8
1,2076,1,1,0,0,8
1,2078,1,1,0,0,8
1,2105,1,1,0,0,8
1,2160,1,1,1,0,8
1,2175,1,1,0,0,8
1,2179,1,1,0,0,8
1,2189,1,1,0,1,8
1,2196,1,1,1,0,8
1,2201,1,1,1,0,8
1,2204,1,1,0,0,8
1,2220,1,1,0,1,8
1,2230,1,1,0,0,8
1,2253,1,1,0,1,8
1,2268,1,1,0,1,8
1,2340,1,1,0,1,8
1,2367,1,1,0,1,8
1,2379,1,1,0,1,8
1,2384,1,1,0,0,8
1,2398,1,1,1,0,8
1,2404,1,1,0,0,8
1,2445,1,1,0,0,8
1,2453,1,1,0,0,8
1,2489,1,1,0,0,8
1,10,1,1,0,1,9
1,12,1,1,0,0,9
1,41,1,1,0,0,9
1,62,1,1,1,0,9
1,113,1,1,0,1,9
1,117,1,1,0,1,9
1,121,1,1,1,0,9
1,141,1,1,0,0,9
1,149,1,1,0,0,9
1,153,1,1,0,1,9
1,164,1,1,0,1,9
1,167,1,1,0,1,9
1,180,1,1,1,0,9
1,187,1,1,0,0,9
1,196,1,1,1,0,9
1,257,1,1,1,0,9
1,276,1,1,0,1,9
1,300,1,1,0,0,9
1,301,1,1,0,1,9
1,304,1,1,1,0,9
1,314,1,1,0,0,9
1,344,1,1,1,0,9
1,371,1,1,0,0,9
1,411,1,1,0,1,9
1,423,1,1,1,0,9
1,447,1,1,0,1,9
1,465,1,1,0,1,9
1,471,1,1,0,0,9
1,483,1,1,0,0,9
1,546,1,1,0,0,9
1,552,1,1,0,1,9
1,563,1,1,0,0,9
1,567,1,1,1,0,9
1,577,1,1,0,0,9
1,587,1,1,0,0,9
1,588,1,1,1,0,9
1,594,1,1,1,0,9
1,595,1,1,0,0,9
1,609,1,1,1,0,9
1,643,1,1,0,0,9
1,649,1,1,0,0,9
1,704,1,1,0,0,9
1,707,1,1,0,1,9
1,712,1,1,0,0,9
1,716,1,1,0,0,9
1,720,1,1,0,1,9
1,729,1,1,0,0,9
1,746,1,1,0,0,9
1,768,1,1,0,0,9
1,781,1,1,0,1,9
1,794,1,1,1,0,9
1,809,1,1,0,0,9
1,811,1,1,0,0,9
1,814,1,1,0,0,9
1,816,1,1,1,0,9
1,818,1,1,1,0,9
1,831,1,1,0,0,9
1,835,1,1,0,1,9
1,858,1,1,0,0,9
1,866,1,1,0,0,9
1,886,1,1,0,0,9
1,897,1,1,1,0,9
1,899,1,1,0,0,9
1,922,1,1,0,1,9
1,924,1,1,0,0,9
1,950,1,1,1,0,9
1,962,1,1,0,0,9
1,1000,1,1,0,0,9
1,1042,1,1,0,1,9
1,1044,1,1,0,0,9
1,1049,1,1,1,0,9
1,1054,1,1,0,0,9
1,1110,1,1,0,1,9
1,1117,1,1,0,0,9
1,1124,1,1,0,0,9
1,1144,1,1,0,0,9
1,1155,1,1,0,0,9
1,1160,1,1,0,1,9
1,1191,1,1,0,1,9
1,1206,1,1,0,0,9
1,1229,1,1,0,0,9
1,1252,1,1,0,0,9
1,1257,1,1,0,1,9
1,1261,1,1,0,1,9
1,1266,1,1,0,0,9
1,1270,1,1,1,0,9
1,1277,1,1,0,0,9
1,1279,1,1,1,0,9
1,1323,1,1,0,0,9
1,1342,1,1,0,0,9
1,1344,1,1,1,0,9
1,1349,1,1,0,1,9
1,1393,1,1,0,1,9
1,1398,1,1,0,0,9
1,1414,1,1,1,0,9
1,1422,1,1,0,1,9
1,1429,1,1,0,1,9
1,1436,1,1,1,0,9
1,1440,1,1,1,0,9
1,1453,1,1,1,0,9
1,1483,1,1,0,1,9
1,1491,1,1,0,0,9
1,1504,1,1,0,1,9
1,1510,1,1,0,1,9
1,1538,1,1,0,1,9
1,1548,1,1,0,0,9
1,1549,1,1,1,0,9
1,1561,1,1,1,0,9
1,1589,1,1,0,0,9
1,1612,1,1,1,0,9
1,1620,1,1,0,0,9
1,1645,1,1,0,0,9
1,1658,1,1,0,1,9
1,1676,1,1,1,0,9
1,1696,1,1,0,0,9
1,1700,1,1,0,0,9
1,1706,1,1,0,0,9
1,1729,1,1,0,1,9
1,1732,1,1,0,0,9
1,1733,1,1,0,1,9
1,1741,1,1,0,0,9
1,1752,1,1,1,0,9
1,1758,1,1,0,0,9
1,1762,1,1,0,0,9
1,1766,1,1,1,0,9
1,1778,1,1,0,1,9
1,1793,1,1,0,0,9
1,1812,1,1,0,1,9
1,1868,1,1,0,1,9
1,1873,1,1,0,0,9
1,1912,1,1,0,1,9
1,1948,1,1,0,0,9
1,1959,1,1,1,0,9
1,1973,1,1,1,0,9
1,1982,1,1,0,1,9
1,1983,1,1,0,1,9
1,1985,1,1,0,0,9
1,2008,1,1,0,1,9
1,2039,1,1,0,0,9
1,2047,1,1,0,0,9
1,2053,1,1,0,1,9
1,2067,1,1,0,1,9
1,2104,1,1,0,1,9
1,2107,1,1,0,0,9
1,2109,1,1,0,1,9
1,2137,1,1,0,1,9
1,2161,1,1,0,0,9
1,2163,1,1,0,0,9
1,2182,1,1,0,1,9
1,2190,1,1,0,0,9
1,2235,1,1,0,0,9
1,2238,1,1,0,1,9
1,2241,1,1,1,0,9
1,2251,1,1,0,0,9
1,2307,1,1,0,1,9
1,2311,1,1,0,1,9
1,2318,1,1,0,0,9
1,2322,1,1,0,1,9
1,2325,1,1,1,0,9
1,2329,1,1,1,0,9
1,2331,1,1,0,1,9
1,2333,1,1,0,0,9
1,2352,1,1,0,0,9
1,2386,1,1,0,1,9
1,2390,1,1,0,0,9
1,2397,1,1,1,0,9
1,2405,1,1,1,0,9
1,2409,1,1,0,0,9
1,2410,1,1,1,0,9
1,2413,1,1,0,1,9
1,2435,1,1,1,0,9
1,2436,1,1,1,0,9
1,2443,1,1,0,0,9
1,2469,1,1,1,0,9
1,2482,1,1,1,0,9
1,2499,1,1,0,1,9
1,32,1,1,0,1,10
1,35,1,1,0,0,10
1,90,1,1,0,1,10
1,92,1,1,0,0,10
1,96,1,1,0,0,10
1,120,1,1,0,0,10
1,127,1,1,0,1,10
1,132,1,1,0,1,10
1,163,1,1,1,0,10
1,166,1,1,1,0,10
1,177,1,1,0,0,10
1,224,1,1,0,0,10
1,247,1,1,1,0,10
1,261,1,1,0,0,10
1,267,1,1,0,0,10
1,282,1,1,0,0,10
1,305,1,1,0,0,10
1,326,1,1,0,0,10
1,330,1,1,0,0,10
1,350,1,1,0,0,10
1,369,1,1,1,0,10
1,381,1,1,1,0,10
1,383,1,1,0,0,10
1,401,1,1,0,0,10
1,424,1,1,0,0,10
1,435,1,1,0,0,10
1,452,1,1,0,1,10
1,481,1,1,1,0,10
1,497,1,1,1,0,10
1,500,1,1,0,0,10
1,511,1,1,1,0,10
1,528,1,1,0,0,10
1,547,1,1,0,0,10
1,564,1,1,0,0,10
1,574,1,1,1,0,10
1,593,1,1,0,1,10
1,629,1,1,0,0,10
1,665,1,1,1,0,10
1,675,1,1,0,0,10
1,680,1,1,0,1,10
1,689,1,1,0,1,10
1,705,1,1,0,0,10
1,719,1,1,0,1,10
1,739,1,1,0,1,10
1,755,1,1,1,0,10
1,756,1,1,1,0,10
1,758,1,1,1,0,10
1,761,1,1,0,0,10
1,765,1,1,1,0,10
1,773,1,1,0,0,10
1,774,1,1,1,0,10
1,780,1,1,0,1,10
1,784,1,1,0,1,10
1,792,1,1,0,0,10
1,806,1,1,1,0,10
1,823,1,1,1,0,10
1,837,1,1,0,0,10
1,857,1,1,0,0,10
1,871,1,1,0,1,10
1,878,1,1,1,0,10
1,879,1,1,0,1,10
1,882,1,1,1,0,10
1,893,1,1,0,0,10
1,945,1,1,0,1,10
1,971,1,1,0,1,10
1,979,1,1,0,0,10
1,994,1,1,0,0,10
1,999,1,1,0,0,10
1,1039,1,1,0,0,10
1,1043,1,1,0,0,10
1,1101,1,1,0,1,10
1,1142,1,1,0,0,10
1,1153,1,1,0,0,10
1,1202,1,1,1,0,10
1,1255,1,1,0,0,10
1,1300,1,1,1,0,10
1,1318,1,1,1,0,10
1,1329,1,1,0,0,10
1,1339,1,1,0,0,10
1,1354,1,1,0,1,10
1,1383,1,1,1,0,10
1,1384,1,1,0,0,10
1,1388,1,1,0,0,10
1,1410,1,1,0,0,10
1,1454,1,1,0,0,10
1,1466,1,1,0,1,10
1,1475,1,1,0,0,10
1,1493,1,1,1,0,10
1,1502,1,1,0,0,10
1,1514,1,1,0,0,10
1,1520,1,1,0,0,10
1,1523,1,1,0,1,10
1,1532,1,1,0,0,10
1,1560,1,1,0,0,10
1,1595,1,1,1,0,10
1,1605,1,1,1,0,10
1,1613,1,1,0,0,10
1,1623,1,1,0,1,10
1,1628,1,1,0,0,10
1,1632,1,1,0,0,10
1,1679,1,1,0,1,10
1,1684,1,1,0,1,10
1,1685,1,1,0,1,10
1,1688,1,1,0,0,10
1,1698,1,1,0,1,10
1,1715,1,1,0,1,10
1,1719,1,1,0,1,10
1,1724,1,1,0,0,10
1,1727,1,1,0,1,10
1,1745,1,1,0,1,10
1,1754,1,1,0,1,10
1,1787,1,1,0,0,10
1,1823,1,1,0,0,10
1,1871,1,1,0,1,10
1,1877,1,1,0,0,10
1,1908,1,1,0,0,10
1,1921,1,1,0,1,10
1,1936,1,1,1,0,10
1,1942,1,1,0,1,10
1,1956,1,1,1,0,10
1,1972,1,1,0,0,10
1,2004,1,1,0,1,10
1,2060,1,1,0,0,10
1,2064,1,1,0,0,10
1,2077,1,1,0,0,10
1,2079,1,1,1,0,10
1,2147,1,1,0,0,10
1,2173,1,1,1,0,10
1,2183,1,1,0,0,10
1,2193,1,1,0,0,10
1,2208,1,1,0,0,10
1,2209,1,1,1,0,10
1,2212,1,1,1,0,10
1,2265,1,1,0,1,10
1,2279,1,1,0,1,10
1,2291,1,1,0,0,10
1,2295,1,1,1,0,10
1,2312,1,1,0,0,10
1,2313,1,1,0,0,10
1,2317,1,1,0,0,10
1,2323,1,1,0,0,10
1,2343,1,1,1,0,10
1,2359,1,1,1,0,10
1,2362,1,1,1,0,10
1,2402,1,1,1,0,10
1,2439,1,1,0,0,10
1,2464,1,1,0,0,10
1,2470,1,1,0,1,10
1,2495,1,1,0,0,10
1,2497,1,1,1,0,10
1,0,2,2,0,1,11
1,11,2,2,1,0,11
1,38,2,2,0,1,11
1,50,2,2,0,1,11
1,54,2,2,0,0,11
1,60,2,2,0,1,11
1,69,2,2,0,0,11
1,99,2,2,2,0,11
1,101,2,2,0,0,11
1,105,2,2,0,1,11
1,128,2,2,0,0,11
1,140,2,2,0,1,11
1,143,2,2,0,1,11
1,145,2,2,2,0,11
1,161,2,2,0,0,11
1,190,2,2,1,0,11
1,192,2,2,0,0,11
1,201,2,2,0,2,11
1,204,2,2,0,0,11
1,217,2,2,0,0,11
1,239,2,2,0,0,11
1,244,2,2,0,1,11
1,262,2,2,0,1,11
1,281,2,2,0,0,11
1,294,2,2,0,0,11
1,374,2,2,0,0,11
1,384,2,2,1,0,11
1,433,2,2,2,0,11
1,441,2,2,0,0,11
1,446,2,2,2,0,11
1,451,2,2,0,1,11
1,468,2,2,0,1,11
1,557,2,2,0,1,11
1,610,2,2,0,0,11
1,614,2,2,0,0,11
1,632,2,2,2,0,11
1,640,2,2,0,0,11
1,668,2,2,0,0,11
1,725,2,2,0,0,11
1,732,2,2,0,1,11
1,734,2,2,2,0,11
1,776,2,2,2,0,11
1,783,2,2,0,0,11
1,785,2,2,2,0,11
1,791,2,2,0,0,11
1,812,2,2,0,0,11
1,813,2,2,0,2,11
1,819,2,2,2,0,11
1,875,2,2,0,1,11
1,935,2,2,0,1,11
1,936,2,2,1,0,11
1,943,2,2,0,0,11
1,1019,2,2,0,0,11
1,1038,2,2,2,0,11
1,1057,2,2,0,0,11
1,1135,2,2,0,2,11
1,1141,2,2,0,0,11
1,1230,2,2,0,0,11
1,1246,2,2,0,0,11
1,1253,2,2,0,2,11
1,1256,2,2,0,2,11
1,1306,2,2,0,0,11
1,1316,2,2,0,0,11
1,1317,2,2,2,0,11
1,1337,2,2,0,0,11
1,1345,2,2,0,2,11
1,1348,2,2,0,0,11
1,1356,2,2,0,0,11
1,1364,2,2,2,0,11
1,1367,2,2,0,1,11
1,1389,2,2,0,0,11
1,1392,2,2,0,0,11
1,1419,2,2,0,2,11
1,1431,2,2,2,0,11
1,1438,2,2,0,0,11
1,1470,2,2,0,2,11
1,1478,2,2,0,0,11
1,1556,2,2,0,0,11
1,1569,2,2,1,0,11
1,1570,2,2,0,0,11
1,1576,2,2,0,0,11
1,1580,2,2,2,0,11
1,1600,2,2,0,0,11
1,1601,2,2,0,0,11
1,1608,2,2,0,0,11
1,1614,2,2,0,0,11
1,1633,2,2,0,0,11
1,1638,2,2,0,2,11
1,1639,2,2,0,0,11
1,1644,2,2,1,0,11
1,1654,2,2,2,0,11
1,1670,2,2,0,0,11
1,1753,2,2,0,0,11
1,1761,2,2,1,0,11
1,1767,2,2,0,1,11
1,1773,2,2,0,1,11
1,1782,2,2,0,2,11
1,1784,2,2,0,2,11
1,1810,2,2,0,1,11
1,1840,2,2,0,2,11
1,1841,2,2,0,1,11
1,1852,2,2,0,0,11
1,1874,2,2,0,0,11
1,1879,2,2,0,0,11
1,1893,2,2,0,0,11
1,1911,2,2,0,0,11
1,1934,2,2,0,2,11
1,1940,2,2,2,0,11
1,1954,2,2,0,1,11
1,1965,2,2,0,0,11
1,2014,2,2,1,0,11
1,2016,2,2,0,1,11
1,2021,2,2,0,0,11
1,2029,2,2,0,0,11
1,2031,2,2,0,0,11
1,2051,2,2,0,0,11
1,2062,2,2,0,1,11
1,2070,2,2,0,0,11
1,2088,2,2,0,0,11
1,2185,2,2,0,0,11
1,2188,2,2,0,0,11
1,2200,2,2,1,0,11
1,2228,2,2,0,0,11
1,2243,2,2,2,0,11
1,2255,2,2,1,0,11
1,2260,2,2,0,0,11
1,2263,2,2,0,0,11
1,2264,2,2,1,0,11
1,2289,2,2,0,0,11
1,2306,2,2,0,1,11
1,2338,2,2,0,0,11
1,2341,2,2,1,0,11
1,2345,2,2,0,1,11
1,2349,2,2,0,0,11
1,2364,2,2,2,0,11
1,2373,2,2,2,0,11
1,2392,2,2,0,0,11
1,2401,2,2,0,0,11
1,2412,2,2,2,0,11
1,2434,2,2,0,2,11
1,2451,2,2,0,1,11
1,2458,2,2,0,1,11
1,2463,2,2,0,1,11
1,2480,2,2,0,2,11
1,2484,2,2,0,0,11
1,4,2,2,0,0,12
1,27,2,2,1,0,12
1,71,2,2,1,0,12
1,112,2,2,0,0,12
1,147,2,2,0,2,12
1,148,2,2,0,0,12
1,211,2,2,0,0,12
1,213,2,2,0,0,12
1,223,2,2,0,0,12
1,266,2,2,0,0,12
1,268,2,2,0,2,12
1,291,2,2,0,1,12
1,306,2,2,1,0,12
1,315,2,2,0,1,12
1,333,2,2,0,0,12
1,355,2,2,0,2,12
1,364,2,2,0,0,12
1,387,2,2,0,0,12
1,388,2,2,0,0,12
1,406,2,2,0,0,12
1,420,2,2,0,0,12
1,467,2,2,0,0,12
1,475,2,2,1,0,12
1,477,2,2,2,0,12
1,479,2,2,0,0,12
1,484,2,2,0,0,12
1,487,2,2,0,0,12
1,518,2,2,1,0,12
1,523,2,2,1,0,12
1,535,2,2,0,0,12
1,579,2,2,0,1,12
1,615,2,2,2,0,12
1,645,2,2,0,0,12
1,656,2,2,2,0,12
1,673,2,2,2,0,12
1,687,2,2,1,0,12
1,694,2,2,0,1,12
1,697,2,2,0,1,12
1,727,2,2,0,0,12
1,754,2,2,1,0,12
1,775,2,2,0,0,12
1,821,2,2,0,0,12
1,847,2,2,0,0,12
1,850,2,2,0,0,12
1,851,2,2,0,2,12
1,854,2,2,2,0,12
1,870,2,2,0,0,12
1,881,2,2,2,0,12
1,895,2,2,0,0,12
1,904,2,2,0,2,12
1,917,2,2,0,1,12
1,967,2,2,1,0,12
1,968,2,2,0,0,12
1,1002,2,2,1,0,12
1,1007,2,2,0,1,12
1,1014,2,2,1,0,12
1,1015,2,2,0,0,12
1,1028,2,2,2,0,12
1,1040,2,2,0,0,12
1,1048,2,2,0,0,12
1,1061,2,2,0,0,12
1,1069,2,2,2,0,12
1,1085,2,2,0,1,12
1,1094,2,2,0,1,12
1,1194,2,2,0,0,12
1,1215,2,2,0,0,12
1,1236,2,2,0,0,12
1,1237,2,2,0,0,12
1,1239,2,2,1,0,12
1,1259,2,2,0,0,12
1,1265,2,2,1,0,12
1,1336,2,2,0,0,12
1,1366,2,2,1,0,12
1,1408,2,2,0,0,12
1,1416,2,2,0,0,12
1,1452,2,2,0,1,12
1,1455,2,2,0,0,12
1,1456,2,2,2,0,12
1,1468,2,2,0,0,12
1,1472,2,2,2,0,12
1,1477,2,2,0,0,12
1,1501,2,2,2,0,12
1,1524,2,2,0,1,12
1,1526,2,2,1,0,12
1,1579,2,2,1,0,12
1,1607,2,2,0,0,12
1,1610,2,2,0,1,12
1,1622,2,2,2,0,12
1,1629,2,2,0,1,12
1,1650,2,2,0,0,12
1,1677,2,2,0,1,12
1,1680,2,2,0,1,12
1,1704,2,2,0,0,12
1,1728,2,2,0,1,12
1,1798,2,2,0,0,12
1,1830,2,2,0,1,12
1,1836,2,2,2,0,12
1,1851,2,2,0,0,12
1,1855,2,2,0,0,12
1,1860,2,2,0,1,12
1,1862,2,2,0,2,12
1,1882,2,2,1,0,12
1,1889,2,2,0,0,12
1,1900,2,2,0,1,12
1,1915,2,2,0,0,12
1,1916,2,2,0,2,12
1,1922,2,2,0,2,12
1,1925,2,2,0,0,12
1,1932,2,2,2,0,12
1,2001,2,2,0,0,12
1,2010,2,2,0,0,12
1,2027,2,2,0,0,12
1,2044,2,2,0,0,12
1,2086,2,2,0,0,12
1,2092,2,2,0,0,12
1,2123,2,2,0,1,12
1,2134,2,2,0,0,12
1,2164,2,2,0,0,12
1,2211,2,2,0,2,12
1,2232,2,2,1,0,12
1,2233,2,2,2,0,12
1,2236,2,2,0,0,12
1,2277,2,2,0,0,12
1,2299,2,2,0,0,12
1,2374,2,2,0,0,12
1,2375,2,2,0,0,12
1,2394,2,2,0,2,12
1,2474,2,2,1,0,12
1,2481,2,2,0,0,12
1,2493,2,2,0,2,12
1,3,1,1,1,0,13
1,5,1,1,0,0,13
1,9,1,1,0,0,13
1,20,1,1,0,1,13
1,28,1,1,1,0,13
1,49,1,1,0,1,13
1,52,1,1,0,0,13
1,68,1,1,0,1,13
1,70,1,1,0,1,13
1,77,1,1,1,0,13
1,88,1,1,1,0,13
1,109,1,1,0,0,13
1,131,1,1,1,0,13
1,152,1,1,0,0,13
1,168,1,1,0,0,13
1,195,1,1,0,1,13
1,236,1,1,0,1,13
1,243,1,1,1,0,13
1,274,1,1,0,0,13
1,279,1,1,0,0,13
1,293,1,1,0,0,13
1,312,1,1,0,0,13
1,331,1,1,0,1,13
1,359,1,1,0,0,13
1,377,1,1,0,0,13
1,397,1,1,0,0,13
1,405,1,1,1,0,13
1,407,1,1,1,0,13
1,418,1,1,1,0,13
1,460,1,1,0,1,13
1,490,1,1,0,0,13
1,499,1,1,0,1,13
1,501,1,1,1,0,13
1,503,1,1,0,1,13
1,508,1,1,1,0,13
1,512,1,1,0,0,13
1,520,1,1,0,1,13
1,530,1,1,1,0,13
1,534,1,1,0,1,13
1,540,1,1,0,0,13
1,570,1,1,0,0,13
1,582,1,1,0,0,13
1,586,1,1,0,0,13
1,606,1,1,0,0,13
1,608,1,1,0,0,13
1,626,1,1,1,0,13
1,637,1,1,0,0,13
1,644,1,1,0,1,13
1,660,1,1,0,1,13
1,678,1,1,0,1,13
1,695,1,1,1,0,13
1,698,1,1,1,0,13
1,740,1,1,0,1,13
1,762,1,1,0,0,13
1,822,1,1,0,0,13
1,824,1,1,0,1,13
1,862,1,1,0,1,13
1,864,1,1,0,0,13
1,880,1,1,0,0,13
1,911,1,1,1,0,13
1,914,1,1,0,0,13
1,931,1,1,0,1,13
1,939,1,1,0,0,13
1,953,1,1,0,0,13
1,954,1,1,0,0,13
1,956,1,1,1,0,13
1,974,1,1,0,1,13
1,980,1,1,0,0,13
1,998,1,1,1,0,13
1,1008,1,1,0,0,13
1,1027,1,1,0,1,13
1,1030,1,1,0,0,13
1,1041,1,1,0,0,13
1,1080,1,1,1,0,13
1,1103,1,1,0,0,13
1,1107,1,1,1,0,13
1,1116,1,1,0,1,13
1,1126,1,1,0,0,13
1,1128,1,1,0,0,13
1,1175,1,1,1,0,13
1,1183,1,1,0,1,13
1,1212,1,1,1,0,13
1,1219,1,1,0,0,13
1,1223,1,1,0,0,13
1,1247,1,1,0,0,13
1,1260,1,1,0,1,13
1,1267,1,1,1,0,13
1,1273,1,1,1,0,13
1,1293,1,1,0,0,13
1,1319,1,1,0,1,13
1,1321,1,1,0,0,13
1,1324,1,1,0,1,13
1,1363,1,1,0,0,13
1,1371,1,1,0,0,13
1,1375,1,1,0,0,13
1,1407,1,1,0,1,13
1,1433,1,1,0,1,13
1,1448,1,1,0,1,13
1,1461,1,1,0,1,13
1,1508,1,1,0,1,13
1,1517,1,1,1,0,13
1,1535,1,1,0,1,13
1,1541,1,1,0,0,13
1,1544,1,1,0,0,13
1,1545,1,1,1,0,13
1,1551,1,1,0,0,13
1,1563,1,1,0,1,13
1,1566,1,1,0,1,13
1,1578,1,1,1,0,13
1,1588,1,1,0,0,13
1,1596,1,1,0,0,13
1,1599,1,1,1,0,13
1,1611,1,1,1,0,13
1,1626,1,1,1,0,13
1,1641,1,1,0,1,13
1,1643,1,1,1,0,13
1,1649,1,1,1,0,13
1,1655,1,1,1,0,13
1,1656,1,1,1,0,13
1,1660,1,1,0,0,13
1,1663,1,1,1,0,13
1,1675,1,1,0,1,13
1,1686,1,1,1,0,13
1,1690,1,1,0,0,13
1,1712,1,1,0,0,13
1,1714,1,1,0,0,13
1,1735,1,1,0,0,13
1,1737,1,1,0,1,13
1,1776,1,1,0,0,13
1,1777,1,1,0,0,13
1,1789,1,1,0,0,13
1,1792,1,1,0,1,13
1,1804,1,1,0,0,13
1,1849,1,1,0,1,13
1,1850,1,1,0,0,13
1,1867,1,1,1,0,13
1,1892,1,1,0,0,13
1,1903,1,1,0,0,13
1,1917,1,1,0,0,13
1,1928,1,1,0,1,13
1,1958,1,1,1,0,13
1,1981,1,1,0,1,13
1,1989,1,1,0,0,13
1,1993,1,1,1,0,13
1,2003,1,1,0,1,13
1,2038,1,1,0,0,13
1,2061,1,1,0,0,13
1,2072,1,1,0,0,13
1,2090,1,1,0,0,13
1,2098,1,1,0,1,13
1,2118,1,1,0,1,13
1,2145,1,1,0,1,13
1,2149,1,1,1,0,13
1,2156,1,1,0,1,13
1,2174,1,1,1,0,13
1,2213,1,1,0,0,13
1,2216,1,1,1,0,13
1,2221,1,1,0,1,13
1,2223,1,1,1,0,13
1,2245,1,1,0,0,13
1,2257,1,1,0,0,13
1,2261,1,1,0,0,13
1,2269,1,1,0,0,13
1,2302,1,1,1,0,13
1,2330,1,1,1,0,13
1,2332,1,1,0,0,13
1,2363,1,1,0,0,13
1,2366,1,1,0,0,13
1,2371,1,1,0,0,13
1,2391,1,1,0,1,13
1,2400,1,1,0,0,13
1,2403,1,1,0,0,13
1,2406,1,1,0,1,13
1,2431,1,1,0,0,13
1,2460,1,1,0,1,13
1,2476,1,1,1,0,13
1,2485,1,1,1,0,13
1,6,1,1,0,0,14
1,8,1,1,0,0,14
1,13,1,1,0,0,14
1,36,1,1,1,0,14
1,37,1,1,1,0,14
1,43,1,1,0,1,14
1,46,1,1,0,0,14
1,51,1,1,1,0,14
1,66,1,1,1,0,14
1,73,1,1,1,0,14
1,80,1,1,0,1,14
1,91,1,1,0,1,14
1,133,1,1,0,1,14
1,134,1,1,1,0,14
1,135,1,1,1,0,14
1,169,1,1,1,0,14
1,184,1,1,0,1,14
1,250,1,1,0,0,14
1,277,1,1,0,0,14
1,288,1,1,0,0,14
1,296,1,1,0,0,14
1,329,1,1,0,0,14
1,339,1,1,0,0,14
1,341,1,1,0,0,14
1,395,1,1,0,1,14
1,399,1,1,0,1,14
1,431,1,1,0,0,14
1,442,1,1,0,1,14
1,463,1,1,0,0,14
1,474,1,1,1,0,14
1,480,1,1,1,0,14
1,489,1,1,0,0,14
1,491,1,1,0,0,14
1,517,1,1,0,0,14
1,560,1,1,0,1,14
1,581,1,1,0,1,14
1,596,1,1,0,0,14
1,636,1,1,0,1,14
1,651,1,1,0,0,14
1,661,1,1,1,0,14
1,728,1,1,0,1,14
1,799,1,1,0,1,14
1,805,1,1,0,0,14
1,874,1,1,0,0,14
1,894,1,1,1,0,14
1,913,1,1,0,1,14
1,918,1,1,0,0,14
1,929,1,1,1,0,14
1,949,1,1,1,0,14
1,972,1,1,0,1,14
1,989,1,1,1,0,14
1,1009,1,1,0,0,14
1,1036,1,1,0,1,14
1,1078,1,1,0,0,14
1,1083,1,1,0,0,14
1,1087,1,1,1,0,14
1,1100,1,1,0,0,14
1,1129,1,1,1,0,14
1,1137,1,1,1,0,14
1,1149,1,1,0,1,14
1,1165,1,1,0,1,14
1,1222,1,1,1,0,14
1,1233,1,1,1,0,14
1,1234,1,1,0,0,14
1,1291,1,1,0,0,14
1,1295,1,1,0,0,14
1,1297,1,1,0,0,14
1,1308,1,1,1,0,14
1,1315,1,1,1,0,14
1,1332,1,1,0,0,14
1,1338,1,1,0,0,14
1,1355,1,1,0,1,14
1,1370,1,1,1,0,14
1,1381,1,1,1,0,14
1,1412,1,1,0,0,14
1,1415,1,1,0,0,14
1,1442,1,1,0,0,14
1,1462,1,1,1,0,14
1,1486,1,1,0,0,14
1,1495,1,1,1,0,14
1,1498,1,1,1,0,14
1,1564,1,1,0,1,14
1,1602,1,1,0,1,14
1,1669,1,1,1,0,14
1,1687,1,1,0,0,14
1,1707,1,1,0,1,14
1,1711,1,1,0,1,14
1,1718,1,1,0,1,14
1,1742,1,1,0,0,14
1,1757,1,1,0,0,14
1,1763,1,1,0,1,14
1,1779,1,1,1,0,14
1,1814,1,1,0,0,14
1,1825,1,1,0,0,14
1,1844,1,1,0,0,14
1,1846,1,1,0,0,14
1,1865,1,1,1,0,14
1,1913,1,1,0,0,14
1,1918,1,1,1,0,14
1,1923,1,1,0,0,14
1,1945,1,1,0,0,14
1,1951,1,1,0,0,14
1,1995,1,1,0,0,14
1,2018,1,1,0,0,14
1,2023,1,1,0,1,14
1,2042,1,1,0,1,14
1,2045,1,1,0,0,14
1,2055,1,1,0,0,14
1,2058,1,1,0,0,14
1,2075,1,1,0,1,14
1,2103,1,1,0,1,14
1,2106,1,1,0,0,14
1,2113,1,1,0,0,14
1,2132,1,1,0,0,14
1,2202,1,1,0,0,14
1,2206,1,1,0,0,14
1,2214,1,1,0,1,14
1,2239,1,1,0,1,14
1,2249,1,1,0,0,14
1,2272,1,1,1,0,14
1,2275,1,1,0,0,14
1,2328,1,1,1,0,14
1,2335,1,1,0,0,14
1,2354,1,1,1,0,14
1,2393,1,1,0,1,14
1,2419,1,1,0,0,14
1,2467,1,1,0,0,14
1,2491,1,1,0,1,14
1,2492,1,1,0,0,14
3,24,2,1,0,0,0
3,25,2,1,0,0,0
3,53,2,1,0,1,0
3,58,2,1,0,0,0
3,86,2,1,0,0,0
3,89,2,1,0,0,0
3,103,2,1,0,1,0
3,122,2,1,0,0,0
3,156,2,1,0,0,0
3,158,2,1,0,0,0
3,175,2,1,1,0,0
3,206,2,1,0,1,0
3,218,2,1,0,1,0
3,232,2,1,0,0,0
3,242,2,1,1,0,0
3,245,2,1,0,1,0
3,252,2,1,0,0,0
3,295,2,1,0,0,0
3,310,2,1,1,0,0
3,319,2,1,0,0,0
3,332,2,1,0,1,0
3,334,2,1,0,0,0
3,335,2,1,0,0,0
3,342,2,1,0,0,0
3,345,2,1,0,0,0
3,356,2,1,0,0,0
3,361,2,1,0,1,0
3,390,2,1,0,1,0
3,391,2,1,1,0,0
3,394,2,1,0,0,0
3,404,2,1,1,0,0
3,412,2,1,0,0,0
3,427,2,1,1,0,0
3,438,2,1,0,0,0
3,458,2,1,0,0,0
3,461,2,1,0,0,0
3,510,2,1,0,0,0
3,553,2,1,0,0,0
3,569,2,1,0,0,0
3,571,2,1,0,1,0
3,592,2,1,0,0,0
3,612,2,1,0,0,0
3,616,2,1,0,1,0
3,634,2,1,0,0,0
3,635,2,1,0,1,0
3,692,2,1,0,0,0
3,701,2,1,0,0,0
3,709,2,1,0,1,0
3,787,2,1,0,1,0
3,807,2,1,0,0,0
3,815,2,1,0,0,0
3,827,2,1,1,0,0
3,830,2,1,1,0,0
3,845,2,1,0,0,0
3,853,2,1,1,0,0
3,873,2,1,0,0,0
3,890,2,1,0,0,0
3,933,2,1,0,0,0
3,973,2,1,0,0,0
3,1018,2,1,0,0,0
3,1031,2,1,1,0,0
3,1047,2,1,1,0,0
3,1089,2,1,0,0,0
3,1097,2,1,0,0,0
3,1143,2,1,0,0,0
3,1154,2,1,0,0,0
3,1173,2,1,0,0,0
3,1182,2,1,0,0,0
3,1188,2,1,0,0,0
3,1216,2,1,0,0,0
3,1262,2,1,0,1,0
3,1284,2,1,0,0,0
3,1333,2,1,0,0,0
3,1373,2,1,0,0,0
3,1386,2,1,1,0,0
3,1460,2,1,0,0,0
3,1481,2,1,0,0,0
3,1489,2,1,1,0,0
3,1515,2,1,0,0,0
3,1536,2,1,0,0,0
3,1552,2,1,1,0,0
3,1557,2,1,1,0,0
3,1586,2,1,0,0,0
3,1593,2,1,0,0,0
3,1616,2,1,0,1,0
3,1627,2,1,0,0,0
3,1652,2,1,0,0,0
3,1664,2,1,0,1,0
3,1701,2,1,1,0,0
3,1708,2,1,0,1,0
3,1716,2,1,0,0,0
3,1738,2,1,1,0,0
3,1744,2,1,0,0,0
3,1747,2,1,0,0,0
3,1774,2,1,0,0,0
3,1795,2,1,0,0,0
3,1796,2,1,0,0,0
3,1802,2,1,0,1,0
3,1822,2,1,0,0,0
3,1828,2,1,1,0,0
3,1858,2,1,0,0,0
3,1888,2,1,0,0,0
3,1920,2,1,0,0,0
3,1924,2,1,0,0,0
3,1939,2,1,0,1,0
3,1946,2,1,0,0,0
3,1979,2,1,0,0,0
3,2015,2,1,0,0,0
3,2071,2,1,1,0,0
3,2091,2,1,0,1,0
3,2093,2,1,1,0,0
3,2095,2,1,0,1,0
3,2119,2,1,0,1,0
3,2121,2,1,0,0,0
3,2128,2,1,0,0,0
3,2139,2,1,0,0,0
3,2172,2,1,0,1,0
3,2176,2,1,1,0,0
3,2181,2,1,0,1,0
3,2218,2,1,0,0,0
3,2222,2,1,0,0,0
3,2247,2,1,0,0,0
3,2282,2,1,0,1,0
3,2292,2,1,1,0,0
3,2327,2,1,1,0,0
3,2334,2,1,1,0,0
3,2337,2,1,0,1,0
3,2346,2,1,1,0,0
3,2378,2,1,1,0,0
3,2380,2,1,0,0,0
3,2385,2,1,0,0,0
3,2387,2,1,1,0,0
3,2420,2,1,0,0,0
3,2441,2,1,0,0,0
3,2449,2,1,0,1,0
3,2456,2,1,0,0,0
3,2465,2,1,0,0,0
3,2473,2,1,0,0,0
3,2498,2,1,0,0,0
3,2,1,1,0,1,1
3,7,1,1,0,1,1
3,61,1,1,0,0,1
3,130,1,1,1,0,1
3,138,1,1,0,0,1
3,150,1,1,0,0,1
3,154,1,1,0,0,1
3,155,1,1,0,0,1
3,159,1,1,0,1,1
3,176,1,1,0,0,1
3,185,1,1,0,0,1
3,193,1,1,0,0,1
3,200,1,1,0,0,1
3,203,1,1,0,0,1
3,209,1,1,0,0,1
3,210,1,1,0,1,1
3,235,1,1,0,0,1
3,251,1,1,0,0,1
3,253,1,1,0,1,1
3,254,1,1,0,1,1
3,260,1,1,0,1,1
3,271,1,1,0,0,1
3,280,1,1,0,1,1
3,283,1,1,0,0,1
3,284,1,1,0,0,1
3,298,1,1,0,1,1
3,317,1,1,0,1,1
3,318,1,1,1,0,1
3,324,1,1,0,0,1
3,328,1,1,0,0,1
3,336,1,1,0,1,1
3,347,1,1,0,1,1
3,372,1,1,0,0,1
3,378,1,1,0,0,1
3,410,1,1,1,0,1
3,419,1,1,0,0,1
3,430,1,1,0,0,1
3,434,1,1,0,0,1
3,462,1,1,0,1,1
3,469,1,1,0,0,1
3,472,1,1,0,0,1
3,496,1,1,0,0,1
3,524,1,1,0,0,1
3,545,1,1,0,0,1
3,558,1,1,0,0,1
3,565,1,1,0,1,1
3,597,1,1,0,0,1
3,604,1,1,0,0,1
3,619,1,1,0,0,1
3,622,1,1,0,0,1
3,631,1,1,0,1,1
3,647,1,1,0,1,1
3,655,1,1,0,0,1
3,662,1,1,1,0,1
3,711,1,1,0,0,1
3,717,1,1,0,0,1
3,744,1,1,0,1,1
3,752,1,1,0,1,1
3,766,1,1,0,0,1
3,769,1,1,0,0,1
3,777,1,1,0,1,1
3,795,1,1,0,0,1
3,797,1,1,0,0,1
3,803,1,1,1,0,1
3,833,1,1,0,0,1
3,848,1,1,0,1,1
3,896,1,1,0,0,1
3,923,1,1,1,0,1
3,925,1,1,0,0,1
3,940,1,1,0,0,1
3,951,1,1,0,0,1
3,960,1,1,0,0,1
3,977,1,1,0,0,1
3,981,1,1,0,0,1
3,995,1,1,1,0,1
3,1020,1,1,1,0,1
3,1024,1,1,1,0,1
3,1068,1,1,0,0,1
3,1082,1,1,0,0,1
3,1098,1,1,0,0,1
3,1106,1,1,0,0,1
3,1109,1,1,0,0,1
3,1147,1,1,0,1,1
3,1152,1,1,1,0,1
3,1157,1,1,0,0,1
3,1167,1,1,0,0,1
3,1170,1,1,0,0,1
3,1172,1,1,1,0,1
3,1177,1,1,1,0,1
3,1192,1,1,0,1,1
3,1208,1,1,0,0,1
3,1210,1,1,0,0,1
3,1225,1,1,0,1,1
3,1241,1,1,0,0,1
3,1242,1,1,0,1,1
3,1275,1,1,0,0,1
3,1276,1,1,0,0,1
3,1285,1,1,0,0,1
3,1287,1,1,1,0,1
3,1302,1,1,0,0,1
3,1305,1,1,0,0,1
3,1322,1,1,0,1,1
3,1368,1,1,1,0,1
3,1390,1,1,0,0,1
3,1404,1,1,0,0,1
3,1423,1,1,0,1,1
3,1437,1,1,0,0,1
3,1467,1,1,0,0,1
3,1474,1,1,0,0,1
3,1487,1,1,1,0,1
3,1494,1,1,0,0,1
3,1500,1,1,0,0,1
3,1503,1,1,0,0,1
3,1512,1,1,0,1,1
3,1530,1,1,0,0,1
3,1540,1,1,0,0,1
3,1555,1,1,0,0,1
3,1591,1,1,1,0,1
3,1603,1,1,0,1,1
3,1617,1,1,0,0,1
3,1630,1,1,0,1,1
3,1659,1,1,0,1,1
3,1662,1,1,1,0,1
3,1673,1,1,1,0,1
3,1689,1,1,0,1,1
3,1702,1,1,0,0,1
3,1710,1,1,0,0,1
3,1734,1,1,1,0,1
3,1797,1,1,0,0,1
3,1816,1,1,0,0,1
3,1820,1,1,1,0,1
3,1832,1,1,0,0,1
3,1863,1,1,0,0,1
3,1887,1,1,1,0,1
3,1896,1,1,0,0,1
3,1929,1,1,0,0,1
3,1941,1,1,0,1,1
3,1952,1,1,1,0,1
3,1955,1,1,0,0,1
3,1961,1,1,0,0,1
3,1966,1,1,0,0,1
3,1968,1,1,0,0,1
3,1980,1,1,1,0,1
3,1984,1,1,0,0,1
3,1988,1,1,0,0,1
3,1990,1,1,0,0,1
3,2000,1,1,0,0,1
3,2007,1,1,1,0,1
3,2033,1,1,0,0,1
3,2049,1,1,0,1,1
3,2068,1,1,0,1,1
3,2082,1,1,0,0,1
3,2096,1,1,1,0,1
3,2100,1,1,0,0,1
3,2108,1,1,1,0,1
3,2110,1,1,0,0,1
3,2141,1,1,1,0,1
3,2154,1,1,0,0,1
3,2158,1,1,0,0,1
3,2170,1,1,1,0,1
3,2184,1,1,0,0,1
3,2192,1,1,0,0,1
3,2217,1,1,1,0,1
3,2219,1,1,0,0,1
3,2225,1,1,0,0,1
3,2234,1,1,0,0,1
3,2242,1,1,1,0,1
3,2252,1,1,0,1,1
3,2258,1,1,0,1,1
3,2266,1,1,0,1,1
3,2271,1,1,0,0,1
3,2294,1,1,0,1,1
3,2300,1,1,1,0,1
3,2320,1,1,0,0,1
3,2324,1,1,1,0,1
3,2344,1,1,0,1,1
3,2347,1,1,0,0,1
3,2350,1,1,0,0,1
3,2353,1,1,0,0,1
3,2357,1,1,0,0,1
3,2372,1,1,0,1,1
3,2383,1,1,0,0,1
3,2399,1,1,0,0,1
3,2422,1,1,1,0,1
3,2424,1,1,0,0,1
3,2438,1,1,0,0,1
3,2452,1,1,0,0,1
3,2468,1,1,0,1,1
3,2488,1,1,0,0,1
3,18,1,1,1,0,2
3,39,1,1,0,0,2
3,40,1,1,0,1,2
3,67,1,1,0,0,2
3,74,1,1,0,0,2
3,76,1,1,0,0,2
3,95,1,1,0,0,2
3,97,1,1,1,0,2
3,98,1,1,0,0,2
3,115,1,1,0,0,2
3,125,1,1,0,0,2
3,126,1,1,0,0,2
3,170,1,1,0,0,2
3,179,1,1,0,0,2
3,181,1,1,0,1,2
3,205,1,1,0,1,2
3,212,1,1,0,1,2
3,214,1,1,0,0,2
3,219,1,1,0,0,2
3,226,1,1,0,1,2
3,241,1,1,0,1,2
3,246,1,1,0,0,2
3,285,1,1,0,0,2
3,302,1,1,0,0,2
3,308,1,1,0,0,2
3,320,1,1,0,0,2
3,322,1,1,0,0,2
3,323,1,1,0,1,2
3,325,1,1,0,0,2
3,349,1,1,0,0,2
3,354,1,1,1,0,2
3,363,1,1,0,0,2
3,365,1,1,1,0,2
3,370,1,1,1,0,2
3,402,1,1,0,1,2
3,417,1,1,0,0,2
3,444,1,1,0,0,2
3,456,1,1,0,0,2
3,505,1,1,0,1,2
3,516,1,1,0,0,2
3,531,1,1,0,1,2
3,559,1,1,1,0,2
3,583,1,1,0,0,2
3,611,1,1,0,1,2
3,621,1,1,0,0,2
3,627,1,1,1,0,2
3,628,1,1,0,0,2
3,646,1,1,1,0,2
3,653,1,1,0,1,2
3,659,1,1,0,1,2
3,684,1,1,1,0,2
3,691,1,1,1,0,2
3,713,1,1,0,0,2
3,714,1,1,0,0,2
3,715,1,1,1,0,2
3,749,1,1,0,0,2
3,751,1,1,1,0,2
3,770,1,1,0,1,2
3,786,1,1,0,0,2
3,836,1,1,0,1,2
3,884,1,1,0,0,2
3,892,1,1,0,0,2
3,900,1,1,0,0,2
3,907,1,1,0,1,2
3,930,1,1,0,0,2
3,934,1,1,0,0,2
3,941,1,1,0,0,2
3,942,1,1,0,0,2
3,948,1,1,0,0,2
3,952,1,1,0,0,2
3,957,1,1,0,0,2
3,959,1,1,0,0,2
3,969,1,1,0,0,2
3,982,1,1,0,0,2
3,984,1,1,0,0,2
3,986,1,1,1,0,2
3,992,1,1,1,0,2
3,997,1,1,0,1,2
3,1017,1,1,0,0,2
3,1021,1,1,0,0,2
3,1037,1,1,0,0,2
3,1056,1,1,0,0,2
3,1090,1,1,0,0,2
3,1096,1,1,0,1,2
3,1099,1,1,0,0,2
3,1105,1,1,0,0,2
3,1127,1,1,0,1,2
3,1130,1,1,0,0,2
3,1145,1,1,0,0,2
3,1150,1,1,0,0,2
3,1159,1,1,0,0,2
3,1162,1,1,1,0,2
3,1184,1,1,0,0,2
3,1190,1,1,0,1,2
3,1197,1,1,0,0,2
3,1207,1,1,0,1,2
3,1220,1,1,0,0,2
3,1238,1,1,0,0,2
3,1292,1,1,0,1,2
3,1299,1,1,0,0,2
3,1303,1,1,0,0,2
3,1312,1,1,0,0,2
3,1413,1,1,0,0,2
3,1427,1,1,0,0,2
3,1445,1,1,0,0,2
3,1482,1,1,1,0,2
3,1521,1,1,0,0,2
3,1522,1,1,0,0,2
3,1543,1,1,0,1,2
3,1546,1,1,0,0,2
3,1562,1,1,1,0,2
3,1582,1,1,0,1,2
3,1592,1,1,0,0,2
3,1618,1,1,0,0,2
3,1621,1,1,0,0,2
3,1631,1,1,0,0,2
3,1647,1,1,1,0,2
3,1665,1,1,0,0,2
3,1682,1,1,0,0,2
3,1683,1,1,0,0,2
3,1751,1,1,0,0,2
3,1760,1,1,0,0,2
3,1781,1,1,0,0,2
3,1786,1,1,0,1,2
3,1801,1,1,0,1,2
3,1807,1,1,0,0,2
3,1809,1,1,1,0,2
3,1815,1,1,0,0,2
3,1853,1,1,0,1,2
3,1881,1,1,0,0,2
3,1897,1,1,0,1,2
3,1905,1,1,0,0,2
3,1926,1,1,0,0,2
3,1963,1,1,0,0,2
3,1967,1,1,1,0,2
3,1969,1,1,0,0,2
3,1970,1,1,0,0,2
3,1971,1,1,0,0,2
3,1974,1,1,0,1,2
3,1991,1,1,0,1,2
3,1996,1,1,0,0,2
3,2009,1,1,0,0,2
3,2011,1,1,0,0,2
3,2032,1,1,0,1,2
3,2036,1,1,0,1,2
3,2046,1,1,1,0,2
3,2050,1,1,0,0,2
3,2063,1,1,0,0,2
3,2099,1,1,0,0,2
3,2112,1,1,0,0,2
3,2136,1,1,1,0,2
3,2142,1,1,0,0,2
3,2144,1,1,1,0,2
3,2150,1,1,0,0,2
3,2162,1,1,0,0,2
3,2166,1,1,0,0,2
3,2168,1,1,0,0,2
3,2194,1,1,0,0,2
3,2226,1,1,0,0,2
3,2281,1,1,0,0,2
3,2285,1,1,0,1,2
3,2297,1,1,0,1,2
3,2321,1,1,0,1,2
3,2342,1,1,1,0,2
3,2376,1,1,1,0,2
3,2388,1,1,0,0,2
3,2421,1,1,0,0,2
3,2423,1,1,0,0,2
3,2428,1,1,0,0,2
3,2444,1,1,0,1,2
3,2447,1,1,0,0,2
3,2448,1,1,0,1,2
3,2455,1,1,0,1,2
3,2466,1,1,0,0,2
3,2471,1,1,0,0,2
3,2483,1,1,0,0,2
3,2494,1,1,0,0,2
3,1,2,3,0,1,3
3,16,2,3,0,0,3
3,22,2,3,0,0,3
3,33,2,3,0,0,3
3,34,2,3,0,0,3
3,45,2,3,0,0,3
3,48,2,3,0,0,3
3,56,2,3,0,0,3
3,57,2,3,1,0,3
3,59,2,3,0,0,3
3,111,2,3,0,0,3
3,129,2,3,0,0,3
3,144,2,3,0,0,3
3,165,2,3,0,0,3
3,183,2,3,0,1,3
3,222,2,3,0,0,3
3,229,2,3,0,1,3
3,231,2,3,0,1,3
3,248,2,3,0,0,3
3,263,2,3,0,0,3
3,269,2,3,0,0,3
3,275,2,3,0,0,3
3,292,2,3,0,0,3
3,303,2,3,0,0,3
3,307,2,3,1,0,3
3,351,2,3,0,0,3
3,362,2,3,1,0,3
3,379,2,3,0,0,3
3,386,2,3,0,1,3
3,396,2,3,0,0,3
3,408,2,3,0,1,3
3,413,2,3,0,0,3
3,448,2,3,0,0,3
3,449,2,3,0,1,3
3,455,2,3,0,0,3
3,457,2,3,0,0,3
3,464,2,3,0,0,3
3,478,2,3,0,1,3
3,485,2,3,1,0,3
3,494,2,3,0,0,3
3,495,2,3,0,1,3
3,507,2,3,0,0,3
3,527,2,3,0,0,3
3,537,2,3,1,0,3
3,538,2,3,0,0,3
3,544,2,3,0,0,3
3,551,2,3,0,0,3
3,555,2,3,1,0,3
3,562,2,3,1,0,3
3,566,2,3,0,1,3
3,573,2,3,0,1,3
3,620,2,3,0,0,3
3,639,2,3,0,0,3
3,663,2,3,0,1,3
3,666,2,3,1,0,3
3,669,2,3,0,0,3
3,677,2,3,0,0,3
3,708,2,3,0,0,3
3,724,2,3,0,0,3
3,730,2,3,0,0,3
3,804,2,3,0,1,3
3,808,2,3,0,1,3
3,820,2,3,0,0,3
3,832,2,3,0,1,3
3,852,2,3,0,1,3
3,856,2,3,0,0,3
3,859,2,3,0,0,3
3,861,2,3,0,1,3
3,867,2,3,0,1,3
3,901,2,3,0,0,3
3,915,2,3,0,0,3
3,921,2,3,1,0,3
3,928,2,3,1,0,3
3,946,2,3,1,0,3
3,955,2,3,1,0,3
3,983,2,3,0,0,3
3,987,2,3,0,0,3
3,1026,2,3,0,0,3
3,1035,2,3,1,0,3
3,1050,2,3,0,0,3
3,1058,2,3,0,0,3
3,1111,2,3,1,0,3
3,1133,2,3,0,0,3
3,1138,2,3,0,1,3
3,1140,2,3,0,0,3
3,1151,2,3,0,0,3
3,1176,2,3,0,1,3
3,1178,2,3,0,1,3
3,1181,2,3,0,1,3
3,1185,2,3,0,0,3
3,1189,2,3,1,0,3
3,1195,2,3,0,0,3
3,1200,2,3,0,0,3
3,1218,2,3,0,1,3
3,1221,2,3,0,0,3
3,1226,2,3,1,0,3
3,1235,2,3,0,0,3
3,1251,2,3,0,0,3
3,1263,2,3,0,0,3
3,1283,2,3,0,0,3
3,1298,2,3,0,0,3
3,1327,2,3,0,0,3
3,1335,2,3,0,1,3
3,1351,2,3,1,0,3
3,1362,2,3,0,0,3
3,1372,2,3,0,1,3
3,1387,2,3,0,0,3
3,1394,2,3,1,0,3
3,1405,2,3,0,0,3
3,1417,2,3,0,1,3
3,1425,2,3,1,0,3
3,1439,2,3,0,0,3
3,1451,2,3,0,1,3
3,1458,2,3,0,1,3
3,1463,2,3,0,0,3
3,1469,2,3,0,0,3
3,1480,2,3,0,0,3
3,1484,2,3,0,0,3
3,1505,2,3,0,0,3
3,1506,2,3,0,0,3
3,1507,2,3,0,0,3
3,1529,2,3,0,0,3
3,1534,2,3,0,0,3
3,1537,2,3,0,1,3
3,1571,2,3,0,1,3
3,1573,2,3,0,0,3
3,1574,2,3,1,0,3
3,1575,2,3,0,0,3
3,1590,2,3,1,0,3
3,1606,2,3,0,0,3
3,1609,2,3,0,0,3
3,1636,2,3,0,0,3
3,1648,2,3,1,0,3
3,1653,2,3,0,0,3
3,1678,2,3,0,1,3
3,1695,2,3,0,0,3
3,1709,2,3,0,1,3
3,1721,2,3,0,0,3
3,1748,2,3,0,0,3
3,1770,2,3,1,0,3
3,1772,2,3,0,1,3
3,1780,2,3,0,0,3
3,1788,2,3,0,0,3
3,1803,2,3,0,1,3
3,1805,2,3,0,0,3
3,1834,2,3,0,0,3
3,1859,2,3,0,0,3
3,1861,2,3,1,0,3
3,1904,2,3,0,0,3
3,1907,2,3,0,0,3
3,1931,2,3,0,1,3
3,1947,2,3,1,0,3
3,1950,2,3,0,1,3
3,2013,2,3,0,0,3
3,2026,2,3,0,0,3
3,2040,2,3,0,0,3
3,2043,2,3,0,0,3
3,2065,2,3,0,0,3
3,2066,2,3,0,0,3
3,2080,2,3,0,1,3
3,2081,2,3,0,0,3
3,2114,2,3,0,0,3
3,2115,2,3,1,0,3
3,2133,2,3,0,0,3
3,2135,2,3,0,0,3
3,2148,2,3,1,0,3
3,2151,2,3,1,0,3
3,2152,2,3,0,0,3
3,2155,2,3,0,0,3
3,2178,2,3,1,0,3
3,2186,2,3,0,1,3
3,2197,2,3,0,1,3
3,2207,2,3,0,0,3
3,2231,2,3,0,1,3
3,2246,2,3,0,0,3
3,2262,2,3,0,0,3
3,2270,2,3,0,0,3
3,2273,2,3,0,1,3
3,2276,2,3,0,0,3
3,2278,2,3,0,1,3
3,2286,2,3,0,0,3
3,2309,2,3,1,0,3
3,2348,2,3,1,0,3
3,2369,2,3,0,1,3
3,2389,2,3,0,0,3
3,2395,2,3,0,1,3
3,2411,2,3,0,0,3
3,2417,2,3,1,0,3
3,2426,2,3,0,0,3
3,2430,2,3,0,0,3
3,2437,2,3,0,0,3
3,2457,2,3,0,0,3
3,2461,2,3,0,1,3
3,2487,2,3,0,0,3
3,14,1,1,1,0,4
3,17,1,1,0,1,4
3,30,1,1,0,0,4
3,31,1,1,0,0,4
3,47,1,1,0,0,4
3,82,1,1,0,0,4
3,84,1,1,0,0,4
3,85,1,1,0,1,4
3,142,1,1,0,0,4
3,146,1,1,0,0,4
3,157,1,1,0,1,4
3,160,1,1,0,0,4
3,171,1,1,0,0,4
3,182,1,1,0,1,4
3,188,1,1,0,0,4
3,189,1,1,0,0,4
3,215,1,1,0,0,4
3,221,1,1,0,0,4
3,225,1,1,0,0,4
3,230,1,1,1,0,4
3,233,1,1,0,0,4
3,237,1,1,0,0,4
3,238,1,1,0,1,4
3,240,1,1,0,0,4
3,249,1,1,0,0,4
3,265,1,1,0,1,4
3,270,1,1,0,1,4
3,297,1,1,0,1,4
3,299,1,1,0,0,4
3,337,1,1,0,0,4
3,338,1,1,0,0,4
3,340,1,1,1,0,4
3,366,1,1,0,0,4
3,368,1,1,1,0,4
3,376,1,1,0,0,4
3,389,1,1,1,0,4
3,400,1,1,1,0,4
3,415,1,1,0,0,4
3,421,1,1,0,0,4
3,428,1,1,0,0,4
3,443,1,1,0,0,4
3,454,1,1,0,0,4
3,466,1,1,0,1,4
3,470,1,1,0,1,4
3,488,1,1,0,1,4
3,492,1,1,0,0,4
3,493,1,1,0,1,4
3,502,1,1,0,0,4
3,525,1,1,0,0,4
3,548,1,1,0,0,4
3,575,1,1,0,0,4
3,585,1,1,0,0,4
3,598,1,1,0,0,4
3,601,1,1,0,1,4
3,617,1,1,1,0,4
3,654,1,1,0,0,4
3,657,1,1,0,0,4
3,670,1,1,1,0,4
3,679,1,1,0,0,4
3,683,1,1,0,0,4
3,685,1,1,0,1,4
3,703,1,1,0,0,4
3,706,1,1,1,0,4
3,722,1,1,0,1,4
3,723,1,1,0,0,4
3,726,1,1,0,0,4
3,733,1,1,0,0,4
3,750,1,1,1,0,4
3,771,1,1,0,0,4
3,788,1,1,1,0,4
3,789,1,1,0,0,4
3,790,1,1,1,0,4
3,796,1,1,0,0,4
3,800,1,1,0,0,4
3,825,1,1,0,0,4
3,841,1,1,0,0,4
3,863,1,1,0,0,4
3,887,1,1,0,0,4
3,888,1,1,0,1,4
3,891,1,1,0,0,4
3,898,1,1,0,0,4
3,903,1,1,0,0,4
3,906,1,1,1,0,4
3,912,1,1,0,1,4
3,916,1,1,0,1,4
3,927,1,1,0,0,4
3,944,1,1,0,0,4
3,961,1,1,0,0,4
3,964,1,1,0,0,4
3,970,1,1,0,0,4
3,991,1,1,1,0,4
3,996,1,1,0,1,4
3,1001,1,1,0,0,4
3,1029,1,1,0,0,4
3,1034,1,1,0,0,4
3,1053,1,1,1,0,4
3,1055,1,1,0,0,4
3,1064,1,1,0,1,4
3,1065,1,1,1,0,4
3,1072,1,1,0,0,4
3,1075,1,1,0,0,4
3,1088,1,1,1,0,4
3,1092,1,1,0,0,4
3,1104,1,1,0,0,4
3,1112,1,1,1,0,4
3,1115,1,1,0,0,4
3,1119,1,1,0,1,4
3,1121,1,1,0,1,4
3,1131,1,1,0,0,4
3,1132,1,1,0,1,4
3,1136,1,1,0,1,4
3,1139,1,1,1,0,4
3,1146,1,1,1,0,4
3,1168,1,1,1,0,4
3,1179,1,1,0,0,4
3,1180,1,1,0,0,4
3,1187,1,1,1,0,4
3,1198,1,1,1,0,4
3,1203,1,1,1,0,4
3,1213,1,1,0,1,4
3,1227,1,1,0,0,4
3,1244,1,1,0,0,4
3,1264,1,1,0,0,4
3,1272,1,1,0,0,4
3,1281,1,1,1,0,4
3,1289,1,1,0,1,4
3,1294,1,1,0,0,4
3,1326,1,1,0,0,4
3,1328,1,1,1,0,4
3,1331,1,1,0,0,4
3,1352,1,1,1,0,4
3,1358,1,1,0,0,4
3,1360,1,1,0,0,4
3,1361,1,1,0,1,4
3,1365,1,1,0,0,4
3,1377,1,1,1,0,4
3,1382,1,1,0,0,4
3,1400,1,1,0,0,4
3,1409,1,1,0,0,4
3,1418,1,1,0,0,4
3,1424,1,1,0,1,4
3,1430,1,1,1,0,4
3,1441,1,1,0,0,4
3,1446,1,1,0,0,4
3,1447,1,1,1,0,4
3,1471,1,1,0,1,4
3,1485,1,1,1,0,4
3,1492,1,1,0,0,4
3,1497,1,1,0,1,4
3,1499,1,1,0,0,4
3,1519,1,1,0,0,4
3,1528,1,1,0,0,4
3,1531,1,1,1,0,4
3,1539,1,1,0,0,4
3,1547,1,1,0,0,4
3,1554,1,1,0,1,4
3,1565,1,1,0,0,4
3,1567,1,1,0,0,4
3,1572,1,1,0,0,4
3,1584,1,1,0,0,4
3,1597,1,1,0,1,4
3,1615,1,1,0,0,4
3,1624,1,1,0,0,4
3,1625,1,1,0,0,4
3,1661,1,1,0,1,4
3,1668,1,1,0,0,4
3,1671,1,1,0,0,4
3,1694,1,1,0,1,4
3,1697,1,1,0,0,4
3,1703,1,1,1,0,4
3,1736,1,1,1,0,4
3,1739,1,1,1,0,4
3,1743,1,1,1,0,4
3,1759,1,1,0,1,4
3,1794,1,1,0,1,4
3,1800,1,1,0,0,4
3,1808,1,1,0,0,4
3,1813,1,1,1,0,4
3,1824,1,1,0,1,4
3,1827,1,1,0,1,4
3,1829,1,1,0,1,4
3,1835,1,1,0,0,4
3,1839,1,1,1,0,4
3,1856,1,1,0,0,4
3,1869,1,1,0,0,4
3,1872,1,1,0,0,4
3,1875,1,1,1,0,4
3,1884,1,1,1,0,4
3,1886,1,1,0,0,4
3,1890,1,1,0,0,4
3,1894,1,1,1,0,4
3,1899,1,1,0,0,4
3,1906,1,1,0,0,4
3,1930,1,1,0,0,4
3,1937,1,1,0,1,4
3,1938,1,1,0,1,4
3,1943,1,1,0,0,4
3,1964,1,1,0,0,4
3,1977,1,1,0,1,4
3,1978,1,1,0,0,4
3,1986,1,1,0,0,4
3,1999,1,1,1,0,4
3,2012,1,1,0,0,4
3,2025,1,1,0,0,4
3,2030,1,1,0,0,4
3,2073,1,1,0,0,4
3,2074,1,1,0,0,4
3,2087,1,1,0,1,4
3,2101,1,1,0,0,4
3,2102,1,1,0,0,4
3,2129,1,1,1,0,4
3,2130,1,1,0,0,4
3,2131,1,1,0,1,4
3,2138,1,1,0,0,4
3,2169,1,1,0,1,4
3,2198,1,1,1,0,4
3,2227,1,1,0,0,4
3,2237,1,1,1,0,4
3,2240,1,1,0,0,4
3,2250,1,1,1,0,4
3,2259,1,1,0,0,4
3,2280,1,1,0,0,4
3,2287,1,1,0,0,4
3,2288,1,1,0,0,4
3,2304,1,1,0,1,4
3,2316,1,1,1,0,4
3,2326,1,1,1,0,4
3,2351,1,1,0,1,4
3,2358,1,1,0,0,4
3,2370,1,1,1,0,4
3,2377,1,1,0,1,4
3,2381,1,1,0,0,4
3,2382,1,1,1,0,4
3,2408,1,1,0,0,4
3,2414,1,1,0,0,4
3,2418,1,1,1,0,4
3,2432,1,1,0,0,4
3,2433,1,1,0,0,4
3,2450,1,1,0,0,4
3,2454,1,1,1,0,4
3,2477,1,1,0,0,4
3,2478,1,1,0,1,4
3,2479,1,1,0,0,4
3,2490,1,1,0,1,4
3,2496,1,1,1,0,4
3,23,1,1,0,0,5
3,42,1,1,0,0,5
3,44,1,1,0,0,5
3,64,1,1,1,0,5
3,75,1,1,0,0,5
3,81,1,1,0,0,5
3,102,1,1,0,1,5
3,106,1,1,0,0,5
3,110,1,1,1,0,5
3,116,1,1,0,0,5
3,119,1,1,0,1,5
3,136,1,1,0,0,5
3,137,1,1,0,0,5
3,174,1,1,0,1,5
3,197,1,1,0,0,5
3,202,1,1,0,0,5
3,227,1,1,0,0,5
3,258,1,1,0,0,5
3,286,1,1,0,1,5
3,287,1,1,0,1,5
3,309,1,1,0,0,5
3,311,1,1,0,0,5
3,313,1,1,0,0,5
3,346,1,1,0,0,5
3,353,1,1,0,0,5
3,360,1,1,0,0,5
3,375,1,1,0,0,5
3,382,1,1,0,0,5
3,393,1,1,0,0,5
3,409,1,1,1,0,5
3,440,1,1,0,0,5
3,445,1,1,0,0,5
3,459,1,1,0,1,5
3,473,1,1,1,0,5
3,519,1,1,0,0,5
3,526,1,1,1,0,5
3,532,1,1,0,0,5
3,541,1,1,0,0,5
3,554,1,1,0,0,5
3,568,1,1,0,0,5
3,589,1,1,0,0,5
3,602,1,1,0,0,5
3,607,1,1,0,0,5
3,613,1,1,0,1,5
3,625,1,1,0,1,5
3,633,1,1,0,0,5
3,638,1,1,0,0,5
3,642,1,1,1,0,5
3,664,1,1,0,0,5
3,686,1,1,0,0,5
3,699,1,1,0,0,5
3,702,1,1,0,1,5
3,710,1,1,0,1,5
3,735,1,1,0,0,5
3,736,1,1,0,1,5
3,742,1,1,0,1,5
3,743,1,1,0,0,5
3,747,1,1,0,0,5
3,748,1,1,0,0,5
3,753,1,1,0,0,5
3,763,1,1,1,0,5
3,764,1,1,0,1,5
3,767,1,1,0,0,5
3,782,1,1,0,1,5
3,793,1,1,1,0,5
3,817,1,1,0,0,5
3,839,1,1,0,0,5
3,844,1,1,0,0,5
3,868,1,1,0,0,5
3,872,1,1,1,0,5
3,876,1,1,0,0,5
3,902,1,1,0,0,5
3,908,1,1,1,0,5
3,932,1,1,0,0,5
3,938,1,1,0,0,5
3,965,1,1,0,0,5
3,966,1,1,1,0,5
3,993,1,1,0,0,5
3,1006,1,1,0,1,5
3,1045,1,1,0,1,5
3,1051,1,1,0,0,5
3,1052,1,1,1,0,5
3,1059,1,1,1,0,5
3,1066,1,1,1,0,5
3,1067,1,1,0,0,5
3,1073,1,1,1,0,5
3,1074,1,1,0,0,5
3,1084,1,1,0,0,5
3,1091,1,1,0,0,5
3,1120,1,1,0,0,5
3,1123,1,1,0,0,5
3,1125,1,1,0,0,5
3,1134,1,1,1,0,5
3,1169,1,1,0,0,5
3,1174,1,1,0,0,5
3,1193,1,1,0,0,5
3,1211,1,1,0,1,5
3,1228,1,1,0,0,5
3,1231,1,1,0,0,5
3,1245,1,1,0,0,5
3,1248,1,1,0,1,5
3,1258,1,1,0,0,5
3,1278,1,1,0,0,5
3,1282,1,1,0,0,5
3,1288,1,1,0,0,5
3,1296,1,1,0,0,5
3,1304,1,1,0,1,5
3,1307,1,1,1,0,5
3,1334,1,1,0,0,5
3,1347,1,1,0,0,5
3,1350,1,1,0,0,5
3,1359,1,1,0,0,5
3,1369,1,1,0,1,5
3,1376,1,1,0,0,5
3,1385,1,1,0,0,5
3,1391,1,1,0,1,5
3,1396,1,1,0,0,5
3,1402,1,1,0,0,5
3,1428,1,1,0,0,5
3,1435,1,1,0,0,5
3,1449,1,1,0,0,5
3,1457,1,1,1,0,5
3,1476,1,1,1,0,5
3,1488,1,1,0,1,5
3,1509,1,1,0,1,5
3,1511,1,1,0,1,5
3,1513,1,1,0,0,5
3,1525,1,1,0,0,5
3,1533,1,1,1,0,5
3,1542,1,1,0,0,5
3,1553,1,1,0,0,5
3,1577,1,1,0,0,5
3,1594,1,1,0,1,5
3,1635,1,1,0,0,5
3,1672,1,1,0,0,5
3,1681,1,1,0,0,5
3,1692,1,1,1,0,5
3,1713,1,1,1,0,5
3,1764,1,1,0,0,5
3,1769,1,1,0,0,5
3,1771,1,1,0,0,5
3,1791,1,1,0,0,5
3,1811,1,1,0,0,5
3,1819,1,1,0,1,5
3,1821,1,1,0,0,5
3,1826,1,1,1,0,5
3,1837,1,1,0,0,5
3,1838,1,1,0,0,5
3,1842,1,1,0,0,5
3,1848,1,1,0,1,5
3,1870,1,1,0,1,5
3,1878,1,1,0,0,5
3,1880,1,1,0,0,5
3,1883,1,1,0,0,5
3,1891,1,1,0,1,5
3,1910,1,1,0,0,5
3,1919,1,1,0,0,5
3,1944,1,1,0,0,5
3,1962,1,1,0,0,5
3,1994,1,1,0,0,5
3,2019,1,1,0,0,5
3,2028,1,1,0,1,5
3,2037,1,1,0,0,5
3,2041,1,1,1,0,5
3,2048,1,1,1,0,5
3,2054,1,1,0,1,5
3,2057,1,1,0,0,5
3,2069,1,1,0,1,5
3,2085,1,1,1,0,5
3,2089,1,1,1,0,5
3,2120,1,1,1,0,5
3,2122,1,1,0,0,5
3,2140,1,1,0,0,5
3,2143,1,1,0,0,5
3,2153,1,1,0,0,5
3,2157,1,1,1,0,5
3,2159,1,1,0,0,5
3,2165,1,1,1,0,5
3,2171,1,1,1,0,5
3,2177,1,1,0,0,5
3,2180,1,1,1,0,5
3,2187,1,1,1,0,5
3,2191,1,1,0,0,5
3,2203,1,1,0,0,5
3,2215,1,1,1,0,5
3,2224,1,1,0,0,5
3,2267,1,1,0,0,5
3,2274,1,1,0,1,5
3,2283,1,1,0,0,5
3,2284,1,1,0,1,5
3,2290,1,1,0,0,5
3,2296,1,1,0,0,5
3,2303,1,1,0,0,5
3,2308,1,1,0,0,5
3,2336,1,1,0,0,5
3,2339,1,1,0,0,5
3,2361,1,1,0,0,5
3,2368,1,1,0,1,5
3,2415,1,1,0,1,5
3,2416,1,1,0,0,5
3,2425,1,1,0,1,5
3,2442,1,1,1,0,5
3,2462,1,1,0,0,5
3,2475,1,1,0,0,5
3,2486,1,1,0,0,5
3,21,1,1,0,1,6
3,26,1,1,0,0,6
3,63,1,1,0,0,6
3,72,1,1,1,0,6
3,78,1,1,0,0,6
3,93,1,1,0,1,6
3,100,1,1,1,0,6
3,104,1,1,0,1,6
3,108,1,1,0,1,6
3,151,1,1,1,0,6
3,173,1,1,0,0,6
3,194,1,1,0,1,6
3,256,1,1,0,0,6
3,259,1,1,0,0,6
3,264,1,1,0,1,6
3,321,1,1,0,0,6
3,352,1,1,0,0,6
3,357,1,1,0,0,6
3,392,1,1,1,0,6
3,414,1,1,0,0,6
3,425,1,1,0,0,6
3,437,1,1,0,0,6
3,453,1,1,0,1,6
3,476,1,1,0,0,6
3,486,1,1,0,1,6
3,514,1,1,0,0,6
3,533,1,1,0,0,6
3,539,1,1,0,0,6
3,542,1,1,0,0,6
3,549,1,1,0,0,6
3,576,1,1,0,0,6
3,590,1,1,1,0,6
3,599,1,1,0,0,6
3,600,1,1,0,1,6
3,603,1,1,0,1,6
3,623,1,1,0,0,6
3,630,1,1,0,0,6
3,652,1,1,0,1,6
3,667,1,1,0,0,6
3,671,1,1,1,0,6
3,672,1,1,0,0,6
3,682,1,1,0,0,6
3,731,1,1,0,0,6
3,738,1,1,0,0,6
3,759,1,1,0,0,6
3,760,1,1,1,0,6
3,779,1,1,0,0,6
3,798,1,1,0,0,6
3,828,1,1,0,0,6
3,829,1,1,0,0,6
3,834,1,1,0,0,6
3,849,1,1,0,0,6
3,860,1,1,0,0,6
3,865,1,1,0,0,6
3,869,1,1,0,0,6
3,877,1,1,1,0,6
3,883,1,1,1,0,6
3,920,1,1,0,0,6
3,958,1,1,0,0,6
3,985,1,1,1,0,6
3,1010,1,1,0,0,6
3,1012,1,1,1,0,6
3,1023,1,1,0,1,6
3,1046,1,1,0,0,6
3,1062,1,1,0,0,6
3,1063,1,1,0,1,6
3,1071,1,1,0,0,6
3,1077,1,1,1,0,6
3,1079,1,1,0,1,6
3,1081,1,1,0,0,6
3,1086,1,1,0,0,6
3,1093,1,1,0,1,6
3,1108,1,1,1,0,6
3,1164,1,1,0,0,6
3,1166,1,1,0,1,6
3,1171,1,1,1,0,6
3,1201,1,1,0,0,6
3,1205,1,1,0,0,6
3,1217,1,1,0,0,6
3,1249,1,1,0,1,6
3,1250,1,1,0,0,6
3,1269,1,1,0,0,6
3,1271,1,1,0,0,6
3,1274,1,1,0,0,6
3,1280,1,1,0,1,6
3,1301,1,1,0,0,6
3,1309,1,1,0,0,6
3,1311,1,1,0,1,6
3,1325,1,1,0,0,6
3,1340,1,1,1,0,6
3,1343,1,1,1,0,6
3,1353,1,1,0,0,6
3,1357,1,1,0,0,6
3,1395,1,1,0,0,6
3,1397,1,1,0,0,6
3,1411,1,1,0,0,6
3,1420,1,1,0,0,6
3,1432,1,1,0,1,6
3,1490,1,1,0,0,6
3,1518,1,1,0,0,6
3,1527,1,1,0,0,6
3,1585,1,1,1,0,6
3,1598,1,1,0,0,6
3,1640,1,1,0,0,6
3,1657,1,1,0,0,6
3,1693,1,1,0,1,6
3,1705,1,1,0,0,6
3,1720,1,1,0,0,6
3,1730,1,1,0,1,6
3,1731,1,1,0,0,6
3,1755,1,1,0,1,6
3,1756,1,1,0,0,6
3,1775,1,1,0,0,6
3,1790,1,1,1,0,6
3,1799,1,1,1,0,6
3,1806,1,1,0,0,6
3,1818,1,1,0,0,6
3,1831,1,1,1,0,6
3,1845,1,1,0,1,6
3,1885,1,1,0,0,6
3,1895,1,1,0,0,6
3,1909,1,1,0,0,6
3,1914,1,1,0,1,6
3,1935,1,1,1,0,6
3,1953,1,1,1,0,6
3,1957,1,1,0,0,6
3,1960,1,1,1,0,6
3,1975,1,1,1,0,6
3,1992,1,1,1,0,6
3,1998,1,1,0,0,6
3,2002,1,1,0,1,6
3,2020,1,1,0,0,6
3,2034,1,1,0,1,6
3,2035,1,1,0,0,6
3,2056,1,1,1,0,6
3,2083,1,1,0,0,6
3,2084,1,1,0,0,6
3,2117,1,1,0,0,6
3,2124,1,1,0,0,6
3,2125,1,1,0,0,6
3,2126,1,1,0,0,6
3,2210,1,1,0,0,6
3,2293,1,1,1,0,6
3,2298,1,1,0,1,6
3,2301,1,1,0,1,6
3,2305,1,1,0,0,6
3,2315,1,1,0,0,6
3,2356,1,1,1,0,6
3,2360,1,1,0,0,6
3,2407,1,1,0,0,6
3,2427,1,1,0,0,6
3,2429,1,1,0,1,6
3,2440,1,1,0,0,6
3,15,1,1,0,0,7
3,65,1,1,0,1,7
3,79,1,1,1,0,7
3,83,1,1,0,1,7
3,87,1,1,0,0,7
3,94,1,1,1,0,7
3,107,1,1,0,0,7
3,114,1,1,0,0,7
3,118,1,1,0,1,7
3,123,1,1,0,1,7
3,139,1,1,0,0,7
3,172,1,1,0,1,7
3,178,1,1,0,0,7
3,186,1,1,0,0,7
3,191,1,1,0,0,7
3,199,1,1,0,0,7
3,207,1,1,0,0,7
3,208,1,1,0,0,7
3,228,1,1,0,1,7
3,234,1,1,0,0,7
3,255,1,1,1,0,7
3,272,1,1,0,0,7
3,273,1,1,0,1,7
3,278,1,1,1,0,7
3,289,1,1,0,0,7
3,343,1,1,0,0,7
3,380,1,1,1,0,7
3,385,1,1,0,1,7
3,398,1,1,0,1,7
3,416,1,1,1,0,7
3,422,1,1,0,1,7
3,426,1,1,1,0,7
3,429,1,1,0,1,7
3,436,1,1,0,0,7
3,439,1,1,0,0,7
3,450,1,1,0,0,7
3,509,1,1,0,0,7
3,515,1,1,1,0,7
3,521,1,1,0,0,7
3,522,1,1,0,0,7
3,529,1,1,0,0,7
3,578,1,1,1,0,7
3,584,1,1,0,1,7
3,618,1,1,0,0,7
3,624,1,1,0,0,7
3,648,1,1,0,0,7
3,650,1,1,0,1,7
3,676,1,1,0,0,7
3,681,1,1,1,0,7
3,688,1,1,0,0,7
3,693,1,1,0,0,7
3,696,1,1,0,0,7
3,718,1,1,0,0,7
3,721,1,1,0,0,7
3,737,1,1,0,0,7
3,741,1,1,0,0,7
3,745,1,1,0,0,7
3,772,1,1,0,1,7
3,801,1,1,0,0,7
3,802,1,1,0,0,7
3,826,1,1,1,0,7
3,843,1,1,0,1,7
3,855,1,1,0,1,7
3,905,1,1,1,0,7
3,910,1,1,0,0,7
3,926,1,1,1,0,7
3,937,1,1,0,0,7
3,947,1,1,0,0,7
3,975,1,1,0,0,7
3,976,1,1,0,0,7
3,978,1,1,0,0,7
3,990,1,1,1,0,7
3,1004,1,1,1,0,7
3,1005,1,1,1,0,7
3,1013,1,1,1,0,7
3,1016,1,1,0,1,7
3,1032,1,1,1,0,7
3,1076,1,1,0,0,7
3,1095,1,1,1,0,7
3,1102,1,1,0,1,7
3,1114,1,1,0,0,7
3,1118,1,1,0,0,7
3,1148,1,1,0,0,7
3,1156,1,1,0,0,7
3,1163,1,1,0,0,7
3,1196,1,1,0,0,7
3,1204,1,1,1,0,7
3,1214,1,1,0,0,7
3,1232,1,1,0,0,7
3,1240,1,1,0,0,7
3,1310,1,1,1,0,7
3,1313,1,1,1,0,7
3,1314,1,1,1,0,7
3,1320,1,1,1,0,7
3,1330,1,1,0,0,7
3,1341,1,1,1,0,7
3,1346,1,1,0,0,7
3,1399,1,1,1,0,7
3,1421,1,1,1,0,7
3,1426,1,1,0,0,7
3,1434,1,1,1,0,7
3,1450,1,1,0,0,7
3,1459,1,1,0,0,7
3,1473,1,1,0,0,7
3,1479,1,1,1,0,7
3,1516,1,1,1,0,7
3,1558,1,1,1,0,7
3,1559,1,1,0,0,7
3,1581,1,1,1,0,7
3,1583,1,1,0,0,7
3,1637,1,1,1,0,7
3,1642,1,1,0,0,7
3,1646,1,1,0,0,7
3,1667,1,1,0,0,7
3,1674,1,1,0,1,7
3,1717,1,1,1,0,7
3,1723,1,1,1,0,7
3,1726,1,1,0,0,7
3,1740,1,1,0,0,7
3,1749,1,1,0,0,7
3,1768,1,1,0,0,7
3,1783,1,1,0,0,7
3,1785,1,1,0,1,7
3,1833,1,1,0,0,7
3,1843,1,1,0,0,7
3,1847,1,1,0,1,7
3,1866,1,1,0,0,7
3,1876,1,1,0,0,7
3,1902,1,1,1,0,7
3,1927,1,1,0,0,7
3,1933,1,1,0,0,7
3,1976,1,1,0,0,7
3,1987,1,1,0,0,7
3,1997,1,1,0,0,7
3,2006,1,1,0,1,7
3,2022,1,1,0,0,7
3,2024,1,1,0,0,7
3,2052,1,1,0,0,7
3,2094,1,1,0,1,7
3,2097,1,1,0,0,7
3,2111,1,1,0,0,7
3,2116,1,1,0,1,7
3,2127,1,1,0,1,7
3,2146,1,1,0,0,7
3,2167,1,1,1,0,7
3,2195,1,1,1,0,7
3,2199,1,1,0,0,7
3,2205,1,1,0,1,7
3,2229,1,1,0,0,7
3,2244,1,1,0,0,7
3,2248,1,1,1,0,7
3,2254,1,1,1,0,7
3,2256,1,1,0,0,7
3,2310,1,1,1,0,7
3,2314,1,1,0,1,7
3,2319,1,1,0,0,7
3,2355,1,1,1,0,7
3,2365,1,1,0,0,7
3,2396,1,1,0,0,7
3,2446,1,1,0,0,7
3,2459,1,1,0,0,7
3,2472,1,1,1,0,7
3,19,1,1,0,1,8
3,29,1,1,0,0,8
3,55,1,1,0,0,8
3,124,1,1,0,0,8
3,162,1,1,0,1,8
3,198,1,1,0,1,8
3,216,1,1,0,0,8
3,220,1,1,0,0,8
3,290,1,1,0,0,8
3,316,1,1,0,1,8
3,327,1,1,0,0,8
3,348,1,1,1,0,8
3,358,1,1,0,1,8
3,367,1,1,0,0,8
3,373,1,1,0,0,8
3,403,1,1,0,0,8
3,432,1,1,0,0,8
3,482,1,1,0,0,8
3,498,1,1,1,0,8
3,504,1,1,0,0,8
3,506,1,1,1,0,8
3,513,1,1,0,0,8
3,536,1,1,0,0,8
3,543,1,1,0,1,8
3,550,1,1,0,0,8
3,556,1,1,0,0,8
3,561,1,1,0,0,8
3,572,1,1,0,1,8
3,580,1,1,0,1,8
3,591,1,1,1,0,8
3,605,1,1,0,1,8
3,641,1,1,0,0,8
3,658,1,1,0,1,8
3,674,1,1,0,0,8
3,690,1,1,0,1,8
3,700,1,1,0,0,8
3,757,1,1,0,0,8
3,778,1,1,0,0,8
3,810,1,1,0,1,8
3,838,1,1,0,0,8
3,840,1,1,1,0,8
3,842,1,1,0,0,8
3,846,1,1,0,1,8
3,885,1,1,0,1,8
3,889,1,1,1,0,8
3,909,1,1,0,0,8
3,919,1,1,1,0,8
3,963,1,1,0,0,8
3,988,1,1,0,1,8
3,1003,1,1,1,0,8
3,1011,1,1,0,0,8
3,1022,1,1,0,0,8
3,1025,1,1,0,0,8
3,1033,1,1,1,0,8
3,1060,1,1,0,0,8
3,1070,1,1,0,1,8
3,1113,1,1,0,1,8
3,1122,1,1,0,0,8
3,1158,1,1,0,1,8
3,1161,1,1,1,0,8
3,1186,1,1,1,0,8
3,1199,1,1,1,0,8
3,1209,1,1,0,1,8
3,1224,1,1,0,0,8
3,1243,1,1,0,0,8
3,1254,1,1,0,0,8
3,1268,1,1,0,0,8
3,1286,1,1,0,0,8
3,1290,1,1,0,0,8
3,1374,1,1,0,0,8
3,1378,1,1,1,0,8
3,1379,1,1,1,0,8
3,1380,1,1,1,0,8
3,1401,1,1,0,1,8
3,1403,1,1,0,0,8
3,1406,1,1,0,1,8
3,1443,1,1,0,0,8
3,1444,1,1,0,0,8
3,1464,1,1,0,0,8
3,1465,1,1,0,0,8
3,1496,1,1,0,1,8
3,1550,1,1,0,0,8
3,1568,1,1,0,0,8
3,1587,1,1,0,0,8
3,1604,1,1,1,0,8
3,1619,1,1,0,1,8
3,1634,1,1,0,0,8
3,1651,1,1,0,0,8
3,1666,1,1,0,0,8
3,1691,1,1,0,0,8
3,1699,1,1,1,0,8
3,1722,1,1,1,0,8
3,1725,1,1,0,0,8
3,1746,1,1,1,0,8
3,1750,1,1,0,0,8
3,1765,1,1,0,0,8
3,1817,1,1,0,0,8
3,1854,1,1,1,0,8
3,1857,1,1,0,0,8
3,1864,1,1,0,1,8
3,1898,1,1,0,1,8
3,1901,1,1,1,0,8
3,1949,1,1,1,0,8
3,2005,1,1,0,0,8
3,2017,1,1,0,1,8
3,2059,1,1,0,1,8
3,2076,1,1,0,0,8
3,2078,1,1,0,0,8
3,2105,1,1,0,0,8
3,2160,1,1,0,0,8
3,2175,1,1,0,0,8
3,2179,1,1,0,0,8
3,2189,1,1,0,1,8
3,2196,1,1,1,0,8
3,2201,1,1,1,0,8
3,2204,1,1,0,0,8
3,2220,1,1,0,0,8
3,2230,1,1,0,0,8
3,2253,1,1,0,1,8
3,2268,1,1,0,0,8
3,2340,1,1,0,1,8
3,2367,1,1,0,1,8
3,2379,1,1,0,1,8
3,2384,1,1,0,0,8
3,2398,1,1,1,0,8
3,2404,1,1,0,0,8
3,2445,1,1,0,0,8
3,2453,1,1,0,0,8
3,2489,1,1,0,0,8
3,10,1,1,0,1,9
3,12,1,1,0,0,9
3,41,1,1,0,0,9
3,62,1,1,0,0,9
3,113,1,1,0,1,9
3,117,1,1,0,0,9
3,121,1,1,1,0,9
3,141,1,1,0,0,9
3,149,1,1,0,0,9
3,153,1,1,0,1,9
3,164,1,1,0,1,9
3,167,1,1,0,1,9
3,180,1,1,1,0,9
3,187,1,1,0,0,9
3,196,1,1,0,0,9
3,257,1,1,1,0,9
3,276,1,1,0,1,9
3,300,1,1,0,0,9
3,301,1,1,0,1,9
3,304,1,1,0,0,9
3,314,1,1,0,0,9
3,344,1,1,1,0,9
3,371,1,1,0,0,9
3,411,1,1,0,0,9
3,423,1,1,1,0,9
3,447,1,1,0,0,9
3,465,1,1,0,1,9
3,471,1,1,0,0,9
3,483,1,1,0,0,9
3,546,1,1,0,0,9
3,552,1,1,0,0,9
3,563,1,1,0,0,9
3,567,1,1,1,0,9
3,577,1,1,0,0,9
3,587,1,1,0,0,9
3,588,1,1,1,0,9
3,594,1,1,1,0,9
3,595,1,1,0,0,9
3,609,1,1,0,0,9
3,643,1,1,0,0,9
3,649,1,1,0,0,9
3,704,1,1,0,0,9
3,707,1,1,0,1,9
3,712,1,1,0,0,9
3,716,1,1,0,0,9
3,720,1,1,0,1,9
3,729,1,1,0,0,9
3,746,1,1,0,0,9
3,768,1,1,0,0,9
3,781,1,1,0,1,9
3,794,1,1,1,0,9
3,809,1,1,0,0,9
3,811,1,1,0,0,9
3,814,1,1,0,0,9
3,816,1,1,1,0,9
3,818,1,1,1,0,9
3,831,1,1,0,0,9
3,835,1,1,0,1,9
3,858,1,1,0,0,9
3,866,1,1,0,0,9
3,886,1,1,0,0,9
3,897,1,1,1,0,9
3,899,1,1,0,0,9
3,922,1,1,0,1,9
3,924,1,1,0,0,9
3,950,1,1,1,0,9
3,962,1,1,0,0,9
3,1000,1,1,0,0,9
3,1042,1,1,0,1,9
3,1044,1,1,0,0,9
3,1049,1,1,1,0,9
3,1054,1,1,0,0,9
3,1110,1,1,0,1,9
3,1117,1,1,0,0,9
3,1124,1,1,0,0,9
3,1144,1,1,0,0,9
3,1155,1,1,0,0,9
3,1160,1,1,0,1,9
3,1191,1,1,0,0,9
3,1206,1,1,0,0,9
3,1229,1,1,0,0,9
3,1252,1,1,0,0,9
3,1257,1,1,0,1,9
3,1261,1,1,0,0,9
3,1266,1,1,0,0,9
3,1270,1,1,1,0,9
3,1277,1,1,0,0,9
3,1279,1,1,1,0,9
3,1323,1,1,0,0,9
3,1342,1,1,0,0,9
3,1344,1,1,1,0,9
3,1349,1,1,0,0,9
3,1393,1,1,0,1,9
3,1398,1,1,0,0,9
3,1414,1,1,1,0,9
3,1422,1,1,0,0,9
3,1429,1,1,0,1,9
3,1436,1,1,0,0,9
3,1440,1,1,0,0,9
3,1453,1,1,1,0,9
3,1483,1,1,0,1,9
3,1491,1,1,0,0,9
3,1504,1,1,0,1,9
3,1510,1,1,0,1,9
3,1538,1,1,0,1,9
3,1548,1,1,0,0,9
3,1549,1,1,1,0,9
3,1561,1,1,0,0,9
3,1589,1,1,0,0,9
3,1612,1,1,0,0,9
3,1620,1,1,0,0,9
3,1645,1,1,0,0,9
3,1658,1,1,0,1,9
3,1676,1,1,1,0,9
3,1696,1,1,0,0,9
3,1700,1,1,0,0,9
3,1706,1,1,0,0,9
3,1729,1,1,0,1,9
3,1732,1,1,0,0,9
3,1733,1,1,0,0,9
3,1741,1,1,0,0,9
3,1752,1,1,1,0,9
3,1758,1,1,0,0,9
3,1762,1,1,0,0,9
3,1766,1,1,1,0,9
3,1778,1,1,0,0,9
3,1793,1,1,0,0,9
3,1812,1,1,0,1,9
3,1868,1,1,0,1,9
3,1873,1,1,0,0,9
3,1912,1,1,0,1,9
3,1948,1,1,0,0,9
3,1959,1,1,1,0,9
3,1973,1,1,0,0,9
3,1982,1,1,0,1,9
3,1983,1,1,0,1,9
3,1985,1,1,0,0,9
3,2008,1,1,0,0,9
3,2039,1,1,0,0,9
3,2047,1,1,0,0,9
3,2053,1,1,0,1,9
3,2067,1,1,0,1,9
3,2104,1,1,0,1,9
3,2107,1,1,0,0,9
3,2109,1,1,0,1,9
3,2137,1,1,0,0,9
3,2161,1,1,0,0,9
3,2163,1,1,0,0,9
3,2182,1,1,0,0,9
3,2190,1,1,0,0,9
3,2235,1,1,0,0,9
3,2238,1,1,0,1,9
3,2241,1,1,1,0,9
3,2251,1,1,0,0,9
3,2307,1,1,0,1,9
3,2311,1,1,0,1,9
3,2318,1,1,0,0,9
3,2322,1,1,0,1,9
3,2325,1,1,1,0,9
3,2329,1,1,1,0,9
3,2331,1,1,0,1,9
3,2333,1,1,0,0,9
3,2352,1,1,0,0,9
3,2386,1,1,0,1,9
3,2390,1,1,0,0,9
3,2397,1,1,1,0,9
3,2405,1,1,1,0,9
3,2409,1,1,0,0,9
3,2410,1,1,1,0,9
3,2413,1,1,0,1,9
3,2435,1,1,0,0,9
3,2436,1,1,1,0,9
3,2443,1,1,0,0,9
3,2469,1,1,1,0,9
3,2482,1,1,1,0,9
3,2499,1,1,0,0,9
3,32,1,1,0,1,10
3,35,1,1,0,0,10
3,90,1,1,0,1,10
3,92,1,1,0,0,10
3,96,1,1,0,0,10
3,120,1,1,0,0,10
3,127,1,1,0,0,10
3,132,1,1,0,0,10
3,163,1,1,1,0,10
3,166,1,1,0,0,10
3,177,1,1,0,0,10
3,224,1,1,0,0,10
3,247,1,1,0,0,10
3,261,1,1,0,0,10
3,267,1,1,0,0,10
3,282,1,1,0,0,10
3,305,1,1,0,0,10
3,326,1,1,0,0,10
3,330,1,1,0,0,10
3,350,1,1,0,0,10
3,369,1,1,0,0,10
3,381,1,1,1,0,10
3,383,1,1,0,0,10
3,401,1,1,0,0,10
3,424,1,1,0,0,10
3,435,1,1,0,0,10
3,452,1,1,0,1,10
3,481,1,1,1,0,10
3,497,1,1,1,0,10
3,500,1,1,0,0,10
3,511,1,1,0,0,10
3,528,1,1,0,0,10
3,547,1,1,0,0,10
3,564,1,1,0,0,10
3,574,1,1,1,0,10
3,593,1,1,0,0,10
3,629,1,1,0,0,10
3,665,1,1,0,0,10
3,675,1,1,0,0,10
3,680,1,1,0,0,10
3,689,1,1,0,1,10
3,705,1,1,0,0,10
3,719,1,1,0,1,10
3,739,1,1,0,1,10
3,755,1,1,1,0,10
3,756,1,1,1,0,10
3,758,1,1,1,0,10
3,761,1,1,0,0,10
3,765,1,1,0,0,10
3,773,1,1,0,0,10
3,774,1,1,0,0,10
3,780,1,1,0,1,10
3,784,1,1,0,1,10
3,792,1,1,0,0,10
3,806,1,1,1,0,10
3,823,1,1,1,0,10
3,837,1,1,0,0,10
3,857,1,1,0,0,10
3,871,1,1,0,1,10
3,878,1,1,1,0,10
3,879,1,1,0,0,10
3,882,1,1,1,0,10
3,893,1,1,0,0,10
3,945,1,1,0,1,10
3,971,1,1,0,0,10
3,979,1,1,0,0,10
3,994,1,1,0,0,10
3,999,1,1,0,0,10
3,1039,1,1,0,0,10
3,1043,1,1,0,0,10
3,1101,1,1,0,0,10
3,1142,1,1,0,0,10
3,1153,1,1,0,0,10
3,1202,1,1,1,0,10
3,1255,1,1,0,0,10
3,1300,1,1,1,0,10
3,1318,1,1,1,0,10
3,1329,1,1,0,0,10
3,1339,1,1,0,0,10
3,1354,1,1,0,1,10
3,1383,1,1,1,0,10
3,1384,1,1,0,0,10
3,1388,1,1,0,0,10
3,1410,1,1,0,0,10
3,1454,1,1,0,0,10
3,1466,1,1,0,0,10
3,1475,1,1,0,0,10
3,1493,1,1,1,0,10
3,1502,1,1,0,0,10
3,1514,1,1,0,0,10
3,1520,1,1,0,0,10
3,1523,1,1,0,1,10
3,1532,1,1,0,0,10
3,1560,1,1,0,0,10
3,1595,1,1,1,0,10
3,1605,1,1,1,0,10
3,1613,1,1,0,0,10
3,1623,1,1,0,1,10
3,1628,1,1,0,0,10
3,1632,1,1,0,0,10
3,1679,1,1,0,1,10
3,1684,1,1,0,1,10
3,1685,1,1,0,0,10
3,1688,1,1,0,0,10
3,1698,1,1,0,1,10
3,1715,1,1,0,1,10
3,1719,1,1,0,0,10
3,1724,1,1,0,0,10
3,1727,1,1,0,1,10
3,1745,1,1,0,1,10
3,1754,1,1,0,1,10
3,1787,1,1,0,0,10
3,1823,1,1,0,0,10
3,1871,1,1,0,1,10
3,1877,1,1,0,0,10
3,1908,1,1,0,0,10
3,1921,1,1,0,1,10
3,1936,1,1,0,0,10
3,1942,1,1,0,1,10
3,1956,1,1,1,0,10
3,1972,1,1,0,0,10
3,2004,1,1,0,1,10
3,2060,1,1,0,0,10
3,2064,1,1,0,0,10
3,2077,1,1,0,0,10
3,2079,1,1,1,0,10
3,2147,1,1,0,0,10
3,2173,1,1,0,0,10
3,2183,1,1,0,0,10
3,2193,1,1,0,0,10
3,2208,1,1,0,0,10
3,2209,1,1,1,0,10
3,2212,1,1,1,0,10
3,2265,1,1,0,0,10
3,2279,1,1,0,0,10
3,2291,1,1,0,0,10
3,2295,1,1,1,0,10
3,2312,1,1,0,0,10
3,2313,1,1,0,0,10
3,2317,1,1,0,0,10
3,2323,1,1,0,0,10
3,2343,1,1,1,0,10
3,2359,1,1,1,0,10
3,2362,1,1,1,0,10
3,2402,1,1,0,0,10
3,2439,1,1,0,0,10
3,2464,1,1,0,0,10
3,2470,1,1,0,1,10
3,2495,1,1,0,0,10
3,2497,1,1,1,0,10
3,0,2,2,0,1,11
3,11,2,2,1,0,11
3,38,2,2,0,1,11
3,50,2,2,0,0,11
3,54,2,2,0,0,11
3,60,2,2,0,0,11
3,69,2,2,0,0,11
3,99,2,2,2,0,11
3,101,2,2,0,0,11
3,105,2,2,0,0,11
3,128,2,2,0,0,11
3,140,2,2,0,0,11
3,143,2,2,0,1,11
3,145,2,2,2,0,11
3,161,2,2,0,0,11
3,190,2,2,0,0,11
3,192,2,2,0,0,11
3,201,2,2,0,2,11
3,204,2,2,0,0,11
3,217,2,2,0,0,11
3,239,2,2,0,0,11
3,244,2,2,0,1,11
3,262,2,2,0,0,11
3,281,2,2,0,0,11
3,294,2,2,0,0,11
3,374,2,2,0,0,11
3,384,2,2,0,0,11
3,433,2,2,2,0,11
3,441,2,2,0,0,11
3,446,2,2,2,0,11
3,451,2,2,0,0,11
3,468,2,2,0,0,11
3,557,2,2,0,1,11
3,610,2,2,0,0,11
3,614,2,2,0,0,11
3,632,2,2,2,0,11
3,640,2,2,0,0,11
3,668,2,2,0,0,11
3,725,2,2,0,0,11
3,732,2,2,0,0,11
3,734,2,2,2,0,11
3,776,2,2,2,0,11
3,783,2,2,0,0,11
3,785,2,2,2,0,11
3,791,2,2,0,0,11
3,812,2,2,0,0,11
3,813,2,2,0,2,11
3,819,2,2,2,0,11
3,875,2,2,0,0,11
3,935,2,2,0,1,11
3,936,2,2,0,0,11
3,943,2,2,0,0,11
3,1019,2,2,0,0,11
3,1038,2,2,2,0,11
3,1057,2,2,0,0,11
3,1135,2,2,0,2,11
3,1141,2,2,0,0,11
3,1230,2,2,0,0,11
3,1246,2,2,0,0,11
3,1253,2,2,0,2,11
3,1256,2,2,0,2,11
3,1306,2,2,0,0,11
3,1316,2,2,0,0,11
3,1317,2,2,2,0,11
3,1337,2,2,0,0,11
3,1345,2,2,0,2,11
3,1348,2,2,0,0,11
3,1356,2,2,0,0,11
3,1364,2,2,2,0,11
3,1367,2,2,0,1,11
3,1389,2,2,0,0,11
3,1392,2,2,0,0,11
3,1419,2,2,0,2,11
3,1431,2,2,2,0,11
3,1438,2,2,0,0,11
3,1470,2,2,0,2,11
3,1478,2,2,0,0,11
3,1556,2,2,0,0,11
3,1569,2,2,1,0,11
3,1570,2,2,0,0,11
3,1576,2,2,0,0,11
3,1580,2,2,2,0,11
3,1600,2,2,0,0,11
3,1601,2,2,0,0,11
3,1608,2,2,0,0,11
3,1614,2,2,0,0,11
3,1633,2,2,0,0,11
3,1638,2,2,0,2,11
3,1639,2,2,0,0,11
3,1644,2,2,1,0,11
3,1654,2,2,2,0,11
3,1670,2,2,0,0,11
3,1753,2,2,0,0,11
3,1761,2,2,1,0,11
3,1767,2,2,0,1,11
3,1773,2,2,0,0,11
3,1782,2,2,0,2,11
3,1784,2,2,0,2,11
3,1810,2,2,0,1,11
3,1840,2,2,0,2,11
3,1841,2,2,0,1,11
3,1852,2,2,0,0,11
3,1874,2,2,0,0,11
3,1879,2,2,0,0,11
3,1893,2,2,0,0,11
3,1911,2,2,0,0,11
3,1934,2,2,0,2,11
3,1940,2,2,2,0,11
3,1954,2,2,0,1,11
3,1965,2,2,0,0,11
3,2014,2,2,0,0,11
3,2016,2,2,0,1,11
3,2021,2,2,0,0,11
3,2029,2,2,0,0,11
3,2031,2,2,0,0,11
3,2051,2,2,0,0,11
3,2062,2,2,0,0,11
3,2070,2,2,0,0,11
3,2088,2,2,0,0,11
3,2185,2,2,0,0,11
3,2188,2,2,0,0,11
3,2200,2,2,1,0,11
3,2228,2,2,0,0,11
3,2243,2,2,2,0,11
3,2255,2,2,1,0,11
3,2260,2,2,0,0,11
3,2263,2,2,0,0,11
3,2264,2,2,0,0,11
3,2289,2,2,0,0,11
3,2306,2,2,0,1,11
3,2338,2,2,0,0,11
3,2341,2,2,1,0,11
3,2345,2,2,0,0,11
3,2349,2,2,0,0,11
3,2364,2,2,2,0,11
3,2373,2,2,2,0,11
3,2392,2,2,0,0,11
3,2401,2,2,0,0,11
3,2412,2,2,2,0,11
3,2434,2,2,0,2,11
3,2451,2,2,0,1,11
3,2458,2,2,0,0,11
3,2463,2,2,0,0,11
3,2480,2,2,0,2,11
3,2484,2,2,0,0,11
3,4,2,2,0,0,12
3,27,2,2,1,0,12
3,71,2,2,1,0,12
3,112,2,2,0,0,12
3,147,2,2,0,2,12
3,148,2,2,0,0,12
3,211,2,2,0,0,12
3,213,2,2,0,0,12
3,223,2,2,0,0,12
3,266,2,2,0,0,12
3,268,2,2,0,2,12
3,291,2,2,0,1,12
3,306,2,2,0,0,12
3,315,2,2,0,1,12
3,333,2,2,0,0,12
3,355,2,2,0,2,12
3,364,2,2,0,0,12
3,387,2,2,0,0,12
3,388,2,2,0,0,12
3,406,2,2,0,0,12
3,420,2,2,0,0,12
3,467,2,2,0,0,12
3,475,2,2,1,0,12
3,477,2,2,2,0,12
3,479,2,2,0,0,12
3,484,2,2,0,0,12
3,487,2,2,0,0,12
3,518,2,2,1,0,12
3,523,2,2,1,0,12
3,535,2,2,0,0,12
3,579,2,2,0,1,12
3,615,2,2,2,0,12
3,645,2,2,0,0,12
3,656,2,2,2,0,12
3,673,2,2,2,0,12
3,687,2,2,1,0,12
3,694,2,2,0,1,12
3,697,2,2,0,1,12
3,727,2,2,0,0,12
3,754,2,2,1,0,12
3,775,2,2,0,0,12
3,821,2,2,0,0,12
3,847,2,2,0,0,12
3,850,2,2,0,0,12
3,851,2,2,0,2,12
3,854,2,2,2,0,12
3,870,2,2,0,0,12
3,881,2,2,2,0,12
3,895,2,2,0,0,12
3,904,2,2,0,2,12
3,917,2,2,0,1,12
3,967,2,2,1,0,12
3,968,2,2,0,0,12
3,1002,2,2,0,0,12
3,1007,2,2,0,0,12
3,1014,2,2,0,0,12
3,1015,2,2,0,0,12
3,1028,2,2,2,0,12
3,1040,2,2,0,0,12
3,1048,2,2,0,0,12
3,1061,2,2,0,0,12
3,1069,2,2,2,0,12
3,1085,2,2,0,0,12
3,1094,2,2,0,1,12
3,1194,2,2,0,0,12
3,1215,2,2,0,0,12
3,1236,2,2,0,0,12
3,1237,2,2,0,0,12
3,1239,2,2,1,0,12
3,1259,2,2,0,0,12
3,1265,2,2,0,0,12
3,1336,2,2,0,0,12
3,1366,2,2,0,0,12
3,1408,2,2,0,0,12
3,1416,2,2,0,0,12
3,1452,2,2,0,0,12
3,1455,2,2,0,0,12
3,1456,2,2,2,0,12
3,1468,2,2,0,0,12
3,1472,2,2,2,0,12
3,1477,2,2,0,0,12
3,1501,2,2,2,0,12
3,1524,2,2,0,0,12
3,1526,2,2,1,0,12
3,1579,2,2,0,0,12
3,1607,2,2,0,0,12
3,1610,2,2,0,0,12
3,1622,2,2,2,0,12
3,1629,2,2,0,1,12
3,1650,2,2,0,0,12
3,1677,2,2,0,1,12
3,1680,2,2,0,1,12
3,1704,2,2,0,0,12
3,1728,2,2,0,1,12
3,1798,2,2,0,0,12
3,1830,2,2,0,1,12
3,1836,2,2,2,0,12
3,1851,2,2,0,0,12
3,1855,2,2,0,0,12
3,1860,2,2,0,1,12
3,1862,2,2,0,2,12
3,1882,2,2,1,0,12
3,1889,2,2,0,0,12
3,1900,2,2,0,1,12
3,1915,2,2,0,0,12
3,1916,2,2,0,2,12
3,1922,2,2,0,2,12
3,1925,2,2,0,0,12
3,1932,2,2,2,0,12
3,2001,2,2,0,0,12
3,2010,2,2,0,0,12
3,2027,2,2,0,0,12
3,2044,2,2,0,0,12
3,2086,2,2,0,0,12
3,2092,2,2,0,0,12
3,2123,2,2,0,1,12
3,2134,2,2,0,0,12
3,2164,2,2,0,0,12
3,2211,2,2,0,2,12
3,2232,2,2,1,0,12
3,2233,2,2,2,0,12
3,2236,2,2,0,0,12
3,2277,2,2,0,0,12
3,2299,2,2,0,0,12
3,2374,2,2,0,0,12
3,2375,2,2,0,0,12
3,2394,2,2,0,2,12
3,2474,2,2,1,0,12
3,2481,2,2,0,0,12
3,2493,2,2,0,2,12
3,3,1,1,1,0,13
3,5,1,1,0,0,13
3,9,1,1,0,0,13
3,20,1,1,0,0,13
3,28,1,1,1,0,13
3,49,1,1,0,1,13
3,52,1,1,0,0,13
3,68,1,1,0,1,13
3,70,1,1,0,0,13
3,77,1,1,1,0,13
3,88,1,1,0,0,13
3,109,1,1,0,0,13
3,131,1,1,1,0,13
3,152,1,1,0,0,13
3,168,1,1,0,0,13
3,195,1,1,0,1,13
3,236,1,1,0,1,13
3,243,1,1,0,0,13
3,274,1,1,0,0,13
3,279,1,1,0,0,13
3,293,1,1,0,0,13
3,312,1,1,0,0,13
3,331,1,1,0,1,13
3,359,1,1,0,0,13
3,377,1,1,0,0,13
3,397,1,1,0,0,13
3,405,1,1,1,0,13
3,407,1,1,1,0,13
3,418,1,1,0,0,13
3,460,1,1,0,0,13
3,490,1,1,0,0,13
3,499,1,1,0,0,13
3,501,1,1,1,0,13
3,503,1,1,0,0,13
3,508,1,1,1,0,13
3,512,1,1,0,0,13
3,520,1,1,0,1,13
3,530,1,1,1,0,13
3,534,1,1,0,0,13
3,540,1,1,0,0,13
3,570,1,1,0,0,13
3,582,1,1,0,0,13
3,586,1,1,0,0,13
3,606,1,1,0,0,13
3,608,1,1,0,0,13
3,626,1,1,0,0,13
3,637,1,1,0,0,13
3,644,1,1,0,1,13
3,660,1,1,0,1,13
3,678,1,1,0,1,13
3,695,1,1,1,0,13
3,698,1,1,1,0,13
3,740,1,1,0,1,13
3,762,1,1,0,0,13
3,822,1,1,0,0,13
3,824,1,1,0,0,13
3,862,1,1,0,1,13
3,864,1,1,0,0,13
3,880,1,1,0,0,13
3,911,1,1,1,0,13
3,914,1,1,0,0,13
3,931,1,1,0,1,13
3,939,1,1,0,0,13
3,953,1,1,0,0,13
3,954,1,1,0,0,13
3,956,1,1,1,0,13
3,974,1,1,0,1,13
3,980,1,1,0,0,13
3,998,1,1,1,0,13
3,1008,1,1,0,0,13
3,1027,1,1,0,1,13
3,1030,1,1,0,0,13
3,1041,1,1,0,0,13
3,1080,1,1,0,0,13
3,1103,1,1,0,0,13
3,1107,1,1,1,0,13
3,1116,1,1,0,1,13
3,1126,1,1,0,0,13
3,1128,1,1,0,0,13
3,1175,1,1,0,0,13
3,1183,1,1,0,0,13
3,1212,1,1,1,0,13
3,1219,1,1,0,0,13
3,1223,1,1,0,0,13
3,1247,1,1,0,0,13
3,1260,1,1,0,1,13
3,1267,1,1,0,0,13
3,1273,1,1,1,0,13
3,1293,1,1,0,0,13
3,1319,1,1,0,0,13
3,1321,1,1,0,0,13
3,1324,1,1,0,0,13
3,1363,1,1,0,0,13
3,1371,1,1,0,0,13
3,1375,1,1,0,0,13
3,1407,1,1,0,1,13
3,1433,1,1,0,1,13
3,1448,1,1,0,1,13
3,1461,1,1,0,1,13
3,1508,1,1,0,1,13
3,1517,1,1,1,0,13
3,1535,1,1,0,1,13
3,1541,1,1,0,0,13
3,1544,1,1,0,0,13
3,1545,1,1,1,0,13
3,1551,1,1,0,0,13
3,1563,1,1,0,1,13
3,1566,1,1,0,1,13
3,1578,1,1,1,0,13
3,1588,1,1,0,0,13
3,1596,1,1,0,0,13
3,1599,1,1,0,0,13
3,1611,1,1,1,0,13
3,1626,1,1,0,0,13
3,1641,1,1,0,1,13
3,1643,1,1,1,0,13
3,1649,1,1,1,0,13
3,1655,1,1,1,0,13
3,1656,1,1,1,0,13
3,1660,1,1,0,0,13
3,1663,1,1,1,0,13
3,1675,1,1,0,1,13
3,1686,1,1,1,0,13
3,1690,1,1,0,0,13
3,1712,1,1,0,0,13
3,1714,1,1,0,0,13
3,1735,1,1,0,0,13
3,1737,1,1,0,1,13
3,1776,1,1,0,0,13
3,1777,1,1,0,0,13
3,1789,1,1,0,0,13
3,1792,1,1,0,1,13
3,1804,1,1,0,0,13
3,1849,1,1,0,1,13
3,1850,1,1,0,0,13
3,1867,1,1,1,0,13
3,1892,1,1,0,0,13
3,1903,1,1,0,0,13
3,1917,1,1,0,0,13
3,1928,1,1,0,1,13
3,1958,1,1,1,0,13
3,1981,1,1,0,1,13
3,1989,1,1,0,0,13
3,1993,1,1,1,0,13
3,2003,1,1,0,0,13
3,2038,1,1,0,0,13
3,2061,1,1,0,0,13
3,2072,1,1,0,0,13
3,2090,1,1,0,0,13
3,2098,1,1,0,0,13
3,2118,1,1,0,0,13
3,2145,1,1,0,1,13
3,2149,1,1,1,0,13
3,2156,1,1,0,1,13
3,2174,1,1,0,0,13
3,2213,1,1,0,0,13
3,2216,1,1,1,0,13
3,2221,1,1,0,1,13
3,2223,1,1,1,0,13
3,2245,1,1,0,0,13
3,2257,1,1,0,0,13
3,2261,1,1,0,0,13
3,2269,1,1,0,0,13
3,2302,1,1,1,0,13
3,2330,1,1,0,0,13
3,2332,1,1,0,0,13
3,2363,1,1,0,0,13
3,2366,1,1,0,0,13
3,2371,1,1,0,0,13
3,2391,1,1,0,1,13
3,2400,1,1,0,0,13
3,2403,1,1,0,0,13
3,2406,1,1,0,0,13
3,2431,1,1,0,0,13
3,2460,1,1,0,0,13
3,2476,1,1,1,0,13
3,2485,1,1,1,0,13
3,6,1,1,0,0,14
3,8,1,1,0,0,14
3,13,1,1,0,0,14
3,36,1,1,1,0,14
3,37,1,1,0,0,14
3,43,1,1,0,1,14
3,46,1,1,0,0,14
3,51,1,1,0,0,14
3,66,1,1,0,0,14
3,73,1,1,1,0,14
3,80,1,1,0,1,14
3,91,1,1,0,1,14
3,133,1,1,0,1,14
3,134,1,1,1,0,14
3,135,1,1,1,0,14
3,169,1,1,1,0,14
3,184,1,1,0,1,14
3,250,1,1,0,0,14
3,277,1,1,0,0,14
3,288,1,1,0,0,14
3,296,1,1,0,0,14
3,329,1,1,0,0,14
3,339,1,1,0,0,14
3,341,1,1,0,0,14
3,395,1,1,0,1,14
3,399,1,1,0,1,14
3,431,1,1,0,0,14
3,442,1,1,0,1,14
3,463,1,1,0,0,14
3,474,1,1,1,0,14
3,480,1,1,1,0,14
3,489,1,1,0,0,14
3,491,1,1,0,0,14
3,517,1,1,0,0,14
3,560,1,1,0,0,14
3,581,1,1,0,1,14
3,596,1,1,0,0,14
3,636,1,1,0,1,14
3,651,1,1,0,0,14
3,661,1,1,1,0,14
3,728,1,1,0,1,14
3,799,1,1,0,1,14
3,805,1,1,0,0,14
3,874,1,1,0,0,14
3,894,1,1,1,0,14
3,913,1,1,0,1,14
3,918,1,1,0,0,14
3,929,1,1,1,0,14
3,949,1,1,0,0,14
3,972,1,1,0,1,14
3,989,1,1,0,0,14
3,1009,1,1,0,0,14
3,1036,1,1,0,1,14
3,1078,1,1,0,0,14
3,1083,1,1,0,0,14
3,1087,1,1,1,0,14
3,1100,1,1,0,0,14
3,1129,1,1,1,0,14
3,1137,1,1,1,0,14
3,1149,1,1,0,1,14
3,1165,1,1,0,1,14
3,1222,1,1,0,0,14
3,1233,1,1,1,0,14
3,1234,1,1,0,0,14
3,1291,1,1,0,0,14
3,1295,1,1,0,0,14
3,1297,1,1,0,0,14
3,1308,1,1,0,0,14
3,1315,1,1,0,0,14
3,1332,1,1,0,0,14
3,1338,1,1,0,0,14
3,1355,1,1,0,1,14
3,1370,1,1,1,0,14
3,1381,1,1,1,0,14
3,1412,1,1,0,0,14
3,1415,1,1,0,0,14
3,1442,1,1,0,0,14
3,1462,1,1,0,0,14
3,1486,1,1,0,0,14
3,1495,1,1,1,0,14
3,1498,1,1,1,0,14
3,1564,1,1,0,1,14
3,1602,1,1,0,1,14
3,1669,1,1,1,0,14
3,1687,1,1,0,0,14
3,1707,1,1,0,1,14
3,1711,1,1,0,1,14
3,1718,1,1,0,1,14
3,1742,1,1,0,0,14
3,1757,1,1,0,0,14
3,1763,1,1,0,1,14
3,1779,1,1,1,0,14
3,1814,1,1,0,0,14
3,1825,1,1,0,0,14
3,1844,1,1,0,0,14
3,1846,1,1,0,0,14
3,1865,1,1,0,0,14
3,1913,1,1,0,0,14
3,1918,1,1,0,0,14
3,1923,1,1,0,0,14
3,1945,1,1,0,0,14
3,1951,1,1,0,0,14
3,1995,1,1,0,0,14
3,2018,1,1,0,0,14
3,2023,1,1,0,0,14
3,2042,1,1,0,1,14
3,2045,1,1,0,0,14
3,2055,1,1,0,0,14
3,2058,1,1,0,0,14
3,2075,1,1,0,1,14
3,2103,1,1,0,1,14
3,2106,1,1,0,0,14
3,2113,1,1,0,0,14
3,2132,1,1,0,0,14
3,2202,1,1,0,0,14
3,2206,1,1,0,0,14
3,2214,1,1,0,1,14
3,2239,1,1,0,1,14
3,2249,1,1,0,0,14
3,2272,1,1,1,0,14
3,2275,1,1,0,0,14
3,2328,1,1,1,0,14
3,2335,1,1,0,0,14
3,2354,1,1,1,0,14
3,2393,1,1,0,1,14
3,2419,1,1,0,0,14
3,2467,1,1,0,0,14
3,2491,1,1,0,1,14
3,2492,1,1,0,0,14
4,24,2,1,0,0,0
4,25,2,1,1,0,0
4,53,2,1,0,1,0
4,58,2,1,0,0,0
4,86,2,1,1,0,0
4,89,2,1,0,0,0
4,103,2,1,0,1,0
4,122,2,1,0,0,0
4,156,2,1,0,0,0
4,158,2,1,0,0,0
4,175,2,1,1,0,0
4,206,2,1,0,1,0
4,218,2,1,0,1,0
4,232,2,1,0,0,0
4,242,2,1,1,0,0
4,245,2,1,0,1,0
4,252,2,1,0,0,0
4,295,2,1,0,0,0
4,310,2,1,1,0,0
4,319,2,1,0,1,0
4,332,2,1,0,1,0
4,334,2,1,0,0,0
4,335,2,1,1,0,0
4,342,2,1,1,0,0
4,345,2,1,0,0,0
4,356,2,1,1,0,0
4,361,2,1,0,1,0
4,390,2,1,0,1,0
4,391,2,1,1,0,0
4,394,2,1,0,0,0
4,404,2,1,1,0,0
4,412,2,1,0,0,0
4,427,2,1,1,0,0
4,438,2,1,0,0,0
4,458,2,1,0,0,0
4,461,2,1,0,1,0
4,510,2,1,0,0,0
4,553,2,1,0,0,0
4,569,2,1,0,0,0
4,571,2,1,0,1,0
4,592,2,1,0,0,0
4,612,2,1,0,0,0
4,616,2,1,0,1,0
4,634,2,1,0,0,0
4,635,2,1,0,1,0
4,692,2,1,0,0,0
4,701,2,1,0,0,0
4,709,2,1,0,1,0
4,787,2,1,0,1,0
4,807,2,1,0,0,0
4,815,2,1,0,0,0
4,827,2,1,1,0,0
4,830,2,1,1,0,0
4,845,2,1,0,0,0
4,853,2,1,1,0,0
4,873,2,1,0,0,0
4,890,2,1,0,0,0
4,933,2,1,0,0,0
4,973,2,1,0,0,0
4,1018,2,1,0,0,0
4,1031,2,1,1,0,0
4,1047,2,1,1,0,0
4,1089,2,1,0,0,0
4,1097,2,1,0,0,0
4,1143,2,1,0,0,0
4,1154,2,1,0,0,0
4,1173,2,1,0,0,0
4,1182,2,1,0,0,0
4,1188,2,1,0,1,0
4,1216,2,1,0,0,0
4,1262,2,1,0,1,0
4,1284,2,1,0,0,0
4,1333,2,1,0,1,0
4,1373,2,1,0,0,0
4,1386,2,1,1,0,0
4,1460,2,1,1,0,0
4,1481,2,1,1,0,0
4,1489,2,1,1,0,0
4,1515,2,1,0,0,0
4,1536,2,1,0,0,0
4,1552,2,1,1,0,0
4,1557,2,1,1,0,0
4,1586,2,1,0,0,0
4,1593,2,1,0,0,0
4,1616,2,1,0,1,0
4,1627,2,1,0,0,0
4,1652,2,1,0,0,0
4,1664,2,1,0,1,0
4,1701,2,1,1,0,0
4,1708,2,1,0,1,0
4,1716,2,1,0,0,0
4,1738,2,1,1,0,0
4,1744,2,1,0,0,0
4,1747,2,1,0,0,0
4,1774,2,1,0,0,0
4,1795,2,1,0,0,0
4,1796,2,1,0,0,0
4,1802,2,1,0,1,0
4,1822,2,1,0,0,0
4,1828,2,1,1,0,0
4,1858,2,1,0,1,0
4,1888,2,1,0,0,0
4,1920,2,1,0,0,0
4,1924,2,1,0,1,0
4,1939,2,1,0,1,0
4,1946,2,1,0,0,0
4,1979,2,1,0,0,0
4,2015,2,1,0,0,0
4,2071,2,1,1,0,0
4,2091,2,1,0,1,0
4,2093,2,1,1,0,0
4,2095,2,1,0,1,0
4,2119,2,1,0,1,0
4,2121,2,1,0,0,0
4,2128,2,1,0,1,0
4,2139,2,1,0,0,0
4,2172,2,1,0,1,0
4,2176,2,1,1,0,0
4,2181,2,1,0,1,0
4,2218,2,1,0,0,0
4,2222,2,1,0,0,0
4,2247,2,1,0,0,0
4,2282,2,1,0,1,0
4,2292,2,1,1,0,0
4,2327,2,1,1,0,0
4,2334,2,1,1,0,0
4,2337,2,1,0,1,0
4,2346,2,1,1,0,0
4,2378,2,1,1,0,0
4,2380,2,1,0,0,0
4,2385,2,1,0,0,0
4,2387,2,1,1,0,0
4,2420,2,1,0,0,0
4,2441,2,1,0,0,0
4,2449,2,1,0,1,0
4,2456,2,1,0,0,0
4,2465,2,1,0,0,0
4,2473,2,1,0,0,0
4,2498,2,1,0,0,0
4,2,1,1,0,1,1
4,7,1,1,0,1,1
4,61,1,1,0,0,1
4,130,1,1,1,0,1
4,138,1,1,0,0,1
4,150,1,1,0,0,1
4,154,1,1,0,0,1
4,155,1,1,0,0,1
4,159,1,1,0,1,1
4,176,1,1,0,0,1
4,185,1,1,0,0,1
4,193,1,1,0,0,1
4,200,1,1,0,0,1
4,203,1,1,0,0,1
4,209,1,1,0,0,1
4,210,1,1,0,1,1
4,235,1,1,0,0,1
4,251,1,1,0,0,1
4,253,1,1,0,1,1
4,254,1,1,0,1,1
4,260,1,1,0,1,1
4,271,1,1,0,1,1
4,280,1,1,0,1,1
4,283,1,1,0,0,1
4,284,1,1,0,0,1
4,298,1,1,0,1,1
4,317,1,1,0,1,1
4,318,1,1,1,0,1
4,324,1,1,0,0,1
4,328,1,1,0,0,1
4,336,1,1,0,1,1
4,347,1,1,0,1,1
4,372,1,1,0,0,1
4,378,1,1,0,0,1
4,410,1,1,1,0,1
4,419,1,1,0,0,1
4,430,1,1,0,0,1
4,434,1,1,0,0,1
4,462,1,1,0,1,1
4,469,1,1,1,0,1
4,472,1,1,0,1,1
4,496,1,1,0,0,1
4,524,1,1,0,0,1
4,545,1,1,0,0,1
4,558,1,1,0,0,1
4,565,1,1,0,1,1
4,597,1,1,0,0,1
4,604,1,1,0,0,1
4,619,1,1,0,0,1
4,622,1,1,0,0,1
4,631,1,1,0,1,1
4,647,1,1,0,1,1
4,655,1,1,1,0,1
4,662,1,1,1,0,1
4,711,1,1,1,0,1
4,717,1,1,1,0,1
4,744,1,1,0,1,1
4,752,1,1,0,1,1
4,766,1,1,0,0,1
4,769,1,1,0,0,1
4,777,1,1,0,1,1
4,795,1,1,0,0,1
4,797,1,1,0,0,1
4,803,1,1,1,0,1
4,833,1,1,0,0,1
4,848,1,1,0,1,1
4,896,1,1,0,0,1
4,923,1,1,1,0,1
4,925,1,1,1,0,1
4,940,1,1,0,1,1
4,951,1,1,0,0,1
4,960,1,1,1,0,1
4,977,1,1,0,0,1
4,981,1,1,0,0,1
4,995,1,1,1,0,1
4,1020,1,1,1,0,1
4,1024,1,1,1,0,1
4,1068,1,1,0,0,1
4,1082,1,1,0,0,1
4,1098,1,1,0,0,1
4,1106,1,1,0,0,1
4,1109,1,1,0,0,1
4,1147,1,1,0,1,1
4,1152,1,1,1,0,1
4,1157,1,1,0,0,1
4,1167,1,1,0,0,1
4,1170,1,1,0,0,1
4,1172,1,1,1,0,1
4,1177,1,1,1,0,1
4,1192,1,1,0,1,1
4,1208,1,1,0,0,1
4,1210,1,1,0,0,1
4,1225,1,1,0,1,1
4,1241,1,1,0,0,1
4,1242,1,1,0,1,1
4,1275,1,1,0,0,1
4,1276,1,1,0,0,1
4,1285,1,1,0,0,1
4,1287,1,1,1,0,1
4,1302,1,1,0,0,1
4,1305,1,1,0,0,1
4,1322,1,1,0,1,1
4,1368,1,1,1,0,1
4,1390,1,1,0,0,1
4,1404,1,1,0,1,1
4,1423,1,1,0,1,1
4,1437,1,1,0,0,1
4,1467,1,1,0,0,1
4,1474,1,1,0,0,1
4,1487,1,1,1,0,1
4,1494,1,1,0,0,1
4,1500,1,1,0,0,1
4,1503,1,1,0,1,1
4,1512,1,1,0,1,1
4,1530,1,1,0,0,1
4,1540,1,1,0,0,1
4,1555,1,1,1,0,1
4,1591,1,1,1,0,1
4,1603,1,1,0,1,1
4,1617,1,1,0,0,1
4,1630,1,1,0,1,1
4,1659,1,1,0,1,1
4,1662,1,1,1,0,1
4,1673,1,1,1,0,1
4,1689,1,1,0,1,1
4,1702,1,1,0,0,1
4,1710,1,1,0,0,1
4,1734,1,1,1,0,1
4,1797,1,1,0,0,1
4,1816,1,1,0,0,1
4,1820,1,1,1,0,1
4,1832,1,1,0,0,1
4,1863,1,1,0,0,1
4,1887,1,1,1,0,1
4,1896,1,1,0,0,1
4,1929,1,1,0,0,1
4,1941,1,1,0,1,1
4,1952,1,1,1,0,1
4,1955,1,1,0,0,1
4,1961,1,1,0,0,1
4,1966,1,1,0,0,1
4,1968,1,1,0,1,1
4,1980,1,1,1,0,1
4,1984,1,1,0,0,1
4,1988,1,1,0,1,1
4,1990,1,1,0,1,1
4,2000,1,1,0,0,1
4,2007,1,1,1,0,1
4,2033,1,1,0,0,1
4,2049,1,1,0,1,1
4,2068,1,1,0,1,1
4,2082,1,1,0,0,1
4,2096,1,1,1,0,1
4,2100,1,1,1,0,1
4,2108,1,1,1,0,1
4,2110,1,1,0,0,1
4,2141,1,1,1,0,1
4,2154,1,1,0,0,1
4,2158,1,1,0,0,1
4,2170,1,1,1,0,1
4,2184,1,1,0,0,1
4,2192,1,1,0,0,1
4,2217,1,1,1,0,1
4,2219,1,1,0,0,1
4,2225,1,1,0,0,1
4,2234,1,1,0,0,1
4,2242,1,1,1,0,1
4,2252,1,1,0,1,1
4,2258,1,1,0,1,1
4,2266,1,1,0,1,1
4,2271,1,1,0,1,1
4,2294,1,1,0,1,1
4,2300,1,1,1,0,1
4,2320,1,1,0,0,1
4,2324,1,1,1,0,1
4,2344,1,1,0,1,1
4,2347,1,1,0,0,1
4,2350,1,1,1,0,1
4,2353,1,1,0,0,1
4,2357,1,1,0,0,1
4,2372,1,1,0,1,1
4,2383,1,1,0,1,1
4,2399,1,1,0,0,1
4,2422,1,1,1,0,1
4,2424,1,1,0,0,1
4,2438,1,1,0,0,1
4,2452,1,1,0,1,1
4,2468,1,1,0,1,1
4,2488,1,1,0,1,1
4,18,1,1,1,0,2
4,39,1,1,0,0,2
4,40,1,1,0,1,2
4,67,1,1,0,0,2
4,74,1,1,0,0,2
4,76,1,1,0,0,2
4,95,1,1,0,0,2
4,97,1,1,1,0,2
4,98,1,1,0,0,2
4,115,1,1,0,0,2
4,125,1,1,0,0,2
4,126,1,1,0,0,2
4,170,1,1,0,0,2
4,179,1,1,0,0,2
4,181,1,1,0,1,2
4,205,1,1,0,1,2
4,212,1,1,0,1,2
4,214,1,1,0,0,2
4,219,1,1,0,0,2
4,226,1,1,0,1,2
4,241,1,1,0,1,2
4,246,1,1,1,0,2
4,285,1,1,0,0,2
4,302,1,1,0,0,2
4,308,1,1,0,0,2
4,320,1,1,0,0,2
4,322,1,1,0,0,2
4,323,1,1,0,1,2
4,325,1,1,0,0,2
4,349,1,1,0,0,2
4,354,1,1,1,0,2
4,363,1,1,0,0,2
4,365,1,1,1,0,2
4,370,1,1,1,0,2
4,402,1,1,0,1,2
4,417,1,1,0,1,2
4,444,1,1,0,0,2
4,456,1,1,0,0,2
4,505,1,1,0,1,2
4,516,1,1,0,0,2
4,531,1,1,0,1,2
4,559,1,1,1,0,2
4,583,1,1,0,0,2
4,611,1,1,0,1,2
4,621,1,1,0,0,2
4,627,1,1,1,0,2
4,628,1,1,0,0,2
4,646,1,1,1,0,2
4,653,1,1,0,1,2
4,659,1,1,0,1,2
4,684,1,1,1,0,2
4,691,1,1,1,0,2
4,713,1,1,0,0,2
4,714,1,1,1,0,2
4,715,1,1,1,0,2
4,749,1,1,0,1,2
4,751,1,1,1,0,2
4,770,1,1,0,1,2
4,786,1,1,0,0,2
4,836,1,1,0,1,2
4,884,1,1,0,0,2
4,892,1,1,0,0,2
4,900,1,1,0,0,2
4,907,1,1,0,1,2
4,930,1,1,0,0,2
4,934,1,1,0,0,2
4,941,1,1,0,0,2
4,942,1,1,0,0,2
4,948,1,1,0,1,2
4,952,1,1,0,0,2
4,957,1,1,0,0,2
4,959,1,1,0,0,2
4,969,1,1,0,0,2
4,982,1,1,0,0,2
4,984,1,1,0,0,2
4,986,1,1,1,0,2
4,992,1,1,1,0,2
4,997,1,1,0,1,2
4,1017,1,1,1,0,2
4,1021,1,1,0,0,2
4,1037,1,1,0,0,2
4,1056,1,1,0,0,2
4,1090,1,1,0,0,2
4,1096,1,1,0,1,2
4,1099,1,1,0,0,2
4,1105,1,1,0,0,2
4,1127,1,1,0,1,2
4,1130,1,1,0,0,2
4,1145,1,1,0,0,2
4,1150,1,1,0,0,2
4,1159,1,1,0,0,2
4,1162,1,1,1,0,2
4,1184,1,1,0,0,2
4,1190,1,1,0,1,2
4,1197,1,1,0,0,2
4,1207,1,1,0,1,2
4,1220,1,1,0,0,2
4,1238,1,1,0,0,2
4,1292,1,1,0,1,2
4,1299,1,1,0,0,2
4,1303,1,1,0,0,2
4,1312,1,1,1,0,2
4,1413,1,1,1,0,2
4,1427,1,1,0,0,2
4,1445,1,1,0,0,2
4,1482,1,1,1,0,2
4,1521,1,1,0,0,2
4,1522,1,1,0,0,2
4,1543,1,1,0,1,2
4,1546,1,1,0,0,2
4,1562,1,1,1,0,2
4,1582,1,1,0,1,2
4,1592,1,1,0,0,2
4,1618,1,1,0,0,2
4,1621,1,1,0,0,2
4,1631,1,1,0,0,2
4,1647,1,1,1,0,2
4,1665,1,1,0,0,2
4,1682,1,1,0,1,2
4,1683,1,1,0,0,2
4,1751,1,1,0,0,2
4,1760,1,1,0,1,2
4,1781,1,1,0,0,2
4,1786,1,1,0,1,2
4,1801,1,1,0,1,2
4,1807,1,1,0,0,2
4,1809,1,1,1,0,2
4,1815,1,1,0,0,2
4,1853,1,1,0,1,2
4,1881,1,1,0,1,2
4,1897,1,1,0,1,2
4,1905,1,1,0,0,2
4,1926,1,1,0,0,2
4,1963,1,1,0,0,2
4,1967,1,1,1,0,2
4,1969,1,1,0,0,2
4,1970,1,1,1,0,2
4,1971,1,1,1,0,2
4,1974,1,1,0,1,2
4,1991,1,1,0,1,2
4,1996,1,1,1,0,2
4,2009,1,1,0,0,2
4,2011,1,1,0,0,2
4,2032,1,1,0,1,2
4,2036,1,1,0,1,2
4,2046,1,1,1,0,2
4,2050,1,1,0,0,2
4,2063,1,1,0,0,2
4,2099,1,1,0,0,2
4,2112,1,1,0,0,2
4,2136,1,1,1,0,2
4,2142,1,1,0,0,2
4,2144,1,1,1,0,2
4,2150,1,1,0,0,2
4,2162,1,1,0,0,2
4,2166,1,1,0,1,2
4,2168,1,1,0,0,2
4,2194,1,1,0,0,2
4,2226,1,1,0,0,2
4,2281,1,1,1,0,2
4,2285,1,1,0,1,2
4,2297,1,1,0,1,2
4,2321,1,1,0,1,2
4,2342,1,1,1,0,2
4,2376,1,1,1,0,2
4,2388,1,1,0,0,2
4,2421,1,1,0,0,2
4,2423,1,1,0,0,2
4,2428,1,1,0,0,2
4,2444,1,1,0,1,2
4,2447,1,1,0,0,2
4,2448,1,1,0,1,2
4,2455,1,1,0,1,2
4,2466,1,1,0,0,2
4,2471,1,1,0,0,2
4,2483,1,1,0,0,2
4,2494,1,1,0,0,2
4,1,2,3,0,1,3
4,16,2,3,0,0,3
4,22,2,3,0,0,3
4,33,2,3,0,0,3
4,34,2,3,0,0,3
4,45,2,3,0,0,3
4,48,2,3,1,0,3
4,56,2,3,0,1,3
4,57,2,3,1,0,3
4,59,2,3,0,0,3
4,111,2,3,0,0,3
4,129,2,3,0,0,3
4,144,2,3,0,0,3
4,165,2,3,1,0,3
4,183,2,3,0,1,3
4,222,2,3,1,0,3
4,229,2,3,0,1,3
4,231,2,3,0,1,3
4,248,2,3,0,1,3
4,263,2,3,0,0,3
4,269,2,3,0,0,3
4,275,2,3,0,0,3
4,292,2,3,0,0,3
4,303,2,3,0,0,3
4,307,2,3,1,0,3
4,351,2,3,0,0,3
4,362,2,3,1,0,3
4,379,2,3,0,0,3
4,386,2,3,0,1,3
4,396,2,3,0,0,3
4,408,2,3,0,1,3
4,413,2,3,0,0,3
4,448,2,3,0,0,3
4,449,2,3,0,1,3
4,455,2,3,0,0,3
4,457,2,3,0,1,3
4,464,2,3,0,0,3
4,478,2,3,0,1,3
4,485,2,3,1,0,3
4,494,2,3,0,0,3
4,495,2,3,0,1,3
4,507,2,3,0,0,3
4,527,2,3,0,0,3
4,537,2,3,1,0,3
4,538,2,3,0,0,3
4,544,2,3,0,0,3
4,551,2,3,0,0,3
4,555,2,3,1,0,3
4,562,2,3,1,0,3
4,566,2,3,0,1,3
4,573,2,3,0,1,3
4,620,2,3,0,0,3
4,639,2,3,0,0,3
4,663,2,3,0,1,3
4,666,2,3,1,0,3
4,669,2,3,1,0,3
4,677,2,3,0,0,3
4,708,2,3,0,0,3
4,724,2,3,0,0,3
4,730,2,3,0,0,3
4,804,2,3,0,1,3
4,808,2,3,0,1,3
4,820,2,3,0,0,3
4,832,2,3,0,1,3
4,852,2,3,0,1,3
4,856,2,3,0,0,3
4,859,2,3,0,0,3
4,861,2,3,0,1,3
4,867,2,3,0,1,3
4,901,2,3,0,0,3
4,915,2,3,0,0,3
4,921,2,3,1,0,3
4,928,2,3,1,0,3
4,946,2,3,1,0,3
4,955,2,3,1,0,3
4,983,2,3,0,0,3
4,987,2,3,0,0,3
4,1026,2,3,0,0,3
4,1035,2,3,1,0,3
4,1050,2,3,0,0,3
4,1058,2,3,0,0,3
4,1111,2,3,1,0,3
4,1133,2,3,0,0,3
4,1138,2,3,0,1,3
4,1140,2,3,0,0,3
4,1151,2,3,0,0,3
4,1176,2,3,0,1,3
4,1178,2,3,0,1,3
4,1181,2,3,0,1,3
4,1185,2,3,0,0,3
4,1189,2,3,1,0,3
4,1195,2,3,0,0,3
4,1200,2,3,0,0,3
4,1218,2,3,0,1,3
4,1221,2,3,0,0,3
4,1226,2,3,1,0,3
4,1235,2,3,0,0,3
4,1251,2,3,0,0,3
4,1263,2,3,0,0,3
4,1283,2,3,0,0,3
4,1298,2,3,0,0,3
4,1327,2,3,0,0,3
4,1335,2,3,0,1,3
4,1351,2,3,1,0,3
4,1362,2,3,0,0,3
4,1372,2,3,0,1,3
4,1387,2,3,0,0,3
4,1394,2,3,1,0,3
4,1405,2,3,0,0,3
4,1417,2,3,0,1,3
4,1425,2,3,1,0,3
4,1439,2,3,0,0,3
4,1451,2,3,0,1,3
4,1458,2,3,0,1,3
4,1463,2,3,0,0,3
4,1469,2,3,0,0,3
4,1480,2,3,1,0,3
4,1484,2,3,0,0,3
4,1505,2,3,0,0,3
4,1506,2,3,1,0,3
4,1507,2,3,0,0,3
4,1529,2,3,0,0,3
4,1534,2,3,0,0,3
4,1537,2,3,0,1,3
4,1571,2,3,0,1,3
4,1573,2,3,0,0,3
4,1574,2,3,1,0,3
4,1575,2,3,0,0,3
4,1590,2,3,1,0,3
4,1606,2,3,0,0,3
4,1609,2,3,0,0,3
4,1636,2,3,0,0,3
4,1648,2,3,1,0,3
4,1653,2,3,0,0,3
4,1678,2,3,0,1,3
4,1695,2,3,0,1,3
4,1709,2,3,0,1,3
4,1721,2,3,0,0,3
4,1748,2,3,0,0,3
4,1770,2,3,1,0,3
4,1772,2,3,0,1,3
4,1780,2,3,0,0,3
4,1788,2,3,0,0,3
4,1803,2,3,0,1,3
4,1805,2,3,0,0,3
4,1834,2,3,0,1,3
4,1859,2,3,0,0,3
4,1861,2,3,1,0,3
4,1904,2,3,0,0,3
4,1907,2,3,0,0,3
4,1931,2,3,0,1,3
4,1947,2,3,1,0,3
4,1950,2,3,0,1,3
4,2013,2,3,0,0,3
4,2026,2,3,0,0,3
4,2040,2,3,1,0,3
4,2043,2,3,1,0,3
4,2065,2,3,0,0,3
4,2066,2,3,0,0,3
4,2080,2,3,0,1,3
4,2081,2,3,0,0,3
4,2114,2,3,0,0,3
4,2115,2,3,1,0,3
4,2133,2,3,0,0,3
4,2135,2,3,0,0,3
4,2148,2,3,1,0,3
4,2151,2,3,1,0,3
4,2152,2,3,0,0,3
4,2155,2,3,0,0,3
4,2178,2,3,1,0,3
4,2186,2,3,0,1,3
4,2197,2,3,0,1,3
4,2207,2,3,0,1,3
4,2231,2,3,0,1,3
4,2246,2,3,0,1,3
4,2262,2,3,0,0,3
4,2270,2,3,0,0,3
4,2273,2,3,0,1,3
4,2276,2,3,0,0,3
4,2278,2,3,0,1,3
4,2286,2,3,0,1,3
4,2309,2,3,1,0,3
4,2348,2,3,1,0,3
4,2369,2,3,0,1,3
4,2389,2,3,0,0,3
4,2395,2,3,0,1,3
4,2411,2,3,0,0,3
4,2417,2,3,1,0,3
4,2426,2,3,0,0,3
4,2430,2,3,0,0,3
4,2437,2,3,0,0,3
4,2457,2,3,0,0,3
4,2461,2,3,0,1,3
4,2487,2,3,1,0,3
4,14,1,1,1,0,4
4,17,1,1,0,1,4
4,30,1,1,0,0,4
4,31,1,1,0,0,4
4,47,1,1,0,0,4
4,82,1,1,0,0,4
4,84,1,1,0,0,4
4,85,1,1,0,1,4
4,142,1,1,0,0,4
4,146,1,1,0,0,4
4,157,1,1,0,1,4
4,160,1,1,0,0,4
4,171,1,1,1,0,4
4,182,1,1,0,1,4
4,188,1,1,0,0,4
4,189,1,1,0,0,4
4,215,1,1,0,0,4
4,221,1,1,0,0,4
4,225,1,1,0,0,4
4,230,1,1,1,0,4
4,233,1,1,1,0,4
4,237,1,1,0,0,4
4,238,1,1,0,1,4
4,240,1,1,0,0,4
4,249,1,1,1,0,4
4,265,1,1,0,1,4
4,270,1,1,0,1,4
4,297,1,1,0,1,4
4,299,1,1,0,0,4
4,337,1,1,0,0,4
4,338,1,1,0,0,4
4,340,1,1,1,0,4
4,366,1,1,0,0,4
4,368,1,1,1,0,4
4,376,1,1,0,0,4
4,389,1,1,1,0,4
4,400,1,1,1,0,4
4,415,1,1,0,0,4
4,421,1,1,0,0,4
4,428,1,1,0,0,4
4,443,1,1,0,0,4
4,454,1,1,0,0,4
4,466,1,1,0,1,4
4,470,1,1,0,1,4
4,488,1,1,0,1,4
4,492,1,1,0,0,4
4,493,1,1,0,1,4
4,502,1,1,0,0,4
4,525,1,1,0,0,4
4,548,1,1,0,0,4
4,575,1,1,0,0,4
4,585,1,1,0,0,4
4,598,1,1,0,1,4
4,601,1,1,0,1,4
4,617,1,1,1,0,4
4,654,1,1,0,0,4
4,657,1,1,0,0,4
4,670,1,1,1,0,4
4,679,1,1,0,0,4
4,683,1,1,0,0,4
4,685,1,1,0,1,4
4,703,1,1,0,0,4
4,706,1,1,1,0,4
4,722,1,1,0,1,4
4,723,1,1,0,0,4
4,726,1,1,1,0,4
4,733,1,1,0,0,4
4,750,1,1,1,0,4
4,771,1,1,1,0,4
4,788,1,1,1,0,4
4,789,1,1,0,0,4
4,790,1,1,1,0,4
4,796,1,1,0,0,4
4,800,1,1,0,0,4
4,825,1,1,0,0,4
4,841,1,1,0,1,4
4,863,1,1,0,0,4
4,887,1,1,0,0,4
4,888,1,1,0,1,4
4,891,1,1,0,0,4
4,898,1,1,0,0,4
4,903,1,1,1,0,4
4,906,1,1,1,0,4
4,912,1,1,0,1,4
4,916,1,1,0,1,4
4,927,1,1,0,0,4
4,944,1,1,0,0,4
4,961,1,1,0,0,4
4,964,1,1,0,0,4
4,970,1,1,1,0,4
4,991,1,1,1,0,4
4,996,1,1,0,1,4
4,1001,1,1,0,0,4
4,1029,1,1,0,0,4
4,1034,1,1,0,0,4
4,1053,1,1,1,0,4
4,1055,1,1,0,0,4
4,1064,1,1,0,1,4
4,1065,1,1,1,0,4
4,1072,1,1,0,0,4
4,1075,1,1,0,0,4
4,1088,1,1,1,0,4
4,1092,1,1,0,0,4
4,1104,1,1,0,0,4
4,1112,1,1,1,0,4
4,1115,1,1,0,1,4
4,1119,1,1,0,1,4
4,1121,1,1,0,1,4
4,1131,1,1,0,0,4
4,1132,1,1,0,1,4
4,1136,1,1,0,1,4
4,1139,1,1,1,0,4
4,1146,1,1,1,0,4
4,1168,1,1,1,0,4
4,1179,1,1,0,0,4
4,1180,1,1,0,0,4
4,1187,1,1,1,0,4
4,1198,1,1,1,0,4
4,1203,1,1,1,0,4
4,1213,1,1,0,1,4
4,1227,1,1,1,0,4
4,1244,1,1,0,0,4
4,1264,1,1,0,0,4
4,1272,1,1,0,0,4
4,1281,1,1,1,0,4
4,1289,1,1,0,1,4
4,1294,1,1,0,0,4
4,1326,1,1,0,0,4
4,1328,1,1,1,0,4
4,1331,1,1,0,0,4
4,1352,1,1,1,0,4
4,1358,1,1,0,0,4
4,1360,1,1,0,0,4
4,1361,1,1,0,1,4
4,1365,1,1,0,0,4
4,1377,1,1,1,0,4
4,1382,1,1,0,1,4
4,1400,1,1,0,0,4
4,1409,1,1,0,0,4
4,1418,1,1,0,0,4
4,1424,1,1,0,1,4
4,1430,1,1,1,0,4
4,1441,1,1,0,0,4
4,1446,1,1,0,0,4
4,1447,1,1,1,0,4
4,1471,1,1,0,1,4
4,1485,1,1,1,0,4
4,1492,1,1,0,0,4
4,1497,1,1,0,1,4
4,1499,1,1,0,0,4
4,1519,1,1,0,0,4
4,1528,1,1,0,0,4
4,1531,1,1,1,0,4
4,1539,1,1,0,1,4
4,1547,1,1,0,0,4
4,1554,1,1,0,1,4
4,1565,1,1,0,0,4
4,1567,1,1,0,0,4
4,1572,1,1,0,0,4
4,1584,1,1,1,0,4
4,1597,1,1,0,1,4
4,1615,1,1,0,0,4
4,1624,1,1,0,0,4
4,1625,1,1,0,0,4
4,1661,1,1,0,1,4
4,1668,1,1,1,0,4
4,1671,1,1,0,0,4
4,1694,1,1,0,1,4
4,1697,1,1,0,0,4
4,1703,1,1,1,0,4
4,1736,1,1,1,0,4
4,1739,1,1,1,0,4
4,1743,1,1,1,0,4
4,1759,1,1,0,1,4
4,1794,1,1,0,1,4
4,1800,1,1,0,0,4
4,1808,1,1,0,0,4
4,1813,1,1,1,0,4
4,1824,1,1,0,1,4
4,1827,1,1,0,1,4
4,1829,1,1,0,1,4
4,1835,1,1,0,1,4
4,1839,1,1,1,0,4
4,1856,1,1,0,0,4
4,1869,1,1,0,0,4
4,1872,1,1,0,0,4
4,1875,1,1,1,0,4
4,1884,1,1,1,0,4
4,1886,1,1,1,0,4
4,1890,1,1,0,0,4
4,1894,1,1,1,0,4
4,1899,1,1,0,0,4
4,1906,1,1,0,0,4
4,1930,1,1,0,0,4
4,1937,1,1,0,1,4
4,1938,1,1,0,1,4
4,1943,1,1,0,0,4
4,1964,1,1,0,1,4
4,1977,1,1,0,1,4
4,1978,1,1,0,0,4
4,1986,1,1,0,0,4
4,1999,1,1,1,0,4
4,2012,1,1,0,1,4
4,2025,1,1,0,0,4
4,2030,1,1,0,0,4
4,2073,1,1,0,0,4
4,2074,1,1,0,0,4
4,2087,1,1,0,1,4
4,2101,1,1,0,0,4
4,2102,1,1,0,0,4
4,2129,1,1,1,0,4
4,2130,1,1,0,0,4
4,2131,1,1,0,1,4
4,2138,1,1,0,0,4
4,2169,1,1,0,1,4
4,2198,1,1,1,0,4
4,2227,1,1,0,0,4
4,2237,1,1,1,0,4
4,2240,1,1,0,0,4
4,2250,1,1,1,0,4
4,2259,1,1,0,0,4
4,2280,1,1,0,0,4
4,2287,1,1,0,0,4
4,2288,1,1,0,0,4
4,2304,1,1,0,1,4
4,2316,1,1,1,0,4
4,2326,1,1,1,0,4
4,2351,1,1,0,1,4
4,2358,1,1,0,0,4
4,2370,1,1,1,0,4
4,2377,1,1,0,1,4
4,2381,1,1,0,0,4
4,2382,1,1,1,0,4
4,2408,1,1,0,0,4
4,2414,1,1,0,0,4
4,2418,1,1,1,0,4
4,2432,1,1,0,0,4
4,2433,1,1,0,1,4
4,2450,1,1,0,0,4
4,2454,1,1,1,0,4
4,2477,1,1,0,0,4
4,2478,1,1,0,1,4
4,2479,1,1,0,0,4
4,2490,1,1,0,1,4
4,2496,1,1,1,0,4
4,23,1,1,0,0,5
4,42,1,1,0,0,5
4,44,1,1,0,0,5
4,64,1,1,1,0,5
4,75,1,1,0,0,5
4,81,1,1,0,0,5
4,102,1,1,0,1,5
4,106,1,1,0,0,5
4,110,1,1,1,0,5
4,116,1,1,0,0,5
4,119,1,1,0,1,5
4,136,1,1,1,0,5
4,137,1,1,0,0,5
4,174,1,1,0,1,5
4,197,1,1,0,0,5
4,202,1,1,0,0,5
4,227,1,1,0,0,5
4,258,1,1,0,0,5
4,286,1,1,0,1,5
4,287,1,1,0,1,5
4,309,1,1,0,0,5
4,311,1,1,0,0,5
4,313,1,1,0,0,5
4,346,1,1,0,0,5
4,353,1,1,0,0,5
4,360,1,1,0,0,5
4,375,1,1,0,0,5
4,382,1,1,0,0,5
4,393,1,1,0,0,5
4,409,1,1,1,0,5
4,440,1,1,0,0,5
4,445,1,1,0,0,5
4,459,1,1,0,1,5
4,473,1,1,1,0,5
4,519,1,1,0,0,5
4,526,1,1,1,0,5
4,532,1,1,0,0,5
4,541,1,1,0,0,5
4,554,1,1,0,0,5
4,568,1,1,0,0,5
4,589,1,1,0,0,5
4,602,1,1,1,0,5
4,607,1,1,1,0,5
4,613,1,1,0,1,5
4,625,1,1,0,1,5
4,633,1,1,0,0,5
4,638,1,1,0,0,5
4,642,1,1,1,0,5
4,664,1,1,0,0,5
4,686,1,1,0,0,5
4,699,1,1,0,0,5
4,702,1,1,0,1,5
4,710,1,1,0,1,5
4,735,1,1,0,0,5
4,736,1,1,0,1,5
4,742,1,1,0,1,5
4,743,1,1,0,0,5
4,747,1,1,0,1,5
4,748,1,1,0,0,5
4,753,1,1,0,0,5
4,763,1,1,1,0,5
4,764,1,1,0,1,5
4,767,1,1,0,0,5
4,782,1,1,0,1,5
4,793,1,1,1,0,5
4,817,1,1,0,0,5
4,839,1,1,0,0,5
4,844,1,1,0,0,5
4,868,1,1,0,0,5
4,872,1,1,1,0,5
4,876,1,1,0,0,5
4,902,1,1,0,0,5
4,908,1,1,1,0,5
4,932,1,1,0,0,5
4,938,1,1,0,0,5
4,965,1,1,0,0,5
4,966,1,1,1,0,5
4,993,1,1,0,0,5
4,1006,1,1,0,1,5
4,1045,1,1,0,1,5
4,1051,1,1,0,0,5
4,1052,1,1,1,0,5
4,1059,1,1,1,0,5
4,1066,1,1,1,0,5
4,1067,1,1,0,0,5
4,1073,1,1,1,0,5
4,1074,1,1,0,0,5
4,1084,1,1,0,0,5
4,1091,1,1,0,0,5
4,1120,1,1,0,0,5
4,1123,1,1,0,1,5
4,1125,1,1,0,0,5
4,1134,1,1,1,0,5
4,1169,1,1,0,0,5
4,1174,1,1,1,0,5
4,1193,1,1,0,1,5
4,1211,1,1,0,1,5
4,1228,1,1,0,0,5
4,1231,1,1,0,0,5
4,1245,1,1,0,0,5
4,1248,1,1,0,1,5
4,1258,1,1,0,0,5
4,1278,1,1,1,0,5
4,1282,1,1,0,0,5
4,1288,1,1,0,0,5
4,1296,1,1,0,0,5
4,1304,1,1,0,1,5
4,1307,1,1,1,0,5
4,1334,1,1,0,0,5
4,1347,1,1,0,0,5
4,1350,1,1,0,0,5
4,1359,1,1,0,0,5
4,1369,1,1,0,1,5
4,1376,1,1,0,0,5
4,1385,1,1,0,0,5
4,1391,1,1,0,1,5
4,1396,1,1,1,0,5
4,1402,1,1,0,0,5
4,1428,1,1,0,0,5
4,1435,1,1,0,0,5
4,1449,1,1,0,0,5
4,1457,1,1,1,0,5
4,1476,1,1,1,0,5
4,1488,1,1,0,1,5
4,1509,1,1,0,1,5
4,1511,1,1,0,1,5
4,1513,1,1,0,0,5
4,1525,1,1,0,0,5
4,1533,1,1,1,0,5
4,1542,1,1,0,0,5
4,1553,1,1,0,0,5
4,1577,1,1,0,0,5
4,1594,1,1,0,1,5
4,1635,1,1,0,0,5
4,1672,1,1,0,0,5
4,1681,1,1,0,0,5
4,1692,1,1,1,0,5
4,1713,1,1,1,0,5
4,1764,1,1,1,0,5
4,1769,1,1,0,0,5
4,1771,1,1,1,0,5
4,1791,1,1,0,0,5
4,1811,1,1,0,0,5
4,1819,1,1,0,1,5
4,1821,1,1,1,0,5
4,1826,1,1,1,0,5
4,1837,1,1,0,0,5
4,1838,1,1,0,0,5
4,1842,1,1,0,0,5
4,1848,1,1,0,1,5
4,1870,1,1,0,1,5
4,1878,1,1,1,0,5
4,1880,1,1,1,0,5
4,1883,1,1,1,0,5
4,1891,1,1,0,1,5
4,1910,1,1,0,0,5
4,1919,1,1,1,0,5
4,1944,1,1,0,0,5
4,1962,1,1,0,0,5
4,1994,1,1,0,1,5
4,2019,1,1,0,1,5
4,2028,1,1,0,1,5
4,2037,1,1,0,0,5
4,2041,1,1,1,0,5
4,2048,1,1,1,0,5
4,2054,1,1,0,1,5
4,2057,1,1,0,1,5
4,2069,1,1,0,1,5
4,2085,1,1,1,0,5
4,2089,1,1,1,0,5
4,2120,1,1,1,0,5
4,2122,1,1,0,0,5
4,2140,1,1,0,0,5
4,2143,1,1,0,0,5
4,2153,1,1,0,0,5
4,2157,1,1,1,0,5
4,2159,1,1,0,0,5
4,2165,1,1,1,0,5
4,2171,1,1,1,0,5
4,2177,1,1,1,0,5
4,2180,1,1,1,0,5
4,2187,1,1,1,0,5
4,2191,1,1,0,0,5
4,2203,1,1,0,0,5
4,2215,1,1,1,0,5
4,2224,1,1,0,0,5
4,2267,1,1,0,0,5
4,2274,1,1,0,1,5
4,2283,1,1,0,0,5
4,2284,1,1,0,1,5
4,2290,1,1,0,0,5
4,2296,1,1,0,0,5
4,2303,1,1,0,0,5
4,2308,1,1,0,0,5
4,2336,1,1,1,0,5
4,2339,1,1,0,0,5
4,2361,1,1,0,0,5
4,2368,1,1,0,1,5
4,2415,1,1,0,1,5
4,2416,1,1,0,0,5
4,2425,1,1,0,1,5
4,2442,1,1,1,0,5
4,2462,1,1,0,0,5
4,2475,1,1,1,0,5
4,2486,1,1,0,0,5
4,21,1,2,0,2,6
4,26,1,2,0,0,6
4,63,1,2,0,0,6
4,72,1,2,1,0,6
4,78,1,2,0,0,6
4,93,1,2,0,2,6
4,100,1,2,1,0,6
4,104,1,2,0,2,6
4,108,1,2,0,2,6
4,151,1,2,1,0,6
4,173,1,2,0,0,6
4,194,1,2,0,2,6
4,256,1,2,0,0,6
4,259,1,2,0,0,6
4,264,1,2,0,2,6
4,321,1,2,0,1,6
4,352,1,2,1,0,6
4,357,1,2,0,1,6
4,392,1,2,1,0,6
4,414,1,2,0,0,6
4,425,1,2,0,0,6
4,437,1,2,1,0,6
4,453,1,2,0,2,6
4,476,1,2,1,0,6
4,486,1,2,0,2,6
4,514,1,2,1,0,6
4,533,1,2,0,0,6
4,539,1,2,0,0,6
4,542,1,2,0,0,6
4,549,1,2,0,0,6
4,576,1,2,0,0,6
4,590,1,2,1,0,6
4,599,1,2,0,0,6
4,600,1,2,0,2,6
4,603,1,2,0,2,6
4,623,1,2,0,0,6
4,630,1,2,0,1,6
4,652,1,2,0,2,6
4,667,1,2,0,0,6
4,671,1,2,1,0,6
4,672,1,2,0,0,6
4,682,1,2,0,0,6
4,731,1,2,0,0,6
4,738,1,2,0,0,6
4,759,1,2,0,0,6
4,760,1,2,1,0,6
4,779,1,2,0,0,6
4,798,1,2,0,0,6
4,828,1,2,0,0,6
4,829,1,2,0,1,6
4,834,1,2,0,0,6
4,849,1,2,0,0,6
4,860,1,2,0,0,6
4,865,1,2,0,0,6
4,869,1,2,0,0,6
4,877,1,2,1,0,6
4,883,1,2,1,0,6
4,920,1,2,0,0,6
4,958,1,2,0,0,6
4,985,1,2,1,0,6
4,1010,1,2,1,0,6
4,1012,1,2,1,0,6
4,1023,1,2,0,2,6
4,1046,1,2,0,0,6
4,1062,1,2,0,1,6
4,1063,1,2,0,2,6
4,1071,1,2,0,0,6
4,1077,1,2,1,0,6
4,1079,1,2,0,2,6
4,1081,1,2,0,0,6
4,1086,1,2,1,0,6
4,1093,1,2,0,2,6
4,1108,1,2,1,0,6
4,1164,1,2,0,0,6
4,1166,1,2,0,2,6
4,1171,1,2,1,0,6
4,1201,1,2,0,0,6
4,1205,1,2,0,1,6
4,1217,1,2,0,0,6
4,1249,1,2,0,2,6
4,1250,1,2,0,0,6
4,1269,1,2,0,0,6
4,1271,1,2,0,0,6
4,1274,1,2,0,0,6
4,1280,1,2,0,2,6
4,1301,1,2,0,0,6
4,1309,1,2,0,0,6
4,1311,1,2,0,2,6
4,1325,1,2,0,0,6
4,1340,1,2,1,0,6
4,1343,1,2,1,0,6
4,1353,1,2,0,0,6
4,1357,1,2,0,0,6
4,1395,1,2,0,0,6
4,1397,1,2,0,0,6
4,1411,1,2,0,0,6
4,1420,1,2,1,0,6
4,1432,1,2,0,2,6
4,1490,1,2,0,0,6
4,1518,1,2,1,0,6
4,1527,1,2,0,0,6
4,1585,1,2,1,0,6
4,1598,1,2,0,0,6
4,1640,1,2,1,0,6
4,1657,1,2,0,0,6
4,1693,1,2,0,2,6
4,1705,1,2,0,0,6
4,1720,1,2,0,0,6
4,1730,1,2,0,2,6
4,1731,1,2,0,0,6
4,1755,1,2,0,2,6
4,1756,1,2,0,0,6
4,1775,1,2,0,1,6
4,1790,1,2,1,0,6
4,1799,1,2,1,0,6
4,1806,1,2,0,0,6
4,1818,1,2,0,0,6
4,1831,1,2,1,0,6
4,1845,1,2,0,2,6
4,1885,1,2,0,0,6
4,1895,1,2,0,0,6
4,1909,1,2,0,0,6
4,1914,1,2,0,2,6
4,1935,1,2,1,0,6
4,1953,1,2,1,0,6
4,1957,1,2,0,0,6
4,1960,1,2,1,0,6
4,1975,1,2,1,0,6
4,1992,1,2,1,0,6
4,1998,1,2,0,0,6
4,2002,1,2,0,2,6
4,2020,1,2,0,0,6
4,2034,1,2,0,2,6
4,2035,1,2,0,0,6
4,2056,1,2,1,0,6
4,2083,1,2,0,0,6
4,2084,1,2,0,0,6
4,2117,1,2,0,0,6
4,2124,1,2,0,0,6
4,2125,1,2,0,0,6
4,2126,1,2,0,0,6
4,2210,1,2,0,0,6
4,2293,1,2,1,0,6
4,2298,1,2,0,2,6
4,2301,1,2,0,2,6
4,2305,1,2,0,0,6
4,2315,1,2,0,0,6
4,2356,1,2,1,0,6
4,2360,1,2,0,0,6
4,2407,1,2,0,0,6
4,2427,1,2,0,0,6
4,2429,1,2,0,2,6
4,2440,1,2,0,0,6
4,15,1,1,0,0,7
4,65,1,1,0,1,7
4,79,1,1,1,0,7
4,83,1,1,0,1,7
4,87,1,1,0,0,7
4,94,1,1,1,0,7
4,107,1,1,0,1,7
4,114,1,1,0,0,7
4,118,1,1,0,1,7
4,123,1,1,0,1,7
4,139,1,1,0,0,7
4,172,1,1,0,1,7
4,178,1,1,0,0,7
4,186,1,1,0,0,7
4,191,1,1,0,1,7
4,199,1,1,0,1,7
4,207,1,1,0,0,7
4,208,1,1,0,0,7
4,228,1,1,0,1,7
4,234,1,1,0,0,7
4,255,1,1,1,0,7
4,272,1,1,0,0,7
4,273,1,1,0,1,7
4,278,1,1,1,0,7
4,289,1,1,0,0,7
4,343,1,1,0,0,7
4,380,1,1,1,0,7
4,385,1,1,0,1,7
4,398,1,1,0,1,7
4,416,1,1,1,0,7
4,422,1,1,0,1,7
4,426,1,1,1,0,7
4,429,1,1,0,1,7
4,436,1,1,1,0,7
4,439,1,1,0,0,7
4,450,1,1,1,0,7
4,509,1,1,0,0,7
4,515,1,1,1,0,7
4,521,1,1,0,0,7
4,522,1,1,1,0,7
4,529,1,1,0,0,7
4,578,1,1,1,0,7
4,584,1,1,0,1,7
4,618,1,1,0,0,7
4,624,1,1,0,0,7
4,648,1,1,0,0,7
4,650,1,1,0,1,7
4,676,1,1,0,0,7
4,681,1,1,1,0,7
4,688,1,1,0,0,7
4,693,1,1,0,0,7
4,696,1,1,0,0,7
4,718,1,1,0,0,7
4,721,1,1,0,0,7
4,737,1,1,1,0,7
4,741,1,1,1,0,7
4,745,1,1,0,0,7
4,772,1,1,0,1,7
4,801,1,1,0,0,7
4,802,1,1,0,0,7
4,826,1,1,1,0,7
4,843,1,1,0,1,7
4,855,1,1,0,1,7
4,905,1,1,1,0,7
4,910,1,1,0,0,7
4,926,1,1,1,0,7
4,937,1,1,0,0,7
4,947,1,1,0,0,7
4,975,1,1,0,0,7
4,976,1,1,1,0,7
4,978,1,1,0,0,7
4,990,1,1,1,0,7
4,1004,1,1,1,0,7
4,1005,1,1,1,0,7
4,1013,1,1,1,0,7
4,1016,1,1,0,1,7
4,1032,1,1,1,0,7
4,1076,1,1,0,0,7
4,1095,1,1,1,0,7
4,1102,1,1,0,1,7
4,1114,1,1,0,0,7
4,1118,1,1,0,0,7
4,1148,1,1,0,0,7
4,1156,1,1,0,1,7
4,1163,1,1,0,0,7
4,1196,1,1,0,0,7
4,1204,1,1,1,0,7
4,1214,1,1,0,0,7
4,1232,1,1,0,0,7
4,1240,1,1,0,0,7
4,1310,1,1,1,0,7
4,1313,1,1,1,0,7
4,1314,1,1,1,0,7
4,1320,1,1,1,0,7
4,1330,1,1,0,0,7
4,1341,1,1,1,0,7
4,1346,1,1,0,0,7
4,1399,1,1,1,0,7
4,1421,1,1,1,0,7
4,1426,1,1,0,0,7
4,1434,1,1,1,0,7
4,1450,1,1,0,0,7
4,1459,1,1,0,0,7
4,1473,1,1,0,0,7
4,1479,1,1,1,0,7
4,1516,1,1,1,0,7
4,1558,1,1,1,0,7
4,1559,1,1,0,0,7
4,1581,1,1,1,0,7
4,1583,1,1,0,0,7
4,1637,1,1,1,0,7
4,1642,1,1,0,0,7
4,1646,1,1,0,0,7
4,1667,1,1,0,0,7
4,1674,1,1,0,1,7
4,1717,1,1,1,0,7
4,1723,1,1,1,0,7
4,1726,1,1,0,0,7
4,1740,1,1,0,1,7
4,1749,1,1,0,0,7
4,1768,1,1,0,0,7
4,1783,1,1,0,1,7
4,1785,1,1,0,1,7
4,1833,1,1,0,0,7
4,1843,1,1,0,0,7
4,1847,1,1,0,1,7
4,1866,1,1,0,0,7
4,1876,1,1,0,0,7
4,1902,1,1,1,0,7
4,1927,1,1,0,0,7
4,1933,1,1,0,0,7
4,1976,1,1,0,1,7
4,1987,1,1,0,0,7
4,1997,1,1,0,0,7
4,2006,1,1,0,1,7
4,2022,1,1,0,0,7
4,2024,1,1,0,1,7
4,2052,1,1,0,0,7
4,2094,1,1,0,1,7
4,2097,1,1,0,0,7
4,2111,1,1,1,0,7
4,2116,1,1,0,1,7
4,2127,1,1,0,1,7
4,2146,1,1,0,0,7
4,2167,1,1,1,0,7
4,2195,1,1,1,0,7
4,2199,1,1,0,0,7
4,2205,1,1,0,1,7
4,2229,1,1,0,0,7
4,2244,1,1,1,0,7
4,2248,1,1,1,0,7
4,2254,1,1,1,0,7
4,2256,1,1,0,0,7
4,2310,1,1,1,0,7
4,2314,1,1,0,1,7
4,2319,1,1,1,0,7
4,2355,1,1,1,0,7
4,2365,1,1,0,0,7
4,2396,1,1,0,1,7
4,2446,1,1,0,0,7
4,2459,1,1,0,0,7
4,2472,1,1,1,0,7
4,19,3,3,0,3,8
4,29,3,3,0,0,8
4,55,3,3,0,0,8
4,124,3,3,0,0,8
4,162,3,3,0,3,8
4,198,3,3,0,3,8
4,216,3,3,0,0,8
4,220,3,3,0,0,8
4,290,3,3,0,0,8
4,316,3,3,0,3,8
4,327,3,3,0,0,8
4,348,3,3,3,0,8
4,358,3,3,0,3,8
4,367,3,3,0,0,8
4,373,3,3,1,0,8
4,403,3,3,0,0,8
4,432,3,3,0,0,8
4,482,3,3,0,0,8
4,498,3,3,3,0,8
4,504,3,3,0,0,8
4,506,3,3,3,0,8
4,513,3,3,0,0,8
4,536,3,3,0,1,8
4,543,3,3,0,3,8
4,550,3,3,0,0,8
4,556,3,3,0,0,8
4,561,3,3,0,0,8
4,572,3,3,0,3,8
4,580,3,3,0,3,8
4,591,3,3,3,0,8
4,605,3,3,0,3,8
4,641,3,3,0,0,8
4,658,3,3,0,3,8
4,674,3,3,0,1,8
4,690,3,3,0,3,8
4,700,3,3,0,0,8
4,757,3,3,0,0,8
4,778,3,3,0,0,8
4,810,3,3,0,3,8
4,838,3,3,0,0,8
4,840,3,3,3,0,8
4,842,3,3,0,0,8
4,846,3,3,0,3,8
4,885,3,3,0,3,8
4,889,3,3,3,0,8
4,909,3,3,0,0,8
4,919,3,3,3,0,8
4,963,3,3,0,1,8
4,988,3,3,0,3,8
4,1003,3,3,3,0,8
4,1011,3,3,0,0,8
4,1022,3,3,1,0,8
4,1025,3,3,0,0,8
4,1033,3,3,3,0,8
4,1060,3,3,0,0,8
4,1070,3,3,0,3,8
4,1113,3,3,0,3,8
4,1122,3,3,0,0,8
4,1158,3,3,0,3,8
4,1161,3,3,3,0,8
4,1186,3,3,3,0,8
4,1199,3,3,3,0,8
4,1209,3,3,0,3,8
4,1224,3,3,0,0,8
4,1243,3,3,0,0,8
4,1254,3,3,0,0,8
4,1268,3,3,0,0,8
4,1286,3,3,0,1,8
4,1290,3,3,0,0,8
4,1374,3,3,0,0,8
4,1378,3,3,3,0,8
4,1379,3,3,3,0,8
4,1380,3,3,3,0,8
4,1401,3,3,0,3,8
4,1403,3,3,0,0,8
4,1406,3,3,0,3,8
4,1443,3,3,0,0,8
4,1444,3,3,0,0,8
4,1464,3,3,0,0,8
4,1465,3,3,0,0,8
4,1496,3,3,0,3,8
4,1550,3,3,0,0,8
4,1568,3,3,0,0,8
4,1587,3,3,0,0,8
4,1604,3,3,3,0,8
4,1619,3,3,0,3,8
4,1634,3,3,0,0,8
4,1651,3,3,0,0,8
4,1666,3,3,0,0,8
4,1691,3,3,0,0,8
4,1699,3,3,3,0,8
4,1722,3,3,3,0,8
4,1725,3,3,0,0,8
4,1746,3,3,3,0,8
4,1750,3,3,0,0,8
4,1765,3,3,1,0,8
4,1817,3,3,0,0,8
4,1854,3,3,3,0,8
4,1857,3,3,0,0,8
4,1864,3,3,0,3,8
4,1898,3,3,0,3,8
4,1901,3,3,3,0,8
4,1949,3,3,3,0,8
4,2005,3,3,1,0,8
4,2017,3,3,0,3,8
4,2059,3,3,0,3,8
4,2076,3,3,0,0,8
4,2078,3,3,1,0,8
4,2105,3,3,0,0,8
4,2160,3,3,0,0,8
4,2175,3,3,0,0,8
4,2179,3,3,0,0,8
4,2189,3,3,0,3,8
4,2196,3,3,3,0,8
4,2201,3,3,3,0,8
4,2204,3,3,0,0,8
4,2220,3,3,0,0,8
4,2230,3,3,0,1,8
4,2253,3,3,0,3,8
4,2268,3,3,0,0,8
4,2340,3,3,0,3,8
4,2367,3,3,0,3,8
4,2379,3,3,0,3,8
4,2384,3,3,0,0,8
4,2398,3,3,3,0,8
4,2404,3,3,0,0,8
4,2445,3,3,0,0,8
4,2453,3,3,0,0,8
4,2489,3,3,0,0,8
4,10,1,1,0,1,9
4,12,1,1,0,0,9
4,41,1,1,0,1,9
4,62,1,1,0,0,9
4,113,1,1,0,1,9
4,117,1,1,0,0,9
4,121,1,1,1,0,9
4,141,1,1,0,0,9
4,149,1,1,0,0,9
4,153,1,1,0,1,9
4,164,1,1,0,1,9
4,167,1,1,0,1,9
4,180,1,1,1,0,9
4,187,1,1,0,0,9
4,196,1,1,0,0,9
4,257,1,1,1,0,9
4,276,1,1,0,1,9
4,300,1,1,0,0,9
4,301,1,1,0,1,9
4,304,1,1,0,0,9
4,314,1,1,0,1,9
4,344,1,1,1,0,9
4,371,1,1,0,0,9
4,411,1,1,0,0,9
4,423,1,1,1,0,9
4,447,1,1,0,0,9
4,465,1,1,0,1,9
4,471,1,1,0,0,9
4,483,1,1,0,0,9
4,546,1,1,0,0,9
4,552,1,1,0,0,9
4,563,1,1,0,0,9
4,567,1,1,1,0,9
4,577,1,1,1,0,9
4,587,1,1,0,0,9
4,588,1,1,1,0,9
4,594,1,1,1,0,9
4,595,1,1,0,0,9
4,609,1,1,0,0,9
4,643,1,1,0,0,9
4,649,1,1,0,0,9
4,704,1,1,0,0,9
4,707,1,1,0,1,9
4,712,1,1,0,0,9
4,716,1,1,0,0,9
4,720,1,1,0,1,9
4,729,1,1,0,0,9
4,746,1,1,0,0,9
4,768,1,1,0,0,9
4,781,1,1,0,1,9
4,794,1,1,1,0,9
4,809,1,1,0,0,9
4,811,1,1,0,0,9
4,814,1,1,0,0,9
4,816,1,1,1,0,9
4,818,1,1,1,0,9
4,831,1,1,0,0,9
4,835,1,1,0,1,9
4,858,1,1,0,0,9
4,866,1,1,0,0,9
4,886,1,1,0,0,9
4,897,1,1,1,0,9
4,899,1,1,0,0,9
4,922,1,1,0,1,9
4,924,1,1,0,0,9
4,950,1,1,1,0,9
4,962,1,1,1,0,9
4,1000,1,1,0,0,9
4,1042,1,1,0,1,9
4,1044,1,1,0,0,9
4,1049,1,1,1,0,9
4,1054,1,1,0,0,9
4,1110,1,1,0,1,9
4,1117,1,1,0,1,9
4,1124,1,1,1,0,9
4,1144,1,1,1,0,9
4,1155,1,1,0,0,9
4,1160,1,1,0,1,9
4,1191,1,1,0,0,9
4,1206,1,1,0,1,9
4,1229,1,1,0,1,9
4,1252,1,1,0,0,9
4,1257,1,1,0,1,9
4,1261,1,1,0,0,9
4,1266,1,1,0,0,9
4,1270,1,1,1,0,9
4,1277,1,1,0,0,9
4,1279,1,1,1,0,9
4,1323,1,1,0,0,9
4,1342,1,1,0,0,9
4,1344,1,1,1,0,9
4,1349,1,1,0,0,9
4,1393,1,1,0,1,9
4,1398,1,1,1,0,9
4,1414,1,1,1,0,9
4,1422,1,1,0,0,9
4,1429,1,1,0,1,9
4,1436,1,1,0,0,9
4,1440,1,1,0,0,9
4,1453,1,1,1,0,9
4,1483,1,1,0,1,9
4,1491,1,1,0,0,9
4,1504,1,1,0,1,9
4,1510,1,1,0,1,9
4,1538,1,1,0,1,9
4,1548,1,1,1,0,9
4,1549,1,1,1,0,9
4,1561,1,1,0,0,9
4,1589,1,1,0,0,9
4,1612,1,1,0,0,9
4,1620,1,1,0,0,9
4,1645,1,1,0,0,9
4,1658,1,1,0,1,9
4,1676,1,1,1,0,9
4,1696,1,1,0,1,9
4,1700,1,1,0,0,9
4,1706,1,1,0,0,9
4,1729,1,1,0,1,9
4,1732,1,1,0,0,9
4,1733,1,1,0,0,9
4,1741,1,1,0,1,9
4,1752,1,1,1,0,9
4,1758,1,1,0,0,9
4,1762,1,1,0,0,9
4,1766,1,1,1,0,9
4,1778,1,1,0,0,9
4,1793,1,1,0,0,9
4,1812,1,1,0,1,9
4,1868,1,1,0,1,9
4,1873,1,1,0,0,9
4,1912,1,1,0,1,9
4,1948,1,1,0,0,9
4,1959,1,1,1,0,9
4,1973,1,1,0,0,9
4,1982,1,1,0,1,9
4,1983,1,1,0,1,9
4,1985,1,1,0,0,9
4,2008,1,1,0,0,9
4,2039,1,1,0,0,9
4,2047,1,1,0,0,9
4,2053,1,1,0,1,9
4,2067,1,1,0,1,9
4,2104,1,1,0,1,9
4,2107,1,1,0,0,9
4,2109,1,1,0,1,9
4,2137,1,1,0,0,9
4,2161,1,1,0,0,9
4,2163,1,1,0,0,9
4,2182,1,1,0,0,9
4,2190,1,1,0,1,9
4,2235,1,1,0,0,9
4,2238,1,1,0,1,9
4,2241,1,1,1,0,9
4,2251,1,1,0,0,9
4,2307,1,1,0,1,9
4,2311,1,1,0,1,9
4,2318,1,1,0,0,9
4,2322,1,1,0,1,9
4,2325,1,1,1,0,9
4,2329,1,1,1,0,9
4,2331,1,1,0,1,9
4,2333,1,1,0,0,9
4,2352,1,1,0,0,9
4,2386,1,1,0,1,9
4,2390,1,1,0,0,9
4,2397,1,1,1,0,9
4,2405,1,1,1,0,9
4,2409,1,1,0,0,9
4,2410,1,1,1,0,9
4,2413,1,1,0,1,9
4,2435,1,1,0,0,9
4,2436,1,1,1,0,9
4,2443,1,1,0,0,9
4,2469,1,1,1,0,9
4,2482,1,1,1,0,9
4,2499,1,1,0,0,9
4,32,1,1,0,1,10
4,35,1,1,0,0,10
4,90,1,1,0,1,10
4,92,1,1,0,0,10
4,96,1,1,0,0,10
4,120,1,1,0,0,10
4,127,1,1,0,0,10
4,132,1,1,0,0,10
4,163,1,1,1,0,10
4,166,1,1,0,0,10
4,177,1,1,0,0,10
4,224,1,1,0,0,10
4,247,1,1,0,0,10
4,261,1,1,0,0,10
4,267,1,1,0,0,10
4,282,1,1,0,1,10
4,305,1,1,1,0,10
4,326,1,1,0,0,10
4,330,1,1,0,0,10
4,350,1,1,0,0,10
4,369,1,1,0,0,10
4,381,1,1,1,0,10
4,383,1,1,0,0,10
4,401,1,1,0,0,10
4,424,1,1,0,0,10
4,435,1,1,0,0,10
4,452,1,1,0,1,10
4,481,1,1,1,0,10
4,497,1,1,1,0,10
4,500,1,1,0,0,10
4,511,1,1,0,0,10
4,528,1,1,0,0,10
4,547,1,1,1,0,10
4,564,1,1,0,1,10
4,574,1,1,1,0,10
4,593,1,1,0,0,10
4,629,1,1,0,0,10
4,665,1,1,0,0,10
4,675,1,1,0,0,10
4,680,1,1,0,0,10
4,689,1,1,0,1,10
4,705,1,1,0,0,10
4,719,1,1,0,1,10
4,739,1,1,0,1,10
4,755,1,1,1,0,10
4,756,1,1,1,0,10
4,758,1,1,1,0,10
4,761,1,1,0,0,10
4,765,1,1,0,0,10
4,773,1,1,0,0,10
4,774,1,1,0,0,10
4,780,1,1,0,1,10
4,784,1,1,0,1,10
4,792,1,1,0,1,10
4,806,1,1,1,0,10
4,823,1,1,1,0,10
4,837,1,1,0,0,10
4,857,1,1,1,0,10
4,871,1,1,0,1,10
4,878,1,1,1,0,10
4,879,1,1,0,0,10
4,882,1,1,1,0,10
4,893,1,1,0,1,10
4,945,1,1,0,1,10
4,971,1,1,0,0,10
4,979,1,1,0,0,10
4,994,1,1,1,0,10
4,999,1,1,0,0,10
4,1039,1,1,0,0,10
4,1043,1,1,0,0,10
4,1101,1,1,0,0,10
4,1142,1,1,0,0,10
4,1153,1,1,1,0,10
4,1202,1,1,1,0,10
4,1255,1,1,0,0,10
4,1300,1,1,1,0,10
4,1318,1,1,1,0,10
4,1329,1,1,0,0,10
4,1339,1,1,0,0,10
4,1354,1,1,0,1,10
4,1383,1,1,1,0,10
4,1384,1,1,0,0,10
4,1388,1,1,0,1,10
4,1410,1,1,0,0,10
4,1454,1,1,0,0,10
4,1466,1,1,0,0,10
4,1475,1,1,0,0,10
4,1493,1,1,1,0,10
4,1502,1,1,0,0,10
4,1514,1,1,0,0,10
4,1520,1,1,0,0,10
4,1523,1,1,0,1,10
4,1532,1,1,0,0,10
4,1560,1,1,0,0,10
4,1595,1,1,1,0,10
4,1605,1,1,1,0,10
4,1613,1,1,1,0,10
4,1623,1,1,0,1,10
4,1628,1,1,0,0,10
4,1632,1,1,0,1,10
4,1679,1,1,0,1,10
4,1684,1,1,0,1,10
4,1685,1,1,0,0,10
4,1688,1,1,0,0,10
4,1698,1,1,0,1,10
4,1715,1,1,0,1,10
4,1719,1,1,0,0,10
4,1724,1,1,0,0,10
4,1727,1,1,0,1,10
4,1745,1,1,0,1,10
4,1754,1,1,0,1,10
4,1787,1,1,0,0,10
4,1823,1,1,0,0,10
4,1871,1,1,0,1,10
4,1877,1,1,0,0,10
4,1908,1,1,0,0,10
4,1921,1,1,0,1,10
4,1936,1,1,0,0,10
4,1942,1,1,0,1,10
4,1956,1,1,1,0,10
4,1972,1,1,0,0,10
4,2004,1,1,0,1,10
4,2060,1,1,1,0,10
4,2064,1,1,0,1,10
4,2077,1,1,0,0,10
4,2079,1,1,1,0,10
4,2147,1,1,0,0,10
4,2173,1,1,0,0,10
4,2183,1,1,0,0,10
4,2193,1,1,0,0,10
4,2208,1,1,0,0,10
4,2209,1,1,1,0,10
4,2212,1,1,1,0,10
4,2265,1,1,0,0,10
4,2279,1,1,0,0,10
4,2291,1,1,0,0,10
4,2295,1,1,1,0,10
4,2312,1,1,0,0,10
4,2313,1,1,0,0,10
4,2317,1,1,0,0,10
4,2323,1,1,0,0,10
4,2343,1,1,1,0,10
4,2359,1,1,1,0,10
4,2362,1,1,1,0,10
4,2402,1,1,0,0,10
4,2439,1,1,0,0,10
4,2464,1,1,0,0,10
4,2470,1,1,0,1,10
4,2495,1,1,0,0,10
4,2497,1,1,1,0,10
4,0,3,3,0,2,11
4,11,3,3,2,0,11
4,38,3,3,0,2,11
4,50,3,3,0,0,11
4,54,3,3,0,0,11
4,60,3,3,0,0,11
4,69,3,3,0,0,11
4,99,3,3,3,0,11
4,101,3,3,0,0,11
4,105,3,3,0,0,11
4,128,3,3,0,0,11
4,140,3,3,0,0,11
4,143,3,3,0,2,11
4,145,3,3,3,0,11
4,161,3,3,1,0,11
4,190,3,3,0,0,11
4,192,3,3,0,0,11
4,201,3,3,0,3,11
4,204,3,3,0,0,11
4,217,3,3,0,0,11
4,239,3,3,0,0,11
4,244,3,3,0,2,11
4,262,3,3,0,0,11
4,281,3,3,0,0,11
4,294,3,3,0,0,11
4,374,3,3,0,0,11
4,384,3,3,0,0,11
4,433,3,3,3,0,11
4,441,3,3,0,0,11
4,446,3,3,3,0,11
4,451,3,3,0,0,11
4,468,3,3,0,0,11
4,557,3,3,0,2,11
4,610,3,3,0,0,11
4,614,3,3,1,0,11
4,632,3,3,3,0,11
4,640,3,3,0,0,11
4,668,3,3,0,0,11
4,725,3,3,0,0,11
4,732,3,3,0,0,11
4,734,3,3,3,0,11
4,776,3,3,3,0,11
4,783,3,3,0,0,11
4,785,3,3,3,0,11
4,791,3,3,0,0,11
4,812,3,3,0,0,11
4,813,3,3,0,3,11
4,819,3,3,3,0,11
4,875,3,3,0,0,11
4,935,3,3,0,2,11
4,936,3,3,0,0,11
4,943,3,3,0,0,11
4,1019,3,3,0,0,11
4,1038,3,3,3,0,11
4,1057,3,3,0,0,11
4,1135,3,3,0,3,11
4,1141,3,3,0,0,11
4,1230,3,3,0,0,11
4,1246,3,3,0,0,11
4,1253,3,3,0,3,11
4,1256,3,3,0,3,11
4,1306,3,3,0,1,11
4,1316,3,3,0,0,11
4,1317,3,3,3,0,11
4,1337,3,3,0,0,11
4,1345,3,3,0,3,11
4,1348,3,3,0,0,11
4,1356,3,3,0,0,11
4,1364,3,3,3,0,11
4,1367,3,3,0,2,11
4,1389,3,3,0,1,11
4,1392,3,3,0,1,11
4,1419,3,3,0,3,11
4,1431,3,3,3,0,11
4,1438,3,3,0,0,11
4,1470,3,3,0,3,11
4,1478,3,3,0,1,11
4,1556,3,3,0,0,11
4,1569,3,3,2,0,11
4,1570,3,3,0,0,11
4,1576,3,3,0,0,11
4,1580,3,3,3,0,11
4,1600,3,3,1,0,11
4,1601,3,3,0,0,11
4,1608,3,3,0,0,11
4,1614,3,3,0,0,11
4,1633,3,3,0,0,11
4,1638,3,3,0,3,11
4,1639,3,3,0,0,11
4,1644,3,3,2,0,11
4,1654,3,3,3,0,11
4,1670,3,3,0,0,11
4,1753,3,3,0,0,11
4,1761,3,3,2,0,11
4,1767,3,3,0,2,11
4,1773,3,3,0,0,11
4,1782,3,3,0,3,11
4,1784,3,3,0,3,11
4,1810,3,3,0,2,11
4,1840,3,3,0,3,11
4,1841,3,3,0,2,11
4,1852,3,3,0,0,11
4,1874,3,3,0,1,11
4,1879,3,3,0,0,11
4,1893,3,3,0,0,11
4,1911,3,3,0,0,11
4,1934,3,3,0,3,11
4,1940,3,3,3,0,11
4,1954,3,3,0,2,11
4,1965,3,3,0,0,11
4,2014,3,3,0,0,11
4,2016,3,3,0,2,11
4,2021,3,3,0,0,11
4,2029,3,3,0,0,11
4,2031,3,3,0,0,11
4,2051,3,3,0,0,11
4,2062,3,3,0,0,11
4,2070,3,3,0,0,11
4,2088,3,3,0,0,11
4,2185,3,3,0,0,11
4,2188,3,3,0,0,11
4,2200,3,3,2,0,11
4,2228,3,3,0,0,11
4,2243,3,3,3,0,11
4,2255,3,3,2,0,11
4,2260,3,3,0,0,11
4,2263,3,3,0,0,11
4,2264,3,3,0,0,11
4,2289,3,3,0,1,11
4,2306,3,3,0,2,11
4,2338,3,3,0,0,11
4,2341,3,3,2,0,11
4,2345,3,3,0,0,11
4,2349,3,3,0,0,11
4,2364,3,3,3,0,11
4,2373,3,3,3,0,11
4,2392,3,3,0,0,11
4,2401,3,3,0,0,11
4,2412,3,3,3,0,11
4,2434,3,3,0,3,11
4,2451,3,3,0,2,11
4,2458,3,3,0,0,11
4,2463,3,3,0,0,11
4,2480,3,3,0,3,11
4,2484,3,3,0,0,11
4,4,2,2,0,0,12
4,27,2,2,1,0,12
4,71,2,2,1,0,12
4,112,2,2,0,0,12
4,147,2,2,0,2,12
4,148,2,2,0,0,12
4,211,2,2,0,0,12
4,213,2,2,0,0,12
4,223,2,2,0,0,12
4,266,2,2,0,0,12
4,268,2,2,0,2,12
4,291,2,2,0,1,12
4,306,2,2,0,0,12
4,315,2,2,0,1,12
4,333,2,2,0,0,12
4,355,2,2,0,2,12
4,364,2,2,0,0,12
4,387,2,2,0,0,12
4,388,2,2,0,0,12
4,406,2,2,0,1,12
4,420,2,2,1,0,12
4,467,2,2,0,0,12
4,475,2,2,1,0,12
4,477,2,2,2,0,12
4,479,2,2,0,0,12
4,484,2,2,0,0,12
4,487,2,2,0,0,12
4,518,2,2,1,0,12
4,523,2,2,1,0,12
4,535,2,2,0,0,12
4,579,2,2,0,1,12
4,615,2,2,2,0,12
4,645,2,2,1,0,12
4,656,2,2,2,0,12
4,673,2,2,2,0,12
4,687,2,2,1,0,12
4,694,2,2,0,1,12
4,697,2,2,0,1,12
4,727,2,2,0,0,12
4,754,2,2,1,0,12
4,775,2,2,0,0,12
4,821,2,2,0,0,12
4,847,2,2,1,0,12
4,850,2,2,0,0,12
4,851,2,2,0,2,12
4,854,2,2,2,0,12
4,870,2,2,0,0,12
4,881,2,2,2,0,12
4,895,2,2,0,0,12
4,904,2,2,0,2,12
4,917,2,2,0,1,12
4,967,2,2,1,0,12
4,968,2,2,0,0,12
4,1002,2,2,0,0,12
4,1007,2,2,0,0,12
4,1014,2,2,0,0,12
4,1015,2,2,0,0,12
4,1028,2,2,2,0,12
4,1040,2,2,0,0,12
4,1048,2,2,1,0,12
4,1061,2,2,0,0,12
4,1069,2,2,2,0,12
4,1085,2,2,0,0,12
4,1094,2,2,0,1,12
4,1194,2,2,0,0,12
4,1215,2,2,1,0,12
4,1236,2,2,0,0,12
4,1237,2,2,0,0,12
4,1239,2,2,1,0,12
4,1259,2,2,0,0,12
4,1265,2,2,0,0,12
4,1336,2,2,0,0,12
4,1366,2,2,0,0,12
4,1408,2,2,0,0,12
4,1416,2,2,0,0,12
4,1452,2,2,0,0,12
4,1455,2,2,0,0,12
4,1456,2,2,2,0,12
4,1468,2,2,0,1,12
4,1472,2,2,2,0,12
4,1477,2,2,0,0,12
4,1501,2,2,2,0,12
4,1524,2,2,0,0,12
4,1526,2,2,1,0,12
4,1579,2,2,0,0,12
4,1607,2,2,0,1,12
4,1610,2,2,0,0,12
4,1622,2,2,2,0,12
4,1629,2,2,0,1,12
4,1650,2,2,0,0,12
4,1677,2,2,0,1,12
4,1680,2,2,0,1,12
4,1704,2,2,0,0,12
4,1728,2,2,0,1,12
4,1798,2,2,0,1,12
4,1830,2,2,0,1,12
4,1836,2,2,2,0,12
4,1851,2,2,0,0,12
4,1855,2,2,0,0,12
4,1860,2,2,0,1,12
4,1862,2,2,0,2,12
4,1882,2,2,1,0,12
4,1889,2,2,1,0,12
4,1900,2,2,0,1,12
4,1915,2,2,0,0,12
4,1916,2,2,0,2,12
4,1922,2,2,0,2,12
4,1925,2,2,0,0,12
4,1932,2,2,2,0,12
4,2001,2,2,1,0,12
4,2010,2,2,0,1,12
4,2027,2,2,0,0,12
4,2044,2,2,0,0,12
4,2086,2,2,0,0,12
4,2092,2,2,0,0,12
4,2123,2,2,0,1,12
4,2134,2,2,0,0,12
4,2164,2,2,0,0,12
4,2211,2,2,0,2,12
4,2232,2,2,1,0,12
4,2233,2,2,2,0,12
4,2236,2,2,0,0,12
4,2277,2,2,0,1,12
4,2299,2,2,0,0,12
4,2374,2,2,0,0,12
4,2375,2,2,0,0,12
4,2394,2,2,0,2,12
4,2474,2,2,1,0,12
4,2481,2,2,0,0,12
4,2493,2,2,0,2,12
4,3,1,1,1,0,13
4,5,1,1,0,0,13
4,9,1,1,0,0,13
4,20,1,1,0,0,13
4,28,1,1,1,0,13
4,49,1,1,0,1,13
4,52,1,1,0,1,13
4,68,1,1,0,1,13
4,70,1,1,0,0,13
4,77,1,1,1,0,13
4,88,1,1,0,0,13
4,109,1,1,0,0,13
4,131,1,1,1,0,13
4,152,1,1,0,0,13
4,168,1,1,0,0,13
4,195,1,1,0,1,13
4,236,1,1,0,1,13
4,243,1,1,0,0,13
4,274,1,1,0,0,13
4,279,1,1,0,0,13
4,293,1,1,0,0,13
4,312,1,1,0,0,13
4,331,1,1,0,1,13
4,359,1,1,1,0,13
4,377,1,1,0,0,13
4,397,1,1,0,1,13
4,405,1,1,1,0,13
4,407,1,1,1,0,13
4,418,1,1,0,0,13
4,460,1,1,0,0,13
4,490,1,1,0,0,13
4,499,1,1,0,0,13
4,501,1,1,1,0,13
4,503,1,1,0,0,13
4,508,1,1,1,0,13
4,512,1,1,0,0,13
4,520,1,1,0,1,13
4,530,1,1,1,0,13
4,534,1,1,0,0,13
4,540,1,1,0,0,13
4,570,1,1,0,0,13
4,582,1,1,0,0,13
4,586,1,1,0,0,13
4,606,1,1,1,0,13
4,608,1,1,1,0,13
4,626,1,1,0,0,13
4,637,1,1,0,0,13
4,644,1,1,0,1,13
4,660,1,1,0,1,13
4,678,1,1,0,1,13
4,695,1,1,1,0,13
4,698,1,1,1,0,13
4,740,1,1,0,1,13
4,762,1,1,0,0,13
4,822,1,1,0,0,13
4,824,1,1,0,0,13
4,862,1,1,0,1,13
4,864,1,1,0,0,13
4,880,1,1,0,0,13
4,911,1,1,1,0,13
4,914,1,1,0,0,13
4,931,1,1,0,1,13
4,939,1,1,0,0,13
4,953,1,1,0,0,13
4,954,1,1,0,0,13
4,956,1,1,1,0,13
4,974,1,1,0,1,13
4,980,1,1,0,0,13
4,998,1,1,1,0,13
4,1008,1,1,0,0,13
4,1027,1,1,0,1,13
4,1030,1,1,0,0,13
4,1041,1,1,0,0,13
4,1080,1,1,0,0,13
4,1103,1,1,0,0,13
4,1107,1,1,1,0,13
4,1116,1,1,0,1,13
4,1126,1,1,0,0,13
4,1128,1,1,0,0,13
4,1175,1,1,0,0,13
4,1183,1,1,0,0,13
4,1212,1,1,1,0,13
4,1219,1,1,0,0,13
4,1223,1,1,0,0,13
4,1247,1,1,0,0,13
4,1260,1,1,0,1,13
4,1267,1,1,0,0,13
4,1273,1,1,1,0,13
4,1293,1,1,0,0,13
4,1319,1,1,0,0,13
4,1321,1,1,0,0,13
4,1324,1,1,0,0,13
4,1363,1,1,0,0,13
4,1371,1,1,0,0,13
4,1375,1,1,0,0,13
4,1407,1,1,0,1,13
4,1433,1,1,0,1,13
4,1448,1,1,0,1,13
4,1461,1,1,0,1,13
4,1508,1,1,0,1,13
4,1517,1,1,1,0,13
4,1535,1,1,0,1,13
4,1541,1,1,0,0,13
4,1544,1,1,0,0,13
4,1545,1,1,1,0,13
4,1551,1,1,1,0,13
4,1563,1,1,0,1,13
4,1566,1,1,0,1,13
4,1578,1,1,1,0,13
4,1588,1,1,0,0,13
4,1596,1,1,0,1,13
4,1599,1,1,0,0,13
4,1611,1,1,1,0,13
4,1626,1,1,0,0,13
4,1641,1,1,0,1,13
4,1643,1,1,1,0,13
4,1649,1,1,1,0,13
4,1655,1,1,1,0,13
4,1656,1,1,1,0,13
4,1660,1,1,0,0,13
4,1663,1,1,1,0,13
4,1675,1,1,0,1,13
4,1686,1,1,1,0,13
4,1690,1,1,0,0,13
4,1712,1,1,0,0,13
4,1714,1,1,0,1,13
4,1735,1,1,0,0,13
4,1737,1,1,0,1,13
4,1776,1,1,0,0,13
4,1777,1,1,0,0,13
4,1789,1,1,0,0,13
4,1792,1,1,0,1,13
4,1804,1,1,0,0,13
4,1849,1,1,0,1,13
4,1850,1,1,0,0,13
4,1867,1,1,1,0,13
4,1892,1,1,0,0,13
4,1903,1,1,1,0,13
4,1917,1,1,0,0,13
4,1928,1,1,0,1,13
4,1958,1,1,1,0,13
4,1981,1,1,0,1,13
4,1989,1,1,1,0,13
4,1993,1,1,1,0,13
4,2003,1,1,0,0,13
4,2038,1,1,0,0,13
4,2061,1,1,0,1,13
4,2072,1,1,0,0,13
4,2090,1,1,0,0,13
4,2098,1,1,0,0,13
4,2118,1,1,0,0,13
4,2145,1,1,0,1,13
4,2149,1,1,1,0,13
4,2156,1,1,0,1,13
4,2174,1,1,0,0,13
4,2213,1,1,0,0,13
4,2216,1,1,1,0,13
4,2221,1,1,0,1,13
4,2223,1,1,1,0,13
4,2245,1,1,0,0,13
4,2257,1,1,0,0,13
4,2261,1,1,0,1,13
4,2269,1,1,0,1,13
4,2302,1,1,1,0,13
4,2330,1,1,0,0,13
4,2332,1,1,0,0,13
4,2363,1,1,0,0,13
4,2366,1,1,0,0,13
4,2371,1,1,0,0,13
4,2391,1,1,0,1,13
4,2400,1,1,0,0,13
4,2403,1,1,0,0,13
4,2406,1,1,0,0,13
4,2431,1,1,0,0,13
4,2460,1,1,0,0,13
4,2476,1,1,1,0,13
4,2485,1,1,1,0,13
4,6,1,1,1,0,14
4,8,1,1,1,0,14
4,13,1,1,0,0,14
4,36,1,1,1,0,14
4,37,1,1,0,0,14
4,43,1,1,0,1,14
4,46,1,1,1,0,14
4,51,1,1,0,0,14
4,66,1,1,0,0,14
4,73,1,1,1,0,14
4,80,1,1,0,1,14
4,91,1,1,0,1,14
4,133,1,1,0,1,14
4,134,1,1,1,0,14
4,135,1,1,1,0,14
4,169,1,1,1,0,14
4,184,1,1,0,1,14
4,250,1,1,0,0,14
4,277,1,1,0,0,14
4,288,1,1,0,0,14
4,296,1,1,0,0,14
4,329,1,1,0,0,14
4,339,1,1,0,1,14
4,341,1,1,1,0,14
4,395,1,1,0,1,14
4,399,1,1,0,1,14
4,431,1,1,0,0,14
4,442,1,1,0,1,14
4,463,1,1,1,0,14
4,474,1,1,1,0,14
4,480,1,1,1,0,14
4,489,1,1,1,0,14
4,491,1,1,0,0,14
4,517,1,1,0,0,14
4,560,1,1,0,0,14
4,581,1,1,0,1,14
4,596,1,1,0,1,14
4,636,1,1,0,1,14
4,651,1,1,0,0,14
4,661,1,1,1,0,14
4,728,1,1,0,1,14
4,799,1,1,0,1,14
4,805,1,1,1,0,14
4,874,1,1,0,0,14
4,894,1,1,1,0,14
4,913,1,1,0,1,14
4,918,1,1,1,0,14
4,929,1,1,1,0,14
4,949,1,1,0,0,14
4,972,1,1,0,1,14
4,989,1,1,0,0,14
4,1009,1,1,0,0,14
4,1036,1,1,0,1,14
4,1078,1,1,0,0,14
4,1083,1,1,0,0,14
4,1087,1,1,1,0,14
4,1100,1,1,0,0,14
4,1129,1,1,1,0,14
4,1137,1,1,1,0,14
4,1149,1,1,0,1,14
4,1165,1,1,0,1,14
4,1222,1,1,0,0,14
4,1233,1,1,1,0,14
4,1234,1,1,1,0,14
4,1291,1,1,0,0,14
4,1295,1,1,0,0,14
4,1297,1,1,1,0,14
4,1308,1,1,0,0,14
4,1315,1,1,0,0,14
4,1332,1,1,0,0,14
4,1338,1,1,0,0,14
4,1355,1,1,0,1,14
4,1370,1,1,1,0,14
4,1381,1,1,1,0,14
4,1412,1,1,0,0,14
4,1415,1,1,0,0,14
4,1442,1,1,0,0,14
4,1462,1,1,0,0,14
4,1486,1,1,0,0,14
4,1495,1,1,1,0,14
4,1498,1,1,1,0,14
4,1564,1,1,0,1,14
4,1602,1,1,0,1,14
4,1669,1,1,1,0,14
4,1687,1,1,0,0,14
4,1707,1,1,0,1,14
4,1711,1,1,0,1,14
4,1718,1,1,0,1,14
4,1742,1,1,0,0,14
4,1757,1,1,0,0,14
4,1763,1,1,0,1,14
4,1779,1,1,1,0,14
4,1814,1,1,0,0,14
4,1825,1,1,0,0,14
4,1844,1,1,1,0,14
4,1846,1,1,0,0,14
4,1865,1,1,0,0,14
4,1913,1,1,0,0,14
4,1918,1,1,0,0,14
4,1923,1,1,0,0,14
4,1945,1,1,0,0,14
4,1951,1,1,0,0,14
4,1995,1,1,0,0,14
4,2018,1,1,0,0,14
4,2023,1,1,0,0,14
4,2042,1,1,0,1,14
4,2045,1,1,0,0,14
4,2055,1,1,0,0,14
4,2058,1,1,0,0,14
4,2075,1,1,0,1,14
4,2103,1,1,0,1,14
4,2106,1,1,0,0,14
4,2113,1,1,0,0,14
4,2132,1,1,0,1,14
4,2202,1,1,0,0,14
4,2206,1,1,0,0,14
4,2214,1,1,0,1,14
4,2239,1,1,0,1,14
4,2249,1,1,0,0,14
4,2272,1,1,1,0,14
4,2275,1,1,1,0,14
4,2328,1,1,1,0,14
4,2335,1,1,0,0,14
4,2354,1,1,1,0,14
4,2393,1,1,0,1,14
4,2419,1,1,1,0,14
4,2467,1,1,0,0,14
4,2491,1,1,0,1,14
4,2492,1,1,0,0,14
6,24,2,1,0,0,0
6,25,2,1,1,0,0
6,53,2,1,0,1,0
6,58,2,1,0,0,0
6,86,2,1,1,0,0
6,89,2,1,0,0,0
6,103,2,1,0,1,0
6,122,2,1,0,0,0
6,156,2,1,0,0,0
6,158,2,1,0,0,0
6,175,2,1,1,0,0
6,206,2,1,0,1,0
6,218,2,1,0,1,0
6,232,2,1,0,0,0
6,242,2,1,1,0,0
6,245,2,1,0,1,0
6,252,2,1,0,0,0
6,295,2,1,0,0,0
6,310,2,1,1,0,0
6,319,2,1,0,1,0
6,332,2,1,0,1,0
6,334,2,1,0,0,0
6,335,2,1,1,0,0
6,342,2,1,1,0,0
6,345,2,1,0,0,0
6,356,2,1,1,0,0
6,361,2,1,0,1,0
6,390,2,1,0,1,0
6,391,2,1,1,0,0
6,394,2,1,1,0,0
6,404,2,1,1,0,0
6,412,2,1,0,0,0
6,427,2,1,1,0,0
6,438,2,1,0,0,0
6,458,2,1,0,0,0
6,461,2,1,0,1,0
6,510,2,1,0,0,0
6,553,2,1,0,0,0
6,569,2,1,0,0,0
6,571,2,1,0,1,0
6,592,2,1,0,0,0
6,612,2,1,0,0,0
6,616,2,1,0,1,0
6,634,2,1,0,0,0
6,635,2,1,0,1,0
6,692,2,1,0,0,0
6,701,2,1,0,0,0
6,709,2,1,0,1,0
6,787,2,1,0,1,0
6,807,2,1,0,0,0
6,815,2,1,0,0,0
6,827,2,1,1,0,0
6,830,2,1,1,0,0
6,845,2,1,0,0,0
6,853,2,1,1,0,0
6,873,2,1,0,0,0
6,890,2,1,0,0,0
6,933,2,1,0,0,0
6,973,2,1,0,0,0
6,1018,2,1,0,0,0
6,1031,2,1,1,0,0
6,1047,2,1,1,0,0
6,1089,2,1,0,0,0
6,1097,2,1,0,0,0
6,1143,2,1,0,0,0
6,1154,2,1,0,0,0
6,1173,2,1,0,0,0
6,1182,2,1,0,0,0
6,1188,2,1,0,1,0
6,1216,2,1,0,0,0
6,1262,2,1,0,1,0
6,1284,2,1,0,0,0
6,1333,2,1,0,1,0
6,1373,2,1,0,0,0
6,1386,2,1,1,0,0
6,1460,2,1,1,0,0
6,1481,2,1,1,0,0
6,1489,2,1,1,0,0
6,1515,2,1,0,0,0
6,1536,2,1,0,0,0
6,1552,2,1,1,0,0
6,1557,2,1,1,0,0
6,1586,2,1,0,0,0
6,1593,2,1,0,0,0
6,1616,2,1,0,1,0
6,1627,2,1,0,0,0
6,1652,2,1,0,0,0
6,1664,2,1,0,1,0
6,1701,2,1,1,0,0
6,1708,2,1,0,1,0
6,1716,2,1,0,0,0
6,1738,2,1,1,0,0
6,1744,2,1,0,0,0
6,1747,2,1,1,0,0
6,1774,2,1,0,0,0
6,1795,2,1,1,0,0
6,1796,2,1,0,0,0
6,1802,2,1,0,1,0
6,1822,2,1,0,1,0
6,1828,2,1,1,0,0
6,1858,2,1,0,1,0
6,1888,2,1,0,0,0
6,1920,2,1,0,0,0
6,1924,2,1,0,1,0
6,1939,2,1,0,1,0
6,1946,2,1,0,0,0
6,1979,2,1,0,0,0
6,2015,2,1,0,1,0
6,2071,2,1,1,0,0
6,2091,2,1,0,1,0
6,2093,2,1,1,0,0
6,2095,2,1,0,1,0
6,2119,2,1,0,1,0
6,2121,2,1,0,0,0
6,2128,2,1,0,1,0
6,2139,2,1,0,0,0
6,2172,2,1,0,1,0
6,2176,2,1,1,0,0
6,2181,2,1,0,1,0
6,2218,2,1,0,0,0
6,2222,2,1,0,0,0
6,2247,2,1,0,0,0
6,2282,2,1,0,1,0
6,2292,2,1,1,0,0
6,2327,2,1,1,0,0
6,2334,2,1,1,0,0
6,2337,2,1,0,1,0
6,2346,2,1,1,0,0
6,2378,2,1,1,0,0
6,2380,2,1,0,0,0
6,2385,2,1,0,0,0
6,2387,2,1,1,0,0
6,2420,2,1,0,0,0
6,2441,2,1,0,0,0
6,2449,2,1,0,1,0
6,2456,2,1,0,0,0
6,2465,2,1,0,0,0
6,2473,2,1,0,0,0
6,2498,2,1,0,0,0
6,2,1,1,0,1,1
6,7,1,1,0,1,1
6,61,1,1,0,0,1
6,130,1,1,1,0,1
6,138,1,1,0,0,1
6,150,1,1,0,0,1
6,154,1,1,0,0,1
6,155,1,1,0,1,1
6,159,1,1,0,1,1
6,176,1,1,0,0,1
6,185,1,1,0,0,1
6,193,1,1,0,0,1
6,200,1,1,0,0,1
6,203,1,1,0,0,1
6,209,1,1,0,0,1
6,210,1,1,0,1,1
6,235,1,1,0,0,1
6,251,1,1,0,0,1
6,253,1,1,0,1,1
6,254,1,1,0,1,1
6,260,1,1,0,1,1
6,271,1,1,0,1,1
6,280,1,1,0,1,1
6,283,1,1,0,0,1
6,284,1,1,0,0,1
6,298,1,1,0,1,1
6,317,1,1,0,1,1
6,318,1,1,1,0,1
6,324,1,1,0,0,1
6,328,1,1,0,0,1
6,336,1,1,0,1,1
6,347,1,1,0,1,1
6,372,1,1,0,0,1
6,378,1,1,0,0,1
6,410,1,1,1,0,1
6,419,1,1,0,0,1
6,430,1,1,0,0,1
6,434,1,1,0,0,1
6,462,1,1,0,1,1
6,469,1,1,1,0,1
6,472,1,1,0,1,1
6,496,1,1,1,0,1
6,524,1,1,0,0,1
6,545,1,1,0,0,1
6,558,1,1,0,0,1
6,565,1,1,0,1,1
6,597,1,1,0,0,1
6,604,1,1,0,1,1
6,619,1,1,0,0,1
6,622,1,1,0,0,1
6,631,1,1,0,1,1
6,647,1,1,0,1,1
6,655,1,1,1,0,1
6,662,1,1,1,0,1
6,711,1,1,1,0,1
6,717,1,1,1,0,1
6,744,1,1,0,1,1
6,752,1,1,0,1,1
6,766,1,1,0,0,1
6,769,1,1,0,0,1
6,777,1,1,0,1,1
6,795,1,1,1,0,1
6,797,1,1,0,0,1
6,803,1,1,1,0,1
6,833,1,1,0,0,1
6,848,1,1,0,1,1
6,896,1,1,0,0,1
6,923,1,1,1,0,1
6,925,1,1,1,0,1
6,940,1,1,0,1,1
6,951,1,1,0,0,1
6,960,1,1,1,0,1
6,977,1,1,0,0,1
6,981,1,1,0,0,1
6,995,1,1,1,0,1
6,1020,1,1,1,0,1
6,1024,1,1,1,0,1
6,1068,1,1,0,0,1
6,1082,1,1,0,0,1
6,1098,1,1,0,0,1
6,1106,1,1,0,0,1
6,1109,1,1,0,0,1
6,1147,1,1,0,1,1
6,1152,1,1,1,0,1
6,1157,1,1,0,0,1
6,1167,1,1,0,0,1
6,1170,1,1,0,0,1
6,1172,1,1,1,0,1
6,1177,1,1,1,0,1
6,1192,1,1,0,1,1
6,1208,1,1,0,0,1
6,1210,1,1,0,0,1
6,1225,1,1,0,1,1
6,1241,1,1,0,0,1
6,1242,1,1,0,1,1
6,1275,1,1,0,0,1
6,1276,1,1,1,0,1
6,1285,1,1,1,0,1
6,1287,1,1,1,0,1
6,1302,1,1,0,0,1
6,1305,1,1,1,0,1
6,1322,1,1,0,1,1
6,1368,1,1,1,0,1
6,1390,1,1,0,0,1
6,1404,1,1,0,1,1
6,1423,1,1,0,1,1
6,1437,1,1,0,0,1
6,1467,1,1,0,0,1
6,1474,1,1,0,0,1
6,1487,1,1,1,0,1
6,1494,1,1,1,0,1
6,1500,1,1,0,0,1
6,1503,1,1,0,1,1
6,1512,1,1,0,1,1
6,1530,1,1,0,0,1
6,1540,1,1,0,0,1
6,1555,1,1,1,0,1
6,1591,1,1,1,0,1
6,1603,1,1,0,1,1
6,1617,1,1,0,0,1
6,1630,1,1,0,1,1
6,1659,1,1,0,1,1
6,1662,1,1,1,0,1
6,1673,1,1,1,0,1
6,1689,1,1,0,1,1
6,1702,1,1,1,0,1
6,1710,1,1,0,0,1
6,1734,1,1,1,0,1
6,1797,1,1,0,0,1
6,1816,1,1,0,0,1
6,1820,1,1,1,0,1
6,1832,1,1,0,0,1
6,1863,1,1,0,0,1
6,1887,1,1,1,0,1
6,1896,1,1,0,0,1
6,1929,1,1,0,0,1
6,1941,1,1,0,1,1
6,1952,1,1,1,0,1
6,1955,1,1,0,0,1
6,1961,1,1,0,0,1
6,1966,1,1,0,0,1
6,1968,1,1,0,1,1
6,1980,1,1,1,0,1
6,1984,1,1,0,0,1
6,1988,1,1,0,1,1
6,1990,1,1,0,1,1
6,2000,1,1,0,0,1
6,2007,1,1,1,0,1
6,2033,1,1,0,0,1
6,2049,1,1,0,1,1
6,2068,1,1,0,1,1
6,2082,1,1,0,0,1
6,2096,1,1,1,0,1
6,2100,1,1,1,0,1
6,2108,1,1,1,0,1
6,2110,1,1,0,0,1
6,2141,1,1,1,0,1
6,2154,1,1,0,0,1
6,2158,1,1,0,0,1
6,2170,1,1,1,0,1
6,2184,1,1,0,0,1
6,2192,1,1,0,0,1
6,2217,1,1,1,0,1
6,2219,1,1,0,0,1
6,2225,1,1,0,0,1
6,2234,1,1,0,0,1
6,2242,1,1,1,0,1
6,2252,1,1,0,1,1
6,2258,1,1,0,1,1
6,2266,1,1,0,1,1
6,2271,1,1,0,1,1
6,2294,1,1,0,1,1
6,2300,1,1,1,0,1
6,2320,1,1,0,0,1
6,2324,1,1,1,0,1
6,2344,1,1,0,1,1
6,2347,1,1,0,0,1
6,2350,1,1,1,0,1
6,2353,1,1,0,0,1
6,2357,1,1,0,0,1
6,2372,1,1,0,1,1
6,2383,1,1,0,1,1
6,2399,1,1,0,0,1
6,2422,1,1,1,0,1
6,2424,1,1,0,0,1
6,2438,1,1,0,0,1
6,2452,1,1,0,1,1
6,2468,1,1,0,1,1
6,2488,1,1,0,1,1
6,18,1,1,1,0,2
6,39,1,1,1,0,2
6,40,1,1,0,1,2
6,67,1,1,1,0,2
6,74,1,1,0,0,2
6,76,1,1,0,0,2
6,95,1,1,0,0,2
6,97,1,1,1,0,2
6,98,1,1,0,0,2
6,115,1,1,0,0,2
6,125,1,1,0,0,2
6,126,1,1,0,0,2
6,170,1,1,0,0,2
6,179,1,1,0,0,2
6,181,1,1,0,1,2
6,205,1,1,0,1,2
6,212,1,1,0,1,2
6,214,1,1,1,0,2
6,219,1,1,0,0,2
6,226,1,1,0,1,2
6,241,1,1,0,1,2
6,246,1,1,1,0,2
6,285,1,1,0,0,2
6,302,1,1,0,0,2
6,308,1,1,0,0,2
6,320,1,1,0,0,2
6,322,1,1,0,0,2
6,323,1,1,0,1,2
6,325,1,1,0,0,2
6,349,1,1,0,0,2
6,354,1,1,1,0,2
6,363,1,1,0,0,2
6,365,1,1,1,0,2
6,370,1,1,1,0,2
6,402,1,1,0,1,2
6,417,1,1,0,1,2
6,444,1,1,0,0,2
6,456,1,1,0,0,2
6,505,1,1,0,1,2
6,516,1,1,0,0,2
6,531,1,1,0,1,2
6,559,1,1,1,0,2
6,583,1,1,0,0,2
6,611,1,1,0,1,2
6,621,1,1,0,0,2
6,627,1,1,1,0,2
6,628,1,1,0,0,2
6,646,1,1,1,0,2
6,653,1,1,0,1,2
6,659,1,1,0,1,2
6,684,1,1,1,0,2
6,691,1,1,1,0,2
6,713,1,1,0,0,2
6,714,1,1,1,0,2
6,715,1,1,1,0,2
6,749,1,1,0,1,2
6,751,1,1,1,0,2
6,770,1,1,0,1,2
6,786,1,1,0,1,2
6,836,1,1,0,1,2
6,884,1,1,0,0,2
6,892,1,1,0,0,2
6,900,1,1,0,0,2
6,907,1,1,0,1,2
6,930,1,1,0,0,2
6,934,1,1,0,0,2
6,941,1,1,0,0,2
6,942,1,1,0,0,2
6,948,1,1,0,1,2
6,952,1,1,0,0,2
6,957,1,1,0,0,2
6,959,1,1,0,0,2
6,969,1,1,0,0,2
6,982,1,1,0,0,2
6,984,1,1,0,0,2
6,986,1,1,1,0,2
6,992,1,1,1,0,2
6,997,1,1,0,1,2
6,1017,1,1,1,0,2
6,1021,1,1,0,0,2
6,1037,1,1,0,0,2
6,1056,1,1,0,0,2
6,1090,1,1,0,0,2
6,1096,1,1,0,1,2
6,1099,1,1,0,1,2
6,1105,1,1,0,0,2
6,1127,1,1,0,1,2
6,1130,1,1,0,0,2
6,1145,1,1,0,0,2
6,1150,1,1,0,1,2
6,1159,1,1,0,0,2
6,1162,1,1,1,0,2
6,1184,1,1,0,0,2
6,1190,1,1,0,1,2
6,1197,1,1,0,0,2
6,1207,1,1,0,1,2
6,1220,1,1,0,0,2
6,1238,1,1,0,0,2
6,1292,1,1,0,1,2
6,1299,1,1,0,0,2
6,1303,1,1,1,0,2
6,1312,1,1,1,0,2
6,1413,1,1,1,0,2
6,1427,1,1,0,0,2
6,1445,1,1,0,0,2
6,1482,1,1,1,0,2
6,1521,1,1,0,0,2
6,1522,1,1,0,0,2
6,1543,1,1,0,1,2
6,1546,1,1,0,0,2
6,1562,1,1,1,0,2
6,1582,1,1,0,1,2
6,1592,1,1,0,1,2
6,1618,1,1,0,0,2
6,1621,1,1,0,0,2
6,1631,1,1,0,1,2
6,1647,1,1,1,0,2
6,1665,1,1,0,0,2
6,1682,1,1,0,1,2
6,1683,1,1,0,0,2
6,1751,1,1,0,0,2
6,1760,1,1,0,1,2
6,1781,1,1,0,0,2
6,1786,1,1,0,1,2
6,1801,1,1,0,1,2
6,1807,1,1,0,0,2
6,1809,1,1,1,0,2
6,1815,1,1,0,0,2
6,1853,1,1,0,1,2
6,1881,1,1,0,1,2
6,1897,1,1,0,1,2
6,1905,1,1,0,0,2
6,1926,1,1,0,0,2
6,1963,1,1,0,0,2
6,1967,1,1,1,0,2
6,1969,1,1,0,0,2
6,1970,1,1,1,0,2
6,1971,1,1,1,0,2
6,1974,1,1,0,1,2
6,1991,1,1,0,1,2
6,1996,1,1,1,0,2
6,2009,1,1,0,0,2
6,2011,1,1,0,0,2
6,2032,1,1,0,1,2
6,2036,1,1,0,1,2
6,2046,1,1,1,0,2
6,2050,1,1,0,0,2
6,2063,1,1,0,0,2
6,2099,1,1,0,0,2
6,2112,1,1,0,0,2
6,2136,1,1,1,0,2
6,2142,1,1,0,0,2
6,2144,1,1,1,0,2
6,2150,1,1,1,0,2
6,2162,1,1,0,1,2
6,2166,1,1,0,1,2
6,2168,1,1,1,0,2
6,2194,1,1,0,0,2
6,2226,1,1,0,0,2
6,2281,1,1,1,0,2
6,2285,1,1,0,1,2
6,2297,1,1,0,1,2
6,2321,1,1,0,1,2
6,2342,1,1,1,0,2
6,2376,1,1,1,0,2
6,2388,1,1,0,0,2
6,2421,1,1,0,0,2
6,2423,1,1,0,0,2
6,2428,1,1,0,0,2
6,2444,1,1,0,1,2
6,2447,1,1,0,0,2
6,2448,1,1,0,1,2
6,2455,1,1,0,1,2
6,2466,1,1,0,0,2
6,2471,1,1,1,0,2
6,2483,1,1,0,0,2
6,2494,1,1,0,0,2
6,1,2,3,0,1,3
6,16,2,3,0,0,3
6,22,2,3,0,0,3
6,33,2,3,0,0,3
6,34,2,3,0,0,3
6,45,2,3,0,0,3
6,48,2,3,1,0,3
6,56,2,3,0,1,3
6,57,2,3,1,0,3
6,59,2,3,0,0,3
6,111,2,3,0,0,3
6,129,2,3,0,0,3
6,144,2,3,0,0,3
6,165,2,3,1,0,3
6,183,2,3,0,1,3
6,222,2,3,1,0,3
6,229,2,3,0,1,3
6,231,2,3,0,1,3
6,248,2,3,0,1,3
6,263,2,3,1,0,3
6,269,2,3,0,0,3
6,275,2,3,0,0,3
6,292,2,3,0,0,3
6,303,2,3,0,0,3
6,307,2,3,1,0,3
6,351,2,3,1,0,3
6,362,2,3,1,0,3
6,379,2,3,0,0,3
6,386,2,3,0,1,3
6,396,2,3,0,0,3
6,408,2,3,0,1,3
6,413,2,3,0,0,3
6,448,2,3,0,0,3
6,449,2,3,0,1,3
6,455,2,3,0,0,3
6,457,2,3,0,1,3
6,464,2,3,0,0,3
6,478,2,3,0,1,3
6,485,2,3,1,0,3
6,494,2,3,1,0,3
6,495,2,3,0,1,3
6,507,2,3,0,0,3
6,527,2,3,0,0,3
6,537,2,3,1,0,3
6,538,2,3,0,0,3
6,544,2,3,0,1,3
6,551,2,3,0,0,3
6,555,2,3,1,0,3
6,562,2,3,1,0,3
6,566,2,3,0,1,3
6,573,2,3,0,1,3
6,620,2,3,0,1,3
6,639,2,3,0,0,3
6,663,2,3,0,1,3
6,666,2,3,1,0,3
6,669,2,3,1,0,3
6,677,2,3,0,0,3
6,708,2,3,0,0,3
6,724,2,3,0,0,3
6,730,2,3,0,0,3
6,804,2,3,0,1,3
6,808,2,3,0,1,3
6,820,2,3,0,0,3
6,832,2,3,0,1,3
6,852,2,3,0,1,3
6,856,2,3,0,0,3
6,859,2,3,0,0,3
6,861,2,3,0,1,3
6,867,2,3,0,1,3
6,901,2,3,0,0,3
6,915,2,3,0,0,3
6,921,2,3,1,0,3
6,928,2,3,1,0,3
6,946,2,3,1,0,3
6,955,2,3,1,0,3
6,983,2,3,0,0,3
6,987,2,3,1,0,3
6,1026,2,3,0,0,3
6,1035,2,3,1,0,3
6,1050,2,3,0,0,3
6,1058,2,3,0,0,3
6,1111,2,3,1,0,3
6,1133,2,3,0,0,3
6,1138,2,3,0,1,3
6,1140,2,3,0,0,3
6,1151,2,3,0,1,3
6,1176,2,3,0,1,3
6,1178,2,3,0,1,3
6,1181,2,3,0,1,3
6,1185,2,3,0,0,3
6,1189,2,3,1,0,3
6,1195,2,3,0,0,3
6,1200,2,3,0,0,3
6,1218,2,3,0,1,3
6,1221,2,3,0,1,3
6,1226,2,3,1,0,3
6,1235,2,3,0,0,3
6,1251,2,3,0,1,3
6,1263,2,3,0,0,3
6,1283,2,3,0,0,3
6,1298,2,3,0,0,3
6,1327,2,3,0,0,3
6,1335,2,3,0,1,3
6,1351,2,3,1,0,3
6,1362,2,3,0,0,3
6,1372,2,3,0,1,3
6,1387,2,3,0,0,3
6,1394,2,3,1,0,3
6,1405,2,3,0,0,3
6,1417,2,3,0,1,3
6,1425,2,3,1,0,3
6,1439,2,3,1,0,3
6,1451,2,3,0,1,3
6,1458,2,3,0,1,3
6,1463,2,3,0,0,3
6,1469,2,3,0,0,3
6,1480,2,3,1,0,3
6,1484,2,3,0,0,3
6,1505,2,3,0,0,3
6,1506,2,3,1,0,3
6,1507,2,3,0,0,3
6,1529,2,3,0,0,3
6,1534,2,3,0,0,3
6,1537,2,3,0,1,3
6,1571,2,3,0,1,3
6,1573,2,3,1,0,3
6,1574,2,3,1,0,3
6,1575,2,3,0,0,3
6,1590,2,3,1,0,3
6,1606,2,3,0,0,3
6,1609,2,3,0,0,3
6,1636,2,3,0,0,3
6,1648,2,3,1,0,3
6,1653,2,3,0,0,3
6,1678,2,3,0,1,3
6,1695,2,3,0,1,3
6,1709,2,3,0,1,3
6,1721,2,3,0,0,3
6,1748,2,3,0,0,3
6,1770,2,3,1,0,3
6,1772,2,3,0,1,3
6,1780,2,3,0,1,3
6,1788,2,3,0,0,3
6,1803,2,3,0,1,3
6,1805,2,3,0,1,3
6,1834,2,3,0,1,3
6,1859,2,3,0,0,3
6,1861,2,3,1,0,3
6,1904,2,3,0,0,3
6,1907,2,3,0,0,3
6,1931,2,3,0,1,3
6,1947,2,3,1,0,3
6,1950,2,3,0,1,3
6,2013,2,3,0,0,3
6,2026,2,3,0,0,3
6,2040,2,3,1,0,3
6,2043,2,3,1,0,3
6,2065,2,3,0,0,3
6,2066,2,3,0,0,3
6,2080,2,3,0,1,3
6,2081,2,3,0,0,3
6,2114,2,3,0,0,3
6,2115,2,3,1,0,3
6,2133,2,3,0,0,3
6,2135,2,3,0,0,3
6,2148,2,3,1,0,3
6,2151,2,3,1,0,3
6,2152,2,3,0,0,3
6,2155,2,3,0,0,3
6,2178,2,3,1,0,3
6,2186,2,3,0,1,3
6,2197,2,3,0,1,3
6,2207,2,3,0,1,3
6,2231,2,3,0,1,3
6,2246,2,3,0,1,3
6,2262,2,3,0,0,3
6,2270,2,3,0,0,3
6,2273,2,3,0,1,3
6,2276,2,3,0,0,3
6,2278,2,3,0,1,3
6,2286,2,3,0,1,3
6,2309,2,3,1,0,3
6,2348,2,3,1,0,3
6,2369,2,3,0,1,3
6,2389,2,3,0,0,3
6,2395,2,3,0,1,3
6,2411,2,3,0,0,3
6,2417,2,3,1,0,3
6,2426,2,3,0,0,3
6,2430,2,3,0,0,3
6,2437,2,3,0,0,3
6,2457,2,3,0,0,3
6,2461,2,3,0,1,3
6,2487,2,3,1,0,3
6,14,1,1,1,0,4
6,17,1,1,0,1,4
6,30,1,1,1,0,4
6,31,1,1,0,0,4
6,47,1,1,0,0,4
6,82,1,1,0,0,4
6,84,1,1,0,0,4
6,85,1,1,0,1,4
6,142,1,1,0,0,4
6,146,1,1,0,0,4
6,157,1,1,0,1,4
6,160,1,1,0,0,4
6,171,1,1,1,0,4
6,182,1,1,0,1,4
6,188,1,1,0,0,4
6,189,1,1,0,1,4
6,215,1,1,1,0,4
6,221,1,1,0,0,4
6,225,1,1,0,0,4
6,230,1,1,1,0,4
6,233,1,1,1,0,4
6,237,1,1,1,0,4
6,238,1,1,0,1,4
6,240,1,1,1,0,4
6,249,1,1,1,0,4
6,265,1,1,0,1,4
6,270,1,1,0,1,4
6,297,1,1,0,1,4
6,299,1,1,0,0,4
6,337,1,1,0,0,4
6,338,1,1,0,0,4
6,340,1,1,1,0,4
6,366,1,1,0,0,4
6,368,1,1,1,0,4
6,376,1,1,0,0,4
6,389,1,1,1,0,4
6,400,1,1,1,0,4
6,415,1,1,0,0,4
6,421,1,1,0,0,4
6,428,1,1,0,0,4
6,443,1,1,0,0,4
6,454,1,1,0,0,4
6,466,1,1,0,1,4
6,470,1,1,0,1,4
6,488,1,1,0,1,4
6,492,1,1,0,0,4
6,493,1,1,0,1,4
6,502,1,1,0,1,4
6,525,1,1,0,0,4
6,548,1,1,0,0,4
6,575,1,1,0,0,4
6,585,1,1,0,0,4
6,598,1,1,0,1,4
6,601,1,1,0,1,4
6,617,1,1,1,0,4
6,654,1,1,0,0,4
6,657,1,1,0,0,4
6,670,1,1,1,0,4
6,679,1,1,0,0,4
6,683,1,1,0,0,4
6,685,1,1,0,1,4
6,703,1,1,0,0,4
6,706,1,1,1,0,4
6,722,1,1,0,1,4
6,723,1,1,0,0,4
6,726,1,1,1,0,4
6,733,1,1,0,0,4
6,750,1,1,1,0,4
6,771,1,1,1,0,4
6,788,1,1,1,0,4
6,789,1,1,0,0,4
6,790,1,1,1,0,4
6,796,1,1,0,0,4
6,800,1,1,0,0,4
6,825,1,1,0,0,4
6,841,1,1,0,1,4
6,863,1,1,0,0,4
6,887,1,1,0,0,4
6,888,1,1,0,1,4
6,891,1,1,0,0,4
6,898,1,1,0,0,4
6,903,1,1,1,0,4
6,906,1,1,1,0,4
6,912,1,1,0,1,4
6,916,1,1,0,1,4
6,927,1,1,0,0,4
6,944,1,1,0,0,4
6,961,1,1,0,0,4
6,964,1,1,0,0,4
6,970,1,1,1,0,4
6,991,1,1,1,0,4
6,996,1,1,0,1,4
6,1001,1,1,0,0,4
6,1029,1,1,0,0,4
6,1034,1,1,0,0,4
6,1053,1,1,1,0,4
6,1055,1,1,0,0,4
6,1064,1,1,0,1,4
6,1065,1,1,1,0,4
6,1072,1,1,0,0,4
6,1075,1,1,0,0,4
6,1088,1,1,1,0,4
6,1092,1,1,0,0,4
6,1104,1,1,0,0,4
6,1112,1,1,1,0,4
6,1115,1,1,0,1,4
6,1119,1,1,0,1,4
6,1121,1,1,0,1,4
6,1131,1,1,0,0,4
6,1132,1,1,0,1,4
6,1136,1,1,0,1,4
6,1139,1,1,1,0,4
6,1146,1,1,1,0,4
6,1168,1,1,1,0,4
6,1179,1,1,0,0,4
6,1180,1,1,0,0,4
6,1187,1,1,1,0,4
6,1198,1,1,1,0,4
6,1203,1,1,1,0,4
6,1213,1,1,0,1,4
6,1227,1,1,1,0,4
6,1244,1,1,0,0,4
6,1264,1,1,0,0,4
6,1272,1,1,0,0,4
6,1281,1,1,1,0,4
6,1289,1,1,0,1,4
6,1294,1,1,0,0,4
6,1326,1,1,1,0,4
6,1328,1,1,1,0,4
6,1331,1,1,0,0,4
6,1352,1,1,1,0,4
6,1358,1,1,0,0,4
6,1360,1,1,0,0,4
6,1361,1,1,0,1,4
6,1365,1,1,0,0,4
6,1377,1,1,1,0,4
6,1382,1,1,0,1,4
6,1400,1,1,0,0,4
6,1409,1,1,0,0,4
6,1418,1,1,0,0,4
6,1424,1,1,0,1,4
6,1430,1,1,1,0,4
6,1441,1,1,0,0,4
6,1446,1,1,0,1,4
6,1447,1,1,1,0,4
6,1471,1,1,0,1,4
6,1485,1,1,1,0,4
6,1492,1,1,0,0,4
6,1497,1,1,0,1,4
6,1499,1,1,0,0,4
6,1519,1,1,0,0,4
6,1528,1,1,0,1,4
6,1531,1,1,1,0,4
6,1539,1,1,0,1,4
6,1547,1,1,0,0,4
6,1554,1,1,0,1,4
6,1565,1,1,0,0,4
6,1567,1,1,0,0,4
6,1572,1,1,0,0,4
6,1584,1,1,1,0,4
6,1597,1,1,0,1,4
6,1615,1,1,0,0,4
6,1624,1,1,0,0,4
6,1625,1,1,0,0,4
6,1661,1,1,0,1,4
6,1668,1,1,1,0,4
6,1671,1,1,0,0,4
6,1694,1,1,0,1,4
6,1697,1,1,0,0,4
6,1703,1,1,1,0,4
6,1736,1,1,1,0,4
6,1739,1,1,1,0,4
6,1743,1,1,1,0,4
6,1759,1,1,0,1,4
6,1794,1,1,0,1,4
6,1800,1,1,0,0,4
6,1808,1,1,0,0,4
6,1813,1,1,1,0,4
6,1824,1,1,0,1,4
6,1827,1,1,0,1,4
6,1829,1,1,0,1,4
6,1835,1,1,0,1,4
6,1839,1,1,1,0,4
6,1856,1,1,0,0,4
6,1869,1,1,1,0,4
6,1872,1,1,0,0,4
6,1875,1,1,1,0,4
6,1884,1,1,1,0,4
6,1886,1,1,1,0,4
6,1890,1,1,0,0,4
6,1894,1,1,1,0,4
6,1899,1,1,0,0,4
6,1906,1,1,0,0,4
6,1930,1,1,0,0,4
6,1937,1,1,0,1,4
6,1938,1,1,0,1,4
6,1943,1,1,0,0,4
6,1964,1,1,0,1,4
6,1977,1,1,0,1,4
6,1978,1,1,0,0,4
6,1986,1,1,0,0,4
6,1999,1,1,1,0,4
6,2012,1,1,0,1,4
6,2025,1,1,0,0,4
6,2030,1,1,1,0,4
6,2073,1,1,0,0,4
6,2074,1,1,0,0,4
6,2087,1,1,0,1,4
6,2101,1,1,0,0,4
6,2102,1,1,0,0,4
6,2129,1,1,1,0,4
6,2130,1,1,0,0,4
6,2131,1,1,0,1,4
6,2138,1,1,0,0,4
6,2169,1,1,0,1,4
6,2198,1,1,1,0,4
6,2227,1,1,0,1,4
6,2237,1,1,1,0,4
6,2240,1,1,1,0,4
6,2250,1,1,1,0,4
6,2259,1,1,0,0,4
6,2280,1,1,0,0,4
6,2287,1,1,0,0,4
6,2288,1,1,0,0,4
6,2304,1,1,0,1,4
6,2316,1,1,1,0,4
6,2326,1,1,1,0,4
6,2351,1,1,0,1,4
6,2358,1,1,0,0,4
6,2370,1,1,1,0,4
6,2377,1,1,0,1,4
6,2381,1,1,0,0,4
6,2382,1,1,1,0,4
6,2408,1,1,0,0,4
6,2414,1,1,0,0,4
6,2418,1,1,1,0,4
6,2432,1,1,0,0,4
6,2433,1,1,0,1,4
6,2450,1,1,0,0,4
6,2454,1,1,1,0,4
6,2477,1,1,0,0,4
6,2478,1,1,0,1,4
6,2479,1,1,0,0,4
6,2490,1,1,0,1,4
6,2496,1,1,1,0,4
6,23,1,1,0,0,5
6,42,1,1,0,0,5
6,44,1,1,0,0,5
6,64,1,1,1,0,5
6,75,1,1,0,0,5
6,81,1,1,0,0,5
6,102,1,1,0,1,5
6,106,1,1,0,1,5
6,110,1,1,1,0,5
6,116,1,1,0,0,5
6,119,1,1,0,1,5
6,136,1,1,1,0,5
6,137,1,1,0,1,5
6,174,1,1,0,1,5
6,197,1,1,0,0,5
6,202,1,1,0,0,5
6,227,1,1,0,0,5
6,258,1,1,0,0,5
6,286,1,1,0,1,5
6,287,1,1,0,1,5
6,309,1,1,0,1,5
6,311,1,1,0,0,5
6,313,1,1,0,0,5
6,346,1,1,0,0,5
6,353,1,1,0,0,5
6,360,1,1,0,0,5
6,375,1,1,0,0,5
6,382,1,1,0,0,5
6,393,1,1,0,0,5
6,409,1,1,1,0,5
6,440,1,1,0,0,5
6,445,1,1,0,0,5
6,459,1,1,0,1,5
6,473,1,1,1,0,5
6,519,1,1,0,0,5
6,526,1,1,1,0,5
6,532,1,1,0,0,5
6,541,1,1,0,0,5
6,554,1,1,0,0,5
6,568,1,1,0,0,5
6,589,1,1,0,0,5
6,602,1,1,1,0,5
6,607,1,1,1,0,5
6,613,1,1,0,1,5
6,625,1,1,0,1,5
6,633,1,1,0,0,5
6,638,1,1,0,0,5
6,642,1,1,1,0,5
6,664,1,1,0,0,5
6,686,1,1,0,0,5
6,699,1,1,0,0,5
6,702,1,1,0,1,5
6,710,1,1,0,1,5
6,735,1,1,0,0,5
6,736,1,1,0,1,5
6,742,1,1,0,1,5
6,743,1,1,0,0,5
6,747,1,1,0,1,5
6,748,1,1,0,0,5
6,753,1,1,1,0,5
6,763,1,1,1,0,5
6,764,1,1,0,1,5
6,767,1,1,0,0,5
6,782,1,1,0,1,5
6,793,1,1,1,0,5
6,817,1,1,0,0,5
6,839,1,1,0,0,5
6,844,1,1,0,0,5
6,868,1,1,0,0,5
6,872,1,1,1,0,5
6,876,1,1,1,0,5
6,902,1,1,0,0,5
6,908,1,1,1,0,5
6,932,1,1,0,0,5
6,938,1,1,0,0,5
6,965,1,1,0,0,5
6,966,1,1,1,0,5
6,993,1,1,0,0,5
6,1006,1,1,0,1,5
6,1045,1,1,0,1,5
6,1051,1,1,0,0,5
6,1052,1,1,1,0,5
6,1059,1,1,1,0,5
6,1066,1,1,1,0,5
6,1067,1,1,0,0,5
6,1073,1,1,1,0,5
6,1074,1,1,0,0,5
6,1084,1,1,0,0,5
6,1091,1,1,0,0,5
6,1120,1,1,0,0,5
6,1123,1,1,0,1,5
6,1125,1,1,0,0,5
6,1134,1,1,1,0,5
6,1169,1,1,0,1,5
6,1174,1,1,1,0,5
6,1193,1,1,0,1,5
6,1211,1,1,0,1,5
6,1228,1,1,0,0,5
6,1231,1,1,0,0,5
6,1245,1,1,0,0,5
6,1248,1,1,0,1,5
6,1258,1,1,0,0,5
6,1278,1,1,1,0,5
6,1282,1,1,0,0,5
6,1288,1,1,0,0,5
6,1296,1,1,0,1,5
6,1304,1,1,0,1,5
6,1307,1,1,1,0,5
6,1334,1,1,0,0,5
6,1347,1,1,0,0,5
6,1350,1,1,0,0,5
6,1359,1,1,0,0,5
6,1369,1,1,0,1,5
6,1376,1,1,0,0,5
6,1385,1,1,0,0,5
6,1391,1,1,0,1,5
6,1396,1,1,1,0,5
6,1402,1,1,0,0,5
6,1428,1,1,1,0,5
6,1435,1,1,0,0,5
6,1449,1,1,0,0,5
6,1457,1,1,1,0,5
6,1476,1,1,1,0,5
6,1488,1,1,0,1,5
6,1509,1,1,0,1,5
6,1511,1,1,0,1,5
6,1513,1,1,0,0,5
6,1525,1,1,0,0,5
6,1533,1,1,1,0,5
6,1542,1,1,0,0,5
6,1553,1,1,0,0,5
6,1577,1,1,0,0,5
6,1594,1,1,0,1,5
6,1635,1,1,0,0,5
6,1672,1,1,1,0,5
6,1681,1,1,0,0,5
6,1692,1,1,1,0,5
6,1713,1,1,1,0,5
6,1764,1,1,1,0,5
6,1769,1,1,0,0,5
6,1771,1,1,1,0,5
6,1791,1,1,0,0,5
6,1811,1,1,0,0,5
6,1819,1,1,0,1,5
6,1821,1,1,1,0,5
6,1826,1,1,1,0,5
6,1837,1,1,0,0,5
6,1838,1,1,0,0,5
6,1842,1,1,0,0,5
6,1848,1,1,0,1,5
6,1870,1,1,0,1,5
6,1878,1,1,1,0,5
6,1880,1,1,1,0,5
6,1883,1,1,1,0,5
6,1891,1,1,0,1,5
6,1910,1,1,0,0,5
6,1919,1,1,1,0,5
6,1944,1,1,0,0,5
6,1962,1,1,0,0,5
6,1994,1,1,0,1,5
6,2019,1,1,0,1,5
6,2028,1,1,0,1,5
6,2037,1,1,0,0,5
6,2041,1,1,1,0,5
6,2048,1,1,1,0,5
6,2054,1,1,0,1,5
6,2057,1,1,0,1,5
6,2069,1,1,0,1,5
6,2085,1,1,1,0,5
6,2089,1,1,1,0,5
6,2120,1,1,1,0,5
6,2122,1,1,0,0,5
6,2140,1,1,0,0,5
6,2143,1,1,0,0,5
6,2153,1,1,0,0,5
6,2157,1,1,1,0,5
6,2159,1,1,0,0,5
6,2165,1,1,1,0,5
6,2171,1,1,1,0,5
6,2177,1,1,1,0,5
6,2180,1,1,1,0,5
6,2187,1,1,1,0,5
6,2191,1,1,0,0,5
6,2203,1,1,0,0,5
6,2215,1,1,1,0,5
6,2224,1,1,0,0,5
6,2267,1,1,0,1,5
6,2274,1,1,0,1,5
6,2283,1,1,1,0,5
6,2284,1,1,0,1,5
6,2290,1,1,0,0,5
6,2296,1,1,0,0,5
6,2303,1,1,0,0,5
6,2308,1,1,0,0,5
6,2336,1,1,1,0,5
6,2339,1,1,0,0,5
6,2361,1,1,1,0,5
6,2368,1,1,0,1,5
6,2415,1,1,0,1,5
6,2416,1,1,0,0,5
6,2425,1,1,0,1,5
6,2442,1,1,1,0,5
6,2462,1,1,0,0,5
6,2475,1,1,1,0,5
6,2486,1,1,0,0,5
6,21,3,3,0,3,6
6,26,3,3,0,0,6
6,63,3,3,0,0,6
6,72,3,3,3,0,6
6,78,3,3,0,0,6
6,93,3,3,0,3,6
6,100,3,3,3,0,6
6,104,3,3,0,3,6
6,108,3,3,0,3,6
6,151,3,3,3,0,6
6,173,3,3,0,0,6
6,194,3,3,0,3,6
6,256,3,3,0,0,6
6,259,3,3,0,0,6
6,264,3,3,0,3,6
6,321,3,3,0,2,6
6,352,3,3,3,0,6
6,357,3,3,0,2,6
6,392,3,3,3,0,6
6,414,3,3,0,0,6
6,425,3,3,0,0,6
6,437,3,3,3,0,6
6,453,3,3,0,3,6
6,476,3,3,3,0,6
6,486,3,3,0,3,6
6,514,3,3,3,0,6
6,533,3,3,0,0,6
6,539,3,3,0,0,6
6,542,3,3,0,0,6
6,549,3,3,0,0,6
6,576,3,3,0,0,6
6,590,3,3,3,0,6
6,599,3,3,0,0,6
6,600,3,3,0,3,6
6,603,3,3,0,3,6
6,623,3,3,1,0,6
6,630,3,3,0,2,6
6,652,3,3,0,3,6
6,667,3,3,0,0,6
6,671,3,3,3,0,6
6,672,3,3,0,0,6
6,682,3,3,0,0,6
6,731,3,3,0,0,6
6,738,3,3,0,0,6
6,759,3,3,0,0,6
6,760,3,3,3,0,6
6,779,3,3,0,0,6
6,798,3,3,0,0,6
6,828,3,3,0,0,6
6,829,3,3,0,2,6
6,834,3,3,0,0,6
6,849,3,3,0,0,6
6,860,3,3,0,0,6
6,865,3,3,0,0,6
6,869,3,3,0,1,6
6,877,3,3,3,0,6
6,883,3,3,3,0,6
6,920,3,3,0,0,6
6,958,3,3,0,0,6
6,985,3,3,3,0,6
6,1010,3,3,3,0,6
6,1012,3,3,3,0,6
6,1023,3,3,0,3,6
6,1046,3,3,0,0,6
6,1062,3,3,0,2,6
6,1063,3,3,0,3,6
6,1071,3,3,0,0,6
6,1077,3,3,3,0,6
6,1079,3,3,0,3,6
6,1081,3,3,0,0,6
6,1086,3,3,3,0,6
6,1093,3,3,0,3,6
6,1108,3,3,3,0,6
6,1164,3,3,0,0,6
6,1166,3,3,0,3,6
6,1171,3,3,3,0,6
6,1201,3,3,1,0,6
6,1205,3,3,0,2,6
6,1217,3,3,0,0,6
6,1249,3,3,0,3,6
6,1250,3,3,0,0,6
6,1269,3,3,0,0,6
6,1271,3,3,0,0,6
6,1274,3,3,0,0,6
6,1280,3,3,0,3,6
6,1301,3,3,0,0,6
6,1309,3,3,0,0,6
6,1311,3,3,0,3,6
6,1325,3,3,0,0,6
6,1340,3,3,3,0,6
6,1343,3,3,3,0,6
6,1353,3,3,0,0,6
6,1357,3,3,0,0,6
6,1395,3,3,0,0,6
6,1397,3,3,0,0,6
6,1411,3,3,0,0,6
6,1420,3,3,3,0,6
6,1432,3,3,0,3,6
6,1490,3,3,0,0,6
6,1518,3,3,3,0,6
6,1527,3,3,0,0,6
6,1585,3,3,3,0,6
6,1598,3,3,0,0,6
6,1640,3,3,3,0,6
6,1657,3,3,0,0,6
6,1693,3,3,0,3,6
6,1705,3,3,0,0,6
6,1720,3,3,0,0,6
6,1730,3,3,0,3,6
6,1731,3,3,0,0,6
6,1755,3,3,0,3,6
6,1756,3,3,0,0,6
6,1775,3,3,0,2,6
6,1790,3,3,3,0,6
6,1799,3,3,3,0,6
6,1806,3,3,0,0,6
6,1818,3,3,0,0,6
6,1831,3,3,3,0,6
6,1845,3,3,0,3,6
6,1885,3,3,0,0,6
6,1895,3,3,0,1,6
6,1909,3,3,0,0,6
6,1914,3,3,0,3,6
6,1935,3,3,3,0,6
6,1953,3,3,3,0,6
6,1957,3,3,0,0,6
6,1960,3,3,3,0,6
6,1975,3,3,3,0,6
6,1992,3,3,3,0,6
6,1998,3,3,0,0,6
6,2002,3,3,0,3,6
6,2020,3,3,0,0,6
6,2034,3,3,0,3,6
6,2035,3,3,0,0,6
6,2056,3,3,3,0,6
6,2083,3,3,0,0,6
6,2084,3,3,0,0,6
6,2117,3,3,0,0,6
6,2124,3,3,0,0,6
6,2125,3,3,0,0,6
6,2126,3,3,0,0,6
6,2210,3,3,0,0,6
6,2293,3,3,3,0,6
6,2298,3,3,0,3,6
6,2301,3,3,0,3,6
6,2305,3,3,0,0,6
6,2315,3,3,0,0,6
6,2356,3,3,3,0,6
6,2360,3,3,0,0,6
6,2407,3,3,0,0,6
6,2427,3,3,1,0,6
6,2429,3,3,0,3,6
6,2440,3,3,0,0,6
6,15,2,2,0,0,7
6,65,2,2,0,2,7
6,79,2,2,2,0,7
6,83,2,2,0,2,7
6,87,2,2,1,0,7
6,94,2,2,2,0,7
6,107,2,2,0,2,7
6,114,2,2,0,0,7
6,118,2,2,0,2,7
6,123,2,2,0,2,7
6,139,2,2,1,0,7
6,172,2,2,0,2,7
6,178,2,2,0,0,7
6,186,2,2,0,0,7
6,191,2,2,0,2,7
6,199,2,2,0,2,7
6,207,2,2,0,0,7
6,208,2,2,0,0,7
6,228,2,2,0,2,7
6,234,2,2,0,0,7
6,255,2,2,2,0,7
6,272,2,2,0,0,7
6,273,2,2,0,2,7
6,278,2,2,2,0,7
6,289,2,2,0,0,7
6,343,2,2,0,0,7
6,380,2,2,2,0,7
6,385,2,2,0,2,7
6,398,2,2,0,2,7
6,416,2,2,2,0,7
6,422,2,2,0,2,7
6,426,2,2,2,0,7
6,429,2,2,0,2,7
6,436,2,2,2,0,7
6,439,2,2,0,0,7
6,450,2,2,2,0,7
6,509,2,2,0,0,7
6,515,2,2,2,0,7
6,521,2,2,0,1,7
6,522,2,2,2,0,7
6,529,2,2,0,1,7
6,578,2,2,2,0,7
6,584,2,2,0,2,7
6,618,2,2,0,0,7
6,624,2,2,0,0,7
6,648,2,2,0,0,7
6,650,2,2,0,2,7
6,676,2,2,0,0,7
6,681,2,2,2,0,7
6,688,2,2,1,0,7
6,693,2,2,0,0,7
6,696,2,2,0,0,7
6,718,2,2,1,0,7
6,721,2,2,0,1,7
6,737,2,2,2,0,7
6,741,2,2,2,0,7
6,745,2,2,0,1,7
6,772,2,2,0,2,7
6,801,2,2,0,0,7
6,802,2,2,0,0,7
6,826,2,2,2,0,7
6,843,2,2,0,2,7
6,855,2,2,0,2,7
6,905,2,2,2,0,7
6,910,2,2,1,0,7
6,926,2,2,2,0,7
6,937,2,2,0,0,7
6,947,2,2,0,0,7
6,975,2,2,0,0,7
6,976,2,2,2,0,7
6,978,2,2,0,0,7
6,990,2,2,2,0,7
6,1004,2,2,2,0,7
6,1005,2,2,2,0,7
6,1013,2,2,2,0,7
6,1016,2,2,0,2,7
6,1032,2,2,2,0,7
6,1076,2,2,0,0,7
6,1095,2,2,2,0,7
6,1102,2,2,0,2,7
6,1114,2,2,0,0,7
6,1118,2,2,0,0,7
6,1148,2,2,0,0,7
6,1156,2,2,0,2,7
6,1163,2,2,0,0,7
6,1196,2,2,0,0,7
6,1204,2,2,2,0,7
6,1214,2,2,0,0,7
6,1232,2,2,0,0,7
6,1240,2,2,1,0,7
6,1310,2,2,2,0,7
6,1313,2,2,2,0,7
6,1314,2,2,2,0,7
6,1320,2,2,2,0,7
6,1330,2,2,0,0,7
6,1341,2,2,2,0,7
6,1346,2,2,0,0,7
6,1399,2,2,2,0,7
6,1421,2,2,2,0,7
6,1426,2,2,1,0,7
6,1434,2,2,2,0,7
6,1450,2,2,1,0,7
6,1459,2,2,0,0,7
6,1473,2,2,0,0,7
6,1479,2,2,2,0,7
6,1516,2,2,2,0,7
6,1558,2,2,2,0,7
6,1559,2,2,0,0,7
6,1581,2,2,2,0,7
6,1583,2,2,0,0,7
6,1637,2,2,2,0,7
6,1642,2,2,0,0,7
6,1646,2,2,0,0,7
6,1667,2,2,0,0,7
6,1674,2,2,0,2,7
6,1717,2,2,2,0,7
6,1723,2,2,2,0,7
6,1726,2,2,0,0,7
6,1740,2,2,0,2,7
6,1749,2,2,0,0,7
6,1768,2,2,0,0,7
6,1783,2,2,0,2,7
6,1785,2,2,0,2,7
6,1833,2,2,0,0,7
6,1843,2,2,0,0,7
6,1847,2,2,0,2,7
6,1866,2,2,0,0,7
6,1876,2,2,0,0,7
6,1902,2,2,2,0,7
6,1927,2,2,0,0,7
6,1933,2,2,0,0,7
6,1976,2,2,0,2,7
6,1987,2,2,0,0,7
6,1997,2,2,0,0,7
6,2006,2,2,0,2,7
6,2022,2,2,0,0,7
6,2024,2,2,0,2,7
6,2052,2,2,0,0,7
6,2094,2,2,0,2,7
6,2097,2,2,0,0,7
6,2111,2,2,2,0,7
6,2116,2,2,0,2,7
6,2127,2,2,0,2,7
6,2146,2,2,0,0,7
6,2167,2,2,2,0,7
6,2195,2,2,2,0,7
6,2199,2,2,0,0,7
6,2205,2,2,0,2,7
6,2229,2,2,0,0,7
6,2244,2,2,2,0,7
6,2248,2,2,2,0,7
6,2254,2,2,2,0,7
6,2256,2,2,0,0,7
6,2310,2,2,2,0,7
6,2314,2,2,0,2,7
6,2319,2,2,2,0,7
6,2355,2,2,2,0,7
6,2365,2,2,1,0,7
6,2396,2,2,0,2,7
6,2446,2,2,0,0,7
6,2459,2,2,0,0,7
6,2472,2,2,2,0,7
6,19,3,3,0,3,8
6,29,3,3,0,0,8
6,55,3,3,0,0,8
6,124,3,3,0,0,8
6,162,3,3,0,3,8
6,198,3,3,0,3,8
6,216,3,3,0,0,8
6,220,3,3,0,0,8
6,290,3,3,0,0,8
6,316,3,3,0,3,8
6,327,3,3,0,0,8
6,348,3,3,3,0,8
6,358,3,3,0,3,8
6,367,3,3,0,0,8
6,373,3,3,1,0,8
6,403,3,3,0,0,8
6,432,3,3,0,0,8
6,482,3,3,0,0,8
6,498,3,3,3,0,8
6,504,3,3,0,0,8
6,506,3,3,3,0,8
6,513,3,3,0,0,8
6,536,3,3,0,1,8
6,543,3,3,0,3,8
6,550,3,3,0,0,8
6,556,3,3,0,0,8
6,561,3,3,0,0,8
6,572,3,3,0,3,8
6,580,3,3,0,3,8
6,591,3,3,3,0,8
6,605,3,3,0,3,8
6,641,3,3,0,0,8
6,658,3,3,0,3,8
6,674,3,3,0,1,8
6,690,3,3,0,3,8
6,700,3,3,0,0,8
6,757,3,3,0,0,8
6,778,3,3,0,0,8
6,810,3,3,0,3,8
6,838,3,3,0,0,8
6,840,3,3,3,0,8
6,842,3,3,0,0,8
6,846,3,3,0,3,8
6,885,3,3,0,3,8
6,889,3,3,3,0,8
6,909,3,3,0,0,8
6,919,3,3,3,0,8
6,963,3,3,0,1,8
6,988,3,3,0,3,8
6,1003,3,3,3,0,8
6,1011,3,3,1,0,8
6,1022,3,3,1,0,8
6,1025,3,3,0,0,8
6,1033,3,3,3,0,8
6,1060,3,3,0,0,8
6,1070,3,3,0,3,8
6,1113,3,3,0,3,8
6,1122,3,3,0,0,8
6,1158,3,3,0,3,8
6,1161,3,3,3,0,8
6,1186,3,3,3,0,8
6,1199,3,3,3,0,8
6,1209,3,3,0,3,8
6,1224,3,3,1,0,8
6,1243,3,3,0,0,8
6,1254,3,3,0,1,8
6,1268,3,3,0,0,8
6,1286,3,3,0,1,8
6,1290,3,3,0,0,8
6,1374,3,3,0,1,8
6,1378,3,3,3,0,8
6,1379,3,3,3,0,8
6,1380,3,3,3,0,8
6,1401,3,3,0,3,8
6,1403,3,3,0,0,8
6,1406,3,3,0,3,8
6,1443,3,3,0,0,8
6,1444,3,3,0,0,8
6,1464,3,3,0,0,8
6,1465,3,3,0,0,8
6,1496,3,3,0,3,8
6,1550,3,3,0,0,8
6,1568,3,3,0,0,8
6,1587,3,3,0,0,8
6,1604,3,3,3,0,8
6,1619,3,3,0,3,8
6,1634,3,3,0,0,8
6,1651,3,3,0,0,8
6,1666,3,3,0,0,8
6,1691,3,3,0,0,8
6,1699,3,3,3,0,8
6,1722,3,3,3,0,8
6,1725,3,3,0,0,8
6,1746,3,3,3,0,8
6,1750,3,3,0,0,8
6,1765,3,3,1,0,8
6,1817,3,3,0,0,8
6,1854,3,3,3,0,8
6,1857,3,3,0,0,8
6,1864,3,3,0,3,8
6,1898,3,3,0,3,8
6,1901,3,3,3,0,8
6,1949,3,3,3,0,8
6,2005,3,3,1,0,8
6,2017,3,3,0,3,8
6,2059,3,3,0,3,8
6,2076,3,3,0,0,8
6,2078,3,3,1,0,8
6,2105,3,3,0,0,8
6,2160,3,3,0,0,8
6,2175,3,3,0,0,8
6,2179,3,3,0,0,8
6,2189,3,3,0,3,8
6,2196,3,3,3,0,8
6,2201,3,3,3,0,8
6,2204,3,3,0,0,8
6,2220,3,3,0,0,8
6,2230,3,3,0,1,8
6,2253,3,3,0,3,8
6,2268,3,3,0,0,8
6,2340,3,3,0,3,8
6,2367,3,3,0,3,8
6,2379,3,3,0,3,8
6,2384,3,3,0,0,8
6,2398,3,3,3,0,8
6,2404,3,3,0,0,8
6,2445,3,3,0,0,8
6,2453,3,3,0,0,8
6,2489,3,3,0,0,8
6,10,1,1,0,1,9
6,12,1,1,0,1,9
6,41,1,1,0,1,9
6,62,1,1,0,0,9
6,113,1,1,0,1,9
6,117,1,1,0,0,9
6,121,1,1,1,0,9
6,141,1,1,0,0,9
6,149,1,1,1,0,9
6,153,1,1,0,1,9
6,164,1,1,0,1,9
6,167,1,1,0,1,9
6,180,1,1,1,0,9
6,187,1,1,0,0,9
6,196,1,1,0,0,9
6,257,1,1,1,0,9
6,276,1,1,0,1,9
6,300,1,1,0,0,9
6,301,1,1,0,1,9
6,304,1,1,0,0,9
6,314,1,1,0,1,9
6,344,1,1,1,0,9
6,371,1,1,0,0,9
6,411,1,1,0,0,9
6,423,1,1,1,0,9
6,447,1,1,0,0,9
6,465,1,1,0,1,9
6,471,1,1,1,0,9
6,483,1,1,0,0,9
6,546,1,1,0,0,9
6,552,1,1,0,0,9
6,563,1,1,0,0,9
6,567,1,1,1,0,9
6,577,1,1,1,0,9
6,587,1,1,0,0,9
6,588,1,1,1,0,9
6,594,1,1,1,0,9
6,595,1,1,0,0,9
6,609,1,1,0,0,9
6,643,1,1,0,0,9
6,649,1,1,0,0,9
6,704,1,1,0,0,9
6,707,1,1,0,1,9
6,712,1,1,0,0,9
6,716,1,1,0,0,9
6,720,1,1,0,1,9
6,729,1,1,0,0,9
6,746,1,1,0,0,9
6,768,1,1,1,0,9
6,781,1,1,0,1,9
6,794,1,1,1,0,9
6,809,1,1,0,1,9
6,811,1,1,0,0,9
6,814,1,1,1,0,9
6,816,1,1,1,0,9
6,818,1,1,1,0,9
6,831,1,1,0,0,9
6,835,1,1,0,1,9
6,858,1,1,0,0,9
6,866,1,1,0,0,9
6,886,1,1,0,0,9
6,897,1,1,1,0,9
6,899,1,1,1,0,9
6,922,1,1,0,1,9
6,924,1,1,0,0,9
6,950,1,1,1,0,9
6,962,1,1,1,0,9
6,1000,1,1,0,0,9
6,1042,1,1,0,1,9
6,1044,1,1,0,0,9
6,1049,1,1,1,0,9
6,1054,1,1,1,0,9
6,1110,1,1,0,1,9
6,1117,1,1,0,1,9
6,1124,1,1,1,0,9
6,1144,1,1,1,0,9
6,1155,1,1,0,1,9
6,1160,1,1,0,1,9
6,1191,1,1,0,0,9
6,1206,1,1,0,1,9
6,1229,1,1,0,1,9
6,1252,1,1,0,0,9
6,1257,1,1,0,1,9
6,1261,1,1,0,0,9
6,1266,1,1,0,0,9
6,1270,1,1,1,0,9
6,1277,1,1,0,0,9
6,1279,1,1,1,0,9
6,1323,1,1,0,0,9
6,1342,1,1,1,0,9
6,1344,1,1,1,0,9
6,1349,1,1,0,0,9
6,1393,1,1,0,1,9
6,1398,1,1,1,0,9
6,1414,1,1,1,0,9
6,1422,1,1,0,0,9
6,1429,1,1,0,1,9
6,1436,1,1,0,0,9
6,1440,1,1,0,0,9
6,1453,1,1,1,0,9
6,1483,1,1,0,1,9
6,1491,1,1,0,0,9
6,1504,1,1,0,1,9
6,1510,1,1,0,1,9
6,1538,1,1,0,1,9
6,1548,1,1,1,0,9
6,1549,1,1,1,0,9
6,1561,1,1,0,0,9
6,1589,1,1,0,0,9
6,1612,1,1,0,0,9
6,1620,1,1,0,0,9
6,1645,1,1,0,1,9
6,1658,1,1,0,1,9
6,1676,1,1,1,0,9
6,1696,1,1,0,1,9
6,1700,1,1,1,0,9
6,1706,1,1,0,1,9
6,1729,1,1,0,1,9
6,1732,1,1,0,0,9
6,1733,1,1,0,0,9
6,1741,1,1,0,1,9
6,1752,1,1,1,0,9
6,1758,1,1,0,0,9
6,1762,1,1,0,0,9
6,1766,1,1,1,0,9
6,1778,1,1,0,0,9
6,1793,1,1,0,0,9
6,1812,1,1,0,1,9
6,1868,1,1,0,1,9
6,1873,1,1,0,0,9
6,1912,1,1,0,1,9
6,1948,1,1,0,1,9
6,1959,1,1,1,0,9
6,1973,1,1,0,0,9
6,1982,1,1,0,1,9
6,1983,1,1,0,1,9
6,1985,1,1,0,1,9
6,2008,1,1,0,0,9
6,2039,1,1,0,0,9
6,2047,1,1,0,0,9
6,2053,1,1,0,1,9
6,2067,1,1,0,1,9
6,2104,1,1,0,1,9
6,2107,1,1,0,0,9
6,2109,1,1,0,1,9
6,2137,1,1,0,0,9
6,2161,1,1,1,0,9
6,2163,1,1,0,0,9
6,2182,1,1,0,0,9
6,2190,1,1,0,1,9
6,2235,1,1,0,0,9
6,2238,1,1,0,1,9
6,2241,1,1,1,0,9
6,2251,1,1,0,0,9
6,2307,1,1,0,1,9
6,2311,1,1,0,1,9
6,2318,1,1,0,0,9
6,2322,1,1,0,1,9
6,2325,1,1,1,0,9
6,2329,1,1,1,0,9
6,2331,1,1,0,1,9
6,2333,1,1,0,0,9
6,2352,1,1,0,0,9
6,2386,1,1,0,1,9
6,2390,1,1,0,0,9
6,2397,1,1,1,0,9
6,2405,1,1,1,0,9
6,2409,1,1,0,0,9
6,2410,1,1,1,0,9
6,2413,1,1,0,1,9
6,2435,1,1,0,0,9
6,2436,1,1,1,0,9
6,2443,1,1,0,1,9
6,2469,1,1,1,0,9
6,2482,1,1,1,0,9
6,2499,1,1,0,0,9
6,32,1,1,0,1,10
6,35,1,1,0,0,10
6,90,1,1,0,1,10
6,92,1,1,0,1,10
6,96,1,1,0,0,10
6,120,1,1,0,0,10
6,127,1,1,0,0,10
6,132,1,1,0,0,10
6,163,1,1,1,0,10
6,166,1,1,0,0,10
6,177,1,1,0,0,10
6,224,1,1,0,0,10
6,247,1,1,0,0,10
6,261,1,1,0,0,10
6,267,1,1,0,0,10
6,282,1,1,0,1,10
6,305,1,1,1,0,10
6,326,1,1,0,0,10
6,330,1,1,0,0,10
6,350,1,1,0,0,10
6,369,1,1,0,0,10
6,381,1,1,1,0,10
6,383,1,1,1,0,10
6,401,1,1,0,1,10
6,424,1,1,0,0,10
6,435,1,1,0,0,10
6,452,1,1,0,1,10
6,481,1,1,1,0,10
6,497,1,1,1,0,10
6,500,1,1,0,0,10
6,511,1,1,0,0,10
6,528,1,1,0,0,10
6,547,1,1,1,0,10
6,564,1,1,0,1,10
6,574,1,1,1,0,10
6,593,1,1,0,0,10
6,629,1,1,0,0,10
6,665,1,1,0,0,10
6,675,1,1,0,0,10
6,680,1,1,0,0,10
6,689,1,1,0,1,10
6,705,1,1,0,0,10
6,719,1,1,0,1,10
6,739,1,1,0,1,10
6,755,1,1,1,0,10
6,756,1,1,1,0,10
6,758,1,1,1,0,10
6,761,1,1,0,0,10
6,765,1,1,0,0,10
6,773,1,1,0,0,10
6,774,1,1,0,0,10
6,780,1,1,0,1,10
6,784,1,1,0,1,10
6,792,1,1,0,1,10
6,806,1,1,1,0,10
6,823,1,1,1,0,10
6,837,1,1,0,0,10
6,857,1,1,1,0,10
6,871,1,1,0,1,10
6,878,1,1,1,0,10
6,879,1,1,0,0,10
6,882,1,1,1,0,10
6,893,1,1,0,1,10
6,945,1,1,0,1,10
6,971,1,1,0,0,10
6,979,1,1,0,0,10
6,994,1,1,1,0,10
6,999,1,1,0,0,10
6,1039,1,1,0,0,10
6,1043,1,1,0,0,10
6,1101,1,1,0,0,10
6,1142,1,1,1,0,10
6,1153,1,1,1,0,10
6,1202,1,1,1,0,10
6,1255,1,1,0,0,10
6,1300,1,1,1,0,10
6,1318,1,1,1,0,10
6,1329,1,1,0,0,10
6,1339,1,1,0,0,10
6,1354,1,1,0,1,10
6,1383,1,1,1,0,10
6,1384,1,1,0,0,10
6,1388,1,1,0,1,10
6,1410,1,1,0,0,10
6,1454,1,1,1,0,10
6,1466,1,1,0,0,10
6,1475,1,1,0,0,10
6,1493,1,1,1,0,10
6,1502,1,1,0,0,10
6,1514,1,1,0,0,10
6,1520,1,1,0,0,10
6,1523,1,1,0,1,10
6,1532,1,1,0,0,10
6,1560,1,1,0,0,10
6,1595,1,1,1,0,10
6,1605,1,1,1,0,10
6,1613,1,1,1,0,10
6,1623,1,1,0,1,10
6,1628,1,1,0,0,10
6,1632,1,1,0,1,10
6,1679,1,1,0,1,10
6,1684,1,1,0,1,10
6,1685,1,1,0,0,10
6,1688,1,1,0,0,10
6,1698,1,1,0,1,10
6,1715,1,1,0,1,10
6,1719,1,1,0,0,10
6,1724,1,1,1,0,10
6,1727,1,1,0,1,10
6,1745,1,1,0,1,10
6,1754,1,1,0,1,10
6,1787,1,1,0,0,10
6,1823,1,1,0,0,10
6,1871,1,1,0,1,10
6,1877,1,1,0,1,10
6,1908,1,1,0,0,10
6,1921,1,1,0,1,10
6,1936,1,1,0,0,10
6,1942,1,1,0,1,10
6,1956,1,1,1,0,10
6,1972,1,1,0,0,10
6,2004,1,1,0,1,10
6,2060,1,1,1,0,10
6,2064,1,1,0,1,10
6,2077,1,1,1,0,10
6,2079,1,1,1,0,10
6,2147,1,1,0,0,10
6,2173,1,1,0,0,10
6,2183,1,1,0,0,10
6,2193,1,1,1,0,10
6,2208,1,1,0,0,10
6,2209,1,1,1,0,10
6,2212,1,1,1,0,10
6,2265,1,1,0,0,10
6,2279,1,1,0,0,10
6,2291,1,1,0,0,10
6,2295,1,1,1,0,10
6,2312,1,1,0,0,10
6,2313,1,1,0,0,10
6,2317,1,1,0,1,10
6,2323,1,1,0,0,10
6,2343,1,1,1,0,10
6,2359,1,1,1,0,10
6,2362,1,1,1,0,10
6,2402,1,1,0,0,10
6,2439,1,1,0,0,10
6,2464,1,1,0,0,10
6,2470,1,1,0,1,10
6,2495,1,1,0,0,10
6,2497,1,1,1,0,10
6,0,3,3,0,2,11
6,11,3,3,2,0,11
6,38,3,3,0,2,11
6,50,3,3,0,0,11
6,54,3,3,0,1,11
6,60,3,3,0,0,11
6,69,3,3,0,0,11
6,99,3,3,3,0,11
6,101,3,3,0,0,11
6,105,3,3,0,0,11
6,128,3,3,0,0,11
6,140,3,3,0,0,11
6,143,3,3,0,2,11
6,145,3,3,3,0,11
6,161,3,3,1,0,11
6,190,3,3,0,0,11
6,192,3,3,1,0,11
6,201,3,3,0,3,11
6,204,3,3,0,0,11
6,217,3,3,0,1,11
6,239,3,3,1,0,11
6,244,3,3,0,2,11
6,262,3,3,0,0,11
6,281,3,3,0,0,11
6,294,3,3,0,0,11
6,374,3,3,0,0,11
6,384,3,3,0,0,11
6,433,3,3,3,0,11
6,441,3,3,0,0,11
6,446,3,3,3,0,11
6,451,3,3,0,0,11
6,468,3,3,0,0,11
6,557,3,3,0,2,11
6,610,3,3,0,0,11
6,614,3,3,1,0,11
6,632,3,3,3,0,11
6,640,3,3,0,0,11
6,668,3,3,0,0,11
6,725,3,3,0,0,11
6,732,3,3,0,0,11
6,734,3,3,3,0,11
6,776,3,3,3,0,11
6,783,3,3,0,0,11
6,785,3,3,3,0,11
6,791,3,3,0,0,11
6,812,3,3,0,0,11
6,813,3,3,0,3,11
6,819,3,3,3,0,11
6,875,3,3,0,0,11
6,935,3,3,0,2,11
6,936,3,3,0,0,11
6,943,3,3,1,0,11
6,1019,3,3,0,0,11
6,1038,3,3,3,0,11
6,1057,3,3,1,0,11
6,1135,3,3,0,3,11
6,1141,3,3,0,0,11
6,1230,3,3,0,0,11
6,1246,3,3,0,0,11
6,1253,3,3,0,3,11
6,1256,3,3,0,3,11
6,1306,3,3,0,1,11
6,1316,3,3,0,0,11
6,1317,3,3,3,0,11
6,1337,3,3,0,0,11
6,1345,3,3,0,3,11
6,1348,3,3,0,0,11
6,1356,3,3,0,0,11
6,1364,3,3,3,0,11
6,1367,3,3,0,2,11
6,1389,3,3,0,1,11
6,1392,3,3,0,1,11
6,1419,3,3,0,3,11
6,1431,3,3,3,0,11
6,1438,3,3,0,1,11
6,1470,3,3,0,3,11
6,1478,3,3,0,1,11
6,1556,3,3,0,0,11
6,1569,3,3,2,0,11
6,1570,3,3,0,0,11
6,1576,3,3,0,0,11
6,1580,3,3,3,0,11
6,1600,3,3,1,0,11
6,1601,3,3,0,0,11
6,1608,3,3,0,0,11
6,1614,3,3,0,0,11
6,1633,3,3,0,0,11
6,1638,3,3,0,3,11
6,1639,3,3,0,0,11
6,1644,3,3,2,0,11
6,1654,3,3,3,0,11
6,1670,3,3,0,1,11
6,1753,3,3,0,0,11
6,1761,3,3,2,0,11
6,1767,3,3,0,2,11
6,1773,3,3,0,0,11
6,1782,3,3,0,3,11
6,1784,3,3,0,3,11
6,1810,3,3,0,2,11
6,1840,3,3,0,3,11
6,1841,3,3,0,2,11
6,1852,3,3,0,0,11
6,1874,3,3,0,1,11
6,1879,3,3,0,0,11
6,1893,3,3,0,1,11
6,1911,3,3,0,0,11
6,1934,3,3,0,3,11
6,1940,3,3,3,0,11
6,1954,3,3,0,2,11
6,1965,3,3,0,1,11
6,2014,3,3,0,0,11
6,2016,3,3,0,2,11
6,2021,3,3,1,0,11
6,2029,3,3,0,0,11
6,2031,3,3,0,0,11
6,2051,3,3,0,0,11
6,2062,3,3,0,0,11
6,2070,3,3,0,1,11
6,2088,3,3,1,0,11
6,2185,3,3,0,0,11
6,2188,3,3,0,0,11
6,2200,3,3,2,0,11
6,2228,3,3,0,1,11
6,2243,3,3,3,0,11
6,2255,3,3,2,0,11
6,2260,3,3,0,0,11
6,2263,3,3,0,0,11
6,2264,3,3,0,0,11
6,2289,3,3,0,1,11
6,2306,3,3,0,2,11
6,2338,3,3,0,0,11
6,2341,3,3,2,0,11
6,2345,3,3,0,0,11
6,2349,3,3,1,0,11
6,2364,3,3,3,0,11
6,2373,3,3,3,0,11
6,2392,3,3,0,0,11
6,2401,3,3,0,0,11
6,2412,3,3,3,0,11
6,2434,3,3,0,3,11
6,2451,3,3,0,2,11
6,2458,3,3,0,0,11
6,2463,3,3,0,0,11
6,2480,3,3,0,3,11
6,2484,3,3,0,0,11
6,4,2,2,0,0,12
6,27,2,2,1,0,12
6,71,2,2,1,0,12
6,112,2,2,0,1,12
6,147,2,2,0,2,12
6,148,2,2,0,0,12
6,211,2,2,0,0,12
6,213,2,2,0,1,12
6,223,2,2,1,0,12
6,266,2,2,0,0,12
6,268,2,2,0,2,12
6,291,2,2,0,1,12
6,306,2,2,0,0,12
6,315,2,2,0,1,12
6,333,2,2,0,0,12
6,355,2,2,0,2,12
6,364,2,2,0,0,12
6,387,2,2,0,0,12
6,388,2,2,0,0,12
6,406,2,2,0,1,12
6,420,2,2,1,0,12
6,467,2,2,0,0,12
6,475,2,2,1,0,12
6,477,2,2,2,0,12
6,479,2,2,0,0,12
6,484,2,2,0,0,12
6,487,2,2,1,0,12
6,518,2,2,1,0,12
6,523,2,2,1,0,12
6,535,2,2,0,0,12
6,579,2,2,0,1,12
6,615,2,2,2,0,12
6,645,2,2,1,0,12
6,656,2,2,2,0,12
6,673,2,2,2,0,12
6,687,2,2,1,0,12
6,694,2,2,0,1,12
6,697,2,2,0,1,12
6,727,2,2,0,0,12
6,754,2,2,1,0,12
6,775,2,2,0,0,12
6,821,2,2,0,0,12
6,847,2,2,1,0,12
6,850,2,2,1,0,12
6,851,2,2,0,2,12
6,854,2,2,2,0,12
6,870,2,2,0,0,12
6,881,2,2,2,0,12
6,895,2,2,0,0,12
6,904,2,2,0,2,12
6,917,2,2,0,1,12
6,967,2,2,1,0,12
6,968,2,2,0,0,12
6,1002,2,2,0,0,12
6,1007,2,2,0,0,12
6,1014,2,2,0,0,12
6,1015,2,2,0,0,12
6,1028,2,2,2,0,12
6,1040,2,2,0,0,12
6,1048,2,2,1,0,12
6,1061,2,2,0,0,12
6,1069,2,2,2,0,12
6,1085,2,2,0,0,12
6,1094,2,2,0,1,12
6,1194,2,2,0,0,12
6,1215,2,2,1,0,12
6,1236,2,2,0,0,12
6,1237,2,2,0,0,12
6,1239,2,2,1,0,12
6,1259,2,2,0,0,12
6,1265,2,2,0,0,12
6,1336,2,2,0,0,12
6,1366,2,2,0,0,12
6,1408,2,2,0,0,12
6,1416,2,2,0,0,12
6,1452,2,2,0,0,12
6,1455,2,2,0,1,12
6,1456,2,2,2,0,12
6,1468,2,2,0,1,12
6,1472,2,2,2,0,12
6,1477,2,2,0,0,12
6,1501,2,2,2,0,12
6,1524,2,2,0,0,12
6,1526,2,2,1,0,12
6,1579,2,2,0,0,12
6,1607,2,2,0,1,12
6,1610,2,2,0,0,12
6,1622,2,2,2,0,12
6,1629,2,2,0,1,12
6,1650,2,2,0,0,12
6,1677,2,2,0,1,12
6,1680,2,2,0,1,12
6,1704,2,2,0,0,12
6,1728,2,2,0,1,12
6,1798,2,2,0,1,12
6,1830,2,2,0,1,12
6,1836,2,2,2,0,12
6,1851,2,2,1,0,12
6,1855,2,2,0,0,12
6,1860,2,2,0,1,12
6,1862,2,2,0,2,12
6,1882,2,2,1,0,12
6,1889,2,2,1,0,12
6,1900,2,2,0,1,12
6,1915,2,2,0,0,12
6,1916,2,2,0,2,12
6,1922,2,2,0,2,12
6,1925,2,2,0,0,12
6,1932,2,2,2,0,12
6,2001,2,2,1,0,12
6,2010,2,2,0,1,12
6,2027,2,2,0,0,12
6,2044,2,2,0,0,12
6,2086,2,2,0,1,12
6,2092,2,2,0,0,12
6,2123,2,2,0,1,12
6,2134,2,2,0,0,12
6,2164,2,2,0,0,12
6,2211,2,2,0,2,12
6,2232,2,2,1,0,12
6,2233,2,2,2,0,12
6,2236,2,2,0,1,12
6,2277,2,2,0,1,12
6,2299,2,2,0,0,12
6,2374,2,2,0,0,12
6,2375,2,2,0,0,12
6,2394,2,2,0,2,12
6,2474,2,2,1,0,12
6,2481,2,2,0,0,12
6,2493,2,2,0,2,12
6,3,1,1,1,0,13
6,5,1,1,0,0,13
6,9,1,1,1,0,13
6,20,1,1,0,0,13
6,28,1,1,1,0,13
6,49,1,1,0,1,13
6,52,1,1,0,1,13
6,68,1,1,0,1,13
6,70,1,1,0,0,13
6,77,1,1,1,0,13
6,88,1,1,0,0,13
6,109,1,1,0,0,13
6,131,1,1,1,0,13
6,152,1,1,0,0,13
6,168,1,1,1,0,13
6,195,1,1,0,1,13
6,236,1,1,0,1,13
6,243,1,1,0,0,13
6,274,1,1,0,0,13
6,279,1,1,0,0,13
6,293,1,1,0,0,13
6,312,1,1,0,0,13
6,331,1,1,0,1,13
6,359,1,1,1,0,13
6,377,1,1,0,1,13
6,397,1,1,0,1,13
6,405,1,1,1,0,13
6,407,1,1,1,0,13
6,418,1,1,0,0,13
6,460,1,1,0,0,13
6,490,1,1,0,0,13
6,499,1,1,0,0,13
6,501,1,1,1,0,13
6,503,1,1,0,0,13
6,508,1,1,1,0,13
6,512,1,1,0,0,13
6,520,1,1,0,1,13
6,530,1,1,1,0,13
6,534,1,1,0,0,13
6,540,1,1,0,0,13
6,570,1,1,1,0,13
6,582,1,1,0,0,13
6,586,1,1,0,1,13
6,606,1,1,1,0,13
6,608,1,1,1,0,13
6,626,1,1,0,0,13
6,637,1,1,0,0,13
6,644,1,1,0,1,13
6,660,1,1,0,1,13
6,678,1,1,0,1,13
6,695,1,1,1,0,13
6,698,1,1,1,0,13
6,740,1,1,0,1,13
6,762,1,1,0,0,13
6,822,1,1,0,0,13
6,824,1,1,0,0,13
6,862,1,1,0,1,13
6,864,1,1,0,0,13
6,880,1,1,0,0,13
6,911,1,1,1,0,13
6,914,1,1,0,0,13
6,931,1,1,0,1,13
6,939,1,1,0,0,13
6,953,1,1,0,1,13
6,954,1,1,0,0,13
6,956,1,1,1,0,13
6,974,1,1,0,1,13
6,980,1,1,0,0,13
6,998,1,1,1,0,13
6,1008,1,1,0,0,13
6,1027,1,1,0,1,13
6,1030,1,1,0,0,13
6,1041,1,1,0,0,13
6,1080,1,1,0,0,13
6,1103,1,1,0,0,13
6,1107,1,1,1,0,13
6,1116,1,1,0,1,13
6,1126,1,1,0,0,13
6,1128,1,1,1,0,13
6,1175,1,1,0,0,13
6,1183,1,1,0,0,13
6,1212,1,1,1,0,13
6,1219,1,1,0,0,13
6,1223,1,1,0,0,13
6,1247,1,1,0,0,13
6,1260,1,1,0,1,13
6,1267,1,1,0,0,13
6,1273,1,1,1,0,13
6,1293,1,1,0,0,13
6,1319,1,1,0,0,13
6,1321,1,1,0,0,13
6,1324,1,1,0,0,13
6,1363,1,1,0,0,13
6,1371,1,1,0,0,13
6,1375,1,1,0,0,13
6,1407,1,1,0,1,13
6,1433,1,1,0,1,13
6,1448,1,1,0,1,13
6,1461,1,1,0,1,13
6,1508,1,1,0,1,13
6,1517,1,1,1,0,13
6,1535,1,1,0,1,13
6,1541,1,1,0,0,13
6,1544,1,1,0,0,13
6,1545,1,1,1,0,13
6,1551,1,1,1,0,13
6,1563,1,1,0,1,13
6,1566,1,1,0,1,13
6,1578,1,1,1,0,13
6,1588,1,1,1,0,13
6,1596,1,1,0,1,13
6,1599,1,1,0,0,13
6,1611,1,1,1,0,13
6,1626,1,1,0,0,13
6,1641,1,1,0,1,13
6,1643,1,1,1,0,13
6,1649,1,1,1,0,13
6,1655,1,1,1,0,13
6,1656,1,1,1,0,13
6,1660,1,1,0,0,13
6,1663,1,1,1,0,13
6,1675,1,1,0,1,13
6,1686,1,1,1,0,13
6,1690,1,1,0,0,13
6,1712,1,1,0,0,13
6,1714,1,1,0,1,13
6,1735,1,1,0,0,13
6,1737,1,1,0,1,13
6,1776,1,1,0,0,13
6,1777,1,1,1,0,13
6,1789,1,1,0,0,13
6,1792,1,1,0,1,13
6,1804,1,1,0,0,13
6,1849,1,1,0,1,13
6,1850,1,1,1,0,13
6,1867,1,1,1,0,13
6,1892,1,1,0,0,13
6,1903,1,1,1,0,13
6,1917,1,1,0,0,13
6,1928,1,1,0,1,13
6,1958,1,1,1,0,13
6,1981,1,1,0,1,13
6,1989,1,1,1,0,13
6,1993,1,1,1,0,13
6,2003,1,1,0,0,13
6,2038,1,1,0,0,13
6,2061,1,1,0,1,13
6,2072,1,1,0,0,13
6,2090,1,1,0,0,13
6,2098,1,1,0,0,13
6,2118,1,1,0,0,13
6,2145,1,1,0,1,13
6,2149,1,1,1,0,13
6,2156,1,1,0,1,13
6,2174,1,1,0,0,13
6,2213,1,1,0,0,13
6,2216,1,1,1,0,13
6,2221,1,1,0,1,13
6,2223,1,1,1,0,13
6,2245,1,1,0,0,13
6,2257,1,1,0,0,13
6,2261,1,1,0,1,13
6,2269,1,1,0,1,13
6,2302,1,1,1,0,13
6,2330,1,1,0,0,13
6,2332,1,1,0,0,13
6,2363,1,1,0,0,13
6,2366,1,1,0,0,13
6,2371,1,1,0,0,13
6,2391,1,1,0,1,13
6,2400,1,1,0,1,13
6,2403,1,1,1,0,13
6,2406,1,1,0,0,13
6,2431,1,1,0,0,13
6,2460,1,1,0,0,13
6,2476,1,1,1,0,13
6,2485,1,1,1,0,13
6,6,1,1,1,0,14
6,8,1,1,1,0,14
6,13,1,1,0,0,14
6,36,1,1,1,0,14
6,37,1,1,0,0,14
6,43,1,1,0,1,14
6,46,1,1,1,0,14
6,51,1,1,0,0,14
6,66,1,1,0,0,14
6,73,1,1,1,0,14
6,80,1,1,0,1,14
6,91,1,1,0,1,14
6,133,1,1,0,1,14
6,134,1,1,1,0,14
6,135,1,1,1,0,14
6,169,1,1,1,0,14
6,184,1,1,0,1,14
6,250,1,1,0,0,14
6,277,1,1,0,1,14
6,288,1,1,0,0,14
6,296,1,1,0,0,14
6,329,1,1,0,0,14
6,339,1,1,0,1,14
6,341,1,1,1,0,14
6,395,1,1,0,1,14
6,399,1,1,0,1,14
6,431,1,1,0,0,14
6,442,1,1,0,1,14
6,463,1,1,1,0,14
6,474,1,1,1,0,14
6,480,1,1,1,0,14
6,489,1,1,1,0,14
6,491,1,1,0,0,14
6,517,1,1,0,0,14
6,560,1,1,0,0,14
6,581,1,1,0,1,14
6,596,1,1,0,1,14
6,636,1,1,0,1,14
6,651,1,1,0,0,14
6,661,1,1,1,0,14
6,728,1,1,0,1,14
6,799,1,1,0,1,14
6,805,1,1,1,0,14
6,874,1,1,0,0,14
6,894,1,1,1,0,14
6,913,1,1,0,1,14
6,918,1,1,1,0,14
6,929,1,1,1,0,14
6,949,1,1,0,0,14
6,972,1,1,0,1,14
6,989,1,1,0,0,14
6,1009,1,1,0,0,14
6,1036,1,1,0,1,14
6,1078,1,1,0,0,14
6,1083,1,1,0,0,14
6,1087,1,1,1,0,14
6,1100,1,1,0,0,14
6,1129,1,1,1,0,14
6,1137,1,1,1,0,14
6,1149,1,1,0,1,14
6,1165,1,1,0,1,14
6,1222,1,1,0,0,14
6,1233,1,1,1,0,14
6,1234,1,1,1,0,14
6,1291,1,1,0,0,14
6,1295,1,1,0,0,14
6,1297,1,1,1,0,14
6,1308,1,1,0,0,14
6,1315,1,1,0,0,14
6,1332,1,1,0,0,14
6,1338,1,1,0,0,14
6,1355,1,1,0,1,14
6,1370,1,1,1,0,14
6,1381,1,1,1,0,14
6,1412,1,1,0,0,14
6,1415,1,1,0,0,14
6,1442,1,1,0,0,14
6,1462,1,1,0,0,14
6,1486,1,1,0,0,14
6,1495,1,1,1,0,14
6,1498,1,1,1,0,14
6,1564,1,1,0,1,14
6,1602,1,1,0,1,14
6,1669,1,1,1,0,14
6,1687,1,1,0,1,14
6,1707,1,1,0,1,14
6,1711,1,1,0,1,14
6,1718,1,1,0,1,14
6,1742,1,1,1,0,14
6,1757,1,1,0,0,14
6,1763,1,1,0,1,14
6,1779,1,1,1,0,14
6,1814,1,1,0,0,14
6,1825,1,1,0,0,14
6,1844,1,1,1,0,14
6,1846,1,1,0,0,14
6,1865,1,1,0,0,14
6,1913,1,1,0,0,14
6,1918,1,1,0,0,14
6,1923,1,1,0,0,14
6,1945,1,1,0,0,14
6,1951,1,1,0,0,14
6,1995,1,1,0,1,14
6,2018,1,1,0,0,14
6,2023,1,1,0,0,14
6,2042,1,1,0,1,14
6,2045,1,1,0,0,14
6,2055,1,1,0,0,14
6,2058,1,1,0,0,14
6,2075,1,1,0,1,14
6,2103,1,1,0,1,14
6,2106,1,1,0,0,14
6,2113,1,1,0,0,14
6,2132,1,1,0,1,14
6,2202,1,1,0,0,14
6,2206,1,1,1,0,14
6,2214,1,1,0,1,14
6,2239,1,1,0,1,14
6,2249,1,1,0,0,14
6,2272,1,1,1,0,14
6,2275,1,1,1,0,14
6,2328,1,1,1,0,14
6,2335,1,1,0,0,14
6,2354,1,1,1,0,14
6,2393,1,1,0,1,14
6,2419,1,1,1,0,14
6,2467,1,1,0,0,14
6,2491,1,1,0,1,14
6,2492,1,1,0,0,14
5,24,2,1,0,0,0
5,25,2,1,0,0,0
5,53,2,1,0,1,0
5,58,2,1,0,0,0
5,86,2,1,0,0,0
5,89,2,1,0,1,0
5,103,2,1,0,1,0
5,122,2,1,0,0,0
5,156,2,1,0,0,0
5,158,2,1,0,0,0
5,175,2,1,1,0,0
5,206,2,1,0,1,0
5,218,2,1,0,1,0
5,232,2,1,0,1,0
5,242,2,1,1,0,0
5,245,2,1,0,1,0
5,252,2,1,0,0,0
5,295,2,1,0,0,0
5,310,2,1,1,0,0
5,319,2,1,0,0,0
5,332,2,1,0,1,0
5,334,2,1,0,0,0
5,335,2,1,0,0,0
5,342,2,1,0,0,0
5,345,2,1,0,0,0
5,356,2,1,0,0,0
5,361,2,1,0,1,0
5,390,2,1,0,1,0
5,391,2,1,1,0,0
5,394,2,1,0,0,0
5,404,2,1,1,0,0
5,412,2,1,0,0,0
5,427,2,1,1,0,0
5,438,2,1,0,0,0
5,458,2,1,0,0,0
5,461,2,1,0,0,0
5,510,2,1,0,0,0
5,553,2,1,0,0,0
5,569,2,1,0,0,0
5,571,2,1,0,1,0
5,592,2,1,0,0,0
5,612,2,1,0,0,0
5,616,2,1,0,1,0
5,634,2,1,0,0,0
5,635,2,1,0,1,0
5,692,2,1,1,0,0
5,701,2,1,0,0,0
5,709,2,1,0,1,0
5,787,2,1,0,1,0
5,807,2,1,0,0,0
5,815,2,1,0,0,0
5,827,2,1,1,0,0
5,830,2,1,1,0,0
5,845,2,1,0,1,0
5,853,2,1,1,0,0
5,873,2,1,0,0,0
5,890,2,1,0,0,0
5,933,2,1,0,0,0
5,973,2,1,0,0,0
5,1018,2,1,1,0,0
5,1031,2,1,1,0,0
5,1047,2,1,1,0,0
5,1089,2,1,0,1,0
5,1097,2,1,0,0,0
5,1143,2,1,0,0,0
5,1154,2,1,0,0,0
5,1173,2,1,0,0,0
5,1182,2,1,0,0,0
5,1188,2,1,0,0,0
5,1216,2,1,0,0,0
5,1262,2,1,0,1,0
5,1284,2,1,0,0,0
5,1333,2,1,0,0,0
5,1373,2,1,0,0,0
5,1386,2,1,1,0,0
5,1460,2,1,0,0,0
5,1481,2,1,0,0,0
5,1489,2,1,1,0,0
5,1515,2,1,0,0,0
5,1536,2,1,0,0,0
5,1552,2,1,1,0,0
5,1557,2,1,1,0,0
5,1586,2,1,0,0,0
5,1593,2,1,0,0,0
5,1616,2,1,0,1,0
5,1627,2,1,0,0,0
5,1652,2,1,0,0,0
5,1664,2,1,0,1,0
5,1701,2,1,1,0,0
5,1708,2,1,0,1,0
5,1716,2,1,0,0,0
5,1738,2,1,1,0,0
5,1744,2,1,0,0,0
5,1747,2,1,0,0,0
5,1774,2,1,0,0,0
5,1795,2,1,0,0,0
5,1796,2,1,0,0,0
5,1802,2,1,0,1,0
5,1822,2,1,0,0,0
5,1828,2,1,1,0,0
5,1858,2,1,0,0,0
5,1888,2,1,0,0,0
5,1920,2,1,0,0,0
5,1924,2,1,0,0,0
5,1939,2,1,0,1,0
5,1946,2,1,0,0,0
5,1979,2,1,0,0,0
5,2015,2,1,0,0,0
5,2071,2,1,1,0,0
5,2091,2,1,0,1,0
5,2093,2,1,1,0,0
5,2095,2,1,0,1,0
5,2119,2,1,0,1,0
5,2121,2,1,0,1,0
5,2128,2,1,0,0,0
5,2139,2,1,0,0,0
5,2172,2,1,0,1,0
5,2176,2,1,1,0,0
5,2181,2,1,0,1,0
5,2218,2,1,0,0,0
5,2222,2,1,0,0,0
5,2247,2,1,0,0,0
5,2282,2,1,0,1,0
5,2292,2,1,1,0,0
5,2327,2,1,1,0,0
5,2334,2,1,1,0,0
5,2337,2,1,0,1,0
5,2346,2,1,1,0,0
5,2378,2,1,1,0,0
5,2380,2,1,0,1,0
5,2385,2,1,0,0,0
5,2387,2,1,1,0,0
5,2420,2,1,0,0,0
5,2441,2,1,0,0,0
5,2449,2,1,0,1,0
5,2456,2,1,0,0,0
5,2465,2,1,0,0,0
5,2473,2,1,0,0,0
5,2498,2,1,0,0,0
5,2,1,1,0,1,1
5,7,1,1,0,1,1
5,61,1,1,0,0,1
5,130,1,1,1,0,1
5,138,1,1,0,0,1
5,150,1,1,0,0,1
5,154,1,1,0,0,1
5,155,1,1,0,0,1
5,159,1,1,0,1,1
5,176,1,1,0,0,1
5,185,1,1,0,0,1
5,193,1,1,0,0,1
5,200,1,1,0,0,1
5,203,1,1,0,0,1
5,209,1,1,1,0,1
5,210,1,1,0,1,1
5,235,1,1,0,0,1
5,251,1,1,0,0,1
5,253,1,1,0,1,1
5,254,1,1,0,1,1
5,260,1,1,0,1,1
5,271,1,1,0,0,1
5,280,1,1,0,1,1
5,283,1,1,0,0,1
5,284,1,1,0,0,1
5,298,1,1,0,1,1
5,317,1,1,0,1,1
5,318,1,1,1,0,1
5,324,1,1,0,0,1
5,328,1,1,0,0,1
5,336,1,1,0,1,1
5,347,1,1,0,1,1
5,372,1,1,0,0,1
5,378,1,1,0,0,1
5,410,1,1,1,0,1
5,419,1,1,0,0,1
5,430,1,1,0,1,1
5,434,1,1,0,0,1
5,462,1,1,0,1,1
5,469,1,1,0,0,1
5,472,1,1,0,0,1
5,496,1,1,0,0,1
5,524,1,1,0,0,1
5,545,1,1,0,0,1
5,558,1,1,1,0,1
5,565,1,1,0,1,1
5,597,1,1,0,0,1
5,604,1,1,0,0,1
5,619,1,1,0,0,1
5,622,1,1,0,0,1
5,631,1,1,0,1,1
5,647,1,1,0,1,1
5,655,1,1,0,0,1
5,662,1,1,1,0,1
5,711,1,1,0,0,1
5,717,1,1,0,0,1
5,744,1,1,0,1,1
5,752,1,1,0,1,1
5,766,1,1,0,0,1
5,769,1,1,0,0,1
5,777,1,1,0,1,1
5,795,1,1,0,0,1
5,797,1,1,0,0,1
5,803,1,1,1,0,1
5,833,1,1,0,0,1
5,848,1,1,0,1,1
5,896,1,1,0,0,1
5,923,1,1,1,0,1
5,925,1,1,0,0,1
5,940,1,1,0,0,1
5,951,1,1,0,0,1
5,960,1,1,0,0,1
5,977,1,1,1,0,1
5,981,1,1,0,0,1
5,995,1,1,1,0,1
5,1020,1,1,1,0,1
5,1024,1,1,1,0,1
5,1068,1,1,0,0,1
5,1082,1,1,1,0,1
5,1098,1,1,0,0,1
5,1106,1,1,0,0,1
5,1109,1,1,1,0,1
5,1147,1,1,0,1,1
5,1152,1,1,1,0,1
5,1157,1,1,0,0,1
5,1167,1,1,0,0,1
5,1170,1,1,0,0,1
5,1172,1,1,1,0,1
5,1177,1,1,1,0,1
5,1192,1,1,0,1,1
5,1208,1,1,0,0,1
5,1210,1,1,0,0,1
5,1225,1,1,0,1,1
5,1241,1,1,0,0,1
5,1242,1,1,0,1,1
5,1275,1,1,0,0,1
5,1276,1,1,0,0,1
5,1285,1,1,0,0,1
5,1287,1,1,1,0,1
5,1302,1,1,0,0,1
5,1305,1,1,0,0,1
5,1322,1,1,0,1,1
5,1368,1,1,1,0,1
5,1390,1,1,0,0,1
5,1404,1,1,0,0,1
5,1423,1,1,0,1,1
5,1437,1,1,0,1,1
5,1467,1,1,0,0,1
5,1474,1,1,0,0,1
5,1487,1,1,1,0,1
5,1494,1,1,0,0,1
5,1500,1,1,0,0,1
5,1503,1,1,0,0,1
5,1512,1,1,0,1,1
5,1530,1,1,0,0,1
5,1540,1,1,0,0,1
5,1555,1,1,0,0,1
5,1591,1,1,1,0,1
5,1603,1,1,0,1,1
5,1617,1,1,0,0,1
5,1630,1,1,0,1,1
5,1659,1,1,0,1,1
5,1662,1,1,1,0,1
5,1673,1,1,1,0,1
5,1689,1,1,0,1,1
5,1702,1,1,0,0,1
5,1710,1,1,0,0,1
5,1734,1,1,1,0,1
5,1797,1,1,0,0,1
5,1816,1,1,0,0,1
5,1820,1,1,1,0,1
5,1832,1,1,0,0,1
5,1863,1,1,0,0,1
5,1887,1,1,1,0,1
5,1896,1,1,0,1,1
5,1929,1,1,0,0,1
5,1941,1,1,0,1,1
5,1952,1,1,1,0,1
5,1955,1,1,0,0,1
5,1961,1,1,0,0,1
5,1966,1,1,0,0,1
5,1968,1,1,0,0,1
5,1980,1,1,1,0,1
5,1984,1,1,0,0,1
5,1988,1,1,0,0,1
5,1990,1,1,0,0,1
5,2000,1,1,0,0,1
5,2007,1,1,1,0,1
5,2033,1,1,0,0,1
5,2049,1,1,0,1,1
5,2068,1,1,0,1,1
5,2082,1,1,0,0,1
5,2096,1,1,1,0,1
5,2100,1,1,0,0,1
5,2108,1,1,1,0,1
5,2110,1,1,1,0,1
5,2141,1,1,1,0,1
5,2154,1,1,0,0,1
5,2158,1,1,0,0,1
5,2170,1,1,1,0,1
5,2184,1,1,0,0,1
5,2192,1,1,0,0,1
5,2217,1,1,1,0,1
5,2219,1,1,0,0,1
5,2225,1,1,0,0,1
5,2234,1,1,0,0,1
5,2242,1,1,1,0,1
5,2252,1,1,0,1,1
5,2258,1,1,0,1,1
5,2266,1,1,0,1,1
5,2271,1,1,0,0,1
5,2294,1,1,0,1,1
5,2300,1,1,1,0,1
5,2320,1,1,0,0,1
5,2324,1,1,1,0,1
5,2344,1,1,0,1,1
5,2347,1,1,0,0,1
5,2350,1,1,0,0,1
5,2353,1,1,0,1,1
5,2357,1,1,0,1,1
5,2372,1,1,0,1,1
5,2383,1,1,0,0,1
5,2399,1,1,0,0,1
5,2422,1,1,1,0,1
5,2424,1,1,0,0,1
5,2438,1,1,0,0,1
5,2452,1,1,0,0,1
5,2468,1,1,0,1,1
5,2488,1,1,0,0,1
5,18,1,1,1,0,2
5,39,1,1,0,0,2
5,40,1,1,0,1,2
5,67,1,1,0,0,2
5,74,1,1,0,0,2
5,76,1,1,0,0,2
5,95,1,1,0,0,2
5,97,1,1,1,0,2
5,98,1,1,0,0,2
5,115,1,1,1,0,2
5,125,1,1,0,0,2
5,126,1,1,0,0,2
5,170,1,1,0,0,2
5,179,1,1,0,0,2
5,181,1,1,0,1,2
5,205,1,1,0,1,2
5,212,1,1,0,1,2
5,214,1,1,0,0,2
5,219,1,1,0,0,2
5,226,1,1,0,1,2
5,241,1,1,0,1,2
5,246,1,1,0,0,2
5,285,1,1,0,1,2
5,302,1,1,0,0,2
5,308,1,1,0,0,2
5,320,1,1,0,0,2
5,322,1,1,0,0,2
5,323,1,1,0,1,2
5,325,1,1,0,0,2
5,349,1,1,0,0,2
5,354,1,1,1,0,2
5,363,1,1,0,0,2
5,365,1,1,1,0,2
5,370,1,1,1,0,2
5,402,1,1,0,1,2
5,417,1,1,0,0,2
5,444,1,1,0,0,2
5,456,1,1,0,0,2
5,505,1,1,0,1,2
5,516,1,1,0,0,2
5,531,1,1,0,1,2
5,559,1,1,1,0,2
5,583,1,1,0,0,2
5,611,1,1,0,1,2
5,621,1,1,0,0,2
5,627,1,1,1,0,2
5,628,1,1,0,0,2
5,646,1,1,1,0,2
5,653,1,1,0,1,2
5,659,1,1,0,1,2
5,684,1,1,1,0,2
5,691,1,1,1,0,2
5,713,1,1,0,0,2
5,714,1,1,0,0,2
5,715,1,1,1,0,2
5,749,1,1,0,0,2
5,751,1,1,1,0,2
5,770,1,1,0,1,2
5,786,1,1,0,0,2
5,836,1,1,0,1,2
5,884,1,1,0,1,2
5,892,1,1,0,0,2
5,900,1,1,1,0,2
5,907,1,1,0,1,2
5,930,1,1,0,0,2
5,934,1,1,0,1,2
5,941,1,1,0,0,2
5,942,1,1,0,0,2
5,948,1,1,0,0,2
5,952,1,1,0,0,2
5,957,1,1,1,0,2
5,959,1,1,0,0,2
5,969,1,1,1,0,2
5,982,1,1,0,0,2
5,984,1,1,1,0,2
5,986,1,1,1,0,2
5,992,1,1,1,0,2
5,997,1,1,0,1,2
5,1017,1,1,0,0,2
5,1021,1,1,0,0,2
5,1037,1,1,0,0,2
5,1056,1,1,0,0,2
5,1090,1,1,0,0,2
5,1096,1,1,0,1,2
5,1099,1,1,0,0,2
5,1105,1,1,0,0,2
5,1127,1,1,0,1,2
5,1130,1,1,0,0,2
5,1145,1,1,0,0,2
5,1150,1,1,0,0,2
5,1159,1,1,0,0,2
5,1162,1,1,1,0,2
5,1184,1,1,0,0,2
5,1190,1,1,0,1,2
5,1197,1,1,1,0,2
5,1207,1,1,0,1,2
5,1220,1,1,0,0,2
5,1238,1,1,0,1,2
5,1292,1,1,0,1,2
5,1299,1,1,0,0,2
5,1303,1,1,0,0,2
5,1312,1,1,0,0,2
5,1413,1,1,0,0,2
5,1427,1,1,1,0,2
5,1445,1,1,0,0,2
5,1482,1,1,1,0,2
5,1521,1,1,0,0,2
5,1522,1,1,0,0,2
5,1543,1,1,0,1,2
5,1546,1,1,0,0,2
5,1562,1,1,1,0,2
5,1582,1,1,0,1,2
5,1592,1,1,0,0,2
5,1618,1,1,0,0,2
5,1621,1,1,0,0,2
5,1631,1,1,0,0,2
5,1647,1,1,1,0,2
5,1665,1,1,0,0,2
5,1682,1,1,0,0,2
5,1683,1,1,0,0,2
5,1751,1,1,0,0,2
5,1760,1,1,0,0,2
5,1781,1,1,0,0,2
5,1786,1,1,0,1,2
5,1801,1,1,0,1,2
5,1807,1,1,0,0,2
5,1809,1,1,1,0,2
5,1815,1,1,0,0,2
5,1853,1,1,0,1,2
5,1881,1,1,0,0,2
5,1897,1,1,0,1,2
5,1905,1,1,0,0,2
5,1926,1,1,0,0,2
5,1963,1,1,0,0,2
5,1967,1,1,1,0,2
5,1969,1,1,0,0,2
5,1970,1,1,0,0,2
5,1971,1,1,0,0,2
5,1974,1,1,0,1,2
5,1991,1,1,0,1,2
5,1996,1,1,0,0,2
5,2009,1,1,1,0,2
5,2011,1,1,0,0,2
5,2032,1,1,0,1,2
5,2036,1,1,0,1,2
5,2046,1,1,1,0,2
5,2050,1,1,0,0,2
5,2063,1,1,0,0,2
5,2099,1,1,0,0,2
5,2112,1,1,0,0,2
5,2136,1,1,1,0,2
5,2142,1,1,0,0,2
5,2144,1,1,1,0,2
5,2150,1,1,0,0,2
5,2162,1,1,0,0,2
5,2166,1,1,0,0,2
5,2168,1,1,0,0,2
5,2194,1,1,0,0,2
5,2226,1,1,0,0,2
5,2281,1,1,0,0,2
5,2285,1,1,0,1,2
5,2297,1,1,0,1,2
5,2321,1,1,0,1,2
5,2342,1,1,1,0,2
5,2376,1,1,1,0,2
5,2388,1,1,0,0,2
5,2421,1,1,0,0,2
5,2423,1,1,1,0,2
5,2428,1,1,0,0,2
5,2444,1,1,0,1,2
5,2447,1,1,1,0,2
5,2448,1,1,0,1,2
5,2455,1,1,0,1,2
5,2466,1,1,0,1,2
5,2471,1,1,0,0,2
5,2483,1,1,0,0,2
5,2494,1,1,1,0,2
5,1,2,3,0,1,3
5,16,2,3,0,0,3
5,22,2,3,0,0,3
5,33,2,3,0,0,3
5,34,2,3,0,0,3
5,45,2,3,0,0,3
5,48,2,3,0,0,3
5,56,2,3,0,0,3
5,57,2,3,1,0,3
5,59,2,3,0,0,3
5,111,2,3,0,0,3
5,129,2,3,0,0,3
5,144,2,3,0,0,3
5,165,2,3,0,0,3
5,183,2,3,0,1,3
5,222,2,3,0,0,3
5,229,2,3,0,1,3
5,231,2,3,0,1,3
5,248,2,3,0,0,3
5,263,2,3,0,0,3
5,269,2,3,0,0,3
5,275,2,3,0,0,3
5,292,2,3,0,1,3
5,303,2,3,1,0,3
5,307,2,3,1,0,3
5,351,2,3,0,0,3
5,362,2,3,1,0,3
5,379,2,3,0,0,3
5,386,2,3,0,1,3
5,396,2,3,0,0,3
5,408,2,3,0,1,3
5,413,2,3,0,0,3
5,448,2,3,0,0,3
5,449,2,3,0,1,3
5,455,2,3,0,0,3
5,457,2,3,0,0,3
5,464,2,3,0,0,3
5,478,2,3,0,1,3
5,485,2,3,1,0,3
5,494,2,3,0,0,3
5,495,2,3,0,1,3
5,507,2,3,0,1,3
5,527,2,3,0,0,3
5,537,2,3,1,0,3
5,538,2,3,0,1,3
5,544,2,3,0,0,3
5,551,2,3,0,0,3
5,555,2,3,1,0,3
5,562,2,3,1,0,3
5,566,2,3,0,1,3
5,573,2,3,0,1,3
5,620,2,3,0,0,3
5,639,2,3,0,1,3
5,663,2,3,0,1,3
5,666,2,3,1,0,3
5,669,2,3,0,0,3
5,677,2,3,0,0,3
5,708,2,3,0,0,3
5,724,2,3,0,0,3
5,730,2,3,0,0,3
5,804,2,3,0,1,3
5,808,2,3,0,1,3
5,820,2,3,0,0,3
5,832,2,3,0,1,3
5,852,2,3,0,1,3
5,856,2,3,0,0,3
5,859,2,3,0,1,3
5,861,2,3,0,1,3
5,867,2,3,0,1,3
5,901,2,3,0,0,3
5,915,2,3,0,0,3
5,921,2,3,1,0,3
5,928,2,3,1,0,3
5,946,2,3,1,0,3
5,955,2,3,1,0,3
5,983,2,3,0,0,3
5,987,2,3,0,0,3
5,1026,2,3,0,0,3
5,1035,2,3,1,0,3
5,1050,2,3,0,0,3
5,1058,2,3,0,0,3
5,1111,2,3,1,0,3
5,1133,2,3,0,1,3
5,1138,2,3,0,1,3
5,1140,2,3,0,0,3
5,1151,2,3,0,0,3
5,1176,2,3,0,1,3
5,1178,2,3,0,1,3
5,1181,2,3,0,1,3
5,1185,2,3,0,0,3
5,1189,2,3,1,0,3
5,1195,2,3,0,0,3
5,1200,2,3,0,0,3
5,1218,2,3,0,1,3
5,1221,2,3,0,0,3
5,1226,2,3,1,0,3
5,1235,2,3,0,0,3
5,1251,2,3,0,0,3
5,1263,2,3,0,0,3
5,1283,2,3,0,0,3
5,1298,2,3,0,0,3
5,1327,2,3,0,0,3
5,1335,2,3,0,1,3
5,1351,2,3,1,0,3
5,1362,2,3,0,0,3
5,1372,2,3,0,1,3
5,1387,2,3,0,0,3
5,1394,2,3,1,0,3
5,1405,2,3,0,0,3
5,1417,2,3,0,1,3
5,1425,2,3,1,0,3
5,1439,2,3,0,0,3
5,1451,2,3,0,1,3
5,1458,2,3,0,1,3
5,1463,2,3,0,0,3
5,1469,2,3,0,0,3
5,1480,2,3,0,0,3
5,1484,2,3,0,1,3
5,1505,2,3,0,0,3
5,1506,2,3,0,0,3
5,1507,2,3,0,0,3
5,1529,2,3,0,0,3
5,1534,2,3,0,0,3
5,1537,2,3,0,1,3
5,1571,2,3,0,1,3
5,1573,2,3,0,0,3
5,1574,2,3,1,0,3
5,1575,2,3,0,0,3
5,1590,2,3,1,0,3
5,1606,2,3,1,0,3
5,1609,2,3,0,0,3
5,1636,2,3,0,0,3
5,1648,2,3,1,0,3
5,1653,2,3,0,0,3
5,1678,2,3,0,1,3
5,1695,2,3,0,0,3
5,1709,2,3,0,1,3
5,1721,2,3,0,0,3
5,1748,2,3,0,0,3
5,1770,2,3,1,0,3
5,1772,2,3,0,1,3
5,1780,2,3,0,0,3
5,1788,2,3,0,0,3
5,1803,2,3,0,1,3
5,1805,2,3,0,0,3
5,1834,2,3,0,0,3
5,1859,2,3,0,0,3
5,1861,2,3,1,0,3
5,1904,2,3,0,0,3
5,1907,2,3,0,1,3
5,1931,2,3,0,1,3
5,1947,2,3,1,0,3
5,1950,2,3,0,1,3
5,2013,2,3,0,0,3
5,2026,2,3,0,0,3
5,2040,2,3,0,0,3
5,2043,2,3,0,0,3
5,2065,2,3,0,0,3
5,2066,2,3,0,0,3
5,2080,2,3,0,1,3
5,2081,2,3,0,0,3
5,2114,2,3,0,0,3
5,2115,2,3,1,0,3
5,2133,2,3,0,1,3
5,2135,2,3,0,0,3
5,2148,2,3,1,0,3
5,2151,2,3,1,0,3
5,2152,2,3,0,0,3
5,2155,2,3,0,0,3
5,2178,2,3,1,0,3
5,2186,2,3,0,1,3
5,2197,2,3,0,1,3
5,2207,2,3,0,0,3
5,2231,2,3,0,1,3
5,2246,2,3,0,0,3
5,2262,2,3,0,0,3
5,2270,2,3,0,0,3
5,2273,2,3,0,1,3
5,2276,2,3,0,0,3
5,2278,2,3,0,1,3
5,2286,2,3,0,0,3
5,2309,2,3,1,0,3
5,2348,2,3,1,0,3
5,2369,2,3,0,1,3
5,2389,2,3,0,0,3
5,2395,2,3,0,1,3
5,2411,2,3,0,0,3
5,2417,2,3,1,0,3
5,2426,2,3,0,0,3
5,2430,2,3,0,0,3
5,2437,2,3,0,0,3
5,2457,2,3,0,0,3
5,2461,2,3,0,1,3
5,2487,2,3,0,0,3
5,14,1,1,1,0,4
5,17,1,1,0,1,4
5,30,1,1,0,0,4
5,31,1,1,0,0,4
5,47,1,1,0,0,4
5,82,1,1,0,0,4
5,84,1,1,0,0,4
5,85,1,1,0,1,4
5,142,1,1,1,0,4
5,146,1,1,0,0,4
5,157,1,1,0,1,4
5,160,1,1,1,0,4
5,171,1,1,0,0,4
5,182,1,1,0,1,4
5,188,1,1,0,0,4
5,189,1,1,0,0,4
5,215,1,1,0,0,4
5,221,1,1,0,0,4
5,225,1,1,0,0,4
5,230,1,1,1,0,4
5,233,1,1,0,0,4
5,237,1,1,0,0,4
5,238,1,1,0,1,4
5,240,1,1,0,0,4
5,249,1,1,0,0,4
5,265,1,1,0,1,4
5,270,1,1,0,1,4
5,297,1,1,0,1,4
5,299,1,1,0,0,4
5,337,1,1,0,0,4
5,338,1,1,0,0,4
5,340,1,1,1,0,4
5,366,1,1,0,0,4
5,368,1,1,1,0,4
5,376,1,1,0,0,4
5,389,1,1,1,0,4
5,400,1,1,1,0,4
5,415,1,1,0,0,4
5,421,1,1,0,0,4
5,428,1,1,0,0,4
5,443,1,1,0,0,4
5,454,1,1,0,0,4
5,466,1,1,0,1,4
5,470,1,1,0,1,4
5,488,1,1,0,1,4
5,492,1,1,0,0,4
5,493,1,1,0,1,4
5,502,1,1,0,0,4
5,525,1,1,0,0,4
5,548,1,1,0,0,4
5,575,1,1,0,0,4
5,585,1,1,0,1,4
5,598,1,1,0,0,4
5,601,1,1,0,1,4
5,617,1,1,1,0,4
5,654,1,1,0,0,4
5,657,1,1,0,0,4
5,670,1,1,1,0,4
5,679,1,1,0,1,4
5,683,1,1,0,0,4
5,685,1,1,0,1,4
5,703,1,1,0,0,4
5,706,1,1,1,0,4
5,722,1,1,0,1,4
5,723,1,1,0,0,4
5,726,1,1,0,0,4
5,733,1,1,0,0,4
5,750,1,1,1,0,4
5,771,1,1,0,0,4
5,788,1,1,1,0,4
5,789,1,1,1,0,4
5,790,1,1,1,0,4
5,796,1,1,0,1,4
5,800,1,1,0,0,4
5,825,1,1,1,0,4
5,841,1,1,0,0,4
5,863,1,1,0,0,4
5,887,1,1,0,0,4
5,888,1,1,0,1,4
5,891,1,1,0,0,4
5,898,1,1,1,0,4
5,903,1,1,0,0,4
5,906,1,1,1,0,4
5,912,1,1,0,1,4
5,916,1,1,0,1,4
5,927,1,1,0,0,4
5,944,1,1,0,0,4
5,961,1,1,0,0,4
5,964,1,1,0,0,4
5,970,1,1,0,0,4
5,991,1,1,1,0,4
5,996,1,1,0,1,4
5,1001,1,1,0,0,4
5,1029,1,1,0,0,4
5,1034,1,1,0,0,4
5,1053,1,1,1,0,4
5,1055,1,1,1,0,4
5,1064,1,1,0,1,4
5,1065,1,1,1,0,4
5,1072,1,1,0,0,4
5,1075,1,1,0,0,4
5,1088,1,1,1,0,4
5,1092,1,1,0,0,4
5,1104,1,1,0,0,4
5,1112,1,1,1,0,4
5,1115,1,1,0,0,4
5,1119,1,1,0,1,4
5,1121,1,1,0,1,4
5,1131,1,1,0,0,4
5,1132,1,1,0,1,4
5,1136,1,1,0,1,4
5,1139,1,1,1,0,4
5,1146,1,1,1,0,4
5,1168,1,1,1,0,4
5,1179,1,1,0,0,4
5,1180,1,1,0,1,4
5,1187,1,1,1,0,4
5,1198,1,1,1,0,4
5,1203,1,1,1,0,4
5,1213,1,1,0,1,4
5,1227,1,1,0,0,4
5,1244,1,1,0,0,4
5,1264,1,1,0,0,4
5,1272,1,1,0,0,4
5,1281,1,1,1,0,4
5,1289,1,1,0,1,4
5,1294,1,1,0,0,4
5,1326,1,1,0,0,4
5,1328,1,1,1,0,4
5,1331,1,1,0,0,4
5,1352,1,1,1,0,4
5,1358,1,1,1,0,4
5,1360,1,1,0,1,4
5,1361,1,1,0,1,4
5,1365,1,1,0,0,4
5,1377,1,1,1,0,4
5,1382,1,1,0,0,4
5,1400,1,1,0,0,4
5,1409,1,1,0,0,4
5,1418,1,1,0,0,4
5,1424,1,1,0,1,4
5,1430,1,1,1,0,4
5,1441,1,1,0,0,4
5,1446,1,1,0,0,4
5,1447,1,1,1,0,4
5,1471,1,1,0,1,4
5,1485,1,1,1,0,4
5,1492,1,1,0,0,4
5,1497,1,1,0,1,4
5,1499,1,1,0,0,4
5,1519,1,1,0,0,4
5,1528,1,1,0,0,4
5,1531,1,1,1,0,4
5,1539,1,1,0,0,4
5,1547,1,1,0,0,4
5,1554,1,1,0,1,4
5,1565,1,1,0,0,4
5,1567,1,1,0,0,4
5,1572,1,1,0,0,4
5,1584,1,1,0,0,4
5,1597,1,1,0,1,4
5,1615,1,1,0,0,4
5,1624,1,1,0,0,4
5,1625,1,1,0,1,4
5,1661,1,1,0,1,4
5,1668,1,1,0,0,4
5,1671,1,1,0,0,4
5,1694,1,1,0,1,4
5,1697,1,1,0,0,4
5,1703,1,1,1,0,4
5,1736,1,1,1,0,4
5,1739,1,1,1,0,4
5,1743,1,1,1,0,4
5,1759,1,1,0,1,4
5,1794,1,1,0,1,4
5,1800,1,1,0,0,4
5,1808,1,1,0,0,4
5,1813,1,1,1,0,4
5,1824,1,1,0,1,4
5,1827,1,1,0,1,4
5,1829,1,1,0,1,4
5,1835,1,1,0,0,4
5,1839,1,1,1,0,4
5,1856,1,1,0,0,4
5,1869,1,1,0,0,4
5,1872,1,1,0,0,4
5,1875,1,1,1,0,4
5,1884,1,1,1,0,4
5,1886,1,1,0,0,4
5,1890,1,1,0,0,4
5,1894,1,1,1,0,4
5,1899,1,1,0,0,4
5,1906,1,1,0,0,4
5,1930,1,1,0,0,4
5,1937,1,1,0,1,4
5,1938,1,1,0,1,4
5,1943,1,1,0,0,4
5,1964,1,1,0,0,4
5,1977,1,1,0,1,4
5,1978,1,1,0,1,4
5,1986,1,1,0,0,4
5,1999,1,1,1,0,4
5,2012,1,1,0,0,4
5,2025,1,1,0,0,4
5,2030,1,1,0,0,4
5,2073,1,1,0,0,4
5,2074,1,1,0,1,4
5,2087,1,1,0,1,4
5,2101,1,1,0,0,4
5,2102,1,1,0,0,4
5,2129,1,1,1,0,4
5,2130,1,1,0,0,4
5,2131,1,1,0,1,4
5,2138,1,1,0,0,4
5,2169,1,1,0,1,4
5,2198,1,1,1,0,4
5,2227,1,1,0,0,4
5,2237,1,1,1,0,4
5,2240,1,1,0,0,4
5,2250,1,1,1,0,4
5,2259,1,1,0,0,4
5,2280,1,1,0,0,4
5,2287,1,1,0,0,4
5,2288,1,1,0,0,4
5,2304,1,1,0,1,4
5,2316,1,1,1,0,4
5,2326,1,1,1,0,4
5,2351,1,1,0,1,4
5,2358,1,1,0,0,4
5,2370,1,1,1,0,4
5,2377,1,1,0,1,4
5,2381,1,1,0,0,4
5,2382,1,1,1,0,4
5,2408,1,1,0,0,4
5,2414,1,1,0,0,4
5,2418,1,1,1,0,4
5,2432,1,1,0,0,4
5,2433,1,1,0,0,4
5,2450,1,1,0,0,4
5,2454,1,1,1,0,4
5,2477,1,1,0,0,4
5,2478,1,1,0,1,4
5,2479,1,1,0,0,4
5,2490,1,1,0,1,4
5,2496,1,1,1,0,4
5,23,3,1,0,0,5
5,42,3,1,0,0,5
5,44,3,1,0,0,5
5,64,3,1,3,0,5
5,75,3,1,0,0,5
5,81,3,1,0,0,5
5,102,3,1,0,1,5
5,106,3,1,0,0,5
5,110,3,1,3,0,5
5,116,3,1,1,0,5
5,119,3,1,0,1,5
5,136,3,1,0,0,5
5,137,3,1,0,0,5
5,174,3,1,0,1,5
5,197,3,1,0,0,5
5,202,3,1,0,1,5
5,227,3,1,1,0,5
5,258,3,1,0,0,5
5,286,3,1,0,1,5
5,287,3,1,0,1,5
5,309,3,1,0,0,5
5,311,3,1,0,0,5
5,313,3,1,0,0,5
5,346,3,1,0,0,5
5,353,3,1,0,0,5
5,360,3,1,0,0,5
5,375,3,1,0,0,5
5,382,3,1,0,0,5
5,393,3,1,0,0,5
5,409,3,1,3,0,5
5,440,3,1,0,0,5
5,445,3,1,0,0,5
5,459,3,1,0,1,5
5,473,3,1,3,0,5
5,519,3,1,0,0,5
5,526,3,1,3,0,5
5,532,3,1,1,0,5
5,541,3,1,0,0,5
5,554,3,1,0,0,5
5,568,3,1,0,0,5
5,589,3,1,0,0,5
5,602,3,1,0,0,5
5,607,3,1,0,0,5
5,613,3,1,0,1,5
5,625,3,1,0,1,5
5,633,3,1,0,0,5
5,638,3,1,0,0,5
5,642,3,1,3,0,5
5,664,3,1,0,0,5
5,686,3,1,1,0,5
5,699,3,1,0,0,5
5,702,3,1,0,1,5
5,710,3,1,0,1,5
5,735,3,1,0,1,5
5,736,3,1,0,1,5
5,742,3,1,0,1,5
5,743,3,1,0,0,5
5,747,3,1,0,0,5
5,748,3,1,0,1,5
5,753,3,1,0,0,5
5,763,3,1,3,0,5
5,764,3,1,0,1,5
5,767,3,1,0,0,5
5,782,3,1,0,1,5
5,793,3,1,3,0,5
5,817,3,1,0,0,5
5,839,3,1,0,0,5
5,844,3,1,0,0,5
5,868,3,1,0,0,5
5,872,3,1,3,0,5
5,876,3,1,0,0,5
5,902,3,1,0,0,5
5,908,3,1,3,0,5
5,932,3,1,0,0,5
5,938,3,1,0,0,5
5,965,3,1,0,0,5
5,966,3,1,3,0,5
5,993,3,1,0,0,5
5,1006,3,1,0,1,5
5,1045,3,1,0,1,5
5,1051,3,1,0,0,5
5,1052,3,1,3,0,5
5,1059,3,1,3,0,5
5,1066,3,1,3,0,5
5,1067,3,1,0,0,5
5,1073,3,1,3,0,5
5,1074,3,1,1,0,5
5,1084,3,1,0,0,5
5,1091,3,1,0,0,5
5,1120,3,1,0,0,5
5,1123,3,1,0,0,5
5,1125,3,1,0,0,5
5,1134,3,1,3,0,5
5,1169,3,1,0,0,5
5,1174,3,1,0,0,5
5,1193,3,1,0,0,5
5,1211,3,1,0,1,5
5,1228,3,1,0,0,5
5,1231,3,1,0,1,5
5,1245,3,1,0,0,5
5,1248,3,1,0,1,5
5,1258,3,1,0,0,5
5,1278,3,1,0,0,5
5,1282,3,1,0,0,5
5,1288,3,1,0,0,5
5,1296,3,1,0,0,5
5,1304,3,1,0,1,5
5,1307,3,1,3,0,5
5,1334,3,1,0,0,5
5,1347,3,1,0,0,5
5,1350,3,1,0,0,5
5,1359,3,1,0,0,5
5,1369,3,1,0,1,5
5,1376,3,1,0,0,5
5,1385,3,1,0,0,5
5,1391,3,1,0,1,5
5,1396,3,1,0,0,5
5,1402,3,1,0,0,5
5,1428,3,1,0,0,5
5,1435,3,1,0,0,5
5,1449,3,1,0,0,5
5,1457,3,1,3,0,5
5,1476,3,1,3,0,5
5,1488,3,1,0,1,5
5,1509,3,1,0,1,5
5,1511,3,1,0,1,5
5,1513,3,1,0,0,5
5,1525,3,1,0,0,5
5,1533,3,1,3,0,5
5,1542,3,1,0,0,5
5,1553,3,1,0,1,5
5,1577,3,1,0,0,5
5,1594,3,1,0,1,5
5,1635,3,1,0,0,5
5,1672,3,1,0,0,5
5,1681,3,1,0,0,5
5,1692,3,1,3,0,5
5,1713,3,1,3,0,5
5,1764,3,1,0,0,5
5,1769,3,1,0,0,5
5,1771,3,1,0,0,5
5,1791,3,1,0,0,5
5,1811,3,1,0,0,5
5,1819,3,1,0,1,5
5,1821,3,1,0,0,5
5,1826,3,1,3,0,5
5,1837,3,1,0,0,5
5,1838,3,1,0,0,5
5,1842,3,1,0,0,5
5,1848,3,1,0,1,5
5,1870,3,1,0,1,5
5,1878,3,1,0,0,5
5,1880,3,1,0,0,5
5,1883,3,1,0,0,5
5,1891,3,1,0,1,5
5,1910,3,1,0,0,5
5,1919,3,1,0,0,5
5,1944,3,1,0,0,5
5,1962,3,1,0,0,5
5,1994,3,1,0,0,5
5,2019,3,1,0,0,5
5,2028,3,1,0,1,5
5,2037,3,1,0,0,5
5,2041,3,1,3,0,5
5,2048,3,1,3,0,5
5,2054,3,1,0,1,5
5,2057,3,1,0,0,5
5,2069,3,1,0,1,5
5,2085,3,1,3,0,5
5,2089,3,1,3,0,5
5,2120,3,1,3,0,5
5,2122,3,1,0,0,5
5,2140,3,1,0,0,5
5,2143,3,1,0,0,5
5,2153,3,1,0,0,5
5,2157,3,1,3,0,5
5,2159,3,1,0,0,5
5,2165,3,1,3,0,5
5,2171,3,1,3,0,5
5,2177,3,1,0,0,5
5,2180,3,1,3,0,5
5,2187,3,1,3,0,5
5,2191,3,1,0,0,5
5,2203,3,1,0,0,5
5,2215,3,1,3,0,5
5,2224,3,1,1,0,5
5,2267,3,1,0,0,5
5,2274,3,1,0,1,5
5,2283,3,1,0,0,5
5,2284,3,1,0,1,5
5,2290,3,1,0,0,5
5,2296,3,1,0,0,5
5,2303,3,1,0,0,5
5,2308,3,1,0,0,5
5,2336,3,1,0,0,5
5,2339,3,1,0,0,5
5,2361,3,1,0,0,5
5,2368,3,1,0,1,5
5,2415,3,1,0,1,5
5,2416,3,1,1,0,5
5,2425,3,1,0,1,5
5,2442,3,1,3,0,5
5,2462,3,1,0,0,5
5,2475,3,1,0,0,5
5,2486,3,1,0,0,5
5,21,1,1,0,1,6
5,26,1,1,0,0,6
5,63,1,1,0,1,6
5,72,1,1,1,0,6
5,78,1,1,0,0,6
5,93,1,1,0,1,6
5,100,1,1,1,0,6
5,104,1,1,0,1,6
5,108,1,1,0,1,6
5,151,1,1,1,0,6
5,173,1,1,0,0,6
5,194,1,1,0,1,6
5,256,1,1,0,0,6
5,259,1,1,1,0,6
5,264,1,1,0,1,6
5,321,1,1,0,0,6
5,352,1,1,0,0,6
5,357,1,1,0,0,6
5,392,1,1,1,0,6
5,414,1,1,0,0,6
5,425,1,1,0,0,6
5,437,1,1,0,0,6
5,453,1,1,0,1,6
5,476,1,1,0,0,6
5,486,1,1,0,1,6
5,514,1,1,0,0,6
5,533,1,1,0,1,6
5,539,1,1,0,0,6
5,542,1,1,0,0,6
5,549,1,1,0,0,6
5,576,1,1,0,0,6
5,590,1,1,1,0,6
5,599,1,1,0,1,6
5,600,1,1,0,1,6
5,603,1,1,0,1,6
5,623,1,1,0,0,6
5,630,1,1,0,0,6
5,652,1,1,0,1,6
5,667,1,1,1,0,6
5,671,1,1,1,0,6
5,672,1,1,0,0,6
5,682,1,1,0,0,6
5,731,1,1,0,0,6
5,738,1,1,0,0,6
5,759,1,1,0,0,6
5,760,1,1,1,0,6
5,779,1,1,1,0,6
5,798,1,1,0,0,6
5,828,1,1,0,0,6
5,829,1,1,0,0,6
5,834,1,1,1,0,6
5,849,1,1,1,0,6
5,860,1,1,0,0,6
5,865,1,1,0,0,6
5,869,1,1,0,0,6
5,877,1,1,1,0,6
5,883,1,1,1,0,6
5,920,1,1,0,0,6
5,958,1,1,0,0,6
5,985,1,1,1,0,6
5,1010,1,1,0,0,6
5,1012,1,1,1,0,6
5,1023,1,1,0,1,6
5,1046,1,1,0,0,6
5,1062,1,1,0,0,6
5,1063,1,1,0,1,6
5,1071,1,1,0,0,6
5,1077,1,1,1,0,6
5,1079,1,1,0,1,6
5,1081,1,1,0,0,6
5,1086,1,1,0,0,6
5,1093,1,1,0,1,6
5,1108,1,1,1,0,6
5,1164,1,1,0,0,6
5,1166,1,1,0,1,6
5,1171,1,1,1,0,6
5,1201,1,1,0,0,6
5,1205,1,1,0,0,6
5,1217,1,1,1,0,6
5,1249,1,1,0,1,6
5,1250,1,1,0,0,6
5,1269,1,1,0,0,6
5,1271,1,1,0,0,6
5,1274,1,1,0,0,6
5,1280,1,1,0,1,6
5,1301,1,1,0,0,6
5,1309,1,1,0,0,6
5,1311,1,1,0,1,6
5,1325,1,1,0,0,6
5,1340,1,1,1,0,6
5,1343,1,1,1,0,6
5,1353,1,1,0,1,6
5,1357,1,1,0,0,6
5,1395,1,1,1,0,6
5,1397,1,1,0,0,6
5,1411,1,1,0,0,6
5,1420,1,1,0,0,6
5,1432,1,1,0,1,6
5,1490,1,1,0,0,6
5,1518,1,1,0,0,6
5,1527,1,1,0,1,6
5,1585,1,1,1,0,6
5,1598,1,1,0,0,6
5,1640,1,1,0,0,6
5,1657,1,1,0,0,6
5,1693,1,1,0,1,6
5,1705,1,1,0,0,6
5,1720,1,1,0,0,6
5,1730,1,1,0,1,6
5,1731,1,1,0,0,6
5,1755,1,1,0,1,6
5,1756,1,1,0,0,6
5,1775,1,1,0,0,6
5,1790,1,1,1,0,6
5,1799,1,1,1,0,6
5,1806,1,1,0,1,6
5,1818,1,1,0,0,6
5,1831,1,1,1,0,6
5,1845,1,1,0,1,6
5,1885,1,1,0,0,6
5,1895,1,1,0,0,6
5,1909,1,1,0,0,6
5,1914,1,1,0,1,6
5,1935,1,1,1,0,6
5,1953,1,1,1,0,6
5,1957,1,1,0,0,6
5,1960,1,1,1,0,6
5,1975,1,1,1,0,6
5,1992,1,1,1,0,6
5,1998,1,1,0,0,6
5,2002,1,1,0,1,6
5,2020,1,1,0,1,6
5,2034,1,1,0,1,6
5,2035,1,1,0,0,6
5,2056,1,1,1,0,6
5,2083,1,1,0,0,6
5,2084,1,1,0,0,6
5,2117,1,1,0,0,6
5,2124,1,1,0,0,6
5,2125,1,1,0,0,6
5,2126,1,1,0,0,6
5,2210,1,1,0,0,6
5,2293,1,1,1,0,6
5,2298,1,1,0,1,6
5,2301,1,1,0,1,6
5,2305,1,1,1,0,6
5,2315,1,1,0,1,6
5,2356,1,1,1,0,6
5,2360,1,1,0,0,6
5,2407,1,1,0,0,6
5,2427,1,1,0,0,6
5,2429,1,1,0,1,6
5,2440,1,1,0,0,6
5,15,2,1,0,0,7
5,65,2,1,0,1,7
5,79,2,1,2,0,7
5,83,2,1,0,1,7
5,87,2,1,0,0,7
5,94,2,1,2,0,7
5,107,2,1,0,0,7
5,114,2,1,0,0,7
5,118,2,1,0,1,7
5,123,2,1,0,1,7
5,139,2,1,0,0,7
5,172,2,1,0,1,7
5,178,2,1,0,0,7
5,186,2,1,0,0,7
5,191,2,1,0,0,7
5,199,2,1,0,0,7
5,207,2,1,0,0,7
5,208,2,1,0,0,7
5,228,2,1,0,1,7
5,234,2,1,0,0,7
5,255,2,1,2,0,7
5,272,2,1,0,1,7
5,273,2,1,0,1,7
5,278,2,1,2,0,7
5,289,2,1,0,0,7
5,343,2,1,0,1,7
5,380,2,1,2,0,7
5,385,2,1,0,1,7
5,398,2,1,0,1,7
5,416,2,1,2,0,7
5,422,2,1,0,1,7
5,426,2,1,2,0,7
5,429,2,1,0,1,7
5,436,2,1,0,0,7
5,439,2,1,0,0,7
5,450,2,1,0,0,7
5,509,2,1,0,0,7
5,515,2,1,2,0,7
5,521,2,1,0,0,7
5,522,2,1,0,0,7
5,529,2,1,0,0,7
5,578,2,1,2,0,7
5,584,2,1,0,1,7
5,618,2,1,0,0,7
5,624,2,1,0,0,7
5,648,2,1,0,0,7
5,650,2,1,0,1,7
5,676,2,1,0,0,7
5,681,2,1,2,0,7
5,688,2,1,0,0,7
5,693,2,1,0,0,7
5,696,2,1,0,0,7
5,718,2,1,0,0,7
5,721,2,1,0,0,7
5,737,2,1,0,0,7
5,741,2,1,0,0,7
5,745,2,1,0,0,7
5,772,2,1,0,1,7
5,801,2,1,0,0,7
5,802,2,1,0,0,7
5,826,2,1,2,0,7
5,843,2,1,0,1,7
5,855,2,1,0,1,7
5,905,2,1,2,0,7
5,910,2,1,0,0,7
5,926,2,1,2,0,7
5,937,2,1,0,0,7
5,947,2,1,0,0,7
5,975,2,1,0,0,7
5,976,2,1,0,0,7
5,978,2,1,0,1,7
5,990,2,1,2,0,7
5,1004,2,1,2,0,7
5,1005,2,1,2,0,7
5,1013,2,1,2,0,7
5,1016,2,1,0,1,7
5,1032,2,1,2,0,7
5,1076,2,1,0,1,7
5,1095,2,1,2,0,7
5,1102,2,1,0,1,7
5,1114,2,1,0,0,7
5,1118,2,1,0,0,7
5,1148,2,1,0,0,7
5,1156,2,1,0,0,7
5,1163,2,1,0,0,7
5,1196,2,1,0,0,7
5,1204,2,1,2,0,7
5,1214,2,1,0,0,7
5,1232,2,1,0,0,7
5,1240,2,1,0,0,7
5,1310,2,1,2,0,7
5,1313,2,1,2,0,7
5,1314,2,1,2,0,7
5,1320,2,1,2,0,7
5,1330,2,1,0,0,7
5,1341,2,1,2,0,7
5,1346,2,1,0,0,7
5,1399,2,1,2,0,7
5,1421,2,1,2,0,7
5,1426,2,1,0,0,7
5,1434,2,1,2,0,7
5,1450,2,1,0,0,7
5,1459,2,1,0,0,7
5,1473,2,1,0,0,7
5,1479,2,1,2,0,7
5,1516,2,1,2,0,7
5,1558,2,1,2,0,7
5,1559,2,1,0,0,7
5,1581,2,1,2,0,7
5,1583,2,1,0,0,7
5,1637,2,1,2,0,7
5,1642,2,1,0,0,7
5,1646,2,1,0,0,7
5,1667,2,1,0,0,7
5,1674,2,1,0,1,7
5,1717,2,1,2,0,7
5,1723,2,1,2,0,7
5,1726,2,1,0,0,7
5,1740,2,1,0,0,7
5,1749,2,1,0,0,7
5,1768,2,1,0,0,7
5,1783,2,1,0,0,7
5,1785,2,1,0,1,7
5,1833,2,1,0,0,7
5,1843,2,1,0,0,7
5,1847,2,1,0,1,7
5,1866,2,1,0,0,7
5,1876,2,1,0,0,7
5,1902,2,1,2,0,7
5,1927,2,1,0,0,7
5,1933,2,1,0,0,7
5,1976,2,1,0,0,7
5,1987,2,1,1,0,7
5,1997,2,1,0,0,7
5,2006,2,1,0,1,7
5,2022,2,1,0,0,7
5,2024,2,1,0,0,7
5,2052,2,1,0,0,7
5,2094,2,1,0,1,7
5,2097,2,1,0,1,7
5,2111,2,1,0,0,7
5,2116,2,1,0,1,7
5,2127,2,1,0,1,7
5,2146,2,1,0,0,7
5,2167,2,1,2,0,7
5,2195,2,1,2,0,7
5,2199,2,1,0,0,7
5,2205,2,1,0,1,7
5,2229,2,1,0,0,7
5,2244,2,1,0,0,7
5,2248,2,1,2,0,7
5,2254,2,1,2,0,7
5,2256,2,1,0,0,7
5,2310,2,1,2,0,7
5,2314,2,1,0,1,7
5,2319,2,1,0,0,7
5,2355,2,1,2,0,7
5,2365,2,1,0,0,7
5,2396,2,1,0,0,7
5,2446,2,1,1,0,7
5,2459,2,1,0,0,7
5,2472,2,1,2,0,7
5,19,1,3,0,3,8
5,29,1,3,0,0,8
5,55,1,3,0,0,8
5,124,1,3,0,0,8
5,162,1,3,0,3,8
5,198,1,3,0,3,8
5,216,1,3,0,0,8
5,220,1,3,0,0,8
5,290,1,3,0,0,8
5,316,1,3,0,3,8
5,327,1,3,0,0,8
5,348,1,3,1,0,8
5,358,1,3,0,3,8
5,367,1,3,0,0,8
5,373,1,3,0,0,8
5,403,1,3,0,0,8
5,432,1,3,0,0,8
5,482,1,3,0,0,8
5,498,1,3,1,0,8
5,504,1,3,0,0,8
5,506,1,3,1,0,8
5,513,1,3,0,0,8
5,536,1,3,0,0,8
5,543,1,3,0,3,8
5,550,1,3,0,0,8
5,556,1,3,0,0,8
5,561,1,3,0,0,8
5,572,1,3,0,3,8
5,580,1,3,0,3,8
5,591,1,3,1,0,8
5,605,1,3,0,3,8
5,641,1,3,0,0,8
5,658,1,3,0,3,8
5,674,1,3,0,0,8
5,690,1,3,0,3,8
5,700,1,3,0,1,8
5,757,1,3,0,0,8
5,778,1,3,0,0,8
5,810,1,3,0,3,8
5,838,1,3,0,0,8
5,840,1,3,1,0,8
5,842,1,3,0,0,8
5,846,1,3,0,3,8
5,885,1,3,0,3,8
5,889,1,3,1,0,8
5,909,1,3,0,0,8
5,919,1,3,1,0,8
5,963,1,3,0,0,8
5,988,1,3,0,3,8
5,1003,1,3,1,0,8
5,1011,1,3,0,0,8
5,1022,1,3,0,0,8
5,1025,1,3,0,0,8
5,1033,1,3,1,0,8
5,1060,1,3,0,0,8
5,1070,1,3,0,3,8
5,1113,1,3,0,3,8
5,1122,1,3,0,0,8
5,1158,1,3,0,3,8
5,1161,1,3,1,0,8
5,1186,1,3,1,0,8
5,1199,1,3,1,0,8
5,1209,1,3,0,3,8
5,1224,1,3,0,0,8
5,1243,1,3,0,1,8
5,1254,1,3,0,0,8
5,1268,1,3,0,0,8
5,1286,1,3,0,0,8
5,1290,1,3,0,1,8
5,1374,1,3,0,0,8
5,1378,1,3,1,0,8
5,1379,1,3,1,0,8
5,1380,1,3,1,0,8
5,1401,1,3,0,3,8
5,1403,1,3,0,0,8
5,1406,1,3,0,3,8
5,1443,1,3,0,0,8
5,1444,1,3,0,0,8
5,1464,1,3,0,0,8
5,1465,1,3,1,0,8
5,1496,1,3,0,3,8
5,1550,1,3,0,0,8
5,1568,1,3,0,0,8
5,1587,1,3,0,0,8
5,1604,1,3,1,0,8
5,1619,1,3,0,3,8
5,1634,1,3,0,0,8
5,1651,1,3,0,0,8
5,1666,1,3,0,0,8
5,1691,1,3,0,0,8
5,1699,1,3,1,0,8
5,1722,1,3,1,0,8
5,1725,1,3,0,0,8
5,1746,1,3,1,0,8
5,1750,1,3,0,1,8
5,1765,1,3,0,0,8
5,1817,1,3,0,0,8
5,1854,1,3,1,0,8
5,1857,1,3,0,1,8
5,1864,1,3,0,3,8
5,1898,1,3,0,3,8
5,1901,1,3,1,0,8
5,1949,1,3,1,0,8
5,2005,1,3,0,0,8
5,2017,1,3,0,3,8
5,2059,1,3,0,3,8
5,2076,1,3,1,0,8
5,2078,1,3,0,0,8
5,2105,1,3,0,1,8
5,2160,1,3,0,0,8
5,2175,1,3,0,0,8
5,2179,1,3,0,1,8
5,2189,1,3,0,3,8
5,2196,1,3,1,0,8
5,2201,1,3,1,0,8
5,2204,1,3,0,0,8
5,2220,1,3,0,0,8
5,2230,1,3,0,0,8
5,2253,1,3,0,3,8
5,2268,1,3,0,0,8
5,2340,1,3,0,3,8
5,2367,1,3,0,3,8
5,2379,1,3,0,3,8
5,2384,1,3,0,0,8
5,2398,1,3,1,0,8
5,2404,1,3,0,0,8
5,2445,1,3,1,0,8
5,2453,1,3,0,0,8
5,2489,1,3,0,0,8
5,10,1,1,0,1,9
5,12,1,1,0,0,9
5,41,1,1,0,0,9
5,62,1,1,0,0,9
5,113,1,1,0,1,9
5,117,1,1,0,0,9
5,121,1,1,1,0,9
5,141,1,1,0,0,9
5,149,1,1,0,0,9
5,153,1,1,0,1,9
5,164,1,1,0,1,9
5,167,1,1,0,1,9
5,180,1,1,1,0,9
5,187,1,1,0,0,9
5,196,1,1,0,0,9
5,257,1,1,1,0,9
5,276,1,1,0,1,9
5,300,1,1,0,0,9
5,301,1,1,0,1,9
5,304,1,1,0,0,9
5,314,1,1,0,0,9
5,344,1,1,1,0,9
5,371,1,1,0,0,9
5,411,1,1,0,0,9
5,423,1,1,1,0,9
5,447,1,1,0,0,9
5,465,1,1,0,1,9
5,471,1,1,0,0,9
5,483,1,1,0,1,9
5,546,1,1,0,0,9
5,552,1,1,0,0,9
5,563,1,1,0,0,9
5,567,1,1,1,0,9
5,577,1,1,0,0,9
5,587,1,1,0,0,9
5,588,1,1,1,0,9
5,594,1,1,1,0,9
5,595,1,1,0,1,9
5,609,1,1,0,0,9
5,643,1,1,0,0,9
5,649,1,1,1,0,9
5,704,1,1,0,0,9
5,707,1,1,0,1,9
5,712,1,1,1,0,9
5,716,1,1,0,0,9
5,720,1,1,0,1,9
5,729,1,1,0,0,9
5,746,1,1,0,0,9
5,768,1,1,0,0,9
5,781,1,1,0,1,9
5,794,1,1,1,0,9
5,809,1,1,0,0,9
5,811,1,1,0,0,9
5,814,1,1,0,0,9
5,816,1,1,1,0,9
5,818,1,1,1,0,9
5,831,1,1,0,0,9
5,835,1,1,0,1,9
5,858,1,1,0,0,9
5,866,1,1,0,0,9
5,886,1,1,1,0,9
5,897,1,1,1,0,9
5,899,1,1,0,0,9
5,922,1,1,0,1,9
5,924,1,1,0,0,9
5,950,1,1,1,0,9
5,962,1,1,0,0,9
5,1000,1,1,0,0,9
5,1042,1,1,0,1,9
5,1044,1,1,0,0,9
5,1049,1,1,1,0,9
5,1054,1,1,0,0,9
5,1110,1,1,0,1,9
5,1117,1,1,0,0,9
5,1124,1,1,0,0,9
5,1144,1,1,0,0,9
5,1155,1,1,0,0,9
5,1160,1,1,0,1,9
5,1191,1,1,0,0,9
5,1206,1,1,0,0,9
5,1229,1,1,0,0,9
5,1252,1,1,0,0,9
5,1257,1,1,0,1,9
5,1261,1,1,0,0,9
5,1266,1,1,0,0,9
5,1270,1,1,1,0,9
5,1277,1,1,0,0,9
5,1279,1,1,1,0,9
5,1323,1,1,0,0,9
5,1342,1,1,0,0,9
5,1344,1,1,1,0,9
5,1349,1,1,0,0,9
5,1393,1,1,0,1,9
5,1398,1,1,0,0,9
5,1414,1,1,1,0,9
5,1422,1,1,0,0,9
5,1429,1,1,0,1,9
5,1436,1,1,0,0,9
5,1440,1,1,0,0,9
5,1453,1,1,1,0,9
5,1483,1,1,0,1,9
5,1491,1,1,0,0,9
5,1504,1,1,0,1,9
5,1510,1,1,0,1,9
5,1538,1,1,0,1,9
5,1548,1,1,0,0,9
5,1549,1,1,1,0,9
5,1561,1,1,0,0,9
5,1589,1,1,1,0,9
5,1612,1,1,0,0,9
5,1620,1,1,0,0,9
5,1645,1,1,0,0,9
5,1658,1,1,0,1,9
5,1676,1,1,1,0,9
5,1696,1,1,0,0,9
5,1700,1,1,0,0,9
5,1706,1,1,0,0,9
5,1729,1,1,0,1,9
5,1732,1,1,0,0,9
5,1733,1,1,0,0,9
5,1741,1,1,0,0,9
5,1752,1,1,1,0,9
5,1758,1,1,0,0,9
5,1762,1,1,0,0,9
5,1766,1,1,1,0,9
5,1778,1,1,0,0,9
5,1793,1,1,0,0,9
5,1812,1,1,0,1,9
5,1868,1,1,0,1,9
5,1873,1,1,0,0,9
5,1912,1,1,0,1,9
5,1948,1,1,0,0,9
5,1959,1,1,1,0,9
5,1973,1,1,0,0,9
5,1982,1,1,0,1,9
5,1983,1,1,0,1,9
5,1985,1,1,0,0,9
5,2008,1,1,0,0,9
5,2039,1,1,0,0,9
5,2047,1,1,0,1,9
5,2053,1,1,0,1,9
5,2067,1,1,0,1,9
5,2104,1,1,0,1,9
5,2107,1,1,0,0,9
5,2109,1,1,0,1,9
5,2137,1,1,0,0,9
5,2161,1,1,0,0,9
5,2163,1,1,0,0,9
5,2182,1,1,0,0,9
5,2190,1,1,0,0,9
5,2235,1,1,0,0,9
5,2238,1,1,0,1,9
5,2241,1,1,1,0,9
5,2251,1,1,0,0,9
5,2307,1,1,0,1,9
5,2311,1,1,0,1,9
5,2318,1,1,0,0,9
5,2322,1,1,0,1,9
5,2325,1,1,1,0,9
5,2329,1,1,1,0,9
5,2331,1,1,0,1,9
5,2333,1,1,1,0,9
5,2352,1,1,0,0,9
5,2386,1,1,0,1,9
5,2390,1,1,0,0,9
5,2397,1,1,1,0,9
5,2405,1,1,1,0,9
5,2409,1,1,0,0,9
5,2410,1,1,1,0,9
5,2413,1,1,0,1,9
5,2435,1,1,0,0,9
5,2436,1,1,1,0,9
5,2443,1,1,0,0,9
5,2469,1,1,1,0,9
5,2482,1,1,1,0,9
5,2499,1,1,0,0,9
5,32,1,1,0,1,10
5,35,1,1,0,0,10
5,90,1,1,0,1,10
5,92,1,1,0,0,10
5,96,1,1,0,0,10
5,120,1,1,0,0,10
5,127,1,1,0,0,10
5,132,1,1,0,0,10
5,163,1,1,1,0,10
5,166,1,1,0,0,10
5,177,1,1,0,0,10
5,224,1,1,0,0,10
5,247,1,1,0,0,10
5,261,1,1,0,0,10
5,267,1,1,0,0,10
5,282,1,1,0,0,10
5,305,1,1,0,0,10
5,326,1,1,0,0,10
5,330,1,1,1,0,10
5,350,1,1,0,0,10
5,369,1,1,0,0,10
5,381,1,1,1,0,10
5,383,1,1,0,0,10
5,401,1,1,0,0,10
5,424,1,1,0,0,10
5,435,1,1,0,0,10
5,452,1,1,0,1,10
5,481,1,1,1,0,10
5,497,1,1,1,0,10
5,500,1,1,0,0,10
5,511,1,1,0,0,10
5,528,1,1,0,0,10
5,547,1,1,0,0,10
5,564,1,1,0,0,10
5,574,1,1,1,0,10
5,593,1,1,0,0,10
5,629,1,1,0,0,10
5,665,1,1,0,0,10
5,675,1,1,0,0,10
5,680,1,1,0,0,10
5,689,1,1,0,1,10
5,705,1,1,0,0,10
5,719,1,1,0,1,10
5,739,1,1,0,1,10
5,755,1,1,1,0,10
5,756,1,1,1,0,10
5,758,1,1,1,0,10
5,761,1,1,0,0,10
5,765,1,1,0,0,10
5,773,1,1,0,1,10
5,774,1,1,0,0,10
5,780,1,1,0,1,10
5,784,1,1,0,1,10
5,792,1,1,0,0,10
5,806,1,1,1,0,10
5,823,1,1,1,0,10
5,837,1,1,0,0,10
5,857,1,1,0,0,10
5,871,1,1,0,1,10
5,878,1,1,1,0,10
5,879,1,1,0,0,10
5,882,1,1,1,0,10
5,893,1,1,0,0,10
5,945,1,1,0,1,10
5,971,1,1,0,0,10
5,979,1,1,0,0,10
5,994,1,1,0,0,10
5,999,1,1,0,0,10
5,1039,1,1,0,0,10
5,1043,1,1,0,0,10
5,1101,1,1,0,0,10
5,1142,1,1,0,0,10
5,1153,1,1,0,0,10
5,1202,1,1,1,0,10
5,1255,1,1,1,0,10
5,1300,1,1,1,0,10
5,1318,1,1,1,0,10
5,1329,1,1,0,1,10
5,1339,1,1,0,1,10
5,1354,1,1,0,1,10
5,1383,1,1,1,0,10
5,1384,1,1,0,0,10
5,1388,1,1,0,0,10
5,1410,1,1,0,0,10
5,1454,1,1,0,0,10
5,1466,1,1,0,0,10
5,1475,1,1,0,0,10
5,1493,1,1,1,0,10
5,1502,1,1,0,1,10
5,1514,1,1,0,0,10
5,1520,1,1,0,0,10
5,1523,1,1,0,1,10
5,1532,1,1,0,0,10
5,1560,1,1,0,0,10
5,1595,1,1,1,0,10
5,1605,1,1,1,0,10
5,1613,1,1,0,0,10
5,1623,1,1,0,1,10
5,1628,1,1,0,0,10
5,1632,1,1,0,0,10
5,1679,1,1,0,1,10
5,1684,1,1,0,1,10
5,1685,1,1,0,0,10
5,1688,1,1,1,0,10
5,1698,1,1,0,1,10
5,1715,1,1,0,1,10
5,1719,1,1,0,0,10
5,1724,1,1,0,0,10
5,1727,1,1,0,1,10
5,1745,1,1,0,1,10
5,1754,1,1,0,1,10
5,1787,1,1,0,0,10
5,1823,1,1,0,0,10
5,1871,1,1,0,1,10
5,1877,1,1,0,0,10
5,1908,1,1,0,1,10
5,1921,1,1,0,1,10
5,1936,1,1,0,0,10
5,1942,1,1,0,1,10
5,1956,1,1,1,0,10
5,1972,1,1,0,0,10
5,2004,1,1,0,1,10
5,2060,1,1,0,0,10
5,2064,1,1,0,0,10
5,2077,1,1,0,0,10
5,2079,1,1,1,0,10
5,2147,1,1,0,0,10
5,2173,1,1,0,0,10
5,2183,1,1,0,0,10
5,2193,1,1,0,0,10
5,2208,1,1,0,0,10
5,2209,1,1,1,0,10
5,2212,1,1,1,0,10
5,2265,1,1,0,0,10
5,2279,1,1,0,0,10
5,2291,1,1,0,0,10
5,2295,1,1,1,0,10
5,2312,1,1,0,0,10
5,2313,1,1,0,1,10
5,2317,1,1,0,0,10
5,2323,1,1,0,0,10
5,2343,1,1,1,0,10
5,2359,1,1,1,0,10
5,2362,1,1,1,0,10
5,2402,1,1,0,0,10
5,2439,1,1,0,0,10
5,2464,1,1,0,0,10
5,2470,1,1,0,1,10
5,2495,1,1,0,0,10
5,2497,1,1,1,0,10
5,0,2,2,0,1,11
5,11,2,2,1,0,11
5,38,2,2,0,1,11
5,50,2,2,0,0,11
5,54,2,2,0,0,11
5,60,2,2,0,0,11
5,69,2,2,0,0,11
5,99,2,2,2,0,11
5,101,2,2,0,0,11
5,105,2,2,0,0,11
5,128,2,2,0,0,11
5,140,2,2,0,0,11
5,143,2,2,0,1,11
5,145,2,2,2,0,11
5,161,2,2,0,0,11
5,190,2,2,0,0,11
5,192,2,2,0,0,11
5,201,2,2,0,2,11
5,204,2,2,0,0,11
5,217,2,2,0,0,11
5,239,2,2,0,0,11
5,244,2,2,0,1,11
5,262,2,2,0,0,11
5,281,2,2,0,0,11
5,294,2,2,0,0,11
5,374,2,2,0,0,11
5,384,2,2,0,0,11
5,433,2,2,2,0,11
5,441,2,2,0,0,11
5,446,2,2,2,0,11
5,451,2,2,0,0,11
5,468,2,2,0,0,11
5,557,2,2,0,1,11
5,610,2,2,0,1,11
5,614,2,2,0,0,11
5,632,2,2,2,0,11
5,640,2,2,0,0,11
5,668,2,2,1,0,11
5,725,2,2,0,0,11
5,732,2,2,0,0,11
5,734,2,2,2,0,11
5,776,2,2,2,0,11
5,783,2,2,0,0,11
5,785,2,2,2,0,11
5,791,2,2,0,0,11
5,812,2,2,0,0,11
5,813,2,2,0,2,11
5,819,2,2,2,0,11
5,875,2,2,0,0,11
5,935,2,2,0,1,11
5,936,2,2,0,0,11
5,943,2,2,0,0,11
5,1019,2,2,0,0,11
5,1038,2,2,2,0,11
5,1057,2,2,0,0,11
5,1135,2,2,0,2,11
5,1141,2,2,0,0,11
5,1230,2,2,0,0,11
5,1246,2,2,0,0,11
5,1253,2,2,0,2,11
5,1256,2,2,0,2,11
5,1306,2,2,0,0,11
5,1316,2,2,0,0,11
5,1317,2,2,2,0,11
5,1337,2,2,0,0,11
5,1345,2,2,0,2,11
5,1348,2,2,0,0,11
5,1356,2,2,0,0,11
5,1364,2,2,2,0,11
5,1367,2,2,0,1,11
5,1389,2,2,0,0,11
5,1392,2,2,0,0,11
5,1419,2,2,0,2,11
5,1431,2,2,2,0,11
5,1438,2,2,0,0,11
5,1470,2,2,0,2,11
5,1478,2,2,0,0,11
5,1556,2,2,0,0,11
5,1569,2,2,1,0,11
5,1570,2,2,0,0,11
5,1576,2,2,0,0,11
5,1580,2,2,2,0,11
5,1600,2,2,0,0,11
5,1601,2,2,0,0,11
5,1608,2,2,0,0,11
5,1614,2,2,0,0,11
5,1633,2,2,0,0,11
5,1638,2,2,0,2,11
5,1639,2,2,0,0,11
5,1644,2,2,1,0,11
5,1654,2,2,2,0,11
5,1670,2,2,0,0,11
5,1753,2,2,0,0,11
5,1761,2,2,1,0,11
5,1767,2,2,0,1,11
5,1773,2,2,0,0,11
5,1782,2,2,0,2,11
5,1784,2,2,0,2,11
5,1810,2,2,0,1,11
5,1840,2,2,0,2,11
5,1841,2,2,0,1,11
5,1852,2,2,1,0,11
5,1874,2,2,0,0,11
5,1879,2,2,0,0,11
5,1893,2,2,0,0,11
5,1911,2,2,0,0,11
5,1934,2,2,0,2,11
5,1940,2,2,2,0,11
5,1954,2,2,0,1,11
5,1965,2,2,0,0,11
5,2014,2,2,0,0,11
5,2016,2,2,0,1,11
5,2021,2,2,0,0,11
5,2029,2,2,0,0,11
5,2031,2,2,0,0,11
5,2051,2,2,0,0,11
5,2062,2,2,0,0,11
5,2070,2,2,0,0,11
5,2088,2,2,0,0,11
5,2185,2,2,0,1,11
5,2188,2,2,0,0,11
5,2200,2,2,1,0,11
5,2228,2,2,0,0,11
5,2243,2,2,2,0,11
5,2255,2,2,1,0,11
5,2260,2,2,0,0,11
5,2263,2,2,0,0,11
5,2264,2,2,0,0,11
5,2289,2,2,0,0,11
5,2306,2,2,0,1,11
5,2338,2,2,1,0,11
5,2341,2,2,1,0,11
5,2345,2,2,0,0,11
5,2349,2,2,0,0,11
5,2364,2,2,2,0,11
5,2373,2,2,2,0,11
5,2392,2,2,0,0,11
5,2401,2,2,0,0,11
5,2412,2,2,2,0,11
5,2434,2,2,0,2,11
5,2451,2,2,0,1,11
5,2458,2,2,0,0,11
5,2463,2,2,0,0,11
5,2480,2,2,0,2,11
5,2484,2,2,0,0,11
5,4,2,2,0,0,12
5,27,2,2,1,0,12
5,71,2,2,1,0,12
5,112,2,2,0,0,12
5,147,2,2,0,2,12
5,148,2,2,0,0,12
5,211,2,2,0,0,12
5,213,2,2,0,0,12
5,223,2,2,0,0,12
5,266,2,2,0,0,12
5,268,2,2,0,2,12
5,291,2,2,0,1,12
5,306,2,2,0,0,12
5,315,2,2,0,1,12
5,333,2,2,0,0,12
5,355,2,2,0,2,12
5,364,2,2,1,0,12
5,387,2,2,0,0,12
5,388,2,2,0,0,12
5,406,2,2,0,0,12
5,420,2,2,0,0,12
5,467,2,2,0,1,12
5,475,2,2,1,0,12
5,477,2,2,2,0,12
5,479,2,2,0,0,12
5,484,2,2,0,0,12
5,487,2,2,0,0,12
5,518,2,2,1,0,12
5,523,2,2,1,0,12
5,535,2,2,0,0,12
5,579,2,2,0,1,12
5,615,2,2,2,0,12
5,645,2,2,0,0,12
5,656,2,2,2,0,12
5,673,2,2,2,0,12
5,687,2,2,1,0,12
5,694,2,2,0,1,12
5,697,2,2,0,1,12
5,727,2,2,0,0,12
5,754,2,2,1,0,12
5,775,2,2,0,1,12
5,821,2,2,0,0,12
5,847,2,2,0,0,12
5,850,2,2,0,0,12
5,851,2,2,0,2,12
5,854,2,2,2,0,12
5,870,2,2,0,0,12
5,881,2,2,2,0,12
5,895,2,2,0,0,12
5,904,2,2,0,2,12
5,917,2,2,0,1,12
5,967,2,2,1,0,12
5,968,2,2,1,0,12
5,1002,2,2,0,0,12
5,1007,2,2,0,0,12
5,1014,2,2,0,0,12
5,1015,2,2,0,0,12
5,1028,2,2,2,0,12
5,1040,2,2,0,1,12
5,1048,2,2,0,0,12
5,1061,2,2,0,0,12
5,1069,2,2,2,0,12
5,1085,2,2,0,0,12
5,1094,2,2,0,1,12
5,1194,2,2,0,0,12
5,1215,2,2,0,0,12
5,1236,2,2,0,0,12
5,1237,2,2,0,0,12
5,1239,2,2,1,0,12
5,1259,2,2,0,1,12
5,1265,2,2,0,0,12
5,1336,2,2,1,0,12
5,1366,2,2,0,0,12
5,1408,2,2,0,0,12
5,1416,2,2,0,0,12
5,1452,2,2,0,0,12
5,1455,2,2,0,0,12
5,1456,2,2,2,0,12
5,1468,2,2,0,0,12
5,1472,2,2,2,0,12
5,1477,2,2,0,0,12
5,1501,2,2,2,0,12
5,1524,2,2,0,0,12
5,1526,2,2,1,0,12
5,1579,2,2,0,0,12
5,1607,2,2,0,0,12
5,1610,2,2,0,0,12
5,1622,2,2,2,0,12
5,1629,2,2,0,1,12
5,1650,2,2,0,0,12
5,1677,2,2,0,1,12
5,1680,2,2,0,1,12
5,1704,2,2,0,0,12
5,1728,2,2,0,1,12
5,1798,2,2,0,0,12
5,1830,2,2,0,1,12
5,1836,2,2,2,0,12
5,1851,2,2,0,0,12
5,1855,2,2,0,0,12
5,1860,2,2,0,1,12
5,1862,2,2,0,2,12
5,1882,2,2,1,0,12
5,1889,2,2,0,0,12
5,1900,2,2,0,1,12
5,1915,2,2,0,1,12
5,1916,2,2,0,2,12
5,1922,2,2,0,2,12
5,1925,2,2,0,0,12
5,1932,2,2,2,0,12
5,2001,2,2,0,0,12
5,2010,2,2,0,0,12
5,2027,2,2,0,0,12
5,2044,2,2,0,0,12
5,2086,2,2,0,0,12
5,2092,2,2,0,0,12
5,2123,2,2,0,1,12
5,2134,2,2,0,0,12
5,2164,2,2,0,0,12
5,2211,2,2,0,2,12
5,2232,2,2,1,0,12
5,2233,2,2,2,0,12
5,2236,2,2,0,0,12
5,2277,2,2,0,0,12
5,2299,2,2,0,0,12
5,2374,2,2,0,0,12
5,2375,2,2,0,0,12
5,2394,2,2,0,2,12
5,2474,2,2,1,0,12
5,2481,2,2,0,0,12
5,2493,2,2,0,2,12
5,3,1,1,1,0,13
5,5,1,1,0,0,13
5,9,1,1,0,0,13
5,20,1,1,0,0,13
5,28,1,1,1,0,13
5,49,1,1,0,1,13
5,52,1,1,0,0,13
5,68,1,1,0,1,13
5,70,1,1,0,0,13
5,77,1,1,1,0,13
5,88,1,1,0,0,13
5,109,1,1,0,0,13
5,131,1,1,1,0,13
5,152,1,1,0,0,13
5,168,1,1,0,0,13
5,195,1,1,0,1,13
5,236,1,1,0,1,13
5,243,1,1,0,0,13
5,274,1,1,0,0,13
5,279,1,1,0,0,13
5,293,1,1,0,0,13
5,312,1,1,0,0,13
5,331,1,1,0,1,13
5,359,1,1,0,0,13
5,377,1,1,0,0,13
5,397,1,1,0,0,13
5,405,1,1,1,0,13
5,407,1,1,1,0,13
5,418,1,1,0,0,13
5,460,1,1,0,0,13
5,490,1,1,0,0,13
5,499,1,1,0,0,13
5,501,1,1,1,0,13
5,503,1,1,0,0,13
5,508,1,1,1,0,13
5,512,1,1,0,0,13
5,520,1,1,0,1,13
5,530,1,1,1,0,13
5,534,1,1,0,0,13
5,540,1,1,0,0,13
5,570,1,1,0,0,13
5,582,1,1,0,0,13
5,586,1,1,0,0,13
5,606,1,1,0,0,13
5,608,1,1,0,0,13
5,626,1,1,0,0,13
5,637,1,1,0,1,13
5,644,1,1,0,1,13
5,660,1,1,0,1,13
5,678,1,1,0,1,13
5,695,1,1,1,0,13
5,698,1,1,1,0,13
5,740,1,1,0,1,13
5,762,1,1,0,0,13
5,822,1,1,1,0,13
5,824,1,1,0,0,13
5,862,1,1,0,1,13
5,864,1,1,0,0,13
5,880,1,1,0,0,13
5,911,1,1,1,0,13
5,914,1,1,0,0,13
5,931,1,1,0,1,13
5,939,1,1,0,0,13
5,953,1,1,0,0,13
5,954,1,1,0,0,13
5,956,1,1,1,0,13
5,974,1,1,0,1,13
5,980,1,1,0,0,13
5,998,1,1,1,0,13
5,1008,1,1,0,0,13
5,1027,1,1,0,1,13
5,1030,1,1,0,0,13
5,1041,1,1,0,0,13
5,1080,1,1,0,0,13
5,1103,1,1,0,0,13
5,1107,1,1,1,0,13
5,1116,1,1,0,1,13
5,1126,1,1,0,0,13
5,1128,1,1,0,0,13
5,1175,1,1,0,0,13
5,1183,1,1,0,0,13
5,1212,1,1,1,0,13
5,1219,1,1,0,0,13
5,1223,1,1,0,0,13
5,1247,1,1,0,0,13
5,1260,1,1,0,1,13
5,1267,1,1,0,0,13
5,1273,1,1,1,0,13
5,1293,1,1,0,0,13
5,1319,1,1,0,0,13
5,1321,1,1,0,0,13
5,1324,1,1,0,0,13
5,1363,1,1,0,0,13
5,1371,1,1,0,0,13
5,1375,1,1,0,0,13
5,1407,1,1,0,1,13
5,1433,1,1,0,1,13
5,1448,1,1,0,1,13
5,1461,1,1,0,1,13
5,1508,1,1,0,1,13
5,1517,1,1,1,0,13
5,1535,1,1,0,1,13
5,1541,1,1,0,0,13
5,1544,1,1,0,0,13
5,1545,1,1,1,0,13
5,1551,1,1,0,0,13
5,1563,1,1,0,1,13
5,1566,1,1,0,1,13
5,1578,1,1,1,0,13
5,1588,1,1,0,0,13
5,1596,1,1,0,0,13
5,1599,1,1,0,0,13
5,1611,1,1,1,0,13
5,1626,1,1,0,0,13
5,1641,1,1,0,1,13
5,1643,1,1,1,0,13
5,1649,1,1,1,0,13
5,1655,1,1,1,0,13
5,1656,1,1,1,0,13
5,1660,1,1,0,0,13
5,1663,1,1,1,0,13
5,1675,1,1,0,1,13
5,1686,1,1,1,0,13
5,1690,1,1,0,1,13
5,1712,1,1,0,0,13
5,1714,1,1,0,0,13
5,1735,1,1,0,0,13
5,1737,1,1,0,1,13
5,1776,1,1,0,0,13
5,1777,1,1,0,0,13
5,1789,1,1,0,0,13
5,1792,1,1,0,1,13
5,1804,1,1,0,0,13
5,1849,1,1,0,1,13
5,1850,1,1,0,0,13
5,1867,1,1,1,0,13
5,1892,1,1,0,0,13
5,1903,1,1,0,0,13
5,1917,1,1,0,0,13
5,1928,1,1,0,1,13
5,1958,1,1,1,0,13
5,1981,1,1,0,1,13
5,1989,1,1,0,0,13
5,1993,1,1,1,0,13
5,2003,1,1,0,0,13
5,2038,1,1,0,1,13
5,2061,1,1,0,0,13
5,2072,1,1,0,0,13
5,2090,1,1,0,0,13
5,2098,1,1,0,0,13
5,2118,1,1,0,0,13
5,2145,1,1,0,1,13
5,2149,1,1,1,0,13
5,2156,1,1,0,1,13
5,2174,1,1,0,0,13
5,2213,1,1,0,0,13
5,2216,1,1,1,0,13
5,2221,1,1,0,1,13
5,2223,1,1,1,0,13
5,2245,1,1,0,0,13
5,2257,1,1,0,0,13
5,2261,1,1,0,0,13
5,2269,1,1,0,0,13
5,2302,1,1,1,0,13
5,2330,1,1,0,0,13
5,2332,1,1,0,0,13
5,2363,1,1,0,0,13
5,2366,1,1,0,0,13
5,2371,1,1,0,0,13
5,2391,1,1,0,1,13
5,2400,1,1,0,0,13
5,2403,1,1,0,0,13
5,2406,1,1,0,0,13
5,2431,1,1,0,0,13
5,2460,1,1,0,0,13
5,2476,1,1,1,0,13
5,2485,1,1,1,0,13
5,6,1,1,0,0,14
5,8,1,1,0,0,14
5,13,1,1,0,0,14
5,36,1,1,1,0,14
5,37,1,1,0,0,14
5,43,1,1,0,1,14
5,46,1,1,0,0,14
5,51,1,1,0,0,14
5,66,1,1,0,0,14
5,73,1,1,1,0,14
5,80,1,1,0,1,14
5,91,1,1,0,1,14
5,133,1,1,0,1,14
5,134,1,1,1,0,14
5,135,1,1,1,0,14
5,169,1,1,1,0,14
5,184,1,1,0,1,14
5,250,1,1,0,0,14
5,277,1,1,0,0,14
5,288,1,1,0,0,14
5,296,1,1,0,0,14
5,329,1,1,0,0,14
5,339,1,1,0,0,14
5,341,1,1,0,0,14
5,395,1,1,0,1,14
5,399,1,1,0,1,14
5,431,1,1,0,0,14
5,442,1,1,0,1,14
5,463,1,1,0,0,14
5,474,1,1,1,0,14
5,480,1,1,1,0,14
5,489,1,1,0,0,14
5,491,1,1,0,0,14
5,517,1,1,0,0,14
5,560,1,1,0,0,14
5,581,1,1,0,1,14
5,596,1,1,0,0,14
5,636,1,1,0,1,14
5,651,1,1,1,0,14
5,661,1,1,1,0,14
5,728,1,1,0,1,14
5,799,1,1,0,1,14
5,805,1,1,0,0,14
5,874,1,1,0,0,14
5,894,1,1,1,0,14
5,913,1,1,0,1,14
5,918,1,1,0,0,14
5,929,1,1,1,0,14
5,949,1,1,0,0,14
5,972,1,1,0,1,14
5,989,1,1,0,0,14
5,1009,1,1,0,0,14
5,1036,1,1,0,1,14
5,1078,1,1,0,0,14
5,1083,1,1,0,0,14
5,1087,1,1,1,0,14
5,1100,1,1,0,0,14
5,1129,1,1,1,0,14
5,1137,1,1,1,0,14
5,1149,1,1,0,1,14
5,1165,1,1,0,1,14
5,1222,1,1,0,0,14
5,1233,1,1,1,0,14
5,1234,1,1,0,0,14
5,1291,1,1,0,0,14
5,1295,1,1,0,0,14
5,1297,1,1,0,0,14
5,1308,1,1,0,0,14
5,1315,1,1,0,0,14
5,1332,1,1,0,0,14
5,1338,1,1,0,0,14
5,1355,1,1,0,1,14
5,1370,1,1,1,0,14
5,1381,1,1,1,0,14
5,1412,1,1,0,0,14
5,1415,1,1,0,0,14
5,1442,1,1,0,0,14
5,1462,1,1,0,0,14
5,1486,1,1,0,0,14
5,1495,1,1,1,0,14
5,1498,1,1,1,0,14
5,1564,1,1,0,1,14
5,1602,1,1,0,1,14
5,1669,1,1,1,0,14
5,1687,1,1,0,0,14
5,1707,1,1,0,1,14
5,1711,1,1,0,1,14
5,1718,1,1,0,1,14
5,1742,1,1,0,0,14
5,1757,1,1,0,0,14
5,1763,1,1,0,1,14
5,1779,1,1,1,0,14
5,1814,1,1,0,0,14
5,1825,1,1,0,0,14
5,1844,1,1,0,0,14
5,1846,1,1,0,0,14
5,1865,1,1,0,0,14
5,1913,1,1,1,0,14
5,1918,1,1,0,0,14
5,1923,1,1,0,1,14
5,1945,1,1,0,0,14
5,1951,1,1,0,0,14
5,1995,1,1,0,0,14
5,2018,1,1,0,0,14
5,2023,1,1,0,0,14
5,2042,1,1,0,1,14
5,2045,1,1,0,0,14
5,2055,1,1,0,0,14
5,2058,1,1,0,1,14
5,2075,1,1,0,1,14
5,2103,1,1,0,1,14
5,2106,1,1,0,0,14
5,2113,1,1,0,1,14
5,2132,1,1,0,0,14
5,2202,1,1,0,1,14
5,2206,1,1,0,0,14
5,2214,1,1,0,1,14
5,2239,1,1,0,1,14
5,2249,1,1,0,0,14
5,2272,1,1,1,0,14
5,2275,1,1,0,0,14
5,2328,1,1,1,0,14
5,2335,1,1,0,0,14
5,2354,1,1,1,0,14
5,2393,1,1,0,1,14
5,2419,1,1,0,0,14
5,2467,1,1,0,0,14
5,2491,1,1,0,1,14
5,2492,1,1,1,0,14
8,24,2,1,0,0,0
8,25,2,1,0,0,0
8,53,2,1,0,1,0
8,58,2,1,0,0,0
8,86,2,1,0,0,0
8,89,2,1,0,1,0
8,103,2,1,0,1,0
8,122,2,1,0,0,0
8,156,2,1,0,1,0
8,158,2,1,0,0,0
8,175,2,1,1,0,0
8,206,2,1,0,1,0
8,218,2,1,0,1,0
8,232,2,1,0,1,0
8,242,2,1,1,0,0
8,245,2,1,0,1,0
8,252,2,1,0,0,0
8,295,2,1,1,0,0
8,310,2,1,1,0,0
8,319,2,1,0,0,0
8,332,2,1,0,1,0
8,334,2,1,0,0,0
8,335,2,1,0,0,0
8,342,2,1,0,0,0
8,345,2,1,1,0,0
8,356,2,1,0,0,0
8,361,2,1,0,1,0
8,390,2,1,0,1,0
8,391,2,1,1,0,0
8,394,2,1,0,0,0
8,404,2,1,1,0,0
8,412,2,1,0,0,0
8,427,2,1,1,0,0
8,438,2,1,0,0,0
8,458,2,1,0,0,0
8,461,2,1,0,0,0
8,510,2,1,0,0,0
8,553,2,1,0,0,0
8,569,2,1,0,0,0
8,571,2,1,0,1,0
8,592,2,1,0,0,0
8,612,2,1,1,0,0
8,616,2,1,0,1,0
8,634,2,1,0,0,0
8,635,2,1,0,1,0
8,692,2,1,1,0,0
8,701,2,1,0,0,0
8,709,2,1,0,1,0
8,787,2,1,0,1,0
8,807,2,1,1,0,0
8,815,2,1,0,1,0
8,827,2,1,1,0,0
8,830,2,1,1,0,0
8,845,2,1,0,1,0
8,853,2,1,1,0,0
8,873,2,1,0,0,0
8,890,2,1,0,1,0
8,933,2,1,0,0,0
8,973,2,1,0,0,0
8,1018,2,1,1,0,0
8,1031,2,1,1,0,0
8,1047,2,1,1,0,0
8,1089,2,1,0,1,0
8,1097,2,1,0,0,0
8,1143,2,1,1,0,0
8,1154,2,1,1,0,0
8,1173,2,1,0,0,0
8,1182,2,1,0,0,0
8,1188,2,1,0,0,0
8,1216,2,1,0,1,0
8,1262,2,1,0,1,0
8,1284,2,1,0,0,0
8,1333,2,1,0,0,0
8,1373,2,1,0,1,0
8,1386,2,1,1,0,0
8,1460,2,1,0,0,0
8,1481,2,1,0,0,0
8,1489,2,1,1,0,0
8,1515,2,1,0,0,0
8,1536,2,1,0,0,0
8,1552,2,1,1,0,0
8,1557,2,1,1,0,0
8,1586,2,1,0,0,0
8,1593,2,1,0,0,0
8,1616,2,1,0,1,0
8,1627,2,1,0,0,0
8,1652,2,1,0,0,0
8,1664,2,1,0,1,0
8,1701,2,1,1,0,0
8,1708,2,1,0,1,0
8,1716,2,1,1,0,0
8,1738,2,1,1,0,0
8,1744,2,1,0,0,0
8,1747,2,1,0,0,0
8,1774,2,1,1,0,0
8,1795,2,1,0,0,0
8,1796,2,1,0,0,0
8,1802,2,1,0,1,0
8,1822,2,1,0,0,0
8,1828,2,1,1,0,0
8,1858,2,1,0,0,0
8,1888,2,1,0,0,0
8,1920,2,1,0,0,0
8,1924,2,1,0,0,0
8,1939,2,1,0,1,0
8,1946,2,1,0,0,0
8,1979,2,1,1,0,0
8,2015,2,1,0,0,0
8,2071,2,1,1,0,0
8,2091,2,1,0,1,0
8,2093,2,1,1,0,0
8,2095,2,1,0,1,0
8,2119,2,1,0,1,0
8,2121,2,1,0,1,0
8,2128,2,1,0,0,0
8,2139,2,1,0,0,0
8,2172,2,1,0,1,0
8,2176,2,1,1,0,0
8,2181,2,1,0,1,0
8,2218,2,1,1,0,0
8,2222,2,1,0,1,0
8,2247,2,1,0,1,0
8,2282,2,1,0,1,0
8,2292,2,1,1,0,0
8,2327,2,1,1,0,0
8,2334,2,1,1,0,0
8,2337,2,1,0,1,0
8,2346,2,1,1,0,0
8,2378,2,1,1,0,0
8,2380,2,1,0,1,0
8,2385,2,1,0,1,0
8,2387,2,1,1,0,0
8,2420,2,1,0,0,0
8,2441,2,1,0,0,0
8,2449,2,1,0,1,0
8,2456,2,1,0,0,0
8,2465,2,1,0,0,0
8,2473,2,1,0,0,0
8,2498,2,1,0,1,0
8,2,1,1,0,1,1
8,7,1,1,0,1,1
8,61,1,1,0,0,1
8,130,1,1,1,0,1
8,138,1,1,0,0,1
8,150,1,1,0,0,1
8,154,1,1,0,0,1
8,155,1,1,0,0,1
8,159,1,1,0,1,1
8,176,1,1,0,1,1
8,185,1,1,1,0,1
8,193,1,1,0,0,1
8,200,1,1,0,0,1
8,203,1,1,0,0,1
8,209,1,1,1,0,1
8,210,1,1,0,1,1
8,235,1,1,0,0,1
8,251,1,1,0,0,1
8,253,1,1,0,1,1
8,254,1,1,0,1,1
8,260,1,1,0,1,1
8,271,1,1,0,0,1
8,280,1,1,0,1,1
8,283,1,1,0,0,1
8,284,1,1,0,0,1
8,298,1,1,0,1,1
8,317,1,1,0,1,1
8,318,1,1,1,0,1
8,324,1,1,0,1,1
8,328,1,1,0,0,1
8,336,1,1,0,1,1
8,347,1,1,0,1,1
8,372,1,1,0,0,1
8,378,1,1,0,0,1
8,410,1,1,1,0,1
8,419,1,1,0,0,1
8,430,1,1,0,1,1
8,434,1,1,0,1,1
8,462,1,1,0,1,1
8,469,1,1,0,0,1
8,472,1,1,0,0,1
8,496,1,1,0,0,1
8,524,1,1,0,0,1
8,545,1,1,0,0,1
8,558,1,1,1,0,1
8,565,1,1,0,1,1
8,597,1,1,0,0,1
8,604,1,1,0,0,1
8,619,1,1,0,0,1
8,622,1,1,0,0,1
8,631,1,1,0,1,1
8,647,1,1,0,1,1
8,655,1,1,0,0,1
8,662,1,1,1,0,1
8,711,1,1,0,0,1
8,717,1,1,0,0,1
8,744,1,1,0,1,1
8,752,1,1,0,1,1
8,766,1,1,0,1,1
8,769,1,1,1,0,1
8,777,1,1,0,1,1
8,795,1,1,0,0,1
8,797,1,1,0,0,1
8,803,1,1,1,0,1
8,833,1,1,0,0,1
8,848,1,1,0,1,1
8,896,1,1,0,0,1
8,923,1,1,1,0,1
8,925,1,1,0,0,1
8,940,1,1,0,0,1
8,951,1,1,0,0,1
8,960,1,1,0,0,1
8,977,1,1,1,0,1
8,981,1,1,0,0,1
8,995,1,1,1,0,1
8,1020,1,1,1,0,1
8,1024,1,1,1,0,1
8,1068,1,1,0,0,1
8,1082,1,1,1,0,1
8,1098,1,1,0,0,1
8,1106,1,1,0,0,1
8,1109,1,1,1,0,1
8,1147,1,1,0,1,1
8,1152,1,1,1,0,1
8,1157,1,1,0,1,1
8,1167,1,1,0,0,1
8,1170,1,1,0,1,1
8,1172,1,1,1,0,1
8,1177,1,1,1,0,1
8,1192,1,1,0,1,1
8,1208,1,1,0,0,1
8,1210,1,1,0,0,1
8,1225,1,1,0,1,1
8,1241,1,1,0,0,1
8,1242,1,1,0,1,1
8,1275,1,1,0,0,1
8,1276,1,1,0,0,1
8,1285,1,1,0,0,1
8,1287,1,1,1,0,1
8,1302,1,1,0,0,1
8,1305,1,1,0,0,1
8,1322,1,1,0,1,1
8,1368,1,1,1,0,1
8,1390,1,1,0,0,1
8,1404,1,1,0,0,1
8,1423,1,1,0,1,1
8,1437,1,1,0,1,1
8,1467,1,1,0,0,1
8,1474,1,1,0,0,1
8,1487,1,1,1,0,1
8,1494,1,1,0,0,1
8,1500,1,1,0,1,1
8,1503,1,1,0,0,1
8,1512,1,1,0,1,1
8,1530,1,1,0,0,1
8,1540,1,1,0,0,1
8,1555,1,1,0,0,1
8,1591,1,1,1,0,1
8,1603,1,1,0,1,1
8,1617,1,1,0,0,1
8,1630,1,1,0,1,1
8,1659,1,1,0,1,1
8,1662,1,1,1,0,1
8,1673,1,1,1,0,1
8,1689,1,1,0,1,1
8,1702,1,1,0,0,1
8,1710,1,1,0,1,1
8,1734,1,1,1,0,1
8,1797,1,1,0,1,1
8,1816,1,1,0,0,1
8,1820,1,1,1,0,1
8,1832,1,1,0,0,1
8,1863,1,1,0,0,1
8,1887,1,1,1,0,1
8,1896,1,1,0,1,1
8,1929,1,1,1,0,1
8,1941,1,1,0,1,1
8,1952,1,1,1,0,1
8,1955,1,1,0,0,1
8,1961,1,1,1,0,1
8,1966,1,1,0,0,1
8,1968,1,1,0,0,1
8,1980,1,1,1,0,1
8,1984,1,1,0,0,1
8,1988,1,1,0,0,1
8,1990,1,1,0,0,1
8,2000,1,1,1,0,1
8,2007,1,1,1,0,1
8,2033,1,1,0,0,1
8,2049,1,1,0,1,1
8,2068,1,1,0,1,1
8,2082,1,1,0,0,1
8,2096,1,1,1,0,1
8,2100,1,1,0,0,1
8,2108,1,1,1,0,1
8,2110,1,1,1,0,1
8,2141,1,1,1,0,1
8,2154,1,1,0,0,1
8,2158,1,1,1,0,1
8,2170,1,1,1,0,1
8,2184,1,1,0,0,1
8,2192,1,1,1,0,1
8,2217,1,1,1,0,1
8,2219,1,1,0,0,1
8,2225,1,1,0,0,1
8,2234,1,1,1,0,1
8,2242,1,1,1,0,1
8,2252,1,1,0,1,1
8,2258,1,1,0,1,1
8,2266,1,1,0,1,1
8,2271,1,1,0,0,1
8,2294,1,1,0,1,1
8,2300,1,1,1,0,1
8,2320,1,1,0,0,1
8,2324,1,1,1,0,1
8,2344,1,1,0,1,1
8,2347,1,1,0,0,1
8,2350,1,1,0,0,1
8,2353,1,1,0,1,1
8,2357,1,1,0,1,1
8,2372,1,1,0,1,1
8,2383,1,1,0,0,1
8,2399,1,1,0,0,1
8,2422,1,1,1,0,1
8,2424,1,1,0,0,1
8,2438,1,1,0,0,1
8,2452,1,1,0,0,1
8,2468,1,1,0,1,1
8,2488,1,1,0,0,1
8,18,1,1,1,0,2
8,39,1,1,0,0,2
8,40,1,1,0,1,2
8,67,1,1,0,0,2
8,74,1,1,0,0,2
8,76,1,1,0,0,2
8,95,1,1,1,0,2
8,97,1,1,1,0,2
8,98,1,1,0,1,2
8,115,1,1,1,0,2
8,125,1,1,0,1,2
8,126,1,1,0,0,2
8,170,1,1,0,1,2
8,179,1,1,0,0,2
8,181,1,1,0,1,2
8,205,1,1,0,1,2
8,212,1,1,0,1,2
8,214,1,1,0,0,2
8,219,1,1,1,0,2
8,226,1,1,0,1,2
8,241,1,1,0,1,2
8,246,1,1,0,0,2
8,285,1,1,0,1,2
8,302,1,1,0,0,2
8,308,1,1,1,0,2
8,320,1,1,0,1,2
8,322,1,1,0,0,2
8,323,1,1,0,1,2
8,325,1,1,0,1,2
8,349,1,1,0,0,2
8,354,1,1,1,0,2
8,363,1,1,0,0,2
8,365,1,1,1,0,2
8,370,1,1,1,0,2
8,402,1,1,0,1,2
8,417,1,1,0,0,2
8,444,1,1,0,0,2
8,456,1,1,0,0,2
8,505,1,1,0,1,2
8,516,1,1,0,1,2
8,531,1,1,0,1,2
8,559,1,1,1,0,2
8,583,1,1,0,0,2
8,611,1,1,0,1,2
8,621,1,1,0,0,2
8,627,1,1,1,0,2
8,628,1,1,0,0,2
8,646,1,1,1,0,2
8,653,1,1,0,1,2
8,659,1,1,0,1,2
8,684,1,1,1,0,2
8,691,1,1,1,0,2
8,713,1,1,0,0,2
8,714,1,1,0,0,2
8,715,1,1,1,0,2
8,749,1,1,0,0,2
8,751,1,1,1,0,2
8,770,1,1,0,1,2
8,786,1,1,0,0,2
8,836,1,1,0,1,2
8,884,1,1,0,1,2
8,892,1,1,1,0,2
8,900,1,1,1,0,2
8,907,1,1,0,1,2
8,930,1,1,0,0,2
8,934,1,1,0,1,2
8,941,1,1,0,1,2
8,942,1,1,0,0,2
8,948,1,1,0,0,2
8,952,1,1,0,1,2
8,957,1,1,1,0,2
8,959,1,1,0,0,2
8,969,1,1,1,0,2
8,982,1,1,0,1,2
8,984,1,1,1,0,2
8,986,1,1,1,0,2
8,992,1,1,1,0,2
8,997,1,1,0,1,2
8,1017,1,1,0,0,2
8,1021,1,1,0,0,2
8,1037,1,1,0,0,2
8,1056,1,1,0,0,2
8,1090,1,1,1,0,2
8,1096,1,1,0,1,2
8,1099,1,1,0,0,2
8,1105,1,1,1,0,2
8,1127,1,1,0,1,2
8,1130,1,1,0,0,2
8,1145,1,1,0,1,2
8,1150,1,1,0,0,2
8,1159,1,1,0,1,2
8,1162,1,1,1,0,2
8,1184,1,1,1,0,2
8,1190,1,1,0,1,2
8,1197,1,1,1,0,2
8,1207,1,1,0,1,2
8,1220,1,1,1,0,2
8,1238,1,1,0,1,2
8,1292,1,1,0,1,2
8,1299,1,1,0,0,2
8,1303,1,1,0,0,2
8,1312,1,1,0,0,2
8,1413,1,1,0,0,2
8,1427,1,1,1,0,2
8,1445,1,1,0,0,2
8,1482,1,1,1,0,2
8,1521,1,1,0,0,2
8,1522,1,1,0,0,2
8,1543,1,1,0,1,2
8,1546,1,1,0,0,2
8,1562,1,1,1,0,2
8,1582,1,1,0,1,2
8,1592,1,1,0,0,2
8,1618,1,1,0,0,2
8,1621,1,1,0,0,2
8,1631,1,1,0,0,2
8,1647,1,1,1,0,2
8,1665,1,1,1,0,2
8,1682,1,1,0,0,2
8,1683,1,1,0,1,2
8,1751,1,1,0,0,2
8,1760,1,1,0,0,2
8,1781,1,1,0,0,2
8,1786,1,1,0,1,2
8,1801,1,1,0,1,2
8,1807,1,1,0,0,2
8,1809,1,1,1,0,2
8,1815,1,1,0,0,2
8,1853,1,1,0,1,2
8,1881,1,1,0,0,2
8,1897,1,1,0,1,2
8,1905,1,1,1,0,2
8,1926,1,1,0,0,2
8,1963,1,1,0,0,2
8,1967,1,1,1,0,2
8,1969,1,1,0,0,2
8,1970,1,1,0,0,2
8,1971,1,1,0,0,2
8,1974,1,1,0,1,2
8,1991,1,1,0,1,2
8,1996,1,1,0,0,2
8,2009,1,1,1,0,2
8,2011,1,1,0,0,2
8,2032,1,1,0,1,2
8,2036,1,1,0,1,2
8,2046,1,1,1,0,2
8,2050,1,1,0,0,2
8,2063,1,1,0,0,2
8,2099,1,1,0,0,2
8,2112,1,1,0,0,2
8,2136,1,1,1,0,2
8,2142,1,1,1,0,2
8,2144,1,1,1,0,2
8,2150,1,1,0,0,2
8,2162,1,1,0,0,2
8,2166,1,1,0,0,2
8,2168,1,1,0,0,2
8,2194,1,1,0,0,2
8,2226,1,1,0,0,2
8,2281,1,1,0,0,2
8,2285,1,1,0,1,2
8,2297,1,1,0,1,2
8,2321,1,1,0,1,2
8,2342,1,1,1,0,2
8,2376,1,1,1,0,2
8,2388,1,1,0,0,2
8,2421,1,1,0,1,2
8,2423,1,1,1,0,2
8,2428,1,1,0,1,2
8,2444,1,1,0,1,2
8,2447,1,1,1,0,2
8,2448,1,1,0,1,2
8,2455,1,1,0,1,2
8,2466,1,1,0,1,2
8,2471,1,1,0,0,2
8,2483,1,1,0,0,2
8,2494,1,1,1,0,2
8,1,2,3,0,1,3
8,16,2,3,0,0,3
8,22,2,3,0,0,3
8,33,2,3,0,0,3
8,34,2,3,0,0,3
8,45,2,3,0,0,3
8,48,2,3,0,0,3
8,56,2,3,0,0,3
8,57,2,3,1,0,3
8,59,2,3,1,0,3
8,111,2,3,1,0,3
8,129,2,3,0,1,3
8,144,2,3,1,0,3
8,165,2,3,0,0,3
8,183,2,3,0,1,3
8,222,2,3,0,0,3
8,229,2,3,0,1,3
8,231,2,3,0,1,3
8,248,2,3,0,0,3
8,263,2,3,0,0,3
8,269,2,3,0,0,3
8,275,2,3,0,0,3
8,292,2,3,0,1,3
8,303,2,3,1,0,3
8,307,2,3,1,0,3
8,351,2,3,0,0,3
8,362,2,3,1,0,3
8,379,2,3,0,0,3
8,386,2,3,0,1,3
8,396,2,3,0,0,3
8,408,2,3,0,1,3
8,413,2,3,0,0,3
8,448,2,3,0,0,3
8,449,2,3,0,1,3
8,455,2,3,0,0,3
8,457,2,3,0,0,3
8,464,2,3,1,0,3
8,478,2,3,0,1,3
8,485,2,3,1,0,3
8,494,2,3,0,0,3
8,495,2,3,0,1,3
8,507,2,3,0,1,3
8,527,2,3,0,1,3
8,537,2,3,1,0,3
8,538,2,3,0,1,3
8,544,2,3,0,0,3
8,551,2,3,0,0,3
8,555,2,3,1,0,3
8,562,2,3,1,0,3
8,566,2,3,0,1,3
8,573,2,3,0,1,3
8,620,2,3,0,0,3
8,639,2,3,0,1,3
8,663,2,3,0,1,3
8,666,2,3,1,0,3
8,669,2,3,0,0,3
8,677,2,3,0,0,3
8,708,2,3,0,0,3
8,724,2,3,1,0,3
8,730,2,3,0,0,3
8,804,2,3,0,1,3
8,808,2,3,0,1,3
8,820,2,3,0,1,3
8,832,2,3,0,1,3
8,852,2,3,0,1,3
8,856,2,3,0,0,3
8,859,2,3,0,1,3
8,861,2,3,0,1,3
8,867,2,3,0,1,3
8,901,2,3,1,0,3
8,915,2,3,0,0,3
8,921,2,3,1,0,3
8,928,2,3,1,0,3
8,946,2,3,1,0,3
8,955,2,3,1,0,3
8,983,2,3,0,1,3
8,987,2,3,0,0,3
8,1026,2,3,0,0,3
8,1035,2,3,1,0,3
8,1050,2,3,0,0,3
8,1058,2,3,0,0,3
8,1111,2,3,1,0,3
8,1133,2,3,0,1,3
8,1138,2,3,0,1,3
8,1140,2,3,0,0,3
8,1151,2,3,0,0,3
8,1176,2,3,0,1,3
8,1178,2,3,0,1,3
8,1181,2,3,0,1,3
8,1185,2,3,0,0,3
8,1189,2,3,1,0,3
8,1195,2,3,0,0,3
8,1200,2,3,0,0,3
8,1218,2,3,0,1,3
8,1221,2,3,0,0,3
8,1226,2,3,1,0,3
8,1235,2,3,0,0,3
8,1251,2,3,0,0,3
8,1263,2,3,0,0,3
8,1283,2,3,0,1,3
8,1298,2,3,1,0,3
8,1327,2,3,0,0,3
8,1335,2,3,0,1,3
8,1351,2,3,1,0,3
8,1362,2,3,0,0,3
8,1372,2,3,0,1,3
8,1387,2,3,0,0,3
8,1394,2,3,1,0,3
8,1405,2,3,0,0,3
8,1417,2,3,0,1,3
8,1425,2,3,1,0,3
8,1439,2,3,0,0,3
8,1451,2,3,0,1,3
8,1458,2,3,0,1,3
8,1463,2,3,0,0,3
8,1469,2,3,0,0,3
8,1480,2,3,0,0,3
8,1484,2,3,0,1,3
8,1505,2,3,0,0,3
8,1506,2,3,0,0,3
8,1507,2,3,1,0,3
8,1529,2,3,0,0,3
8,1534,2,3,0,0,3
8,1537,2,3,0,1,3
8,1571,2,3,0,1,3
8,1573,2,3,0,0,3
8,1574,2,3,1,0,3
8,1575,2,3,0,0,3
8,1590,2,3,1,0,3
8,1606,2,3,1,0,3
8,1609,2,3,0,0,3
8,1636,2,3,0,0,3
8,1648,2,3,1,0,3
8,1653,2,3,0,1,3
8,1678,2,3,0,1,3
8,1695,2,3,0,0,3
8,1709,2,3,0,1,3
8,1721,2,3,1,0,3
8,1748,2,3,0,1,3
8,1770,2,3,1,0,3
8,1772,2,3,0,1,3
8,1780,2,3,0,0,3
8,1788,2,3,0,0,3
8,1803,2,3,0,1,3
8,1805,2,3,0,0,3
8,1834,2,3,0,0,3
8,1859,2,3,0,0,3
8,1861,2,3,1,0,3
8,1904,2,3,0,0,3
8,1907,2,3,0,1,3
8,1931,2,3,0,1,3
8,1947,2,3,1,0,3
8,1950,2,3,0,1,3
8,2013,2,3,0,0,3
8,2026,2,3,1,0,3
8,2040,2,3,0,0,3
8,2043,2,3,0,0,3
8,2065,2,3,0,0,3
8,2066,2,3,1,0,3
8,2080,2,3,0,1,3
8,2081,2,3,0,0,3
8,2114,2,3,0,0,3
8,2115,2,3,1,0,3
8,2133,2,3,0,1,3
8,2135,2,3,0,1,3
8,2148,2,3,1,0,3
8,2151,2,3,1,0,3
8,2152,2,3,0,0,3
8,2155,2,3,0,1,3
8,2178,2,3,1,0,3
8,2186,2,3,0,1,3
8,2197,2,3,0,1,3
8,2207,2,3,0,0,3
8,2231,2,3,0,1,3
8,2246,2,3,0,0,3
8,2262,2,3,0,0,3
8,2270,2,3,1,0,3
8,2273,2,3,0,1,3
8,2276,2,3,1,0,3
8,2278,2,3,0,1,3
8,2286,2,3,0,0,3
8,2309,2,3,1,0,3
8,2348,2,3,1,0,3
8,2369,2,3,0,1,3
8,2389,2,3,0,1,3
8,2395,2,3,0,1,3
8,2411,2,3,1,0,3
8,2417,2,3,1,0,3
8,2426,2,3,0,1,3
8,2430,2,3,0,0,3
8,2437,2,3,0,1,3
8,2457,2,3,0,1,3
8,2461,2,3,0,1,3
8,2487,2,3,0,0,3
8,14,1,1,1,0,4
8,17,1,1,0,1,4
8,30,1,1,0,0,4
8,31,1,1,0,0,4
8,47,1,1,0,1,4
8,82,1,1,0,0,4
8,84,1,1,0,0,4
8,85,1,1,0,1,4
8,142,1,1,1,0,4
8,146,1,1,0,0,4
8,157,1,1,0,1,4
8,160,1,1,1,0,4
8,171,1,1,0,0,4
8,182,1,1,0,1,4
8,188,1,1,0,1,4
8,189,1,1,0,0,4
8,215,1,1,0,0,4
8,221,1,1,1,0,4
8,225,1,1,0,0,4
8,230,1,1,1,0,4
8,233,1,1,0,0,4
8,237,1,1,0,0,4
8,238,1,1,0,1,4
8,240,1,1,0,0,4
8,249,1,1,0,0,4
8,265,1,1,0,1,4
8,270,1,1,0,1,4
8,297,1,1,0,1,4
8,299,1,1,0,0,4
8,337,1,1,0,0,4
8,338,1,1,0,0,4
8,340,1,1,1,0,4
8,366,1,1,0,0,4
8,368,1,1,1,0,4
8,376,1,1,0,1,4
8,389,1,1,1,0,4
8,400,1,1,1,0,4
8,415,1,1,0,0,4
8,421,1,1,0,0,4
8,428,1,1,1,0,4
8,443,1,1,0,0,4
8,454,1,1,0,0,4
8,466,1,1,0,1,4
8,470,1,1,0,1,4
8,488,1,1,0,1,4
8,492,1,1,0,1,4
8,493,1,1,0,1,4
8,502,1,1,0,0,4
8,525,1,1,0,0,4
8,548,1,1,0,0,4
8,575,1,1,0,0,4
8,585,1,1,0,1,4
8,598,1,1,0,0,4
8,601,1,1,0,1,4
8,617,1,1,1,0,4
8,654,1,1,0,0,4
8,657,1,1,0,0,4
8,670,1,1,1,0,4
8,679,1,1,0,1,4
8,683,1,1,0,0,4
8,685,1,1,0,1,4
8,703,1,1,0,1,4
8,706,1,1,1,0,4
8,722,1,1,0,1,4
8,723,1,1,0,0,4
8,726,1,1,0,0,4
8,733,1,1,0,0,4
8,750,1,1,1,0,4
8,771,1,1,0,0,4
8,788,1,1,1,0,4
8,789,1,1,1,0,4
8,790,1,1,1,0,4
8,796,1,1,0,1,4
8,800,1,1,0,0,4
8,825,1,1,1,0,4
8,841,1,1,0,0,4
8,863,1,1,0,1,4
8,887,1,1,0,0,4
8,888,1,1,0,1,4
8,891,1,1,0,0,4
8,898,1,1,1,0,4
8,903,1,1,0,0,4
8,906,1,1,1,0,4
8,912,1,1,0,1,4
8,916,1,1,0,1,4
8,927,1,1,0,0,4
8,944,1,1,0,1,4
8,961,1,1,1,0,4
8,964,1,1,0,1,4
8,970,1,1,0,0,4
8,991,1,1,1,0,4
8,996,1,1,0,1,4
8,1001,1,1,0,0,4
8,1029,1,1,0,0,4
8,1034,1,1,0,0,4
8,1053,1,1,1,0,4
8,1055,1,1,1,0,4
8,1064,1,1,0,1,4
8,1065,1,1,1,0,4
8,1072,1,1,0,1,4
8,1075,1,1,0,0,4
8,1088,1,1,1,0,4
8,1092,1,1,0,0,4
8,1104,1,1,0,0,4
8,1112,1,1,1,0,4
8,1115,1,1,0,0,4
8,1119,1,1,0,1,4
8,1121,1,1,0,1,4
8,1131,1,1,0,0,4
8,1132,1,1,0,1,4
8,1136,1,1,0,1,4
8,1139,1,1,1,0,4
8,1146,1,1,1,0,4
8,1168,1,1,1,0,4
8,1179,1,1,0,1,4
8,1180,1,1,0,1,4
8,1187,1,1,1,0,4
8,1198,1,1,1,0,4
8,1203,1,1,1,0,4
8,1213,1,1,0,1,4
8,1227,1,1,0,0,4
8,1244,1,1,0,1,4
8,1264,1,1,1,0,4
8,1272,1,1,0,0,4
8,1281,1,1,1,0,4
8,1289,1,1,0,1,4
8,1294,1,1,0,0,4
8,1326,1,1,0,0,4
8,1328,1,1,1,0,4
8,1331,1,1,0,0,4
8,1352,1,1,1,0,4
8,1358,1,1,1,0,4
8,1360,1,1,0,1,4
8,1361,1,1,0,1,4
8,1365,1,1,1,0,4
8,1377,1,1,1,0,4
8,1382,1,1,0,0,4
8,1400,1,1,0,1,4
8,1409,1,1,1,0,4
8,1418,1,1,0,1,4
8,1424,1,1,0,1,4
8,1430,1,1,1,0,4
8,1441,1,1,0,0,4
8,1446,1,1,0,0,4
8,1447,1,1,1,0,4
8,1471,1,1,0,1,4
8,1485,1,1,1,0,4
8,1492,1,1,0,0,4
8,1497,1,1,0,1,4
8,1499,1,1,0,0,4
8,1519,1,1,0,0,4
8,1528,1,1,0,0,4
8,1531,1,1,1,0,4
8,1539,1,1,0,0,4
8,1547,1,1,0,0,4
8,1554,1,1,0,1,4
8,1565,1,1,0,0,4
8,1567,1,1,0,0,4
8,1572,1,1,0,0,4
8,1584,1,1,0,0,4
8,1597,1,1,0,1,4
8,1615,1,1,0,1,4
8,1624,1,1,0,0,4
8,1625,1,1,0,1,4
8,1661,1,1,0,1,4
8,1668,1,1,0,0,4
8,1671,1,1,0,1,4
8,1694,1,1,0,1,4
8,1697,1,1,0,1,4
8,1703,1,1,1,0,4
8,1736,1,1,1,0,4
8,1739,1,1,1,0,4
8,1743,1,1,1,0,4
8,1759,1,1,0,1,4
8,1794,1,1,0,1,4
8,1800,1,1,0,0,4
8,1808,1,1,0,0,4
8,1813,1,1,1,0,4
8,1824,1,1,0,1,4
8,1827,1,1,0,1,4
8,1829,1,1,0,1,4
8,1835,1,1,0,0,4
8,1839,1,1,1,0,4
8,1856,1,1,0,0,4
8,1869,1,1,0,0,4
8,1872,1,1,0,0,4
8,1875,1,1,1,0,4
8,1884,1,1,1,0,4
8,1886,1,1,0,0,4
8,1890,1,1,0,0,4
8,1894,1,1,1,0,4
8,1899,1,1,0,0,4
8,1906,1,1,0,0,4
8,1930,1,1,0,0,4
8,1937,1,1,0,1,4
8,1938,1,1,0,1,4
8,1943,1,1,0,0,4
8,1964,1,1,0,0,4
8,1977,1,1,0,1,4
8,1978,1,1,0,1,4
8,1986,1,1,0,0,4
8,1999,1,1,1,0,4
8,2012,1,1,0,0,4
8,2025,1,1,0,1,4
8,2030,1,1,0,0,4
8,2073,1,1,0,0,4
8,2074,1,1,0,1,4
8,2087,1,1,0,1,4
8,2101,1,1,0,0,4
8,2102,1,1,0,0,4
8,2129,1,1,1,0,4
8,2130,1,1,0,0,4
8,2131,1,1,0,1,4
8,2138,1,1,0,0,4
8,2169,1,1,0,1,4
8,2198,1,1,1,0,4
8,2227,1,1,0,0,4
8,2237,1,1,1,0,4
8,2240,1,1,0,0,4
8,2250,1,1,1,0,4
8,2259,1,1,1,0,4
8,2280,1,1,0,0,4
8,2287,1,1,0,0,4
8,2288,1,1,0,0,4
8,2304,1,1,0,1,4
8,2316,1,1,1,0,4
8,2326,1,1,1,0,4
8,2351,1,1,0,1,4
8,2358,1,1,0,0,4
8,2370,1,1,1,0,4
8,2377,1,1,0,1,4
8,2381,1,1,0,0,4
8,2382,1,1,1,0,4
8,2408,1,1,0,0,4
8,2414,1,1,0,0,4
8,2418,1,1,1,0,4
8,2432,1,1,0,0,4
8,2433,1,1,0,0,4
8,2450,1,1,0,0,4
8,2454,1,1,1,0,4
8,2477,1,1,1,0,4
8,2478,1,1,0,1,4
8,2479,1,1,0,0,4
8,2490,1,1,0,1,4
8,2496,1,1,1,0,4
8,23,3,3,1,0,5
8,42,3,3,0,0,5
8,44,3,3,0,0,5
8,64,3,3,3,0,5
8,75,3,3,0,0,5
8,81,3,3,0,0,5
8,102,3,3,0,3,5
8,106,3,3,0,0,5
8,110,3,3,3,0,5
8,116,3,3,1,0,5
8,119,3,3,0,3,5
8,136,3,3,0,0,5
8,137,3,3,0,0,5
8,174,3,3,0,3,5
8,197,3,3,1,0,5
8,202,3,3,0,3,5
8,227,3,3,1,0,5
8,258,3,3,1,0,5
8,286,3,3,0,3,5
8,287,3,3,0,3,5
8,309,3,3,0,0,5
8,311,3,3,0,0,5
8,313,3,3,0,0,5
8,346,3,3,0,0,5
8,353,3,3,0,0,5
8,360,3,3,0,0,5
8,375,3,3,0,0,5
8,382,3,3,0,0,5
8,393,3,3,0,0,5
8,409,3,3,3,0,5
8,440,3,3,0,1,5
8,445,3,3,0,1,5
8,459,3,3,0,3,5
8,473,3,3,3,0,5
8,519,3,3,0,1,5
8,526,3,3,3,0,5
8,532,3,3,1,0,5
8,541,3,3,1,0,5
8,554,3,3,0,1,5
8,568,3,3,0,0,5
8,589,3,3,0,0,5
8,602,3,3,0,0,5
8,607,3,3,0,0,5
8,613,3,3,0,3,5
8,625,3,3,0,3,5
8,633,3,3,0,0,5
8,638,3,3,0,0,5
8,642,3,3,3,0,5
8,664,3,3,0,0,5
8,686,3,3,1,0,5
8,699,3,3,0,0,5
8,702,3,3,0,3,5
8,710,3,3,0,3,5
8,735,3,3,0,3,5
8,736,3,3,0,3,5
8,742,3,3,0,3,5
8,743,3,3,0,1,5
8,747,3,3,0,0,5
8,748,3,3,0,3,5
8,753,3,3,0,0,5
8,763,3,3,3,0,5
8,764,3,3,0,3,5
8,767,3,3,0,0,5
8,782,3,3,0,3,5
8,793,3,3,3,0,5
8,817,3,3,0,0,5
8,839,3,3,1,0,5
8,844,3,3,0,0,5
8,868,3,3,0,1,5
8,872,3,3,3,0,5
8,876,3,3,0,0,5
8,902,3,3,0,0,5
8,908,3,3,3,0,5
8,932,3,3,0,0,5
8,938,3,3,0,0,5
8,965,3,3,0,1,5
8,966,3,3,3,0,5
8,993,3,3,0,0,5
8,1006,3,3,0,3,5
8,1045,3,3,0,3,5
8,1051,3,3,0,1,5
8,1052,3,3,3,0,5
8,1059,3,3,3,0,5
8,1066,3,3,3,0,5
8,1067,3,3,0,0,5
8,1073,3,3,3,0,5
8,1074,3,3,1,0,5
8,1084,3,3,0,0,5
8,1091,3,3,0,0,5
8,1120,3,3,1,0,5
8,1123,3,3,0,0,5
8,1125,3,3,0,0,5
8,1134,3,3,3,0,5
8,1169,3,3,0,0,5
8,1174,3,3,0,0,5
8,1193,3,3,0,0,5
8,1211,3,3,0,3,5
8,1228,3,3,0,0,5
8,1231,3,3,0,3,5
8,1245,3,3,0,0,5
8,1248,3,3,0,3,5
8,1258,3,3,0,1,5
8,1278,3,3,0,0,5
8,1282,3,3,0,0,5
8,1288,3,3,1,0,5
8,1296,3,3,0,0,5
8,1304,3,3,0,3,5
8,1307,3,3,3,0,5
8,1334,3,3,1,0,5
8,1347,3,3,0,0,5
8,1350,3,3,0,0,5
8,1359,3,3,0,1,5
8,1369,3,3,0,3,5
8,1376,3,3,1,0,5
8,1385,3,3,0,0,5
8,1391,3,3,0,3,5
8,1396,3,3,0,0,5
8,1402,3,3,0,1,5
8,1428,3,3,0,0,5
8,1435,3,3,0,0,5
8,1449,3,3,1,0,5
8,1457,3,3,3,0,5
8,1476,3,3,3,0,5
8,1488,3,3,0,3,5
8,1509,3,3,0,3,5
8,1511,3,3,0,3,5
8,1513,3,3,1,0,5
8,1525,3,3,0,0,5
8,1533,3,3,3,0,5
8,1542,3,3,0,1,5
8,1553,3,3,0,3,5
8,1577,3,3,0,0,5
8,1594,3,3,0,3,5
8,1635,3,3,0,0,5
8,1672,3,3,0,0,5
8,1681,3,3,0,0,5
8,1692,3,3,3,0,5
8,1713,3,3,3,0,5
8,1764,3,3,0,0,5
8,1769,3,3,0,0,5
8,1771,3,3,0,0,5
8,1791,3,3,0,0,5
8,1811,3,3,0,0,5
8,1819,3,3,0,3,5
8,1821,3,3,0,0,5
8,1826,3,3,3,0,5
8,1837,3,3,0,0,5
8,1838,3,3,0,0,5
8,1842,3,3,1,0,5
8,1848,3,3,0,3,5
8,1870,3,3,0,3,5
8,1878,3,3,0,0,5
8,1880,3,3,0,0,5
8,1883,3,3,0,0,5
8,1891,3,3,0,3,5
8,1910,3,3,0,0,5
8,1919,3,3,0,0,5
8,1944,3,3,0,0,5
8,1962,3,3,0,0,5
8,1994,3,3,0,0,5
8,2019,3,3,0,0,5
8,2028,3,3,0,3,5
8,2037,3,3,1,0,5
8,2041,3,3,3,0,5
8,2048,3,3,3,0,5
8,2054,3,3,0,3,5
8,2057,3,3,0,0,5
8,2069,3,3,0,3,5
8,2085,3,3,3,0,5
8,2089,3,3,3,0,5
8,2120,3,3,3,0,5
8,2122,3,3,1,0,5
8,2140,3,3,0,0,5
8,2143,3,3,0,1,5
8,2153,3,3,1,0,5
8,2157,3,3,3,0,5
8,2159,3,3,1,0,5
8,2165,3,3,3,0,5
8,2171,3,3,3,0,5
8,2177,3,3,0,0,5
8,2180,3,3,3,0,5
8,2187,3,3,3,0,5
8,2191,3,3,0,0,5
8,2203,3,3,0,1,5
8,2215,3,3,3,0,5
8,2224,3,3,1,0,5
8,2267,3,3,0,0,5
8,2274,3,3,0,3,5
8,2283,3,3,0,0,5
8,2284,3,3,0,3,5
8,2290,3,3,0,0,5
8,2296,3,3,1,0,5
8,2303,3,3,0,0,5
8,2308,3,3,0,1,5
8,2336,3,3,0,0,5
8,2339,3,3,0,0,5
8,2361,3,3,0,0,5
8,2368,3,3,0,3,5
8,2415,3,3,0,3,5
8,2416,3,3,1,0,5
8,2425,3,3,0,3,5
8,2442,3,3,3,0,5
8,2462,3,3,0,0,5
8,2475,3,3,0,0,5
8,2486,3,3,0,0,5
8,21,1,1,0,1,6
8,26,1,1,1,0,6
8,63,1,1,0,1,6
8,72,1,1,1,0,6
8,78,1,1,0,0,6
8,93,1,1,0,1,6
8,100,1,1,1,0,6
8,104,1,1,0,1,6
8,108,1,1,0,1,6
8,151,1,1,1,0,6
8,173,1,1,0,0,6
8,194,1,1,0,1,6
8,256,1,1,0,0,6
8,259,1,1,1,0,6
8,264,1,1,0,1,6
8,321,1,1,0,0,6
8,352,1,1,0,0,6
8,357,1,1,0,0,6
8,392,1,1,1,0,6
8,414,1,1,0,0,6
8,425,1,1,0,1,6
8,437,1,1,0,0,6
8,453,1,1,0,1,6
8,476,1,1,0,0,6
8,486,1,1,0,1,6
8,514,1,1,0,0,6
8,533,1,1,0,1,6
8,539,1,1,0,0,6
8,542,1,1,0,0,6
8,549,1,1,0,0,6
8,576,1,1,0,0,6
8,590,1,1,1,0,6
8,599,1,1,0,1,6
8,600,1,1,0,1,6
8,603,1,1,0,1,6
8,623,1,1,0,0,6
8,630,1,1,0,0,6
8,652,1,1,0,1,6
8,667,1,1,1,0,6
8,671,1,1,1,0,6
8,672,1,1,0,0,6
8,682,1,1,0,0,6
8,731,1,1,0,0,6
8,738,1,1,0,1,6
8,759,1,1,0,0,6
8,760,1,1,1,0,6
8,779,1,1,1,0,6
8,798,1,1,0,1,6
8,828,1,1,0,0,6
8,829,1,1,0,0,6
8,834,1,1,1,0,6
8,849,1,1,1,0,6
8,860,1,1,0,0,6
8,865,1,1,0,0,6
8,869,1,1,0,0,6
8,877,1,1,1,0,6
8,883,1,1,1,0,6
8,920,1,1,0,0,6
8,958,1,1,1,0,6
8,985,1,1,1,0,6
8,1010,1,1,0,0,6
8,1012,1,1,1,0,6
8,1023,1,1,0,1,6
8,1046,1,1,0,0,6
8,1062,1,1,0,0,6
8,1063,1,1,0,1,6
8,1071,1,1,0,0,6
8,1077,1,1,1,0,6
8,1079,1,1,0,1,6
8,1081,1,1,0,0,6
8,1086,1,1,0,0,6
8,1093,1,1,0,1,6
8,1108,1,1,1,0,6
8,1164,1,1,0,0,6
8,1166,1,1,0,1,6
8,1171,1,1,1,0,6
8,1201,1,1,0,0,6
8,1205,1,1,0,0,6
8,1217,1,1,1,0,6
8,1249,1,1,0,1,6
8,1250,1,1,0,1,6
8,1269,1,1,0,0,6
8,1271,1,1,1,0,6
8,1274,1,1,0,0,6
8,1280,1,1,0,1,6
8,1301,1,1,1,0,6
8,1309,1,1,1,0,6
8,1311,1,1,0,1,6
8,1325,1,1,0,1,6
8,1340,1,1,1,0,6
8,1343,1,1,1,0,6
8,1353,1,1,0,1,6
8,1357,1,1,0,1,6
8,1395,1,1,1,0,6
8,1397,1,1,0,0,6
8,1411,1,1,0,1,6
8,1420,1,1,0,0,6
8,1432,1,1,0,1,6
8,1490,1,1,1,0,6
8,1518,1,1,0,0,6
8,1527,1,1,0,1,6
8,1585,1,1,1,0,6
8,1598,1,1,1,0,6
8,1640,1,1,0,0,6
8,1657,1,1,0,0,6
8,1693,1,1,0,1,6
8,1705,1,1,0,0,6
8,1720,1,1,1,0,6
8,1730,1,1,0,1,6
8,1731,1,1,0,1,6
8,1755,1,1,0,1,6
8,1756,1,1,0,1,6
8,1775,1,1,0,0,6
8,1790,1,1,1,0,6
8,1799,1,1,1,0,6
8,1806,1,1,0,1,6
8,1818,1,1,0,1,6
8,1831,1,1,1,0,6
8,1845,1,1,0,1,6
8,1885,1,1,0,0,6
8,1895,1,1,0,0,6
8,1909,1,1,1,0,6
8,1914,1,1,0,1,6
8,1935,1,1,1,0,6
8,1953,1,1,1,0,6
8,1957,1,1,0,0,6
8,1960,1,1,1,0,6
8,1975,1,1,1,0,6
8,1992,1,1,1,0,6
8,1998,1,1,1,0,6
8,2002,1,1,0,1,6
8,2020,1,1,0,1,6
8,2034,1,1,0,1,6
8,2035,1,1,0,0,6
8,2056,1,1,1,0,6
8,2083,1,1,0,1,6
8,2084,1,1,1,0,6
8,2117,1,1,0,0,6
8,2124,1,1,0,0,6
8,2125,1,1,1,0,6
8,2126,1,1,0,0,6
8,2210,1,1,1,0,6
8,2293,1,1,1,0,6
8,2298,1,1,0,1,6
8,2301,1,1,0,1,6
8,2305,1,1,1,0,6
8,2315,1,1,0,1,6
8,2356,1,1,1,0,6
8,2360,1,1,0,1,6
8,2407,1,1,0,0,6
8,2427,1,1,0,0,6
8,2429,1,1,0,1,6
8,2440,1,1,0,0,6
8,15,2,1,0,0,7
8,65,2,1,0,1,7
8,79,2,1,2,0,7
8,83,2,1,0,1,7
8,87,2,1,0,0,7
8,94,2,1,2,0,7
8,107,2,1,0,0,7
8,114,2,1,0,0,7
8,118,2,1,0,1,7
8,123,2,1,0,1,7
8,139,2,1,0,0,7
8,172,2,1,0,1,7
8,178,2,1,0,0,7
8,186,2,1,0,0,7
8,191,2,1,0,0,7
8,199,2,1,0,0,7
8,207,2,1,0,0,7
8,208,2,1,0,0,7
8,228,2,1,0,1,7
8,234,2,1,0,1,7
8,255,2,1,2,0,7
8,272,2,1,0,1,7
8,273,2,1,0,1,7
8,278,2,1,2,0,7
8,289,2,1,0,1,7
8,343,2,1,0,1,7
8,380,2,1,2,0,7
8,385,2,1,0,1,7
8,398,2,1,0,1,7
8,416,2,1,2,0,7
8,422,2,1,0,1,7
8,426,2,1,2,0,7
8,429,2,1,0,1,7
8,436,2,1,0,0,7
8,439,2,1,1,0,7
8,450,2,1,0,0,7
8,509,2,1,0,1,7
8,515,2,1,2,0,7
8,521,2,1,0,0,7
8,522,2,1,0,0,7
8,529,2,1,0,0,7
8,578,2,1,2,0,7
8,584,2,1,0,1,7
8,618,2,1,0,0,7
8,624,2,1,0,0,7
8,648,2,1,1,0,7
8,650,2,1,0,1,7
8,676,2,1,1,0,7
8,681,2,1,2,0,7
8,688,2,1,0,0,7
8,693,2,1,0,0,7
8,696,2,1,0,1,7
8,718,2,1,0,0,7
8,721,2,1,0,0,7
8,737,2,1,0,0,7
8,741,2,1,0,0,7
8,745,2,1,0,0,7
8,772,2,1,0,1,7
8,801,2,1,0,0,7
8,802,2,1,0,0,7
8,826,2,1,2,0,7
8,843,2,1,0,1,7
8,855,2,1,0,1,7
8,905,2,1,2,0,7
8,910,2,1,0,0,7
8,926,2,1,2,0,7
8,937,2,1,0,0,7
8,947,2,1,0,0,7
8,975,2,1,0,0,7
8,976,2,1,0,0,7
8,978,2,1,0,1,7
8,990,2,1,2,0,7
8,1004,2,1,2,0,7
8,1005,2,1,2,0,7
8,1013,2,1,2,0,7
8,1016,2,1,0,1,7
8,1032,2,1,2,0,7
8,1076,2,1,0,1,7
8,1095,2,1,2,0,7
8,1102,2,1,0,1,7
8,1114,2,1,0,0,7
8,1118,2,1,1,0,7
8,1148,2,1,0,0,7
8,1156,2,1,0,0,7
8,1163,2,1,1,0,7
8,1196,2,1,0,0,7
8,1204,2,1,2,0,7
8,1214,2,1,1,0,7
8,1232,2,1,0,0,7
8,1240,2,1,0,0,7
8,1310,2,1,2,0,7
8,1313,2,1,2,0,7
8,1314,2,1,2,0,7
8,1320,2,1,2,0,7
8,1330,2,1,0,0,7
8,1341,2,1,2,0,7
8,1346,2,1,0,0,7
8,1399,2,1,2,0,7
8,1421,2,1,2,0,7
8,1426,2,1,0,0,7
8,1434,2,1,2,0,7
8,1450,2,1,0,0,7
8,1459,2,1,1,0,7
8,1473,2,1,0,0,7
8,1479,2,1,2,0,7
8,1516,2,1,2,0,7
8,1558,2,1,2,0,7
8,1559,2,1,0,0,7
8,1581,2,1,2,0,7
8,1583,2,1,0,0,7
8,1637,2,1,2,0,7
8,1642,2,1,0,0,7
8,1646,2,1,1,0,7
8,1667,2,1,0,0,7
8,1674,2,1,0,1,7
8,1717,2,1,2,0,7
8,1723,2,1,2,0,7
8,1726,2,1,0,0,7
8,1740,2,1,0,0,7
8,1749,2,1,0,0,7
8,1768,2,1,0,0,7
8,1783,2,1,0,0,7
8,1785,2,1,0,1,7
8,1833,2,1,0,1,7
8,1843,2,1,0,0,7
8,1847,2,1,0,1,7
8,1866,2,1,0,0,7
8,1876,2,1,0,0,7
8,1902,2,1,2,0,7
8,1927,2,1,0,0,7
8,1933,2,1,0,0,7
8,1976,2,1,0,0,7
8,1987,2,1,1,0,7
8,1997,2,1,0,0,7
8,2006,2,1,0,1,7
8,2022,2,1,0,0,7
8,2024,2,1,0,0,7
8,2052,2,1,0,0,7
8,2094,2,1,0,1,7
8,2097,2,1,0,1,7
8,2111,2,1,0,0,7
8,2116,2,1,0,1,7
8,2127,2,1,0,1,7
8,2146,2,1,1,0,7
8,2167,2,1,2,0,7
8,2195,2,1,2,0,7
8,2199,2,1,0,0,7
8,2205,2,1,0,1,7
8,2229,2,1,0,1,7
8,2244,2,1,0,0,7
8,2248,2,1,2,0,7
8,2254,2,1,2,0,7
8,2256,2,1,0,0,7
8,2310,2,1,2,0,7
8,2314,2,1,0,1,7
8,2319,2,1,0,0,7
8,2355,2,1,2,0,7
8,2365,2,1,0,0,7
8,2396,2,1,0,0,7
8,2446,2,1,1,0,7
8,2459,2,1,0,1,7
8,2472,2,1,2,0,7
8,19,1,3,0,3,8
8,29,1,3,0,0,8
8,55,1,3,0,0,8
8,124,1,3,0,0,8
8,162,1,3,0,3,8
8,198,1,3,0,3,8
8,216,1,3,0,0,8
8,220,1,3,1,0,8
8,290,1,3,0,0,8
8,316,1,3,0,3,8
8,327,1,3,0,0,8
8,348,1,3,1,0,8
8,358,1,3,0,3,8
8,367,1,3,0,0,8
8,373,1,3,0,0,8
8,403,1,3,1,0,8
8,432,1,3,0,1,8
8,482,1,3,0,0,8
8,498,1,3,1,0,8
8,504,1,3,0,0,8
8,506,1,3,1,0,8
8,513,1,3,0,0,8
8,536,1,3,0,0,8
8,543,1,3,0,3,8
8,550,1,3,0,0,8
8,556,1,3,0,0,8
8,561,1,3,0,0,8
8,572,1,3,0,3,8
8,580,1,3,0,3,8
8,591,1,3,1,0,8
8,605,1,3,0,3,8
8,641,1,3,0,0,8
8,658,1,3,0,3,8
8,674,1,3,0,0,8
8,690,1,3,0,3,8
8,700,1,3,0,1,8
8,757,1,3,0,0,8
8,778,1,3,0,1,8
8,810,1,3,0,3,8
8,838,1,3,0,1,8
8,840,1,3,1,0,8
8,842,1,3,0,0,8
8,846,1,3,0,3,8
8,885,1,3,0,3,8
8,889,1,3,1,0,8
8,909,1,3,1,0,8
8,919,1,3,1,0,8
8,963,1,3,0,0,8
8,988,1,3,0,3,8
8,1003,1,3,1,0,8
8,1011,1,3,0,0,8
8,1022,1,3,0,0,8
8,1025,1,3,0,1,8
8,1033,1,3,1,0,8
8,1060,1,3,0,0,8
8,1070,1,3,0,3,8
8,1113,1,3,0,3,8
8,1122,1,3,0,1,8
8,1158,1,3,0,3,8
8,1161,1,3,1,0,8
8,1186,1,3,1,0,8
8,1199,1,3,1,0,8
8,1209,1,3,0,3,8
8,1224,1,3,0,0,8
8,1243,1,3,0,1,8
8,1254,1,3,0,0,8
8,1268,1,3,0,0,8
8,1286,1,3,0,0,8
8,1290,1,3,0,1,8
8,1374,1,3,0,0,8
8,1378,1,3,1,0,8
8,1379,1,3,1,0,8
8,1380,1,3,1,0,8
8,1401,1,3,0,3,8
8,1403,1,3,0,0,8
8,1406,1,3,0,3,8
8,1443,1,3,0,0,8
8,1444,1,3,0,1,8
8,1464,1,3,1,0,8
8,1465,1,3,1,0,8
8,1496,1,3,0,3,8
8,1550,1,3,0,0,8
8,1568,1,3,0,0,8
8,1587,1,3,0,0,8
8,1604,1,3,1,0,8
8,1619,1,3,0,3,8
8,1634,1,3,0,0,8
8,1651,1,3,0,0,8
8,1666,1,3,0,1,8
8,1691,1,3,0,0,8
8,1699,1,3,1,0,8
8,1722,1,3,1,0,8
8,1725,1,3,0,0,8
8,1746,1,3,1,0,8
8,1750,1,3,0,1,8
8,1765,1,3,0,0,8
8,1817,1,3,0,0,8
8,1854,1,3,1,0,8
8,1857,1,3,0,1,8
8,1864,1,3,0,3,8
8,1898,1,3,0,3,8
8,1901,1,3,1,0,8
8,1949,1,3,1,0,8
8,2005,1,3,0,0,8
8,2017,1,3,0,3,8
8,2059,1,3,0,3,8
8,2076,1,3,1,0,8
8,2078,1,3,0,0,8
8,2105,1,3,0,1,8
8,2160,1,3,0,0,8
8,2175,1,3,0,0,8
8,2179,1,3,0,1,8
8,2189,1,3,0,3,8
8,2196,1,3,1,0,8
8,2201,1,3,1,0,8
8,2204,1,3,0,0,8
8,2220,1,3,0,0,8
8,2230,1,3,0,0,8
8,2253,1,3,0,3,8
8,2268,1,3,0,0,8
8,2340,1,3,0,3,8
8,2367,1,3,0,3,8
8,2379,1,3,0,3,8
8,2384,1,3,0,0,8
8,2398,1,3,1,0,8
8,2404,1,3,0,0,8
8,2445,1,3,1,0,8
8,2453,1,3,1,0,8
8,2489,1,3,0,1,8
8,10,1,1,0,1,9
8,12,1,1,0,0,9
8,41,1,1,0,0,9
8,62,1,1,0,0,9
8,113,1,1,0,1,9
8,117,1,1,0,0,9
8,121,1,1,1,0,9
8,141,1,1,0,1,9
8,149,1,1,0,0,9
8,153,1,1,0,1,9
8,164,1,1,0,1,9
8,167,1,1,0,1,9
8,180,1,1,1,0,9
8,187,1,1,0,1,9
8,196,1,1,0,0,9
8,257,1,1,1,0,9
8,276,1,1,0,1,9
8,300,1,1,0,1,9
8,301,1,1,0,1,9
8,304,1,1,0,0,9
8,314,1,1,0,0,9
8,344,1,1,1,0,9
8,371,1,1,0,0,9
8,411,1,1,0,0,9
8,423,1,1,1,0,9
8,447,1,1,0,0,9
8,465,1,1,0,1,9
8,471,1,1,0,0,9
8,483,1,1,0,1,9
8,546,1,1,0,0,9
8,552,1,1,0,0,9
8,563,1,1,0,1,9
8,567,1,1,1,0,9
8,577,1,1,0,0,9
8,587,1,1,0,0,9
8,588,1,1,1,0,9
8,594,1,1,1,0,9
8,595,1,1,0,1,9
8,609,1,1,0,0,9
8,643,1,1,0,1,9
8,649,1,1,1,0,9
8,704,1,1,0,1,9
8,707,1,1,0,1,9
8,712,1,1,1,0,9
8,716,1,1,0,1,9
8,720,1,1,0,1,9
8,729,1,1,0,0,9
8,746,1,1,0,0,9
8,768,1,1,0,0,9
8,781,1,1,0,1,9
8,794,1,1,1,0,9
8,809,1,1,0,0,9
8,811,1,1,1,0,9
8,814,1,1,0,0,9
8,816,1,1,1,0,9
8,818,1,1,1,0,9
8,831,1,1,0,0,9
8,835,1,1,0,1,9
8,858,1,1,0,0,9
8,866,1,1,0,1,9
8,886,1,1,1,0,9
8,897,1,1,1,0,9
8,899,1,1,0,0,9
8,922,1,1,0,1,9
8,924,1,1,0,0,9
8,950,1,1,1,0,9
8,962,1,1,0,0,9
8,1000,1,1,0,0,9
8,1042,1,1,0,1,9
8,1044,1,1,1,0,9
8,1049,1,1,1,0,9
8,1054,1,1,0,0,9
8,1110,1,1,0,1,9
8,1117,1,1,0,0,9
8,1124,1,1,0,0,9
8,1144,1,1,0,0,9
8,1155,1,1,0,0,9
8,1160,1,1,0,1,9
8,1191,1,1,0,0,9
8,1206,1,1,0,0,9
8,1229,1,1,0,0,9
8,1252,1,1,0,0,9
8,1257,1,1,0,1,9
8,1261,1,1,0,0,9
8,1266,1,1,0,0,9
8,1270,1,1,1,0,9
8,1277,1,1,1,0,9
8,1279,1,1,1,0,9
8,1323,1,1,0,0,9
8,1342,1,1,0,0,9
8,1344,1,1,1,0,9
8,1349,1,1,0,0,9
8,1393,1,1,0,1,9
8,1398,1,1,0,0,9
8,1414,1,1,1,0,9
8,1422,1,1,0,0,9
8,1429,1,1,0,1,9
8,1436,1,1,0,0,9
8,1440,1,1,0,0,9
8,1453,1,1,1,0,9
8,1483,1,1,0,1,9
8,1491,1,1,0,0,9
8,1504,1,1,0,1,9
8,1510,1,1,0,1,9
8,1538,1,1,0,1,9
8,1548,1,1,0,0,9
8,1549,1,1,1,0,9
8,1561,1,1,0,0,9
8,1589,1,1,1,0,9
8,1612,1,1,0,0,9
8,1620,1,1,0,0,9
8,1645,1,1,0,0,9
8,1658,1,1,0,1,9
8,1676,1,1,1,0,9
8,1696,1,1,0,0,9
8,1700,1,1,0,0,9
8,1706,1,1,0,0,9
8,1729,1,1,0,1,9
8,1732,1,1,1,0,9
8,1733,1,1,0,0,9
8,1741,1,1,0,0,9
8,1752,1,1,1,0,9
8,1758,1,1,0,1,9
8,1762,1,1,0,0,9
8,1766,1,1,1,0,9
8,1778,1,1,0,0,9
8,1793,1,1,0,0,9
8,1812,1,1,0,1,9
8,1868,1,1,0,1,9
8,1873,1,1,0,0,9
8,1912,1,1,0,1,9
8,1948,1,1,0,0,9
8,1959,1,1,1,0,9
8,1973,1,1,0,0,9
8,1982,1,1,0,1,9
8,1983,1,1,0,1,9
8,1985,1,1,0,0,9
8,2008,1,1,0,0,9
8,2039,1,1,0,1,9
8,2047,1,1,0,1,9
8,2053,1,1,0,1,9
8,2067,1,1,0,1,9
8,2104,1,1,0,1,9
8,2107,1,1,0,0,9
8,2109,1,1,0,1,9
8,2137,1,1,0,0,9
8,2161,1,1,0,0,9
8,2163,1,1,0,0,9
8,2182,1,1,0,0,9
8,2190,1,1,0,0,9
8,2235,1,1,0,0,9
8,2238,1,1,0,1,9
8,2241,1,1,1,0,9
8,2251,1,1,1,0,9
8,2307,1,1,0,1,9
8,2311,1,1,0,1,9
8,2318,1,1,1,0,9
8,2322,1,1,0,1,9
8,2325,1,1,1,0,9
8,2329,1,1,1,0,9
8,2331,1,1,0,1,9
8,2333,1,1,1,0,9
8,2352,1,1,0,0,9
8,2386,1,1,0,1,9
8,2390,1,1,0,0,9
8,2397,1,1,1,0,9
8,2405,1,1,1,0,9
8,2409,1,1,0,0,9
8,2410,1,1,1,0,9
8,2413,1,1,0,1,9
8,2435,1,1,0,0,9
8,2436,1,1,1,0,9
8,2443,1,1,0,0,9
8,2469,1,1,1,0,9
8,2482,1,1,1,0,9
8,2499,1,1,0,0,9
8,32,1,1,0,1,10
8,35,1,1,0,0,10
8,90,1,1,0,1,10
8,92,1,1,0,0,10
8,96,1,1,0,1,10
8,120,1,1,0,0,10
8,127,1,1,0,0,10
8,132,1,1,0,0,10
8,163,1,1,1,0,10
8,166,1,1,0,0,10
8,177,1,1,0,1,10
8,224,1,1,1,0,10
8,247,1,1,0,0,10
8,261,1,1,0,1,10
8,267,1,1,0,0,10
8,282,1,1,0,0,10
8,305,1,1,0,0,10
8,326,1,1,0,0,10
8,330,1,1,1,0,10
8,350,1,1,0,0,10
8,369,1,1,0,0,10
8,381,1,1,1,0,10
8,383,1,1,0,0,10
8,401,1,1,0,0,10
8,424,1,1,0,0,10
8,435,1,1,0,0,10
8,452,1,1,0,1,10
8,481,1,1,1,0,10
8,497,1,1,1,0,10
8,500,1,1,1,0,10
8,511,1,1,0,0,10
8,528,1,1,0,1,10
8,547,1,1,0,0,10
8,564,1,1,0,0,10
8,574,1,1,1,0,10
8,593,1,1,0,0,10
8,629,1,1,0,1,10
8,665,1,1,0,0,10
8,675,1,1,0,0,10
8,680,1,1,0,0,10
8,689,1,1,0,1,10
8,705,1,1,0,0,10
8,719,1,1,0,1,10
8,739,1,1,0,1,10
8,755,1,1,1,0,10
8,756,1,1,1,0,10
8,758,1,1,1,0,10
8,761,1,1,0,0,10
8,765,1,1,0,0,10
8,773,1,1,0,1,10
8,774,1,1,0,0,10
8,780,1,1,0,1,10
8,784,1,1,0,1,10
8,792,1,1,0,0,10
8,806,1,1,1,0,10
8,823,1,1,1,0,10
8,837,1,1,1,0,10
8,857,1,1,0,0,10
8,871,1,1,0,1,10
8,878,1,1,1,0,10
8,879,1,1,0,0,10
8,882,1,1,1,0,10
8,893,1,1,0,0,10
8,945,1,1,0,1,10
8,971,1,1,0,0,10
8,979,1,1,0,0,10
8,994,1,1,0,0,10
8,999,1,1,0,0,10
8,1039,1,1,0,1,10
8,1043,1,1,1,0,10
8,1101,1,1,0,0,10
8,1142,1,1,0,0,10
8,1153,1,1,0,0,10
8,1202,1,1,1,0,10
8,1255,1,1,1,0,10
8,1300,1,1,1,0,10
8,1318,1,1,1,0,10
8,1329,1,1,0,1,10
8,1339,1,1,0,1,10
8,1354,1,1,0,1,10
8,1383,1,1,1,0,10
8,1384,1,1,0,0,10
8,1388,1,1,0,0,10
8,1410,1,1,0,0,10
8,1454,1,1,0,0,10
8,1466,1,1,0,0,10
8,1475,1,1,0,0,10
8,1493,1,1,1,0,10
8,1502,1,1,0,1,10
8,1514,1,1,0,0,10
8,1520,1,1,0,1,10
8,1523,1,1,0,1,10
8,1532,1,1,0,0,10
8,1560,1,1,0,0,10
8,1595,1,1,1,0,10
8,1605,1,1,1,0,10
8,1613,1,1,0,0,10
8,1623,1,1,0,1,10
8,1628,1,1,0,0,10
8,1632,1,1,0,0,10
8,1679,1,1,0,1,10
8,1684,1,1,0,1,10
8,1685,1,1,0,0,10
8,1688,1,1,1,0,10
8,1698,1,1,0,1,10
8,1715,1,1,0,1,10
8,1719,1,1,0,0,10
8,1724,1,1,0,0,10
8,1727,1,1,0,1,10
8,1745,1,1,0,1,10
8,1754,1,1,0,1,10
8,1787,1,1,0,1,10
8,1823,1,1,0,0,10
8,1871,1,1,0,1,10
8,1877,1,1,0,0,10
8,1908,1,1,0,1,10
8,1921,1,1,0,1,10
8,1936,1,1,0,0,10
8,1942,1,1,0,1,10
8,1956,1,1,1,0,10
8,1972,1,1,1,0,10
8,2004,1,1,0,1,10
8,2060,1,1,0,0,10
8,2064,1,1,0,0,10
8,2077,1,1,0,0,10
8,2079,1,1,1,0,10
8,2147,1,1,0,0,10
8,2173,1,1,0,0,10
8,2183,1,1,0,0,10
8,2193,1,1,0,0,10
8,2208,1,1,0,1,10
8,2209,1,1,1,0,10
8,2212,1,1,1,0,10
8,2265,1,1,0,0,10
8,2279,1,1,0,0,10
8,2291,1,1,0,0,10
8,2295,1,1,1,0,10
8,2312,1,1,0,0,10
8,2313,1,1,0,1,10
8,2317,1,1,0,0,10
8,2323,1,1,0,0,10
8,2343,1,1,1,0,10
8,2359,1,1,1,0,10
8,2362,1,1,1,0,10
8,2402,1,1,0,0,10
8,2439,1,1,0,0,10
8,2464,1,1,0,0,10
8,2470,1,1,0,1,10
8,2495,1,1,0,0,10
8,2497,1,1,1,0,10
8,0,2,2,0,1,11
8,11,2,2,1,0,11
8,38,2,2,0,1,11
8,50,2,2,0,0,11
8,54,2,2,0,0,11
8,60,2,2,0,0,11
8,69,2,2,0,0,11
8,99,2,2,2,0,11
8,101,2,2,1,0,11
8,105,2,2,0,0,11
8,128,2,2,0,1,11
8,140,2,2,0,0,11
8,143,2,2,0,1,11
8,145,2,2,2,0,11
8,161,2,2,0,0,11
8,190,2,2,0,0,11
8,192,2,2,0,0,11
8,201,2,2,0,2,11
8,204,2,2,1,0,11
8,217,2,2,0,0,11
8,239,2,2,0,0,11
8,244,2,2,0,1,11
8,262,2,2,0,0,11
8,281,2,2,1,0,11
8,294,2,2,0,0,11
8,374,2,2,0,0,11
8,384,2,2,0,0,11
8,433,2,2,2,0,11
8,441,2,2,1,0,11
8,446,2,2,2,0,11
8,451,2,2,0,0,11
8,468,2,2,0,0,11
8,557,2,2,0,1,11
8,610,2,2,0,1,11
8,614,2,2,0,0,11
8,632,2,2,2,0,11
8,640,2,2,0,1,11
8,668,2,2,1,0,11
8,725,2,2,0,0,11
8,732,2,2,0,0,11
8,734,2,2,2,0,11
8,776,2,2,2,0,11
8,783,2,2,0,0,11
8,785,2,2,2,0,11
8,791,2,2,1,0,11
8,812,2,2,0,0,11
8,813,2,2,0,2,11
8,819,2,2,2,0,11
8,875,2,2,0,0,11
8,935,2,2,0,1,11
8,936,2,2,0,0,11
8,943,2,2,0,0,11
8,1019,2,2,0,0,11
8,1038,2,2,2,0,11
8,1057,2,2,0,0,11
8,1135,2,2,0,2,11
8,1141,2,2,0,0,11
8,1230,2,2,1,0,11
8,1246,2,2,1,0,11
8,1253,2,2,0,2,11
8,1256,2,2,0,2,11
8,1306,2,2,0,0,11
8,1316,2,2,0,0,11
8,1317,2,2,2,0,11
8,1337,2,2,0,0,11
8,1345,2,2,0,2,11
8,1348,2,2,1,0,11
8,1356,2,2,0,0,11
8,1364,2,2,2,0,11
8,1367,2,2,0,1,11
8,1389,2,2,0,0,11
8,1392,2,2,0,0,11
8,1419,2,2,0,2,11
8,1431,2,2,2,0,11
8,1438,2,2,0,0,11
8,1470,2,2,0,2,11
8,1478,2,2,0,0,11
8,1556,2,2,0,0,11
8,1569,2,2,1,0,11
8,1570,2,2,0,1,11
8,1576,2,2,0,1,11
8,1580,2,2,2,0,11
8,1600,2,2,0,0,11
8,1601,2,2,0,1,11
8,1608,2,2,1,0,11
8,1614,2,2,0,0,11
8,1633,2,2,0,0,11
8,1638,2,2,0,2,11
8,1639,2,2,0,1,11
8,1644,2,2,1,0,11
8,1654,2,2,2,0,11
8,1670,2,2,0,0,11
8,1753,2,2,0,0,11
8,1761,2,2,1,0,11
8,1767,2,2,0,1,11
8,1773,2,2,0,0,11
8,1782,2,2,0,2,11
8,1784,2,2,0,2,11
8,1810,2,2,0,1,11
8,1840,2,2,0,2,11
8,1841,2,2,0,1,11
8,1852,2,2,1,0,11
8,1874,2,2,0,0,11
8,1879,2,2,0,0,11
8,1893,2,2,0,0,11
8,1911,2,2,1,0,11
8,1934,2,2,0,2,11
8,1940,2,2,2,0,11
8,1954,2,2,0,1,11
8,1965,2,2,0,0,11
8,2014,2,2,0,0,11
8,2016,2,2,0,1,11
8,2021,2,2,0,0,11
8,2029,2,2,1,0,11
8,2031,2,2,0,0,11
8,2051,2,2,0,1,11
8,2062,2,2,0,0,11
8,2070,2,2,0,0,11
8,2088,2,2,0,0,11
8,2185,2,2,0,1,11
8,2188,2,2,0,0,11
8,2200,2,2,1,0,11
8,2228,2,2,0,0,11
8,2243,2,2,2,0,11
8,2255,2,2,1,0,11
8,2260,2,2,0,0,11
8,2263,2,2,0,0,11
8,2264,2,2,0,0,11
8,2289,2,2,0,0,11
8,2306,2,2,0,1,11
8,2338,2,2,1,0,11
8,2341,2,2,1,0,11
8,2345,2,2,0,0,11
8,2349,2,2,0,0,11
8,2364,2,2,2,0,11
8,2373,2,2,2,0,11
8,2392,2,2,0,0,11
8,2401,2,2,0,0,11
8,2412,2,2,2,0,11
8,2434,2,2,0,2,11
8,2451,2,2,0,1,11
8,2458,2,2,0,0,11
8,2463,2,2,0,0,11
8,2480,2,2,0,2,11
8,2484,2,2,0,0,11
8,4,2,2,0,0,12
8,27,2,2,1,0,12
8,71,2,2,1,0,12
8,112,2,2,0,0,12
8,147,2,2,0,2,12
8,148,2,2,0,0,12
8,211,2,2,0,0,12
8,213,2,2,0,0,12
8,223,2,2,0,0,12
8,266,2,2,1,0,12
8,268,2,2,0,2,12
8,291,2,2,0,1,12
8,306,2,2,0,0,12
8,315,2,2,0,1,12
8,333,2,2,0,0,12
8,355,2,2,0,2,12
8,364,2,2,1,0,12
8,387,2,2,0,1,12
8,388,2,2,0,0,12
8,406,2,2,0,0,12
8,420,2,2,0,0,12
8,467,2,2,0,1,12
8,475,2,2,1,0,12
8,477,2,2,2,0,12
8,479,2,2,0,1,12
8,484,2,2,0,0,12
8,487,2,2,0,0,12
8,518,2,2,1,0,12
8,523,2,2,1,0,12
8,535,2,2,1,0,12
8,579,2,2,0,1,12
8,615,2,2,2,0,12
8,645,2,2,0,0,12
8,656,2,2,2,0,12
8,673,2,2,2,0,12
8,687,2,2,1,0,12
8,694,2,2,0,1,12
8,697,2,2,0,1,12
8,727,2,2,0,0,12
8,754,2,2,1,0,12
8,775,2,2,0,1,12
8,821,2,2,0,0,12
8,847,2,2,0,0,12
8,850,2,2,0,0,12
8,851,2,2,0,2,12
8,854,2,2,2,0,12
8,870,2,2,0,1,12
8,881,2,2,2,0,12
8,895,2,2,0,1,12
8,904,2,2,0,2,12
8,917,2,2,0,1,12
8,967,2,2,1,0,12
8,968,2,2,1,0,12
8,1002,2,2,0,0,12
8,1007,2,2,0,0,12
8,1014,2,2,0,0,12
8,1015,2,2,0,0,12
8,1028,2,2,2,0,12
8,1040,2,2,0,1,12
8,1048,2,2,0,0,12
8,1061,2,2,0,0,12
8,1069,2,2,2,0,12
8,1085,2,2,0,0,12
8,1094,2,2,0,1,12
8,1194,2,2,0,1,12
8,1215,2,2,0,0,12
8,1236,2,2,0,0,12
8,1237,2,2,0,0,12
8,1239,2,2,1,0,12
8,1259,2,2,0,1,12
8,1265,2,2,0,0,12
8,1336,2,2,1,0,12
8,1366,2,2,0,0,12
8,1408,2,2,0,1,12
8,1416,2,2,0,1,12
8,1452,2,2,0,0,12
8,1455,2,2,0,0,12
8,1456,2,2,2,0,12
8,1468,2,2,0,0,12
8,1472,2,2,2,0,12
8,1477,2,2,1,0,12
8,1501,2,2,2,0,12
8,1524,2,2,0,0,12
8,1526,2,2,1,0,12
8,1579,2,2,0,0,12
8,1607,2,2,0,0,12
8,1610,2,2,0,0,12
8,1622,2,2,2,0,12
8,1629,2,2,0,1,12
8,1650,2,2,1,0,12
8,1677,2,2,0,1,12
8,1680,2,2,0,1,12
8,1704,2,2,0,0,12
8,1728,2,2,0,1,12
8,1798,2,2,0,0,12
8,1830,2,2,0,1,12
8,1836,2,2,2,0,12
8,1851,2,2,0,0,12
8,1855,2,2,0,0,12
8,1860,2,2,0,1,12
8,1862,2,2,0,2,12
8,1882,2,2,1,0,12
8,1889,2,2,0,0,12
8,1900,2,2,0,1,12
8,1915,2,2,0,1,12
8,1916,2,2,0,2,12
8,1922,2,2,0,2,12
8,1925,2,2,0,1,12
8,1932,2,2,2,0,12
8,2001,2,2,0,0,12
8,2010,2,2,0,0,12
8,2027,2,2,0,0,12
8,2044,2,2,0,0,12
8,2086,2,2,0,0,12
8,2092,2,2,0,1,12
8,2123,2,2,0,1,12
8,2134,2,2,0,0,12
8,2164,2,2,1,0,12
8,2211,2,2,0,2,12
8,2232,2,2,1,0,12
8,2233,2,2,2,0,12
8,2236,2,2,0,0,12
8,2277,2,2,0,0,12
8,2299,2,2,0,1,12
8,2374,2,2,0,0,12
8,2375,2,2,0,0,12
8,2394,2,2,0,2,12
8,2474,2,2,1,0,12
8,2481,2,2,0,0,12
8,2493,2,2,0,2,12
8,3,1,1,1,0,13
8,5,1,1,0,1,13
8,9,1,1,0,0,13
8,20,1,1,0,0,13
8,28,1,1,1,0,13
8,49,1,1,0,1,13
8,52,1,1,0,0,13
8,68,1,1,0,1,13
8,70,1,1,0,0,13
8,77,1,1,1,0,13
8,88,1,1,0,0,13
8,109,1,1,0,0,13
8,131,1,1,1,0,13
8,152,1,1,0,0,13
8,168,1,1,0,0,13
8,195,1,1,0,1,13
8,236,1,1,0,1,13
8,243,1,1,0,0,13
8,274,1,1,0,0,13
8,279,1,1,0,0,13
8,293,1,1,0,0,13
8,312,1,1,0,0,13
8,331,1,1,0,1,13
8,359,1,1,0,0,13
8,377,1,1,0,0,13
8,397,1,1,0,0,13
8,405,1,1,1,0,13
8,407,1,1,1,0,13
8,418,1,1,0,0,13
8,460,1,1,0,0,13
8,490,1,1,0,1,13
8,499,1,1,0,0,13
8,501,1,1,1,0,13
8,503,1,1,0,0,13
8,508,1,1,1,0,13
8,512,1,1,0,1,13
8,520,1,1,0,1,13
8,530,1,1,1,0,13
8,534,1,1,0,0,13
8,540,1,1,0,0,13
8,570,1,1,0,0,13
8,582,1,1,0,0,13
8,586,1,1,0,0,13
8,606,1,1,0,0,13
8,608,1,1,0,0,13
8,626,1,1,0,0,13
8,637,1,1,0,1,13
8,644,1,1,0,1,13
8,660,1,1,0,1,13
8,678,1,1,0,1,13
8,695,1,1,1,0,13
8,698,1,1,1,0,13
8,740,1,1,0,1,13
8,762,1,1,0,0,13
8,822,1,1,1,0,13
8,824,1,1,0,0,13
8,862,1,1,0,1,13
8,864,1,1,0,0,13
8,880,1,1,0,0,13
8,911,1,1,1,0,13
8,914,1,1,1,0,13
8,931,1,1,0,1,13
8,939,1,1,0,0,13
8,953,1,1,0,0,13
8,954,1,1,1,0,13
8,956,1,1,1,0,13
8,974,1,1,0,1,13
8,980,1,1,0,0,13
8,998,1,1,1,0,13
8,1008,1,1,0,0,13
8,1027,1,1,0,1,13
8,1030,1,1,1,0,13
8,1041,1,1,0,0,13
8,1080,1,1,0,0,13
8,1103,1,1,1,0,13
8,1107,1,1,1,0,13
8,1116,1,1,0,1,13
8,1126,1,1,0,1,13
8,1128,1,1,0,0,13
8,1175,1,1,0,0,13
8,1183,1,1,0,0,13
8,1212,1,1,1,0,13
8,1219,1,1,1,0,13
8,1223,1,1,0,1,13
8,1247,1,1,0,1,13
8,1260,1,1,0,1,13
8,1267,1,1,0,0,13
8,1273,1,1,1,0,13
8,1293,1,1,0,0,13
8,1319,1,1,0,0,13
8,1321,1,1,0,0,13
8,1324,1,1,0,0,13
8,1363,1,1,0,0,13
8,1371,1,1,0,0,13
8,1375,1,1,0,0,13
8,1407,1,1,0,1,13
8,1433,1,1,0,1,13
8,1448,1,1,0,1,13
8,1461,1,1,0,1,13
8,1508,1,1,0,1,13
8,1517,1,1,1,0,13
8,1535,1,1,0,1,13
8,1541,1,1,1,0,13
8,1544,1,1,0,1,13
8,1545,1,1,1,0,13
8,1551,1,1,0,0,13
8,1563,1,1,0,1,13
8,1566,1,1,0,1,13
8,1578,1,1,1,0,13
8,1588,1,1,0,0,13
8,1596,1,1,0,0,13
8,1599,1,1,0,0,13
8,1611,1,1,1,0,13
8,1626,1,1,0,0,13
8,1641,1,1,0,1,13
8,1643,1,1,1,0,13
8,1649,1,1,1,0,13
8,1655,1,1,1,0,13
8,1656,1,1,1,0,13
8,1660,1,1,0,0,13
8,1663,1,1,1,0,13
8,1675,1,1,0,1,13
8,1686,1,1,1,0,13
8,1690,1,1,0,1,13
8,1712,1,1,1,0,13
8,1714,1,1,0,0,13
8,1735,1,1,0,0,13
8,1737,1,1,0,1,13
8,1776,1,1,0,1,13
8,1777,1,1,0,0,13
8,1789,1,1,1,0,13
8,1792,1,1,0,1,13
8,1804,1,1,0,1,13
8,1849,1,1,0,1,13
8,1850,1,1,0,0,13
8,1867,1,1,1,0,13
8,1892,1,1,0,0,13
8,1903,1,1,0,0,13
8,1917,1,1,0,1,13
8,1928,1,1,0,1,13
8,1958,1,1,1,0,13
8,1981,1,1,0,1,13
8,1989,1,1,0,0,13
8,1993,1,1,1,0,13
8,2003,1,1,0,0,13
8,2038,1,1,0,1,13
8,2061,1,1,0,0,13
8,2072,1,1,0,0,13
8,2090,1,1,1,0,13
8,2098,1,1,0,0,13
8,2118,1,1,0,0,13
8,2145,1,1,0,1,13
8,2149,1,1,1,0,13
8,2156,1,1,0,1,13
8,2174,1,1,0,0,13
8,2213,1,1,0,1,13
8,2216,1,1,1,0,13
8,2221,1,1,0,1,13
8,2223,1,1,1,0,13
8,2245,1,1,1,0,13
8,2257,1,1,0,0,13
8,2261,1,1,0,0,13
8,2269,1,1,0,0,13
8,2302,1,1,1,0,13
8,2330,1,1,0,0,13
8,2332,1,1,0,0,13
8,2363,1,1,0,0,13
8,2366,1,1,0,0,13
8,2371,1,1,0,1,13
8,2391,1,1,0,1,13
8,2400,1,1,0,0,13
8,2403,1,1,0,0,13
8,2406,1,1,0,0,13
8,2431,1,1,0,0,13
8,2460,1,1,0,0,13
8,2476,1,1,1,0,13
8,2485,1,1,1,0,13
8,6,1,1,0,0,14
8,8,1,1,0,0,14
8,13,1,1,0,1,14
8,36,1,1,1,0,14
8,37,1,1,0,0,14
8,43,1,1,0,1,14
8,46,1,1,0,0,14
8,51,1,1,0,0,14
8,66,1,1,0,0,14
8,73,1,1,1,0,14
8,80,1,1,0,1,14
8,91,1,1,0,1,14
8,133,1,1,0,1,14
8,134,1,1,1,0,14
8,135,1,1,1,0,14
8,169,1,1,1,0,14
8,184,1,1,0,1,14
8,250,1,1,1,0,14
8,277,1,1,0,0,14
8,288,1,1,0,0,14
8,296,1,1,1,0,14
8,329,1,1,0,1,14
8,339,1,1,0,0,14
8,341,1,1,0,0,14
8,395,1,1,0,1,14
8,399,1,1,0,1,14
8,431,1,1,0,0,14
8,442,1,1,0,1,14
8,463,1,1,0,0,14
8,474,1,1,1,0,14
8,480,1,1,1,0,14
8,489,1,1,0,0,14
8,491,1,1,0,0,14
8,517,1,1,0,0,14
8,560,1,1,0,0,14
8,581,1,1,0,1,14
8,596,1,1,0,0,14
8,636,1,1,0,1,14
8,651,1,1,1,0,14
8,661,1,1,1,0,14
8,728,1,1,0,1,14
8,799,1,1,0,1,14
8,805,1,1,0,0,14
8,874,1,1,0,0,14
8,894,1,1,1,0,14
8,913,1,1,0,1,14
8,918,1,1,0,0,14
8,929,1,1,1,0,14
8,949,1,1,0,0,14
8,972,1,1,0,1,14
8,989,1,1,0,0,14
8,1009,1,1,0,1,14
8,1036,1,1,0,1,14
8,1078,1,1,0,0,14
8,1083,1,1,0,0,14
8,1087,1,1,1,0,14
8,1100,1,1,1,0,14
8,1129,1,1,1,0,14
8,1137,1,1,1,0,14
8,1149,1,1,0,1,14
8,1165,1,1,0,1,14
8,1222,1,1,0,0,14
8,1233,1,1,1,0,14
8,1234,1,1,0,0,14
8,1291,1,1,0,1,14
8,1295,1,1,0,0,14
8,1297,1,1,0,0,14
8,1308,1,1,0,0,14
8,1315,1,1,0,0,14
8,1332,1,1,0,0,14
8,1338,1,1,0,0,14
8,1355,1,1,0,1,14
8,1370,1,1,1,0,14
8,1381,1,1,1,0,14
8,1412,1,1,0,0,14
8,1415,1,1,0,0,14
8,1442,1,1,0,1,14
8,1462,1,1,0,0,14
8,1486,1,1,0,0,14
8,1495,1,1,1,0,14
8,1498,1,1,1,0,14
8,1564,1,1,0,1,14
8,1602,1,1,0,1,14
8,1669,1,1,1,0,14
8,1687,1,1,0,0,14
8,1707,1,1,0,1,14
8,1711,1,1,0,1,14
8,1718,1,1,0,1,14
8,1742,1,1,0,0,14
8,1757,1,1,1,0,14
8,1763,1,1,0,1,14
8,1779,1,1,1,0,14
8,1814,1,1,0,0,14
8,1825,1,1,1,0,14
8,1844,1,1,0,0,14
8,1846,1,1,0,0,14
8,1865,1,1,0,0,14
8,1913,1,1,1,0,14
8,1918,1,1,0,0,14
8,1923,1,1,0,1,14
8,1945,1,1,0,0,14
8,1951,1,1,1,0,14
8,1995,1,1,0,0,14
8,2018,1,1,0,0,14
8,2023,1,1,0,0,14
8,2042,1,1,0,1,14
8,2045,1,1,0,0,14
8,2055,1,1,1,0,14
8,2058,1,1,0,1,14
8,2075,1,1,0,1,14
8,2103,1,1,0,1,14
8,2106,1,1,1,0,14
8,2113,1,1,0,1,14
8,2132,1,1,0,0,14
8,2202,1,1,0,1,14
8,2206,1,1,0,0,14
8,2214,1,1,0,1,14
8,2239,1,1,0,1,14
8,2249,1,1,0,0,14
8,2272,1,1,1,0,14
8,2275,1,1,0,0,14
8,2328,1,1,1,0,14
8,2335,1,1,0,1,14
8,2354,1,1,1,0,14
8,2393,1,1,0,1,14
8,2419,1,1,0,0,14
8,2467,1,1,1,0,14
8,2491,1,1,0,1,14
8,2492,1,1,1,0,14
7,24,1,3,1,0,0
7,25,1,3,0,0,0
7,53,1,3,0,3,0
7,58,1,3,1,0,0
7,86,1,3,0,0,0
7,89,1,3,0,3,0
7,103,1,3,0,3,0
7,122,1,3,1,0,0
7,156,1,3,0,0,0
7,158,1,3,0,1,0
7,175,1,3,1,0,0
7,206,1,3,0,3,0
7,218,1,3,0,3,0
7,232,1,3,0,3,0
7,242,1,3,1,0,0
7,245,1,3,0,3,0
7,252,1,3,0,0,0
7,295,1,3,0,0,0
7,310,1,3,1,0,0
7,319,1,3,0,0,0
7,332,1,3,0,3,0
7,334,1,3,0,1,0
7,335,1,3,0,0,0
7,342,1,3,0,0,0
7,345,1,3,0,0,0
7,356,1,3,0,0,0
7,361,1,3,0,3,0
7,390,1,3,0,3,0
7,391,1,3,0,0,0
7,394,1,3,0,0,0
7,404,1,3,1,0,0
7,412,1,3,0,0,0
7,427,1,3,1,0,0
7,438,1,3,0,1,0
7,458,1,3,0,1,0
7,461,1,3,0,0,0
7,510,1,3,1,0,0
7,553,1,3,0,0,0
7,569,1,3,0,1,0
7,571,1,3,0,3,0
7,592,1,3,0,0,0
7,612,1,3,0,0,0
7,616,1,3,0,3,0
7,634,1,3,0,1,0
7,635,1,3,0,3,0
7,692,1,3,0,0,0
7,701,1,3,0,1,0
7,709,1,3,0,3,0
7,787,1,3,0,3,0
7,807,1,3,0,0,0
7,815,1,3,0,0,0
7,827,1,3,1,0,0
7,830,1,3,1,0,0
7,845,1,3,0,3,0
7,853,1,3,0,0,0
7,873,1,3,0,0,0
7,890,1,3,0,0,0
7,933,1,3,0,0,0
7,973,1,3,0,1,0
7,1018,1,3,0,0,0
7,1031,1,3,0,0,0
7,1047,1,3,0,0,0
7,1089,1,3,0,3,0
7,1097,1,3,0,0,0
7,1143,1,3,0,0,0
7,1154,1,3,0,0,0
7,1173,1,3,0,1,0
7,1182,1,3,0,1,0
7,1188,1,3,0,0,0
7,1216,1,3,0,0,0
7,1262,1,3,0,3,0
7,1284,1,3,1,0,0
7,1333,1,3,0,0,0
7,1373,1,3,0,0,0
7,1386,1,3,1,0,0
7,1460,1,3,0,0,0
7,1481,1,3,0,0,0
7,1489,1,3,1,0,0
7,1515,1,3,1,0,0
7,1536,1,3,0,0,0
7,1552,1,3,0,0,0
7,1557,1,3,0,0,0
7,1586,1,3,0,1,0
7,1593,1,3,0,1,0
7,1616,1,3,0,3,0
7,1627,1,3,0,0,0
7,1652,1,3,1,0,0
7,1664,1,3,0,3,0
7,1701,1,3,1,0,0
7,1708,1,3,0,3,0
7,1716,1,3,0,0,0
7,1738,1,3,1,0,0
7,1744,1,3,0,0,0
7,1747,1,3,0,0,0
7,1774,1,3,0,0,0
7,1795,1,3,0,0,0
7,1796,1,3,0,0,0
7,1802,1,3,0,3,0
7,1822,1,3,0,0,0
7,1828,1,3,1,0,0
7,1858,1,3,0,0,0
7,1888,1,3,1,0,0
7,1920,1,3,0,0,0
7,1924,1,3,0,0,0
7,1939,1,3,0,3,0
7,1946,1,3,0,0,0
7,1979,1,3,0,0,0
7,2015,1,3,0,0,0
7,2071,1,3,0,0,0
7,2091,1,3,0,3,0
7,2093,1,3,0,0,0
7,2095,1,3,0,3,0
7,2119,1,3,0,3,0
7,2121,1,3,0,3,0
7,2128,1,3,0,0,0
7,2139,1,3,1,0,0
7,2172,1,3,0,3,0
7,2176,1,3,1,0,0
7,2181,1,3,0,3,0
7,2218,1,3,0,0,0
7,2222,1,3,0,0,0
7,2247,1,3,0,0,0
7,2282,1,3,0,3,0
7,2292,1,3,0,0,0
7,2327,1,3,0,0,0
7,2334,1,3,0,0,0
7,2337,1,3,0,3,0
7,2346,1,3,1,0,0
7,2378,1,3,1,0,0
7,2380,1,3,0,3,0
7,2385,1,3,0,0,0
7,2387,1,3,0,0,0
7,2420,1,3,1,0,0
7,2441,1,3,1,0,0
7,2449,1,3,0,3,0
7,2456,1,3,0,0,0
7,2465,1,3,1,0,0
7,2473,1,3,0,0,0
7,2498,1,3,0,0,0
7,2,1,1,0,1,1
7,7,1,1,0,1,1
7,61,1,1,0,0,1
7,130,1,1,1,0,1
7,138,1,1,1,0,1
7,150,1,1,0,0,1
7,154,1,1,0,0,1
7,155,1,1,0,0,1
7,159,1,1,0,1,1
7,176,1,1,0,0,1
7,185,1,1,0,0,1
7,193,1,1,0,1,1
7,200,1,1,0,1,1
7,203,1,1,0,0,1
7,209,1,1,1,0,1
7,210,1,1,0,1,1
7,235,1,1,0,0,1
7,251,1,1,1,0,1
7,253,1,1,0,1,1
7,254,1,1,0,1,1
7,260,1,1,0,1,1
7,271,1,1,0,0,1
7,280,1,1,0,1,1
7,283,1,1,0,1,1
7,284,1,1,1,0,1
7,298,1,1,0,1,1
7,317,1,1,0,1,1
7,318,1,1,1,0,1
7,324,1,1,0,0,1
7,328,1,1,0,0,1
7,336,1,1,0,1,1
7,347,1,1,0,1,1
7,372,1,1,1,0,1
7,378,1,1,1,0,1
7,410,1,1,1,0,1
7,419,1,1,1,0,1
7,430,1,1,0,1,1
7,434,1,1,0,0,1
7,462,1,1,0,1,1
7,469,1,1,0,0,1
7,472,1,1,0,0,1
7,496,1,1,0,0,1
7,524,1,1,0,1,1
7,545,1,1,1,0,1
7,558,1,1,1,0,1
7,565,1,1,0,1,1
7,597,1,1,1,0,1
7,604,1,1,0,0,1
7,619,1,1,0,0,1
7,622,1,1,1,0,1
7,631,1,1,0,1,1
7,647,1,1,0,1,1
7,655,1,1,0,0,1
7,662,1,1,1,0,1
7,711,1,1,0,0,1
7,717,1,1,0,0,1
7,744,1,1,0,1,1
7,752,1,1,0,1,1
7,766,1,1,0,0,1
7,769,1,1,0,0,1
7,777,1,1,0,1,1
7,795,1,1,0,0,1
7,797,1,1,0,0,1
7,803,1,1,1,0,1
7,833,1,1,0,0,1
7,848,1,1,0,1,1
7,896,1,1,0,1,1
7,923,1,1,1,0,1
7,925,1,1,0,0,1
7,940,1,1,0,0,1
7,951,1,1,0,0,1
7,960,1,1,0,0,1
7,977,1,1,1,0,1
7,981,1,1,0,0,1
7,995,1,1,1,0,1
7,1020,1,1,1,0,1
7,1024,1,1,1,0,1
7,1068,1,1,0,1,1
7,1082,1,1,1,0,1
7,1098,1,1,1,0,1
7,1106,1,1,0,1,1
7,1109,1,1,1,0,1
7,1147,1,1,0,1,1
7,1152,1,1,1,0,1
7,1157,1,1,0,0,1
7,1167,1,1,0,0,1
7,1170,1,1,0,0,1
7,1172,1,1,1,0,1
7,1177,1,1,1,0,1
7,1192,1,1,0,1,1
7,1208,1,1,1,0,1
7,1210,1,1,0,1,1
7,1225,1,1,0,1,1
7,1241,1,1,0,0,1
7,1242,1,1,0,1,1
7,1275,1,1,1,0,1
7,1276,1,1,0,0,1
7,1285,1,1,0,0,1
7,1287,1,1,1,0,1
7,1302,1,1,1,0,1
7,1305,1,1,0,0,1
7,1322,1,1,0,1,1
7,1368,1,1,1,0,1
7,1390,1,1,0,0,1
7,1404,1,1,0,0,1
7,1423,1,1,0,1,1
7,1437,1,1,0,1,1
7,1467,1,1,1,0,1
7,1474,1,1,0,0,1
7,1487,1,1,1,0,1
7,1494,1,1,0,0,1
7,1500,1,1,0,0,1
7,1503,1,1,0,0,1
7,1512,1,1,0,1,1
7,1530,1,1,0,1,1
7,1540,1,1,0,1,1
7,1555,1,1,0,0,1
7,1591,1,1,1,0,1
7,1603,1,1,0,1,1
7,1617,1,1,0,0,1
7,1630,1,1,0,1,1
7,1659,1,1,0,1,1
7,1662,1,1,1,0,1
7,1673,1,1,1,0,1
7,1689,1,1,0,1,1
7,1702,1,1,0,0,1
7,1710,1,1,0,0,1
7,1734,1,1,1,0,1
7,1797,1,1,0,0,1
7,1816,1,1,0,0,1
7,1820,1,1,1,0,1
7,1832,1,1,1,0,1
7,1863,1,1,0,0,1
7,1887,1,1,1,0,1
7,1896,1,1,0,1,1
7,1929,1,1,0,0,1
7,1941,1,1,0,1,1
7,1952,1,1,1,0,1
7,1955,1,1,1,0,1
7,1961,1,1,0,0,1
7,1966,1,1,0,0,1
7,1968,1,1,0,0,1
7,1980,1,1,1,0,1
7,1984,1,1,1,0,1
7,1988,1,1,0,0,1
7,1990,1,1,0,0,1
7,2000,1,1,0,0,1
7,2007,1,1,1,0,1
7,2033,1,1,0,0,1
7,2049,1,1,0,1,1
7,2068,1,1,0,1,1
7,2082,1,1,1,0,1
7,2096,1,1,1,0,1
7,2100,1,1,0,0,1
7,2108,1,1,1,0,1
7,2110,1,1,1,0,1
7,2141,1,1,1,0,1
7,2154,1,1,0,1,1
7,2158,1,1,0,0,1
7,2170,1,1,1,0,1
7,2184,1,1,0,0,1
7,2192,1,1,0,0,1
7,2217,1,1,1,0,1
7,2219,1,1,0,0,1
7,2225,1,1,0,1,1
7,2234,1,1,0,0,1
7,2242,1,1,1,0,1
7,2252,1,1,0,1,1
7,2258,1,1,0,1,1
7,2266,1,1,0,1,1
7,2271,1,1,0,0,1
7,2294,1,1,0,1,1
7,2300,1,1,1,0,1
7,2320,1,1,1,0,1
7,2324,1,1,1,0,1
7,2344,1,1,0,1,1
7,2347,1,1,0,0,1
7,2350,1,1,0,0,1
7,2353,1,1,0,1,1
7,2357,1,1,0,1,1
7,2372,1,1,0,1,1
7,2383,1,1,0,0,1
7,2399,1,1,0,1,1
7,2422,1,1,1,0,1
7,2424,1,1,0,0,1
7,2438,1,1,0,0,1
7,2452,1,1,0,0,1
7,2468,1,1,0,1,1
7,2488,1,1,0,0,1
7,18,3,1,3,0,2
7,39,3,1,0,0,2
7,40,3,1,0,1,2
7,67,3,1,0,0,2
7,74,3,1,0,0,2
7,76,3,1,0,1,2
7,95,3,1,0,0,2
7,97,3,1,3,0,2
7,98,3,1,0,0,2
7,115,3,1,3,0,2
7,125,3,1,0,0,2
7,126,3,1,0,0,2
7,170,3,1,0,0,2
7,179,3,1,1,0,2
7,181,3,1,0,1,2
7,205,3,1,0,1,2
7,212,3,1,0,1,2
7,214,3,1,0,0,2
7,219,3,1,0,0,2
7,226,3,1,0,1,2
7,241,3,1,0,1,2
7,246,3,1,0,0,2
7,285,3,1,0,1,2
7,302,3,1,1,0,2
7,308,3,1,0,0,2
7,320,3,1,0,0,2
7,322,3,1,0,0,2
7,323,3,1,0,1,2
7,325,3,1,0,0,2
7,349,3,1,0,1,2
7,354,3,1,3,0,2
7,363,3,1,1,0,2
7,365,3,1,3,0,2
7,370,3,1,3,0,2
7,402,3,1,0,1,2
7,417,3,1,0,0,2
7,444,3,1,1,0,2
7,456,3,1,0,0,2
7,505,3,1,0,1,2
7,516,3,1,0,0,2
7,531,3,1,0,1,2
7,559,3,1,3,0,2
7,583,3,1,1,0,2
7,611,3,1,0,1,2
7,621,3,1,1,0,2
7,627,3,1,3,0,2
7,628,3,1,0,0,2
7,646,3,1,3,0,2
7,653,3,1,0,1,2
7,659,3,1,0,1,2
7,684,3,1,3,0,2
7,691,3,1,3,0,2
7,713,3,1,1,0,2
7,714,3,1,0,0,2
7,715,3,1,3,0,2
7,749,3,1,0,0,2
7,751,3,1,3,0,2
7,770,3,1,0,1,2
7,786,3,1,0,0,2
7,836,3,1,0,1,2
7,884,3,1,0,1,2
7,892,3,1,0,0,2
7,900,3,1,3,0,2
7,907,3,1,0,1,2
7,930,3,1,0,0,2
7,934,3,1,0,1,2
7,941,3,1,0,0,2
7,942,3,1,0,0,2
7,948,3,1,0,0,2
7,952,3,1,0,0,2
7,957,3,1,3,0,2
7,959,3,1,1,0,2
7,969,3,1,3,0,2
7,982,3,1,0,0,2
7,984,3,1,3,0,2
7,986,3,1,3,0,2
7,992,3,1,3,0,2
7,997,3,1,0,1,2
7,1017,3,1,0,0,2
7,1021,3,1,0,0,2
7,1037,3,1,0,1,2
7,1056,3,1,0,1,2
7,1090,3,1,0,0,2
7,1096,3,1,0,1,2
7,1099,3,1,0,0,2
7,1105,3,1,0,0,2
7,1127,3,1,0,1,2
7,1130,3,1,1,0,2
7,1145,3,1,0,0,2
7,1150,3,1,0,0,2
7,1159,3,1,0,0,2
7,1162,3,1,3,0,2
7,1184,3,1,0,0,2
7,1190,3,1,0,1,2
7,1197,3,1,3,0,2
7,1207,3,1,0,1,2
7,1220,3,1,0,0,2
7,1238,3,1,0,1,2
7,1292,3,1,0,1,2
7,1299,3,1,0,0,2
7,1303,3,1,0,0,2
7,1312,3,1,0,0,2
7,1413,3,1,0,0,2
7,1427,3,1,3,0,2
7,1445,3,1,0,0,2
7,1482,3,1,3,0,2
7,1521,3,1,0,0,2
7,1522,3,1,0,0,2
7,1543,3,1,0,1,2
7,1546,3,1,0,1,2
7,1562,3,1,3,0,2
7,1582,3,1,0,1,2
7,1592,3,1,0,0,2
7,1618,3,1,1,0,2
7,1621,3,1,0,1,2
7,1631,3,1,0,0,2
7,1647,3,1,3,0,2
7,1665,3,1,0,0,2
7,1682,3,1,0,0,2
7,1683,3,1,0,0,2
7,1751,3,1,0,0,2
7,1760,3,1,0,0,2
7,1781,3,1,0,1,2
7,1786,3,1,0,1,2
7,1801,3,1,0,1,2
7,1807,3,1,1,0,2
7,1809,3,1,3,0,2
7,1815,3,1,0,1,2
7,1853,3,1,0,1,2
7,1881,3,1,0,0,2
7,1897,3,1,0,1,2
7,1905,3,1,0,0,2
7,1926,3,1,0,1,2
7,1963,3,1,1,0,2
7,1967,3,1,3,0,2
7,1969,3,1,0,0,2
7,1970,3,1,0,0,2
7,1971,3,1,0,0,2
7,1974,3,1,0,1,2
7,1991,3,1,0,1,2
7,1996,3,1,0,0,2
7,2009,3,1,3,0,2
7,2011,3,1,0,1,2
7,2032,3,1,0,1,2
7,2036,3,1,0,1,2
7,2046,3,1,3,0,2
7,2050,3,1,0,1,2
7,2063,3,1,0,1,2
7,2099,3,1,0,0,2
7,2112,3,1,0,0,2
7,2136,3,1,3,0,2
7,2142,3,1,0,0,2
7,2144,3,1,3,0,2
7,2150,3,1,0,0,2
7,2162,3,1,0,0,2
7,2166,3,1,0,0,2
7,2168,3,1,0,0,2
7,2194,3,1,0,1,2
7,2226,3,1,0,1,2
7,2281,3,1,0,0,2
7,2285,3,1,0,1,2
7,2297,3,1,0,1,2
7,2321,3,1,0,1,2
7,2342,3,1,3,0,2
7,2376,3,1,3,0,2
7,2388,3,1,0,1,2
7,2421,3,1,0,0,2
7,2423,3,1,3,0,2
7,2428,3,1,0,0,2
7,2444,3,1,0,1,2
7,2447,3,1,3,0,2
7,2448,3,1,0,1,2
7,2455,3,1,0,1,2
7,2466,3,1,0,1,2
7,2471,3,1,0,0,2
7,2483,3,1,0,0,2
7,2494,3,1,3,0,2
7,1,3,1,0,0,3
7,16,3,1,1,0,3
7,22,3,1,1,0,3
7,33,3,1,0,0,3
7,34,3,1,0,0,3
7,45,3,1,0,0,3
7,48,3,1,0,0,3
7,56,3,1,0,0,3
7,57,3,1,2,0,3
7,59,3,1,0,0,3
7,111,3,1,0,0,3
7,129,3,1,0,0,3
7,144,3,1,0,0,3
7,165,3,1,0,0,3
7,183,3,1,0,1,3
7,222,3,1,0,0,3
7,229,3,1,0,0,3
7,231,3,1,0,1,3
7,248,3,1,0,0,3
7,263,3,1,0,0,3
7,269,3,1,0,0,3
7,275,3,1,1,0,3
7,292,3,1,0,0,3
7,303,3,1,2,0,3
7,307,3,1,2,0,3
7,351,3,1,0,0,3
7,362,3,1,2,0,3
7,379,3,1,0,0,3
7,386,3,1,0,0,3
7,396,3,1,0,0,3
7,408,3,1,0,1,3
7,413,3,1,0,0,3
7,448,3,1,1,0,3
7,449,3,1,0,0,3
7,455,3,1,1,0,3
7,457,3,1,0,0,3
7,464,3,1,0,0,3
7,478,3,1,0,0,3
7,485,3,1,2,0,3
7,494,3,1,0,0,3
7,495,3,1,0,1,3
7,507,3,1,0,0,3
7,527,3,1,0,0,3
7,537,3,1,2,0,3
7,538,3,1,0,0,3
7,544,3,1,0,0,3
7,551,3,1,0,1,3
7,555,3,1,2,0,3
7,562,3,1,2,0,3
7,566,3,1,0,1,3
7,573,3,1,0,1,3
7,620,3,1,0,0,3
7,639,3,1,0,0,3
7,663,3,1,0,0,3
7,666,3,1,2,0,3
7,669,3,1,0,0,3
7,677,3,1,1,0,3
7,708,3,1,0,1,3
7,724,3,1,0,0,3
7,730,3,1,1,0,3
7,804,3,1,0,0,3
7,808,3,1,0,1,3
7,820,3,1,0,0,3
7,832,3,1,0,1,3
7,852,3,1,0,0,3
7,856,3,1,0,1,3
7,859,3,1,0,1,3
7,861,3,1,0,0,3
7,867,3,1,0,1,3
7,901,3,1,0,0,3
7,915,3,1,0,0,3
7,921,3,1,2,0,3
7,928,3,1,2,0,3
7,946,3,1,2,0,3
7,955,3,1,2,0,3
7,983,3,1,0,0,3
7,987,3,1,0,0,3
7,1026,3,1,0,0,3
7,1035,3,1,2,0,3
7,1050,3,1,1,0,3
7,1058,3,1,0,1,3
7,1111,3,1,2,0,3
7,1133,3,1,0,0,3
7,1138,3,1,0,0,3
7,1140,3,1,1,0,3
7,1151,3,1,0,0,3
7,1176,3,1,0,0,3
7,1178,3,1,0,1,3
7,1181,3,1,0,1,3
7,1185,3,1,1,0,3
7,1189,3,1,2,0,3
7,1195,3,1,0,0,3
7,1200,3,1,1,0,3
7,1218,3,1,0,0,3
7,1221,3,1,0,0,3
7,1226,3,1,2,0,3
7,1235,3,1,0,0,3
7,1251,3,1,0,0,3
7,1263,3,1,0,0,3
7,1283,3,1,0,0,3
7,1298,3,1,0,0,3
7,1327,3,1,0,1,3
7,1335,3,1,0,0,3
7,1351,3,1,2,0,3
7,1362,3,1,0,0,3
7,1372,3,1,0,1,3
7,1387,3,1,1,0,3
7,1394,3,1,2,0,3
7,1405,3,1,0,0,3
7,1417,3,1,0,1,3
7,1425,3,1,2,0,3
7,1439,3,1,0,0,3
7,1451,3,1,0,1,3
7,1458,3,1,0,0,3
7,1463,3,1,1,0,3
7,1469,3,1,0,0,3
7,1480,3,1,0,0,3
7,1484,3,1,0,1,3
7,1505,3,1,1,0,3
7,1506,3,1,0,0,3
7,1507,3,1,0,0,3
7,1529,3,1,0,0,3
7,1534,3,1,1,0,3
7,1537,3,1,0,1,3
7,1571,3,1,0,0,3
7,1573,3,1,0,0,3
7,1574,3,1,2,0,3
7,1575,3,1,1,0,3
7,1590,3,1,2,0,3
7,1606,3,1,2,0,3
7,1609,3,1,0,1,3
7,1636,3,1,0,1,3
7,1648,3,1,2,0,3
7,1653,3,1,0,0,3
7,1678,3,1,0,1,3
7,1695,3,1,0,0,3
7,1709,3,1,0,1,3
7,1721,3,1,0,0,3
7,1748,3,1,0,0,3
7,1770,3,1,2,0,3
7,1772,3,1,0,1,3
7,1780,3,1,0,0,3
7,1788,3,1,0,1,3
7,1803,3,1,0,0,3
7,1805,3,1,0,0,3
7,1834,3,1,0,0,3
7,1859,3,1,1,0,3
7,1861,3,1,2,0,3
7,1904,3,1,0,1,3
7,1907,3,1,0,1,3
7,1931,3,1,0,1,3
7,1947,3,1,2,0,3
7,1950,3,1,0,0,3
7,2013,3,1,1,0,3
7,2026,3,1,0,0,3
7,2040,3,1,0,0,3
7,2043,3,1,0,0,3
7,2065,3,1,0,0,3
7,2066,3,1,0,0,3
7,2080,3,1,0,0,3
7,2081,3,1,0,0,3
7,2114,3,1,0,1,3
7,2115,3,1,2,0,3
7,2133,3,1,0,1,3
7,2135,3,1,0,0,3
7,2148,3,1,2,0,3
7,2151,3,1,2,0,3
7,2152,3,1,0,0,3
7,2155,3,1,0,0,3
7,2178,3,1,2,0,3
7,2186,3,1,0,0,3
7,2197,3,1,0,1,3
7,2207,3,1,0,0,3
7,2231,3,1,0,1,3
7,2246,3,1,0,0,3
7,2262,3,1,0,1,3
7,2270,3,1,0,0,3
7,2273,3,1,0,0,3
7,2276,3,1,0,0,3
7,2278,3,1,0,1,3
7,2286,3,1,0,0,3
7,2309,3,1,2,0,3
7,2348,3,1,2,0,3
7,2369,3,1,0,0,3
7,2389,3,1,0,0,3
7,2395,3,1,0,0,3
7,2411,3,1,0,0,3
7,2417,3,1,2,0,3
7,2426,3,1,0,0,3
7,2430,3,1,1,0,3
7,2437,3,1,0,0,3
7,2457,3,1,0,0,3
7,2461,3,1,0,0,3
7,2487,3,1,0,0,3
7,14,1,3,1,0,4
7,17,1,3,0,3,4
7,30,1,3,0,0,4
7,31,1,3,0,1,4
7,47,1,3,0,0,4
7,82,1,3,1,0,4
7,84,1,3,1,0,4
7,85,1,3,0,3,4
7,142,1,3,1,0,4
7,146,1,3,0,0,4
7,157,1,3,0,3,4
7,160,1,3,1,0,4
7,171,1,3,0,0,4
7,182,1,3,0,3,4
7,188,1,3,0,0,4
7,189,1,3,0,0,4
7,215,1,3,0,0,4
7,221,1,3,0,0,4
7,225,1,3,0,1,4
7,230,1,3,1,0,4
7,233,1,3,0,0,4
7,237,1,3,0,0,4
7,238,1,3,0,3,4
7,240,1,3,0,0,4
7,249,1,3,0,0,4
7,265,1,3,0,3,4
7,270,1,3,0,3,4
7,297,1,3,0,3,4
7,299,1,3,1,0,4
7,337,1,3,0,1,4
7,338,1,3,0,0,4
7,340,1,3,1,0,4
7,366,1,3,0,1,4
7,368,1,3,1,0,4
7,376,1,3,0,0,4
7,389,1,3,1,0,4
7,400,1,3,1,0,4
7,415,1,3,0,0,4
7,421,1,3,0,1,4
7,428,1,3,0,0,4
7,443,1,3,0,0,4
7,454,1,3,0,0,4
7,466,1,3,0,3,4
7,470,1,3,0,3,4
7,488,1,3,0,3,4
7,492,1,3,0,0,4
7,493,1,3,0,3,4
7,502,1,3,0,0,4
7,525,1,3,1,0,4
7,548,1,3,0,1,4
7,575,1,3,1,0,4
7,585,1,3,0,3,4
7,598,1,3,0,0,4
7,601,1,3,0,3,4
7,617,1,3,1,0,4
7,654,1,3,1,0,4
7,657,1,3,0,0,4
7,670,1,3,1,0,4
7,679,1,3,0,3,4
7,683,1,3,1,0,4
7,685,1,3,0,3,4
7,703,1,3,0,0,4
7,706,1,3,1,0,4
7,722,1,3,0,3,4
7,723,1,3,1,0,4
7,726,1,3,0,0,4
7,733,1,3,0,1,4
7,750,1,3,1,0,4
7,771,1,3,0,0,4
7,788,1,3,1,0,4
7,789,1,3,1,0,4
7,790,1,3,1,0,4
7,796,1,3,0,3,4
7,800,1,3,1,0,4
7,825,1,3,1,0,4
7,841,1,3,0,0,4
7,863,1,3,0,0,4
7,887,1,3,0,1,4
7,888,1,3,0,3,4
7,891,1,3,1,0,4
7,898,1,3,1,0,4
7,903,1,3,0,0,4
7,906,1,3,1,0,4
7,912,1,3,0,3,4
7,916,1,3,0,3,4
7,927,1,3,1,0,4
7,944,1,3,0,0,4
7,961,1,3,0,0,4
7,964,1,3,0,0,4
7,970,1,3,0,0,4
7,991,1,3,1,0,4
7,996,1,3,0,3,4
7,1001,1,3,0,0,4
7,1029,1,3,0,0,4
7,1034,1,3,1,0,4
7,1053,1,3,1,0,4
7,1055,1,3,1,0,4
7,1064,1,3,0,3,4
7,1065,1,3,1,0,4
7,1072,1,3,0,0,4
7,1075,1,3,1,0,4
7,1088,1,3,1,0,4
7,1092,1,3,0,0,4
7,1104,1,3,0,0,4
7,1112,1,3,1,0,4
7,1115,1,3,0,0,4
7,1119,1,3,0,3,4
7,1121,1,3,0,3,4
7,1131,1,3,0,0,4
7,1132,1,3,0,3,4
7,1136,1,3,0,3,4
7,1139,1,3,1,0,4
7,1146,1,3,1,0,4
7,1168,1,3,1,0,4
7,1179,1,3,0,0,4
7,1180,1,3,0,3,4
7,1187,1,3,1,0,4
7,1198,1,3,1,0,4
7,1203,1,3,1,0,4
7,1213,1,3,0,3,4
7,1227,1,3,0,0,4
7,1244,1,3,0,0,4
7,1264,1,3,0,0,4
7,1272,1,3,0,0,4
7,1281,1,3,1,0,4
7,1289,1,3,0,3,4
7,1294,1,3,1,0,4
7,1326,1,3,0,0,4
7,1328,1,3,1,0,4
7,1331,1,3,0,0,4
7,1352,1,3,1,0,4
7,1358,1,3,1,0,4
7,1360,1,3,0,3,4
7,1361,1,3,0,3,4
7,1365,1,3,0,0,4
7,1377,1,3,1,0,4
7,1382,1,3,0,0,4
7,1400,1,3,0,0,4
7,1409,1,3,0,0,4
7,1418,1,3,0,0,4
7,1424,1,3,0,3,4
7,1430,1,3,1,0,4
7,1441,1,3,0,1,4
7,1446,1,3,0,0,4
7,1447,1,3,1,0,4
7,1471,1,3,0,3,4
7,1485,1,3,1,0,4
7,1492,1,3,1,0,4
7,1497,1,3,0,3,4
7,1499,1,3,0,0,4
7,1519,1,3,0,1,4
7,1528,1,3,0,0,4
7,1531,1,3,1,0,4
7,1539,1,3,0,0,4
7,1547,1,3,1,0,4
7,1554,1,3,0,3,4
7,1565,1,3,0,0,4
7,1567,1,3,0,0,4
7,1572,1,3,0,1,4
7,1584,1,3,0,0,4
7,1597,1,3,0,3,4
7,1615,1,3,0,0,4
7,1624,1,3,0,0,4
7,1625,1,3,0,3,4
7,1661,1,3,0,3,4
7,1668,1,3,0,0,4
7,1671,1,3,0,0,4
7,1694,1,3,0,3,4
7,1697,1,3,0,0,4
7,1703,1,3,1,0,4
7,1736,1,3,1,0,4
7,1739,1,3,1,0,4
7,1743,1,3,1,0,4
7,1759,1,3,0,3,4
7,1794,1,3,0,3,4
7,1800,1,3,0,0,4
7,1808,1,3,0,1,4
7,1813,1,3,1,0,4
7,1824,1,3,0,3,4
7,1827,1,3,0,3,4
7,1829,1,3,0,3,4
7,1835,1,3,0,0,4
7,1839,1,3,1,0,4
7,1856,1,3,0,0,4
7,1869,1,3,0,0,4
7,1872,1,3,1,0,4
7,1875,1,3,1,0,4
7,1884,1,3,1,0,4
7,1886,1,3,0,0,4
7,1890,1,3,0,1,4
7,1894,1,3,1,0,4
7,1899,1,3,0,0,4
7,1906,1,3,0,1,4
7,1930,1,3,0,1,4
7,1937,1,3,0,3,4
7,1938,1,3,0,3,4
7,1943,1,3,0,0,4
7,1964,1,3,0,0,4
7,1977,1,3,0,3,4
7,1978,1,3,0,3,4
7,1986,1,3,0,1,4
7,1999,1,3,1,0,4
7,2012,1,3,0,0,4
7,2025,1,3,0,0,4
7,2030,1,3,0,0,4
7,2073,1,3,0,0,4
7,2074,1,3,0,3,4
7,2087,1,3,0,3,4
7,2101,1,3,0,1,4
7,2102,1,3,0,0,4
7,2129,1,3,1,0,4
7,2130,1,3,0,0,4
7,2131,1,3,0,3,4
7,2138,1,3,0,0,4
7,2169,1,3,0,3,4
7,2198,1,3,1,0,4
7,2227,1,3,0,0,4
7,2237,1,3,1,0,4
7,2240,1,3,0,0,4
7,2250,1,3,1,0,4
7,2259,1,3,0,0,4
7,2280,1,3,1,0,4
7,2287,1,3,1,0,4
7,2288,1,3,0,1,4
7,2304,1,3,0,3,4
7,2316,1,3,1,0,4
7,2326,1,3,1,0,4
7,2351,1,3,0,3,4
7,2358,1,3,1,0,4
7,2370,1,3,1,0,4
7,2377,1,3,0,3,4
7,2381,1,3,0,0,4
7,2382,1,3,1,0,4
7,2408,1,3,1,0,4
7,2414,1,3,0,1,4
7,2418,1,3,1,0,4
7,2432,1,3,0,0,4
7,2433,1,3,0,0,4
7,2450,1,3,0,1,4
7,2454,1,3,1,0,4
7,2477,1,3,0,0,4
7,2478,1,3,0,3,4
7,2479,1,3,0,0,4
7,2490,1,3,0,3,4
7,2496,1,3,1,0,4
7,23,3,1,0,0,5
7,42,3,1,0,0,5
7,44,3,1,0,0,5
7,64,3,1,3,0,5
7,75,3,1,0,0,5
7,81,3,1,0,1,5
7,102,3,1,0,1,5
7,106,3,1,0,0,5
7,110,3,1,3,0,5
7,116,3,1,1,0,5
7,119,3,1,0,1,5
7,136,3,1,0,0,5
7,137,3,1,0,0,5
7,174,3,1,0,1,5
7,197,3,1,0,0,5
7,202,3,1,0,1,5
7,227,3,1,1,0,5
7,258,3,1,0,0,5
7,286,3,1,0,1,5
7,287,3,1,0,1,5
7,309,3,1,0,0,5
7,311,3,1,0,0,5
7,313,3,1,0,1,5
7,346,3,1,0,1,5
7,353,3,1,0,0,5
7,360,3,1,0,0,5
7,375,3,1,0,1,5
7,382,3,1,0,0,5
7,393,3,1,0,0,5
7,409,3,1,3,0,5
7,440,3,1,0,0,5
7,445,3,1,0,0,5
7,459,3,1,0,1,5
7,473,3,1,3,0,5
7,519,3,1,0,0,5
7,526,3,1,3,0,5
7,532,3,1,1,0,5
7,541,3,1,0,0,5
7,554,3,1,0,0,5
7,568,3,1,1,0,5
7,589,3,1,0,0,5
7,602,3,1,0,0,5
7,607,3,1,0,0,5
7,613,3,1,0,1,5
7,625,3,1,0,1,5
7,633,3,1,1,0,5
7,638,3,1,0,0,5
7,642,3,1,3,0,5
7,664,3,1,1,0,5
7,686,3,1,1,0,5
7,699,3,1,1,0,5
7,702,3,1,0,1,5
7,710,3,1,0,1,5
7,735,3,1,0,1,5
7,736,3,1,0,1,5
7,742,3,1,0,1,5
7,743,3,1,0,0,5
7,747,3,1,0,0,5
7,748,3,1,0,1,5
7,753,3,1,0,0,5
7,763,3,1,3,0,5
7,764,3,1,0,1,5
7,767,3,1,0,1,5
7,782,3,1,0,1,5
7,793,3,1,3,0,5
7,817,3,1,1,0,5
7,839,3,1,0,0,5
7,844,3,1,0,0,5
7,868,3,1,0,0,5
7,872,3,1,3,0,5
7,876,3,1,0,0,5
7,902,3,1,1,0,5
7,908,3,1,3,0,5
7,932,3,1,1,0,5
7,938,3,1,1,0,5
7,965,3,1,0,0,5
7,966,3,1,3,0,5
7,993,3,1,0,0,5
7,1006,3,1,0,1,5
7,1045,3,1,0,1,5
7,1051,3,1,0,0,5
7,1052,3,1,3,0,5
7,1059,3,1,3,0,5
7,1066,3,1,3,0,5
7,1067,3,1,0,0,5
7,1073,3,1,3,0,5
7,1074,3,1,1,0,5
7,1084,3,1,1,0,5
7,1091,3,1,1,0,5
7,1120,3,1,0,0,5
7,1123,3,1,0,0,5
7,1125,3,1,0,1,5
7,1134,3,1,3,0,5
7,1169,3,1,0,0,5
7,1174,3,1,0,0,5
7,1193,3,1,0,0,5
7,1211,3,1,0,1,5
7,1228,3,1,0,0,5
7,1231,3,1,0,1,5
7,1245,3,1,1,0,5
7,1248,3,1,0,1,5
7,1258,3,1,0,0,5
7,1278,3,1,0,0,5
7,1282,3,1,1,0,5
7,1288,3,1,0,0,5
7,1296,3,1,0,0,5
7,1304,3,1,0,1,5
7,1307,3,1,3,0,5
7,1334,3,1,0,0,5
7,1347,3,1,1,0,5
7,1350,3,1,0,1,5
7,1359,3,1,0,0,5
7,1369,3,1,0,1,5
7,1376,3,1,0,0,5
7,1385,3,1,1,0,5
7,1391,3,1,0,1,5
7,1396,3,1,0,0,5
7,1402,3,1,0,0,5
7,1428,3,1,0,0,5
7,1435,3,1,0,1,5
7,1449,3,1,0,0,5
7,1457,3,1,3,0,5
7,1476,3,1,3,0,5
7,1488,3,1,0,1,5
7,1509,3,1,0,1,5
7,1511,3,1,0,1,5
7,1513,3,1,0,0,5
7,1525,3,1,1,0,5
7,1533,3,1,3,0,5
7,1542,3,1,0,0,5
7,1553,3,1,0,1,5
7,1577,3,1,1,0,5
7,1594,3,1,0,1,5
7,1635,3,1,0,1,5
7,1672,3,1,0,0,5
7,1681,3,1,1,0,5
7,1692,3,1,3,0,5
7,1713,3,1,3,0,5
7,1764,3,1,0,0,5
7,1769,3,1,1,0,5
7,1771,3,1,0,0,5
7,1791,3,1,0,0,5
7,1811,3,1,1,0,5
7,1819,3,1,0,1,5
7,1821,3,1,0,0,5
7,1826,3,1,3,0,5
7,1837,3,1,1,0,5
7,1838,3,1,0,0,5
7,1842,3,1,0,0,5
7,1848,3,1,0,1,5
7,1870,3,1,0,1,5
7,1878,3,1,0,0,5
7,1880,3,1,0,0,5
7,1883,3,1,0,0,5
7,1891,3,1,0,1,5
7,1910,3,1,0,0,5
7,1919,3,1,0,0,5
7,1944,3,1,0,0,5
7,1962,3,1,0,1,5
7,1994,3,1,0,0,5
7,2019,3,1,0,0,5
7,2028,3,1,0,1,5
7,2037,3,1,0,0,5
7,2041,3,1,3,0,5
7,2048,3,1,3,0,5
7,2054,3,1,0,1,5
7,2057,3,1,0,0,5
7,2069,3,1,0,1,5
7,2085,3,1,3,0,5
7,2089,3,1,3,0,5
7,2120,3,1,3,0,5
7,2122,3,1,0,0,5
7,2140,3,1,0,0,5
7,2143,3,1,0,0,5
7,2153,3,1,0,0,5
7,2157,3,1,3,0,5
7,2159,3,1,0,0,5
7,2165,3,1,3,0,5
7,2171,3,1,3,0,5
7,2177,3,1,0,0,5
7,2180,3,1,3,0,5
7,2187,3,1,3,0,5
7,2191,3,1,0,1,5
7,2203,3,1,0,0,5
7,2215,3,1,3,0,5
7,2224,3,1,1,0,5
7,2267,3,1,0,0,5
7,2274,3,1,0,1,5
7,2283,3,1,0,0,5
7,2284,3,1,0,1,5
7,2290,3,1,0,1,5
7,2296,3,1,0,0,5
7,2303,3,1,1,0,5
7,2308,3,1,0,0,5
7,2336,3,1,0,0,5
7,2339,3,1,0,1,5
7,2361,3,1,0,0,5
7,2368,3,1,0,1,5
7,2415,3,1,0,1,5
7,2416,3,1,1,0,5
7,2425,3,1,0,1,5
7,2442,3,1,3,0,5
7,2462,3,1,1,0,5
7,2475,3,1,0,0,5
7,2486,3,1,0,0,5
7,21,1,1,0,1,6
7,26,1,1,0,0,6
7,63,1,1,0,1,6
7,72,1,1,1,0,6
7,78,1,1,0,1,6
7,93,1,1,0,1,6
7,100,1,1,1,0,6
7,104,1,1,0,1,6
7,108,1,1,0,1,6
7,151,1,1,1,0,6
7,173,1,1,1,0,6
7,194,1,1,0,1,6
7,256,1,1,0,1,6
7,259,1,1,1,0,6
7,264,1,1,0,1,6
7,321,1,1,0,0,6
7,352,1,1,0,0,6
7,357,1,1,0,0,6
7,392,1,1,1,0,6
7,414,1,1,0,1,6
7,425,1,1,0,0,6
7,437,1,1,0,0,6
7,453,1,1,0,1,6
7,476,1,1,0,0,6
7,486,1,1,0,1,6
7,514,1,1,0,0,6
7,533,1,1,0,1,6
7,539,1,1,0,0,6
7,542,1,1,0,1,6
7,549,1,1,0,0,6
7,576,1,1,0,1,6
7,590,1,1,1,0,6
7,599,1,1,0,1,6
7,600,1,1,0,1,6
7,603,1,1,0,1,6
7,623,1,1,0,0,6
7,630,1,1,0,0,6
7,652,1,1,0,1,6
7,667,1,1,1,0,6
7,671,1,1,1,0,6
7,672,1,1,0,1,6
7,682,1,1,1,0,6
7,731,1,1,1,0,6
7,738,1,1,0,0,6
7,759,1,1,0,0,6
7,760,1,1,1,0,6
7,779,1,1,1,0,6
7,798,1,1,0,0,6
7,828,1,1,0,0,6
7,829,1,1,0,0,6
7,834,1,1,1,0,6
7,849,1,1,1,0,6
7,860,1,1,0,0,6
7,865,1,1,1,0,6
7,869,1,1,0,0,6
7,877,1,1,1,0,6
7,883,1,1,1,0,6
7,920,1,1,0,0,6
7,958,1,1,0,0,6
7,985,1,1,1,0,6
7,1010,1,1,0,0,6
7,1012,1,1,1,0,6
7,1023,1,1,0,1,6
7,1046,1,1,1,0,6
7,1062,1,1,0,0,6
7,1063,1,1,0,1,6
7,1071,1,1,0,1,6
7,1077,1,1,1,0,6
7,1079,1,1,0,1,6
7,1081,1,1,0,0,6
7,1086,1,1,0,0,6
7,1093,1,1,0,1,6
7,1108,1,1,1,0,6
7,1164,1,1,1,0,6
7,1166,1,1,0,1,6
7,1171,1,1,1,0,6
7,1201,1,1,0,0,6
7,1205,1,1,0,0,6
7,1217,1,1,1,0,6
7,1249,1,1,0,1,6
7,1250,1,1,0,0,6
7,1269,1,1,0,0,6
7,1271,1,1,0,0,6
7,1274,1,1,0,1,6
7,1280,1,1,0,1,6
7,1301,1,1,0,0,6
7,1309,1,1,0,0,6
7,1311,1,1,0,1,6
7,1325,1,1,0,0,6
7,1340,1,1,1,0,6
7,1343,1,1,1,0,6
7,1353,1,1,0,1,6
7,1357,1,1,0,0,6
7,1395,1,1,1,0,6
7,1397,1,1,1,0,6
7,1411,1,1,0,0,6
7,1420,1,1,0,0,6
7,1432,1,1,0,1,6
7,1490,1,1,0,0,6
7,1518,1,1,0,0,6
7,1527,1,1,0,1,6
7,1585,1,1,1,0,6
7,1598,1,1,0,0,6
7,1640,1,1,0,0,6
7,1657,1,1,0,1,6
7,1693,1,1,0,1,6
7,1705,1,1,0,0,6
7,1720,1,1,0,0,6
7,1730,1,1,0,1,6
7,1731,1,1,0,0,6
7,1755,1,1,0,1,6
7,1756,1,1,0,0,6
7,1775,1,1,0,0,6
7,1790,1,1,1,0,6
7,1799,1,1,1,0,6
7,1806,1,1,0,1,6
7,1818,1,1,0,0,6
7,1831,1,1,1,0,6
7,1845,1,1,0,1,6
7,1885,1,1,0,0,6
7,1895,1,1,0,0,6
7,1909,1,1,0,0,6
7,1914,1,1,0,1,6
7,1935,1,1,1,0,6
7,1953,1,1,1,0,6
7,1957,1,1,0,0,6
7,1960,1,1,1,0,6
7,1975,1,1,1,0,6
7,1992,1,1,1,0,6
7,1998,1,1,0,0,6
7,2002,1,1,0,1,6
7,2020,1,1,0,1,6
7,2034,1,1,0,1,6
7,2035,1,1,0,0,6
7,2056,1,1,1,0,6
7,2083,1,1,0,0,6
7,2084,1,1,0,0,6
7,2117,1,1,0,0,6
7,2124,1,1,0,0,6
7,2125,1,1,0,0,6
7,2126,1,1,0,1,6
7,2210,1,1,0,0,6
7,2293,1,1,1,0,6
7,2298,1,1,0,1,6
7,2301,1,1,0,1,6
7,2305,1,1,1,0,6
7,2315,1,1,0,1,6
7,2356,1,1,1,0,6
7,2360,1,1,0,0,6
7,2407,1,1,1,0,6
7,2427,1,1,0,0,6
7,2429,1,1,0,1,6
7,2440,1,1,0,1,6
7,15,2,1,1,0,7
7,65,2,1,0,1,7
7,79,2,1,2,0,7
7,83,2,1,0,1,7
7,87,2,1,0,0,7
7,94,2,1,2,0,7
7,107,2,1,0,0,7
7,114,2,1,0,0,7
7,118,2,1,0,1,7
7,123,2,1,0,1,7
7,139,2,1,0,0,7
7,172,2,1,0,1,7
7,178,2,1,0,1,7
7,186,2,1,1,0,7
7,191,2,1,0,0,7
7,199,2,1,0,0,7
7,207,2,1,0,0,7
7,208,2,1,0,0,7
7,228,2,1,0,1,7
7,234,2,1,0,0,7
7,255,2,1,2,0,7
7,272,2,1,0,1,7
7,273,2,1,0,1,7
7,278,2,1,2,0,7
7,289,2,1,0,0,7
7,343,2,1,0,1,7
7,380,2,1,2,0,7
7,385,2,1,0,1,7
7,398,2,1,0,1,7
7,416,2,1,2,0,7
7,422,2,1,0,1,7
7,426,2,1,2,0,7
7,429,2,1,0,1,7
7,436,2,1,0,0,7
7,439,2,1,0,0,7
7,450,2,1,0,0,7
7,509,2,1,0,0,7
7,515,2,1,2,0,7
7,521,2,1,0,0,7
7,522,2,1,0,0,7
7,529,2,1,0,0,7
7,578,2,1,2,0,7
7,584,2,1,0,1,7
7,618,2,1,0,0,7
7,624,2,1,1,0,7
7,648,2,1,0,0,7
7,650,2,1,0,1,7
7,676,2,1,0,0,7
7,681,2,1,2,0,7
7,688,2,1,0,0,7
7,693,2,1,0,0,7
7,696,2,1,0,0,7
7,718,2,1,0,0,7
7,721,2,1,0,0,7
7,737,2,1,0,0,7
7,741,2,1,0,0,7
7,745,2,1,0,0,7
7,772,2,1,0,1,7
7,801,2,1,0,1,7
7,802,2,1,1,0,7
7,826,2,1,2,0,7
7,843,2,1,0,1,7
7,855,2,1,0,1,7
7,905,2,1,2,0,7
7,910,2,1,0,0,7
7,926,2,1,2,0,7
7,937,2,1,0,1,7
7,947,2,1,0,0,7
7,975,2,1,0,0,7
7,976,2,1,0,0,7
7,978,2,1,0,1,7
7,990,2,1,2,0,7
7,1004,2,1,2,0,7
7,1005,2,1,2,0,7
7,1013,2,1,2,0,7
7,1016,2,1,0,1,7
7,1032,2,1,2,0,7
7,1076,2,1,0,1,7
7,1095,2,1,2,0,7
7,1102,2,1,0,1,7
7,1114,2,1,0,1,7
7,1118,2,1,0,0,7
7,1148,2,1,1,0,7
7,1156,2,1,0,0,7
7,1163,2,1,0,0,7
7,1196,2,1,0,0,7
7,1204,2,1,2,0,7
7,1214,2,1,0,0,7
7,1232,2,1,1,0,7
7,1240,2,1,0,0,7
7,1310,2,1,2,0,7
7,1313,2,1,2,0,7
7,1314,2,1,2,0,7
7,1320,2,1,2,0,7
7,1330,2,1,0,0,7
7,1341,2,1,2,0,7
7,1346,2,1,0,0,7
7,1399,2,1,2,0,7
7,1421,2,1,2,0,7
7,1426,2,1,0,0,7
7,1434,2,1,2,0,7
7,1450,2,1,0,0,7
7,1459,2,1,0,0,7
7,1473,2,1,0,0,7
7,1479,2,1,2,0,7
7,1516,2,1,2,0,7
7,1558,2,1,2,0,7
7,1559,2,1,1,0,7
7,1581,2,1,2,0,7
7,1583,2,1,0,0,7
7,1637,2,1,2,0,7
7,1642,2,1,0,0,7
7,1646,2,1,0,0,7
7,1667,2,1,0,0,7
7,1674,2,1,0,1,7
7,1717,2,1,2,0,7
7,1723,2,1,2,0,7
7,1726,2,1,0,1,7
7,1740,2,1,0,0,7
7,1749,2,1,0,0,7
7,1768,2,1,0,1,7
7,1783,2,1,0,0,7
7,1785,2,1,0,1,7
7,1833,2,1,0,0,7
7,1843,2,1,0,1,7
7,1847,2,1,0,1,7
7,1866,2,1,0,0,7
7,1876,2,1,1,0,7
7,1902,2,1,2,0,7
7,1927,2,1,0,0,7
7,1933,2,1,1,0,7
7,1976,2,1,0,0,7
7,1987,2,1,1,0,7
7,1997,2,1,1,0,7
7,2006,2,1,0,1,7
7,2022,2,1,0,0,7
7,2024,2,1,0,0,7
7,2052,2,1,0,0,7
7,2094,2,1,0,1,7
7,2097,2,1,0,1,7
7,2111,2,1,0,0,7
7,2116,2,1,0,1,7
7,2127,2,1,0,1,7
7,2146,2,1,0,0,7
7,2167,2,1,2,0,7
7,2195,2,1,2,0,7
7,2199,2,1,1,0,7
7,2205,2,1,0,1,7
7,2229,2,1,0,0,7
7,2244,2,1,0,0,7
7,2248,2,1,2,0,7
7,2254,2,1,2,0,7
7,2256,2,1,1,0,7
7,2310,2,1,2,0,7
7,2314,2,1,0,1,7
7,2319,2,1,0,0,7
7,2355,2,1,2,0,7
7,2365,2,1,0,0,7
7,2396,2,1,0,0,7
7,2446,2,1,1,0,7
7,2459,2,1,0,0,7
7,2472,2,1,2,0,7
7,19,1,3,0,3,8
7,29,1,3,1,0,8
7,55,1,3,0,0,8
7,124,1,3,1,0,8
7,162,1,3,0,3,8
7,198,1,3,0,3,8
7,216,1,3,0,0,8
7,220,1,3,0,0,8
7,290,1,3,0,0,8
7,316,1,3,0,3,8
7,327,1,3,1,0,8
7,348,1,3,1,0,8
7,358,1,3,0,3,8
7,367,1,3,0,1,8
7,373,1,3,0,0,8
7,403,1,3,0,0,8
7,432,1,3,0,0,8
7,482,1,3,1,0,8
7,498,1,3,1,0,8
7,504,1,3,0,0,8
7,506,1,3,1,0,8
7,513,1,3,0,0,8
7,536,1,3,0,0,8
7,543,1,3,0,3,8
7,550,1,3,0,1,8
7,556,1,3,0,0,8
7,561,1,3,0,0,8
7,572,1,3,0,3,8
7,580,1,3,0,3,8
7,591,1,3,1,0,8
7,605,1,3,0,3,8
7,641,1,3,1,0,8
7,658,1,3,0,3,8
7,674,1,3,0,0,8
7,690,1,3,0,3,8
7,700,1,3,0,1,8
7,757,1,3,0,0,8
7,778,1,3,0,0,8
7,810,1,3,0,3,8
7,838,1,3,0,0,8
7,840,1,3,1,0,8
7,842,1,3,0,0,8
7,846,1,3,0,3,8
7,885,1,3,0,3,8
7,889,1,3,1,0,8
7,909,1,3,0,0,8
7,919,1,3,1,0,8
7,963,1,3,0,0,8
7,988,1,3,0,3,8
7,1003,1,3,1,0,8
7,1011,1,3,0,0,8
7,1022,1,3,0,0,8
7,1025,1,3,0,0,8
7,1033,1,3,1,0,8
7,1060,1,3,0,1,8
7,1070,1,3,0,3,8
7,1113,1,3,0,3,8
7,1122,1,3,0,0,8
7,1158,1,3,0,3,8
7,1161,1,3,1,0,8
7,1186,1,3,1,0,8
7,1199,1,3,1,0,8
7,1209,1,3,0,3,8
7,1224,1,3,0,0,8
7,1243,1,3,0,1,8
7,1254,1,3,0,0,8
7,1268,1,3,0,0,8
7,1286,1,3,0,0,8
7,1290,1,3,0,1,8
7,1374,1,3,0,0,8
7,1378,1,3,1,0,8
7,1379,1,3,1,0,8
7,1380,1,3,1,0,8
7,1401,1,3,0,3,8
7,1403,1,3,1,0,8
7,1406,1,3,0,3,8
7,1443,1,3,0,1,8
7,1444,1,3,0,0,8
7,1464,1,3,0,0,8
7,1465,1,3,1,0,8
7,1496,1,3,0,3,8
7,1550,1,3,1,0,8
7,1568,1,3,0,1,8
7,1587,1,3,0,0,8
7,1604,1,3,1,0,8
7,1619,1,3,0,3,8
7,1634,1,3,1,0,8
7,1651,1,3,1,0,8
7,1666,1,3,0,0,8
7,1691,1,3,1,0,8
7,1699,1,3,1,0,8
7,1722,1,3,1,0,8
7,1725,1,3,0,0,8
7,1746,1,3,1,0,8
7,1750,1,3,0,1,8
7,1765,1,3,0,0,8
7,1817,1,3,0,0,8
7,1854,1,3,1,0,8
7,1857,1,3,0,1,8
7,1864,1,3,0,3,8
7,1898,1,3,0,3,8
7,1901,1,3,1,0,8
7,1949,1,3,1,0,8
7,2005,1,3,0,0,8
7,2017,1,3,0,3,8
7,2059,1,3,0,3,8
7,2076,1,3,1,0,8
7,2078,1,3,0,0,8
7,2105,1,3,0,1,8
7,2160,1,3,0,0,8
7,2175,1,3,0,1,8
7,2179,1,3,0,1,8
7,2189,1,3,0,3,8
7,2196,1,3,1,0,8
7,2201,1,3,1,0,8
7,2204,1,3,0,1,8
7,2220,1,3,0,0,8
7,2230,1,3,0,0,8
7,2253,1,3,0,3,8
7,2268,1,3,0,0,8
7,2340,1,3,0,3,8
7,2367,1,3,0,3,8
7,2379,1,3,0,3,8
7,2384,1,3,0,1,8
7,2398,1,3,1,0,8
7,2404,1,3,0,1,8
7,2445,1,3,1,0,8
7,2453,1,3,0,0,8
7,2489,1,3,0,0,8
7,10,1,1,0,1,9
7,12,1,1,0,0,9
7,41,1,1,0,0,9
7,62,1,1,0,0,9
7,113,1,1,0,1,9
7,117,1,1,0,0,9
7,121,1,1,1,0,9
7,141,1,1,0,0,9
7,149,1,1,0,0,9
7,153,1,1,0,1,9
7,164,1,1,0,1,9
7,167,1,1,0,1,9
7,180,1,1,1,0,9
7,187,1,1,0,0,9
7,196,1,1,0,0,9
7,257,1,1,1,0,9
7,276,1,1,0,1,9
7,300,1,1,0,0,9
7,301,1,1,0,1,9
7,304,1,1,0,0,9
7,314,1,1,0,0,9
7,344,1,1,1,0,9
7,371,1,1,1,0,9
7,411,1,1,0,0,9
7,423,1,1,1,0,9
7,447,1,1,0,0,9
7,465,1,1,0,1,9
7,471,1,1,0,0,9
7,483,1,1,0,1,9
7,546,1,1,0,1,9
7,552,1,1,0,0,9
7,563,1,1,0,0,9
7,567,1,1,1,0,9
7,577,1,1,0,0,9
7,587,1,1,1,0,9
7,588,1,1,1,0,9
7,594,1,1,1,0,9
7,595,1,1,0,1,9
7,609,1,1,0,0,9
7,643,1,1,0,0,9
7,649,1,1,1,0,9
7,704,1,1,0,0,9
7,707,1,1,0,1,9
7,712,1,1,1,0,9
7,716,1,1,0,0,9
7,720,1,1,0,1,9
7,729,1,1,1,0,9
7,746,1,1,1,0,9
7,768,1,1,0,0,9
7,781,1,1,0,1,9
7,794,1,1,1,0,9
7,809,1,1,0,0,9
7,811,1,1,0,0,9
7,814,1,1,0,0,9
7,816,1,1,1,0,9
7,818,1,1,1,0,9
7,831,1,1,0,1,9
7,835,1,1,0,1,9
7,858,1,1,1,0,9
7,866,1,1,0,0,9
7,886,1,1,1,0,9
7,897,1,1,1,0,9
7,899,1,1,0,0,9
7,922,1,1,0,1,9
7,924,1,1,0,1,9
7,950,1,1,1,0,9
7,962,1,1,0,0,9
7,1000,1,1,1,0,9
7,1042,1,1,0,1,9
7,1044,1,1,0,0,9
7,1049,1,1,1,0,9
7,1054,1,1,0,0,9
7,1110,1,1,0,1,9
7,1117,1,1,0,0,9
7,1124,1,1,0,0,9
7,1144,1,1,0,0,9
7,1155,1,1,0,0,9
7,1160,1,1,0,1,9
7,1191,1,1,0,0,9
7,1206,1,1,0,0,9
7,1229,1,1,0,0,9
7,1252,1,1,0,1,9
7,1257,1,1,0,1,9
7,1261,1,1,0,0,9
7,1266,1,1,1,0,9
7,1270,1,1,1,0,9
7,1277,1,1,0,0,9
7,1279,1,1,1,0,9
7,1323,1,1,1,0,9
7,1342,1,1,0,0,9
7,1344,1,1,1,0,9
7,1349,1,1,0,0,9
7,1393,1,1,0,1,9
7,1398,1,1,0,0,9
7,1414,1,1,1,0,9
7,1422,1,1,0,0,9
7,1429,1,1,0,1,9
7,1436,1,1,0,0,9
7,1440,1,1,0,0,9
7,1453,1,1,1,0,9
7,1483,1,1,0,1,9
7,1491,1,1,1,0,9
7,1504,1,1,0,1,9
7,1510,1,1,0,1,9
7,1538,1,1,0,1,9
7,1548,1,1,0,0,9
7,1549,1,1,1,0,9
7,1561,1,1,0,0,9
7,1589,1,1,1,0,9
7,1612,1,1,0,0,9
7,1620,1,1,1,0,9
7,1645,1,1,0,0,9
7,1658,1,1,0,1,9
7,1676,1,1,1,0,9
7,1696,1,1,0,0,9
7,1700,1,1,0,0,9
7,1706,1,1,0,0,9
7,1729,1,1,0,1,9
7,1732,1,1,0,0,9
7,1733,1,1,0,0,9
7,1741,1,1,0,0,9
7,1752,1,1,1,0,9
7,1758,1,1,0,0,9
7,1762,1,1,0,1,9
7,1766,1,1,1,0,9
7,1778,1,1,0,0,9
7,1793,1,1,1,0,9
7,1812,1,1,0,1,9
7,1868,1,1,0,1,9
7,1873,1,1,1,0,9
7,1912,1,1,0,1,9
7,1948,1,1,0,0,9
7,1959,1,1,1,0,9
7,1973,1,1,0,0,9
7,1982,1,1,0,1,9
7,1983,1,1,0,1,9
7,1985,1,1,0,0,9
7,2008,1,1,0,0,9
7,2039,1,1,0,0,9
7,2047,1,1,0,1,9
7,2053,1,1,0,1,9
7,2067,1,1,0,1,9
7,2104,1,1,0,1,9
7,2107,1,1,0,1,9
7,2109,1,1,0,1,9
7,2137,1,1,0,0,9
7,2161,1,1,0,0,9
7,2163,1,1,0,1,9
7,2182,1,1,0,0,9
7,2190,1,1,0,0,9
7,2235,1,1,0,1,9
7,2238,1,1,0,1,9
7,2241,1,1,1,0,9
7,2251,1,1,0,0,9
7,2307,1,1,0,1,9
7,2311,1,1,0,1,9
7,2318,1,1,0,0,9
7,2322,1,1,0,1,9
7,2325,1,1,1,0,9
7,2329,1,1,1,0,9
7,2331,1,1,0,1,9
7,2333,1,1,1,0,9
7,2352,1,1,0,1,9
7,2386,1,1,0,1,9
7,2390,1,1,0,1,9
7,2397,1,1,1,0,9
7,2405,1,1,1,0,9
7,2409,1,1,0,1,9
7,2410,1,1,1,0,9
7,2413,1,1,0,1,9
7,2435,1,1,0,0,9
7,2436,1,1,1,0,9
7,2443,1,1,0,0,9
7,2469,1,1,1,0,9
7,2482,1,1,1,0,9
7,2499,1,1,0,0,9
7,32,1,1,0,1,10
7,35,1,1,0,1,10
7,90,1,1,0,1,10
7,92,1,1,0,0,10
7,96,1,1,0,0,10
7,120,1,1,0,1,10
7,127,1,1,0,0,10
7,132,1,1,0,0,10
7,163,1,1,1,0,10
7,166,1,1,0,0,10
7,177,1,1,0,0,10
7,224,1,1,0,0,10
7,247,1,1,0,0,10
7,261,1,1,0,0,10
7,267,1,1,0,1,10
7,282,1,1,0,0,10
7,305,1,1,0,0,10
7,326,1,1,0,1,10
7,330,1,1,1,0,10
7,350,1,1,1,0,10
7,369,1,1,0,0,10
7,381,1,1,1,0,10
7,383,1,1,0,0,10
7,401,1,1,0,0,10
7,424,1,1,0,1,10
7,435,1,1,1,0,10
7,452,1,1,0,1,10
7,481,1,1,1,0,10
7,497,1,1,1,0,10
7,500,1,1,0,0,10
7,511,1,1,0,0,10
7,528,1,1,0,0,10
7,547,1,1,0,0,10
7,564,1,1,0,0,10
7,574,1,1,1,0,10
7,593,1,1,0,0,10
7,629,1,1,0,0,10
7,665,1,1,0,0,10
7,675,1,1,0,1,10
7,680,1,1,0,0,10
7,689,1,1,0,1,10
7,705,1,1,0,1,10
7,719,1,1,0,1,10
7,739,1,1,0,1,10
7,755,1,1,1,0,10
7,756,1,1,1,0,10
7,758,1,1,1,0,10
7,761,1,1,0,1,10
7,765,1,1,0,0,10
7,773,1,1,0,1,10
7,774,1,1,0,0,10
7,780,1,1,0,1,10
7,784,1,1,0,1,10
7,792,1,1,0,0,10
7,806,1,1,1,0,10
7,823,1,1,1,0,10
7,837,1,1,0,0,10
7,857,1,1,0,0,10
7,871,1,1,0,1,10
7,878,1,1,1,0,10
7,879,1,1,0,0,10
7,882,1,1,1,0,10
7,893,1,1,0,0,10
7,945,1,1,0,1,10
7,971,1,1,0,0,10
7,979,1,1,0,1,10
7,994,1,1,0,0,10
7,999,1,1,0,1,10
7,1039,1,1,0,0,10
7,1043,1,1,0,0,10
7,1101,1,1,0,0,10
7,1142,1,1,0,0,10
7,1153,1,1,0,0,10
7,1202,1,1,1,0,10
7,1255,1,1,1,0,10
7,1300,1,1,1,0,10
7,1318,1,1,1,0,10
7,1329,1,1,0,1,10
7,1339,1,1,0,1,10
7,1354,1,1,0,1,10
7,1383,1,1,1,0,10
7,1384,1,1,0,1,10
7,1388,1,1,0,0,10
7,1410,1,1,1,0,10
7,1454,1,1,0,0,10
7,1466,1,1,0,0,10
7,1475,1,1,1,0,10
7,1493,1,1,1,0,10
7,1502,1,1,0,1,10
7,1514,1,1,1,0,10
7,1520,1,1,0,0,10
7,1523,1,1,0,1,10
7,1532,1,1,0,1,10
7,1560,1,1,1,0,10
7,1595,1,1,1,0,10
7,1605,1,1,1,0,10
7,1613,1,1,0,0,10
7,1623,1,1,0,1,10
7,1628,1,1,0,1,10
7,1632,1,1,0,0,10
7,1679,1,1,0,1,10
7,1684,1,1,0,1,10
7,1685,1,1,0,0,10
7,1688,1,1,1,0,10
7,1698,1,1,0,1,10
7,1715,1,1,0,1,10
7,1719,1,1,0,0,10
7,1724,1,1,0,0,10
7,1727,1,1,0,1,10
7,1745,1,1,0,1,10
7,1754,1,1,0,1,10
7,1787,1,1,0,0,10
7,1823,1,1,1,0,10
7,1871,1,1,0,1,10
7,1877,1,1,0,0,10
7,1908,1,1,0,1,10
7,1921,1,1,0,1,10
7,1936,1,1,0,0,10
7,1942,1,1,0,1,10
7,1956,1,1,1,0,10
7,1972,1,1,0,0,10
7,2004,1,1,0,1,10
7,2060,1,1,0,0,10
7,2064,1,1,0,0,10
7,2077,1,1,0,0,10
7,2079,1,1,1,0,10
7,2147,1,1,1,0,10
7,2173,1,1,0,0,10
7,2183,1,1,0,1,10
7,2193,1,1,0,0,10
7,2208,1,1,0,0,10
7,2209,1,1,1,0,10
7,2212,1,1,1,0,10
7,2265,1,1,0,0,10
7,2279,1,1,0,0,10
7,2291,1,1,1,0,10
7,2295,1,1,1,0,10
7,2312,1,1,1,0,10
7,2313,1,1,0,1,10
7,2317,1,1,0,0,10
7,2323,1,1,0,1,10
7,2343,1,1,1,0,10
7,2359,1,1,1,0,10
7,2362,1,1,1,0,10
7,2402,1,1,0,0,10
7,2439,1,1,0,1,10
7,2464,1,1,1,0,10
7,2470,1,1,0,1,10
7,2495,1,1,1,0,10
7,2497,1,1,1,0,10
7,0,2,2,0,1,11
7,11,2,2,1,0,11
7,38,2,2,0,1,11
7,50,2,2,0,0,11
7,54,2,2,0,0,11
7,60,2,2,0,0,11
7,69,2,2,0,1,11
7,99,2,2,2,0,11
7,101,2,2,0,0,11
7,105,2,2,0,0,11
7,128,2,2,0,0,11
7,140,2,2,0,0,11
7,143,2,2,0,1,11
7,145,2,2,2,0,11
7,161,2,2,0,0,11
7,190,2,2,0,0,11
7,192,2,2,0,0,11
7,201,2,2,0,2,11
7,204,2,2,0,0,11
7,217,2,2,0,0,11
7,239,2,2,0,0,11
7,244,2,2,0,1,11
7,262,2,2,0,0,11
7,281,2,2,0,0,11
7,294,2,2,1,0,11
7,374,2,2,1,0,11
7,384,2,2,0,0,11
7,433,2,2,2,0,11
7,441,2,2,0,0,11
7,446,2,2,2,0,11
7,451,2,2,0,0,11
7,468,2,2,0,0,11
7,557,2,2,0,1,11
7,610,2,2,0,1,11
7,614,2,2,0,0,11
7,632,2,2,2,0,11
7,640,2,2,0,0,11
7,668,2,2,1,0,11
7,725,2,2,0,1,11
7,732,2,2,0,0,11
7,734,2,2,2,0,11
7,776,2,2,2,0,11
7,783,2,2,0,1,11
7,785,2,2,2,0,11
7,791,2,2,0,0,11
7,812,2,2,0,1,11
7,813,2,2,0,2,11
7,819,2,2,2,0,11
7,875,2,2,0,0,11
7,935,2,2,0,1,11
7,936,2,2,0,0,11
7,943,2,2,0,0,11
7,1019,2,2,0,1,11
7,1038,2,2,2,0,11
7,1057,2,2,0,0,11
7,1135,2,2,0,2,11
7,1141,2,2,0,1,11
7,1230,2,2,0,0,11
7,1246,2,2,0,0,11
7,1253,2,2,0,2,11
7,1256,2,2,0,2,11
7,1306,2,2,0,0,11
7,1316,2,2,1,0,11
7,1317,2,2,2,0,11
7,1337,2,2,0,1,11
7,1345,2,2,0,2,11
7,1348,2,2,0,0,11
7,1356,2,2,0,1,11
7,1364,2,2,2,0,11
7,1367,2,2,0,1,11
7,1389,2,2,0,0,11
7,1392,2,2,0,0,11
7,1419,2,2,0,2,11
7,1431,2,2,2,0,11
7,1438,2,2,0,0,11
7,1470,2,2,0,2,11
7,1478,2,2,0,0,11
7,1556,2,2,0,1,11
7,1569,2,2,1,0,11
7,1570,2,2,0,0,11
7,1576,2,2,0,0,11
7,1580,2,2,2,0,11
7,1600,2,2,0,0,11
7,1601,2,2,0,0,11
7,1608,2,2,0,0,11
7,1614,2,2,0,1,11
7,1633,2,2,0,1,11
7,1638,2,2,0,2,11
7,1639,2,2,0,0,11
7,1644,2,2,1,0,11
7,1654,2,2,2,0,11
7,1670,2,2,0,0,11
7,1753,2,2,1,0,11
7,1761,2,2,1,0,11
7,1767,2,2,0,1,11
7,1773,2,2,0,0,11
7,1782,2,2,0,2,11
7,1784,2,2,0,2,11
7,1810,2,2,0,1,11
7,1840,2,2,0,2,11
7,1841,2,2,0,1,11
7,1852,2,2,1,0,11
7,1874,2,2,0,0,11
7,1879,2,2,1,0,11
7,1893,2,2,0,0,11
7,1911,2,2,0,0,11
7,1934,2,2,0,2,11
7,1940,2,2,2,0,11
7,1954,2,2,0,1,11
7,1965,2,2,0,0,11
7,2014,2,2,0,0,11
7,2016,2,2,0,1,11
7,2021,2,2,0,0,11
7,2029,2,2,0,0,11
7,2031,2,2,1,0,11
7,2051,2,2,0,0,11
7,2062,2,2,0,0,11
7,2070,2,2,0,0,11
7,2088,2,2,0,0,11
7,2185,2,2,0,1,11
7,2188,2,2,1,0,11
7,2200,2,2,1,0,11
7,2228,2,2,0,0,11
7,2243,2,2,2,0,11
7,2255,2,2,1,0,11
7,2260,2,2,0,1,11
7,2263,2,2,0,1,11
7,2264,2,2,0,0,11
7,2289,2,2,0,0,11
7,2306,2,2,0,1,11
7,2338,2,2,1,0,11
7,2341,2,2,1,0,11
7,2345,2,2,0,0,11
7,2349,2,2,0,0,11
7,2364,2,2,2,0,11
7,2373,2,2,2,0,11
7,2392,2,2,1,0,11
7,2401,2,2,1,0,11
7,2412,2,2,2,0,11
7,2434,2,2,0,2,11
7,2451,2,2,0,1,11
7,2458,2,2,0,0,11
7,2463,2,2,0,0,11
7,2480,2,2,0,2,11
7,2484,2,2,0,1,11
7,4,2,2,0,1,12
7,27,2,2,1,0,12
7,71,2,2,1,0,12
7,112,2,2,0,0,12
7,147,2,2,0,2,12
7,148,2,2,0,1,12
7,211,2,2,1,0,12
7,213,2,2,0,0,12
7,223,2,2,0,0,12
7,266,2,2,0,0,12
7,268,2,2,0,2,12
7,291,2,2,0,1,12
7,306,2,2,0,0,12
7,315,2,2,0,1,12
7,333,2,2,0,1,12
7,355,2,2,0,2,12
7,364,2,2,1,0,12
7,387,2,2,0,0,12
7,388,2,2,1,0,12
7,406,2,2,0,0,12
7,420,2,2,0,0,12
7,467,2,2,0,1,12
7,475,2,2,1,0,12
7,477,2,2,2,0,12
7,479,2,2,0,0,12
7,484,2,2,0,1,12
7,487,2,2,0,0,12
7,518,2,2,1,0,12
7,523,2,2,1,0,12
7,535,2,2,0,0,12
7,579,2,2,0,1,12
7,615,2,2,2,0,12
7,645,2,2,0,0,12
7,656,2,2,2,0,12
7,673,2,2,2,0,12
7,687,2,2,1,0,12
7,694,2,2,0,1,12
7,697,2,2,0,1,12
7,727,2,2,1,0,12
7,754,2,2,1,0,12
7,775,2,2,0,1,12
7,821,2,2,0,1,12
7,847,2,2,0,0,12
7,850,2,2,0,0,12
7,851,2,2,0,2,12
7,854,2,2,2,0,12
7,870,2,2,0,0,12
7,881,2,2,2,0,12
7,895,2,2,0,0,12
7,904,2,2,0,2,12
7,917,2,2,0,1,12
7,967,2,2,1,0,12
7,968,2,2,1,0,12
7,1002,2,2,0,0,12
7,1007,2,2,0,0,12
7,1014,2,2,0,0,12
7,1015,2,2,0,1,12
7,1028,2,2,2,0,12
7,1040,2,2,0,1,12
7,1048,2,2,0,0,12
7,1061,2,2,1,0,12
7,1069,2,2,2,0,12
7,1085,2,2,0,0,12
7,1094,2,2,0,1,12
7,1194,2,2,0,0,12
7,1215,2,2,0,0,12
7,1236,2,2,1,0,12
7,1237,2,2,1,0,12
7,1239,2,2,1,0,12
7,1259,2,2,0,1,12
7,1265,2,2,0,0,12
7,1336,2,2,1,0,12
7,1366,2,2,0,0,12
7,1408,2,2,0,0,12
7,1416,2,2,0,0,12
7,1452,2,2,0,0,12
7,1455,2,2,0,0,12
7,1456,2,2,2,0,12
7,1468,2,2,0,0,12
7,1472,2,2,2,0,12
7,1477,2,2,0,0,12
7,1501,2,2,2,0,12
7,1524,2,2,0,0,12
7,1526,2,2,1,0,12
7,1579,2,2,0,0,12
7,1607,2,2,0,0,12
7,1610,2,2,0,0,12
7,1622,2,2,2,0,12
7,1629,2,2,0,1,12
7,1650,2,2,0,0,12
7,1677,2,2,0,1,12
7,1680,2,2,0,1,12
7,1704,2,2,1,0,12
7,1728,2,2,0,1,12
7,1798,2,2,0,0,12
7,1830,2,2,0,1,12
7,1836,2,2,2,0,12
7,1851,2,2,0,0,12
7,1855,2,2,0,1,12
7,1860,2,2,0,1,12
7,1862,2,2,0,2,12
7,1882,2,2,1,0,12
7,1889,2,2,0,0,12
7,1900,2,2,0,1,12
7,1915,2,2,0,1,12
7,1916,2,2,0,2,12
7,1922,2,2,0,2,12
7,1925,2,2,0,0,12
7,1932,2,2,2,0,12
7,2001,2,2,0,0,12
7,2010,2,2,0,0,12
7,2027,2,2,0,1,12
7,2044,2,2,0,1,12
7,2086,2,2,0,0,12
7,2092,2,2,0,0,12
7,2123,2,2,0,1,12
7,2134,2,2,1,0,12
7,2164,2,2,0,0,12
7,2211,2,2,0,2,12
7,2232,2,2,1,0,12
7,2233,2,2,2,0,12
7,2236,2,2,0,0,12
7,2277,2,2,0,0,12
7,2299,2,2,0,0,12
7,2374,2,2,0,1,12
7,2375,2,2,1,0,12
7,2394,2,2,0,2,12
7,2474,2,2,1,0,12
7,2481,2,2,1,0,12
7,2493,2,2,0,2,12
7,3,1,1,1,0,13
7,5,1,1,0,0,13
7,9,1,1,0,0,13
7,20,1,1,0,0,13
7,28,1,1,1,0,13
7,49,1,1,0,1,13
7,52,1,1,0,0,13
7,68,1,1,0,1,13
7,70,1,1,0,0,13
7,77,1,1,1,0,13
7,88,1,1,0,0,13
7,109,1,1,1,0,13
7,131,1,1,1,0,13
7,152,1,1,1,0,13
7,168,1,1,0,0,13
7,195,1,1,0,1,13
7,236,1,1,0,1,13
7,243,1,1,0,0,13
7,274,1,1,1,0,13
7,279,1,1,1,0,13
7,293,1,1,0,1,13
7,312,1,1,0,1,13
7,331,1,1,0,1,13
7,359,1,1,0,0,13
7,377,1,1,0,0,13
7,397,1,1,0,0,13
7,405,1,1,1,0,13
7,407,1,1,1,0,13
7,418,1,1,0,0,13
7,460,1,1,0,0,13
7,490,1,1,0,0,13
7,499,1,1,0,0,13
7,501,1,1,1,0,13
7,503,1,1,0,0,13
7,508,1,1,1,0,13
7,512,1,1,0,0,13
7,520,1,1,0,1,13
7,530,1,1,1,0,13
7,534,1,1,0,0,13
7,540,1,1,0,1,13
7,570,1,1,0,0,13
7,582,1,1,1,0,13
7,586,1,1,0,0,13
7,606,1,1,0,0,13
7,608,1,1,0,0,13
7,626,1,1,0,0,13
7,637,1,1,0,1,13
7,644,1,1,0,1,13
7,660,1,1,0,1,13
7,678,1,1,0,1,13
7,695,1,1,1,0,13
7,698,1,1,1,0,13
7,740,1,1,0,1,13
7,762,1,1,1,0,13
7,822,1,1,1,0,13
7,824,1,1,0,0,13
7,862,1,1,0,1,13
7,864,1,1,1,0,13
7,880,1,1,1,0,13
7,911,1,1,1,0,13
7,914,1,1,0,0,13
7,931,1,1,0,1,13
7,939,1,1,0,1,13
7,953,1,1,0,0,13
7,954,1,1,0,0,13
7,956,1,1,1,0,13
7,974,1,1,0,1,13
7,980,1,1,1,0,13
7,998,1,1,1,0,13
7,1008,1,1,1,0,13
7,1027,1,1,0,1,13
7,1030,1,1,0,0,13
7,1041,1,1,0,1,13
7,1080,1,1,0,0,13
7,1103,1,1,0,0,13
7,1107,1,1,1,0,13
7,1116,1,1,0,1,13
7,1126,1,1,0,0,13
7,1128,1,1,0,0,13
7,1175,1,1,0,0,13
7,1183,1,1,0,0,13
7,1212,1,1,1,0,13
7,1219,1,1,0,0,13
7,1223,1,1,0,0,13
7,1247,1,1,0,0,13
7,1260,1,1,0,1,13
7,1267,1,1,0,0,13
7,1273,1,1,1,0,13
7,1293,1,1,1,0,13
7,1319,1,1,0,0,13
7,1321,1,1,0,1,13
7,1324,1,1,0,0,13
7,1363,1,1,1,0,13
7,1371,1,1,1,0,13
7,1375,1,1,0,1,13
7,1407,1,1,0,1,13
7,1433,1,1,0,1,13
7,1448,1,1,0,1,13
7,1461,1,1,0,1,13
7,1508,1,1,0,1,13
7,1517,1,1,1,0,13
7,1535,1,1,0,1,13
7,1541,1,1,0,0,13
7,1544,1,1,0,0,13
7,1545,1,1,1,0,13
7,1551,1,1,0,0,13
7,1563,1,1,0,1,13
7,1566,1,1,0,1,13
7,1578,1,1,1,0,13
7,1588,1,1,0,0,13
7,1596,1,1,0,0,13
7,1599,1,1,0,0,13
7,1611,1,1,1,0,13
7,1626,1,1,0,0,13
7,1641,1,1,0,1,13
7,1643,1,1,1,0,13
7,1649,1,1,1,0,13
7,1655,1,1,1,0,13
7,1656,1,1,1,0,13
7,1660,1,1,0,1,13
7,1663,1,1,1,0,13
7,1675,1,1,0,1,13
7,1686,1,1,1,0,13
7,1690,1,1,0,1,13
7,1712,1,1,0,0,13
7,1714,1,1,0,0,13
7,1735,1,1,0,1,13
7,1737,1,1,0,1,13
7,1776,1,1,0,0,13
7,1777,1,1,0,0,13
7,1789,1,1,0,0,13
7,1792,1,1,0,1,13
7,1804,1,1,0,0,13
7,1849,1,1,0,1,13
7,1850,1,1,0,0,13
7,1867,1,1,1,0,13
7,1892,1,1,1,0,13
7,1903,1,1,0,0,13
7,1917,1,1,0,0,13
7,1928,1,1,0,1,13
7,1958,1,1,1,0,13
7,1981,1,1,0,1,13
7,1989,1,1,0,0,13
7,1993,1,1,1,0,13
7,2003,1,1,0,0,13
7,2038,1,1,0,1,13
7,2061,1,1,0,0,13
7,2072,1,1,0,1,13
7,2090,1,1,0,0,13
7,2098,1,1,0,0,13
7,2118,1,1,0,0,13
7,2145,1,1,0,1,13
7,2149,1,1,1,0,13
7,2156,1,1,0,1,13
7,2174,1,1,0,0,13
7,2213,1,1,0,0,13
7,2216,1,1,1,0,13
7,2221,1,1,0,1,13
7,2223,1,1,1,0,13
7,2245,1,1,0,0,13
7,2257,1,1,1,0,13
7,2261,1,1,0,0,13
7,2269,1,1,0,0,13
7,2302,1,1,1,0,13
7,2330,1,1,0,0,13
7,2332,1,1,1,0,13
7,2363,1,1,1,0,13
7,2366,1,1,1,0,13
7,2371,1,1,0,0,13
7,2391,1,1,0,1,13
7,2400,1,1,0,0,13
7,2403,1,1,0,0,13
7,2406,1,1,0,0,13
7,2431,1,1,1,0,13
7,2460,1,1,0,0,13
7,2476,1,1,1,0,13
7,2485,1,1,1,0,13
7,6,1,1,0,0,14
7,8,1,1,0,0,14
7,13,1,1,0,0,14
7,36,1,1,1,0,14
7,37,1,1,0,0,14
7,43,1,1,0,1,14
7,46,1,1,0,0,14
7,51,1,1,0,0,14
7,66,1,1,0,0,14
7,73,1,1,1,0,14
7,80,1,1,0,1,14
7,91,1,1,0,1,14
7,133,1,1,0,1,14
7,134,1,1,1,0,14
7,135,1,1,1,0,14
7,169,1,1,1,0,14
7,184,1,1,0,1,14
7,250,1,1,0,0,14
7,277,1,1,0,0,14
7,288,1,1,1,0,14
7,296,1,1,0,0,14
7,329,1,1,0,0,14
7,339,1,1,0,0,14
7,341,1,1,0,0,14
7,395,1,1,0,1,14
7,399,1,1,0,1,14
7,431,1,1,1,0,14
7,442,1,1,0,1,14
7,463,1,1,0,0,14
7,474,1,1,1,0,14
7,480,1,1,1,0,14
7,489,1,1,0,0,14
7,491,1,1,1,0,14
7,517,1,1,0,1,14
7,560,1,1,0,0,14
7,581,1,1,0,1,14
7,596,1,1,0,0,14
7,636,1,1,0,1,14
7,651,1,1,1,0,14
7,661,1,1,1,0,14
7,728,1,1,0,1,14
7,799,1,1,0,1,14
7,805,1,1,0,0,14
7,874,1,1,0,1,14
7,894,1,1,1,0,14
7,913,1,1,0,1,14
7,918,1,1,0,0,14
7,929,1,1,1,0,14
7,949,1,1,0,0,14
7,972,1,1,0,1,14
7,989,1,1,0,0,14
7,1009,1,1,0,0,14
7,1036,1,1,0,1,14
7,1078,1,1,0,1,14
7,1083,1,1,1,0,14
7,1087,1,1,1,0,14
7,1100,1,1,0,0,14
7,1129,1,1,1,0,14
7,1137,1,1,1,0,14
7,1149,1,1,0,1,14
7,1165,1,1,0,1,14
7,1222,1,1,0,0,14
7,1233,1,1,1,0,14
7,1234,1,1,0,0,14
7,1291,1,1,0,0,14
7,1295,1,1,1,0,14
7,1297,1,1,0,0,14
7,1308,1,1,0,0,14
7,1315,1,1,0,0,14
7,1332,1,1,0,1,14
7,1338,1,1,1,0,14
7,1355,1,1,0,1,14
7,1370,1,1,1,0,14
7,1381,1,1,1,0,14
7,1412,1,1,0,1,14
7,1415,1,1,1,0,14
7,1442,1,1,0,0,14
7,1462,1,1,0,0,14
7,1486,1,1,0,1,14
7,1495,1,1,1,0,14
7,1498,1,1,1,0,14
7,1564,1,1,0,1,14
7,1602,1,1,0,1,14
7,1669,1,1,1,0,14
7,1687,1,1,0,0,14
7,1707,1,1,0,1,14
7,1711,1,1,0,1,14
7,1718,1,1,0,1,14
7,1742,1,1,0,0,14
7,1757,1,1,0,0,14
7,1763,1,1,0,1,14
7,1779,1,1,1,0,14
7,1814,1,1,0,1,14
7,1825,1,1,0,0,14
7,1844,1,1,0,0,14
7,1846,1,1,1,0,14
7,1865,1,1,0,0,14
7,1913,1,1,1,0,14
7,1918,1,1,0,0,14
7,1923,1,1,0,1,14
7,1945,1,1,1,0,14
7,1951,1,1,0,0,14
7,1995,1,1,0,0,14
7,2018,1,1,1,0,14
7,2023,1,1,0,0,14
7,2042,1,1,0,1,14
7,2045,1,1,0,1,14
7,2055,1,1,0,0,14
7,2058,1,1,0,1,14
7,2075,1,1,0,1,14
7,2103,1,1,0,1,14
7,2106,1,1,0,0,14
7,2113,1,1,0,1,14
7,2132,1,1,0,0,14
7,2202,1,1,0,1,14
7,2206,1,1,0,0,14
7,2214,1,1,0,1,14
7,2239,1,1,0,1,14
7,2249,1,1,1,0,14
7,2272,1,1,1,0,14
7,2275,1,1,0,0,14
7,2328,1,1,1,0,14
7,2335,1,1,0,0,14
7,2354,1,1,1,0,14
7,2393,1,1,0,1,14
7,2419,1,1,0,0,14
7,2467,1,1,0,0,14
7,2491,1,1,0,1,14
7,2492,1,1,1,0,14
0,24,1,1,0,0,0
0,25,1,1,0,0,0
0,53,1,1,0,0,0
0,58,1,1,0,0,0
0,86,1,1,0,0,0
0,89,1,1,0,0,0
0,103,1,1,0,0,0
0,122,1,1,0,0,0
0,156,1,1,0,0,0
0,158,1,1,0,0,0
0,175,1,1,0,0,0
0,206,1,1,0,0,0
0,218,1,1,0,0,0
0,232,1,1,0,0,0
0,242,1,1,0,0,0
0,245,1,1,0,0,0
0,252,1,1,0,0,0
0,295,1,1,0,0,0
0,310,1,1,0,0,0
0,319,1,1,0,0,0
0,332,1,1,0,0,0
0,334,1,1,0,0,0
0,335,1,1,0,0,0
0,342,1,1,0,0,0
0,345,1,1,0,0,0
0,356,1,1,0,0,0
0,361,1,1,0,0,0
0,390,1,1,0,0,0
0,391,1,1,0,0,0
0,394,1,1,0,0,0
0,404,1,1,0,0,0
0,412,1,1,0,0,0
0,427,1,1,0,0,0
0,438,1,1,0,0,0
0,458,1,1,0,0,0
0,461,1,1,0,0,0
0,510,1,1,0,0,0
0,553,1,1,0,0,0
0,569,1,1,0,0,0
0,571,1,1,0,0,0
0,592,1,1,0,0,0
0,612,1,1,0,0,0
0,616,1,1,0,0,0
0,634,1,1,0,0,0
0,635,1,1,0,0,0
0,692,1,1,0,0,0
0,701,1,1,0,0,0
0,709,1,1,0,0,0
0,787,1,1,0,0,0
0,807,1,1,0,0,0
0,815,1,1,0,0,0
0,827,1,1,0,0,0
0,830,1,1,0,0,0
0,845,1,1,0,0,0
0,853,1,1,0,0,0
0,873,1,1,0,0,0
0,890,1,1,0,0,0
0,933,1,1,0,0,0
0,973,1,1,0,0,0
0,1018,1,1,0,0,0
0,1031,1,1,0,0,0
0,1047,1,1,0,0,0
0,1089,1,1,0,0,0
0,1097,1,1,0,0,0
0,1143,1,1,0,0,0
0,1154,1,1,0,0,0
0,1173,1,1,0,0,0
0,1182,1,1,0,0,0
0,1188,1,1,0,0,0
0,1216,1,1,0,0,0
0,1262,1,1,0,0,0
0,1284,1,1,0,0,0
0,1333,1,1,0,0,0
0,1373,1,1,0,0,0
0,1386,1,1,0,0,0
0,1460,1,1,0,0,0
0,1481,1,1,0,0,0
0,1489,1,1,0,0,0
0,1515,1,1,0,0,0
0,1536,1,1,0,0,0
0,1552,1,1,0,0,0
0,1557,1,1,0,0,0
0,1586,1,1,0,0,0
0,1593,1,1,0,0,0
0,1616,1,1,0,0,0
0,1627,1,1,0,0,0
0,1652,1,1,0,0,0
0,1664,1,1,0,0,0
0,1701,1,1,0,0,0
0,1708,1,1,0,0,0
0,1716,1,1,0,0,0
0,1738,1,1,0,0,0
0,1744,1,1,0,0,0
0,1747,1,1,0,0,0
0,1774,1,1,0,0,0
0,1795,1,1,0,0,0
0,1796,1,1,0,0,0
0,1802,1,1,0,0,0
0,1822,1,1,0,0,0
0,1828,1,1,0,0,0
0,1858,1,1,0,0,0
0,1888,1,1,0,0,0
0,1920,1,1,0,0,0
0,1924,1,1,0,0,0
0,1939,1,1,0,0,0
0,1946,1,1,0,0,0
0,1979,1,1,0,0,0
0,2015,1,1,0,0,0
0,2071,1,1,0,0,0
0,2091,1,1,0,0,0
0,2093,1,1,0,0,0
0,2095,1,1,0,0,0
0,2119,1,1,0,0,0
0,2121,1,1,0,0,0
0,2128,1,1,0,0,0
0,2139,1,1,0,0,0
0,2172,1,1,0,0,0
0,2176,1,1,0,0,0
0,2181,1,1,0,0,0
0,2218,1,1,0,0,0
0,2222,1,1,0,0,0
0,2247,1,1,0,0,0
0,2282,1,1,0,0,0
0,2292,1,1,0,0,0
0,2327,1,1,0,0,0
0,2334,1,1,0,0,0
0,2337,1,1,0,0,0
0,2346,1,1,0,0,0
0,2378,1,1,0,0,0
0,2380,1,1,0,0,0
0,2385,1,1,0,0,0
0,2387,1,1,0,0,0
0,2420,1,1,0,0,0
0,2441,1,1,0,0,0
0,2449,1,1,0,0,0
0,2456,1,1,0,0,0
0,2465,1,1,0,0,0
0,2473,1,1,0,0,0
0,2498,1,1,0,0,0
0,2,1,1,0,0,1
0,7,1,1,0,0,1
0,61,1,1,0,0,1
0,130,1,1,0,0,1
0,138,1,1,0,0,1
0,150,1,1,0,0,1
0,154,1,1,0,0,1
0,155,1,1,0,0,1
0,159,1,1,0,0,1
0,176,1,1,0,0,1
0,185,1,1,0,0,1
0,193,1,1,0,0,1
0,200,1,1,0,0,1
0,203,1,1,0,0,1
0,209,1,1,0,0,1
0,210,1,1,0,0,1
0,235,1,1,0,0,1
0,251,1,1,0,0,1
0,253,1,1,0,0,1
0,254,1,1,0,0,1
0,260,1,1,0,0,1
0,271,1,1,0,0,1
0,280,1,1,0,0,1
0,283,1,1,0,0,1
0,284,1,1,0,0,1
0,298,1,1,0,0,1
0,317,1,1,0,0,1
0,318,1,1,0,0,1
0,324,1,1,0,0,1
0,328,1,1,0,0,1
0,336,1,1,0,0,1
0,347,1,1,0,0,1
0,372,1,1,0,0,1
0,378,1,1,0,0,1
0,410,1,1,0,0,1
0,419,1,1,0,0,1
0,430,1,1,0,0,1
0,434,1,1,0,0,1
0,462,1,1,0,0,1
0,469,1,1,0,0,1
0,472,1,1,0,0,1
0,496,1,1,0,0,1
0,524,1,1,0,0,1
0,545,1,1,0,0,1
0,558,1,1,0,0,1
0,565,1,1,0,0,1
0,597,1,1,0,0,1
0,604,1,1,0,0,1
0,619,1,1,0,0,1
0,622,1,1,0,0,1
0,631,1,1,0,0,1
0,647,1,1,0,0,1
0,655,1,1,0,0,1
0,662,1,1,0,0,1
0,711,1,1,0,0,1
0,717,1,1,0,0,1
0,744,1,1,0,0,1
0,752,1,1,0,0,1
0,766,1,1,0,0,1
0,769,1,1,0,0,1
0,777,1,1,0,0,1
0,795,1,1,0,0,1
0,797,1,1,0,0,1
0,803,1,1,0,0,1
0,833,1,1,0,0,1
0,848,1,1,0,0,1
0,896,1,1,0,0,1
0,923,1,1,0,0,1
0,925,1,1,0,0,1
0,940,1,1,0,0,1
0,951,1,1,0,0,1
0,960,1,1,0,0,1
0,977,1,1,0,0,1
0,981,1,1,0,0,1
0,995,1,1,0,0,1
0,1020,1,1,0,0,1
0,1024,1,1,0,0,1
0,1068,1,1,0,0,1
0,1082,1,1,0,0,1
0,1098,1,1,0,0,1
0,1106,1,1,0,0,1
0,1109,1,1,0,0,1
0,1147,1,1,0,0,1
0,1152,1,1,0,0,1
0,1157,1,1,0,0,1
0,1167,1,1,0,0,1
0,1170,1,1,0,0,1
0,1172,1,1,0,0,1
0,1177,1,1,0,0,1
0,1192,1,1,0,0,1
0,1208,1,1,0,0,1
0,1210,1,1,0,0,1
0,1225,1,1,0,0,1
0,1241,1,1,0,0,1
0,1242,1,1,0,0,1
0,1275,1,1,0,0,1
0,1276,1,1,0,0,1
0,1285,1,1,0,0,1
0,1287,1,1,0,0,1
0,1302,1,1,0,0,1
0,1305,1,1,0,0,1
0,1322,1,1,0,0,1
0,1368,1,1,0,0,1
0,1390,1,1,0,0,1
0,1404,1,1,0,0,1
0,1423,1,1,0,0,1
0,1437,1,1,0,0,1
0,1467,1,1,0,0,1
0,1474,1,1,0,0,1
0,1487,1,1,0,0,1
0,1494,1,1,0,0,1
0,1500,1,1,0,0,1
0,1503,1,1,0,0,1
0,1512,1,1,0,0,1
0,1530,1,1,0,0,1
0,1540,1,1,0,0,1
0,1555,1,1,0,0,1
0,1591,1,1,0,0,1
0,1603,1,1,0,0,1
0,1617,1,1,0,0,1
0,1630,1,1,0,0,1
0,1659,1,1,0,0,1
0,1662,1,1,0,0,1
0,1673,1,1,0,0,1
0,1689,1,1,0,0,1
0,1702,1,1,0,0,1
0,1710,1,1,0,0,1
0,1734,1,1,0,0,1
0,1797,1,1,0,0,1
0,1816,1,1,0,0,1
0,1820,1,1,0,0,1
0,1832,1,1,0,0,1
0,1863,1,1,0,0,1
0,1887,1,1,0,0,1
0,1896,1,1,0,0,1
0,1929,1,1,0,0,1
0,1941,1,1,0,0,1
0,1952,1,1,0,0,1
0,1955,1,1,0,0,1
0,1961,1,1,0,0,1
0,1966,1,1,0,0,1
0,1968,1,1,0,0,1
0,1980,1,1,0,0,1
0,1984,1,1,0,0,1
0,1988,1,1,0,0,1
0,1990,1,1,0,0,1
0,2000,1,1,0,0,1
0,2007,1,1,0,0,1
0,2033,1,1,0,0,1
0,2049,1,1,0,0,1
0,2068,1,1,0,0,1
0,2082,1,1,0,0,1
0,2096,1,1,0,0,1
0,2100,1,1,0,0,1
0,2108,1,1,0,0,1
0,2110,1,1,0,0,1
0,2141,1,1,0,0,1
0,2154,1,1,0,0,1
0,2158,1,1,0,0,1
0,2170,1,1,0,0,1
0,2184,1,1,0,0,1
0,2192,1,1,0,0,1
0,2217,1,1,0,0,1
0,2219,1,1,0,0,1
0,2225,1,1,0,0,1
0,2234,1,1,0,0,1
0,2242,1,1,0,0,1
0,2252,1,1,0,0,1
0,2258,1,1,0,0,1
0,2266,1,1,0,0,1
0,2271,1,1,0,0,1
0,2294,1,1,0,0,1
0,2300,1,1,0,0,1
0,2320,1,1,0,0,1
0,2324,1,1,0,0,1
0,2344,1,1,0,0,1
0,2347,1,1,0,0,1
0,2350,1,1,0,0,1
0,2353,1,1,0,0,1
0,2357,1,1,0,0,1
0,2372,1,1,0,0,1
0,2383,1,1,0,0,1
0,2399,1,1,0,0,1
0,2422,1,1,0,0,1
0,2424,1,1,0,0,1
0,2438,1,1,0,0,1
0,2452,1,1,0,0,1
0,2468,1,1,0,0,1
0,2488,1,1,0,0,1
0,18,1,1,0,0,2
0,39,1,1,0,0,2
0,40,1,1,0,0,2
0,67,1,1,0,0,2
0,74,1,1,0,0,2
0,76,1,1,0,0,2
0,95,1,1,0,0,2
0,97,1,1,0,0,2
0,98,1,1,0,0,2
0,115,1,1,0,0,2
0,125,1,1,0,0,2
0,126,1,1,0,0,2
0,170,1,1,0,0,2
0,179,1,1,0,0,2
0,181,1,1,0,0,2
0,205,1,1,0,0,2
0,212,1,1,0,0,2
0,214,1,1,0,0,2
0,219,1,1,0,0,2
0,226,1,1,0,0,2
0,241,1,1,0,0,2
0,246,1,1,0,0,2
0,285,1,1,0,0,2
0,302,1,1,0,0,2
0,308,1,1,0,0,2
0,320,1,1,0,0,2
0,322,1,1,0,0,2
0,323,1,1,0,0,2
0,325,1,1,0,0,2
0,349,1,1,0,0,2
0,354,1,1,0,0,2
0,363,1,1,0,0,2
0,365,1,1,0,0,2
0,370,1,1,0,0,2
0,402,1,1,0,0,2
0,417,1,1,0,0,2
0,444,1,1,0,0,2
0,456,1,1,0,0,2
0,505,1,1,0,0,2
0,516,1,1,0,0,2
0,531,1,1,0,0,2
0,559,1,1,0,0,2
0,583,1,1,0,0,2
0,611,1,1,0,0,2
0,621,1,1,0,0,2
0,627,1,1,0,0,2
0,628,1,1,0,0,2
0,646,1,1,0,0,2
0,653,1,1,0,0,2
0,659,1,1,0,0,2
0,684,1,1,0,0,2
0,691,1,1,0,0,2
0,713,1,1,0,0,2
0,714,1,1,0,0,2
0,715,1,1,0,0,2
0,749,1,1,0,0,2
0,751,1,1,0,0,2
0,770,1,1,0,0,2
0,786,1,1,0,0,2
0,836,1,1,0,0,2
0,884,1,1,0,0,2
0,892,1,1,0,0,2
0,900,1,1,0,0,2
0,907,1,1,0,0,2
0,930,1,1,0,0,2
0,934,1,1,0,0,2
0,941,1,1,0,0,2
0,942,1,1,0,0,2
0,948,1,1,0,0,2
0,952,1,1,0,0,2
0,957,1,1,0,0,2
0,959,1,1,0,0,2
0,969,1,1,0,0,2
0,982,1,1,0,0,2
0,984,1,1,0,0,2
0,986,1,1,0,0,2
0,992,1,1,0,0,2
0,997,1,1,0,0,2
0,1017,1,1,0,0,2
0,1021,1,1,0,0,2
0,1037,1,1,0,0,2
0,1056,1,1,0,0,2
0,1090,1,1,0,0,2
0,1096,1,1,0,0,2
0,1099,1,1,0,0,2
0,1105,1,1,0,0,2
0,1127,1,1,0,0,2
0,1130,1,1,0,0,2
0,1145,1,1,0,0,2
0,1150,1,1,0,0,2
0,1159,1,1,0,0,2
0,1162,1,1,0,0,2
0,1184,1,1,0,0,2
0,1190,1,1,0,0,2
0,1197,1,1,0,0,2
0,1207,1,1,0,0,2
0,1220,1,1,0,0,2
0,1238,1,1,0,0,2
0,1292,1,1,0,0,2
0,1299,1,1,0,0,2
0,1303,1,1,0,0,2
0,1312,1,1,0,0,2
0,1413,1,1,0,0,2
0,1427,1,1,0,0,2
0,1445,1,1,0,0,2
0,1482,1,1,0,0,2
0,1521,1,1,0,0,2
0,1522,1,1,0,0,2
0,1543,1,1,0,0,2
0,1546,1,1,0,0,2
0,1562,1,1,0,0,2
0,1582,1,1,0,0,2
0,1592,1,1,0,0,2
0,1618,1,1,0,0,2
0,1621,1,1,0,0,2
0,1631,1,1,0,0,2
0,1647,1,1,0,0,2
0,1665,1,1,0,0,2
0,1682,1,1,0,0,2
0,1683,1,1,0,0,2
0,1751,1,1,0,0,2
0,1760,1,1,0,0,2
0,1781,1,1,0,0,2
0,1786,1,1,0,0,2
0,1801,1,1,0,0,2
0,1807,1,1,0,0,2
0,1809,1,1,0,0,2
0,1815,1,1,0,0,2
0,1853,1,1,0,0,2
0,1881,1,1,0,0,2
0,1897,1,1,0,0,2
0,1905,1,1,0,0,2
0,1926,1,1,0,0,2
0,1963,1,1,0,0,2
0,1967,1,1,0,0,2
0,1969,1,1,0,0,2
0,1970,1,1,0,0,2
0,1971,1,1,0,0,2
0,1974,1,1,0,0,2
0,1991,1,1,0,0,2
0,1996,1,1,0,0,2
0,2009,1,1,0,0,2
0,2011,1,1,0,0,2
0,2032,1,1,0,0,2
0,2036,1,1,0,0,2
0,2046,1,1,0,0,2
0,2050,1,1,0,0,2
0,2063,1,1,0,0,2
0,2099,1,1,0,0,2
0,2112,1,1,0,0,2
0,2136,1,1,0,0,2
0,2142,1,1,0,0,2
0,2144,1,1,0,0,2
0,2150,1,1,0,0,2
0,2162,1,1,0,0,2
0,2166,1,1,0,0,2
0,2168,1,1,0,0,2
0,2194,1,1,0,0,2
0,2226,1,1,0,0,2
0,2281,1,1,0,0,2
0,2285,1,1,0,0,2
0,2297,1,1,0,0,2
0,2321,1,1,0,0,2
0,2342,1,1,0,0,2
0,2376,1,1,0,0,2
0,2388,1,1,0,0,2
0,2421,1,1,0,0,2
0,2423,1,1,0,0,2
0,2428,1,1,0,0,2
0,2444,1,1,0,0,2
0,2447,1,1,0,0,2
0,2448,1,1,0,0,2
0,2455,1,1,0,0,2
0,2466,1,1,0,0,2
0,2471,1,1,0,0,2
0,2483,1,1,0,0,2
0,2494,1,1,0,0,2
0,1,1,1,0,0,3
0,16,1,1,0,0,3
0,22,1,1,0,0,3
0,33,1,1,0,0,3
0,34,1,1,0,0,3
0,45,1,1,0,0,3
0,48,1,1,0,0,3
0,56,1,1,0,0,3
0,57,1,1,0,0,3
0,59,1,1,0,0,3
0,111,1,1,0,0,3
0,129,1,1,0,0,3
0,144,1,1,0,0,3
0,165,1,1,0,0,3
0,183,1,1,0,0,3
0,222,1,1,0,0,3
0,229,1,1,0,0,3
0,231,1,1,0,0,3
0,248,1,1,0,0,3
0,263,1,1,0,0,3
0,269,1,1,0,0,3
0,275,1,1,0,0,3
0,292,1,1,0,0,3
0,303,1,1,0,0,3
0,307,1,1,0,0,3
0,351,1,1,0,0,3
0,362,1,1,0,0,3
0,379,1,1,0,0,3
0,386,1,1,0,0,3
0,396,1,1,0,0,3
0,408,1,1,0,0,3
0,413,1,1,0,0,3
0,448,1,1,0,0,3
0,449,1,1,0,0,3
0,455,1,1,0,0,3
0,457,1,1,0,0,3
0,464,1,1,0,0,3
0,478,1,1,0,0,3
0,485,1,1,0,0,3
0,494,1,1,0,0,3
0,495,1,1,0,0,3
0,507,1,1,0,0,3
0,527,1,1,0,0,3
0,537,1,1,0,0,3
0,538,1,1,0,0,3
0,544,1,1,0,0,3
0,551,1,1,0,0,3
0,555,1,1,0,0,3
0,562,1,1,0,0,3
0,566,1,1,0,0,3
0,573,1,1,0,0,3
0,620,1,1,0,0,3
0,639,1,1,0,0,3
0,663,1,1,0,0,3
0,666,1,1,0,0,3
0,669,1,1,0,0,3
0,677,1,1,0,0,3
0,708,1,1,0,0,3
0,724,1,1,0,0,3
0,730,1,1,0,0,3
0,804,1,1,0,0,3
0,808,1,1,0,0,3
0,820,1,1,0,0,3
0,832,1,1,0,0,3
0,852,1,1,0,0,3
0,856,1,1,0,0,3
0,859,1,1,0,0,3
0,861,1,1,0,0,3
0,867,1,1,0,0,3
0,901,1,1,0,0,3
0,915,1,1,0,0,3
0,921,1,1,0,0,3
0,928,1,1,0,0,3
0,946,1,1,0,0,3
0,955,1,1,0,0,3
0,983,1,1,0,0,3
0,987,1,1,0,0,3
0,1026,1,1,0,0,3
0,1035,1,1,0,0,3
0,1050,1,1,0,0,3
0,1058,1,1,0,0,3
0,1111,1,1,0,0,3
0,1133,1,1,0,0,3
0,1138,1,1,0,0,3
0,1140,1,1,0,0,3
0,1151,1,1,0,0,3
0,1176,1,1,0,0,3
0,1178,1,1,0,0,3
0,1181,1,1,0,0,3
0,1185,1,1,0,0,3
0,1189,1,1,0,0,3
0,1195,1,1,0,0,3
0,1200,1,1,0,0,3
0,1218,1,1,0,0,3
0,1221,1,1,0,0,3
0,1226,1,1,0,0,3
0,1235,1,1,0,0,3
0,1251,1,1,0,0,3
0,1263,1,1,0,0,3
0,1283,1,1,0,0,3
0,1298,1,1,0,0,3
0,1327,1,1,0,0,3
0,1335,1,1,0,0,3
0,1351,1,1,0,0,3
0,1362,1,1,0,0,3
0,1372,1,1,0,0,3
0,1387,1,1,0,0,3
0,1394,1,1,0,0,3
0,1405,1,1,0,0,3
0,1417,1,1,0,0,3
0,1425,1,1,0,0,3
0,1439,1,1,0,0,3
0,1451,1,1,0,0,3
0,1458,1,1,0,0,3
0,1463,1,1,0,0,3
0,1469,1,1,0,0,3
0,1480,1,1,0,0,3
0,1484,1,1,0,0,3
0,1505,1,1,0,0,3
0,1506,1,1,0,0,3
0,1507,1,1,0,0,3
0,1529,1,1,0,0,3
0,1534,1,1,0,0,3
0,1537,1,1,0,0,3
0,1571,1,1,0,0,3
0,1573,1,1,0,0,3
0,1574,1,1,0,0,3
0,1575,1,1,0,0,3
0,1590,1,1,0,0,3
0,1606,1,1,0,0,3
0,1609,1,1,0,0,3
0,1636,1,1,0,0,3
0,1648,1,1,0,0,3
0,1653,1,1,0,0,3
0,1678,1,1,0,0,3
0,1695,1,1,0,0,3
0,1709,1,1,0,0,3
0,1721,1,1,0,0,3
0,1748,1,1,0,0,3
0,1770,1,1,0,0,3
0,1772,1,1,0,0,3
0,1780,1,1,0,0,3
0,1788,1,1,0,0,3
0,1803,1,1,0,0,3
0,1805,1,1,0,0,3
0,1834,1,1,0,0,3
0,1859,1,1,0,0,3
0,1861,1,1,0,0,3
0,1904,1,1,0,0,3
0,1907,1,1,0,0,3
0,1931,1,1,0,0,3
0,1947,1,1,0,0,3
0,1950,1,1,0,0,3
0,2013,1,1,0,0,3
0,2026,1,1,0,0,3
0,2040,1,1,0,0,3
0,2043,1,1,0,0,3
0,2065,1,1,0,0,3
0,2066,1,1,0,0,3
0,2080,1,1,0,0,3
0,2081,1,1,0,0,3
0,2114,1,1,0,0,3
0,2115,1,1,0,0,3
0,2133,1,1,0,0,3
0,2135,1,1,0,0,3
0,2148,1,1,0,0,3
0,2151,1,1,0,0,3
0,2152,1,1,0,0,3
0,2155,1,1,0,0,3
0,2178,1,1,0,0,3
0,2186,1,1,0,0,3
0,2197,1,1,0,0,3
0,2207,1,1,0,0,3
0,2231,1,1,0,0,3
0,2246,1,1,0,0,3
0,2262,1,1,0,0,3
0,2270,1,1,0,0,3
0,2273,1,1,0,0,3
0,2276,1,1,0,0,3
0,2278,1,1,0,0,3
0,2286,1,1,0,0,3
0,2309,1,1,0,0,3
0,2348,1,1,0,0,3
0,2369,1,1,0,0,3
0,2389,1,1,0,0,3
0,2395,1,1,0,0,3
0,2411,1,1,0,0,3
0,2417,1,1,0,0,3
0,2426,1,1,0,0,3
0,2430,1,1,0,0,3
0,2437,1,1,0,0,3
0,2457,1,1,0,0,3
0,2461,1,1,0,0,3
0,2487,1,1,0,0,3
0,14,1,1,0,0,4
0,17,1,1,0,0,4
0,30,1,1,0,0,4
0,31,1,1,0,0,4
0,47,1,1,0,0,4
0,82,1,1,0,0,4
0,84,1,1,0,0,4
0,85,1,1,0,0,4
0,142,1,1,0,0,4
0,146,1,1,0,0,4
0,157,1,1,0,0,4
0,160,1,1,0,0,4
0,171,1,1,0,0,4
0,182,1,1,0,0,4
0,188,1,1,0,0,4
0,189,1,1,0,0,4
0,215,1,1,0,0,4
0,221,1,1,0,0,4
0,225,1,1,0,0,4
0,230,1,1,0,0,4
0,233,1,1,0,0,4
0,237,1,1,0,0,4
0,238,1,1,0,0,4
0,240,1,1,0,0,4
0,249,1,1,0,0,4
0,265,1,1,0,0,4
0,270,1,1,0,0,4
0,297,1,1,0,0,4
0,299,1,1,0,0,4
0,337,1,1,0,0,4
0,338,1,1,0,0,4
0,340,1,1,0,0,4
0,366,1,1,0,0,4
0,368,1,1,0,0,4
0,376,1,1,0,0,4
0,389,1,1,0,0,4
0,400,1,1,0,0,4
0,415,1,1,0,0,4
0,421,1,1,0,0,4
0,428,1,1,0,0,4
0,443,1,1,0,0,4
0,454,1,1,0,0,4
0,466,1,1,0,0,4
0,470,1,1,0,0,4
0,488,1,1,0,0,4
0,492,1,1,0,0,4
0,493,1,1,0,0,4
0,502,1,1,0,0,4
0,525,1,1,0,0,4
0,548,1,1,0,0,4
0,575,1,1,0,0,4
0,585,1,1,0,0,4
0,598,1,1,0,0,4
0,601,1,1,0,0,4
0,617,1,1,0,0,4
0,654,1,1,0,0,4
0,657,1,1,0,0,4
0,670,1,1,0,0,4
0,679,1,1,0,0,4
0,683,1,1,0,0,4
0,685,1,1,0,0,4
0,703,1,1,0,0,4
0,706,1,1,0,0,4
0,722,1,1,0,0,4
0,723,1,1,0,0,4
0,726,1,1,0,0,4
0,733,1,1,0,0,4
0,750,1,1,0,0,4
0,771,1,1,0,0,4
0,788,1,1,0,0,4
0,789,1,1,0,0,4
0,790,1,1,0,0,4
0,796,1,1,0,0,4
0,800,1,1,0,0,4
0,825,1,1,0,0,4
0,841,1,1,0,0,4
0,863,1,1,0,0,4
0,887,1,1,0,0,4
0,888,1,1,0,0,4
0,891,1,1,0,0,4
0,898,1,1,0,0,4
0,903,1,1,0,0,4
0,906,1,1,0,0,4
0,912,1,1,0,0,4
0,916,1,1,0,0,4
0,927,1,1,0,0,4
0,944,1,1,0,0,4
0,961,1,1,0,0,4
0,964,1,1,0,0,4
0,970,1,1,0,0,4
0,991,1,1,0,0,4
0,996,1,1,0,0,4
0,1001,1,1,0,0,4
0,1029,1,1,0,0,4
0,1034,1,1,0,0,4
0,1053,1,1,0,0,4
0,1055,1,1,0,0,4
0,1064,1,1,0,0,4
0,1065,1,1,0,0,4
0,1072,1,1,0,0,4
0,1075,1,1,0,0,4
0,1088,1,1,0,0,4
0,1092,1,1,0,0,4
0,1104,1,1,0,0,4
0,1112,1,1,0,0,4
0,1115,1,1,0,0,4
0,1119,1,1,0,0,4
0,1121,1,1,0,0,4
0,1131,1,1,0,0,4
0,1132,1,1,0,0,4
0,1136,1,1,0,0,4
0,1139,1,1,0,0,4
0,1146,1,1,0,0,4
0,1168,1,1,0,0,4
0,1179,1,1,0,0,4
0,1180,1,1,0,0,4
0,1187,1,1,0,0,4
0,1198,1,1,0,0,4
0,1203,1,1,0,0,4
0,1213,1,1,0,0,4
0,1227,1,1,0,0,4
0,1244,1,1,0,0,4
0,1264,1,1,0,0,4
0,1272,1,1,0,0,4
0,1281,1,1,0,0,4
0,1289,1,1,0,0,4
0,1294,1,1,0,0,4
0,1326,1,1,0,0,4
0,1328,1,1,0,0,4
0,1331,1,1,0,0,4
0,1352,1,1,0,0,4
0,1358,1,1,0,0,4
0,1360,1,1,0,0,4
0,1361,1,1,0,0,4
0,1365,1,1,0,0,4
0,1377,1,1,0,0,4
0,1382,1,1,0,0,4
0,1400,1,1,0,0,4
0,1409,1,1,0,0,4
0,1418,1,1,0,0,4
0,1424,1,1,0,0,4
0,1430,1,1,0,0,4
0,1441,1,1,0,0,4
0,1446,1,1,0,0,4
0,1447,1,1,0,0,4
0,1471,1,1,0,0,4
0,1485,1,1,0,0,4
0,1492,1,1,0,0,4
0,1497,1,1,0,0,4
0,1499,1,1,0,0,4
0,1519,1,1,0,0,4
0,1528,1,1,0,0,4
0,1531,1,1,0,0,4
0,1539,1,1,0,0,4
0,1547,1,1,0,0,4
0,1554,1,1,0,0,4
0,1565,1,1,0,0,4
0,1567,1,1,0,0,4
0,1572,1,1,0,0,4
0,1584,1,1,0,0,4
0,1597,1,1,0,0,4
0,1615,1,1,0,0,4
0,1624,1,1,0,0,4
0,1625,1,1,0,0,4
0,1661,1,1,0,0,4
0,1668,1,1,0,0,4
0,1671,1,1,0,0,4
0,1694,1,1,0,0,4
0,1697,1,1,0,0,4
0,1703,1,1,0,0,4
0,1736,1,1,0,0,4
0,1739,1,1,0,0,4
0,1743,1,1,0,0,4
0,1759,1,1,0,0,4
0,1794,1,1,0,0,4
0,1800,1,1,0,0,4
0,1808,1,1,0,0,4
0,1813,1,1,0,0,4
0,1824,1,1,0,0,4
0,1827,1,1,0,0,4
0,1829,1,1,0,0,4
0,1835,1,1,0,0,4
0,1839,1,1,0,0,4
0,1856,1,1,0,0,4
0,1869,1,1,0,0,4
0,1872,1,1,0,0,4
0,1875,1,1,0,0,4
0,1884,1,1,0,0,4
0,1886,1,1,0,0,4
0,1890,1,1,0,0,4
0,1894,1,1,0,0,4
0,1899,1,1,0,0,4
0,1906,1,1,0,0,4
0,1930,1,1,0,0,4
0,1937,1,1,0,0,4
0,1938,1,1,0,0,4
0,1943,1,1,0,0,4
0,1964,1,1,0,0,4
0,1977,1,1,0,0,4
0,1978,1,1,0,0,4
0,1986,1,1,0,0,4
0,1999,1,1,0,0,4
0,2012,1,1,0,0,4
0,2025,1,1,0,0,4
0,2030,1,1,0,0,4
0,2073,1,1,0,0,4
0,2074,1,1,0,0,4
0,2087,1,1,0,0,4
0,2101,1,1,0,0,4
0,2102,1,1,0,0,4
0,2129,1,1,0,0,4
0,2130,1,1,0,0,4
0,2131,1,1,0,0,4
0,2138,1,1,0,0,4
0,2169,1,1,0,0,4
0,2198,1,1,0,0,4
0,2227,1,1,0,0,4
0,2237,1,1,0,0,4
0,2240,1,1,0,0,4
0,2250,1,1,0,0,4
0,2259,1,1,0,0,4
0,2280,1,1,0,0,4
0,2287,1,1,0,0,4
0,2288,1,1,0,0,4
0,2304,1,1,0,0,4
0,2316,1,1,0,0,4
0,2326,1,1,0,0,4
0,2351,1,1,0,0,4
0,2358,1,1,0,0,4
0,2370,1,1,0,0,4
0,2377,1,1,0,0,4
0,2381,1,1,0,0,4
0,2382,1,1,0,0,4
0,2408,1,1,0,0,4
0,2414,1,1,0,0,4
0,2418,1,1,0,0,4
0,2432,1,1,0,0,4
0,2433,1,1,0,0,4
0,2450,1,1,0,0,4
0,2454,1,1,0,0,4
0,2477,1,1,0,0,4
0,2478,1,1,0,0,4
0,2479,1,1,0,0,4
0,2490,1,1,0,0,4
0,2496,1,1,0,0,4
0,23,1,1,0,0,5
0,42,1,1,0,0,5
0,44,1,1,0,0,5
0,64,1,1,0,0,5
0,75,1,1,0,0,5
0,81,1,1,0,0,5
0,102,1,1,0,0,5
0,106,1,1,0,0,5
0,110,1,1,0,0,5
0,116,1,1,0,0,5
0,119,1,1,0,0,5
0,136,1,1,0,0,5
0,137,1,1,0,0,5
0,174,1,1,0,0,5
0,197,1,1,0,0,5
0,202,1,1,0,0,5
0,227,1,1,0,0,5
0,258,1,1,0,0,5
0,286,1,1,0,0,5
0,287,1,1,0,0,5
0,309,1,1,0,0,5
0,311,1,1,0,0,5
0,313,1,1,0,0,5
0,346,1,1,0,0,5
0,353,1,1,0,0,5
0,360,1,1,0,0,5
0,375,1,1,0,0,5
0,382,1,1,0,0,5
0,393,1,1,0,0,5
0,409,1,1,0,0,5
0,440,1,1,0,0,5
0,445,1,1,0,0,5
0,459,1,1,0,0,5
0,473,1,1,0,0,5
0,519,1,1,0,0,5
0,526,1,1,0,0,5
0,532,1,1,0,0,5
0,541,1,1,0,0,5
0,554,1,1,0,0,5
0,568,1,1,0,0,5
0,589,1,1,0,0,5
0,602,1,1,0,0,5
0,607,1,1,0,0,5
0,613,1,1,0,0,5
0,625,1,1,0,0,5
0,633,1,1,0,0,5
0,638,1,1,0,0,5
0,642,1,1,0,0,5
0,664,1,1,0,0,5
0,686,1,1,0,0,5
0,699,1,1,0,0,5
0,702,1,1,0,0,5
0,710,1,1,0,0,5
0,735,1,1,0,0,5
0,736,1,1,0,0,5
0,742,1,1,0,0,5
0,743,1,1,0,0,5
0,747,1,1,0,0,5
0,748,1,1,0,0,5
0,753,1,1,0,0,5
0,763,1,1,0,0,5
0,764,1,1,0,0,5
0,767,1,1,0,0,5
0,782,1,1,0,0,5
0,793,1,1,0,0,5
0,817,1,1,0,0,5
0,839,1,1,0,0,5
0,844,1,1,0,0,5
0,868,1,1,0,0,5
0,872,1,1,0,0,5
0,876,1,1,0,0,5
0,902,1,1,0,0,5
0,908,1,1,0,0,5
0,932,1,1,0,0,5
0,938,1,1,0,0,5
0,965,1,1,0,0,5
0,966,1,1,0,0,5
0,993,1,1,0,0,5
0,1006,1,1,0,0,5
0,1045,1,1,0,0,5
0,1051,1,1,0,0,5
0,1052,1,1,0,0,5
0,1059,1,1,0,0,5
0,1066,1,1,0,0,5
0,1067,1,1,0,0,5
0,1073,1,1,0,0,5
0,1074,1,1,0,0,5
0,1084,1,1,0,0,5
0,1091,1,1,0,0,5
0,1120,1,1,0,0,5
0,1123,1,1,0,0,5
0,1125,1,1,0,0,5
0,1134,1,1,0,0,5
0,1169,1,1,0,0,5
0,1174,1,1,0,0,5
0,1193,1,1,0,0,5
0,1211,1,1,0,0,5
0,1228,1,1,0,0,5
0,1231,1,1,0,0,5
0,1245,1,1,0,0,5
0,1248,1,1,0,0,5
0,1258,1,1,0,0,5
0,1278,1,1,0,0,5
0,1282,1,1,0,0,5
0,1288,1,1,0,0,5
0,1296,1,1,0,0,5
0,1304,1,1,0,0,5
0,1307,1,1,0,0,5
0,1334,1,1,0,0,5
0,1347,1,1,0,0,5
0,1350,1,1,0,0,5
0,1359,1,1,0,0,5
0,1369,1,1,0,0,5
0,1376,1,1,0,0,5
0,1385,1,1,0,0,5
0,1391,1,1,0,0,5
0,1396,1,1,0,0,5
0,1402,1,1,0,0,5
0,1428,1,1,0,0,5
0,1435,1,1,0,0,5
0,1449,1,1,0,0,5
0,1457,1,1,0,0,5
0,1476,1,1,0,0,5
0,1488,1,1,0,0,5
0,1509,1,1,0,0,5
0,1511,1,1,0,0,5
0,1513,1,1,0,0,5
0,1525,1,1,0,0,5
0,1533,1,1,0,0,5
0,1542,1,1,0,0,5
0,1553,1,1,0,0,5
0,1577,1,1,0,0,5
0,1594,1,1,0,0,5
0,1635,1,1,0,0,5
0,1672,1,1,0,0,5
0,1681,1,1,0,0,5
0,1692,1,1,0,0,5
0,1713,1,1,0,0,5
0,1764,1,1,0,0,5
0,1769,1,1,0,0,5
0,1771,1,1,0,0,5
0,1791,1,1,0,0,5
0,1811,1,1,0,0,5
0,1819,1,1,0,0,5
0,1821,1,1,0,0,5
0,1826,1,1,0,0,5
0,1837,1,1,0,0,5
0,1838,1,1,0,0,5
0,1842,1,1,0,0,5
0,1848,1,1,0,0,5
0,1870,1,1,0,0,5
0,1878,1,1,0,0,5
0,1880,1,1,0,0,5
0,1883,1,1,0,0,5
0,1891,1,1,0,0,5
0,1910,1,1,0,0,5
0,1919,1,1,0,0,5
0,1944,1,1,0,0,5
0,1962,1,1,0,0,5
0,1994,1,1,0,0,5
0,2019,1,1,0,0,5
0,2028,1,1,0,0,5
0,2037,1,1,0,0,5
0,2041,1,1,0,0,5
0,2048,1,1,0,0,5
0,2054,1,1,0,0,5
0,2057,1,1,0,0,5
0,2069,1,1,0,0,5
0,2085,1,1,0,0,5
0,2089,1,1,0,0,5
0,2120,1,1,0,0,5
0,2122,1,1,0,0,5
0,2140,1,1,0,0,5
0,2143,1,1,0,0,5
0,2153,1,1,0,0,5
0,2157,1,1,0,0,5
0,2159,1,1,0,0,5
0,2165,1,1,0,0,5
0,2171,1,1,0,0,5
0,2177,1,1,0,0,5
0,2180,1,1,0,0,5
0,2187,1,1,0,0,5
0,2191,1,1,0,0,5
0,2203,1,1,0,0,5
0,2215,1,1,0,0,5
0,2224,1,1,0,0,5
0,2267,1,1,0,0,5
0,2274,1,1,0,0,5
0,2283,1,1,0,0,5
0,2284,1,1,0,0,5
0,2290,1,1,0,0,5
0,2296,1,1,0,0,5
0,2303,1,1,0,0,5
0,2308,1,1,0,0,5
0,2336,1,1,0,0,5
0,2339,1,1,0,0,5
0,2361,1,1,0,0,5
0,2368,1,1,0,0,5
0,2415,1,1,0,0,5
0,2416,1,1,0,0,5
0,2425,1,1,0,0,5
0,2442,1,1,0,0,5
0,2462,1,1,0,0,5
0,2475,1,1,0,0,5
0,2486,1,1,0,0,5
0,21,1,1,0,0,6
0,26,1,1,0,0,6
0,63,1,1,0,0,6
0,72,1,1,0,0,6
0,78,1,1,0,0,6
0,93,1,1,0,0,6
0,100,1,1,0,0,6
0,104,1,1,0,0,6
0,108,1,1,0,0,6
0,151,1,1,0,0,6
0,173,1,1,0,0,6
0,194,1,1,0,0,6
0,256,1,1,0,0,6
0,259,1,1,0,0,6
0,264,1,1,0,0,6
0,321,1,1,0,0,6
0,352,1,1,0,0,6
0,357,1,1,0,0,6
0,392,1,1,0,0,6
0,414,1,1,0,0,6
0,425,1,1,0,0,6
0,437,1,1,0,0,6
0,453,1,1,0,0,6
0,476,1,1,0,0,6
0,486,1,1,0,0,6
0,514,1,1,0,0,6
0,533,1,1,0,0,6
0,539,1,1,0,0,6
0,542,1,1,0,0,6
0,549,1,1,0,0,6
0,576,1,1,0,0,6
0,590,1,1,0,0,6
0,599,1,1,0,0,6
0,600,1,1,0,0,6
0,603,1,1,0,0,6
0,623,1,1,0,0,6
0,630,1,1,0,0,6
0,652,1,1,0,0,6
0,667,1,1,0,0,6
0,671,1,1,0,0,6
0,672,1,1,0,0,6
0,682,1,1,0,0,6
0,731,1,1,0,0,6
0,738,1,1,0,0,6
0,759,1,1,0,0,6
0,760,1,1,0,0,6
0,779,1,1,0,0,6
0,798,1,1,0,0,6
0,828,1,1,0,0,6
0,829,1,1,0,0,6
0,834,1,1,0,0,6
0,849,1,1,0,0,6
0,860,1,1,0,0,6
0,865,1,1,0,0,6
0,869,1,1,0,0,6
0,877,1,1,0,0,6
0,883,1,1,0,0,6
0,920,1,1,0,0,6
0,958,1,1,0,0,6
0,985,1,1,0,0,6
0,1010,1,1,0,0,6
0,1012,1,1,0,0,6
0,1023,1,1,0,0,6
0,1046,1,1,0,0,6
0,1062,1,1,0,0,6
0,1063,1,1,0,0,6
0,1071,1,1,0,0,6
0,1077,1,1,0,0,6
0,1079,1,1,0,0,6
0,1081,1,1,0,0,6
0,1086,1,1,0,0,6
0,1093,1,1,0,0,6
0,1108,1,1,0,0,6
0,1164,1,1,0,0,6
0,1166,1,1,0,0,6
0,1171,1,1,0,0,6
0,1201,1,1,0,0,6
0,1205,1,1,0,0,6
0,1217,1,1,0,0,6
0,1249,1,1,0,0,6
0,1250,1,1,0,0,6
0,1269,1,1,0,0,6
0,1271,1,1,0,0,6
0,1274,1,1,0,0,6
0,1280,1,1,0,0,6
0,1301,1,1,0,0,6
0,1309,1,1,0,0,6
0,1311,1,1,0,0,6
0,1325,1,1,0,0,6
0,1340,1,1,0,0,6
0,1343,1,1,0,0,6
0,1353,1,1,0,0,6
0,1357,1,1,0,0,6
0,1395,1,1,0,0,6
0,1397,1,1,0,0,6
0,1411,1,1,0,0,6
0,1420,1,1,0,0,6
0,1432,1,1,0,0,6
0,1490,1,1,0,0,6
0,1518,1,1,0,0,6
0,1527,1,1,0,0,6
0,1585,1,1,0,0,6
0,1598,1,1,0,0,6
0,1640,1,1,0,0,6
0,1657,1,1,0,0,6
0,1693,1,1,0,0,6
0,1705,1,1,0,0,6
0,1720,1,1,0,0,6
0,1730,1,1,0,0,6
0,1731,1,1,0,0,6
0,1755,1,1,0,0,6
0,1756,1,1,0,0,6
0,1775,1,1,0,0,6
0,1790,1,1,0,0,6
0,1799,1,1,0,0,6
0,1806,1,1,0,0,6
0,1818,1,1,0,0,6
0,1831,1,1,0,0,6
0,1845,1,1,0,0,6
0,1885,1,1,0,0,6
0,1895,1,1,0,0,6
0,1909,1,1,0,0,6
0,1914,1,1,0,0,6
0,1935,1,1,0,0,6
0,1953,1,1,0,0,6
0,1957,1,1,0,0,6
0,1960,1,1,0,0,6
0,1975,1,1,0,0,6
0,1992,1,1,0,0,6
0,1998,1,1,0,0,6
0,2002,1,1,0,0,6
0,2020,1,1,0,0,6
0,2034,1,1,0,0,6
0,2035,1,1,0,0,6
0,2056,1,1,0,0,6
0,2083,1,1,0,0,6
0,2084,1,1,0,0,6
0,2117,1,1,0,0,6
0,2124,1,1,0,0,6
0,2125,1,1,0,0,6
0,2126,1,1,0,0,6
0,2210,1,1,0,0,6
0,2293,1,1,0,0,6
0,2298,1,1,0,0,6
0,2301,1,1,0,0,6
0,2305,1,1,0,0,6
0,2315,1,1,0,0,6
0,2356,1,1,0,0,6
0,2360,1,1,0,0,6
0,2407,1,1,0,0,6
0,2427,1,1,0,0,6
0,2429,1,1,0,0,6
0,2440,1,1,0,0,6
0,15,1,1,0,0,7
0,65,1,1,0,0,7
0,79,1,1,0,0,7
0,83,1,1,0,0,7
0,87,1,1,0,0,7
0,94,1,1,0,0,7
0,107,1,1,0,0,7
0,114,1,1,0,0,7
0,118,1,1,0,0,7
0,123,1,1,0,0,7
0,139,1,1,0,0,7
0,172,1,1,0,0,7
0,178,1,1,0,0,7
0,186,1,1,0,0,7
0,191,1,1,0,0,7
0,199,1,1,0,0,7
0,207,1,1,0,0,7
0,208,1,1,0,0,7
0,228,1,1,0,0,7
0,234,1,1,0,0,7
0,255,1,1,0,0,7
0,272,1,1,0,0,7
0,273,1,1,0,0,7
0,278,1,1,0,0,7
0,289,1,1,0,0,7
0,343,1,1,0,0,7
0,380,1,1,0,0,7
0,385,1,1,0,0,7
0,398,1,1,0,0,7
0,416,1,1,0,0,7
0,422,1,1,0,0,7
0,426,1,1,0,0,7
0,429,1,1,0,0,7
0,436,1,1,0,0,7
0,439,1,1,0,0,7
0,450,1,1,0,0,7
0,509,1,1,0,0,7
0,515,1,1,0,0,7
0,521,1,1,0,0,7
0,522,1,1,0,0,7
0,529,1,1,0,0,7
0,578,1,1,0,0,7
0,584,1,1,0,0,7
0,618,1,1,0,0,7
0,624,1,1,0,0,7
0,648,1,1,0,0,7
0,650,1,1,0,0,7
0,676,1,1,0,0,7
0,681,1,1,0,0,7
0,688,1,1,0,0,7
0,693,1,1,0,0,7
0,696,1,1,0,0,7
0,718,1,1,0,0,7
0,721,1,1,0,0,7
0,737,1,1,0,0,7
0,741,1,1,0,0,7
0,745,1,1,0,0,7
0,772,1,1,0,0,7
0,801,1,1,0,0,7
0,802,1,1,0,0,7
0,826,1,1,0,0,7
0,843,1,1,0,0,7
0,855,1,1,0,0,7
0,905,1,1,0,0,7
0,910,1,1,0,0,7
0,926,1,1,0,0,7
0,937,1,1,0,0,7
0,947,1,1,0,0,7
0,975,1,1,0,0,7
0,976,1,1,0,0,7
0,978,1,1,0,0,7
0,990,1,1,0,0,7
0,1004,1,1,0,0,7
0,1005,1,1,0,0,7
0,1013,1,1,0,0,7
0,1016,1,1,0,0,7
0,1032,1,1,0,0,7
0,1076,1,1,0,0,7
0,1095,1,1,0,0,7
0,1102,1,1,0,0,7
0,1114,1,1,0,0,7
0,1118,1,1,0,0,7
0,1148,1,1,0,0,7
0,1156,1,1,0,0,7
0,1163,1,1,0,0,7
0,1196,1,1,0,0,7
0,1204,1,1,0,0,7
0,1214,1,1,0,0,7
0,1232,1,1,0,0,7
0,1240,1,1,0,0,7
0,1310,1,1,0,0,7
0,1313,1,1,0,0,7
0,1314,1,1,0,0,7
0,1320,1,1,0,0,7
0,1330,1,1,0,0,7
0,1341,1,1,0,0,7
0,1346,1,1,0,0,7
0,1399,1,1,0,0,7
0,1421,1,1,0,0,7
0,1426,1,1,0,0,7
0,1434,1,1,0,0,7
0,1450,1,1,0,0,7
0,1459,1,1,0,0,7
0,1473,1,1,0,0,7
0,1479,1,1,0,0,7
0,1516,1,1,0,0,7
0,1558,1,1,0,0,7
0,1559,1,1,0,0,7
0,1581,1,1,0,0,7
0,1583,1,1,0,0,7
0,1637,1,1,0,0,7
0,1642,1,1,0,0,7
0,1646,1,1,0,0,7
0,1667,1,1,0,0,7
0,1674,1,1,0,0,7
0,1717,1,1,0,0,7
0,1723,1,1,0,0,7
0,1726,1,1,0,0,7
0,1740,1,1,0,0,7
0,1749,1,1,0,0,7
0,1768,1,1,0,0,7
0,1783,1,1,0,0,7
0,1785,1,1,0,0,7
0,1833,1,1,0,0,7
0,1843,1,1,0,0,7
0,1847,1,1,0,0,7
0,1866,1,1,0,0,7
0,1876,1,1,0,0,7
0,1902,1,1,0,0,7
0,1927,1,1,0,0,7
0,1933,1,1,0,0,7
0,1976,1,1,0,0,7
0,1987,1,1,0,0,7
0,1997,1,1,0,0,7
0,2006,1,1,0,0,7
0,2022,1,1,0,0,7
0,2024,1,1,0,0,7
0,2052,1,1,0,0,7
0,2094,1,1,0,0,7
0,2097,1,1,0,0,7
0,2111,1,1,0,0,7
0,2116,1,1,0,0,7
0,2127,1,1,0,0,7
0,2146,1,1,0,0,7
0,2167,1,1,0,0,7
0,2195,1,1,0,0,7
0,2199,1,1,0,0,7
0,2205,1,1,0,0,7
0,2229,1,1,0,0,7
0,2244,1,1,0,0,7
0,2248,1,1,0,0,7
0,2254,1,1,0,0,7
0,2256,1,1,0,0,7
0,2310,1,1,0,0,7
0,2314,1,1,0,0,7
0,2319,1,1,0,0,7
0,2355,1,1,0,0,7
0,2365,1,1,0,0,7
0,2396,1,1,0,0,7
0,2446,1,1,0,0,7
0,2459,1,1,0,0,7
0,2472,1,1,0,0,7
0,19,1,1,0,0,8
0,29,1,1,0,0,8
0,55,1,1,0,0,8
0,124,1,1,0,0,8
0,162,1,1,0,0,8
0,198,1,1,0,0,8
0,216,1,1,0,0,8
0,220,1,1,0,0,8
0,290,1,1,0,0,8
0,316,1,1,0,0,8
0,327,1,1,0,0,8
0,348,1,1,0,0,8
0,358,1,1,0,0,8
0,367,1,1,0,0,8
0,373,1,1,0,0,8
0,403,1,1,0,0,8
0,432,1,1,0,0,8
0,482,1,1,0,0,8
0,498,1,1,0,0,8
0,504,1,1,0,0,8
0,506,1,1,0,0,8
0,513,1,1,0,0,8
0,536,1,1,0,0,8
0,543,1,1,0,0,8
0,550,1,1,0,0,8
0,556,1,1,0,0,8
0,561,1,1,0,0,8
0,572,1,1,0,0,8
0,580,1,1,0,0,8
0,591,1,1,0,0,8
0,605,1,1,0,0,8
0,641,1,1,0,0,8
0,658,1,1,0,0,8
0,674,1,1,0,0,8
0,690,1,1,0,0,8
0,700,1,1,0,0,8
0,757,1,1,0,0,8
0,778,1,1,0,0,8
0,810,1,1,0,0,8
0,838,1,1,0,0,8
0,840,1,1,0,0,8
0,842,1,1,0,0,8
0,846,1,1,0,0,8
0,885,1,1,0,0,8
0,889,1,1,0,0,8
0,909,1,1,0,0,8
0,919,1,1,0,0,8
0,963,1,1,0,0,8
0,988,1,1,0,0,8
0,1003,1,1,0,0,8
0,1011,1,1,0,0,8
0,1022,1,1,0,0,8
0,1025,1,1,0,0,8
0,1033,1,1,0,0,8
0,1060,1,1,0,0,8
0,1070,1,1,0,0,8
0,1113,1,1,0,0,8
0,1122,1,1,0,0,8
0,1158,1,1,0,0,8
0,1161,1,1,0,0,8
0,1186,1,1,0,0,8
0,1199,1,1,0,0,8
0,1209,1,1,0,0,8
0,1224,1,1,0,0,8
0,1243,1,1,0,0,8
0,1254,1,1,0,0,8
0,1268,1,1,0,0,8
0,1286,1,1,0,0,8
0,1290,1,1,0,0,8
0,1374,1,1,0,0,8
0,1378,1,1,0,0,8
0,1379,1,1,0,0,8
0,1380,1,1,0,0,8
0,1401,1,1,0,0,8
0,1403,1,1,0,0,8
0,1406,1,1,0,0,8
0,1443,1,1,0,0,8
0,1444,1,1,0,0,8
0,1464,1,1,0,0,8
0,1465,1,1,0,0,8
0,1496,1,1,0,0,8
0,1550,1,1,0,0,8
0,1568,1,1,0,0,8
0,1587,1,1,0,0,8
0,1604,1,1,0,0,8
0,1619,1,1,0,0,8
0,1634,1,1,0,0,8
0,1651,1,1,0,0,8
0,1666,1,1,0,0,8
0,1691,1,1,0,0,8
0,1699,1,1,0,0,8
0,1722,1,1,0,0,8
0,1725,1,1,0,0,8
0,1746,1,1,0,0,8
0,1750,1,1,0,0,8
0,1765,1,1,0,0,8
0,1817,1,1,0,0,8
0,1854,1,1,0,0,8
0,1857,1,1,0,0,8
0,1864,1,1,0,0,8
0,1898,1,1,0,0,8
0,1901,1,1,0,0,8
0,1949,1,1,0,0,8
0,2005,1,1,0,0,8
0,2017,1,1,0,0,8
0,2059,1,1,0,0,8
0,2076,1,1,0,0,8
0,2078,1,1,0,0,8
0,2105,1,1,0,0,8
0,2160,1,1,0,0,8
0,2175,1,1,0,0,8
0,2179,1,1,0,0,8
0,2189,1,1,0,0,8
0,2196,1,1,0,0,8
0,2201,1,1,0,0,8
0,2204,1,1,0,0,8
0,2220,1,1,0,0,8
0,2230,1,1,0,0,8
0,2253,1,1,0,0,8
0,2268,1,1,0,0,8
0,2340,1,1,0,0,8
0,2367,1,1,0,0,8
0,2379,1,1,0,0,8
0,2384,1,1,0,0,8
0,2398,1,1,0,0,8
0,2404,1,1,0,0,8
0,2445,1,1,0,0,8
0,2453,1,1,0,0,8
0,2489,1,1,0,0,8
0,10,1,1,0,0,9
0,12,1,1,0,0,9
0,41,1,1,0,0,9
0,62,1,1,0,0,9
0,113,1,1,0,0,9
0,117,1,1,0,0,9
0,121,1,1,0,0,9
0,141,1,1,0,0,9
0,149,1,1,0,0,9
0,153,1,1,0,0,9
0,164,1,1,0,0,9
0,167,1,1,0,0,9
0,180,1,1,0,0,9
0,187,1,1,0,0,9
0,196,1,1,0,0,9
0,257,1,1,0,0,9
0,276,1,1,0,0,9
0,300,1,1,0,0,9
0,301,1,1,0,0,9
0,304,1,1,0,0,9
0,314,1,1,0,0,9
0,344,1,1,0,0,9
0,371,1,1,0,0,9
0,411,1,1,0,0,9
0,423,1,1,0,0,9
0,447,1,1,0,0,9
0,465,1,1,0,0,9
0,471,1,1,0,0,9
0,483,1,1,0,0,9
0,546,1,1,0,0,9
0,552,1,1,0,0,9
0,563,1,1,0,0,9
0,567,1,1,0,0,9
0,577,1,1,0,0,9
0,587,1,1,0,0,9
0,588,1,1,0,0,9
0,594,1,1,0,0,9
0,595,1,1,0,0,9
0,609,1,1,0,0,9
0,643,1,1,0,0,9
0,649,1,1,0,0,9
0,704,1,1,0,0,9
0,707,1,1,0,0,9
0,712,1,1,0,0,9
0,716,1,1,0,0,9
0,720,1,1,0,0,9
0,729,1,1,0,0,9
0,746,1,1,0,0,9
0,768,1,1,0,0,9
0,781,1,1,0,0,9
0,794,1,1,0,0,9
0,809,1,1,0,0,9
0,811,1,1,0,0,9
0,814,1,1,0,0,9
0,816,1,1,0,0,9
0,818,1,1,0,0,9
0,831,1,1,0,0,9
0,835,1,1,0,0,9
0,858,1,1,0,0,9
0,866,1,1,0,0,9
0,886,1,1,0,0,9
0,897,1,1,0,0,9
0,899,1,1,0,0,9
0,922,1,1,0,0,9
0,924,1,1,0,0,9
0,950,1,1,0,0,9
0,962,1,1,0,0,9
0,1000,1,1,0,0,9
0,1042,1,1,0,0,9
0,1044,1,1,0,0,9
0,1049,1,1,0,0,9
0,1054,1,1,0,0,9
0,1110,1,1,0,0,9
0,1117,1,1,0,0,9
0,1124,1,1,0,0,9
0,1144,1,1,0,0,9
0,1155,1,1,0,0,9
0,1160,1,1,0,0,9
0,1191,1,1,0,0,9
0,1206,1,1,0,0,9
0,1229,1,1,0,0,9
0,1252,1,1,0,0,9
0,1257,1,1,0,0,9
0,1261,1,1,0,0,9
0,1266,1,1,0,0,9
0,1270,1,1,0,0,9
0,1277,1,1,0,0,9
0,1279,1,1,0,0,9
0,1323,1,1,0,0,9
0,1342,1,1,0,0,9
0,1344,1,1,0,0,9
0,1349,1,1,0,0,9
0,1393,1,1,0,0,9
0,1398,1,1,0,0,9
0,1414,1,1,0,0,9
0,1422,1,1,0,0,9
0,1429,1,1,0,0,9
0,1436,1,1,0,0,9
0,1440,1,1,0,0,9
0,1453,1,1,0,0,9
0,1483,1,1,0,0,9
0,1491,1,1,0,0,9
0,1504,1,1,0,0,9
0,1510,1,1,0,0,9
0,1538,1,1,0,0,9
0,1548,1,1,0,0,9
0,1549,1,1,0,0,9
0,1561,1,1,0,0,9
0,1589,1,1,0,0,9
0,1612,1,1,0,0,9
0,1620,1,1,0,0,9
0,1645,1,1,0,0,9
0,1658,1,1,0,0,9
0,1676,1,1,0,0,9
0,1696,1,1,0,0,9
0,1700,1,1,0,0,9
0,1706,1,1,0,0,9
0,1729,1,1,0,0,9
0,1732,1,1,0,0,9
0,1733,1,1,0,0,9
0,1741,1,1,0,0,9
0,1752,1,1,0,0,9
0,1758,1,1,0,0,9
0,1762,1,1,0,0,9
0,1766,1,1,0,0,9
0,1778,1,1,0,0,9
0,1793,1,1,0,0,9
0,1812,1,1,0,0,9
0,1868,1,1,0,0,9
0,1873,1,1,0,0,9
0,1912,1,1,0,0,9
0,1948,1,1,0,0,9
0,1959,1,1,0,0,9
0,1973,1,1,0,0,9
0,1982,1,1,0,0,9
0,1983,1,1,0,0,9
0,1985,1,1,0,0,9
0,2008,1,1,0,0,9
0,2039,1,1,0,0,9
0,2047,1,1,0,0,9
0,2053,1,1,0,0,9
0,2067,1,1,0,0,9
0,2104,1,1,0,0,9
0,2107,1,1,0,0,9
0,2109,1,1,0,0,9
0,2137,1,1,0,0,9
0,2161,1,1,0,0,9
0,2163,1,1,0,0,9
0,2182,1,1,0,0,9
0,2190,1,1,0,0,9
0,2235,1,1,0,0,9
0,2238,1,1,0,0,9
0,2241,1,1,0,0,9
0,2251,1,1,0,0,9
0,2307,1,1,0,0,9
0,2311,1,1,0,0,9
0,2318,1,1,0,0,9
0,2322,1,1,0,0,9
0,2325,1,1,0,0,9
0,2329,1,1,0,0,9
0,2331,1,1,0,0,9
0,2333,1,1,0,0,9
0,2352,1,1,0,0,9
0,2386,1,1,0,0,9
0,2390,1,1,0,0,9
0,2397,1,1,0,0,9
0,2405,1,1,0,0,9
0,2409,1,1,0,0,9
0,2410,1,1,0,0,9
0,2413,1,1,0,0,9
0,2435,1,1,0,0,9
0,2436,1,1,0,0,9
0,2443,1,1,0,0,9
0,2469,1,1,0,0,9
0,2482,1,1,0,0,9
0,2499,1,1,0,0,9
0,32,1,1,0,0,10
0,35,1,1,0,0,10
0,90,1,1,0,0,10
0,92,1,1,0,0,10
0,96,1,1,0,0,10
0,120,1,1,0,0,10
0,127,1,1,0,0,10
0,132,1,1,0,0,10
0,163,1,1,0,0,10
0,166,1,1,0,0,10
0,177,1,1,0,0,10
0,224,1,1,0,0,10
0,247,1,1,0,0,10
0,261,1,1,0,0,10
0,267,1,1,0,0,10
0,282,1,1,0,0,10
0,305,1,1,0,0,10
0,326,1,1,0,0,10
0,330,1,1,0,0,10
0,350,1,1,0,0,10
0,369,1,1,0,0,10
0,381,1,1,0,0,10
0,383,1,1,0,0,10
0,401,1,1,0,0,10
0,424,1,1,0,0,10
0,435,1,1,0,0,10
0,452,1,1,0,0,10
0,481,1,1,0,0,10
0,497,1,1,0,0,10
0,500,1,1,0,0,10
0,511,1,1,0,0,10
0,528,1,1,0,0,10
0,547,1,1,0,0,10
0,564,1,1,0,0,10
0,574,1,1,0,0,10
0,593,1,1,0,0,10
0,629,1,1,0,0,10
0,665,1,1,0,0,10
0,675,1,1,0,0,10
0,680,1,1,0,0,10
0,689,1,1,0,0,10
0,705,1,1,0,0,10
0,719,1,1,0,0,10
0,739,1,1,0,0,10
0,755,1,1,0,0,10
0,756,1,1,0,0,10
0,758,1,1,0,0,10
0,761,1,1,0,0,10
0,765,1,1,0,0,10
0,773,1,1,0,0,10
0,774,1,1,0,0,10
0,780,1,1,0,0,10
0,784,1,1,0,0,10
0,792,1,1,0,0,10
0,806,1,1,0,0,10
0,823,1,1,0,0,10
0,837,1,1,0,0,10
0,857,1,1,0,0,10
0,871,1,1,0,0,10
0,878,1,1,0,0,10
0,879,1,1,0,0,10
0,882,1,1,0,0,10
0,893,1,1,0,0,10
0,945,1,1,0,0,10
0,971,1,1,0,0,10
0,979,1,1,0,0,10
0,994,1,1,0,0,10
0,999,1,1,0,0,10
0,1039,1,1,0,0,10
0,1043,1,1,0,0,10
0,1101,1,1,0,0,10
0,1142,1,1,0,0,10
0,1153,1,1,0,0,10
0,1202,1,1,0,0,10
0,1255,1,1,0,0,10
0,1300,1,1,0,0,10
0,1318,1,1,0,0,10
0,1329,1,1,0,0,10
0,1339,1,1,0,0,10
0,1354,1,1,0,0,10
0,1383,1,1,0,0,10
0,1384,1,1,0,0,10
0,1388,1,1,0,0,10
0,1410,1,1,0,0,10
0,1454,1,1,0,0,10
0,1466,1,1,0,0,10
0,1475,1,1,0,0,10
0,1493,1,1,0,0,10
0,1502,1,1,0,0,10
0,1514,1,1,0,0,10
0,1520,1,1,0,0,10
0,1523,1,1,0,0,10
0,1532,1,1,0,0,10
0,1560,1,1,0,0,10
0,1595,1,1,0,0,10
0,1605,1,1,0,0,10
0,1613,1,1,0,0,10
0,1623,1,1,0,0,10
0,1628,1,1,0,0,10
0,1632,1,1,0,0,10
0,1679,1,1,0,0,10
0,1684,1,1,0,0,10
0,1685,1,1,0,0,10
0,1688,1,1,0,0,10
0,1698,1,1,0,0,10
0,1715,1,1,0,0,10
0,1719,1,1,0,0,10
0,1724,1,1,0,0,10
0,1727,1,1,0,0,10
0,1745,1,1,0,0,10
0,1754,1,1,0,0,10
0,1787,1,1,0,0,10
0,1823,1,1,0,0,10
0,1871,1,1,0,0,10
0,1877,1,1,0,0,10
0,1908,1,1,0,0,10
0,1921,1,1,0,0,10
0,1936,1,1,0,0,10
0,1942,1,1,0,0,10
0,1956,1,1,0,0,10
0,1972,1,1,0,0,10
0,2004,1,1,0,0,10
0,2060,1,1,0,0,10
0,2064,1,1,0,0,10
0,2077,1,1,0,0,10
0,2079,1,1,0,0,10
0,2147,1,1,0,0,10
0,2173,1,1,0,0,10
0,2183,1,1,0,0,10
0,2193,1,1,0,0,10
0,2208,1,1,0,0,10
0,2209,1,1,0,0,10
0,2212,1,1,0,0,10
0,2265,1,1,0,0,10
0,2279,1,1,0,0,10
0,2291,1,1,0,0,10
0,2295,1,1,0,0,10
0,2312,1,1,0,0,10
0,2313,1,1,0,0,10
0,2317,1,1,0,0,10
0,2323,1,1,0,0,10
0,2343,1,1,0,0,10
0,2359,1,1,0,0,10
0,2362,1,1,0,0,10
0,2402,1,1,0,0,10
0,2439,1,1,0,0,10
0,2464,1,1,0,0,10
0,2470,1,1,0,0,10
0,2495,1,1,0,0,10
0,2497,1,1,0,0,10
0,0,1,1,0,0,11
0,11,1,1,0,0,11
0,38,1,1,0,0,11
0,50,1,1,0,0,11
0,54,1,1,0,0,11
0,60,1,1,0,0,11
0,69,1,1,0,0,11
0,99,1,1,0,0,11
0,101,1,1,0,0,11
0,105,1,1,0,0,11
0,128,1,1,0,0,11
0,140,1,1,0,0,11
0,143,1,1,0,0,11
0,145,1,1,0,0,11
0,161,1,1,0,0,11
0,190,1,1,0,0,11
0,192,1,1,0,0,11
0,201,1,1,0,0,11
0,204,1,1,0,0,11
0,217,1,1,0,0,11
0,239,1,1,0,0,11
0,244,1,1,0,0,11
0,262,1,1,0,0,11
0,281,1,1,0,0,11
0,294,1,1,0,0,11
0,374,1,1,0,0,11
0,384,1,1,0,0,11
0,433,1,1,0,0,11
0,441,1,1,0,0,11
0,446,1,1,0,0,11
0,451,1,1,0,0,11
0,468,1,1,0,0,11
0,557,1,1,0,0,11
0,610,1,1,0,0,11
0,614,1,1,0,0,11
0,632,1,1,0,0,11
0,640,1,1,0,0,11
0,668,1,1,0,0,11
0,725,1,1,0,0,11
0,732,1,1,0,0,11
0,734,1,1,0,0,11
0,776,1,1,0,0,11
0,783,1,1,0,0,11
0,785,1,1,0,0,11
0,791,1,1,0,0,11
0,812,1,1,0,0,11
0,813,1,1,0,0,11
0,819,1,1,0,0,11
0,875,1,1,0,0,11
0,935,1,1,0,0,11
0,936,1,1,0,0,11
0,943,1,1,0,0,11
0,1019,1,1,0,0,11
0,1038,1,1,0,0,11
0,1057,1,1,0,0,11
0,1135,1,1,0,0,11
0,1141,1,1,0,0,11
0,1230,1,1,0,0,11
0,1246,1,1,0,0,11
0,1253,1,1,0,0,11
0,1256,1,1,0,0,11
0,1306,1,1,0,0,11
0,1316,1,1,0,0,11
0,1317,1,1,0,0,11
0,1337,1,1,0,0,11
0,1345,1,1,0,0,11
0,1348,1,1,0,0,11
0,1356,1,1,0,0,11
0,1364,1,1,0,0,11
0,1367,1,1,0,0,11
0,1389,1,1,0,0,11
0,1392,1,1,0,0,11
0,1419,1,1,0,0,11
0,1431,1,1,0,0,11
0,1438,1,1,0,0,11
0,1470,1,1,0,0,11
0,1478,1,1,0,0,11
0,1556,1,1,0,0,11
0,1569,1,1,0,0,11
0,1570,1,1,0,0,11
0,1576,1,1,0,0,11
0,1580,1,1,0,0,11
0,1600,1,1,0,0,11
0,1601,1,1,0,0,11
0,1608,1,1,0,0,11
0,1614,1,1,0,0,11
0,1633,1,1,0,0,11
0,1638,1,1,0,0,11
0,1639,1,1,0,0,11
0,1644,1,1,0,0,11
0,1654,1,1,0,0,11
0,1670,1,1,0,0,11
0,1753,1,1,0,0,11
0,1761,1,1,0,0,11
0,1767,1,1,0,0,11
0,1773,1,1,0,0,11
0,1782,1,1,0,0,11
0,1784,1,1,0,0,11
0,1810,1,1,0,0,11
0,1840,1,1,0,0,11
0,1841,1,1,0,0,11
0,1852,1,1,0,0,11
0,1874,1,1,0,0,11
0,1879,1,1,0,0,11
0,1893,1,1,0,0,11
0,1911,1,1,0,0,11
0,1934,1,1,0,0,11
0,1940,1,1,0,0,11
0,1954,1,1,0,0,11
0,1965,1,1,0,0,11
0,2014,1,1,0,0,11
0,2016,1,1,0,0,11
0,2021,1,1,0,0,11
0,2029,1,1,0,0,11
0,2031,1,1,0,0,11
0,2051,1,1,0,0,11
0,2062,1,1,0,0,11
0,2070,1,1,0,0,11
0,2088,1,1,0,0,11
0,2185,1,1,0,0,11
0,2188,1,1,0,0,11
0,2200,1,1,0,0,11
0,2228,1,1,0,0,11
0,2243,1,1,0,0,11
0,2255,1,1,0,0,11
0,2260,1,1,0,0,11
0,2263,1,1,0,0,11
0,2264,1,1,0,0,11
0,2289,1,1,0,0,11
0,2306,1,1,0,0,11
0,2338,1,1,0,0,11
0,2341,1,1,0,0,11
0,2345,1,1,0,0,11
0,2349,1,1,0,0,11
0,2364,1,1,0,0,11
0,2373,1,1,0,0,11
0,2392,1,1,0,0,11
0,2401,1,1,0,0,11
0,2412,1,1,0,0,11
0,2434,1,1,0,0,11
0,2451,1,1,0,0,11
0,2458,1,1,0,0,11
0,2463,1,1,0,0,11
0,2480,1,1,0,0,11
0,2484,1,1,0,0,11
0,4,1,1,0,0,12
0,27,1,1,0,0,12
0,71,1,1,0,0,12
0,112,1,1,0,0,12
0,147,1,1,0,0,12
0,148,1,1,0,0,12
0,211,1,1,0,0,12
0,213,1,1,0,0,12
0,223,1,1,0,0,12
0,266,1,1,0,0,12
0,268,1,1,0,0,12
0,291,1,1,0,0,12
0,306,1,1,0,0,12
0,315,1,1,0,0,12
0,333,1,1,0,0,12
0,355,1,1,0,0,12
0,364,1,1,0,0,12
0,387,1,1,0,0,12
0,388,1,1,0,0,12
0,406,1,1,0,0,12
0,420,1,1,0,0,12
0,467,1,1,0,0,12
0,475,1,1,0,0,12
0,477,1,1,0,0,12
0,479,1,1,0,0,12
0,484,1,1,0,0,12
0,487,1,1,0,0,12
0,518,1,1,0,0,12
0,523,1,1,0,0,12
0,535,1,1,0,0,12
0,579,1,1,0,0,12
0,615,1,1,0,0,12
0,645,1,1,0,0,12
0,656,1,1,0,0,12
0,673,1,1,0,0,12
0,687,1,1,0,0,12
0,694,1,1,0,0,12
0,697,1,1,0,0,12
0,727,1,1,0,0,12
0,754,1,1,0,0,12
0,775,1,1,0,0,12
0,821,1,1,0,0,12
0,847,1,1,0,0,12
0,850,1,1,0,0,12
0,851,1,1,0,0,12
0,854,1,1,0,0,12
0,870,1,1,0,0,12
0,881,1,1,0,0,12
0,895,1,1,0,0,12
0,904,1,1,0,0,12
0,917,1,1,0,0,12
0,967,1,1,0,0,12
0,968,1,1,0,0,12
0,1002,1,1,0,0,12
0,1007,1,1,0,0,12
0,1014,1,1,0,0,12
0,1015,1,1,0,0,12
0,1028,1,1,0,0,12
0,1040,1,1,0,0,12
0,1048,1,1,0,0,12
0,1061,1,1,0,0,12
0,1069,1,1,0,0,12
0,1085,1,1,0,0,12
0,1094,1,1,0,0,12
0,1194,1,1,0,0,12
0,1215,1,1,0,0,12
0,1236,1,1,0,0,12
0,1237,1,1,0,0,12
0,1239,1,1,0,0,12
0,1259,1,1,0,0,12
0,1265,1,1,0,0,12
0,1336,1,1,0,0,12
0,1366,1,1,0,0,12
0,1408,1,1,0,0,12
0,1416,1,1,0,0,12
0,1452,1,1,0,0,12
0,1455,1,1,0,0,12
0,1456,1,1,0,0,12
0,1468,1,1,0,0,12
0,1472,1,1,0,0,12
0,1477,1,1,0,0,12
0,1501,1,1,0,0,12
0,1524,1,1,0,0,12
0,1526,1,1,0,0,12
0,1579,1,1,0,0,12
0,1607,1,1,0,0,12
0,1610,1,1,0,0,12
0,1622,1,1,0,0,12
0,1629,1,1,0,0,12
0,1650,1,1,0,0,12
0,1677,1,1,0,0,12
0,1680,1,1,0,0,12
0,1704,1,1,0,0,12
0,1728,1,1,0,0,12
0,1798,1,1,0,0,12
0,1830,1,1,0,0,12
0,1836,1,1,0,0,12
0,1851,1,1,0,0,12
0,1855,1,1,0,0,12
0,1860,1,1,0,0,12
0,1862,1,1,0,0,12
0,1882,1,1,0,0,12
0,1889,1,1,0,0,12
0,1900,1,1,0,0,12
0,1915,1,1,0,0,12
0,1916,1,1,0,0,12
0,1922,1,1,0,0,12
0,1925,1,1,0,0,12
0,1932,1,1,0,0,12
0,2001,1,1,0,0,12
0,2010,1,1,0,0,12
0,2027,1,1,0,0,12
0,2044,1,1,0,0,12
0,2086,1,1,0,0,12
0,2092,1,1,0,0,12
0,2123,1,1,0,0,12
0,2134,1,1,0,0,12
0,2164,1,1,0,0,12
0,2211,1,1,0,0,12
0,2232,1,1,0,0,12
0,2233,1,1,0,0,12
0,2236,1,1,0,0,12
0,2277,1,1,0,0,12
0,2299,1,1,0,0,12
0,2374,1,1,0,0,12
0,2375,1,1,0,0,12
0,2394,1,1,0,0,12
0,2474,1,1,0,0,12
0,2481,1,1,0,0,12
0,2493,1,1,0,0,12
0,3,1,1,0,0,13
0,5,1,1,0,0,13
0,9,1,1,0,0,13
0,20,1,1,0,0,13
0,28,1,1,0,0,13
0,49,1,1,0,0,13
0,52,1,1,0,0,13
0,68,1,1,0,0,13
0,70,1,1,0,0,13
0,77,1,1,0,0,13
0,88,1,1,0,0,13
0,109,1,1,0,0,13
0,131,1,1,0,0,13
0,152,1,1,0,0,13
0,168,1,1,0,0,13
0,195,1,1,0,0,13
0,236,1,1,0,0,13
0,243,1,1,0,0,13
0,274,1,1,0,0,13
0,279,1,1,0,0,13
0,293,1,1,0,0,13
0,312,1,1,0,0,13
0,331,1,1,0,0,13
0,359,1,1,0,0,13
0,377,1,1,0,0,13
0,397,1,1,0,0,13
0,405,1,1,0,0,13
0,407,1,1,0,0,13
0,418,1,1,0,0,13
0,460,1,1,0,0,13
0,490,1,1,0,0,13
0,499,1,1,0,0,13
0,501,1,1,0,0,13
0,503,1,1,0,0,13
0,508,1,1,0,0,13
0,512,1,1,0,0,13
0,520,1,1,0,0,13
0,530,1,1,0,0,13
0,534,1,1,0,0,13
0,540,1,1,0,0,13
0,570,1,1,0,0,13
0,582,1,1,0,0,13
0,586,1,1,0,0,13
0,606,1,1,0,0,13
0,608,1,1,0,0,13
0,626,1,1,0,0,13
0,637,1,1,0,0,13
0,644,1,1,0,0,13
0,660,1,1,0,0,13
0,678,1,1,0,0,13
0,695,1,1,0,0,13
0,698,1,1,0,0,13
0,740,1,1,0,0,13
0,762,1,1,0,0,13
0,822,1,1,0,0,13
0,824,1,1,0,0,13
0,862,1,1,0,0,13
0,864,1,1,0,0,13
0,880,1,1,0,0,13
0,911,1,1,0,0,13
0,914,1,1,0,0,13
0,931,1,1,0,0,13
0,939,1,1,0,0,13
0,953,1,1,0,0,13
0,954,1,1,0,0,13
0,956,1,1,0,0,13
0,974,1,1,0,0,13
0,980,1,1,0,0,13
0,998,1,1,0,0,13
0,1008,1,1,0,0,13
0,1027,1,1,0,0,13
0,1030,1,1,0,0,13
0,1041,1,1,0,0,13
0,1080,1,1,0,0,13
0,1103,1,1,0,0,13
0,1107,1,1,0,0,13
0,1116,1,1,0,0,13
0,1126,1,1,0,0,13
0,1128,1,1,0,0,13
0,1175,1,1,0,0,13
0,1183,1,1,0,0,13
0,1212,1,1,0,0,13
0,1219,1,1,0,0,13
0,1223,1,1,0,0,13
0,1247,1,1,0,0,13
0,1260,1,1,0,0,13
0,1267,1,1,0,0,13
0,1273,1,1,0,0,13
0,1293,1,1,0,0,13
0,1319,1,1,0,0,13
0,1321,1,1,0,0,13
0,1324,1,1,0,0,13
0,1363,1,1,0,0,13
0,1371,1,1,0,0,13
0,1375,1,1,0,0,13
0,1407,1,1,0,0,13
0,1433,1,1,0,0,13
0,1448,1,1,0,0,13
0,1461,1,1,0,0,13
0,1508,1,1,0,0,13
0,1517,1,1,0,0,13
0,1535,1,1,0,0,13
0,1541,1,1,0,0,13
0,1544,1,1,0,0,13
0,1545,1,1,0,0,13
0,1551,1,1,0,0,13
0,1563,1,1,0,0,13
0,1566,1,1,0,0,13
0,1578,1,1,0,0,13
0,1588,1,1,0,0,13
0,1596,1,1,0,0,13
0,1599,1,1,0,0,13
0,1611,1,1,0,0,13
0,1626,1,1,0,0,13
0,1641,1,1,0,0,13
0,1643,1,1,0,0,13
0,1649,1,1,0,0,13
0,1655,1,1,0,0,13
0,1656,1,1,0,0,13
0,1660,1,1,0,0,13
0,1663,1,1,0,0,13
0,1675,1,1,0,0,13
0,1686,1,1,0,0,13
0,1690,1,1,0,0,13
0,1712,1,1,0,0,13
0,1714,1,1,0,0,13
0,1735,1,1,0,0,13
0,1737,1,1,0,0,13
0,1776,1,1,0,0,13
0,1777,1,1,0,0,13
0,1789,1,1,0,0,13
0,1792,1,1,0,0,13
0,1804,1,1,0,0,13
0,1849,1,1,0,0,13
0,1850,1,1,0,0,13
0,1867,1,1,0,0,13
0,1892,1,1,0,0,13
0,1903,1,1,0,0,13
0,1917,1,1,0,0,13
0,1928,1,1,0,0,13
0,1958,1,1,0,0,13
0,1981,1,1,0,0,13
0,1989,1,1,0,0,13
0,1993,1,1,0,0,13
0,2003,1,1,0,0,13
0,2038,1,1,0,0,13
0,2061,1,1,0,0,13
0,2072,1,1,0,0,13
0,2090,1,1,0,0,13
0,2098,1,1,0,0,13
0,2118,1,1,0,0,13
0,2145,1,1,0,0,13
0,2149,1,1,0,0,13
0,2156,1,1,0,0,13
0,2174,1,1,0,0,13
0,2213,1,1,0,0,13
0,2216,1,1,0,0,13
0,2221,1,1,0,0,13
0,2223,1,1,0,0,13
0,2245,1,1,0,0,13
0,2257,1,1,0,0,13
0,2261,1,1,0,0,13
0,2269,1,1,0,0,13
0,2302,1,1,0,0,13
0,2330,1,1,0,0,13
0,2332,1,1,0,0,13
0,2363,1,1,0,0,13
0,2366,1,1,0,0,13
0,2371,1,1,0,0,13
0,2391,1,1,0,0,13
0,2400,1,1,0,0,13
0,2403,1,1,0,0,13
0,2406,1,1,0,0,13
0,2431,1,1,0,0,13
0,2460,1,1,0,0,13
0,2476,1,1,0,0,13
0,2485,1,1,0,0,13
0,6,1,1,0,0,14
0,8,1,1,0,0,14
0,13,1,1,0,0,14
0,36,1,1,0,0,14
0,37,1,1,0,0,14
0,43,1,1,0,0,14
0,46,1,1,0,0,14
0,51,1,1,0,0,14
0,66,1,1,0,0,14
0,73,1,1,0,0,14
0,80,1,1,0,0,14
0,91,1,1,0,0,14
0,133,1,1,0,0,14
0,134,1,1,0,0,14
0,135,1,1,0,0,14
0,169,1,1,0,0,14
0,184,1,1,0,0,14
0,250,1,1,0,0,14
0,277,1,1,0,0,14
0,288,1,1,0,0,14
0,296,1,1,0,0,14
0,329,1,1,0,0,14
0,339,1,1,0,0,14
0,341,1,1,0,0,14
0,395,1,1,0,0,14
0,399,1,1,0,0,14
0,431,1,1,0,0,14
0,442,1,1,0,0,14
0,463,1,1,0,0,14
0,474,1,1,0,0,14
0,480,1,1,0,0,14
0,489,1,1,0,0,14
0,491,1,1,0,0,14
0,517,1,1,0,0,14
0,560,1,1,0,0,14
0,581,1,1,0,0,14
0,596,1,1,0,0,14
0,636,1,1,0,0,14
0,651,1,1,0,0,14
0,661,1,1,0,0,14
0,728,1,1,0,0,14
0,799,1,1,0,0,14
0,805,1,1,0,0,14
0,874,1,1,0,0,14
0,894,1,1,0,0,14
0,913,1,1,0,0,14
0,918,1,1,0,0,14
0,929,1,1,0,0,14
0,949,1,1,0,0,14
0,972,1,1,0,0,14
0,989,1,1,0,0,14
0,1009,1,1,0,0,14
0,1036,1,1,0,0,14
0,1078,1,1,0,0,14
0,1083,1,1,0,0,14
0,1087,1,1,0,0,14
0,1100,1,1,0,0,14
0,1129,1,1,0,0,14
0,1137,1,1,0,0,14
0,1149,1,1,0,0,14
0,1165,1,1,0,0,14
0,1222,1,1,0,0,14
0,1233,1,1,0,0,14
0,1234,1,1,0,0,14
0,1291,1,1,0,0,14
0,1295,1,1,0,0,14
0,1297,1,1,0,0,14
0,1308,1,1,0,0,14
0,1315,1,1,0,0,14
0,1332,1,1,0,0,14
0,1338,1,1,0,0,14
0,1355,1,1,0,0,14
0,1370,1,1,0,0,14
0,1381,1,1,0,0,14
0,1412,1,1,0,0,14
0,1415,1,1,0,0,14
0,1442,1,1,0,0,14
0,1462,1,1,0,0,14
0,1486,1,1,0,0,14
0,1495,1,1,0,0,14
0,1498,1,1,0,0,14
0,1564,1,1,0,0,14
0,1602,1,1,0,0,14
0,1669,1,1,0,0,14
0,1687,1,1,0,0,14
0,1707,1,1,0,0,14
0,1711,1,1,0,0,14
0,1718,1,1,0,0,14
0,1742,1,1,0,0,14
0,1757,1,1,0,0,14
0,1763,1,1,0,0,14
0,1779,1,1,0,0,14
0,1814,1,1,0,0,14
0,1825,1,1,0,0,14
0,1844,1,1,0,0,14
0,1846,1,1,0,0,14
0,1865,1,1,0,0,14
0,1913,1,1,0,0,14
0,1918,1,1,0,0,14
0,1923,1,1,0,0,14
0,1945,1,1,0,0,14
0,1951,1,1,0,0,14
0,1995,1,1,0,0,14
0,2018,1,1,0,0,14
0,2023,1,1,0,0,14
0,2042,1,1,0,0,14
0,2045,1,1,0,0,14
0,2055,1,1,0,0,14
0,2058,1,1,0,0,14
0,2075,1,1,0,0,14
0,2103,1,1,0,0,14
0,2106,1,1,0,0,14
0,2113,1,1,0,0,14
0,2132,1,1,0,0,14
0,2202,1,1,0,0,14
0,2206,1,1,0,0,14
0,2214,1,1,0,0,14
0,2239,1,1,0,0,14
0,2249,1,1,0,0,14
0,2272,1,1,0,0,14
0,2275,1,1,0,0,14
0,2328,1,1,0,0,14
0,2335,1,1,0,0,14
0,2354,1,1,0,0,14
0,2393,1,1,0,0,14
0,2419,1,1,0,0,14
0,2467,1,1,0,0,14
0,2491,1,1,0,0,14
0,2492,1,1,0,0,14
